row_id,wall_time_utc,session_id,scenario_id,execution_mode,scenario_time_s,program_time_s,sample_dt_s,phase,scenario_started,vehicle_mass_kg,mass_label,steer_cmd_deg,throttle_cmd,brake_cmd,speed_mps,yaw_rad,yaw_rate_rps,mode_id,fault_flag,rtt_ms,jitter_ms,steer_ref_deg,throttle_ref,brake_ref,speed_min_mps,speed_max_mps,tol_steer_deg,tol_throttle,tol_brake,speed_in_corridor,e_speed_low,e_speed_high,e_steer_actual
1,2026-04-23T09:47:13.139Z,S20260423_104712,SC01,AUTO,,0.5097,0.5054,start,0,1500,VIDE,0.0,0.0,0.0,0.0,0.0,0.0,0,0,0.0,0.0,0.0,0.0,0.0,0.0,0.2,2.0,1.0,0.05,1,0.0,0.2,0.0
2,2026-04-23T09:47:13.149Z,S20260423_104712,SC01,AUTO,,0.5189,0.0093,start,0,1500,VIDE,0.0,0.0,0.0,0.0,0.0,0.0,0,0,0.0,0.0,0.0,0.0,0.0,0.0,0.2,2.0,1.0,0.05,1,0.0,0.2,0.0
3,2026-04-23T09:47:13.203Z,S20260423_104712,SC01,AUTO,,0.5732,0.0543,start,0,1500,VIDE,0.0,0.0,0.0,0.0,0.0,0.0,0,0,0.0,0.0,0.0,0.0,0.0,0.0,0.2,2.0,1.0,0.05,1,0.0,0.2,0.0
4,2026-04-23T09:47:13.266Z,S20260423_104712,SC01,AUTO,,0.6368,0.0635,start,0,1500,VIDE,0.0,0.0,0.0,0.0,0.0,0.0,0,0,0.0,0.0,0.0,0.0,0.0,0.0,0.2,2.0,1.0,0.05,1,0.0,0.2,0.0
5,2026-04-23T09:47:13.330Z,S20260423_104712,SC01,AUTO,,0.7006,0.0639,start,0,1500,VIDE,0.0,0.0,0.0,0.0,0.0,0.0,0,0,0.0,0.0,0.0,0.0,0.0,0.0,0.2,2.0,1.0,0.05,1,0.0,0.2,0.0
6,2026-04-23T09:47:13.394Z,S20260423_104712,SC01,AUTO,,0.7645,0.0639,start,0,1500,VIDE,0.0,0.0,0.0,0.0,0.0,0.0,0,0,0.0,0.0,0.0,0.0,0.0,0.0,0.2,2.0,1.0,0.05,1,0.0,0.2,0.0
7,2026-04-23T09:47:13.459Z,S20260423_104712,SC01,AUTO,,0.8294,0.0649,start,0,1500,VIDE,0.0,0.0,0.0,0.0,0.0,0.0,0,0,0.0,0.0,0.0,0.0,0.0,0.0,0.2,2.0,1.0,0.05,1,0.0,0.2,0.0
8,2026-04-23T09:47:13.521Z,S20260423_104712,SC01,AUTO,,0.8917,0.0623,start,0,1500,VIDE,0.0,0.0,0.0,0.0,0.0,0.0,0,0,0.0,0.0,0.0,0.0,0.0,0.0,0.2,2.0,1.0,0.05,1,0.0,0.2,0.0
9,2026-04-23T09:47:13.579Z,S20260423_104712,SC01,AUTO,,0.9492,0.0575,start,0,1500,VIDE,0.0,0.0,0.0,0.0,0.0,0.0,0,0,0.0,0.0,0.0,0.0,0.0,0.0,0.2,2.0,1.0,0.05,1,0.0,0.2,0.0
10,2026-04-23T09:47:13.643Z,S20260423_104712,SC01,AUTO,,1.0133,0.0641,start,0,1500,VIDE,0.0,0.0,0.0,0.0,0.0,0.0,0,0,0.0,0.0,0.0,0.0,0.0,0.0,0.2,2.0,1.0,0.05,1,0.0,0.2,0.0
11,2026-04-23T09:47:13.706Z,S20260423_104712,SC01,AUTO,,1.0764,0.0631,start,0,1500,VIDE,0.0,0.0,0.0,0.0,0.0,0.0,0,0,0.0,0.0,0.0,0.0,0.0,0.0,0.2,2.0,1.0,0.05,1,0.0,0.2,0.0
12,2026-04-23T09:47:13.770Z,S20260423_104712,SC01,AUTO,,1.1405,0.0641,start,0,1500,VIDE,0.0,0.0,0.0,0.0,0.0,0.0,0,0,0.0,0.0,0.0,0.0,0.0,0.0,0.2,2.0,1.0,0.05,1,0.0,0.2,0.0
13,2026-04-23T09:47:13.833Z,S20260423_104712,SC01,AUTO,,1.2034,0.0628,start,0,1500,VIDE,0.0,0.0,0.0,0.0,0.0,0.0,0,0,0.0,0.0,0.0,0.0,0.0,0.0,0.2,2.0,1.0,0.05,1,0.0,0.2,0.0
14,2026-04-23T09:47:13.895Z,S20260423_104712,SC01,AUTO,,1.2654,0.062,start,0,1500,VIDE,0.0,0.0,0.0,0.0,0.0,0.0,0,0,0.0,0.0,0.0,0.0,0.0,0.0,0.2,2.0,1.0,0.05,1,0.0,0.2,0.0
15,2026-04-23T09:47:13.954Z,S20260423_104712,SC01,AUTO,,1.3243,0.0589,start,0,1500,VIDE,0.0,0.0,0.0,0.0,0.0,0.0,0,0,0.0,0.0,0.0,0.0,0.0,0.0,0.2,2.0,1.0,0.05,1,0.0,0.2,0.0
16,2026-04-23T09:47:14.018Z,S20260423_104712,SC01,AUTO,,1.3883,0.064,start,0,1500,VIDE,0.0,0.0,0.0,0.0,0.0,0.0,0,0,0.0,0.0,0.0,0.0,0.0,0.0,0.2,2.0,1.0,0.05,1,0.0,0.2,0.0
17,2026-04-23T09:47:14.082Z,S20260423_104712,SC01,AUTO,,1.4519,0.0636,start,0,1500,VIDE,0.0,0.0,0.0,0.0,0.0,0.0,0,0,0.0,0.0,0.0,0.0,0.0,0.0,0.2,2.0,1.0,0.05,1,0.0,0.2,0.0
18,2026-04-23T09:47:14.143Z,S20260423_104712,SC01,AUTO,,1.5131,0.0612,start,0,1500,VIDE,0.0,0.0,0.0,0.0,0.0,0.0,0,0,0.0,0.0,0.0,0.0,0.0,0.0,0.2,2.0,1.0,0.05,1,0.0,0.2,0.0
19,2026-04-23T09:47:14.205Z,S20260423_104712,SC01,AUTO,,1.5751,0.062,start,0,1500,VIDE,0.0,0.0,0.0,0.0,0.0,0.0,0,0,0.0,0.0,0.0,0.0,0.0,0.0,0.2,2.0,1.0,0.05,1,0.0,0.2,0.0
20,2026-04-23T09:47:14.266Z,S20260423_104712,SC01,AUTO,,1.6366,0.0615,start,0,1500,VIDE,0.0,0.0,0.0,0.0,0.0,0.0,0,0,0.0,0.0,0.0,0.0,0.0,0.0,0.2,2.0,1.0,0.05,1,0.0,0.2,0.0
21,2026-04-23T09:47:14.328Z,S20260423_104712,SC01,AUTO,,1.6986,0.062,start,0,1500,VIDE,0.0,0.0,0.0,0.0,0.0,0.0,0,0,0.0,0.0,0.0,0.0,0.0,0.0,0.2,2.0,1.0,0.05,1,0.0,0.2,0.0
22,2026-04-23T09:47:14.402Z,S20260423_104712,SC01,AUTO,,1.7724,0.0738,start,0,1500,VIDE,0.0,0.0,0.0,0.0,0.0,0.0,0,0,0.0,0.0,0.0,0.0,0.0,0.0,0.2,2.0,1.0,0.05,1,0.0,0.2,0.0
23,2026-04-23T09:47:14.514Z,S20260423_104712,SC01,AUTO,,1.8847,0.1122,start,0,1500,VIDE,0.0,0.0,0.0,0.0,0.0,0.0,0,0,0.0,0.0,0.0,0.0,0.0,0.0,0.2,2.0,1.0,0.05,1,0.0,0.2,0.0
24,2026-04-23T09:47:14.520Z,S20260423_104712,SC01,AUTO,,1.8906,0.0059,start,0,1500,VIDE,0.0,0.0,0.0,0.0,0.0,0.0,0,0,0.0,0.0,0.0,0.0,0.0,0.0,0.2,2.0,1.0,0.05,1,0.0,0.2,0.0
25,2026-04-23T09:47:14.578Z,S20260423_104712,SC01,AUTO,,1.9487,0.0581,start,0,1500,VIDE,0.0,0.0,0.0,0.0,0.0,0.0,0,0,0.0,0.0,0.0,0.0,0.0,0.0,0.2,2.0,1.0,0.05,1,0.0,0.2,0.0
26,2026-04-23T09:47:14.643Z,S20260423_104712,SC01,AUTO,,2.0134,0.0646,start,0,1500,VIDE,0.0,0.0,0.0,0.0,0.0,0.0,0,0,0.0,0.0,0.0,0.0,0.0,0.0,0.2,2.0,1.0,0.05,1,0.0,0.2,0.0
27,2026-04-23T09:47:14.707Z,S20260423_104712,SC01,AUTO,,2.0775,0.0641,start,0,1500,VIDE,0.0,0.0,0.0,0.0,0.0,0.0,0,0,0.0,0.0,0.0,0.0,0.0,0.0,0.2,2.0,1.0,0.05,1,0.0,0.2,0.0
28,2026-04-23T09:47:14.770Z,S20260423_104712,SC01,AUTO,,2.1405,0.063,start,0,1500,VIDE,0.0,0.0,0.0,0.0,0.0,0.0,0,0,0.0,0.0,0.0,0.0,0.0,0.0,0.2,2.0,1.0,0.05,1,0.0,0.2,0.0
29,2026-04-23T09:47:14.834Z,S20260423_104712,SC01,AUTO,,2.2045,0.064,start,0,1500,VIDE,0.0,0.0,0.0,0.0,0.0,0.0,0,0,0.0,0.0,0.0,0.0,0.0,0.0,0.2,2.0,1.0,0.05,1,0.0,0.2,0.0
30,2026-04-23T09:47:14.902Z,S20260423_104712,SC01,AUTO,,2.2727,0.0681,start,0,1500,VIDE,0.0,0.0,0.0,0.0,0.0,0.0,0,0,0.0,0.0,0.0,0.0,0.0,0.0,0.2,2.0,1.0,0.05,1,0.0,0.2,0.0
31,2026-04-23T09:47:14.954Z,S20260423_104712,SC01,AUTO,,2.3243,0.0517,start,0,1500,VIDE,0.0,0.0,0.0,0.0,0.0,0.0,0,0,0.0,0.0,0.0,0.0,0.0,0.0,0.2,2.0,1.0,0.05,1,0.0,0.2,0.0
32,2026-04-23T09:47:15.018Z,S20260423_104712,SC01,AUTO,,2.3882,0.0639,start,0,1500,VIDE,0.0,0.0,0.0,0.0,0.0,0.0,0,0,0.0,0.0,0.0,0.0,0.0,0.0,0.2,2.0,1.0,0.05,1,0.0,0.2,0.0
33,2026-04-23T09:47:15.082Z,S20260423_104712,SC01,AUTO,,2.4523,0.064,start,0,1500,VIDE,0.0,0.0,0.0,0.0,0.0,0.0,0,0,0.0,0.0,0.0,0.0,0.0,0.0,0.2,2.0,1.0,0.05,1,0.0,0.2,0.0
34,2026-04-23T09:47:15.142Z,S20260423_104712,SC01,AUTO,,2.5123,0.06,start,0,1500,VIDE,0.0,0.0,0.0,0.0,0.0,0.0,0,0,0.0,0.0,0.0,0.0,0.0,0.0,0.2,2.0,1.0,0.05,1,0.0,0.2,0.0
35,2026-04-23T09:47:15.206Z,S20260423_104712,SC01,AUTO,,2.5764,0.0641,start,0,1500,VIDE,0.0,0.0,0.0,0.0,0.0,0.0,0,0,0.0,0.0,0.0,0.0,0.0,0.0,0.2,2.0,1.0,0.05,1,0.0,0.2,0.0
36,2026-04-23T09:47:15.277Z,S20260423_104712,SC01,AUTO,,2.6474,0.0709,start,0,1500,VIDE,0.0,0.0,0.0,0.0,0.0,0.0,0,0,0.0,0.0,0.0,0.0,0.0,0.0,0.2,2.0,1.0,0.05,1,0.0,0.2,0.0
37,2026-04-23T09:47:15.340Z,S20260423_104712,SC01,AUTO,,2.7102,0.0628,start,0,1500,VIDE,0.0,0.0,0.0,0.0,0.0,0.0,0,0,0.0,0.0,0.0,0.0,0.0,0.0,0.2,2.0,1.0,0.05,1,0.0,0.2,0.0
38,2026-04-23T09:47:15.401Z,S20260423_104712,SC01,AUTO,,2.7713,0.0611,start,0,1500,VIDE,0.0,0.0,0.0,0.0,0.0,0.0,0,0,0.0,0.0,0.0,0.0,0.0,0.0,0.2,2.0,1.0,0.05,1,0.0,0.2,0.0
39,2026-04-23T09:47:15.462Z,S20260423_104712,SC01,AUTO,,2.8321,0.0608,start,0,1500,VIDE,0.0,0.0,0.0,0.0,0.0,0.0,0,0,0.0,0.0,0.0,0.0,0.0,0.0,0.2,2.0,1.0,0.05,1,0.0,0.2,0.0
40,2026-04-23T09:47:15.523Z,S20260423_104712,SC01,AUTO,,2.8931,0.061,start,0,1500,VIDE,0.0,0.0,0.0,0.0,0.0,0.0,0,0,0.0,0.0,0.0,0.0,0.0,0.0,0.2,2.0,1.0,0.05,1,0.0,0.2,0.0
41,2026-04-23T09:47:15.581Z,S20260423_104712,SC01,AUTO,,2.9513,0.0582,start,0,1500,VIDE,0.0,0.0,0.0,0.0,0.0,0.0,0,0,0.0,0.0,0.0,0.0,0.0,0.0,0.2,2.0,1.0,0.05,1,0.0,0.2,0.0
42,2026-04-23T09:47:15.643Z,S20260423_104712,SC01,AUTO,,3.013,0.0617,start,0,1500,VIDE,0.0,0.0,0.0,0.0,0.0,0.0,0,0,0.0,0.0,0.0,0.0,0.0,0.0,0.2,2.0,1.0,0.05,1,0.0,0.2,0.0
43,2026-04-23T09:47:15.708Z,S20260423_104712,SC01,AUTO,,3.0787,0.0657,start,0,1500,VIDE,0.0,0.0,0.0,0.0,0.0,0.0,0,0,0.0,0.0,0.0,0.0,0.0,0.0,0.2,2.0,1.0,0.05,1,0.0,0.2,0.0
44,2026-04-23T09:47:15.769Z,S20260423_104712,SC01,AUTO,,3.1391,0.0604,start,0,1500,VIDE,0.0,0.0,0.0,0.0,0.0,0.0,0,0,0.0,0.0,0.0,0.0,0.0,0.0,0.2,2.0,1.0,0.05,1,0.0,0.2,0.0
45,2026-04-23T09:47:15.830Z,S20260423_104712,SC01,AUTO,,3.2009,0.0618,start,0,1500,VIDE,0.0,0.0,0.0,0.0,0.0,0.0,0,0,0.0,0.0,0.0,0.0,0.0,0.0,0.2,2.0,1.0,0.05,1,0.0,0.2,0.0
46,2026-04-23T09:47:15.893Z,S20260423_104712,SC01,AUTO,,3.2635,0.0626,start,0,1500,VIDE,0.0,0.0,0.0,0.0,0.0,0.0,0,0,0.0,0.0,0.0,0.0,0.0,0.0,0.2,2.0,1.0,0.05,1,0.0,0.2,0.0
47,2026-04-23T09:47:15.956Z,S20260423_104712,SC01,AUTO,,3.3265,0.063,start,0,1500,VIDE,0.0,0.0,0.0,0.0,0.0,0.0,0,0,0.0,0.0,0.0,0.0,0.0,0.0,0.2,2.0,1.0,0.05,1,0.0,0.2,0.0
48,2026-04-23T09:47:16.019Z,S20260423_104712,SC01,AUTO,,3.3891,0.0626,start,0,1500,VIDE,0.0,0.0,0.0,0.0,0.0,0.0,0,0,0.0,0.0,0.0,0.0,0.0,0.0,0.2,2.0,1.0,0.05,1,0.0,0.2,0.0
49,2026-04-23T09:47:16.079Z,S20260423_104712,SC01,AUTO,,3.4498,0.0607,start,0,1500,VIDE,0.0,0.0,0.0,0.0,0.0,0.0,0,0,0.0,0.0,0.0,0.0,0.0,0.0,0.2,2.0,1.0,0.05,1,0.0,0.2,0.0
50,2026-04-23T09:47:16.141Z,S20260423_104712,SC01,AUTO,,3.5118,0.0619,start,0,1500,VIDE,0.0,0.0,0.0,0.0,0.0,0.0,0,0,0.0,0.0,0.0,0.0,0.0,0.0,0.2,2.0,1.0,0.05,1,0.0,0.2,0.0
51,2026-04-23T09:47:16.205Z,S20260423_104712,SC01,AUTO,,3.5756,0.0638,start,0,1500,VIDE,0.0,0.0,0.0,0.0,0.0,0.0,0,0,0.0,0.0,0.0,0.0,0.0,0.0,0.2,2.0,1.0,0.05,1,0.0,0.2,0.0
52,2026-04-23T09:47:16.267Z,S20260423_104712,SC01,AUTO,,3.6371,0.0615,start,0,1500,VIDE,0.0,0.0,0.0,0.0,0.0,0.0,0,0,0.0,0.0,0.0,0.0,0.0,0.0,0.2,2.0,1.0,0.05,1,0.0,0.2,0.0
53,2026-04-23T09:47:16.329Z,S20260423_104712,SC01,AUTO,,3.6998,0.0627,start,0,1500,VIDE,0.0,0.0,0.0,0.0,0.0,0.0,0,0,0.0,0.0,0.0,0.0,0.0,0.0,0.2,2.0,1.0,0.05,1,0.0,0.2,0.0
54,2026-04-23T09:47:16.392Z,S20260423_104712,SC01,AUTO,,3.762,0.0622,start,0,1500,VIDE,0.0,0.0,0.0,0.0,0.0,0.0,0,0,0.0,0.0,0.0,0.0,0.0,0.0,0.2,2.0,1.0,0.05,1,0.0,0.2,0.0
55,2026-04-23T09:47:16.454Z,S20260423_104712,SC01,AUTO,,3.8249,0.0629,start,0,1500,VIDE,0.0,0.0,0.0,0.0,0.0,0.0,0,0,0.0,0.0,0.0,0.0,0.0,0.0,0.2,2.0,1.0,0.05,1,0.0,0.2,0.0
56,2026-04-23T09:47:16.515Z,S20260423_104712,SC01,AUTO,,3.8858,0.061,start,0,1500,VIDE,0.0,0.0,0.0,0.0,0.0,0.0,0,0,0.0,0.0,0.0,0.0,0.0,0.0,0.2,2.0,1.0,0.05,1,0.0,0.2,0.0
57,2026-04-23T09:47:16.579Z,S20260423_104712,SC01,AUTO,,3.9492,0.0634,start,0,1500,VIDE,0.0,0.0,0.0,0.0,0.0,0.0,0,0,0.0,0.0,0.0,0.0,0.0,0.0,0.2,2.0,1.0,0.05,1,0.0,0.2,0.0
58,2026-04-23T09:47:16.643Z,S20260423_104712,SC01,AUTO,,4.0138,0.0646,start,0,1500,VIDE,0.0,0.0,0.0,0.0,0.0,0.0,0,0,0.0,0.0,0.0,0.0,0.0,0.0,0.2,2.0,1.0,0.05,1,0.0,0.2,0.0
59,2026-04-23T09:47:16.703Z,S20260423_104712,SC01,AUTO,,4.0733,0.0595,start,0,1500,VIDE,0.0,0.0,0.0,0.0,0.0,0.0,0,0,0.0,0.0,0.0,0.0,0.0,0.0,0.2,2.0,1.0,0.05,1,0.0,0.2,0.0
60,2026-04-23T09:47:16.770Z,S20260423_104712,SC01,AUTO,,4.14,0.0667,start,0,1500,VIDE,0.0,0.0,0.0,0.0,0.0,0.0,0,0,0.0,0.0,0.0,0.0,0.0,0.0,0.2,2.0,1.0,0.05,1,0.0,0.2,0.0
61,2026-04-23T09:47:16.839Z,S20260423_104712,SC01,AUTO,,4.2098,0.0698,start,0,1500,VIDE,0.0,0.0,0.0,0.0,0.0,0.0,0,0,0.0,0.0,0.0,0.0,0.0,0.0,0.2,2.0,1.0,0.05,1,0.0,0.2,0.0
62,2026-04-23T09:47:16.892Z,S20260423_104712,SC01,AUTO,,4.262,0.0522,start,0,1500,VIDE,0.0,0.0,0.0,0.0,0.0,0.0,0,0,0.0,0.0,0.0,0.0,0.0,0.0,0.2,2.0,1.0,0.05,1,0.0,0.2,0.0
63,2026-04-23T09:47:16.963Z,S20260423_104712,SC01,AUTO,,4.3334,0.0714,start,0,1500,VIDE,0.0,0.0,0.0,0.0,0.0,0.0,0,0,0.0,0.0,0.0,0.0,0.0,0.0,0.2,2.0,1.0,0.05,1,0.0,0.2,0.0
64,2026-04-23T09:47:17.023Z,S20260423_104712,SC01,AUTO,,4.3934,0.06,start,0,1500,VIDE,0.0,0.0,0.0,0.0,0.0,0.0,0,0,0.0,0.0,0.0,0.0,0.0,0.0,0.2,2.0,1.0,0.05,1,0.0,0.2,0.0
65,2026-04-23T09:47:17.083Z,S20260423_104712,SC01,AUTO,,4.4533,0.0599,start,0,1500,VIDE,0.0,0.0,0.0,0.0,0.0,0.0,0,0,0.0,0.0,0.0,0.0,0.0,0.0,0.2,2.0,1.0,0.05,1,0.0,0.2,0.0
66,2026-04-23T09:47:17.142Z,S20260423_104712,SC01,AUTO,,4.5127,0.0593,start,0,1500,VIDE,0.0,0.0,0.0,0.0,0.0,0.0,0,0,0.0,0.0,0.0,0.0,0.0,0.0,0.2,2.0,1.0,0.05,1,0.0,0.2,0.0
67,2026-04-23T09:47:17.216Z,S20260423_104712,SC01,AUTO,,4.5863,0.0736,start,0,1500,VIDE,0.0,0.0,0.0,0.0,0.0,0.0,0,0,0.0,0.0,0.0,0.0,0.0,0.0,0.2,2.0,1.0,0.05,1,0.0,0.2,0.0
68,2026-04-23T09:47:17.276Z,S20260423_104712,SC01,AUTO,,4.646,0.0597,start,0,1500,VIDE,0.0,0.0,0.0,0.0,0.0,0.0,0,0,0.0,0.0,0.0,0.0,0.0,0.0,0.2,2.0,1.0,0.05,1,0.0,0.2,0.0
69,2026-04-23T09:47:17.340Z,S20260423_104712,SC01,AUTO,,4.7102,0.0642,start,0,1500,VIDE,0.0,0.0,0.0,0.0,0.0,0.0,0,0,0.0,0.0,0.0,0.0,0.0,0.0,0.2,2.0,1.0,0.05,1,0.0,0.2,0.0
70,2026-04-23T09:47:17.402Z,S20260423_104712,SC01,AUTO,,4.7725,0.0623,start,0,1500,VIDE,0.0,0.0,0.0,0.0,0.0,0.0,0,0,0.0,0.0,0.0,0.0,0.0,0.0,0.2,2.0,1.0,0.05,1,0.0,0.2,0.0
71,2026-04-23T09:47:17.463Z,S20260423_104712,SC01,AUTO,,4.8334,0.0609,start,0,1500,VIDE,0.0,0.0,0.0,0.0,0.0,0.0,0,0,0.0,0.0,0.0,0.0,0.0,0.0,0.2,2.0,1.0,0.05,1,0.0,0.2,0.0
72,2026-04-23T09:47:17.518Z,S20260423_104712,SC01,AUTO,,4.8883,0.055,start,0,1500,VIDE,0.0,0.0,0.0,0.0,0.0,0.0,0,0,0.0,0.0,0.0,0.0,0.0,0.0,0.2,2.0,1.0,0.05,1,0.0,0.2,0.0
73,2026-04-23T09:47:17.579Z,S20260423_104712,SC01,AUTO,,4.9492,0.0609,start,0,1500,VIDE,0.0,0.0,0.0,0.0,0.0,0.0,0,0,0.0,0.0,0.0,0.0,0.0,0.0,0.2,2.0,1.0,0.05,1,0.0,0.2,0.0
74,2026-04-23T09:47:17.643Z,S20260423_104712,SC01,AUTO,,5.0134,0.0642,start,0,1500,VIDE,0.0,0.0,0.0,0.0,0.0,0.0,0,0,0.0,0.0,0.0,0.0,0.0,0.0,0.2,2.0,1.0,0.05,1,0.0,0.2,0.0
75,2026-04-23T09:47:17.703Z,S20260423_104712,SC01,AUTO,,5.0733,0.0599,start,0,1500,VIDE,0.0,0.0,0.0,0.0,0.0,0.0,0,0,0.0,0.0,0.0,0.0,0.0,0.0,0.2,2.0,1.0,0.05,1,0.0,0.2,0.0
76,2026-04-23T09:47:17.778Z,S20260423_104712,SC01,AUTO,,5.1487,0.0754,start,0,1500,VIDE,0.0,0.0,0.0,0.0,0.0,0.0,0,0,0.0,0.0,0.0,0.0,0.0,0.0,0.2,2.0,1.0,0.05,1,0.0,0.2,0.0
77,2026-04-23T09:47:17.841Z,S20260423_104712,SC01,AUTO,,5.211,0.0622,start,0,1500,VIDE,0.0,0.0,0.0,0.0,0.0,0.0,0,0,0.0,0.0,0.0,0.0,0.0,0.0,0.2,2.0,1.0,0.05,1,0.0,0.2,0.0
78,2026-04-23T09:47:17.903Z,S20260423_104712,SC01,AUTO,,5.2732,0.0622,start,0,1500,VIDE,0.0,0.0,0.0,0.0,0.0,0.0,0,0,0.0,0.0,0.0,0.0,0.0,0.0,0.2,2.0,1.0,0.05,1,0.0,0.2,0.0
79,2026-04-23T09:47:17.960Z,S20260423_104712,SC01,AUTO,,5.3303,0.0571,start,0,1500,VIDE,0.0,0.0,0.0,0.0,0.0,0.0,0,0,0.0,0.0,0.0,0.0,0.0,0.0,0.2,2.0,1.0,0.05,1,0.0,0.2,0.0
80,2026-04-23T09:47:18.023Z,S20260423_104712,SC01,AUTO,,5.3932,0.0629,start,0,1500,VIDE,0.0,0.0,0.0,0.0,0.0,0.0,0,0,0.0,0.0,0.0,0.0,0.0,0.0,0.2,2.0,1.0,0.05,1,0.0,0.2,0.0
81,2026-04-23T09:47:18.083Z,S20260423_104712,SC01,AUTO,,5.4533,0.0602,start,0,1500,VIDE,0.0,0.0,0.0,0.0,0.0,0.0,0,0,0.0,0.0,0.0,0.0,0.0,0.0,0.2,2.0,1.0,0.05,1,0.0,0.2,0.0
82,2026-04-23T09:47:18.143Z,S20260423_104712,SC01,AUTO,,5.5135,0.0601,start,0,1500,VIDE,0.0,0.0,0.0,0.0,0.0,0.0,0,0,0.0,0.0,0.0,0.0,0.0,0.0,0.2,2.0,1.0,0.05,1,0.0,0.2,0.0
83,2026-04-23T09:47:18.213Z,S20260423_104712,SC01,AUTO,,5.5834,0.07,start,0,1500,VIDE,0.0,0.0,0.0,0.0,0.0,0.0,0,0,0.0,0.0,0.0,0.0,0.0,0.0,0.2,2.0,1.0,0.05,1,0.0,0.2,0.0
84,2026-04-23T09:47:18.275Z,S20260423_104712,SC01,AUTO,,5.6453,0.0619,start,0,1500,VIDE,0.0,0.0,0.0,0.0,0.0,0.0,0,0,0.0,0.0,0.0,0.0,0.0,0.0,0.2,2.0,1.0,0.05,1,0.0,0.2,0.0
85,2026-04-23T09:47:18.332Z,S20260423_104712,SC01,AUTO,,5.7019,0.0566,start,0,1500,VIDE,0.0,0.0,0.0,0.0,0.0,0.0,0,0,0.0,0.0,0.0,0.0,0.0,0.0,0.2,2.0,1.0,0.05,1,0.0,0.2,0.0
86,2026-04-23T09:47:18.395Z,S20260423_104712,SC01,AUTO,,5.765,0.0631,start,0,1500,VIDE,0.0,0.0,0.0,0.0,0.0,0.0,0,0,0.0,0.0,0.0,0.0,0.0,0.0,0.2,2.0,1.0,0.05,1,0.0,0.2,0.0
87,2026-04-23T09:47:18.459Z,S20260423_104712,SC01,AUTO,,5.8291,0.0642,start,0,1500,VIDE,0.0,0.0,0.0,0.0,0.0,0.0,0,0,0.0,0.0,0.0,0.0,0.0,0.0,0.2,2.0,1.0,0.05,1,0.0,0.2,0.0
88,2026-04-23T09:47:18.523Z,S20260423_104712,SC01,AUTO,,5.8932,0.0641,start,0,1500,VIDE,0.0,0.0,0.0,0.0,0.0,0.0,0,0,0.0,0.0,0.0,0.0,0.0,0.0,0.2,2.0,1.0,0.05,1,0.0,0.2,0.0
89,2026-04-23T09:47:18.582Z,S20260423_104712,SC01,AUTO,,5.9526,0.0594,start,0,1500,VIDE,0.0,0.0,0.0,0.0,0.0,0.0,0,0,0.0,0.0,0.0,0.0,0.0,0.0,0.2,2.0,1.0,0.05,1,0.0,0.2,0.0
90,2026-04-23T09:47:18.643Z,S20260423_104712,SC01,AUTO,,6.0134,0.0608,start,0,1500,VIDE,0.0,0.0,0.0,0.0,0.0,0.0,0,0,0.0,0.0,0.0,0.0,0.0,0.0,0.2,2.0,1.0,0.05,1,0.0,0.2,0.0
91,2026-04-23T09:47:18.706Z,S20260423_104712,SC01,AUTO,,6.0767,0.0633,start,0,1500,VIDE,0.0,0.0,0.0,0.0,0.0,0.0,0,0,0.0,0.0,0.0,0.0,0.0,0.0,0.2,2.0,1.0,0.05,1,0.0,0.2,0.0
92,2026-04-23T09:47:18.770Z,S20260423_104712,SC01,AUTO,,6.1407,0.064,start,0,1500,VIDE,0.0,0.0,0.0,0.0,0.0,0.0,0,0,0.0,0.0,0.0,0.0,0.0,0.0,0.2,2.0,1.0,0.05,1,0.0,0.2,0.0
93,2026-04-23T09:47:18.834Z,S20260423_104712,SC01,AUTO,,6.2046,0.0639,start,0,1500,VIDE,0.0,0.0,0.0,0.0,0.0,0.0,0,0,0.0,0.0,0.0,0.0,0.0,0.0,0.2,2.0,1.0,0.05,1,0.0,0.2,0.0
94,2026-04-23T09:47:18.897Z,S20260423_104712,SC01,AUTO,,6.2678,0.0632,start,0,1500,VIDE,0.0,0.0,0.0,0.0,0.0,0.0,0,0,0.0,0.0,0.0,0.0,0.0,0.0,0.2,2.0,1.0,0.05,1,0.0,0.2,0.0
95,2026-04-23T09:47:18.959Z,S20260423_104712,SC01,AUTO,,6.3294,0.0615,start,0,1500,VIDE,0.0,0.0,0.0,0.0,0.0,0.0,0,0,0.0,0.0,0.0,0.0,0.0,0.0,0.2,2.0,1.0,0.05,1,0.0,0.2,0.0
96,2026-04-23T09:47:19.022Z,S20260423_104712,SC01,AUTO,,6.3921,0.0627,start,0,1500,VIDE,0.0,0.0,0.0,0.0,0.0,0.0,0,0,0.0,0.0,0.0,0.0,0.0,0.0,0.2,2.0,1.0,0.05,1,0.0,0.2,0.0
97,2026-04-23T09:47:19.082Z,S20260423_104712,SC01,AUTO,,6.4527,0.0606,start,0,1500,VIDE,0.0,0.0,0.0,0.0,0.0,0.0,0,0,0.0,0.0,0.0,0.0,0.0,0.0,0.2,2.0,1.0,0.05,1,0.0,0.2,0.0
98,2026-04-23T09:47:19.142Z,S20260423_104712,SC01,AUTO,,6.5124,0.0597,start,0,1500,VIDE,0.0,0.0,0.0,0.0,0.0,0.0,0,0,0.0,0.0,0.0,0.0,0.0,0.0,0.2,2.0,1.0,0.05,1,0.0,0.2,0.0
99,2026-04-23T09:47:19.203Z,S20260423_104712,SC01,AUTO,,6.5736,0.0612,start,0,1500,VIDE,0.0,0.0,0.0,0.0,0.0,0.0,0,0,0.0,0.0,0.0,0.0,0.0,0.0,0.2,2.0,1.0,0.05,1,0.0,0.2,0.0
100,2026-04-23T09:47:19.267Z,S20260423_104712,SC01,AUTO,,6.6371,0.0635,start,0,1500,VIDE,0.0,0.0,0.0,0.0,0.0,0.0,0,0,0.0,0.0,0.0,0.0,0.0,0.0,0.2,2.0,1.0,0.05,1,0.0,0.2,0.0
101,2026-04-23T09:47:19.331Z,S20260423_104712,SC01,AUTO,,6.7009,0.0638,start,0,1500,VIDE,0.0,0.0,0.0,0.0,0.0,0.0,0,0,0.0,0.0,0.0,0.0,0.0,0.0,0.2,2.0,1.0,0.05,1,0.0,0.2,0.0
102,2026-04-23T09:47:19.395Z,S20260423_104712,SC01,AUTO,,6.7651,0.0642,start,0,1500,VIDE,0.0,0.0,0.0,0.0,0.0,0.0,0,0,0.0,0.0,0.0,0.0,0.0,0.0,0.2,2.0,1.0,0.05,1,0.0,0.2,0.0
103,2026-04-23T09:47:19.459Z,S20260423_104712,SC01,AUTO,,6.8291,0.064,start,0,1500,VIDE,0.0,0.0,0.0,0.0,0.0,0.0,0,0,0.0,0.0,0.0,0.0,0.0,0.0,0.2,2.0,1.0,0.05,1,0.0,0.2,0.0
104,2026-04-23T09:47:19.516Z,S20260423_104712,SC01,AUTO,,6.8867,0.0576,start,0,1500,VIDE,0.0,0.0,0.0,0.0,0.0,0.0,0,0,0.0,0.0,0.0,0.0,0.0,0.0,0.2,2.0,1.0,0.05,1,0.0,0.2,0.0
105,2026-04-23T09:47:19.579Z,S20260423_104712,SC01,AUTO,,6.949,0.0623,start,0,1500,VIDE,0.0,0.0,0.0,0.0,0.0,0.0,0,0,0.0,0.0,0.0,0.0,0.0,0.0,0.2,2.0,1.0,0.05,1,0.0,0.2,0.0
106,2026-04-23T09:47:19.643Z,S20260423_104712,SC01,AUTO,,7.0133,0.0643,start,0,1500,VIDE,0.0,0.0,0.0,0.0,0.0,0.0,0,0,0.0,0.0,0.0,0.0,0.0,0.0,0.2,2.0,1.0,0.05,1,0.0,0.2,0.0
107,2026-04-23T09:47:19.703Z,S20260423_104712,SC01,AUTO,,7.0737,0.0604,start,0,1500,VIDE,0.0,0.0,0.0,0.0,0.0,0.0,0,0,0.0,0.0,0.0,0.0,0.0,0.0,0.2,2.0,1.0,0.05,1,0.0,0.2,0.0
108,2026-04-23T09:47:19.772Z,S20260423_104712,SC01,AUTO,,7.1425,0.0688,start,0,1500,VIDE,0.0,0.0,0.0,0.0,0.0,0.0,0,0,0.0,0.0,0.0,0.0,0.0,0.0,0.2,2.0,1.0,0.05,1,0.0,0.2,0.0
109,2026-04-23T09:47:19.835Z,S20260423_104712,SC01,AUTO,,7.205,0.0625,start,0,1500,VIDE,0.0,0.0,0.0,0.0,0.0,0.0,0,0,0.0,0.0,0.0,0.0,0.0,0.0,0.2,2.0,1.0,0.05,1,0.0,0.2,0.0
110,2026-04-23T09:47:19.898Z,S20260423_104712,SC01,AUTO,,7.2688,0.0637,start,0,1500,VIDE,0.0,0.0,0.0,0.0,0.0,0.0,0,0,0.0,0.0,0.0,0.0,0.0,0.0,0.2,2.0,1.0,0.05,1,0.0,0.2,0.0
111,2026-04-23T09:47:19.960Z,S20260423_104712,SC01,AUTO,,7.3307,0.062,start,0,1500,VIDE,0.0,0.0,0.0,0.0,0.0,0.0,0,0,0.0,0.0,0.0,0.0,0.0,0.0,0.2,2.0,1.0,0.05,1,0.0,0.2,0.0
112,2026-04-23T09:47:20.022Z,S20260423_104712,SC01,AUTO,,7.392,0.0613,start,0,1500,VIDE,0.0,0.0,0.0,0.0,0.0,0.0,0,0,0.0,0.0,0.0,0.0,0.0,0.0,0.2,2.0,1.0,0.05,1,0.0,0.2,0.0
113,2026-04-23T09:47:20.083Z,S20260423_104712,SC01,AUTO,,7.4531,0.0611,start,0,1500,VIDE,0.0,0.0,0.0,0.0,0.0,0.0,0,0,0.0,0.0,0.0,0.0,0.0,0.0,0.2,2.0,1.0,0.05,1,0.0,0.2,0.0
114,2026-04-23T09:47:20.142Z,S20260423_104712,SC01,AUTO,,7.5127,0.0596,start,0,1500,VIDE,0.0,0.0,0.0,0.0,0.0,0.0,0,0,0.0,0.0,0.0,0.0,0.0,0.0,0.2,2.0,1.0,0.05,1,0.0,0.2,0.0
115,2026-04-23T09:47:20.203Z,S20260423_104712,SC01,AUTO,,7.5738,0.0611,start,0,1500,VIDE,0.0,0.0,0.0,0.0,0.0,0.0,0,0,0.0,0.0,0.0,0.0,0.0,0.0,0.2,2.0,1.0,0.05,1,0.0,0.2,0.0
116,2026-04-23T09:47:20.267Z,S20260423_104712,SC01,AUTO,,7.637,0.0632,start,0,1500,VIDE,0.0,0.0,0.0,0.0,0.0,0.0,0,0,0.0,0.0,0.0,0.0,0.0,0.0,0.2,2.0,1.0,0.05,1,0.0,0.2,0.0
117,2026-04-23T09:47:20.331Z,S20260423_104712,SC01,AUTO,,7.7009,0.064,start,0,1500,VIDE,0.0,0.0,0.0,0.0,0.0,0.0,0,0,0.0,0.0,0.0,0.0,0.0,0.0,0.2,2.0,1.0,0.05,1,0.0,0.2,0.0
118,2026-04-23T09:47:20.393Z,S20260423_104712,SC01,AUTO,,7.7638,0.0629,start,0,1500,VIDE,0.0,0.0,0.0,0.0,0.0,0.0,0,0,0.0,0.0,0.0,0.0,0.0,0.0,0.2,2.0,1.0,0.05,1,0.0,0.2,0.0
119,2026-04-23T09:47:20.455Z,S20260423_104712,SC01,AUTO,,7.8256,0.0617,start,0,1500,VIDE,0.0,0.0,0.0,0.0,0.0,0.0,0,0,0.0,0.0,0.0,0.0,0.0,0.0,0.2,2.0,1.0,0.05,1,0.0,0.2,0.0
120,2026-04-23T09:47:20.517Z,S20260423_104712,SC01,AUTO,,7.8873,0.0618,start,0,1500,VIDE,0.0,0.0,0.0,0.0,0.0,0.0,0,0,0.0,0.0,0.0,0.0,0.0,0.0,0.2,2.0,1.0,0.05,1,0.0,0.2,0.0
121,2026-04-23T09:47:20.579Z,S20260423_104712,SC01,AUTO,,7.9489,0.0615,start,0,1500,VIDE,0.0,0.0,0.0,0.0,0.0,0.0,0,0,0.0,0.0,0.0,0.0,0.0,0.0,0.2,2.0,1.0,0.05,1,0.0,0.2,0.0
122,2026-04-23T09:47:20.643Z,S20260423_104712,SC01,AUTO,,8.0135,0.0646,start,0,1500,VIDE,0.0,0.0,0.0,0.0,0.0,0.0,0,0,0.0,0.0,0.0,0.0,0.0,0.0,0.2,2.0,1.0,0.05,1,0.0,0.2,0.0
123,2026-04-23T09:47:20.707Z,S20260423_104712,SC01,AUTO,,8.077,0.0635,start,0,1500,VIDE,0.0,0.0,0.0,0.0,0.0,0.0,0,0,0.0,0.0,0.0,0.0,0.0,0.0,0.2,2.0,1.0,0.05,1,0.0,0.2,0.0
124,2026-04-23T09:47:20.767Z,S20260423_104712,SC01,AUTO,,8.1376,0.0606,start,0,1500,VIDE,0.0,0.0,0.0,0.0,0.0,0.0,0,0,0.0,0.0,0.0,0.0,0.0,0.0,0.2,2.0,1.0,0.05,1,0.0,0.2,0.0
125,2026-04-23T09:47:20.830Z,S20260423_104712,SC01,AUTO,,8.2003,0.0627,start,0,1500,VIDE,0.0,0.0,0.0,0.0,0.0,0.0,0,0,0.0,0.0,0.0,0.0,0.0,0.0,0.2,2.0,1.0,0.05,1,0.0,0.2,0.0
126,2026-04-23T09:47:20.892Z,S20260423_104712,SC01,AUTO,,8.2626,0.0623,start,0,1500,VIDE,0.0,0.0,0.0,0.0,0.0,0.0,0,0,0.0,0.0,0.0,0.0,0.0,0.0,0.2,2.0,1.0,0.05,1,0.0,0.2,0.0
127,2026-04-23T09:47:20.954Z,S20260423_104712,SC01,AUTO,,8.3243,0.0617,start,0,1500,VIDE,0.0,0.0,0.0,0.0,0.0,0.0,0,0,0.0,0.0,0.0,0.0,0.0,0.0,0.2,2.0,1.0,0.05,1,0.0,0.2,0.0
128,2026-04-23T09:47:21.017Z,S20260423_104712,SC01,AUTO,,8.3869,0.0626,start,0,1500,VIDE,0.0,0.0,0.0,0.0,0.0,0.0,0,0,0.0,0.0,0.0,0.0,0.0,0.0,0.2,2.0,1.0,0.05,1,0.0,0.2,0.0
129,2026-04-23T09:47:21.079Z,S20260423_104712,SC01,AUTO,,8.4493,0.0623,start,0,1500,VIDE,0.0,0.0,0.0,0.0,0.0,0.0,0,0,0.0,0.0,0.0,0.0,0.0,0.0,0.2,2.0,1.0,0.05,1,0.0,0.2,0.0
130,2026-04-23T09:47:21.141Z,S20260423_104712,SC01,AUTO,,8.5112,0.0619,start,0,1500,VIDE,0.0,0.0,0.0,0.0,0.0,0.0,0,0,0.0,0.0,0.0,0.0,0.0,0.0,0.2,2.0,1.0,0.05,1,0.0,0.2,0.0
131,2026-04-23T09:47:21.203Z,S20260423_104712,SC01,AUTO,,8.5735,0.0623,start,0,1500,VIDE,0.0,0.0,0.0,0.0,0.0,0.0,0,0,0.0,0.0,0.0,0.0,0.0,0.0,0.2,2.0,1.0,0.05,1,0.0,0.2,0.0
132,2026-04-23T09:47:21.280Z,S20260423_104712,SC01,AUTO,,8.6505,0.0769,start,0,1500,VIDE,0.0,0.0,0.0,0.0,0.0,0.0,0,0,0.0,0.0,0.0,0.0,0.0,0.0,0.2,2.0,1.0,0.05,1,0.0,0.2,0.0
133,2026-04-23T09:47:21.329Z,S20260423_104712,SC01,AUTO,,8.6991,0.0486,start,0,1500,VIDE,0.0,0.0,0.0,0.0,0.0,0.0,0,0,0.0,0.0,0.0,0.0,0.0,0.0,0.2,2.0,1.0,0.05,1,0.0,0.2,0.0
134,2026-04-23T09:47:21.395Z,S20260423_104712,SC01,AUTO,,8.7654,0.0664,start,0,1500,VIDE,0.0,0.0,0.0,0.0,0.0,0.0,0,0,0.0,0.0,0.0,0.0,0.0,0.0,0.2,2.0,1.0,0.05,1,0.0,0.2,0.0
135,2026-04-23T09:47:21.454Z,S20260423_104712,SC01,AUTO,,8.8239,0.0585,start,0,1500,VIDE,0.0,0.0,0.0,0.0,0.0,0.0,0,0,0.0,0.0,0.0,0.0,0.0,0.0,0.2,2.0,1.0,0.05,1,0.0,0.2,0.0
136,2026-04-23T09:47:21.516Z,S20260423_104712,SC01,AUTO,,8.886,0.0621,start,0,1500,VIDE,0.0,0.0,0.0,0.0,0.0,0.0,0,0,0.0,0.0,0.0,0.0,0.0,0.0,0.2,2.0,1.0,0.05,1,0.0,0.2,0.0
137,2026-04-23T09:47:21.583Z,S20260423_104712,SC01,AUTO,,8.9534,0.0674,start,0,1500,VIDE,0.0,0.0,0.0,0.0,0.0,0.0,0,0,0.0,0.0,0.0,0.0,0.0,0.0,0.2,2.0,1.0,0.05,1,0.0,0.2,0.0
138,2026-04-23T09:47:21.643Z,S20260423_104712,SC01,AUTO,,9.0136,0.0602,start,0,1500,VIDE,0.0,0.0,0.0,0.0,0.0,0.0,0,0,0.0,0.0,0.0,0.0,0.0,0.0,0.2,2.0,1.0,0.05,1,0.0,0.2,0.0
139,2026-04-23T09:47:21.703Z,S20260423_104712,SC01,AUTO,,9.0735,0.0599,start,0,1500,VIDE,0.0,0.0,0.0,0.0,0.0,0.0,0,0,0.0,0.0,0.0,0.0,0.0,0.0,0.2,2.0,1.0,0.05,1,0.0,0.2,0.0
140,2026-04-23T09:47:21.768Z,S20260423_104712,SC01,AUTO,,9.1381,0.0645,start,0,1500,VIDE,0.0,0.0,0.0,0.0,0.0,0.0,0,0,0.0,0.0,0.0,0.0,0.0,0.0,0.2,2.0,1.0,0.05,1,0.0,0.2,0.0
141,2026-04-23T09:47:21.831Z,S20260423_104712,SC01,AUTO,,9.2018,0.0638,start,0,1500,VIDE,0.0,0.0,0.0,0.0,0.0,0.0,0,0,0.0,0.0,0.0,0.0,0.0,0.0,0.2,2.0,1.0,0.05,1,0.0,0.2,0.0
142,2026-04-23T09:47:21.895Z,S20260423_104712,SC01,AUTO,,9.2654,0.0635,start,0,1500,VIDE,0.0,0.0,0.0,0.0,0.0,0.0,0,0,0.0,0.0,0.0,0.0,0.0,0.0,0.2,2.0,1.0,0.05,1,0.0,0.2,0.0
143,2026-04-23T09:47:21.960Z,S20260423_104712,SC01,AUTO,,9.3304,0.065,start,0,1500,VIDE,0.0,0.0,0.0,0.0,0.0,0.0,0,0,0.0,0.0,0.0,0.0,0.0,0.0,0.2,2.0,1.0,0.05,1,0.0,0.2,0.0
144,2026-04-23T09:47:22.022Z,S20260423_104712,SC01,AUTO,,9.3925,0.0621,start,0,1500,VIDE,0.0,0.0,0.0,0.0,0.0,0.0,0,0,0.0,0.0,0.0,0.0,0.0,0.0,0.2,2.0,1.0,0.05,1,0.0,0.2,0.0
145,2026-04-23T09:47:22.078Z,S20260423_104712,SC01,AUTO,,9.4485,0.056,start,0,1500,VIDE,0.0,0.0,0.0,0.0,0.0,0.0,0,0,0.0,0.0,0.0,0.0,0.0,0.0,0.2,2.0,1.0,0.05,1,0.0,0.2,0.0
146,2026-04-23T09:47:22.142Z,S20260423_104712,SC01,AUTO,,9.5122,0.0638,start,0,1500,VIDE,0.0,0.0,0.0,0.0,0.0,0.0,0,0,0.0,0.0,0.0,0.0,0.0,0.0,0.2,2.0,1.0,0.05,1,0.0,0.2,0.0
147,2026-04-23T09:47:22.203Z,S20260423_104712,SC01,AUTO,,9.5736,0.0614,start,0,1500,VIDE,0.0,0.0,0.0,0.0,0.0,0.0,0,0,0.0,0.0,0.0,0.0,0.0,0.0,0.2,2.0,1.0,0.05,1,0.0,0.2,0.0
148,2026-04-23T09:47:22.271Z,S20260423_104712,SC01,AUTO,,9.6411,0.0674,start,0,1500,VIDE,0.0,0.0,0.0,0.0,0.0,0.0,0,0,0.0,0.0,0.0,0.0,0.0,0.0,0.2,2.0,1.0,0.05,1,0.0,0.2,0.0
149,2026-04-23T09:47:22.329Z,S20260423_104712,SC01,AUTO,,9.6992,0.0582,start,0,1500,VIDE,0.0,0.0,0.0,0.0,0.0,0.0,0,0,0.0,0.0,0.0,0.0,0.0,0.0,0.2,2.0,1.0,0.05,1,0.0,0.2,0.0
150,2026-04-23T09:47:22.391Z,S20260423_104712,SC01,AUTO,,9.7616,0.0624,start,0,1500,VIDE,0.0,0.0,0.0,0.0,0.0,0.0,0,0,0.0,0.0,0.0,0.0,0.0,0.0,0.2,2.0,1.0,0.05,1,0.0,0.2,0.0
151,2026-04-23T09:47:22.456Z,S20260423_104712,SC01,AUTO,,9.8262,0.0645,start,0,1500,VIDE,0.0,0.0,0.0,0.0,0.0,0.0,0,0,0.0,0.0,0.0,0.0,0.0,0.0,0.2,2.0,1.0,0.05,1,0.0,0.2,0.0
152,2026-04-23T09:47:22.519Z,S20260423_104712,SC01,AUTO,,9.8895,0.0633,start,0,1500,VIDE,0.0,0.0,0.0,0.0,0.0,0.0,0,0,0.0,0.0,0.0,0.0,0.0,0.0,0.2,2.0,1.0,0.05,1,0.0,0.2,0.0
153,2026-04-23T09:47:22.582Z,S20260423_104712,SC01,AUTO,,9.9521,0.0626,start,0,1500,VIDE,0.0,0.0,0.0,0.0,0.0,0.0,0,0,0.0,0.0,0.0,0.0,0.0,0.0,0.2,2.0,1.0,0.05,1,0.0,0.2,0.0
154,2026-04-23T09:47:22.643Z,S20260423_104712,SC01,AUTO,,10.0131,0.061,start,0,1500,VIDE,0.0,0.0,0.0,0.0,0.0,0.0,0,0,0.0,0.0,0.0,0.0,0.0,0.0,0.2,2.0,1.0,0.05,1,0.0,0.2,0.0
155,2026-04-23T09:47:22.707Z,S20260423_104712,SC01,AUTO,,10.077,0.064,start,0,1500,VIDE,0.0,0.0,0.0,0.0,0.0,0.0,0,0,0.0,0.0,0.0,0.0,0.0,0.0,0.2,2.0,1.0,0.05,1,0.0,0.2,0.0
156,2026-04-23T09:47:22.768Z,S20260423_104712,SC01,AUTO,,10.1388,0.0618,start,0,1500,VIDE,0.0,0.0,0.0,0.0,0.0,0.0,0,0,0.0,0.0,0.0,0.0,0.0,0.0,0.2,2.0,1.0,0.05,1,0.0,0.2,0.0
157,2026-04-23T09:47:22.830Z,S20260423_104712,SC01,AUTO,,10.2003,0.0615,start,0,1500,VIDE,0.0,0.0,0.0,0.0,0.0,0.0,0,0,0.0,0.0,0.0,0.0,0.0,0.0,0.2,2.0,1.0,0.05,1,0.0,0.2,0.0
158,2026-04-23T09:47:22.895Z,S20260423_104712,SC01,AUTO,,10.2649,0.0646,start,0,1500,VIDE,0.0,0.0,0.0,0.0,0.0,0.0,0,0,0.0,0.0,0.0,0.0,0.0,0.0,0.2,2.0,1.0,0.05,1,0.0,0.2,0.0
159,2026-04-23T09:47:22.957Z,S20260423_104712,SC01,AUTO,,10.3273,0.0624,start,0,1500,VIDE,0.0,0.0,0.0,0.0,0.0,0.0,0,0,0.0,0.0,0.0,0.0,0.0,0.0,0.2,2.0,1.0,0.05,1,0.0,0.2,0.0
160,2026-04-23T09:47:23.016Z,S20260423_104712,SC01,AUTO,,10.386,0.0587,start,0,1500,VIDE,0.0,0.0,0.0,0.0,0.0,0.0,0,0,0.0,0.0,0.0,0.0,0.0,0.0,0.2,2.0,1.0,0.05,1,0.0,0.2,0.0
161,2026-04-23T09:47:23.080Z,S20260423_104712,SC01,AUTO,,10.45,0.064,start,0,1500,VIDE,0.0,0.0,0.0,0.0,0.0,0.0,0,0,0.0,0.0,0.0,0.0,0.0,0.0,0.2,2.0,1.0,0.05,1,0.0,0.2,0.0
162,2026-04-23T09:47:23.143Z,S20260423_104712,SC01,AUTO,,10.5137,0.0636,start,0,1500,VIDE,0.0,0.0,0.0,0.0,0.0,0.0,0,0,0.0,0.0,0.0,0.0,0.0,0.0,0.2,2.0,1.0,0.05,1,0.0,0.2,0.0
163,2026-04-23T09:47:23.208Z,S20260423_104712,SC01,AUTO,,10.5781,0.0645,start,0,1500,VIDE,0.0,0.0,0.0,0.0,0.0,0.0,0,0,0.0,0.0,0.0,0.0,0.0,0.0,0.2,2.0,1.0,0.05,1,0.0,0.2,0.0
164,2026-04-23T09:47:23.270Z,S20260423_104712,SC01,AUTO,,10.6401,0.062,start,0,1500,VIDE,0.0,0.0,0.0,0.0,0.0,0.0,0,0,0.0,0.0,0.0,0.0,0.0,0.0,0.2,2.0,1.0,0.05,1,0.0,0.2,0.0
165,2026-04-23T09:47:23.332Z,S20260423_104712,SC01,AUTO,,10.7026,0.0626,start,0,1500,VIDE,0.0,0.0,0.0,0.0,0.0,0.0,0,0,0.0,0.0,0.0,0.0,0.0,0.0,0.2,2.0,1.0,0.05,1,0.0,0.2,0.0
166,2026-04-23T09:47:23.395Z,S20260423_104712,SC01,AUTO,,10.765,0.0623,start,0,1500,VIDE,0.0,0.0,0.0,0.0,0.0,0.0,0,0,0.0,0.0,0.0,0.0,0.0,0.0,0.2,2.0,1.0,0.05,1,0.0,0.2,0.0
167,2026-04-23T09:47:23.456Z,S20260423_104712,SC01,AUTO,,10.8267,0.0618,start,0,1500,VIDE,0.0,0.0,0.0,0.0,0.0,0.0,0,0,0.0,0.0,0.0,0.0,0.0,0.0,0.2,2.0,1.0,0.05,1,0.0,0.2,0.0
168,2026-04-23T09:47:23.519Z,S20260423_104712,SC01,AUTO,,10.8894,0.0626,start,0,1500,VIDE,0.0,0.0,0.0,0.0,0.0,0.0,0,0,0.0,0.0,0.0,0.0,0.0,0.0,0.2,2.0,1.0,0.05,1,0.0,0.2,0.0
169,2026-04-23T09:47:23.580Z,S20260423_104712,SC01,AUTO,,10.9499,0.0605,start,0,1500,VIDE,0.0,0.0,0.0,0.0,0.0,0.0,0,0,0.0,0.0,0.0,0.0,0.0,0.0,0.2,2.0,1.0,0.05,1,0.0,0.2,0.0
170,2026-04-23T09:47:23.644Z,S20260423_104712,SC01,AUTO,,11.014,0.0641,start,0,1500,VIDE,0.0,0.0,0.0,0.0,0.0,0.0,0,0,0.0,0.0,0.0,0.0,0.0,0.0,0.2,2.0,1.0,0.05,1,0.0,0.2,0.0
171,2026-04-23T09:47:23.704Z,S20260423_104712,SC01,AUTO,,11.074,0.0601,start,0,1500,VIDE,0.0,0.0,0.0,0.0,0.0,0.0,0,0,0.0,0.0,0.0,0.0,0.0,0.0,0.2,2.0,1.0,0.05,1,0.0,0.2,0.0
172,2026-04-23T09:47:23.767Z,S20260423_104712,SC01,AUTO,,11.1377,0.0637,start,0,1500,VIDE,0.0,0.0,0.0,0.0,0.0,0.0,0,0,0.0,0.0,0.0,0.0,0.0,0.0,0.2,2.0,1.0,0.05,1,0.0,0.2,0.0
173,2026-04-23T09:47:23.831Z,S20260423_104712,SC01,AUTO,,11.2009,0.0632,start,0,1500,VIDE,0.0,0.0,0.0,0.0,0.0,0.0,0,0,0.0,0.0,0.0,0.0,0.0,0.0,0.2,2.0,1.0,0.05,1,0.0,0.2,0.0
174,2026-04-23T09:47:23.892Z,S20260423_104712,SC01,AUTO,,11.2623,0.0614,start,0,1500,VIDE,0.0,0.0,0.0,0.0,0.0,0.0,0,0,0.0,0.0,0.0,0.0,0.0,0.0,0.2,2.0,1.0,0.05,1,0.0,0.2,0.0
175,2026-04-23T09:47:23.953Z,S20260423_104712,SC01,AUTO,,11.3235,0.0612,start,0,1500,VIDE,0.0,0.0,0.0,0.0,0.0,0.0,0,0,0.0,0.0,0.0,0.0,0.0,0.0,0.2,2.0,1.0,0.05,1,0.0,0.2,0.0
176,2026-04-23T09:47:24.022Z,S20260423_104712,SC01,AUTO,,11.3928,0.0694,start,0,1500,VIDE,0.0,0.0,0.0,0.0,0.0,0.0,0,0,0.0,0.0,0.0,0.0,0.0,0.0,0.2,2.0,1.0,0.05,1,0.0,0.2,0.0
177,2026-04-23T09:47:24.080Z,S20260423_104712,SC01,AUTO,,11.4508,0.058,start,0,1500,VIDE,0.0,0.0,0.0,0.0,0.0,0.0,0,0,0.0,0.0,0.0,0.0,0.0,0.0,0.2,2.0,1.0,0.05,1,0.0,0.2,0.0
178,2026-04-23T09:47:24.143Z,S20260423_104712,SC01,AUTO,,11.5132,0.0624,start,0,1500,VIDE,0.0,0.0,0.0,0.0,0.0,0.0,0,0,0.0,0.0,0.0,0.0,0.0,0.0,0.2,2.0,1.0,0.05,1,0.0,0.2,0.0
179,2026-04-23T09:47:24.211Z,S20260423_104712,SC01,AUTO,,11.5812,0.068,start,0,1500,VIDE,0.0,0.0,0.0,0.0,0.0,0.0,0,0,0.0,0.0,0.0,0.0,0.0,0.0,0.2,2.0,1.0,0.05,1,0.0,0.2,0.0
180,2026-04-23T09:47:24.278Z,S20260423_104712,SC01,AUTO,,11.6484,0.0672,start,0,1500,VIDE,0.0,0.0,0.0,0.0,0.0,0.0,0,0,0.0,0.0,0.0,0.0,0.0,0.0,0.2,2.0,1.0,0.05,1,0.0,0.2,0.0
181,2026-04-23T09:47:24.340Z,S20260423_104712,SC01,AUTO,,11.7106,0.0622,start,0,1500,VIDE,0.0,0.0,0.0,0.0,0.0,0.0,0,0,0.0,0.0,0.0,0.0,0.0,0.0,0.2,2.0,1.0,0.05,1,0.0,0.2,0.0
182,2026-04-23T09:47:24.395Z,S20260423_104712,SC01,AUTO,,11.7655,0.0549,start,0,1500,VIDE,0.0,0.0,0.0,0.0,0.0,0.0,0,0,0.0,0.0,0.0,0.0,0.0,0.0,0.2,2.0,1.0,0.05,1,0.0,0.2,0.0
183,2026-04-23T09:47:24.461Z,S20260423_104712,SC01,AUTO,,11.8317,0.0662,start,0,1500,VIDE,0.0,0.0,0.0,0.0,0.0,0.0,0,0,0.0,0.0,0.0,0.0,0.0,0.0,0.2,2.0,1.0,0.05,1,0.0,0.2,0.0
184,2026-04-23T09:47:24.523Z,S20260423_104712,SC01,AUTO,,11.8934,0.0617,start,0,1500,VIDE,0.0,0.0,0.0,0.0,0.0,0.0,0,0,0.0,0.0,0.0,0.0,0.0,0.0,0.2,2.0,1.0,0.05,1,0.0,0.2,0.0
185,2026-04-23T09:47:24.582Z,S20260423_104712,SC01,AUTO,,11.9519,0.0585,start,0,1500,VIDE,0.0,0.0,0.0,0.0,0.0,0.0,0,0,0.0,0.0,0.0,0.0,0.0,0.0,0.2,2.0,1.0,0.05,1,0.0,0.2,0.0
186,2026-04-23T09:47:24.643Z,S20260423_104712,SC01,AUTO,,12.0132,0.0613,start,0,1500,VIDE,0.0,0.0,0.0,0.0,0.0,0.0,0,0,0.0,0.0,0.0,0.0,0.0,0.0,0.2,2.0,1.0,0.05,1,0.0,0.2,0.0
187,2026-04-23T09:47:24.711Z,S20260423_104712,SC01,AUTO,,12.0814,0.0682,start,0,1500,VIDE,0.0,0.0,0.0,0.0,0.0,0.0,0,0,0.0,0.0,0.0,0.0,0.0,0.0,0.2,2.0,1.0,0.05,1,0.0,0.2,0.0
188,2026-04-23T09:47:24.777Z,S20260423_104712,SC01,AUTO,,12.1472,0.0658,start,0,1500,VIDE,0.0,0.0,0.0,0.0,0.0,0.0,0,0,0.0,0.0,0.0,0.0,0.0,0.0,0.2,2.0,1.0,0.05,1,0.0,0.2,0.0
189,2026-04-23T09:47:24.829Z,S20260423_104712,SC01,AUTO,,12.1991,0.0519,start,0,1500,VIDE,0.0,0.0,0.0,0.0,0.0,0.0,0,0,0.0,0.0,0.0,0.0,0.0,0.0,0.2,2.0,1.0,0.05,1,0.0,0.2,0.0
190,2026-04-23T09:47:24.897Z,S20260423_104712,SC01,AUTO,,12.2678,0.0688,start,0,1500,VIDE,0.0,0.0,0.0,0.0,0.0,0.0,0,0,0.0,0.0,0.0,0.0,0.0,0.0,0.2,2.0,1.0,0.05,1,0.0,0.2,0.0
191,2026-04-23T09:47:24.962Z,S20260423_104712,SC01,AUTO,,12.3323,0.0644,start,0,1500,VIDE,0.0,0.0,0.0,0.0,0.0,0.0,0,0,0.0,0.0,0.0,0.0,0.0,0.0,0.2,2.0,1.0,0.05,1,0.0,0.2,0.0
192,2026-04-23T09:47:25.022Z,S20260423_104712,SC01,AUTO,,12.3924,0.0602,start,0,1500,VIDE,0.0,0.0,0.0,0.0,0.0,0.0,0,0,0.0,0.0,0.0,0.0,0.0,0.0,0.2,2.0,1.0,0.05,1,0.0,0.2,0.0
193,2026-04-23T09:47:25.080Z,S20260423_104712,SC01,AUTO,,12.4501,0.0577,start,0,1500,VIDE,0.0,0.0,0.0,0.0,0.0,0.0,0,0,0.0,0.0,0.0,0.0,0.0,0.0,0.2,2.0,1.0,0.05,1,0.0,0.2,0.0
194,2026-04-23T09:47:25.143Z,S20260423_104712,SC01,AUTO,,12.5129,0.0628,start,0,1500,VIDE,0.0,0.0,0.0,0.0,0.0,0.0,0,0,0.0,0.0,0.0,0.0,0.0,0.0,0.2,2.0,1.0,0.05,1,0.0,0.2,0.0
195,2026-04-23T09:47:25.203Z,S20260423_104712,SC01,AUTO,,12.5734,0.0605,start,0,1500,VIDE,0.0,0.0,0.0,0.0,0.0,0.0,0,0,0.0,0.0,0.0,0.0,0.0,0.0,0.2,2.0,1.0,0.05,1,0.0,0.2,0.0
196,2026-04-23T09:47:25.276Z,S20260423_104712,SC01,AUTO,,12.646,0.0726,start,0,1500,VIDE,0.0,0.0,0.0,0.0,0.0,0.0,0,0,0.0,0.0,0.0,0.0,0.0,0.0,0.2,2.0,1.0,0.05,1,0.0,0.2,0.0
197,2026-04-23T09:47:25.337Z,S20260423_104712,SC01,AUTO,,12.7078,0.0618,start,0,1500,VIDE,0.0,0.0,0.0,0.0,0.0,0.0,0,0,0.0,0.0,0.0,0.0,0.0,0.0,0.2,2.0,1.0,0.05,1,0.0,0.2,0.0
198,2026-04-23T09:47:25.396Z,S20260423_104712,SC01,AUTO,,12.7659,0.0581,start,0,1500,VIDE,0.0,0.0,0.0,0.0,0.0,0.0,0,0,0.0,0.0,0.0,0.0,0.0,0.0,0.2,2.0,1.0,0.05,1,0.0,0.2,0.0
199,2026-04-23T09:47:25.459Z,S20260423_104712,SC01,AUTO,,12.8292,0.0632,start,0,1500,VIDE,0.0,0.0,0.0,0.0,0.0,0.0,0,0,0.0,0.0,0.0,0.0,0.0,0.0,0.2,2.0,1.0,0.05,1,0.0,0.2,0.0
200,2026-04-23T09:47:25.520Z,S20260423_104712,SC01,AUTO,,12.8901,0.061,start,0,1500,VIDE,0.0,0.0,0.0,0.0,0.0,0.0,0,0,0.0,0.0,0.0,0.0,0.0,0.0,0.2,2.0,1.0,0.05,1,0.0,0.2,0.0
201,2026-04-23T09:47:25.579Z,S20260423_104712,SC01,AUTO,,12.9491,0.059,start,0,1500,VIDE,0.0,0.0,0.0,0.0,0.0,0.0,0,0,0.0,0.0,0.0,0.0,0.0,0.0,0.2,2.0,1.0,0.05,1,0.0,0.2,0.0
202,2026-04-23T09:47:25.643Z,S20260423_104712,SC01,AUTO,,13.0136,0.0645,start,0,1500,VIDE,0.0,0.0,0.0,0.0,0.0,0.0,0,0,0.0,0.0,0.0,0.0,0.0,0.0,0.2,2.0,1.0,0.05,1,0.0,0.2,0.0
203,2026-04-23T09:47:25.706Z,S20260423_104712,SC01,AUTO,,13.0766,0.063,start,0,1500,VIDE,0.0,0.0,0.0,0.0,0.0,0.0,0,0,0.0,0.0,0.0,0.0,0.0,0.0,0.2,2.0,1.0,0.05,1,0.0,0.2,0.0
204,2026-04-23T09:47:25.768Z,S20260423_104712,SC01,AUTO,,13.1385,0.0619,start,0,1500,VIDE,0.0,0.0,0.0,0.0,0.0,0.0,0,0,0.0,0.0,0.0,0.0,0.0,0.0,0.2,2.0,1.0,0.05,1,0.0,0.2,0.0
205,2026-04-23T09:47:25.831Z,S20260423_104712,SC01,AUTO,,13.2015,0.063,start,0,1500,VIDE,0.0,0.0,0.0,0.0,0.0,0.0,0,0,0.0,0.0,0.0,0.0,0.0,0.0,0.2,2.0,1.0,0.05,1,0.0,0.2,0.0
206,2026-04-23T09:47:25.892Z,S20260423_104712,SC01,AUTO,,13.2628,0.0614,start,0,1500,VIDE,0.0,0.0,0.0,0.0,0.0,0.0,0,0,0.0,0.0,0.0,0.0,0.0,0.0,0.2,2.0,1.0,0.05,1,0.0,0.2,0.0
207,2026-04-23T09:47:25.955Z,S20260423_104712,SC01,AUTO,,13.3252,0.0624,start,0,1500,VIDE,0.0,0.0,0.0,0.0,0.0,0.0,0,0,0.0,0.0,0.0,0.0,0.0,0.0,0.2,2.0,1.0,0.05,1,0.0,0.2,0.0
208,2026-04-23T09:47:26.017Z,S20260423_104712,SC01,AUTO,,13.3876,0.0624,start,0,1500,VIDE,0.0,0.0,0.0,0.0,0.0,0.0,0,0,0.0,0.0,0.0,0.0,0.0,0.0,0.2,2.0,1.0,0.05,1,0.0,0.2,0.0
209,2026-04-23T09:47:26.081Z,S20260423_104712,SC01,AUTO,,13.4509,0.0633,start,0,1500,VIDE,0.0,0.0,0.0,0.0,0.0,0.0,0,0,0.0,0.0,0.0,0.0,0.0,0.0,0.2,2.0,1.0,0.05,1,0.0,0.2,0.0
210,2026-04-23T09:47:26.142Z,S20260423_104712,SC01,AUTO,,13.5121,0.0612,start,0,1500,VIDE,0.0,0.0,0.0,0.0,0.0,0.0,0,0,0.0,0.0,0.0,0.0,0.0,0.0,0.2,2.0,1.0,0.05,1,0.0,0.2,0.0
211,2026-04-23T09:47:26.205Z,S20260423_104712,SC01,AUTO,,13.5753,0.0633,start,0,1500,VIDE,0.0,0.0,0.0,0.0,0.0,0.0,0,0,0.0,0.0,0.0,0.0,0.0,0.0,0.2,2.0,1.0,0.05,1,0.0,0.2,0.0
212,2026-04-23T09:47:26.267Z,S20260423_104712,SC01,AUTO,,13.6375,0.0621,start,0,1500,VIDE,0.0,0.0,0.0,0.0,0.0,0.0,0,0,0.0,0.0,0.0,0.0,0.0,0.0,0.2,2.0,1.0,0.05,1,0.0,0.2,0.0
213,2026-04-23T09:47:26.331Z,S20260423_104712,SC01,AUTO,,13.7017,0.0643,start,0,1500,VIDE,0.0,0.0,0.0,0.0,0.0,0.0,0,0,0.0,0.0,0.0,0.0,0.0,0.0,0.2,2.0,1.0,0.05,1,0.0,0.2,0.0
214,2026-04-23T09:47:26.395Z,S20260423_104712,SC01,AUTO,,13.7658,0.0639,start,0,1500,VIDE,0.0,0.0,0.0,0.0,0.0,0.0,0,0,0.0,0.0,0.0,0.0,0.0,0.0,0.2,2.0,1.0,0.05,1,0.0,0.2,0.0
215,2026-04-23T09:47:26.457Z,S20260423_104712,SC01,AUTO,,13.8274,0.0617,start,0,1500,VIDE,0.0,0.0,0.0,0.0,0.0,0.0,0,0,0.0,0.0,0.0,0.0,0.0,0.0,0.2,2.0,1.0,0.05,1,0.0,0.2,0.0
216,2026-04-23T09:47:26.520Z,S20260423_104712,SC01,AUTO,,13.89,0.0626,start,0,1500,VIDE,0.0,0.0,0.0,0.0,0.0,0.0,0,0,0.0,0.0,0.0,0.0,0.0,0.0,0.2,2.0,1.0,0.05,1,0.0,0.2,0.0
217,2026-04-23T09:47:26.584Z,S20260423_104712,SC01,AUTO,,13.9549,0.0648,start,0,1500,VIDE,0.0,0.0,0.0,0.0,0.0,0.0,0,0,0.0,0.0,0.0,0.0,0.0,0.0,0.2,2.0,1.0,0.05,1,0.0,0.2,0.0
218,2026-04-23T09:47:27.620Z,S20260423_104712,SC01,AUTO,,14.9904,1.0356,start,0,1500,VIDE,0.0,0.0,0.0,0.0,0.0,0.0,0,0,0.0,0.0,0.0,0.0,0.0,0.0,0.2,2.0,1.0,0.05,1,0.0,0.2,0.0
219,2026-04-23T09:47:27.646Z,S20260423_104712,SC01,AUTO,,15.0164,0.026,start,0,1500,VIDE,0.0,0.0,0.0,0.0,0.0,0.0,0,0,0.0,0.0,0.0,0.0,0.0,0.0,0.2,2.0,1.0,0.05,1,0.0,0.2,0.0
220,2026-04-23T09:47:27.706Z,S20260423_104712,SC01,AUTO,,15.0767,0.0603,start,0,1500,VIDE,0.0,0.0,0.0,0.0,0.0,0.0,0,0,0.0,0.0,0.0,0.0,0.0,0.0,0.2,2.0,1.0,0.05,1,0.0,0.2,0.0
221,2026-04-23T09:47:27.769Z,S20260423_104712,SC01,AUTO,,15.1394,0.0627,start,0,1500,VIDE,0.0,0.0,0.0,0.0,0.0,0.0,0,0,0.0,0.0,0.0,0.0,0.0,0.0,0.2,2.0,1.0,0.05,1,0.0,0.2,0.0
222,2026-04-23T09:47:27.832Z,S20260423_104712,SC01,AUTO,,15.202,0.0626,start,0,1500,VIDE,0.0,0.0,0.0,0.0,0.0,0.0,0,0,0.0,0.0,0.0,0.0,0.0,0.0,0.2,2.0,1.0,0.05,1,0.0,0.2,0.0
223,2026-04-23T09:47:27.894Z,S20260423_104712,SC01,AUTO,,15.2644,0.0625,start,0,1500,VIDE,0.0,0.0,0.0,0.0,0.0,0.0,0,0,0.0,0.0,0.0,0.0,0.0,0.0,0.2,2.0,1.0,0.05,1,0.0,0.2,0.0
224,2026-04-23T09:47:27.955Z,S20260423_104712,SC01,AUTO,,15.3251,0.0607,start,0,1500,VIDE,0.0,0.0,0.0,0.0,0.0,0.0,0,0,0.0,0.0,0.0,0.0,0.0,0.0,0.2,2.0,1.0,0.05,1,0.0,0.2,0.0
225,2026-04-23T09:47:28.017Z,S20260423_104712,SC01,AUTO,,15.3874,0.0622,start,0,1500,VIDE,0.0,0.0,0.0,0.0,0.0,0.0,0,0,0.0,0.0,0.0,0.0,0.0,0.0,0.2,2.0,1.0,0.05,1,0.0,0.2,0.0
226,2026-04-23T09:47:28.080Z,S20260423_104712,SC01,AUTO,,15.4504,0.0629,start,0,1500,VIDE,0.0,0.0,0.0,0.0,0.0,0.0,0,0,0.0,0.0,0.0,0.0,0.0,0.0,0.2,2.0,1.0,0.05,1,0.0,0.2,0.0
227,2026-04-23T09:47:28.142Z,S20260423_104712,SC01,AUTO,,15.5123,0.062,start,0,1500,VIDE,0.0,0.0,0.0,0.0,0.0,0.0,0,0,0.0,0.0,0.0,0.0,0.0,0.0,0.2,2.0,1.0,0.05,1,0.0,0.2,0.0
228,2026-04-23T09:47:28.211Z,S20260423_104712,SC01,AUTO,,15.5815,0.0692,start,0,1500,VIDE,0.0,0.0,0.0,0.0,0.0,0.0,0,0,0.0,0.0,0.0,0.0,0.0,0.0,0.2,2.0,1.0,0.05,1,0.0,0.2,0.0
229,2026-04-23T09:47:28.267Z,S20260423_104712,SC01,AUTO,,15.6374,0.0559,start,0,1500,VIDE,0.0,0.0,0.0,0.0,0.0,0.0,0,0,0.0,0.0,0.0,0.0,0.0,0.0,0.2,2.0,1.0,0.05,1,0.0,0.2,0.0
230,2026-04-23T09:47:28.330Z,S20260423_104712,SC01,AUTO,,15.7006,0.0632,start,0,1500,VIDE,0.0,0.0,0.0,0.0,0.0,0.0,0,0,0.0,0.0,0.0,0.0,0.0,0.0,0.2,2.0,1.0,0.05,1,0.0,0.2,0.0
231,2026-04-23T09:47:28.393Z,S20260423_104712,SC01,AUTO,,15.7639,0.0633,start,0,1500,VIDE,0.0,0.0,0.0,0.0,0.0,0.0,0,0,0.0,0.0,0.0,0.0,0.0,0.0,0.2,2.0,1.0,0.05,1,0.0,0.2,0.0
232,2026-04-23T09:47:28.455Z,S20260423_104712,SC01,AUTO,,15.8255,0.0617,start,0,1500,VIDE,0.0,0.0,0.0,0.0,0.0,0.0,0,0,0.0,0.0,0.0,0.0,0.0,0.0,0.2,2.0,1.0,0.05,1,0.0,0.2,0.0
233,2026-04-23T09:47:28.517Z,S20260423_104712,SC01,AUTO,,15.8871,0.0616,start,0,1500,VIDE,0.0,0.0,0.0,0.0,0.0,0.0,0,0,0.0,0.0,0.0,0.0,0.0,0.0,0.2,2.0,1.0,0.05,1,0.0,0.2,0.0
234,2026-04-23T09:47:28.582Z,S20260423_104712,SC01,AUTO,,15.9523,0.0651,start,0,1500,VIDE,0.0,0.0,0.0,0.0,0.0,0.0,0,0,0.0,0.0,0.0,0.0,0.0,0.0,0.2,2.0,1.0,0.05,1,0.0,0.2,0.0
235,2026-04-23T09:47:28.646Z,S20260423_104712,SC01,AUTO,,16.0168,0.0646,start,0,1500,VIDE,0.0,0.0,0.0,0.0,0.0,0.0,0,0,0.0,0.0,0.0,0.0,0.0,0.0,0.2,2.0,1.0,0.05,1,0.0,0.2,0.0
236,2026-04-23T09:47:28.705Z,S20260423_104712,SC01,AUTO,,16.0753,0.0585,start,0,1500,VIDE,0.0,0.0,0.0,0.0,0.0,0.0,0,0,0.0,0.0,0.0,0.0,0.0,0.0,0.2,2.0,1.0,0.05,1,0.0,0.2,0.0
237,2026-04-23T09:47:28.768Z,S20260423_104712,SC01,AUTO,,16.1383,0.063,start,0,1500,VIDE,0.0,0.0,0.0,0.0,0.0,0.0,0,0,0.0,0.0,0.0,0.0,0.0,0.0,0.2,2.0,1.0,0.05,1,0.0,0.2,0.0
238,2026-04-23T09:47:28.834Z,S20260423_104712,SC01,AUTO,,16.2049,0.0666,start,0,1500,VIDE,0.0,0.0,0.0,0.0,0.0,0.0,0,0,0.0,0.0,0.0,0.0,0.0,0.0,0.2,2.0,1.0,0.05,1,0.0,0.2,0.0
239,2026-04-23T09:47:28.895Z,S20260423_104712,SC01,AUTO,,16.2651,0.0602,start,0,1500,VIDE,0.0,0.0,0.0,0.0,0.0,0.0,0,0,0.0,0.0,0.0,0.0,0.0,0.0,0.2,2.0,1.0,0.05,1,0.0,0.2,0.0
240,2026-04-23T09:47:28.955Z,S20260423_104712,SC01,AUTO,,16.325,0.0599,start,0,1500,VIDE,0.0,0.0,0.0,0.0,0.0,0.0,0,0,0.0,0.0,0.0,0.0,0.0,0.0,0.2,2.0,1.0,0.05,1,0.0,0.2,0.0
241,2026-04-23T09:47:29.017Z,S20260423_104712,SC01,AUTO,,16.3874,0.0625,start,0,1500,VIDE,0.0,0.0,0.0,0.0,0.0,0.0,0,0,0.0,0.0,0.0,0.0,0.0,0.0,0.2,2.0,1.0,0.05,1,0.0,0.2,0.0
242,2026-04-23T09:47:29.080Z,S20260423_104712,SC01,AUTO,,16.4504,0.0629,start,0,1500,VIDE,0.0,0.0,0.0,0.0,0.0,0.0,0,0,0.0,0.0,0.0,0.0,0.0,0.0,0.2,2.0,1.0,0.05,1,0.0,0.2,0.0
243,2026-04-23T09:47:29.144Z,S20260423_104712,SC01,AUTO,,16.5142,0.0639,start,0,1500,VIDE,0.0,0.0,0.0,0.0,0.0,0.0,0,0,0.0,0.0,0.0,0.0,0.0,0.0,0.2,2.0,1.0,0.05,1,0.0,0.2,0.0
244,2026-04-23T09:47:29.215Z,S20260423_104712,SC01,AUTO,,16.5857,0.0714,start,0,1500,VIDE,0.0,0.0,0.0,0.0,0.0,0.0,0,0,0.0,0.0,0.0,0.0,0.0,0.0,0.2,2.0,1.0,0.05,1,0.0,0.2,0.0
245,2026-04-23T09:47:29.278Z,S20260423_104712,SC01,AUTO,,16.6481,0.0625,start,0,1500,VIDE,0.0,0.0,0.0,0.0,0.0,0.0,0,0,0.0,0.0,0.0,0.0,0.0,0.0,0.2,2.0,1.0,0.05,1,0.0,0.2,0.0
246,2026-04-23T09:47:29.330Z,S20260423_104712,SC01,AUTO,,16.7001,0.052,start,0,1500,VIDE,0.0,0.0,0.0,0.0,0.0,0.0,0,0,0.0,0.0,0.0,0.0,0.0,0.0,0.2,2.0,1.0,0.05,1,0.0,0.2,0.0
247,2026-04-23T09:47:29.396Z,S20260423_104712,SC01,AUTO,,16.7662,0.066,start,0,1500,VIDE,0.0,0.0,0.0,0.0,0.0,0.0,0,0,0.0,0.0,0.0,0.0,0.0,0.0,0.2,2.0,1.0,0.05,1,0.0,0.2,0.0
248,2026-04-23T09:47:29.462Z,S20260423_104712,SC01,AUTO,,16.8327,0.0665,start,0,1500,VIDE,0.0,0.0,0.0,0.0,0.0,0.0,0,0,0.0,0.0,0.0,0.0,0.0,0.0,0.2,2.0,1.0,0.05,1,0.0,0.2,0.0
249,2026-04-23T09:47:29.524Z,S20260423_104712,SC01,AUTO,,16.8947,0.0619,start,0,1500,VIDE,0.0,0.0,0.0,0.0,0.0,0.0,0,0,0.0,0.0,0.0,0.0,0.0,0.0,0.2,2.0,1.0,0.05,1,0.0,0.2,0.0
250,2026-04-23T09:47:29.582Z,S20260423_104712,SC01,AUTO,,16.9528,0.0582,start,0,1500,VIDE,0.0,0.0,0.0,0.0,-0.698132,0.0,1,0,16908.275,16908.275,0.0,0.0,0.0,0.0,0.2,2.0,1.0,0.05,1,0.0,0.2,0.0
251,2026-04-23T09:47:29.773Z,S20260423_104712,SC01,AUTO,,17.1437,0.191,start,0,1500,VIDE,0.0,0.0,0.0,0.0,-0.698132,0.0,1,0,5845.785,20.989,0.0,0.0,0.0,0.0,0.2,2.0,1.0,0.05,1,0.0,0.2,0.0
252,2026-04-23T09:47:29.837Z,S20260423_104712,SC01,AUTO,,17.2078,0.0641,start,0,1500,VIDE,0.0,0.0,0.0,0.0,-0.698132,0.0,1,0,5845.785,20.989,0.0,0.0,0.0,0.0,0.2,2.0,1.0,0.05,1,0.0,0.2,0.0
253,2026-04-23T09:47:29.898Z,S20260423_104712,SC01,AUTO,,17.2688,0.061,start,0,1500,VIDE,0.0,0.0,0.0,0.0,-0.698132,0.0,1,0,5850.259,19.756,0.0,0.0,0.0,0.0,0.2,2.0,1.0,0.05,1,0.0,0.2,0.0
254,2026-04-23T09:47:29.962Z,S20260423_104712,SC01,AUTO,,17.3326,0.0638,start,0,1500,VIDE,0.0,0.0,0.0,0.0,-0.698132,-0.0,1,0,5800.781,20.143,0.0,0.0,0.0,0.0,0.2,2.0,1.0,0.05,1,0.0,0.2,0.0
255,2026-04-23T09:47:30.023Z,S20260423_104712,SC01,AUTO,,17.393,0.0604,start,0,1500,VIDE,0.0,0.0,0.0,0.0,-0.698132,-0.0,1,0,5786.771,12.123,0.0,0.0,0.0,0.0,0.2,2.0,1.0,0.05,1,0.0,0.2,0.0
256,2026-04-23T09:47:30.081Z,S20260423_104712,SC01,AUTO,,17.4518,0.0587,start,0,1500,VIDE,0.0,0.0,0.0,0.0,-0.698132,0.0,1,0,5728.088,19.232,0.0,0.0,0.0,0.0,0.2,2.0,1.0,0.05,1,0.0,0.2,0.0
257,2026-04-23T09:47:30.141Z,S20260423_104712,SC01,AUTO,,17.5119,0.0601,start,0,1500,VIDE,0.0,0.0,0.0,0.0,-0.698132,0.0,1,0,5681.586,19.321,0.0,0.0,0.0,0.0,0.2,2.0,1.0,0.05,1,0.0,0.2,0.0
258,2026-04-23T09:47:30.206Z,S20260423_104712,SC01,AUTO,,17.5762,0.0643,start,0,1500,VIDE,0.0,0.0,0.0,0.0,-0.698132,0.0,1,0,5640.167,18.339,0.0,0.0,0.0,0.0,0.2,2.0,1.0,0.05,1,0.0,0.2,0.0
259,2026-04-23T09:47:30.269Z,S20260423_104712,SC01,AUTO,,17.6393,0.063,start,0,1500,VIDE,0.0,0.0,0.0,0.0,-0.698132,-0.0,1,0,5621.386,19.893,0.0,0.0,0.0,0.0,0.2,2.0,1.0,0.05,1,0.0,0.2,0.0
260,2026-04-23T09:47:30.330Z,S20260423_104712,SC01,AUTO,,17.7,0.0608,start,0,1500,VIDE,0.0,0.0,0.0,0.0,-0.698132,-0.0,1,0,5579.145,18.175,0.0,0.0,0.0,0.0,0.2,2.0,1.0,0.05,1,0.0,0.2,0.0
261,2026-04-23T09:47:30.397Z,S20260423_104712,SC01,AUTO,,17.7669,0.0669,start,0,1500,VIDE,0.0,0.0,0.0,0.0,-0.698132,0.0,1,0,5558.536,19.488,0.0,0.0,0.0,0.0,0.2,2.0,1.0,0.05,1,0.0,0.2,0.0
262,2026-04-23T09:47:30.461Z,S20260423_104712,SC01,AUTO,,17.8313,0.0644,start,0,1500,VIDE,0.0,0.0,0.0,0.0,-0.698132,0.0,1,0,5517.003,18.081,0.0,0.0,0.0,0.0,0.2,2.0,1.0,0.05,1,0.0,0.2,0.0
263,2026-04-23T09:47:30.522Z,S20260423_104712,SC01,AUTO,,17.8929,0.0616,start,0,1500,VIDE,0.0,0.0,0.0,0.0,-0.698132,0.0,1,0,5469.204,21.835,0.0,0.0,0.0,0.0,0.2,2.0,1.0,0.05,1,0.0,0.2,0.0
264,2026-04-23T09:47:30.579Z,S20260423_104712,SC01,AUTO,,17.949,0.0561,start,0,1500,VIDE,0.0,0.0,0.0,0.0,-0.698132,-0.0,1,0,5450.561,18.274,0.0,0.0,0.0,0.0,0.2,2.0,1.0,0.05,1,0.0,0.2,0.0
265,2026-04-23T09:47:30.644Z,S20260423_104712,SC01,AUTO,0.0007,18.014,0.065,start,1,1500,VIDE,0.0,0.0,0.0,0.0,-0.698132,-0.0,1,0,5410.246,18.875,0.0,0.0,0.0,0.0,0.2,2.0,1.0,0.05,1,0.0,0.2,0.0
266,2026-04-23T09:47:30.712Z,S20260423_104712,SC01,AUTO,0.0694,18.0827,0.0687,start,1,1500,VIDE,0.0,0.0,0.0,0.0,-0.698132,-0.0,1,0,5367.273,19.399,0.0,0.0,0.0,0.0,0.2,2.0,1.0,0.05,1,0.0,0.2,0.0
267,2026-04-23T09:47:30.775Z,S20260423_104712,SC01,AUTO,0.1317,18.145,0.0622,start,1,1500,VIDE,0.0,0.0,0.0,0.0,-0.698132,0.0,1,0,5344.135,20.381,0.0,0.0,0.0,0.0,0.2,2.0,1.0,0.05,1,0.0,0.2,0.0
268,2026-04-23T09:47:30.829Z,S20260423_104712,SC01,AUTO,0.1862,18.1996,0.0547,start,1,1500,VIDE,0.0,0.0,0.0,0.0,-0.698132,0.0,1,0,5287.886,22.734,0.0,0.0,0.0,0.0,0.2,2.0,1.0,0.05,1,0.0,0.2,0.0
269,2026-04-23T09:47:30.893Z,S20260423_104712,SC01,AUTO,0.2505,18.2638,0.0643,start,1,1500,VIDE,0.0,0.0,0.0,0.0,-0.698132,0.0,1,0,5235.479,22.08,0.0,0.0,0.0,0.0,0.2,2.0,1.0,0.05,1,0.0,0.2,0.0
270,2026-04-23T09:47:30.957Z,S20260423_104712,SC01,AUTO,0.3138,18.3272,0.0634,start,1,1500,VIDE,0.0,0.0,0.0,0.0,-0.698132,0.0,1,0,5186.366,19.712,0.0,0.0,0.0,0.0,0.2,2.0,1.0,0.05,1,0.0,0.2,0.0
271,2026-04-23T09:47:31.021Z,S20260423_104712,SC01,AUTO,0.3781,18.3914,0.0642,start,1,1500,VIDE,0.0,0.0,0.0,0.0,-0.698132,0.0,1,0,5132.402,20.035,0.0,0.0,0.0,0.0,0.2,2.0,1.0,0.05,1,0.0,0.2,0.0
272,2026-04-23T09:47:31.079Z,S20260423_104712,SC01,AUTO,0.4362,18.4495,0.0581,start,1,1500,VIDE,0.0,0.0,0.0,0.0,-0.698132,-0.0,1,0,5110.452,19.538,0.0,0.0,0.0,0.0,0.2,2.0,1.0,0.05,1,0.0,0.2,0.0
273,2026-04-23T09:47:31.142Z,S20260423_104712,SC01,AUTO,0.4994,18.5128,0.0633,start,1,1500,VIDE,0.0,0.0,0.0,0.0,-0.698132,-0.0,1,0,5058.289,20.202,0.0,0.0,0.0,0.0,0.2,2.0,1.0,0.05,1,0.0,0.2,0.0
274,2026-04-23T09:47:31.212Z,S20260423_104712,SC01,AUTO,0.5691,18.5825,0.0697,start,1,1500,VIDE,0.0,0.0,0.0,0.0,-0.698132,-0.0,1,0,5010.322,18.373,0.0,0.0,0.0,0.0,0.2,2.0,1.0,0.05,1,0.0,0.2,0.0
275,2026-04-23T09:47:31.266Z,S20260423_104712,SC01,AUTO,0.6232,18.6365,0.054,start,1,1500,VIDE,0.0,0.0,0.0,0.0,-0.698132,0.0,1,0,4986.978,19.636,0.0,0.0,0.0,0.0,0.2,2.0,1.0,0.05,1,0.0,0.2,0.0
276,2026-04-23T09:47:31.329Z,S20260423_104712,SC01,AUTO,0.6865,18.6999,0.0633,start,1,1500,VIDE,0.0,0.0,0.0,0.0,-0.698132,0.0,1,0,4944.926,20.348,0.0,0.0,0.0,0.0,0.2,2.0,1.0,0.05,1,0.0,0.2,0.0
277,2026-04-23T09:47:31.397Z,S20260423_104712,SC01,AUTO,0.7545,18.7678,0.068,start,1,1500,VIDE,0.0,0.0,0.0,0.0,-0.698132,0.0,1,0,4898.52,13.742,0.0,0.0,0.0,0.0,0.2,2.0,1.0,0.05,1,0.0,0.2,0.0
278,2026-04-23T09:47:31.463Z,S20260423_104712,SC01,AUTO,0.8196,18.8329,0.0651,start,1,1500,VIDE,0.0,0.0,0.0,0.0,-0.698132,0.0,1,0,4851.524,17.344,0.0,0.0,0.0,0.0,0.2,2.0,1.0,0.05,1,0.0,0.2,0.0
279,2026-04-23T09:47:31.517Z,S20260423_104712,SC01,AUTO,0.8741,18.8874,0.0545,start,1,1500,VIDE,0.0,0.0,0.0,0.0,-0.698132,-0.0,1,0,3872.2,976.065,0.0,0.0,0.0,0.0,0.2,2.0,1.0,0.05,1,0.0,0.2,0.0
280,2026-04-23T09:47:31.580Z,S20260423_104712,SC01,AUTO,0.9366,18.9499,0.0625,start,1,1500,VIDE,0.0,0.0,0.0,0.0,-0.698132,-0.0,1,0,3850.463,18.964,0.0,0.0,0.0,0.0,0.2,2.0,1.0,0.05,1,0.0,0.2,0.0
281,2026-04-23T09:47:31.653Z,S20260423_104712,SC01,AUTO,1.0105,19.0238,0.0739,start,1,1500,VIDE,0.0,0.0,0.0,0.0,-0.698132,-0.0,1,0,3807.074,19.044,0.0,0.0,0.0,0.0,0.2,2.0,1.0,0.05,1,0.0,0.2,0.0
282,2026-04-23T09:47:31.710Z,S20260423_104712,SC01,AUTO,1.0668,19.0801,0.0563,start,1,1500,VIDE,0.0,0.0,0.0,0.0,-0.698132,0.0,1,0,3783.277,20.488,0.0,0.0,0.0,0.0,0.2,2.0,1.0,0.05,1,0.0,0.2,0.0
283,2026-04-23T09:47:31.772Z,S20260423_104712,SC01,AUTO,1.1286,19.142,0.0618,start,1,1500,VIDE,0.0,0.0,0.0,0.0,-0.698132,0.0,1,0,3721.743,18.943,0.0,0.0,0.0,0.0,0.2,2.0,1.0,0.05,1,0.0,0.2,0.0
284,2026-04-23T09:47:31.830Z,S20260423_104712,SC01,AUTO,1.1874,19.2007,0.0587,start,1,1500,VIDE,0.0,0.0,0.0,0.0,-0.698132,-0.0,1,0,3698.81,14.802,0.0,0.0,0.0,0.0,0.2,2.0,1.0,0.05,1,0.0,0.2,0.0
285,2026-04-23T09:47:31.896Z,S20260423_104712,SC01,AUTO,1.2531,19.2665,0.0658,start,1,1500,VIDE,0.0,0.0,0.0,0.0,-0.698132,-0.0,1,0,3640.469,18.862,0.0,0.0,0.0,0.0,0.2,2.0,1.0,0.05,1,0.0,0.2,0.0
286,2026-04-23T09:47:31.960Z,S20260423_104712,SC01,AUTO,1.3167,19.33,0.0635,start,1,1500,VIDE,0.0,0.0,0.0,0.0,-0.698132,-0.0,1,0,3592.876,18.063,0.0,0.0,0.0,0.0,0.2,2.0,1.0,0.05,1,0.0,0.2,0.0
287,2026-04-23T09:47:32.021Z,S20260423_104712,SC01,AUTO,1.3785,19.3918,0.0619,start,1,1500,VIDE,0.0,0.0,0.0,0.0,-0.698132,0.0,1,0,3568.924,20.246,0.0,0.0,0.0,0.0,0.2,2.0,1.0,0.05,1,0.0,0.2,0.0
288,2026-04-23T09:47:32.080Z,S20260423_104712,SC01,AUTO,1.4375,19.4508,0.0589,start,1,1500,VIDE,0.0,0.0,0.0,0.0,-0.698132,0.0,1,0,3516.576,20.043,0.0,0.0,0.0,0.0,0.2,2.0,1.0,0.05,1,0.0,0.2,0.0
289,2026-04-23T09:47:32.141Z,S20260423_104712,SC01,AUTO,1.4981,19.5114,0.0606,start,1,1500,VIDE,0.0,0.0,0.0,0.0,-0.698132,0.0,2,0,2332.372,15.814,0.0,0.0,0.0,0.0,0.2,2.0,1.0,0.05,1,0.0,0.2,0.0
290,2026-04-23T09:47:32.205Z,S20260423_104712,SC01,AUTO,1.562,19.5753,0.0639,start,1,1500,VIDE,0.0,0.0,0.0,0.0,-0.698132,0.0,2,0,2255.569,20.751,0.0,0.0,0.0,0.0,0.2,2.0,1.0,0.05,1,0.0,0.2,0.0
291,2026-04-23T09:47:32.269Z,S20260423_104712,SC01,AUTO,1.6261,19.6394,0.0642,start,1,1500,VIDE,0.0,0.0,0.0,0.0,-0.698132,0.0,2,0,2201.069,19.734,0.0,0.0,0.0,0.0,0.2,2.0,1.0,0.05,1,0.0,0.2,0.0
292,2026-04-23T09:47:32.330Z,S20260423_104712,SC01,AUTO,1.6867,19.7,0.0605,start,1,1500,VIDE,0.0,0.0,0.0,0.0,-0.698132,-0.0,2,0,2174.307,20.135,0.0,0.0,0.0,0.0,0.2,2.0,1.0,0.05,1,0.0,0.2,0.0
293,2026-04-23T09:47:32.393Z,S20260423_104712,SC01,AUTO,1.75,19.7633,0.0633,start,1,1500,VIDE,0.0,0.0,0.0,0.0,-0.698132,-0.0,2,0,2125.307,18.856,0.0,0.0,0.0,0.0,0.2,2.0,1.0,0.05,1,0.0,0.2,0.0
294,2026-04-23T09:47:32.455Z,S20260423_104712,SC01,AUTO,1.8119,19.8252,0.0619,start,1,1500,VIDE,0.0,0.0,0.0,0.0,-0.698132,-0.0,2,0,2073.901,20.069,0.0,0.0,0.0,0.0,0.2,2.0,1.0,0.05,1,0.0,0.2,0.0
295,2026-04-23T09:47:32.518Z,S20260423_104712,SC01,AUTO,1.8749,19.8883,0.063,start,1,1500,VIDE,0.0,0.0,0.0,0.0,-0.698132,-0.0,2,0,2021.874,15.022,0.0,0.0,0.0,0.0,0.2,2.0,1.0,0.05,1,0.0,0.2,0.0
296,2026-04-23T09:47:32.580Z,S20260423_104712,SC01,AUTO,1.9368,19.9501,0.0619,start,1,1500,VIDE,0.0,0.0,0.0,0.0,-0.698132,-0.0,2,0,1970.763,17.007,0.0,0.0,0.0,0.0,0.2,2.0,1.0,0.05,1,0.0,0.2,0.0
297,2026-04-23T09:47:32.645Z,S20260423_104712,SC01,AUTO,2.0021,20.0154,0.0653,start,1,1500,VIDE,0.0,0.0,0.0,0.0,-0.698132,-0.0,2,0,1918.232,19.543,0.0,0.0,0.0,0.0,0.2,2.0,1.0,0.05,1,0.0,0.2,0.0
298,2026-04-23T09:47:32.704Z,S20260423_104712,SC01,AUTO,2.0608,20.0741,0.0587,start,1,1500,VIDE,0.0,0.0,0.0,0.0,-0.698132,0.0,2,0,1894.297,18.939,0.0,0.0,0.0,0.0,0.2,2.0,1.0,0.05,1,0.0,0.2,0.0
299,2026-04-23T09:47:32.767Z,S20260423_104712,SC01,AUTO,2.1237,20.1371,0.0629,start,1,1500,VIDE,0.0,0.0,0.0,0.0,-0.698132,0.0,2,0,1839.809,17.6,0.0,0.0,0.0,0.0,0.2,2.0,1.0,0.05,1,0.0,0.2,0.0
300,2026-04-23T09:47:32.829Z,S20260423_104712,SC01,AUTO,2.1864,20.1998,0.0627,start,1,1500,VIDE,0.0,0.0,0.0,0.0,-0.698132,0.0,2,0,1788.398,19.895,0.0,0.0,0.0,0.0,0.2,2.0,1.0,0.05,1,0.0,0.2,0.0
301,2026-04-23T09:47:32.893Z,S20260423_104712,SC01,AUTO,2.2496,20.2629,0.0632,start,1,1500,VIDE,0.0,0.0,0.0,0.0,-0.698132,0.0,2,0,1735.981,19.55,0.0,0.0,0.0,0.0,0.2,2.0,1.0,0.05,1,0.0,0.2,0.0
302,2026-04-23T09:47:32.956Z,S20260423_104712,SC01,AUTO,2.3128,20.3261,0.0632,start,1,1500,VIDE,0.0,0.0,0.0,0.0,-0.698132,-0.0,2,0,1688.433,18.562,0.0,0.0,0.0,0.0,0.2,2.0,1.0,0.05,1,0.0,0.2,0.0
303,2026-04-23T09:47:33.017Z,S20260423_104712,SC01,AUTO,2.374,20.3873,0.0611,start,1,1500,VIDE,0.0,0.0,0.0,0.0,-0.698132,0.0,2,0,1632.349,19.438,0.0,0.0,0.0,0.0,0.2,2.0,1.0,0.05,1,0.0,0.2,0.0
304,2026-04-23T09:47:33.080Z,S20260423_104712,SC01,AUTO,2.4368,20.4501,0.0628,start,1,1500,VIDE,0.0,0.0,0.0,0.0,-0.698132,-0.0,2,0,1605.964,19.915,0.0,0.0,0.0,0.0,0.2,2.0,1.0,0.05,1,0.0,0.2,0.0
305,2026-04-23T09:47:33.143Z,S20260423_104712,SC01,AUTO,2.4999,20.5132,0.0631,start,1,1500,VIDE,0.0,0.0,0.0,0.0,-0.698132,-0.0,2,0,1554.494,20.407,0.0,0.0,0.0,0.0,0.2,2.0,1.0,0.05,1,0.0,0.2,0.0
306,2026-04-23T09:47:33.204Z,S20260423_104712,SC01,AUTO,2.5609,20.5742,0.061,start,1,1500,VIDE,0.0,0.0,0.0,0.0,-0.698132,-0.0,2,0,1500.736,19.364,0.0,0.0,0.0,0.0,0.2,2.0,1.0,0.05,1,0.0,0.2,0.0
307,2026-04-23T09:47:33.266Z,S20260423_104712,SC01,AUTO,2.6233,20.6366,0.0624,start,1,1500,VIDE,0.0,0.0,0.0,0.0,-0.698132,-0.0,2,0,1449.75,19.037,0.0,0.0,0.0,0.0,0.2,2.0,1.0,0.05,1,0.0,0.2,0.0
308,2026-04-23T09:47:33.332Z,S20260423_104712,SC01,AUTO,2.6888,20.7021,0.0655,start,1,1500,VIDE,0.0,0.0,0.0,0.0,-0.698132,-0.0,2,0,1398.089,19.6,0.0,0.0,0.0,0.0,0.2,2.0,1.0,0.05,1,0.0,0.2,0.0
309,2026-04-23T09:47:33.391Z,S20260423_104712,SC01,AUTO,2.7481,20.7614,0.0593,start,1,1500,VIDE,0.0,0.0,0.0,0.0,-0.698132,0.0,2,0,1345.957,19.005,0.0,0.0,0.0,0.0,0.2,2.0,1.0,0.05,1,0.0,0.2,0.0
310,2026-04-23T09:47:33.454Z,S20260423_104712,SC01,AUTO,2.8112,20.8245,0.0631,start,1,1500,VIDE,0.0,0.0,0.0,0.0,-0.698132,-0.0,2,0,1320.577,14.163,0.0,0.0,0.0,0.0,0.2,2.0,1.0,0.05,1,0.0,0.2,0.0
311,2026-04-23T09:47:33.517Z,S20260423_104712,SC01,AUTO,2.8738,20.8871,0.0626,start,1,1500,VIDE,0.0,0.0,0.0,0.0,-0.698132,0.0,2,0,1269.319,19.698,0.0,0.0,0.0,0.0,0.2,2.0,1.0,0.05,1,0.0,0.2,0.0
312,2026-04-23T09:47:33.579Z,S20260423_104712,SC01,AUTO,2.9357,20.949,0.0619,start,1,1500,VIDE,0.0,0.0,0.0,0.0,-0.698132,0.0,2,0,1213.718,19.73,0.0,0.0,0.0,0.0,0.2,2.0,1.0,0.05,1,0.0,0.2,0.0
313,2026-04-23T09:47:33.648Z,S20260423_104712,SC01,AUTO,3.0046,21.0179,0.0689,start,1,1500,VIDE,0.0,0.0,0.0,0.0,-0.698132,0.0,2,0,1162.119,20.162,0.0,0.0,0.0,0.0,0.2,2.0,1.0,0.05,1,0.0,0.2,0.0
314,2026-04-23T09:47:33.706Z,S20260423_104712,SC01,AUTO,3.0634,21.0767,0.0588,start,1,1500,VIDE,0.0,0.0,0.0,0.0,-0.698132,0.0,2,0,1107.552,20.878,0.0,0.0,0.0,0.0,0.2,2.0,1.0,0.05,1,0.0,0.2,0.0
315,2026-04-23T09:47:33.773Z,S20260423_104712,SC01,AUTO,3.1297,21.143,0.0663,start,1,1500,VIDE,0.0,0.0,0.0,0.0,-0.698132,-0.0,2,0,1063.021,18.443,0.0,0.0,0.0,0.0,0.2,2.0,1.0,0.05,1,0.0,0.2,0.0
316,2026-04-23T09:47:33.830Z,S20260423_104712,SC01,AUTO,3.1868,21.2002,0.0571,start,1,1500,VIDE,0.0,0.0,0.0,0.0,-0.698132,-0.0,2,0,1006.281,20.086,0.0,0.0,0.0,0.0,0.2,2.0,1.0,0.05,1,0.0,0.2,0.0
317,2026-04-23T09:47:33.891Z,S20260423_104712,SC01,AUTO,3.2478,21.2612,0.061,start,1,1500,VIDE,0.0,0.0,0.0,0.0,-0.698132,0.0,2,0,983.896,19.9,0.0,0.0,0.0,0.0,0.2,2.0,1.0,0.05,1,0.0,0.2,0.0
318,2026-04-23T09:47:33.963Z,S20260423_104712,SC01,AUTO,3.3198,21.3331,0.072,start,1,1500,VIDE,0.0,0.0,0.0,0.0,-0.698132,-0.0,2,0,931.293,19.372,0.0,0.0,0.0,0.0,0.2,2.0,1.0,0.05,1,0.0,0.2,0.0
319,2026-04-23T09:47:34.023Z,S20260423_104712,SC01,AUTO,3.3806,21.3939,0.0607,start,1,1500,VIDE,0.0,0.0,0.0,0.0,-0.698132,-0.0,2,0,879.599,19.677,0.0,0.0,0.0,0.0,0.2,2.0,1.0,0.05,1,0.0,0.2,0.0
320,2026-04-23T09:47:34.080Z,S20260423_104712,SC01,AUTO,3.4368,21.4502,0.0563,start,1,1500,VIDE,0.0,0.0,0.0,0.0,-0.698132,-0.0,2,0,827.639,19.616,0.0,0.0,0.0,0.0,0.2,2.0,1.0,0.05,1,0.0,0.2,0.0
321,2026-04-23T09:47:34.141Z,S20260423_104712,SC01,AUTO,3.4978,21.5111,0.061,start,1,1500,VIDE,0.0,0.0,0.0,0.0,-0.698132,-0.0,2,0,776.638,19.55,0.0,0.0,0.0,0.0,0.2,2.0,1.0,0.05,1,0.0,0.2,0.0
322,2026-04-23T09:47:34.205Z,S20260423_104712,SC01,AUTO,3.5621,21.5754,0.0643,start,1,1500,VIDE,0.0,0.0,0.0,0.0,-0.698132,-0.0,2,0,762.793,11.472,0.0,0.0,0.0,0.0,0.2,2.0,1.0,0.05,1,0.0,0.2,0.0
323,2026-04-23T09:47:34.266Z,S20260423_104712,SC01,AUTO,3.6228,21.6362,0.0608,start,1,1500,VIDE,0.0,0.0,0.0,0.0,-0.698132,0.0,2,0,699.512,19.183,0.0,0.0,0.0,0.0,0.2,2.0,1.0,0.05,1,0.0,0.2,0.0
324,2026-04-23T09:47:34.328Z,S20260423_104712,SC01,AUTO,3.6854,21.6987,0.0626,start,1,1500,VIDE,0.0,0.0,0.0,0.0,-0.698132,-0.0,2,0,648.291,13.02,0.0,0.0,0.0,0.0,0.2,2.0,1.0,0.05,1,0.0,0.2,0.0
325,2026-04-23T09:47:34.395Z,S20260423_104712,SC01,AUTO,3.7523,21.7656,0.067,start,1,1500,VIDE,0.0,0.0,0.0,0.0,-0.698132,-0.0,2,0,599.855,19.314,0.0,0.0,0.0,0.0,0.2,2.0,1.0,0.05,1,0.0,0.2,0.0
326,2026-04-23T09:47:34.461Z,S20260423_104712,SC01,AUTO,3.8179,21.8312,0.0655,start,1,1500,VIDE,0.0,0.0,0.0,0.0,-0.698132,0.0,2,0,546.018,19.111,0.0,0.0,0.0,0.0,0.2,2.0,1.0,0.05,1,0.0,0.2,0.0
327,2026-04-23T09:47:34.523Z,S20260423_104712,SC01,AUTO,3.8798,21.8932,0.062,start,1,1500,VIDE,0.0,0.0,0.0,0.0,-0.698132,0.0,2,0,492.286,20.425,0.0,0.0,0.0,0.0,0.2,2.0,1.0,0.05,1,0.0,0.2,0.0
328,2026-04-23T09:47:34.580Z,S20260423_104712,SC01,AUTO,3.9368,21.9501,0.057,start,1,1500,VIDE,0.0,0.0,0.0,0.0,-0.698132,-0.0,2,0,466.323,21.583,0.0,0.0,0.0,0.0,0.2,2.0,1.0,0.05,1,0.0,0.2,0.0
329,2026-04-23T09:47:34.657Z,S20260423_104712,SC01,AUTO,4.014,22.0273,0.0772,start,1,1500,VIDE,0.0,0.0,0.0,0.0,-0.698132,0.0,2,0,390.505,19.464,0.0,0.0,0.0,0.0,0.2,2.0,1.0,0.05,1,0.0,0.2,0.0
330,2026-04-23T09:47:34.703Z,S20260423_104712,SC01,AUTO,4.0602,22.0735,0.0462,start,1,1500,VIDE,0.0,0.0,0.0,0.0,-0.698132,-0.0,2,0,365.774,19.174,0.0,0.0,0.0,0.0,0.2,2.0,1.0,0.05,1,0.0,0.2,0.0
331,2026-04-23T09:47:34.774Z,S20260423_104712,SC01,AUTO,4.1315,22.1448,0.0713,start,1,1500,VIDE,0.0,0.0,0.0,0.0,-0.698132,-0.0,2,0,313.804,18.912,0.0,0.0,0.0,0.0,0.2,2.0,1.0,0.05,1,0.0,0.2,0.0
332,2026-04-23T09:47:34.829Z,S20260423_104712,SC01,AUTO,4.1863,22.1997,0.0548,start,1,1500,VIDE,0.0,0.0,0.0,0.0,-0.698132,-0.0,2,0,261.846,18.511,0.0,0.0,0.0,0.0,0.2,2.0,1.0,0.05,1,0.0,0.2,0.0
333,2026-04-23T09:47:34.893Z,S20260423_104712,SC01,AUTO,4.2499,22.2633,0.0636,start,1,1500,VIDE,0.0,0.0,0.0,0.0,-0.698132,0.0,2,0,239.905,19.037,0.0,0.0,0.0,0.0,0.2,2.0,1.0,0.05,1,0.0,0.2,0.0
334,2026-04-23T09:47:34.957Z,S20260423_104712,SC01,AUTO,4.3141,22.3274,0.0641,start,1,1500,VIDE,0.0,0.0,0.0,0.0,-0.698132,0.0,2,0,188.239,19.462,0.0,0.0,0.0,0.0,0.2,2.0,1.0,0.05,1,0.0,0.2,0.0
335,2026-04-23T09:47:35.021Z,S20260423_104712,SC01,AUTO,4.3777,22.391,0.0636,start,1,1500,VIDE,0.0,0.0,0.0,0.0,-0.698132,0.0,2,0,136.746,19.474,0.0,0.0,0.0,0.0,0.2,2.0,1.0,0.05,1,0.0,0.2,0.0
336,2026-04-23T09:47:35.079Z,S20260423_104712,SC01,AUTO,4.4362,22.4496,0.0585,start,1,1500,VIDE,0.0,0.0,0.0,0.0,-0.698132,0.0,1,0,90.208,18.073,0.0,0.0,0.0,0.0,0.2,2.0,1.0,0.05,1,0.0,0.2,0.0
337,2026-04-23T09:47:35.143Z,S20260423_104712,SC01,AUTO,4.5,22.5134,0.0638,start,1,1500,VIDE,0.0,0.0,0.0,0.0,-0.698132,0.0,1,0,75.932,12.496,0.0,0.0,0.0,0.0,0.2,2.0,1.0,0.05,1,0.0,0.2,0.0
338,2026-04-23T09:47:35.210Z,S20260423_104712,SC01,AUTO,4.5666,22.5799,0.0665,start,1,1500,VIDE,0.0,0.0,0.0,0.0,-0.698132,0.0,1,0,26.085,19.171,0.0,0.0,0.0,0.0,0.2,2.0,1.0,0.05,1,0.0,0.2,0.0
339,2026-04-23T09:47:35.272Z,S20260423_104712,SC01,AUTO,4.6294,22.6427,0.0628,start,1,1500,VIDE,0.0,0.0,0.0,0.0,-0.698132,-0.0,1,0,20.969,19.326,0.0,0.0,0.0,0.0,0.2,2.0,1.0,0.05,1,0.0,0.2,0.0
340,2026-04-23T09:47:35.333Z,S20260423_104712,SC01,AUTO,4.6898,22.7031,0.0603,start,1,1500,VIDE,0.0,0.0,0.0,0.0,-0.698132,-0.0,1,0,30.651,19.3,0.0,0.0,0.0,0.0,0.2,2.0,1.0,0.05,1,0.0,0.2,0.0
341,2026-04-23T09:47:35.395Z,S20260423_104712,SC01,AUTO,4.7524,22.7657,0.0627,start,1,1500,VIDE,0.0,0.0,0.0,0.0,-0.698132,-0.0,1,0,18.513,19.741,0.0,0.0,0.0,0.0,0.2,2.0,1.0,0.05,1,0.0,0.2,0.0
342,2026-04-23T09:47:35.454Z,S20260423_104712,SC01,AUTO,4.8109,22.8242,0.0585,start,1,1500,VIDE,0.0,0.0,0.0,0.0,-0.698132,-0.0,1,0,24.447,20.196,0.0,0.0,0.0,0.0,0.2,2.0,1.0,0.05,1,0.0,0.2,0.0
343,2026-04-23T09:47:35.517Z,S20260423_104712,SC01,AUTO,4.8743,22.8877,0.0634,start,1,1500,VIDE,0.0,0.0,0.0,0.0,-0.698132,-0.0,1,0,33.506,20.323,0.0,0.0,0.0,0.0,0.2,2.0,1.0,0.05,1,0.0,0.2,0.0
344,2026-04-23T09:47:35.580Z,S20260423_104712,SC01,AUTO,4.9372,22.9505,0.0628,start,1,1500,VIDE,0.0,0.0,0.0,0.0,-0.698132,0.0,1,0,30.976,20.826,0.0,0.0,0.0,0.0,0.2,2.0,1.0,0.05,1,0.0,0.2,0.0
345,2026-04-23T09:47:35.646Z,S20260423_104712,SC01,AUTO,5.0031,23.0165,0.066,accel_1,1,1500,VIDE,0.0,0.12,0.0,0.0,-0.698132,0.0,1,0,19.898,15.854,0.0,0.12,0.0,0.0,1.3,2.0,1.0,0.05,1,0.0,1.3,0.0
346,2026-04-23T09:47:35.704Z,S20260423_104712,SC01,AUTO,5.0607,23.074,0.0576,accel_1,1,1500,VIDE,0.0,0.12,0.0,0.001241,-0.698132,0.0,1,0,32.087,15.091,0.0,0.12,0.0,0.0,1.3,2.0,1.0,0.05,1,0.00124,1.29876,0.0
347,2026-04-23T09:47:35.767Z,S20260423_104712,SC01,AUTO,5.1236,23.137,0.0629,accel_1,1,1500,VIDE,0.0,0.12,0.0,0.00668,-0.698132,-0.0,1,0,19.993,20.067,0.0,0.12,0.0,0.0,1.3,2.0,1.0,0.05,1,0.00668,1.29332,0.0
348,2026-04-23T09:47:35.830Z,S20260423_104712,SC01,AUTO,5.1868,23.2001,0.0632,accel_1,1,1500,VIDE,0.0,0.12,0.0,0.01188,-0.698132,0.0,1,0,47.022,31.495,0.0,0.12,0.0,0.0,1.3,2.0,1.0,0.05,1,0.01188,1.28812,0.0
349,2026-04-23T09:47:35.892Z,S20260423_104712,SC01,AUTO,5.2487,23.262,0.0618,accel_1,1,1500,VIDE,0.0,0.12,0.0,0.019513,-0.698132,0.0,1,0,22.636,19.544,0.0,0.12,0.0,0.0,1.3,2.0,1.0,0.05,1,0.01951,1.28049,0.0
350,2026-04-23T09:47:35.955Z,S20260423_104712,SC01,AUTO,5.3123,23.3256,0.0636,accel_1,1,1500,VIDE,0.0,0.12,0.0,0.029865,-0.698132,-0.0,1,0,32.312,18.458,0.0,0.12,0.0,0.0,1.3,2.0,1.0,0.05,1,0.02986,1.27014,0.0
351,2026-04-23T09:47:36.018Z,S20260423_104712,SC01,AUTO,5.3746,23.388,0.0624,accel_1,1,1500,VIDE,0.0,0.12,0.0,0.041298,-0.698132,-0.0,1,0,18.702,20.385,0.0,0.12,0.0,0.0,1.3,2.0,1.0,0.05,1,0.0413,1.2587,0.0
352,2026-04-23T09:47:36.079Z,S20260423_104712,SC01,AUTO,5.4356,23.449,0.061,accel_1,1,1500,VIDE,0.0,0.12,0.0,0.053753,-0.698132,0.0,1,0,31.771,18.262,0.0,0.12,0.0,0.0,1.3,2.0,1.0,0.05,1,0.05375,1.24625,0.0
353,2026-04-23T09:47:36.141Z,S20260423_104712,SC01,AUTO,5.4979,23.5112,0.0622,accel_1,1,1500,VIDE,0.0,0.12,0.0,0.060351,-0.698132,-0.0,1,0,22.334,21.776,0.0,0.12,0.0,0.0,1.3,2.0,1.0,0.05,1,0.06035,1.23965,0.0
354,2026-04-23T09:47:36.205Z,S20260423_104712,SC01,AUTO,5.5616,23.5749,0.0638,accel_1,1,1500,VIDE,0.0,0.12,0.0,0.074235,-0.698132,-0.0,1,0,26.964,24.493,0.0,0.12,0.0,0.0,1.3,2.0,1.0,0.05,1,0.07423,1.22577,0.0
355,2026-04-23T09:47:36.267Z,S20260423_104712,SC01,AUTO,5.6244,23.6378,0.0628,accel_1,1,1500,VIDE,0.0,0.12,0.0,0.088942,-0.698132,0.0,1,0,19.442,19.079,0.0,0.12,0.0,0.0,1.3,2.0,1.0,0.05,1,0.08894,1.21106,0.0
356,2026-04-23T09:47:36.330Z,S20260423_104712,SC01,AUTO,5.6867,23.7,0.0622,accel_1,1,1500,VIDE,0.0,0.12,0.0,0.104342,-0.698132,-0.0,1,0,25.951,19.555,0.0,0.12,0.0,0.0,1.3,2.0,1.0,0.05,1,0.10434,1.19566,0.0
357,2026-04-23T09:47:36.392Z,S20260423_104712,SC01,AUTO,5.7488,23.7621,0.0622,accel_1,1,1500,VIDE,0.0,0.12,0.0,0.120309,-0.698132,-0.0,1,0,30.992,20.355,0.0,0.12,0.0,0.0,1.3,2.0,1.0,0.05,1,0.12031,1.17969,0.0
358,2026-04-23T09:47:36.456Z,S20260423_104712,SC01,AUTO,5.813,23.8264,0.0643,accel_1,1,1500,VIDE,0.0,0.12,0.0,0.13673,-0.698132,0.0,1,0,20.546,18.384,0.0,0.12,0.0,0.0,1.3,2.0,1.0,0.05,1,0.13673,1.16327,0.0
359,2026-04-23T09:47:36.518Z,S20260423_104712,SC01,AUTO,5.8746,23.8879,0.0616,accel_1,1,1500,VIDE,0.0,0.12,0.0,0.153511,-0.698132,0.0,1,0,30.031,19.943,0.0,0.12,0.0,0.0,1.3,2.0,1.0,0.05,1,0.15351,1.14649,0.0
360,2026-04-23T09:47:36.580Z,S20260423_104712,SC01,AUTO,5.9374,23.9507,0.0627,accel_1,1,1500,VIDE,0.0,0.12,0.0,0.170575,-0.698132,0.0,1,0,16.002,18.503,0.0,0.12,0.0,0.0,1.3,2.0,1.0,0.05,1,0.17057,1.12943,0.0
361,2026-04-23T09:47:36.649Z,S20260423_104712,SC01,AUTO,6.0065,24.0198,0.069,accel_1,1,1500,VIDE,0.0,0.12,0.0,0.187862,-0.698132,-0.0,1,0,22.66,18.56,0.0,0.12,0.0,0.0,1.3,2.0,1.0,0.05,1,0.18786,1.11214,0.0
362,2026-04-23T09:47:36.706Z,S20260423_104712,SC01,AUTO,6.0626,24.0759,0.0562,accel_1,1,1500,VIDE,0.0,0.12,0.0,0.196573,-0.698132,0.0,1,0,29.811,28.031,0.0,0.12,0.0,0.0,1.3,2.0,1.0,0.05,1,0.19657,1.10343,0.0
363,2026-04-23T09:47:36.768Z,S20260423_104712,SC01,AUTO,6.1249,24.1383,0.0624,accel_1,1,1500,VIDE,0.0,0.12,0.0,0.214108,-0.698132,0.0,1,0,25.12,20.076,0.0,0.12,0.0,0.0,1.3,2.0,1.0,0.05,1,0.21411,1.08589,0.0
364,2026-04-23T09:47:36.829Z,S20260423_104712,SC01,AUTO,6.1858,24.1991,0.0609,accel_1,1,1500,VIDE,0.0,0.12,0.0,0.231763,-0.698132,0.0,1,0,13.723,19.131,0.0,0.12,0.0,0.0,1.3,2.0,1.0,0.05,1,0.23176,1.06824,0.0
365,2026-04-23T09:47:36.892Z,S20260423_104712,SC01,AUTO,6.2491,24.2625,0.0633,accel_1,1,1500,VIDE,0.0,0.12,0.0,0.249514,-0.698132,0.0,1,0,20.562,19.566,0.0,0.12,0.0,0.0,1.3,2.0,1.0,0.05,1,0.24951,1.05049,0.0
366,2026-04-23T09:47:36.955Z,S20260423_104712,SC01,AUTO,6.3123,24.3257,0.0632,accel_1,1,1500,VIDE,0.0,0.12,0.0,0.26734,-0.698132,-0.0,1,0,25.795,20.565,0.0,0.12,0.0,0.0,1.3,2.0,1.0,0.05,1,0.26734,1.03266,0.0
367,2026-04-23T09:47:37.017Z,S20260423_104712,SC01,AUTO,6.3744,24.3878,0.0621,accel_1,1,1500,VIDE,0.0,0.12,0.0,0.285224,-0.698132,0.0,1,0,14.434,18.669,0.0,0.12,0.0,0.0,1.3,2.0,1.0,0.05,1,0.28522,1.01478,0.0
368,2026-04-23T09:47:37.082Z,S20260423_104712,SC01,AUTO,6.4386,24.4519,0.0642,accel_1,1,1500,VIDE,0.0,0.12,0.0,0.294183,-0.698132,0.0,1,0,22.247,28.552,0.0,0.12,0.0,0.0,1.3,2.0,1.0,0.05,1,0.29418,1.00582,0.0
369,2026-04-23T09:47:37.143Z,S20260423_104712,SC01,AUTO,6.5003,24.5137,0.0617,accel_1,1,1500,VIDE,0.0,0.12,0.0,0.312132,-0.698132,0.0,1,0,15.786,18.233,0.0,0.12,0.0,0.0,1.3,2.0,1.0,0.05,1,0.31213,0.98787,0.0
370,2026-04-23T09:47:37.207Z,S20260423_104712,SC01,AUTO,6.5638,24.5771,0.0635,accel_1,1,1500,VIDE,0.0,0.12,0.0,0.330112,-0.698132,0.0,1,0,24.347,18.488,0.0,0.12,0.0,0.0,1.3,2.0,1.0,0.05,1,0.33011,0.96989,0.0
371,2026-04-23T09:47:37.269Z,S20260423_104712,SC01,AUTO,6.6265,24.6399,0.0627,accel_1,1,1500,VIDE,0.0,0.12,0.0,0.348116,-0.698132,-0.0,1,0,30.987,20.198,0.0,0.12,0.0,0.0,1.3,2.0,1.0,0.05,1,0.34812,0.95188,0.0
372,2026-04-23T09:47:37.330Z,S20260423_104712,SC01,AUTO,6.6866,24.6999,0.0601,accel_1,1,1500,VIDE,0.0,0.12,0.0,0.36614,-0.698132,0.0,1,0,18.495,19.325,0.0,0.12,0.0,0.0,1.3,2.0,1.0,0.05,1,0.36614,0.93386,0.0
373,2026-04-23T09:47:37.395Z,S20260423_104712,SC01,AUTO,6.7516,24.765,0.065,accel_1,1,1500,VIDE,0.0,0.12,0.0,0.384179,-0.698132,0.0,1,0,25.234,19.528,0.0,0.12,0.0,0.0,1.3,2.0,1.0,0.05,1,0.38418,0.91582,0.0
374,2026-04-23T09:47:37.458Z,S20260423_104712,SC01,AUTO,6.8152,24.8285,0.0636,accel_1,1,1500,VIDE,0.0,0.12,0.0,0.402229,-0.698132,-0.0,1,0,15.407,19.066,0.0,0.12,0.0,0.0,1.3,2.0,1.0,0.05,1,0.40223,0.89777,0.0
375,2026-04-23T09:47:37.517Z,S20260423_104712,SC01,AUTO,6.8745,24.8878,0.0593,accel_1,1,1500,VIDE,0.0,0.12,0.0,0.411257,-0.698132,0.0,1,0,25.681,21.909,0.0,0.12,0.0,0.0,1.3,2.0,1.0,0.05,1,0.41126,0.88874,0.0
376,2026-04-23T09:47:37.580Z,S20260423_104712,SC01,AUTO,6.9366,24.95,0.0622,accel_1,1,1500,VIDE,0.0,0.12,0.0,0.42932,-0.698132,0.0,1,0,14.77,18.342,0.0,0.12,0.0,0.0,1.3,2.0,1.0,0.05,1,0.42932,0.87068,0.0
377,2026-04-23T09:47:37.647Z,S20260423_104712,SC01,AUTO,7.0039,25.0172,0.0673,accel_1,1,1500,VIDE,0.0,0.12,0.0,0.447389,-0.698132,0.0,1,0,21.632,17.234,0.0,0.12,0.0,0.0,1.3,2.0,1.0,0.05,1,0.44739,0.85261,0.0
378,2026-04-23T09:47:37.708Z,S20260423_104712,SC01,AUTO,7.0654,25.0787,0.0615,accel_1,1,1500,VIDE,0.0,0.12,0.0,0.465462,-0.698132,-0.0,1,0,27.544,19.183,0.0,0.12,0.0,0.0,1.3,2.0,1.0,0.05,1,0.46546,0.83454,0.0
379,2026-04-23T09:47:37.773Z,S20260423_104712,SC01,AUTO,7.1298,25.1432,0.0644,accel_1,1,1500,VIDE,0.0,0.12,0.0,0.483539,-0.698132,0.0,1,0,24.166,19.02,0.0,0.12,0.0,0.0,1.3,2.0,1.0,0.05,1,0.48354,0.81646,0.0
380,2026-04-23T09:47:37.829Z,S20260423_104712,SC01,AUTO,7.1866,25.1999,0.0567,accel_1,1,1500,VIDE,0.0,0.12,0.0,0.492578,-0.698132,-0.0,1,0,25.28,18.635,0.0,0.12,0.0,0.0,1.3,2.0,1.0,0.05,1,0.49258,0.80742,0.0
381,2026-04-23T09:47:37.896Z,S20260423_104712,SC01,AUTO,7.2529,25.2663,0.0664,accel_1,1,1500,VIDE,0.0,0.12,0.0,0.510659,-0.698132,-0.0,1,0,17.262,19.377,0.0,0.12,0.0,0.0,1.3,2.0,1.0,0.05,1,0.51066,0.78934,0.0
382,2026-04-23T09:47:37.960Z,S20260423_104712,SC01,AUTO,7.3172,25.3305,0.0642,accel_1,1,1500,VIDE,0.0,0.12,0.0,0.528741,-0.698132,-0.0,1,0,26.192,19.892,0.0,0.12,0.0,0.0,1.3,2.0,1.0,0.05,1,0.52874,0.77126,0.0
383,2026-04-23T09:47:38.023Z,S20260423_104712,SC01,AUTO,7.3802,25.3936,0.063,accel_1,1,1500,VIDE,0.0,0.12,0.0,0.546824,-0.698132,-0.0,1,0,33.568,15.776,0.0,0.12,0.0,0.0,1.3,2.0,1.0,0.05,1,0.54682,0.75318,0.0
384,2026-04-23T09:47:38.080Z,S20260423_104712,SC01,AUTO,7.4371,25.4505,0.0569,accel_1,1,1500,VIDE,0.0,0.12,0.0,0.555866,-0.698132,0.0,1,0,26.059,21.725,0.0,0.12,0.0,0.0,1.3,2.0,1.0,0.05,1,0.55587,0.74413,0.0
385,2026-04-23T09:47:38.141Z,S20260423_104712,SC01,AUTO,7.4983,25.5116,0.0612,accel_1,1,1500,VIDE,0.0,0.12,0.0,0.57395,-0.698132,0.0,1,0,18.663,16.491,0.0,0.12,0.0,0.0,1.3,2.0,1.0,0.05,1,0.57395,0.72605,0.0
386,2026-04-23T09:47:38.205Z,S20260423_104712,SC01,AUTO,7.5618,25.5751,0.0635,accel_1,1,1500,VIDE,0.0,0.12,0.0,0.592034,-0.698132,0.0,1,0,24.496,19.403,0.0,0.12,0.0,0.0,1.3,2.0,1.0,0.05,1,0.59203,0.70797,0.0
387,2026-04-23T09:47:38.269Z,S20260423_104712,SC01,AUTO,7.6261,25.6394,0.0643,accel_1,1,1500,VIDE,0.0,0.12,0.0,0.610118,-0.698132,0.0,1,0,13.213,20.013,0.0,0.12,0.0,0.0,1.3,2.0,1.0,0.05,1,0.61012,0.68988,0.0
388,2026-04-23T09:47:38.330Z,S20260423_104712,SC01,AUTO,7.6868,25.7001,0.0607,accel_1,1,1500,VIDE,0.0,0.12,0.0,0.628202,-0.698132,0.0,1,0,21.023,18.982,0.0,0.12,0.0,0.0,1.3,2.0,1.0,0.05,1,0.6282,0.6718,0.0
389,2026-04-23T09:47:38.398Z,S20260423_104712,SC01,AUTO,7.7546,25.7679,0.0678,accel_1,1,1500,VIDE,0.0,0.12,0.0,0.643272,-0.698132,0.0,1,0,55.082,3.301,0.0,0.12,0.0,0.0,1.3,2.0,1.0,0.05,1,0.64327,0.65673,0.0
390,2026-04-23T09:47:38.461Z,S20260423_104712,SC01,AUTO,7.8182,25.8316,0.0636,accel_1,1,1500,VIDE,0.0,0.12,0.0,0.655328,-0.698132,-0.0,1,0,31.643,20.781,0.0,0.12,0.0,0.0,1.3,2.0,1.0,0.05,1,0.65533,0.64467,0.0
391,2026-04-23T09:47:38.522Z,S20260423_104712,SC01,AUTO,7.8791,25.8925,0.0609,accel_1,1,1500,VIDE,0.0,0.12,0.0,0.673411,-0.698132,-0.0,1,0,24.416,14.411,0.0,0.12,0.0,0.0,1.3,2.0,1.0,0.05,1,0.67341,0.62659,0.0
392,2026-04-23T09:47:38.579Z,S20260423_104712,SC01,AUTO,7.9356,25.9489,0.0565,accel_1,1,1500,VIDE,0.0,0.12,0.0,0.691494,-0.698132,-0.0,1,0,31.894,17.966,0.0,0.12,0.0,0.0,1.3,2.0,1.0,0.05,1,0.69149,0.60851,0.0
393,2026-04-23T09:47:38.646Z,S20260423_104712,SC01,AUTO,8.0031,26.0164,0.0675,accel_1,1,1500,VIDE,0.0,0.12,0.0,0.709576,-0.698132,-0.0,1,0,19.052,19.228,0.0,0.12,0.0,0.0,1.3,2.0,1.0,0.05,1,0.70958,0.59042,0.0
394,2026-04-23T09:47:38.710Z,S20260423_104712,SC01,AUTO,8.0668,26.0801,0.0637,accel_1,1,1500,VIDE,0.0,0.12,0.0,0.727658,-0.698132,-0.0,1,0,25.947,19.427,0.0,0.12,0.0,0.0,1.3,2.0,1.0,0.05,1,0.72766,0.57234,0.0
395,2026-04-23T09:47:38.771Z,S20260423_104712,SC01,AUTO,8.128,26.1414,0.0613,accel_1,1,1500,VIDE,0.0,0.12,0.0,0.736699,-0.698132,0.0,1,0,17.703,20.495,0.0,0.12,0.0,0.0,1.3,2.0,1.0,0.05,1,0.7367,0.5633,0.0
396,2026-04-23T09:47:38.829Z,S20260423_104712,SC01,AUTO,8.1859,26.1992,0.0579,accel_1,1,1500,VIDE,0.0,0.12,0.0,0.75478,-0.698132,-0.0,1,0,31.121,19.849,0.0,0.12,0.0,0.0,1.3,2.0,1.0,0.05,1,0.75478,0.54522,0.0
397,2026-04-23T09:47:38.893Z,S20260423_104712,SC01,AUTO,8.2498,26.2631,0.0639,accel_1,1,1500,VIDE,0.0,0.12,0.0,0.77286,-0.698132,0.0,1,0,18.469,19.801,0.0,0.12,0.0,0.0,1.3,2.0,1.0,0.05,1,0.77286,0.52714,0.0
398,2026-04-23T09:47:38.957Z,S20260423_104712,SC01,AUTO,8.314,26.3273,0.0642,accel_1,1,1500,VIDE,0.0,0.12,0.0,0.790939,-0.698132,0.0,1,0,25.815,20.026,0.0,0.12,0.0,0.0,1.3,2.0,1.0,0.05,1,0.79094,0.50906,0.0
399,2026-04-23T09:47:39.021Z,S20260423_104712,SC01,AUTO,8.3778,26.3912,0.0635,accel_1,1,1500,VIDE,0.0,0.12,0.0,0.809018,-0.698132,0.0,1,0,31.822,19.408,0.0,0.12,0.0,0.0,1.3,2.0,1.0,0.05,1,0.80902,0.49098,0.0
400,2026-04-23T09:47:39.081Z,S20260423_104712,SC01,AUTO,8.4382,26.4515,0.0606,accel_1,1,1500,VIDE,0.0,0.12,0.0,0.818057,-0.698132,0.0,1,0,22.508,23.526,0.0,0.12,0.0,0.0,1.3,2.0,1.0,0.05,1,0.81806,0.48194,0.0
401,2026-04-23T09:47:39.143Z,S20260423_104712,SC01,AUTO,8.5001,26.5135,0.062,accel_1,1,1500,VIDE,0.0,0.12,0.0,0.836134,-0.698132,0.0,1,0,30.057,25.216,0.0,0.12,0.0,0.0,1.3,2.0,1.0,0.05,1,0.83613,0.46387,0.0
402,2026-04-23T09:47:39.207Z,S20260423_104712,SC01,AUTO,8.5639,26.5773,0.0638,accel_1,1,1500,VIDE,0.0,0.12,0.0,0.854211,-0.698132,0.0,1,0,23.605,19.37,0.0,0.12,0.0,0.0,1.3,2.0,1.0,0.05,1,0.85421,0.44579,0.0
403,2026-04-23T09:47:39.270Z,S20260423_104712,SC01,AUTO,8.6266,26.6399,0.0627,accel_1,1,1500,VIDE,0.0,0.12,0.0,0.872286,-0.698132,-0.0,1,0,29.48,19.883,0.0,0.12,0.0,0.0,1.3,2.0,1.0,0.05,1,0.87229,0.42771,0.0
404,2026-04-23T09:47:39.330Z,S20260423_104712,SC01,AUTO,8.6866,26.7,0.06,accel_1,1,1500,VIDE,0.0,0.12,0.0,0.890362,-0.698132,0.0,1,0,17.157,19.702,0.0,0.12,0.0,0.0,1.3,2.0,1.0,0.05,1,0.89036,0.40964,0.0
405,2026-04-23T09:47:39.395Z,S20260423_104712,SC01,AUTO,8.7518,26.7652,0.0651,accel_1,1,1500,VIDE,0.0,0.12,0.0,0.908436,-0.698132,0.0,1,0,25.482,20.67,0.0,0.12,0.0,0.0,1.3,2.0,1.0,0.05,1,0.90844,0.39156,0.0
406,2026-04-23T09:47:39.455Z,S20260423_104712,SC01,AUTO,8.8121,26.8255,0.0604,accel_1,1,1500,VIDE,0.0,0.12,0.0,0.920485,-0.698132,-0.0,1,0,32.197,11.334,0.0,0.12,0.0,0.0,1.3,2.0,1.0,0.05,1,0.92048,0.37952,0.0
407,2026-04-23T09:47:39.517Z,S20260423_104712,SC01,AUTO,8.874,26.8873,0.0619,accel_1,1,1500,VIDE,0.0,0.12,0.0,0.935545,-0.698132,0.0,1,0,28.788,18.971,0.0,0.12,0.0,0.0,1.3,2.0,1.0,0.05,1,0.93555,0.36445,0.0
408,2026-04-23T09:47:39.581Z,S20260423_104712,SC01,AUTO,8.938,26.9514,0.064,accel_1,1,1500,VIDE,0.0,0.12,0.0,0.953617,-0.698132,-0.0,1,0,20.174,18.321,0.0,0.12,0.0,0.0,1.3,2.0,1.0,0.05,1,0.95362,0.34638,0.0
409,2026-04-23T09:47:39.644Z,S20260423_104712,SC01,AUTO,9.0013,27.0147,0.0633,accel_1,1,1500,VIDE,0.0,0.12,0.0,0.971689,-0.698132,-0.0,1,0,27.38,19.131,0.0,0.12,0.0,0.0,1.3,2.0,1.0,0.05,1,0.97169,0.32831,0.0
410,2026-04-23T09:47:39.705Z,S20260423_104712,SC01,AUTO,9.0621,27.0754,0.0608,accel_1,1,1500,VIDE,0.0,0.12,0.0,0.989759,-0.698132,0.0,1,0,17.82,18.558,0.0,0.12,0.0,0.0,1.3,2.0,1.0,0.05,1,0.98976,0.31024,0.0
411,2026-04-23T09:47:39.768Z,S20260423_104712,SC01,AUTO,9.125,27.1384,0.0629,accel_1,1,1500,VIDE,0.0,0.12,0.0,1.001805,-0.698132,-0.0,1,0,45.314,10.65,0.0,0.12,0.0,0.0,1.3,2.0,1.0,0.05,1,1.00181,0.29819,0.0
412,2026-04-23T09:47:39.830Z,S20260423_104712,SC01,AUTO,9.1871,27.2004,0.062,accel_1,1,1500,VIDE,0.0,0.12,0.0,1.016863,-0.698132,0.0,1,0,21.728,19.876,0.0,0.12,0.0,0.0,1.3,2.0,1.0,0.05,1,1.01686,0.28314,0.0
413,2026-04-23T09:47:39.893Z,S20260423_104712,SC01,AUTO,9.2497,27.263,0.0626,accel_1,1,1500,VIDE,0.0,0.12,0.0,1.034931,-0.698132,0.0,1,0,34.658,19.347,0.0,0.12,0.0,0.0,1.3,2.0,1.0,0.05,1,1.03493,0.26507,0.0
414,2026-04-23T09:47:39.956Z,S20260423_104712,SC01,AUTO,9.3128,27.3261,0.0631,accel_1,1,1500,VIDE,0.0,0.12,0.0,1.052998,-0.698132,-0.0,1,0,22.844,20.046,0.0,0.12,0.0,0.0,1.3,2.0,1.0,0.05,1,1.053,0.247,0.0
415,2026-04-23T09:47:40.017Z,S20260423_104712,SC01,AUTO,9.3738,27.3871,0.061,accel_1,1,1500,VIDE,0.0,0.12,0.0,1.071064,-0.698132,-0.0,1,0,28.072,19.531,0.0,0.12,0.0,0.0,1.3,2.0,1.0,0.05,1,1.07106,0.22894,0.0
416,2026-04-23T09:47:40.080Z,S20260423_104712,SC01,AUTO,9.4367,27.45,0.0629,accel_1,1,1500,VIDE,0.0,0.12,0.0,1.089129,-0.698132,0.0,1,0,15.155,19.567,0.0,0.12,0.0,0.0,1.3,2.0,1.0,0.05,1,1.08913,0.21087,0.0
417,2026-04-23T09:47:40.141Z,S20260423_104712,SC01,AUTO,9.4979,27.5112,0.0612,accel_1,1,1500,VIDE,0.0,0.12,0.0,1.098161,-0.698132,-0.0,1,0,27.006,22.935,0.0,0.12,0.0,0.0,1.3,2.0,1.0,0.05,1,1.09816,0.20184,0.0
418,2026-04-23T09:47:40.206Z,S20260423_104712,SC01,AUTO,9.5628,27.5761,0.0649,accel_1,1,1500,VIDE,0.0,0.12,0.0,1.116225,-0.698132,0.0,1,0,21.47,19.138,0.0,0.12,0.0,0.0,1.3,2.0,1.0,0.05,1,1.11623,0.18377,0.0
419,2026-04-23T09:47:40.268Z,S20260423_104712,SC01,AUTO,9.6248,27.6381,0.062,accel_1,1,1500,VIDE,0.0,0.12,0.0,1.134288,-0.698132,-0.0,1,0,29.785,20.195,0.0,0.12,0.0,0.0,1.3,2.0,1.0,0.05,1,1.13429,0.16571,0.0
420,2026-04-23T09:47:40.331Z,S20260423_104712,SC01,AUTO,9.6878,27.7012,0.063,accel_1,1,1500,VIDE,0.0,0.12,0.0,1.15235,-0.698132,0.0,1,0,17.363,19.421,0.0,0.12,0.0,0.0,1.3,2.0,1.0,0.05,1,1.15235,0.14765,0.0
421,2026-04-23T09:47:40.394Z,S20260423_104712,SC01,AUTO,9.7507,27.7641,0.0628,accel_1,1,1500,VIDE,0.0,0.12,0.0,1.170411,-0.698132,-0.0,1,0,22.134,19.569,0.0,0.12,0.0,0.0,1.3,2.0,1.0,0.05,1,1.17041,0.12959,0.0
422,2026-04-23T09:47:40.456Z,S20260423_104712,SC01,AUTO,9.8131,27.8264,0.0624,accel_1,1,1500,VIDE,0.0,0.12,0.0,1.188471,-0.698132,0.0,1,0,29.868,20.54,0.0,0.12,0.0,0.0,1.3,2.0,1.0,0.05,1,1.18847,0.11153,0.0
423,2026-04-23T09:47:40.518Z,S20260423_104712,SC01,AUTO,9.8752,27.8886,0.0621,accel_1,1,1500,VIDE,0.0,0.12,0.0,1.1975,-0.698132,-0.0,1,0,26.351,19.721,0.0,0.12,0.0,0.0,1.3,2.0,1.0,0.05,1,1.1975,0.1025,0.0
424,2026-04-23T09:47:40.582Z,S20260423_104712,SC01,AUTO,9.9388,27.9521,0.0636,accel_1,1,1500,VIDE,0.0,0.12,0.0,1.215559,-0.698132,0.0,1,0,31.308,22.438,0.0,0.12,0.0,0.0,1.3,2.0,1.0,0.05,1,1.21556,0.08444,0.0
425,2026-04-23T09:47:40.646Z,S20260423_104712,SC01,AUTO,10.0029,28.0162,0.0641,accel_2,1,1500,VIDE,0.0,0.2,0.0,1.233616,-0.698132,-0.0,1,0,20.192,18.589,0.0,0.2,0.0,1.1,3.3,2.0,1.0,0.05,1,0.13362,2.06638,0.0
426,2026-04-23T09:47:40.706Z,S20260423_104712,SC01,AUTO,10.0627,28.076,0.0598,accel_2,1,1500,VIDE,0.0,0.2,0.0,1.252162,-0.698132,0.0,1,0,27.258,14.769,0.0,0.2,0.0,1.1,3.3,2.0,1.0,0.05,1,0.15216,2.04784,0.0
427,2026-04-23T09:47:40.767Z,S20260423_104712,SC01,AUTO,10.1237,28.1371,0.061,accel_2,1,1500,VIDE,0.0,0.2,0.0,1.276959,-0.698132,-0.0,1,0,17.29,0.446,0.0,0.2,0.0,1.1,3.3,2.0,1.0,0.05,1,0.17696,2.02304,0.0
428,2026-04-23T09:47:40.829Z,S20260423_104712,SC01,AUTO,10.1858,28.1992,0.0621,accel_2,1,1500,VIDE,0.0,0.2,0.0,1.298337,-0.698132,0.0,1,0,21.92,19.716,0.0,0.2,0.0,1.1,3.3,2.0,1.0,0.05,1,0.19834,2.00166,0.0
429,2026-04-23T09:47:40.892Z,S20260423_104712,SC01,AUTO,10.2488,28.2622,0.063,accel_2,1,1500,VIDE,0.0,0.2,0.0,1.311471,-0.698132,-0.0,1,0,30.117,19.226,0.0,0.2,0.0,1.1,3.3,2.0,1.0,0.05,1,0.21147,1.98853,0.0
430,2026-04-23T09:47:40.955Z,S20260423_104712,SC01,AUTO,10.3117,28.325,0.0628,accel_2,1,1500,VIDE,0.0,0.2,0.0,1.339167,-0.698132,0.0,1,0,29.456,19.536,0.0,0.2,0.0,1.1,3.3,2.0,1.0,0.05,1,0.23917,1.96083,0.0
431,2026-04-23T09:47:41.017Z,S20260423_104712,SC01,AUTO,10.3741,28.3875,0.0624,accel_2,1,1500,VIDE,0.0,0.2,0.0,1.368423,-0.698132,-0.0,1,0,19.133,19.246,0.0,0.2,0.0,1.1,3.3,2.0,1.0,0.05,1,0.26842,1.93158,0.0
432,2026-04-23T09:47:41.079Z,S20260423_104712,SC01,AUTO,10.4359,28.4492,0.0618,accel_2,1,1500,VIDE,0.0,0.2,0.0,1.3989,-0.698132,-0.0,1,0,26.177,18.662,0.0,0.2,0.0,1.1,3.3,2.0,1.0,0.05,1,0.2989,1.9011,0.0
433,2026-04-23T09:47:41.142Z,S20260423_104712,SC01,AUTO,10.4986,28.5119,0.0627,accel_2,1,1500,VIDE,0.0,0.2,0.0,1.430335,-0.698132,-0.0,1,0,16.492,20.288,0.0,0.2,0.0,1.1,3.3,2.0,1.0,0.05,1,0.33034,1.86966,0.0
434,2026-04-23T09:47:41.204Z,S20260423_104712,SC01,AUTO,10.5608,28.5742,0.0623,accel_2,1,1500,VIDE,0.0,0.2,0.0,1.446346,-0.698132,-0.0,1,0,28.579,21.589,0.0,0.2,0.0,1.1,3.3,2.0,1.0,0.05,1,0.34635,1.85365,0.0
435,2026-04-23T09:47:41.277Z,S20260423_104712,SC01,AUTO,10.6345,28.6478,0.0736,accel_2,1,1500,VIDE,0.0,0.2,0.0,1.495297,-0.698132,0.0,1,0,31.275,19.373,0.0,0.2,0.0,1.1,3.3,2.0,1.0,0.05,1,0.3953,1.8047,0.0
436,2026-04-23T09:47:41.329Z,S20260423_104712,SC01,AUTO,10.6858,28.6992,0.0512,accel_2,1,1500,VIDE,0.0,0.2,0.0,1.511865,-0.698132,0.0,1,0,23.306,19.994,0.0,0.2,0.0,1.1,3.3,2.0,1.0,0.05,1,0.41186,1.78814,0.0
437,2026-04-23T09:47:41.391Z,S20260423_104712,SC01,AUTO,10.7483,28.7617,0.0627,accel_2,1,1500,VIDE,0.0,0.2,0.0,1.545293,-0.698132,0.0,1,0,32.283,19.59,0.0,0.2,0.0,1.1,3.3,2.0,1.0,0.05,1,0.44529,1.75471,0.0
438,2026-04-23T09:47:41.461Z,S20260423_104712,SC01,AUTO,10.8182,28.8316,0.0699,accel_2,1,1500,VIDE,0.0,0.2,0.0,1.579041,-0.698132,0.0,1,0,18.816,19.913,0.0,0.2,0.0,1.1,3.3,2.0,1.0,0.05,1,0.47904,1.72096,0.0
439,2026-04-23T09:47:41.517Z,S20260423_104712,SC01,AUTO,10.8738,28.8872,0.0556,accel_2,1,1500,VIDE,0.0,0.2,0.0,1.613039,-0.698132,0.0,1,0,27.607,19.443,0.0,0.2,0.0,1.1,3.3,2.0,1.0,0.05,1,0.51304,1.68696,0.0
440,2026-04-23T09:47:41.579Z,S20260423_104712,SC01,AUTO,10.9361,28.9494,0.0622,accel_2,1,1500,VIDE,0.0,0.2,0.0,1.630114,-0.698132,0.0,1,0,26.964,19.972,0.0,0.2,0.0,1.1,3.3,2.0,1.0,0.05,1,0.53011,1.66989,0.0
441,2026-04-23T09:47:41.659Z,S20260423_104712,SC01,AUTO,11.0163,29.0296,0.0802,accel_2,1,1500,VIDE,0.0,0.2,0.0,1.68158,-0.698132,0.0,1,0,30.69,20.579,0.0,0.2,0.0,1.1,3.3,2.0,1.0,0.05,1,0.58158,1.61842,0.0
442,2026-04-23T09:47:41.710Z,S20260423_104712,SC01,AUTO,11.0667,29.08,0.0504,accel_2,1,1500,VIDE,0.0,0.2,0.0,1.6988,-0.698132,0.0,1,0,23.118,21.125,0.0,0.2,0.0,1.1,3.3,2.0,1.0,0.05,1,0.5988,1.6012,0.0
443,2026-04-23T09:47:41.773Z,S20260423_104712,SC01,AUTO,11.1298,29.1431,0.0631,accel_2,1,1500,VIDE,0.0,0.2,0.0,1.733316,-0.698132,0.0,1,0,32.772,20.263,0.0,0.2,0.0,1.1,3.3,2.0,1.0,0.05,1,0.63332,1.56668,0.0
444,2026-04-23T09:47:41.829Z,S20260423_104712,SC01,AUTO,11.1864,29.1997,0.0565,accel_2,1,1500,VIDE,0.0,0.2,0.0,1.750606,-0.698132,0.0,1,0,26.815,19.294,0.0,0.2,0.0,1.1,3.3,2.0,1.0,0.05,1,0.65061,1.54939,0.0
445,2026-04-23T09:47:41.891Z,S20260423_104712,SC01,AUTO,11.2483,29.2616,0.0619,accel_2,1,1500,VIDE,0.0,0.2,0.0,1.785237,-0.698132,0.0,1,0,32.149,20.134,0.0,0.2,0.0,1.1,3.3,2.0,1.0,0.05,1,0.68524,1.51476,0.0
446,2026-04-23T09:47:41.953Z,S20260423_104712,SC01,AUTO,11.3102,29.3235,0.0619,accel_2,1,1500,VIDE,0.0,0.2,0.0,1.819926,-0.698132,0.0,1,0,19.096,19.145,0.0,0.2,0.0,1.1,3.3,2.0,1.0,0.05,1,0.71993,1.48007,0.0
447,2026-04-23T09:47:42.016Z,S20260423_104712,SC01,AUTO,11.3726,29.3859,0.0624,accel_2,1,1500,VIDE,0.0,0.2,0.0,1.854657,-0.698132,0.0,1,0,24.7,18.812,0.0,0.2,0.0,1.1,3.3,2.0,1.0,0.05,1,0.75466,1.44534,0.0
448,2026-04-23T09:47:42.082Z,S20260423_104712,SC01,AUTO,11.4396,29.4529,0.0669,accel_2,1,1500,VIDE,0.0,0.2,0.0,1.889422,-0.698132,0.0,1,0,30.145,19.595,0.0,0.2,0.0,1.1,3.3,2.0,1.0,0.05,1,0.78942,1.41058,0.0
449,2026-04-23T09:47:42.141Z,S20260423_104712,SC01,AUTO,11.4978,29.5111,0.0583,accel_2,1,1500,VIDE,0.0,0.2,0.0,1.924213,-0.698132,0.0,1,0,17.399,20.073,0.0,0.2,0.0,1.1,3.3,2.0,1.0,0.05,1,0.82421,1.37579,0.0
450,2026-04-23T09:47:42.205Z,S20260423_104712,SC01,AUTO,11.5619,29.5752,0.0641,accel_2,1,1500,VIDE,0.0,0.2,0.0,1.947418,-0.698132,0.0,1,0,41.702,13.573,0.0,0.2,0.0,1.1,3.3,2.0,1.0,0.05,1,0.84742,1.35258,0.0
451,2026-04-23T09:47:42.269Z,S20260423_104712,SC01,AUTO,11.626,29.6393,0.0641,accel_2,1,1500,VIDE,0.0,0.2,0.0,1.976434,-0.698132,0.0,1,0,17.092,20.102,0.0,0.2,0.0,1.1,3.3,2.0,1.0,0.05,1,0.87643,1.32357,0.0
452,2026-04-23T09:47:42.329Z,S20260423_104712,SC01,AUTO,11.6861,29.6995,0.0602,accel_2,1,1500,VIDE,0.0,0.2,0.0,2.011266,-0.698132,-0.0,1,0,22.622,18.901,0.0,0.2,0.0,1.1,3.3,2.0,1.0,0.05,1,0.91127,1.28873,0.0
453,2026-04-23T09:47:42.391Z,S20260423_104712,SC01,AUTO,11.7485,29.7619,0.0624,accel_2,1,1500,VIDE,0.0,0.2,0.0,2.046106,-0.698132,-0.0,1,0,29.522,19.075,0.0,0.2,0.0,1.1,3.3,2.0,1.0,0.05,1,0.94611,1.25389,0.0
454,2026-04-23T09:47:42.461Z,S20260423_104712,SC01,AUTO,11.8183,29.8317,0.0698,accel_2,1,1500,VIDE,0.0,0.2,0.0,2.080952,-0.698132,-0.0,1,0,14.566,20.602,0.0,0.2,0.0,1.1,3.3,2.0,1.0,0.05,1,0.98095,1.21905,0.0
455,2026-04-23T09:47:42.523Z,S20260423_104712,SC01,AUTO,11.8798,29.8931,0.0615,accel_2,1,1500,VIDE,0.0,0.2,0.0,2.115804,-0.698132,0.0,1,0,26.841,19.131,0.0,0.2,0.0,1.1,3.3,2.0,1.0,0.05,1,1.0158,1.1842,0.0
456,2026-04-23T09:47:42.580Z,S20260423_104712,SC01,AUTO,11.9366,29.9499,0.0569,accel_2,1,1500,VIDE,0.0,0.2,0.0,2.150658,-0.698132,-0.0,1,0,15.058,19.597,0.0,0.2,0.0,1.1,3.3,2.0,1.0,0.05,1,1.05066,1.14934,0.0
457,2026-04-23T09:47:42.648Z,S20260423_104712,SC01,AUTO,12.0053,30.0186,0.0687,accel_2,1,1500,VIDE,0.0,0.2,0.0,2.185514,-0.698132,-0.0,1,0,20.921,19.26,0.0,0.2,0.0,1.1,3.3,2.0,1.0,0.05,1,1.08551,1.11449,0.0
458,2026-04-23T09:47:42.713Z,S20260423_104712,SC01,AUTO,12.0697,30.083,0.0644,accel_2,1,1500,VIDE,0.0,0.2,0.0,2.220371,-0.698132,0.0,1,0,25.832,19.893,0.0,0.2,0.0,1.1,3.3,2.0,1.0,0.05,1,1.12037,1.07963,0.0
459,2026-04-23T09:47:42.777Z,S20260423_104712,SC01,AUTO,12.1338,30.1472,0.0641,accel_2,1,1500,VIDE,0.0,0.2,0.0,2.255227,-0.698132,0.0,1,0,10.741,19.575,0.0,0.2,0.0,1.1,3.3,2.0,1.0,0.05,1,1.15523,1.04477,0.0
460,2026-04-23T09:47:42.829Z,S20260423_104712,SC01,AUTO,12.186,30.1994,0.0522,accel_2,1,1500,VIDE,0.0,0.2,0.0,2.272655,-0.698132,-0.0,1,0,23.988,19.52,0.0,0.2,0.0,1.1,3.3,2.0,1.0,0.05,1,1.17265,1.02735,0.0
461,2026-04-23T09:47:42.893Z,S20260423_104712,SC01,AUTO,12.2502,30.2635,0.0641,accel_2,1,1500,VIDE,0.0,0.2,0.0,2.307509,-0.698132,-0.0,1,0,30.464,20.196,0.0,0.2,0.0,1.1,3.3,2.0,1.0,0.05,1,1.20751,0.99249,0.0
462,2026-04-23T09:47:42.957Z,S20260423_104712,SC01,AUTO,12.3138,30.3271,0.0636,accel_2,1,1500,VIDE,0.0,0.2,0.0,2.342362,-0.698132,-0.0,1,0,18.633,19.728,0.0,0.2,0.0,1.1,3.3,2.0,1.0,0.05,1,1.24236,0.95764,0.0
463,2026-04-23T09:47:43.021Z,S20260423_104712,SC01,AUTO,12.3777,30.391,0.0639,accel_2,1,1500,VIDE,0.0,0.2,0.0,2.377213,-0.698132,0.0,1,0,29.699,18.483,0.0,0.2,0.0,1.1,3.3,2.0,1.0,0.05,1,1.27721,0.92279,0.0
464,2026-04-23T09:47:43.082Z,S20260423_104712,SC01,AUTO,12.439,30.4523,0.0613,accel_2,1,1500,VIDE,0.0,0.2,0.0,2.412062,-0.698132,-0.0,1,0,16.143,19.548,0.0,0.2,0.0,1.1,3.3,2.0,1.0,0.05,1,1.31206,0.88794,0.0
465,2026-04-23T09:47:43.142Z,S20260423_104712,SC01,AUTO,12.4995,30.5128,0.0605,accel_2,1,1500,VIDE,0.0,0.2,0.0,2.429486,-0.698132,-0.0,1,0,31.397,18.825,0.0,0.2,0.0,1.1,3.3,2.0,1.0,0.05,1,1.32949,0.87051,0.0
466,2026-04-23T09:47:43.203Z,S20260423_104712,SC01,AUTO,12.5605,30.5738,0.061,accel_2,1,1500,VIDE,0.0,0.2,0.0,2.464331,-0.698132,0.0,1,0,19.56,19.225,0.0,0.2,0.0,1.1,3.3,2.0,1.0,0.05,1,1.36433,0.83567,0.0
467,2026-04-23T09:47:43.274Z,S20260423_104712,SC01,AUTO,12.6315,30.6448,0.071,accel_2,1,1500,VIDE,0.0,0.2,0.0,2.499173,-0.698132,-0.0,1,0,26.113,19.319,0.0,0.2,0.0,1.1,3.3,2.0,1.0,0.05,1,1.39917,0.80083,0.0
468,2026-04-23T09:47:43.334Z,S20260423_104712,SC01,AUTO,12.6915,30.7048,0.06,accel_2,1,1500,VIDE,0.0,0.2,0.0,2.534012,-0.698132,-0.0,1,0,14.58,19.64,0.0,0.2,0.0,1.1,3.3,2.0,1.0,0.05,1,1.43401,0.76599,0.0
469,2026-04-23T09:47:43.396Z,S20260423_104712,SC01,AUTO,12.7529,30.7662,0.0615,accel_2,1,1500,VIDE,0.0,0.2,0.0,2.568848,-0.698132,-0.0,1,0,23.657,18.62,0.0,0.2,0.0,1.1,3.3,2.0,1.0,0.05,1,1.46885,0.73115,0.0
470,2026-04-23T09:47:43.454Z,S20260423_104712,SC01,AUTO,12.8106,30.824,0.0577,accel_2,1,1500,VIDE,0.0,0.2,0.0,2.603681,-0.698132,-0.0,1,0,30.032,20.085,0.0,0.2,0.0,1.1,3.3,2.0,1.0,0.05,1,1.50368,0.69632,0.0
471,2026-04-23T09:47:43.517Z,S20260423_104712,SC01,AUTO,12.8736,30.8869,0.063,accel_2,1,1500,VIDE,0.0,0.2,0.0,2.621096,-0.698132,0.0,1,0,22.96,18.595,0.0,0.2,0.0,1.1,3.3,2.0,1.0,0.05,1,1.5211,0.6789,0.0
472,2026-04-23T09:47:43.581Z,S20260423_104712,SC01,AUTO,12.938,30.9513,0.0644,accel_2,1,1500,VIDE,0.0,0.2,0.0,2.655924,-0.698132,0.0,1,0,32.607,20.556,0.0,0.2,0.0,1.1,3.3,2.0,1.0,0.05,1,1.55592,0.64408,0.0
473,2026-04-23T09:47:43.646Z,S20260423_104712,SC01,AUTO,13.0032,31.0165,0.0652,accel_2,1,1500,VIDE,0.0,0.2,0.0,2.690749,-0.698132,0.0,1,0,19.473,19.128,0.0,0.2,0.0,1.1,3.3,2.0,1.0,0.05,1,1.59075,0.60925,0.0
474,2026-04-23T09:47:43.707Z,S20260423_104712,SC01,AUTO,13.0645,31.0778,0.0613,accel_2,1,1500,VIDE,0.0,0.2,0.0,2.72557,-0.698132,0.0,1,0,29.409,18.974,0.0,0.2,0.0,1.1,3.3,2.0,1.0,0.05,1,1.62557,0.57443,0.0
475,2026-04-23T09:47:43.770Z,S20260423_104712,SC01,AUTO,13.1272,31.1406,0.0627,accel_2,1,1500,VIDE,0.0,0.2,0.0,2.760388,-0.698132,-0.0,1,0,14.832,20.149,0.0,0.2,0.0,1.1,3.3,2.0,1.0,0.05,1,1.66039,0.53961,0.0
476,2026-04-23T09:47:43.829Z,S20260423_104712,SC01,AUTO,13.186,31.1994,0.0588,accel_2,1,1500,VIDE,0.0,0.2,0.0,2.7894,-0.698132,-0.0,1,0,46.348,2.31,0.0,0.2,0.0,1.1,3.3,2.0,1.0,0.05,1,1.6894,0.5106,0.0
477,2026-04-23T09:47:43.893Z,S20260423_104712,SC01,AUTO,13.2503,31.2636,0.0642,accel_2,1,1500,VIDE,0.0,0.2,0.0,2.812607,-0.698132,0.0,1,0,19.277,19.733,0.0,0.2,0.0,1.1,3.3,2.0,1.0,0.05,1,1.71261,0.48739,0.0
478,2026-04-23T09:47:43.956Z,S20260423_104712,SC01,AUTO,13.3128,31.3262,0.0626,accel_2,1,1500,VIDE,0.0,0.2,0.0,2.847416,-0.698132,-0.0,1,0,28.751,19.535,0.0,0.2,0.0,1.1,3.3,2.0,1.0,0.05,1,1.74742,0.45258,0.0
479,2026-04-23T09:47:44.016Z,S20260423_104712,SC01,AUTO,13.3733,31.3867,0.0605,accel_2,1,1500,VIDE,0.0,0.2,0.0,2.882221,-0.698132,0.0,1,0,15.697,18.916,0.0,0.2,0.0,1.1,3.3,2.0,1.0,0.05,1,1.78222,0.41778,0.0
480,2026-04-23T09:47:44.078Z,S20260423_104712,SC01,AUTO,13.4354,31.4488,0.0621,accel_2,1,1500,VIDE,0.0,0.2,0.0,2.917022,-0.698132,-0.0,1,0,26.359,18.896,0.0,0.2,0.0,1.1,3.3,2.0,1.0,0.05,1,1.81702,0.38298,0.0
481,2026-04-23T09:47:44.142Z,S20260423_104712,SC01,AUTO,13.4988,31.5122,0.0634,accel_2,1,1500,VIDE,0.0,0.2,0.0,2.94602,-0.698132,-0.0,1,0,38.851,1.178,0.0,0.2,0.0,1.1,3.3,2.0,1.0,0.05,1,1.84602,0.35398,0.0
482,2026-04-23T09:47:44.204Z,S20260423_104712,SC01,AUTO,13.5613,31.5746,0.0625,accel_2,1,1500,VIDE,0.0,0.2,0.0,2.969217,-0.698132,-0.0,1,0,34.617,20.884,0.0,0.2,0.0,1.1,3.3,2.0,1.0,0.05,1,1.86922,0.33078,0.0
483,2026-04-23T09:47:44.267Z,S20260423_104712,SC01,AUTO,13.6242,31.6375,0.0629,accel_2,1,1500,VIDE,0.0,0.2,0.0,3.004008,-0.698132,0.0,1,0,28.024,19.043,0.0,0.2,0.0,1.1,3.3,2.0,1.0,0.05,1,1.90401,0.29599,0.0
484,2026-04-23T09:47:44.331Z,S20260423_104712,SC01,AUTO,13.6881,31.7015,0.0639,accel_2,1,1500,VIDE,0.0,0.2,0.0,3.038796,-0.698132,-0.0,1,0,23.535,19.578,0.0,0.2,0.0,1.1,3.3,2.0,1.0,0.05,1,1.9388,0.2612,0.0
485,2026-04-23T09:47:44.393Z,S20260423_104712,SC01,AUTO,13.75,31.7633,0.0618,accel_2,1,1500,VIDE,0.0,0.2,0.0,3.056189,-0.698132,-0.0,1,0,26.294,18.458,0.0,0.2,0.0,1.1,3.3,2.0,1.0,0.05,1,1.95619,0.24381,0.0
486,2026-04-23T09:47:44.454Z,S20260423_104712,SC01,AUTO,13.8112,31.8245,0.0612,accel_2,1,1500,VIDE,0.0,0.2,0.0,3.090971,-0.698132,0.0,1,0,24.758,21.379,0.0,0.2,0.0,1.1,3.3,2.0,1.0,0.05,1,1.99097,0.20903,0.0
487,2026-04-23T09:47:44.517Z,S20260423_104712,SC01,AUTO,13.8737,31.8871,0.0625,accel_2,1,1500,VIDE,0.0,0.2,0.0,3.10836,-0.698132,-0.0,1,0,26.709,18.794,0.0,0.2,0.0,1.1,3.3,2.0,1.0,0.05,1,2.00836,0.19164,0.0
488,2026-04-23T09:47:44.579Z,S20260423_104712,SC01,AUTO,13.9356,31.9489,0.062,accel_2,1,1500,VIDE,0.0,0.2,0.0,3.143136,-0.698132,-0.0,1,0,22.368,17.294,0.0,0.2,0.0,1.1,3.3,2.0,1.0,0.05,1,2.04314,0.15686,0.0
489,2026-04-23T09:47:44.642Z,S20260423_104712,SC01,AUTO,13.9993,32.0127,0.0637,accel_2,1,1500,VIDE,0.0,0.2,0.0,3.177908,-0.698132,-0.0,1,0,12.552,19.772,0.0,0.2,0.0,1.1,3.3,2.0,1.0,0.05,1,2.07791,0.12209,0.0
490,2026-04-23T09:47:44.715Z,S20260423_104712,SC01,AUTO,14.0716,32.085,0.0723,stabilize,1,1500,VIDE,0.0,0.09,0.0,3.212008,-0.698132,0.0,1,0,24.935,0.783,0.0,0.09,0.0,3.0,4.8,2.0,0.5,0.05,1,0.21201,1.58799,0.0
491,2026-04-23T09:47:44.782Z,S20260423_104712,SC01,AUTO,14.1386,32.152,0.0669,stabilize,1,1500,VIDE,0.0,0.09,0.0,3.231085,-0.698132,0.0,1,0,5.326,18.481,0.0,0.09,0.0,3.0,4.8,2.0,0.5,0.05,1,0.23109,1.56891,0.0
492,2026-04-23T09:47:44.829Z,S20260423_104712,SC01,AUTO,14.1858,32.1991,0.0472,stabilize,1,1500,VIDE,0.0,0.09,0.0,3.250843,-0.698132,0.0,1,0,45.159,0.844,0.0,0.09,0.0,3.0,4.8,2.0,0.5,0.05,1,0.25084,1.54916,0.0
493,2026-04-23T09:47:44.892Z,S20260423_104712,SC01,AUTO,14.2493,32.2626,0.0635,stabilize,1,1500,VIDE,0.0,0.09,0.0,3.267703,-0.698132,0.0,1,0,23.981,19.035,0.0,0.09,0.0,3.0,4.8,2.0,0.5,0.05,1,0.2677,1.5323,0.0
494,2026-04-23T09:47:44.953Z,S20260423_104712,SC01,AUTO,14.3104,32.3238,0.0612,stabilize,1,1500,VIDE,0.0,0.09,0.0,3.290488,-0.698132,-0.0,1,0,27.656,20.515,0.0,0.09,0.0,3.0,4.8,2.0,0.5,0.05,1,0.29049,1.50951,0.0
495,2026-04-23T09:47:45.016Z,S20260423_104712,SC01,AUTO,14.3731,32.3864,0.0626,stabilize,1,1500,VIDE,0.0,0.09,0.0,3.300935,-0.698132,0.0,1,0,21.412,18.674,0.0,0.09,0.0,3.0,4.8,2.0,0.5,0.05,1,0.30094,1.49906,0.0
496,2026-04-23T09:47:45.081Z,S20260423_104712,SC01,AUTO,14.4377,32.4511,0.0647,stabilize,1,1500,VIDE,0.0,0.09,0.0,3.320286,-0.698132,-0.0,1,0,31.451,20.145,0.0,0.09,0.0,3.0,4.8,2.0,0.5,0.05,1,0.32029,1.47971,0.0
497,2026-04-23T09:47:45.141Z,S20260423_104712,SC01,AUTO,14.4977,32.511,0.06,stabilize,1,1500,VIDE,0.0,0.09,0.0,3.33795,-0.698132,-0.0,1,0,17.514,15.728,0.0,0.09,0.0,3.0,4.8,2.0,0.5,0.05,1,0.33795,1.46205,0.0
498,2026-04-23T09:47:45.211Z,S20260423_104712,SC01,AUTO,14.5677,32.581,0.07,stabilize,1,1500,VIDE,0.0,0.09,0.0,3.354293,-0.698132,0.0,1,0,12.073,19.442,0.0,0.09,0.0,3.0,4.8,2.0,0.5,0.05,1,0.35429,1.44571,0.0
499,2026-04-23T09:47:45.277Z,S20260423_104712,SC01,AUTO,14.634,32.6473,0.0663,stabilize,1,1500,VIDE,0.0,0.09,0.0,3.369599,-0.698132,-0.0,1,0,21.011,19.245,0.0,0.09,0.0,3.0,4.8,2.0,0.5,0.05,1,0.3696,1.4304,0.0
500,2026-04-23T09:47:45.329Z,S20260423_104712,SC01,AUTO,14.6859,32.6992,0.0519,stabilize,1,1500,VIDE,0.0,0.09,0.0,3.376934,-0.698132,0.0,1,0,13.5,20.306,0.0,0.09,0.0,3.0,4.8,2.0,0.5,0.05,1,0.37693,1.42307,0.0
501,2026-04-23T09:47:45.396Z,S20260423_104712,SC01,AUTO,14.7535,32.7668,0.0676,stabilize,1,1500,VIDE,0.0,0.09,0.0,3.393386,-0.698132,-0.0,1,0,33.414,12.52,0.0,0.09,0.0,3.0,4.8,2.0,0.5,0.05,1,0.39339,1.40661,0.0
502,2026-04-23T09:47:45.454Z,S20260423_104712,SC01,AUTO,14.8109,32.8242,0.0573,stabilize,1,1500,VIDE,0.0,0.09,0.0,3.404673,-0.698132,0.0,1,0,30.939,20.176,0.0,0.09,0.0,3.0,4.8,2.0,0.5,0.05,1,0.40467,1.39533,0.0
503,2026-04-23T09:47:45.517Z,S20260423_104712,SC01,AUTO,14.8739,32.8872,0.0632,stabilize,1,1500,VIDE,0.0,0.09,0.0,3.417815,-0.698132,-0.0,1,0,19.401,19.708,0.0,0.09,0.0,3.0,4.8,2.0,0.5,0.05,1,0.41781,1.38219,0.0
504,2026-04-23T09:47:45.579Z,S20260423_104712,SC01,AUTO,14.9362,32.9495,0.0623,stabilize,1,1500,VIDE,0.0,0.09,0.0,3.430609,-0.698132,-0.0,1,0,27.663,20.082,0.0,0.09,0.0,3.0,4.8,2.0,0.5,0.05,1,0.43061,1.36939,0.0
505,2026-04-23T09:47:45.645Z,S20260423_104712,SC01,AUTO,15.0023,33.0157,0.0662,stabilize,1,1500,VIDE,0.0,0.09,0.0,3.443128,-0.698132,-0.0,1,0,18.792,19.044,0.0,0.09,0.0,3.0,4.8,2.0,0.5,0.05,1,0.44313,1.35687,0.0
506,2026-04-23T09:47:45.705Z,S20260423_104712,SC01,AUTO,15.062,33.0754,0.0597,stabilize,1,1500,VIDE,0.0,0.09,0.0,3.449304,-0.698132,0.0,1,0,30.005,20.565,0.0,0.09,0.0,3.0,4.8,2.0,0.5,0.05,1,0.4493,1.3507,0.0
507,2026-04-23T09:47:45.772Z,S20260423_104712,SC01,AUTO,15.1294,33.1428,0.0674,stabilize,1,1500,VIDE,0.0,0.09,0.0,3.465555,-0.698132,0.0,1,0,49.269,0.955,0.0,0.09,0.0,3.0,4.8,2.0,0.5,0.05,1,0.46556,1.33444,0.0
508,2026-04-23T09:47:45.830Z,S20260423_104712,SC01,AUTO,15.1873,33.2006,0.0579,stabilize,1,1500,VIDE,0.0,0.09,0.0,3.473583,-0.698132,0.0,1,0,23.565,18.851,0.0,0.09,0.0,3.0,4.8,2.0,0.5,0.05,1,0.47358,1.32642,0.0
509,2026-04-23T09:47:45.897Z,S20260423_104712,SC01,AUTO,15.2539,33.2673,0.0666,stabilize,1,1500,VIDE,0.0,0.09,0.0,3.48553,-0.698132,-0.0,1,0,30.892,19.802,0.0,0.09,0.0,3.0,4.8,2.0,0.5,0.05,1,0.48553,1.31447,0.0
510,2026-04-23T09:47:45.960Z,S20260423_104712,SC01,AUTO,15.3174,33.3308,0.0635,stabilize,1,1500,VIDE,0.0,0.09,0.0,3.497385,-0.698132,-0.0,1,0,19.612,18.319,0.0,0.09,0.0,3.0,4.8,2.0,0.5,0.05,1,0.49738,1.30262,0.0
511,2026-04-23T09:47:46.023Z,S20260423_104712,SC01,AUTO,15.3802,33.3935,0.0628,stabilize,1,1500,VIDE,0.0,0.09,0.0,3.509166,-0.698132,-0.0,1,0,22.85,15.165,0.0,0.09,0.0,3.0,4.8,2.0,0.5,0.05,1,0.50917,1.29083,0.0
512,2026-04-23T09:47:46.080Z,S20260423_104712,SC01,AUTO,15.4366,33.45,0.0564,stabilize,1,1500,VIDE,0.0,0.09,0.0,3.520889,-0.698132,-0.0,1,0,29.956,18.994,0.0,0.09,0.0,3.0,4.8,2.0,0.5,0.05,1,0.52089,1.27911,0.0
513,2026-04-23T09:47:46.141Z,S20260423_104712,SC01,AUTO,15.4983,33.5116,0.0616,stabilize,1,1500,VIDE,0.0,0.09,0.0,3.532567,-0.698132,0.0,1,0,17.742,18.721,0.0,0.09,0.0,3.0,4.8,2.0,0.5,0.05,1,0.53257,1.26743,0.0
514,2026-04-23T09:47:46.205Z,S20260423_104712,SC01,AUTO,15.5623,33.5756,0.064,stabilize,1,1500,VIDE,0.0,0.09,0.0,3.54227,-0.698132,-0.0,1,0,42.804,0.622,0.0,0.09,0.0,3.0,4.8,2.0,0.5,0.05,1,0.54227,1.25773,0.0
515,2026-04-23T09:47:46.269Z,S20260423_104712,SC01,AUTO,15.6264,33.6397,0.0641,stabilize,1,1500,VIDE,0.0,0.09,0.0,3.550018,-0.698132,-0.0,1,0,19.059,19.471,0.0,0.09,0.0,3.0,4.8,2.0,0.5,0.05,1,0.55002,1.24998,0.0
516,2026-04-23T09:47:46.331Z,S20260423_104712,SC01,AUTO,15.688,33.7013,0.0616,stabilize,1,1500,VIDE,0.0,0.09,0.0,3.561619,-0.698132,-0.0,1,0,23.389,18.533,0.0,0.09,0.0,3.0,4.8,2.0,0.5,0.05,1,0.56162,1.23838,0.0
517,2026-04-23T09:47:46.394Z,S20260423_104712,SC01,AUTO,15.7512,33.7645,0.0631,stabilize,1,1500,VIDE,0.0,0.09,0.0,3.5732,-0.698132,-0.0,1,0,34.193,19.625,0.0,0.09,0.0,3.0,4.8,2.0,0.5,0.05,1,0.5732,1.2268,0.0
518,2026-04-23T09:47:46.461Z,S20260423_104712,SC01,AUTO,15.8176,33.8309,0.0665,stabilize,1,1500,VIDE,0.0,0.09,0.0,3.584765,-0.698132,-0.0,1,0,21.816,19.476,0.0,0.09,0.0,3.0,4.8,2.0,0.5,0.05,1,0.58476,1.21524,0.0
519,2026-04-23T09:47:46.523Z,S20260423_104712,SC01,AUTO,15.88,33.8934,0.0624,stabilize,1,1500,VIDE,0.0,0.09,0.0,3.596316,-0.698132,0.0,1,0,36.793,15.252,0.0,0.09,0.0,3.0,4.8,2.0,0.5,0.05,1,0.59632,1.20368,0.0
520,2026-04-23T09:47:46.579Z,S20260423_104712,SC01,AUTO,15.9364,33.9497,0.0564,stabilize,1,1500,VIDE,0.0,0.09,0.0,3.602088,-0.698132,0.0,1,0,38.781,19.552,0.0,0.09,0.0,3.0,4.8,2.0,0.5,0.05,1,0.60209,1.19791,0.0
521,2026-04-23T09:47:46.644Z,S20260423_104712,SC01,AUTO,16.0011,34.0144,0.0647,stabilize,1,1500,VIDE,0.0,0.09,0.0,3.613624,-0.698132,-0.0,1,0,33.824,18.274,0.0,0.09,0.0,3.0,4.8,2.0,0.5,0.05,1,0.61362,1.18638,0.0
522,2026-04-23T09:47:46.712Z,S20260423_104712,SC01,AUTO,16.069,34.0823,0.0679,stabilize,1,1500,VIDE,0.0,0.09,0.0,3.623232,-0.698132,-0.0,1,0,48.759,1.026,0.0,0.09,0.0,3.0,4.8,2.0,0.5,0.05,1,0.62323,1.17677,0.0
523,2026-04-23T09:47:46.766Z,S20260423_104712,SC01,AUTO,16.1226,34.136,0.0536,stabilize,1,1500,VIDE,0.0,0.09,0.0,3.630915,-0.698132,-0.0,1,0,25.872,19.773,0.0,0.09,0.0,3.0,4.8,2.0,0.5,0.05,1,0.63091,1.16909,0.0
524,2026-04-23T09:47:46.829Z,S20260423_104712,SC01,AUTO,16.1864,34.1997,0.0637,stabilize,1,1500,VIDE,0.0,0.09,0.0,3.636675,-0.698132,0.0,1,0,36.331,18.45,0.0,0.09,0.0,3.0,4.8,2.0,0.5,0.05,1,0.63668,1.16332,0.0
525,2026-04-23T09:47:46.894Z,S20260423_104712,SC01,AUTO,16.2506,34.264,0.0643,stabilize,1,1500,VIDE,0.0,0.09,0.0,3.648192,-0.698132,-0.0,1,0,29.046,19.413,0.0,0.09,0.0,3.0,4.8,2.0,0.5,0.05,1,0.64819,1.15181,0.0
526,2026-04-23T09:47:46.957Z,S20260423_104712,SC01,AUTO,16.3142,34.3275,0.0636,stabilize,1,1500,VIDE,0.0,0.09,0.0,3.659704,-0.698132,0.0,1,0,24.561,19.384,0.0,0.09,0.0,3.0,4.8,2.0,0.5,0.05,1,0.6597,1.1403,0.0
527,2026-04-23T09:47:47.022Z,S20260423_104712,SC01,AUTO,16.379,34.3923,0.0647,stabilize,1,1500,VIDE,0.0,0.09,0.0,3.665459,-0.698132,-0.0,1,0,30.044,22.413,0.0,0.09,0.0,3.0,4.8,2.0,0.5,0.05,1,0.66546,1.13454,0.0
528,2026-04-23T09:47:47.079Z,S20260423_104712,SC01,AUTO,16.4357,34.449,0.0568,stabilize,1,1500,VIDE,0.0,0.09,0.0,3.676965,-0.698132,0.0,1,0,26.201,18.726,0.0,0.09,0.0,3.0,4.8,2.0,0.5,0.05,1,0.67697,1.12303,0.0
529,2026-04-23T09:47:47.143Z,S20260423_104712,SC01,AUTO,16.4999,34.5132,0.0642,stabilize,1,1500,VIDE,0.0,0.09,0.0,3.682718,-0.698132,-0.0,1,0,21.685,21.381,0.0,0.09,0.0,3.0,4.8,2.0,0.5,0.05,1,0.68272,1.11728,0.0
530,2026-04-23T09:47:47.212Z,S20260423_104712,SC01,AUTO,16.5687,34.582,0.0688,stabilize,1,1500,VIDE,0.0,0.09,0.0,3.694219,-0.698132,-0.0,1,0,29.746,19.399,0.0,0.09,0.0,3.0,4.8,2.0,0.5,0.05,1,0.69422,1.10578,0.0
531,2026-04-23T09:47:47.273Z,S20260423_104712,SC01,AUTO,16.6298,34.6431,0.0611,stabilize,1,1500,VIDE,0.0,0.09,0.0,3.705719,-0.698132,-0.0,1,0,21.916,19.327,0.0,0.09,0.0,3.0,4.8,2.0,0.5,0.05,1,0.70572,1.09428,0.0
532,2026-04-23T09:47:47.334Z,S20260423_104712,SC01,AUTO,16.6916,34.7049,0.0618,stabilize,1,1500,VIDE,0.0,0.09,0.0,3.711468,-0.698132,-0.0,1,0,20.649,19.932,0.0,0.09,0.0,3.0,4.8,2.0,0.5,0.05,1,0.71147,1.08853,0.0
533,2026-04-23T09:47:47.395Z,S20260423_104712,SC01,AUTO,16.7521,34.7654,0.0605,stabilize,1,1500,VIDE,0.0,0.09,0.0,3.722963,-0.698132,-0.0,1,0,9.391,20.096,0.0,0.09,0.0,3.0,4.8,2.0,0.5,0.05,1,0.72296,1.07704,0.0
534,2026-04-23T09:47:47.453Z,S20260423_104712,SC01,AUTO,16.8104,34.8237,0.0582,stabilize,1,1500,VIDE,0.0,0.09,0.0,3.72871,-0.698132,-0.0,1,0,29.767,19.136,0.0,0.09,0.0,3.0,4.8,2.0,0.5,0.05,1,0.72871,1.07129,0.0
535,2026-04-23T09:47:47.517Z,S20260423_104712,SC01,AUTO,16.8743,34.8876,0.064,stabilize,1,1500,VIDE,0.0,0.09,0.0,3.740203,-0.698132,0.0,1,0,20.514,19.919,0.0,0.09,0.0,3.0,4.8,2.0,0.5,0.05,1,0.7402,1.0598,0.0
536,2026-04-23T09:47:47.580Z,S20260423_104712,SC01,AUTO,16.9374,34.9507,0.0631,stabilize,1,1500,VIDE,0.0,0.09,0.0,3.745948,-0.698132,0.0,1,0,18.163,20.612,0.0,0.09,0.0,3.0,4.8,2.0,0.5,0.05,1,0.74595,1.05405,0.0
537,2026-04-23T09:47:47.653Z,S20260423_104712,SC01,AUTO,17.0096,35.0229,0.0722,stabilize,1,1500,VIDE,0.0,0.09,0.0,3.763182,-0.698132,0.0,1,0,25.615,20.012,0.0,0.09,0.0,3.0,4.8,2.0,0.5,0.05,1,0.76318,1.03682,0.0
538,2026-04-23T09:47:47.708Z,S20260423_104712,SC01,AUTO,17.0656,35.0789,0.0559,stabilize,1,1500,VIDE,0.0,0.09,0.0,3.768926,-0.698132,-0.0,1,0,22.256,18.985,0.0,0.09,0.0,3.0,4.8,2.0,0.5,0.05,1,0.76893,1.03107,0.0
539,2026-04-23T09:47:47.772Z,S20260423_104712,SC01,AUTO,17.1288,35.1421,0.0632,stabilize,1,1500,VIDE,0.0,0.09,0.0,3.780412,-0.698132,0.0,1,0,31.122,20.083,0.0,0.09,0.0,3.0,4.8,2.0,0.5,0.05,1,0.78041,1.01959,0.0
540,2026-04-23T09:47:47.829Z,S20260423_104712,SC01,AUTO,17.1862,35.1995,0.0575,stabilize,1,1500,VIDE,0.0,0.09,0.0,3.791896,-0.698132,0.0,1,0,15.897,19.242,0.0,0.09,0.0,3.0,4.8,2.0,0.5,0.05,1,0.7919,1.0081,0.0
541,2026-04-23T09:47:47.894Z,S20260423_104712,SC01,AUTO,17.2514,35.2647,0.0652,stabilize,1,1500,VIDE,0.0,0.09,0.0,3.803379,-0.698132,-0.0,1,0,20.863,18.349,0.0,0.09,0.0,3.0,4.8,2.0,0.5,0.05,1,0.80338,0.99662,0.0
542,2026-04-23T09:47:47.959Z,S20260423_104712,SC01,AUTO,17.3156,35.3289,0.0642,stabilize,1,1500,VIDE,0.0,0.09,0.0,3.81486,-0.698132,0.0,1,0,25.926,18.505,0.0,0.09,0.0,3.0,4.8,2.0,0.5,0.05,1,0.81486,0.98514,0.0
543,2026-04-23T09:47:48.021Z,S20260423_104712,SC01,AUTO,17.3777,35.3911,0.0621,stabilize,1,1500,VIDE,0.0,0.09,0.0,3.826339,-0.698132,0.0,1,0,11.527,19.904,0.0,0.09,0.0,3.0,4.8,2.0,0.5,0.05,1,0.82634,0.97366,0.0
544,2026-04-23T09:47:48.083Z,S20260423_104712,SC01,AUTO,17.4401,35.4534,0.0623,stabilize,1,1500,VIDE,0.0,0.09,0.0,3.837817,-0.698132,-0.0,1,0,18.854,18.79,0.0,0.09,0.0,3.0,4.8,2.0,0.5,0.05,1,0.83782,0.96218,0.0
545,2026-04-23T09:47:48.141Z,S20260423_104712,SC01,AUTO,17.4982,35.5115,0.0582,stabilize,1,1500,VIDE,0.0,0.09,0.0,3.843555,-0.698132,0.0,1,0,31.923,20.23,0.0,0.09,0.0,3.0,4.8,2.0,0.5,0.05,1,0.84355,0.95645,0.0
546,2026-04-23T09:47:48.206Z,S20260423_104712,SC01,AUTO,17.5626,35.5759,0.0643,stabilize,1,1500,VIDE,0.0,0.09,0.0,3.85503,-0.698132,-0.0,1,0,20.783,19.574,0.0,0.09,0.0,3.0,4.8,2.0,0.5,0.05,1,0.85503,0.94497,0.0
547,2026-04-23T09:47:48.268Z,S20260423_104712,SC01,AUTO,17.6253,35.6386,0.0628,stabilize,1,1500,VIDE,0.0,0.09,0.0,3.866504,-0.698132,-0.0,1,0,26.936,19.468,0.0,0.09,0.0,3.0,4.8,2.0,0.5,0.05,1,0.8665,0.9335,0.0
548,2026-04-23T09:47:48.331Z,S20260423_104712,SC01,AUTO,17.6881,35.7015,0.0628,stabilize,1,1500,VIDE,0.0,0.09,0.0,3.877976,-0.698132,0.0,1,0,14.536,19.509,0.0,0.09,0.0,3.0,4.8,2.0,0.5,0.05,1,0.87798,0.92202,0.0
549,2026-04-23T09:47:48.394Z,S20260423_104712,SC01,AUTO,17.751,35.7643,0.0628,stabilize,1,1500,VIDE,0.0,0.09,0.0,3.889446,-0.698132,-0.0,1,0,19.23,19.106,0.0,0.09,0.0,3.0,4.8,2.0,0.5,0.05,1,0.88945,0.91055,0.0
550,2026-04-23T09:47:48.457Z,S20260423_104712,SC01,AUTO,17.8143,35.8277,0.0634,stabilize,1,1500,VIDE,0.0,0.09,0.0,3.900915,-0.698132,-0.0,1,0,24.297,19.107,0.0,0.09,0.0,3.0,4.8,2.0,0.5,0.05,1,0.90092,0.89908,0.0
551,2026-04-23T09:47:48.518Z,S20260423_104712,SC01,AUTO,17.8754,35.8887,0.0611,stabilize,1,1500,VIDE,0.0,0.09,0.0,3.912383,-0.698132,-0.0,1,0,27.125,20.003,0.0,0.09,0.0,3.0,4.8,2.0,0.5,0.05,1,0.91238,0.88762,0.0
552,2026-04-23T09:47:48.579Z,S20260423_104712,SC01,AUTO,17.936,35.9493,0.0606,stabilize,1,1500,VIDE,0.0,0.09,0.0,3.923848,-0.698132,0.0,1,0,13.393,19.986,0.0,0.09,0.0,3.0,4.8,2.0,0.5,0.05,1,0.92385,0.87615,0.0
553,2026-04-23T09:47:48.646Z,S20260423_104712,SC01,AUTO,18.0033,36.0167,0.0674,stabilize,1,1500,VIDE,0.0,0.09,0.0,3.935313,-0.698132,0.0,1,0,19.236,19.04,0.0,0.09,0.0,3.0,4.8,2.0,0.5,0.05,1,0.93531,0.86469,0.0
554,2026-04-23T09:47:48.705Z,S20260423_104712,SC01,AUTO,18.0623,36.0756,0.0588,stabilize,1,1500,VIDE,0.0,0.09,0.0,3.941044,-0.698132,-0.0,1,0,27.86,24.723,0.0,0.09,0.0,3.0,4.8,2.0,0.5,0.05,1,0.94104,0.85896,0.0
555,2026-04-23T09:47:48.768Z,S20260423_104712,SC01,AUTO,18.1253,36.1387,0.0632,stabilize,1,1500,VIDE,0.0,0.09,0.0,3.952506,-0.698132,-0.0,1,0,21.975,19.715,0.0,0.09,0.0,3.0,4.8,2.0,0.5,0.05,1,0.95251,0.84749,0.0
556,2026-04-23T09:47:48.829Z,S20260423_104712,SC01,AUTO,18.186,36.1993,0.0605,stabilize,1,1500,VIDE,0.0,0.09,0.0,3.963966,-0.698132,-0.0,1,0,25.232,20.225,0.0,0.09,0.0,3.0,4.8,2.0,0.5,0.05,1,0.96397,0.83603,0.0
557,2026-04-23T09:47:48.894Z,S20260423_104712,SC01,AUTO,18.2511,36.2644,0.0652,stabilize,1,1500,VIDE,0.0,0.09,0.0,3.975424,-0.698132,-0.0,1,0,35.252,19.113,0.0,0.09,0.0,3.0,4.8,2.0,0.5,0.05,1,0.97542,0.82458,0.0
558,2026-04-23T09:47:48.957Z,S20260423_104712,SC01,AUTO,18.3143,36.3276,0.0631,stabilize,1,1500,VIDE,0.0,0.09,0.0,3.986881,-0.698132,-0.0,1,0,19.625,18.86,0.0,0.09,0.0,3.0,4.8,2.0,0.5,0.05,1,0.98688,0.81312,0.0
559,2026-04-23T09:47:49.018Z,S20260423_104712,SC01,AUTO,18.3753,36.3886,0.0611,stabilize,1,1500,VIDE,0.0,0.09,0.0,3.998336,-0.698132,0.0,1,0,24.76,17.88,0.0,0.09,0.0,3.0,4.8,2.0,0.5,0.05,1,0.99834,0.80166,0.0
560,2026-04-23T09:47:49.081Z,S20260423_104712,SC01,AUTO,18.4385,36.4519,0.0633,stabilize,1,1500,VIDE,0.0,0.09,0.0,4.00979,-0.698132,-0.0,1,0,27.422,18.955,0.0,0.09,0.0,3.0,4.8,2.0,0.5,0.05,1,1.00979,0.79021,0.0
561,2026-04-23T09:47:49.143Z,S20260423_104712,SC01,AUTO,18.5003,36.5136,0.0617,stabilize,1,1500,VIDE,0.0,0.09,0.0,4.021242,-0.698132,0.0,1,0,13.251,19.165,0.0,0.09,0.0,3.0,4.8,2.0,0.5,0.05,1,1.02124,0.77876,0.0
562,2026-04-23T09:47:49.205Z,S20260423_104712,SC01,AUTO,18.5618,36.5751,0.0614,stabilize,1,1500,VIDE,0.0,0.09,0.0,4.032692,-0.698132,-0.0,1,0,18.42,19.893,0.0,0.09,0.0,3.0,4.8,2.0,0.5,0.05,1,1.03269,0.76731,0.0
563,2026-04-23T09:47:49.267Z,S20260423_104712,SC01,AUTO,18.6243,36.6377,0.0626,stabilize,1,1500,VIDE,0.0,0.09,0.0,4.038417,-0.698132,0.0,1,0,34.754,18.0,0.0,0.09,0.0,3.0,4.8,2.0,0.5,0.05,1,1.03842,0.76158,0.0
564,2026-04-23T09:47:49.328Z,S20260423_104712,SC01,AUTO,18.6853,36.6986,0.061,stabilize,1,1500,VIDE,0.0,0.09,0.0,4.049865,-0.698132,-0.0,1,0,18.775,19.676,0.0,0.09,0.0,3.0,4.8,2.0,0.5,0.05,1,1.04986,0.75014,0.0
565,2026-04-23T09:47:49.393Z,S20260423_104712,SC01,AUTO,18.75,36.7633,0.0647,stabilize,1,1500,VIDE,0.0,0.09,0.0,4.061311,-0.698132,0.0,1,0,26.807,19.5,0.0,0.09,0.0,3.0,4.8,2.0,0.5,0.05,1,1.06131,0.73869,0.0
566,2026-04-23T09:47:49.453Z,S20260423_104712,SC01,AUTO,18.8105,36.8238,0.0604,stabilize,1,1500,VIDE,0.0,0.09,0.0,4.072756,-0.698132,0.0,1,0,31.475,19.42,0.0,0.09,0.0,3.0,4.8,2.0,0.5,0.05,1,1.07276,0.72724,0.0
567,2026-04-23T09:47:49.517Z,S20260423_104712,SC01,AUTO,18.8741,36.8875,0.0638,stabilize,1,1500,VIDE,0.0,0.09,0.0,4.084199,-0.698132,-0.0,1,0,17.501,19.882,0.0,0.09,0.0,3.0,4.8,2.0,0.5,0.05,1,1.0842,0.7158,0.0
568,2026-04-23T09:47:49.579Z,S20260423_104712,SC01,AUTO,18.9356,36.949,0.0615,stabilize,1,1500,VIDE,0.0,0.09,0.0,4.09564,-0.698132,-0.0,1,0,27.525,18.005,0.0,0.09,0.0,3.0,4.8,2.0,0.5,0.05,1,1.09564,0.70436,0.0
569,2026-04-23T09:47:49.644Z,S20260423_104712,SC01,AUTO,19.0006,37.014,0.065,stabilize,1,1500,VIDE,0.0,0.09,0.0,4.10708,-0.698132,-0.0,1,0,32.156,17.451,0.0,0.09,0.0,3.0,4.8,2.0,0.5,0.05,1,1.10708,0.69292,0.0
570,2026-04-23T09:47:49.709Z,S20260423_104712,SC01,AUTO,19.0664,37.0797,0.0657,stabilize,1,1500,VIDE,0.0,0.09,0.0,4.118518,-0.698132,-0.0,1,0,17.81,19.585,0.0,0.09,0.0,3.0,4.8,2.0,0.5,0.05,1,1.11852,0.68148,0.0
571,2026-04-23T09:47:49.773Z,S20260423_104712,SC01,AUTO,19.1299,37.1432,0.0635,stabilize,1,1500,VIDE,0.0,0.09,0.0,4.129955,-0.698132,0.0,1,0,24.093,19.328,0.0,0.09,0.0,3.0,4.8,2.0,0.5,0.05,1,1.12995,0.67005,0.0
572,2026-04-23T09:47:49.830Z,S20260423_104712,SC01,AUTO,19.1868,37.2002,0.057,stabilize,1,1500,VIDE,0.0,0.09,0.0,4.137578,-0.698132,-0.0,1,0,46.47,29.137,0.0,0.09,0.0,3.0,4.8,2.0,0.5,0.05,1,1.13758,0.66242,0.0
573,2026-04-23T09:47:49.895Z,S20260423_104712,SC01,AUTO,19.2523,37.2656,0.0655,stabilize,1,1500,VIDE,0.0,0.09,0.0,4.147106,-0.698132,-0.0,1,0,23.721,19.328,0.0,0.09,0.0,3.0,4.8,2.0,0.5,0.05,1,1.14711,0.65289,0.0
574,2026-04-23T09:47:49.963Z,S20260423_104712,SC01,AUTO,19.3196,37.3329,0.0672,stabilize,1,1500,VIDE,0.0,0.09,0.0,4.164254,-0.698132,0.0,1,0,18.982,19.591,0.0,0.09,0.0,3.0,4.8,2.0,0.5,0.05,1,1.16425,0.63575,0.0
575,2026-04-23T09:47:50.023Z,S20260423_104712,SC01,AUTO,19.3804,37.3937,0.0608,stabilize,1,1500,VIDE,0.0,0.09,0.0,4.169969,-0.698132,-0.0,1,0,31.221,19.054,0.0,0.09,0.0,3.0,4.8,2.0,0.5,0.05,1,1.16997,0.63003,0.0
576,2026-04-23T09:47:50.082Z,S20260423_104712,SC01,AUTO,19.4393,37.4527,0.0589,stabilize,1,1500,VIDE,0.0,0.09,0.0,4.181398,-0.698132,-0.0,1,0,17.835,17.898,0.0,0.09,0.0,3.0,4.8,2.0,0.5,0.05,1,1.1814,0.6186,0.0
577,2026-04-23T09:47:50.143Z,S20260423_104712,SC01,AUTO,19.5003,37.5136,0.0609,stabilize,1,1500,VIDE,0.0,0.09,0.0,4.192825,-0.698132,-0.0,1,0,21.812,19.38,0.0,0.09,0.0,3.0,4.8,2.0,0.5,0.05,1,1.19283,0.60717,0.0
578,2026-04-23T09:47:50.206Z,S20260423_104712,SC01,AUTO,19.5626,37.576,0.0624,stabilize,1,1500,VIDE,0.0,0.09,0.0,4.204251,-0.698132,0.0,1,0,25.523,19.142,0.0,0.09,0.0,3.0,4.8,2.0,0.5,0.05,1,1.20425,0.59575,0.0
579,2026-04-23T09:47:50.269Z,S20260423_104712,SC01,AUTO,19.6258,37.6391,0.0632,stabilize,1,1500,VIDE,0.0,0.09,0.0,4.215675,-0.698132,-0.0,1,0,13.828,19.718,0.0,0.09,0.0,3.0,4.8,2.0,0.5,0.05,1,1.21567,0.58433,0.0
580,2026-04-23T09:47:50.329Z,S20260423_104712,SC01,AUTO,19.6856,37.6989,0.0598,stabilize,1,1500,VIDE,0.0,0.09,0.0,4.227098,-0.698132,-0.0,1,0,17.364,19.316,0.0,0.09,0.0,3.0,4.8,2.0,0.5,0.05,1,1.2271,0.5729,0.0
581,2026-04-23T09:47:50.396Z,S20260423_104712,SC01,AUTO,19.7531,37.7664,0.0675,stabilize,1,1500,VIDE,0.0,0.09,0.0,4.238518,-0.698132,-0.0,1,0,21.305,18.838,0.0,0.09,0.0,3.0,4.8,2.0,0.5,0.05,1,1.23852,0.56148,0.0
582,2026-04-23T09:47:50.461Z,S20260423_104712,SC01,AUTO,19.8177,37.831,0.0646,stabilize,1,1500,VIDE,0.0,0.09,0.0,4.249937,-0.698132,-0.0,1,0,23.599,20.311,0.0,0.09,0.0,3.0,4.8,2.0,0.5,0.05,1,1.24994,0.55006,0.0
583,2026-04-23T09:47:50.523Z,S20260423_104712,SC01,AUTO,19.8796,37.8929,0.0619,stabilize,1,1500,VIDE,0.0,0.09,0.0,4.261354,-0.698132,-0.0,1,0,28.827,16.051,0.0,0.09,0.0,3.0,4.8,2.0,0.5,0.05,1,1.26135,0.53865,0.0
584,2026-04-23T09:47:50.579Z,S20260423_104712,SC01,AUTO,19.9356,37.949,0.056,stabilize,1,1500,VIDE,0.0,0.09,0.0,4.268965,-0.698132,-0.0,1,0,35.292,9.972,0.0,0.09,0.0,3.0,4.8,2.0,0.5,0.05,1,1.26896,0.53104,0.0
585,2026-04-23T09:47:50.660Z,S20260423_104712,SC01,AUTO,20.0171,38.0304,0.0814,stabilize,1,1500,VIDE,0.0,0.09,0.0,4.284184,-0.698132,-0.0,1,0,18.651,20.023,0.0,0.09,0.0,3.0,4.8,2.0,0.5,0.05,1,1.28418,0.51582,0.0
586,2026-04-23T09:47:50.704Z,S20260423_104712,SC01,AUTO,20.0614,38.0748,0.0443,stabilize,1,1500,VIDE,0.0,0.09,0.0,4.289889,-0.698132,-0.0,1,0,36.6,19.463,0.0,0.09,0.0,3.0,4.8,2.0,0.5,0.05,1,1.28989,0.51011,0.0
587,2026-04-23T09:47:50.778Z,S20260423_104712,SC01,AUTO,20.1352,38.1485,0.0737,stabilize,1,1500,VIDE,0.0,0.09,0.0,4.307006,-0.698132,0.0,1,0,12.112,20.112,0.0,0.09,0.0,3.0,4.8,2.0,0.5,0.05,1,1.30701,0.49299,0.0
588,2026-04-23T09:47:50.829Z,S20260423_104712,SC01,AUTO,20.186,38.1994,0.0509,stabilize,1,1500,VIDE,0.0,0.09,0.0,4.31271,-0.698132,0.0,1,0,27.702,19.729,0.0,0.09,0.0,3.0,4.8,2.0,0.5,0.05,1,1.31271,0.48729,0.0
589,2026-04-23T09:47:50.893Z,S20260423_104712,SC01,AUTO,20.2504,38.2637,0.0643,stabilize,1,1500,VIDE,0.0,0.09,0.0,4.324118,-0.698132,0.0,1,0,30.418,18.585,0.0,0.09,0.0,3.0,4.8,2.0,0.5,0.05,1,1.32412,0.47588,0.0
590,2026-04-23T09:47:50.957Z,S20260423_104712,SC01,AUTO,20.3144,38.3277,0.064,stabilize,1,1500,VIDE,0.0,0.09,0.0,4.335524,-0.698132,-0.0,1,0,14.621,19.242,0.0,0.09,0.0,3.0,4.8,2.0,0.5,0.05,1,1.33552,0.46448,0.0
591,2026-04-23T09:47:51.021Z,S20260423_104712,SC01,AUTO,20.3781,38.3914,0.0637,stabilize,1,1500,VIDE,0.0,0.09,0.0,4.346929,-0.698132,-0.0,1,0,19.56,17.601,0.0,0.09,0.0,3.0,4.8,2.0,0.5,0.05,1,1.34693,0.45307,0.0
592,2026-04-23T09:47:51.079Z,S20260423_104712,SC01,AUTO,20.4359,38.4492,0.0578,stabilize,1,1500,VIDE,0.0,0.09,0.0,4.358331,-0.698132,-0.0,1,0,26.889,18.861,0.0,0.09,0.0,3.0,4.8,2.0,0.5,0.05,1,1.35833,0.44167,0.0
593,2026-04-23T09:47:51.142Z,S20260423_104712,SC01,AUTO,20.4994,38.5127,0.0636,stabilize,1,1500,VIDE,0.0,0.09,0.0,4.369732,-0.698132,-0.0,1,0,28.09,18.066,0.0,0.09,0.0,3.0,4.8,2.0,0.5,0.05,1,1.36973,0.43027,0.0
594,2026-04-23T09:47:51.218Z,S20260423_104712,SC01,AUTO,20.5748,38.5881,0.0753,stabilize,1,1500,VIDE,0.0,0.09,0.0,4.381131,-0.698132,-0.0,1,0,19.661,19.791,0.0,0.09,0.0,3.0,4.8,2.0,0.5,0.05,1,1.38113,0.41887,0.0
595,2026-04-23T09:47:51.276Z,S20260423_104712,SC01,AUTO,20.6332,38.6465,0.0584,stabilize,1,1500,VIDE,0.0,0.09,0.0,4.392529,-0.698132,0.0,1,0,22.574,15.897,0.0,0.09,0.0,3.0,4.8,2.0,0.5,0.05,1,1.39253,0.40747,0.0
596,2026-04-23T09:47:51.330Z,S20260423_104712,SC01,AUTO,20.6872,38.7006,0.0541,stabilize,1,1500,VIDE,0.0,0.09,0.0,4.402025,-0.698132,0.0,1,0,47.508,2.62,0.0,0.09,0.0,3.0,4.8,2.0,0.5,0.05,1,1.40203,0.39797,0.0
597,2026-04-23T09:47:51.395Z,S20260423_104712,SC01,AUTO,20.7525,38.7658,0.0652,stabilize,1,1500,VIDE,0.0,0.09,0.0,4.415318,-0.698132,-0.0,1,0,28.751,19.989,0.0,0.09,0.0,3.0,4.8,2.0,0.5,0.05,1,1.41532,0.38468,0.0
598,2026-04-23T09:47:51.461Z,S20260423_104712,SC01,AUTO,20.818,38.8313,0.0655,stabilize,1,1500,VIDE,0.0,0.09,0.0,4.426711,-0.698132,-0.0,1,0,10.677,20.131,0.0,0.09,0.0,3.0,4.8,2.0,0.5,0.05,1,1.42671,0.37329,0.0
599,2026-04-23T09:47:51.516Z,S20260423_104712,SC01,AUTO,20.8734,38.8868,0.0555,stabilize,1,1500,VIDE,0.0,0.09,0.0,4.432406,-0.698132,-0.0,1,0,23.74,19.503,0.0,0.09,0.0,3.0,4.8,2.0,0.5,0.05,1,1.43241,0.36759,0.0
600,2026-04-23T09:47:51.580Z,S20260423_104712,SC01,AUTO,20.9367,38.9501,0.0633,stabilize,1,1500,VIDE,0.0,0.09,0.0,4.443795,-0.698132,0.0,1,0,27.772,19.616,0.0,0.09,0.0,3.0,4.8,2.0,0.5,0.05,1,1.4438,0.3562,0.0
601,2026-04-23T09:47:51.651Z,S20260423_104712,SC01,AUTO,21.0084,39.0217,0.0717,stabilize,1,1500,VIDE,0.0,0.09,0.0,4.460876,-0.698132,0.0,1,0,24.573,19.354,0.0,0.09,0.0,3.0,4.8,2.0,0.5,0.05,1,1.46088,0.33912,0.0
602,2026-04-23T09:47:51.708Z,S20260423_104712,SC01,AUTO,21.0654,39.0788,0.0571,stabilize,1,1500,VIDE,0.0,0.09,0.0,4.468467,-0.698132,-0.0,1,0,45.616,30.464,0.0,0.09,0.0,3.0,4.8,2.0,0.5,0.05,1,1.46847,0.33153,0.0
603,2026-04-23T09:47:51.773Z,S20260423_104712,SC01,AUTO,21.1302,39.1435,0.0647,stabilize,1,1500,VIDE,0.0,0.09,0.0,4.479851,-0.698132,-0.0,1,0,50.039,30.695,0.0,0.09,0.0,3.0,4.8,2.0,0.5,0.05,1,1.47985,0.32015,0.0
604,2026-04-23T09:47:51.829Z,S20260423_104712,SC01,AUTO,21.1862,39.1995,0.0561,stabilize,1,1500,VIDE,0.0,0.09,0.0,4.489336,-0.698132,-0.0,1,0,23.96,19.922,0.0,0.09,0.0,3.0,4.8,2.0,0.5,0.05,1,1.48934,0.31066,0.0
605,2026-04-23T09:47:51.896Z,S20260423_104712,SC01,AUTO,21.2526,39.266,0.0665,stabilize,1,1500,VIDE,0.0,0.09,0.0,4.500717,-0.698132,-0.0,1,0,27.012,19.86,0.0,0.09,0.0,3.0,4.8,2.0,0.5,0.05,1,1.50072,0.29928,0.0
606,2026-04-23T09:47:51.961Z,S20260423_104712,SC01,AUTO,21.3185,39.3318,0.0658,stabilize,1,1500,VIDE,0.0,0.09,0.0,4.512096,-0.698132,0.0,1,0,10.375,19.294,0.0,0.09,0.0,3.0,4.8,2.0,0.5,0.05,1,1.5121,0.2879,0.0
607,2026-04-23T09:47:52.023Z,S20260423_104712,SC01,AUTO,21.3804,39.3937,0.0619,stabilize,1,1500,VIDE,0.0,0.09,0.0,4.523473,-0.698132,0.0,1,0,14.096,17.727,0.0,0.09,0.0,3.0,4.8,2.0,0.5,0.05,1,1.52347,0.27653,0.0
608,2026-04-23T09:47:52.083Z,S20260423_104712,SC01,AUTO,21.4396,39.4529,0.0593,stabilize,1,1500,VIDE,0.0,0.09,0.0,4.534848,-0.698132,-0.0,1,0,15.091,18.78,0.0,0.09,0.0,3.0,4.8,2.0,0.5,0.05,1,1.53485,0.26515,0.0
609,2026-04-23T09:47:52.143Z,S20260423_104712,SC01,AUTO,21.4996,39.513,0.0601,stabilize,1,1500,VIDE,0.0,0.09,0.0,4.546222,-0.698132,-0.0,1,0,17.945,19.481,0.0,0.09,0.0,3.0,4.8,2.0,0.5,0.05,1,1.54622,0.25378,0.0
610,2026-04-23T09:47:52.205Z,S20260423_104712,SC01,AUTO,21.5624,39.5758,0.0627,stabilize,1,1500,VIDE,0.0,0.09,0.0,4.557594,-0.698132,-0.0,1,0,22.232,19.651,0.0,0.09,0.0,3.0,4.8,2.0,0.5,0.05,1,1.55759,0.24241,0.0
611,2026-04-23T09:47:52.268Z,S20260423_104712,SC01,AUTO,21.6254,39.6388,0.0631,stabilize,1,1500,VIDE,0.0,0.09,0.0,4.568964,-0.698132,-0.0,1,0,30.269,20.01,0.0,0.09,0.0,3.0,4.8,2.0,0.5,0.05,1,1.56896,0.23104,0.0
612,2026-04-23T09:47:52.329Z,S20260423_104712,SC01,AUTO,21.6861,39.6995,0.0607,stabilize,1,1500,VIDE,0.0,0.09,0.0,4.580332,-0.698132,0.0,1,0,16.862,19.469,0.0,0.09,0.0,3.0,4.8,2.0,0.5,0.05,1,1.58033,0.21967,0.0
613,2026-04-23T09:47:52.396Z,S20260423_104712,SC01,AUTO,21.7528,39.7662,0.0667,stabilize,1,1500,VIDE,0.0,0.09,0.0,4.591698,-0.698132,-0.0,1,0,21.584,18.762,0.0,0.09,0.0,3.0,4.8,2.0,0.5,0.05,1,1.5917,0.2083,0.0
614,2026-04-23T09:47:52.459Z,S20260423_104712,SC01,AUTO,21.8163,39.8296,0.0634,stabilize,1,1500,VIDE,0.0,0.09,0.0,4.603063,-0.698132,-0.0,1,0,23.003,20.399,0.0,0.09,0.0,3.0,4.8,2.0,0.5,0.05,1,1.60306,0.19694,0.0
615,2026-04-23T09:47:52.520Z,S20260423_104712,SC01,AUTO,21.877,39.8903,0.0608,stabilize,1,1500,VIDE,0.0,0.09,0.0,4.614426,-0.698132,-0.0,1,0,28.889,14.203,0.0,0.09,0.0,3.0,4.8,2.0,0.5,0.05,1,1.61443,0.18557,0.0
616,2026-04-23T09:47:52.580Z,S20260423_104712,SC01,AUTO,21.9374,39.9507,0.0604,stabilize,1,1500,VIDE,0.0,0.09,0.0,4.625787,-0.698132,0.0,1,0,29.681,16.414,0.0,0.09,0.0,3.0,4.8,2.0,0.5,0.05,1,1.62579,0.17421,0.0
617,2026-04-23T09:47:52.643Z,S20260423_104712,SC01,AUTO,22.0003,40.0136,0.0629,hold,1,1500,VIDE,0.0,0.03,0.0,4.637146,-0.698132,0.0,1,0,11.34,19.687,0.0,0.09,0.0,3.0,4.8,2.0,0.5,0.05,1,1.63715,0.16285,0.0
618,2026-04-23T09:47:52.709Z,S20260423_104712,SC01,AUTO,22.0658,40.0791,0.0655,hold,1,1500,VIDE,0.0,0.03,0.0,4.648141,-0.698132,0.0,1,0,16.95,19.573,0.0,0.03,0.0,4.0,5.0,2.0,0.5,0.05,1,0.64814,0.35186,0.0
619,2026-04-23T09:47:52.771Z,S20260423_104712,SC01,AUTO,22.1278,40.1411,0.062,hold,1,1500,VIDE,0.0,0.03,0.0,4.656805,-0.698132,-0.0,1,0,22.414,18.331,0.0,0.03,0.0,4.0,5.0,2.0,0.5,0.05,1,0.65681,0.34319,0.0
620,2026-04-23T09:47:52.829Z,S20260423_104712,SC01,AUTO,22.1858,40.1992,0.058,hold,1,1500,VIDE,0.0,0.03,0.0,4.66332,-0.698132,0.0,1,0,25.35,19.522,0.0,0.03,0.0,4.0,5.0,2.0,0.5,0.05,1,0.66332,0.33668,0.0
621,2026-04-23T09:47:52.893Z,S20260423_104712,SC01,AUTO,22.2496,40.2629,0.0637,hold,1,1500,VIDE,0.0,0.03,0.0,4.668149,-0.698132,-0.0,1,0,26.514,19.299,0.0,0.03,0.0,4.0,5.0,2.0,0.5,0.05,1,0.66815,0.33185,0.0
622,2026-04-23T09:47:52.957Z,S20260423_104712,SC01,AUTO,22.3138,40.3271,0.0642,hold,1,1500,VIDE,0.0,0.03,0.0,4.671657,-0.698132,-0.0,1,0,9.806,19.93,0.0,0.03,0.0,4.0,5.0,2.0,0.5,0.05,1,0.67166,0.32834,0.0
623,2026-04-23T09:47:53.021Z,S20260423_104712,SC01,AUTO,22.3777,40.391,0.0639,hold,1,1500,VIDE,0.0,0.03,0.0,4.674127,-0.698132,-0.0,1,0,16.164,19.287,0.0,0.03,0.0,4.0,5.0,2.0,0.5,0.05,1,0.67413,0.32587,0.0
624,2026-04-23T09:47:53.082Z,S20260423_104712,SC01,AUTO,22.4393,40.4526,0.0616,hold,1,1500,VIDE,0.0,0.03,0.0,4.675784,-0.698132,-0.0,1,0,19.598,19.388,0.0,0.03,0.0,4.0,5.0,2.0,0.5,0.05,1,0.67578,0.32422,0.0
625,2026-04-23T09:47:53.143Z,S20260423_104712,SC01,AUTO,22.5,40.5134,0.0608,hold,1,1500,VIDE,0.0,0.03,0.0,4.676364,-0.698132,-0.0,1,0,17.995,19.435,0.0,0.03,0.0,4.0,5.0,2.0,0.5,0.05,1,0.67636,0.32364,0.0
626,2026-04-23T09:47:53.206Z,S20260423_104712,SC01,AUTO,22.563,40.5764,0.0629,hold,1,1500,VIDE,0.0,0.03,0.0,4.677118,-0.698132,-0.0,1,0,15.857,19.414,0.0,0.03,0.0,4.0,5.0,2.0,0.5,0.05,1,0.67712,0.32288,0.0
627,2026-04-23T09:47:53.269Z,S20260423_104712,SC01,AUTO,22.6259,40.6392,0.0629,hold,1,1500,VIDE,0.0,0.03,0.0,4.677429,-0.698132,-0.0,1,0,18.907,19.836,0.0,0.03,0.0,4.0,5.0,2.0,0.5,0.05,1,0.67743,0.32257,0.0
628,2026-04-23T09:47:53.330Z,S20260423_104712,SC01,AUTO,22.6872,40.7005,0.0613,hold,1,1500,VIDE,0.0,0.03,0.0,4.677392,-0.698132,-0.0,1,0,22.641,19.01,0.0,0.03,0.0,4.0,5.0,2.0,0.5,0.05,1,0.67739,0.32261,0.0
629,2026-04-23T09:47:53.391Z,S20260423_104712,SC01,AUTO,22.7485,40.7619,0.0614,hold,1,1500,VIDE,0.0,0.03,0.0,4.677083,-0.698132,-0.0,1,0,28.924,19.207,0.0,0.03,0.0,4.0,5.0,2.0,0.5,0.05,1,0.67708,0.32292,0.0
630,2026-04-23T09:47:53.455Z,S20260423_104712,SC01,AUTO,22.8118,40.8252,0.063,hold,1,1500,VIDE,0.0,0.03,0.0,4.67656,-0.698132,-0.0,1,0,32.483,19.572,0.0,0.03,0.0,4.0,5.0,2.0,0.5,0.05,1,0.67656,0.32344,0.0
631,2026-04-23T09:47:53.516Z,S20260423_104712,SC01,AUTO,22.8726,40.8859,0.061,hold,1,1500,VIDE,0.0,0.03,0.0,4.675869,-0.698132,-0.0,1,0,16.453,19.537,0.0,0.03,0.0,4.0,5.0,2.0,0.5,0.05,1,0.67587,0.32413,0.0
632,2026-04-23T09:47:53.582Z,S20260423_104712,SC01,AUTO,22.939,40.9523,0.0664,hold,1,1500,VIDE,0.0,0.03,0.0,4.675047,-0.698132,-0.0,1,0,19.657,19.452,0.0,0.03,0.0,4.0,5.0,2.0,0.5,0.05,1,0.67505,0.32495,0.0
633,2026-04-23T09:47:53.644Z,S20260423_104712,SC01,AUTO,23.0015,41.0148,0.0625,hold,1,1500,VIDE,0.0,0.03,0.0,4.674123,-0.698132,-0.0,1,0,24.157,17.774,0.0,0.03,0.0,4.0,5.0,2.0,0.5,0.05,1,0.67412,0.32588,0.0
634,2026-04-23T09:47:53.709Z,S20260423_104712,SC01,AUTO,23.0663,41.0796,0.0648,hold,1,1500,VIDE,0.0,0.03,0.0,4.673117,-0.698132,-0.0,1,0,25.072,19.942,0.0,0.03,0.0,4.0,5.0,2.0,0.5,0.05,1,0.67312,0.32688,0.0
635,2026-04-23T09:47:53.767Z,S20260423_104712,SC01,AUTO,23.124,41.1373,0.0577,hold,1,1500,VIDE,0.0,0.03,0.0,4.672048,-0.698132,-0.0,1,0,27.792,18.757,0.0,0.03,0.0,4.0,5.0,2.0,0.5,0.05,1,0.67205,0.32795,0.0
636,2026-04-23T09:47:53.838Z,S20260423_104712,SC01,AUTO,23.1946,41.2079,0.0706,hold,1,1500,VIDE,0.0,0.03,0.0,4.670929,-0.698132,-0.0,1,0,10.489,20.203,0.0,0.03,0.0,4.0,5.0,2.0,0.5,0.05,1,0.67093,0.32907,0.0
637,2026-04-23T09:47:53.894Z,S20260423_104712,SC01,AUTO,23.2512,41.2646,0.0566,hold,1,1500,VIDE,0.0,0.03,0.0,4.669771,-0.698132,-0.0,1,0,17.477,18.086,0.0,0.03,0.0,4.0,5.0,2.0,0.5,0.05,1,0.66977,0.33023,0.0
638,2026-04-23T09:47:53.963Z,S20260423_104712,SC01,AUTO,23.3201,41.3334,0.0687,hold,1,1500,VIDE,0.0,0.03,0.0,4.668583,-0.698132,-0.0,1,0,16.109,19.789,0.0,0.03,0.0,4.0,5.0,2.0,0.5,0.05,1,0.66858,0.33142,0.0
639,2026-04-23T09:47:54.023Z,S20260423_104712,SC01,AUTO,23.3805,41.3939,0.0606,hold,1,1500,VIDE,0.0,0.03,0.0,4.667371,-0.698132,-0.0,1,0,17.599,18.835,0.0,0.03,0.0,4.0,5.0,2.0,0.5,0.05,1,0.66737,0.33263,0.0
640,2026-04-23T09:47:54.083Z,S20260423_104712,SC01,AUTO,23.4401,41.4534,0.0595,hold,1,1500,VIDE,0.0,0.03,0.0,4.666141,-0.698132,0.0,1,0,21.214,19.297,0.0,0.03,0.0,4.0,5.0,2.0,0.5,0.05,1,0.66614,0.33386,0.0
641,2026-04-23T09:47:54.141Z,S20260423_104712,SC01,AUTO,23.4979,41.5113,0.0579,hold,1,1500,VIDE,0.0,0.03,0.0,4.664896,-0.698132,-0.0,1,0,24.56,19.067,0.0,0.03,0.0,4.0,5.0,2.0,0.5,0.05,1,0.6649,0.3351,0.0
642,2026-04-23T09:47:54.205Z,S20260423_104712,SC01,AUTO,23.5616,41.575,0.0637,hold,1,1500,VIDE,0.0,0.03,0.0,4.663639,-0.698132,-0.0,1,0,26.716,19.448,0.0,0.03,0.0,4.0,5.0,2.0,0.5,0.05,1,0.66364,0.33636,0.0
643,2026-04-23T09:47:54.269Z,S20260423_104712,SC01,AUTO,23.6262,41.6396,0.0646,hold,1,1500,VIDE,0.0,0.03,0.0,4.662374,-0.698132,-0.0,1,0,28.796,19.394,0.0,0.03,0.0,4.0,5.0,2.0,0.5,0.05,1,0.66237,0.33763,0.0
644,2026-04-23T09:47:54.333Z,S20260423_104712,SC01,AUTO,23.6899,41.7032,0.0637,hold,1,1500,VIDE,0.0,0.03,0.0,4.661101,-0.698132,0.0,1,0,8.848,19.208,0.0,0.03,0.0,4.0,5.0,2.0,0.5,0.05,1,0.6611,0.3389,0.0
645,2026-04-23T09:47:54.396Z,S20260423_104712,SC01,AUTO,23.7526,41.7659,0.0627,hold,1,1500,VIDE,0.0,0.03,0.0,4.659824,-0.698132,-0.0,1,0,31.719,19.096,0.0,0.03,0.0,4.0,5.0,2.0,0.5,0.05,1,0.65982,0.34018,0.0
646,2026-04-23T09:47:54.461Z,S20260423_104712,SC01,AUTO,23.8182,41.8315,0.0656,hold,1,1500,VIDE,0.0,0.03,0.0,4.658542,-0.698132,0.0,1,0,12.177,19.842,0.0,0.03,0.0,4.0,5.0,2.0,0.5,0.05,1,0.65854,0.34146,0.0
647,2026-04-23T09:47:54.522Z,S20260423_104712,SC01,AUTO,23.8794,41.8928,0.0613,hold,1,1500,VIDE,0.0,0.03,0.0,4.657257,-0.698132,0.0,1,0,27.375,26.027,0.0,0.03,0.0,4.0,5.0,2.0,0.5,0.05,1,0.65726,0.34274,0.0
648,2026-04-23T09:47:54.583Z,S20260423_104712,SC01,AUTO,23.9399,41.9532,0.0605,hold,1,1500,VIDE,0.0,0.03,0.0,4.655969,-0.698132,-0.0,1,0,14.367,20.038,0.0,0.03,0.0,4.0,5.0,2.0,0.5,0.05,1,0.65597,0.34403,0.0
649,2026-04-23T09:47:54.653Z,S20260423_104712,SC01,AUTO,24.0101,42.0234,0.0701,hold,1,1500,VIDE,0.0,0.03,0.0,4.654034,-0.698132,0.0,1,0,25.962,20.534,0.0,0.03,0.0,4.0,5.0,2.0,0.5,0.05,1,0.65403,0.34597,0.0
650,2026-04-23T09:47:54.712Z,S20260423_104712,SC01,AUTO,24.069,42.0823,0.0589,hold,1,1500,VIDE,0.0,0.03,0.0,4.652742,-0.698132,0.0,1,0,27.692,18.494,0.0,0.03,0.0,4.0,5.0,2.0,0.5,0.05,1,0.65274,0.34726,0.0
651,2026-04-23T09:47:54.775Z,S20260423_104712,SC01,AUTO,24.1324,42.1458,0.0635,hold,1,1500,VIDE,0.0,0.03,0.0,4.65145,-0.698132,-0.0,1,0,27.353,20.129,0.0,0.03,0.0,4.0,5.0,2.0,0.5,0.05,1,0.65145,0.34855,0.0
652,2026-04-23T09:47:54.829Z,S20260423_104712,SC01,AUTO,24.1863,42.1997,0.0539,hold,1,1500,VIDE,0.0,0.03,0.0,4.650803,-0.698132,-0.0,1,0,19.32,19.482,0.0,0.03,0.0,4.0,5.0,2.0,0.5,0.05,1,0.6508,0.3492,0.0
653,2026-04-23T09:47:54.893Z,S20260423_104712,SC01,AUTO,24.2497,42.263,0.0633,hold,1,1500,VIDE,0.0,0.03,0.0,4.649294,-0.698132,-0.0,1,0,50.229,29.855,0.0,0.03,0.0,4.0,5.0,2.0,0.5,0.05,1,0.64929,0.35071,0.0
654,2026-04-23T09:47:54.957Z,S20260423_104712,SC01,AUTO,24.3138,42.3271,0.064,hold,1,1500,VIDE,0.0,0.03,0.0,4.648216,-0.698132,-0.0,1,0,26.889,18.912,0.0,0.03,0.0,4.0,5.0,2.0,0.5,0.05,1,0.64822,0.35178,0.0
655,2026-04-23T09:47:55.021Z,S20260423_104712,SC01,AUTO,24.378,42.3914,0.0643,hold,1,1500,VIDE,0.0,0.03,0.0,4.646922,-0.698132,0.0,1,0,20.1,17.195,0.0,0.03,0.0,4.0,5.0,2.0,0.5,0.05,1,0.64692,0.35308,0.0
656,2026-04-23T09:47:55.082Z,S20260423_104712,SC01,AUTO,24.4394,42.4527,0.0614,hold,1,1500,VIDE,0.0,0.03,0.0,4.645627,-0.698132,0.0,1,0,17.083,19.187,0.0,0.03,0.0,4.0,5.0,2.0,0.5,0.05,1,0.64563,0.35437,0.0
657,2026-04-23T09:47:55.143Z,S20260423_104712,SC01,AUTO,24.5001,42.5135,0.0607,hold,1,1500,VIDE,0.0,0.03,0.0,4.644332,-0.698132,-0.0,1,0,27.639,19.592,0.0,0.03,0.0,4.0,5.0,2.0,0.5,0.05,1,0.64433,0.35567,0.0
658,2026-04-23T09:47:55.211Z,S20260423_104712,SC01,AUTO,24.5683,42.5817,0.0682,hold,1,1500,VIDE,0.0,0.03,0.0,4.643038,-0.698132,0.0,1,0,20.285,19.344,0.0,0.03,0.0,4.0,5.0,2.0,0.5,0.05,1,0.64304,0.35696,0.0
659,2026-04-23T09:47:55.275Z,S20260423_104712,SC01,AUTO,24.6325,42.6459,0.0642,hold,1,1500,VIDE,0.0,0.03,0.0,4.641743,-0.698132,-0.0,1,0,22.369,19.875,0.0,0.03,0.0,4.0,5.0,2.0,0.5,0.05,1,0.64174,0.35826,0.0
660,2026-04-23T09:47:55.329Z,S20260423_104712,SC01,AUTO,24.6863,42.6997,0.0538,hold,1,1500,VIDE,0.0,0.03,0.0,4.641096,-0.698132,-0.0,1,0,18.842,18.937,0.0,0.03,0.0,4.0,5.0,2.0,0.5,0.05,1,0.6411,0.3589,0.0
661,2026-04-23T09:47:55.397Z,S20260423_104712,SC01,AUTO,24.754,42.7673,0.0677,hold,1,1500,VIDE,0.0,0.03,0.0,4.639154,-0.698132,0.0,1,0,13.321,19.438,0.0,0.03,0.0,4.0,5.0,2.0,0.5,0.05,1,0.63915,0.36085,0.0
662,2026-04-23T09:47:55.461Z,S20260423_104712,SC01,AUTO,24.8185,42.8318,0.0645,hold,1,1500,VIDE,0.0,0.03,0.0,4.63786,-0.698132,0.0,1,0,17.792,18.735,0.0,0.03,0.0,4.0,5.0,2.0,0.5,0.05,1,0.63786,0.36214,0.0
663,2026-04-23T09:47:55.517Z,S20260423_104712,SC01,AUTO,24.8741,42.8874,0.0556,hold,1,1500,VIDE,0.0,0.03,0.0,4.637213,-0.698132,0.0,1,0,29.385,19.635,0.0,0.03,0.0,4.0,5.0,2.0,0.5,0.05,1,0.63721,0.36279,0.0
664,2026-04-23T09:47:55.581Z,S20260423_104712,SC01,AUTO,24.9384,42.9517,0.0643,hold,1,1500,VIDE,0.0,0.03,0.0,4.635919,-0.698132,0.0,1,0,26.334,20.247,0.0,0.03,0.0,4.0,5.0,2.0,0.5,0.05,1,0.63592,0.36408,0.0
665,2026-04-23T09:47:55.645Z,S20260423_104712,SC01,AUTO,25.0019,43.0153,0.0636,hold,1,1500,VIDE,0.0,0.03,0.0,4.634625,-0.698132,-0.0,1,0,23.478,18.574,0.0,0.03,0.0,4.0,5.0,2.0,0.5,0.05,1,0.63462,0.36538,0.0
666,2026-04-23T09:47:55.710Z,S20260423_104712,SC01,AUTO,25.0668,43.0802,0.0648,hold,1,1500,VIDE,0.0,0.03,0.0,4.633331,-0.698132,-0.0,1,0,25.295,19.222,0.0,0.03,0.0,4.0,5.0,2.0,0.5,0.05,1,0.63333,0.36667,0.0
667,2026-04-23T09:47:55.773Z,S20260423_104712,SC01,AUTO,25.1299,43.1433,0.063,hold,1,1500,VIDE,0.0,0.03,0.0,4.632038,-0.698132,-0.0,1,0,34.397,20.166,0.0,0.03,0.0,4.0,5.0,2.0,0.5,0.05,1,0.63204,0.36796,0.0
668,2026-04-23T09:47:55.837Z,S20260423_104712,SC01,AUTO,25.1937,43.207,0.0638,hold,1,1500,VIDE,0.0,0.03,0.0,4.630744,-0.698132,0.0,1,0,14.668,18.814,0.0,0.03,0.0,4.0,5.0,2.0,0.5,0.05,1,0.63074,0.36926,0.0
669,2026-04-23T09:47:55.894Z,S20260423_104712,SC01,AUTO,25.2509,43.2643,0.0573,hold,1,1500,VIDE,0.0,0.03,0.0,4.629451,-0.698132,-0.0,1,0,16.912,17.692,0.0,0.03,0.0,4.0,5.0,2.0,0.5,0.05,1,0.62945,0.37055,0.0
670,2026-04-23T09:47:55.958Z,S20260423_104712,SC01,AUTO,25.3154,43.3288,0.0645,hold,1,1500,VIDE,0.0,0.03,0.0,4.628158,-0.698132,0.0,1,0,17.375,20.282,0.0,0.03,0.0,4.0,5.0,2.0,0.5,0.05,1,0.62816,0.37184,0.0
671,2026-04-23T09:47:56.021Z,S20260423_104712,SC01,AUTO,25.3777,43.3911,0.0622,hold,1,1500,VIDE,0.0,0.03,0.0,4.626865,-0.698132,0.0,1,0,17.937,16.717,0.0,0.03,0.0,4.0,5.0,2.0,0.5,0.05,1,0.62687,0.37313,0.0
672,2026-04-23T09:47:56.082Z,S20260423_104712,SC01,AUTO,25.4388,43.4521,0.0611,hold,1,1500,VIDE,0.0,0.03,0.0,4.625573,-0.698132,-0.0,1,0,20.347,19.317,0.0,0.03,0.0,4.0,5.0,2.0,0.5,0.05,1,0.62557,0.37443,0.0
673,2026-04-23T09:47:56.141Z,S20260423_104712,SC01,AUTO,25.4976,43.511,0.0588,hold,1,1500,VIDE,0.0,0.03,0.0,4.62428,-0.698132,-0.0,1,0,22.528,18.168,0.0,0.03,0.0,4.0,5.0,2.0,0.5,0.05,1,0.62428,0.37572,0.0
674,2026-04-23T09:47:56.206Z,S20260423_104712,SC01,AUTO,25.5631,43.5764,0.0654,hold,1,1500,VIDE,0.0,0.03,0.0,4.622988,-0.698132,-0.0,1,0,22.455,14.165,0.0,0.03,0.0,4.0,5.0,2.0,0.5,0.05,1,0.62299,0.37701,0.0
675,2026-04-23T09:47:56.269Z,S20260423_104712,SC01,AUTO,25.6265,43.6398,0.0634,hold,1,1500,VIDE,0.0,0.03,0.0,4.621696,-0.698132,-0.0,1,0,25.203,20.335,0.0,0.03,0.0,4.0,5.0,2.0,0.5,0.05,1,0.6217,0.3783,0.0
676,2026-04-23T09:47:56.333Z,S20260423_104712,SC01,AUTO,25.6905,43.7038,0.064,hold,1,1500,VIDE,0.0,0.03,0.0,4.620404,-0.698132,-0.0,1,0,26.41,19.199,0.0,0.03,0.0,4.0,5.0,2.0,0.5,0.05,1,0.6204,0.3796,0.0
677,2026-04-23T09:47:56.396Z,S20260423_104712,SC01,AUTO,25.753,43.7663,0.0625,hold,1,1500,VIDE,0.0,0.03,0.0,4.619112,-0.698132,-0.0,1,0,26.333,19.603,0.0,0.03,0.0,4.0,5.0,2.0,0.5,0.05,1,0.61911,0.38089,0.0
678,2026-04-23T09:47:56.457Z,S20260423_104712,SC01,AUTO,25.8145,43.8278,0.0615,hold,1,1500,VIDE,0.0,0.03,0.0,4.617821,-0.698132,0.0,1,0,31.391,20.209,0.0,0.03,0.0,4.0,5.0,2.0,0.5,0.05,1,0.61782,0.38218,0.0
679,2026-04-23T09:47:56.522Z,S20260423_104712,SC01,AUTO,25.8791,43.8924,0.0646,hold,1,1500,VIDE,0.0,0.03,0.0,4.61653,-0.698132,0.0,1,0,8.488,19.26,0.0,0.03,0.0,4.0,5.0,2.0,0.5,0.05,1,0.61653,0.38347,0.0
680,2026-04-23T09:47:56.579Z,S20260423_104712,SC01,AUTO,25.9361,43.9494,0.057,hold,1,1500,VIDE,0.0,0.03,0.0,4.615239,-0.698132,0.0,1,0,11.97,18.204,0.0,0.03,0.0,4.0,5.0,2.0,0.5,0.05,1,0.61524,0.38476,0.0
681,2026-04-23T09:47:56.645Z,S20260423_104712,SC01,AUTO,26.0024,44.0157,0.0664,hold,1,1500,VIDE,0.0,0.03,0.0,4.613303,-0.698132,-0.0,1,0,19.14,19.196,0.0,0.03,0.0,4.0,5.0,2.0,0.5,0.05,1,0.6133,0.3867,0.0
682,2026-04-23T09:47:56.708Z,S20260423_104712,SC01,AUTO,26.0649,44.0783,0.0625,hold,1,1500,VIDE,0.0,0.03,0.0,4.612012,-0.698132,-0.0,1,0,19.994,19.633,0.0,0.03,0.0,4.0,5.0,2.0,0.5,0.05,1,0.61201,0.38799,0.0
683,2026-04-23T09:47:56.772Z,S20260423_104712,SC01,AUTO,26.1286,44.1419,0.0637,hold,1,1500,VIDE,0.0,0.03,0.0,4.610722,-0.698132,-0.0,1,0,15.503,19.094,0.0,0.03,0.0,4.0,5.0,2.0,0.5,0.05,1,0.61072,0.38928,0.0
684,2026-04-23T09:47:56.829Z,S20260423_104712,SC01,AUTO,26.1858,44.1992,0.0572,hold,1,1500,VIDE,0.0,0.03,0.0,4.609432,-0.698132,-0.0,1,0,14.535,20.636,0.0,0.03,0.0,4.0,5.0,2.0,0.5,0.05,1,0.60943,0.39057,0.0
685,2026-04-23T09:47:56.894Z,S20260423_104712,SC01,AUTO,26.2506,44.264,0.0648,hold,1,1500,VIDE,0.0,0.03,0.0,4.608142,-0.698132,0.0,1,0,13.766,19.129,0.0,0.03,0.0,4.0,5.0,2.0,0.5,0.05,1,0.60814,0.39186,0.0
686,2026-04-23T09:47:56.957Z,S20260423_104712,SC01,AUTO,26.3143,44.3276,0.0636,hold,1,1500,VIDE,0.0,0.03,0.0,4.606853,-0.698132,-0.0,1,0,14.039,19.492,0.0,0.03,0.0,4.0,5.0,2.0,0.5,0.05,1,0.60685,0.39315,0.0
687,2026-04-23T09:47:57.021Z,S20260423_104712,SC01,AUTO,26.378,44.3913,0.0637,hold,1,1500,VIDE,0.0,0.03,0.0,4.605563,-0.698132,-0.0,1,0,14.767,17.11,0.0,0.03,0.0,4.0,5.0,2.0,0.5,0.05,1,0.60556,0.39444,0.0
688,2026-04-23T09:47:57.080Z,S20260423_104712,SC01,AUTO,26.4375,44.4509,0.0595,hold,1,1500,VIDE,0.0,0.03,0.0,4.604274,-0.698132,0.0,1,0,15.414,19.331,0.0,0.03,0.0,4.0,5.0,2.0,0.5,0.05,1,0.60427,0.39573,0.0
689,2026-04-23T09:47:57.142Z,S20260423_104712,SC01,AUTO,26.4991,44.5124,0.0617,hold,1,1500,VIDE,0.0,0.03,0.0,4.602985,-0.698132,0.0,1,0,18.404,19.058,0.0,0.03,0.0,4.0,5.0,2.0,0.5,0.05,1,0.60298,0.39702,0.0
690,2026-04-23T09:47:57.210Z,S20260423_104712,SC01,AUTO,26.5669,44.5802,0.0678,hold,1,1500,VIDE,0.0,0.03,0.0,4.601481,-0.698132,0.0,1,0,46.201,28.553,0.0,0.03,0.0,4.0,5.0,2.0,0.5,0.05,1,0.60148,0.39852,0.0
691,2026-04-23T09:47:57.273Z,S20260423_104712,SC01,AUTO,26.6297,44.643,0.0628,hold,1,1500,VIDE,0.0,0.03,0.0,4.599763,-0.698132,0.0,1,0,24.356,20.304,0.0,0.03,0.0,4.0,5.0,2.0,0.5,0.05,1,0.59976,0.40024,0.0
692,2026-04-23T09:47:57.335Z,S20260423_104712,SC01,AUTO,26.6925,44.7058,0.0628,hold,1,1500,VIDE,0.0,0.03,0.0,4.599119,-0.698132,0.0,1,0,16.19,19.512,0.0,0.03,0.0,4.0,5.0,2.0,0.5,0.05,1,0.59912,0.40088,0.0
693,2026-04-23T09:47:57.396Z,S20260423_104712,SC01,AUTO,26.7534,44.7667,0.0609,hold,1,1500,VIDE,0.0,0.03,0.0,4.597187,-0.698132,0.0,1,0,11.481,19.421,0.0,0.03,0.0,4.0,5.0,2.0,0.5,0.05,1,0.59719,0.40281,0.0
694,2026-04-23T09:47:57.460Z,S20260423_104712,SC01,AUTO,26.8167,44.83,0.0633,hold,1,1500,VIDE,0.0,0.03,0.0,4.595899,-0.698132,-0.0,1,0,28.575,19.891,0.0,0.03,0.0,4.0,5.0,2.0,0.5,0.05,1,0.5959,0.4041,0.0
695,2026-04-23T09:47:57.517Z,S20260423_104712,SC01,AUTO,26.8741,44.8874,0.0574,hold,1,1500,VIDE,0.0,0.03,0.0,4.594611,-0.698132,0.0,1,0,27.3,17.159,0.0,0.03,0.0,4.0,5.0,2.0,0.5,0.05,1,0.59461,0.40539,0.0
696,2026-04-23T09:47:57.579Z,S20260423_104712,SC01,AUTO,26.9356,44.9489,0.0615,hold,1,1500,VIDE,0.0,0.03,0.0,4.593323,-0.698132,-0.0,1,0,26.911,19.129,0.0,0.03,0.0,4.0,5.0,2.0,0.5,0.05,1,0.59332,0.40668,0.0
697,2026-04-23T09:47:57.646Z,S20260423_104712,SC01,AUTO,27.0033,45.0166,0.0677,hold,1,1500,VIDE,0.0,0.03,0.0,4.592036,-0.698132,-0.0,1,0,24.955,18.2,0.0,0.03,0.0,4.0,5.0,2.0,0.5,0.05,1,0.59204,0.40796,0.0
698,2026-04-23T09:47:57.709Z,S20260423_104712,SC01,AUTO,27.0658,45.0791,0.0625,hold,1,1500,VIDE,0.0,0.03,0.0,4.590749,-0.698132,-0.0,1,0,22.136,19.947,0.0,0.03,0.0,4.0,5.0,2.0,0.5,0.05,1,0.59075,0.40925,0.0
699,2026-04-23T09:47:57.773Z,S20260423_104712,SC01,AUTO,27.1301,45.1435,0.0643,hold,1,1500,VIDE,0.0,0.03,0.0,4.588819,-0.698132,-0.0,1,0,10.397,18.736,0.0,0.03,0.0,4.0,5.0,2.0,0.5,0.05,1,0.58882,0.41118,0.0
700,2026-04-23T09:47:57.837Z,S20260423_104712,SC01,AUTO,27.1936,45.207,0.0635,hold,1,1500,VIDE,0.0,0.03,0.0,4.587532,-0.698132,0.0,1,0,10.056,19.058,0.0,0.03,0.0,4.0,5.0,2.0,0.5,0.05,1,0.58753,0.41247,0.0
701,2026-04-23T09:47:57.897Z,S20260423_104712,SC01,AUTO,27.2536,45.267,0.06,hold,1,1500,VIDE,0.0,0.03,0.0,4.586246,-0.698132,0.0,1,0,11.086,19.423,0.0,0.03,0.0,4.0,5.0,2.0,0.5,0.05,1,0.58625,0.41375,0.0
702,2026-04-23T09:47:57.962Z,S20260423_104712,SC01,AUTO,27.3187,45.3321,0.0651,hold,1,1500,VIDE,0.0,0.03,0.0,4.58496,-0.698132,0.0,1,0,9.882,19.492,0.0,0.03,0.0,4.0,5.0,2.0,0.5,0.05,1,0.58496,0.41504,0.0
703,2026-04-23T09:47:58.023Z,S20260423_104712,SC01,AUTO,27.3799,45.3932,0.0611,hold,1,1500,VIDE,0.0,0.03,0.0,4.583673,-0.698132,-0.0,1,0,28.168,19.465,0.0,0.03,0.0,4.0,5.0,2.0,0.5,0.05,1,0.58367,0.41633,0.0
704,2026-04-23T09:47:58.082Z,S20260423_104712,SC01,AUTO,27.4392,45.4525,0.0594,hold,1,1500,VIDE,0.0,0.03,0.0,4.582387,-0.698132,0.0,1,0,26.324,19.29,0.0,0.03,0.0,4.0,5.0,2.0,0.5,0.05,1,0.58239,0.41761,0.0
705,2026-04-23T09:47:58.141Z,S20260423_104712,SC01,AUTO,27.4977,45.511,0.0585,hold,1,1500,VIDE,0.0,0.03,0.0,4.581102,-0.698132,-0.0,1,0,29.98,19.841,0.0,0.03,0.0,4.0,5.0,2.0,0.5,0.05,1,0.5811,0.4189,0.0
706,2026-04-23T09:47:58.204Z,S20260423_104712,SC01,AUTO,27.5614,45.5747,0.0637,hold,1,1500,VIDE,0.0,0.03,0.0,4.579817,-0.698132,0.0,1,0,30.074,19.744,0.0,0.03,0.0,4.0,5.0,2.0,0.5,0.05,1,0.57982,0.42018,0.0
707,2026-04-23T09:47:58.268Z,S20260423_104712,SC01,AUTO,27.6255,45.6388,0.064,hold,1,1500,VIDE,0.0,0.03,0.0,4.578531,-0.698132,-0.0,1,0,11.225,19.246,0.0,0.03,0.0,4.0,5.0,2.0,0.5,0.05,1,0.57853,0.42147,0.0
708,2026-04-23T09:47:58.333Z,S20260423_104712,SC01,AUTO,27.6903,45.7036,0.0648,hold,1,1500,VIDE,0.0,0.03,0.0,4.577247,-0.698132,0.0,1,0,13.649,19.286,0.0,0.03,0.0,4.0,5.0,2.0,0.5,0.05,1,0.57725,0.42275,0.0
709,2026-04-23T09:47:58.395Z,S20260423_104712,SC01,AUTO,27.7524,45.7657,0.0622,hold,1,1500,VIDE,0.0,0.03,0.0,4.575962,-0.698132,0.0,1,0,12.722,18.764,0.0,0.03,0.0,4.0,5.0,2.0,0.5,0.05,1,0.57596,0.42404,0.0
710,2026-04-23T09:47:58.461Z,S20260423_104712,SC01,AUTO,27.8182,45.8316,0.0658,hold,1,1500,VIDE,0.0,0.03,0.0,4.574677,-0.698132,0.0,1,0,13.382,18.844,0.0,0.03,0.0,4.0,5.0,2.0,0.5,0.05,1,0.57468,0.42532,0.0
711,2026-04-23T09:47:58.524Z,S20260423_104712,SC01,AUTO,27.8808,45.8941,0.0625,hold,1,1500,VIDE,0.0,0.03,0.0,4.573393,-0.698132,0.0,1,0,17.541,19.199,0.0,0.03,0.0,4.0,5.0,2.0,0.5,0.05,1,0.57339,0.42661,0.0
712,2026-04-23T09:47:58.583Z,S20260423_104712,SC01,AUTO,27.9398,45.9532,0.0591,hold,1,1500,VIDE,0.0,0.03,0.0,4.572109,-0.698132,0.0,1,0,23.611,18.427,0.0,0.03,0.0,4.0,5.0,2.0,0.5,0.05,1,0.57211,0.42789,0.0
713,2026-04-23T09:47:58.644Z,S20260423_104712,SC01,AUTO,28.0008,46.0141,0.0609,hold,1,1500,VIDE,0.0,0.03,0.0,4.570825,-0.698132,0.0,1,0,21.976,19.299,0.0,0.03,0.0,4.0,5.0,2.0,0.5,0.05,1,0.57082,0.42918,0.0
714,2026-04-23T09:47:58.710Z,S20260423_104712,SC01,AUTO,28.067,46.0803,0.0662,hold,1,1500,VIDE,0.0,0.03,0.0,4.569541,-0.698132,-0.0,1,0,21.119,19.5,0.0,0.03,0.0,4.0,5.0,2.0,0.5,0.05,1,0.56954,0.43046,0.0
715,2026-04-23T09:47:58.774Z,S20260423_104712,SC01,AUTO,28.1309,46.1442,0.0638,hold,1,1500,VIDE,0.0,0.03,0.0,4.568257,-0.698132,0.0,1,0,23.929,19.418,0.0,0.03,0.0,4.0,5.0,2.0,0.5,0.05,1,0.56826,0.43174,0.0
716,2026-04-23T09:47:58.829Z,S20260423_104712,SC01,AUTO,28.1856,46.199,0.0548,hold,1,1500,VIDE,0.0,0.03,0.0,4.566974,-0.698132,-0.0,1,0,33.54,20.442,0.0,0.03,0.0,4.0,5.0,2.0,0.5,0.05,1,0.56697,0.43303,0.0
717,2026-04-23T09:47:58.893Z,S20260423_104712,SC01,AUTO,28.2504,46.2638,0.0648,hold,1,1500,VIDE,0.0,0.03,0.0,4.565691,-0.698132,-0.0,1,0,14.695,19.102,0.0,0.03,0.0,4.0,5.0,2.0,0.5,0.05,1,0.56569,0.43431,0.0
718,2026-04-23T09:47:58.957Z,S20260423_104712,SC01,AUTO,28.3141,46.3274,0.0636,hold,1,1500,VIDE,0.0,0.03,0.0,4.564408,-0.698132,-0.0,1,0,12.795,19.869,0.0,0.03,0.0,4.0,5.0,2.0,0.5,0.05,1,0.56441,0.43559,0.0
719,2026-04-23T09:47:59.021Z,S20260423_104712,SC01,AUTO,28.3783,46.3916,0.0641,hold,1,1500,VIDE,0.0,0.03,0.0,4.562911,-0.698132,-0.0,1,0,36.838,7.154,0.0,0.03,0.0,4.0,5.0,2.0,0.5,0.05,1,0.56291,0.43709,0.0
720,2026-04-23T09:47:59.082Z,S20260423_104712,SC01,AUTO,28.4389,46.4522,0.0607,hold,1,1500,VIDE,0.0,0.03,0.0,4.561201,-0.698132,-0.0,1,0,19.219,18.951,0.0,0.03,0.0,4.0,5.0,2.0,0.5,0.05,1,0.5612,0.4388,0.0
721,2026-04-23T09:47:59.142Z,S20260423_104712,SC01,AUTO,28.4994,46.5127,0.0605,hold,1,1500,VIDE,0.0,0.03,0.0,4.56056,-0.698132,0.0,1,0,10.837,20.508,0.0,0.03,0.0,4.0,5.0,2.0,0.5,0.05,1,0.56056,0.43944,0.0
722,2026-04-23T09:47:59.211Z,S20260423_104712,SC01,AUTO,28.5677,46.581,0.0683,hold,1,1500,VIDE,0.0,0.03,0.0,4.558637,-0.698132,-0.0,1,0,23.746,18.541,0.0,0.03,0.0,4.0,5.0,2.0,0.5,0.05,1,0.55864,0.44136,0.0
723,2026-04-23T09:47:59.272Z,S20260423_104712,SC01,AUTO,28.6294,46.6428,0.0617,hold,1,1500,VIDE,0.0,0.03,0.0,4.557355,-0.698132,-0.0,1,0,24.051,19.197,0.0,0.03,0.0,4.0,5.0,2.0,0.5,0.05,1,0.55735,0.44265,0.0
724,2026-04-23T09:47:59.329Z,S20260423_104712,SC01,AUTO,28.686,46.6993,0.0566,hold,1,1500,VIDE,0.0,0.03,0.0,4.556074,-0.698132,-0.0,1,0,23.768,19.838,0.0,0.03,0.0,4.0,5.0,2.0,0.5,0.05,1,0.55607,0.44393,0.0
725,2026-04-23T09:47:59.394Z,S20260423_104712,SC01,AUTO,28.7513,46.7647,0.0653,hold,1,1500,VIDE,0.0,0.03,0.0,4.554792,-0.698132,-0.0,1,0,24.567,18.897,0.0,0.03,0.0,4.0,5.0,2.0,0.5,0.05,1,0.55479,0.44521,0.0
726,2026-04-23T09:47:59.462Z,S20260423_104712,SC01,AUTO,28.8188,46.8321,0.0674,hold,1,1500,VIDE,0.0,0.03,0.0,4.553511,-0.698132,0.0,1,0,23.403,18.804,0.0,0.03,0.0,4.0,5.0,2.0,0.5,0.05,1,0.55351,0.44649,0.0
727,2026-04-23T09:47:59.517Z,S20260423_104712,SC01,AUTO,28.8742,46.8876,0.0555,hold,1,1500,VIDE,0.0,0.03,0.0,4.55223,-0.698132,-0.0,1,0,23.73,18.417,0.0,0.03,0.0,4.0,5.0,2.0,0.5,0.05,1,0.55223,0.44777,0.0
728,2026-04-23T09:47:59.581Z,S20260423_104712,SC01,AUTO,28.9384,46.9517,0.0641,hold,1,1500,VIDE,0.0,0.03,0.0,4.550949,-0.698132,-0.0,1,0,27.454,19.755,0.0,0.03,0.0,4.0,5.0,2.0,0.5,0.05,1,0.55095,0.44905,0.0
729,2026-04-23T09:47:59.648Z,S20260423_104712,SC01,AUTO,29.0048,47.0181,0.0665,hold,1,1500,VIDE,0.0,0.03,0.0,4.549668,-0.698132,0.0,1,0,27.363,18.415,0.0,0.03,0.0,4.0,5.0,2.0,0.5,0.05,1,0.54967,0.45033,0.0
730,2026-04-23T09:47:59.709Z,S20260423_104712,SC01,AUTO,29.0661,47.0795,0.0614,hold,1,1500,VIDE,0.0,0.03,0.0,4.548388,-0.698132,0.0,1,0,25.375,19.228,0.0,0.03,0.0,4.0,5.0,2.0,0.5,0.05,1,0.54839,0.45161,0.0
731,2026-04-23T09:47:59.773Z,S20260423_104712,SC01,AUTO,29.1301,47.1435,0.064,hold,1,1500,VIDE,0.0,0.03,0.0,4.546894,-0.698132,-0.0,1,0,30.305,5.47,0.0,0.03,0.0,4.0,5.0,2.0,0.5,0.05,1,0.54689,0.45311,0.0
732,2026-04-23T09:47:59.830Z,S20260423_104712,SC01,AUTO,29.1871,47.2004,0.0569,hold,1,1500,VIDE,0.0,0.03,0.0,4.545827,-0.698132,-0.0,1,0,21.313,19.735,0.0,0.03,0.0,4.0,5.0,2.0,0.5,0.05,1,0.54583,0.45417,0.0
733,2026-04-23T09:47:59.895Z,S20260423_104712,SC01,AUTO,29.252,47.2653,0.065,hold,1,1500,VIDE,0.0,0.03,0.0,4.543908,-0.698132,-0.0,1,0,9.926,19.6,0.0,0.03,0.0,4.0,5.0,2.0,0.5,0.05,1,0.54391,0.45609,0.0
734,2026-04-23T09:47:59.962Z,S20260423_104712,SC01,AUTO,29.3187,47.3321,0.0667,hold,1,1500,VIDE,0.0,0.03,0.0,4.542628,-0.698132,-0.0,1,0,9.348,19.747,0.0,0.03,0.0,4.0,5.0,2.0,0.5,0.05,1,0.54263,0.45737,0.0
735,2026-04-23T09:48:00.022Z,S20260423_104712,SC01,AUTO,29.3795,47.3929,0.0608,hold,1,1500,VIDE,0.0,0.03,0.0,4.541349,-0.698132,-0.0,1,0,25.628,18.538,0.0,0.03,0.0,4.0,5.0,2.0,0.5,0.05,1,0.54135,0.45865,0.0
736,2026-04-23T09:48:00.082Z,S20260423_104712,SC01,AUTO,29.4394,47.4528,0.0599,hold,1,1500,VIDE,0.0,0.03,0.0,4.54007,-0.698132,-0.0,1,0,29.613,19.896,0.0,0.03,0.0,4.0,5.0,2.0,0.5,0.05,1,0.54007,0.45993,0.0
737,2026-04-23T09:48:00.142Z,S20260423_104712,SC01,AUTO,29.4987,47.5121,0.0593,hold,1,1500,VIDE,0.0,0.03,0.0,4.538791,-0.698132,0.0,1,0,17.681,19.081,0.0,0.03,0.0,4.0,5.0,2.0,0.5,0.05,1,0.53879,0.46121,0.0
738,2026-04-23T09:48:00.205Z,S20260423_104712,SC01,AUTO,29.5624,47.5758,0.0637,hold,1,1500,VIDE,0.0,0.03,0.0,4.538151,-0.698132,0.0,1,0,32.755,19.745,0.0,0.03,0.0,4.0,5.0,2.0,0.5,0.05,1,0.53815,0.46185,0.0
739,2026-04-23T09:48:00.269Z,S20260423_104712,SC01,AUTO,29.6259,47.6392,0.0635,hold,1,1500,VIDE,0.0,0.03,0.0,4.536873,-0.698132,0.0,1,0,20.123,19.102,0.0,0.03,0.0,4.0,5.0,2.0,0.5,0.05,1,0.53687,0.46313,0.0
740,2026-04-23T09:48:00.333Z,S20260423_104712,SC01,AUTO,29.6904,47.7037,0.0642,hold,1,1500,VIDE,0.0,0.03,0.0,4.534956,-0.698132,0.0,1,0,9.329,20.912,0.0,0.03,0.0,4.0,5.0,2.0,0.5,0.05,1,0.53496,0.46504,0.0
741,2026-04-23T09:48:00.396Z,S20260423_104712,SC01,AUTO,29.7529,47.7662,0.0627,hold,1,1500,VIDE,0.0,0.03,0.0,4.533677,-0.698132,0.0,1,0,11.609,19.978,0.0,0.03,0.0,4.0,5.0,2.0,0.5,0.05,1,0.53368,0.46632,0.0
742,2026-04-23T09:48:00.459Z,S20260423_104712,SC01,AUTO,29.8161,47.8294,0.0632,hold,1,1500,VIDE,0.0,0.03,0.0,4.532399,-0.698132,-0.0,1,0,8.885,19.209,0.0,0.03,0.0,4.0,5.0,2.0,0.5,0.05,1,0.5324,0.4676,0.0
743,2026-04-23T09:48:00.522Z,S20260423_104712,SC01,AUTO,29.8793,47.8926,0.0631,hold,1,1500,VIDE,0.0,0.03,0.0,4.531121,-0.698132,0.0,1,0,28.443,17.599,0.0,0.03,0.0,4.0,5.0,2.0,0.5,0.05,1,0.53112,0.46888,0.0
744,2026-04-23T09:48:00.583Z,S20260423_104712,SC01,AUTO,29.9398,47.9532,0.0605,hold,1,1500,VIDE,0.0,0.03,0.0,4.529844,-0.698132,-0.0,1,0,27.394,18.147,0.0,0.03,0.0,4.0,5.0,2.0,0.5,0.05,1,0.52984,0.47016,0.0
745,2026-04-23T09:48:00.644Z,S20260423_104712,SC01,AUTO,30.0011,48.0145,0.0613,hold,1,1500,VIDE,0.0,0.03,0.0,4.528567,-0.698132,0.0,1,0,30.925,18.835,0.0,0.03,0.0,4.0,5.0,2.0,0.5,0.05,1,0.52857,0.47143,0.0
746,2026-04-23T09:48:00.707Z,S20260423_104712,SC01,AUTO,30.0645,48.0778,0.0633,hold,1,1500,VIDE,0.0,0.03,0.0,4.527289,-0.698132,-0.0,1,0,7.742,19.342,0.0,0.03,0.0,4.0,5.0,2.0,0.5,0.05,1,0.52729,0.47271,0.0
747,2026-04-23T09:48:00.769Z,S20260423_104712,SC01,AUTO,30.1264,48.1397,0.0619,hold,1,1500,VIDE,0.0,0.03,0.0,4.526012,-0.698132,-0.0,1,0,29.806,19.876,0.0,0.03,0.0,4.0,5.0,2.0,0.5,0.05,1,0.52601,0.47399,0.0
748,2026-04-23T09:48:00.828Z,S20260423_104712,SC01,AUTO,30.1854,48.1988,0.0591,hold,1,1500,VIDE,0.0,0.03,0.0,4.524736,-0.698132,0.0,1,0,10.633,19.474,0.0,0.03,0.0,4.0,5.0,2.0,0.5,0.05,1,0.52474,0.47526,0.0
749,2026-04-23T09:48:00.891Z,S20260423_104712,SC01,AUTO,30.2481,48.2614,0.0626,hold,1,1500,VIDE,0.0,0.03,0.0,4.523459,-0.698132,-0.0,1,0,10.668,19.325,0.0,0.03,0.0,4.0,5.0,2.0,0.5,0.05,1,0.52346,0.47654,0.0
750,2026-04-23T09:48:00.958Z,S20260423_104712,SC01,AUTO,30.3146,48.3279,0.0665,hold,1,1500,VIDE,0.0,0.03,0.0,4.522183,-0.698132,-0.0,1,0,8.37,19.955,0.0,0.03,0.0,4.0,5.0,2.0,0.5,0.05,1,0.52218,0.47782,0.0
751,2026-04-23T09:48:01.016Z,S20260423_104712,SC01,AUTO,30.373,48.3863,0.0584,hold,1,1500,VIDE,0.0,0.03,0.0,4.520907,-0.698132,0.0,1,0,24.528,20.875,0.0,0.03,0.0,4.0,5.0,2.0,0.5,0.05,1,0.52091,0.47909,0.0
752,2026-04-23T09:48:01.082Z,S20260423_104712,SC01,AUTO,30.4391,48.4524,0.0661,hold,1,1500,VIDE,0.0,0.03,0.0,4.518993,-0.698132,-0.0,1,0,18.395,19.088,0.0,0.03,0.0,4.0,5.0,2.0,0.5,0.05,1,0.51899,0.48101,0.0
753,2026-04-23T09:48:01.143Z,S20260423_104712,SC01,AUTO,30.5001,48.5134,0.061,hold,1,1500,VIDE,0.0,0.03,0.0,4.517717,-0.698132,-0.0,1,0,16.962,18.417,0.0,0.03,0.0,4.0,5.0,2.0,0.5,0.05,1,0.51772,0.48228,0.0
754,2026-04-23T09:48:01.203Z,S20260423_104712,SC01,AUTO,30.5603,48.5736,0.0602,hold,1,1500,VIDE,0.0,0.03,0.0,4.516442,-0.698132,0.0,1,0,12.162,20.001,0.0,0.03,0.0,4.0,5.0,2.0,0.5,0.05,1,0.51644,0.48356,0.0
755,2026-04-23T09:48:01.266Z,S20260423_104712,SC01,AUTO,30.623,48.6364,0.0627,hold,1,1500,VIDE,0.0,0.03,0.0,4.515167,-0.698132,0.0,1,0,10.022,20.308,0.0,0.03,0.0,4.0,5.0,2.0,0.5,0.05,1,0.51517,0.48483,0.0
756,2026-04-23T09:48:01.329Z,S20260423_104712,SC01,AUTO,30.6856,48.6989,0.0626,hold,1,1500,VIDE,0.0,0.03,0.0,4.513892,-0.698132,0.0,1,0,16.578,20.498,0.0,0.03,0.0,4.0,5.0,2.0,0.5,0.05,1,0.51389,0.48611,0.0
757,2026-04-23T09:48:01.391Z,S20260423_104712,SC01,AUTO,30.748,48.7613,0.0624,hold,1,1500,VIDE,0.0,0.03,0.0,4.512617,-0.698132,0.0,1,0,23.062,18.957,0.0,0.03,0.0,4.0,5.0,2.0,0.5,0.05,1,0.51262,0.48738,0.0
758,2026-04-23T09:48:01.462Z,S20260423_104712,SC01,AUTO,30.8187,48.832,0.0706,hold,1,1500,VIDE,0.0,0.03,0.0,4.511342,-0.698132,-0.0,1,0,18.743,19.845,0.0,0.03,0.0,4.0,5.0,2.0,0.5,0.05,1,0.51134,0.48866,0.0
759,2026-04-23T09:48:01.516Z,S20260423_104712,SC01,AUTO,30.8733,48.8866,0.0547,hold,1,1500,VIDE,0.0,0.03,0.0,4.510067,-0.698132,0.0,1,0,17.101,19.273,0.0,0.03,0.0,4.0,5.0,2.0,0.5,0.05,1,0.51007,0.48993,0.0
760,2026-04-23T09:48:01.581Z,S20260423_104712,SC01,AUTO,30.9378,48.9512,0.0645,hold,1,1500,VIDE,0.0,0.03,0.0,4.508793,-0.698132,0.0,1,0,18.076,18.344,0.0,0.03,0.0,4.0,5.0,2.0,0.5,0.05,1,0.50879,0.49121,0.0
761,2026-04-23T09:48:01.652Z,S20260423_104712,SC01,AUTO,31.0093,49.0226,0.0714,hold,1,1500,VIDE,0.0,0.03,0.0,4.506882,-0.698132,-0.0,1,0,25.702,19.237,0.0,0.03,0.0,4.0,5.0,2.0,0.5,0.05,1,0.50688,0.49312,0.0
762,2026-04-23T09:48:01.704Z,S20260423_104712,SC01,AUTO,31.0608,49.0742,0.0516,hold,1,1500,VIDE,0.0,0.03,0.0,4.506033,-0.698132,-0.0,1,0,39.547,26.244,0.0,0.03,0.0,4.0,5.0,2.0,0.5,0.05,1,0.50603,0.49397,0.0
763,2026-04-23T09:48:01.767Z,S20260423_104712,SC01,AUTO,31.1239,49.1372,0.0631,hold,1,1500,VIDE,0.0,0.03,0.0,4.504335,-0.698132,-0.0,1,0,23.086,19.463,0.0,0.03,0.0,4.0,5.0,2.0,0.5,0.05,1,0.50433,0.49567,0.0
764,2026-04-23T09:48:01.829Z,S20260423_104712,SC01,AUTO,31.1862,49.1996,0.0623,hold,1,1500,VIDE,0.0,0.03,0.0,4.503062,-0.698132,0.0,1,0,25.079,20.029,0.0,0.03,0.0,4.0,5.0,2.0,0.5,0.05,1,0.50306,0.49694,0.0
765,2026-04-23T09:48:01.890Z,S20260423_104712,SC01,AUTO,31.2475,49.2608,0.0613,hold,1,1500,VIDE,0.0,0.03,0.0,4.501789,-0.698132,0.0,1,0,23.914,18.607,0.0,0.03,0.0,4.0,5.0,2.0,0.5,0.05,1,0.50179,0.49821,0.0
766,2026-04-23T09:48:01.955Z,S20260423_104712,SC01,AUTO,31.3124,49.3257,0.0648,hold,1,1500,VIDE,0.0,0.03,0.0,4.500515,-0.698132,0.0,1,0,24.055,20.092,0.0,0.03,0.0,4.0,5.0,2.0,0.5,0.05,1,0.50052,0.49948,0.0
767,2026-04-23T09:48:02.016Z,S20260423_104712,SC01,AUTO,31.3732,49.3865,0.0608,hold,1,1500,VIDE,0.0,0.03,0.0,4.499243,-0.698132,-0.0,1,0,21.393,19.104,0.0,0.03,0.0,4.0,5.0,2.0,0.5,0.05,1,0.49924,0.50076,0.0
768,2026-04-23T09:48:02.079Z,S20260423_104712,SC01,AUTO,31.4365,49.4498,0.0633,hold,1,1500,VIDE,0.0,0.03,0.0,4.49797,-0.698132,-0.0,1,0,19.965,18.931,0.0,0.03,0.0,4.0,5.0,2.0,0.5,0.05,1,0.49797,0.50203,0.0
769,2026-04-23T09:48:02.141Z,S20260423_104712,SC01,AUTO,31.4984,49.5118,0.0619,hold,1,1500,VIDE,0.0,0.03,0.0,4.496698,-0.698132,0.0,1,0,17.434,15.746,0.0,0.03,0.0,4.0,5.0,2.0,0.5,0.05,1,0.4967,0.5033,0.0
770,2026-04-23T09:48:02.204Z,S20260423_104712,SC01,AUTO,31.5616,49.5749,0.0631,hold,1,1500,VIDE,0.0,0.03,0.0,4.495426,-0.698132,0.0,1,0,17.357,19.223,0.0,0.03,0.0,4.0,5.0,2.0,0.5,0.05,1,0.49543,0.50457,0.0
771,2026-04-23T09:48:02.269Z,S20260423_104712,SC01,AUTO,31.6257,49.6391,0.0642,hold,1,1500,VIDE,0.0,0.03,0.0,4.493942,-0.698132,-0.0,1,0,45.133,26.001,0.0,0.03,0.0,4.0,5.0,2.0,0.5,0.05,1,0.49394,0.50606,0.0
772,2026-04-23T09:48:02.333Z,S20260423_104712,SC01,AUTO,31.6896,49.703,0.0639,hold,1,1500,VIDE,0.0,0.03,0.0,4.492246,-0.698132,-0.0,1,0,25.407,19.202,0.0,0.03,0.0,4.0,5.0,2.0,0.5,0.05,1,0.49225,0.50775,0.0
773,2026-04-23T09:48:02.395Z,S20260423_104712,SC01,AUTO,31.752,49.7653,0.0624,hold,1,1500,VIDE,0.0,0.03,0.0,4.490975,-0.698132,0.0,1,0,23.649,18.962,0.0,0.03,0.0,4.0,5.0,2.0,0.5,0.05,1,0.49097,0.50903,0.0
774,2026-04-23T09:48:02.453Z,S20260423_104712,SC01,AUTO,31.8103,49.8236,0.0583,hold,1,1500,VIDE,0.0,0.03,0.0,4.489704,-0.698132,0.0,1,0,21.864,19.823,0.0,0.03,0.0,4.0,5.0,2.0,0.5,0.05,1,0.4897,0.5103,0.0
775,2026-04-23T09:48:02.516Z,S20260423_104712,SC01,AUTO,31.8734,49.8867,0.0632,hold,1,1500,VIDE,0.0,0.03,0.0,4.488432,-0.698132,0.0,1,0,24.182,19.056,0.0,0.03,0.0,4.0,5.0,2.0,0.5,0.05,1,0.48843,0.51157,0.0
776,2026-04-23T09:48:02.578Z,S20260423_104712,SC01,AUTO,31.9355,49.9488,0.0621,hold,1,1500,VIDE,0.0,0.03,0.0,4.487162,-0.698132,0.0,1,0,23.181,19.012,0.0,0.03,0.0,4.0,5.0,2.0,0.5,0.05,1,0.48716,0.51284,0.0
777,2026-04-23T09:48:02.655Z,S20260423_104712,SC01,AUTO,32.0125,50.0258,0.0771,hold,1,1500,VIDE,0.0,0.03,0.0,4.485256,-0.698132,-0.0,1,0,29.119,18.838,0.0,0.03,0.0,4.0,5.0,2.0,0.5,0.05,1,0.48526,0.51474,0.0
778,2026-04-23T09:48:02.713Z,S20260423_104712,SC01,AUTO,32.0698,50.0832,0.0573,hold,1,1500,VIDE,0.0,0.03,0.0,4.483985,-0.698132,-0.0,1,0,8.119,19.215,0.0,0.03,0.0,4.0,5.0,2.0,0.5,0.05,1,0.48398,0.51602,0.0
779,2026-04-23T09:48:02.766Z,S20260423_104712,SC01,AUTO,32.1228,50.1361,0.0529,hold,1,1500,VIDE,0.0,0.03,0.0,4.48335,-0.698132,0.0,1,0,16.983,19.788,0.0,0.03,0.0,4.0,5.0,2.0,0.5,0.05,1,0.48335,0.51665,0.0
780,2026-04-23T09:48:02.829Z,S20260423_104712,SC01,AUTO,32.1862,50.1995,0.0634,hold,1,1500,VIDE,0.0,0.03,0.0,4.48208,-0.698132,0.0,1,0,1.463,19.74,0.0,0.03,0.0,4.0,5.0,2.0,0.5,0.05,1,0.48208,0.51792,0.0
781,2026-04-23T09:48:02.892Z,S20260423_104712,SC01,AUTO,32.2488,50.2622,0.0627,hold,1,1500,VIDE,0.0,0.03,0.0,4.48081,-0.698132,0.0,1,0,21.638,18.833,0.0,0.03,0.0,4.0,5.0,2.0,0.5,0.05,1,0.48081,0.51919,0.0
782,2026-04-23T09:48:02.957Z,S20260423_104712,SC01,AUTO,32.3143,50.3276,0.0654,hold,1,1500,VIDE,0.0,0.03,0.0,4.478906,-0.698132,-0.0,1,0,8.83,19.631,0.0,0.03,0.0,4.0,5.0,2.0,0.5,0.05,1,0.47891,0.52109,0.0
783,2026-04-23T09:48:03.021Z,S20260423_104712,SC01,AUTO,32.3776,50.3909,0.0633,hold,1,1500,VIDE,0.0,0.03,0.0,4.477636,-0.698132,-0.0,1,0,8.835,19.478,0.0,0.03,0.0,4.0,5.0,2.0,0.5,0.05,1,0.47764,0.52236,0.0
784,2026-04-23T09:48:03.083Z,S20260423_104712,SC01,AUTO,32.44,50.4533,0.0624,hold,1,1500,VIDE,0.0,0.03,0.0,4.476367,-0.698132,-0.0,1,0,8.529,19.209,0.0,0.03,0.0,4.0,5.0,2.0,0.5,0.05,1,0.47637,0.52363,0.0
785,2026-04-23T09:48:03.143Z,S20260423_104712,SC01,AUTO,32.4999,50.5132,0.0599,hold,1,1500,VIDE,0.0,0.03,0.0,4.475098,-0.698132,0.0,1,0,9.588,19.649,0.0,0.03,0.0,4.0,5.0,2.0,0.5,0.05,1,0.4751,0.5249,0.0
786,2026-04-23T09:48:03.203Z,S20260423_104712,SC01,AUTO,32.5603,50.5736,0.0605,hold,1,1500,VIDE,0.0,0.03,0.0,4.473829,-0.698132,0.0,1,0,9.377,19.21,0.0,0.03,0.0,4.0,5.0,2.0,0.5,0.05,1,0.47383,0.52617,0.0
787,2026-04-23T09:48:03.267Z,S20260423_104712,SC01,AUTO,32.6237,50.637,0.0633,hold,1,1500,VIDE,0.0,0.03,0.0,4.47256,-0.698132,-0.0,1,0,10.121,19.831,0.0,0.03,0.0,4.0,5.0,2.0,0.5,0.05,1,0.47256,0.52744,0.0
788,2026-04-23T09:48:03.329Z,S20260423_104712,SC01,AUTO,32.6857,50.6991,0.062,hold,1,1500,VIDE,0.0,0.03,0.0,4.471292,-0.698132,0.0,1,0,13.315,19.156,0.0,0.03,0.0,4.0,5.0,2.0,0.5,0.05,1,0.47129,0.52871,0.0
789,2026-04-23T09:48:03.391Z,S20260423_104712,SC01,AUTO,32.7485,50.7619,0.0628,hold,1,1500,VIDE,0.0,0.03,0.0,4.470024,-0.698132,0.0,1,0,8.268,19.904,0.0,0.03,0.0,4.0,5.0,2.0,0.5,0.05,1,0.47002,0.52998,0.0
790,2026-04-23T09:48:03.454Z,S20260423_104712,SC01,AUTO,32.8108,50.8241,0.0622,hold,1,1500,VIDE,0.0,0.03,0.0,4.468756,-0.698132,-0.0,1,0,8.621,20.227,0.0,0.03,0.0,4.0,5.0,2.0,0.5,0.05,1,0.46876,0.53124,0.0
791,2026-04-23T09:48:03.517Z,S20260423_104712,SC01,AUTO,32.8743,50.8876,0.0636,hold,1,1500,VIDE,0.0,0.03,0.0,4.467488,-0.698132,0.0,1,0,28.617,19.418,0.0,0.03,0.0,4.0,5.0,2.0,0.5,0.05,1,0.46749,0.53251,0.0
792,2026-04-23T09:48:03.579Z,S20260423_104712,SC01,AUTO,32.9361,50.9495,0.0618,hold,1,1500,VIDE,0.0,0.03,0.0,4.466009,-0.698132,-0.0,1,0,34.407,8.3,0.0,0.03,0.0,4.0,5.0,2.0,0.5,0.05,1,0.46601,0.53399,0.0
793,2026-04-23T09:48:03.644Z,S20260423_104712,SC01,AUTO,33.0007,51.014,0.0646,hold,1,1500,VIDE,0.0,0.03,0.0,4.464319,-0.698132,0.0,1,0,15.222,20.473,0.0,0.03,0.0,4.0,5.0,2.0,0.5,0.05,1,0.46432,0.53568,0.0
794,2026-04-23T09:48:03.704Z,S20260423_104712,SC01,AUTO,33.0616,51.0749,0.0609,hold,1,1500,VIDE,0.0,0.03,0.0,4.463052,-0.698132,0.0,1,0,16.887,18.859,0.0,0.03,0.0,4.0,5.0,2.0,0.5,0.05,1,0.46305,0.53695,0.0
795,2026-04-23T09:48:03.767Z,S20260423_104712,SC01,AUTO,33.1236,51.137,0.0621,hold,1,1500,VIDE,0.0,0.03,0.0,4.461785,-0.698132,-0.0,1,0,15.405,19.542,0.0,0.03,0.0,4.0,5.0,2.0,0.5,0.05,1,0.46178,0.53822,0.0
796,2026-04-23T09:48:03.828Z,S20260423_104712,SC01,AUTO,33.1852,51.1986,0.0615,hold,1,1500,VIDE,0.0,0.03,0.0,4.460518,-0.698132,0.0,1,0,13.291,19.945,0.0,0.03,0.0,4.0,5.0,2.0,0.5,0.05,1,0.46052,0.53948,0.0
797,2026-04-23T09:48:03.891Z,S20260423_104712,SC01,AUTO,33.2476,51.2609,0.0624,hold,1,1500,VIDE,0.0,0.03,0.0,4.459252,-0.698132,0.0,1,0,11.843,19.658,0.0,0.03,0.0,4.0,5.0,2.0,0.5,0.05,1,0.45925,0.54075,0.0
798,2026-04-23T09:48:03.956Z,S20260423_104712,SC01,AUTO,33.3134,51.3268,0.0658,hold,1,1500,VIDE,0.0,0.03,0.0,4.457985,-0.698132,0.0,1,0,11.395,20.49,0.0,0.03,0.0,4.0,5.0,2.0,0.5,0.05,1,0.45799,0.54201,0.0
799,2026-04-23T09:48:04.023Z,S20260423_104712,SC01,AUTO,33.38,51.3933,0.0665,hold,1,1500,VIDE,0.0,0.03,0.0,4.456719,-0.698132,0.0,1,0,13.828,18.915,0.0,0.03,0.0,4.0,5.0,2.0,0.5,0.05,1,0.45672,0.54328,0.0
800,2026-04-23T09:48:04.082Z,S20260423_104712,SC01,AUTO,33.4393,51.4527,0.0594,hold,1,1500,VIDE,0.0,0.03,0.0,4.455453,-0.698132,0.0,1,0,15.686,18.11,0.0,0.03,0.0,4.0,5.0,2.0,0.5,0.05,1,0.45545,0.54455,0.0
801,2026-04-23T09:48:04.141Z,S20260423_104712,SC01,AUTO,33.498,51.5113,0.0585,hold,1,1500,VIDE,0.0,0.03,0.0,4.454187,-0.698132,-0.0,1,0,18.408,20.262,0.0,0.03,0.0,4.0,5.0,2.0,0.5,0.05,1,0.45419,0.54581,0.0
802,2026-04-23T09:48:04.204Z,S20260423_104712,SC01,AUTO,33.5613,51.5746,0.0635,hold,1,1500,VIDE,0.0,0.03,0.0,4.452922,-0.698132,-0.0,1,0,19.192,12.848,0.0,0.03,0.0,4.0,5.0,2.0,0.5,0.05,1,0.45292,0.54708,0.0
803,2026-04-23T09:48:04.266Z,S20260423_104712,SC01,AUTO,33.6227,51.6361,0.0615,hold,1,1500,VIDE,0.0,0.03,0.0,4.451656,-0.698132,-0.0,1,0,22.129,19.523,0.0,0.03,0.0,4.0,5.0,2.0,0.5,0.05,1,0.45166,0.54834,0.0
804,2026-04-23T09:48:04.333Z,S20260423_104712,SC01,AUTO,33.6903,51.7037,0.0675,hold,1,1500,VIDE,0.0,0.03,0.0,4.449969,-0.698132,0.0,1,0,30.178,0.98,0.0,0.03,0.0,4.0,5.0,2.0,0.5,0.05,1,0.44997,0.55003,0.0
805,2026-04-23T09:48:04.392Z,S20260423_104712,SC01,AUTO,33.7489,51.7623,0.0586,hold,1,1500,VIDE,0.0,0.03,0.0,4.448915,-0.698132,0.0,1,0,27.983,7.236,0.0,0.03,0.0,4.0,5.0,2.0,0.5,0.05,1,0.44892,0.55108,0.0
806,2026-04-23T09:48:04.454Z,S20260423_104712,SC01,AUTO,33.8108,51.8242,0.0619,hold,1,1500,VIDE,0.0,0.03,0.0,4.447229,-0.698132,-0.0,1,0,30.451,19.705,0.0,0.03,0.0,4.0,5.0,2.0,0.5,0.05,1,0.44723,0.55277,0.0
807,2026-04-23T09:48:04.516Z,S20260423_104712,SC01,AUTO,33.8732,51.8865,0.0624,hold,1,1500,VIDE,0.0,0.03,0.0,4.445964,-0.698132,0.0,1,0,13.016,18.968,0.0,0.03,0.0,4.0,5.0,2.0,0.5,0.05,1,0.44596,0.55404,0.0
808,2026-04-23T09:48:04.583Z,S20260423_104712,SC01,AUTO,33.9396,51.953,0.0665,hold,1,1500,VIDE,0.0,0.03,0.0,4.4447,-0.698132,0.0,1,0,12.292,20.011,0.0,0.03,0.0,4.0,5.0,2.0,0.5,0.05,1,0.4447,0.5553,0.0
809,2026-04-23T09:48:04.643Z,S20260423_104712,SC01,AUTO,34.0003,52.0136,0.0607,hold,1,1500,VIDE,0.0,0.03,0.0,4.443436,-0.698132,0.0,1,0,12.978,19.737,0.0,0.03,0.0,4.0,5.0,2.0,0.5,0.05,1,0.44344,0.55656,0.0
810,2026-04-23T09:48:04.711Z,S20260423_104712,SC01,AUTO,34.0676,52.0809,0.0673,hold,1,1500,VIDE,0.0,0.03,0.0,4.442172,-0.698132,-0.0,1,0,18.781,18.395,0.0,0.03,0.0,4.0,5.0,2.0,0.5,0.05,1,0.44217,0.55783,0.0
811,2026-04-23T09:48:04.778Z,S20260423_104712,SC01,AUTO,34.1354,52.1487,0.0678,hold,1,1500,VIDE,0.0,0.03,0.0,4.440908,-0.698132,-0.0,1,0,19.553,18.993,0.0,0.03,0.0,4.0,5.0,2.0,0.5,0.05,1,0.44091,0.55909,0.0
812,2026-04-23T09:48:04.828Z,S20260423_104712,SC01,AUTO,34.1853,52.1986,0.05,hold,1,1500,VIDE,0.0,0.03,0.0,4.439645,-0.698132,-0.0,1,0,20.938,16.753,0.0,0.03,0.0,4.0,5.0,2.0,0.5,0.05,1,0.43964,0.56036,0.0
813,2026-04-23T09:48:04.893Z,S20260423_104712,SC01,AUTO,34.2498,52.2631,0.0644,hold,1,1500,VIDE,0.0,0.03,0.0,4.438381,-0.698132,0.0,1,0,23.472,19.66,0.0,0.03,0.0,4.0,5.0,2.0,0.5,0.05,1,0.43838,0.56162,0.0
814,2026-04-23T09:48:04.957Z,S20260423_104712,SC01,AUTO,34.3136,52.3269,0.0639,hold,1,1500,VIDE,0.0,0.03,0.0,4.437118,-0.698132,-0.0,1,0,25.27,19.025,0.0,0.03,0.0,4.0,5.0,2.0,0.5,0.05,1,0.43712,0.56288,0.0
815,2026-04-23T09:48:05.021Z,S20260423_104712,SC01,AUTO,34.3783,52.3916,0.0646,hold,1,1500,VIDE,0.0,0.03,0.0,4.435855,-0.698132,0.0,1,0,24.222,19.011,0.0,0.03,0.0,4.0,5.0,2.0,0.5,0.05,1,0.43586,0.56414,0.0
816,2026-04-23T09:48:05.084Z,S20260423_104712,SC01,AUTO,34.4407,52.454,0.0624,hold,1,1500,VIDE,0.0,0.03,0.0,4.434593,-0.698132,0.0,1,0,24.684,19.104,0.0,0.03,0.0,4.0,5.0,2.0,0.5,0.05,1,0.43459,0.56541,0.0
817,2026-04-23T09:48:05.143Z,S20260423_104712,SC01,AUTO,34.4999,52.5132,0.0593,hold,1,1500,VIDE,0.0,0.03,0.0,4.43333,-0.698132,-0.0,1,0,27.127,18.739,0.0,0.03,0.0,4.0,5.0,2.0,0.5,0.05,1,0.43333,0.56667,0.0
818,2026-04-23T09:48:05.212Z,S20260423_104712,SC01,AUTO,34.569,52.5823,0.0691,hold,1,1500,VIDE,0.0,0.03,0.0,4.432067,-0.698132,-0.0,1,0,25.674,19.106,0.0,0.03,0.0,4.0,5.0,2.0,0.5,0.05,1,0.43207,0.56793,0.0
819,2026-04-23T09:48:05.276Z,S20260423_104712,SC01,AUTO,34.6333,52.6466,0.0643,hold,1,1500,VIDE,0.0,0.03,0.0,4.430805,-0.698132,0.0,1,0,25.075,20.203,0.0,0.03,0.0,4.0,5.0,2.0,0.5,0.05,1,0.43081,0.56919,0.0
820,2026-04-23T09:48:05.339Z,S20260423_104712,SC01,AUTO,34.6958,52.7091,0.0623,hold,1,1500,VIDE,0.0,0.03,0.0,4.429543,-0.698132,-0.0,1,0,31.716,18.643,0.0,0.03,0.0,4.0,5.0,2.0,0.5,0.05,1,0.42954,0.57046,0.0
821,2026-04-23T09:48:05.395Z,S20260423_104712,SC01,AUTO,34.752,52.7654,0.0564,hold,1,1500,VIDE,0.0,0.03,0.0,4.428281,-0.698132,-0.0,1,0,27.149,22.057,0.0,0.03,0.0,4.0,5.0,2.0,0.5,0.05,1,0.42828,0.57172,0.0
822,2026-04-23T09:48:05.462Z,S20260423_104712,SC01,AUTO,34.8187,52.832,0.0667,hold,1,1500,VIDE,0.0,0.03,0.0,4.42702,-0.698132,-0.0,1,0,11.145,19.968,0.0,0.03,0.0,4.0,5.0,2.0,0.5,0.05,1,0.42702,0.57298,0.0
823,2026-04-23T09:48:05.517Z,S20260423_104712,SC01,AUTO,34.8744,52.8878,0.0557,hold,1,1500,VIDE,0.0,0.03,0.0,4.425758,-0.698132,0.0,1,0,15.35,18.762,0.0,0.03,0.0,4.0,5.0,2.0,0.5,0.05,1,0.42576,0.57424,0.0
824,2026-04-23T09:48:05.581Z,S20260423_104712,SC01,AUTO,34.9385,52.9519,0.0641,hold,1,1500,VIDE,0.0,0.03,0.0,4.424497,-0.698132,-0.0,1,0,15.352,18.657,0.0,0.03,0.0,4.0,5.0,2.0,0.5,0.05,1,0.4245,0.5755,0.0
825,2026-04-23T09:48:05.655Z,S20260423_104712,SC01,AUTO,35.0125,53.0258,0.074,hold,1,1500,VIDE,0.0,0.03,0.0,4.422606,-0.698132,-0.0,1,0,29.259,19.752,0.0,0.03,0.0,4.0,5.0,2.0,0.5,0.05,1,0.42261,0.57739,0.0
826,2026-04-23T09:48:05.709Z,S20260423_104712,SC01,AUTO,35.066,53.0794,0.0533,hold,1,1500,VIDE,0.0,0.03,0.0,4.421976,-0.698132,-0.0,1,0,19.954,20.006,0.0,0.03,0.0,4.0,5.0,2.0,0.5,0.05,1,0.42198,0.57802,0.0
827,2026-04-23T09:48:05.772Z,S20260423_104712,SC01,AUTO,35.1296,53.1429,0.0637,hold,1,1500,VIDE,0.0,0.03,0.0,4.420505,-0.698132,0.0,1,0,29.339,8.268,0.0,0.03,0.0,4.0,5.0,2.0,0.5,0.05,1,0.4205,0.5795,0.0
828,2026-04-23T09:48:05.829Z,S20260423_104712,SC01,AUTO,35.1858,53.1992,0.0563,hold,1,1500,VIDE,0.0,0.03,0.0,4.419454,-0.698132,-0.0,1,0,21.616,20.437,0.0,0.03,0.0,4.0,5.0,2.0,0.5,0.05,1,0.41945,0.58055,0.0
829,2026-04-23T09:48:05.895Z,S20260423_104712,SC01,AUTO,35.2519,53.2652,0.066,hold,1,1500,VIDE,0.0,0.03,0.0,4.417774,-0.698132,-0.0,1,0,31.262,0.921,0.0,0.03,0.0,4.0,5.0,2.0,0.5,0.05,1,0.41777,0.58223,0.0
830,2026-04-23T09:48:05.959Z,S20260423_104712,SC01,AUTO,35.3157,53.3291,0.0639,hold,1,1500,VIDE,0.0,0.03,0.0,4.416304,-0.698132,0.0,1,0,10.688,20.548,0.0,0.03,0.0,4.0,5.0,2.0,0.5,0.05,1,0.4163,0.5837,0.0
831,2026-04-23T09:48:06.021Z,S20260423_104712,SC01,AUTO,35.3779,53.3912,0.0621,hold,1,1500,VIDE,0.0,0.03,0.0,4.415044,-0.698132,-0.0,1,0,11.565,19.255,0.0,0.03,0.0,4.0,5.0,2.0,0.5,0.05,1,0.41504,0.58496,0.0
832,2026-04-23T09:48:06.082Z,S20260423_104712,SC01,AUTO,35.4395,53.4528,0.0617,hold,1,1500,VIDE,0.0,0.03,0.0,4.413785,-0.698132,-0.0,1,0,11.826,19.332,0.0,0.03,0.0,4.0,5.0,2.0,0.5,0.05,1,0.41378,0.58622,0.0
833,2026-04-23T09:48:06.141Z,S20260423_104712,SC01,AUTO,35.4981,53.5114,0.0585,hold,1,1500,VIDE,0.0,0.03,0.0,4.412525,-0.698132,-0.0,1,0,12.584,20.378,0.0,0.03,0.0,4.0,5.0,2.0,0.5,0.05,1,0.41253,0.58747,0.0
834,2026-04-23T09:48:06.204Z,S20260423_104712,SC01,AUTO,35.5613,53.5746,0.0632,hold,1,1500,VIDE,0.0,0.03,0.0,4.411266,-0.698132,-0.0,1,0,15.135,18.578,0.0,0.03,0.0,4.0,5.0,2.0,0.5,0.05,1,0.41127,0.58873,0.0
835,2026-04-23T09:48:06.269Z,S20260423_104712,SC01,AUTO,35.6258,53.6392,0.0645,hold,1,1500,VIDE,0.0,0.03,0.0,4.410007,-0.698132,-0.0,1,0,13.405,19.919,0.0,0.03,0.0,4.0,5.0,2.0,0.5,0.05,1,0.41001,0.58999,0.0
836,2026-04-23T09:48:06.333Z,S20260423_104712,SC01,AUTO,35.6904,53.7037,0.0645,hold,1,1500,VIDE,0.0,0.03,0.0,4.408748,-0.698132,-0.0,1,0,18.046,19.438,0.0,0.03,0.0,4.0,5.0,2.0,0.5,0.05,1,0.40875,0.59125,0.0
837,2026-04-23T09:48:06.395Z,S20260423_104712,SC01,AUTO,35.7517,53.765,0.0613,hold,1,1500,VIDE,0.0,0.03,0.0,4.40749,-0.698132,-0.0,1,0,16.935,19.541,0.0,0.03,0.0,4.0,5.0,2.0,0.5,0.05,1,0.40749,0.59251,0.0
838,2026-04-23T09:48:06.459Z,S20260423_104712,SC01,AUTO,35.8159,53.8292,0.0642,hold,1,1500,VIDE,0.0,0.03,0.0,4.406231,-0.698132,-0.0,1,0,16.701,19.419,0.0,0.03,0.0,4.0,5.0,2.0,0.5,0.05,1,0.40623,0.59377,0.0
839,2026-04-23T09:48:06.521Z,S20260423_104712,SC01,AUTO,35.8783,53.8917,0.0624,hold,1,1500,VIDE,0.0,0.03,0.0,4.404973,-0.698132,-0.0,1,0,19.394,17.059,0.0,0.03,0.0,4.0,5.0,2.0,0.5,0.05,1,0.40497,0.59503,0.0
840,2026-04-23T09:48:06.582Z,S20260423_104712,SC01,AUTO,35.9391,53.9524,0.0608,hold,1,1500,VIDE,0.0,0.03,0.0,4.403715,-0.698132,0.0,1,0,23.178,18.168,0.0,0.03,0.0,4.0,5.0,2.0,0.5,0.05,1,0.40371,0.59629,0.0
841,2026-04-23T09:48:06.660Z,S20260423_104712,SC01,AUTO,36.0167,54.03,0.0776,end,1,1500,VIDE,0.0,0.0,0.8,4.401828,-0.698132,0.0,1,0,10.518,20.193,0.0,0.0,0.8,0.0,4.5,2.0,1.0,0.05,1,4.40183,0.09817,0.0
842,2026-04-23T09:48:06.704Z,S20260423_104712,SC01,AUTO,36.0608,54.0741,0.0442,end,1,1500,VIDE,0.0,0.0,0.8,4.401409,-0.698132,0.0,1,0,52.245,11.872,0.0,0.0,0.8,0.0,4.5,2.0,1.0,0.05,1,4.40141,0.09859,0.0
843,2026-04-23T09:48:06.769Z,S20260423_104712,SC01,AUTO,36.1259,54.1392,0.0651,end,1,1500,VIDE,0.0,0.0,0.8,3.908521,-0.698132,-0.0,1,0,6.773,0.345,0.0,0.0,0.8,0.0,4.5,2.0,1.0,0.05,1,3.90852,0.59148,0.0
844,2026-04-23T09:48:06.828Z,S20260423_104712,SC01,AUTO,36.1855,54.1989,0.0596,end,1,1500,VIDE,0.0,0.0,0.8,3.694845,-0.698132,-0.0,1,0,9.188,18.945,0.0,0.0,0.8,0.0,4.5,2.0,1.0,0.05,1,3.69484,0.80516,0.0
845,2026-04-23T09:48:06.892Z,S20260423_104712,SC01,AUTO,36.2493,54.2627,0.0638,end,1,1500,VIDE,0.0,0.0,0.8,3.253249,-0.698132,-0.0,1,0,28.688,2.048,0.0,0.0,0.8,0.0,4.5,2.0,1.0,0.05,1,3.25325,1.24675,0.0
846,2026-04-23T09:48:06.954Z,S20260423_104712,SC01,AUTO,36.3113,54.3246,0.062,end,1,1500,VIDE,0.0,0.0,0.8,2.708823,-0.698132,-0.0,1,0,10.359,18.943,0.0,0.0,0.8,0.0,4.5,2.0,1.0,0.05,1,2.70882,1.79118,0.0
847,2026-04-23T09:48:07.017Z,S20260423_104712,SC01,AUTO,36.374,54.3873,0.0627,end,1,1500,VIDE,0.0,0.0,0.8,2.300412,-0.698132,-0.0,1,0,11.135,20.268,0.0,0.0,0.8,0.0,4.5,2.0,1.0,0.05,1,2.30041,2.19959,0.0
848,2026-04-23T09:48:07.078Z,S20260423_104712,SC01,AUTO,36.4353,54.4487,0.0614,end,1,1500,VIDE,0.0,0.0,0.8,1.891901,-0.698132,-0.0,1,0,11.667,18.286,0.0,0.0,0.8,0.0,4.5,2.0,1.0,0.05,1,1.8919,2.6081,0.0
849,2026-04-23T09:48:07.143Z,S20260423_104712,SC01,AUTO,36.4998,54.5132,0.0645,end,1,1500,VIDE,0.0,0.0,0.8,1.483134,-0.698132,-0.0,1,0,13.848,19.688,0.0,0.0,0.8,0.0,4.5,2.0,1.0,0.05,1,1.48313,3.01687,0.0
850,2026-04-23T09:48:07.206Z,S20260423_104712,SC01,AUTO,36.5632,54.5766,0.0634,end,1,1500,VIDE,0.0,0.0,0.8,1.073934,-0.698132,-0.0,1,0,11.14,19.296,0.0,0.0,0.8,0.0,4.5,2.0,1.0,0.05,1,1.07393,3.42607,0.0
851,2026-04-23T09:48:07.268Z,S20260423_104712,SC01,AUTO,36.6248,54.6381,0.0616,end,1,1500,VIDE,0.0,0.0,0.8,0.663812,-0.698132,-0.0,1,0,11.703,19.584,0.0,0.0,0.8,0.0,4.5,2.0,1.0,0.05,1,0.66381,3.83619,0.0
852,2026-04-23T09:48:07.330Z,S20260423_104712,SC01,AUTO,36.687,54.7003,0.0622,end,1,1500,VIDE,0.0,0.0,0.8,0.250491,-0.698132,0.0,1,0,14.009,18.964,0.0,0.0,0.8,0.0,4.5,2.0,1.0,0.05,1,0.25049,4.24951,0.0
853,2026-04-23T09:48:07.392Z,S20260423_104712,SC01,AUTO,36.7488,54.7622,0.0619,end,1,1500,VIDE,0.0,0.0,0.8,0.000503,-0.698132,0.0,1,0,49.199,4.339,0.0,0.0,0.8,0.0,4.5,2.0,1.0,0.05,1,0.0005,4.4995,0.0
854,2026-04-23T09:48:07.454Z,S20260423_104712,SC01,AUTO,36.8115,54.8249,0.0627,end,1,1500,VIDE,0.0,0.0,0.8,0.0,-0.698132,0.0,1,0,71.376,0.322,0.0,0.0,0.8,0.0,4.5,2.0,1.0,0.05,1,0.0,4.5,0.0
855,2026-04-23T09:48:07.517Z,S20260423_104712,SC01,AUTO,36.8739,54.8873,0.0624,end,1,1500,VIDE,0.0,0.0,0.8,0.0,-0.698132,-0.0,1,0,34.312,18.897,0.0,0.0,0.8,0.0,4.5,2.0,1.0,0.05,1,0.0,4.5,0.0
856,2026-04-23T09:48:07.581Z,S20260423_104712,SC01,AUTO,36.9382,54.9515,0.0642,end,1,1500,VIDE,0.0,0.0,0.8,0.0,-0.698132,0.0,1,0,14.824,19.8,0.0,0.0,0.8,0.0,4.5,2.0,1.0,0.05,1,0.0,4.5,0.0
857,2026-04-23T09:48:07.649Z,S20260423_104712,SC01,AUTO,37.0062,55.0196,0.0681,end,1,1500,VIDE,0.0,0.0,0.8,0.0,-0.698132,-0.0,1,0,23.283,19.324,0.0,0.0,0.8,0.0,4.5,2.0,1.0,0.05,1,0.0,4.5,0.0
858,2026-04-23T09:48:07.703Z,S20260423_104712,SC01,AUTO,37.0603,55.0736,0.0541,end,1,1500,VIDE,0.0,0.0,0.8,0.0,-0.698132,0.0,1,0,14.643,18.327,0.0,0.0,0.8,0.0,4.5,2.0,1.0,0.05,1,0.0,4.5,0.0
859,2026-04-23T09:48:07.767Z,S20260423_104712,SC01,AUTO,37.1241,55.1374,0.0637,end,1,1500,VIDE,0.0,0.0,0.8,0.0,-0.698132,-0.0,1,0,22.295,19.117,0.0,0.0,0.8,0.0,4.5,2.0,1.0,0.05,1,0.0,4.5,0.0
860,2026-04-23T09:48:07.829Z,S20260423_104712,SC01,AUTO,37.1863,55.1996,0.0622,end,1,1500,VIDE,0.0,0.0,0.8,0.0,-0.698132,0.0,1,0,46.937,27.121,0.0,0.0,0.8,0.0,4.5,2.0,1.0,0.05,1,0.0,4.5,0.0
861,2026-04-23T09:48:07.891Z,S20260423_104712,SC01,AUTO,37.2477,55.2611,0.0615,end,1,1500,VIDE,0.0,0.0,0.8,0.0,-0.698132,0.0,1,0,27.047,18.462,0.0,0.0,0.8,0.0,4.5,2.0,1.0,0.05,1,0.0,4.5,0.0
862,2026-04-23T09:48:07.953Z,S20260423_104712,SC01,AUTO,37.3104,55.3237,0.0627,end,1,1500,VIDE,0.0,0.0,0.8,0.0,-0.698132,-0.0,1,0,24.13,19.535,0.0,0.0,0.8,0.0,4.5,2.0,1.0,0.05,1,0.0,4.5,0.0
863,2026-04-23T09:48:08.023Z,S20260423_104712,SC01,AUTO,37.3805,55.3938,0.07,end,1,1500,VIDE,0.0,0.0,0.8,0.0,-0.698132,0.0,1,0,19.848,19.658,0.0,0.0,0.8,0.0,4.5,2.0,1.0,0.05,1,0.0,4.5,0.0
864,2026-04-23T09:48:08.079Z,S20260423_104712,SC01,AUTO,37.4357,55.4491,0.0553,end,1,1500,VIDE,0.0,0.0,0.8,0.0,-0.698132,-0.0,1,0,17.296,19.075,0.0,0.0,0.8,0.0,4.5,2.0,1.0,0.05,1,0.0,4.5,0.0
865,2026-04-23T09:48:08.141Z,S20260423_104712,SC01,AUTO,37.498,55.5113,0.0622,end,1,1500,VIDE,0.0,0.0,0.8,0.0,-0.698132,0.0,1,0,19.238,16.544,0.0,0.0,0.8,0.0,4.5,2.0,1.0,0.05,1,0.0,4.5,0.0
866,2026-04-23T09:48:08.206Z,S20260423_104712,SC01,AUTO,37.5633,55.5767,0.0654,end,1,1500,VIDE,0.0,0.0,0.8,0.0,-0.698132,-0.0,1,0,19.662,18.484,0.0,0.0,0.8,0.0,4.5,2.0,1.0,0.05,1,0.0,4.5,0.0
867,2026-04-23T09:48:08.268Z,S20260423_104712,SC01,AUTO,37.6255,55.6388,0.0621,end,1,1500,VIDE,0.0,0.0,0.8,0.0,-0.698132,-0.0,1,0,24.799,19.788,0.0,0.0,0.8,0.0,4.5,2.0,1.0,0.05,1,0.0,4.5,0.0
868,2026-04-23T09:48:08.329Z,S20260423_104712,SC01,AUTO,37.6865,55.6999,0.0611,end,1,1500,VIDE,0.0,0.0,0.8,0.0,-0.698132,0.0,1,0,24.757,18.874,0.0,0.0,0.8,0.0,4.5,2.0,1.0,0.05,1,0.0,4.5,0.0
869,2026-04-23T09:48:08.394Z,S20260423_104712,SC01,AUTO,37.7515,55.7648,0.0649,end,1,1500,VIDE,0.0,0.0,0.8,0.0,-0.698132,-0.0,1,0,23.625,19.105,0.0,0.0,0.8,0.0,4.5,2.0,1.0,0.05,1,0.0,4.5,0.0
870,2026-04-23T09:48:08.461Z,S20260423_104712,SC01,AUTO,37.8182,55.8316,0.0667,end,1,1500,VIDE,0.0,0.0,0.8,0.0,-0.698132,-0.0,1,0,20.799,18.886,0.0,0.0,0.8,0.0,4.5,2.0,1.0,0.05,1,0.0,4.5,0.0
871,2026-04-23T09:48:08.523Z,S20260423_104712,SC01,AUTO,37.88,55.8934,0.0619,end,1,1500,VIDE,0.0,0.0,0.8,0.0,-0.698132,-0.0,1,0,17.921,18.687,0.0,0.0,0.8,0.0,4.5,2.0,1.0,0.05,1,0.0,4.5,0.0
872,2026-04-23T09:48:08.579Z,S20260423_104712,SC01,AUTO,37.9358,55.9491,0.0558,end,1,1500,VIDE,0.0,0.0,0.8,0.0,-0.698132,-0.0,1,0,16.92,18.969,0.0,0.0,0.8,0.0,4.5,2.0,1.0,0.05,1,0.0,4.5,0.0
873,2026-04-23T09:48:08.654Z,S20260423_104712,SC01,AUTO,38.0106,56.0239,0.0748,end,1,1500,VIDE,0.0,0.0,0.8,0.0,-0.698132,0.0,1,0,26.052,19.334,0.0,0.0,0.8,0.0,4.5,2.0,1.0,0.05,1,0.0,4.5,0.0
874,2026-04-23T09:48:08.708Z,S20260423_104712,SC01,AUTO,38.0652,56.0786,0.0546,end,1,1500,VIDE,0.0,0.0,0.8,0.0,-0.698132,0.0,1,0,43.317,27.716,0.0,0.0,0.8,0.0,4.5,2.0,1.0,0.05,1,0.0,4.5,0.0
875,2026-04-23T09:48:08.776Z,S20260423_104712,SC01,AUTO,38.1334,56.1467,0.0682,end,1,1500,VIDE,0.0,0.0,0.8,0.0,-0.698132,0.0,1,0,23.059,20.323,0.0,0.0,0.8,0.0,4.5,2.0,1.0,0.05,1,0.0,4.5,0.0
876,2026-04-23T09:48:08.829Z,S20260423_104712,SC01,AUTO,38.186,56.1994,0.0526,end,1,1500,VIDE,0.0,0.0,0.8,0.0,-0.698132,0.0,1,0,22.015,19.522,0.0,0.0,0.8,0.0,4.5,2.0,1.0,0.05,1,0.0,4.5,0.0
877,2026-04-23T09:48:08.893Z,S20260423_104712,SC01,AUTO,38.2498,56.2632,0.0638,end,1,1500,VIDE,0.0,0.0,0.8,0.0,-0.698132,-0.0,1,0,23.365,18.8,0.0,0.0,0.8,0.0,4.5,2.0,1.0,0.05,1,0.0,4.5,0.0
878,2026-04-23T09:48:08.957Z,S20260423_104712,SC01,AUTO,38.3138,56.3271,0.064,end,1,1500,VIDE,0.0,0.0,0.8,0.0,-0.698132,-0.0,1,0,21.213,19.194,0.0,0.0,0.8,0.0,4.5,2.0,1.0,0.05,1,0.0,4.5,0.0
879,2026-04-23T09:48:09.017Z,S20260423_104712,SC01,AUTO,38.3742,56.3875,0.0603,end,1,1500,VIDE,0.0,0.0,0.8,0.0,-0.698132,-0.0,1,0,32.007,19.666,0.0,0.0,0.8,0.0,4.5,2.0,1.0,0.05,1,0.0,4.5,0.0
880,2026-04-23T09:48:09.079Z,S20260423_104712,SC01,AUTO,38.4362,56.4495,0.0621,end,1,1500,VIDE,0.0,0.0,0.8,0.0,-0.698132,-0.0,1,0,25.981,25.853,0.0,0.0,0.8,0.0,4.5,2.0,1.0,0.05,1,0.0,4.5,0.0
881,2026-04-23T09:48:09.140Z,S20260423_104712,SC01,AUTO,38.4975,56.5109,0.0614,end,1,1500,VIDE,0.0,0.0,0.8,0.0,-0.698132,0.0,1,0,37.536,10.411,0.0,0.0,0.8,0.0,4.5,2.0,1.0,0.05,1,0.0,4.5,0.0
882,2026-04-23T09:48:09.206Z,S20260423_104712,SC01,AUTO,38.5627,56.576,0.0651,end,1,1500,VIDE,0.0,0.0,0.8,0.0,-0.698132,-0.0,1,0,18.201,19.303,0.0,0.0,0.8,0.0,4.5,2.0,1.0,0.05,1,0.0,4.5,0.0
883,2026-04-23T09:48:09.268Z,S20260423_104712,SC01,AUTO,38.6255,56.6388,0.0628,end,1,1500,VIDE,0.0,0.0,0.8,0.0,-0.698132,-0.0,1,0,18.305,18.408,0.0,0.0,0.8,0.0,4.5,2.0,1.0,0.05,1,0.0,4.5,0.0
884,2026-04-23T09:48:09.331Z,S20260423_104712,SC01,AUTO,38.6878,56.7011,0.0623,end,1,1500,VIDE,0.0,0.0,0.8,0.0,-0.698132,-0.0,1,0,15.434,18.932,0.0,0.0,0.8,0.0,4.5,2.0,1.0,0.05,1,0.0,4.5,0.0
885,2026-04-23T09:48:09.391Z,S20260423_104712,SC01,AUTO,38.7481,56.7614,0.0603,end,1,1500,VIDE,0.0,0.0,0.8,0.0,-0.698132,0.0,1,0,13.114,18.817,0.0,0.0,0.8,0.0,4.5,2.0,1.0,0.05,1,0.0,4.5,0.0
886,2026-04-23T09:48:09.453Z,S20260423_104712,SC01,AUTO,38.81,56.8233,0.0619,end,1,1500,VIDE,0.0,0.0,0.8,0.0,-0.698132,-0.0,1,0,13.562,19.327,0.0,0.0,0.8,0.0,4.5,2.0,1.0,0.05,1,0.0,4.5,0.0
887,2026-04-23T09:48:09.518Z,S20260423_104712,SC01,AUTO,38.875,56.8883,0.065,end,1,1500,VIDE,0.0,0.0,0.8,0.0,-0.698132,-0.0,1,0,14.434,18.392,0.0,0.0,0.8,0.0,4.5,2.0,1.0,0.05,1,0.0,4.5,0.0
888,2026-04-23T09:48:09.582Z,S20260423_104712,SC01,AUTO,38.9387,56.9521,0.0637,end,1,1500,VIDE,0.0,0.0,0.8,0.0,-0.698132,-0.0,1,0,13.488,17.317,0.0,0.0,0.8,0.0,4.5,2.0,1.0,0.05,1,0.0,4.5,0.0
889,2026-04-23T09:48:09.650Z,S20260423_104712,SC01,AUTO,39.0074,57.0207,0.0687,end,1,1500,VIDE,0.0,0.0,0.8,0.0,-0.698132,-0.0,1,0,22.488,19.827,0.0,0.0,0.8,0.0,4.5,2.0,1.0,0.05,1,0.0,4.5,0.0
890,2026-04-23T09:48:09.709Z,S20260423_104712,SC01,AUTO,39.0663,57.0796,0.0589,end,1,1500,VIDE,0.0,0.0,0.8,0.0,-0.698132,-0.0,1,0,19.216,20.317,0.0,0.0,0.8,0.0,4.5,2.0,1.0,0.05,1,0.0,4.5,0.0
891,2026-04-23T09:48:09.772Z,S20260423_104712,SC01,AUTO,39.1292,57.1426,0.063,end,1,1500,VIDE,0.0,0.0,0.8,0.0,-0.698132,-0.0,1,0,23.62,19.676,0.0,0.0,0.8,0.0,4.5,2.0,1.0,0.05,1,0.0,4.5,0.0
892,2026-04-23T09:48:09.837Z,S20260423_104712,SC01,AUTO,39.1937,57.207,0.0645,end,1,1500,VIDE,0.0,0.0,0.8,0.0,-0.698132,0.0,1,0,18.529,19.354,0.0,0.0,0.8,0.0,4.5,2.0,1.0,0.05,1,0.0,4.5,0.0
893,2026-04-23T09:48:09.892Z,S20260423_104712,SC01,AUTO,39.2487,57.262,0.055,end,1,1500,VIDE,0.0,0.0,0.8,0.0,-0.698132,-0.0,1,0,18.313,17.677,0.0,0.0,0.8,0.0,4.5,2.0,1.0,0.05,1,0.0,4.5,0.0
894,2026-04-23T09:48:09.962Z,S20260423_104712,SC01,AUTO,39.3195,57.3328,0.0707,end,1,1500,VIDE,0.0,0.0,0.8,0.0,-0.698132,-0.0,1,0,18.417,20.151,0.0,0.0,0.8,0.0,4.5,2.0,1.0,0.05,1,0.0,4.5,0.0
895,2026-04-23T09:48:10.020Z,S20260423_104712,SC01,AUTO,39.377,57.3904,0.0576,end,1,1500,VIDE,0.0,0.0,0.8,0.0,-0.698132,-0.0,1,0,21.584,16.781,0.0,0.0,0.8,0.0,4.5,2.0,1.0,0.05,1,0.0,4.5,0.0
896,2026-04-23T09:48:10.083Z,S20260423_104712,SC01,AUTO,39.4396,57.4529,0.0626,end,1,1500,VIDE,0.0,0.0,0.8,0.0,-0.698132,-0.0,1,0,22.381,14.58,0.0,0.0,0.8,0.0,4.5,2.0,1.0,0.05,1,0.0,4.5,0.0
897,2026-04-23T09:48:10.141Z,S20260423_104712,SC01,AUTO,39.4981,57.5114,0.0584,end,1,1500,VIDE,0.0,0.0,0.8,0.0,-0.698132,0.0,1,0,21.995,19.225,0.0,0.0,0.8,0.0,4.5,2.0,1.0,0.05,1,0.0,4.5,0.0
898,2026-04-23T09:48:10.205Z,S20260423_104712,SC01,AUTO,39.5616,57.5749,0.0635,end,1,1500,VIDE,0.0,0.0,0.8,0.0,-0.698132,0.0,1,0,6.618,19.078,0.0,0.0,0.8,0.0,4.5,2.0,1.0,0.05,1,0.0,4.5,0.0
899,2026-04-23T09:48:10.269Z,S20260423_104712,SC01,AUTO,39.6265,57.6399,0.0649,end,1,1500,VIDE,0.0,0.0,0.8,0.0,-0.698132,0.0,1,0,26.394,20.334,0.0,0.0,0.8,0.0,4.5,2.0,1.0,0.05,1,0.0,4.5,0.0
900,2026-04-23T09:48:10.333Z,S20260423_104712,SC01,AUTO,39.6897,57.703,0.0632,end,1,1500,VIDE,0.0,0.0,0.8,0.0,-0.698132,0.0,1,0,28.612,18.856,0.0,0.0,0.8,0.0,4.5,2.0,1.0,0.05,1,0.0,4.5,0.0
901,2026-04-23T09:48:10.396Z,S20260423_104712,SC01,AUTO,39.7526,57.7659,0.0629,end,1,1500,VIDE,0.0,0.0,0.8,0.0,-0.698132,0.0,1,0,28.089,19.325,0.0,0.0,0.8,0.0,4.5,2.0,1.0,0.05,1,0.0,4.5,0.0
902,2026-04-23T09:48:10.461Z,S20260423_104712,SC01,AUTO,39.8185,57.8318,0.0659,end,1,1500,VIDE,0.0,0.0,0.8,0.0,-0.698132,0.0,1,0,16.271,19.267,0.0,0.0,0.8,0.0,4.5,2.0,1.0,0.05,1,0.0,4.5,0.0
903,2026-04-23T09:48:10.516Z,S20260423_104712,SC01,AUTO,39.873,57.8863,0.0545,end,1,1500,VIDE,0.0,0.0,0.8,0.0,-0.698132,0.0,1,0,26.989,20.56,0.0,0.0,0.8,0.0,4.5,2.0,1.0,0.05,1,0.0,4.5,0.0
904,2026-04-23T09:48:10.580Z,S20260423_104712,SC01,AUTO,39.937,57.9503,0.064,end,1,1500,VIDE,0.0,0.0,0.8,0.0,-0.698132,0.0,1,0,36.744,8.135,0.0,0.0,0.8,0.0,4.5,2.0,1.0,0.05,1,0.0,4.5,0.0
905,2026-04-23T09:48:10.646Z,S20260423_104712,SC01,AUTO,40.0026,58.016,0.0657,end,1,1500,VIDE,0.0,0.0,0.8,0.0,-0.698132,0.0,1,0,17.502,19.218,0.0,0.0,0.8,0.0,4.5,2.0,1.0,0.05,1,0.0,4.5,0.0
906,2026-04-23T09:48:10.708Z,S20260423_104712,SC01,AUTO,40.0646,58.0779,0.062,end,1,1500,VIDE,0.0,0.0,0.8,0.0,-0.698132,0.0,1,0,18.484,18.509,0.0,0.0,0.8,0.0,4.5,2.0,1.0,0.05,1,0.0,4.5,0.0
907,2026-04-23T09:48:10.772Z,S20260423_104712,SC01,AUTO,40.1286,58.1419,0.064,end,1,1500,VIDE,0.0,0.0,0.8,0.0,-0.698132,0.0,1,0,16.897,19.596,0.0,0.0,0.8,0.0,4.5,2.0,1.0,0.05,1,0.0,4.5,0.0
908,2026-04-23T09:48:10.828Z,S20260423_104712,SC01,AUTO,40.1855,58.1988,0.0569,end,1,1500,VIDE,0.0,0.0,0.8,0.0,-0.698132,0.0,1,0,18.042,19.183,0.0,0.0,0.8,0.0,4.5,2.0,1.0,0.05,1,0.0,4.5,0.0
909,2026-04-23T09:48:10.892Z,S20260423_104712,SC01,AUTO,40.2489,58.2622,0.0633,end,1,1500,VIDE,0.0,0.0,0.8,0.0,-0.698132,0.0,1,0,19.297,18.916,0.0,0.0,0.8,0.0,4.5,2.0,1.0,0.05,1,0.0,4.5,0.0
910,2026-04-23T09:48:10.957Z,S20260423_104712,SC01,AUTO,40.3136,58.3269,0.0648,end,1,1500,VIDE,0.0,0.0,0.8,0.0,-0.698132,0.0,1,0,19.423,18.88,0.0,0.0,0.8,0.0,4.5,2.0,1.0,0.05,1,0.0,4.5,0.0
911,2026-04-23T09:48:11.020Z,S20260423_104712,SC01,AUTO,40.3769,58.3902,0.0633,end,1,1500,VIDE,0.0,0.0,0.8,0.0,-0.698132,0.0,1,0,21.901,17.672,0.0,0.0,0.8,0.0,4.5,2.0,1.0,0.05,1,0.0,4.5,0.0
912,2026-04-23T09:48:11.079Z,S20260423_104712,SC01,AUTO,40.436,58.4493,0.0591,end,1,1500,VIDE,0.0,0.0,0.8,0.0,-0.698132,0.0,1,0,27.186,15.438,0.0,0.0,0.8,0.0,4.5,2.0,1.0,0.05,1,0.0,4.5,0.0
913,2026-04-23T09:48:11.142Z,S20260423_104712,SC01,AUTO,40.4989,58.5123,0.063,end,1,1500,VIDE,0.0,0.0,0.8,0.0,-0.698132,0.0,1,0,10.139,20.534,0.0,0.0,0.8,0.0,4.5,2.0,1.0,0.05,1,0.0,4.5,0.0
914,2026-04-23T09:48:11.205Z,S20260423_104712,SC01,AUTO,40.5617,58.575,0.0627,end,1,1500,VIDE,0.0,0.0,0.8,0.0,-0.698132,0.0,1,0,16.771,19.287,0.0,0.0,0.8,0.0,4.5,2.0,1.0,0.05,1,0.0,4.5,0.0
915,2026-04-23T09:48:11.270Z,S20260423_104712,SC01,AUTO,40.6266,58.6399,0.065,end,1,1500,VIDE,0.0,0.0,0.8,0.0,-0.698132,0.0,1,0,15.886,20.638,0.0,0.0,0.8,0.0,4.5,2.0,1.0,0.05,1,0.0,4.5,0.0
916,2026-04-23T09:48:11.331Z,S20260423_104712,SC01,AUTO,40.6876,58.701,0.0611,end,1,1500,VIDE,0.0,0.0,0.8,0.0,-0.698132,0.0,1,0,19.041,18.371,0.0,0.0,0.8,0.0,4.5,2.0,1.0,0.05,1,0.0,4.5,0.0
917,2026-04-23T09:48:11.391Z,S20260423_104712,SC01,AUTO,40.7483,58.7616,0.0606,end,1,1500,VIDE,0.0,0.0,0.8,0.0,-0.698132,0.0,1,0,22.08,19.19,0.0,0.0,0.8,0.0,4.5,2.0,1.0,0.05,1,0.0,4.5,0.0
918,2026-04-23T09:48:11.454Z,S20260423_104712,SC01,AUTO,40.8108,58.8241,0.0625,end,1,1500,VIDE,0.0,0.0,0.8,0.0,-0.698132,0.0,1,0,18.248,20.428,0.0,0.0,0.8,0.0,4.5,2.0,1.0,0.05,1,0.0,4.5,0.0
919,2026-04-23T09:48:11.517Z,S20260423_104712,SC01,AUTO,40.8737,58.887,0.0629,end,1,1500,VIDE,0.0,0.0,0.8,0.0,-0.698132,0.0,1,0,21.357,18.878,0.0,0.0,0.8,0.0,4.5,2.0,1.0,0.05,1,0.0,4.5,0.0
920,2026-04-23T09:48:11.677Z,S20260423_104712,SC01,AUTO,41.0345,59.0478,0.1608,end,1,1500,VIDE,0.0,0.0,0.8,0.0,-0.698132,0.0,1,0,134.177,0.62,0.0,0.0,0.8,0.0,4.5,2.0,1.0,0.05,1,0.0,4.5,0.0
