row_id,wall_time_utc,session_id,scenario_id,execution_mode,scenario_time_s,program_time_s,sample_dt_s,phase,scenario_started,vehicle_mass_kg,mass_label,steer_cmd_deg,throttle_cmd,brake_cmd,speed_mps,yaw_rad,yaw_rate_rps,mode_id,fault_flag,rtt_ms,jitter_ms,steer_ref_deg,throttle_ref,brake_ref,speed_min_mps,speed_max_mps,tol_steer_deg,tol_throttle,tol_brake,speed_in_corridor,e_speed_low,e_speed_high,e_steer_actual
1,2026-04-24T08:42:32.887Z,S20260424_094231,SC01,AUTO,,0.9599,0.9529,start,0,1500,VIDE,0.0,0.0,0.0,0.0,-0.698132,0.0,3,0,0.0,0.0,0.0,0.0,0.0,0.0,0.2,2.0,1.0,0.05,1,0.0,0.2,0.0
2,2026-04-24T08:42:32.948Z,S20260424_094231,SC01,AUTO,,1.0202,0.0605,start,0,1500,VIDE,0.0,0.0,0.0,0.00112,-0.698132,8.3e-05,1,0,39.922,0.61,0.0,0.0,0.0,0.0,0.2,2.0,1.0,0.05,1,0.00112,0.19888,0.0
3,2026-04-24T08:42:33.010Z,S20260424_094231,SC01,AUTO,,1.0821,0.0619,start,0,1500,VIDE,0.0,0.0,0.0,0.001278,-0.698132,-4e-06,1,0,100.95,0.6,0.0,0.0,0.0,0.0,0.2,2.0,1.0,0.05,1,0.00128,0.19872,0.0
4,2026-04-24T08:42:33.070Z,S20260424_094231,SC01,AUTO,,1.1429,0.0607,start,0,1500,VIDE,0.0,0.0,0.0,0.001397,-0.698132,4.2e-05,1,0,162.321,2.94,0.0,0.0,0.0,0.0,0.2,2.0,1.0,0.05,1,0.0014,0.1986,0.0
5,2026-04-24T08:42:33.136Z,S20260424_094231,SC01,AUTO,,1.2085,0.0657,start,0,1500,VIDE,0.0,0.0,0.0,0.001366,-0.698132,-2e-06,1,0,227.449,0.355,0.0,0.0,0.0,0.0,0.2,2.0,1.0,0.05,1,0.00137,0.19863,0.0
6,2026-04-24T08:42:33.200Z,S20260424_094231,SC01,AUTO,,1.2729,0.0643,start,0,1500,VIDE,0.0,0.0,0.0,0.001362,-0.698132,5e-06,1,0,264.671,0.418,0.0,0.0,0.0,0.0,0.2,2.0,1.0,0.05,1,0.00136,0.19864,0.0
7,2026-04-24T08:42:33.257Z,S20260424_094231,SC01,AUTO,,1.3299,0.0572,start,0,1500,VIDE,0.0,0.0,0.0,0.001345,-0.698132,1e-06,1,0,328.674,0.428,0.0,0.0,0.0,0.0,0.2,2.0,1.0,0.05,1,0.00134,0.19866,0.0
8,2026-04-24T08:42:33.322Z,S20260424_094231,SC01,AUTO,,1.3942,0.0642,start,0,1500,VIDE,0.0,0.0,0.0,0.001322,-0.698132,-0.0,1,0,392.846,0.51,0.0,0.0,0.0,0.0,0.2,2.0,1.0,0.05,1,0.00132,0.19868,0.0
9,2026-04-24T08:42:33.386Z,S20260424_094231,SC01,AUTO,,1.4586,0.0644,start,0,1500,VIDE,0.0,0.0,0.0,0.001289,-0.698132,-0.0,1,0,436.189,0.734,0.0,0.0,0.0,0.0,0.2,2.0,1.0,0.05,1,0.00129,0.19871,0.0
10,2026-04-24T08:42:33.446Z,S20260424_094231,SC01,AUTO,,1.5184,0.0598,start,0,1500,VIDE,0.0,0.0,0.0,0.001128,-0.698132,0.0,1,0,427.186,1.214,0.0,0.0,0.0,0.0,0.2,2.0,1.0,0.05,1,0.00113,0.19887,0.0
11,2026-04-24T08:42:33.509Z,S20260424_094231,SC01,AUTO,,1.5816,0.0632,start,0,1500,VIDE,0.0,0.0,0.0,0.001007,-0.698132,-0.0,1,0,405.174,18.926,0.0,0.0,0.0,0.0,0.2,2.0,1.0,0.05,1,0.00101,0.19899,0.0
12,2026-04-24T08:42:33.570Z,S20260424_094231,SC01,AUTO,,1.6423,0.0608,start,0,1500,VIDE,0.0,0.0,0.0,0.000803,-0.698132,0.0,1,0,362.415,18.734,0.0,0.0,0.0,0.0,0.2,2.0,1.0,0.05,1,0.0008,0.1992,0.0
13,2026-04-24T08:42:33.635Z,S20260424_094231,SC01,AUTO,,1.7076,0.0652,start,0,1500,VIDE,0.0,0.0,0.0,0.000717,-0.698132,0.0,1,0,344.808,18.985,0.0,0.0,0.0,0.0,0.2,2.0,1.0,0.05,1,0.00072,0.19928,0.0
14,2026-04-24T08:42:33.699Z,S20260424_094231,SC01,AUTO,,1.7717,0.0642,start,0,1500,VIDE,0.0,0.0,0.0,0.000571,-0.698132,-0.0,1,0,307.748,20.059,0.0,0.0,0.0,0.0,0.2,2.0,1.0,0.05,1,0.00057,0.19943,0.0
15,2026-04-24T08:42:33.762Z,S20260424_094231,SC01,AUTO,,1.8345,0.0628,start,0,1500,VIDE,0.0,0.0,0.0,0.000455,-0.698132,0.0,1,0,252.855,18.546,0.0,0.0,0.0,0.0,0.2,2.0,1.0,0.05,1,0.00046,0.19954,0.0
16,2026-04-24T08:42:33.820Z,S20260424_094231,SC01,AUTO,,1.8925,0.058,start,0,1500,VIDE,0.0,0.0,0.0,0.000363,-0.698132,0.0,1,0,195.709,19.313,0.0,0.0,0.0,0.0,0.2,2.0,1.0,0.05,1,0.00036,0.19964,0.0
17,2026-04-24T08:42:33.885Z,S20260424_094231,SC01,AUTO,,1.9575,0.065,start,0,1500,VIDE,0.0,0.0,0.0,0.000289,-0.698132,-0.0,1,0,139.241,19.443,0.0,0.0,0.0,0.0,0.2,2.0,1.0,0.05,1,0.00029,0.19971,0.0
18,2026-04-24T08:42:33.947Z,S20260424_094231,SC01,AUTO,,2.0192,0.0617,start,0,1500,VIDE,0.0,0.0,0.0,0.00023,-0.698132,0.0,1,0,85.757,19.645,0.0,0.0,0.0,0.0,0.2,2.0,1.0,0.05,1,0.00023,0.19977,0.0
19,2026-04-24T08:42:34.009Z,S20260424_094231,SC01,AUTO,,2.0813,0.0621,start,0,1500,VIDE,0.0,0.0,0.0,0.000183,-0.698132,-0.0,1,0,24.898,13.943,0.0,0.0,0.0,0.0,0.2,2.0,1.0,0.05,1,0.00018,0.19982,0.0
20,2026-04-24T08:42:34.075Z,S20260424_094231,SC01,AUTO,,2.1477,0.0664,start,0,1500,VIDE,0.0,0.0,0.0,0.000146,-0.698132,0.0,1,0,23.07,19.051,0.0,0.0,0.0,0.0,0.2,2.0,1.0,0.05,1,0.00015,0.19985,0.0
21,2026-04-24T08:42:34.138Z,S20260424_094231,SC01,AUTO,,2.2105,0.0627,start,0,1500,VIDE,0.0,0.0,0.0,0.000104,-0.698132,0.0,1,0,8.084,20.051,0.0,0.0,0.0,0.0,0.2,2.0,1.0,0.05,1,0.0001,0.1999,0.0
22,2026-04-24T08:42:34.195Z,S20260424_094231,SC01,AUTO,,2.2679,0.0575,start,0,1500,VIDE,0.0,0.0,0.0,0.0,-0.698132,-0.0,1,0,23.234,19.646,0.0,0.0,0.0,0.0,0.2,2.0,1.0,0.05,1,0.0,0.2,0.0
23,2026-04-24T08:42:34.259Z,S20260424_094231,SC01,AUTO,,2.3312,0.0632,start,0,1500,VIDE,0.0,0.0,0.0,0.0,-0.698132,-0.0,1,0,24.347,19.889,0.0,0.0,0.0,0.0,0.2,2.0,1.0,0.05,1,0.0,0.2,0.0
24,2026-04-24T08:42:34.323Z,S20260424_094231,SC01,AUTO,,2.3952,0.0639,start,0,1500,VIDE,0.0,0.0,0.0,0.0,-0.698132,-0.0,1,0,40.576,20.481,0.0,0.0,0.0,0.0,0.2,2.0,1.0,0.05,1,0.0,0.2,0.0
25,2026-04-24T08:42:34.383Z,S20260424_094231,SC01,AUTO,,2.4559,0.0608,start,0,1500,VIDE,0.0,0.0,0.0,0.0,-0.698132,-0.0,1,0,40.576,20.481,0.0,0.0,0.0,0.0,0.2,2.0,1.0,0.05,1,0.0,0.2,0.0
26,2026-04-24T08:42:34.449Z,S20260424_094231,SC01,AUTO,,2.5214,0.0656,start,0,1500,VIDE,0.0,0.0,0.0,0.0,-0.698132,-0.0,1,0,52.094,24.159,0.0,0.0,0.0,0.0,0.2,2.0,1.0,0.05,1,0.0,0.2,0.0
27,2026-04-24T08:42:34.508Z,S20260424_094231,SC01,AUTO,,2.5805,0.0591,start,0,1500,VIDE,0.0,0.0,0.0,0.0,-0.698132,-0.0,1,0,117.983,65.889,0.0,0.0,0.0,0.0,0.2,2.0,1.0,0.05,1,0.0,0.2,0.0
28,2026-04-24T08:42:34.571Z,S20260424_094231,SC01,AUTO,,2.6433,0.0627,start,0,1500,VIDE,0.0,0.0,0.0,0.0,-0.698132,-0.0,1,0,117.983,65.889,0.0,0.0,0.0,0.0,0.2,2.0,1.0,0.05,1,0.0,0.2,0.0
29,2026-04-24T08:42:34.634Z,S20260424_094231,SC01,AUTO,,2.7066,0.0633,start,0,1500,VIDE,0.0,0.0,0.0,0.0,-0.698132,-0.0,1,0,117.983,65.889,0.0,0.0,0.0,0.0,0.2,2.0,1.0,0.05,1,0.0,0.2,0.0
30,2026-04-24T08:42:34.698Z,S20260424_094231,SC01,AUTO,,2.7702,0.0636,start,0,1500,VIDE,0.0,0.0,0.0,0.0,-0.698132,-0.0,1,0,117.983,65.889,0.0,0.0,0.0,0.0,0.2,2.0,1.0,0.05,1,0.0,0.2,0.0
31,2026-04-24T08:42:34.762Z,S20260424_094231,SC01,AUTO,,2.8343,0.0641,start,0,1500,VIDE,0.0,0.0,0.0,0.0,-0.698132,-0.0,1,0,117.983,65.889,0.0,0.0,0.0,0.0,0.2,2.0,1.0,0.05,1,0.0,0.2,0.0
32,2026-04-24T08:42:34.825Z,S20260424_094231,SC01,AUTO,,2.8979,0.0636,start,0,1500,VIDE,0.0,0.0,0.0,0.0,-0.698132,-0.0,1,0,117.983,65.889,0.0,0.0,0.0,0.0,0.2,2.0,1.0,0.05,1,0.0,0.2,0.0
33,2026-04-24T08:42:34.884Z,S20260424_094231,SC01,AUTO,,2.9568,0.0589,start,0,1500,VIDE,0.0,0.0,0.0,0.0,-0.698132,-0.0,1,0,117.983,65.889,0.0,0.0,0.0,0.0,0.2,2.0,1.0,0.05,1,0.0,0.2,0.0
34,2026-04-24T08:42:34.949Z,S20260424_094231,SC01,AUTO,,3.0211,0.0643,start,0,1500,VIDE,0.0,0.0,0.0,0.0,-0.698132,-0.0,1,0,117.983,65.889,0.0,0.0,0.0,0.0,0.2,2.0,1.0,0.05,1,0.0,0.2,0.0
35,2026-04-24T08:42:35.009Z,S20260424_094231,SC01,AUTO,,3.081,0.0599,start,0,1500,VIDE,0.0,0.0,0.0,0.0,-0.698132,-0.0,1,0,117.983,65.889,0.0,0.0,0.0,0.0,0.2,2.0,1.0,0.05,1,0.0,0.2,0.0
36,2026-04-24T08:42:35.076Z,S20260424_094231,SC01,AUTO,,3.148,0.067,start,0,1500,VIDE,0.0,0.0,0.0,0.0,-0.698132,-0.0,1,0,117.983,65.889,0.0,0.0,0.0,0.0,0.2,2.0,1.0,0.05,1,0.0,0.2,0.0
37,2026-04-24T08:42:35.135Z,S20260424_094231,SC01,AUTO,,3.2077,0.0596,start,0,1500,VIDE,0.0,0.0,0.0,0.0,-0.698132,-0.0,1,0,117.983,65.889,0.0,0.0,0.0,0.0,0.2,2.0,1.0,0.05,1,0.0,0.2,0.0
38,2026-04-24T08:42:35.198Z,S20260424_094231,SC01,AUTO,,3.2707,0.0631,start,0,1500,VIDE,0.0,0.0,0.0,0.0,-0.698132,-0.0,1,0,117.983,65.889,0.0,0.0,0.0,0.0,0.2,2.0,1.0,0.05,1,0.0,0.2,0.0
39,2026-04-24T08:42:35.261Z,S20260424_094231,SC01,AUTO,,3.3337,0.0629,start,0,1500,VIDE,0.0,0.0,0.0,0.0,-0.698132,-0.0,1,0,117.983,65.889,0.0,0.0,0.0,0.0,0.2,2.0,1.0,0.05,1,0.0,0.2,0.0
40,2026-04-24T08:42:35.324Z,S20260424_094231,SC01,AUTO,,3.3963,0.0626,start,0,1500,VIDE,0.0,0.0,0.0,0.0,-0.698132,-0.0,1,0,117.983,65.889,0.0,0.0,0.0,0.0,0.2,2.0,1.0,0.05,1,0.0,0.2,0.0
41,2026-04-24T08:42:35.385Z,S20260424_094231,SC01,AUTO,,3.4579,0.0616,start,0,1500,VIDE,0.0,0.0,0.0,0.0,-0.698132,-0.0,1,0,117.983,65.889,0.0,0.0,0.0,0.0,0.2,2.0,1.0,0.05,1,0.0,0.2,0.0
42,2026-04-24T08:42:35.449Z,S20260424_094231,SC01,AUTO,,3.5212,0.0633,start,0,1500,VIDE,0.0,0.0,0.0,0.0,-0.698132,-0.0,1,0,117.983,65.889,0.0,0.0,0.0,0.0,0.2,2.0,1.0,0.05,1,0.0,0.2,0.0
43,2026-04-24T08:42:35.508Z,S20260424_094231,SC01,AUTO,,3.5807,0.0596,start,0,1500,VIDE,0.0,0.0,0.0,0.0,-0.698132,-0.0,1,0,117.983,65.889,0.0,0.0,0.0,0.0,0.2,2.0,1.0,0.05,1,0.0,0.2,0.0
44,2026-04-24T08:42:35.574Z,S20260424_094231,SC01,AUTO,,3.6464,0.0657,start,0,1500,VIDE,0.0,0.0,0.0,0.0,-0.698132,-0.0,1,0,117.983,65.889,0.0,0.0,0.0,0.0,0.2,2.0,1.0,0.05,1,0.0,0.2,0.0
45,2026-04-24T08:42:35.635Z,S20260424_094231,SC01,AUTO,,3.7073,0.0609,start,0,1500,VIDE,0.0,0.0,0.0,0.0,-0.698132,-0.0,1,0,117.983,65.889,0.0,0.0,0.0,0.0,0.2,2.0,1.0,0.05,1,0.0,0.2,0.0
46,2026-04-24T08:42:35.696Z,S20260424_094231,SC01,AUTO,,3.7688,0.0614,start,0,1500,VIDE,0.0,0.0,0.0,0.0,-0.698132,-0.0,1,0,117.983,65.889,0.0,0.0,0.0,0.0,0.2,2.0,1.0,0.05,1,0.0,0.2,0.0
47,2026-04-24T08:42:35.760Z,S20260424_094231,SC01,AUTO,,3.8329,0.0642,start,0,1500,VIDE,0.0,0.0,0.0,0.0,-0.698132,-0.0,1,0,117.983,65.889,0.0,0.0,0.0,0.0,0.2,2.0,1.0,0.05,1,0.0,0.2,0.0
48,2026-04-24T08:42:35.822Z,S20260424_094231,SC01,AUTO,,3.8943,0.0614,start,0,1500,VIDE,0.0,0.0,0.0,0.0,-0.698132,-0.0,1,0,117.983,65.889,0.0,0.0,0.0,0.0,0.2,2.0,1.0,0.05,1,0.0,0.2,0.0
49,2026-04-24T08:42:35.885Z,S20260424_094231,SC01,AUTO,,3.9579,0.0636,start,0,1500,VIDE,0.0,0.0,0.0,0.0,-0.698132,-0.0,1,0,117.983,65.889,0.0,0.0,0.0,0.0,0.2,2.0,1.0,0.05,1,0.0,0.2,0.0
50,2026-04-24T08:42:35.948Z,S20260424_094231,SC01,AUTO,,4.0206,0.0627,start,0,1500,VIDE,0.0,0.0,0.0,0.0,-0.698132,-0.0,1,0,117.983,65.889,0.0,0.0,0.0,0.0,0.2,2.0,1.0,0.05,1,0.0,0.2,0.0
51,2026-04-24T08:42:36.009Z,S20260424_094231,SC01,AUTO,,4.081,0.0604,start,0,1500,VIDE,0.0,0.0,0.0,0.0,-0.698132,-0.0,1,0,117.983,65.889,0.0,0.0,0.0,0.0,0.2,2.0,1.0,0.05,1,0.0,0.2,0.0
52,2026-04-24T08:42:36.073Z,S20260424_094231,SC01,AUTO,,4.145,0.0639,start,0,1500,VIDE,0.0,0.0,0.0,0.0,-0.698132,-0.0,1,0,117.983,65.889,0.0,0.0,0.0,0.0,0.2,2.0,1.0,0.05,1,0.0,0.2,0.0
53,2026-04-24T08:42:36.135Z,S20260424_094231,SC01,AUTO,,4.207,0.0621,start,0,1500,VIDE,0.0,0.0,0.0,0.0,-0.698132,-0.0,1,0,117.983,65.889,0.0,0.0,0.0,0.0,0.2,2.0,1.0,0.05,1,0.0,0.2,0.0
54,2026-04-24T08:42:36.197Z,S20260424_094231,SC01,AUTO,,4.2697,0.0626,start,0,1500,VIDE,0.0,0.0,0.0,0.0,-0.698132,-0.0,1,0,117.983,65.889,0.0,0.0,0.0,0.0,0.2,2.0,1.0,0.05,1,0.0,0.2,0.0
55,2026-04-24T08:42:36.258Z,S20260424_094231,SC01,AUTO,,4.3302,0.0605,start,0,1500,VIDE,0.0,0.0,0.0,0.0,-0.698132,-0.0,1,0,117.983,65.889,0.0,0.0,0.0,0.0,0.2,2.0,1.0,0.05,1,0.0,0.2,0.0
56,2026-04-24T08:42:36.322Z,S20260424_094231,SC01,AUTO,,4.3943,0.064,start,0,1500,VIDE,0.0,0.0,0.0,0.0,-0.698132,-0.0,1,0,117.983,65.889,0.0,0.0,0.0,0.0,0.2,2.0,1.0,0.05,1,0.0,0.2,0.0
57,2026-04-24T08:42:36.384Z,S20260424_094231,SC01,AUTO,,4.4569,0.0628,start,0,1500,VIDE,0.0,0.0,0.0,0.0,-0.698132,-0.0,1,0,117.983,65.889,0.0,0.0,0.0,0.0,0.2,2.0,1.0,0.05,1,0.0,0.2,0.0
58,2026-04-24T08:42:36.446Z,S20260424_094231,SC01,AUTO,,4.518,0.061,start,0,1500,VIDE,0.0,0.0,0.0,0.0,-0.698132,-0.0,1,0,117.983,65.889,0.0,0.0,0.0,0.0,0.2,2.0,1.0,0.05,1,0.0,0.2,0.0
59,2026-04-24T08:42:36.508Z,S20260424_094231,SC01,AUTO,,4.5807,0.0627,start,0,1500,VIDE,0.0,0.0,0.0,0.0,-0.698132,-0.0,1,0,117.983,65.889,0.0,0.0,0.0,0.0,0.2,2.0,1.0,0.05,1,0.0,0.2,0.0
60,2026-04-24T08:42:36.574Z,S20260424_094231,SC01,AUTO,,4.6469,0.0662,start,0,1500,VIDE,0.0,0.0,0.0,0.0,-0.698132,-0.0,1,0,117.983,65.889,0.0,0.0,0.0,0.0,0.2,2.0,1.0,0.05,1,0.0,0.2,0.0
61,2026-04-24T08:42:36.633Z,S20260424_094231,SC01,AUTO,,4.7058,0.0589,start,0,1500,VIDE,0.0,0.0,0.0,0.0,-0.698132,-0.0,1,0,117.983,65.889,0.0,0.0,0.0,0.0,0.2,2.0,1.0,0.05,1,0.0,0.2,0.0
62,2026-04-24T08:42:36.697Z,S20260424_094231,SC01,AUTO,,4.7699,0.0642,start,0,1500,VIDE,0.0,0.0,0.0,0.0,-0.698132,-0.0,1,0,117.983,65.889,0.0,0.0,0.0,0.0,0.2,2.0,1.0,0.05,1,0.0,0.2,0.0
63,2026-04-24T08:42:36.757Z,S20260424_094231,SC01,AUTO,,4.8296,0.0596,start,0,1500,VIDE,0.0,0.0,0.0,0.0,-0.698132,-0.0,1,0,117.983,65.889,0.0,0.0,0.0,0.0,0.2,2.0,1.0,0.05,1,0.0,0.2,0.0
64,2026-04-24T08:42:36.820Z,S20260424_094231,SC01,AUTO,,4.892,0.0625,start,0,1500,VIDE,0.0,0.0,0.0,0.0,-0.698132,-0.0,1,0,117.983,65.889,0.0,0.0,0.0,0.0,0.2,2.0,1.0,0.05,1,0.0,0.2,0.0
65,2026-04-24T08:42:36.888Z,S20260424_094231,SC01,AUTO,,4.9606,0.0686,start,0,1500,VIDE,0.0,0.0,0.0,0.0,-0.698132,-0.0,1,0,117.983,65.889,0.0,0.0,0.0,0.0,0.2,2.0,1.0,0.05,1,0.0,0.2,0.0
66,2026-04-24T08:42:36.946Z,S20260424_094231,SC01,AUTO,,5.0185,0.0579,start,0,1500,VIDE,0.0,0.0,0.0,0.0,-0.698132,-0.0,1,0,117.983,65.889,0.0,0.0,0.0,0.0,0.2,2.0,1.0,0.05,1,0.0,0.2,0.0
67,2026-04-24T08:42:37.008Z,S20260424_094231,SC01,AUTO,,5.0806,0.0621,start,0,1500,VIDE,0.0,0.0,0.0,0.0,-0.698132,-0.0,1,0,117.983,65.889,0.0,0.0,0.0,0.0,0.2,2.0,1.0,0.05,1,0.0,0.2,0.0
68,2026-04-24T08:42:37.073Z,S20260424_094231,SC01,AUTO,,5.1458,0.0652,start,0,1500,VIDE,0.0,0.0,0.0,0.0,-0.698132,-0.0,1,0,117.983,65.889,0.0,0.0,0.0,0.0,0.2,2.0,1.0,0.05,1,0.0,0.2,0.0
69,2026-04-24T08:42:37.132Z,S20260424_094231,SC01,AUTO,,5.2049,0.0591,start,0,1500,VIDE,0.0,0.0,0.0,0.0,-0.698132,-0.0,1,0,117.983,65.889,0.0,0.0,0.0,0.0,0.2,2.0,1.0,0.05,1,0.0,0.2,0.0
70,2026-04-24T08:42:37.195Z,S20260424_094231,SC01,AUTO,,5.2678,0.0628,start,0,1500,VIDE,0.0,0.0,0.0,0.0,-0.698132,-0.0,1,0,117.983,65.889,0.0,0.0,0.0,0.0,0.2,2.0,1.0,0.05,1,0.0,0.2,0.0
71,2026-04-24T08:42:37.257Z,S20260424_094231,SC01,AUTO,,5.3299,0.0621,start,0,1500,VIDE,0.0,0.0,0.0,0.0,-0.698132,-0.0,1,0,117.983,65.889,0.0,0.0,0.0,0.0,0.2,2.0,1.0,0.05,1,0.0,0.2,0.0
72,2026-04-24T08:42:37.320Z,S20260424_094231,SC01,AUTO,,5.393,0.0631,start,0,1500,VIDE,0.0,0.0,0.0,0.0,-0.698132,-0.0,1,0,117.983,65.889,0.0,0.0,0.0,0.0,0.2,2.0,1.0,0.05,1,0.0,0.2,0.0
73,2026-04-24T08:42:37.383Z,S20260424_094231,SC01,AUTO,,5.4559,0.0629,start,0,1500,VIDE,0.0,0.0,0.0,0.0,-0.698132,-0.0,1,0,117.983,65.889,0.0,0.0,0.0,0.0,0.2,2.0,1.0,0.05,1,0.0,0.2,0.0
74,2026-04-24T08:42:37.447Z,S20260424_094231,SC01,AUTO,,5.5196,0.0637,start,0,1500,VIDE,0.0,0.0,0.0,0.0,-0.698132,-0.0,1,0,117.983,65.889,0.0,0.0,0.0,0.0,0.2,2.0,1.0,0.05,1,0.0,0.2,0.0
75,2026-04-24T08:42:37.508Z,S20260424_094231,SC01,AUTO,,5.5807,0.061,start,0,1500,VIDE,0.0,0.0,0.0,0.0,-0.698132,-0.0,1,0,117.983,65.889,0.0,0.0,0.0,0.0,0.2,2.0,1.0,0.05,1,0.0,0.2,0.0
76,2026-04-24T08:42:37.671Z,S20260424_094231,SC01,AUTO,,5.743,0.1623,start,0,1500,VIDE,0.0,0.0,0.0,0.0,-0.698132,-0.0,1,0,117.983,65.889,0.0,0.0,0.0,0.0,0.2,2.0,1.0,0.05,1,0.0,0.2,0.0
77,2026-04-24T08:42:37.696Z,S20260424_094231,SC01,AUTO,,5.7683,0.0254,start,0,1500,VIDE,0.0,0.0,0.0,0.0,-0.698132,-0.0,1,0,117.983,65.889,0.0,0.0,0.0,0.0,0.2,2.0,1.0,0.05,1,0.0,0.2,0.0
78,2026-04-24T08:42:37.758Z,S20260424_094231,SC01,AUTO,,5.8306,0.0622,start,0,1500,VIDE,0.0,0.0,0.0,0.0,-0.698132,-0.0,1,0,117.983,65.889,0.0,0.0,0.0,0.0,0.2,2.0,1.0,0.05,1,0.0,0.2,0.0
79,2026-04-24T08:42:37.819Z,S20260424_094231,SC01,AUTO,,5.8918,0.0613,start,0,1500,VIDE,0.0,0.0,0.0,0.0,-0.698132,-0.0,1,0,117.983,65.889,0.0,0.0,0.0,0.0,0.2,2.0,1.0,0.05,1,0.0,0.2,0.0
80,2026-04-24T08:42:37.888Z,S20260424_094231,SC01,AUTO,,5.9605,0.0686,start,0,1500,VIDE,0.0,0.0,0.0,0.0,-0.698132,-0.0,1,0,117.983,65.889,0.0,0.0,0.0,0.0,0.2,2.0,1.0,0.05,1,0.0,0.2,0.0
81,2026-04-24T08:42:37.949Z,S20260424_094231,SC01,AUTO,,6.0216,0.0611,start,0,1500,VIDE,0.0,0.0,0.0,0.0,-0.698132,-0.0,1,0,117.983,65.889,0.0,0.0,0.0,0.0,0.2,2.0,1.0,0.05,1,0.0,0.2,0.0
82,2026-04-24T08:42:38.008Z,S20260424_094231,SC01,AUTO,,6.0805,0.059,start,0,1500,VIDE,0.0,0.0,0.0,0.0,-0.698132,-0.0,1,0,117.983,65.889,0.0,0.0,0.0,0.0,0.2,2.0,1.0,0.05,1,0.0,0.2,0.0
83,2026-04-24T08:42:38.074Z,S20260424_094231,SC01,AUTO,,6.146,0.0654,start,0,1500,VIDE,0.0,0.0,0.0,0.0,-0.698132,-0.0,1,0,117.983,65.889,0.0,0.0,0.0,0.0,0.2,2.0,1.0,0.05,1,0.0,0.2,0.0
84,2026-04-24T08:42:38.138Z,S20260424_094231,SC01,AUTO,,6.2101,0.0641,start,0,1500,VIDE,0.0,0.0,0.0,0.0,-0.698132,-0.0,1,0,117.983,65.889,0.0,0.0,0.0,0.0,0.2,2.0,1.0,0.05,1,0.0,0.2,0.0
85,2026-04-24T08:42:38.202Z,S20260424_094231,SC01,AUTO,,6.2742,0.0642,start,0,1500,VIDE,0.0,0.0,0.0,0.0,-0.698132,-0.0,1,0,117.983,65.889,0.0,0.0,0.0,0.0,0.2,2.0,1.0,0.05,1,0.0,0.2,0.0
86,2026-04-24T08:42:38.258Z,S20260424_094231,SC01,AUTO,,6.3301,0.0558,start,0,1500,VIDE,0.0,0.0,0.0,0.0,-0.698132,-0.0,1,0,117.983,65.889,0.0,0.0,0.0,0.0,0.2,2.0,1.0,0.05,1,0.0,0.2,0.0
87,2026-04-24T08:42:38.322Z,S20260424_094231,SC01,AUTO,,6.3945,0.0644,start,0,1500,VIDE,0.0,0.0,0.0,0.0,-0.698132,-0.0,1,0,117.983,65.889,0.0,0.0,0.0,0.0,0.2,2.0,1.0,0.05,1,0.0,0.2,0.0
88,2026-04-24T08:42:38.386Z,S20260424_094231,SC01,AUTO,,6.4582,0.0637,start,0,1500,VIDE,0.0,0.0,0.0,0.0,-0.698132,-0.0,1,0,117.983,65.889,0.0,0.0,0.0,0.0,0.2,2.0,1.0,0.05,1,0.0,0.2,0.0
89,2026-04-24T08:42:38.449Z,S20260424_094231,SC01,AUTO,,6.5215,0.0633,start,0,1500,VIDE,0.0,0.0,0.0,0.0,-0.698132,-0.0,1,0,117.983,65.889,0.0,0.0,0.0,0.0,0.2,2.0,1.0,0.05,1,0.0,0.2,0.0
90,2026-04-24T08:42:38.508Z,S20260424_094231,SC01,AUTO,,6.5809,0.0594,start,0,1500,VIDE,0.0,0.0,0.0,0.0,-0.698132,-0.0,1,0,117.983,65.889,0.0,0.0,0.0,0.0,0.2,2.0,1.0,0.05,1,0.0,0.2,0.0
91,2026-04-24T08:42:38.583Z,S20260424_094231,SC01,AUTO,,6.655,0.0741,start,0,1500,VIDE,0.0,0.0,0.0,0.0,-0.698132,-0.0,1,0,117.983,65.889,0.0,0.0,0.0,0.0,0.2,2.0,1.0,0.05,1,0.0,0.2,0.0
92,2026-04-24T08:42:38.634Z,S20260424_094231,SC01,AUTO,,6.7062,0.0512,start,0,1500,VIDE,0.0,0.0,0.0,0.0,-0.698132,-0.0,1,0,117.983,65.889,0.0,0.0,0.0,0.0,0.2,2.0,1.0,0.05,1,0.0,0.2,0.0
93,2026-04-24T08:42:38.698Z,S20260424_094231,SC01,AUTO,,6.7701,0.0639,start,0,1500,VIDE,0.0,0.0,0.0,0.0,-0.698132,-0.0,1,0,117.983,65.889,0.0,0.0,0.0,0.0,0.2,2.0,1.0,0.05,1,0.0,0.2,0.0
94,2026-04-24T08:42:38.769Z,S20260424_094231,SC01,AUTO,,6.8415,0.0714,start,0,1500,VIDE,0.0,0.0,0.0,0.0,-0.698132,-0.0,1,0,117.983,65.889,0.0,0.0,0.0,0.0,0.2,2.0,1.0,0.05,1,0.0,0.2,0.0
95,2026-04-24T08:42:38.829Z,S20260424_094231,SC01,AUTO,,6.901,0.0595,start,0,1500,VIDE,0.0,0.0,0.0,0.0,-0.698132,-0.0,1,0,117.983,65.889,0.0,0.0,0.0,0.0,0.2,2.0,1.0,0.05,1,0.0,0.2,0.0
96,2026-04-24T08:42:38.888Z,S20260424_094231,SC01,AUTO,,6.9609,0.0599,start,0,1500,VIDE,0.0,0.0,0.0,0.0,-0.698132,-0.0,1,0,117.983,65.889,0.0,0.0,0.0,0.0,0.2,2.0,1.0,0.05,1,0.0,0.2,0.0
97,2026-04-24T08:42:38.949Z,S20260424_094231,SC01,AUTO,,7.0211,0.0603,start,0,1500,VIDE,0.0,0.0,0.0,0.0,-0.698132,-0.0,1,0,117.983,65.889,0.0,0.0,0.0,0.0,0.2,2.0,1.0,0.05,1,0.0,0.2,0.0
98,2026-04-24T08:42:39.008Z,S20260424_094231,SC01,AUTO,,7.0802,0.0591,start,0,1500,VIDE,0.0,0.0,0.0,0.0,-0.698132,-0.0,1,0,117.983,65.889,0.0,0.0,0.0,0.0,0.2,2.0,1.0,0.05,1,0.0,0.2,0.0
99,2026-04-24T08:42:39.086Z,S20260424_094231,SC01,AUTO,,7.1581,0.0779,start,0,1500,VIDE,0.0,0.0,0.0,0.0,-0.698132,-0.0,1,0,117.983,65.889,0.0,0.0,0.0,0.0,0.2,2.0,1.0,0.05,1,0.0,0.2,0.0
100,2026-04-24T08:42:39.148Z,S20260424_094231,SC01,AUTO,,7.22,0.0619,start,0,1500,VIDE,0.0,0.0,0.0,0.0,-0.698132,-0.0,1,0,117.983,65.889,0.0,0.0,0.0,0.0,0.2,2.0,1.0,0.05,1,0.0,0.2,0.0
101,2026-04-24T08:42:39.211Z,S20260424_094231,SC01,AUTO,,7.2839,0.0638,start,0,1500,VIDE,0.0,0.0,0.0,0.0,-0.698132,-0.0,1,0,117.983,65.889,0.0,0.0,0.0,0.0,0.2,2.0,1.0,0.05,1,0.0,0.2,0.0
102,2026-04-24T08:42:39.273Z,S20260424_094231,SC01,AUTO,,7.3451,0.0612,start,0,1500,VIDE,0.0,0.0,0.0,0.0,-0.698132,-0.0,1,0,117.983,65.889,0.0,0.0,0.0,0.0,0.2,2.0,1.0,0.05,1,0.0,0.2,0.0
103,2026-04-24T08:42:39.336Z,S20260424_094231,SC01,AUTO,,7.4081,0.063,start,0,1500,VIDE,0.0,0.0,0.0,0.0,-0.698132,-0.0,1,0,117.983,65.889,0.0,0.0,0.0,0.0,0.2,2.0,1.0,0.05,1,0.0,0.2,0.0
104,2026-04-24T08:42:39.399Z,S20260424_094231,SC01,AUTO,,7.4715,0.0635,start,0,1500,VIDE,0.0,0.0,0.0,0.0,-0.698132,-0.0,1,0,117.983,65.889,0.0,0.0,0.0,0.0,0.2,2.0,1.0,0.05,1,0.0,0.2,0.0
105,2026-04-24T08:42:39.461Z,S20260424_094231,SC01,AUTO,,7.5334,0.0618,start,0,1500,VIDE,0.0,0.0,0.0,0.0,-0.698132,-0.0,1,0,117.983,65.889,0.0,0.0,0.0,0.0,0.2,2.0,1.0,0.05,1,0.0,0.2,0.0
106,2026-04-24T08:42:39.529Z,S20260424_094231,SC01,AUTO,,7.6012,0.0678,start,0,1500,VIDE,0.0,0.0,0.0,0.0,-0.698132,-0.0,1,0,117.983,65.889,0.0,0.0,0.0,0.0,0.2,2.0,1.0,0.05,1,0.0,0.2,0.0
107,2026-04-24T08:42:39.588Z,S20260424_094231,SC01,AUTO,,7.6605,0.0594,start,0,1500,VIDE,0.0,0.0,0.0,0.0,-0.698132,-0.0,1,0,117.983,65.889,0.0,0.0,0.0,0.0,0.2,2.0,1.0,0.05,1,0.0,0.2,0.0
108,2026-04-24T08:42:39.649Z,S20260424_094231,SC01,AUTO,,7.7214,0.0609,start,0,1500,VIDE,0.0,0.0,0.0,0.0,-0.698132,-0.0,1,0,117.983,65.889,0.0,0.0,0.0,0.0,0.2,2.0,1.0,0.05,1,0.0,0.2,0.0
109,2026-04-24T08:42:39.725Z,S20260424_094231,SC01,AUTO,,7.7975,0.0761,start,0,1500,VIDE,0.0,0.0,0.0,0.0,-0.698132,-0.0,1,0,117.983,65.889,0.0,0.0,0.0,0.0,0.2,2.0,1.0,0.05,1,0.0,0.2,0.0
110,2026-04-24T08:42:39.787Z,S20260424_094231,SC01,AUTO,,7.8598,0.0623,start,0,1500,VIDE,0.0,0.0,0.0,0.0,-0.698132,-0.0,1,0,117.983,65.889,0.0,0.0,0.0,0.0,0.2,2.0,1.0,0.05,1,0.0,0.2,0.0
111,2026-04-24T08:42:39.850Z,S20260424_094231,SC01,AUTO,,7.9221,0.0623,start,0,1500,VIDE,0.0,0.0,0.0,0.0,-0.698132,-0.0,1,0,117.983,65.889,0.0,0.0,0.0,0.0,0.2,2.0,1.0,0.05,1,0.0,0.2,0.0
112,2026-04-24T08:42:39.908Z,S20260424_094231,SC01,AUTO,,7.9806,0.0585,start,0,1500,VIDE,0.0,0.0,0.0,0.0,-0.698132,-0.0,1,0,117.983,65.889,0.0,0.0,0.0,0.0,0.2,2.0,1.0,0.05,1,0.0,0.2,0.0
113,2026-04-24T08:42:39.968Z,S20260424_094231,SC01,AUTO,,8.0407,0.0601,start,0,1500,VIDE,0.0,0.0,0.0,0.0,-0.698132,-0.0,1,0,117.983,65.889,0.0,0.0,0.0,0.0,0.2,2.0,1.0,0.05,1,0.0,0.2,0.0
114,2026-04-24T08:42:40.029Z,S20260424_094231,SC01,AUTO,,8.1011,0.0604,start,0,1500,VIDE,0.0,0.0,0.0,0.0,-0.698132,-0.0,1,0,117.983,65.889,0.0,0.0,0.0,0.0,0.2,2.0,1.0,0.05,1,0.0,0.2,0.0
115,2026-04-24T08:42:40.088Z,S20260424_094231,SC01,AUTO,,8.1602,0.0591,start,0,1500,VIDE,0.0,0.0,0.0,0.0,-0.698132,-0.0,1,0,117.983,65.889,0.0,0.0,0.0,0.0,0.2,2.0,1.0,0.05,1,0.0,0.2,0.0
116,2026-04-24T08:42:40.148Z,S20260424_094231,SC01,AUTO,,8.2207,0.0604,start,0,1500,VIDE,0.0,0.0,0.0,0.0,-0.698132,-0.0,1,0,117.983,65.889,0.0,0.0,0.0,0.0,0.2,2.0,1.0,0.05,1,0.0,0.2,0.0
117,2026-04-24T08:42:40.225Z,S20260424_094231,SC01,AUTO,,8.2975,0.0768,start,0,1500,VIDE,0.0,0.0,0.0,0.0,-0.698132,-0.0,1,0,117.983,65.889,0.0,0.0,0.0,0.0,0.2,2.0,1.0,0.05,1,0.0,0.2,0.0
118,2026-04-24T08:42:40.287Z,S20260424_094231,SC01,AUTO,,8.3599,0.0624,start,0,1500,VIDE,0.0,0.0,0.0,0.0,-0.698132,-0.0,1,0,117.983,65.889,0.0,0.0,0.0,0.0,0.2,2.0,1.0,0.05,1,0.0,0.2,0.0
119,2026-04-24T08:42:40.349Z,S20260424_094231,SC01,AUTO,,8.4216,0.0617,start,0,1500,VIDE,0.0,0.0,0.0,0.0,-0.698132,-0.0,1,0,117.983,65.889,0.0,0.0,0.0,0.0,0.2,2.0,1.0,0.05,1,0.0,0.2,0.0
120,2026-04-24T08:42:40.402Z,S20260424_094231,SC01,AUTO,,8.4745,0.0529,start,0,1500,VIDE,0.0,0.0,0.0,0.0,-0.698132,-0.0,1,0,117.983,65.889,0.0,0.0,0.0,0.0,0.2,2.0,1.0,0.05,1,0.0,0.2,0.0
121,2026-04-24T08:42:40.466Z,S20260424_094231,SC01,AUTO,,8.5385,0.064,start,0,1500,VIDE,0.0,0.0,0.0,0.0,-0.698132,-0.0,1,0,117.983,65.889,0.0,0.0,0.0,0.0,0.2,2.0,1.0,0.05,1,0.0,0.2,0.0
122,2026-04-24T08:42:40.529Z,S20260424_094231,SC01,AUTO,,8.601,0.0625,start,0,1500,VIDE,0.0,0.0,0.0,0.0,-0.698132,-0.0,1,0,117.983,65.889,0.0,0.0,0.0,0.0,0.2,2.0,1.0,0.05,1,0.0,0.2,0.0
123,2026-04-24T08:42:40.586Z,S20260424_094231,SC01,AUTO,,8.6584,0.0573,start,0,1500,VIDE,0.0,0.0,0.0,0.0,-0.698132,-0.0,1,0,117.983,65.889,0.0,0.0,0.0,0.0,0.2,2.0,1.0,0.05,1,0.0,0.2,0.0
124,2026-04-24T08:42:40.648Z,S20260424_094231,SC01,AUTO,,8.7201,0.0618,start,0,1500,VIDE,0.0,0.0,0.0,0.0,-0.698132,-0.0,1,0,117.983,65.889,0.0,0.0,0.0,0.0,0.2,2.0,1.0,0.05,1,0.0,0.2,0.0
125,2026-04-24T08:42:40.714Z,S20260424_094231,SC01,AUTO,,8.7862,0.0661,start,0,1500,VIDE,0.0,0.0,0.0,0.0,-0.698132,-0.0,1,0,117.983,65.889,0.0,0.0,0.0,0.0,0.2,2.0,1.0,0.05,1,0.0,0.2,0.0
126,2026-04-24T08:42:40.778Z,S20260424_094231,SC01,AUTO,,8.8501,0.0638,start,0,1500,VIDE,0.0,0.0,0.0,0.0,-0.698132,-0.0,1,0,117.983,65.889,0.0,0.0,0.0,0.0,0.2,2.0,1.0,0.05,1,0.0,0.2,0.0
127,2026-04-24T08:42:40.842Z,S20260424_094231,SC01,AUTO,,8.9145,0.0644,start,0,1500,VIDE,0.0,0.0,0.0,0.0,-0.698132,-0.0,1,0,117.983,65.889,0.0,0.0,0.0,0.0,0.2,2.0,1.0,0.05,1,0.0,0.2,0.0
128,2026-04-24T08:42:40.907Z,S20260424_094231,SC01,AUTO,,8.9792,0.0647,start,0,1500,VIDE,0.0,0.0,0.0,0.0,-0.698132,-0.0,1,0,117.983,65.889,0.0,0.0,0.0,0.0,0.2,2.0,1.0,0.05,1,0.0,0.2,0.0
129,2026-04-24T08:42:40.962Z,S20260424_094231,SC01,AUTO,,9.0342,0.0551,start,0,1500,VIDE,0.0,0.0,0.0,0.0,-0.698132,-0.0,1,0,117.983,65.889,0.0,0.0,0.0,0.0,0.2,2.0,1.0,0.05,1,0.0,0.2,0.0
130,2026-04-24T08:42:41.026Z,S20260424_094231,SC01,AUTO,,9.0986,0.0644,start,0,1500,VIDE,0.0,0.0,0.0,0.0,-0.698132,-0.0,1,0,117.983,65.889,0.0,0.0,0.0,0.0,0.2,2.0,1.0,0.05,1,0.0,0.2,0.0
131,2026-04-24T08:42:41.088Z,S20260424_094231,SC01,AUTO,,9.1608,0.0623,start,0,1500,VIDE,0.0,0.0,0.0,0.0,-0.698132,-0.0,1,0,117.983,65.889,0.0,0.0,0.0,0.0,0.2,2.0,1.0,0.05,1,0.0,0.2,0.0
132,2026-04-24T08:42:41.148Z,S20260424_094231,SC01,AUTO,,9.2209,0.0601,start,0,1500,VIDE,0.0,0.0,0.0,0.0,-0.698132,-0.0,1,0,117.983,65.889,0.0,0.0,0.0,0.0,0.2,2.0,1.0,0.05,1,0.0,0.2,0.0
133,2026-04-24T08:42:41.218Z,S20260424_094231,SC01,AUTO,,9.2903,0.0694,start,0,1500,VIDE,0.0,0.0,0.0,0.0,-0.698132,-0.0,1,0,117.983,65.889,0.0,0.0,0.0,0.0,0.2,2.0,1.0,0.05,1,0.0,0.2,0.0
134,2026-04-24T08:42:41.274Z,S20260424_094231,SC01,AUTO,,9.3464,0.056,start,0,1500,VIDE,0.0,0.0,0.0,0.0,-0.698132,-0.0,1,0,117.983,65.889,0.0,0.0,0.0,0.0,0.2,2.0,1.0,0.05,1,0.0,0.2,0.0
135,2026-04-24T08:42:41.344Z,S20260424_094231,SC01,AUTO,,9.4166,0.0703,start,0,1500,VIDE,0.0,0.0,0.0,0.0,-0.698132,-0.0,1,0,117.983,65.889,0.0,0.0,0.0,0.0,0.2,2.0,1.0,0.05,1,0.0,0.2,0.0
136,2026-04-24T08:42:41.402Z,S20260424_094231,SC01,AUTO,,9.4745,0.0578,start,0,1500,VIDE,0.0,0.0,0.0,0.0,-0.698132,-0.0,1,0,117.983,65.889,0.0,0.0,0.0,0.0,0.2,2.0,1.0,0.05,1,0.0,0.2,0.0
137,2026-04-24T08:42:41.462Z,S20260424_094231,SC01,AUTO,,9.5346,0.0602,start,0,1500,VIDE,0.0,0.0,0.0,0.0,-0.698132,-0.0,1,0,117.983,65.889,0.0,0.0,0.0,0.0,0.2,2.0,1.0,0.05,1,0.0,0.2,0.0
138,2026-04-24T08:42:41.528Z,S20260424_094231,SC01,AUTO,,9.6007,0.0661,start,0,1500,VIDE,0.0,0.0,0.0,0.0,-0.698132,-0.0,1,0,117.983,65.889,0.0,0.0,0.0,0.0,0.2,2.0,1.0,0.05,1,0.0,0.2,0.0
139,2026-04-24T08:42:41.586Z,S20260424_094231,SC01,AUTO,,9.6586,0.0578,start,0,1500,VIDE,0.0,0.0,0.0,0.0,-0.698132,-0.0,1,0,117.983,65.889,0.0,0.0,0.0,0.0,0.2,2.0,1.0,0.05,1,0.0,0.2,0.0
140,2026-04-24T08:42:41.648Z,S20260424_094231,SC01,AUTO,,9.7208,0.0623,start,0,1500,VIDE,0.0,0.0,0.0,0.0,-0.698132,-0.0,1,0,117.983,65.889,0.0,0.0,0.0,0.0,0.2,2.0,1.0,0.05,1,0.0,0.2,0.0
141,2026-04-24T08:42:41.714Z,S20260424_094231,SC01,AUTO,,9.7865,0.0657,start,0,1500,VIDE,0.0,0.0,0.0,0.0,-0.698132,-0.0,1,0,117.983,65.889,0.0,0.0,0.0,0.0,0.2,2.0,1.0,0.05,1,0.0,0.2,0.0
142,2026-04-24T08:42:41.777Z,S20260424_094231,SC01,AUTO,,9.8495,0.063,start,0,1500,VIDE,0.0,0.0,0.0,0.0,-0.698132,-0.0,1,0,117.983,65.889,0.0,0.0,0.0,0.0,0.2,2.0,1.0,0.05,1,0.0,0.2,0.0
143,2026-04-24T08:42:41.840Z,S20260424_094231,SC01,AUTO,,9.9123,0.0628,start,0,1500,VIDE,0.0,0.0,0.0,0.0,-0.698132,-0.0,1,0,117.983,65.889,0.0,0.0,0.0,0.0,0.2,2.0,1.0,0.05,1,0.0,0.2,0.0
144,2026-04-24T08:42:41.899Z,S20260424_094231,SC01,AUTO,,9.9711,0.0588,start,0,1500,VIDE,0.0,0.0,0.0,0.0,-0.698132,-0.0,1,0,117.983,65.889,0.0,0.0,0.0,0.0,0.2,2.0,1.0,0.05,1,0.0,0.2,0.0
145,2026-04-24T08:42:41.962Z,S20260424_094231,SC01,AUTO,,10.0341,0.063,start,0,1500,VIDE,0.0,0.0,0.0,0.0,-0.698132,-0.0,1,0,117.983,65.889,0.0,0.0,0.0,0.0,0.2,2.0,1.0,0.05,1,0.0,0.2,0.0
146,2026-04-24T08:42:42.026Z,S20260424_094231,SC01,AUTO,,10.0981,0.064,start,0,1500,VIDE,0.0,0.0,0.0,0.0,-0.698132,-0.0,1,0,117.983,65.889,0.0,0.0,0.0,0.0,0.2,2.0,1.0,0.05,1,0.0,0.2,0.0
147,2026-04-24T08:42:42.088Z,S20260424_094231,SC01,AUTO,,10.1609,0.0628,start,0,1500,VIDE,0.0,0.0,0.0,0.0,-0.698132,-0.0,1,0,117.983,65.889,0.0,0.0,0.0,0.0,0.2,2.0,1.0,0.05,1,0.0,0.2,0.0
148,2026-04-24T08:42:42.148Z,S20260424_094231,SC01,AUTO,,10.2209,0.0599,start,0,1500,VIDE,0.0,0.0,0.0,0.0,-0.698132,-0.0,1,0,117.983,65.889,0.0,0.0,0.0,0.0,0.2,2.0,1.0,0.05,1,0.0,0.2,0.0
149,2026-04-24T08:42:42.213Z,S20260424_094231,SC01,AUTO,,10.2857,0.0648,start,0,1500,VIDE,0.0,0.0,0.0,0.0,-0.698132,-0.0,1,0,117.983,65.889,0.0,0.0,0.0,0.0,0.2,2.0,1.0,0.05,1,0.0,0.2,0.0
150,2026-04-24T08:42:42.274Z,S20260424_094231,SC01,AUTO,,10.3462,0.0605,start,0,1500,VIDE,0.0,0.0,0.0,0.0,-0.698132,-0.0,1,0,117.983,65.889,0.0,0.0,0.0,0.0,0.2,2.0,1.0,0.05,1,0.0,0.2,0.0
151,2026-04-24T08:42:42.340Z,S20260424_094231,SC01,AUTO,,10.4126,0.0664,start,0,1500,VIDE,0.0,0.0,0.0,0.0,-0.698132,-0.0,1,0,117.983,65.889,0.0,0.0,0.0,0.0,0.2,2.0,1.0,0.05,1,0.0,0.2,0.0
152,2026-04-24T08:42:42.405Z,S20260424_094231,SC01,AUTO,,10.4778,0.0652,start,0,1500,VIDE,0.0,0.0,0.0,0.0,-0.698132,-0.0,1,0,117.983,65.889,0.0,0.0,0.0,0.0,0.2,2.0,1.0,0.05,1,0.0,0.2,0.0
153,2026-04-24T08:42:42.466Z,S20260424_094231,SC01,AUTO,,10.5382,0.0604,start,0,1500,VIDE,0.0,0.0,0.0,0.0,-0.698132,-0.0,1,0,117.983,65.889,0.0,0.0,0.0,0.0,0.2,2.0,1.0,0.05,1,0.0,0.2,0.0
154,2026-04-24T08:42:42.529Z,S20260424_094231,SC01,AUTO,,10.6014,0.0631,start,0,1500,VIDE,0.0,0.0,0.0,0.0,-0.698132,-0.0,1,0,117.983,65.889,0.0,0.0,0.0,0.0,0.2,2.0,1.0,0.05,1,0.0,0.2,0.0
155,2026-04-24T08:42:42.586Z,S20260424_094231,SC01,AUTO,,10.6583,0.0569,start,0,1500,VIDE,0.0,0.0,0.0,0.0,-0.698132,-0.0,1,0,117.983,65.889,0.0,0.0,0.0,0.0,0.2,2.0,1.0,0.05,1,0.0,0.2,0.0
156,2026-04-24T08:42:42.648Z,S20260424_094231,SC01,AUTO,,10.7206,0.0623,start,0,1500,VIDE,0.0,0.0,0.0,0.0,-0.698132,-0.0,1,0,117.983,65.889,0.0,0.0,0.0,0.0,0.2,2.0,1.0,0.05,1,0.0,0.2,0.0
157,2026-04-24T08:42:42.717Z,S20260424_094231,SC01,AUTO,,10.79,0.0693,start,0,1500,VIDE,0.0,0.0,0.0,0.0,-0.698132,-0.0,1,0,117.983,65.889,0.0,0.0,0.0,0.0,0.2,2.0,1.0,0.05,1,0.0,0.2,0.0
158,2026-04-24T08:42:42.780Z,S20260424_094231,SC01,AUTO,,10.8525,0.0624,start,0,1500,VIDE,0.0,0.0,0.0,0.0,-0.698132,-0.0,1,0,117.983,65.889,0.0,0.0,0.0,0.0,0.2,2.0,1.0,0.05,1,0.0,0.2,0.0
159,2026-04-24T08:42:42.842Z,S20260424_094231,SC01,AUTO,,10.9149,0.0626,start,0,1500,VIDE,0.0,0.0,0.0,0.0,-0.698132,-0.0,1,0,117.983,65.889,0.0,0.0,0.0,0.0,0.2,2.0,1.0,0.05,1,0.0,0.2,0.0
160,2026-04-24T08:42:42.904Z,S20260424_094231,SC01,AUTO,,10.9766,0.0616,start,0,1500,VIDE,0.0,0.0,0.0,0.0,-0.698132,-0.0,1,0,117.983,65.889,0.0,0.0,0.0,0.0,0.2,2.0,1.0,0.05,1,0.0,0.2,0.0
161,2026-04-24T08:42:42.968Z,S20260424_094231,SC01,AUTO,,11.0405,0.0639,start,0,1500,VIDE,0.0,0.0,0.0,0.0,-0.698132,-0.0,1,0,117.983,65.889,0.0,0.0,0.0,0.0,0.2,2.0,1.0,0.05,1,0.0,0.2,0.0
162,2026-04-24T08:42:43.028Z,S20260424_094231,SC01,AUTO,,11.1001,0.0596,start,0,1500,VIDE,0.0,0.0,0.0,0.0,-0.698132,-0.0,1,0,117.983,65.889,0.0,0.0,0.0,0.0,0.2,2.0,1.0,0.05,1,0.0,0.2,0.0
163,2026-04-24T08:42:43.088Z,S20260424_094231,SC01,AUTO,,11.1603,0.0603,start,0,1500,VIDE,0.0,0.0,0.0,0.0,-0.698132,-0.0,1,0,117.983,65.889,0.0,0.0,0.0,0.0,0.2,2.0,1.0,0.05,1,0.0,0.2,0.0
164,2026-04-24T08:42:43.148Z,S20260424_094231,SC01,AUTO,,11.2207,0.0604,start,0,1500,VIDE,0.0,0.0,0.0,0.0,-0.698132,-0.0,1,0,117.983,65.889,0.0,0.0,0.0,0.0,0.2,2.0,1.0,0.05,1,0.0,0.2,0.0
165,2026-04-24T08:42:43.217Z,S20260424_094231,SC01,AUTO,,11.2891,0.0684,start,0,1500,VIDE,0.0,0.0,0.0,0.0,-0.698132,-0.0,1,0,117.983,65.889,0.0,0.0,0.0,0.0,0.2,2.0,1.0,0.05,1,0.0,0.2,0.0
166,2026-04-24T08:42:43.279Z,S20260424_094231,SC01,AUTO,,11.3512,0.062,start,0,1500,VIDE,0.0,0.0,0.0,0.0,-0.698132,-0.0,1,0,117.983,65.889,0.0,0.0,0.0,0.0,0.2,2.0,1.0,0.05,1,0.0,0.2,0.0
167,2026-04-24T08:42:43.342Z,S20260424_094231,SC01,AUTO,,11.4143,0.0632,start,0,1500,VIDE,0.0,0.0,0.0,0.0,-0.698132,-0.0,1,0,117.983,65.889,0.0,0.0,0.0,0.0,0.2,2.0,1.0,0.05,1,0.0,0.2,0.0
168,2026-04-24T08:42:43.401Z,S20260424_094231,SC01,AUTO,,11.4733,0.059,start,0,1500,VIDE,0.0,0.0,0.0,0.0,-0.698132,-0.0,1,0,117.983,65.889,0.0,0.0,0.0,0.0,0.2,2.0,1.0,0.05,1,0.0,0.2,0.0
169,2026-04-24T08:42:43.467Z,S20260424_094231,SC01,AUTO,,11.5399,0.0666,start,0,1500,VIDE,0.0,0.0,0.0,0.0,-0.698132,-0.0,1,0,117.983,65.889,0.0,0.0,0.0,0.0,0.2,2.0,1.0,0.05,1,0.0,0.2,0.0
170,2026-04-24T08:42:43.524Z,S20260424_094231,SC01,AUTO,,11.5965,0.0566,start,0,1500,VIDE,0.0,0.0,0.0,0.0,-0.698132,-0.0,1,0,117.983,65.889,0.0,0.0,0.0,0.0,0.2,2.0,1.0,0.05,1,0.0,0.2,0.0
171,2026-04-24T08:42:43.587Z,S20260424_094231,SC01,AUTO,,11.6599,0.0635,start,0,1500,VIDE,0.0,0.0,0.0,0.0,-0.698132,-0.0,1,0,117.983,65.889,0.0,0.0,0.0,0.0,0.2,2.0,1.0,0.05,1,0.0,0.2,0.0
172,2026-04-24T08:42:43.649Z,S20260424_094231,SC01,AUTO,,11.721,0.0611,start,0,1500,VIDE,0.0,0.0,0.0,0.0,-0.698132,-0.0,1,0,117.983,65.889,0.0,0.0,0.0,0.0,0.2,2.0,1.0,0.05,1,0.0,0.2,0.0
173,2026-04-24T08:42:43.715Z,S20260424_094231,SC01,AUTO,,11.7878,0.0668,start,0,1500,VIDE,0.0,0.0,0.0,0.0,-0.698132,-0.0,1,0,117.983,65.889,0.0,0.0,0.0,0.0,0.2,2.0,1.0,0.05,1,0.0,0.2,0.0
174,2026-04-24T08:42:43.774Z,S20260424_094231,SC01,AUTO,,11.8464,0.0586,start,0,1500,VIDE,0.0,0.0,0.0,0.0,-0.698132,-0.0,1,0,117.983,65.889,0.0,0.0,0.0,0.0,0.2,2.0,1.0,0.05,1,0.0,0.2,0.0
175,2026-04-24T08:42:43.836Z,S20260424_094231,SC01,AUTO,,11.9085,0.0621,start,0,1500,VIDE,0.0,0.0,0.0,0.0,-0.698132,-0.0,1,0,117.983,65.889,0.0,0.0,0.0,0.0,0.2,2.0,1.0,0.05,1,0.0,0.2,0.0
176,2026-04-24T08:42:43.901Z,S20260424_094231,SC01,AUTO,,11.9735,0.0651,start,0,1500,VIDE,0.0,0.0,0.0,0.0,-0.698132,-0.0,1,0,117.983,65.889,0.0,0.0,0.0,0.0,0.2,2.0,1.0,0.05,1,0.0,0.2,0.0
177,2026-04-24T08:42:43.968Z,S20260424_094231,SC01,AUTO,,12.0401,0.0665,start,0,1500,VIDE,0.0,0.0,0.0,0.0,-0.698132,-0.0,1,0,117.983,65.889,0.0,0.0,0.0,0.0,0.2,2.0,1.0,0.05,1,0.0,0.2,0.0
178,2026-04-24T08:42:44.023Z,S20260424_094231,SC01,AUTO,,12.0959,0.0559,start,0,1500,VIDE,0.0,0.0,0.0,0.0,-0.698132,-0.0,1,0,117.983,65.889,0.0,0.0,0.0,0.0,0.2,2.0,1.0,0.05,1,0.0,0.2,0.0
179,2026-04-24T08:42:44.086Z,S20260424_094231,SC01,AUTO,,12.1581,0.0622,start,0,1500,VIDE,0.0,0.0,0.0,0.0,-0.698132,-0.0,1,0,117.983,65.889,0.0,0.0,0.0,0.0,0.2,2.0,1.0,0.05,1,0.0,0.2,0.0
180,2026-04-24T08:42:44.148Z,S20260424_094231,SC01,AUTO,,12.2209,0.0628,start,0,1500,VIDE,0.0,0.0,0.0,0.0,-0.698132,-0.0,1,0,117.983,65.889,0.0,0.0,0.0,0.0,0.2,2.0,1.0,0.05,1,0.0,0.2,0.0
181,2026-04-24T08:42:44.212Z,S20260424_094231,SC01,AUTO,,12.2845,0.0636,start,0,1500,VIDE,0.0,0.0,0.0,0.0,-0.698132,-0.0,1,0,117.983,65.889,0.0,0.0,0.0,0.0,0.2,2.0,1.0,0.05,1,0.0,0.2,0.0
182,2026-04-24T08:42:44.274Z,S20260424_094231,SC01,AUTO,,12.3465,0.062,start,0,1500,VIDE,0.0,0.0,0.0,0.0,-0.698132,-0.0,1,0,117.983,65.889,0.0,0.0,0.0,0.0,0.2,2.0,1.0,0.05,1,0.0,0.2,0.0
183,2026-04-24T08:42:44.338Z,S20260424_094231,SC01,AUTO,,12.4102,0.0637,start,0,1500,VIDE,0.0,0.0,0.0,0.0,-0.698132,-0.0,1,0,117.983,65.889,0.0,0.0,0.0,0.0,0.2,2.0,1.0,0.05,1,0.0,0.2,0.0
184,2026-04-24T08:42:44.402Z,S20260424_094231,SC01,AUTO,,12.4742,0.064,start,0,1500,VIDE,0.0,0.0,0.0,0.0,-0.698132,-0.0,1,0,117.983,65.889,0.0,0.0,0.0,0.0,0.2,2.0,1.0,0.05,1,0.0,0.2,0.0
185,2026-04-24T08:42:44.467Z,S20260424_094231,SC01,AUTO,,12.539,0.0648,start,0,1500,VIDE,0.0,0.0,0.0,0.0,-0.698132,-0.0,1,0,117.983,65.889,0.0,0.0,0.0,0.0,0.2,2.0,1.0,0.05,1,0.0,0.2,0.0
186,2026-04-24T08:42:44.523Z,S20260424_094231,SC01,AUTO,,12.595,0.056,start,0,1500,VIDE,0.0,0.0,0.0,0.0,-0.698132,-0.0,1,0,117.983,65.889,0.0,0.0,0.0,0.0,0.2,2.0,1.0,0.05,1,0.0,0.2,0.0
187,2026-04-24T08:42:44.586Z,S20260424_094231,SC01,AUTO,,12.6586,0.0636,start,0,1500,VIDE,0.0,0.0,0.0,0.0,-0.698132,-0.0,1,0,117.983,65.889,0.0,0.0,0.0,0.0,0.2,2.0,1.0,0.05,1,0.0,0.2,0.0
188,2026-04-24T08:42:44.648Z,S20260424_094231,SC01,AUTO,,12.7207,0.0621,start,0,1500,VIDE,0.0,0.0,0.0,0.0,-0.698132,-0.0,1,0,117.983,65.889,0.0,0.0,0.0,0.0,0.2,2.0,1.0,0.05,1,0.0,0.2,0.0
189,2026-04-24T08:42:44.712Z,S20260424_094231,SC01,AUTO,,12.785,0.0642,start,0,1500,VIDE,0.0,0.0,0.0,0.0,-0.698132,-0.0,1,0,117.983,65.889,0.0,0.0,0.0,0.0,0.2,2.0,1.0,0.05,1,0.0,0.2,0.0
190,2026-04-24T08:42:44.775Z,S20260424_094231,SC01,AUTO,,12.8478,0.0629,start,0,1500,VIDE,0.0,0.0,0.0,0.0,-0.698132,-0.0,1,0,117.983,65.889,0.0,0.0,0.0,0.0,0.2,2.0,1.0,0.05,1,0.0,0.2,0.0
191,2026-04-24T08:42:44.836Z,S20260424_094231,SC01,AUTO,,12.908,0.0602,start,0,1500,VIDE,0.0,0.0,0.0,0.0,-0.698132,-0.0,1,0,117.983,65.889,0.0,0.0,0.0,0.0,0.2,2.0,1.0,0.05,1,0.0,0.2,0.0
192,2026-04-24T08:42:44.898Z,S20260424_094231,SC01,AUTO,,12.9708,0.0628,start,0,1500,VIDE,0.0,0.0,0.0,0.0,-0.698132,-0.0,1,0,117.983,65.889,0.0,0.0,0.0,0.0,0.2,2.0,1.0,0.05,1,0.0,0.2,0.0
193,2026-04-24T08:42:44.962Z,S20260424_094231,SC01,AUTO,,13.034,0.0632,start,0,1500,VIDE,0.0,0.0,0.0,0.0,-0.698132,-0.0,1,0,117.983,65.889,0.0,0.0,0.0,0.0,0.2,2.0,1.0,0.05,1,0.0,0.2,0.0
194,2026-04-24T08:42:45.026Z,S20260424_094231,SC01,AUTO,,13.0981,0.0641,start,0,1500,VIDE,0.0,0.0,0.0,0.0,-0.698132,-0.0,1,0,117.983,65.889,0.0,0.0,0.0,0.0,0.2,2.0,1.0,0.05,1,0.0,0.2,0.0
195,2026-04-24T08:42:45.088Z,S20260424_094231,SC01,AUTO,,13.1608,0.0626,start,0,1500,VIDE,0.0,0.0,0.0,0.0,-0.698132,-0.0,1,0,117.983,65.889,0.0,0.0,0.0,0.0,0.2,2.0,1.0,0.05,1,0.0,0.2,0.0
196,2026-04-24T08:42:45.148Z,S20260424_094231,SC01,AUTO,,13.2204,0.0596,start,0,1500,VIDE,0.0,0.0,0.0,0.0,-0.698132,-0.0,1,0,117.983,65.889,0.0,0.0,0.0,0.0,0.2,2.0,1.0,0.05,1,0.0,0.2,0.0
197,2026-04-24T08:42:45.210Z,S20260424_094231,SC01,AUTO,,13.2825,0.0621,start,0,1500,VIDE,0.0,0.0,0.0,0.0,-0.698132,-0.0,1,0,117.983,65.889,0.0,0.0,0.0,0.0,0.2,2.0,1.0,0.05,1,0.0,0.2,0.0
198,2026-04-24T08:42:45.274Z,S20260424_094231,SC01,AUTO,,13.3463,0.0638,start,0,1500,VIDE,0.0,0.0,0.0,0.0,-0.698132,-0.0,1,0,117.983,65.889,0.0,0.0,0.0,0.0,0.2,2.0,1.0,0.05,1,0.0,0.2,0.0
199,2026-04-24T08:42:45.338Z,S20260424_094231,SC01,AUTO,,13.4101,0.0637,start,0,1500,VIDE,0.0,0.0,0.0,0.0,-0.698132,-0.0,1,0,117.983,65.889,0.0,0.0,0.0,0.0,0.2,2.0,1.0,0.05,1,0.0,0.2,0.0
200,2026-04-24T08:42:45.399Z,S20260424_094231,SC01,AUTO,,13.471,0.0609,start,0,1500,VIDE,0.0,0.0,0.0,0.0,-0.698132,-0.0,1,0,117.983,65.889,0.0,0.0,0.0,0.0,0.2,2.0,1.0,0.05,1,0.0,0.2,0.0
201,2026-04-24T08:42:45.460Z,S20260424_094231,SC01,AUTO,,13.5329,0.0619,start,0,1500,VIDE,0.0,0.0,0.0,0.0,-0.698132,-0.0,1,0,117.983,65.889,0.0,0.0,0.0,0.0,0.2,2.0,1.0,0.05,1,0.0,0.2,0.0
202,2026-04-24T08:42:45.524Z,S20260424_094231,SC01,AUTO,,13.5963,0.0635,start,0,1500,VIDE,0.0,0.0,0.0,0.0,-0.698132,-0.0,1,0,117.983,65.889,0.0,0.0,0.0,0.0,0.2,2.0,1.0,0.05,1,0.0,0.2,0.0
203,2026-04-24T08:42:45.587Z,S20260424_094231,SC01,AUTO,,13.6594,0.0631,start,0,1500,VIDE,0.0,0.0,0.0,0.0,-0.698132,-0.0,1,0,117.983,65.889,0.0,0.0,0.0,0.0,0.2,2.0,1.0,0.05,1,0.0,0.2,0.0
204,2026-04-24T08:42:45.648Z,S20260424_094231,SC01,AUTO,,13.7209,0.0615,start,0,1500,VIDE,0.0,0.0,0.0,0.0,-0.698132,-0.0,1,0,117.983,65.889,0.0,0.0,0.0,0.0,0.2,2.0,1.0,0.05,1,0.0,0.2,0.0
205,2026-04-24T08:42:45.717Z,S20260424_094231,SC01,AUTO,,13.7894,0.0685,start,0,1500,VIDE,0.0,0.0,0.0,0.0,-0.698132,-0.0,1,0,117.983,65.889,0.0,0.0,0.0,0.0,0.2,2.0,1.0,0.05,1,0.0,0.2,0.0
206,2026-04-24T08:42:45.784Z,S20260424_094231,SC01,AUTO,,13.8562,0.0669,start,0,1500,VIDE,0.0,0.0,0.0,0.0,-0.698132,-0.0,1,0,117.983,65.889,0.0,0.0,0.0,0.0,0.2,2.0,1.0,0.05,1,0.0,0.2,0.0
207,2026-04-24T08:42:45.848Z,S20260424_094231,SC01,AUTO,,13.9202,0.064,start,0,1500,VIDE,0.0,0.0,0.0,0.0,-0.698132,-0.0,1,0,117.983,65.889,0.0,0.0,0.0,0.0,0.2,2.0,1.0,0.05,1,0.0,0.2,0.0
208,2026-04-24T08:42:45.900Z,S20260424_094231,SC01,AUTO,,13.9729,0.0527,start,0,1500,VIDE,0.0,0.0,0.0,0.0,-0.698132,-0.0,1,0,117.983,65.889,0.0,0.0,0.0,0.0,0.2,2.0,1.0,0.05,1,0.0,0.2,0.0
209,2026-04-24T08:42:45.961Z,S20260424_094231,SC01,AUTO,,14.0338,0.0609,start,0,1500,VIDE,0.0,0.0,0.0,0.0,-0.698132,-0.0,1,0,117.983,65.889,0.0,0.0,0.0,0.0,0.2,2.0,1.0,0.05,1,0.0,0.2,0.0
210,2026-04-24T08:42:46.023Z,S20260424_094231,SC01,AUTO,,14.0951,0.0613,start,0,1500,VIDE,0.0,0.0,0.0,0.0,-0.698132,-0.0,1,0,117.983,65.889,0.0,0.0,0.0,0.0,0.2,2.0,1.0,0.05,1,0.0,0.2,0.0
211,2026-04-24T08:42:46.086Z,S20260424_094231,SC01,AUTO,,14.158,0.0629,start,0,1500,VIDE,0.0,0.0,0.0,0.0,-0.698132,-0.0,1,0,117.983,65.889,0.0,0.0,0.0,0.0,0.2,2.0,1.0,0.05,1,0.0,0.2,0.0
212,2026-04-24T08:42:46.148Z,S20260424_094231,SC01,AUTO,,14.2205,0.0625,start,0,1500,VIDE,0.0,0.0,0.0,0.0,-0.698132,-0.0,1,0,117.983,65.889,0.0,0.0,0.0,0.0,0.2,2.0,1.0,0.05,1,0.0,0.2,0.0
213,2026-04-24T08:42:46.212Z,S20260424_094231,SC01,AUTO,,14.2848,0.0644,start,0,1500,VIDE,0.0,0.0,0.0,0.0,-0.698132,-0.0,1,0,117.983,65.889,0.0,0.0,0.0,0.0,0.2,2.0,1.0,0.05,1,0.0,0.2,0.0
214,2026-04-24T08:42:46.276Z,S20260424_094231,SC01,AUTO,,14.3481,0.0632,start,0,1500,VIDE,0.0,0.0,0.0,0.0,-0.698132,-0.0,1,0,117.983,65.889,0.0,0.0,0.0,0.0,0.2,2.0,1.0,0.05,1,0.0,0.2,0.0
215,2026-04-24T08:42:46.338Z,S20260424_094231,SC01,AUTO,,14.4106,0.0625,start,0,1500,VIDE,0.0,0.0,0.0,0.0,-0.698132,-0.0,1,0,117.983,65.889,0.0,0.0,0.0,0.0,0.2,2.0,1.0,0.05,1,0.0,0.2,0.0
216,2026-04-24T08:42:46.400Z,S20260424_094231,SC01,AUTO,,14.4722,0.0615,start,0,1500,VIDE,0.0,0.0,0.0,0.0,-0.698132,-0.0,1,0,117.983,65.889,0.0,0.0,0.0,0.0,0.2,2.0,1.0,0.05,1,0.0,0.2,0.0
217,2026-04-24T08:42:46.463Z,S20260424_094231,SC01,AUTO,,14.5357,0.0635,start,0,1500,VIDE,0.0,0.0,0.0,0.0,-0.698132,-0.0,1,0,117.983,65.889,0.0,0.0,0.0,0.0,0.2,2.0,1.0,0.05,1,0.0,0.2,0.0
218,2026-04-24T08:42:46.526Z,S20260424_094231,SC01,AUTO,,14.598,0.0623,start,0,1500,VIDE,0.0,0.0,0.0,0.0,-0.698132,-0.0,1,0,117.983,65.889,0.0,0.0,0.0,0.0,0.2,2.0,1.0,0.05,1,0.0,0.2,0.0
219,2026-04-24T08:42:46.589Z,S20260424_094231,SC01,AUTO,,14.6616,0.0636,start,0,1500,VIDE,0.0,0.0,0.0,0.0,-0.698132,-0.0,1,0,117.983,65.889,0.0,0.0,0.0,0.0,0.2,2.0,1.0,0.05,1,0.0,0.2,0.0
220,2026-04-24T08:42:46.649Z,S20260424_094231,SC01,AUTO,,14.7212,0.0597,start,0,1500,VIDE,0.0,0.0,0.0,0.0,-0.698132,-0.0,1,0,117.983,65.889,0.0,0.0,0.0,0.0,0.2,2.0,1.0,0.05,1,0.0,0.2,0.0
221,2026-04-24T08:42:46.715Z,S20260424_094231,SC01,AUTO,,14.7872,0.066,start,0,1500,VIDE,0.0,0.0,0.0,0.0,-0.698132,-0.0,1,0,117.983,65.889,0.0,0.0,0.0,0.0,0.2,2.0,1.0,0.05,1,0.0,0.2,0.0
222,2026-04-24T08:42:46.779Z,S20260424_094231,SC01,AUTO,,14.8516,0.0644,start,0,1500,VIDE,0.0,0.0,0.0,0.0,-0.698132,-0.0,1,0,117.983,65.889,0.0,0.0,0.0,0.0,0.2,2.0,1.0,0.05,1,0.0,0.2,0.0
223,2026-04-24T08:42:46.840Z,S20260424_094231,SC01,AUTO,,14.9128,0.0612,start,0,1500,VIDE,0.0,0.0,0.0,0.0,-0.698132,-0.0,1,0,117.983,65.889,0.0,0.0,0.0,0.0,0.2,2.0,1.0,0.05,1,0.0,0.2,0.0
224,2026-04-24T08:42:46.901Z,S20260424_094231,SC01,AUTO,,14.9738,0.061,start,0,1500,VIDE,0.0,0.0,0.0,0.0,-0.698132,-0.0,1,0,117.983,65.889,0.0,0.0,0.0,0.0,0.2,2.0,1.0,0.05,1,0.0,0.2,0.0
225,2026-04-24T08:42:46.965Z,S20260424_094231,SC01,AUTO,,15.0373,0.0635,start,0,1500,VIDE,0.0,0.0,0.0,0.0,-0.698132,-0.0,1,0,117.983,65.889,0.0,0.0,0.0,0.0,0.2,2.0,1.0,0.05,1,0.0,0.2,0.0
226,2026-04-24T08:42:47.027Z,S20260424_094231,SC01,AUTO,,15.0995,0.0622,start,0,1500,VIDE,0.0,0.0,0.0,0.0,-0.698132,-0.0,1,0,117.983,65.889,0.0,0.0,0.0,0.0,0.2,2.0,1.0,0.05,1,0.0,0.2,0.0
227,2026-04-24T08:42:47.088Z,S20260424_094231,SC01,AUTO,,15.1604,0.061,start,0,1500,VIDE,0.0,0.0,0.0,0.0,-0.698132,-0.0,1,0,117.983,65.889,0.0,0.0,0.0,0.0,0.2,2.0,1.0,0.05,1,0.0,0.2,0.0
228,2026-04-24T08:42:47.148Z,S20260424_094231,SC01,AUTO,,15.2204,0.06,start,0,1500,VIDE,0.0,0.0,0.0,0.0,-0.698132,-0.0,1,0,117.983,65.889,0.0,0.0,0.0,0.0,0.2,2.0,1.0,0.05,1,0.0,0.2,0.0
229,2026-04-24T08:42:47.216Z,S20260424_094231,SC01,AUTO,,15.2882,0.0677,start,0,1500,VIDE,0.0,0.0,0.0,0.0,-0.698132,-0.0,1,0,117.983,65.889,0.0,0.0,0.0,0.0,0.2,2.0,1.0,0.05,1,0.0,0.2,0.0
230,2026-04-24T08:42:47.278Z,S20260424_094231,SC01,AUTO,,15.3508,0.0626,start,0,1500,VIDE,0.0,0.0,0.0,0.0,-0.698132,-0.0,1,0,117.983,65.889,0.0,0.0,0.0,0.0,0.2,2.0,1.0,0.05,1,0.0,0.2,0.0
231,2026-04-24T08:42:47.341Z,S20260424_094231,SC01,AUTO,,15.4139,0.0631,start,0,1500,VIDE,0.0,0.0,0.0,0.0,-0.698132,-0.0,1,0,117.983,65.889,0.0,0.0,0.0,0.0,0.2,2.0,1.0,0.05,1,0.0,0.2,0.0
232,2026-04-24T08:42:47.402Z,S20260424_094231,SC01,AUTO,,15.4749,0.0611,start,0,1500,VIDE,0.0,0.0,0.0,0.0,-0.698132,-0.0,1,0,117.983,65.889,0.0,0.0,0.0,0.0,0.2,2.0,1.0,0.05,1,0.0,0.2,0.0
233,2026-04-24T08:42:47.467Z,S20260424_094231,SC01,AUTO,,15.5397,0.0647,start,0,1500,VIDE,0.0,0.0,0.0,0.0,-0.698132,-0.0,1,0,117.983,65.889,0.0,0.0,0.0,0.0,0.2,2.0,1.0,0.05,1,0.0,0.2,0.0
234,2026-04-24T08:42:47.528Z,S20260424_094231,SC01,AUTO,,15.6008,0.0612,start,0,1500,VIDE,0.0,0.0,0.0,0.0,-0.698132,-0.0,1,0,117.983,65.889,0.0,0.0,0.0,0.0,0.2,2.0,1.0,0.05,1,0.0,0.2,0.0
235,2026-04-24T08:42:47.589Z,S20260424_094231,SC01,AUTO,,15.6613,0.0605,start,0,1500,VIDE,0.0,0.0,0.0,0.0,-0.698132,-0.0,1,0,117.983,65.889,0.0,0.0,0.0,0.0,0.2,2.0,1.0,0.05,1,0.0,0.2,0.0
236,2026-04-24T08:42:47.648Z,S20260424_094231,SC01,AUTO,,15.7208,0.0595,start,0,1500,VIDE,0.0,0.0,0.0,0.0,-0.698132,-0.0,1,0,117.983,65.889,0.0,0.0,0.0,0.0,0.2,2.0,1.0,0.05,1,0.0,0.2,0.0
237,2026-04-24T08:42:47.712Z,S20260424_094231,SC01,AUTO,,15.7842,0.0634,start,0,1500,VIDE,0.0,0.0,0.0,0.0,-0.698132,-0.0,1,0,117.983,65.889,0.0,0.0,0.0,0.0,0.2,2.0,1.0,0.05,1,0.0,0.2,0.0
238,2026-04-24T08:42:47.776Z,S20260424_094231,SC01,AUTO,,15.8487,0.0645,start,0,1500,VIDE,0.0,0.0,0.0,0.0,-0.698132,-0.0,1,0,117.983,65.889,0.0,0.0,0.0,0.0,0.2,2.0,1.0,0.05,1,0.0,0.2,0.0
239,2026-04-24T08:42:47.838Z,S20260424_094231,SC01,AUTO,,15.9103,0.0616,start,0,1500,VIDE,0.0,0.0,0.0,0.0,-0.698132,-0.0,1,0,117.983,65.889,0.0,0.0,0.0,0.0,0.2,2.0,1.0,0.05,1,0.0,0.2,0.0
240,2026-04-24T08:42:47.900Z,S20260424_094231,SC01,AUTO,,15.9723,0.062,start,0,1500,VIDE,0.0,0.0,0.0,0.0,-0.698132,-0.0,1,0,117.983,65.889,0.0,0.0,0.0,0.0,0.2,2.0,1.0,0.05,1,0.0,0.2,0.0
241,2026-04-24T08:42:49.277Z,S20260424_094231,SC01,AUTO,,17.3491,1.3768,start,0,1500,VIDE,0.0,0.0,0.0,0.0,-0.698132,-0.0,1,0,117.983,65.889,0.0,0.0,0.0,0.0,0.2,2.0,1.0,0.05,1,0.0,0.2,0.0
242,2026-04-24T08:42:49.291Z,S20260424_094231,SC01,AUTO,,17.364,0.0149,start,0,1500,VIDE,0.0,0.0,0.0,0.0,-0.698132,-0.0,1,0,117.983,65.889,0.0,0.0,0.0,0.0,0.2,2.0,1.0,0.05,1,0.0,0.2,0.0
243,2026-04-24T08:42:49.352Z,S20260424_094231,SC01,AUTO,,17.4242,0.0603,start,0,1500,VIDE,0.0,0.0,0.0,0.0,-0.698132,-0.0,1,0,117.983,65.889,0.0,0.0,0.0,0.0,0.2,2.0,1.0,0.05,1,0.0,0.2,0.0
244,2026-04-24T08:42:49.414Z,S20260424_094231,SC01,AUTO,,17.4868,0.0626,start,0,1500,VIDE,0.0,0.0,0.0,0.0,-0.698132,-0.0,1,0,117.983,65.889,0.0,0.0,0.0,0.0,0.2,2.0,1.0,0.05,1,0.0,0.2,0.0
245,2026-04-24T08:42:49.477Z,S20260424_094231,SC01,AUTO,,17.5499,0.0631,start,0,1500,VIDE,0.0,0.0,0.0,0.0,-0.698132,-0.0,1,0,117.983,65.889,0.0,0.0,0.0,0.0,0.2,2.0,1.0,0.05,1,0.0,0.2,0.0
246,2026-04-24T08:42:49.540Z,S20260424_094231,SC01,AUTO,,17.6125,0.0626,start,0,1500,VIDE,0.0,0.0,0.0,0.0,-0.698132,-0.0,1,0,117.983,65.889,0.0,0.0,0.0,0.0,0.2,2.0,1.0,0.05,1,0.0,0.2,0.0
247,2026-04-24T08:42:49.601Z,S20260424_094231,SC01,AUTO,,17.6737,0.0611,start,0,1500,VIDE,0.0,0.0,0.0,0.0,-0.698132,-0.0,1,0,117.983,65.889,0.0,0.0,0.0,0.0,0.2,2.0,1.0,0.05,1,0.0,0.2,0.0
248,2026-04-24T08:42:49.669Z,S20260424_094231,SC01,AUTO,,17.7413,0.0677,start,0,1500,VIDE,0.0,0.0,0.0,0.0,-0.698132,-0.0,1,0,117.983,65.889,0.0,0.0,0.0,0.0,0.2,2.0,1.0,0.05,1,0.0,0.2,0.0
249,2026-04-24T08:42:49.728Z,S20260424_094231,SC01,AUTO,,17.8004,0.0591,start,0,1500,VIDE,0.0,0.0,0.0,0.0,-0.698132,-0.0,1,0,117.983,65.889,0.0,0.0,0.0,0.0,0.2,2.0,1.0,0.05,1,0.0,0.2,0.0
250,2026-04-24T08:42:49.789Z,S20260424_094231,SC01,AUTO,,17.8613,0.0609,start,0,1500,VIDE,0.0,0.0,0.0,0.0,-0.698132,-0.0,1,0,117.983,65.889,0.0,0.0,0.0,0.0,0.2,2.0,1.0,0.05,1,0.0,0.2,0.0
251,2026-04-24T08:42:49.855Z,S20260424_094231,SC01,AUTO,,17.9279,0.0665,start,0,1500,VIDE,0.0,0.0,0.0,0.0,-0.698132,-0.0,1,0,117.983,65.889,0.0,0.0,0.0,0.0,0.2,2.0,1.0,0.05,1,0.0,0.2,0.0
252,2026-04-24T08:42:49.924Z,S20260424_094231,SC01,AUTO,,17.9964,0.0685,start,0,1500,VIDE,0.0,0.0,0.0,0.0,-0.698132,-0.0,1,0,117.983,65.889,0.0,0.0,0.0,0.0,0.2,2.0,1.0,0.05,1,0.0,0.2,0.0
253,2026-04-24T08:42:49.985Z,S20260424_094231,SC01,AUTO,,18.0571,0.0607,start,0,1500,VIDE,0.0,0.0,0.0,0.0,-0.698132,-0.0,1,0,117.983,65.889,0.0,0.0,0.0,0.0,0.2,2.0,1.0,0.05,1,0.0,0.2,0.0
254,2026-04-24T08:42:50.048Z,S20260424_094231,SC01,AUTO,,18.1207,0.0636,start,0,1500,VIDE,0.0,0.0,0.0,0.0,-0.698132,-0.0,1,0,117.983,65.889,0.0,0.0,0.0,0.0,0.2,2.0,1.0,0.05,1,0.0,0.2,0.0
255,2026-04-24T08:42:50.101Z,S20260424_094231,SC01,AUTO,,18.1734,0.0528,start,0,1500,VIDE,0.0,0.0,0.0,0.0,-0.698132,-0.0,1,0,117.983,65.889,0.0,0.0,0.0,0.0,0.2,2.0,1.0,0.05,1,0.0,0.2,0.0
256,2026-04-24T08:42:50.166Z,S20260424_094231,SC01,AUTO,,18.2389,0.0653,start,0,1500,VIDE,0.0,0.0,0.0,0.0,-0.698132,-0.0,1,0,117.983,65.889,0.0,0.0,0.0,0.0,0.2,2.0,1.0,0.05,1,0.0,0.2,0.0
257,2026-04-24T08:42:50.227Z,S20260424_094231,SC01,AUTO,,18.2997,0.061,start,0,1500,VIDE,0.0,0.0,0.0,0.0,-0.698132,-0.0,1,0,117.983,65.889,0.0,0.0,0.0,0.0,0.2,2.0,1.0,0.05,1,0.0,0.2,0.0
258,2026-04-24T08:42:50.289Z,S20260424_094231,SC01,AUTO,,18.3612,0.0614,start,0,1500,VIDE,0.0,0.0,0.0,0.0,-0.698132,-0.0,1,0,117.983,65.889,0.0,0.0,0.0,0.0,0.2,2.0,1.0,0.05,1,0.0,0.2,0.0
259,2026-04-24T08:42:50.352Z,S20260424_094231,SC01,AUTO,,18.4247,0.0636,start,0,1500,VIDE,0.0,0.0,0.0,0.0,-0.698132,-0.0,1,0,117.983,65.889,0.0,0.0,0.0,0.0,0.2,2.0,1.0,0.05,1,0.0,0.2,0.0
260,2026-04-24T08:42:50.423Z,S20260424_094231,SC01,AUTO,,18.4951,0.0703,start,0,1500,VIDE,0.0,0.0,0.0,0.0,-0.698132,-0.0,1,0,117.983,65.889,0.0,0.0,0.0,0.0,0.2,2.0,1.0,0.05,1,0.0,0.2,0.0
261,2026-04-24T08:42:50.485Z,S20260424_094231,SC01,AUTO,,18.5579,0.0629,start,0,1500,VIDE,0.0,0.0,0.0,0.0,-0.698132,-0.0,1,0,117.983,65.889,0.0,0.0,0.0,0.0,0.2,2.0,1.0,0.05,1,0.0,0.2,0.0
262,2026-04-24T08:42:50.539Z,S20260424_094231,SC01,AUTO,,18.6116,0.0536,start,0,1500,VIDE,0.0,0.0,0.0,0.0,-0.698132,-0.0,1,0,117.983,65.889,0.0,0.0,0.0,0.0,0.2,2.0,1.0,0.05,1,0.0,0.2,0.0
263,2026-04-24T08:42:50.606Z,S20260424_094231,SC01,AUTO,,18.6787,0.0669,start,0,1500,VIDE,0.0,0.0,0.0,0.0,-0.698132,-0.0,1,0,117.983,65.889,0.0,0.0,0.0,0.0,0.2,2.0,1.0,0.05,1,0.0,0.2,0.0
264,2026-04-24T08:42:50.664Z,S20260424_094231,SC01,AUTO,,18.7367,0.0582,start,0,1500,VIDE,0.0,0.0,0.0,0.0,-0.698132,-0.0,1,0,117.983,65.889,0.0,0.0,0.0,0.0,0.2,2.0,1.0,0.05,1,0.0,0.2,0.0
265,2026-04-24T08:42:50.727Z,S20260424_094231,SC01,AUTO,,18.7997,0.0629,start,0,1500,VIDE,0.0,0.0,0.0,0.0,-0.698132,-0.0,1,0,117.983,65.889,0.0,0.0,0.0,0.0,0.2,2.0,1.0,0.05,1,0.0,0.2,0.0
266,2026-04-24T08:42:50.789Z,S20260424_094231,SC01,AUTO,,18.8615,0.0619,start,0,1500,VIDE,0.0,0.0,0.0,0.0,-0.698132,-0.0,1,0,117.983,65.889,0.0,0.0,0.0,0.0,0.2,2.0,1.0,0.05,1,0.0,0.2,0.0
267,2026-04-24T08:42:50.852Z,S20260424_094231,SC01,AUTO,,18.9248,0.0633,start,0,1500,VIDE,0.0,0.0,0.0,0.0,-0.698132,-0.0,1,0,117.983,65.889,0.0,0.0,0.0,0.0,0.2,2.0,1.0,0.05,1,0.0,0.2,0.0
268,2026-04-24T08:42:50.915Z,S20260424_094231,SC01,AUTO,,18.9877,0.0628,start,0,1500,VIDE,0.0,0.0,0.0,0.0,-0.698132,-0.0,1,0,117.983,65.889,0.0,0.0,0.0,0.0,0.2,2.0,1.0,0.05,1,0.0,0.2,0.0
269,2026-04-24T08:42:50.985Z,S20260424_094231,SC01,AUTO,,19.0572,0.0696,start,0,1500,VIDE,0.0,0.0,0.0,0.0,-0.698132,-0.0,1,0,117.983,65.889,0.0,0.0,0.0,0.0,0.2,2.0,1.0,0.05,1,0.0,0.2,0.0
270,2026-04-24T08:42:51.040Z,S20260424_094231,SC01,AUTO,,19.1121,0.0549,start,0,1500,VIDE,0.0,0.0,0.0,0.0,-0.698132,-0.0,1,0,117.983,65.889,0.0,0.0,0.0,0.0,0.2,2.0,1.0,0.05,1,0.0,0.2,0.0
271,2026-04-24T08:42:51.103Z,S20260424_094231,SC01,AUTO,,19.1753,0.0631,start,0,1500,VIDE,0.0,0.0,0.0,0.0,-0.698132,0.0,1,0,19125.92,19007.937,0.0,0.0,0.0,0.0,0.2,2.0,1.0,0.05,1,0.0,0.2,0.0
272,2026-04-24T08:42:51.167Z,S20260424_094231,SC01,AUTO,,19.239,0.0638,start,0,1500,VIDE,0.0,0.0,0.0,0.0,-0.698132,0.0,1,0,5353.805,19.297,0.0,0.0,0.0,0.0,0.2,2.0,1.0,0.05,1,0.0,0.2,0.0
273,2026-04-24T08:42:51.228Z,S20260424_094231,SC01,AUTO,,19.3003,0.0612,start,0,1500,VIDE,0.0,0.0,0.0,0.0,-0.698132,0.0,1,0,5357.239,9.162,0.0,0.0,0.0,0.0,0.2,2.0,1.0,0.05,1,0.0,0.2,0.0
274,2026-04-24T08:42:51.289Z,S20260424_094231,SC01,AUTO,,19.3615,0.0612,start,0,1500,VIDE,0.0,0.0,0.0,0.0,-0.698132,0.0,1,0,5295.176,18.783,0.0,0.0,0.0,0.0,0.2,2.0,1.0,0.05,1,0.0,0.2,0.0
275,2026-04-24T08:42:51.351Z,S20260424_094231,SC01,AUTO,,19.4236,0.0622,start,0,1500,VIDE,0.0,0.0,0.0,0.0,-0.698132,0.0,1,0,5244.13,21.753,0.0,0.0,0.0,0.0,0.2,2.0,1.0,0.05,1,0.0,0.2,0.0
276,2026-04-24T08:42:51.413Z,S20260424_094231,SC01,AUTO,,19.4859,0.0623,start,0,1500,VIDE,0.0,0.0,0.0,0.0,-0.698132,0.0,1,0,5195.273,20.24,0.0,0.0,0.0,0.0,0.2,2.0,1.0,0.05,1,0.0,0.2,0.0
277,2026-04-24T08:42:51.477Z,S20260424_094231,SC01,AUTO,,19.5499,0.064,start,0,1500,VIDE,0.0,0.0,0.0,0.0,-0.698132,0.0,1,0,5140.522,19.567,0.0,0.0,0.0,0.0,0.2,2.0,1.0,0.05,1,0.0,0.2,0.0
278,2026-04-24T08:42:51.540Z,S20260424_094231,SC01,AUTO,,19.6125,0.0626,start,0,1500,VIDE,0.0,0.0,0.0,0.0,-0.698132,0.0,1,0,5089.568,20.204,0.0,0.0,0.0,0.0,0.2,2.0,1.0,0.05,1,0.0,0.2,0.0
279,2026-04-24T08:42:51.602Z,S20260424_094231,SC01,AUTO,,19.675,0.0624,start,0,1500,VIDE,0.0,0.0,0.0,0.0,-0.698132,-0.0,1,0,5065.163,19.534,0.0,0.0,0.0,0.0,0.2,2.0,1.0,0.05,1,0.0,0.2,0.0
280,2026-04-24T08:42:51.665Z,S20260424_094231,SC01,AUTO,,19.7372,0.0622,start,0,1500,VIDE,0.0,0.0,0.0,0.0,-0.698132,-0.0,1,0,5011.237,20.056,0.0,0.0,0.0,0.0,0.2,2.0,1.0,0.05,1,0.0,0.2,0.0
281,2026-04-24T08:42:51.727Z,S20260424_094231,SC01,AUTO,,19.7992,0.062,start,0,1500,VIDE,0.0,0.0,0.0,0.0,-0.698132,-0.0,1,0,4959.083,19.17,0.0,0.0,0.0,0.0,0.2,2.0,1.0,0.05,1,0.0,0.2,0.0
282,2026-04-24T08:42:51.790Z,S20260424_094231,SC01,AUTO,,19.8622,0.063,start,0,1500,VIDE,0.0,0.0,0.0,0.0,-0.698132,-0.0,1,0,4909.255,19.282,0.0,0.0,0.0,0.0,0.2,2.0,1.0,0.05,1,0.0,0.2,0.0
283,2026-04-24T08:42:51.852Z,S20260424_094231,SC01,AUTO,,19.924,0.0618,start,0,1500,VIDE,0.0,0.0,0.0,0.0,-0.698132,-0.0,1,0,4850.912,16.605,0.0,0.0,0.0,0.0,0.2,2.0,1.0,0.05,1,0.0,0.2,0.0
284,2026-04-24T08:42:51.914Z,S20260424_094231,SC01,AUTO,,19.9868,0.0628,start,0,1500,VIDE,0.0,0.0,0.0,0.0,-0.698132,-0.0,1,0,4795.202,18.888,0.0,0.0,0.0,0.0,0.2,2.0,1.0,0.05,1,0.0,0.2,0.0
285,2026-04-24T08:42:51.984Z,S20260424_094231,SC01,AUTO,,20.0569,0.0701,start,0,1500,VIDE,0.0,0.0,0.0,0.0,-0.698132,-0.0,1,0,4745.422,19.682,0.0,0.0,0.0,0.0,0.2,2.0,1.0,0.05,1,0.0,0.2,0.0
286,2026-04-24T08:42:52.048Z,S20260424_094231,SC01,AUTO,,20.1204,0.0635,start,0,1500,VIDE,0.0,0.0,0.0,0.0,-0.698132,-0.0,1,0,4693.566,19.455,0.0,0.0,0.0,0.0,0.2,2.0,1.0,0.05,1,0.0,0.2,0.0
287,2026-04-24T08:42:52.102Z,S20260424_094231,SC01,AUTO,,20.1748,0.0544,start,0,1500,VIDE,0.0,0.0,0.0,0.0,-0.698132,-0.0,1,0,4674.21,10.909,0.0,0.0,0.0,0.0,0.2,2.0,1.0,0.05,1,0.0,0.2,0.0
288,2026-04-24T08:42:52.166Z,S20260424_094231,SC01,AUTO,0.0013,20.2388,0.064,start,1,1500,VIDE,0.0,0.0,0.0,0.0,-0.698132,0.0,1,0,4607.459,19.318,0.0,0.0,0.0,0.0,0.2,2.0,1.0,0.05,1,0.0,0.2,0.0
289,2026-04-24T08:42:52.229Z,S20260424_094231,SC01,AUTO,0.0637,20.3012,0.0624,start,1,1500,VIDE,0.0,0.0,0.0,0.0,-0.698132,0.0,1,0,4558.936,20.07,0.0,0.0,0.0,0.0,0.2,2.0,1.0,0.05,1,0.0,0.2,0.0
290,2026-04-24T08:42:52.289Z,S20260424_094231,SC01,AUTO,0.124,20.3615,0.0602,start,1,1500,VIDE,0.0,0.0,0.0,0.0,-0.698132,0.0,1,0,4509.725,19.819,0.0,0.0,0.0,0.0,0.2,2.0,1.0,0.05,1,0.0,0.2,0.0
291,2026-04-24T08:42:52.354Z,S20260424_094231,SC01,AUTO,0.1887,20.4262,0.0647,start,1,1500,VIDE,0.0,0.0,0.0,0.0,-0.698132,-0.0,1,0,4500.397,20.084,0.0,0.0,0.0,0.0,0.2,2.0,1.0,0.05,1,0.0,0.2,0.0
292,2026-04-24T08:42:52.419Z,S20260424_094231,SC01,AUTO,0.2545,20.4919,0.0658,start,1,1500,VIDE,0.0,0.0,0.0,0.0,-0.698132,-0.0,1,0,3114.456,1349.304,0.0,0.0,0.0,0.0,0.2,2.0,1.0,0.05,1,0.0,0.2,0.0
293,2026-04-24T08:42:52.485Z,S20260424_094231,SC01,AUTO,0.3202,20.5577,0.0658,start,1,1500,VIDE,0.0,0.0,0.0,0.0,-0.698132,-0.0,1,0,3073.519,19.149,0.0,0.0,0.0,0.0,0.2,2.0,1.0,0.05,1,0.0,0.2,0.0
294,2026-04-24T08:42:52.549Z,S20260424_094231,SC01,AUTO,0.3836,20.6211,0.0633,start,1,1500,VIDE,0.0,0.0,0.0,0.0,-0.698132,-0.0,1,0,3020.671,20.02,0.0,0.0,0.0,0.0,0.2,2.0,1.0,0.05,1,0.0,0.2,0.0
295,2026-04-24T08:42:52.603Z,S20260424_094231,SC01,AUTO,0.4377,20.6752,0.0542,start,1,1500,VIDE,0.0,0.0,0.0,0.0,-0.698132,-0.0,1,0,2970.513,18.825,0.0,0.0,0.0,0.0,0.2,2.0,1.0,0.05,1,0.0,0.2,0.0
296,2026-04-24T08:42:52.668Z,S20260424_094231,SC01,AUTO,0.5031,20.7406,0.0654,start,1,1500,VIDE,0.0,0.0,0.0,0.0,-0.698132,-0.0,1,0,2915.125,18.656,0.0,0.0,0.0,0.0,0.2,2.0,1.0,0.05,1,0.0,0.2,0.0
297,2026-04-24T08:42:52.729Z,S20260424_094231,SC01,AUTO,0.5641,20.8016,0.061,start,1,1500,VIDE,0.0,0.0,0.0,0.0,-0.698132,0.0,1,0,2889.228,18.675,0.0,0.0,0.0,0.0,0.2,2.0,1.0,0.05,1,0.0,0.2,0.0
298,2026-04-24T08:42:52.789Z,S20260424_094231,SC01,AUTO,0.6239,20.8614,0.0598,start,1,1500,VIDE,0.0,0.0,0.0,0.0,-0.698132,0.0,1,0,2840.249,23.853,0.0,0.0,0.0,0.0,0.2,2.0,1.0,0.05,1,0.0,0.2,0.0
299,2026-04-24T08:42:52.853Z,S20260424_094231,SC01,AUTO,0.6882,20.9257,0.0642,start,1,1500,VIDE,0.0,0.0,0.0,0.0,-0.698132,0.0,1,0,2803.509,18.727,0.0,0.0,0.0,0.0,0.2,2.0,1.0,0.05,1,0.0,0.2,0.0
300,2026-04-24T08:42:52.915Z,S20260424_094231,SC01,AUTO,0.7502,20.9877,0.062,start,1,1500,VIDE,0.0,0.0,0.0,0.0,-0.698132,-0.0,1,0,2779.199,26.514,0.0,0.0,0.0,0.0,0.2,2.0,1.0,0.05,1,0.0,0.2,0.0
301,2026-04-24T08:42:52.981Z,S20260424_094231,SC01,AUTO,0.8159,21.0534,0.0657,start,1,1500,VIDE,0.0,0.0,0.0,0.0,-0.698132,-0.0,1,0,2745.466,19.664,0.0,0.0,0.0,0.0,0.2,2.0,1.0,0.05,1,0.0,0.2,0.0
302,2026-04-24T08:42:53.041Z,S20260424_094231,SC01,AUTO,0.8764,21.1139,0.0605,start,1,1500,VIDE,0.0,0.0,0.0,0.0,-0.698132,0.0,1,0,2721.51,22.056,0.0,0.0,0.0,0.0,0.2,2.0,1.0,0.05,1,0.0,0.2,0.0
303,2026-04-24T08:42:53.109Z,S20260424_094231,SC01,AUTO,0.9442,21.1816,0.0678,start,1,1500,VIDE,0.0,0.0,0.0,0.0,-0.698132,0.0,1,0,2675.1,18.904,0.0,0.0,0.0,0.0,0.2,2.0,1.0,0.05,1,0.0,0.2,0.0
304,2026-04-24T08:42:53.168Z,S20260424_094231,SC01,AUTO,1.0028,21.2403,0.0587,start,1,1500,VIDE,0.0,0.0,0.0,0.0,-0.698132,0.0,1,0,2626.825,21.539,0.0,0.0,0.0,0.0,0.2,2.0,1.0,0.05,1,0.0,0.2,0.0
305,2026-04-24T08:42:53.228Z,S20260424_094231,SC01,AUTO,1.063,21.3005,0.0602,start,1,1500,VIDE,0.0,0.0,0.0,0.0,-0.698132,0.0,1,0,2579.727,19.577,0.0,0.0,0.0,0.0,0.2,2.0,1.0,0.05,1,0.0,0.2,0.0
306,2026-04-24T08:42:53.300Z,S20260424_094231,SC01,AUTO,1.1348,21.3723,0.0718,start,1,1500,VIDE,0.0,0.0,0.0,0.0,-0.698132,0.0,1,0,2529.536,19.584,0.0,0.0,0.0,0.0,0.2,2.0,1.0,0.05,1,0.0,0.2,0.0
307,2026-04-24T08:42:53.363Z,S20260424_094231,SC01,AUTO,1.1983,21.4358,0.0635,start,1,1500,VIDE,0.0,0.0,0.0,0.0,-0.698132,-0.0,1,0,2359.755,166.17,0.0,0.0,0.0,0.0,0.2,2.0,1.0,0.05,1,0.0,0.2,0.0
308,2026-04-24T08:42:53.418Z,S20260424_094231,SC01,AUTO,1.2534,21.4909,0.0551,start,1,1500,VIDE,0.0,0.0,0.0,0.0,-0.698132,-0.0,2,0,2140.357,20.138,0.0,0.0,0.0,0.0,0.2,2.0,1.0,0.05,1,0.0,0.2,0.0
309,2026-04-24T08:42:53.477Z,S20260424_094231,SC01,AUTO,1.3119,21.5494,0.0585,start,1,1500,VIDE,0.0,0.0,0.0,0.0,-0.698132,0.0,2,0,2115.663,19.152,0.0,0.0,0.0,0.0,0.2,2.0,1.0,0.05,1,0.0,0.2,0.0
310,2026-04-24T08:42:53.541Z,S20260424_094231,SC01,AUTO,1.3765,21.614,0.0645,start,1,1500,VIDE,0.0,0.0,0.0,0.0,-0.698132,0.0,2,0,2063.819,19.329,0.0,0.0,0.0,0.0,0.2,2.0,1.0,0.05,1,0.0,0.2,0.0
311,2026-04-24T08:42:53.605Z,S20260424_094231,SC01,AUTO,1.4402,21.6777,0.0637,start,1,1500,VIDE,0.0,0.0,0.0,0.0,-0.698132,0.0,2,0,2009.7,19.596,0.0,0.0,0.0,0.0,0.2,2.0,1.0,0.05,1,0.0,0.2,0.0
312,2026-04-24T08:42:53.669Z,S20260424_094231,SC01,AUTO,1.5037,21.7412,0.0635,start,1,1500,VIDE,0.0,0.0,0.0,0.0,-0.698132,0.0,2,0,1954.432,17.027,0.0,0.0,0.0,0.0,0.2,2.0,1.0,0.05,1,0.0,0.2,0.0
313,2026-04-24T08:42:53.728Z,S20260424_094231,SC01,AUTO,1.5629,21.8004,0.0591,start,1,1500,VIDE,0.0,0.0,0.0,0.0,-0.698132,0.0,2,0,1899.53,20.454,0.0,0.0,0.0,0.0,0.2,2.0,1.0,0.05,1,0.0,0.2,0.0
314,2026-04-24T08:42:53.789Z,S20260424_094231,SC01,AUTO,1.6235,21.861,0.0607,start,1,1500,VIDE,0.0,0.0,0.0,0.0,-0.698132,0.0,2,0,1846.807,19.197,0.0,0.0,0.0,0.0,0.2,2.0,1.0,0.05,1,0.0,0.2,0.0
315,2026-04-24T08:42:53.852Z,S20260424_094231,SC01,AUTO,1.6868,21.9243,0.0633,start,1,1500,VIDE,0.0,0.0,0.0,0.0,-0.698132,0.0,2,0,1791.251,19.341,0.0,0.0,0.0,0.0,0.2,2.0,1.0,0.05,1,0.0,0.2,0.0
316,2026-04-24T08:42:53.918Z,S20260424_094231,SC01,AUTO,1.7532,21.9907,0.0664,start,1,1500,VIDE,0.0,0.0,0.0,0.0,-0.698132,0.0,2,0,1729.213,25.619,0.0,0.0,0.0,0.0,0.2,2.0,1.0,0.05,1,0.0,0.2,0.0
317,2026-04-24T08:42:53.984Z,S20260424_094231,SC01,AUTO,1.8194,22.0569,0.0662,start,1,1500,VIDE,0.0,0.0,0.0,0.0,-0.698132,0.0,2,0,1681.692,19.105,0.0,0.0,0.0,0.0,0.2,2.0,1.0,0.05,1,0.0,0.2,0.0
318,2026-04-24T08:42:54.046Z,S20260424_094231,SC01,AUTO,1.8812,22.1186,0.0617,start,1,1500,VIDE,0.0,0.0,0.0,0.0,-0.698132,0.0,2,0,1628.591,19.144,0.0,0.0,0.0,0.0,0.2,2.0,1.0,0.05,1,0.0,0.2,0.0
319,2026-04-24T08:42:54.102Z,S20260424_094231,SC01,AUTO,1.9367,22.1742,0.0556,start,1,1500,VIDE,0.0,0.0,0.0,0.0,-0.698132,0.0,2,0,1570.281,19.043,0.0,0.0,0.0,0.0,0.2,2.0,1.0,0.05,1,0.0,0.2,0.0
320,2026-04-24T08:42:54.165Z,S20260424_094231,SC01,AUTO,1.9996,22.237,0.0628,start,1,1500,VIDE,0.0,0.0,0.0,0.0,-0.698132,-0.0,2,0,1536.331,18.511,0.0,0.0,0.0,0.0,0.2,2.0,1.0,0.05,1,0.0,0.2,0.0
321,2026-04-24T08:42:54.229Z,S20260424_094231,SC01,AUTO,2.0636,22.3011,0.064,start,1,1500,VIDE,0.0,0.0,0.0,0.0,-0.698132,-0.0,2,0,1499.235,8.628,0.0,0.0,0.0,0.0,0.2,2.0,1.0,0.05,1,0.0,0.2,0.0
322,2026-04-24T08:42:54.294Z,S20260424_094231,SC01,AUTO,2.1291,22.3666,0.0654,start,1,1500,VIDE,0.0,0.0,0.0,0.0,-0.698132,-0.0,2,0,1434.937,19.643,0.0,0.0,0.0,0.0,0.2,2.0,1.0,0.05,1,0.0,0.2,0.0
323,2026-04-24T08:42:54.352Z,S20260424_094231,SC01,AUTO,2.187,22.4245,0.0581,start,1,1500,VIDE,0.0,0.0,0.0,0.0,-0.698132,-0.0,2,0,1383.025,21.224,0.0,0.0,0.0,0.0,0.2,2.0,1.0,0.05,1,0.0,0.2,0.0
324,2026-04-24T08:42:54.419Z,S20260424_094231,SC01,AUTO,2.2543,22.4918,0.0673,start,1,1500,VIDE,0.0,0.0,0.0,0.0,-0.698132,-0.0,2,0,1335.866,18.784,0.0,0.0,0.0,0.0,0.2,2.0,1.0,0.05,1,0.0,0.2,0.0
325,2026-04-24T08:42:54.485Z,S20260424_094231,SC01,AUTO,2.3204,22.5578,0.0661,start,1,1500,VIDE,0.0,0.0,0.0,0.0,-0.698132,-0.0,2,0,1284.011,20.434,0.0,0.0,0.0,0.0,0.2,2.0,1.0,0.05,1,0.0,0.2,0.0
326,2026-04-24T08:42:54.548Z,S20260424_094231,SC01,AUTO,2.383,22.6205,0.0626,start,1,1500,VIDE,0.0,0.0,0.0,0.0,-0.698132,-0.0,2,0,1233.215,19.816,0.0,0.0,0.0,0.0,0.2,2.0,1.0,0.05,1,0.0,0.2,0.0
327,2026-04-24T08:42:54.602Z,S20260424_094231,SC01,AUTO,2.4371,22.6746,0.0541,start,1,1500,VIDE,0.0,0.0,0.0,0.0,-0.698132,-0.0,2,0,1211.052,20.881,0.0,0.0,0.0,0.0,0.2,2.0,1.0,0.05,1,0.0,0.2,0.0
328,2026-04-24T08:42:54.668Z,S20260424_094231,SC01,AUTO,2.5028,22.7403,0.0657,start,1,1500,VIDE,0.0,0.0,0.0,0.0,-0.698132,-0.0,2,0,1165.267,19.179,0.0,0.0,0.0,0.0,0.2,2.0,1.0,0.05,1,0.0,0.2,0.0
329,2026-04-24T08:42:54.728Z,S20260424_094231,SC01,AUTO,2.563,22.8005,0.0601,start,1,1500,VIDE,0.0,0.0,0.0,0.0,-0.698132,0.0,2,0,1115.694,22.367,0.0,0.0,0.0,0.0,0.2,2.0,1.0,0.05,1,0.0,0.2,0.0
330,2026-04-24T08:42:54.789Z,S20260424_094231,SC01,AUTO,2.6238,22.8613,0.0608,start,1,1500,VIDE,0.0,0.0,0.0,0.0,-0.698132,-0.0,2,0,1090.3,21.479,0.0,0.0,0.0,0.0,0.2,2.0,1.0,0.05,1,0.0,0.2,0.0
331,2026-04-24T08:42:54.852Z,S20260424_094231,SC01,AUTO,2.6872,22.9247,0.0635,start,1,1500,VIDE,0.0,0.0,0.0,0.0,-0.698132,-0.0,2,0,1039.018,19.807,0.0,0.0,0.0,0.0,0.2,2.0,1.0,0.05,1,0.0,0.2,0.0
332,2026-04-24T08:42:54.918Z,S20260424_094231,SC01,AUTO,2.7527,22.9902,0.0654,start,1,1500,VIDE,0.0,0.0,0.0,0.0,-0.698132,-0.0,2,0,988.586,19.607,0.0,0.0,0.0,0.0,0.2,2.0,1.0,0.05,1,0.0,0.2,0.0
333,2026-04-24T08:42:54.981Z,S20260424_094231,SC01,AUTO,2.8163,23.0538,0.0637,start,1,1500,VIDE,0.0,0.0,0.0,0.0,-0.698132,-0.0,2,0,940.661,20.15,0.0,0.0,0.0,0.0,0.2,2.0,1.0,0.05,1,0.0,0.2,0.0
334,2026-04-24T08:42:55.046Z,S20260424_094231,SC01,AUTO,2.8811,23.1186,0.0647,start,1,1500,VIDE,0.0,0.0,0.0,0.0,-0.698132,0.0,2,0,893.749,19.659,0.0,0.0,0.0,0.0,0.2,2.0,1.0,0.05,1,0.0,0.2,0.0
335,2026-04-24T08:42:55.103Z,S20260424_094231,SC01,AUTO,2.9379,23.1754,0.0568,start,1,1500,VIDE,0.0,0.0,0.0,0.0,-0.698132,-0.0,2,0,869.22,19.3,0.0,0.0,0.0,0.0,0.2,2.0,1.0,0.05,1,0.0,0.2,0.0
336,2026-04-24T08:42:55.168Z,S20260424_094231,SC01,AUTO,3.0031,23.2406,0.0653,start,1,1500,VIDE,0.0,0.0,0.0,0.0,-0.698132,-0.0,2,0,818.808,19.847,0.0,0.0,0.0,0.0,0.2,2.0,1.0,0.05,1,0.0,0.2,0.0
337,2026-04-24T08:42:55.228Z,S20260424_094231,SC01,AUTO,3.0632,23.3007,0.0601,start,1,1500,VIDE,0.0,0.0,0.0,0.0,-0.698132,0.0,2,0,767.964,18.649,0.0,0.0,0.0,0.0,0.2,2.0,1.0,0.05,1,0.0,0.2,0.0
338,2026-04-24T08:42:55.288Z,S20260424_094231,SC01,AUTO,3.1233,23.3608,0.06,start,1,1500,VIDE,0.0,0.0,0.0,0.0,-0.698132,0.0,2,0,713.451,18.992,0.0,0.0,0.0,0.0,0.2,2.0,1.0,0.05,1,0.0,0.2,0.0
339,2026-04-24T08:42:55.352Z,S20260424_094231,SC01,AUTO,3.1869,23.4244,0.0636,start,1,1500,VIDE,0.0,0.0,0.0,0.0,-0.698132,0.0,2,0,658.976,18.155,0.0,0.0,0.0,0.0,0.2,2.0,1.0,0.05,1,0.0,0.2,0.0
340,2026-04-24T08:42:55.417Z,S20260424_094231,SC01,AUTO,3.2522,23.4897,0.0653,start,1,1500,VIDE,0.0,0.0,0.0,0.0,-0.698132,0.0,2,0,604.182,18.93,0.0,0.0,0.0,0.0,0.2,2.0,1.0,0.05,1,0.0,0.2,0.0
341,2026-04-24T08:42:55.477Z,S20260424_094231,SC01,AUTO,3.3121,23.5496,0.0599,start,1,1500,VIDE,0.0,0.0,0.0,0.0,-0.698132,-0.0,2,0,576.615,19.726,0.0,0.0,0.0,0.0,0.2,2.0,1.0,0.05,1,0.0,0.2,0.0
342,2026-04-24T08:42:55.540Z,S20260424_094231,SC01,AUTO,3.3751,23.6126,0.063,start,1,1500,VIDE,0.0,0.0,0.0,0.0,-0.698132,-0.0,2,0,523.989,18.961,0.0,0.0,0.0,0.0,0.2,2.0,1.0,0.05,1,0.0,0.2,0.0
343,2026-04-24T08:42:55.603Z,S20260424_094231,SC01,AUTO,3.4381,23.6756,0.0629,start,1,1500,VIDE,0.0,0.0,0.0,0.0,-0.698132,-0.0,2,0,466.692,22.168,0.0,0.0,0.0,0.0,0.2,2.0,1.0,0.05,1,0.0,0.2,0.0
344,2026-04-24T08:42:55.666Z,S20260424_094231,SC01,AUTO,3.5011,23.7385,0.0629,start,1,1500,VIDE,0.0,0.0,0.0,0.0,-0.698132,-0.0,2,0,417.217,19.379,0.0,0.0,0.0,0.0,0.2,2.0,1.0,0.05,1,0.0,0.2,0.0
345,2026-04-24T08:42:55.727Z,S20260424_094231,SC01,AUTO,3.5617,23.7992,0.0608,start,1,1500,VIDE,0.0,0.0,0.0,0.0,-0.698132,-0.0,2,0,364.896,19.525,0.0,0.0,0.0,0.0,0.2,2.0,1.0,0.05,1,0.0,0.2,0.0
346,2026-04-24T08:42:55.788Z,S20260424_094231,SC01,AUTO,3.623,23.8605,0.0613,start,1,1500,VIDE,0.0,0.0,0.0,0.0,-0.698132,-0.0,2,0,308.296,20.125,0.0,0.0,0.0,0.0,0.2,2.0,1.0,0.05,1,0.0,0.2,0.0
347,2026-04-24T08:42:55.852Z,S20260424_094231,SC01,AUTO,3.6872,23.9247,0.0641,start,1,1500,VIDE,0.0,0.0,0.0,0.0,-0.698132,-0.0,2,0,254.852,19.454,0.0,0.0,0.0,0.0,0.2,2.0,1.0,0.05,1,0.0,0.2,0.0
348,2026-04-24T08:42:55.914Z,S20260424_094231,SC01,AUTO,3.7487,23.9861,0.0615,start,1,1500,VIDE,0.0,0.0,0.0,0.0,-0.698132,-0.0,2,0,200.703,19.554,0.0,0.0,0.0,0.0,0.2,2.0,1.0,0.05,1,0.0,0.2,0.0
349,2026-04-24T08:42:55.977Z,S20260424_094231,SC01,AUTO,3.8125,24.0499,0.0637,start,1,1500,VIDE,0.0,0.0,0.0,0.0,-0.698132,-0.0,2,0,146.375,19.1,0.0,0.0,0.0,0.0,0.2,2.0,1.0,0.05,1,0.0,0.2,0.0
350,2026-04-24T08:42:56.039Z,S20260424_094231,SC01,AUTO,3.8743,24.1118,0.062,start,1,1500,VIDE,0.0,0.0,0.0,0.0,-0.698132,0.0,2,0,120.067,19.353,0.0,0.0,0.0,0.0,0.2,2.0,1.0,0.05,1,0.0,0.2,0.0
351,2026-04-24T08:42:56.102Z,S20260424_094231,SC01,AUTO,3.9367,24.1742,0.0623,start,1,1500,VIDE,0.0,0.0,0.0,0.0,-0.698132,0.0,1,0,80.229,19.956,0.0,0.0,0.0,0.0,0.2,2.0,1.0,0.05,1,0.0,0.2,0.0
352,2026-04-24T08:42:56.166Z,S20260424_094231,SC01,AUTO,4.0015,24.2389,0.0647,start,1,1500,VIDE,0.0,0.0,0.0,0.0,-0.698132,0.0,1,0,21.826,19.074,0.0,0.0,0.0,0.0,0.2,2.0,1.0,0.05,1,0.0,0.2,0.0
353,2026-04-24T08:42:56.228Z,S20260424_094231,SC01,AUTO,4.0635,24.301,0.0621,start,1,1500,VIDE,0.0,0.0,0.0,0.0,-0.698132,0.0,1,0,25.82,15.502,0.0,0.0,0.0,0.0,0.2,2.0,1.0,0.05,1,0.0,0.2,0.0
354,2026-04-24T08:42:56.293Z,S20260424_094231,SC01,AUTO,4.1283,24.3658,0.0648,start,1,1500,VIDE,0.0,0.0,0.0,0.0,-0.698132,0.0,1,0,30.944,19.15,0.0,0.0,0.0,0.0,0.2,2.0,1.0,0.05,1,0.0,0.2,0.0
355,2026-04-24T08:42:56.352Z,S20260424_094231,SC01,AUTO,4.1872,24.4247,0.0589,start,1,1500,VIDE,0.0,0.0,0.0,0.0,-0.698132,0.0,1,0,16.714,18.888,0.0,0.0,0.0,0.0,0.2,2.0,1.0,0.05,1,0.0,0.2,0.0
356,2026-04-24T08:42:56.419Z,S20260424_094231,SC01,AUTO,4.2542,24.4916,0.0669,start,1,1500,VIDE,0.0,0.0,0.0,0.0,-0.698132,0.0,1,0,21.198,19.59,0.0,0.0,0.0,0.0,0.2,2.0,1.0,0.05,1,0.0,0.2,0.0
357,2026-04-24T08:42:56.483Z,S20260424_094231,SC01,AUTO,4.3185,24.5559,0.0643,start,1,1500,VIDE,0.0,0.0,0.0,0.0,-0.698132,0.0,1,0,25.16,18.835,0.0,0.0,0.0,0.0,0.2,2.0,1.0,0.05,1,0.0,0.2,0.0
358,2026-04-24T08:42:56.549Z,S20260424_094231,SC01,AUTO,4.384,24.6214,0.0655,start,1,1500,VIDE,0.0,0.0,0.0,0.0,-0.698132,0.0,1,0,31.742,18.536,0.0,0.0,0.0,0.0,0.2,2.0,1.0,0.05,1,0.0,0.2,0.0
359,2026-04-24T08:42:56.604Z,S20260424_094231,SC01,AUTO,4.4392,24.6767,0.0553,start,1,1500,VIDE,0.0,0.0,0.0,0.0,-0.698132,-0.0,1,0,26.36,19.632,0.0,0.0,0.0,0.0,0.2,2.0,1.0,0.05,1,0.0,0.2,0.0
360,2026-04-24T08:42:56.668Z,S20260424_094231,SC01,AUTO,4.5035,24.741,0.0642,start,1,1500,VIDE,0.0,0.0,0.0,0.0,-0.698132,-0.0,1,0,16.08,17.569,0.0,0.0,0.0,0.0,0.2,2.0,1.0,0.05,1,0.0,0.2,0.0
361,2026-04-24T08:42:56.728Z,S20260424_094231,SC01,AUTO,4.5628,24.8003,0.0594,start,1,1500,VIDE,0.0,0.0,0.0,0.0,-0.698132,-0.0,1,0,24.319,19.563,0.0,0.0,0.0,0.0,0.2,2.0,1.0,0.05,1,0.0,0.2,0.0
362,2026-04-24T08:42:56.789Z,S20260424_094231,SC01,AUTO,4.6236,24.8611,0.0608,start,1,1500,VIDE,0.0,0.0,0.0,0.0,-0.698132,-0.0,1,0,13.395,19.105,0.0,0.0,0.0,0.0,0.2,2.0,1.0,0.05,1,0.0,0.2,0.0
363,2026-04-24T08:42:56.853Z,S20260424_094231,SC01,AUTO,4.6883,24.9258,0.0646,start,1,1500,VIDE,0.0,0.0,0.0,0.0,-0.698132,-0.0,1,0,17.14,19.32,0.0,0.0,0.0,0.0,0.2,2.0,1.0,0.05,1,0.0,0.2,0.0
364,2026-04-24T08:42:56.914Z,S20260424_094231,SC01,AUTO,4.7493,24.9868,0.0611,start,1,1500,VIDE,0.0,0.0,0.0,0.0,-0.698132,-0.0,1,0,21.521,18.837,0.0,0.0,0.0,0.0,0.2,2.0,1.0,0.05,1,0.0,0.2,0.0
365,2026-04-24T08:42:56.981Z,S20260424_094231,SC01,AUTO,4.8164,25.0539,0.067,start,1,1500,VIDE,0.0,0.0,0.0,0.0,-0.698132,-0.0,1,0,26.322,19.515,0.0,0.0,0.0,0.0,0.2,2.0,1.0,0.05,1,0.0,0.2,0.0
366,2026-04-24T08:42:57.045Z,S20260424_094231,SC01,AUTO,4.8799,25.1174,0.0636,start,1,1500,VIDE,0.0,0.0,0.0,0.0,-0.698132,-0.0,1,0,11.952,20.013,0.0,0.0,0.0,0.0,0.2,2.0,1.0,0.05,1,0.0,0.2,0.0
367,2026-04-24T08:42:57.102Z,S20260424_094231,SC01,AUTO,4.9372,25.1747,0.0573,start,1,1500,VIDE,0.0,0.0,0.0,0.0,-0.698132,0.0,1,0,22.673,21.81,0.0,0.0,0.0,0.0,0.2,2.0,1.0,0.05,1,0.0,0.2,0.0
368,2026-04-24T08:42:57.168Z,S20260424_094231,SC01,AUTO,5.0031,25.2406,0.0659,accel_1,1,1500,VIDE,0.0,0.12,0.0,0.0,-0.698132,0.0,1,0,31.229,20.093,0.0,0.12,0.0,0.0,1.3,2.0,1.0,0.05,1,0.0,1.3,0.0
369,2026-04-24T08:42:57.229Z,S20260424_094231,SC01,AUTO,5.0643,25.3017,0.0611,accel_1,1,1500,VIDE,0.0,0.12,0.0,0.000715,-0.698132,0.0,1,0,21.384,19.478,0.0,0.12,0.0,0.0,1.3,2.0,1.0,0.05,1,0.00072,1.29928,0.0
370,2026-04-24T08:42:57.298Z,S20260424_094231,SC01,AUTO,5.133,25.3705,0.0688,accel_1,1,1500,VIDE,0.0,0.12,0.0,0.005547,-0.698132,0.0,1,0,26.905,18.765,0.0,0.12,0.0,0.0,1.3,2.0,1.0,0.05,1,0.00555,1.29445,0.0
371,2026-04-24T08:42:57.360Z,S20260424_094231,SC01,AUTO,5.1947,25.4322,0.0617,accel_1,1,1500,VIDE,0.0,0.12,0.0,0.01332,-0.698132,0.0,1,0,13.932,20.132,0.0,0.12,0.0,0.0,1.3,2.0,1.0,0.05,1,0.01332,1.28668,0.0
372,2026-04-24T08:42:57.413Z,S20260424_094231,SC01,AUTO,5.2483,25.4858,0.0537,accel_1,1,1500,VIDE,0.0,0.12,0.0,0.022835,-0.698132,0.0,1,0,20.02,19.322,0.0,0.12,0.0,0.0,1.3,2.0,1.0,0.05,1,0.02283,1.27717,0.0
373,2026-04-24T08:42:57.477Z,S20260424_094231,SC01,AUTO,5.3117,25.5492,0.0634,accel_1,1,1500,VIDE,0.0,0.12,0.0,0.03356,-0.698132,-0.0,1,0,25.186,19.56,0.0,0.12,0.0,0.0,1.3,2.0,1.0,0.05,1,0.03356,1.26644,0.0
374,2026-04-24T08:42:57.541Z,S20260424_094231,SC01,AUTO,5.3756,25.6131,0.0639,accel_1,1,1500,VIDE,0.0,0.12,0.0,0.041298,-0.698132,-0.0,1,0,32.209,11.752,0.0,0.12,0.0,0.0,1.3,2.0,1.0,0.05,1,0.0413,1.2587,0.0
375,2026-04-24T08:42:57.601Z,S20260424_094231,SC01,AUTO,5.4365,25.674,0.0608,accel_1,1,1500,VIDE,0.0,0.12,0.0,0.051608,-0.698132,0.0,1,0,26.963,20.097,0.0,0.12,0.0,0.0,1.3,2.0,1.0,0.05,1,0.05161,1.24839,0.0
376,2026-04-24T08:42:57.668Z,S20260424_094231,SC01,AUTO,5.5035,25.741,0.067,accel_1,1,1500,VIDE,0.0,0.12,0.0,0.06488,-0.698132,0.0,1,0,13.613,18.304,0.0,0.12,0.0,0.0,1.3,2.0,1.0,0.05,1,0.06488,1.23512,0.0
377,2026-04-24T08:42:57.729Z,S20260424_094231,SC01,AUTO,5.5637,25.8012,0.0603,accel_1,1,1500,VIDE,0.0,0.12,0.0,0.079052,-0.698132,0.0,1,0,18.876,19.532,0.0,0.12,0.0,0.0,1.3,2.0,1.0,0.05,1,0.07905,1.22095,0.0
378,2026-04-24T08:42:57.789Z,S20260424_094231,SC01,AUTO,5.6237,25.8612,0.06,accel_1,1,1500,VIDE,0.0,0.12,0.0,0.094005,-0.698132,0.0,1,0,24.051,19.736,0.0,0.12,0.0,0.0,1.3,2.0,1.0,0.05,1,0.094,1.206,0.0
379,2026-04-24T08:42:57.852Z,S20260424_094231,SC01,AUTO,5.6873,25.9248,0.0636,accel_1,1,1500,VIDE,0.0,0.12,0.0,0.109608,-0.698132,-0.0,1,0,31.543,18.815,0.0,0.12,0.0,0.0,1.3,2.0,1.0,0.05,1,0.10961,1.19039,0.0
380,2026-04-24T08:42:57.917Z,S20260424_094231,SC01,AUTO,5.7515,25.989,0.0642,accel_1,1,1500,VIDE,0.0,0.12,0.0,0.125738,-0.698132,0.0,1,0,17.436,18.979,0.0,0.12,0.0,0.0,1.3,2.0,1.0,0.05,1,0.12574,1.17426,0.0
381,2026-04-24T08:42:57.984Z,S20260424_094231,SC01,AUTO,5.8185,26.056,0.067,accel_1,1,1500,VIDE,0.0,0.12,0.0,0.142288,-0.698132,0.0,1,0,21.603,19.187,0.0,0.12,0.0,0.0,1.3,2.0,1.0,0.05,1,0.14229,1.15771,0.0
382,2026-04-24T08:42:58.047Z,S20260424_094231,SC01,AUTO,5.882,26.1195,0.0634,accel_1,1,1500,VIDE,0.0,0.12,0.0,0.15917,-0.698132,0.0,1,0,23.389,18.759,0.0,0.12,0.0,0.0,1.3,2.0,1.0,0.05,1,0.15917,1.14083,0.0
383,2026-04-24T08:42:58.101Z,S20260424_094231,SC01,AUTO,5.9362,26.1737,0.0542,accel_1,1,1500,VIDE,0.0,0.12,0.0,0.176315,-0.698132,0.0,1,0,26.211,18.967,0.0,0.12,0.0,0.0,1.3,2.0,1.0,0.05,1,0.17631,1.12369,0.0
384,2026-04-24T08:42:58.165Z,S20260424_094231,SC01,AUTO,6.0,26.2375,0.0638,accel_1,1,1500,VIDE,0.0,0.12,0.0,0.193665,-0.698132,-0.0,1,0,30.889,19.415,0.0,0.12,0.0,0.0,1.3,2.0,1.0,0.05,1,0.19366,1.10634,0.0
385,2026-04-24T08:42:58.229Z,S20260424_094231,SC01,AUTO,6.0635,26.301,0.0635,accel_1,1,1500,VIDE,0.0,0.12,0.0,0.211176,-0.698132,0.0,1,0,16.394,19.32,0.0,0.12,0.0,0.0,1.3,2.0,1.0,0.05,1,0.21118,1.08882,0.0
386,2026-04-24T08:42:58.293Z,S20260424_094231,SC01,AUTO,6.1281,26.3656,0.0646,accel_1,1,1500,VIDE,0.0,0.12,0.0,0.228813,-0.698132,-0.0,1,0,22.226,19.566,0.0,0.12,0.0,0.0,1.3,2.0,1.0,0.05,1,0.22881,1.07119,0.0
387,2026-04-24T08:42:58.354Z,S20260424_094231,SC01,AUTO,6.1887,26.4262,0.0605,accel_1,1,1500,VIDE,0.0,0.12,0.0,0.237671,-0.698132,0.0,1,0,15.589,18.915,0.0,0.12,0.0,0.0,1.3,2.0,1.0,0.05,1,0.23767,1.06233,0.0
388,2026-04-24T08:42:58.419Z,S20260424_094231,SC01,AUTO,6.2538,26.4913,0.0651,accel_1,1,1500,VIDE,0.0,0.12,0.0,0.258419,-0.698132,0.0,1,0,30.137,9.912,0.0,0.12,0.0,0.0,1.3,2.0,1.0,0.05,1,0.25842,1.04158,0.0
389,2026-04-24T08:42:58.485Z,S20260424_094231,SC01,AUTO,6.3201,26.5576,0.0663,accel_1,1,1500,VIDE,0.0,0.12,0.0,0.282239,-0.698132,-0.0,1,0,14.685,19.593,0.0,0.12,0.0,0.0,1.3,2.0,1.0,0.05,1,0.28224,1.01776,0.0
390,2026-04-24T08:42:58.548Z,S20260424_094231,SC01,AUTO,6.3835,26.621,0.0634,accel_1,1,1500,VIDE,0.0,0.12,0.0,0.300162,-0.698132,0.0,1,0,20.093,18.578,0.0,0.12,0.0,0.0,1.3,2.0,1.0,0.05,1,0.30016,0.99984,0.0
391,2026-04-24T08:42:58.608Z,S20260424_094231,SC01,AUTO,6.4434,26.6809,0.0599,accel_1,1,1500,VIDE,0.0,0.12,0.0,0.309138,-0.698132,0.0,1,0,28.752,21.474,0.0,0.12,0.0,0.0,1.3,2.0,1.0,0.05,1,0.30914,0.99086,0.0
392,2026-04-24T08:42:58.668Z,S20260424_094231,SC01,AUTO,6.5028,26.7403,0.0594,accel_1,1,1500,VIDE,0.0,0.12,0.0,0.327113,-0.698132,0.0,1,0,14.764,19.184,0.0,0.12,0.0,0.0,1.3,2.0,1.0,0.05,1,0.32711,0.97289,0.0
393,2026-04-24T08:42:58.726Z,S20260424_094231,SC01,AUTO,6.5609,26.7984,0.0581,accel_1,1,1500,VIDE,0.0,0.12,0.0,0.345114,-0.698132,-0.0,1,0,18.619,18.927,0.0,0.12,0.0,0.0,1.3,2.0,1.0,0.05,1,0.34511,0.95489,0.0
394,2026-04-24T08:42:58.789Z,S20260424_094231,SC01,AUTO,6.624,26.8614,0.0631,accel_1,1,1500,VIDE,0.0,0.12,0.0,0.363135,-0.698132,0.0,1,0,23.098,14.295,0.0,0.12,0.0,0.0,1.3,2.0,1.0,0.05,1,0.36313,0.93687,0.0
395,2026-04-24T08:42:58.852Z,S20260424_094231,SC01,AUTO,6.6868,26.9243,0.0628,accel_1,1,1500,VIDE,0.0,0.12,0.0,0.381171,-0.698132,-0.0,1,0,28.592,19.204,0.0,0.12,0.0,0.0,1.3,2.0,1.0,0.05,1,0.38117,0.91883,0.0
396,2026-04-24T08:42:58.917Z,S20260424_094231,SC01,AUTO,6.7519,26.9893,0.065,accel_1,1,1500,VIDE,0.0,0.12,0.0,0.39922,-0.698132,0.0,1,0,13.008,18.994,0.0,0.12,0.0,0.0,1.3,2.0,1.0,0.05,1,0.39922,0.90078,0.0
397,2026-04-24T08:42:58.980Z,S20260424_094231,SC01,AUTO,6.8155,27.0529,0.0636,accel_1,1,1500,VIDE,0.0,0.12,0.0,0.417277,-0.698132,0.0,1,0,17.593,19.462,0.0,0.12,0.0,0.0,1.3,2.0,1.0,0.05,1,0.41728,0.88272,0.0
398,2026-04-24T08:42:59.046Z,S20260424_094231,SC01,AUTO,6.8811,27.1185,0.0656,accel_1,1,1500,VIDE,0.0,0.12,0.0,0.435342,-0.698132,-0.0,1,0,19.267,20.39,0.0,0.12,0.0,0.0,1.3,2.0,1.0,0.05,1,0.43534,0.86466,0.0
399,2026-04-24T08:42:59.103Z,S20260424_094231,SC01,AUTO,6.9375,27.175,0.0565,accel_1,1,1500,VIDE,0.0,0.12,0.0,0.453413,-0.698132,0.0,1,0,28.36,14.938,0.0,0.12,0.0,0.0,1.3,2.0,1.0,0.05,1,0.45341,0.84659,0.0
400,2026-04-24T08:42:59.168Z,S20260424_094231,SC01,AUTO,7.0029,27.2404,0.0654,accel_1,1,1500,VIDE,0.0,0.12,0.0,0.471487,-0.698132,-0.0,1,0,29.332,20.416,0.0,0.12,0.0,0.0,1.3,2.0,1.0,0.05,1,0.47149,0.82851,0.0
401,2026-04-24T08:42:59.229Z,S20260424_094231,SC01,AUTO,7.0638,27.3012,0.0609,accel_1,1,1500,VIDE,0.0,0.12,0.0,0.489565,-0.698132,0.0,1,0,15.683,19.075,0.0,0.12,0.0,0.0,1.3,2.0,1.0,0.05,1,0.48957,0.81043,0.0
402,2026-04-24T08:42:59.288Z,S20260424_094231,SC01,AUTO,7.1232,27.3607,0.0594,accel_1,1,1500,VIDE,0.0,0.12,0.0,0.501618,-0.698132,0.0,1,0,40.137,12.654,0.0,0.12,0.0,0.0,1.3,2.0,1.0,0.05,1,0.50162,0.79838,0.0
403,2026-04-24T08:42:59.352Z,S20260424_094231,SC01,AUTO,7.187,27.4245,0.0638,accel_1,1,1500,VIDE,0.0,0.12,0.0,0.516686,-0.698132,0.0,1,0,13.799,20.113,0.0,0.12,0.0,0.0,1.3,2.0,1.0,0.05,1,0.51669,0.78331,0.0
404,2026-04-24T08:42:59.420Z,S20260424_094231,SC01,AUTO,7.2549,27.4924,0.0678,accel_1,1,1500,VIDE,0.0,0.12,0.0,0.534768,-0.698132,0.0,1,0,20.188,18.67,0.0,0.12,0.0,0.0,1.3,2.0,1.0,0.05,1,0.53477,0.76523,0.0
405,2026-04-24T08:42:59.478Z,S20260424_094231,SC01,AUTO,7.3128,27.5503,0.0578,accel_1,1,1500,VIDE,0.0,0.12,0.0,0.552851,-0.698132,0.0,1,0,27.023,20.177,0.0,0.12,0.0,0.0,1.3,2.0,1.0,0.05,1,0.55285,0.74715,0.0
406,2026-04-24T08:42:59.540Z,S20260424_094231,SC01,AUTO,7.3754,27.6129,0.0628,accel_1,1,1500,VIDE,0.0,0.12,0.0,0.570935,-0.698132,0.0,1,0,14.94,19.374,0.0,0.12,0.0,0.0,1.3,2.0,1.0,0.05,1,0.57094,0.72906,0.0
407,2026-04-24T08:42:59.605Z,S20260424_094231,SC01,AUTO,7.4399,27.6774,0.0645,accel_1,1,1500,VIDE,0.0,0.12,0.0,0.58902,-0.698132,-0.0,1,0,19.263,19.613,0.0,0.12,0.0,0.0,1.3,2.0,1.0,0.05,1,0.58902,0.71098,0.0
408,2026-04-24T08:42:59.668Z,S20260424_094231,SC01,AUTO,7.5031,27.7406,0.0631,accel_1,1,1500,VIDE,0.0,0.12,0.0,0.607104,-0.698132,0.0,1,0,24.287,16.11,0.0,0.12,0.0,0.0,1.3,2.0,1.0,0.05,1,0.6071,0.6929,0.0
409,2026-04-24T08:42:59.729Z,S20260424_094231,SC01,AUTO,7.5637,27.8012,0.0606,accel_1,1,1500,VIDE,0.0,0.12,0.0,0.625188,-0.698132,0.0,1,0,28.536,18.639,0.0,0.12,0.0,0.0,1.3,2.0,1.0,0.05,1,0.62519,0.67481,0.0
410,2026-04-24T08:42:59.795Z,S20260424_094231,SC01,AUTO,7.6298,27.8673,0.0661,accel_1,1,1500,VIDE,0.0,0.12,0.0,0.643272,-0.698132,0.0,1,0,10.745,19.174,0.0,0.12,0.0,0.0,1.3,2.0,1.0,0.05,1,0.64327,0.65673,0.0
411,2026-04-24T08:42:59.852Z,S20260424_094231,SC01,AUTO,7.6867,27.9242,0.0569,accel_1,1,1500,VIDE,0.0,0.12,0.0,0.661356,-0.698132,-0.0,1,0,15.138,20.008,0.0,0.12,0.0,0.0,1.3,2.0,1.0,0.05,1,0.66136,0.63864,0.0
412,2026-04-24T08:42:59.919Z,S20260424_094231,SC01,AUTO,7.7542,27.9917,0.0675,accel_1,1,1500,VIDE,0.0,0.12,0.0,0.679439,-0.698132,-0.0,1,0,21.022,18.98,0.0,0.12,0.0,0.0,1.3,2.0,1.0,0.05,1,0.67944,0.62056,0.0
413,2026-04-24T08:42:59.983Z,S20260424_094231,SC01,AUTO,7.8183,28.0558,0.0642,accel_1,1,1500,VIDE,0.0,0.12,0.0,0.697522,-0.698132,-0.0,1,0,26.294,19.942,0.0,0.12,0.0,0.0,1.3,2.0,1.0,0.05,1,0.69752,0.60248,0.0
414,2026-04-24T08:43:00.046Z,S20260424_094231,SC01,AUTO,7.8812,28.1187,0.0628,accel_1,1,1500,VIDE,0.0,0.12,0.0,0.715604,-0.698132,-0.0,1,0,14.229,18.953,0.0,0.12,0.0,0.0,1.3,2.0,1.0,0.05,1,0.7156,0.5844,0.0
415,2026-04-24T08:43:00.102Z,S20260424_094231,SC01,AUTO,7.9365,28.174,0.0553,accel_1,1,1500,VIDE,0.0,0.12,0.0,0.724645,-0.698132,0.0,1,0,23.324,23.609,0.0,0.12,0.0,0.0,1.3,2.0,1.0,0.05,1,0.72464,0.57536,0.0
416,2026-04-24T08:43:00.166Z,S20260424_094231,SC01,AUTO,8.0011,28.2385,0.0646,accel_1,1,1500,VIDE,0.0,0.12,0.0,0.742726,-0.698132,0.0,1,0,31.809,20.136,0.0,0.12,0.0,0.0,1.3,2.0,1.0,0.05,1,0.74273,0.55727,0.0
417,2026-04-24T08:43:00.229Z,S20260424_094231,SC01,AUTO,8.0638,28.3013,0.0627,accel_1,1,1500,VIDE,0.0,0.12,0.0,0.760806,-0.698132,-0.0,1,0,31.655,23.705,0.0,0.12,0.0,0.0,1.3,2.0,1.0,0.05,1,0.76081,0.53919,0.0
418,2026-04-24T08:43:00.293Z,S20260424_094231,SC01,AUTO,8.1282,28.3657,0.0644,accel_1,1,1500,VIDE,0.0,0.12,0.0,0.778886,-0.698132,-0.0,1,0,25.122,19.274,0.0,0.12,0.0,0.0,1.3,2.0,1.0,0.05,1,0.77889,0.52111,0.0
419,2026-04-24T08:43:00.352Z,S20260424_094231,SC01,AUTO,8.1868,28.4243,0.0586,accel_1,1,1500,VIDE,0.0,0.12,0.0,0.796965,-0.698132,0.0,1,0,29.229,19.538,0.0,0.12,0.0,0.0,1.3,2.0,1.0,0.05,1,0.79697,0.50303,0.0
420,2026-04-24T08:43:00.419Z,S20260424_094231,SC01,AUTO,8.2539,28.4914,0.0671,accel_1,1,1500,VIDE,0.0,0.12,0.0,0.815044,-0.698132,-0.0,1,0,11.506,19.511,0.0,0.12,0.0,0.0,1.3,2.0,1.0,0.05,1,0.81504,0.48496,0.0
421,2026-04-24T08:43:00.480Z,S20260424_094231,SC01,AUTO,8.3153,28.5527,0.0614,accel_1,1,1500,VIDE,0.0,0.12,0.0,0.833121,-0.698132,-0.0,1,0,14.016,19.803,0.0,0.12,0.0,0.0,1.3,2.0,1.0,0.05,1,0.83312,0.46688,0.0
422,2026-04-24T08:43:00.544Z,S20260424_094231,SC01,AUTO,8.3785,28.616,0.0633,accel_1,1,1500,VIDE,0.0,0.12,0.0,0.851198,-0.698132,-0.0,1,0,20.047,19.817,0.0,0.12,0.0,0.0,1.3,2.0,1.0,0.05,1,0.8512,0.4488,0.0
423,2026-04-24T08:43:00.606Z,S20260424_094231,SC01,AUTO,8.4409,28.6784,0.0624,accel_1,1,1500,VIDE,0.0,0.12,0.0,0.869274,-0.698132,0.0,1,0,21.41,17.583,0.0,0.12,0.0,0.0,1.3,2.0,1.0,0.05,1,0.86927,0.43073,0.0
424,2026-04-24T08:43:00.668Z,S20260424_094231,SC01,AUTO,8.503,28.7405,0.0621,accel_1,1,1500,VIDE,0.0,0.12,0.0,0.887349,-0.698132,0.0,1,0,25.517,15.994,0.0,0.12,0.0,0.0,1.3,2.0,1.0,0.05,1,0.88735,0.41265,0.0
425,2026-04-24T08:43:00.728Z,S20260424_094231,SC01,AUTO,8.5632,28.8006,0.0601,accel_1,1,1500,VIDE,0.0,0.12,0.0,0.905423,-0.698132,0.0,1,0,29.384,18.221,0.0,0.12,0.0,0.0,1.3,2.0,1.0,0.05,1,0.90542,0.39458,0.0
426,2026-04-24T08:43:00.789Z,S20260424_094231,SC01,AUTO,8.6241,28.8616,0.061,accel_1,1,1500,VIDE,0.0,0.12,0.0,0.923497,-0.698132,-0.0,1,0,14.371,19.008,0.0,0.12,0.0,0.0,1.3,2.0,1.0,0.05,1,0.9235,0.3765,0.0
427,2026-04-24T08:43:00.852Z,S20260424_094231,SC01,AUTO,8.6867,28.9242,0.0626,accel_1,1,1500,VIDE,0.0,0.12,0.0,0.941569,-0.698132,0.0,1,0,14.729,20.154,0.0,0.12,0.0,0.0,1.3,2.0,1.0,0.05,1,0.94157,0.35843,0.0
428,2026-04-24T08:43:00.917Z,S20260424_094231,SC01,AUTO,8.7517,28.9892,0.065,accel_1,1,1500,VIDE,0.0,0.12,0.0,0.959641,-0.698132,0.0,1,0,20.425,19.76,0.0,0.12,0.0,0.0,1.3,2.0,1.0,0.05,1,0.95964,0.34036,0.0
429,2026-04-24T08:43:00.981Z,S20260424_094231,SC01,AUTO,8.8164,29.0539,0.0646,accel_1,1,1500,VIDE,0.0,0.12,0.0,0.977712,-0.698132,-0.0,1,0,22.545,21.579,0.0,0.12,0.0,0.0,1.3,2.0,1.0,0.05,1,0.97771,0.32229,0.0
430,2026-04-24T08:43:01.045Z,S20260424_094231,SC01,AUTO,8.8804,29.1179,0.064,accel_1,1,1500,VIDE,0.0,0.12,0.0,0.995782,-0.698132,0.0,1,0,32.054,19.703,0.0,0.12,0.0,0.0,1.3,2.0,1.0,0.05,1,0.99578,0.30422,0.0
431,2026-04-24T08:43:01.102Z,S20260424_094231,SC01,AUTO,8.9372,29.1747,0.0568,accel_1,1,1500,VIDE,0.0,0.12,0.0,1.004817,-0.698132,-0.0,1,0,22.433,22.943,0.0,0.12,0.0,0.0,1.3,2.0,1.0,0.05,1,1.00482,0.29518,0.0
432,2026-04-24T08:43:01.168Z,S20260424_094231,SC01,AUTO,9.003,29.2405,0.0658,accel_1,1,1500,VIDE,0.0,0.12,0.0,1.025897,-0.698132,-0.0,1,0,39.771,8.833,0.0,0.12,0.0,0.0,1.3,2.0,1.0,0.05,1,1.0259,0.2741,0.0
433,2026-04-24T08:43:01.229Z,S20260424_094231,SC01,AUTO,9.0642,29.3017,0.0612,accel_1,1,1500,VIDE,0.0,0.12,0.0,1.040953,-0.698132,0.0,1,0,12.462,19.377,0.0,0.12,0.0,0.0,1.3,2.0,1.0,0.05,1,1.04095,0.25905,0.0
434,2026-04-24T08:43:01.289Z,S20260424_094231,SC01,AUTO,9.1236,29.3611,0.0594,accel_1,1,1500,VIDE,0.0,0.12,0.0,1.05902,-0.698132,-0.0,1,0,15.96,18.822,0.0,0.12,0.0,0.0,1.3,2.0,1.0,0.05,1,1.05902,0.24098,0.0
435,2026-04-24T08:43:01.353Z,S20260424_094231,SC01,AUTO,9.1879,29.4253,0.0642,accel_1,1,1500,VIDE,0.0,0.12,0.0,1.077086,-0.698132,-0.0,1,0,21.853,18.722,0.0,0.12,0.0,0.0,1.3,2.0,1.0,0.05,1,1.07709,0.22291,0.0
436,2026-04-24T08:43:01.421Z,S20260424_094231,SC01,AUTO,9.2555,29.493,0.0677,accel_1,1,1500,VIDE,0.0,0.12,0.0,1.095151,-0.698132,0.0,1,0,28.123,18.577,0.0,0.12,0.0,0.0,1.3,2.0,1.0,0.05,1,1.09515,0.20485,0.0
437,2026-04-24T08:43:01.477Z,S20260424_094231,SC01,AUTO,9.3119,29.5494,0.0564,accel_1,1,1500,VIDE,0.0,0.12,0.0,1.113215,-0.698132,0.0,1,0,13.081,18.858,0.0,0.12,0.0,0.0,1.3,2.0,1.0,0.05,1,1.11321,0.18679,0.0
438,2026-04-24T08:43:01.541Z,S20260424_094231,SC01,AUTO,9.3763,29.6138,0.0643,accel_1,1,1500,VIDE,0.0,0.12,0.0,1.131278,-0.698132,-0.0,1,0,17.038,19.352,0.0,0.12,0.0,0.0,1.3,2.0,1.0,0.05,1,1.13128,0.16872,0.0
439,2026-04-24T08:43:01.606Z,S20260424_094231,SC01,AUTO,9.4406,29.6781,0.0644,accel_1,1,1500,VIDE,0.0,0.12,0.0,1.14934,-0.698132,-0.0,1,0,21.6,19.6,0.0,0.12,0.0,0.0,1.3,2.0,1.0,0.05,1,1.14934,0.15066,0.0
440,2026-04-24T08:43:01.668Z,S20260424_094231,SC01,AUTO,9.5029,29.7404,0.0623,accel_1,1,1500,VIDE,0.0,0.12,0.0,1.167401,-0.698132,0.0,1,0,25.42,16.348,0.0,0.12,0.0,0.0,1.3,2.0,1.0,0.05,1,1.1674,0.1326,0.0
441,2026-04-24T08:43:01.729Z,S20260424_094231,SC01,AUTO,9.564,29.8015,0.0611,accel_1,1,1500,VIDE,0.0,0.12,0.0,1.185461,-0.698132,-0.0,1,0,28.738,19.057,0.0,0.12,0.0,0.0,1.3,2.0,1.0,0.05,1,1.18546,0.11454,0.0
442,2026-04-24T08:43:01.788Z,S20260424_094231,SC01,AUTO,9.6232,29.8607,0.0592,accel_1,1,1500,VIDE,0.0,0.12,0.0,1.20352,-0.698132,-0.0,1,0,13.726,19.493,0.0,0.12,0.0,0.0,1.3,2.0,1.0,0.05,1,1.20352,0.09648,0.0
443,2026-04-24T08:43:01.852Z,S20260424_094231,SC01,AUTO,9.6865,29.924,0.0633,accel_1,1,1500,VIDE,0.0,0.12,0.0,1.221578,-0.698132,0.0,1,0,18.865,19.248,0.0,0.12,0.0,0.0,1.3,2.0,1.0,0.05,1,1.22158,0.07842,0.0
444,2026-04-24T08:43:01.917Z,S20260424_094231,SC01,AUTO,9.7521,29.9896,0.0657,accel_1,1,1500,VIDE,0.0,0.12,0.0,1.239635,-0.698132,-0.0,1,0,23.559,18.828,0.0,0.12,0.0,0.0,1.3,2.0,1.0,0.05,1,1.23963,0.06037,0.0
445,2026-04-24T08:43:01.979Z,S20260424_094231,SC01,AUTO,9.8137,30.0511,0.0615,accel_1,1,1500,VIDE,0.0,0.12,0.0,1.257691,-0.698132,-0.0,1,0,25.883,21.054,0.0,0.12,0.0,0.0,1.3,2.0,1.0,0.05,1,1.25769,0.04231,0.0
446,2026-04-24T08:43:02.042Z,S20260424_094231,SC01,AUTO,9.8767,30.1142,0.063,accel_1,1,1500,VIDE,0.0,0.12,0.0,1.275746,-0.698132,0.0,1,0,13.567,19.221,0.0,0.12,0.0,0.0,1.3,2.0,1.0,0.05,1,1.27575,0.02425,0.0
447,2026-04-24T08:43:02.102Z,S20260424_094231,SC01,AUTO,9.9369,30.1743,0.0602,accel_1,1,1500,VIDE,0.0,0.12,0.0,1.284773,-0.698132,0.0,1,0,27.569,19.954,0.0,0.12,0.0,0.0,1.3,2.0,1.0,0.05,1,1.28477,0.01523,0.0
448,2026-04-24T08:43:02.165Z,S20260424_094231,SC01,AUTO,10.0003,30.2378,0.0634,accel_2,1,1500,VIDE,0.0,0.2,0.0,1.302826,-0.698132,0.0,1,0,30.562,19.933,0.0,0.12,0.0,0.0,1.3,2.0,1.0,0.05,0,1.30283,-0.00283,0.0
449,2026-04-24T08:43:02.229Z,S20260424_094231,SC01,AUTO,10.0635,30.301,0.0632,accel_2,1,1500,VIDE,0.0,0.2,0.0,1.321367,-0.698132,0.0,1,0,35.81,0.424,0.0,0.2,0.0,1.1,3.3,2.0,1.0,0.05,1,0.22137,1.97863,0.0
450,2026-04-24T08:43:02.288Z,S20260424_094231,SC01,AUTO,10.1233,30.3608,0.0598,accel_2,1,1500,VIDE,0.0,0.2,0.0,1.335449,-0.698132,0.0,1,0,40.123,13.602,0.0,0.2,0.0,1.1,3.3,2.0,1.0,0.05,1,0.23545,1.96455,0.0
451,2026-04-24T08:43:02.352Z,S20260424_094231,SC01,AUTO,10.1869,30.4244,0.0636,accel_2,1,1500,VIDE,0.0,0.2,0.0,1.354961,-0.698132,0.0,1,0,21.847,19.781,0.0,0.2,0.0,1.1,3.3,2.0,1.0,0.05,1,0.25496,1.94504,0.0
452,2026-04-24T08:43:02.416Z,S20260424_094231,SC01,AUTO,10.2513,30.4888,0.0643,accel_2,1,1500,VIDE,0.0,0.2,0.0,1.380666,-0.698132,0.0,1,0,25.95,19.835,0.0,0.2,0.0,1.1,3.3,2.0,1.0,0.05,1,0.28067,1.91933,0.0
453,2026-04-24T08:43:02.479Z,S20260424_094231,SC01,AUTO,10.3137,30.5512,0.0624,accel_2,1,1500,VIDE,0.0,0.2,0.0,1.408358,-0.698132,0.0,1,0,16.856,19.283,0.0,0.2,0.0,1.1,3.3,2.0,1.0,0.05,1,0.30836,1.89164,0.0
454,2026-04-24T08:43:02.542Z,S20260424_094231,SC01,AUTO,10.3766,30.6141,0.0629,accel_2,1,1500,VIDE,0.0,0.2,0.0,1.437609,-0.698132,0.0,1,0,25.39,19.297,0.0,0.2,0.0,1.1,3.3,2.0,1.0,0.05,1,0.33761,1.86239,0.0
455,2026-04-24T08:43:02.602Z,S20260424_094231,SC01,AUTO,10.4373,30.6748,0.0607,accel_2,1,1500,VIDE,0.0,0.2,0.0,1.45271,-0.698132,0.0,1,0,22.552,21.668,0.0,0.2,0.0,1.1,3.3,2.0,1.0,0.05,1,0.35271,1.84729,0.0
456,2026-04-24T08:43:02.667Z,S20260424_094231,SC01,AUTO,10.5021,30.7396,0.0649,accel_2,1,1500,VIDE,0.0,0.2,0.0,1.488943,-0.698132,-0.0,1,0,37.873,9.476,0.0,0.2,0.0,1.1,3.3,2.0,1.0,0.05,1,0.38894,1.81106,0.0
457,2026-04-24T08:43:02.726Z,S20260424_094231,SC01,AUTO,10.5614,30.7989,0.0593,accel_2,1,1500,VIDE,0.0,0.2,0.0,1.515521,-0.698132,-0.0,1,0,31.482,20.164,0.0,0.2,0.0,1.1,3.3,2.0,1.0,0.05,1,0.41552,1.78448,0.0
458,2026-04-24T08:43:02.788Z,S20260424_094231,SC01,AUTO,10.6232,30.8607,0.0618,accel_2,1,1500,VIDE,0.0,0.2,0.0,1.548015,-0.698132,-0.0,1,0,15.605,15.425,0.0,0.2,0.0,1.1,3.3,2.0,1.0,0.05,1,0.44801,1.75199,0.0
459,2026-04-24T08:43:02.852Z,S20260424_094231,SC01,AUTO,10.6866,30.9241,0.0634,accel_2,1,1500,VIDE,0.0,0.2,0.0,1.58103,-0.698132,-0.0,1,0,20.574,19.76,0.0,0.2,0.0,1.1,3.3,2.0,1.0,0.05,1,0.48103,1.71897,0.0
460,2026-04-24T08:43:02.915Z,S20260424_094231,SC01,AUTO,10.7498,30.9873,0.0632,accel_2,1,1500,VIDE,0.0,0.2,0.0,1.614454,-0.698132,-0.0,1,0,25.195,20.577,0.0,0.2,0.0,1.1,3.3,2.0,1.0,0.05,1,0.51445,1.68555,0.0
461,2026-04-24T08:43:02.977Z,S20260424_094231,SC01,AUTO,10.8123,31.0498,0.0625,accel_2,1,1500,VIDE,0.0,0.2,0.0,1.648197,-0.698132,-0.0,1,0,30.935,20.31,0.0,0.2,0.0,1.1,3.3,2.0,1.0,0.05,1,0.5482,1.6518,0.0
462,2026-04-24T08:43:03.040Z,S20260424_094231,SC01,AUTO,10.8752,31.1127,0.0629,accel_2,1,1500,VIDE,0.0,0.2,0.0,1.68219,-0.698132,-0.0,1,0,14.972,18.955,0.0,0.2,0.0,1.1,3.3,2.0,1.0,0.05,1,0.58219,1.61781,0.0
463,2026-04-24T08:43:03.103Z,S20260424_094231,SC01,AUTO,10.9376,31.1751,0.0625,accel_2,1,1500,VIDE,0.0,0.2,0.0,1.716379,-0.698132,-0.0,1,0,20.599,18.982,0.0,0.2,0.0,1.1,3.3,2.0,1.0,0.05,1,0.61638,1.58362,0.0
464,2026-04-24T08:43:03.166Z,S20260424_094231,SC01,AUTO,11.0012,31.2387,0.0636,accel_2,1,1500,VIDE,0.0,0.2,0.0,1.750721,-0.698132,-0.0,1,0,24.636,18.736,0.0,0.2,0.0,1.1,3.3,2.0,1.0,0.05,1,0.65072,1.54928,0.0
465,2026-04-24T08:43:03.228Z,S20260424_094231,SC01,AUTO,11.0635,31.301,0.0623,accel_2,1,1500,VIDE,0.0,0.2,0.0,1.785183,-0.698132,-0.0,1,0,27.175,15.729,0.0,0.2,0.0,1.1,3.3,2.0,1.0,0.05,1,0.68518,1.51482,0.0
466,2026-04-24T08:43:03.290Z,S20260424_094231,SC01,AUTO,11.1253,31.3628,0.0618,accel_2,1,1500,VIDE,0.0,0.2,0.0,1.819737,-0.698132,-0.0,1,0,9.583,20.122,0.0,0.2,0.0,1.1,3.3,2.0,1.0,0.05,1,0.71974,1.48026,0.0
467,2026-04-24T08:43:03.352Z,S20260424_094231,SC01,AUTO,11.187,31.4245,0.0617,accel_2,1,1500,VIDE,0.0,0.2,0.0,1.854364,-0.698132,-0.0,1,0,14.51,20.381,0.0,0.2,0.0,1.1,3.3,2.0,1.0,0.05,1,0.75436,1.44564,0.0
468,2026-04-24T08:43:03.415Z,S20260424_094231,SC01,AUTO,11.2498,31.4873,0.0628,accel_2,1,1500,VIDE,0.0,0.2,0.0,1.889046,-0.698132,-0.0,1,0,20.629,18.684,0.0,0.2,0.0,1.1,3.3,2.0,1.0,0.05,1,0.78905,1.41095,0.0
469,2026-04-24T08:43:03.477Z,S20260424_094231,SC01,AUTO,11.312,31.5494,0.0621,accel_2,1,1500,VIDE,0.0,0.2,0.0,1.923773,-0.698132,-0.0,1,0,25.904,20.485,0.0,0.2,0.0,1.1,3.3,2.0,1.0,0.05,1,0.82377,1.37623,0.0
470,2026-04-24T08:43:03.541Z,S20260424_094231,SC01,AUTO,11.3759,31.6134,0.0639,accel_2,1,1500,VIDE,0.0,0.2,0.0,1.958532,-0.698132,-0.0,1,0,10.875,19.942,0.0,0.2,0.0,1.1,3.3,2.0,1.0,0.05,1,0.85853,1.34147,0.0
471,2026-04-24T08:43:03.602Z,S20260424_094231,SC01,AUTO,11.4369,31.6744,0.0611,accel_2,1,1500,VIDE,0.0,0.2,0.0,1.98172,-0.698132,-0.0,1,0,32.883,8.901,0.0,0.2,0.0,1.1,3.3,2.0,1.0,0.05,1,0.88172,1.31828,0.0
472,2026-04-24T08:43:03.666Z,S20260424_094231,SC01,AUTO,11.5011,31.7386,0.0641,accel_2,1,1500,VIDE,0.0,0.2,0.0,2.016519,-0.698132,-0.0,1,0,37.171,8.924,0.0,0.2,0.0,1.1,3.3,2.0,1.0,0.05,1,0.91652,1.28348,0.0
473,2026-04-24T08:43:03.727Z,S20260424_094231,SC01,AUTO,11.5625,31.8,0.0614,accel_2,1,1500,VIDE,0.0,0.2,0.0,2.045531,-0.698132,0.0,1,0,26.454,23.569,0.0,0.2,0.0,1.1,3.3,2.0,1.0,0.05,1,0.94553,1.25447,0.0
474,2026-04-24T08:43:03.789Z,S20260424_094231,SC01,AUTO,11.6242,31.8617,0.0618,accel_2,1,1500,VIDE,0.0,0.2,0.0,2.080356,-0.698132,0.0,1,0,16.969,18.529,0.0,0.2,0.0,1.1,3.3,2.0,1.0,0.05,1,0.98036,1.21964,0.0
475,2026-04-24T08:43:03.853Z,S20260424_094231,SC01,AUTO,11.6882,31.9257,0.064,accel_2,1,1500,VIDE,0.0,0.2,0.0,2.11519,-0.698132,-0.0,1,0,18.968,17.434,0.0,0.2,0.0,1.1,3.3,2.0,1.0,0.05,1,1.01519,1.18481,0.0
476,2026-04-24T08:43:03.915Z,S20260424_094231,SC01,AUTO,11.7497,31.9872,0.0614,accel_2,1,1500,VIDE,0.0,0.2,0.0,2.150031,-0.698132,0.0,1,0,24.27,18.934,0.0,0.2,0.0,1.1,3.3,2.0,1.0,0.05,1,1.05003,1.14997,0.0
477,2026-04-24T08:43:03.985Z,S20260424_094231,SC01,AUTO,11.82,32.0575,0.0704,accel_2,1,1500,VIDE,0.0,0.2,0.0,2.184877,-0.698132,0.0,1,0,27.695,19.595,0.0,0.2,0.0,1.1,3.3,2.0,1.0,0.05,1,1.08488,1.11512,0.0
478,2026-04-24T08:43:04.049Z,S20260424_094231,SC01,AUTO,11.8838,32.1213,0.0637,accel_2,1,1500,VIDE,0.0,0.2,0.0,2.219725,-0.698132,-0.0,1,0,29.479,22.442,0.0,0.2,0.0,1.1,3.3,2.0,1.0,0.05,1,1.11973,1.08027,0.0
479,2026-04-24T08:43:04.101Z,S20260424_094231,SC01,AUTO,11.9358,32.1733,0.0521,accel_2,1,1500,VIDE,0.0,0.2,0.0,2.254575,-0.698132,-0.0,1,0,13.111,19.062,0.0,0.2,0.0,1.1,3.3,2.0,1.0,0.05,1,1.15458,1.04542,0.0
480,2026-04-24T08:43:04.164Z,S20260424_094231,SC01,AUTO,11.9988,32.2363,0.0629,accel_2,1,1500,VIDE,0.0,0.2,0.0,2.289425,-0.698132,0.0,1,0,18.211,20.09,0.0,0.2,0.0,1.1,3.3,2.0,1.0,0.05,1,1.18943,1.01057,0.0
481,2026-04-24T08:43:04.230Z,S20260424_094231,SC01,AUTO,12.0646,32.3021,0.0659,accel_2,1,1500,VIDE,0.0,0.2,0.0,2.324275,-0.698132,-0.0,1,0,18.603,17.051,0.0,0.2,0.0,1.1,3.3,2.0,1.0,0.05,1,1.22428,0.97572,0.0
482,2026-04-24T08:43:04.293Z,S20260424_094231,SC01,AUTO,12.1281,32.3656,0.0635,accel_2,1,1500,VIDE,0.0,0.2,0.0,2.359125,-0.698132,-0.0,1,0,26.836,17.254,0.0,0.2,0.0,1.1,3.3,2.0,1.0,0.05,1,1.25912,0.94088,0.0
483,2026-04-24T08:43:04.358Z,S20260424_094231,SC01,AUTO,12.1927,32.4302,0.0645,accel_2,1,1500,VIDE,0.0,0.2,0.0,2.393972,-0.698132,-0.0,1,0,12.604,19.549,0.0,0.2,0.0,1.1,3.3,2.0,1.0,0.05,1,1.29397,0.90603,0.0
484,2026-04-24T08:43:04.418Z,S20260424_094231,SC01,AUTO,12.2526,32.4901,0.06,accel_2,1,1500,VIDE,0.0,0.2,0.0,2.428818,-0.698132,0.0,1,0,18.858,18.129,0.0,0.2,0.0,1.1,3.3,2.0,1.0,0.05,1,1.32882,0.87118,0.0
485,2026-04-24T08:43:04.484Z,S20260424_094231,SC01,AUTO,12.319,32.5565,0.0664,accel_2,1,1500,VIDE,0.0,0.2,0.0,2.463661,-0.698132,-0.0,1,0,21.59,19.853,0.0,0.2,0.0,1.1,3.3,2.0,1.0,0.05,1,1.36366,0.83634,0.0
486,2026-04-24T08:43:04.548Z,S20260424_094231,SC01,AUTO,12.3828,32.6203,0.0638,accel_2,1,1500,VIDE,0.0,0.2,0.0,2.498502,-0.698132,-0.0,1,0,24.905,18.576,0.0,0.2,0.0,1.1,3.3,2.0,1.0,0.05,1,1.3985,0.8015,0.0
487,2026-04-24T08:43:04.608Z,S20260424_094231,SC01,AUTO,12.4433,32.6808,0.0605,accel_2,1,1500,VIDE,0.0,0.2,0.0,2.533341,-0.698132,0.0,1,0,27.526,18.525,0.0,0.2,0.0,1.1,3.3,2.0,1.0,0.05,1,1.43334,0.76666,0.0
488,2026-04-24T08:43:04.667Z,S20260424_094231,SC01,AUTO,12.5024,32.7398,0.059,accel_2,1,1500,VIDE,0.0,0.2,0.0,2.568176,-0.698132,0.0,1,0,31.532,19.995,0.0,0.2,0.0,1.1,3.3,2.0,1.0,0.05,1,1.46818,0.73182,0.0
489,2026-04-24T08:43:04.728Z,S20260424_094231,SC01,AUTO,12.5634,32.8009,0.0611,accel_2,1,1500,VIDE,0.0,0.2,0.0,2.603009,-0.698132,0.0,1,0,15.642,18.255,0.0,0.2,0.0,1.1,3.3,2.0,1.0,0.05,1,1.50301,0.69699,0.0
490,2026-04-24T08:43:04.789Z,S20260424_094231,SC01,AUTO,12.6243,32.8617,0.0609,accel_2,1,1500,VIDE,0.0,0.2,0.0,2.637838,-0.698132,-0.0,1,0,18.28,19.548,0.0,0.2,0.0,1.1,3.3,2.0,1.0,0.05,1,1.53784,0.66216,0.0
491,2026-04-24T08:43:04.853Z,S20260424_094231,SC01,AUTO,12.6882,32.9257,0.0639,accel_2,1,1500,VIDE,0.0,0.2,0.0,2.672664,-0.698132,-0.0,1,0,20.286,19.607,0.0,0.2,0.0,1.1,3.3,2.0,1.0,0.05,1,1.57266,0.62734,0.0
492,2026-04-24T08:43:04.917Z,S20260424_094231,SC01,AUTO,12.7524,32.9899,0.0643,accel_2,1,1500,VIDE,0.0,0.2,0.0,2.707487,-0.698132,0.0,1,0,26.938,19.417,0.0,0.2,0.0,1.1,3.3,2.0,1.0,0.05,1,1.60749,0.59251,0.0
493,2026-04-24T08:43:04.981Z,S20260424_094231,SC01,AUTO,12.8158,33.0533,0.0634,accel_2,1,1500,VIDE,0.0,0.2,0.0,2.742306,-0.698132,0.0,1,0,29.372,20.638,0.0,0.2,0.0,1.1,3.3,2.0,1.0,0.05,1,1.64231,0.55769,0.0
494,2026-04-24T08:43:05.045Z,S20260424_094231,SC01,AUTO,12.8803,33.1178,0.0643,accel_2,1,1500,VIDE,0.0,0.2,0.0,2.777122,-0.698132,0.0,1,0,14.541,20.193,0.0,0.2,0.0,1.1,3.3,2.0,1.0,0.05,1,1.67712,0.52288,0.0
495,2026-04-24T08:43:05.108Z,S20260424_094231,SC01,AUTO,12.9432,33.1806,0.0629,accel_2,1,1500,VIDE,0.0,0.2,0.0,2.811934,-0.698132,0.0,1,0,18.752,18.856,0.0,0.2,0.0,1.1,3.3,2.0,1.0,0.05,1,1.71193,0.48807,0.0
496,2026-04-24T08:43:05.169Z,S20260424_094231,SC01,AUTO,13.0037,33.2412,0.0606,accel_2,1,1500,VIDE,0.0,0.2,0.0,2.829339,-0.698132,0.0,1,0,31.396,19.306,0.0,0.2,0.0,1.1,3.3,2.0,1.0,0.05,1,1.72934,0.47066,0.0
497,2026-04-24T08:43:05.229Z,S20260424_094231,SC01,AUTO,13.0638,33.3012,0.06,accel_2,1,1500,VIDE,0.0,0.2,0.0,2.864145,-0.698132,0.0,1,0,14.492,18.111,0.0,0.2,0.0,1.1,3.3,2.0,1.0,0.05,1,1.76415,0.43585,0.0
498,2026-04-24T08:43:05.289Z,S20260424_094231,SC01,AUTO,13.1238,33.3613,0.0601,accel_2,1,1500,VIDE,0.0,0.2,0.0,2.898948,-0.698132,-0.0,1,0,17.025,19.712,0.0,0.2,0.0,1.1,3.3,2.0,1.0,0.05,1,1.79895,0.40105,0.0
499,2026-04-24T08:43:05.353Z,S20260424_094231,SC01,AUTO,13.188,33.4254,0.0641,accel_2,1,1500,VIDE,0.0,0.2,0.0,2.933748,-0.698132,0.0,1,0,20.259,18.571,0.0,0.2,0.0,1.1,3.3,2.0,1.0,0.05,1,1.83375,0.36625,0.0
500,2026-04-24T08:43:05.418Z,S20260424_094231,SC01,AUTO,13.2534,33.4909,0.0655,accel_2,1,1500,VIDE,0.0,0.2,0.0,2.968543,-0.698132,0.0,1,0,24.089,19.362,0.0,0.2,0.0,1.1,3.3,2.0,1.0,0.05,1,1.86854,0.33146,0.0
501,2026-04-24T08:43:05.477Z,S20260424_094231,SC01,AUTO,13.3123,33.5498,0.0589,accel_2,1,1500,VIDE,0.0,0.2,0.0,3.003335,-0.698132,-0.0,1,0,30.375,19.162,0.0,0.2,0.0,1.1,3.3,2.0,1.0,0.05,1,1.90333,0.29667,0.0
502,2026-04-24T08:43:05.541Z,S20260424_094231,SC01,AUTO,13.3761,33.6136,0.0638,accel_2,1,1500,VIDE,0.0,0.2,0.0,3.038123,-0.698132,0.0,1,0,15.598,19.373,0.0,0.2,0.0,1.1,3.3,2.0,1.0,0.05,1,1.93812,0.26188,0.0
503,2026-04-24T08:43:05.602Z,S20260424_094231,SC01,AUTO,13.4372,33.6747,0.0611,accel_2,1,1500,VIDE,0.0,0.2,0.0,3.072906,-0.698132,0.0,1,0,19.656,19.668,0.0,0.2,0.0,1.1,3.3,2.0,1.0,0.05,1,1.97291,0.22709,0.0
504,2026-04-24T08:43:05.666Z,S20260424_094231,SC01,AUTO,13.5014,33.7389,0.0642,accel_2,1,1500,VIDE,0.0,0.2,0.0,3.107687,-0.698132,0.0,1,0,22.454,18.955,0.0,0.2,0.0,1.1,3.3,2.0,1.0,0.05,1,2.00769,0.19231,0.0
505,2026-04-24T08:43:05.729Z,S20260424_094231,SC01,AUTO,13.5637,33.8012,0.0623,accel_2,1,1500,VIDE,0.0,0.2,0.0,3.142462,-0.698132,0.0,1,0,26.266,14.937,0.0,0.2,0.0,1.1,3.3,2.0,1.0,0.05,1,2.04246,0.15754,0.0
506,2026-04-24T08:43:05.796Z,S20260424_094231,SC01,AUTO,13.631,33.8685,0.0673,accel_2,1,1500,VIDE,0.0,0.2,0.0,3.177234,-0.698132,0.0,1,0,29.049,19.454,0.0,0.2,0.0,1.1,3.3,2.0,1.0,0.05,1,2.07723,0.12277,0.0
507,2026-04-24T08:43:05.852Z,S20260424_094231,SC01,AUTO,13.6873,33.9247,0.0562,accel_2,1,1500,VIDE,0.0,0.2,0.0,3.212002,-0.698132,0.0,1,0,12.869,19.363,0.0,0.2,0.0,1.1,3.3,2.0,1.0,0.05,1,2.112,0.088,0.0
508,2026-04-24T08:43:05.917Z,S20260424_094231,SC01,AUTO,13.7523,33.9897,0.065,accel_2,1,1500,VIDE,0.0,0.2,0.0,3.246766,-0.698132,0.0,1,0,14.602,19.573,0.0,0.2,0.0,1.1,3.3,2.0,1.0,0.05,1,2.14677,0.05323,0.0
509,2026-04-24T08:43:05.983Z,S20260424_094231,SC01,AUTO,13.8177,34.0552,0.0655,accel_2,1,1500,VIDE,0.0,0.2,0.0,3.281526,-0.698132,0.0,1,0,18.308,19.817,0.0,0.2,0.0,1.1,3.3,2.0,1.0,0.05,1,2.18153,0.01847,0.0
510,2026-04-24T08:43:06.044Z,S20260424_094231,SC01,AUTO,13.8795,34.117,0.0617,accel_2,1,1500,VIDE,0.0,0.2,0.0,3.316281,-0.698132,0.0,1,0,19.014,18.253,0.0,0.2,0.0,1.1,3.3,2.0,1.0,0.05,0,2.21628,-0.01628,0.0
511,2026-04-24T08:43:06.101Z,S20260424_094231,SC01,AUTO,13.9361,34.1736,0.0566,accel_2,1,1500,VIDE,0.0,0.2,0.0,3.351032,-0.698132,0.0,1,0,23.641,16.917,0.0,0.2,0.0,1.1,3.3,2.0,1.0,0.05,0,2.25103,-0.05103,0.0
512,2026-04-24T08:43:06.165Z,S20260424_094231,SC01,AUTO,14.0003,34.2378,0.0642,stabilize,1,1500,VIDE,0.0,0.09,0.0,3.38578,-0.698132,0.0,1,0,27.038,19.239,0.0,0.2,0.0,1.1,3.3,2.0,1.0,0.05,0,2.28578,-0.08578,0.0
513,2026-04-24T08:43:06.228Z,S20260424_094231,SC01,AUTO,14.0633,34.3008,0.063,stabilize,1,1500,VIDE,0.0,0.09,0.0,3.419347,-0.698132,0.0,1,0,12.36,19.296,0.0,0.09,0.0,3.0,4.8,2.0,0.5,0.05,1,0.41935,1.38065,0.0
514,2026-04-24T08:43:06.288Z,S20260424_094231,SC01,AUTO,14.1234,34.3609,0.0601,stabilize,1,1500,VIDE,0.0,0.09,0.0,3.434414,-0.698132,-0.0,1,0,33.933,19.456,0.0,0.09,0.0,3.0,4.8,2.0,0.5,0.05,1,0.43441,1.36559,0.0
515,2026-04-24T08:43:06.353Z,S20260424_094231,SC01,AUTO,14.1876,34.4251,0.0642,stabilize,1,1500,VIDE,0.0,0.09,0.0,3.461477,-0.698132,-0.0,1,0,17.892,19.352,0.0,0.09,0.0,3.0,4.8,2.0,0.5,0.05,1,0.46148,1.33852,0.0
516,2026-04-24T08:43:06.419Z,S20260424_094231,SC01,AUTO,14.254,34.4915,0.0663,stabilize,1,1500,VIDE,0.0,0.09,0.0,3.485186,-0.698132,0.0,1,0,21.74,19.799,0.0,0.09,0.0,3.0,4.8,2.0,0.5,0.05,1,0.48519,1.31481,0.0
517,2026-04-24T08:43:06.481Z,S20260424_094231,SC01,AUTO,14.3164,34.5539,0.0624,stabilize,1,1500,VIDE,0.0,0.09,0.0,3.506265,-0.698132,0.0,1,0,29.449,19.725,0.0,0.09,0.0,3.0,4.8,2.0,0.5,0.05,1,0.50626,1.29374,0.0
518,2026-04-24T08:43:06.544Z,S20260424_094231,SC01,AUTO,14.3794,34.6169,0.063,stabilize,1,1500,VIDE,0.0,0.09,0.0,3.525281,-0.698132,0.0,1,0,14.524,19.418,0.0,0.09,0.0,3.0,4.8,2.0,0.5,0.05,1,0.52528,1.27472,0.0
519,2026-04-24T08:43:06.607Z,S20260424_094231,SC01,AUTO,14.4424,34.6799,0.063,stabilize,1,1500,VIDE,0.0,0.09,0.0,3.542678,-0.698132,0.0,1,0,21.482,16.364,0.0,0.09,0.0,3.0,4.8,2.0,0.5,0.05,1,0.54268,1.25732,0.0
520,2026-04-24T08:43:06.668Z,S20260424_094231,SC01,AUTO,14.5027,34.7401,0.0603,stabilize,1,1500,VIDE,0.0,0.09,0.0,3.558805,-0.698132,0.0,1,0,24.928,18.836,0.0,0.09,0.0,3.0,4.8,2.0,0.5,0.05,1,0.5588,1.2412,0.0
521,2026-04-24T08:43:06.726Z,S20260424_094231,SC01,AUTO,14.5609,34.7984,0.0582,stabilize,1,1500,VIDE,0.0,0.09,0.0,3.573935,-0.698132,-0.0,1,0,35.262,18.26,0.0,0.09,0.0,3.0,4.8,2.0,0.5,0.05,1,0.57394,1.22606,0.0
522,2026-04-24T08:43:06.789Z,S20260424_094231,SC01,AUTO,14.624,34.8615,0.0631,stabilize,1,1500,VIDE,0.0,0.09,0.0,3.588284,-0.698132,0.0,1,0,17.51,18.348,0.0,0.09,0.0,3.0,4.8,2.0,0.5,0.05,1,0.58828,1.21172,0.0
523,2026-04-24T08:43:06.853Z,S20260424_094231,SC01,AUTO,14.6883,34.9258,0.0643,stabilize,1,1500,VIDE,0.0,0.09,0.0,3.602018,-0.698132,0.0,1,0,19.047,18.916,0.0,0.09,0.0,3.0,4.8,2.0,0.5,0.05,1,0.60202,1.19798,0.0
524,2026-04-24T08:43:06.917Z,S20260424_094231,SC01,AUTO,14.7522,34.9897,0.0639,stabilize,1,1500,VIDE,0.0,0.09,0.0,3.615271,-0.698132,0.0,1,0,21.301,20.053,0.0,0.09,0.0,3.0,4.8,2.0,0.5,0.05,1,0.61527,1.18473,0.0
525,2026-04-24T08:43:06.981Z,S20260424_094231,SC01,AUTO,14.816,35.0535,0.0638,stabilize,1,1500,VIDE,0.0,0.09,0.0,3.628146,-0.698132,0.0,1,0,29.071,19.168,0.0,0.09,0.0,3.0,4.8,2.0,0.5,0.05,1,0.62815,1.17185,0.0
526,2026-04-24T08:43:07.045Z,S20260424_094231,SC01,AUTO,14.8799,35.1174,0.0638,stabilize,1,1500,VIDE,0.0,0.09,0.0,3.640724,-0.698132,0.0,1,0,12.725,19.466,0.0,0.09,0.0,3.0,4.8,2.0,0.5,0.05,1,0.64072,1.15928,0.0
527,2026-04-24T08:43:07.108Z,S20260424_094231,SC01,AUTO,14.943,35.1805,0.0631,stabilize,1,1500,VIDE,0.0,0.09,0.0,3.653069,-0.698132,0.0,1,0,18.255,19.44,0.0,0.09,0.0,3.0,4.8,2.0,0.5,0.05,1,0.65307,1.14693,0.0
528,2026-04-24T08:43:07.169Z,S20260424_094231,SC01,AUTO,15.0037,35.2412,0.0607,stabilize,1,1500,VIDE,0.0,0.09,0.0,3.661195,-0.698132,0.0,1,0,39.468,9.134,0.0,0.09,0.0,3.0,4.8,2.0,0.5,0.05,1,0.66119,1.13881,0.0
529,2026-04-24T08:43:07.229Z,S20260424_094231,SC01,AUTO,15.0642,35.3017,0.0606,stabilize,1,1500,VIDE,0.0,0.09,0.0,3.671255,-0.698132,-0.0,1,0,16.056,19.352,0.0,0.09,0.0,3.0,4.8,2.0,0.5,0.05,1,0.67126,1.12874,0.0
530,2026-04-24T08:43:07.289Z,S20260424_094231,SC01,AUTO,15.1239,35.3614,0.0596,stabilize,1,1500,VIDE,0.0,0.09,0.0,3.683213,-0.698132,0.0,1,0,17.839,19.045,0.0,0.09,0.0,3.0,4.8,2.0,0.5,0.05,1,0.68321,1.11679,0.0
531,2026-04-24T08:43:07.352Z,S20260424_094231,SC01,AUTO,15.1871,35.4246,0.0632,stabilize,1,1500,VIDE,0.0,0.09,0.0,3.695069,-0.698132,0.0,1,0,22.437,19.071,0.0,0.09,0.0,3.0,4.8,2.0,0.5,0.05,1,0.69507,1.10493,0.0
532,2026-04-24T08:43:07.414Z,S20260424_094231,SC01,AUTO,15.249,35.4865,0.0619,stabilize,1,1500,VIDE,0.0,0.09,0.0,3.706847,-0.698132,0.0,1,0,30.19,18.81,0.0,0.09,0.0,3.0,4.8,2.0,0.5,0.05,1,0.70685,1.09315,0.0
533,2026-04-24T08:43:07.477Z,S20260424_094231,SC01,AUTO,15.3124,35.5498,0.0633,stabilize,1,1500,VIDE,0.0,0.09,0.0,3.718562,-0.698132,0.0,1,0,12.493,18.934,0.0,0.09,0.0,3.0,4.8,2.0,0.5,0.05,1,0.71856,1.08144,0.0
534,2026-04-24T08:43:07.542Z,S20260424_094231,SC01,AUTO,15.3767,35.6142,0.0644,stabilize,1,1500,VIDE,0.0,0.09,0.0,3.730228,-0.698132,-0.0,1,0,17.523,19.223,0.0,0.09,0.0,3.0,4.8,2.0,0.5,0.05,1,0.73023,1.06977,0.0
535,2026-04-24T08:43:07.605Z,S20260424_094231,SC01,AUTO,15.4397,35.6772,0.063,stabilize,1,1500,VIDE,0.0,0.09,0.0,3.741854,-0.698132,0.0,1,0,20.265,19.178,0.0,0.09,0.0,3.0,4.8,2.0,0.5,0.05,1,0.74185,1.05815,0.0
536,2026-04-24T08:43:07.668Z,S20260424_094231,SC01,AUTO,15.5027,35.7402,0.063,stabilize,1,1500,VIDE,0.0,0.09,0.0,3.75345,-0.698132,0.0,1,0,21.399,16.791,0.0,0.09,0.0,3.0,4.8,2.0,0.5,0.05,1,0.75345,1.04655,0.0
537,2026-04-24T08:43:07.729Z,S20260424_094231,SC01,AUTO,15.5637,35.8012,0.061,stabilize,1,1500,VIDE,0.0,0.09,0.0,3.765021,-0.698132,0.0,1,0,22.584,19.396,0.0,0.09,0.0,3.0,4.8,2.0,0.5,0.05,1,0.76502,1.03498,0.0
538,2026-04-24T08:43:07.788Z,S20260424_094231,SC01,AUTO,15.6232,35.8607,0.0595,stabilize,1,1500,VIDE,0.0,0.09,0.0,3.776573,-0.698132,0.0,1,0,28.439,19.846,0.0,0.09,0.0,3.0,4.8,2.0,0.5,0.05,1,0.77657,1.02343,0.0
539,2026-04-24T08:43:07.855Z,S20260424_094231,SC01,AUTO,15.6899,35.9274,0.0666,stabilize,1,1500,VIDE,0.0,0.09,0.0,3.788109,-0.698132,0.0,1,0,9.709,20.073,0.0,0.09,0.0,3.0,4.8,2.0,0.5,0.05,1,0.78811,1.01189,0.0
540,2026-04-24T08:43:07.917Z,S20260424_094231,SC01,AUTO,15.7516,35.9891,0.0617,stabilize,1,1500,VIDE,0.0,0.09,0.0,3.799632,-0.698132,0.0,1,0,15.269,18.975,0.0,0.09,0.0,3.0,4.8,2.0,0.5,0.05,1,0.79963,1.00037,0.0
541,2026-04-24T08:43:07.979Z,S20260424_094231,SC01,AUTO,15.814,36.0515,0.0624,stabilize,1,1500,VIDE,0.0,0.09,0.0,3.811145,-0.698132,0.0,1,0,15.617,20.574,0.0,0.09,0.0,3.0,4.8,2.0,0.5,0.05,1,0.81114,0.98886,0.0
542,2026-04-24T08:43:08.042Z,S20260424_094231,SC01,AUTO,15.8767,36.1142,0.0627,stabilize,1,1500,VIDE,0.0,0.09,0.0,3.822649,-0.698132,-0.0,1,0,17.783,20.029,0.0,0.09,0.0,3.0,4.8,2.0,0.5,0.05,1,0.82265,0.97735,0.0
543,2026-04-24T08:43:08.101Z,S20260424_094231,SC01,AUTO,15.9362,36.1737,0.0595,stabilize,1,1500,VIDE,0.0,0.09,0.0,3.834146,-0.698132,0.0,1,0,23.65,19.925,0.0,0.09,0.0,3.0,4.8,2.0,0.5,0.05,1,0.83415,0.96585,0.0
544,2026-04-24T08:43:08.165Z,S20260424_094231,SC01,AUTO,15.9998,36.2373,0.0636,stabilize,1,1500,VIDE,0.0,0.09,0.0,3.845638,-0.698132,0.0,1,0,27.178,19.319,0.0,0.09,0.0,3.0,4.8,2.0,0.5,0.05,1,0.84564,0.95436,0.0
545,2026-04-24T08:43:08.228Z,S20260424_094231,SC01,AUTO,16.0628,36.3003,0.063,stabilize,1,1500,VIDE,0.0,0.09,0.0,3.857125,-0.698132,0.0,1,0,29.805,16.781,0.0,0.09,0.0,3.0,4.8,2.0,0.5,0.05,1,0.85713,0.94287,0.0
546,2026-04-24T08:43:08.288Z,S20260424_094231,SC01,AUTO,16.1231,36.3606,0.0603,stabilize,1,1500,VIDE,0.0,0.09,0.0,3.868608,-0.698132,0.0,1,0,33.941,20.151,0.0,0.09,0.0,3.0,4.8,2.0,0.5,0.05,1,0.86861,0.93139,0.0
547,2026-04-24T08:43:08.353Z,S20260424_094231,SC01,AUTO,16.1876,36.4251,0.0645,stabilize,1,1500,VIDE,0.0,0.09,0.0,3.880087,-0.698132,-0.0,1,0,15.376,19.45,0.0,0.09,0.0,3.0,4.8,2.0,0.5,0.05,1,0.88009,0.91991,0.0
548,2026-04-24T08:43:08.416Z,S20260424_094231,SC01,AUTO,16.2513,36.4888,0.0637,stabilize,1,1500,VIDE,0.0,0.09,0.0,3.891563,-0.698132,-0.0,1,0,19.689,18.791,0.0,0.09,0.0,3.0,4.8,2.0,0.5,0.05,1,0.89156,0.90844,0.0
549,2026-04-24T08:43:08.478Z,S20260424_094231,SC01,AUTO,16.3128,36.5503,0.0615,stabilize,1,1500,VIDE,0.0,0.09,0.0,3.903036,-0.698132,-0.0,1,0,20.774,19.114,0.0,0.09,0.0,3.0,4.8,2.0,0.5,0.05,1,0.90304,0.89696,0.0
550,2026-04-24T08:43:08.539Z,S20260424_094231,SC01,AUTO,16.3743,36.6118,0.0615,stabilize,1,1500,VIDE,0.0,0.09,0.0,3.914506,-0.698132,-0.0,1,0,21.323,19.608,0.0,0.09,0.0,3.0,4.8,2.0,0.5,0.05,1,0.91451,0.88549,0.0
551,2026-04-24T08:43:08.602Z,S20260424_094231,SC01,AUTO,16.4365,36.674,0.0622,stabilize,1,1500,VIDE,0.0,0.09,0.0,3.925974,-0.698132,-0.0,1,0,25.635,20.088,0.0,0.09,0.0,3.0,4.8,2.0,0.5,0.05,1,0.92597,0.87403,0.0
552,2026-04-24T08:43:08.665Z,S20260424_094231,SC01,AUTO,16.5001,36.7376,0.0636,stabilize,1,1500,VIDE,0.0,0.09,0.0,3.93744,-0.698132,-0.0,1,0,26.601,18.999,0.0,0.09,0.0,3.0,4.8,2.0,0.5,0.05,1,0.93744,0.86256,0.0
553,2026-04-24T08:43:08.727Z,S20260424_094231,SC01,AUTO,16.562,36.7995,0.0619,stabilize,1,1500,VIDE,0.0,0.09,0.0,3.948904,-0.698132,0.0,1,0,25.007,17.488,0.0,0.09,0.0,3.0,4.8,2.0,0.5,0.05,1,0.9489,0.8511,0.0
554,2026-04-24T08:43:08.788Z,S20260424_094231,SC01,AUTO,16.6232,36.8607,0.0611,stabilize,1,1500,VIDE,0.0,0.09,0.0,3.960366,-0.698132,-0.0,1,0,28.437,19.281,0.0,0.09,0.0,3.0,4.8,2.0,0.5,0.05,1,0.96037,0.83963,0.0
555,2026-04-24T08:43:08.853Z,S20260424_094231,SC01,AUTO,16.6883,36.9258,0.0652,stabilize,1,1500,VIDE,0.0,0.09,0.0,3.971826,-0.698132,0.0,1,0,28.301,19.678,0.0,0.09,0.0,3.0,4.8,2.0,0.5,0.05,1,0.97183,0.82817,0.0
556,2026-04-24T08:43:08.915Z,S20260424_094231,SC01,AUTO,16.7502,36.9877,0.0619,stabilize,1,1500,VIDE,0.0,0.09,0.0,3.983284,-0.698132,-0.0,1,0,9.567,19.336,0.0,0.09,0.0,3.0,4.8,2.0,0.5,0.05,1,0.98328,0.81672,0.0
557,2026-04-24T08:43:08.981Z,S20260424_094231,SC01,AUTO,16.8162,37.0537,0.066,stabilize,1,1500,VIDE,0.0,0.09,0.0,3.994741,-0.698132,0.0,1,0,8.861,23.549,0.0,0.09,0.0,3.0,4.8,2.0,0.5,0.05,1,0.99474,0.80526,0.0
558,2026-04-24T08:43:09.040Z,S20260424_094231,SC01,AUTO,16.875,37.1125,0.0588,stabilize,1,1500,VIDE,0.0,0.09,0.0,4.006196,-0.698132,-0.0,1,0,14.335,19.71,0.0,0.09,0.0,3.0,4.8,2.0,0.5,0.05,1,1.0062,0.7938,0.0
559,2026-04-24T08:43:09.103Z,S20260424_094231,SC01,AUTO,16.9379,37.1754,0.0628,stabilize,1,1500,VIDE,0.0,0.09,0.0,4.017648,-0.698132,-0.0,1,0,19.336,19.621,0.0,0.09,0.0,3.0,4.8,2.0,0.5,0.05,1,1.01765,0.78235,0.0
560,2026-04-24T08:43:09.166Z,S20260424_094231,SC01,AUTO,17.0015,37.2389,0.0635,stabilize,1,1500,VIDE,0.0,0.09,0.0,4.029099,-0.698132,-0.0,1,0,22.892,18.301,0.0,0.09,0.0,3.0,4.8,2.0,0.5,0.05,1,1.0291,0.7709,0.0
561,2026-04-24T08:43:09.229Z,S20260424_094231,SC01,AUTO,17.0636,37.3011,0.0622,stabilize,1,1500,VIDE,0.0,0.09,0.0,4.040549,-0.698132,0.0,1,0,21.695,15.409,0.0,0.09,0.0,3.0,4.8,2.0,0.5,0.05,1,1.04055,0.75945,0.0
562,2026-04-24T08:43:09.289Z,S20260424_094231,SC01,AUTO,17.124,37.3615,0.0604,stabilize,1,1500,VIDE,0.0,0.09,0.0,4.051997,-0.698132,0.0,1,0,26.328,18.661,0.0,0.09,0.0,3.0,4.8,2.0,0.5,0.05,1,1.052,0.748,0.0
563,2026-04-24T08:43:09.352Z,S20260424_094231,SC01,AUTO,17.1869,37.4244,0.0629,stabilize,1,1500,VIDE,0.0,0.09,0.0,4.063443,-0.698132,-0.0,1,0,27.019,19.466,0.0,0.09,0.0,3.0,4.8,2.0,0.5,0.05,1,1.06344,0.73656,0.0
564,2026-04-24T08:43:09.414Z,S20260424_094231,SC01,AUTO,17.2486,37.4861,0.0616,stabilize,1,1500,VIDE,0.0,0.09,0.0,4.074888,-0.698132,0.0,1,0,30.302,19.028,0.0,0.09,0.0,3.0,4.8,2.0,0.5,0.05,1,1.07489,0.72511,0.0
565,2026-04-24T08:43:09.476Z,S20260424_094231,SC01,AUTO,17.3114,37.5488,0.0628,stabilize,1,1500,VIDE,0.0,0.09,0.0,4.08633,-0.698132,0.0,1,0,11.941,20.235,0.0,0.09,0.0,3.0,4.8,2.0,0.5,0.05,1,1.08633,0.71367,0.0
566,2026-04-24T08:43:09.539Z,S20260424_094231,SC01,AUTO,17.3743,37.6118,0.063,stabilize,1,1500,VIDE,0.0,0.09,0.0,4.097772,-0.698132,-0.0,1,0,14.878,19.755,0.0,0.09,0.0,3.0,4.8,2.0,0.5,0.05,1,1.09777,0.70223,0.0
567,2026-04-24T08:43:09.602Z,S20260424_094231,SC01,AUTO,17.4373,37.6748,0.063,stabilize,1,1500,VIDE,0.0,0.09,0.0,4.109211,-0.698132,0.0,1,0,19.077,19.387,0.0,0.09,0.0,3.0,4.8,2.0,0.5,0.05,1,1.10921,0.69079,0.0
568,2026-04-24T08:43:09.666Z,S20260424_094231,SC01,AUTO,17.5013,37.7388,0.064,stabilize,1,1500,VIDE,0.0,0.09,0.0,4.120649,-0.698132,-0.0,1,0,20.766,18.908,0.0,0.09,0.0,3.0,4.8,2.0,0.5,0.05,1,1.12065,0.67935,0.0
569,2026-04-24T08:43:09.728Z,S20260424_094231,SC01,AUTO,17.5633,37.8008,0.0619,stabilize,1,1500,VIDE,0.0,0.09,0.0,4.132085,-0.698132,-0.0,1,0,21.466,15.449,0.0,0.09,0.0,3.0,4.8,2.0,0.5,0.05,1,1.13209,0.66791,0.0
570,2026-04-24T08:43:09.793Z,S20260424_094231,SC01,AUTO,17.6276,37.865,0.0643,stabilize,1,1500,VIDE,0.0,0.09,0.0,4.14352,-0.698132,0.0,1,0,24.941,19.933,0.0,0.09,0.0,3.0,4.8,2.0,0.5,0.05,1,1.14352,0.65648,0.0
571,2026-04-24T08:43:09.853Z,S20260424_094231,SC01,AUTO,17.6883,37.9258,0.0608,stabilize,1,1500,VIDE,0.0,0.09,0.0,4.154953,-0.698132,-0.0,1,0,27.166,19.619,0.0,0.09,0.0,3.0,4.8,2.0,0.5,0.05,1,1.15495,0.64505,0.0
572,2026-04-24T08:43:09.915Z,S20260424_094231,SC01,AUTO,17.7498,37.9873,0.0615,stabilize,1,1500,VIDE,0.0,0.09,0.0,4.166384,-0.698132,0.0,1,0,29.691,19.999,0.0,0.09,0.0,3.0,4.8,2.0,0.5,0.05,1,1.16638,0.63362,0.0
573,2026-04-24T08:43:09.977Z,S20260424_094231,SC01,AUTO,17.8125,38.05,0.0626,stabilize,1,1500,VIDE,0.0,0.09,0.0,4.177813,-0.698132,-0.0,1,0,9.822,23.645,0.0,0.09,0.0,3.0,4.8,2.0,0.5,0.05,1,1.17781,0.62219,0.0
574,2026-04-24T08:43:10.041Z,S20260424_094231,SC01,AUTO,17.8755,38.113,0.0631,stabilize,1,1500,VIDE,0.0,0.09,0.0,4.189241,-0.698132,-0.0,1,0,18.086,20.632,0.0,0.09,0.0,3.0,4.8,2.0,0.5,0.05,1,1.18924,0.61076,0.0
575,2026-04-24T08:43:10.104Z,S20260424_094231,SC01,AUTO,17.9385,38.176,0.063,stabilize,1,1500,VIDE,0.0,0.09,0.0,4.200667,-0.698132,-0.0,1,0,22.426,18.857,0.0,0.09,0.0,3.0,4.8,2.0,0.5,0.05,1,1.20067,0.59933,0.0
576,2026-04-24T08:43:10.165Z,S20260424_094231,SC01,AUTO,18.0,38.2375,0.0615,stabilize,1,1500,VIDE,0.0,0.09,0.0,4.212092,-0.698132,0.0,1,0,24.08,19.079,0.0,0.09,0.0,3.0,4.8,2.0,0.5,0.05,1,1.21209,0.58791,0.0
577,2026-04-24T08:43:10.229Z,S20260424_094231,SC01,AUTO,18.0642,38.3016,0.0642,stabilize,1,1500,VIDE,0.0,0.09,0.0,4.223515,-0.698132,0.0,1,0,23.829,16.452,0.0,0.09,0.0,3.0,4.8,2.0,0.5,0.05,1,1.22351,0.57649,0.0
578,2026-04-24T08:43:10.288Z,S20260424_094231,SC01,AUTO,18.1232,38.3607,0.059,stabilize,1,1500,VIDE,0.0,0.09,0.0,4.234936,-0.698132,-0.0,1,0,25.602,17.502,0.0,0.09,0.0,3.0,4.8,2.0,0.5,0.05,1,1.23494,0.56506,0.0
579,2026-04-24T08:43:10.353Z,S20260424_094231,SC01,AUTO,18.1877,38.4252,0.0646,stabilize,1,1500,VIDE,0.0,0.09,0.0,4.246355,-0.698132,0.0,1,0,30.551,19.551,0.0,0.09,0.0,3.0,4.8,2.0,0.5,0.05,1,1.24636,0.55364,0.0
580,2026-04-24T08:43:10.415Z,S20260424_094231,SC01,AUTO,18.2503,38.4878,0.0626,stabilize,1,1500,VIDE,0.0,0.09,0.0,4.257773,-0.698132,-0.0,1,0,11.536,19.207,0.0,0.09,0.0,3.0,4.8,2.0,0.5,0.05,1,1.25777,0.54223,0.0
581,2026-04-24T08:43:10.483Z,S20260424_094231,SC01,AUTO,18.3183,38.5558,0.068,stabilize,1,1500,VIDE,0.0,0.09,0.0,4.269189,-0.698132,0.0,1,0,12.562,19.303,0.0,0.09,0.0,3.0,4.8,2.0,0.5,0.05,1,1.26919,0.53081,0.0
582,2026-04-24T08:43:10.538Z,S20260424_094231,SC01,AUTO,18.3734,38.6109,0.0551,stabilize,1,1500,VIDE,0.0,0.09,0.0,4.280603,-0.698132,-0.0,1,0,14.596,18.413,0.0,0.09,0.0,3.0,4.8,2.0,0.5,0.05,1,1.2806,0.5194,0.0
583,2026-04-24T08:43:10.609Z,S20260424_094231,SC01,AUTO,18.4439,38.6813,0.0704,stabilize,1,1500,VIDE,0.0,0.09,0.0,4.292016,-0.698132,0.0,1,0,14.205,19.784,0.0,0.09,0.0,3.0,4.8,2.0,0.5,0.05,1,1.29202,0.50798,0.0
584,2026-04-24T08:43:10.669Z,S20260424_094231,SC01,AUTO,18.5043,38.7418,0.0604,stabilize,1,1500,VIDE,0.0,0.09,0.0,4.303427,-0.698132,-0.0,1,0,15.164,18.906,0.0,0.09,0.0,3.0,4.8,2.0,0.5,0.05,1,1.30343,0.49657,0.0
585,2026-04-24T08:43:10.729Z,S20260424_094231,SC01,AUTO,18.5636,38.8011,0.0594,stabilize,1,1500,VIDE,0.0,0.09,0.0,4.314836,-0.698132,0.0,1,0,19.756,17.212,0.0,0.09,0.0,3.0,4.8,2.0,0.5,0.05,1,1.31484,0.48516,0.0
586,2026-04-24T08:43:10.788Z,S20260424_094231,SC01,AUTO,18.6233,38.8608,0.0597,stabilize,1,1500,VIDE,0.0,0.09,0.0,4.326243,-0.698132,-0.0,1,0,24.451,19.588,0.0,0.09,0.0,3.0,4.8,2.0,0.5,0.05,1,1.32624,0.47376,0.0
587,2026-04-24T08:43:10.853Z,S20260424_094231,SC01,AUTO,18.6879,38.9254,0.0646,stabilize,1,1500,VIDE,0.0,0.09,0.0,4.337649,-0.698132,0.0,1,0,22.507,19.923,0.0,0.09,0.0,3.0,4.8,2.0,0.5,0.05,1,1.33765,0.46235,0.0
588,2026-04-24T08:43:10.914Z,S20260424_094231,SC01,AUTO,18.7493,38.9868,0.0614,stabilize,1,1500,VIDE,0.0,0.09,0.0,4.349053,-0.698132,0.0,1,0,27.296,19.533,0.0,0.09,0.0,3.0,4.8,2.0,0.5,0.05,1,1.34905,0.45095,0.0
589,2026-04-24T08:43:10.981Z,S20260424_094231,SC01,AUTO,18.8163,39.0537,0.067,stabilize,1,1500,VIDE,0.0,0.09,0.0,4.360456,-0.698132,-0.0,1,0,29.275,19.543,0.0,0.09,0.0,3.0,4.8,2.0,0.5,0.05,1,1.36046,0.43954,0.0
590,2026-04-24T08:43:11.046Z,S20260424_094231,SC01,AUTO,18.8809,39.1183,0.0646,stabilize,1,1500,VIDE,0.0,0.09,0.0,4.371856,-0.698132,-0.0,1,0,15.98,17.784,0.0,0.09,0.0,3.0,4.8,2.0,0.5,0.05,1,1.37186,0.42814,0.0
591,2026-04-24T08:43:11.109Z,S20260424_094231,SC01,AUTO,18.9442,39.1817,0.0633,stabilize,1,1500,VIDE,0.0,0.09,0.0,4.383255,-0.698132,-0.0,1,0,19.908,15.24,0.0,0.09,0.0,3.0,4.8,2.0,0.5,0.05,1,1.38326,0.41674,0.0
592,2026-04-24T08:43:11.167Z,S20260424_094231,SC01,AUTO,19.002,39.2395,0.0579,stabilize,1,1500,VIDE,0.0,0.09,0.0,4.394652,-0.698132,-0.0,1,0,24.425,19.371,0.0,0.09,0.0,3.0,4.8,2.0,0.5,0.05,1,1.39465,0.40535,0.0
593,2026-04-24T08:43:11.227Z,S20260424_094231,SC01,AUTO,19.0623,39.2998,0.0602,stabilize,1,1500,VIDE,0.0,0.09,0.0,4.406047,-0.698132,-0.0,1,0,30.216,19.037,0.0,0.09,0.0,3.0,4.8,2.0,0.5,0.05,1,1.40605,0.39395,0.0
594,2026-04-24T08:43:11.301Z,S20260424_094231,SC01,AUTO,19.1357,39.3732,0.0734,stabilize,1,1500,VIDE,0.0,0.09,0.0,4.417441,-0.698132,0.0,1,0,16.816,18.519,0.0,0.09,0.0,3.0,4.8,2.0,0.5,0.05,1,1.41744,0.38256,0.0
595,2026-04-24T08:43:11.352Z,S20260424_094231,SC01,AUTO,19.1873,39.4248,0.0516,stabilize,1,1500,VIDE,0.0,0.09,0.0,4.428833,-0.698132,-0.0,1,0,19.87,19.245,0.0,0.09,0.0,3.0,4.8,2.0,0.5,0.05,1,1.42883,0.37117,0.0
596,2026-04-24T08:43:11.419Z,S20260424_094231,SC01,AUTO,19.2535,39.491,0.0662,stabilize,1,1500,VIDE,0.0,0.09,0.0,4.440223,-0.698132,-0.0,1,0,24.091,19.583,0.0,0.09,0.0,3.0,4.8,2.0,0.5,0.05,1,1.44022,0.35978,0.0
597,2026-04-24T08:43:11.476Z,S20260424_094231,SC01,AUTO,19.3114,39.5489,0.0579,stabilize,1,1500,VIDE,0.0,0.09,0.0,4.451611,-0.698132,0.0,1,0,27.92,19.936,0.0,0.09,0.0,3.0,4.8,2.0,0.5,0.05,1,1.45161,0.34839,0.0
598,2026-04-24T08:43:11.542Z,S20260424_094231,SC01,AUTO,19.3767,39.6142,0.0653,stabilize,1,1500,VIDE,0.0,0.09,0.0,4.457304,-0.698132,0.0,1,0,19.053,19.589,0.0,0.09,0.0,3.0,4.8,2.0,0.5,0.05,1,1.4573,0.3427,0.0
599,2026-04-24T08:43:11.605Z,S20260424_094231,SC01,AUTO,19.44,39.6775,0.0632,stabilize,1,1500,VIDE,0.0,0.09,0.0,4.46869,-0.698132,0.0,1,0,27.56,20.606,0.0,0.09,0.0,3.0,4.8,2.0,0.5,0.05,1,1.46869,0.33131,0.0
600,2026-04-24T08:43:11.668Z,S20260424_094231,SC01,AUTO,19.5033,39.7408,0.0633,stabilize,1,1500,VIDE,0.0,0.09,0.0,4.480074,-0.698132,-0.0,1,0,29.754,22.194,0.0,0.09,0.0,3.0,4.8,2.0,0.5,0.05,1,1.48007,0.31993,0.0
601,2026-04-24T08:43:11.729Z,S20260424_094231,SC01,AUTO,19.564,39.8015,0.0607,stabilize,1,1500,VIDE,0.0,0.09,0.0,4.491457,-0.698132,0.0,1,0,13.148,18.266,0.0,0.09,0.0,3.0,4.8,2.0,0.5,0.05,1,1.49146,0.30854,0.0
602,2026-04-24T08:43:11.789Z,S20260424_094231,SC01,AUTO,19.6241,39.8616,0.06,stabilize,1,1500,VIDE,0.0,0.09,0.0,4.502837,-0.698132,0.0,1,0,12.467,19.749,0.0,0.09,0.0,3.0,4.8,2.0,0.5,0.05,1,1.50284,0.29716,0.0
603,2026-04-24T08:43:11.851Z,S20260424_094231,SC01,AUTO,19.6864,39.9239,0.0624,stabilize,1,1500,VIDE,0.0,0.09,0.0,4.516112,-0.698132,-0.0,1,0,42.646,27.048,0.0,0.09,0.0,3.0,4.8,2.0,0.5,0.05,1,1.51611,0.28389,0.0
604,2026-04-24T08:43:11.918Z,S20260424_094231,SC01,AUTO,19.7534,39.9909,0.067,stabilize,1,1500,VIDE,0.0,0.09,0.0,4.53128,-0.698132,-0.0,1,0,24.651,19.637,0.0,0.09,0.0,3.0,4.8,2.0,0.5,0.05,1,1.53128,0.26872,0.0
605,2026-04-24T08:43:11.983Z,S20260424_094231,SC01,AUTO,19.8183,40.0558,0.0649,stabilize,1,1500,VIDE,0.0,0.09,0.0,4.542654,-0.698132,0.0,1,0,27.023,19.669,0.0,0.09,0.0,3.0,4.8,2.0,0.5,0.05,1,1.54265,0.25735,0.0
606,2026-04-24T08:43:12.049Z,S20260424_094231,SC01,AUTO,19.8835,40.121,0.0652,stabilize,1,1500,VIDE,0.0,0.09,0.0,4.554027,-0.698132,0.0,1,0,27.42,19.66,0.0,0.09,0.0,3.0,4.8,2.0,0.5,0.05,1,1.55403,0.24597,0.0
607,2026-04-24T08:43:12.101Z,S20260424_094231,SC01,AUTO,19.936,40.1735,0.0525,stabilize,1,1500,VIDE,0.0,0.09,0.0,4.565397,-0.698132,-0.0,1,0,29.177,19.314,0.0,0.09,0.0,3.0,4.8,2.0,0.5,0.05,1,1.5654,0.2346,0.0
608,2026-04-24T08:43:12.165Z,S20260424_094231,SC01,AUTO,20.0005,40.238,0.0645,stabilize,1,1500,VIDE,0.0,0.09,0.0,4.576766,-0.698132,-0.0,1,0,30.084,19.502,0.0,0.09,0.0,3.0,4.8,2.0,0.5,0.05,1,1.57677,0.22323,0.0
609,2026-04-24T08:43:12.228Z,S20260424_094231,SC01,AUTO,20.0632,40.3007,0.0627,stabilize,1,1500,VIDE,0.0,0.09,0.0,4.588133,-0.698132,0.0,1,0,12.178,19.388,0.0,0.09,0.0,3.0,4.8,2.0,0.5,0.05,1,1.58813,0.21187,0.0
610,2026-04-24T08:43:12.288Z,S20260424_094231,SC01,AUTO,20.1231,40.3606,0.06,stabilize,1,1500,VIDE,0.0,0.09,0.0,4.599498,-0.698132,-0.0,1,0,11.024,19.199,0.0,0.09,0.0,3.0,4.8,2.0,0.5,0.05,1,1.5995,0.2005,0.0
611,2026-04-24T08:43:12.357Z,S20260424_094231,SC01,AUTO,20.1922,40.4297,0.069,stabilize,1,1500,VIDE,0.0,0.09,0.0,4.610861,-0.698132,-0.0,1,0,13.014,19.708,0.0,0.09,0.0,3.0,4.8,2.0,0.5,0.05,1,1.61086,0.18914,0.0
612,2026-04-24T08:43:12.418Z,S20260424_094231,SC01,AUTO,20.253,40.4905,0.0608,stabilize,1,1500,VIDE,0.0,0.09,0.0,4.622223,-0.698132,-0.0,1,0,14.802,18.273,0.0,0.09,0.0,3.0,4.8,2.0,0.5,0.05,1,1.62222,0.17778,0.0
613,2026-04-24T08:43:12.485Z,S20260424_094231,SC01,AUTO,20.3203,40.5578,0.0673,stabilize,1,1500,VIDE,0.0,0.09,0.0,4.633583,-0.698132,0.0,1,0,12.703,19.0,0.0,0.09,0.0,3.0,4.8,2.0,0.5,0.05,1,1.63358,0.16642,0.0
614,2026-04-24T08:43:12.548Z,S20260424_094231,SC01,AUTO,20.3831,40.6206,0.0628,stabilize,1,1500,VIDE,0.0,0.09,0.0,4.650619,-0.698132,0.0,1,0,19.667,18.905,0.0,0.09,0.0,3.0,4.8,2.0,0.5,0.05,1,1.65062,0.14938,0.0
615,2026-04-24T08:43:12.601Z,S20260424_094231,SC01,AUTO,20.4359,40.6734,0.0528,stabilize,1,1500,VIDE,0.0,0.09,0.0,4.656297,-0.698132,0.0,1,0,29.912,19.284,0.0,0.09,0.0,3.0,4.8,2.0,0.5,0.05,1,1.6563,0.1437,0.0
616,2026-04-24T08:43:12.667Z,S20260424_094231,SC01,AUTO,20.5023,40.7398,0.0664,stabilize,1,1500,VIDE,0.0,0.09,0.0,4.667651,-0.698132,0.0,1,0,14.9,19.212,0.0,0.09,0.0,3.0,4.8,2.0,0.5,0.05,1,1.66765,0.13235,0.0
617,2026-04-24T08:43:12.729Z,S20260424_094231,SC01,AUTO,20.5645,40.802,0.0622,stabilize,1,1500,VIDE,0.0,0.09,0.0,4.679004,-0.698132,0.0,1,0,13.541,18.994,0.0,0.09,0.0,3.0,4.8,2.0,0.5,0.05,1,1.679,0.121,0.0
618,2026-04-24T08:43:12.788Z,S20260424_094231,SC01,AUTO,20.6233,40.8608,0.0589,stabilize,1,1500,VIDE,0.0,0.09,0.0,4.690354,-0.698132,-0.0,1,0,13.458,18.582,0.0,0.09,0.0,3.0,4.8,2.0,0.5,0.05,1,1.69035,0.10965,0.0
619,2026-04-24T08:43:12.851Z,S20260424_094231,SC01,AUTO,20.6862,40.9237,0.0629,stabilize,1,1500,VIDE,0.0,0.09,0.0,4.701703,-0.698132,-0.0,1,0,13.706,19.502,0.0,0.09,0.0,3.0,4.8,2.0,0.5,0.05,1,1.7017,0.0983,0.0
620,2026-04-24T08:43:12.917Z,S20260424_094231,SC01,AUTO,20.7522,40.9897,0.066,stabilize,1,1500,VIDE,0.0,0.09,0.0,4.718722,-0.698132,-0.0,1,0,24.045,18.91,0.0,0.09,0.0,3.0,4.8,2.0,0.5,0.05,1,1.71872,0.08128,0.0
621,2026-04-24T08:43:12.981Z,S20260424_094231,SC01,AUTO,20.8165,41.054,0.0643,stabilize,1,1500,VIDE,0.0,0.09,0.0,4.730067,-0.698132,-0.0,1,0,26.854,18.958,0.0,0.09,0.0,3.0,4.8,2.0,0.5,0.05,1,1.73007,0.06993,0.0
622,2026-04-24T08:43:13.045Z,S20260424_094231,SC01,AUTO,20.88,41.1175,0.0635,stabilize,1,1500,VIDE,0.0,0.09,0.0,4.741409,-0.698132,-0.0,1,0,25.17,19.811,0.0,0.09,0.0,3.0,4.8,2.0,0.5,0.05,1,1.74141,0.05859,0.0
623,2026-04-24T08:43:13.108Z,S20260424_094231,SC01,AUTO,20.943,41.1805,0.0631,stabilize,1,1500,VIDE,0.0,0.09,0.0,4.752749,-0.698132,0.0,1,0,23.31,16.798,0.0,0.09,0.0,3.0,4.8,2.0,0.5,0.05,1,1.75275,0.04725,0.0
624,2026-04-24T08:43:13.167Z,S20260424_094231,SC01,AUTO,21.0025,41.24,0.0595,stabilize,1,1500,VIDE,0.0,0.09,0.0,4.764088,-0.698132,-0.0,1,0,24.27,19.887,0.0,0.09,0.0,3.0,4.8,2.0,0.5,0.05,1,1.76409,0.03591,0.0
625,2026-04-24T08:43:13.229Z,S20260424_094231,SC01,AUTO,21.0639,41.3014,0.0614,stabilize,1,1500,VIDE,0.0,0.09,0.0,4.775425,-0.698132,0.0,1,0,23.399,18.873,0.0,0.09,0.0,3.0,4.8,2.0,0.5,0.05,1,1.77542,0.02458,0.0
626,2026-04-24T08:43:13.289Z,S20260424_094231,SC01,AUTO,21.1235,41.361,0.0596,stabilize,1,1500,VIDE,0.0,0.09,0.0,4.78676,-0.698132,-0.0,1,0,22.881,18.714,0.0,0.09,0.0,3.0,4.8,2.0,0.5,0.05,1,1.78676,0.01324,0.0
627,2026-04-24T08:43:13.359Z,S20260424_094231,SC01,AUTO,21.1937,41.4312,0.0702,stabilize,1,1500,VIDE,0.0,0.09,0.0,4.798093,-0.698132,-0.0,1,0,23.352,19.323,0.0,0.09,0.0,3.0,4.8,2.0,0.5,0.05,1,1.79809,0.00191,0.0
628,2026-04-24T08:43:13.419Z,S20260424_094231,SC01,AUTO,21.2539,41.4913,0.0602,stabilize,1,1500,VIDE,0.0,0.09,0.0,4.815089,-0.698132,-0.0,1,0,10.645,18.783,0.0,0.09,0.0,3.0,4.8,2.0,0.5,0.05,0,1.81509,-0.01509,0.0
629,2026-04-24T08:43:13.477Z,S20260424_094231,SC01,AUTO,21.312,41.5495,0.0582,stabilize,1,1500,VIDE,0.0,0.09,0.0,4.822641,-0.698132,0.0,1,0,28.856,7.113,0.0,0.09,0.0,3.0,4.8,2.0,0.5,0.05,0,1.82264,-0.02264,0.0
630,2026-04-24T08:43:13.541Z,S20260424_094231,SC01,AUTO,21.3758,41.6133,0.0638,stabilize,1,1500,VIDE,0.0,0.09,0.0,4.837743,-0.698132,-0.0,1,0,30.344,19.635,0.0,0.09,0.0,3.0,4.8,2.0,0.5,0.05,0,1.83774,-0.03774,0.0
631,2026-04-24T08:43:13.605Z,S20260424_094231,SC01,AUTO,21.4403,41.6778,0.0645,stabilize,1,1500,VIDE,0.0,0.09,0.0,4.849068,-0.698132,-0.0,1,0,26.246,19.772,0.0,0.09,0.0,3.0,4.8,2.0,0.5,0.05,0,1.84907,-0.04907,0.0
632,2026-04-24T08:43:13.667Z,S20260424_094231,SC01,AUTO,21.5021,41.7396,0.0618,stabilize,1,1500,VIDE,0.0,0.09,0.0,4.860391,-0.698132,0.0,1,0,26.0,17.538,0.0,0.09,0.0,3.0,4.8,2.0,0.5,0.05,0,1.86039,-0.06039,0.0
633,2026-04-24T08:43:13.729Z,S20260424_094231,SC01,AUTO,21.5636,41.801,0.0615,stabilize,1,1500,VIDE,0.0,0.09,0.0,4.871711,-0.698132,0.0,1,0,25.045,14.462,0.0,0.09,0.0,3.0,4.8,2.0,0.5,0.05,0,1.87171,-0.07171,0.0
634,2026-04-24T08:43:13.788Z,S20260424_094231,SC01,AUTO,21.6233,41.8608,0.0597,stabilize,1,1500,VIDE,0.0,0.09,0.0,4.88303,-0.698132,-0.0,1,0,23.925,19.615,0.0,0.09,0.0,3.0,4.8,2.0,0.5,0.05,0,1.88303,-0.08303,0.0
635,2026-04-24T08:43:13.856Z,S20260424_094231,SC01,AUTO,21.6915,41.9289,0.0681,stabilize,1,1500,VIDE,0.0,0.09,0.0,4.894347,-0.698132,-0.0,1,0,22.569,19.688,0.0,0.09,0.0,3.0,4.8,2.0,0.5,0.05,0,1.89435,-0.09435,0.0
636,2026-04-24T08:43:13.919Z,S20260424_094231,SC01,AUTO,21.7544,41.9919,0.0629,stabilize,1,1500,VIDE,0.0,0.09,0.0,4.911319,-0.698132,0.0,1,0,10.085,19.274,0.0,0.09,0.0,3.0,4.8,2.0,0.5,0.05,0,1.91132,-0.11132,0.0
637,2026-04-24T08:43:13.981Z,S20260424_094231,SC01,AUTO,21.8161,42.0536,0.0618,stabilize,1,1500,VIDE,0.0,0.09,0.0,4.922631,-0.698132,0.0,1,0,10.133,19.589,0.0,0.09,0.0,3.0,4.8,2.0,0.5,0.05,0,1.92263,-0.12263,0.0
638,2026-04-24T08:43:14.043Z,S20260424_094231,SC01,AUTO,21.878,42.1154,0.0618,stabilize,1,1500,VIDE,0.0,0.09,0.0,4.933941,-0.698132,0.0,1,0,10.511,19.639,0.0,0.09,0.0,3.0,4.8,2.0,0.5,0.05,0,1.93394,-0.13394,0.0
639,2026-04-24T08:43:14.102Z,S20260424_094231,SC01,AUTO,21.9372,42.1747,0.0592,stabilize,1,1500,VIDE,0.0,0.09,0.0,4.94525,-0.698132,-0.0,1,0,29.87,20.064,0.0,0.09,0.0,3.0,4.8,2.0,0.5,0.05,0,1.94525,-0.14525,0.0
640,2026-04-24T08:43:14.165Z,S20260424_094231,SC01,AUTO,22.0003,42.2378,0.0632,hold,1,1500,VIDE,0.0,0.03,0.0,4.956556,-0.698132,0.0,1,0,9.523,19.889,0.0,0.09,0.0,3.0,4.8,2.0,0.5,0.05,0,1.95656,-0.15656,0.0
641,2026-04-24T08:43:14.229Z,S20260424_094231,SC01,AUTO,22.0638,42.3013,0.0634,hold,1,1500,VIDE,0.0,0.03,0.0,4.967224,-0.698132,0.0,1,0,24.527,16.047,0.0,0.03,0.0,4.0,5.0,2.0,0.5,0.05,1,0.96722,0.03278,0.0
642,2026-04-24T08:43:14.289Z,S20260424_094231,SC01,AUTO,22.1236,42.3611,0.0599,hold,1,1500,VIDE,0.0,0.03,0.0,4.975441,-0.698132,0.0,1,0,27.1,17.402,0.0,0.03,0.0,4.0,5.0,2.0,0.5,0.05,1,0.97544,0.02456,0.0
643,2026-04-24T08:43:14.355Z,S20260424_094231,SC01,AUTO,22.1897,42.4272,0.0661,hold,1,1500,VIDE,0.0,0.03,0.0,4.981593,-0.698132,0.0,1,0,28.492,19.224,0.0,0.03,0.0,4.0,5.0,2.0,0.5,0.05,1,0.98159,0.01841,0.0
644,2026-04-24T08:43:14.418Z,S20260424_094231,SC01,AUTO,22.2532,42.4906,0.0634,hold,1,1500,VIDE,0.0,0.03,0.0,4.986127,-0.698132,0.0,1,0,23.371,20.453,0.0,0.03,0.0,4.0,5.0,2.0,0.5,0.05,1,0.98613,0.01387,0.0
645,2026-04-24T08:43:14.482Z,S20260424_094231,SC01,AUTO,22.317,42.5545,0.0639,hold,1,1500,VIDE,0.0,0.03,0.0,4.990635,-0.698132,0.0,1,0,9.503,18.888,0.0,0.03,0.0,4.0,5.0,2.0,0.5,0.05,1,0.99064,0.00936,0.0
646,2026-04-24T08:43:14.543Z,S20260424_094231,SC01,AUTO,22.3778,42.6153,0.0608,hold,1,1500,VIDE,0.0,0.03,0.0,4.992489,-0.698132,0.0,1,0,11.061,19.481,0.0,0.03,0.0,4.0,5.0,2.0,0.5,0.05,1,0.99249,0.00751,0.0
647,2026-04-24T08:43:14.606Z,S20260424_094231,SC01,AUTO,22.4409,42.6784,0.0631,hold,1,1500,VIDE,0.0,0.03,0.0,4.993652,-0.698132,0.0,1,0,26.025,19.369,0.0,0.03,0.0,4.0,5.0,2.0,0.5,0.05,1,0.99365,0.00635,0.0
648,2026-04-24T08:43:14.668Z,S20260424_094231,SC01,AUTO,22.5034,42.7409,0.0625,hold,1,1500,VIDE,0.0,0.03,0.0,4.994272,-0.698132,0.0,1,0,23.799,16.567,0.0,0.03,0.0,4.0,5.0,2.0,0.5,0.05,1,0.99427,0.00573,0.0
649,2026-04-24T08:43:14.729Z,S20260424_094231,SC01,AUTO,22.5636,42.8011,0.0602,hold,1,1500,VIDE,0.0,0.03,0.0,4.994466,-0.698132,0.0,1,0,21.631,19.385,0.0,0.03,0.0,4.0,5.0,2.0,0.5,0.05,1,0.99447,0.00553,0.0
650,2026-04-24T08:43:14.788Z,S20260424_094231,SC01,AUTO,22.6234,42.8609,0.0598,hold,1,1500,VIDE,0.0,0.03,0.0,4.994327,-0.698132,0.0,1,0,25.111,19.504,0.0,0.03,0.0,4.0,5.0,2.0,0.5,0.05,1,0.99433,0.00567,0.0
651,2026-04-24T08:43:14.853Z,S20260424_094231,SC01,AUTO,22.6877,42.9252,0.0643,hold,1,1500,VIDE,0.0,0.03,0.0,4.993926,-0.698132,-0.0,1,0,21.233,19.613,0.0,0.03,0.0,4.0,5.0,2.0,0.5,0.05,1,0.99393,0.00607,0.0
652,2026-04-24T08:43:14.917Z,S20260424_094231,SC01,AUTO,22.7518,42.9892,0.0641,hold,1,1500,VIDE,0.0,0.03,0.0,4.993202,-0.698132,0.0,1,0,27.892,5.877,0.0,0.03,0.0,4.0,5.0,2.0,0.5,0.05,1,0.9932,0.0068,0.0
653,2026-04-24T08:43:14.980Z,S20260424_094231,SC01,AUTO,22.8146,43.052,0.0628,hold,1,1500,VIDE,0.0,0.03,0.0,4.99212,-0.698132,0.0,1,0,24.23,22.412,0.0,0.03,0.0,4.0,5.0,2.0,0.5,0.05,1,0.99212,0.00788,0.0
654,2026-04-24T08:43:15.042Z,S20260424_094231,SC01,AUTO,22.8771,43.1146,0.0625,hold,1,1500,VIDE,0.0,0.03,0.0,4.991174,-0.698132,0.0,1,0,25.352,19.898,0.0,0.03,0.0,4.0,5.0,2.0,0.5,0.05,1,0.99117,0.00883,0.0
655,2026-04-24T08:43:15.102Z,S20260424_094231,SC01,AUTO,22.9368,43.1743,0.0597,hold,1,1500,VIDE,0.0,0.03,0.0,4.990141,-0.698132,0.0,1,0,22.866,19.341,0.0,0.03,0.0,4.0,5.0,2.0,0.5,0.05,1,0.99014,0.00986,0.0
656,2026-04-24T08:43:15.167Z,S20260424_094231,SC01,AUTO,23.0018,43.2392,0.0648,hold,1,1500,VIDE,0.0,0.03,0.0,4.989038,-0.698132,0.0,1,0,18.329,19.393,0.0,0.03,0.0,4.0,5.0,2.0,0.5,0.05,1,0.98904,0.01096,0.0
657,2026-04-24T08:43:15.228Z,S20260424_094231,SC01,AUTO,23.0632,43.3007,0.0616,hold,1,1500,VIDE,0.0,0.03,0.0,4.987883,-0.698132,0.0,1,0,18.034,15.419,0.0,0.03,0.0,4.0,5.0,2.0,0.5,0.05,1,0.98788,0.01212,0.0
658,2026-04-24T08:43:15.289Z,S20260424_094231,SC01,AUTO,23.124,43.3615,0.0608,hold,1,1500,VIDE,0.0,0.03,0.0,4.986685,-0.698132,0.0,1,0,17.295,20.439,0.0,0.03,0.0,4.0,5.0,2.0,0.5,0.05,1,0.98668,0.01332,0.0
659,2026-04-24T08:43:15.355Z,S20260424_094231,SC01,AUTO,23.1901,43.4276,0.0661,hold,1,1500,VIDE,0.0,0.03,0.0,4.984828,-0.698132,0.0,1,0,25.011,19.282,0.0,0.03,0.0,4.0,5.0,2.0,0.5,0.05,1,0.98483,0.01517,0.0
660,2026-04-24T08:43:15.418Z,S20260424_094231,SC01,AUTO,23.2528,43.4903,0.0627,hold,1,1500,VIDE,0.0,0.03,0.0,4.983561,-0.698132,0.0,1,0,22.623,19.652,0.0,0.03,0.0,4.0,5.0,2.0,0.5,0.05,1,0.98356,0.01644,0.0
661,2026-04-24T08:43:15.477Z,S20260424_094231,SC01,AUTO,23.312,43.5495,0.0592,hold,1,1500,VIDE,0.0,0.03,0.0,4.982275,-0.698132,-0.0,1,0,22.519,19.588,0.0,0.03,0.0,4.0,5.0,2.0,0.5,0.05,1,0.98228,0.01772,0.0
662,2026-04-24T08:43:15.541Z,S20260424_094231,SC01,AUTO,23.3755,43.613,0.0635,hold,1,1500,VIDE,0.0,0.03,0.0,4.980975,-0.698132,0.0,1,0,30.572,19.841,0.0,0.03,0.0,4.0,5.0,2.0,0.5,0.05,1,0.98098,0.01902,0.0
663,2026-04-24T08:43:15.602Z,S20260424_094231,SC01,AUTO,23.4366,43.674,0.0611,hold,1,1500,VIDE,0.0,0.03,0.0,4.979665,-0.698132,0.0,1,0,10.755,18.83,0.0,0.03,0.0,4.0,5.0,2.0,0.5,0.05,1,0.97966,0.02034,0.0
664,2026-04-24T08:43:15.666Z,S20260424_094231,SC01,AUTO,23.5009,43.7384,0.0644,hold,1,1500,VIDE,0.0,0.03,0.0,4.978346,-0.698132,0.0,1,0,26.249,18.431,0.0,0.03,0.0,4.0,5.0,2.0,0.5,0.05,1,0.97835,0.02165,0.0
665,2026-04-24T08:43:15.727Z,S20260424_094231,SC01,AUTO,23.5622,43.7997,0.0613,hold,1,1500,VIDE,0.0,0.03,0.0,4.97702,-0.698132,0.0,1,0,22.174,16.386,0.0,0.03,0.0,4.0,5.0,2.0,0.5,0.05,1,0.97702,0.02298,0.0
666,2026-04-24T08:43:15.789Z,S20260424_094231,SC01,AUTO,23.6238,43.8613,0.0616,hold,1,1500,VIDE,0.0,0.03,0.0,4.975689,-0.698132,0.0,1,0,13.809,19.032,0.0,0.03,0.0,4.0,5.0,2.0,0.5,0.05,1,0.97569,0.02431,0.0
667,2026-04-24T08:43:15.852Z,S20260424_094231,SC01,AUTO,23.6865,43.924,0.0627,hold,1,1500,VIDE,0.0,0.03,0.0,4.974355,-0.698132,0.0,1,0,13.212,19.615,0.0,0.03,0.0,4.0,5.0,2.0,0.5,0.05,1,0.97435,0.02565,0.0
668,2026-04-24T08:43:15.914Z,S20260424_094231,SC01,AUTO,23.7493,43.9868,0.0628,hold,1,1500,VIDE,0.0,0.03,0.0,4.973017,-0.698132,-0.0,1,0,7.736,18.507,0.0,0.03,0.0,4.0,5.0,2.0,0.5,0.05,1,0.97302,0.02698,0.0
669,2026-04-24T08:43:15.978Z,S20260424_094231,SC01,AUTO,23.8126,44.0501,0.0633,hold,1,1500,VIDE,0.0,0.03,0.0,4.971677,-0.698132,-0.0,1,0,27.851,19.81,0.0,0.03,0.0,4.0,5.0,2.0,0.5,0.05,1,0.97168,0.02832,0.0
670,2026-04-24T08:43:16.040Z,S20260424_094231,SC01,AUTO,23.8749,44.1124,0.0623,hold,1,1500,VIDE,0.0,0.03,0.0,4.970335,-0.698132,0.0,1,0,26.528,18.631,0.0,0.03,0.0,4.0,5.0,2.0,0.5,0.05,1,0.97034,0.02966,0.0
671,2026-04-24T08:43:16.101Z,S20260424_094231,SC01,AUTO,23.9357,44.1732,0.0608,hold,1,1500,VIDE,0.0,0.03,0.0,4.968319,-0.698132,-0.0,1,0,11.374,19.654,0.0,0.03,0.0,4.0,5.0,2.0,0.5,0.05,1,0.96832,0.03168,0.0
672,2026-04-24T08:43:16.165Z,S20260424_094231,SC01,AUTO,23.9997,44.2372,0.064,hold,1,1500,VIDE,0.0,0.03,0.0,4.966975,-0.698132,-0.0,1,0,25.777,19.884,0.0,0.03,0.0,4.0,5.0,2.0,0.5,0.05,1,0.96697,0.03303,0.0
673,2026-04-24T08:43:16.226Z,S20260424_094231,SC01,AUTO,24.0614,44.2989,0.0617,hold,1,1500,VIDE,0.0,0.03,0.0,4.965629,-0.698132,0.0,1,0,26.29,17.671,0.0,0.03,0.0,4.0,5.0,2.0,0.5,0.05,1,0.96563,0.03437,0.0
674,2026-04-24T08:43:16.289Z,S20260424_094231,SC01,AUTO,24.1238,44.3613,0.0624,hold,1,1500,VIDE,0.0,0.03,0.0,4.964283,-0.698132,0.0,1,0,25.117,15.92,0.0,0.03,0.0,4.0,5.0,2.0,0.5,0.05,1,0.96428,0.03572,0.0
675,2026-04-24T08:43:16.354Z,S20260424_094231,SC01,AUTO,24.189,44.4265,0.0652,hold,1,1500,VIDE,0.0,0.03,0.0,4.962937,-0.698132,-0.0,1,0,23.238,17.841,0.0,0.03,0.0,4.0,5.0,2.0,0.5,0.05,1,0.96294,0.03706,0.0
676,2026-04-24T08:43:16.414Z,S20260424_094231,SC01,AUTO,24.2492,44.4867,0.0602,hold,1,1500,VIDE,0.0,0.03,0.0,4.961591,-0.698132,-0.0,1,0,20.961,19.027,0.0,0.03,0.0,4.0,5.0,2.0,0.5,0.05,1,0.96159,0.03841,0.0
677,2026-04-24T08:43:16.484Z,S20260424_094231,SC01,AUTO,24.3186,44.5561,0.0694,hold,1,1500,VIDE,0.0,0.03,0.0,4.959571,-0.698132,0.0,1,0,8.984,18.932,0.0,0.03,0.0,4.0,5.0,2.0,0.5,0.05,1,0.95957,0.04043,0.0
678,2026-04-24T08:43:16.549Z,S20260424_094231,SC01,AUTO,24.3837,44.6211,0.065,hold,1,1500,VIDE,0.0,0.03,0.0,4.958225,-0.698132,0.0,1,0,24.181,19.233,0.0,0.03,0.0,4.0,5.0,2.0,0.5,0.05,1,0.95822,0.04178,0.0
679,2026-04-24T08:43:16.601Z,S20260424_094231,SC01,AUTO,24.4359,44.6734,0.0523,hold,1,1500,VIDE,0.0,0.03,0.0,4.956878,-0.698132,0.0,1,0,22.701,19.71,0.0,0.03,0.0,4.0,5.0,2.0,0.5,0.05,1,0.95688,0.04312,0.0
680,2026-04-24T08:43:16.665Z,S20260424_094231,SC01,AUTO,24.4995,44.737,0.0635,hold,1,1500,VIDE,0.0,0.03,0.0,4.955532,-0.698132,-0.0,1,0,21.298,18.616,0.0,0.03,0.0,4.0,5.0,2.0,0.5,0.05,1,0.95553,0.04447,0.0
681,2026-04-24T08:43:16.727Z,S20260424_094231,SC01,AUTO,24.5618,44.7992,0.0623,hold,1,1500,VIDE,0.0,0.03,0.0,4.954185,-0.698132,-0.0,1,0,18.965,16.64,0.0,0.03,0.0,4.0,5.0,2.0,0.5,0.05,1,0.95419,0.04581,0.0
682,2026-04-24T08:43:16.789Z,S20260424_094231,SC01,AUTO,24.624,44.8615,0.0623,hold,1,1500,VIDE,0.0,0.03,0.0,4.952167,-0.698132,0.0,1,0,19.941,19.643,0.0,0.03,0.0,4.0,5.0,2.0,0.5,0.05,1,0.95217,0.04783,0.0
683,2026-04-24T08:43:16.853Z,S20260424_094231,SC01,AUTO,24.6882,44.9257,0.0642,hold,1,1500,VIDE,0.0,0.03,0.0,4.95082,-0.698132,-0.0,1,0,18.392,19.162,0.0,0.03,0.0,4.0,5.0,2.0,0.5,0.05,1,0.95082,0.04918,0.0
684,2026-04-24T08:43:16.914Z,S20260424_094231,SC01,AUTO,24.7492,44.9867,0.0609,hold,1,1500,VIDE,0.0,0.03,0.0,4.949475,-0.698132,-0.0,1,0,15.688,19.445,0.0,0.03,0.0,4.0,5.0,2.0,0.5,0.05,1,0.94947,0.05053,0.0
685,2026-04-24T08:43:16.982Z,S20260424_094231,SC01,AUTO,24.8166,45.0541,0.0674,hold,1,1500,VIDE,0.0,0.03,0.0,4.94813,-0.698132,0.0,1,0,15.075,18.893,0.0,0.03,0.0,4.0,5.0,2.0,0.5,0.05,1,0.94813,0.05187,0.0
686,2026-04-24T08:43:17.046Z,S20260424_094231,SC01,AUTO,24.8807,45.1182,0.0641,hold,1,1500,VIDE,0.0,0.03,0.0,4.946784,-0.698132,-0.0,1,0,13.465,18.871,0.0,0.03,0.0,4.0,5.0,2.0,0.5,0.05,1,0.94678,0.05322,0.0
687,2026-04-24T08:43:17.108Z,S20260424_094231,SC01,AUTO,24.9435,45.1809,0.0628,hold,1,1500,VIDE,0.0,0.03,0.0,4.944767,-0.698132,-0.0,1,0,17.886,18.642,0.0,0.03,0.0,4.0,5.0,2.0,0.5,0.05,1,0.94477,0.05523,0.0
688,2026-04-24T08:43:17.167Z,S20260424_094231,SC01,AUTO,25.0022,45.2397,0.0587,hold,1,1500,VIDE,0.0,0.03,0.0,4.943422,-0.698132,0.0,1,0,14.756,19.12,0.0,0.03,0.0,4.0,5.0,2.0,0.5,0.05,1,0.94342,0.05658,0.0
689,2026-04-24T08:43:17.228Z,S20260424_094231,SC01,AUTO,25.0634,45.3008,0.0612,hold,1,1500,VIDE,0.0,0.03,0.0,4.942077,-0.698132,-0.0,1,0,16.483,19.941,0.0,0.03,0.0,4.0,5.0,2.0,0.5,0.05,1,0.94208,0.05792,0.0
690,2026-04-24T08:43:17.289Z,S20260424_094231,SC01,AUTO,25.1242,45.3617,0.0608,hold,1,1500,VIDE,0.0,0.03,0.0,4.940733,-0.698132,0.0,1,0,11.379,19.281,0.0,0.03,0.0,4.0,5.0,2.0,0.5,0.05,1,0.94073,0.05927,0.0
691,2026-04-24T08:43:17.353Z,S20260424_094231,SC01,AUTO,25.1876,45.4251,0.0634,hold,1,1500,VIDE,0.0,0.03,0.0,4.939389,-0.698132,0.0,1,0,9.092,19.552,0.0,0.03,0.0,4.0,5.0,2.0,0.5,0.05,1,0.93939,0.06061,0.0
692,2026-04-24T08:43:17.419Z,S20260424_094231,SC01,AUTO,25.2544,45.4918,0.0668,hold,1,1500,VIDE,0.0,0.03,0.0,4.938045,-0.698132,0.0,1,0,24.754,19.996,0.0,0.03,0.0,4.0,5.0,2.0,0.5,0.05,1,0.93805,0.06195,0.0
693,2026-04-24T08:43:17.477Z,S20260424_094231,SC01,AUTO,25.3116,45.5491,0.0573,hold,1,1500,VIDE,0.0,0.03,0.0,4.936477,-0.698132,-0.0,1,0,28.17,6.515,0.0,0.03,0.0,4.0,5.0,2.0,0.5,0.05,1,0.93648,0.06352,0.0
694,2026-04-24T08:43:17.541Z,S20260424_094231,SC01,AUTO,25.3764,45.6139,0.0648,hold,1,1500,VIDE,0.0,0.03,0.0,4.934686,-0.698132,0.0,1,0,25.886,20.015,0.0,0.03,0.0,4.0,5.0,2.0,0.5,0.05,1,0.93469,0.06531,0.0
695,2026-04-24T08:43:17.601Z,S20260424_094231,SC01,AUTO,25.4364,45.6739,0.06,hold,1,1500,VIDE,0.0,0.03,0.0,4.933343,-0.698132,0.0,1,0,25.04,19.759,0.0,0.03,0.0,4.0,5.0,2.0,0.5,0.05,1,0.93334,0.06666,0.0
696,2026-04-24T08:43:17.667Z,S20260424_094231,SC01,AUTO,25.5023,45.7398,0.0659,hold,1,1500,VIDE,0.0,0.03,0.0,4.932,-0.698132,-0.0,1,0,20.274,18.977,0.0,0.03,0.0,4.0,5.0,2.0,0.5,0.05,1,0.932,0.068,0.0
697,2026-04-24T08:43:17.729Z,S20260424_094231,SC01,AUTO,25.5642,45.8017,0.0619,hold,1,1500,VIDE,0.0,0.03,0.0,4.930434,-0.698132,-0.0,1,0,40.959,25.79,0.0,0.03,0.0,4.0,5.0,2.0,0.5,0.05,1,0.93043,0.06957,0.0
698,2026-04-24T08:43:17.789Z,S20260424_094231,SC01,AUTO,25.6237,45.8612,0.0596,hold,1,1500,VIDE,0.0,0.03,0.0,4.928644,-0.698132,-0.0,1,0,19.667,19.964,0.0,0.03,0.0,4.0,5.0,2.0,0.5,0.05,1,0.92864,0.07136,0.0
699,2026-04-24T08:43:17.851Z,S20260424_094231,SC01,AUTO,25.6863,45.9238,0.0625,hold,1,1500,VIDE,0.0,0.03,0.0,4.927302,-0.698132,0.0,1,0,17.836,18.473,0.0,0.03,0.0,4.0,5.0,2.0,0.5,0.05,1,0.9273,0.0727,0.0
700,2026-04-24T08:43:17.918Z,S20260424_094231,SC01,AUTO,25.7532,45.9907,0.0669,hold,1,1500,VIDE,0.0,0.03,0.0,4.92596,-0.698132,-0.0,1,0,16.637,19.958,0.0,0.03,0.0,4.0,5.0,2.0,0.5,0.05,1,0.92596,0.07404,0.0
701,2026-04-24T08:43:17.984Z,S20260424_094231,SC01,AUTO,25.8191,46.0566,0.066,hold,1,1500,VIDE,0.0,0.03,0.0,4.924618,-0.698132,0.0,1,0,12.067,19.178,0.0,0.03,0.0,4.0,5.0,2.0,0.5,0.05,1,0.92462,0.07538,0.0
702,2026-04-24T08:43:18.048Z,S20260424_094231,SC01,AUTO,25.8832,46.1206,0.064,hold,1,1500,VIDE,0.0,0.03,0.0,4.922606,-0.698132,-0.0,1,0,17.138,19.092,0.0,0.03,0.0,4.0,5.0,2.0,0.5,0.05,1,0.92261,0.07739,0.0
703,2026-04-24T08:43:18.101Z,S20260424_094231,SC01,AUTO,25.9358,46.1733,0.0527,hold,1,1500,VIDE,0.0,0.03,0.0,4.921712,-0.698132,-0.0,1,0,31.831,5.913,0.0,0.03,0.0,4.0,5.0,2.0,0.5,0.05,1,0.92171,0.07829,0.0
704,2026-04-24T08:43:18.165Z,S20260424_094231,SC01,AUTO,25.9998,46.2373,0.064,hold,1,1500,VIDE,0.0,0.03,0.0,4.919924,-0.698132,-0.0,1,0,11.033,18.829,0.0,0.03,0.0,4.0,5.0,2.0,0.5,0.05,1,0.91992,0.08008,0.0
705,2026-04-24T08:43:18.228Z,S20260424_094231,SC01,AUTO,26.0633,46.3008,0.0635,hold,1,1500,VIDE,0.0,0.03,0.0,4.918583,-0.698132,-0.0,1,0,24.777,18.114,0.0,0.03,0.0,4.0,5.0,2.0,0.5,0.05,1,0.91858,0.08142,0.0
706,2026-04-24T08:43:18.293Z,S20260424_094231,SC01,AUTO,26.1278,46.3653,0.0645,hold,1,1500,VIDE,0.0,0.03,0.0,4.917243,-0.698132,0.0,1,0,24.36,18.522,0.0,0.03,0.0,4.0,5.0,2.0,0.5,0.05,1,0.91724,0.08276,0.0
707,2026-04-24T08:43:18.356Z,S20260424_094231,SC01,AUTO,26.1908,46.4283,0.063,hold,1,1500,VIDE,0.0,0.03,0.0,4.915903,-0.698132,0.0,1,0,19.539,19.438,0.0,0.03,0.0,4.0,5.0,2.0,0.5,0.05,1,0.9159,0.0841,0.0
708,2026-04-24T08:43:18.418Z,S20260424_094231,SC01,AUTO,26.253,46.4905,0.0622,hold,1,1500,VIDE,0.0,0.03,0.0,4.914563,-0.698132,-0.0,1,0,30.089,19.386,0.0,0.03,0.0,4.0,5.0,2.0,0.5,0.05,1,0.91456,0.08544,0.0
709,2026-04-24T08:43:18.485Z,S20260424_094231,SC01,AUTO,26.3201,46.5575,0.067,hold,1,1500,VIDE,0.0,0.03,0.0,4.912553,-0.698132,-0.0,1,0,12.76,19.509,0.0,0.03,0.0,4.0,5.0,2.0,0.5,0.05,1,0.91255,0.08745,0.0
710,2026-04-24T08:43:18.548Z,S20260424_094231,SC01,AUTO,26.3829,46.6204,0.0629,hold,1,1500,VIDE,0.0,0.03,0.0,4.911214,-0.698132,-0.0,1,0,9.921,18.399,0.0,0.03,0.0,4.0,5.0,2.0,0.5,0.05,1,0.91121,0.08879,0.0
711,2026-04-24T08:43:18.608Z,S20260424_094231,SC01,AUTO,26.4428,46.6803,0.0599,hold,1,1500,VIDE,0.0,0.03,0.0,4.909875,-0.698132,-0.0,1,0,24.779,18.96,0.0,0.03,0.0,4.0,5.0,2.0,0.5,0.05,1,0.90987,0.09013,0.0
712,2026-04-24T08:43:18.668Z,S20260424_094231,SC01,AUTO,26.503,46.7405,0.0602,hold,1,1500,VIDE,0.0,0.03,0.0,4.908536,-0.698132,-0.0,1,0,21.46,19.888,0.0,0.03,0.0,4.0,5.0,2.0,0.5,0.05,1,0.90854,0.09146,0.0
713,2026-04-24T08:43:18.729Z,S20260424_094231,SC01,AUTO,26.5638,46.8013,0.0608,hold,1,1500,VIDE,0.0,0.03,0.0,4.907197,-0.698132,-0.0,1,0,18.732,18.286,0.0,0.03,0.0,4.0,5.0,2.0,0.5,0.05,1,0.9072,0.0928,0.0
714,2026-04-24T08:43:18.789Z,S20260424_094231,SC01,AUTO,26.6239,46.8613,0.0601,hold,1,1500,VIDE,0.0,0.03,0.0,4.905859,-0.698132,0.0,1,0,12.949,18.96,0.0,0.03,0.0,4.0,5.0,2.0,0.5,0.05,1,0.90586,0.09414,0.0
715,2026-04-24T08:43:18.851Z,S20260424_094231,SC01,AUTO,26.6864,46.9238,0.0625,hold,1,1500,VIDE,0.0,0.03,0.0,4.903852,-0.698132,0.0,1,0,17.232,19.324,0.0,0.03,0.0,4.0,5.0,2.0,0.5,0.05,1,0.90385,0.09615,0.0
716,2026-04-24T08:43:18.916Z,S20260424_094231,SC01,AUTO,26.7509,46.9884,0.0646,hold,1,1500,VIDE,0.0,0.03,0.0,4.902514,-0.698132,0.0,1,0,14.248,20.341,0.0,0.03,0.0,4.0,5.0,2.0,0.5,0.05,1,0.90251,0.09749,0.0
717,2026-04-24T08:43:18.981Z,S20260424_094231,SC01,AUTO,26.816,47.0535,0.0651,hold,1,1500,VIDE,0.0,0.03,0.0,4.901176,-0.698132,-0.0,1,0,15.43,19.27,0.0,0.03,0.0,4.0,5.0,2.0,0.5,0.05,1,0.90118,0.09882,0.0
718,2026-04-24T08:43:19.046Z,S20260424_094231,SC01,AUTO,26.881,47.1185,0.0649,hold,1,1500,VIDE,0.0,0.03,0.0,4.899393,-0.698132,0.0,1,0,36.561,1.23,0.0,0.03,0.0,4.0,5.0,2.0,0.5,0.05,1,0.89939,0.10061,0.0
719,2026-04-24T08:43:19.102Z,S20260424_094231,SC01,AUTO,26.937,47.1745,0.056,hold,1,1500,VIDE,0.0,0.03,0.0,4.897832,-0.698132,-0.0,1,0,12.922,18.773,0.0,0.03,0.0,4.0,5.0,2.0,0.5,0.05,1,0.89783,0.10217,0.0
720,2026-04-24T08:43:19.167Z,S20260424_094231,SC01,AUTO,27.0023,47.2398,0.0654,hold,1,1500,VIDE,0.0,0.03,0.0,4.896495,-0.698132,0.0,1,0,26.586,20.043,0.0,0.03,0.0,4.0,5.0,2.0,0.5,0.05,1,0.8965,0.1035,0.0
721,2026-04-24T08:43:19.229Z,S20260424_094231,SC01,AUTO,27.0642,47.3017,0.0618,hold,1,1500,VIDE,0.0,0.03,0.0,4.895159,-0.698132,0.0,1,0,22.267,13.719,0.0,0.03,0.0,4.0,5.0,2.0,0.5,0.05,1,0.89516,0.10484,0.0
722,2026-04-24T08:43:19.297Z,S20260424_094231,SC01,AUTO,27.1319,47.3694,0.0677,hold,1,1500,VIDE,0.0,0.03,0.0,4.893154,-0.698132,0.0,1,0,24.672,18.935,0.0,0.03,0.0,4.0,5.0,2.0,0.5,0.05,1,0.89315,0.10685,0.0
723,2026-04-24T08:43:19.352Z,S20260424_094231,SC01,AUTO,27.1867,47.4242,0.0549,hold,1,1500,VIDE,0.0,0.03,0.0,4.892486,-0.698132,0.0,1,0,19.913,20.076,0.0,0.03,0.0,4.0,5.0,2.0,0.5,0.05,1,0.89249,0.10751,0.0
724,2026-04-24T08:43:19.413Z,S20260424_094231,SC01,AUTO,27.2483,47.4858,0.0616,hold,1,1500,VIDE,0.0,0.03,0.0,4.89115,-0.698132,-0.0,1,0,22.441,18.774,0.0,0.03,0.0,4.0,5.0,2.0,0.5,0.05,1,0.89115,0.10885,0.0
725,2026-04-24T08:43:19.478Z,S20260424_094231,SC01,AUTO,27.3127,47.5502,0.0645,hold,1,1500,VIDE,0.0,0.03,0.0,4.889146,-0.698132,-0.0,1,0,22.676,20.169,0.0,0.03,0.0,4.0,5.0,2.0,0.5,0.05,1,0.88915,0.11085,0.0
726,2026-04-24T08:43:19.541Z,S20260424_094231,SC01,AUTO,27.3761,47.6136,0.0634,hold,1,1500,VIDE,0.0,0.03,0.0,4.887811,-0.698132,-0.0,1,0,17.457,20.486,0.0,0.03,0.0,4.0,5.0,2.0,0.5,0.05,1,0.88781,0.11219,0.0
727,2026-04-24T08:43:19.605Z,S20260424_094231,SC01,AUTO,27.4403,47.6778,0.0642,hold,1,1500,VIDE,0.0,0.03,0.0,4.886476,-0.698132,-0.0,1,0,16.538,18.819,0.0,0.03,0.0,4.0,5.0,2.0,0.5,0.05,1,0.88648,0.11352,0.0
728,2026-04-24T08:43:19.667Z,S20260424_094231,SC01,AUTO,27.5018,47.7393,0.0615,hold,1,1500,VIDE,0.0,0.03,0.0,4.884918,-0.698132,0.0,1,0,37.411,26.151,0.0,0.03,0.0,4.0,5.0,2.0,0.5,0.05,1,0.88492,0.11508,0.0
729,2026-04-24T08:43:19.729Z,S20260424_094231,SC01,AUTO,27.5638,47.8013,0.062,hold,1,1500,VIDE,0.0,0.03,0.0,4.883139,-0.698132,-0.0,1,0,16.184,18.732,0.0,0.03,0.0,4.0,5.0,2.0,0.5,0.05,1,0.88314,0.11686,0.0
730,2026-04-24T08:43:19.793Z,S20260424_094231,SC01,AUTO,27.6284,47.8659,0.0646,hold,1,1500,VIDE,0.0,0.03,0.0,4.881804,-0.698132,0.0,1,0,12.38,19.53,0.0,0.03,0.0,4.0,5.0,2.0,0.5,0.05,1,0.8818,0.1182,0.0
731,2026-04-24T08:43:19.856Z,S20260424_094231,SC01,AUTO,27.6915,47.929,0.063,hold,1,1500,VIDE,0.0,0.03,0.0,4.88047,-0.698132,-0.0,1,0,25.097,20.514,0.0,0.03,0.0,4.0,5.0,2.0,0.5,0.05,1,0.88047,0.11953,0.0
732,2026-04-24T08:43:19.918Z,S20260424_094231,SC01,AUTO,27.7529,47.9904,0.0615,hold,1,1500,VIDE,0.0,0.03,0.0,4.878913,-0.698132,0.0,1,0,28.664,4.344,0.0,0.03,0.0,4.0,5.0,2.0,0.5,0.05,1,0.87891,0.12109,0.0
733,2026-04-24T08:43:19.978Z,S20260424_094231,SC01,AUTO,27.8128,48.0503,0.0599,hold,1,1500,VIDE,0.0,0.03,0.0,4.877135,-0.698132,-0.0,1,0,27.271,20.011,0.0,0.03,0.0,4.0,5.0,2.0,0.5,0.05,1,0.87714,0.12286,0.0
734,2026-04-24T08:43:20.042Z,S20260424_094231,SC01,AUTO,27.8774,48.1149,0.0647,hold,1,1500,VIDE,0.0,0.03,0.0,4.875802,-0.698132,-0.0,1,0,22.67,18.933,0.0,0.03,0.0,4.0,5.0,2.0,0.5,0.05,1,0.8758,0.1242,0.0
735,2026-04-24T08:43:20.104Z,S20260424_094231,SC01,AUTO,27.9389,48.1764,0.0614,hold,1,1500,VIDE,0.0,0.03,0.0,4.874468,-0.698132,-0.0,1,0,18.988,19.05,0.0,0.03,0.0,4.0,5.0,2.0,0.5,0.05,1,0.87447,0.12553,0.0
736,2026-04-24T08:43:20.166Z,S20260424_094231,SC01,AUTO,28.0007,48.2382,0.0618,hold,1,1500,VIDE,0.0,0.03,0.0,4.873136,-0.698132,-0.0,1,0,14.715,16.832,0.0,0.03,0.0,4.0,5.0,2.0,0.5,0.05,1,0.87314,0.12686,0.0
737,2026-04-24T08:43:20.227Z,S20260424_094231,SC01,AUTO,28.0619,48.2994,0.0612,hold,1,1500,VIDE,0.0,0.03,0.0,4.871136,-0.698132,-0.0,1,0,17.301,19.678,0.0,0.03,0.0,4.0,5.0,2.0,0.5,0.05,1,0.87114,0.12886,0.0
738,2026-04-24T08:43:20.289Z,S20260424_094231,SC01,AUTO,28.1238,48.3613,0.0618,hold,1,1500,VIDE,0.0,0.03,0.0,4.869804,-0.698132,0.0,1,0,15.059,19.831,0.0,0.03,0.0,4.0,5.0,2.0,0.5,0.05,1,0.8698,0.1302,0.0
739,2026-04-24T08:43:20.358Z,S20260424_094231,SC01,AUTO,28.1931,48.4306,0.0694,hold,1,1500,VIDE,0.0,0.03,0.0,4.868472,-0.698132,-0.0,1,0,10.112,20.24,0.0,0.03,0.0,4.0,5.0,2.0,0.5,0.05,1,0.86847,0.13153,0.0
740,2026-04-24T08:43:20.419Z,S20260424_094231,SC01,AUTO,28.2542,48.4917,0.061,hold,1,1500,VIDE,0.0,0.03,0.0,4.867139,-0.698132,-0.0,1,0,9.206,19.567,0.0,0.03,0.0,4.0,5.0,2.0,0.5,0.05,1,0.86714,0.13286,0.0
741,2026-04-24T08:43:20.485Z,S20260424_094231,SC01,AUTO,28.3198,48.5572,0.0656,hold,1,1500,VIDE,0.0,0.03,0.0,4.865142,-0.698132,0.0,1,0,12.876,18.65,0.0,0.03,0.0,4.0,5.0,2.0,0.5,0.05,1,0.86514,0.13486,0.0
742,2026-04-24T08:43:20.548Z,S20260424_094231,SC01,AUTO,28.383,48.6205,0.0633,hold,1,1500,VIDE,0.0,0.03,0.0,4.863811,-0.698132,-0.0,1,0,8.949,19.208,0.0,0.03,0.0,4.0,5.0,2.0,0.5,0.05,1,0.86381,0.13619,0.0
743,2026-04-24T08:43:20.609Z,S20260424_094231,SC01,AUTO,28.4436,48.6811,0.0606,hold,1,1500,VIDE,0.0,0.03,0.0,4.862479,-0.698132,0.0,1,0,24.106,19.163,0.0,0.03,0.0,4.0,5.0,2.0,0.5,0.05,1,0.86248,0.13752,0.0
744,2026-04-24T08:43:20.666Z,S20260424_094231,SC01,AUTO,28.5011,48.7386,0.0574,hold,1,1500,VIDE,0.0,0.03,0.0,4.861148,-0.698132,0.0,1,0,16.059,19.314,0.0,0.03,0.0,4.0,5.0,2.0,0.5,0.05,1,0.86115,0.13885,0.0
745,2026-04-24T08:43:20.729Z,S20260424_094231,SC01,AUTO,28.5636,48.8011,0.0626,hold,1,1500,VIDE,0.0,0.03,0.0,4.859818,-0.698132,-0.0,1,0,13.007,16.014,0.0,0.03,0.0,4.0,5.0,2.0,0.5,0.05,1,0.85982,0.14018,0.0
746,2026-04-24T08:43:20.789Z,S20260424_094231,SC01,AUTO,28.6239,48.8614,0.0602,hold,1,1500,VIDE,0.0,0.03,0.0,4.858487,-0.698132,-0.0,1,0,20.938,19.524,0.0,0.03,0.0,4.0,5.0,2.0,0.5,0.05,1,0.85849,0.14151,0.0
747,2026-04-24T08:43:20.853Z,S20260424_094231,SC01,AUTO,28.6884,48.9258,0.0645,hold,1,1500,VIDE,0.0,0.03,0.0,4.856492,-0.698132,0.0,1,0,24.354,18.84,0.0,0.03,0.0,4.0,5.0,2.0,0.5,0.05,1,0.85649,0.14351,0.0
748,2026-04-24T08:43:20.917Z,S20260424_094231,SC01,AUTO,28.7519,48.9894,0.0636,hold,1,1500,VIDE,0.0,0.03,0.0,4.855161,-0.698132,-0.0,1,0,20.572,19.005,0.0,0.03,0.0,4.0,5.0,2.0,0.5,0.05,1,0.85516,0.14484,0.0
749,2026-04-24T08:43:20.981Z,S20260424_094231,SC01,AUTO,28.8165,49.054,0.0645,hold,1,1500,VIDE,0.0,0.03,0.0,4.853831,-0.698132,0.0,1,0,17.626,18.569,0.0,0.03,0.0,4.0,5.0,2.0,0.5,0.05,1,0.85383,0.14617,0.0
750,2026-04-24T08:43:21.045Z,S20260424_094231,SC01,AUTO,28.8797,49.1171,0.0632,hold,1,1500,VIDE,0.0,0.03,0.0,4.852502,-0.698132,-0.0,1,0,13.192,18.437,0.0,0.03,0.0,4.0,5.0,2.0,0.5,0.05,1,0.8525,0.1475,0.0
751,2026-04-24T08:43:21.108Z,S20260424_094231,SC01,AUTO,28.9429,49.1804,0.0633,hold,1,1500,VIDE,0.0,0.03,0.0,4.850508,-0.698132,0.0,1,0,15.173,19.44,0.0,0.03,0.0,4.0,5.0,2.0,0.5,0.05,1,0.85051,0.14949,0.0
752,2026-04-24T08:43:21.167Z,S20260424_094231,SC01,AUTO,29.0024,49.2399,0.0595,hold,1,1500,VIDE,0.0,0.03,0.0,4.849179,-0.698132,0.0,1,0,9.661,19.674,0.0,0.03,0.0,4.0,5.0,2.0,0.5,0.05,1,0.84918,0.15082,0.0
753,2026-04-24T08:43:21.229Z,S20260424_094231,SC01,AUTO,29.0636,49.3011,0.0611,hold,1,1500,VIDE,0.0,0.03,0.0,4.84785,-0.698132,0.0,1,0,22.848,15.574,0.0,0.03,0.0,4.0,5.0,2.0,0.5,0.05,1,0.84785,0.15215,0.0
754,2026-04-24T08:43:21.289Z,S20260424_094231,SC01,AUTO,29.1238,49.3613,0.0602,hold,1,1500,VIDE,0.0,0.03,0.0,4.846521,-0.698132,0.0,1,0,20.976,18.113,0.0,0.03,0.0,4.0,5.0,2.0,0.5,0.05,1,0.84652,0.15348,0.0
755,2026-04-24T08:43:21.351Z,S20260424_094231,SC01,AUTO,29.1862,49.4237,0.0625,hold,1,1500,VIDE,0.0,0.03,0.0,4.844972,-0.698132,0.0,1,0,42.43,24.089,0.0,0.03,0.0,4.0,5.0,2.0,0.5,0.05,1,0.84497,0.15503,0.0
756,2026-04-24T08:43:21.417Z,S20260424_094231,SC01,AUTO,29.2516,49.4891,0.0654,hold,1,1500,VIDE,0.0,0.03,0.0,4.843201,-0.698132,0.0,1,0,18.9,19.409,0.0,0.03,0.0,4.0,5.0,2.0,0.5,0.05,1,0.8432,0.1568,0.0
757,2026-04-24T08:43:21.477Z,S20260424_094231,SC01,AUTO,29.3118,49.5493,0.0602,hold,1,1500,VIDE,0.0,0.03,0.0,4.841873,-0.698132,0.0,1,0,12.169,19.2,0.0,0.03,0.0,4.0,5.0,2.0,0.5,0.05,1,0.84187,0.15813,0.0
758,2026-04-24T08:43:21.541Z,S20260424_094231,SC01,AUTO,29.376,49.6135,0.0643,hold,1,1500,VIDE,0.0,0.03,0.0,4.840546,-0.698132,0.0,1,0,9.848,18.582,0.0,0.03,0.0,4.0,5.0,2.0,0.5,0.05,1,0.84055,0.15945,0.0
759,2026-04-24T08:43:21.602Z,S20260424_094231,SC01,AUTO,29.4368,49.6743,0.0608,hold,1,1500,VIDE,0.0,0.03,0.0,4.838554,-0.698132,0.0,1,0,12.655,19.178,0.0,0.03,0.0,4.0,5.0,2.0,0.5,0.05,1,0.83855,0.16145,0.0
760,2026-04-24T08:43:21.669Z,S20260424_094231,SC01,AUTO,29.5037,49.7412,0.0668,hold,1,1500,VIDE,0.0,0.03,0.0,4.837227,-0.698132,-0.0,1,0,27.204,18.492,0.0,0.03,0.0,4.0,5.0,2.0,0.5,0.05,1,0.83723,0.16277,0.0
761,2026-04-24T08:43:21.729Z,S20260424_094231,SC01,AUTO,29.5644,49.8019,0.0607,hold,1,1500,VIDE,0.0,0.03,0.0,4.835901,-0.698132,0.0,1,0,21.132,18.907,0.0,0.03,0.0,4.0,5.0,2.0,0.5,0.05,1,0.8359,0.1641,0.0
762,2026-04-24T08:43:21.788Z,S20260424_094231,SC01,AUTO,29.6235,49.861,0.0591,hold,1,1500,VIDE,0.0,0.03,0.0,4.834574,-0.698132,0.0,1,0,14.167,18.599,0.0,0.03,0.0,4.0,5.0,2.0,0.5,0.05,1,0.83457,0.16543,0.0
763,2026-04-24T08:43:21.858Z,S20260424_094231,SC01,AUTO,29.6926,49.9301,0.0692,hold,1,1500,VIDE,0.0,0.03,0.0,4.832584,-0.698132,0.0,1,0,14.979,19.103,0.0,0.03,0.0,4.0,5.0,2.0,0.5,0.05,1,0.83258,0.16742,0.0
764,2026-04-24T08:43:21.920Z,S20260424_094231,SC01,AUTO,29.7548,49.9923,0.0622,hold,1,1500,VIDE,0.0,0.03,0.0,4.831258,-0.698132,-0.0,1,0,11.28,19.173,0.0,0.03,0.0,4.0,5.0,2.0,0.5,0.05,1,0.83126,0.16874,0.0
765,2026-04-24T08:43:21.983Z,S20260424_094231,SC01,AUTO,29.8179,50.0554,0.0631,hold,1,1500,VIDE,0.0,0.03,0.0,4.829933,-0.698132,-0.0,1,0,9.382,19.326,0.0,0.03,0.0,4.0,5.0,2.0,0.5,0.05,1,0.82993,0.17007,0.0
766,2026-04-24T08:43:22.047Z,S20260424_094231,SC01,AUTO,29.8817,50.1192,0.0639,hold,1,1500,VIDE,0.0,0.03,0.0,4.827944,-0.698132,-0.0,1,0,11.946,19.994,0.0,0.03,0.0,4.0,5.0,2.0,0.5,0.05,1,0.82794,0.17206,0.0
767,2026-04-24T08:43:22.102Z,S20260424_094231,SC01,AUTO,29.9366,50.1741,0.0549,hold,1,1500,VIDE,0.0,0.03,0.0,4.826619,-0.698132,-0.0,1,0,8.204,19.414,0.0,0.03,0.0,4.0,5.0,2.0,0.5,0.05,1,0.82662,0.17338,0.0
768,2026-04-24T08:43:22.165Z,S20260424_094231,SC01,AUTO,30.0004,50.2379,0.0638,hold,1,1500,VIDE,0.0,0.03,0.0,4.825294,-0.698132,0.0,1,0,23.189,20.105,0.0,0.03,0.0,4.0,5.0,2.0,0.5,0.05,1,0.82529,0.17471,0.0
769,2026-04-24T08:43:22.229Z,S20260424_094231,SC01,AUTO,30.064,50.3015,0.0635,hold,1,1500,VIDE,0.0,0.03,0.0,4.823969,-0.698132,-0.0,1,0,18.009,16.075,0.0,0.03,0.0,4.0,5.0,2.0,0.5,0.05,1,0.82397,0.17603,0.0
770,2026-04-24T08:43:22.289Z,S20260424_094231,SC01,AUTO,30.1238,50.3613,0.0598,hold,1,1500,VIDE,0.0,0.03,0.0,4.822644,-0.698132,-0.0,1,0,12.887,19.326,0.0,0.03,0.0,4.0,5.0,2.0,0.5,0.05,1,0.82264,0.17736,0.0
771,2026-04-24T08:43:22.356Z,S20260424_094231,SC01,AUTO,30.1914,50.4289,0.0676,hold,1,1500,VIDE,0.0,0.03,0.0,4.820658,-0.698132,0.0,1,0,21.912,20.438,0.0,0.03,0.0,4.0,5.0,2.0,0.5,0.05,1,0.82066,0.17934,0.0
772,2026-04-24T08:43:22.419Z,S20260424_094231,SC01,AUTO,30.2539,50.4914,0.0625,hold,1,1500,VIDE,0.0,0.03,0.0,4.819334,-0.698132,0.0,1,0,21.086,19.873,0.0,0.03,0.0,4.0,5.0,2.0,0.5,0.05,1,0.81933,0.18067,0.0
773,2026-04-24T08:43:22.485Z,S20260424_094231,SC01,AUTO,30.3197,50.5572,0.0658,hold,1,1500,VIDE,0.0,0.03,0.0,4.81801,-0.698132,0.0,1,0,21.576,19.122,0.0,0.03,0.0,4.0,5.0,2.0,0.5,0.05,1,0.81801,0.18199,0.0
774,2026-04-24T08:43:22.548Z,S20260424_094231,SC01,AUTO,30.383,50.6205,0.0633,hold,1,1500,VIDE,0.0,0.03,0.0,4.816686,-0.698132,-0.0,1,0,20.21,17.129,0.0,0.03,0.0,4.0,5.0,2.0,0.5,0.05,1,0.81669,0.18331,0.0
775,2026-04-24T08:43:22.609Z,S20260424_094231,SC01,AUTO,30.4438,50.6813,0.0608,hold,1,1500,VIDE,0.0,0.03,0.0,4.815363,-0.698132,0.0,1,0,16.981,17.888,0.0,0.03,0.0,4.0,5.0,2.0,0.5,0.05,1,0.81536,0.18464,0.0
776,2026-04-24T08:43:22.668Z,S20260424_094231,SC01,AUTO,30.5031,50.7406,0.0593,hold,1,1500,VIDE,0.0,0.03,0.0,4.81404,-0.698132,-0.0,1,0,14.68,19.342,0.0,0.03,0.0,4.0,5.0,2.0,0.5,0.05,1,0.81404,0.18596,0.0
777,2026-04-24T08:43:22.728Z,S20260424_094231,SC01,AUTO,30.5634,50.8009,0.0602,hold,1,1500,VIDE,0.0,0.03,0.0,4.812055,-0.698132,-0.0,1,0,19.068,18.948,0.0,0.03,0.0,4.0,5.0,2.0,0.5,0.05,1,0.81206,0.18794,0.0
778,2026-04-24T08:43:22.788Z,S20260424_094231,SC01,AUTO,30.6231,50.8606,0.0598,hold,1,1500,VIDE,0.0,0.03,0.0,4.810732,-0.698132,0.0,1,0,16.523,19.971,0.0,0.03,0.0,4.0,5.0,2.0,0.5,0.05,1,0.81073,0.18927,0.0
779,2026-04-24T08:43:22.853Z,S20260424_094231,SC01,AUTO,30.6878,50.9253,0.0647,hold,1,1500,VIDE,0.0,0.03,0.0,4.80941,-0.698132,0.0,1,0,11.975,19.606,0.0,0.03,0.0,4.0,5.0,2.0,0.5,0.05,1,0.80941,0.19059,0.0
780,2026-04-24T08:43:22.918Z,S20260424_094231,SC01,AUTO,30.7533,50.9908,0.0655,hold,1,1500,VIDE,0.0,0.03,0.0,4.808088,-0.698132,-0.0,1,0,13.417,19.224,0.0,0.03,0.0,4.0,5.0,2.0,0.5,0.05,1,0.80809,0.19191,0.0
781,2026-04-24T08:43:22.981Z,S20260424_094231,SC01,AUTO,30.8157,51.0532,0.0624,hold,1,1500,VIDE,0.0,0.03,0.0,4.806766,-0.698132,-0.0,1,0,9.076,20.703,0.0,0.03,0.0,4.0,5.0,2.0,0.5,0.05,1,0.80677,0.19323,0.0
782,2026-04-24T08:43:23.039Z,S20260424_094231,SC01,AUTO,30.8735,51.111,0.0579,hold,1,1500,VIDE,0.0,0.03,0.0,4.805444,-0.698132,0.0,1,0,8.665,19.431,0.0,0.03,0.0,4.0,5.0,2.0,0.5,0.05,1,0.80544,0.19456,0.0
783,2026-04-24T08:43:23.102Z,S20260424_094231,SC01,AUTO,30.9367,51.1742,0.0632,hold,1,1500,VIDE,0.0,0.03,0.0,4.803682,-0.698132,-0.0,1,0,33.716,1.055,0.0,0.03,0.0,4.0,5.0,2.0,0.5,0.05,1,0.80368,0.19632,0.0
784,2026-04-24T08:43:23.167Z,S20260424_094231,SC01,AUTO,31.0017,51.2391,0.065,hold,1,1500,VIDE,0.0,0.03,0.0,4.802141,-0.698132,0.0,1,0,11.756,20.209,0.0,0.03,0.0,4.0,5.0,2.0,0.5,0.05,1,0.80214,0.19786,0.0
785,2026-04-24T08:43:23.228Z,S20260424_094231,SC01,AUTO,31.0634,51.3009,0.0618,hold,1,1500,VIDE,0.0,0.03,0.0,4.800819,-0.698132,0.0,1,0,8.179,20.295,0.0,0.03,0.0,4.0,5.0,2.0,0.5,0.05,1,0.80082,0.19918,0.0
786,2026-04-24T08:43:23.288Z,S20260424_094231,SC01,AUTO,31.1233,51.3608,0.0598,hold,1,1500,VIDE,0.0,0.03,0.0,4.799499,-0.698132,-0.0,1,0,26.993,19.257,0.0,0.03,0.0,4.0,5.0,2.0,0.5,0.05,1,0.7995,0.2005,0.0
787,2026-04-24T08:43:23.357Z,S20260424_094231,SC01,AUTO,31.1917,51.4292,0.0685,hold,1,1500,VIDE,0.0,0.03,0.0,4.798178,-0.698132,-0.0,1,0,25.184,19.556,0.0,0.03,0.0,4.0,5.0,2.0,0.5,0.05,1,0.79818,0.20182,0.0
788,2026-04-24T08:43:23.420Z,S20260424_094231,SC01,AUTO,31.2545,51.492,0.0628,hold,1,1500,VIDE,0.0,0.03,0.0,4.796858,-0.698132,0.0,1,0,23.939,18.723,0.0,0.03,0.0,4.0,5.0,2.0,0.5,0.05,1,0.79686,0.20314,0.0
789,2026-04-24T08:43:23.478Z,S20260424_094231,SC01,AUTO,31.3128,51.5502,0.0582,hold,1,1500,VIDE,0.0,0.03,0.0,4.795097,-0.698132,0.0,1,0,29.037,1.042,0.0,0.03,0.0,4.0,5.0,2.0,0.5,0.05,1,0.7951,0.2049,0.0
790,2026-04-24T08:43:23.541Z,S20260424_094231,SC01,AUTO,31.3757,51.6132,0.063,hold,1,1500,VIDE,0.0,0.03,0.0,4.794218,-0.698132,-0.0,1,0,22.707,19.641,0.0,0.03,0.0,4.0,5.0,2.0,0.5,0.05,1,0.79422,0.20578,0.0
791,2026-04-24T08:43:23.605Z,S20260424_094231,SC01,AUTO,31.4403,51.6778,0.0646,hold,1,1500,VIDE,0.0,0.03,0.0,4.792238,-0.698132,-0.0,1,0,11.989,20.355,0.0,0.03,0.0,4.0,5.0,2.0,0.5,0.05,1,0.79224,0.20776,0.0
792,2026-04-24T08:43:23.666Z,S20260424_094231,SC01,AUTO,31.5014,51.7389,0.0611,hold,1,1500,VIDE,0.0,0.03,0.0,4.790919,-0.698132,-0.0,1,0,9.427,20.258,0.0,0.03,0.0,4.0,5.0,2.0,0.5,0.05,1,0.79092,0.20908,0.0
793,2026-04-24T08:43:23.728Z,S20260424_094231,SC01,AUTO,31.5631,51.8006,0.0616,hold,1,1500,VIDE,0.0,0.03,0.0,4.789599,-0.698132,0.0,1,0,9.396,20.006,0.0,0.03,0.0,4.0,5.0,2.0,0.5,0.05,1,0.7896,0.2104,0.0
794,2026-04-24T08:43:23.788Z,S20260424_094231,SC01,AUTO,31.6233,51.8608,0.0602,hold,1,1500,VIDE,0.0,0.03,0.0,4.78828,-0.698132,0.0,1,0,26.378,19.747,0.0,0.03,0.0,4.0,5.0,2.0,0.5,0.05,1,0.78828,0.21172,0.0
795,2026-04-24T08:43:23.851Z,S20260424_094231,SC01,AUTO,31.6864,51.9239,0.063,hold,1,1500,VIDE,0.0,0.03,0.0,4.786962,-0.698132,-0.0,1,0,22.493,20.201,0.0,0.03,0.0,4.0,5.0,2.0,0.5,0.05,1,0.78696,0.21304,0.0
796,2026-04-24T08:43:23.918Z,S20260424_094231,SC01,AUTO,31.7529,51.9904,0.0665,hold,1,1500,VIDE,0.0,0.03,0.0,4.785643,-0.698132,-0.0,1,0,23.336,19.218,0.0,0.03,0.0,4.0,5.0,2.0,0.5,0.05,1,0.78564,0.21436,0.0
797,2026-04-24T08:43:23.982Z,S20260424_094231,SC01,AUTO,31.8167,52.0542,0.0638,hold,1,1500,VIDE,0.0,0.03,0.0,4.783666,-0.698132,-0.0,1,0,11.293,18.672,0.0,0.03,0.0,4.0,5.0,2.0,0.5,0.05,1,0.78367,0.21633,0.0
798,2026-04-24T08:43:24.045Z,S20260424_094231,SC01,AUTO,31.8796,52.1171,0.0629,hold,1,1500,VIDE,0.0,0.03,0.0,4.782348,-0.698132,-0.0,1,0,7.864,20.566,0.0,0.03,0.0,4.0,5.0,2.0,0.5,0.05,1,0.78235,0.21765,0.0
799,2026-04-24T08:43:24.102Z,S20260424_094231,SC01,AUTO,31.9374,52.1749,0.0578,hold,1,1500,VIDE,0.0,0.03,0.0,4.78103,-0.698132,0.0,1,0,26.328,17.086,0.0,0.03,0.0,4.0,5.0,2.0,0.5,0.05,1,0.78103,0.21897,0.0
800,2026-04-24T08:43:24.165Z,S20260424_094231,SC01,AUTO,32.0,52.2375,0.0626,hold,1,1500,VIDE,0.0,0.03,0.0,4.779712,-0.698132,-0.0,1,0,27.768,18.58,0.0,0.03,0.0,4.0,5.0,2.0,0.5,0.05,1,0.77971,0.22029,0.0
801,2026-04-24T08:43:24.229Z,S20260424_094231,SC01,AUTO,32.0638,52.3012,0.0638,hold,1,1500,VIDE,0.0,0.03,0.0,4.778395,-0.698132,0.0,1,0,25.813,16.766,0.0,0.03,0.0,4.0,5.0,2.0,0.5,0.05,1,0.7784,0.2216,0.0
802,2026-04-24T08:43:24.289Z,S20260424_094231,SC01,AUTO,32.1237,52.3612,0.0599,hold,1,1500,VIDE,0.0,0.03,0.0,4.777078,-0.698132,-0.0,1,0,23.515,17.58,0.0,0.03,0.0,4.0,5.0,2.0,0.5,0.05,1,0.77708,0.22292,0.0
803,2026-04-24T08:43:24.356Z,S20260424_094231,SC01,AUTO,32.1914,52.4289,0.0678,hold,1,1500,VIDE,0.0,0.03,0.0,4.775541,-0.698132,0.0,1,0,28.632,7.195,0.0,0.03,0.0,4.0,5.0,2.0,0.5,0.05,1,0.77554,0.22446,0.0
804,2026-04-24T08:43:24.418Z,S20260424_094231,SC01,AUTO,32.253,52.4905,0.0616,hold,1,1500,VIDE,0.0,0.03,0.0,4.773786,-0.698132,0.0,1,0,26.017,19.018,0.0,0.03,0.0,4.0,5.0,2.0,0.5,0.05,1,0.77379,0.22621,0.0
805,2026-04-24T08:43:24.481Z,S20260424_094231,SC01,AUTO,32.3159,52.5534,0.0629,hold,1,1500,VIDE,0.0,0.03,0.0,4.77247,-0.698132,0.0,1,0,25.373,19.956,0.0,0.03,0.0,4.0,5.0,2.0,0.5,0.05,1,0.77247,0.22753,0.0
806,2026-04-24T08:43:24.543Z,S20260424_094231,SC01,AUTO,32.3775,52.615,0.0616,hold,1,1500,VIDE,0.0,0.03,0.0,4.771153,-0.698132,0.0,1,0,22.92,20.203,0.0,0.03,0.0,4.0,5.0,2.0,0.5,0.05,1,0.77115,0.22885,0.0
807,2026-04-24T08:43:24.606Z,S20260424_094231,SC01,AUTO,32.4408,52.6783,0.0633,hold,1,1500,VIDE,0.0,0.03,0.0,4.769837,-0.698132,0.0,1,0,21.962,19.53,0.0,0.03,0.0,4.0,5.0,2.0,0.5,0.05,1,0.76984,0.23016,0.0
808,2026-04-24T08:43:24.668Z,S20260424_094231,SC01,AUTO,32.5026,52.7401,0.0618,hold,1,1500,VIDE,0.0,0.03,0.0,4.768522,-0.698132,-0.0,1,0,19.091,15.158,0.0,0.03,0.0,4.0,5.0,2.0,0.5,0.05,1,0.76852,0.23148,0.0
809,2026-04-24T08:43:24.729Z,S20260424_094231,SC01,AUTO,32.564,52.8015,0.0614,hold,1,1500,VIDE,0.0,0.03,0.0,4.767206,-0.698132,0.0,1,0,18.49,18.3,0.0,0.03,0.0,4.0,5.0,2.0,0.5,0.05,1,0.76721,0.23279,0.0
810,2026-04-24T08:43:24.789Z,S20260424_094231,SC01,AUTO,32.6236,52.861,0.0596,hold,1,1500,VIDE,0.0,0.03,0.0,4.765891,-0.698132,-0.0,1,0,13.76,19.019,0.0,0.03,0.0,4.0,5.0,2.0,0.5,0.05,1,0.76589,0.23411,0.0
811,2026-04-24T08:43:24.853Z,S20260424_094231,SC01,AUTO,32.6878,52.9252,0.0642,hold,1,1500,VIDE,0.0,0.03,0.0,4.763918,-0.698132,-0.0,1,0,20.489,19.41,0.0,0.03,0.0,4.0,5.0,2.0,0.5,0.05,1,0.76392,0.23608,0.0
812,2026-04-24T08:43:24.917Z,S20260424_094231,SC01,AUTO,32.7515,52.989,0.0638,hold,1,1500,VIDE,0.0,0.03,0.0,4.762604,-0.698132,-0.0,1,0,17.273,19.391,0.0,0.03,0.0,4.0,5.0,2.0,0.5,0.05,1,0.7626,0.2374,0.0
813,2026-04-24T08:43:24.981Z,S20260424_094231,SC01,AUTO,32.8158,53.0532,0.0642,hold,1,1500,VIDE,0.0,0.03,0.0,4.761289,-0.698132,-0.0,1,0,16.095,21.486,0.0,0.03,0.0,4.0,5.0,2.0,0.5,0.05,1,0.76129,0.23871,0.0
814,2026-04-24T08:43:25.045Z,S20260424_094231,SC01,AUTO,32.88,53.1175,0.0642,hold,1,1500,VIDE,0.0,0.03,0.0,4.759974,-0.698132,-0.0,1,0,14.583,20.418,0.0,0.03,0.0,4.0,5.0,2.0,0.5,0.05,1,0.75997,0.24003,0.0
815,2026-04-24T08:43:25.109Z,S20260424_094231,SC01,AUTO,32.9435,53.181,0.0635,hold,1,1500,VIDE,0.0,0.03,0.0,4.758441,-0.698132,-0.0,1,0,39.795,27.855,0.0,0.03,0.0,4.0,5.0,2.0,0.5,0.05,1,0.75844,0.24156,0.0
816,2026-04-24T08:43:25.167Z,S20260424_094231,SC01,AUTO,33.0023,53.2398,0.0587,hold,1,1500,VIDE,0.0,0.03,0.0,4.757128,-0.698132,0.0,1,0,38.48,26.291,0.0,0.03,0.0,4.0,5.0,2.0,0.5,0.05,1,0.75713,0.24287,0.0
817,2026-04-24T08:43:25.228Z,S20260424_094231,SC01,AUTO,33.0634,53.3009,0.0612,hold,1,1500,VIDE,0.0,0.03,0.0,4.755376,-0.698132,-0.0,1,0,18.454,20.118,0.0,0.03,0.0,4.0,5.0,2.0,0.5,0.05,1,0.75538,0.24462,0.0
818,2026-04-24T08:43:25.289Z,S20260424_094231,SC01,AUTO,33.1237,53.3612,0.0603,hold,1,1500,VIDE,0.0,0.03,0.0,4.754063,-0.698132,-0.0,1,0,18.767,19.023,0.0,0.03,0.0,4.0,5.0,2.0,0.5,0.05,1,0.75406,0.24594,0.0
819,2026-04-24T08:43:25.358Z,S20260424_094231,SC01,AUTO,33.1925,53.43,0.0688,hold,1,1500,VIDE,0.0,0.03,0.0,4.75275,-0.698132,0.0,1,0,15.436,19.409,0.0,0.03,0.0,4.0,5.0,2.0,0.5,0.05,1,0.75275,0.24725,0.0
820,2026-04-24T08:43:25.413Z,S20260424_094231,SC01,AUTO,33.2483,53.4858,0.0558,hold,1,1500,VIDE,0.0,0.03,0.0,4.751437,-0.698132,0.0,1,0,13.599,19.02,0.0,0.03,0.0,4.0,5.0,2.0,0.5,0.05,1,0.75144,0.24856,0.0
821,2026-04-24T08:43:25.478Z,S20260424_094231,SC01,AUTO,33.3132,53.5507,0.0649,hold,1,1500,VIDE,0.0,0.03,0.0,4.750124,-0.698132,0.0,1,0,11.181,18.642,0.0,0.03,0.0,4.0,5.0,2.0,0.5,0.05,1,0.75012,0.24988,0.0
822,2026-04-24T08:43:25.541Z,S20260424_094231,SC01,AUTO,33.3759,53.6133,0.0627,hold,1,1500,VIDE,0.0,0.03,0.0,4.748812,-0.698132,0.0,1,0,9.423,20.584,0.0,0.03,0.0,4.0,5.0,2.0,0.5,0.05,1,0.74881,0.25119,0.0
823,2026-04-24T08:43:25.603Z,S20260424_094231,SC01,AUTO,33.4379,53.6754,0.0621,hold,1,1500,VIDE,0.0,0.03,0.0,4.747499,-0.698132,-0.0,1,0,27.678,18.609,0.0,0.03,0.0,4.0,5.0,2.0,0.5,0.05,1,0.7475,0.2525,0.0
824,2026-04-24T08:43:25.669Z,S20260424_094231,SC01,AUTO,33.5037,53.7412,0.0658,hold,1,1500,VIDE,0.0,0.03,0.0,4.745531,-0.698132,-0.0,1,0,12.384,19.525,0.0,0.03,0.0,4.0,5.0,2.0,0.5,0.05,1,0.74553,0.25447,0.0
825,2026-04-24T08:43:25.729Z,S20260424_094231,SC01,AUTO,33.5641,53.8015,0.0603,hold,1,1500,VIDE,0.0,0.03,0.0,4.744219,-0.698132,0.0,1,0,10.885,19.345,0.0,0.03,0.0,4.0,5.0,2.0,0.5,0.05,1,0.74422,0.25578,0.0
826,2026-04-24T08:43:25.796Z,S20260424_094231,SC01,AUTO,33.6305,53.868,0.0664,hold,1,1500,VIDE,0.0,0.03,0.0,4.742908,-0.698132,-0.0,1,0,28.227,18.511,0.0,0.03,0.0,4.0,5.0,2.0,0.5,0.05,1,0.74291,0.25709,0.0
827,2026-04-24T08:43:25.859Z,S20260424_094231,SC01,AUTO,33.6939,53.9313,0.0634,hold,1,1500,VIDE,0.0,0.03,0.0,4.741378,-0.698132,0.0,1,0,30.399,6.904,0.0,0.03,0.0,4.0,5.0,2.0,0.5,0.05,1,0.74138,0.25862,0.0
828,2026-04-24T08:43:25.918Z,S20260424_094231,SC01,AUTO,33.7526,53.99,0.0587,hold,1,1500,VIDE,0.0,0.03,0.0,4.740285,-0.698132,-0.0,1,0,21.947,18.598,0.0,0.03,0.0,4.0,5.0,2.0,0.5,0.05,1,0.74029,0.25971,0.0
829,2026-04-24T08:43:25.983Z,S20260424_094231,SC01,AUTO,33.8183,54.0558,0.0656,hold,1,1500,VIDE,0.0,0.03,0.0,4.738319,-0.698132,-0.0,1,0,9.237,19.89,0.0,0.03,0.0,4.0,5.0,2.0,0.5,0.05,1,0.73832,0.26168,0.0
830,2026-04-24T08:43:26.046Z,S20260424_094231,SC01,AUTO,33.8807,54.1182,0.0625,hold,1,1500,VIDE,0.0,0.03,0.0,4.737009,-0.698132,-0.0,1,0,25.911,19.538,0.0,0.03,0.0,4.0,5.0,2.0,0.5,0.05,1,0.73701,0.26299,0.0
831,2026-04-24T08:43:26.101Z,S20260424_094231,SC01,AUTO,33.9363,54.1737,0.0556,hold,1,1500,VIDE,0.0,0.03,0.0,4.735698,-0.698132,-0.0,1,0,23.044,15.783,0.0,0.03,0.0,4.0,5.0,2.0,0.5,0.05,1,0.7357,0.2643,0.0
832,2026-04-24T08:43:26.165Z,S20260424_094231,SC01,AUTO,34.0,54.2375,0.0637,hold,1,1500,VIDE,0.0,0.03,0.0,4.734388,-0.698132,-0.0,1,0,23.054,18.917,0.0,0.03,0.0,4.0,5.0,2.0,0.5,0.05,1,0.73439,0.26561,0.0
833,2026-04-24T08:43:26.229Z,S20260424_094231,SC01,AUTO,34.0639,54.3013,0.0639,hold,1,1500,VIDE,0.0,0.03,0.0,4.733078,-0.698132,-0.0,1,0,21.822,15.66,0.0,0.03,0.0,4.0,5.0,2.0,0.5,0.05,1,0.73308,0.26692,0.0
834,2026-04-24T08:43:26.293Z,S20260424_094231,SC01,AUTO,34.1282,54.3657,0.0644,hold,1,1500,VIDE,0.0,0.03,0.0,4.73155,-0.698132,0.0,1,0,43.576,25.12,0.0,0.03,0.0,4.0,5.0,2.0,0.5,0.05,1,0.73155,0.26845,0.0
835,2026-04-24T08:43:26.351Z,S20260424_094231,SC01,AUTO,34.1863,54.4238,0.0581,hold,1,1500,VIDE,0.0,0.03,0.0,4.730459,-0.698132,-0.0,1,0,15.033,20.351,0.0,0.03,0.0,4.0,5.0,2.0,0.5,0.05,1,0.73046,0.26954,0.0
836,2026-04-24T08:43:26.417Z,S20260424_094231,SC01,AUTO,34.2518,54.4893,0.0655,hold,1,1500,VIDE,0.0,0.03,0.0,4.728495,-0.698132,-0.0,1,0,23.592,19.416,0.0,0.03,0.0,4.0,5.0,2.0,0.5,0.05,1,0.72849,0.27151,0.0
837,2026-04-24T08:43:26.483Z,S20260424_094231,SC01,AUTO,34.3178,54.5553,0.066,hold,1,1500,VIDE,0.0,0.03,0.0,4.727186,-0.698132,0.0,1,0,20.516,19.555,0.0,0.03,0.0,4.0,5.0,2.0,0.5,0.05,1,0.72719,0.27281,0.0
838,2026-04-24T08:43:26.548Z,S20260424_094231,SC01,AUTO,34.3839,54.6214,0.0656,hold,1,1500,VIDE,0.0,0.03,0.0,4.725877,-0.698132,-0.0,1,0,18.124,18.933,0.0,0.03,0.0,4.0,5.0,2.0,0.5,0.05,1,0.72588,0.27412,0.0
839,2026-04-24T08:43:26.609Z,S20260424_094231,SC01,AUTO,34.4436,54.6811,0.0603,hold,1,1500,VIDE,0.0,0.03,0.0,4.724568,-0.698132,0.0,1,0,22.098,15.084,0.0,0.03,0.0,4.0,5.0,2.0,0.5,0.05,1,0.72457,0.27543,0.0
840,2026-04-24T08:43:26.666Z,S20260424_094231,SC01,AUTO,34.5015,54.739,0.0578,hold,1,1500,VIDE,0.0,0.03,0.0,4.72326,-0.698132,-0.0,1,0,23.179,19.128,0.0,0.03,0.0,4.0,5.0,2.0,0.5,0.05,1,0.72326,0.27674,0.0
841,2026-04-24T08:43:26.728Z,S20260424_094231,SC01,AUTO,34.5635,54.801,0.062,hold,1,1500,VIDE,0.0,0.03,0.0,4.721952,-0.698132,0.0,1,0,19.102,14.945,0.0,0.03,0.0,4.0,5.0,2.0,0.5,0.05,1,0.72195,0.27805,0.0
842,2026-04-24T08:43:26.789Z,S20260424_094231,SC01,AUTO,34.624,54.8615,0.0606,hold,1,1500,VIDE,0.0,0.03,0.0,4.720644,-0.698132,-0.0,1,0,17.214,20.166,0.0,0.03,0.0,4.0,5.0,2.0,0.5,0.05,1,0.72064,0.27936,0.0
843,2026-04-24T08:43:26.852Z,S20260424_094231,SC01,AUTO,34.6871,54.9246,0.063,hold,1,1500,VIDE,0.0,0.03,0.0,4.719337,-0.698132,-0.0,1,0,16.888,20.008,0.0,0.03,0.0,4.0,5.0,2.0,0.5,0.05,1,0.71934,0.28066,0.0
844,2026-04-24T08:43:26.916Z,S20260424_094231,SC01,AUTO,34.7511,54.9886,0.0641,hold,1,1500,VIDE,0.0,0.03,0.0,4.717375,-0.698132,-0.0,1,0,21.541,19.564,0.0,0.03,0.0,4.0,5.0,2.0,0.5,0.05,1,0.71738,0.28262,0.0
845,2026-04-24T08:43:26.981Z,S20260424_094231,SC01,AUTO,34.8157,55.0532,0.0645,hold,1,1500,VIDE,0.0,0.03,0.0,4.716068,-0.698132,0.0,1,0,20.817,18.589,0.0,0.03,0.0,4.0,5.0,2.0,0.5,0.05,1,0.71607,0.28393,0.0
846,2026-04-24T08:43:27.045Z,S20260424_094231,SC01,AUTO,34.8801,55.1175,0.0644,hold,1,1500,VIDE,0.0,0.03,0.0,4.714761,-0.698132,0.0,1,0,16.975,19.709,0.0,0.03,0.0,4.0,5.0,2.0,0.5,0.05,1,0.71476,0.28524,0.0
847,2026-04-24T08:43:27.102Z,S20260424_094231,SC01,AUTO,34.9365,55.174,0.0565,hold,1,1500,VIDE,0.0,0.03,0.0,4.713454,-0.698132,0.0,1,0,14.557,16.365,0.0,0.03,0.0,4.0,5.0,2.0,0.5,0.05,1,0.71345,0.28655,0.0
848,2026-04-24T08:43:27.169Z,S20260424_094231,SC01,AUTO,35.004,55.2415,0.0675,hold,1,1500,VIDE,0.0,0.03,0.0,4.711494,-0.698132,-0.0,1,0,19.146,19.412,0.0,0.03,0.0,4.0,5.0,2.0,0.5,0.05,1,0.71149,0.28851,0.0
849,2026-04-24T08:43:27.228Z,S20260424_094231,SC01,AUTO,35.0632,55.3007,0.0592,hold,1,1500,VIDE,0.0,0.03,0.0,4.710188,-0.698132,0.0,1,0,15.973,18.831,0.0,0.03,0.0,4.0,5.0,2.0,0.5,0.05,1,0.71019,0.28981,0.0
850,2026-04-24T08:43:27.297Z,S20260424_094231,SC01,AUTO,35.1321,55.3696,0.0689,hold,1,1500,VIDE,0.0,0.03,0.0,4.708882,-0.698132,0.0,1,0,14.557,20.048,0.0,0.03,0.0,4.0,5.0,2.0,0.5,0.05,1,0.70888,0.29112,0.0
851,2026-04-24T08:43:27.360Z,S20260424_094231,SC01,AUTO,35.1954,55.4329,0.0633,hold,1,1500,VIDE,0.0,0.03,0.0,4.707576,-0.698132,-0.0,1,0,13.138,19.384,0.0,0.03,0.0,4.0,5.0,2.0,0.5,0.05,1,0.70758,0.29242,0.0
852,2026-04-24T08:43:27.419Z,S20260424_094231,SC01,AUTO,35.2536,55.4911,0.0581,hold,1,1500,VIDE,0.0,0.03,0.0,4.706271,-0.698132,0.0,1,0,9.676,19.23,0.0,0.03,0.0,4.0,5.0,2.0,0.5,0.05,1,0.70627,0.29373,0.0
853,2026-04-24T08:43:27.478Z,S20260424_094231,SC01,AUTO,35.313,55.5505,0.0595,hold,1,1500,VIDE,0.0,0.03,0.0,4.704966,-0.698132,-0.0,1,0,26.221,19.788,0.0,0.03,0.0,4.0,5.0,2.0,0.5,0.05,1,0.70497,0.29503,0.0
854,2026-04-24T08:43:27.541Z,S20260424_094231,SC01,AUTO,35.3759,55.6134,0.0629,hold,1,1500,VIDE,0.0,0.03,0.0,4.703008,-0.698132,-0.0,1,0,12.48,18.72,0.0,0.03,0.0,4.0,5.0,2.0,0.5,0.05,1,0.70301,0.29699,0.0
855,2026-04-24T08:43:27.605Z,S20260424_094231,SC01,AUTO,35.4399,55.6773,0.0639,hold,1,1500,VIDE,0.0,0.03,0.0,4.702355,-0.698132,0.0,1,0,29.166,20.268,0.0,0.03,0.0,4.0,5.0,2.0,0.5,0.05,1,0.70236,0.29764,0.0
856,2026-04-24T08:43:27.668Z,S20260424_094231,SC01,AUTO,35.5029,55.7404,0.0631,hold,1,1500,VIDE,0.0,0.03,0.0,4.700833,-0.698132,0.0,1,0,38.417,9.213,0.0,0.03,0.0,4.0,5.0,2.0,0.5,0.05,1,0.70083,0.29917,0.0
857,2026-04-24T08:43:27.729Z,S20260424_094231,SC01,AUTO,35.5639,55.8014,0.061,hold,1,1500,VIDE,0.0,0.03,0.0,4.699094,-0.698132,0.0,1,0,16.064,20.212,0.0,0.03,0.0,4.0,5.0,2.0,0.5,0.05,1,0.69909,0.30091,0.0
858,2026-04-24T08:43:27.789Z,S20260424_094231,SC01,AUTO,35.6236,55.8611,0.0598,hold,1,1500,VIDE,0.0,0.03,0.0,4.69779,-0.698132,0.0,1,0,13.143,19.649,0.0,0.03,0.0,4.0,5.0,2.0,0.5,0.05,1,0.69779,0.30221,0.0
859,2026-04-24T08:43:27.859Z,S20260424_094231,SC01,AUTO,35.6941,55.9316,0.0704,hold,1,1500,VIDE,0.0,0.03,0.0,4.696486,-0.698132,0.0,1,0,12.387,20.117,0.0,0.03,0.0,4.0,5.0,2.0,0.5,0.05,1,0.69649,0.30351,0.0
860,2026-04-24T08:43:27.918Z,S20260424_094231,SC01,AUTO,35.7529,55.9904,0.0588,hold,1,1500,VIDE,0.0,0.03,0.0,4.695182,-0.698132,-0.0,1,0,10.928,19.628,0.0,0.03,0.0,4.0,5.0,2.0,0.5,0.05,1,0.69518,0.30482,0.0
861,2026-04-24T08:43:27.985Z,S20260424_094231,SC01,AUTO,35.8197,56.0572,0.0669,hold,1,1500,VIDE,0.0,0.03,0.0,4.693878,-0.698132,-0.0,1,0,29.972,19.706,0.0,0.03,0.0,4.0,5.0,2.0,0.5,0.05,1,0.69388,0.30612,0.0
862,2026-04-24T08:43:28.048Z,S20260424_094231,SC01,AUTO,35.8827,56.1202,0.0629,hold,1,1500,VIDE,0.0,0.03,0.0,4.691923,-0.698132,0.0,1,0,15.702,19.527,0.0,0.03,0.0,4.0,5.0,2.0,0.5,0.05,1,0.69192,0.30808,0.0
863,2026-04-24T08:43:28.101Z,S20260424_094231,SC01,AUTO,35.9363,56.1737,0.0536,hold,1,1500,VIDE,0.0,0.03,0.0,4.69062,-0.698132,-0.0,1,0,12.689,19.193,0.0,0.03,0.0,4.0,5.0,2.0,0.5,0.05,1,0.69062,0.30938,0.0
864,2026-04-24T08:43:28.165Z,S20260424_094231,SC01,AUTO,35.9998,56.2373,0.0636,hold,1,1500,VIDE,0.0,0.03,0.0,4.689317,-0.698132,-0.0,1,0,12.947,19.838,0.0,0.03,0.0,4.0,5.0,2.0,0.5,0.05,1,0.68932,0.31068,0.0
865,2026-04-24T08:43:28.228Z,S20260424_094231,SC01,AUTO,36.0633,56.3008,0.0635,end,1,1500,VIDE,0.0,0.0,0.8,4.688525,-0.698132,0.0,1,0,16.935,0.119,0.0,0.0,0.8,0.0,4.5,2.0,1.0,0.05,0,4.68853,-0.18853,0.0
866,2026-04-24T08:43:28.293Z,S20260424_094231,SC01,AUTO,36.1276,56.3651,0.0643,end,1,1500,VIDE,0.0,0.0,0.8,4.154418,-0.698132,-0.0,1,0,41.797,18.611,0.0,0.0,0.8,0.0,4.5,2.0,1.0,0.05,1,4.15442,0.34558,0.0
867,2026-04-24T08:43:28.353Z,S20260424_094231,SC01,AUTO,36.1877,56.4252,0.06,end,1,1500,VIDE,0.0,0.0,0.8,3.809893,-0.698132,-0.0,1,0,14.824,20.402,0.0,0.0,0.8,0.0,4.5,2.0,1.0,0.05,1,3.80989,0.69011,0.0
868,2026-04-24T08:43:28.417Z,S20260424_094231,SC01,AUTO,36.2519,56.4894,0.0643,end,1,1500,VIDE,0.0,0.0,0.8,3.197442,-0.698132,-0.0,1,0,22.963,19.213,0.0,0.0,0.8,0.0,4.5,2.0,1.0,0.05,1,3.19744,1.30256,0.0
869,2026-04-24T08:43:28.485Z,S20260424_094231,SC01,AUTO,36.3199,56.5574,0.068,end,1,1500,VIDE,0.0,0.0,0.8,2.789148,-0.698132,-0.0,1,0,15.555,19.953,0.0,0.0,0.8,0.0,4.5,2.0,1.0,0.05,1,2.78915,1.71085,0.0
870,2026-04-24T08:43:28.548Z,S20260424_094231,SC01,AUTO,36.3835,56.621,0.0635,end,1,1500,VIDE,0.0,0.0,0.8,2.176586,-0.698132,-0.0,1,0,19.653,19.527,0.0,0.0,0.8,0.0,4.5,2.0,1.0,0.05,1,2.17659,2.32341,0.0
871,2026-04-24T08:43:28.608Z,S20260424_094231,SC01,AUTO,36.4434,56.6809,0.06,end,1,1500,VIDE,0.0,0.0,0.8,1.768004,-0.698132,-0.0,1,0,15.894,19.553,0.0,0.0,0.8,0.0,4.5,2.0,1.0,0.05,1,1.768,2.732,0.0
872,2026-04-24T08:43:28.667Z,S20260424_094231,SC01,AUTO,36.5017,56.7391,0.0582,end,1,1500,VIDE,0.0,0.0,0.8,1.359136,-0.698132,-0.0,1,0,11.815,19.634,0.0,0.0,0.8,0.0,4.5,2.0,1.0,0.05,1,1.35914,3.14086,0.0
873,2026-04-24T08:43:28.729Z,S20260424_094231,SC01,AUTO,36.5638,56.8013,0.0622,end,1,1500,VIDE,0.0,0.0,0.8,0.949736,-0.698132,-0.0,1,0,6.881,20.598,0.0,0.0,0.8,0.0,4.5,2.0,1.0,0.05,1,0.94974,3.55026,0.0
874,2026-04-24T08:43:28.789Z,S20260424_094231,SC01,AUTO,36.6238,56.8613,0.0599,end,1,1500,VIDE,0.0,0.0,0.8,0.5391,-0.698132,-0.0,1,0,26.001,19.062,0.0,0.0,0.8,0.0,4.5,2.0,1.0,0.05,1,0.5391,3.9609,0.0
875,2026-04-24T08:43:28.854Z,S20260424_094231,SC01,AUTO,36.6886,56.9261,0.0648,end,1,1500,VIDE,0.0,0.0,0.8,0.054218,-0.698132,0.0,1,0,37.011,0.457,0.0,0.0,0.8,0.0,4.5,2.0,1.0,0.05,1,0.05422,4.44578,0.0
876,2026-04-24T08:43:28.917Z,S20260424_094231,SC01,AUTO,36.7517,56.9891,0.0631,end,1,1500,VIDE,0.0,0.0,0.8,0.0,-0.698132,0.0,1,0,48.881,0.298,0.0,0.0,0.8,0.0,4.5,2.0,1.0,0.05,1,0.0,4.5,0.0
877,2026-04-24T08:43:28.981Z,S20260424_094231,SC01,AUTO,36.8159,57.0534,0.0643,end,1,1500,VIDE,0.0,0.0,0.8,0.0,-0.698132,-0.0,1,0,4.649,0.411,0.0,0.0,0.8,0.0,4.5,2.0,1.0,0.05,1,0.0,4.5,0.0
878,2026-04-24T08:43:29.046Z,S20260424_094231,SC01,AUTO,36.8808,57.1183,0.0649,end,1,1500,VIDE,0.0,0.0,0.8,0.0,-0.698132,-0.0,1,0,17.185,19.492,0.0,0.0,0.8,0.0,4.5,2.0,1.0,0.05,1,0.0,4.5,0.0
879,2026-04-24T08:43:29.108Z,S20260424_094231,SC01,AUTO,36.9435,57.1809,0.0626,end,1,1500,VIDE,0.0,0.0,0.8,0.0,-0.698132,0.0,1,0,16.357,15.513,0.0,0.0,0.8,0.0,4.5,2.0,1.0,0.05,1,0.0,4.5,0.0
880,2026-04-24T08:43:29.167Z,S20260424_094231,SC01,AUTO,37.0016,57.2391,0.0581,end,1,1500,VIDE,0.0,0.0,0.8,0.0,-0.698132,0.0,1,0,37.489,26.402,0.0,0.0,0.8,0.0,4.5,2.0,1.0,0.05,1,0.0,4.5,0.0
881,2026-04-24T08:43:29.227Z,S20260424_094231,SC01,AUTO,37.0619,57.2994,0.0603,end,1,1500,VIDE,0.0,0.0,0.8,0.0,-0.698132,0.0,1,0,14.014,19.682,0.0,0.0,0.8,0.0,4.5,2.0,1.0,0.05,1,0.0,4.5,0.0
882,2026-04-24T08:43:29.289Z,S20260424_094231,SC01,AUTO,37.1236,57.3611,0.0618,end,1,1500,VIDE,0.0,0.0,0.8,0.0,-0.698132,-0.0,1,0,9.408,18.649,0.0,0.0,0.8,0.0,4.5,2.0,1.0,0.05,1,0.0,4.5,0.0
883,2026-04-24T08:43:29.355Z,S20260424_094231,SC01,AUTO,37.1904,57.4279,0.0666,end,1,1500,VIDE,0.0,0.0,0.8,0.0,-0.698132,-0.0,1,0,27.501,19.141,0.0,0.0,0.8,0.0,4.5,2.0,1.0,0.05,1,0.0,4.5,0.0
884,2026-04-24T08:43:29.413Z,S20260424_094231,SC01,AUTO,37.2483,57.4858,0.058,end,1,1500,VIDE,0.0,0.0,0.8,0.0,-0.698132,0.0,1,0,24.353,18.442,0.0,0.0,0.8,0.0,4.5,2.0,1.0,0.05,1,0.0,4.5,0.0
885,2026-04-24T08:43:29.477Z,S20260424_094231,SC01,AUTO,37.3117,57.5492,0.0633,end,1,1500,VIDE,0.0,0.0,0.8,0.0,-0.698132,0.0,1,0,47.83,28.124,0.0,0.0,0.8,0.0,4.5,2.0,1.0,0.05,1,0.0,4.5,0.0
886,2026-04-24T08:43:29.541Z,S20260424_094231,SC01,AUTO,37.3757,57.6132,0.0641,end,1,1500,VIDE,0.0,0.0,0.8,0.0,-0.698132,0.0,1,0,25.632,19.481,0.0,0.0,0.8,0.0,4.5,2.0,1.0,0.05,1,0.0,4.5,0.0
887,2026-04-24T08:43:29.605Z,S20260424_094231,SC01,AUTO,37.4403,57.6778,0.0645,end,1,1500,VIDE,0.0,0.0,0.8,0.0,-0.698132,-0.0,1,0,20.438,19.684,0.0,0.0,0.8,0.0,4.5,2.0,1.0,0.05,1,0.0,4.5,0.0
888,2026-04-24T08:43:29.668Z,S20260424_094231,SC01,AUTO,37.5028,57.7403,0.0626,end,1,1500,VIDE,0.0,0.0,0.8,0.0,-0.698132,-0.0,1,0,14.13,15.623,0.0,0.0,0.8,0.0,4.5,2.0,1.0,0.05,1,0.0,4.5,0.0
889,2026-04-24T08:43:29.729Z,S20260424_094231,SC01,AUTO,37.5635,57.801,0.0607,end,1,1500,VIDE,0.0,0.0,0.8,0.0,-0.698132,-0.0,1,0,17.901,19.243,0.0,0.0,0.8,0.0,4.5,2.0,1.0,0.05,1,0.0,4.5,0.0
890,2026-04-24T08:43:29.795Z,S20260424_094231,SC01,AUTO,37.6304,57.8679,0.0669,end,1,1500,VIDE,0.0,0.0,0.8,0.0,-0.698132,0.0,1,0,13.631,19.262,0.0,0.0,0.8,0.0,4.5,2.0,1.0,0.05,1,0.0,4.5,0.0
891,2026-04-24T08:43:29.861Z,S20260424_094231,SC01,AUTO,37.6963,57.9338,0.0658,end,1,1500,VIDE,0.0,0.0,0.8,0.0,-0.698132,0.0,1,0,8.585,19.621,0.0,0.0,0.8,0.0,4.5,2.0,1.0,0.05,1,0.0,4.5,0.0
892,2026-04-24T08:43:29.918Z,S20260424_094231,SC01,AUTO,37.7535,57.9909,0.0572,end,1,1500,VIDE,0.0,0.0,0.8,0.0,-0.698132,0.0,1,0,24.251,19.946,0.0,0.0,0.8,0.0,4.5,2.0,1.0,0.05,1,0.0,4.5,0.0
893,2026-04-24T08:43:29.984Z,S20260424_094231,SC01,AUTO,37.819,58.0565,0.0655,end,1,1500,VIDE,0.0,0.0,0.8,0.0,-0.698132,0.0,1,0,10.051,19.859,0.0,0.0,0.8,0.0,4.5,2.0,1.0,0.05,1,0.0,4.5,0.0
894,2026-04-24T08:43:30.048Z,S20260424_094231,SC01,AUTO,37.8834,58.1209,0.0645,end,1,1500,VIDE,0.0,0.0,0.8,0.0,-0.698132,0.0,1,0,26.87,17.745,0.0,0.0,0.8,0.0,4.5,2.0,1.0,0.05,1,0.0,4.5,0.0
895,2026-04-24T08:43:30.101Z,S20260424_094231,SC01,AUTO,37.9361,58.1735,0.0526,end,1,1500,VIDE,0.0,0.0,0.8,0.0,-0.698132,-0.0,1,0,25.012,19.487,0.0,0.0,0.8,0.0,4.5,2.0,1.0,0.05,1,0.0,4.5,0.0
896,2026-04-24T08:43:30.165Z,S20260424_094231,SC01,AUTO,37.9997,58.2372,0.0637,end,1,1500,VIDE,0.0,0.0,0.8,0.0,-0.698132,-0.0,1,0,19.784,19.34,0.0,0.0,0.8,0.0,4.5,2.0,1.0,0.05,1,0.0,4.5,0.0
897,2026-04-24T08:43:30.229Z,S20260424_094231,SC01,AUTO,38.0644,58.3018,0.0646,end,1,1500,VIDE,0.0,0.0,0.8,0.0,-0.698132,0.0,1,0,19.95,16.947,0.0,0.0,0.8,0.0,4.5,2.0,1.0,0.05,1,0.0,4.5,0.0
898,2026-04-24T08:43:30.289Z,S20260424_094231,SC01,AUTO,38.124,58.3615,0.0596,end,1,1500,VIDE,0.0,0.0,0.8,0.0,-0.698132,-0.0,1,0,40.308,0.912,0.0,0.0,0.8,0.0,4.5,2.0,1.0,0.05,1,0.0,4.5,0.0
899,2026-04-24T08:43:30.357Z,S20260424_094231,SC01,AUTO,38.1918,58.4293,0.0678,end,1,1500,VIDE,0.0,0.0,0.8,0.0,-0.698132,-0.0,1,0,14.266,20.121,0.0,0.0,0.8,0.0,4.5,2.0,1.0,0.05,1,0.0,4.5,0.0
900,2026-04-24T08:43:30.417Z,S20260424_094231,SC01,AUTO,38.2518,58.4893,0.06,end,1,1500,VIDE,0.0,0.0,0.8,0.0,-0.698132,0.0,1,0,12.076,18.435,0.0,0.0,0.8,0.0,4.5,2.0,1.0,0.05,1,0.0,4.5,0.0
901,2026-04-24T08:43:30.484Z,S20260424_094231,SC01,AUTO,38.319,58.5565,0.0672,end,1,1500,VIDE,0.0,0.0,0.8,0.0,-0.698132,-0.0,1,0,34.498,26.784,0.0,0.0,0.8,0.0,4.5,2.0,1.0,0.05,1,0.0,4.5,0.0
902,2026-04-24T08:43:30.546Z,S20260424_094231,SC01,AUTO,38.3808,58.6183,0.0618,end,1,1500,VIDE,0.0,0.0,0.8,0.0,-0.698132,0.0,1,0,13.188,18.53,0.0,0.0,0.8,0.0,4.5,2.0,1.0,0.05,1,0.0,4.5,0.0
903,2026-04-24T08:43:30.608Z,S20260424_094231,SC01,AUTO,38.4432,58.6807,0.0624,end,1,1500,VIDE,0.0,0.0,0.8,0.0,-0.698132,0.0,1,0,7.819,19.218,0.0,0.0,0.8,0.0,4.5,2.0,1.0,0.05,1,0.0,4.5,0.0
904,2026-04-24T08:43:30.667Z,S20260424_094231,SC01,AUTO,38.5022,58.7397,0.0589,end,1,1500,VIDE,0.0,0.0,0.8,0.0,-0.698132,-0.0,1,0,22.473,18.102,0.0,0.0,0.8,0.0,4.5,2.0,1.0,0.05,1,0.0,4.5,0.0
905,2026-04-24T08:43:30.729Z,S20260424_094231,SC01,AUTO,38.5641,58.8015,0.0619,end,1,1500,VIDE,0.0,0.0,0.8,0.0,-0.698132,-0.0,1,0,19.855,18.919,0.0,0.0,0.8,0.0,4.5,2.0,1.0,0.05,1,0.0,4.5,0.0
906,2026-04-24T08:43:30.789Z,S20260424_094231,SC01,AUTO,38.6239,58.8614,0.0599,end,1,1500,VIDE,0.0,0.0,0.8,0.0,-0.698132,0.0,1,0,15.984,19.112,0.0,0.0,0.8,0.0,4.5,2.0,1.0,0.05,1,0.0,4.5,0.0
907,2026-04-24T08:43:30.853Z,S20260424_094231,SC01,AUTO,38.6885,58.926,0.0645,end,1,1500,VIDE,0.0,0.0,0.8,0.0,-0.698132,-0.0,1,0,18.802,19.259,0.0,0.0,0.8,0.0,4.5,2.0,1.0,0.05,1,0.0,4.5,0.0
908,2026-04-24T08:43:30.917Z,S20260424_094231,SC01,AUTO,38.7519,58.9894,0.0634,end,1,1500,VIDE,0.0,0.0,0.8,0.0,-0.698132,0.0,1,0,16.543,18.611,0.0,0.0,0.8,0.0,4.5,2.0,1.0,0.05,1,0.0,4.5,0.0
909,2026-04-24T08:43:30.982Z,S20260424_094231,SC01,AUTO,38.8171,59.0546,0.0652,end,1,1500,VIDE,0.0,0.0,0.8,0.0,-0.698132,0.0,1,0,13.265,18.966,0.0,0.0,0.8,0.0,4.5,2.0,1.0,0.05,1,0.0,4.5,0.0
910,2026-04-24T08:43:31.045Z,S20260424_094231,SC01,AUTO,38.8803,59.1178,0.0632,end,1,1500,VIDE,0.0,0.0,0.8,0.0,-0.698132,-0.0,1,0,14.33,20.451,0.0,0.0,0.8,0.0,4.5,2.0,1.0,0.05,1,0.0,4.5,0.0
911,2026-04-24T08:43:31.107Z,S20260424_094231,SC01,AUTO,38.9415,59.179,0.0612,end,1,1500,VIDE,0.0,0.0,0.8,0.0,-0.698132,0.0,1,0,11.122,19.219,0.0,0.0,0.8,0.0,4.5,2.0,1.0,0.05,1,0.0,4.5,0.0
912,2026-04-24T08:43:31.166Z,S20260424_094231,SC01,AUTO,39.0012,59.2387,0.0596,end,1,1500,VIDE,0.0,0.0,0.8,0.0,-0.698132,-0.0,1,0,26.141,15.021,0.0,0.0,0.8,0.0,4.5,2.0,1.0,0.05,1,0.0,4.5,0.0
913,2026-04-24T08:43:31.228Z,S20260424_094231,SC01,AUTO,39.0634,59.3009,0.0622,end,1,1500,VIDE,0.0,0.0,0.8,0.0,-0.698132,-0.0,1,0,20.923,15.745,0.0,0.0,0.8,0.0,4.5,2.0,1.0,0.05,1,0.0,4.5,0.0
914,2026-04-24T08:43:31.288Z,S20260424_094231,SC01,AUTO,39.1233,59.3608,0.0598,end,1,1500,VIDE,0.0,0.0,0.8,0.0,-0.698132,-0.0,1,0,16.957,20.216,0.0,0.0,0.8,0.0,4.5,2.0,1.0,0.05,1,0.0,4.5,0.0
915,2026-04-24T08:43:31.357Z,S20260424_094231,SC01,AUTO,39.1919,59.4294,0.0687,end,1,1500,VIDE,0.0,0.0,0.8,0.0,-0.698132,-0.0,1,0,23.234,18.966,0.0,0.0,0.8,0.0,4.5,2.0,1.0,0.05,1,0.0,4.5,0.0
916,2026-04-24T08:43:31.417Z,S20260424_094231,SC01,AUTO,39.2517,59.4892,0.0598,end,1,1500,VIDE,0.0,0.0,0.8,0.0,-0.698132,-0.0,1,0,23.737,0.436,0.0,0.0,0.8,0.0,4.5,2.0,1.0,0.05,1,0.0,4.5,0.0
917,2026-04-24T08:43:31.477Z,S20260424_094231,SC01,AUTO,39.3118,59.5492,0.06,end,1,1500,VIDE,0.0,0.0,0.8,0.0,-0.698132,0.0,1,0,12.697,19.13,0.0,0.0,0.8,0.0,4.5,2.0,1.0,0.05,1,0.0,4.5,0.0
918,2026-04-24T08:43:31.542Z,S20260424_094231,SC01,AUTO,39.3765,59.614,0.0648,end,1,1500,VIDE,0.0,0.0,0.8,0.0,-0.698132,0.0,1,0,10.527,20.243,0.0,0.0,0.8,0.0,4.5,2.0,1.0,0.05,1,0.0,4.5,0.0
919,2026-04-24T08:43:31.605Z,S20260424_094231,SC01,AUTO,39.4402,59.6777,0.0636,end,1,1500,VIDE,0.0,0.0,0.8,0.0,-0.698132,0.0,1,0,11.21,18.781,0.0,0.0,0.8,0.0,4.5,2.0,1.0,0.05,1,0.0,4.5,0.0
920,2026-04-24T08:43:31.666Z,S20260424_094231,SC01,AUTO,39.5013,59.7388,0.0612,end,1,1500,VIDE,0.0,0.0,0.8,0.0,-0.698132,0.0,1,0,27.58,17.734,0.0,0.0,0.8,0.0,4.5,2.0,1.0,0.05,1,0.0,4.5,0.0
921,2026-04-24T08:43:31.729Z,S20260424_094231,SC01,AUTO,39.5637,59.8012,0.0624,end,1,1500,VIDE,0.0,0.0,0.8,0.0,-0.698132,0.0,1,0,25.396,15.892,0.0,0.0,0.8,0.0,4.5,2.0,1.0,0.05,1,0.0,4.5,0.0
922,2026-04-24T08:43:31.789Z,S20260424_094231,SC01,AUTO,39.6236,59.861,0.0598,end,1,1500,VIDE,0.0,0.0,0.8,0.0,-0.698132,0.0,1,0,24.614,18.909,0.0,0.0,0.8,0.0,4.5,2.0,1.0,0.05,1,0.0,4.5,0.0
923,2026-04-24T08:43:31.856Z,S20260424_094231,SC01,AUTO,39.691,59.9285,0.0675,end,1,1500,VIDE,0.0,0.0,0.8,0.0,-0.698132,0.0,1,0,26.517,19.454,0.0,0.0,0.8,0.0,4.5,2.0,1.0,0.05,1,0.0,4.5,0.0
924,2026-04-24T08:43:31.918Z,S20260424_094231,SC01,AUTO,39.7534,59.9909,0.0624,end,1,1500,VIDE,0.0,0.0,0.8,0.0,-0.698132,0.0,1,0,20.933,19.474,0.0,0.0,0.8,0.0,4.5,2.0,1.0,0.05,1,0.0,4.5,0.0
925,2026-04-24T08:43:31.981Z,S20260424_094231,SC01,AUTO,39.8156,60.053,0.0621,end,1,1500,VIDE,0.0,0.0,0.8,0.0,-0.698132,0.0,1,0,15.195,18.838,0.0,0.0,0.8,0.0,4.5,2.0,1.0,0.05,1,0.0,4.5,0.0
926,2026-04-24T08:43:32.042Z,S20260424_094231,SC01,AUTO,39.8769,60.1144,0.0614,end,1,1500,VIDE,0.0,0.0,0.8,0.0,-0.698132,0.0,1,0,14.239,19.33,0.0,0.0,0.8,0.0,4.5,2.0,1.0,0.05,1,0.0,4.5,0.0
927,2026-04-24T08:43:32.101Z,S20260424_094231,SC01,AUTO,39.9365,60.1739,0.0596,end,1,1500,VIDE,0.0,0.0,0.8,0.0,-0.698132,0.0,1,0,7.287,20.548,0.0,0.0,0.8,0.0,4.5,2.0,1.0,0.05,1,0.0,4.5,0.0
928,2026-04-24T08:43:32.166Z,S20260424_094231,SC01,AUTO,40.001,60.2384,0.0645,end,1,1500,VIDE,0.0,0.0,0.8,0.0,-0.698132,0.0,1,0,10.248,19.298,0.0,0.0,0.8,0.0,4.5,2.0,1.0,0.05,1,0.0,4.5,0.0
929,2026-04-24T08:43:32.227Z,S20260424_094231,SC01,AUTO,40.0619,60.2994,0.0609,end,1,1500,VIDE,0.0,0.0,0.8,0.0,-0.698132,0.0,1,0,24.573,17.133,0.0,0.0,0.8,0.0,4.5,2.0,1.0,0.05,1,0.0,4.5,0.0
930,2026-04-24T08:43:32.289Z,S20260424_094231,SC01,AUTO,40.1244,60.3619,0.0625,end,1,1500,VIDE,0.0,0.0,0.8,0.0,-0.698132,0.0,1,0,23.221,19.979,0.0,0.0,0.8,0.0,4.5,2.0,1.0,0.05,1,0.0,4.5,0.0
931,2026-04-24T08:43:32.351Z,S20260424_094231,SC01,AUTO,40.1863,60.4238,0.0619,end,1,1500,VIDE,0.0,0.0,0.8,0.0,-0.698132,0.0,1,0,21.219,16.189,0.0,0.0,0.8,0.0,4.5,2.0,1.0,0.05,1,0.0,4.5,0.0
932,2026-04-24T08:43:32.419Z,S20260424_094231,SC01,AUTO,40.2535,60.491,0.0672,end,1,1500,VIDE,0.0,0.0,0.8,0.0,-0.698132,0.0,1,0,22.209,18.983,0.0,0.0,0.8,0.0,4.5,2.0,1.0,0.05,1,0.0,4.5,0.0
933,2026-04-24T08:43:32.485Z,S20260424_094231,SC01,AUTO,40.32,60.5575,0.0665,end,1,1500,VIDE,0.0,0.0,0.8,0.0,-0.698132,0.0,1,0,16.382,18.653,0.0,0.0,0.8,0.0,4.5,2.0,1.0,0.05,1,0.0,4.5,0.0
934,2026-04-24T08:43:32.548Z,S20260424_094231,SC01,AUTO,40.3833,60.6208,0.0633,end,1,1500,VIDE,0.0,0.0,0.8,0.0,-0.698132,0.0,1,0,19.886,19.461,0.0,0.0,0.8,0.0,4.5,2.0,1.0,0.05,1,0.0,4.5,0.0
935,2026-04-24T08:43:32.609Z,S20260424_094231,SC01,AUTO,40.4437,60.6812,0.0605,end,1,1500,VIDE,0.0,0.0,0.8,0.0,-0.698132,0.0,1,0,18.009,19.583,0.0,0.0,0.8,0.0,4.5,2.0,1.0,0.05,1,0.0,4.5,0.0
936,2026-04-24T08:43:32.669Z,S20260424_094231,SC01,AUTO,40.5038,60.7413,0.0601,end,1,1500,VIDE,0.0,0.0,0.8,0.0,-0.698132,0.0,1,0,13.369,19.573,0.0,0.0,0.8,0.0,4.5,2.0,1.0,0.05,1,0.0,4.5,0.0
937,2026-04-24T08:43:32.726Z,S20260424_094231,SC01,AUTO,40.5608,60.7983,0.057,end,1,1500,VIDE,0.0,0.0,0.8,0.0,-0.698132,0.0,1,0,8.152,19.39,0.0,0.0,0.8,0.0,4.5,2.0,1.0,0.05,1,0.0,4.5,0.0
938,2026-04-24T08:43:32.790Z,S20260424_094231,SC01,AUTO,40.6246,60.8621,0.0638,end,1,1500,VIDE,0.0,0.0,0.8,0.0,-0.698132,0.0,1,0,23.655,16.322,0.0,0.0,0.8,0.0,4.5,2.0,1.0,0.05,1,0.0,4.5,0.0
939,2026-04-24T08:43:32.853Z,S20260424_094231,SC01,AUTO,40.6882,60.9257,0.0636,end,1,1500,VIDE,0.0,0.0,0.8,0.0,-0.698132,0.0,1,0,21.973,14.617,0.0,0.0,0.8,0.0,4.5,2.0,1.0,0.05,1,0.0,4.5,0.0
940,2026-04-24T08:43:32.917Z,S20260424_094231,SC01,AUTO,40.7521,60.9896,0.064,end,1,1500,VIDE,0.0,0.0,0.8,0.0,-0.698132,0.0,1,0,20.161,19.905,0.0,0.0,0.8,0.0,4.5,2.0,1.0,0.05,1,0.0,4.5,0.0
941,2026-04-24T08:43:32.981Z,S20260424_094231,SC01,AUTO,40.816,61.0535,0.0638,end,1,1500,VIDE,0.0,0.0,0.8,0.0,-0.698132,0.0,1,0,16.658,18.527,0.0,0.0,0.8,0.0,4.5,2.0,1.0,0.05,1,0.0,4.5,0.0
942,2026-04-24T08:43:33.045Z,S20260424_094231,SC01,AUTO,40.88,61.1175,0.0641,end,1,1500,VIDE,0.0,0.0,0.8,0.0,-0.698132,0.0,1,0,12.646,19.465,0.0,0.0,0.8,0.0,4.5,2.0,1.0,0.05,1,0.0,4.5,0.0
943,2026-04-24T08:43:33.101Z,S20260424_094231,SC01,AUTO,40.9364,61.1739,0.0564,end,1,1500,VIDE,0.0,0.0,0.8,0.0,-0.698132,0.0,1,0,24.908,23.28,0.0,0.0,0.8,0.0,4.5,2.0,1.0,0.05,1,0.0,4.5,0.0
944,2026-04-24T08:43:33.167Z,S20260424_094231,SC01,AUTO,41.0017,61.2392,0.0653,end,1,1500,VIDE,0.0,0.0,0.8,0.0,-0.698132,0.0,1,0,9.838,20.533,0.0,0.0,0.8,0.0,4.5,2.0,1.0,0.05,1,0.0,4.5,0.0
945,2026-04-24T08:43:33.227Z,S20260424_094231,SC01,AUTO,41.0623,61.2998,0.0605,end,1,1500,VIDE,0.0,0.0,0.8,0.0,-0.698132,0.0,1,0,25.404,16.904,0.0,0.0,0.8,0.0,4.5,2.0,1.0,0.05,1,0.0,4.5,0.0
946,2026-04-24T08:43:33.291Z,S20260424_094231,SC01,AUTO,41.1262,61.3637,0.064,end,1,1500,VIDE,0.0,0.0,0.8,0.0,-0.698132,0.0,1,0,23.751,19.247,0.0,0.0,0.8,0.0,4.5,2.0,1.0,0.05,1,0.0,4.5,0.0
947,2026-04-24T08:43:33.365Z,S20260424_094231,SC01,AUTO,41.2002,61.4377,0.074,end,1,1500,VIDE,0.0,0.0,0.8,0.0,-0.698132,0.0,1,0,10.999,19.044,0.0,0.0,0.8,0.0,4.5,2.0,1.0,0.05,1,0.0,4.5,0.0
948,2026-04-24T08:43:33.418Z,S20260424_094231,SC01,AUTO,41.2525,61.49,0.0523,end,1,1500,VIDE,0.0,0.0,0.8,0.0,-0.698132,0.0,1,0,25.429,16.926,0.0,0.0,0.8,0.0,4.5,2.0,1.0,0.05,1,0.0,4.5,0.0
949,2026-04-24T08:43:33.477Z,S20260424_094231,SC01,AUTO,41.3117,61.5492,0.0592,end,1,1500,VIDE,0.0,0.0,0.8,0.0,-0.698132,0.0,1,0,21.466,18.519,0.0,0.0,0.8,0.0,4.5,2.0,1.0,0.05,1,0.0,4.5,0.0
950,2026-04-24T08:43:33.541Z,S20260424_094231,SC01,AUTO,41.3757,61.6132,0.064,end,1,1500,VIDE,0.0,0.0,0.8,0.0,-0.698132,0.0,1,0,17.235,20.106,0.0,0.0,0.8,0.0,4.5,2.0,1.0,0.05,1,0.0,4.5,0.0
951,2026-04-24T08:43:33.605Z,S20260424_094231,SC01,AUTO,41.44,61.6775,0.0643,end,1,1500,VIDE,0.0,0.0,0.8,0.0,-0.698132,0.0,1,0,13.524,18.992,0.0,0.0,0.8,0.0,4.5,2.0,1.0,0.05,1,0.0,4.5,0.0
952,2026-04-24T08:43:33.667Z,S20260424_094231,SC01,AUTO,41.5023,61.7398,0.0623,end,1,1500,VIDE,0.0,0.0,0.8,0.0,-0.698132,0.0,1,0,15.963,19.256,0.0,0.0,0.8,0.0,4.5,2.0,1.0,0.05,1,0.0,4.5,0.0
953,2026-04-24T08:43:33.728Z,S20260424_094231,SC01,AUTO,41.5631,61.8006,0.0608,end,1,1500,VIDE,0.0,0.0,0.8,0.0,-0.698132,0.0,1,0,10.83,20.445,0.0,0.0,0.8,0.0,4.5,2.0,1.0,0.05,1,0.0,4.5,0.0
954,2026-04-24T08:43:33.797Z,S20260424_094231,SC01,AUTO,41.6322,61.8697,0.069,end,1,1500,VIDE,0.0,0.0,0.8,0.0,-0.698132,0.0,1,0,24.803,19.619,0.0,0.0,0.8,0.0,4.5,2.0,1.0,0.05,1,0.0,4.5,0.0
955,2026-04-24T08:43:33.860Z,S20260424_094231,SC01,AUTO,41.6947,61.9322,0.0626,end,1,1500,VIDE,0.0,0.0,0.8,0.0,-0.698132,0.0,1,0,10.234,19.119,0.0,0.0,0.8,0.0,4.5,2.0,1.0,0.05,1,0.0,4.5,0.0
956,2026-04-24T08:43:33.918Z,S20260424_094231,SC01,AUTO,41.7526,61.9901,0.0579,end,1,1500,VIDE,0.0,0.0,0.8,0.0,-0.698132,0.0,1,0,6.207,19.436,0.0,0.0,0.8,0.0,4.5,2.0,1.0,0.05,1,0.0,4.5,0.0
957,2026-04-24T08:43:33.982Z,S20260424_094231,SC01,AUTO,41.8171,62.0546,0.0644,end,1,1500,VIDE,0.0,0.0,0.8,0.0,-0.698132,0.0,1,0,21.102,19.48,0.0,0.0,0.8,0.0,4.5,2.0,1.0,0.05,1,0.0,4.5,0.0
958,2026-04-24T08:43:34.049Z,S20260424_094231,SC01,AUTO,41.8844,62.1219,0.0672,end,1,1500,VIDE,0.0,0.0,0.8,0.0,-0.698132,0.0,1,0,18.98,18.58,0.0,0.0,0.8,0.0,4.5,2.0,1.0,0.05,1,0.0,4.5,0.0
959,2026-04-24T08:43:34.101Z,S20260424_094231,SC01,AUTO,41.9364,62.1739,0.0521,end,1,1500,VIDE,0.0,0.0,0.8,0.0,-0.698132,0.0,1,0,13.201,19.135,0.0,0.0,0.8,0.0,4.5,2.0,1.0,0.05,1,0.0,4.5,0.0
960,2026-04-24T08:43:34.166Z,S20260424_094231,SC01,AUTO,42.0006,62.2381,0.0642,end,1,1500,VIDE,0.0,0.0,0.8,0.0,-0.698132,0.0,1,0,17.055,19.452,0.0,0.0,0.8,0.0,4.5,2.0,1.0,0.05,1,0.0,4.5,0.0
961,2026-04-24T08:43:34.228Z,S20260424_094231,SC01,AUTO,42.0633,62.3008,0.0626,end,1,1500,VIDE,0.0,0.0,0.8,0.0,-0.698132,0.0,1,0,13.202,18.915,0.0,0.0,0.8,0.0,4.5,2.0,1.0,0.05,1,0.0,4.5,0.0
962,2026-04-24T08:43:34.288Z,S20260424_094231,SC01,AUTO,42.1232,62.3607,0.06,end,1,1500,VIDE,0.0,0.0,0.8,0.0,-0.698132,0.0,1,0,28.535,20.166,0.0,0.0,0.8,0.0,4.5,2.0,1.0,0.05,1,0.0,4.5,0.0
963,2026-04-24T08:43:34.358Z,S20260424_094231,SC01,AUTO,42.1929,62.4304,0.0697,end,1,1500,VIDE,0.0,0.0,0.8,0.0,-0.698132,0.0,1,0,27.31,20.299,0.0,0.0,0.8,0.0,4.5,2.0,1.0,0.05,1,0.0,4.5,0.0
964,2026-04-24T08:43:34.418Z,S20260424_094231,SC01,AUTO,42.2526,62.4901,0.0597,end,1,1500,VIDE,0.0,0.0,0.8,0.0,-0.698132,0.0,1,0,22.685,19.862,0.0,0.0,0.8,0.0,4.5,2.0,1.0,0.05,1,0.0,4.5,0.0
965,2026-04-24T08:43:34.478Z,S20260424_094231,SC01,AUTO,42.313,62.5505,0.0604,end,1,1500,VIDE,0.0,0.0,0.8,0.0,-0.698132,0.0,1,0,26.643,20.001,0.0,0.0,0.8,0.0,4.5,2.0,1.0,0.05,1,0.0,4.5,0.0
966,2026-04-24T08:43:34.546Z,S20260424_094231,SC01,AUTO,42.3811,62.6186,0.0681,end,1,1500,VIDE,0.0,0.0,0.8,0.0,-0.698132,0.0,1,0,23.743,19.613,0.0,0.0,0.8,0.0,4.5,2.0,1.0,0.05,1,0.0,4.5,0.0
967,2026-04-24T08:43:34.608Z,S20260424_094231,SC01,AUTO,42.4432,62.6807,0.062,end,1,1500,VIDE,0.0,0.0,0.8,0.0,-0.698132,0.0,1,0,22.879,14.586,0.0,0.0,0.8,0.0,4.5,2.0,1.0,0.05,1,0.0,4.5,0.0
968,2026-04-24T08:43:34.666Z,S20260424_094231,SC01,AUTO,42.5009,62.7383,0.0577,end,1,1500,VIDE,0.0,0.0,0.8,0.0,-0.698132,0.0,1,0,15.874,18.613,0.0,0.0,0.8,0.0,4.5,2.0,1.0,0.05,1,0.0,4.5,0.0
969,2026-04-24T08:43:34.728Z,S20260424_094231,SC01,AUTO,42.563,62.8005,0.0622,end,1,1500,VIDE,0.0,0.0,0.8,0.0,-0.698132,0.0,1,0,18.16,19.79,0.0,0.0,0.8,0.0,4.5,2.0,1.0,0.05,1,0.0,4.5,0.0
970,2026-04-24T08:43:34.788Z,S20260424_094231,SC01,AUTO,42.6235,62.861,0.0604,end,1,1500,VIDE,0.0,0.0,0.8,0.0,-0.698132,0.0,1,0,14.628,19.687,0.0,0.0,0.8,0.0,4.5,2.0,1.0,0.05,1,0.0,4.5,0.0
971,2026-04-24T08:43:34.853Z,S20260424_094231,SC01,AUTO,42.6878,62.9253,0.0643,end,1,1500,VIDE,0.0,0.0,0.8,0.0,-0.698132,0.0,1,0,12.329,19.922,0.0,0.0,0.8,0.0,4.5,2.0,1.0,0.05,1,0.0,4.5,0.0
972,2026-04-24T08:43:34.917Z,S20260424_094231,SC01,AUTO,42.7521,62.9896,0.0642,end,1,1500,VIDE,0.0,0.0,0.8,0.0,-0.698132,0.0,1,0,8.083,19.534,0.0,0.0,0.8,0.0,4.5,2.0,1.0,0.05,1,0.0,4.5,0.0
973,2026-04-24T08:43:34.981Z,S20260424_094231,SC01,AUTO,42.8164,63.0539,0.0644,end,1,1500,VIDE,0.0,0.0,0.8,0.0,-0.698132,0.0,1,0,22.079,29.087,0.0,0.0,0.8,0.0,4.5,2.0,1.0,0.05,1,0.0,4.5,0.0
974,2026-04-24T08:43:35.045Z,S20260424_094231,SC01,AUTO,42.8801,63.1176,0.0637,end,1,1500,VIDE,0.0,0.0,0.8,0.0,-0.698132,0.0,1,0,9.841,20.182,0.0,0.0,0.8,0.0,4.5,2.0,1.0,0.05,1,0.0,4.5,0.0
975,2026-04-24T08:43:35.108Z,S20260424_094231,SC01,AUTO,42.943,63.1804,0.0628,end,1,1500,VIDE,0.0,0.0,0.8,0.0,-0.698132,0.0,1,0,25.091,17.643,0.0,0.0,0.8,0.0,4.5,2.0,1.0,0.05,1,0.0,4.5,0.0
976,2026-04-24T08:43:35.167Z,S20260424_094231,SC01,AUTO,43.0018,63.2392,0.0588,end,1,1500,VIDE,0.0,0.0,0.8,0.0,-0.698132,0.0,1,0,24.502,18.168,0.0,0.0,0.8,0.0,4.5,2.0,1.0,0.05,1,0.0,4.5,0.0
977,2026-04-24T08:43:35.229Z,S20260424_094231,SC01,AUTO,43.0637,63.3011,0.0619,end,1,1500,VIDE,0.0,0.0,0.8,0.0,-0.698132,0.0,1,0,20.813,13.665,0.0,0.0,0.8,0.0,4.5,2.0,1.0,0.05,1,0.0,4.5,0.0
978,2026-04-24T08:43:35.292Z,S20260424_094231,SC01,AUTO,43.1267,63.3642,0.063,end,1,1500,VIDE,0.0,0.0,0.8,0.0,-0.698132,0.0,1,0,42.812,27.016,0.0,0.0,0.8,0.0,4.5,2.0,1.0,0.05,1,0.0,4.5,0.0
979,2026-04-24T08:43:35.357Z,S20260424_094231,SC01,AUTO,43.1915,63.429,0.0648,end,1,1500,VIDE,0.0,0.0,0.8,0.0,-0.698132,0.0,1,0,24.122,20.552,0.0,0.0,0.8,0.0,4.5,2.0,1.0,0.05,1,0.0,4.5,0.0
980,2026-04-24T08:43:35.418Z,S20260424_094231,SC01,AUTO,43.2531,63.4906,0.0617,end,1,1500,VIDE,0.0,0.0,0.8,0.0,-0.698132,0.0,1,0,18.848,19.903,0.0,0.0,0.8,0.0,4.5,2.0,1.0,0.05,1,0.0,4.5,0.0
981,2026-04-24T08:43:35.477Z,S20260424_094231,SC01,AUTO,43.3119,63.5494,0.0587,end,1,1500,VIDE,0.0,0.0,0.8,0.0,-0.698132,0.0,1,0,14.01,18.867,0.0,0.0,0.8,0.0,4.5,2.0,1.0,0.05,1,0.0,4.5,0.0
982,2026-04-24T08:43:35.539Z,S20260424_094231,SC01,AUTO,43.3744,63.6119,0.0625,end,1,1500,VIDE,0.0,0.0,0.8,0.0,-0.698132,0.0,1,0,12.137,19.395,0.0,0.0,0.8,0.0,4.5,2.0,1.0,0.05,1,0.0,4.5,0.0
983,2026-04-24T08:43:35.603Z,S20260424_094231,SC01,AUTO,43.4384,63.6759,0.064,end,1,1500,VIDE,0.0,0.0,0.8,0.0,-0.698132,0.0,1,0,26.353,18.83,0.0,0.0,0.8,0.0,4.5,2.0,1.0,0.05,1,0.0,4.5,0.0
984,2026-04-24T08:43:35.667Z,S20260424_094231,SC01,AUTO,43.5022,63.7397,0.0637,end,1,1500,VIDE,0.0,0.0,0.8,0.0,-0.698132,0.0,1,0,12.284,19.611,0.0,0.0,0.8,0.0,4.5,2.0,1.0,0.05,1,0.0,4.5,0.0
985,2026-04-24T08:43:35.728Z,S20260424_094231,SC01,AUTO,43.5629,63.8004,0.0607,end,1,1500,VIDE,0.0,0.0,0.8,0.0,-0.698132,0.0,1,0,7.46,19.974,0.0,0.0,0.8,0.0,4.5,2.0,1.0,0.05,1,0.0,4.5,0.0
986,2026-04-24T08:43:35.788Z,S20260424_094231,SC01,AUTO,43.6234,63.8609,0.0606,end,1,1500,VIDE,0.0,0.0,0.8,0.0,-0.698132,0.0,1,0,23.717,20.435,0.0,0.0,0.8,0.0,4.5,2.0,1.0,0.05,1,0.0,4.5,0.0
987,2026-04-24T08:43:35.856Z,S20260424_094231,SC01,AUTO,43.6908,63.9282,0.0673,end,1,1500,VIDE,0.0,0.0,0.8,0.0,-0.698132,0.0,1,0,22.911,19.402,0.0,0.0,0.8,0.0,4.5,2.0,1.0,0.05,1,0.0,4.5,0.0
988,2026-04-24T08:43:35.915Z,S20260424_094231,SC01,AUTO,43.7504,63.9879,0.0596,end,1,1500,VIDE,0.0,0.0,0.8,0.0,-0.698132,0.0,1,0,27.22,0.932,0.0,0.0,0.8,0.0,4.5,2.0,1.0,0.05,1,0.0,4.5,0.0
989,2026-04-24T08:43:35.980Z,S20260424_094231,SC01,AUTO,43.8147,64.0521,0.0643,end,1,1500,VIDE,0.0,0.0,0.8,0.0,-0.698132,0.0,1,0,21.053,21.333,0.0,0.0,0.8,0.0,4.5,2.0,1.0,0.05,1,0.0,4.5,0.0
990,2026-04-24T08:43:36.041Z,S20260424_094231,SC01,AUTO,43.8765,64.114,0.0618,end,1,1500,VIDE,0.0,0.0,0.8,0.0,-0.698132,0.0,1,0,18.075,19.658,0.0,0.0,0.8,0.0,4.5,2.0,1.0,0.05,1,0.0,4.5,0.0
991,2026-04-24T08:43:36.101Z,S20260424_094231,SC01,AUTO,43.9362,64.1737,0.0598,end,1,1500,VIDE,0.0,0.0,0.8,0.0,-0.698132,0.0,1,0,12.421,19.79,0.0,0.0,0.8,0.0,4.5,2.0,1.0,0.05,1,0.0,4.5,0.0
992,2026-04-24T08:43:36.166Z,S20260424_094231,SC01,AUTO,44.0005,64.238,0.0643,end,1,1500,VIDE,0.0,0.0,0.8,0.0,-0.698132,0.0,1,0,37.552,0.995,0.0,0.0,0.8,0.0,4.5,2.0,1.0,0.05,1,0.0,4.5,0.0
993,2026-04-24T08:43:36.228Z,S20260424_094231,SC01,AUTO,44.0629,64.3004,0.0624,end,1,1500,VIDE,0.0,0.0,0.8,0.0,-0.698132,0.0,1,0,14.751,19.435,0.0,0.0,0.8,0.0,4.5,2.0,1.0,0.05,1,0.0,4.5,0.0
994,2026-04-24T08:43:36.291Z,S20260424_094231,SC01,AUTO,44.1264,64.3639,0.0636,end,1,1500,VIDE,0.0,0.0,0.8,0.0,-0.698132,0.0,1,0,10.369,19.302,0.0,0.0,0.8,0.0,4.5,2.0,1.0,0.05,1,0.0,4.5,0.0
995,2026-04-24T08:43:36.352Z,S20260424_094231,SC01,AUTO,44.1872,64.4247,0.0608,end,1,1500,VIDE,0.0,0.0,0.8,0.0,-0.698132,0.0,1,0,27.199,19.807,0.0,0.0,0.8,0.0,4.5,2.0,1.0,0.05,1,0.0,4.5,0.0
996,2026-04-24T08:43:36.415Z,S20260424_094231,SC01,AUTO,44.2495,64.487,0.0623,end,1,1500,VIDE,0.0,0.0,0.8,0.0,-0.698132,0.0,1,0,22.302,19.541,0.0,0.0,0.8,0.0,4.5,2.0,1.0,0.05,1,0.0,4.5,0.0
997,2026-04-24T08:43:36.483Z,S20260424_094231,SC01,AUTO,44.3184,64.5559,0.069,end,1,1500,VIDE,0.0,0.0,0.8,0.0,-0.698132,0.0,1,0,26.083,20.345,0.0,0.0,0.8,0.0,4.5,2.0,1.0,0.05,1,0.0,4.5,0.0
998,2026-04-24T08:43:36.539Z,S20260424_094231,SC01,AUTO,44.3741,64.6116,0.0557,end,1,1500,VIDE,0.0,0.0,0.8,0.0,-0.698132,0.0,1,0,23.274,19.023,0.0,0.0,0.8,0.0,4.5,2.0,1.0,0.05,1,0.0,4.5,0.0
999,2026-04-24T08:43:36.602Z,S20260424_094231,SC01,AUTO,44.4368,64.6743,0.0627,end,1,1500,VIDE,0.0,0.0,0.8,0.0,-0.698132,0.0,1,0,18.059,19.4,0.0,0.0,0.8,0.0,4.5,2.0,1.0,0.05,1,0.0,4.5,0.0
1000,2026-04-24T08:43:36.665Z,S20260424_094231,SC01,AUTO,44.4999,64.7374,0.063,end,1,1500,VIDE,0.0,0.0,0.8,0.0,-0.698132,0.0,1,0,14.708,19.962,0.0,0.0,0.8,0.0,4.5,2.0,1.0,0.05,1,0.0,4.5,0.0
1001,2026-04-24T08:43:36.727Z,S20260424_094231,SC01,AUTO,44.5622,64.7997,0.0623,end,1,1500,VIDE,0.0,0.0,0.8,0.0,-0.698132,0.0,1,0,18.013,14.666,0.0,0.0,0.8,0.0,4.5,2.0,1.0,0.05,1,0.0,4.5,0.0
1002,2026-04-24T08:43:36.790Z,S20260424_094231,SC01,AUTO,44.6248,64.8623,0.0626,end,1,1500,VIDE,0.0,0.0,0.8,0.0,-0.698132,0.0,1,0,21.192,19.453,0.0,0.0,0.8,0.0,4.5,2.0,1.0,0.05,1,0.0,4.5,0.0
1003,2026-04-24T08:43:36.851Z,S20260424_094231,SC01,AUTO,44.6864,64.9239,0.0617,end,1,1500,VIDE,0.0,0.0,0.8,0.0,-0.698132,0.0,1,0,15.948,19.212,0.0,0.0,0.8,0.0,4.5,2.0,1.0,0.05,1,0.0,4.5,0.0
1004,2026-04-24T08:43:36.915Z,S20260424_094231,SC01,AUTO,44.7502,64.9877,0.0638,end,1,1500,VIDE,0.0,0.0,0.8,0.0,-0.698132,0.0,1,0,10.247,19.477,0.0,0.0,0.8,0.0,4.5,2.0,1.0,0.05,1,0.0,4.5,0.0
1005,2026-04-24T08:43:36.979Z,S20260424_094231,SC01,AUTO,44.8144,65.0519,0.0642,end,1,1500,VIDE,0.0,0.0,0.8,0.0,-0.698132,0.0,1,0,29.436,19.934,0.0,0.0,0.8,0.0,4.5,2.0,1.0,0.05,1,0.0,4.5,0.0
1006,2026-04-24T08:43:37.043Z,S20260424_094231,SC01,AUTO,44.8784,65.1159,0.0639,end,1,1500,VIDE,0.0,0.0,0.8,0.0,-0.698132,0.0,1,0,15.148,19.273,0.0,0.0,0.8,0.0,4.5,2.0,1.0,0.05,1,0.0,4.5,0.0
1007,2026-04-24T08:43:37.108Z,S20260424_094231,SC01,AUTO,44.9431,65.1806,0.0648,end,1,1500,VIDE,0.0,0.0,0.8,0.0,-0.698132,0.0,1,0,14.758,19.276,0.0,0.0,0.8,0.0,4.5,2.0,1.0,0.05,1,0.0,4.5,0.0
1008,2026-04-24T08:43:37.168Z,S20260424_094231,SC01,AUTO,45.0027,65.2402,0.0596,end,1,1500,VIDE,0.0,0.0,0.8,0.0,-0.698132,0.0,1,0,11.908,19.061,0.0,0.0,0.8,0.0,4.5,2.0,1.0,0.05,1,0.0,4.5,0.0
1009,2026-04-24T08:43:37.228Z,S20260424_094231,SC01,AUTO,45.0627,65.3002,0.06,end,1,1500,VIDE,0.0,0.0,0.8,0.0,-0.698132,0.0,1,0,9.509,20.776,0.0,0.0,0.8,0.0,4.5,2.0,1.0,0.05,1,0.0,4.5,0.0
1010,2026-04-24T08:43:37.324Z,S20260424_094231,SC01,AUTO,45.1593,65.3968,0.0965,end,1,1500,VIDE,0.0,0.0,0.8,0.0,-0.698132,0.0,1,0,78.245,0.748,0.0,0.0,0.8,0.0,4.5,2.0,1.0,0.05,1,0.0,4.5,0.0
