row_id,wall_time_utc,session_id,scenario_id,execution_mode,scenario_time_s,program_time_s,sample_dt_s,phase,scenario_started,vehicle_mass_kg,mass_label,steer_cmd_deg,throttle_cmd,brake_cmd,speed_mps,yaw_rad,yaw_rate_rps,mode_id,fault_flag,rtt_ms,jitter_ms,steer_ref_deg,throttle_ref,brake_ref,speed_ref_mps,tol_steer_deg,tol_throttle,tol_brake,tol_speed_mps,e_speed_actual,e_steer_actual,speed_in_tol
1,2026-04-22T14:23:35.068Z,S20260422_152334,SC01,AUTO,,0.5,0.4953,start,0,1500,VIDE,0.0,0.0,0.0,0.0,0.0,0.0,0,0,0.0,0.0,0.0,0.0,0.0,0.0,2.0,1.0,0.05,0.8,0.0,0.0,1
2,2026-04-22T14:23:35.129Z,S20260422_152334,SC01,AUTO,,0.561,0.061,start,0,1500,VIDE,0.0,0.0,0.0,0.0,0.0,0.0,0,0,0.0,0.0,0.0,0.0,0.0,0.0,2.0,1.0,0.05,0.8,0.0,0.0,1
3,2026-04-22T14:23:35.191Z,S20260422_152334,SC01,AUTO,,0.6231,0.062,start,0,1500,VIDE,0.0,0.0,0.0,0.0,0.0,0.0,0,0,0.0,0.0,0.0,0.0,0.0,0.0,2.0,1.0,0.05,0.8,0.0,0.0,1
4,2026-04-22T14:23:35.259Z,S20260422_152334,SC01,AUTO,,0.691,0.0679,start,0,1500,VIDE,0.0,0.0,0.0,0.0,0.0,0.0,0,0,0.0,0.0,0.0,0.0,0.0,0.0,2.0,1.0,0.05,0.8,0.0,0.0,1
5,2026-04-22T14:23:35.321Z,S20260422_152334,SC01,AUTO,,0.7526,0.0616,start,0,1500,VIDE,0.0,0.0,0.0,0.0,0.0,0.0,0,0,0.0,0.0,0.0,0.0,0.0,0.0,2.0,1.0,0.05,0.8,0.0,0.0,1
6,2026-04-22T14:23:35.379Z,S20260422_152334,SC01,AUTO,,0.8107,0.0581,start,0,1500,VIDE,0.0,0.0,0.0,0.0,0.0,0.0,0,0,0.0,0.0,0.0,0.0,0.0,0.0,2.0,1.0,0.05,0.8,0.0,0.0,1
7,2026-04-22T14:23:35.448Z,S20260422_152334,SC01,AUTO,,0.8793,0.0686,start,0,1500,VIDE,0.0,0.0,0.0,0.0,0.0,0.0,0,0,0.0,0.0,0.0,0.0,0.0,0.0,2.0,1.0,0.05,0.8,0.0,0.0,1
8,2026-04-22T14:23:35.505Z,S20260422_152334,SC01,AUTO,,0.9369,0.0576,start,0,1500,VIDE,0.0,0.0,0.0,0.0,0.0,0.0,0,0,0.0,0.0,0.0,0.0,0.0,0.0,2.0,1.0,0.05,0.8,0.0,0.0,1
9,2026-04-22T14:23:35.567Z,S20260422_152334,SC01,AUTO,,0.9991,0.0622,start,0,1500,VIDE,0.0,0.0,0.0,0.0,0.0,0.0,0,0,0.0,0.0,0.0,0.0,0.0,0.0,2.0,1.0,0.05,0.8,0.0,0.0,1
10,2026-04-22T14:23:35.640Z,S20260422_152334,SC01,AUTO,,1.0718,0.0728,start,0,1500,VIDE,0.0,0.0,0.0,0.0,0.0,0.0,0,0,0.0,0.0,0.0,0.0,0.0,0.0,2.0,1.0,0.05,0.8,0.0,0.0,1
11,2026-04-22T14:23:35.696Z,S20260422_152334,SC01,AUTO,,1.128,0.0562,start,0,1500,VIDE,0.0,0.0,0.0,0.0,0.0,0.0,0,0,0.0,0.0,0.0,0.0,0.0,0.0,2.0,1.0,0.05,0.8,0.0,0.0,1
12,2026-04-22T14:23:35.761Z,S20260422_152334,SC01,AUTO,,1.1924,0.0644,start,0,1500,VIDE,0.0,0.0,0.0,0.0,0.0,0.0,0,0,0.0,0.0,0.0,0.0,0.0,0.0,2.0,1.0,0.05,0.8,0.0,0.0,1
13,2026-04-22T14:23:35.821Z,S20260422_152334,SC01,AUTO,,1.2524,0.0601,start,0,1500,VIDE,0.0,0.0,0.0,0.0,0.0,0.0,0,0,0.0,0.0,0.0,0.0,0.0,0.0,2.0,1.0,0.05,0.8,0.0,0.0,1
14,2026-04-22T14:23:35.879Z,S20260422_152334,SC01,AUTO,,1.311,0.0585,start,0,1500,VIDE,0.0,0.0,0.0,0.0,0.0,0.0,0,0,0.0,0.0,0.0,0.0,0.0,0.0,2.0,1.0,0.05,0.8,0.0,0.0,1
15,2026-04-22T14:23:35.941Z,S20260422_152334,SC01,AUTO,,1.3727,0.0617,start,0,1500,VIDE,0.0,0.0,0.0,0.0,0.0,0.0,0,0,0.0,0.0,0.0,0.0,0.0,0.0,2.0,1.0,0.05,0.8,0.0,0.0,1
16,2026-04-22T14:23:36.015Z,S20260422_152334,SC01,AUTO,,1.4463,0.0735,start,0,1500,VIDE,0.0,0.0,0.0,0.0,0.0,0.0,0,0,0.0,0.0,0.0,0.0,0.0,0.0,2.0,1.0,0.05,0.8,0.0,0.0,1
17,2026-04-22T14:23:36.068Z,S20260422_152334,SC01,AUTO,,1.4995,0.0532,start,0,1500,VIDE,0.0,0.0,0.0,0.0,0.0,0.0,0,0,0.0,0.0,0.0,0.0,0.0,0.0,2.0,1.0,0.05,0.8,0.0,0.0,1
18,2026-04-22T14:23:36.140Z,S20260422_152334,SC01,AUTO,,1.5712,0.0717,start,0,1500,VIDE,0.0,0.0,0.0,0.0,0.0,0.0,0,0,0.0,0.0,0.0,0.0,0.0,0.0,2.0,1.0,0.05,0.8,0.0,0.0,1
19,2026-04-22T14:23:36.201Z,S20260422_152334,SC01,AUTO,,1.6322,0.0611,start,0,1500,VIDE,0.0,0.0,0.0,0.0,0.0,0.0,0,0,0.0,0.0,0.0,0.0,0.0,0.0,2.0,1.0,0.05,0.8,0.0,0.0,1
20,2026-04-22T14:23:36.261Z,S20260422_152334,SC01,AUTO,,1.6929,0.0606,start,0,1500,VIDE,0.0,0.0,0.0,0.0,0.0,0.0,0,0,0.0,0.0,0.0,0.0,0.0,0.0,2.0,1.0,0.05,0.8,0.0,0.0,1
21,2026-04-22T14:23:36.321Z,S20260422_152334,SC01,AUTO,,1.7525,0.0597,start,0,1500,VIDE,0.0,0.0,0.0,0.0,0.0,0.0,0,0,0.0,0.0,0.0,0.0,0.0,0.0,2.0,1.0,0.05,0.8,0.0,0.0,1
22,2026-04-22T14:23:36.381Z,S20260422_152334,SC01,AUTO,,1.8125,0.06,start,0,1500,VIDE,0.0,0.0,0.0,0.0,0.0,0.0,0,0,0.0,0.0,0.0,0.0,0.0,0.0,2.0,1.0,0.05,0.8,0.0,0.0,1
23,2026-04-22T14:23:36.447Z,S20260422_152334,SC01,AUTO,,1.879,0.0664,start,0,1500,VIDE,0.0,0.0,0.0,0.0,0.0,0.0,0,0,0.0,0.0,0.0,0.0,0.0,0.0,2.0,1.0,0.05,0.8,0.0,0.0,1
24,2026-04-22T14:23:36.511Z,S20260422_152334,SC01,AUTO,,1.9426,0.0636,start,0,1500,VIDE,0.0,0.0,0.0,0.0,0.0,0.0,0,0,0.0,0.0,0.0,0.0,0.0,0.0,2.0,1.0,0.05,0.8,0.0,0.0,1
25,2026-04-22T14:23:36.574Z,S20260422_152334,SC01,AUTO,,2.0054,0.0628,start,0,1500,VIDE,0.0,0.0,0.0,0.0,0.0,0.0,0,0,0.0,0.0,0.0,0.0,0.0,0.0,2.0,1.0,0.05,0.8,0.0,0.0,1
26,2026-04-22T14:23:36.632Z,S20260422_152334,SC01,AUTO,,2.0632,0.0578,start,0,1500,VIDE,0.0,0.0,0.0,0.0,0.0,0.0,0,0,0.0,0.0,0.0,0.0,0.0,0.0,2.0,1.0,0.05,0.8,0.0,0.0,1
27,2026-04-22T14:23:36.692Z,S20260422_152334,SC01,AUTO,,2.124,0.0608,start,0,1500,VIDE,0.0,0.0,0.0,0.0,0.0,0.0,0,0,0.0,0.0,0.0,0.0,0.0,0.0,2.0,1.0,0.05,0.8,0.0,0.0,1
28,2026-04-22T14:23:36.759Z,S20260422_152334,SC01,AUTO,,2.191,0.067,start,0,1500,VIDE,0.0,0.0,0.0,0.0,0.0,0.0,0,0,0.0,0.0,0.0,0.0,0.0,0.0,2.0,1.0,0.05,0.8,0.0,0.0,1
29,2026-04-22T14:23:36.821Z,S20260422_152334,SC01,AUTO,,2.2524,0.0614,start,0,1500,VIDE,0.0,0.0,0.0,0.0,0.0,0.0,0,0,0.0,0.0,0.0,0.0,0.0,0.0,2.0,1.0,0.05,0.8,0.0,0.0,1
30,2026-04-22T14:23:36.881Z,S20260422_152334,SC01,AUTO,,2.3124,0.06,start,0,1500,VIDE,0.0,0.0,0.0,0.0,0.0,0.0,0,0,0.0,0.0,0.0,0.0,0.0,0.0,2.0,1.0,0.05,0.8,0.0,0.0,1
31,2026-04-22T14:23:36.941Z,S20260422_152334,SC01,AUTO,,2.3727,0.0603,start,0,1500,VIDE,0.0,0.0,0.0,0.0,0.0,0.0,0,0,0.0,0.0,0.0,0.0,0.0,0.0,2.0,1.0,0.05,0.8,0.0,0.0,1
32,2026-04-22T14:23:37.008Z,S20260422_152334,SC01,AUTO,,2.4395,0.0667,start,0,1500,VIDE,0.0,0.0,0.0,0.0,0.0,0.0,0,0,0.0,0.0,0.0,0.0,0.0,0.0,2.0,1.0,0.05,0.8,0.0,0.0,1
33,2026-04-22T14:23:37.070Z,S20260422_152334,SC01,AUTO,,2.5018,0.0624,start,0,1500,VIDE,0.0,0.0,0.0,0.0,0.0,0.0,0,0,0.0,0.0,0.0,0.0,0.0,0.0,2.0,1.0,0.05,0.8,0.0,0.0,1
34,2026-04-22T14:23:37.132Z,S20260422_152334,SC01,AUTO,,2.5638,0.062,start,0,1500,VIDE,0.0,0.0,0.0,0.0,0.0,0.0,0,0,0.0,0.0,0.0,0.0,0.0,0.0,2.0,1.0,0.05,0.8,0.0,0.0,1
35,2026-04-22T14:23:37.195Z,S20260422_152334,SC01,AUTO,,2.6262,0.0624,start,0,1500,VIDE,0.0,0.0,0.0,0.0,0.0,0.0,0,0,0.0,0.0,0.0,0.0,0.0,0.0,2.0,1.0,0.05,0.8,0.0,0.0,1
36,2026-04-22T14:23:37.256Z,S20260422_152334,SC01,AUTO,,2.6879,0.0617,start,0,1500,VIDE,0.0,0.0,0.0,0.0,0.0,0.0,0,0,0.0,0.0,0.0,0.0,0.0,0.0,2.0,1.0,0.05,0.8,0.0,0.0,1
37,2026-04-22T14:23:37.317Z,S20260422_152334,SC01,AUTO,,2.749,0.0611,start,0,1500,VIDE,0.0,0.0,0.0,0.0,0.0,0.0,0,0,0.0,0.0,0.0,0.0,0.0,0.0,2.0,1.0,0.05,0.8,0.0,0.0,1
38,2026-04-22T14:23:37.381Z,S20260422_152334,SC01,AUTO,,2.8123,0.0633,start,0,1500,VIDE,0.0,0.0,0.0,0.0,0.0,0.0,0,0,0.0,0.0,0.0,0.0,0.0,0.0,2.0,1.0,0.05,0.8,0.0,0.0,1
39,2026-04-22T14:23:37.443Z,S20260422_152334,SC01,AUTO,,2.8747,0.0624,start,0,1500,VIDE,0.0,0.0,0.0,0.0,0.0,0.0,0,0,0.0,0.0,0.0,0.0,0.0,0.0,2.0,1.0,0.05,0.8,0.0,0.0,1
40,2026-04-22T14:23:37.507Z,S20260422_152334,SC01,AUTO,,2.939,0.0643,start,0,1500,VIDE,0.0,0.0,0.0,0.0,0.0,0.0,0,0,0.0,0.0,0.0,0.0,0.0,0.0,2.0,1.0,0.05,0.8,0.0,0.0,1
41,2026-04-22T14:23:37.568Z,S20260422_152334,SC01,AUTO,,2.9995,0.0606,start,0,1500,VIDE,0.0,0.0,0.0,0.0,0.0,0.0,0,0,0.0,0.0,0.0,0.0,0.0,0.0,2.0,1.0,0.05,0.8,0.0,0.0,1
42,2026-04-22T14:23:37.629Z,S20260422_152334,SC01,AUTO,,3.0605,0.061,start,0,1500,VIDE,0.0,0.0,0.0,0.0,0.0,0.0,0,0,0.0,0.0,0.0,0.0,0.0,0.0,2.0,1.0,0.05,0.8,0.0,0.0,1
43,2026-04-22T14:23:37.694Z,S20260422_152334,SC01,AUTO,,3.1253,0.0648,start,0,1500,VIDE,0.0,0.0,0.0,0.0,0.0,0.0,0,0,0.0,0.0,0.0,0.0,0.0,0.0,2.0,1.0,0.05,0.8,0.0,0.0,1
44,2026-04-22T14:23:37.755Z,S20260422_152334,SC01,AUTO,,3.1867,0.0613,start,0,1500,VIDE,0.0,0.0,0.0,0.0,0.0,0.0,0,0,0.0,0.0,0.0,0.0,0.0,0.0,2.0,1.0,0.05,0.8,0.0,0.0,1
45,2026-04-22T14:23:37.818Z,S20260422_152334,SC01,AUTO,,3.2497,0.063,start,0,1500,VIDE,0.0,0.0,0.0,0.0,0.0,0.0,0,0,0.0,0.0,0.0,0.0,0.0,0.0,2.0,1.0,0.05,0.8,0.0,0.0,1
46,2026-04-22T14:23:37.880Z,S20260422_152334,SC01,AUTO,,3.3118,0.0621,start,0,1500,VIDE,0.0,0.0,0.0,0.0,0.0,0.0,0,0,0.0,0.0,0.0,0.0,0.0,0.0,2.0,1.0,0.05,0.8,0.0,0.0,1
47,2026-04-22T14:23:37.943Z,S20260422_152334,SC01,AUTO,,3.3746,0.0628,start,0,1500,VIDE,0.0,0.0,0.0,0.0,0.0,0.0,0,0,0.0,0.0,0.0,0.0,0.0,0.0,2.0,1.0,0.05,0.8,0.0,0.0,1
48,2026-04-22T14:23:38.005Z,S20260422_152334,SC01,AUTO,,3.437,0.0624,start,0,1500,VIDE,0.0,0.0,0.0,0.0,0.0,0.0,0,0,0.0,0.0,0.0,0.0,0.0,0.0,2.0,1.0,0.05,0.8,0.0,0.0,1
49,2026-04-22T14:23:38.068Z,S20260422_152334,SC01,AUTO,,3.4999,0.0629,start,0,1500,VIDE,0.0,0.0,0.0,0.0,0.0,0.0,0,0,0.0,0.0,0.0,0.0,0.0,0.0,2.0,1.0,0.05,0.8,0.0,0.0,1
50,2026-04-22T14:23:38.131Z,S20260422_152334,SC01,AUTO,,3.5624,0.0625,start,0,1500,VIDE,0.0,0.0,0.0,0.0,0.0,0.0,0,0,0.0,0.0,0.0,0.0,0.0,0.0,2.0,1.0,0.05,0.8,0.0,0.0,1
51,2026-04-22T14:23:38.195Z,S20260422_152334,SC01,AUTO,,3.6262,0.0638,start,0,1500,VIDE,0.0,0.0,0.0,0.0,0.0,0.0,0,0,0.0,0.0,0.0,0.0,0.0,0.0,2.0,1.0,0.05,0.8,0.0,0.0,1
52,2026-04-22T14:23:38.258Z,S20260422_152334,SC01,AUTO,,3.6901,0.0639,start,0,1500,VIDE,0.0,0.0,0.0,0.0,0.0,0.0,0,0,0.0,0.0,0.0,0.0,0.0,0.0,2.0,1.0,0.05,0.8,0.0,0.0,1
53,2026-04-22T14:23:38.320Z,S20260422_152334,SC01,AUTO,,3.752,0.0619,start,0,1500,VIDE,0.0,0.0,0.0,0.0,0.0,0.0,0,0,0.0,0.0,0.0,0.0,0.0,0.0,2.0,1.0,0.05,0.8,0.0,0.0,1
54,2026-04-22T14:23:38.381Z,S20260422_152334,SC01,AUTO,,3.8127,0.0608,start,0,1500,VIDE,0.0,0.0,0.0,0.0,0.0,0.0,0,0,0.0,0.0,0.0,0.0,0.0,0.0,2.0,1.0,0.05,0.8,0.0,0.0,1
55,2026-04-22T14:23:38.446Z,S20260422_152334,SC01,AUTO,,3.8775,0.0648,start,0,1500,VIDE,0.0,0.0,0.0,0.0,0.0,0.0,0,0,0.0,0.0,0.0,0.0,0.0,0.0,2.0,1.0,0.05,0.8,0.0,0.0,1
56,2026-04-22T14:23:38.508Z,S20260422_152334,SC01,AUTO,,3.9399,0.0624,start,0,1500,VIDE,0.0,0.0,0.0,0.0,0.0,0.0,0,0,0.0,0.0,0.0,0.0,0.0,0.0,2.0,1.0,0.05,0.8,0.0,0.0,1
57,2026-04-22T14:23:38.572Z,S20260422_152334,SC01,AUTO,,4.0032,0.0633,start,0,1500,VIDE,0.0,0.0,0.0,0.0,0.0,0.0,0,0,0.0,0.0,0.0,0.0,0.0,0.0,2.0,1.0,0.05,0.8,0.0,0.0,1
58,2026-04-22T14:23:38.633Z,S20260422_152334,SC01,AUTO,,4.0645,0.0613,start,0,1500,VIDE,0.0,0.0,0.0,0.0,0.0,0.0,0,0,0.0,0.0,0.0,0.0,0.0,0.0,2.0,1.0,0.05,0.8,0.0,0.0,1
59,2026-04-22T14:23:38.696Z,S20260422_152334,SC01,AUTO,,4.1277,0.0632,start,0,1500,VIDE,0.0,0.0,0.0,0.0,0.0,0.0,0,0,0.0,0.0,0.0,0.0,0.0,0.0,2.0,1.0,0.05,0.8,0.0,0.0,1
60,2026-04-22T14:23:38.757Z,S20260422_152334,SC01,AUTO,,4.1887,0.061,start,0,1500,VIDE,0.0,0.0,0.0,0.0,0.0,0.0,0,0,0.0,0.0,0.0,0.0,0.0,0.0,2.0,1.0,0.05,0.8,0.0,0.0,1
61,2026-04-22T14:23:38.820Z,S20260422_152334,SC01,AUTO,,4.2518,0.063,start,0,1500,VIDE,0.0,0.0,0.0,0.0,0.0,0.0,0,0,0.0,0.0,0.0,0.0,0.0,0.0,2.0,1.0,0.05,0.8,0.0,0.0,1
62,2026-04-22T14:23:38.881Z,S20260422_152334,SC01,AUTO,,4.3126,0.0609,start,0,1500,VIDE,0.0,0.0,0.0,0.0,0.0,0.0,0,0,0.0,0.0,0.0,0.0,0.0,0.0,2.0,1.0,0.05,0.8,0.0,0.0,1
63,2026-04-22T14:23:38.945Z,S20260422_152334,SC01,AUTO,,4.3767,0.0641,start,0,1500,VIDE,0.0,0.0,0.0,0.0,0.0,0.0,0,0,0.0,0.0,0.0,0.0,0.0,0.0,2.0,1.0,0.05,0.8,0.0,0.0,1
64,2026-04-22T14:23:39.007Z,S20260422_152334,SC01,AUTO,,4.4388,0.0621,start,0,1500,VIDE,0.0,0.0,0.0,0.0,0.0,0.0,0,0,0.0,0.0,0.0,0.0,0.0,0.0,2.0,1.0,0.05,0.8,0.0,0.0,1
65,2026-04-22T14:23:39.070Z,S20260422_152334,SC01,AUTO,,4.5013,0.0625,start,0,1500,VIDE,0.0,0.0,0.0,0.0,0.0,0.0,0,0,0.0,0.0,0.0,0.0,0.0,0.0,2.0,1.0,0.05,0.8,0.0,0.0,1
66,2026-04-22T14:23:39.132Z,S20260422_152334,SC01,AUTO,,4.5641,0.0627,start,0,1500,VIDE,0.0,0.0,0.0,0.0,0.0,0.0,0,0,0.0,0.0,0.0,0.0,0.0,0.0,2.0,1.0,0.05,0.8,0.0,0.0,1
67,2026-04-22T14:23:39.192Z,S20260422_152334,SC01,AUTO,,4.6241,0.06,start,0,1500,VIDE,0.0,0.0,0.0,0.0,0.0,0.0,0,0,0.0,0.0,0.0,0.0,0.0,0.0,2.0,1.0,0.05,0.8,0.0,0.0,1
68,2026-04-22T14:23:39.255Z,S20260422_152334,SC01,AUTO,,4.6871,0.063,start,0,1500,VIDE,0.0,0.0,0.0,0.0,0.0,0.0,0,0,0.0,0.0,0.0,0.0,0.0,0.0,2.0,1.0,0.05,0.8,0.0,0.0,1
69,2026-04-22T14:23:39.318Z,S20260422_152334,SC01,AUTO,,4.7499,0.0628,start,0,1500,VIDE,0.0,0.0,0.0,0.0,0.0,0.0,0,0,0.0,0.0,0.0,0.0,0.0,0.0,2.0,1.0,0.05,0.8,0.0,0.0,1
70,2026-04-22T14:23:39.380Z,S20260422_152334,SC01,AUTO,,4.8115,0.0615,start,0,1500,VIDE,0.0,0.0,0.0,0.0,0.0,0.0,0,0,0.0,0.0,0.0,0.0,0.0,0.0,2.0,1.0,0.05,0.8,0.0,0.0,1
71,2026-04-22T14:23:39.443Z,S20260422_152334,SC01,AUTO,,4.8746,0.0632,start,0,1500,VIDE,0.0,0.0,0.0,0.0,0.0,0.0,0,0,0.0,0.0,0.0,0.0,0.0,0.0,2.0,1.0,0.05,0.8,0.0,0.0,1
72,2026-04-22T14:23:39.505Z,S20260422_152334,SC01,AUTO,,4.9371,0.0624,start,0,1500,VIDE,0.0,0.0,0.0,0.0,0.0,0.0,0,0,0.0,0.0,0.0,0.0,0.0,0.0,2.0,1.0,0.05,0.8,0.0,0.0,1
73,2026-04-22T14:23:39.568Z,S20260422_152334,SC01,AUTO,,5.0001,0.0631,start,0,1500,VIDE,0.0,0.0,0.0,0.0,0.0,0.0,0,0,0.0,0.0,0.0,0.0,0.0,0.0,2.0,1.0,0.05,0.8,0.0,0.0,1
74,2026-04-22T14:23:39.631Z,S20260422_152334,SC01,AUTO,,5.0623,0.0621,start,0,1500,VIDE,0.0,0.0,0.0,0.0,0.0,0.0,0,0,0.0,0.0,0.0,0.0,0.0,0.0,2.0,1.0,0.05,0.8,0.0,0.0,1
75,2026-04-22T14:23:39.692Z,S20260422_152334,SC01,AUTO,,5.1233,0.0611,start,0,1500,VIDE,0.0,0.0,0.0,0.0,0.0,0.0,0,0,0.0,0.0,0.0,0.0,0.0,0.0,2.0,1.0,0.05,0.8,0.0,0.0,1
76,2026-04-22T14:23:39.754Z,S20260422_152334,SC01,AUTO,,5.1858,0.0625,start,0,1500,VIDE,0.0,0.0,0.0,0.0,0.0,0.0,0,0,0.0,0.0,0.0,0.0,0.0,0.0,2.0,1.0,0.05,0.8,0.0,0.0,1
77,2026-04-22T14:23:39.817Z,S20260422_152334,SC01,AUTO,,5.2485,0.0627,start,0,1500,VIDE,0.0,0.0,0.0,0.0,0.0,0.0,0,0,0.0,0.0,0.0,0.0,0.0,0.0,2.0,1.0,0.05,0.8,0.0,0.0,1
78,2026-04-22T14:23:39.880Z,S20260422_152334,SC01,AUTO,,5.3115,0.0629,start,0,1500,VIDE,0.0,0.0,0.0,0.0,0.0,0.0,0,0,0.0,0.0,0.0,0.0,0.0,0.0,2.0,1.0,0.05,0.8,0.0,0.0,1
79,2026-04-22T14:23:39.942Z,S20260422_152334,SC01,AUTO,,5.3734,0.0621,start,0,1500,VIDE,0.0,0.0,0.0,0.0,0.0,0.0,0,0,0.0,0.0,0.0,0.0,0.0,0.0,2.0,1.0,0.05,0.8,0.0,0.0,1
80,2026-04-22T14:23:40.004Z,S20260422_152334,SC01,AUTO,,5.436,0.0626,start,0,1500,VIDE,0.0,0.0,0.0,0.0,0.0,0.0,0,0,0.0,0.0,0.0,0.0,0.0,0.0,2.0,1.0,0.05,0.8,0.0,0.0,1
81,2026-04-22T14:23:40.066Z,S20260422_152334,SC01,AUTO,,5.4981,0.0621,start,0,1500,VIDE,0.0,0.0,0.0,0.0,0.0,0.0,0,0,0.0,0.0,0.0,0.0,0.0,0.0,2.0,1.0,0.05,0.8,0.0,0.0,1
82,2026-04-22T14:23:40.141Z,S20260422_152334,SC01,AUTO,,5.5727,0.0745,start,0,1500,VIDE,0.0,0.0,0.0,0.0,0.0,0.0,0,0,0.0,0.0,0.0,0.0,0.0,0.0,2.0,1.0,0.05,0.8,0.0,0.0,1
83,2026-04-22T14:23:40.201Z,S20260422_152334,SC01,AUTO,,5.6331,0.0604,start,0,1500,VIDE,0.0,0.0,0.0,0.0,0.0,0.0,0,0,0.0,0.0,0.0,0.0,0.0,0.0,2.0,1.0,0.05,0.8,0.0,0.0,1
84,2026-04-22T14:23:40.255Z,S20260422_152334,SC01,AUTO,,5.6864,0.0533,start,0,1500,VIDE,0.0,0.0,0.0,0.0,0.0,0.0,0,0,0.0,0.0,0.0,0.0,0.0,0.0,2.0,1.0,0.05,0.8,0.0,0.0,1
85,2026-04-22T14:23:40.321Z,S20260422_152334,SC01,AUTO,,5.7528,0.0664,start,0,1500,VIDE,0.0,0.0,0.0,0.0,0.0,0.0,0,0,0.0,0.0,0.0,0.0,0.0,0.0,2.0,1.0,0.05,0.8,0.0,0.0,1
86,2026-04-22T14:23:40.381Z,S20260422_152334,SC01,AUTO,,5.8127,0.06,start,0,1500,VIDE,0.0,0.0,0.0,0.0,0.0,0.0,0,0,0.0,0.0,0.0,0.0,0.0,0.0,2.0,1.0,0.05,0.8,0.0,0.0,1
87,2026-04-22T14:23:40.441Z,S20260422_152334,SC01,AUTO,,5.8726,0.0599,start,0,1500,VIDE,0.0,0.0,0.0,0.0,0.0,0.0,0,0,0.0,0.0,0.0,0.0,0.0,0.0,2.0,1.0,0.05,0.8,0.0,0.0,1
88,2026-04-22T14:23:40.504Z,S20260422_152334,SC01,AUTO,,5.9357,0.0631,start,0,1500,VIDE,0.0,0.0,0.0,0.0,0.0,0.0,0,0,0.0,0.0,0.0,0.0,0.0,0.0,2.0,1.0,0.05,0.8,0.0,0.0,1
89,2026-04-22T14:23:40.569Z,S20260422_152334,SC01,AUTO,,6.0002,0.0644,start,0,1500,VIDE,0.0,0.0,0.0,0.0,0.0,0.0,0,0,0.0,0.0,0.0,0.0,0.0,0.0,2.0,1.0,0.05,0.8,0.0,0.0,1
90,2026-04-22T14:23:40.632Z,S20260422_152334,SC01,AUTO,,6.0633,0.0631,start,0,1500,VIDE,0.0,0.0,0.0,0.0,0.0,0.0,0,0,0.0,0.0,0.0,0.0,0.0,0.0,2.0,1.0,0.05,0.8,0.0,0.0,1
91,2026-04-22T14:23:40.696Z,S20260422_152334,SC01,AUTO,,6.1275,0.0642,start,0,1500,VIDE,0.0,0.0,0.0,0.0,0.0,0.0,0,0,0.0,0.0,0.0,0.0,0.0,0.0,2.0,1.0,0.05,0.8,0.0,0.0,1
92,2026-04-22T14:23:40.760Z,S20260422_152334,SC01,AUTO,,6.1914,0.0639,start,0,1500,VIDE,0.0,0.0,0.0,0.0,0.0,0.0,0,0,0.0,0.0,0.0,0.0,0.0,0.0,2.0,1.0,0.05,0.8,0.0,0.0,1
93,2026-04-22T14:23:40.816Z,S20260422_152334,SC01,AUTO,,6.2477,0.0564,start,0,1500,VIDE,0.0,0.0,0.0,0.0,0.0,0.0,0,0,0.0,0.0,0.0,0.0,0.0,0.0,2.0,1.0,0.05,0.8,0.0,0.0,1
94,2026-04-22T14:23:40.880Z,S20260422_152334,SC01,AUTO,,6.3113,0.0636,start,0,1500,VIDE,0.0,0.0,0.0,0.0,0.0,0.0,0,0,0.0,0.0,0.0,0.0,0.0,0.0,2.0,1.0,0.05,0.8,0.0,0.0,1
95,2026-04-22T14:23:40.944Z,S20260422_152334,SC01,AUTO,,6.3757,0.0644,start,0,1500,VIDE,0.0,0.0,0.0,0.0,0.0,0.0,0,0,0.0,0.0,0.0,0.0,0.0,0.0,2.0,1.0,0.05,0.8,0.0,0.0,1
96,2026-04-22T14:23:41.017Z,S20260422_152334,SC01,AUTO,,6.4491,0.0734,start,0,1500,VIDE,0.0,0.0,0.0,0.0,0.0,0.0,0,0,0.0,0.0,0.0,0.0,0.0,0.0,2.0,1.0,0.05,0.8,0.0,0.0,1
97,2026-04-22T14:23:41.079Z,S20260422_152334,SC01,AUTO,,6.5106,0.0615,start,0,1500,VIDE,0.0,0.0,0.0,0.0,0.0,0.0,0,0,0.0,0.0,0.0,0.0,0.0,0.0,2.0,1.0,0.05,0.8,0.0,0.0,1
98,2026-04-22T14:23:41.136Z,S20260422_152334,SC01,AUTO,,6.5679,0.0572,start,0,1500,VIDE,0.0,0.0,0.0,0.0,0.0,0.0,0,0,0.0,0.0,0.0,0.0,0.0,0.0,2.0,1.0,0.05,0.8,0.0,0.0,1
99,2026-04-22T14:23:41.192Z,S20260422_152334,SC01,AUTO,,6.6232,0.0554,start,0,1500,VIDE,0.0,0.0,0.0,0.0,0.0,0.0,0,0,0.0,0.0,0.0,0.0,0.0,0.0,2.0,1.0,0.05,0.8,0.0,0.0,1
100,2026-04-22T14:23:41.256Z,S20260422_152334,SC01,AUTO,,6.6874,0.0642,start,0,1500,VIDE,0.0,0.0,0.0,0.0,0.0,0.0,0,0,0.0,0.0,0.0,0.0,0.0,0.0,2.0,1.0,0.05,0.8,0.0,0.0,1
101,2026-04-22T14:23:41.321Z,S20260422_152334,SC01,AUTO,,6.7531,0.0657,start,0,1500,VIDE,0.0,0.0,0.0,0.0,0.0,0.0,0,0,0.0,0.0,0.0,0.0,0.0,0.0,2.0,1.0,0.05,0.8,0.0,0.0,1
102,2026-04-22T14:23:41.381Z,S20260422_152334,SC01,AUTO,,6.8129,0.0598,start,0,1500,VIDE,0.0,0.0,0.0,0.0,0.0,0.0,0,0,0.0,0.0,0.0,0.0,0.0,0.0,2.0,1.0,0.05,0.8,0.0,0.0,1
103,2026-04-22T14:23:41.451Z,S20260422_152334,SC01,AUTO,,6.8826,0.0697,start,0,1500,VIDE,0.0,0.0,0.0,0.0,0.0,0.0,0,0,0.0,0.0,0.0,0.0,0.0,0.0,2.0,1.0,0.05,0.8,0.0,0.0,1
104,2026-04-22T14:23:41.504Z,S20260422_152334,SC01,AUTO,,6.9361,0.0536,start,0,1500,VIDE,0.0,0.0,0.0,0.0,0.0,0.0,0,0,0.0,0.0,0.0,0.0,0.0,0.0,2.0,1.0,0.05,0.8,0.0,0.0,1
105,2026-04-22T14:23:41.568Z,S20260422_152334,SC01,AUTO,,7.0,0.0639,start,0,1500,VIDE,0.0,0.0,0.0,0.0,0.0,0.0,0,0,0.0,0.0,0.0,0.0,0.0,0.0,2.0,1.0,0.05,0.8,0.0,0.0,1
106,2026-04-22T14:23:41.630Z,S20260422_152334,SC01,AUTO,,7.0612,0.0611,start,0,1500,VIDE,0.0,0.0,0.0,0.0,0.0,0.0,0,0,0.0,0.0,0.0,0.0,0.0,0.0,2.0,1.0,0.05,0.8,0.0,0.0,1
107,2026-04-22T14:23:41.696Z,S20260422_152334,SC01,AUTO,,7.1273,0.0661,start,0,1500,VIDE,0.0,0.0,0.0,0.0,0.0,0.0,0,0,0.0,0.0,0.0,0.0,0.0,0.0,2.0,1.0,0.05,0.8,0.0,0.0,1
108,2026-04-22T14:23:41.760Z,S20260422_152334,SC01,AUTO,,7.1918,0.0645,start,0,1500,VIDE,0.0,0.0,0.0,0.0,0.0,0.0,0,0,0.0,0.0,0.0,0.0,0.0,0.0,2.0,1.0,0.05,0.8,0.0,0.0,1
109,2026-04-22T14:23:41.821Z,S20260422_152334,SC01,AUTO,,7.2528,0.061,start,0,1500,VIDE,0.0,0.0,0.0,0.0,0.0,0.0,0,0,0.0,0.0,0.0,0.0,0.0,0.0,2.0,1.0,0.05,0.8,0.0,0.0,1
110,2026-04-22T14:23:41.880Z,S20260422_152334,SC01,AUTO,,7.3112,0.0585,start,0,1500,VIDE,0.0,0.0,0.0,0.0,0.0,0.0,0,0,0.0,0.0,0.0,0.0,0.0,0.0,2.0,1.0,0.05,0.8,0.0,0.0,1
111,2026-04-22T14:23:41.942Z,S20260422_152334,SC01,AUTO,,7.3738,0.0625,start,0,1500,VIDE,0.0,0.0,0.0,0.0,0.0,0.0,0,0,0.0,0.0,0.0,0.0,0.0,0.0,2.0,1.0,0.05,0.8,0.0,0.0,1
112,2026-04-22T14:23:42.012Z,S20260422_152334,SC01,AUTO,,7.4442,0.0703,start,0,1500,VIDE,0.0,0.0,0.0,0.0,0.0,0.0,0,0,0.0,0.0,0.0,0.0,0.0,0.0,2.0,1.0,0.05,0.8,0.0,0.0,1
113,2026-04-22T14:23:42.072Z,S20260422_152334,SC01,AUTO,,7.504,0.06,start,0,1500,VIDE,0.0,0.0,0.0,0.0,0.0,0.0,0,0,0.0,0.0,0.0,0.0,0.0,0.0,2.0,1.0,0.05,0.8,0.0,0.0,1
114,2026-04-22T14:23:42.134Z,S20260422_152334,SC01,AUTO,,7.5656,0.0615,start,0,1500,VIDE,0.0,0.0,0.0,0.0,0.0,0.0,0,0,0.0,0.0,0.0,0.0,0.0,0.0,2.0,1.0,0.05,0.8,0.0,0.0,1
115,2026-04-22T14:23:42.198Z,S20260422_152334,SC01,AUTO,,7.6293,0.0637,start,0,1500,VIDE,0.0,0.0,0.0,0.0,0.0,0.0,0,0,0.0,0.0,0.0,0.0,0.0,0.0,2.0,1.0,0.05,0.8,0.0,0.0,1
116,2026-04-22T14:23:42.260Z,S20260422_152334,SC01,AUTO,,7.692,0.0626,start,0,1500,VIDE,0.0,0.0,0.0,0.0,0.0,0.0,0,0,0.0,0.0,0.0,0.0,0.0,0.0,2.0,1.0,0.05,0.8,0.0,0.0,1
117,2026-04-22T14:23:42.318Z,S20260422_152334,SC01,AUTO,,7.7495,0.0575,start,0,1500,VIDE,0.0,0.0,0.0,0.0,0.0,0.0,0,0,0.0,0.0,0.0,0.0,0.0,0.0,2.0,1.0,0.05,0.8,0.0,0.0,1
118,2026-04-22T14:23:42.382Z,S20260422_152334,SC01,AUTO,,7.8133,0.0638,start,0,1500,VIDE,0.0,0.0,0.0,0.0,0.0,0.0,0,0,0.0,0.0,0.0,0.0,0.0,0.0,2.0,1.0,0.05,0.8,0.0,0.0,1
119,2026-04-22T14:23:42.449Z,S20260422_152334,SC01,AUTO,,7.8808,0.0675,start,0,1500,VIDE,0.0,0.0,0.0,0.0,0.0,0.0,0,0,0.0,0.0,0.0,0.0,0.0,0.0,2.0,1.0,0.05,0.8,0.0,0.0,1
120,2026-04-22T14:23:42.510Z,S20260422_152334,SC01,AUTO,,7.9416,0.0609,start,0,1500,VIDE,0.0,0.0,0.0,0.0,0.0,0.0,0,0,0.0,0.0,0.0,0.0,0.0,0.0,2.0,1.0,0.05,0.8,0.0,0.0,1
121,2026-04-22T14:23:42.567Z,S20260422_152334,SC01,AUTO,,7.999,0.0574,start,0,1500,VIDE,0.0,0.0,0.0,0.0,0.0,0.0,0,0,0.0,0.0,0.0,0.0,0.0,0.0,2.0,1.0,0.05,0.8,0.0,0.0,1
122,2026-04-22T14:23:42.631Z,S20260422_152334,SC01,AUTO,,8.0624,0.0634,start,0,1500,VIDE,0.0,0.0,0.0,0.0,0.0,0.0,0,0,0.0,0.0,0.0,0.0,0.0,0.0,2.0,1.0,0.05,0.8,0.0,0.0,1
123,2026-04-22T14:23:42.695Z,S20260422_152334,SC01,AUTO,,8.1268,0.0644,start,0,1500,VIDE,0.0,0.0,0.0,0.0,0.0,0.0,0,0,0.0,0.0,0.0,0.0,0.0,0.0,2.0,1.0,0.05,0.8,0.0,0.0,1
124,2026-04-22T14:23:42.758Z,S20260422_152334,SC01,AUTO,,8.1901,0.0633,start,0,1500,VIDE,0.0,0.0,0.0,0.0,0.0,0.0,0,0,0.0,0.0,0.0,0.0,0.0,0.0,2.0,1.0,0.05,0.8,0.0,0.0,1
125,2026-04-22T14:23:42.817Z,S20260422_152334,SC01,AUTO,,8.2487,0.0585,start,0,1500,VIDE,0.0,0.0,0.0,0.0,0.0,0.0,0,0,0.0,0.0,0.0,0.0,0.0,0.0,2.0,1.0,0.05,0.8,0.0,0.0,1
126,2026-04-22T14:23:42.881Z,S20260422_152334,SC01,AUTO,,8.3125,0.0639,start,0,1500,VIDE,0.0,0.0,0.0,0.0,0.0,0.0,0,0,0.0,0.0,0.0,0.0,0.0,0.0,2.0,1.0,0.05,0.8,0.0,0.0,1
127,2026-04-22T14:23:42.941Z,S20260422_152334,SC01,AUTO,,8.3726,0.06,start,0,1500,VIDE,0.0,0.0,0.0,0.0,0.0,0.0,0,0,0.0,0.0,0.0,0.0,0.0,0.0,2.0,1.0,0.05,0.8,0.0,0.0,1
128,2026-04-22T14:23:43.009Z,S20260422_152334,SC01,AUTO,,8.4411,0.0685,start,0,1500,VIDE,0.0,0.0,0.0,0.0,0.0,0.0,0,0,0.0,0.0,0.0,0.0,0.0,0.0,2.0,1.0,0.05,0.8,0.0,0.0,1
129,2026-04-22T14:23:43.067Z,S20260422_152334,SC01,AUTO,,8.4986,0.0575,start,0,1500,VIDE,0.0,0.0,0.0,0.0,0.0,0.0,0,0,0.0,0.0,0.0,0.0,0.0,0.0,2.0,1.0,0.05,0.8,0.0,0.0,1
130,2026-04-22T14:23:43.134Z,S20260422_152334,SC01,AUTO,,8.566,0.0673,start,0,1500,VIDE,0.0,0.0,0.0,0.0,0.0,0.0,0,0,0.0,0.0,0.0,0.0,0.0,0.0,2.0,1.0,0.05,0.8,0.0,0.0,1
131,2026-04-22T14:23:43.191Z,S20260422_152334,SC01,AUTO,,8.6226,0.0567,start,0,1500,VIDE,0.0,0.0,0.0,0.0,0.0,0.0,0,0,0.0,0.0,0.0,0.0,0.0,0.0,2.0,1.0,0.05,0.8,0.0,0.0,1
132,2026-04-22T14:23:43.254Z,S20260422_152334,SC01,AUTO,,8.6859,0.0633,start,0,1500,VIDE,0.0,0.0,0.0,0.0,0.0,0.0,0,0,0.0,0.0,0.0,0.0,0.0,0.0,2.0,1.0,0.05,0.8,0.0,0.0,1
133,2026-04-22T14:23:43.317Z,S20260422_152334,SC01,AUTO,,8.7491,0.0631,start,0,1500,VIDE,0.0,0.0,0.0,0.0,0.0,0.0,0,0,0.0,0.0,0.0,0.0,0.0,0.0,2.0,1.0,0.05,0.8,0.0,0.0,1
134,2026-04-22T14:23:43.381Z,S20260422_152334,SC01,AUTO,,8.8125,0.0634,start,0,1500,VIDE,0.0,0.0,0.0,0.0,0.0,0.0,0,0,0.0,0.0,0.0,0.0,0.0,0.0,2.0,1.0,0.05,0.8,0.0,0.0,1
135,2026-04-22T14:23:43.441Z,S20260422_152334,SC01,AUTO,,8.8726,0.0601,start,0,1500,VIDE,0.0,0.0,0.0,0.0,0.0,0.0,0,0,0.0,0.0,0.0,0.0,0.0,0.0,2.0,1.0,0.05,0.8,0.0,0.0,1
136,2026-04-22T14:23:43.506Z,S20260422_152334,SC01,AUTO,,8.9379,0.0653,start,0,1500,VIDE,0.0,0.0,0.0,0.0,0.0,0.0,0,0,0.0,0.0,0.0,0.0,0.0,0.0,2.0,1.0,0.05,0.8,0.0,0.0,1
137,2026-04-22T14:23:43.569Z,S20260422_152334,SC01,AUTO,,9.0004,0.0625,start,0,1500,VIDE,0.0,0.0,0.0,0.0,0.0,0.0,0,0,0.0,0.0,0.0,0.0,0.0,0.0,2.0,1.0,0.05,0.8,0.0,0.0,1
138,2026-04-22T14:23:43.630Z,S20260422_152334,SC01,AUTO,,9.0612,0.0607,start,0,1500,VIDE,0.0,0.0,0.0,0.0,0.0,0.0,0,0,0.0,0.0,0.0,0.0,0.0,0.0,2.0,1.0,0.05,0.8,0.0,0.0,1
139,2026-04-22T14:23:43.692Z,S20260422_152334,SC01,AUTO,,9.1239,0.0627,start,0,1500,VIDE,0.0,0.0,0.0,0.0,0.0,0.0,0,0,0.0,0.0,0.0,0.0,0.0,0.0,2.0,1.0,0.05,0.8,0.0,0.0,1
140,2026-04-22T14:23:43.754Z,S20260422_152334,SC01,AUTO,,9.1852,0.0613,start,0,1500,VIDE,0.0,0.0,0.0,0.0,0.0,0.0,0,0,0.0,0.0,0.0,0.0,0.0,0.0,2.0,1.0,0.05,0.8,0.0,0.0,1
141,2026-04-22T14:23:43.817Z,S20260422_152334,SC01,AUTO,,9.2488,0.0636,start,0,1500,VIDE,0.0,0.0,0.0,0.0,0.0,0.0,0,0,0.0,0.0,0.0,0.0,0.0,0.0,2.0,1.0,0.05,0.8,0.0,0.0,1
142,2026-04-22T14:23:43.879Z,S20260422_152334,SC01,AUTO,,9.311,0.0622,start,0,1500,VIDE,0.0,0.0,0.0,0.0,0.0,0.0,0,0,0.0,0.0,0.0,0.0,0.0,0.0,2.0,1.0,0.05,0.8,0.0,0.0,1
143,2026-04-22T14:23:43.941Z,S20260422_152334,SC01,AUTO,,9.3727,0.0617,start,0,1500,VIDE,0.0,0.0,0.0,0.0,0.0,0.0,0,0,0.0,0.0,0.0,0.0,0.0,0.0,2.0,1.0,0.05,0.8,0.0,0.0,1
144,2026-04-22T14:23:44.004Z,S20260422_152334,SC01,AUTO,,9.4361,0.0634,start,0,1500,VIDE,0.0,0.0,0.0,0.0,0.0,0.0,0,0,0.0,0.0,0.0,0.0,0.0,0.0,2.0,1.0,0.05,0.8,0.0,0.0,1
145,2026-04-22T14:23:44.067Z,S20260422_152334,SC01,AUTO,,9.4989,0.0628,start,0,1500,VIDE,0.0,0.0,0.0,0.0,0.0,0.0,0,0,0.0,0.0,0.0,0.0,0.0,0.0,2.0,1.0,0.05,0.8,0.0,0.0,1
146,2026-04-22T14:23:44.129Z,S20260422_152334,SC01,AUTO,,9.5607,0.0618,start,0,1500,VIDE,0.0,0.0,0.0,0.0,0.0,0.0,0,0,0.0,0.0,0.0,0.0,0.0,0.0,2.0,1.0,0.05,0.8,0.0,0.0,1
147,2026-04-22T14:23:44.198Z,S20260422_152334,SC01,AUTO,,9.6299,0.0692,start,0,1500,VIDE,0.0,0.0,0.0,0.0,0.0,0.0,0,0,0.0,0.0,0.0,0.0,0.0,0.0,2.0,1.0,0.05,0.8,0.0,0.0,1
148,2026-04-22T14:23:44.262Z,S20260422_152334,SC01,AUTO,,9.6933,0.0633,start,0,1500,VIDE,0.0,0.0,0.0,0.0,0.0,0.0,0,0,0.0,0.0,0.0,0.0,0.0,0.0,2.0,1.0,0.05,0.8,0.0,0.0,1
149,2026-04-22T14:23:44.317Z,S20260422_152334,SC01,AUTO,,9.7491,0.0558,start,0,1500,VIDE,0.0,0.0,0.0,0.0,0.0,0.0,0,0,0.0,0.0,0.0,0.0,0.0,0.0,2.0,1.0,0.05,0.8,0.0,0.0,1
150,2026-04-22T14:23:44.381Z,S20260422_152334,SC01,AUTO,,9.8126,0.0636,start,0,1500,VIDE,0.0,0.0,0.0,0.0,0.0,0.0,0,0,0.0,0.0,0.0,0.0,0.0,0.0,2.0,1.0,0.05,0.8,0.0,0.0,1
151,2026-04-22T14:23:44.441Z,S20260422_152334,SC01,AUTO,,9.8728,0.0601,start,0,1500,VIDE,0.0,0.0,0.0,0.0,0.0,0.0,0,0,0.0,0.0,0.0,0.0,0.0,0.0,2.0,1.0,0.05,0.8,0.0,0.0,1
152,2026-04-22T14:23:44.516Z,S20260422_152334,SC01,AUTO,,9.9472,0.0744,start,0,1500,VIDE,0.0,0.0,0.0,0.0,0.0,0.0,0,0,0.0,0.0,0.0,0.0,0.0,0.0,2.0,1.0,0.05,0.8,0.0,0.0,1
153,2026-04-22T14:23:44.568Z,S20260422_152334,SC01,AUTO,,9.9993,0.0521,start,0,1500,VIDE,0.0,0.0,0.0,0.0,0.0,0.0,0,0,0.0,0.0,0.0,0.0,0.0,0.0,2.0,1.0,0.05,0.8,0.0,0.0,1
154,2026-04-22T14:23:44.631Z,S20260422_152334,SC01,AUTO,,10.0628,0.0635,start,0,1500,VIDE,0.0,0.0,0.0,0.0,0.0,0.0,0,0,0.0,0.0,0.0,0.0,0.0,0.0,2.0,1.0,0.05,0.8,0.0,0.0,1
155,2026-04-22T14:23:44.694Z,S20260422_152334,SC01,AUTO,,10.1261,0.0633,start,0,1500,VIDE,0.0,0.0,0.0,0.0,0.0,0.0,0,0,0.0,0.0,0.0,0.0,0.0,0.0,2.0,1.0,0.05,0.8,0.0,0.0,1
156,2026-04-22T14:23:44.757Z,S20260422_152334,SC01,AUTO,,10.1883,0.0623,start,0,1500,VIDE,0.0,0.0,0.0,0.0,0.0,0.0,0,0,0.0,0.0,0.0,0.0,0.0,0.0,2.0,1.0,0.05,0.8,0.0,0.0,1
157,2026-04-22T14:23:44.819Z,S20260422_152334,SC01,AUTO,,10.251,0.0627,start,0,1500,VIDE,0.0,0.0,0.0,0.0,0.0,0.0,0,0,0.0,0.0,0.0,0.0,0.0,0.0,2.0,1.0,0.05,0.8,0.0,0.0,1
158,2026-04-22T14:23:44.880Z,S20260422_152334,SC01,AUTO,,10.3115,0.0605,start,0,1500,VIDE,0.0,0.0,0.0,0.0,0.0,0.0,0,0,0.0,0.0,0.0,0.0,0.0,0.0,2.0,1.0,0.05,0.8,0.0,0.0,1
159,2026-04-22T14:23:44.944Z,S20260422_152334,SC01,AUTO,,10.3755,0.064,start,0,1500,VIDE,0.0,0.0,0.0,0.0,0.0,0.0,0,0,0.0,0.0,0.0,0.0,0.0,0.0,2.0,1.0,0.05,0.8,0.0,0.0,1
160,2026-04-22T14:23:45.008Z,S20260422_152334,SC01,AUTO,,10.4395,0.064,start,0,1500,VIDE,0.0,0.0,0.0,0.0,0.0,0.0,0,0,0.0,0.0,0.0,0.0,0.0,0.0,2.0,1.0,0.05,0.8,0.0,0.0,1
161,2026-04-22T14:23:45.068Z,S20260422_152334,SC01,AUTO,,10.4996,0.0601,start,0,1500,VIDE,0.0,0.0,0.0,0.0,0.0,0.0,0,0,0.0,0.0,0.0,0.0,0.0,0.0,2.0,1.0,0.05,0.8,0.0,0.0,1
162,2026-04-22T14:23:45.133Z,S20260422_152334,SC01,AUTO,,10.5651,0.0655,start,0,1500,VIDE,0.0,0.0,0.0,0.0,0.0,0.0,0,0,0.0,0.0,0.0,0.0,0.0,0.0,2.0,1.0,0.05,0.8,0.0,0.0,1
163,2026-04-22T14:23:45.192Z,S20260422_152334,SC01,AUTO,,10.6233,0.0582,start,0,1500,VIDE,0.0,0.0,0.0,0.0,0.0,0.0,0,0,0.0,0.0,0.0,0.0,0.0,0.0,2.0,1.0,0.05,0.8,0.0,0.0,1
164,2026-04-22T14:23:45.254Z,S20260422_152334,SC01,AUTO,,10.6859,0.0626,start,0,1500,VIDE,0.0,0.0,0.0,0.0,0.0,0.0,0,0,0.0,0.0,0.0,0.0,0.0,0.0,2.0,1.0,0.05,0.8,0.0,0.0,1
165,2026-04-22T14:23:45.318Z,S20260422_152334,SC01,AUTO,,10.7494,0.0635,start,0,1500,VIDE,0.0,0.0,0.0,0.0,0.0,0.0,0,0,0.0,0.0,0.0,0.0,0.0,0.0,2.0,1.0,0.05,0.8,0.0,0.0,1
166,2026-04-22T14:23:45.381Z,S20260422_152334,SC01,AUTO,,10.8125,0.0631,start,0,1500,VIDE,0.0,0.0,0.0,0.0,0.0,0.0,0,0,0.0,0.0,0.0,0.0,0.0,0.0,2.0,1.0,0.05,0.8,0.0,0.0,1
167,2026-04-22T14:23:45.441Z,S20260422_152334,SC01,AUTO,,10.8726,0.0601,start,0,1500,VIDE,0.0,0.0,0.0,0.0,0.0,0.0,0,0,0.0,0.0,0.0,0.0,0.0,0.0,2.0,1.0,0.05,0.8,0.0,0.0,1
168,2026-04-22T14:23:45.504Z,S20260422_152334,SC01,AUTO,,10.9353,0.0627,start,0,1500,VIDE,0.0,0.0,0.0,0.0,0.0,0.0,0,0,0.0,0.0,0.0,0.0,0.0,0.0,2.0,1.0,0.05,0.8,0.0,0.0,1
169,2026-04-22T14:23:45.568Z,S20260422_152334,SC01,AUTO,,10.9999,0.0646,start,0,1500,VIDE,0.0,0.0,0.0,0.0,0.0,0.0,0,0,0.0,0.0,0.0,0.0,0.0,0.0,2.0,1.0,0.05,0.8,0.0,0.0,1
170,2026-04-22T14:23:45.632Z,S20260422_152334,SC01,AUTO,,11.0633,0.0634,start,0,1500,VIDE,0.0,0.0,0.0,0.0,0.0,0.0,0,0,0.0,0.0,0.0,0.0,0.0,0.0,2.0,1.0,0.05,0.8,0.0,0.0,1
171,2026-04-22T14:23:45.696Z,S20260422_152334,SC01,AUTO,,11.1273,0.064,start,0,1500,VIDE,0.0,0.0,0.0,0.0,0.0,0.0,0,0,0.0,0.0,0.0,0.0,0.0,0.0,2.0,1.0,0.05,0.8,0.0,0.0,1
172,2026-04-22T14:23:45.760Z,S20260422_152334,SC01,AUTO,,11.1914,0.0641,start,0,1500,VIDE,0.0,0.0,0.0,0.0,0.0,0.0,0,0,0.0,0.0,0.0,0.0,0.0,0.0,2.0,1.0,0.05,0.8,0.0,0.0,1
173,2026-04-22T14:23:45.817Z,S20260422_152334,SC01,AUTO,,11.249,0.0576,start,0,1500,VIDE,0.0,0.0,0.0,0.0,0.0,0.0,0,0,0.0,0.0,0.0,0.0,0.0,0.0,2.0,1.0,0.05,0.8,0.0,0.0,1
174,2026-04-22T14:23:45.879Z,S20260422_152334,SC01,AUTO,,11.3106,0.0616,start,0,1500,VIDE,0.0,0.0,0.0,0.0,0.0,0.0,0,0,0.0,0.0,0.0,0.0,0.0,0.0,2.0,1.0,0.05,0.8,0.0,0.0,1
175,2026-04-22T14:23:45.943Z,S20260422_152334,SC01,AUTO,,11.3742,0.0636,start,0,1500,VIDE,0.0,0.0,0.0,0.0,0.0,0.0,0,0,0.0,0.0,0.0,0.0,0.0,0.0,2.0,1.0,0.05,0.8,0.0,0.0,1
176,2026-04-22T14:23:46.006Z,S20260422_152334,SC01,AUTO,,11.4378,0.0636,start,0,1500,VIDE,0.0,0.0,0.0,0.0,0.0,0.0,0,0,0.0,0.0,0.0,0.0,0.0,0.0,2.0,1.0,0.05,0.8,0.0,0.0,1
177,2026-04-22T14:23:46.067Z,S20260422_152334,SC01,AUTO,,11.4984,0.0606,start,0,1500,VIDE,0.0,0.0,0.0,0.0,0.0,0.0,0,0,0.0,0.0,0.0,0.0,0.0,0.0,2.0,1.0,0.05,0.8,0.0,0.0,1
178,2026-04-22T14:23:46.133Z,S20260422_152334,SC01,AUTO,,11.5643,0.0659,start,0,1500,VIDE,0.0,0.0,0.0,0.0,0.0,0.0,0,0,0.0,0.0,0.0,0.0,0.0,0.0,2.0,1.0,0.05,0.8,0.0,0.0,1
179,2026-04-22T14:23:46.195Z,S20260422_152334,SC01,AUTO,,11.6268,0.0625,start,0,1500,VIDE,0.0,0.0,0.0,0.0,0.0,0.0,0,0,0.0,0.0,0.0,0.0,0.0,0.0,2.0,1.0,0.05,0.8,0.0,0.0,1
180,2026-04-22T14:23:46.257Z,S20260422_152334,SC01,AUTO,,11.6889,0.0621,start,0,1500,VIDE,0.0,0.0,0.0,0.0,0.0,0.0,0,0,0.0,0.0,0.0,0.0,0.0,0.0,2.0,1.0,0.05,0.8,0.0,0.0,1
181,2026-04-22T14:23:46.318Z,S20260422_152334,SC01,AUTO,,11.7493,0.0604,start,0,1500,VIDE,0.0,0.0,0.0,0.0,0.0,0.0,0,0,0.0,0.0,0.0,0.0,0.0,0.0,2.0,1.0,0.05,0.8,0.0,0.0,1
182,2026-04-22T14:23:46.443Z,S20260422_152334,SC01,AUTO,,11.8746,0.1252,start,0,1500,VIDE,0.0,0.0,0.0,0.0,0.0,0.0,0,0,0.0,0.0,0.0,0.0,0.0,0.0,2.0,1.0,0.05,0.8,0.0,0.0,1
183,2026-04-22T14:23:46.505Z,S20260422_152334,SC01,AUTO,,11.9369,0.0623,start,0,1500,VIDE,0.0,0.0,0.0,0.0,0.0,0.0,0,0,0.0,0.0,0.0,0.0,0.0,0.0,2.0,1.0,0.05,0.8,0.0,0.0,1
184,2026-04-22T14:23:46.568Z,S20260422_152334,SC01,AUTO,,11.9994,0.0625,start,0,1500,VIDE,0.0,0.0,0.0,0.0,0.0,0.0,0,0,0.0,0.0,0.0,0.0,0.0,0.0,2.0,1.0,0.05,0.8,0.0,0.0,1
185,2026-04-22T14:23:46.631Z,S20260422_152334,SC01,AUTO,,12.0628,0.0634,start,0,1500,VIDE,0.0,0.0,0.0,0.0,0.0,0.0,0,0,0.0,0.0,0.0,0.0,0.0,0.0,2.0,1.0,0.05,0.8,0.0,0.0,1
186,2026-04-22T14:23:46.694Z,S20260422_152334,SC01,AUTO,,12.1261,0.0633,start,0,1500,VIDE,0.0,0.0,0.0,0.0,0.0,0.0,0,0,0.0,0.0,0.0,0.0,0.0,0.0,2.0,1.0,0.05,0.8,0.0,0.0,1
187,2026-04-22T14:23:46.759Z,S20260422_152334,SC01,AUTO,,12.1904,0.0644,start,0,1500,VIDE,0.0,0.0,0.0,0.0,0.0,0.0,0,0,0.0,0.0,0.0,0.0,0.0,0.0,2.0,1.0,0.05,0.8,0.0,0.0,1
188,2026-04-22T14:23:46.821Z,S20260422_152334,SC01,AUTO,,12.2528,0.0623,start,0,1500,VIDE,0.0,0.0,0.0,0.0,0.0,0.0,0,0,0.0,0.0,0.0,0.0,0.0,0.0,2.0,1.0,0.05,0.8,0.0,0.0,1
189,2026-04-22T14:23:46.880Z,S20260422_152334,SC01,AUTO,,12.3112,0.0584,start,0,1500,VIDE,0.0,0.0,0.0,0.0,0.0,0.0,0,0,0.0,0.0,0.0,0.0,0.0,0.0,2.0,1.0,0.05,0.8,0.0,0.0,1
190,2026-04-22T14:23:46.941Z,S20260422_152334,SC01,AUTO,,12.3727,0.0615,start,0,1500,VIDE,0.0,0.0,0.0,0.0,0.0,0.0,0,0,0.0,0.0,0.0,0.0,0.0,0.0,2.0,1.0,0.05,0.8,0.0,0.0,1
191,2026-04-22T14:23:47.015Z,S20260422_152334,SC01,AUTO,,12.4465,0.0737,start,0,1500,VIDE,0.0,0.0,0.0,0.0,0.0,0.0,0,0,0.0,0.0,0.0,0.0,0.0,0.0,2.0,1.0,0.05,0.8,0.0,0.0,1
192,2026-04-22T14:23:47.068Z,S20260422_152334,SC01,AUTO,,12.4995,0.053,start,0,1500,VIDE,0.0,0.0,0.0,0.0,0.0,0.0,0,0,0.0,0.0,0.0,0.0,0.0,0.0,2.0,1.0,0.05,0.8,0.0,0.0,1
193,2026-04-22T14:23:47.133Z,S20260422_152334,SC01,AUTO,,12.5645,0.0651,start,0,1500,VIDE,0.0,0.0,0.0,0.0,0.0,0.0,0,0,0.0,0.0,0.0,0.0,0.0,0.0,2.0,1.0,0.05,0.8,0.0,0.0,1
194,2026-04-22T14:23:47.191Z,S20260422_152334,SC01,AUTO,,12.6226,0.058,start,0,1500,VIDE,0.0,0.0,0.0,0.0,0.0,0.0,0,0,0.0,0.0,0.0,0.0,0.0,0.0,2.0,1.0,0.05,0.8,0.0,0.0,1
195,2026-04-22T14:23:47.254Z,S20260422_152334,SC01,AUTO,,12.6859,0.0634,start,0,1500,VIDE,0.0,0.0,0.0,0.0,0.0,0.0,0,0,0.0,0.0,0.0,0.0,0.0,0.0,2.0,1.0,0.05,0.8,0.0,0.0,1
196,2026-04-22T14:23:47.316Z,S20260422_152334,SC01,AUTO,,12.7479,0.062,start,0,1500,VIDE,0.0,0.0,0.0,0.0,0.0,0.0,0,0,0.0,0.0,0.0,0.0,0.0,0.0,2.0,1.0,0.05,0.8,0.0,0.0,1
197,2026-04-22T14:23:47.380Z,S20260422_152334,SC01,AUTO,,12.8115,0.0636,start,0,1500,VIDE,0.0,0.0,0.0,0.0,0.0,0.0,0,0,0.0,0.0,0.0,0.0,0.0,0.0,2.0,1.0,0.05,0.8,0.0,0.0,1
198,2026-04-22T14:23:47.441Z,S20260422_152334,SC01,AUTO,,12.8731,0.0616,start,0,1500,VIDE,0.0,0.0,0.0,0.0,0.0,0.0,0,0,0.0,0.0,0.0,0.0,0.0,0.0,2.0,1.0,0.05,0.8,0.0,0.0,1
199,2026-04-22T14:23:47.504Z,S20260422_152334,SC01,AUTO,,12.9359,0.0627,start,0,1500,VIDE,0.0,0.0,0.0,0.0,0.0,0.0,0,0,0.0,0.0,0.0,0.0,0.0,0.0,2.0,1.0,0.05,0.8,0.0,0.0,1
200,2026-04-22T14:23:47.568Z,S20260422_152334,SC01,AUTO,,12.9999,0.0641,start,0,1500,VIDE,0.0,0.0,0.0,0.0,0.0,0.0,0,0,0.0,0.0,0.0,0.0,0.0,0.0,2.0,1.0,0.05,0.8,0.0,0.0,1
201,2026-04-22T14:23:47.633Z,S20260422_152334,SC01,AUTO,,13.0648,0.0649,start,0,1500,VIDE,0.0,0.0,0.0,0.0,0.0,0.0,0,0,0.0,0.0,0.0,0.0,0.0,0.0,2.0,1.0,0.05,0.8,0.0,0.0,1
202,2026-04-22T14:23:47.694Z,S20260422_152334,SC01,AUTO,,13.1258,0.061,start,0,1500,VIDE,0.0,0.0,0.0,0.0,0.0,0.0,0,0,0.0,0.0,0.0,0.0,0.0,0.0,2.0,1.0,0.05,0.8,0.0,0.0,1
203,2026-04-22T14:23:47.756Z,S20260422_152334,SC01,AUTO,,13.1878,0.062,start,0,1500,VIDE,0.0,0.0,0.0,0.0,0.0,0.0,0,0,0.0,0.0,0.0,0.0,0.0,0.0,2.0,1.0,0.05,0.8,0.0,0.0,1
204,2026-04-22T14:23:47.818Z,S20260422_152334,SC01,AUTO,,13.2494,0.0615,start,0,1500,VIDE,0.0,0.0,0.0,0.0,0.0,0.0,0,0,0.0,0.0,0.0,0.0,0.0,0.0,2.0,1.0,0.05,0.8,0.0,0.0,1
205,2026-04-22T14:23:47.880Z,S20260422_152334,SC01,AUTO,,13.3112,0.0619,start,0,1500,VIDE,0.0,0.0,0.0,0.0,0.0,0.0,0,0,0.0,0.0,0.0,0.0,0.0,0.0,2.0,1.0,0.05,0.8,0.0,0.0,1
206,2026-04-22T14:23:47.941Z,S20260422_152334,SC01,AUTO,,13.3728,0.0616,start,0,1500,VIDE,0.0,0.0,0.0,0.0,0.0,0.0,0,0,0.0,0.0,0.0,0.0,0.0,0.0,2.0,1.0,0.05,0.8,0.0,0.0,1
207,2026-04-22T14:23:48.007Z,S20260422_152334,SC01,AUTO,,13.4387,0.0659,start,0,1500,VIDE,0.0,0.0,0.0,0.0,0.0,0.0,0,0,0.0,0.0,0.0,0.0,0.0,0.0,2.0,1.0,0.05,0.8,0.0,0.0,1
208,2026-04-22T14:23:48.067Z,S20260422_152334,SC01,AUTO,,13.4991,0.0603,start,0,1500,VIDE,0.0,0.0,0.0,0.0,0.0,0.0,0,0,0.0,0.0,0.0,0.0,0.0,0.0,2.0,1.0,0.05,0.8,0.0,0.0,1
209,2026-04-22T14:23:48.131Z,S20260422_152334,SC01,AUTO,,13.563,0.0639,start,0,1500,VIDE,0.0,0.0,0.0,0.0,0.0,0.0,0,0,0.0,0.0,0.0,0.0,0.0,0.0,2.0,1.0,0.05,0.8,0.0,0.0,1
210,2026-04-22T14:23:48.192Z,S20260422_152334,SC01,AUTO,,13.6233,0.0604,start,0,1500,VIDE,0.0,0.0,0.0,0.0,0.0,0.0,0,0,0.0,0.0,0.0,0.0,0.0,0.0,2.0,1.0,0.05,0.8,0.0,0.0,1
211,2026-04-22T14:23:48.255Z,S20260422_152334,SC01,AUTO,,13.6869,0.0635,start,0,1500,VIDE,0.0,0.0,0.0,0.0,0.0,0.0,0,0,0.0,0.0,0.0,0.0,0.0,0.0,2.0,1.0,0.05,0.8,0.0,0.0,1
212,2026-04-22T14:23:48.317Z,S20260422_152334,SC01,AUTO,,13.7487,0.0618,start,0,1500,VIDE,0.0,0.0,0.0,0.0,0.0,0.0,0,0,0.0,0.0,0.0,0.0,0.0,0.0,2.0,1.0,0.05,0.8,0.0,0.0,1
213,2026-04-22T14:23:48.380Z,S20260422_152334,SC01,AUTO,,13.8113,0.0626,start,0,1500,VIDE,0.0,0.0,0.0,0.0,0.0,0.0,0,0,0.0,0.0,0.0,0.0,0.0,0.0,2.0,1.0,0.05,0.8,0.0,0.0,1
214,2026-04-22T14:23:48.448Z,S20260422_152334,SC01,AUTO,,13.8796,0.0683,start,0,1500,VIDE,0.0,0.0,0.0,0.0,0.0,0.0,0,0,0.0,0.0,0.0,0.0,0.0,0.0,2.0,1.0,0.05,0.8,0.0,0.0,1
215,2026-04-22T14:23:48.516Z,S20260422_152334,SC01,AUTO,,13.948,0.0684,start,0,1500,VIDE,0.0,0.0,0.0,0.0,0.0,0.0,0,0,0.0,0.0,0.0,0.0,0.0,0.0,2.0,1.0,0.05,0.8,0.0,0.0,1
216,2026-04-22T14:23:48.568Z,S20260422_152334,SC01,AUTO,,13.9995,0.0515,start,0,1500,VIDE,0.0,0.0,0.0,0.0,0.0,0.0,0,0,0.0,0.0,0.0,0.0,0.0,0.0,2.0,1.0,0.05,0.8,0.0,0.0,1
217,2026-04-22T14:23:48.632Z,S20260422_152334,SC01,AUTO,,14.0632,0.0637,start,0,1500,VIDE,0.0,0.0,0.0,0.0,0.0,0.0,0,0,0.0,0.0,0.0,0.0,0.0,0.0,2.0,1.0,0.05,0.8,0.0,0.0,1
218,2026-04-22T14:23:48.695Z,S20260422_152334,SC01,AUTO,,14.1267,0.0635,start,0,1500,VIDE,0.0,0.0,0.0,0.0,0.0,0.0,0,0,0.0,0.0,0.0,0.0,0.0,0.0,2.0,1.0,0.05,0.8,0.0,0.0,1
219,2026-04-22T14:23:48.759Z,S20260422_152334,SC01,AUTO,,14.1904,0.0637,start,0,1500,VIDE,0.0,0.0,0.0,0.0,0.0,0.0,0,0,0.0,0.0,0.0,0.0,0.0,0.0,2.0,1.0,0.05,0.8,0.0,0.0,1
220,2026-04-22T14:23:48.817Z,S20260422_152334,SC01,AUTO,,14.2489,0.0586,start,0,1500,VIDE,0.0,0.0,0.0,0.0,0.0,0.0,0,0,0.0,0.0,0.0,0.0,0.0,0.0,2.0,1.0,0.05,0.8,0.0,0.0,1
221,2026-04-22T14:23:48.881Z,S20260422_152334,SC01,AUTO,,14.3127,0.0638,start,0,1500,VIDE,0.0,0.0,0.0,0.0,0.0,0.0,0,0,0.0,0.0,0.0,0.0,0.0,0.0,2.0,1.0,0.05,0.8,0.0,0.0,1
222,2026-04-22T14:23:48.950Z,S20260422_152334,SC01,AUTO,,14.382,0.0693,start,0,1500,VIDE,0.0,0.0,0.0,0.0,0.0,0.0,0,0,0.0,0.0,0.0,0.0,0.0,0.0,2.0,1.0,0.05,0.8,0.0,0.0,1
223,2026-04-22T14:23:49.005Z,S20260422_152334,SC01,AUTO,,14.4363,0.0543,start,0,1500,VIDE,0.0,0.0,0.0,0.0,0.0,0.0,0,0,0.0,0.0,0.0,0.0,0.0,0.0,2.0,1.0,0.05,0.8,0.0,0.0,1
224,2026-04-22T14:23:49.069Z,S20260422_152334,SC01,AUTO,,14.5008,0.0644,start,0,1500,VIDE,0.0,0.0,0.0,0.0,0.0,0.0,0,0,0.0,0.0,0.0,0.0,0.0,0.0,2.0,1.0,0.05,0.8,0.0,0.0,1
225,2026-04-22T14:23:49.135Z,S20260422_152334,SC01,AUTO,,14.5665,0.0658,start,0,1500,VIDE,0.0,0.0,0.0,0.0,0.0,0.0,0,0,0.0,0.0,0.0,0.0,0.0,0.0,2.0,1.0,0.05,0.8,0.0,0.0,1
226,2026-04-22T14:23:49.201Z,S20260422_152334,SC01,AUTO,,14.6322,0.0656,start,0,1500,VIDE,0.0,0.0,0.0,0.0,0.0,0.0,0,0,0.0,0.0,0.0,0.0,0.0,0.0,2.0,1.0,0.05,0.8,0.0,0.0,1
227,2026-04-22T14:23:49.255Z,S20260422_152334,SC01,AUTO,,14.6863,0.0541,start,0,1500,VIDE,0.0,0.0,0.0,0.0,0.0,0.0,0,0,0.0,0.0,0.0,0.0,0.0,0.0,2.0,1.0,0.05,0.8,0.0,0.0,1
228,2026-04-22T14:23:49.316Z,S20260422_152334,SC01,AUTO,,14.7476,0.0613,start,0,1500,VIDE,0.0,0.0,0.0,0.0,0.0,0.0,0,0,0.0,0.0,0.0,0.0,0.0,0.0,2.0,1.0,0.05,0.8,0.0,0.0,1
229,2026-04-22T14:23:49.382Z,S20260422_152334,SC01,AUTO,,14.8133,0.0657,start,0,1500,VIDE,0.0,0.0,0.0,0.0,0.0,0.0,0,0,0.0,0.0,0.0,0.0,0.0,0.0,2.0,1.0,0.05,0.8,0.0,0.0,1
230,2026-04-22T14:23:49.447Z,S20260422_152334,SC01,AUTO,,14.8789,0.0655,start,0,1500,VIDE,0.0,0.0,0.0,0.0,0.0,0.0,0,0,0.0,0.0,0.0,0.0,0.0,0.0,2.0,1.0,0.05,0.8,0.0,0.0,1
231,2026-04-22T14:23:49.504Z,S20260422_152334,SC01,AUTO,,14.9359,0.057,start,0,1500,VIDE,0.0,0.0,0.0,0.0,0.0,0.0,0,0,0.0,0.0,0.0,0.0,0.0,0.0,2.0,1.0,0.05,0.8,0.0,0.0,1
232,2026-04-22T14:23:49.567Z,S20260422_152334,SC01,AUTO,,14.9986,0.0627,start,0,1500,VIDE,0.0,0.0,0.0,0.0,0.0,0.0,0,0,0.0,0.0,0.0,0.0,0.0,0.0,2.0,1.0,0.05,0.8,0.0,0.0,1
233,2026-04-22T14:23:49.629Z,S20260422_152334,SC01,AUTO,,15.0608,0.0622,start,0,1500,VIDE,0.0,0.0,0.0,0.0,0.0,0.0,0,0,0.0,0.0,0.0,0.0,0.0,0.0,2.0,1.0,0.05,0.8,0.0,0.0,1
234,2026-04-22T14:23:49.693Z,S20260422_152334,SC01,AUTO,,15.1243,0.0634,start,0,1500,VIDE,0.0,0.0,0.0,0.0,0.0,0.0,0,0,0.0,0.0,0.0,0.0,0.0,0.0,2.0,1.0,0.05,0.8,0.0,0.0,1
235,2026-04-22T14:23:49.753Z,S20260422_152334,SC01,AUTO,,15.185,0.0608,start,0,1500,VIDE,0.0,0.0,0.0,0.0,0.0,0.0,0,0,0.0,0.0,0.0,0.0,0.0,0.0,2.0,1.0,0.05,0.8,0.0,0.0,1
236,2026-04-22T14:23:49.816Z,S20260422_152334,SC01,AUTO,,15.2478,0.0628,start,0,1500,VIDE,0.0,0.0,0.0,0.0,0.0,0.0,0,0,0.0,0.0,0.0,0.0,0.0,0.0,2.0,1.0,0.05,0.8,0.0,0.0,1
237,2026-04-22T14:23:49.879Z,S20260422_152334,SC01,AUTO,,15.311,0.0632,start,0,1500,VIDE,0.0,0.0,0.0,0.0,0.0,0.0,0,0,0.0,0.0,0.0,0.0,0.0,0.0,2.0,1.0,0.05,0.8,0.0,0.0,1
238,2026-04-22T14:23:49.943Z,S20260422_152334,SC01,AUTO,,15.3745,0.0634,start,0,1500,VIDE,0.0,0.0,0.0,0.0,0.0,0.0,0,0,0.0,0.0,0.0,0.0,0.0,0.0,2.0,1.0,0.05,0.8,0.0,0.0,1
239,2026-04-22T14:23:50.006Z,S20260422_152334,SC01,AUTO,,15.4376,0.0631,start,0,1500,VIDE,0.0,0.0,0.0,0.0,0.0,0.0,0,0,0.0,0.0,0.0,0.0,0.0,0.0,2.0,1.0,0.05,0.8,0.0,0.0,1
240,2026-04-22T14:23:50.067Z,S20260422_152334,SC01,AUTO,,15.499,0.0614,start,0,1500,VIDE,0.0,0.0,0.0,0.0,0.0,0.0,0,0,0.0,0.0,0.0,0.0,0.0,0.0,2.0,1.0,0.05,0.8,0.0,0.0,1
241,2026-04-22T14:23:50.134Z,S20260422_152334,SC01,AUTO,,15.5658,0.0668,start,0,1500,VIDE,0.0,0.0,0.0,0.0,0.0,0.0,0,0,0.0,0.0,0.0,0.0,0.0,0.0,2.0,1.0,0.05,0.8,0.0,0.0,1
242,2026-04-22T14:23:50.199Z,S20260422_152334,SC01,AUTO,,15.6304,0.0645,start,0,1500,VIDE,0.0,0.0,0.0,0.0,0.0,0.0,0,0,0.0,0.0,0.0,0.0,0.0,0.0,2.0,1.0,0.05,0.8,0.0,0.0,1
243,2026-04-22T14:23:50.262Z,S20260422_152334,SC01,AUTO,,15.6932,0.0628,start,0,1500,VIDE,0.0,0.0,0.0,0.0,0.0,0.0,0,0,0.0,0.0,0.0,0.0,0.0,0.0,2.0,1.0,0.05,0.8,0.0,0.0,1
244,2026-04-22T14:23:50.317Z,S20260422_152334,SC01,AUTO,,15.7489,0.0557,start,0,1500,VIDE,0.0,0.0,0.0,0.0,0.0,0.0,0,0,0.0,0.0,0.0,0.0,0.0,0.0,2.0,1.0,0.05,0.8,0.0,0.0,1
245,2026-04-22T14:23:50.381Z,S20260422_152334,SC01,AUTO,,15.8126,0.0637,start,0,1500,VIDE,0.0,0.0,0.0,0.0,0.0,0.0,0,0,0.0,0.0,0.0,0.0,0.0,0.0,2.0,1.0,0.05,0.8,0.0,0.0,1
246,2026-04-22T14:23:50.441Z,S20260422_152334,SC01,AUTO,,15.8727,0.0602,start,0,1500,VIDE,0.0,0.0,0.0,0.0,0.0,0.0,0,0,0.0,0.0,0.0,0.0,0.0,0.0,2.0,1.0,0.05,0.8,0.0,0.0,1
247,2026-04-22T14:23:50.517Z,S20260422_152334,SC01,AUTO,,15.9488,0.0761,start,0,1500,VIDE,0.0,0.0,0.0,0.0,0.0,0.0,0,0,0.0,0.0,0.0,0.0,0.0,0.0,2.0,1.0,0.05,0.8,0.0,0.0,1
248,2026-04-22T14:23:50.568Z,S20260422_152334,SC01,AUTO,,15.9996,0.0508,start,0,1500,VIDE,0.0,0.0,0.0,0.0,0.0,0.0,0,0,0.0,0.0,0.0,0.0,0.0,0.0,2.0,1.0,0.05,0.8,0.0,0.0,1
249,2026-04-22T14:23:50.632Z,S20260422_152334,SC01,AUTO,,16.0633,0.0636,start,0,1500,VIDE,0.0,0.0,0.0,0.0,0.0,0.0,0,0,0.0,0.0,0.0,0.0,0.0,0.0,2.0,1.0,0.05,0.8,0.0,0.0,1
250,2026-04-22T14:23:50.695Z,S20260422_152334,SC01,AUTO,,16.1262,0.063,start,0,1500,VIDE,0.0,0.0,0.0,0.0,0.0,0.0,0,0,0.0,0.0,0.0,0.0,0.0,0.0,2.0,1.0,0.05,0.8,0.0,0.0,1
251,2026-04-22T14:23:50.758Z,S20260422_152334,SC01,AUTO,,16.19,0.0638,start,0,1500,VIDE,0.0,0.0,0.0,0.0,0.0,0.0,0,0,0.0,0.0,0.0,0.0,0.0,0.0,2.0,1.0,0.05,0.8,0.0,0.0,1
252,2026-04-22T14:23:50.817Z,S20260422_152334,SC01,AUTO,,16.2483,0.0583,start,0,1500,VIDE,0.0,0.0,0.0,0.0,0.0,0.0,0,0,0.0,0.0,0.0,0.0,0.0,0.0,2.0,1.0,0.05,0.8,0.0,0.0,1
253,2026-04-22T14:23:50.882Z,S20260422_152334,SC01,AUTO,,16.3133,0.065,start,0,1500,VIDE,0.0,0.0,0.0,0.0,0.0,0.0,0,0,0.0,0.0,0.0,0.0,0.0,0.0,2.0,1.0,0.05,0.8,0.0,0.0,1
254,2026-04-22T14:23:50.950Z,S20260422_152334,SC01,AUTO,,16.3817,0.0684,start,0,1500,VIDE,0.0,0.0,0.0,0.0,0.0,0.0,0,0,0.0,0.0,0.0,0.0,0.0,0.0,2.0,1.0,0.05,0.8,0.0,0.0,1
255,2026-04-22T14:23:51.015Z,S20260422_152334,SC01,AUTO,,16.4466,0.0649,start,0,1500,VIDE,0.0,0.0,0.0,0.0,0.0,0.0,0,0,0.0,0.0,0.0,0.0,0.0,0.0,2.0,1.0,0.05,0.8,0.0,0.0,1
256,2026-04-22T14:23:51.067Z,S20260422_152334,SC01,AUTO,,16.4987,0.052,start,0,1500,VIDE,0.0,0.0,0.0,0.0,0.0,0.0,0,0,0.0,0.0,0.0,0.0,0.0,0.0,2.0,1.0,0.05,0.8,0.0,0.0,1
257,2026-04-22T14:23:51.133Z,S20260422_152334,SC01,AUTO,,16.565,0.0663,start,0,1500,VIDE,0.0,0.0,0.0,0.0,0.0,0.0,0,0,0.0,0.0,0.0,0.0,0.0,0.0,2.0,1.0,0.05,0.8,0.0,0.0,1
258,2026-04-22T14:23:51.191Z,S20260422_152334,SC01,AUTO,,16.6227,0.0577,start,0,1500,VIDE,0.0,0.0,0.0,0.0,0.0,0.0,0,0,0.0,0.0,0.0,0.0,0.0,0.0,2.0,1.0,0.05,0.8,0.0,0.0,1
259,2026-04-22T14:23:51.254Z,S20260422_152334,SC01,AUTO,,16.6859,0.0632,start,0,1500,VIDE,0.0,0.0,0.0,0.0,0.0,0.0,0,0,0.0,0.0,0.0,0.0,0.0,0.0,2.0,1.0,0.05,0.8,0.0,0.0,1
260,2026-04-22T14:23:51.317Z,S20260422_152334,SC01,AUTO,,16.7489,0.063,start,0,1500,VIDE,0.0,0.0,0.0,0.0,0.0,0.0,0,0,0.0,0.0,0.0,0.0,0.0,0.0,2.0,1.0,0.05,0.8,0.0,0.0,1
261,2026-04-22T14:23:51.381Z,S20260422_152334,SC01,AUTO,,16.8123,0.0634,start,0,1500,VIDE,0.0,0.0,0.0,0.0,0.0,0.0,0,0,0.0,0.0,0.0,0.0,0.0,0.0,2.0,1.0,0.05,0.8,0.0,0.0,1
262,2026-04-22T14:23:51.447Z,S20260422_152334,SC01,AUTO,,16.8784,0.0662,start,0,1500,VIDE,0.0,0.0,0.0,0.0,0.0,0.0,0,0,0.0,0.0,0.0,0.0,0.0,0.0,2.0,1.0,0.05,0.8,0.0,0.0,1
263,2026-04-22T14:23:51.510Z,S20260422_152334,SC01,AUTO,,16.942,0.0636,start,0,1500,VIDE,0.0,0.0,0.0,0.0,0.0,0.0,0,0,0.0,0.0,0.0,0.0,0.0,0.0,2.0,1.0,0.05,0.8,0.0,0.0,1
264,2026-04-22T14:23:51.569Z,S20260422_152334,SC01,AUTO,,17.0003,0.0583,start,0,1500,VIDE,0.0,0.0,0.0,0.0,0.0,0.0,0,0,0.0,0.0,0.0,0.0,0.0,0.0,2.0,1.0,0.05,0.8,0.0,0.0,1
265,2026-04-22T14:23:51.635Z,S20260422_152334,SC01,AUTO,,17.0662,0.0658,start,0,1500,VIDE,0.0,0.0,0.0,0.0,0.0,0.0,0,0,0.0,0.0,0.0,0.0,0.0,0.0,2.0,1.0,0.05,0.8,0.0,0.0,1
266,2026-04-22T14:23:51.697Z,S20260422_152334,SC01,AUTO,,17.1287,0.0625,start,0,1500,VIDE,0.0,0.0,0.0,0.0,0.0,0.0,0,0,0.0,0.0,0.0,0.0,0.0,0.0,2.0,1.0,0.05,0.8,0.0,0.0,1
267,2026-04-22T14:23:51.760Z,S20260422_152334,SC01,AUTO,,17.1916,0.0629,start,0,1500,VIDE,0.0,0.0,0.0,0.0,0.0,0.0,0,0,0.0,0.0,0.0,0.0,0.0,0.0,2.0,1.0,0.05,0.8,0.0,0.0,1
268,2026-04-22T14:23:51.817Z,S20260422_152334,SC01,AUTO,,17.2485,0.0569,start,0,1500,VIDE,0.0,0.0,0.0,0.0,0.0,0.0,0,0,0.0,0.0,0.0,0.0,0.0,0.0,2.0,1.0,0.05,0.8,0.0,0.0,1
269,2026-04-22T14:23:51.879Z,S20260422_152334,SC01,AUTO,,17.3108,0.0623,start,0,1500,VIDE,0.0,0.0,0.0,0.0,0.0,0.0,0,0,0.0,0.0,0.0,0.0,0.0,0.0,2.0,1.0,0.05,0.8,0.0,0.0,1
270,2026-04-22T14:23:51.941Z,S20260422_152334,SC01,AUTO,,17.373,0.0621,start,0,1500,VIDE,0.0,0.0,0.0,0.0,0.0,0.0,0,0,0.0,0.0,0.0,0.0,0.0,0.0,2.0,1.0,0.05,0.8,0.0,0.0,1
271,2026-04-22T14:23:52.006Z,S20260422_152334,SC01,AUTO,,17.4381,0.0652,start,0,1500,VIDE,0.0,0.0,0.0,0.0,0.0,0.0,0,0,0.0,0.0,0.0,0.0,0.0,0.0,2.0,1.0,0.05,0.8,0.0,0.0,1
272,2026-04-22T14:23:52.069Z,S20260422_152334,SC01,AUTO,,17.5002,0.062,start,0,1500,VIDE,0.0,0.0,0.0,0.0,0.0,0.0,0,0,0.0,0.0,0.0,0.0,0.0,0.0,2.0,1.0,0.05,0.8,0.0,0.0,1
273,2026-04-22T14:23:52.134Z,S20260422_152334,SC01,AUTO,,17.5658,0.0657,start,0,1500,VIDE,0.0,0.0,0.0,0.0,0.0,0.0,0,0,0.0,0.0,0.0,0.0,0.0,0.0,2.0,1.0,0.05,0.8,0.0,0.0,1
274,2026-04-22T14:23:52.196Z,S20260422_152334,SC01,AUTO,,17.628,0.0621,start,0,1500,VIDE,0.0,0.0,0.0,0.0,0.0,0.0,0,0,0.0,0.0,0.0,0.0,0.0,0.0,2.0,1.0,0.05,0.8,0.0,0.0,1
275,2026-04-22T14:23:52.259Z,S20260422_152334,SC01,AUTO,,17.6909,0.063,start,0,1500,VIDE,0.0,0.0,0.0,0.0,0.0,0.0,0,0,0.0,0.0,0.0,0.0,0.0,0.0,2.0,1.0,0.05,0.8,0.0,0.0,1
276,2026-04-22T14:23:52.318Z,S20260422_152334,SC01,AUTO,,17.7495,0.0586,start,0,1500,VIDE,0.0,0.0,0.0,0.0,0.0,0.0,0,0,0.0,0.0,0.0,0.0,0.0,0.0,2.0,1.0,0.05,0.8,0.0,0.0,1
277,2026-04-22T14:23:52.381Z,S20260422_152334,SC01,AUTO,,17.8126,0.0631,start,0,1500,VIDE,0.0,0.0,0.0,0.0,0.0,0.0,0,0,0.0,0.0,0.0,0.0,0.0,0.0,2.0,1.0,0.05,0.8,0.0,0.0,1
278,2026-04-22T14:23:52.446Z,S20260422_152334,SC01,AUTO,,17.8776,0.065,start,0,1500,VIDE,0.0,0.0,0.0,0.0,0.0,0.0,0,0,0.0,0.0,0.0,0.0,0.0,0.0,2.0,1.0,0.05,0.8,0.0,0.0,1
279,2026-04-22T14:23:52.508Z,S20260422_152334,SC01,AUTO,,17.9396,0.062,start,0,1500,VIDE,0.0,0.0,0.0,0.0,0.0,0.0,0,0,0.0,0.0,0.0,0.0,0.0,0.0,2.0,1.0,0.05,0.8,0.0,0.0,1
280,2026-04-22T14:23:52.567Z,S20260422_152334,SC01,AUTO,,17.9988,0.0592,start,0,1500,VIDE,0.0,0.0,0.0,0.0,0.0,0.0,0,0,0.0,0.0,0.0,0.0,0.0,0.0,2.0,1.0,0.05,0.8,0.0,0.0,1
281,2026-04-22T14:23:52.631Z,S20260422_152334,SC01,AUTO,,18.0624,0.0636,start,0,1500,VIDE,0.0,0.0,0.0,0.0,0.0,0.0,0,0,0.0,0.0,0.0,0.0,0.0,0.0,2.0,1.0,0.05,0.8,0.0,0.0,1
282,2026-04-22T14:23:52.695Z,S20260422_152334,SC01,AUTO,,18.1267,0.0643,start,0,1500,VIDE,0.0,0.0,0.0,0.0,0.0,0.0,0,0,0.0,0.0,0.0,0.0,0.0,0.0,2.0,1.0,0.05,0.8,0.0,0.0,1
283,2026-04-22T14:23:52.758Z,S20260422_152334,SC01,AUTO,,18.1897,0.063,start,0,1500,VIDE,0.0,0.0,0.0,0.0,0.0,0.0,0,0,0.0,0.0,0.0,0.0,0.0,0.0,2.0,1.0,0.05,0.8,0.0,0.0,1
284,2026-04-22T14:23:52.817Z,S20260422_152334,SC01,AUTO,,18.249,0.0593,start,0,1500,VIDE,0.0,0.0,0.0,0.0,0.0,0.0,0,0,0.0,0.0,0.0,0.0,0.0,0.0,2.0,1.0,0.05,0.8,0.0,0.0,1
285,2026-04-22T14:23:52.882Z,S20260422_152334,SC01,AUTO,,18.3138,0.0648,start,0,1500,VIDE,0.0,0.0,0.0,0.0,0.0,0.0,0,0,0.0,0.0,0.0,0.0,0.0,0.0,2.0,1.0,0.05,0.8,0.0,0.0,1
286,2026-04-22T14:23:52.944Z,S20260422_152334,SC01,AUTO,,18.3759,0.0621,start,0,1500,VIDE,0.0,0.0,0.0,0.0,0.0,0.0,0,0,0.0,0.0,0.0,0.0,0.0,0.0,2.0,1.0,0.05,0.8,0.0,0.0,1
287,2026-04-22T14:23:53.007Z,S20260422_152334,SC01,AUTO,,18.4385,0.0626,start,0,1500,VIDE,0.0,0.0,0.0,0.0,0.0,0.0,0,0,0.0,0.0,0.0,0.0,0.0,0.0,2.0,1.0,0.05,0.8,0.0,0.0,1
288,2026-04-22T14:23:53.068Z,S20260422_152334,SC01,AUTO,,18.4998,0.0613,start,0,1500,VIDE,0.0,0.0,0.0,0.0,0.0,0.0,0,0,0.0,0.0,0.0,0.0,0.0,0.0,2.0,1.0,0.05,0.8,0.0,0.0,1
289,2026-04-22T14:23:53.131Z,S20260422_152334,SC01,AUTO,,18.5629,0.063,start,0,1500,VIDE,0.0,0.0,0.0,0.0,0.0,0.0,0,0,0.0,0.0,0.0,0.0,0.0,0.0,2.0,1.0,0.05,0.8,0.0,0.0,1
290,2026-04-22T14:23:53.191Z,S20260422_152334,SC01,AUTO,,18.623,0.0601,start,0,1500,VIDE,0.0,0.0,0.0,0.0,0.0,0.0,0,0,0.0,0.0,0.0,0.0,0.0,0.0,2.0,1.0,0.05,0.8,0.0,0.0,1
291,2026-04-22T14:23:53.254Z,S20260422_152334,SC01,AUTO,,18.6861,0.0631,start,0,1500,VIDE,0.0,0.0,0.0,0.0,0.0,0.0,0,0,0.0,0.0,0.0,0.0,0.0,0.0,2.0,1.0,0.05,0.8,0.0,0.0,1
292,2026-04-22T14:23:53.319Z,S20260422_152334,SC01,AUTO,,18.7503,0.0642,start,0,1500,VIDE,0.0,0.0,0.0,0.0,0.0,0.0,0,0,0.0,0.0,0.0,0.0,0.0,0.0,2.0,1.0,0.05,0.8,0.0,0.0,1
293,2026-04-22T14:23:53.382Z,S20260422_152334,SC01,AUTO,,18.8137,0.0634,start,0,1500,VIDE,0.0,0.0,0.0,0.0,0.0,0.0,0,0,0.0,0.0,0.0,0.0,0.0,0.0,2.0,1.0,0.05,0.8,0.0,0.0,1
294,2026-04-22T14:23:53.445Z,S20260422_152334,SC01,AUTO,,18.8765,0.0629,start,0,1500,VIDE,0.0,0.0,0.0,0.0,0.0,0.0,0,0,0.0,0.0,0.0,0.0,0.0,0.0,2.0,1.0,0.05,0.8,0.0,0.0,1
295,2026-04-22T14:23:53.509Z,S20260422_152334,SC01,AUTO,,18.9405,0.064,start,0,1500,VIDE,0.0,0.0,0.0,0.0,0.0,0.0,0,0,0.0,0.0,0.0,0.0,0.0,0.0,2.0,1.0,0.05,0.8,0.0,0.0,1
296,2026-04-22T14:23:53.568Z,S20260422_152334,SC01,AUTO,,18.9999,0.0594,start,0,1500,VIDE,0.0,0.0,0.0,0.0,0.0,0.0,0,0,0.0,0.0,0.0,0.0,0.0,0.0,2.0,1.0,0.05,0.8,0.0,0.0,1
297,2026-04-22T14:23:53.634Z,S20260422_152334,SC01,AUTO,,19.0659,0.066,start,0,1500,VIDE,0.0,0.0,0.0,0.0,0.0,0.0,0,0,0.0,0.0,0.0,0.0,0.0,0.0,2.0,1.0,0.05,0.8,0.0,0.0,1
298,2026-04-22T14:23:53.696Z,S20260422_152334,SC01,AUTO,,19.1278,0.0618,start,0,1500,VIDE,0.0,0.0,0.0,0.0,0.0,0.0,0,0,0.0,0.0,0.0,0.0,0.0,0.0,2.0,1.0,0.05,0.8,0.0,0.0,1
299,2026-04-22T14:23:53.758Z,S20260422_152334,SC01,AUTO,,19.1901,0.0623,start,0,1500,VIDE,0.0,0.0,0.0,0.0,0.0,0.0,0,0,0.0,0.0,0.0,0.0,0.0,0.0,2.0,1.0,0.05,0.8,0.0,0.0,1
300,2026-04-22T14:23:53.818Z,S20260422_152334,SC01,AUTO,,19.25,0.0599,start,0,1500,VIDE,0.0,0.0,0.0,0.0,0.0,0.0,0,0,0.0,0.0,0.0,0.0,0.0,0.0,2.0,1.0,0.05,0.8,0.0,0.0,1
301,2026-04-22T14:23:53.880Z,S20260422_152334,SC01,AUTO,,19.3116,0.0616,start,0,1500,VIDE,0.0,0.0,0.0,0.0,0.0,0.0,0,0,0.0,0.0,0.0,0.0,0.0,0.0,2.0,1.0,0.05,0.8,0.0,0.0,1
302,2026-04-22T14:23:53.941Z,S20260422_152334,SC01,AUTO,,19.3728,0.0612,start,0,1500,VIDE,0.0,0.0,0.0,0.0,0.0,0.0,0,0,0.0,0.0,0.0,0.0,0.0,0.0,2.0,1.0,0.05,0.8,0.0,0.0,1
303,2026-04-22T14:23:54.008Z,S20260422_152334,SC01,AUTO,,19.4392,0.0664,start,0,1500,VIDE,0.0,0.0,0.0,0.0,0.0,0.0,0,0,0.0,0.0,0.0,0.0,0.0,0.0,2.0,1.0,0.05,0.8,0.0,0.0,1
304,2026-04-22T14:23:54.067Z,S20260422_152334,SC01,AUTO,,19.499,0.0598,start,0,1500,VIDE,0.0,0.0,0.0,0.0,0.0,0.0,0,0,0.0,0.0,0.0,0.0,0.0,0.0,2.0,1.0,0.05,0.8,0.0,0.0,1
305,2026-04-22T14:23:54.134Z,S20260422_152334,SC01,AUTO,,19.5654,0.0664,start,0,1500,VIDE,0.0,0.0,0.0,0.0,0.0,0.0,0,0,0.0,0.0,0.0,0.0,0.0,0.0,2.0,1.0,0.05,0.8,0.0,0.0,1
306,2026-04-22T14:23:54.195Z,S20260422_152334,SC01,AUTO,,19.6269,0.0614,start,0,1500,VIDE,0.0,0.0,0.0,0.0,0.0,0.0,0,0,0.0,0.0,0.0,0.0,0.0,0.0,2.0,1.0,0.05,0.8,0.0,0.0,1
307,2026-04-22T14:23:54.258Z,S20260422_152334,SC01,AUTO,,19.6892,0.0623,start,0,1500,VIDE,0.0,0.0,0.0,0.0,0.0,0.0,0,0,0.0,0.0,0.0,0.0,0.0,0.0,2.0,1.0,0.05,0.8,0.0,0.0,1
308,2026-04-22T14:23:54.317Z,S20260422_152334,SC01,AUTO,,19.7491,0.06,start,0,1500,VIDE,0.0,0.0,0.0,0.0,0.0,0.0,0,0,0.0,0.0,0.0,0.0,0.0,0.0,2.0,1.0,0.05,0.8,0.0,0.0,1
309,2026-04-22T14:23:54.381Z,S20260422_152334,SC01,AUTO,,19.8123,0.0632,start,0,1500,VIDE,0.0,0.0,0.0,0.0,0.0,0.0,0,0,0.0,0.0,0.0,0.0,0.0,0.0,2.0,1.0,0.05,0.8,0.0,0.0,1
310,2026-04-22T14:23:54.441Z,S20260422_152334,SC01,AUTO,,19.873,0.0606,start,0,1500,VIDE,0.0,0.0,0.0,0.0,0.0,0.0,0,0,0.0,0.0,0.0,0.0,0.0,0.0,2.0,1.0,0.05,0.8,0.0,0.0,1
311,2026-04-22T14:23:54.507Z,S20260422_152334,SC01,AUTO,,19.9384,0.0654,start,0,1500,VIDE,0.0,0.0,0.0,0.0,0.0,0.0,0,0,0.0,0.0,0.0,0.0,0.0,0.0,2.0,1.0,0.05,0.8,0.0,0.0,1
312,2026-04-22T14:23:54.568Z,S20260422_152334,SC01,AUTO,,19.9993,0.0609,start,0,1500,VIDE,0.0,0.0,0.0,0.0,0.0,0.0,0,0,0.0,0.0,0.0,0.0,0.0,0.0,2.0,1.0,0.05,0.8,0.0,0.0,1
313,2026-04-22T14:23:54.632Z,S20260422_152334,SC01,AUTO,,20.0634,0.0641,start,0,1500,VIDE,0.0,0.0,0.0,0.0,0.0,0.0,0,0,0.0,0.0,0.0,0.0,0.0,0.0,2.0,1.0,0.05,0.8,0.0,0.0,1
314,2026-04-22T14:23:54.693Z,S20260422_152334,SC01,AUTO,,20.1248,0.0614,start,0,1500,VIDE,0.0,0.0,0.0,0.0,0.0,0.0,0,0,0.0,0.0,0.0,0.0,0.0,0.0,2.0,1.0,0.05,0.8,0.0,0.0,1
315,2026-04-22T14:23:54.756Z,S20260422_152334,SC01,AUTO,,20.1873,0.0624,start,0,1500,VIDE,0.0,0.0,0.0,0.0,0.0,0.0,0,0,0.0,0.0,0.0,0.0,0.0,0.0,2.0,1.0,0.05,0.8,0.0,0.0,1
316,2026-04-22T14:23:54.818Z,S20260422_152334,SC01,AUTO,,20.2492,0.0619,start,0,1500,VIDE,0.0,0.0,0.0,0.0,0.0,0.0,0,0,0.0,0.0,0.0,0.0,0.0,0.0,2.0,1.0,0.05,0.8,0.0,0.0,1
317,2026-04-22T14:23:54.883Z,S20260422_152334,SC01,AUTO,,20.3144,0.0652,start,0,1500,VIDE,0.0,0.0,0.0,0.0,0.0,0.0,0,0,0.0,0.0,0.0,0.0,0.0,0.0,2.0,1.0,0.05,0.8,0.0,0.0,1
318,2026-04-22T14:23:54.941Z,S20260422_152334,SC01,AUTO,,20.3729,0.0585,start,0,1500,VIDE,0.0,0.0,0.0,0.0,0.0,0.0,0,0,0.0,0.0,0.0,0.0,0.0,0.0,2.0,1.0,0.05,0.8,0.0,0.0,1
319,2026-04-22T14:23:55.007Z,S20260422_152334,SC01,AUTO,,20.4382,0.0653,start,0,1500,VIDE,0.0,0.0,0.0,0.0,0.0,0.0,0,0,0.0,0.0,0.0,0.0,0.0,0.0,2.0,1.0,0.05,0.8,0.0,0.0,1
320,2026-04-22T14:23:55.069Z,S20260422_152334,SC01,AUTO,,20.5002,0.062,start,0,1500,VIDE,0.0,0.0,0.0,0.0,0.0,0.0,0,0,0.0,0.0,0.0,0.0,0.0,0.0,2.0,1.0,0.05,0.8,0.0,0.0,1
321,2026-04-22T14:23:55.132Z,S20260422_152334,SC01,AUTO,,20.5636,0.0634,start,0,1500,VIDE,0.0,0.0,0.0,0.0,0.0,0.0,0,0,0.0,0.0,0.0,0.0,0.0,0.0,2.0,1.0,0.05,0.8,0.0,0.0,1
322,2026-04-22T14:23:55.191Z,S20260422_152334,SC01,AUTO,,20.6227,0.0591,start,0,1500,VIDE,0.0,0.0,0.0,0.0,0.0,0.0,0,0,0.0,0.0,0.0,0.0,0.0,0.0,2.0,1.0,0.05,0.8,0.0,0.0,1
323,2026-04-22T14:23:55.255Z,S20260422_152334,SC01,AUTO,,20.6868,0.0641,start,0,1500,VIDE,0.0,0.0,0.0,0.0,0.0,0.0,0,0,0.0,0.0,0.0,0.0,0.0,0.0,2.0,1.0,0.05,0.8,0.0,0.0,1
324,2026-04-22T14:23:55.318Z,S20260422_152334,SC01,AUTO,,20.7493,0.0625,start,0,1500,VIDE,0.0,0.0,0.0,0.0,0.0,0.0,0,0,0.0,0.0,0.0,0.0,0.0,0.0,2.0,1.0,0.05,0.8,0.0,0.0,1
325,2026-04-22T14:23:55.380Z,S20260422_152334,SC01,AUTO,,20.812,0.0628,start,0,1500,VIDE,0.0,0.0,0.0,0.0,0.0,0.0,0,0,0.0,0.0,0.0,0.0,0.0,0.0,2.0,1.0,0.05,0.8,0.0,0.0,1
326,2026-04-22T14:23:55.441Z,S20260422_152334,SC01,AUTO,,20.8728,0.0608,start,0,1500,VIDE,0.0,0.0,0.0,0.0,0.0,0.0,0,0,0.0,0.0,0.0,0.0,0.0,0.0,2.0,1.0,0.05,0.8,0.0,0.0,1
327,2026-04-22T14:23:55.505Z,S20260422_152334,SC01,AUTO,,20.9365,0.0636,start,0,1500,VIDE,0.0,0.0,0.0,0.0,0.0,0.0,0,0,0.0,0.0,0.0,0.0,0.0,0.0,2.0,1.0,0.05,0.8,0.0,0.0,1
328,2026-04-22T14:23:55.568Z,S20260422_152334,SC01,AUTO,,20.9999,0.0635,start,0,1500,VIDE,0.0,0.0,0.0,0.0,0.0,0.0,0,0,0.0,0.0,0.0,0.0,0.0,0.0,2.0,1.0,0.05,0.8,0.0,0.0,1
329,2026-04-22T14:23:55.632Z,S20260422_152334,SC01,AUTO,,21.064,0.0641,start,0,1500,VIDE,0.0,0.0,0.0,0.0,0.0,0.0,0,0,0.0,0.0,0.0,0.0,0.0,0.0,2.0,1.0,0.05,0.8,0.0,0.0,1
330,2026-04-22T14:23:55.695Z,S20260422_152334,SC01,AUTO,,21.1264,0.0624,start,0,1500,VIDE,0.0,0.0,0.0,0.0,0.0,0.0,0,0,0.0,0.0,0.0,0.0,0.0,0.0,2.0,1.0,0.05,0.8,0.0,0.0,1
331,2026-04-22T14:23:55.756Z,S20260422_152334,SC01,AUTO,,21.1877,0.0613,start,0,1500,VIDE,0.0,0.0,0.0,0.0,0.0,0.0,0,0,0.0,0.0,0.0,0.0,0.0,0.0,2.0,1.0,0.05,0.8,0.0,0.0,1
332,2026-04-22T14:23:55.817Z,S20260422_152334,SC01,AUTO,,21.2487,0.061,start,0,1500,VIDE,0.0,0.0,0.0,0.0,0.0,0.0,0,0,0.0,0.0,0.0,0.0,0.0,0.0,2.0,1.0,0.05,0.8,0.0,0.0,1
333,2026-04-22T14:23:55.880Z,S20260422_152334,SC01,AUTO,,21.3116,0.0629,start,0,1500,VIDE,0.0,0.0,0.0,0.0,0.0,0.0,0,0,0.0,0.0,0.0,0.0,0.0,0.0,2.0,1.0,0.05,0.8,0.0,0.0,1
334,2026-04-22T14:23:55.943Z,S20260422_152334,SC01,AUTO,,21.3745,0.0629,start,0,1500,VIDE,0.0,0.0,0.0,0.0,0.0,0.0,0,0,0.0,0.0,0.0,0.0,0.0,0.0,2.0,1.0,0.05,0.8,0.0,0.0,1
335,2026-04-22T14:23:56.007Z,S20260422_152334,SC01,AUTO,,21.4386,0.0641,start,0,1500,VIDE,0.0,0.0,0.0,0.0,0.0,0.0,0,0,0.0,0.0,0.0,0.0,0.0,0.0,2.0,1.0,0.05,0.8,0.0,0.0,1
336,2026-04-22T14:23:56.070Z,S20260422_152334,SC01,AUTO,,21.5021,0.0635,start,0,1500,VIDE,0.0,0.0,0.0,0.0,0.0,0.0,0,0,0.0,0.0,0.0,0.0,0.0,0.0,2.0,1.0,0.05,0.8,0.0,0.0,1
337,2026-04-22T14:23:56.133Z,S20260422_152334,SC01,AUTO,,21.5648,0.0627,start,0,1500,VIDE,0.0,0.0,0.0,0.0,0.0,0.0,0,0,0.0,0.0,0.0,0.0,0.0,0.0,2.0,1.0,0.05,0.8,0.0,0.0,1
338,2026-04-22T14:23:56.194Z,S20260422_152334,SC01,AUTO,,21.6261,0.0612,start,0,1500,VIDE,0.0,0.0,0.0,0.0,0.0,0.0,0,0,0.0,0.0,0.0,0.0,0.0,0.0,2.0,1.0,0.05,0.8,0.0,0.0,1
339,2026-04-22T14:23:56.256Z,S20260422_152334,SC01,AUTO,,21.6873,0.0613,start,0,1500,VIDE,0.0,0.0,0.0,0.0,0.0,0.0,0,0,0.0,0.0,0.0,0.0,0.0,0.0,2.0,1.0,0.05,0.8,0.0,0.0,1
340,2026-04-22T14:23:56.317Z,S20260422_152334,SC01,AUTO,,21.7484,0.0611,start,0,1500,VIDE,0.0,0.0,0.0,0.0,0.0,0.0,0,0,0.0,0.0,0.0,0.0,0.0,0.0,2.0,1.0,0.05,0.8,0.0,0.0,1
341,2026-04-22T14:23:56.380Z,S20260422_152334,SC01,AUTO,,21.8115,0.0631,start,0,1500,VIDE,0.0,0.0,0.0,0.0,0.0,0.0,0,0,0.0,0.0,0.0,0.0,0.0,0.0,2.0,1.0,0.05,0.8,0.0,0.0,1
342,2026-04-22T14:23:56.441Z,S20260422_152334,SC01,AUTO,,21.8731,0.0616,start,0,1500,VIDE,0.0,0.0,0.0,0.0,0.0,0.0,0,0,0.0,0.0,0.0,0.0,0.0,0.0,2.0,1.0,0.05,0.8,0.0,0.0,1
343,2026-04-22T14:23:56.505Z,S20260422_152334,SC01,AUTO,,21.9365,0.0633,start,0,1500,VIDE,0.0,0.0,0.0,0.0,0.0,0.0,0,0,0.0,0.0,0.0,0.0,0.0,0.0,2.0,1.0,0.05,0.8,0.0,0.0,1
344,2026-04-22T14:23:56.568Z,S20260422_152334,SC01,AUTO,,21.9993,0.0629,start,0,1500,VIDE,0.0,0.0,0.0,0.0,0.0,0.0,0,0,0.0,0.0,0.0,0.0,0.0,0.0,2.0,1.0,0.05,0.8,0.0,0.0,1
345,2026-04-22T14:23:56.631Z,S20260422_152334,SC01,AUTO,,22.0624,0.0631,start,0,1500,VIDE,0.0,0.0,0.0,0.0,0.0,0.0,0,0,0.0,0.0,0.0,0.0,0.0,0.0,2.0,1.0,0.05,0.8,0.0,0.0,1
346,2026-04-22T14:23:56.694Z,S20260422_152334,SC01,AUTO,,22.1255,0.0631,start,0,1500,VIDE,0.0,0.0,0.0,0.0,0.0,0.0,0,0,0.0,0.0,0.0,0.0,0.0,0.0,2.0,1.0,0.05,0.8,0.0,0.0,1
347,2026-04-22T14:23:56.756Z,S20260422_152334,SC01,AUTO,,22.1877,0.0621,start,0,1500,VIDE,0.0,0.0,0.0,0.0,0.0,0.0,0,0,0.0,0.0,0.0,0.0,0.0,0.0,2.0,1.0,0.05,0.8,0.0,0.0,1
348,2026-04-22T14:23:56.817Z,S20260422_152334,SC01,AUTO,,22.2489,0.0612,start,0,1500,VIDE,0.0,0.0,0.0,0.0,0.0,0.0,0,0,0.0,0.0,0.0,0.0,0.0,0.0,2.0,1.0,0.05,0.8,0.0,0.0,1
349,2026-04-22T14:23:56.882Z,S20260422_152334,SC01,AUTO,,22.3137,0.0647,start,0,1500,VIDE,0.0,0.0,0.0,0.0,0.0,0.0,0,0,0.0,0.0,0.0,0.0,0.0,0.0,2.0,1.0,0.05,0.8,0.0,0.0,1
350,2026-04-22T14:23:56.941Z,S20260422_152334,SC01,AUTO,,22.373,0.0594,start,0,1500,VIDE,0.0,0.0,0.0,0.0,0.0,0.0,0,0,0.0,0.0,0.0,0.0,0.0,0.0,2.0,1.0,0.05,0.8,0.0,0.0,1
351,2026-04-22T14:23:57.006Z,S20260422_152334,SC01,AUTO,,22.4377,0.0647,start,0,1500,VIDE,0.0,0.0,0.0,0.0,0.0,0.0,0,0,0.0,0.0,0.0,0.0,0.0,0.0,2.0,1.0,0.05,0.8,0.0,0.0,1
352,2026-04-22T14:23:57.068Z,S20260422_152334,SC01,AUTO,,22.4992,0.0615,start,0,1500,VIDE,0.0,0.0,0.0,0.0,0.0,0.0,0,0,0.0,0.0,0.0,0.0,0.0,0.0,2.0,1.0,0.05,0.8,0.0,0.0,1
353,2026-04-22T14:23:57.131Z,S20260422_152334,SC01,AUTO,,22.5623,0.0631,start,0,1500,VIDE,0.0,0.0,0.0,0.0,0.0,0.0,0,0,0.0,0.0,0.0,0.0,0.0,0.0,2.0,1.0,0.05,0.8,0.0,0.0,1
354,2026-04-22T14:23:57.193Z,S20260422_152334,SC01,AUTO,,22.6249,0.0626,start,0,1500,VIDE,0.0,0.0,0.0,0.0,0.0,0.0,0,0,0.0,0.0,0.0,0.0,0.0,0.0,2.0,1.0,0.05,0.8,0.0,0.0,1
355,2026-04-22T14:23:57.255Z,S20260422_152334,SC01,AUTO,,22.6863,0.0615,start,0,1500,VIDE,0.0,0.0,0.0,0.0,0.0,0.0,0,0,0.0,0.0,0.0,0.0,0.0,0.0,2.0,1.0,0.05,0.8,0.0,0.0,1
356,2026-04-22T14:23:57.319Z,S20260422_152334,SC01,AUTO,,22.7503,0.0639,start,0,1500,VIDE,0.0,0.0,0.0,0.0,0.0,0.0,0,0,0.0,0.0,0.0,0.0,0.0,0.0,2.0,1.0,0.05,0.8,0.0,0.0,1
357,2026-04-22T14:23:57.381Z,S20260422_152334,SC01,AUTO,,22.8126,0.0624,start,0,1500,VIDE,0.0,0.0,0.0,0.0,0.0,0.0,0,0,0.0,0.0,0.0,0.0,0.0,0.0,2.0,1.0,0.05,0.8,0.0,0.0,1
358,2026-04-22T14:23:57.443Z,S20260422_152334,SC01,AUTO,,22.8747,0.062,start,0,1500,VIDE,0.0,0.0,0.0,0.0,0.0,0.0,0,0,0.0,0.0,0.0,0.0,0.0,0.0,2.0,1.0,0.05,0.8,0.0,0.0,1
359,2026-04-22T14:23:57.506Z,S20260422_152334,SC01,AUTO,,22.9378,0.0631,start,0,1500,VIDE,0.0,0.0,0.0,0.0,0.0,0.0,0,0,0.0,0.0,0.0,0.0,0.0,0.0,2.0,1.0,0.05,0.8,0.0,0.0,1
360,2026-04-22T14:23:57.569Z,S20260422_152334,SC01,AUTO,,23.0008,0.063,start,0,1500,VIDE,0.0,0.0,0.0,0.0,0.0,0.0,0,0,0.0,0.0,0.0,0.0,0.0,0.0,2.0,1.0,0.05,0.8,0.0,0.0,1
361,2026-04-22T14:23:57.632Z,S20260422_152334,SC01,AUTO,,23.0639,0.0631,start,0,1500,VIDE,0.0,0.0,0.0,0.0,0.0,0.0,0,0,0.0,0.0,0.0,0.0,0.0,0.0,2.0,1.0,0.05,0.8,0.0,0.0,1
362,2026-04-22T14:23:57.694Z,S20260422_152334,SC01,AUTO,,23.1254,0.0615,start,0,1500,VIDE,0.0,0.0,0.0,0.0,0.0,0.0,0,0,0.0,0.0,0.0,0.0,0.0,0.0,2.0,1.0,0.05,0.8,0.0,0.0,1
363,2026-04-22T14:23:57.757Z,S20260422_152334,SC01,AUTO,,23.1887,0.0633,start,0,1500,VIDE,0.0,0.0,0.0,0.0,0.0,0.0,0,0,0.0,0.0,0.0,0.0,0.0,0.0,2.0,1.0,0.05,0.8,0.0,0.0,1
364,2026-04-22T14:23:57.818Z,S20260422_152334,SC01,AUTO,,23.2501,0.0614,start,0,1500,VIDE,0.0,0.0,0.0,0.0,0.0,0.0,0,0,0.0,0.0,0.0,0.0,0.0,0.0,2.0,1.0,0.05,0.8,0.0,0.0,1
365,2026-04-22T14:23:57.879Z,S20260422_152334,SC01,AUTO,,23.311,0.061,start,0,1500,VIDE,0.0,0.0,0.0,0.0,0.0,0.0,0,0,0.0,0.0,0.0,0.0,0.0,0.0,2.0,1.0,0.05,0.8,0.0,0.0,1
366,2026-04-22T14:23:57.943Z,S20260422_152334,SC01,AUTO,,23.3742,0.0632,start,0,1500,VIDE,0.0,0.0,0.0,0.0,0.0,0.0,0,0,0.0,0.0,0.0,0.0,0.0,0.0,2.0,1.0,0.05,0.8,0.0,0.0,1
367,2026-04-22T14:23:58.005Z,S20260422_152334,SC01,AUTO,,23.4368,0.0626,start,0,1500,VIDE,0.0,0.0,0.0,0.0,0.0,0.0,0,0,0.0,0.0,0.0,0.0,0.0,0.0,2.0,1.0,0.05,0.8,0.0,0.0,1
368,2026-04-22T14:23:58.068Z,S20260422_152334,SC01,AUTO,,23.4999,0.063,start,0,1500,VIDE,0.0,0.0,0.0,0.0,0.0,0.0,0,0,0.0,0.0,0.0,0.0,0.0,0.0,2.0,1.0,0.05,0.8,0.0,0.0,1
369,2026-04-22T14:23:58.130Z,S20260422_152334,SC01,AUTO,,23.5618,0.0619,start,0,1500,VIDE,0.0,0.0,0.0,0.0,0.0,0.0,0,0,0.0,0.0,0.0,0.0,0.0,0.0,2.0,1.0,0.05,0.8,0.0,0.0,1
370,2026-04-22T14:23:58.193Z,S20260422_152334,SC01,AUTO,,23.6242,0.0624,start,0,1500,VIDE,0.0,0.0,0.0,0.0,0.0,0.0,0,0,0.0,0.0,0.0,0.0,0.0,0.0,2.0,1.0,0.05,0.8,0.0,0.0,1
371,2026-04-22T14:23:58.255Z,S20260422_152334,SC01,AUTO,,23.6865,0.0623,start,0,1500,VIDE,0.0,0.0,0.0,0.0,0.0,0.0,0,0,0.0,0.0,0.0,0.0,0.0,0.0,2.0,1.0,0.05,0.8,0.0,0.0,1
372,2026-04-22T14:23:58.318Z,S20260422_152334,SC01,AUTO,,23.7494,0.0629,start,0,1500,VIDE,0.0,0.0,0.0,0.0,0.0,0.0,0,0,0.0,0.0,0.0,0.0,0.0,0.0,2.0,1.0,0.05,0.8,0.0,0.0,1
373,2026-04-22T14:23:58.380Z,S20260422_152334,SC01,AUTO,,23.8121,0.0627,start,0,1500,VIDE,0.0,0.0,0.0,0.0,0.0,0.0,0,0,0.0,0.0,0.0,0.0,0.0,0.0,2.0,1.0,0.05,0.8,0.0,0.0,1
374,2026-04-22T14:23:58.441Z,S20260422_152334,SC01,AUTO,,23.873,0.0609,start,0,1500,VIDE,0.0,0.0,0.0,0.0,0.0,0.0,0,0,0.0,0.0,0.0,0.0,0.0,0.0,2.0,1.0,0.05,0.8,0.0,0.0,1
375,2026-04-22T14:23:58.505Z,S20260422_152334,SC01,AUTO,,23.9362,0.0632,start,0,1500,VIDE,0.0,0.0,0.0,0.0,0.0,0.0,0,0,0.0,0.0,0.0,0.0,0.0,0.0,2.0,1.0,0.05,0.8,0.0,0.0,1
376,2026-04-22T14:23:58.567Z,S20260422_152334,SC01,AUTO,,23.9989,0.0627,start,0,1500,VIDE,0.0,0.0,0.0,0.0,0.0,0.0,0,0,0.0,0.0,0.0,0.0,0.0,0.0,2.0,1.0,0.05,0.8,0.0,0.0,1
377,2026-04-22T14:23:58.629Z,S20260422_152334,SC01,AUTO,,24.0609,0.062,start,0,1500,VIDE,0.0,0.0,0.0,0.0,0.0,0.0,0,0,0.0,0.0,0.0,0.0,0.0,0.0,2.0,1.0,0.05,0.8,0.0,0.0,1
378,2026-04-22T14:23:58.695Z,S20260422_152334,SC01,AUTO,,24.1267,0.0658,start,0,1500,VIDE,0.0,0.0,0.0,0.0,0.0,0.0,0,0,0.0,0.0,0.0,0.0,0.0,0.0,2.0,1.0,0.05,0.8,0.0,0.0,1
379,2026-04-22T14:23:58.759Z,S20260422_152334,SC01,AUTO,,24.1906,0.0639,start,0,1500,VIDE,0.0,0.0,0.0,0.0,0.0,0.0,0,0,0.0,0.0,0.0,0.0,0.0,0.0,2.0,1.0,0.05,0.8,0.0,0.0,1
380,2026-04-22T14:23:58.817Z,S20260422_152334,SC01,AUTO,,24.249,0.0585,start,0,1500,VIDE,0.0,0.0,0.0,0.0,0.0,0.0,0,0,0.0,0.0,0.0,0.0,0.0,0.0,2.0,1.0,0.05,0.8,0.0,0.0,1
381,2026-04-22T14:23:58.881Z,S20260422_152334,SC01,AUTO,,24.3128,0.0638,start,0,1500,VIDE,0.0,0.0,0.0,0.0,0.0,0.0,0,0,0.0,0.0,0.0,0.0,0.0,0.0,2.0,1.0,0.05,0.8,0.0,0.0,1
382,2026-04-22T14:23:58.941Z,S20260422_152334,SC01,AUTO,,24.3731,0.0602,start,0,1500,VIDE,0.0,0.0,0.0,0.0,0.0,0.0,0,0,0.0,0.0,0.0,0.0,0.0,0.0,2.0,1.0,0.05,0.8,0.0,0.0,1
383,2026-04-22T14:23:59.004Z,S20260422_152334,SC01,AUTO,,24.4358,0.0627,start,0,1500,VIDE,0.0,0.0,0.0,0.0,0.0,0.0,0,0,0.0,0.0,0.0,0.0,0.0,0.0,2.0,1.0,0.05,0.8,0.0,0.0,1
384,2026-04-22T14:23:59.066Z,S20260422_152334,SC01,AUTO,,24.4979,0.0621,start,0,1500,VIDE,0.0,0.0,0.0,0.0,0.0,0.0,0,0,0.0,0.0,0.0,0.0,0.0,0.0,2.0,1.0,0.05,0.8,0.0,0.0,1
385,2026-04-22T14:23:59.129Z,S20260422_152334,SC01,AUTO,,24.5602,0.0623,start,0,1500,VIDE,0.0,0.0,0.0,0.0,0.0,0.0,0,0,0.0,0.0,0.0,0.0,0.0,0.0,2.0,1.0,0.05,0.8,0.0,0.0,1
386,2026-04-22T14:23:59.191Z,S20260422_152334,SC01,AUTO,,24.6228,0.0625,start,0,1500,VIDE,0.0,0.0,0.0,0.0,0.0,0.0,0,0,0.0,0.0,0.0,0.0,0.0,0.0,2.0,1.0,0.05,0.8,0.0,0.0,1
387,2026-04-22T14:23:59.255Z,S20260422_152334,SC01,AUTO,,24.6862,0.0635,start,0,1500,VIDE,0.0,0.0,0.0,0.0,0.0,0.0,0,0,0.0,0.0,0.0,0.0,0.0,0.0,2.0,1.0,0.05,0.8,0.0,0.0,1
388,2026-04-22T14:23:59.319Z,S20260422_152334,SC01,AUTO,,24.7503,0.064,start,0,1500,VIDE,0.0,0.0,0.0,0.0,0.0,0.0,0,0,0.0,0.0,0.0,0.0,0.0,0.0,2.0,1.0,0.05,0.8,0.0,0.0,1
389,2026-04-22T14:23:59.381Z,S20260422_152334,SC01,AUTO,,24.8131,0.0628,start,0,1500,VIDE,0.0,0.0,0.0,0.0,0.0,0.0,0,0,0.0,0.0,0.0,0.0,0.0,0.0,2.0,1.0,0.05,0.8,0.0,0.0,1
390,2026-04-22T14:23:59.447Z,S20260422_152334,SC01,AUTO,,24.8783,0.0653,start,0,1500,VIDE,0.0,0.0,0.0,0.0,0.0,0.0,0,0,0.0,0.0,0.0,0.0,0.0,0.0,2.0,1.0,0.05,0.8,0.0,0.0,1
391,2026-04-22T14:23:59.511Z,S20260422_152334,SC01,AUTO,,24.9426,0.0642,start,0,1500,VIDE,0.0,0.0,0.0,0.0,0.0,0.0,0,0,0.0,0.0,0.0,0.0,0.0,0.0,2.0,1.0,0.05,0.8,0.0,0.0,1
392,2026-04-22T14:23:59.568Z,S20260422_152334,SC01,AUTO,,24.9995,0.057,start,0,1500,VIDE,0.0,0.0,0.0,0.0,0.0,0.0,0,0,0.0,0.0,0.0,0.0,0.0,0.0,2.0,1.0,0.05,0.8,0.0,0.0,1
393,2026-04-22T14:23:59.633Z,S20260422_152334,SC01,AUTO,,25.065,0.0654,start,0,1500,VIDE,0.0,0.0,0.0,0.0,0.0,0.0,0,0,0.0,0.0,0.0,0.0,0.0,0.0,2.0,1.0,0.05,0.8,0.0,0.0,1
394,2026-04-22T14:23:59.700Z,S20260422_152334,SC01,AUTO,,25.1321,0.0671,start,0,1500,VIDE,0.0,0.0,0.0,0.0,0.0,0.0,0,0,0.0,0.0,0.0,0.0,0.0,0.0,2.0,1.0,0.05,0.8,0.0,0.0,1
395,2026-04-22T14:23:59.762Z,S20260422_152334,SC01,AUTO,,25.1932,0.0611,start,0,1500,VIDE,0.0,0.0,0.0,0.0,0.0,0.0,0,0,0.0,0.0,0.0,0.0,0.0,0.0,2.0,1.0,0.05,0.8,0.0,0.0,1
396,2026-04-22T14:23:59.817Z,S20260422_152334,SC01,AUTO,,25.2489,0.0557,start,0,1500,VIDE,0.0,0.0,0.0,0.0,0.0,0.0,0,0,0.0,0.0,0.0,0.0,0.0,0.0,2.0,1.0,0.05,0.8,0.0,0.0,1
397,2026-04-22T14:23:59.879Z,S20260422_152334,SC01,AUTO,,25.3105,0.0616,start,0,1500,VIDE,0.0,0.0,0.0,0.0,0.0,0.0,0,0,0.0,0.0,0.0,0.0,0.0,0.0,2.0,1.0,0.05,0.8,0.0,0.0,1
398,2026-04-22T14:23:59.943Z,S20260422_152334,SC01,AUTO,,25.3745,0.0639,start,0,1500,VIDE,0.0,0.0,0.0,0.0,0.0,0.0,0,0,0.0,0.0,0.0,0.0,0.0,0.0,2.0,1.0,0.05,0.8,0.0,0.0,1
399,2026-04-22T14:24:00.007Z,S20260422_152334,SC01,AUTO,,25.4382,0.0637,start,0,1500,VIDE,0.0,0.0,0.0,0.0,0.0,0.0,0,0,0.0,0.0,0.0,0.0,0.0,0.0,2.0,1.0,0.05,0.8,0.0,0.0,1
400,2026-04-22T14:24:00.071Z,S20260422_152334,SC01,AUTO,,25.5022,0.064,start,0,1500,VIDE,0.0,0.0,0.0,0.0,0.0,0.0,0,0,0.0,0.0,0.0,0.0,0.0,0.0,2.0,1.0,0.05,0.8,0.0,0.0,1
401,2026-04-22T14:24:00.134Z,S20260422_152334,SC01,AUTO,,25.5653,0.0631,start,0,1500,VIDE,0.0,0.0,0.0,0.0,0.0,0.0,0,0,0.0,0.0,0.0,0.0,0.0,0.0,2.0,1.0,0.05,0.8,0.0,0.0,1
402,2026-04-22T14:24:00.199Z,S20260422_152334,SC01,AUTO,,25.6302,0.0649,start,0,1500,VIDE,0.0,0.0,0.0,0.0,0.0,0.0,0,0,0.0,0.0,0.0,0.0,0.0,0.0,2.0,1.0,0.05,0.8,0.0,0.0,1
403,2026-04-22T14:24:00.260Z,S20260422_152334,SC01,AUTO,,25.6918,0.0616,start,0,1500,VIDE,0.0,0.0,0.0,0.0,0.0,0.0,0,0,0.0,0.0,0.0,0.0,0.0,0.0,2.0,1.0,0.05,0.8,0.0,0.0,1
404,2026-04-22T14:24:00.318Z,S20260422_152334,SC01,AUTO,,25.7493,0.0575,start,0,1500,VIDE,0.0,0.0,0.0,0.0,0.0,0.0,0,0,0.0,0.0,0.0,0.0,0.0,0.0,2.0,1.0,0.05,0.8,0.0,0.0,1
405,2026-04-22T14:24:00.381Z,S20260422_152334,SC01,AUTO,,25.8131,0.0638,start,0,1500,VIDE,0.0,0.0,0.0,0.0,0.0,0.0,0,0,0.0,0.0,0.0,0.0,0.0,0.0,2.0,1.0,0.05,0.8,0.0,0.0,1
406,2026-04-22T14:24:00.451Z,S20260422_152334,SC01,AUTO,,25.8826,0.0695,start,0,1500,VIDE,0.0,0.0,0.0,0.0,0.0,0.0,0,0,0.0,0.0,0.0,0.0,0.0,0.0,2.0,1.0,0.05,0.8,0.0,0.0,1
407,2026-04-22T14:24:00.514Z,S20260422_152334,SC01,AUTO,,25.9453,0.0627,start,0,1500,VIDE,0.0,0.0,0.0,0.0,0.0,0.0,0,0,0.0,0.0,0.0,0.0,0.0,0.0,2.0,1.0,0.05,0.8,0.0,0.0,1
408,2026-04-22T14:24:00.567Z,S20260422_152334,SC01,AUTO,,25.9991,0.0538,start,0,1500,VIDE,0.0,0.0,0.0,0.0,0.0,0.0,0,0,0.0,0.0,0.0,0.0,0.0,0.0,2.0,1.0,0.05,0.8,0.0,0.0,1
409,2026-04-22T14:24:00.631Z,S20260422_152334,SC01,AUTO,,26.0622,0.0631,start,0,1500,VIDE,0.0,0.0,0.0,0.0,0.0,0.0,0,0,0.0,0.0,0.0,0.0,0.0,0.0,2.0,1.0,0.05,0.8,0.0,0.0,1
410,2026-04-22T14:24:00.695Z,S20260422_152334,SC01,AUTO,,26.1268,0.0646,start,0,1500,VIDE,0.0,0.0,0.0,0.0,0.0,0.0,0,0,0.0,0.0,0.0,0.0,0.0,0.0,2.0,1.0,0.05,0.8,0.0,0.0,1
411,2026-04-22T14:24:00.759Z,S20260422_152334,SC01,AUTO,,26.1908,0.064,start,0,1500,VIDE,0.0,0.0,0.0,0.0,0.0,0.0,0,0,0.0,0.0,0.0,0.0,0.0,0.0,2.0,1.0,0.05,0.8,0.0,0.0,1
412,2026-04-22T14:24:00.817Z,S20260422_152334,SC01,AUTO,,26.2487,0.0579,start,0,1500,VIDE,0.0,0.0,0.0,0.0,0.0,0.0,0,0,0.0,0.0,0.0,0.0,0.0,0.0,2.0,1.0,0.05,0.8,0.0,0.0,1
413,2026-04-22T14:24:00.882Z,S20260422_152334,SC01,AUTO,,26.3132,0.0645,start,0,1500,VIDE,0.0,0.0,0.0,0.0,0.0,0.0,0,0,0.0,0.0,0.0,0.0,0.0,0.0,2.0,1.0,0.05,0.8,0.0,0.0,1
414,2026-04-22T14:24:00.949Z,S20260422_152334,SC01,AUTO,,26.3808,0.0676,start,0,1500,VIDE,0.0,0.0,0.0,0.0,0.0,0.0,0,0,0.0,0.0,0.0,0.0,0.0,0.0,2.0,1.0,0.05,0.8,0.0,0.0,1
415,2026-04-22T14:24:01.014Z,S20260422_152334,SC01,AUTO,,26.4461,0.0653,start,0,1500,VIDE,0.0,0.0,0.0,0.0,0.0,0.0,0,0,0.0,0.0,0.0,0.0,0.0,0.0,2.0,1.0,0.05,0.8,0.0,0.0,1
416,2026-04-22T14:24:01.068Z,S20260422_152334,SC01,AUTO,,26.5001,0.0541,start,0,1500,VIDE,0.0,0.0,0.0,0.0,0.0,0.0,0,0,0.0,0.0,0.0,0.0,0.0,0.0,2.0,1.0,0.05,0.8,0.0,0.0,1
417,2026-04-22T14:24:01.134Z,S20260422_152334,SC01,AUTO,,26.5654,0.0652,start,0,1500,VIDE,0.0,0.0,0.0,0.0,0.0,0.0,0,0,0.0,0.0,0.0,0.0,0.0,0.0,2.0,1.0,0.05,0.8,0.0,0.0,1
418,2026-04-22T14:24:01.200Z,S20260422_152334,SC01,AUTO,,26.6319,0.0665,start,0,1500,VIDE,0.0,0.0,0.0,0.0,0.0,0.0,0,0,0.0,0.0,0.0,0.0,0.0,0.0,2.0,1.0,0.05,0.8,0.0,0.0,1
419,2026-04-22T14:24:01.255Z,S20260422_152334,SC01,AUTO,,26.6867,0.0548,start,0,1500,VIDE,0.0,0.0,0.0,0.0,0.0,0.0,0,0,0.0,0.0,0.0,0.0,0.0,0.0,2.0,1.0,0.05,0.8,0.0,0.0,1
420,2026-04-22T14:24:01.319Z,S20260422_152334,SC01,AUTO,,26.7504,0.0637,start,0,1500,VIDE,0.0,0.0,0.0,0.0,0.0,0.0,0,0,0.0,0.0,0.0,0.0,0.0,0.0,2.0,1.0,0.05,0.8,0.0,0.0,1
421,2026-04-22T14:24:01.380Z,S20260422_152334,SC01,AUTO,,26.8118,0.0615,start,0,1500,VIDE,0.0,0.0,0.0,0.0,0.0,0.0,0,0,0.0,0.0,0.0,0.0,0.0,0.0,2.0,1.0,0.05,0.8,0.0,0.0,1
422,2026-04-22T14:24:01.447Z,S20260422_152334,SC01,AUTO,,26.8785,0.0667,start,0,1500,VIDE,0.0,0.0,0.0,0.0,0.0,0.0,0,0,0.0,0.0,0.0,0.0,0.0,0.0,2.0,1.0,0.05,0.8,0.0,0.0,1
423,2026-04-22T14:24:01.511Z,S20260422_152334,SC01,AUTO,,26.9429,0.0643,start,0,1500,VIDE,0.0,0.0,0.0,0.0,0.0,0.0,0,0,0.0,0.0,0.0,0.0,0.0,0.0,2.0,1.0,0.05,0.8,0.0,0.0,1
424,2026-04-22T14:24:01.567Z,S20260422_152334,SC01,AUTO,,26.9987,0.0559,start,0,1500,VIDE,0.0,0.0,0.0,0.0,0.0,0.0,0,0,0.0,0.0,0.0,0.0,0.0,0.0,2.0,1.0,0.05,0.8,0.0,0.0,1
425,2026-04-22T14:24:01.633Z,S20260422_152334,SC01,AUTO,,27.0651,0.0663,start,0,1500,VIDE,0.0,0.0,0.0,0.0,0.0,0.0,0,0,0.0,0.0,0.0,0.0,0.0,0.0,2.0,1.0,0.05,0.8,0.0,0.0,1
426,2026-04-22T14:24:01.698Z,S20260422_152334,SC01,AUTO,,27.1295,0.0644,start,0,1500,VIDE,0.0,0.0,0.0,0.0,0.0,0.0,0,0,0.0,0.0,0.0,0.0,0.0,0.0,2.0,1.0,0.05,0.8,0.0,0.0,1
427,2026-04-22T14:24:01.760Z,S20260422_152334,SC01,AUTO,,27.1919,0.0625,start,0,1500,VIDE,0.0,0.0,0.0,0.0,0.0,0.0,0,0,0.0,0.0,0.0,0.0,0.0,0.0,2.0,1.0,0.05,0.8,0.0,0.0,1
428,2026-04-22T14:24:01.817Z,S20260422_152334,SC01,AUTO,,27.2483,0.0564,start,0,1500,VIDE,0.0,0.0,0.0,0.0,0.0,0.0,0,0,0.0,0.0,0.0,0.0,0.0,0.0,2.0,1.0,0.05,0.8,0.0,0.0,1
429,2026-04-22T14:24:01.879Z,S20260422_152334,SC01,AUTO,,27.3104,0.0621,start,0,1500,VIDE,0.0,0.0,0.0,0.0,0.0,0.0,0,0,0.0,0.0,0.0,0.0,0.0,0.0,2.0,1.0,0.05,0.8,0.0,0.0,1
430,2026-04-22T14:24:01.941Z,S20260422_152334,SC01,AUTO,,27.3731,0.0626,start,0,1500,VIDE,0.0,0.0,0.0,0.0,0.0,0.0,0,0,0.0,0.0,0.0,0.0,0.0,0.0,2.0,1.0,0.05,0.8,0.0,0.0,1
431,2026-04-22T14:24:02.006Z,S20260422_152334,SC01,AUTO,,27.4379,0.0649,start,0,1500,VIDE,0.0,0.0,0.0,0.0,0.0,0.0,0,0,0.0,0.0,0.0,0.0,0.0,0.0,2.0,1.0,0.05,0.8,0.0,0.0,1
432,2026-04-22T14:24:02.066Z,S20260422_152334,SC01,AUTO,,27.4979,0.0599,start,0,1500,VIDE,0.0,0.0,0.0,0.0,0.0,0.0,0,0,0.0,0.0,0.0,0.0,0.0,0.0,2.0,1.0,0.05,0.8,0.0,0.0,1
433,2026-04-22T14:24:02.129Z,S20260422_152334,SC01,AUTO,,27.5604,0.0625,start,0,1500,VIDE,0.0,0.0,0.0,0.0,0.0,0.0,0,0,0.0,0.0,0.0,0.0,0.0,0.0,2.0,1.0,0.05,0.8,0.0,0.0,1
434,2026-04-22T14:24:02.198Z,S20260422_152334,SC01,AUTO,,27.63,0.0696,start,0,1500,VIDE,0.0,0.0,0.0,0.0,0.0,0.0,0,0,0.0,0.0,0.0,0.0,0.0,0.0,2.0,1.0,0.05,0.8,0.0,0.0,1
435,2026-04-22T14:24:02.262Z,S20260422_152334,SC01,AUTO,,27.6933,0.0634,start,0,1500,VIDE,0.0,0.0,0.0,0.0,0.0,0.0,0,0,0.0,0.0,0.0,0.0,0.0,0.0,2.0,1.0,0.05,0.8,0.0,0.0,1
436,2026-04-22T14:24:02.316Z,S20260422_152334,SC01,AUTO,,27.7479,0.0546,start,0,1500,VIDE,0.0,0.0,0.0,0.0,0.0,0.0,0,0,0.0,0.0,0.0,0.0,0.0,0.0,2.0,1.0,0.05,0.8,0.0,0.0,1
437,2026-04-22T14:24:02.380Z,S20260422_152334,SC01,AUTO,,27.812,0.064,start,0,1500,VIDE,0.0,0.0,0.0,0.0,0.0,0.0,0,0,0.0,0.0,0.0,0.0,0.0,0.0,2.0,1.0,0.05,0.8,0.0,0.0,1
438,2026-04-22T14:24:02.441Z,S20260422_152334,SC01,AUTO,,27.873,0.0611,start,0,1500,VIDE,0.0,0.0,0.0,0.0,0.0,0.0,0,0,0.0,0.0,0.0,0.0,0.0,0.0,2.0,1.0,0.05,0.8,0.0,0.0,1
439,2026-04-22T14:24:02.505Z,S20260422_152334,SC01,AUTO,,27.9364,0.0634,start,0,1500,VIDE,0.0,0.0,0.0,0.0,0.0,0.0,0,0,0.0,0.0,0.0,0.0,0.0,0.0,2.0,1.0,0.05,0.8,0.0,0.0,1
440,2026-04-22T14:24:02.567Z,S20260422_152334,SC01,AUTO,,27.9989,0.0625,start,0,1500,VIDE,0.0,0.0,0.0,0.0,0.0,0.0,0,0,0.0,0.0,0.0,0.0,0.0,0.0,2.0,1.0,0.05,0.8,0.0,0.0,1
441,2026-04-22T14:24:02.632Z,S20260422_152334,SC01,AUTO,,28.0634,0.0644,start,0,1500,VIDE,0.0,0.0,0.0,0.0,0.0,0.0,0,0,0.0,0.0,0.0,0.0,0.0,0.0,2.0,1.0,0.05,0.8,0.0,0.0,1
442,2026-04-22T14:24:02.695Z,S20260422_152334,SC01,AUTO,,28.1265,0.0631,start,0,1500,VIDE,0.0,0.0,0.0,0.0,0.0,0.0,0,0,0.0,0.0,0.0,0.0,0.0,0.0,2.0,1.0,0.05,0.8,0.0,0.0,1
443,2026-04-22T14:24:02.758Z,S20260422_152334,SC01,AUTO,,28.1897,0.0632,start,0,1500,VIDE,0.0,0.0,0.0,0.0,0.0,0.0,0,0,0.0,0.0,0.0,0.0,0.0,0.0,2.0,1.0,0.05,0.8,0.0,0.0,1
444,2026-04-22T14:24:02.817Z,S20260422_152334,SC01,AUTO,,28.2488,0.0591,start,0,1500,VIDE,0.0,0.0,0.0,0.0,0.0,0.0,0,0,0.0,0.0,0.0,0.0,0.0,0.0,2.0,1.0,0.05,0.8,0.0,0.0,1
445,2026-04-22T14:24:02.881Z,S20260422_152334,SC01,AUTO,,28.3131,0.0643,start,0,1500,VIDE,0.0,0.0,0.0,0.0,0.0,0.0,0,0,0.0,0.0,0.0,0.0,0.0,0.0,2.0,1.0,0.05,0.8,0.0,0.0,1
446,2026-04-22T14:24:02.945Z,S20260422_152334,SC01,AUTO,,28.3766,0.0635,start,0,1500,VIDE,0.0,0.0,0.0,0.0,0.0,0.0,0,0,0.0,0.0,0.0,0.0,0.0,0.0,2.0,1.0,0.05,0.8,0.0,0.0,1
447,2026-04-22T14:24:03.008Z,S20260422_152334,SC01,AUTO,,28.4397,0.0631,start,0,1500,VIDE,0.0,0.0,0.0,0.0,0.0,0.0,0,0,0.0,0.0,0.0,0.0,0.0,0.0,2.0,1.0,0.05,0.8,0.0,0.0,1
448,2026-04-22T14:24:03.067Z,S20260422_152334,SC01,AUTO,,28.4988,0.0591,start,0,1500,VIDE,0.0,0.0,0.0,0.0,0.0,0.0,0,0,0.0,0.0,0.0,0.0,0.0,0.0,2.0,1.0,0.05,0.8,0.0,0.0,1
449,2026-04-22T14:24:03.133Z,S20260422_152334,SC01,AUTO,,28.5643,0.0655,start,0,1500,VIDE,0.0,0.0,0.0,0.0,0.0,0.0,0,0,0.0,0.0,0.0,0.0,0.0,0.0,2.0,1.0,0.05,0.8,0.0,0.0,1
450,2026-04-22T14:24:03.195Z,S20260422_152334,SC01,AUTO,,28.6265,0.0622,start,0,1500,VIDE,0.0,0.0,0.0,0.0,0.0,0.0,0,0,0.0,0.0,0.0,0.0,0.0,0.0,2.0,1.0,0.05,0.8,0.0,0.0,1
451,2026-04-22T14:24:03.255Z,S20260422_152334,SC01,AUTO,,28.6863,0.0597,start,0,1500,VIDE,0.0,0.0,0.0,0.0,0.0,0.0,0,0,0.0,0.0,0.0,0.0,0.0,0.0,2.0,1.0,0.05,0.8,0.0,0.0,1
452,2026-04-22T14:24:03.317Z,S20260422_152334,SC01,AUTO,,28.749,0.0627,start,0,1500,VIDE,0.0,0.0,0.0,0.0,0.0,0.0,0,0,0.0,0.0,0.0,0.0,0.0,0.0,2.0,1.0,0.05,0.8,0.0,0.0,1
453,2026-04-22T14:24:03.380Z,S20260422_152334,SC01,AUTO,,28.8118,0.0628,start,0,1500,VIDE,0.0,0.0,0.0,0.0,0.0,0.0,0,0,0.0,0.0,0.0,0.0,0.0,0.0,2.0,1.0,0.05,0.8,0.0,0.0,1
454,2026-04-22T14:24:03.444Z,S20260422_152334,SC01,AUTO,,28.8759,0.0641,start,0,1500,VIDE,0.0,0.0,0.0,0.0,0.0,0.0,0,0,0.0,0.0,0.0,0.0,0.0,0.0,2.0,1.0,0.05,0.8,0.0,0.0,1
455,2026-04-22T14:24:03.506Z,S20260422_152334,SC01,AUTO,,28.9374,0.0615,start,0,1500,VIDE,0.0,0.0,0.0,0.0,0.0,0.0,0,0,0.0,0.0,0.0,0.0,0.0,0.0,2.0,1.0,0.05,0.8,0.0,0.0,1
456,2026-04-22T14:24:03.568Z,S20260422_152334,SC01,AUTO,,28.9994,0.062,start,0,1500,VIDE,0.0,0.0,0.0,0.0,0.0,0.0,0,0,0.0,0.0,0.0,0.0,0.0,0.0,2.0,1.0,0.05,0.8,0.0,0.0,1
457,2026-04-22T14:24:03.630Z,S20260422_152334,SC01,AUTO,,29.0614,0.062,start,0,1500,VIDE,0.0,0.0,0.0,0.0,0.0,0.0,0,0,0.0,0.0,0.0,0.0,0.0,0.0,2.0,1.0,0.05,0.8,0.0,0.0,1
458,2026-04-22T14:24:03.694Z,S20260422_152334,SC01,AUTO,,29.1255,0.0641,start,0,1500,VIDE,0.0,0.0,0.0,0.0,0.0,0.0,0,0,0.0,0.0,0.0,0.0,0.0,0.0,2.0,1.0,0.05,0.8,0.0,0.0,1
459,2026-04-22T14:24:03.756Z,S20260422_152334,SC01,AUTO,,29.1875,0.062,start,0,1500,VIDE,0.0,0.0,0.0,0.0,0.0,0.0,0,0,0.0,0.0,0.0,0.0,0.0,0.0,2.0,1.0,0.05,0.8,0.0,0.0,1
460,2026-04-22T14:24:03.819Z,S20260422_152334,SC01,AUTO,,29.2503,0.0628,start,0,1500,VIDE,0.0,0.0,0.0,0.0,0.0,0.0,0,0,0.0,0.0,0.0,0.0,0.0,0.0,2.0,1.0,0.05,0.8,0.0,0.0,1
461,2026-04-22T14:24:03.879Z,S20260422_152334,SC01,AUTO,,29.3106,0.0603,start,0,1500,VIDE,0.0,0.0,0.0,0.0,0.0,0.0,0,0,0.0,0.0,0.0,0.0,0.0,0.0,2.0,1.0,0.05,0.8,0.0,0.0,1
462,2026-04-22T14:24:03.942Z,S20260422_152334,SC01,AUTO,,29.3741,0.0636,start,0,1500,VIDE,0.0,0.0,0.0,0.0,0.0,0.0,0,0,0.0,0.0,0.0,0.0,0.0,0.0,2.0,1.0,0.05,0.8,0.0,0.0,1
463,2026-04-22T14:24:04.006Z,S20260422_152334,SC01,AUTO,,29.4375,0.0634,start,0,1500,VIDE,0.0,0.0,0.0,0.0,0.0,0.0,0,0,0.0,0.0,0.0,0.0,0.0,0.0,2.0,1.0,0.05,0.8,0.0,0.0,1
464,2026-04-22T14:24:04.067Z,S20260422_152334,SC01,AUTO,,29.4985,0.061,start,0,1500,VIDE,0.0,0.0,0.0,0.0,0.0,0.0,0,0,0.0,0.0,0.0,0.0,0.0,0.0,2.0,1.0,0.05,0.8,0.0,0.0,1
465,2026-04-22T14:24:04.129Z,S20260422_152334,SC01,AUTO,,29.5611,0.0626,start,0,1500,VIDE,0.0,0.0,0.0,0.0,0.0,0.0,0,0,0.0,0.0,0.0,0.0,0.0,0.0,2.0,1.0,0.05,0.8,0.0,0.0,1
466,2026-04-22T14:24:04.191Z,S20260422_152334,SC01,AUTO,,29.623,0.062,start,0,1500,VIDE,0.0,0.0,0.0,0.0,0.0,0.0,0,0,0.0,0.0,0.0,0.0,0.0,0.0,2.0,1.0,0.05,0.8,0.0,0.0,1
467,2026-04-22T14:24:04.254Z,S20260422_152334,SC01,AUTO,,29.6859,0.0628,start,0,1500,VIDE,0.0,0.0,0.0,0.0,0.0,0.0,0,0,0.0,0.0,0.0,0.0,0.0,0.0,2.0,1.0,0.05,0.8,0.0,0.0,1
468,2026-04-22T14:24:04.317Z,S20260422_152334,SC01,AUTO,,29.7484,0.0625,start,0,1500,VIDE,0.0,0.0,0.0,0.0,0.0,0.0,0,0,0.0,0.0,0.0,0.0,0.0,0.0,2.0,1.0,0.05,0.8,0.0,0.0,1
469,2026-04-22T14:24:04.379Z,S20260422_152334,SC01,AUTO,,29.8106,0.0623,start,0,1500,VIDE,0.0,0.0,0.0,0.0,0.0,0.0,0,0,0.0,0.0,0.0,0.0,0.0,0.0,2.0,1.0,0.05,0.8,0.0,0.0,1
470,2026-04-22T14:24:04.450Z,S20260422_152334,SC01,AUTO,,29.8819,0.0713,start,0,1500,VIDE,0.0,0.0,0.0,0.0,0.0,0.0,0,0,0.0,0.0,0.0,0.0,0.0,0.0,2.0,1.0,0.05,0.8,0.0,0.0,1
471,2026-04-22T14:24:04.517Z,S20260422_152334,SC01,AUTO,,29.9487,0.0668,start,0,1500,VIDE,0.0,0.0,0.0,0.0,0.0,0.0,0,0,0.0,0.0,0.0,0.0,0.0,0.0,2.0,1.0,0.05,0.8,0.0,0.0,1
472,2026-04-22T14:24:04.567Z,S20260422_152334,SC01,AUTO,,29.9986,0.05,start,0,1500,VIDE,0.0,0.0,0.0,0.0,0.0,0.0,0,0,0.0,0.0,0.0,0.0,0.0,0.0,2.0,1.0,0.05,0.8,0.0,0.0,1
473,2026-04-22T14:24:04.631Z,S20260422_152334,SC01,AUTO,,30.0624,0.0637,start,0,1500,VIDE,0.0,0.0,0.0,0.0,0.0,0.0,0,0,0.0,0.0,0.0,0.0,0.0,0.0,2.0,1.0,0.05,0.8,0.0,0.0,1
474,2026-04-22T14:24:04.695Z,S20260422_152334,SC01,AUTO,,30.1265,0.0641,start,0,1500,VIDE,0.0,0.0,0.0,0.0,0.0,0.0,0,0,0.0,0.0,0.0,0.0,0.0,0.0,2.0,1.0,0.05,0.8,0.0,0.0,1
475,2026-04-22T14:24:04.759Z,S20260422_152334,SC01,AUTO,,30.1907,0.0642,start,0,1500,VIDE,0.0,0.0,0.0,0.0,0.0,0.0,0,0,0.0,0.0,0.0,0.0,0.0,0.0,2.0,1.0,0.05,0.8,0.0,0.0,1
476,2026-04-22T14:24:04.819Z,S20260422_152334,SC01,AUTO,,30.2506,0.0599,start,0,1500,VIDE,0.0,0.0,0.0,0.0,0.0,0.0,0,0,0.0,0.0,0.0,0.0,0.0,0.0,2.0,1.0,0.05,0.8,0.0,0.0,1
477,2026-04-22T14:24:04.881Z,S20260422_152334,SC01,AUTO,,30.3131,0.0626,start,0,1500,VIDE,0.0,0.0,0.0,0.0,0.0,0.0,0,0,0.0,0.0,0.0,0.0,0.0,0.0,2.0,1.0,0.05,0.8,0.0,0.0,1
478,2026-04-22T14:24:04.942Z,S20260422_152334,SC01,AUTO,,30.3732,0.0601,start,0,1500,VIDE,0.0,0.0,0.0,0.0,0.0,0.0,0,0,0.0,0.0,0.0,0.0,0.0,0.0,2.0,1.0,0.05,0.8,0.0,0.0,1
479,2026-04-22T14:24:05.015Z,S20260422_152334,SC01,AUTO,,30.4471,0.074,start,0,1500,VIDE,0.0,0.0,0.0,0.0,0.0,0.0,0,0,0.0,0.0,0.0,0.0,0.0,0.0,2.0,1.0,0.05,0.8,0.0,0.0,1
480,2026-04-22T14:24:05.077Z,S20260422_152334,SC01,AUTO,,30.5083,0.0612,start,0,1500,VIDE,0.0,0.0,0.0,0.0,0.0,0.0,0,0,0.0,0.0,0.0,0.0,0.0,0.0,2.0,1.0,0.05,0.8,0.0,0.0,1
481,2026-04-22T14:24:05.133Z,S20260422_152334,SC01,AUTO,,30.5652,0.0568,start,0,1500,VIDE,0.0,0.0,0.0,0.0,0.0,0.0,0,0,0.0,0.0,0.0,0.0,0.0,0.0,2.0,1.0,0.05,0.8,0.0,0.0,1
482,2026-04-22T14:24:05.191Z,S20260422_152334,SC01,AUTO,,30.623,0.0579,start,0,1500,VIDE,0.0,0.0,0.0,0.0,0.0,0.0,0,0,0.0,0.0,0.0,0.0,0.0,0.0,2.0,1.0,0.05,0.8,0.0,0.0,1
483,2026-04-22T14:24:05.255Z,S20260422_152334,SC01,AUTO,,30.6865,0.0635,start,0,1500,VIDE,0.0,0.0,0.0,0.0,0.0,0.0,0,0,0.0,0.0,0.0,0.0,0.0,0.0,2.0,1.0,0.05,0.8,0.0,0.0,1
484,2026-04-22T14:24:05.318Z,S20260422_152334,SC01,AUTO,,30.7494,0.0629,start,0,1500,VIDE,0.0,0.0,0.0,0.0,0.0,0.0,0,0,0.0,0.0,0.0,0.0,0.0,0.0,2.0,1.0,0.05,0.8,0.0,0.0,1
485,2026-04-22T14:24:05.380Z,S20260422_152334,SC01,AUTO,,30.8119,0.0625,start,0,1500,VIDE,0.0,0.0,0.0,0.0,0.0,0.0,0,0,0.0,0.0,0.0,0.0,0.0,0.0,2.0,1.0,0.05,0.8,0.0,0.0,1
486,2026-04-22T14:24:05.441Z,S20260422_152334,SC01,AUTO,,30.873,0.0611,start,0,1500,VIDE,0.0,0.0,0.0,0.0,0.0,0.0,0,0,0.0,0.0,0.0,0.0,0.0,0.0,2.0,1.0,0.05,0.8,0.0,0.0,1
487,2026-04-22T14:24:05.512Z,S20260422_152334,SC01,AUTO,,30.9433,0.0703,start,0,1500,VIDE,0.0,0.0,0.0,0.0,0.0,0.0,0,0,0.0,0.0,0.0,0.0,0.0,0.0,2.0,1.0,0.05,0.8,0.0,0.0,1
488,2026-04-22T14:24:05.575Z,S20260422_152334,SC01,AUTO,,31.0066,0.0633,start,0,1500,VIDE,0.0,0.0,0.0,0.0,0.0,0.0,0,0,0.0,0.0,0.0,0.0,0.0,0.0,2.0,1.0,0.05,0.8,0.0,0.0,1
489,2026-04-22T14:24:05.629Z,S20260422_152334,SC01,AUTO,,31.0611,0.0545,start,0,1500,VIDE,0.0,0.0,0.0,0.0,0.0,0.0,0,0,0.0,0.0,0.0,0.0,0.0,0.0,2.0,1.0,0.05,0.8,0.0,0.0,1
490,2026-04-22T14:24:05.700Z,S20260422_152334,SC01,AUTO,,31.1315,0.0704,start,0,1500,VIDE,0.0,0.0,0.0,0.0,0.0,0.0,0,0,0.0,0.0,0.0,0.0,0.0,0.0,2.0,1.0,0.05,0.8,0.0,0.0,1
491,2026-04-22T14:24:05.761Z,S20260422_152334,SC01,AUTO,,31.1922,0.0607,start,0,1500,VIDE,0.0,0.0,0.0,0.0,0.0,0.0,0,0,0.0,0.0,0.0,0.0,0.0,0.0,2.0,1.0,0.05,0.8,0.0,0.0,1
492,2026-04-22T14:24:05.820Z,S20260422_152334,SC01,AUTO,,31.2515,0.0594,start,0,1500,VIDE,0.0,0.0,0.0,0.0,0.0,0.0,0,0,0.0,0.0,0.0,0.0,0.0,0.0,2.0,1.0,0.05,0.8,0.0,0.0,1
493,2026-04-22T14:24:05.881Z,S20260422_152334,SC01,AUTO,,31.3124,0.0608,start,0,1500,VIDE,0.0,0.0,0.0,0.0,0.0,0.0,0,0,0.0,0.0,0.0,0.0,0.0,0.0,2.0,1.0,0.05,0.8,0.0,0.0,1
494,2026-04-22T14:24:05.950Z,S20260422_152334,SC01,AUTO,,31.3819,0.0695,start,0,1500,VIDE,0.0,0.0,0.0,0.0,0.0,0.0,0,0,0.0,0.0,0.0,0.0,0.0,0.0,2.0,1.0,0.05,0.8,0.0,0.0,1
495,2026-04-22T14:24:06.005Z,S20260422_152334,SC01,AUTO,,31.4362,0.0544,start,0,1500,VIDE,0.0,0.0,0.0,0.0,0.0,0.0,0,0,0.0,0.0,0.0,0.0,0.0,0.0,2.0,1.0,0.05,0.8,0.0,0.0,1
496,2026-04-22T14:24:06.075Z,S20260422_152334,SC01,AUTO,,31.5066,0.0704,start,0,1500,VIDE,0.0,0.0,0.0,0.0,0.0,0.0,0,0,0.0,0.0,0.0,0.0,0.0,0.0,2.0,1.0,0.05,0.8,0.0,0.0,1
497,2026-04-22T14:24:06.134Z,S20260422_152334,SC01,AUTO,,31.5655,0.0589,start,0,1500,VIDE,0.0,0.0,0.0,0.0,0.0,0.0,0,0,0.0,0.0,0.0,0.0,0.0,0.0,2.0,1.0,0.05,0.8,0.0,0.0,1
498,2026-04-22T14:24:06.200Z,S20260422_152334,SC01,AUTO,,31.6317,0.0662,start,0,1500,VIDE,0.0,0.0,0.0,0.0,0.0,0.0,0,0,0.0,0.0,0.0,0.0,0.0,0.0,2.0,1.0,0.05,0.8,0.0,0.0,1
499,2026-04-22T14:24:06.262Z,S20260422_152334,SC01,AUTO,,31.6932,0.0615,start,0,1500,VIDE,0.0,0.0,0.0,0.0,0.0,0.0,0,0,0.0,0.0,0.0,0.0,0.0,0.0,2.0,1.0,0.05,0.8,0.0,0.0,1
500,2026-04-22T14:24:06.317Z,S20260422_152334,SC01,AUTO,,31.7487,0.0555,start,0,1500,VIDE,0.0,0.0,0.0,0.0,0.0,0.0,0,0,0.0,0.0,0.0,0.0,0.0,0.0,2.0,1.0,0.05,0.8,0.0,0.0,1
501,2026-04-22T14:24:06.380Z,S20260422_152334,SC01,AUTO,,31.8119,0.0633,start,0,1500,VIDE,0.0,0.0,0.0,0.0,0.0,0.0,0,0,0.0,0.0,0.0,0.0,0.0,0.0,2.0,1.0,0.05,0.8,0.0,0.0,1
502,2026-04-22T14:24:06.448Z,S20260422_152334,SC01,AUTO,,31.8801,0.0681,start,0,1500,VIDE,0.0,0.0,0.0,0.0,0.0,0.0,0,0,0.0,0.0,0.0,0.0,0.0,0.0,2.0,1.0,0.05,0.8,0.0,0.0,1
503,2026-04-22T14:24:06.512Z,S20260422_152334,SC01,AUTO,,31.9435,0.0635,start,0,1500,VIDE,0.0,0.0,0.0,0.0,0.0,0.0,0,0,0.0,0.0,0.0,0.0,0.0,0.0,2.0,1.0,0.05,0.8,0.0,0.0,1
504,2026-04-22T14:24:06.568Z,S20260422_152334,SC01,AUTO,,31.9995,0.056,start,0,1500,VIDE,0.0,0.0,0.0,0.0,0.0,0.0,0,0,0.0,0.0,0.0,0.0,0.0,0.0,2.0,1.0,0.05,0.8,0.0,0.0,1
505,2026-04-22T14:24:06.634Z,S20260422_152334,SC01,AUTO,,32.0652,0.0657,start,0,1500,VIDE,0.0,0.0,0.0,0.0,0.0,0.0,0,0,0.0,0.0,0.0,0.0,0.0,0.0,2.0,1.0,0.05,0.8,0.0,0.0,1
506,2026-04-22T14:24:06.699Z,S20260422_152334,SC01,AUTO,,32.1311,0.0659,start,0,1500,VIDE,0.0,0.0,0.0,0.0,0.0,0.0,0,0,0.0,0.0,0.0,0.0,0.0,0.0,2.0,1.0,0.05,0.8,0.0,0.0,1
507,2026-04-22T14:24:06.761Z,S20260422_152334,SC01,AUTO,,32.1924,0.0613,start,0,1500,VIDE,0.0,0.0,0.0,0.0,0.0,0.0,0,0,0.0,0.0,0.0,0.0,0.0,0.0,2.0,1.0,0.05,0.8,0.0,0.0,1
508,2026-04-22T14:24:06.817Z,S20260422_152334,SC01,AUTO,,32.249,0.0565,start,0,1500,VIDE,0.0,0.0,0.0,0.0,0.0,0.0,0,0,0.0,0.0,0.0,0.0,0.0,0.0,2.0,1.0,0.05,0.8,0.0,0.0,1
509,2026-04-22T14:24:06.880Z,S20260422_152334,SC01,AUTO,,32.3121,0.0631,start,0,1500,VIDE,0.0,0.0,0.0,0.0,0.0,0.0,0,0,0.0,0.0,0.0,0.0,0.0,0.0,2.0,1.0,0.05,0.8,0.0,0.0,1
510,2026-04-22T14:24:06.950Z,S20260422_152334,SC01,AUTO,,32.3818,0.0697,start,0,1500,VIDE,0.0,0.0,0.0,0.0,0.0,0.0,0,0,0.0,0.0,0.0,0.0,0.0,0.0,2.0,1.0,0.05,0.8,0.0,0.0,1
511,2026-04-22T14:24:07.005Z,S20260422_152334,SC01,AUTO,,32.4363,0.0545,start,0,1500,VIDE,0.0,0.0,0.0,0.0,0.0,0.0,0,0,0.0,0.0,0.0,0.0,0.0,0.0,2.0,1.0,0.05,0.8,0.0,0.0,1
512,2026-04-22T14:24:07.066Z,S20260422_152334,SC01,AUTO,,32.498,0.0617,start,0,1500,VIDE,0.0,0.0,0.0,0.0,0.0,0.0,0,0,0.0,0.0,0.0,0.0,0.0,0.0,2.0,1.0,0.05,0.8,0.0,0.0,1
513,2026-04-22T14:24:07.133Z,S20260422_152334,SC01,AUTO,,32.5651,0.067,start,0,1500,VIDE,0.0,0.0,0.0,0.0,0.0,0.0,0,0,0.0,0.0,0.0,0.0,0.0,0.0,2.0,1.0,0.05,0.8,0.0,0.0,1
514,2026-04-22T14:24:07.192Z,S20260422_152334,SC01,AUTO,,32.6241,0.059,start,0,1500,VIDE,0.0,0.0,0.0,0.0,0.0,0.0,0,0,0.0,0.0,0.0,0.0,0.0,0.0,2.0,1.0,0.05,0.8,0.0,0.0,1
515,2026-04-22T14:24:07.260Z,S20260422_152334,SC01,AUTO,,32.6921,0.0681,start,0,1500,VIDE,0.0,0.0,0.0,0.0,0.0,0.0,0,0,0.0,0.0,0.0,0.0,0.0,0.0,2.0,1.0,0.05,0.8,0.0,0.0,1
516,2026-04-22T14:24:07.320Z,S20260422_152334,SC01,AUTO,,32.752,0.0599,start,0,1500,VIDE,0.0,0.0,0.0,0.0,0.0,0.0,0,0,0.0,0.0,0.0,0.0,0.0,0.0,2.0,1.0,0.05,0.8,0.0,0.0,1
517,2026-04-22T14:24:07.379Z,S20260422_152334,SC01,AUTO,,32.811,0.059,start,0,1500,VIDE,0.0,0.0,0.0,0.0,0.0,0.0,0,0,0.0,0.0,0.0,0.0,0.0,0.0,2.0,1.0,0.05,0.8,0.0,0.0,1
518,2026-04-22T14:24:07.445Z,S20260422_152334,SC01,AUTO,,32.8767,0.0657,start,0,1500,VIDE,0.0,0.0,0.0,0.0,0.0,0.0,0,0,0.0,0.0,0.0,0.0,0.0,0.0,2.0,1.0,0.05,0.8,0.0,0.0,1
519,2026-04-22T14:24:07.513Z,S20260422_152334,SC01,AUTO,,32.9449,0.0681,start,0,1500,VIDE,0.0,0.0,0.0,0.0,0.0,0.0,0,0,0.0,0.0,0.0,0.0,0.0,0.0,2.0,1.0,0.05,0.8,0.0,0.0,1
520,2026-04-22T14:24:07.570Z,S20260422_152334,SC01,AUTO,,33.0014,0.0565,start,0,1500,VIDE,0.0,0.0,0.0,0.0,0.0,0.0,0,0,0.0,0.0,0.0,0.0,0.0,0.0,2.0,1.0,0.05,0.8,0.0,0.0,1
521,2026-04-22T14:24:07.635Z,S20260422_152334,SC01,AUTO,,33.0662,0.0649,start,0,1500,VIDE,0.0,0.0,0.0,0.0,0.0,0.0,0,0,0.0,0.0,0.0,0.0,0.0,0.0,2.0,1.0,0.05,0.8,0.0,0.0,1
522,2026-04-22T14:24:07.699Z,S20260422_152334,SC01,AUTO,,33.1307,0.0644,start,0,1500,VIDE,0.0,0.0,0.0,0.0,0.0,0.0,0,0,0.0,0.0,0.0,0.0,0.0,0.0,2.0,1.0,0.05,0.8,0.0,0.0,1
523,2026-04-22T14:24:07.761Z,S20260422_152334,SC01,AUTO,,33.1931,0.0624,start,0,1500,VIDE,0.0,0.0,0.0,0.0,0.0,0.0,0,0,0.0,0.0,0.0,0.0,0.0,0.0,2.0,1.0,0.05,0.8,0.0,0.0,1
524,2026-04-22T14:24:07.816Z,S20260422_152334,SC01,AUTO,,33.2477,0.0547,start,0,1500,VIDE,0.0,0.0,0.0,0.0,0.0,0.0,0,0,0.0,0.0,0.0,0.0,0.0,0.0,2.0,1.0,0.05,0.8,0.0,0.0,1
525,2026-04-22T14:24:07.881Z,S20260422_152334,SC01,AUTO,,33.3123,0.0646,start,0,1500,VIDE,0.0,0.0,0.0,0.0,0.0,0.0,0,0,0.0,0.0,0.0,0.0,0.0,0.0,2.0,1.0,0.05,0.8,0.0,0.0,1
526,2026-04-22T14:24:07.946Z,S20260422_152334,SC01,AUTO,,33.3776,0.0653,start,0,1500,VIDE,0.0,0.0,0.0,0.0,0.0,0.0,0,0,0.0,0.0,0.0,0.0,0.0,0.0,2.0,1.0,0.05,0.8,0.0,0.0,1
527,2026-04-22T14:24:08.009Z,S20260422_152334,SC01,AUTO,,33.4403,0.0626,start,0,1500,VIDE,0.0,0.0,0.0,0.0,0.0,0.0,0,0,0.0,0.0,0.0,0.0,0.0,0.0,2.0,1.0,0.05,0.8,0.0,0.0,1
528,2026-04-22T14:24:08.067Z,S20260422_152334,SC01,AUTO,,33.4988,0.0585,start,0,1500,VIDE,0.0,0.0,0.0,0.0,0.0,0.0,0,0,0.0,0.0,0.0,0.0,0.0,0.0,2.0,1.0,0.05,0.8,0.0,0.0,1
529,2026-04-22T14:24:08.134Z,S20260422_152334,SC01,AUTO,,33.5652,0.0664,start,0,1500,VIDE,0.0,0.0,0.0,0.0,0.0,0.0,0,0,0.0,0.0,0.0,0.0,0.0,0.0,2.0,1.0,0.05,0.8,0.0,0.0,1
530,2026-04-22T14:24:08.197Z,S20260422_152334,SC01,AUTO,,33.6286,0.0634,start,0,1500,VIDE,0.0,0.0,0.0,0.0,0.0,0.0,0,0,0.0,0.0,0.0,0.0,0.0,0.0,2.0,1.0,0.05,0.8,0.0,0.0,1
531,2026-04-22T14:24:08.259Z,S20260422_152334,SC01,AUTO,,33.6909,0.0623,start,0,1500,VIDE,0.0,0.0,0.0,0.0,0.0,0.0,0,0,0.0,0.0,0.0,0.0,0.0,0.0,2.0,1.0,0.05,0.8,0.0,0.0,1
532,2026-04-22T14:24:08.317Z,S20260422_152334,SC01,AUTO,,33.7486,0.0576,start,0,1500,VIDE,0.0,0.0,0.0,0.0,0.0,0.0,0,0,0.0,0.0,0.0,0.0,0.0,0.0,2.0,1.0,0.05,0.8,0.0,0.0,1
533,2026-04-22T14:24:08.381Z,S20260422_152334,SC01,AUTO,,33.8126,0.0641,start,0,1500,VIDE,0.0,0.0,0.0,0.0,0.0,0.0,0,0,0.0,0.0,0.0,0.0,0.0,0.0,2.0,1.0,0.05,0.8,0.0,0.0,1
534,2026-04-22T14:24:08.446Z,S20260422_152334,SC01,AUTO,,33.8781,0.0654,start,0,1500,VIDE,0.0,0.0,0.0,0.0,0.0,0.0,0,0,0.0,0.0,0.0,0.0,0.0,0.0,2.0,1.0,0.05,0.8,0.0,0.0,1
535,2026-04-22T14:24:08.509Z,S20260422_152334,SC01,AUTO,,33.9403,0.0623,start,0,1500,VIDE,0.0,0.0,0.0,0.0,0.0,0.0,0,0,0.0,0.0,0.0,0.0,0.0,0.0,2.0,1.0,0.05,0.8,0.0,0.0,1
536,2026-04-22T14:24:08.570Z,S20260422_152334,SC01,AUTO,,34.0014,0.061,start,0,1500,VIDE,0.0,0.0,0.0,0.0,0.0,0.0,0,0,0.0,0.0,0.0,0.0,0.0,0.0,2.0,1.0,0.05,0.8,0.0,0.0,1
537,2026-04-22T14:24:08.631Z,S20260422_152334,SC01,AUTO,,34.0624,0.0611,start,0,1500,VIDE,0.0,0.0,0.0,0.0,0.0,0.0,0,0,0.0,0.0,0.0,0.0,0.0,0.0,2.0,1.0,0.05,0.8,0.0,0.0,1
538,2026-04-22T14:24:08.695Z,S20260422_152334,SC01,AUTO,,34.1264,0.0639,start,0,1500,VIDE,0.0,0.0,0.0,0.0,0.0,0.0,0,0,0.0,0.0,0.0,0.0,0.0,0.0,2.0,1.0,0.05,0.8,0.0,0.0,1
539,2026-04-22T14:24:08.756Z,S20260422_152334,SC01,AUTO,,34.1879,0.0615,start,0,1500,VIDE,0.0,0.0,0.0,0.0,0.0,0.0,0,0,0.0,0.0,0.0,0.0,0.0,0.0,2.0,1.0,0.05,0.8,0.0,0.0,1
540,2026-04-22T14:24:08.818Z,S20260422_152334,SC01,AUTO,,34.25,0.062,start,0,1500,VIDE,0.0,0.0,0.0,0.0,0.0,0.0,0,0,0.0,0.0,0.0,0.0,0.0,0.0,2.0,1.0,0.05,0.8,0.0,0.0,1
541,2026-04-22T14:24:08.880Z,S20260422_152334,SC01,AUTO,,34.3119,0.0621,start,0,1500,VIDE,0.0,0.0,0.0,0.0,0.0,0.0,0,0,0.0,0.0,0.0,0.0,0.0,0.0,2.0,1.0,0.05,0.8,0.0,0.0,1
542,2026-04-22T14:24:08.943Z,S20260422_152334,SC01,AUTO,,34.375,0.0631,start,0,1500,VIDE,0.0,0.0,0.0,0.0,0.0,0.0,0,0,0.0,0.0,0.0,0.0,0.0,0.0,2.0,1.0,0.05,0.8,0.0,0.0,1
543,2026-04-22T14:24:09.006Z,S20260422_152334,SC01,AUTO,,34.4374,0.0624,start,0,1500,VIDE,0.0,0.0,0.0,0.0,0.0,0.0,0,0,0.0,0.0,0.0,0.0,0.0,0.0,2.0,1.0,0.05,0.8,0.0,0.0,1
544,2026-04-22T14:24:09.068Z,S20260422_152334,SC01,AUTO,,34.4992,0.0617,start,0,1500,VIDE,0.0,0.0,0.0,0.0,0.0,0.0,0,0,0.0,0.0,0.0,0.0,0.0,0.0,2.0,1.0,0.05,0.8,0.0,0.0,1
545,2026-04-22T14:24:09.130Z,S20260422_152334,SC01,AUTO,,34.5613,0.062,start,0,1500,VIDE,0.0,0.0,0.0,0.0,0.0,0.0,0,0,0.0,0.0,0.0,0.0,0.0,0.0,2.0,1.0,0.05,0.8,0.0,0.0,1
546,2026-04-22T14:24:09.193Z,S20260422_152334,SC01,AUTO,,34.625,0.0638,start,0,1500,VIDE,0.0,0.0,0.0,0.0,0.0,0.0,0,0,0.0,0.0,0.0,0.0,0.0,0.0,2.0,1.0,0.05,0.8,0.0,0.0,1
547,2026-04-22T14:24:09.256Z,S20260422_152334,SC01,AUTO,,34.6872,0.0622,start,0,1500,VIDE,0.0,0.0,0.0,0.0,0.0,0.0,0,0,0.0,0.0,0.0,0.0,0.0,0.0,2.0,1.0,0.05,0.8,0.0,0.0,1
548,2026-04-22T14:24:09.317Z,S20260422_152334,SC01,AUTO,,34.7484,0.0612,start,0,1500,VIDE,0.0,0.0,0.0,0.0,0.0,0.0,0,0,0.0,0.0,0.0,0.0,0.0,0.0,2.0,1.0,0.05,0.8,0.0,0.0,1
549,2026-04-22T14:24:09.379Z,S20260422_152334,SC01,AUTO,,34.8103,0.0619,start,0,1500,VIDE,0.0,0.0,0.0,0.0,0.0,0.0,0,0,0.0,0.0,0.0,0.0,0.0,0.0,2.0,1.0,0.05,0.8,0.0,0.0,1
550,2026-04-22T14:24:09.451Z,S20260422_152334,SC01,AUTO,,34.8822,0.0718,start,0,1500,VIDE,0.0,0.0,0.0,0.0,0.0,0.0,0,0,0.0,0.0,0.0,0.0,0.0,0.0,2.0,1.0,0.05,0.8,0.0,0.0,1
551,2026-04-22T14:24:09.516Z,S20260422_152334,SC01,AUTO,,34.9474,0.0652,start,0,1500,VIDE,0.0,0.0,0.0,0.0,0.0,0.0,0,0,0.0,0.0,0.0,0.0,0.0,0.0,2.0,1.0,0.05,0.8,0.0,0.0,1
552,2026-04-22T14:24:09.567Z,S20260422_152334,SC01,AUTO,,34.9991,0.0517,start,0,1500,VIDE,0.0,0.0,0.0,0.0,0.0,0.0,0,0,0.0,0.0,0.0,0.0,0.0,0.0,2.0,1.0,0.05,0.8,0.0,0.0,1
553,2026-04-22T14:24:09.632Z,S20260422_152334,SC01,AUTO,,35.0635,0.0644,start,0,1500,VIDE,0.0,0.0,0.0,0.0,0.0,0.0,0,0,0.0,0.0,0.0,0.0,0.0,0.0,2.0,1.0,0.05,0.8,0.0,0.0,1
554,2026-04-22T14:24:09.701Z,S20260422_152334,SC01,AUTO,,35.1322,0.0687,start,0,1500,VIDE,0.0,0.0,0.0,0.0,0.0,0.0,0,0,0.0,0.0,0.0,0.0,0.0,0.0,2.0,1.0,0.05,0.8,0.0,0.0,1
555,2026-04-22T14:24:09.761Z,S20260422_152334,SC01,AUTO,,35.193,0.0608,start,0,1500,VIDE,0.0,0.0,0.0,0.0,0.0,0.0,0,0,0.0,0.0,0.0,0.0,0.0,0.0,2.0,1.0,0.05,0.8,0.0,0.0,1
556,2026-04-22T14:24:09.821Z,S20260422_152334,SC01,AUTO,,35.2524,0.0594,start,0,1500,VIDE,0.0,0.0,0.0,0.0,0.0,0.0,0,0,0.0,0.0,0.0,0.0,0.0,0.0,2.0,1.0,0.05,0.8,0.0,0.0,1
557,2026-04-22T14:24:09.881Z,S20260422_152334,SC01,AUTO,,35.3126,0.0602,start,0,1500,VIDE,0.0,0.0,0.0,0.0,0.0,0.0,0,0,0.0,0.0,0.0,0.0,0.0,0.0,2.0,1.0,0.05,0.8,0.0,0.0,1
558,2026-04-22T14:24:09.953Z,S20260422_152334,SC01,AUTO,,35.3847,0.0722,start,0,1500,VIDE,0.0,0.0,0.0,0.0,0.0,0.0,0,0,0.0,0.0,0.0,0.0,0.0,0.0,2.0,1.0,0.05,0.8,0.0,0.0,1
559,2026-04-22T14:24:10.009Z,S20260422_152334,SC01,AUTO,,35.4402,0.0555,start,0,1500,VIDE,0.0,0.0,0.0,0.0,0.0,0.0,0,0,0.0,0.0,0.0,0.0,0.0,0.0,2.0,1.0,0.05,0.8,0.0,0.0,1
560,2026-04-22T14:24:10.067Z,S20260422_152334,SC01,AUTO,,35.4986,0.0584,start,0,1500,VIDE,0.0,0.0,0.0,0.0,0.0,0.0,0,0,0.0,0.0,0.0,0.0,0.0,0.0,2.0,1.0,0.05,0.8,0.0,0.0,1
561,2026-04-22T14:24:10.129Z,S20260422_152334,SC01,AUTO,,35.5607,0.0621,start,0,1500,VIDE,0.0,0.0,0.0,0.0,0.0,0.0,0,0,0.0,0.0,0.0,0.0,0.0,0.0,2.0,1.0,0.05,0.8,0.0,0.0,1
562,2026-04-22T14:24:10.200Z,S20260422_152334,SC01,AUTO,,35.6316,0.0708,start,0,1500,VIDE,0.0,0.0,0.0,0.0,0.0,0.0,0,0,0.0,0.0,0.0,0.0,0.0,0.0,2.0,1.0,0.05,0.8,0.0,0.0,1
563,2026-04-22T14:24:10.261Z,S20260422_152334,SC01,AUTO,,35.6927,0.0611,start,0,1500,VIDE,0.0,0.0,0.0,0.0,0.0,0.0,0,0,0.0,0.0,0.0,0.0,0.0,0.0,2.0,1.0,0.05,0.8,0.0,0.0,1
564,2026-04-22T14:24:10.317Z,S20260422_152334,SC01,AUTO,,35.7487,0.056,start,0,1500,VIDE,0.0,0.0,0.0,0.0,0.0,0.0,0,0,0.0,0.0,0.0,0.0,0.0,0.0,2.0,1.0,0.05,0.8,0.0,0.0,1
565,2026-04-22T14:24:10.380Z,S20260422_152334,SC01,AUTO,,35.8118,0.0631,start,0,1500,VIDE,0.0,0.0,0.0,0.0,0.0,0.0,0,0,0.0,0.0,0.0,0.0,0.0,0.0,2.0,1.0,0.05,0.8,0.0,0.0,1
566,2026-04-22T14:24:10.447Z,S20260422_152334,SC01,AUTO,,35.8788,0.067,start,0,1500,VIDE,0.0,0.0,0.0,0.0,0.0,0.0,0,0,0.0,0.0,0.0,0.0,0.0,0.0,2.0,1.0,0.05,0.8,0.0,0.0,1
567,2026-04-22T14:24:10.508Z,S20260422_152334,SC01,AUTO,,35.9393,0.0605,start,0,1500,VIDE,0.0,0.0,0.0,0.0,0.0,0.0,0,0,0.0,0.0,0.0,0.0,0.0,0.0,2.0,1.0,0.05,0.8,0.0,0.0,1
568,2026-04-22T14:24:12.887Z,S20260422_152334,SC01,AUTO,,38.3184,2.3791,start,0,1500,VIDE,0.0,0.0,0.0,0.0,0.0,0.0,0,0,0.0,0.0,0.0,0.0,0.0,0.0,2.0,1.0,0.05,0.8,0.0,0.0,1
569,2026-04-22T14:24:12.943Z,S20260422_152334,SC01,AUTO,,38.3744,0.0561,start,0,1500,VIDE,0.0,0.0,0.0,0.0,0.0,0.0,0,0,0.0,0.0,0.0,0.0,0.0,0.0,2.0,1.0,0.05,0.8,0.0,0.0,1
570,2026-04-22T14:24:13.015Z,S20260422_152334,SC01,AUTO,,38.4462,0.0718,start,0,1500,VIDE,0.0,0.0,0.0,0.0,0.0,0.0,0,0,0.0,0.0,0.0,0.0,0.0,0.0,2.0,1.0,0.05,0.8,0.0,0.0,1
571,2026-04-22T14:24:13.068Z,S20260422_152334,SC01,AUTO,,38.4993,0.0531,start,0,1500,VIDE,0.0,0.0,0.0,0.0,0.0,0.0,0,0,0.0,0.0,0.0,0.0,0.0,0.0,2.0,1.0,0.05,0.8,0.0,0.0,1
572,2026-04-22T14:24:13.134Z,S20260422_152334,SC01,AUTO,,38.5656,0.0663,start,0,1500,VIDE,0.0,0.0,0.0,0.0,0.0,0.0,0,0,0.0,0.0,0.0,0.0,0.0,0.0,2.0,1.0,0.05,0.8,0.0,0.0,1
573,2026-04-22T14:24:13.198Z,S20260422_152334,SC01,AUTO,,38.6301,0.0645,start,0,1500,VIDE,0.0,0.0,0.0,0.0,0.0,0.0,0,0,0.0,0.0,0.0,0.0,0.0,0.0,2.0,1.0,0.05,0.8,0.0,0.0,1
574,2026-04-22T14:24:13.254Z,S20260422_152334,SC01,AUTO,,38.6858,0.0557,start,0,1500,VIDE,0.0,0.0,0.0,0.0,0.0,0.0,0,0,0.0,0.0,0.0,0.0,0.0,0.0,2.0,1.0,0.05,0.8,0.0,0.0,1
575,2026-04-22T14:24:13.317Z,S20260422_152334,SC01,AUTO,,38.7492,0.0634,start,0,1500,VIDE,0.0,0.0,0.0,0.0,0.0,0.0,0,0,0.0,0.0,0.0,0.0,0.0,0.0,2.0,1.0,0.05,0.8,0.0,0.0,1
576,2026-04-22T14:24:13.381Z,S20260422_152334,SC01,AUTO,,38.8129,0.0637,start,0,1500,VIDE,0.0,0.0,0.0,0.0,0.0,0.0,0,0,0.0,0.0,0.0,0.0,0.0,0.0,2.0,1.0,0.05,0.8,0.0,0.0,1
577,2026-04-22T14:24:13.450Z,S20260422_152334,SC01,AUTO,,38.8816,0.0688,start,0,1500,VIDE,0.0,0.0,0.0,0.0,0.0,0.0,0,0,0.0,0.0,0.0,0.0,0.0,0.0,2.0,1.0,0.05,0.8,0.0,0.0,1
578,2026-04-22T14:24:13.506Z,S20260422_152334,SC01,AUTO,,38.9379,0.0563,start,0,1500,VIDE,0.0,0.0,0.0,0.0,0.0,0.0,0,0,0.0,0.0,0.0,0.0,0.0,0.0,2.0,1.0,0.05,0.8,0.0,0.0,1
579,2026-04-22T14:24:13.582Z,S20260422_152334,SC01,AUTO,,39.0135,0.0755,start,0,1500,VIDE,0.0,0.0,0.0,0.0,0.0,0.0,0,0,0.0,0.0,0.0,0.0,0.0,0.0,2.0,1.0,0.05,0.8,0.0,0.0,1
580,2026-04-22T14:24:13.633Z,S20260422_152334,SC01,AUTO,,39.0647,0.0512,start,0,1500,VIDE,0.0,0.0,0.0,0.0,0.0,0.0,0,0,0.0,0.0,0.0,0.0,0.0,0.0,2.0,1.0,0.05,0.8,0.0,0.0,1
581,2026-04-22T14:24:13.700Z,S20260422_152334,SC01,AUTO,,39.1316,0.0667,start,0,1500,VIDE,0.0,0.0,0.0,0.0,0.0,0.0,0,0,0.0,0.0,0.0,0.0,0.0,0.0,2.0,1.0,0.05,0.8,0.0,0.0,1
582,2026-04-22T14:24:13.762Z,S20260422_152334,SC01,AUTO,,39.1938,0.0623,start,0,1500,VIDE,0.0,0.0,0.0,0.0,0.0,0.0,0,0,0.0,0.0,0.0,0.0,0.0,0.0,2.0,1.0,0.05,0.8,0.0,0.0,1
583,2026-04-22T14:24:13.821Z,S20260422_152334,SC01,AUTO,,39.2529,0.0591,start,0,1500,VIDE,0.0,0.0,0.0,0.0,0.0,0.0,0,0,0.0,0.0,0.0,0.0,0.0,0.0,2.0,1.0,0.05,0.8,0.0,0.0,1
584,2026-04-22T14:24:13.881Z,S20260422_152334,SC01,AUTO,,39.3128,0.0599,start,0,1500,VIDE,0.0,0.0,0.0,0.0,0.0,0.0,0,0,0.0,0.0,0.0,0.0,0.0,0.0,2.0,1.0,0.05,0.8,0.0,0.0,1
585,2026-04-22T14:24:13.947Z,S20260422_152334,SC01,AUTO,,39.3782,0.0655,start,0,1500,VIDE,0.0,0.0,0.0,0.0,0.0,0.0,0,0,0.0,0.0,0.0,0.0,0.0,0.0,2.0,1.0,0.05,0.8,0.0,0.0,1
586,2026-04-22T14:24:14.012Z,S20260422_152334,SC01,AUTO,,39.4434,0.065,start,0,1500,VIDE,0.0,0.0,0.0,0.0,0.0,0.0,0,0,0.0,0.0,0.0,0.0,0.0,0.0,2.0,1.0,0.05,0.8,0.0,0.0,1
587,2026-04-22T14:24:14.073Z,S20260422_152334,SC01,AUTO,,39.505,0.0616,start,0,1500,VIDE,0.0,0.0,0.0,0.0,0.0,0.0,0,0,0.0,0.0,0.0,0.0,0.0,0.0,2.0,1.0,0.05,0.8,0.0,0.0,1
588,2026-04-22T14:24:14.133Z,S20260422_152334,SC01,AUTO,,39.5643,0.0594,start,0,1500,VIDE,0.0,0.0,0.0,0.0,0.0,0.0,0,0,0.0,0.0,0.0,0.0,0.0,0.0,2.0,1.0,0.05,0.8,0.0,0.0,1
589,2026-04-22T14:24:14.195Z,S20260422_152334,SC01,AUTO,,39.6272,0.0629,start,0,1500,VIDE,0.0,0.0,0.0,0.0,0.0,0.0,0,0,0.0,0.0,0.0,0.0,0.0,0.0,2.0,1.0,0.05,0.8,0.0,0.0,1
590,2026-04-22T14:24:14.255Z,S20260422_152334,SC01,AUTO,,39.6865,0.0594,start,0,1500,VIDE,0.0,0.0,0.0,0.0,0.0,0.0,0,0,0.0,0.0,0.0,0.0,0.0,0.0,2.0,1.0,0.05,0.8,0.0,0.0,1
591,2026-04-22T14:24:14.319Z,S20260422_152334,SC01,AUTO,,39.7506,0.064,start,0,1500,VIDE,0.0,0.0,0.0,0.0,0.0,0.0,0,0,0.0,0.0,0.0,0.0,0.0,0.0,2.0,1.0,0.05,0.8,0.0,0.0,1
592,2026-04-22T14:24:14.381Z,S20260422_152334,SC01,AUTO,,39.8128,0.0622,start,0,1500,VIDE,0.0,0.0,0.0,0.0,0.0,0.0,0,0,0.0,0.0,0.0,0.0,0.0,0.0,2.0,1.0,0.05,0.8,0.0,0.0,1
593,2026-04-22T14:24:14.445Z,S20260422_152334,SC01,AUTO,,39.8763,0.0636,start,0,1500,VIDE,0.0,0.0,0.0,0.0,0.0,0.0,0,0,0.0,0.0,0.0,0.0,0.0,0.0,2.0,1.0,0.05,0.8,0.0,0.0,1
594,2026-04-22T14:24:14.507Z,S20260422_152334,SC01,AUTO,,39.9391,0.0627,start,0,1500,VIDE,0.0,0.0,0.0,0.0,0.0,0.0,0,0,0.0,0.0,0.0,0.0,0.0,0.0,2.0,1.0,0.05,0.8,0.0,0.0,1
595,2026-04-22T14:24:14.570Z,S20260422_152334,SC01,AUTO,,40.0014,0.0624,start,0,1500,VIDE,0.0,0.0,0.0,0.0,0.0,0.0,0,0,0.0,0.0,0.0,0.0,0.0,0.0,2.0,1.0,0.05,0.8,0.0,0.0,1
596,2026-04-22T14:24:14.632Z,S20260422_152334,SC01,AUTO,,40.0636,0.0621,start,0,1500,VIDE,0.0,0.0,0.0,0.0,0.0,0.0,0,0,0.0,0.0,0.0,0.0,0.0,0.0,2.0,1.0,0.05,0.8,0.0,0.0,1
597,2026-04-22T14:24:14.695Z,S20260422_152334,SC01,AUTO,,40.1264,0.0628,start,0,1500,VIDE,0.0,0.0,0.0,0.0,0.0,0.0,0,0,0.0,0.0,0.0,0.0,0.0,0.0,2.0,1.0,0.05,0.8,0.0,0.0,1
598,2026-04-22T14:24:14.755Z,S20260422_152334,SC01,AUTO,,40.1871,0.0608,start,0,1500,VIDE,0.0,0.0,0.0,0.0,0.0,0.0,0,0,0.0,0.0,0.0,0.0,0.0,0.0,2.0,1.0,0.05,0.8,0.0,0.0,1
599,2026-04-22T14:24:14.816Z,S20260422_152334,SC01,AUTO,,40.2479,0.0608,start,0,1500,VIDE,0.0,0.0,0.0,0.0,0.0,0.0,0,0,0.0,0.0,0.0,0.0,0.0,0.0,2.0,1.0,0.05,0.8,0.0,0.0,1
600,2026-04-22T14:24:14.880Z,S20260422_152334,SC01,AUTO,,40.3116,0.0637,start,0,1500,VIDE,0.0,0.0,0.0,0.0,0.0,0.0,0,0,0.0,0.0,0.0,0.0,0.0,0.0,2.0,1.0,0.05,0.8,0.0,0.0,1
601,2026-04-22T14:24:14.943Z,S20260422_152334,SC01,AUTO,,40.3742,0.0626,start,0,1500,VIDE,0.0,0.0,0.0,0.0,0.0,0.0,0,0,0.0,0.0,0.0,0.0,0.0,0.0,2.0,1.0,0.05,0.8,0.0,0.0,1
602,2026-04-22T14:24:15.005Z,S20260422_152334,SC01,AUTO,,40.4364,0.0622,start,0,1500,VIDE,0.0,0.0,0.0,0.0,0.0,0.0,0,0,0.0,0.0,0.0,0.0,0.0,0.0,2.0,1.0,0.05,0.8,0.0,0.0,1
603,2026-04-22T14:24:15.066Z,S20260422_152334,SC01,AUTO,,40.4981,0.0617,start,0,1500,VIDE,0.0,0.0,0.0,0.0,0.0,0.0,0,0,0.0,0.0,0.0,0.0,0.0,0.0,2.0,1.0,0.05,0.8,0.0,0.0,1
604,2026-04-22T14:24:15.129Z,S20260422_152334,SC01,AUTO,,40.5607,0.0626,start,0,1500,VIDE,0.0,0.0,0.0,0.0,0.0,0.0,0,0,0.0,0.0,0.0,0.0,0.0,0.0,2.0,1.0,0.05,0.8,0.0,0.0,1
605,2026-04-22T14:24:15.193Z,S20260422_152334,SC01,AUTO,,40.6244,0.0637,start,0,1500,VIDE,0.0,0.0,0.0,0.0,0.0,0.0,0,0,0.0,0.0,0.0,0.0,0.0,0.0,2.0,1.0,0.05,0.8,0.0,0.0,1
606,2026-04-22T14:24:15.254Z,S20260422_152334,SC01,AUTO,,40.6853,0.061,start,0,1500,VIDE,0.0,0.0,0.0,0.0,0.0,0.0,0,0,0.0,0.0,0.0,0.0,0.0,0.0,2.0,1.0,0.05,0.8,0.0,0.0,1
607,2026-04-22T14:24:15.318Z,S20260422_152334,SC01,AUTO,,40.7495,0.0642,start,0,1500,VIDE,0.0,0.0,0.0,0.0,0.0,0.0,0,0,0.0,0.0,0.0,0.0,0.0,0.0,2.0,1.0,0.05,0.8,0.0,0.0,1
608,2026-04-22T14:24:15.380Z,S20260422_152334,SC01,AUTO,,40.8113,0.0618,start,0,1500,VIDE,0.0,0.0,0.0,0.0,0.0,0.0,0,0,0.0,0.0,0.0,0.0,0.0,0.0,2.0,1.0,0.05,0.8,0.0,0.0,1
609,2026-04-22T14:24:15.442Z,S20260422_152334,SC01,AUTO,,40.8736,0.0623,start,0,1500,VIDE,0.0,0.0,0.0,0.0,0.0,0.0,0,0,0.0,0.0,0.0,0.0,0.0,0.0,2.0,1.0,0.05,0.8,0.0,0.0,1
610,2026-04-22T14:24:15.505Z,S20260422_152334,SC01,AUTO,,40.9365,0.0628,start,0,1500,VIDE,0.0,0.0,0.0,0.0,0.0,0.0,0,0,0.0,0.0,0.0,0.0,0.0,0.0,2.0,1.0,0.05,0.8,0.0,0.0,1
611,2026-04-22T14:24:15.617Z,S20260422_152334,SC01,AUTO,,41.0489,0.1124,start,0,1500,VIDE,0.0,0.0,0.0,0.0,0.0,0.0,0,0,0.0,0.0,0.0,0.0,0.0,0.0,2.0,1.0,0.05,0.8,0.0,0.0,1
612,2026-04-22T14:24:15.629Z,S20260422_152334,SC01,AUTO,,41.0606,0.0117,start,0,1500,VIDE,0.0,0.0,0.0,0.0,0.0,0.0,0,0,0.0,0.0,0.0,0.0,0.0,0.0,2.0,1.0,0.05,0.8,0.0,0.0,1
613,2026-04-22T14:24:15.700Z,S20260422_152334,SC01,AUTO,,41.1313,0.0707,start,0,1500,VIDE,0.0,0.0,0.0,0.0,0.0,0.0,0,0,0.0,0.0,0.0,0.0,0.0,0.0,2.0,1.0,0.05,0.8,0.0,0.0,1
614,2026-04-22T14:24:15.761Z,S20260422_152334,SC01,AUTO,,41.1923,0.061,start,0,1500,VIDE,0.0,0.0,0.0,0.0,0.0,0.0,0,0,0.0,0.0,0.0,0.0,0.0,0.0,2.0,1.0,0.05,0.8,0.0,0.0,1
615,2026-04-22T14:24:15.816Z,S20260422_152334,SC01,AUTO,,41.2481,0.0558,start,0,1500,VIDE,0.0,0.0,0.0,0.0,0.0,0.0,0,0,0.0,0.0,0.0,0.0,0.0,0.0,2.0,1.0,0.05,0.8,0.0,0.0,1
616,2026-04-22T14:24:15.881Z,S20260422_152334,SC01,AUTO,,41.3124,0.0643,start,0,1500,VIDE,0.0,0.0,0.0,0.0,0.0,0.0,0,0,0.0,0.0,0.0,0.0,0.0,0.0,2.0,1.0,0.05,0.8,0.0,0.0,1
617,2026-04-22T14:24:15.951Z,S20260422_152334,SC01,AUTO,,41.3825,0.0701,start,0,1500,VIDE,0.0,0.0,0.0,0.0,0.0,0.0,0,0,0.0,0.0,0.0,0.0,0.0,0.0,2.0,1.0,0.05,0.8,0.0,0.0,1
618,2026-04-22T14:24:16.007Z,S20260422_152334,SC01,AUTO,,41.4391,0.0566,start,0,1500,VIDE,0.0,0.0,0.0,0.0,0.0,0.0,0,0,0.0,0.0,0.0,0.0,0.0,0.0,2.0,1.0,0.05,0.8,0.0,0.0,1
619,2026-04-22T14:24:16.075Z,S20260422_152334,SC01,AUTO,,41.5063,0.0672,start,0,1500,VIDE,0.0,0.0,0.0,0.0,0.0,0.0,0,0,0.0,0.0,0.0,0.0,0.0,0.0,2.0,1.0,0.05,0.8,0.0,0.0,1
620,2026-04-22T14:24:16.134Z,S20260422_152334,SC01,AUTO,,41.5655,0.0591,start,0,1500,VIDE,0.0,0.0,0.0,0.0,0.0,0.0,0,0,0.0,0.0,0.0,0.0,0.0,0.0,2.0,1.0,0.05,0.8,0.0,0.0,1
621,2026-04-22T14:24:16.200Z,S20260422_152334,SC01,AUTO,,41.6318,0.0663,start,0,1500,VIDE,0.0,0.0,0.0,0.0,0.0,0.0,0,0,0.0,0.0,0.0,0.0,0.0,0.0,2.0,1.0,0.05,0.8,0.0,0.0,1
622,2026-04-22T14:24:16.260Z,S20260422_152334,SC01,AUTO,,41.6921,0.0604,start,0,1500,VIDE,0.0,0.0,0.0,0.0,0.0,0.0,0,0,0.0,0.0,0.0,0.0,0.0,0.0,2.0,1.0,0.05,0.8,0.0,0.0,1
623,2026-04-22T14:24:16.317Z,S20260422_152334,SC01,AUTO,,41.7485,0.0564,start,0,1500,VIDE,0.0,0.0,0.0,0.0,0.0,0.0,0,0,0.0,0.0,0.0,0.0,0.0,0.0,2.0,1.0,0.05,0.8,0.0,0.0,1
624,2026-04-22T14:24:16.381Z,S20260422_152334,SC01,AUTO,,41.8125,0.064,start,0,1500,VIDE,0.0,0.0,0.0,0.0,0.0,0.0,0,0,0.0,0.0,0.0,0.0,0.0,0.0,2.0,1.0,0.05,0.8,0.0,0.0,1
625,2026-04-22T14:24:16.448Z,S20260422_152334,SC01,AUTO,,41.8793,0.0668,start,0,1500,VIDE,0.0,0.0,0.0,0.0,0.0,0.0,0,0,0.0,0.0,0.0,0.0,0.0,0.0,2.0,1.0,0.05,0.8,0.0,0.0,1
626,2026-04-22T14:24:16.513Z,S20260422_152334,SC01,AUTO,,41.9444,0.0651,start,0,1500,VIDE,0.0,0.0,0.0,0.0,0.0,0.0,0,0,0.0,0.0,0.0,0.0,0.0,0.0,2.0,1.0,0.05,0.8,0.0,0.0,1
627,2026-04-22T14:24:17.005Z,S20260422_152334,SC01,AUTO,,42.4365,0.4921,start,0,1500,VIDE,0.0,0.0,0.0,0.0,0.0,0.0,0,0,0.0,0.0,0.0,0.0,0.0,0.0,2.0,1.0,0.05,0.8,0.0,0.0,1
628,2026-04-22T14:24:17.067Z,S20260422_152334,SC01,AUTO,,42.4988,0.0623,start,0,1500,VIDE,0.0,0.0,0.0,0.0,0.0,0.0,0,0,0.0,0.0,0.0,0.0,0.0,0.0,2.0,1.0,0.05,0.8,0.0,0.0,1
629,2026-04-22T14:24:17.133Z,S20260422_152334,SC01,AUTO,,42.5647,0.0658,start,0,1500,VIDE,0.0,0.0,0.0,0.0,0.0,0.0,0,0,0.0,0.0,0.0,0.0,0.0,0.0,2.0,1.0,0.05,0.8,0.0,0.0,1
630,2026-04-22T14:24:17.198Z,S20260422_152334,SC01,AUTO,,42.6296,0.0649,start,0,1500,VIDE,0.0,0.0,0.0,0.0,0.0,0.0,0,0,0.0,0.0,0.0,0.0,0.0,0.0,2.0,1.0,0.05,0.8,0.0,0.0,1
631,2026-04-22T14:24:17.260Z,S20260422_152334,SC01,AUTO,,42.6916,0.062,start,0,1500,VIDE,0.0,0.0,0.0,0.0,0.0,0.0,0,0,0.0,0.0,0.0,0.0,0.0,0.0,2.0,1.0,0.05,0.8,0.0,0.0,1
632,2026-04-22T14:24:17.321Z,S20260422_152334,SC01,AUTO,,42.7522,0.0606,start,0,1500,VIDE,0.0,0.0,0.0,0.0,0.0,0.0,0,0,0.0,0.0,0.0,0.0,0.0,0.0,2.0,1.0,0.05,0.8,0.0,0.0,1
633,2026-04-22T14:24:17.380Z,S20260422_152334,SC01,AUTO,,42.8118,0.0596,start,0,1500,VIDE,0.0,0.0,0.0,0.0,0.0,0.0,0,0,0.0,0.0,0.0,0.0,0.0,0.0,2.0,1.0,0.05,0.8,0.0,0.0,1
634,2026-04-22T14:24:17.448Z,S20260422_152334,SC01,AUTO,,42.8793,0.0675,start,0,1500,VIDE,0.0,0.0,0.0,0.0,0.0,0.0,0,0,0.0,0.0,0.0,0.0,0.0,0.0,2.0,1.0,0.05,0.8,0.0,0.0,1
635,2026-04-22T14:24:17.511Z,S20260422_152334,SC01,AUTO,,42.9423,0.0631,start,0,1500,VIDE,0.0,0.0,0.0,0.0,0.0,0.0,0,0,0.0,0.0,0.0,0.0,0.0,0.0,2.0,1.0,0.05,0.8,0.0,0.0,1
636,2026-04-22T14:24:17.576Z,S20260422_152334,SC01,AUTO,,43.0075,0.0652,start,0,1500,VIDE,0.0,0.0,0.0,0.0,0.0,0.0,0,0,0.0,0.0,0.0,0.0,0.0,0.0,2.0,1.0,0.05,0.8,0.0,0.0,1
637,2026-04-22T14:24:17.638Z,S20260422_152334,SC01,AUTO,,43.0693,0.0617,start,0,1500,VIDE,0.0,0.0,0.0,0.0,0.0,0.0,0,0,0.0,0.0,0.0,0.0,0.0,0.0,2.0,1.0,0.05,0.8,0.0,0.0,1
638,2026-04-22T14:24:17.699Z,S20260422_152334,SC01,AUTO,,43.131,0.0617,start,0,1500,VIDE,0.0,0.0,0.0,0.0,0.0,0.0,0,0,0.0,0.0,0.0,0.0,0.0,0.0,2.0,1.0,0.05,0.8,0.0,0.0,1
639,2026-04-22T14:24:17.761Z,S20260422_152334,SC01,AUTO,,43.1922,0.0613,start,0,1500,VIDE,0.0,0.0,0.0,0.0,0.0,0.0,0,0,0.0,0.0,0.0,0.0,0.0,0.0,2.0,1.0,0.05,0.8,0.0,0.0,1
640,2026-04-22T14:24:17.819Z,S20260422_152334,SC01,AUTO,,43.2508,0.0586,start,0,1500,VIDE,0.0,0.0,0.0,0.0,0.0,0.0,0,0,0.0,0.0,0.0,0.0,0.0,0.0,2.0,1.0,0.05,0.8,0.0,0.0,1
641,2026-04-22T14:24:17.880Z,S20260422_152334,SC01,AUTO,,43.3117,0.0609,start,0,1500,VIDE,0.0,0.0,0.0,0.0,0.0,0.0,0,0,0.0,0.0,0.0,0.0,0.0,0.0,2.0,1.0,0.05,0.8,0.0,0.0,1
642,2026-04-22T14:24:17.949Z,S20260422_152334,SC01,AUTO,,43.3811,0.0694,start,0,1500,VIDE,0.0,0.0,0.0,0.0,0.0,0.0,0,0,0.0,0.0,0.0,0.0,0.0,0.0,2.0,1.0,0.05,0.8,0.0,0.0,1
643,2026-04-22T14:24:18.012Z,S20260422_152334,SC01,AUTO,,43.4438,0.0627,start,0,1500,VIDE,0.0,0.0,0.0,0.0,0.0,0.0,0,0,0.0,0.0,0.0,0.0,0.0,0.0,2.0,1.0,0.05,0.8,0.0,0.0,1
644,2026-04-22T14:24:18.075Z,S20260422_152334,SC01,AUTO,,43.5067,0.0629,start,0,1500,VIDE,0.0,0.0,0.0,0.0,0.0,0.0,0,0,0.0,0.0,0.0,0.0,0.0,0.0,2.0,1.0,0.05,0.8,0.0,0.0,1
645,2026-04-22T14:24:18.138Z,S20260422_152334,SC01,AUTO,,43.5694,0.0628,start,0,1500,VIDE,0.0,0.0,0.0,0.0,0.0,0.0,0,0,0.0,0.0,0.0,0.0,0.0,0.0,2.0,1.0,0.05,0.8,0.0,0.0,1
646,2026-04-22T14:24:18.201Z,S20260422_152334,SC01,AUTO,,43.6323,0.0628,start,0,1500,VIDE,0.0,0.0,0.0,0.0,0.0,0.0,0,0,0.0,0.0,0.0,0.0,0.0,0.0,2.0,1.0,0.05,0.8,0.0,0.0,1
647,2026-04-22T14:24:18.260Z,S20260422_152334,SC01,AUTO,,43.6918,0.0596,start,0,1500,VIDE,0.0,0.0,0.0,0.0,0.0,0.0,0,0,0.0,0.0,0.0,0.0,0.0,0.0,2.0,1.0,0.05,0.8,0.0,0.0,1
648,2026-04-22T14:24:18.320Z,S20260422_152334,SC01,AUTO,,43.7517,0.0599,start,0,1500,VIDE,0.0,0.0,0.0,0.0,0.0,0.0,0,0,0.0,0.0,0.0,0.0,0.0,0.0,2.0,1.0,0.05,0.8,0.0,0.0,1
649,2026-04-22T14:24:18.380Z,S20260422_152334,SC01,AUTO,,43.8118,0.0601,start,0,1500,VIDE,0.0,0.0,0.0,0.0,0.0,0.0,0,0,0.0,0.0,0.0,0.0,0.0,0.0,2.0,1.0,0.05,0.8,0.0,0.0,1
650,2026-04-22T14:24:18.449Z,S20260422_152334,SC01,AUTO,,43.8804,0.0686,start,0,1500,VIDE,0.0,0.0,0.0,0.0,0.0,0.0,0,0,0.0,0.0,0.0,0.0,0.0,0.0,2.0,1.0,0.05,0.8,0.0,0.0,1
651,2026-04-22T14:24:18.513Z,S20260422_152334,SC01,AUTO,,43.9444,0.064,start,0,1500,VIDE,0.0,0.0,0.0,0.0,0.0,0.0,0,0,0.0,0.0,0.0,0.0,0.0,0.0,2.0,1.0,0.05,0.8,0.0,0.0,1
652,2026-04-22T14:24:18.576Z,S20260422_152334,SC01,AUTO,,44.0079,0.0635,start,0,1500,VIDE,0.0,0.0,0.0,0.0,0.0,0.0,0,0,0.0,0.0,0.0,0.0,0.0,0.0,2.0,1.0,0.05,0.8,0.0,0.0,1
653,2026-04-22T14:24:18.637Z,S20260422_152334,SC01,AUTO,,44.0688,0.061,start,0,1500,VIDE,0.0,0.0,0.0,0.0,0.0,0.0,0,0,0.0,0.0,0.0,0.0,0.0,0.0,2.0,1.0,0.05,0.8,0.0,0.0,1
654,2026-04-22T14:24:18.698Z,S20260422_152334,SC01,AUTO,,44.13,0.0611,start,0,1500,VIDE,0.0,0.0,0.0,0.0,0.0,0.0,0,0,0.0,0.0,0.0,0.0,0.0,0.0,2.0,1.0,0.05,0.8,0.0,0.0,1
655,2026-04-22T14:24:18.759Z,S20260422_152334,SC01,AUTO,,44.1907,0.0607,start,0,1500,VIDE,0.0,0.0,0.0,0.0,0.0,0.0,0,0,0.0,0.0,0.0,0.0,0.0,0.0,2.0,1.0,0.05,0.8,0.0,0.0,1
656,2026-04-22T14:24:18.821Z,S20260422_152334,SC01,AUTO,,44.2525,0.0619,start,0,1500,VIDE,0.0,0.0,0.0,0.0,0.0,0.0,0,0,0.0,0.0,0.0,0.0,0.0,0.0,2.0,1.0,0.05,0.8,0.0,0.0,1
657,2026-04-22T14:24:18.881Z,S20260422_152334,SC01,AUTO,,44.3127,0.0601,start,0,1500,VIDE,0.0,0.0,0.0,0.0,0.0,0.0,0,0,0.0,0.0,0.0,0.0,0.0,0.0,2.0,1.0,0.05,0.8,0.0,0.0,1
658,2026-04-22T14:24:18.945Z,S20260422_152334,SC01,AUTO,,44.3762,0.0635,start,0,1500,VIDE,0.0,0.0,0.0,0.0,0.0,0.0,0,0,0.0,0.0,0.0,0.0,0.0,0.0,2.0,1.0,0.05,0.8,0.0,0.0,1
659,2026-04-22T14:24:19.008Z,S20260422_152334,SC01,AUTO,,44.4399,0.0637,start,0,1500,VIDE,0.0,0.0,0.0,0.0,0.0,0.0,0,0,0.0,0.0,0.0,0.0,0.0,0.0,2.0,1.0,0.05,0.8,0.0,0.0,1
660,2026-04-22T14:24:19.070Z,S20260422_152334,SC01,AUTO,,44.5019,0.062,start,0,1500,VIDE,0.0,0.0,0.0,0.0,0.0,0.0,0,0,0.0,0.0,0.0,0.0,0.0,0.0,2.0,1.0,0.05,0.8,0.0,0.0,1
661,2026-04-22T14:24:19.131Z,S20260422_152334,SC01,AUTO,,44.5629,0.061,start,0,1500,VIDE,0.0,0.0,0.0,0.0,0.0,0.0,0,0,0.0,0.0,0.0,0.0,0.0,0.0,2.0,1.0,0.05,0.8,0.0,0.0,1
662,2026-04-22T14:24:19.194Z,S20260422_152334,SC01,AUTO,,44.6256,0.0626,start,0,1500,VIDE,0.0,0.0,0.0,0.0,0.0,0.0,0,0,0.0,0.0,0.0,0.0,0.0,0.0,2.0,1.0,0.05,0.8,0.0,0.0,1
663,2026-04-22T14:24:19.255Z,S20260422_152334,SC01,AUTO,,44.687,0.0615,start,0,1500,VIDE,0.0,0.0,0.0,0.0,0.0,0.0,0,0,0.0,0.0,0.0,0.0,0.0,0.0,2.0,1.0,0.05,0.8,0.0,0.0,1
664,2026-04-22T14:24:19.319Z,S20260422_152334,SC01,AUTO,,44.7502,0.0632,start,0,1500,VIDE,0.0,0.0,0.0,0.0,0.0,0.0,0,0,0.0,0.0,0.0,0.0,0.0,0.0,2.0,1.0,0.05,0.8,0.0,0.0,1
665,2026-04-22T14:24:19.381Z,S20260422_152334,SC01,AUTO,,44.8126,0.0624,start,0,1500,VIDE,0.0,0.0,0.0,0.0,0.0,0.0,0,0,0.0,0.0,0.0,0.0,0.0,0.0,2.0,1.0,0.05,0.8,0.0,0.0,1
666,2026-04-22T14:24:19.441Z,S20260422_152334,SC01,AUTO,,44.8727,0.0601,start,0,1500,VIDE,0.0,0.0,0.0,0.0,0.0,0.0,0,0,0.0,0.0,0.0,0.0,0.0,0.0,2.0,1.0,0.05,0.8,0.0,0.0,1
667,2026-04-22T14:24:19.505Z,S20260422_152334,SC01,AUTO,,44.9369,0.0642,start,0,1500,VIDE,0.0,0.0,0.0,0.0,0.0,0.0,0,0,0.0,0.0,0.0,0.0,0.0,0.0,2.0,1.0,0.05,0.8,0.0,0.0,1
668,2026-04-22T14:24:19.568Z,S20260422_152334,SC01,AUTO,,44.9996,0.0628,start,0,1500,VIDE,0.0,0.0,0.0,0.0,0.0,0.0,0,0,0.0,0.0,0.0,0.0,0.0,0.0,2.0,1.0,0.05,0.8,0.0,0.0,1
669,2026-04-22T14:24:19.629Z,S20260422_152334,SC01,AUTO,,45.0606,0.0609,start,0,1500,VIDE,0.0,0.0,0.0,0.0,0.0,0.0,0,0,0.0,0.0,0.0,0.0,0.0,0.0,2.0,1.0,0.05,0.8,0.0,0.0,1
670,2026-04-22T14:24:19.700Z,S20260422_152334,SC01,AUTO,,45.1317,0.0711,start,0,1500,VIDE,0.0,0.0,0.0,0.0,0.0,0.0,0,0,0.0,0.0,0.0,0.0,0.0,0.0,2.0,1.0,0.05,0.8,0.0,0.0,1
671,2026-04-22T14:24:19.761Z,S20260422_152334,SC01,AUTO,,45.1924,0.0607,start,0,1500,VIDE,0.0,0.0,0.0,0.0,0.0,0.0,0,0,0.0,0.0,0.0,0.0,0.0,0.0,2.0,1.0,0.05,0.8,0.0,0.0,1
672,2026-04-22T14:24:19.820Z,S20260422_152334,SC01,AUTO,,45.2518,0.0594,start,0,1500,VIDE,0.0,0.0,0.0,0.0,0.0,0.0,0,0,0.0,0.0,0.0,0.0,0.0,0.0,2.0,1.0,0.05,0.8,0.0,0.0,1
673,2026-04-22T14:24:19.880Z,S20260422_152334,SC01,AUTO,,45.312,0.0603,start,0,1500,VIDE,0.0,0.0,0.0,0.0,0.0,0.0,0,0,0.0,0.0,0.0,0.0,0.0,0.0,2.0,1.0,0.05,0.8,0.0,0.0,1
674,2026-04-22T14:24:19.954Z,S20260422_152334,SC01,AUTO,,45.3857,0.0737,start,0,1500,VIDE,0.0,0.0,0.0,0.0,0.0,0.0,0,0,0.0,0.0,0.0,0.0,0.0,0.0,2.0,1.0,0.05,0.8,0.0,0.0,1
675,2026-04-22T14:24:20.017Z,S20260422_152334,SC01,AUTO,,45.4485,0.0628,start,0,1500,VIDE,0.0,0.0,0.0,0.0,0.0,0.0,0,0,0.0,0.0,0.0,0.0,0.0,0.0,2.0,1.0,0.05,0.8,0.0,0.0,1
676,2026-04-22T14:24:20.080Z,S20260422_152334,SC01,AUTO,,45.5113,0.0628,start,0,1500,VIDE,0.0,0.0,0.0,0.0,0.0,0.0,0,0,0.0,0.0,0.0,0.0,0.0,0.0,2.0,1.0,0.05,0.8,0.0,0.0,1
677,2026-04-22T14:24:20.140Z,S20260422_152334,SC01,AUTO,,45.572,0.0607,start,0,1500,VIDE,0.0,0.0,0.0,0.0,0.0,0.0,0,0,0.0,0.0,0.0,0.0,0.0,0.0,2.0,1.0,0.05,0.8,0.0,0.0,1
678,2026-04-22T14:24:20.200Z,S20260422_152334,SC01,AUTO,,45.6319,0.0599,start,0,1500,VIDE,0.0,0.0,0.0,0.0,0.0,0.0,0,0,0.0,0.0,0.0,0.0,0.0,0.0,2.0,1.0,0.05,0.8,0.0,0.0,1
679,2026-04-22T14:24:20.261Z,S20260422_152334,SC01,AUTO,,45.6923,0.0603,start,0,1500,VIDE,0.0,0.0,0.0,0.0,0.0,0.0,0,0,0.0,0.0,0.0,0.0,0.0,0.0,2.0,1.0,0.05,0.8,0.0,0.0,1
680,2026-04-22T14:24:20.316Z,S20260422_152334,SC01,AUTO,,45.7479,0.0556,start,0,1500,VIDE,0.0,0.0,0.0,0.0,0.0,0.0,0,0,0.0,0.0,0.0,0.0,0.0,0.0,2.0,1.0,0.05,0.8,0.0,0.0,1
681,2026-04-22T14:24:20.380Z,S20260422_152334,SC01,AUTO,,45.8117,0.0638,start,0,1500,VIDE,0.0,0.0,0.0,0.0,0.0,0.0,0,0,0.0,0.0,0.0,0.0,0.0,0.0,2.0,1.0,0.05,0.8,0.0,0.0,1
682,2026-04-22T14:24:20.449Z,S20260422_152334,SC01,AUTO,,45.881,0.0693,start,0,1500,VIDE,0.0,0.0,0.0,0.0,0.0,0.0,0,0,0.0,0.0,0.0,0.0,0.0,0.0,2.0,1.0,0.05,0.8,0.0,0.0,1
683,2026-04-22T14:24:20.504Z,S20260422_152334,SC01,AUTO,,45.9354,0.0545,start,0,1500,VIDE,0.0,0.0,0.0,0.0,0.0,0.0,0,0,0.0,0.0,0.0,0.0,0.0,0.0,2.0,1.0,0.05,0.8,0.0,0.0,1
684,2026-04-22T14:24:20.582Z,S20260422_152334,SC01,AUTO,,46.0133,0.0778,start,0,1500,VIDE,0.0,0.0,0.0,0.0,0.0,0.0,0,0,0.0,0.0,0.0,0.0,0.0,0.0,2.0,1.0,0.05,0.8,0.0,0.0,1
685,2026-04-22T14:24:20.641Z,S20260422_152334,SC01,AUTO,,46.0723,0.059,start,0,1500,VIDE,0.0,0.0,0.0,0.0,0.0,0.0,0,0,0.0,0.0,0.0,0.0,0.0,0.0,2.0,1.0,0.05,0.8,0.0,0.0,1
686,2026-04-22T14:24:20.697Z,S20260422_152334,SC01,AUTO,,46.1287,0.0565,start,0,1500,VIDE,0.0,0.0,0.0,0.0,0.0,0.0,0,0,0.0,0.0,0.0,0.0,0.0,0.0,2.0,1.0,0.05,0.8,0.0,0.0,1
687,2026-04-22T14:24:20.760Z,S20260422_152334,SC01,AUTO,,46.192,0.0633,start,0,1500,VIDE,0.0,0.0,0.0,0.0,0.0,0.0,0,0,0.0,0.0,0.0,0.0,0.0,0.0,2.0,1.0,0.05,0.8,0.0,0.0,1
688,2026-04-22T14:24:20.817Z,S20260422_152334,SC01,AUTO,,46.2484,0.0564,start,0,1500,VIDE,0.0,0.0,0.0,0.0,0.0,0.0,0,0,0.0,0.0,0.0,0.0,0.0,0.0,2.0,1.0,0.05,0.8,0.0,0.0,1
689,2026-04-22T14:24:20.881Z,S20260422_152334,SC01,AUTO,,46.3124,0.064,start,0,1500,VIDE,0.0,0.0,0.0,0.0,0.0,0.0,0,0,0.0,0.0,0.0,0.0,0.0,0.0,2.0,1.0,0.05,0.8,0.0,0.0,1
690,2026-04-22T14:24:20.945Z,S20260422_152334,SC01,AUTO,,46.3763,0.0638,start,0,1500,VIDE,0.0,0.0,0.0,0.0,0.0,0.0,0,0,0.0,0.0,0.0,0.0,0.0,0.0,2.0,1.0,0.05,0.8,0.0,0.0,1
691,2026-04-22T14:24:21.013Z,S20260422_152334,SC01,AUTO,,46.4449,0.0686,start,0,1500,VIDE,0.0,0.0,0.0,0.0,0.0,0.0,0,0,0.0,0.0,0.0,0.0,0.0,0.0,2.0,1.0,0.05,0.8,0.0,0.0,1
692,2026-04-22T14:24:21.075Z,S20260422_152334,SC01,AUTO,,46.5068,0.0619,start,0,1500,VIDE,0.0,0.0,0.0,0.0,0.0,0.0,0,0,0.0,0.0,0.0,0.0,0.0,0.0,2.0,1.0,0.05,0.8,0.0,0.0,1
693,2026-04-22T14:24:21.137Z,S20260422_152334,SC01,AUTO,,46.569,0.0623,start,0,1500,VIDE,0.0,0.0,0.0,0.0,0.0,0.0,0,0,0.0,0.0,0.0,0.0,0.0,0.0,2.0,1.0,0.05,0.8,0.0,0.0,1
694,2026-04-22T14:24:21.193Z,S20260422_152334,SC01,AUTO,,46.6248,0.0557,start,0,1500,VIDE,0.0,0.0,0.0,0.0,0.0,0.0,0,0,0.0,0.0,0.0,0.0,0.0,0.0,2.0,1.0,0.05,0.8,0.0,0.0,1
695,2026-04-22T14:24:21.258Z,S20260422_152334,SC01,AUTO,,46.6897,0.0649,start,0,1500,VIDE,0.0,0.0,0.0,0.0,0.0,0.0,0,0,0.0,0.0,0.0,0.0,0.0,0.0,2.0,1.0,0.05,0.8,0.0,0.0,1
696,2026-04-22T14:24:21.321Z,S20260422_152334,SC01,AUTO,,46.7524,0.0628,start,0,1500,VIDE,0.0,0.0,0.0,0.0,0.0,0.0,0,0,0.0,0.0,0.0,0.0,0.0,0.0,2.0,1.0,0.05,0.8,0.0,0.0,1
697,2026-04-22T14:24:21.381Z,S20260422_152334,SC01,AUTO,,46.8122,0.0597,start,0,1500,VIDE,0.0,0.0,0.0,0.0,0.0,0.0,0,0,0.0,0.0,0.0,0.0,0.0,0.0,2.0,1.0,0.05,0.8,0.0,0.0,1
698,2026-04-22T14:24:21.441Z,S20260422_152334,SC01,AUTO,,46.8724,0.0602,start,0,1500,VIDE,0.0,0.0,0.0,0.0,0.0,0.0,0,0,0.0,0.0,0.0,0.0,0.0,0.0,2.0,1.0,0.05,0.8,0.0,0.0,1
699,2026-04-22T14:24:21.512Z,S20260422_152334,SC01,AUTO,,46.9435,0.0711,start,0,1500,VIDE,0.0,0.0,0.0,0.0,0.0,0.0,0,0,0.0,0.0,0.0,0.0,0.0,0.0,2.0,1.0,0.05,0.8,0.0,0.0,1
700,2026-04-22T14:24:21.569Z,S20260422_152334,SC01,AUTO,,47.0011,0.0576,start,0,1500,VIDE,0.0,0.0,0.0,0.0,0.0,0.0,0,0,0.0,0.0,0.0,0.0,0.0,0.0,2.0,1.0,0.05,0.8,0.0,0.0,1
701,2026-04-22T14:24:21.633Z,S20260422_152334,SC01,AUTO,,47.0642,0.0631,start,0,1500,VIDE,0.0,0.0,0.0,0.0,0.0,0.0,0,0,0.0,0.0,0.0,0.0,0.0,0.0,2.0,1.0,0.05,0.8,0.0,0.0,1
702,2026-04-22T14:24:21.697Z,S20260422_152334,SC01,AUTO,,47.129,0.0648,start,0,1500,VIDE,0.0,0.0,0.0,0.0,0.0,0.0,0,0,0.0,0.0,0.0,0.0,0.0,0.0,2.0,1.0,0.05,0.8,0.0,0.0,1
703,2026-04-22T14:24:21.760Z,S20260422_152334,SC01,AUTO,,47.1921,0.0631,start,0,1500,VIDE,0.0,0.0,0.0,0.0,0.0,0.0,0,0,0.0,0.0,0.0,0.0,0.0,0.0,2.0,1.0,0.05,0.8,0.0,0.0,1
704,2026-04-22T14:24:21.821Z,S20260422_152334,SC01,AUTO,,47.2522,0.0602,start,0,1500,VIDE,0.0,0.0,0.0,0.0,0.0,0.0,0,0,0.0,0.0,0.0,0.0,0.0,0.0,2.0,1.0,0.05,0.8,0.0,0.0,1
705,2026-04-22T14:24:21.880Z,S20260422_152334,SC01,AUTO,,47.3119,0.0596,start,0,1500,VIDE,0.0,0.0,0.0,0.0,0.0,0.0,0,0,0.0,0.0,0.0,0.0,0.0,0.0,2.0,1.0,0.05,0.8,0.0,0.0,1
706,2026-04-22T14:24:21.941Z,S20260422_152334,SC01,AUTO,,47.373,0.0612,start,0,1500,VIDE,0.0,0.0,0.0,0.0,0.0,0.0,0,0,0.0,0.0,0.0,0.0,0.0,0.0,2.0,1.0,0.05,0.8,0.0,0.0,1
707,2026-04-22T14:24:22.007Z,S20260422_152334,SC01,AUTO,,47.4388,0.0657,start,0,1500,VIDE,0.0,0.0,0.0,0.0,0.0,0.0,0,0,0.0,0.0,0.0,0.0,0.0,0.0,2.0,1.0,0.05,0.8,0.0,0.0,1
708,2026-04-22T14:24:22.070Z,S20260422_152334,SC01,AUTO,,47.5016,0.0628,start,0,1500,VIDE,0.0,0.0,0.0,0.0,0.0,0.0,0,0,0.0,0.0,0.0,0.0,0.0,0.0,2.0,1.0,0.05,0.8,0.0,0.0,1
709,2026-04-22T14:24:22.131Z,S20260422_152334,SC01,AUTO,,47.5627,0.0611,start,0,1500,VIDE,0.0,0.0,0.0,0.0,0.0,0.0,0,0,0.0,0.0,0.0,0.0,0.0,0.0,2.0,1.0,0.05,0.8,0.0,0.0,1
710,2026-04-22T14:24:22.193Z,S20260422_152334,SC01,AUTO,,47.6247,0.062,start,0,1500,VIDE,0.0,0.0,0.0,0.0,0.0,0.0,0,0,0.0,0.0,0.0,0.0,0.0,0.0,2.0,1.0,0.05,0.8,0.0,0.0,1
711,2026-04-22T14:24:22.257Z,S20260422_152334,SC01,AUTO,,47.6885,0.0637,start,0,1500,VIDE,0.0,0.0,0.0,0.0,0.0,0.0,0,0,0.0,0.0,0.0,0.0,0.0,0.0,2.0,1.0,0.05,0.8,0.0,0.0,1
712,2026-04-22T14:24:22.320Z,S20260422_152334,SC01,AUTO,,47.752,0.0636,start,0,1500,VIDE,0.0,0.0,0.0,0.0,0.0,0.0,0,0,0.0,0.0,0.0,0.0,0.0,0.0,2.0,1.0,0.05,0.8,0.0,0.0,1
713,2026-04-22T14:24:22.380Z,S20260422_152334,SC01,AUTO,,47.8117,0.0597,start,0,1500,VIDE,0.0,0.0,0.0,0.0,0.0,0.0,0,0,0.0,0.0,0.0,0.0,0.0,0.0,2.0,1.0,0.05,0.8,0.0,0.0,1
714,2026-04-22T14:24:22.442Z,S20260422_152334,SC01,AUTO,,47.8739,0.0621,start,0,1500,VIDE,0.0,0.0,0.0,0.0,0.0,0.0,0,0,0.0,0.0,0.0,0.0,0.0,0.0,2.0,1.0,0.05,0.8,0.0,0.0,1
715,2026-04-22T14:24:22.505Z,S20260422_152334,SC01,AUTO,,47.9364,0.0625,start,0,1500,VIDE,0.0,0.0,0.0,0.0,0.0,0.0,0,0,0.0,0.0,0.0,0.0,0.0,0.0,2.0,1.0,0.05,0.8,0.0,0.0,1
716,2026-04-22T14:24:22.569Z,S20260422_152334,SC01,AUTO,,48.0005,0.0641,start,0,1500,VIDE,0.0,0.0,0.0,0.0,0.0,0.0,0,0,0.0,0.0,0.0,0.0,0.0,0.0,2.0,1.0,0.05,0.8,0.0,0.0,1
717,2026-04-22T14:24:22.631Z,S20260422_152334,SC01,AUTO,,48.0632,0.0626,start,0,1500,VIDE,0.0,0.0,0.0,0.0,0.0,0.0,0,0,0.0,0.0,0.0,0.0,0.0,0.0,2.0,1.0,0.05,0.8,0.0,0.0,1
718,2026-04-22T14:24:22.694Z,S20260422_152334,SC01,AUTO,,48.1258,0.0627,start,0,1500,VIDE,0.0,0.0,0.0,0.0,0.0,0.0,0,0,0.0,0.0,0.0,0.0,0.0,0.0,2.0,1.0,0.05,0.8,0.0,0.0,1
719,2026-04-22T14:24:22.756Z,S20260422_152334,SC01,AUTO,,48.1881,0.0623,start,0,1500,VIDE,0.0,0.0,0.0,0.0,0.0,0.0,0,0,0.0,0.0,0.0,0.0,0.0,0.0,2.0,1.0,0.05,0.8,0.0,0.0,1
720,2026-04-22T14:24:22.817Z,S20260422_152334,SC01,AUTO,,48.2484,0.0603,start,0,1500,VIDE,0.0,0.0,0.0,0.0,0.0,0.0,0,0,0.0,0.0,0.0,0.0,0.0,0.0,2.0,1.0,0.05,0.8,0.0,0.0,1
721,2026-04-22T14:24:22.880Z,S20260422_152334,SC01,AUTO,,48.312,0.0636,start,0,1500,VIDE,0.0,0.0,0.0,0.0,0.0,0.0,0,0,0.0,0.0,0.0,0.0,0.0,0.0,2.0,1.0,0.05,0.8,0.0,0.0,1
722,2026-04-22T14:24:22.945Z,S20260422_152334,SC01,AUTO,,48.3765,0.0645,start,0,1500,VIDE,0.0,0.0,0.0,0.0,0.0,0.0,0,0,0.0,0.0,0.0,0.0,0.0,0.0,2.0,1.0,0.05,0.8,0.0,0.0,1
723,2026-04-22T14:24:23.006Z,S20260422_152334,SC01,AUTO,,48.4377,0.0612,start,0,1500,VIDE,0.0,0.0,0.0,0.0,0.0,0.0,0,0,0.0,0.0,0.0,0.0,0.0,0.0,2.0,1.0,0.05,0.8,0.0,0.0,1
724,2026-04-22T14:24:23.068Z,S20260422_152334,SC01,AUTO,,48.4996,0.0619,start,0,1500,VIDE,0.0,0.0,0.0,0.0,0.0,0.0,0,0,0.0,0.0,0.0,0.0,0.0,0.0,2.0,1.0,0.05,0.8,0.0,0.0,1
725,2026-04-22T14:24:23.130Z,S20260422_152334,SC01,AUTO,,48.5616,0.062,start,0,1500,VIDE,0.0,0.0,0.0,0.0,0.0,0.0,0,0,0.0,0.0,0.0,0.0,0.0,0.0,2.0,1.0,0.05,0.8,0.0,0.0,1
726,2026-04-22T14:24:23.192Z,S20260422_152334,SC01,AUTO,,48.6241,0.0625,start,0,1500,VIDE,0.0,0.0,0.0,0.0,0.0,0.0,0,0,0.0,0.0,0.0,0.0,0.0,0.0,2.0,1.0,0.05,0.8,0.0,0.0,1
727,2026-04-22T14:24:23.254Z,S20260422_152334,SC01,AUTO,,48.6858,0.0617,start,0,1500,VIDE,0.0,0.0,0.0,0.0,0.0,0.0,0,0,0.0,0.0,0.0,0.0,0.0,0.0,2.0,1.0,0.05,0.8,0.0,0.0,1
728,2026-04-22T14:24:23.320Z,S20260422_152334,SC01,AUTO,,48.7519,0.0662,start,0,1500,VIDE,0.0,0.0,0.0,0.0,0.0,0.0,0,0,0.0,0.0,0.0,0.0,0.0,0.0,2.0,1.0,0.05,0.8,0.0,0.0,1
729,2026-04-22T14:24:23.379Z,S20260422_152334,SC01,AUTO,,48.811,0.0591,start,0,1500,VIDE,0.0,0.0,0.0,0.0,0.0,0.0,0,0,0.0,0.0,0.0,0.0,0.0,0.0,2.0,1.0,0.05,0.8,0.0,0.0,1
730,2026-04-22T14:24:23.443Z,S20260422_152334,SC01,AUTO,,48.8751,0.0641,start,0,1500,VIDE,0.0,0.0,0.0,0.0,0.0,0.0,0,0,0.0,0.0,0.0,0.0,0.0,0.0,2.0,1.0,0.05,0.8,0.0,0.0,1
731,2026-04-22T14:24:23.505Z,S20260422_152334,SC01,AUTO,,48.9364,0.0614,start,0,1500,VIDE,0.0,0.0,0.0,0.0,0.0,0.0,0,0,0.0,0.0,0.0,0.0,0.0,0.0,2.0,1.0,0.05,0.8,0.0,0.0,1
732,2026-04-22T14:24:23.569Z,S20260422_152334,SC01,AUTO,,49.0007,0.0642,start,0,1500,VIDE,0.0,0.0,0.0,0.0,0.0,0.0,0,0,0.0,0.0,0.0,0.0,0.0,0.0,2.0,1.0,0.05,0.8,0.0,0.0,1
733,2026-04-22T14:24:23.631Z,S20260422_152334,SC01,AUTO,,49.0625,0.0618,start,0,1500,VIDE,0.0,0.0,0.0,0.0,0.0,0.0,0,0,0.0,0.0,0.0,0.0,0.0,0.0,2.0,1.0,0.05,0.8,0.0,0.0,1
734,2026-04-22T14:24:23.694Z,S20260422_152334,SC01,AUTO,,49.1256,0.0631,start,0,1500,VIDE,0.0,0.0,0.0,0.0,0.0,0.0,0,0,0.0,0.0,0.0,0.0,0.0,0.0,2.0,1.0,0.05,0.8,0.0,0.0,1
735,2026-04-22T14:24:23.756Z,S20260422_152334,SC01,AUTO,,49.188,0.0624,start,0,1500,VIDE,0.0,0.0,0.0,0.0,0.0,0.0,0,0,0.0,0.0,0.0,0.0,0.0,0.0,2.0,1.0,0.05,0.8,0.0,0.0,1
736,2026-04-22T14:24:23.819Z,S20260422_152334,SC01,AUTO,,49.251,0.063,start,0,1500,VIDE,0.0,0.0,0.0,0.0,0.0,0.0,0,0,0.0,0.0,0.0,0.0,0.0,0.0,2.0,1.0,0.05,0.8,0.0,0.0,1
737,2026-04-22T14:24:23.881Z,S20260422_152334,SC01,AUTO,,49.3131,0.0621,start,0,1500,VIDE,0.0,0.0,0.0,0.0,0.0,0.0,0,0,0.0,0.0,0.0,0.0,0.0,0.0,2.0,1.0,0.05,0.8,0.0,0.0,1
738,2026-04-22T14:24:23.944Z,S20260422_152334,SC01,AUTO,,49.3755,0.0624,start,0,1500,VIDE,0.0,0.0,0.0,0.0,0.0,0.0,0,0,0.0,0.0,0.0,0.0,0.0,0.0,2.0,1.0,0.05,0.8,0.0,0.0,1
739,2026-04-22T14:24:24.007Z,S20260422_152334,SC01,AUTO,,49.4383,0.0628,start,0,1500,VIDE,0.0,0.0,0.0,0.0,0.0,0.0,0,0,0.0,0.0,0.0,0.0,0.0,0.0,2.0,1.0,0.05,0.8,0.0,0.0,1
740,2026-04-22T14:24:24.070Z,S20260422_152334,SC01,AUTO,,49.5019,0.0637,start,0,1500,VIDE,0.0,0.0,0.0,0.0,0.0,0.0,0,0,0.0,0.0,0.0,0.0,0.0,0.0,2.0,1.0,0.05,0.8,0.0,0.0,1
741,2026-04-22T14:24:24.132Z,S20260422_152334,SC01,AUTO,,49.5639,0.0619,start,0,1500,VIDE,0.0,0.0,0.0,0.0,0.0,0.0,0,0,0.0,0.0,0.0,0.0,0.0,0.0,2.0,1.0,0.05,0.8,0.0,0.0,1
742,2026-04-22T14:24:24.195Z,S20260422_152334,SC01,AUTO,,49.6262,0.0623,start,0,1500,VIDE,0.0,0.0,0.0,0.0,0.0,0.0,0,0,0.0,0.0,0.0,0.0,0.0,0.0,2.0,1.0,0.05,0.8,0.0,0.0,1
743,2026-04-22T14:24:24.256Z,S20260422_152334,SC01,AUTO,,49.688,0.0618,start,0,1500,VIDE,0.0,0.0,0.0,0.0,0.0,0.0,0,0,0.0,0.0,0.0,0.0,0.0,0.0,2.0,1.0,0.05,0.8,0.0,0.0,1
744,2026-04-22T14:24:24.319Z,S20260422_152334,SC01,AUTO,,49.7505,0.0625,start,0,1500,VIDE,0.0,0.0,0.0,0.0,0.0,0.0,0,0,0.0,0.0,0.0,0.0,0.0,0.0,2.0,1.0,0.05,0.8,0.0,0.0,1
745,2026-04-22T14:24:24.380Z,S20260422_152334,SC01,AUTO,,49.8117,0.0612,start,0,1500,VIDE,0.0,0.0,0.0,0.0,0.0,0.0,0,0,0.0,0.0,0.0,0.0,0.0,0.0,2.0,1.0,0.05,0.8,0.0,0.0,1
746,2026-04-22T14:24:24.443Z,S20260422_152334,SC01,AUTO,,49.8752,0.0634,start,0,1500,VIDE,0.0,0.0,0.0,0.0,0.0,0.0,0,0,0.0,0.0,0.0,0.0,0.0,0.0,2.0,1.0,0.05,0.8,0.0,0.0,1
747,2026-04-22T14:24:24.506Z,S20260422_152334,SC01,AUTO,,49.9375,0.0623,start,0,1500,VIDE,0.0,0.0,0.0,0.0,0.0,0.0,0,0,0.0,0.0,0.0,0.0,0.0,0.0,2.0,1.0,0.05,0.8,0.0,0.0,1
748,2026-04-22T14:24:24.567Z,S20260422_152334,SC01,AUTO,,49.9984,0.061,start,0,1500,VIDE,0.0,0.0,0.0,0.0,0.0,0.0,0,0,0.0,0.0,0.0,0.0,0.0,0.0,2.0,1.0,0.05,0.8,0.0,0.0,1
749,2026-04-22T14:24:24.629Z,S20260422_152334,SC01,AUTO,,50.0611,0.0626,start,0,1500,VIDE,0.0,0.0,0.0,0.0,0.0,0.0,0,0,0.0,0.0,0.0,0.0,0.0,0.0,2.0,1.0,0.05,0.8,0.0,0.0,1
750,2026-04-22T14:24:24.693Z,S20260422_152334,SC01,AUTO,,50.1243,0.0632,start,0,1500,VIDE,0.0,0.0,0.0,0.0,0.0,0.0,0,0,0.0,0.0,0.0,0.0,0.0,0.0,2.0,1.0,0.05,0.8,0.0,0.0,1
751,2026-04-22T14:24:24.755Z,S20260422_152334,SC01,AUTO,,50.1868,0.0625,start,0,1500,VIDE,0.0,0.0,0.0,0.0,0.0,0.0,0,0,0.0,0.0,0.0,0.0,0.0,0.0,2.0,1.0,0.05,0.8,0.0,0.0,1
752,2026-04-22T14:24:24.817Z,S20260422_152334,SC01,AUTO,,50.2489,0.0622,start,0,1500,VIDE,0.0,0.0,0.0,0.0,0.0,0.0,0,0,0.0,0.0,0.0,0.0,0.0,0.0,2.0,1.0,0.05,0.8,0.0,0.0,1
753,2026-04-22T14:24:24.880Z,S20260422_152334,SC01,AUTO,,50.312,0.0631,start,0,1500,VIDE,0.0,0.0,0.0,0.0,0.0,0.0,0,0,0.0,0.0,0.0,0.0,0.0,0.0,2.0,1.0,0.05,0.8,0.0,0.0,1
754,2026-04-22T14:24:24.943Z,S20260422_152334,SC01,AUTO,,50.3744,0.0624,start,0,1500,VIDE,0.0,0.0,0.0,0.0,0.0,0.0,0,0,0.0,0.0,0.0,0.0,0.0,0.0,2.0,1.0,0.05,0.8,0.0,0.0,1
755,2026-04-22T14:24:25.009Z,S20260422_152334,SC01,AUTO,,50.4407,0.0663,start,0,1500,VIDE,0.0,0.0,0.0,0.0,0.0,0.0,0,0,0.0,0.0,0.0,0.0,0.0,0.0,2.0,1.0,0.05,0.8,0.0,0.0,1
756,2026-04-22T14:24:25.066Z,S20260422_152334,SC01,AUTO,,50.4977,0.0571,start,0,1500,VIDE,0.0,0.0,0.0,0.0,0.0,0.0,0,0,0.0,0.0,0.0,0.0,0.0,0.0,2.0,1.0,0.05,0.8,0.0,0.0,1
757,2026-04-22T14:24:25.130Z,S20260422_152334,SC01,AUTO,,50.5613,0.0636,start,0,1500,VIDE,0.0,0.0,0.0,0.0,0.0,0.0,0,0,0.0,0.0,0.0,0.0,0.0,0.0,2.0,1.0,0.05,0.8,0.0,0.0,1
758,2026-04-22T14:24:25.193Z,S20260422_152334,SC01,AUTO,,50.6244,0.063,start,0,1500,VIDE,0.0,0.0,0.0,0.0,0.0,0.0,0,0,0.0,0.0,0.0,0.0,0.0,0.0,2.0,1.0,0.05,0.8,0.0,0.0,1
759,2026-04-22T14:24:25.260Z,S20260422_152334,SC01,AUTO,,50.6917,0.0673,start,0,1500,VIDE,0.0,0.0,0.0,0.0,0.0,0.0,0,0,0.0,0.0,0.0,0.0,0.0,0.0,2.0,1.0,0.05,0.8,0.0,0.0,1
760,2026-04-22T14:24:25.318Z,S20260422_152334,SC01,AUTO,,50.7499,0.0582,start,0,1500,VIDE,0.0,0.0,0.0,0.0,0.0,0.0,0,0,0.0,0.0,0.0,0.0,0.0,0.0,2.0,1.0,0.05,0.8,0.0,0.0,1
761,2026-04-22T14:24:25.381Z,S20260422_152334,SC01,AUTO,,50.8124,0.0626,start,0,1500,VIDE,0.0,0.0,0.0,0.0,0.0,0.0,0,0,0.0,0.0,0.0,0.0,0.0,0.0,2.0,1.0,0.05,0.8,0.0,0.0,1
762,2026-04-22T14:24:25.456Z,S20260422_152334,SC01,AUTO,,50.8881,0.0756,start,0,1500,VIDE,0.0,0.0,0.0,0.0,0.0,0.0,0,0,0.0,0.0,0.0,0.0,0.0,0.0,2.0,1.0,0.05,0.8,0.0,0.0,1
763,2026-04-22T14:24:25.505Z,S20260422_152334,SC01,AUTO,,50.9363,0.0482,start,0,1500,VIDE,0.0,0.0,0.0,0.0,0.0,0.0,0,0,0.0,0.0,0.0,0.0,0.0,0.0,2.0,1.0,0.05,0.8,0.0,0.0,1
764,2026-04-22T14:24:25.569Z,S20260422_152334,SC01,AUTO,,51.0004,0.0641,start,0,1500,VIDE,0.0,0.0,0.0,0.0,0.0,0.0,0,0,0.0,0.0,0.0,0.0,0.0,0.0,2.0,1.0,0.05,0.8,0.0,0.0,1
765,2026-04-22T14:24:25.630Z,S20260422_152334,SC01,AUTO,,51.0618,0.0614,start,0,1500,VIDE,0.0,0.0,0.0,0.0,0.0,0.0,0,0,0.0,0.0,0.0,0.0,0.0,0.0,2.0,1.0,0.05,0.8,0.0,0.0,1
766,2026-04-22T14:24:25.694Z,S20260422_152334,SC01,AUTO,,51.1252,0.0634,start,0,1500,VIDE,0.0,0.0,0.0,0.0,0.0,0.0,0,0,0.0,0.0,0.0,0.0,0.0,0.0,2.0,1.0,0.05,0.8,0.0,0.0,1
767,2026-04-22T14:24:25.754Z,S20260422_152334,SC01,AUTO,,51.186,0.0608,start,0,1500,VIDE,0.0,0.0,0.0,0.0,0.0,0.0,0,0,0.0,0.0,0.0,0.0,0.0,0.0,2.0,1.0,0.05,0.8,0.0,0.0,1
768,2026-04-22T14:24:25.816Z,S20260422_152334,SC01,AUTO,,51.2481,0.0621,start,0,1500,VIDE,0.0,0.0,0.0,0.0,0.0,0.0,0,0,0.0,0.0,0.0,0.0,0.0,0.0,2.0,1.0,0.05,0.8,0.0,0.0,1
769,2026-04-22T14:24:25.880Z,S20260422_152334,SC01,AUTO,,51.3115,0.0634,start,0,1500,VIDE,0.0,0.0,0.0,0.0,0.0,0.0,0,0,0.0,0.0,0.0,0.0,0.0,0.0,2.0,1.0,0.05,0.8,0.0,0.0,1
770,2026-04-22T14:24:25.942Z,S20260422_152334,SC01,AUTO,,51.3734,0.0619,start,0,1500,VIDE,0.0,0.0,0.0,0.0,0.0,0.0,0,0,0.0,0.0,0.0,0.0,0.0,0.0,2.0,1.0,0.05,0.8,0.0,0.0,1
771,2026-04-22T14:24:26.004Z,S20260422_152334,SC01,AUTO,,51.4355,0.0622,start,0,1500,VIDE,0.0,0.0,0.0,0.0,0.0,0.0,0,0,0.0,0.0,0.0,0.0,0.0,0.0,2.0,1.0,0.05,0.8,0.0,0.0,1
772,2026-04-22T14:24:26.080Z,S20260422_152334,SC01,AUTO,,51.5112,0.0757,start,0,1500,VIDE,0.0,0.0,0.0,0.0,0.0,0.0,0,0,0.0,0.0,0.0,0.0,0.0,0.0,2.0,1.0,0.05,0.8,0.0,0.0,1
773,2026-04-22T14:24:26.140Z,S20260422_152334,SC01,AUTO,,51.5718,0.0606,start,0,1500,VIDE,0.0,0.0,0.0,0.0,0.0,0.0,0,0,0.0,0.0,0.0,0.0,0.0,0.0,2.0,1.0,0.05,0.8,0.0,0.0,1
774,2026-04-22T14:24:26.194Z,S20260422_152334,SC01,AUTO,,51.6252,0.0534,start,0,1500,VIDE,0.0,0.0,0.0,0.0,0.0,0.0,0,0,0.0,0.0,0.0,0.0,0.0,0.0,2.0,1.0,0.05,0.8,0.0,0.0,1
775,2026-04-22T14:24:26.260Z,S20260422_152334,SC01,AUTO,,51.6919,0.0667,start,0,1500,VIDE,0.0,0.0,0.0,0.0,0.0,0.0,0,0,0.0,0.0,0.0,0.0,0.0,0.0,2.0,1.0,0.05,0.8,0.0,0.0,1
776,2026-04-22T14:24:26.321Z,S20260422_152334,SC01,AUTO,,51.7523,0.0603,start,0,1500,VIDE,0.0,0.0,0.0,0.0,0.0,0.0,0,0,0.0,0.0,0.0,0.0,0.0,0.0,2.0,1.0,0.05,0.8,0.0,0.0,1
777,2026-04-22T14:24:26.381Z,S20260422_152334,SC01,AUTO,,51.8126,0.0603,start,0,1500,VIDE,0.0,0.0,0.0,0.0,0.0,0.0,0,0,0.0,0.0,0.0,0.0,0.0,0.0,2.0,1.0,0.05,0.8,0.0,0.0,1
778,2026-04-22T14:24:26.452Z,S20260422_152334,SC01,AUTO,,51.8838,0.0712,start,0,1500,VIDE,0.0,0.0,0.0,0.0,0.0,0.0,0,0,0.0,0.0,0.0,0.0,0.0,0.0,2.0,1.0,0.05,0.8,0.0,0.0,1
779,2026-04-22T14:24:26.514Z,S20260422_152334,SC01,AUTO,,51.9459,0.0621,start,0,1500,VIDE,0.0,0.0,0.0,0.0,0.0,0.0,0,0,0.0,0.0,0.0,0.0,0.0,0.0,2.0,1.0,0.05,0.8,0.0,0.0,1
780,2026-04-22T14:24:26.572Z,S20260422_152334,SC01,AUTO,,52.0036,0.0578,start,0,1500,VIDE,0.0,0.0,0.0,0.0,0.0,0.0,0,0,0.0,0.0,0.0,0.0,0.0,0.0,2.0,1.0,0.05,0.8,0.0,0.0,1
781,2026-04-22T14:24:26.630Z,S20260422_152334,SC01,AUTO,,52.0617,0.058,start,0,1500,VIDE,0.0,0.0,0.0,0.0,0.0,0.0,0,0,0.0,0.0,0.0,0.0,0.0,0.0,2.0,1.0,0.05,0.8,0.0,0.0,1
782,2026-04-22T14:24:26.697Z,S20260422_152334,SC01,AUTO,,52.1283,0.0666,start,0,1500,VIDE,0.0,0.0,0.0,0.0,0.0,0.0,0,0,0.0,0.0,0.0,0.0,0.0,0.0,2.0,1.0,0.05,0.8,0.0,0.0,1
783,2026-04-22T14:24:26.760Z,S20260422_152334,SC01,AUTO,,52.1918,0.0635,start,0,1500,VIDE,0.0,0.0,0.0,0.0,0.0,0.0,0,0,0.0,0.0,0.0,0.0,0.0,0.0,2.0,1.0,0.05,0.8,0.0,0.0,1
784,2026-04-22T14:24:26.817Z,S20260422_152334,SC01,AUTO,,52.2486,0.0567,start,0,1500,VIDE,0.0,0.0,0.0,0.0,0.0,0.0,0,0,0.0,0.0,0.0,0.0,0.0,0.0,2.0,1.0,0.05,0.8,0.0,0.0,1
785,2026-04-22T14:24:26.881Z,S20260422_152334,SC01,AUTO,,52.3126,0.064,start,0,1500,VIDE,0.0,0.0,0.0,0.0,0.0,0.0,0,0,0.0,0.0,0.0,0.0,0.0,0.0,2.0,1.0,0.05,0.8,0.0,0.0,1
786,2026-04-22T14:24:26.941Z,S20260422_152334,SC01,AUTO,,52.3726,0.06,start,0,1500,VIDE,0.0,0.0,0.0,0.0,0.0,0.0,0,0,0.0,0.0,0.0,0.0,0.0,0.0,2.0,1.0,0.05,0.8,0.0,0.0,1
787,2026-04-22T14:24:27.009Z,S20260422_152334,SC01,AUTO,,52.4406,0.0679,start,0,1500,VIDE,0.0,0.0,0.0,0.0,0.0,0.0,0,0,0.0,0.0,0.0,0.0,0.0,0.0,2.0,1.0,0.05,0.8,0.0,0.0,1
788,2026-04-22T14:24:27.073Z,S20260422_152334,SC01,AUTO,,52.5048,0.0642,start,0,1500,VIDE,0.0,0.0,0.0,0.0,0.0,0.0,0,0,0.0,0.0,0.0,0.0,0.0,0.0,2.0,1.0,0.05,0.8,0.0,0.0,1
789,2026-04-22T14:24:27.129Z,S20260422_152334,SC01,AUTO,,52.5609,0.0561,start,0,1500,VIDE,0.0,0.0,0.0,0.0,0.0,0.0,0,0,0.0,0.0,0.0,0.0,0.0,0.0,2.0,1.0,0.05,0.8,0.0,0.0,1
790,2026-04-22T14:24:27.199Z,S20260422_152334,SC01,AUTO,,52.6304,0.0695,start,0,1500,VIDE,0.0,0.0,0.0,0.0,0.0,0.0,0,0,0.0,0.0,0.0,0.0,0.0,0.0,2.0,1.0,0.05,0.8,0.0,0.0,1
791,2026-04-22T14:24:27.260Z,S20260422_152334,SC01,AUTO,,52.692,0.0616,start,0,1500,VIDE,0.0,0.0,0.0,0.0,0.0,0.0,0,0,0.0,0.0,0.0,0.0,0.0,0.0,2.0,1.0,0.05,0.8,0.0,0.0,1
792,2026-04-22T14:24:27.320Z,S20260422_152334,SC01,AUTO,,52.752,0.06,start,0,1500,VIDE,0.0,0.0,0.0,0.0,0.0,0.0,0,0,0.0,0.0,0.0,0.0,0.0,0.0,2.0,1.0,0.05,0.8,0.0,0.0,1
793,2026-04-22T14:24:27.380Z,S20260422_152334,SC01,AUTO,,52.812,0.06,start,0,1500,VIDE,0.0,0.0,0.0,0.0,0.0,0.0,0,0,0.0,0.0,0.0,0.0,0.0,0.0,2.0,1.0,0.05,0.8,0.0,0.0,1
794,2026-04-22T14:24:27.441Z,S20260422_152334,SC01,AUTO,,52.8726,0.0606,start,0,1500,VIDE,0.0,0.0,0.0,0.0,0.0,0.0,0,0,0.0,0.0,0.0,0.0,0.0,0.0,2.0,1.0,0.05,0.8,0.0,0.0,1
795,2026-04-22T14:24:27.510Z,S20260422_152334,SC01,AUTO,,52.9416,0.069,start,0,1500,VIDE,0.0,0.0,0.0,0.0,0.0,0.0,0,0,0.0,0.0,0.0,0.0,0.0,0.0,2.0,1.0,0.05,0.8,0.0,0.0,1
796,2026-04-22T14:24:27.573Z,S20260422_152334,SC01,AUTO,,53.0046,0.063,start,0,1500,VIDE,0.0,0.0,0.0,0.0,0.0,0.0,0,0,0.0,0.0,0.0,0.0,0.0,0.0,2.0,1.0,0.05,0.8,0.0,0.0,1
797,2026-04-22T14:24:27.634Z,S20260422_152334,SC01,AUTO,,53.0659,0.0614,start,0,1500,VIDE,0.0,0.0,0.0,0.0,0.0,0.0,0,0,0.0,0.0,0.0,0.0,0.0,0.0,2.0,1.0,0.05,0.8,0.0,0.0,1
798,2026-04-22T14:24:27.696Z,S20260422_152334,SC01,AUTO,,53.1279,0.062,start,0,1500,VIDE,0.0,0.0,0.0,0.0,0.0,0.0,0,0,0.0,0.0,0.0,0.0,0.0,0.0,2.0,1.0,0.05,0.8,0.0,0.0,1
799,2026-04-22T14:24:27.758Z,S20260422_152334,SC01,AUTO,,53.1901,0.0622,start,0,1500,VIDE,0.0,0.0,0.0,0.0,0.0,0.0,0,0,0.0,0.0,0.0,0.0,0.0,0.0,2.0,1.0,0.05,0.8,0.0,0.0,1
800,2026-04-22T14:24:27.820Z,S20260422_152334,SC01,AUTO,,53.2518,0.0617,start,0,1500,VIDE,0.0,0.0,0.0,0.0,0.0,0.0,0,0,0.0,0.0,0.0,0.0,0.0,0.0,2.0,1.0,0.05,0.8,0.0,0.0,1
801,2026-04-22T14:24:27.881Z,S20260422_152334,SC01,AUTO,,53.3126,0.0608,start,0,1500,VIDE,0.0,0.0,0.0,0.0,0.0,0.0,0,0,0.0,0.0,0.0,0.0,0.0,0.0,2.0,1.0,0.05,0.8,0.0,0.0,1
802,2026-04-22T14:24:27.947Z,S20260422_152334,SC01,AUTO,,53.3783,0.0657,start,0,1500,VIDE,0.0,0.0,0.0,0.0,0.0,0.0,0,0,0.0,0.0,0.0,0.0,0.0,0.0,2.0,1.0,0.05,0.8,0.0,0.0,1
803,2026-04-22T14:24:28.008Z,S20260422_152334,SC01,AUTO,,53.4393,0.061,start,0,1500,VIDE,0.0,0.0,0.0,0.0,0.0,0.0,0,0,0.0,0.0,0.0,0.0,0.0,0.0,2.0,1.0,0.05,0.8,0.0,0.0,1
804,2026-04-22T14:24:28.069Z,S20260422_152334,SC01,AUTO,,53.5011,0.0618,start,0,1500,VIDE,0.0,0.0,0.0,0.0,0.0,0.0,0,0,0.0,0.0,0.0,0.0,0.0,0.0,2.0,1.0,0.05,0.8,0.0,0.0,1
805,2026-04-22T14:24:28.131Z,S20260422_152334,SC01,AUTO,,53.5629,0.0618,start,0,1500,VIDE,0.0,0.0,0.0,0.0,0.0,0.0,0,0,0.0,0.0,0.0,0.0,0.0,0.0,2.0,1.0,0.05,0.8,0.0,0.0,1
806,2026-04-22T14:24:28.194Z,S20260422_152334,SC01,AUTO,,53.6253,0.0623,start,0,1500,VIDE,0.0,0.0,0.0,0.0,0.0,0.0,0,0,0.0,0.0,0.0,0.0,0.0,0.0,2.0,1.0,0.05,0.8,0.0,0.0,1
807,2026-04-22T14:24:28.258Z,S20260422_152334,SC01,AUTO,,53.6898,0.0645,start,0,1500,VIDE,0.0,0.0,0.0,0.0,0.0,0.0,0,0,0.0,0.0,0.0,0.0,0.0,0.0,2.0,1.0,0.05,0.8,0.0,0.0,1
808,2026-04-22T14:24:28.321Z,S20260422_152334,SC01,AUTO,,53.7523,0.0625,start,0,1500,VIDE,0.0,0.0,0.0,0.0,0.0,0.0,0,0,0.0,0.0,0.0,0.0,0.0,0.0,2.0,1.0,0.05,0.8,0.0,0.0,1
809,2026-04-22T14:24:28.380Z,S20260422_152334,SC01,AUTO,,53.8117,0.0594,start,0,1500,VIDE,0.0,0.0,0.0,0.0,0.0,0.0,0,0,0.0,0.0,0.0,0.0,0.0,0.0,2.0,1.0,0.05,0.8,0.0,0.0,1
810,2026-04-22T14:24:28.443Z,S20260422_152334,SC01,AUTO,,53.8751,0.0634,start,0,1500,VIDE,0.0,0.0,0.0,0.0,0.0,0.0,0,0,0.0,0.0,0.0,0.0,0.0,0.0,2.0,1.0,0.05,0.8,0.0,0.0,1
811,2026-04-22T14:24:28.505Z,S20260422_152334,SC01,AUTO,,53.9368,0.0617,start,0,1500,VIDE,0.0,0.0,0.0,0.0,0.0,0.0,0,0,0.0,0.0,0.0,0.0,0.0,0.0,2.0,1.0,0.05,0.8,0.0,0.0,1
812,2026-04-22T14:24:28.568Z,S20260422_152334,SC01,AUTO,,53.9998,0.063,start,0,1500,VIDE,0.0,0.0,0.0,0.0,0.0,0.0,0,0,0.0,0.0,0.0,0.0,0.0,0.0,2.0,1.0,0.05,0.8,0.0,0.0,1
813,2026-04-22T14:24:28.629Z,S20260422_152334,SC01,AUTO,,54.061,0.0612,start,0,1500,VIDE,0.0,0.0,0.0,0.0,0.0,0.0,0,0,0.0,0.0,0.0,0.0,0.0,0.0,2.0,1.0,0.05,0.8,0.0,0.0,1
814,2026-04-22T14:24:28.701Z,S20260422_152334,SC01,AUTO,,54.1322,0.0712,start,0,1500,VIDE,0.0,0.0,0.0,0.0,0.0,0.0,0,0,0.0,0.0,0.0,0.0,0.0,0.0,2.0,1.0,0.05,0.8,0.0,0.0,1
815,2026-04-22T14:24:28.761Z,S20260422_152334,SC01,AUTO,,54.1922,0.06,start,0,1500,VIDE,0.0,0.0,0.0,0.0,0.0,0.0,0,0,0.0,0.0,0.0,0.0,0.0,0.0,2.0,1.0,0.05,0.8,0.0,0.0,1
816,2026-04-22T14:24:28.821Z,S20260422_152334,SC01,AUTO,,54.2525,0.0602,start,0,1500,VIDE,0.0,0.0,0.0,0.0,0.0,0.0,0,0,0.0,0.0,0.0,0.0,0.0,0.0,2.0,1.0,0.05,0.8,0.0,0.0,1
817,2026-04-22T14:24:28.880Z,S20260422_152334,SC01,AUTO,,54.3119,0.0594,start,0,1500,VIDE,0.0,0.0,0.0,0.0,0.0,0.0,0,0,0.0,0.0,0.0,0.0,0.0,0.0,2.0,1.0,0.05,0.8,0.0,0.0,1
818,2026-04-22T14:24:28.952Z,S20260422_152334,SC01,AUTO,,54.3836,0.0718,start,0,1500,VIDE,0.0,0.0,0.0,0.0,0.0,0.0,0,0,0.0,0.0,0.0,0.0,0.0,0.0,2.0,1.0,0.05,0.8,0.0,0.0,1
819,2026-04-22T14:24:29.013Z,S20260422_152334,SC01,AUTO,,54.4449,0.0612,start,0,1500,VIDE,0.0,0.0,0.0,0.0,0.0,0.0,0,0,0.0,0.0,0.0,0.0,0.0,0.0,2.0,1.0,0.05,0.8,0.0,0.0,1
820,2026-04-22T14:24:29.077Z,S20260422_152334,SC01,AUTO,,54.5082,0.0633,start,0,1500,VIDE,0.0,0.0,0.0,0.0,0.0,0.0,0,0,0.0,0.0,0.0,0.0,0.0,0.0,2.0,1.0,0.05,0.8,0.0,0.0,1
821,2026-04-22T14:24:29.140Z,S20260422_152334,SC01,AUTO,,54.5712,0.063,start,0,1500,VIDE,0.0,0.0,0.0,0.0,0.0,0.0,0,0,0.0,0.0,0.0,0.0,0.0,0.0,2.0,1.0,0.05,0.8,0.0,0.0,1
822,2026-04-22T14:24:29.200Z,S20260422_152334,SC01,AUTO,,54.632,0.0608,start,0,1500,VIDE,0.0,0.0,0.0,0.0,0.0,0.0,0,0,0.0,0.0,0.0,0.0,0.0,0.0,2.0,1.0,0.05,0.8,0.0,0.0,1
823,2026-04-22T14:24:29.261Z,S20260422_152334,SC01,AUTO,,54.6923,0.0603,start,0,1500,VIDE,0.0,0.0,0.0,0.0,0.0,0.0,0,0,0.0,0.0,0.0,0.0,0.0,0.0,2.0,1.0,0.05,0.8,0.0,0.0,1
824,2026-04-22T14:24:29.321Z,S20260422_152334,SC01,AUTO,,54.7525,0.0602,start,0,1500,VIDE,0.0,0.0,0.0,0.0,0.0,0.0,0,0,0.0,0.0,0.0,0.0,0.0,0.0,2.0,1.0,0.05,0.8,0.0,0.0,1
825,2026-04-22T14:24:29.381Z,S20260422_152334,SC01,AUTO,,54.8122,0.0597,start,0,1500,VIDE,0.0,0.0,0.0,0.0,0.0,0.0,0,0,0.0,0.0,0.0,0.0,0.0,0.0,2.0,1.0,0.05,0.8,0.0,0.0,1
826,2026-04-22T14:24:29.441Z,S20260422_152334,SC01,AUTO,,54.8729,0.0607,start,0,1500,VIDE,0.0,0.0,0.0,0.0,0.0,0.0,0,0,0.0,0.0,0.0,0.0,0.0,0.0,2.0,1.0,0.05,0.8,0.0,0.0,1
827,2026-04-22T14:24:29.504Z,S20260422_152334,SC01,AUTO,,54.9352,0.0623,start,0,1500,VIDE,0.0,0.0,0.0,0.0,0.0,0.0,0,0,0.0,0.0,0.0,0.0,0.0,0.0,2.0,1.0,0.05,0.8,0.0,0.0,1
828,2026-04-22T14:24:29.567Z,S20260422_152334,SC01,AUTO,,54.9984,0.0632,start,0,1500,VIDE,0.0,0.0,0.0,0.0,0.0,0.0,0,0,0.0,0.0,0.0,0.0,0.0,0.0,2.0,1.0,0.05,0.8,0.0,0.0,1
829,2026-04-22T14:24:29.638Z,S20260422_152334,SC01,AUTO,,55.07,0.0716,start,0,1500,VIDE,0.0,0.0,0.0,0.0,0.0,0.0,0,0,0.0,0.0,0.0,0.0,0.0,0.0,2.0,1.0,0.05,0.8,0.0,0.0,1
830,2026-04-22T14:24:29.692Z,S20260422_152334,SC01,AUTO,,55.1239,0.0539,start,0,1500,VIDE,0.0,0.0,0.0,0.0,0.0,0.0,0,0,0.0,0.0,0.0,0.0,0.0,0.0,2.0,1.0,0.05,0.8,0.0,0.0,1
831,2026-04-22T14:24:29.761Z,S20260422_152334,SC01,AUTO,,55.1925,0.0686,start,0,1500,VIDE,0.0,0.0,0.0,0.0,0.0,0.0,0,0,0.0,0.0,0.0,0.0,0.0,0.0,2.0,1.0,0.05,0.8,0.0,0.0,1
832,2026-04-22T14:24:29.820Z,S20260422_152334,SC01,AUTO,,55.252,0.0596,start,0,1500,VIDE,0.0,0.0,0.0,0.0,0.0,0.0,0,0,0.0,0.0,0.0,0.0,0.0,0.0,2.0,1.0,0.05,0.8,0.0,0.0,1
833,2026-04-22T14:24:29.881Z,S20260422_152334,SC01,AUTO,,55.3126,0.0606,start,0,1500,VIDE,0.0,0.0,0.0,0.0,0.0,0.0,0,0,0.0,0.0,0.0,0.0,0.0,0.0,2.0,1.0,0.05,0.8,0.0,0.0,1
834,2026-04-22T14:24:29.948Z,S20260422_152334,SC01,AUTO,,55.3801,0.0674,start,0,1500,VIDE,0.0,0.0,0.0,0.0,0.0,0.0,0,0,0.0,0.0,0.0,0.0,0.0,0.0,2.0,1.0,0.05,0.8,0.0,0.0,1
835,2026-04-22T14:24:30.010Z,S20260422_152334,SC01,AUTO,,55.4419,0.0618,start,0,1500,VIDE,0.0,0.0,0.0,0.0,0.0,0.0,0,0,0.0,0.0,0.0,0.0,0.0,0.0,2.0,1.0,0.05,0.8,0.0,0.0,1
836,2026-04-22T14:24:30.074Z,S20260422_152334,SC01,AUTO,,55.5054,0.0635,start,0,1500,VIDE,0.0,0.0,0.0,0.0,0.0,0.0,0,0,0.0,0.0,0.0,0.0,0.0,0.0,2.0,1.0,0.05,0.8,0.0,0.0,1
837,2026-04-22T14:24:30.129Z,S20260422_152334,SC01,AUTO,,55.561,0.0555,start,0,1500,VIDE,0.0,0.0,0.0,0.0,0.0,0.0,0,0,0.0,0.0,0.0,0.0,0.0,0.0,2.0,1.0,0.05,0.8,0.0,0.0,1
838,2026-04-22T14:24:30.197Z,S20260422_152334,SC01,AUTO,,55.6282,0.0672,start,0,1500,VIDE,0.0,0.0,0.0,0.0,0.0,0.0,0,0,0.0,0.0,0.0,0.0,0.0,0.0,2.0,1.0,0.05,0.8,0.0,0.0,1
839,2026-04-22T14:24:30.260Z,S20260422_152334,SC01,AUTO,,55.6917,0.0636,start,0,1500,VIDE,0.0,0.0,0.0,0.0,0.0,0.0,0,0,0.0,0.0,0.0,0.0,0.0,0.0,2.0,1.0,0.05,0.8,0.0,0.0,1
840,2026-04-22T14:24:30.320Z,S20260422_152334,SC01,AUTO,,55.7512,0.0595,start,0,1500,VIDE,0.0,0.0,0.0,0.0,0.0,0.0,0,0,0.0,0.0,0.0,0.0,0.0,0.0,2.0,1.0,0.05,0.8,0.0,0.0,1
841,2026-04-22T14:24:30.381Z,S20260422_152334,SC01,AUTO,,55.8124,0.0612,start,0,1500,VIDE,0.0,0.0,0.0,0.0,0.0,0.0,0,0,0.0,0.0,0.0,0.0,0.0,0.0,2.0,1.0,0.05,0.8,0.0,0.0,1
842,2026-04-22T14:24:30.450Z,S20260422_152334,SC01,AUTO,,55.8817,0.0693,start,0,1500,VIDE,0.0,0.0,0.0,0.0,0.0,0.0,0,0,0.0,0.0,0.0,0.0,0.0,0.0,2.0,1.0,0.05,0.8,0.0,0.0,1
843,2026-04-22T14:24:30.512Z,S20260422_152334,SC01,AUTO,,55.944,0.0623,start,0,1500,VIDE,0.0,0.0,0.0,0.0,0.0,0.0,0,0,0.0,0.0,0.0,0.0,0.0,0.0,2.0,1.0,0.05,0.8,0.0,0.0,1
844,2026-04-22T14:24:30.575Z,S20260422_152334,SC01,AUTO,,56.007,0.0629,start,0,1500,VIDE,0.0,0.0,0.0,0.0,0.0,0.0,0,0,0.0,0.0,0.0,0.0,0.0,0.0,2.0,1.0,0.05,0.8,0.0,0.0,1
845,2026-04-22T14:24:30.637Z,S20260422_152334,SC01,AUTO,,56.0688,0.0618,start,0,1500,VIDE,0.0,0.0,0.0,0.0,0.0,0.0,0,0,0.0,0.0,0.0,0.0,0.0,0.0,2.0,1.0,0.05,0.8,0.0,0.0,1
846,2026-04-22T14:24:30.700Z,S20260422_152334,SC01,AUTO,,56.1312,0.0624,start,0,1500,VIDE,0.0,0.0,0.0,0.0,0.0,0.0,0,0,0.0,0.0,0.0,0.0,0.0,0.0,2.0,1.0,0.05,0.8,0.0,0.0,1
847,2026-04-22T14:24:30.761Z,S20260422_152334,SC01,AUTO,,56.1922,0.0609,start,0,1500,VIDE,0.0,0.0,0.0,0.0,0.0,0.0,0,0,0.0,0.0,0.0,0.0,0.0,0.0,2.0,1.0,0.05,0.8,0.0,0.0,1
848,2026-04-22T14:24:30.820Z,S20260422_152334,SC01,AUTO,,56.2521,0.0599,start,0,1500,VIDE,0.0,0.0,0.0,0.0,0.0,0.0,0,0,0.0,0.0,0.0,0.0,0.0,0.0,2.0,1.0,0.05,0.8,0.0,0.0,1
849,2026-04-22T14:24:30.881Z,S20260422_152334,SC01,AUTO,,56.3124,0.0604,start,0,1500,VIDE,0.0,0.0,0.0,0.0,0.0,0.0,0,0,0.0,0.0,0.0,0.0,0.0,0.0,2.0,1.0,0.05,0.8,0.0,0.0,1
850,2026-04-22T14:24:30.947Z,S20260422_152334,SC01,AUTO,,56.3782,0.0658,start,0,1500,VIDE,0.0,0.0,0.0,0.0,0.0,0.0,0,0,0.0,0.0,0.0,0.0,0.0,0.0,2.0,1.0,0.05,0.8,0.0,0.0,1
851,2026-04-22T14:24:31.012Z,S20260422_152334,SC01,AUTO,,56.4441,0.066,start,0,1500,VIDE,0.0,0.0,0.0,0.0,0.0,0.0,0,0,0.0,0.0,0.0,0.0,0.0,0.0,2.0,1.0,0.05,0.8,0.0,0.0,1
852,2026-04-22T14:24:31.075Z,S20260422_152334,SC01,AUTO,,56.5062,0.0621,start,0,1500,VIDE,0.0,0.0,0.0,0.0,0.0,0.0,0,0,0.0,0.0,0.0,0.0,0.0,0.0,2.0,1.0,0.05,0.8,0.0,0.0,1
853,2026-04-22T14:24:31.132Z,S20260422_152334,SC01,AUTO,,56.5638,0.0576,start,0,1500,VIDE,0.0,0.0,0.0,0.0,0.0,0.0,0,0,0.0,0.0,0.0,0.0,0.0,0.0,2.0,1.0,0.05,0.8,0.0,0.0,1
854,2026-04-22T14:24:31.191Z,S20260422_152334,SC01,AUTO,,56.6231,0.0593,start,0,1500,VIDE,0.0,0.0,0.0,0.0,0.0,0.0,0,0,0.0,0.0,0.0,0.0,0.0,0.0,2.0,1.0,0.05,0.8,0.0,0.0,1
855,2026-04-22T14:24:31.261Z,S20260422_152334,SC01,AUTO,,56.6926,0.0694,start,0,1500,VIDE,0.0,0.0,0.0,0.0,0.0,0.0,0,0,0.0,0.0,0.0,0.0,0.0,0.0,2.0,1.0,0.05,0.8,0.0,0.0,1
856,2026-04-22T14:24:31.321Z,S20260422_152334,SC01,AUTO,,56.7531,0.0605,start,0,1500,VIDE,0.0,0.0,0.0,0.0,0.0,0.0,0,0,0.0,0.0,0.0,0.0,0.0,0.0,2.0,1.0,0.05,0.8,0.0,0.0,1
857,2026-04-22T14:24:31.381Z,S20260422_152334,SC01,AUTO,,56.8124,0.0593,start,0,1500,VIDE,0.0,0.0,0.0,0.0,0.0,0.0,0,0,0.0,0.0,0.0,0.0,0.0,0.0,2.0,1.0,0.05,0.8,0.0,0.0,1
858,2026-04-22T14:24:31.453Z,S20260422_152334,SC01,AUTO,,56.8848,0.0724,start,0,1500,VIDE,0.0,0.0,0.0,0.0,0.0,0.0,0,0,0.0,0.0,0.0,0.0,0.0,0.0,2.0,1.0,0.05,0.8,0.0,0.0,1
859,2026-04-22T14:24:31.516Z,S20260422_152334,SC01,AUTO,,56.9474,0.0626,start,0,1500,VIDE,0.0,0.0,0.0,0.0,0.0,0.0,0,0,0.0,0.0,0.0,0.0,0.0,0.0,2.0,1.0,0.05,0.8,0.0,0.0,1
860,2026-04-22T14:24:31.580Z,S20260422_152334,SC01,AUTO,,57.0119,0.0645,start,0,1500,VIDE,0.0,0.0,0.0,0.0,0.0,0.0,0,0,0.0,0.0,0.0,0.0,0.0,0.0,2.0,1.0,0.05,0.8,0.0,0.0,1
861,2026-04-22T14:24:31.633Z,S20260422_152334,SC01,AUTO,,57.0646,0.0526,start,0,1500,VIDE,0.0,0.0,0.0,0.0,0.0,0.0,0,0,0.0,0.0,0.0,0.0,0.0,0.0,2.0,1.0,0.05,0.8,0.0,0.0,1
862,2026-04-22T14:24:31.700Z,S20260422_152334,SC01,AUTO,,57.132,0.0675,start,0,1500,VIDE,0.0,0.0,0.0,0.0,0.0,0.0,0,0,0.0,0.0,0.0,0.0,0.0,0.0,2.0,1.0,0.05,0.8,0.0,0.0,1
863,2026-04-22T14:24:31.761Z,S20260422_152334,SC01,AUTO,,57.1926,0.0606,start,0,1500,VIDE,0.0,0.0,0.0,0.0,0.0,0.0,0,0,0.0,0.0,0.0,0.0,0.0,0.0,2.0,1.0,0.05,0.8,0.0,0.0,1
864,2026-04-22T14:24:31.821Z,S20260422_152334,SC01,AUTO,,57.2526,0.06,start,0,1500,VIDE,0.0,0.0,0.0,0.0,0.0,0.0,0,0,0.0,0.0,0.0,0.0,0.0,0.0,2.0,1.0,0.05,0.8,0.0,0.0,1
865,2026-04-22T14:24:31.880Z,S20260422_152334,SC01,AUTO,,57.312,0.0594,start,0,1500,VIDE,0.0,0.0,0.0,0.0,0.0,0.0,0,0,0.0,0.0,0.0,0.0,0.0,0.0,2.0,1.0,0.05,0.8,0.0,0.0,1
866,2026-04-22T14:24:31.944Z,S20260422_152334,SC01,AUTO,,57.3761,0.0641,start,0,1500,VIDE,0.0,0.0,0.0,0.0,0.0,0.0,0,0,0.0,0.0,0.0,0.0,0.0,0.0,2.0,1.0,0.05,0.8,0.0,0.0,1
867,2026-04-22T14:24:32.005Z,S20260422_152334,SC01,AUTO,,57.4362,0.0601,start,0,1500,VIDE,0.0,0.0,0.0,0.0,0.0,0.0,0,0,0.0,0.0,0.0,0.0,0.0,0.0,2.0,1.0,0.05,0.8,0.0,0.0,1
868,2026-04-22T14:24:32.067Z,S20260422_152334,SC01,AUTO,,57.4982,0.062,start,0,1500,VIDE,0.0,0.0,0.0,0.0,0.0,0.0,0,0,0.0,0.0,0.0,0.0,0.0,0.0,2.0,1.0,0.05,0.8,0.0,0.0,1
869,2026-04-22T14:24:32.140Z,S20260422_152334,SC01,AUTO,,57.5721,0.0739,start,0,1500,VIDE,0.0,0.0,0.0,0.0,0.0,0.0,0,0,0.0,0.0,0.0,0.0,0.0,0.0,2.0,1.0,0.05,0.8,0.0,0.0,1
870,2026-04-22T14:24:32.201Z,S20260422_152334,SC01,AUTO,,57.6322,0.0601,start,0,1500,VIDE,0.0,0.0,0.0,0.0,0.0,0.0,0,0,0.0,0.0,0.0,0.0,0.0,0.0,2.0,1.0,0.05,0.8,0.0,0.0,1
871,2026-04-22T14:24:32.260Z,S20260422_152334,SC01,AUTO,,57.6921,0.0599,start,0,1500,VIDE,0.0,0.0,0.0,0.0,0.0,0.0,0,0,0.0,0.0,0.0,0.0,0.0,0.0,2.0,1.0,0.05,0.8,0.0,0.0,1
872,2026-04-22T14:24:32.321Z,S20260422_152334,SC01,AUTO,,57.7528,0.0607,start,0,1500,VIDE,0.0,0.0,0.0,0.0,0.0,0.0,0,0,0.0,0.0,0.0,0.0,0.0,0.0,2.0,1.0,0.05,0.8,0.0,0.0,1
873,2026-04-22T14:24:32.380Z,S20260422_152334,SC01,AUTO,,57.8113,0.0585,start,0,1500,VIDE,0.0,0.0,0.0,0.0,0.0,0.0,0,0,0.0,0.0,0.0,0.0,0.0,0.0,2.0,1.0,0.05,0.8,0.0,0.0,1
874,2026-04-22T14:24:32.443Z,S20260422_152334,SC01,AUTO,,57.875,0.0637,start,0,1500,VIDE,0.0,0.0,0.0,0.0,0.0,0.0,0,0,0.0,0.0,0.0,0.0,0.0,0.0,2.0,1.0,0.05,0.8,0.0,0.0,1
875,2026-04-22T14:24:32.505Z,S20260422_152334,SC01,AUTO,,57.9367,0.0617,start,0,1500,VIDE,0.0,0.0,0.0,0.0,0.0,0.0,0,0,0.0,0.0,0.0,0.0,0.0,0.0,2.0,1.0,0.05,0.8,0.0,0.0,1
876,2026-04-22T14:24:32.575Z,S20260422_152334,SC01,AUTO,,58.0069,0.0703,start,0,1500,VIDE,0.0,0.0,0.0,0.0,0.0,0.0,0,0,0.0,0.0,0.0,0.0,0.0,0.0,2.0,1.0,0.05,0.8,0.0,0.0,1
877,2026-04-22T14:24:32.630Z,S20260422_152334,SC01,AUTO,,58.0616,0.0547,start,0,1500,VIDE,0.0,0.0,0.0,0.0,0.0,0.0,0,0,0.0,0.0,0.0,0.0,0.0,0.0,2.0,1.0,0.05,0.8,0.0,0.0,1
878,2026-04-22T14:24:32.693Z,S20260422_152334,SC01,AUTO,,58.1247,0.063,start,0,1500,VIDE,0.0,0.0,0.0,0.0,0.0,0.0,0,0,0.0,0.0,0.0,0.0,0.0,0.0,2.0,1.0,0.05,0.8,0.0,0.0,1
879,2026-04-22T14:24:32.754Z,S20260422_152334,SC01,AUTO,,58.1855,0.0609,start,0,1500,VIDE,0.0,0.0,0.0,0.0,0.0,0.0,0,0,0.0,0.0,0.0,0.0,0.0,0.0,2.0,1.0,0.05,0.8,0.0,0.0,1
880,2026-04-22T14:24:32.821Z,S20260422_152334,SC01,AUTO,,58.2528,0.0673,start,0,1500,VIDE,0.0,0.0,0.0,0.0,0.0,0.0,0,0,0.0,0.0,0.0,0.0,0.0,0.0,2.0,1.0,0.05,0.8,0.0,0.0,1
881,2026-04-22T14:24:32.881Z,S20260422_152334,SC01,AUTO,,58.3125,0.0597,start,0,1500,VIDE,0.0,0.0,0.0,0.0,0.0,0.0,0,0,0.0,0.0,0.0,0.0,0.0,0.0,2.0,1.0,0.05,0.8,0.0,0.0,1
882,2026-04-22T14:24:32.941Z,S20260422_152334,SC01,AUTO,,58.3728,0.0603,start,0,1500,VIDE,0.0,0.0,0.0,0.0,0.0,0.0,0,0,0.0,0.0,0.0,0.0,0.0,0.0,2.0,1.0,0.05,0.8,0.0,0.0,1
883,2026-04-22T14:24:33.005Z,S20260422_152334,SC01,AUTO,,58.4368,0.064,start,0,1500,VIDE,0.0,0.0,0.0,0.0,0.0,0.0,0,0,0.0,0.0,0.0,0.0,0.0,0.0,2.0,1.0,0.05,0.8,0.0,0.0,1
884,2026-04-22T14:24:33.066Z,S20260422_152334,SC01,AUTO,,58.4978,0.0611,start,0,1500,VIDE,0.0,0.0,0.0,0.0,0.0,0.0,0,0,0.0,0.0,0.0,0.0,0.0,0.0,2.0,1.0,0.05,0.8,0.0,0.0,1
885,2026-04-22T14:24:33.129Z,S20260422_152334,SC01,AUTO,,58.5604,0.0625,start,0,1500,VIDE,0.0,0.0,0.0,0.0,0.0,0.0,0,0,0.0,0.0,0.0,0.0,0.0,0.0,2.0,1.0,0.05,0.8,0.0,0.0,1
886,2026-04-22T14:24:33.196Z,S20260422_152334,SC01,AUTO,,58.6281,0.0678,start,0,1500,VIDE,0.0,0.0,0.0,0.0,0.0,0.0,0,0,0.0,0.0,0.0,0.0,0.0,0.0,2.0,1.0,0.05,0.8,0.0,0.0,1
887,2026-04-22T14:24:33.261Z,S20260422_152334,SC01,AUTO,,58.6928,0.0647,start,0,1500,VIDE,0.0,0.0,0.0,0.0,0.0,0.0,0,0,0.0,0.0,0.0,0.0,0.0,0.0,2.0,1.0,0.05,0.8,0.0,0.0,1
888,2026-04-22T14:24:33.321Z,S20260422_152334,SC01,AUTO,,58.753,0.0602,start,0,1500,VIDE,0.0,0.0,0.0,0.0,0.0,0.0,0,0,0.0,0.0,0.0,0.0,0.0,0.0,2.0,1.0,0.05,0.8,0.0,0.0,1
889,2026-04-22T14:24:33.380Z,S20260422_152334,SC01,AUTO,,58.8119,0.0589,start,0,1500,VIDE,0.0,0.0,0.0,0.0,0.0,0.0,0,0,0.0,0.0,0.0,0.0,0.0,0.0,2.0,1.0,0.05,0.8,0.0,0.0,1
890,2026-04-22T14:24:33.443Z,S20260422_152334,SC01,AUTO,,58.8742,0.0623,start,0,1500,VIDE,0.0,0.0,0.0,0.0,0.0,0.0,0,0,0.0,0.0,0.0,0.0,0.0,0.0,2.0,1.0,0.05,0.8,0.0,0.0,1
891,2026-04-22T14:24:33.505Z,S20260422_152334,SC01,AUTO,,58.9366,0.0624,start,0,1500,VIDE,0.0,0.0,0.0,0.0,0.0,0.0,0,0,0.0,0.0,0.0,0.0,0.0,0.0,2.0,1.0,0.05,0.8,0.0,0.0,1
892,2026-04-22T14:24:33.579Z,S20260422_152334,SC01,AUTO,,59.0102,0.0736,start,0,1500,VIDE,0.0,0.0,0.0,0.0,0.0,0.0,0,0,0.0,0.0,0.0,0.0,0.0,0.0,2.0,1.0,0.05,0.8,0.0,0.0,1
893,2026-04-22T14:24:33.640Z,S20260422_152334,SC01,AUTO,,59.0714,0.0611,start,0,1500,VIDE,0.0,0.0,0.0,0.0,0.0,0.0,0,0,0.0,0.0,0.0,0.0,0.0,0.0,2.0,1.0,0.05,0.8,0.0,0.0,1
894,2026-04-22T14:24:33.701Z,S20260422_152334,SC01,AUTO,,59.1326,0.0613,start,0,1500,VIDE,0.0,0.0,0.0,0.0,0.0,0.0,0,0,0.0,0.0,0.0,0.0,0.0,0.0,2.0,1.0,0.05,0.8,0.0,0.0,1
895,2026-04-22T14:24:33.757Z,S20260422_152334,SC01,AUTO,,59.189,0.0563,start,0,1500,VIDE,0.0,0.0,0.0,0.0,0.0,0.0,0,0,0.0,0.0,0.0,0.0,0.0,0.0,2.0,1.0,0.05,0.8,0.0,0.0,1
896,2026-04-22T14:24:33.821Z,S20260422_152334,SC01,AUTO,,59.2526,0.0637,start,0,1500,VIDE,0.0,0.0,0.0,0.0,0.0,0.0,0,0,0.0,0.0,0.0,0.0,0.0,0.0,2.0,1.0,0.05,0.8,0.0,0.0,1
897,2026-04-22T14:24:33.880Z,S20260422_152334,SC01,AUTO,,59.3118,0.0591,start,0,1500,VIDE,0.0,0.0,0.0,0.0,0.0,0.0,0,0,0.0,0.0,0.0,0.0,0.0,0.0,2.0,1.0,0.05,0.8,0.0,0.0,1
898,2026-04-22T14:24:33.951Z,S20260422_152334,SC01,AUTO,,59.3823,0.0705,start,0,1500,VIDE,0.0,0.0,0.0,0.0,0.0,0.0,0,0,0.0,0.0,0.0,0.0,0.0,0.0,2.0,1.0,0.05,0.8,0.0,0.0,1
899,2026-04-22T14:24:34.012Z,S20260422_152334,SC01,AUTO,,59.4441,0.0618,start,0,1500,VIDE,0.0,0.0,0.0,0.0,0.0,0.0,0,0,0.0,0.0,0.0,0.0,0.0,0.0,2.0,1.0,0.05,0.8,0.0,0.0,1
900,2026-04-22T14:24:34.073Z,S20260422_152334,SC01,AUTO,,59.5045,0.0605,start,0,1500,VIDE,0.0,0.0,0.0,0.0,0.0,0.0,0,0,0.0,0.0,0.0,0.0,0.0,0.0,2.0,1.0,0.05,0.8,0.0,0.0,1
901,2026-04-22T14:24:34.135Z,S20260422_152334,SC01,AUTO,,59.5669,0.0624,start,0,1500,VIDE,0.0,0.0,0.0,0.0,0.0,0.0,0,0,0.0,0.0,0.0,0.0,0.0,0.0,2.0,1.0,0.05,0.8,0.0,0.0,1
902,2026-04-22T14:24:34.197Z,S20260422_152334,SC01,AUTO,,59.629,0.0621,start,0,1500,VIDE,0.0,0.0,0.0,0.0,0.0,0.0,0,0,0.0,0.0,0.0,0.0,0.0,0.0,2.0,1.0,0.05,0.8,0.0,0.0,1
903,2026-04-22T14:24:34.260Z,S20260422_152334,SC01,AUTO,,59.6913,0.0623,start,0,1500,VIDE,0.0,0.0,0.0,0.0,0.0,0.0,0,0,0.0,0.0,0.0,0.0,0.0,0.0,2.0,1.0,0.05,0.8,0.0,0.0,1
904,2026-04-22T14:24:34.321Z,S20260422_152334,SC01,AUTO,,59.7527,0.0615,start,0,1500,VIDE,0.0,0.0,0.0,0.0,0.0,0.0,0,0,0.0,0.0,0.0,0.0,0.0,0.0,2.0,1.0,0.05,0.8,0.0,0.0,1
905,2026-04-22T14:24:34.381Z,S20260422_152334,SC01,AUTO,,59.8124,0.0597,start,0,1500,VIDE,0.0,0.0,0.0,0.0,0.0,0.0,0,0,0.0,0.0,0.0,0.0,0.0,0.0,2.0,1.0,0.05,0.8,0.0,0.0,1
906,2026-04-22T14:24:34.446Z,S20260422_152334,SC01,AUTO,,59.8774,0.065,start,0,1500,VIDE,0.0,0.0,0.0,0.0,0.0,0.0,0,0,0.0,0.0,0.0,0.0,0.0,0.0,2.0,1.0,0.05,0.8,0.0,0.0,1
907,2026-04-22T14:24:34.505Z,S20260422_152334,SC01,AUTO,,59.9365,0.059,start,0,1500,VIDE,0.0,0.0,0.0,0.0,0.0,0.0,0,0,0.0,0.0,0.0,0.0,0.0,0.0,2.0,1.0,0.05,0.8,0.0,0.0,1
908,2026-04-22T14:24:34.570Z,S20260422_152334,SC01,AUTO,,60.0016,0.0652,start,0,1500,VIDE,0.0,0.0,0.0,0.0,0.0,0.0,0,0,0.0,0.0,0.0,0.0,0.0,0.0,2.0,1.0,0.05,0.8,0.0,0.0,1
909,2026-04-22T14:24:34.631Z,S20260422_152334,SC01,AUTO,,60.0629,0.0613,start,0,1500,VIDE,0.0,0.0,0.0,0.0,0.0,0.0,0,0,0.0,0.0,0.0,0.0,0.0,0.0,2.0,1.0,0.05,0.8,0.0,0.0,1
910,2026-04-22T14:24:34.692Z,S20260422_152334,SC01,AUTO,,60.124,0.061,start,0,1500,VIDE,0.0,0.0,0.0,0.0,0.0,0.0,0,0,0.0,0.0,0.0,0.0,0.0,0.0,2.0,1.0,0.05,0.8,0.0,0.0,1
911,2026-04-22T14:24:34.754Z,S20260422_152334,SC01,AUTO,,60.1853,0.0613,start,0,1500,VIDE,0.0,0.0,0.0,0.0,0.0,0.0,0,0,0.0,0.0,0.0,0.0,0.0,0.0,2.0,1.0,0.05,0.8,0.0,0.0,1
912,2026-04-22T14:24:34.821Z,S20260422_152334,SC01,AUTO,,60.2523,0.0671,start,0,1500,VIDE,0.0,0.0,0.0,0.0,0.0,0.0,0,0,0.0,0.0,0.0,0.0,0.0,0.0,2.0,1.0,0.05,0.8,0.0,0.0,1
913,2026-04-22T14:24:34.881Z,S20260422_152334,SC01,AUTO,,60.3123,0.0599,start,0,1500,VIDE,0.0,0.0,0.0,0.0,0.0,0.0,0,0,0.0,0.0,0.0,0.0,0.0,0.0,2.0,1.0,0.05,0.8,0.0,0.0,1
914,2026-04-22T14:24:34.953Z,S20260422_152334,SC01,AUTO,,60.3847,0.0725,start,0,1500,VIDE,0.0,0.0,0.0,0.0,0.0,0.0,0,0,0.0,0.0,0.0,0.0,0.0,0.0,2.0,1.0,0.05,0.8,0.0,0.0,1
915,2026-04-22T14:24:35.016Z,S20260422_152334,SC01,AUTO,,60.4478,0.0631,start,0,1500,VIDE,0.0,0.0,0.0,0.0,0.0,0.0,0,0,0.0,0.0,0.0,0.0,0.0,0.0,2.0,1.0,0.05,0.8,0.0,0.0,1
916,2026-04-22T14:24:35.078Z,S20260422_152334,SC01,AUTO,,60.5093,0.0615,start,0,1500,VIDE,0.0,0.0,0.0,0.0,0.0,0.0,0,0,0.0,0.0,0.0,0.0,0.0,0.0,2.0,1.0,0.05,0.8,0.0,0.0,1
917,2026-04-22T14:24:35.140Z,S20260422_152334,SC01,AUTO,,60.572,0.0627,start,0,1500,VIDE,0.0,0.0,0.0,0.0,0.0,0.0,0,0,0.0,0.0,0.0,0.0,0.0,0.0,2.0,1.0,0.05,0.8,0.0,0.0,1
918,2026-04-22T14:24:35.192Z,S20260422_152334,SC01,AUTO,,60.6241,0.0521,start,0,1500,VIDE,0.0,0.0,0.0,0.0,0.0,0.0,0,0,0.0,0.0,0.0,0.0,0.0,0.0,2.0,1.0,0.05,0.8,0.0,0.0,1
919,2026-04-22T14:24:35.258Z,S20260422_152334,SC01,AUTO,,60.6893,0.0651,start,0,1500,VIDE,0.0,0.0,0.0,0.0,0.0,0.0,0,0,0.0,0.0,0.0,0.0,0.0,0.0,2.0,1.0,0.05,0.8,0.0,0.0,1
920,2026-04-22T14:24:35.320Z,S20260422_152334,SC01,AUTO,,60.752,0.0627,start,0,1500,VIDE,0.0,0.0,0.0,0.0,0.0,0.0,0,0,0.0,0.0,0.0,0.0,0.0,0.0,2.0,1.0,0.05,0.8,0.0,0.0,1
921,2026-04-22T14:24:35.380Z,S20260422_152334,SC01,AUTO,,60.812,0.0601,start,0,1500,VIDE,0.0,0.0,0.0,0.0,0.0,0.0,0,0,0.0,0.0,0.0,0.0,0.0,0.0,2.0,1.0,0.05,0.8,0.0,0.0,1
922,2026-04-22T14:24:35.453Z,S20260422_152334,SC01,AUTO,,60.8843,0.0723,start,0,1500,VIDE,0.0,0.0,0.0,0.0,0.0,0.0,0,0,0.0,0.0,0.0,0.0,0.0,0.0,2.0,1.0,0.05,0.8,0.0,0.0,1
923,2026-04-22T14:24:35.514Z,S20260422_152334,SC01,AUTO,,60.9459,0.0616,start,0,1500,VIDE,0.0,0.0,0.0,0.0,0.0,0.0,0,0,0.0,0.0,0.0,0.0,0.0,0.0,2.0,1.0,0.05,0.8,0.0,0.0,1
924,2026-04-22T14:24:35.576Z,S20260422_152334,SC01,AUTO,,61.0078,0.0619,start,0,1500,VIDE,0.0,0.0,0.0,0.0,0.0,0.0,0,0,0.0,0.0,0.0,0.0,0.0,0.0,2.0,1.0,0.05,0.8,0.0,0.0,1
925,2026-04-22T14:24:35.638Z,S20260422_152334,SC01,AUTO,,61.0692,0.0614,start,0,1500,VIDE,0.0,0.0,0.0,0.0,0.0,0.0,0,0,0.0,0.0,0.0,0.0,0.0,0.0,2.0,1.0,0.05,0.8,0.0,0.0,1
926,2026-04-22T14:24:35.699Z,S20260422_152334,SC01,AUTO,,61.1306,0.0613,start,0,1500,VIDE,0.0,0.0,0.0,0.0,0.0,0.0,0,0,0.0,0.0,0.0,0.0,0.0,0.0,2.0,1.0,0.05,0.8,0.0,0.0,1
927,2026-04-22T14:24:35.761Z,S20260422_152334,SC01,AUTO,,61.1928,0.0623,start,0,1500,VIDE,0.0,0.0,0.0,0.0,0.0,0.0,0,0,0.0,0.0,0.0,0.0,0.0,0.0,2.0,1.0,0.05,0.8,0.0,0.0,1
928,2026-04-22T14:24:35.821Z,S20260422_152334,SC01,AUTO,,61.2524,0.0596,start,0,1500,VIDE,0.0,0.0,0.0,0.0,0.0,0.0,0,0,0.0,0.0,0.0,0.0,0.0,0.0,2.0,1.0,0.05,0.8,0.0,0.0,1
929,2026-04-22T14:24:35.880Z,S20260422_152334,SC01,AUTO,,61.312,0.0596,start,0,1500,VIDE,0.0,0.0,0.0,0.0,0.0,0.0,0,0,0.0,0.0,0.0,0.0,0.0,0.0,2.0,1.0,0.05,0.8,0.0,0.0,1
930,2026-04-22T14:24:35.950Z,S20260422_152334,SC01,AUTO,,61.3813,0.0693,start,0,1500,VIDE,0.0,0.0,0.0,0.0,0.0,0.0,0,0,0.0,0.0,0.0,0.0,0.0,0.0,2.0,1.0,0.05,0.8,0.0,0.0,1
931,2026-04-22T14:24:36.011Z,S20260422_152334,SC01,AUTO,,61.443,0.0617,start,0,1500,VIDE,0.0,0.0,0.0,0.0,0.0,0.0,0,0,0.0,0.0,0.0,0.0,0.0,0.0,2.0,1.0,0.05,0.8,0.0,0.0,1
932,2026-04-22T14:24:36.073Z,S20260422_152334,SC01,AUTO,,61.5044,0.0614,start,0,1500,VIDE,0.0,0.0,0.0,0.0,0.0,0.0,0,0,0.0,0.0,0.0,0.0,0.0,0.0,2.0,1.0,0.05,0.8,0.0,0.0,1
933,2026-04-22T14:24:36.136Z,S20260422_152334,SC01,AUTO,,61.5674,0.063,start,0,1500,VIDE,0.0,0.0,0.0,0.0,0.0,0.0,0,0,0.0,0.0,0.0,0.0,0.0,0.0,2.0,1.0,0.05,0.8,0.0,0.0,1
934,2026-04-22T14:24:36.200Z,S20260422_152334,SC01,AUTO,,61.6312,0.0638,start,0,1500,VIDE,0.0,0.0,0.0,0.0,0.0,0.0,0,0,0.0,0.0,0.0,0.0,0.0,0.0,2.0,1.0,0.05,0.8,0.0,0.0,1
935,2026-04-22T14:24:36.261Z,S20260422_152334,SC01,AUTO,,61.6931,0.0619,start,0,1500,VIDE,0.0,0.0,0.0,0.0,0.0,0.0,0,0,0.0,0.0,0.0,0.0,0.0,0.0,2.0,1.0,0.05,0.8,0.0,0.0,1
936,2026-04-22T14:24:36.321Z,S20260422_152334,SC01,AUTO,,61.7525,0.0594,start,0,1500,VIDE,0.0,0.0,0.0,0.0,0.0,0.0,0,0,0.0,0.0,0.0,0.0,0.0,0.0,2.0,1.0,0.05,0.8,0.0,0.0,1
937,2026-04-22T14:24:36.380Z,S20260422_152334,SC01,AUTO,,61.8118,0.0593,start,0,1500,VIDE,0.0,0.0,0.0,0.0,0.0,0.0,0,0,0.0,0.0,0.0,0.0,0.0,0.0,2.0,1.0,0.05,0.8,0.0,0.0,1
938,2026-04-22T14:24:36.449Z,S20260422_152334,SC01,AUTO,,61.8803,0.0685,start,0,1500,VIDE,0.0,0.0,0.0,0.0,0.0,0.0,0,0,0.0,0.0,0.0,0.0,0.0,0.0,2.0,1.0,0.05,0.8,0.0,0.0,1
939,2026-04-22T14:24:36.510Z,S20260422_152334,SC01,AUTO,,61.942,0.0617,start,0,1500,VIDE,0.0,0.0,0.0,0.0,0.0,0.0,0,0,0.0,0.0,0.0,0.0,0.0,0.0,2.0,1.0,0.05,0.8,0.0,0.0,1
940,2026-04-22T14:24:36.573Z,S20260422_152334,SC01,AUTO,,62.0049,0.0629,start,0,1500,VIDE,0.0,0.0,0.0,0.0,0.0,0.0,0,0,0.0,0.0,0.0,0.0,0.0,0.0,2.0,1.0,0.05,0.8,0.0,0.0,1
941,2026-04-22T14:24:36.634Z,S20260422_152334,SC01,AUTO,,62.0661,0.0613,start,0,1500,VIDE,0.0,0.0,0.0,0.0,0.0,0.0,0,0,0.0,0.0,0.0,0.0,0.0,0.0,2.0,1.0,0.05,0.8,0.0,0.0,1
942,2026-04-22T14:24:36.697Z,S20260422_152334,SC01,AUTO,,62.1288,0.0627,start,0,1500,VIDE,0.0,0.0,0.0,0.0,0.0,0.0,0,0,0.0,0.0,0.0,0.0,0.0,0.0,2.0,1.0,0.05,0.8,0.0,0.0,1
943,2026-04-22T14:24:36.759Z,S20260422_152334,SC01,AUTO,,62.1907,0.0618,start,0,1500,VIDE,0.0,0.0,0.0,0.0,0.0,0.0,0,0,0.0,0.0,0.0,0.0,0.0,0.0,2.0,1.0,0.05,0.8,0.0,0.0,1
944,2026-04-22T14:24:36.820Z,S20260422_152334,SC01,AUTO,,62.2513,0.0607,start,0,1500,VIDE,0.0,0.0,0.0,0.0,0.0,0.0,0,0,0.0,0.0,0.0,0.0,0.0,0.0,2.0,1.0,0.05,0.8,0.0,0.0,1
945,2026-04-22T14:24:36.881Z,S20260422_152334,SC01,AUTO,,62.3124,0.0611,start,0,1500,VIDE,0.0,0.0,0.0,0.0,0.0,0.0,0,0,0.0,0.0,0.0,0.0,0.0,0.0,2.0,1.0,0.05,0.8,0.0,0.0,1
946,2026-04-22T14:24:36.945Z,S20260422_152334,SC01,AUTO,,62.3769,0.0645,start,0,1500,VIDE,0.0,0.0,0.0,0.0,0.0,0.0,0,0,0.0,0.0,0.0,0.0,0.0,0.0,2.0,1.0,0.05,0.8,0.0,0.0,1
947,2026-04-22T14:24:37.008Z,S20260422_152334,SC01,AUTO,,62.4397,0.0628,start,0,1500,VIDE,0.0,0.0,0.0,0.0,0.0,0.0,0,0,0.0,0.0,0.0,0.0,0.0,0.0,2.0,1.0,0.05,0.8,0.0,0.0,1
948,2026-04-22T14:24:37.070Z,S20260422_152334,SC01,AUTO,,62.5014,0.0617,start,0,1500,VIDE,0.0,0.0,0.0,0.0,0.0,0.0,0,0,0.0,0.0,0.0,0.0,0.0,0.0,2.0,1.0,0.05,0.8,0.0,0.0,1
949,2026-04-22T14:24:37.132Z,S20260422_152334,SC01,AUTO,,62.5636,0.0621,start,0,1500,VIDE,0.0,0.0,0.0,0.0,0.0,0.0,0,0,0.0,0.0,0.0,0.0,0.0,0.0,2.0,1.0,0.05,0.8,0.0,0.0,1
950,2026-04-22T14:24:37.194Z,S20260422_152334,SC01,AUTO,,62.6253,0.0617,start,0,1500,VIDE,0.0,0.0,0.0,0.0,0.0,0.0,0,0,0.0,0.0,0.0,0.0,0.0,0.0,2.0,1.0,0.05,0.8,0.0,0.0,1
951,2026-04-22T14:24:37.255Z,S20260422_152334,SC01,AUTO,,62.6869,0.0617,start,0,1500,VIDE,0.0,0.0,0.0,0.0,0.0,0.0,0,0,0.0,0.0,0.0,0.0,0.0,0.0,2.0,1.0,0.05,0.8,0.0,0.0,1
952,2026-04-22T14:24:37.318Z,S20260422_152334,SC01,AUTO,,62.7499,0.063,start,0,1500,VIDE,0.0,0.0,0.0,0.0,0.0,0.0,0,0,0.0,0.0,0.0,0.0,0.0,0.0,2.0,1.0,0.05,0.8,0.0,0.0,1
953,2026-04-22T14:24:37.380Z,S20260422_152334,SC01,AUTO,,62.8121,0.0622,start,0,1500,VIDE,0.0,0.0,0.0,0.0,0.0,0.0,0,0,0.0,0.0,0.0,0.0,0.0,0.0,2.0,1.0,0.05,0.8,0.0,0.0,1
954,2026-04-22T14:24:37.443Z,S20260422_152334,SC01,AUTO,,62.8743,0.0622,start,0,1500,VIDE,0.0,0.0,0.0,0.0,0.0,0.0,0,0,0.0,0.0,0.0,0.0,0.0,0.0,2.0,1.0,0.05,0.8,0.0,0.0,1
955,2026-04-22T14:24:37.505Z,S20260422_152334,SC01,AUTO,,62.9364,0.0621,start,0,1500,VIDE,0.0,0.0,0.0,0.0,0.0,0.0,0,0,0.0,0.0,0.0,0.0,0.0,0.0,2.0,1.0,0.05,0.8,0.0,0.0,1
956,2026-04-22T14:24:37.568Z,S20260422_152334,SC01,AUTO,,63.0001,0.0637,start,0,1500,VIDE,0.0,0.0,0.0,0.0,0.0,0.0,0,0,0.0,0.0,0.0,0.0,0.0,0.0,2.0,1.0,0.05,0.8,0.0,0.0,1
957,2026-04-22T14:24:37.630Z,S20260422_152334,SC01,AUTO,,63.0614,0.0613,start,0,1500,VIDE,0.0,0.0,0.0,0.0,0.0,0.0,0,0,0.0,0.0,0.0,0.0,0.0,0.0,2.0,1.0,0.05,0.8,0.0,0.0,1
958,2026-04-22T14:24:37.692Z,S20260422_152334,SC01,AUTO,,63.1233,0.062,start,0,1500,VIDE,0.0,0.0,0.0,0.0,0.0,0.0,0,0,0.0,0.0,0.0,0.0,0.0,0.0,2.0,1.0,0.05,0.8,0.0,0.0,1
959,2026-04-22T14:24:37.754Z,S20260422_152334,SC01,AUTO,,63.1858,0.0625,start,0,1500,VIDE,0.0,0.0,0.0,0.0,0.0,0.0,0,0,0.0,0.0,0.0,0.0,0.0,0.0,2.0,1.0,0.05,0.8,0.0,0.0,1
960,2026-04-22T14:24:37.821Z,S20260422_152334,SC01,AUTO,,63.2524,0.0665,start,0,1500,VIDE,0.0,0.0,0.0,0.0,0.0,0.0,0,0,0.0,0.0,0.0,0.0,0.0,0.0,2.0,1.0,0.05,0.8,0.0,0.0,1
961,2026-04-22T14:24:37.878Z,S20260422_152334,SC01,AUTO,,63.3102,0.0578,start,0,1500,VIDE,0.0,0.0,0.0,0.0,0.0,0.0,0,0,0.0,0.0,0.0,0.0,0.0,0.0,2.0,1.0,0.05,0.8,0.0,0.0,1
962,2026-04-22T14:24:37.942Z,S20260422_152334,SC01,AUTO,,63.3734,0.0632,start,0,1500,VIDE,0.0,0.0,0.0,0.0,0.0,0.0,0,0,0.0,0.0,0.0,0.0,0.0,0.0,2.0,1.0,0.05,0.8,0.0,0.0,1
963,2026-04-22T14:24:38.018Z,S20260422_152334,SC01,AUTO,,63.4501,0.0768,start,0,1500,VIDE,0.0,0.0,0.0,0.0,0.0,0.0,0,0,0.0,0.0,0.0,0.0,0.0,0.0,2.0,1.0,0.05,0.8,0.0,0.0,1
964,2026-04-22T14:24:38.067Z,S20260422_152334,SC01,AUTO,,63.4983,0.0482,start,0,1500,VIDE,0.0,0.0,0.0,0.0,0.0,0.0,0,0,0.0,0.0,0.0,0.0,0.0,0.0,2.0,1.0,0.05,0.8,0.0,0.0,1
965,2026-04-22T14:24:38.140Z,S20260422_152334,SC01,AUTO,,63.5721,0.0738,start,0,1500,VIDE,0.0,0.0,0.0,0.0,0.0,0.0,0,0,0.0,0.0,0.0,0.0,0.0,0.0,2.0,1.0,0.05,0.8,0.0,0.0,1
966,2026-04-22T14:24:38.200Z,S20260422_152334,SC01,AUTO,,63.632,0.0599,start,0,1500,VIDE,0.0,0.0,0.0,0.0,0.0,0.0,0,0,0.0,0.0,0.0,0.0,0.0,0.0,2.0,1.0,0.05,0.8,0.0,0.0,1
967,2026-04-22T14:24:38.260Z,S20260422_152334,SC01,AUTO,,63.692,0.06,start,0,1500,VIDE,0.0,0.0,0.0,0.0,0.0,0.0,0,0,0.0,0.0,0.0,0.0,0.0,0.0,2.0,1.0,0.05,0.8,0.0,0.0,1
968,2026-04-22T14:24:38.320Z,S20260422_152334,SC01,AUTO,,63.7521,0.0601,start,0,1500,VIDE,0.0,0.0,0.0,0.0,0.0,0.0,0,0,0.0,0.0,0.0,0.0,0.0,0.0,2.0,1.0,0.05,0.8,0.0,0.0,1
969,2026-04-22T14:24:38.380Z,S20260422_152334,SC01,AUTO,,63.8121,0.0599,start,0,1500,VIDE,0.0,0.0,0.0,0.0,0.0,0.0,0,0,0.0,0.0,0.0,0.0,0.0,0.0,2.0,1.0,0.05,0.8,0.0,0.0,1
970,2026-04-22T14:24:38.453Z,S20260422_152334,SC01,AUTO,,63.8844,0.0723,start,0,1500,VIDE,0.0,0.0,0.0,0.0,0.0,0.0,0,0,0.0,0.0,0.0,0.0,0.0,0.0,2.0,1.0,0.05,0.8,0.0,0.0,1
971,2026-04-22T14:24:38.514Z,S20260422_152334,SC01,AUTO,,63.946,0.0616,start,0,1500,VIDE,0.0,0.0,0.0,0.0,0.0,0.0,0,0,0.0,0.0,0.0,0.0,0.0,0.0,2.0,1.0,0.05,0.8,0.0,0.0,1
972,2026-04-22T14:24:38.579Z,S20260422_152334,SC01,AUTO,,64.0105,0.0646,start,0,1500,VIDE,0.0,0.0,0.0,0.0,0.0,0.0,0,0,0.0,0.0,0.0,0.0,0.0,0.0,2.0,1.0,0.05,0.8,0.0,0.0,1
973,2026-04-22T14:24:38.641Z,S20260422_152334,SC01,AUTO,,64.0727,0.0622,start,0,1500,VIDE,0.0,0.0,0.0,0.0,0.0,0.0,0,0,0.0,0.0,0.0,0.0,0.0,0.0,2.0,1.0,0.05,0.8,0.0,0.0,1
974,2026-04-22T14:24:38.700Z,S20260422_152334,SC01,AUTO,,64.1321,0.0594,start,0,1500,VIDE,0.0,0.0,0.0,0.0,0.0,0.0,0,0,0.0,0.0,0.0,0.0,0.0,0.0,2.0,1.0,0.05,0.8,0.0,0.0,1
975,2026-04-22T14:24:38.761Z,S20260422_152334,SC01,AUTO,,64.1929,0.0608,start,0,1500,VIDE,0.0,0.0,0.0,0.0,0.0,0.0,0,0,0.0,0.0,0.0,0.0,0.0,0.0,2.0,1.0,0.05,0.8,0.0,0.0,1
976,2026-04-22T14:24:38.820Z,S20260422_152334,SC01,AUTO,,64.252,0.0591,start,0,1500,VIDE,0.0,0.0,0.0,0.0,0.0,0.0,0,0,0.0,0.0,0.0,0.0,0.0,0.0,2.0,1.0,0.05,0.8,0.0,0.0,1
977,2026-04-22T14:24:38.881Z,S20260422_152334,SC01,AUTO,,64.3127,0.0607,start,0,1500,VIDE,0.0,0.0,0.0,0.0,0.0,0.0,0,0,0.0,0.0,0.0,0.0,0.0,0.0,2.0,1.0,0.05,0.8,0.0,0.0,1
978,2026-04-22T14:24:38.941Z,S20260422_152334,SC01,AUTO,,64.3725,0.0598,start,0,1500,VIDE,0.0,0.0,0.0,0.0,0.0,0.0,0,0,0.0,0.0,0.0,0.0,0.0,0.0,2.0,1.0,0.05,0.8,0.0,0.0,1
979,2026-04-22T14:24:39.016Z,S20260422_152334,SC01,AUTO,,64.4476,0.0751,start,0,1500,VIDE,0.0,0.0,0.0,0.0,0.0,0.0,0,0,0.0,0.0,0.0,0.0,0.0,0.0,2.0,1.0,0.05,0.8,0.0,0.0,1
980,2026-04-22T14:24:39.078Z,S20260422_152334,SC01,AUTO,,64.5095,0.0619,start,0,1500,VIDE,0.0,0.0,0.0,0.0,0.0,0.0,0,0,0.0,0.0,0.0,0.0,0.0,0.0,2.0,1.0,0.05,0.8,0.0,0.0,1
981,2026-04-22T14:24:39.141Z,S20260422_152334,SC01,AUTO,,64.5726,0.0631,start,0,1500,VIDE,0.0,0.0,0.0,0.0,0.0,0.0,0,0,0.0,0.0,0.0,0.0,0.0,0.0,2.0,1.0,0.05,0.8,0.0,0.0,1
982,2026-04-22T14:24:39.201Z,S20260422_152334,SC01,AUTO,,64.6322,0.0596,start,0,1500,VIDE,0.0,0.0,0.0,0.0,0.0,0.0,0,0,0.0,0.0,0.0,0.0,0.0,0.0,2.0,1.0,0.05,0.8,0.0,0.0,1
983,2026-04-22T14:24:39.260Z,S20260422_152334,SC01,AUTO,,64.692,0.0598,start,0,1500,VIDE,0.0,0.0,0.0,0.0,0.0,0.0,0,0,0.0,0.0,0.0,0.0,0.0,0.0,2.0,1.0,0.05,0.8,0.0,0.0,1
984,2026-04-22T14:24:39.321Z,S20260422_152334,SC01,AUTO,,64.7522,0.0603,start,0,1500,VIDE,0.0,0.0,0.0,0.0,0.0,0.0,0,0,0.0,0.0,0.0,0.0,0.0,0.0,2.0,1.0,0.05,0.8,0.0,0.0,1
985,2026-04-22T14:24:39.381Z,S20260422_152334,SC01,AUTO,,64.8127,0.0604,start,0,1500,VIDE,0.0,0.0,0.0,0.0,0.0,0.0,0,0,0.0,0.0,0.0,0.0,0.0,0.0,2.0,1.0,0.05,0.8,0.0,0.0,1
986,2026-04-22T14:24:39.451Z,S20260422_152334,SC01,AUTO,,64.8829,0.0702,start,0,1500,VIDE,0.0,0.0,0.0,0.0,0.0,0.0,0,0,0.0,0.0,0.0,0.0,0.0,0.0,2.0,1.0,0.05,0.8,0.0,0.0,1
987,2026-04-22T14:24:39.504Z,S20260422_152334,SC01,AUTO,,64.9356,0.0527,start,0,1500,VIDE,0.0,0.0,0.0,0.0,0.0,0.0,0,0,0.0,0.0,0.0,0.0,0.0,0.0,2.0,1.0,0.05,0.8,0.0,0.0,1
988,2026-04-22T14:24:39.576Z,S20260422_152334,SC01,AUTO,,65.0076,0.072,start,0,1500,VIDE,0.0,0.0,0.0,0.0,0.0,0.0,0,0,0.0,0.0,0.0,0.0,0.0,0.0,2.0,1.0,0.05,0.8,0.0,0.0,1
989,2026-04-22T14:24:39.638Z,S20260422_152334,SC01,AUTO,,65.0696,0.062,start,0,1500,VIDE,0.0,0.0,0.0,0.0,0.0,0.0,0,0,0.0,0.0,0.0,0.0,0.0,0.0,2.0,1.0,0.05,0.8,0.0,0.0,1
990,2026-04-22T14:24:39.701Z,S20260422_152334,SC01,AUTO,,65.1329,0.0632,start,0,1500,VIDE,0.0,0.0,0.0,0.0,0.0,0.0,0,0,0.0,0.0,0.0,0.0,0.0,0.0,2.0,1.0,0.05,0.8,0.0,0.0,1
991,2026-04-22T14:24:39.761Z,S20260422_152334,SC01,AUTO,,65.1927,0.0599,start,0,1500,VIDE,0.0,0.0,0.0,0.0,0.0,0.0,0,0,0.0,0.0,0.0,0.0,0.0,0.0,2.0,1.0,0.05,0.8,0.0,0.0,1
992,2026-04-22T14:24:39.821Z,S20260422_152334,SC01,AUTO,,65.2525,0.0598,start,0,1500,VIDE,0.0,0.0,0.0,0.0,0.0,0.0,0,0,0.0,0.0,0.0,0.0,0.0,0.0,2.0,1.0,0.05,0.8,0.0,0.0,1
993,2026-04-22T14:24:39.881Z,S20260422_152334,SC01,AUTO,,65.3125,0.06,start,0,1500,VIDE,0.0,0.0,0.0,0.0,0.0,0.0,0,0,0.0,0.0,0.0,0.0,0.0,0.0,2.0,1.0,0.05,0.8,0.0,0.0,1
994,2026-04-22T14:24:39.951Z,S20260422_152334,SC01,AUTO,,65.3826,0.0701,start,0,1500,VIDE,0.0,0.0,0.0,0.0,0.0,0.0,0,0,0.0,0.0,0.0,0.0,0.0,0.0,2.0,1.0,0.05,0.8,0.0,0.0,1
995,2026-04-22T14:24:40.013Z,S20260422_152334,SC01,AUTO,,65.4449,0.0623,start,0,1500,VIDE,0.0,0.0,0.0,0.0,0.0,0.0,0,0,0.0,0.0,0.0,0.0,0.0,0.0,2.0,1.0,0.05,0.8,0.0,0.0,1
996,2026-04-22T14:24:40.075Z,S20260422_152334,SC01,AUTO,,65.5063,0.0614,start,0,1500,VIDE,0.0,0.0,0.0,0.0,0.0,0.0,0,0,0.0,0.0,0.0,0.0,0.0,0.0,2.0,1.0,0.05,0.8,0.0,0.0,1
997,2026-04-22T14:24:40.136Z,S20260422_152334,SC01,AUTO,,65.5678,0.0615,start,0,1500,VIDE,0.0,0.0,0.0,0.0,0.0,0.0,0,0,0.0,0.0,0.0,0.0,0.0,0.0,2.0,1.0,0.05,0.8,0.0,0.0,1
998,2026-04-22T14:24:40.199Z,S20260422_152334,SC01,AUTO,,65.6311,0.0634,start,0,1500,VIDE,0.0,0.0,0.0,0.0,0.0,0.0,0,0,0.0,0.0,0.0,0.0,0.0,0.0,2.0,1.0,0.05,0.8,0.0,0.0,1
999,2026-04-22T14:24:40.261Z,S20260422_152334,SC01,AUTO,,65.6925,0.0614,start,0,1500,VIDE,0.0,0.0,0.0,0.0,0.0,0.0,0,0,0.0,0.0,0.0,0.0,0.0,0.0,2.0,1.0,0.05,0.8,0.0,0.0,1
1000,2026-04-22T14:24:40.321Z,S20260422_152334,SC01,AUTO,,65.7523,0.0597,start,0,1500,VIDE,0.0,0.0,0.0,0.0,0.0,0.0,0,0,0.0,0.0,0.0,0.0,0.0,0.0,2.0,1.0,0.05,0.8,0.0,0.0,1
1001,2026-04-22T14:24:40.380Z,S20260422_152334,SC01,AUTO,,65.8117,0.0594,start,0,1500,VIDE,0.0,0.0,0.0,0.0,0.0,0.0,0,0,0.0,0.0,0.0,0.0,0.0,0.0,2.0,1.0,0.05,0.8,0.0,0.0,1
1002,2026-04-22T14:24:40.449Z,S20260422_152334,SC01,AUTO,,65.8803,0.0686,start,0,1500,VIDE,0.0,0.0,0.0,0.0,0.0,0.0,0,0,0.0,0.0,0.0,0.0,0.0,0.0,2.0,1.0,0.05,0.8,0.0,0.0,1
1003,2026-04-22T14:24:40.511Z,S20260422_152334,SC01,AUTO,,65.9431,0.0628,start,0,1500,VIDE,0.0,0.0,0.0,0.0,0.0,0.0,0,0,0.0,0.0,0.0,0.0,0.0,0.0,2.0,1.0,0.05,0.8,0.0,0.0,1
1004,2026-04-22T14:24:40.575Z,S20260422_152334,SC01,AUTO,,66.0063,0.0633,start,0,1500,VIDE,0.0,0.0,0.0,0.0,0.0,0.0,0,0,0.0,0.0,0.0,0.0,0.0,0.0,2.0,1.0,0.05,0.8,0.0,0.0,1
1005,2026-04-22T14:24:40.636Z,S20260422_152334,SC01,AUTO,,66.0675,0.0612,start,0,1500,VIDE,0.0,0.0,0.0,0.0,0.0,0.0,0,0,0.0,0.0,0.0,0.0,0.0,0.0,2.0,1.0,0.05,0.8,0.0,0.0,1
1006,2026-04-22T14:24:40.700Z,S20260422_152334,SC01,AUTO,,66.1315,0.064,start,0,1500,VIDE,0.0,0.0,0.0,0.0,0.0,0.0,0,0,0.0,0.0,0.0,0.0,0.0,0.0,2.0,1.0,0.05,0.8,0.0,0.0,1
1007,2026-04-22T14:24:40.760Z,S20260422_152334,SC01,AUTO,,66.1918,0.0604,start,0,1500,VIDE,0.0,0.0,0.0,0.0,0.0,0.0,0,0,0.0,0.0,0.0,0.0,0.0,0.0,2.0,1.0,0.05,0.8,0.0,0.0,1
1008,2026-04-22T14:24:40.820Z,S20260422_152334,SC01,AUTO,,66.2519,0.06,start,0,1500,VIDE,0.0,0.0,0.0,0.0,0.0,0.0,0,0,0.0,0.0,0.0,0.0,0.0,0.0,2.0,1.0,0.05,0.8,0.0,0.0,1
1009,2026-04-22T14:24:40.881Z,S20260422_152334,SC01,AUTO,,66.3124,0.0605,start,0,1500,VIDE,0.0,0.0,0.0,0.0,0.0,0.0,0,0,0.0,0.0,0.0,0.0,0.0,0.0,2.0,1.0,0.05,0.8,0.0,0.0,1
1010,2026-04-22T14:24:40.941Z,S20260422_152334,SC01,AUTO,,66.3729,0.0606,start,0,1500,VIDE,0.0,0.0,0.0,0.0,0.0,0.0,0,0,0.0,0.0,0.0,0.0,0.0,0.0,2.0,1.0,0.05,0.8,0.0,0.0,1
1011,2026-04-22T14:24:41.013Z,S20260422_152334,SC01,AUTO,,66.4443,0.0714,start,0,1500,VIDE,0.0,0.0,0.0,0.0,0.0,0.0,0,0,0.0,0.0,0.0,0.0,0.0,0.0,2.0,1.0,0.05,0.8,0.0,0.0,1
1012,2026-04-22T14:24:41.074Z,S20260422_152334,SC01,AUTO,,66.5058,0.0615,start,0,1500,VIDE,0.0,0.0,0.0,0.0,0.0,0.0,0,0,0.0,0.0,0.0,0.0,0.0,0.0,2.0,1.0,0.05,0.8,0.0,0.0,1
1013,2026-04-22T14:24:41.137Z,S20260422_152334,SC01,AUTO,,66.5688,0.063,start,0,1500,VIDE,0.0,0.0,0.0,0.0,0.0,0.0,0,0,0.0,0.0,0.0,0.0,0.0,0.0,2.0,1.0,0.05,0.8,0.0,0.0,1
1014,2026-04-22T14:24:41.201Z,S20260422_152334,SC01,AUTO,,66.6327,0.064,start,0,1500,VIDE,0.0,0.0,0.0,0.0,0.0,0.0,0,0,0.0,0.0,0.0,0.0,0.0,0.0,2.0,1.0,0.05,0.8,0.0,0.0,1
1015,2026-04-22T14:24:41.261Z,S20260422_152334,SC01,AUTO,,66.693,0.0603,start,0,1500,VIDE,0.0,0.0,0.0,0.0,0.0,0.0,0,0,0.0,0.0,0.0,0.0,0.0,0.0,2.0,1.0,0.05,0.8,0.0,0.0,1
1016,2026-04-22T14:24:41.320Z,S20260422_152334,SC01,AUTO,,66.7521,0.059,start,0,1500,VIDE,0.0,0.0,0.0,0.0,0.0,0.0,0,0,0.0,0.0,0.0,0.0,0.0,0.0,2.0,1.0,0.05,0.8,0.0,0.0,1
1017,2026-04-22T14:24:41.381Z,S20260422_152334,SC01,AUTO,,66.8122,0.0602,start,0,1500,VIDE,0.0,0.0,0.0,0.0,0.0,0.0,0,0,0.0,0.0,0.0,0.0,0.0,0.0,2.0,1.0,0.05,0.8,0.0,0.0,1
1018,2026-04-22T14:24:41.449Z,S20260422_152334,SC01,AUTO,,66.8804,0.0682,start,0,1500,VIDE,0.0,0.0,0.0,0.0,0.0,0.0,0,0,0.0,0.0,0.0,0.0,0.0,0.0,2.0,1.0,0.05,0.8,0.0,0.0,1
1019,2026-04-22T14:24:41.512Z,S20260422_152334,SC01,AUTO,,66.9432,0.0627,start,0,1500,VIDE,0.0,0.0,0.0,0.0,0.0,0.0,0,0,0.0,0.0,0.0,0.0,0.0,0.0,2.0,1.0,0.05,0.8,0.0,0.0,1
1020,2026-04-22T14:24:41.573Z,S20260422_152334,SC01,AUTO,,67.0049,0.0617,start,0,1500,VIDE,0.0,0.0,0.0,0.0,0.0,0.0,0,0,0.0,0.0,0.0,0.0,0.0,0.0,2.0,1.0,0.05,0.8,0.0,0.0,1
1021,2026-04-22T14:24:41.635Z,S20260422_152334,SC01,AUTO,,67.0666,0.0617,start,0,1500,VIDE,0.0,0.0,0.0,0.0,0.0,0.0,0,0,0.0,0.0,0.0,0.0,0.0,0.0,2.0,1.0,0.05,0.8,0.0,0.0,1
1022,2026-04-22T14:24:41.698Z,S20260422_152334,SC01,AUTO,,67.1294,0.0627,start,0,1500,VIDE,0.0,0.0,0.0,0.0,0.0,0.0,0,0,0.0,0.0,0.0,0.0,0.0,0.0,2.0,1.0,0.05,0.8,0.0,0.0,1
1023,2026-04-22T14:24:41.760Z,S20260422_152334,SC01,AUTO,,67.1919,0.0626,start,0,1500,VIDE,0.0,0.0,0.0,0.0,0.0,0.0,0,0,0.0,0.0,0.0,0.0,0.0,0.0,2.0,1.0,0.05,0.8,0.0,0.0,1
1024,2026-04-22T14:24:41.821Z,S20260422_152334,SC01,AUTO,,67.2529,0.061,start,0,1500,VIDE,0.0,0.0,0.0,0.0,0.0,0.0,0,0,0.0,0.0,0.0,0.0,0.0,0.0,2.0,1.0,0.05,0.8,0.0,0.0,1
1025,2026-04-22T14:24:41.881Z,S20260422_152334,SC01,AUTO,,67.3128,0.0598,start,0,1500,VIDE,0.0,0.0,0.0,0.0,0.0,0.0,0,0,0.0,0.0,0.0,0.0,0.0,0.0,2.0,1.0,0.05,0.8,0.0,0.0,1
1026,2026-04-22T14:24:41.946Z,S20260422_152334,SC01,AUTO,,67.3773,0.0645,start,0,1500,VIDE,0.0,0.0,0.0,0.0,0.0,0.0,0,0,0.0,0.0,0.0,0.0,0.0,0.0,2.0,1.0,0.05,0.8,0.0,0.0,1
1027,2026-04-22T14:24:42.009Z,S20260422_152334,SC01,AUTO,,67.4406,0.0634,start,0,1500,VIDE,0.0,0.0,0.0,0.0,0.0,0.0,0,0,0.0,0.0,0.0,0.0,0.0,0.0,2.0,1.0,0.05,0.8,0.0,0.0,1
1028,2026-04-22T14:24:42.067Z,S20260422_152334,SC01,AUTO,,67.4986,0.058,start,0,1500,VIDE,0.0,0.0,0.0,0.0,0.0,0.0,0,0,0.0,0.0,0.0,0.0,0.0,0.0,2.0,1.0,0.05,0.8,0.0,0.0,1
1029,2026-04-22T14:24:42.130Z,S20260422_152334,SC01,AUTO,,67.5616,0.063,start,0,1500,VIDE,0.0,0.0,0.0,0.0,0.0,0.0,0,0,0.0,0.0,0.0,0.0,0.0,0.0,2.0,1.0,0.05,0.8,0.0,0.0,1
1030,2026-04-22T14:24:42.193Z,S20260422_152334,SC01,AUTO,,67.6249,0.0633,start,0,1500,VIDE,0.0,0.0,0.0,0.0,0.0,0.0,0,0,0.0,0.0,0.0,0.0,0.0,0.0,2.0,1.0,0.05,0.8,0.0,0.0,1
1031,2026-04-22T14:24:42.257Z,S20260422_152334,SC01,AUTO,,67.6891,0.0642,start,0,1500,VIDE,0.0,0.0,0.0,0.0,0.0,0.0,0,0,0.0,0.0,0.0,0.0,0.0,0.0,2.0,1.0,0.05,0.8,0.0,0.0,1
1032,2026-04-22T14:24:42.316Z,S20260422_152334,SC01,AUTO,,67.7479,0.0588,start,0,1500,VIDE,0.0,0.0,0.0,0.0,0.0,0.0,0,0,0.0,0.0,0.0,0.0,0.0,0.0,2.0,1.0,0.05,0.8,0.0,0.0,1
1033,2026-04-22T14:24:42.379Z,S20260422_152334,SC01,AUTO,,67.8109,0.0629,start,0,1500,VIDE,0.0,0.0,0.0,0.0,0.0,0.0,0,0,0.0,0.0,0.0,0.0,0.0,0.0,2.0,1.0,0.05,0.8,0.0,0.0,1
1034,2026-04-22T14:24:42.443Z,S20260422_152334,SC01,AUTO,,67.8743,0.0635,start,0,1500,VIDE,0.0,0.0,0.0,0.0,0.0,0.0,0,0,0.0,0.0,0.0,0.0,0.0,0.0,2.0,1.0,0.05,0.8,0.0,0.0,1
1035,2026-04-22T14:24:42.505Z,S20260422_152334,SC01,AUTO,,67.9371,0.0627,start,0,1500,VIDE,0.0,0.0,0.0,0.0,0.0,0.0,0,0,0.0,0.0,0.0,0.0,0.0,0.0,2.0,1.0,0.05,0.8,0.0,0.0,1
1036,2026-04-22T14:24:42.571Z,S20260422_152334,SC01,AUTO,,68.0031,0.066,start,0,1500,VIDE,0.0,0.0,0.0,0.0,0.0,0.0,0,0,0.0,0.0,0.0,0.0,0.0,0.0,2.0,1.0,0.05,0.8,0.0,0.0,1
1037,2026-04-22T14:24:42.633Z,S20260422_152334,SC01,AUTO,,68.0642,0.0611,start,0,1500,VIDE,0.0,0.0,0.0,0.0,0.0,0.0,0,0,0.0,0.0,0.0,0.0,0.0,0.0,2.0,1.0,0.05,0.8,0.0,0.0,1
1038,2026-04-22T14:24:42.694Z,S20260422_152334,SC01,AUTO,,68.1252,0.061,start,0,1500,VIDE,0.0,0.0,0.0,0.0,0.0,0.0,0,0,0.0,0.0,0.0,0.0,0.0,0.0,2.0,1.0,0.05,0.8,0.0,0.0,1
1039,2026-04-22T14:24:42.757Z,S20260422_152334,SC01,AUTO,,68.1886,0.0634,start,0,1500,VIDE,0.0,0.0,0.0,0.0,0.0,0.0,0,0,0.0,0.0,0.0,0.0,0.0,0.0,2.0,1.0,0.05,0.8,0.0,0.0,1
1040,2026-04-22T14:24:42.818Z,S20260422_152334,SC01,AUTO,,68.2494,0.0609,start,0,1500,VIDE,0.0,0.0,0.0,0.0,0.0,0.0,0,0,0.0,0.0,0.0,0.0,0.0,0.0,2.0,1.0,0.05,0.8,0.0,0.0,1
1041,2026-04-22T14:24:42.880Z,S20260422_152334,SC01,AUTO,,68.3114,0.062,start,0,1500,VIDE,0.0,0.0,0.0,0.0,0.0,0.0,0,0,0.0,0.0,0.0,0.0,0.0,0.0,2.0,1.0,0.05,0.8,0.0,0.0,1
1042,2026-04-22T14:24:42.943Z,S20260422_152334,SC01,AUTO,,68.3745,0.0631,start,0,1500,VIDE,0.0,0.0,0.0,0.0,0.0,0.0,0,0,0.0,0.0,0.0,0.0,0.0,0.0,2.0,1.0,0.05,0.8,0.0,0.0,1
1043,2026-04-22T14:24:43.005Z,S20260422_152334,SC01,AUTO,,68.4364,0.0619,start,0,1500,VIDE,0.0,0.0,0.0,0.0,0.0,0.0,0,0,0.0,0.0,0.0,0.0,0.0,0.0,2.0,1.0,0.05,0.8,0.0,0.0,1
1044,2026-04-22T14:24:43.067Z,S20260422_152334,SC01,AUTO,,68.4984,0.062,start,0,1500,VIDE,0.0,0.0,0.0,0.0,0.0,0.0,0,0,0.0,0.0,0.0,0.0,0.0,0.0,2.0,1.0,0.05,0.8,0.0,0.0,1
1045,2026-04-22T14:24:43.129Z,S20260422_152334,SC01,AUTO,,68.5604,0.062,start,0,1500,VIDE,0.0,0.0,0.0,0.0,0.0,0.0,0,0,0.0,0.0,0.0,0.0,0.0,0.0,2.0,1.0,0.05,0.8,0.0,0.0,1
1046,2026-04-22T14:24:43.192Z,S20260422_152334,SC01,AUTO,,68.6234,0.0631,start,0,1500,VIDE,0.0,0.0,0.0,0.0,0.0,0.0,0,0,0.0,0.0,0.0,0.0,0.0,0.0,2.0,1.0,0.05,0.8,0.0,0.0,1
1047,2026-04-22T14:24:43.261Z,S20260422_152334,SC01,AUTO,,68.6924,0.069,start,0,1500,VIDE,0.0,0.0,0.0,0.0,0.0,0.0,0,0,0.0,0.0,0.0,0.0,0.0,0.0,2.0,1.0,0.05,0.8,0.0,0.0,1
1048,2026-04-22T14:24:43.321Z,S20260422_152334,SC01,AUTO,,68.7524,0.06,start,0,1500,VIDE,0.0,0.0,0.0,0.0,0.0,0.0,0,0,0.0,0.0,0.0,0.0,0.0,0.0,2.0,1.0,0.05,0.8,0.0,0.0,1
1049,2026-04-22T14:24:43.379Z,S20260422_152334,SC01,AUTO,,68.8105,0.0581,start,0,1500,VIDE,0.0,0.0,0.0,0.0,0.0,0.0,0,0,0.0,0.0,0.0,0.0,0.0,0.0,2.0,1.0,0.05,0.8,0.0,0.0,1
1050,2026-04-22T14:24:43.441Z,S20260422_152334,SC01,AUTO,,68.8729,0.0624,start,0,1500,VIDE,0.0,0.0,0.0,0.0,0.0,0.0,0,0,0.0,0.0,0.0,0.0,0.0,0.0,2.0,1.0,0.05,0.8,0.0,0.0,1
1051,2026-04-22T14:24:43.504Z,S20260422_152334,SC01,AUTO,,68.9355,0.0625,start,0,1500,VIDE,0.0,0.0,0.0,0.0,0.0,0.0,0,0,0.0,0.0,0.0,0.0,0.0,0.0,2.0,1.0,0.05,0.8,0.0,0.0,1
1052,2026-04-22T14:24:43.570Z,S20260422_152334,SC01,AUTO,,69.0016,0.0661,start,0,1500,VIDE,0.0,0.0,0.0,0.0,0.0,0.0,0,0,0.0,0.0,0.0,0.0,0.0,0.0,2.0,1.0,0.05,0.8,0.0,0.0,1
1053,2026-04-22T14:24:43.633Z,S20260422_152334,SC01,AUTO,,69.065,0.0634,start,0,1500,VIDE,0.0,0.0,0.0,0.0,0.0,0.0,0,0,0.0,0.0,0.0,0.0,0.0,0.0,2.0,1.0,0.05,0.8,0.0,0.0,1
1054,2026-04-22T14:24:43.697Z,S20260422_152334,SC01,AUTO,,69.1291,0.0642,start,0,1500,VIDE,0.0,0.0,0.0,0.0,0.0,0.0,0,0,0.0,0.0,0.0,0.0,0.0,0.0,2.0,1.0,0.05,0.8,0.0,0.0,1
1055,2026-04-22T14:24:43.754Z,S20260422_152334,SC01,AUTO,,69.1855,0.0563,start,0,1500,VIDE,0.0,0.0,0.0,0.0,0.0,0.0,0,0,0.0,0.0,0.0,0.0,0.0,0.0,2.0,1.0,0.05,0.8,0.0,0.0,1
1056,2026-04-22T14:24:43.821Z,S20260422_152334,SC01,AUTO,,69.2524,0.0669,start,0,1500,VIDE,0.0,0.0,0.0,0.0,0.0,0.0,0,0,0.0,0.0,0.0,0.0,0.0,0.0,2.0,1.0,0.05,0.8,0.0,0.0,1
1057,2026-04-22T14:24:43.880Z,S20260422_152334,SC01,AUTO,,69.3118,0.0594,start,0,1500,VIDE,0.0,0.0,0.0,0.0,0.0,0.0,0,0,0.0,0.0,0.0,0.0,0.0,0.0,2.0,1.0,0.05,0.8,0.0,0.0,1
1058,2026-04-22T14:24:43.941Z,S20260422_152334,SC01,AUTO,,69.3728,0.061,start,0,1500,VIDE,0.0,0.0,0.0,0.0,0.0,0.0,0,0,0.0,0.0,0.0,0.0,0.0,0.0,2.0,1.0,0.05,0.8,0.0,0.0,1
1059,2026-04-22T14:24:44.005Z,S20260422_152334,SC01,AUTO,,69.4364,0.0636,start,0,1500,VIDE,0.0,0.0,0.0,0.0,0.0,0.0,0,0,0.0,0.0,0.0,0.0,0.0,0.0,2.0,1.0,0.05,0.8,0.0,0.0,1
1060,2026-04-22T14:24:44.069Z,S20260422_152334,SC01,AUTO,,69.5007,0.0643,start,0,1500,VIDE,0.0,0.0,0.0,0.0,0.0,0.0,0,0,0.0,0.0,0.0,0.0,0.0,0.0,2.0,1.0,0.05,0.8,0.0,0.0,1
1061,2026-04-22T14:24:44.132Z,S20260422_152334,SC01,AUTO,,69.5635,0.0628,start,0,1500,VIDE,0.0,0.0,0.0,0.0,0.0,0.0,0,0,0.0,0.0,0.0,0.0,0.0,0.0,2.0,1.0,0.05,0.8,0.0,0.0,1
1062,2026-04-22T14:24:44.194Z,S20260422_152334,SC01,AUTO,,69.6257,0.0623,start,0,1500,VIDE,0.0,0.0,0.0,0.0,0.0,0.0,0,0,0.0,0.0,0.0,0.0,0.0,0.0,2.0,1.0,0.05,0.8,0.0,0.0,1
1063,2026-04-22T14:24:44.257Z,S20260422_152334,SC01,AUTO,,69.6885,0.0628,start,0,1500,VIDE,0.0,0.0,0.0,0.0,0.0,0.0,0,0,0.0,0.0,0.0,0.0,0.0,0.0,2.0,1.0,0.05,0.8,0.0,0.0,1
1064,2026-04-22T14:24:44.319Z,S20260422_152334,SC01,AUTO,,69.751,0.0624,start,0,1500,VIDE,0.0,0.0,0.0,0.0,0.0,0.0,0,0,0.0,0.0,0.0,0.0,0.0,0.0,2.0,1.0,0.05,0.8,0.0,0.0,1
1065,2026-04-22T14:24:44.380Z,S20260422_152334,SC01,AUTO,,69.8118,0.0609,start,0,1500,VIDE,0.0,0.0,0.0,0.0,0.0,0.0,0,0,0.0,0.0,0.0,0.0,0.0,0.0,2.0,1.0,0.05,0.8,0.0,0.0,1
1066,2026-04-22T14:24:44.442Z,S20260422_152334,SC01,AUTO,,69.8735,0.0617,start,0,1500,VIDE,0.0,0.0,0.0,0.0,0.0,0.0,0,0,0.0,0.0,0.0,0.0,0.0,0.0,2.0,1.0,0.05,0.8,0.0,0.0,1
1067,2026-04-22T14:24:44.505Z,S20260422_152334,SC01,AUTO,,69.9369,0.0634,start,0,1500,VIDE,0.0,0.0,0.0,0.0,0.0,0.0,0,0,0.0,0.0,0.0,0.0,0.0,0.0,2.0,1.0,0.05,0.8,0.0,0.0,1
1068,2026-04-22T14:24:44.568Z,S20260422_152334,SC01,AUTO,,69.9992,0.0623,start,0,1500,VIDE,0.0,0.0,0.0,0.0,0.0,0.0,0,0,0.0,0.0,0.0,0.0,0.0,0.0,2.0,1.0,0.05,0.8,0.0,0.0,1
1069,2026-04-22T14:24:44.630Z,S20260422_152334,SC01,AUTO,,70.0613,0.062,start,0,1500,VIDE,0.0,0.0,0.0,0.0,0.0,0.0,0,0,0.0,0.0,0.0,0.0,0.0,0.0,2.0,1.0,0.05,0.8,0.0,0.0,1
1070,2026-04-22T14:24:44.691Z,S20260422_152334,SC01,AUTO,,70.123,0.0617,start,0,1500,VIDE,0.0,0.0,0.0,0.0,0.0,0.0,0,0,0.0,0.0,0.0,0.0,0.0,0.0,2.0,1.0,0.05,0.8,0.0,0.0,1
1071,2026-04-22T14:24:44.754Z,S20260422_152334,SC01,AUTO,,70.1853,0.0622,start,0,1500,VIDE,0.0,0.0,0.0,0.0,0.0,0.0,0,0,0.0,0.0,0.0,0.0,0.0,0.0,2.0,1.0,0.05,0.8,0.0,0.0,1
1072,2026-04-22T14:24:44.821Z,S20260422_152334,SC01,AUTO,,70.2524,0.0671,start,0,1500,VIDE,0.0,0.0,0.0,0.0,0.0,0.0,0,0,0.0,0.0,0.0,0.0,0.0,0.0,2.0,1.0,0.05,0.8,0.0,0.0,1
1073,2026-04-22T14:24:44.881Z,S20260422_152334,SC01,AUTO,,70.3124,0.06,start,0,1500,VIDE,0.0,0.0,0.0,0.0,0.0,0.0,0,0,0.0,0.0,0.0,0.0,0.0,0.0,2.0,1.0,0.05,0.8,0.0,0.0,1
1074,2026-04-22T14:24:44.955Z,S20260422_152334,SC01,AUTO,,70.387,0.0746,start,0,1500,VIDE,0.0,0.0,0.0,0.0,0.0,0.0,0,0,0.0,0.0,0.0,0.0,0.0,0.0,2.0,1.0,0.05,0.8,0.0,0.0,1
1075,2026-04-22T14:24:45.005Z,S20260422_152334,SC01,AUTO,,70.4362,0.0492,start,0,1500,VIDE,0.0,0.0,0.0,0.0,0.0,0.0,0,0,0.0,0.0,0.0,0.0,0.0,0.0,2.0,1.0,0.05,0.8,0.0,0.0,1
1076,2026-04-22T14:24:45.066Z,S20260422_152334,SC01,AUTO,,70.4981,0.0619,start,0,1500,VIDE,0.0,0.0,0.0,0.0,0.0,0.0,0,0,0.0,0.0,0.0,0.0,0.0,0.0,2.0,1.0,0.05,0.8,0.0,0.0,1
1077,2026-04-22T14:24:45.141Z,S20260422_152334,SC01,AUTO,,70.5726,0.0745,start,0,1500,VIDE,0.0,0.0,0.0,0.0,0.0,0.0,0,0,0.0,0.0,0.0,0.0,0.0,0.0,2.0,1.0,0.05,0.8,0.0,0.0,1
1078,2026-04-22T14:24:45.196Z,S20260422_152334,SC01,AUTO,,70.628,0.0554,start,0,1500,VIDE,0.0,0.0,0.0,0.0,0.0,0.0,0,0,0.0,0.0,0.0,0.0,0.0,0.0,2.0,1.0,0.05,0.8,0.0,0.0,1
1079,2026-04-22T14:24:45.260Z,S20260422_152334,SC01,AUTO,,70.6914,0.0635,start,0,1500,VIDE,0.0,0.0,0.0,0.0,0.0,0.0,0,0,0.0,0.0,0.0,0.0,0.0,0.0,2.0,1.0,0.05,0.8,0.0,0.0,1
1080,2026-04-22T14:24:45.321Z,S20260422_152334,SC01,AUTO,,70.7527,0.0613,start,0,1500,VIDE,0.0,0.0,0.0,0.0,0.0,0.0,0,0,0.0,0.0,0.0,0.0,0.0,0.0,2.0,1.0,0.05,0.8,0.0,0.0,1
1081,2026-04-22T14:24:45.381Z,S20260422_152334,SC01,AUTO,,70.8122,0.0595,start,0,1500,VIDE,0.0,0.0,0.0,0.0,0.0,0.0,0,0,0.0,0.0,0.0,0.0,0.0,0.0,2.0,1.0,0.05,0.8,0.0,0.0,1
1082,2026-04-22T14:24:45.449Z,S20260422_152334,SC01,AUTO,,70.881,0.0688,start,0,1500,VIDE,0.0,0.0,0.0,0.0,0.0,0.0,0,0,0.0,0.0,0.0,0.0,0.0,0.0,2.0,1.0,0.05,0.8,0.0,0.0,1
1083,2026-04-22T14:24:45.505Z,S20260422_152334,SC01,AUTO,,70.9369,0.0559,start,0,1500,VIDE,0.0,0.0,0.0,0.0,0.0,0.0,0,0,0.0,0.0,0.0,0.0,0.0,0.0,2.0,1.0,0.05,0.8,0.0,0.0,1
1084,2026-04-22T14:24:45.570Z,S20260422_152334,SC01,AUTO,,71.0014,0.0644,start,0,1500,VIDE,0.0,0.0,0.0,0.0,0.0,0.0,0,0,0.0,0.0,0.0,0.0,0.0,0.0,2.0,1.0,0.05,0.8,0.0,0.0,1
1085,2026-04-22T14:24:45.633Z,S20260422_152334,SC01,AUTO,,71.0649,0.0636,start,0,1500,VIDE,0.0,0.0,0.0,0.0,0.0,0.0,0,0,0.0,0.0,0.0,0.0,0.0,0.0,2.0,1.0,0.05,0.8,0.0,0.0,1
1086,2026-04-22T14:24:45.700Z,S20260422_152334,SC01,AUTO,,71.1319,0.067,start,0,1500,VIDE,0.0,0.0,0.0,0.0,0.0,0.0,0,0,0.0,0.0,0.0,0.0,0.0,0.0,2.0,1.0,0.05,0.8,0.0,0.0,1
1087,2026-04-22T14:24:45.761Z,S20260422_152334,SC01,AUTO,,71.1928,0.0609,start,0,1500,VIDE,0.0,0.0,0.0,0.0,0.0,0.0,0,0,0.0,0.0,0.0,0.0,0.0,0.0,2.0,1.0,0.05,0.8,0.0,0.0,1
1088,2026-04-22T14:24:45.817Z,S20260422_152334,SC01,AUTO,,71.249,0.0561,start,0,1500,VIDE,0.0,0.0,0.0,0.0,0.0,0.0,0,0,0.0,0.0,0.0,0.0,0.0,0.0,2.0,1.0,0.05,0.8,0.0,0.0,1
1089,2026-04-22T14:24:45.880Z,S20260422_152334,SC01,AUTO,,71.3117,0.0627,start,0,1500,VIDE,0.0,0.0,0.0,0.0,0.0,0.0,0,0,0.0,0.0,0.0,0.0,0.0,0.0,2.0,1.0,0.05,0.8,0.0,0.0,1
1090,2026-04-22T14:24:45.941Z,S20260422_152334,SC01,AUTO,,71.3731,0.0614,start,0,1500,VIDE,0.0,0.0,0.0,0.0,0.0,0.0,0,0,0.0,0.0,0.0,0.0,0.0,0.0,2.0,1.0,0.05,0.8,0.0,0.0,1
1091,2026-04-22T14:24:46.011Z,S20260422_152334,SC01,AUTO,,71.4426,0.0695,start,0,1500,VIDE,0.0,0.0,0.0,0.0,0.0,0.0,0,0,0.0,0.0,0.0,0.0,0.0,0.0,2.0,1.0,0.05,0.8,0.0,0.0,1
1092,2026-04-22T14:24:46.073Z,S20260422_152334,SC01,AUTO,,71.5046,0.062,start,0,1500,VIDE,0.0,0.0,0.0,0.0,0.0,0.0,0,0,0.0,0.0,0.0,0.0,0.0,0.0,2.0,1.0,0.05,0.8,0.0,0.0,1
1093,2026-04-22T14:24:46.134Z,S20260422_152334,SC01,AUTO,,71.5654,0.0609,start,0,1500,VIDE,0.0,0.0,0.0,0.0,0.0,0.0,0,0,0.0,0.0,0.0,0.0,0.0,0.0,2.0,1.0,0.05,0.8,0.0,0.0,1
1094,2026-04-22T14:24:46.196Z,S20260422_152334,SC01,AUTO,,71.6278,0.0624,start,0,1500,VIDE,0.0,0.0,0.0,0.0,0.0,0.0,0,0,0.0,0.0,0.0,0.0,0.0,0.0,2.0,1.0,0.05,0.8,0.0,0.0,1
1095,2026-04-22T14:24:46.259Z,S20260422_152334,SC01,AUTO,,71.6906,0.0628,start,0,1500,VIDE,0.0,0.0,0.0,0.0,0.0,0.0,0,0,0.0,0.0,0.0,0.0,0.0,0.0,2.0,1.0,0.05,0.8,0.0,0.0,1
1096,2026-04-22T14:24:46.321Z,S20260422_152334,SC01,AUTO,,71.753,0.0624,start,0,1500,VIDE,0.0,0.0,0.0,0.0,0.0,0.0,0,0,0.0,0.0,0.0,0.0,0.0,0.0,2.0,1.0,0.05,0.8,0.0,0.0,1
1097,2026-04-22T14:24:46.381Z,S20260422_152334,SC01,AUTO,,71.8126,0.0596,start,0,1500,VIDE,0.0,0.0,0.0,0.0,0.0,0.0,0,0,0.0,0.0,0.0,0.0,0.0,0.0,2.0,1.0,0.05,0.8,0.0,0.0,1
1098,2026-04-22T14:24:46.447Z,S20260422_152334,SC01,AUTO,,71.8785,0.0659,start,0,1500,VIDE,0.0,0.0,0.0,0.0,0.0,0.0,0,0,0.0,0.0,0.0,0.0,0.0,0.0,2.0,1.0,0.05,0.8,0.0,0.0,1
1099,2026-04-22T14:24:46.509Z,S20260422_152334,SC01,AUTO,,71.9406,0.0621,start,0,1500,VIDE,0.0,0.0,0.0,0.0,0.0,0.0,0,0,0.0,0.0,0.0,0.0,0.0,0.0,2.0,1.0,0.05,0.8,0.0,0.0,1
1100,2026-04-22T14:24:46.572Z,S20260422_152334,SC01,AUTO,,72.0038,0.0632,start,0,1500,VIDE,0.0,0.0,0.0,0.0,0.0,0.0,0,0,0.0,0.0,0.0,0.0,0.0,0.0,2.0,1.0,0.05,0.8,0.0,0.0,1
1101,2026-04-22T14:24:46.635Z,S20260422_152334,SC01,AUTO,,72.0665,0.0627,start,0,1500,VIDE,0.0,0.0,0.0,0.0,0.0,0.0,0,0,0.0,0.0,0.0,0.0,0.0,0.0,2.0,1.0,0.05,0.8,0.0,0.0,1
1102,2026-04-22T14:24:46.698Z,S20260422_152334,SC01,AUTO,,72.1296,0.0631,start,0,1500,VIDE,0.0,0.0,0.0,0.0,0.0,0.0,0,0,0.0,0.0,0.0,0.0,0.0,0.0,2.0,1.0,0.05,0.8,0.0,0.0,1
1103,2026-04-22T14:24:46.759Z,S20260422_152334,SC01,AUTO,,72.1904,0.0608,start,0,1500,VIDE,0.0,0.0,0.0,0.0,0.0,0.0,0,0,0.0,0.0,0.0,0.0,0.0,0.0,2.0,1.0,0.05,0.8,0.0,0.0,1
1104,2026-04-22T14:24:46.817Z,S20260422_152334,SC01,AUTO,,72.2482,0.0578,start,0,1500,VIDE,0.0,0.0,0.0,0.0,0.0,0.0,0,0,0.0,0.0,0.0,0.0,0.0,0.0,2.0,1.0,0.05,0.8,0.0,0.0,1
1105,2026-04-22T14:24:46.880Z,S20260422_152334,SC01,AUTO,,72.3121,0.064,start,0,1500,VIDE,0.0,0.0,0.0,0.0,0.0,0.0,0,0,0.0,0.0,0.0,0.0,0.0,0.0,2.0,1.0,0.05,0.8,0.0,0.0,1
1106,2026-04-22T14:24:46.947Z,S20260422_152334,SC01,AUTO,,72.3791,0.0669,start,0,1500,VIDE,0.0,0.0,0.0,0.0,0.0,0.0,0,0,0.0,0.0,0.0,0.0,0.0,0.0,2.0,1.0,0.05,0.8,0.0,0.0,1
1107,2026-04-22T14:24:47.009Z,S20260422_152334,SC01,AUTO,,72.4406,0.0615,start,0,1500,VIDE,0.0,0.0,0.0,0.0,0.0,0.0,0,0,0.0,0.0,0.0,0.0,0.0,0.0,2.0,1.0,0.05,0.8,0.0,0.0,1
1108,2026-04-22T14:24:47.070Z,S20260422_152334,SC01,AUTO,,72.5012,0.0606,start,0,1500,VIDE,0.0,0.0,0.0,0.0,0.0,0.0,0,0,0.0,0.0,0.0,0.0,0.0,0.0,2.0,1.0,0.05,0.8,0.0,0.0,1
1109,2026-04-22T14:24:47.130Z,S20260422_152334,SC01,AUTO,,72.562,0.0608,start,0,1500,VIDE,0.0,0.0,0.0,0.0,0.0,0.0,0,0,0.0,0.0,0.0,0.0,0.0,0.0,2.0,1.0,0.05,0.8,0.0,0.0,1
1110,2026-04-22T14:24:47.193Z,S20260422_152334,SC01,AUTO,,72.6248,0.0627,start,0,1500,VIDE,0.0,0.0,0.0,0.0,0.0,0.0,0,0,0.0,0.0,0.0,0.0,0.0,0.0,2.0,1.0,0.05,0.8,0.0,0.0,1
1111,2026-04-22T14:24:47.254Z,S20260422_152334,SC01,AUTO,,72.6859,0.0611,start,0,1500,VIDE,0.0,0.0,0.0,0.0,0.0,0.0,0,0,0.0,0.0,0.0,0.0,0.0,0.0,2.0,1.0,0.05,0.8,0.0,0.0,1
1112,2026-04-22T14:24:47.317Z,S20260422_152334,SC01,AUTO,,72.7484,0.0625,start,0,1500,VIDE,0.0,0.0,0.0,0.0,0.0,0.0,0,0,0.0,0.0,0.0,0.0,0.0,0.0,2.0,1.0,0.05,0.8,0.0,0.0,1
1113,2026-04-22T14:24:47.379Z,S20260422_152334,SC01,AUTO,,72.8109,0.0625,start,0,1500,VIDE,0.0,0.0,0.0,0.0,0.0,0.0,0,0,0.0,0.0,0.0,0.0,0.0,0.0,2.0,1.0,0.05,0.8,0.0,0.0,1
1114,2026-04-22T14:24:47.441Z,S20260422_152334,SC01,AUTO,,72.8726,0.0617,start,0,1500,VIDE,0.0,0.0,0.0,0.0,0.0,0.0,0,0,0.0,0.0,0.0,0.0,0.0,0.0,2.0,1.0,0.05,0.8,0.0,0.0,1
1115,2026-04-22T14:24:47.518Z,S20260422_152334,SC01,AUTO,,72.9501,0.0775,start,0,1500,VIDE,0.0,0.0,0.0,0.0,0.0,0.0,0,0,0.0,0.0,0.0,0.0,0.0,0.0,2.0,1.0,0.05,0.8,0.0,0.0,1
1116,2026-04-22T14:24:47.568Z,S20260422_152334,SC01,AUTO,,73.0,0.0499,start,0,1500,VIDE,0.0,0.0,0.0,0.0,0.0,0.0,0,0,0.0,0.0,0.0,0.0,0.0,0.0,2.0,1.0,0.05,0.8,0.0,0.0,1
1117,2026-04-22T14:24:47.629Z,S20260422_152334,SC01,AUTO,,73.0604,0.0603,start,0,1500,VIDE,0.0,0.0,0.0,0.0,0.0,0.0,0,0,0.0,0.0,0.0,0.0,0.0,0.0,2.0,1.0,0.05,0.8,0.0,0.0,1
1118,2026-04-22T14:24:47.697Z,S20260422_152334,SC01,AUTO,,73.1288,0.0684,start,0,1500,VIDE,0.0,0.0,0.0,0.0,0.0,0.0,0,0,0.0,0.0,0.0,0.0,0.0,0.0,2.0,1.0,0.05,0.8,0.0,0.0,1
1119,2026-04-22T14:24:47.761Z,S20260422_152334,SC01,AUTO,,73.1924,0.0636,start,0,1500,VIDE,0.0,0.0,0.0,0.0,0.0,0.0,0,0,0.0,0.0,0.0,0.0,0.0,0.0,2.0,1.0,0.05,0.8,0.0,0.0,1
1120,2026-04-22T14:24:47.821Z,S20260422_152334,SC01,AUTO,,73.2523,0.0598,start,0,1500,VIDE,0.0,0.0,0.0,0.0,0.0,0.0,0,0,0.0,0.0,0.0,0.0,0.0,0.0,2.0,1.0,0.05,0.8,0.0,0.0,1
1121,2026-04-22T14:24:47.881Z,S20260422_152334,SC01,AUTO,,73.3125,0.0603,start,0,1500,VIDE,0.0,0.0,0.0,0.0,0.0,0.0,0,0,0.0,0.0,0.0,0.0,0.0,0.0,2.0,1.0,0.05,0.8,0.0,0.0,1
1122,2026-04-22T14:24:47.941Z,S20260422_152334,SC01,AUTO,,73.3725,0.06,start,0,1500,VIDE,0.0,0.0,0.0,0.0,0.0,0.0,0,0,0.0,0.0,0.0,0.0,0.0,0.0,2.0,1.0,0.05,0.8,0.0,0.0,1
1123,2026-04-22T14:24:48.016Z,S20260422_152334,SC01,AUTO,,73.4477,0.0752,start,0,1500,VIDE,0.0,0.0,0.0,0.0,0.0,0.0,0,0,0.0,0.0,0.0,0.0,0.0,0.0,2.0,1.0,0.05,0.8,0.0,0.0,1
1124,2026-04-22T14:24:48.080Z,S20260422_152334,SC01,AUTO,,73.5117,0.064,start,0,1500,VIDE,0.0,0.0,0.0,0.0,0.0,0.0,0,0,0.0,0.0,0.0,0.0,0.0,0.0,2.0,1.0,0.05,0.8,0.0,0.0,1
1125,2026-04-22T14:24:48.130Z,S20260422_152334,SC01,AUTO,,73.5615,0.0497,start,0,1500,VIDE,0.0,0.0,0.0,0.0,0.0,0.0,0,0,0.0,0.0,0.0,0.0,0.0,0.0,2.0,1.0,0.05,0.8,0.0,0.0,1
1126,2026-04-22T14:24:48.194Z,S20260422_152334,SC01,AUTO,,73.6253,0.0638,start,0,1500,VIDE,0.0,0.0,0.0,0.0,0.0,0.0,0,0,0.0,0.0,0.0,0.0,0.0,0.0,2.0,1.0,0.05,0.8,0.0,0.0,1
1127,2026-04-22T14:24:48.257Z,S20260422_152334,SC01,AUTO,,73.6889,0.0636,start,0,1500,VIDE,0.0,0.0,0.0,0.0,0.0,0.0,0,0,0.0,0.0,0.0,0.0,0.0,0.0,2.0,1.0,0.05,0.8,0.0,0.0,1
1128,2026-04-22T14:24:48.320Z,S20260422_152334,SC01,AUTO,,73.752,0.0631,start,0,1500,VIDE,0.0,0.0,0.0,0.0,0.0,0.0,0,0,0.0,0.0,0.0,0.0,0.0,0.0,2.0,1.0,0.05,0.8,0.0,0.0,1
1129,2026-04-22T14:24:48.380Z,S20260422_152334,SC01,AUTO,,73.8117,0.0597,start,0,1500,VIDE,0.0,0.0,0.0,0.0,0.0,0.0,0,0,0.0,0.0,0.0,0.0,0.0,0.0,2.0,1.0,0.05,0.8,0.0,0.0,1
1130,2026-04-22T14:24:48.449Z,S20260422_152334,SC01,AUTO,,73.8807,0.069,start,0,1500,VIDE,0.0,0.0,0.0,0.0,0.0,0.0,0,0,0.0,0.0,0.0,0.0,0.0,0.0,2.0,1.0,0.05,0.8,0.0,0.0,1
1131,2026-04-22T14:24:48.511Z,S20260422_152334,SC01,AUTO,,73.9424,0.0617,start,0,1500,VIDE,0.0,0.0,0.0,0.0,0.0,0.0,0,0,0.0,0.0,0.0,0.0,0.0,0.0,2.0,1.0,0.05,0.8,0.0,0.0,1
1132,2026-04-22T14:24:48.578Z,S20260422_152334,SC01,AUTO,,74.0101,0.0676,start,0,1500,VIDE,0.0,0.0,0.0,0.0,0.0,0.0,0,0,0.0,0.0,0.0,0.0,0.0,0.0,2.0,1.0,0.05,0.8,0.0,0.0,1
1133,2026-04-22T14:24:48.639Z,S20260422_152334,SC01,AUTO,,74.0702,0.0602,start,0,1500,VIDE,0.0,0.0,0.0,0.0,0.0,0.0,0,0,0.0,0.0,0.0,0.0,0.0,0.0,2.0,1.0,0.05,0.8,0.0,0.0,1
1134,2026-04-22T14:24:48.700Z,S20260422_152334,SC01,AUTO,,74.1319,0.0616,start,0,1500,VIDE,0.0,0.0,0.0,0.0,0.0,0.0,0,0,0.0,0.0,0.0,0.0,0.0,0.0,2.0,1.0,0.05,0.8,0.0,0.0,1
1135,2026-04-22T14:24:48.760Z,S20260422_152334,SC01,AUTO,,74.1918,0.06,start,0,1500,VIDE,0.0,0.0,0.0,0.0,0.0,0.0,0,0,0.0,0.0,0.0,0.0,0.0,0.0,2.0,1.0,0.05,0.8,0.0,0.0,1
1136,2026-04-22T14:24:48.821Z,S20260422_152334,SC01,AUTO,,74.2525,0.0607,start,0,1500,VIDE,0.0,0.0,0.0,0.0,0.0,0.0,0,0,0.0,0.0,0.0,0.0,0.0,0.0,2.0,1.0,0.05,0.8,0.0,0.0,1
1137,2026-04-22T14:24:48.881Z,S20260422_152334,SC01,AUTO,,74.3123,0.0597,start,0,1500,VIDE,0.0,0.0,0.0,0.0,0.0,0.0,0,0,0.0,0.0,0.0,0.0,0.0,0.0,2.0,1.0,0.05,0.8,0.0,0.0,1
1138,2026-04-22T14:24:48.950Z,S20260422_152334,SC01,AUTO,,74.3815,0.0692,start,0,1500,VIDE,0.0,0.0,0.0,0.0,0.0,0.0,0,0,0.0,0.0,0.0,0.0,0.0,0.0,2.0,1.0,0.05,0.8,0.0,0.0,1
1139,2026-04-22T14:24:49.013Z,S20260422_152334,SC01,AUTO,,74.4443,0.0628,start,0,1500,VIDE,0.0,0.0,0.0,0.0,0.0,0.0,0,0,0.0,0.0,0.0,0.0,0.0,0.0,2.0,1.0,0.05,0.8,0.0,0.0,1
1140,2026-04-22T14:24:49.076Z,S20260422_152334,SC01,AUTO,,74.5074,0.0631,start,0,1500,VIDE,0.0,0.0,0.0,0.0,0.0,0.0,0,0,0.0,0.0,0.0,0.0,0.0,0.0,2.0,1.0,0.05,0.8,0.0,0.0,1
1141,2026-04-22T14:24:49.138Z,S20260422_152334,SC01,AUTO,,74.5693,0.062,start,0,1500,VIDE,0.0,0.0,0.0,0.0,0.0,0.0,0,0,0.0,0.0,0.0,0.0,0.0,0.0,2.0,1.0,0.05,0.8,0.0,0.0,1
1142,2026-04-22T14:24:49.199Z,S20260422_152334,SC01,AUTO,,74.6306,0.0613,start,0,1500,VIDE,0.0,0.0,0.0,0.0,0.0,0.0,0,0,0.0,0.0,0.0,0.0,0.0,0.0,2.0,1.0,0.05,0.8,0.0,0.0,1
1143,2026-04-22T14:24:49.261Z,S20260422_152334,SC01,AUTO,,74.6926,0.062,start,0,1500,VIDE,0.0,0.0,0.0,0.0,0.0,0.0,0,0,0.0,0.0,0.0,0.0,0.0,0.0,2.0,1.0,0.05,0.8,0.0,0.0,1
1144,2026-04-22T14:24:49.321Z,S20260422_152334,SC01,AUTO,,74.7525,0.0599,start,0,1500,VIDE,0.0,0.0,0.0,0.0,0.0,0.0,0,0,0.0,0.0,0.0,0.0,0.0,0.0,2.0,1.0,0.05,0.8,0.0,0.0,1
1145,2026-04-22T14:24:49.381Z,S20260422_152334,SC01,AUTO,,74.8122,0.0596,start,0,1500,VIDE,0.0,0.0,0.0,0.0,0.0,0.0,0,0,0.0,0.0,0.0,0.0,0.0,0.0,2.0,1.0,0.05,0.8,0.0,0.0,1
1146,2026-04-22T14:24:49.451Z,S20260422_152334,SC01,AUTO,,74.8824,0.0702,start,0,1500,VIDE,0.0,0.0,0.0,0.0,0.0,0.0,0,0,0.0,0.0,0.0,0.0,0.0,0.0,2.0,1.0,0.05,0.8,0.0,0.0,1
1147,2026-04-22T14:24:49.514Z,S20260422_152334,SC01,AUTO,,74.9456,0.0632,start,0,1500,VIDE,0.0,0.0,0.0,0.0,0.0,0.0,0,0,0.0,0.0,0.0,0.0,0.0,0.0,2.0,1.0,0.05,0.8,0.0,0.0,1
1148,2026-04-22T14:24:49.577Z,S20260422_152334,SC01,AUTO,,75.0083,0.0627,start,0,1500,VIDE,0.0,0.0,0.0,0.0,0.0,0.0,0,0,0.0,0.0,0.0,0.0,0.0,0.0,2.0,1.0,0.05,0.8,0.0,0.0,1
1149,2026-04-22T14:24:49.639Z,S20260422_152334,SC01,AUTO,,75.0704,0.0621,start,0,1500,VIDE,0.0,0.0,0.0,0.0,0.0,0.0,0,0,0.0,0.0,0.0,0.0,0.0,0.0,2.0,1.0,0.05,0.8,0.0,0.0,1
1150,2026-04-22T14:24:49.701Z,S20260422_152334,SC01,AUTO,,75.1325,0.0621,start,0,1500,VIDE,0.0,0.0,0.0,0.0,0.0,0.0,0,0,0.0,0.0,0.0,0.0,0.0,0.0,2.0,1.0,0.05,0.8,0.0,0.0,1
1151,2026-04-22T14:24:49.760Z,S20260422_152334,SC01,AUTO,,75.1918,0.0593,start,0,1500,VIDE,0.0,0.0,0.0,0.0,0.0,0.0,0,0,0.0,0.0,0.0,0.0,0.0,0.0,2.0,1.0,0.05,0.8,0.0,0.0,1
1152,2026-04-22T14:24:49.820Z,S20260422_152334,SC01,AUTO,,75.252,0.0602,start,0,1500,VIDE,0.0,0.0,0.0,0.0,0.0,0.0,0,0,0.0,0.0,0.0,0.0,0.0,0.0,2.0,1.0,0.05,0.8,0.0,0.0,1
1153,2026-04-22T14:24:49.881Z,S20260422_152334,SC01,AUTO,,75.3125,0.0605,start,0,1500,VIDE,0.0,0.0,0.0,0.0,0.0,0.0,0,0,0.0,0.0,0.0,0.0,0.0,0.0,2.0,1.0,0.05,0.8,0.0,0.0,1
1154,2026-04-22T14:24:49.950Z,S20260422_152334,SC01,AUTO,,75.3814,0.0689,start,0,1500,VIDE,0.0,0.0,0.0,0.0,0.0,0.0,0,0,0.0,0.0,0.0,0.0,0.0,0.0,2.0,1.0,0.05,0.8,0.0,0.0,1
1155,2026-04-22T14:24:50.011Z,S20260422_152334,SC01,AUTO,,75.4429,0.0615,start,0,1500,VIDE,0.0,0.0,0.0,0.0,0.0,0.0,0,0,0.0,0.0,0.0,0.0,0.0,0.0,2.0,1.0,0.05,0.8,0.0,0.0,1
1156,2026-04-22T14:24:50.074Z,S20260422_152334,SC01,AUTO,,75.5053,0.0625,start,0,1500,VIDE,0.0,0.0,0.0,0.0,0.0,0.0,0,0,0.0,0.0,0.0,0.0,0.0,0.0,2.0,1.0,0.05,0.8,0.0,0.0,1
1157,2026-04-22T14:24:50.135Z,S20260422_152334,SC01,AUTO,,75.5666,0.0613,start,0,1500,VIDE,0.0,0.0,0.0,0.0,0.0,0.0,0,0,0.0,0.0,0.0,0.0,0.0,0.0,2.0,1.0,0.05,0.8,0.0,0.0,1
1158,2026-04-22T14:24:50.197Z,S20260422_152334,SC01,AUTO,,75.6286,0.0619,start,0,1500,VIDE,0.0,0.0,0.0,0.0,0.0,0.0,0,0,0.0,0.0,0.0,0.0,0.0,0.0,2.0,1.0,0.05,0.8,0.0,0.0,1
1159,2026-04-22T14:24:50.260Z,S20260422_152334,SC01,AUTO,,75.6912,0.0626,start,0,1500,VIDE,0.0,0.0,0.0,0.0,0.0,0.0,0,0,0.0,0.0,0.0,0.0,0.0,0.0,2.0,1.0,0.05,0.8,0.0,0.0,1
1160,2026-04-22T14:24:50.321Z,S20260422_152334,SC01,AUTO,,75.7526,0.0613,start,0,1500,VIDE,0.0,0.0,0.0,0.0,0.0,0.0,0,0,0.0,0.0,0.0,0.0,0.0,0.0,2.0,1.0,0.05,0.8,0.0,0.0,1
1161,2026-04-22T14:24:50.381Z,S20260422_152334,SC01,AUTO,,75.8123,0.0598,start,0,1500,VIDE,0.0,0.0,0.0,0.0,0.0,0.0,0,0,0.0,0.0,0.0,0.0,0.0,0.0,2.0,1.0,0.05,0.8,0.0,0.0,1
1162,2026-04-22T14:24:50.446Z,S20260422_152334,SC01,AUTO,,75.8777,0.0654,start,0,1500,VIDE,0.0,0.0,0.0,0.0,0.0,0.0,0,0,0.0,0.0,0.0,0.0,0.0,0.0,2.0,1.0,0.05,0.8,0.0,0.0,1
1163,2026-04-22T14:24:50.510Z,S20260422_152334,SC01,AUTO,,75.9415,0.0638,start,0,1500,VIDE,0.0,0.0,0.0,0.0,0.0,0.0,0,0,0.0,0.0,0.0,0.0,0.0,0.0,2.0,1.0,0.05,0.8,0.0,0.0,1
1164,2026-04-22T14:24:50.572Z,S20260422_152334,SC01,AUTO,,76.0034,0.0619,start,0,1500,VIDE,0.0,0.0,0.0,0.0,0.0,0.0,0,0,0.0,0.0,0.0,0.0,0.0,0.0,2.0,1.0,0.05,0.8,0.0,0.0,1
1165,2026-04-22T14:24:50.633Z,S20260422_152334,SC01,AUTO,,76.0645,0.0611,start,0,1500,VIDE,0.0,0.0,0.0,0.0,0.0,0.0,0,0,0.0,0.0,0.0,0.0,0.0,0.0,2.0,1.0,0.05,0.8,0.0,0.0,1
1166,2026-04-22T14:24:50.697Z,S20260422_152334,SC01,AUTO,,76.1285,0.064,start,0,1500,VIDE,0.0,0.0,0.0,0.0,0.0,0.0,0,0,0.0,0.0,0.0,0.0,0.0,0.0,2.0,1.0,0.05,0.8,0.0,0.0,1
1167,2026-04-22T14:24:50.760Z,S20260422_152334,SC01,AUTO,,76.1913,0.0627,start,0,1500,VIDE,0.0,0.0,0.0,0.0,0.0,0.0,0,0,0.0,0.0,0.0,0.0,0.0,0.0,2.0,1.0,0.05,0.8,0.0,0.0,1
1168,2026-04-22T14:24:50.822Z,S20260422_152334,SC01,AUTO,,76.2532,0.0619,start,0,1500,VIDE,0.0,0.0,0.0,0.0,0.0,0.0,0,0,0.0,0.0,0.0,0.0,0.0,0.0,2.0,1.0,0.05,0.8,0.0,0.0,1
1169,2026-04-22T14:24:50.881Z,S20260422_152334,SC01,AUTO,,76.3128,0.0596,start,0,1500,VIDE,0.0,0.0,0.0,0.0,0.0,0.0,0,0,0.0,0.0,0.0,0.0,0.0,0.0,2.0,1.0,0.05,0.8,0.0,0.0,1
1170,2026-04-22T14:24:50.949Z,S20260422_152334,SC01,AUTO,,76.3807,0.0678,start,0,1500,VIDE,0.0,0.0,0.0,0.0,0.0,0.0,0,0,0.0,0.0,0.0,0.0,0.0,0.0,2.0,1.0,0.05,0.8,0.0,0.0,1
1171,2026-04-22T14:24:51.011Z,S20260422_152334,SC01,AUTO,,76.4425,0.0619,start,0,1500,VIDE,0.0,0.0,0.0,0.0,0.0,0.0,0,0,0.0,0.0,0.0,0.0,0.0,0.0,2.0,1.0,0.05,0.8,0.0,0.0,1
1172,2026-04-22T14:24:51.074Z,S20260422_152334,SC01,AUTO,,76.5058,0.0633,start,0,1500,VIDE,0.0,0.0,0.0,0.0,0.0,0.0,0,0,0.0,0.0,0.0,0.0,0.0,0.0,2.0,1.0,0.05,0.8,0.0,0.0,1
1173,2026-04-22T14:24:51.137Z,S20260422_152334,SC01,AUTO,,76.569,0.0631,start,0,1500,VIDE,0.0,0.0,0.0,0.0,0.0,0.0,0,0,0.0,0.0,0.0,0.0,0.0,0.0,2.0,1.0,0.05,0.8,0.0,0.0,1
1174,2026-04-22T14:24:51.200Z,S20260422_152334,SC01,AUTO,,76.632,0.063,start,0,1500,VIDE,0.0,0.0,0.0,0.0,0.0,0.0,0,0,0.0,0.0,0.0,0.0,0.0,0.0,2.0,1.0,0.05,0.8,0.0,0.0,1
1175,2026-04-22T14:24:51.260Z,S20260422_152334,SC01,AUTO,,76.6916,0.0596,start,0,1500,VIDE,0.0,0.0,0.0,0.0,0.0,0.0,0,0,0.0,0.0,0.0,0.0,0.0,0.0,2.0,1.0,0.05,0.8,0.0,0.0,1
1176,2026-04-22T14:24:51.321Z,S20260422_152334,SC01,AUTO,,76.7526,0.061,start,0,1500,VIDE,0.0,0.0,0.0,0.0,0.0,0.0,0,0,0.0,0.0,0.0,0.0,0.0,0.0,2.0,1.0,0.05,0.8,0.0,0.0,1
1177,2026-04-22T14:24:51.381Z,S20260422_152334,SC01,AUTO,,76.8126,0.06,start,0,1500,VIDE,0.0,0.0,0.0,0.0,0.0,0.0,0,0,0.0,0.0,0.0,0.0,0.0,0.0,2.0,1.0,0.05,0.8,0.0,0.0,1
1178,2026-04-22T14:24:51.441Z,S20260422_152334,SC01,AUTO,,76.8729,0.0603,start,0,1500,VIDE,0.0,0.0,0.0,0.0,0.0,0.0,0,0,0.0,0.0,0.0,0.0,0.0,0.0,2.0,1.0,0.05,0.8,0.0,0.0,1
1179,2026-04-22T14:24:51.513Z,S20260422_152334,SC01,AUTO,,76.945,0.0721,start,0,1500,VIDE,0.0,0.0,0.0,0.0,0.0,0.0,0,0,0.0,0.0,0.0,0.0,0.0,0.0,2.0,1.0,0.05,0.8,0.0,0.0,1
1180,2026-04-22T14:24:51.577Z,S20260422_152334,SC01,AUTO,,77.0086,0.0636,start,0,1500,VIDE,0.0,0.0,0.0,0.0,0.0,0.0,0,0,0.0,0.0,0.0,0.0,0.0,0.0,2.0,1.0,0.05,0.8,0.0,0.0,1
1181,2026-04-22T14:24:51.639Z,S20260422_152334,SC01,AUTO,,77.0703,0.0617,start,0,1500,VIDE,0.0,0.0,0.0,0.0,0.0,0.0,0,0,0.0,0.0,0.0,0.0,0.0,0.0,2.0,1.0,0.05,0.8,0.0,0.0,1
1182,2026-04-22T14:24:51.700Z,S20260422_152334,SC01,AUTO,,77.132,0.0617,start,0,1500,VIDE,0.0,0.0,0.0,0.0,0.0,0.0,0,0,0.0,0.0,0.0,0.0,0.0,0.0,2.0,1.0,0.05,0.8,0.0,0.0,1
1183,2026-04-22T14:24:51.760Z,S20260422_152334,SC01,AUTO,,77.1921,0.06,start,0,1500,VIDE,0.0,0.0,0.0,0.0,0.0,0.0,0,0,0.0,0.0,0.0,0.0,0.0,0.0,2.0,1.0,0.05,0.8,0.0,0.0,1
1184,2026-04-22T14:24:51.821Z,S20260422_152334,SC01,AUTO,,77.2524,0.0603,start,0,1500,VIDE,0.0,0.0,0.0,0.0,0.0,0.0,0,0,0.0,0.0,0.0,0.0,0.0,0.0,2.0,1.0,0.05,0.8,0.0,0.0,1
1185,2026-04-22T14:24:51.880Z,S20260422_152334,SC01,AUTO,,77.3117,0.0593,start,0,1500,VIDE,0.0,0.0,0.0,0.0,0.0,0.0,0,0,0.0,0.0,0.0,0.0,0.0,0.0,2.0,1.0,0.05,0.8,0.0,0.0,1
1186,2026-04-22T14:24:51.952Z,S20260422_152334,SC01,AUTO,,77.3836,0.0719,start,0,1500,VIDE,0.0,0.0,0.0,0.0,0.0,0.0,0,0,0.0,0.0,0.0,0.0,0.0,0.0,2.0,1.0,0.05,0.8,0.0,0.0,1
1187,2026-04-22T14:24:52.015Z,S20260422_152334,SC01,AUTO,,77.4465,0.0629,start,0,1500,VIDE,0.0,0.0,0.0,0.0,0.0,0.0,0,0,0.0,0.0,0.0,0.0,0.0,0.0,2.0,1.0,0.05,0.8,0.0,0.0,1
1188,2026-04-22T14:24:52.075Z,S20260422_152334,SC01,AUTO,,77.5064,0.0599,start,0,1500,VIDE,0.0,0.0,0.0,0.0,0.0,0.0,0,0,0.0,0.0,0.0,0.0,0.0,0.0,2.0,1.0,0.05,0.8,0.0,0.0,1
1189,2026-04-22T14:24:52.136Z,S20260422_152334,SC01,AUTO,,77.5679,0.0615,start,0,1500,VIDE,0.0,0.0,0.0,0.0,0.0,0.0,0,0,0.0,0.0,0.0,0.0,0.0,0.0,2.0,1.0,0.05,0.8,0.0,0.0,1
1190,2026-04-22T14:24:52.198Z,S20260422_152334,SC01,AUTO,,77.6293,0.0614,start,0,1500,VIDE,0.0,0.0,0.0,0.0,0.0,0.0,0,0,0.0,0.0,0.0,0.0,0.0,0.0,2.0,1.0,0.05,0.8,0.0,0.0,1
1191,2026-04-22T14:24:52.260Z,S20260422_152334,SC01,AUTO,,77.692,0.0627,start,0,1500,VIDE,0.0,0.0,0.0,0.0,0.0,0.0,0,0,0.0,0.0,0.0,0.0,0.0,0.0,2.0,1.0,0.05,0.8,0.0,0.0,1
1192,2026-04-22T14:24:52.321Z,S20260422_152334,SC01,AUTO,,77.7524,0.0605,start,0,1500,VIDE,0.0,0.0,0.0,0.0,0.0,0.0,0,0,0.0,0.0,0.0,0.0,0.0,0.0,2.0,1.0,0.05,0.8,0.0,0.0,1
1193,2026-04-22T14:24:52.381Z,S20260422_152334,SC01,AUTO,,77.8124,0.0599,start,0,1500,VIDE,0.0,0.0,0.0,0.0,0.0,0.0,0,0,0.0,0.0,0.0,0.0,0.0,0.0,2.0,1.0,0.05,0.8,0.0,0.0,1
1194,2026-04-22T14:24:52.445Z,S20260422_152334,SC01,AUTO,,77.8767,0.0644,start,0,1500,VIDE,0.0,0.0,0.0,0.0,0.0,0.0,0,0,0.0,0.0,0.0,0.0,0.0,0.0,2.0,1.0,0.05,0.8,0.0,0.0,1
1195,2026-04-22T14:24:52.506Z,S20260422_152334,SC01,AUTO,,77.938,0.0613,start,0,1500,VIDE,0.0,0.0,0.0,0.0,0.0,0.0,0,0,0.0,0.0,0.0,0.0,0.0,0.0,2.0,1.0,0.05,0.8,0.0,0.0,1
1196,2026-04-22T14:24:52.569Z,S20260422_152334,SC01,AUTO,,78.0011,0.0631,start,0,1500,VIDE,0.0,0.0,0.0,0.0,0.0,0.0,0,0,0.0,0.0,0.0,0.0,0.0,0.0,2.0,1.0,0.05,0.8,0.0,0.0,1
1197,2026-04-22T14:24:52.631Z,S20260422_152334,SC01,AUTO,,78.0632,0.062,start,0,1500,VIDE,0.0,0.0,0.0,0.0,0.0,0.0,0,0,0.0,0.0,0.0,0.0,0.0,0.0,2.0,1.0,0.05,0.8,0.0,0.0,1
1198,2026-04-22T14:24:52.694Z,S20260422_152334,SC01,AUTO,,78.1255,0.0624,start,0,1500,VIDE,0.0,0.0,0.0,0.0,0.0,0.0,0,0,0.0,0.0,0.0,0.0,0.0,0.0,2.0,1.0,0.05,0.8,0.0,0.0,1
1199,2026-04-22T14:24:52.756Z,S20260422_152334,SC01,AUTO,,78.188,0.0625,start,0,1500,VIDE,0.0,0.0,0.0,0.0,0.0,0.0,0,0,0.0,0.0,0.0,0.0,0.0,0.0,2.0,1.0,0.05,0.8,0.0,0.0,1
1200,2026-04-22T14:24:52.819Z,S20260422_152334,SC01,AUTO,,78.2502,0.0622,start,0,1500,VIDE,0.0,0.0,0.0,0.0,0.0,0.0,0,0,0.0,0.0,0.0,0.0,0.0,0.0,2.0,1.0,0.05,0.8,0.0,0.0,1
1201,2026-04-22T14:24:52.880Z,S20260422_152334,SC01,AUTO,,78.3121,0.0619,start,0,1500,VIDE,0.0,0.0,0.0,0.0,0.0,0.0,0,0,0.0,0.0,0.0,0.0,0.0,0.0,2.0,1.0,0.05,0.8,0.0,0.0,1
1202,2026-04-22T14:24:52.943Z,S20260422_152334,SC01,AUTO,,78.3745,0.0624,start,0,1500,VIDE,0.0,0.0,0.0,0.0,0.0,0.0,0,0,0.0,0.0,0.0,0.0,0.0,0.0,2.0,1.0,0.05,0.8,0.0,0.0,1
1203,2026-04-22T14:24:53.005Z,S20260422_152334,SC01,AUTO,,78.4365,0.062,start,0,1500,VIDE,0.0,0.0,0.0,0.0,0.0,0.0,0,0,0.0,0.0,0.0,0.0,0.0,0.0,2.0,1.0,0.05,0.8,0.0,0.0,1
1204,2026-04-22T14:24:53.066Z,S20260422_152334,SC01,AUTO,,78.4977,0.0612,start,0,1500,VIDE,0.0,0.0,0.0,0.0,0.0,0.0,0,0,0.0,0.0,0.0,0.0,0.0,0.0,2.0,1.0,0.05,0.8,0.0,0.0,1
1205,2026-04-22T14:24:53.129Z,S20260422_152334,SC01,AUTO,,78.5607,0.0629,start,0,1500,VIDE,0.0,0.0,0.0,0.0,0.0,0.0,0,0,0.0,0.0,0.0,0.0,0.0,0.0,2.0,1.0,0.05,0.8,0.0,0.0,1
1206,2026-04-22T14:24:53.200Z,S20260422_152334,SC01,AUTO,,78.6317,0.071,start,0,1500,VIDE,0.0,0.0,0.0,0.0,0.0,0.0,0,0,0.0,0.0,0.0,0.0,0.0,0.0,2.0,1.0,0.05,0.8,0.0,0.0,1
1207,2026-04-22T14:24:53.260Z,S20260422_152334,SC01,AUTO,,78.6919,0.0602,start,0,1500,VIDE,0.0,0.0,0.0,0.0,0.0,0.0,0,0,0.0,0.0,0.0,0.0,0.0,0.0,2.0,1.0,0.05,0.8,0.0,0.0,1
1208,2026-04-22T14:24:53.321Z,S20260422_152334,SC01,AUTO,,78.7523,0.0604,start,0,1500,VIDE,0.0,0.0,0.0,0.0,0.0,0.0,0,0,0.0,0.0,0.0,0.0,0.0,0.0,2.0,1.0,0.05,0.8,0.0,0.0,1
1209,2026-04-22T14:24:53.380Z,S20260422_152334,SC01,AUTO,,78.8121,0.0598,start,0,1500,VIDE,0.0,0.0,0.0,0.0,0.0,0.0,0,0,0.0,0.0,0.0,0.0,0.0,0.0,2.0,1.0,0.05,0.8,0.0,0.0,1
1210,2026-04-22T14:24:53.452Z,S20260422_152334,SC01,AUTO,,78.8838,0.0717,start,0,1500,VIDE,0.0,0.0,0.0,0.0,0.0,0.0,0,0,0.0,0.0,0.0,0.0,0.0,0.0,2.0,1.0,0.05,0.8,0.0,0.0,1
1211,2026-04-22T14:24:53.515Z,S20260422_152334,SC01,AUTO,,78.9464,0.0627,start,0,1500,VIDE,0.0,0.0,0.0,0.0,0.0,0.0,0,0,0.0,0.0,0.0,0.0,0.0,0.0,2.0,1.0,0.05,0.8,0.0,0.0,1
1212,2026-04-22T14:24:53.578Z,S20260422_152334,SC01,AUTO,,79.01,0.0635,start,0,1500,VIDE,0.0,0.0,0.0,0.0,0.0,0.0,0,0,0.0,0.0,0.0,0.0,0.0,0.0,2.0,1.0,0.05,0.8,0.0,0.0,1
1213,2026-04-22T14:24:53.629Z,S20260422_152334,SC01,AUTO,,79.0609,0.0509,start,0,1500,VIDE,0.0,0.0,0.0,0.0,0.0,0.0,0,0,0.0,0.0,0.0,0.0,0.0,0.0,2.0,1.0,0.05,0.8,0.0,0.0,1
1214,2026-04-22T14:24:53.700Z,S20260422_152334,SC01,AUTO,,79.132,0.0711,start,0,1500,VIDE,0.0,0.0,0.0,0.0,0.0,0.0,0,0,0.0,0.0,0.0,0.0,0.0,0.0,2.0,1.0,0.05,0.8,0.0,0.0,1
1215,2026-04-22T14:24:53.757Z,S20260422_152334,SC01,AUTO,,79.1885,0.0565,start,0,1500,VIDE,0.0,0.0,0.0,0.0,0.0,0.0,0,0,0.0,0.0,0.0,0.0,0.0,0.0,2.0,1.0,0.05,0.8,0.0,0.0,1
1216,2026-04-22T14:24:53.818Z,S20260422_152334,SC01,AUTO,,79.2494,0.061,start,0,1500,VIDE,0.0,0.0,0.0,0.0,0.0,0.0,0,0,0.0,0.0,0.0,0.0,0.0,0.0,2.0,1.0,0.05,0.8,0.0,0.0,1
1217,2026-04-22T14:24:53.881Z,S20260422_152334,SC01,AUTO,,79.3125,0.0631,start,0,1500,VIDE,0.0,0.0,0.0,0.0,0.0,0.0,0,0,0.0,0.0,0.0,0.0,0.0,0.0,2.0,1.0,0.05,0.8,0.0,0.0,1
1218,2026-04-22T14:24:53.946Z,S20260422_152334,SC01,AUTO,,79.3774,0.0649,start,0,1500,VIDE,0.0,0.0,0.0,0.0,0.0,0.0,0,0,0.0,0.0,0.0,0.0,0.0,0.0,2.0,1.0,0.05,0.8,0.0,0.0,1
1219,2026-04-22T14:24:54.010Z,S20260422_152334,SC01,AUTO,,79.4412,0.0637,start,0,1500,VIDE,0.0,0.0,0.0,0.0,0.0,0.0,0,0,0.0,0.0,0.0,0.0,0.0,0.0,2.0,1.0,0.05,0.8,0.0,0.0,1
1220,2026-04-22T14:24:54.067Z,S20260422_152334,SC01,AUTO,,79.4982,0.0571,start,0,1500,VIDE,0.0,0.0,0.0,0.0,0.0,0.0,0,0,0.0,0.0,0.0,0.0,0.0,0.0,2.0,1.0,0.05,0.8,0.0,0.0,1
1221,2026-04-22T14:24:54.130Z,S20260422_152334,SC01,AUTO,,79.5615,0.0633,start,0,1500,VIDE,0.0,0.0,0.0,0.0,0.0,0.0,0,0,0.0,0.0,0.0,0.0,0.0,0.0,2.0,1.0,0.05,0.8,0.0,0.0,1
1222,2026-04-22T14:24:54.191Z,S20260422_152334,SC01,AUTO,,79.6231,0.0616,start,0,1500,VIDE,0.0,0.0,0.0,0.0,0.0,0.0,0,0,0.0,0.0,0.0,0.0,0.0,0.0,2.0,1.0,0.05,0.8,0.0,0.0,1
1223,2026-04-22T14:24:54.258Z,S20260422_152334,SC01,AUTO,,79.6893,0.0662,start,0,1500,VIDE,0.0,0.0,0.0,0.0,0.0,0.0,0,0,0.0,0.0,0.0,0.0,0.0,0.0,2.0,1.0,0.05,0.8,0.0,0.0,1
1224,2026-04-22T14:24:54.321Z,S20260422_152334,SC01,AUTO,,79.7528,0.0634,start,0,1500,VIDE,0.0,0.0,0.0,0.0,0.0,0.0,0,0,0.0,0.0,0.0,0.0,0.0,0.0,2.0,1.0,0.05,0.8,0.0,0.0,1
1225,2026-04-22T14:24:54.380Z,S20260422_152334,SC01,AUTO,,79.812,0.0592,start,0,1500,VIDE,0.0,0.0,0.0,0.0,0.0,0.0,0,0,0.0,0.0,0.0,0.0,0.0,0.0,2.0,1.0,0.05,0.8,0.0,0.0,1
1226,2026-04-22T14:24:54.442Z,S20260422_152334,SC01,AUTO,,79.8733,0.0613,start,0,1500,VIDE,0.0,0.0,0.0,0.0,0.0,0.0,0,0,0.0,0.0,0.0,0.0,0.0,0.0,2.0,1.0,0.05,0.8,0.0,0.0,1
1227,2026-04-22T14:24:54.505Z,S20260422_152334,SC01,AUTO,,79.9371,0.0638,start,0,1500,VIDE,0.0,0.0,0.0,0.0,0.0,0.0,0,0,0.0,0.0,0.0,0.0,0.0,0.0,2.0,1.0,0.05,0.8,0.0,0.0,1
1228,2026-04-22T14:24:54.570Z,S20260422_152334,SC01,AUTO,,80.0014,0.0643,start,0,1500,VIDE,0.0,0.0,0.0,0.0,0.0,0.0,0,0,0.0,0.0,0.0,0.0,0.0,0.0,2.0,1.0,0.05,0.8,0.0,0.0,1
1229,2026-04-22T14:24:54.636Z,S20260422_152334,SC01,AUTO,,80.0676,0.0662,start,0,1500,VIDE,0.0,0.0,0.0,0.0,0.0,0.0,0,0,0.0,0.0,0.0,0.0,0.0,0.0,2.0,1.0,0.05,0.8,0.0,0.0,1
1230,2026-04-22T14:24:54.698Z,S20260422_152334,SC01,AUTO,,80.13,0.0624,start,0,1500,VIDE,0.0,0.0,0.0,0.0,0.0,0.0,0,0,0.0,0.0,0.0,0.0,0.0,0.0,2.0,1.0,0.05,0.8,0.0,0.0,1
1231,2026-04-22T14:24:54.760Z,S20260422_152334,SC01,AUTO,,80.1917,0.0617,start,0,1500,VIDE,0.0,0.0,0.0,0.0,0.0,0.0,0,0,0.0,0.0,0.0,0.0,0.0,0.0,2.0,1.0,0.05,0.8,0.0,0.0,1
1232,2026-04-22T14:24:54.821Z,S20260422_152334,SC01,AUTO,,80.2527,0.0609,start,0,1500,VIDE,0.0,0.0,0.0,0.0,0.0,0.0,0,0,0.0,0.0,0.0,0.0,0.0,0.0,2.0,1.0,0.05,0.8,0.0,0.0,1
1233,2026-04-22T14:24:54.880Z,S20260422_152334,SC01,AUTO,,80.3119,0.0592,start,0,1500,VIDE,0.0,0.0,0.0,0.0,0.0,0.0,0,0,0.0,0.0,0.0,0.0,0.0,0.0,2.0,1.0,0.05,0.8,0.0,0.0,1
1234,2026-04-22T14:24:54.948Z,S20260422_152334,SC01,AUTO,,80.3793,0.0675,start,0,1500,VIDE,0.0,0.0,0.0,0.0,0.0,0.0,0,0,0.0,0.0,0.0,0.0,0.0,0.0,2.0,1.0,0.05,0.8,0.0,0.0,1
1235,2026-04-22T14:24:55.010Z,S20260422_152334,SC01,AUTO,,80.4413,0.062,start,0,1500,VIDE,0.0,0.0,0.0,0.0,0.0,0.0,0,0,0.0,0.0,0.0,0.0,0.0,0.0,2.0,1.0,0.05,0.8,0.0,0.0,1
1236,2026-04-22T14:24:55.073Z,S20260422_152334,SC01,AUTO,,80.505,0.0637,start,0,1500,VIDE,0.0,0.0,0.0,0.0,0.0,0.0,0,0,0.0,0.0,0.0,0.0,0.0,0.0,2.0,1.0,0.05,0.8,0.0,0.0,1
1237,2026-04-22T14:24:55.129Z,S20260422_152334,SC01,AUTO,,80.5611,0.0561,start,0,1500,VIDE,0.0,0.0,0.0,0.0,0.0,0.0,0,0,0.0,0.0,0.0,0.0,0.0,0.0,2.0,1.0,0.05,0.8,0.0,0.0,1
1238,2026-04-22T14:24:55.194Z,S20260422_152334,SC01,AUTO,,80.6256,0.0645,start,0,1500,VIDE,0.0,0.0,0.0,0.0,0.0,0.0,0,0,0.0,0.0,0.0,0.0,0.0,0.0,2.0,1.0,0.05,0.8,0.0,0.0,1
1239,2026-04-22T14:24:55.258Z,S20260422_152334,SC01,AUTO,,80.6893,0.0637,start,0,1500,VIDE,0.0,0.0,0.0,0.0,0.0,0.0,0,0,0.0,0.0,0.0,0.0,0.0,0.0,2.0,1.0,0.05,0.8,0.0,0.0,1
1240,2026-04-22T14:24:55.316Z,S20260422_152334,SC01,AUTO,,80.748,0.0587,start,0,1500,VIDE,0.0,0.0,0.0,0.0,0.0,0.0,0,0,0.0,0.0,0.0,0.0,0.0,0.0,2.0,1.0,0.05,0.8,0.0,0.0,1
1241,2026-04-22T14:24:55.380Z,S20260422_152334,SC01,AUTO,,80.8121,0.0641,start,0,1500,VIDE,0.0,0.0,0.0,0.0,0.0,0.0,0,0,0.0,0.0,0.0,0.0,0.0,0.0,2.0,1.0,0.05,0.8,0.0,0.0,1
1242,2026-04-22T14:24:55.441Z,S20260422_152334,SC01,AUTO,,80.8731,0.061,start,0,1500,VIDE,0.0,0.0,0.0,0.0,0.0,0.0,0,0,0.0,0.0,0.0,0.0,0.0,0.0,2.0,1.0,0.05,0.8,0.0,0.0,1
1243,2026-04-22T14:24:55.506Z,S20260422_152334,SC01,AUTO,,80.9371,0.064,start,0,1500,VIDE,0.0,0.0,0.0,0.0,0.0,0.0,0,0,0.0,0.0,0.0,0.0,0.0,0.0,2.0,1.0,0.05,0.8,0.0,0.0,1
1244,2026-04-22T14:24:55.570Z,S20260422_152334,SC01,AUTO,,81.0015,0.0643,start,0,1500,VIDE,0.0,0.0,0.0,0.0,0.0,0.0,0,0,0.0,0.0,0.0,0.0,0.0,0.0,2.0,1.0,0.05,0.8,0.0,0.0,1
1245,2026-04-22T14:24:55.632Z,S20260422_152334,SC01,AUTO,,81.064,0.0625,start,0,1500,VIDE,0.0,0.0,0.0,0.0,0.0,0.0,0,0,0.0,0.0,0.0,0.0,0.0,0.0,2.0,1.0,0.05,0.8,0.0,0.0,1
1246,2026-04-22T14:24:55.693Z,S20260422_152334,SC01,AUTO,,81.1248,0.0608,start,0,1500,VIDE,0.0,0.0,0.0,0.0,0.0,0.0,0,0,0.0,0.0,0.0,0.0,0.0,0.0,2.0,1.0,0.05,0.8,0.0,0.0,1
1247,2026-04-22T14:24:55.756Z,S20260422_152334,SC01,AUTO,,81.1876,0.0628,start,0,1500,VIDE,0.0,0.0,0.0,0.0,0.0,0.0,0,0,0.0,0.0,0.0,0.0,0.0,0.0,2.0,1.0,0.05,0.8,0.0,0.0,1
1248,2026-04-22T14:24:55.818Z,S20260422_152334,SC01,AUTO,,81.2492,0.0616,start,0,1500,VIDE,0.0,0.0,0.0,0.0,0.0,0.0,0,0,0.0,0.0,0.0,0.0,0.0,0.0,2.0,1.0,0.05,0.8,0.0,0.0,1
1249,2026-04-22T14:24:55.880Z,S20260422_152334,SC01,AUTO,,81.3117,0.0625,start,0,1500,VIDE,0.0,0.0,0.0,0.0,0.0,0.0,0,0,0.0,0.0,0.0,0.0,0.0,0.0,2.0,1.0,0.05,0.8,0.0,0.0,1
1250,2026-04-22T14:24:55.957Z,S20260422_152334,SC01,AUTO,,81.389,0.0773,start,0,1500,VIDE,0.0,0.0,0.0,0.0,0.0,0.0,0,0,0.0,0.0,0.0,0.0,0.0,0.0,2.0,1.0,0.05,0.8,0.0,0.0,1
1251,2026-04-22T14:24:56.020Z,S20260422_152334,SC01,AUTO,,81.4517,0.0628,start,0,1500,VIDE,0.0,0.0,0.0,0.0,0.0,0.0,0,0,0.0,0.0,0.0,0.0,0.0,0.0,2.0,1.0,0.05,0.8,0.0,0.0,1
1252,2026-04-22T14:24:56.083Z,S20260422_152334,SC01,AUTO,,81.5146,0.0628,start,0,1500,VIDE,0.0,0.0,0.0,0.0,0.0,0.0,0,0,0.0,0.0,0.0,0.0,0.0,0.0,2.0,1.0,0.05,0.8,0.0,0.0,1
1253,2026-04-22T14:24:56.145Z,S20260422_152334,SC01,AUTO,,81.5769,0.0623,start,0,1500,VIDE,0.0,0.0,0.0,0.0,0.0,0.0,0,0,0.0,0.0,0.0,0.0,0.0,0.0,2.0,1.0,0.05,0.8,0.0,0.0,1
1254,2026-04-22T14:24:56.207Z,S20260422_152334,SC01,AUTO,,81.6385,0.0616,start,0,1500,VIDE,0.0,0.0,0.0,0.0,0.0,0.0,0,0,0.0,0.0,0.0,0.0,0.0,0.0,2.0,1.0,0.05,0.8,0.0,0.0,1
1255,2026-04-22T14:24:56.269Z,S20260422_152334,SC01,AUTO,,81.7008,0.0623,start,0,1500,VIDE,0.0,0.0,0.0,0.0,0.0,0.0,0,0,0.0,0.0,0.0,0.0,0.0,0.0,2.0,1.0,0.05,0.8,0.0,0.0,1
1256,2026-04-22T14:24:56.340Z,S20260422_152334,SC01,AUTO,,81.7718,0.071,start,0,1500,VIDE,0.0,0.0,0.0,0.0,0.0,0.0,0,0,0.0,0.0,0.0,0.0,0.0,0.0,2.0,1.0,0.05,0.8,0.0,0.0,1
1257,2026-04-22T14:24:56.401Z,S20260422_152334,SC01,AUTO,,81.8324,0.0605,start,0,1500,VIDE,0.0,0.0,0.0,0.0,0.0,0.0,0,0,0.0,0.0,0.0,0.0,0.0,0.0,2.0,1.0,0.05,0.8,0.0,0.0,1
1258,2026-04-22T14:24:56.460Z,S20260422_152334,SC01,AUTO,,81.8916,0.0593,start,0,1500,VIDE,0.0,0.0,0.0,0.0,0.0,0.0,0,0,0.0,0.0,0.0,0.0,0.0,0.0,2.0,1.0,0.05,0.8,0.0,0.0,1
1259,2026-04-22T14:24:56.520Z,S20260422_152334,SC01,AUTO,,81.952,0.0604,start,0,1500,VIDE,0.0,0.0,0.0,0.0,0.0,0.0,0,0,0.0,0.0,0.0,0.0,0.0,0.0,2.0,1.0,0.05,0.8,0.0,0.0,1
1260,2026-04-22T14:24:56.597Z,S20260422_152334,SC01,AUTO,,82.0287,0.0768,start,0,1500,VIDE,0.0,0.0,0.0,0.0,0.0,0.0,0,0,0.0,0.0,0.0,0.0,0.0,0.0,2.0,1.0,0.05,0.8,0.0,0.0,1
1261,2026-04-22T14:24:56.644Z,S20260422_152334,SC01,AUTO,,82.076,0.0472,start,0,1500,VIDE,0.0,0.0,0.0,0.0,0.0,0.0,0,0,0.0,0.0,0.0,0.0,0.0,0.0,2.0,1.0,0.05,0.8,0.0,0.0,1
1262,2026-04-22T14:24:56.708Z,S20260422_152334,SC01,AUTO,,82.1396,0.0636,start,0,1500,VIDE,0.0,0.0,0.0,0.0,0.0,0.0,0,0,0.0,0.0,0.0,0.0,0.0,0.0,2.0,1.0,0.05,0.8,0.0,0.0,1
1263,2026-04-22T14:24:56.780Z,S20260422_152334,SC01,AUTO,,82.2119,0.0723,start,0,1500,VIDE,0.0,0.0,0.0,0.0,0.0,0.0,0,0,0.0,0.0,0.0,0.0,0.0,0.0,2.0,1.0,0.05,0.8,0.0,0.0,1
1264,2026-04-22T14:24:56.835Z,S20260422_152334,SC01,AUTO,,82.2664,0.0545,start,0,1500,VIDE,0.0,0.0,0.0,0.0,0.0,0.0,0,0,0.0,0.0,0.0,0.0,0.0,0.0,2.0,1.0,0.05,0.8,0.0,0.0,1
1265,2026-04-22T14:24:56.898Z,S20260422_152334,SC01,AUTO,,82.3293,0.0629,start,0,1500,VIDE,0.0,0.0,0.0,0.0,0.0,0.0,0,0,0.0,0.0,0.0,0.0,0.0,0.0,2.0,1.0,0.05,0.8,0.0,0.0,1
1266,2026-04-22T14:24:56.960Z,S20260422_152334,SC01,AUTO,,82.3921,0.0628,start,0,1500,VIDE,0.0,0.0,0.0,0.0,0.0,0.0,0,0,0.0,0.0,0.0,0.0,0.0,0.0,2.0,1.0,0.05,0.8,0.0,0.0,1
1267,2026-04-22T14:24:57.021Z,S20260422_152334,SC01,AUTO,,82.4526,0.0605,start,0,1500,VIDE,0.0,0.0,0.0,0.0,0.0,0.0,0,0,0.0,0.0,0.0,0.0,0.0,0.0,2.0,1.0,0.05,0.8,0.0,0.0,1
1268,2026-04-22T14:24:57.097Z,S20260422_152334,SC01,AUTO,,82.5287,0.0761,start,0,1500,VIDE,0.0,0.0,0.0,0.0,0.0,0.0,0,0,0.0,0.0,0.0,0.0,0.0,0.0,2.0,1.0,0.05,0.8,0.0,0.0,1
1269,2026-04-22T14:24:57.146Z,S20260422_152334,SC01,AUTO,,82.5774,0.0487,start,0,1500,VIDE,0.0,0.0,0.0,0.0,0.0,0.0,0,0,0.0,0.0,0.0,0.0,0.0,0.0,2.0,1.0,0.05,0.8,0.0,0.0,1
1270,2026-04-22T14:24:57.209Z,S20260422_152334,SC01,AUTO,,82.6411,0.0637,start,0,1500,VIDE,0.0,0.0,0.0,0.0,0.0,0.0,0,0,0.0,0.0,0.0,0.0,0.0,0.0,2.0,1.0,0.05,0.8,0.0,0.0,1
1271,2026-04-22T14:24:57.274Z,S20260422_152334,SC01,AUTO,,82.7054,0.0643,start,0,1500,VIDE,0.0,0.0,0.0,0.0,0.0,0.0,0,0,0.0,0.0,0.0,0.0,0.0,0.0,2.0,1.0,0.05,0.8,0.0,0.0,1
1272,2026-04-22T14:24:57.341Z,S20260422_152334,SC01,AUTO,,82.7726,0.0672,start,0,1500,VIDE,0.0,0.0,0.0,0.0,0.0,0.0,0,0,0.0,0.0,0.0,0.0,0.0,0.0,2.0,1.0,0.05,0.8,0.0,0.0,1
1273,2026-04-22T14:24:57.401Z,S20260422_152334,SC01,AUTO,,82.8324,0.0598,start,0,1500,VIDE,0.0,0.0,0.0,0.0,0.0,0.0,0,0,0.0,0.0,0.0,0.0,0.0,0.0,2.0,1.0,0.05,0.8,0.0,0.0,1
1274,2026-04-22T14:24:57.460Z,S20260422_152334,SC01,AUTO,,82.8919,0.0595,start,0,1500,VIDE,0.0,0.0,0.0,0.0,0.0,0.0,0,0,0.0,0.0,0.0,0.0,0.0,0.0,2.0,1.0,0.05,0.8,0.0,0.0,1
1275,2026-04-22T14:24:57.520Z,S20260422_152334,SC01,AUTO,,82.952,0.0601,start,0,1500,VIDE,0.0,0.0,0.0,0.0,0.0,0.0,0,0,0.0,0.0,0.0,0.0,0.0,0.0,2.0,1.0,0.05,0.8,0.0,0.0,1
1276,2026-04-22T14:24:57.585Z,S20260422_152334,SC01,AUTO,,83.0171,0.0651,start,0,1500,VIDE,0.0,0.0,0.0,0.0,0.0,0.0,0,0,0.0,0.0,0.0,0.0,0.0,0.0,2.0,1.0,0.05,0.8,0.0,0.0,1
1277,2026-04-22T14:24:57.656Z,S20260422_152334,SC01,AUTO,,83.088,0.0709,start,0,1500,VIDE,0.0,0.0,0.0,0.0,0.0,0.0,0,0,0.0,0.0,0.0,0.0,0.0,0.0,2.0,1.0,0.05,0.8,0.0,0.0,1
1278,2026-04-22T14:24:57.719Z,S20260422_152334,SC01,AUTO,,83.1512,0.0632,start,0,1500,VIDE,0.0,0.0,0.0,0.0,0.0,0.0,0,0,0.0,0.0,0.0,0.0,0.0,0.0,2.0,1.0,0.05,0.8,0.0,0.0,1
1279,2026-04-22T14:24:57.781Z,S20260422_152334,SC01,AUTO,,83.2126,0.0614,start,0,1500,VIDE,0.0,0.0,0.0,0.0,0.0,0.0,0,0,0.0,0.0,0.0,0.0,0.0,0.0,2.0,1.0,0.05,0.8,0.0,0.0,1
1280,2026-04-22T14:24:57.840Z,S20260422_152334,SC01,AUTO,,83.2719,0.0593,start,0,1500,VIDE,0.0,0.0,0.0,0.0,0.0,0.0,0,0,0.0,0.0,0.0,0.0,0.0,0.0,2.0,1.0,0.05,0.8,0.0,0.0,1
1281,2026-04-22T14:24:57.901Z,S20260422_152334,SC01,AUTO,,83.3322,0.0603,start,0,1500,VIDE,0.0,0.0,0.0,0.0,0.0,0.0,0,0,0.0,0.0,0.0,0.0,0.0,0.0,2.0,1.0,0.05,0.8,0.0,0.0,1
1282,2026-04-22T14:24:57.960Z,S20260422_152334,SC01,AUTO,,83.3918,0.0596,start,0,1500,VIDE,0.0,0.0,0.0,0.0,0.0,0.0,0,0,0.0,0.0,0.0,0.0,0.0,0.0,2.0,1.0,0.05,0.8,0.0,0.0,1
1283,2026-04-22T14:24:58.090Z,S20260422_152334,SC01,AUTO,,83.522,0.1302,start,0,1500,VIDE,0.0,0.0,0.0,0.0,0.0,0.0,0,0,0.0,0.0,0.0,0.0,0.0,0.0,2.0,1.0,0.05,0.8,0.0,0.0,1
