row_id,wall_time_utc,session_id,scenario_id,execution_mode,scenario_time_s,program_time_s,sample_dt_s,phase,scenario_started,vehicle_mass_kg,mass_label,steer_cmd_deg,throttle_cmd,brake_cmd,speed_mps,yaw_rad,yaw_rate_rps,mode_id,fault_flag,rtt_ms,jitter_ms,steer_ref_deg,throttle_ref,brake_ref,speed_ref_mps,tol_steer_deg,tol_throttle,tol_brake,tol_speed_mps,e_speed_actual,e_steer_actual,speed_in_tol
1,2026-04-22T14:53:26.773Z,S20260422_155325,SC01,AUTO,,0.9838,0.9683,start,0,1500,VIDE,0.0,0.0,0.0,0.0,0.0,0.0,0,0,0.0,0.0,0.0,0.0,0.0,0.0,2.0,1.0,0.05,0.8,0.0,0.0,1
2,2026-04-22T14:53:26.812Z,S20260422_155325,SC01,AUTO,,1.022,0.0383,start,0,1500,VIDE,0.0,0.0,0.0,0.0,0.0,0.0,0,0,0.0,0.0,0.0,0.0,0.0,0.0,2.0,1.0,0.05,0.8,0.0,0.0,1
3,2026-04-22T14:53:26.870Z,S20260422_155325,SC01,AUTO,,1.0808,0.0588,start,0,1500,VIDE,0.0,0.0,0.0,0.0,0.0,0.0,0,0,0.0,0.0,0.0,0.0,0.0,0.0,2.0,1.0,0.05,0.8,0.0,0.0,1
4,2026-04-22T14:53:26.936Z,S20260422_155325,SC01,AUTO,,1.1464,0.0655,start,0,1500,VIDE,0.0,0.0,0.0,0.0,0.0,0.0,0,0,0.0,0.0,0.0,0.0,0.0,0.0,2.0,1.0,0.05,0.8,0.0,0.0,1
5,2026-04-22T14:53:26.995Z,S20260422_155325,SC01,AUTO,,1.2057,0.0593,start,0,1500,VIDE,0.0,0.0,0.0,0.0,0.0,0.0,0,0,0.0,0.0,0.0,0.0,0.0,0.0,2.0,1.0,0.05,0.8,0.0,0.0,1
6,2026-04-22T14:53:27.055Z,S20260422_155325,SC01,AUTO,,1.2656,0.06,start,0,1500,VIDE,0.0,0.0,0.0,0.0,0.0,0.0,0,0,0.0,0.0,0.0,0.0,0.0,0.0,2.0,1.0,0.05,0.8,0.0,0.0,1
7,2026-04-22T14:53:27.115Z,S20260422_155325,SC01,AUTO,,1.3253,0.0597,start,0,1500,VIDE,0.0,0.0,0.0,0.0,0.0,0.0,0,0,0.0,0.0,0.0,0.0,0.0,0.0,2.0,1.0,0.05,0.8,0.0,0.0,1
8,2026-04-22T14:53:27.183Z,S20260422_155325,SC01,AUTO,,1.3938,0.0684,start,0,1500,VIDE,0.0,0.0,0.0,0.0,0.0,0.0,0,0,0.0,0.0,0.0,0.0,0.0,0.0,2.0,1.0,0.05,0.8,0.0,0.0,1
9,2026-04-22T14:53:27.246Z,S20260422_155325,SC01,AUTO,,1.4562,0.0624,start,0,1500,VIDE,0.0,0.0,0.0,0.0,0.0,0.0,0,0,0.0,0.0,0.0,0.0,0.0,0.0,2.0,1.0,0.05,0.8,0.0,0.0,1
10,2026-04-22T14:53:27.309Z,S20260422_155325,SC01,AUTO,,1.5193,0.063,start,0,1500,VIDE,0.0,0.0,0.0,0.0,0.0,0.0,0,0,0.0,0.0,0.0,0.0,0.0,0.0,2.0,1.0,0.05,0.8,0.0,0.0,1
11,2026-04-22T14:53:27.371Z,S20260422_155325,SC01,AUTO,,1.581,0.0617,start,0,1500,VIDE,0.0,0.0,0.0,0.0,0.0,0.0,0,0,0.0,0.0,0.0,0.0,0.0,0.0,2.0,1.0,0.05,0.8,0.0,0.0,1
12,2026-04-22T14:53:27.432Z,S20260422_155325,SC01,AUTO,,1.6425,0.0615,start,0,1500,VIDE,0.0,0.0,0.0,0.0,0.0,0.0,0,0,0.0,0.0,0.0,0.0,0.0,0.0,2.0,1.0,0.05,0.8,0.0,0.0,1
13,2026-04-22T14:53:27.493Z,S20260422_155325,SC01,AUTO,,1.7036,0.0612,start,0,1500,VIDE,0.0,0.0,0.0,0.0,0.0,0.0,0,0,0.0,0.0,0.0,0.0,0.0,0.0,2.0,1.0,0.05,0.8,0.0,0.0,1
14,2026-04-22T14:53:27.555Z,S20260422_155325,SC01,AUTO,,1.765,0.0614,start,0,1500,VIDE,0.0,0.0,0.0,0.0,0.0,0.0,0,0,0.0,0.0,0.0,0.0,0.0,0.0,2.0,1.0,0.05,0.8,0.0,0.0,1
15,2026-04-22T14:53:27.615Z,S20260422_155325,SC01,AUTO,,1.8255,0.0605,start,0,1500,VIDE,0.0,0.0,0.0,0.0,0.0,0.0,0,0,0.0,0.0,0.0,0.0,0.0,0.0,2.0,1.0,0.05,0.8,0.0,0.0,1
16,2026-04-22T14:53:27.681Z,S20260422_155325,SC01,AUTO,,1.8911,0.0656,start,0,1500,VIDE,0.0,0.0,0.0,0.0,0.0,0.0,0,0,0.0,0.0,0.0,0.0,0.0,0.0,2.0,1.0,0.05,0.8,0.0,0.0,1
17,2026-04-22T14:53:27.743Z,S20260422_155325,SC01,AUTO,,1.9533,0.0622,start,0,1500,VIDE,0.0,0.0,0.0,0.0,0.0,0.0,0,0,0.0,0.0,0.0,0.0,0.0,0.0,2.0,1.0,0.05,0.8,0.0,0.0,1
18,2026-04-22T14:53:27.805Z,S20260422_155325,SC01,AUTO,,2.0151,0.0618,start,0,1500,VIDE,0.0,0.0,0.0,0.0,0.0,0.0,0,0,0.0,0.0,0.0,0.0,0.0,0.0,2.0,1.0,0.05,0.8,0.0,0.0,1
19,2026-04-22T14:53:27.868Z,S20260422_155325,SC01,AUTO,,2.0785,0.0635,start,0,1500,VIDE,0.0,0.0,0.0,0.0,0.0,0.0,0,0,0.0,0.0,0.0,0.0,0.0,0.0,2.0,1.0,0.05,0.8,0.0,0.0,1
20,2026-04-22T14:53:27.931Z,S20260422_155325,SC01,AUTO,,2.1413,0.0627,start,0,1500,VIDE,0.0,0.0,0.0,0.0,0.0,0.0,0,0,0.0,0.0,0.0,0.0,0.0,0.0,2.0,1.0,0.05,0.8,0.0,0.0,1
21,2026-04-22T14:53:27.992Z,S20260422_155325,SC01,AUTO,,2.2027,0.0614,start,0,1500,VIDE,0.0,0.0,0.0,0.0,0.0,0.0,0,0,0.0,0.0,0.0,0.0,0.0,0.0,2.0,1.0,0.05,0.8,0.0,0.0,1
22,2026-04-22T14:53:28.053Z,S20260422_155325,SC01,AUTO,,2.2637,0.0609,start,0,1500,VIDE,0.0,0.0,0.0,0.0,0.0,0.0,0,0,0.0,0.0,0.0,0.0,0.0,0.0,2.0,1.0,0.05,0.8,0.0,0.0,1
23,2026-04-22T14:53:28.116Z,S20260422_155325,SC01,AUTO,,2.326,0.0623,start,0,1500,VIDE,0.0,0.0,0.0,0.0,0.0,0.0,0,0,0.0,0.0,0.0,0.0,0.0,0.0,2.0,1.0,0.05,0.8,0.0,0.0,1
24,2026-04-22T14:53:28.182Z,S20260422_155325,SC01,AUTO,,2.3928,0.0667,start,0,1500,VIDE,0.0,0.0,0.0,0.0,0.0,0.0,0,0,0.0,0.0,0.0,0.0,0.0,0.0,2.0,1.0,0.05,0.8,0.0,0.0,1
25,2026-04-22T14:53:28.244Z,S20260422_155325,SC01,AUTO,,2.4546,0.0619,start,0,1500,VIDE,0.0,0.0,0.0,0.0,0.0,0.0,0,0,0.0,0.0,0.0,0.0,0.0,0.0,2.0,1.0,0.05,0.8,0.0,0.0,1
26,2026-04-22T14:53:28.307Z,S20260422_155325,SC01,AUTO,,2.5178,0.0632,start,0,1500,VIDE,0.0,0.0,0.0,0.0,0.0,0.0,0,0,0.0,0.0,0.0,0.0,0.0,0.0,2.0,1.0,0.05,0.8,0.0,0.0,1
27,2026-04-22T14:53:28.370Z,S20260422_155325,SC01,AUTO,,2.5803,0.0626,start,0,1500,VIDE,0.0,0.0,0.0,0.0,0.0,0.0,0,0,0.0,0.0,0.0,0.0,0.0,0.0,2.0,1.0,0.05,0.8,0.0,0.0,1
28,2026-04-22T14:53:28.428Z,S20260422_155325,SC01,AUTO,,2.6384,0.0581,start,0,1500,VIDE,0.0,0.0,0.0,0.0,0.0,0.0,0,0,0.0,0.0,0.0,0.0,0.0,0.0,2.0,1.0,0.05,0.8,0.0,0.0,1
29,2026-04-22T14:53:28.492Z,S20260422_155325,SC01,AUTO,,2.7028,0.0643,start,0,1500,VIDE,0.0,0.0,0.0,0.0,0.0,0.0,0,0,0.0,0.0,0.0,0.0,0.0,0.0,2.0,1.0,0.05,0.8,0.0,0.0,1
30,2026-04-22T14:53:28.555Z,S20260422_155325,SC01,AUTO,,2.7657,0.0629,start,0,1500,VIDE,0.0,0.0,0.0,0.0,0.0,0.0,0,0,0.0,0.0,0.0,0.0,0.0,0.0,2.0,1.0,0.05,0.8,0.0,0.0,1
31,2026-04-22T14:53:28.616Z,S20260422_155325,SC01,AUTO,,2.8263,0.0606,start,0,1500,VIDE,0.0,0.0,0.0,0.0,0.0,0.0,0,0,0.0,0.0,0.0,0.0,0.0,0.0,2.0,1.0,0.05,0.8,0.0,0.0,1
32,2026-04-22T14:53:28.680Z,S20260422_155325,SC01,AUTO,,2.8904,0.0641,start,0,1500,VIDE,0.0,0.0,0.0,0.0,0.0,0.0,0,0,0.0,0.0,0.0,0.0,0.0,0.0,2.0,1.0,0.05,0.8,0.0,0.0,1
33,2026-04-22T14:53:28.743Z,S20260422_155325,SC01,AUTO,,2.9534,0.063,start,0,1500,VIDE,0.0,0.0,0.0,0.0,0.0,0.0,0,0,0.0,0.0,0.0,0.0,0.0,0.0,2.0,1.0,0.05,0.8,0.0,0.0,1
34,2026-04-22T14:53:28.900Z,S20260422_155325,SC01,AUTO,,3.1109,0.1575,start,0,1500,VIDE,0.0,0.0,0.0,0.0,0.0,0.0,0,0,0.0,0.0,0.0,0.0,0.0,0.0,2.0,1.0,0.05,0.8,0.0,0.0,1
35,2026-04-22T14:53:28.931Z,S20260422_155325,SC01,AUTO,,3.1415,0.0306,start,0,1500,VIDE,0.0,0.0,0.0,0.0,0.0,0.0,0,0,0.0,0.0,0.0,0.0,0.0,0.0,2.0,1.0,0.05,0.8,0.0,0.0,1
36,2026-04-22T14:53:28.992Z,S20260422_155325,SC01,AUTO,,3.2028,0.0613,start,0,1500,VIDE,0.0,0.0,0.0,0.0,0.0,0.0,0,0,0.0,0.0,0.0,0.0,0.0,0.0,2.0,1.0,0.05,0.8,0.0,0.0,1
37,2026-04-22T14:53:29.054Z,S20260422_155325,SC01,AUTO,,3.2643,0.0615,start,0,1500,VIDE,0.0,0.0,0.0,0.0,0.0,0.0,0,0,0.0,0.0,0.0,0.0,0.0,0.0,2.0,1.0,0.05,0.8,0.0,0.0,1
38,2026-04-22T14:53:29.115Z,S20260422_155325,SC01,AUTO,,3.3256,0.0613,start,0,1500,VIDE,0.0,0.0,0.0,0.0,0.0,0.0,0,0,0.0,0.0,0.0,0.0,0.0,0.0,2.0,1.0,0.05,0.8,0.0,0.0,1
39,2026-04-22T14:53:29.188Z,S20260422_155325,SC01,AUTO,,3.3986,0.073,start,0,1500,VIDE,0.0,0.0,0.0,0.0,0.0,0.0,0,0,0.0,0.0,0.0,0.0,0.0,0.0,2.0,1.0,0.05,0.8,0.0,0.0,1
40,2026-04-22T14:53:29.244Z,S20260422_155325,SC01,AUTO,,3.4542,0.0557,start,0,1500,VIDE,0.0,0.0,0.0,0.0,0.0,0.0,0,0,0.0,0.0,0.0,0.0,0.0,0.0,2.0,1.0,0.05,0.8,0.0,0.0,1
41,2026-04-22T14:53:29.307Z,S20260422_155325,SC01,AUTO,,3.5175,0.0633,start,0,1500,VIDE,0.0,0.0,0.0,0.0,0.0,0.0,0,0,0.0,0.0,0.0,0.0,0.0,0.0,2.0,1.0,0.05,0.8,0.0,0.0,1
42,2026-04-22T14:53:29.376Z,S20260422_155325,SC01,AUTO,,3.5862,0.0686,start,0,1500,VIDE,0.0,0.0,0.0,0.0,0.0,0.0,0,0,0.0,0.0,0.0,0.0,0.0,0.0,2.0,1.0,0.05,0.8,0.0,0.0,1
43,2026-04-22T14:53:29.436Z,S20260422_155325,SC01,AUTO,,3.6462,0.06,start,0,1500,VIDE,0.0,0.0,0.0,0.0,0.0,0.0,0,0,0.0,0.0,0.0,0.0,0.0,0.0,2.0,1.0,0.05,0.8,0.0,0.0,1
44,2026-04-22T14:53:29.495Z,S20260422_155325,SC01,AUTO,,3.7056,0.0595,start,0,1500,VIDE,0.0,0.0,0.0,0.0,0.0,0.0,0,0,0.0,0.0,0.0,0.0,0.0,0.0,2.0,1.0,0.05,0.8,0.0,0.0,1
45,2026-04-22T14:53:29.555Z,S20260422_155325,SC01,AUTO,,3.7657,0.06,start,0,1500,VIDE,0.0,0.0,0.0,0.0,0.0,0.0,0,0,0.0,0.0,0.0,0.0,0.0,0.0,2.0,1.0,0.05,0.8,0.0,0.0,1
46,2026-04-22T14:53:29.615Z,S20260422_155325,SC01,AUTO,,3.8258,0.0601,start,0,1500,VIDE,0.0,0.0,0.0,0.0,0.0,0.0,0,0,0.0,0.0,0.0,0.0,0.0,0.0,2.0,1.0,0.05,0.8,0.0,0.0,1
47,2026-04-22T14:53:29.681Z,S20260422_155325,SC01,AUTO,,3.8914,0.0656,start,0,1500,VIDE,0.0,0.0,0.0,0.0,0.0,0.0,0,0,0.0,0.0,0.0,0.0,0.0,0.0,2.0,1.0,0.05,0.8,0.0,0.0,1
48,2026-04-22T14:53:29.744Z,S20260422_155325,SC01,AUTO,,3.9548,0.0634,start,0,1500,VIDE,0.0,0.0,0.0,0.0,0.0,0.0,0,0,0.0,0.0,0.0,0.0,0.0,0.0,2.0,1.0,0.05,0.8,0.0,0.0,1
49,2026-04-22T14:53:29.815Z,S20260422_155325,SC01,AUTO,,4.025,0.0702,start,0,1500,VIDE,0.0,0.0,0.0,0.0,0.0,0.0,0,0,0.0,0.0,0.0,0.0,0.0,0.0,2.0,1.0,0.05,0.8,0.0,0.0,1
50,2026-04-22T14:53:29.876Z,S20260422_155325,SC01,AUTO,,4.0865,0.0615,start,0,1500,VIDE,0.0,0.0,0.0,0.0,0.0,0.0,0,0,0.0,0.0,0.0,0.0,0.0,0.0,2.0,1.0,0.05,0.8,0.0,0.0,1
51,2026-04-22T14:53:29.935Z,S20260422_155325,SC01,AUTO,,4.1458,0.0593,start,0,1500,VIDE,0.0,0.0,0.0,0.0,0.0,0.0,0,0,0.0,0.0,0.0,0.0,0.0,0.0,2.0,1.0,0.05,0.8,0.0,0.0,1
52,2026-04-22T14:53:29.996Z,S20260422_155325,SC01,AUTO,,4.2068,0.061,start,0,1500,VIDE,0.0,0.0,0.0,0.0,0.0,0.0,0,0,0.0,0.0,0.0,0.0,0.0,0.0,2.0,1.0,0.05,0.8,0.0,0.0,1
53,2026-04-22T14:53:30.055Z,S20260422_155325,SC01,AUTO,,4.2659,0.059,start,0,1500,VIDE,0.0,0.0,0.0,0.0,0.0,0.0,0,0,0.0,0.0,0.0,0.0,0.0,0.0,2.0,1.0,0.05,0.8,0.0,0.0,1
54,2026-04-22T14:53:30.116Z,S20260422_155325,SC01,AUTO,,4.3261,0.0602,start,0,1500,VIDE,0.0,0.0,0.0,0.0,0.0,0.0,0,0,0.0,0.0,0.0,0.0,0.0,0.0,2.0,1.0,0.05,0.8,0.0,0.0,1
55,2026-04-22T14:53:30.186Z,S20260422_155325,SC01,AUTO,,4.3966,0.0705,start,0,1500,VIDE,0.0,0.0,0.0,0.0,0.0,0.0,0,0,0.0,0.0,0.0,0.0,0.0,0.0,2.0,1.0,0.05,0.8,0.0,0.0,1
56,2026-04-22T14:53:30.248Z,S20260422_155325,SC01,AUTO,,4.4584,0.0619,start,0,1500,VIDE,0.0,0.0,0.0,0.0,0.0,0.0,0,0,0.0,0.0,0.0,0.0,0.0,0.0,2.0,1.0,0.05,0.8,0.0,0.0,1
57,2026-04-22T14:53:30.311Z,S20260422_155325,SC01,AUTO,,4.5214,0.0629,start,0,1500,VIDE,0.0,0.0,0.0,0.0,0.0,0.0,0,0,0.0,0.0,0.0,0.0,0.0,0.0,2.0,1.0,0.05,0.8,0.0,0.0,1
58,2026-04-22T14:53:30.373Z,S20260422_155325,SC01,AUTO,,4.5832,0.0618,start,0,1500,VIDE,0.0,0.0,0.0,0.0,0.0,0.0,0,0,0.0,0.0,0.0,0.0,0.0,0.0,2.0,1.0,0.05,0.8,0.0,0.0,1
59,2026-04-22T14:53:30.434Z,S20260422_155325,SC01,AUTO,,4.644,0.0608,start,0,1500,VIDE,0.0,0.0,0.0,0.0,0.0,0.0,0,0,0.0,0.0,0.0,0.0,0.0,0.0,2.0,1.0,0.05,0.8,0.0,0.0,1
60,2026-04-22T14:53:30.496Z,S20260422_155325,SC01,AUTO,,4.7064,0.0624,start,0,1500,VIDE,0.0,0.0,0.0,0.0,0.0,0.0,0,0,0.0,0.0,0.0,0.0,0.0,0.0,2.0,1.0,0.05,0.8,0.0,0.0,1
61,2026-04-22T14:53:30.556Z,S20260422_155325,SC01,AUTO,,4.7661,0.0596,start,0,1500,VIDE,0.0,0.0,0.0,0.0,0.0,0.0,0,0,0.0,0.0,0.0,0.0,0.0,0.0,2.0,1.0,0.05,0.8,0.0,0.0,1
62,2026-04-22T14:53:30.615Z,S20260422_155325,SC01,AUTO,,4.8254,0.0594,start,0,1500,VIDE,0.0,0.0,0.0,0.0,0.0,0.0,0,0,0.0,0.0,0.0,0.0,0.0,0.0,2.0,1.0,0.05,0.8,0.0,0.0,1
63,2026-04-22T14:53:30.685Z,S20260422_155325,SC01,AUTO,,4.895,0.0695,start,0,1500,VIDE,0.0,0.0,0.0,0.0,0.0,0.0,0,0,0.0,0.0,0.0,0.0,0.0,0.0,2.0,1.0,0.05,0.8,0.0,0.0,1
64,2026-04-22T14:53:30.747Z,S20260422_155325,SC01,AUTO,,4.9571,0.0622,start,0,1500,VIDE,0.0,0.0,0.0,0.0,0.0,0.0,0,0,0.0,0.0,0.0,0.0,0.0,0.0,2.0,1.0,0.05,0.8,0.0,0.0,1
65,2026-04-22T14:53:30.810Z,S20260422_155325,SC01,AUTO,,5.0206,0.0634,start,0,1500,VIDE,0.0,0.0,0.0,0.0,0.0,0.0,0,0,0.0,0.0,0.0,0.0,0.0,0.0,2.0,1.0,0.05,0.8,0.0,0.0,1
66,2026-04-22T14:53:30.872Z,S20260422_155325,SC01,AUTO,,5.0825,0.062,start,0,1500,VIDE,0.0,0.0,0.0,0.0,0.0,0.0,0,0,0.0,0.0,0.0,0.0,0.0,0.0,2.0,1.0,0.05,0.8,0.0,0.0,1
67,2026-04-22T14:53:30.935Z,S20260422_155325,SC01,AUTO,,5.1456,0.0631,start,0,1500,VIDE,0.0,0.0,0.0,0.0,0.0,0.0,0,0,0.0,0.0,0.0,0.0,0.0,0.0,2.0,1.0,0.05,0.8,0.0,0.0,1
68,2026-04-22T14:53:30.996Z,S20260422_155325,SC01,AUTO,,5.2061,0.0605,start,0,1500,VIDE,0.0,0.0,0.0,0.0,0.0,0.0,0,0,0.0,0.0,0.0,0.0,0.0,0.0,2.0,1.0,0.05,0.8,0.0,0.0,1
69,2026-04-22T14:53:31.055Z,S20260422_155325,SC01,AUTO,,5.2659,0.0598,start,0,1500,VIDE,0.0,0.0,0.0,0.0,0.0,0.0,0,0,0.0,0.0,0.0,0.0,0.0,0.0,2.0,1.0,0.05,0.8,0.0,0.0,1
70,2026-04-22T14:53:31.116Z,S20260422_155325,SC01,AUTO,,5.3265,0.0606,start,0,1500,VIDE,0.0,0.0,0.0,0.0,0.0,0.0,0,0,0.0,0.0,0.0,0.0,0.0,0.0,2.0,1.0,0.05,0.8,0.0,0.0,1
71,2026-04-22T14:53:31.185Z,S20260422_155325,SC01,AUTO,,5.3955,0.0689,start,0,1500,VIDE,0.0,0.0,0.0,0.0,0.0,0.0,0,0,0.0,0.0,0.0,0.0,0.0,0.0,2.0,1.0,0.05,0.8,0.0,0.0,1
72,2026-04-22T14:53:31.246Z,S20260422_155325,SC01,AUTO,,5.4566,0.0612,start,0,1500,VIDE,0.0,0.0,0.0,0.0,0.0,0.0,0,0,0.0,0.0,0.0,0.0,0.0,0.0,2.0,1.0,0.05,0.8,0.0,0.0,1
73,2026-04-22T14:53:31.308Z,S20260422_155325,SC01,AUTO,,5.5186,0.062,start,0,1500,VIDE,0.0,0.0,0.0,0.0,0.0,0.0,0,0,0.0,0.0,0.0,0.0,0.0,0.0,2.0,1.0,0.05,0.8,0.0,0.0,1
74,2026-04-22T14:53:31.372Z,S20260422_155325,SC01,AUTO,,5.5825,0.064,start,0,1500,VIDE,0.0,0.0,0.0,0.0,0.0,0.0,0,0,0.0,0.0,0.0,0.0,0.0,0.0,2.0,1.0,0.05,0.8,0.0,0.0,1
75,2026-04-22T14:53:31.434Z,S20260422_155325,SC01,AUTO,,5.6445,0.0619,start,0,1500,VIDE,0.0,0.0,0.0,0.0,0.0,0.0,0,0,0.0,0.0,0.0,0.0,0.0,0.0,2.0,1.0,0.05,0.8,0.0,0.0,1
76,2026-04-22T14:53:31.496Z,S20260422_155325,SC01,AUTO,,5.7062,0.0618,start,0,1500,VIDE,0.0,0.0,0.0,0.0,0.0,0.0,0,0,0.0,0.0,0.0,0.0,0.0,0.0,2.0,1.0,0.05,0.8,0.0,0.0,1
77,2026-04-22T14:53:31.556Z,S20260422_155325,SC01,AUTO,,5.7662,0.06,start,0,1500,VIDE,0.0,0.0,0.0,0.0,0.0,0.0,0,0,0.0,0.0,0.0,0.0,0.0,0.0,2.0,1.0,0.05,0.8,0.0,0.0,1
78,2026-04-22T14:53:31.615Z,S20260422_155325,SC01,AUTO,,5.8259,0.0597,start,0,1500,VIDE,0.0,0.0,0.0,0.0,0.0,0.0,0,0,0.0,0.0,0.0,0.0,0.0,0.0,2.0,1.0,0.05,0.8,0.0,0.0,1
79,2026-04-22T14:53:31.682Z,S20260422_155325,SC01,AUTO,,5.8927,0.0669,start,0,1500,VIDE,0.0,0.0,0.0,0.0,0.0,0.0,0,0,0.0,0.0,0.0,0.0,0.0,0.0,2.0,1.0,0.05,0.8,0.0,0.0,1
80,2026-04-22T14:53:31.742Z,S20260422_155325,SC01,AUTO,,5.9521,0.0593,start,0,1500,VIDE,0.0,0.0,0.0,0.0,0.0,0.0,0,0,0.0,0.0,0.0,0.0,0.0,0.0,2.0,1.0,0.05,0.8,0.0,0.0,1
81,2026-04-22T14:53:31.807Z,S20260422_155325,SC01,AUTO,,6.0177,0.0655,start,0,1500,VIDE,0.0,0.0,0.0,0.0,0.0,0.0,0,0,0.0,0.0,0.0,0.0,0.0,0.0,2.0,1.0,0.05,0.8,0.0,0.0,1
82,2026-04-22T14:53:31.870Z,S20260422_155325,SC01,AUTO,,6.0803,0.0627,start,0,1500,VIDE,0.0,0.0,0.0,0.0,0.0,0.0,0,0,0.0,0.0,0.0,0.0,0.0,0.0,2.0,1.0,0.05,0.8,0.0,0.0,1
83,2026-04-22T14:53:31.932Z,S20260422_155325,SC01,AUTO,,6.1421,0.0618,start,0,1500,VIDE,0.0,0.0,0.0,0.0,0.0,0.0,0,0,0.0,0.0,0.0,0.0,0.0,0.0,2.0,1.0,0.05,0.8,0.0,0.0,1
84,2026-04-22T14:53:31.995Z,S20260422_155325,SC01,AUTO,,6.2055,0.0634,start,0,1500,VIDE,0.0,0.0,0.0,0.0,0.0,0.0,0,0,0.0,0.0,0.0,0.0,0.0,0.0,2.0,1.0,0.05,0.8,0.0,0.0,1
85,2026-04-22T14:53:32.056Z,S20260422_155325,SC01,AUTO,,6.266,0.0606,start,0,1500,VIDE,0.0,0.0,0.0,0.0,0.0,0.0,0,0,0.0,0.0,0.0,0.0,0.0,0.0,2.0,1.0,0.05,0.8,0.0,0.0,1
86,2026-04-22T14:53:32.116Z,S20260422_155325,SC01,AUTO,,6.3261,0.0601,start,0,1500,VIDE,0.0,0.0,0.0,0.0,0.0,0.0,0,0,0.0,0.0,0.0,0.0,0.0,0.0,2.0,1.0,0.05,0.8,0.0,0.0,1
87,2026-04-22T14:53:32.180Z,S20260422_155325,SC01,AUTO,,6.3908,0.0647,start,0,1500,VIDE,0.0,0.0,0.0,0.0,0.0,0.0,0,0,0.0,0.0,0.0,0.0,0.0,0.0,2.0,1.0,0.05,0.8,0.0,0.0,1
88,2026-04-22T14:53:32.242Z,S20260422_155325,SC01,AUTO,,6.4525,0.0617,start,0,1500,VIDE,0.0,0.0,0.0,0.0,0.0,0.0,0,0,0.0,0.0,0.0,0.0,0.0,0.0,2.0,1.0,0.05,0.8,0.0,0.0,1
89,2026-04-22T14:53:32.306Z,S20260422_155325,SC01,AUTO,,6.5161,0.0636,start,0,1500,VIDE,0.0,0.0,0.0,0.0,0.0,0.0,0,0,0.0,0.0,0.0,0.0,0.0,0.0,2.0,1.0,0.05,0.8,0.0,0.0,1
90,2026-04-22T14:53:32.369Z,S20260422_155325,SC01,AUTO,,6.5797,0.0637,start,0,1500,VIDE,0.0,0.0,0.0,0.0,0.0,0.0,0,0,0.0,0.0,0.0,0.0,0.0,0.0,2.0,1.0,0.05,0.8,0.0,0.0,1
91,2026-04-22T14:53:32.433Z,S20260422_155325,SC01,AUTO,,6.6431,0.0633,start,0,1500,VIDE,0.0,0.0,0.0,0.0,0.0,0.0,0,0,0.0,0.0,0.0,0.0,0.0,0.0,2.0,1.0,0.05,0.8,0.0,0.0,1
92,2026-04-22T14:53:32.495Z,S20260422_155325,SC01,AUTO,,6.705,0.0619,start,0,1500,VIDE,0.0,0.0,0.0,0.0,0.0,0.0,0,0,0.0,0.0,0.0,0.0,0.0,0.0,2.0,1.0,0.05,0.8,0.0,0.0,1
93,2026-04-22T14:53:32.556Z,S20260422_155325,SC01,AUTO,,6.7666,0.0616,start,0,1500,VIDE,0.0,0.0,0.0,0.0,0.0,0.0,0,0,0.0,0.0,0.0,0.0,0.0,0.0,2.0,1.0,0.05,0.8,0.0,0.0,1
94,2026-04-22T14:53:32.615Z,S20260422_155325,SC01,AUTO,,6.8259,0.0593,start,0,1500,VIDE,0.0,0.0,0.0,0.0,0.0,0.0,0,0,0.0,0.0,0.0,0.0,0.0,0.0,2.0,1.0,0.05,0.8,0.0,0.0,1
95,2026-04-22T14:53:32.680Z,S20260422_155325,SC01,AUTO,,6.8905,0.0646,start,0,1500,VIDE,0.0,0.0,0.0,0.0,0.0,0.0,0,0,0.0,0.0,0.0,0.0,0.0,0.0,2.0,1.0,0.05,0.8,0.0,0.0,1
96,2026-04-22T14:53:32.742Z,S20260422_155325,SC01,AUTO,,6.9522,0.0617,start,0,1500,VIDE,0.0,0.0,0.0,0.0,0.0,0.0,0,0,0.0,0.0,0.0,0.0,0.0,0.0,2.0,1.0,0.05,0.8,0.0,0.0,1
97,2026-04-22T14:53:32.805Z,S20260422_155325,SC01,AUTO,,7.0159,0.0637,start,0,1500,VIDE,0.0,0.0,0.0,0.0,0.0,0.0,0,0,0.0,0.0,0.0,0.0,0.0,0.0,2.0,1.0,0.05,0.8,0.0,0.0,1
98,2026-04-22T14:53:32.868Z,S20260422_155325,SC01,AUTO,,7.0785,0.0627,start,0,1500,VIDE,0.0,0.0,0.0,0.0,0.0,0.0,0,0,0.0,0.0,0.0,0.0,0.0,0.0,2.0,1.0,0.05,0.8,0.0,0.0,1
99,2026-04-22T14:53:32.931Z,S20260422_155325,SC01,AUTO,,7.1412,0.0627,start,0,1500,VIDE,0.0,0.0,0.0,0.0,0.0,0.0,0,0,0.0,0.0,0.0,0.0,0.0,0.0,2.0,1.0,0.05,0.8,0.0,0.0,1
100,2026-04-22T14:53:32.993Z,S20260422_155325,SC01,AUTO,,7.203,0.0618,start,0,1500,VIDE,0.0,0.0,0.0,0.0,0.0,0.0,0,0,0.0,0.0,0.0,0.0,0.0,0.0,2.0,1.0,0.05,0.8,0.0,0.0,1
101,2026-04-22T14:53:33.054Z,S20260422_155325,SC01,AUTO,,7.2647,0.0617,start,0,1500,VIDE,0.0,0.0,0.0,0.0,0.0,0.0,0,0,0.0,0.0,0.0,0.0,0.0,0.0,2.0,1.0,0.05,0.8,0.0,0.0,1
102,2026-04-22T14:53:33.115Z,S20260422_155325,SC01,AUTO,,7.3256,0.0609,start,0,1500,VIDE,0.0,0.0,0.0,0.0,0.0,0.0,0,0,0.0,0.0,0.0,0.0,0.0,0.0,2.0,1.0,0.05,0.8,0.0,0.0,1
103,2026-04-22T14:53:33.180Z,S20260422_155325,SC01,AUTO,,7.3905,0.0649,start,0,1500,VIDE,0.0,0.0,0.0,0.0,0.0,0.0,0,0,0.0,0.0,0.0,0.0,0.0,0.0,2.0,1.0,0.05,0.8,0.0,0.0,1
104,2026-04-22T14:53:33.242Z,S20260422_155325,SC01,AUTO,,7.4522,0.0617,start,0,1500,VIDE,0.0,0.0,0.0,0.0,0.0,0.0,0,0,0.0,0.0,0.0,0.0,0.0,0.0,2.0,1.0,0.05,0.8,0.0,0.0,1
105,2026-04-22T14:53:33.316Z,S20260422_155325,SC01,AUTO,,7.5263,0.074,start,0,1500,VIDE,0.0,0.0,0.0,0.0,0.0,0.0,0,0,0.0,0.0,0.0,0.0,0.0,0.0,2.0,1.0,0.05,0.8,0.0,0.0,1
106,2026-04-22T14:53:33.375Z,S20260422_155325,SC01,AUTO,,7.5856,0.0593,start,0,1500,VIDE,0.0,0.0,0.0,0.0,0.0,0.0,0,0,0.0,0.0,0.0,0.0,0.0,0.0,2.0,1.0,0.05,0.8,0.0,0.0,1
107,2026-04-22T14:53:33.428Z,S20260422_155325,SC01,AUTO,,7.6382,0.0525,start,0,1500,VIDE,0.0,0.0,0.0,0.0,0.0,0.0,0,0,0.0,0.0,0.0,0.0,0.0,0.0,2.0,1.0,0.05,0.8,0.0,0.0,1
108,2026-04-22T14:53:33.496Z,S20260422_155325,SC01,AUTO,,7.7063,0.0681,start,0,1500,VIDE,0.0,0.0,0.0,0.0,0.0,0.0,0,0,0.0,0.0,0.0,0.0,0.0,0.0,2.0,1.0,0.05,0.8,0.0,0.0,1
109,2026-04-22T14:53:33.560Z,S20260422_155325,SC01,AUTO,,7.7709,0.0646,start,0,1500,VIDE,0.0,0.0,0.0,0.0,0.0,0.0,0,0,0.0,0.0,0.0,0.0,0.0,0.0,2.0,1.0,0.05,0.8,0.0,0.0,1
110,2026-04-22T14:53:33.618Z,S20260422_155325,SC01,AUTO,,7.8286,0.0577,start,0,1500,VIDE,0.0,0.0,0.0,0.0,0.0,0.0,0,0,0.0,0.0,0.0,0.0,0.0,0.0,2.0,1.0,0.05,0.8,0.0,0.0,1
111,2026-04-22T14:53:33.688Z,S20260422_155325,SC01,AUTO,,7.898,0.0694,start,0,1500,VIDE,0.0,0.0,0.0,0.0,0.0,0.0,0,0,0.0,0.0,0.0,0.0,0.0,0.0,2.0,1.0,0.05,0.8,0.0,0.0,1
112,2026-04-22T14:53:33.750Z,S20260422_155325,SC01,AUTO,,7.9602,0.0622,start,0,1500,VIDE,0.0,0.0,0.0,0.0,0.0,0.0,0,0,0.0,0.0,0.0,0.0,0.0,0.0,2.0,1.0,0.05,0.8,0.0,0.0,1
113,2026-04-22T14:53:33.811Z,S20260422_155325,SC01,AUTO,,8.0214,0.0612,start,0,1500,VIDE,0.0,0.0,0.0,0.0,0.0,0.0,0,0,0.0,0.0,0.0,0.0,0.0,0.0,2.0,1.0,0.05,0.8,0.0,0.0,1
114,2026-04-22T14:53:33.874Z,S20260422_155325,SC01,AUTO,,8.0843,0.063,start,0,1500,VIDE,0.0,0.0,0.0,0.0,0.0,0.0,0,0,0.0,0.0,0.0,0.0,0.0,0.0,2.0,1.0,0.05,0.8,0.0,0.0,1
115,2026-04-22T14:53:33.938Z,S20260422_155325,SC01,AUTO,,8.148,0.0637,start,0,1500,VIDE,0.0,0.0,0.0,0.0,0.0,0.0,0,0,0.0,0.0,0.0,0.0,0.0,0.0,2.0,1.0,0.05,0.8,0.0,0.0,1
116,2026-04-22T14:53:34.001Z,S20260422_155325,SC01,AUTO,,8.2116,0.0635,start,0,1500,VIDE,0.0,0.0,0.0,0.0,0.0,0.0,0,0,0.0,0.0,0.0,0.0,0.0,0.0,2.0,1.0,0.05,0.8,0.0,0.0,1
117,2026-04-22T14:53:34.065Z,S20260422_155325,SC01,AUTO,,8.275,0.0634,start,0,1500,VIDE,0.0,0.0,0.0,0.0,0.0,0.0,0,0,0.0,0.0,0.0,0.0,0.0,0.0,2.0,1.0,0.05,0.8,0.0,0.0,1
118,2026-04-22T14:53:34.120Z,S20260422_155325,SC01,AUTO,,8.3301,0.0552,start,0,1500,VIDE,0.0,0.0,0.0,0.0,0.0,0.0,0,0,0.0,0.0,0.0,0.0,0.0,0.0,2.0,1.0,0.05,0.8,0.0,0.0,1
119,2026-04-22T14:53:34.192Z,S20260422_155325,SC01,AUTO,,8.4028,0.0727,start,0,1500,VIDE,0.0,0.0,0.0,0.0,0.0,0.0,0,0,0.0,0.0,0.0,0.0,0.0,0.0,2.0,1.0,0.05,0.8,0.0,0.0,1
120,2026-04-22T14:53:34.240Z,S20260422_155325,SC01,AUTO,,8.4503,0.0475,start,0,1500,VIDE,0.0,0.0,0.0,0.0,0.0,0.0,0,0,0.0,0.0,0.0,0.0,0.0,0.0,2.0,1.0,0.05,0.8,0.0,0.0,1
121,2026-04-22T14:53:34.303Z,S20260422_155325,SC01,AUTO,,8.5137,0.0634,start,0,1500,VIDE,0.0,0.0,0.0,0.0,0.0,0.0,0,0,0.0,0.0,0.0,0.0,0.0,0.0,2.0,1.0,0.05,0.8,0.0,0.0,1
122,2026-04-22T14:53:34.367Z,S20260422_155325,SC01,AUTO,,8.5774,0.0636,start,0,1500,VIDE,0.0,0.0,0.0,0.0,0.0,0.0,0,0,0.0,0.0,0.0,0.0,0.0,0.0,2.0,1.0,0.05,0.8,0.0,0.0,1
123,2026-04-22T14:53:34.430Z,S20260422_155325,SC01,AUTO,,8.6403,0.063,start,0,1500,VIDE,0.0,0.0,0.0,0.0,0.0,0.0,0,0,0.0,0.0,0.0,0.0,0.0,0.0,2.0,1.0,0.05,0.8,0.0,0.0,1
124,2026-04-22T14:53:34.493Z,S20260422_155325,SC01,AUTO,,8.7032,0.0628,start,0,1500,VIDE,0.0,0.0,0.0,0.0,0.0,0.0,0,0,0.0,0.0,0.0,0.0,0.0,0.0,2.0,1.0,0.05,0.8,0.0,0.0,1
125,2026-04-22T14:53:34.557Z,S20260422_155325,SC01,AUTO,,8.7669,0.0638,start,0,1500,VIDE,0.0,0.0,0.0,0.0,0.0,0.0,0,0,0.0,0.0,0.0,0.0,0.0,0.0,2.0,1.0,0.05,0.8,0.0,0.0,1
126,2026-04-22T14:53:34.620Z,S20260422_155325,SC01,AUTO,,8.8304,0.0634,start,0,1500,VIDE,0.0,0.0,0.0,0.0,0.0,0.0,0,0,0.0,0.0,0.0,0.0,0.0,0.0,2.0,1.0,0.05,0.8,0.0,0.0,1
127,2026-04-22T14:53:34.683Z,S20260422_155325,SC01,AUTO,,8.8933,0.0629,start,0,1500,VIDE,0.0,0.0,0.0,0.0,0.0,0.0,0,0,0.0,0.0,0.0,0.0,0.0,0.0,2.0,1.0,0.05,0.8,0.0,0.0,1
128,2026-04-22T14:53:34.746Z,S20260422_155325,SC01,AUTO,,8.9567,0.0634,start,0,1500,VIDE,0.0,0.0,0.0,0.0,0.0,0.0,0,0,0.0,0.0,0.0,0.0,0.0,0.0,2.0,1.0,0.05,0.8,0.0,0.0,1
129,2026-04-22T14:53:34.811Z,S20260422_155325,SC01,AUTO,,9.0211,0.0644,start,0,1500,VIDE,0.0,0.0,0.0,0.0,0.0,0.0,0,0,0.0,0.0,0.0,0.0,0.0,0.0,2.0,1.0,0.05,0.8,0.0,0.0,1
130,2026-04-22T14:53:34.868Z,S20260422_155325,SC01,AUTO,,9.0786,0.0575,start,0,1500,VIDE,0.0,0.0,0.0,0.0,0.0,0.0,0,0,0.0,0.0,0.0,0.0,0.0,0.0,2.0,1.0,0.05,0.8,0.0,0.0,1
131,2026-04-22T14:53:34.932Z,S20260422_155325,SC01,AUTO,,9.142,0.0634,start,0,1500,VIDE,0.0,0.0,0.0,0.0,0.0,0.0,0,0,0.0,0.0,0.0,0.0,0.0,0.0,2.0,1.0,0.05,0.8,0.0,0.0,1
132,2026-04-22T14:53:34.992Z,S20260422_155325,SC01,AUTO,,9.2026,0.0606,start,0,1500,VIDE,0.0,0.0,0.0,0.0,0.0,0.0,0,0,0.0,0.0,0.0,0.0,0.0,0.0,2.0,1.0,0.05,0.8,0.0,0.0,1
133,2026-04-22T14:53:35.064Z,S20260422_155325,SC01,AUTO,,9.2742,0.0716,start,0,1500,VIDE,0.0,0.0,0.0,0.0,0.0,0.0,0,0,0.0,0.0,0.0,0.0,0.0,0.0,2.0,1.0,0.05,0.8,0.0,0.0,1
134,2026-04-22T14:53:35.128Z,S20260422_155325,SC01,AUTO,,9.3388,0.0646,start,0,1500,VIDE,0.0,0.0,0.0,0.0,0.0,0.0,0,0,0.0,0.0,0.0,0.0,0.0,0.0,2.0,1.0,0.05,0.8,0.0,0.0,1
135,2026-04-22T14:53:35.191Z,S20260422_155325,SC01,AUTO,,9.4017,0.0628,start,0,1500,VIDE,0.0,0.0,0.0,0.0,0.0,0.0,0,0,0.0,0.0,0.0,0.0,0.0,0.0,2.0,1.0,0.05,0.8,0.0,0.0,1
136,2026-04-22T14:53:35.242Z,S20260422_155325,SC01,AUTO,,9.452,0.0503,start,0,1500,VIDE,0.0,0.0,0.0,0.0,0.0,0.0,0,0,0.0,0.0,0.0,0.0,0.0,0.0,2.0,1.0,0.05,0.8,0.0,0.0,1
137,2026-04-22T14:53:35.317Z,S20260422_155325,SC01,AUTO,,9.5276,0.0756,start,0,1500,VIDE,0.0,0.0,0.0,0.0,0.0,0.0,0,0,0.0,0.0,0.0,0.0,0.0,0.0,2.0,1.0,0.05,0.8,0.0,0.0,1
138,2026-04-22T14:53:35.380Z,S20260422_155325,SC01,AUTO,,9.5906,0.063,start,0,1500,VIDE,0.0,0.0,0.0,0.0,0.0,0.0,0,0,0.0,0.0,0.0,0.0,0.0,0.0,2.0,1.0,0.05,0.8,0.0,0.0,1
139,2026-04-22T14:53:35.428Z,S20260422_155325,SC01,AUTO,,9.6385,0.0479,start,0,1500,VIDE,0.0,0.0,0.0,0.0,0.0,0.0,0,0,0.0,0.0,0.0,0.0,0.0,0.0,2.0,1.0,0.05,0.8,0.0,0.0,1
140,2026-04-22T14:53:35.491Z,S20260422_155325,SC01,AUTO,,9.7016,0.0631,start,0,1500,VIDE,0.0,0.0,0.0,0.0,0.0,0.0,0,0,0.0,0.0,0.0,0.0,0.0,0.0,2.0,1.0,0.05,0.8,0.0,0.0,1
141,2026-04-22T14:53:35.555Z,S20260422_155325,SC01,AUTO,,9.7652,0.0636,start,0,1500,VIDE,0.0,0.0,0.0,0.0,0.0,0.0,0,0,0.0,0.0,0.0,0.0,0.0,0.0,2.0,1.0,0.05,0.8,0.0,0.0,1
142,2026-04-22T14:53:35.618Z,S20260422_155325,SC01,AUTO,,9.8282,0.063,start,0,1500,VIDE,0.0,0.0,0.0,0.0,0.0,0.0,0,0,0.0,0.0,0.0,0.0,0.0,0.0,2.0,1.0,0.05,0.8,0.0,0.0,1
143,2026-04-22T14:53:35.681Z,S20260422_155325,SC01,AUTO,,9.8915,0.0634,start,0,1500,VIDE,0.0,0.0,0.0,0.0,0.0,0.0,0,0,0.0,0.0,0.0,0.0,0.0,0.0,2.0,1.0,0.05,0.8,0.0,0.0,1
144,2026-04-22T14:53:35.744Z,S20260422_155325,SC01,AUTO,,9.9543,0.0628,start,0,1500,VIDE,0.0,0.0,0.0,0.0,0.0,0.0,0,0,0.0,0.0,0.0,0.0,0.0,0.0,2.0,1.0,0.05,0.8,0.0,0.0,1
145,2026-04-22T14:53:35.807Z,S20260422_155325,SC01,AUTO,,10.0177,0.0634,start,0,1500,VIDE,0.0,0.0,0.0,0.0,0.0,0.0,0,0,0.0,0.0,0.0,0.0,0.0,0.0,2.0,1.0,0.05,0.8,0.0,0.0,1
146,2026-04-22T14:53:35.869Z,S20260422_155325,SC01,AUTO,,10.0798,0.0622,start,0,1500,VIDE,0.0,0.0,0.0,0.0,0.0,0.0,0,0,0.0,0.0,0.0,0.0,0.0,0.0,2.0,1.0,0.05,0.8,0.0,0.0,1
147,2026-04-22T14:53:35.933Z,S20260422_155325,SC01,AUTO,,10.1436,0.0637,start,0,1500,VIDE,0.0,0.0,0.0,0.0,0.0,0.0,0,0,0.0,0.0,0.0,0.0,0.0,0.0,2.0,1.0,0.05,0.8,0.0,0.0,1
148,2026-04-22T14:53:35.997Z,S20260422_155325,SC01,AUTO,,10.2076,0.064,start,0,1500,VIDE,0.0,0.0,0.0,0.0,0.0,0.0,0,0,0.0,0.0,0.0,0.0,0.0,0.0,2.0,1.0,0.05,0.8,0.0,0.0,1
149,2026-04-22T14:53:36.059Z,S20260422_155325,SC01,AUTO,,10.2699,0.0623,start,0,1500,VIDE,0.0,0.0,0.0,0.0,0.0,0.0,0,0,0.0,0.0,0.0,0.0,0.0,0.0,2.0,1.0,0.05,0.8,0.0,0.0,1
150,2026-04-22T14:53:36.120Z,S20260422_155325,SC01,AUTO,,10.33,0.0601,start,0,1500,VIDE,0.0,0.0,0.0,0.0,0.0,0.0,0,0,0.0,0.0,0.0,0.0,0.0,0.0,2.0,1.0,0.05,0.8,0.0,0.0,1
151,2026-04-22T14:53:36.181Z,S20260422_155325,SC01,AUTO,,10.3912,0.0611,start,0,1500,VIDE,0.0,0.0,0.0,0.0,0.0,0.0,0,0,0.0,0.0,0.0,0.0,0.0,0.0,2.0,1.0,0.05,0.8,0.0,0.0,1
152,2026-04-22T14:53:36.242Z,S20260422_155325,SC01,AUTO,,10.4522,0.061,start,0,1500,VIDE,0.0,0.0,0.0,0.0,0.0,0.0,0,0,0.0,0.0,0.0,0.0,0.0,0.0,2.0,1.0,0.05,0.8,0.0,0.0,1
153,2026-04-22T14:53:36.305Z,S20260422_155325,SC01,AUTO,,10.5152,0.063,start,0,1500,VIDE,0.0,0.0,0.0,0.0,0.0,0.0,0,0,0.0,0.0,0.0,0.0,0.0,0.0,2.0,1.0,0.05,0.8,0.0,0.0,1
154,2026-04-22T14:53:36.367Z,S20260422_155325,SC01,AUTO,,10.577,0.0618,start,0,1500,VIDE,0.0,0.0,0.0,0.0,0.0,0.0,0,0,0.0,0.0,0.0,0.0,0.0,0.0,2.0,1.0,0.05,0.8,0.0,0.0,1
155,2026-04-22T14:53:36.428Z,S20260422_155325,SC01,AUTO,,10.6389,0.0619,start,0,1500,VIDE,0.0,0.0,0.0,0.0,0.0,0.0,0,0,0.0,0.0,0.0,0.0,0.0,0.0,2.0,1.0,0.05,0.8,0.0,0.0,1
156,2026-04-22T14:53:36.491Z,S20260422_155325,SC01,AUTO,,10.7011,0.0622,start,0,1500,VIDE,0.0,0.0,0.0,0.0,0.0,0.0,0,0,0.0,0.0,0.0,0.0,0.0,0.0,2.0,1.0,0.05,0.8,0.0,0.0,1
157,2026-04-22T14:53:36.553Z,S20260422_155325,SC01,AUTO,,10.7636,0.0626,start,0,1500,VIDE,0.0,0.0,0.0,0.0,0.0,0.0,0,0,0.0,0.0,0.0,0.0,0.0,0.0,2.0,1.0,0.05,0.8,0.0,0.0,1
158,2026-04-22T14:53:36.615Z,S20260422_155325,SC01,AUTO,,10.8252,0.0615,start,0,1500,VIDE,0.0,0.0,0.0,0.0,0.0,0.0,0,0,0.0,0.0,0.0,0.0,0.0,0.0,2.0,1.0,0.05,0.8,0.0,0.0,1
159,2026-04-22T14:53:36.678Z,S20260422_155325,SC01,AUTO,,10.8879,0.0628,start,0,1500,VIDE,0.0,0.0,0.0,0.0,0.0,0.0,0,0,0.0,0.0,0.0,0.0,0.0,0.0,2.0,1.0,0.05,0.8,0.0,0.0,1
160,2026-04-22T14:53:36.740Z,S20260422_155325,SC01,AUTO,,10.9506,0.0627,start,0,1500,VIDE,0.0,0.0,0.0,0.0,0.0,0.0,0,0,0.0,0.0,0.0,0.0,0.0,0.0,2.0,1.0,0.05,0.8,0.0,0.0,1
161,2026-04-22T14:53:36.805Z,S20260422_155325,SC01,AUTO,,11.0149,0.0643,start,0,1500,VIDE,0.0,0.0,0.0,0.0,0.0,0.0,0,0,0.0,0.0,0.0,0.0,0.0,0.0,2.0,1.0,0.05,0.8,0.0,0.0,1
162,2026-04-22T14:53:36.865Z,S20260422_155325,SC01,AUTO,,11.0757,0.0608,start,0,1500,VIDE,0.0,0.0,0.0,0.0,0.0,0.0,0,0,0.0,0.0,0.0,0.0,0.0,0.0,2.0,1.0,0.05,0.8,0.0,0.0,1
163,2026-04-22T14:53:36.928Z,S20260422_155325,SC01,AUTO,,11.1383,0.0626,start,0,1500,VIDE,0.0,0.0,0.0,0.0,0.0,0.0,0,0,0.0,0.0,0.0,0.0,0.0,0.0,2.0,1.0,0.05,0.8,0.0,0.0,1
164,2026-04-22T14:53:36.991Z,S20260422_155325,SC01,AUTO,,11.2018,0.0634,start,0,1500,VIDE,0.0,0.0,0.0,0.0,0.0,0.0,0,0,0.0,0.0,0.0,0.0,0.0,0.0,2.0,1.0,0.05,0.8,0.0,0.0,1
165,2026-04-22T14:53:37.054Z,S20260422_155325,SC01,AUTO,,11.2645,0.0628,start,0,1500,VIDE,0.0,0.0,0.0,0.0,0.0,0.0,0,0,0.0,0.0,0.0,0.0,0.0,0.0,2.0,1.0,0.05,0.8,0.0,0.0,1
166,2026-04-22T14:53:37.116Z,S20260422_155325,SC01,AUTO,,11.3268,0.0623,start,0,1500,VIDE,0.0,0.0,0.0,0.0,0.0,0.0,0,0,0.0,0.0,0.0,0.0,0.0,0.0,2.0,1.0,0.05,0.8,0.0,0.0,1
167,2026-04-22T14:53:37.179Z,S20260422_155325,SC01,AUTO,,11.3898,0.063,start,0,1500,VIDE,0.0,0.0,0.0,0.0,0.0,0.0,0,0,0.0,0.0,0.0,0.0,0.0,0.0,2.0,1.0,0.05,0.8,0.0,0.0,1
168,2026-04-22T14:53:37.241Z,S20260422_155325,SC01,AUTO,,11.4516,0.0618,start,0,1500,VIDE,0.0,0.0,0.0,0.0,0.0,0.0,0,0,0.0,0.0,0.0,0.0,0.0,0.0,2.0,1.0,0.05,0.8,0.0,0.0,1
169,2026-04-22T14:53:37.304Z,S20260422_155325,SC01,AUTO,,11.5139,0.0623,start,0,1500,VIDE,0.0,0.0,0.0,0.0,0.0,0.0,0,0,0.0,0.0,0.0,0.0,0.0,0.0,2.0,1.0,0.05,0.8,0.0,0.0,1
170,2026-04-22T14:53:37.366Z,S20260422_155325,SC01,AUTO,,11.5762,0.0622,start,0,1500,VIDE,0.0,0.0,0.0,0.0,0.0,0.0,0,0,0.0,0.0,0.0,0.0,0.0,0.0,2.0,1.0,0.05,0.8,0.0,0.0,1
171,2026-04-22T14:53:37.429Z,S20260422_155325,SC01,AUTO,,11.6391,0.0629,start,0,1500,VIDE,0.0,0.0,0.0,0.0,0.0,0.0,0,0,0.0,0.0,0.0,0.0,0.0,0.0,2.0,1.0,0.05,0.8,0.0,0.0,1
172,2026-04-22T14:53:37.491Z,S20260422_155325,SC01,AUTO,,11.701,0.0619,start,0,1500,VIDE,0.0,0.0,0.0,0.0,0.0,0.0,0,0,0.0,0.0,0.0,0.0,0.0,0.0,2.0,1.0,0.05,0.8,0.0,0.0,1
173,2026-04-22T14:53:37.554Z,S20260422_155325,SC01,AUTO,,11.7639,0.063,start,0,1500,VIDE,0.0,0.0,0.0,0.0,0.0,0.0,0,0,0.0,0.0,0.0,0.0,0.0,0.0,2.0,1.0,0.05,0.8,0.0,0.0,1
174,2026-04-22T14:53:37.615Z,S20260422_155325,SC01,AUTO,,11.8254,0.0615,start,0,1500,VIDE,0.0,0.0,0.0,0.0,0.0,0.0,0,0,0.0,0.0,0.0,0.0,0.0,0.0,2.0,1.0,0.05,0.8,0.0,0.0,1
175,2026-04-22T14:53:37.680Z,S20260422_155325,SC01,AUTO,,11.8903,0.0648,start,0,1500,VIDE,0.0,0.0,0.0,0.0,0.0,0.0,0,0,0.0,0.0,0.0,0.0,0.0,0.0,2.0,1.0,0.05,0.8,0.0,0.0,1
176,2026-04-22T14:53:37.743Z,S20260422_155325,SC01,AUTO,,11.953,0.0628,start,0,1500,VIDE,0.0,0.0,0.0,0.0,0.0,0.0,0,0,0.0,0.0,0.0,0.0,0.0,0.0,2.0,1.0,0.05,0.8,0.0,0.0,1
177,2026-04-22T14:53:37.806Z,S20260422_155325,SC01,AUTO,,12.0161,0.0631,start,0,1500,VIDE,0.0,0.0,0.0,0.0,0.0,0.0,0,0,0.0,0.0,0.0,0.0,0.0,0.0,2.0,1.0,0.05,0.8,0.0,0.0,1
178,2026-04-22T14:53:37.867Z,S20260422_155325,SC01,AUTO,,12.0779,0.0617,start,0,1500,VIDE,0.0,0.0,0.0,0.0,0.0,0.0,0,0,0.0,0.0,0.0,0.0,0.0,0.0,2.0,1.0,0.05,0.8,0.0,0.0,1
179,2026-04-22T14:53:37.930Z,S20260422_155325,SC01,AUTO,,12.1409,0.063,start,0,1500,VIDE,0.0,0.0,0.0,0.0,0.0,0.0,0,0,0.0,0.0,0.0,0.0,0.0,0.0,2.0,1.0,0.05,0.8,0.0,0.0,1
180,2026-04-22T14:53:37.993Z,S20260422_155325,SC01,AUTO,,12.2035,0.0627,start,0,1500,VIDE,0.0,0.0,0.0,0.0,0.0,0.0,0,0,0.0,0.0,0.0,0.0,0.0,0.0,2.0,1.0,0.05,0.8,0.0,0.0,1
181,2026-04-22T14:53:38.053Z,S20260422_155325,SC01,AUTO,,12.2637,0.0602,start,0,1500,VIDE,0.0,0.0,0.0,0.0,0.0,0.0,0,0,0.0,0.0,0.0,0.0,0.0,0.0,2.0,1.0,0.05,0.8,0.0,0.0,1
182,2026-04-22T14:53:38.117Z,S20260422_155325,SC01,AUTO,,12.3277,0.064,start,0,1500,VIDE,0.0,0.0,0.0,0.0,0.0,0.0,0,0,0.0,0.0,0.0,0.0,0.0,0.0,2.0,1.0,0.05,0.8,0.0,0.0,1
183,2026-04-22T14:53:38.178Z,S20260422_155325,SC01,AUTO,,12.3888,0.0611,start,0,1500,VIDE,0.0,0.0,0.0,0.0,0.0,0.0,0,0,0.0,0.0,0.0,0.0,0.0,0.0,2.0,1.0,0.05,0.8,0.0,0.0,1
184,2026-04-22T14:53:38.242Z,S20260422_155325,SC01,AUTO,,12.4522,0.0634,start,0,1500,VIDE,0.0,0.0,0.0,0.0,0.0,0.0,0,0,0.0,0.0,0.0,0.0,0.0,0.0,2.0,1.0,0.05,0.8,0.0,0.0,1
185,2026-04-22T14:53:38.307Z,S20260422_155325,SC01,AUTO,,12.517,0.0648,start,0,1500,VIDE,0.0,0.0,0.0,0.0,0.0,0.0,0,0,0.0,0.0,0.0,0.0,0.0,0.0,2.0,1.0,0.05,0.8,0.0,0.0,1
186,2026-04-22T14:53:38.369Z,S20260422_155325,SC01,AUTO,,12.5797,0.0626,start,0,1500,VIDE,0.0,0.0,0.0,0.0,0.0,0.0,0,0,0.0,0.0,0.0,0.0,0.0,0.0,2.0,1.0,0.05,0.8,0.0,0.0,1
187,2026-04-22T14:53:38.429Z,S20260422_155325,SC01,AUTO,,12.6391,0.0595,start,0,1500,VIDE,0.0,0.0,0.0,0.0,0.0,0.0,0,0,0.0,0.0,0.0,0.0,0.0,0.0,2.0,1.0,0.05,0.8,0.0,0.0,1
188,2026-04-22T14:53:38.493Z,S20260422_155325,SC01,AUTO,,12.7036,0.0645,start,0,1500,VIDE,0.0,0.0,0.0,0.0,0.0,0.0,0,0,0.0,0.0,0.0,0.0,0.0,0.0,2.0,1.0,0.05,0.8,0.0,0.0,1
189,2026-04-22T14:53:38.556Z,S20260422_155325,SC01,AUTO,,12.7664,0.0628,start,0,1500,VIDE,0.0,0.0,0.0,0.0,0.0,0.0,0,0,0.0,0.0,0.0,0.0,0.0,0.0,2.0,1.0,0.05,0.8,0.0,0.0,1
190,2026-04-22T14:53:38.618Z,S20260422_155325,SC01,AUTO,,12.8279,0.0615,start,0,1500,VIDE,0.0,0.0,0.0,0.0,0.0,0.0,0,0,0.0,0.0,0.0,0.0,0.0,0.0,2.0,1.0,0.05,0.8,0.0,0.0,1
191,2026-04-22T14:53:38.679Z,S20260422_155325,SC01,AUTO,,12.8897,0.0618,start,0,1500,VIDE,0.0,0.0,0.0,0.0,0.0,0.0,0,0,0.0,0.0,0.0,0.0,0.0,0.0,2.0,1.0,0.05,0.8,0.0,0.0,1
192,2026-04-22T14:53:38.741Z,S20260422_155325,SC01,AUTO,,12.9512,0.0614,start,0,1500,VIDE,0.0,0.0,0.0,0.0,0.0,0.0,0,0,0.0,0.0,0.0,0.0,0.0,0.0,2.0,1.0,0.05,0.8,0.0,0.0,1
193,2026-04-22T14:53:38.805Z,S20260422_155325,SC01,AUTO,,13.0152,0.0641,start,0,1500,VIDE,0.0,0.0,0.0,0.0,0.0,0.0,0,0,0.0,0.0,0.0,0.0,0.0,0.0,2.0,1.0,0.05,0.8,0.0,0.0,1
194,2026-04-22T14:53:38.865Z,S20260422_155325,SC01,AUTO,,13.0754,0.0601,start,0,1500,VIDE,0.0,0.0,0.0,0.0,0.0,0.0,0,0,0.0,0.0,0.0,0.0,0.0,0.0,2.0,1.0,0.05,0.8,0.0,0.0,1
195,2026-04-22T14:53:38.933Z,S20260422_155325,SC01,AUTO,,13.1433,0.068,start,0,1500,VIDE,0.0,0.0,0.0,0.0,0.0,0.0,0,0,0.0,0.0,0.0,0.0,0.0,0.0,2.0,1.0,0.05,0.8,0.0,0.0,1
196,2026-04-22T14:53:39.004Z,S20260422_155325,SC01,AUTO,,13.214,0.0706,start,0,1500,VIDE,0.0,0.0,0.0,0.0,0.0,0.0,0,0,0.0,0.0,0.0,0.0,0.0,0.0,2.0,1.0,0.05,0.8,0.0,0.0,1
197,2026-04-22T14:53:39.060Z,S20260422_155325,SC01,AUTO,,13.2708,0.0568,start,0,1500,VIDE,0.0,0.0,0.0,0.0,0.0,0.0,0,0,0.0,0.0,0.0,0.0,0.0,0.0,2.0,1.0,0.05,0.8,0.0,0.0,1
198,2026-04-22T14:53:39.116Z,S20260422_155325,SC01,AUTO,,13.3268,0.056,start,0,1500,VIDE,0.0,0.0,0.0,0.0,0.0,0.0,0,0,0.0,0.0,0.0,0.0,0.0,0.0,2.0,1.0,0.05,0.8,0.0,0.0,1
199,2026-04-22T14:53:39.180Z,S20260422_155325,SC01,AUTO,,13.3904,0.0636,start,0,1500,VIDE,0.0,0.0,0.0,0.0,0.0,0.0,0,0,0.0,0.0,0.0,0.0,0.0,0.0,2.0,1.0,0.05,0.8,0.0,0.0,1
200,2026-04-22T14:53:39.244Z,S20260422_155325,SC01,AUTO,,13.4545,0.0641,start,0,1500,VIDE,0.0,0.0,0.0,0.0,0.0,0.0,0,0,0.0,0.0,0.0,0.0,0.0,0.0,2.0,1.0,0.05,0.8,0.0,0.0,1
201,2026-04-22T14:53:39.308Z,S20260422_155325,SC01,AUTO,,13.5184,0.0639,start,0,1500,VIDE,0.0,0.0,0.0,0.0,0.0,0.0,0,0,0.0,0.0,0.0,0.0,0.0,0.0,2.0,1.0,0.05,0.8,0.0,0.0,1
202,2026-04-22T14:53:39.372Z,S20260422_155325,SC01,AUTO,,13.5825,0.0641,start,0,1500,VIDE,0.0,0.0,0.0,0.0,0.0,0.0,0,0,0.0,0.0,0.0,0.0,0.0,0.0,2.0,1.0,0.05,0.8,0.0,0.0,1
203,2026-04-22T14:53:39.428Z,S20260422_155325,SC01,AUTO,,13.6388,0.0563,start,0,1500,VIDE,0.0,0.0,0.0,0.0,0.0,0.0,0,0,0.0,0.0,0.0,0.0,0.0,0.0,2.0,1.0,0.05,0.8,0.0,0.0,1
204,2026-04-22T14:53:39.501Z,S20260422_155325,SC01,AUTO,,13.7117,0.0729,start,0,1500,VIDE,0.0,0.0,0.0,0.0,0.0,0.0,0,0,0.0,0.0,0.0,0.0,0.0,0.0,2.0,1.0,0.05,0.8,0.0,0.0,1
205,2026-04-22T14:53:39.562Z,S20260422_155325,SC01,AUTO,,13.7726,0.061,start,0,1500,VIDE,0.0,0.0,0.0,0.0,0.0,0.0,0,0,0.0,0.0,0.0,0.0,0.0,0.0,2.0,1.0,0.05,0.8,0.0,0.0,1
206,2026-04-22T14:53:39.620Z,S20260422_155325,SC01,AUTO,,13.8305,0.0579,start,0,1500,VIDE,0.0,0.0,0.0,0.0,0.0,0.0,0,0,0.0,0.0,0.0,0.0,0.0,0.0,2.0,1.0,0.05,0.8,0.0,0.0,1
207,2026-04-22T14:53:39.684Z,S20260422_155325,SC01,AUTO,,13.8945,0.064,start,0,1500,VIDE,0.0,0.0,0.0,0.0,0.0,0.0,0,0,0.0,0.0,0.0,0.0,0.0,0.0,2.0,1.0,0.05,0.8,0.0,0.0,1
208,2026-04-22T14:53:39.748Z,S20260422_155325,SC01,AUTO,,13.9586,0.0641,start,0,1500,VIDE,0.0,0.0,0.0,0.0,0.0,0.0,0,0,0.0,0.0,0.0,0.0,0.0,0.0,2.0,1.0,0.05,0.8,0.0,0.0,1
209,2026-04-22T14:53:39.805Z,S20260422_155325,SC01,AUTO,,14.0152,0.0566,start,0,1500,VIDE,0.0,0.0,0.0,0.0,0.0,0.0,0,0,0.0,0.0,0.0,0.0,0.0,0.0,2.0,1.0,0.05,0.8,0.0,0.0,1
210,2026-04-22T14:53:39.868Z,S20260422_155325,SC01,AUTO,,14.0786,0.0634,start,0,1500,VIDE,0.0,0.0,0.0,0.0,0.0,0.0,0,0,0.0,0.0,0.0,0.0,0.0,0.0,2.0,1.0,0.05,0.8,0.0,0.0,1
211,2026-04-22T14:53:39.932Z,S20260422_155325,SC01,AUTO,,14.1426,0.064,start,0,1500,VIDE,0.0,0.0,0.0,0.0,0.0,0.0,0,0,0.0,0.0,0.0,0.0,0.0,0.0,2.0,1.0,0.05,0.8,0.0,0.0,1
212,2026-04-22T14:53:39.996Z,S20260422_155325,SC01,AUTO,,14.2065,0.064,start,0,1500,VIDE,0.0,0.0,0.0,0.0,0.0,0.0,0,0,0.0,0.0,0.0,0.0,0.0,0.0,2.0,1.0,0.05,0.8,0.0,0.0,1
213,2026-04-22T14:53:40.060Z,S20260422_155325,SC01,AUTO,,14.2704,0.0639,start,0,1500,VIDE,0.0,0.0,0.0,0.0,0.0,0.0,0,0,0.0,0.0,0.0,0.0,0.0,0.0,2.0,1.0,0.05,0.8,0.0,0.0,1
214,2026-04-22T14:53:40.124Z,S20260422_155325,SC01,AUTO,,14.3348,0.0644,start,0,1500,VIDE,0.0,0.0,0.0,0.0,0.0,0.0,0,0,0.0,0.0,0.0,0.0,0.0,0.0,2.0,1.0,0.05,0.8,0.0,0.0,1
215,2026-04-22T14:53:40.187Z,S20260422_155325,SC01,AUTO,,14.3979,0.0631,start,0,1500,VIDE,0.0,0.0,0.0,0.0,0.0,0.0,0,0,0.0,0.0,0.0,0.0,0.0,0.0,2.0,1.0,0.05,0.8,0.0,0.0,1
216,2026-04-22T14:53:40.244Z,S20260422_155325,SC01,AUTO,,14.4549,0.057,start,0,1500,VIDE,0.0,0.0,0.0,0.0,0.0,0.0,0,0,0.0,0.0,0.0,0.0,0.0,0.0,2.0,1.0,0.05,0.8,0.0,0.0,1
217,2026-04-22T14:53:40.308Z,S20260422_155325,SC01,AUTO,,14.5187,0.0638,start,0,1500,VIDE,0.0,0.0,0.0,0.0,0.0,0.0,0,0,0.0,0.0,0.0,0.0,0.0,0.0,2.0,1.0,0.05,0.8,0.0,0.0,1
218,2026-04-22T14:53:40.372Z,S20260422_155325,SC01,AUTO,,14.5827,0.0641,start,0,1500,VIDE,0.0,0.0,0.0,0.0,0.0,0.0,0,0,0.0,0.0,0.0,0.0,0.0,0.0,2.0,1.0,0.05,0.8,0.0,0.0,1
219,2026-04-22T14:53:40.428Z,S20260422_155325,SC01,AUTO,,14.6386,0.0559,start,0,1500,VIDE,0.0,0.0,0.0,0.0,0.0,0.0,0,0,0.0,0.0,0.0,0.0,0.0,0.0,2.0,1.0,0.05,0.8,0.0,0.0,1
220,2026-04-22T14:53:40.492Z,S20260422_155325,SC01,AUTO,,14.7028,0.0642,start,0,1500,VIDE,0.0,0.0,0.0,0.0,0.0,0.0,0,0,0.0,0.0,0.0,0.0,0.0,0.0,2.0,1.0,0.05,0.8,0.0,0.0,1
221,2026-04-22T14:53:40.556Z,S20260422_155325,SC01,AUTO,,14.7666,0.0638,start,0,1500,VIDE,0.0,0.0,0.0,0.0,0.0,0.0,0,0,0.0,0.0,0.0,0.0,0.0,0.0,2.0,1.0,0.05,0.8,0.0,0.0,1
222,2026-04-22T14:53:40.621Z,S20260422_155325,SC01,AUTO,,14.831,0.0644,start,0,1500,VIDE,0.0,0.0,0.0,0.0,0.0,0.0,0,0,0.0,0.0,0.0,0.0,0.0,0.0,2.0,1.0,0.05,0.8,0.0,0.0,1
223,2026-04-22T14:53:40.681Z,S20260422_155325,SC01,AUTO,,14.8919,0.0609,start,0,1500,VIDE,0.0,0.0,0.0,0.0,0.0,0.0,0,0,0.0,0.0,0.0,0.0,0.0,0.0,2.0,1.0,0.05,0.8,0.0,0.0,1
224,2026-04-22T14:53:40.743Z,S20260422_155325,SC01,AUTO,,14.9538,0.0619,start,0,1500,VIDE,0.0,0.0,0.0,0.0,0.0,0.0,0,0,0.0,0.0,0.0,0.0,0.0,0.0,2.0,1.0,0.05,0.8,0.0,0.0,1
225,2026-04-22T14:53:40.806Z,S20260422_155325,SC01,AUTO,,15.0169,0.0631,start,0,1500,VIDE,0.0,0.0,0.0,0.0,0.0,0.0,0,0,0.0,0.0,0.0,0.0,0.0,0.0,2.0,1.0,0.05,0.8,0.0,0.0,1
226,2026-04-22T14:53:40.868Z,S20260422_155325,SC01,AUTO,,15.0789,0.062,start,0,1500,VIDE,0.0,0.0,0.0,0.0,0.0,0.0,0,0,0.0,0.0,0.0,0.0,0.0,0.0,2.0,1.0,0.05,0.8,0.0,0.0,1
227,2026-04-22T14:53:40.931Z,S20260422_155325,SC01,AUTO,,15.1414,0.0625,start,0,1500,VIDE,0.0,0.0,0.0,0.0,0.0,0.0,0,0,0.0,0.0,0.0,0.0,0.0,0.0,2.0,1.0,0.05,0.8,0.0,0.0,1
228,2026-04-22T14:53:40.994Z,S20260422_155325,SC01,AUTO,,15.2042,0.0628,start,0,1500,VIDE,0.0,0.0,0.0,0.0,0.0,0.0,0,0,0.0,0.0,0.0,0.0,0.0,0.0,2.0,1.0,0.05,0.8,0.0,0.0,1
229,2026-04-22T14:53:41.057Z,S20260422_155325,SC01,AUTO,,15.2675,0.0633,start,0,1500,VIDE,0.0,0.0,0.0,0.0,0.0,0.0,0,0,0.0,0.0,0.0,0.0,0.0,0.0,2.0,1.0,0.05,0.8,0.0,0.0,1
230,2026-04-22T14:53:41.119Z,S20260422_155325,SC01,AUTO,,15.3297,0.0622,start,0,1500,VIDE,0.0,0.0,0.0,0.0,0.0,0.0,0,0,0.0,0.0,0.0,0.0,0.0,0.0,2.0,1.0,0.05,0.8,0.0,0.0,1
231,2026-04-22T14:53:41.181Z,S20260422_155325,SC01,AUTO,,15.3913,0.0616,start,0,1500,VIDE,0.0,0.0,0.0,0.0,0.0,0.0,0,0,0.0,0.0,0.0,0.0,0.0,0.0,2.0,1.0,0.05,0.8,0.0,0.0,1
232,2026-04-22T14:53:41.242Z,S20260422_155325,SC01,AUTO,,15.4525,0.0612,start,0,1500,VIDE,0.0,0.0,0.0,0.0,0.0,0.0,0,0,0.0,0.0,0.0,0.0,0.0,0.0,2.0,1.0,0.05,0.8,0.0,0.0,1
233,2026-04-22T14:53:41.303Z,S20260422_155325,SC01,AUTO,,15.5135,0.061,start,0,1500,VIDE,0.0,0.0,0.0,0.0,0.0,0.0,0,0,0.0,0.0,0.0,0.0,0.0,0.0,2.0,1.0,0.05,0.8,0.0,0.0,1
234,2026-04-22T14:53:41.366Z,S20260422_155325,SC01,AUTO,,15.5764,0.0629,start,0,1500,VIDE,0.0,0.0,0.0,0.0,0.0,0.0,0,0,0.0,0.0,0.0,0.0,0.0,0.0,2.0,1.0,0.05,0.8,0.0,0.0,1
235,2026-04-22T14:53:41.429Z,S20260422_155325,SC01,AUTO,,15.6399,0.0635,start,0,1500,VIDE,0.0,0.0,0.0,0.0,0.0,0.0,0,0,0.0,0.0,0.0,0.0,0.0,0.0,2.0,1.0,0.05,0.8,0.0,0.0,1
236,2026-04-22T14:53:41.490Z,S20260422_155325,SC01,AUTO,,15.7008,0.0609,start,0,1500,VIDE,0.0,0.0,0.0,0.0,0.0,0.0,0,0,0.0,0.0,0.0,0.0,0.0,0.0,2.0,1.0,0.05,0.8,0.0,0.0,1
237,2026-04-22T14:53:41.568Z,S20260422_155325,SC01,AUTO,,15.7781,0.0773,start,0,1500,VIDE,0.0,0.0,0.0,0.0,0.0,0.0,0,0,0.0,0.0,0.0,0.0,0.0,0.0,2.0,1.0,0.05,0.8,0.0,0.0,1
238,2026-04-22T14:53:41.616Z,S20260422_155325,SC01,AUTO,,15.8261,0.048,start,0,1500,VIDE,0.0,0.0,0.0,0.0,0.0,0.0,0,0,0.0,0.0,0.0,0.0,0.0,0.0,2.0,1.0,0.05,0.8,0.0,0.0,1
239,2026-04-22T14:53:41.678Z,S20260422_155325,SC01,AUTO,,15.888,0.062,start,0,1500,VIDE,0.0,0.0,0.0,0.0,0.0,0.0,0,0,0.0,0.0,0.0,0.0,0.0,0.0,2.0,1.0,0.05,0.8,0.0,0.0,1
240,2026-04-22T14:53:41.740Z,S20260422_155325,SC01,AUTO,,15.9507,0.0627,start,0,1500,VIDE,0.0,0.0,0.0,0.0,0.0,0.0,0,0,0.0,0.0,0.0,0.0,0.0,0.0,2.0,1.0,0.05,0.8,0.0,0.0,1
241,2026-04-22T14:53:41.819Z,S20260422_155325,SC01,AUTO,,16.0294,0.0786,start,0,1500,VIDE,0.0,0.0,0.0,0.0,0.0,0.0,0,0,0.0,0.0,0.0,0.0,0.0,0.0,2.0,1.0,0.05,0.8,0.0,0.0,1
242,2026-04-22T14:53:41.882Z,S20260422_155325,SC01,AUTO,,16.0925,0.0632,start,0,1500,VIDE,0.0,0.0,0.0,0.0,0.0,0.0,0,0,0.0,0.0,0.0,0.0,0.0,0.0,2.0,1.0,0.05,0.8,0.0,0.0,1
243,2026-04-22T14:53:41.943Z,S20260422_155325,SC01,AUTO,,16.1533,0.0608,start,0,1500,VIDE,0.0,0.0,0.0,0.0,0.0,0.0,0,0,0.0,0.0,0.0,0.0,0.0,0.0,2.0,1.0,0.05,0.8,0.0,0.0,1
244,2026-04-22T14:53:42.010Z,S20260422_155325,SC01,AUTO,,16.2203,0.067,start,0,1500,VIDE,0.0,0.0,0.0,0.0,0.0,0.0,0,0,0.0,0.0,0.0,0.0,0.0,0.0,2.0,1.0,0.05,0.8,0.0,0.0,1
245,2026-04-22T14:53:42.074Z,S20260422_155325,SC01,AUTO,,16.2845,0.0642,start,0,1500,VIDE,0.0,0.0,0.0,0.0,0.0,0.0,0,0,0.0,0.0,0.0,0.0,0.0,0.0,2.0,1.0,0.05,0.8,0.0,0.0,1
246,2026-04-22T14:53:42.139Z,S20260422_155325,SC01,AUTO,,16.3489,0.0644,start,0,1500,VIDE,0.0,0.0,0.0,0.0,0.0,0.0,0,0,0.0,0.0,0.0,0.0,0.0,0.0,2.0,1.0,0.05,0.8,0.0,0.0,1
247,2026-04-22T14:53:42.202Z,S20260422_155325,SC01,AUTO,,16.4129,0.064,start,0,1500,VIDE,0.0,0.0,0.0,0.0,0.0,0.0,0,0,0.0,0.0,0.0,0.0,0.0,0.0,2.0,1.0,0.05,0.8,0.0,0.0,1
248,2026-04-22T14:53:42.266Z,S20260422_155325,SC01,AUTO,,16.4767,0.0638,start,0,1500,VIDE,0.0,0.0,0.0,0.0,0.0,0.0,0,0,0.0,0.0,0.0,0.0,0.0,0.0,2.0,1.0,0.05,0.8,0.0,0.0,1
249,2026-04-22T14:53:42.329Z,S20260422_155325,SC01,AUTO,,16.5391,0.0624,start,0,1500,VIDE,0.0,0.0,0.0,0.0,0.0,0.0,0,0,0.0,0.0,0.0,0.0,0.0,0.0,2.0,1.0,0.05,0.8,0.0,0.0,1
250,2026-04-22T14:53:42.392Z,S20260422_155325,SC01,AUTO,,16.602,0.0629,start,0,1500,VIDE,0.0,0.0,0.0,0.0,0.0,0.0,0,0,0.0,0.0,0.0,0.0,0.0,0.0,2.0,1.0,0.05,0.8,0.0,0.0,1
251,2026-04-22T14:53:42.453Z,S20260422_155325,SC01,AUTO,,16.663,0.0609,start,0,1500,VIDE,0.0,0.0,0.0,0.0,0.0,0.0,0,0,0.0,0.0,0.0,0.0,0.0,0.0,2.0,1.0,0.05,0.8,0.0,0.0,1
252,2026-04-22T14:53:42.507Z,S20260422_155325,SC01,AUTO,,16.717,0.054,start,0,1500,VIDE,0.0,0.0,0.0,0.0,0.0,0.0,0,0,0.0,0.0,0.0,0.0,0.0,0.0,2.0,1.0,0.05,0.8,0.0,0.0,1
253,2026-04-22T14:53:42.570Z,S20260422_155325,SC01,AUTO,,16.7809,0.0639,start,0,1500,VIDE,0.0,0.0,0.0,0.0,0.0,0.0,0,0,0.0,0.0,0.0,0.0,0.0,0.0,2.0,1.0,0.05,0.8,0.0,0.0,1
254,2026-04-22T14:53:42.634Z,S20260422_155325,SC01,AUTO,,16.8442,0.0633,start,0,1500,VIDE,0.0,0.0,0.0,0.0,0.0,0.0,0,0,0.0,0.0,0.0,0.0,0.0,0.0,2.0,1.0,0.05,0.8,0.0,0.0,1
255,2026-04-22T14:53:42.699Z,S20260422_155325,SC01,AUTO,,16.909,0.0647,start,0,1500,VIDE,0.0,0.0,0.0,0.0,0.0,0.0,0,0,0.0,0.0,0.0,0.0,0.0,0.0,2.0,1.0,0.05,0.8,0.0,0.0,1
256,2026-04-22T14:53:42.761Z,S20260422_155325,SC01,AUTO,,16.9719,0.0629,start,0,1500,VIDE,0.0,0.0,0.0,0.0,0.0,0.0,0,0,0.0,0.0,0.0,0.0,0.0,0.0,2.0,1.0,0.05,0.8,0.0,0.0,1
257,2026-04-22T14:53:42.825Z,S20260422_155325,SC01,AUTO,,17.035,0.0631,start,0,1500,VIDE,0.0,0.0,0.0,0.0,0.0,0.0,0,0,0.0,0.0,0.0,0.0,0.0,0.0,2.0,1.0,0.05,0.8,0.0,0.0,1
258,2026-04-22T14:53:42.884Z,S20260422_155325,SC01,AUTO,,17.0943,0.0593,start,0,1500,VIDE,0.0,0.0,0.0,0.0,0.0,0.0,0,0,0.0,0.0,0.0,0.0,0.0,0.0,2.0,1.0,0.05,0.8,0.0,0.0,1
259,2026-04-22T14:53:42.945Z,S20260422_155325,SC01,AUTO,,17.1551,0.0608,start,0,1500,VIDE,0.0,0.0,0.0,0.0,0.0,0.0,0,0,0.0,0.0,0.0,0.0,0.0,0.0,2.0,1.0,0.05,0.8,0.0,0.0,1
260,2026-04-22T14:53:43.006Z,S20260422_155325,SC01,AUTO,,17.2162,0.0611,start,0,1500,VIDE,0.0,0.0,0.0,0.0,0.0,0.0,0,0,0.0,0.0,0.0,0.0,0.0,0.0,2.0,1.0,0.05,0.8,0.0,0.0,1
261,2026-04-22T14:53:43.082Z,S20260422_155325,SC01,AUTO,,17.2924,0.0762,start,0,1500,VIDE,0.0,0.0,0.0,0.0,0.0,0.0,0,0,0.0,0.0,0.0,0.0,0.0,0.0,2.0,1.0,0.05,0.8,0.0,0.0,1
262,2026-04-22T14:53:43.145Z,S20260422_155325,SC01,AUTO,,17.3559,0.0635,start,0,1500,VIDE,0.0,0.0,0.0,0.0,0.0,0.0,0,0,0.0,0.0,0.0,0.0,0.0,0.0,2.0,1.0,0.05,0.8,0.0,0.0,1
263,2026-04-22T14:53:43.195Z,S20260422_155325,SC01,AUTO,,17.4051,0.0492,start,0,1500,VIDE,0.0,0.0,0.0,0.0,0.0,0.0,0,0,0.0,0.0,0.0,0.0,0.0,0.0,2.0,1.0,0.05,0.8,0.0,0.0,1
264,2026-04-22T14:53:43.259Z,S20260422_155325,SC01,AUTO,,17.4694,0.0644,start,0,1500,VIDE,0.0,0.0,0.0,0.0,0.0,0.0,0,0,0.0,0.0,0.0,0.0,0.0,0.0,2.0,1.0,0.05,0.8,0.0,0.0,1
265,2026-04-22T14:53:43.322Z,S20260422_155325,SC01,AUTO,,17.5325,0.063,start,0,1500,VIDE,0.0,0.0,0.0,0.0,0.0,0.0,0,0,0.0,0.0,0.0,0.0,0.0,0.0,2.0,1.0,0.05,0.8,0.0,0.0,1
266,2026-04-22T14:53:43.386Z,S20260422_155325,SC01,AUTO,,17.5965,0.064,start,0,1500,VIDE,0.0,0.0,0.0,0.0,0.0,0.0,0,0,0.0,0.0,0.0,0.0,0.0,0.0,2.0,1.0,0.05,0.8,0.0,0.0,1
267,2026-04-22T14:53:43.450Z,S20260422_155325,SC01,AUTO,,17.6604,0.0639,start,0,1500,VIDE,0.0,0.0,0.0,0.0,0.0,0.0,0,0,0.0,0.0,0.0,0.0,0.0,0.0,2.0,1.0,0.05,0.8,0.0,0.0,1
268,2026-04-22T14:53:43.513Z,S20260422_155325,SC01,AUTO,,17.7238,0.0634,start,0,1500,VIDE,0.0,0.0,0.0,0.0,0.0,0.0,0,0,0.0,0.0,0.0,0.0,0.0,0.0,2.0,1.0,0.05,0.8,0.0,0.0,1
269,2026-04-22T14:53:43.576Z,S20260422_155325,SC01,AUTO,,17.7864,0.0626,start,0,1500,VIDE,0.0,0.0,0.0,0.0,0.0,0.0,0,0,0.0,0.0,0.0,0.0,0.0,0.0,2.0,1.0,0.05,0.8,0.0,0.0,1
270,2026-04-22T14:53:43.639Z,S20260422_155325,SC01,AUTO,,17.849,0.0626,start,0,1500,VIDE,0.0,0.0,0.0,0.0,0.0,0.0,0,0,0.0,0.0,0.0,0.0,0.0,0.0,2.0,1.0,0.05,0.8,0.0,0.0,1
271,2026-04-22T14:53:43.702Z,S20260422_155325,SC01,AUTO,,17.9123,0.0632,start,0,1500,VIDE,0.0,0.0,0.0,0.0,0.0,0.0,0,0,0.0,0.0,0.0,0.0,0.0,0.0,2.0,1.0,0.05,0.8,0.0,0.0,1
272,2026-04-22T14:53:43.765Z,S20260422_155325,SC01,AUTO,,17.975,0.0627,start,0,1500,VIDE,0.0,0.0,0.0,0.0,0.0,0.0,0,0,0.0,0.0,0.0,0.0,0.0,0.0,2.0,1.0,0.05,0.8,0.0,0.0,1
273,2026-04-22T14:53:43.820Z,S20260422_155325,SC01,AUTO,,18.0306,0.0556,start,0,1500,VIDE,0.0,0.0,0.0,0.0,0.0,0.0,0,0,0.0,0.0,0.0,0.0,0.0,0.0,2.0,1.0,0.05,0.8,0.0,0.0,1
274,2026-04-22T14:53:43.883Z,S20260422_155325,SC01,AUTO,,18.0932,0.0626,start,0,1500,VIDE,0.0,0.0,0.0,0.0,0.0,0.0,0,0,0.0,0.0,0.0,0.0,0.0,0.0,2.0,1.0,0.05,0.8,0.0,0.0,1
275,2026-04-22T14:53:43.946Z,S20260422_155325,SC01,AUTO,,18.1564,0.0632,start,0,1500,VIDE,0.0,0.0,0.0,0.0,0.0,0.0,0,0,0.0,0.0,0.0,0.0,0.0,0.0,2.0,1.0,0.05,0.8,0.0,0.0,1
276,2026-04-22T14:53:44.011Z,S20260422_155325,SC01,AUTO,,18.221,0.0646,start,0,1500,VIDE,0.0,0.0,0.0,0.0,0.0,0.0,0,0,0.0,0.0,0.0,0.0,0.0,0.0,2.0,1.0,0.05,0.8,0.0,0.0,1
277,2026-04-22T14:53:44.074Z,S20260422_155325,SC01,AUTO,,18.2849,0.0639,start,0,1500,VIDE,0.0,0.0,0.0,0.0,0.0,0.0,0,0,0.0,0.0,0.0,0.0,0.0,0.0,2.0,1.0,0.05,0.8,0.0,0.0,1
278,2026-04-22T14:53:44.138Z,S20260422_155325,SC01,AUTO,,18.3484,0.0636,start,0,1500,VIDE,0.0,0.0,0.0,0.0,0.0,0.0,0,0,0.0,0.0,0.0,0.0,0.0,0.0,2.0,1.0,0.05,0.8,0.0,0.0,1
279,2026-04-22T14:53:44.199Z,S20260422_155325,SC01,AUTO,,18.4097,0.0613,start,0,1500,VIDE,0.0,0.0,0.0,0.0,0.0,0.0,0,0,0.0,0.0,0.0,0.0,0.0,0.0,2.0,1.0,0.05,0.8,0.0,0.0,1
280,2026-04-22T14:53:44.262Z,S20260422_155325,SC01,AUTO,,18.4724,0.0627,start,0,1500,VIDE,0.0,0.0,0.0,0.0,0.0,0.0,0,0,0.0,0.0,0.0,0.0,0.0,0.0,2.0,1.0,0.05,0.8,0.0,0.0,1
281,2026-04-22T14:53:44.324Z,S20260422_155325,SC01,AUTO,,18.5346,0.0622,start,0,1500,VIDE,0.0,0.0,0.0,0.0,0.0,0.0,0,0,0.0,0.0,0.0,0.0,0.0,0.0,2.0,1.0,0.05,0.8,0.0,0.0,1
282,2026-04-22T14:53:44.386Z,S20260422_155325,SC01,AUTO,,18.5966,0.062,start,0,1500,VIDE,0.0,0.0,0.0,0.0,0.0,0.0,0,0,0.0,0.0,0.0,0.0,0.0,0.0,2.0,1.0,0.05,0.8,0.0,0.0,1
283,2026-04-22T14:53:44.449Z,S20260422_155325,SC01,AUTO,,18.6594,0.0627,start,0,1500,VIDE,0.0,0.0,0.0,0.0,0.0,0.0,0,0,0.0,0.0,0.0,0.0,0.0,0.0,2.0,1.0,0.05,0.8,0.0,0.0,1
284,2026-04-22T14:53:44.506Z,S20260422_155325,SC01,AUTO,,18.7167,0.0574,start,0,1500,VIDE,0.0,0.0,0.0,0.0,0.0,0.0,0,0,0.0,0.0,0.0,0.0,0.0,0.0,2.0,1.0,0.05,0.8,0.0,0.0,1
285,2026-04-22T14:53:44.571Z,S20260422_155325,SC01,AUTO,,18.781,0.0643,start,0,1500,VIDE,0.0,0.0,0.0,0.0,0.0,0.0,0,0,0.0,0.0,0.0,0.0,0.0,0.0,2.0,1.0,0.05,0.8,0.0,0.0,1
286,2026-04-22T14:53:44.633Z,S20260422_155325,SC01,AUTO,,18.8436,0.0626,start,0,1500,VIDE,0.0,0.0,0.0,0.0,0.0,0.0,0,0,0.0,0.0,0.0,0.0,0.0,0.0,2.0,1.0,0.05,0.8,0.0,0.0,1
287,2026-04-22T14:53:44.695Z,S20260422_155325,SC01,AUTO,,18.9057,0.0621,start,0,1500,VIDE,0.0,0.0,0.0,0.0,0.0,0.0,0,0,0.0,0.0,0.0,0.0,0.0,0.0,2.0,1.0,0.05,0.8,0.0,0.0,1
288,2026-04-22T14:53:44.758Z,S20260422_155325,SC01,AUTO,,18.9683,0.0627,start,0,1500,VIDE,0.0,0.0,0.0,0.0,0.0,0.0,0,0,0.0,0.0,0.0,0.0,0.0,0.0,2.0,1.0,0.05,0.8,0.0,0.0,1
289,2026-04-22T14:53:44.820Z,S20260422_155325,SC01,AUTO,,19.0303,0.0619,start,0,1500,VIDE,0.0,0.0,0.0,0.0,0.0,0.0,0,0,0.0,0.0,0.0,0.0,0.0,0.0,2.0,1.0,0.05,0.8,0.0,0.0,1
290,2026-04-22T14:53:44.882Z,S20260422_155325,SC01,AUTO,,19.092,0.0617,start,0,1500,VIDE,0.0,0.0,0.0,0.0,0.0,0.0,0,0,0.0,0.0,0.0,0.0,0.0,0.0,2.0,1.0,0.05,0.8,0.0,0.0,1
291,2026-04-22T14:53:44.943Z,S20260422_155325,SC01,AUTO,,19.1534,0.0614,start,0,1500,VIDE,0.0,0.0,0.0,0.0,0.0,0.0,0,0,0.0,0.0,0.0,0.0,0.0,0.0,2.0,1.0,0.05,0.8,0.0,0.0,1
292,2026-04-22T14:53:45.006Z,S20260422_155325,SC01,AUTO,,19.2161,0.0627,start,0,1500,VIDE,0.0,0.0,0.0,0.0,0.0,0.0,0,0,0.0,0.0,0.0,0.0,0.0,0.0,2.0,1.0,0.05,0.8,0.0,0.0,1
293,2026-04-22T14:53:45.068Z,S20260422_155325,SC01,AUTO,,19.2784,0.0624,start,0,1500,VIDE,0.0,0.0,0.0,0.0,0.0,0.0,0,0,0.0,0.0,0.0,0.0,0.0,0.0,2.0,1.0,0.05,0.8,0.0,0.0,1
294,2026-04-22T14:53:45.145Z,S20260422_155325,SC01,AUTO,,19.3559,0.0775,start,0,1500,VIDE,0.0,0.0,0.0,0.0,0.0,0.0,0,0,0.0,0.0,0.0,0.0,0.0,0.0,2.0,1.0,0.05,0.8,0.0,0.0,1
295,2026-04-22T14:53:45.207Z,S20260422_155325,SC01,AUTO,,19.4177,0.0618,start,0,1500,VIDE,0.0,0.0,0.0,0.0,0.0,0.0,0,0,0.0,0.0,0.0,0.0,0.0,0.0,2.0,1.0,0.05,0.8,0.0,0.0,1
296,2026-04-22T14:53:45.269Z,S20260422_155325,SC01,AUTO,,19.4797,0.062,start,0,1500,VIDE,0.0,0.0,0.0,0.0,0.0,0.0,0,0,0.0,0.0,0.0,0.0,0.0,0.0,2.0,1.0,0.05,0.8,0.0,0.0,1
297,2026-04-22T14:53:45.331Z,S20260422_155325,SC01,AUTO,,19.5415,0.0618,start,0,1500,VIDE,0.0,0.0,0.0,0.0,0.0,0.0,0,0,0.0,0.0,0.0,0.0,0.0,0.0,2.0,1.0,0.05,0.8,0.0,0.0,1
298,2026-04-22T14:53:45.394Z,S20260422_155325,SC01,AUTO,,19.6044,0.0629,start,0,1500,VIDE,0.0,0.0,0.0,0.0,0.0,0.0,0,0,0.0,0.0,0.0,0.0,0.0,0.0,2.0,1.0,0.05,0.8,0.0,0.0,1
299,2026-04-22T14:53:45.455Z,S20260422_155325,SC01,AUTO,,19.6653,0.0609,start,0,1500,VIDE,0.0,0.0,0.0,0.0,0.0,0.0,0,0,0.0,0.0,0.0,0.0,0.0,0.0,2.0,1.0,0.05,0.8,0.0,0.0,1
300,2026-04-22T14:53:45.515Z,S20260422_155325,SC01,AUTO,,19.7257,0.0604,start,0,1500,VIDE,0.0,0.0,0.0,0.0,0.0,0.0,0,0,0.0,0.0,0.0,0.0,0.0,0.0,2.0,1.0,0.05,0.8,0.0,0.0,1
301,2026-04-22T14:53:45.578Z,S20260422_155325,SC01,AUTO,,19.7884,0.0627,start,0,1500,VIDE,0.0,0.0,0.0,0.0,0.0,0.0,0,0,0.0,0.0,0.0,0.0,0.0,0.0,2.0,1.0,0.05,0.8,0.0,0.0,1
302,2026-04-22T14:53:45.640Z,S20260422_155325,SC01,AUTO,,19.8509,0.0625,start,0,1500,VIDE,0.0,0.0,0.0,0.0,0.0,0.0,0,0,0.0,0.0,0.0,0.0,0.0,0.0,2.0,1.0,0.05,0.8,0.0,0.0,1
303,2026-04-22T14:53:45.702Z,S20260422_155325,SC01,AUTO,,19.912,0.0611,start,0,1500,VIDE,0.0,0.0,0.0,0.0,0.0,0.0,0,0,0.0,0.0,0.0,0.0,0.0,0.0,2.0,1.0,0.05,0.8,0.0,0.0,1
304,2026-04-22T14:53:45.765Z,S20260422_155325,SC01,AUTO,,19.9754,0.0635,start,0,1500,VIDE,0.0,0.0,0.0,0.0,0.0,0.0,0,0,0.0,0.0,0.0,0.0,0.0,0.0,2.0,1.0,0.05,0.8,0.0,0.0,1
305,2026-04-22T14:53:45.828Z,S20260422_155325,SC01,AUTO,,20.0387,0.0632,start,0,1500,VIDE,0.0,0.0,0.0,0.0,0.0,0.0,0,0,0.0,0.0,0.0,0.0,0.0,0.0,2.0,1.0,0.05,0.8,0.0,0.0,1
306,2026-04-22T14:53:45.890Z,S20260422_155325,SC01,AUTO,,20.1001,0.0614,start,0,1500,VIDE,0.0,0.0,0.0,0.0,0.0,0.0,0,0,0.0,0.0,0.0,0.0,0.0,0.0,2.0,1.0,0.05,0.8,0.0,0.0,1
307,2026-04-22T14:53:45.952Z,S20260422_155325,SC01,AUTO,,20.1626,0.0625,start,0,1500,VIDE,0.0,0.0,0.0,0.0,0.0,0.0,0,0,0.0,0.0,0.0,0.0,0.0,0.0,2.0,1.0,0.05,0.8,0.0,0.0,1
308,2026-04-22T14:53:46.014Z,S20260422_155325,SC01,AUTO,,20.2241,0.0615,start,0,1500,VIDE,0.0,0.0,0.0,0.0,0.0,0.0,0,0,0.0,0.0,0.0,0.0,0.0,0.0,2.0,1.0,0.05,0.8,0.0,0.0,1
309,2026-04-22T14:53:46.075Z,S20260422_155325,SC01,AUTO,,20.2858,0.0617,start,0,1500,VIDE,0.0,0.0,0.0,0.0,0.0,0.0,0,0,0.0,0.0,0.0,0.0,0.0,0.0,2.0,1.0,0.05,0.8,0.0,0.0,1
310,2026-04-22T14:53:46.139Z,S20260422_155325,SC01,AUTO,,20.3493,0.0636,start,0,1500,VIDE,0.0,0.0,0.0,0.0,0.0,0.0,0,0,0.0,0.0,0.0,0.0,0.0,0.0,2.0,1.0,0.05,0.8,0.0,0.0,1
311,2026-04-22T14:53:46.200Z,S20260422_155325,SC01,AUTO,,20.4107,0.0614,start,0,1500,VIDE,0.0,0.0,0.0,0.0,0.0,0.0,0,0,0.0,0.0,0.0,0.0,0.0,0.0,2.0,1.0,0.05,0.8,0.0,0.0,1
312,2026-04-22T14:53:46.262Z,S20260422_155325,SC01,AUTO,,20.4723,0.0616,start,0,1500,VIDE,0.0,0.0,0.0,0.0,0.0,0.0,0,0,0.0,0.0,0.0,0.0,0.0,0.0,2.0,1.0,0.05,0.8,0.0,0.0,1
313,2026-04-22T14:53:46.325Z,S20260422_155325,SC01,AUTO,,20.5353,0.063,start,0,1500,VIDE,0.0,0.0,0.0,0.0,0.0,0.0,0,0,0.0,0.0,0.0,0.0,0.0,0.0,2.0,1.0,0.05,0.8,0.0,0.0,1
314,2026-04-22T14:53:46.387Z,S20260422_155325,SC01,AUTO,,20.5979,0.0626,start,0,1500,VIDE,0.0,0.0,0.0,0.0,0.0,0.0,0,0,0.0,0.0,0.0,0.0,0.0,0.0,2.0,1.0,0.05,0.8,0.0,0.0,1
315,2026-04-22T14:53:46.450Z,S20260422_155325,SC01,AUTO,,20.6605,0.0625,start,0,1500,VIDE,0.0,0.0,0.0,0.0,0.0,0.0,0,0,0.0,0.0,0.0,0.0,0.0,0.0,2.0,1.0,0.05,0.8,0.0,0.0,1
316,2026-04-22T14:53:46.511Z,S20260422_155325,SC01,AUTO,,20.7217,0.0612,start,0,1500,VIDE,0.0,0.0,0.0,0.0,0.0,0.0,0,0,0.0,0.0,0.0,0.0,0.0,0.0,2.0,1.0,0.05,0.8,0.0,0.0,1
317,2026-04-22T14:53:46.573Z,S20260422_155325,SC01,AUTO,,20.7836,0.062,start,0,1500,VIDE,0.0,0.0,0.0,0.0,0.0,0.0,0,0,0.0,0.0,0.0,0.0,0.0,0.0,2.0,1.0,0.05,0.8,0.0,0.0,1
318,2026-04-22T14:53:46.636Z,S20260422_155325,SC01,AUTO,,20.8465,0.0629,start,0,1500,VIDE,0.0,0.0,0.0,0.0,0.0,0.0,0,0,0.0,0.0,0.0,0.0,0.0,0.0,2.0,1.0,0.05,0.8,0.0,0.0,1
319,2026-04-22T14:53:46.699Z,S20260422_155325,SC01,AUTO,,20.9098,0.0633,start,0,1500,VIDE,0.0,0.0,0.0,0.0,0.0,0.0,0,0,0.0,0.0,0.0,0.0,0.0,0.0,2.0,1.0,0.05,0.8,0.0,0.0,1
320,2026-04-22T14:53:46.762Z,S20260422_155325,SC01,AUTO,,20.9725,0.0626,start,0,1500,VIDE,0.0,0.0,0.0,0.0,0.0,0.0,0,0,0.0,0.0,0.0,0.0,0.0,0.0,2.0,1.0,0.05,0.8,0.0,0.0,1
321,2026-04-22T14:53:46.824Z,S20260422_155325,SC01,AUTO,,21.0342,0.0617,start,0,1500,VIDE,0.0,0.0,0.0,0.0,0.0,0.0,0,0,0.0,0.0,0.0,0.0,0.0,0.0,2.0,1.0,0.05,0.8,0.0,0.0,1
322,2026-04-22T14:53:46.886Z,S20260422_155325,SC01,AUTO,,21.0966,0.0625,start,0,1500,VIDE,0.0,0.0,0.0,0.0,0.0,0.0,0,0,0.0,0.0,0.0,0.0,0.0,0.0,2.0,1.0,0.05,0.8,0.0,0.0,1
323,2026-04-22T14:53:46.950Z,S20260422_155325,SC01,AUTO,,21.1605,0.0638,start,0,1500,VIDE,0.0,0.0,0.0,0.0,0.0,0.0,0,0,0.0,0.0,0.0,0.0,0.0,0.0,2.0,1.0,0.05,0.8,0.0,0.0,1
324,2026-04-22T14:53:47.013Z,S20260422_155325,SC01,AUTO,,21.2234,0.0629,start,0,1500,VIDE,0.0,0.0,0.0,0.0,0.0,0.0,0,0,0.0,0.0,0.0,0.0,0.0,0.0,2.0,1.0,0.05,0.8,0.0,0.0,1
325,2026-04-22T14:53:47.076Z,S20260422_155325,SC01,AUTO,,21.2863,0.0629,start,0,1500,VIDE,0.0,0.0,0.0,0.0,0.0,0.0,0,0,0.0,0.0,0.0,0.0,0.0,0.0,2.0,1.0,0.05,0.8,0.0,0.0,1
326,2026-04-22T14:53:47.137Z,S20260422_155325,SC01,AUTO,,21.3472,0.061,start,0,1500,VIDE,0.0,0.0,0.0,0.0,0.0,0.0,0,0,0.0,0.0,0.0,0.0,0.0,0.0,2.0,1.0,0.05,0.8,0.0,0.0,1
327,2026-04-22T14:53:47.199Z,S20260422_155325,SC01,AUTO,,21.4092,0.062,start,0,1500,VIDE,0.0,0.0,0.0,0.0,0.0,0.0,0,0,0.0,0.0,0.0,0.0,0.0,0.0,2.0,1.0,0.05,0.8,0.0,0.0,1
328,2026-04-22T14:53:47.261Z,S20260422_155325,SC01,AUTO,,21.4712,0.062,start,0,1500,VIDE,0.0,0.0,0.0,0.0,0.0,0.0,0,0,0.0,0.0,0.0,0.0,0.0,0.0,2.0,1.0,0.05,0.8,0.0,0.0,1
329,2026-04-22T14:53:47.324Z,S20260422_155325,SC01,AUTO,,21.5344,0.0632,start,0,1500,VIDE,0.0,0.0,0.0,0.0,0.0,0.0,0,0,0.0,0.0,0.0,0.0,0.0,0.0,2.0,1.0,0.05,0.8,0.0,0.0,1
330,2026-04-22T14:53:47.386Z,S20260422_155325,SC01,AUTO,,21.5968,0.0624,start,0,1500,VIDE,0.0,0.0,0.0,0.0,0.0,0.0,0,0,0.0,0.0,0.0,0.0,0.0,0.0,2.0,1.0,0.05,0.8,0.0,0.0,1
331,2026-04-22T14:53:47.448Z,S20260422_155325,SC01,AUTO,,21.6584,0.0616,start,0,1500,VIDE,0.0,0.0,0.0,0.0,0.0,0.0,0,0,0.0,0.0,0.0,0.0,0.0,0.0,2.0,1.0,0.05,0.8,0.0,0.0,1
332,2026-04-22T14:53:47.511Z,S20260422_155325,SC01,AUTO,,21.721,0.0627,start,0,1500,VIDE,0.0,0.0,0.0,0.0,0.0,0.0,0,0,0.0,0.0,0.0,0.0,0.0,0.0,2.0,1.0,0.05,0.8,0.0,0.0,1
333,2026-04-22T14:53:47.571Z,S20260422_155325,SC01,AUTO,,21.7817,0.0607,start,0,1500,VIDE,0.0,0.0,0.0,0.0,0.0,0.0,0,0,0.0,0.0,0.0,0.0,0.0,0.0,2.0,1.0,0.05,0.8,0.0,0.0,1
334,2026-04-22T14:53:47.633Z,S20260422_155325,SC01,AUTO,,21.8436,0.0619,start,0,1500,VIDE,0.0,0.0,0.0,0.0,0.0,0.0,0,0,0.0,0.0,0.0,0.0,0.0,0.0,2.0,1.0,0.05,0.8,0.0,0.0,1
335,2026-04-22T14:53:47.697Z,S20260422_155325,SC01,AUTO,,21.9073,0.0637,start,0,1500,VIDE,0.0,0.0,0.0,0.0,0.0,0.0,0,0,0.0,0.0,0.0,0.0,0.0,0.0,2.0,1.0,0.05,0.8,0.0,0.0,1
336,2026-04-22T14:53:47.759Z,S20260422_155325,SC01,AUTO,,21.9694,0.0622,start,0,1500,VIDE,0.0,0.0,0.0,0.0,0.0,0.0,0,0,0.0,0.0,0.0,0.0,0.0,0.0,2.0,1.0,0.05,0.8,0.0,0.0,1
337,2026-04-22T14:53:47.822Z,S20260422_155325,SC01,AUTO,,22.0325,0.0631,start,0,1500,VIDE,0.0,0.0,0.0,0.0,0.0,0.0,0,0,0.0,0.0,0.0,0.0,0.0,0.0,2.0,1.0,0.05,0.8,0.0,0.0,1
338,2026-04-22T14:53:47.883Z,S20260422_155325,SC01,AUTO,,22.0934,0.0608,start,0,1500,VIDE,0.0,0.0,0.0,0.0,0.0,0.0,0,0,0.0,0.0,0.0,0.0,0.0,0.0,2.0,1.0,0.05,0.8,0.0,0.0,1
339,2026-04-22T14:53:47.945Z,S20260422_155325,SC01,AUTO,,22.155,0.0616,start,0,1500,VIDE,0.0,0.0,0.0,0.0,0.0,0.0,0,0,0.0,0.0,0.0,0.0,0.0,0.0,2.0,1.0,0.05,0.8,0.0,0.0,1
340,2026-04-22T14:53:48.006Z,S20260422_155325,SC01,AUTO,,22.2162,0.0613,start,0,1500,VIDE,0.0,0.0,0.0,0.0,0.0,0.0,0,0,0.0,0.0,0.0,0.0,0.0,0.0,2.0,1.0,0.05,0.8,0.0,0.0,1
341,2026-04-22T14:53:48.069Z,S20260422_155325,SC01,AUTO,,22.2794,0.0632,start,0,1500,VIDE,0.0,0.0,0.0,0.0,0.0,0.0,0,0,0.0,0.0,0.0,0.0,0.0,0.0,2.0,1.0,0.05,0.8,0.0,0.0,1
342,2026-04-22T14:53:48.131Z,S20260422_155325,SC01,AUTO,,22.341,0.0616,start,0,1500,VIDE,0.0,0.0,0.0,0.0,0.0,0.0,0,0,0.0,0.0,0.0,0.0,0.0,0.0,2.0,1.0,0.05,0.8,0.0,0.0,1
343,2026-04-22T14:53:48.193Z,S20260422_155325,SC01,AUTO,,22.4034,0.0624,start,0,1500,VIDE,0.0,0.0,0.0,0.0,0.0,0.0,0,0,0.0,0.0,0.0,0.0,0.0,0.0,2.0,1.0,0.05,0.8,0.0,0.0,1
344,2026-04-22T14:53:48.270Z,S20260422_155325,SC01,AUTO,,22.4804,0.077,start,0,1500,VIDE,0.0,0.0,0.0,0.0,0.0,0.0,0,0,0.0,0.0,0.0,0.0,0.0,0.0,2.0,1.0,0.05,0.8,0.0,0.0,1
345,2026-04-22T14:53:48.333Z,S20260422_155325,SC01,AUTO,,22.5432,0.0628,start,0,1500,VIDE,0.0,0.0,0.0,0.0,0.0,0.0,0,0,0.0,0.0,0.0,0.0,0.0,0.0,2.0,1.0,0.05,0.8,0.0,0.0,1
346,2026-04-22T14:53:48.395Z,S20260422_155325,SC01,AUTO,,22.6055,0.0623,start,0,1500,VIDE,0.0,0.0,0.0,0.0,0.0,0.0,0,0,0.0,0.0,0.0,0.0,0.0,0.0,2.0,1.0,0.05,0.8,0.0,0.0,1
347,2026-04-22T14:53:48.458Z,S20260422_155325,SC01,AUTO,,22.6685,0.063,start,0,1500,VIDE,0.0,0.0,0.0,0.0,0.0,0.0,0,0,0.0,0.0,0.0,0.0,0.0,0.0,2.0,1.0,0.05,0.8,0.0,0.0,1
348,2026-04-22T14:53:48.521Z,S20260422_155325,SC01,AUTO,,22.7309,0.0624,start,0,1500,VIDE,0.0,0.0,0.0,0.0,0.0,0.0,0,0,0.0,0.0,0.0,0.0,0.0,0.0,2.0,1.0,0.05,0.8,0.0,0.0,1
349,2026-04-22T14:53:48.583Z,S20260422_155325,SC01,AUTO,,22.7933,0.0624,start,0,1500,VIDE,0.0,0.0,0.0,0.0,0.0,0.0,0,0,0.0,0.0,0.0,0.0,0.0,0.0,2.0,1.0,0.05,0.8,0.0,0.0,1
350,2026-04-22T14:53:48.645Z,S20260422_155325,SC01,AUTO,,22.8557,0.0624,start,0,1500,VIDE,0.0,0.0,0.0,0.0,0.0,0.0,0,0,0.0,0.0,0.0,0.0,0.0,0.0,2.0,1.0,0.05,0.8,0.0,0.0,1
351,2026-04-22T14:53:48.708Z,S20260422_155325,SC01,AUTO,,22.9182,0.0625,start,0,1500,VIDE,0.0,0.0,0.0,0.0,0.0,0.0,0,0,0.0,0.0,0.0,0.0,0.0,0.0,2.0,1.0,0.05,0.8,0.0,0.0,1
352,2026-04-22T14:53:48.756Z,S20260422_155325,SC01,AUTO,,22.9663,0.0481,start,0,1500,VIDE,0.0,0.0,0.0,0.0,0.0,0.0,0,0,0.0,0.0,0.0,0.0,0.0,0.0,2.0,1.0,0.05,0.8,0.0,0.0,1
353,2026-04-22T14:53:48.834Z,S20260422_155325,SC01,AUTO,,23.044,0.0777,start,0,1500,VIDE,0.0,0.0,0.0,0.0,0.0,0.0,0,0,0.0,0.0,0.0,0.0,0.0,0.0,2.0,1.0,0.05,0.8,0.0,0.0,1
354,2026-04-22T14:53:48.895Z,S20260422_155325,SC01,AUTO,,23.1056,0.0615,start,0,1500,VIDE,0.0,0.0,0.0,0.0,0.0,0.0,0,0,0.0,0.0,0.0,0.0,0.0,0.0,2.0,1.0,0.05,0.8,0.0,0.0,1
355,2026-04-22T14:53:48.958Z,S20260422_155325,SC01,AUTO,,23.1681,0.0626,start,0,1500,VIDE,0.0,0.0,0.0,0.0,0.0,0.0,0,0,0.0,0.0,0.0,0.0,0.0,0.0,2.0,1.0,0.05,0.8,0.0,0.0,1
356,2026-04-22T14:53:49.020Z,S20260422_155325,SC01,AUTO,,23.2303,0.0622,start,0,1500,VIDE,0.0,0.0,0.0,0.0,0.0,0.0,0,0,0.0,0.0,0.0,0.0,0.0,0.0,2.0,1.0,0.05,0.8,0.0,0.0,1
357,2026-04-22T14:53:49.081Z,S20260422_155325,SC01,AUTO,,23.2919,0.0616,start,0,1500,VIDE,0.0,0.0,0.0,0.0,0.0,0.0,0,0,0.0,0.0,0.0,0.0,0.0,0.0,2.0,1.0,0.05,0.8,0.0,0.0,1
358,2026-04-22T14:53:49.144Z,S20260422_155325,SC01,AUTO,,23.3545,0.0626,start,0,1500,VIDE,0.0,0.0,0.0,0.0,0.0,0.0,0,0,0.0,0.0,0.0,0.0,0.0,0.0,2.0,1.0,0.05,0.8,0.0,0.0,1
359,2026-04-22T14:53:49.206Z,S20260422_155325,SC01,AUTO,,23.4163,0.0618,start,0,1500,VIDE,0.0,0.0,0.0,0.0,0.0,0.0,0,0,0.0,0.0,0.0,0.0,0.0,0.0,2.0,1.0,0.05,0.8,0.0,0.0,1
360,2026-04-22T14:53:49.267Z,S20260422_155325,SC01,AUTO,,23.4777,0.0614,start,0,1500,VIDE,0.0,0.0,0.0,0.0,0.0,0.0,0,0,0.0,0.0,0.0,0.0,0.0,0.0,2.0,1.0,0.05,0.8,0.0,0.0,1
361,2026-04-22T14:53:49.331Z,S20260422_155325,SC01,AUTO,,23.5413,0.0636,start,0,1500,VIDE,0.0,0.0,0.0,0.0,0.0,0.0,0,0,0.0,0.0,0.0,0.0,0.0,0.0,2.0,1.0,0.05,0.8,0.0,0.0,1
362,2026-04-22T14:53:49.394Z,S20260422_155325,SC01,AUTO,,23.6044,0.0631,start,0,1500,VIDE,0.0,0.0,0.0,0.0,0.0,0.0,0,0,0.0,0.0,0.0,0.0,0.0,0.0,2.0,1.0,0.05,0.8,0.0,0.0,1
363,2026-04-22T14:53:49.455Z,S20260422_155325,SC01,AUTO,,23.6658,0.0614,start,0,1500,VIDE,0.0,0.0,0.0,0.0,0.0,0.0,0,0,0.0,0.0,0.0,0.0,0.0,0.0,2.0,1.0,0.05,0.8,0.0,0.0,1
364,2026-04-22T14:53:49.518Z,S20260422_155325,SC01,AUTO,,23.728,0.0622,start,0,1500,VIDE,0.0,0.0,0.0,0.0,0.0,0.0,0,0,0.0,0.0,0.0,0.0,0.0,0.0,2.0,1.0,0.05,0.8,0.0,0.0,1
365,2026-04-22T14:53:49.580Z,S20260422_155325,SC01,AUTO,,23.7906,0.0626,start,0,1500,VIDE,0.0,0.0,0.0,0.0,0.0,0.0,0,0,0.0,0.0,0.0,0.0,0.0,0.0,2.0,1.0,0.05,0.8,0.0,0.0,1
366,2026-04-22T14:53:49.641Z,S20260422_155325,SC01,AUTO,,23.8515,0.0609,start,0,1500,VIDE,0.0,0.0,0.0,0.0,0.0,0.0,0,0,0.0,0.0,0.0,0.0,0.0,0.0,2.0,1.0,0.05,0.8,0.0,0.0,1
367,2026-04-22T14:53:49.702Z,S20260422_155325,SC01,AUTO,,23.9121,0.0606,start,0,1500,VIDE,0.0,0.0,0.0,0.0,0.0,0.0,0,0,0.0,0.0,0.0,0.0,0.0,0.0,2.0,1.0,0.05,0.8,0.0,0.0,1
368,2026-04-22T14:53:49.764Z,S20260422_155325,SC01,AUTO,,23.9744,0.0623,start,0,1500,VIDE,0.0,0.0,0.0,0.0,0.0,0.0,0,0,0.0,0.0,0.0,0.0,0.0,0.0,2.0,1.0,0.05,0.8,0.0,0.0,1
369,2026-04-22T14:53:49.826Z,S20260422_155325,SC01,AUTO,,24.0368,0.0624,start,0,1500,VIDE,0.0,0.0,0.0,0.0,0.0,0.0,0,0,0.0,0.0,0.0,0.0,0.0,0.0,2.0,1.0,0.05,0.8,0.0,0.0,1
370,2026-04-22T14:53:49.888Z,S20260422_155325,SC01,AUTO,,24.0988,0.062,start,0,1500,VIDE,0.0,0.0,0.0,0.0,0.0,0.0,0,0,0.0,0.0,0.0,0.0,0.0,0.0,2.0,1.0,0.05,0.8,0.0,0.0,1
371,2026-04-22T14:53:49.951Z,S20260422_155325,SC01,AUTO,,24.1617,0.0629,start,0,1500,VIDE,0.0,0.0,0.0,0.0,0.0,0.0,0,0,0.0,0.0,0.0,0.0,0.0,0.0,2.0,1.0,0.05,0.8,0.0,0.0,1
372,2026-04-22T14:53:50.015Z,S20260422_155325,SC01,AUTO,,24.2251,0.0634,start,0,1500,VIDE,0.0,0.0,0.0,0.0,0.0,0.0,0,0,0.0,0.0,0.0,0.0,0.0,0.0,2.0,1.0,0.05,0.8,0.0,0.0,1
373,2026-04-22T14:53:50.078Z,S20260422_155325,SC01,AUTO,,24.288,0.0629,start,0,1500,VIDE,0.0,0.0,0.0,0.0,0.0,0.0,0,0,0.0,0.0,0.0,0.0,0.0,0.0,2.0,1.0,0.05,0.8,0.0,0.0,1
374,2026-04-22T14:53:50.140Z,S20260422_155325,SC01,AUTO,,24.35,0.0621,start,0,1500,VIDE,0.0,0.0,0.0,0.0,0.0,0.0,0,0,0.0,0.0,0.0,0.0,0.0,0.0,2.0,1.0,0.05,0.8,0.0,0.0,1
375,2026-04-22T14:53:50.202Z,S20260422_155325,SC01,AUTO,,24.4127,0.0627,start,0,1500,VIDE,0.0,0.0,0.0,0.0,0.0,0.0,0,0,0.0,0.0,0.0,0.0,0.0,0.0,2.0,1.0,0.05,0.8,0.0,0.0,1
376,2026-04-22T14:53:50.265Z,S20260422_155325,SC01,AUTO,,24.4751,0.0624,start,0,1500,VIDE,0.0,0.0,0.0,0.0,0.0,0.0,0,0,0.0,0.0,0.0,0.0,0.0,0.0,2.0,1.0,0.05,0.8,0.0,0.0,1
377,2026-04-22T14:53:50.328Z,S20260422_155325,SC01,AUTO,,24.5381,0.063,start,0,1500,VIDE,0.0,0.0,0.0,0.0,0.0,0.0,0,0,0.0,0.0,0.0,0.0,0.0,0.0,2.0,1.0,0.05,0.8,0.0,0.0,1
378,2026-04-22T14:53:50.390Z,S20260422_155325,SC01,AUTO,,24.6001,0.062,start,0,1500,VIDE,0.0,0.0,0.0,0.0,0.0,0.0,0,0,0.0,0.0,0.0,0.0,0.0,0.0,2.0,1.0,0.05,0.8,0.0,0.0,1
379,2026-04-22T14:53:50.452Z,S20260422_155325,SC01,AUTO,,24.6621,0.062,start,0,1500,VIDE,0.0,0.0,0.0,0.0,0.0,0.0,0,0,0.0,0.0,0.0,0.0,0.0,0.0,2.0,1.0,0.05,0.8,0.0,0.0,1
380,2026-04-22T14:53:50.513Z,S20260422_155325,SC01,AUTO,,24.7235,0.0614,start,0,1500,VIDE,0.0,0.0,0.0,0.0,0.0,0.0,0,0,0.0,0.0,0.0,0.0,0.0,0.0,2.0,1.0,0.05,0.8,0.0,0.0,1
381,2026-04-22T14:53:50.576Z,S20260422_155325,SC01,AUTO,,24.7863,0.0628,start,0,1500,VIDE,0.0,0.0,0.0,0.0,0.0,0.0,0,0,0.0,0.0,0.0,0.0,0.0,0.0,2.0,1.0,0.05,0.8,0.0,0.0,1
382,2026-04-22T14:53:50.638Z,S20260422_155325,SC01,AUTO,,24.8483,0.0621,start,0,1500,VIDE,0.0,0.0,0.0,0.0,0.0,0.0,0,0,0.0,0.0,0.0,0.0,0.0,0.0,2.0,1.0,0.05,0.8,0.0,0.0,1
383,2026-04-22T14:53:50.700Z,S20260422_155325,SC01,AUTO,,24.9105,0.0622,start,0,1500,VIDE,0.0,0.0,0.0,0.0,0.0,0.0,0,0,0.0,0.0,0.0,0.0,0.0,0.0,2.0,1.0,0.05,0.8,0.0,0.0,1
384,2026-04-22T14:53:50.763Z,S20260422_155325,SC01,AUTO,,24.9733,0.0627,start,0,1500,VIDE,0.0,0.0,0.0,0.0,0.0,0.0,0,0,0.0,0.0,0.0,0.0,0.0,0.0,2.0,1.0,0.05,0.8,0.0,0.0,1
385,2026-04-22T14:53:50.825Z,S20260422_155325,SC01,AUTO,,25.0353,0.062,start,0,1500,VIDE,0.0,0.0,0.0,0.0,0.0,0.0,0,0,0.0,0.0,0.0,0.0,0.0,0.0,2.0,1.0,0.05,0.8,0.0,0.0,1
386,2026-04-22T14:53:50.886Z,S20260422_155325,SC01,AUTO,,25.0961,0.0608,start,0,1500,VIDE,0.0,0.0,0.0,0.0,0.0,0.0,0,0,0.0,0.0,0.0,0.0,0.0,0.0,2.0,1.0,0.05,0.8,0.0,0.0,1
387,2026-04-22T14:53:50.948Z,S20260422_155325,SC01,AUTO,,25.1588,0.0627,start,0,1500,VIDE,0.0,0.0,0.0,0.0,0.0,0.0,0,0,0.0,0.0,0.0,0.0,0.0,0.0,2.0,1.0,0.05,0.8,0.0,0.0,1
388,2026-04-22T14:53:51.011Z,S20260422_155325,SC01,AUTO,,25.2218,0.0631,start,0,1500,VIDE,0.0,0.0,0.0,0.0,0.0,0.0,0,0,0.0,0.0,0.0,0.0,0.0,0.0,2.0,1.0,0.05,0.8,0.0,0.0,1
389,2026-04-22T14:53:51.069Z,S20260422_155325,SC01,AUTO,,25.2792,0.0573,start,0,1500,VIDE,0.0,0.0,0.0,0.0,0.0,0.0,0,0,0.0,0.0,0.0,0.0,0.0,0.0,2.0,1.0,0.05,0.8,0.0,0.0,1
390,2026-04-22T14:53:51.136Z,S20260422_155325,SC01,AUTO,,25.3464,0.0672,start,0,1500,VIDE,0.0,0.0,0.0,0.0,0.0,0.0,0,0,0.0,0.0,0.0,0.0,0.0,0.0,2.0,1.0,0.05,0.8,0.0,0.0,1
391,2026-04-22T14:53:51.197Z,S20260422_155325,SC01,AUTO,,25.4075,0.0611,start,0,1500,VIDE,0.0,0.0,0.0,0.0,0.0,0.0,0,0,0.0,0.0,0.0,0.0,0.0,0.0,2.0,1.0,0.05,0.8,0.0,0.0,1
392,2026-04-22T14:53:51.260Z,S20260422_155325,SC01,AUTO,,25.4707,0.0632,start,0,1500,VIDE,0.0,0.0,0.0,0.0,0.0,0.0,0,0,0.0,0.0,0.0,0.0,0.0,0.0,2.0,1.0,0.05,0.8,0.0,0.0,1
393,2026-04-22T14:53:51.319Z,S20260422_155325,SC01,AUTO,,25.529,0.0583,start,0,1500,VIDE,0.0,0.0,0.0,0.0,0.0,0.0,0,0,0.0,0.0,0.0,0.0,0.0,0.0,2.0,1.0,0.05,0.8,0.0,0.0,1
394,2026-04-22T14:53:51.384Z,S20260422_155325,SC01,AUTO,,25.5941,0.0651,start,0,1500,VIDE,0.0,0.0,0.0,0.0,0.0,0.0,0,0,0.0,0.0,0.0,0.0,0.0,0.0,2.0,1.0,0.05,0.8,0.0,0.0,1
395,2026-04-22T14:53:51.446Z,S20260422_155325,SC01,AUTO,,25.6567,0.0626,start,0,1500,VIDE,0.0,0.0,0.0,0.0,0.0,0.0,0,0,0.0,0.0,0.0,0.0,0.0,0.0,2.0,1.0,0.05,0.8,0.0,0.0,1
396,2026-04-22T14:53:51.508Z,S20260422_155325,SC01,AUTO,,25.7182,0.0615,start,0,1500,VIDE,0.0,0.0,0.0,0.0,0.0,0.0,0,0,0.0,0.0,0.0,0.0,0.0,0.0,2.0,1.0,0.05,0.8,0.0,0.0,1
397,2026-04-22T14:53:51.570Z,S20260422_155325,SC01,AUTO,,25.7807,0.0626,start,0,1500,VIDE,0.0,0.0,0.0,0.0,0.0,0.0,0,0,0.0,0.0,0.0,0.0,0.0,0.0,2.0,1.0,0.05,0.8,0.0,0.0,1
398,2026-04-22T14:53:51.632Z,S20260422_155325,SC01,AUTO,,25.842,0.0613,start,0,1500,VIDE,0.0,0.0,0.0,0.0,0.0,0.0,0,0,0.0,0.0,0.0,0.0,0.0,0.0,2.0,1.0,0.05,0.8,0.0,0.0,1
399,2026-04-22T14:53:51.696Z,S20260422_155325,SC01,AUTO,,25.9062,0.0641,start,0,1500,VIDE,0.0,0.0,0.0,0.0,0.0,0.0,0,0,0.0,0.0,0.0,0.0,0.0,0.0,2.0,1.0,0.05,0.8,0.0,0.0,1
400,2026-04-22T14:53:51.758Z,S20260422_155325,SC01,AUTO,,25.968,0.0618,start,0,1500,VIDE,0.0,0.0,0.0,0.0,0.0,0.0,0,0,0.0,0.0,0.0,0.0,0.0,0.0,2.0,1.0,0.05,0.8,0.0,0.0,1
401,2026-04-22T14:53:51.820Z,S20260422_155325,SC01,AUTO,,26.0304,0.0624,start,0,1500,VIDE,0.0,0.0,0.0,0.0,0.0,0.0,0,0,0.0,0.0,0.0,0.0,0.0,0.0,2.0,1.0,0.05,0.8,0.0,0.0,1
402,2026-04-22T14:53:51.881Z,S20260422_155325,SC01,AUTO,,26.0914,0.061,start,0,1500,VIDE,0.0,0.0,0.0,0.0,0.0,0.0,0,0,0.0,0.0,0.0,0.0,0.0,0.0,2.0,1.0,0.05,0.8,0.0,0.0,1
403,2026-04-22T14:53:51.944Z,S20260422_155325,SC01,AUTO,,26.1547,0.0633,start,0,1500,VIDE,0.0,0.0,0.0,0.0,0.0,0.0,0,0,0.0,0.0,0.0,0.0,0.0,0.0,2.0,1.0,0.05,0.8,0.0,0.0,1
404,2026-04-22T14:53:52.015Z,S20260422_155325,SC01,AUTO,,26.2253,0.0706,start,0,1500,VIDE,0.0,0.0,0.0,0.0,0.0,0.0,0,0,0.0,0.0,0.0,0.0,0.0,0.0,2.0,1.0,0.05,0.8,0.0,0.0,1
405,2026-04-22T14:53:52.071Z,S20260422_155325,SC01,AUTO,,26.281,0.0556,start,0,1500,VIDE,0.0,0.0,0.0,0.0,0.0,0.0,0,0,0.0,0.0,0.0,0.0,0.0,0.0,2.0,1.0,0.05,0.8,0.0,0.0,1
406,2026-04-22T14:53:52.141Z,S20260422_155325,SC01,AUTO,,26.3516,0.0707,start,0,1500,VIDE,0.0,0.0,0.0,0.0,0.0,0.0,0,0,0.0,0.0,0.0,0.0,0.0,0.0,2.0,1.0,0.05,0.8,0.0,0.0,1
407,2026-04-22T14:53:52.206Z,S20260422_155325,SC01,AUTO,,26.4163,0.0647,start,0,1500,VIDE,0.0,0.0,0.0,0.0,0.0,0.0,0,0,0.0,0.0,0.0,0.0,0.0,0.0,2.0,1.0,0.05,0.8,0.0,0.0,1
408,2026-04-22T14:53:52.263Z,S20260422_155325,SC01,AUTO,,26.4738,0.0575,start,0,1500,VIDE,0.0,0.0,0.0,0.0,0.0,0.0,0,0,0.0,0.0,0.0,0.0,0.0,0.0,2.0,1.0,0.05,0.8,0.0,0.0,1
409,2026-04-22T14:53:52.329Z,S20260422_155325,SC01,AUTO,,26.5399,0.0661,start,0,1500,VIDE,0.0,0.0,0.0,0.0,0.0,0.0,0,0,0.0,0.0,0.0,0.0,0.0,0.0,2.0,1.0,0.05,0.8,0.0,0.0,1
410,2026-04-22T14:53:52.390Z,S20260422_155325,SC01,AUTO,,26.6005,0.0605,start,0,1500,VIDE,0.0,0.0,0.0,0.0,0.0,0.0,0,0,0.0,0.0,0.0,0.0,0.0,0.0,2.0,1.0,0.05,0.8,0.0,0.0,1
411,2026-04-22T14:53:52.454Z,S20260422_155325,SC01,AUTO,,26.664,0.0636,start,0,1500,VIDE,0.0,0.0,0.0,0.0,0.0,0.0,0,0,0.0,0.0,0.0,0.0,0.0,0.0,2.0,1.0,0.05,0.8,0.0,0.0,1
412,2026-04-22T14:53:52.517Z,S20260422_155325,SC01,AUTO,,26.7273,0.0632,start,0,1500,VIDE,0.0,0.0,0.0,0.0,0.0,0.0,0,0,0.0,0.0,0.0,0.0,0.0,0.0,2.0,1.0,0.05,0.8,0.0,0.0,1
413,2026-04-22T14:53:52.579Z,S20260422_155325,SC01,AUTO,,26.789,0.0617,start,0,1500,VIDE,0.0,0.0,0.0,0.0,0.0,0.0,0,0,0.0,0.0,0.0,0.0,0.0,0.0,2.0,1.0,0.05,0.8,0.0,0.0,1
414,2026-04-22T14:53:52.640Z,S20260422_155325,SC01,AUTO,,26.8508,0.0618,start,0,1500,VIDE,0.0,0.0,0.0,0.0,0.0,0.0,0,0,0.0,0.0,0.0,0.0,0.0,0.0,2.0,1.0,0.05,0.8,0.0,0.0,1
415,2026-04-22T14:53:52.702Z,S20260422_155325,SC01,AUTO,,26.9129,0.0621,start,0,1500,VIDE,0.0,0.0,0.0,0.0,0.0,0.0,0,0,0.0,0.0,0.0,0.0,0.0,0.0,2.0,1.0,0.05,0.8,0.0,0.0,1
416,2026-04-22T14:53:52.765Z,S20260422_155325,SC01,AUTO,,26.9755,0.0626,start,0,1500,VIDE,0.0,0.0,0.0,0.0,0.0,0.0,0,0,0.0,0.0,0.0,0.0,0.0,0.0,2.0,1.0,0.05,0.8,0.0,0.0,1
417,2026-04-22T14:53:52.828Z,S20260422_155325,SC01,AUTO,,27.0384,0.0629,start,0,1500,VIDE,0.0,0.0,0.0,0.0,0.0,0.0,0,0,0.0,0.0,0.0,0.0,0.0,0.0,2.0,1.0,0.05,0.8,0.0,0.0,1
418,2026-04-22T14:53:52.890Z,S20260422_155325,SC01,AUTO,,27.1005,0.0621,start,0,1500,VIDE,0.0,0.0,0.0,0.0,0.0,0.0,0,0,0.0,0.0,0.0,0.0,0.0,0.0,2.0,1.0,0.05,0.8,0.0,0.0,1
419,2026-04-22T14:53:52.952Z,S20260422_155325,SC01,AUTO,,27.1628,0.0623,start,0,1500,VIDE,0.0,0.0,0.0,0.0,0.0,0.0,0,0,0.0,0.0,0.0,0.0,0.0,0.0,2.0,1.0,0.05,0.8,0.0,0.0,1
420,2026-04-22T14:53:53.015Z,S20260422_155325,SC01,AUTO,,27.2252,0.0624,start,0,1500,VIDE,0.0,0.0,0.0,0.0,0.0,0.0,0,0,0.0,0.0,0.0,0.0,0.0,0.0,2.0,1.0,0.05,0.8,0.0,0.0,1
421,2026-04-22T14:53:53.076Z,S20260422_155325,SC01,AUTO,,27.2864,0.0613,start,0,1500,VIDE,0.0,0.0,0.0,0.0,0.0,0.0,0,0,0.0,0.0,0.0,0.0,0.0,0.0,2.0,1.0,0.05,0.8,0.0,0.0,1
422,2026-04-22T14:53:53.140Z,S20260422_155325,SC01,AUTO,,27.3503,0.0639,start,0,1500,VIDE,0.0,0.0,0.0,0.0,0.0,0.0,0,0,0.0,0.0,0.0,0.0,0.0,0.0,2.0,1.0,0.05,0.8,0.0,0.0,1
423,2026-04-22T14:53:53.204Z,S20260422_155325,SC01,AUTO,,27.414,0.0637,start,0,1500,VIDE,0.0,0.0,0.0,0.0,0.0,0.0,0,0,0.0,0.0,0.0,0.0,0.0,0.0,2.0,1.0,0.05,0.8,0.0,0.0,1
424,2026-04-22T14:53:53.265Z,S20260422_155325,SC01,AUTO,,27.4759,0.0618,start,0,1500,VIDE,0.0,0.0,0.0,0.0,0.0,0.0,0,0,0.0,0.0,0.0,0.0,0.0,0.0,2.0,1.0,0.05,0.8,0.0,0.0,1
425,2026-04-22T14:53:53.327Z,S20260422_155325,SC01,AUTO,,27.537,0.0612,start,0,1500,VIDE,0.0,0.0,0.0,0.0,0.0,0.0,0,0,0.0,0.0,0.0,0.0,0.0,0.0,2.0,1.0,0.05,0.8,0.0,0.0,1
426,2026-04-22T14:53:53.389Z,S20260422_155325,SC01,AUTO,,27.5992,0.0621,start,0,1500,VIDE,0.0,0.0,0.0,0.0,0.0,0.0,0,0,0.0,0.0,0.0,0.0,0.0,0.0,2.0,1.0,0.05,0.8,0.0,0.0,1
427,2026-04-22T14:53:53.451Z,S20260422_155325,SC01,AUTO,,27.6618,0.0627,start,0,1500,VIDE,0.0,0.0,0.0,0.0,0.0,0.0,0,0,0.0,0.0,0.0,0.0,0.0,0.0,2.0,1.0,0.05,0.8,0.0,0.0,1
428,2026-04-22T14:53:53.514Z,S20260422_155325,SC01,AUTO,,27.7242,0.0624,start,0,1500,VIDE,0.0,0.0,0.0,0.0,0.0,0.0,0,0,0.0,0.0,0.0,0.0,0.0,0.0,2.0,1.0,0.05,0.8,0.0,0.0,1
429,2026-04-22T14:53:53.576Z,S20260422_155325,SC01,AUTO,,27.786,0.0618,start,0,1500,VIDE,0.0,0.0,0.0,0.0,0.0,0.0,0,0,0.0,0.0,0.0,0.0,0.0,0.0,2.0,1.0,0.05,0.8,0.0,0.0,1
430,2026-04-22T14:53:53.637Z,S20260422_155325,SC01,AUTO,,27.8471,0.0611,start,0,1500,VIDE,0.0,0.0,0.0,0.0,0.0,0.0,0,0,0.0,0.0,0.0,0.0,0.0,0.0,2.0,1.0,0.05,0.8,0.0,0.0,1
431,2026-04-22T14:53:53.698Z,S20260422_155325,SC01,AUTO,,27.9086,0.0615,start,0,1500,VIDE,0.0,0.0,0.0,0.0,0.0,0.0,0,0,0.0,0.0,0.0,0.0,0.0,0.0,2.0,1.0,0.05,0.8,0.0,0.0,1
432,2026-04-22T14:53:53.761Z,S20260422_155325,SC01,AUTO,,27.9714,0.0628,start,0,1500,VIDE,0.0,0.0,0.0,0.0,0.0,0.0,0,0,0.0,0.0,0.0,0.0,0.0,0.0,2.0,1.0,0.05,0.8,0.0,0.0,1
433,2026-04-22T14:53:53.823Z,S20260422_155325,SC01,AUTO,,28.0333,0.0619,start,0,1500,VIDE,0.0,0.0,0.0,0.0,0.0,0.0,0,0,0.0,0.0,0.0,0.0,0.0,0.0,2.0,1.0,0.05,0.8,0.0,0.0,1
434,2026-04-22T14:53:53.886Z,S20260422_155325,SC01,AUTO,,28.0962,0.0628,start,0,1500,VIDE,0.0,0.0,0.0,0.0,0.0,0.0,0,0,0.0,0.0,0.0,0.0,0.0,0.0,2.0,1.0,0.05,0.8,0.0,0.0,1
435,2026-04-22T14:53:53.947Z,S20260422_155325,SC01,AUTO,,28.1574,0.0612,start,0,1500,VIDE,0.0,0.0,0.0,0.0,0.0,0.0,0,0,0.0,0.0,0.0,0.0,0.0,0.0,2.0,1.0,0.05,0.8,0.0,0.0,1
436,2026-04-22T14:53:54.011Z,S20260422_155325,SC01,AUTO,,28.2211,0.0638,start,0,1500,VIDE,0.0,0.0,0.0,0.0,0.0,0.0,0,0,0.0,0.0,0.0,0.0,0.0,0.0,2.0,1.0,0.05,0.8,0.0,0.0,1
437,2026-04-22T14:53:54.073Z,S20260422_155325,SC01,AUTO,,28.2833,0.0622,start,0,1500,VIDE,0.0,0.0,0.0,0.0,0.0,0.0,0,0,0.0,0.0,0.0,0.0,0.0,0.0,2.0,1.0,0.05,0.8,0.0,0.0,1
438,2026-04-22T14:53:54.135Z,S20260422_155325,SC01,AUTO,,28.3452,0.0618,start,0,1500,VIDE,0.0,0.0,0.0,0.0,0.0,0.0,0,0,0.0,0.0,0.0,0.0,0.0,0.0,2.0,1.0,0.05,0.8,0.0,0.0,1
439,2026-04-22T14:53:54.198Z,S20260422_155325,SC01,AUTO,,28.408,0.0629,start,0,1500,VIDE,0.0,0.0,0.0,0.0,0.0,0.0,0,0,0.0,0.0,0.0,0.0,0.0,0.0,2.0,1.0,0.05,0.8,0.0,0.0,1
440,2026-04-22T14:53:54.260Z,S20260422_155325,SC01,AUTO,,28.4708,0.0628,start,0,1500,VIDE,0.0,0.0,0.0,0.0,0.0,0.0,0,0,0.0,0.0,0.0,0.0,0.0,0.0,2.0,1.0,0.05,0.8,0.0,0.0,1
441,2026-04-22T14:53:54.322Z,S20260422_155325,SC01,AUTO,,28.5324,0.0616,start,0,1500,VIDE,0.0,0.0,0.0,0.0,0.0,0.0,0,0,0.0,0.0,0.0,0.0,0.0,0.0,2.0,1.0,0.05,0.8,0.0,0.0,1
442,2026-04-22T14:53:54.384Z,S20260422_155325,SC01,AUTO,,28.5945,0.0621,start,0,1500,VIDE,0.0,0.0,0.0,0.0,0.0,0.0,0,0,0.0,0.0,0.0,0.0,0.0,0.0,2.0,1.0,0.05,0.8,0.0,0.0,1
443,2026-04-22T14:53:54.446Z,S20260422_155325,SC01,AUTO,,28.6569,0.0623,start,0,1500,VIDE,0.0,0.0,0.0,0.0,0.0,0.0,0,0,0.0,0.0,0.0,0.0,0.0,0.0,2.0,1.0,0.05,0.8,0.0,0.0,1
444,2026-04-22T14:53:54.509Z,S20260422_155325,SC01,AUTO,,28.7199,0.063,start,0,1500,VIDE,0.0,0.0,0.0,0.0,0.0,0.0,0,0,0.0,0.0,0.0,0.0,0.0,0.0,2.0,1.0,0.05,0.8,0.0,0.0,1
445,2026-04-22T14:53:54.571Z,S20260422_155325,SC01,AUTO,,28.7818,0.0619,start,0,1500,VIDE,0.0,0.0,0.0,0.0,0.0,0.0,0,0,0.0,0.0,0.0,0.0,0.0,0.0,2.0,1.0,0.05,0.8,0.0,0.0,1
446,2026-04-22T14:53:54.634Z,S20260422_155325,SC01,AUTO,,28.8439,0.0621,start,0,1500,VIDE,0.0,0.0,0.0,0.0,0.0,0.0,0,0,0.0,0.0,0.0,0.0,0.0,0.0,2.0,1.0,0.05,0.8,0.0,0.0,1
447,2026-04-22T14:53:54.696Z,S20260422_155325,SC01,AUTO,,28.9062,0.0622,start,0,1500,VIDE,0.0,0.0,0.0,0.0,0.0,0.0,0,0,0.0,0.0,0.0,0.0,0.0,0.0,2.0,1.0,0.05,0.8,0.0,0.0,1
448,2026-04-22T14:53:54.757Z,S20260422_155325,SC01,AUTO,,28.9679,0.0617,start,0,1500,VIDE,0.0,0.0,0.0,0.0,0.0,0.0,0,0,0.0,0.0,0.0,0.0,0.0,0.0,2.0,1.0,0.05,0.8,0.0,0.0,1
449,2026-04-22T14:53:54.822Z,S20260422_155325,SC01,AUTO,,29.0326,0.0647,start,0,1500,VIDE,0.0,0.0,0.0,0.0,0.0,0.0,0,0,0.0,0.0,0.0,0.0,0.0,0.0,2.0,1.0,0.05,0.8,0.0,0.0,1
450,2026-04-22T14:53:54.883Z,S20260422_155325,SC01,AUTO,,29.0934,0.0609,start,0,1500,VIDE,0.0,0.0,0.0,0.0,0.0,0.0,0,0,0.0,0.0,0.0,0.0,0.0,0.0,2.0,1.0,0.05,0.8,0.0,0.0,1
451,2026-04-22T14:53:54.945Z,S20260422_155325,SC01,AUTO,,29.155,0.0616,start,0,1500,VIDE,0.0,0.0,0.0,0.0,0.0,0.0,0,0,0.0,0.0,0.0,0.0,0.0,0.0,2.0,1.0,0.05,0.8,0.0,0.0,1
452,2026-04-22T14:53:55.008Z,S20260422_155325,SC01,AUTO,,29.2183,0.0633,start,0,1500,VIDE,0.0,0.0,0.0,0.0,0.0,0.0,0,0,0.0,0.0,0.0,0.0,0.0,0.0,2.0,1.0,0.05,0.8,0.0,0.0,1
453,2026-04-22T14:53:55.070Z,S20260422_155325,SC01,AUTO,,29.2808,0.0625,start,0,1500,VIDE,0.0,0.0,0.0,0.0,0.0,0.0,0,0,0.0,0.0,0.0,0.0,0.0,0.0,2.0,1.0,0.05,0.8,0.0,0.0,1
454,2026-04-22T14:53:55.133Z,S20260422_155325,SC01,AUTO,,29.3436,0.0628,start,0,1500,VIDE,0.0,0.0,0.0,0.0,0.0,0.0,0,0,0.0,0.0,0.0,0.0,0.0,0.0,2.0,1.0,0.05,0.8,0.0,0.0,1
455,2026-04-22T14:53:55.197Z,S20260422_155325,SC01,AUTO,,29.4075,0.064,start,0,1500,VIDE,0.0,0.0,0.0,0.0,0.0,0.0,0,0,0.0,0.0,0.0,0.0,0.0,0.0,2.0,1.0,0.05,0.8,0.0,0.0,1
456,2026-04-22T14:53:55.259Z,S20260422_155325,SC01,AUTO,,29.4696,0.062,start,0,1500,VIDE,0.0,0.0,0.0,0.0,0.0,0.0,0,0,0.0,0.0,0.0,0.0,0.0,0.0,2.0,1.0,0.05,0.8,0.0,0.0,1
457,2026-04-22T14:53:55.321Z,S20260422_155325,SC01,AUTO,,29.5314,0.0618,start,0,1500,VIDE,0.0,0.0,0.0,0.0,0.0,0.0,0,0,0.0,0.0,0.0,0.0,0.0,0.0,2.0,1.0,0.05,0.8,0.0,0.0,1
458,2026-04-22T14:53:55.383Z,S20260422_155325,SC01,AUTO,,29.5934,0.062,start,0,1500,VIDE,0.0,0.0,0.0,0.0,0.0,0.0,0,0,0.0,0.0,0.0,0.0,0.0,0.0,2.0,1.0,0.05,0.8,0.0,0.0,1
459,2026-04-22T14:53:55.447Z,S20260422_155325,SC01,AUTO,,29.6576,0.0642,start,0,1500,VIDE,0.0,0.0,0.0,0.0,0.0,0.0,0,0,0.0,0.0,0.0,0.0,0.0,0.0,2.0,1.0,0.05,0.8,0.0,0.0,1
460,2026-04-22T14:53:55.508Z,S20260422_155325,SC01,AUTO,,29.7182,0.0607,start,0,1500,VIDE,0.0,0.0,0.0,0.0,0.0,0.0,0,0,0.0,0.0,0.0,0.0,0.0,0.0,2.0,1.0,0.05,0.8,0.0,0.0,1
461,2026-04-22T14:53:55.571Z,S20260422_155325,SC01,AUTO,,29.7816,0.0633,start,0,1500,VIDE,0.0,0.0,0.0,0.0,0.0,0.0,0,0,0.0,0.0,0.0,0.0,0.0,0.0,2.0,1.0,0.05,0.8,0.0,0.0,1
462,2026-04-22T14:53:55.632Z,S20260422_155325,SC01,AUTO,,29.8422,0.0606,start,0,1500,VIDE,0.0,0.0,0.0,0.0,0.0,0.0,0,0,0.0,0.0,0.0,0.0,0.0,0.0,2.0,1.0,0.05,0.8,0.0,0.0,1
463,2026-04-22T14:53:55.694Z,S20260422_155325,SC01,AUTO,,29.9043,0.0621,start,0,1500,VIDE,0.0,0.0,0.0,0.0,0.0,0.0,0,0,0.0,0.0,0.0,0.0,0.0,0.0,2.0,1.0,0.05,0.8,0.0,0.0,1
464,2026-04-22T14:53:55.756Z,S20260422_155325,SC01,AUTO,,29.9661,0.0618,start,0,1500,VIDE,0.0,0.0,0.0,0.0,0.0,0.0,0,0,0.0,0.0,0.0,0.0,0.0,0.0,2.0,1.0,0.05,0.8,0.0,0.0,1
465,2026-04-22T14:53:55.819Z,S20260422_155325,SC01,AUTO,,30.0291,0.0631,start,0,1500,VIDE,0.0,0.0,0.0,0.0,0.0,0.0,0,0,0.0,0.0,0.0,0.0,0.0,0.0,2.0,1.0,0.05,0.8,0.0,0.0,1
466,2026-04-22T14:53:55.896Z,S20260422_155325,SC01,AUTO,,30.1062,0.0771,start,0,1500,VIDE,0.0,0.0,0.0,0.0,0.0,0.0,0,0,0.0,0.0,0.0,0.0,0.0,0.0,2.0,1.0,0.05,0.8,0.0,0.0,1
467,2026-04-22T14:53:55.958Z,S20260422_155325,SC01,AUTO,,30.1682,0.062,start,0,1500,VIDE,0.0,0.0,0.0,0.0,0.0,0.0,0,0,0.0,0.0,0.0,0.0,0.0,0.0,2.0,1.0,0.05,0.8,0.0,0.0,1
468,2026-04-22T14:53:56.021Z,S20260422_155325,SC01,AUTO,,30.2311,0.0628,start,0,1500,VIDE,0.0,0.0,0.0,0.0,0.0,0.0,0,0,0.0,0.0,0.0,0.0,0.0,0.0,2.0,1.0,0.05,0.8,0.0,0.0,1
469,2026-04-22T14:53:56.068Z,S20260422_155325,SC01,AUTO,,30.2785,0.0474,start,0,1500,VIDE,0.0,0.0,0.0,0.0,0.0,0.0,0,0,0.0,0.0,0.0,0.0,0.0,0.0,2.0,1.0,0.05,0.8,0.0,0.0,1
470,2026-04-22T14:53:56.131Z,S20260422_155325,SC01,AUTO,,30.3416,0.0631,start,0,1500,VIDE,0.0,0.0,0.0,0.0,0.0,0.0,0,0,0.0,0.0,0.0,0.0,0.0,0.0,2.0,1.0,0.05,0.8,0.0,0.0,1
471,2026-04-22T14:53:56.208Z,S20260422_155325,SC01,AUTO,,30.4183,0.0767,start,0,1500,VIDE,0.0,0.0,0.0,0.0,0.0,0.0,0,0,0.0,0.0,0.0,0.0,0.0,0.0,2.0,1.0,0.05,0.8,0.0,0.0,1
472,2026-04-22T14:53:56.256Z,S20260422_155325,SC01,AUTO,,30.4663,0.048,start,0,1500,VIDE,0.0,0.0,0.0,0.0,0.0,0.0,0,0,0.0,0.0,0.0,0.0,0.0,0.0,2.0,1.0,0.05,0.8,0.0,0.0,1
473,2026-04-22T14:53:56.333Z,S20260422_155325,SC01,AUTO,,30.5437,0.0774,start,0,1500,VIDE,0.0,0.0,0.0,0.0,0.0,0.0,0,0,0.0,0.0,0.0,0.0,0.0,0.0,2.0,1.0,0.05,0.8,0.0,0.0,1
474,2026-04-22T14:53:56.382Z,S20260422_155325,SC01,AUTO,,30.5925,0.0488,start,0,1500,VIDE,0.0,0.0,0.0,0.0,0.0,0.0,0,0,0.0,0.0,0.0,0.0,0.0,0.0,2.0,1.0,0.05,0.8,0.0,0.0,1
475,2026-04-22T14:53:56.443Z,S20260422_155325,SC01,AUTO,,30.6536,0.061,start,0,1500,VIDE,0.0,0.0,0.0,0.0,0.0,0.0,0,0,0.0,0.0,0.0,0.0,0.0,0.0,2.0,1.0,0.05,0.8,0.0,0.0,1
476,2026-04-22T14:53:56.506Z,S20260422_155325,SC01,AUTO,,30.716,0.0625,start,0,1500,VIDE,0.0,0.0,0.0,0.0,0.0,0.0,0,0,0.0,0.0,0.0,0.0,0.0,0.0,2.0,1.0,0.05,0.8,0.0,0.0,1
477,2026-04-22T14:53:56.569Z,S20260422_155325,SC01,AUTO,,30.7795,0.0635,start,0,1500,VIDE,0.0,0.0,0.0,0.0,0.0,0.0,0,0,0.0,0.0,0.0,0.0,0.0,0.0,2.0,1.0,0.05,0.8,0.0,0.0,1
478,2026-04-22T14:53:56.632Z,S20260422_155325,SC01,AUTO,,30.8423,0.0628,start,0,1500,VIDE,0.0,0.0,0.0,0.0,0.0,0.0,0,0,0.0,0.0,0.0,0.0,0.0,0.0,2.0,1.0,0.05,0.8,0.0,0.0,1
479,2026-04-22T14:53:56.694Z,S20260422_155325,SC01,AUTO,,30.9049,0.0626,start,0,1500,VIDE,0.0,0.0,0.0,0.0,0.0,0.0,0,0,0.0,0.0,0.0,0.0,0.0,0.0,2.0,1.0,0.05,0.8,0.0,0.0,1
480,2026-04-22T14:53:56.757Z,S20260422_155325,SC01,AUTO,,30.9673,0.0624,start,0,1500,VIDE,0.0,0.0,0.0,0.0,0.0,0.0,0,0,0.0,0.0,0.0,0.0,0.0,0.0,2.0,1.0,0.05,0.8,0.0,0.0,1
481,2026-04-22T14:53:56.819Z,S20260422_155325,SC01,AUTO,,31.0299,0.0626,start,0,1500,VIDE,0.0,0.0,0.0,0.0,0.0,0.0,0,0,0.0,0.0,0.0,0.0,0.0,0.0,2.0,1.0,0.05,0.8,0.0,0.0,1
482,2026-04-22T14:53:56.881Z,S20260422_155325,SC01,AUTO,,31.0919,0.062,start,0,1500,VIDE,0.0,0.0,0.0,0.0,0.0,0.0,0,0,0.0,0.0,0.0,0.0,0.0,0.0,2.0,1.0,0.05,0.8,0.0,0.0,1
483,2026-04-22T14:53:56.944Z,S20260422_155325,SC01,AUTO,,31.1544,0.0625,start,0,1500,VIDE,0.0,0.0,0.0,0.0,0.0,0.0,0,0,0.0,0.0,0.0,0.0,0.0,0.0,2.0,1.0,0.05,0.8,0.0,0.0,1
484,2026-04-22T14:53:57.007Z,S20260422_155325,SC01,AUTO,,31.2171,0.0627,start,0,1500,VIDE,0.0,0.0,0.0,0.0,0.0,0.0,0,0,0.0,0.0,0.0,0.0,0.0,0.0,2.0,1.0,0.05,0.8,0.0,0.0,1
485,2026-04-22T14:53:57.070Z,S20260422_155325,SC01,AUTO,,31.2803,0.0632,start,0,1500,VIDE,0.0,0.0,0.0,0.0,0.0,0.0,0,0,0.0,0.0,0.0,0.0,0.0,0.0,2.0,1.0,0.05,0.8,0.0,0.0,1
486,2026-04-22T14:53:57.133Z,S20260422_155325,SC01,AUTO,,31.3438,0.0635,start,0,1500,VIDE,0.0,0.0,0.0,0.0,0.0,0.0,0,0,0.0,0.0,0.0,0.0,0.0,0.0,2.0,1.0,0.05,0.8,0.0,0.0,1
487,2026-04-22T14:53:57.194Z,S20260422_155325,SC01,AUTO,,31.4042,0.0604,start,0,1500,VIDE,0.0,0.0,0.0,0.0,0.0,0.0,0,0,0.0,0.0,0.0,0.0,0.0,0.0,2.0,1.0,0.05,0.8,0.0,0.0,1
488,2026-04-22T14:53:57.257Z,S20260422_155325,SC01,AUTO,,31.4677,0.0635,start,0,1500,VIDE,0.0,0.0,0.0,0.0,0.0,0.0,0,0,0.0,0.0,0.0,0.0,0.0,0.0,2.0,1.0,0.05,0.8,0.0,0.0,1
489,2026-04-22T14:53:57.320Z,S20260422_155325,SC01,AUTO,,31.5305,0.0628,start,0,1500,VIDE,0.0,0.0,0.0,0.0,0.0,0.0,0,0,0.0,0.0,0.0,0.0,0.0,0.0,2.0,1.0,0.05,0.8,0.0,0.0,1
490,2026-04-22T14:53:57.383Z,S20260422_155325,SC01,AUTO,,31.5933,0.0629,start,0,1500,VIDE,0.0,0.0,0.0,0.0,0.0,0.0,0,0,0.0,0.0,0.0,0.0,0.0,0.0,2.0,1.0,0.05,0.8,0.0,0.0,1
491,2026-04-22T14:53:57.444Z,S20260422_155325,SC01,AUTO,,31.6543,0.0609,start,0,1500,VIDE,0.0,0.0,0.0,0.0,0.0,0.0,0,0,0.0,0.0,0.0,0.0,0.0,0.0,2.0,1.0,0.05,0.8,0.0,0.0,1
492,2026-04-22T14:53:57.520Z,S20260422_155325,SC01,AUTO,,31.7303,0.076,start,0,1500,VIDE,0.0,0.0,0.0,0.0,0.0,0.0,0,0,0.0,0.0,0.0,0.0,0.0,0.0,2.0,1.0,0.05,0.8,0.0,0.0,1
493,2026-04-22T14:53:57.569Z,S20260422_155325,SC01,AUTO,,31.7793,0.049,start,0,1500,VIDE,0.0,0.0,0.0,0.0,0.0,0.0,0,0,0.0,0.0,0.0,0.0,0.0,0.0,2.0,1.0,0.05,0.8,0.0,0.0,1
494,2026-04-22T14:53:57.633Z,S20260422_155325,SC01,AUTO,,31.8436,0.0643,start,0,1500,VIDE,0.0,0.0,0.0,0.0,0.0,0.0,0,0,0.0,0.0,0.0,0.0,0.0,0.0,2.0,1.0,0.05,0.8,0.0,0.0,1
495,2026-04-22T14:53:57.697Z,S20260422_155325,SC01,AUTO,,31.9073,0.0637,start,0,1500,VIDE,0.0,0.0,0.0,0.0,0.0,0.0,0,0,0.0,0.0,0.0,0.0,0.0,0.0,2.0,1.0,0.05,0.8,0.0,0.0,1
496,2026-04-22T14:53:57.755Z,S20260422_155325,SC01,AUTO,,31.9658,0.0584,start,0,1500,VIDE,0.0,0.0,0.0,0.0,0.0,0.0,0,0,0.0,0.0,0.0,0.0,0.0,0.0,2.0,1.0,0.05,0.8,0.0,0.0,1
497,2026-04-22T14:53:57.826Z,S20260422_155325,SC01,AUTO,,32.036,0.0702,start,0,1500,VIDE,0.0,0.0,0.0,0.0,0.0,0.0,0,0,0.0,0.0,0.0,0.0,0.0,0.0,2.0,1.0,0.05,0.8,0.0,0.0,1
498,2026-04-22T14:53:57.889Z,S20260422_155325,SC01,AUTO,,32.0997,0.0637,start,0,1500,VIDE,0.0,0.0,0.0,0.0,0.0,0.0,0,0,0.0,0.0,0.0,0.0,0.0,0.0,2.0,1.0,0.05,0.8,0.0,0.0,1
499,2026-04-22T14:53:57.949Z,S20260422_155325,SC01,AUTO,,32.1596,0.0599,start,0,1500,VIDE,0.0,0.0,0.0,0.0,0.0,0.0,0,0,0.0,0.0,0.0,0.0,0.0,0.0,2.0,1.0,0.05,0.8,0.0,0.0,1
500,2026-04-22T14:53:58.017Z,S20260422_155325,SC01,AUTO,,32.2273,0.0677,start,0,1500,VIDE,0.0,0.0,0.0,0.0,0.0,0.0,0,0,0.0,0.0,0.0,0.0,0.0,0.0,2.0,1.0,0.05,0.8,0.0,0.0,1
501,2026-04-22T14:53:58.080Z,S20260422_155325,SC01,AUTO,,32.2906,0.0633,start,0,1500,VIDE,0.0,0.0,0.0,0.0,0.0,0.0,0,0,0.0,0.0,0.0,0.0,0.0,0.0,2.0,1.0,0.05,0.8,0.0,0.0,1
502,2026-04-22T14:53:58.144Z,S20260422_155325,SC01,AUTO,,32.354,0.0634,start,0,1500,VIDE,0.0,0.0,0.0,0.0,0.0,0.0,0,0,0.0,0.0,0.0,0.0,0.0,0.0,2.0,1.0,0.05,0.8,0.0,0.0,1
503,2026-04-22T14:53:58.193Z,S20260422_155325,SC01,AUTO,,32.4034,0.0494,start,0,1500,VIDE,0.0,0.0,0.0,0.0,0.0,0.0,0,0,0.0,0.0,0.0,0.0,0.0,0.0,2.0,1.0,0.05,0.8,0.0,0.0,1
504,2026-04-22T14:53:58.256Z,S20260422_155325,SC01,AUTO,,32.4668,0.0634,start,0,1500,VIDE,0.0,0.0,0.0,0.0,0.0,0.0,0,0,0.0,0.0,0.0,0.0,0.0,0.0,2.0,1.0,0.05,0.8,0.0,0.0,1
505,2026-04-22T14:53:58.320Z,S20260422_155325,SC01,AUTO,,32.5306,0.0639,start,0,1500,VIDE,0.0,0.0,0.0,0.0,0.0,0.0,0,0,0.0,0.0,0.0,0.0,0.0,0.0,2.0,1.0,0.05,0.8,0.0,0.0,1
506,2026-04-22T14:53:58.386Z,S20260422_155325,SC01,AUTO,,32.596,0.0654,start,0,1500,VIDE,0.0,0.0,0.0,0.0,0.0,0.0,0,0,0.0,0.0,0.0,0.0,0.0,0.0,2.0,1.0,0.05,0.8,0.0,0.0,1
507,2026-04-22T14:53:58.448Z,S20260422_155325,SC01,AUTO,,32.6588,0.0628,start,0,1500,VIDE,0.0,0.0,0.0,0.0,0.0,0.0,0,0,0.0,0.0,0.0,0.0,0.0,0.0,2.0,1.0,0.05,0.8,0.0,0.0,1
508,2026-04-22T14:53:58.512Z,S20260422_155325,SC01,AUTO,,32.7228,0.0639,start,0,1500,VIDE,0.0,0.0,0.0,0.0,0.0,0.0,0,0,0.0,0.0,0.0,0.0,0.0,0.0,2.0,1.0,0.05,0.8,0.0,0.0,1
509,2026-04-22T14:53:58.577Z,S20260422_155325,SC01,AUTO,,32.7874,0.0647,start,0,1500,VIDE,0.0,0.0,0.0,0.0,0.0,0.0,0,0,0.0,0.0,0.0,0.0,0.0,0.0,2.0,1.0,0.05,0.8,0.0,0.0,1
510,2026-04-22T14:53:58.642Z,S20260422_155325,SC01,AUTO,,32.852,0.0645,start,0,1500,VIDE,0.0,0.0,0.0,0.0,0.0,0.0,0,0,0.0,0.0,0.0,0.0,0.0,0.0,2.0,1.0,0.05,0.8,0.0,0.0,1
511,2026-04-22T14:53:58.704Z,S20260422_155325,SC01,AUTO,,32.9146,0.0626,start,0,1500,VIDE,0.0,0.0,0.0,0.0,0.0,0.0,0,0,0.0,0.0,0.0,0.0,0.0,0.0,2.0,1.0,0.05,0.8,0.0,0.0,1
512,2026-04-22T14:53:58.767Z,S20260422_155325,SC01,AUTO,,32.977,0.0624,start,0,1500,VIDE,0.0,0.0,0.0,0.0,0.0,0.0,0,0,0.0,0.0,0.0,0.0,0.0,0.0,2.0,1.0,0.05,0.8,0.0,0.0,1
513,2026-04-22T14:53:58.823Z,S20260422_155325,SC01,AUTO,,33.0337,0.0567,start,0,1500,VIDE,0.0,0.0,0.0,0.0,0.0,0.0,0,0,0.0,0.0,0.0,0.0,0.0,0.0,2.0,1.0,0.05,0.8,0.0,0.0,1
514,2026-04-22T14:53:58.881Z,S20260422_155325,SC01,AUTO,,33.0917,0.058,start,0,1500,VIDE,0.0,0.0,0.0,0.0,0.0,0.0,0,0,0.0,0.0,0.0,0.0,0.0,0.0,2.0,1.0,0.05,0.8,0.0,0.0,1
515,2026-04-22T14:53:58.945Z,S20260422_155325,SC01,AUTO,,33.155,0.0632,start,0,1500,VIDE,0.0,0.0,0.0,0.0,0.0,0.0,0,0,0.0,0.0,0.0,0.0,0.0,0.0,2.0,1.0,0.05,0.8,0.0,0.0,1
516,2026-04-22T14:53:59.010Z,S20260422_155325,SC01,AUTO,,33.22,0.065,start,0,1500,VIDE,0.0,0.0,0.0,0.0,0.0,0.0,0,0,0.0,0.0,0.0,0.0,0.0,0.0,2.0,1.0,0.05,0.8,0.0,0.0,1
517,2026-04-22T14:53:59.073Z,S20260422_155325,SC01,AUTO,,33.2836,0.0637,start,0,1500,VIDE,0.0,0.0,0.0,0.0,0.0,0.0,0,0,0.0,0.0,0.0,0.0,0.0,0.0,2.0,1.0,0.05,0.8,0.0,0.0,1
518,2026-04-22T14:53:59.137Z,S20260422_155325,SC01,AUTO,,33.3475,0.0639,start,0,1500,VIDE,0.0,0.0,0.0,0.0,0.0,0.0,0,0,0.0,0.0,0.0,0.0,0.0,0.0,2.0,1.0,0.05,0.8,0.0,0.0,1
519,2026-04-22T14:53:59.201Z,S20260422_155325,SC01,AUTO,,33.4114,0.0639,start,0,1500,VIDE,0.0,0.0,0.0,0.0,0.0,0.0,0,0,0.0,0.0,0.0,0.0,0.0,0.0,2.0,1.0,0.05,0.8,0.0,0.0,1
520,2026-04-22T14:53:59.265Z,S20260422_155325,SC01,AUTO,,33.4753,0.0639,start,0,1500,VIDE,0.0,0.0,0.0,0.0,0.0,0.0,0,0,0.0,0.0,0.0,0.0,0.0,0.0,2.0,1.0,0.05,0.8,0.0,0.0,1
521,2026-04-22T14:53:59.328Z,S20260422_155325,SC01,AUTO,,33.5384,0.0631,start,0,1500,VIDE,0.0,0.0,0.0,0.0,0.0,0.0,0,0,0.0,0.0,0.0,0.0,0.0,0.0,2.0,1.0,0.05,0.8,0.0,0.0,1
522,2026-04-22T14:53:59.391Z,S20260422_155325,SC01,AUTO,,33.6011,0.0627,start,0,1500,VIDE,0.0,0.0,0.0,0.0,0.0,0.0,0,0,0.0,0.0,0.0,0.0,0.0,0.0,2.0,1.0,0.05,0.8,0.0,0.0,1
523,2026-04-22T14:53:59.453Z,S20260422_155325,SC01,AUTO,,33.663,0.0618,start,0,1500,VIDE,0.0,0.0,0.0,0.0,0.0,0.0,0,0,0.0,0.0,0.0,0.0,0.0,0.0,2.0,1.0,0.05,0.8,0.0,0.0,1
524,2026-04-22T14:53:59.514Z,S20260422_155325,SC01,AUTO,,33.7241,0.0611,start,0,1500,VIDE,0.0,0.0,0.0,0.0,0.0,0.0,0,0,0.0,0.0,0.0,0.0,0.0,0.0,2.0,1.0,0.05,0.8,0.0,0.0,1
525,2026-04-22T14:53:59.569Z,S20260422_155325,SC01,AUTO,,33.7794,0.0554,start,0,1500,VIDE,0.0,0.0,0.0,0.0,0.0,0.0,0,0,0.0,0.0,0.0,0.0,0.0,0.0,2.0,1.0,0.05,0.8,0.0,0.0,1
526,2026-04-22T14:53:59.633Z,S20260422_155325,SC01,AUTO,,33.8439,0.0644,start,0,1500,VIDE,0.0,0.0,0.0,0.0,0.0,0.0,0,0,0.0,0.0,0.0,0.0,0.0,0.0,2.0,1.0,0.05,0.8,0.0,0.0,1
527,2026-04-22T14:53:59.697Z,S20260422_155325,SC01,AUTO,,33.9074,0.0636,start,0,1500,VIDE,0.0,0.0,0.0,0.0,0.0,0.0,0,0,0.0,0.0,0.0,0.0,0.0,0.0,2.0,1.0,0.05,0.8,0.0,0.0,1
528,2026-04-22T14:53:59.760Z,S20260422_155325,SC01,AUTO,,33.9704,0.0629,start,0,1500,VIDE,0.0,0.0,0.0,0.0,0.0,0.0,0,0,0.0,0.0,0.0,0.0,0.0,0.0,2.0,1.0,0.05,0.8,0.0,0.0,1
529,2026-04-22T14:53:59.823Z,S20260422_155325,SC01,AUTO,,34.0337,0.0634,start,0,1500,VIDE,0.0,0.0,0.0,0.0,0.0,0.0,0,0,0.0,0.0,0.0,0.0,0.0,0.0,2.0,1.0,0.05,0.8,0.0,0.0,1
530,2026-04-22T14:53:59.886Z,S20260422_155325,SC01,AUTO,,34.0963,0.0626,start,0,1500,VIDE,0.0,0.0,0.0,0.0,0.0,0.0,0,0,0.0,0.0,0.0,0.0,0.0,0.0,2.0,1.0,0.05,0.8,0.0,0.0,1
531,2026-04-22T14:53:59.948Z,S20260422_155325,SC01,AUTO,,34.1581,0.0618,start,0,1500,VIDE,0.0,0.0,0.0,0.0,0.0,0.0,0,0,0.0,0.0,0.0,0.0,0.0,0.0,2.0,1.0,0.05,0.8,0.0,0.0,1
532,2026-04-22T14:54:00.010Z,S20260422_155325,SC01,AUTO,,34.2208,0.0626,start,0,1500,VIDE,0.0,0.0,0.0,0.0,0.0,0.0,0,0,0.0,0.0,0.0,0.0,0.0,0.0,2.0,1.0,0.05,0.8,0.0,0.0,1
533,2026-04-22T14:54:00.073Z,S20260422_155325,SC01,AUTO,,34.2831,0.0624,start,0,1500,VIDE,0.0,0.0,0.0,0.0,0.0,0.0,0,0,0.0,0.0,0.0,0.0,0.0,0.0,2.0,1.0,0.05,0.8,0.0,0.0,1
534,2026-04-22T14:54:00.135Z,S20260422_155325,SC01,AUTO,,34.3459,0.0628,start,0,1500,VIDE,0.0,0.0,0.0,0.0,0.0,0.0,0,0,0.0,0.0,0.0,0.0,0.0,0.0,2.0,1.0,0.05,0.8,0.0,0.0,1
535,2026-04-22T14:54:00.193Z,S20260422_155325,SC01,AUTO,,34.403,0.0571,start,0,1500,VIDE,0.0,0.0,0.0,0.0,0.0,0.0,0,0,0.0,0.0,0.0,0.0,0.0,0.0,2.0,1.0,0.05,0.8,0.0,0.0,1
536,2026-04-22T14:54:00.257Z,S20260422_155325,SC01,AUTO,,34.4674,0.0645,start,0,1500,VIDE,0.0,0.0,0.0,0.0,0.0,0.0,0,0,0.0,0.0,0.0,0.0,0.0,0.0,2.0,1.0,0.05,0.8,0.0,0.0,1
537,2026-04-22T14:54:00.321Z,S20260422_155325,SC01,AUTO,,34.5311,0.0636,start,0,1500,VIDE,0.0,0.0,0.0,0.0,0.0,0.0,0,0,0.0,0.0,0.0,0.0,0.0,0.0,2.0,1.0,0.05,0.8,0.0,0.0,1
538,2026-04-22T14:54:00.383Z,S20260422_155325,SC01,AUTO,,34.5934,0.0623,start,0,1500,VIDE,0.0,0.0,0.0,0.0,0.0,0.0,0,0,0.0,0.0,0.0,0.0,0.0,0.0,2.0,1.0,0.05,0.8,0.0,0.0,1
539,2026-04-22T14:54:00.445Z,S20260422_155325,SC01,AUTO,,34.6559,0.0625,start,0,1500,VIDE,0.0,0.0,0.0,0.0,0.0,0.0,0,0,0.0,0.0,0.0,0.0,0.0,0.0,2.0,1.0,0.05,0.8,0.0,0.0,1
540,2026-04-22T14:54:00.507Z,S20260422_155325,SC01,AUTO,,34.7178,0.0619,start,0,1500,VIDE,0.0,0.0,0.0,0.0,0.0,0.0,0,0,0.0,0.0,0.0,0.0,0.0,0.0,2.0,1.0,0.05,0.8,0.0,0.0,1
541,2026-04-22T14:54:00.569Z,S20260422_155325,SC01,AUTO,,34.7794,0.0616,start,0,1500,VIDE,0.0,0.0,0.0,0.0,0.0,0.0,0,0,0.0,0.0,0.0,0.0,0.0,0.0,2.0,1.0,0.05,0.8,0.0,0.0,1
542,2026-04-22T14:54:00.631Z,S20260422_155325,SC01,AUTO,,34.8418,0.0624,start,0,1500,VIDE,0.0,0.0,0.0,0.0,0.0,0.0,0,0,0.0,0.0,0.0,0.0,0.0,0.0,2.0,1.0,0.05,0.8,0.0,0.0,1
543,2026-04-22T14:54:00.705Z,S20260422_155325,SC01,AUTO,,34.9153,0.0735,start,0,1500,VIDE,0.0,0.0,0.0,0.0,0.0,0.0,0,0,0.0,0.0,0.0,0.0,0.0,0.0,2.0,1.0,0.05,0.8,0.0,0.0,1
544,2026-04-22T14:54:00.768Z,S20260422_155325,SC01,AUTO,,34.9789,0.0636,start,0,1500,VIDE,0.0,0.0,0.0,0.0,0.0,0.0,0,0,0.0,0.0,0.0,0.0,0.0,0.0,2.0,1.0,0.05,0.8,0.0,0.0,1
545,2026-04-22T14:54:00.833Z,S20260422_155325,SC01,AUTO,,35.0432,0.0643,start,0,1500,VIDE,0.0,0.0,0.0,0.0,0.0,0.0,0,0,0.0,0.0,0.0,0.0,0.0,0.0,2.0,1.0,0.05,0.8,0.0,0.0,1
546,2026-04-22T14:54:00.882Z,S20260422_155325,SC01,AUTO,,35.092,0.0488,start,0,1500,VIDE,0.0,0.0,0.0,0.0,0.0,0.0,0,0,0.0,0.0,0.0,0.0,0.0,0.0,2.0,1.0,0.05,0.8,0.0,0.0,1
547,2026-04-22T14:54:00.944Z,S20260422_155325,SC01,AUTO,,35.1546,0.0626,start,0,1500,VIDE,0.0,0.0,0.0,0.0,0.0,0.0,0,0,0.0,0.0,0.0,0.0,0.0,0.0,2.0,1.0,0.05,0.8,0.0,0.0,1
548,2026-04-22T14:54:01.009Z,S20260422_155325,SC01,AUTO,,35.2193,0.0647,start,0,1500,VIDE,0.0,0.0,0.0,0.0,0.0,0.0,0,0,0.0,0.0,0.0,0.0,0.0,0.0,2.0,1.0,0.05,0.8,0.0,0.0,1
549,2026-04-22T14:54:01.068Z,S20260422_155325,SC01,AUTO,,35.2788,0.0595,start,0,1500,VIDE,0.0,0.0,0.0,0.0,0.0,0.0,0,0,0.0,0.0,0.0,0.0,0.0,0.0,2.0,1.0,0.05,0.8,0.0,0.0,1
550,2026-04-22T14:54:01.131Z,S20260422_155325,SC01,AUTO,,35.3414,0.0626,start,0,1500,VIDE,0.0,0.0,0.0,0.0,0.0,0.0,0,0,0.0,0.0,0.0,0.0,0.0,0.0,2.0,1.0,0.05,0.8,0.0,0.0,1
551,2026-04-22T14:54:01.193Z,S20260422_155325,SC01,AUTO,,35.4039,0.0625,start,0,1500,VIDE,0.0,0.0,0.0,0.0,0.0,0.0,0,0,0.0,0.0,0.0,0.0,0.0,0.0,2.0,1.0,0.05,0.8,0.0,0.0,1
552,2026-04-22T14:54:01.256Z,S20260422_155325,SC01,AUTO,,35.4664,0.0625,start,0,1500,VIDE,0.0,0.0,0.0,0.0,0.0,0.0,0,0,0.0,0.0,0.0,0.0,0.0,0.0,2.0,1.0,0.05,0.8,0.0,0.0,1
553,2026-04-22T14:54:01.329Z,S20260422_155325,SC01,AUTO,,35.5393,0.0729,start,0,1500,VIDE,0.0,0.0,0.0,0.0,0.0,0.0,0,0,0.0,0.0,0.0,0.0,0.0,0.0,2.0,1.0,0.05,0.8,0.0,0.0,1
554,2026-04-22T14:54:01.393Z,S20260422_155325,SC01,AUTO,,35.603,0.0636,start,0,1500,VIDE,0.0,0.0,0.0,0.0,0.0,0.0,0,0,0.0,0.0,0.0,0.0,0.0,0.0,2.0,1.0,0.05,0.8,0.0,0.0,1
555,2026-04-22T14:54:01.456Z,S20260422_155325,SC01,AUTO,,35.6667,0.0638,start,0,1500,VIDE,0.0,0.0,0.0,0.0,0.0,0.0,0,0,0.0,0.0,0.0,0.0,0.0,0.0,2.0,1.0,0.05,0.8,0.0,0.0,1
556,2026-04-22T14:54:01.519Z,S20260422_155325,SC01,AUTO,,35.7299,0.0632,start,0,1500,VIDE,0.0,0.0,0.0,0.0,0.0,0.0,0,0,0.0,0.0,0.0,0.0,0.0,0.0,2.0,1.0,0.05,0.8,0.0,0.0,1
557,2026-04-22T14:54:01.569Z,S20260422_155325,SC01,AUTO,,35.7794,0.0495,start,0,1500,VIDE,0.0,0.0,0.0,0.0,0.0,0.0,0,0,0.0,0.0,0.0,0.0,0.0,0.0,2.0,1.0,0.05,0.8,0.0,0.0,1
558,2026-04-22T14:54:01.633Z,S20260422_155325,SC01,AUTO,,35.8431,0.0637,start,0,1500,VIDE,0.0,0.0,0.0,0.0,0.0,0.0,0,0,0.0,0.0,0.0,0.0,0.0,0.0,2.0,1.0,0.05,0.8,0.0,0.0,1
559,2026-04-22T14:54:01.697Z,S20260422_155325,SC01,AUTO,,35.9071,0.064,start,0,1500,VIDE,0.0,0.0,0.0,0.0,0.0,0.0,0,0,0.0,0.0,0.0,0.0,0.0,0.0,2.0,1.0,0.05,0.8,0.0,0.0,1
560,2026-04-22T14:54:01.760Z,S20260422_155325,SC01,AUTO,,35.9707,0.0636,start,0,1500,VIDE,0.0,0.0,0.0,0.0,0.0,0.0,0,0,0.0,0.0,0.0,0.0,0.0,0.0,2.0,1.0,0.05,0.8,0.0,0.0,1
561,2026-04-22T14:54:01.825Z,S20260422_155325,SC01,AUTO,,36.0356,0.065,start,0,1500,VIDE,0.0,0.0,0.0,0.0,0.0,0.0,0,0,0.0,0.0,0.0,0.0,0.0,0.0,2.0,1.0,0.05,0.8,0.0,0.0,1
562,2026-04-22T14:54:01.889Z,S20260422_155325,SC01,AUTO,,36.0995,0.0638,start,0,1500,VIDE,0.0,0.0,0.0,0.0,0.0,0.0,0,0,0.0,0.0,0.0,0.0,0.0,0.0,2.0,1.0,0.05,0.8,0.0,0.0,1
563,2026-04-22T14:54:01.947Z,S20260422_155325,SC01,AUTO,,36.1579,0.0585,start,0,1500,VIDE,0.0,0.0,0.0,0.0,0.0,0.0,0,0,0.0,0.0,0.0,0.0,0.0,0.0,2.0,1.0,0.05,0.8,0.0,0.0,1
564,2026-04-22T14:54:02.016Z,S20260422_155325,SC01,AUTO,,36.2267,0.0688,start,0,1500,VIDE,0.0,0.0,0.0,0.0,0.0,0.0,0,0,0.0,0.0,0.0,0.0,0.0,0.0,2.0,1.0,0.05,0.8,0.0,0.0,1
565,2026-04-22T14:54:02.081Z,S20260422_155325,SC01,AUTO,,36.2916,0.0649,start,0,1500,VIDE,0.0,0.0,0.0,0.0,0.0,0.0,0,0,0.0,0.0,0.0,0.0,0.0,0.0,2.0,1.0,0.05,0.8,0.0,0.0,1
566,2026-04-22T14:54:02.142Z,S20260422_155325,SC01,AUTO,,36.3529,0.0613,start,0,1500,VIDE,0.0,0.0,0.0,0.0,0.0,0.0,0,0,0.0,0.0,0.0,0.0,0.0,0.0,2.0,1.0,0.05,0.8,0.0,0.0,1
567,2026-04-22T14:54:02.193Z,S20260422_155325,SC01,AUTO,,36.4034,0.0506,start,0,1500,VIDE,0.0,0.0,0.0,0.0,0.0,0.0,0,0,0.0,0.0,0.0,0.0,0.0,0.0,2.0,1.0,0.05,0.8,0.0,0.0,1
568,2026-04-22T14:54:02.256Z,S20260422_155325,SC01,AUTO,,36.4669,0.0634,start,0,1500,VIDE,0.0,0.0,0.0,0.0,0.0,0.0,0,0,0.0,0.0,0.0,0.0,0.0,0.0,2.0,1.0,0.05,0.8,0.0,0.0,1
569,2026-04-22T14:54:02.321Z,S20260422_155325,SC01,AUTO,,36.5314,0.0646,start,0,1500,VIDE,0.0,0.0,0.0,0.0,0.0,0.0,0,0,0.0,0.0,0.0,0.0,0.0,0.0,2.0,1.0,0.05,0.8,0.0,0.0,1
570,2026-04-22T14:54:02.385Z,S20260422_155325,SC01,AUTO,,36.5957,0.0642,start,0,1500,VIDE,0.0,0.0,0.0,0.0,0.0,0.0,0,0,0.0,0.0,0.0,0.0,0.0,0.0,2.0,1.0,0.05,0.8,0.0,0.0,1
571,2026-04-22T14:54:02.449Z,S20260422_155325,SC01,AUTO,,36.6593,0.0636,start,0,1500,VIDE,0.0,0.0,0.0,0.0,0.0,0.0,0,0,0.0,0.0,0.0,0.0,0.0,0.0,2.0,1.0,0.05,0.8,0.0,0.0,1
572,2026-04-22T14:54:02.513Z,S20260422_155325,SC01,AUTO,,36.7231,0.0638,start,0,1500,VIDE,0.0,0.0,0.0,0.0,0.0,0.0,0,0,0.0,0.0,0.0,0.0,0.0,0.0,2.0,1.0,0.05,0.8,0.0,0.0,1
573,2026-04-22T14:54:02.576Z,S20260422_155325,SC01,AUTO,,36.7866,0.0636,start,0,1500,VIDE,0.0,0.0,0.0,0.0,0.0,0.0,0,0,0.0,0.0,0.0,0.0,0.0,0.0,2.0,1.0,0.05,0.8,0.0,0.0,1
574,2026-04-22T14:54:02.640Z,S20260422_155325,SC01,AUTO,,36.8509,0.0642,start,0,1500,VIDE,0.0,0.0,0.0,0.0,0.0,0.0,0,0,0.0,0.0,0.0,0.0,0.0,0.0,2.0,1.0,0.05,0.8,0.0,0.0,1
575,2026-04-22T14:54:02.701Z,S20260422_155325,SC01,AUTO,,36.9119,0.061,start,0,1500,VIDE,0.0,0.0,0.0,0.0,0.0,0.0,0,0,0.0,0.0,0.0,0.0,0.0,0.0,2.0,1.0,0.05,0.8,0.0,0.0,1
576,2026-04-22T14:54:02.764Z,S20260422_155325,SC01,AUTO,,36.9744,0.0625,start,0,1500,VIDE,0.0,0.0,0.0,0.0,0.0,0.0,0,0,0.0,0.0,0.0,0.0,0.0,0.0,2.0,1.0,0.05,0.8,0.0,0.0,1
577,2026-04-22T14:54:02.827Z,S20260422_155325,SC01,AUTO,,37.0374,0.063,start,0,1500,VIDE,0.0,0.0,0.0,0.0,0.0,0.0,0,0,0.0,0.0,0.0,0.0,0.0,0.0,2.0,1.0,0.05,0.8,0.0,0.0,1
578,2026-04-22T14:54:02.881Z,S20260422_155325,SC01,AUTO,,37.091,0.0536,start,0,1500,VIDE,0.0,0.0,0.0,0.0,0.0,0.0,0,0,0.0,0.0,0.0,0.0,0.0,0.0,2.0,1.0,0.05,0.8,0.0,0.0,1
579,2026-04-22T14:54:02.945Z,S20260422_155325,SC01,AUTO,,37.155,0.064,start,0,1500,VIDE,0.0,0.0,0.0,0.0,0.0,0.0,0,0,0.0,0.0,0.0,0.0,0.0,0.0,2.0,1.0,0.05,0.8,0.0,0.0,1
580,2026-04-22T14:54:03.008Z,S20260422_155325,SC01,AUTO,,37.2188,0.0638,start,0,1500,VIDE,0.0,0.0,0.0,0.0,0.0,0.0,0,0,0.0,0.0,0.0,0.0,0.0,0.0,2.0,1.0,0.05,0.8,0.0,0.0,1
581,2026-04-22T14:54:03.072Z,S20260422_155325,SC01,AUTO,,37.2828,0.064,start,0,1500,VIDE,0.0,0.0,0.0,0.0,0.0,0.0,0,0,0.0,0.0,0.0,0.0,0.0,0.0,2.0,1.0,0.05,0.8,0.0,0.0,1
582,2026-04-22T14:54:03.136Z,S20260422_155325,SC01,AUTO,,37.346,0.0632,start,0,1500,VIDE,0.0,0.0,0.0,0.0,0.0,0.0,0,0,0.0,0.0,0.0,0.0,0.0,0.0,2.0,1.0,0.05,0.8,0.0,0.0,1
583,2026-04-22T14:54:03.199Z,S20260422_155325,SC01,AUTO,,37.4092,0.0632,start,0,1500,VIDE,0.0,0.0,0.0,0.0,0.0,0.0,0,0,0.0,0.0,0.0,0.0,0.0,0.0,2.0,1.0,0.05,0.8,0.0,0.0,1
584,2026-04-22T14:54:03.259Z,S20260422_155325,SC01,AUTO,,37.4692,0.06,start,0,1500,VIDE,0.0,0.0,0.0,0.0,0.0,0.0,0,0,0.0,0.0,0.0,0.0,0.0,0.0,2.0,1.0,0.05,0.8,0.0,0.0,1
585,2026-04-22T14:54:03.322Z,S20260422_155325,SC01,AUTO,,37.5321,0.0629,start,0,1500,VIDE,0.0,0.0,0.0,0.0,0.0,0.0,0,0,0.0,0.0,0.0,0.0,0.0,0.0,2.0,1.0,0.05,0.8,0.0,0.0,1
586,2026-04-22T14:54:03.383Z,S20260422_155325,SC01,AUTO,,37.5936,0.0614,start,0,1500,VIDE,0.0,0.0,0.0,0.0,0.0,0.0,0,0,0.0,0.0,0.0,0.0,0.0,0.0,2.0,1.0,0.05,0.8,0.0,0.0,1
587,2026-04-22T14:54:03.444Z,S20260422_155325,SC01,AUTO,,37.6549,0.0613,start,0,1500,VIDE,0.0,0.0,0.0,0.0,0.0,0.0,0,0,0.0,0.0,0.0,0.0,0.0,0.0,2.0,1.0,0.05,0.8,0.0,0.0,1
588,2026-04-22T14:54:03.506Z,S20260422_155325,SC01,AUTO,,37.7166,0.0617,start,0,1500,VIDE,0.0,0.0,0.0,0.0,0.0,0.0,0,0,0.0,0.0,0.0,0.0,0.0,0.0,2.0,1.0,0.05,0.8,0.0,0.0,1
589,2026-04-22T14:54:03.569Z,S20260422_155325,SC01,AUTO,,37.7792,0.0626,start,0,1500,VIDE,0.0,0.0,0.0,0.0,0.0,0.0,0,0,0.0,0.0,0.0,0.0,0.0,0.0,2.0,1.0,0.05,0.8,0.0,0.0,1
590,2026-04-22T14:54:03.631Z,S20260422_155325,SC01,AUTO,,37.8409,0.0617,start,0,1500,VIDE,0.0,0.0,0.0,0.0,0.0,0.0,0,0,0.0,0.0,0.0,0.0,0.0,0.0,2.0,1.0,0.05,0.8,0.0,0.0,1
591,2026-04-22T14:54:03.693Z,S20260422_155325,SC01,AUTO,,37.9034,0.0625,start,0,1500,VIDE,0.0,0.0,0.0,0.0,0.0,0.0,0,0,0.0,0.0,0.0,0.0,0.0,0.0,2.0,1.0,0.05,0.8,0.0,0.0,1
592,2026-04-22T14:54:03.760Z,S20260422_155325,SC01,AUTO,,37.9706,0.0672,start,0,1500,VIDE,0.0,0.0,0.0,0.0,0.0,0.0,0,0,0.0,0.0,0.0,0.0,0.0,0.0,2.0,1.0,0.05,0.8,0.0,0.0,1
593,2026-04-22T14:54:03.825Z,S20260422_155325,SC01,AUTO,,38.0358,0.0652,start,0,1500,VIDE,0.0,0.0,0.0,0.0,0.0,0.0,0,0,0.0,0.0,0.0,0.0,0.0,0.0,2.0,1.0,0.05,0.8,0.0,0.0,1
594,2026-04-22T14:54:03.889Z,S20260422_155325,SC01,AUTO,,38.0997,0.0639,start,0,1500,VIDE,0.0,0.0,0.0,0.0,0.0,0.0,0,0,0.0,0.0,0.0,0.0,0.0,0.0,2.0,1.0,0.05,0.8,0.0,0.0,1
595,2026-04-22T14:54:03.953Z,S20260422_155325,SC01,AUTO,,38.163,0.0632,start,0,1500,VIDE,0.0,0.0,0.0,0.0,0.0,0.0,0,0,0.0,0.0,0.0,0.0,0.0,0.0,2.0,1.0,0.05,0.8,0.0,0.0,1
596,2026-04-22T14:54:04.016Z,S20260422_155325,SC01,AUTO,,38.226,0.063,start,0,1500,VIDE,0.0,0.0,0.0,0.0,0.0,0.0,0,0,0.0,0.0,0.0,0.0,0.0,0.0,2.0,1.0,0.05,0.8,0.0,0.0,1
597,2026-04-22T14:54:04.077Z,S20260422_155325,SC01,AUTO,,38.2876,0.0616,start,0,1500,VIDE,0.0,0.0,0.0,0.0,0.0,0.0,0,0,0.0,0.0,0.0,0.0,0.0,0.0,2.0,1.0,0.05,0.8,0.0,0.0,1
598,2026-04-22T14:54:04.139Z,S20260422_155325,SC01,AUTO,,38.3496,0.062,start,0,1500,VIDE,0.0,0.0,0.0,0.0,0.0,0.0,0,0,0.0,0.0,0.0,0.0,0.0,0.0,2.0,1.0,0.05,0.8,0.0,0.0,1
599,2026-04-22T14:54:04.200Z,S20260422_155325,SC01,AUTO,,38.4109,0.0612,start,0,1500,VIDE,0.0,0.0,0.0,0.0,0.0,0.0,0,0,0.0,0.0,0.0,0.0,0.0,0.0,2.0,1.0,0.05,0.8,0.0,0.0,1
600,2026-04-22T14:54:04.256Z,S20260422_155325,SC01,AUTO,,38.4669,0.056,start,0,1500,VIDE,0.0,0.0,0.0,0.0,0.0,0.0,0,0,0.0,0.0,0.0,0.0,0.0,0.0,2.0,1.0,0.05,0.8,0.0,0.0,1
601,2026-04-22T14:54:04.320Z,S20260422_155325,SC01,AUTO,,38.5307,0.0638,start,0,1500,VIDE,0.0,0.0,0.0,0.0,0.0,0.0,0,0,0.0,0.0,0.0,0.0,0.0,0.0,2.0,1.0,0.05,0.8,0.0,0.0,1
602,2026-04-22T14:54:04.385Z,S20260422_155325,SC01,AUTO,,38.5958,0.0651,start,0,1500,VIDE,0.0,0.0,0.0,0.0,0.0,0.0,0,0,0.0,0.0,0.0,0.0,0.0,0.0,2.0,1.0,0.05,0.8,0.0,0.0,1
603,2026-04-22T14:54:04.449Z,S20260422_155325,SC01,AUTO,,38.6593,0.0635,start,0,1500,VIDE,0.0,0.0,0.0,0.0,0.0,0.0,0,0,0.0,0.0,0.0,0.0,0.0,0.0,2.0,1.0,0.05,0.8,0.0,0.0,1
604,2026-04-22T14:54:04.512Z,S20260422_155325,SC01,AUTO,,38.722,0.0627,start,0,1500,VIDE,0.0,0.0,0.0,0.0,0.0,0.0,0,0,0.0,0.0,0.0,0.0,0.0,0.0,2.0,1.0,0.05,0.8,0.0,0.0,1
605,2026-04-22T14:54:04.575Z,S20260422_155325,SC01,AUTO,,38.7854,0.0635,start,0,1500,VIDE,0.0,0.0,0.0,0.0,0.0,0.0,0,0,0.0,0.0,0.0,0.0,0.0,0.0,2.0,1.0,0.05,0.8,0.0,0.0,1
606,2026-04-22T14:54:04.638Z,S20260422_155325,SC01,AUTO,,38.8486,0.0632,start,0,1500,VIDE,0.0,0.0,0.0,0.0,0.0,0.0,0,0,0.0,0.0,0.0,0.0,0.0,0.0,2.0,1.0,0.05,0.8,0.0,0.0,1
607,2026-04-22T14:54:04.700Z,S20260422_155325,SC01,AUTO,,38.9101,0.0615,start,0,1500,VIDE,0.0,0.0,0.0,0.0,0.0,0.0,0,0,0.0,0.0,0.0,0.0,0.0,0.0,2.0,1.0,0.05,0.8,0.0,0.0,1
608,2026-04-22T14:54:04.762Z,S20260422_155325,SC01,AUTO,,38.9721,0.062,start,0,1500,VIDE,0.0,0.0,0.0,0.0,0.0,0.0,0,0,0.0,0.0,0.0,0.0,0.0,0.0,2.0,1.0,0.05,0.8,0.0,0.0,1
609,2026-04-22T14:54:04.824Z,S20260422_155325,SC01,AUTO,,39.0347,0.0627,start,0,1500,VIDE,0.0,0.0,0.0,0.0,0.0,0.0,0,0,0.0,0.0,0.0,0.0,0.0,0.0,2.0,1.0,0.05,0.8,0.0,0.0,1
610,2026-04-22T14:54:04.880Z,S20260422_155325,SC01,AUTO,,39.0907,0.0559,start,0,1500,VIDE,0.0,0.0,0.0,0.0,0.0,0.0,0,0,0.0,0.0,0.0,0.0,0.0,0.0,2.0,1.0,0.05,0.8,0.0,0.0,1
611,2026-04-22T14:54:04.945Z,S20260422_155325,SC01,AUTO,,39.1552,0.0645,start,0,1500,VIDE,0.0,0.0,0.0,0.0,0.0,0.0,0,0,0.0,0.0,0.0,0.0,0.0,0.0,2.0,1.0,0.05,0.8,0.0,0.0,1
612,2026-04-22T14:54:05.009Z,S20260422_155325,SC01,AUTO,,39.2195,0.0643,start,0,1500,VIDE,0.0,0.0,0.0,0.0,0.0,0.0,0,0,0.0,0.0,0.0,0.0,0.0,0.0,2.0,1.0,0.05,0.8,0.0,0.0,1
613,2026-04-22T14:54:05.070Z,S20260422_155325,SC01,AUTO,,39.2805,0.0609,start,0,1500,VIDE,0.0,0.0,0.0,0.0,0.0,0.0,0,0,0.0,0.0,0.0,0.0,0.0,0.0,2.0,1.0,0.05,0.8,0.0,0.0,1
614,2026-04-22T14:54:05.133Z,S20260422_155325,SC01,AUTO,,39.3432,0.0628,start,0,1500,VIDE,0.0,0.0,0.0,0.0,0.0,0.0,0,0,0.0,0.0,0.0,0.0,0.0,0.0,2.0,1.0,0.05,0.8,0.0,0.0,1
615,2026-04-22T14:54:05.194Z,S20260422_155325,SC01,AUTO,,39.4047,0.0614,start,0,1500,VIDE,0.0,0.0,0.0,0.0,0.0,0.0,0,0,0.0,0.0,0.0,0.0,0.0,0.0,2.0,1.0,0.05,0.8,0.0,0.0,1
616,2026-04-22T14:54:05.257Z,S20260422_155325,SC01,AUTO,,39.4675,0.0629,start,0,1500,VIDE,0.0,0.0,0.0,0.0,0.0,0.0,0,0,0.0,0.0,0.0,0.0,0.0,0.0,2.0,1.0,0.05,0.8,0.0,0.0,1
617,2026-04-22T14:54:05.320Z,S20260422_155325,SC01,AUTO,,39.53,0.0625,start,0,1500,VIDE,0.0,0.0,0.0,0.0,0.0,0.0,0,0,0.0,0.0,0.0,0.0,0.0,0.0,2.0,1.0,0.05,0.8,0.0,0.0,1
618,2026-04-22T14:54:05.382Z,S20260422_155325,SC01,AUTO,,39.5925,0.0625,start,0,1500,VIDE,0.0,0.0,0.0,0.0,0.0,0.0,0,0,0.0,0.0,0.0,0.0,0.0,0.0,2.0,1.0,0.05,0.8,0.0,0.0,1
619,2026-04-22T14:54:05.444Z,S20260422_155325,SC01,AUTO,,39.6544,0.0619,start,0,1500,VIDE,0.0,0.0,0.0,0.0,0.0,0.0,0,0,0.0,0.0,0.0,0.0,0.0,0.0,2.0,1.0,0.05,0.8,0.0,0.0,1
620,2026-04-22T14:54:05.507Z,S20260422_155325,SC01,AUTO,,39.7172,0.0627,start,0,1500,VIDE,0.0,0.0,0.0,0.0,0.0,0.0,0,0,0.0,0.0,0.0,0.0,0.0,0.0,2.0,1.0,0.05,0.8,0.0,0.0,1
621,2026-04-22T14:54:05.568Z,S20260422_155325,SC01,AUTO,,39.7788,0.0616,start,0,1500,VIDE,0.0,0.0,0.0,0.0,0.0,0.0,0,0,0.0,0.0,0.0,0.0,0.0,0.0,2.0,1.0,0.05,0.8,0.0,0.0,1
622,2026-04-22T14:54:05.630Z,S20260422_155325,SC01,AUTO,,39.8409,0.062,start,0,1500,VIDE,0.0,0.0,0.0,0.0,0.0,0.0,0,0,0.0,0.0,0.0,0.0,0.0,0.0,2.0,1.0,0.05,0.8,0.0,0.0,1
623,2026-04-22T14:54:05.693Z,S20260422_155325,SC01,AUTO,,39.9036,0.0627,start,0,1500,VIDE,0.0,0.0,0.0,0.0,0.0,0.0,0,0,0.0,0.0,0.0,0.0,0.0,0.0,2.0,1.0,0.05,0.8,0.0,0.0,1
624,2026-04-22T14:54:05.757Z,S20260422_155325,SC01,AUTO,,39.9669,0.0633,start,0,1500,VIDE,0.0,0.0,0.0,0.0,0.0,0.0,0,0,0.0,0.0,0.0,0.0,0.0,0.0,2.0,1.0,0.05,0.8,0.0,0.0,1
625,2026-04-22T14:54:05.825Z,S20260422_155325,SC01,AUTO,,40.0353,0.0684,start,0,1500,VIDE,0.0,0.0,0.0,0.0,0.0,0.0,0,0,0.0,0.0,0.0,0.0,0.0,0.0,2.0,1.0,0.05,0.8,0.0,0.0,1
626,2026-04-22T14:54:05.889Z,S20260422_155325,SC01,AUTO,,40.0991,0.0638,start,0,1500,VIDE,0.0,0.0,0.0,0.0,0.0,0.0,0,0,0.0,0.0,0.0,0.0,0.0,0.0,2.0,1.0,0.05,0.8,0.0,0.0,1
627,2026-04-22T14:54:05.952Z,S20260422_155325,SC01,AUTO,,40.1627,0.0635,start,0,1500,VIDE,0.0,0.0,0.0,0.0,0.0,0.0,0,0,0.0,0.0,0.0,0.0,0.0,0.0,2.0,1.0,0.05,0.8,0.0,0.0,1
628,2026-04-22T14:54:06.017Z,S20260422_155325,SC01,AUTO,,40.2276,0.065,start,0,1500,VIDE,0.0,0.0,0.0,0.0,0.0,0.0,0,0,0.0,0.0,0.0,0.0,0.0,0.0,2.0,1.0,0.05,0.8,0.0,0.0,1
629,2026-04-22T14:54:06.081Z,S20260422_155325,SC01,AUTO,,40.2916,0.0639,start,0,1500,VIDE,0.0,0.0,0.0,0.0,0.0,0.0,0,0,0.0,0.0,0.0,0.0,0.0,0.0,2.0,1.0,0.05,0.8,0.0,0.0,1
630,2026-04-22T14:54:06.144Z,S20260422_155325,SC01,AUTO,,40.3545,0.063,start,0,1500,VIDE,0.0,0.0,0.0,0.0,0.0,0.0,0,0,0.0,0.0,0.0,0.0,0.0,0.0,2.0,1.0,0.05,0.8,0.0,0.0,1
631,2026-04-22T14:54:06.205Z,S20260422_155325,SC01,AUTO,,40.4158,0.0612,start,0,1500,VIDE,0.0,0.0,0.0,0.0,0.0,0.0,0,0,0.0,0.0,0.0,0.0,0.0,0.0,2.0,1.0,0.05,0.8,0.0,0.0,1
632,2026-04-22T14:54:06.256Z,S20260422_155325,SC01,AUTO,,40.4667,0.0509,start,0,1500,VIDE,0.0,0.0,0.0,0.0,0.0,0.0,0,0,0.0,0.0,0.0,0.0,0.0,0.0,2.0,1.0,0.05,0.8,0.0,0.0,1
633,2026-04-22T14:54:06.321Z,S20260422_155325,SC01,AUTO,,40.5312,0.0645,start,0,1500,VIDE,0.0,0.0,0.0,0.0,0.0,0.0,0,0,0.0,0.0,0.0,0.0,0.0,0.0,2.0,1.0,0.05,0.8,0.0,0.0,1
634,2026-04-22T14:54:06.385Z,S20260422_155325,SC01,AUTO,,40.5957,0.0645,start,0,1500,VIDE,0.0,0.0,0.0,0.0,0.0,0.0,0,0,0.0,0.0,0.0,0.0,0.0,0.0,2.0,1.0,0.05,0.8,0.0,0.0,1
635,2026-04-22T14:54:06.448Z,S20260422_155325,SC01,AUTO,,40.6582,0.0625,start,0,1500,VIDE,0.0,0.0,0.0,0.0,0.0,0.0,0,0,0.0,0.0,0.0,0.0,0.0,0.0,2.0,1.0,0.05,0.8,0.0,0.0,1
636,2026-04-22T14:54:06.510Z,S20260422_155325,SC01,AUTO,,40.7203,0.0621,start,0,1500,VIDE,0.0,0.0,0.0,0.0,0.0,0.0,0,0,0.0,0.0,0.0,0.0,0.0,0.0,2.0,1.0,0.05,0.8,0.0,0.0,1
637,2026-04-22T14:54:06.576Z,S20260422_155325,SC01,AUTO,,40.7869,0.0666,start,0,1500,VIDE,0.0,0.0,0.0,0.0,0.0,0.0,0,0,0.0,0.0,0.0,0.0,0.0,0.0,2.0,1.0,0.05,0.8,0.0,0.0,1
638,2026-04-22T14:54:06.640Z,S20260422_155325,SC01,AUTO,,40.8509,0.064,start,0,1500,VIDE,0.0,0.0,0.0,0.0,0.0,0.0,0,0,0.0,0.0,0.0,0.0,0.0,0.0,2.0,1.0,0.05,0.8,0.0,0.0,1
639,2026-04-22T14:54:06.705Z,S20260422_155325,SC01,AUTO,,40.9151,0.0642,start,0,1500,VIDE,0.0,0.0,0.0,0.0,0.0,0.0,0,0,0.0,0.0,0.0,0.0,0.0,0.0,2.0,1.0,0.05,0.8,0.0,0.0,1
640,2026-04-22T14:54:06.770Z,S20260422_155325,SC01,AUTO,,40.9803,0.0651,start,0,1500,VIDE,0.0,0.0,0.0,0.0,0.0,0.0,0,0,0.0,0.0,0.0,0.0,0.0,0.0,2.0,1.0,0.05,0.8,0.0,0.0,1
641,2026-04-22T14:54:06.833Z,S20260422_155325,SC01,AUTO,,41.0435,0.0632,start,0,1500,VIDE,0.0,0.0,0.0,0.0,0.0,0.0,0,0,0.0,0.0,0.0,0.0,0.0,0.0,2.0,1.0,0.05,0.8,0.0,0.0,1
642,2026-04-22T14:54:06.881Z,S20260422_155325,SC01,AUTO,,41.0912,0.0477,start,0,1500,VIDE,0.0,0.0,0.0,0.0,0.0,0.0,0,0,0.0,0.0,0.0,0.0,0.0,0.0,2.0,1.0,0.05,0.8,0.0,0.0,1
643,2026-04-22T14:54:06.944Z,S20260422_155325,SC01,AUTO,,41.1543,0.0631,start,0,1500,VIDE,0.0,0.0,0.0,0.0,0.0,0.0,0,0,0.0,0.0,0.0,0.0,0.0,0.0,2.0,1.0,0.05,0.8,0.0,0.0,1
644,2026-04-22T14:54:07.007Z,S20260422_155325,SC01,AUTO,,41.2177,0.0634,start,0,1500,VIDE,0.0,0.0,0.0,0.0,0.0,0.0,0,0,0.0,0.0,0.0,0.0,0.0,0.0,2.0,1.0,0.05,0.8,0.0,0.0,1
645,2026-04-22T14:54:07.070Z,S20260422_155325,SC01,AUTO,,41.2802,0.0625,start,0,1500,VIDE,0.0,0.0,0.0,0.0,0.0,0.0,0,0,0.0,0.0,0.0,0.0,0.0,0.0,2.0,1.0,0.05,0.8,0.0,0.0,1
646,2026-04-22T14:54:07.132Z,S20260422_155325,SC01,AUTO,,41.3428,0.0626,start,0,1500,VIDE,0.0,0.0,0.0,0.0,0.0,0.0,0,0,0.0,0.0,0.0,0.0,0.0,0.0,2.0,1.0,0.05,0.8,0.0,0.0,1
647,2026-04-22T14:54:07.196Z,S20260422_155325,SC01,AUTO,,41.4067,0.0638,start,0,1500,VIDE,0.0,0.0,0.0,0.0,0.0,0.0,0,0,0.0,0.0,0.0,0.0,0.0,0.0,2.0,1.0,0.05,0.8,0.0,0.0,1
648,2026-04-22T14:54:07.260Z,S20260422_155325,SC01,AUTO,,41.4701,0.0634,start,0,1500,VIDE,0.0,0.0,0.0,0.0,0.0,0.0,0,0,0.0,0.0,0.0,0.0,0.0,0.0,2.0,1.0,0.05,0.8,0.0,0.0,1
649,2026-04-22T14:54:07.321Z,S20260422_155325,SC01,AUTO,,41.5314,0.0613,start,0,1500,VIDE,0.0,0.0,0.0,0.0,0.0,0.0,0,0,0.0,0.0,0.0,0.0,0.0,0.0,2.0,1.0,0.05,0.8,0.0,0.0,1
650,2026-04-22T14:54:07.384Z,S20260422_155325,SC01,AUTO,,41.5942,0.0628,start,0,1500,VIDE,0.0,0.0,0.0,0.0,0.0,0.0,0,0,0.0,0.0,0.0,0.0,0.0,0.0,2.0,1.0,0.05,0.8,0.0,0.0,1
651,2026-04-22T14:54:07.446Z,S20260422_155325,SC01,AUTO,,41.656,0.0617,start,0,1500,VIDE,0.0,0.0,0.0,0.0,0.0,0.0,0,0,0.0,0.0,0.0,0.0,0.0,0.0,2.0,1.0,0.05,0.8,0.0,0.0,1
652,2026-04-22T14:54:07.505Z,S20260422_155325,SC01,AUTO,,41.7156,0.0596,start,0,1500,VIDE,0.0,0.0,0.0,0.0,0.0,0.0,0,0,0.0,0.0,0.0,0.0,0.0,0.0,2.0,1.0,0.05,0.8,0.0,0.0,1
653,2026-04-22T14:54:07.570Z,S20260422_155325,SC01,AUTO,,41.7802,0.0647,start,0,1500,VIDE,0.0,0.0,0.0,0.0,0.0,0.0,0,0,0.0,0.0,0.0,0.0,0.0,0.0,2.0,1.0,0.05,0.8,0.0,0.0,1
654,2026-04-22T14:54:07.633Z,S20260422_155325,SC01,AUTO,,41.8432,0.0629,start,0,1500,VIDE,0.0,0.0,0.0,0.0,0.0,0.0,0,0,0.0,0.0,0.0,0.0,0.0,0.0,2.0,1.0,0.05,0.8,0.0,0.0,1
655,2026-04-22T14:54:07.695Z,S20260422_155325,SC01,AUTO,,41.9049,0.0618,start,0,1500,VIDE,0.0,0.0,0.0,0.0,0.0,0.0,0,0,0.0,0.0,0.0,0.0,0.0,0.0,2.0,1.0,0.05,0.8,0.0,0.0,1
656,2026-04-22T14:54:07.757Z,S20260422_155325,SC01,AUTO,,41.9673,0.0624,start,0,1500,VIDE,0.0,0.0,0.0,0.0,0.0,0.0,0,0,0.0,0.0,0.0,0.0,0.0,0.0,2.0,1.0,0.05,0.8,0.0,0.0,1
657,2026-04-22T14:54:07.819Z,S20260422_155325,SC01,AUTO,,42.0293,0.062,start,0,1500,VIDE,0.0,0.0,0.0,0.0,0.0,0.0,0,0,0.0,0.0,0.0,0.0,0.0,0.0,2.0,1.0,0.05,0.8,0.0,0.0,1
658,2026-04-22T14:54:07.888Z,S20260422_155325,SC01,AUTO,,42.0988,0.0695,start,0,1500,VIDE,0.0,0.0,0.0,0.0,0.0,0.0,0,0,0.0,0.0,0.0,0.0,0.0,0.0,2.0,1.0,0.05,0.8,0.0,0.0,1
659,2026-04-22T14:54:07.943Z,S20260422_155325,SC01,AUTO,,42.1531,0.0543,start,0,1500,VIDE,0.0,0.0,0.0,0.0,0.0,0.0,0,0,0.0,0.0,0.0,0.0,0.0,0.0,2.0,1.0,0.05,0.8,0.0,0.0,1
660,2026-04-22T14:54:08.005Z,S20260422_155325,SC01,AUTO,,42.2158,0.0627,start,0,1500,VIDE,0.0,0.0,0.0,0.0,0.0,0.0,0,0,0.0,0.0,0.0,0.0,0.0,0.0,2.0,1.0,0.05,0.8,0.0,0.0,1
661,2026-04-22T14:54:08.080Z,S20260422_155325,SC01,AUTO,,42.2907,0.0749,start,0,1500,VIDE,0.0,0.0,0.0,0.0,0.0,0.0,0,0,0.0,0.0,0.0,0.0,0.0,0.0,2.0,1.0,0.05,0.8,0.0,0.0,1
662,2026-04-22T14:54:08.145Z,S20260422_155325,SC01,AUTO,,42.355,0.0643,start,0,1500,VIDE,0.0,0.0,0.0,0.0,0.0,0.0,0,0,0.0,0.0,0.0,0.0,0.0,0.0,2.0,1.0,0.05,0.8,0.0,0.0,1
663,2026-04-22T14:54:08.193Z,S20260422_155325,SC01,AUTO,,42.4031,0.048,start,0,1500,VIDE,0.0,0.0,0.0,0.0,0.0,0.0,0,0,0.0,0.0,0.0,0.0,0.0,0.0,2.0,1.0,0.05,0.8,0.0,0.0,1
664,2026-04-22T14:54:08.258Z,S20260422_155325,SC01,AUTO,,42.468,0.0649,start,0,1500,VIDE,0.0,0.0,0.0,0.0,0.0,0.0,0,0,0.0,0.0,0.0,0.0,0.0,0.0,2.0,1.0,0.05,0.8,0.0,0.0,1
665,2026-04-22T14:54:08.321Z,S20260422_155325,SC01,AUTO,,42.5315,0.0635,start,0,1500,VIDE,0.0,0.0,0.0,0.0,0.0,0.0,0,0,0.0,0.0,0.0,0.0,0.0,0.0,2.0,1.0,0.05,0.8,0.0,0.0,1
666,2026-04-22T14:54:08.384Z,S20260422_155325,SC01,AUTO,,42.5948,0.0633,start,0,1500,VIDE,0.0,0.0,0.0,0.0,0.0,0.0,0,0,0.0,0.0,0.0,0.0,0.0,0.0,2.0,1.0,0.05,0.8,0.0,0.0,1
667,2026-04-22T14:54:08.449Z,S20260422_155325,SC01,AUTO,,42.6595,0.0648,start,0,1500,VIDE,0.0,0.0,0.0,0.0,0.0,0.0,0,0,0.0,0.0,0.0,0.0,0.0,0.0,2.0,1.0,0.05,0.8,0.0,0.0,1
668,2026-04-22T14:54:08.512Z,S20260422_155325,SC01,AUTO,,42.7229,0.0634,start,0,1500,VIDE,0.0,0.0,0.0,0.0,0.0,0.0,0,0,0.0,0.0,0.0,0.0,0.0,0.0,2.0,1.0,0.05,0.8,0.0,0.0,1
669,2026-04-22T14:54:08.576Z,S20260422_155325,SC01,AUTO,,42.7868,0.0639,start,0,1500,VIDE,0.0,0.0,0.0,0.0,0.0,0.0,0,0,0.0,0.0,0.0,0.0,0.0,0.0,2.0,1.0,0.05,0.8,0.0,0.0,1
670,2026-04-22T14:54:08.641Z,S20260422_155325,SC01,AUTO,,42.8512,0.0644,start,0,1500,VIDE,0.0,0.0,0.0,0.0,0.0,0.0,0,0,0.0,0.0,0.0,0.0,0.0,0.0,2.0,1.0,0.05,0.8,0.0,0.0,1
671,2026-04-22T14:54:08.705Z,S20260422_155325,SC01,AUTO,,42.9149,0.0637,start,0,1500,VIDE,0.0,0.0,0.0,0.0,0.0,0.0,0,0,0.0,0.0,0.0,0.0,0.0,0.0,2.0,1.0,0.05,0.8,0.0,0.0,1
672,2026-04-22T14:54:08.768Z,S20260422_155325,SC01,AUTO,,42.9783,0.0634,start,0,1500,VIDE,0.0,0.0,0.0,0.0,0.0,0.0,0,0,0.0,0.0,0.0,0.0,0.0,0.0,2.0,1.0,0.05,0.8,0.0,0.0,1
673,2026-04-22T14:54:08.831Z,S20260422_155325,SC01,AUTO,,43.0415,0.0632,start,0,1500,VIDE,0.0,0.0,0.0,0.0,0.0,0.0,0,0,0.0,0.0,0.0,0.0,0.0,0.0,2.0,1.0,0.05,0.8,0.0,0.0,1
674,2026-04-22T14:54:08.880Z,S20260422_155325,SC01,AUTO,,43.0908,0.0492,start,0,1500,VIDE,0.0,0.0,0.0,0.0,0.0,0.0,0,0,0.0,0.0,0.0,0.0,0.0,0.0,2.0,1.0,0.05,0.8,0.0,0.0,1
675,2026-04-22T14:54:08.945Z,S20260422_155325,SC01,AUTO,,43.1554,0.0647,start,0,1500,VIDE,0.0,0.0,0.0,0.0,0.0,0.0,0,0,0.0,0.0,0.0,0.0,0.0,0.0,2.0,1.0,0.05,0.8,0.0,0.0,1
676,2026-04-22T14:54:09.009Z,S20260422_155325,SC01,AUTO,,43.219,0.0636,start,0,1500,VIDE,0.0,0.0,0.0,0.0,0.0,0.0,0,0,0.0,0.0,0.0,0.0,0.0,0.0,2.0,1.0,0.05,0.8,0.0,0.0,1
677,2026-04-22T14:54:09.073Z,S20260422_155325,SC01,AUTO,,43.283,0.0639,start,0,1500,VIDE,0.0,0.0,0.0,0.0,0.0,0.0,0,0,0.0,0.0,0.0,0.0,0.0,0.0,2.0,1.0,0.05,0.8,0.0,0.0,1
678,2026-04-22T14:54:09.137Z,S20260422_155325,SC01,AUTO,,43.347,0.064,start,0,1500,VIDE,0.0,0.0,0.0,0.0,0.0,0.0,0,0,0.0,0.0,0.0,0.0,0.0,0.0,2.0,1.0,0.05,0.8,0.0,0.0,1
679,2026-04-22T14:54:09.201Z,S20260422_155325,SC01,AUTO,,43.4114,0.0644,start,0,1500,VIDE,0.0,0.0,0.0,0.0,0.0,0.0,0,0,0.0,0.0,0.0,0.0,0.0,0.0,2.0,1.0,0.05,0.8,0.0,0.0,1
680,2026-04-22T14:54:09.265Z,S20260422_155325,SC01,AUTO,,43.4754,0.064,start,0,1500,VIDE,0.0,0.0,0.0,0.0,0.0,0.0,0,0,0.0,0.0,0.0,0.0,0.0,0.0,2.0,1.0,0.05,0.8,0.0,0.0,1
681,2026-04-22T14:54:09.329Z,S20260422_155325,SC01,AUTO,,43.5391,0.0637,start,0,1500,VIDE,0.0,0.0,0.0,0.0,0.0,0.0,0,0,0.0,0.0,0.0,0.0,0.0,0.0,2.0,1.0,0.05,0.8,0.0,0.0,1
682,2026-04-22T14:54:09.392Z,S20260422_155325,SC01,AUTO,,43.6026,0.0635,start,0,1500,VIDE,0.0,0.0,0.0,0.0,0.0,0.0,0,0,0.0,0.0,0.0,0.0,0.0,0.0,2.0,1.0,0.05,0.8,0.0,0.0,1
683,2026-04-22T14:54:09.453Z,S20260422_155325,SC01,AUTO,,43.6633,0.0607,start,0,1500,VIDE,0.0,0.0,0.0,0.0,0.0,0.0,0,0,0.0,0.0,0.0,0.0,0.0,0.0,2.0,1.0,0.05,0.8,0.0,0.0,1
684,2026-04-22T14:54:09.516Z,S20260422_155325,SC01,AUTO,,43.726,0.0627,start,0,1500,VIDE,0.0,0.0,0.0,0.0,0.0,0.0,0,0,0.0,0.0,0.0,0.0,0.0,0.0,2.0,1.0,0.05,0.8,0.0,0.0,1
685,2026-04-22T14:54:09.568Z,S20260422_155325,SC01,AUTO,,43.7787,0.0527,start,0,1500,VIDE,0.0,0.0,0.0,0.0,0.0,0.0,0,0,0.0,0.0,0.0,0.0,0.0,0.0,2.0,1.0,0.05,0.8,0.0,0.0,1
686,2026-04-22T14:54:09.632Z,S20260422_155325,SC01,AUTO,,43.8427,0.064,start,0,1500,VIDE,0.0,0.0,0.0,0.0,0.0,0.0,0,0,0.0,0.0,0.0,0.0,0.0,0.0,2.0,1.0,0.05,0.8,0.0,0.0,1
687,2026-04-22T14:54:09.696Z,S20260422_155325,SC01,AUTO,,43.9067,0.064,start,0,1500,VIDE,0.0,0.0,0.0,0.0,0.0,0.0,0,0,0.0,0.0,0.0,0.0,0.0,0.0,2.0,1.0,0.05,0.8,0.0,0.0,1
688,2026-04-22T14:54:09.761Z,S20260422_155325,SC01,AUTO,,43.9716,0.0649,start,0,1500,VIDE,0.0,0.0,0.0,0.0,0.0,0.0,0,0,0.0,0.0,0.0,0.0,0.0,0.0,2.0,1.0,0.05,0.8,0.0,0.0,1
689,2026-04-22T14:54:09.825Z,S20260422_155325,SC01,AUTO,,44.0356,0.064,start,0,1500,VIDE,0.0,0.0,0.0,0.0,0.0,0.0,0,0,0.0,0.0,0.0,0.0,0.0,0.0,2.0,1.0,0.05,0.8,0.0,0.0,1
690,2026-04-22T14:54:09.888Z,S20260422_155325,SC01,AUTO,,44.0989,0.0633,start,0,1500,VIDE,0.0,0.0,0.0,0.0,0.0,0.0,0,0,0.0,0.0,0.0,0.0,0.0,0.0,2.0,1.0,0.05,0.8,0.0,0.0,1
691,2026-04-22T14:54:09.951Z,S20260422_155325,SC01,AUTO,,44.1611,0.0622,start,0,1500,VIDE,0.0,0.0,0.0,0.0,0.0,0.0,0,0,0.0,0.0,0.0,0.0,0.0,0.0,2.0,1.0,0.05,0.8,0.0,0.0,1
692,2026-04-22T14:54:10.013Z,S20260422_155325,SC01,AUTO,,44.2232,0.062,start,0,1500,VIDE,0.0,0.0,0.0,0.0,0.0,0.0,0,0,0.0,0.0,0.0,0.0,0.0,0.0,2.0,1.0,0.05,0.8,0.0,0.0,1
693,2026-04-22T14:54:10.074Z,S20260422_155325,SC01,AUTO,,44.284,0.0608,start,0,1500,VIDE,0.0,0.0,0.0,0.0,0.0,0.0,0,0,0.0,0.0,0.0,0.0,0.0,0.0,2.0,1.0,0.05,0.8,0.0,0.0,1
694,2026-04-22T14:54:10.137Z,S20260422_155325,SC01,AUTO,,44.3472,0.0632,start,0,1500,VIDE,0.0,0.0,0.0,0.0,0.0,0.0,0,0,0.0,0.0,0.0,0.0,0.0,0.0,2.0,1.0,0.05,0.8,0.0,0.0,1
695,2026-04-22T14:54:10.200Z,S20260422_155325,SC01,AUTO,,44.4101,0.0628,start,0,1500,VIDE,0.0,0.0,0.0,0.0,0.0,0.0,0,0,0.0,0.0,0.0,0.0,0.0,0.0,2.0,1.0,0.05,0.8,0.0,0.0,1
696,2026-04-22T14:54:10.257Z,S20260422_155325,SC01,AUTO,,44.4674,0.0573,start,0,1500,VIDE,0.0,0.0,0.0,0.0,0.0,0.0,0,0,0.0,0.0,0.0,0.0,0.0,0.0,2.0,1.0,0.05,0.8,0.0,0.0,1
697,2026-04-22T14:54:10.321Z,S20260422_155325,SC01,AUTO,,44.5311,0.0637,start,0,1500,VIDE,0.0,0.0,0.0,0.0,0.0,0.0,0,0,0.0,0.0,0.0,0.0,0.0,0.0,2.0,1.0,0.05,0.8,0.0,0.0,1
698,2026-04-22T14:54:10.385Z,S20260422_155325,SC01,AUTO,,44.5958,0.0647,start,0,1500,VIDE,0.0,0.0,0.0,0.0,0.0,0.0,0,0,0.0,0.0,0.0,0.0,0.0,0.0,2.0,1.0,0.05,0.8,0.0,0.0,1
699,2026-04-22T14:54:10.449Z,S20260422_155325,SC01,AUTO,,44.6592,0.0634,start,0,1500,VIDE,0.0,0.0,0.0,0.0,0.0,0.0,0,0,0.0,0.0,0.0,0.0,0.0,0.0,2.0,1.0,0.05,0.8,0.0,0.0,1
700,2026-04-22T14:54:10.510Z,S20260422_155325,SC01,AUTO,,44.7205,0.0613,start,0,1500,VIDE,0.0,0.0,0.0,0.0,0.0,0.0,0,0,0.0,0.0,0.0,0.0,0.0,0.0,2.0,1.0,0.05,0.8,0.0,0.0,1
701,2026-04-22T14:54:10.571Z,S20260422_155325,SC01,AUTO,,44.7819,0.0614,start,0,1500,VIDE,0.0,0.0,0.0,0.0,0.0,0.0,0,0,0.0,0.0,0.0,0.0,0.0,0.0,2.0,1.0,0.05,0.8,0.0,0.0,1
702,2026-04-22T14:54:10.634Z,S20260422_155325,SC01,AUTO,,44.8442,0.0623,start,0,1500,VIDE,0.0,0.0,0.0,0.0,0.0,0.0,0,0,0.0,0.0,0.0,0.0,0.0,0.0,2.0,1.0,0.05,0.8,0.0,0.0,1
703,2026-04-22T14:54:10.696Z,S20260422_155325,SC01,AUTO,,44.9068,0.0627,start,0,1500,VIDE,0.0,0.0,0.0,0.0,0.0,0.0,0,0,0.0,0.0,0.0,0.0,0.0,0.0,2.0,1.0,0.05,0.8,0.0,0.0,1
704,2026-04-22T14:54:10.758Z,S20260422_155325,SC01,AUTO,,44.9683,0.0615,start,0,1500,VIDE,0.0,0.0,0.0,0.0,0.0,0.0,0,0,0.0,0.0,0.0,0.0,0.0,0.0,2.0,1.0,0.05,0.8,0.0,0.0,1
705,2026-04-22T14:54:10.822Z,S20260422_155325,SC01,AUTO,,45.032,0.0637,start,0,1500,VIDE,0.0,0.0,0.0,0.0,0.0,0.0,0,0,0.0,0.0,0.0,0.0,0.0,0.0,2.0,1.0,0.05,0.8,0.0,0.0,1
706,2026-04-22T14:54:10.881Z,S20260422_155325,SC01,AUTO,,45.091,0.0589,start,0,1500,VIDE,0.0,0.0,0.0,0.0,0.0,0.0,0,0,0.0,0.0,0.0,0.0,0.0,0.0,2.0,1.0,0.05,0.8,0.0,0.0,1
707,2026-04-22T14:54:10.945Z,S20260422_155325,SC01,AUTO,,45.1557,0.0648,start,0,1500,VIDE,0.0,0.0,0.0,0.0,0.0,0.0,0,0,0.0,0.0,0.0,0.0,0.0,0.0,2.0,1.0,0.05,0.8,0.0,0.0,1
708,2026-04-22T14:54:11.007Z,S20260422_155325,SC01,AUTO,,45.2178,0.0621,start,0,1500,VIDE,0.0,0.0,0.0,0.0,0.0,0.0,0,0,0.0,0.0,0.0,0.0,0.0,0.0,2.0,1.0,0.05,0.8,0.0,0.0,1
709,2026-04-22T14:54:11.070Z,S20260422_155325,SC01,AUTO,,45.2801,0.0623,start,0,1500,VIDE,0.0,0.0,0.0,0.0,0.0,0.0,0,0,0.0,0.0,0.0,0.0,0.0,0.0,2.0,1.0,0.05,0.8,0.0,0.0,1
710,2026-04-22T14:54:11.130Z,S20260422_155325,SC01,AUTO,,45.3407,0.0606,start,0,1500,VIDE,0.0,0.0,0.0,0.0,0.0,0.0,0,0,0.0,0.0,0.0,0.0,0.0,0.0,2.0,1.0,0.05,0.8,0.0,0.0,1
711,2026-04-22T14:54:11.200Z,S20260422_155325,SC01,AUTO,,45.4107,0.0701,start,0,1500,VIDE,0.0,0.0,0.0,0.0,0.0,0.0,0,0,0.0,0.0,0.0,0.0,0.0,0.0,2.0,1.0,0.05,0.8,0.0,0.0,1
712,2026-04-22T14:54:11.265Z,S20260422_155325,SC01,AUTO,,45.4756,0.0648,start,0,1500,VIDE,0.0,0.0,0.0,0.0,0.0,0.0,0,0,0.0,0.0,0.0,0.0,0.0,0.0,2.0,1.0,0.05,0.8,0.0,0.0,1
713,2026-04-22T14:54:11.318Z,S20260422_155325,SC01,AUTO,,45.5285,0.053,start,0,1500,VIDE,0.0,0.0,0.0,0.0,0.0,0.0,0,0,0.0,0.0,0.0,0.0,0.0,0.0,2.0,1.0,0.05,0.8,0.0,0.0,1
714,2026-04-22T14:54:11.393Z,S20260422_155325,SC01,AUTO,,45.6036,0.075,start,0,1500,VIDE,0.0,0.0,0.0,0.0,0.0,0.0,0,0,0.0,0.0,0.0,0.0,0.0,0.0,2.0,1.0,0.05,0.8,0.0,0.0,1
715,2026-04-22T14:54:11.457Z,S20260422_155325,SC01,AUTO,,45.6674,0.0639,start,0,1500,VIDE,0.0,0.0,0.0,0.0,0.0,0.0,0,0,0.0,0.0,0.0,0.0,0.0,0.0,2.0,1.0,0.05,0.8,0.0,0.0,1
716,2026-04-22T14:54:11.505Z,S20260422_155325,SC01,AUTO,,45.7155,0.048,start,0,1500,VIDE,0.0,0.0,0.0,0.0,0.0,0.0,0,0,0.0,0.0,0.0,0.0,0.0,0.0,2.0,1.0,0.05,0.8,0.0,0.0,1
717,2026-04-22T14:54:11.569Z,S20260422_155325,SC01,AUTO,,45.7792,0.0637,start,0,1500,VIDE,0.0,0.0,0.0,0.0,0.0,0.0,0,0,0.0,0.0,0.0,0.0,0.0,0.0,2.0,1.0,0.05,0.8,0.0,0.0,1
718,2026-04-22T14:54:11.633Z,S20260422_155325,SC01,AUTO,,45.8433,0.0642,start,0,1500,VIDE,0.0,0.0,0.0,0.0,0.0,0.0,0,0,0.0,0.0,0.0,0.0,0.0,0.0,2.0,1.0,0.05,0.8,0.0,0.0,1
719,2026-04-22T14:54:11.697Z,S20260422_155325,SC01,AUTO,,45.9076,0.0643,start,0,1500,VIDE,0.0,0.0,0.0,0.0,0.0,0.0,0,0,0.0,0.0,0.0,0.0,0.0,0.0,2.0,1.0,0.05,0.8,0.0,0.0,1
720,2026-04-22T14:54:11.761Z,S20260422_155325,SC01,AUTO,,45.9716,0.0639,start,0,1500,VIDE,0.0,0.0,0.0,0.0,0.0,0.0,0,0,0.0,0.0,0.0,0.0,0.0,0.0,2.0,1.0,0.05,0.8,0.0,0.0,1
721,2026-04-22T14:54:11.825Z,S20260422_155325,SC01,AUTO,,46.0354,0.0638,start,0,1500,VIDE,0.0,0.0,0.0,0.0,0.0,0.0,0,0,0.0,0.0,0.0,0.0,0.0,0.0,2.0,1.0,0.05,0.8,0.0,0.0,1
722,2026-04-22T14:54:11.888Z,S20260422_155325,SC01,AUTO,,46.0989,0.0635,start,0,1500,VIDE,0.0,0.0,0.0,0.0,0.0,0.0,0,0,0.0,0.0,0.0,0.0,0.0,0.0,2.0,1.0,0.05,0.8,0.0,0.0,1
723,2026-04-22T14:54:11.952Z,S20260422_155325,SC01,AUTO,,46.1626,0.0638,start,0,1500,VIDE,0.0,0.0,0.0,0.0,0.0,0.0,0,0,0.0,0.0,0.0,0.0,0.0,0.0,2.0,1.0,0.05,0.8,0.0,0.0,1
724,2026-04-22T14:54:12.015Z,S20260422_155325,SC01,AUTO,,46.2258,0.0631,start,0,1500,VIDE,0.0,0.0,0.0,0.0,0.0,0.0,0,0,0.0,0.0,0.0,0.0,0.0,0.0,2.0,1.0,0.05,0.8,0.0,0.0,1
725,2026-04-22T14:54:12.078Z,S20260422_155325,SC01,AUTO,,46.2884,0.0627,start,0,1500,VIDE,0.0,0.0,0.0,0.0,0.0,0.0,0,0,0.0,0.0,0.0,0.0,0.0,0.0,2.0,1.0,0.05,0.8,0.0,0.0,1
726,2026-04-22T14:54:12.141Z,S20260422_155325,SC01,AUTO,,46.3519,0.0635,start,0,1500,VIDE,0.0,0.0,0.0,0.0,0.0,0.0,0,0,0.0,0.0,0.0,0.0,0.0,0.0,2.0,1.0,0.05,0.8,0.0,0.0,1
727,2026-04-22T14:54:12.203Z,S20260422_155325,SC01,AUTO,,46.4133,0.0614,start,0,1500,VIDE,0.0,0.0,0.0,0.0,0.0,0.0,0,0,0.0,0.0,0.0,0.0,0.0,0.0,2.0,1.0,0.05,0.8,0.0,0.0,1
728,2026-04-22T14:54:12.256Z,S20260422_155325,SC01,AUTO,,46.4669,0.0536,start,0,1500,VIDE,0.0,0.0,0.0,0.0,0.0,0.0,0,0,0.0,0.0,0.0,0.0,0.0,0.0,2.0,1.0,0.05,0.8,0.0,0.0,1
729,2026-04-22T14:54:12.321Z,S20260422_155325,SC01,AUTO,,46.5314,0.0645,start,0,1500,VIDE,0.0,0.0,0.0,0.0,0.0,0.0,0,0,0.0,0.0,0.0,0.0,0.0,0.0,2.0,1.0,0.05,0.8,0.0,0.0,1
730,2026-04-22T14:54:12.385Z,S20260422_155325,SC01,AUTO,,46.5955,0.0641,start,0,1500,VIDE,0.0,0.0,0.0,0.0,0.0,0.0,0,0,0.0,0.0,0.0,0.0,0.0,0.0,2.0,1.0,0.05,0.8,0.0,0.0,1
731,2026-04-22T14:54:12.448Z,S20260422_155325,SC01,AUTO,,46.6585,0.063,start,0,1500,VIDE,0.0,0.0,0.0,0.0,0.0,0.0,0,0,0.0,0.0,0.0,0.0,0.0,0.0,2.0,1.0,0.05,0.8,0.0,0.0,1
732,2026-04-22T14:54:12.512Z,S20260422_155325,SC01,AUTO,,46.7229,0.0643,start,0,1500,VIDE,0.0,0.0,0.0,0.0,0.0,0.0,0,0,0.0,0.0,0.0,0.0,0.0,0.0,2.0,1.0,0.05,0.8,0.0,0.0,1
733,2026-04-22T14:54:12.577Z,S20260422_155325,SC01,AUTO,,46.7874,0.0645,start,0,1500,VIDE,0.0,0.0,0.0,0.0,0.0,0.0,0,0,0.0,0.0,0.0,0.0,0.0,0.0,2.0,1.0,0.05,0.8,0.0,0.0,1
734,2026-04-22T14:54:12.642Z,S20260422_155325,SC01,AUTO,,46.8522,0.0647,start,0,1500,VIDE,0.0,0.0,0.0,0.0,0.0,0.0,0,0,0.0,0.0,0.0,0.0,0.0,0.0,2.0,1.0,0.05,0.8,0.0,0.0,1
735,2026-04-22T14:54:12.703Z,S20260422_155325,SC01,AUTO,,46.9136,0.0615,start,0,1500,VIDE,0.0,0.0,0.0,0.0,0.0,0.0,0,0,0.0,0.0,0.0,0.0,0.0,0.0,2.0,1.0,0.05,0.8,0.0,0.0,1
736,2026-04-22T14:54:12.765Z,S20260422_155325,SC01,AUTO,,46.9757,0.0621,start,0,1500,VIDE,0.0,0.0,0.0,0.0,0.0,0.0,0,0,0.0,0.0,0.0,0.0,0.0,0.0,2.0,1.0,0.05,0.8,0.0,0.0,1
737,2026-04-22T14:54:12.829Z,S20260422_155325,SC01,AUTO,,47.039,0.0633,start,0,1500,VIDE,0.0,0.0,0.0,0.0,0.0,0.0,0,0,0.0,0.0,0.0,0.0,0.0,0.0,2.0,1.0,0.05,0.8,0.0,0.0,1
738,2026-04-22T14:54:12.880Z,S20260422_155325,SC01,AUTO,,47.0906,0.0517,start,0,1500,VIDE,0.0,0.0,0.0,0.0,0.0,0.0,0,0,0.0,0.0,0.0,0.0,0.0,0.0,2.0,1.0,0.05,0.8,0.0,0.0,1
739,2026-04-22T14:54:12.945Z,S20260422_155325,SC01,AUTO,,47.1554,0.0648,start,0,1500,VIDE,0.0,0.0,0.0,0.0,0.0,0.0,0,0,0.0,0.0,0.0,0.0,0.0,0.0,2.0,1.0,0.05,0.8,0.0,0.0,1
740,2026-04-22T14:54:13.008Z,S20260422_155325,SC01,AUTO,,47.2188,0.0634,start,0,1500,VIDE,0.0,0.0,0.0,0.0,0.0,0.0,0,0,0.0,0.0,0.0,0.0,0.0,0.0,2.0,1.0,0.05,0.8,0.0,0.0,1
741,2026-04-22T14:54:13.073Z,S20260422_155325,SC01,AUTO,,47.2831,0.0643,start,0,1500,VIDE,0.0,0.0,0.0,0.0,0.0,0.0,0,0,0.0,0.0,0.0,0.0,0.0,0.0,2.0,1.0,0.05,0.8,0.0,0.0,1
742,2026-04-22T14:54:13.137Z,S20260422_155325,SC01,AUTO,,47.3476,0.0645,start,0,1500,VIDE,0.0,0.0,0.0,0.0,0.0,0.0,0,0,0.0,0.0,0.0,0.0,0.0,0.0,2.0,1.0,0.05,0.8,0.0,0.0,1
743,2026-04-22T14:54:13.200Z,S20260422_155325,SC01,AUTO,,47.4109,0.0633,start,0,1500,VIDE,0.0,0.0,0.0,0.0,0.0,0.0,0,0,0.0,0.0,0.0,0.0,0.0,0.0,2.0,1.0,0.05,0.8,0.0,0.0,1
744,2026-04-22T14:54:13.264Z,S20260422_155325,SC01,AUTO,,47.4743,0.0634,start,0,1500,VIDE,0.0,0.0,0.0,0.0,0.0,0.0,0,0,0.0,0.0,0.0,0.0,0.0,0.0,2.0,1.0,0.05,0.8,0.0,0.0,1
745,2026-04-22T14:54:13.327Z,S20260422_155325,SC01,AUTO,,47.5378,0.0635,start,0,1500,VIDE,0.0,0.0,0.0,0.0,0.0,0.0,0,0,0.0,0.0,0.0,0.0,0.0,0.0,2.0,1.0,0.05,0.8,0.0,0.0,1
746,2026-04-22T14:54:13.389Z,S20260422_155325,SC01,AUTO,,47.5999,0.0621,start,0,1500,VIDE,0.0,0.0,0.0,0.0,0.0,0.0,0,0,0.0,0.0,0.0,0.0,0.0,0.0,2.0,1.0,0.05,0.8,0.0,0.0,1
747,2026-04-22T14:54:13.452Z,S20260422_155325,SC01,AUTO,,47.6624,0.0625,start,0,1500,VIDE,0.0,0.0,0.0,0.0,0.0,0.0,0,0,0.0,0.0,0.0,0.0,0.0,0.0,2.0,1.0,0.05,0.8,0.0,0.0,1
748,2026-04-22T14:54:13.514Z,S20260422_155325,SC01,AUTO,,47.7241,0.0617,start,0,1500,VIDE,0.0,0.0,0.0,0.0,0.0,0.0,0,0,0.0,0.0,0.0,0.0,0.0,0.0,2.0,1.0,0.05,0.8,0.0,0.0,1
749,2026-04-22T14:54:13.569Z,S20260422_155325,SC01,AUTO,,47.7791,0.055,start,0,1500,VIDE,0.0,0.0,0.0,0.0,0.0,0.0,0,0,0.0,0.0,0.0,0.0,0.0,0.0,2.0,1.0,0.05,0.8,0.0,0.0,1
750,2026-04-22T14:54:13.633Z,S20260422_155325,SC01,AUTO,,47.8431,0.064,start,0,1500,VIDE,0.0,0.0,0.0,0.0,0.0,0.0,0,0,0.0,0.0,0.0,0.0,0.0,0.0,2.0,1.0,0.05,0.8,0.0,0.0,1
751,2026-04-22T14:54:13.697Z,S20260422_155325,SC01,AUTO,,47.907,0.0639,start,0,1500,VIDE,0.0,0.0,0.0,0.0,0.0,0.0,0,0,0.0,0.0,0.0,0.0,0.0,0.0,2.0,1.0,0.05,0.8,0.0,0.0,1
752,2026-04-22T14:54:13.761Z,S20260422_155325,SC01,AUTO,,47.9716,0.0646,start,0,1500,VIDE,0.0,0.0,0.0,0.0,0.0,0.0,0,0,0.0,0.0,0.0,0.0,0.0,0.0,2.0,1.0,0.05,0.8,0.0,0.0,1
753,2026-04-22T14:54:13.827Z,S20260422_155325,SC01,AUTO,,48.037,0.0654,start,0,1500,VIDE,0.0,0.0,0.0,0.0,0.0,0.0,0,0,0.0,0.0,0.0,0.0,0.0,0.0,2.0,1.0,0.05,0.8,0.0,0.0,1
754,2026-04-22T14:54:13.887Z,S20260422_155325,SC01,AUTO,,48.0973,0.0603,start,0,1500,VIDE,0.0,0.0,0.0,0.0,0.0,0.0,0,0,0.0,0.0,0.0,0.0,0.0,0.0,2.0,1.0,0.05,0.8,0.0,0.0,1
755,2026-04-22T14:54:13.950Z,S20260422_155325,SC01,AUTO,,48.1604,0.063,start,0,1500,VIDE,0.0,0.0,0.0,0.0,0.0,0.0,0,0,0.0,0.0,0.0,0.0,0.0,0.0,2.0,1.0,0.05,0.8,0.0,0.0,1
756,2026-04-22T14:54:14.012Z,S20260422_155325,SC01,AUTO,,48.2228,0.0624,start,0,1500,VIDE,0.0,0.0,0.0,0.0,0.0,0.0,0,0,0.0,0.0,0.0,0.0,0.0,0.0,2.0,1.0,0.05,0.8,0.0,0.0,1
757,2026-04-22T14:54:14.075Z,S20260422_155325,SC01,AUTO,,48.285,0.0622,start,0,1500,VIDE,0.0,0.0,0.0,0.0,0.0,0.0,0,0,0.0,0.0,0.0,0.0,0.0,0.0,2.0,1.0,0.05,0.8,0.0,0.0,1
758,2026-04-22T14:54:14.137Z,S20260422_155325,SC01,AUTO,,48.3475,0.0625,start,0,1500,VIDE,0.0,0.0,0.0,0.0,0.0,0.0,0,0,0.0,0.0,0.0,0.0,0.0,0.0,2.0,1.0,0.05,0.8,0.0,0.0,1
759,2026-04-22T14:54:14.194Z,S20260422_155325,SC01,AUTO,,48.404,0.0565,start,0,1500,VIDE,0.0,0.0,0.0,0.0,0.0,0.0,0,0,0.0,0.0,0.0,0.0,0.0,0.0,2.0,1.0,0.05,0.8,0.0,0.0,1
760,2026-04-22T14:54:14.256Z,S20260422_155325,SC01,AUTO,,48.4668,0.0629,start,0,1500,VIDE,0.0,0.0,0.0,0.0,0.0,0.0,0,0,0.0,0.0,0.0,0.0,0.0,0.0,2.0,1.0,0.05,0.8,0.0,0.0,1
761,2026-04-22T14:54:14.321Z,S20260422_155325,SC01,AUTO,,48.531,0.0642,start,0,1500,VIDE,0.0,0.0,0.0,0.0,0.0,0.0,0,0,0.0,0.0,0.0,0.0,0.0,0.0,2.0,1.0,0.05,0.8,0.0,0.0,1
762,2026-04-22T14:54:14.385Z,S20260422_155325,SC01,AUTO,,48.5951,0.0641,start,0,1500,VIDE,0.0,0.0,0.0,0.0,0.0,0.0,0,0,0.0,0.0,0.0,0.0,0.0,0.0,2.0,1.0,0.05,0.8,0.0,0.0,1
763,2026-04-22T14:54:14.448Z,S20260422_155325,SC01,AUTO,,48.6585,0.0634,start,0,1500,VIDE,0.0,0.0,0.0,0.0,0.0,0.0,0,0,0.0,0.0,0.0,0.0,0.0,0.0,2.0,1.0,0.05,0.8,0.0,0.0,1
764,2026-04-22T14:54:14.510Z,S20260422_155325,SC01,AUTO,,48.7205,0.062,start,0,1500,VIDE,0.0,0.0,0.0,0.0,0.0,0.0,0,0,0.0,0.0,0.0,0.0,0.0,0.0,2.0,1.0,0.05,0.8,0.0,0.0,1
765,2026-04-22T14:54:14.573Z,S20260422_155325,SC01,AUTO,,48.7832,0.0628,start,0,1500,VIDE,0.0,0.0,0.0,0.0,0.0,0.0,0,0,0.0,0.0,0.0,0.0,0.0,0.0,2.0,1.0,0.05,0.8,0.0,0.0,1
766,2026-04-22T14:54:14.635Z,S20260422_155325,SC01,AUTO,,48.8454,0.0622,start,0,1500,VIDE,0.0,0.0,0.0,0.0,0.0,0.0,0,0,0.0,0.0,0.0,0.0,0.0,0.0,2.0,1.0,0.05,0.8,0.0,0.0,1
767,2026-04-22T14:54:14.697Z,S20260422_155325,SC01,AUTO,,48.9075,0.0621,start,0,1500,VIDE,0.0,0.0,0.0,0.0,0.0,0.0,0,0,0.0,0.0,0.0,0.0,0.0,0.0,2.0,1.0,0.05,0.8,0.0,0.0,1
768,2026-04-22T14:54:14.760Z,S20260422_155325,SC01,AUTO,,48.9706,0.0632,start,0,1500,VIDE,0.0,0.0,0.0,0.0,0.0,0.0,0,0,0.0,0.0,0.0,0.0,0.0,0.0,2.0,1.0,0.05,0.8,0.0,0.0,1
769,2026-04-22T14:54:14.823Z,S20260422_155325,SC01,AUTO,,49.033,0.0623,start,0,1500,VIDE,0.0,0.0,0.0,0.0,0.0,0.0,0,0,0.0,0.0,0.0,0.0,0.0,0.0,2.0,1.0,0.05,0.8,0.0,0.0,1
770,2026-04-22T14:54:14.881Z,S20260422_155325,SC01,AUTO,,49.0915,0.0585,start,0,1500,VIDE,0.0,0.0,0.0,0.0,0.0,0.0,0,0,0.0,0.0,0.0,0.0,0.0,0.0,2.0,1.0,0.05,0.8,0.0,0.0,1
771,2026-04-22T14:54:14.945Z,S20260422_155325,SC01,AUTO,,49.1551,0.0637,start,0,1500,VIDE,0.0,0.0,0.0,0.0,0.0,0.0,0,0,0.0,0.0,0.0,0.0,0.0,0.0,2.0,1.0,0.05,0.8,0.0,0.0,1
772,2026-04-22T14:54:15.008Z,S20260422_155325,SC01,AUTO,,49.2187,0.0636,start,0,1500,VIDE,0.0,0.0,0.0,0.0,0.0,0.0,0,0,0.0,0.0,0.0,0.0,0.0,0.0,2.0,1.0,0.05,0.8,0.0,0.0,1
773,2026-04-22T14:54:15.071Z,S20260422_155325,SC01,AUTO,,49.2814,0.0627,start,0,1500,VIDE,0.0,0.0,0.0,0.0,0.0,0.0,0,0,0.0,0.0,0.0,0.0,0.0,0.0,2.0,1.0,0.05,0.8,0.0,0.0,1
774,2026-04-22T14:54:15.135Z,S20260422_155325,SC01,AUTO,,49.3449,0.0635,start,0,1500,VIDE,0.0,0.0,0.0,0.0,0.0,0.0,0,0,0.0,0.0,0.0,0.0,0.0,0.0,2.0,1.0,0.05,0.8,0.0,0.0,1
775,2026-04-22T14:54:15.197Z,S20260422_155325,SC01,AUTO,,49.4077,0.0628,start,0,1500,VIDE,0.0,0.0,0.0,0.0,0.0,0.0,0,0,0.0,0.0,0.0,0.0,0.0,0.0,2.0,1.0,0.05,0.8,0.0,0.0,1
776,2026-04-22T14:54:15.261Z,S20260422_155325,SC01,AUTO,,49.4714,0.0637,start,0,1500,VIDE,0.0,0.0,0.0,0.0,0.0,0.0,0,0,0.0,0.0,0.0,0.0,0.0,0.0,2.0,1.0,0.05,0.8,0.0,0.0,1
777,2026-04-22T14:54:15.325Z,S20260422_155325,SC01,AUTO,,49.5351,0.0636,start,0,1500,VIDE,0.0,0.0,0.0,0.0,0.0,0.0,0,0,0.0,0.0,0.0,0.0,0.0,0.0,2.0,1.0,0.05,0.8,0.0,0.0,1
778,2026-04-22T14:54:15.389Z,S20260422_155325,SC01,AUTO,,49.5989,0.0639,start,0,1500,VIDE,0.0,0.0,0.0,0.0,0.0,0.0,0,0,0.0,0.0,0.0,0.0,0.0,0.0,2.0,1.0,0.05,0.8,0.0,0.0,1
779,2026-04-22T14:54:15.452Z,S20260422_155325,SC01,AUTO,,49.6621,0.0632,start,0,1500,VIDE,0.0,0.0,0.0,0.0,0.0,0.0,0,0,0.0,0.0,0.0,0.0,0.0,0.0,2.0,1.0,0.05,0.8,0.0,0.0,1
780,2026-04-22T14:54:15.516Z,S20260422_155325,SC01,AUTO,,49.7262,0.0641,start,0,1500,VIDE,0.0,0.0,0.0,0.0,0.0,0.0,0,0,0.0,0.0,0.0,0.0,0.0,0.0,2.0,1.0,0.05,0.8,0.0,0.0,1
781,2026-04-22T14:54:15.569Z,S20260422_155325,SC01,AUTO,,49.7795,0.0534,start,0,1500,VIDE,0.0,0.0,0.0,0.0,0.0,0.0,0,0,0.0,0.0,0.0,0.0,0.0,0.0,2.0,1.0,0.05,0.8,0.0,0.0,1
782,2026-04-22T14:54:15.633Z,S20260422_155325,SC01,AUTO,,49.8432,0.0637,start,0,1500,VIDE,0.0,0.0,0.0,0.0,0.0,0.0,0,0,0.0,0.0,0.0,0.0,0.0,0.0,2.0,1.0,0.05,0.8,0.0,0.0,1
783,2026-04-22T14:54:15.696Z,S20260422_155325,SC01,AUTO,,49.9068,0.0635,start,0,1500,VIDE,0.0,0.0,0.0,0.0,0.0,0.0,0,0,0.0,0.0,0.0,0.0,0.0,0.0,2.0,1.0,0.05,0.8,0.0,0.0,1
784,2026-04-22T14:54:15.761Z,S20260422_155325,SC01,AUTO,,49.971,0.0642,start,0,1500,VIDE,0.0,0.0,0.0,0.0,0.0,0.0,0,0,0.0,0.0,0.0,0.0,0.0,0.0,2.0,1.0,0.05,0.8,0.0,0.0,1
785,2026-04-22T14:54:15.826Z,S20260422_155325,SC01,AUTO,,50.0363,0.0653,start,0,1500,VIDE,0.0,0.0,0.0,0.0,0.0,0.0,0,0,0.0,0.0,0.0,0.0,0.0,0.0,2.0,1.0,0.05,0.8,0.0,0.0,1
786,2026-04-22T14:54:15.887Z,S20260422_155325,SC01,AUTO,,50.0971,0.0609,start,0,1500,VIDE,0.0,0.0,0.0,0.0,0.0,0.0,0,0,0.0,0.0,0.0,0.0,0.0,0.0,2.0,1.0,0.05,0.8,0.0,0.0,1
787,2026-04-22T14:54:15.949Z,S20260422_155325,SC01,AUTO,,50.1594,0.0622,start,0,1500,VIDE,0.0,0.0,0.0,0.0,0.0,0.0,0,0,0.0,0.0,0.0,0.0,0.0,0.0,2.0,1.0,0.05,0.8,0.0,0.0,1
788,2026-04-22T14:54:16.011Z,S20260422_155325,SC01,AUTO,,50.2211,0.0618,start,0,1500,VIDE,0.0,0.0,0.0,0.0,0.0,0.0,0,0,0.0,0.0,0.0,0.0,0.0,0.0,2.0,1.0,0.05,0.8,0.0,0.0,1
789,2026-04-22T14:54:16.073Z,S20260422_155325,SC01,AUTO,,50.2838,0.0626,start,0,1500,VIDE,0.0,0.0,0.0,0.0,0.0,0.0,0,0,0.0,0.0,0.0,0.0,0.0,0.0,2.0,1.0,0.05,0.8,0.0,0.0,1
790,2026-04-22T14:54:16.136Z,S20260422_155325,SC01,AUTO,,50.3463,0.0625,start,0,1500,VIDE,0.0,0.0,0.0,0.0,0.0,0.0,0,0,0.0,0.0,0.0,0.0,0.0,0.0,2.0,1.0,0.05,0.8,0.0,0.0,1
791,2026-04-22T14:54:16.193Z,S20260422_155325,SC01,AUTO,,50.4035,0.0572,start,0,1500,VIDE,0.0,0.0,0.0,0.0,0.0,0.0,0,0,0.0,0.0,0.0,0.0,0.0,0.0,2.0,1.0,0.05,0.8,0.0,0.0,1
792,2026-04-22T14:54:16.257Z,S20260422_155325,SC01,AUTO,,50.4675,0.0641,start,0,1500,VIDE,0.0,0.0,0.0,0.0,0.0,0.0,0,0,0.0,0.0,0.0,0.0,0.0,0.0,2.0,1.0,0.05,0.8,0.0,0.0,1
793,2026-04-22T14:54:16.321Z,S20260422_155325,SC01,AUTO,,50.5311,0.0636,start,0,1500,VIDE,0.0,0.0,0.0,0.0,0.0,0.0,0,0,0.0,0.0,0.0,0.0,0.0,0.0,2.0,1.0,0.05,0.8,0.0,0.0,1
794,2026-04-22T14:54:16.384Z,S20260422_155325,SC01,AUTO,,50.5945,0.0634,start,0,1500,VIDE,0.0,0.0,0.0,0.0,0.0,0.0,0,0,0.0,0.0,0.0,0.0,0.0,0.0,2.0,1.0,0.05,0.8,0.0,0.0,1
795,2026-04-22T14:54:16.448Z,S20260422_155325,SC01,AUTO,,50.6581,0.0636,start,0,1500,VIDE,0.0,0.0,0.0,0.0,0.0,0.0,0,0,0.0,0.0,0.0,0.0,0.0,0.0,2.0,1.0,0.05,0.8,0.0,0.0,1
796,2026-04-22T14:54:16.509Z,S20260422_155325,SC01,AUTO,,50.7193,0.0612,start,0,1500,VIDE,0.0,0.0,0.0,0.0,0.0,0.0,0,0,0.0,0.0,0.0,0.0,0.0,0.0,2.0,1.0,0.05,0.8,0.0,0.0,1
797,2026-04-22T14:54:16.570Z,S20260422_155325,SC01,AUTO,,50.7808,0.0616,start,0,1500,VIDE,0.0,0.0,0.0,0.0,0.0,0.0,0,0,0.0,0.0,0.0,0.0,0.0,0.0,2.0,1.0,0.05,0.8,0.0,0.0,1
798,2026-04-22T14:54:16.632Z,S20260422_155325,SC01,AUTO,,50.8429,0.0621,start,0,1500,VIDE,0.0,0.0,0.0,0.0,0.0,0.0,0,0,0.0,0.0,0.0,0.0,0.0,0.0,2.0,1.0,0.05,0.8,0.0,0.0,1
799,2026-04-22T14:54:16.694Z,S20260422_155325,SC01,AUTO,,50.9044,0.0615,start,0,1500,VIDE,0.0,0.0,0.0,0.0,0.0,0.0,0,0,0.0,0.0,0.0,0.0,0.0,0.0,2.0,1.0,0.05,0.8,0.0,0.0,1
800,2026-04-22T14:54:16.755Z,S20260422_155325,SC01,AUTO,,50.9657,0.0613,start,0,1500,VIDE,0.0,0.0,0.0,0.0,0.0,0.0,0,0,0.0,0.0,0.0,0.0,0.0,0.0,2.0,1.0,0.05,0.8,0.0,0.0,1
801,2026-04-22T14:54:16.833Z,S20260422_155325,SC01,AUTO,,51.0437,0.0779,start,0,1500,VIDE,0.0,0.0,0.0,0.0,0.0,0.0,0,0,0.0,0.0,0.0,0.0,0.0,0.0,2.0,1.0,0.05,0.8,0.0,0.0,1
802,2026-04-22T14:54:16.881Z,S20260422_155325,SC01,AUTO,,51.0915,0.0478,start,0,1500,VIDE,0.0,0.0,0.0,0.0,0.0,0.0,0,0,0.0,0.0,0.0,0.0,0.0,0.0,2.0,1.0,0.05,0.8,0.0,0.0,1
803,2026-04-22T14:54:16.944Z,S20260422_155325,SC01,AUTO,,51.1548,0.0633,start,0,1500,VIDE,0.0,0.0,0.0,0.0,0.0,0.0,0,0,0.0,0.0,0.0,0.0,0.0,0.0,2.0,1.0,0.05,0.8,0.0,0.0,1
804,2026-04-22T14:54:17.009Z,S20260422_155325,SC01,AUTO,,51.219,0.0643,start,0,1500,VIDE,0.0,0.0,0.0,0.0,0.0,0.0,0,0,0.0,0.0,0.0,0.0,0.0,0.0,2.0,1.0,0.05,0.8,0.0,0.0,1
805,2026-04-22T14:54:17.073Z,S20260422_155325,SC01,AUTO,,51.2834,0.0644,start,0,1500,VIDE,0.0,0.0,0.0,0.0,0.0,0.0,0,0,0.0,0.0,0.0,0.0,0.0,0.0,2.0,1.0,0.05,0.8,0.0,0.0,1
806,2026-04-22T14:54:17.137Z,S20260422_155325,SC01,AUTO,,51.3471,0.0637,start,0,1500,VIDE,0.0,0.0,0.0,0.0,0.0,0.0,0,0,0.0,0.0,0.0,0.0,0.0,0.0,2.0,1.0,0.05,0.8,0.0,0.0,1
807,2026-04-22T14:54:17.201Z,S20260422_155325,SC01,AUTO,,51.4114,0.0643,start,0,1500,VIDE,0.0,0.0,0.0,0.0,0.0,0.0,0,0,0.0,0.0,0.0,0.0,0.0,0.0,2.0,1.0,0.05,0.8,0.0,0.0,1
808,2026-04-22T14:54:17.265Z,S20260422_155325,SC01,AUTO,,51.4756,0.0641,start,0,1500,VIDE,0.0,0.0,0.0,0.0,0.0,0.0,0,0,0.0,0.0,0.0,0.0,0.0,0.0,2.0,1.0,0.05,0.8,0.0,0.0,1
809,2026-04-22T14:54:17.327Z,S20260422_155325,SC01,AUTO,,51.5372,0.0617,start,0,1500,VIDE,0.0,0.0,0.0,0.0,0.0,0.0,0,0,0.0,0.0,0.0,0.0,0.0,0.0,2.0,1.0,0.05,0.8,0.0,0.0,1
810,2026-04-22T14:54:17.388Z,S20260422_155325,SC01,AUTO,,51.5985,0.0613,start,0,1500,VIDE,0.0,0.0,0.0,0.0,0.0,0.0,0,0,0.0,0.0,0.0,0.0,0.0,0.0,2.0,1.0,0.05,0.8,0.0,0.0,1
811,2026-04-22T14:54:17.450Z,S20260422_155325,SC01,AUTO,,51.6602,0.0617,start,0,1500,VIDE,0.0,0.0,0.0,0.0,0.0,0.0,0,0,0.0,0.0,0.0,0.0,0.0,0.0,2.0,1.0,0.05,0.8,0.0,0.0,1
812,2026-04-22T14:54:17.513Z,S20260422_155325,SC01,AUTO,,51.7232,0.0631,start,0,1500,VIDE,0.0,0.0,0.0,0.0,0.0,0.0,0,0,0.0,0.0,0.0,0.0,0.0,0.0,2.0,1.0,0.05,0.8,0.0,0.0,1
813,2026-04-22T14:54:17.568Z,S20260422_155325,SC01,AUTO,,51.7787,0.0555,start,0,1500,VIDE,0.0,0.0,0.0,0.0,0.0,0.0,0,0,0.0,0.0,0.0,0.0,0.0,0.0,2.0,1.0,0.05,0.8,0.0,0.0,1
814,2026-04-22T14:54:17.633Z,S20260422_155325,SC01,AUTO,,51.8435,0.0648,start,0,1500,VIDE,0.0,0.0,0.0,0.0,0.0,0.0,0,0,0.0,0.0,0.0,0.0,0.0,0.0,2.0,1.0,0.05,0.8,0.0,0.0,1
815,2026-04-22T14:54:17.697Z,S20260422_155325,SC01,AUTO,,51.9072,0.0637,start,0,1500,VIDE,0.0,0.0,0.0,0.0,0.0,0.0,0,0,0.0,0.0,0.0,0.0,0.0,0.0,2.0,1.0,0.05,0.8,0.0,0.0,1
816,2026-04-22T14:54:17.761Z,S20260422_155325,SC01,AUTO,,51.9713,0.0641,start,0,1500,VIDE,0.0,0.0,0.0,0.0,0.0,0.0,0,0,0.0,0.0,0.0,0.0,0.0,0.0,2.0,1.0,0.05,0.8,0.0,0.0,1
817,2026-04-22T14:54:17.825Z,S20260422_155325,SC01,AUTO,,52.0349,0.0636,start,0,1500,VIDE,0.0,0.0,0.0,0.0,0.0,0.0,0,0,0.0,0.0,0.0,0.0,0.0,0.0,2.0,1.0,0.05,0.8,0.0,0.0,1
818,2026-04-22T14:54:17.886Z,S20260422_155325,SC01,AUTO,,52.0965,0.0616,start,0,1500,VIDE,0.0,0.0,0.0,0.0,0.0,0.0,0,0,0.0,0.0,0.0,0.0,0.0,0.0,2.0,1.0,0.05,0.8,0.0,0.0,1
819,2026-04-22T14:54:17.948Z,S20260422_155325,SC01,AUTO,,52.1588,0.0623,start,0,1500,VIDE,0.0,0.0,0.0,0.0,0.0,0.0,0,0,0.0,0.0,0.0,0.0,0.0,0.0,2.0,1.0,0.05,0.8,0.0,0.0,1
820,2026-04-22T14:54:18.010Z,S20260422_155325,SC01,AUTO,,52.2201,0.0613,start,0,1500,VIDE,0.0,0.0,0.0,0.0,0.0,0.0,0,0,0.0,0.0,0.0,0.0,0.0,0.0,2.0,1.0,0.05,0.8,0.0,0.0,1
821,2026-04-22T14:54:18.072Z,S20260422_155325,SC01,AUTO,,52.2819,0.0618,start,0,1500,VIDE,0.0,0.0,0.0,0.0,0.0,0.0,0,0,0.0,0.0,0.0,0.0,0.0,0.0,2.0,1.0,0.05,0.8,0.0,0.0,1
822,2026-04-22T14:54:18.133Z,S20260422_155325,SC01,AUTO,,52.3435,0.0616,start,0,1500,VIDE,0.0,0.0,0.0,0.0,0.0,0.0,0,0,0.0,0.0,0.0,0.0,0.0,0.0,2.0,1.0,0.05,0.8,0.0,0.0,1
823,2026-04-22T14:54:18.193Z,S20260422_155325,SC01,AUTO,,52.4033,0.0598,start,0,1500,VIDE,0.0,0.0,0.0,0.0,0.0,0.0,0,0,0.0,0.0,0.0,0.0,0.0,0.0,2.0,1.0,0.05,0.8,0.0,0.0,1
824,2026-04-22T14:54:18.257Z,S20260422_155325,SC01,AUTO,,52.4674,0.0641,start,0,1500,VIDE,0.0,0.0,0.0,0.0,0.0,0.0,0,0,0.0,0.0,0.0,0.0,0.0,0.0,2.0,1.0,0.05,0.8,0.0,0.0,1
825,2026-04-22T14:54:18.320Z,S20260422_155325,SC01,AUTO,,52.5307,0.0633,start,0,1500,VIDE,0.0,0.0,0.0,0.0,0.0,0.0,0,0,0.0,0.0,0.0,0.0,0.0,0.0,2.0,1.0,0.05,0.8,0.0,0.0,1
826,2026-04-22T14:54:18.385Z,S20260422_155325,SC01,AUTO,,52.5954,0.0647,start,0,1500,VIDE,0.0,0.0,0.0,0.0,0.0,0.0,0,0,0.0,0.0,0.0,0.0,0.0,0.0,2.0,1.0,0.05,0.8,0.0,0.0,1
827,2026-04-22T14:54:18.448Z,S20260422_155325,SC01,AUTO,,52.6582,0.0628,start,0,1500,VIDE,0.0,0.0,0.0,0.0,0.0,0.0,0,0,0.0,0.0,0.0,0.0,0.0,0.0,2.0,1.0,0.05,0.8,0.0,0.0,1
828,2026-04-22T14:54:18.510Z,S20260422_155325,SC01,AUTO,,52.7202,0.062,start,0,1500,VIDE,0.0,0.0,0.0,0.0,0.0,0.0,0,0,0.0,0.0,0.0,0.0,0.0,0.0,2.0,1.0,0.05,0.8,0.0,0.0,1
829,2026-04-22T14:54:18.570Z,S20260422_155325,SC01,AUTO,,52.7809,0.0607,start,0,1500,VIDE,0.0,0.0,0.0,0.0,0.0,0.0,0,0,0.0,0.0,0.0,0.0,0.0,0.0,2.0,1.0,0.05,0.8,0.0,0.0,1
830,2026-04-22T14:54:18.633Z,S20260422_155325,SC01,AUTO,,52.843,0.0621,start,0,1500,VIDE,0.0,0.0,0.0,0.0,0.0,0.0,0,0,0.0,0.0,0.0,0.0,0.0,0.0,2.0,1.0,0.05,0.8,0.0,0.0,1
831,2026-04-22T14:54:18.695Z,S20260422_155325,SC01,AUTO,,52.9049,0.0619,start,0,1500,VIDE,0.0,0.0,0.0,0.0,0.0,0.0,0,0,0.0,0.0,0.0,0.0,0.0,0.0,2.0,1.0,0.05,0.8,0.0,0.0,1
832,2026-04-22T14:54:18.758Z,S20260422_155325,SC01,AUTO,,52.9682,0.0632,start,0,1500,VIDE,0.0,0.0,0.0,0.0,0.0,0.0,0,0,0.0,0.0,0.0,0.0,0.0,0.0,2.0,1.0,0.05,0.8,0.0,0.0,1
833,2026-04-22T14:54:18.821Z,S20260422_155325,SC01,AUTO,,53.0317,0.0636,start,0,1500,VIDE,0.0,0.0,0.0,0.0,0.0,0.0,0,0,0.0,0.0,0.0,0.0,0.0,0.0,2.0,1.0,0.05,0.8,0.0,0.0,1
834,2026-04-22T14:54:18.881Z,S20260422_155325,SC01,AUTO,,53.0917,0.06,start,0,1500,VIDE,0.0,0.0,0.0,0.0,0.0,0.0,0,0,0.0,0.0,0.0,0.0,0.0,0.0,2.0,1.0,0.05,0.8,0.0,0.0,1
835,2026-04-22T14:54:18.945Z,S20260422_155325,SC01,AUTO,,53.1555,0.0639,start,0,1500,VIDE,0.0,0.0,0.0,0.0,0.0,0.0,0,0,0.0,0.0,0.0,0.0,0.0,0.0,2.0,1.0,0.05,0.8,0.0,0.0,1
836,2026-04-22T14:54:19.009Z,S20260422_155325,SC01,AUTO,,53.2196,0.0641,start,0,1500,VIDE,0.0,0.0,0.0,0.0,0.0,0.0,0,0,0.0,0.0,0.0,0.0,0.0,0.0,2.0,1.0,0.05,0.8,0.0,0.0,1
837,2026-04-22T14:54:19.073Z,S20260422_155325,SC01,AUTO,,53.2838,0.0642,start,0,1500,VIDE,0.0,0.0,0.0,0.0,0.0,0.0,0,0,0.0,0.0,0.0,0.0,0.0,0.0,2.0,1.0,0.05,0.8,0.0,0.0,1
838,2026-04-22T14:54:19.137Z,S20260422_155325,SC01,AUTO,,53.3469,0.0631,start,0,1500,VIDE,0.0,0.0,0.0,0.0,0.0,0.0,0,0,0.0,0.0,0.0,0.0,0.0,0.0,2.0,1.0,0.05,0.8,0.0,0.0,1
839,2026-04-22T14:54:19.199Z,S20260422_155325,SC01,AUTO,,53.4097,0.0628,start,0,1500,VIDE,0.0,0.0,0.0,0.0,0.0,0.0,0,0,0.0,0.0,0.0,0.0,0.0,0.0,2.0,1.0,0.05,0.8,0.0,0.0,1
840,2026-04-22T14:54:19.263Z,S20260422_155325,SC01,AUTO,,53.4738,0.0641,start,0,1500,VIDE,0.0,0.0,0.0,0.0,0.0,0.0,0,0,0.0,0.0,0.0,0.0,0.0,0.0,2.0,1.0,0.05,0.8,0.0,0.0,1
841,2026-04-22T14:54:19.326Z,S20260422_155325,SC01,AUTO,,53.5364,0.0626,start,0,1500,VIDE,0.0,0.0,0.0,0.0,0.0,0.0,0,0,0.0,0.0,0.0,0.0,0.0,0.0,2.0,1.0,0.05,0.8,0.0,0.0,1
842,2026-04-22T14:54:19.389Z,S20260422_155325,SC01,AUTO,,53.5997,0.0633,start,0,1500,VIDE,0.0,0.0,0.0,0.0,0.0,0.0,0,0,0.0,0.0,0.0,0.0,0.0,0.0,2.0,1.0,0.05,0.8,0.0,0.0,1
843,2026-04-22T14:54:19.452Z,S20260422_155325,SC01,AUTO,,53.6627,0.063,start,0,1500,VIDE,0.0,0.0,0.0,0.0,0.0,0.0,0,0,0.0,0.0,0.0,0.0,0.0,0.0,2.0,1.0,0.05,0.8,0.0,0.0,1
844,2026-04-22T14:54:19.516Z,S20260422_155325,SC01,AUTO,,53.7263,0.0636,start,0,1500,VIDE,0.0,0.0,0.0,0.0,0.0,0.0,0,0,0.0,0.0,0.0,0.0,0.0,0.0,2.0,1.0,0.05,0.8,0.0,0.0,1
845,2026-04-22T14:54:19.569Z,S20260422_155325,SC01,AUTO,,53.7791,0.0528,start,0,1500,VIDE,0.0,0.0,0.0,0.0,0.0,0.0,0,0,0.0,0.0,0.0,0.0,0.0,0.0,2.0,1.0,0.05,0.8,0.0,0.0,1
846,2026-04-22T14:54:19.632Z,S20260422_155325,SC01,AUTO,,53.8427,0.0636,start,0,1500,VIDE,0.0,0.0,0.0,0.0,0.0,0.0,0,0,0.0,0.0,0.0,0.0,0.0,0.0,2.0,1.0,0.05,0.8,0.0,0.0,1
847,2026-04-22T14:54:19.696Z,S20260422_155325,SC01,AUTO,,53.9067,0.064,start,0,1500,VIDE,0.0,0.0,0.0,0.0,0.0,0.0,0,0,0.0,0.0,0.0,0.0,0.0,0.0,2.0,1.0,0.05,0.8,0.0,0.0,1
848,2026-04-22T14:54:19.760Z,S20260422_155325,SC01,AUTO,,53.9709,0.0642,start,0,1500,VIDE,0.0,0.0,0.0,0.0,0.0,0.0,0,0,0.0,0.0,0.0,0.0,0.0,0.0,2.0,1.0,0.05,0.8,0.0,0.0,1
849,2026-04-22T14:54:19.825Z,S20260422_155325,SC01,AUTO,,54.0355,0.0647,start,0,1500,VIDE,0.0,0.0,0.0,0.0,0.0,0.0,0,0,0.0,0.0,0.0,0.0,0.0,0.0,2.0,1.0,0.05,0.8,0.0,0.0,1
850,2026-04-22T14:54:19.889Z,S20260422_155325,SC01,AUTO,,54.0993,0.0638,start,0,1500,VIDE,0.0,0.0,0.0,0.0,0.0,0.0,0,0,0.0,0.0,0.0,0.0,0.0,0.0,2.0,1.0,0.05,0.8,0.0,0.0,1
851,2026-04-22T14:54:19.953Z,S20260422_155325,SC01,AUTO,,54.1632,0.0639,start,0,1500,VIDE,0.0,0.0,0.0,0.0,0.0,0.0,0,0,0.0,0.0,0.0,0.0,0.0,0.0,2.0,1.0,0.05,0.8,0.0,0.0,1
852,2026-04-22T14:54:20.016Z,S20260422_155325,SC01,AUTO,,54.2269,0.0637,start,0,1500,VIDE,0.0,0.0,0.0,0.0,0.0,0.0,0,0,0.0,0.0,0.0,0.0,0.0,0.0,2.0,1.0,0.05,0.8,0.0,0.0,1
853,2026-04-22T14:54:20.080Z,S20260422_155325,SC01,AUTO,,54.2907,0.0638,start,0,1500,VIDE,0.0,0.0,0.0,0.0,0.0,0.0,0,0,0.0,0.0,0.0,0.0,0.0,0.0,2.0,1.0,0.05,0.8,0.0,0.0,1
854,2026-04-22T14:54:20.144Z,S20260422_155325,SC01,AUTO,,54.3545,0.0638,start,0,1500,VIDE,0.0,0.0,0.0,0.0,0.0,0.0,0,0,0.0,0.0,0.0,0.0,0.0,0.0,2.0,1.0,0.05,0.8,0.0,0.0,1
855,2026-04-22T14:54:20.208Z,S20260422_155325,SC01,AUTO,,54.418,0.0636,start,0,1500,VIDE,0.0,0.0,0.0,0.0,0.0,0.0,0,0,0.0,0.0,0.0,0.0,0.0,0.0,2.0,1.0,0.05,0.8,0.0,0.0,1
856,2026-04-22T14:54:20.256Z,S20260422_155325,SC01,AUTO,,54.4669,0.0489,start,0,1500,VIDE,0.0,0.0,0.0,0.0,0.0,0.0,0,0,0.0,0.0,0.0,0.0,0.0,0.0,2.0,1.0,0.05,0.8,0.0,0.0,1
857,2026-04-22T14:54:20.321Z,S20260422_155325,SC01,AUTO,,54.5312,0.0643,start,0,1500,VIDE,0.0,0.0,0.0,0.0,0.0,0.0,0,0,0.0,0.0,0.0,0.0,0.0,0.0,2.0,1.0,0.05,0.8,0.0,0.0,1
858,2026-04-22T14:54:20.385Z,S20260422_155325,SC01,AUTO,,54.5951,0.0639,start,0,1500,VIDE,0.0,0.0,0.0,0.0,0.0,0.0,0,0,0.0,0.0,0.0,0.0,0.0,0.0,2.0,1.0,0.05,0.8,0.0,0.0,1
859,2026-04-22T14:54:20.449Z,S20260422_155325,SC01,AUTO,,54.6596,0.0645,start,0,1500,VIDE,0.0,0.0,0.0,0.0,0.0,0.0,0,0,0.0,0.0,0.0,0.0,0.0,0.0,2.0,1.0,0.05,0.8,0.0,0.0,1
860,2026-04-22T14:54:20.512Z,S20260422_155325,SC01,AUTO,,54.7229,0.0633,start,0,1500,VIDE,0.0,0.0,0.0,0.0,0.0,0.0,0,0,0.0,0.0,0.0,0.0,0.0,0.0,2.0,1.0,0.05,0.8,0.0,0.0,1
861,2026-04-22T14:54:20.577Z,S20260422_155325,SC01,AUTO,,54.7873,0.0644,start,0,1500,VIDE,0.0,0.0,0.0,0.0,0.0,0.0,0,0,0.0,0.0,0.0,0.0,0.0,0.0,2.0,1.0,0.05,0.8,0.0,0.0,1
862,2026-04-22T14:54:20.640Z,S20260422_155325,SC01,AUTO,,54.8509,0.0637,start,0,1500,VIDE,0.0,0.0,0.0,0.0,0.0,0.0,0,0,0.0,0.0,0.0,0.0,0.0,0.0,2.0,1.0,0.05,0.8,0.0,0.0,1
863,2026-04-22T14:54:20.704Z,S20260422_155325,SC01,AUTO,,54.9148,0.0639,start,0,1500,VIDE,0.0,0.0,0.0,0.0,0.0,0.0,0,0,0.0,0.0,0.0,0.0,0.0,0.0,2.0,1.0,0.05,0.8,0.0,0.0,1
864,2026-04-22T14:54:20.769Z,S20260422_155325,SC01,AUTO,,54.9792,0.0644,start,0,1500,VIDE,0.0,0.0,0.0,0.0,0.0,0.0,0,0,0.0,0.0,0.0,0.0,0.0,0.0,2.0,1.0,0.05,0.8,0.0,0.0,1
865,2026-04-22T14:54:20.833Z,S20260422_155325,SC01,AUTO,,55.0433,0.0641,start,0,1500,VIDE,0.0,0.0,0.0,0.0,0.0,0.0,0,0,0.0,0.0,0.0,0.0,0.0,0.0,2.0,1.0,0.05,0.8,0.0,0.0,1
866,2026-04-22T14:54:20.881Z,S20260422_155325,SC01,AUTO,,55.0916,0.0484,start,0,1500,VIDE,0.0,0.0,0.0,0.0,0.0,0.0,0,0,0.0,0.0,0.0,0.0,0.0,0.0,2.0,1.0,0.05,0.8,0.0,0.0,1
867,2026-04-22T14:54:20.943Z,S20260422_155325,SC01,AUTO,,55.1539,0.0622,start,0,1500,VIDE,0.0,0.0,0.0,0.0,0.0,0.0,0,0,0.0,0.0,0.0,0.0,0.0,0.0,2.0,1.0,0.05,0.8,0.0,0.0,1
868,2026-04-22T14:54:21.006Z,S20260422_155325,SC01,AUTO,,55.2168,0.063,start,0,1500,VIDE,0.0,0.0,0.0,0.0,0.0,0.0,0,0,0.0,0.0,0.0,0.0,0.0,0.0,2.0,1.0,0.05,0.8,0.0,0.0,1
869,2026-04-22T14:54:21.068Z,S20260422_155325,SC01,AUTO,,55.2784,0.0616,start,0,1500,VIDE,0.0,0.0,0.0,0.0,0.0,0.0,0,0,0.0,0.0,0.0,0.0,0.0,0.0,2.0,1.0,0.05,0.8,0.0,0.0,1
870,2026-04-22T14:54:21.131Z,S20260422_155325,SC01,AUTO,,55.3417,0.0633,start,0,1500,VIDE,0.0,0.0,0.0,0.0,0.0,0.0,0,0,0.0,0.0,0.0,0.0,0.0,0.0,2.0,1.0,0.05,0.8,0.0,0.0,1
871,2026-04-22T14:54:21.195Z,S20260422_155325,SC01,AUTO,,55.4054,0.0637,start,0,1500,VIDE,0.0,0.0,0.0,0.0,0.0,0.0,0,0,0.0,0.0,0.0,0.0,0.0,0.0,2.0,1.0,0.05,0.8,0.0,0.0,1
872,2026-04-22T14:54:21.259Z,S20260422_155325,SC01,AUTO,,55.469,0.0636,start,0,1500,VIDE,0.0,0.0,0.0,0.0,0.0,0.0,0,0,0.0,0.0,0.0,0.0,0.0,0.0,2.0,1.0,0.05,0.8,0.0,0.0,1
873,2026-04-22T14:54:21.322Z,S20260422_155325,SC01,AUTO,,55.5322,0.0632,start,0,1500,VIDE,0.0,0.0,0.0,0.0,0.0,0.0,0,0,0.0,0.0,0.0,0.0,0.0,0.0,2.0,1.0,0.05,0.8,0.0,0.0,1
874,2026-04-22T14:54:21.385Z,S20260422_155325,SC01,AUTO,,55.5954,0.0632,start,0,1500,VIDE,0.0,0.0,0.0,0.0,0.0,0.0,0,0,0.0,0.0,0.0,0.0,0.0,0.0,2.0,1.0,0.05,0.8,0.0,0.0,1
875,2026-04-22T14:54:21.447Z,S20260422_155325,SC01,AUTO,,55.6574,0.062,start,0,1500,VIDE,0.0,0.0,0.0,0.0,0.0,0.0,0,0,0.0,0.0,0.0,0.0,0.0,0.0,2.0,1.0,0.05,0.8,0.0,0.0,1
876,2026-04-22T14:54:21.508Z,S20260422_155325,SC01,AUTO,,55.7188,0.0615,start,0,1500,VIDE,0.0,0.0,0.0,0.0,0.0,0.0,0,0,0.0,0.0,0.0,0.0,0.0,0.0,2.0,1.0,0.05,0.8,0.0,0.0,1
877,2026-04-22T14:54:21.568Z,S20260422_155325,SC01,AUTO,,55.7787,0.0599,start,0,1500,VIDE,0.0,0.0,0.0,0.0,0.0,0.0,0,0,0.0,0.0,0.0,0.0,0.0,0.0,2.0,1.0,0.05,0.8,0.0,0.0,1
878,2026-04-22T14:54:21.633Z,S20260422_155325,SC01,AUTO,,55.8434,0.0647,start,0,1500,VIDE,0.0,0.0,0.0,0.0,0.0,0.0,0,0,0.0,0.0,0.0,0.0,0.0,0.0,2.0,1.0,0.05,0.8,0.0,0.0,1
879,2026-04-22T14:54:21.697Z,S20260422_155325,SC01,AUTO,,55.9076,0.0642,start,0,1500,VIDE,0.0,0.0,0.0,0.0,0.0,0.0,0,0,0.0,0.0,0.0,0.0,0.0,0.0,2.0,1.0,0.05,0.8,0.0,0.0,1
880,2026-04-22T14:54:21.761Z,S20260422_155325,SC01,AUTO,,55.9717,0.0641,start,0,1500,VIDE,0.0,0.0,0.0,0.0,0.0,0.0,0,0,0.0,0.0,0.0,0.0,0.0,0.0,2.0,1.0,0.05,0.8,0.0,0.0,1
881,2026-04-22T14:54:21.825Z,S20260422_155325,SC01,AUTO,,56.0355,0.0638,start,0,1500,VIDE,0.0,0.0,0.0,0.0,0.0,0.0,0,0,0.0,0.0,0.0,0.0,0.0,0.0,2.0,1.0,0.05,0.8,0.0,0.0,1
882,2026-04-22T14:54:21.889Z,S20260422_155325,SC01,AUTO,,56.0994,0.0639,start,0,1500,VIDE,0.0,0.0,0.0,0.0,0.0,0.0,0,0,0.0,0.0,0.0,0.0,0.0,0.0,2.0,1.0,0.05,0.8,0.0,0.0,1
883,2026-04-22T14:54:21.952Z,S20260422_155325,SC01,AUTO,,56.1621,0.0626,start,0,1500,VIDE,0.0,0.0,0.0,0.0,0.0,0.0,0,0,0.0,0.0,0.0,0.0,0.0,0.0,2.0,1.0,0.05,0.8,0.0,0.0,1
884,2026-04-22T14:54:22.015Z,S20260422_155325,SC01,AUTO,,56.2258,0.0637,start,0,1500,VIDE,0.0,0.0,0.0,0.0,0.0,0.0,0,0,0.0,0.0,0.0,0.0,0.0,0.0,2.0,1.0,0.05,0.8,0.0,0.0,1
885,2026-04-22T14:54:22.079Z,S20260422_155325,SC01,AUTO,,56.2897,0.064,start,0,1500,VIDE,0.0,0.0,0.0,0.0,0.0,0.0,0,0,0.0,0.0,0.0,0.0,0.0,0.0,2.0,1.0,0.05,0.8,0.0,0.0,1
886,2026-04-22T14:54:22.141Z,S20260422_155325,SC01,AUTO,,56.3509,0.0612,start,0,1500,VIDE,0.0,0.0,0.0,0.0,0.0,0.0,0,0,0.0,0.0,0.0,0.0,0.0,0.0,2.0,1.0,0.05,0.8,0.0,0.0,1
887,2026-04-22T14:54:22.193Z,S20260422_155325,SC01,AUTO,,56.4035,0.0525,start,0,1500,VIDE,0.0,0.0,0.0,0.0,0.0,0.0,0,0,0.0,0.0,0.0,0.0,0.0,0.0,2.0,1.0,0.05,0.8,0.0,0.0,1
888,2026-04-22T14:54:22.257Z,S20260422_155325,SC01,AUTO,,56.4669,0.0635,start,0,1500,VIDE,0.0,0.0,0.0,0.0,0.0,0.0,0,0,0.0,0.0,0.0,0.0,0.0,0.0,2.0,1.0,0.05,0.8,0.0,0.0,1
889,2026-04-22T14:54:22.321Z,S20260422_155325,SC01,AUTO,,56.5314,0.0644,start,0,1500,VIDE,0.0,0.0,0.0,0.0,0.0,0.0,0,0,0.0,0.0,0.0,0.0,0.0,0.0,2.0,1.0,0.05,0.8,0.0,0.0,1
890,2026-04-22T14:54:22.385Z,S20260422_155325,SC01,AUTO,,56.595,0.0637,start,0,1500,VIDE,0.0,0.0,0.0,0.0,0.0,0.0,0,0,0.0,0.0,0.0,0.0,0.0,0.0,2.0,1.0,0.05,0.8,0.0,0.0,1
891,2026-04-22T14:54:22.449Z,S20260422_155325,SC01,AUTO,,56.6598,0.0648,start,0,1500,VIDE,0.0,0.0,0.0,0.0,0.0,0.0,0,0,0.0,0.0,0.0,0.0,0.0,0.0,2.0,1.0,0.05,0.8,0.0,0.0,1
892,2026-04-22T14:54:22.513Z,S20260422_155325,SC01,AUTO,,56.723,0.0632,start,0,1500,VIDE,0.0,0.0,0.0,0.0,0.0,0.0,0,0,0.0,0.0,0.0,0.0,0.0,0.0,2.0,1.0,0.05,0.8,0.0,0.0,1
893,2026-04-22T14:54:22.577Z,S20260422_155325,SC01,AUTO,,56.7874,0.0644,start,0,1500,VIDE,0.0,0.0,0.0,0.0,0.0,0.0,0,0,0.0,0.0,0.0,0.0,0.0,0.0,2.0,1.0,0.05,0.8,0.0,0.0,1
894,2026-04-22T14:54:22.641Z,S20260422_155325,SC01,AUTO,,56.8515,0.0642,start,0,1500,VIDE,0.0,0.0,0.0,0.0,0.0,0.0,0,0,0.0,0.0,0.0,0.0,0.0,0.0,2.0,1.0,0.05,0.8,0.0,0.0,1
895,2026-04-22T14:54:22.703Z,S20260422_155325,SC01,AUTO,,56.9134,0.0618,start,0,1500,VIDE,0.0,0.0,0.0,0.0,0.0,0.0,0,0,0.0,0.0,0.0,0.0,0.0,0.0,2.0,1.0,0.05,0.8,0.0,0.0,1
896,2026-04-22T14:54:22.758Z,S20260422_155325,SC01,AUTO,,56.968,0.0547,start,0,1500,VIDE,0.0,0.0,0.0,0.0,0.0,0.0,0,0,0.0,0.0,0.0,0.0,0.0,0.0,2.0,1.0,0.05,0.8,0.0,0.0,1
897,2026-04-22T14:54:22.829Z,S20260422_155325,SC01,AUTO,,57.0396,0.0716,start,0,1500,VIDE,0.0,0.0,0.0,0.0,0.0,0.0,0,0,0.0,0.0,0.0,0.0,0.0,0.0,2.0,1.0,0.05,0.8,0.0,0.0,1
898,2026-04-22T14:54:22.880Z,S20260422_155325,SC01,AUTO,,57.0907,0.0511,start,0,1500,VIDE,0.0,0.0,0.0,0.0,0.0,0.0,0,0,0.0,0.0,0.0,0.0,0.0,0.0,2.0,1.0,0.05,0.8,0.0,0.0,1
899,2026-04-22T14:54:22.945Z,S20260422_155325,SC01,AUTO,,57.1552,0.0644,start,0,1500,VIDE,0.0,0.0,0.0,0.0,0.0,0.0,0,0,0.0,0.0,0.0,0.0,0.0,0.0,2.0,1.0,0.05,0.8,0.0,0.0,1
900,2026-04-22T14:54:23.009Z,S20260422_155325,SC01,AUTO,,57.2192,0.064,start,0,1500,VIDE,0.0,0.0,0.0,0.0,0.0,0.0,0,0,0.0,0.0,0.0,0.0,0.0,0.0,2.0,1.0,0.05,0.8,0.0,0.0,1
901,2026-04-22T14:54:23.070Z,S20260422_155325,SC01,AUTO,,57.2799,0.0607,start,0,1500,VIDE,0.0,0.0,0.0,0.0,0.0,0.0,0,0,0.0,0.0,0.0,0.0,0.0,0.0,2.0,1.0,0.05,0.8,0.0,0.0,1
902,2026-04-22T14:54:23.136Z,S20260422_155325,SC01,AUTO,,57.3467,0.0668,start,0,1500,VIDE,0.0,0.0,0.0,0.0,0.0,0.0,0,0,0.0,0.0,0.0,0.0,0.0,0.0,2.0,1.0,0.05,0.8,0.0,0.0,1
903,2026-04-22T14:54:23.201Z,S20260422_155325,SC01,AUTO,,57.4115,0.0648,start,0,1500,VIDE,0.0,0.0,0.0,0.0,0.0,0.0,0,0,0.0,0.0,0.0,0.0,0.0,0.0,2.0,1.0,0.05,0.8,0.0,0.0,1
904,2026-04-22T14:54:23.264Z,S20260422_155325,SC01,AUTO,,57.4745,0.063,start,0,1500,VIDE,0.0,0.0,0.0,0.0,0.0,0.0,0,0,0.0,0.0,0.0,0.0,0.0,0.0,2.0,1.0,0.05,0.8,0.0,0.0,1
905,2026-04-22T14:54:23.326Z,S20260422_155325,SC01,AUTO,,57.5368,0.0623,start,0,1500,VIDE,0.0,0.0,0.0,0.0,0.0,0.0,0,0,0.0,0.0,0.0,0.0,0.0,0.0,2.0,1.0,0.05,0.8,0.0,0.0,1
906,2026-04-22T14:54:23.388Z,S20260422_155325,SC01,AUTO,,57.5985,0.0617,start,0,1500,VIDE,0.0,0.0,0.0,0.0,0.0,0.0,0,0,0.0,0.0,0.0,0.0,0.0,0.0,2.0,1.0,0.05,0.8,0.0,0.0,1
907,2026-04-22T14:54:23.449Z,S20260422_155325,SC01,AUTO,,57.6598,0.0613,start,0,1500,VIDE,0.0,0.0,0.0,0.0,0.0,0.0,0,0,0.0,0.0,0.0,0.0,0.0,0.0,2.0,1.0,0.05,0.8,0.0,0.0,1
908,2026-04-22T14:54:23.512Z,S20260422_155325,SC01,AUTO,,57.7228,0.063,start,0,1500,VIDE,0.0,0.0,0.0,0.0,0.0,0.0,0,0,0.0,0.0,0.0,0.0,0.0,0.0,2.0,1.0,0.05,0.8,0.0,0.0,1
909,2026-04-22T14:54:23.569Z,S20260422_155325,SC01,AUTO,,57.7792,0.0564,start,0,1500,VIDE,0.0,0.0,0.0,0.0,0.0,0.0,0,0,0.0,0.0,0.0,0.0,0.0,0.0,2.0,1.0,0.05,0.8,0.0,0.0,1
910,2026-04-22T14:54:23.633Z,S20260422_155325,SC01,AUTO,,57.8433,0.0641,start,0,1500,VIDE,0.0,0.0,0.0,0.0,0.0,0.0,0,0,0.0,0.0,0.0,0.0,0.0,0.0,2.0,1.0,0.05,0.8,0.0,0.0,1
911,2026-04-22T14:54:23.697Z,S20260422_155325,SC01,AUTO,,57.9076,0.0642,start,0,1500,VIDE,0.0,0.0,0.0,0.0,0.0,0.0,0,0,0.0,0.0,0.0,0.0,0.0,0.0,2.0,1.0,0.05,0.8,0.0,0.0,1
912,2026-04-22T14:54:23.761Z,S20260422_155325,SC01,AUTO,,57.971,0.0635,start,0,1500,VIDE,0.0,0.0,0.0,0.0,0.0,0.0,0,0,0.0,0.0,0.0,0.0,0.0,0.0,2.0,1.0,0.05,0.8,0.0,0.0,1
913,2026-04-22T14:54:23.822Z,S20260422_155325,SC01,AUTO,,58.0326,0.0616,start,0,1500,VIDE,0.0,0.0,0.0,0.0,0.0,0.0,0,0,0.0,0.0,0.0,0.0,0.0,0.0,2.0,1.0,0.05,0.8,0.0,0.0,1
914,2026-04-22T14:54:23.885Z,S20260422_155325,SC01,AUTO,,58.0951,0.0624,start,0,1500,VIDE,0.0,0.0,0.0,0.0,0.0,0.0,0,0,0.0,0.0,0.0,0.0,0.0,0.0,2.0,1.0,0.05,0.8,0.0,0.0,1
915,2026-04-22T14:54:23.949Z,S20260422_155325,SC01,AUTO,,58.1591,0.0641,start,0,1500,VIDE,0.0,0.0,0.0,0.0,0.0,0.0,0,0,0.0,0.0,0.0,0.0,0.0,0.0,2.0,1.0,0.05,0.8,0.0,0.0,1
916,2026-04-22T14:54:24.011Z,S20260422_155325,SC01,AUTO,,58.2212,0.0621,start,0,1500,VIDE,0.0,0.0,0.0,0.0,0.0,0.0,0,0,0.0,0.0,0.0,0.0,0.0,0.0,2.0,1.0,0.05,0.8,0.0,0.0,1
917,2026-04-22T14:54:24.073Z,S20260422_155325,SC01,AUTO,,58.283,0.0618,start,0,1500,VIDE,0.0,0.0,0.0,0.0,0.0,0.0,0,0,0.0,0.0,0.0,0.0,0.0,0.0,2.0,1.0,0.05,0.8,0.0,0.0,1
918,2026-04-22T14:54:24.136Z,S20260422_155325,SC01,AUTO,,58.3463,0.0633,start,0,1500,VIDE,0.0,0.0,0.0,0.0,0.0,0.0,0,0,0.0,0.0,0.0,0.0,0.0,0.0,2.0,1.0,0.05,0.8,0.0,0.0,1
919,2026-04-22T14:54:24.193Z,S20260422_155325,SC01,AUTO,,58.4033,0.0571,start,0,1500,VIDE,0.0,0.0,0.0,0.0,0.0,0.0,0,0,0.0,0.0,0.0,0.0,0.0,0.0,2.0,1.0,0.05,0.8,0.0,0.0,1
920,2026-04-22T14:54:24.257Z,S20260422_155325,SC01,AUTO,,58.4673,0.064,start,0,1500,VIDE,0.0,0.0,0.0,0.0,0.0,0.0,0,0,0.0,0.0,0.0,0.0,0.0,0.0,2.0,1.0,0.05,0.8,0.0,0.0,1
921,2026-04-22T14:54:24.321Z,S20260422_155325,SC01,AUTO,,58.5315,0.0642,start,0,1500,VIDE,0.0,0.0,0.0,0.0,0.0,0.0,0,0,0.0,0.0,0.0,0.0,0.0,0.0,2.0,1.0,0.05,0.8,0.0,0.0,1
922,2026-04-22T14:54:24.385Z,S20260422_155325,SC01,AUTO,,58.5955,0.064,start,0,1500,VIDE,0.0,0.0,0.0,0.0,0.0,0.0,0,0,0.0,0.0,0.0,0.0,0.0,0.0,2.0,1.0,0.05,0.8,0.0,0.0,1
923,2026-04-22T14:54:24.449Z,S20260422_155325,SC01,AUTO,,58.6596,0.0641,start,0,1500,VIDE,0.0,0.0,0.0,0.0,0.0,0.0,0,0,0.0,0.0,0.0,0.0,0.0,0.0,2.0,1.0,0.05,0.8,0.0,0.0,1
924,2026-04-22T14:54:24.509Z,S20260422_155325,SC01,AUTO,,58.7195,0.0599,start,0,1500,VIDE,0.0,0.0,0.0,0.0,0.0,0.0,0,0,0.0,0.0,0.0,0.0,0.0,0.0,2.0,1.0,0.05,0.8,0.0,0.0,1
925,2026-04-22T14:54:24.571Z,S20260422_155325,SC01,AUTO,,58.7811,0.0615,start,0,1500,VIDE,0.0,0.0,0.0,0.0,0.0,0.0,0,0,0.0,0.0,0.0,0.0,0.0,0.0,2.0,1.0,0.05,0.8,0.0,0.0,1
926,2026-04-22T14:54:24.632Z,S20260422_155325,SC01,AUTO,,58.8421,0.0611,start,0,1500,VIDE,0.0,0.0,0.0,0.0,0.0,0.0,0,0,0.0,0.0,0.0,0.0,0.0,0.0,2.0,1.0,0.05,0.8,0.0,0.0,1
927,2026-04-22T14:54:24.693Z,S20260422_155325,SC01,AUTO,,58.9038,0.0617,start,0,1500,VIDE,0.0,0.0,0.0,0.0,0.0,0.0,0,0,0.0,0.0,0.0,0.0,0.0,0.0,2.0,1.0,0.05,0.8,0.0,0.0,1
928,2026-04-22T14:54:24.769Z,S20260422_155325,SC01,AUTO,,58.9794,0.0756,start,0,1500,VIDE,0.0,0.0,0.0,0.0,0.0,0.0,0,0,0.0,0.0,0.0,0.0,0.0,0.0,2.0,1.0,0.05,0.8,0.0,0.0,1
929,2026-04-22T14:54:24.834Z,S20260422_155325,SC01,AUTO,,59.0442,0.0647,start,0,1500,VIDE,0.0,0.0,0.0,0.0,0.0,0.0,0,0,0.0,0.0,0.0,0.0,0.0,0.0,2.0,1.0,0.05,0.8,0.0,0.0,1
930,2026-04-22T14:54:24.881Z,S20260422_155325,SC01,AUTO,,59.0912,0.047,start,0,1500,VIDE,0.0,0.0,0.0,0.0,0.0,0.0,0,0,0.0,0.0,0.0,0.0,0.0,0.0,2.0,1.0,0.05,0.8,0.0,0.0,1
931,2026-04-22T14:54:24.943Z,S20260422_155325,SC01,AUTO,,59.1538,0.0627,start,0,1500,VIDE,0.0,0.0,0.0,0.0,0.0,0.0,0,0,0.0,0.0,0.0,0.0,0.0,0.0,2.0,1.0,0.05,0.8,0.0,0.0,1
932,2026-04-22T14:54:25.006Z,S20260422_155325,SC01,AUTO,,59.2159,0.0621,start,0,1500,VIDE,0.0,0.0,0.0,0.0,0.0,0.0,0,0,0.0,0.0,0.0,0.0,0.0,0.0,2.0,1.0,0.05,0.8,0.0,0.0,1
933,2026-04-22T14:54:25.068Z,S20260422_155325,SC01,AUTO,,59.2783,0.0624,start,0,1500,VIDE,0.0,0.0,0.0,0.0,0.0,0.0,0,0,0.0,0.0,0.0,0.0,0.0,0.0,2.0,1.0,0.05,0.8,0.0,0.0,1
934,2026-04-22T14:54:25.130Z,S20260422_155325,SC01,AUTO,,59.3409,0.0626,start,0,1500,VIDE,0.0,0.0,0.0,0.0,0.0,0.0,0,0,0.0,0.0,0.0,0.0,0.0,0.0,2.0,1.0,0.05,0.8,0.0,0.0,1
935,2026-04-22T14:54:25.200Z,S20260422_155325,SC01,AUTO,,59.4108,0.0699,start,0,1500,VIDE,0.0,0.0,0.0,0.0,0.0,0.0,0,0,0.0,0.0,0.0,0.0,0.0,0.0,2.0,1.0,0.05,0.8,0.0,0.0,1
936,2026-04-22T14:54:25.265Z,S20260422_155325,SC01,AUTO,,59.4756,0.0648,start,0,1500,VIDE,0.0,0.0,0.0,0.0,0.0,0.0,0,0,0.0,0.0,0.0,0.0,0.0,0.0,2.0,1.0,0.05,0.8,0.0,0.0,1
937,2026-04-22T14:54:25.328Z,S20260422_155325,SC01,AUTO,,59.5388,0.0632,start,0,1500,VIDE,0.0,0.0,0.0,0.0,0.0,0.0,0,0,0.0,0.0,0.0,0.0,0.0,0.0,2.0,1.0,0.05,0.8,0.0,0.0,1
938,2026-04-22T14:54:25.393Z,S20260422_155325,SC01,AUTO,,59.6034,0.0646,start,0,1500,VIDE,0.0,0.0,0.0,0.0,0.0,0.0,0,0,0.0,0.0,0.0,0.0,0.0,0.0,2.0,1.0,0.05,0.8,0.0,0.0,1
939,2026-04-22T14:54:25.457Z,S20260422_155325,SC01,AUTO,,59.6675,0.064,start,0,1500,VIDE,0.0,0.0,0.0,0.0,0.0,0.0,0,0,0.0,0.0,0.0,0.0,0.0,0.0,2.0,1.0,0.05,0.8,0.0,0.0,1
940,2026-04-22T14:54:25.520Z,S20260422_155325,SC01,AUTO,,59.7304,0.0629,start,0,1500,VIDE,0.0,0.0,0.0,0.0,0.0,0.0,0,0,0.0,0.0,0.0,0.0,0.0,0.0,2.0,1.0,0.05,0.8,0.0,0.0,1
941,2026-04-22T14:54:25.568Z,S20260422_155325,SC01,AUTO,,59.7787,0.0483,start,0,1500,VIDE,0.0,0.0,0.0,0.0,0.0,0.0,0,0,0.0,0.0,0.0,0.0,0.0,0.0,2.0,1.0,0.05,0.8,0.0,0.0,1
942,2026-04-22T14:54:25.632Z,S20260422_155325,SC01,AUTO,,59.8429,0.0641,start,0,1500,VIDE,0.0,0.0,0.0,0.0,0.0,0.0,0,0,0.0,0.0,0.0,0.0,0.0,0.0,2.0,1.0,0.05,0.8,0.0,0.0,1
943,2026-04-22T14:54:25.696Z,S20260422_155325,SC01,AUTO,,59.9068,0.0639,start,0,1500,VIDE,0.0,0.0,0.0,0.0,0.0,0.0,0,0,0.0,0.0,0.0,0.0,0.0,0.0,2.0,1.0,0.05,0.8,0.0,0.0,1
944,2026-04-22T14:54:25.761Z,S20260422_155325,SC01,AUTO,,59.9715,0.0647,start,0,1500,VIDE,0.0,0.0,0.0,0.0,0.0,0.0,0,0,0.0,0.0,0.0,0.0,0.0,0.0,2.0,1.0,0.05,0.8,0.0,0.0,1
945,2026-04-22T14:54:25.826Z,S20260422_155325,SC01,AUTO,,60.0361,0.0646,start,0,1500,VIDE,0.0,0.0,0.0,0.0,0.0,0.0,0,0,0.0,0.0,0.0,0.0,0.0,0.0,2.0,1.0,0.05,0.8,0.0,0.0,1
946,2026-04-22T14:54:25.889Z,S20260422_155325,SC01,AUTO,,60.0994,0.0633,start,0,1500,VIDE,0.0,0.0,0.0,0.0,0.0,0.0,0,0,0.0,0.0,0.0,0.0,0.0,0.0,2.0,1.0,0.05,0.8,0.0,0.0,1
947,2026-04-22T14:54:25.953Z,S20260422_155325,SC01,AUTO,,60.1637,0.0643,start,0,1500,VIDE,0.0,0.0,0.0,0.0,0.0,0.0,0,0,0.0,0.0,0.0,0.0,0.0,0.0,2.0,1.0,0.05,0.8,0.0,0.0,1
948,2026-04-22T14:54:26.017Z,S20260422_155325,SC01,AUTO,,60.2275,0.0638,start,0,1500,VIDE,0.0,0.0,0.0,0.0,0.0,0.0,0,0,0.0,0.0,0.0,0.0,0.0,0.0,2.0,1.0,0.05,0.8,0.0,0.0,1
949,2026-04-22T14:54:26.081Z,S20260422_155325,SC01,AUTO,,60.2914,0.0639,start,0,1500,VIDE,0.0,0.0,0.0,0.0,0.0,0.0,0,0,0.0,0.0,0.0,0.0,0.0,0.0,2.0,1.0,0.05,0.8,0.0,0.0,1
950,2026-04-22T14:54:26.144Z,S20260422_155325,SC01,AUTO,,60.3542,0.0628,start,0,1500,VIDE,0.0,0.0,0.0,0.0,0.0,0.0,0,0,0.0,0.0,0.0,0.0,0.0,0.0,2.0,1.0,0.05,0.8,0.0,0.0,1
951,2026-04-22T14:54:26.193Z,S20260422_155325,SC01,AUTO,,60.4034,0.0492,start,0,1500,VIDE,0.0,0.0,0.0,0.0,0.0,0.0,0,0,0.0,0.0,0.0,0.0,0.0,0.0,2.0,1.0,0.05,0.8,0.0,0.0,1
952,2026-04-22T14:54:26.257Z,S20260422_155325,SC01,AUTO,,60.4671,0.0638,start,0,1500,VIDE,0.0,0.0,0.0,0.0,0.0,0.0,0,0,0.0,0.0,0.0,0.0,0.0,0.0,2.0,1.0,0.05,0.8,0.0,0.0,1
953,2026-04-22T14:54:26.321Z,S20260422_155325,SC01,AUTO,,60.5316,0.0645,start,0,1500,VIDE,0.0,0.0,0.0,0.0,0.0,0.0,0,0,0.0,0.0,0.0,0.0,0.0,0.0,2.0,1.0,0.05,0.8,0.0,0.0,1
954,2026-04-22T14:54:26.385Z,S20260422_155325,SC01,AUTO,,60.5955,0.0639,start,0,1500,VIDE,0.0,0.0,0.0,0.0,0.0,0.0,0,0,0.0,0.0,0.0,0.0,0.0,0.0,2.0,1.0,0.05,0.8,0.0,0.0,1
955,2026-04-22T14:54:26.448Z,S20260422_155325,SC01,AUTO,,60.6589,0.0634,start,0,1500,VIDE,0.0,0.0,0.0,0.0,0.0,0.0,0,0,0.0,0.0,0.0,0.0,0.0,0.0,2.0,1.0,0.05,0.8,0.0,0.0,1
956,2026-04-22T14:54:26.513Z,S20260422_155325,SC01,AUTO,,60.7232,0.0643,start,0,1500,VIDE,0.0,0.0,0.0,0.0,0.0,0.0,0,0,0.0,0.0,0.0,0.0,0.0,0.0,2.0,1.0,0.05,0.8,0.0,0.0,1
957,2026-04-22T14:54:26.577Z,S20260422_155325,SC01,AUTO,,60.7871,0.0639,start,0,1500,VIDE,0.0,0.0,0.0,0.0,0.0,0.0,0,0,0.0,0.0,0.0,0.0,0.0,0.0,2.0,1.0,0.05,0.8,0.0,0.0,1
958,2026-04-22T14:54:26.640Z,S20260422_155325,SC01,AUTO,,60.8507,0.0636,start,0,1500,VIDE,0.0,0.0,0.0,0.0,0.0,0.0,0,0,0.0,0.0,0.0,0.0,0.0,0.0,2.0,1.0,0.05,0.8,0.0,0.0,1
959,2026-04-22T14:54:26.703Z,S20260422_155325,SC01,AUTO,,60.913,0.0623,start,0,1500,VIDE,0.0,0.0,0.0,0.0,0.0,0.0,0,0,0.0,0.0,0.0,0.0,0.0,0.0,2.0,1.0,0.05,0.8,0.0,0.0,1
960,2026-04-22T14:54:26.764Z,S20260422_155325,SC01,AUTO,,60.9744,0.0614,start,0,1500,VIDE,0.0,0.0,0.0,0.0,0.0,0.0,0,0,0.0,0.0,0.0,0.0,0.0,0.0,2.0,1.0,0.05,0.8,0.0,0.0,1
961,2026-04-22T14:54:26.827Z,S20260422_155325,SC01,AUTO,,61.0376,0.0632,start,0,1500,VIDE,0.0,0.0,0.0,0.0,0.0,0.0,0,0,0.0,0.0,0.0,0.0,0.0,0.0,2.0,1.0,0.05,0.8,0.0,0.0,1
962,2026-04-22T14:54:26.881Z,S20260422_155325,SC01,AUTO,,61.0909,0.0533,start,0,1500,VIDE,0.0,0.0,0.0,0.0,0.0,0.0,0,0,0.0,0.0,0.0,0.0,0.0,0.0,2.0,1.0,0.05,0.8,0.0,0.0,1
963,2026-04-22T14:54:26.945Z,S20260422_155325,SC01,AUTO,,61.1555,0.0646,start,0,1500,VIDE,0.0,0.0,0.0,0.0,0.0,0.0,0,0,0.0,0.0,0.0,0.0,0.0,0.0,2.0,1.0,0.05,0.8,0.0,0.0,1
964,2026-04-22T14:54:27.009Z,S20260422_155325,SC01,AUTO,,61.2193,0.0638,start,0,1500,VIDE,0.0,0.0,0.0,0.0,0.0,0.0,0,0,0.0,0.0,0.0,0.0,0.0,0.0,2.0,1.0,0.05,0.8,0.0,0.0,1
965,2026-04-22T14:54:27.073Z,S20260422_155325,SC01,AUTO,,61.2833,0.064,start,0,1500,VIDE,0.0,0.0,0.0,0.0,0.0,0.0,0,0,0.0,0.0,0.0,0.0,0.0,0.0,2.0,1.0,0.05,0.8,0.0,0.0,1
966,2026-04-22T14:54:27.136Z,S20260422_155325,SC01,AUTO,,61.3466,0.0634,start,0,1500,VIDE,0.0,0.0,0.0,0.0,0.0,0.0,0,0,0.0,0.0,0.0,0.0,0.0,0.0,2.0,1.0,0.05,0.8,0.0,0.0,1
967,2026-04-22T14:54:27.200Z,S20260422_155325,SC01,AUTO,,61.41,0.0634,start,0,1500,VIDE,0.0,0.0,0.0,0.0,0.0,0.0,0,0,0.0,0.0,0.0,0.0,0.0,0.0,2.0,1.0,0.05,0.8,0.0,0.0,1
968,2026-04-22T14:54:27.261Z,S20260422_155325,SC01,AUTO,,61.4709,0.0609,start,0,1500,VIDE,0.0,0.0,0.0,0.0,0.0,0.0,0,0,0.0,0.0,0.0,0.0,0.0,0.0,2.0,1.0,0.05,0.8,0.0,0.0,1
969,2026-04-22T14:54:27.322Z,S20260422_155325,SC01,AUTO,,61.5329,0.062,start,0,1500,VIDE,0.0,0.0,0.0,0.0,0.0,0.0,0,0,0.0,0.0,0.0,0.0,0.0,0.0,2.0,1.0,0.05,0.8,0.0,0.0,1
970,2026-04-22T14:54:27.384Z,S20260422_155325,SC01,AUTO,,61.5939,0.0611,start,0,1500,VIDE,0.0,0.0,0.0,0.0,0.0,0.0,0,0,0.0,0.0,0.0,0.0,0.0,0.0,2.0,1.0,0.05,0.8,0.0,0.0,1
971,2026-04-22T14:54:27.445Z,S20260422_155325,SC01,AUTO,,61.6556,0.0617,start,0,1500,VIDE,0.0,0.0,0.0,0.0,0.0,0.0,0,0,0.0,0.0,0.0,0.0,0.0,0.0,2.0,1.0,0.05,0.8,0.0,0.0,1
972,2026-04-22T14:54:27.507Z,S20260422_155325,SC01,AUTO,,61.7175,0.0619,start,0,1500,VIDE,0.0,0.0,0.0,0.0,0.0,0.0,0,0,0.0,0.0,0.0,0.0,0.0,0.0,2.0,1.0,0.05,0.8,0.0,0.0,1
973,2026-04-22T14:54:27.568Z,S20260422_155325,SC01,AUTO,,61.7789,0.0614,start,0,1500,VIDE,0.0,0.0,0.0,0.0,0.0,0.0,0,0,0.0,0.0,0.0,0.0,0.0,0.0,2.0,1.0,0.05,0.8,0.0,0.0,1
974,2026-04-22T14:54:27.632Z,S20260422_155325,SC01,AUTO,,61.8429,0.064,start,0,1500,VIDE,0.0,0.0,0.0,0.0,0.0,0.0,0,0,0.0,0.0,0.0,0.0,0.0,0.0,2.0,1.0,0.05,0.8,0.0,0.0,1
975,2026-04-22T14:54:27.694Z,S20260422_155325,SC01,AUTO,,61.9047,0.0618,start,0,1500,VIDE,0.0,0.0,0.0,0.0,0.0,0.0,0,0,0.0,0.0,0.0,0.0,0.0,0.0,2.0,1.0,0.05,0.8,0.0,0.0,1
976,2026-04-22T14:54:27.756Z,S20260422_155325,SC01,AUTO,,61.9665,0.0618,start,0,1500,VIDE,0.0,0.0,0.0,0.0,0.0,0.0,0,0,0.0,0.0,0.0,0.0,0.0,0.0,2.0,1.0,0.05,0.8,0.0,0.0,1
977,2026-04-22T14:54:27.818Z,S20260422_155325,SC01,AUTO,,62.029,0.0624,start,0,1500,VIDE,0.0,0.0,0.0,0.0,0.0,0.0,0,0,0.0,0.0,0.0,0.0,0.0,0.0,2.0,1.0,0.05,0.8,0.0,0.0,1
978,2026-04-22T14:54:27.881Z,S20260422_155325,SC01,AUTO,,62.0914,0.0626,start,0,1500,VIDE,0.0,0.0,0.0,0.0,0.0,0.0,0,0,0.0,0.0,0.0,0.0,0.0,0.0,2.0,1.0,0.05,0.8,0.0,0.0,1
979,2026-04-22T14:54:27.944Z,S20260422_155325,SC01,AUTO,,62.1539,0.0625,start,0,1500,VIDE,0.0,0.0,0.0,0.0,0.0,0.0,0,0,0.0,0.0,0.0,0.0,0.0,0.0,2.0,1.0,0.05,0.8,0.0,0.0,1
980,2026-04-22T14:54:28.006Z,S20260422_155325,SC01,AUTO,,62.2165,0.0626,start,0,1500,VIDE,0.0,0.0,0.0,0.0,0.0,0.0,0,0,0.0,0.0,0.0,0.0,0.0,0.0,2.0,1.0,0.05,0.8,0.0,0.0,1
981,2026-04-22T14:54:28.068Z,S20260422_155325,SC01,AUTO,,62.2786,0.0621,start,0,1500,VIDE,0.0,0.0,0.0,0.0,0.0,0.0,0,0,0.0,0.0,0.0,0.0,0.0,0.0,2.0,1.0,0.05,0.8,0.0,0.0,1
982,2026-04-22T14:54:28.131Z,S20260422_155325,SC01,AUTO,,62.3416,0.063,start,0,1500,VIDE,0.0,0.0,0.0,0.0,0.0,0.0,0,0,0.0,0.0,0.0,0.0,0.0,0.0,2.0,1.0,0.05,0.8,0.0,0.0,1
983,2026-04-22T14:54:28.193Z,S20260422_155325,SC01,AUTO,,62.4034,0.0618,start,0,1500,VIDE,0.0,0.0,0.0,0.0,0.0,0.0,0,0,0.0,0.0,0.0,0.0,0.0,0.0,2.0,1.0,0.05,0.8,0.0,0.0,1
984,2026-04-22T14:54:28.255Z,S20260422_155325,SC01,AUTO,,62.4659,0.0625,start,0,1500,VIDE,0.0,0.0,0.0,0.0,0.0,0.0,0,0,0.0,0.0,0.0,0.0,0.0,0.0,2.0,1.0,0.05,0.8,0.0,0.0,1
985,2026-04-22T14:54:28.318Z,S20260422_155325,SC01,AUTO,,62.5286,0.0627,start,0,1500,VIDE,0.0,0.0,0.0,0.0,0.0,0.0,0,0,0.0,0.0,0.0,0.0,0.0,0.0,2.0,1.0,0.05,0.8,0.0,0.0,1
986,2026-04-22T14:54:28.384Z,S20260422_155325,SC01,AUTO,,62.5948,0.0662,start,0,1500,VIDE,0.0,0.0,0.0,0.0,0.0,0.0,0,0,0.0,0.0,0.0,0.0,0.0,0.0,2.0,1.0,0.05,0.8,0.0,0.0,1
987,2026-04-22T14:54:28.449Z,S20260422_155325,SC01,AUTO,,62.6595,0.0647,start,0,1500,VIDE,0.0,0.0,0.0,0.0,0.0,0.0,0,0,0.0,0.0,0.0,0.0,0.0,0.0,2.0,1.0,0.05,0.8,0.0,0.0,1
988,2026-04-22T14:54:28.513Z,S20260422_155325,SC01,AUTO,,62.7231,0.0636,start,0,1500,VIDE,0.0,0.0,0.0,0.0,0.0,0.0,0,0,0.0,0.0,0.0,0.0,0.0,0.0,2.0,1.0,0.05,0.8,0.0,0.0,1
989,2026-04-22T14:54:28.576Z,S20260422_155325,SC01,AUTO,,62.7869,0.0637,start,0,1500,VIDE,0.0,0.0,0.0,0.0,0.0,0.0,0,0,0.0,0.0,0.0,0.0,0.0,0.0,2.0,1.0,0.05,0.8,0.0,0.0,1
990,2026-04-22T14:54:28.637Z,S20260422_155325,SC01,AUTO,,62.8476,0.0607,start,0,1500,VIDE,0.0,0.0,0.0,0.0,0.0,0.0,0,0,0.0,0.0,0.0,0.0,0.0,0.0,2.0,1.0,0.05,0.8,0.0,0.0,1
991,2026-04-22T14:54:28.704Z,S20260422_155325,SC01,AUTO,,62.9147,0.067,start,0,1500,VIDE,0.0,0.0,0.0,0.0,0.0,0.0,0,0,0.0,0.0,0.0,0.0,0.0,0.0,2.0,1.0,0.05,0.8,0.0,0.0,1
992,2026-04-22T14:54:28.769Z,S20260422_155325,SC01,AUTO,,62.9791,0.0645,start,0,1500,VIDE,0.0,0.0,0.0,0.0,0.0,0.0,0,0,0.0,0.0,0.0,0.0,0.0,0.0,2.0,1.0,0.05,0.8,0.0,0.0,1
993,2026-04-22T14:54:28.824Z,S20260422_155325,SC01,AUTO,,63.0345,0.0554,start,0,1500,VIDE,0.0,0.0,0.0,0.0,0.0,0.0,0,0,0.0,0.0,0.0,0.0,0.0,0.0,2.0,1.0,0.05,0.8,0.0,0.0,1
994,2026-04-22T14:54:28.894Z,S20260422_155325,SC01,AUTO,,63.104,0.0696,start,0,1500,VIDE,0.0,0.0,0.0,0.0,0.0,0.0,0,0,0.0,0.0,0.0,0.0,0.0,0.0,2.0,1.0,0.05,0.8,0.0,0.0,1
995,2026-04-22T14:54:28.957Z,S20260422_155325,SC01,AUTO,,63.1679,0.0638,start,0,1500,VIDE,0.0,0.0,0.0,0.0,0.0,0.0,0,0,0.0,0.0,0.0,0.0,0.0,0.0,2.0,1.0,0.05,0.8,0.0,0.0,1
996,2026-04-22T14:54:29.005Z,S20260422_155325,SC01,AUTO,,63.2157,0.0479,start,0,1500,VIDE,0.0,0.0,0.0,0.0,0.0,0.0,0,0,0.0,0.0,0.0,0.0,0.0,0.0,2.0,1.0,0.05,0.8,0.0,0.0,1
997,2026-04-22T14:54:29.082Z,S20260422_155325,SC01,AUTO,,63.2929,0.0772,start,0,1500,VIDE,0.0,0.0,0.0,0.0,0.0,0.0,0,0,0.0,0.0,0.0,0.0,0.0,0.0,2.0,1.0,0.05,0.8,0.0,0.0,1
998,2026-04-22T14:54:29.145Z,S20260422_155325,SC01,AUTO,,63.3553,0.0624,start,0,1500,VIDE,0.0,0.0,0.0,0.0,0.0,0.0,0,0,0.0,0.0,0.0,0.0,0.0,0.0,2.0,1.0,0.05,0.8,0.0,0.0,1
999,2026-04-22T14:54:29.208Z,S20260422_155325,SC01,AUTO,,63.4181,0.0628,start,0,1500,VIDE,0.0,0.0,0.0,0.0,0.0,0.0,0,0,0.0,0.0,0.0,0.0,0.0,0.0,2.0,1.0,0.05,0.8,0.0,0.0,1
1000,2026-04-22T14:54:29.270Z,S20260422_155325,SC01,AUTO,,63.4805,0.0624,start,0,1500,VIDE,0.0,0.0,0.0,0.0,0.0,0.0,0,0,0.0,0.0,0.0,0.0,0.0,0.0,2.0,1.0,0.05,0.8,0.0,0.0,1
1001,2026-04-22T14:54:29.333Z,S20260422_155325,SC01,AUTO,,63.5429,0.0624,start,0,1500,VIDE,0.0,0.0,0.0,0.0,0.0,0.0,0,0,0.0,0.0,0.0,0.0,0.0,0.0,2.0,1.0,0.05,0.8,0.0,0.0,1
1002,2026-04-22T14:54:29.394Z,S20260422_155325,SC01,AUTO,,63.6047,0.0618,start,0,1500,VIDE,0.0,0.0,0.0,0.0,0.0,0.0,0,0,0.0,0.0,0.0,0.0,0.0,0.0,2.0,1.0,0.05,0.8,0.0,0.0,1
1003,2026-04-22T14:54:29.457Z,S20260422_155325,SC01,AUTO,,63.6674,0.0627,start,0,1500,VIDE,0.0,0.0,0.0,0.0,0.0,0.0,0,0,0.0,0.0,0.0,0.0,0.0,0.0,2.0,1.0,0.05,0.8,0.0,0.0,1
1004,2026-04-22T14:54:29.519Z,S20260422_155325,SC01,AUTO,,63.7296,0.0622,start,0,1500,VIDE,0.0,0.0,0.0,0.0,0.0,0.0,0,0,0.0,0.0,0.0,0.0,0.0,0.0,2.0,1.0,0.05,0.8,0.0,0.0,1
1005,2026-04-22T14:54:29.581Z,S20260422_155325,SC01,AUTO,,63.7912,0.0616,start,0,1500,VIDE,0.0,0.0,0.0,0.0,0.0,0.0,0,0,0.0,0.0,0.0,0.0,0.0,0.0,2.0,1.0,0.05,0.8,0.0,0.0,1
1006,2026-04-22T14:54:29.643Z,S20260422_155325,SC01,AUTO,,63.8534,0.0622,start,0,1500,VIDE,0.0,0.0,0.0,0.0,0.0,0.0,0,0,0.0,0.0,0.0,0.0,0.0,0.0,2.0,1.0,0.05,0.8,0.0,0.0,1
1007,2026-04-22T14:54:29.704Z,S20260422_155325,SC01,AUTO,,63.9141,0.0607,start,0,1500,VIDE,0.0,0.0,0.0,0.0,0.0,0.0,0,0,0.0,0.0,0.0,0.0,0.0,0.0,2.0,1.0,0.05,0.8,0.0,0.0,1
1008,2026-04-22T14:54:29.765Z,S20260422_155325,SC01,AUTO,,63.9752,0.0612,start,0,1500,VIDE,0.0,0.0,0.0,0.0,0.0,0.0,0,0,0.0,0.0,0.0,0.0,0.0,0.0,2.0,1.0,0.05,0.8,0.0,0.0,1
1009,2026-04-22T14:54:29.829Z,S20260422_155325,SC01,AUTO,,64.0389,0.0637,start,0,1500,VIDE,0.0,0.0,0.0,0.0,0.0,0.0,0,0,0.0,0.0,0.0,0.0,0.0,0.0,2.0,1.0,0.05,0.8,0.0,0.0,1
1010,2026-04-22T14:54:29.891Z,S20260422_155325,SC01,AUTO,,64.1019,0.0629,start,0,1500,VIDE,0.0,0.0,0.0,0.0,0.0,0.0,0,0,0.0,0.0,0.0,0.0,0.0,0.0,2.0,1.0,0.05,0.8,0.0,0.0,1
1011,2026-04-22T14:54:29.952Z,S20260422_155325,SC01,AUTO,,64.1624,0.0605,start,0,1500,VIDE,0.0,0.0,0.0,0.0,0.0,0.0,0,0,0.0,0.0,0.0,0.0,0.0,0.0,2.0,1.0,0.05,0.8,0.0,0.0,1
1012,2026-04-22T14:54:30.014Z,S20260422_155325,SC01,AUTO,,64.224,0.0616,start,0,1500,VIDE,0.0,0.0,0.0,0.0,0.0,0.0,0,0,0.0,0.0,0.0,0.0,0.0,0.0,2.0,1.0,0.05,0.8,0.0,0.0,1
1013,2026-04-22T14:54:30.077Z,S20260422_155325,SC01,AUTO,,64.2875,0.0635,start,0,1500,VIDE,0.0,0.0,0.0,0.0,0.0,0.0,0,0,0.0,0.0,0.0,0.0,0.0,0.0,2.0,1.0,0.05,0.8,0.0,0.0,1
1014,2026-04-22T14:54:30.138Z,S20260422_155325,SC01,AUTO,,64.3484,0.0609,start,0,1500,VIDE,0.0,0.0,0.0,0.0,0.0,0.0,0,0,0.0,0.0,0.0,0.0,0.0,0.0,2.0,1.0,0.05,0.8,0.0,0.0,1
1015,2026-04-22T14:54:30.200Z,S20260422_155325,SC01,AUTO,,64.41,0.0616,start,0,1500,VIDE,0.0,0.0,0.0,0.0,0.0,0.0,0,0,0.0,0.0,0.0,0.0,0.0,0.0,2.0,1.0,0.05,0.8,0.0,0.0,1
1016,2026-04-22T14:54:30.262Z,S20260422_155325,SC01,AUTO,,64.4723,0.0623,start,0,1500,VIDE,0.0,0.0,0.0,0.0,0.0,0.0,0,0,0.0,0.0,0.0,0.0,0.0,0.0,2.0,1.0,0.05,0.8,0.0,0.0,1
1017,2026-04-22T14:54:30.326Z,S20260422_155325,SC01,AUTO,,64.536,0.0636,start,0,1500,VIDE,0.0,0.0,0.0,0.0,0.0,0.0,0,0,0.0,0.0,0.0,0.0,0.0,0.0,2.0,1.0,0.05,0.8,0.0,0.0,1
1018,2026-04-22T14:54:30.388Z,S20260422_155325,SC01,AUTO,,64.5982,0.0622,start,0,1500,VIDE,0.0,0.0,0.0,0.0,0.0,0.0,0,0,0.0,0.0,0.0,0.0,0.0,0.0,2.0,1.0,0.05,0.8,0.0,0.0,1
1019,2026-04-22T14:54:30.449Z,S20260422_155325,SC01,AUTO,,64.6594,0.0613,start,0,1500,VIDE,0.0,0.0,0.0,0.0,0.0,0.0,0,0,0.0,0.0,0.0,0.0,0.0,0.0,2.0,1.0,0.05,0.8,0.0,0.0,1
1020,2026-04-22T14:54:30.511Z,S20260422_155325,SC01,AUTO,,64.7219,0.0624,start,0,1500,VIDE,0.0,0.0,0.0,0.0,0.0,0.0,0,0,0.0,0.0,0.0,0.0,0.0,0.0,2.0,1.0,0.05,0.8,0.0,0.0,1
1021,2026-04-22T14:54:30.574Z,S20260422_155325,SC01,AUTO,,64.7847,0.0628,start,0,1500,VIDE,0.0,0.0,0.0,0.0,0.0,0.0,0,0,0.0,0.0,0.0,0.0,0.0,0.0,2.0,1.0,0.05,0.8,0.0,0.0,1
1022,2026-04-22T14:54:30.638Z,S20260422_155325,SC01,AUTO,,64.848,0.0633,start,0,1500,VIDE,0.0,0.0,0.0,0.0,0.0,0.0,0,0,0.0,0.0,0.0,0.0,0.0,0.0,2.0,1.0,0.05,0.8,0.0,0.0,1
1023,2026-04-22T14:54:30.701Z,S20260422_155325,SC01,AUTO,,64.9112,0.0633,start,0,1500,VIDE,0.0,0.0,0.0,0.0,0.0,0.0,0,0,0.0,0.0,0.0,0.0,0.0,0.0,2.0,1.0,0.05,0.8,0.0,0.0,1
1024,2026-04-22T14:54:30.764Z,S20260422_155325,SC01,AUTO,,64.9742,0.063,start,0,1500,VIDE,0.0,0.0,0.0,0.0,0.0,0.0,0,0,0.0,0.0,0.0,0.0,0.0,0.0,2.0,1.0,0.05,0.8,0.0,0.0,1
1025,2026-04-22T14:54:30.826Z,S20260422_155325,SC01,AUTO,,65.0367,0.0625,start,0,1500,VIDE,0.0,0.0,0.0,0.0,0.0,0.0,0,0,0.0,0.0,0.0,0.0,0.0,0.0,2.0,1.0,0.05,0.8,0.0,0.0,1
1026,2026-04-22T14:54:30.889Z,S20260422_155325,SC01,AUTO,,65.0994,0.0627,start,0,1500,VIDE,0.0,0.0,0.0,0.0,0.0,0.0,0,0,0.0,0.0,0.0,0.0,0.0,0.0,2.0,1.0,0.05,0.8,0.0,0.0,1
1027,2026-04-22T14:54:30.952Z,S20260422_155325,SC01,AUTO,,65.162,0.0626,start,0,1500,VIDE,0.0,0.0,0.0,0.0,0.0,0.0,0,0,0.0,0.0,0.0,0.0,0.0,0.0,2.0,1.0,0.05,0.8,0.0,0.0,1
1028,2026-04-22T14:54:31.014Z,S20260422_155325,SC01,AUTO,,65.2242,0.0622,start,0,1500,VIDE,0.0,0.0,0.0,0.0,0.0,0.0,0,0,0.0,0.0,0.0,0.0,0.0,0.0,2.0,1.0,0.05,0.8,0.0,0.0,1
1029,2026-04-22T14:54:31.075Z,S20260422_155325,SC01,AUTO,,65.2854,0.0611,start,0,1500,VIDE,0.0,0.0,0.0,0.0,0.0,0.0,0,0,0.0,0.0,0.0,0.0,0.0,0.0,2.0,1.0,0.05,0.8,0.0,0.0,1
1030,2026-04-22T14:54:31.136Z,S20260422_155325,SC01,AUTO,,65.3463,0.061,start,0,1500,VIDE,0.0,0.0,0.0,0.0,0.0,0.0,0,0,0.0,0.0,0.0,0.0,0.0,0.0,2.0,1.0,0.05,0.8,0.0,0.0,1
1031,2026-04-22T14:54:31.198Z,S20260422_155325,SC01,AUTO,,65.408,0.0617,start,0,1500,VIDE,0.0,0.0,0.0,0.0,0.0,0.0,0,0,0.0,0.0,0.0,0.0,0.0,0.0,2.0,1.0,0.05,0.8,0.0,0.0,1
1032,2026-04-22T14:54:31.259Z,S20260422_155325,SC01,AUTO,,65.4693,0.0613,start,0,1500,VIDE,0.0,0.0,0.0,0.0,0.0,0.0,0,0,0.0,0.0,0.0,0.0,0.0,0.0,2.0,1.0,0.05,0.8,0.0,0.0,1
1033,2026-04-22T14:54:31.321Z,S20260422_155325,SC01,AUTO,,65.5311,0.0619,start,0,1500,VIDE,0.0,0.0,0.0,0.0,0.0,0.0,0,0,0.0,0.0,0.0,0.0,0.0,0.0,2.0,1.0,0.05,0.8,0.0,0.0,1
1034,2026-04-22T14:54:31.383Z,S20260422_155325,SC01,AUTO,,65.5931,0.062,start,0,1500,VIDE,0.0,0.0,0.0,0.0,0.0,0.0,0,0,0.0,0.0,0.0,0.0,0.0,0.0,2.0,1.0,0.05,0.8,0.0,0.0,1
1035,2026-04-22T14:54:31.446Z,S20260422_155325,SC01,AUTO,,65.6559,0.0628,start,0,1500,VIDE,0.0,0.0,0.0,0.0,0.0,0.0,0,0,0.0,0.0,0.0,0.0,0.0,0.0,2.0,1.0,0.05,0.8,0.0,0.0,1
1036,2026-04-22T14:54:31.508Z,S20260422_155325,SC01,AUTO,,65.7184,0.0625,start,0,1500,VIDE,0.0,0.0,0.0,0.0,0.0,0.0,0,0,0.0,0.0,0.0,0.0,0.0,0.0,2.0,1.0,0.05,0.8,0.0,0.0,1
1037,2026-04-22T14:54:31.571Z,S20260422_155325,SC01,AUTO,,65.7817,0.0633,start,0,1500,VIDE,0.0,0.0,0.0,0.0,0.0,0.0,0,0,0.0,0.0,0.0,0.0,0.0,0.0,2.0,1.0,0.05,0.8,0.0,0.0,1
1038,2026-04-22T14:54:31.631Z,S20260422_155325,SC01,AUTO,,65.8413,0.0596,start,0,1500,VIDE,0.0,0.0,0.0,0.0,0.0,0.0,0,0,0.0,0.0,0.0,0.0,0.0,0.0,2.0,1.0,0.05,0.8,0.0,0.0,1
1039,2026-04-22T14:54:31.708Z,S20260422_155325,SC01,AUTO,,65.9185,0.0771,start,0,1500,VIDE,0.0,0.0,0.0,0.0,0.0,0.0,0,0,0.0,0.0,0.0,0.0,0.0,0.0,2.0,1.0,0.05,0.8,0.0,0.0,1
1040,2026-04-22T14:54:31.755Z,S20260422_155325,SC01,AUTO,,65.9659,0.0474,start,0,1500,VIDE,0.0,0.0,0.0,0.0,0.0,0.0,0,0,0.0,0.0,0.0,0.0,0.0,0.0,2.0,1.0,0.05,0.8,0.0,0.0,1
1041,2026-04-22T14:54:31.818Z,S20260422_155325,SC01,AUTO,,66.0288,0.0629,start,0,1500,VIDE,0.0,0.0,0.0,0.0,0.0,0.0,0,0,0.0,0.0,0.0,0.0,0.0,0.0,2.0,1.0,0.05,0.8,0.0,0.0,1
1042,2026-04-22T14:54:31.895Z,S20260422_155325,SC01,AUTO,,66.1059,0.0771,start,0,1500,VIDE,0.0,0.0,0.0,0.0,0.0,0.0,0,0,0.0,0.0,0.0,0.0,0.0,0.0,2.0,1.0,0.05,0.8,0.0,0.0,1
1043,2026-04-22T14:54:31.957Z,S20260422_155325,SC01,AUTO,,66.1671,0.0612,start,0,1500,VIDE,0.0,0.0,0.0,0.0,0.0,0.0,0,0,0.0,0.0,0.0,0.0,0.0,0.0,2.0,1.0,0.05,0.8,0.0,0.0,1
1044,2026-04-22T14:54:32.018Z,S20260422_155325,SC01,AUTO,,66.2285,0.0614,start,0,1500,VIDE,0.0,0.0,0.0,0.0,0.0,0.0,0,0,0.0,0.0,0.0,0.0,0.0,0.0,2.0,1.0,0.05,0.8,0.0,0.0,1
1045,2026-04-22T14:54:32.080Z,S20260422_155325,SC01,AUTO,,66.2905,0.062,start,0,1500,VIDE,0.0,0.0,0.0,0.0,0.0,0.0,0,0,0.0,0.0,0.0,0.0,0.0,0.0,2.0,1.0,0.05,0.8,0.0,0.0,1
1046,2026-04-22T14:54:32.143Z,S20260422_155325,SC01,AUTO,,66.3533,0.0628,start,0,1500,VIDE,0.0,0.0,0.0,0.0,0.0,0.0,0,0,0.0,0.0,0.0,0.0,0.0,0.0,2.0,1.0,0.05,0.8,0.0,0.0,1
1047,2026-04-22T14:54:32.206Z,S20260422_155325,SC01,AUTO,,66.4161,0.0628,start,0,1500,VIDE,0.0,0.0,0.0,0.0,0.0,0.0,0,0,0.0,0.0,0.0,0.0,0.0,0.0,2.0,1.0,0.05,0.8,0.0,0.0,1
1048,2026-04-22T14:54:32.268Z,S20260422_155325,SC01,AUTO,,66.4783,0.0622,start,0,1500,VIDE,0.0,0.0,0.0,0.0,0.0,0.0,0,0,0.0,0.0,0.0,0.0,0.0,0.0,2.0,1.0,0.05,0.8,0.0,0.0,1
1049,2026-04-22T14:54:32.330Z,S20260422_155325,SC01,AUTO,,66.5402,0.0619,start,0,1500,VIDE,0.0,0.0,0.0,0.0,0.0,0.0,0,0,0.0,0.0,0.0,0.0,0.0,0.0,2.0,1.0,0.05,0.8,0.0,0.0,1
1050,2026-04-22T14:54:32.393Z,S20260422_155325,SC01,AUTO,,66.6032,0.063,start,0,1500,VIDE,0.0,0.0,0.0,0.0,0.0,0.0,0,0,0.0,0.0,0.0,0.0,0.0,0.0,2.0,1.0,0.05,0.8,0.0,0.0,1
1051,2026-04-22T14:54:32.456Z,S20260422_155325,SC01,AUTO,,66.6662,0.063,start,0,1500,VIDE,0.0,0.0,0.0,0.0,0.0,0.0,0,0,0.0,0.0,0.0,0.0,0.0,0.0,2.0,1.0,0.05,0.8,0.0,0.0,1
1052,2026-04-22T14:54:32.518Z,S20260422_155325,SC01,AUTO,,66.7283,0.0621,start,0,1500,VIDE,0.0,0.0,0.0,0.0,0.0,0.0,0,0,0.0,0.0,0.0,0.0,0.0,0.0,2.0,1.0,0.05,0.8,0.0,0.0,1
1053,2026-04-22T14:54:32.579Z,S20260422_155325,SC01,AUTO,,66.7891,0.0608,start,0,1500,VIDE,0.0,0.0,0.0,0.0,0.0,0.0,0,0,0.0,0.0,0.0,0.0,0.0,0.0,2.0,1.0,0.05,0.8,0.0,0.0,1
1054,2026-04-22T14:54:32.641Z,S20260422_155325,SC01,AUTO,,66.851,0.0619,start,0,1500,VIDE,0.0,0.0,0.0,0.0,0.0,0.0,0,0,0.0,0.0,0.0,0.0,0.0,0.0,2.0,1.0,0.05,0.8,0.0,0.0,1
1055,2026-04-22T14:54:32.702Z,S20260422_155325,SC01,AUTO,,66.9127,0.0617,start,0,1500,VIDE,0.0,0.0,0.0,0.0,0.0,0.0,0,0,0.0,0.0,0.0,0.0,0.0,0.0,2.0,1.0,0.05,0.8,0.0,0.0,1
1056,2026-04-22T14:54:32.764Z,S20260422_155325,SC01,AUTO,,66.9739,0.0612,start,0,1500,VIDE,0.0,0.0,0.0,0.0,0.0,0.0,0,0,0.0,0.0,0.0,0.0,0.0,0.0,2.0,1.0,0.05,0.8,0.0,0.0,1
1057,2026-04-22T14:54:32.828Z,S20260422_155325,SC01,AUTO,,67.0381,0.0642,start,0,1500,VIDE,0.0,0.0,0.0,0.0,0.0,0.0,0,0,0.0,0.0,0.0,0.0,0.0,0.0,2.0,1.0,0.05,0.8,0.0,0.0,1
1058,2026-04-22T14:54:32.890Z,S20260422_155325,SC01,AUTO,,67.1003,0.0621,start,0,1500,VIDE,0.0,0.0,0.0,0.0,0.0,0.0,0,0,0.0,0.0,0.0,0.0,0.0,0.0,2.0,1.0,0.05,0.8,0.0,0.0,1
1059,2026-04-22T14:54:32.952Z,S20260422_155325,SC01,AUTO,,67.1625,0.0623,start,0,1500,VIDE,0.0,0.0,0.0,0.0,0.0,0.0,0,0,0.0,0.0,0.0,0.0,0.0,0.0,2.0,1.0,0.05,0.8,0.0,0.0,1
1060,2026-04-22T14:54:33.016Z,S20260422_155325,SC01,AUTO,,67.2262,0.0637,start,0,1500,VIDE,0.0,0.0,0.0,0.0,0.0,0.0,0,0,0.0,0.0,0.0,0.0,0.0,0.0,2.0,1.0,0.05,0.8,0.0,0.0,1
1061,2026-04-22T14:54:33.079Z,S20260422_155325,SC01,AUTO,,67.2889,0.0627,start,0,1500,VIDE,0.0,0.0,0.0,0.0,0.0,0.0,0,0,0.0,0.0,0.0,0.0,0.0,0.0,2.0,1.0,0.05,0.8,0.0,0.0,1
1062,2026-04-22T14:54:33.140Z,S20260422_155325,SC01,AUTO,,67.3509,0.0619,start,0,1500,VIDE,0.0,0.0,0.0,0.0,0.0,0.0,0,0,0.0,0.0,0.0,0.0,0.0,0.0,2.0,1.0,0.05,0.8,0.0,0.0,1
1063,2026-04-22T14:54:33.204Z,S20260422_155325,SC01,AUTO,,67.4143,0.0634,start,0,1500,VIDE,0.0,0.0,0.0,0.0,0.0,0.0,0,0,0.0,0.0,0.0,0.0,0.0,0.0,2.0,1.0,0.05,0.8,0.0,0.0,1
1064,2026-04-22T14:54:33.266Z,S20260422_155325,SC01,AUTO,,67.4761,0.0618,start,0,1500,VIDE,0.0,0.0,0.0,0.0,0.0,0.0,0,0,0.0,0.0,0.0,0.0,0.0,0.0,2.0,1.0,0.05,0.8,0.0,0.0,1
1065,2026-04-22T14:54:33.327Z,S20260422_155325,SC01,AUTO,,67.5375,0.0614,start,0,1500,VIDE,0.0,0.0,0.0,0.0,0.0,0.0,0,0,0.0,0.0,0.0,0.0,0.0,0.0,2.0,1.0,0.05,0.8,0.0,0.0,1
1066,2026-04-22T14:54:33.389Z,S20260422_155325,SC01,AUTO,,67.599,0.0615,start,0,1500,VIDE,0.0,0.0,0.0,0.0,0.0,0.0,0,0,0.0,0.0,0.0,0.0,0.0,0.0,2.0,1.0,0.05,0.8,0.0,0.0,1
1067,2026-04-22T14:54:33.451Z,S20260422_155325,SC01,AUTO,,67.6613,0.0622,start,0,1500,VIDE,0.0,0.0,0.0,0.0,0.0,0.0,0,0,0.0,0.0,0.0,0.0,0.0,0.0,2.0,1.0,0.05,0.8,0.0,0.0,1
1068,2026-04-22T14:54:33.514Z,S20260422_155325,SC01,AUTO,,67.724,0.0627,start,0,1500,VIDE,0.0,0.0,0.0,0.0,0.0,0.0,0,0,0.0,0.0,0.0,0.0,0.0,0.0,2.0,1.0,0.05,0.8,0.0,0.0,1
1069,2026-04-22T14:54:33.577Z,S20260422_155325,SC01,AUTO,,67.7877,0.0636,start,0,1500,VIDE,0.0,0.0,0.0,0.0,0.0,0.0,0,0,0.0,0.0,0.0,0.0,0.0,0.0,2.0,1.0,0.05,0.8,0.0,0.0,1
1070,2026-04-22T14:54:33.638Z,S20260422_155325,SC01,AUTO,,67.8488,0.0612,start,0,1500,VIDE,0.0,0.0,0.0,0.0,0.0,0.0,0,0,0.0,0.0,0.0,0.0,0.0,0.0,2.0,1.0,0.05,0.8,0.0,0.0,1
1071,2026-04-22T14:54:33.694Z,S20260422_155325,SC01,AUTO,,67.904,0.0552,start,0,1500,VIDE,0.0,0.0,0.0,0.0,0.0,0.0,0,0,0.0,0.0,0.0,0.0,0.0,0.0,2.0,1.0,0.05,0.8,0.0,0.0,1
1072,2026-04-22T14:54:33.762Z,S20260422_155325,SC01,AUTO,,67.9723,0.0683,start,0,1500,VIDE,0.0,0.0,0.0,0.0,0.0,0.0,0,0,0.0,0.0,0.0,0.0,0.0,0.0,2.0,1.0,0.05,0.8,0.0,0.0,1
1073,2026-04-22T14:54:33.824Z,S20260422_155325,SC01,AUTO,,68.0342,0.0619,start,0,1500,VIDE,0.0,0.0,0.0,0.0,0.0,0.0,0,0,0.0,0.0,0.0,0.0,0.0,0.0,2.0,1.0,0.05,0.8,0.0,0.0,1
1074,2026-04-22T14:54:33.880Z,S20260422_155325,SC01,AUTO,,68.0907,0.0565,start,0,1500,VIDE,0.0,0.0,0.0,0.0,0.0,0.0,0,0,0.0,0.0,0.0,0.0,0.0,0.0,2.0,1.0,0.05,0.8,0.0,0.0,1
1075,2026-04-22T14:54:33.949Z,S20260422_155325,SC01,AUTO,,68.159,0.0683,start,0,1500,VIDE,0.0,0.0,0.0,0.0,0.0,0.0,0,0,0.0,0.0,0.0,0.0,0.0,0.0,2.0,1.0,0.05,0.8,0.0,0.0,1
1076,2026-04-22T14:54:34.011Z,S20260422_155325,SC01,AUTO,,68.2218,0.0628,start,0,1500,VIDE,0.0,0.0,0.0,0.0,0.0,0.0,0,0,0.0,0.0,0.0,0.0,0.0,0.0,2.0,1.0,0.05,0.8,0.0,0.0,1
1077,2026-04-22T14:54:34.074Z,S20260422_155325,SC01,AUTO,,68.284,0.0622,start,0,1500,VIDE,0.0,0.0,0.0,0.0,0.0,0.0,0,0,0.0,0.0,0.0,0.0,0.0,0.0,2.0,1.0,0.05,0.8,0.0,0.0,1
1078,2026-04-22T14:54:34.134Z,S20260422_155325,SC01,AUTO,,68.3448,0.0609,start,0,1500,VIDE,0.0,0.0,0.0,0.0,0.0,0.0,0,0,0.0,0.0,0.0,0.0,0.0,0.0,2.0,1.0,0.05,0.8,0.0,0.0,1
1079,2026-04-22T14:54:34.197Z,S20260422_155325,SC01,AUTO,,68.4072,0.0623,start,0,1500,VIDE,0.0,0.0,0.0,0.0,0.0,0.0,0,0,0.0,0.0,0.0,0.0,0.0,0.0,2.0,1.0,0.05,0.8,0.0,0.0,1
1080,2026-04-22T14:54:34.259Z,S20260422_155325,SC01,AUTO,,68.4699,0.0627,start,0,1500,VIDE,0.0,0.0,0.0,0.0,0.0,0.0,0,0,0.0,0.0,0.0,0.0,0.0,0.0,2.0,1.0,0.05,0.8,0.0,0.0,1
1081,2026-04-22T14:54:34.322Z,S20260422_155325,SC01,AUTO,,68.5327,0.0628,start,0,1500,VIDE,0.0,0.0,0.0,0.0,0.0,0.0,0,0,0.0,0.0,0.0,0.0,0.0,0.0,2.0,1.0,0.05,0.8,0.0,0.0,1
1082,2026-04-22T14:54:34.385Z,S20260422_155325,SC01,AUTO,,68.5951,0.0624,start,0,1500,VIDE,0.0,0.0,0.0,0.0,0.0,0.0,0,0,0.0,0.0,0.0,0.0,0.0,0.0,2.0,1.0,0.05,0.8,0.0,0.0,1
1083,2026-04-22T14:54:34.448Z,S20260422_155325,SC01,AUTO,,68.6583,0.0632,start,0,1500,VIDE,0.0,0.0,0.0,0.0,0.0,0.0,0,0,0.0,0.0,0.0,0.0,0.0,0.0,2.0,1.0,0.05,0.8,0.0,0.0,1
1084,2026-04-22T14:54:34.509Z,S20260422_155325,SC01,AUTO,,68.7195,0.0612,start,0,1500,VIDE,0.0,0.0,0.0,0.0,0.0,0.0,0,0,0.0,0.0,0.0,0.0,0.0,0.0,2.0,1.0,0.05,0.8,0.0,0.0,1
1085,2026-04-22T14:54:34.572Z,S20260422_155325,SC01,AUTO,,68.7825,0.063,start,0,1500,VIDE,0.0,0.0,0.0,0.0,0.0,0.0,0,0,0.0,0.0,0.0,0.0,0.0,0.0,2.0,1.0,0.05,0.8,0.0,0.0,1
1086,2026-04-22T14:54:34.633Z,S20260422_155325,SC01,AUTO,,68.8432,0.0607,start,0,1500,VIDE,0.0,0.0,0.0,0.0,0.0,0.0,0,0,0.0,0.0,0.0,0.0,0.0,0.0,2.0,1.0,0.05,0.8,0.0,0.0,1
1087,2026-04-22T14:54:34.695Z,S20260422_155325,SC01,AUTO,,68.9059,0.0627,start,0,1500,VIDE,0.0,0.0,0.0,0.0,0.0,0.0,0,0,0.0,0.0,0.0,0.0,0.0,0.0,2.0,1.0,0.05,0.8,0.0,0.0,1
1088,2026-04-22T14:54:34.758Z,S20260422_155325,SC01,AUTO,,68.9681,0.0621,start,0,1500,VIDE,0.0,0.0,0.0,0.0,0.0,0.0,0,0,0.0,0.0,0.0,0.0,0.0,0.0,2.0,1.0,0.05,0.8,0.0,0.0,1
1089,2026-04-22T14:54:34.821Z,S20260422_155325,SC01,AUTO,,69.0313,0.0632,start,0,1500,VIDE,0.0,0.0,0.0,0.0,0.0,0.0,0,0,0.0,0.0,0.0,0.0,0.0,0.0,2.0,1.0,0.05,0.8,0.0,0.0,1
1090,2026-04-22T14:54:34.883Z,S20260422_155325,SC01,AUTO,,69.0931,0.0618,start,0,1500,VIDE,0.0,0.0,0.0,0.0,0.0,0.0,0,0,0.0,0.0,0.0,0.0,0.0,0.0,2.0,1.0,0.05,0.8,0.0,0.0,1
1091,2026-04-22T14:54:34.945Z,S20260422_155325,SC01,AUTO,,69.1559,0.0628,start,0,1500,VIDE,0.0,0.0,0.0,0.0,0.0,0.0,0,0,0.0,0.0,0.0,0.0,0.0,0.0,2.0,1.0,0.05,0.8,0.0,0.0,1
1092,2026-04-22T14:54:35.006Z,S20260422_155325,SC01,AUTO,,69.2167,0.0608,start,0,1500,VIDE,0.0,0.0,0.0,0.0,0.0,0.0,0,0,0.0,0.0,0.0,0.0,0.0,0.0,2.0,1.0,0.05,0.8,0.0,0.0,1
1093,2026-04-22T14:54:35.069Z,S20260422_155325,SC01,AUTO,,69.2799,0.0632,start,0,1500,VIDE,0.0,0.0,0.0,0.0,0.0,0.0,0,0,0.0,0.0,0.0,0.0,0.0,0.0,2.0,1.0,0.05,0.8,0.0,0.0,1
1094,2026-04-22T14:54:35.131Z,S20260422_155325,SC01,AUTO,,69.3412,0.0614,start,0,1500,VIDE,0.0,0.0,0.0,0.0,0.0,0.0,0,0,0.0,0.0,0.0,0.0,0.0,0.0,2.0,1.0,0.05,0.8,0.0,0.0,1
1095,2026-04-22T14:54:35.194Z,S20260422_155325,SC01,AUTO,,69.4047,0.0634,start,0,1500,VIDE,0.0,0.0,0.0,0.0,0.0,0.0,0,0,0.0,0.0,0.0,0.0,0.0,0.0,2.0,1.0,0.05,0.8,0.0,0.0,1
1096,2026-04-22T14:54:35.256Z,S20260422_155325,SC01,AUTO,,69.4661,0.0614,start,0,1500,VIDE,0.0,0.0,0.0,0.0,0.0,0.0,0,0,0.0,0.0,0.0,0.0,0.0,0.0,2.0,1.0,0.05,0.8,0.0,0.0,1
1097,2026-04-22T14:54:35.326Z,S20260422_155325,SC01,AUTO,,69.5359,0.0699,start,0,1500,VIDE,0.0,0.0,0.0,0.0,0.0,0.0,0,0,0.0,0.0,0.0,0.0,0.0,0.0,2.0,1.0,0.05,0.8,0.0,0.0,1
1098,2026-04-22T14:54:35.382Z,S20260422_155325,SC01,AUTO,,69.592,0.0561,start,0,1500,VIDE,0.0,0.0,0.0,0.0,0.0,0.0,0,0,0.0,0.0,0.0,0.0,0.0,0.0,2.0,1.0,0.05,0.8,0.0,0.0,1
1099,2026-04-22T14:54:35.456Z,S20260422_155325,SC01,AUTO,,69.666,0.0739,start,0,1500,VIDE,0.0,0.0,0.0,0.0,0.0,0.0,0,0,0.0,0.0,0.0,0.0,0.0,0.0,2.0,1.0,0.05,0.8,0.0,0.0,1
1100,2026-04-22T14:54:35.510Z,S20260422_155325,SC01,AUTO,,69.7206,0.0546,start,0,1500,VIDE,0.0,0.0,0.0,0.0,0.0,0.0,0,0,0.0,0.0,0.0,0.0,0.0,0.0,2.0,1.0,0.05,0.8,0.0,0.0,1
1101,2026-04-22T14:54:35.570Z,S20260422_155325,SC01,AUTO,,69.7807,0.0601,start,0,1500,VIDE,0.0,0.0,0.0,0.0,0.0,0.0,0,0,0.0,0.0,0.0,0.0,0.0,0.0,2.0,1.0,0.05,0.8,0.0,0.0,1
1102,2026-04-22T14:54:35.634Z,S20260422_155325,SC01,AUTO,,69.8445,0.0638,start,0,1500,VIDE,0.0,0.0,0.0,0.0,0.0,0.0,0,0,0.0,0.0,0.0,0.0,0.0,0.0,2.0,1.0,0.05,0.8,0.0,0.0,1
1103,2026-04-22T14:54:35.699Z,S20260422_155325,SC01,AUTO,,69.9091,0.0646,start,0,1500,VIDE,0.0,0.0,0.0,0.0,0.0,0.0,0,0,0.0,0.0,0.0,0.0,0.0,0.0,2.0,1.0,0.05,0.8,0.0,0.0,1
1104,2026-04-22T14:54:35.767Z,S20260422_155325,SC01,AUTO,,69.9775,0.0685,start,0,1500,VIDE,0.0,0.0,0.0,0.0,0.0,0.0,0,0,0.0,0.0,0.0,0.0,0.0,0.0,2.0,1.0,0.05,0.8,0.0,0.0,1
1105,2026-04-22T14:54:35.830Z,S20260422_155325,SC01,AUTO,,70.04,0.0624,start,0,1500,VIDE,0.0,0.0,0.0,0.0,0.0,0.0,0,0,0.0,0.0,0.0,0.0,0.0,0.0,2.0,1.0,0.05,0.8,0.0,0.0,1
1106,2026-04-22T14:54:35.890Z,S20260422_155325,SC01,AUTO,,70.1004,0.0604,start,0,1500,VIDE,0.0,0.0,0.0,0.0,0.0,0.0,0,0,0.0,0.0,0.0,0.0,0.0,0.0,2.0,1.0,0.05,0.8,0.0,0.0,1
1107,2026-04-22T14:54:35.953Z,S20260422_155325,SC01,AUTO,,70.1632,0.0628,start,0,1500,VIDE,0.0,0.0,0.0,0.0,0.0,0.0,0,0,0.0,0.0,0.0,0.0,0.0,0.0,2.0,1.0,0.05,0.8,0.0,0.0,1
1108,2026-04-22T14:54:36.012Z,S20260422_155325,SC01,AUTO,,70.2228,0.0597,start,0,1500,VIDE,0.0,0.0,0.0,0.0,0.0,0.0,0,0,0.0,0.0,0.0,0.0,0.0,0.0,2.0,1.0,0.05,0.8,0.0,0.0,1
1109,2026-04-22T14:54:36.074Z,S20260422_155325,SC01,AUTO,,70.2845,0.0617,start,0,1500,VIDE,0.0,0.0,0.0,0.0,0.0,0.0,0,0,0.0,0.0,0.0,0.0,0.0,0.0,2.0,1.0,0.05,0.8,0.0,0.0,1
1110,2026-04-22T14:54:36.137Z,S20260422_155325,SC01,AUTO,,70.3471,0.0626,start,0,1500,VIDE,0.0,0.0,0.0,0.0,0.0,0.0,0,0,0.0,0.0,0.0,0.0,0.0,0.0,2.0,1.0,0.05,0.8,0.0,0.0,1
1111,2026-04-22T14:54:36.199Z,S20260422_155325,SC01,AUTO,,70.4092,0.0621,start,0,1500,VIDE,0.0,0.0,0.0,0.0,0.0,0.0,0,0,0.0,0.0,0.0,0.0,0.0,0.0,2.0,1.0,0.05,0.8,0.0,0.0,1
1112,2026-04-22T14:54:36.259Z,S20260422_155325,SC01,AUTO,,70.4698,0.0606,start,0,1500,VIDE,0.0,0.0,0.0,0.0,0.0,0.0,0,0,0.0,0.0,0.0,0.0,0.0,0.0,2.0,1.0,0.05,0.8,0.0,0.0,1
1113,2026-04-22T14:54:36.321Z,S20260422_155325,SC01,AUTO,,70.5311,0.0613,start,0,1500,VIDE,0.0,0.0,0.0,0.0,0.0,0.0,0,0,0.0,0.0,0.0,0.0,0.0,0.0,2.0,1.0,0.05,0.8,0.0,0.0,1
1114,2026-04-22T14:54:36.383Z,S20260422_155325,SC01,AUTO,,70.5932,0.0621,start,0,1500,VIDE,0.0,0.0,0.0,0.0,0.0,0.0,0,0,0.0,0.0,0.0,0.0,0.0,0.0,2.0,1.0,0.05,0.8,0.0,0.0,1
1115,2026-04-22T14:54:36.446Z,S20260422_155325,SC01,AUTO,,70.6565,0.0632,start,0,1500,VIDE,0.0,0.0,0.0,0.0,0.0,0.0,0,0,0.0,0.0,0.0,0.0,0.0,0.0,2.0,1.0,0.05,0.8,0.0,0.0,1
1116,2026-04-22T14:54:36.508Z,S20260422_155325,SC01,AUTO,,70.7179,0.0615,start,0,1500,VIDE,0.0,0.0,0.0,0.0,0.0,0.0,0,0,0.0,0.0,0.0,0.0,0.0,0.0,2.0,1.0,0.05,0.8,0.0,0.0,1
1117,2026-04-22T14:54:36.570Z,S20260422_155325,SC01,AUTO,,70.78,0.062,start,0,1500,VIDE,0.0,0.0,0.0,0.0,0.0,0.0,0,0,0.0,0.0,0.0,0.0,0.0,0.0,2.0,1.0,0.05,0.8,0.0,0.0,1
1118,2026-04-22T14:54:36.632Z,S20260422_155325,SC01,AUTO,,70.842,0.062,start,0,1500,VIDE,0.0,0.0,0.0,0.0,0.0,0.0,0,0,0.0,0.0,0.0,0.0,0.0,0.0,2.0,1.0,0.05,0.8,0.0,0.0,1
1119,2026-04-22T14:54:36.694Z,S20260422_155325,SC01,AUTO,,70.9048,0.0628,start,0,1500,VIDE,0.0,0.0,0.0,0.0,0.0,0.0,0,0,0.0,0.0,0.0,0.0,0.0,0.0,2.0,1.0,0.05,0.8,0.0,0.0,1
1120,2026-04-22T14:54:36.756Z,S20260422_155325,SC01,AUTO,,70.9662,0.0614,start,0,1500,VIDE,0.0,0.0,0.0,0.0,0.0,0.0,0,0,0.0,0.0,0.0,0.0,0.0,0.0,2.0,1.0,0.05,0.8,0.0,0.0,1
1121,2026-04-22T14:54:36.835Z,S20260422_155325,SC01,AUTO,,71.0452,0.0791,start,0,1500,VIDE,0.0,0.0,0.0,0.0,0.0,0.0,0,0,0.0,0.0,0.0,0.0,0.0,0.0,2.0,1.0,0.05,0.8,0.0,0.0,1
1122,2026-04-22T14:54:36.911Z,S20260422_155325,SC01,AUTO,,71.1218,0.0766,start,0,1500,VIDE,0.0,0.0,0.0,0.0,0.0,0.0,0,0,0.0,0.0,0.0,0.0,0.0,0.0,2.0,1.0,0.05,0.8,0.0,0.0,1
1123,2026-04-22T14:54:36.974Z,S20260422_155325,SC01,AUTO,,71.1846,0.0628,start,0,1500,VIDE,0.0,0.0,0.0,0.0,0.0,0.0,0,0,0.0,0.0,0.0,0.0,0.0,0.0,2.0,1.0,0.05,0.8,0.0,0.0,1
1124,2026-04-22T14:54:37.039Z,S20260422_155325,SC01,AUTO,,71.249,0.0643,start,0,1500,VIDE,0.0,0.0,0.0,0.0,0.0,0.0,0,0,0.0,0.0,0.0,0.0,0.0,0.0,2.0,1.0,0.05,0.8,0.0,0.0,1
1125,2026-04-22T14:54:37.100Z,S20260422_155325,SC01,AUTO,,71.3101,0.0612,start,0,1500,VIDE,0.0,0.0,0.0,0.0,0.0,0.0,0,0,0.0,0.0,0.0,0.0,0.0,0.0,2.0,1.0,0.05,0.8,0.0,0.0,1
1126,2026-04-22T14:54:37.163Z,S20260422_155325,SC01,AUTO,,71.3733,0.0632,start,0,1500,VIDE,0.0,0.0,0.0,0.0,0.0,0.0,0,0,0.0,0.0,0.0,0.0,0.0,0.0,2.0,1.0,0.05,0.8,0.0,0.0,1
1127,2026-04-22T14:54:37.225Z,S20260422_155325,SC01,AUTO,,71.4359,0.0626,start,0,1500,VIDE,0.0,0.0,0.0,0.0,0.0,0.0,0,0,0.0,0.0,0.0,0.0,0.0,0.0,2.0,1.0,0.05,0.8,0.0,0.0,1
1128,2026-04-22T14:54:37.294Z,S20260422_155325,SC01,AUTO,,71.5045,0.0686,start,0,1500,VIDE,0.0,0.0,0.0,0.0,0.0,0.0,0,0,0.0,0.0,0.0,0.0,0.0,0.0,2.0,1.0,0.05,0.8,0.0,0.0,1
1129,2026-04-22T14:54:37.356Z,S20260422_155325,SC01,AUTO,,71.5659,0.0614,start,0,1500,VIDE,0.0,0.0,0.0,0.0,0.0,0.0,0,0,0.0,0.0,0.0,0.0,0.0,0.0,2.0,1.0,0.05,0.8,0.0,0.0,1
1130,2026-04-22T14:54:37.416Z,S20260422_155325,SC01,AUTO,,71.6261,0.0602,start,0,1500,VIDE,0.0,0.0,0.0,0.0,0.0,0.0,0,0,0.0,0.0,0.0,0.0,0.0,0.0,2.0,1.0,0.05,0.8,0.0,0.0,1
1131,2026-04-22T14:54:37.475Z,S20260422_155325,SC01,AUTO,,71.6857,0.0596,start,0,1500,VIDE,0.0,0.0,0.0,0.0,0.0,0.0,0,0,0.0,0.0,0.0,0.0,0.0,0.0,2.0,1.0,0.05,0.8,0.0,0.0,1
1132,2026-04-22T14:54:37.545Z,S20260422_155325,SC01,AUTO,,71.7558,0.0701,start,0,1500,VIDE,0.0,0.0,0.0,0.0,0.0,0.0,0,0,0.0,0.0,0.0,0.0,0.0,0.0,2.0,1.0,0.05,0.8,0.0,0.0,1
1133,2026-04-22T14:54:37.603Z,S20260422_155325,SC01,AUTO,,71.8134,0.0576,start,0,1500,VIDE,0.0,0.0,0.0,0.0,0.0,0.0,0,0,0.0,0.0,0.0,0.0,0.0,0.0,2.0,1.0,0.05,0.8,0.0,0.0,1
1134,2026-04-22T14:54:37.665Z,S20260422_155325,SC01,AUTO,,71.8754,0.062,start,0,1500,VIDE,0.0,0.0,0.0,0.0,0.0,0.0,0,0,0.0,0.0,0.0,0.0,0.0,0.0,2.0,1.0,0.05,0.8,0.0,0.0,1
1135,2026-04-22T14:54:37.734Z,S20260422_155325,SC01,AUTO,,71.9441,0.0687,start,0,1500,VIDE,0.0,0.0,0.0,0.0,0.0,0.0,0,0,0.0,0.0,0.0,0.0,0.0,0.0,2.0,1.0,0.05,0.8,0.0,0.0,1
1136,2026-04-22T14:54:37.796Z,S20260422_155325,SC01,AUTO,,72.0064,0.0623,start,0,1500,VIDE,0.0,0.0,0.0,0.0,0.0,0.0,0,0,0.0,0.0,0.0,0.0,0.0,0.0,2.0,1.0,0.05,0.8,0.0,0.0,1
1137,2026-04-22T14:54:42.251Z,S20260422_155325,SC01,AUTO,,76.4617,4.4552,start,0,1500,VIDE,0.0,0.0,0.0,0.0,0.0,0.0,0,0,0.0,0.0,0.0,0.0,0.0,0.0,2.0,1.0,0.05,0.8,0.0,0.0,1
1138,2026-04-22T14:54:42.260Z,S20260422_155325,SC01,AUTO,,76.4704,0.0087,start,0,1500,VIDE,0.0,0.0,0.0,0.0,0.0,0.0,0,0,0.0,0.0,0.0,0.0,0.0,0.0,2.0,1.0,0.05,0.8,0.0,0.0,1
1139,2026-04-22T14:54:42.326Z,S20260422_155325,SC01,AUTO,,76.5363,0.0659,start,0,1500,VIDE,0.0,0.0,0.0,0.0,0.0,0.0,0,0,0.0,0.0,0.0,0.0,0.0,0.0,2.0,1.0,0.05,0.8,0.0,0.0,1
1140,2026-04-22T14:54:42.388Z,S20260422_155325,SC01,AUTO,,76.598,0.0617,start,0,1500,VIDE,0.0,0.0,0.0,0.0,0.0,0.0,0,0,0.0,0.0,0.0,0.0,0.0,0.0,2.0,1.0,0.05,0.8,0.0,0.0,1
1141,2026-04-22T14:54:42.446Z,S20260422_155325,SC01,AUTO,,76.6562,0.0582,start,0,1500,VIDE,0.0,0.0,0.0,0.0,0.0,0.0,0,0,0.0,0.0,0.0,0.0,0.0,0.0,2.0,1.0,0.05,0.8,0.0,0.0,1
1142,2026-04-22T14:54:42.506Z,S20260422_155325,SC01,AUTO,,76.7165,0.0603,start,0,1500,VIDE,0.0,0.0,0.0,0.0,0.0,0.0,0,0,0.0,0.0,0.0,0.0,0.0,0.0,2.0,1.0,0.05,0.8,0.0,0.0,1
1143,2026-04-22T14:54:42.575Z,S20260422_155325,SC01,AUTO,,76.7851,0.0686,start,0,1500,VIDE,0.0,0.0,0.0,0.0,0.0,0.0,0,0,0.0,0.0,0.0,0.0,0.0,0.0,2.0,1.0,0.05,0.8,0.0,0.0,1
1144,2026-04-22T14:54:42.636Z,S20260422_155325,SC01,AUTO,,76.8461,0.061,start,0,1500,VIDE,0.0,0.0,0.0,0.0,0.0,0.0,0,0,0.0,0.0,0.0,0.0,0.0,0.0,2.0,1.0,0.05,0.8,0.0,0.0,1
1145,2026-04-22T14:54:42.695Z,S20260422_155325,SC01,AUTO,,76.9053,0.0592,start,0,1500,VIDE,0.0,0.0,0.0,0.0,0.0,0.0,0,0,0.0,0.0,0.0,0.0,0.0,0.0,2.0,1.0,0.05,0.8,0.0,0.0,1
1146,2026-04-22T14:54:42.755Z,S20260422_155325,SC01,AUTO,,76.9658,0.0605,start,0,1500,VIDE,0.0,0.0,0.0,0.0,0.0,0.0,0,0,0.0,0.0,0.0,0.0,0.0,0.0,2.0,1.0,0.05,0.8,0.0,0.0,1
1147,2026-04-22T14:54:42.825Z,S20260422_155325,SC01,AUTO,,77.0352,0.0694,start,0,1500,VIDE,0.0,0.0,0.0,0.0,0.0,0.0,0,0,0.0,0.0,0.0,0.0,0.0,0.0,2.0,1.0,0.05,0.8,0.0,0.0,1
1148,2026-04-22T14:54:42.887Z,S20260422_155325,SC01,AUTO,,77.0971,0.0619,start,0,1500,VIDE,0.0,0.0,0.0,0.0,0.0,0.0,0,0,0.0,0.0,0.0,0.0,0.0,0.0,2.0,1.0,0.05,0.8,0.0,0.0,1
1149,2026-04-22T14:54:42.949Z,S20260422_155325,SC01,AUTO,,77.1592,0.062,start,0,1500,VIDE,0.0,0.0,0.0,0.0,0.0,0.0,0,0,0.0,0.0,0.0,0.0,0.0,0.0,2.0,1.0,0.05,0.8,0.0,0.0,1
1150,2026-04-22T14:54:43.011Z,S20260422_155325,SC01,AUTO,,77.2213,0.0621,start,0,1500,VIDE,0.0,0.0,0.0,0.0,0.0,0.0,0,0,0.0,0.0,0.0,0.0,0.0,0.0,2.0,1.0,0.05,0.8,0.0,0.0,1
1151,2026-04-22T14:54:43.072Z,S20260422_155325,SC01,AUTO,,77.2828,0.0615,start,0,1500,VIDE,0.0,0.0,0.0,0.0,0.0,0.0,0,0,0.0,0.0,0.0,0.0,0.0,0.0,2.0,1.0,0.05,0.8,0.0,0.0,1
1152,2026-04-22T14:54:43.136Z,S20260422_155325,SC01,AUTO,,77.3461,0.0634,start,0,1500,VIDE,0.0,0.0,0.0,0.0,0.0,0.0,0,0,0.0,0.0,0.0,0.0,0.0,0.0,2.0,1.0,0.05,0.8,0.0,0.0,1
1153,2026-04-22T14:54:43.197Z,S20260422_155325,SC01,AUTO,,77.4071,0.0609,start,0,1500,VIDE,0.0,0.0,0.0,0.0,0.0,0.0,0,0,0.0,0.0,0.0,0.0,0.0,0.0,2.0,1.0,0.05,0.8,0.0,0.0,1
1154,2026-04-22T14:54:43.256Z,S20260422_155325,SC01,AUTO,,77.4662,0.0592,start,0,1500,VIDE,0.0,0.0,0.0,0.0,0.0,0.0,0,0,0.0,0.0,0.0,0.0,0.0,0.0,2.0,1.0,0.05,0.8,0.0,0.0,1
1155,2026-04-22T14:54:43.320Z,S20260422_155325,SC01,AUTO,,77.5309,0.0647,start,0,1500,VIDE,0.0,0.0,0.0,0.0,0.0,0.0,0,0,0.0,0.0,0.0,0.0,0.0,0.0,2.0,1.0,0.05,0.8,0.0,0.0,1
1156,2026-04-22T14:54:43.384Z,S20260422_155325,SC01,AUTO,,77.5941,0.0631,start,0,1500,VIDE,0.0,0.0,0.0,0.0,0.0,0.0,0,0,0.0,0.0,0.0,0.0,0.0,0.0,2.0,1.0,0.05,0.8,0.0,0.0,1
1157,2026-04-22T14:54:43.445Z,S20260422_155325,SC01,AUTO,,77.6553,0.0613,start,0,1500,VIDE,0.0,0.0,0.0,0.0,0.0,0.0,0,0,0.0,0.0,0.0,0.0,0.0,0.0,2.0,1.0,0.05,0.8,0.0,0.0,1
1158,2026-04-22T14:54:43.506Z,S20260422_155325,SC01,AUTO,,77.716,0.0607,start,0,1500,VIDE,0.0,0.0,0.0,0.0,0.0,0.0,0,0,0.0,0.0,0.0,0.0,0.0,0.0,2.0,1.0,0.05,0.8,0.0,0.0,1
1159,2026-04-22T14:54:43.569Z,S20260422_155325,SC01,AUTO,,77.779,0.063,start,0,1500,VIDE,0.0,0.0,0.0,0.0,0.0,0.0,0,0,0.0,0.0,0.0,0.0,0.0,0.0,2.0,1.0,0.05,0.8,0.0,0.0,1
1160,2026-04-22T14:54:43.632Z,S20260422_155325,SC01,AUTO,,77.842,0.063,start,0,1500,VIDE,0.0,0.0,0.0,0.0,0.0,0.0,0,0,0.0,0.0,0.0,0.0,0.0,0.0,2.0,1.0,0.05,0.8,0.0,0.0,1
1161,2026-04-22T14:54:43.693Z,S20260422_155325,SC01,AUTO,,77.9038,0.0618,start,0,1500,VIDE,0.0,0.0,0.0,0.0,0.0,0.0,0,0,0.0,0.0,0.0,0.0,0.0,0.0,2.0,1.0,0.05,0.8,0.0,0.0,1
1162,2026-04-22T14:54:43.757Z,S20260422_155325,SC01,AUTO,,77.9671,0.0632,start,0,1500,VIDE,0.0,0.0,0.0,0.0,0.0,0.0,0,0,0.0,0.0,0.0,0.0,0.0,0.0,2.0,1.0,0.05,0.8,0.0,0.0,1
1163,2026-04-22T14:54:43.818Z,S20260422_155325,SC01,AUTO,,78.0286,0.0616,start,0,1500,VIDE,0.0,0.0,0.0,0.0,0.0,0.0,0,0,0.0,0.0,0.0,0.0,0.0,0.0,2.0,1.0,0.05,0.8,0.0,0.0,1
1164,2026-04-22T14:54:43.896Z,S20260422_155325,SC01,AUTO,,78.1065,0.0779,start,0,1500,VIDE,0.0,0.0,0.0,0.0,0.0,0.0,0,0,0.0,0.0,0.0,0.0,0.0,0.0,2.0,1.0,0.05,0.8,0.0,0.0,1
1165,2026-04-22T14:54:43.957Z,S20260422_155325,SC01,AUTO,,78.1674,0.0609,start,0,1500,VIDE,0.0,0.0,0.0,0.0,0.0,0.0,0,0,0.0,0.0,0.0,0.0,0.0,0.0,2.0,1.0,0.05,0.8,0.0,0.0,1
1166,2026-04-22T14:54:44.007Z,S20260422_155325,SC01,AUTO,,78.2176,0.0499,start,0,1500,VIDE,0.0,0.0,0.0,0.0,0.0,0.0,0,0,0.0,0.0,0.0,0.0,0.0,0.0,2.0,1.0,0.05,0.8,0.0,0.0,1
1167,2026-04-22T14:54:44.069Z,S20260422_155325,SC01,AUTO,,78.2789,0.0617,start,0,1500,VIDE,0.0,0.0,0.0,0.0,0.0,0.0,0,0,0.0,0.0,0.0,0.0,0.0,0.0,2.0,1.0,0.05,0.8,0.0,0.0,1
1168,2026-04-22T14:54:44.131Z,S20260422_155325,SC01,AUTO,,78.3414,0.0624,start,0,1500,VIDE,0.0,0.0,0.0,0.0,0.0,0.0,0,0,0.0,0.0,0.0,0.0,0.0,0.0,2.0,1.0,0.05,0.8,0.0,0.0,1
1169,2026-04-22T14:54:44.194Z,S20260422_155325,SC01,AUTO,,78.4042,0.0629,start,0,1500,VIDE,0.0,0.0,0.0,0.0,0.0,0.0,0,0,0.0,0.0,0.0,0.0,0.0,0.0,2.0,1.0,0.05,0.8,0.0,0.0,1
1170,2026-04-22T14:54:44.255Z,S20260422_155325,SC01,AUTO,,78.4657,0.0614,start,0,1500,VIDE,0.0,0.0,0.0,0.0,0.0,0.0,0,0,0.0,0.0,0.0,0.0,0.0,0.0,2.0,1.0,0.05,0.8,0.0,0.0,1
1171,2026-04-22T14:54:44.332Z,S20260422_155325,SC01,AUTO,,78.5427,0.077,start,0,1500,VIDE,0.0,0.0,0.0,0.0,0.0,0.0,0,0,0.0,0.0,0.0,0.0,0.0,0.0,2.0,1.0,0.05,0.8,0.0,0.0,1
1172,2026-04-22T14:54:44.396Z,S20260422_155325,SC01,AUTO,,78.6061,0.0634,start,0,1500,VIDE,0.0,0.0,0.0,0.0,0.0,0.0,0,0,0.0,0.0,0.0,0.0,0.0,0.0,2.0,1.0,0.05,0.8,0.0,0.0,1
1173,2026-04-22T14:54:44.443Z,S20260422_155325,SC01,AUTO,,78.6534,0.0473,start,0,1500,VIDE,0.0,0.0,0.0,0.0,0.0,0.0,0,0,0.0,0.0,0.0,0.0,0.0,0.0,2.0,1.0,0.05,0.8,0.0,0.0,1
1174,2026-04-22T14:54:44.506Z,S20260422_155325,SC01,AUTO,,78.7161,0.0626,start,0,1500,VIDE,0.0,0.0,0.0,0.0,0.0,0.0,0,0,0.0,0.0,0.0,0.0,0.0,0.0,2.0,1.0,0.05,0.8,0.0,0.0,1
1175,2026-04-22T14:54:44.568Z,S20260422_155325,SC01,AUTO,,78.7781,0.0621,start,0,1500,VIDE,0.0,0.0,0.0,0.0,0.0,0.0,0,0,0.0,0.0,0.0,0.0,0.0,0.0,2.0,1.0,0.05,0.8,0.0,0.0,1
1176,2026-04-22T14:54:44.636Z,S20260422_155325,SC01,AUTO,,78.8463,0.0681,start,0,1500,VIDE,0.0,0.0,0.0,0.0,0.0,0.0,0,0,0.0,0.0,0.0,0.0,0.0,0.0,2.0,1.0,0.05,0.8,0.0,0.0,1
1177,2026-04-22T14:54:44.696Z,S20260422_155325,SC01,AUTO,,78.9061,0.0598,start,0,1500,VIDE,0.0,0.0,0.0,0.0,0.0,0.0,0,0,0.0,0.0,0.0,0.0,0.0,0.0,2.0,1.0,0.05,0.8,0.0,0.0,1
1178,2026-04-22T14:54:44.756Z,S20260422_155325,SC01,AUTO,,78.9664,0.0604,start,0,1500,VIDE,0.0,0.0,0.0,0.0,0.0,0.0,0,0,0.0,0.0,0.0,0.0,0.0,0.0,2.0,1.0,0.05,0.8,0.0,0.0,1
1179,2026-04-22T14:54:44.832Z,S20260422_155325,SC01,AUTO,,79.0427,0.0763,start,0,1500,VIDE,0.0,0.0,0.0,0.0,0.0,0.0,0,0,0.0,0.0,0.0,0.0,0.0,0.0,2.0,1.0,0.05,0.8,0.0,0.0,1
1180,2026-04-22T14:54:54.057Z,S20260422_155325,SC01,AUTO,,88.2676,9.2249,start,0,1500,VIDE,0.0,0.0,0.0,0.0,0.0,0.0,0,0,0.0,0.0,0.0,0.0,0.0,0.0,2.0,1.0,0.05,0.8,0.0,0.0,1
1181,2026-04-22T14:54:54.107Z,S20260422_155325,SC01,AUTO,,88.3175,0.0499,start,0,1500,VIDE,0.0,0.0,0.0,0.0,0.0,0.0,0,0,0.0,0.0,0.0,0.0,0.0,0.0,2.0,1.0,0.05,0.8,0.0,0.0,1
1182,2026-04-22T14:54:54.170Z,S20260422_155325,SC01,AUTO,,88.3808,0.0633,start,0,1500,VIDE,0.0,0.0,0.0,0.0,0.0,0.0,0,0,0.0,0.0,0.0,0.0,0.0,0.0,2.0,1.0,0.05,0.8,0.0,0.0,1
1183,2026-04-22T14:54:54.231Z,S20260422_155325,SC01,AUTO,,88.4419,0.0611,start,0,1500,VIDE,0.0,0.0,0.0,0.0,-0.698132,0.0,1,0,88385.466,88385.466,0.0,0.0,0.0,0.0,2.0,1.0,0.05,0.8,0.0,0.0,1
1184,2026-04-22T14:54:54.295Z,S20260422_155325,SC01,AUTO,,88.505,0.0631,start,0,1500,VIDE,0.0,0.0,0.0,0.0,-0.698132,0.0,1,0,88385.466,88385.466,0.0,0.0,0.0,0.0,2.0,1.0,0.05,0.8,0.0,0.0,1
1185,2026-04-22T14:54:54.355Z,S20260422_155325,SC01,AUTO,,88.5653,0.0603,start,0,1500,VIDE,0.0,0.0,0.0,0.0,-0.698132,0.0,1,0,88385.466,88385.466,0.0,0.0,0.0,0.0,2.0,1.0,0.05,0.8,0.0,0.0,1
1186,2026-04-22T14:54:54.416Z,S20260422_155325,SC01,AUTO,,88.6261,0.0608,start,0,1500,VIDE,0.0,0.0,0.0,0.0,-0.698132,-0.0,1,0,24725.81,0.588,0.0,0.0,0.0,0.0,2.0,1.0,0.05,0.8,0.0,0.0,1
1187,2026-04-22T14:54:54.475Z,S20260422_155325,SC01,AUTO,,88.6853,0.0592,start,0,1500,VIDE,0.0,0.0,0.0,0.0,-0.698132,0.0,1,0,24750.306,13.701,0.0,0.0,0.0,0.0,2.0,1.0,0.05,0.8,0.0,0.0,1
1188,2026-04-22T14:54:54.542Z,S20260422_155325,SC01,AUTO,,88.7527,0.0673,start,0,1500,VIDE,0.0,0.0,0.0,0.0,-0.698132,0.0,1,0,24757.081,15.027,0.0,0.0,0.0,0.0,2.0,1.0,0.05,0.8,0.0,0.0,1
1189,2026-04-22T14:54:54.599Z,S20260422_155325,SC01,AUTO,,88.8094,0.0568,start,0,1500,VIDE,0.0,0.0,0.0,0.0,-0.698132,0.0,1,0,24719.764,14.542,0.0,0.0,0.0,0.0,2.0,1.0,0.05,0.8,0.0,0.0,1
1190,2026-04-22T14:54:54.663Z,S20260422_155325,SC01,AUTO,,88.8737,0.0643,start,0,1500,VIDE,0.0,0.0,0.0,0.0,-0.698132,0.0,1,0,24719.764,14.542,0.0,0.0,0.0,0.0,2.0,1.0,0.05,0.8,0.0,0.0,1
1191,2026-04-22T14:54:54.728Z,S20260422_155325,SC01,AUTO,,88.9384,0.0646,start,0,1500,VIDE,0.0,0.0,0.0,0.0,-0.698132,-0.0,1,0,24664.835,15.311,0.0,0.0,0.0,0.0,2.0,1.0,0.05,0.8,0.0,0.0,1
1192,2026-04-22T14:54:54.790Z,S20260422_155325,SC01,AUTO,,89.0004,0.062,start,0,1500,VIDE,0.0,0.0,0.0,0.0,-0.698132,-0.0,1,0,24604.713,15.253,0.0,0.0,0.0,0.0,2.0,1.0,0.05,0.8,0.0,0.0,1
1193,2026-04-22T14:54:54.854Z,S20260422_155325,SC01,AUTO,,89.064,0.0636,start,0,1500,VIDE,0.0,0.0,0.0,0.0,-0.698132,-0.0,1,0,24542.61,30.827,0.0,0.0,0.0,0.0,2.0,1.0,0.05,0.8,0.0,0.0,1
1194,2026-04-22T14:54:54.915Z,S20260422_155325,SC01,AUTO,,89.1256,0.0617,start,0,1500,VIDE,0.0,0.0,0.0,0.0,-0.698132,-0.0,1,0,24493.734,14.819,0.0,0.0,0.0,0.0,2.0,1.0,0.05,0.8,0.0,0.0,1
1195,2026-04-22T14:54:54.976Z,S20260422_155325,SC01,AUTO,,89.186,0.0604,start,0,1500,VIDE,0.0,0.0,0.0,0.0,-0.698132,-0.0,1,0,24479.337,13.636,0.0,0.0,0.0,0.0,2.0,1.0,0.05,0.8,0.0,0.0,1
1196,2026-04-22T14:54:55.042Z,S20260422_155325,SC01,AUTO,,89.2522,0.0661,start,0,1500,VIDE,0.0,0.0,0.0,0.0,-0.698132,0.0,1,0,24404.225,15.298,0.0,0.0,0.0,0.0,2.0,1.0,0.05,0.8,0.0,0.0,1
1197,2026-04-22T14:54:55.103Z,S20260422_155325,SC01,AUTO,,89.3138,0.0617,start,0,1500,VIDE,0.0,0.0,0.0,0.0,-0.698132,0.0,1,0,24358.392,14.555,0.0,0.0,0.0,0.0,2.0,1.0,0.05,0.8,0.0,0.0,1
1198,2026-04-22T14:54:55.165Z,S20260422_155325,SC01,AUTO,,89.3759,0.0619,start,0,1500,VIDE,0.0,0.0,0.0,0.0,-0.698132,0.0,1,0,24295.062,14.247,0.0,0.0,0.0,0.0,2.0,1.0,0.05,0.8,0.0,0.0,1
1199,2026-04-22T14:54:55.227Z,S20260422_155325,SC01,AUTO,,89.4374,0.0616,start,0,1500,VIDE,0.0,0.0,0.0,0.0,-0.698132,0.0,1,0,24233.972,31.069,0.0,0.0,0.0,0.0,2.0,1.0,0.05,0.8,0.0,0.0,1
1200,2026-04-22T14:54:55.288Z,S20260422_155325,SC01,AUTO,0.001,89.4985,0.0611,start,1,1500,VIDE,0.0,0.0,0.0,0.0,-0.698132,0.0,1,0,24175.253,29.517,0.0,0.0,0.0,0.0,2.0,1.0,0.05,0.8,0.0,0.0,1
1201,2026-04-22T14:54:55.351Z,S20260422_155325,SC01,AUTO,0.064,89.5615,0.063,start,1,1500,VIDE,0.0,0.0,0.0,0.0,-0.698132,0.0,1,0,24132.621,16.428,0.0,0.0,0.0,0.0,2.0,1.0,0.05,0.8,0.0,0.0,1
1202,2026-04-22T14:54:55.415Z,S20260422_155325,SC01,AUTO,0.1284,89.6258,0.0643,start,1,1500,VIDE,0.0,0.0,0.0,0.0,-0.698132,0.0,1,0,24070.581,15.646,0.0,0.0,0.0,0.0,2.0,1.0,0.05,0.8,0.0,0.0,1
1203,2026-04-22T14:54:55.475Z,S20260422_155325,SC01,AUTO,0.1883,89.6858,0.06,start,1,1500,VIDE,0.0,0.0,0.0,0.0,-0.698132,0.0,1,0,24008.694,15.878,0.0,0.0,0.0,0.0,2.0,1.0,0.05,0.8,0.0,0.0,1
1204,2026-04-22T14:54:55.541Z,S20260422_155325,SC01,AUTO,0.2536,89.7511,0.0653,start,1,1500,VIDE,0.0,0.0,0.0,0.0,-0.698132,0.0,1,0,23960.824,16.062,0.0,0.0,0.0,0.0,2.0,1.0,0.05,0.8,0.0,0.0,1
1205,2026-04-22T14:54:55.602Z,S20260422_155325,SC01,AUTO,0.3147,89.8121,0.0611,start,1,1500,VIDE,0.0,0.0,0.0,0.0,-0.698132,0.0,1,0,23900.803,15.299,0.0,0.0,0.0,0.0,2.0,1.0,0.05,0.8,0.0,0.0,1
1206,2026-04-22T14:54:55.664Z,S20260422_155325,SC01,AUTO,0.3773,89.8747,0.0626,start,1,1500,VIDE,0.0,0.0,0.0,0.0,-0.698132,0.0,1,0,23835.318,15.516,0.0,0.0,0.0,0.0,2.0,1.0,0.05,0.8,0.0,0.0,1
1207,2026-04-22T14:54:55.727Z,S20260422_155325,SC01,AUTO,0.4404,89.9378,0.0631,start,1,1500,VIDE,0.0,0.0,0.0,0.0,-0.698132,0.0,1,0,23775.594,29.175,0.0,0.0,0.0,0.0,2.0,1.0,0.05,0.8,0.0,0.0,1
1208,2026-04-22T14:54:55.790Z,S20260422_155325,SC01,AUTO,0.5035,90.0009,0.0631,start,1,1500,VIDE,0.0,0.0,0.0,0.0,-0.698132,0.0,1,0,23714.978,30.007,0.0,0.0,0.0,0.0,2.0,1.0,0.05,0.8,0.0,0.0,1
1209,2026-04-22T14:54:55.853Z,S20260422_155325,SC01,AUTO,0.5657,90.0632,0.0623,start,1,1500,VIDE,0.0,0.0,0.0,0.0,-0.698132,0.0,1,0,23667.677,14.118,0.0,0.0,0.0,0.0,2.0,1.0,0.05,0.8,0.0,0.0,1
1210,2026-04-22T14:54:55.916Z,S20260422_155325,SC01,AUTO,0.6285,90.126,0.0628,start,1,1500,VIDE,0.0,0.0,0.0,0.0,-0.698132,0.0,1,0,23604.837,14.006,0.0,0.0,0.0,0.0,2.0,1.0,0.05,0.8,0.0,0.0,1
1211,2026-04-22T14:54:55.975Z,S20260422_155325,SC01,AUTO,0.6884,90.1858,0.0598,start,1,1500,VIDE,0.0,0.0,0.0,0.0,-0.698132,0.0,1,0,23541.778,31.437,0.0,0.0,0.0,0.0,2.0,1.0,0.05,0.8,0.0,0.0,1
1212,2026-04-22T14:54:56.039Z,S20260422_155325,SC01,AUTO,0.7521,90.2496,0.0638,start,1,1500,VIDE,0.0,0.0,0.0,0.0,-0.698132,0.0,1,0,23492.376,16.037,0.0,0.0,0.0,0.0,2.0,1.0,0.05,0.8,0.0,0.0,1
1213,2026-04-22T14:54:56.103Z,S20260422_155325,SC01,AUTO,0.8162,90.3137,0.0641,start,1,1500,VIDE,0.0,0.0,0.0,0.0,-0.698132,-0.0,1,0,23398.362,16.133,0.0,0.0,0.0,0.0,2.0,1.0,0.05,0.8,0.0,0.0,1
1214,2026-04-22T14:54:56.166Z,S20260422_155325,SC01,AUTO,0.8793,90.3768,0.0631,start,1,1500,VIDE,0.0,0.0,0.0,0.0,-0.698132,-0.0,1,0,23334.354,17.317,0.0,0.0,0.0,0.0,2.0,1.0,0.05,0.8,0.0,0.0,1
1215,2026-04-22T14:54:56.228Z,S20260422_155325,SC01,AUTO,0.9407,90.4382,0.0615,start,1,1500,VIDE,0.0,0.0,0.0,0.0,-0.698132,-0.0,1,0,23288.041,14.794,0.0,0.0,0.0,0.0,2.0,1.0,0.05,0.8,0.0,0.0,1
1216,2026-04-22T14:54:56.290Z,S20260422_155325,SC01,AUTO,1.0034,90.5008,0.0626,start,1,1500,VIDE,0.0,0.0,0.0,0.0,-0.698132,-0.0,1,0,23223.877,15.648,0.0,0.0,0.0,0.0,2.0,1.0,0.05,0.8,0.0,0.0,1
1217,2026-04-22T14:54:56.351Z,S20260422_155325,SC01,AUTO,1.0645,90.5619,0.0611,start,1,1500,VIDE,0.0,0.0,0.0,0.0,-0.698132,-0.0,1,0,23162.414,30.809,0.0,0.0,0.0,0.0,2.0,1.0,0.05,0.8,0.0,0.0,1
1218,2026-04-22T14:54:56.415Z,S20260422_155325,SC01,AUTO,1.1276,90.625,0.0631,start,1,1500,VIDE,0.0,0.0,0.0,0.0,-0.698132,-0.0,1,0,23115.578,15.82,0.0,0.0,0.0,0.0,2.0,1.0,0.05,0.8,0.0,0.0,1
1219,2026-04-22T14:54:56.476Z,S20260422_155325,SC01,AUTO,1.1892,90.6867,0.0617,start,1,1500,VIDE,0.0,0.0,0.0,0.0,-0.698132,0.0,1,0,23068.552,13.746,0.0,0.0,0.0,0.0,2.0,1.0,0.05,0.8,0.0,0.0,1
1220,2026-04-22T14:54:56.537Z,S20260422_155325,SC01,AUTO,1.2504,90.7479,0.0612,start,1,1500,VIDE,0.0,0.0,0.0,0.000407,-0.698132,-0.0,2,0,2002.729,19.374,0.0,0.0,0.0,0.0,2.0,1.0,0.05,0.8,0.00041,0.0,1
1221,2026-04-22T14:54:56.600Z,S20260422_155325,SC01,AUTO,1.3128,90.8103,0.0624,start,1,1500,VIDE,0.0,0.0,0.0,0.005618,-0.698132,-0.0,2,0,1936.697,20.47,0.0,0.0,0.0,0.0,2.0,1.0,0.05,0.8,0.00562,0.0,1
1222,2026-04-22T14:54:56.664Z,S20260422_155325,SC01,AUTO,1.3767,90.8742,0.0639,start,1,1500,VIDE,0.0,0.0,0.0,0.014876,-0.698132,-0.0,2,0,1883.912,18.767,0.0,0.0,0.0,0.0,2.0,1.0,0.05,0.8,0.01488,0.0,1
1223,2026-04-22T14:54:56.725Z,S20260422_155325,SC01,AUTO,1.4384,90.9359,0.0617,start,1,1500,VIDE,0.0,0.0,0.0,0.02663,-0.698132,-0.0,2,0,1823.222,15.927,0.0,0.0,0.0,0.0,2.0,1.0,0.05,0.8,0.02663,0.0,1
1224,2026-04-22T14:54:56.789Z,S20260422_155325,SC01,AUTO,1.5017,90.9991,0.0633,start,1,1500,VIDE,0.0,0.0,0.0,0.042716,-0.698132,-0.0,2,0,1771.901,8.348,0.0,0.0,0.0,0.0,2.0,1.0,0.05,0.8,0.04272,0.0,1
1225,2026-04-22T14:54:56.852Z,S20260422_155325,SC01,AUTO,1.5647,91.0622,0.0631,start,1,1500,VIDE,0.0,0.0,0.0,0.058382,-0.698132,-0.0,2,0,1715.271,4.781,0.0,0.0,0.0,0.0,2.0,1.0,0.05,0.8,0.05838,0.0,1
1226,2026-04-22T14:54:56.915Z,S20260422_155325,SC01,AUTO,1.6282,91.1257,0.0635,start,1,1500,VIDE,0.0,0.0,0.0,0.081762,-0.698132,-0.0,2,0,1616.735,21.675,0.0,0.0,0.0,0.0,2.0,1.0,0.05,0.8,0.08176,0.0,1
1227,2026-04-22T14:54:56.976Z,S20260422_155325,SC01,AUTO,1.6888,91.1863,0.0606,start,1,1500,VIDE,0.0,0.0,0.0,0.097629,-0.698132,0.0,2,0,1580.712,18.915,0.0,0.0,0.0,0.0,2.0,1.0,0.05,0.8,0.09763,0.0,1
1228,2026-04-22T14:54:57.040Z,S20260422_155325,SC01,AUTO,1.7525,91.25,0.0636,start,1,1500,VIDE,0.0,0.0,0.0,0.12343,-0.698132,0.0,2,0,1484.223,0.428,0.0,0.0,0.0,0.0,2.0,1.0,0.05,0.8,0.12343,0.0,1
1229,2026-04-22T14:54:57.102Z,S20260422_155325,SC01,AUTO,1.8154,91.3129,0.0629,start,1,1500,VIDE,0.0,0.0,0.0,0.142305,-0.698132,-0.0,2,0,1444.711,20.771,0.0,0.0,0.0,0.0,2.0,1.0,0.05,0.8,0.1423,0.0,1
1230,2026-04-22T14:54:57.166Z,S20260422_155325,SC01,AUTO,1.879,91.3764,0.0636,start,1,1500,VIDE,0.0,0.0,0.0,0.164157,-0.698132,0.0,2,0,1386.509,20.605,0.0,0.0,0.0,0.0,2.0,1.0,0.05,0.8,0.16416,0.0,1
1231,2026-04-22T14:54:57.230Z,S20260422_155325,SC01,AUTO,1.9428,91.4402,0.0638,start,1,1500,VIDE,0.0,0.0,0.0,0.186563,-0.698132,-0.0,2,0,1328.783,20.468,0.0,0.0,0.0,0.0,2.0,1.0,0.05,0.8,0.18656,0.0,1
1232,2026-04-22T14:54:57.288Z,S20260422_155325,SC01,AUTO,2.0008,91.4982,0.058,start,1,1500,VIDE,0.0,0.0,0.0,0.209406,-0.698132,-0.0,2,0,1269.875,20.171,0.0,0.0,0.0,0.0,2.0,1.0,0.05,0.8,0.20941,0.0,1
1233,2026-04-22T14:54:57.351Z,S20260422_155325,SC01,AUTO,2.0638,91.5613,0.0631,start,1,1500,VIDE,0.0,0.0,0.0,0.224829,-0.698132,0.0,2,0,1252.939,11.642,0.0,0.0,0.0,0.0,2.0,1.0,0.05,0.8,0.22483,0.0,1
1234,2026-04-22T14:54:57.415Z,S20260422_155325,SC01,AUTO,2.1282,91.6256,0.0643,start,1,1500,VIDE,0.0,0.0,0.0,0.252118,-0.698132,-0.0,2,0,1179.208,18.385,0.0,0.0,0.0,0.0,2.0,1.0,0.05,0.8,0.25212,0.0,1
1235,2026-04-22T14:54:57.476Z,S20260422_155325,SC01,AUTO,2.1894,91.6868,0.0612,start,1,1500,VIDE,0.0,0.0,0.0,0.26785,-0.698132,-0.0,2,0,1130.106,19.187,0.0,0.0,0.0,0.0,2.0,1.0,0.05,0.8,0.26785,0.0,1
1236,2026-04-22T14:54:57.539Z,S20260422_155325,SC01,AUTO,2.2524,91.7499,0.0631,start,1,1500,VIDE,0.0,0.0,0.0,0.295573,-0.698132,-0.0,2,0,1082.581,8.319,0.0,0.0,0.0,0.0,2.0,1.0,0.05,0.8,0.29557,0.0,1
1237,2026-04-22T14:54:57.601Z,S20260422_155325,SC01,AUTO,2.3144,91.8118,0.062,start,1,1500,VIDE,0.0,0.0,0.0,0.315495,-0.698132,-0.0,2,0,1017.934,20.715,0.0,0.0,0.0,0.0,2.0,1.0,0.05,0.8,0.3155,0.0,1
1238,2026-04-22T14:54:57.665Z,S20260422_155325,SC01,AUTO,2.3781,91.8756,0.0637,start,1,1500,VIDE,0.0,0.0,0.0,0.343515,-0.698132,-0.0,2,0,969.946,10.443,0.0,0.0,0.0,0.0,2.0,1.0,0.05,0.8,0.34352,0.0,1
1239,2026-04-22T14:54:57.728Z,S20260422_155325,SC01,AUTO,2.4409,91.9384,0.0628,start,1,1500,VIDE,0.0,0.0,0.0,0.37568,-0.698132,-0.0,2,0,869.763,21.128,0.0,0.0,0.0,0.0,2.0,1.0,0.05,0.8,0.37568,0.0,1
1240,2026-04-22T14:54:57.789Z,S20260422_155325,SC01,AUTO,2.5023,91.9998,0.0615,start,1,1500,VIDE,0.0,0.0,0.0,0.399877,-0.698132,-0.0,2,0,812.401,19.332,0.0,0.0,0.0,0.0,2.0,1.0,0.05,0.8,0.39988,0.0,1
1241,2026-04-22T14:54:57.851Z,S20260422_155325,SC01,AUTO,2.5635,92.061,0.0612,start,1,1500,VIDE,0.0,0.0,0.0,0.416036,-0.698132,-0.0,2,0,793.703,8.679,0.0,0.0,0.0,0.0,2.0,1.0,0.05,0.8,0.41604,0.0,1
1242,2026-04-22T14:54:57.912Z,S20260422_155325,SC01,AUTO,2.6251,92.1226,0.0616,start,1,1500,VIDE,0.0,0.0,0.0,0.43626,-0.698132,-0.0,2,0,752.532,18.093,0.0,0.0,0.0,0.0,2.0,1.0,0.05,0.8,0.43626,0.0,1
1243,2026-04-22T14:54:57.975Z,S20260422_155325,SC01,AUTO,2.6877,92.1852,0.0626,start,1,1500,VIDE,0.0,0.0,0.0,0.460559,-0.698132,-0.0,2,0,682.302,19.903,0.0,0.0,0.0,0.0,2.0,1.0,0.05,0.8,0.46056,0.0,1
1244,2026-04-22T14:54:58.039Z,S20260422_155325,SC01,AUTO,2.7519,92.2493,0.0641,start,1,1500,VIDE,0.0,0.0,0.0,0.484884,-0.698132,0.0,2,0,624.17,20.042,0.0,0.0,0.0,0.0,2.0,1.0,0.05,0.8,0.48488,0.0,1
1245,2026-04-22T14:54:58.100Z,S20260422_155325,SC01,AUTO,2.8128,92.3103,0.061,start,1,1500,VIDE,0.0,0.0,0.0,0.509229,-0.698132,0.0,2,0,565.54,18.376,0.0,0.0,0.0,0.0,2.0,1.0,0.05,0.8,0.50923,0.0,1
1246,2026-04-22T14:54:58.163Z,S20260422_155325,SC01,AUTO,2.876,92.3735,0.0632,start,1,1500,VIDE,0.0,0.0,0.0,0.53359,-0.698132,0.0,2,0,507.078,19.541,0.0,0.0,0.0,0.0,2.0,1.0,0.05,0.8,0.53359,0.0,1
1247,2026-04-22T14:54:58.224Z,S20260422_155325,SC01,AUTO,2.9373,92.4348,0.0613,start,1,1500,VIDE,0.0,0.0,0.0,0.557962,-0.698132,-0.0,2,0,448.227,19.355,0.0,0.0,0.0,0.0,2.0,1.0,0.05,0.8,0.55796,0.0,1
1248,2026-04-22T14:54:58.288Z,S20260422_155325,SC01,AUTO,3.0007,92.4982,0.0634,start,1,1500,VIDE,0.0,0.0,0.0,0.582344,-0.698132,-0.0,2,0,356.01,54.339,0.0,0.0,0.0,0.0,2.0,1.0,0.05,0.8,0.58234,0.0,1
1249,2026-04-22T14:54:58.351Z,S20260422_155325,SC01,AUTO,3.0636,92.5611,0.0629,start,1,1500,VIDE,0.0,0.0,0.0,0.606733,-0.698132,-0.0,2,0,314.238,20.247,0.0,0.0,0.0,0.0,2.0,1.0,0.05,0.8,0.60673,0.0,1
1250,2026-04-22T14:54:58.412Z,S20260422_155325,SC01,AUTO,3.1254,92.6228,0.0618,start,1,1500,VIDE,0.0,0.0,0.0,0.631127,-0.698132,-0.0,2,0,255.796,20.411,0.0,0.0,0.0,0.0,2.0,1.0,0.05,0.8,0.63113,0.0,1
1251,2026-04-22T14:54:58.475Z,S20260422_155325,SC01,AUTO,3.1879,92.6853,0.0625,start,1,1500,VIDE,0.0,0.0,0.0,0.655525,-0.698132,-0.0,2,0,201.128,20.831,0.0,0.0,0.0,0.0,2.0,1.0,0.05,0.8,0.65553,0.0,1
1252,2026-04-22T14:54:58.537Z,S20260422_155325,SC01,AUTO,3.2501,92.7476,0.0623,start,1,1500,VIDE,0.0,0.0,0.0,0.679926,-0.698132,-0.0,2,0,143.826,19.046,0.0,0.0,0.0,0.0,2.0,1.0,0.05,0.8,0.67993,0.0,1
1253,2026-04-22T14:54:58.599Z,S20260422_155325,SC01,AUTO,3.3123,92.8098,0.0622,start,1,1500,VIDE,0.0,0.0,0.0,0.704224,-0.698132,0.0,1,0,98.806,18.79,0.0,0.0,0.0,0.0,2.0,1.0,0.05,0.8,0.70422,0.0,1
1254,2026-04-22T14:54:58.661Z,S20260422_155325,SC01,AUTO,3.3744,92.8719,0.0621,start,1,1500,VIDE,0.0,0.0,0.0,0.723971,-0.698132,0.0,1,0,32.051,19.216,0.0,0.0,0.0,0.0,2.0,1.0,0.05,0.8,0.72397,0.0,1
1255,2026-04-22T14:54:58.725Z,S20260422_155325,SC01,AUTO,3.4376,92.9351,0.0632,start,1,1500,VIDE,0.0,0.0,0.0,0.737899,-0.698132,0.0,1,0,12.542,18.809,0.0,0.0,0.0,0.0,2.0,1.0,0.05,0.8,0.7379,0.0,1
1256,2026-04-22T14:54:58.792Z,S20260422_155325,SC01,AUTO,3.505,93.0025,0.0674,start,1,1500,VIDE,0.0,0.0,0.0,0.747264,-0.698132,0.0,1,0,14.061,19.17,0.0,0.0,0.0,0.0,2.0,1.0,0.05,0.8,0.74726,0.0,1
1257,2026-04-22T14:54:58.855Z,S20260422_155325,SC01,AUTO,3.5684,93.0659,0.0634,start,1,1500,VIDE,0.0,0.0,0.0,0.753051,-0.698132,0.0,1,0,17.229,17.411,0.0,0.0,0.0,0.0,2.0,1.0,0.05,0.8,0.75305,0.0,1
1258,2026-04-22T14:54:58.916Z,S20260422_155325,SC01,AUTO,3.6286,93.126,0.0601,start,1,1500,VIDE,0.0,0.0,0.0,0.75603,-0.698132,-0.0,1,0,20.947,19.044,0.0,0.0,0.0,0.0,2.0,1.0,0.05,0.8,0.75603,0.0,1
1259,2026-04-22T14:54:58.976Z,S20260422_155325,SC01,AUTO,3.6894,93.1868,0.0608,start,1,1500,VIDE,0.0,0.0,0.0,0.756809,-0.698132,0.0,1,0,21.401,20.281,0.0,0.0,0.0,0.0,2.0,1.0,0.05,0.8,0.75681,0.0,1
1260,2026-04-22T14:54:59.047Z,S20260422_155325,SC01,AUTO,3.7602,93.2577,0.0709,start,1,1500,VIDE,0.0,0.0,0.0,0.755562,-0.698132,-0.0,1,0,30.766,8.473,0.0,0.0,0.0,0.0,2.0,1.0,0.05,0.8,0.75556,0.0,1
1261,2026-04-22T14:54:59.111Z,S20260422_155325,SC01,AUTO,3.8239,93.3214,0.0637,start,1,1500,VIDE,0.0,0.0,0.0,0.751993,-0.698132,-0.0,1,0,15.274,18.906,0.0,0.0,0.0,0.0,2.0,1.0,0.05,0.8,0.75199,0.0,1
1262,2026-04-22T14:54:59.174Z,S20260422_155325,SC01,AUTO,3.8867,93.3842,0.0628,start,1,1500,VIDE,0.0,0.0,0.0,0.748186,-0.698132,0.0,1,0,16.638,20.265,0.0,0.0,0.0,0.0,2.0,1.0,0.05,0.8,0.74819,0.0,1
1263,2026-04-22T14:54:59.235Z,S20260422_155325,SC01,AUTO,3.9481,93.4456,0.0614,start,1,1500,VIDE,0.0,0.0,0.0,0.743642,-0.698132,-0.0,1,0,18.51,20.388,0.0,0.0,0.0,0.0,2.0,1.0,0.05,0.8,0.74364,0.0,1
1264,2026-04-22T14:54:59.288Z,S20260422_155325,SC01,AUTO,4.001,93.4985,0.0529,start,1,1500,VIDE,0.0,0.0,0.0,0.741144,-0.698132,0.0,1,0,29.847,19.571,0.0,0.0,0.0,0.0,2.0,1.0,0.05,0.8,0.74114,0.0,1
1265,2026-04-22T14:54:59.351Z,S20260422_155325,SC01,AUTO,4.0641,93.5616,0.0631,start,1,1500,VIDE,0.0,0.0,0.0,0.73578,-0.698132,-0.0,1,0,12.891,19.421,0.0,0.0,0.0,0.0,2.0,1.0,0.05,0.8,0.73578,0.0,1
1266,2026-04-22T14:54:59.416Z,S20260422_155325,SC01,AUTO,4.129,93.6264,0.0649,start,1,1500,VIDE,0.0,0.0,0.0,0.730015,-0.698132,0.0,1,0,15.286,19.002,0.0,0.0,0.0,0.0,2.0,1.0,0.05,0.8,0.73001,0.0,1
1267,2026-04-22T14:54:59.475Z,S20260422_155325,SC01,AUTO,4.1884,93.6858,0.0594,start,1,1500,VIDE,0.0,0.0,0.0,0.723934,-0.698132,-0.0,1,0,18.772,18.36,0.0,0.0,0.0,0.0,2.0,1.0,0.05,0.8,0.72393,0.0,1
1268,2026-04-22T14:54:59.543Z,S20260422_155325,SC01,AUTO,4.2563,93.7538,0.0679,start,1,1500,VIDE,0.0,0.0,0.0,0.717606,-0.698132,0.0,1,0,20.502,20.804,0.0,0.0,0.0,0.0,2.0,1.0,0.05,0.8,0.71761,0.0,1
1269,2026-04-22T14:54:59.608Z,S20260422_155325,SC01,AUTO,4.3205,93.818,0.0642,start,1,1500,VIDE,0.0,0.0,0.0,0.711084,-0.698132,0.0,1,0,24.343,18.303,0.0,0.0,0.0,0.0,2.0,1.0,0.05,0.8,0.71108,0.0,1
1270,2026-04-22T14:54:59.671Z,S20260422_155325,SC01,AUTO,4.3843,93.8817,0.0637,start,1,1500,VIDE,0.0,0.0,0.0,0.701027,-0.698132,-0.0,1,0,13.12,20.747,0.0,0.0,0.0,0.0,2.0,1.0,0.05,0.8,0.70103,0.0,1
1271,2026-04-22T14:54:59.733Z,S20260422_155325,SC01,AUTO,4.446,93.9434,0.0617,start,1,1500,VIDE,0.0,0.0,0.0,0.697617,-0.698132,0.0,1,0,25.075,20.278,0.0,0.0,0.0,0.0,2.0,1.0,0.05,0.8,0.69762,0.0,1
1272,2026-04-22T14:54:59.795Z,S20260422_155325,SC01,AUTO,4.5079,94.0054,0.062,start,1,1500,VIDE,0.0,0.0,0.0,0.688419,-0.698132,0.0,1,0,39.273,0.908,0.0,0.0,0.0,0.0,2.0,1.0,0.05,0.8,0.68842,0.0,1
1273,2026-04-22T14:54:59.855Z,S20260422_155325,SC01,AUTO,4.5683,94.0658,0.0604,start,1,1500,VIDE,0.0,0.0,0.0,0.683772,-0.698132,0.0,1,0,10.255,19.935,0.0,0.0,0.0,0.0,2.0,1.0,0.05,0.8,0.68377,0.0,1
1274,2026-04-22T14:54:59.917Z,S20260422_155325,SC01,AUTO,4.6301,94.1275,0.0618,start,1,1500,VIDE,0.0,0.0,0.0,0.676755,-0.698132,0.0,1,0,13.284,25.104,0.0,0.0,0.0,0.0,2.0,1.0,0.05,0.8,0.67675,0.0,1
1275,2026-04-22T14:54:59.976Z,S20260422_155325,SC01,AUTO,4.6888,94.1862,0.0587,start,1,1500,VIDE,0.0,0.0,0.0,0.669693,-0.698132,0.0,1,0,24.064,19.213,0.0,0.0,0.0,0.0,2.0,1.0,0.05,0.8,0.66969,0.0,1
1276,2026-04-22T14:55:00.039Z,S20260422_155325,SC01,AUTO,4.7515,94.2489,0.0627,start,1,1500,VIDE,0.0,0.0,0.0,0.662596,-0.698132,0.0,1,0,30.025,20.213,0.0,0.0,0.0,0.0,2.0,1.0,0.05,0.8,0.6626,0.0,1
1277,2026-04-22T14:55:00.104Z,S20260422_155325,SC01,AUTO,4.8166,94.3141,0.0651,start,1,1500,VIDE,0.0,0.0,0.0,0.655472,-0.698132,0.0,1,0,12.192,19.207,0.0,0.0,0.0,0.0,2.0,1.0,0.05,0.8,0.65547,0.0,1
1278,2026-04-22T14:55:00.167Z,S20260422_155325,SC01,AUTO,4.88,94.3774,0.0633,start,1,1500,VIDE,0.0,0.0,0.0,0.648326,-0.698132,0.0,1,0,13.42,19.454,0.0,0.0,0.0,0.0,2.0,1.0,0.05,0.8,0.64833,0.0,1
1279,2026-04-22T14:55:00.231Z,S20260422_155325,SC01,AUTO,4.9444,94.4419,0.0645,start,1,1500,VIDE,0.0,0.0,0.0,0.641163,-0.698132,0.0,1,0,16.18,18.568,0.0,0.0,0.0,0.0,2.0,1.0,0.05,0.8,0.64116,0.0,1
1280,2026-04-22T14:55:00.296Z,S20260422_155325,SC01,AUTO,5.0087,94.5061,0.0642,accel_1,1,1500,VIDE,0.0,0.12,0.0,0.633987,-0.698132,0.0,1,0,17.946,17.889,0.0,0.12,0.0,1.8,2.0,1.0,0.05,0.8,-1.16601,0.0,0
1281,2026-04-22T14:55:00.355Z,S20260422_155325,SC01,AUTO,5.0684,94.5659,0.0598,accel_1,1,1500,VIDE,0.0,0.12,0.0,0.627301,-0.698132,-0.0,1,0,4.863,13.092,0.0,0.12,0.0,1.8,2.0,1.0,0.05,0.8,-1.1727,0.0,0
1282,2026-04-22T14:55:00.415Z,S20260422_155325,SC01,AUTO,5.128,94.6254,0.0595,accel_1,1,1500,VIDE,0.0,0.12,0.0,0.625744,-0.698132,0.0,1,0,26.223,20.11,0.0,0.12,0.0,1.8,2.0,1.0,0.05,0.8,-1.17426,0.0,0
1283,2026-04-22T14:55:00.475Z,S20260422_155325,SC01,AUTO,5.1881,94.6855,0.0601,accel_1,1,1500,VIDE,0.0,0.12,0.0,0.628236,-0.698132,-0.0,1,0,11.338,19.723,0.0,0.12,0.0,1.8,2.0,1.0,0.05,0.8,-1.17176,0.0,0
1284,2026-04-22T14:55:00.547Z,S20260422_155325,SC01,AUTO,5.2597,94.7572,0.0716,accel_1,1,1500,VIDE,0.0,0.12,0.0,0.63409,-0.698132,-0.0,1,0,30.311,20.777,0.0,0.12,0.0,1.8,2.0,1.0,0.05,0.8,-1.16591,0.0,0
1285,2026-04-22T14:55:00.599Z,S20260422_155325,SC01,AUTO,5.3118,94.8093,0.0521,accel_1,1,1500,VIDE,0.0,0.12,0.0,0.64258,-0.698132,-0.0,1,0,13.446,18.436,0.0,0.12,0.0,1.8,2.0,1.0,0.05,0.8,-1.15742,0.0,0
1286,2026-04-22T14:55:00.664Z,S20260422_155325,SC01,AUTO,5.3765,94.874,0.0647,accel_1,1,1500,VIDE,0.0,0.12,0.0,0.653139,-0.698132,-0.0,1,0,16.09,19.294,0.0,0.12,0.0,1.8,2.0,1.0,0.05,0.8,-1.14686,0.0,0
1287,2026-04-22T14:55:00.727Z,S20260422_155325,SC01,AUTO,5.4399,94.9374,0.0634,accel_1,1,1500,VIDE,0.0,0.12,0.0,0.665319,-0.698132,-0.0,1,0,16.695,19.876,0.0,0.12,0.0,1.8,2.0,1.0,0.05,0.8,-1.13468,0.0,0
1288,2026-04-22T14:55:00.792Z,S20260422_155325,SC01,AUTO,5.5046,95.0021,0.0647,accel_1,1,1500,VIDE,0.0,0.12,0.0,0.678772,-0.698132,0.0,1,0,18.878,18.732,0.0,0.12,0.0,1.8,2.0,1.0,0.05,0.8,-1.12123,0.0,0
1289,2026-04-22T14:55:00.855Z,S20260422_155325,SC01,AUTO,5.5682,95.0657,0.0636,accel_1,1,1500,VIDE,0.0,0.12,0.0,0.693223,-0.698132,-0.0,1,0,22.883,18.04,0.0,0.12,0.0,1.8,2.0,1.0,0.05,0.8,-1.10678,0.0,0
1290,2026-04-22T14:55:00.915Z,S20260422_155325,SC01,AUTO,5.6279,95.1253,0.0597,accel_1,1,1500,VIDE,0.0,0.12,0.0,0.708456,-0.698132,0.0,1,0,25.269,19.819,0.0,0.12,0.0,1.8,2.0,1.0,0.05,0.8,-1.09154,0.0,0
1291,2026-04-22T14:55:00.976Z,S20260422_155325,SC01,AUTO,5.6894,95.1868,0.0615,accel_1,1,1500,VIDE,0.0,0.12,0.0,0.724303,-0.698132,-0.0,1,0,29.025,20.682,0.0,0.12,0.0,1.8,2.0,1.0,0.05,0.8,-1.0757,0.0,0
1292,2026-04-22T14:55:01.044Z,S20260422_155325,SC01,AUTO,5.7573,95.2547,0.0679,accel_1,1,1500,VIDE,0.0,0.12,0.0,0.740632,-0.698132,0.0,1,0,9.716,20.468,0.0,0.12,0.0,1.8,2.0,1.0,0.05,0.8,-1.05937,0.0,0
1293,2026-04-22T14:55:01.106Z,S20260422_155325,SC01,AUTO,5.8192,95.3166,0.0619,accel_1,1,1500,VIDE,0.0,0.12,0.0,0.757337,-0.698132,-0.0,1,0,13.509,20.345,0.0,0.12,0.0,1.8,2.0,1.0,0.05,0.8,-1.04266,0.0,0
1294,2026-04-22T14:55:01.170Z,S20260422_155325,SC01,AUTO,5.8832,95.3807,0.064,accel_1,1,1500,VIDE,0.0,0.12,0.0,0.774339,-0.698132,0.0,1,0,14.684,19.05,0.0,0.12,0.0,1.8,2.0,1.0,0.05,0.8,-1.02566,0.0,0
1295,2026-04-22T14:55:01.233Z,S20260422_155325,SC01,AUTO,5.9461,95.4435,0.0628,accel_1,1,1500,VIDE,0.0,0.12,0.0,0.791572,-0.698132,-0.0,1,0,15.864,19.818,0.0,0.12,0.0,1.8,2.0,1.0,0.05,0.8,-1.00843,0.0,0
1296,2026-04-22T14:55:01.287Z,S20260422_155325,SC01,AUTO,6.0002,95.4976,0.0541,accel_1,1,1500,VIDE,0.0,0.12,0.0,0.808987,-0.698132,-0.0,1,0,16.012,17.02,0.0,0.12,0.0,1.8,2.0,1.0,0.05,0.8,-0.99101,0.0,0
1297,2026-04-22T14:55:01.352Z,S20260422_155325,SC01,AUTO,6.0647,95.5621,0.0646,accel_1,1,1500,VIDE,0.0,0.12,0.0,0.826544,-0.698132,0.0,1,0,18.956,18.979,0.0,0.12,0.0,1.8,2.0,1.0,0.05,0.8,-0.97346,0.0,0
1298,2026-04-22T14:55:01.417Z,S20260422_155325,SC01,AUTO,6.1297,95.6272,0.065,accel_1,1,1500,VIDE,0.0,0.12,0.0,0.844213,-0.698132,-0.0,1,0,18.587,17.03,0.0,0.12,0.0,1.8,2.0,1.0,0.05,0.8,-0.95579,0.0,0
1299,2026-04-22T14:55:01.475Z,S20260422_155325,SC01,AUTO,6.1883,95.6857,0.0585,accel_1,1,1500,VIDE,0.0,0.12,0.0,0.861969,-0.698132,0.0,1,0,20.769,16.614,0.0,0.12,0.0,1.8,2.0,1.0,0.05,0.8,-0.93803,0.0,0
1300,2026-04-22T14:55:01.543Z,S20260422_155325,SC01,AUTO,6.2564,95.7539,0.0682,accel_1,1,1500,VIDE,0.0,0.12,0.0,0.879793,-0.698132,-0.0,1,0,21.583,20.896,0.0,0.12,0.0,1.8,2.0,1.0,0.05,0.8,-0.92021,0.0,0
1301,2026-04-22T14:55:01.605Z,S20260422_155325,SC01,AUTO,6.3175,95.815,0.0611,accel_1,1,1500,VIDE,0.0,0.12,0.0,0.897671,-0.698132,0.0,1,0,26.111,20.447,0.0,0.12,0.0,1.8,2.0,1.0,0.05,0.8,-0.90233,0.0,0
1302,2026-04-22T14:55:01.666Z,S20260422_155325,SC01,AUTO,6.3795,95.8769,0.0619,accel_1,1,1500,VIDE,0.0,0.12,0.0,0.91559,-0.698132,0.0,1,0,30.715,18.61,0.0,0.12,0.0,1.8,2.0,1.0,0.05,0.8,-0.88441,0.0,0
1303,2026-04-22T14:55:01.730Z,S20260422_155325,SC01,AUTO,6.4426,95.9401,0.0632,accel_1,1,1500,VIDE,0.0,0.12,0.0,0.933542,-0.698132,-0.0,1,0,28.582,20.51,0.0,0.12,0.0,1.8,2.0,1.0,0.05,0.8,-0.86646,0.0,0
1304,2026-04-22T14:55:01.793Z,S20260422_155325,SC01,AUTO,6.5055,96.003,0.0629,accel_1,1,1500,VIDE,0.0,0.12,0.0,0.951519,-0.698132,0.0,1,0,30.681,20.866,0.0,0.12,0.0,1.8,2.0,1.0,0.05,0.8,-0.84848,0.0,0
1305,2026-04-22T14:55:01.855Z,S20260422_155325,SC01,AUTO,6.5683,96.0658,0.0628,accel_1,1,1500,VIDE,0.0,0.12,0.0,0.969516,-0.698132,-0.0,1,0,13.139,17.995,0.0,0.12,0.0,1.8,2.0,1.0,0.05,0.8,-0.83048,0.0,0
1306,2026-04-22T14:55:01.915Z,S20260422_155325,SC01,AUTO,6.6283,96.1258,0.06,accel_1,1,1500,VIDE,0.0,0.12,0.0,0.987528,-0.698132,0.0,1,0,16.647,19.475,0.0,0.12,0.0,1.8,2.0,1.0,0.05,0.8,-0.81247,0.0,0
1307,2026-04-22T14:55:01.975Z,S20260422_155325,SC01,AUTO,6.6881,96.1855,0.0598,accel_1,1,1500,VIDE,0.0,0.12,0.0,0.996538,-0.698132,-0.0,1,0,28.891,18.759,0.0,0.12,0.0,1.8,2.0,1.0,0.05,0.8,-0.80346,0.0,0
1308,2026-04-22T14:55:02.039Z,S20260422_155325,SC01,AUTO,6.7523,96.2498,0.0642,accel_1,1,1500,VIDE,0.0,0.12,0.0,1.014567,-0.698132,0.0,1,0,39.759,18.696,0.0,0.12,0.0,1.8,2.0,1.0,0.05,0.8,-0.78543,0.0,1
1309,2026-04-22T14:55:02.104Z,S20260422_155325,SC01,AUTO,6.8166,96.314,0.0643,accel_1,1,1500,VIDE,0.0,0.12,0.0,1.032603,-0.698132,-0.0,1,0,22.132,18.342,0.0,0.12,0.0,1.8,2.0,1.0,0.05,0.8,-0.7674,0.0,1
1310,2026-04-22T14:55:02.167Z,S20260422_155325,SC01,AUTO,6.88,96.3775,0.0634,accel_1,1,1500,VIDE,0.0,0.12,0.0,1.050645,-0.698132,0.0,1,0,24.185,20.716,0.0,0.12,0.0,1.8,2.0,1.0,0.05,0.8,-0.74936,0.0,1
1311,2026-04-22T14:55:02.230Z,S20260422_155325,SC01,AUTO,6.943,96.4404,0.063,accel_1,1,1500,VIDE,0.0,0.12,0.0,1.068692,-0.698132,0.0,1,0,26.554,20.406,0.0,0.12,0.0,1.8,2.0,1.0,0.05,0.8,-0.73131,0.0,1
1312,2026-04-22T14:55:02.293Z,S20260422_155325,SC01,AUTO,7.0061,96.5036,0.0631,accel_1,1,1500,VIDE,0.0,0.12,0.0,1.086742,-0.698132,0.0,1,0,27.623,19.352,0.0,0.12,0.0,1.8,2.0,1.0,0.05,0.8,-0.71326,0.0,1
1313,2026-04-22T14:55:02.355Z,S20260422_155325,SC01,AUTO,7.0675,96.5649,0.0614,accel_1,1,1500,VIDE,0.0,0.12,0.0,1.086742,-0.698132,0.0,1,0,27.623,19.352,0.0,0.12,0.0,1.8,2.0,1.0,0.05,0.8,-0.71326,0.0,1
1314,2026-04-22T14:55:02.415Z,S20260422_155325,SC01,AUTO,7.1278,96.6252,0.0603,accel_1,1,1500,VIDE,0.0,0.12,0.0,1.104794,-0.698132,0.0,1,0,40.496,22.712,0.0,0.12,0.0,1.8,2.0,1.0,0.05,0.8,-0.69521,0.0,1
1315,2026-04-22T14:55:02.476Z,S20260422_155325,SC01,AUTO,7.1893,96.6868,0.0615,accel_1,1,1500,VIDE,0.0,0.12,0.0,1.122848,-0.698132,0.0,1,0,26.113,15.549,0.0,0.12,0.0,1.8,2.0,1.0,0.05,0.8,-0.67715,0.0,1
1316,2026-04-22T14:55:02.539Z,S20260422_155325,SC01,AUTO,7.2522,96.7497,0.063,accel_1,1,1500,VIDE,0.0,0.12,0.0,1.140903,-0.698132,0.0,1,0,27.319,18.425,0.0,0.12,0.0,1.8,2.0,1.0,0.05,0.8,-0.6591,0.0,1
1317,2026-04-22T14:55:02.599Z,S20260422_155325,SC01,AUTO,7.3122,96.8097,0.06,accel_1,1,1500,VIDE,0.0,0.12,0.0,1.158959,-0.698132,0.0,1,0,30.005,19.405,0.0,0.12,0.0,1.8,2.0,1.0,0.05,0.8,-0.64104,0.0,1
1318,2026-04-22T14:55:02.663Z,S20260422_155325,SC01,AUTO,7.3759,96.8734,0.0637,accel_1,1,1500,VIDE,0.0,0.12,0.0,1.177015,-0.698132,0.0,1,0,13.252,18.822,0.0,0.12,0.0,1.8,2.0,1.0,0.05,0.8,-0.62299,0.0,1
1319,2026-04-22T14:55:02.727Z,S20260422_155325,SC01,AUTO,7.4395,96.9369,0.0636,accel_1,1,1500,VIDE,0.0,0.12,0.0,1.195071,-0.698132,0.0,1,0,13.905,18.271,0.0,0.12,0.0,1.8,2.0,1.0,0.05,0.8,-0.60493,0.0,1
1320,2026-04-22T14:55:02.788Z,S20260422_155325,SC01,AUTO,7.5013,96.9987,0.0618,accel_1,1,1500,VIDE,0.0,0.12,0.0,1.213126,-0.698132,0.0,1,0,15.53,20.029,0.0,0.12,0.0,1.8,2.0,1.0,0.05,0.8,-0.58687,0.0,1
1321,2026-04-22T14:55:02.850Z,S20260422_155325,SC01,AUTO,7.5633,97.0607,0.062,accel_1,1,1500,VIDE,0.0,0.12,0.0,1.231182,-0.698132,-0.0,1,0,17.629,19.335,0.0,0.12,0.0,1.8,2.0,1.0,0.05,0.8,-0.56882,0.0,1
1322,2026-04-22T14:55:02.912Z,S20260422_155325,SC01,AUTO,7.6251,97.1226,0.0618,accel_1,1,1500,VIDE,0.0,0.12,0.0,1.249236,-0.698132,0.0,1,0,18.906,18.809,0.0,0.12,0.0,1.8,2.0,1.0,0.05,0.8,-0.55076,0.0,1
1323,2026-04-22T14:55:02.975Z,S20260422_155325,SC01,AUTO,7.6885,97.1859,0.0633,accel_1,1,1500,VIDE,0.0,0.12,0.0,1.26729,-0.698132,0.0,1,0,21.521,17.713,0.0,0.12,0.0,1.8,2.0,1.0,0.05,0.8,-0.53271,0.0,1
1324,2026-04-22T14:55:03.047Z,S20260422_155325,SC01,AUTO,7.7604,97.2579,0.072,accel_1,1,1500,VIDE,0.0,0.12,0.0,1.285344,-0.698132,0.0,1,0,24.472,19.454,0.0,0.12,0.0,1.8,2.0,1.0,0.05,0.8,-0.51466,0.0,1
1325,2026-04-22T14:55:03.111Z,S20260422_155325,SC01,AUTO,7.8239,97.3213,0.0634,accel_1,1,1500,VIDE,0.0,0.12,0.0,1.309413,-0.698132,0.0,1,0,34.72,0.851,0.0,0.12,0.0,1.8,2.0,1.0,0.05,0.8,-0.49059,0.0,1
1326,2026-04-22T14:55:03.176Z,S20260422_155325,SC01,AUTO,7.8892,97.3867,0.0654,accel_1,1,1500,VIDE,0.0,0.12,0.0,1.330473,-0.698132,-0.0,1,0,17.435,19.504,0.0,0.12,0.0,1.8,2.0,1.0,0.05,0.8,-0.46953,0.0,1
1327,2026-04-22T14:55:03.235Z,S20260422_155325,SC01,AUTO,7.948,97.4454,0.0588,accel_1,1,1500,VIDE,0.0,0.12,0.0,1.348523,-0.698132,0.0,1,0,19.262,19.375,0.0,0.12,0.0,1.8,2.0,1.0,0.05,0.8,-0.45148,0.0,1
1328,2026-04-22T14:55:03.288Z,S20260422_155325,SC01,AUTO,8.0006,97.498,0.0526,accel_1,1,1500,VIDE,0.0,0.12,0.0,1.357548,-0.698132,0.0,1,0,32.114,19.037,0.0,0.12,0.0,1.8,2.0,1.0,0.05,0.8,-0.44245,0.0,1
1329,2026-04-22T14:55:03.351Z,S20260422_155325,SC01,AUTO,8.0643,97.5618,0.0637,accel_1,1,1500,VIDE,0.0,0.12,0.0,1.375596,-0.698132,-0.0,1,0,12.602,18.727,0.0,0.12,0.0,1.8,2.0,1.0,0.05,0.8,-0.4244,0.0,1
1330,2026-04-22T14:55:03.412Z,S20260422_155325,SC01,AUTO,8.1251,97.6225,0.0607,accel_1,1,1500,VIDE,0.0,0.12,0.0,1.393644,-0.698132,-0.0,1,0,15.595,17.839,0.0,0.12,0.0,1.8,2.0,1.0,0.05,0.8,-0.40636,0.0,1
1331,2026-04-22T14:55:03.476Z,S20260422_155325,SC01,AUTO,8.1889,97.6864,0.0639,accel_1,1,1500,VIDE,0.0,0.12,0.0,1.41169,-0.698132,-0.0,1,0,15.358,17.903,0.0,0.12,0.0,1.8,2.0,1.0,0.05,0.8,-0.38831,0.0,1
1332,2026-04-22T14:55:03.543Z,S20260422_155325,SC01,AUTO,8.2559,97.7534,0.067,accel_1,1,1500,VIDE,0.0,0.12,0.0,1.429736,-0.698132,-0.0,1,0,19.2,19.526,0.0,0.12,0.0,1.8,2.0,1.0,0.05,0.8,-0.37026,0.0,1
1333,2026-04-22T14:55:03.607Z,S20260422_155325,SC01,AUTO,8.32,97.8174,0.0641,accel_1,1,1500,VIDE,0.0,0.12,0.0,1.44778,-0.698132,-0.0,1,0,22.456,18.331,0.0,0.12,0.0,1.8,2.0,1.0,0.05,0.8,-0.35222,0.0,1
1334,2026-04-22T14:55:03.672Z,S20260422_155325,SC01,AUTO,8.3849,97.8823,0.0649,accel_1,1,1500,VIDE,0.0,0.12,0.0,1.465823,-0.698132,0.0,1,0,3.553,19.551,0.0,0.12,0.0,1.8,2.0,1.0,0.05,0.8,-0.33418,0.0,1
1335,2026-04-22T14:55:03.734Z,S20260422_155325,SC01,AUTO,8.4472,97.9447,0.0624,accel_1,1,1500,VIDE,0.0,0.12,0.0,1.483865,-0.698132,-0.0,1,0,28.076,18.527,0.0,0.12,0.0,1.8,2.0,1.0,0.05,0.8,-0.31613,0.0,1
1336,2026-04-22T14:55:03.790Z,S20260422_155325,SC01,AUTO,8.5034,98.0008,0.0561,accel_1,1,1500,VIDE,0.0,0.12,0.0,1.501906,-0.698132,0.0,1,0,32.349,16.347,0.0,0.12,0.0,1.8,2.0,1.0,0.05,0.8,-0.29809,0.0,1
1337,2026-04-22T14:55:03.854Z,S20260422_155325,SC01,AUTO,8.5667,98.0642,0.0633,accel_1,1,1500,VIDE,0.0,0.12,0.0,1.510926,-0.698132,0.0,1,0,39.294,20.423,0.0,0.12,0.0,1.8,2.0,1.0,0.05,0.8,-0.28907,0.0,1
1338,2026-04-22T14:55:03.915Z,S20260422_155325,SC01,AUTO,8.6284,98.1258,0.0617,accel_1,1,1500,VIDE,0.0,0.12,0.0,1.528966,-0.698132,0.0,1,0,51.707,23.751,0.0,0.12,0.0,1.8,2.0,1.0,0.05,0.8,-0.27103,0.0,1
1339,2026-04-22T14:55:03.975Z,S20260422_155325,SC01,AUTO,8.6876,98.185,0.0592,accel_1,1,1500,VIDE,0.0,0.12,0.0,1.547004,-0.698132,-0.0,1,0,11.042,20.925,0.0,0.12,0.0,1.8,2.0,1.0,0.05,0.8,-0.253,0.0,1
1340,2026-04-22T14:55:04.039Z,S20260422_155325,SC01,AUTO,8.7518,98.2492,0.0642,accel_1,1,1500,VIDE,0.0,0.12,0.0,1.56504,-0.698132,-0.0,1,0,13.828,19.669,0.0,0.12,0.0,1.8,2.0,1.0,0.05,0.8,-0.23496,0.0,1
1341,2026-04-22T14:55:04.103Z,S20260422_155325,SC01,AUTO,8.8155,98.3129,0.0637,accel_1,1,1500,VIDE,0.0,0.12,0.0,1.583076,-0.698132,-0.0,1,0,14.607,19.483,0.0,0.12,0.0,1.8,2.0,1.0,0.05,0.8,-0.21692,0.0,1
1342,2026-04-22T14:55:04.168Z,S20260422_155325,SC01,AUTO,8.8808,98.3782,0.0653,accel_1,1,1500,VIDE,0.0,0.12,0.0,1.60111,-0.698132,0.0,1,0,18.141,18.333,0.0,0.12,0.0,1.8,2.0,1.0,0.05,0.8,-0.19889,0.0,1
1343,2026-04-22T14:55:04.231Z,S20260422_155325,SC01,AUTO,8.9435,98.441,0.0628,accel_1,1,1500,VIDE,0.0,0.12,0.0,1.619143,-0.698132,-0.0,1,0,18.679,19.072,0.0,0.12,0.0,1.8,2.0,1.0,0.05,0.8,-0.18086,0.0,1
1344,2026-04-22T14:55:04.286Z,S20260422_155325,SC01,AUTO,8.9994,98.4969,0.0559,accel_1,1,1500,VIDE,0.0,0.12,0.0,1.637175,-0.698132,-0.0,1,0,1.426,19.353,0.0,0.12,0.0,1.8,2.0,1.0,0.05,0.8,-0.16282,0.0,1
1345,2026-04-22T14:55:04.352Z,S20260422_155325,SC01,AUTO,9.0648,98.5622,0.0654,accel_1,1,1500,VIDE,0.0,0.12,0.0,1.655206,-0.698132,0.0,1,0,9.367,19.753,0.0,0.12,0.0,1.8,2.0,1.0,0.05,0.8,-0.14479,0.0,1
1346,2026-04-22T14:55:04.415Z,S20260422_155325,SC01,AUTO,9.128,98.6254,0.0632,accel_1,1,1500,VIDE,0.0,0.12,0.0,1.673235,-0.698132,-0.0,1,0,18.07,18.612,0.0,0.12,0.0,1.8,2.0,1.0,0.05,0.8,-0.12676,0.0,1
1347,2026-04-22T14:55:04.477Z,S20260422_155325,SC01,AUTO,9.1896,98.687,0.0616,accel_1,1,1500,VIDE,0.0,0.12,0.0,1.691263,-0.698132,0.0,1,0,19.311,19.673,0.0,0.12,0.0,1.8,2.0,1.0,0.05,0.8,-0.10874,0.0,1
1348,2026-04-22T14:55:04.543Z,S20260422_155325,SC01,AUTO,9.2559,98.7534,0.0664,accel_1,1,1500,VIDE,0.0,0.12,0.0,1.70929,-0.698132,-0.0,1,0,22.426,19.26,0.0,0.12,0.0,1.8,2.0,1.0,0.05,0.8,-0.09071,0.0,1
1349,2026-04-22T14:55:04.600Z,S20260422_155325,SC01,AUTO,9.3128,98.8102,0.0568,accel_1,1,1500,VIDE,0.0,0.12,0.0,1.724312,-0.698132,0.0,1,0,44.331,0.712,0.0,0.12,0.0,1.8,2.0,1.0,0.05,0.8,-0.07569,0.0,1
1350,2026-04-22T14:55:04.663Z,S20260422_155325,SC01,AUTO,9.3756,98.8731,0.0629,accel_1,1,1500,VIDE,0.0,0.12,0.0,1.742336,-0.698132,-0.0,1,0,46.43,1.113,0.0,0.12,0.0,1.8,2.0,1.0,0.05,0.8,-0.05766,0.0,1
1351,2026-04-22T14:55:04.727Z,S20260422_155325,SC01,AUTO,9.4397,98.9372,0.0641,accel_1,1,1500,VIDE,0.0,0.12,0.0,1.763363,-0.698132,0.0,1,0,27.299,19.272,0.0,0.12,0.0,1.8,2.0,1.0,0.05,0.8,-0.03664,0.0,1
1352,2026-04-22T14:55:04.791Z,S20260422_155325,SC01,AUTO,9.5037,99.0011,0.0639,accel_1,1,1500,VIDE,0.0,0.12,0.0,1.781384,-0.698132,0.0,1,0,33.522,20.86,0.0,0.12,0.0,1.8,2.0,1.0,0.05,0.8,-0.01862,0.0,1
1353,2026-04-22T14:55:04.855Z,S20260422_155325,SC01,AUTO,9.5679,99.0654,0.0643,accel_1,1,1500,VIDE,0.0,0.12,0.0,1.790395,-0.698132,-0.0,1,0,29.799,19.748,0.0,0.12,0.0,1.8,2.0,1.0,0.05,0.8,-0.00961,0.0,1
1354,2026-04-22T14:55:04.915Z,S20260422_155325,SC01,AUTO,9.6284,99.1258,0.0605,accel_1,1,1500,VIDE,0.0,0.12,0.0,1.808414,-0.698132,-0.0,1,0,13.387,19.835,0.0,0.12,0.0,1.8,2.0,1.0,0.05,0.8,0.00841,0.0,1
1355,2026-04-22T14:55:04.975Z,S20260422_155325,SC01,AUTO,9.6881,99.1855,0.0597,accel_1,1,1500,VIDE,0.0,0.12,0.0,1.826433,-0.698132,-0.0,1,0,17.82,19.583,0.0,0.12,0.0,1.8,2.0,1.0,0.05,0.8,0.02643,0.0,1
1356,2026-04-22T14:55:05.039Z,S20260422_155325,SC01,AUTO,9.7523,99.2498,0.0642,accel_1,1,1500,VIDE,0.0,0.12,0.0,1.84445,-0.698132,-0.0,1,0,31.136,19.707,0.0,0.12,0.0,1.8,2.0,1.0,0.05,0.8,0.04445,0.0,1
1357,2026-04-22T14:55:05.103Z,S20260422_155325,SC01,AUTO,9.8159,99.3134,0.0636,accel_1,1,1500,VIDE,0.0,0.12,0.0,1.862465,-0.698132,-0.0,1,0,26.895,20.495,0.0,0.12,0.0,1.8,2.0,1.0,0.05,0.8,0.06247,0.0,1
1358,2026-04-22T14:55:05.167Z,S20260422_155325,SC01,AUTO,9.8799,99.3774,0.064,accel_1,1,1500,VIDE,0.0,0.12,0.0,1.880479,-0.698132,-0.0,1,0,31.804,19.5,0.0,0.12,0.0,1.8,2.0,1.0,0.05,0.8,0.08048,0.0,1
1359,2026-04-22T14:55:05.231Z,S20260422_155325,SC01,AUTO,9.9438,99.4413,0.0639,accel_1,1,1500,VIDE,0.0,0.12,0.0,1.898492,-0.698132,-0.0,1,0,13.248,19.236,0.0,0.12,0.0,1.8,2.0,1.0,0.05,0.8,0.09849,0.0,1
1360,2026-04-22T14:55:05.287Z,S20260422_155325,SC01,AUTO,9.9995,99.497,0.0558,accel_1,1,1500,VIDE,0.0,0.12,0.0,1.916503,-0.698132,-0.0,1,0,26.306,19.437,0.0,0.12,0.0,1.8,2.0,1.0,0.05,0.8,0.1165,0.0,1
1361,2026-04-22T14:55:05.351Z,S20260422_155325,SC01,AUTO,10.0636,99.5611,0.0641,accel_2,1,1500,VIDE,0.0,0.2,0.0,1.935371,-0.698132,-0.0,1,0,12.72,19.451,0.0,0.2,0.0,4.0,2.0,1.0,0.05,0.8,-2.06463,0.0,0
1362,2026-04-22T14:55:05.415Z,S20260422_155325,SC01,AUTO,10.1279,99.6253,0.0642,accel_2,1,1500,VIDE,0.0,0.2,0.0,1.957506,-0.698132,0.0,1,0,24.18,18.26,0.0,0.2,0.0,4.0,2.0,1.0,0.05,0.8,-2.04249,0.0,0
1363,2026-04-22T14:55:05.476Z,S20260422_155325,SC01,AUTO,10.1894,99.6868,0.0615,accel_2,1,1500,VIDE,0.0,0.2,0.0,1.982389,-0.698132,-0.0,1,0,14.803,20.195,0.0,0.2,0.0,4.0,2.0,1.0,0.05,0.8,-2.01761,0.0,0
1364,2026-04-22T14:55:05.543Z,S20260422_155325,SC01,AUTO,10.2556,99.753,0.0662,accel_2,1,1500,VIDE,0.0,0.2,0.0,2.009426,-0.698132,0.0,1,0,16.922,18.269,0.0,0.2,0.0,4.0,2.0,1.0,0.05,0.8,-1.99057,0.0,0
1365,2026-04-22T14:55:05.606Z,S20260422_155325,SC01,AUTO,10.3194,99.8169,0.0638,accel_2,1,1500,VIDE,0.0,0.2,0.0,2.038154,-0.698132,0.0,1,0,17.72,18.699,0.0,0.2,0.0,4.0,2.0,1.0,0.05,0.8,-1.96185,0.0,0
1366,2026-04-22T14:55:05.662Z,S20260422_155325,SC01,AUTO,10.3753,99.8728,0.0559,accel_2,1,1500,VIDE,0.0,0.2,0.0,2.068206,-0.698132,0.0,1,0,19.632,19.447,0.0,0.2,0.0,4.0,2.0,1.0,0.05,0.8,-1.93179,0.0,0
1367,2026-04-22T14:55:05.727Z,S20260422_155325,SC01,AUTO,10.4396,99.937,0.0642,accel_2,1,1500,VIDE,0.0,0.2,0.0,2.099298,-0.698132,-0.0,1,0,24.728,18.697,0.0,0.2,0.0,4.0,2.0,1.0,0.05,0.8,-1.9007,0.0,0
1368,2026-04-22T14:55:05.791Z,S20260422_155325,SC01,AUTO,10.5037,100.0011,0.0641,accel_2,1,1500,VIDE,0.0,0.2,0.0,2.131203,-0.698132,0.0,1,0,26.22,20.176,0.0,0.2,0.0,4.0,2.0,1.0,0.05,0.8,-1.8688,0.0,0
1369,2026-04-22T14:55:05.855Z,S20260422_155325,SC01,AUTO,10.568,100.0654,0.0643,accel_2,1,1500,VIDE,0.0,0.2,0.0,2.163746,-0.698132,-0.0,1,0,26.637,18.684,0.0,0.2,0.0,4.0,2.0,1.0,0.05,0.8,-1.83625,0.0,0
1370,2026-04-22T14:55:05.916Z,S20260422_155325,SC01,AUTO,10.6289,100.1264,0.0609,accel_2,1,1500,VIDE,0.0,0.2,0.0,2.196789,-0.698132,0.0,1,0,24.311,24.038,0.0,0.2,0.0,4.0,2.0,1.0,0.05,0.8,-1.80321,0.0,0
1371,2026-04-22T14:55:05.975Z,S20260422_155325,SC01,AUTO,10.6878,100.1853,0.059,accel_2,1,1500,VIDE,0.0,0.2,0.0,2.230223,-0.698132,-0.0,1,0,11.486,20.323,0.0,0.2,0.0,4.0,2.0,1.0,0.05,0.8,-1.76978,0.0,0
1372,2026-04-22T14:55:06.039Z,S20260422_155325,SC01,AUTO,10.7515,100.249,0.0637,accel_2,1,1500,VIDE,0.0,0.2,0.0,2.263964,-0.698132,0.0,1,0,13.58,19.088,0.0,0.2,0.0,4.0,2.0,1.0,0.05,0.8,-1.73604,0.0,0
1373,2026-04-22T14:55:06.104Z,S20260422_155325,SC01,AUTO,10.8167,100.3141,0.0651,accel_2,1,1500,VIDE,0.0,0.2,0.0,2.297944,-0.698132,0.0,1,0,12.372,19.535,0.0,0.2,0.0,4.0,2.0,1.0,0.05,0.8,-1.70206,0.0,0
1374,2026-04-22T14:55:06.162Z,S20260422_155325,SC01,AUTO,10.8752,100.3727,0.0586,accel_2,1,1500,VIDE,0.0,0.2,0.0,2.332111,-0.698132,0.0,1,0,15.248,18.57,0.0,0.2,0.0,4.0,2.0,1.0,0.05,0.8,-1.66789,0.0,0
1375,2026-04-22T14:55:07.001Z,S20260422_155325,SC01,AUTO,11.7137,101.2111,0.8385,accel_2,1,1500,VIDE,0.0,0.2,0.0,2.354973,-0.698132,-0.0,1,0,139.511,52.952,0.0,0.2,0.0,4.0,2.0,1.0,0.05,0.8,-1.64503,0.0,0
1376,2026-04-22T14:55:07.791Z,S20260422_155325,SC01,AUTO,12.5038,102.0013,0.7901,accel_2,1,1500,VIDE,0.0,0.2,0.0,2.354973,-0.698132,-0.0,1,0,139.511,52.952,0.0,0.2,0.0,4.0,2.0,1.0,0.05,0.8,-1.64503,0.0,0
1377,2026-04-22T14:55:07.854Z,S20260422_155325,SC01,AUTO,12.5672,102.0646,0.0634,accel_2,1,1500,VIDE,0.0,0.2,0.0,2.354973,-0.698132,-0.0,1,0,139.511,52.952,0.0,0.2,0.0,4.0,2.0,1.0,0.05,0.8,-1.64503,0.0,0
1378,2026-04-22T14:55:07.916Z,S20260422_155325,SC01,AUTO,12.6288,102.1263,0.0616,accel_2,1,1500,VIDE,0.0,0.2,0.0,2.354973,-0.698132,-0.0,1,0,139.511,52.952,0.0,0.2,0.0,4.0,2.0,1.0,0.05,0.8,-1.64503,0.0,0
1379,2026-04-22T14:55:07.976Z,S20260422_155325,SC01,AUTO,12.6886,102.186,0.0598,accel_2,1,1500,VIDE,0.0,0.2,0.0,2.354973,-0.698132,-0.0,1,0,139.511,52.952,0.0,0.2,0.0,4.0,2.0,1.0,0.05,0.8,-1.64503,0.0,0
1380,2026-04-22T14:55:08.043Z,S20260422_155325,SC01,AUTO,12.7555,102.2529,0.0669,accel_2,1,1500,VIDE,0.0,0.2,0.0,2.354973,-0.698132,-0.0,1,0,139.511,52.952,0.0,0.2,0.0,4.0,2.0,1.0,0.05,0.8,-1.64503,0.0,0
1381,2026-04-22T14:55:08.105Z,S20260422_155325,SC01,AUTO,12.8178,102.3152,0.0623,accel_2,1,1500,VIDE,0.0,0.2,0.0,2.354973,-0.698132,-0.0,1,0,139.511,52.952,0.0,0.2,0.0,4.0,2.0,1.0,0.05,0.8,-1.64503,0.0,0
1382,2026-04-22T14:55:08.167Z,S20260422_155325,SC01,AUTO,12.8796,102.3771,0.0619,accel_2,1,1500,VIDE,0.0,0.2,0.0,2.354973,-0.698132,-0.0,1,0,139.511,52.952,0.0,0.2,0.0,4.0,2.0,1.0,0.05,0.8,-1.64503,0.0,0
1383,2026-04-22T14:55:08.230Z,S20260422_155325,SC01,AUTO,12.9434,102.4409,0.0637,accel_2,1,1500,VIDE,0.0,0.2,0.0,2.354973,-0.698132,-0.0,1,0,139.511,52.952,0.0,0.2,0.0,4.0,2.0,1.0,0.05,0.8,-1.64503,0.0,0
1384,2026-04-22T14:55:08.294Z,S20260422_155325,SC01,AUTO,13.0071,102.5046,0.0637,accel_2,1,1500,VIDE,0.0,0.2,0.0,2.354973,-0.698132,-0.0,1,0,139.511,52.952,0.0,0.2,0.0,4.0,2.0,1.0,0.05,0.8,-1.64503,0.0,0
1385,2026-04-22T14:55:08.351Z,S20260422_155325,SC01,AUTO,13.0637,102.5612,0.0566,accel_2,1,1500,VIDE,0.0,0.2,0.0,2.354973,-0.698132,-0.0,1,0,139.511,52.952,0.0,0.2,0.0,4.0,2.0,1.0,0.05,0.8,-1.64503,0.0,0
1386,2026-04-22T14:55:08.415Z,S20260422_155325,SC01,AUTO,13.1275,102.6249,0.0638,accel_2,1,1500,VIDE,0.0,0.2,0.0,2.354973,-0.698132,-0.0,1,0,139.511,52.952,0.0,0.2,0.0,4.0,2.0,1.0,0.05,0.8,-1.64503,0.0,0
1387,2026-04-22T14:55:08.476Z,S20260422_155325,SC01,AUTO,13.1887,102.6862,0.0612,accel_2,1,1500,VIDE,0.0,0.2,0.0,2.354973,-0.698132,-0.0,1,0,139.511,52.952,0.0,0.2,0.0,4.0,2.0,1.0,0.05,0.8,-1.64503,0.0,0
1388,2026-04-22T14:55:08.537Z,S20260422_155325,SC01,AUTO,13.2504,102.7478,0.0617,accel_2,1,1500,VIDE,0.0,0.2,0.0,2.354973,-0.698132,-0.0,1,0,139.511,52.952,0.0,0.2,0.0,4.0,2.0,1.0,0.05,0.8,-1.64503,0.0,0
1389,2026-04-22T14:55:08.601Z,S20260422_155325,SC01,AUTO,13.3144,102.8118,0.064,accel_2,1,1500,VIDE,0.0,0.2,0.0,2.354973,-0.698132,-0.0,1,0,139.511,52.952,0.0,0.2,0.0,4.0,2.0,1.0,0.05,0.8,-1.64503,0.0,0
1390,2026-04-22T14:55:08.663Z,S20260422_155325,SC01,AUTO,13.3758,102.8733,0.0614,accel_2,1,1500,VIDE,0.0,0.2,0.0,2.354973,-0.698132,-0.0,1,0,139.511,52.952,0.0,0.2,0.0,4.0,2.0,1.0,0.05,0.8,-1.64503,0.0,0
1391,2026-04-22T14:55:08.727Z,S20260422_155325,SC01,AUTO,13.4397,102.9372,0.0639,accel_2,1,1500,VIDE,0.0,0.2,0.0,2.354973,-0.698132,-0.0,1,0,139.511,52.952,0.0,0.2,0.0,4.0,2.0,1.0,0.05,0.8,-1.64503,0.0,0
1392,2026-04-22T14:55:08.790Z,S20260422_155325,SC01,AUTO,13.5034,103.0008,0.0637,accel_2,1,1500,VIDE,0.0,0.2,0.0,2.354973,-0.698132,-0.0,1,0,139.511,52.952,0.0,0.2,0.0,4.0,2.0,1.0,0.05,0.8,-1.64503,0.0,0
1393,2026-04-22T14:55:08.854Z,S20260422_155325,SC01,AUTO,13.5674,103.0649,0.064,accel_2,1,1500,VIDE,0.0,0.2,0.0,2.354973,-0.698132,-0.0,1,0,139.511,52.952,0.0,0.2,0.0,4.0,2.0,1.0,0.05,0.8,-1.64503,0.0,0
1394,2026-04-22T14:55:08.916Z,S20260422_155325,SC01,AUTO,13.6287,103.1262,0.0613,accel_2,1,1500,VIDE,0.0,0.2,0.0,2.354973,-0.698132,-0.0,1,0,139.511,52.952,0.0,0.2,0.0,4.0,2.0,1.0,0.05,0.8,-1.64503,0.0,0
1395,2026-04-22T14:55:08.975Z,S20260422_155325,SC01,AUTO,13.6875,103.1849,0.0588,accel_2,1,1500,VIDE,0.0,0.2,0.0,2.354973,-0.698132,-0.0,1,0,139.511,52.952,0.0,0.2,0.0,4.0,2.0,1.0,0.05,0.8,-1.64503,0.0,0
1396,2026-04-22T14:55:09.038Z,S20260422_155325,SC01,AUTO,13.7514,103.2489,0.0639,accel_2,1,1500,VIDE,0.0,0.2,0.0,2.354973,-0.698132,-0.0,1,0,139.511,52.952,0.0,0.2,0.0,4.0,2.0,1.0,0.05,0.8,-1.64503,0.0,0
1397,2026-04-22T14:55:09.103Z,S20260422_155325,SC01,AUTO,13.8155,103.313,0.0641,accel_2,1,1500,VIDE,0.0,0.2,0.0,2.354973,-0.698132,-0.0,1,0,139.511,52.952,0.0,0.2,0.0,4.0,2.0,1.0,0.05,0.8,-1.64503,0.0,0
1398,2026-04-22T14:55:09.166Z,S20260422_155325,SC01,AUTO,13.8794,103.3769,0.0639,accel_2,1,1500,VIDE,0.0,0.2,0.0,2.354973,-0.698132,-0.0,1,0,139.511,52.952,0.0,0.2,0.0,4.0,2.0,1.0,0.05,0.8,-1.64503,0.0,0
1399,2026-04-22T14:55:09.228Z,S20260422_155325,SC01,AUTO,13.9405,103.438,0.0611,accel_2,1,1500,VIDE,0.0,0.2,0.0,2.354973,-0.698132,-0.0,1,0,139.511,52.952,0.0,0.2,0.0,4.0,2.0,1.0,0.05,0.8,-1.64503,0.0,0
1400,2026-04-22T14:55:09.291Z,S20260422_155325,SC01,AUTO,14.0035,103.501,0.063,stabilize,1,1500,VIDE,0.0,0.09,0.0,2.354973,-0.698132,-0.0,1,0,139.511,52.952,0.0,0.09,0.0,5.5,2.0,0.5,0.05,0.8,-3.14503,0.0,0
1401,2026-04-22T14:55:09.353Z,S20260422_155325,SC01,AUTO,14.0664,103.5639,0.0629,stabilize,1,1500,VIDE,0.0,0.09,0.0,2.354973,-0.698132,-0.0,1,0,139.511,52.952,0.0,0.09,0.0,5.5,2.0,0.5,0.05,0.8,-3.14503,0.0,0
1402,2026-04-22T14:55:09.415Z,S20260422_155325,SC01,AUTO,14.1276,103.6251,0.0612,stabilize,1,1500,VIDE,0.0,0.09,0.0,2.354973,-0.698132,-0.0,1,0,139.511,52.952,0.0,0.09,0.0,5.5,2.0,0.5,0.05,0.8,-3.14503,0.0,0
1403,2026-04-22T14:55:09.475Z,S20260422_155325,SC01,AUTO,14.1882,103.6856,0.0605,stabilize,1,1500,VIDE,0.0,0.09,0.0,2.354973,-0.698132,-0.0,1,0,139.511,52.952,0.0,0.09,0.0,5.5,2.0,0.5,0.05,0.8,-3.14503,0.0,0
1404,2026-04-22T14:55:09.541Z,S20260422_155325,SC01,AUTO,14.2537,103.7512,0.0655,stabilize,1,1500,VIDE,0.0,0.09,0.0,2.354973,-0.698132,-0.0,1,0,139.511,52.952,0.0,0.09,0.0,5.5,2.0,0.5,0.05,0.8,-3.14503,0.0,0
1405,2026-04-22T14:55:09.603Z,S20260422_155325,SC01,AUTO,14.316,103.8135,0.0624,stabilize,1,1500,VIDE,0.0,0.09,0.0,2.354973,-0.698132,-0.0,1,0,139.511,52.952,0.0,0.09,0.0,5.5,2.0,0.5,0.05,0.8,-3.14503,0.0,0
1406,2026-04-22T14:55:09.663Z,S20260422_155325,SC01,AUTO,14.3755,103.8729,0.0595,stabilize,1,1500,VIDE,0.0,0.09,0.0,2.354973,-0.698132,-0.0,1,0,139.511,52.952,0.0,0.09,0.0,5.5,2.0,0.5,0.05,0.8,-3.14503,0.0,0
1407,2026-04-22T14:55:09.727Z,S20260422_155325,SC01,AUTO,14.4399,103.9373,0.0644,stabilize,1,1500,VIDE,0.0,0.09,0.0,2.354973,-0.698132,-0.0,1,0,139.511,52.952,0.0,0.09,0.0,5.5,2.0,0.5,0.05,0.8,-3.14503,0.0,0
1408,2026-04-22T14:55:09.789Z,S20260422_155325,SC01,AUTO,14.502,103.9994,0.0621,stabilize,1,1500,VIDE,0.0,0.09,0.0,2.354973,-0.698132,-0.0,1,0,139.511,52.952,0.0,0.09,0.0,5.5,2.0,0.5,0.05,0.8,-3.14503,0.0,0
1409,2026-04-22T14:55:09.851Z,S20260422_155325,SC01,AUTO,14.5637,104.0612,0.0617,stabilize,1,1500,VIDE,0.0,0.09,0.0,2.354973,-0.698132,-0.0,1,0,139.511,52.952,0.0,0.09,0.0,5.5,2.0,0.5,0.05,0.8,-3.14503,0.0,0
1410,2026-04-22T14:55:09.915Z,S20260422_155325,SC01,AUTO,14.6279,104.1254,0.0642,stabilize,1,1500,VIDE,0.0,0.09,0.0,2.354973,-0.698132,-0.0,1,0,139.511,52.952,0.0,0.09,0.0,5.5,2.0,0.5,0.05,0.8,-3.14503,0.0,0
1411,2026-04-22T14:55:09.976Z,S20260422_155325,SC01,AUTO,14.6886,104.1861,0.0607,stabilize,1,1500,VIDE,0.0,0.09,0.0,2.354973,-0.698132,-0.0,1,0,139.511,52.952,0.0,0.09,0.0,5.5,2.0,0.5,0.05,0.8,-3.14503,0.0,0
1412,2026-04-22T14:55:10.039Z,S20260422_155325,SC01,AUTO,14.7516,104.2491,0.063,stabilize,1,1500,VIDE,0.0,0.09,0.0,2.354973,-0.698132,-0.0,1,0,139.511,52.952,0.0,0.09,0.0,5.5,2.0,0.5,0.05,0.8,-3.14503,0.0,0
1413,2026-04-22T14:55:10.102Z,S20260422_155325,SC01,AUTO,14.815,104.3124,0.0634,stabilize,1,1500,VIDE,0.0,0.09,0.0,2.354973,-0.698132,-0.0,1,0,139.511,52.952,0.0,0.09,0.0,5.5,2.0,0.5,0.05,0.8,-3.14503,0.0,0
1414,2026-04-22T14:55:10.164Z,S20260422_155325,SC01,AUTO,14.8769,104.3744,0.062,stabilize,1,1500,VIDE,0.0,0.09,0.0,2.354973,-0.698132,-0.0,1,0,139.511,52.952,0.0,0.09,0.0,5.5,2.0,0.5,0.05,0.8,-3.14503,0.0,0
1415,2026-04-22T14:55:10.226Z,S20260422_155325,SC01,AUTO,14.9388,104.4362,0.0619,stabilize,1,1500,VIDE,0.0,0.09,0.0,2.354973,-0.698132,-0.0,1,0,139.511,52.952,0.0,0.09,0.0,5.5,2.0,0.5,0.05,0.8,-3.14503,0.0,0
1416,2026-04-22T14:55:10.289Z,S20260422_155325,SC01,AUTO,15.0019,104.4993,0.0631,stabilize,1,1500,VIDE,0.0,0.09,0.0,2.354973,-0.698132,-0.0,1,0,139.511,52.952,0.0,0.09,0.0,5.5,2.0,0.5,0.05,0.8,-3.14503,0.0,0
1417,2026-04-22T14:55:10.350Z,S20260422_155325,SC01,AUTO,15.0633,104.5607,0.0614,stabilize,1,1500,VIDE,0.0,0.09,0.0,2.354973,-0.698132,-0.0,1,0,139.511,52.952,0.0,0.09,0.0,5.5,2.0,0.5,0.05,0.8,-3.14503,0.0,0
1418,2026-04-22T14:55:10.414Z,S20260422_155325,SC01,AUTO,15.1265,104.6239,0.0632,stabilize,1,1500,VIDE,0.0,0.09,0.0,2.354973,-0.698132,-0.0,1,0,139.511,52.952,0.0,0.09,0.0,5.5,2.0,0.5,0.05,0.8,-3.14503,0.0,0
1419,2026-04-22T14:55:10.476Z,S20260422_155325,SC01,AUTO,15.1889,104.6863,0.0624,stabilize,1,1500,VIDE,0.0,0.09,0.0,2.354973,-0.698132,-0.0,1,0,139.511,52.952,0.0,0.09,0.0,5.5,2.0,0.5,0.05,0.8,-3.14503,0.0,0
1420,2026-04-22T14:55:10.538Z,S20260422_155325,SC01,AUTO,15.2514,104.7488,0.0625,stabilize,1,1500,VIDE,0.0,0.09,0.0,2.354973,-0.698132,-0.0,1,0,139.511,52.952,0.0,0.09,0.0,5.5,2.0,0.5,0.05,0.8,-3.14503,0.0,0
1421,2026-04-22T14:55:10.601Z,S20260422_155325,SC01,AUTO,15.3136,104.811,0.0622,stabilize,1,1500,VIDE,0.0,0.09,0.0,2.354973,-0.698132,-0.0,1,0,139.511,52.952,0.0,0.09,0.0,5.5,2.0,0.5,0.05,0.8,-3.14503,0.0,0
1422,2026-04-22T14:55:10.662Z,S20260422_155325,SC01,AUTO,15.3755,104.8729,0.0619,stabilize,1,1500,VIDE,0.0,0.09,0.0,2.354973,-0.698132,-0.0,1,0,139.511,52.952,0.0,0.09,0.0,5.5,2.0,0.5,0.05,0.8,-3.14503,0.0,0
1423,2026-04-22T14:55:10.727Z,S20260422_155325,SC01,AUTO,15.4396,104.9371,0.0642,stabilize,1,1500,VIDE,0.0,0.09,0.0,2.354973,-0.698132,-0.0,1,0,139.511,52.952,0.0,0.09,0.0,5.5,2.0,0.5,0.05,0.8,-3.14503,0.0,0
1424,2026-04-22T14:55:10.790Z,S20260422_155325,SC01,AUTO,15.5035,105.0009,0.0638,stabilize,1,1500,VIDE,0.0,0.09,0.0,2.354973,-0.698132,-0.0,1,0,139.511,52.952,0.0,0.09,0.0,5.5,2.0,0.5,0.05,0.8,-3.14503,0.0,0
1425,2026-04-22T14:55:10.855Z,S20260422_155325,SC01,AUTO,15.5675,105.065,0.0641,stabilize,1,1500,VIDE,0.0,0.09,0.0,2.354973,-0.698132,-0.0,1,0,139.511,52.952,0.0,0.09,0.0,5.5,2.0,0.5,0.05,0.8,-3.14503,0.0,0
1426,2026-04-22T14:55:10.916Z,S20260422_155325,SC01,AUTO,15.6287,105.1261,0.0612,stabilize,1,1500,VIDE,0.0,0.09,0.0,2.354973,-0.698132,-0.0,1,0,139.511,52.952,0.0,0.09,0.0,5.5,2.0,0.5,0.05,0.8,-3.14503,0.0,0
1427,2026-04-22T14:55:10.975Z,S20260422_155325,SC01,AUTO,15.6881,105.1856,0.0594,stabilize,1,1500,VIDE,0.0,0.09,0.0,2.354973,-0.698132,-0.0,1,0,139.511,52.952,0.0,0.09,0.0,5.5,2.0,0.5,0.05,0.8,-3.14503,0.0,0
1428,2026-04-22T14:55:11.039Z,S20260422_155325,SC01,AUTO,15.7518,105.2493,0.0637,stabilize,1,1500,VIDE,0.0,0.09,0.0,2.354973,-0.698132,-0.0,1,0,139.511,52.952,0.0,0.09,0.0,5.5,2.0,0.5,0.05,0.8,-3.14503,0.0,0
1429,2026-04-22T14:55:11.102Z,S20260422_155325,SC01,AUTO,15.8155,105.3129,0.0637,stabilize,1,1500,VIDE,0.0,0.09,0.0,2.354973,-0.698132,-0.0,1,0,139.511,52.952,0.0,0.09,0.0,5.5,2.0,0.5,0.05,0.8,-3.14503,0.0,0
1430,2026-04-22T14:55:11.167Z,S20260422_155325,SC01,AUTO,15.8795,105.3769,0.064,stabilize,1,1500,VIDE,0.0,0.09,0.0,2.354973,-0.698132,-0.0,1,0,139.511,52.952,0.0,0.09,0.0,5.5,2.0,0.5,0.05,0.8,-3.14503,0.0,0
1431,2026-04-22T14:55:11.230Z,S20260422_155325,SC01,AUTO,15.9434,105.4408,0.0639,stabilize,1,1500,VIDE,0.0,0.09,0.0,2.354973,-0.698132,-0.0,1,0,139.511,52.952,0.0,0.09,0.0,5.5,2.0,0.5,0.05,0.8,-3.14503,0.0,0
1432,2026-04-22T14:55:11.295Z,S20260422_155325,SC01,AUTO,16.0075,105.5049,0.0641,stabilize,1,1500,VIDE,0.0,0.09,0.0,2.354973,-0.698132,-0.0,1,0,139.511,52.952,0.0,0.09,0.0,5.5,2.0,0.5,0.05,0.8,-3.14503,0.0,0
1433,2026-04-22T14:55:11.351Z,S20260422_155325,SC01,AUTO,16.0636,105.5611,0.0561,stabilize,1,1500,VIDE,0.0,0.09,0.0,2.354973,-0.698132,-0.0,1,0,139.511,52.952,0.0,0.09,0.0,5.5,2.0,0.5,0.05,0.8,-3.14503,0.0,0
1434,2026-04-22T14:55:11.414Z,S20260422_155325,SC01,AUTO,16.1274,105.6249,0.0638,stabilize,1,1500,VIDE,0.0,0.09,0.0,2.354973,-0.698132,-0.0,1,0,139.511,52.952,0.0,0.09,0.0,5.5,2.0,0.5,0.05,0.8,-3.14503,0.0,0
1435,2026-04-22T14:55:11.475Z,S20260422_155325,SC01,AUTO,16.1883,105.6857,0.0609,stabilize,1,1500,VIDE,0.0,0.09,0.0,2.354973,-0.698132,-0.0,1,0,139.511,52.952,0.0,0.09,0.0,5.5,2.0,0.5,0.05,0.8,-3.14503,0.0,0
1436,2026-04-22T14:55:11.542Z,S20260422_155325,SC01,AUTO,16.2554,105.7528,0.0671,stabilize,1,1500,VIDE,0.0,0.09,0.0,2.354973,-0.698132,-0.0,1,0,139.511,52.952,0.0,0.09,0.0,5.5,2.0,0.5,0.05,0.8,-3.14503,0.0,0
1437,2026-04-22T14:55:11.607Z,S20260422_155325,SC01,AUTO,16.3198,105.8173,0.0644,stabilize,1,1500,VIDE,0.0,0.09,0.0,2.354973,-0.698132,-0.0,1,0,139.511,52.952,0.0,0.09,0.0,5.5,2.0,0.5,0.05,0.8,-3.14503,0.0,0
1438,2026-04-22T14:55:11.663Z,S20260422_155325,SC01,AUTO,16.3756,105.873,0.0557,stabilize,1,1500,VIDE,0.0,0.09,0.0,2.354973,-0.698132,-0.0,1,0,139.511,52.952,0.0,0.09,0.0,5.5,2.0,0.5,0.05,0.8,-3.14503,0.0,0
1439,2026-04-22T14:55:11.727Z,S20260422_155325,SC01,AUTO,16.4395,105.937,0.064,stabilize,1,1500,VIDE,0.0,0.09,0.0,2.354973,-0.698132,-0.0,1,0,139.511,52.952,0.0,0.09,0.0,5.5,2.0,0.5,0.05,0.8,-3.14503,0.0,0
1440,2026-04-22T14:55:11.791Z,S20260422_155325,SC01,AUTO,16.504,106.0015,0.0645,stabilize,1,1500,VIDE,0.0,0.09,0.0,2.354973,-0.698132,-0.0,1,0,139.511,52.952,0.0,0.09,0.0,5.5,2.0,0.5,0.05,0.8,-3.14503,0.0,0
1441,2026-04-22T14:55:11.855Z,S20260422_155325,SC01,AUTO,16.5676,106.0651,0.0636,stabilize,1,1500,VIDE,0.0,0.09,0.0,2.354973,-0.698132,-0.0,1,0,139.511,52.952,0.0,0.09,0.0,5.5,2.0,0.5,0.05,0.8,-3.14503,0.0,0
1442,2026-04-22T14:55:11.915Z,S20260422_155325,SC01,AUTO,16.6282,106.1256,0.0606,stabilize,1,1500,VIDE,0.0,0.09,0.0,2.354973,-0.698132,-0.0,1,0,139.511,52.952,0.0,0.09,0.0,5.5,2.0,0.5,0.05,0.8,-3.14503,0.0,0
1443,2026-04-22T14:55:11.975Z,S20260422_155325,SC01,AUTO,16.6878,106.1852,0.0596,stabilize,1,1500,VIDE,0.0,0.09,0.0,2.354973,-0.698132,-0.0,1,0,139.511,52.952,0.0,0.09,0.0,5.5,2.0,0.5,0.05,0.8,-3.14503,0.0,0
1444,2026-04-22T14:55:12.039Z,S20260422_155325,SC01,AUTO,16.7518,106.2493,0.0641,stabilize,1,1500,VIDE,0.0,0.09,0.0,2.354973,-0.698132,-0.0,1,0,139.511,52.952,0.0,0.09,0.0,5.5,2.0,0.5,0.05,0.8,-3.14503,0.0,0
1445,2026-04-22T14:55:12.103Z,S20260422_155325,SC01,AUTO,16.8158,106.3132,0.064,stabilize,1,1500,VIDE,0.0,0.09,0.0,2.354973,-0.698132,-0.0,1,0,139.511,52.952,0.0,0.09,0.0,5.5,2.0,0.5,0.05,0.8,-3.14503,0.0,0
1446,2026-04-22T14:55:12.166Z,S20260422_155325,SC01,AUTO,16.8795,106.377,0.0637,stabilize,1,1500,VIDE,0.0,0.09,0.0,2.354973,-0.698132,-0.0,1,0,139.511,52.952,0.0,0.09,0.0,5.5,2.0,0.5,0.05,0.8,-3.14503,0.0,0
1447,2026-04-22T14:55:12.228Z,S20260422_155325,SC01,AUTO,16.9411,106.4386,0.0617,stabilize,1,1500,VIDE,0.0,0.09,0.0,2.354973,-0.698132,-0.0,1,0,139.511,52.952,0.0,0.09,0.0,5.5,2.0,0.5,0.05,0.8,-3.14503,0.0,0
1448,2026-04-22T14:55:12.287Z,S20260422_155325,SC01,AUTO,16.9998,106.4972,0.0586,stabilize,1,1500,VIDE,0.0,0.09,0.0,2.354973,-0.698132,-0.0,1,0,139.511,52.952,0.0,0.09,0.0,5.5,2.0,0.5,0.05,0.8,-3.14503,0.0,0
1449,2026-04-22T14:55:12.351Z,S20260422_155325,SC01,AUTO,17.064,106.5614,0.0642,stabilize,1,1500,VIDE,0.0,0.09,0.0,2.354973,-0.698132,-0.0,1,0,139.511,52.952,0.0,0.09,0.0,5.5,2.0,0.5,0.05,0.8,-3.14503,0.0,0
1450,2026-04-22T14:55:12.414Z,S20260422_155325,SC01,AUTO,17.1272,106.6246,0.0632,stabilize,1,1500,VIDE,0.0,0.09,0.0,2.354973,-0.698132,-0.0,1,0,139.511,52.952,0.0,0.09,0.0,5.5,2.0,0.5,0.05,0.8,-3.14503,0.0,0
1451,2026-04-22T14:55:12.476Z,S20260422_155325,SC01,AUTO,17.1886,106.6861,0.0615,stabilize,1,1500,VIDE,0.0,0.09,0.0,2.354973,-0.698132,-0.0,1,0,139.511,52.952,0.0,0.09,0.0,5.5,2.0,0.5,0.05,0.8,-3.14503,0.0,0
1452,2026-04-22T14:55:12.539Z,S20260422_155325,SC01,AUTO,17.2519,106.7494,0.0633,stabilize,1,1500,VIDE,0.0,0.09,0.0,2.354973,-0.698132,-0.0,1,0,139.511,52.952,0.0,0.09,0.0,5.5,2.0,0.5,0.05,0.8,-3.14503,0.0,0
1453,2026-04-22T14:55:12.602Z,S20260422_155325,SC01,AUTO,17.3147,106.8121,0.0628,stabilize,1,1500,VIDE,0.0,0.09,0.0,2.354973,-0.698132,-0.0,1,0,139.511,52.952,0.0,0.09,0.0,5.5,2.0,0.5,0.05,0.8,-3.14503,0.0,0
1454,2026-04-22T14:55:12.663Z,S20260422_155325,SC01,AUTO,17.3757,106.8731,0.061,stabilize,1,1500,VIDE,0.0,0.09,0.0,2.354973,-0.698132,-0.0,1,0,139.511,52.952,0.0,0.09,0.0,5.5,2.0,0.5,0.05,0.8,-3.14503,0.0,0
1455,2026-04-22T14:55:12.725Z,S20260422_155325,SC01,AUTO,17.4382,106.9356,0.0625,stabilize,1,1500,VIDE,0.0,0.09,0.0,2.354973,-0.698132,-0.0,1,0,139.511,52.952,0.0,0.09,0.0,5.5,2.0,0.5,0.05,0.8,-3.14503,0.0,0
1456,2026-04-22T14:55:12.791Z,S20260422_155325,SC01,AUTO,17.5037,107.0012,0.0655,stabilize,1,1500,VIDE,0.0,0.09,0.0,2.354973,-0.698132,-0.0,1,0,139.511,52.952,0.0,0.09,0.0,5.5,2.0,0.5,0.05,0.8,-3.14503,0.0,0
1457,2026-04-22T14:55:12.855Z,S20260422_155325,SC01,AUTO,17.5675,107.065,0.0638,stabilize,1,1500,VIDE,0.0,0.09,0.0,2.354973,-0.698132,-0.0,1,0,139.511,52.952,0.0,0.09,0.0,5.5,2.0,0.5,0.05,0.8,-3.14503,0.0,0
1458,2026-04-22T14:55:12.916Z,S20260422_155325,SC01,AUTO,17.6286,107.1261,0.0611,stabilize,1,1500,VIDE,0.0,0.09,0.0,2.354973,-0.698132,-0.0,1,0,139.511,52.952,0.0,0.09,0.0,5.5,2.0,0.5,0.05,0.8,-3.14503,0.0,0
1459,2026-04-22T14:55:12.976Z,S20260422_155325,SC01,AUTO,17.6887,107.1861,0.06,stabilize,1,1500,VIDE,0.0,0.09,0.0,2.354973,-0.698132,-0.0,1,0,139.511,52.952,0.0,0.09,0.0,5.5,2.0,0.5,0.05,0.8,-3.14503,0.0,0
1460,2026-04-22T14:55:13.048Z,S20260422_155325,SC01,AUTO,17.7611,107.2585,0.0724,stabilize,1,1500,VIDE,0.0,0.09,0.0,2.354973,-0.698132,-0.0,1,0,139.511,52.952,0.0,0.09,0.0,5.5,2.0,0.5,0.05,0.8,-3.14503,0.0,0
1461,2026-04-22T14:55:13.111Z,S20260422_155325,SC01,AUTO,17.8239,107.3213,0.0628,stabilize,1,1500,VIDE,0.0,0.09,0.0,2.354973,-0.698132,-0.0,1,0,139.511,52.952,0.0,0.09,0.0,5.5,2.0,0.5,0.05,0.8,-3.14503,0.0,0
1462,2026-04-22T14:55:13.172Z,S20260422_155325,SC01,AUTO,17.8851,107.3825,0.0611,stabilize,1,1500,VIDE,0.0,0.09,0.0,2.354973,-0.698132,-0.0,1,0,139.511,52.952,0.0,0.09,0.0,5.5,2.0,0.5,0.05,0.8,-3.14503,0.0,0
1463,2026-04-22T14:55:13.296Z,S20260422_155325,SC01,AUTO,18.009,107.5065,0.124,stabilize,1,1500,VIDE,0.0,0.09,0.0,2.354973,-0.698132,-0.0,1,0,139.511,52.952,0.0,0.09,0.0,5.5,2.0,0.5,0.05,0.8,-3.14503,0.0,0
