row_id,wall_time_utc,session_id,scenario_id,execution_mode,scenario_time_s,program_time_s,sample_dt_s,phase,scenario_started,vehicle_mass_kg,mass_label,steer_cmd_deg,throttle_cmd,brake_cmd,speed_mps,yaw_rad,yaw_rate_rps,mode_id,fault_flag,rtt_ms,jitter_ms,steer_ref_deg,throttle_ref,brake_ref,speed_min_mps,speed_max_mps,tol_steer_deg,tol_throttle,tol_brake,speed_in_corridor,e_speed_low,e_speed_high,e_steer_actual
1,2026-04-27T08:35:34.232Z,S20260427_093533,SC01,AUTO,,0.9504,0.9448,start,0,1500,VIDE,0.0,0.0,0.0,0.0,0.0,0.0,0,0,0.0,0.0,0.0,0.0,0.0,0.0,0.2,2.0,1.0,0.05,1,0.0,0.2,0.0
2,2026-04-27T08:35:34.249Z,S20260427_093533,SC01,AUTO,,0.9673,0.0169,start,0,1500,VIDE,0.0,0.0,0.0,0.0,0.0,0.0,0,0,0.0,0.0,0.0,0.0,0.0,0.0,0.2,2.0,1.0,0.05,1,0.0,0.2,0.0
3,2026-04-27T08:35:34.313Z,S20260427_093533,SC01,AUTO,,1.0309,0.0637,start,0,1500,VIDE,0.0,0.0,0.0,0.0,0.0,0.0,0,0,0.0,0.0,0.0,0.0,0.0,0.0,0.2,2.0,1.0,0.05,1,0.0,0.2,0.0
4,2026-04-27T08:35:34.369Z,S20260427_093533,SC01,AUTO,,1.0865,0.0556,start,0,1500,VIDE,0.0,0.0,0.0,0.0,0.0,0.0,0,0,0.0,0.0,0.0,0.0,0.0,0.0,0.2,2.0,1.0,0.05,1,0.0,0.2,0.0
5,2026-04-27T08:35:34.432Z,S20260427_093533,SC01,AUTO,,1.1495,0.0631,start,0,1500,VIDE,0.0,0.0,0.0,0.0,0.0,0.0,0,0,0.0,0.0,0.0,0.0,0.0,0.0,0.2,2.0,1.0,0.05,1,0.0,0.2,0.0
6,2026-04-27T08:35:34.494Z,S20260427_093533,SC01,AUTO,,1.2119,0.0623,start,0,1500,VIDE,0.0,0.0,0.0,0.0,0.0,0.0,0,0,0.0,0.0,0.0,0.0,0.0,0.0,0.2,2.0,1.0,0.05,1,0.0,0.2,0.0
7,2026-04-27T08:35:34.556Z,S20260427_093533,SC01,AUTO,,1.2738,0.0619,start,0,1500,VIDE,0.0,0.0,0.0,0.0,0.0,0.0,0,0,0.0,0.0,0.0,0.0,0.0,0.0,0.2,2.0,1.0,0.05,1,0.0,0.2,0.0
8,2026-04-27T08:35:34.619Z,S20260427_093533,SC01,AUTO,,1.3373,0.0635,start,0,1500,VIDE,0.0,0.0,0.0,0.0,0.0,0.0,0,0,0.0,0.0,0.0,0.0,0.0,0.0,0.2,2.0,1.0,0.05,1,0.0,0.2,0.0
9,2026-04-27T08:35:34.693Z,S20260427_093533,SC01,AUTO,,1.4108,0.0736,start,0,1500,VIDE,0.0,0.0,0.0,0.0,0.0,0.0,0,0,0.0,0.0,0.0,0.0,0.0,0.0,0.2,2.0,1.0,0.05,1,0.0,0.2,0.0
10,2026-04-27T08:35:34.751Z,S20260427_093533,SC01,AUTO,,1.4689,0.0581,start,0,1500,VIDE,0.0,0.0,0.0,0.0,0.0,0.0,0,0,0.0,0.0,0.0,0.0,0.0,0.0,0.2,2.0,1.0,0.05,1,0.0,0.2,0.0
11,2026-04-27T08:35:34.815Z,S20260427_093533,SC01,AUTO,,1.5325,0.0636,start,0,1500,VIDE,0.0,0.0,0.0,0.0,0.0,0.0,0,0,0.0,0.0,0.0,0.0,0.0,0.0,0.2,2.0,1.0,0.05,1,0.0,0.2,0.0
12,2026-04-27T08:35:34.874Z,S20260427_093533,SC01,AUTO,,1.5916,0.0591,start,0,1500,VIDE,0.0,0.0,0.0,0.0,0.0,0.0,0,0,0.0,0.0,0.0,0.0,0.0,0.0,0.2,2.0,1.0,0.05,1,0.0,0.2,0.0
13,2026-04-27T08:35:34.934Z,S20260427_093533,SC01,AUTO,,1.6518,0.0602,start,0,1500,VIDE,0.0,0.0,0.0,0.0,0.0,0.0,0,0,0.0,0.0,0.0,0.0,0.0,0.0,0.2,2.0,1.0,0.05,1,0.0,0.2,0.0
14,2026-04-27T08:35:34.995Z,S20260427_093533,SC01,AUTO,,1.7127,0.0609,start,0,1500,VIDE,0.0,0.0,0.0,0.0,0.0,0.0,0,0,0.0,0.0,0.0,0.0,0.0,0.0,0.2,2.0,1.0,0.05,1,0.0,0.2,0.0
15,2026-04-27T08:35:35.063Z,S20260427_093533,SC01,AUTO,,1.7805,0.0679,start,0,1500,VIDE,0.0,0.0,0.0,0.0,0.0,0.0,0,0,0.0,0.0,0.0,0.0,0.0,0.0,0.2,2.0,1.0,0.05,1,0.0,0.2,0.0
16,2026-04-27T08:35:35.125Z,S20260427_093533,SC01,AUTO,,1.8432,0.0626,start,0,1500,VIDE,0.0,0.0,0.0,0.0,0.0,0.0,0,0,0.0,0.0,0.0,0.0,0.0,0.0,0.2,2.0,1.0,0.05,1,0.0,0.2,0.0
17,2026-04-27T08:35:35.189Z,S20260427_093533,SC01,AUTO,,1.9069,0.0637,start,0,1500,VIDE,0.0,0.0,0.0,0.0,0.0,0.0,0,0,0.0,0.0,0.0,0.0,0.0,0.0,0.2,2.0,1.0,0.05,1,0.0,0.2,0.0
18,2026-04-27T08:35:35.251Z,S20260427_093533,SC01,AUTO,,1.9693,0.0624,start,0,1500,VIDE,0.0,0.0,0.0,0.0,0.0,0.0,0,0,0.0,0.0,0.0,0.0,0.0,0.0,0.2,2.0,1.0,0.05,1,0.0,0.2,0.0
19,2026-04-27T08:35:35.315Z,S20260427_093533,SC01,AUTO,,2.0329,0.0636,start,0,1500,VIDE,0.0,0.0,0.0,0.0,0.0,0.0,0,0,0.0,0.0,0.0,0.0,0.0,0.0,0.2,2.0,1.0,0.05,1,0.0,0.2,0.0
20,2026-04-27T08:35:35.374Z,S20260427_093533,SC01,AUTO,,2.0924,0.0595,start,0,1500,VIDE,0.0,0.0,0.0,0.0,0.0,0.0,0,0,0.0,0.0,0.0,0.0,0.0,0.0,0.2,2.0,1.0,0.05,1,0.0,0.2,0.0
21,2026-04-27T08:35:35.434Z,S20260427_093533,SC01,AUTO,,2.1515,0.059,start,0,1500,VIDE,0.0,0.0,0.0,0.0,0.0,0.0,0,0,0.0,0.0,0.0,0.0,0.0,0.0,0.2,2.0,1.0,0.05,1,0.0,0.2,0.0
22,2026-04-27T08:35:35.493Z,S20260427_093533,SC01,AUTO,,2.2113,0.0598,start,0,1500,VIDE,0.0,0.0,0.0,0.0,0.0,0.0,0,0,0.0,0.0,0.0,0.0,0.0,0.0,0.2,2.0,1.0,0.05,1,0.0,0.2,0.0
23,2026-04-27T08:35:35.562Z,S20260427_093533,SC01,AUTO,,2.28,0.0686,start,0,1500,VIDE,0.0,0.0,0.0,0.0,0.0,0.0,0,0,0.0,0.0,0.0,0.0,0.0,0.0,0.2,2.0,1.0,0.05,1,0.0,0.2,0.0
24,2026-04-27T08:35:35.625Z,S20260427_093533,SC01,AUTO,,2.3428,0.0629,start,0,1500,VIDE,0.0,0.0,0.0,0.0,0.0,0.0,0,0,0.0,0.0,0.0,0.0,0.0,0.0,0.2,2.0,1.0,0.05,1,0.0,0.2,0.0
25,2026-04-27T08:35:35.685Z,S20260427_093533,SC01,AUTO,,2.4031,0.0602,start,0,1500,VIDE,0.0,0.0,0.0,0.0,0.0,0.0,0,0,0.0,0.0,0.0,0.0,0.0,0.0,0.2,2.0,1.0,0.05,1,0.0,0.2,0.0
26,2026-04-27T08:35:35.750Z,S20260427_093533,SC01,AUTO,,2.4682,0.0651,start,0,1500,VIDE,0.0,0.0,0.0,0.0,0.0,0.0,0,0,0.0,0.0,0.0,0.0,0.0,0.0,0.2,2.0,1.0,0.05,1,0.0,0.2,0.0
27,2026-04-27T08:35:35.812Z,S20260427_093533,SC01,AUTO,,2.53,0.0618,start,0,1500,VIDE,0.0,0.0,0.0,0.0,0.0,0.0,0,0,0.0,0.0,0.0,0.0,0.0,0.0,0.2,2.0,1.0,0.05,1,0.0,0.2,0.0
28,2026-04-27T08:35:35.869Z,S20260427_093533,SC01,AUTO,,2.587,0.057,start,0,1500,VIDE,0.0,0.0,0.0,0.0,0.0,0.0,0,0,0.0,0.0,0.0,0.0,0.0,0.0,0.2,2.0,1.0,0.05,1,0.0,0.2,0.0
29,2026-04-27T08:35:35.933Z,S20260427_093533,SC01,AUTO,,2.6509,0.0639,start,0,1500,VIDE,0.0,0.0,0.0,0.0,0.0,0.0,0,0,0.0,0.0,0.0,0.0,0.0,0.0,0.2,2.0,1.0,0.05,1,0.0,0.2,0.0
30,2026-04-27T08:35:35.994Z,S20260427_093533,SC01,AUTO,,2.7119,0.061,start,0,1500,VIDE,0.0,0.0,0.0,0.0,0.0,0.0,0,0,0.0,0.0,0.0,0.0,0.0,0.0,0.2,2.0,1.0,0.05,1,0.0,0.2,0.0
31,2026-04-27T08:35:36.062Z,S20260427_093533,SC01,AUTO,,2.7799,0.068,start,0,1500,VIDE,0.0,0.0,0.0,0.0,0.0,0.0,0,0,0.0,0.0,0.0,0.0,0.0,0.0,0.2,2.0,1.0,0.05,1,0.0,0.2,0.0
32,2026-04-27T08:35:36.123Z,S20260427_093533,SC01,AUTO,,2.8406,0.0607,start,0,1500,VIDE,0.0,0.0,0.0,0.0,0.0,0.0,0,0,0.0,0.0,0.0,0.0,0.0,0.0,0.2,2.0,1.0,0.05,1,0.0,0.2,0.0
33,2026-04-27T08:35:36.186Z,S20260427_093533,SC01,AUTO,,2.9037,0.0631,start,0,1500,VIDE,0.0,0.0,0.0,0.0,0.0,0.0,0,0,0.0,0.0,0.0,0.0,0.0,0.0,0.2,2.0,1.0,0.05,1,0.0,0.2,0.0
34,2026-04-27T08:35:36.248Z,S20260427_093533,SC01,AUTO,,2.966,0.0622,start,0,1500,VIDE,0.0,0.0,0.0,0.0,0.0,0.0,0,0,0.0,0.0,0.0,0.0,0.0,0.0,0.2,2.0,1.0,0.05,1,0.0,0.2,0.0
35,2026-04-27T08:35:36.310Z,S20260427_093533,SC01,AUTO,,3.0279,0.0619,start,0,1500,VIDE,0.0,0.0,0.0,0.0,0.0,0.0,0,0,0.0,0.0,0.0,0.0,0.0,0.0,0.2,2.0,1.0,0.05,1,0.0,0.2,0.0
36,2026-04-27T08:35:36.372Z,S20260427_093533,SC01,AUTO,,3.0903,0.0624,start,0,1500,VIDE,0.0,0.0,0.0,0.0,0.0,0.0,0,0,0.0,0.0,0.0,0.0,0.0,0.0,0.2,2.0,1.0,0.05,1,0.0,0.2,0.0
37,2026-04-27T08:35:36.433Z,S20260427_093533,SC01,AUTO,,3.1513,0.061,start,0,1500,VIDE,0.0,0.0,0.0,0.0,0.0,0.0,0,0,0.0,0.0,0.0,0.0,0.0,0.0,0.2,2.0,1.0,0.05,1,0.0,0.2,0.0
38,2026-04-27T08:35:36.493Z,S20260427_093533,SC01,AUTO,,3.2112,0.06,start,0,1500,VIDE,0.0,0.0,0.0,0.0,0.0,0.0,0,0,0.0,0.0,0.0,0.0,0.0,0.0,0.2,2.0,1.0,0.05,1,0.0,0.2,0.0
39,2026-04-27T08:35:36.557Z,S20260427_093533,SC01,AUTO,,3.275,0.0638,start,0,1500,VIDE,0.0,0.0,0.0,0.0,0.0,0.0,0,0,0.0,0.0,0.0,0.0,0.0,0.0,0.2,2.0,1.0,0.05,1,0.0,0.2,0.0
40,2026-04-27T08:35:36.623Z,S20260427_093533,SC01,AUTO,,3.341,0.066,start,0,1500,VIDE,0.0,0.0,0.0,0.0,0.0,0.0,0,0,0.0,0.0,0.0,0.0,0.0,0.0,0.2,2.0,1.0,0.05,1,0.0,0.2,0.0
41,2026-04-27T08:35:36.684Z,S20260427_093533,SC01,AUTO,,3.4021,0.061,start,0,1500,VIDE,0.0,0.0,0.0,0.0,0.0,0.0,0,0,0.0,0.0,0.0,0.0,0.0,0.0,0.2,2.0,1.0,0.05,1,0.0,0.2,0.0
42,2026-04-27T08:35:36.746Z,S20260427_093533,SC01,AUTO,,3.4642,0.0622,start,0,1500,VIDE,0.0,0.0,0.0,0.0,0.0,0.0,0,0,0.0,0.0,0.0,0.0,0.0,0.0,0.2,2.0,1.0,0.05,1,0.0,0.2,0.0
43,2026-04-27T08:35:36.809Z,S20260427_093533,SC01,AUTO,,3.5266,0.0624,start,0,1500,VIDE,0.0,0.0,0.0,0.0,0.0,0.0,0,0,0.0,0.0,0.0,0.0,0.0,0.0,0.2,2.0,1.0,0.05,1,0.0,0.2,0.0
44,2026-04-27T08:35:36.869Z,S20260427_093533,SC01,AUTO,,3.587,0.0604,start,0,1500,VIDE,0.0,0.0,0.0,0.0,0.0,0.0,0,0,0.0,0.0,0.0,0.0,0.0,0.0,0.2,2.0,1.0,0.05,1,0.0,0.2,0.0
45,2026-04-27T08:35:36.933Z,S20260427_093533,SC01,AUTO,,3.6514,0.0644,start,0,1500,VIDE,0.0,0.0,0.0,0.0,0.0,0.0,0,0,0.0,0.0,0.0,0.0,0.0,0.0,0.2,2.0,1.0,0.05,1,0.0,0.2,0.0
46,2026-04-27T08:35:36.994Z,S20260427_093533,SC01,AUTO,,3.7119,0.0604,start,0,1500,VIDE,0.0,0.0,0.0,0.0,0.0,0.0,0,0,0.0,0.0,0.0,0.0,0.0,0.0,0.2,2.0,1.0,0.05,1,0.0,0.2,0.0
47,2026-04-27T08:35:37.056Z,S20260427_093533,SC01,AUTO,,3.7741,0.0622,start,0,1500,VIDE,0.0,0.0,0.0,0.0,0.0,0.0,0,0,0.0,0.0,0.0,0.0,0.0,0.0,0.2,2.0,1.0,0.05,1,0.0,0.2,0.0
48,2026-04-27T08:35:37.119Z,S20260427_093533,SC01,AUTO,,3.8369,0.0629,start,0,1500,VIDE,0.0,0.0,0.0,0.0,0.0,0.0,0,0,0.0,0.0,0.0,0.0,0.0,0.0,0.2,2.0,1.0,0.05,1,0.0,0.2,0.0
49,2026-04-27T08:35:37.181Z,S20260427_093533,SC01,AUTO,,3.8991,0.0621,start,0,1500,VIDE,0.0,0.0,0.0,0.0,0.0,0.0,0,0,0.0,0.0,0.0,0.0,0.0,0.0,0.2,2.0,1.0,0.05,1,0.0,0.2,0.0
50,2026-04-27T08:35:37.245Z,S20260427_093533,SC01,AUTO,,3.9629,0.0638,start,0,1500,VIDE,0.0,0.0,0.0,0.0,0.0,0.0,0,0,0.0,0.0,0.0,0.0,0.0,0.0,0.2,2.0,1.0,0.05,1,0.0,0.2,0.0
51,2026-04-27T08:35:37.310Z,S20260427_093533,SC01,AUTO,,4.0274,0.0646,start,0,1500,VIDE,0.0,0.0,0.0,0.0,0.0,0.0,0,0,0.0,0.0,0.0,0.0,0.0,0.0,0.2,2.0,1.0,0.05,1,0.0,0.2,0.0
52,2026-04-27T08:35:37.368Z,S20260427_093533,SC01,AUTO,,4.0857,0.0583,start,0,1500,VIDE,0.0,0.0,0.0,0.0,0.0,0.0,0,0,0.0,0.0,0.0,0.0,0.0,0.0,0.2,2.0,1.0,0.05,1,0.0,0.2,0.0
53,2026-04-27T08:35:37.432Z,S20260427_093533,SC01,AUTO,,4.1497,0.064,start,0,1500,VIDE,0.0,0.0,0.0,0.0,0.0,0.0,0,0,0.0,0.0,0.0,0.0,0.0,0.0,0.2,2.0,1.0,0.05,1,0.0,0.2,0.0
54,2026-04-27T08:35:37.493Z,S20260427_093533,SC01,AUTO,,4.2112,0.0615,start,0,1500,VIDE,0.0,0.0,0.0,0.0,0.0,0.0,0,0,0.0,0.0,0.0,0.0,0.0,0.0,0.2,2.0,1.0,0.05,1,0.0,0.2,0.0
55,2026-04-27T08:35:37.557Z,S20260427_093533,SC01,AUTO,,4.275,0.0638,start,0,1500,VIDE,0.0,0.0,0.0,0.0,0.0,0.0,0,0,0.0,0.0,0.0,0.0,0.0,0.0,0.2,2.0,1.0,0.05,1,0.0,0.2,0.0
56,2026-04-27T08:35:37.618Z,S20260427_093533,SC01,AUTO,,4.3358,0.0608,start,0,1500,VIDE,0.0,0.0,0.0,0.0,0.0,0.0,0,0,0.0,0.0,0.0,0.0,0.0,0.0,0.2,2.0,1.0,0.05,1,0.0,0.2,0.0
57,2026-04-27T08:35:37.685Z,S20260427_093533,SC01,AUTO,,4.4031,0.0674,start,0,1500,VIDE,0.0,0.0,0.0,0.0,0.0,0.0,0,0,0.0,0.0,0.0,0.0,0.0,0.0,0.2,2.0,1.0,0.05,1,0.0,0.2,0.0
58,2026-04-27T08:35:37.743Z,S20260427_093533,SC01,AUTO,,4.4607,0.0576,start,0,1500,VIDE,0.0,0.0,0.0,0.0,0.0,0.0,0,0,0.0,0.0,0.0,0.0,0.0,0.0,0.2,2.0,1.0,0.05,1,0.0,0.2,0.0
59,2026-04-27T08:35:37.805Z,S20260427_093533,SC01,AUTO,,4.5232,0.0625,start,0,1500,VIDE,0.0,0.0,0.0,0.0,0.0,0.0,0,0,0.0,0.0,0.0,0.0,0.0,0.0,0.2,2.0,1.0,0.05,1,0.0,0.2,0.0
60,2026-04-27T08:35:37.869Z,S20260427_093533,SC01,AUTO,,4.5872,0.0639,start,0,1500,VIDE,0.0,0.0,0.0,0.0,0.0,0.0,0,0,0.0,0.0,0.0,0.0,0.0,0.0,0.2,2.0,1.0,0.05,1,0.0,0.2,0.0
61,2026-04-27T08:35:37.933Z,S20260427_093533,SC01,AUTO,,4.6512,0.064,start,0,1500,VIDE,0.0,0.0,0.0,0.0,0.0,0.0,0,0,0.0,0.0,0.0,0.0,0.0,0.0,0.2,2.0,1.0,0.05,1,0.0,0.2,0.0
62,2026-04-27T08:35:37.993Z,S20260427_093533,SC01,AUTO,,4.7113,0.0601,start,0,1500,VIDE,0.0,0.0,0.0,0.0,0.0,0.0,0,0,0.0,0.0,0.0,0.0,0.0,0.0,0.2,2.0,1.0,0.05,1,0.0,0.2,0.0
63,2026-04-27T08:35:38.061Z,S20260427_093533,SC01,AUTO,,4.7792,0.0679,start,0,1500,VIDE,0.0,0.0,0.0,0.0,0.0,0.0,0,0,0.0,0.0,0.0,0.0,0.0,0.0,0.2,2.0,1.0,0.05,1,0.0,0.2,0.0
64,2026-04-27T08:35:38.118Z,S20260427_093533,SC01,AUTO,,4.8364,0.0571,start,0,1500,VIDE,0.0,0.0,0.0,0.0,0.0,0.0,0,0,0.0,0.0,0.0,0.0,0.0,0.0,0.2,2.0,1.0,0.05,1,0.0,0.2,0.0
65,2026-04-27T08:35:38.192Z,S20260427_093533,SC01,AUTO,,4.9103,0.0739,start,0,1500,VIDE,0.0,0.0,0.0,0.0,0.0,0.0,0,0,0.0,0.0,0.0,0.0,0.0,0.0,0.2,2.0,1.0,0.05,1,0.0,0.2,0.0
66,2026-04-27T08:35:38.252Z,S20260427_093533,SC01,AUTO,,4.9702,0.0599,start,0,1500,VIDE,0.0,0.0,0.0,0.0,0.0,0.0,0,0,0.0,0.0,0.0,0.0,0.0,0.0,0.2,2.0,1.0,0.05,1,0.0,0.2,0.0
67,2026-04-27T08:35:38.310Z,S20260427_093533,SC01,AUTO,,5.0281,0.058,start,0,1500,VIDE,0.0,0.0,0.0,0.0,0.0,0.0,0,0,0.0,0.0,0.0,0.0,0.0,0.0,0.2,2.0,1.0,0.05,1,0.0,0.2,0.0
68,2026-04-27T08:35:38.369Z,S20260427_093533,SC01,AUTO,,5.0872,0.0591,start,0,1500,VIDE,0.0,0.0,0.0,0.0,0.0,0.0,0,0,0.0,0.0,0.0,0.0,0.0,0.0,0.2,2.0,1.0,0.05,1,0.0,0.2,0.0
69,2026-04-27T08:35:38.431Z,S20260427_093533,SC01,AUTO,,5.1492,0.0619,start,0,1500,VIDE,0.0,0.0,0.0,0.0,0.0,0.0,0,0,0.0,0.0,0.0,0.0,0.0,0.0,0.2,2.0,1.0,0.05,1,0.0,0.2,0.0
70,2026-04-27T08:35:38.494Z,S20260427_093533,SC01,AUTO,,5.2115,0.0624,start,0,1500,VIDE,0.0,0.0,0.0,0.0,0.0,0.0,0,0,0.0,0.0,0.0,0.0,0.0,0.0,0.2,2.0,1.0,0.05,1,0.0,0.2,0.0
71,2026-04-27T08:35:38.568Z,S20260427_093533,SC01,AUTO,,5.2856,0.0741,start,0,1500,VIDE,0.0,0.0,0.0,0.0,0.0,0.0,0,0,0.0,0.0,0.0,0.0,0.0,0.0,0.2,2.0,1.0,0.05,1,0.0,0.2,0.0
72,2026-04-27T08:35:38.631Z,S20260427_093533,SC01,AUTO,,5.3485,0.0629,start,0,1500,VIDE,0.0,0.0,0.0,0.0,0.0,0.0,0,0,0.0,0.0,0.0,0.0,0.0,0.0,0.2,2.0,1.0,0.05,1,0.0,0.2,0.0
73,2026-04-27T08:35:38.685Z,S20260427_093533,SC01,AUTO,,5.4031,0.0546,start,0,1500,VIDE,0.0,0.0,0.0,0.0,0.0,0.0,0,0,0.0,0.0,0.0,0.0,0.0,0.0,0.2,2.0,1.0,0.05,1,0.0,0.2,0.0
74,2026-04-27T08:35:38.747Z,S20260427_093533,SC01,AUTO,,5.4654,0.0623,start,0,1500,VIDE,0.0,0.0,0.0,0.0,0.0,0.0,0,0,0.0,0.0,0.0,0.0,0.0,0.0,0.2,2.0,1.0,0.05,1,0.0,0.2,0.0
75,2026-04-27T08:35:38.814Z,S20260427_093533,SC01,AUTO,,5.5323,0.0669,start,0,1500,VIDE,0.0,0.0,0.0,0.0,0.0,0.0,0,0,0.0,0.0,0.0,0.0,0.0,0.0,0.2,2.0,1.0,0.05,1,0.0,0.2,0.0
76,2026-04-27T08:35:38.874Z,S20260427_093533,SC01,AUTO,,5.5919,0.0596,start,0,1500,VIDE,0.0,0.0,0.0,0.0,0.0,0.0,0,0,0.0,0.0,0.0,0.0,0.0,0.0,0.2,2.0,1.0,0.05,1,0.0,0.2,0.0
77,2026-04-27T08:35:38.933Z,S20260427_093533,SC01,AUTO,,5.6514,0.0595,start,0,1500,VIDE,0.0,0.0,0.0,0.0,0.0,0.0,0,0,0.0,0.0,0.0,0.0,0.0,0.0,0.2,2.0,1.0,0.05,1,0.0,0.2,0.0
78,2026-04-27T08:35:38.994Z,S20260427_093533,SC01,AUTO,,5.7122,0.0607,start,0,1500,VIDE,0.0,0.0,0.0,0.0,0.0,0.0,0,0,0.0,0.0,0.0,0.0,0.0,0.0,0.2,2.0,1.0,0.05,1,0.0,0.2,0.0
79,2026-04-27T08:35:39.062Z,S20260427_093533,SC01,AUTO,,5.7794,0.0673,start,0,1500,VIDE,0.0,0.0,0.0,0.0,0.0,0.0,0,0,0.0,0.0,0.0,0.0,0.0,0.0,0.2,2.0,1.0,0.05,1,0.0,0.2,0.0
80,2026-04-27T08:35:39.128Z,S20260427_093533,SC01,AUTO,,5.8462,0.0668,start,0,1500,VIDE,0.0,0.0,0.0,0.0,0.0,0.0,0,0,0.0,0.0,0.0,0.0,0.0,0.0,0.2,2.0,1.0,0.05,1,0.0,0.2,0.0
81,2026-04-27T08:35:39.190Z,S20260427_093533,SC01,AUTO,,5.9075,0.0613,start,0,1500,VIDE,0.0,0.0,0.0,0.0,0.0,0.0,0,0,0.0,0.0,0.0,0.0,0.0,0.0,0.2,2.0,1.0,0.05,1,0.0,0.2,0.0
82,2026-04-27T08:35:39.245Z,S20260427_093533,SC01,AUTO,,5.9632,0.0557,start,0,1500,VIDE,0.0,0.0,0.0,0.0,0.0,0.0,0,0,0.0,0.0,0.0,0.0,0.0,0.0,0.2,2.0,1.0,0.05,1,0.0,0.2,0.0
83,2026-04-27T08:35:39.314Z,S20260427_093533,SC01,AUTO,,6.0323,0.0692,start,0,1500,VIDE,0.0,0.0,0.0,0.0,0.0,0.0,0,0,0.0,0.0,0.0,0.0,0.0,0.0,0.2,2.0,1.0,0.05,1,0.0,0.2,0.0
84,2026-04-27T08:35:39.374Z,S20260427_093533,SC01,AUTO,,6.0915,0.0592,start,0,1500,VIDE,0.0,0.0,0.0,0.0,0.0,0.0,0,0,0.0,0.0,0.0,0.0,0.0,0.0,0.2,2.0,1.0,0.05,1,0.0,0.2,0.0
85,2026-04-27T08:35:39.435Z,S20260427_093533,SC01,AUTO,,6.1525,0.0609,start,0,1500,VIDE,0.0,0.0,0.0,0.0,0.0,0.0,0,0,0.0,0.0,0.0,0.0,0.0,0.0,0.2,2.0,1.0,0.05,1,0.0,0.2,0.0
86,2026-04-27T08:35:39.494Z,S20260427_093533,SC01,AUTO,,6.2117,0.0593,start,0,1500,VIDE,0.0,0.0,0.0,0.0,0.0,0.0,0,0,0.0,0.0,0.0,0.0,0.0,0.0,0.2,2.0,1.0,0.05,1,0.0,0.2,0.0
87,2026-04-27T08:35:39.556Z,S20260427_093533,SC01,AUTO,,6.2742,0.0625,start,0,1500,VIDE,0.0,0.0,0.0,0.0,0.0,0.0,0,0,0.0,0.0,0.0,0.0,0.0,0.0,0.2,2.0,1.0,0.05,1,0.0,0.2,0.0
88,2026-04-27T08:35:39.628Z,S20260427_093533,SC01,AUTO,,6.3458,0.0716,start,0,1500,VIDE,0.0,0.0,0.0,0.0,0.0,0.0,0,0,0.0,0.0,0.0,0.0,0.0,0.0,0.2,2.0,1.0,0.05,1,0.0,0.2,0.0
89,2026-04-27T08:35:39.685Z,S20260427_093533,SC01,AUTO,,6.4029,0.0571,start,0,1500,VIDE,0.0,0.0,0.0,0.0,0.0,0.0,0,0,0.0,0.0,0.0,0.0,0.0,0.0,0.2,2.0,1.0,0.05,1,0.0,0.2,0.0
90,2026-04-27T08:35:39.749Z,S20260427_093533,SC01,AUTO,,6.4668,0.0639,start,0,1500,VIDE,0.0,0.0,0.0,0.0,0.0,0.0,0,0,0.0,0.0,0.0,0.0,0.0,0.0,0.2,2.0,1.0,0.05,1,0.0,0.2,0.0
91,2026-04-27T08:35:39.813Z,S20260427_093533,SC01,AUTO,,6.5308,0.064,start,0,1500,VIDE,0.0,0.0,0.0,0.0,0.0,0.0,0,0,0.0,0.0,0.0,0.0,0.0,0.0,0.2,2.0,1.0,0.05,1,0.0,0.2,0.0
92,2026-04-27T08:35:39.869Z,S20260427_093533,SC01,AUTO,,6.5871,0.0563,start,0,1500,VIDE,0.0,0.0,0.0,0.0,0.0,0.0,0,0,0.0,0.0,0.0,0.0,0.0,0.0,0.2,2.0,1.0,0.05,1,0.0,0.2,0.0
93,2026-04-27T08:35:39.933Z,S20260427_093533,SC01,AUTO,,6.6511,0.0639,start,0,1500,VIDE,0.0,0.0,0.0,0.0,0.0,0.0,0,0,0.0,0.0,0.0,0.0,0.0,0.0,0.2,2.0,1.0,0.05,1,0.0,0.2,0.0
94,2026-04-27T08:35:39.994Z,S20260427_093533,SC01,AUTO,,6.7115,0.0605,start,0,1500,VIDE,0.0,0.0,0.0,0.0,0.0,0.0,0,0,0.0,0.0,0.0,0.0,0.0,0.0,0.2,2.0,1.0,0.05,1,0.0,0.2,0.0
95,2026-04-27T08:35:40.060Z,S20260427_093533,SC01,AUTO,,6.7781,0.0666,start,0,1500,VIDE,0.0,0.0,0.0,0.0,0.0,0.0,0,0,0.0,0.0,0.0,0.0,0.0,0.0,0.2,2.0,1.0,0.05,1,0.0,0.2,0.0
96,2026-04-27T08:35:40.123Z,S20260427_093533,SC01,AUTO,,6.8412,0.0631,start,0,1500,VIDE,0.0,0.0,0.0,0.0,0.0,0.0,0,0,0.0,0.0,0.0,0.0,0.0,0.0,0.2,2.0,1.0,0.05,1,0.0,0.2,0.0
97,2026-04-27T08:35:40.181Z,S20260427_093533,SC01,AUTO,,6.899,0.0578,start,0,1500,VIDE,0.0,0.0,0.0,0.0,0.0,0.0,0,0,0.0,0.0,0.0,0.0,0.0,0.0,0.2,2.0,1.0,0.05,1,0.0,0.2,0.0
98,2026-04-27T08:35:40.245Z,S20260427_093533,SC01,AUTO,,6.963,0.064,start,0,1500,VIDE,0.0,0.0,0.0,0.0,0.0,0.0,0,0,0.0,0.0,0.0,0.0,0.0,0.0,0.2,2.0,1.0,0.05,1,0.0,0.2,0.0
99,2026-04-27T08:35:40.311Z,S20260427_093533,SC01,AUTO,,7.0285,0.0655,start,0,1500,VIDE,0.0,0.0,0.0,0.0,0.0,0.0,0,0,0.0,0.0,0.0,0.0,0.0,0.0,0.2,2.0,1.0,0.05,1,0.0,0.2,0.0
100,2026-04-27T08:35:40.372Z,S20260427_093533,SC01,AUTO,,7.0902,0.0617,start,0,1500,VIDE,0.0,0.0,0.0,0.0,0.0,0.0,0,0,0.0,0.0,0.0,0.0,0.0,0.0,0.2,2.0,1.0,0.05,1,0.0,0.2,0.0
101,2026-04-27T08:35:40.434Z,S20260427_093533,SC01,AUTO,,7.1519,0.0616,start,0,1500,VIDE,0.0,0.0,0.0,0.0,0.0,0.0,0,0,0.0,0.0,0.0,0.0,0.0,0.0,0.2,2.0,1.0,0.05,1,0.0,0.2,0.0
102,2026-04-27T08:35:40.494Z,S20260427_093533,SC01,AUTO,,7.2116,0.0597,start,0,1500,VIDE,0.0,0.0,0.0,0.0,0.0,0.0,0,0,0.0,0.0,0.0,0.0,0.0,0.0,0.2,2.0,1.0,0.05,1,0.0,0.2,0.0
103,2026-04-27T08:35:40.559Z,S20260427_093533,SC01,AUTO,,7.2767,0.0651,start,0,1500,VIDE,0.0,0.0,0.0,0.0,0.0,0.0,0,0,0.0,0.0,0.0,0.0,0.0,0.0,0.2,2.0,1.0,0.05,1,0.0,0.2,0.0
104,2026-04-27T08:35:40.621Z,S20260427_093533,SC01,AUTO,,7.3389,0.0623,start,0,1500,VIDE,0.0,0.0,0.0,0.0,0.0,0.0,0,0,0.0,0.0,0.0,0.0,0.0,0.0,0.2,2.0,1.0,0.05,1,0.0,0.2,0.0
105,2026-04-27T08:35:40.683Z,S20260427_093533,SC01,AUTO,,7.4008,0.0619,start,0,1500,VIDE,0.0,0.0,0.0,0.0,0.0,0.0,0,0,0.0,0.0,0.0,0.0,0.0,0.0,0.2,2.0,1.0,0.05,1,0.0,0.2,0.0
106,2026-04-27T08:35:40.744Z,S20260427_093533,SC01,AUTO,,7.4624,0.0616,start,0,1500,VIDE,0.0,0.0,0.0,0.0,0.0,0.0,0,0,0.0,0.0,0.0,0.0,0.0,0.0,0.2,2.0,1.0,0.05,1,0.0,0.2,0.0
107,2026-04-27T08:35:40.806Z,S20260427_093533,SC01,AUTO,,7.5237,0.0614,start,0,1500,VIDE,0.0,0.0,0.0,0.0,0.0,0.0,0,0,0.0,0.0,0.0,0.0,0.0,0.0,0.2,2.0,1.0,0.05,1,0.0,0.2,0.0
108,2026-04-27T08:35:40.869Z,S20260427_093533,SC01,AUTO,,7.5866,0.0629,start,0,1500,VIDE,0.0,0.0,0.0,0.0,0.0,0.0,0,0,0.0,0.0,0.0,0.0,0.0,0.0,0.2,2.0,1.0,0.05,1,0.0,0.2,0.0
109,2026-04-27T08:35:40.932Z,S20260427_093533,SC01,AUTO,,7.6497,0.0631,start,0,1500,VIDE,0.0,0.0,0.0,0.0,0.0,0.0,0,0,0.0,0.0,0.0,0.0,0.0,0.0,0.2,2.0,1.0,0.05,1,0.0,0.2,0.0
110,2026-04-27T08:35:40.994Z,S20260427_093533,SC01,AUTO,,7.7116,0.062,start,0,1500,VIDE,0.0,0.0,0.0,0.0,0.0,0.0,0,0,0.0,0.0,0.0,0.0,0.0,0.0,0.2,2.0,1.0,0.05,1,0.0,0.2,0.0
111,2026-04-27T08:35:41.061Z,S20260427_093533,SC01,AUTO,,7.779,0.0674,start,0,1500,VIDE,0.0,0.0,0.0,0.0,0.0,0.0,0,0,0.0,0.0,0.0,0.0,0.0,0.0,0.2,2.0,1.0,0.05,1,0.0,0.2,0.0
112,2026-04-27T08:35:41.118Z,S20260427_093533,SC01,AUTO,,7.8356,0.0566,start,0,1500,VIDE,0.0,0.0,0.0,0.0,0.0,0.0,0,0,0.0,0.0,0.0,0.0,0.0,0.0,0.2,2.0,1.0,0.05,1,0.0,0.2,0.0
113,2026-04-27T08:35:41.182Z,S20260427_093533,SC01,AUTO,,7.8995,0.064,start,0,1500,VIDE,0.0,0.0,0.0,0.0,0.0,0.0,0,0,0.0,0.0,0.0,0.0,0.0,0.0,0.2,2.0,1.0,0.05,1,0.0,0.2,0.0
114,2026-04-27T08:35:41.244Z,S20260427_093533,SC01,AUTO,,7.9618,0.0623,start,0,1500,VIDE,0.0,0.0,0.0,0.0,0.0,0.0,0,0,0.0,0.0,0.0,0.0,0.0,0.0,0.2,2.0,1.0,0.05,1,0.0,0.2,0.0
115,2026-04-27T08:35:41.307Z,S20260427_093533,SC01,AUTO,,8.0252,0.0634,start,0,1500,VIDE,0.0,0.0,0.0,0.0,0.0,0.0,0,0,0.0,0.0,0.0,0.0,0.0,0.0,0.2,2.0,1.0,0.05,1,0.0,0.2,0.0
116,2026-04-27T08:35:41.368Z,S20260427_093533,SC01,AUTO,,8.0858,0.0606,start,0,1500,VIDE,0.0,0.0,0.0,0.0,0.0,0.0,0,0,0.0,0.0,0.0,0.0,0.0,0.0,0.2,2.0,1.0,0.05,1,0.0,0.2,0.0
117,2026-04-27T08:35:41.434Z,S20260427_093533,SC01,AUTO,,8.1515,0.0657,start,0,1500,VIDE,0.0,0.0,0.0,0.0,0.0,0.0,0,0,0.0,0.0,0.0,0.0,0.0,0.0,0.2,2.0,1.0,0.05,1,0.0,0.2,0.0
118,2026-04-27T08:35:41.493Z,S20260427_093533,SC01,AUTO,,8.2111,0.0596,start,0,1500,VIDE,0.0,0.0,0.0,0.0,0.0,0.0,0,0,0.0,0.0,0.0,0.0,0.0,0.0,0.2,2.0,1.0,0.05,1,0.0,0.2,0.0
119,2026-04-27T08:35:41.555Z,S20260427_093533,SC01,AUTO,,8.2734,0.0623,start,0,1500,VIDE,0.0,0.0,0.0,0.0,0.0,0.0,0,0,0.0,0.0,0.0,0.0,0.0,0.0,0.2,2.0,1.0,0.05,1,0.0,0.2,0.0
120,2026-04-27T08:35:41.619Z,S20260427_093533,SC01,AUTO,,8.3369,0.0636,start,0,1500,VIDE,0.0,0.0,0.0,0.0,0.0,0.0,0,0,0.0,0.0,0.0,0.0,0.0,0.0,0.2,2.0,1.0,0.05,1,0.0,0.2,0.0
121,2026-04-27T08:35:41.682Z,S20260427_093533,SC01,AUTO,,8.3996,0.0627,start,0,1500,VIDE,0.0,0.0,0.0,0.0,0.0,0.0,0,0,0.0,0.0,0.0,0.0,0.0,0.0,0.2,2.0,1.0,0.05,1,0.0,0.2,0.0
122,2026-04-27T08:35:41.744Z,S20260427_093533,SC01,AUTO,,8.4619,0.0622,start,0,1500,VIDE,0.0,0.0,0.0,0.0,0.0,0.0,0,0,0.0,0.0,0.0,0.0,0.0,0.0,0.2,2.0,1.0,0.05,1,0.0,0.2,0.0
123,2026-04-27T08:35:41.806Z,S20260427_093533,SC01,AUTO,,8.5236,0.0617,start,0,1500,VIDE,0.0,0.0,0.0,0.0,0.0,0.0,0,0,0.0,0.0,0.0,0.0,0.0,0.0,0.2,2.0,1.0,0.05,1,0.0,0.2,0.0
124,2026-04-27T08:35:41.868Z,S20260427_093533,SC01,AUTO,,8.5859,0.0623,start,0,1500,VIDE,0.0,0.0,0.0,0.0,0.0,0.0,0,0,0.0,0.0,0.0,0.0,0.0,0.0,0.2,2.0,1.0,0.05,1,0.0,0.2,0.0
125,2026-04-27T08:35:41.931Z,S20260427_093533,SC01,AUTO,,8.6485,0.0626,start,0,1500,VIDE,0.0,0.0,0.0,0.0,0.0,0.0,0,0,0.0,0.0,0.0,0.0,0.0,0.0,0.2,2.0,1.0,0.05,1,0.0,0.2,0.0
126,2026-04-27T08:35:41.994Z,S20260427_093533,SC01,AUTO,,8.7114,0.063,start,0,1500,VIDE,0.0,0.0,0.0,0.0,0.0,0.0,0,0,0.0,0.0,0.0,0.0,0.0,0.0,0.2,2.0,1.0,0.05,1,0.0,0.2,0.0
127,2026-04-27T08:35:42.056Z,S20260427_093533,SC01,AUTO,,8.7737,0.0623,start,0,1500,VIDE,0.0,0.0,0.0,0.0,0.0,0.0,0,0,0.0,0.0,0.0,0.0,0.0,0.0,0.2,2.0,1.0,0.05,1,0.0,0.2,0.0
128,2026-04-27T08:35:42.133Z,S20260427_093533,SC01,AUTO,,8.8514,0.0777,start,0,1500,VIDE,0.0,0.0,0.0,0.0,0.0,0.0,0,0,0.0,0.0,0.0,0.0,0.0,0.0,0.2,2.0,1.0,0.05,1,0.0,0.2,0.0
129,2026-04-27T08:35:42.194Z,S20260427_093533,SC01,AUTO,,8.9124,0.061,start,0,1500,VIDE,0.0,0.0,0.0,0.0,0.0,0.0,0,0,0.0,0.0,0.0,0.0,0.0,0.0,0.2,2.0,1.0,0.05,1,0.0,0.2,0.0
130,2026-04-27T08:35:42.333Z,S20260427_093533,SC01,AUTO,,9.0505,0.138,start,0,1500,VIDE,0.0,0.0,0.0,0.0,0.0,0.0,0,0,0.0,0.0,0.0,0.0,0.0,0.0,0.2,2.0,1.0,0.05,1,0.0,0.2,0.0
131,2026-04-27T08:35:42.373Z,S20260427_093533,SC01,AUTO,,9.0909,0.0404,start,0,1500,VIDE,0.0,0.0,0.0,0.0,0.0,0.0,0,0,0.0,0.0,0.0,0.0,0.0,0.0,0.2,2.0,1.0,0.05,1,0.0,0.2,0.0
132,2026-04-27T08:35:42.434Z,S20260427_093533,SC01,AUTO,,9.1515,0.0607,start,0,1500,VIDE,0.0,0.0,0.0,0.0,0.0,0.0,0,0,0.0,0.0,0.0,0.0,0.0,0.0,0.2,2.0,1.0,0.05,1,0.0,0.2,0.0
133,2026-04-27T08:35:42.493Z,S20260427_093533,SC01,AUTO,,9.2113,0.0597,start,0,1500,VIDE,0.0,0.0,0.0,0.0,0.0,0.0,0,0,0.0,0.0,0.0,0.0,0.0,0.0,0.2,2.0,1.0,0.05,1,0.0,0.2,0.0
134,2026-04-27T08:35:42.557Z,S20260427_093533,SC01,AUTO,,9.2752,0.064,start,0,1500,VIDE,0.0,0.0,0.0,0.0,0.0,0.0,0,0,0.0,0.0,0.0,0.0,0.0,0.0,0.2,2.0,1.0,0.05,1,0.0,0.2,0.0
135,2026-04-27T08:35:42.621Z,S20260427_093533,SC01,AUTO,,9.3388,0.0636,start,0,1500,VIDE,0.0,0.0,0.0,0.0,0.0,0.0,0,0,0.0,0.0,0.0,0.0,0.0,0.0,0.2,2.0,1.0,0.05,1,0.0,0.2,0.0
136,2026-04-27T08:35:42.694Z,S20260427_093533,SC01,AUTO,,9.4122,0.0734,start,0,1500,VIDE,0.0,0.0,0.0,0.0,0.0,0.0,0,0,0.0,0.0,0.0,0.0,0.0,0.0,0.2,2.0,1.0,0.05,1,0.0,0.2,0.0
137,2026-04-27T08:35:42.743Z,S20260427_093533,SC01,AUTO,,9.4608,0.0486,start,0,1500,VIDE,0.0,0.0,0.0,0.0,0.0,0.0,0,0,0.0,0.0,0.0,0.0,0.0,0.0,0.2,2.0,1.0,0.05,1,0.0,0.2,0.0
138,2026-04-27T08:35:42.814Z,S20260427_093533,SC01,AUTO,,9.5322,0.0714,start,0,1500,VIDE,0.0,0.0,0.0,0.0,0.0,0.0,0,0,0.0,0.0,0.0,0.0,0.0,0.0,0.2,2.0,1.0,0.05,1,0.0,0.2,0.0
139,2026-04-27T08:35:42.874Z,S20260427_093533,SC01,AUTO,,9.5919,0.0597,start,0,1500,VIDE,0.0,0.0,0.0,0.0,0.0,0.0,0,0,0.0,0.0,0.0,0.0,0.0,0.0,0.2,2.0,1.0,0.05,1,0.0,0.2,0.0
140,2026-04-27T08:35:42.934Z,S20260427_093533,SC01,AUTO,,9.6521,0.0602,start,0,1500,VIDE,0.0,0.0,0.0,0.0,0.0,0.0,0,0,0.0,0.0,0.0,0.0,0.0,0.0,0.2,2.0,1.0,0.05,1,0.0,0.2,0.0
141,2026-04-27T08:35:42.994Z,S20260427_093533,SC01,AUTO,,9.7118,0.0597,start,0,1500,VIDE,0.0,0.0,0.0,0.0,0.0,0.0,0,0,0.0,0.0,0.0,0.0,0.0,0.0,0.2,2.0,1.0,0.05,1,0.0,0.2,0.0
142,2026-04-27T08:35:43.066Z,S20260427_093533,SC01,AUTO,,9.7842,0.0724,start,0,1500,VIDE,0.0,0.0,0.0,0.0,0.0,0.0,0,0,0.0,0.0,0.0,0.0,0.0,0.0,0.2,2.0,1.0,0.05,1,0.0,0.2,0.0
143,2026-04-27T08:35:43.128Z,S20260427_093533,SC01,AUTO,,9.846,0.0618,start,0,1500,VIDE,0.0,0.0,0.0,0.0,0.0,0.0,0,0,0.0,0.0,0.0,0.0,0.0,0.0,0.2,2.0,1.0,0.05,1,0.0,0.2,0.0
144,2026-04-27T08:35:43.191Z,S20260427_093533,SC01,AUTO,,9.9086,0.0625,start,0,1500,VIDE,0.0,0.0,0.0,0.0,0.0,0.0,0,0,0.0,0.0,0.0,0.0,0.0,0.0,0.2,2.0,1.0,0.05,1,0.0,0.2,0.0
145,2026-04-27T08:35:43.253Z,S20260427_093533,SC01,AUTO,,9.9708,0.0623,start,0,1500,VIDE,0.0,0.0,0.0,0.0,0.0,0.0,0,0,0.0,0.0,0.0,0.0,0.0,0.0,0.2,2.0,1.0,0.05,1,0.0,0.2,0.0
146,2026-04-27T08:35:43.314Z,S20260427_093533,SC01,AUTO,,10.0324,0.0615,start,0,1500,VIDE,0.0,0.0,0.0,0.0,0.0,0.0,0,0,0.0,0.0,0.0,0.0,0.0,0.0,0.2,2.0,1.0,0.05,1,0.0,0.2,0.0
147,2026-04-27T08:35:43.374Z,S20260427_093533,SC01,AUTO,,10.0919,0.0595,start,0,1500,VIDE,0.0,0.0,0.0,0.0,0.0,0.0,0,0,0.0,0.0,0.0,0.0,0.0,0.0,0.2,2.0,1.0,0.05,1,0.0,0.2,0.0
148,2026-04-27T08:35:43.438Z,S20260427_093533,SC01,AUTO,,10.1556,0.0638,start,0,1500,VIDE,0.0,0.0,0.0,0.0,0.0,0.0,0,0,0.0,0.0,0.0,0.0,0.0,0.0,0.2,2.0,1.0,0.05,1,0.0,0.2,0.0
149,2026-04-27T08:35:43.494Z,S20260427_093533,SC01,AUTO,,10.2118,0.0561,start,0,1500,VIDE,0.0,0.0,0.0,0.0,0.0,0.0,0,0,0.0,0.0,0.0,0.0,0.0,0.0,0.2,2.0,1.0,0.05,1,0.0,0.2,0.0
150,2026-04-27T08:35:43.564Z,S20260427_093533,SC01,AUTO,,10.2819,0.0702,start,0,1500,VIDE,0.0,0.0,0.0,0.0,0.0,0.0,0,0,0.0,0.0,0.0,0.0,0.0,0.0,0.2,2.0,1.0,0.05,1,0.0,0.2,0.0
151,2026-04-27T08:35:43.626Z,S20260427_093533,SC01,AUTO,,10.3444,0.0624,start,0,1500,VIDE,0.0,0.0,0.0,0.0,0.0,0.0,0,0,0.0,0.0,0.0,0.0,0.0,0.0,0.2,2.0,1.0,0.05,1,0.0,0.2,0.0
152,2026-04-27T08:35:43.689Z,S20260427_093533,SC01,AUTO,,10.407,0.0625,start,0,1500,VIDE,0.0,0.0,0.0,0.0,0.0,0.0,0,0,0.0,0.0,0.0,0.0,0.0,0.0,0.2,2.0,1.0,0.05,1,0.0,0.2,0.0
153,2026-04-27T08:35:43.751Z,S20260427_093533,SC01,AUTO,,10.4694,0.0625,start,0,1500,VIDE,0.0,0.0,0.0,0.0,0.0,0.0,0,0,0.0,0.0,0.0,0.0,0.0,0.0,0.2,2.0,1.0,0.05,1,0.0,0.2,0.0
154,2026-04-27T08:35:43.813Z,S20260427_093533,SC01,AUTO,,10.531,0.0616,start,0,1500,VIDE,0.0,0.0,0.0,0.0,0.0,0.0,0,0,0.0,0.0,0.0,0.0,0.0,0.0,0.2,2.0,1.0,0.05,1,0.0,0.2,0.0
155,2026-04-27T08:35:43.874Z,S20260427_093533,SC01,AUTO,,10.5916,0.0606,start,0,1500,VIDE,0.0,0.0,0.0,0.0,0.0,0.0,0,0,0.0,0.0,0.0,0.0,0.0,0.0,0.2,2.0,1.0,0.05,1,0.0,0.2,0.0
156,2026-04-27T08:35:43.934Z,S20260427_093533,SC01,AUTO,,10.6516,0.06,start,0,1500,VIDE,0.0,0.0,0.0,0.0,0.0,0.0,0,0,0.0,0.0,0.0,0.0,0.0,0.0,0.2,2.0,1.0,0.05,1,0.0,0.2,0.0
157,2026-04-27T08:35:43.994Z,S20260427_093533,SC01,AUTO,,10.7119,0.0604,start,0,1500,VIDE,0.0,0.0,0.0,0.0,0.0,0.0,0,0,0.0,0.0,0.0,0.0,0.0,0.0,0.2,2.0,1.0,0.05,1,0.0,0.2,0.0
158,2026-04-27T08:35:44.063Z,S20260427_093533,SC01,AUTO,,10.7811,0.0691,start,0,1500,VIDE,0.0,0.0,0.0,0.0,0.0,0.0,0,0,0.0,0.0,0.0,0.0,0.0,0.0,0.2,2.0,1.0,0.05,1,0.0,0.2,0.0
159,2026-04-27T08:35:44.125Z,S20260427_093533,SC01,AUTO,,10.8429,0.0618,start,0,1500,VIDE,0.0,0.0,0.0,0.0,0.0,0.0,0,0,0.0,0.0,0.0,0.0,0.0,0.0,0.2,2.0,1.0,0.05,1,0.0,0.2,0.0
160,2026-04-27T08:35:44.188Z,S20260427_093533,SC01,AUTO,,10.9059,0.063,start,0,1500,VIDE,0.0,0.0,0.0,0.0,0.0,0.0,0,0,0.0,0.0,0.0,0.0,0.0,0.0,0.2,2.0,1.0,0.05,1,0.0,0.2,0.0
161,2026-04-27T08:35:44.250Z,S20260427_093533,SC01,AUTO,,10.9681,0.0622,start,0,1500,VIDE,0.0,0.0,0.0,0.0,0.0,0.0,0,0,0.0,0.0,0.0,0.0,0.0,0.0,0.2,2.0,1.0,0.05,1,0.0,0.2,0.0
162,2026-04-27T08:35:44.313Z,S20260427_093533,SC01,AUTO,,11.0307,0.0626,start,0,1500,VIDE,0.0,0.0,0.0,0.0,0.0,0.0,0,0,0.0,0.0,0.0,0.0,0.0,0.0,0.2,2.0,1.0,0.05,1,0.0,0.2,0.0
163,2026-04-27T08:35:44.374Z,S20260427_093533,SC01,AUTO,,11.0918,0.0611,start,0,1500,VIDE,0.0,0.0,0.0,0.0,0.0,0.0,0,0,0.0,0.0,0.0,0.0,0.0,0.0,0.2,2.0,1.0,0.05,1,0.0,0.2,0.0
164,2026-04-27T08:35:44.434Z,S20260427_093533,SC01,AUTO,,11.1521,0.0603,start,0,1500,VIDE,0.0,0.0,0.0,0.0,0.0,0.0,0,0,0.0,0.0,0.0,0.0,0.0,0.0,0.2,2.0,1.0,0.05,1,0.0,0.2,0.0
165,2026-04-27T08:35:44.495Z,S20260427_093533,SC01,AUTO,,11.2128,0.0607,start,0,1500,VIDE,0.0,0.0,0.0,0.0,0.0,0.0,0,0,0.0,0.0,0.0,0.0,0.0,0.0,0.2,2.0,1.0,0.05,1,0.0,0.2,0.0
166,2026-04-27T08:35:44.560Z,S20260427_093533,SC01,AUTO,,11.2784,0.0656,start,0,1500,VIDE,0.0,0.0,0.0,0.0,0.0,0.0,0,0,0.0,0.0,0.0,0.0,0.0,0.0,0.2,2.0,1.0,0.05,1,0.0,0.2,0.0
167,2026-04-27T08:35:44.623Z,S20260427_093533,SC01,AUTO,,11.3413,0.0629,start,0,1500,VIDE,0.0,0.0,0.0,0.0,0.0,0.0,0,0,0.0,0.0,0.0,0.0,0.0,0.0,0.2,2.0,1.0,0.05,1,0.0,0.2,0.0
168,2026-04-27T08:35:44.685Z,S20260427_093533,SC01,AUTO,,11.4026,0.0613,start,0,1500,VIDE,0.0,0.0,0.0,0.0,0.0,0.0,0,0,0.0,0.0,0.0,0.0,0.0,0.0,0.2,2.0,1.0,0.05,1,0.0,0.2,0.0
169,2026-04-27T08:35:44.748Z,S20260427_093533,SC01,AUTO,,11.4658,0.0632,start,0,1500,VIDE,0.0,0.0,0.0,0.0,0.0,0.0,0,0,0.0,0.0,0.0,0.0,0.0,0.0,0.2,2.0,1.0,0.05,1,0.0,0.2,0.0
170,2026-04-27T08:35:44.810Z,S20260427_093533,SC01,AUTO,,11.5284,0.0625,start,0,1500,VIDE,0.0,0.0,0.0,0.0,0.0,0.0,0,0,0.0,0.0,0.0,0.0,0.0,0.0,0.2,2.0,1.0,0.05,1,0.0,0.2,0.0
171,2026-04-27T08:35:44.873Z,S20260427_093533,SC01,AUTO,,11.5908,0.0625,start,0,1500,VIDE,0.0,0.0,0.0,0.0,0.0,0.0,0,0,0.0,0.0,0.0,0.0,0.0,0.0,0.2,2.0,1.0,0.05,1,0.0,0.2,0.0
172,2026-04-27T08:35:44.934Z,S20260427_093533,SC01,AUTO,,11.6521,0.0613,start,0,1500,VIDE,0.0,0.0,0.0,0.0,0.0,0.0,0,0,0.0,0.0,0.0,0.0,0.0,0.0,0.2,2.0,1.0,0.05,1,0.0,0.2,0.0
173,2026-04-27T08:35:44.994Z,S20260427_093533,SC01,AUTO,,11.7117,0.0595,start,0,1500,VIDE,0.0,0.0,0.0,0.0,0.0,0.0,0,0,0.0,0.0,0.0,0.0,0.0,0.0,0.2,2.0,1.0,0.05,1,0.0,0.2,0.0
174,2026-04-27T08:35:45.059Z,S20260427_093533,SC01,AUTO,,11.7771,0.0654,start,0,1500,VIDE,0.0,0.0,0.0,0.0,0.0,0.0,0,0,0.0,0.0,0.0,0.0,0.0,0.0,0.2,2.0,1.0,0.05,1,0.0,0.2,0.0
175,2026-04-27T08:35:45.122Z,S20260427_093533,SC01,AUTO,,11.8402,0.0631,start,0,1500,VIDE,0.0,0.0,0.0,0.0,0.0,0.0,0,0,0.0,0.0,0.0,0.0,0.0,0.0,0.2,2.0,1.0,0.05,1,0.0,0.2,0.0
176,2026-04-27T08:35:45.185Z,S20260427_093533,SC01,AUTO,,11.9031,0.0629,start,0,1500,VIDE,0.0,0.0,0.0,0.0,0.0,0.0,0,0,0.0,0.0,0.0,0.0,0.0,0.0,0.2,2.0,1.0,0.05,1,0.0,0.2,0.0
177,2026-04-27T08:35:45.247Z,S20260427_093533,SC01,AUTO,,11.9645,0.0614,start,0,1500,VIDE,0.0,0.0,0.0,0.0,0.0,0.0,0,0,0.0,0.0,0.0,0.0,0.0,0.0,0.2,2.0,1.0,0.05,1,0.0,0.2,0.0
178,2026-04-27T08:35:45.309Z,S20260427_093533,SC01,AUTO,,12.0269,0.0624,start,0,1500,VIDE,0.0,0.0,0.0,0.0,0.0,0.0,0,0,0.0,0.0,0.0,0.0,0.0,0.0,0.2,2.0,1.0,0.05,1,0.0,0.2,0.0
179,2026-04-27T08:35:45.371Z,S20260427_093533,SC01,AUTO,,12.0894,0.0625,start,0,1500,VIDE,0.0,0.0,0.0,0.0,0.0,0.0,0,0,0.0,0.0,0.0,0.0,0.0,0.0,0.2,2.0,1.0,0.05,1,0.0,0.2,0.0
180,2026-04-27T08:35:45.433Z,S20260427_093533,SC01,AUTO,,12.1512,0.0618,start,0,1500,VIDE,0.0,0.0,0.0,0.0,0.0,0.0,0,0,0.0,0.0,0.0,0.0,0.0,0.0,0.2,2.0,1.0,0.05,1,0.0,0.2,0.0
181,2026-04-27T08:35:45.494Z,S20260427_093533,SC01,AUTO,,12.2118,0.0606,start,0,1500,VIDE,0.0,0.0,0.0,0.0,0.0,0.0,0,0,0.0,0.0,0.0,0.0,0.0,0.0,0.2,2.0,1.0,0.05,1,0.0,0.2,0.0
182,2026-04-27T08:35:45.559Z,S20260427_093533,SC01,AUTO,,12.2767,0.0649,start,0,1500,VIDE,0.0,0.0,0.0,0.0,0.0,0.0,0,0,0.0,0.0,0.0,0.0,0.0,0.0,0.2,2.0,1.0,0.05,1,0.0,0.2,0.0
183,2026-04-27T08:35:45.620Z,S20260427_093533,SC01,AUTO,,12.3382,0.0614,start,0,1500,VIDE,0.0,0.0,0.0,0.0,0.0,0.0,0,0,0.0,0.0,0.0,0.0,0.0,0.0,0.2,2.0,1.0,0.05,1,0.0,0.2,0.0
184,2026-04-27T08:35:45.683Z,S20260427_093533,SC01,AUTO,,12.4006,0.0624,start,0,1500,VIDE,0.0,0.0,0.0,0.0,0.0,0.0,0,0,0.0,0.0,0.0,0.0,0.0,0.0,0.2,2.0,1.0,0.05,1,0.0,0.2,0.0
185,2026-04-27T08:35:45.744Z,S20260427_093533,SC01,AUTO,,12.4622,0.0617,start,0,1500,VIDE,0.0,0.0,0.0,0.0,0.0,0.0,0,0,0.0,0.0,0.0,0.0,0.0,0.0,0.2,2.0,1.0,0.05,1,0.0,0.2,0.0
186,2026-04-27T08:35:45.807Z,S20260427_093533,SC01,AUTO,,12.525,0.0628,start,0,1500,VIDE,0.0,0.0,0.0,0.0,0.0,0.0,0,0,0.0,0.0,0.0,0.0,0.0,0.0,0.2,2.0,1.0,0.05,1,0.0,0.2,0.0
187,2026-04-27T08:35:45.870Z,S20260427_093533,SC01,AUTO,,12.588,0.0629,start,0,1500,VIDE,0.0,0.0,0.0,0.0,0.0,0.0,0,0,0.0,0.0,0.0,0.0,0.0,0.0,0.2,2.0,1.0,0.05,1,0.0,0.2,0.0
188,2026-04-27T08:35:45.933Z,S20260427_093533,SC01,AUTO,,12.6511,0.0631,start,0,1500,VIDE,0.0,0.0,0.0,0.0,0.0,0.0,0,0,0.0,0.0,0.0,0.0,0.0,0.0,0.2,2.0,1.0,0.05,1,0.0,0.2,0.0
189,2026-04-27T08:35:45.994Z,S20260427_093533,SC01,AUTO,,12.7121,0.061,start,0,1500,VIDE,0.0,0.0,0.0,0.0,0.0,0.0,0,0,0.0,0.0,0.0,0.0,0.0,0.0,0.2,2.0,1.0,0.05,1,0.0,0.2,0.0
190,2026-04-27T08:35:46.056Z,S20260427_093533,SC01,AUTO,,12.7745,0.0624,start,0,1500,VIDE,0.0,0.0,0.0,0.0,0.0,0.0,0,0,0.0,0.0,0.0,0.0,0.0,0.0,0.2,2.0,1.0,0.05,1,0.0,0.2,0.0
191,2026-04-27T08:35:46.118Z,S20260427_093533,SC01,AUTO,,12.8363,0.0619,start,0,1500,VIDE,0.0,0.0,0.0,0.0,0.0,0.0,0,0,0.0,0.0,0.0,0.0,0.0,0.0,0.2,2.0,1.0,0.05,1,0.0,0.2,0.0
192,2026-04-27T08:35:46.194Z,S20260427_093533,SC01,AUTO,,12.9117,0.0754,start,0,1500,VIDE,0.0,0.0,0.0,0.0,0.0,0.0,0,0,0.0,0.0,0.0,0.0,0.0,0.0,0.2,2.0,1.0,0.05,1,0.0,0.2,0.0
193,2026-04-27T08:35:46.254Z,S20260427_093533,SC01,AUTO,,12.9722,0.0605,start,0,1500,VIDE,0.0,0.0,0.0,0.0,0.0,0.0,0,0,0.0,0.0,0.0,0.0,0.0,0.0,0.2,2.0,1.0,0.05,1,0.0,0.2,0.0
194,2026-04-27T08:35:46.315Z,S20260427_093533,SC01,AUTO,,13.0327,0.0606,start,0,1500,VIDE,0.0,0.0,0.0,0.0,0.0,0.0,0,0,0.0,0.0,0.0,0.0,0.0,0.0,0.2,2.0,1.0,0.05,1,0.0,0.2,0.0
195,2026-04-27T08:35:46.374Z,S20260427_093533,SC01,AUTO,,13.0914,0.0587,start,0,1500,VIDE,0.0,0.0,0.0,0.0,0.0,0.0,0,0,0.0,0.0,0.0,0.0,0.0,0.0,0.2,2.0,1.0,0.05,1,0.0,0.2,0.0
196,2026-04-27T08:35:46.433Z,S20260427_093533,SC01,AUTO,,13.1513,0.0599,start,0,1500,VIDE,0.0,0.0,0.0,0.0,0.0,0.0,0,0,0.0,0.0,0.0,0.0,0.0,0.0,0.2,2.0,1.0,0.05,1,0.0,0.2,0.0
197,2026-04-27T08:35:46.494Z,S20260427_093533,SC01,AUTO,,13.2118,0.0606,start,0,1500,VIDE,0.0,0.0,0.0,0.0,0.0,0.0,0,0,0.0,0.0,0.0,0.0,0.0,0.0,0.2,2.0,1.0,0.05,1,0.0,0.2,0.0
198,2026-04-27T08:35:46.567Z,S20260427_093533,SC01,AUTO,,13.2854,0.0736,start,0,1500,VIDE,0.0,0.0,0.0,0.0,0.0,0.0,0,0,0.0,0.0,0.0,0.0,0.0,0.0,0.2,2.0,1.0,0.05,1,0.0,0.2,0.0
199,2026-04-27T08:35:46.628Z,S20260427_093533,SC01,AUTO,,13.346,0.0606,start,0,1500,VIDE,0.0,0.0,0.0,0.0,0.0,0.0,0,0,0.0,0.0,0.0,0.0,0.0,0.0,0.2,2.0,1.0,0.05,1,0.0,0.2,0.0
200,2026-04-27T08:35:46.690Z,S20260427_093533,SC01,AUTO,,13.4081,0.0621,start,0,1500,VIDE,0.0,0.0,0.0,0.0,0.0,0.0,0,0,0.0,0.0,0.0,0.0,0.0,0.0,0.2,2.0,1.0,0.05,1,0.0,0.2,0.0
201,2026-04-27T08:35:46.753Z,S20260427_093533,SC01,AUTO,,13.4709,0.0627,start,0,1500,VIDE,0.0,0.0,0.0,0.0,0.0,0.0,0,0,0.0,0.0,0.0,0.0,0.0,0.0,0.2,2.0,1.0,0.05,1,0.0,0.2,0.0
202,2026-04-27T08:35:46.814Z,S20260427_093533,SC01,AUTO,,13.5318,0.0609,start,0,1500,VIDE,0.0,0.0,0.0,0.0,0.0,0.0,0,0,0.0,0.0,0.0,0.0,0.0,0.0,0.2,2.0,1.0,0.05,1,0.0,0.2,0.0
203,2026-04-27T08:35:46.874Z,S20260427_093533,SC01,AUTO,,13.5915,0.0598,start,0,1500,VIDE,0.0,0.0,0.0,0.0,0.0,0.0,0,0,0.0,0.0,0.0,0.0,0.0,0.0,0.2,2.0,1.0,0.05,1,0.0,0.2,0.0
204,2026-04-27T08:35:46.935Z,S20260427_093533,SC01,AUTO,,13.6526,0.0611,start,0,1500,VIDE,0.0,0.0,0.0,0.0,0.0,0.0,0,0,0.0,0.0,0.0,0.0,0.0,0.0,0.2,2.0,1.0,0.05,1,0.0,0.2,0.0
205,2026-04-27T08:35:46.994Z,S20260427_093533,SC01,AUTO,,13.7118,0.0592,start,0,1500,VIDE,0.0,0.0,0.0,0.0,0.0,0.0,0,0,0.0,0.0,0.0,0.0,0.0,0.0,0.2,2.0,1.0,0.05,1,0.0,0.2,0.0
206,2026-04-27T08:35:47.066Z,S20260427_093533,SC01,AUTO,,13.7838,0.0719,start,0,1500,VIDE,0.0,0.0,0.0,0.0,0.0,0.0,0,0,0.0,0.0,0.0,0.0,0.0,0.0,0.2,2.0,1.0,0.05,1,0.0,0.2,0.0
207,2026-04-27T08:35:47.126Z,S20260427_093533,SC01,AUTO,,13.8443,0.0605,start,0,1500,VIDE,0.0,0.0,0.0,0.0,0.0,0.0,0,0,0.0,0.0,0.0,0.0,0.0,0.0,0.2,2.0,1.0,0.05,1,0.0,0.2,0.0
208,2026-04-27T08:35:47.189Z,S20260427_093533,SC01,AUTO,,13.9072,0.0629,start,0,1500,VIDE,0.0,0.0,0.0,0.0,0.0,0.0,0,0,0.0,0.0,0.0,0.0,0.0,0.0,0.2,2.0,1.0,0.05,1,0.0,0.2,0.0
209,2026-04-27T08:35:47.251Z,S20260427_093533,SC01,AUTO,,13.9688,0.0616,start,0,1500,VIDE,0.0,0.0,0.0,0.0,0.0,0.0,0,0,0.0,0.0,0.0,0.0,0.0,0.0,0.2,2.0,1.0,0.05,1,0.0,0.2,0.0
210,2026-04-27T08:35:47.314Z,S20260427_093533,SC01,AUTO,,14.0317,0.063,start,0,1500,VIDE,0.0,0.0,0.0,0.0,0.0,0.0,0,0,0.0,0.0,0.0,0.0,0.0,0.0,0.2,2.0,1.0,0.05,1,0.0,0.2,0.0
211,2026-04-27T08:35:47.375Z,S20260427_093533,SC01,AUTO,,14.0925,0.0608,start,0,1500,VIDE,0.0,0.0,0.0,0.0,0.0,0.0,0,0,0.0,0.0,0.0,0.0,0.0,0.0,0.2,2.0,1.0,0.05,1,0.0,0.2,0.0
212,2026-04-27T08:35:47.434Z,S20260427_093533,SC01,AUTO,,14.152,0.0595,start,0,1500,VIDE,0.0,0.0,0.0,0.0,0.0,0.0,0,0,0.0,0.0,0.0,0.0,0.0,0.0,0.2,2.0,1.0,0.05,1,0.0,0.2,0.0
213,2026-04-27T08:35:47.494Z,S20260427_093533,SC01,AUTO,,14.2119,0.0599,start,0,1500,VIDE,0.0,0.0,0.0,0.0,0.0,0.0,0,0,0.0,0.0,0.0,0.0,0.0,0.0,0.2,2.0,1.0,0.05,1,0.0,0.2,0.0
214,2026-04-27T08:35:47.564Z,S20260427_093533,SC01,AUTO,,14.2815,0.0696,start,0,1500,VIDE,0.0,0.0,0.0,0.0,0.0,0.0,0,0,0.0,0.0,0.0,0.0,0.0,0.0,0.2,2.0,1.0,0.05,1,0.0,0.2,0.0
215,2026-04-27T08:35:47.627Z,S20260427_093533,SC01,AUTO,,14.3449,0.0634,start,0,1500,VIDE,0.0,0.0,0.0,0.0,0.0,0.0,0,0,0.0,0.0,0.0,0.0,0.0,0.0,0.2,2.0,1.0,0.05,1,0.0,0.2,0.0
216,2026-04-27T08:35:47.688Z,S20260427_093533,SC01,AUTO,,14.4062,0.0613,start,0,1500,VIDE,0.0,0.0,0.0,0.0,0.0,0.0,0,0,0.0,0.0,0.0,0.0,0.0,0.0,0.2,2.0,1.0,0.05,1,0.0,0.2,0.0
217,2026-04-27T08:35:47.751Z,S20260427_093533,SC01,AUTO,,14.4685,0.0622,start,0,1500,VIDE,0.0,0.0,0.0,0.0,0.0,0.0,0,0,0.0,0.0,0.0,0.0,0.0,0.0,0.2,2.0,1.0,0.05,1,0.0,0.2,0.0
218,2026-04-27T08:35:47.812Z,S20260427_093533,SC01,AUTO,,14.5298,0.0614,start,0,1500,VIDE,0.0,0.0,0.0,0.0,0.0,0.0,0,0,0.0,0.0,0.0,0.0,0.0,0.0,0.2,2.0,1.0,0.05,1,0.0,0.2,0.0
219,2026-04-27T08:35:47.875Z,S20260427_093533,SC01,AUTO,,14.5926,0.0628,start,0,1500,VIDE,0.0,0.0,0.0,0.0,0.0,0.0,0,0,0.0,0.0,0.0,0.0,0.0,0.0,0.2,2.0,1.0,0.05,1,0.0,0.2,0.0
220,2026-04-27T08:35:47.935Z,S20260427_093533,SC01,AUTO,,14.6527,0.0602,start,0,1500,VIDE,0.0,0.0,0.0,0.0,0.0,0.0,0,0,0.0,0.0,0.0,0.0,0.0,0.0,0.2,2.0,1.0,0.05,1,0.0,0.2,0.0
221,2026-04-27T08:35:47.995Z,S20260427_093533,SC01,AUTO,,14.7127,0.06,start,0,1500,VIDE,0.0,0.0,0.0,0.0,0.0,0.0,0,0,0.0,0.0,0.0,0.0,0.0,0.0,0.2,2.0,1.0,0.05,1,0.0,0.2,0.0
222,2026-04-27T08:35:48.062Z,S20260427_093533,SC01,AUTO,,14.7799,0.0672,start,0,1500,VIDE,0.0,0.0,0.0,0.0,0.0,0.0,0,0,0.0,0.0,0.0,0.0,0.0,0.0,0.2,2.0,1.0,0.05,1,0.0,0.2,0.0
223,2026-04-27T08:35:48.124Z,S20260427_093533,SC01,AUTO,,14.8421,0.0622,start,0,1500,VIDE,0.0,0.0,0.0,0.0,0.0,0.0,0,0,0.0,0.0,0.0,0.0,0.0,0.0,0.2,2.0,1.0,0.05,1,0.0,0.2,0.0
224,2026-04-27T08:35:48.186Z,S20260427_093533,SC01,AUTO,,14.9038,0.0617,start,0,1500,VIDE,0.0,0.0,0.0,0.0,0.0,0.0,0,0,0.0,0.0,0.0,0.0,0.0,0.0,0.2,2.0,1.0,0.05,1,0.0,0.2,0.0
225,2026-04-27T08:35:48.248Z,S20260427_093533,SC01,AUTO,,14.9658,0.062,start,0,1500,VIDE,0.0,0.0,0.0,0.0,0.0,0.0,0,0,0.0,0.0,0.0,0.0,0.0,0.0,0.2,2.0,1.0,0.05,1,0.0,0.2,0.0
226,2026-04-27T08:35:48.311Z,S20260427_093533,SC01,AUTO,,15.0285,0.0627,start,0,1500,VIDE,0.0,0.0,0.0,0.0,0.0,0.0,0,0,0.0,0.0,0.0,0.0,0.0,0.0,0.2,2.0,1.0,0.05,1,0.0,0.2,0.0
227,2026-04-27T08:35:48.371Z,S20260427_093533,SC01,AUTO,,15.0894,0.0608,start,0,1500,VIDE,0.0,0.0,0.0,0.0,0.0,0.0,0,0,0.0,0.0,0.0,0.0,0.0,0.0,0.2,2.0,1.0,0.05,1,0.0,0.2,0.0
228,2026-04-27T08:35:48.434Z,S20260427_093533,SC01,AUTO,,15.1516,0.0622,start,0,1500,VIDE,0.0,0.0,0.0,0.0,0.0,0.0,0,0,0.0,0.0,0.0,0.0,0.0,0.0,0.2,2.0,1.0,0.05,1,0.0,0.2,0.0
229,2026-04-27T08:35:48.495Z,S20260427_093533,SC01,AUTO,,15.2127,0.0612,start,0,1500,VIDE,0.0,0.0,0.0,0.0,0.0,0.0,0,0,0.0,0.0,0.0,0.0,0.0,0.0,0.2,2.0,1.0,0.05,1,0.0,0.2,0.0
230,2026-04-27T08:35:48.559Z,S20260427_093533,SC01,AUTO,,15.2769,0.0642,start,0,1500,VIDE,0.0,0.0,0.0,0.0,0.0,0.0,0,0,0.0,0.0,0.0,0.0,0.0,0.0,0.2,2.0,1.0,0.05,1,0.0,0.2,0.0
231,2026-04-27T08:35:48.621Z,S20260427_093533,SC01,AUTO,,15.3392,0.0622,start,0,1500,VIDE,0.0,0.0,0.0,0.0,0.0,0.0,0,0,0.0,0.0,0.0,0.0,0.0,0.0,0.2,2.0,1.0,0.05,1,0.0,0.2,0.0
232,2026-04-27T08:35:48.683Z,S20260427_093533,SC01,AUTO,,15.4012,0.062,start,0,1500,VIDE,0.0,0.0,0.0,0.0,0.0,0.0,0,0,0.0,0.0,0.0,0.0,0.0,0.0,0.2,2.0,1.0,0.05,1,0.0,0.2,0.0
233,2026-04-27T08:35:48.745Z,S20260427_093533,SC01,AUTO,,15.4631,0.0619,start,0,1500,VIDE,0.0,0.0,0.0,0.0,0.0,0.0,0,0,0.0,0.0,0.0,0.0,0.0,0.0,0.2,2.0,1.0,0.05,1,0.0,0.2,0.0
234,2026-04-27T08:35:48.808Z,S20260427_093533,SC01,AUTO,,15.5263,0.0631,start,0,1500,VIDE,0.0,0.0,0.0,0.0,0.0,0.0,0,0,0.0,0.0,0.0,0.0,0.0,0.0,0.2,2.0,1.0,0.05,1,0.0,0.2,0.0
235,2026-04-27T08:35:48.872Z,S20260427_093533,SC01,AUTO,,15.5898,0.0635,start,0,1500,VIDE,0.0,0.0,0.0,0.0,0.0,0.0,0,0,0.0,0.0,0.0,0.0,0.0,0.0,0.2,2.0,1.0,0.05,1,0.0,0.2,0.0
236,2026-04-27T08:35:48.933Z,S20260427_093533,SC01,AUTO,,15.6512,0.0614,start,0,1500,VIDE,0.0,0.0,0.0,0.0,0.0,0.0,0,0,0.0,0.0,0.0,0.0,0.0,0.0,0.2,2.0,1.0,0.05,1,0.0,0.2,0.0
237,2026-04-27T08:35:48.994Z,S20260427_093533,SC01,AUTO,,15.7122,0.0611,start,0,1500,VIDE,0.0,0.0,0.0,0.0,0.0,0.0,0,0,0.0,0.0,0.0,0.0,0.0,0.0,0.2,2.0,1.0,0.05,1,0.0,0.2,0.0
238,2026-04-27T08:35:49.059Z,S20260427_093533,SC01,AUTO,,15.7765,0.0643,start,0,1500,VIDE,0.0,0.0,0.0,0.0,0.0,0.0,0,0,0.0,0.0,0.0,0.0,0.0,0.0,0.2,2.0,1.0,0.05,1,0.0,0.2,0.0
239,2026-04-27T08:35:49.121Z,S20260427_093533,SC01,AUTO,,15.8386,0.062,start,0,1500,VIDE,0.0,0.0,0.0,0.0,0.0,0.0,0,0,0.0,0.0,0.0,0.0,0.0,0.0,0.2,2.0,1.0,0.05,1,0.0,0.2,0.0
240,2026-04-27T08:35:49.183Z,S20260427_093533,SC01,AUTO,,15.9011,0.0625,start,0,1500,VIDE,0.0,0.0,0.0,0.0,0.0,0.0,0,0,0.0,0.0,0.0,0.0,0.0,0.0,0.2,2.0,1.0,0.05,1,0.0,0.2,0.0
241,2026-04-27T08:35:49.247Z,S20260427_093533,SC01,AUTO,,15.965,0.0639,start,0,1500,VIDE,0.0,0.0,0.0,0.0,0.0,0.0,0,0,0.0,0.0,0.0,0.0,0.0,0.0,0.2,2.0,1.0,0.05,1,0.0,0.2,0.0
242,2026-04-27T08:35:49.309Z,S20260427_093533,SC01,AUTO,,16.0274,0.0624,start,0,1500,VIDE,0.0,0.0,0.0,0.0,0.0,0.0,0,0,0.0,0.0,0.0,0.0,0.0,0.0,0.2,2.0,1.0,0.05,1,0.0,0.2,0.0
243,2026-04-27T08:35:49.372Z,S20260427_093533,SC01,AUTO,,16.0903,0.0629,start,0,1500,VIDE,0.0,0.0,0.0,0.0,0.0,0.0,0,0,0.0,0.0,0.0,0.0,0.0,0.0,0.2,2.0,1.0,0.05,1,0.0,0.2,0.0
244,2026-04-27T08:35:49.433Z,S20260427_093533,SC01,AUTO,,16.1512,0.0609,start,0,1500,VIDE,0.0,0.0,0.0,0.0,0.0,0.0,0,0,0.0,0.0,0.0,0.0,0.0,0.0,0.2,2.0,1.0,0.05,1,0.0,0.2,0.0
245,2026-04-27T08:35:49.494Z,S20260427_093533,SC01,AUTO,,16.212,0.0609,start,0,1500,VIDE,0.0,0.0,0.0,0.0,0.0,0.0,0,0,0.0,0.0,0.0,0.0,0.0,0.0,0.2,2.0,1.0,0.05,1,0.0,0.2,0.0
246,2026-04-27T08:35:49.557Z,S20260427_093533,SC01,AUTO,,16.2754,0.0634,start,0,1500,VIDE,0.0,0.0,0.0,0.0,0.0,0.0,0,0,0.0,0.0,0.0,0.0,0.0,0.0,0.2,2.0,1.0,0.05,1,0.0,0.2,0.0
247,2026-04-27T08:35:49.619Z,S20260427_093533,SC01,AUTO,,16.3373,0.0619,start,0,1500,VIDE,0.0,0.0,0.0,0.0,0.0,0.0,0,0,0.0,0.0,0.0,0.0,0.0,0.0,0.2,2.0,1.0,0.05,1,0.0,0.2,0.0
248,2026-04-27T08:35:49.681Z,S20260427_093533,SC01,AUTO,,16.399,0.0617,start,0,1500,VIDE,0.0,0.0,0.0,0.0,0.0,0.0,0,0,0.0,0.0,0.0,0.0,0.0,0.0,0.2,2.0,1.0,0.05,1,0.0,0.2,0.0
249,2026-04-27T08:35:49.745Z,S20260427_093533,SC01,AUTO,,16.4631,0.0641,start,0,1500,VIDE,0.0,0.0,0.0,0.0,0.0,0.0,0,0,0.0,0.0,0.0,0.0,0.0,0.0,0.2,2.0,1.0,0.05,1,0.0,0.2,0.0
250,2026-04-27T08:35:49.805Z,S20260427_093533,SC01,AUTO,,16.5233,0.0602,start,0,1500,VIDE,0.0,0.0,0.0,0.0,0.0,0.0,0,0,0.0,0.0,0.0,0.0,0.0,0.0,0.2,2.0,1.0,0.05,1,0.0,0.2,0.0
251,2026-04-27T08:35:49.875Z,S20260427_093533,SC01,AUTO,,16.5933,0.07,start,0,1500,VIDE,0.0,0.0,0.0,0.0,0.0,0.0,0,0,0.0,0.0,0.0,0.0,0.0,0.0,0.2,2.0,1.0,0.05,1,0.0,0.2,0.0
252,2026-04-27T08:35:49.934Z,S20260427_093533,SC01,AUTO,,16.6521,0.0588,start,0,1500,VIDE,0.0,0.0,0.0,0.0,0.0,0.0,0,0,0.0,0.0,0.0,0.0,0.0,0.0,0.2,2.0,1.0,0.05,1,0.0,0.2,0.0
253,2026-04-27T08:35:49.993Z,S20260427_093533,SC01,AUTO,,16.7112,0.0591,start,0,1500,VIDE,0.0,0.0,0.0,0.0,0.0,0.0,0,0,0.0,0.0,0.0,0.0,0.0,0.0,0.2,2.0,1.0,0.05,1,0.0,0.2,0.0
254,2026-04-27T08:35:50.070Z,S20260427_093533,SC01,AUTO,,16.7874,0.0762,start,0,1500,VIDE,0.0,0.0,0.0,0.0,0.0,0.0,0,0,0.0,0.0,0.0,0.0,0.0,0.0,0.2,2.0,1.0,0.05,1,0.0,0.2,0.0
255,2026-04-27T08:35:50.131Z,S20260427_093533,SC01,AUTO,,16.8487,0.0612,start,0,1500,VIDE,0.0,0.0,0.0,0.0,0.0,0.0,0,0,0.0,0.0,0.0,0.0,0.0,0.0,0.2,2.0,1.0,0.05,1,0.0,0.2,0.0
256,2026-04-27T08:35:50.191Z,S20260427_093533,SC01,AUTO,,16.9091,0.0604,start,0,1500,VIDE,0.0,0.0,0.0,0.0,0.0,0.0,0,0,0.0,0.0,0.0,0.0,0.0,0.0,0.2,2.0,1.0,0.05,1,0.0,0.2,0.0
257,2026-04-27T08:35:50.253Z,S20260427_093533,SC01,AUTO,,16.9713,0.0622,start,0,1500,VIDE,0.0,0.0,0.0,0.0,0.0,0.0,0,0,0.0,0.0,0.0,0.0,0.0,0.0,0.2,2.0,1.0,0.05,1,0.0,0.2,0.0
258,2026-04-27T08:35:50.314Z,S20260427_093533,SC01,AUTO,,17.0324,0.0611,start,0,1500,VIDE,0.0,0.0,0.0,0.0,0.0,0.0,0,0,0.0,0.0,0.0,0.0,0.0,0.0,0.2,2.0,1.0,0.05,1,0.0,0.2,0.0
259,2026-04-27T08:35:50.375Z,S20260427_093533,SC01,AUTO,,17.0925,0.0601,start,0,1500,VIDE,0.0,0.0,0.0,0.0,0.0,0.0,0,0,0.0,0.0,0.0,0.0,0.0,0.0,0.2,2.0,1.0,0.05,1,0.0,0.2,0.0
260,2026-04-27T08:35:50.434Z,S20260427_093533,SC01,AUTO,,17.1522,0.0597,start,0,1500,VIDE,0.0,0.0,0.0,0.0,0.0,0.0,0,0,0.0,0.0,0.0,0.0,0.0,0.0,0.2,2.0,1.0,0.05,1,0.0,0.2,0.0
261,2026-04-27T08:35:50.494Z,S20260427_093533,SC01,AUTO,,17.2117,0.0595,start,0,1500,VIDE,0.0,0.0,0.0,0.0,0.0,0.0,0,0,0.0,0.0,0.0,0.0,0.0,0.0,0.2,2.0,1.0,0.05,1,0.0,0.2,0.0
262,2026-04-27T08:35:50.566Z,S20260427_093533,SC01,AUTO,,17.2839,0.0723,start,0,1500,VIDE,0.0,0.0,0.0,0.0,0.0,0.0,0,0,0.0,0.0,0.0,0.0,0.0,0.0,0.2,2.0,1.0,0.05,1,0.0,0.2,0.0
263,2026-04-27T08:35:50.627Z,S20260427_093533,SC01,AUTO,,17.3454,0.0615,start,0,1500,VIDE,0.0,0.0,0.0,0.0,0.0,0.0,0,0,0.0,0.0,0.0,0.0,0.0,0.0,0.2,2.0,1.0,0.05,1,0.0,0.2,0.0
264,2026-04-27T08:35:50.690Z,S20260427_093533,SC01,AUTO,,17.408,0.0626,start,0,1500,VIDE,0.0,0.0,0.0,0.0,0.0,0.0,0,0,0.0,0.0,0.0,0.0,0.0,0.0,0.2,2.0,1.0,0.05,1,0.0,0.2,0.0
265,2026-04-27T08:35:50.753Z,S20260427_093533,SC01,AUTO,,17.4705,0.0625,start,0,1500,VIDE,0.0,0.0,0.0,0.0,0.0,0.0,0,0,0.0,0.0,0.0,0.0,0.0,0.0,0.2,2.0,1.0,0.05,1,0.0,0.2,0.0
266,2026-04-27T08:35:50.813Z,S20260427_093533,SC01,AUTO,,17.5313,0.0607,start,0,1500,VIDE,0.0,0.0,0.0,0.0,0.0,0.0,0,0,0.0,0.0,0.0,0.0,0.0,0.0,0.2,2.0,1.0,0.05,1,0.0,0.2,0.0
267,2026-04-27T08:35:50.875Z,S20260427_093533,SC01,AUTO,,17.5926,0.0614,start,0,1500,VIDE,0.0,0.0,0.0,0.0,0.0,0.0,0,0,0.0,0.0,0.0,0.0,0.0,0.0,0.2,2.0,1.0,0.05,1,0.0,0.2,0.0
268,2026-04-27T08:35:50.934Z,S20260427_093533,SC01,AUTO,,17.652,0.0593,start,0,1500,VIDE,0.0,0.0,0.0,0.0,0.0,0.0,0,0,0.0,0.0,0.0,0.0,0.0,0.0,0.2,2.0,1.0,0.05,1,0.0,0.2,0.0
269,2026-04-27T08:35:50.995Z,S20260427_093533,SC01,AUTO,,17.7125,0.0606,start,0,1500,VIDE,0.0,0.0,0.0,0.0,0.0,0.0,0,0,0.0,0.0,0.0,0.0,0.0,0.0,0.2,2.0,1.0,0.05,1,0.0,0.2,0.0
270,2026-04-27T08:35:51.065Z,S20260427_093533,SC01,AUTO,,17.7833,0.0708,start,0,1500,VIDE,0.0,0.0,0.0,0.0,0.0,0.0,0,0,0.0,0.0,0.0,0.0,0.0,0.0,0.2,2.0,1.0,0.05,1,0.0,0.2,0.0
271,2026-04-27T08:35:51.126Z,S20260427_093533,SC01,AUTO,,17.8442,0.0609,start,0,1500,VIDE,0.0,0.0,0.0,0.0,0.0,0.0,0,0,0.0,0.0,0.0,0.0,0.0,0.0,0.2,2.0,1.0,0.05,1,0.0,0.2,0.0
272,2026-04-27T08:35:51.189Z,S20260427_093533,SC01,AUTO,,17.907,0.0628,start,0,1500,VIDE,0.0,0.0,0.0,0.0,0.0,0.0,0,0,0.0,0.0,0.0,0.0,0.0,0.0,0.2,2.0,1.0,0.05,1,0.0,0.2,0.0
273,2026-04-27T08:35:51.251Z,S20260427_093533,SC01,AUTO,,17.9691,0.062,start,0,1500,VIDE,0.0,0.0,0.0,0.0,0.0,0.0,0,0,0.0,0.0,0.0,0.0,0.0,0.0,0.2,2.0,1.0,0.05,1,0.0,0.2,0.0
274,2026-04-27T08:35:51.314Z,S20260427_093533,SC01,AUTO,,18.0318,0.0627,start,0,1500,VIDE,0.0,0.0,0.0,0.0,0.0,0.0,0,0,0.0,0.0,0.0,0.0,0.0,0.0,0.2,2.0,1.0,0.05,1,0.0,0.2,0.0
275,2026-04-27T08:35:51.374Z,S20260427_093533,SC01,AUTO,,18.0923,0.0605,start,0,1500,VIDE,0.0,0.0,0.0,0.0,0.0,0.0,0,0,0.0,0.0,0.0,0.0,0.0,0.0,0.2,2.0,1.0,0.05,1,0.0,0.2,0.0
276,2026-04-27T08:35:51.434Z,S20260427_093533,SC01,AUTO,,18.1524,0.0601,start,0,1500,VIDE,0.0,0.0,0.0,0.0,0.0,0.0,0,0,0.0,0.0,0.0,0.0,0.0,0.0,0.2,2.0,1.0,0.05,1,0.0,0.2,0.0
277,2026-04-27T08:35:51.493Z,S20260427_093533,SC01,AUTO,,18.2114,0.059,start,0,1500,VIDE,0.0,0.0,0.0,0.0,0.0,0.0,0,0,0.0,0.0,0.0,0.0,0.0,0.0,0.2,2.0,1.0,0.05,1,0.0,0.2,0.0
278,2026-04-27T08:35:51.564Z,S20260427_093533,SC01,AUTO,,18.2817,0.0703,start,0,1500,VIDE,0.0,0.0,0.0,0.0,0.0,0.0,0,0,0.0,0.0,0.0,0.0,0.0,0.0,0.2,2.0,1.0,0.05,1,0.0,0.2,0.0
279,2026-04-27T08:35:51.625Z,S20260427_093533,SC01,AUTO,,18.3433,0.0616,start,0,1500,VIDE,0.0,0.0,0.0,0.0,0.0,0.0,0,0,0.0,0.0,0.0,0.0,0.0,0.0,0.2,2.0,1.0,0.05,1,0.0,0.2,0.0
280,2026-04-27T08:35:51.688Z,S20260427_093533,SC01,AUTO,,18.4056,0.0623,start,0,1500,VIDE,0.0,0.0,0.0,0.0,0.0,0.0,0,0,0.0,0.0,0.0,0.0,0.0,0.0,0.2,2.0,1.0,0.05,1,0.0,0.2,0.0
281,2026-04-27T08:35:51.750Z,S20260427_093533,SC01,AUTO,,18.4675,0.0618,start,0,1500,VIDE,0.0,0.0,0.0,0.0,0.0,0.0,0,0,0.0,0.0,0.0,0.0,0.0,0.0,0.2,2.0,1.0,0.05,1,0.0,0.2,0.0
282,2026-04-27T08:35:51.812Z,S20260427_093533,SC01,AUTO,,18.5302,0.0627,start,0,1500,VIDE,0.0,0.0,0.0,0.0,0.0,0.0,0,0,0.0,0.0,0.0,0.0,0.0,0.0,0.2,2.0,1.0,0.05,1,0.0,0.2,0.0
283,2026-04-27T08:35:51.874Z,S20260427_093533,SC01,AUTO,,18.5919,0.0617,start,0,1500,VIDE,0.0,0.0,0.0,0.0,0.0,0.0,0,0,0.0,0.0,0.0,0.0,0.0,0.0,0.2,2.0,1.0,0.05,1,0.0,0.2,0.0
284,2026-04-27T08:35:51.934Z,S20260427_093533,SC01,AUTO,,18.6519,0.06,start,0,1500,VIDE,0.0,0.0,0.0,0.0,0.0,0.0,0,0,0.0,0.0,0.0,0.0,0.0,0.0,0.2,2.0,1.0,0.05,1,0.0,0.2,0.0
285,2026-04-27T08:35:51.995Z,S20260427_093533,SC01,AUTO,,18.7128,0.0609,start,0,1500,VIDE,0.0,0.0,0.0,0.0,0.0,0.0,0,0,0.0,0.0,0.0,0.0,0.0,0.0,0.2,2.0,1.0,0.05,1,0.0,0.2,0.0
286,2026-04-27T08:35:52.061Z,S20260427_093533,SC01,AUTO,,18.7785,0.0658,start,0,1500,VIDE,0.0,0.0,0.0,0.0,0.0,0.0,0,0,0.0,0.0,0.0,0.0,0.0,0.0,0.2,2.0,1.0,0.05,1,0.0,0.2,0.0
287,2026-04-27T08:35:52.123Z,S20260427_093533,SC01,AUTO,,18.8412,0.0626,start,0,1500,VIDE,0.0,0.0,0.0,0.0,0.0,0.0,0,0,0.0,0.0,0.0,0.0,0.0,0.0,0.2,2.0,1.0,0.05,1,0.0,0.2,0.0
288,2026-04-27T08:35:52.185Z,S20260427_093533,SC01,AUTO,,18.903,0.0619,start,0,1500,VIDE,0.0,0.0,0.0,0.0,0.0,0.0,0,0,0.0,0.0,0.0,0.0,0.0,0.0,0.2,2.0,1.0,0.05,1,0.0,0.2,0.0
289,2026-04-27T08:35:52.247Z,S20260427_093533,SC01,AUTO,,18.9646,0.0615,start,0,1500,VIDE,0.0,0.0,0.0,0.0,0.0,0.0,0,0,0.0,0.0,0.0,0.0,0.0,0.0,0.2,2.0,1.0,0.05,1,0.0,0.2,0.0
290,2026-04-27T08:35:52.309Z,S20260427_093533,SC01,AUTO,,19.0273,0.0627,start,0,1500,VIDE,0.0,0.0,0.0,0.0,0.0,0.0,0,0,0.0,0.0,0.0,0.0,0.0,0.0,0.2,2.0,1.0,0.05,1,0.0,0.2,0.0
291,2026-04-27T08:35:52.371Z,S20260427_093533,SC01,AUTO,,19.0889,0.0615,start,0,1500,VIDE,0.0,0.0,0.0,0.0,0.0,0.0,0,0,0.0,0.0,0.0,0.0,0.0,0.0,0.2,2.0,1.0,0.05,1,0.0,0.2,0.0
292,2026-04-27T08:35:52.433Z,S20260427_093533,SC01,AUTO,,19.1512,0.0623,start,0,1500,VIDE,0.0,0.0,0.0,0.0,0.0,0.0,0,0,0.0,0.0,0.0,0.0,0.0,0.0,0.2,2.0,1.0,0.05,1,0.0,0.2,0.0
293,2026-04-27T08:35:52.493Z,S20260427_093533,SC01,AUTO,,19.2114,0.0602,start,0,1500,VIDE,0.0,0.0,0.0,0.0,0.0,0.0,0,0,0.0,0.0,0.0,0.0,0.0,0.0,0.2,2.0,1.0,0.05,1,0.0,0.2,0.0
294,2026-04-27T08:35:52.556Z,S20260427_093533,SC01,AUTO,,19.2741,0.0626,start,0,1500,VIDE,0.0,0.0,0.0,0.0,0.0,0.0,0,0,0.0,0.0,0.0,0.0,0.0,0.0,0.2,2.0,1.0,0.05,1,0.0,0.2,0.0
295,2026-04-27T08:35:52.619Z,S20260427_093533,SC01,AUTO,,19.3367,0.0627,start,0,1500,VIDE,0.0,0.0,0.0,0.0,0.0,0.0,0,0,0.0,0.0,0.0,0.0,0.0,0.0,0.2,2.0,1.0,0.05,1,0.0,0.2,0.0
296,2026-04-27T08:35:52.680Z,S20260427_093533,SC01,AUTO,,19.3983,0.0615,start,0,1500,VIDE,0.0,0.0,0.0,0.0,0.0,0.0,0,0,0.0,0.0,0.0,0.0,0.0,0.0,0.2,2.0,1.0,0.05,1,0.0,0.2,0.0
297,2026-04-27T08:35:52.745Z,S20260427_093533,SC01,AUTO,,19.4624,0.0642,start,0,1500,VIDE,0.0,0.0,0.0,0.0,0.0,0.0,0,0,0.0,0.0,0.0,0.0,0.0,0.0,0.2,2.0,1.0,0.05,1,0.0,0.2,0.0
298,2026-04-27T08:35:52.813Z,S20260427_093533,SC01,AUTO,,19.5314,0.0689,start,0,1500,VIDE,0.0,0.0,0.0,0.0,0.0,0.0,0,0,0.0,0.0,0.0,0.0,0.0,0.0,0.2,2.0,1.0,0.05,1,0.0,0.2,0.0
299,2026-04-27T08:35:52.873Z,S20260427_093533,SC01,AUTO,,19.5914,0.06,start,0,1500,VIDE,0.0,0.0,0.0,0.0,0.0,0.0,0,0,0.0,0.0,0.0,0.0,0.0,0.0,0.2,2.0,1.0,0.05,1,0.0,0.2,0.0
300,2026-04-27T08:35:52.934Z,S20260427_093533,SC01,AUTO,,19.6522,0.0608,start,0,1500,VIDE,0.0,0.0,0.0,0.0,0.0,0.0,0,0,0.0,0.0,0.0,0.0,0.0,0.0,0.2,2.0,1.0,0.05,1,0.0,0.2,0.0
301,2026-04-27T08:35:52.994Z,S20260427_093533,SC01,AUTO,,19.7118,0.0597,start,0,1500,VIDE,0.0,0.0,0.0,0.0,0.0,0.0,0,0,0.0,0.0,0.0,0.0,0.0,0.0,0.2,2.0,1.0,0.05,1,0.0,0.2,0.0
302,2026-04-27T08:35:53.055Z,S20260427_093533,SC01,AUTO,,19.7732,0.0613,start,0,1500,VIDE,0.0,0.0,0.0,0.0,0.0,0.0,0,0,0.0,0.0,0.0,0.0,0.0,0.0,0.2,2.0,1.0,0.05,1,0.0,0.2,0.0
303,2026-04-27T08:35:53.118Z,S20260427_093533,SC01,AUTO,,19.8356,0.0624,start,0,1500,VIDE,0.0,0.0,0.0,0.0,0.0,0.0,0,0,0.0,0.0,0.0,0.0,0.0,0.0,0.2,2.0,1.0,0.05,1,0.0,0.2,0.0
304,2026-04-27T08:35:53.196Z,S20260427_093533,SC01,AUTO,,19.9136,0.0779,start,0,1500,VIDE,0.0,0.0,0.0,0.0,0.0,0.0,0,0,0.0,0.0,0.0,0.0,0.0,0.0,0.2,2.0,1.0,0.05,1,0.0,0.2,0.0
305,2026-04-27T08:35:53.254Z,S20260427_093533,SC01,AUTO,,19.9721,0.0586,start,0,1500,VIDE,0.0,0.0,0.0,0.0,0.0,0.0,0,0,0.0,0.0,0.0,0.0,0.0,0.0,0.2,2.0,1.0,0.05,1,0.0,0.2,0.0
306,2026-04-27T08:35:53.314Z,S20260427_093533,SC01,AUTO,,20.032,0.0599,start,0,1500,VIDE,0.0,0.0,0.0,0.0,0.0,0.0,0,0,0.0,0.0,0.0,0.0,0.0,0.0,0.2,2.0,1.0,0.05,1,0.0,0.2,0.0
307,2026-04-27T08:35:53.374Z,S20260427_093533,SC01,AUTO,,20.0924,0.0604,start,0,1500,VIDE,0.0,0.0,0.0,0.0,0.0,0.0,0,0,0.0,0.0,0.0,0.0,0.0,0.0,0.2,2.0,1.0,0.05,1,0.0,0.2,0.0
308,2026-04-27T08:35:53.434Z,S20260427_093533,SC01,AUTO,,20.1521,0.0597,start,0,1500,VIDE,0.0,0.0,0.0,0.0,0.0,0.0,0,0,0.0,0.0,0.0,0.0,0.0,0.0,0.2,2.0,1.0,0.05,1,0.0,0.2,0.0
309,2026-04-27T08:35:53.494Z,S20260427_093533,SC01,AUTO,,20.2115,0.0594,start,0,1500,VIDE,0.0,0.0,0.0,0.0,0.0,0.0,0,0,0.0,0.0,0.0,0.0,0.0,0.0,0.2,2.0,1.0,0.05,1,0.0,0.2,0.0
310,2026-04-27T08:35:53.567Z,S20260427_093533,SC01,AUTO,,20.285,0.0736,start,0,1500,VIDE,0.0,0.0,0.0,0.0,0.0,0.0,0,0,0.0,0.0,0.0,0.0,0.0,0.0,0.2,2.0,1.0,0.05,1,0.0,0.2,0.0
311,2026-04-27T08:35:53.630Z,S20260427_093533,SC01,AUTO,,20.3482,0.0632,start,0,1500,VIDE,0.0,0.0,0.0,0.0,0.0,0.0,0,0,0.0,0.0,0.0,0.0,0.0,0.0,0.2,2.0,1.0,0.05,1,0.0,0.2,0.0
312,2026-04-27T08:35:53.692Z,S20260427_093533,SC01,AUTO,,20.41,0.0619,start,0,1500,VIDE,0.0,0.0,0.0,0.0,0.0,0.0,0,0,0.0,0.0,0.0,0.0,0.0,0.0,0.2,2.0,1.0,0.05,1,0.0,0.2,0.0
313,2026-04-27T08:35:53.754Z,S20260427_093533,SC01,AUTO,,20.472,0.062,start,0,1500,VIDE,0.0,0.0,0.0,0.0,0.0,0.0,0,0,0.0,0.0,0.0,0.0,0.0,0.0,0.2,2.0,1.0,0.05,1,0.0,0.2,0.0
314,2026-04-27T08:35:53.814Z,S20260427_093533,SC01,AUTO,,20.5323,0.0603,start,0,1500,VIDE,0.0,0.0,0.0,0.0,0.0,0.0,0,0,0.0,0.0,0.0,0.0,0.0,0.0,0.2,2.0,1.0,0.05,1,0.0,0.2,0.0
315,2026-04-27T08:35:53.874Z,S20260427_093533,SC01,AUTO,,20.5921,0.0599,start,0,1500,VIDE,0.0,0.0,0.0,0.0,0.0,0.0,0,0,0.0,0.0,0.0,0.0,0.0,0.0,0.2,2.0,1.0,0.05,1,0.0,0.2,0.0
316,2026-04-27T08:35:53.934Z,S20260427_093533,SC01,AUTO,,20.652,0.0599,start,0,1500,VIDE,0.0,0.0,0.0,0.0,0.0,0.0,0,0,0.0,0.0,0.0,0.0,0.0,0.0,0.2,2.0,1.0,0.05,1,0.0,0.2,0.0
317,2026-04-27T08:35:53.994Z,S20260427_093533,SC01,AUTO,,20.7116,0.0596,start,0,1500,VIDE,0.0,0.0,0.0,0.0,0.0,0.0,0,0,0.0,0.0,0.0,0.0,0.0,0.0,0.2,2.0,1.0,0.05,1,0.0,0.2,0.0
318,2026-04-27T08:35:54.066Z,S20260427_093533,SC01,AUTO,,20.7843,0.0728,start,0,1500,VIDE,0.0,0.0,0.0,0.0,0.0,0.0,0,0,0.0,0.0,0.0,0.0,0.0,0.0,0.2,2.0,1.0,0.05,1,0.0,0.2,0.0
319,2026-04-27T08:35:54.128Z,S20260427_093533,SC01,AUTO,,20.8464,0.062,start,0,1500,VIDE,0.0,0.0,0.0,0.0,0.0,0.0,0,0,0.0,0.0,0.0,0.0,0.0,0.0,0.2,2.0,1.0,0.05,1,0.0,0.2,0.0
320,2026-04-27T08:35:54.191Z,S20260427_093533,SC01,AUTO,,20.9093,0.063,start,0,1500,VIDE,0.0,0.0,0.0,0.0,0.0,0.0,0,0,0.0,0.0,0.0,0.0,0.0,0.0,0.2,2.0,1.0,0.05,1,0.0,0.2,0.0
321,2026-04-27T08:35:54.253Z,S20260427_093533,SC01,AUTO,,20.9712,0.062,start,0,1500,VIDE,0.0,0.0,0.0,0.0,0.0,0.0,0,0,0.0,0.0,0.0,0.0,0.0,0.0,0.2,2.0,1.0,0.05,1,0.0,0.2,0.0
322,2026-04-27T08:35:54.316Z,S20260427_093533,SC01,AUTO,,21.0335,0.0623,start,0,1500,VIDE,0.0,0.0,0.0,0.0,0.0,0.0,0,0,0.0,0.0,0.0,0.0,0.0,0.0,0.2,2.0,1.0,0.05,1,0.0,0.2,0.0
323,2026-04-27T08:35:54.375Z,S20260427_093533,SC01,AUTO,,21.0928,0.0592,start,0,1500,VIDE,0.0,0.0,0.0,0.0,0.0,0.0,0,0,0.0,0.0,0.0,0.0,0.0,0.0,0.2,2.0,1.0,0.05,1,0.0,0.2,0.0
324,2026-04-27T08:35:54.434Z,S20260427_093533,SC01,AUTO,,21.152,0.0592,start,0,1500,VIDE,0.0,0.0,0.0,0.0,0.0,0.0,0,0,0.0,0.0,0.0,0.0,0.0,0.0,0.2,2.0,1.0,0.05,1,0.0,0.2,0.0
325,2026-04-27T08:35:54.494Z,S20260427_093533,SC01,AUTO,,21.2124,0.0604,start,0,1500,VIDE,0.0,0.0,0.0,0.0,0.0,0.0,0,0,0.0,0.0,0.0,0.0,0.0,0.0,0.2,2.0,1.0,0.05,1,0.0,0.2,0.0
326,2026-04-27T08:35:54.564Z,S20260427_093533,SC01,AUTO,,21.2822,0.0698,start,0,1500,VIDE,0.0,0.0,0.0,0.0,0.0,0.0,0,0,0.0,0.0,0.0,0.0,0.0,0.0,0.2,2.0,1.0,0.05,1,0.0,0.2,0.0
327,2026-04-27T08:35:54.627Z,S20260427_093533,SC01,AUTO,,21.3447,0.0625,start,0,1500,VIDE,0.0,0.0,0.0,0.0,0.0,0.0,0,0,0.0,0.0,0.0,0.0,0.0,0.0,0.2,2.0,1.0,0.05,1,0.0,0.2,0.0
328,2026-04-27T08:35:54.688Z,S20260427_093533,SC01,AUTO,,21.4061,0.0614,start,0,1500,VIDE,0.0,0.0,0.0,0.0,0.0,0.0,0,0,0.0,0.0,0.0,0.0,0.0,0.0,0.2,2.0,1.0,0.05,1,0.0,0.2,0.0
329,2026-04-27T08:35:54.750Z,S20260427_093533,SC01,AUTO,,21.4679,0.0618,start,0,1500,VIDE,0.0,0.0,0.0,0.0,0.0,0.0,0,0,0.0,0.0,0.0,0.0,0.0,0.0,0.2,2.0,1.0,0.05,1,0.0,0.2,0.0
330,2026-04-27T08:35:54.812Z,S20260427_093533,SC01,AUTO,,21.5296,0.0617,start,0,1500,VIDE,0.0,0.0,0.0,0.0,0.0,0.0,0,0,0.0,0.0,0.0,0.0,0.0,0.0,0.2,2.0,1.0,0.05,1,0.0,0.2,0.0
331,2026-04-27T08:35:54.875Z,S20260427_093533,SC01,AUTO,,21.5927,0.0631,start,0,1500,VIDE,0.0,0.0,0.0,0.0,0.0,0.0,0,0,0.0,0.0,0.0,0.0,0.0,0.0,0.2,2.0,1.0,0.05,1,0.0,0.2,0.0
332,2026-04-27T08:35:54.934Z,S20260427_093533,SC01,AUTO,,21.6523,0.0596,start,0,1500,VIDE,0.0,0.0,0.0,0.0,0.0,0.0,0,0,0.0,0.0,0.0,0.0,0.0,0.0,0.2,2.0,1.0,0.05,1,0.0,0.2,0.0
333,2026-04-27T08:35:54.995Z,S20260427_093533,SC01,AUTO,,21.7128,0.0605,start,0,1500,VIDE,0.0,0.0,0.0,0.0,0.0,0.0,0,0,0.0,0.0,0.0,0.0,0.0,0.0,0.2,2.0,1.0,0.05,1,0.0,0.2,0.0
334,2026-04-27T08:35:55.062Z,S20260427_093533,SC01,AUTO,,21.7795,0.0668,start,0,1500,VIDE,0.0,0.0,0.0,0.0,0.0,0.0,0,0,0.0,0.0,0.0,0.0,0.0,0.0,0.2,2.0,1.0,0.05,1,0.0,0.2,0.0
335,2026-04-27T08:35:55.124Z,S20260427_093533,SC01,AUTO,,21.8423,0.0627,start,0,1500,VIDE,0.0,0.0,0.0,0.0,0.0,0.0,0,0,0.0,0.0,0.0,0.0,0.0,0.0,0.2,2.0,1.0,0.05,1,0.0,0.2,0.0
336,2026-04-27T08:35:55.186Z,S20260427_093533,SC01,AUTO,,21.9038,0.0616,start,0,1500,VIDE,0.0,0.0,0.0,0.0,0.0,0.0,0,0,0.0,0.0,0.0,0.0,0.0,0.0,0.2,2.0,1.0,0.05,1,0.0,0.2,0.0
337,2026-04-27T08:35:55.248Z,S20260427_093533,SC01,AUTO,,21.9658,0.062,start,0,1500,VIDE,0.0,0.0,0.0,0.0,0.0,0.0,0,0,0.0,0.0,0.0,0.0,0.0,0.0,0.2,2.0,1.0,0.05,1,0.0,0.2,0.0
338,2026-04-27T08:35:55.312Z,S20260427_093533,SC01,AUTO,,22.0297,0.0639,start,0,1500,VIDE,0.0,0.0,0.0,0.0,0.0,0.0,0,0,0.0,0.0,0.0,0.0,0.0,0.0,0.2,2.0,1.0,0.05,1,0.0,0.2,0.0
339,2026-04-27T08:35:55.372Z,S20260427_093533,SC01,AUTO,,22.0899,0.0602,start,0,1500,VIDE,0.0,0.0,0.0,0.0,0.0,0.0,0,0,0.0,0.0,0.0,0.0,0.0,0.0,0.2,2.0,1.0,0.05,1,0.0,0.2,0.0
340,2026-04-27T08:35:55.433Z,S20260427_093533,SC01,AUTO,,22.1513,0.0614,start,0,1500,VIDE,0.0,0.0,0.0,0.0,0.0,0.0,0,0,0.0,0.0,0.0,0.0,0.0,0.0,0.2,2.0,1.0,0.05,1,0.0,0.2,0.0
341,2026-04-27T08:35:55.494Z,S20260427_093533,SC01,AUTO,,22.2118,0.0605,start,0,1500,VIDE,0.0,0.0,0.0,0.0,0.0,0.0,0,0,0.0,0.0,0.0,0.0,0.0,0.0,0.2,2.0,1.0,0.05,1,0.0,0.2,0.0
342,2026-04-27T08:35:55.561Z,S20260427_093533,SC01,AUTO,,22.2787,0.0668,start,0,1500,VIDE,0.0,0.0,0.0,0.0,0.0,0.0,0,0,0.0,0.0,0.0,0.0,0.0,0.0,0.2,2.0,1.0,0.05,1,0.0,0.2,0.0
343,2026-04-27T08:35:55.622Z,S20260427_093533,SC01,AUTO,,22.3404,0.0617,start,0,1500,VIDE,0.0,0.0,0.0,0.0,0.0,0.0,0,0,0.0,0.0,0.0,0.0,0.0,0.0,0.2,2.0,1.0,0.05,1,0.0,0.2,0.0
344,2026-04-27T08:35:55.685Z,S20260427_093533,SC01,AUTO,,22.4028,0.0624,start,0,1500,VIDE,0.0,0.0,0.0,0.0,0.0,0.0,0,0,0.0,0.0,0.0,0.0,0.0,0.0,0.2,2.0,1.0,0.05,1,0.0,0.2,0.0
345,2026-04-27T08:35:55.747Z,S20260427_093533,SC01,AUTO,,22.465,0.0622,start,0,1500,VIDE,0.0,0.0,0.0,0.0,0.0,0.0,0,0,0.0,0.0,0.0,0.0,0.0,0.0,0.2,2.0,1.0,0.05,1,0.0,0.2,0.0
346,2026-04-27T08:35:55.809Z,S20260427_093533,SC01,AUTO,,22.5273,0.0623,start,0,1500,VIDE,0.0,0.0,0.0,0.0,0.0,0.0,0,0,0.0,0.0,0.0,0.0,0.0,0.0,0.2,2.0,1.0,0.05,1,0.0,0.2,0.0
347,2026-04-27T08:35:55.872Z,S20260427_093533,SC01,AUTO,,22.5896,0.0623,start,0,1500,VIDE,0.0,0.0,0.0,0.0,0.0,0.0,0,0,0.0,0.0,0.0,0.0,0.0,0.0,0.2,2.0,1.0,0.05,1,0.0,0.2,0.0
348,2026-04-27T08:35:55.934Z,S20260427_093533,SC01,AUTO,,22.6523,0.0627,start,0,1500,VIDE,0.0,0.0,0.0,0.0,0.0,0.0,0,0,0.0,0.0,0.0,0.0,0.0,0.0,0.2,2.0,1.0,0.05,1,0.0,0.2,0.0
349,2026-04-27T08:35:55.995Z,S20260427_093533,SC01,AUTO,,22.7127,0.0604,start,0,1500,VIDE,0.0,0.0,0.0,0.0,0.0,0.0,0,0,0.0,0.0,0.0,0.0,0.0,0.0,0.2,2.0,1.0,0.05,1,0.0,0.2,0.0
350,2026-04-27T08:35:56.058Z,S20260427_093533,SC01,AUTO,,22.7761,0.0633,start,0,1500,VIDE,0.0,0.0,0.0,0.0,0.0,0.0,0,0,0.0,0.0,0.0,0.0,0.0,0.0,0.2,2.0,1.0,0.05,1,0.0,0.2,0.0
351,2026-04-27T08:35:56.121Z,S20260427_093533,SC01,AUTO,,22.8386,0.0625,start,0,1500,VIDE,0.0,0.0,0.0,0.0,0.0,0.0,0,0,0.0,0.0,0.0,0.0,0.0,0.0,0.2,2.0,1.0,0.05,1,0.0,0.2,0.0
352,2026-04-27T08:35:56.184Z,S20260427_093533,SC01,AUTO,,22.9022,0.0636,start,0,1500,VIDE,0.0,0.0,0.0,0.0,0.0,0.0,0,0,0.0,0.0,0.0,0.0,0.0,0.0,0.2,2.0,1.0,0.05,1,0.0,0.2,0.0
353,2026-04-27T08:35:56.247Z,S20260427_093533,SC01,AUTO,,22.9651,0.063,start,0,1500,VIDE,0.0,0.0,0.0,0.0,0.0,0.0,0,0,0.0,0.0,0.0,0.0,0.0,0.0,0.2,2.0,1.0,0.05,1,0.0,0.2,0.0
354,2026-04-27T08:35:56.309Z,S20260427_093533,SC01,AUTO,,23.0273,0.0622,start,0,1500,VIDE,0.0,0.0,0.0,0.0,0.0,0.0,0,0,0.0,0.0,0.0,0.0,0.0,0.0,0.2,2.0,1.0,0.05,1,0.0,0.2,0.0
355,2026-04-27T08:35:56.372Z,S20260427_093533,SC01,AUTO,,23.09,0.0627,start,0,1500,VIDE,0.0,0.0,0.0,0.0,0.0,0.0,0,0,0.0,0.0,0.0,0.0,0.0,0.0,0.2,2.0,1.0,0.05,1,0.0,0.2,0.0
356,2026-04-27T08:35:56.435Z,S20260427_093533,SC01,AUTO,,23.1527,0.0626,start,0,1500,VIDE,0.0,0.0,0.0,0.0,0.0,0.0,0,0,0.0,0.0,0.0,0.0,0.0,0.0,0.2,2.0,1.0,0.05,1,0.0,0.2,0.0
357,2026-04-27T08:35:56.493Z,S20260427_093533,SC01,AUTO,,23.2113,0.0586,start,0,1500,VIDE,0.0,0.0,0.0,0.0,0.0,0.0,0,0,0.0,0.0,0.0,0.0,0.0,0.0,0.2,2.0,1.0,0.05,1,0.0,0.2,0.0
358,2026-04-27T08:35:56.559Z,S20260427_093533,SC01,AUTO,,23.2771,0.0658,start,0,1500,VIDE,0.0,0.0,0.0,0.0,0.0,0.0,0,0,0.0,0.0,0.0,0.0,0.0,0.0,0.2,2.0,1.0,0.05,1,0.0,0.2,0.0
359,2026-04-27T08:35:56.622Z,S20260427_093533,SC01,AUTO,,23.3395,0.0624,start,0,1500,VIDE,0.0,0.0,0.0,0.0,0.0,0.0,0,0,0.0,0.0,0.0,0.0,0.0,0.0,0.2,2.0,1.0,0.05,1,0.0,0.2,0.0
360,2026-04-27T08:35:56.684Z,S20260427_093533,SC01,AUTO,,23.4016,0.0621,start,0,1500,VIDE,0.0,0.0,0.0,0.0,0.0,0.0,0,0,0.0,0.0,0.0,0.0,0.0,0.0,0.2,2.0,1.0,0.05,1,0.0,0.2,0.0
361,2026-04-27T08:35:56.745Z,S20260427_093533,SC01,AUTO,,23.4634,0.0618,start,0,1500,VIDE,0.0,0.0,0.0,0.0,0.0,0.0,0,0,0.0,0.0,0.0,0.0,0.0,0.0,0.2,2.0,1.0,0.05,1,0.0,0.2,0.0
362,2026-04-27T08:35:56.807Z,S20260427_093533,SC01,AUTO,,23.5249,0.0615,start,0,1500,VIDE,0.0,0.0,0.0,0.0,0.0,0.0,0,0,0.0,0.0,0.0,0.0,0.0,0.0,0.2,2.0,1.0,0.05,1,0.0,0.2,0.0
363,2026-04-27T08:35:56.870Z,S20260427_093533,SC01,AUTO,,23.5875,0.0626,start,0,1500,VIDE,0.0,0.0,0.0,0.0,0.0,0.0,0,0,0.0,0.0,0.0,0.0,0.0,0.0,0.2,2.0,1.0,0.05,1,0.0,0.2,0.0
364,2026-04-27T08:35:56.934Z,S20260427_093533,SC01,AUTO,,23.6518,0.0642,start,0,1500,VIDE,0.0,0.0,0.0,0.0,0.0,0.0,0,0,0.0,0.0,0.0,0.0,0.0,0.0,0.2,2.0,1.0,0.05,1,0.0,0.2,0.0
365,2026-04-27T08:35:56.994Z,S20260427_093533,SC01,AUTO,,23.7122,0.0604,start,0,1500,VIDE,0.0,0.0,0.0,0.0,0.0,0.0,0,0,0.0,0.0,0.0,0.0,0.0,0.0,0.2,2.0,1.0,0.05,1,0.0,0.2,0.0
366,2026-04-27T08:35:57.057Z,S20260427_093533,SC01,AUTO,,23.775,0.0628,start,0,1500,VIDE,0.0,0.0,0.0,0.0,0.0,0.0,0,0,0.0,0.0,0.0,0.0,0.0,0.0,0.2,2.0,1.0,0.05,1,0.0,0.2,0.0
367,2026-04-27T08:35:57.133Z,S20260427_093533,SC01,AUTO,,23.8513,0.0763,start,0,1500,VIDE,0.0,0.0,0.0,0.0,0.0,0.0,0,0,0.0,0.0,0.0,0.0,0.0,0.0,0.2,2.0,1.0,0.05,1,0.0,0.2,0.0
368,2026-04-27T08:35:57.194Z,S20260427_093533,SC01,AUTO,,23.912,0.0607,start,0,1500,VIDE,0.0,0.0,0.0,0.0,0.0,0.0,0,0,0.0,0.0,0.0,0.0,0.0,0.0,0.2,2.0,1.0,0.05,1,0.0,0.2,0.0
369,2026-04-27T08:35:57.254Z,S20260427_093533,SC01,AUTO,,23.972,0.0599,start,0,1500,VIDE,0.0,0.0,0.0,0.0,0.0,0.0,0,0,0.0,0.0,0.0,0.0,0.0,0.0,0.2,2.0,1.0,0.05,1,0.0,0.2,0.0
370,2026-04-27T08:35:57.315Z,S20260427_093533,SC01,AUTO,,24.0334,0.0614,start,0,1500,VIDE,0.0,0.0,0.0,0.0,0.0,0.0,0,0,0.0,0.0,0.0,0.0,0.0,0.0,0.2,2.0,1.0,0.05,1,0.0,0.2,0.0
371,2026-04-27T08:35:57.375Z,S20260427_093533,SC01,AUTO,,24.0928,0.0594,start,0,1500,VIDE,0.0,0.0,0.0,0.0,0.0,0.0,0,0,0.0,0.0,0.0,0.0,0.0,0.0,0.2,2.0,1.0,0.05,1,0.0,0.2,0.0
372,2026-04-27T08:35:57.434Z,S20260427_093533,SC01,AUTO,,24.1522,0.0594,start,0,1500,VIDE,0.0,0.0,0.0,0.0,0.0,0.0,0,0,0.0,0.0,0.0,0.0,0.0,0.0,0.2,2.0,1.0,0.05,1,0.0,0.2,0.0
373,2026-04-27T08:35:57.494Z,S20260427_093533,SC01,AUTO,,24.2115,0.0593,start,0,1500,VIDE,0.0,0.0,0.0,0.0,0.0,0.0,0,0,0.0,0.0,0.0,0.0,0.0,0.0,0.2,2.0,1.0,0.05,1,0.0,0.2,0.0
374,2026-04-27T08:35:57.565Z,S20260427_093533,SC01,AUTO,,24.2834,0.0719,start,0,1500,VIDE,0.0,0.0,0.0,0.0,0.0,0.0,0,0,0.0,0.0,0.0,0.0,0.0,0.0,0.2,2.0,1.0,0.05,1,0.0,0.2,0.0
375,2026-04-27T08:35:57.627Z,S20260427_093533,SC01,AUTO,,24.3447,0.0613,start,0,1500,VIDE,0.0,0.0,0.0,0.0,0.0,0.0,0,0,0.0,0.0,0.0,0.0,0.0,0.0,0.2,2.0,1.0,0.05,1,0.0,0.2,0.0
376,2026-04-27T08:35:57.691Z,S20260427_093533,SC01,AUTO,,24.4089,0.0642,start,0,1500,VIDE,0.0,0.0,0.0,0.0,0.0,0.0,0,0,0.0,0.0,0.0,0.0,0.0,0.0,0.2,2.0,1.0,0.05,1,0.0,0.2,0.0
377,2026-04-27T08:35:57.753Z,S20260427_093533,SC01,AUTO,,24.4706,0.0617,start,0,1500,VIDE,0.0,0.0,0.0,0.0,0.0,0.0,0,0,0.0,0.0,0.0,0.0,0.0,0.0,0.2,2.0,1.0,0.05,1,0.0,0.2,0.0
378,2026-04-27T08:35:57.814Z,S20260427_093533,SC01,AUTO,,24.5318,0.0612,start,0,1500,VIDE,0.0,0.0,0.0,0.0,0.0,0.0,0,0,0.0,0.0,0.0,0.0,0.0,0.0,0.2,2.0,1.0,0.05,1,0.0,0.2,0.0
379,2026-04-27T08:35:57.870Z,S20260427_093533,SC01,AUTO,,24.5878,0.056,start,0,1500,VIDE,0.0,0.0,0.0,0.0,0.0,0.0,0,0,0.0,0.0,0.0,0.0,0.0,0.0,0.2,2.0,1.0,0.05,1,0.0,0.2,0.0
380,2026-04-27T08:35:57.934Z,S20260427_093533,SC01,AUTO,,24.6522,0.0644,start,0,1500,VIDE,0.0,0.0,0.0,0.0,0.0,0.0,0,0,0.0,0.0,0.0,0.0,0.0,0.0,0.2,2.0,1.0,0.05,1,0.0,0.2,0.0
381,2026-04-27T08:35:57.994Z,S20260427_093533,SC01,AUTO,,24.7119,0.0597,start,0,1500,VIDE,0.0,0.0,0.0,0.0,0.0,0.0,0,0,0.0,0.0,0.0,0.0,0.0,0.0,0.2,2.0,1.0,0.05,1,0.0,0.2,0.0
382,2026-04-27T08:35:58.064Z,S20260427_093533,SC01,AUTO,,24.7823,0.0704,start,0,1500,VIDE,0.0,0.0,0.0,0.0,0.0,0.0,0,0,0.0,0.0,0.0,0.0,0.0,0.0,0.2,2.0,1.0,0.05,1,0.0,0.2,0.0
383,2026-04-27T08:35:58.126Z,S20260427_093533,SC01,AUTO,,24.8443,0.0621,start,0,1500,VIDE,0.0,0.0,0.0,0.0,0.0,0.0,0,0,0.0,0.0,0.0,0.0,0.0,0.0,0.2,2.0,1.0,0.05,1,0.0,0.2,0.0
384,2026-04-27T08:35:58.189Z,S20260427_093533,SC01,AUTO,,24.9073,0.0629,start,0,1500,VIDE,0.0,0.0,0.0,0.0,0.0,0.0,0,0,0.0,0.0,0.0,0.0,0.0,0.0,0.2,2.0,1.0,0.05,1,0.0,0.2,0.0
385,2026-04-27T08:35:58.252Z,S20260427_093533,SC01,AUTO,,24.9697,0.0624,start,0,1500,VIDE,0.0,0.0,0.0,0.0,0.0,0.0,0,0,0.0,0.0,0.0,0.0,0.0,0.0,0.2,2.0,1.0,0.05,1,0.0,0.2,0.0
386,2026-04-27T08:35:58.315Z,S20260427_093533,SC01,AUTO,,25.0325,0.0628,start,0,1500,VIDE,0.0,0.0,0.0,0.0,0.0,0.0,0,0,0.0,0.0,0.0,0.0,0.0,0.0,0.2,2.0,1.0,0.05,1,0.0,0.2,0.0
387,2026-04-27T08:35:58.374Z,S20260427_093533,SC01,AUTO,,25.092,0.0595,start,0,1500,VIDE,0.0,0.0,0.0,0.0,0.0,0.0,0,0,0.0,0.0,0.0,0.0,0.0,0.0,0.2,2.0,1.0,0.05,1,0.0,0.2,0.0
388,2026-04-27T08:35:58.434Z,S20260427_093533,SC01,AUTO,,25.1522,0.0602,start,0,1500,VIDE,0.0,0.0,0.0,0.0,0.0,0.0,0,0,0.0,0.0,0.0,0.0,0.0,0.0,0.2,2.0,1.0,0.05,1,0.0,0.2,0.0
389,2026-04-27T08:35:58.494Z,S20260427_093533,SC01,AUTO,,25.2115,0.0593,start,0,1500,VIDE,0.0,0.0,0.0,0.0,0.0,0.0,0,0,0.0,0.0,0.0,0.0,0.0,0.0,0.2,2.0,1.0,0.05,1,0.0,0.2,0.0
390,2026-04-27T08:35:58.562Z,S20260427_093533,SC01,AUTO,,25.2797,0.0682,start,0,1500,VIDE,0.0,0.0,0.0,0.0,0.0,0.0,0,0,0.0,0.0,0.0,0.0,0.0,0.0,0.2,2.0,1.0,0.05,1,0.0,0.2,0.0
391,2026-04-27T08:35:58.619Z,S20260427_093533,SC01,AUTO,,25.337,0.0573,start,0,1500,VIDE,0.0,0.0,0.0,0.0,0.0,0.0,0,0,0.0,0.0,0.0,0.0,0.0,0.0,0.2,2.0,1.0,0.05,1,0.0,0.2,0.0
392,2026-04-27T08:35:58.681Z,S20260427_093533,SC01,AUTO,,25.3989,0.0619,start,0,1500,VIDE,0.0,0.0,0.0,0.0,0.0,0.0,0,0,0.0,0.0,0.0,0.0,0.0,0.0,0.2,2.0,1.0,0.05,1,0.0,0.2,0.0
393,2026-04-27T08:35:58.750Z,S20260427_093533,SC01,AUTO,,25.4675,0.0687,start,0,1500,VIDE,0.0,0.0,0.0,0.0,0.0,0.0,0,0,0.0,0.0,0.0,0.0,0.0,0.0,0.2,2.0,1.0,0.05,1,0.0,0.2,0.0
394,2026-04-27T08:35:58.806Z,S20260427_093533,SC01,AUTO,,25.5236,0.0561,start,0,1500,VIDE,0.0,0.0,0.0,0.0,0.0,0.0,0,0,0.0,0.0,0.0,0.0,0.0,0.0,0.2,2.0,1.0,0.05,1,0.0,0.2,0.0
395,2026-04-27T08:35:58.870Z,S20260427_093533,SC01,AUTO,,25.5879,0.0643,start,0,1500,VIDE,0.0,0.0,0.0,0.0,0.0,0.0,0,0,0.0,0.0,0.0,0.0,0.0,0.0,0.2,2.0,1.0,0.05,1,0.0,0.2,0.0
396,2026-04-27T08:35:58.934Z,S20260427_093533,SC01,AUTO,,25.6515,0.0637,start,0,1500,VIDE,0.0,0.0,0.0,0.0,0.0,0.0,0,0,0.0,0.0,0.0,0.0,0.0,0.0,0.2,2.0,1.0,0.05,1,0.0,0.2,0.0
397,2026-04-27T08:35:58.994Z,S20260427_093533,SC01,AUTO,,25.712,0.0605,start,0,1500,VIDE,0.0,0.0,0.0,0.0,0.0,0.0,0,0,0.0,0.0,0.0,0.0,0.0,0.0,0.2,2.0,1.0,0.05,1,0.0,0.2,0.0
398,2026-04-27T08:35:59.061Z,S20260427_093533,SC01,AUTO,,25.7786,0.0666,start,0,1500,VIDE,0.0,0.0,0.0,0.0,0.0,0.0,0,0,0.0,0.0,0.0,0.0,0.0,0.0,0.2,2.0,1.0,0.05,1,0.0,0.2,0.0
399,2026-04-27T08:35:59.123Z,S20260427_093533,SC01,AUTO,,25.841,0.0624,start,0,1500,VIDE,0.0,0.0,0.0,0.0,0.0,0.0,0,0,0.0,0.0,0.0,0.0,0.0,0.0,0.2,2.0,1.0,0.05,1,0.0,0.2,0.0
400,2026-04-27T08:35:59.182Z,S20260427_093533,SC01,AUTO,,25.8997,0.0587,start,0,1500,VIDE,0.0,0.0,0.0,0.0,0.0,0.0,0,0,0.0,0.0,0.0,0.0,0.0,0.0,0.2,2.0,1.0,0.05,1,0.0,0.2,0.0
401,2026-04-27T08:35:59.248Z,S20260427_093533,SC01,AUTO,,25.9656,0.0659,start,0,1500,VIDE,0.0,0.0,0.0,0.0,0.0,0.0,0,0,0.0,0.0,0.0,0.0,0.0,0.0,0.2,2.0,1.0,0.05,1,0.0,0.2,0.0
402,2026-04-27T08:35:59.312Z,S20260427_093533,SC01,AUTO,,26.0297,0.0642,start,0,1500,VIDE,0.0,0.0,0.0,0.0,0.0,0.0,0,0,0.0,0.0,0.0,0.0,0.0,0.0,0.2,2.0,1.0,0.05,1,0.0,0.2,0.0
403,2026-04-27T08:35:59.372Z,S20260427_093533,SC01,AUTO,,26.0902,0.0604,start,0,1500,VIDE,0.0,0.0,0.0,0.0,0.0,0.0,0,0,0.0,0.0,0.0,0.0,0.0,0.0,0.2,2.0,1.0,0.05,1,0.0,0.2,0.0
404,2026-04-27T08:35:59.434Z,S20260427_093533,SC01,AUTO,,26.1516,0.0615,start,0,1500,VIDE,0.0,0.0,0.0,0.0,0.0,0.0,0,0,0.0,0.0,0.0,0.0,0.0,0.0,0.2,2.0,1.0,0.05,1,0.0,0.2,0.0
405,2026-04-27T08:35:59.494Z,S20260427_093533,SC01,AUTO,,26.2116,0.06,start,0,1500,VIDE,0.0,0.0,0.0,0.0,0.0,0.0,0,0,0.0,0.0,0.0,0.0,0.0,0.0,0.2,2.0,1.0,0.05,1,0.0,0.2,0.0
406,2026-04-27T08:35:59.557Z,S20260427_093533,SC01,AUTO,,26.2752,0.0636,start,0,1500,VIDE,0.0,0.0,0.0,0.0,0.0,0.0,0,0,0.0,0.0,0.0,0.0,0.0,0.0,0.2,2.0,1.0,0.05,1,0.0,0.2,0.0
407,2026-04-27T08:35:59.620Z,S20260427_093533,SC01,AUTO,,26.3382,0.0631,start,0,1500,VIDE,0.0,0.0,0.0,0.0,0.0,0.0,0,0,0.0,0.0,0.0,0.0,0.0,0.0,0.2,2.0,1.0,0.05,1,0.0,0.2,0.0
408,2026-04-27T08:35:59.682Z,S20260427_093533,SC01,AUTO,,26.3996,0.0613,start,0,1500,VIDE,0.0,0.0,0.0,0.0,0.0,0.0,0,0,0.0,0.0,0.0,0.0,0.0,0.0,0.2,2.0,1.0,0.05,1,0.0,0.2,0.0
409,2026-04-27T08:35:59.744Z,S20260427_093533,SC01,AUTO,,26.4615,0.062,start,0,1500,VIDE,0.0,0.0,0.0,0.0,0.0,0.0,0,0,0.0,0.0,0.0,0.0,0.0,0.0,0.2,2.0,1.0,0.05,1,0.0,0.2,0.0
410,2026-04-27T08:35:59.807Z,S20260427_093533,SC01,AUTO,,26.5245,0.0629,start,0,1500,VIDE,0.0,0.0,0.0,0.0,0.0,0.0,0,0,0.0,0.0,0.0,0.0,0.0,0.0,0.2,2.0,1.0,0.05,1,0.0,0.2,0.0
411,2026-04-27T08:35:59.869Z,S20260427_093533,SC01,AUTO,,26.5867,0.0622,start,0,1500,VIDE,0.0,0.0,0.0,0.0,0.0,0.0,0,0,0.0,0.0,0.0,0.0,0.0,0.0,0.2,2.0,1.0,0.05,1,0.0,0.2,0.0
412,2026-04-27T08:35:59.931Z,S20260427_093533,SC01,AUTO,,26.6494,0.0627,start,0,1500,VIDE,0.0,0.0,0.0,0.0,0.0,0.0,0,0,0.0,0.0,0.0,0.0,0.0,0.0,0.2,2.0,1.0,0.05,1,0.0,0.2,0.0
413,2026-04-27T08:35:59.993Z,S20260427_093533,SC01,AUTO,,26.7111,0.0618,start,0,1500,VIDE,0.0,0.0,0.0,0.0,0.0,0.0,0,0,0.0,0.0,0.0,0.0,0.0,0.0,0.2,2.0,1.0,0.05,1,0.0,0.2,0.0
414,2026-04-27T08:36:00.055Z,S20260427_093533,SC01,AUTO,,26.7733,0.0621,start,0,1500,VIDE,0.0,0.0,0.0,0.0,0.0,0.0,0,0,0.0,0.0,0.0,0.0,0.0,0.0,0.2,2.0,1.0,0.05,1,0.0,0.2,0.0
415,2026-04-27T08:36:00.118Z,S20260427_093533,SC01,AUTO,,26.8355,0.0622,start,0,1500,VIDE,0.0,0.0,0.0,0.0,0.0,0.0,0,0,0.0,0.0,0.0,0.0,0.0,0.0,0.2,2.0,1.0,0.05,1,0.0,0.2,0.0
416,2026-04-27T08:36:00.193Z,S20260427_093533,SC01,AUTO,,26.9113,0.0759,start,0,1500,VIDE,0.0,0.0,0.0,0.0,0.0,0.0,0,0,0.0,0.0,0.0,0.0,0.0,0.0,0.2,2.0,1.0,0.05,1,0.0,0.2,0.0
417,2026-04-27T08:36:00.246Z,S20260427_093533,SC01,AUTO,,26.9635,0.0521,start,0,1500,VIDE,0.0,0.0,0.0,0.0,0.0,0.0,0,0,0.0,0.0,0.0,0.0,0.0,0.0,0.2,2.0,1.0,0.05,1,0.0,0.2,0.0
418,2026-04-27T08:36:00.314Z,S20260427_093533,SC01,AUTO,,27.0322,0.0688,start,0,1500,VIDE,0.0,0.0,0.0,0.0,0.0,0.0,0,0,0.0,0.0,0.0,0.0,0.0,0.0,0.2,2.0,1.0,0.05,1,0.0,0.2,0.0
419,2026-04-27T08:36:00.373Z,S20260427_093533,SC01,AUTO,,27.0914,0.0592,start,0,1500,VIDE,0.0,0.0,0.0,0.0,0.0,0.0,0,0,0.0,0.0,0.0,0.0,0.0,0.0,0.2,2.0,1.0,0.05,1,0.0,0.2,0.0
420,2026-04-27T08:36:00.435Z,S20260427_093533,SC01,AUTO,,27.1526,0.0611,start,0,1500,VIDE,0.0,0.0,0.0,0.0,0.0,0.0,0,0,0.0,0.0,0.0,0.0,0.0,0.0,0.2,2.0,1.0,0.05,1,0.0,0.2,0.0
421,2026-04-27T08:36:00.494Z,S20260427_093533,SC01,AUTO,,27.2123,0.0598,start,0,1500,VIDE,0.0,0.0,0.0,0.0,0.0,0.0,0,0,0.0,0.0,0.0,0.0,0.0,0.0,0.2,2.0,1.0,0.05,1,0.0,0.2,0.0
422,2026-04-27T08:36:00.566Z,S20260427_093533,SC01,AUTO,,27.2838,0.0714,start,0,1500,VIDE,0.0,0.0,0.0,0.0,0.0,0.0,0,0,0.0,0.0,0.0,0.0,0.0,0.0,0.2,2.0,1.0,0.05,1,0.0,0.2,0.0
423,2026-04-27T08:36:00.629Z,S20260427_093533,SC01,AUTO,,27.3466,0.0628,start,0,1500,VIDE,0.0,0.0,0.0,0.0,0.0,0.0,0,0,0.0,0.0,0.0,0.0,0.0,0.0,0.2,2.0,1.0,0.05,1,0.0,0.2,0.0
424,2026-04-27T08:36:00.689Z,S20260427_093533,SC01,AUTO,,27.4072,0.0607,start,0,1500,VIDE,0.0,0.0,0.0,0.0,0.0,0.0,0,0,0.0,0.0,0.0,0.0,0.0,0.0,0.2,2.0,1.0,0.05,1,0.0,0.2,0.0
425,2026-04-27T08:36:00.750Z,S20260427_093533,SC01,AUTO,,27.4682,0.0609,start,0,1500,VIDE,0.0,0.0,0.0,0.0,0.0,0.0,0,0,0.0,0.0,0.0,0.0,0.0,0.0,0.2,2.0,1.0,0.05,1,0.0,0.2,0.0
426,2026-04-27T08:36:00.813Z,S20260427_093533,SC01,AUTO,,27.5309,0.0627,start,0,1500,VIDE,0.0,0.0,0.0,0.0,0.0,0.0,0,0,0.0,0.0,0.0,0.0,0.0,0.0,0.2,2.0,1.0,0.05,1,0.0,0.2,0.0
427,2026-04-27T08:36:00.874Z,S20260427_093533,SC01,AUTO,,27.5915,0.0606,start,0,1500,VIDE,0.0,0.0,0.0,0.0,0.0,0.0,0,0,0.0,0.0,0.0,0.0,0.0,0.0,0.2,2.0,1.0,0.05,1,0.0,0.2,0.0
428,2026-04-27T08:36:00.935Z,S20260427_093533,SC01,AUTO,,27.6528,0.0613,start,0,1500,VIDE,0.0,0.0,0.0,0.0,0.0,0.0,0,0,0.0,0.0,0.0,0.0,0.0,0.0,0.2,2.0,1.0,0.05,1,0.0,0.2,0.0
429,2026-04-27T08:36:00.995Z,S20260427_093533,SC01,AUTO,,27.7128,0.06,start,0,1500,VIDE,0.0,0.0,0.0,0.0,0.0,0.0,0,0,0.0,0.0,0.0,0.0,0.0,0.0,0.2,2.0,1.0,0.05,1,0.0,0.2,0.0
430,2026-04-27T08:36:01.062Z,S20260427_093533,SC01,AUTO,,27.7801,0.0673,start,0,1500,VIDE,0.0,0.0,0.0,0.0,0.0,0.0,0,0,0.0,0.0,0.0,0.0,0.0,0.0,0.2,2.0,1.0,0.05,1,0.0,0.2,0.0
431,2026-04-27T08:36:01.124Z,S20260427_093533,SC01,AUTO,,27.8422,0.0622,start,0,1500,VIDE,0.0,0.0,0.0,0.0,0.0,0.0,0,0,0.0,0.0,0.0,0.0,0.0,0.0,0.2,2.0,1.0,0.05,1,0.0,0.2,0.0
432,2026-04-27T08:36:01.187Z,S20260427_093533,SC01,AUTO,,27.9048,0.0625,start,0,1500,VIDE,0.0,0.0,0.0,0.0,0.0,0.0,0,0,0.0,0.0,0.0,0.0,0.0,0.0,0.2,2.0,1.0,0.05,1,0.0,0.2,0.0
433,2026-04-27T08:36:01.248Z,S20260427_093533,SC01,AUTO,,27.9657,0.0609,start,0,1500,VIDE,0.0,0.0,0.0,0.0,0.0,0.0,0,0,0.0,0.0,0.0,0.0,0.0,0.0,0.2,2.0,1.0,0.05,1,0.0,0.2,0.0
434,2026-04-27T08:36:01.311Z,S20260427_093533,SC01,AUTO,,28.0287,0.0631,start,0,1500,VIDE,0.0,0.0,0.0,0.0,0.0,0.0,0,0,0.0,0.0,0.0,0.0,0.0,0.0,0.2,2.0,1.0,0.05,1,0.0,0.2,0.0
435,2026-04-27T08:36:01.373Z,S20260427_093533,SC01,AUTO,,28.0907,0.0619,start,0,1500,VIDE,0.0,0.0,0.0,0.0,0.0,0.0,0,0,0.0,0.0,0.0,0.0,0.0,0.0,0.2,2.0,1.0,0.05,1,0.0,0.2,0.0
436,2026-04-27T08:36:01.434Z,S20260427_093533,SC01,AUTO,,28.1518,0.061,start,0,1500,VIDE,0.0,0.0,0.0,0.0,0.0,0.0,0,0,0.0,0.0,0.0,0.0,0.0,0.0,0.2,2.0,1.0,0.05,1,0.0,0.2,0.0
437,2026-04-27T08:36:01.495Z,S20260427_093533,SC01,AUTO,,28.2131,0.0614,start,0,1500,VIDE,0.0,0.0,0.0,0.0,0.0,0.0,0,0,0.0,0.0,0.0,0.0,0.0,0.0,0.2,2.0,1.0,0.05,1,0.0,0.2,0.0
438,2026-04-27T08:36:01.557Z,S20260427_093533,SC01,AUTO,,28.2747,0.0616,start,0,1500,VIDE,0.0,0.0,0.0,0.0,0.0,0.0,0,0,0.0,0.0,0.0,0.0,0.0,0.0,0.2,2.0,1.0,0.05,1,0.0,0.2,0.0
439,2026-04-27T08:36:01.711Z,S20260427_093533,SC01,AUTO,,28.4286,0.1539,start,0,1500,VIDE,0.0,0.0,0.0,0.0,0.0,0.0,0,0,0.0,0.0,0.0,0.0,0.0,0.0,0.2,2.0,1.0,0.05,1,0.0,0.2,0.0
440,2026-04-27T08:36:01.743Z,S20260427_093533,SC01,AUTO,,28.4613,0.0327,start,0,1500,VIDE,0.0,0.0,0.0,0.0,0.0,0.0,0,0,0.0,0.0,0.0,0.0,0.0,0.0,0.2,2.0,1.0,0.05,1,0.0,0.2,0.0
441,2026-04-27T08:36:01.814Z,S20260427_093533,SC01,AUTO,,28.5324,0.071,start,0,1500,VIDE,0.0,0.0,0.0,0.0,0.0,0.0,0,0,0.0,0.0,0.0,0.0,0.0,0.0,0.2,2.0,1.0,0.05,1,0.0,0.2,0.0
442,2026-04-27T08:36:01.874Z,S20260427_093533,SC01,AUTO,,28.5921,0.0597,start,0,1500,VIDE,0.0,0.0,0.0,0.0,0.0,0.0,0,0,0.0,0.0,0.0,0.0,0.0,0.0,0.2,2.0,1.0,0.05,1,0.0,0.2,0.0
443,2026-04-27T08:36:01.934Z,S20260427_093533,SC01,AUTO,,28.6523,0.0603,start,0,1500,VIDE,0.0,0.0,0.0,0.0,0.0,0.0,0,0,0.0,0.0,0.0,0.0,0.0,0.0,0.2,2.0,1.0,0.05,1,0.0,0.2,0.0
444,2026-04-27T08:36:01.994Z,S20260427_093533,SC01,AUTO,,28.7115,0.0591,start,0,1500,VIDE,0.0,0.0,0.0,0.0,0.0,0.0,0,0,0.0,0.0,0.0,0.0,0.0,0.0,0.2,2.0,1.0,0.05,1,0.0,0.2,0.0
445,2026-04-27T08:36:02.067Z,S20260427_093533,SC01,AUTO,,28.785,0.0735,start,0,1500,VIDE,0.0,0.0,0.0,0.0,0.0,0.0,0,0,0.0,0.0,0.0,0.0,0.0,0.0,0.2,2.0,1.0,0.05,1,0.0,0.2,0.0
446,2026-04-27T08:36:02.130Z,S20260427_093533,SC01,AUTO,,28.8478,0.0627,start,0,1500,VIDE,0.0,0.0,0.0,0.0,0.0,0.0,0,0,0.0,0.0,0.0,0.0,0.0,0.0,0.2,2.0,1.0,0.05,1,0.0,0.2,0.0
447,2026-04-27T08:36:02.192Z,S20260427_093533,SC01,AUTO,,28.9098,0.062,start,0,1500,VIDE,0.0,0.0,0.0,0.0,0.0,0.0,0,0,0.0,0.0,0.0,0.0,0.0,0.0,0.2,2.0,1.0,0.05,1,0.0,0.2,0.0
448,2026-04-27T08:36:02.255Z,S20260427_093533,SC01,AUTO,,28.973,0.0633,start,0,1500,VIDE,0.0,0.0,0.0,0.0,0.0,0.0,0,0,0.0,0.0,0.0,0.0,0.0,0.0,0.2,2.0,1.0,0.05,1,0.0,0.2,0.0
449,2026-04-27T08:36:02.314Z,S20260427_093533,SC01,AUTO,,29.0321,0.0591,start,0,1500,VIDE,0.0,0.0,0.0,0.0,0.0,0.0,0,0,0.0,0.0,0.0,0.0,0.0,0.0,0.2,2.0,1.0,0.05,1,0.0,0.2,0.0
450,2026-04-27T08:36:02.374Z,S20260427_093533,SC01,AUTO,,29.0919,0.0598,start,0,1500,VIDE,0.0,0.0,0.0,0.0,0.0,0.0,0,0,0.0,0.0,0.0,0.0,0.0,0.0,0.2,2.0,1.0,0.05,1,0.0,0.2,0.0
451,2026-04-27T08:36:02.434Z,S20260427_093533,SC01,AUTO,,29.1517,0.0597,start,0,1500,VIDE,0.0,0.0,0.0,0.0,0.0,0.0,0,0,0.0,0.0,0.0,0.0,0.0,0.0,0.2,2.0,1.0,0.05,1,0.0,0.2,0.0
452,2026-04-27T08:36:02.494Z,S20260427_093533,SC01,AUTO,,29.2123,0.0606,start,0,1500,VIDE,0.0,0.0,0.0,0.0,0.0,0.0,0,0,0.0,0.0,0.0,0.0,0.0,0.0,0.2,2.0,1.0,0.05,1,0.0,0.2,0.0
453,2026-04-27T08:36:02.565Z,S20260427_093533,SC01,AUTO,,29.2828,0.0705,start,0,1500,VIDE,0.0,0.0,0.0,0.0,0.0,0.0,0,0,0.0,0.0,0.0,0.0,0.0,0.0,0.2,2.0,1.0,0.05,1,0.0,0.2,0.0
454,2026-04-27T08:36:02.628Z,S20260427_093533,SC01,AUTO,,29.3455,0.0627,start,0,1500,VIDE,0.0,0.0,0.0,0.0,0.0,0.0,0,0,0.0,0.0,0.0,0.0,0.0,0.0,0.2,2.0,1.0,0.05,1,0.0,0.2,0.0
455,2026-04-27T08:36:02.690Z,S20260427_093533,SC01,AUTO,,29.4081,0.0627,start,0,1500,VIDE,0.0,0.0,0.0,0.0,0.0,0.0,0,0,0.0,0.0,0.0,0.0,0.0,0.0,0.2,2.0,1.0,0.05,1,0.0,0.2,0.0
456,2026-04-27T08:36:02.751Z,S20260427_093533,SC01,AUTO,,29.4693,0.0612,start,0,1500,VIDE,0.0,0.0,0.0,0.0,0.0,0.0,0,0,0.0,0.0,0.0,0.0,0.0,0.0,0.2,2.0,1.0,0.05,1,0.0,0.2,0.0
457,2026-04-27T08:36:02.814Z,S20260427_093533,SC01,AUTO,,29.5318,0.0624,start,0,1500,VIDE,0.0,0.0,0.0,0.0,0.0,0.0,0,0,0.0,0.0,0.0,0.0,0.0,0.0,0.2,2.0,1.0,0.05,1,0.0,0.2,0.0
458,2026-04-27T08:36:02.874Z,S20260427_093533,SC01,AUTO,,29.5916,0.0598,start,0,1500,VIDE,0.0,0.0,0.0,0.0,0.0,0.0,0,0,0.0,0.0,0.0,0.0,0.0,0.0,0.2,2.0,1.0,0.05,1,0.0,0.2,0.0
459,2026-04-27T08:36:02.934Z,S20260427_093533,SC01,AUTO,,29.6517,0.0601,start,0,1500,VIDE,0.0,0.0,0.0,0.0,0.0,0.0,0,0,0.0,0.0,0.0,0.0,0.0,0.0,0.2,2.0,1.0,0.05,1,0.0,0.2,0.0
460,2026-04-27T08:36:02.994Z,S20260427_093533,SC01,AUTO,,29.7116,0.0599,start,0,1500,VIDE,0.0,0.0,0.0,0.0,0.0,0.0,0,0,0.0,0.0,0.0,0.0,0.0,0.0,0.2,2.0,1.0,0.05,1,0.0,0.2,0.0
461,2026-04-27T08:36:03.062Z,S20260427_093533,SC01,AUTO,,29.7799,0.0683,start,0,1500,VIDE,0.0,0.0,0.0,0.0,0.0,0.0,0,0,0.0,0.0,0.0,0.0,0.0,0.0,0.2,2.0,1.0,0.05,1,0.0,0.2,0.0
462,2026-04-27T08:36:03.125Z,S20260427_093533,SC01,AUTO,,29.8426,0.0626,start,0,1500,VIDE,0.0,0.0,0.0,0.0,0.0,0.0,0,0,0.0,0.0,0.0,0.0,0.0,0.0,0.2,2.0,1.0,0.05,1,0.0,0.2,0.0
463,2026-04-27T08:36:03.188Z,S20260427_093533,SC01,AUTO,,29.9056,0.063,start,0,1500,VIDE,0.0,0.0,0.0,0.0,0.0,0.0,0,0,0.0,0.0,0.0,0.0,0.0,0.0,0.2,2.0,1.0,0.05,1,0.0,0.2,0.0
464,2026-04-27T08:36:03.251Z,S20260427_093533,SC01,AUTO,,29.9686,0.063,start,0,1500,VIDE,0.0,0.0,0.0,0.0,0.0,0.0,0,0,0.0,0.0,0.0,0.0,0.0,0.0,0.2,2.0,1.0,0.05,1,0.0,0.2,0.0
465,2026-04-27T08:36:03.314Z,S20260427_093533,SC01,AUTO,,30.0323,0.0637,start,0,1500,VIDE,0.0,0.0,0.0,0.0,0.0,0.0,0,0,0.0,0.0,0.0,0.0,0.0,0.0,0.2,2.0,1.0,0.05,1,0.0,0.2,0.0
466,2026-04-27T08:36:03.374Z,S20260427_093533,SC01,AUTO,,30.0922,0.0599,start,0,1500,VIDE,0.0,0.0,0.0,0.0,0.0,0.0,0,0,0.0,0.0,0.0,0.0,0.0,0.0,0.2,2.0,1.0,0.05,1,0.0,0.2,0.0
467,2026-04-27T08:36:03.434Z,S20260427_093533,SC01,AUTO,,30.152,0.0598,start,0,1500,VIDE,0.0,0.0,0.0,0.0,0.0,0.0,0,0,0.0,0.0,0.0,0.0,0.0,0.0,0.2,2.0,1.0,0.05,1,0.0,0.2,0.0
468,2026-04-27T08:36:03.494Z,S20260427_093533,SC01,AUTO,,30.2121,0.0601,start,0,1500,VIDE,0.0,0.0,0.0,0.0,0.0,0.0,0,0,0.0,0.0,0.0,0.0,0.0,0.0,0.2,2.0,1.0,0.05,1,0.0,0.2,0.0
469,2026-04-27T08:36:03.562Z,S20260427_093533,SC01,AUTO,,30.2795,0.0673,start,0,1500,VIDE,0.0,0.0,0.0,0.0,0.0,0.0,0,0,0.0,0.0,0.0,0.0,0.0,0.0,0.2,2.0,1.0,0.05,1,0.0,0.2,0.0
470,2026-04-27T08:36:03.624Z,S20260427_093533,SC01,AUTO,,30.3424,0.0629,start,0,1500,VIDE,0.0,0.0,0.0,0.0,0.0,0.0,0,0,0.0,0.0,0.0,0.0,0.0,0.0,0.2,2.0,1.0,0.05,1,0.0,0.2,0.0
471,2026-04-27T08:36:03.687Z,S20260427_093533,SC01,AUTO,,30.4054,0.0631,start,0,1500,VIDE,0.0,0.0,0.0,0.0,0.0,0.0,0,0,0.0,0.0,0.0,0.0,0.0,0.0,0.2,2.0,1.0,0.05,1,0.0,0.2,0.0
472,2026-04-27T08:36:03.748Z,S20260427_093533,SC01,AUTO,,30.4664,0.0609,start,0,1500,VIDE,0.0,0.0,0.0,0.0,0.0,0.0,0,0,0.0,0.0,0.0,0.0,0.0,0.0,0.2,2.0,1.0,0.05,1,0.0,0.2,0.0
473,2026-04-27T08:36:03.810Z,S20260427_093533,SC01,AUTO,,30.5283,0.0619,start,0,1500,VIDE,0.0,0.0,0.0,0.0,0.0,0.0,0,0,0.0,0.0,0.0,0.0,0.0,0.0,0.2,2.0,1.0,0.05,1,0.0,0.2,0.0
474,2026-04-27T08:36:03.872Z,S20260427_093533,SC01,AUTO,,30.5903,0.062,start,0,1500,VIDE,0.0,0.0,0.0,0.0,0.0,0.0,0,0,0.0,0.0,0.0,0.0,0.0,0.0,0.2,2.0,1.0,0.05,1,0.0,0.2,0.0
475,2026-04-27T08:36:03.934Z,S20260427_093533,SC01,AUTO,,30.652,0.0618,start,0,1500,VIDE,0.0,0.0,0.0,0.0,0.0,0.0,0,0,0.0,0.0,0.0,0.0,0.0,0.0,0.2,2.0,1.0,0.05,1,0.0,0.2,0.0
476,2026-04-27T08:36:03.994Z,S20260427_093533,SC01,AUTO,,30.7122,0.0601,start,0,1500,VIDE,0.0,0.0,0.0,0.0,0.0,0.0,0,0,0.0,0.0,0.0,0.0,0.0,0.0,0.2,2.0,1.0,0.05,1,0.0,0.2,0.0
477,2026-04-27T08:36:04.058Z,S20260427_093533,SC01,AUTO,,30.7756,0.0634,start,0,1500,VIDE,0.0,0.0,0.0,0.0,0.0,0.0,0,0,0.0,0.0,0.0,0.0,0.0,0.0,0.2,2.0,1.0,0.05,1,0.0,0.2,0.0
478,2026-04-27T08:36:04.120Z,S20260427_093533,SC01,AUTO,,30.8378,0.0622,start,0,1500,VIDE,0.0,0.0,0.0,0.0,0.0,0.0,0,0,0.0,0.0,0.0,0.0,0.0,0.0,0.2,2.0,1.0,0.05,1,0.0,0.2,0.0
479,2026-04-27T08:36:04.182Z,S20260427_093533,SC01,AUTO,,30.8997,0.0619,start,0,1500,VIDE,0.0,0.0,0.0,0.0,0.0,0.0,0,0,0.0,0.0,0.0,0.0,0.0,0.0,0.2,2.0,1.0,0.05,1,0.0,0.2,0.0
480,2026-04-27T08:36:04.244Z,S20260427_093533,SC01,AUTO,,30.9623,0.0626,start,0,1500,VIDE,0.0,0.0,0.0,0.0,0.0,0.0,0,0,0.0,0.0,0.0,0.0,0.0,0.0,0.2,2.0,1.0,0.05,1,0.0,0.2,0.0
481,2026-04-27T08:36:04.307Z,S20260427_093533,SC01,AUTO,,31.0245,0.0622,start,0,1500,VIDE,0.0,0.0,0.0,0.0,0.0,0.0,0,0,0.0,0.0,0.0,0.0,0.0,0.0,0.2,2.0,1.0,0.05,1,0.0,0.2,0.0
482,2026-04-27T08:36:04.369Z,S20260427_093533,SC01,AUTO,,31.0867,0.0621,start,0,1500,VIDE,0.0,0.0,0.0,0.0,0.0,0.0,0,0,0.0,0.0,0.0,0.0,0.0,0.0,0.2,2.0,1.0,0.05,1,0.0,0.2,0.0
483,2026-04-27T08:36:04.431Z,S20260427_093533,SC01,AUTO,,31.149,0.0623,start,0,1500,VIDE,0.0,0.0,0.0,0.0,0.0,0.0,0,0,0.0,0.0,0.0,0.0,0.0,0.0,0.2,2.0,1.0,0.05,1,0.0,0.2,0.0
484,2026-04-27T08:36:04.494Z,S20260427_093533,SC01,AUTO,,31.2116,0.0626,start,0,1500,VIDE,0.0,0.0,0.0,0.0,0.0,0.0,0,0,0.0,0.0,0.0,0.0,0.0,0.0,0.2,2.0,1.0,0.05,1,0.0,0.2,0.0
485,2026-04-27T08:36:04.569Z,S20260427_093533,SC01,AUTO,,31.2866,0.0751,start,0,1500,VIDE,0.0,0.0,0.0,0.0,0.0,0.0,0,0,0.0,0.0,0.0,0.0,0.0,0.0,0.2,2.0,1.0,0.05,1,0.0,0.2,0.0
486,2026-04-27T08:36:04.632Z,S20260427_093533,SC01,AUTO,,31.3495,0.0629,start,0,1500,VIDE,0.0,0.0,0.0,0.0,0.0,0.0,0,0,0.0,0.0,0.0,0.0,0.0,0.0,0.2,2.0,1.0,0.05,1,0.0,0.2,0.0
487,2026-04-27T08:36:04.694Z,S20260427_093533,SC01,AUTO,,31.4121,0.0625,start,0,1500,VIDE,0.0,0.0,0.0,0.0,0.0,0.0,0,0,0.0,0.0,0.0,0.0,0.0,0.0,0.2,2.0,1.0,0.05,1,0.0,0.2,0.0
488,2026-04-27T08:36:04.743Z,S20260427_093533,SC01,AUTO,,31.4612,0.0492,start,0,1500,VIDE,0.0,0.0,0.0,0.0,0.0,0.0,0,0,0.0,0.0,0.0,0.0,0.0,0.0,0.2,2.0,1.0,0.05,1,0.0,0.2,0.0
489,2026-04-27T08:36:04.814Z,S20260427_093533,SC01,AUTO,,31.5315,0.0703,start,0,1500,VIDE,0.0,0.0,0.0,0.0,0.0,0.0,0,0,0.0,0.0,0.0,0.0,0.0,0.0,0.2,2.0,1.0,0.05,1,0.0,0.2,0.0
490,2026-04-27T08:36:04.874Z,S20260427_093533,SC01,AUTO,,31.5917,0.0602,start,0,1500,VIDE,0.0,0.0,0.0,0.0,0.0,0.0,0,0,0.0,0.0,0.0,0.0,0.0,0.0,0.2,2.0,1.0,0.05,1,0.0,0.2,0.0
491,2026-04-27T08:36:04.934Z,S20260427_093533,SC01,AUTO,,31.6518,0.0602,start,0,1500,VIDE,0.0,0.0,0.0,0.0,0.0,0.0,0,0,0.0,0.0,0.0,0.0,0.0,0.0,0.2,2.0,1.0,0.05,1,0.0,0.2,0.0
492,2026-04-27T08:36:04.994Z,S20260427_093533,SC01,AUTO,,31.7122,0.0604,start,0,1500,VIDE,0.0,0.0,0.0,0.0,0.0,0.0,0,0,0.0,0.0,0.0,0.0,0.0,0.0,0.2,2.0,1.0,0.05,1,0.0,0.2,0.0
493,2026-04-27T08:36:05.067Z,S20260427_093533,SC01,AUTO,,31.7854,0.0732,start,0,1500,VIDE,0.0,0.0,0.0,0.0,0.0,0.0,0,0,0.0,0.0,0.0,0.0,0.0,0.0,0.2,2.0,1.0,0.05,1,0.0,0.2,0.0
494,2026-04-27T08:36:05.129Z,S20260427_093533,SC01,AUTO,,31.8472,0.0618,start,0,1500,VIDE,0.0,0.0,0.0,0.0,0.0,0.0,0,0,0.0,0.0,0.0,0.0,0.0,0.0,0.2,2.0,1.0,0.05,1,0.0,0.2,0.0
495,2026-04-27T08:36:05.192Z,S20260427_093533,SC01,AUTO,,31.9097,0.0625,start,0,1500,VIDE,0.0,0.0,0.0,0.0,0.0,0.0,0,0,0.0,0.0,0.0,0.0,0.0,0.0,0.2,2.0,1.0,0.05,1,0.0,0.2,0.0
496,2026-04-27T08:36:05.254Z,S20260427_093533,SC01,AUTO,,31.9717,0.062,start,0,1500,VIDE,0.0,0.0,0.0,0.0,0.0,0.0,0,0,0.0,0.0,0.0,0.0,0.0,0.0,0.2,2.0,1.0,0.05,1,0.0,0.2,0.0
497,2026-04-27T08:36:05.315Z,S20260427_093533,SC01,AUTO,,32.0325,0.0608,start,0,1500,VIDE,0.0,0.0,0.0,0.0,0.0,0.0,0,0,0.0,0.0,0.0,0.0,0.0,0.0,0.2,2.0,1.0,0.05,1,0.0,0.2,0.0
498,2026-04-27T08:36:05.375Z,S20260427_093533,SC01,AUTO,,32.0925,0.06,start,0,1500,VIDE,0.0,0.0,0.0,0.0,0.0,0.0,0,0,0.0,0.0,0.0,0.0,0.0,0.0,0.2,2.0,1.0,0.05,1,0.0,0.2,0.0
499,2026-04-27T08:36:05.433Z,S20260427_093533,SC01,AUTO,,32.1514,0.0589,start,0,1500,VIDE,0.0,0.0,0.0,0.0,0.0,0.0,0,0,0.0,0.0,0.0,0.0,0.0,0.0,0.2,2.0,1.0,0.05,1,0.0,0.2,0.0
500,2026-04-27T08:36:05.493Z,S20260427_093533,SC01,AUTO,,32.2114,0.06,start,0,1500,VIDE,0.0,0.0,0.0,0.0,0.0,0.0,0,0,0.0,0.0,0.0,0.0,0.0,0.0,0.2,2.0,1.0,0.05,1,0.0,0.2,0.0
501,2026-04-27T08:36:05.565Z,S20260427_093533,SC01,AUTO,,32.2826,0.0712,start,0,1500,VIDE,0.0,0.0,0.0,0.0,0.0,0.0,0,0,0.0,0.0,0.0,0.0,0.0,0.0,0.2,2.0,1.0,0.05,1,0.0,0.2,0.0
502,2026-04-27T08:36:05.626Z,S20260427_093533,SC01,AUTO,,32.3444,0.0617,start,0,1500,VIDE,0.0,0.0,0.0,0.0,0.0,0.0,0,0,0.0,0.0,0.0,0.0,0.0,0.0,0.2,2.0,1.0,0.05,1,0.0,0.2,0.0
503,2026-04-27T08:36:05.690Z,S20260427_093533,SC01,AUTO,,32.408,0.0636,start,0,1500,VIDE,0.0,0.0,0.0,0.0,0.0,0.0,0,0,0.0,0.0,0.0,0.0,0.0,0.0,0.2,2.0,1.0,0.05,1,0.0,0.2,0.0
504,2026-04-27T08:36:05.752Z,S20260427_093533,SC01,AUTO,,32.4699,0.062,start,0,1500,VIDE,0.0,0.0,0.0,0.0,0.0,0.0,0,0,0.0,0.0,0.0,0.0,0.0,0.0,0.2,2.0,1.0,0.05,1,0.0,0.2,0.0
505,2026-04-27T08:36:05.814Z,S20260427_093533,SC01,AUTO,,32.532,0.062,start,0,1500,VIDE,0.0,0.0,0.0,0.0,0.0,0.0,0,0,0.0,0.0,0.0,0.0,0.0,0.0,0.2,2.0,1.0,0.05,1,0.0,0.2,0.0
506,2026-04-27T08:36:05.875Z,S20260427_093533,SC01,AUTO,,32.5927,0.0607,start,0,1500,VIDE,0.0,0.0,0.0,0.0,0.0,0.0,0,0,0.0,0.0,0.0,0.0,0.0,0.0,0.2,2.0,1.0,0.05,1,0.0,0.2,0.0
507,2026-04-27T08:36:05.934Z,S20260427_093533,SC01,AUTO,,32.6521,0.0594,start,0,1500,VIDE,0.0,0.0,0.0,0.0,0.0,0.0,0,0,0.0,0.0,0.0,0.0,0.0,0.0,0.2,2.0,1.0,0.05,1,0.0,0.2,0.0
508,2026-04-27T08:36:05.995Z,S20260427_093533,SC01,AUTO,,32.7125,0.0604,start,0,1500,VIDE,0.0,0.0,0.0,0.0,0.0,0.0,0,0,0.0,0.0,0.0,0.0,0.0,0.0,0.2,2.0,1.0,0.05,1,0.0,0.2,0.0
509,2026-04-27T08:36:06.062Z,S20260427_093533,SC01,AUTO,,32.7798,0.0673,start,0,1500,VIDE,0.0,0.0,0.0,0.0,0.0,0.0,0,0,0.0,0.0,0.0,0.0,0.0,0.0,0.2,2.0,1.0,0.05,1,0.0,0.2,0.0
510,2026-04-27T08:36:06.124Z,S20260427_093533,SC01,AUTO,,32.8415,0.0617,start,0,1500,VIDE,0.0,0.0,0.0,0.0,0.0,0.0,0,0,0.0,0.0,0.0,0.0,0.0,0.0,0.2,2.0,1.0,0.05,1,0.0,0.2,0.0
511,2026-04-27T08:36:06.187Z,S20260427_093533,SC01,AUTO,,32.9046,0.0631,start,0,1500,VIDE,0.0,0.0,0.0,0.0,0.0,0.0,0,0,0.0,0.0,0.0,0.0,0.0,0.0,0.2,2.0,1.0,0.05,1,0.0,0.2,0.0
512,2026-04-27T08:36:06.249Z,S20260427_093533,SC01,AUTO,,32.9666,0.062,start,0,1500,VIDE,0.0,0.0,0.0,0.0,0.0,0.0,0,0,0.0,0.0,0.0,0.0,0.0,0.0,0.2,2.0,1.0,0.05,1,0.0,0.2,0.0
513,2026-04-27T08:36:06.312Z,S20260427_093533,SC01,AUTO,,33.0298,0.0633,start,0,1500,VIDE,0.0,0.0,0.0,0.0,0.0,0.0,0,0,0.0,0.0,0.0,0.0,0.0,0.0,0.2,2.0,1.0,0.05,1,0.0,0.2,0.0
514,2026-04-27T08:36:06.374Z,S20260427_093533,SC01,AUTO,,33.0917,0.0618,start,0,1500,VIDE,0.0,0.0,0.0,0.0,0.0,0.0,0,0,0.0,0.0,0.0,0.0,0.0,0.0,0.2,2.0,1.0,0.05,1,0.0,0.2,0.0
515,2026-04-27T08:36:06.434Z,S20260427_093533,SC01,AUTO,,33.1517,0.06,start,0,1500,VIDE,0.0,0.0,0.0,0.0,0.0,0.0,0,0,0.0,0.0,0.0,0.0,0.0,0.0,0.2,2.0,1.0,0.05,1,0.0,0.2,0.0
516,2026-04-27T08:36:06.493Z,S20260427_093533,SC01,AUTO,,33.2113,0.0596,start,0,1500,VIDE,0.0,0.0,0.0,0.0,0.0,0.0,0,0,0.0,0.0,0.0,0.0,0.0,0.0,0.2,2.0,1.0,0.05,1,0.0,0.2,0.0
517,2026-04-27T08:36:06.563Z,S20260427_093533,SC01,AUTO,,33.2807,0.0694,start,0,1500,VIDE,0.0,0.0,0.0,0.0,0.0,0.0,0,0,0.0,0.0,0.0,0.0,0.0,0.0,0.2,2.0,1.0,0.05,1,0.0,0.2,0.0
518,2026-04-27T08:36:06.625Z,S20260427_093533,SC01,AUTO,,33.3427,0.062,start,0,1500,VIDE,0.0,0.0,0.0,0.0,0.0,0.0,0,0,0.0,0.0,0.0,0.0,0.0,0.0,0.2,2.0,1.0,0.05,1,0.0,0.2,0.0
519,2026-04-27T08:36:06.688Z,S20260427_093533,SC01,AUTO,,33.4056,0.063,start,0,1500,VIDE,0.0,0.0,0.0,0.0,0.0,0.0,0,0,0.0,0.0,0.0,0.0,0.0,0.0,0.2,2.0,1.0,0.05,1,0.0,0.2,0.0
520,2026-04-27T08:36:06.750Z,S20260427_093533,SC01,AUTO,,33.4676,0.062,start,0,1500,VIDE,0.0,0.0,0.0,0.0,0.0,0.0,0,0,0.0,0.0,0.0,0.0,0.0,0.0,0.2,2.0,1.0,0.05,1,0.0,0.2,0.0
521,2026-04-27T08:36:06.811Z,S20260427_093533,SC01,AUTO,,33.5294,0.0618,start,0,1500,VIDE,0.0,0.0,0.0,0.0,0.0,0.0,0,0,0.0,0.0,0.0,0.0,0.0,0.0,0.2,2.0,1.0,0.05,1,0.0,0.2,0.0
522,2026-04-27T08:36:06.874Z,S20260427_093533,SC01,AUTO,,33.5921,0.0627,start,0,1500,VIDE,0.0,0.0,0.0,0.0,0.0,0.0,0,0,0.0,0.0,0.0,0.0,0.0,0.0,0.2,2.0,1.0,0.05,1,0.0,0.2,0.0
523,2026-04-27T08:36:06.934Z,S20260427_093533,SC01,AUTO,,33.6516,0.0595,start,0,1500,VIDE,0.0,0.0,0.0,0.0,0.0,0.0,0,0,0.0,0.0,0.0,0.0,0.0,0.0,0.2,2.0,1.0,0.05,1,0.0,0.2,0.0
524,2026-04-27T08:36:06.994Z,S20260427_093533,SC01,AUTO,,33.7117,0.0601,start,0,1500,VIDE,0.0,0.0,0.0,0.0,0.0,0.0,0,0,0.0,0.0,0.0,0.0,0.0,0.0,0.2,2.0,1.0,0.05,1,0.0,0.2,0.0
525,2026-04-27T08:36:07.062Z,S20260427_093533,SC01,AUTO,,33.78,0.0683,start,0,1500,VIDE,0.0,0.0,0.0,0.0,0.0,0.0,0,0,0.0,0.0,0.0,0.0,0.0,0.0,0.2,2.0,1.0,0.05,1,0.0,0.2,0.0
526,2026-04-27T08:36:07.123Z,S20260427_093533,SC01,AUTO,,33.8409,0.061,start,0,1500,VIDE,0.0,0.0,0.0,0.0,0.0,0.0,0,0,0.0,0.0,0.0,0.0,0.0,0.0,0.2,2.0,1.0,0.05,1,0.0,0.2,0.0
527,2026-04-27T08:36:07.186Z,S20260427_093533,SC01,AUTO,,33.9041,0.0631,start,0,1500,VIDE,0.0,0.0,0.0,0.0,0.0,0.0,0,0,0.0,0.0,0.0,0.0,0.0,0.0,0.2,2.0,1.0,0.05,1,0.0,0.2,0.0
528,2026-04-27T08:36:07.249Z,S20260427_093533,SC01,AUTO,,33.9666,0.0625,start,0,1500,VIDE,0.0,0.0,0.0,0.0,0.0,0.0,0,0,0.0,0.0,0.0,0.0,0.0,0.0,0.2,2.0,1.0,0.05,1,0.0,0.2,0.0
529,2026-04-27T08:36:07.312Z,S20260427_093533,SC01,AUTO,,34.0295,0.063,start,0,1500,VIDE,0.0,0.0,0.0,0.0,0.0,0.0,0,0,0.0,0.0,0.0,0.0,0.0,0.0,0.2,2.0,1.0,0.05,1,0.0,0.2,0.0
530,2026-04-27T08:36:07.373Z,S20260427_093533,SC01,AUTO,,34.0911,0.0615,start,0,1500,VIDE,0.0,0.0,0.0,0.0,0.0,0.0,0,0,0.0,0.0,0.0,0.0,0.0,0.0,0.2,2.0,1.0,0.05,1,0.0,0.2,0.0
531,2026-04-27T08:36:07.434Z,S20260427_093533,SC01,AUTO,,34.1521,0.0611,start,0,1500,VIDE,0.0,0.0,0.0,0.0,0.0,0.0,0,0,0.0,0.0,0.0,0.0,0.0,0.0,0.2,2.0,1.0,0.05,1,0.0,0.2,0.0
532,2026-04-27T08:36:07.494Z,S20260427_093533,SC01,AUTO,,34.2117,0.0596,start,0,1500,VIDE,0.0,0.0,0.0,0.0,0.0,0.0,0,0,0.0,0.0,0.0,0.0,0.0,0.0,0.2,2.0,1.0,0.05,1,0.0,0.2,0.0
533,2026-04-27T08:36:07.558Z,S20260427_093533,SC01,AUTO,,34.2757,0.064,start,0,1500,VIDE,0.0,0.0,0.0,0.0,0.0,0.0,0,0,0.0,0.0,0.0,0.0,0.0,0.0,0.2,2.0,1.0,0.05,1,0.0,0.2,0.0
534,2026-04-27T08:36:07.619Z,S20260427_093533,SC01,AUTO,,34.3369,0.0611,start,0,1500,VIDE,0.0,0.0,0.0,0.0,0.0,0.0,0,0,0.0,0.0,0.0,0.0,0.0,0.0,0.2,2.0,1.0,0.05,1,0.0,0.2,0.0
535,2026-04-27T08:36:07.681Z,S20260427_093533,SC01,AUTO,,34.3986,0.0618,start,0,1500,VIDE,0.0,0.0,0.0,0.0,0.0,0.0,0,0,0.0,0.0,0.0,0.0,0.0,0.0,0.2,2.0,1.0,0.05,1,0.0,0.2,0.0
536,2026-04-27T08:36:07.745Z,S20260427_093533,SC01,AUTO,,34.4625,0.0639,start,0,1500,VIDE,0.0,0.0,0.0,0.0,0.0,0.0,0,0,0.0,0.0,0.0,0.0,0.0,0.0,0.2,2.0,1.0,0.05,1,0.0,0.2,0.0
537,2026-04-27T08:36:07.806Z,S20260427_093533,SC01,AUTO,,34.5237,0.0611,start,0,1500,VIDE,0.0,0.0,0.0,0.0,0.0,0.0,0,0,0.0,0.0,0.0,0.0,0.0,0.0,0.2,2.0,1.0,0.05,1,0.0,0.2,0.0
538,2026-04-27T08:36:07.868Z,S20260427_093533,SC01,AUTO,,34.5856,0.062,start,0,1500,VIDE,0.0,0.0,0.0,0.0,0.0,0.0,0,0,0.0,0.0,0.0,0.0,0.0,0.0,0.2,2.0,1.0,0.05,1,0.0,0.2,0.0
539,2026-04-27T08:36:07.934Z,S20260427_093533,SC01,AUTO,,34.6521,0.0665,start,0,1500,VIDE,0.0,0.0,0.0,0.0,0.0,0.0,0,0,0.0,0.0,0.0,0.0,0.0,0.0,0.2,2.0,1.0,0.05,1,0.0,0.2,0.0
540,2026-04-27T08:36:07.994Z,S20260427_093533,SC01,AUTO,,34.7116,0.0595,start,0,1500,VIDE,0.0,0.0,0.0,0.0,0.0,0.0,0,0,0.0,0.0,0.0,0.0,0.0,0.0,0.2,2.0,1.0,0.05,1,0.0,0.2,0.0
541,2026-04-27T08:36:08.069Z,S20260427_093533,SC01,AUTO,,34.7867,0.0751,start,0,1500,VIDE,0.0,0.0,0.0,0.0,0.0,0.0,0,0,0.0,0.0,0.0,0.0,0.0,0.0,0.2,2.0,1.0,0.05,1,0.0,0.2,0.0
542,2026-04-27T08:36:08.130Z,S20260427_093533,SC01,AUTO,,34.848,0.0614,start,0,1500,VIDE,0.0,0.0,0.0,0.0,0.0,0.0,0,0,0.0,0.0,0.0,0.0,0.0,0.0,0.2,2.0,1.0,0.05,1,0.0,0.2,0.0
543,2026-04-27T08:36:08.192Z,S20260427_093533,SC01,AUTO,,34.9097,0.0616,start,0,1500,VIDE,0.0,0.0,0.0,0.0,0.0,0.0,0,0,0.0,0.0,0.0,0.0,0.0,0.0,0.2,2.0,1.0,0.05,1,0.0,0.2,0.0
544,2026-04-27T08:36:08.253Z,S20260427_093533,SC01,AUTO,,34.9711,0.0614,start,0,1500,VIDE,0.0,0.0,0.0,0.0,0.0,0.0,0,0,0.0,0.0,0.0,0.0,0.0,0.0,0.2,2.0,1.0,0.05,1,0.0,0.2,0.0
545,2026-04-27T08:36:08.315Z,S20260427_093533,SC01,AUTO,,35.0326,0.0615,start,0,1500,VIDE,0.0,0.0,0.0,0.0,0.0,0.0,0,0,0.0,0.0,0.0,0.0,0.0,0.0,0.2,2.0,1.0,0.05,1,0.0,0.2,0.0
546,2026-04-27T08:36:08.374Z,S20260427_093533,SC01,AUTO,,35.0918,0.0592,start,0,1500,VIDE,0.0,0.0,0.0,0.0,0.0,0.0,0,0,0.0,0.0,0.0,0.0,0.0,0.0,0.2,2.0,1.0,0.05,1,0.0,0.2,0.0
547,2026-04-27T08:36:08.434Z,S20260427_093533,SC01,AUTO,,35.1516,0.0598,start,0,1500,VIDE,0.0,0.0,0.0,0.0,0.0,0.0,0,0,0.0,0.0,0.0,0.0,0.0,0.0,0.2,2.0,1.0,0.05,1,0.0,0.2,0.0
548,2026-04-27T08:36:08.494Z,S20260427_093533,SC01,AUTO,,35.2124,0.0608,start,0,1500,VIDE,0.0,0.0,0.0,0.0,0.0,0.0,0,0,0.0,0.0,0.0,0.0,0.0,0.0,0.2,2.0,1.0,0.05,1,0.0,0.2,0.0
549,2026-04-27T08:36:08.564Z,S20260427_093533,SC01,AUTO,,35.282,0.0695,start,0,1500,VIDE,0.0,0.0,0.0,0.0,0.0,0.0,0,0,0.0,0.0,0.0,0.0,0.0,0.0,0.2,2.0,1.0,0.05,1,0.0,0.2,0.0
550,2026-04-27T08:36:08.627Z,S20260427_093533,SC01,AUTO,,35.3448,0.0629,start,0,1500,VIDE,0.0,0.0,0.0,0.0,0.0,0.0,0,0,0.0,0.0,0.0,0.0,0.0,0.0,0.2,2.0,1.0,0.05,1,0.0,0.2,0.0
551,2026-04-27T08:36:08.688Z,S20260427_093533,SC01,AUTO,,35.4064,0.0615,start,0,1500,VIDE,0.0,0.0,0.0,0.0,0.0,0.0,0,0,0.0,0.0,0.0,0.0,0.0,0.0,0.2,2.0,1.0,0.05,1,0.0,0.2,0.0
552,2026-04-27T08:36:08.750Z,S20260427_093533,SC01,AUTO,,35.4675,0.0612,start,0,1500,VIDE,0.0,0.0,0.0,0.0,0.0,0.0,0,0,0.0,0.0,0.0,0.0,0.0,0.0,0.2,2.0,1.0,0.05,1,0.0,0.2,0.0
553,2026-04-27T08:36:08.813Z,S20260427_093533,SC01,AUTO,,35.5309,0.0634,start,0,1500,VIDE,0.0,0.0,0.0,0.0,0.0,0.0,0,0,0.0,0.0,0.0,0.0,0.0,0.0,0.2,2.0,1.0,0.05,1,0.0,0.2,0.0
554,2026-04-27T08:36:08.874Z,S20260427_093533,SC01,AUTO,,35.5921,0.0612,start,0,1500,VIDE,0.0,0.0,0.0,0.0,0.0,0.0,0,0,0.0,0.0,0.0,0.0,0.0,0.0,0.2,2.0,1.0,0.05,1,0.0,0.2,0.0
555,2026-04-27T08:36:08.934Z,S20260427_093533,SC01,AUTO,,35.6516,0.0595,start,0,1500,VIDE,0.0,0.0,0.0,0.0,0.0,0.0,0,0,0.0,0.0,0.0,0.0,0.0,0.0,0.2,2.0,1.0,0.05,1,0.0,0.2,0.0
556,2026-04-27T08:36:08.994Z,S20260427_093533,SC01,AUTO,,35.7115,0.0599,start,0,1500,VIDE,0.0,0.0,0.0,0.0,0.0,0.0,0,0,0.0,0.0,0.0,0.0,0.0,0.0,0.2,2.0,1.0,0.05,1,0.0,0.2,0.0
557,2026-04-27T08:36:09.062Z,S20260427_093533,SC01,AUTO,,35.7804,0.0689,start,0,1500,VIDE,0.0,0.0,0.0,0.0,0.0,0.0,0,0,0.0,0.0,0.0,0.0,0.0,0.0,0.2,2.0,1.0,0.05,1,0.0,0.2,0.0
558,2026-04-27T08:36:09.124Z,S20260427_093533,SC01,AUTO,,35.8422,0.0619,start,0,1500,VIDE,0.0,0.0,0.0,0.0,0.0,0.0,0,0,0.0,0.0,0.0,0.0,0.0,0.0,0.2,2.0,1.0,0.05,1,0.0,0.2,0.0
559,2026-04-27T08:36:09.186Z,S20260427_093533,SC01,AUTO,,35.9038,0.0616,start,0,1500,VIDE,0.0,0.0,0.0,0.0,0.0,0.0,0,0,0.0,0.0,0.0,0.0,0.0,0.0,0.2,2.0,1.0,0.05,1,0.0,0.2,0.0
560,2026-04-27T08:36:09.248Z,S20260427_093533,SC01,AUTO,,35.966,0.0621,start,0,1500,VIDE,0.0,0.0,0.0,0.0,0.0,0.0,0,0,0.0,0.0,0.0,0.0,0.0,0.0,0.2,2.0,1.0,0.05,1,0.0,0.2,0.0
561,2026-04-27T08:36:09.311Z,S20260427_093533,SC01,AUTO,,36.0289,0.063,start,0,1500,VIDE,0.0,0.0,0.0,0.0,0.0,0.0,0,0,0.0,0.0,0.0,0.0,0.0,0.0,0.2,2.0,1.0,0.05,1,0.0,0.2,0.0
562,2026-04-27T08:36:09.372Z,S20260427_093533,SC01,AUTO,,36.0895,0.0605,start,0,1500,VIDE,0.0,0.0,0.0,0.0,0.0,0.0,0,0,0.0,0.0,0.0,0.0,0.0,0.0,0.2,2.0,1.0,0.05,1,0.0,0.2,0.0
563,2026-04-27T08:36:09.434Z,S20260427_093533,SC01,AUTO,,36.1517,0.0623,start,0,1500,VIDE,0.0,0.0,0.0,0.0,0.0,0.0,0,0,0.0,0.0,0.0,0.0,0.0,0.0,0.2,2.0,1.0,0.05,1,0.0,0.2,0.0
564,2026-04-27T08:36:09.494Z,S20260427_093533,SC01,AUTO,,36.2117,0.06,start,0,1500,VIDE,0.0,0.0,0.0,0.0,0.0,0.0,0,0,0.0,0.0,0.0,0.0,0.0,0.0,0.2,2.0,1.0,0.05,1,0.0,0.2,0.0
565,2026-04-27T08:36:09.557Z,S20260427_093533,SC01,AUTO,,36.275,0.0632,start,0,1500,VIDE,0.0,0.0,0.0,0.0,0.0,0.0,0,0,0.0,0.0,0.0,0.0,0.0,0.0,0.2,2.0,1.0,0.05,1,0.0,0.2,0.0
566,2026-04-27T08:36:09.618Z,S20260427_093533,SC01,AUTO,,36.3361,0.0612,start,0,1500,VIDE,0.0,0.0,0.0,0.0,0.0,0.0,0,0,0.0,0.0,0.0,0.0,0.0,0.0,0.2,2.0,1.0,0.05,1,0.0,0.2,0.0
567,2026-04-27T08:36:09.694Z,S20260427_093533,SC01,AUTO,,36.4121,0.076,start,0,1500,VIDE,0.0,0.0,0.0,0.0,0.0,0.0,0,0,0.0,0.0,0.0,0.0,0.0,0.0,0.2,2.0,1.0,0.05,1,0.0,0.2,0.0
568,2026-04-27T08:36:09.754Z,S20260427_093533,SC01,AUTO,,36.4717,0.0596,start,0,1500,VIDE,0.0,0.0,0.0,0.0,0.0,0.0,0,0,0.0,0.0,0.0,0.0,0.0,0.0,0.2,2.0,1.0,0.05,1,0.0,0.2,0.0
569,2026-04-27T08:36:09.814Z,S20260427_093533,SC01,AUTO,,36.5316,0.0599,start,0,1500,VIDE,0.0,0.0,0.0,0.0,0.0,0.0,0,0,0.0,0.0,0.0,0.0,0.0,0.0,0.2,2.0,1.0,0.05,1,0.0,0.2,0.0
570,2026-04-27T08:36:09.874Z,S20260427_093533,SC01,AUTO,,36.5923,0.0607,start,0,1500,VIDE,0.0,0.0,0.0,0.0,0.0,0.0,0,0,0.0,0.0,0.0,0.0,0.0,0.0,0.2,2.0,1.0,0.05,1,0.0,0.2,0.0
571,2026-04-27T08:36:09.934Z,S20260427_093533,SC01,AUTO,,36.6518,0.0595,start,0,1500,VIDE,0.0,0.0,0.0,0.0,0.0,0.0,0,0,0.0,0.0,0.0,0.0,0.0,0.0,0.2,2.0,1.0,0.05,1,0.0,0.2,0.0
572,2026-04-27T08:36:09.993Z,S20260427_093533,SC01,AUTO,,36.7113,0.0595,start,0,1500,VIDE,0.0,0.0,0.0,0.0,0.0,0.0,0,0,0.0,0.0,0.0,0.0,0.0,0.0,0.2,2.0,1.0,0.05,1,0.0,0.2,0.0
573,2026-04-27T08:36:10.067Z,S20260427_093533,SC01,AUTO,,36.7853,0.0739,start,0,1500,VIDE,0.0,0.0,0.0,0.0,0.0,0.0,0,0,0.0,0.0,0.0,0.0,0.0,0.0,0.2,2.0,1.0,0.05,1,0.0,0.2,0.0
574,2026-04-27T08:36:10.129Z,S20260427_093533,SC01,AUTO,,36.8474,0.0621,start,0,1500,VIDE,0.0,0.0,0.0,0.0,0.0,0.0,0,0,0.0,0.0,0.0,0.0,0.0,0.0,0.2,2.0,1.0,0.05,1,0.0,0.2,0.0
575,2026-04-27T08:36:10.191Z,S20260427_093533,SC01,AUTO,,36.9091,0.0618,start,0,1500,VIDE,0.0,0.0,0.0,0.0,0.0,0.0,0,0,0.0,0.0,0.0,0.0,0.0,0.0,0.2,2.0,1.0,0.05,1,0.0,0.2,0.0
576,2026-04-27T08:36:10.252Z,S20260427_093533,SC01,AUTO,,36.9697,0.0606,start,0,1500,VIDE,0.0,0.0,0.0,0.0,0.0,0.0,0,0,0.0,0.0,0.0,0.0,0.0,0.0,0.2,2.0,1.0,0.05,1,0.0,0.2,0.0
577,2026-04-27T08:36:10.313Z,S20260427_093533,SC01,AUTO,,37.0307,0.0609,start,0,1500,VIDE,0.0,0.0,0.0,0.0,0.0,0.0,0,0,0.0,0.0,0.0,0.0,0.0,0.0,0.2,2.0,1.0,0.05,1,0.0,0.2,0.0
578,2026-04-27T08:36:10.373Z,S20260427_093533,SC01,AUTO,,37.0914,0.0607,start,0,1500,VIDE,0.0,0.0,0.0,0.0,0.0,0.0,0,0,0.0,0.0,0.0,0.0,0.0,0.0,0.2,2.0,1.0,0.05,1,0.0,0.2,0.0
579,2026-04-27T08:36:10.434Z,S20260427_093533,SC01,AUTO,,37.1518,0.0604,start,0,1500,VIDE,0.0,0.0,0.0,0.0,0.0,0.0,0,0,0.0,0.0,0.0,0.0,0.0,0.0,0.2,2.0,1.0,0.05,1,0.0,0.2,0.0
580,2026-04-27T08:36:10.494Z,S20260427_093533,SC01,AUTO,,37.2121,0.0603,start,0,1500,VIDE,0.0,0.0,0.0,0.0,0.0,0.0,0,0,0.0,0.0,0.0,0.0,0.0,0.0,0.2,2.0,1.0,0.05,1,0.0,0.2,0.0
581,2026-04-27T08:36:10.558Z,S20260427_093533,SC01,AUTO,,37.276,0.0639,start,0,1500,VIDE,0.0,0.0,0.0,0.0,0.0,0.0,0,0,0.0,0.0,0.0,0.0,0.0,0.0,0.2,2.0,1.0,0.05,1,0.0,0.2,0.0
582,2026-04-27T08:36:10.619Z,S20260427_093533,SC01,AUTO,,37.3372,0.0612,start,0,1500,VIDE,0.0,0.0,0.0,0.0,0.0,0.0,0,0,0.0,0.0,0.0,0.0,0.0,0.0,0.2,2.0,1.0,0.05,1,0.0,0.2,0.0
583,2026-04-27T08:36:10.694Z,S20260427_093533,SC01,AUTO,,37.4124,0.0751,start,0,1500,VIDE,0.0,0.0,0.0,0.0,0.0,0.0,0,0,0.0,0.0,0.0,0.0,0.0,0.0,0.2,2.0,1.0,0.05,1,0.0,0.2,0.0
584,2026-04-27T08:36:10.745Z,S20260427_093533,SC01,AUTO,,37.4625,0.0502,start,0,1500,VIDE,0.0,0.0,0.0,0.0,0.0,0.0,0,0,0.0,0.0,0.0,0.0,0.0,0.0,0.2,2.0,1.0,0.05,1,0.0,0.2,0.0
585,2026-04-27T08:36:10.814Z,S20260427_093533,SC01,AUTO,,37.5315,0.0689,start,0,1500,VIDE,0.0,0.0,0.0,0.0,0.0,0.0,0,0,0.0,0.0,0.0,0.0,0.0,0.0,0.2,2.0,1.0,0.05,1,0.0,0.2,0.0
586,2026-04-27T08:36:10.874Z,S20260427_093533,SC01,AUTO,,37.5921,0.0607,start,0,1500,VIDE,0.0,0.0,0.0,0.0,0.0,0.0,0,0,0.0,0.0,0.0,0.0,0.0,0.0,0.2,2.0,1.0,0.05,1,0.0,0.2,0.0
587,2026-04-27T08:36:10.934Z,S20260427_093533,SC01,AUTO,,37.6515,0.0594,start,0,1500,VIDE,0.0,0.0,0.0,0.0,0.0,0.0,0,0,0.0,0.0,0.0,0.0,0.0,0.0,0.2,2.0,1.0,0.05,1,0.0,0.2,0.0
588,2026-04-27T08:36:10.994Z,S20260427_093533,SC01,AUTO,,37.7117,0.0603,start,0,1500,VIDE,0.0,0.0,0.0,0.0,0.0,0.0,0,0,0.0,0.0,0.0,0.0,0.0,0.0,0.2,2.0,1.0,0.05,1,0.0,0.2,0.0
589,2026-04-27T08:36:11.068Z,S20260427_093533,SC01,AUTO,,37.7858,0.0741,start,0,1500,VIDE,0.0,0.0,0.0,0.0,0.0,0.0,0,0,0.0,0.0,0.0,0.0,0.0,0.0,0.2,2.0,1.0,0.05,1,0.0,0.2,0.0
590,2026-04-27T08:36:11.130Z,S20260427_093533,SC01,AUTO,,37.8481,0.0622,start,0,1500,VIDE,0.0,0.0,0.0,0.0,0.0,0.0,0,0,0.0,0.0,0.0,0.0,0.0,0.0,0.2,2.0,1.0,0.05,1,0.0,0.2,0.0
591,2026-04-27T08:36:11.193Z,S20260427_093533,SC01,AUTO,,37.9106,0.0626,start,0,1500,VIDE,0.0,0.0,0.0,0.0,0.0,0.0,0,0,0.0,0.0,0.0,0.0,0.0,0.0,0.2,2.0,1.0,0.05,1,0.0,0.2,0.0
592,2026-04-27T08:36:11.254Z,S20260427_093533,SC01,AUTO,,37.9724,0.0617,start,0,1500,VIDE,0.0,0.0,0.0,0.0,0.0,0.0,0,0,0.0,0.0,0.0,0.0,0.0,0.0,0.2,2.0,1.0,0.05,1,0.0,0.2,0.0
593,2026-04-27T08:36:11.314Z,S20260427_093533,SC01,AUTO,,38.0324,0.06,start,0,1500,VIDE,0.0,0.0,0.0,0.0,0.0,0.0,0,0,0.0,0.0,0.0,0.0,0.0,0.0,0.2,2.0,1.0,0.05,1,0.0,0.2,0.0
594,2026-04-27T08:36:11.374Z,S20260427_093533,SC01,AUTO,,38.0917,0.0593,start,0,1500,VIDE,0.0,0.0,0.0,0.0,0.0,0.0,0,0,0.0,0.0,0.0,0.0,0.0,0.0,0.2,2.0,1.0,0.05,1,0.0,0.2,0.0
595,2026-04-27T08:36:11.434Z,S20260427_093533,SC01,AUTO,,38.1516,0.0599,start,0,1500,VIDE,0.0,0.0,0.0,0.0,0.0,0.0,0,0,0.0,0.0,0.0,0.0,0.0,0.0,0.2,2.0,1.0,0.05,1,0.0,0.2,0.0
596,2026-04-27T08:36:11.494Z,S20260427_093533,SC01,AUTO,,38.2116,0.0599,start,0,1500,VIDE,0.0,0.0,0.0,0.0,0.0,0.0,0,0,0.0,0.0,0.0,0.0,0.0,0.0,0.2,2.0,1.0,0.05,1,0.0,0.2,0.0
597,2026-04-27T08:36:11.565Z,S20260427_093533,SC01,AUTO,,38.2834,0.0719,start,0,1500,VIDE,0.0,0.0,0.0,0.0,0.0,0.0,0,0,0.0,0.0,0.0,0.0,0.0,0.0,0.2,2.0,1.0,0.05,1,0.0,0.2,0.0
598,2026-04-27T08:36:11.627Z,S20260427_093533,SC01,AUTO,,38.3448,0.0614,start,0,1500,VIDE,0.0,0.0,0.0,0.0,0.0,0.0,0,0,0.0,0.0,0.0,0.0,0.0,0.0,0.2,2.0,1.0,0.05,1,0.0,0.2,0.0
599,2026-04-27T08:36:11.691Z,S20260427_093533,SC01,AUTO,,38.4089,0.0641,start,0,1500,VIDE,0.0,0.0,0.0,0.0,0.0,0.0,0,0,0.0,0.0,0.0,0.0,0.0,0.0,0.2,2.0,1.0,0.05,1,0.0,0.2,0.0
600,2026-04-27T08:36:11.753Z,S20260427_093533,SC01,AUTO,,38.4709,0.0619,start,0,1500,VIDE,0.0,0.0,0.0,0.0,0.0,0.0,0,0,0.0,0.0,0.0,0.0,0.0,0.0,0.2,2.0,1.0,0.05,1,0.0,0.2,0.0
601,2026-04-27T08:36:11.814Z,S20260427_093533,SC01,AUTO,,38.5317,0.0608,start,0,1500,VIDE,0.0,0.0,0.0,0.0,0.0,0.0,0,0,0.0,0.0,0.0,0.0,0.0,0.0,0.2,2.0,1.0,0.05,1,0.0,0.2,0.0
602,2026-04-27T08:36:11.874Z,S20260427_093533,SC01,AUTO,,38.5918,0.0602,start,0,1500,VIDE,0.0,0.0,0.0,0.0,0.0,0.0,0,0,0.0,0.0,0.0,0.0,0.0,0.0,0.2,2.0,1.0,0.05,1,0.0,0.2,0.0
603,2026-04-27T08:36:11.934Z,S20260427_093533,SC01,AUTO,,38.6518,0.06,start,0,1500,VIDE,0.0,0.0,0.0,0.0,0.0,0.0,0,0,0.0,0.0,0.0,0.0,0.0,0.0,0.2,2.0,1.0,0.05,1,0.0,0.2,0.0
604,2026-04-27T08:36:11.994Z,S20260427_093533,SC01,AUTO,,38.7115,0.0597,start,0,1500,VIDE,0.0,0.0,0.0,0.0,0.0,0.0,0,0,0.0,0.0,0.0,0.0,0.0,0.0,0.2,2.0,1.0,0.05,1,0.0,0.2,0.0
605,2026-04-27T08:36:12.064Z,S20260427_093533,SC01,AUTO,,38.7823,0.0708,start,0,1500,VIDE,0.0,0.0,0.0,0.0,0.0,0.0,0,0,0.0,0.0,0.0,0.0,0.0,0.0,0.2,2.0,1.0,0.05,1,0.0,0.2,0.0
606,2026-04-27T08:36:12.127Z,S20260427_093533,SC01,AUTO,,38.8452,0.063,start,0,1500,VIDE,0.0,0.0,0.0,0.0,0.0,0.0,0,0,0.0,0.0,0.0,0.0,0.0,0.0,0.2,2.0,1.0,0.05,1,0.0,0.2,0.0
607,2026-04-27T08:36:12.189Z,S20260427_093533,SC01,AUTO,,38.907,0.0618,start,0,1500,VIDE,0.0,0.0,0.0,0.0,0.0,0.0,0,0,0.0,0.0,0.0,0.0,0.0,0.0,0.2,2.0,1.0,0.05,1,0.0,0.2,0.0
608,2026-04-27T08:36:12.250Z,S20260427_093533,SC01,AUTO,,38.9682,0.0613,start,0,1500,VIDE,0.0,0.0,0.0,0.0,0.0,0.0,0,0,0.0,0.0,0.0,0.0,0.0,0.0,0.2,2.0,1.0,0.05,1,0.0,0.2,0.0
609,2026-04-27T08:36:12.313Z,S20260427_093533,SC01,AUTO,,39.0314,0.0632,start,0,1500,VIDE,0.0,0.0,0.0,0.0,0.0,0.0,0,0,0.0,0.0,0.0,0.0,0.0,0.0,0.2,2.0,1.0,0.05,1,0.0,0.2,0.0
610,2026-04-27T08:36:12.374Z,S20260427_093533,SC01,AUTO,,39.0918,0.0604,start,0,1500,VIDE,0.0,0.0,0.0,0.0,0.0,0.0,0,0,0.0,0.0,0.0,0.0,0.0,0.0,0.2,2.0,1.0,0.05,1,0.0,0.2,0.0
611,2026-04-27T08:36:12.434Z,S20260427_093533,SC01,AUTO,,39.1521,0.0603,start,0,1500,VIDE,0.0,0.0,0.0,0.0,0.0,0.0,0,0,0.0,0.0,0.0,0.0,0.0,0.0,0.2,2.0,1.0,0.05,1,0.0,0.2,0.0
612,2026-04-27T08:36:12.494Z,S20260427_093533,SC01,AUTO,,39.2117,0.0596,start,0,1500,VIDE,0.0,0.0,0.0,0.0,0.0,0.0,0,0,0.0,0.0,0.0,0.0,0.0,0.0,0.2,2.0,1.0,0.05,1,0.0,0.2,0.0
613,2026-04-27T08:36:12.562Z,S20260427_093533,SC01,AUTO,,39.28,0.0683,start,0,1500,VIDE,0.0,0.0,0.0,0.0,0.0,0.0,0,0,0.0,0.0,0.0,0.0,0.0,0.0,0.2,2.0,1.0,0.05,1,0.0,0.2,0.0
614,2026-04-27T08:36:12.625Z,S20260427_093533,SC01,AUTO,,39.3427,0.0627,start,0,1500,VIDE,0.0,0.0,0.0,0.0,0.0,0.0,0,0,0.0,0.0,0.0,0.0,0.0,0.0,0.2,2.0,1.0,0.05,1,0.0,0.2,0.0
615,2026-04-27T08:36:12.688Z,S20260427_093533,SC01,AUTO,,39.406,0.0633,start,0,1500,VIDE,0.0,0.0,0.0,0.0,0.0,0.0,0,0,0.0,0.0,0.0,0.0,0.0,0.0,0.2,2.0,1.0,0.05,1,0.0,0.2,0.0
616,2026-04-27T08:36:12.751Z,S20260427_093533,SC01,AUTO,,39.4689,0.0629,start,0,1500,VIDE,0.0,0.0,0.0,0.0,0.0,0.0,0,0,0.0,0.0,0.0,0.0,0.0,0.0,0.2,2.0,1.0,0.05,1,0.0,0.2,0.0
617,2026-04-27T08:36:12.814Z,S20260427_093533,SC01,AUTO,,39.5316,0.0627,start,0,1500,VIDE,0.0,0.0,0.0,0.0,0.0,0.0,0,0,0.0,0.0,0.0,0.0,0.0,0.0,0.2,2.0,1.0,0.05,1,0.0,0.2,0.0
618,2026-04-27T08:36:12.874Z,S20260427_093533,SC01,AUTO,,39.5918,0.0602,start,0,1500,VIDE,0.0,0.0,0.0,0.0,0.0,0.0,0,0,0.0,0.0,0.0,0.0,0.0,0.0,0.2,2.0,1.0,0.05,1,0.0,0.2,0.0
619,2026-04-27T08:36:12.934Z,S20260427_093533,SC01,AUTO,,39.652,0.0601,start,0,1500,VIDE,0.0,0.0,0.0,0.0,0.0,0.0,0,0,0.0,0.0,0.0,0.0,0.0,0.0,0.2,2.0,1.0,0.05,1,0.0,0.2,0.0
620,2026-04-27T08:36:12.993Z,S20260427_093533,SC01,AUTO,,39.7112,0.0592,start,0,1500,VIDE,0.0,0.0,0.0,0.0,0.0,0.0,0,0,0.0,0.0,0.0,0.0,0.0,0.0,0.2,2.0,1.0,0.05,1,0.0,0.2,0.0
621,2026-04-27T08:36:13.060Z,S20260427_093533,SC01,AUTO,,39.7781,0.0668,start,0,1500,VIDE,0.0,0.0,0.0,0.0,0.0,0.0,0,0,0.0,0.0,0.0,0.0,0.0,0.0,0.2,2.0,1.0,0.05,1,0.0,0.2,0.0
622,2026-04-27T08:36:13.121Z,S20260427_093533,SC01,AUTO,,39.8393,0.0612,start,0,1500,VIDE,0.0,0.0,0.0,0.0,0.0,0.0,0,0,0.0,0.0,0.0,0.0,0.0,0.0,0.2,2.0,1.0,0.05,1,0.0,0.2,0.0
623,2026-04-27T08:36:13.185Z,S20260427_093533,SC01,AUTO,,39.9025,0.0632,start,0,1500,VIDE,0.0,0.0,0.0,0.0,0.0,0.0,0,0,0.0,0.0,0.0,0.0,0.0,0.0,0.2,2.0,1.0,0.05,1,0.0,0.2,0.0
624,2026-04-27T08:36:13.246Z,S20260427_093533,SC01,AUTO,,39.9637,0.0612,start,0,1500,VIDE,0.0,0.0,0.0,0.0,0.0,0.0,0,0,0.0,0.0,0.0,0.0,0.0,0.0,0.2,2.0,1.0,0.05,1,0.0,0.2,0.0
625,2026-04-27T08:36:13.309Z,S20260427_093533,SC01,AUTO,,40.0272,0.0635,start,0,1500,VIDE,0.0,0.0,0.0,0.0,0.0,0.0,0,0,0.0,0.0,0.0,0.0,0.0,0.0,0.2,2.0,1.0,0.05,1,0.0,0.2,0.0
626,2026-04-27T08:36:13.374Z,S20260427_093533,SC01,AUTO,,40.0916,0.0642,start,0,1500,VIDE,0.0,0.0,0.0,0.0,0.0,0.0,0,0,0.0,0.0,0.0,0.0,0.0,0.0,0.2,2.0,1.0,0.05,1,0.0,0.2,0.0
627,2026-04-27T08:36:13.433Z,S20260427_093533,SC01,AUTO,,40.1513,0.0599,start,0,1500,VIDE,0.0,0.0,0.0,0.0,0.0,0.0,0,0,0.0,0.0,0.0,0.0,0.0,0.0,0.2,2.0,1.0,0.05,1,0.0,0.2,0.0
628,2026-04-27T08:36:13.494Z,S20260427_093533,SC01,AUTO,,40.2115,0.0602,start,0,1500,VIDE,0.0,0.0,0.0,0.0,0.0,0.0,0,0,0.0,0.0,0.0,0.0,0.0,0.0,0.2,2.0,1.0,0.05,1,0.0,0.2,0.0
629,2026-04-27T08:36:13.573Z,S20260427_093533,SC01,AUTO,,40.2905,0.0791,start,0,1500,VIDE,0.0,0.0,0.0,0.0,0.0,0.0,0,0,0.0,0.0,0.0,0.0,0.0,0.0,0.2,2.0,1.0,0.05,1,0.0,0.2,0.0
630,2026-04-27T08:36:13.634Z,S20260427_093533,SC01,AUTO,,40.3519,0.0614,start,0,1500,VIDE,0.0,0.0,0.0,0.0,0.0,0.0,0,0,0.0,0.0,0.0,0.0,0.0,0.0,0.2,2.0,1.0,0.05,1,0.0,0.2,0.0
631,2026-04-27T08:36:13.697Z,S20260427_093533,SC01,AUTO,,40.4152,0.0633,start,0,1500,VIDE,0.0,0.0,0.0,0.0,0.0,0.0,0,0,0.0,0.0,0.0,0.0,0.0,0.0,0.2,2.0,1.0,0.05,1,0.0,0.2,0.0
632,2026-04-27T08:36:13.759Z,S20260427_093533,SC01,AUTO,,40.4767,0.0615,start,0,1500,VIDE,0.0,0.0,0.0,0.0,0.0,0.0,0,0,0.0,0.0,0.0,0.0,0.0,0.0,0.2,2.0,1.0,0.05,1,0.0,0.2,0.0
633,2026-04-27T08:36:13.834Z,S20260427_093533,SC01,AUTO,,40.5517,0.075,start,0,1500,VIDE,0.0,0.0,0.0,0.0,0.0,0.0,0,0,0.0,0.0,0.0,0.0,0.0,0.0,0.2,2.0,1.0,0.05,1,0.0,0.2,0.0
634,2026-04-27T08:36:13.894Z,S20260427_093533,SC01,AUTO,,40.6119,0.0602,start,0,1500,VIDE,0.0,0.0,0.0,0.0,0.0,0.0,0,0,0.0,0.0,0.0,0.0,0.0,0.0,0.2,2.0,1.0,0.05,1,0.0,0.2,0.0
635,2026-04-27T08:36:13.950Z,S20260427_093533,SC01,AUTO,,40.6679,0.056,start,0,1500,VIDE,0.0,0.0,0.0,0.0,0.0,0.0,0,0,0.0,0.0,0.0,0.0,0.0,0.0,0.2,2.0,1.0,0.05,1,0.0,0.2,0.0
636,2026-04-27T08:36:14.014Z,S20260427_093533,SC01,AUTO,,40.7315,0.0637,start,0,1500,VIDE,0.0,0.0,0.0,0.0,0.0,0.0,0,0,0.0,0.0,0.0,0.0,0.0,0.0,0.2,2.0,1.0,0.05,1,0.0,0.2,0.0
637,2026-04-27T08:36:14.073Z,S20260427_093533,SC01,AUTO,,40.7912,0.0597,start,0,1500,VIDE,0.0,0.0,0.0,0.0,0.0,0.0,0,0,0.0,0.0,0.0,0.0,0.0,0.0,0.2,2.0,1.0,0.05,1,0.0,0.2,0.0
638,2026-04-27T08:36:14.134Z,S20260427_093533,SC01,AUTO,,40.852,0.0608,start,0,1500,VIDE,0.0,0.0,0.0,0.0,0.0,0.0,0,0,0.0,0.0,0.0,0.0,0.0,0.0,0.2,2.0,1.0,0.05,1,0.0,0.2,0.0
639,2026-04-27T08:36:14.198Z,S20260427_093533,SC01,AUTO,,40.916,0.0641,start,0,1500,VIDE,0.0,0.0,0.0,0.0,0.0,0.0,0,0,0.0,0.0,0.0,0.0,0.0,0.0,0.2,2.0,1.0,0.05,1,0.0,0.2,0.0
640,2026-04-27T08:36:14.262Z,S20260427_093533,SC01,AUTO,,40.9798,0.0638,start,0,1500,VIDE,0.0,0.0,0.0,0.0,0.0,0.0,0,0,0.0,0.0,0.0,0.0,0.0,0.0,0.2,2.0,1.0,0.05,1,0.0,0.2,0.0
641,2026-04-27T08:36:14.332Z,S20260427_093533,SC01,AUTO,,41.0501,0.0703,start,0,1500,VIDE,0.0,0.0,0.0,0.0,0.0,0.0,0,0,0.0,0.0,0.0,0.0,0.0,0.0,0.2,2.0,1.0,0.05,1,0.0,0.2,0.0
642,2026-04-27T08:36:14.390Z,S20260427_093533,SC01,AUTO,,41.108,0.0579,start,0,1500,VIDE,0.0,0.0,0.0,0.0,0.0,0.0,0,0,0.0,0.0,0.0,0.0,0.0,0.0,0.2,2.0,1.0,0.05,1,0.0,0.2,0.0
643,2026-04-27T08:36:14.454Z,S20260427_093533,SC01,AUTO,,41.172,0.0641,start,0,1500,VIDE,0.0,0.0,0.0,0.0,0.0,0.0,0,0,0.0,0.0,0.0,0.0,0.0,0.0,0.2,2.0,1.0,0.05,1,0.0,0.2,0.0
644,2026-04-27T08:36:14.514Z,S20260427_093533,SC01,AUTO,,41.2324,0.0603,start,0,1500,VIDE,0.0,0.0,0.0,0.0,0.0,0.0,0,0,0.0,0.0,0.0,0.0,0.0,0.0,0.2,2.0,1.0,0.05,1,0.0,0.2,0.0
645,2026-04-27T08:36:14.574Z,S20260427_093533,SC01,AUTO,,41.2917,0.0593,start,0,1500,VIDE,0.0,0.0,0.0,0.0,0.0,0.0,0,0,0.0,0.0,0.0,0.0,0.0,0.0,0.2,2.0,1.0,0.05,1,0.0,0.2,0.0
646,2026-04-27T08:36:14.634Z,S20260427_093533,SC01,AUTO,,41.3521,0.0604,start,0,1500,VIDE,0.0,0.0,0.0,0.0,0.0,0.0,0,0,0.0,0.0,0.0,0.0,0.0,0.0,0.2,2.0,1.0,0.05,1,0.0,0.2,0.0
647,2026-04-27T08:36:14.706Z,S20260427_093533,SC01,AUTO,,41.4236,0.0716,start,0,1500,VIDE,0.0,0.0,0.0,0.0,0.0,0.0,0,0,0.0,0.0,0.0,0.0,0.0,0.0,0.2,2.0,1.0,0.05,1,0.0,0.2,0.0
648,2026-04-27T08:36:14.769Z,S20260427_093533,SC01,AUTO,,41.4869,0.0633,start,0,1500,VIDE,0.0,0.0,0.0,0.0,0.0,0.0,0,0,0.0,0.0,0.0,0.0,0.0,0.0,0.2,2.0,1.0,0.05,1,0.0,0.2,0.0
649,2026-04-27T08:36:14.822Z,S20260427_093533,SC01,AUTO,,41.54,0.053,start,0,1500,VIDE,0.0,0.0,0.0,0.0,0.0,0.0,0,0,0.0,0.0,0.0,0.0,0.0,0.0,0.2,2.0,1.0,0.05,1,0.0,0.2,0.0
650,2026-04-27T08:36:14.893Z,S20260427_093533,SC01,AUTO,,41.6107,0.0707,start,0,1500,VIDE,0.0,0.0,0.0,0.0,0.0,0.0,0,0,0.0,0.0,0.0,0.0,0.0,0.0,0.2,2.0,1.0,0.05,1,0.0,0.2,0.0
651,2026-04-27T08:36:14.950Z,S20260427_093533,SC01,AUTO,,41.6682,0.0575,start,0,1500,VIDE,0.0,0.0,0.0,0.0,0.0,0.0,0,0,0.0,0.0,0.0,0.0,0.0,0.0,0.2,2.0,1.0,0.05,1,0.0,0.2,0.0
652,2026-04-27T08:36:15.014Z,S20260427_093533,SC01,AUTO,,41.7316,0.0634,start,0,1500,VIDE,0.0,0.0,0.0,0.0,0.0,0.0,0,0,0.0,0.0,0.0,0.0,0.0,0.0,0.2,2.0,1.0,0.05,1,0.0,0.2,0.0
653,2026-04-27T08:36:15.075Z,S20260427_093533,SC01,AUTO,,41.7927,0.061,start,0,1500,VIDE,0.0,0.0,0.0,0.0,0.0,0.0,0,0,0.0,0.0,0.0,0.0,0.0,0.0,0.2,2.0,1.0,0.05,1,0.0,0.2,0.0
654,2026-04-27T08:36:15.134Z,S20260427_093533,SC01,AUTO,,41.8516,0.059,start,0,1500,VIDE,0.0,0.0,0.0,0.0,0.0,0.0,0,0,0.0,0.0,0.0,0.0,0.0,0.0,0.2,2.0,1.0,0.05,1,0.0,0.2,0.0
655,2026-04-27T08:36:15.206Z,S20260427_093533,SC01,AUTO,,41.9243,0.0727,start,0,1500,VIDE,0.0,0.0,0.0,0.0,0.0,0.0,0,0,0.0,0.0,0.0,0.0,0.0,0.0,0.2,2.0,1.0,0.05,1,0.0,0.2,0.0
656,2026-04-27T08:36:15.262Z,S20260427_093533,SC01,AUTO,,41.9799,0.0556,start,0,1500,VIDE,0.0,0.0,0.0,0.0,0.0,0.0,0,0,0.0,0.0,0.0,0.0,0.0,0.0,0.2,2.0,1.0,0.05,1,0.0,0.2,0.0
657,2026-04-27T08:36:15.326Z,S20260427_093533,SC01,AUTO,,42.0444,0.0645,start,0,1500,VIDE,0.0,0.0,0.0,0.0,0.0,0.0,0,0,0.0,0.0,0.0,0.0,0.0,0.0,0.2,2.0,1.0,0.05,1,0.0,0.2,0.0
658,2026-04-27T08:36:15.390Z,S20260427_093533,SC01,AUTO,,42.1078,0.0634,start,0,1500,VIDE,0.0,0.0,0.0,0.0,0.0,0.0,0,0,0.0,0.0,0.0,0.0,0.0,0.0,0.2,2.0,1.0,0.05,1,0.0,0.2,0.0
659,2026-04-27T08:36:15.453Z,S20260427_093533,SC01,AUTO,,42.1708,0.063,start,0,1500,VIDE,0.0,0.0,0.0,0.0,0.0,0.0,0,0,0.0,0.0,0.0,0.0,0.0,0.0,0.2,2.0,1.0,0.05,1,0.0,0.2,0.0
660,2026-04-27T08:36:15.510Z,S20260427_093533,SC01,AUTO,,42.2282,0.0574,start,0,1500,VIDE,0.0,0.0,0.0,0.0,0.0,0.0,0,0,0.0,0.0,0.0,0.0,0.0,0.0,0.2,2.0,1.0,0.05,1,0.0,0.2,0.0
661,2026-04-27T08:36:15.574Z,S20260427_093533,SC01,AUTO,,42.2915,0.0634,start,0,1500,VIDE,0.0,0.0,0.0,0.0,0.0,0.0,0,0,0.0,0.0,0.0,0.0,0.0,0.0,0.2,2.0,1.0,0.05,1,0.0,0.2,0.0
662,2026-04-27T08:36:15.634Z,S20260427_093533,SC01,AUTO,,42.3515,0.0599,start,0,1500,VIDE,0.0,0.0,0.0,0.0,0.0,0.0,0,0,0.0,0.0,0.0,0.0,0.0,0.0,0.2,2.0,1.0,0.05,1,0.0,0.2,0.0
663,2026-04-27T08:36:15.700Z,S20260427_093533,SC01,AUTO,,42.4175,0.0661,start,0,1500,VIDE,0.0,0.0,0.0,0.0,0.0,0.0,0,0,0.0,0.0,0.0,0.0,0.0,0.0,0.2,2.0,1.0,0.05,1,0.0,0.2,0.0
664,2026-04-27T08:36:15.762Z,S20260427_093533,SC01,AUTO,,42.4799,0.0623,start,0,1500,VIDE,0.0,0.0,0.0,0.0,0.0,0.0,0,0,0.0,0.0,0.0,0.0,0.0,0.0,0.2,2.0,1.0,0.05,1,0.0,0.2,0.0
665,2026-04-27T08:36:15.823Z,S20260427_093533,SC01,AUTO,,42.5405,0.0607,start,0,1500,VIDE,0.0,0.0,0.0,0.0,0.0,0.0,0,0,0.0,0.0,0.0,0.0,0.0,0.0,0.2,2.0,1.0,0.05,1,0.0,0.2,0.0
666,2026-04-27T08:36:15.886Z,S20260427_093533,SC01,AUTO,,42.6043,0.0638,start,0,1500,VIDE,0.0,0.0,0.0,0.0,0.0,0.0,0,0,0.0,0.0,0.0,0.0,0.0,0.0,0.2,2.0,1.0,0.05,1,0.0,0.2,0.0
667,2026-04-27T08:36:15.949Z,S20260427_093533,SC01,AUTO,,42.667,0.0627,start,0,1500,VIDE,0.0,0.0,0.0,0.0,0.0,0.0,0,0,0.0,0.0,0.0,0.0,0.0,0.0,0.2,2.0,1.0,0.05,1,0.0,0.2,0.0
668,2026-04-27T08:36:16.011Z,S20260427_093533,SC01,AUTO,,42.7288,0.0618,start,0,1500,VIDE,0.0,0.0,0.0,0.0,0.0,0.0,0,0,0.0,0.0,0.0,0.0,0.0,0.0,0.2,2.0,1.0,0.05,1,0.0,0.2,0.0
669,2026-04-27T08:36:16.073Z,S20260427_093533,SC01,AUTO,,42.7912,0.0624,start,0,1500,VIDE,0.0,0.0,0.0,0.0,0.0,0.0,0,0,0.0,0.0,0.0,0.0,0.0,0.0,0.2,2.0,1.0,0.05,1,0.0,0.2,0.0
670,2026-04-27T08:36:16.134Z,S20260427_093533,SC01,AUTO,,42.8524,0.0612,start,0,1500,VIDE,0.0,0.0,0.0,0.0,0.0,0.0,0,0,0.0,0.0,0.0,0.0,0.0,0.0,0.2,2.0,1.0,0.05,1,0.0,0.2,0.0
671,2026-04-27T08:36:16.198Z,S20260427_093533,SC01,AUTO,,42.916,0.0636,start,0,1500,VIDE,0.0,0.0,0.0,0.0,0.0,0.0,0,0,0.0,0.0,0.0,0.0,0.0,0.0,0.2,2.0,1.0,0.05,1,0.0,0.2,0.0
672,2026-04-27T08:36:16.261Z,S20260427_093533,SC01,AUTO,,42.9791,0.0631,start,0,1500,VIDE,0.0,0.0,0.0,0.0,0.0,0.0,0,0,0.0,0.0,0.0,0.0,0.0,0.0,0.2,2.0,1.0,0.05,1,0.0,0.2,0.0
673,2026-04-27T08:36:16.324Z,S20260427_093533,SC01,AUTO,,43.0416,0.0625,start,0,1500,VIDE,0.0,0.0,0.0,0.0,0.0,0.0,0,0,0.0,0.0,0.0,0.0,0.0,0.0,0.2,2.0,1.0,0.05,1,0.0,0.2,0.0
674,2026-04-27T08:36:16.386Z,S20260427_093533,SC01,AUTO,,43.1038,0.0622,start,0,1500,VIDE,0.0,0.0,0.0,0.0,0.0,0.0,0,0,0.0,0.0,0.0,0.0,0.0,0.0,0.2,2.0,1.0,0.05,1,0.0,0.2,0.0
675,2026-04-27T08:36:16.449Z,S20260427_093533,SC01,AUTO,,43.1665,0.0627,start,0,1500,VIDE,0.0,0.0,0.0,0.0,0.0,0.0,0,0,0.0,0.0,0.0,0.0,0.0,0.0,0.2,2.0,1.0,0.05,1,0.0,0.2,0.0
676,2026-04-27T08:36:16.511Z,S20260427_093533,SC01,AUTO,,43.229,0.0625,start,0,1500,VIDE,0.0,0.0,0.0,0.0,0.0,0.0,0,0,0.0,0.0,0.0,0.0,0.0,0.0,0.2,2.0,1.0,0.05,1,0.0,0.2,0.0
677,2026-04-27T08:36:16.571Z,S20260427_093533,SC01,AUTO,,43.2892,0.0602,start,0,1500,VIDE,0.0,0.0,0.0,0.0,0.0,0.0,0,0,0.0,0.0,0.0,0.0,0.0,0.0,0.2,2.0,1.0,0.05,1,0.0,0.2,0.0
678,2026-04-27T08:36:16.634Z,S20260427_093533,SC01,AUTO,,43.3516,0.0624,start,0,1500,VIDE,0.0,0.0,0.0,0.0,0.0,0.0,0,0,0.0,0.0,0.0,0.0,0.0,0.0,0.2,2.0,1.0,0.05,1,0.0,0.2,0.0
679,2026-04-27T08:36:16.697Z,S20260427_093533,SC01,AUTO,,43.4152,0.0636,start,0,1500,VIDE,0.0,0.0,0.0,0.0,0.0,0.0,0,0,0.0,0.0,0.0,0.0,0.0,0.0,0.2,2.0,1.0,0.05,1,0.0,0.2,0.0
680,2026-04-27T08:36:16.759Z,S20260427_093533,SC01,AUTO,,43.4767,0.0615,start,0,1500,VIDE,0.0,0.0,0.0,0.0,0.0,0.0,0,0,0.0,0.0,0.0,0.0,0.0,0.0,0.2,2.0,1.0,0.05,1,0.0,0.2,0.0
681,2026-04-27T08:36:16.821Z,S20260427_093533,SC01,AUTO,,43.5394,0.0626,start,0,1500,VIDE,0.0,0.0,0.0,0.0,0.0,0.0,0,0,0.0,0.0,0.0,0.0,0.0,0.0,0.2,2.0,1.0,0.05,1,0.0,0.2,0.0
682,2026-04-27T08:36:16.894Z,S20260427_093533,SC01,AUTO,,43.6118,0.0724,start,0,1500,VIDE,0.0,0.0,0.0,0.0,0.0,0.0,0,0,0.0,0.0,0.0,0.0,0.0,0.0,0.2,2.0,1.0,0.05,1,0.0,0.2,0.0
683,2026-04-27T08:36:16.954Z,S20260427_093533,SC01,AUTO,,43.6718,0.06,start,0,1500,VIDE,0.0,0.0,0.0,0.0,0.0,0.0,0,0,0.0,0.0,0.0,0.0,0.0,0.0,0.2,2.0,1.0,0.05,1,0.0,0.2,0.0
684,2026-04-27T08:36:17.014Z,S20260427_093533,SC01,AUTO,,43.7317,0.0599,start,0,1500,VIDE,0.0,0.0,0.0,0.0,0.0,0.0,0,0,0.0,0.0,0.0,0.0,0.0,0.0,0.2,2.0,1.0,0.05,1,0.0,0.2,0.0
685,2026-04-27T08:36:17.074Z,S20260427_093533,SC01,AUTO,,43.7924,0.0606,start,0,1500,VIDE,0.0,0.0,0.0,0.0,0.0,0.0,0,0,0.0,0.0,0.0,0.0,0.0,0.0,0.2,2.0,1.0,0.05,1,0.0,0.2,0.0
686,2026-04-27T08:36:17.134Z,S20260427_093533,SC01,AUTO,,43.8516,0.0592,start,0,1500,VIDE,0.0,0.0,0.0,0.0,0.0,0.0,0,0,0.0,0.0,0.0,0.0,0.0,0.0,0.2,2.0,1.0,0.05,1,0.0,0.2,0.0
687,2026-04-27T08:36:17.210Z,S20260427_093533,SC01,AUTO,,43.9277,0.0761,start,0,1500,VIDE,0.0,0.0,0.0,0.0,0.0,0.0,0,0,0.0,0.0,0.0,0.0,0.0,0.0,0.2,2.0,1.0,0.05,1,0.0,0.2,0.0
688,2026-04-27T08:36:17.272Z,S20260427_093533,SC01,AUTO,,43.9894,0.0617,start,0,1500,VIDE,0.0,0.0,0.0,0.0,0.0,0.0,0,0,0.0,0.0,0.0,0.0,0.0,0.0,0.2,2.0,1.0,0.05,1,0.0,0.2,0.0
689,2026-04-27T08:36:17.335Z,S20260427_093533,SC01,AUTO,,44.0527,0.0633,start,0,1500,VIDE,0.0,0.0,0.0,0.0,0.0,0.0,0,0,0.0,0.0,0.0,0.0,0.0,0.0,0.2,2.0,1.0,0.05,1,0.0,0.2,0.0
690,2026-04-27T08:36:17.394Z,S20260427_093533,SC01,AUTO,,44.1121,0.0594,start,0,1500,VIDE,0.0,0.0,0.0,0.0,0.0,0.0,0,0,0.0,0.0,0.0,0.0,0.0,0.0,0.2,2.0,1.0,0.05,1,0.0,0.2,0.0
691,2026-04-27T08:36:17.455Z,S20260427_093533,SC01,AUTO,,44.1727,0.0606,start,0,1500,VIDE,0.0,0.0,0.0,0.0,0.0,0.0,0,0,0.0,0.0,0.0,0.0,0.0,0.0,0.2,2.0,1.0,0.05,1,0.0,0.2,0.0
692,2026-04-27T08:36:17.514Z,S20260427_093533,SC01,AUTO,,44.2321,0.0595,start,0,1500,VIDE,0.0,0.0,0.0,0.0,0.0,0.0,0,0,0.0,0.0,0.0,0.0,0.0,0.0,0.2,2.0,1.0,0.05,1,0.0,0.2,0.0
693,2026-04-27T08:36:17.574Z,S20260427_093533,SC01,AUTO,,44.2918,0.0597,start,0,1500,VIDE,0.0,0.0,0.0,0.0,0.0,0.0,0,0,0.0,0.0,0.0,0.0,0.0,0.0,0.2,2.0,1.0,0.05,1,0.0,0.2,0.0
694,2026-04-27T08:36:17.634Z,S20260427_093533,SC01,AUTO,,44.352,0.0602,start,0,1500,VIDE,0.0,0.0,0.0,0.0,0.0,0.0,0,0,0.0,0.0,0.0,0.0,0.0,0.0,0.2,2.0,1.0,0.05,1,0.0,0.2,0.0
695,2026-04-27T08:36:17.707Z,S20260427_093533,SC01,AUTO,,44.4249,0.0728,start,0,1500,VIDE,0.0,0.0,0.0,0.0,0.0,0.0,0,0,0.0,0.0,0.0,0.0,0.0,0.0,0.2,2.0,1.0,0.05,1,0.0,0.2,0.0
696,2026-04-27T08:36:17.770Z,S20260427_093533,SC01,AUTO,,44.488,0.0631,start,0,1500,VIDE,0.0,0.0,0.0,0.0,0.0,0.0,0,0,0.0,0.0,0.0,0.0,0.0,0.0,0.2,2.0,1.0,0.05,1,0.0,0.2,0.0
697,2026-04-27T08:36:17.833Z,S20260427_093533,SC01,AUTO,,44.5511,0.0632,start,0,1500,VIDE,0.0,0.0,0.0,0.0,0.0,0.0,0,0,0.0,0.0,0.0,0.0,0.0,0.0,0.2,2.0,1.0,0.05,1,0.0,0.2,0.0
698,2026-04-27T08:36:17.894Z,S20260427_093533,SC01,AUTO,,44.6121,0.061,start,0,1500,VIDE,0.0,0.0,0.0,0.0,0.0,0.0,0,0,0.0,0.0,0.0,0.0,0.0,0.0,0.2,2.0,1.0,0.05,1,0.0,0.2,0.0
699,2026-04-27T08:36:17.954Z,S20260427_093533,SC01,AUTO,,44.6722,0.0601,start,0,1500,VIDE,0.0,0.0,0.0,0.0,0.0,0.0,0,0,0.0,0.0,0.0,0.0,0.0,0.0,0.2,2.0,1.0,0.05,1,0.0,0.2,0.0
700,2026-04-27T08:36:18.014Z,S20260427_093533,SC01,AUTO,,44.7318,0.0596,start,0,1500,VIDE,0.0,0.0,0.0,0.0,0.0,0.0,0,0,0.0,0.0,0.0,0.0,0.0,0.0,0.2,2.0,1.0,0.05,1,0.0,0.2,0.0
701,2026-04-27T08:36:18.074Z,S20260427_093533,SC01,AUTO,,44.7919,0.06,start,0,1500,VIDE,0.0,0.0,0.0,0.0,0.0,0.0,0,0,0.0,0.0,0.0,0.0,0.0,0.0,0.2,2.0,1.0,0.05,1,0.0,0.2,0.0
702,2026-04-27T08:36:18.134Z,S20260427_093533,SC01,AUTO,,44.8522,0.0604,start,0,1500,VIDE,0.0,0.0,0.0,0.0,0.0,0.0,0,0,0.0,0.0,0.0,0.0,0.0,0.0,0.2,2.0,1.0,0.05,1,0.0,0.2,0.0
703,2026-04-27T08:36:18.206Z,S20260427_093533,SC01,AUTO,,44.9237,0.0714,start,0,1500,VIDE,0.0,0.0,0.0,0.0,0.0,0.0,0,0,0.0,0.0,0.0,0.0,0.0,0.0,0.2,2.0,1.0,0.05,1,0.0,0.2,0.0
704,2026-04-27T08:36:18.268Z,S20260427_093533,SC01,AUTO,,44.986,0.0624,start,0,1500,VIDE,0.0,0.0,0.0,0.0,0.0,0.0,0,0,0.0,0.0,0.0,0.0,0.0,0.0,0.2,2.0,1.0,0.05,1,0.0,0.2,0.0
705,2026-04-27T08:36:18.330Z,S20260427_093533,SC01,AUTO,,45.0479,0.0619,start,0,1500,VIDE,0.0,0.0,0.0,0.0,0.0,0.0,0,0,0.0,0.0,0.0,0.0,0.0,0.0,0.2,2.0,1.0,0.05,1,0.0,0.2,0.0
706,2026-04-27T08:36:18.392Z,S20260427_093533,SC01,AUTO,,45.1101,0.0622,start,0,1500,VIDE,0.0,0.0,0.0,0.0,0.0,0.0,0,0,0.0,0.0,0.0,0.0,0.0,0.0,0.2,2.0,1.0,0.05,1,0.0,0.2,0.0
707,2026-04-27T08:36:18.454Z,S20260427_093533,SC01,AUTO,,45.1719,0.0617,start,0,1500,VIDE,0.0,0.0,0.0,0.0,0.0,0.0,0,0,0.0,0.0,0.0,0.0,0.0,0.0,0.2,2.0,1.0,0.05,1,0.0,0.2,0.0
708,2026-04-27T08:36:18.514Z,S20260427_093533,SC01,AUTO,,45.2318,0.06,start,0,1500,VIDE,0.0,0.0,0.0,0.0,0.0,0.0,0,0,0.0,0.0,0.0,0.0,0.0,0.0,0.2,2.0,1.0,0.05,1,0.0,0.2,0.0
709,2026-04-27T08:36:18.574Z,S20260427_093533,SC01,AUTO,,45.2918,0.0599,start,0,1500,VIDE,0.0,0.0,0.0,0.0,0.0,0.0,0,0,0.0,0.0,0.0,0.0,0.0,0.0,0.2,2.0,1.0,0.05,1,0.0,0.2,0.0
710,2026-04-27T08:36:18.634Z,S20260427_093533,SC01,AUTO,,45.3518,0.0601,start,0,1500,VIDE,0.0,0.0,0.0,0.0,0.0,0.0,0,0,0.0,0.0,0.0,0.0,0.0,0.0,0.2,2.0,1.0,0.05,1,0.0,0.2,0.0
711,2026-04-27T08:36:18.706Z,S20260427_093533,SC01,AUTO,,45.4239,0.0721,start,0,1500,VIDE,0.0,0.0,0.0,0.0,0.0,0.0,0,0,0.0,0.0,0.0,0.0,0.0,0.0,0.2,2.0,1.0,0.05,1,0.0,0.2,0.0
712,2026-04-27T08:36:18.768Z,S20260427_093533,SC01,AUTO,,45.4863,0.0624,start,0,1500,VIDE,0.0,0.0,0.0,0.0,0.0,0.0,0,0,0.0,0.0,0.0,0.0,0.0,0.0,0.2,2.0,1.0,0.05,1,0.0,0.2,0.0
713,2026-04-27T08:36:18.830Z,S20260427_093533,SC01,AUTO,,45.5479,0.0616,start,0,1500,VIDE,0.0,0.0,0.0,0.0,0.0,0.0,0,0,0.0,0.0,0.0,0.0,0.0,0.0,0.2,2.0,1.0,0.05,1,0.0,0.2,0.0
714,2026-04-27T08:36:18.890Z,S20260427_093533,SC01,AUTO,,45.6081,0.0602,start,0,1500,VIDE,0.0,0.0,0.0,0.0,0.0,0.0,0,0,0.0,0.0,0.0,0.0,0.0,0.0,0.2,2.0,1.0,0.05,1,0.0,0.2,0.0
715,2026-04-27T08:36:18.951Z,S20260427_093533,SC01,AUTO,,45.6692,0.0611,start,0,1500,VIDE,0.0,0.0,0.0,0.0,0.0,0.0,0,0,0.0,0.0,0.0,0.0,0.0,0.0,0.2,2.0,1.0,0.05,1,0.0,0.2,0.0
716,2026-04-27T08:36:19.013Z,S20260427_093533,SC01,AUTO,,45.731,0.0618,start,0,1500,VIDE,0.0,0.0,0.0,0.0,0.0,0.0,0,0,0.0,0.0,0.0,0.0,0.0,0.0,0.2,2.0,1.0,0.05,1,0.0,0.2,0.0
717,2026-04-27T08:36:19.074Z,S20260427_093533,SC01,AUTO,,45.7921,0.061,start,0,1500,VIDE,0.0,0.0,0.0,0.0,0.0,0.0,0,0,0.0,0.0,0.0,0.0,0.0,0.0,0.2,2.0,1.0,0.05,1,0.0,0.2,0.0
718,2026-04-27T08:36:19.134Z,S20260427_093533,SC01,AUTO,,45.852,0.06,start,0,1500,VIDE,0.0,0.0,0.0,0.0,0.0,0.0,0,0,0.0,0.0,0.0,0.0,0.0,0.0,0.2,2.0,1.0,0.05,1,0.0,0.2,0.0
719,2026-04-27T08:36:19.199Z,S20260427_093533,SC01,AUTO,,45.9174,0.0654,start,0,1500,VIDE,0.0,0.0,0.0,0.0,0.0,0.0,0,0,0.0,0.0,0.0,0.0,0.0,0.0,0.2,2.0,1.0,0.05,1,0.0,0.2,0.0
720,2026-04-27T08:36:19.262Z,S20260427_093533,SC01,AUTO,,45.9796,0.0622,start,0,1500,VIDE,0.0,0.0,0.0,0.0,0.0,0.0,0,0,0.0,0.0,0.0,0.0,0.0,0.0,0.2,2.0,1.0,0.05,1,0.0,0.2,0.0
721,2026-04-27T08:36:19.325Z,S20260427_093533,SC01,AUTO,,46.0426,0.0629,start,0,1500,VIDE,0.0,0.0,0.0,0.0,0.0,0.0,0,0,0.0,0.0,0.0,0.0,0.0,0.0,0.2,2.0,1.0,0.05,1,0.0,0.2,0.0
722,2026-04-27T08:36:19.386Z,S20260427_093533,SC01,AUTO,,46.1036,0.0611,start,0,1500,VIDE,0.0,0.0,0.0,0.0,0.0,0.0,0,0,0.0,0.0,0.0,0.0,0.0,0.0,0.2,2.0,1.0,0.05,1,0.0,0.2,0.0
723,2026-04-27T08:36:19.449Z,S20260427_093533,SC01,AUTO,,46.1671,0.0635,start,0,1500,VIDE,0.0,0.0,0.0,0.0,0.0,0.0,0,0,0.0,0.0,0.0,0.0,0.0,0.0,0.2,2.0,1.0,0.05,1,0.0,0.2,0.0
724,2026-04-27T08:36:19.513Z,S20260427_093533,SC01,AUTO,,46.2305,0.0633,start,0,1500,VIDE,0.0,0.0,0.0,0.0,0.0,0.0,0,0,0.0,0.0,0.0,0.0,0.0,0.0,0.2,2.0,1.0,0.05,1,0.0,0.2,0.0
725,2026-04-27T08:36:19.574Z,S20260427_093533,SC01,AUTO,,46.2922,0.0618,start,0,1500,VIDE,0.0,0.0,0.0,0.0,0.0,0.0,0,0,0.0,0.0,0.0,0.0,0.0,0.0,0.2,2.0,1.0,0.05,1,0.0,0.2,0.0
726,2026-04-27T08:36:19.634Z,S20260427_093533,SC01,AUTO,,46.352,0.0598,start,0,1500,VIDE,0.0,0.0,0.0,0.0,0.0,0.0,0,0,0.0,0.0,0.0,0.0,0.0,0.0,0.2,2.0,1.0,0.05,1,0.0,0.2,0.0
727,2026-04-27T08:36:19.700Z,S20260427_093533,SC01,AUTO,,46.4179,0.0658,start,0,1500,VIDE,0.0,0.0,0.0,0.0,0.0,0.0,0,0,0.0,0.0,0.0,0.0,0.0,0.0,0.2,2.0,1.0,0.05,1,0.0,0.2,0.0
728,2026-04-27T08:36:19.762Z,S20260427_093533,SC01,AUTO,,46.4803,0.0624,start,0,1500,VIDE,0.0,0.0,0.0,0.0,0.0,0.0,0,0,0.0,0.0,0.0,0.0,0.0,0.0,0.2,2.0,1.0,0.05,1,0.0,0.2,0.0
729,2026-04-27T08:36:19.833Z,S20260427_093533,SC01,AUTO,,46.5513,0.071,start,0,1500,VIDE,0.0,0.0,0.0,0.0,0.0,0.0,0,0,0.0,0.0,0.0,0.0,0.0,0.0,0.2,2.0,1.0,0.05,1,0.0,0.2,0.0
730,2026-04-27T08:36:19.885Z,S20260427_093533,SC01,AUTO,,46.6026,0.0513,start,0,1500,VIDE,0.0,0.0,0.0,0.0,0.0,0.0,0,0,0.0,0.0,0.0,0.0,0.0,0.0,0.2,2.0,1.0,0.05,1,0.0,0.2,0.0
731,2026-04-27T08:36:19.946Z,S20260427_093533,SC01,AUTO,,46.664,0.0614,start,0,1500,VIDE,0.0,0.0,0.0,0.0,0.0,0.0,0,0,0.0,0.0,0.0,0.0,0.0,0.0,0.2,2.0,1.0,0.05,1,0.0,0.2,0.0
732,2026-04-27T08:36:20.014Z,S20260427_093533,SC01,AUTO,,46.7318,0.0678,start,0,1500,VIDE,0.0,0.0,0.0,0.0,0.0,0.0,0,0,0.0,0.0,0.0,0.0,0.0,0.0,0.2,2.0,1.0,0.05,1,0.0,0.2,0.0
733,2026-04-27T08:36:20.074Z,S20260427_093533,SC01,AUTO,,46.7916,0.0598,start,0,1500,VIDE,0.0,0.0,0.0,0.0,0.0,0.0,0,0,0.0,0.0,0.0,0.0,0.0,0.0,0.2,2.0,1.0,0.05,1,0.0,0.2,0.0
734,2026-04-27T08:36:20.134Z,S20260427_093533,SC01,AUTO,,46.8518,0.0602,start,0,1500,VIDE,0.0,0.0,0.0,0.0,0.0,0.0,0,0,0.0,0.0,0.0,0.0,0.0,0.0,0.2,2.0,1.0,0.05,1,0.0,0.2,0.0
735,2026-04-27T08:36:20.198Z,S20260427_093533,SC01,AUTO,,46.9155,0.0637,start,0,1500,VIDE,0.0,0.0,0.0,0.0,0.0,0.0,0,0,0.0,0.0,0.0,0.0,0.0,0.0,0.2,2.0,1.0,0.05,1,0.0,0.2,0.0
736,2026-04-27T08:36:20.260Z,S20260427_093533,SC01,AUTO,,46.9775,0.0619,start,0,1500,VIDE,0.0,0.0,0.0,0.0,0.0,0.0,0,0,0.0,0.0,0.0,0.0,0.0,0.0,0.2,2.0,1.0,0.05,1,0.0,0.2,0.0
737,2026-04-27T08:36:20.323Z,S20260427_093533,SC01,AUTO,,47.0406,0.0632,start,0,1500,VIDE,0.0,0.0,0.0,0.0,0.0,0.0,0,0,0.0,0.0,0.0,0.0,0.0,0.0,0.2,2.0,1.0,0.05,1,0.0,0.2,0.0
738,2026-04-27T08:36:20.385Z,S20260427_093533,SC01,AUTO,,47.1034,0.0627,start,0,1500,VIDE,0.0,0.0,0.0,0.0,0.0,0.0,0,0,0.0,0.0,0.0,0.0,0.0,0.0,0.2,2.0,1.0,0.05,1,0.0,0.2,0.0
739,2026-04-27T08:36:20.448Z,S20260427_093533,SC01,AUTO,,47.1664,0.063,start,0,1500,VIDE,0.0,0.0,0.0,0.0,0.0,0.0,0,0,0.0,0.0,0.0,0.0,0.0,0.0,0.2,2.0,1.0,0.05,1,0.0,0.2,0.0
740,2026-04-27T08:36:20.510Z,S20260427_093533,SC01,AUTO,,47.2278,0.0615,start,0,1500,VIDE,0.0,0.0,0.0,0.0,0.0,0.0,0,0,0.0,0.0,0.0,0.0,0.0,0.0,0.2,2.0,1.0,0.05,1,0.0,0.2,0.0
741,2026-04-27T08:36:20.572Z,S20260427_093533,SC01,AUTO,,47.2904,0.0626,start,0,1500,VIDE,0.0,0.0,0.0,0.0,0.0,0.0,0,0,0.0,0.0,0.0,0.0,0.0,0.0,0.2,2.0,1.0,0.05,1,0.0,0.2,0.0
742,2026-04-27T08:36:20.634Z,S20260427_093533,SC01,AUTO,,47.3521,0.0617,start,0,1500,VIDE,0.0,0.0,0.0,0.0,0.0,0.0,0,0,0.0,0.0,0.0,0.0,0.0,0.0,0.2,2.0,1.0,0.05,1,0.0,0.2,0.0
743,2026-04-27T08:36:20.696Z,S20260427_093533,SC01,AUTO,,47.414,0.0618,start,0,1500,VIDE,0.0,0.0,0.0,0.0,0.0,0.0,0,0,0.0,0.0,0.0,0.0,0.0,0.0,0.2,2.0,1.0,0.05,1,0.0,0.2,0.0
744,2026-04-27T08:36:20.774Z,S20260427_093533,SC01,AUTO,,47.4916,0.0777,start,0,1500,VIDE,0.0,0.0,0.0,0.0,0.0,0.0,0,0,0.0,0.0,0.0,0.0,0.0,0.0,0.2,2.0,1.0,0.05,1,0.0,0.2,0.0
745,2026-04-27T08:36:20.834Z,S20260427_093533,SC01,AUTO,,47.5519,0.0602,start,0,1500,VIDE,0.0,0.0,0.0,0.0,0.0,0.0,0,0,0.0,0.0,0.0,0.0,0.0,0.0,0.2,2.0,1.0,0.05,1,0.0,0.2,0.0
746,2026-04-27T08:36:20.894Z,S20260427_093533,SC01,AUTO,,47.6121,0.0602,start,0,1500,VIDE,0.0,0.0,0.0,0.0,0.0,0.0,0,0,0.0,0.0,0.0,0.0,0.0,0.0,0.2,2.0,1.0,0.05,1,0.0,0.2,0.0
747,2026-04-27T08:36:20.954Z,S20260427_093533,SC01,AUTO,,47.6717,0.0596,start,0,1500,VIDE,0.0,0.0,0.0,0.0,0.0,0.0,0,0,0.0,0.0,0.0,0.0,0.0,0.0,0.2,2.0,1.0,0.05,1,0.0,0.2,0.0
748,2026-04-27T08:36:21.014Z,S20260427_093533,SC01,AUTO,,47.7321,0.0603,start,0,1500,VIDE,0.0,0.0,0.0,0.0,0.0,0.0,0,0,0.0,0.0,0.0,0.0,0.0,0.0,0.2,2.0,1.0,0.05,1,0.0,0.2,0.0
749,2026-04-27T08:36:21.074Z,S20260427_093533,SC01,AUTO,,47.792,0.0599,start,0,1500,VIDE,0.0,0.0,0.0,0.0,0.0,0.0,0,0,0.0,0.0,0.0,0.0,0.0,0.0,0.2,2.0,1.0,0.05,1,0.0,0.2,0.0
750,2026-04-27T08:36:21.134Z,S20260427_093533,SC01,AUTO,,47.852,0.06,start,0,1500,VIDE,0.0,0.0,0.0,0.0,0.0,0.0,0,0,0.0,0.0,0.0,0.0,0.0,0.0,0.2,2.0,1.0,0.05,1,0.0,0.2,0.0
751,2026-04-27T08:36:21.208Z,S20260427_093533,SC01,AUTO,,47.926,0.074,start,0,1500,VIDE,0.0,0.0,0.0,0.0,0.0,0.0,0,0,0.0,0.0,0.0,0.0,0.0,0.0,0.2,2.0,1.0,0.05,1,0.0,0.2,0.0
752,2026-04-27T08:36:21.270Z,S20260427_093533,SC01,AUTO,,47.9878,0.0618,start,0,1500,VIDE,0.0,0.0,0.0,0.0,0.0,0.0,0,0,0.0,0.0,0.0,0.0,0.0,0.0,0.2,2.0,1.0,0.05,1,0.0,0.2,0.0
753,2026-04-27T08:36:21.333Z,S20260427_093533,SC01,AUTO,,48.0506,0.0628,start,0,1500,VIDE,0.0,0.0,0.0,0.0,0.0,0.0,0,0,0.0,0.0,0.0,0.0,0.0,0.0,0.2,2.0,1.0,0.05,1,0.0,0.2,0.0
754,2026-04-27T08:36:21.394Z,S20260427_093533,SC01,AUTO,,48.1122,0.0616,start,0,1500,VIDE,0.0,0.0,0.0,0.0,0.0,0.0,0,0,0.0,0.0,0.0,0.0,0.0,0.0,0.2,2.0,1.0,0.05,1,0.0,0.2,0.0
755,2026-04-27T08:36:21.454Z,S20260427_093533,SC01,AUTO,,48.1716,0.0595,start,0,1500,VIDE,0.0,0.0,0.0,0.0,0.0,0.0,0,0,0.0,0.0,0.0,0.0,0.0,0.0,0.2,2.0,1.0,0.05,1,0.0,0.2,0.0
756,2026-04-27T08:36:21.513Z,S20260427_093533,SC01,AUTO,,48.2314,0.0597,start,0,1500,VIDE,0.0,0.0,0.0,0.0,0.0,0.0,0,0,0.0,0.0,0.0,0.0,0.0,0.0,0.2,2.0,1.0,0.05,1,0.0,0.2,0.0
757,2026-04-27T08:36:21.574Z,S20260427_093533,SC01,AUTO,,48.2921,0.0607,start,0,1500,VIDE,0.0,0.0,0.0,0.0,0.0,0.0,0,0,0.0,0.0,0.0,0.0,0.0,0.0,0.2,2.0,1.0,0.05,1,0.0,0.2,0.0
758,2026-04-27T08:36:21.634Z,S20260427_093533,SC01,AUTO,,48.3517,0.0596,start,0,1500,VIDE,0.0,0.0,0.0,0.0,0.0,0.0,0,0,0.0,0.0,0.0,0.0,0.0,0.0,0.2,2.0,1.0,0.05,1,0.0,0.2,0.0
759,2026-04-27T08:36:21.706Z,S20260427_093533,SC01,AUTO,,48.4238,0.072,start,0,1500,VIDE,0.0,0.0,0.0,0.0,0.0,0.0,0,0,0.0,0.0,0.0,0.0,0.0,0.0,0.2,2.0,1.0,0.05,1,0.0,0.2,0.0
760,2026-04-27T08:36:21.768Z,S20260427_093533,SC01,AUTO,,48.4859,0.0622,start,0,1500,VIDE,0.0,0.0,0.0,0.0,0.0,0.0,0,0,0.0,0.0,0.0,0.0,0.0,0.0,0.2,2.0,1.0,0.05,1,0.0,0.2,0.0
761,2026-04-27T08:36:21.830Z,S20260427_093533,SC01,AUTO,,48.5483,0.0624,start,0,1500,VIDE,0.0,0.0,0.0,0.0,0.0,0.0,0,0,0.0,0.0,0.0,0.0,0.0,0.0,0.2,2.0,1.0,0.05,1,0.0,0.2,0.0
762,2026-04-27T08:36:21.894Z,S20260427_093533,SC01,AUTO,,48.6117,0.0634,start,0,1500,VIDE,0.0,0.0,0.0,0.0,0.0,0.0,0,0,0.0,0.0,0.0,0.0,0.0,0.0,0.2,2.0,1.0,0.05,1,0.0,0.2,0.0
763,2026-04-27T08:36:21.954Z,S20260427_093533,SC01,AUTO,,48.6722,0.0605,start,0,1500,VIDE,0.0,0.0,0.0,0.0,0.0,0.0,0,0,0.0,0.0,0.0,0.0,0.0,0.0,0.2,2.0,1.0,0.05,1,0.0,0.2,0.0
764,2026-04-27T08:36:22.014Z,S20260427_093533,SC01,AUTO,,48.7318,0.0596,start,0,1500,VIDE,0.0,0.0,0.0,0.0,0.0,0.0,0,0,0.0,0.0,0.0,0.0,0.0,0.0,0.2,2.0,1.0,0.05,1,0.0,0.2,0.0
765,2026-04-27T08:36:22.074Z,S20260427_093533,SC01,AUTO,,48.7922,0.0604,start,0,1500,VIDE,0.0,0.0,0.0,0.0,0.0,0.0,0,0,0.0,0.0,0.0,0.0,0.0,0.0,0.2,2.0,1.0,0.05,1,0.0,0.2,0.0
766,2026-04-27T08:36:22.134Z,S20260427_093533,SC01,AUTO,,48.8517,0.0595,start,0,1500,VIDE,0.0,0.0,0.0,0.0,0.0,0.0,0,0,0.0,0.0,0.0,0.0,0.0,0.0,0.2,2.0,1.0,0.05,1,0.0,0.2,0.0
767,2026-04-27T08:36:22.203Z,S20260427_093533,SC01,AUTO,,48.9213,0.0695,start,0,1500,VIDE,0.0,0.0,0.0,0.0,0.0,0.0,0,0,0.0,0.0,0.0,0.0,0.0,0.0,0.2,2.0,1.0,0.05,1,0.0,0.2,0.0
768,2026-04-27T08:36:22.266Z,S20260427_093533,SC01,AUTO,,48.984,0.0627,start,0,1500,VIDE,0.0,0.0,0.0,0.0,0.0,0.0,0,0,0.0,0.0,0.0,0.0,0.0,0.0,0.2,2.0,1.0,0.05,1,0.0,0.2,0.0
769,2026-04-27T08:36:22.329Z,S20260427_093533,SC01,AUTO,,49.047,0.063,start,0,1500,VIDE,0.0,0.0,0.0,0.0,0.0,0.0,0,0,0.0,0.0,0.0,0.0,0.0,0.0,0.2,2.0,1.0,0.05,1,0.0,0.2,0.0
770,2026-04-27T08:36:22.391Z,S20260427_093533,SC01,AUTO,,49.1085,0.0615,start,0,1500,VIDE,0.0,0.0,0.0,0.0,0.0,0.0,0,0,0.0,0.0,0.0,0.0,0.0,0.0,0.2,2.0,1.0,0.05,1,0.0,0.2,0.0
771,2026-04-27T08:36:22.454Z,S20260427_093533,SC01,AUTO,,49.1718,0.0633,start,0,1500,VIDE,0.0,0.0,0.0,0.0,0.0,0.0,0,0,0.0,0.0,0.0,0.0,0.0,0.0,0.2,2.0,1.0,0.05,1,0.0,0.2,0.0
772,2026-04-27T08:36:22.514Z,S20260427_093533,SC01,AUTO,,49.2319,0.0601,start,0,1500,VIDE,0.0,0.0,0.0,0.0,0.0,0.0,0,0,0.0,0.0,0.0,0.0,0.0,0.0,0.2,2.0,1.0,0.05,1,0.0,0.2,0.0
773,2026-04-27T08:36:22.574Z,S20260427_093533,SC01,AUTO,,49.2915,0.0596,start,0,1500,VIDE,0.0,0.0,0.0,0.0,0.0,0.0,0,0,0.0,0.0,0.0,0.0,0.0,0.0,0.2,2.0,1.0,0.05,1,0.0,0.2,0.0
774,2026-04-27T08:36:22.634Z,S20260427_093533,SC01,AUTO,,49.3521,0.0606,start,0,1500,VIDE,0.0,0.0,0.0,0.0,0.0,0.0,0,0,0.0,0.0,0.0,0.0,0.0,0.0,0.2,2.0,1.0,0.05,1,0.0,0.2,0.0
775,2026-04-27T08:36:22.704Z,S20260427_093533,SC01,AUTO,,49.4215,0.0694,start,0,1500,VIDE,0.0,0.0,0.0,0.0,0.0,0.0,0,0,0.0,0.0,0.0,0.0,0.0,0.0,0.2,2.0,1.0,0.05,1,0.0,0.2,0.0
776,2026-04-27T08:36:22.765Z,S20260427_093533,SC01,AUTO,,49.4832,0.0618,start,0,1500,VIDE,0.0,0.0,0.0,0.0,0.0,0.0,0,0,0.0,0.0,0.0,0.0,0.0,0.0,0.2,2.0,1.0,0.05,1,0.0,0.2,0.0
777,2026-04-27T08:36:22.829Z,S20260427_093533,SC01,AUTO,,49.5466,0.0634,start,0,1500,VIDE,0.0,0.0,0.0,0.0,0.0,0.0,0,0,0.0,0.0,0.0,0.0,0.0,0.0,0.2,2.0,1.0,0.05,1,0.0,0.2,0.0
778,2026-04-27T08:36:22.890Z,S20260427_093533,SC01,AUTO,,49.6083,0.0617,start,0,1500,VIDE,0.0,0.0,0.0,0.0,0.0,0.0,0,0,0.0,0.0,0.0,0.0,0.0,0.0,0.2,2.0,1.0,0.05,1,0.0,0.2,0.0
779,2026-04-27T08:36:22.952Z,S20260427_093533,SC01,AUTO,,49.6696,0.0613,start,0,1500,VIDE,0.0,0.0,0.0,0.0,0.0,0.0,0,0,0.0,0.0,0.0,0.0,0.0,0.0,0.2,2.0,1.0,0.05,1,0.0,0.2,0.0
780,2026-04-27T08:36:23.013Z,S20260427_093533,SC01,AUTO,,49.7314,0.0618,start,0,1500,VIDE,0.0,0.0,0.0,0.0,0.0,0.0,0,0,0.0,0.0,0.0,0.0,0.0,0.0,0.2,2.0,1.0,0.05,1,0.0,0.2,0.0
781,2026-04-27T08:36:23.074Z,S20260427_093533,SC01,AUTO,,49.7921,0.0607,start,0,1500,VIDE,0.0,0.0,0.0,0.0,0.0,0.0,0,0,0.0,0.0,0.0,0.0,0.0,0.0,0.2,2.0,1.0,0.05,1,0.0,0.2,0.0
782,2026-04-27T08:36:23.134Z,S20260427_093533,SC01,AUTO,,49.8518,0.0597,start,0,1500,VIDE,0.0,0.0,0.0,0.0,0.0,0.0,0,0,0.0,0.0,0.0,0.0,0.0,0.0,0.2,2.0,1.0,0.05,1,0.0,0.2,0.0
783,2026-04-27T08:36:23.201Z,S20260427_093533,SC01,AUTO,,49.919,0.0672,start,0,1500,VIDE,0.0,0.0,0.0,0.0,0.0,0.0,0,0,0.0,0.0,0.0,0.0,0.0,0.0,0.2,2.0,1.0,0.05,1,0.0,0.2,0.0
784,2026-04-27T08:36:23.263Z,S20260427_093533,SC01,AUTO,,49.9812,0.0623,start,0,1500,VIDE,0.0,0.0,0.0,0.0,0.0,0.0,0,0,0.0,0.0,0.0,0.0,0.0,0.0,0.2,2.0,1.0,0.05,1,0.0,0.2,0.0
785,2026-04-27T08:36:23.326Z,S20260427_093533,SC01,AUTO,,50.0439,0.0626,start,0,1500,VIDE,0.0,0.0,0.0,0.0,0.0,0.0,0,0,0.0,0.0,0.0,0.0,0.0,0.0,0.2,2.0,1.0,0.05,1,0.0,0.2,0.0
786,2026-04-27T08:36:23.388Z,S20260427_093533,SC01,AUTO,,50.1057,0.0619,start,0,1500,VIDE,0.0,0.0,0.0,0.0,0.0,0.0,0,0,0.0,0.0,0.0,0.0,0.0,0.0,0.2,2.0,1.0,0.05,1,0.0,0.2,0.0
787,2026-04-27T08:36:23.450Z,S20260427_093533,SC01,AUTO,,50.1683,0.0626,start,0,1500,VIDE,0.0,0.0,0.0,0.0,0.0,0.0,0,0,0.0,0.0,0.0,0.0,0.0,0.0,0.2,2.0,1.0,0.05,1,0.0,0.2,0.0
788,2026-04-27T08:36:23.513Z,S20260427_093533,SC01,AUTO,,50.2308,0.0625,start,0,1500,VIDE,0.0,0.0,0.0,0.0,0.0,0.0,0,0,0.0,0.0,0.0,0.0,0.0,0.0,0.2,2.0,1.0,0.05,1,0.0,0.2,0.0
789,2026-04-27T08:36:23.574Z,S20260427_093533,SC01,AUTO,,50.2922,0.0615,start,0,1500,VIDE,0.0,0.0,0.0,0.0,0.0,0.0,0,0,0.0,0.0,0.0,0.0,0.0,0.0,0.2,2.0,1.0,0.05,1,0.0,0.2,0.0
790,2026-04-27T08:36:23.634Z,S20260427_093533,SC01,AUTO,,50.3524,0.0601,start,0,1500,VIDE,0.0,0.0,0.0,0.0,0.0,0.0,0,0,0.0,0.0,0.0,0.0,0.0,0.0,0.2,2.0,1.0,0.05,1,0.0,0.2,0.0
791,2026-04-27T08:36:23.700Z,S20260427_093533,SC01,AUTO,,50.4179,0.0656,start,0,1500,VIDE,0.0,0.0,0.0,0.0,0.0,0.0,0,0,0.0,0.0,0.0,0.0,0.0,0.0,0.2,2.0,1.0,0.05,1,0.0,0.2,0.0
792,2026-04-27T08:36:23.763Z,S20260427_093533,SC01,AUTO,,50.4811,0.0632,start,0,1500,VIDE,0.0,0.0,0.0,0.0,0.0,0.0,0,0,0.0,0.0,0.0,0.0,0.0,0.0,0.2,2.0,1.0,0.05,1,0.0,0.2,0.0
793,2026-04-27T08:36:23.825Z,S20260427_093533,SC01,AUTO,,50.5426,0.0615,start,0,1500,VIDE,0.0,0.0,0.0,0.0,0.0,0.0,0,0,0.0,0.0,0.0,0.0,0.0,0.0,0.2,2.0,1.0,0.05,1,0.0,0.2,0.0
794,2026-04-27T08:36:23.886Z,S20260427_093533,SC01,AUTO,,50.6044,0.0618,start,0,1500,VIDE,0.0,0.0,0.0,0.0,0.0,0.0,0,0,0.0,0.0,0.0,0.0,0.0,0.0,0.2,2.0,1.0,0.05,1,0.0,0.2,0.0
795,2026-04-27T08:36:23.948Z,S20260427_093533,SC01,AUTO,,50.6661,0.0617,start,0,1500,VIDE,0.0,0.0,0.0,0.0,0.0,0.0,0,0,0.0,0.0,0.0,0.0,0.0,0.0,0.2,2.0,1.0,0.05,1,0.0,0.2,0.0
796,2026-04-27T08:36:24.010Z,S20260427_093533,SC01,AUTO,,50.7277,0.0616,start,0,1500,VIDE,0.0,0.0,0.0,0.0,0.0,0.0,0,0,0.0,0.0,0.0,0.0,0.0,0.0,0.2,2.0,1.0,0.05,1,0.0,0.2,0.0
797,2026-04-27T08:36:24.072Z,S20260427_093533,SC01,AUTO,,50.7897,0.062,start,0,1500,VIDE,0.0,0.0,0.0,0.0,0.0,0.0,0,0,0.0,0.0,0.0,0.0,0.0,0.0,0.2,2.0,1.0,0.05,1,0.0,0.2,0.0
798,2026-04-27T08:36:24.134Z,S20260427_093533,SC01,AUTO,,50.8521,0.0624,start,0,1500,VIDE,0.0,0.0,0.0,0.0,0.0,0.0,0,0,0.0,0.0,0.0,0.0,0.0,0.0,0.2,2.0,1.0,0.05,1,0.0,0.2,0.0
799,2026-04-27T08:36:24.211Z,S20260427_093533,SC01,AUTO,,50.9294,0.0773,start,0,1500,VIDE,0.0,0.0,0.0,0.0,0.0,0.0,0,0,0.0,0.0,0.0,0.0,0.0,0.0,0.2,2.0,1.0,0.05,1,0.0,0.2,0.0
800,2026-04-27T08:36:24.273Z,S20260427_093533,SC01,AUTO,,50.991,0.0616,start,0,1500,VIDE,0.0,0.0,0.0,0.0,0.0,0.0,0,0,0.0,0.0,0.0,0.0,0.0,0.0,0.2,2.0,1.0,0.05,1,0.0,0.2,0.0
801,2026-04-27T08:36:24.334Z,S20260427_093533,SC01,AUTO,,51.0522,0.0612,start,0,1500,VIDE,0.0,0.0,0.0,0.0,0.0,0.0,0,0,0.0,0.0,0.0,0.0,0.0,0.0,0.2,2.0,1.0,0.05,1,0.0,0.2,0.0
802,2026-04-27T08:36:24.394Z,S20260427_093533,SC01,AUTO,,51.1123,0.0601,start,0,1500,VIDE,0.0,0.0,0.0,0.0,0.0,0.0,0,0,0.0,0.0,0.0,0.0,0.0,0.0,0.2,2.0,1.0,0.05,1,0.0,0.2,0.0
803,2026-04-27T08:36:24.454Z,S20260427_093533,SC01,AUTO,,51.1719,0.0596,start,0,1500,VIDE,0.0,0.0,0.0,0.0,0.0,0.0,0,0,0.0,0.0,0.0,0.0,0.0,0.0,0.2,2.0,1.0,0.05,1,0.0,0.2,0.0
804,2026-04-27T08:36:24.514Z,S20260427_093533,SC01,AUTO,,51.2322,0.0603,start,0,1500,VIDE,0.0,0.0,0.0,0.0,0.0,0.0,0,0,0.0,0.0,0.0,0.0,0.0,0.0,0.2,2.0,1.0,0.05,1,0.0,0.2,0.0
805,2026-04-27T08:36:24.574Z,S20260427_093533,SC01,AUTO,,51.2918,0.0596,start,0,1500,VIDE,0.0,0.0,0.0,0.0,0.0,0.0,0,0,0.0,0.0,0.0,0.0,0.0,0.0,0.2,2.0,1.0,0.05,1,0.0,0.2,0.0
806,2026-04-27T08:36:24.634Z,S20260427_093533,SC01,AUTO,,51.3518,0.0601,start,0,1500,VIDE,0.0,0.0,0.0,0.0,0.0,0.0,0,0,0.0,0.0,0.0,0.0,0.0,0.0,0.2,2.0,1.0,0.05,1,0.0,0.2,0.0
807,2026-04-27T08:36:24.708Z,S20260427_093533,SC01,AUTO,,51.4256,0.0738,start,0,1500,VIDE,0.0,0.0,0.0,0.0,0.0,0.0,0,0,0.0,0.0,0.0,0.0,0.0,0.0,0.2,2.0,1.0,0.05,1,0.0,0.2,0.0
808,2026-04-27T08:36:24.768Z,S20260427_093533,SC01,AUTO,,51.4864,0.0607,start,0,1500,VIDE,0.0,0.0,0.0,0.0,0.0,0.0,0,0,0.0,0.0,0.0,0.0,0.0,0.0,0.2,2.0,1.0,0.05,1,0.0,0.2,0.0
809,2026-04-27T08:36:24.831Z,S20260427_093533,SC01,AUTO,,51.5493,0.063,start,0,1500,VIDE,0.0,0.0,0.0,0.0,0.0,0.0,0,0,0.0,0.0,0.0,0.0,0.0,0.0,0.2,2.0,1.0,0.05,1,0.0,0.2,0.0
810,2026-04-27T08:36:24.894Z,S20260427_093533,SC01,AUTO,,51.6121,0.0629,start,0,1500,VIDE,0.0,0.0,0.0,0.0,0.0,0.0,0,0,0.0,0.0,0.0,0.0,0.0,0.0,0.2,2.0,1.0,0.05,1,0.0,0.2,0.0
811,2026-04-27T08:36:24.954Z,S20260427_093533,SC01,AUTO,,51.672,0.0598,start,0,1500,VIDE,0.0,0.0,0.0,0.0,0.0,0.0,0,0,0.0,0.0,0.0,0.0,0.0,0.0,0.2,2.0,1.0,0.05,1,0.0,0.2,0.0
812,2026-04-27T08:36:25.014Z,S20260427_093533,SC01,AUTO,,51.7323,0.0603,start,0,1500,VIDE,0.0,0.0,0.0,0.0,0.0,0.0,0,0,0.0,0.0,0.0,0.0,0.0,0.0,0.2,2.0,1.0,0.05,1,0.0,0.2,0.0
813,2026-04-27T08:36:25.074Z,S20260427_093533,SC01,AUTO,,51.7918,0.0596,start,0,1500,VIDE,0.0,0.0,0.0,0.0,0.0,0.0,0,0,0.0,0.0,0.0,0.0,0.0,0.0,0.2,2.0,1.0,0.05,1,0.0,0.2,0.0
814,2026-04-27T08:36:25.134Z,S20260427_093533,SC01,AUTO,,51.8522,0.0604,start,0,1500,VIDE,0.0,0.0,0.0,0.0,0.0,0.0,0,0,0.0,0.0,0.0,0.0,0.0,0.0,0.2,2.0,1.0,0.05,1,0.0,0.2,0.0
815,2026-04-27T08:36:25.206Z,S20260427_093533,SC01,AUTO,,51.9237,0.0715,start,0,1500,VIDE,0.0,0.0,0.0,0.0,0.0,0.0,0,0,0.0,0.0,0.0,0.0,0.0,0.0,0.2,2.0,1.0,0.05,1,0.0,0.2,0.0
816,2026-04-27T08:36:25.269Z,S20260427_093533,SC01,AUTO,,51.9868,0.0631,start,0,1500,VIDE,0.0,0.0,0.0,0.0,0.0,0.0,0,0,0.0,0.0,0.0,0.0,0.0,0.0,0.2,2.0,1.0,0.05,1,0.0,0.2,0.0
817,2026-04-27T08:36:25.332Z,S20260427_093533,SC01,AUTO,,52.0499,0.0631,start,0,1500,VIDE,0.0,0.0,0.0,0.0,0.0,0.0,0,0,0.0,0.0,0.0,0.0,0.0,0.0,0.2,2.0,1.0,0.05,1,0.0,0.2,0.0
818,2026-04-27T08:36:25.392Z,S20260427_093533,SC01,AUTO,,52.1102,0.0603,start,0,1500,VIDE,0.0,0.0,0.0,0.0,0.0,0.0,0,0,0.0,0.0,0.0,0.0,0.0,0.0,0.2,2.0,1.0,0.05,1,0.0,0.2,0.0
819,2026-04-27T08:36:25.454Z,S20260427_093533,SC01,AUTO,,52.1723,0.062,start,0,1500,VIDE,0.0,0.0,0.0,0.0,0.0,0.0,0,0,0.0,0.0,0.0,0.0,0.0,0.0,0.2,2.0,1.0,0.05,1,0.0,0.2,0.0
820,2026-04-27T08:36:25.514Z,S20260427_093533,SC01,AUTO,,52.2321,0.0598,start,0,1500,VIDE,0.0,0.0,0.0,0.0,0.0,0.0,0,0,0.0,0.0,0.0,0.0,0.0,0.0,0.2,2.0,1.0,0.05,1,0.0,0.2,0.0
821,2026-04-27T08:36:25.574Z,S20260427_093533,SC01,AUTO,,52.2921,0.06,start,0,1500,VIDE,0.0,0.0,0.0,0.0,0.0,0.0,0,0,0.0,0.0,0.0,0.0,0.0,0.0,0.2,2.0,1.0,0.05,1,0.0,0.2,0.0
822,2026-04-27T08:36:25.634Z,S20260427_093533,SC01,AUTO,,52.352,0.06,start,0,1500,VIDE,0.0,0.0,0.0,0.0,0.0,0.0,0,0,0.0,0.0,0.0,0.0,0.0,0.0,0.2,2.0,1.0,0.05,1,0.0,0.2,0.0
823,2026-04-27T08:36:25.704Z,S20260427_093533,SC01,AUTO,,52.4217,0.0696,start,0,1500,VIDE,0.0,0.0,0.0,0.0,0.0,0.0,0,0,0.0,0.0,0.0,0.0,0.0,0.0,0.2,2.0,1.0,0.05,1,0.0,0.2,0.0
824,2026-04-27T08:36:25.765Z,S20260427_093533,SC01,AUTO,,52.4831,0.0614,start,0,1500,VIDE,0.0,0.0,0.0,0.0,0.0,0.0,0,0,0.0,0.0,0.0,0.0,0.0,0.0,0.2,2.0,1.0,0.05,1,0.0,0.2,0.0
825,2026-04-27T08:36:25.828Z,S20260427_093533,SC01,AUTO,,52.5456,0.0625,start,0,1500,VIDE,0.0,0.0,0.0,0.0,0.0,0.0,0,0,0.0,0.0,0.0,0.0,0.0,0.0,0.2,2.0,1.0,0.05,1,0.0,0.2,0.0
826,2026-04-27T08:36:25.890Z,S20260427_093533,SC01,AUTO,,52.6079,0.0623,start,0,1500,VIDE,0.0,0.0,0.0,0.0,0.0,0.0,0,0,0.0,0.0,0.0,0.0,0.0,0.0,0.2,2.0,1.0,0.05,1,0.0,0.2,0.0
827,2026-04-27T08:36:25.953Z,S20260427_093533,SC01,AUTO,,52.6706,0.0626,start,0,1500,VIDE,0.0,0.0,0.0,0.0,0.0,0.0,0,0,0.0,0.0,0.0,0.0,0.0,0.0,0.2,2.0,1.0,0.05,1,0.0,0.2,0.0
828,2026-04-27T08:36:26.015Z,S20260427_093533,SC01,AUTO,,52.7324,0.0619,start,0,1500,VIDE,0.0,0.0,0.0,0.0,0.0,0.0,0,0,0.0,0.0,0.0,0.0,0.0,0.0,0.2,2.0,1.0,0.05,1,0.0,0.2,0.0
829,2026-04-27T08:36:26.074Z,S20260427_093533,SC01,AUTO,,52.792,0.0596,start,0,1500,VIDE,0.0,0.0,0.0,0.0,0.0,0.0,0,0,0.0,0.0,0.0,0.0,0.0,0.0,0.2,2.0,1.0,0.05,1,0.0,0.2,0.0
830,2026-04-27T08:36:26.134Z,S20260427_093533,SC01,AUTO,,52.8521,0.06,start,0,1500,VIDE,0.0,0.0,0.0,0.0,0.0,0.0,0,0,0.0,0.0,0.0,0.0,0.0,0.0,0.2,2.0,1.0,0.05,1,0.0,0.2,0.0
831,2026-04-27T08:36:26.199Z,S20260427_093533,SC01,AUTO,,52.9167,0.0647,start,0,1500,VIDE,0.0,0.0,0.0,0.0,0.0,0.0,0,0,0.0,0.0,0.0,0.0,0.0,0.0,0.2,2.0,1.0,0.05,1,0.0,0.2,0.0
832,2026-04-27T08:36:26.265Z,S20260427_093533,SC01,AUTO,,52.9831,0.0664,start,0,1500,VIDE,0.0,0.0,0.0,0.0,0.0,0.0,0,0,0.0,0.0,0.0,0.0,0.0,0.0,0.2,2.0,1.0,0.05,1,0.0,0.2,0.0
833,2026-04-27T08:36:26.328Z,S20260427_093533,SC01,AUTO,,53.0456,0.0625,start,0,1500,VIDE,0.0,0.0,0.0,0.0,0.0,0.0,0,0,0.0,0.0,0.0,0.0,0.0,0.0,0.2,2.0,1.0,0.05,1,0.0,0.2,0.0
834,2026-04-27T08:36:26.389Z,S20260427_093533,SC01,AUTO,,53.1071,0.0615,start,0,1500,VIDE,0.0,0.0,0.0,0.0,0.0,0.0,0,0,0.0,0.0,0.0,0.0,0.0,0.0,0.2,2.0,1.0,0.05,1,0.0,0.2,0.0
835,2026-04-27T08:36:26.446Z,S20260427_093533,SC01,AUTO,,53.164,0.0569,start,0,1500,VIDE,0.0,0.0,0.0,0.0,0.0,0.0,0,0,0.0,0.0,0.0,0.0,0.0,0.0,0.2,2.0,1.0,0.05,1,0.0,0.2,0.0
836,2026-04-27T08:36:26.510Z,S20260427_093533,SC01,AUTO,,53.228,0.064,start,0,1500,VIDE,0.0,0.0,0.0,0.0,0.0,0.0,0,0,0.0,0.0,0.0,0.0,0.0,0.0,0.2,2.0,1.0,0.05,1,0.0,0.2,0.0
837,2026-04-27T08:36:26.574Z,S20260427_093533,SC01,AUTO,,53.292,0.0639,start,0,1500,VIDE,0.0,0.0,0.0,0.0,0.0,0.0,0,0,0.0,0.0,0.0,0.0,0.0,0.0,0.2,2.0,1.0,0.05,1,0.0,0.2,0.0
838,2026-04-27T08:36:26.634Z,S20260427_093533,SC01,AUTO,,53.3522,0.0603,start,0,1500,VIDE,0.0,0.0,0.0,0.0,0.0,0.0,0,0,0.0,0.0,0.0,0.0,0.0,0.0,0.2,2.0,1.0,0.05,1,0.0,0.2,0.0
839,2026-04-27T08:36:26.700Z,S20260427_093533,SC01,AUTO,,53.4181,0.0658,start,0,1500,VIDE,0.0,0.0,0.0,0.0,0.0,0.0,0,0,0.0,0.0,0.0,0.0,0.0,0.0,0.2,2.0,1.0,0.05,1,0.0,0.2,0.0
840,2026-04-27T08:36:26.762Z,S20260427_093533,SC01,AUTO,,53.48,0.0619,start,0,1500,VIDE,0.0,0.0,0.0,0.0,0.0,0.0,0,0,0.0,0.0,0.0,0.0,0.0,0.0,0.2,2.0,1.0,0.05,1,0.0,0.2,0.0
841,2026-04-27T08:36:26.824Z,S20260427_093533,SC01,AUTO,,53.5421,0.0621,start,0,1500,VIDE,0.0,0.0,0.0,0.0,0.0,0.0,0,0,0.0,0.0,0.0,0.0,0.0,0.0,0.2,2.0,1.0,0.05,1,0.0,0.2,0.0
842,2026-04-27T08:36:26.886Z,S20260427_093533,SC01,AUTO,,53.6042,0.0621,start,0,1500,VIDE,0.0,0.0,0.0,0.0,0.0,0.0,0,0,0.0,0.0,0.0,0.0,0.0,0.0,0.2,2.0,1.0,0.05,1,0.0,0.2,0.0
843,2026-04-27T08:36:26.949Z,S20260427_093533,SC01,AUTO,,53.6673,0.0631,start,0,1500,VIDE,0.0,0.0,0.0,0.0,0.0,0.0,0,0,0.0,0.0,0.0,0.0,0.0,0.0,0.2,2.0,1.0,0.05,1,0.0,0.2,0.0
844,2026-04-27T08:36:27.012Z,S20260427_093533,SC01,AUTO,,53.7302,0.0629,start,0,1500,VIDE,0.0,0.0,0.0,0.0,0.0,0.0,0,0,0.0,0.0,0.0,0.0,0.0,0.0,0.2,2.0,1.0,0.05,1,0.0,0.2,0.0
845,2026-04-27T08:36:27.074Z,S20260427_093533,SC01,AUTO,,53.7923,0.0621,start,0,1500,VIDE,0.0,0.0,0.0,0.0,0.0,0.0,0,0,0.0,0.0,0.0,0.0,0.0,0.0,0.2,2.0,1.0,0.05,1,0.0,0.2,0.0
846,2026-04-27T08:36:27.134Z,S20260427_093533,SC01,AUTO,,53.8517,0.0594,start,0,1500,VIDE,0.0,0.0,0.0,0.0,0.0,0.0,0,0,0.0,0.0,0.0,0.0,0.0,0.0,0.2,2.0,1.0,0.05,1,0.0,0.2,0.0
847,2026-04-27T08:36:27.200Z,S20260427_093533,SC01,AUTO,,53.9179,0.0662,start,0,1500,VIDE,0.0,0.0,0.0,0.0,0.0,0.0,0,0,0.0,0.0,0.0,0.0,0.0,0.0,0.2,2.0,1.0,0.05,1,0.0,0.2,0.0
848,2026-04-27T08:36:27.262Z,S20260427_093533,SC01,AUTO,,53.9798,0.0619,start,0,1500,VIDE,0.0,0.0,0.0,0.0,0.0,0.0,0,0,0.0,0.0,0.0,0.0,0.0,0.0,0.2,2.0,1.0,0.05,1,0.0,0.2,0.0
849,2026-04-27T08:36:27.324Z,S20260427_093533,SC01,AUTO,,54.0422,0.0625,start,0,1500,VIDE,0.0,0.0,0.0,0.0,0.0,0.0,0,0,0.0,0.0,0.0,0.0,0.0,0.0,0.2,2.0,1.0,0.05,1,0.0,0.2,0.0
850,2026-04-27T08:36:27.386Z,S20260427_093533,SC01,AUTO,,54.1037,0.0615,start,0,1500,VIDE,0.0,0.0,0.0,0.0,0.0,0.0,0,0,0.0,0.0,0.0,0.0,0.0,0.0,0.2,2.0,1.0,0.05,1,0.0,0.2,0.0
851,2026-04-27T08:36:27.447Z,S20260427_093533,SC01,AUTO,,54.1653,0.0616,start,0,1500,VIDE,0.0,0.0,0.0,0.0,0.0,0.0,0,0,0.0,0.0,0.0,0.0,0.0,0.0,0.2,2.0,1.0,0.05,1,0.0,0.2,0.0
852,2026-04-27T08:36:27.509Z,S20260427_093533,SC01,AUTO,,54.2271,0.0617,start,0,1500,VIDE,0.0,0.0,0.0,0.0,0.0,0.0,0,0,0.0,0.0,0.0,0.0,0.0,0.0,0.2,2.0,1.0,0.05,1,0.0,0.2,0.0
853,2026-04-27T08:36:27.571Z,S20260427_093533,SC01,AUTO,,54.289,0.062,start,0,1500,VIDE,0.0,0.0,0.0,0.0,0.0,0.0,0,0,0.0,0.0,0.0,0.0,0.0,0.0,0.2,2.0,1.0,0.05,1,0.0,0.2,0.0
854,2026-04-27T08:36:27.634Z,S20260427_093533,SC01,AUTO,,54.3522,0.0631,start,0,1500,VIDE,0.0,0.0,0.0,0.0,0.0,0.0,0,0,0.0,0.0,0.0,0.0,0.0,0.0,0.2,2.0,1.0,0.05,1,0.0,0.2,0.0
855,2026-04-27T08:36:27.712Z,S20260427_093533,SC01,AUTO,,54.43,0.0778,start,0,1500,VIDE,0.0,0.0,0.0,0.0,0.0,0.0,0,0,0.0,0.0,0.0,0.0,0.0,0.0,0.2,2.0,1.0,0.05,1,0.0,0.2,0.0
856,2026-04-27T08:36:27.775Z,S20260427_093533,SC01,AUTO,,54.4927,0.0627,start,0,1500,VIDE,0.0,0.0,0.0,0.0,0.0,0.0,0,0,0.0,0.0,0.0,0.0,0.0,0.0,0.2,2.0,1.0,0.05,1,0.0,0.2,0.0
857,2026-04-27T08:36:27.837Z,S20260427_093533,SC01,AUTO,,54.5547,0.062,start,0,1500,VIDE,0.0,0.0,0.0,0.0,0.0,0.0,0,0,0.0,0.0,0.0,0.0,0.0,0.0,0.2,2.0,1.0,0.05,1,0.0,0.2,0.0
858,2026-04-27T08:36:27.899Z,S20260427_093533,SC01,AUTO,,54.6172,0.0625,start,0,1500,VIDE,0.0,0.0,0.0,0.0,0.0,0.0,0,0,0.0,0.0,0.0,0.0,0.0,0.0,0.2,2.0,1.0,0.05,1,0.0,0.2,0.0
859,2026-04-27T08:36:27.974Z,S20260427_093533,SC01,AUTO,,54.6915,0.0743,start,0,1500,VIDE,0.0,0.0,0.0,0.0,0.0,0.0,0,0,0.0,0.0,0.0,0.0,0.0,0.0,0.2,2.0,1.0,0.05,1,0.0,0.2,0.0
860,2026-04-27T08:36:28.024Z,S20260427_093533,SC01,AUTO,,54.7421,0.0505,start,0,1500,VIDE,0.0,0.0,0.0,0.0,0.0,0.0,0,0,0.0,0.0,0.0,0.0,0.0,0.0,0.2,2.0,1.0,0.05,1,0.0,0.2,0.0
861,2026-04-27T08:36:28.094Z,S20260427_093533,SC01,AUTO,,54.8122,0.0701,start,0,1500,VIDE,0.0,0.0,0.0,0.0,0.0,0.0,0,0,0.0,0.0,0.0,0.0,0.0,0.0,0.2,2.0,1.0,0.05,1,0.0,0.2,0.0
862,2026-04-27T08:36:28.154Z,S20260427_093533,SC01,AUTO,,54.8719,0.0597,start,0,1500,VIDE,0.0,0.0,0.0,0.0,0.0,0.0,0,0,0.0,0.0,0.0,0.0,0.0,0.0,0.2,2.0,1.0,0.05,1,0.0,0.2,0.0
863,2026-04-27T08:36:28.214Z,S20260427_093533,SC01,AUTO,,54.932,0.0602,start,0,1500,VIDE,0.0,0.0,0.0,0.0,0.0,0.0,0,0,0.0,0.0,0.0,0.0,0.0,0.0,0.2,2.0,1.0,0.05,1,0.0,0.2,0.0
864,2026-04-27T08:36:28.274Z,S20260427_093533,SC01,AUTO,,54.992,0.06,start,0,1500,VIDE,0.0,0.0,0.0,0.0,0.0,0.0,0,0,0.0,0.0,0.0,0.0,0.0,0.0,0.2,2.0,1.0,0.05,1,0.0,0.2,0.0
865,2026-04-27T08:36:28.350Z,S20260427_093533,SC01,AUTO,,55.068,0.0759,start,0,1500,VIDE,0.0,0.0,0.0,0.0,0.0,0.0,0,0,0.0,0.0,0.0,0.0,0.0,0.0,0.2,2.0,1.0,0.05,1,0.0,0.2,0.0
866,2026-04-27T08:36:28.412Z,S20260427_093533,SC01,AUTO,,55.1302,0.0622,start,0,1500,VIDE,0.0,0.0,0.0,0.0,0.0,0.0,0,0,0.0,0.0,0.0,0.0,0.0,0.0,0.2,2.0,1.0,0.05,1,0.0,0.2,0.0
867,2026-04-27T08:36:28.475Z,S20260427_093533,SC01,AUTO,,55.1928,0.0626,start,0,1500,VIDE,0.0,0.0,0.0,0.0,0.0,0.0,0,0,0.0,0.0,0.0,0.0,0.0,0.0,0.2,2.0,1.0,0.05,1,0.0,0.2,0.0
868,2026-04-27T08:36:28.534Z,S20260427_093533,SC01,AUTO,,55.2523,0.0595,start,0,1500,VIDE,0.0,0.0,0.0,0.0,0.0,0.0,0,0,0.0,0.0,0.0,0.0,0.0,0.0,0.2,2.0,1.0,0.05,1,0.0,0.2,0.0
869,2026-04-27T08:36:28.594Z,S20260427_093533,SC01,AUTO,,55.3119,0.0596,start,0,1500,VIDE,0.0,0.0,0.0,0.0,0.0,0.0,0,0,0.0,0.0,0.0,0.0,0.0,0.0,0.2,2.0,1.0,0.05,1,0.0,0.2,0.0
870,2026-04-27T08:36:28.654Z,S20260427_093533,SC01,AUTO,,55.3716,0.0598,start,0,1500,VIDE,0.0,0.0,0.0,0.0,0.0,0.0,0,0,0.0,0.0,0.0,0.0,0.0,0.0,0.2,2.0,1.0,0.05,1,0.0,0.2,0.0
871,2026-04-27T08:36:28.714Z,S20260427_093533,SC01,AUTO,,55.4321,0.0604,start,0,1500,VIDE,0.0,0.0,0.0,0.0,0.0,0.0,0,0,0.0,0.0,0.0,0.0,0.0,0.0,0.2,2.0,1.0,0.05,1,0.0,0.2,0.0
872,2026-04-27T08:36:28.783Z,S20260427_093533,SC01,AUTO,,55.501,0.0689,start,0,1500,VIDE,0.0,0.0,0.0,0.0,0.0,0.0,0,0,0.0,0.0,0.0,0.0,0.0,0.0,0.2,2.0,1.0,0.05,1,0.0,0.2,0.0
873,2026-04-27T08:36:28.845Z,S20260427_093533,SC01,AUTO,,55.5632,0.0621,start,0,1500,VIDE,0.0,0.0,0.0,0.0,0.0,0.0,0,0,0.0,0.0,0.0,0.0,0.0,0.0,0.2,2.0,1.0,0.05,1,0.0,0.2,0.0
874,2026-04-27T08:36:28.908Z,S20260427_093533,SC01,AUTO,,55.6256,0.0624,start,0,1500,VIDE,0.0,0.0,0.0,0.0,0.0,0.0,0,0,0.0,0.0,0.0,0.0,0.0,0.0,0.2,2.0,1.0,0.05,1,0.0,0.2,0.0
875,2026-04-27T08:36:28.969Z,S20260427_093533,SC01,AUTO,,55.6872,0.0616,start,0,1500,VIDE,0.0,0.0,0.0,0.0,0.0,0.0,0,0,0.0,0.0,0.0,0.0,0.0,0.0,0.2,2.0,1.0,0.05,1,0.0,0.2,0.0
876,2026-04-27T08:36:29.031Z,S20260427_093533,SC01,AUTO,,55.7493,0.0621,start,0,1500,VIDE,0.0,0.0,0.0,0.0,0.0,0.0,0,0,0.0,0.0,0.0,0.0,0.0,0.0,0.2,2.0,1.0,0.05,1,0.0,0.2,0.0
877,2026-04-27T08:36:29.095Z,S20260427_093533,SC01,AUTO,,55.8125,0.0632,start,0,1500,VIDE,0.0,0.0,0.0,0.0,0.0,0.0,0,0,0.0,0.0,0.0,0.0,0.0,0.0,0.2,2.0,1.0,0.05,1,0.0,0.2,0.0
878,2026-04-27T08:36:29.154Z,S20260427_093533,SC01,AUTO,,55.8722,0.0597,start,0,1500,VIDE,0.0,0.0,0.0,0.0,0.0,0.0,0,0,0.0,0.0,0.0,0.0,0.0,0.0,0.2,2.0,1.0,0.05,1,0.0,0.2,0.0
879,2026-04-27T08:36:29.214Z,S20260427_093533,SC01,AUTO,,55.9321,0.06,start,0,1500,VIDE,0.0,0.0,0.0,0.0,0.0,0.0,0,0,0.0,0.0,0.0,0.0,0.0,0.0,0.2,2.0,1.0,0.05,1,0.0,0.2,0.0
880,2026-04-27T08:36:29.274Z,S20260427_093533,SC01,AUTO,,55.9918,0.0597,start,0,1500,VIDE,0.0,0.0,0.0,0.0,0.0,0.0,0,0,0.0,0.0,0.0,0.0,0.0,0.0,0.2,2.0,1.0,0.05,1,0.0,0.2,0.0
881,2026-04-27T08:36:29.342Z,S20260427_093533,SC01,AUTO,,56.0603,0.0684,start,0,1500,VIDE,0.0,0.0,0.0,0.0,0.0,0.0,0,0,0.0,0.0,0.0,0.0,0.0,0.0,0.2,2.0,1.0,0.05,1,0.0,0.2,0.0
882,2026-04-27T08:36:29.407Z,S20260427_093533,SC01,AUTO,,56.1247,0.0644,start,0,1500,VIDE,0.0,0.0,0.0,0.0,0.0,0.0,0,0,0.0,0.0,0.0,0.0,0.0,0.0,0.2,2.0,1.0,0.05,1,0.0,0.2,0.0
883,2026-04-27T08:36:29.462Z,S20260427_093533,SC01,AUTO,,56.1802,0.0555,start,0,1500,VIDE,0.0,0.0,0.0,0.0,0.0,0.0,0,0,0.0,0.0,0.0,0.0,0.0,0.0,0.2,2.0,1.0,0.05,1,0.0,0.2,0.0
884,2026-04-27T08:36:29.527Z,S20260427_093533,SC01,AUTO,,56.2445,0.0643,start,0,1500,VIDE,0.0,0.0,0.0,0.0,0.0,0.0,0,0,0.0,0.0,0.0,0.0,0.0,0.0,0.2,2.0,1.0,0.05,1,0.0,0.2,0.0
885,2026-04-27T08:36:29.590Z,S20260427_093533,SC01,AUTO,,56.3082,0.0636,start,0,1500,VIDE,0.0,0.0,0.0,0.0,0.0,0.0,0,0,0.0,0.0,0.0,0.0,0.0,0.0,0.2,2.0,1.0,0.05,1,0.0,0.2,0.0
886,2026-04-27T08:36:29.654Z,S20260427_093533,SC01,AUTO,,56.3723,0.0641,start,0,1500,VIDE,0.0,0.0,0.0,0.0,0.0,0.0,0,0,0.0,0.0,0.0,0.0,0.0,0.0,0.2,2.0,1.0,0.05,1,0.0,0.2,0.0
887,2026-04-27T08:36:29.714Z,S20260427_093533,SC01,AUTO,,56.4319,0.0596,start,0,1500,VIDE,0.0,0.0,0.0,0.0,0.0,0.0,0,0,0.0,0.0,0.0,0.0,0.0,0.0,0.2,2.0,1.0,0.05,1,0.0,0.2,0.0
888,2026-04-27T08:36:29.774Z,S20260427_093533,SC01,AUTO,,56.4922,0.0603,start,0,1500,VIDE,0.0,0.0,0.0,0.0,0.0,0.0,0,0,0.0,0.0,0.0,0.0,0.0,0.0,0.2,2.0,1.0,0.05,1,0.0,0.2,0.0
889,2026-04-27T08:36:29.843Z,S20260427_093533,SC01,AUTO,,56.5614,0.0691,start,0,1500,VIDE,0.0,0.0,0.0,0.0,0.0,0.0,0,0,0.0,0.0,0.0,0.0,0.0,0.0,0.2,2.0,1.0,0.05,1,0.0,0.2,0.0
890,2026-04-27T08:36:29.902Z,S20260427_093533,SC01,AUTO,,56.6202,0.0588,start,0,1500,VIDE,0.0,0.0,0.0,0.0,0.0,0.0,0,0,0.0,0.0,0.0,0.0,0.0,0.0,0.2,2.0,1.0,0.05,1,0.0,0.2,0.0
891,2026-04-27T08:36:29.967Z,S20260427_093533,SC01,AUTO,,56.6845,0.0642,start,0,1500,VIDE,0.0,0.0,0.0,0.0,0.0,0.0,0,0,0.0,0.0,0.0,0.0,0.0,0.0,0.2,2.0,1.0,0.05,1,0.0,0.2,0.0
892,2026-04-27T08:36:30.028Z,S20260427_093533,SC01,AUTO,,56.7459,0.0615,start,0,1500,VIDE,0.0,0.0,0.0,0.0,0.0,0.0,0,0,0.0,0.0,0.0,0.0,0.0,0.0,0.2,2.0,1.0,0.05,1,0.0,0.2,0.0
893,2026-04-27T08:36:30.090Z,S20260427_093533,SC01,AUTO,,56.808,0.0621,start,0,1500,VIDE,0.0,0.0,0.0,0.0,0.0,0.0,0,0,0.0,0.0,0.0,0.0,0.0,0.0,0.2,2.0,1.0,0.05,1,0.0,0.2,0.0
894,2026-04-27T08:36:30.153Z,S20260427_093533,SC01,AUTO,,56.8713,0.0633,start,0,1500,VIDE,0.0,0.0,0.0,0.0,0.0,0.0,0,0,0.0,0.0,0.0,0.0,0.0,0.0,0.2,2.0,1.0,0.05,1,0.0,0.2,0.0
895,2026-04-27T08:36:30.214Z,S20260427_093533,SC01,AUTO,,56.9324,0.0611,start,0,1500,VIDE,0.0,0.0,0.0,0.0,0.0,0.0,0,0,0.0,0.0,0.0,0.0,0.0,0.0,0.2,2.0,1.0,0.05,1,0.0,0.2,0.0
896,2026-04-27T08:36:30.274Z,S20260427_093533,SC01,AUTO,,56.9921,0.0597,start,0,1500,VIDE,0.0,0.0,0.0,0.0,0.0,0.0,0,0,0.0,0.0,0.0,0.0,0.0,0.0,0.2,2.0,1.0,0.05,1,0.0,0.2,0.0
897,2026-04-27T08:36:30.340Z,S20260427_093533,SC01,AUTO,,57.058,0.0659,start,0,1500,VIDE,0.0,0.0,0.0,0.0,0.0,0.0,0,0,0.0,0.0,0.0,0.0,0.0,0.0,0.2,2.0,1.0,0.05,1,0.0,0.2,0.0
898,2026-04-27T08:36:30.399Z,S20260427_093533,SC01,AUTO,,57.1172,0.0593,start,0,1500,VIDE,0.0,0.0,0.0,0.0,0.0,0.0,0,0,0.0,0.0,0.0,0.0,0.0,0.0,0.2,2.0,1.0,0.05,1,0.0,0.2,0.0
899,2026-04-27T08:36:30.462Z,S20260427_093533,SC01,AUTO,,57.1802,0.063,start,0,1500,VIDE,0.0,0.0,0.0,0.0,0.0,0.0,0,0,0.0,0.0,0.0,0.0,0.0,0.0,0.2,2.0,1.0,0.05,1,0.0,0.2,0.0
900,2026-04-27T08:36:30.528Z,S20260427_093533,SC01,AUTO,,57.2461,0.0659,start,0,1500,VIDE,0.0,0.0,0.0,0.0,0.0,0.0,0,0,0.0,0.0,0.0,0.0,0.0,0.0,0.2,2.0,1.0,0.05,1,0.0,0.2,0.0
901,2026-04-27T08:36:30.591Z,S20260427_093533,SC01,AUTO,,57.3091,0.063,start,0,1500,VIDE,0.0,0.0,0.0,0.0,0.0,0.0,0,0,0.0,0.0,0.0,0.0,0.0,0.0,0.2,2.0,1.0,0.05,1,0.0,0.2,0.0
902,2026-04-27T08:36:30.653Z,S20260427_093533,SC01,AUTO,,57.3711,0.062,start,0,1500,VIDE,0.0,0.0,0.0,0.0,0.0,0.0,0,0,0.0,0.0,0.0,0.0,0.0,0.0,0.2,2.0,1.0,0.05,1,0.0,0.2,0.0
903,2026-04-27T08:36:30.714Z,S20260427_093533,SC01,AUTO,,57.4322,0.0611,start,0,1500,VIDE,0.0,0.0,0.0,0.0,0.0,0.0,0,0,0.0,0.0,0.0,0.0,0.0,0.0,0.2,2.0,1.0,0.05,1,0.0,0.2,0.0
904,2026-04-27T08:36:30.777Z,S20260427_093533,SC01,AUTO,,57.4951,0.0629,start,0,1500,VIDE,0.0,0.0,0.0,0.0,0.0,0.0,0,0,0.0,0.0,0.0,0.0,0.0,0.0,0.2,2.0,1.0,0.05,1,0.0,0.2,0.0
905,2026-04-27T08:36:30.839Z,S20260427_093533,SC01,AUTO,,57.5564,0.0614,start,0,1500,VIDE,0.0,0.0,0.0,0.0,0.0,0.0,0,0,0.0,0.0,0.0,0.0,0.0,0.0,0.2,2.0,1.0,0.05,1,0.0,0.2,0.0
906,2026-04-27T08:36:30.902Z,S20260427_093533,SC01,AUTO,,57.6195,0.0631,start,0,1500,VIDE,0.0,0.0,0.0,0.0,0.0,0.0,0,0,0.0,0.0,0.0,0.0,0.0,0.0,0.2,2.0,1.0,0.05,1,0.0,0.2,0.0
907,2026-04-27T08:36:30.963Z,S20260427_093533,SC01,AUTO,,57.6809,0.0614,start,0,1500,VIDE,0.0,0.0,0.0,0.0,0.0,0.0,0,0,0.0,0.0,0.0,0.0,0.0,0.0,0.2,2.0,1.0,0.05,1,0.0,0.2,0.0
908,2026-04-27T08:36:31.025Z,S20260427_093533,SC01,AUTO,,57.7431,0.0622,start,0,1500,VIDE,0.0,0.0,0.0,0.0,0.0,0.0,0,0,0.0,0.0,0.0,0.0,0.0,0.0,0.2,2.0,1.0,0.05,1,0.0,0.2,0.0
909,2026-04-27T08:36:31.087Z,S20260427_093533,SC01,AUTO,,57.805,0.0619,start,0,1500,VIDE,0.0,0.0,0.0,0.0,0.0,0.0,0,0,0.0,0.0,0.0,0.0,0.0,0.0,0.2,2.0,1.0,0.05,1,0.0,0.2,0.0
910,2026-04-27T08:36:31.149Z,S20260427_093533,SC01,AUTO,,57.8671,0.0621,start,0,1500,VIDE,0.0,0.0,0.0,0.0,0.0,0.0,0,0,0.0,0.0,0.0,0.0,0.0,0.0,0.2,2.0,1.0,0.05,1,0.0,0.2,0.0
911,2026-04-27T08:36:31.212Z,S20260427_093533,SC01,AUTO,,57.9295,0.0624,start,0,1500,VIDE,0.0,0.0,0.0,0.0,0.0,0.0,0,0,0.0,0.0,0.0,0.0,0.0,0.0,0.2,2.0,1.0,0.05,1,0.0,0.2,0.0
912,2026-04-27T08:36:31.274Z,S20260427_093533,SC01,AUTO,,57.9923,0.0627,start,0,1500,VIDE,0.0,0.0,0.0,0.0,0.0,0.0,0,0,0.0,0.0,0.0,0.0,0.0,0.0,0.2,2.0,1.0,0.05,1,0.0,0.2,0.0
913,2026-04-27T08:36:31.342Z,S20260427_093533,SC01,AUTO,,58.0602,0.0679,start,0,1500,VIDE,0.0,0.0,0.0,0.0,0.0,0.0,0,0,0.0,0.0,0.0,0.0,0.0,0.0,0.2,2.0,1.0,0.05,1,0.0,0.2,0.0
914,2026-04-27T08:36:31.406Z,S20260427_093533,SC01,AUTO,,58.1244,0.0642,start,0,1500,VIDE,0.0,0.0,0.0,0.0,0.0,0.0,0,0,0.0,0.0,0.0,0.0,0.0,0.0,0.2,2.0,1.0,0.05,1,0.0,0.2,0.0
915,2026-04-27T08:36:31.463Z,S20260427_093533,SC01,AUTO,,58.1805,0.0561,start,0,1500,VIDE,0.0,0.0,0.0,0.0,0.0,0.0,0,0,0.0,0.0,0.0,0.0,0.0,0.0,0.2,2.0,1.0,0.05,1,0.0,0.2,0.0
916,2026-04-27T08:36:31.526Z,S20260427_093533,SC01,AUTO,,58.2442,0.0638,start,0,1500,VIDE,0.0,0.0,0.0,0.0,0.0,0.0,0,0,0.0,0.0,0.0,0.0,0.0,0.0,0.2,2.0,1.0,0.05,1,0.0,0.2,0.0
917,2026-04-27T08:36:31.591Z,S20260427_093533,SC01,AUTO,,58.3087,0.0645,start,0,1500,VIDE,0.0,0.0,0.0,0.0,0.0,0.0,0,0,0.0,0.0,0.0,0.0,0.0,0.0,0.2,2.0,1.0,0.05,1,0.0,0.2,0.0
918,2026-04-27T08:36:31.654Z,S20260427_093533,SC01,AUTO,,58.3721,0.0634,start,0,1500,VIDE,0.0,0.0,0.0,0.0,0.0,0.0,0,0,0.0,0.0,0.0,0.0,0.0,0.0,0.2,2.0,1.0,0.05,1,0.0,0.2,0.0
919,2026-04-27T08:36:31.714Z,S20260427_093533,SC01,AUTO,,58.4322,0.0601,start,0,1500,VIDE,0.0,0.0,0.0,0.0,0.0,0.0,0,0,0.0,0.0,0.0,0.0,0.0,0.0,0.2,2.0,1.0,0.05,1,0.0,0.2,0.0
920,2026-04-27T08:36:31.774Z,S20260427_093533,SC01,AUTO,,58.4919,0.0597,start,0,1500,VIDE,0.0,0.0,0.0,0.0,0.0,0.0,0,0,0.0,0.0,0.0,0.0,0.0,0.0,0.2,2.0,1.0,0.05,1,0.0,0.2,0.0
921,2026-04-27T08:36:31.838Z,S20260427_093533,SC01,AUTO,,58.5557,0.0638,start,0,1500,VIDE,0.0,0.0,0.0,0.0,0.0,0.0,0,0,0.0,0.0,0.0,0.0,0.0,0.0,0.2,2.0,1.0,0.05,1,0.0,0.2,0.0
922,2026-04-27T08:36:31.906Z,S20260427_093533,SC01,AUTO,,58.6243,0.0687,start,0,1500,VIDE,0.0,0.0,0.0,0.0,0.0,0.0,0,0,0.0,0.0,0.0,0.0,0.0,0.0,0.2,2.0,1.0,0.05,1,0.0,0.2,0.0
923,2026-04-27T08:36:31.962Z,S20260427_093533,SC01,AUTO,,58.6803,0.056,start,0,1500,VIDE,0.0,0.0,0.0,0.0,0.0,0.0,0,0,0.0,0.0,0.0,0.0,0.0,0.0,0.2,2.0,1.0,0.05,1,0.0,0.2,0.0
924,2026-04-27T08:36:32.028Z,S20260427_093533,SC01,AUTO,,58.7458,0.0655,start,0,1500,VIDE,0.0,0.0,0.0,0.0,0.0,0.0,0,0,0.0,0.0,0.0,0.0,0.0,0.0,0.2,2.0,1.0,0.05,1,0.0,0.2,0.0
925,2026-04-27T08:36:32.092Z,S20260427_093533,SC01,AUTO,,58.8103,0.0645,start,0,1500,VIDE,0.0,0.0,0.0,0.0,0.0,0.0,0,0,0.0,0.0,0.0,0.0,0.0,0.0,0.2,2.0,1.0,0.05,1,0.0,0.2,0.0
926,2026-04-27T08:36:32.155Z,S20260427_093533,SC01,AUTO,,58.8725,0.0622,start,0,1500,VIDE,0.0,0.0,0.0,0.0,0.0,0.0,0,0,0.0,0.0,0.0,0.0,0.0,0.0,0.2,2.0,1.0,0.05,1,0.0,0.2,0.0
927,2026-04-27T08:36:32.214Z,S20260427_093533,SC01,AUTO,,58.9315,0.0591,start,0,1500,VIDE,0.0,0.0,0.0,0.0,0.0,0.0,0,0,0.0,0.0,0.0,0.0,0.0,0.0,0.2,2.0,1.0,0.05,1,0.0,0.2,0.0
928,2026-04-27T08:36:32.279Z,S20260427_093533,SC01,AUTO,,58.9973,0.0658,start,0,1500,VIDE,0.0,0.0,0.0,0.0,0.0,0.0,0,0,0.0,0.0,0.0,0.0,0.0,0.0,0.2,2.0,1.0,0.05,1,0.0,0.2,0.0
929,2026-04-27T08:36:32.340Z,S20260427_093533,SC01,AUTO,,59.0582,0.0608,start,0,1500,VIDE,0.0,0.0,0.0,0.0,0.0,0.0,0,0,0.0,0.0,0.0,0.0,0.0,0.0,0.2,2.0,1.0,0.05,1,0.0,0.2,0.0
930,2026-04-27T08:36:32.401Z,S20260427_093533,SC01,AUTO,,59.119,0.0609,start,0,1500,VIDE,0.0,0.0,0.0,0.0,0.0,0.0,0,0,0.0,0.0,0.0,0.0,0.0,0.0,0.2,2.0,1.0,0.05,1,0.0,0.2,0.0
931,2026-04-27T08:36:32.464Z,S20260427_093533,SC01,AUTO,,59.182,0.063,start,0,1500,VIDE,0.0,0.0,0.0,0.0,0.0,0.0,0,0,0.0,0.0,0.0,0.0,0.0,0.0,0.2,2.0,1.0,0.05,1,0.0,0.2,0.0
932,2026-04-27T08:36:32.527Z,S20260427_093533,SC01,AUTO,,59.2449,0.0629,start,0,1500,VIDE,0.0,0.0,0.0,0.0,0.0,0.0,0,0,0.0,0.0,0.0,0.0,0.0,0.0,0.2,2.0,1.0,0.05,1,0.0,0.2,0.0
933,2026-04-27T08:36:32.589Z,S20260427_093533,SC01,AUTO,,59.307,0.0621,start,0,1500,VIDE,0.0,0.0,0.0,0.0,0.0,0.0,0,0,0.0,0.0,0.0,0.0,0.0,0.0,0.2,2.0,1.0,0.05,1,0.0,0.2,0.0
934,2026-04-27T08:36:32.650Z,S20260427_093533,SC01,AUTO,,59.3681,0.0611,start,0,1500,VIDE,0.0,0.0,0.0,0.0,0.0,0.0,0,0,0.0,0.0,0.0,0.0,0.0,0.0,0.2,2.0,1.0,0.05,1,0.0,0.2,0.0
935,2026-04-27T08:36:32.713Z,S20260427_093533,SC01,AUTO,,59.431,0.0629,start,0,1500,VIDE,0.0,0.0,0.0,0.0,0.0,0.0,0,0,0.0,0.0,0.0,0.0,0.0,0.0,0.2,2.0,1.0,0.05,1,0.0,0.2,0.0
936,2026-04-27T08:36:32.776Z,S20260427_093533,SC01,AUTO,,59.4937,0.0628,start,0,1500,VIDE,0.0,0.0,0.0,0.0,0.0,0.0,0,0,0.0,0.0,0.0,0.0,0.0,0.0,0.2,2.0,1.0,0.05,1,0.0,0.2,0.0
937,2026-04-27T08:36:32.838Z,S20260427_093533,SC01,AUTO,,59.5563,0.0626,start,0,1500,VIDE,0.0,0.0,0.0,0.0,0.0,0.0,0,0,0.0,0.0,0.0,0.0,0.0,0.0,0.2,2.0,1.0,0.05,1,0.0,0.2,0.0
938,2026-04-27T08:36:32.900Z,S20260427_093533,SC01,AUTO,,59.6184,0.0621,start,0,1500,VIDE,0.0,0.0,0.0,0.0,0.0,0.0,0,0,0.0,0.0,0.0,0.0,0.0,0.0,0.2,2.0,1.0,0.05,1,0.0,0.2,0.0
939,2026-04-27T08:36:32.964Z,S20260427_093533,SC01,AUTO,,59.6821,0.0637,start,0,1500,VIDE,0.0,0.0,0.0,0.0,0.0,0.0,0,0,0.0,0.0,0.0,0.0,0.0,0.0,0.2,2.0,1.0,0.05,1,0.0,0.2,0.0
940,2026-04-27T08:36:33.026Z,S20260427_093533,SC01,AUTO,,59.744,0.0619,start,0,1500,VIDE,0.0,0.0,0.0,0.0,0.0,0.0,0,0,0.0,0.0,0.0,0.0,0.0,0.0,0.2,2.0,1.0,0.05,1,0.0,0.2,0.0
941,2026-04-27T08:36:33.088Z,S20260427_093533,SC01,AUTO,,59.8064,0.0624,start,0,1500,VIDE,0.0,0.0,0.0,0.0,0.0,0.0,0,0,0.0,0.0,0.0,0.0,0.0,0.0,0.2,2.0,1.0,0.05,1,0.0,0.2,0.0
942,2026-04-27T08:36:33.151Z,S20260427_093533,SC01,AUTO,,59.8686,0.0622,start,0,1500,VIDE,0.0,0.0,0.0,0.0,0.0,0.0,0,0,0.0,0.0,0.0,0.0,0.0,0.0,0.2,2.0,1.0,0.05,1,0.0,0.2,0.0
943,2026-04-27T08:36:33.213Z,S20260427_093533,SC01,AUTO,,59.9314,0.0628,start,0,1500,VIDE,0.0,0.0,0.0,0.0,0.0,0.0,0,0,0.0,0.0,0.0,0.0,0.0,0.0,0.2,2.0,1.0,0.05,1,0.0,0.2,0.0
944,2026-04-27T08:36:33.276Z,S20260427_093533,SC01,AUTO,,59.9938,0.0625,start,0,1500,VIDE,0.0,0.0,0.0,0.0,0.0,0.0,0,0,0.0,0.0,0.0,0.0,0.0,0.0,0.2,2.0,1.0,0.05,1,0.0,0.2,0.0
945,2026-04-27T08:36:33.337Z,S20260427_093533,SC01,AUTO,,60.0553,0.0615,start,0,1500,VIDE,0.0,0.0,0.0,0.0,0.0,0.0,0,0,0.0,0.0,0.0,0.0,0.0,0.0,0.2,2.0,1.0,0.05,1,0.0,0.2,0.0
946,2026-04-27T08:36:33.400Z,S20260427_093533,SC01,AUTO,,60.118,0.0628,start,0,1500,VIDE,0.0,0.0,0.0,0.0,0.0,0.0,0,0,0.0,0.0,0.0,0.0,0.0,0.0,0.2,2.0,1.0,0.05,1,0.0,0.2,0.0
947,2026-04-27T08:36:33.463Z,S20260427_093533,SC01,AUTO,,60.1805,0.0624,start,0,1500,VIDE,0.0,0.0,0.0,0.0,0.0,0.0,0,0,0.0,0.0,0.0,0.0,0.0,0.0,0.2,2.0,1.0,0.05,1,0.0,0.2,0.0
948,2026-04-27T08:36:33.525Z,S20260427_093533,SC01,AUTO,,60.2425,0.062,start,0,1500,VIDE,0.0,0.0,0.0,0.0,0.0,0.0,0,0,0.0,0.0,0.0,0.0,0.0,0.0,0.2,2.0,1.0,0.05,1,0.0,0.2,0.0
949,2026-04-27T08:36:33.590Z,S20260427_093533,SC01,AUTO,,60.3083,0.0659,start,0,1500,VIDE,0.0,0.0,0.0,0.0,0.0,0.0,0,0,0.0,0.0,0.0,0.0,0.0,0.0,0.2,2.0,1.0,0.05,1,0.0,0.2,0.0
950,2026-04-27T08:36:33.649Z,S20260427_093533,SC01,AUTO,,60.367,0.0586,start,0,1500,VIDE,0.0,0.0,0.0,0.0,0.0,0.0,0,0,0.0,0.0,0.0,0.0,0.0,0.0,0.2,2.0,1.0,0.05,1,0.0,0.2,0.0
951,2026-04-27T08:36:33.713Z,S20260427_093533,SC01,AUTO,,60.4311,0.0641,start,0,1500,VIDE,0.0,0.0,0.0,0.0,0.0,0.0,0,0,0.0,0.0,0.0,0.0,0.0,0.0,0.2,2.0,1.0,0.05,1,0.0,0.2,0.0
952,2026-04-27T08:36:33.774Z,S20260427_093533,SC01,AUTO,,60.4924,0.0613,start,0,1500,VIDE,0.0,0.0,0.0,0.0,0.0,0.0,0,0,0.0,0.0,0.0,0.0,0.0,0.0,0.2,2.0,1.0,0.05,1,0.0,0.2,0.0
953,2026-04-27T08:36:33.837Z,S20260427_093533,SC01,AUTO,,60.5546,0.0622,start,0,1500,VIDE,0.0,0.0,0.0,0.0,0.0,0.0,0,0,0.0,0.0,0.0,0.0,0.0,0.0,0.2,2.0,1.0,0.05,1,0.0,0.2,0.0
954,2026-04-27T08:36:33.903Z,S20260427_093533,SC01,AUTO,,60.6206,0.0659,start,0,1500,VIDE,0.0,0.0,0.0,0.0,0.0,0.0,0,0,0.0,0.0,0.0,0.0,0.0,0.0,0.2,2.0,1.0,0.05,1,0.0,0.2,0.0
955,2026-04-27T08:36:33.967Z,S20260427_093533,SC01,AUTO,,60.6849,0.0644,start,0,1500,VIDE,0.0,0.0,0.0,0.0,0.0,0.0,0,0,0.0,0.0,0.0,0.0,0.0,0.0,0.2,2.0,1.0,0.05,1,0.0,0.2,0.0
956,2026-04-27T08:36:34.026Z,S20260427_093533,SC01,AUTO,,60.7439,0.059,start,0,1500,VIDE,0.0,0.0,0.0,0.0,0.0,0.0,0,0,0.0,0.0,0.0,0.0,0.0,0.0,0.2,2.0,1.0,0.05,1,0.0,0.2,0.0
957,2026-04-27T08:36:34.088Z,S20260427_093533,SC01,AUTO,,60.806,0.0621,start,0,1500,VIDE,0.0,0.0,0.0,0.0,0.0,0.0,0,0,0.0,0.0,0.0,0.0,0.0,0.0,0.2,2.0,1.0,0.05,1,0.0,0.2,0.0
958,2026-04-27T08:36:34.154Z,S20260427_093533,SC01,AUTO,,60.8718,0.0657,start,0,1500,VIDE,0.0,0.0,0.0,0.0,0.0,0.0,0,0,0.0,0.0,0.0,0.0,0.0,0.0,0.2,2.0,1.0,0.05,1,0.0,0.2,0.0
959,2026-04-27T08:36:34.215Z,S20260427_093533,SC01,AUTO,,60.9325,0.0608,start,0,1500,VIDE,0.0,0.0,0.0,0.0,0.0,0.0,0,0,0.0,0.0,0.0,0.0,0.0,0.0,0.2,2.0,1.0,0.05,1,0.0,0.2,0.0
960,2026-04-27T08:36:34.274Z,S20260427_093533,SC01,AUTO,,60.9922,0.0597,start,0,1500,VIDE,0.0,0.0,0.0,0.0,0.0,0.0,0,0,0.0,0.0,0.0,0.0,0.0,0.0,0.2,2.0,1.0,0.05,1,0.0,0.2,0.0
961,2026-04-27T08:36:34.343Z,S20260427_093533,SC01,AUTO,,61.0605,0.0683,start,0,1500,VIDE,0.0,0.0,0.0,0.0,0.0,0.0,0,0,0.0,0.0,0.0,0.0,0.0,0.0,0.2,2.0,1.0,0.05,1,0.0,0.2,0.0
962,2026-04-27T08:36:34.411Z,S20260427_093533,SC01,AUTO,,61.1289,0.0684,start,0,1500,VIDE,0.0,0.0,0.0,0.0,0.0,0.0,0,0,0.0,0.0,0.0,0.0,0.0,0.0,0.2,2.0,1.0,0.05,1,0.0,0.2,0.0
963,2026-04-27T08:36:34.473Z,S20260427_093533,SC01,AUTO,,61.1906,0.0617,start,0,1500,VIDE,0.0,0.0,0.0,0.0,0.0,0.0,0,0,0.0,0.0,0.0,0.0,0.0,0.0,0.2,2.0,1.0,0.05,1,0.0,0.2,0.0
964,2026-04-27T08:36:34.527Z,S20260427_093533,SC01,AUTO,,61.2447,0.0541,start,0,1500,VIDE,0.0,0.0,0.0,0.0,0.0,0.0,0,0,0.0,0.0,0.0,0.0,0.0,0.0,0.2,2.0,1.0,0.05,1,0.0,0.2,0.0
965,2026-04-27T08:36:34.590Z,S20260427_093533,SC01,AUTO,,61.3084,0.0637,start,0,1500,VIDE,0.0,0.0,0.0,0.0,0.0,0.0,0,0,0.0,0.0,0.0,0.0,0.0,0.0,0.2,2.0,1.0,0.05,1,0.0,0.2,0.0
966,2026-04-27T08:36:34.654Z,S20260427_093533,SC01,AUTO,,61.3724,0.064,start,0,1500,VIDE,0.0,0.0,0.0,0.0,0.0,0.0,0,0,0.0,0.0,0.0,0.0,0.0,0.0,0.2,2.0,1.0,0.05,1,0.0,0.2,0.0
967,2026-04-27T08:36:34.714Z,S20260427_093533,SC01,AUTO,,61.4324,0.06,start,0,1500,VIDE,0.0,0.0,0.0,0.0,0.0,0.0,0,0,0.0,0.0,0.0,0.0,0.0,0.0,0.2,2.0,1.0,0.05,1,0.0,0.2,0.0
968,2026-04-27T08:36:34.775Z,S20260427_093533,SC01,AUTO,,61.4925,0.0602,start,0,1500,VIDE,0.0,0.0,0.0,0.0,0.0,0.0,0,0,0.0,0.0,0.0,0.0,0.0,0.0,0.2,2.0,1.0,0.05,1,0.0,0.2,0.0
969,2026-04-27T08:36:34.839Z,S20260427_093533,SC01,AUTO,,61.5565,0.0639,start,0,1500,VIDE,0.0,0.0,0.0,0.0,0.0,0.0,0,0,0.0,0.0,0.0,0.0,0.0,0.0,0.2,2.0,1.0,0.05,1,0.0,0.2,0.0
970,2026-04-27T08:36:34.903Z,S20260427_093533,SC01,AUTO,,61.6209,0.0644,start,0,1500,VIDE,0.0,0.0,0.0,0.0,0.0,0.0,0,0,0.0,0.0,0.0,0.0,0.0,0.0,0.2,2.0,1.0,0.05,1,0.0,0.2,0.0
971,2026-04-27T08:36:34.969Z,S20260427_093533,SC01,AUTO,,61.6868,0.0659,start,0,1500,VIDE,0.0,0.0,0.0,0.0,0.0,0.0,0,0,0.0,0.0,0.0,0.0,0.0,0.0,0.2,2.0,1.0,0.05,1,0.0,0.2,0.0
972,2026-04-27T08:36:35.030Z,S20260427_093533,SC01,AUTO,,61.7483,0.0615,start,0,1500,VIDE,0.0,0.0,0.0,0.0,0.0,0.0,0,0,0.0,0.0,0.0,0.0,0.0,0.0,0.2,2.0,1.0,0.05,1,0.0,0.2,0.0
973,2026-04-27T08:36:35.087Z,S20260427_093533,SC01,AUTO,,61.805,0.0567,start,0,1500,VIDE,0.0,0.0,0.0,0.0,0.0,0.0,0,0,0.0,0.0,0.0,0.0,0.0,0.0,0.2,2.0,1.0,0.05,1,0.0,0.2,0.0
974,2026-04-27T08:36:35.150Z,S20260427_093533,SC01,AUTO,,61.8683,0.0633,start,0,1500,VIDE,0.0,0.0,0.0,0.0,0.0,0.0,0,0,0.0,0.0,0.0,0.0,0.0,0.0,0.2,2.0,1.0,0.05,1,0.0,0.2,0.0
975,2026-04-27T08:36:35.213Z,S20260427_093533,SC01,AUTO,,61.9314,0.0631,start,0,1500,VIDE,0.0,0.0,0.0,0.0,0.0,0.0,0,0,0.0,0.0,0.0,0.0,0.0,0.0,0.2,2.0,1.0,0.05,1,0.0,0.2,0.0
976,2026-04-27T08:36:35.275Z,S20260427_093533,SC01,AUTO,,61.9926,0.0612,start,0,1500,VIDE,0.0,0.0,0.0,0.0,0.0,0.0,0,0,0.0,0.0,0.0,0.0,0.0,0.0,0.2,2.0,1.0,0.05,1,0.0,0.2,0.0
977,2026-04-27T08:36:35.343Z,S20260427_093533,SC01,AUTO,,62.0608,0.0682,start,0,1500,VIDE,0.0,0.0,0.0,0.0,0.0,0.0,0,0,0.0,0.0,0.0,0.0,0.0,0.0,0.2,2.0,1.0,0.05,1,0.0,0.2,0.0
978,2026-04-27T08:36:35.403Z,S20260427_093533,SC01,AUTO,,62.1212,0.0604,start,0,1500,VIDE,0.0,0.0,0.0,0.0,0.0,0.0,0,0,0.0,0.0,0.0,0.0,0.0,0.0,0.2,2.0,1.0,0.05,1,0.0,0.2,0.0
979,2026-04-27T08:36:35.467Z,S20260427_093533,SC01,AUTO,,62.1845,0.0632,start,0,1500,VIDE,0.0,0.0,0.0,0.0,0.0,0.0,0,0,0.0,0.0,0.0,0.0,0.0,0.0,0.2,2.0,1.0,0.05,1,0.0,0.2,0.0
980,2026-04-27T08:36:35.528Z,S20260427_093533,SC01,AUTO,,62.2464,0.0619,start,0,1500,VIDE,0.0,0.0,0.0,0.0,0.0,0.0,0,0,0.0,0.0,0.0,0.0,0.0,0.0,0.2,2.0,1.0,0.05,1,0.0,0.2,0.0
981,2026-04-27T08:36:35.592Z,S20260427_093533,SC01,AUTO,,62.31,0.0636,start,0,1500,VIDE,0.0,0.0,0.0,0.0,0.0,0.0,0,0,0.0,0.0,0.0,0.0,0.0,0.0,0.2,2.0,1.0,0.05,1,0.0,0.2,0.0
982,2026-04-27T08:36:35.654Z,S20260427_093533,SC01,AUTO,,62.3721,0.0621,start,0,1500,VIDE,0.0,0.0,0.0,0.0,0.0,0.0,0,0,0.0,0.0,0.0,0.0,0.0,0.0,0.2,2.0,1.0,0.05,1,0.0,0.2,0.0
983,2026-04-27T08:36:35.714Z,S20260427_093533,SC01,AUTO,,62.4318,0.0597,start,0,1500,VIDE,0.0,0.0,0.0,0.0,0.0,0.0,0,0,0.0,0.0,0.0,0.0,0.0,0.0,0.2,2.0,1.0,0.05,1,0.0,0.2,0.0
984,2026-04-27T08:36:35.775Z,S20260427_093533,SC01,AUTO,,62.4924,0.0606,start,0,1500,VIDE,0.0,0.0,0.0,0.0,0.0,0.0,0,0,0.0,0.0,0.0,0.0,0.0,0.0,0.2,2.0,1.0,0.05,1,0.0,0.2,0.0
985,2026-04-27T08:36:35.839Z,S20260427_093533,SC01,AUTO,,62.5565,0.0641,start,0,1500,VIDE,0.0,0.0,0.0,0.0,0.0,0.0,0,0,0.0,0.0,0.0,0.0,0.0,0.0,0.2,2.0,1.0,0.05,1,0.0,0.2,0.0
986,2026-04-27T08:36:35.902Z,S20260427_093533,SC01,AUTO,,62.6204,0.0639,start,0,1500,VIDE,0.0,0.0,0.0,0.0,0.0,0.0,0,0,0.0,0.0,0.0,0.0,0.0,0.0,0.2,2.0,1.0,0.05,1,0.0,0.2,0.0
987,2026-04-27T08:36:35.967Z,S20260427_093533,SC01,AUTO,,62.6845,0.0641,start,0,1500,VIDE,0.0,0.0,0.0,0.0,0.0,0.0,0,0,0.0,0.0,0.0,0.0,0.0,0.0,0.2,2.0,1.0,0.05,1,0.0,0.2,0.0
988,2026-04-27T08:36:36.030Z,S20260427_093533,SC01,AUTO,,62.7481,0.0636,start,0,1500,VIDE,0.0,0.0,0.0,0.0,0.0,0.0,0,0,0.0,0.0,0.0,0.0,0.0,0.0,0.2,2.0,1.0,0.05,1,0.0,0.2,0.0
989,2026-04-27T08:36:36.092Z,S20260427_093533,SC01,AUTO,,62.81,0.0619,start,0,1500,VIDE,0.0,0.0,0.0,0.0,0.0,0.0,0,0,0.0,0.0,0.0,0.0,0.0,0.0,0.2,2.0,1.0,0.05,1,0.0,0.2,0.0
990,2026-04-27T08:36:36.151Z,S20260427_093533,SC01,AUTO,,62.8685,0.0585,start,0,1500,VIDE,0.0,0.0,0.0,0.0,0.0,0.0,0,0,0.0,0.0,0.0,0.0,0.0,0.0,0.2,2.0,1.0,0.05,1,0.0,0.2,0.0
991,2026-04-27T08:36:36.214Z,S20260427_093533,SC01,AUTO,,62.9318,0.0633,start,0,1500,VIDE,0.0,0.0,0.0,0.0,0.0,0.0,0,0,0.0,0.0,0.0,0.0,0.0,0.0,0.2,2.0,1.0,0.05,1,0.0,0.2,0.0
992,2026-04-27T08:36:36.279Z,S20260427_093533,SC01,AUTO,,62.9965,0.0647,start,0,1500,VIDE,0.0,0.0,0.0,0.0,0.0,0.0,0,0,0.0,0.0,0.0,0.0,0.0,0.0,0.2,2.0,1.0,0.05,1,0.0,0.2,0.0
993,2026-04-27T08:36:36.341Z,S20260427_093533,SC01,AUTO,,63.0586,0.0621,start,0,1500,VIDE,0.0,0.0,0.0,0.0,0.0,0.0,0,0,0.0,0.0,0.0,0.0,0.0,0.0,0.2,2.0,1.0,0.05,1,0.0,0.2,0.0
994,2026-04-27T08:36:36.399Z,S20260427_093533,SC01,AUTO,,63.1169,0.0583,start,0,1500,VIDE,0.0,0.0,0.0,0.0,0.0,0.0,0,0,0.0,0.0,0.0,0.0,0.0,0.0,0.2,2.0,1.0,0.05,1,0.0,0.2,0.0
995,2026-04-27T08:36:36.463Z,S20260427_093533,SC01,AUTO,,63.181,0.0641,start,0,1500,VIDE,0.0,0.0,0.0,0.0,0.0,0.0,0,0,0.0,0.0,0.0,0.0,0.0,0.0,0.2,2.0,1.0,0.05,1,0.0,0.2,0.0
996,2026-04-27T08:36:36.527Z,S20260427_093533,SC01,AUTO,,63.245,0.064,start,0,1500,VIDE,0.0,0.0,0.0,0.0,0.0,0.0,0,0,0.0,0.0,0.0,0.0,0.0,0.0,0.2,2.0,1.0,0.05,1,0.0,0.2,0.0
997,2026-04-27T08:36:36.592Z,S20260427_093533,SC01,AUTO,,63.3097,0.0647,start,0,1500,VIDE,0.0,0.0,0.0,0.0,0.0,0.0,0,0,0.0,0.0,0.0,0.0,0.0,0.0,0.2,2.0,1.0,0.05,1,0.0,0.2,0.0
998,2026-04-27T08:36:36.654Z,S20260427_093533,SC01,AUTO,,63.3717,0.062,start,0,1500,VIDE,0.0,0.0,0.0,0.0,0.0,0.0,0,0,0.0,0.0,0.0,0.0,0.0,0.0,0.2,2.0,1.0,0.05,1,0.0,0.2,0.0
999,2026-04-27T08:36:36.714Z,S20260427_093533,SC01,AUTO,,63.4319,0.0602,start,0,1500,VIDE,0.0,0.0,0.0,0.0,0.0,0.0,0,0,0.0,0.0,0.0,0.0,0.0,0.0,0.2,2.0,1.0,0.05,1,0.0,0.2,0.0
1000,2026-04-27T08:36:36.782Z,S20260427_093533,SC01,AUTO,,63.5,0.0681,start,0,1500,VIDE,0.0,0.0,0.0,0.0,0.0,0.0,0,0,0.0,0.0,0.0,0.0,0.0,0.0,0.2,2.0,1.0,0.05,1,0.0,0.2,0.0
1001,2026-04-27T08:36:36.839Z,S20260427_093533,SC01,AUTO,,63.5569,0.0569,start,0,1500,VIDE,0.0,0.0,0.0,0.0,0.0,0.0,0,0,0.0,0.0,0.0,0.0,0.0,0.0,0.2,2.0,1.0,0.05,1,0.0,0.2,0.0
1002,2026-04-27T08:36:36.903Z,S20260427_093533,SC01,AUTO,,63.6206,0.0637,start,0,1500,VIDE,0.0,0.0,0.0,0.0,0.0,0.0,0,0,0.0,0.0,0.0,0.0,0.0,0.0,0.2,2.0,1.0,0.05,1,0.0,0.2,0.0
1003,2026-04-27T08:36:36.970Z,S20260427_093533,SC01,AUTO,,63.6882,0.0677,start,0,1500,VIDE,0.0,0.0,0.0,0.0,0.0,0.0,0,0,0.0,0.0,0.0,0.0,0.0,0.0,0.2,2.0,1.0,0.05,1,0.0,0.2,0.0
1004,2026-04-27T08:36:37.033Z,S20260427_093533,SC01,AUTO,,63.7512,0.063,start,0,1500,VIDE,0.0,0.0,0.0,0.0,0.0,0.0,0,0,0.0,0.0,0.0,0.0,0.0,0.0,0.2,2.0,1.0,0.05,1,0.0,0.2,0.0
1005,2026-04-27T08:36:37.087Z,S20260427_093533,SC01,AUTO,,63.8049,0.0538,start,0,1500,VIDE,0.0,0.0,0.0,0.0,0.0,0.0,0,0,0.0,0.0,0.0,0.0,0.0,0.0,0.2,2.0,1.0,0.05,1,0.0,0.2,0.0
1006,2026-04-27T08:36:37.151Z,S20260427_093533,SC01,AUTO,,63.8692,0.0643,start,0,1500,VIDE,0.0,0.0,0.0,0.0,0.0,0.0,0,0,0.0,0.0,0.0,0.0,0.0,0.0,0.2,2.0,1.0,0.05,1,0.0,0.2,0.0
1007,2026-04-27T08:36:37.214Z,S20260427_093533,SC01,AUTO,,63.9322,0.063,start,0,1500,VIDE,0.0,0.0,0.0,0.0,0.0,0.0,0,0,0.0,0.0,0.0,0.0,0.0,0.0,0.2,2.0,1.0,0.05,1,0.0,0.2,0.0
1008,2026-04-27T08:36:37.279Z,S20260427_093533,SC01,AUTO,,63.9971,0.0648,start,0,1500,VIDE,0.0,0.0,0.0,0.0,0.0,0.0,0,0,0.0,0.0,0.0,0.0,0.0,0.0,0.2,2.0,1.0,0.05,1,0.0,0.2,0.0
1009,2026-04-27T08:36:37.342Z,S20260427_093533,SC01,AUTO,,64.0603,0.0632,start,0,1500,VIDE,0.0,0.0,0.0,0.0,0.0,0.0,0,0,0.0,0.0,0.0,0.0,0.0,0.0,0.2,2.0,1.0,0.05,1,0.0,0.2,0.0
1010,2026-04-27T08:36:37.404Z,S20260427_093533,SC01,AUTO,,64.1218,0.0615,start,0,1500,VIDE,0.0,0.0,0.0,0.0,0.0,0.0,0,0,0.0,0.0,0.0,0.0,0.0,0.0,0.2,2.0,1.0,0.05,1,0.0,0.2,0.0
1011,2026-04-27T08:36:37.466Z,S20260427_093533,SC01,AUTO,,64.1838,0.062,start,0,1500,VIDE,0.0,0.0,0.0,0.0,0.0,0.0,0,0,0.0,0.0,0.0,0.0,0.0,0.0,0.2,2.0,1.0,0.05,1,0.0,0.2,0.0
1012,2026-04-27T08:36:37.528Z,S20260427_093533,SC01,AUTO,,64.2462,0.0623,start,0,1500,VIDE,0.0,0.0,0.0,0.0,0.0,0.0,0,0,0.0,0.0,0.0,0.0,0.0,0.0,0.2,2.0,1.0,0.05,1,0.0,0.2,0.0
1013,2026-04-27T08:36:37.588Z,S20260427_093533,SC01,AUTO,,64.3057,0.0595,start,0,1500,VIDE,0.0,0.0,0.0,0.0,0.0,0.0,0,0,0.0,0.0,0.0,0.0,0.0,0.0,0.2,2.0,1.0,0.05,1,0.0,0.2,0.0
1014,2026-04-27T08:36:37.653Z,S20260427_093533,SC01,AUTO,,64.3709,0.0652,start,0,1500,VIDE,0.0,0.0,0.0,0.0,0.0,0.0,0,0,0.0,0.0,0.0,0.0,0.0,0.0,0.2,2.0,1.0,0.05,1,0.0,0.2,0.0
1015,2026-04-27T08:36:37.714Z,S20260427_093533,SC01,AUTO,,64.4318,0.0609,start,0,1500,VIDE,0.0,0.0,0.0,0.0,0.0,0.0,0,0,0.0,0.0,0.0,0.0,0.0,0.0,0.2,2.0,1.0,0.05,1,0.0,0.2,0.0
1016,2026-04-27T08:36:37.774Z,S20260427_093533,SC01,AUTO,,64.4924,0.0606,start,0,1500,VIDE,0.0,0.0,0.0,0.0,0.0,0.0,0,0,0.0,0.0,0.0,0.0,0.0,0.0,0.2,2.0,1.0,0.05,1,0.0,0.2,0.0
1017,2026-04-27T08:36:37.840Z,S20260427_093533,SC01,AUTO,,64.5575,0.0651,start,0,1500,VIDE,0.0,0.0,0.0,0.0,0.0,0.0,0,0,0.0,0.0,0.0,0.0,0.0,0.0,0.2,2.0,1.0,0.05,1,0.0,0.2,0.0
1018,2026-04-27T08:36:37.902Z,S20260427_093533,SC01,AUTO,,64.6203,0.0628,start,0,1500,VIDE,0.0,0.0,0.0,0.0,0.0,0.0,0,0,0.0,0.0,0.0,0.0,0.0,0.0,0.2,2.0,1.0,0.05,1,0.0,0.2,0.0
1019,2026-04-27T08:36:37.965Z,S20260427_093533,SC01,AUTO,,64.6826,0.0623,start,0,1500,VIDE,0.0,0.0,0.0,0.0,0.0,0.0,0,0,0.0,0.0,0.0,0.0,0.0,0.0,0.2,2.0,1.0,0.05,1,0.0,0.2,0.0
1020,2026-04-27T08:36:38.029Z,S20260427_093533,SC01,AUTO,,64.7471,0.0645,start,0,1500,VIDE,0.0,0.0,0.0,0.0,0.0,0.0,0,0,0.0,0.0,0.0,0.0,0.0,0.0,0.2,2.0,1.0,0.05,1,0.0,0.2,0.0
1021,2026-04-27T08:36:38.088Z,S20260427_093533,SC01,AUTO,,64.8055,0.0584,start,0,1500,VIDE,0.0,0.0,0.0,0.0,0.0,0.0,0,0,0.0,0.0,0.0,0.0,0.0,0.0,0.2,2.0,1.0,0.05,1,0.0,0.2,0.0
1022,2026-04-27T08:36:38.151Z,S20260427_093533,SC01,AUTO,,64.8686,0.0632,start,0,1500,VIDE,0.0,0.0,0.0,0.0,0.0,0.0,0,0,0.0,0.0,0.0,0.0,0.0,0.0,0.2,2.0,1.0,0.05,1,0.0,0.2,0.0
1023,2026-04-27T08:36:38.213Z,S20260427_093533,SC01,AUTO,,64.9313,0.0626,start,0,1500,VIDE,0.0,0.0,0.0,0.0,0.0,0.0,0,0,0.0,0.0,0.0,0.0,0.0,0.0,0.2,2.0,1.0,0.05,1,0.0,0.2,0.0
1024,2026-04-27T08:36:38.274Z,S20260427_093533,SC01,AUTO,,64.9918,0.0606,start,0,1500,VIDE,0.0,0.0,0.0,0.0,0.0,0.0,0,0,0.0,0.0,0.0,0.0,0.0,0.0,0.2,2.0,1.0,0.05,1,0.0,0.2,0.0
1025,2026-04-27T08:36:38.341Z,S20260427_093533,SC01,AUTO,,65.0586,0.0668,start,0,1500,VIDE,0.0,0.0,0.0,0.0,0.0,0.0,0,0,0.0,0.0,0.0,0.0,0.0,0.0,0.2,2.0,1.0,0.05,1,0.0,0.2,0.0
1026,2026-04-27T08:36:38.404Z,S20260427_093533,SC01,AUTO,,65.1215,0.0629,start,0,1500,VIDE,0.0,0.0,0.0,0.0,0.0,0.0,0,0,0.0,0.0,0.0,0.0,0.0,0.0,0.2,2.0,1.0,0.05,1,0.0,0.2,0.0
1027,2026-04-27T08:36:38.465Z,S20260427_093533,SC01,AUTO,,65.1831,0.0616,start,0,1500,VIDE,0.0,0.0,0.0,0.0,0.0,0.0,0,0,0.0,0.0,0.0,0.0,0.0,0.0,0.2,2.0,1.0,0.05,1,0.0,0.2,0.0
1028,2026-04-27T08:36:38.526Z,S20260427_093533,SC01,AUTO,,65.2442,0.0611,start,0,1500,VIDE,0.0,0.0,0.0,0.0,0.0,0.0,0,0,0.0,0.0,0.0,0.0,0.0,0.0,0.2,2.0,1.0,0.05,1,0.0,0.2,0.0
1029,2026-04-27T08:36:38.590Z,S20260427_093533,SC01,AUTO,,65.3079,0.0637,start,0,1500,VIDE,0.0,0.0,0.0,0.0,0.0,0.0,0,0,0.0,0.0,0.0,0.0,0.0,0.0,0.2,2.0,1.0,0.05,1,0.0,0.2,0.0
1030,2026-04-27T08:36:38.653Z,S20260427_093533,SC01,AUTO,,65.3711,0.0632,start,0,1500,VIDE,0.0,0.0,0.0,0.0,0.0,0.0,0,0,0.0,0.0,0.0,0.0,0.0,0.0,0.2,2.0,1.0,0.05,1,0.0,0.2,0.0
1031,2026-04-27T08:36:38.714Z,S20260427_093533,SC01,AUTO,,65.4317,0.0606,start,0,1500,VIDE,0.0,0.0,0.0,0.0,0.0,0.0,0,0,0.0,0.0,0.0,0.0,0.0,0.0,0.2,2.0,1.0,0.05,1,0.0,0.2,0.0
1032,2026-04-27T08:36:38.778Z,S20260427_093533,SC01,AUTO,,65.4965,0.0647,start,0,1500,VIDE,0.0,0.0,0.0,0.0,0.0,0.0,0,0,0.0,0.0,0.0,0.0,0.0,0.0,0.2,2.0,1.0,0.05,1,0.0,0.2,0.0
1033,2026-04-27T08:36:38.839Z,S20260427_093533,SC01,AUTO,,65.5569,0.0605,start,0,1500,VIDE,0.0,0.0,0.0,0.0,0.0,0.0,0,0,0.0,0.0,0.0,0.0,0.0,0.0,0.2,2.0,1.0,0.05,1,0.0,0.2,0.0
1034,2026-04-27T08:36:38.900Z,S20260427_093533,SC01,AUTO,,65.6182,0.0613,start,0,1500,VIDE,0.0,0.0,0.0,0.0,0.0,0.0,0,0,0.0,0.0,0.0,0.0,0.0,0.0,0.2,2.0,1.0,0.05,1,0.0,0.2,0.0
1035,2026-04-27T08:36:38.974Z,S20260427_093533,SC01,AUTO,,65.6915,0.0733,start,0,1500,VIDE,0.0,0.0,0.0,0.0,0.0,0.0,0,0,0.0,0.0,0.0,0.0,0.0,0.0,0.2,2.0,1.0,0.05,1,0.0,0.2,0.0
1036,2026-04-27T08:36:39.027Z,S20260427_093533,SC01,AUTO,,65.7445,0.053,start,0,1500,VIDE,0.0,0.0,0.0,0.0,0.0,0.0,0,0,0.0,0.0,0.0,0.0,0.0,0.0,0.2,2.0,1.0,0.05,1,0.0,0.2,0.0
1037,2026-04-27T08:36:39.087Z,S20260427_093533,SC01,AUTO,,65.8046,0.0601,start,0,1500,VIDE,0.0,0.0,0.0,0.0,0.0,0.0,0,0,0.0,0.0,0.0,0.0,0.0,0.0,0.2,2.0,1.0,0.05,1,0.0,0.2,0.0
1038,2026-04-27T08:36:39.151Z,S20260427_093533,SC01,AUTO,,65.8687,0.0641,start,0,1500,VIDE,0.0,0.0,0.0,0.0,0.0,0.0,0,0,0.0,0.0,0.0,0.0,0.0,0.0,0.2,2.0,1.0,0.05,1,0.0,0.2,0.0
1039,2026-04-27T08:36:39.214Z,S20260427_093533,SC01,AUTO,,65.9315,0.0628,start,0,1500,VIDE,0.0,0.0,0.0,0.0,0.0,0.0,0,0,0.0,0.0,0.0,0.0,0.0,0.0,0.2,2.0,1.0,0.05,1,0.0,0.2,0.0
1040,2026-04-27T08:36:39.274Z,S20260427_093533,SC01,AUTO,,65.9921,0.0607,start,0,1500,VIDE,0.0,0.0,0.0,0.0,0.0,0.0,0,0,0.0,0.0,0.0,0.0,0.0,0.0,0.2,2.0,1.0,0.05,1,0.0,0.2,0.0
1041,2026-04-27T08:36:39.339Z,S20260427_093533,SC01,AUTO,,66.0567,0.0646,start,0,1500,VIDE,0.0,0.0,0.0,0.0,0.0,0.0,0,0,0.0,0.0,0.0,0.0,0.0,0.0,0.2,2.0,1.0,0.05,1,0.0,0.2,0.0
1042,2026-04-27T08:36:39.400Z,S20260427_093533,SC01,AUTO,,66.1179,0.0612,start,0,1500,VIDE,0.0,0.0,0.0,0.0,0.0,0.0,0,0,0.0,0.0,0.0,0.0,0.0,0.0,0.2,2.0,1.0,0.05,1,0.0,0.2,0.0
1043,2026-04-27T08:36:39.475Z,S20260427_093533,SC01,AUTO,,66.193,0.0752,start,0,1500,VIDE,0.0,0.0,0.0,0.0,0.0,0.0,0,0,0.0,0.0,0.0,0.0,0.0,0.0,0.2,2.0,1.0,0.05,1,0.0,0.2,0.0
1044,2026-04-27T08:36:39.529Z,S20260427_093533,SC01,AUTO,,66.2465,0.0535,start,0,1500,VIDE,0.0,0.0,0.0,0.0,0.0,0.0,0,0,0.0,0.0,0.0,0.0,0.0,0.0,0.2,2.0,1.0,0.05,1,0.0,0.2,0.0
1045,2026-04-27T08:36:39.593Z,S20260427_093533,SC01,AUTO,,66.3113,0.0648,start,0,1500,VIDE,0.0,0.0,0.0,0.0,0.0,0.0,0,0,0.0,0.0,0.0,0.0,0.0,0.0,0.2,2.0,1.0,0.05,1,0.0,0.2,0.0
1046,2026-04-27T08:36:39.654Z,S20260427_093533,SC01,AUTO,,66.3723,0.061,start,0,1500,VIDE,0.0,0.0,0.0,0.0,0.0,0.0,0,0,0.0,0.0,0.0,0.0,0.0,0.0,0.2,2.0,1.0,0.05,1,0.0,0.2,0.0
1047,2026-04-27T08:36:39.714Z,S20260427_093533,SC01,AUTO,,66.4322,0.0599,start,0,1500,VIDE,0.0,0.0,0.0,0.0,0.0,0.0,0,0,0.0,0.0,0.0,0.0,0.0,0.0,0.2,2.0,1.0,0.05,1,0.0,0.2,0.0
1048,2026-04-27T08:36:39.775Z,S20260427_093533,SC01,AUTO,,66.4926,0.0604,start,0,1500,VIDE,0.0,0.0,0.0,0.0,0.0,0.0,0,0,0.0,0.0,0.0,0.0,0.0,0.0,0.2,2.0,1.0,0.05,1,0.0,0.2,0.0
1049,2026-04-27T08:36:39.851Z,S20260427_093533,SC01,AUTO,,66.5688,0.0762,start,0,1500,VIDE,0.0,0.0,0.0,0.0,0.0,0.0,0,0,0.0,0.0,0.0,0.0,0.0,0.0,0.2,2.0,1.0,0.05,1,0.0,0.2,0.0
1050,2026-04-27T08:36:39.911Z,S20260427_093533,SC01,AUTO,,66.6288,0.06,start,0,1500,VIDE,0.0,0.0,0.0,0.0,0.0,0.0,0,0,0.0,0.0,0.0,0.0,0.0,0.0,0.2,2.0,1.0,0.05,1,0.0,0.2,0.0
1051,2026-04-27T08:36:39.967Z,S20260427_093533,SC01,AUTO,,66.6848,0.056,start,0,1500,VIDE,0.0,0.0,0.0,0.0,0.0,0.0,0,0,0.0,0.0,0.0,0.0,0.0,0.0,0.2,2.0,1.0,0.05,1,0.0,0.2,0.0
1052,2026-04-27T08:36:40.030Z,S20260427_093533,SC01,AUTO,,66.7483,0.0635,start,0,1500,VIDE,0.0,0.0,0.0,0.0,0.0,0.0,0,0,0.0,0.0,0.0,0.0,0.0,0.0,0.2,2.0,1.0,0.05,1,0.0,0.2,0.0
1053,2026-04-27T08:36:40.088Z,S20260427_093533,SC01,AUTO,,66.806,0.0577,start,0,1500,VIDE,0.0,0.0,0.0,0.0,0.0,0.0,0,0,0.0,0.0,0.0,0.0,0.0,0.0,0.2,2.0,1.0,0.05,1,0.0,0.2,0.0
1054,2026-04-27T08:36:40.154Z,S20260427_093533,SC01,AUTO,,66.8721,0.0661,start,0,1500,VIDE,0.0,0.0,0.0,0.0,0.0,0.0,0,0,0.0,0.0,0.0,0.0,0.0,0.0,0.2,2.0,1.0,0.05,1,0.0,0.2,0.0
1055,2026-04-27T08:36:40.213Z,S20260427_093533,SC01,AUTO,,66.9314,0.0593,start,0,1500,VIDE,0.0,0.0,0.0,0.0,0.0,0.0,0,0,0.0,0.0,0.0,0.0,0.0,0.0,0.2,2.0,1.0,0.05,1,0.0,0.2,0.0
1056,2026-04-27T08:36:40.290Z,S20260427_093533,SC01,AUTO,,67.0079,0.0765,start,0,1500,VIDE,0.0,0.0,0.0,0.0,0.0,0.0,0,0,0.0,0.0,0.0,0.0,0.0,0.0,0.2,2.0,1.0,0.05,1,0.0,0.2,0.0
1057,2026-04-27T08:36:40.353Z,S20260427_093533,SC01,AUTO,,67.0707,0.0628,start,0,1500,VIDE,0.0,0.0,0.0,0.0,0.0,0.0,0,0,0.0,0.0,0.0,0.0,0.0,0.0,0.2,2.0,1.0,0.05,1,0.0,0.2,0.0
1058,2026-04-27T08:36:40.413Z,S20260427_093533,SC01,AUTO,,67.1314,0.0607,start,0,1500,VIDE,0.0,0.0,0.0,0.0,0.0,0.0,0,0,0.0,0.0,0.0,0.0,0.0,0.0,0.2,2.0,1.0,0.05,1,0.0,0.2,0.0
1059,2026-04-27T08:36:40.468Z,S20260427_093533,SC01,AUTO,,67.186,0.0546,start,0,1500,VIDE,0.0,0.0,0.0,0.0,0.0,0.0,0,0,0.0,0.0,0.0,0.0,0.0,0.0,0.2,2.0,1.0,0.05,1,0.0,0.2,0.0
1060,2026-04-27T08:36:40.534Z,S20260427_093533,SC01,AUTO,,67.2519,0.066,start,0,1500,VIDE,0.0,0.0,0.0,0.0,0.0,0.0,0,0,0.0,0.0,0.0,0.0,0.0,0.0,0.2,2.0,1.0,0.05,1,0.0,0.2,0.0
1061,2026-04-27T08:36:40.595Z,S20260427_093533,SC01,AUTO,,67.313,0.0611,start,0,1500,VIDE,0.0,0.0,0.0,0.0,0.0,0.0,0,0,0.0,0.0,0.0,0.0,0.0,0.0,0.2,2.0,1.0,0.05,1,0.0,0.2,0.0
1062,2026-04-27T08:36:40.655Z,S20260427_093533,SC01,AUTO,,67.3725,0.0594,start,0,1500,VIDE,0.0,0.0,0.0,0.0,0.0,0.0,0,0,0.0,0.0,0.0,0.0,0.0,0.0,0.2,2.0,1.0,0.05,1,0.0,0.2,0.0
1063,2026-04-27T08:36:40.714Z,S20260427_093533,SC01,AUTO,,67.4315,0.059,start,0,1500,VIDE,0.0,0.0,0.0,0.0,0.0,0.0,0,0,0.0,0.0,0.0,0.0,0.0,0.0,0.2,2.0,1.0,0.05,1,0.0,0.2,0.0
1064,2026-04-27T08:36:40.774Z,S20260427_093533,SC01,AUTO,,67.4924,0.0609,start,0,1500,VIDE,0.0,0.0,0.0,0.0,0.0,0.0,0,0,0.0,0.0,0.0,0.0,0.0,0.0,0.2,2.0,1.0,0.05,1,0.0,0.2,0.0
1065,2026-04-27T08:36:40.843Z,S20260427_093533,SC01,AUTO,,67.5614,0.069,start,0,1500,VIDE,0.0,0.0,0.0,0.0,0.0,0.0,0,0,0.0,0.0,0.0,0.0,0.0,0.0,0.2,2.0,1.0,0.05,1,0.0,0.2,0.0
1066,2026-04-27T08:36:40.902Z,S20260427_093533,SC01,AUTO,,67.6203,0.059,start,0,1500,VIDE,0.0,0.0,0.0,0.0,0.0,0.0,0,0,0.0,0.0,0.0,0.0,0.0,0.0,0.2,2.0,1.0,0.05,1,0.0,0.2,0.0
1067,2026-04-27T08:36:40.963Z,S20260427_093533,SC01,AUTO,,67.6809,0.0606,start,0,1500,VIDE,0.0,0.0,0.0,0.0,0.0,0.0,0,0,0.0,0.0,0.0,0.0,0.0,0.0,0.2,2.0,1.0,0.05,1,0.0,0.2,0.0
1068,2026-04-27T08:36:41.033Z,S20260427_093533,SC01,AUTO,,67.7506,0.0697,start,0,1500,VIDE,0.0,0.0,0.0,0.0,0.0,0.0,0,0,0.0,0.0,0.0,0.0,0.0,0.0,0.2,2.0,1.0,0.05,1,0.0,0.2,0.0
1069,2026-04-27T08:36:41.094Z,S20260427_093533,SC01,AUTO,,67.8119,0.0613,start,0,1500,VIDE,0.0,0.0,0.0,0.0,0.0,0.0,0,0,0.0,0.0,0.0,0.0,0.0,0.0,0.2,2.0,1.0,0.05,1,0.0,0.2,0.0
1070,2026-04-27T08:36:41.154Z,S20260427_093533,SC01,AUTO,,67.8715,0.0596,start,0,1500,VIDE,0.0,0.0,0.0,0.0,0.0,0.0,0,0,0.0,0.0,0.0,0.0,0.0,0.0,0.2,2.0,1.0,0.05,1,0.0,0.2,0.0
1071,2026-04-27T08:36:41.214Z,S20260427_093533,SC01,AUTO,,67.9321,0.0607,start,0,1500,VIDE,0.0,0.0,0.0,0.0,0.0,0.0,0,0,0.0,0.0,0.0,0.0,0.0,0.0,0.2,2.0,1.0,0.05,1,0.0,0.2,0.0
1072,2026-04-27T08:36:41.275Z,S20260427_093533,SC01,AUTO,,67.9926,0.0605,start,0,1500,VIDE,0.0,0.0,0.0,0.0,0.0,0.0,0,0,0.0,0.0,0.0,0.0,0.0,0.0,0.2,2.0,1.0,0.05,1,0.0,0.2,0.0
1073,2026-04-27T08:36:42.695Z,S20260427_093533,SC01,AUTO,,69.4132,1.4206,start,0,1500,VIDE,0.0,0.0,0.0,0.0,0.0,0.0,0,0,0.0,0.0,0.0,0.0,0.0,0.0,0.2,2.0,1.0,0.05,1,0.0,0.2,0.0
1074,2026-04-27T08:36:42.714Z,S20260427_093533,SC01,AUTO,,69.4323,0.0191,start,0,1500,VIDE,0.0,0.0,0.0,0.0,0.0,0.0,0,0,0.0,0.0,0.0,0.0,0.0,0.0,0.2,2.0,1.0,0.05,1,0.0,0.2,0.0
1075,2026-04-27T08:36:42.779Z,S20260427_093533,SC01,AUTO,,69.4966,0.0643,start,0,1500,VIDE,0.0,0.0,0.0,0.0,0.0,0.0,0,0,0.0,0.0,0.0,0.0,0.0,0.0,0.2,2.0,1.0,0.05,1,0.0,0.2,0.0
1076,2026-04-27T08:36:42.842Z,S20260427_093533,SC01,AUTO,,69.5603,0.0637,start,0,1500,VIDE,0.0,0.0,0.0,0.0,0.0,0.0,0,0,0.0,0.0,0.0,0.0,0.0,0.0,0.2,2.0,1.0,0.05,1,0.0,0.2,0.0
1077,2026-04-27T08:36:42.905Z,S20260427_093533,SC01,AUTO,,69.6227,0.0624,start,0,1500,VIDE,0.0,0.0,0.0,0.0,0.0,0.0,0,0,0.0,0.0,0.0,0.0,0.0,0.0,0.2,2.0,1.0,0.05,1,0.0,0.2,0.0
1078,2026-04-27T08:36:42.967Z,S20260427_093533,SC01,AUTO,,69.6854,0.0628,start,0,1500,VIDE,0.0,0.0,0.0,0.0,0.0,0.0,0,0,0.0,0.0,0.0,0.0,0.0,0.0,0.2,2.0,1.0,0.05,1,0.0,0.2,0.0
1079,2026-04-27T08:36:43.031Z,S20260427_093533,SC01,AUTO,,69.7488,0.0633,start,0,1500,VIDE,0.0,0.0,0.0,0.0,0.0,0.0,0,0,0.0,0.0,0.0,0.0,0.0,0.0,0.2,2.0,1.0,0.05,1,0.0,0.2,0.0
1080,2026-04-27T08:36:43.093Z,S20260427_093533,SC01,AUTO,,69.8109,0.0621,start,0,1500,VIDE,0.0,0.0,0.0,0.0,0.0,0.0,0,0,0.0,0.0,0.0,0.0,0.0,0.0,0.2,2.0,1.0,0.05,1,0.0,0.2,0.0
1081,2026-04-27T08:36:43.151Z,S20260427_093533,SC01,AUTO,,69.8688,0.0579,start,0,1500,VIDE,0.0,0.0,0.0,0.0,0.0,0.0,0,0,0.0,0.0,0.0,0.0,0.0,0.0,0.2,2.0,1.0,0.05,1,0.0,0.2,0.0
1082,2026-04-27T08:36:43.214Z,S20260427_093533,SC01,AUTO,,69.9316,0.0628,start,0,1500,VIDE,0.0,0.0,0.0,0.0,0.0,0.0,0,0,0.0,0.0,0.0,0.0,0.0,0.0,0.2,2.0,1.0,0.05,1,0.0,0.2,0.0
1083,2026-04-27T08:36:43.276Z,S20260427_093533,SC01,AUTO,,69.994,0.0624,start,0,1500,VIDE,0.0,0.0,0.0,0.0,0.0,0.0,0,0,0.0,0.0,0.0,0.0,0.0,0.0,0.2,2.0,1.0,0.05,1,0.0,0.2,0.0
1084,2026-04-27T08:36:43.350Z,S20260427_093533,SC01,AUTO,,70.0678,0.0737,start,0,1500,VIDE,0.0,0.0,0.0,0.0,0.0,0.0,0,0,0.0,0.0,0.0,0.0,0.0,0.0,0.2,2.0,1.0,0.05,1,0.0,0.2,0.0
1085,2026-04-27T08:36:43.406Z,S20260427_093533,SC01,AUTO,,70.1237,0.0559,start,0,1500,VIDE,0.0,0.0,0.0,0.0,0.0,0.0,0,0,0.0,0.0,0.0,0.0,0.0,0.0,0.2,2.0,1.0,0.05,1,0.0,0.2,0.0
1086,2026-04-27T08:36:43.469Z,S20260427_093533,SC01,AUTO,,70.187,0.0634,start,0,1500,VIDE,0.0,0.0,0.0,0.0,0.0,0.0,0,0,0.0,0.0,0.0,0.0,0.0,0.0,0.2,2.0,1.0,0.05,1,0.0,0.2,0.0
1087,2026-04-27T08:36:43.533Z,S20260427_093533,SC01,AUTO,,70.2508,0.0637,start,0,1500,VIDE,0.0,0.0,0.0,0.0,0.0,0.0,0,0,0.0,0.0,0.0,0.0,0.0,0.0,0.2,2.0,1.0,0.05,1,0.0,0.2,0.0
1088,2026-04-27T08:36:43.597Z,S20260427_093533,SC01,AUTO,,70.3147,0.0639,start,0,1500,VIDE,0.0,0.0,0.0,0.0,0.0,0.0,0,0,0.0,0.0,0.0,0.0,0.0,0.0,0.2,2.0,1.0,0.05,1,0.0,0.2,0.0
1089,2026-04-27T08:36:43.654Z,S20260427_093533,SC01,AUTO,,70.3715,0.0569,start,0,1500,VIDE,0.0,0.0,0.0,0.0,0.0,0.0,0,0,0.0,0.0,0.0,0.0,0.0,0.0,0.2,2.0,1.0,0.05,1,0.0,0.2,0.0
1090,2026-04-27T08:36:43.715Z,S20260427_093533,SC01,AUTO,,70.4333,0.0617,start,0,1500,VIDE,0.0,0.0,0.0,0.0,0.0,0.0,0,0,0.0,0.0,0.0,0.0,0.0,0.0,0.2,2.0,1.0,0.05,1,0.0,0.2,0.0
1091,2026-04-27T08:36:43.783Z,S20260427_093533,SC01,AUTO,,70.5013,0.068,start,0,1500,VIDE,0.0,0.0,0.0,0.0,0.0,0.0,0,0,0.0,0.0,0.0,0.0,0.0,0.0,0.2,2.0,1.0,0.05,1,0.0,0.2,0.0
1092,2026-04-27T08:36:43.846Z,S20260427_093533,SC01,AUTO,,70.5637,0.0624,start,0,1500,VIDE,0.0,0.0,0.0,0.0,0.0,0.0,0,0,0.0,0.0,0.0,0.0,0.0,0.0,0.2,2.0,1.0,0.05,1,0.0,0.2,0.0
1093,2026-04-27T08:36:43.907Z,S20260427_093533,SC01,AUTO,,70.6246,0.0608,start,0,1500,VIDE,0.0,0.0,0.0,0.0,0.0,0.0,0,0,0.0,0.0,0.0,0.0,0.0,0.0,0.2,2.0,1.0,0.05,1,0.0,0.2,0.0
1094,2026-04-27T08:36:43.968Z,S20260427_093533,SC01,AUTO,,70.6857,0.0612,start,0,1500,VIDE,0.0,0.0,0.0,0.0,0.0,0.0,0,0,0.0,0.0,0.0,0.0,0.0,0.0,0.2,2.0,1.0,0.05,1,0.0,0.2,0.0
1095,2026-04-27T08:36:44.030Z,S20260427_093533,SC01,AUTO,,70.748,0.0624,start,0,1500,VIDE,0.0,0.0,0.0,0.0,0.0,0.0,0,0,0.0,0.0,0.0,0.0,0.0,0.0,0.2,2.0,1.0,0.05,1,0.0,0.2,0.0
1096,2026-04-27T08:36:44.093Z,S20260427_093533,SC01,AUTO,,70.8106,0.0626,start,0,1500,VIDE,0.0,0.0,0.0,0.0,0.0,0.0,0,0,0.0,0.0,0.0,0.0,0.0,0.0,0.2,2.0,1.0,0.05,1,0.0,0.2,0.0
1097,2026-04-27T08:36:44.156Z,S20260427_093533,SC01,AUTO,,70.8745,0.0637,start,0,1500,VIDE,0.0,0.0,0.0,0.0,0.0,0.0,0,0,0.0,0.0,0.0,0.0,0.0,0.0,0.2,2.0,1.0,0.05,1,0.0,0.2,0.0
1098,2026-04-27T08:36:44.214Z,S20260427_093533,SC01,AUTO,,70.9319,0.0576,start,0,1500,VIDE,0.0,0.0,0.0,0.0,0.0,0.0,0,0,0.0,0.0,0.0,0.0,0.0,0.0,0.2,2.0,1.0,0.05,1,0.0,0.2,0.0
1099,2026-04-27T08:36:44.278Z,S20260427_093533,SC01,AUTO,,70.9962,0.0644,start,0,1500,VIDE,0.0,0.0,0.0,0.0,0.0,0.0,0,0,0.0,0.0,0.0,0.0,0.0,0.0,0.2,2.0,1.0,0.05,1,0.0,0.2,0.0
1100,2026-04-27T08:36:44.395Z,S20260427_093533,SC01,AUTO,,71.1126,0.1164,start,0,1500,VIDE,0.0,0.0,0.0,0.0,0.0,0.0,0,0,0.0,0.0,0.0,0.0,0.0,0.0,0.2,2.0,1.0,0.05,1,0.0,0.2,0.0
1101,2026-04-27T08:36:44.401Z,S20260427_093533,SC01,AUTO,,71.1188,0.0061,start,0,1500,VIDE,0.0,0.0,0.0,0.0,0.0,0.0,0,0,0.0,0.0,0.0,0.0,0.0,0.0,0.2,2.0,1.0,0.05,1,0.0,0.2,0.0
1102,2026-04-27T08:36:44.467Z,S20260427_093533,SC01,AUTO,,71.185,0.0663,start,0,1500,VIDE,0.0,0.0,0.0,0.0,-0.698132,-0.0,1,0,6053.017,1.794,0.0,0.0,0.0,0.0,0.2,2.0,1.0,0.05,1,0.0,0.2,0.0
1103,2026-04-27T08:36:44.548Z,S20260427_093533,SC01,AUTO,,71.2659,0.0809,start,0,1500,VIDE,0.0,0.0,0.0,0.0,-0.698132,0.0,1,0,6042.811,18.777,0.0,0.0,0.0,0.0,0.2,2.0,1.0,0.05,1,0.0,0.2,0.0
1104,2026-04-27T08:36:44.590Z,S20260427_093533,SC01,AUTO,,71.3075,0.0416,start,0,1500,VIDE,0.0,0.0,0.0,0.0,-0.698132,0.0,1,0,6024.143,18.814,0.0,0.0,0.0,0.0,0.2,2.0,1.0,0.05,1,0.0,0.2,0.0
1105,2026-04-27T08:36:44.655Z,S20260427_093533,SC01,AUTO,,71.3731,0.0656,start,0,1500,VIDE,0.0,0.0,0.0,0.0,-0.698132,0.0,1,0,5999.71,11.69,0.0,0.0,0.0,0.0,0.2,2.0,1.0,0.05,1,0.0,0.2,0.0
1106,2026-04-27T08:36:44.714Z,S20260427_093533,SC01,AUTO,,71.4317,0.0586,start,0,1500,VIDE,0.0,0.0,0.0,0.0,-0.698132,0.0,1,0,5949.329,19.105,0.0,0.0,0.0,0.0,0.2,2.0,1.0,0.05,1,0.0,0.2,0.0
1107,2026-04-27T08:36:44.780Z,S20260427_093533,SC01,AUTO,,71.4985,0.0668,start,0,1500,VIDE,0.0,0.0,0.0,0.0,-0.698132,0.0,1,0,5894.362,20.509,0.0,0.0,0.0,0.0,0.2,2.0,1.0,0.05,1,0.0,0.2,0.0
1108,2026-04-27T08:36:44.844Z,S20260427_093533,SC01,AUTO,,71.5619,0.0634,start,0,1500,VIDE,0.0,0.0,0.0,0.0,-0.698132,0.0,1,0,5841.27,18.663,0.0,0.0,0.0,0.0,0.2,2.0,1.0,0.05,1,0.0,0.2,0.0
1109,2026-04-27T08:36:44.907Z,S20260427_093533,SC01,AUTO,,71.6249,0.0631,start,0,1500,VIDE,0.0,0.0,0.0,0.0,-0.698132,0.0,1,0,5784.148,19.136,0.0,0.0,0.0,0.0,0.2,2.0,1.0,0.05,1,0.0,0.2,0.0
1110,2026-04-27T08:36:44.967Z,S20260427_093533,SC01,AUTO,,71.6852,0.0603,start,0,1500,VIDE,0.0,0.0,0.0,0.0,-0.698132,0.0,1,0,5729.212,20.645,0.0,0.0,0.0,0.0,0.2,2.0,1.0,0.05,1,0.0,0.2,0.0
1111,2026-04-27T08:36:45.029Z,S20260427_093533,SC01,AUTO,,71.7467,0.0616,start,0,1500,VIDE,0.0,0.0,0.0,0.0,-0.698132,0.0,1,0,5673.538,20.335,0.0,0.0,0.0,0.0,0.2,2.0,1.0,0.05,1,0.0,0.2,0.0
1112,2026-04-27T08:36:45.090Z,S20260427_093533,SC01,AUTO,,71.8082,0.0615,start,0,1500,VIDE,0.0,0.0,0.0,0.0,-0.698132,0.0,1,0,5620.16,18.799,0.0,0.0,0.0,0.0,0.2,2.0,1.0,0.05,1,0.0,0.2,0.0
1113,2026-04-27T08:36:45.153Z,S20260427_093533,SC01,AUTO,,71.8706,0.0623,start,0,1500,VIDE,0.0,0.0,0.0,0.0,-0.698132,0.0,1,0,5566.3,18.651,0.0,0.0,0.0,0.0,0.2,2.0,1.0,0.05,1,0.0,0.2,0.0
1114,2026-04-27T08:36:45.214Z,S20260427_093533,SC01,AUTO,,71.9318,0.0611,start,0,1500,VIDE,0.0,0.0,0.0,0.0,-0.698132,0.0,1,0,5519.601,18.07,0.0,0.0,0.0,0.0,0.2,2.0,1.0,0.05,1,0.0,0.2,0.0
1115,2026-04-27T08:36:45.278Z,S20260427_093533,SC01,AUTO,,71.9957,0.064,start,0,1500,VIDE,0.0,0.0,0.0,0.0,-0.698132,0.0,1,0,5461.437,19.408,0.0,0.0,0.0,0.0,0.2,2.0,1.0,0.05,1,0.0,0.2,0.0
1116,2026-04-27T08:36:45.347Z,S20260427_093533,SC01,AUTO,,72.065,0.0693,start,0,1500,VIDE,0.0,0.0,0.0,0.0,-0.698132,0.0,1,0,5409.021,15.248,0.0,0.0,0.0,0.0,0.2,2.0,1.0,0.05,1,0.0,0.2,0.0
1117,2026-04-27T08:36:45.402Z,S20260427_093533,SC01,AUTO,,72.1203,0.0553,start,0,1500,VIDE,0.0,0.0,0.0,0.0,-0.698132,-0.0,1,0,5381.646,19.384,0.0,0.0,0.0,0.0,0.2,2.0,1.0,0.05,1,0.0,0.2,0.0
1118,2026-04-27T08:36:45.463Z,S20260427_093533,SC01,AUTO,,72.1806,0.0603,start,0,1500,VIDE,0.0,0.0,0.0,0.0,-0.698132,-0.0,1,0,5329.75,19.889,0.0,0.0,0.0,0.0,0.2,2.0,1.0,0.05,1,0.0,0.2,0.0
1119,2026-04-27T08:36:45.526Z,S20260427_093533,SC01,AUTO,0.0009,72.2435,0.0629,start,1,1500,VIDE,0.0,0.0,0.0,0.0,-0.698132,-0.0,1,0,5276.394,20.782,0.0,0.0,0.0,0.0,0.2,2.0,1.0,0.05,1,0.0,0.2,0.0
1120,2026-04-27T08:36:45.587Z,S20260427_093533,SC01,AUTO,0.0622,72.3048,0.0612,start,1,1500,VIDE,0.0,0.0,0.0,0.0,-0.698132,-0.0,1,0,5226.205,18.929,0.0,0.0,0.0,0.0,0.2,2.0,1.0,0.05,1,0.0,0.2,0.0
1121,2026-04-27T08:36:45.649Z,S20260427_093533,SC01,AUTO,0.1246,72.3672,0.0625,start,1,1500,VIDE,0.0,0.0,0.0,0.0,-0.698132,-0.0,1,0,5171.218,18.772,0.0,0.0,0.0,0.0,0.2,2.0,1.0,0.05,1,0.0,0.2,0.0
1122,2026-04-27T08:36:45.712Z,S20260427_093533,SC01,AUTO,0.1873,72.4299,0.0627,start,1,1500,VIDE,0.0,0.0,0.0,0.0,-0.698132,-0.0,1,0,5110.301,20.094,0.0,0.0,0.0,0.0,0.2,2.0,1.0,0.05,1,0.0,0.2,0.0
1123,2026-04-27T08:36:45.774Z,S20260427_093533,SC01,AUTO,0.2498,72.4924,0.0625,start,1,1500,VIDE,0.0,0.0,0.0,0.0,-0.698132,-0.0,1,0,5051.964,19.68,0.0,0.0,0.0,0.0,0.2,2.0,1.0,0.05,1,0.0,0.2,0.0
1124,2026-04-27T08:36:45.837Z,S20260427_093533,SC01,AUTO,0.3121,72.5547,0.0624,start,1,1500,VIDE,0.0,0.0,0.0,0.0,-0.698132,-0.0,1,0,4993.893,19.727,0.0,0.0,0.0,0.0,0.2,2.0,1.0,0.05,1,0.0,0.2,0.0
1125,2026-04-27T08:36:45.915Z,S20260427_093533,SC01,AUTO,0.3902,72.6328,0.0781,start,1,1500,VIDE,0.0,0.0,0.0,0.0,-0.698132,-0.0,1,0,4935.055,19.618,0.0,0.0,0.0,0.0,0.2,2.0,1.0,0.05,1,0.0,0.2,0.0
1126,2026-04-27T08:36:45.980Z,S20260427_093533,SC01,AUTO,0.4551,72.6977,0.0649,start,1,1500,VIDE,0.0,0.0,0.0,0.0,-0.698132,-0.0,1,0,4876.089,19.325,0.0,0.0,0.0,0.0,0.2,2.0,1.0,0.05,1,0.0,0.2,0.0
1127,2026-04-27T08:36:46.054Z,S20260427_093533,SC01,AUTO,0.5291,72.7717,0.0739,start,1,1500,VIDE,0.0,0.0,0.0,0.0,-0.698132,0.0,1,0,4786.73,19.144,0.0,0.0,0.0,0.0,0.2,2.0,1.0,0.05,1,0.0,0.2,0.0
1128,2026-04-27T08:36:46.114Z,S20260427_093533,SC01,AUTO,0.5898,72.8324,0.0607,start,1,1500,VIDE,0.0,0.0,0.0,0.0,-0.698132,0.0,1,0,3394.374,17.28,0.0,0.0,0.0,0.0,0.2,2.0,1.0,0.05,1,0.0,0.2,0.0
1129,2026-04-27T08:36:46.174Z,S20260427_093533,SC01,AUTO,0.6491,72.8916,0.0593,start,1,1500,VIDE,0.0,0.0,0.0,0.0,-0.698132,0.0,1,0,3378.749,11.341,0.0,0.0,0.0,0.0,0.2,2.0,1.0,0.05,1,0.0,0.2,0.0
1130,2026-04-27T08:36:46.234Z,S20260427_093533,SC01,AUTO,0.7092,72.9518,0.0602,start,1,1500,VIDE,0.0,0.0,0.0,0.0,-0.698132,-0.0,1,0,3314.25,18.544,0.0,0.0,0.0,0.0,0.2,2.0,1.0,0.05,1,0.0,0.2,0.0
1131,2026-04-27T08:36:46.294Z,S20260427_093533,SC01,AUTO,0.7689,73.0115,0.0597,start,1,1500,VIDE,0.0,0.0,0.0,0.0,-0.698132,-0.0,1,0,3262.557,19.221,0.0,0.0,0.0,0.0,0.2,2.0,1.0,0.05,1,0.0,0.2,0.0
1132,2026-04-27T08:36:46.354Z,S20260427_093533,SC01,AUTO,0.8295,73.0721,0.0606,start,1,1500,VIDE,0.0,0.0,0.0,0.0,-0.698132,-0.0,1,0,3208.928,19.761,0.0,0.0,0.0,0.0,0.2,2.0,1.0,0.05,1,0.0,0.2,0.0
1133,2026-04-27T08:36:46.427Z,S20260427_093533,SC01,AUTO,0.9021,73.1447,0.0726,start,1,1500,VIDE,0.0,0.0,0.0,0.0,-0.698132,-0.0,1,0,3155.582,20.107,0.0,0.0,0.0,0.0,0.2,2.0,1.0,0.05,1,0.0,0.2,0.0
1134,2026-04-27T08:36:46.489Z,S20260427_093533,SC01,AUTO,0.9641,73.2067,0.062,start,1,1500,VIDE,0.0,0.0,0.0,0.0,-0.698132,-0.0,1,0,3102.268,13.69,0.0,0.0,0.0,0.0,0.2,2.0,1.0,0.05,1,0.0,0.2,0.0
1135,2026-04-27T08:36:46.543Z,S20260427_093533,SC01,AUTO,1.0185,73.2611,0.0544,start,1,1500,VIDE,0.0,0.0,0.0,0.0,-0.698132,0.0,1,0,3067.885,18.94,0.0,0.0,0.0,0.0,0.2,2.0,1.0,0.05,1,0.0,0.2,0.0
1136,2026-04-27T08:36:46.614Z,S20260427_093533,SC01,AUTO,1.0892,73.3318,0.0706,start,1,1500,VIDE,0.0,0.0,0.0,0.0,-0.698132,0.0,2,0,2033.575,5.535,0.0,0.0,0.0,0.0,0.2,2.0,1.0,0.05,1,0.0,0.2,0.0
1137,2026-04-27T08:36:46.675Z,S20260427_093533,SC01,AUTO,1.1502,73.3928,0.061,start,1,1500,VIDE,0.0,0.0,0.0,0.0,-0.698132,0.0,2,0,1981.792,19.101,0.0,0.0,0.0,0.0,0.2,2.0,1.0,0.05,1,0.0,0.2,0.0
1138,2026-04-27T08:36:46.734Z,S20260427_093533,SC01,AUTO,1.2098,73.4524,0.0596,start,1,1500,VIDE,0.0,0.0,0.0,0.0,-0.698132,0.0,2,0,1929.508,18.917,0.0,0.0,0.0,0.0,0.2,2.0,1.0,0.05,1,0.0,0.2,0.0
1139,2026-04-27T08:36:46.794Z,S20260427_093533,SC01,AUTO,1.269,73.5116,0.0592,start,1,1500,VIDE,0.0,0.0,0.0,0.0,-0.698132,0.0,2,0,1875.717,19.354,0.0,0.0,0.0,0.0,0.2,2.0,1.0,0.05,1,0.0,0.2,0.0
1140,2026-04-27T08:36:46.854Z,S20260427_093533,SC01,AUTO,1.3297,73.5723,0.0607,start,1,1500,VIDE,0.0,0.0,0.0,0.0,-0.698132,-0.0,2,0,1855.621,19.409,0.0,0.0,0.0,0.0,0.2,2.0,1.0,0.05,1,0.0,0.2,0.0
1141,2026-04-27T08:36:46.927Z,S20260427_093533,SC01,AUTO,1.4025,73.6451,0.0729,start,1,1500,VIDE,0.0,0.0,0.0,0.0,-0.698132,0.0,2,0,1765.655,18.847,0.0,0.0,0.0,0.0,0.2,2.0,1.0,0.05,1,0.0,0.2,0.0
1142,2026-04-27T08:36:46.989Z,S20260427_093533,SC01,AUTO,1.4645,73.7071,0.062,start,1,1500,VIDE,0.0,0.0,0.0,0.0,-0.698132,0.0,2,0,1709.038,18.825,0.0,0.0,0.0,0.0,0.2,2.0,1.0,0.05,1,0.0,0.2,0.0
1143,2026-04-27T08:36:47.051Z,S20260427_093533,SC01,AUTO,1.5266,73.7692,0.062,start,1,1500,VIDE,0.0,0.0,0.0,0.0,-0.698132,0.0,2,0,1650.637,18.646,0.0,0.0,0.0,0.0,0.2,2.0,1.0,0.05,1,0.0,0.2,0.0
1144,2026-04-27T08:36:47.112Z,S20260427_093533,SC01,AUTO,1.5878,73.8304,0.0613,start,1,1500,VIDE,0.0,0.0,0.0,0.0,-0.698132,0.0,2,0,1592.444,20.764,0.0,0.0,0.0,0.0,0.2,2.0,1.0,0.05,1,0.0,0.2,0.0
1145,2026-04-27T08:36:47.173Z,S20260427_093533,SC01,AUTO,1.6485,73.8911,0.0606,start,1,1500,VIDE,0.0,0.0,0.0,0.0,-0.698132,0.0,2,0,1534.522,19.835,0.0,0.0,0.0,0.0,0.2,2.0,1.0,0.05,1,0.0,0.2,0.0
1146,2026-04-27T08:36:47.234Z,S20260427_093533,SC01,AUTO,1.7091,73.9517,0.0607,start,1,1500,VIDE,0.0,0.0,0.0,0.0,-0.698132,0.0,2,0,1476.746,19.228,0.0,0.0,0.0,0.0,0.2,2.0,1.0,0.05,1,0.0,0.2,0.0
1147,2026-04-27T08:36:47.294Z,S20260427_093533,SC01,AUTO,1.7698,74.0124,0.0607,start,1,1500,VIDE,0.0,0.0,0.0,0.0,-0.698132,0.0,2,0,1420.034,18.614,0.0,0.0,0.0,0.0,0.2,2.0,1.0,0.05,1,0.0,0.2,0.0
1148,2026-04-27T08:36:47.355Z,S20260427_093533,SC01,AUTO,1.8299,74.0725,0.0601,start,1,1500,VIDE,0.0,0.0,0.0,0.0,-0.698132,-0.0,2,0,1392.388,16.896,0.0,0.0,0.0,0.0,0.2,2.0,1.0,0.05,1,0.0,0.2,0.0
1149,2026-04-27T08:36:47.426Z,S20260427_093533,SC01,AUTO,1.9014,74.144,0.0715,start,1,1500,VIDE,0.0,0.0,0.0,0.0,-0.698132,0.0,2,0,1304.634,19.452,0.0,0.0,0.0,0.0,0.2,2.0,1.0,0.05,1,0.0,0.2,0.0
1150,2026-04-27T08:36:47.489Z,S20260427_093533,SC01,AUTO,1.9641,74.2067,0.0627,start,1,1500,VIDE,0.0,0.0,0.0,0.0,-0.698132,0.0,2,0,1245.884,18.771,0.0,0.0,0.0,0.0,0.2,2.0,1.0,0.05,1,0.0,0.2,0.0
1151,2026-04-27T08:36:47.550Z,S20260427_093533,SC01,AUTO,2.0258,74.2684,0.0617,start,1,1500,VIDE,0.0,0.0,0.0,0.0,-0.698132,0.0,2,0,1186.228,19.764,0.0,0.0,0.0,0.0,0.2,2.0,1.0,0.05,1,0.0,0.2,0.0
1152,2026-04-27T08:36:47.613Z,S20260427_093533,SC01,AUTO,2.0879,74.3305,0.0621,start,1,1500,VIDE,0.0,0.0,0.0,0.0,-0.698132,0.0,2,0,1125.844,18.719,0.0,0.0,0.0,0.0,0.2,2.0,1.0,0.05,1,0.0,0.2,0.0
1153,2026-04-27T08:36:47.674Z,S20260427_093533,SC01,AUTO,2.1492,74.3918,0.0613,start,1,1500,VIDE,0.0,0.0,0.0,0.0,-0.698132,0.0,2,0,1068.389,19.589,0.0,0.0,0.0,0.0,0.2,2.0,1.0,0.05,1,0.0,0.2,0.0
1154,2026-04-27T08:36:47.734Z,S20260427_093533,SC01,AUTO,2.2091,74.4517,0.0599,start,1,1500,VIDE,0.0,0.0,0.0,0.0,-0.698132,-0.0,2,0,1007.178,19.704,0.0,0.0,0.0,0.0,0.2,2.0,1.0,0.05,1,0.0,0.2,0.0
1155,2026-04-27T08:36:47.794Z,S20260427_093533,SC01,AUTO,2.2696,74.5122,0.0605,start,1,1500,VIDE,0.0,0.0,0.0,0.0,-0.698132,-0.0,2,0,947.229,19.286,0.0,0.0,0.0,0.0,0.2,2.0,1.0,0.05,1,0.0,0.2,0.0
1156,2026-04-27T08:36:47.854Z,S20260427_093533,SC01,AUTO,2.329,74.5716,0.0594,start,1,1500,VIDE,0.0,0.0,0.0,0.0,-0.698132,0.0,2,0,887.352,20.08,0.0,0.0,0.0,0.0,0.2,2.0,1.0,0.05,1,0.0,0.2,0.0
1157,2026-04-27T08:36:47.927Z,S20260427_093533,SC01,AUTO,2.4026,74.6452,0.0736,start,1,1500,VIDE,0.0,0.0,0.0,0.0,-0.698132,0.0,2,0,827.825,15.704,0.0,0.0,0.0,0.0,0.2,2.0,1.0,0.05,1,0.0,0.2,0.0
1158,2026-04-27T08:36:47.988Z,S20260427_093533,SC01,AUTO,2.4632,74.7058,0.0606,start,1,1500,VIDE,0.0,0.0,0.0,0.0,-0.698132,0.0,2,0,768.124,14.357,0.0,0.0,0.0,0.0,0.2,2.0,1.0,0.05,1,0.0,0.2,0.0
1159,2026-04-27T08:36:48.050Z,S20260427_093533,SC01,AUTO,2.5251,74.7677,0.0619,start,1,1500,VIDE,0.0,0.0,0.0,0.0,-0.698132,-0.0,2,0,715.596,7.202,0.0,0.0,0.0,0.0,0.2,2.0,1.0,0.05,1,0.0,0.2,0.0
1160,2026-04-27T08:36:48.111Z,S20260427_093533,SC01,AUTO,2.5865,74.8291,0.0613,start,1,1500,VIDE,0.0,0.0,0.0,0.0,-0.698132,0.0,2,0,616.574,18.791,0.0,0.0,0.0,0.0,0.2,2.0,1.0,0.05,1,0.0,0.2,0.0
1161,2026-04-27T08:36:48.172Z,S20260427_093533,SC01,AUTO,2.6479,74.8905,0.0614,start,1,1500,VIDE,0.0,0.0,0.0,0.0,-0.698132,0.0,2,0,557.302,19.948,0.0,0.0,0.0,0.0,0.2,2.0,1.0,0.05,1,0.0,0.2,0.0
1162,2026-04-27T08:36:48.234Z,S20260427_093533,SC01,AUTO,2.7094,74.952,0.0616,start,1,1500,VIDE,0.0,0.0,0.0,0.0,-0.698132,-0.0,2,0,497.444,18.682,0.0,0.0,0.0,0.0,0.2,2.0,1.0,0.05,1,0.0,0.2,0.0
1163,2026-04-27T08:36:48.295Z,S20260427_093533,SC01,AUTO,2.7705,75.0131,0.061,start,1,1500,VIDE,0.0,0.0,0.0,0.0,-0.698132,-0.0,2,0,438.883,18.225,0.0,0.0,0.0,0.0,0.2,2.0,1.0,0.05,1,0.0,0.2,0.0
1164,2026-04-27T08:36:48.355Z,S20260427_093533,SC01,AUTO,2.83,75.0726,0.0595,start,1,1500,VIDE,0.0,0.0,0.0,0.0,-0.698132,-0.0,2,0,379.358,19.995,0.0,0.0,0.0,0.0,0.2,2.0,1.0,0.05,1,0.0,0.2,0.0
1165,2026-04-27T08:36:48.421Z,S20260427_093533,SC01,AUTO,2.8963,75.1389,0.0663,start,1,1500,VIDE,0.0,0.0,0.0,0.0,-0.698132,-0.0,2,0,322.649,18.478,0.0,0.0,0.0,0.0,0.2,2.0,1.0,0.05,1,0.0,0.2,0.0
1166,2026-04-27T08:36:48.484Z,S20260427_093533,SC01,AUTO,2.9592,75.2018,0.0629,start,1,1500,VIDE,0.0,0.0,0.0,0.0,-0.698132,-0.0,2,0,263.728,19.079,0.0,0.0,0.0,0.0,0.2,2.0,1.0,0.05,1,0.0,0.2,0.0
1167,2026-04-27T08:36:48.546Z,S20260427_093533,SC01,AUTO,3.021,75.2636,0.0618,start,1,1500,VIDE,0.0,0.0,0.0,0.0,-0.698132,-0.0,2,0,202.554,19.588,0.0,0.0,0.0,0.0,0.2,2.0,1.0,0.05,1,0.0,0.2,0.0
1168,2026-04-27T08:36:48.608Z,S20260427_093533,SC01,AUTO,3.0829,75.3255,0.062,start,1,1500,VIDE,0.0,0.0,0.0,0.0,-0.698132,-0.0,2,0,145.094,20.17,0.0,0.0,0.0,0.0,0.2,2.0,1.0,0.05,1,0.0,0.2,0.0
1169,2026-04-27T08:36:48.671Z,S20260427_093533,SC01,AUTO,3.1463,75.3889,0.0633,start,1,1500,VIDE,0.0,0.0,0.0,0.0,-0.698132,-0.0,2,0,124.199,7.754,0.0,0.0,0.0,0.0,0.2,2.0,1.0,0.05,1,0.0,0.2,0.0
1170,2026-04-27T08:36:48.734Z,S20260427_093533,SC01,AUTO,3.2093,75.4519,0.0631,start,1,1500,VIDE,0.0,0.0,0.0,0.0,-0.698132,0.0,1,0,57.894,21.066,0.0,0.0,0.0,0.0,0.2,2.0,1.0,0.05,1,0.0,0.2,0.0
1171,2026-04-27T08:36:48.794Z,S20260427_093533,SC01,AUTO,3.2691,75.5117,0.0597,start,1,1500,VIDE,0.0,0.0,0.0,0.0,-0.698132,0.0,1,0,12.836,17.751,0.0,0.0,0.0,0.0,0.2,2.0,1.0,0.05,1,0.0,0.2,0.0
1172,2026-04-27T08:36:48.854Z,S20260427_093533,SC01,AUTO,3.3293,75.5719,0.0602,start,1,1500,VIDE,0.0,0.0,0.0,0.0,-0.698132,0.0,1,0,13.337,19.714,0.0,0.0,0.0,0.0,0.2,2.0,1.0,0.05,1,0.0,0.2,0.0
1173,2026-04-27T08:36:48.921Z,S20260427_093533,SC01,AUTO,3.3962,75.6388,0.067,start,1,1500,VIDE,0.0,0.0,0.0,0.0,-0.698132,-0.0,1,0,22.321,19.119,0.0,0.0,0.0,0.0,0.2,2.0,1.0,0.05,1,0.0,0.2,0.0
1174,2026-04-27T08:36:48.982Z,S20260427_093533,SC01,AUTO,3.4578,75.7004,0.0615,start,1,1500,VIDE,0.0,0.0,0.0,0.0,-0.698132,-0.0,1,0,23.793,19.563,0.0,0.0,0.0,0.0,0.2,2.0,1.0,0.05,1,0.0,0.2,0.0
1175,2026-04-27T08:36:49.045Z,S20260427_093533,SC01,AUTO,3.5205,75.7631,0.0627,start,1,1500,VIDE,0.0,0.0,0.0,0.0,-0.698132,-0.0,1,0,26.45,19.498,0.0,0.0,0.0,0.0,0.2,2.0,1.0,0.05,1,0.0,0.2,0.0
1176,2026-04-27T08:36:49.108Z,S20260427_093533,SC01,AUTO,3.5835,75.8261,0.0629,start,1,1500,VIDE,0.0,0.0,0.0,0.0,-0.698132,-0.0,1,0,29.15,20.033,0.0,0.0,0.0,0.0,0.2,2.0,1.0,0.05,1,0.0,0.2,0.0
1177,2026-04-27T08:36:49.171Z,S20260427_093533,SC01,AUTO,3.646,75.8886,0.0625,start,1,1500,VIDE,0.0,0.0,0.0,0.0,-0.698132,-0.0,1,0,29.802,19.202,0.0,0.0,0.0,0.0,0.2,2.0,1.0,0.05,1,0.0,0.2,0.0
1178,2026-04-27T08:36:49.233Z,S20260427_093533,SC01,AUTO,3.7083,75.9509,0.0623,start,1,1500,VIDE,0.0,0.0,0.0,0.0,-0.698132,-0.0,1,0,9.833,19.308,0.0,0.0,0.0,0.0,0.2,2.0,1.0,0.05,1,0.0,0.2,0.0
1179,2026-04-27T08:36:49.294Z,S20260427_093533,SC01,AUTO,3.7691,76.0117,0.0608,start,1,1500,VIDE,0.0,0.0,0.0,0.0,-0.698132,-0.0,1,0,9.343,19.706,0.0,0.0,0.0,0.0,0.2,2.0,1.0,0.05,1,0.0,0.2,0.0
1180,2026-04-27T08:36:49.354Z,S20260427_093533,SC01,AUTO,3.829,76.0716,0.0599,start,1,1500,VIDE,0.0,0.0,0.0,0.0,-0.698132,-0.0,1,0,26.204,19.54,0.0,0.0,0.0,0.0,0.2,2.0,1.0,0.05,1,0.0,0.2,0.0
1181,2026-04-27T08:36:49.421Z,S20260427_093533,SC01,AUTO,3.8963,76.1389,0.0673,start,1,1500,VIDE,0.0,0.0,0.0,0.0,-0.698132,-0.0,1,0,13.068,19.847,0.0,0.0,0.0,0.0,0.2,2.0,1.0,0.05,1,0.0,0.2,0.0
1182,2026-04-27T08:36:49.483Z,S20260427_093533,SC01,AUTO,3.9582,76.2008,0.0618,start,1,1500,VIDE,0.0,0.0,0.0,0.0,-0.698132,-0.0,1,0,13.196,19.246,0.0,0.0,0.0,0.0,0.2,2.0,1.0,0.05,1,0.0,0.2,0.0
1183,2026-04-27T08:36:49.545Z,S20260427_093533,SC01,AUTO,4.0208,76.2634,0.0628,start,1,1500,VIDE,0.0,0.0,0.0,0.0,-0.698132,-0.0,1,0,12.718,19.725,0.0,0.0,0.0,0.0,0.2,2.0,1.0,0.05,1,0.0,0.2,0.0
1184,2026-04-27T08:36:49.608Z,S20260427_093533,SC01,AUTO,4.0838,76.3264,0.063,start,1,1500,VIDE,0.0,0.0,0.0,0.0,-0.698132,-0.0,1,0,14.436,20.534,0.0,0.0,0.0,0.0,0.2,2.0,1.0,0.05,1,0.0,0.2,0.0
1185,2026-04-27T08:36:49.670Z,S20260427_093533,SC01,AUTO,4.1454,76.388,0.0615,start,1,1500,VIDE,0.0,0.0,0.0,0.0,-0.698132,-0.0,1,0,14.689,18.634,0.0,0.0,0.0,0.0,0.2,2.0,1.0,0.05,1,0.0,0.2,0.0
1186,2026-04-27T08:36:49.732Z,S20260427_093533,SC01,AUTO,4.2078,76.4504,0.0625,start,1,1500,VIDE,0.0,0.0,0.0,0.0,-0.698132,-0.0,1,0,14.778,16.782,0.0,0.0,0.0,0.0,0.2,2.0,1.0,0.05,1,0.0,0.2,0.0
1187,2026-04-27T08:36:49.794Z,S20260427_093533,SC01,AUTO,4.2691,76.5117,0.0613,start,1,1500,VIDE,0.0,0.0,0.0,0.0,-0.698132,-0.0,1,0,16.659,19.019,0.0,0.0,0.0,0.0,0.2,2.0,1.0,0.05,1,0.0,0.2,0.0
1188,2026-04-27T08:36:49.855Z,S20260427_093533,SC01,AUTO,4.3301,76.5727,0.061,start,1,1500,VIDE,0.0,0.0,0.0,0.0,-0.698132,-0.0,1,0,18.864,19.223,0.0,0.0,0.0,0.0,0.2,2.0,1.0,0.05,1,0.0,0.2,0.0
1189,2026-04-27T08:36:49.919Z,S20260427_093533,SC01,AUTO,4.3948,76.6374,0.0647,start,1,1500,VIDE,0.0,0.0,0.0,0.0,-0.698132,-0.0,1,0,18.939,18.592,0.0,0.0,0.0,0.0,0.2,2.0,1.0,0.05,1,0.0,0.2,0.0
1190,2026-04-27T08:36:49.982Z,S20260427_093533,SC01,AUTO,4.4569,76.6995,0.0622,start,1,1500,VIDE,0.0,0.0,0.0,0.0,-0.698132,-0.0,1,0,18.083,19.511,0.0,0.0,0.0,0.0,0.2,2.0,1.0,0.05,1,0.0,0.2,0.0
1191,2026-04-27T08:36:50.045Z,S20260427_093533,SC01,AUTO,4.5201,76.7627,0.0632,start,1,1500,VIDE,0.0,0.0,0.0,0.0,-0.698132,-0.0,1,0,23.21,19.575,0.0,0.0,0.0,0.0,0.2,2.0,1.0,0.05,1,0.0,0.2,0.0
1192,2026-04-27T08:36:50.107Z,S20260427_093533,SC01,AUTO,4.582,76.8246,0.0619,start,1,1500,VIDE,0.0,0.0,0.0,0.0,-0.698132,0.0,1,0,52.854,2.604,0.0,0.0,0.0,0.0,0.2,2.0,1.0,0.05,1,0.0,0.2,0.0
1193,2026-04-27T08:36:50.170Z,S20260427_093533,SC01,AUTO,4.6451,76.8877,0.063,start,1,1500,VIDE,0.0,0.0,0.0,0.0,-0.698132,0.0,1,0,26.575,19.443,0.0,0.0,0.0,0.0,0.2,2.0,1.0,0.05,1,0.0,0.2,0.0
1194,2026-04-27T08:36:50.233Z,S20260427_093533,SC01,AUTO,4.7082,76.9508,0.0632,start,1,1500,VIDE,0.0,0.0,0.0,0.0,-0.698132,0.0,1,0,34.641,20.702,0.0,0.0,0.0,0.0,0.2,2.0,1.0,0.05,1,0.0,0.2,0.0
1195,2026-04-27T08:36:50.294Z,S20260427_093533,SC01,AUTO,4.7691,77.0117,0.0608,start,1,1500,VIDE,0.0,0.0,0.0,0.0,-0.698132,0.0,1,0,29.204,18.013,0.0,0.0,0.0,0.0,0.2,2.0,1.0,0.05,1,0.0,0.2,0.0
1196,2026-04-27T08:36:50.358Z,S20260427_093533,SC01,AUTO,4.8333,77.0759,0.0642,start,1,1500,VIDE,0.0,0.0,0.0,0.0,-0.698132,0.0,1,0,18.659,19.27,0.0,0.0,0.0,0.0,0.2,2.0,1.0,0.05,1,0.0,0.2,0.0
1197,2026-04-27T08:36:50.419Z,S20260427_093533,SC01,AUTO,4.8944,77.137,0.0611,start,1,1500,VIDE,0.0,0.0,0.0,0.0,-0.698132,-0.0,1,0,31.827,25.303,0.0,0.0,0.0,0.0,0.2,2.0,1.0,0.05,1,0.0,0.2,0.0
1198,2026-04-27T08:36:50.482Z,S20260427_093533,SC01,AUTO,4.9574,77.2,0.0629,start,1,1500,VIDE,0.0,0.0,0.0,0.0,-0.698132,-0.0,1,0,30.405,20.718,0.0,0.0,0.0,0.0,0.2,2.0,1.0,0.05,1,0.0,0.2,0.0
1199,2026-04-27T08:36:50.544Z,S20260427_093533,SC01,AUTO,5.0193,77.2619,0.062,accel_1,1,1500,VIDE,0.0,0.12,0.0,0.0,-0.698132,-0.0,1,0,28.264,18.655,0.0,0.12,0.0,0.5,1.3,2.0,1.0,0.05,0,-0.5,1.3,0.0
1200,2026-04-27T08:36:50.606Z,S20260427_093533,SC01,AUTO,5.0813,77.3239,0.062,accel_1,1,1500,VIDE,0.0,0.12,0.0,0.002657,-0.698132,-0.0,1,0,11.17,19.111,0.0,0.12,0.0,0.5,1.3,2.0,1.0,0.05,0,-0.49734,1.29734,0.0
1201,2026-04-27T08:36:50.668Z,S20260427_093533,SC01,AUTO,5.1437,77.3863,0.0624,accel_1,1,1500,VIDE,0.0,0.12,0.0,0.009159,-0.698132,-0.0,1,0,14.186,19.104,0.0,0.12,0.0,0.5,1.3,2.0,1.0,0.05,0,-0.49084,1.29084,0.0
1202,2026-04-27T08:36:50.731Z,S20260427_093533,SC01,AUTO,5.2059,77.4485,0.0622,accel_1,1,1500,VIDE,0.0,0.12,0.0,0.01332,-0.698132,0.0,1,0,28.534,20.298,0.0,0.12,0.0,0.5,1.3,2.0,1.0,0.05,0,-0.48668,1.28668,0.0
1203,2026-04-27T08:36:50.794Z,S20260427_093533,SC01,AUTO,5.2691,77.5117,0.0632,accel_1,1,1500,VIDE,0.0,0.12,0.0,0.022835,-0.698132,0.0,1,0,29.789,22.679,0.0,0.12,0.0,0.5,1.3,2.0,1.0,0.05,0,-0.47716,1.27716,0.0
1204,2026-04-27T08:36:50.854Z,S20260427_093533,SC01,AUTO,5.3294,77.572,0.0602,accel_1,1,1500,VIDE,0.0,0.12,0.0,0.03356,-0.698132,-0.0,1,0,21.144,18.017,0.0,0.12,0.0,0.5,1.3,2.0,1.0,0.05,0,-0.46644,1.26644,0.0
1205,2026-04-27T08:36:50.916Z,S20260427_093533,SC01,AUTO,5.3913,77.6339,0.062,accel_1,1,1500,VIDE,0.0,0.12,0.0,0.045338,-0.698132,0.0,1,0,24.312,19.876,0.0,0.12,0.0,0.5,1.3,2.0,1.0,0.05,0,-0.45466,1.25466,0.0
1206,2026-04-27T08:36:50.978Z,S20260427_093533,SC01,AUTO,5.4539,77.6964,0.0626,accel_1,1,1500,VIDE,0.0,0.12,0.0,0.058125,-0.698132,0.0,1,0,9.861,19.733,0.0,0.12,0.0,0.5,1.3,2.0,1.0,0.05,0,-0.44187,1.24187,0.0
1207,2026-04-27T08:36:51.041Z,S20260427_093533,SC01,AUTO,5.5162,77.7588,0.0624,accel_1,1,1500,VIDE,0.0,0.12,0.0,0.07186,-0.698132,0.0,1,0,22.176,18.831,0.0,0.12,0.0,0.5,1.3,2.0,1.0,0.05,0,-0.42814,1.22814,0.0
1208,2026-04-27T08:36:51.104Z,S20260427_093533,SC01,AUTO,5.5789,77.8215,0.0626,accel_1,1,1500,VIDE,0.0,0.12,0.0,0.086439,-0.698132,-0.0,1,0,26.638,19.543,0.0,0.12,0.0,0.5,1.3,2.0,1.0,0.05,0,-0.41356,1.21356,0.0
1209,2026-04-27T08:36:51.174Z,S20260427_093533,SC01,AUTO,5.6489,77.8915,0.07,accel_1,1,1500,VIDE,0.0,0.12,0.0,0.101733,-0.698132,-0.0,1,0,29.843,19.842,0.0,0.12,0.0,0.5,1.3,2.0,1.0,0.05,0,-0.39827,1.19827,0.0
1210,2026-04-27T08:36:51.234Z,S20260427_093533,SC01,AUTO,5.7094,77.952,0.0605,accel_1,1,1500,VIDE,0.0,0.12,0.0,0.117614,-0.698132,0.0,1,0,12.606,19.28,0.0,0.12,0.0,0.5,1.3,2.0,1.0,0.05,0,-0.38239,1.18239,0.0
1211,2026-04-27T08:36:51.294Z,S20260427_093533,SC01,AUTO,5.769,78.0116,0.0596,accel_1,1,1500,VIDE,0.0,0.12,0.0,0.133966,-0.698132,0.0,1,0,12.098,19.131,0.0,0.12,0.0,0.5,1.3,2.0,1.0,0.05,0,-0.36603,1.16603,0.0
1212,2026-04-27T08:36:51.353Z,S20260427_093533,SC01,AUTO,5.828,78.0706,0.059,accel_1,1,1500,VIDE,0.0,0.12,0.0,0.150692,-0.698132,0.0,1,0,12.523,19.568,0.0,0.12,0.0,0.5,1.3,2.0,1.0,0.05,0,-0.34931,1.14931,0.0
1213,2026-04-27T08:36:51.427Z,S20260427_093533,SC01,AUTO,5.9027,78.1453,0.0747,accel_1,1,1500,VIDE,0.0,0.12,0.0,0.167714,-0.698132,-0.0,1,0,12.135,19.377,0.0,0.12,0.0,0.5,1.3,2.0,1.0,0.05,0,-0.33229,1.13229,0.0
1214,2026-04-27T08:36:51.491Z,S20260427_093533,SC01,AUTO,5.9664,78.209,0.0637,accel_1,1,1500,VIDE,0.0,0.12,0.0,0.184967,-0.698132,0.0,1,0,13.938,19.391,0.0,0.12,0.0,0.5,1.3,2.0,1.0,0.05,0,-0.31503,1.11503,0.0
1215,2026-04-27T08:36:51.552Z,S20260427_093533,SC01,AUTO,6.0277,78.2703,0.0613,accel_1,1,1500,VIDE,0.0,0.12,0.0,0.202403,-0.698132,-0.0,1,0,16.03,15.94,0.0,0.12,0.0,0.5,1.3,2.0,1.0,0.05,0,-0.2976,1.0976,0.0
1216,2026-04-27T08:36:51.614Z,S20260427_093533,SC01,AUTO,6.0889,78.3315,0.0612,accel_1,1,1500,VIDE,0.0,0.12,0.0,0.219981,-0.698132,0.0,1,0,16.002,19.502,0.0,0.12,0.0,0.5,1.3,2.0,1.0,0.05,0,-0.28002,1.08002,0.0
1217,2026-04-27T08:36:51.674Z,S20260427_093533,SC01,AUTO,6.1489,78.3915,0.06,accel_1,1,1500,VIDE,0.0,0.12,0.0,0.237671,-0.698132,-0.0,1,0,15.591,19.876,0.0,0.12,0.0,0.5,1.3,2.0,1.0,0.05,0,-0.26233,1.06233,0.0
1218,2026-04-27T08:36:51.734Z,S20260427_093533,SC01,AUTO,6.2095,78.4521,0.0606,accel_1,1,1500,VIDE,0.0,0.12,0.0,0.255449,-0.698132,-0.0,1,0,14.975,19.664,0.0,0.12,0.0,0.5,1.3,2.0,1.0,0.05,0,-0.24455,1.04455,0.0
1219,2026-04-27T08:36:51.793Z,S20260427_093533,SC01,AUTO,6.2687,78.5113,0.0592,accel_1,1,1500,VIDE,0.0,0.12,0.0,0.273295,-0.698132,0.0,1,0,13.216,19.556,0.0,0.12,0.0,0.5,1.3,2.0,1.0,0.05,0,-0.2267,1.0267,0.0
1220,2026-04-27T08:36:51.854Z,S20260427_093533,SC01,AUTO,6.329,78.5716,0.0603,accel_1,1,1500,VIDE,0.0,0.12,0.0,0.291196,-0.698132,-0.0,1,0,19.117,19.43,0.0,0.12,0.0,0.5,1.3,2.0,1.0,0.05,0,-0.2088,1.0088,0.0
1221,2026-04-27T08:36:51.926Z,S20260427_093533,SC01,AUTO,6.4012,78.6438,0.0722,accel_1,1,1500,VIDE,0.0,0.12,0.0,0.309138,-0.698132,0.0,1,0,19.124,19.266,0.0,0.12,0.0,0.5,1.3,2.0,1.0,0.05,0,-0.19086,0.99086,0.0
1222,2026-04-27T08:36:51.987Z,S20260427_093533,SC01,AUTO,6.4624,78.705,0.0612,accel_1,1,1500,VIDE,0.0,0.12,0.0,0.327113,-0.698132,0.0,1,0,19.399,19.789,0.0,0.12,0.0,0.5,1.3,2.0,1.0,0.05,0,-0.17289,0.97289,0.0
1223,2026-04-27T08:36:52.050Z,S20260427_093533,SC01,AUTO,6.5258,78.7684,0.0634,accel_1,1,1500,VIDE,0.0,0.12,0.0,0.345114,-0.698132,-0.0,1,0,24.973,19.066,0.0,0.12,0.0,0.5,1.3,2.0,1.0,0.05,0,-0.15489,0.95489,0.0
1224,2026-04-27T08:36:52.106Z,S20260427_093533,SC01,AUTO,6.5818,78.8244,0.0559,accel_1,1,1500,VIDE,0.0,0.12,0.0,0.354122,-0.698132,0.0,1,0,11.83,23.292,0.0,0.12,0.0,0.5,1.3,2.0,1.0,0.05,0,-0.14588,0.94588,0.0
1225,2026-04-27T08:36:52.174Z,S20260427_093533,SC01,AUTO,6.6493,78.8919,0.0676,accel_1,1,1500,VIDE,0.0,0.12,0.0,0.372151,-0.698132,-0.0,1,0,46.338,23.153,0.0,0.12,0.0,0.5,1.3,2.0,1.0,0.05,0,-0.12785,0.92785,0.0
1226,2026-04-27T08:36:52.229Z,S20260427_093533,SC01,AUTO,6.7043,78.9469,0.055,accel_1,1,1500,VIDE,0.0,0.12,0.0,0.381171,-0.698132,0.0,1,0,30.209,18.563,0.0,0.12,0.0,0.5,1.3,2.0,1.0,0.05,0,-0.11883,0.91883,0.0
1227,2026-04-27T08:36:52.294Z,S20260427_093533,SC01,AUTO,6.7695,79.0121,0.0651,accel_1,1,1500,VIDE,0.0,0.12,0.0,0.39922,-0.698132,-0.0,1,0,22.709,17.28,0.0,0.12,0.0,0.5,1.3,2.0,1.0,0.05,0,-0.10078,0.90078,0.0
1228,2026-04-27T08:36:52.360Z,S20260427_093533,SC01,AUTO,6.835,79.0776,0.0657,accel_1,1,1500,VIDE,0.0,0.12,0.0,0.417277,-0.698132,-0.0,1,0,19.966,19.474,0.0,0.12,0.0,0.5,1.3,2.0,1.0,0.05,0,-0.08272,0.88272,0.0
1229,2026-04-27T08:36:52.421Z,S20260427_093533,SC01,AUTO,6.8966,79.1392,0.0615,accel_1,1,1500,VIDE,0.0,0.12,0.0,0.426309,-0.698132,-0.0,1,0,32.044,23.783,0.0,0.12,0.0,0.5,1.3,2.0,1.0,0.05,0,-0.07369,0.87369,0.0
1230,2026-04-27T08:36:52.482Z,S20260427_093533,SC01,AUTO,6.9573,79.1999,0.0607,accel_1,1,1500,VIDE,0.0,0.12,0.0,0.444377,-0.698132,-0.0,1,0,17.434,19.566,0.0,0.12,0.0,0.5,1.3,2.0,1.0,0.05,0,-0.05562,0.85562,0.0
1231,2026-04-27T08:36:52.544Z,S20260427_093533,SC01,AUTO,7.0189,79.2615,0.0616,accel_1,1,1500,VIDE,0.0,0.12,0.0,0.46245,-0.698132,-0.0,1,0,28.834,19.567,0.0,0.12,0.0,0.5,1.3,2.0,1.0,0.05,0,-0.03755,0.83755,0.0
1232,2026-04-27T08:36:52.606Z,S20260427_093533,SC01,AUTO,7.081,79.3236,0.062,accel_1,1,1500,VIDE,0.0,0.12,0.0,0.4745,-0.698132,-0.0,1,0,29.782,9.648,0.0,0.12,0.0,0.5,1.3,2.0,1.0,0.05,0,-0.0255,0.8255,0.0
1233,2026-04-27T08:36:52.668Z,S20260427_093533,SC01,AUTO,7.1436,79.3862,0.0626,accel_1,1,1500,VIDE,0.0,0.12,0.0,0.489565,-0.698132,-0.0,1,0,24.851,19.721,0.0,0.12,0.0,0.5,1.3,2.0,1.0,0.05,0,-0.01043,0.81043,0.0
1234,2026-04-27T08:36:52.732Z,S20260427_093533,SC01,AUTO,7.207,79.4496,0.0635,accel_1,1,1500,VIDE,0.0,0.12,0.0,0.507645,-0.698132,-0.0,1,0,27.636,20.829,0.0,0.12,0.0,0.5,1.3,2.0,1.0,0.05,1,0.00765,0.79235,0.0
1235,2026-04-27T08:36:52.794Z,S20260427_093533,SC01,AUTO,7.2695,79.5121,0.0624,accel_1,1,1500,VIDE,0.0,0.12,0.0,0.525727,-0.698132,-0.0,1,0,29.091,23.752,0.0,0.12,0.0,0.5,1.3,2.0,1.0,0.05,1,0.02573,0.77427,0.0
1236,2026-04-27T08:36:52.854Z,S20260427_093533,SC01,AUTO,7.3293,79.5719,0.0598,accel_1,1,1500,VIDE,0.0,0.12,0.0,0.54381,-0.698132,-0.0,1,0,15.2,17.595,0.0,0.12,0.0,0.5,1.3,2.0,1.0,0.05,1,0.04381,0.75619,0.0
1237,2026-04-27T08:36:52.921Z,S20260427_093533,SC01,AUTO,7.3967,79.6393,0.0674,accel_1,1,1500,VIDE,0.0,0.12,0.0,0.561894,-0.698132,-0.0,1,0,19.814,19.846,0.0,0.12,0.0,0.5,1.3,2.0,1.0,0.05,1,0.06189,0.73811,0.0
1238,2026-04-27T08:36:52.984Z,S20260427_093533,SC01,AUTO,7.4592,79.7018,0.0624,accel_1,1,1500,VIDE,0.0,0.12,0.0,0.579978,-0.698132,-0.0,1,0,28.967,18.861,0.0,0.12,0.0,0.5,1.3,2.0,1.0,0.05,1,0.07998,0.72002,0.0
1239,2026-04-27T08:36:53.047Z,S20260427_093533,SC01,AUTO,7.5223,79.7649,0.0631,accel_1,1,1500,VIDE,0.0,0.12,0.0,0.598062,-0.698132,-0.0,1,0,15.627,19.934,0.0,0.12,0.0,0.5,1.3,2.0,1.0,0.05,1,0.09806,0.70194,0.0
1240,2026-04-27T08:36:53.108Z,S20260427_093533,SC01,AUTO,7.5836,79.8262,0.0613,accel_1,1,1500,VIDE,0.0,0.12,0.0,0.616146,-0.698132,-0.0,1,0,31.09,17.242,0.0,0.12,0.0,0.5,1.3,2.0,1.0,0.05,1,0.11615,0.68385,0.0
1241,2026-04-27T08:36:53.169Z,S20260427_093533,SC01,AUTO,7.6445,79.8871,0.061,accel_1,1,1500,VIDE,0.0,0.12,0.0,0.625188,-0.698132,0.0,1,0,24.591,20.994,0.0,0.12,0.0,0.5,1.3,2.0,1.0,0.05,1,0.12519,0.67481,0.0
1242,2026-04-27T08:36:53.231Z,S20260427_093533,SC01,AUTO,7.7061,79.9487,0.0615,accel_1,1,1500,VIDE,0.0,0.12,0.0,0.643272,-0.698132,-0.0,1,0,28.086,21.285,0.0,0.12,0.0,0.5,1.3,2.0,1.0,0.05,1,0.14327,0.65673,0.0
1243,2026-04-27T08:36:53.292Z,S20260427_093533,SC01,AUTO,7.7671,80.0097,0.0611,accel_1,1,1500,VIDE,0.0,0.12,0.0,0.661356,-0.698132,0.0,1,0,28.386,14.871,0.0,0.12,0.0,0.5,1.3,2.0,1.0,0.05,1,0.16136,0.63864,0.0
1244,2026-04-27T08:36:53.358Z,S20260427_093533,SC01,AUTO,7.8336,80.0762,0.0665,accel_1,1,1500,VIDE,0.0,0.12,0.0,0.679439,-0.698132,0.0,1,0,18.381,19.44,0.0,0.12,0.0,0.5,1.3,2.0,1.0,0.05,1,0.17944,0.62056,0.0
1245,2026-04-27T08:36:53.417Z,S20260427_093533,SC01,AUTO,7.8926,80.1352,0.059,accel_1,1,1500,VIDE,0.0,0.12,0.0,0.68848,-0.698132,-0.0,1,0,28.624,25.198,0.0,0.12,0.0,0.5,1.3,2.0,1.0,0.05,1,0.18848,0.61152,0.0
1246,2026-04-27T08:36:53.478Z,S20260427_093533,SC01,AUTO,7.9535,80.1961,0.061,accel_1,1,1500,VIDE,0.0,0.12,0.0,0.706563,-0.698132,0.0,1,0,25.681,19.259,0.0,0.12,0.0,0.5,1.3,2.0,1.0,0.05,1,0.20656,0.59344,0.0
1247,2026-04-27T08:36:53.541Z,S20260427_093533,SC01,AUTO,8.016,80.2586,0.0624,accel_1,1,1500,VIDE,0.0,0.12,0.0,0.724645,-0.698132,0.0,1,0,20.986,19.157,0.0,0.12,0.0,0.5,1.3,2.0,1.0,0.05,1,0.22464,0.57536,0.0
1248,2026-04-27T08:36:53.614Z,S20260427_093533,SC01,AUTO,8.0897,80.3323,0.0737,accel_1,1,1500,VIDE,0.0,0.12,0.0,0.742726,-0.698132,-0.0,1,0,15.653,19.431,0.0,0.12,0.0,0.5,1.3,2.0,1.0,0.05,1,0.24273,0.55727,0.0
1249,2026-04-27T08:36:53.674Z,S20260427_093533,SC01,AUTO,8.1496,80.3922,0.0599,accel_1,1,1500,VIDE,0.0,0.12,0.0,0.751766,-0.698132,0.0,1,0,37.871,19.825,0.0,0.12,0.0,0.5,1.3,2.0,1.0,0.05,1,0.25177,0.54823,0.0
1250,2026-04-27T08:36:53.734Z,S20260427_093533,SC01,AUTO,8.2098,80.4524,0.0602,accel_1,1,1500,VIDE,0.0,0.12,0.0,0.769846,-0.698132,-0.0,1,0,25.105,19.413,0.0,0.12,0.0,0.5,1.3,2.0,1.0,0.05,1,0.26985,0.53015,0.0
1251,2026-04-27T08:36:53.794Z,S20260427_093533,SC01,AUTO,8.2694,80.512,0.0596,accel_1,1,1500,VIDE,0.0,0.12,0.0,0.787926,-0.698132,-0.0,1,0,35.766,18.739,0.0,0.12,0.0,0.5,1.3,2.0,1.0,0.05,1,0.28793,0.51207,0.0
1252,2026-04-27T08:36:53.854Z,S20260427_093533,SC01,AUTO,8.3296,80.5722,0.0601,accel_1,1,1500,VIDE,0.0,0.12,0.0,0.796965,-0.698132,0.0,1,0,30.135,19.825,0.0,0.12,0.0,0.5,1.3,2.0,1.0,0.05,1,0.29697,0.50303,0.0
1253,2026-04-27T08:36:53.928Z,S20260427_093533,SC01,AUTO,8.4033,80.6459,0.0737,accel_1,1,1500,VIDE,0.0,0.12,0.0,0.815044,-0.698132,-0.0,1,0,22.684,18.766,0.0,0.12,0.0,0.5,1.3,2.0,1.0,0.05,1,0.31504,0.48496,0.0
1254,2026-04-27T08:36:53.991Z,S20260427_093533,SC01,AUTO,8.4663,80.7089,0.0631,accel_1,1,1500,VIDE,0.0,0.12,0.0,0.833121,-0.698132,0.0,1,0,30.716,21.074,0.0,0.12,0.0,0.5,1.3,2.0,1.0,0.05,1,0.33312,0.46688,0.0
1255,2026-04-27T08:36:54.053Z,S20260427_093533,SC01,AUTO,8.5287,80.7713,0.0622,accel_1,1,1500,VIDE,0.0,0.12,0.0,0.851198,-0.698132,0.0,1,0,19.885,15.18,0.0,0.12,0.0,0.5,1.3,2.0,1.0,0.05,1,0.3512,0.4488,0.0
1256,2026-04-27T08:36:54.114Z,S20260427_093533,SC01,AUTO,8.5892,80.8318,0.0607,accel_1,1,1500,VIDE,0.0,0.12,0.0,0.869274,-0.698132,-0.0,1,0,27.09,18.714,0.0,0.12,0.0,0.5,1.3,2.0,1.0,0.05,1,0.36927,0.43073,0.0
1257,2026-04-27T08:36:54.174Z,S20260427_093533,SC01,AUTO,8.6493,80.8918,0.06,accel_1,1,1500,VIDE,0.0,0.12,0.0,0.887349,-0.698132,-0.0,1,0,33.743,19.441,0.0,0.12,0.0,0.5,1.3,2.0,1.0,0.05,1,0.38735,0.41265,0.0
1258,2026-04-27T08:36:54.234Z,S20260427_093533,SC01,AUTO,8.7093,80.9519,0.06,accel_1,1,1500,VIDE,0.0,0.12,0.0,0.896386,-0.698132,0.0,1,0,29.881,19.678,0.0,0.12,0.0,0.5,1.3,2.0,1.0,0.05,1,0.39639,0.40361,0.0
1259,2026-04-27T08:36:54.295Z,S20260427_093533,SC01,AUTO,8.7701,81.0127,0.0607,accel_1,1,1500,VIDE,0.0,0.12,0.0,0.91446,-0.698132,0.0,1,0,18.281,19.797,0.0,0.12,0.0,0.5,1.3,2.0,1.0,0.05,1,0.41446,0.38554,0.0
1260,2026-04-27T08:36:54.355Z,S20260427_093533,SC01,AUTO,8.83,81.0726,0.06,accel_1,1,1500,VIDE,0.0,0.12,0.0,0.932533,-0.698132,-0.0,1,0,30.269,19.039,0.0,0.12,0.0,0.5,1.3,2.0,1.0,0.05,1,0.43253,0.36747,0.0
1261,2026-04-27T08:36:54.422Z,S20260427_093533,SC01,AUTO,8.8974,81.14,0.0673,accel_1,1,1500,VIDE,0.0,0.12,0.0,0.950606,-0.698132,0.0,1,0,17.847,19.016,0.0,0.12,0.0,0.5,1.3,2.0,1.0,0.05,1,0.45061,0.34939,0.0
1262,2026-04-27T08:36:54.484Z,S20260427_093533,SC01,AUTO,8.9591,81.2017,0.0618,accel_1,1,1500,VIDE,0.0,0.12,0.0,0.968677,-0.698132,0.0,1,0,20.137,19.89,0.0,0.12,0.0,0.5,1.3,2.0,1.0,0.05,1,0.46868,0.33132,0.0
1263,2026-04-27T08:36:54.546Z,S20260427_093533,SC01,AUTO,9.0216,81.2642,0.0626,accel_1,1,1500,VIDE,0.0,0.12,0.0,0.986747,-0.698132,-0.0,1,0,27.498,19.618,0.0,0.12,0.0,0.5,1.3,2.0,1.0,0.05,1,0.48675,0.31325,0.0
1264,2026-04-27T08:36:54.609Z,S20260427_093533,SC01,AUTO,9.0843,81.3269,0.0626,accel_1,1,1500,VIDE,0.0,0.12,0.0,1.004817,-0.698132,-0.0,1,0,13.213,18.912,0.0,0.12,0.0,0.5,1.3,2.0,1.0,0.05,1,0.50482,0.29518,0.0
1265,2026-04-27T08:36:54.671Z,S20260427_093533,SC01,AUTO,9.1464,81.389,0.062,accel_1,1,1500,VIDE,0.0,0.12,0.0,1.013851,-0.698132,-0.0,1,0,25.185,20.134,0.0,0.12,0.0,0.5,1.3,2.0,1.0,0.05,1,0.51385,0.28615,0.0
1266,2026-04-27T08:36:54.733Z,S20260427_093533,SC01,AUTO,9.2085,81.4511,0.0622,accel_1,1,1500,VIDE,0.0,0.12,0.0,1.031919,-0.698132,-0.0,1,0,18.528,14.325,0.0,0.12,0.0,0.5,1.3,2.0,1.0,0.05,1,0.53192,0.26808,0.0
1267,2026-04-27T08:36:54.794Z,S20260427_093533,SC01,AUTO,9.2694,81.512,0.0608,accel_1,1,1500,VIDE,0.0,0.12,0.0,1.049987,-0.698132,0.0,1,0,21.609,18.343,0.0,0.12,0.0,0.5,1.3,2.0,1.0,0.05,1,0.54999,0.25001,0.0
1268,2026-04-27T08:36:54.854Z,S20260427_093533,SC01,AUTO,9.3293,81.5719,0.0599,accel_1,1,1500,VIDE,0.0,0.12,0.0,1.068053,-0.698132,0.0,1,0,23.341,19.518,0.0,0.12,0.0,0.5,1.3,2.0,1.0,0.05,1,0.56805,0.23195,0.0
1269,2026-04-27T08:36:54.919Z,S20260427_093533,SC01,AUTO,9.3939,81.6365,0.0646,accel_1,1,1500,VIDE,0.0,0.12,0.0,1.086118,-0.698132,-0.0,1,0,24.254,19.232,0.0,0.12,0.0,0.5,1.3,2.0,1.0,0.05,1,0.58612,0.21388,0.0
1270,2026-04-27T08:36:54.983Z,S20260427_093533,SC01,AUTO,9.458,81.7006,0.0641,accel_1,1,1500,VIDE,0.0,0.12,0.0,1.104183,-0.698132,0.0,1,0,24.594,20.023,0.0,0.12,0.0,0.5,1.3,2.0,1.0,0.05,1,0.60418,0.19582,0.0
1271,2026-04-27T08:36:55.044Z,S20260427_093533,SC01,AUTO,9.5198,81.7624,0.0618,accel_1,1,1500,VIDE,0.0,0.12,0.0,1.122246,-0.698132,0.0,1,0,25.778,19.997,0.0,0.12,0.0,0.5,1.3,2.0,1.0,0.05,1,0.62225,0.17775,0.0
1272,2026-04-27T08:36:55.108Z,S20260427_093533,SC01,AUTO,9.5835,81.8261,0.0638,accel_1,1,1500,VIDE,0.0,0.12,0.0,1.140309,-0.698132,-0.0,1,0,28.936,19.261,0.0,0.12,0.0,0.5,1.3,2.0,1.0,0.05,1,0.64031,0.15969,0.0
1273,2026-04-27T08:36:55.172Z,S20260427_093533,SC01,AUTO,9.647,81.8896,0.0633,accel_1,1,1500,VIDE,0.0,0.12,0.0,1.15837,-0.698132,0.0,1,0,10.679,19.049,0.0,0.12,0.0,0.5,1.3,2.0,1.0,0.05,1,0.65837,0.14163,0.0
1274,2026-04-27T08:36:55.232Z,S20260427_093533,SC01,AUTO,9.7077,81.9503,0.0608,accel_1,1,1500,VIDE,0.0,0.12,0.0,1.176431,-0.698132,0.0,1,0,26.511,23.049,0.0,0.12,0.0,0.5,1.3,2.0,1.0,0.05,1,0.67643,0.12357,0.0
1275,2026-04-27T08:36:55.294Z,S20260427_093533,SC01,AUTO,9.7694,82.012,0.0617,accel_1,1,1500,VIDE,0.0,0.12,0.0,1.19449,-0.698132,0.0,1,0,16.207,18.966,0.0,0.12,0.0,0.5,1.3,2.0,1.0,0.05,1,0.69449,0.10551,0.0
1276,2026-04-27T08:36:55.355Z,S20260427_093533,SC01,AUTO,9.8299,82.0725,0.0605,accel_1,1,1500,VIDE,0.0,0.12,0.0,1.212549,-0.698132,-0.0,1,0,23.555,19.519,0.0,0.12,0.0,0.5,1.3,2.0,1.0,0.05,1,0.71255,0.08745,0.0
1277,2026-04-27T08:36:55.422Z,S20260427_093533,SC01,AUTO,9.8976,82.1402,0.0676,accel_1,1,1500,VIDE,0.0,0.12,0.0,1.230606,-0.698132,0.0,1,0,28.715,19.806,0.0,0.12,0.0,0.5,1.3,2.0,1.0,0.05,1,0.73061,0.06939,0.0
1278,2026-04-27T08:36:55.485Z,S20260427_093533,SC01,AUTO,9.9604,82.203,0.0629,accel_1,1,1500,VIDE,0.0,0.12,0.0,1.248663,-0.698132,-0.0,1,0,17.017,19.362,0.0,0.12,0.0,0.5,1.3,2.0,1.0,0.05,1,0.74866,0.05134,0.0
1279,2026-04-27T08:36:55.549Z,S20260427_093533,SC01,AUTO,10.0239,82.2665,0.0634,accel_2,1,1500,VIDE,0.0,0.2,0.0,1.266718,-0.698132,-0.0,1,0,22.979,18.826,0.0,0.2,0.0,1.1,3.3,2.0,1.0,0.05,1,0.16672,2.03328,0.0
1280,2026-04-27T08:36:55.610Z,S20260427_093533,SC01,AUTO,10.0856,82.3282,0.0617,accel_2,1,1500,VIDE,0.0,0.2,0.0,1.289374,-0.698132,-0.0,1,0,9.553,0.326,0.0,0.2,0.0,1.1,3.3,2.0,1.0,0.05,1,0.18937,2.01063,0.0
1281,2026-04-27T08:36:55.673Z,S20260427_093533,SC01,AUTO,10.148,82.3906,0.0624,accel_2,1,1500,VIDE,0.0,0.2,0.0,1.309833,-0.698132,0.0,1,0,29.271,17.803,0.0,0.2,0.0,1.1,3.3,2.0,1.0,0.05,1,0.20983,1.99017,0.0
1282,2026-04-27T08:36:55.734Z,S20260427_093533,SC01,AUTO,10.2091,82.4517,0.0611,accel_2,1,1500,VIDE,0.0,0.2,0.0,1.33554,-0.698132,-0.0,1,0,29.511,19.51,0.0,0.2,0.0,1.1,3.3,2.0,1.0,0.05,1,0.23554,1.96446,0.0
1283,2026-04-27T08:36:55.794Z,S20260427_093533,SC01,AUTO,10.2691,82.5117,0.06,accel_2,1,1500,VIDE,0.0,0.2,0.0,1.363235,-0.698132,0.0,1,0,28.877,19.244,0.0,0.2,0.0,1.1,3.3,2.0,1.0,0.05,1,0.26324,1.93676,0.0
1284,2026-04-27T08:36:55.854Z,S20260427_093533,SC01,AUTO,10.3291,82.5716,0.06,accel_2,1,1500,VIDE,0.0,0.2,0.0,1.392489,-0.698132,-0.0,1,0,13.653,19.285,0.0,0.2,0.0,1.1,3.3,2.0,1.0,0.05,1,0.29249,1.90751,0.0
1285,2026-04-27T08:36:55.919Z,S20260427_093533,SC01,AUTO,10.3945,82.6371,0.0654,accel_2,1,1500,VIDE,0.0,0.2,0.0,1.422965,-0.698132,-0.0,1,0,21.408,19.871,0.0,0.2,0.0,1.1,3.3,2.0,1.0,0.05,1,0.32296,1.87704,0.0
1286,2026-04-27T08:36:55.980Z,S20260427_093533,SC01,AUTO,10.4553,82.6979,0.0609,accel_2,1,1500,VIDE,0.0,0.2,0.0,1.454399,-0.698132,-0.0,1,0,21.671,19.082,0.0,0.2,0.0,1.1,3.3,2.0,1.0,0.05,1,0.3544,1.8456,0.0
1287,2026-04-27T08:36:56.043Z,S20260427_093533,SC01,AUTO,10.5184,82.761,0.0631,accel_2,1,1500,VIDE,0.0,0.2,0.0,1.486584,-0.698132,-0.0,1,0,21.487,19.275,0.0,0.2,0.0,1.1,3.3,2.0,1.0,0.05,1,0.38658,1.81342,0.0
1288,2026-04-27T08:36:56.105Z,S20260427_093533,SC01,AUTO,10.5807,82.8233,0.0622,accel_2,1,1500,VIDE,0.0,0.2,0.0,1.519357,-0.698132,-0.0,1,0,22.984,19.999,0.0,0.2,0.0,1.1,3.3,2.0,1.0,0.05,1,0.41936,1.78064,0.0
1289,2026-04-27T08:36:56.167Z,S20260427_093533,SC01,AUTO,10.6427,82.8853,0.0621,accel_2,1,1500,VIDE,0.0,0.2,0.0,1.552592,-0.698132,-0.0,1,0,27.126,19.556,0.0,0.2,0.0,1.1,3.3,2.0,1.0,0.05,1,0.45259,1.74741,0.0
1290,2026-04-27T08:36:56.230Z,S20260427_093533,SC01,AUTO,10.7055,82.9481,0.0628,accel_2,1,1500,VIDE,0.0,0.2,0.0,1.586189,-0.698132,-0.0,1,0,25.013,19.394,0.0,0.2,0.0,1.1,3.3,2.0,1.0,0.05,1,0.48619,1.71381,0.0
1291,2026-04-27T08:36:56.292Z,S20260427_093533,SC01,AUTO,10.7677,83.0103,0.0622,accel_2,1,1500,VIDE,0.0,0.2,0.0,1.620068,-0.698132,-0.0,1,0,27.402,17.629,0.0,0.2,0.0,1.1,3.3,2.0,1.0,0.05,1,0.52007,1.67993,0.0
1292,2026-04-27T08:36:56.355Z,S20260427_093533,SC01,AUTO,10.8301,83.0727,0.0624,accel_2,1,1500,VIDE,0.0,0.2,0.0,1.654168,-0.698132,-0.0,1,0,27.703,15.739,0.0,0.2,0.0,1.1,3.3,2.0,1.0,0.05,1,0.55417,1.64583,0.0
1293,2026-04-27T08:36:56.430Z,S20260427_093533,SC01,AUTO,10.9056,83.1482,0.0754,accel_2,1,1500,VIDE,0.0,0.2,0.0,1.688442,-0.698132,-0.0,1,0,29.432,17.55,0.0,0.2,0.0,1.1,3.3,2.0,1.0,0.05,1,0.58844,1.61156,0.0
1294,2026-04-27T08:36:56.491Z,S20260427_093533,SC01,AUTO,10.9666,83.2092,0.061,accel_2,1,1500,VIDE,0.0,0.2,0.0,1.728596,-0.698132,-0.0,1,0,36.712,11.126,0.0,0.2,0.0,1.1,3.3,2.0,1.0,0.05,1,0.6286,1.5714,0.0
1295,2026-04-27T08:36:56.552Z,S20260427_093533,SC01,AUTO,11.0278,83.2704,0.0612,accel_2,1,1500,VIDE,0.0,0.2,0.0,1.768888,-0.698132,-0.0,1,0,38.506,0.857,0.0,0.2,0.0,1.1,3.3,2.0,1.0,0.05,1,0.66889,1.53111,0.0
1296,2026-04-27T08:36:56.614Z,S20260427_093533,SC01,AUTO,11.0892,83.3318,0.0614,accel_2,1,1500,VIDE,0.0,0.2,0.0,1.803507,-0.698132,-0.0,1,0,39.244,0.977,0.0,0.2,0.0,1.1,3.3,2.0,1.0,0.05,1,0.70351,1.49649,0.0
1297,2026-04-27T08:36:56.674Z,S20260427_093533,SC01,AUTO,11.1493,83.3919,0.0602,accel_2,1,1500,VIDE,0.0,0.2,0.0,1.82662,-0.698132,0.0,1,0,31.022,20.845,0.0,0.2,0.0,1.1,3.3,2.0,1.0,0.05,1,0.72662,1.47338,0.0
1298,2026-04-27T08:36:56.734Z,S20260427_093533,SC01,AUTO,11.2093,83.4519,0.0599,accel_2,1,1500,VIDE,0.0,0.2,0.0,1.86133,-0.698132,-0.0,1,0,13.725,19.569,0.0,0.2,0.0,1.1,3.3,2.0,1.0,0.05,1,0.76133,1.43867,0.0
1299,2026-04-27T08:36:56.794Z,S20260427_093533,SC01,AUTO,11.2694,83.512,0.0602,accel_2,1,1500,VIDE,0.0,0.2,0.0,1.896077,-0.698132,-0.0,1,0,14.071,19.724,0.0,0.2,0.0,1.1,3.3,2.0,1.0,0.05,1,0.79608,1.40392,0.0
1300,2026-04-27T08:36:56.854Z,S20260427_093533,SC01,AUTO,11.3293,83.5719,0.0599,accel_2,1,1500,VIDE,0.0,0.2,0.0,1.930854,-0.698132,-0.0,1,0,15.339,19.872,0.0,0.2,0.0,1.1,3.3,2.0,1.0,0.05,1,0.83085,1.36915,0.0
1301,2026-04-27T08:36:56.918Z,S20260427_093533,SC01,AUTO,11.3936,83.6362,0.0643,accel_2,1,1500,VIDE,0.0,0.2,0.0,1.965654,-0.698132,-0.0,1,0,18.186,18.777,0.0,0.2,0.0,1.1,3.3,2.0,1.0,0.05,1,0.86565,1.33435,0.0
1302,2026-04-27T08:36:56.980Z,S20260427_093533,SC01,AUTO,11.4557,83.6983,0.0621,accel_2,1,1500,VIDE,0.0,0.2,0.0,2.006274,-0.698132,0.0,1,0,46.239,30.713,0.0,0.2,0.0,1.1,3.3,2.0,1.0,0.05,1,0.90627,1.29373,0.0
1303,2026-04-27T08:36:57.042Z,S20260427_093533,SC01,AUTO,11.5176,83.7602,0.0619,accel_2,1,1500,VIDE,0.0,0.2,0.0,2.052717,-0.698132,-0.0,1,0,27.599,19.585,0.0,0.2,0.0,1.1,3.3,2.0,1.0,0.05,1,0.95272,1.24728,0.0
1304,2026-04-27T08:36:57.104Z,S20260427_093533,SC01,AUTO,11.5792,83.8218,0.0616,accel_2,1,1500,VIDE,0.0,0.2,0.0,2.087559,-0.698132,-0.0,1,0,28.04,19.856,0.0,0.2,0.0,1.1,3.3,2.0,1.0,0.05,1,0.98756,1.21244,0.0
1305,2026-04-27T08:36:57.166Z,S20260427_093533,SC01,AUTO,11.6417,83.8843,0.0624,accel_2,1,1500,VIDE,0.0,0.2,0.0,2.122406,-0.698132,-0.0,1,0,29.281,19.474,0.0,0.2,0.0,1.1,3.3,2.0,1.0,0.05,1,1.02241,1.17759,0.0
1306,2026-04-27T08:36:57.229Z,S20260427_093533,SC01,AUTO,11.7046,83.9472,0.0629,accel_2,1,1500,VIDE,0.0,0.2,0.0,2.157257,-0.698132,-0.0,1,0,26.964,19.799,0.0,0.2,0.0,1.1,3.3,2.0,1.0,0.05,1,1.05726,1.14274,0.0
1307,2026-04-27T08:36:57.291Z,S20260427_093533,SC01,AUTO,11.7662,84.0088,0.0616,accel_2,1,1500,VIDE,0.0,0.2,0.0,2.19211,-0.698132,-0.0,1,0,28.635,18.387,0.0,0.2,0.0,1.1,3.3,2.0,1.0,0.05,1,1.09211,1.10789,0.0
1308,2026-04-27T08:36:57.354Z,S20260427_093533,SC01,AUTO,11.8298,84.0724,0.0636,accel_2,1,1500,VIDE,0.0,0.2,0.0,2.226965,-0.698132,0.0,1,0,10.516,19.774,0.0,0.2,0.0,1.1,3.3,2.0,1.0,0.05,1,1.12696,1.07304,0.0
1309,2026-04-27T08:36:57.415Z,S20260427_093533,SC01,AUTO,11.8901,84.1327,0.0603,accel_2,1,1500,VIDE,0.0,0.2,0.0,2.261819,-0.698132,-0.0,1,0,9.546,19.913,0.0,0.2,0.0,1.1,3.3,2.0,1.0,0.05,1,1.16182,1.03818,0.0
1310,2026-04-27T08:36:57.491Z,S20260427_093533,SC01,AUTO,11.9663,84.2089,0.0762,accel_2,1,1500,VIDE,0.0,0.2,0.0,2.296673,-0.698132,-0.0,1,0,9.803,19.941,0.0,0.2,0.0,1.1,3.3,2.0,1.0,0.05,1,1.19667,1.00333,0.0
1311,2026-04-27T08:36:57.553Z,S20260427_093533,SC01,AUTO,12.0288,84.2714,0.0625,accel_2,1,1500,VIDE,0.0,0.2,0.0,2.331525,-0.698132,0.0,1,0,29.311,22.989,0.0,0.2,0.0,1.1,3.3,2.0,1.0,0.05,1,1.23153,0.96847,0.0
1312,2026-04-27T08:36:57.614Z,S20260427_093533,SC01,AUTO,12.0889,84.3315,0.0602,accel_2,1,1500,VIDE,0.0,0.2,0.0,2.377993,-0.698132,-0.0,1,0,39.669,0.909,0.0,0.2,0.0,1.1,3.3,2.0,1.0,0.05,1,1.27799,0.92201,0.0
1313,2026-04-27T08:36:57.674Z,S20260427_093533,SC01,AUTO,12.1492,84.3918,0.0603,accel_2,1,1500,VIDE,0.0,0.2,0.0,2.407033,-0.698132,-0.0,1,0,39.665,29.134,0.0,0.2,0.0,1.1,3.3,2.0,1.0,0.05,1,1.30703,0.89297,0.0
1314,2026-04-27T08:36:57.734Z,S20260427_093533,SC01,AUTO,12.2096,84.4521,0.0603,accel_2,1,1500,VIDE,0.0,0.2,0.0,2.436071,-0.698132,-0.0,1,0,12.037,19.461,0.0,0.2,0.0,1.1,3.3,2.0,1.0,0.05,1,1.33607,0.86393,0.0
1315,2026-04-27T08:36:57.794Z,S20260427_093533,SC01,AUTO,12.2696,84.5122,0.0601,accel_2,1,1500,VIDE,0.0,0.2,0.0,2.470916,-0.698132,-0.0,1,0,13.406,19.432,0.0,0.2,0.0,1.1,3.3,2.0,1.0,0.05,1,1.37092,0.82908,0.0
1316,2026-04-27T08:36:57.854Z,S20260427_093533,SC01,AUTO,12.3292,84.5718,0.0595,accel_2,1,1500,VIDE,0.0,0.2,0.0,2.505757,-0.698132,-0.0,1,0,14.912,18.988,0.0,0.2,0.0,1.1,3.3,2.0,1.0,0.05,1,1.40576,0.79424,0.0
1317,2026-04-27T08:36:57.927Z,S20260427_093533,SC01,AUTO,12.4021,84.6447,0.073,accel_2,1,1500,VIDE,0.0,0.2,0.0,2.558013,-0.698132,-0.0,1,0,24.272,19.521,0.0,0.2,0.0,1.1,3.3,2.0,1.0,0.05,1,1.45801,0.74199,0.0
1318,2026-04-27T08:36:57.987Z,S20260427_093533,SC01,AUTO,12.4626,84.7052,0.0604,accel_2,1,1500,VIDE,0.0,0.2,0.0,2.592847,-0.698132,-0.0,1,0,24.719,19.5,0.0,0.2,0.0,1.1,3.3,2.0,1.0,0.05,1,1.49285,0.70715,0.0
1319,2026-04-27T08:36:58.050Z,S20260427_093533,SC01,AUTO,12.525,84.7676,0.0623,accel_2,1,1500,VIDE,0.0,0.2,0.0,2.627677,-0.698132,-0.0,1,0,25.876,19.475,0.0,0.2,0.0,1.1,3.3,2.0,1.0,0.05,1,1.52768,0.67232,0.0
1320,2026-04-27T08:36:58.112Z,S20260427_093533,SC01,AUTO,12.5871,84.8297,0.0621,accel_2,1,1500,VIDE,0.0,0.2,0.0,2.662505,-0.698132,0.0,1,0,27.143,18.611,0.0,0.2,0.0,1.1,3.3,2.0,1.0,0.05,1,1.5625,0.6375,0.0
1321,2026-04-27T08:36:58.173Z,S20260427_093533,SC01,AUTO,12.6481,84.8907,0.061,accel_2,1,1500,VIDE,0.0,0.2,0.0,2.697329,-0.698132,-0.0,1,0,26.623,16.225,0.0,0.2,0.0,1.1,3.3,2.0,1.0,0.05,1,1.59733,0.60267,0.0
1322,2026-04-27T08:36:58.234Z,S20260427_093533,SC01,AUTO,12.7089,84.9515,0.0609,accel_2,1,1500,VIDE,0.0,0.2,0.0,2.732149,-0.698132,-0.0,1,0,8.865,19.645,0.0,0.2,0.0,1.1,3.3,2.0,1.0,0.05,1,1.63215,0.56785,0.0
1323,2026-04-27T08:36:58.290Z,S20260427_093533,SC01,AUTO,12.7655,85.0081,0.0565,accel_2,1,1500,VIDE,0.0,0.2,0.0,2.766966,-0.698132,-0.0,1,0,28.651,19.643,0.0,0.2,0.0,1.1,3.3,2.0,1.0,0.05,1,1.66697,0.53303,0.0
1324,2026-04-27T08:36:58.355Z,S20260427_093533,SC01,AUTO,12.8305,85.0731,0.0651,accel_2,1,1500,VIDE,0.0,0.2,0.0,2.801779,-0.698132,0.0,1,0,30.948,18.225,0.0,0.2,0.0,1.1,3.3,2.0,1.0,0.05,1,1.70178,0.49822,0.0
1325,2026-04-27T08:36:58.418Z,S20260427_093533,SC01,AUTO,12.8936,85.1362,0.063,accel_2,1,1500,VIDE,0.0,0.2,0.0,2.836589,-0.698132,0.0,1,0,10.426,19.101,0.0,0.2,0.0,1.1,3.3,2.0,1.0,0.05,1,1.73659,0.46341,0.0
1326,2026-04-27T08:36:58.480Z,S20260427_093533,SC01,AUTO,12.9553,85.1979,0.0618,accel_2,1,1500,VIDE,0.0,0.2,0.0,2.871395,-0.698132,-0.0,1,0,10.259,19.378,0.0,0.2,0.0,1.1,3.3,2.0,1.0,0.05,1,1.77139,0.42861,0.0
1327,2026-04-27T08:36:58.542Z,S20260427_093533,SC01,AUTO,13.0176,85.2602,0.0623,accel_2,1,1500,VIDE,0.0,0.2,0.0,2.906197,-0.698132,0.0,1,0,11.909,19.267,0.0,0.2,0.0,1.1,3.3,2.0,1.0,0.05,1,1.8062,0.3938,0.0
1328,2026-04-27T08:36:58.605Z,S20260427_093533,SC01,AUTO,13.0804,85.323,0.0628,accel_2,1,1500,VIDE,0.0,0.2,0.0,2.940996,-0.698132,-0.0,1,0,13.947,19.894,0.0,0.2,0.0,1.1,3.3,2.0,1.0,0.05,1,1.841,0.359,0.0
1329,2026-04-27T08:36:58.669Z,S20260427_093533,SC01,AUTO,13.1443,85.3869,0.0638,accel_2,1,1500,VIDE,0.0,0.2,0.0,2.975791,-0.698132,-0.0,1,0,14.627,19.505,0.0,0.2,0.0,1.1,3.3,2.0,1.0,0.05,1,1.87579,0.32421,0.0
1330,2026-04-27T08:36:58.730Z,S20260427_093533,SC01,AUTO,13.2056,85.4482,0.0613,accel_2,1,1500,VIDE,0.0,0.2,0.0,3.010581,-0.698132,0.0,1,0,14.526,18.474,0.0,0.2,0.0,1.1,3.3,2.0,1.0,0.05,1,1.91058,0.28942,0.0
1331,2026-04-27T08:36:58.792Z,S20260427_093533,SC01,AUTO,13.2676,85.5102,0.062,accel_2,1,1500,VIDE,0.0,0.2,0.0,3.045368,-0.698132,0.0,1,0,17.284,16.407,0.0,0.2,0.0,1.1,3.3,2.0,1.0,0.05,1,1.94537,0.25463,0.0
1332,2026-04-27T08:36:58.853Z,S20260427_093533,SC01,AUTO,13.3279,85.5705,0.0603,accel_2,1,1500,VIDE,0.0,0.2,0.0,3.080152,-0.698132,0.0,1,0,19.907,14.526,0.0,0.2,0.0,1.1,3.3,2.0,1.0,0.05,1,1.98015,0.21985,0.0
1333,2026-04-27T08:36:58.930Z,S20260427_093533,SC01,AUTO,13.4055,85.6481,0.0776,accel_2,1,1500,VIDE,0.0,0.2,0.0,3.132319,-0.698132,-0.0,1,0,8.992,20.197,0.0,0.2,0.0,1.1,3.3,2.0,1.0,0.05,1,2.03232,0.16768,0.0
1334,2026-04-27T08:36:58.978Z,S20260427_093533,SC01,AUTO,13.4529,85.6954,0.0474,accel_2,1,1500,VIDE,0.0,0.2,0.0,3.149706,-0.698132,-0.0,1,0,17.991,20.741,0.0,0.2,0.0,1.1,3.3,2.0,1.0,0.05,1,2.04971,0.15029,0.0
1335,2026-04-27T08:36:59.053Z,S20260427_093533,SC01,AUTO,13.5284,85.771,0.0755,accel_2,1,1500,VIDE,0.0,0.2,0.0,3.201861,-0.698132,0.0,1,0,17.547,19.362,0.0,0.2,0.0,1.1,3.3,2.0,1.0,0.05,1,2.10186,0.09814,0.0
1336,2026-04-27T08:36:59.114Z,S20260427_093533,SC01,AUTO,13.5893,85.8319,0.0609,accel_2,1,1500,VIDE,0.0,0.2,0.0,3.219244,-0.698132,-0.0,1,0,31.602,20.064,0.0,0.2,0.0,1.1,3.3,2.0,1.0,0.05,1,2.11924,0.08076,0.0
1337,2026-04-27T08:36:59.174Z,S20260427_093533,SC01,AUTO,13.6492,85.8918,0.0599,accel_2,1,1500,VIDE,0.0,0.2,0.0,3.254007,-0.698132,0.0,1,0,18.551,18.301,0.0,0.2,0.0,1.1,3.3,2.0,1.0,0.05,1,2.15401,0.04599,0.0
1338,2026-04-27T08:36:59.234Z,S20260427_093533,SC01,AUTO,13.7092,85.9518,0.06,accel_2,1,1500,VIDE,0.0,0.2,0.0,3.288766,-0.698132,-0.0,1,0,25.714,19.796,0.0,0.2,0.0,1.1,3.3,2.0,1.0,0.05,1,2.18877,0.01123,0.0
1339,2026-04-27T08:36:59.292Z,S20260427_093533,SC01,AUTO,13.7677,86.0103,0.0586,accel_2,1,1500,VIDE,0.0,0.2,0.0,3.32352,-0.698132,0.0,1,0,26.238,19.843,0.0,0.2,0.0,1.1,3.3,2.0,1.0,0.05,0,2.22352,-0.02352,0.0
1340,2026-04-27T08:36:59.356Z,S20260427_093533,SC01,AUTO,13.831,86.0736,0.0633,accel_2,1,1500,VIDE,0.0,0.2,0.0,3.358271,-0.698132,0.0,1,0,25.754,15.331,0.0,0.2,0.0,1.1,3.3,2.0,1.0,0.05,0,2.25827,-0.05827,0.0
1341,2026-04-27T08:36:59.424Z,S20260427_093533,SC01,AUTO,13.8998,86.1424,0.0688,accel_2,1,1500,VIDE,0.0,0.2,0.0,3.393017,-0.698132,0.0,1,0,29.501,19.259,0.0,0.2,0.0,1.1,3.3,2.0,1.0,0.05,0,2.29302,-0.09302,0.0
1342,2026-04-27T08:36:59.486Z,S20260427_093533,SC01,AUTO,13.9617,86.2042,0.0618,accel_2,1,1500,VIDE,0.0,0.2,0.0,3.427759,-0.698132,0.0,1,0,29.506,19.216,0.0,0.2,0.0,1.1,3.3,2.0,1.0,0.05,0,2.32776,-0.12776,0.0
1343,2026-04-27T08:36:59.549Z,S20260427_093533,SC01,AUTO,14.0239,86.2665,0.0623,stabilize,1,1500,VIDE,0.0,0.09,0.0,3.462496,-0.698132,0.0,1,0,11.29,19.169,0.0,0.09,0.0,3.5,4.9,2.0,0.5,0.05,0,-0.0375,1.4375,0.0
1344,2026-04-27T08:36:59.611Z,S20260427_093533,SC01,AUTO,14.0863,86.3289,0.0624,stabilize,1,1500,VIDE,0.0,0.09,0.0,3.496055,-0.698132,-0.0,1,0,29.418,22.638,0.0,0.09,0.0,3.5,4.9,2.0,0.5,0.05,0,-0.00395,1.40395,0.0
1345,2026-04-27T08:36:59.673Z,S20260427_093533,SC01,AUTO,14.1483,86.3909,0.062,stabilize,1,1500,VIDE,0.0,0.09,0.0,3.525115,-0.698132,-0.0,1,0,13.129,16.025,0.0,0.09,0.0,3.5,4.9,2.0,0.5,0.05,1,0.02512,1.37488,0.0
1346,2026-04-27T08:36:59.734Z,S20260427_093533,SC01,AUTO,14.2096,86.4522,0.0612,stabilize,1,1500,VIDE,0.0,0.09,0.0,3.55039,-0.698132,-0.0,1,0,18.603,18.93,0.0,0.09,0.0,3.5,4.9,2.0,0.5,0.05,1,0.05039,1.34961,0.0
1347,2026-04-27T08:36:59.794Z,S20260427_093533,SC01,AUTO,14.2695,86.5121,0.06,stabilize,1,1500,VIDE,0.0,0.09,0.0,3.572695,-0.698132,0.0,1,0,18.147,18.033,0.0,0.09,0.0,3.5,4.9,2.0,0.5,0.05,1,0.07269,1.32731,0.0
1348,2026-04-27T08:36:59.855Z,S20260427_093533,SC01,AUTO,14.3299,86.5725,0.0604,stabilize,1,1500,VIDE,0.0,0.09,0.0,3.59267,-0.698132,0.0,1,0,19.844,19.344,0.0,0.09,0.0,3.5,4.9,2.0,0.5,0.05,1,0.09267,1.30733,0.0
1349,2026-04-27T08:36:59.919Z,S20260427_093533,SC01,AUTO,14.394,86.6366,0.064,stabilize,1,1500,VIDE,0.0,0.09,0.0,3.610817,-0.698132,0.0,1,0,24.592,18.812,0.0,0.09,0.0,3.5,4.9,2.0,0.5,0.05,1,0.11082,1.28918,0.0
1350,2026-04-27T08:36:59.980Z,S20260427_093533,SC01,AUTO,14.4552,86.6978,0.0613,stabilize,1,1500,VIDE,0.0,0.09,0.0,3.627531,-0.698132,0.0,1,0,33.224,18.036,0.0,0.09,0.0,3.5,4.9,2.0,0.5,0.05,1,0.12753,1.27247,0.0
1351,2026-04-27T08:37:00.043Z,S20260427_093533,SC01,AUTO,14.518,86.7606,0.0628,stabilize,1,1500,VIDE,0.0,0.09,0.0,3.64312,-0.698132,0.0,1,0,14.876,19.548,0.0,0.09,0.0,3.5,4.9,2.0,0.5,0.05,1,0.14312,1.25688,0.0
1352,2026-04-27T08:37:00.104Z,S20260427_093533,SC01,AUTO,14.5796,86.8222,0.0616,stabilize,1,1500,VIDE,0.0,0.09,0.0,3.657826,-0.698132,0.0,1,0,15.439,19.516,0.0,0.09,0.0,3.5,4.9,2.0,0.5,0.05,1,0.15783,1.24217,0.0
1353,2026-04-27T08:37:00.166Z,S20260427_093533,SC01,AUTO,14.6414,86.884,0.0618,stabilize,1,1500,VIDE,0.0,0.09,0.0,3.671839,-0.698132,0.0,1,0,16.288,19.249,0.0,0.09,0.0,3.5,4.9,2.0,0.5,0.05,1,0.17184,1.22816,0.0
1354,2026-04-27T08:37:00.234Z,S20260427_093533,SC01,AUTO,14.7096,86.9522,0.0682,stabilize,1,1500,VIDE,0.0,0.09,0.0,3.685308,-0.698132,0.0,1,0,18.265,19.76,0.0,0.09,0.0,3.5,4.9,2.0,0.5,0.05,1,0.18531,1.21469,0.0
1355,2026-04-27T08:37:00.291Z,S20260427_093533,SC01,AUTO,14.7668,87.0094,0.0572,stabilize,1,1500,VIDE,0.0,0.09,0.0,3.698351,-0.698132,0.0,1,0,20.58,19.561,0.0,0.09,0.0,3.5,4.9,2.0,0.5,0.05,1,0.19835,1.20165,0.0
1356,2026-04-27T08:37:00.355Z,S20260427_093533,SC01,AUTO,14.8305,87.073,0.0636,stabilize,1,1500,VIDE,0.0,0.09,0.0,3.711059,-0.698132,0.0,1,0,20.315,15.376,0.0,0.09,0.0,3.5,4.9,2.0,0.5,0.05,1,0.21106,1.18894,0.0
1357,2026-04-27T08:37:00.427Z,S20260427_093533,SC01,AUTO,14.9022,87.1448,0.0718,stabilize,1,1500,VIDE,0.0,0.09,0.0,3.729645,-0.698132,0.0,1,0,9.018,20.008,0.0,0.09,0.0,3.5,4.9,2.0,0.5,0.05,1,0.22964,1.17036,0.0
1358,2026-04-27T08:37:00.488Z,S20260427_093533,SC01,AUTO,14.9637,87.2063,0.0615,stabilize,1,1500,VIDE,0.0,0.09,0.0,3.741796,-0.698132,0.0,1,0,28.815,20.078,0.0,0.09,0.0,3.5,4.9,2.0,0.5,0.05,1,0.2418,1.1582,0.0
1359,2026-04-27T08:37:00.551Z,S20260427_093533,SC01,AUTO,15.0262,87.2688,0.0625,stabilize,1,1500,VIDE,0.0,0.09,0.0,3.753803,-0.698132,0.0,1,0,9.014,19.475,0.0,0.09,0.0,3.5,4.9,2.0,0.5,0.05,1,0.2538,1.1462,0.0
1360,2026-04-27T08:37:00.612Z,S20260427_093533,SC01,AUTO,15.0875,87.3301,0.0613,stabilize,1,1500,VIDE,0.0,0.09,0.0,3.765697,-0.698132,0.0,1,0,12.229,19.509,0.0,0.09,0.0,3.5,4.9,2.0,0.5,0.05,1,0.2657,1.1343,0.0
1361,2026-04-27T08:37:00.665Z,S20260427_093533,SC01,AUTO,15.1405,87.3831,0.053,stabilize,1,1500,VIDE,0.0,0.09,0.0,3.77161,-0.698132,0.0,1,0,20.118,23.067,0.0,0.09,0.0,3.5,4.9,2.0,0.5,0.05,1,0.27161,1.12839,0.0
1362,2026-04-27T08:37:00.733Z,S20260427_093533,SC01,AUTO,15.2083,87.4509,0.0678,stabilize,1,1500,VIDE,0.0,0.09,0.0,3.789236,-0.698132,-0.0,1,0,13.218,18.924,0.0,0.09,0.0,3.5,4.9,2.0,0.5,0.05,1,0.28924,1.11076,0.0
1363,2026-04-27T08:37:00.794Z,S20260427_093533,SC01,AUTO,15.2698,87.5124,0.0614,stabilize,1,1500,VIDE,0.0,0.09,0.0,3.800915,-0.698132,0.0,1,0,17.463,19.365,0.0,0.09,0.0,3.5,4.9,2.0,0.5,0.05,1,0.30092,1.09908,0.0
1364,2026-04-27T08:37:00.854Z,S20260427_093533,SC01,AUTO,15.3293,87.5719,0.0595,stabilize,1,1500,VIDE,0.0,0.09,0.0,3.81255,-0.698132,0.0,1,0,19.04,19.038,0.0,0.09,0.0,3.5,4.9,2.0,0.5,0.05,1,0.31255,1.08745,0.0
1365,2026-04-27T08:37:00.919Z,S20260427_093533,SC01,AUTO,15.394,87.6366,0.0647,stabilize,1,1500,VIDE,0.0,0.09,0.0,3.82415,-0.698132,0.0,1,0,20.194,18.992,0.0,0.09,0.0,3.5,4.9,2.0,0.5,0.05,1,0.32415,1.07585,0.0
1366,2026-04-27T08:37:00.981Z,S20260427_093533,SC01,AUTO,15.4559,87.6985,0.0619,stabilize,1,1500,VIDE,0.0,0.09,0.0,3.835722,-0.698132,0.0,1,0,20.742,19.897,0.0,0.09,0.0,3.5,4.9,2.0,0.5,0.05,1,0.33572,1.06428,0.0
1367,2026-04-27T08:37:01.040Z,S20260427_093533,SC01,AUTO,15.5155,87.7581,0.0596,stabilize,1,1500,VIDE,0.0,0.09,0.0,3.847273,-0.698132,-0.0,1,0,21.226,19.307,0.0,0.09,0.0,3.5,4.9,2.0,0.5,0.05,1,0.34727,1.05273,0.0
1368,2026-04-27T08:37:01.114Z,S20260427_093533,SC01,AUTO,15.5895,87.8321,0.074,stabilize,1,1500,VIDE,0.0,0.09,0.0,3.858806,-0.698132,-0.0,1,0,21.54,19.23,0.0,0.09,0.0,3.5,4.9,2.0,0.5,0.05,1,0.35881,1.04119,0.0
1369,2026-04-27T08:37:01.174Z,S20260427_093533,SC01,AUTO,15.6493,87.8919,0.0598,stabilize,1,1500,VIDE,0.0,0.09,0.0,3.870324,-0.698132,0.0,1,0,22.438,19.288,0.0,0.09,0.0,3.5,4.9,2.0,0.5,0.05,1,0.37032,1.02968,0.0
1370,2026-04-27T08:37:01.234Z,S20260427_093533,SC01,AUTO,15.709,87.9516,0.0598,stabilize,1,1500,VIDE,0.0,0.09,0.0,3.881832,-0.698132,-0.0,1,0,25.981,19.821,0.0,0.09,0.0,3.5,4.9,2.0,0.5,0.05,1,0.38183,1.01817,0.0
1371,2026-04-27T08:37:01.294Z,S20260427_093533,SC01,AUTO,15.7694,88.012,0.0604,stabilize,1,1500,VIDE,0.0,0.09,0.0,3.89333,-0.698132,-0.0,1,0,26.242,20.014,0.0,0.09,0.0,3.5,4.9,2.0,0.5,0.05,1,0.39333,1.00667,0.0
1372,2026-04-27T08:37:01.355Z,S20260427_093533,SC01,AUTO,15.8303,88.0729,0.0608,stabilize,1,1500,VIDE,0.0,0.09,0.0,3.90482,-0.698132,-0.0,1,0,30.049,19.118,0.0,0.09,0.0,3.5,4.9,2.0,0.5,0.05,1,0.40482,0.99518,0.0
1373,2026-04-27T08:37:01.427Z,S20260427_093533,SC01,AUTO,15.9027,88.1453,0.0724,stabilize,1,1500,VIDE,0.0,0.09,0.0,3.916304,-0.698132,0.0,1,0,30.414,19.015,0.0,0.09,0.0,3.5,4.9,2.0,0.5,0.05,1,0.4163,0.9837,0.0
1374,2026-04-27T08:37:01.489Z,S20260427_093533,SC01,AUTO,15.9641,88.2067,0.0613,stabilize,1,1500,VIDE,0.0,0.09,0.0,3.927783,-0.698132,0.0,1,0,12.654,18.443,0.0,0.09,0.0,3.5,4.9,2.0,0.5,0.05,1,0.42778,0.97222,0.0
1375,2026-04-27T08:37:01.552Z,S20260427_093533,SC01,AUTO,16.0269,88.2695,0.0629,stabilize,1,1500,VIDE,0.0,0.09,0.0,3.939257,-0.698132,0.0,1,0,14.422,18.058,0.0,0.09,0.0,3.5,4.9,2.0,0.5,0.05,1,0.43926,0.96074,0.0
1376,2026-04-27T08:37:01.614Z,S20260427_093533,SC01,AUTO,16.0896,88.3322,0.0627,stabilize,1,1500,VIDE,0.0,0.09,0.0,3.950727,-0.698132,0.0,1,0,29.681,23.687,0.0,0.09,0.0,3.5,4.9,2.0,0.5,0.05,1,0.45073,0.94927,0.0
1377,2026-04-27T08:37:01.674Z,S20260427_093533,SC01,AUTO,16.1491,88.3917,0.0595,stabilize,1,1500,VIDE,0.0,0.09,0.0,3.964105,-0.698132,0.0,1,0,39.433,26.86,0.0,0.09,0.0,3.5,4.9,2.0,0.5,0.05,1,0.4641,0.9359,0.0
1378,2026-04-27T08:37:01.734Z,S20260427_093533,SC01,AUTO,16.2097,88.4523,0.0606,stabilize,1,1500,VIDE,0.0,0.09,0.0,3.975568,-0.698132,0.0,1,0,40.59,28.427,0.0,0.09,0.0,3.5,4.9,2.0,0.5,0.05,1,0.47557,0.92443,0.0
1379,2026-04-27T08:37:01.795Z,S20260427_093533,SC01,AUTO,16.2699,88.5125,0.0602,stabilize,1,1500,VIDE,0.0,0.09,0.0,3.985119,-0.698132,0.0,1,0,13.76,18.904,0.0,0.09,0.0,3.5,4.9,2.0,0.5,0.05,1,0.48512,0.91488,0.0
1380,2026-04-27T08:37:01.854Z,S20260427_093533,SC01,AUTO,16.3293,88.5719,0.0594,stabilize,1,1500,VIDE,0.0,0.09,0.0,3.996578,-0.698132,-0.0,1,0,28.551,18.958,0.0,0.09,0.0,3.5,4.9,2.0,0.5,0.05,1,0.49658,0.90342,0.0
1381,2026-04-27T08:37:01.921Z,S20260427_093533,SC01,AUTO,16.3966,88.6392,0.0673,stabilize,1,1500,VIDE,0.0,0.09,0.0,4.008034,-0.698132,-0.0,1,0,28.14,19.519,0.0,0.09,0.0,3.5,4.9,2.0,0.5,0.05,1,0.50803,0.89197,0.0
1382,2026-04-27T08:37:01.983Z,S20260427_093533,SC01,AUTO,16.4588,88.7014,0.0622,stabilize,1,1500,VIDE,0.0,0.09,0.0,4.019488,-0.698132,0.0,1,0,27.269,19.582,0.0,0.09,0.0,3.5,4.9,2.0,0.5,0.05,1,0.51949,0.88051,0.0
1383,2026-04-27T08:37:02.045Z,S20260427_093533,SC01,AUTO,16.5206,88.7632,0.0617,stabilize,1,1500,VIDE,0.0,0.09,0.0,4.030941,-0.698132,0.0,1,0,25.963,19.647,0.0,0.09,0.0,3.5,4.9,2.0,0.5,0.05,1,0.53094,0.86906,0.0
1384,2026-04-27T08:37:02.107Z,S20260427_093533,SC01,AUTO,16.5822,88.8248,0.0616,stabilize,1,1500,VIDE,0.0,0.09,0.0,4.042391,-0.698132,-0.0,1,0,26.694,19.435,0.0,0.09,0.0,3.5,4.9,2.0,0.5,0.05,1,0.54239,0.85761,0.0
1385,2026-04-27T08:37:02.169Z,S20260427_093533,SC01,AUTO,16.6445,88.8871,0.0623,stabilize,1,1500,VIDE,0.0,0.09,0.0,4.053839,-0.698132,0.0,1,0,28.282,19.546,0.0,0.09,0.0,3.5,4.9,2.0,0.5,0.05,1,0.55384,0.84616,0.0
1386,2026-04-27T08:37:02.230Z,S20260427_093533,SC01,AUTO,16.7056,88.9482,0.0612,stabilize,1,1500,VIDE,0.0,0.09,0.0,4.071008,-0.698132,0.0,1,0,16.235,19.325,0.0,0.09,0.0,3.5,4.9,2.0,0.5,0.05,1,0.57101,0.82899,0.0
1387,2026-04-27T08:37:02.292Z,S20260427_093533,SC01,AUTO,16.7677,89.0103,0.0619,stabilize,1,1500,VIDE,0.0,0.09,0.0,4.082452,-0.698132,0.0,1,0,14.682,19.496,0.0,0.09,0.0,3.5,4.9,2.0,0.5,0.05,1,0.58245,0.81755,0.0
1388,2026-04-27T08:37:02.358Z,S20260427_093533,SC01,AUTO,16.8333,89.0759,0.0657,stabilize,1,1500,VIDE,0.0,0.09,0.0,4.093894,-0.698132,-0.0,1,0,18.846,19.211,0.0,0.09,0.0,3.5,4.9,2.0,0.5,0.05,1,0.59389,0.80611,0.0
1389,2026-04-27T08:37:02.429Z,S20260427_093533,SC01,AUTO,16.9044,89.147,0.071,stabilize,1,1500,VIDE,0.0,0.09,0.0,4.105334,-0.698132,-0.0,1,0,17.809,19.554,0.0,0.09,0.0,3.5,4.9,2.0,0.5,0.05,1,0.60533,0.79467,0.0
1390,2026-04-27T08:37:02.490Z,S20260427_093533,SC01,AUTO,16.9655,89.2081,0.0612,stabilize,1,1500,VIDE,0.0,0.09,0.0,4.116773,-0.698132,-0.0,1,0,26.349,16.889,0.0,0.09,0.0,3.5,4.9,2.0,0.5,0.05,1,0.61677,0.78323,0.0
1391,2026-04-27T08:37:02.551Z,S20260427_093533,SC01,AUTO,17.0261,89.2687,0.0606,stabilize,1,1500,VIDE,0.0,0.09,0.0,4.12821,-0.698132,-0.0,1,0,26.904,17.692,0.0,0.09,0.0,3.5,4.9,2.0,0.5,0.05,1,0.62821,0.77179,0.0
1392,2026-04-27T08:37:02.612Z,S20260427_093533,SC01,AUTO,17.0878,89.3304,0.0616,stabilize,1,1500,VIDE,0.0,0.09,0.0,4.139645,-0.698132,0.0,1,0,27.79,17.461,0.0,0.09,0.0,3.5,4.9,2.0,0.5,0.05,1,0.63965,0.76035,0.0
1393,2026-04-27T08:37:02.674Z,S20260427_093533,SC01,AUTO,17.1495,89.3921,0.0617,stabilize,1,1500,VIDE,0.0,0.09,0.0,4.151078,-0.698132,-0.0,1,0,27.695,15.261,0.0,0.09,0.0,3.5,4.9,2.0,0.5,0.05,1,0.65108,0.74892,0.0
1394,2026-04-27T08:37:02.734Z,S20260427_093533,SC01,AUTO,17.2094,89.452,0.0599,stabilize,1,1500,VIDE,0.0,0.09,0.0,4.16251,-0.698132,0.0,1,0,27.688,18.478,0.0,0.09,0.0,3.5,4.9,2.0,0.5,0.05,1,0.66251,0.73749,0.0
1395,2026-04-27T08:37:02.794Z,S20260427_093533,SC01,AUTO,17.2692,89.5118,0.0599,stabilize,1,1500,VIDE,0.0,0.09,0.0,4.173941,-0.698132,-0.0,1,0,27.137,19.507,0.0,0.09,0.0,3.5,4.9,2.0,0.5,0.05,1,0.67394,0.72606,0.0
1396,2026-04-27T08:37:02.854Z,S20260427_093533,SC01,AUTO,17.3294,89.572,0.0601,stabilize,1,1500,VIDE,0.0,0.09,0.0,4.185369,-0.698132,-0.0,1,0,27.04,19.543,0.0,0.09,0.0,3.5,4.9,2.0,0.5,0.05,1,0.68537,0.71463,0.0
1397,2026-04-27T08:37:02.920Z,S20260427_093533,SC01,AUTO,17.3959,89.6385,0.0664,stabilize,1,1500,VIDE,0.0,0.09,0.0,4.196795,-0.698132,-0.0,1,0,28.269,19.529,0.0,0.09,0.0,3.5,4.9,2.0,0.5,0.05,1,0.6968,0.7032,0.0
1398,2026-04-27T08:37:02.982Z,S20260427_093533,SC01,AUTO,17.4575,89.7001,0.0616,stabilize,1,1500,VIDE,0.0,0.09,0.0,4.208221,-0.698132,-0.0,1,0,27.398,19.028,0.0,0.09,0.0,3.5,4.9,2.0,0.5,0.05,1,0.70822,0.69178,0.0
1399,2026-04-27T08:37:03.044Z,S20260427_093533,SC01,AUTO,17.5197,89.7623,0.0622,stabilize,1,1500,VIDE,0.0,0.09,0.0,4.219644,-0.698132,0.0,1,0,25.507,19.449,0.0,0.09,0.0,3.5,4.9,2.0,0.5,0.05,1,0.71964,0.68036,0.0
1400,2026-04-27T08:37:03.106Z,S20260427_093533,SC01,AUTO,17.581,89.8235,0.0613,stabilize,1,1500,VIDE,0.0,0.09,0.0,4.231066,-0.698132,0.0,1,0,27.872,19.586,0.0,0.09,0.0,3.5,4.9,2.0,0.5,0.05,1,0.73107,0.66893,0.0
1401,2026-04-27T08:37:03.169Z,S20260427_093533,SC01,AUTO,17.6441,89.8867,0.0631,stabilize,1,1500,VIDE,0.0,0.09,0.0,4.242486,-0.698132,-0.0,1,0,32.483,19.279,0.0,0.09,0.0,3.5,4.9,2.0,0.5,0.05,1,0.74249,0.65751,0.0
1402,2026-04-27T08:37:03.230Z,S20260427_093533,SC01,AUTO,17.7052,89.9478,0.0611,stabilize,1,1500,VIDE,0.0,0.09,0.0,4.253904,-0.698132,-0.0,1,0,18.394,16.624,0.0,0.09,0.0,3.5,4.9,2.0,0.5,0.05,1,0.7539,0.6461,0.0
1403,2026-04-27T08:37:03.291Z,S20260427_093533,SC01,AUTO,17.7663,90.0089,0.0611,stabilize,1,1500,VIDE,0.0,0.09,0.0,4.265321,-0.698132,-0.0,1,0,20.491,16.457,0.0,0.09,0.0,3.5,4.9,2.0,0.5,0.05,1,0.76532,0.63468,0.0
1404,2026-04-27T08:37:03.367Z,S20260427_093533,SC01,AUTO,17.8426,90.0852,0.0763,stabilize,1,1500,VIDE,0.0,0.09,0.0,4.282443,-0.698132,0.0,1,0,29.037,19.473,0.0,0.09,0.0,3.5,4.9,2.0,0.5,0.05,1,0.78244,0.61756,0.0
1405,2026-04-27T08:37:03.427Z,S20260427_093533,SC01,AUTO,17.9027,90.1453,0.0602,stabilize,1,1500,VIDE,0.0,0.09,0.0,4.293855,-0.698132,0.0,1,0,29.189,19.69,0.0,0.09,0.0,3.5,4.9,2.0,0.5,0.05,1,0.79385,0.60615,0.0
1406,2026-04-27T08:37:03.488Z,S20260427_093533,SC01,AUTO,17.9631,90.2057,0.0603,stabilize,1,1500,VIDE,0.0,0.09,0.0,4.305265,-0.698132,-0.0,1,0,26.999,19.789,0.0,0.09,0.0,3.5,4.9,2.0,0.5,0.05,1,0.80527,0.59473,0.0
1407,2026-04-27T08:37:03.550Z,S20260427_093533,SC01,AUTO,18.0257,90.2683,0.0627,stabilize,1,1500,VIDE,0.0,0.09,0.0,4.316674,-0.698132,0.0,1,0,29.72,19.276,0.0,0.09,0.0,3.5,4.9,2.0,0.5,0.05,1,0.81667,0.58333,0.0
1408,2026-04-27T08:37:03.612Z,S20260427_093533,SC01,AUTO,18.0871,90.3297,0.0614,stabilize,1,1500,VIDE,0.0,0.09,0.0,4.328082,-0.698132,0.0,1,0,27.776,17.543,0.0,0.09,0.0,3.5,4.9,2.0,0.5,0.05,1,0.82808,0.57192,0.0
1409,2026-04-27T08:37:03.674Z,S20260427_093533,SC01,AUTO,18.1492,90.3918,0.0621,stabilize,1,1500,VIDE,0.0,0.09,0.0,4.339487,-0.698132,-0.0,1,0,27.198,16.11,0.0,0.09,0.0,3.5,4.9,2.0,0.5,0.05,1,0.83949,0.56051,0.0
1410,2026-04-27T08:37:03.734Z,S20260427_093533,SC01,AUTO,18.2097,90.4523,0.0605,stabilize,1,1500,VIDE,0.0,0.09,0.0,4.350891,-0.698132,0.0,1,0,24.914,19.073,0.0,0.09,0.0,3.5,4.9,2.0,0.5,0.05,1,0.85089,0.54911,0.0
1411,2026-04-27T08:37:03.794Z,S20260427_093533,SC01,AUTO,18.2697,90.5123,0.06,stabilize,1,1500,VIDE,0.0,0.09,0.0,4.362293,-0.698132,-0.0,1,0,26.591,18.671,0.0,0.09,0.0,3.5,4.9,2.0,0.5,0.05,1,0.86229,0.53771,0.0
1412,2026-04-27T08:37:03.854Z,S20260427_093533,SC01,AUTO,18.3298,90.5724,0.0601,stabilize,1,1500,VIDE,0.0,0.09,0.0,4.373693,-0.698132,-0.0,1,0,26.409,19.331,0.0,0.09,0.0,3.5,4.9,2.0,0.5,0.05,1,0.87369,0.52631,0.0
1413,2026-04-27T08:37:03.917Z,S20260427_093533,SC01,AUTO,18.3926,90.6352,0.0627,stabilize,1,1500,VIDE,0.0,0.09,0.0,4.385092,-0.698132,-0.0,1,0,26.192,19.104,0.0,0.09,0.0,3.5,4.9,2.0,0.5,0.05,1,0.88509,0.51491,0.0
1414,2026-04-27T08:37:03.980Z,S20260427_093533,SC01,AUTO,18.4549,90.6975,0.0623,stabilize,1,1500,VIDE,0.0,0.09,0.0,4.396489,-0.698132,-0.0,1,0,25.809,19.768,0.0,0.09,0.0,3.5,4.9,2.0,0.5,0.05,1,0.89649,0.50351,0.0
1415,2026-04-27T08:37:04.054Z,S20260427_093533,SC01,AUTO,18.5298,90.7724,0.0749,stabilize,1,1500,VIDE,0.0,0.09,0.0,4.41358,-0.698132,0.0,1,0,14.585,19.285,0.0,0.09,0.0,3.5,4.9,2.0,0.5,0.05,1,0.91358,0.48642,0.0
1416,2026-04-27T08:37:04.114Z,S20260427_093533,SC01,AUTO,18.5894,90.832,0.0596,stabilize,1,1500,VIDE,0.0,0.09,0.0,4.424973,-0.698132,0.0,1,0,13.82,19.515,0.0,0.09,0.0,3.5,4.9,2.0,0.5,0.05,1,0.92497,0.47503,0.0
1417,2026-04-27T08:37:04.166Z,S20260427_093533,SC01,AUTO,18.6409,90.8835,0.0515,stabilize,1,1500,VIDE,0.0,0.09,0.0,4.434465,-0.698132,-0.0,1,0,30.296,0.87,0.0,0.09,0.0,3.5,4.9,2.0,0.5,0.05,1,0.93447,0.46553,0.0
1418,2026-04-27T08:37:04.229Z,S20260427_093533,SC01,AUTO,18.7044,90.947,0.0635,stabilize,1,1500,VIDE,0.0,0.09,0.0,4.447752,-0.698132,-0.0,1,0,10.092,19.781,0.0,0.09,0.0,3.5,4.9,2.0,0.5,0.05,1,0.94775,0.45225,0.0
1419,2026-04-27T08:37:04.291Z,S20260427_093533,SC01,AUTO,18.766,91.0086,0.0616,stabilize,1,1500,VIDE,0.0,0.09,0.0,4.45914,-0.698132,0.0,1,0,9.297,19.8,0.0,0.09,0.0,3.5,4.9,2.0,0.5,0.05,1,0.95914,0.44086,0.0
1420,2026-04-27T08:37:04.354Z,S20260427_093533,SC01,AUTO,18.8292,91.0718,0.0632,stabilize,1,1500,VIDE,0.0,0.09,0.0,4.470525,-0.698132,-0.0,1,0,29.052,17.495,0.0,0.09,0.0,3.5,4.9,2.0,0.5,0.05,1,0.97053,0.42947,0.0
1421,2026-04-27T08:37:04.415Z,S20260427_093533,SC01,AUTO,18.8904,91.133,0.0612,stabilize,1,1500,VIDE,0.0,0.09,0.0,4.481909,-0.698132,0.0,1,0,24.169,18.614,0.0,0.09,0.0,3.5,4.9,2.0,0.5,0.05,1,0.98191,0.41809,0.0
1422,2026-04-27T08:37:04.478Z,S20260427_093533,SC01,AUTO,18.9536,91.1962,0.0632,stabilize,1,1500,VIDE,0.0,0.09,0.0,4.493291,-0.698132,-0.0,1,0,22.623,19.638,0.0,0.09,0.0,3.5,4.9,2.0,0.5,0.05,1,0.99329,0.40671,0.0
1423,2026-04-27T08:37:04.543Z,S20260427_093533,SC01,AUTO,19.0186,91.2612,0.065,stabilize,1,1500,VIDE,0.0,0.09,0.0,4.504671,-0.698132,-0.0,1,0,20.805,19.374,0.0,0.09,0.0,3.5,4.9,2.0,0.5,0.05,1,1.00467,0.39533,0.0
1424,2026-04-27T08:37:04.604Z,S20260427_093533,SC01,AUTO,19.0793,91.3219,0.0606,stabilize,1,1500,VIDE,0.0,0.09,0.0,4.519842,-0.698132,-0.0,1,0,29.685,1.193,0.0,0.09,0.0,3.5,4.9,2.0,0.5,0.05,1,1.01984,0.38016,0.0
1425,2026-04-27T08:37:04.674Z,S20260427_093533,SC01,AUTO,19.1493,91.3919,0.0701,stabilize,1,1500,VIDE,0.0,0.09,0.0,4.533113,-0.698132,-0.0,1,0,8.954,19.6,0.0,0.09,0.0,3.5,4.9,2.0,0.5,0.05,1,1.03311,0.36689,0.0
1426,2026-04-27T08:37:04.734Z,S20260427_093533,SC01,AUTO,19.209,91.4516,0.0598,stabilize,1,1500,VIDE,0.0,0.09,0.0,4.544487,-0.698132,0.0,1,0,28.094,19.339,0.0,0.09,0.0,3.5,4.9,2.0,0.5,0.05,1,1.04449,0.35551,0.0
1427,2026-04-27T08:37:04.794Z,S20260427_093533,SC01,AUTO,19.2689,91.5115,0.0599,stabilize,1,1500,VIDE,0.0,0.09,0.0,4.555859,-0.698132,0.0,1,0,26.016,19.54,0.0,0.09,0.0,3.5,4.9,2.0,0.5,0.05,1,1.05586,0.34414,0.0
1428,2026-04-27T08:37:04.855Z,S20260427_093533,SC01,AUTO,19.3299,91.5725,0.061,stabilize,1,1500,VIDE,0.0,0.09,0.0,4.56723,-0.698132,0.0,1,0,25.859,19.487,0.0,0.09,0.0,3.5,4.9,2.0,0.5,0.05,1,1.06723,0.33277,0.0
1429,2026-04-27T08:37:04.923Z,S20260427_093533,SC01,AUTO,19.3981,91.6407,0.0682,stabilize,1,1500,VIDE,0.0,0.09,0.0,4.578598,-0.698132,0.0,1,0,24.088,19.526,0.0,0.09,0.0,3.5,4.9,2.0,0.5,0.05,1,1.0786,0.3214,0.0
1430,2026-04-27T08:37:04.982Z,S20260427_093533,SC01,AUTO,19.4578,91.7004,0.0597,stabilize,1,1500,VIDE,0.0,0.09,0.0,4.589965,-0.698132,0.0,1,0,24.877,19.384,0.0,0.09,0.0,3.5,4.9,2.0,0.5,0.05,1,1.08996,0.31004,0.0
1431,2026-04-27T08:37:05.044Z,S20260427_093533,SC01,AUTO,19.5191,91.7617,0.0613,stabilize,1,1500,VIDE,0.0,0.09,0.0,4.60133,-0.698132,0.0,1,0,25.613,19.228,0.0,0.09,0.0,3.5,4.9,2.0,0.5,0.05,1,1.10133,0.29867,0.0
1432,2026-04-27T08:37:05.105Z,S20260427_093533,SC01,AUTO,19.5809,91.8235,0.0617,stabilize,1,1500,VIDE,0.0,0.09,0.0,4.61648,-0.698132,0.0,1,0,29.989,1.138,0.0,0.09,0.0,3.5,4.9,2.0,0.5,0.05,1,1.11648,0.28352,0.0
1433,2026-04-27T08:37:05.166Z,S20260427_093533,SC01,AUTO,19.6413,91.8839,0.0605,stabilize,1,1500,VIDE,0.0,0.09,0.0,4.629734,-0.698132,-0.0,1,0,7.91,19.832,0.0,0.09,0.0,3.5,4.9,2.0,0.5,0.05,1,1.12973,0.27027,0.0
1434,2026-04-27T08:37:05.228Z,S20260427_093533,SC01,AUTO,19.7031,91.9457,0.0618,stabilize,1,1500,VIDE,0.0,0.09,0.0,4.641092,-0.698132,-0.0,1,0,26.922,19.613,0.0,0.09,0.0,3.5,4.9,2.0,0.5,0.05,1,1.14109,0.25891,0.0
1435,2026-04-27T08:37:05.294Z,S20260427_093533,SC01,AUTO,19.7697,92.0123,0.0667,stabilize,1,1500,VIDE,0.0,0.09,0.0,4.652449,-0.698132,-0.0,1,0,26.473,19.337,0.0,0.09,0.0,3.5,4.9,2.0,0.5,0.05,1,1.15245,0.24755,0.0
1436,2026-04-27T08:37:05.358Z,S20260427_093533,SC01,AUTO,19.8335,92.0761,0.0638,stabilize,1,1500,VIDE,0.0,0.09,0.0,4.663804,-0.698132,-0.0,1,0,24.916,19.041,0.0,0.09,0.0,3.5,4.9,2.0,0.5,0.05,1,1.1638,0.2362,0.0
1437,2026-04-27T08:37:05.425Z,S20260427_093533,SC01,AUTO,19.9006,92.1432,0.067,stabilize,1,1500,VIDE,0.0,0.09,0.0,4.677049,-0.698132,-0.0,1,0,30.249,10.177,0.0,0.09,0.0,3.5,4.9,2.0,0.5,0.05,1,1.17705,0.22295,0.0
1438,2026-04-27T08:37:05.485Z,S20260427_093533,SC01,AUTO,19.9605,92.2031,0.0599,stabilize,1,1500,VIDE,0.0,0.09,0.0,4.690291,-0.698132,0.0,1,0,30.066,0.914,0.0,0.09,0.0,3.5,4.9,2.0,0.5,0.05,1,1.19029,0.20971,0.0
1439,2026-04-27T08:37:05.547Z,S20260427_093533,SC01,AUTO,20.0219,92.2645,0.0615,stabilize,1,1500,VIDE,0.0,0.09,0.0,4.703532,-0.698132,-0.0,1,0,8.156,19.489,0.0,0.09,0.0,3.5,4.9,2.0,0.5,0.05,1,1.20353,0.19647,0.0
1440,2026-04-27T08:37:05.607Z,S20260427_093533,SC01,AUTO,20.0828,92.3254,0.0608,stabilize,1,1500,VIDE,0.0,0.09,0.0,4.714878,-0.698132,0.0,1,0,25.179,19.442,0.0,0.09,0.0,3.5,4.9,2.0,0.5,0.05,1,1.21488,0.18512,0.0
1441,2026-04-27T08:37:05.668Z,S20260427_093533,SC01,AUTO,20.1435,92.3861,0.0608,stabilize,1,1500,VIDE,0.0,0.09,0.0,4.726223,-0.698132,-0.0,1,0,29.04,19.253,0.0,0.09,0.0,3.5,4.9,2.0,0.5,0.05,1,1.22622,0.17378,0.0
1442,2026-04-27T08:37:05.730Z,S20260427_093533,SC01,AUTO,20.2055,92.4481,0.062,stabilize,1,1500,VIDE,0.0,0.09,0.0,4.737566,-0.698132,0.0,1,0,28.981,19.43,0.0,0.09,0.0,3.5,4.9,2.0,0.5,0.05,1,1.23757,0.16243,0.0
1443,2026-04-27T08:37:05.792Z,S20260427_093533,SC01,AUTO,20.2673,92.5099,0.0617,stabilize,1,1500,VIDE,0.0,0.09,0.0,4.748907,-0.698132,0.0,1,0,27.888,17.973,0.0,0.09,0.0,3.5,4.9,2.0,0.5,0.05,1,1.24891,0.15109,0.0
1444,2026-04-27T08:37:05.853Z,S20260427_093533,SC01,AUTO,20.3281,92.5707,0.0608,stabilize,1,1500,VIDE,0.0,0.09,0.0,4.760246,-0.698132,-0.0,1,0,26.722,16.153,0.0,0.09,0.0,3.5,4.9,2.0,0.5,0.05,1,1.26025,0.13975,0.0
1445,2026-04-27T08:37:05.915Z,S20260427_093533,SC01,AUTO,20.3908,92.6334,0.0627,stabilize,1,1500,VIDE,0.0,0.09,0.0,4.771584,-0.698132,-0.0,1,0,21.129,19.357,0.0,0.09,0.0,3.5,4.9,2.0,0.5,0.05,1,1.27158,0.12842,0.0
1446,2026-04-27T08:37:05.977Z,S20260427_093533,SC01,AUTO,20.4528,92.6954,0.0619,stabilize,1,1500,VIDE,0.0,0.09,0.0,4.782919,-0.698132,0.0,1,0,19.787,19.539,0.0,0.09,0.0,3.5,4.9,2.0,0.5,0.05,1,1.28292,0.11708,0.0
1447,2026-04-27T08:37:06.055Z,S20260427_093533,SC01,AUTO,20.5299,92.7725,0.0771,stabilize,1,1500,VIDE,0.0,0.09,0.0,4.799919,-0.698132,0.0,1,0,22.578,19.401,0.0,0.09,0.0,3.5,4.9,2.0,0.5,0.05,1,1.29992,0.10008,0.0
1448,2026-04-27T08:37:06.114Z,S20260427_093533,SC01,AUTO,20.5894,92.832,0.0594,stabilize,1,1500,VIDE,0.0,0.09,0.0,4.81125,-0.698132,0.0,1,0,21.312,17.466,0.0,0.09,0.0,3.5,4.9,2.0,0.5,0.05,1,1.31125,0.08875,0.0
1449,2026-04-27T08:37:06.174Z,S20260427_093533,SC01,AUTO,20.6497,92.8923,0.0603,stabilize,1,1500,VIDE,0.0,0.09,0.0,4.822579,-0.698132,0.0,1,0,17.391,19.509,0.0,0.09,0.0,3.5,4.9,2.0,0.5,0.05,1,1.32258,0.07742,0.0
1450,2026-04-27T08:37:06.234Z,S20260427_093533,SC01,AUTO,20.7097,92.9523,0.06,stabilize,1,1500,VIDE,0.0,0.09,0.0,4.833906,-0.698132,-0.0,1,0,13.195,19.388,0.0,0.09,0.0,3.5,4.9,2.0,0.5,0.05,1,1.33391,0.06609,0.0
1451,2026-04-27T08:37:06.294Z,S20260427_093533,SC01,AUTO,20.7694,93.012,0.0598,stabilize,1,1500,VIDE,0.0,0.09,0.0,4.850893,-0.698132,-0.0,1,0,19.468,19.446,0.0,0.09,0.0,3.5,4.9,2.0,0.5,0.05,1,1.35089,0.04911,0.0
1452,2026-04-27T08:37:06.355Z,S20260427_093533,SC01,AUTO,20.8306,93.0732,0.0611,stabilize,1,1500,VIDE,0.0,0.09,0.0,4.862215,-0.698132,0.0,1,0,15.354,19.231,0.0,0.09,0.0,3.5,4.9,2.0,0.5,0.05,1,1.36222,0.03778,0.0
1453,2026-04-27T08:37:06.425Z,S20260427_093533,SC01,AUTO,20.9006,93.1432,0.07,stabilize,1,1500,VIDE,0.0,0.09,0.0,4.873536,-0.698132,0.0,1,0,10.672,20.124,0.0,0.09,0.0,3.5,4.9,2.0,0.5,0.05,1,1.37354,0.02646,0.0
1454,2026-04-27T08:37:06.487Z,S20260427_093533,SC01,AUTO,20.9622,93.2048,0.0616,stabilize,1,1500,VIDE,0.0,0.09,0.0,4.884854,-0.698132,0.0,1,0,27.933,19.644,0.0,0.09,0.0,3.5,4.9,2.0,0.5,0.05,1,1.38485,0.01515,0.0
1455,2026-04-27T08:37:06.550Z,S20260427_093533,SC01,AUTO,21.025,93.2676,0.0628,stabilize,1,1500,VIDE,0.0,0.09,0.0,4.901828,-0.698132,0.0,1,0,11.533,19.672,0.0,0.09,0.0,3.5,4.9,2.0,0.5,0.05,0,1.40183,-0.00183,0.0
1456,2026-04-27T08:37:06.612Z,S20260427_093533,SC01,AUTO,21.087,93.3296,0.062,stabilize,1,1500,VIDE,0.0,0.09,0.0,4.913142,-0.698132,-0.0,1,0,7.575,18.896,0.0,0.09,0.0,3.5,4.9,2.0,0.5,0.05,0,1.41314,-0.01314,0.0
1457,2026-04-27T08:37:06.675Z,S20260427_093533,SC01,AUTO,21.1502,93.3928,0.0632,stabilize,1,1500,VIDE,0.0,0.09,0.0,4.924454,-0.698132,0.0,1,0,21.698,15.138,0.0,0.09,0.0,3.5,4.9,2.0,0.5,0.05,0,1.42445,-0.02445,0.0
1458,2026-04-27T08:37:06.734Z,S20260427_093533,SC01,AUTO,21.2098,93.4524,0.0596,stabilize,1,1500,VIDE,0.0,0.09,0.0,4.935764,-0.698132,-0.0,1,0,18.391,17.103,0.0,0.09,0.0,3.5,4.9,2.0,0.5,0.05,0,1.43576,-0.03576,0.0
1459,2026-04-27T08:37:06.794Z,S20260427_093533,SC01,AUTO,21.2694,93.512,0.0596,stabilize,1,1500,VIDE,0.0,0.09,0.0,4.947072,-0.698132,-0.0,1,0,17.066,18.701,0.0,0.09,0.0,3.5,4.9,2.0,0.5,0.05,0,1.44707,-0.04707,0.0
1460,2026-04-27T08:37:06.854Z,S20260427_093533,SC01,AUTO,21.3298,93.5724,0.0604,stabilize,1,1500,VIDE,0.0,0.09,0.0,4.964031,-0.698132,-0.0,1,0,17.574,18.863,0.0,0.09,0.0,3.5,4.9,2.0,0.5,0.05,0,1.46403,-0.06403,0.0
1461,2026-04-27T08:37:06.923Z,S20260427_093533,SC01,AUTO,21.3979,93.6405,0.068,stabilize,1,1500,VIDE,0.0,0.09,0.0,4.975334,-0.698132,0.0,1,0,12.363,19.451,0.0,0.09,0.0,3.5,4.9,2.0,0.5,0.05,0,1.47533,-0.07533,0.0
1462,2026-04-27T08:37:06.985Z,S20260427_093533,SC01,AUTO,21.4606,93.7032,0.0627,stabilize,1,1500,VIDE,0.0,0.09,0.0,4.986635,-0.698132,-0.0,1,0,9.122,19.658,0.0,0.09,0.0,3.5,4.9,2.0,0.5,0.05,0,1.48664,-0.08664,0.0
1463,2026-04-27T08:37:07.048Z,S20260427_093533,SC01,AUTO,21.5236,93.7662,0.063,stabilize,1,1500,VIDE,0.0,0.09,0.0,4.999818,-0.698132,-0.0,1,0,32.068,7.616,0.0,0.09,0.0,3.5,4.9,2.0,0.5,0.05,0,1.49982,-0.09982,0.0
1464,2026-04-27T08:37:07.110Z,S20260427_093533,SC01,AUTO,21.5852,93.8278,0.0615,stabilize,1,1500,VIDE,0.0,0.09,0.0,5.01488,-0.698132,-0.0,1,0,9.784,19.757,0.0,0.09,0.0,3.5,4.9,2.0,0.5,0.05,0,1.51488,-0.11488,0.0
1465,2026-04-27T08:37:07.172Z,S20260427_093533,SC01,AUTO,21.6476,93.8902,0.0625,stabilize,1,1500,VIDE,0.0,0.09,0.0,5.026175,-0.698132,-0.0,1,0,6.274,19.278,0.0,0.09,0.0,3.5,4.9,2.0,0.5,0.05,0,1.52618,-0.12618,0.0
1466,2026-04-27T08:37:07.235Z,S20260427_093533,SC01,AUTO,21.71,93.9526,0.0624,stabilize,1,1500,VIDE,0.0,0.09,0.0,5.037467,-0.698132,-0.0,1,0,20.887,14.99,0.0,0.09,0.0,3.5,4.9,2.0,0.5,0.05,0,1.53747,-0.13747,0.0
1467,2026-04-27T08:37:07.294Z,S20260427_093533,SC01,AUTO,21.7696,94.0122,0.0597,stabilize,1,1500,VIDE,0.0,0.09,0.0,5.052521,-0.698132,0.0,1,0,40.057,0.78,0.0,0.09,0.0,3.5,4.9,2.0,0.5,0.05,0,1.55252,-0.15252,0.0
1468,2026-04-27T08:37:07.355Z,S20260427_093533,SC01,AUTO,21.8305,94.0731,0.0609,stabilize,1,1500,VIDE,0.0,0.09,0.0,5.065691,-0.698132,-0.0,1,0,16.045,19.749,0.0,0.09,0.0,3.5,4.9,2.0,0.5,0.05,0,1.56569,-0.16569,0.0
1469,2026-04-27T08:37:07.421Z,S20260427_093533,SC01,AUTO,21.8966,94.1392,0.0661,stabilize,1,1500,VIDE,0.0,0.09,0.0,5.076976,-0.698132,-0.0,1,0,13.636,18.634,0.0,0.09,0.0,3.5,4.9,2.0,0.5,0.05,0,1.57698,-0.17698,0.0
1470,2026-04-27T08:37:07.484Z,S20260427_093533,SC01,AUTO,21.9595,94.2021,0.0629,stabilize,1,1500,VIDE,0.0,0.09,0.0,5.08826,-0.698132,0.0,1,0,10.22,19.329,0.0,0.09,0.0,3.5,4.9,2.0,0.5,0.05,0,1.58826,-0.18826,0.0
1471,2026-04-27T08:37:07.546Z,S20260427_093533,SC01,AUTO,22.0218,94.2644,0.0623,hold,1,1500,VIDE,0.0,0.03,0.0,5.103302,-0.698132,0.0,1,0,31.514,1.012,0.0,0.03,0.0,4.2,4.9,2.0,0.5,0.05,0,0.9033,-0.2033,0.0
1472,2026-04-27T08:37:07.607Z,S20260427_093533,SC01,AUTO,22.0824,94.325,0.0606,hold,1,1500,VIDE,0.0,0.03,0.0,5.114571,-0.698132,0.0,1,0,7.876,19.819,0.0,0.03,0.0,4.2,4.9,2.0,0.5,0.05,0,0.91457,-0.21457,0.0
1473,2026-04-27T08:37:07.669Z,S20260427_093533,SC01,AUTO,22.1445,94.3871,0.0621,hold,1,1500,VIDE,0.0,0.03,0.0,5.121669,-0.698132,-0.0,1,0,23.967,19.435,0.0,0.03,0.0,4.2,4.9,2.0,0.5,0.05,0,0.92167,-0.22167,0.0
1474,2026-04-27T08:37:07.732Z,S20260427_093533,SC01,AUTO,22.2071,94.4496,0.0625,hold,1,1500,VIDE,0.0,0.03,0.0,5.126939,-0.698132,0.0,1,0,20.531,18.485,0.0,0.03,0.0,4.2,4.9,2.0,0.5,0.05,0,0.92694,-0.22694,0.0
1475,2026-04-27T08:37:07.792Z,S20260427_093533,SC01,AUTO,22.267,94.5096,0.06,hold,1,1500,VIDE,0.0,0.03,0.0,5.130775,-0.698132,0.0,1,0,17.355,13.628,0.0,0.03,0.0,4.2,4.9,2.0,0.5,0.05,0,0.93077,-0.23077,0.0
1476,2026-04-27T08:37:07.853Z,S20260427_093533,SC01,AUTO,22.328,94.5706,0.0609,hold,1,1500,VIDE,0.0,0.03,0.0,5.133486,-0.698132,0.0,1,0,13.278,16.122,0.0,0.03,0.0,4.2,4.9,2.0,0.5,0.05,0,0.93349,-0.23349,0.0
1477,2026-04-27T08:37:07.929Z,S20260427_093533,SC01,AUTO,22.4042,94.6468,0.0762,hold,1,1500,VIDE,0.0,0.03,0.0,5.135962,-0.698132,0.0,1,0,13.504,19.756,0.0,0.03,0.0,4.2,4.9,2.0,0.5,0.05,0,0.93596,-0.23596,0.0
1478,2026-04-27T08:37:07.990Z,S20260427_093533,SC01,AUTO,22.4656,94.7082,0.0614,hold,1,1500,VIDE,0.0,0.03,0.0,5.136982,-0.698132,0.0,1,0,36.27,1.213,0.0,0.03,0.0,4.2,4.9,2.0,0.5,0.05,0,0.93698,-0.23698,0.0
1479,2026-04-27T08:37:08.053Z,S20260427_093533,SC01,AUTO,22.528,94.7706,0.0624,hold,1,1500,VIDE,0.0,0.03,0.0,5.137219,-0.698132,0.0,1,0,13.405,19.223,0.0,0.03,0.0,4.2,4.9,2.0,0.5,0.05,0,0.93722,-0.23722,0.0
1480,2026-04-27T08:37:08.113Z,S20260427_093533,SC01,AUTO,22.588,94.8306,0.0601,hold,1,1500,VIDE,0.0,0.03,0.0,5.137055,-0.698132,0.0,1,0,7.864,19.654,0.0,0.03,0.0,4.2,4.9,2.0,0.5,0.05,0,0.93706,-0.23706,0.0
1481,2026-04-27T08:37:08.175Z,S20260427_093533,SC01,AUTO,22.6499,94.8925,0.0619,hold,1,1500,VIDE,0.0,0.03,0.0,5.13663,-0.698132,0.0,1,0,21.864,19.55,0.0,0.03,0.0,4.2,4.9,2.0,0.5,0.05,0,0.93663,-0.23663,0.0
1482,2026-04-27T08:37:08.235Z,S20260427_093533,SC01,AUTO,22.7099,94.9525,0.06,hold,1,1500,VIDE,0.0,0.03,0.0,5.135999,-0.698132,0.0,1,0,17.26,17.802,0.0,0.03,0.0,4.2,4.9,2.0,0.5,0.05,0,0.936,-0.236,0.0
1483,2026-04-27T08:37:08.294Z,S20260427_093533,SC01,AUTO,22.7692,95.0118,0.0593,hold,1,1500,VIDE,0.0,0.03,0.0,5.134762,-0.698132,-0.0,1,0,20.092,19.208,0.0,0.03,0.0,4.2,4.9,2.0,0.5,0.05,0,0.93476,-0.23476,0.0
1484,2026-04-27T08:37:08.359Z,S20260427_093533,SC01,AUTO,22.8342,95.0768,0.065,hold,1,1500,VIDE,0.0,0.03,0.0,5.133791,-0.698132,0.0,1,0,20.175,18.086,0.0,0.03,0.0,4.2,4.9,2.0,0.5,0.05,0,0.93379,-0.23379,0.0
1485,2026-04-27T08:37:08.420Z,S20260427_093533,SC01,AUTO,22.895,95.1376,0.0608,hold,1,1500,VIDE,0.0,0.03,0.0,5.133095,-0.698132,-0.0,1,0,44.195,30.242,0.0,0.03,0.0,4.2,4.9,2.0,0.5,0.05,0,0.93309,-0.23309,0.0
1486,2026-04-27T08:37:08.481Z,S20260427_093533,SC01,AUTO,22.9559,95.1985,0.0609,hold,1,1500,VIDE,0.0,0.03,0.0,5.131607,-0.698132,-0.0,1,0,22.368,19.37,0.0,0.03,0.0,4.2,4.9,2.0,0.5,0.05,0,0.93161,-0.23161,0.0
1487,2026-04-27T08:37:08.543Z,S20260427_093533,SC01,AUTO,23.0182,95.2608,0.0622,hold,1,1500,VIDE,0.0,0.03,0.0,5.130426,-0.698132,0.0,1,0,13.953,19.569,0.0,0.03,0.0,4.2,4.9,2.0,0.5,0.05,0,0.93043,-0.23043,0.0
1488,2026-04-27T08:37:08.614Z,S20260427_093533,SC01,AUTO,23.0894,95.332,0.0713,hold,1,1500,VIDE,0.0,0.03,0.0,5.12858,-0.698132,0.0,1,0,18.969,19.498,0.0,0.03,0.0,4.2,4.9,2.0,0.5,0.05,0,0.92858,-0.22858,0.0
1489,2026-04-27T08:37:08.674Z,S20260427_093533,SC01,AUTO,23.1492,95.3917,0.0598,hold,1,1500,VIDE,0.0,0.03,0.0,5.12731,-0.698132,-0.0,1,0,14.969,19.078,0.0,0.03,0.0,4.2,4.9,2.0,0.5,0.05,0,0.92731,-0.22731,0.0
1490,2026-04-27T08:37:08.734Z,S20260427_093533,SC01,AUTO,23.2093,95.4519,0.0601,hold,1,1500,VIDE,0.0,0.03,0.0,5.126018,-0.698132,-0.0,1,0,9.868,19.373,0.0,0.03,0.0,4.2,4.9,2.0,0.5,0.05,0,0.92602,-0.22602,0.0
1491,2026-04-27T08:37:08.794Z,S20260427_093533,SC01,AUTO,23.2695,95.5121,0.0602,hold,1,1500,VIDE,0.0,0.03,0.0,5.124708,-0.698132,-0.0,1,0,7.714,19.878,0.0,0.03,0.0,4.2,4.9,2.0,0.5,0.05,0,0.92471,-0.22471,0.0
1492,2026-04-27T08:37:08.854Z,S20260427_093533,SC01,AUTO,23.3293,95.5719,0.0598,hold,1,1500,VIDE,0.0,0.03,0.0,5.123384,-0.698132,-0.0,1,0,25.477,19.178,0.0,0.03,0.0,4.2,4.9,2.0,0.5,0.05,0,0.92338,-0.22338,0.0
1493,2026-04-27T08:37:08.929Z,S20260427_093533,SC01,AUTO,23.4047,95.6473,0.0753,hold,1,1500,VIDE,0.0,0.03,0.0,5.121378,-0.698132,0.0,1,0,25.53,19.732,0.0,0.03,0.0,4.2,4.9,2.0,0.5,0.05,0,0.92138,-0.22138,0.0
1494,2026-04-27T08:37:08.992Z,S20260427_093533,SC01,AUTO,23.4671,95.7097,0.0624,hold,1,1500,VIDE,0.0,0.03,0.0,5.120031,-0.698132,0.0,1,0,20.814,18.585,0.0,0.03,0.0,4.2,4.9,2.0,0.5,0.05,0,0.92003,-0.22003,0.0
1495,2026-04-27T08:37:09.055Z,S20260427_093533,SC01,AUTO,23.5304,95.773,0.0632,hold,1,1500,VIDE,0.0,0.03,0.0,5.118453,-0.698132,0.0,1,0,39.249,24.281,0.0,0.03,0.0,4.2,4.9,2.0,0.5,0.05,0,0.91845,-0.21845,0.0
1496,2026-04-27T08:37:09.114Z,S20260427_093533,SC01,AUTO,23.5894,95.832,0.0591,hold,1,1500,VIDE,0.0,0.03,0.0,5.116641,-0.698132,-0.0,1,0,17.551,19.254,0.0,0.03,0.0,4.2,4.9,2.0,0.5,0.05,0,0.91664,-0.21664,0.0
1497,2026-04-27T08:37:09.174Z,S20260427_093533,SC01,AUTO,23.6493,95.8919,0.06,hold,1,1500,VIDE,0.0,0.03,0.0,5.115279,-0.698132,-0.0,1,0,9.805,19.471,0.0,0.03,0.0,4.2,4.9,2.0,0.5,0.05,0,0.91528,-0.21528,0.0
1498,2026-04-27T08:37:09.234Z,S20260427_093533,SC01,AUTO,23.7096,95.9522,0.0603,hold,1,1500,VIDE,0.0,0.03,0.0,5.113914,-0.698132,-0.0,1,0,23.839,19.385,0.0,0.03,0.0,4.2,4.9,2.0,0.5,0.05,0,0.91391,-0.21391,0.0
1499,2026-04-27T08:37:09.294Z,S20260427_093533,SC01,AUTO,23.7697,96.0123,0.06,hold,1,1500,VIDE,0.0,0.03,0.0,5.112547,-0.698132,0.0,1,0,17.635,19.42,0.0,0.03,0.0,4.2,4.9,2.0,0.5,0.05,0,0.91255,-0.21255,0.0
1500,2026-04-27T08:37:09.355Z,S20260427_093533,SC01,AUTO,23.8299,96.0725,0.0603,hold,1,1500,VIDE,0.0,0.03,0.0,5.110496,-0.698132,0.0,1,0,16.331,19.884,0.0,0.03,0.0,4.2,4.9,2.0,0.5,0.05,0,0.9105,-0.2105,0.0
1501,2026-04-27T08:37:09.427Z,S20260427_093533,SC01,AUTO,23.9028,96.1454,0.0728,hold,1,1500,VIDE,0.0,0.03,0.0,5.108898,-0.698132,0.0,1,0,33.264,22.037,0.0,0.03,0.0,4.2,4.9,2.0,0.5,0.05,0,0.9089,-0.2089,0.0
1502,2026-04-27T08:37:09.490Z,S20260427_093533,SC01,AUTO,23.965,96.2076,0.0622,hold,1,1500,VIDE,0.0,0.03,0.0,5.107071,-0.698132,-0.0,1,0,7.537,19.896,0.0,0.03,0.0,4.2,4.9,2.0,0.5,0.05,0,0.90707,-0.20707,0.0
1503,2026-04-27T08:37:09.552Z,S20260427_093533,SC01,AUTO,24.0272,96.2698,0.0622,hold,1,1500,VIDE,0.0,0.03,0.0,5.105701,-0.698132,-0.0,1,0,20.422,18.859,0.0,0.03,0.0,4.2,4.9,2.0,0.5,0.05,0,0.9057,-0.2057,0.0
1504,2026-04-27T08:37:09.613Z,S20260427_093533,SC01,AUTO,24.0889,96.3315,0.0615,hold,1,1500,VIDE,0.0,0.03,0.0,5.10433,-0.698132,0.0,1,0,21.427,14.59,0.0,0.03,0.0,4.2,4.9,2.0,0.5,0.05,0,0.90433,-0.20433,0.0
1505,2026-04-27T08:37:09.675Z,S20260427_093533,SC01,AUTO,24.15,96.3926,0.0613,hold,1,1500,VIDE,0.0,0.03,0.0,5.102274,-0.698132,-0.0,1,0,19.436,19.313,0.0,0.03,0.0,4.2,4.9,2.0,0.5,0.05,0,0.90227,-0.20227,0.0
1506,2026-04-27T08:37:09.734Z,S20260427_093533,SC01,AUTO,24.2097,96.4523,0.0597,hold,1,1500,VIDE,0.0,0.03,0.0,5.100903,-0.698132,0.0,1,0,10.965,19.502,0.0,0.03,0.0,4.2,4.9,2.0,0.5,0.05,0,0.9009,-0.2009,0.0
1507,2026-04-27T08:37:09.794Z,S20260427_093533,SC01,AUTO,24.2692,96.5118,0.0595,hold,1,1500,VIDE,0.0,0.03,0.0,5.099532,-0.698132,0.0,1,0,25.526,19.486,0.0,0.03,0.0,4.2,4.9,2.0,0.5,0.05,0,0.89953,-0.19953,0.0
1508,2026-04-27T08:37:09.854Z,S20260427_093533,SC01,AUTO,24.3298,96.5724,0.0605,hold,1,1500,VIDE,0.0,0.03,0.0,5.098161,-0.698132,0.0,1,0,17.47,19.53,0.0,0.03,0.0,4.2,4.9,2.0,0.5,0.05,0,0.89816,-0.19816,0.0
1509,2026-04-27T08:37:09.924Z,S20260427_093533,SC01,AUTO,24.3997,96.6423,0.0699,hold,1,1500,VIDE,0.0,0.03,0.0,5.096106,-0.698132,0.0,1,0,16.458,19.441,0.0,0.03,0.0,4.2,4.9,2.0,0.5,0.05,0,0.89611,-0.19611,0.0
1510,2026-04-27T08:37:09.986Z,S20260427_093533,SC01,AUTO,24.4611,96.7037,0.0614,hold,1,1500,VIDE,0.0,0.03,0.0,5.094735,-0.698132,-0.0,1,0,10.126,19.2,0.0,0.03,0.0,4.2,4.9,2.0,0.5,0.05,0,0.89474,-0.19474,0.0
1511,2026-04-27T08:37:10.048Z,S20260427_093533,SC01,AUTO,24.5237,96.7663,0.0627,hold,1,1500,VIDE,0.0,0.03,0.0,5.09268,-0.698132,0.0,1,0,9.17,19.641,0.0,0.03,0.0,4.2,4.9,2.0,0.5,0.05,0,0.89268,-0.19268,0.0
1512,2026-04-27T08:37:10.112Z,S20260427_093533,SC01,AUTO,24.5869,96.8295,0.0632,hold,1,1500,VIDE,0.0,0.03,0.0,5.09131,-0.698132,0.0,1,0,21.447,19.54,0.0,0.03,0.0,4.2,4.9,2.0,0.5,0.05,0,0.89131,-0.19131,0.0
1513,2026-04-27T08:37:10.173Z,S20260427_093533,SC01,AUTO,24.6488,96.8914,0.0619,hold,1,1500,VIDE,0.0,0.03,0.0,5.089255,-0.698132,0.0,1,0,19.065,18.938,0.0,0.03,0.0,4.2,4.9,2.0,0.5,0.05,0,0.88925,-0.18925,0.0
1514,2026-04-27T08:37:10.234Z,S20260427_093533,SC01,AUTO,24.7097,96.9523,0.0609,hold,1,1500,VIDE,0.0,0.03,0.0,5.087885,-0.698132,-0.0,1,0,11.633,19.703,0.0,0.03,0.0,4.2,4.9,2.0,0.5,0.05,0,0.88789,-0.18789,0.0
1515,2026-04-27T08:37:10.295Z,S20260427_093533,SC01,AUTO,24.7699,97.0125,0.0601,hold,1,1500,VIDE,0.0,0.03,0.0,5.086516,-0.698132,-0.0,1,0,22.576,18.911,0.0,0.03,0.0,4.2,4.9,2.0,0.5,0.05,0,0.88652,-0.18652,0.0
1516,2026-04-27T08:37:10.360Z,S20260427_093533,SC01,AUTO,24.8357,97.0783,0.0659,hold,1,1500,VIDE,0.0,0.03,0.0,5.084463,-0.698132,0.0,1,0,20.792,19.387,0.0,0.03,0.0,4.2,4.9,2.0,0.5,0.05,0,0.88446,-0.18446,0.0
1517,2026-04-27T08:37:10.421Z,S20260427_093533,SC01,AUTO,24.8968,97.1394,0.061,hold,1,1500,VIDE,0.0,0.03,0.0,5.083094,-0.698132,0.0,1,0,12.865,19.363,0.0,0.03,0.0,4.2,4.9,2.0,0.5,0.05,0,0.88309,-0.18309,0.0
1518,2026-04-27T08:37:10.486Z,S20260427_093533,SC01,AUTO,24.9609,97.2035,0.0641,hold,1,1500,VIDE,0.0,0.03,0.0,5.08127,-0.698132,0.0,1,0,31.522,1.214,0.0,0.03,0.0,4.2,4.9,2.0,0.5,0.05,0,0.88127,-0.18127,0.0
1519,2026-04-27T08:37:10.547Z,S20260427_093533,SC01,AUTO,25.0227,97.2653,0.0618,hold,1,1500,VIDE,0.0,0.03,0.0,5.079673,-0.698132,-0.0,1,0,6.36,19.521,0.0,0.03,0.0,4.2,4.9,2.0,0.5,0.05,0,0.87967,-0.17967,0.0
1520,2026-04-27T08:37:10.611Z,S20260427_093533,SC01,AUTO,25.0861,97.3287,0.0634,hold,1,1500,VIDE,0.0,0.03,0.0,5.078306,-0.698132,0.0,1,0,18.453,19.793,0.0,0.03,0.0,4.2,4.9,2.0,0.5,0.05,0,0.87831,-0.17831,0.0
1521,2026-04-27T08:37:10.672Z,S20260427_093533,SC01,AUTO,25.1478,97.3904,0.0616,hold,1,1500,VIDE,0.0,0.03,0.0,5.076254,-0.698132,-0.0,1,0,17.569,20.048,0.0,0.03,0.0,4.2,4.9,2.0,0.5,0.05,0,0.87625,-0.17625,0.0
1522,2026-04-27T08:37:10.734Z,S20260427_093533,SC01,AUTO,25.2098,97.4524,0.0621,hold,1,1500,VIDE,0.0,0.03,0.0,5.074887,-0.698132,0.0,1,0,10.455,19.24,0.0,0.03,0.0,4.2,4.9,2.0,0.5,0.05,0,0.87489,-0.17489,0.0
1523,2026-04-27T08:37:10.794Z,S20260427_093533,SC01,AUTO,25.2698,97.5124,0.06,hold,1,1500,VIDE,0.0,0.03,0.0,5.07352,-0.698132,0.0,1,0,22.608,17.941,0.0,0.03,0.0,4.2,4.9,2.0,0.5,0.05,0,0.87352,-0.17352,0.0
1524,2026-04-27T08:37:10.854Z,S20260427_093533,SC01,AUTO,25.3296,97.5722,0.0598,hold,1,1500,VIDE,0.0,0.03,0.0,5.071925,-0.698132,-0.0,1,0,40.118,23.281,0.0,0.03,0.0,4.2,4.9,2.0,0.5,0.05,0,0.87193,-0.17193,0.0
1525,2026-04-27T08:37:10.925Z,S20260427_093533,SC01,AUTO,25.4,97.6426,0.0703,hold,1,1500,VIDE,0.0,0.03,0.0,5.070103,-0.698132,-0.0,1,0,14.168,19.68,0.0,0.03,0.0,4.2,4.9,2.0,0.5,0.05,0,0.8701,-0.1701,0.0
1526,2026-04-27T08:37:10.986Z,S20260427_093533,SC01,AUTO,25.4612,97.7038,0.0613,hold,1,1500,VIDE,0.0,0.03,0.0,5.068054,-0.698132,0.0,1,0,11.345,19.43,0.0,0.03,0.0,4.2,4.9,2.0,0.5,0.05,0,0.86805,-0.16805,0.0
1527,2026-04-27T08:37:11.048Z,S20260427_093533,SC01,AUTO,25.5235,97.7661,0.0623,hold,1,1500,VIDE,0.0,0.03,0.0,5.066916,-0.698132,0.0,1,0,33.501,0.883,0.0,0.03,0.0,4.2,4.9,2.0,0.5,0.05,0,0.86692,-0.16692,0.0
1528,2026-04-27T08:37:11.111Z,S20260427_093533,SC01,AUTO,25.5863,97.8289,0.0628,hold,1,1500,VIDE,0.0,0.03,0.0,5.065322,-0.698132,-0.0,1,0,9.524,19.49,0.0,0.03,0.0,4.2,4.9,2.0,0.5,0.05,0,0.86532,-0.16532,0.0
1529,2026-04-27T08:37:11.174Z,S20260427_093533,SC01,AUTO,25.6492,97.8918,0.063,hold,1,1500,VIDE,0.0,0.03,0.0,5.063957,-0.698132,-0.0,1,0,19.887,17.709,0.0,0.03,0.0,4.2,4.9,2.0,0.5,0.05,0,0.86396,-0.16396,0.0
1530,2026-04-27T08:37:11.235Z,S20260427_093533,SC01,AUTO,25.7099,97.9525,0.0607,hold,1,1500,VIDE,0.0,0.03,0.0,5.061909,-0.698132,0.0,1,0,17.879,19.203,0.0,0.03,0.0,4.2,4.9,2.0,0.5,0.05,0,0.86191,-0.16191,0.0
1531,2026-04-27T08:37:11.294Z,S20260427_093533,SC01,AUTO,25.7697,98.0123,0.0597,hold,1,1500,VIDE,0.0,0.03,0.0,5.060544,-0.698132,-0.0,1,0,9.524,19.224,0.0,0.03,0.0,4.2,4.9,2.0,0.5,0.05,0,0.86054,-0.16054,0.0
1532,2026-04-27T08:37:11.366Z,S20260427_093533,SC01,AUTO,25.8409,98.0835,0.0713,hold,1,1500,VIDE,0.0,0.03,0.0,5.058497,-0.698132,-0.0,1,0,6.609,19.393,0.0,0.03,0.0,4.2,4.9,2.0,0.5,0.05,0,0.8585,-0.1585,0.0
1533,2026-04-27T08:37:11.426Z,S20260427_093533,SC01,AUTO,25.9011,98.1437,0.0602,hold,1,1500,VIDE,0.0,0.03,0.0,5.057133,-0.698132,-0.0,1,0,21.004,19.338,0.0,0.03,0.0,4.2,4.9,2.0,0.5,0.05,0,0.85713,-0.15713,0.0
1534,2026-04-27T08:37:11.488Z,S20260427_093533,SC01,AUTO,25.9631,98.2057,0.0619,hold,1,1500,VIDE,0.0,0.03,0.0,5.055769,-0.698132,0.0,1,0,12.369,19.669,0.0,0.03,0.0,4.2,4.9,2.0,0.5,0.05,0,0.85577,-0.15577,0.0
1535,2026-04-27T08:37:11.550Z,S20260427_093533,SC01,AUTO,26.025,98.2676,0.0619,hold,1,1500,VIDE,0.0,0.03,0.0,5.053724,-0.698132,-0.0,1,0,9.665,19.725,0.0,0.03,0.0,4.2,4.9,2.0,0.5,0.05,0,0.85372,-0.15372,0.0
1536,2026-04-27T08:37:11.612Z,S20260427_093533,SC01,AUTO,26.0869,98.3295,0.0619,hold,1,1500,VIDE,0.0,0.03,0.0,5.052361,-0.698132,0.0,1,0,22.771,18.415,0.0,0.03,0.0,4.2,4.9,2.0,0.5,0.05,0,0.85236,-0.15236,0.0
1537,2026-04-27T08:37:11.673Z,S20260427_093533,SC01,AUTO,26.1484,98.391,0.0615,hold,1,1500,VIDE,0.0,0.03,0.0,5.050997,-0.698132,0.0,1,0,17.877,15.756,0.0,0.03,0.0,4.2,4.9,2.0,0.5,0.05,0,0.851,-0.151,0.0
1538,2026-04-27T08:37:11.734Z,S20260427_093533,SC01,AUTO,26.2095,98.4521,0.0611,hold,1,1500,VIDE,0.0,0.03,0.0,5.048953,-0.698132,0.0,1,0,14.364,19.416,0.0,0.03,0.0,4.2,4.9,2.0,0.5,0.05,0,0.84895,-0.14895,0.0
1539,2026-04-27T08:37:11.794Z,S20260427_093533,SC01,AUTO,26.2697,98.5123,0.0602,hold,1,1500,VIDE,0.0,0.03,0.0,5.04759,-0.698132,-0.0,1,0,7.093,20.125,0.0,0.03,0.0,4.2,4.9,2.0,0.5,0.05,0,0.84759,-0.14759,0.0
1540,2026-04-27T08:37:11.855Z,S20260427_093533,SC01,AUTO,26.3299,98.5725,0.0602,hold,1,1500,VIDE,0.0,0.03,0.0,5.046228,-0.698132,0.0,1,0,19.81,19.423,0.0,0.03,0.0,4.2,4.9,2.0,0.5,0.05,0,0.84623,-0.14623,0.0
1541,2026-04-27T08:37:11.924Z,S20260427_093533,SC01,AUTO,26.399,98.6416,0.069,hold,1,1500,VIDE,0.0,0.03,0.0,5.044185,-0.698132,0.0,1,0,18.141,19.69,0.0,0.03,0.0,4.2,4.9,2.0,0.5,0.05,0,0.84418,-0.14418,0.0
1542,2026-04-27T08:37:11.985Z,S20260427_093533,SC01,AUTO,26.4608,98.7034,0.0618,hold,1,1500,VIDE,0.0,0.03,0.0,5.042823,-0.698132,0.0,1,0,10.995,19.823,0.0,0.03,0.0,4.2,4.9,2.0,0.5,0.05,0,0.84282,-0.14282,0.0
1543,2026-04-27T08:37:12.047Z,S20260427_093533,SC01,AUTO,26.5225,98.7651,0.0618,hold,1,1500,VIDE,0.0,0.03,0.0,5.040781,-0.698132,-0.0,1,0,6.761,19.264,0.0,0.03,0.0,4.2,4.9,2.0,0.5,0.05,0,0.84078,-0.14078,0.0
1544,2026-04-27T08:37:12.111Z,S20260427_093533,SC01,AUTO,26.5862,98.8288,0.0636,hold,1,1500,VIDE,0.0,0.03,0.0,5.03942,-0.698132,0.0,1,0,18.549,20.354,0.0,0.03,0.0,4.2,4.9,2.0,0.5,0.05,0,0.83942,-0.13942,0.0
1545,2026-04-27T08:37:12.172Z,S20260427_093533,SC01,AUTO,26.6478,98.8904,0.0617,hold,1,1500,VIDE,0.0,0.03,0.0,5.037605,-0.698132,0.0,1,0,37.614,1.175,0.0,0.03,0.0,4.2,4.9,2.0,0.5,0.05,0,0.8376,-0.1376,0.0
1546,2026-04-27T08:37:12.233Z,S20260427_093533,SC01,AUTO,26.7088,98.9514,0.061,hold,1,1500,VIDE,0.0,0.03,0.0,5.036017,-0.698132,-0.0,1,0,11.598,19.437,0.0,0.03,0.0,4.2,4.9,2.0,0.5,0.05,0,0.83602,-0.13602,0.0
1547,2026-04-27T08:37:12.294Z,S20260427_093533,SC01,AUTO,26.7698,99.0124,0.061,hold,1,1500,VIDE,0.0,0.03,0.0,5.034657,-0.698132,0.0,1,0,21.536,18.797,0.0,0.03,0.0,4.2,4.9,2.0,0.5,0.05,0,0.83466,-0.13466,0.0
1548,2026-04-27T08:37:12.356Z,S20260427_093533,SC01,AUTO,26.8318,99.0744,0.0619,hold,1,1500,VIDE,0.0,0.03,0.0,5.032617,-0.698132,0.0,1,0,19.035,20.095,0.0,0.03,0.0,4.2,4.9,2.0,0.5,0.05,0,0.83262,-0.13262,0.0
1549,2026-04-27T08:37:12.422Z,S20260427_093533,SC01,AUTO,26.8973,99.1399,0.0655,hold,1,1500,VIDE,0.0,0.03,0.0,5.031257,-0.698132,0.0,1,0,10.487,19.137,0.0,0.03,0.0,4.2,4.9,2.0,0.5,0.05,0,0.83126,-0.13126,0.0
1550,2026-04-27T08:37:12.485Z,S20260427_093533,SC01,AUTO,26.9599,99.2025,0.0626,hold,1,1500,VIDE,0.0,0.03,0.0,5.029218,-0.698132,0.0,1,0,7.931,19.606,0.0,0.03,0.0,4.2,4.9,2.0,0.5,0.05,0,0.82922,-0.12922,0.0
1551,2026-04-27T08:37:12.546Z,S20260427_093533,SC01,AUTO,27.0211,99.2637,0.0612,hold,1,1500,VIDE,0.0,0.03,0.0,5.027859,-0.698132,-0.0,1,0,19.422,19.799,0.0,0.03,0.0,4.2,4.9,2.0,0.5,0.05,0,0.82786,-0.12786,0.0
1552,2026-04-27T08:37:12.607Z,S20260427_093533,SC01,AUTO,27.0828,99.3254,0.0617,hold,1,1500,VIDE,0.0,0.03,0.0,5.0265,-0.698132,0.0,1,0,12.063,20.042,0.0,0.03,0.0,4.2,4.9,2.0,0.5,0.05,0,0.8265,-0.1265,0.0
1553,2026-04-27T08:37:12.670Z,S20260427_093533,SC01,AUTO,27.1452,99.3878,0.0624,hold,1,1500,VIDE,0.0,0.03,0.0,5.024462,-0.698132,0.0,1,0,8.474,19.654,0.0,0.03,0.0,4.2,4.9,2.0,0.5,0.05,0,0.82446,-0.12446,0.0
1554,2026-04-27T08:37:12.733Z,S20260427_093533,SC01,AUTO,27.2085,99.4511,0.0633,hold,1,1500,VIDE,0.0,0.03,0.0,5.023104,-0.698132,-0.0,1,0,21.656,18.18,0.0,0.03,0.0,4.2,4.9,2.0,0.5,0.05,0,0.8231,-0.1231,0.0
1555,2026-04-27T08:37:12.794Z,S20260427_093533,SC01,AUTO,27.2697,99.5123,0.0612,hold,1,1500,VIDE,0.0,0.03,0.0,5.021519,-0.698132,-0.0,1,0,39.58,24.181,0.0,0.03,0.0,4.2,4.9,2.0,0.5,0.05,0,0.82152,-0.12152,0.0
1556,2026-04-27T08:37:12.855Z,S20260427_093533,SC01,AUTO,27.3305,99.5731,0.0608,hold,1,1500,VIDE,0.0,0.03,0.0,5.019709,-0.698132,-0.0,1,0,16.505,19.604,0.0,0.03,0.0,4.2,4.9,2.0,0.5,0.05,0,0.81971,-0.11971,0.0
1557,2026-04-27T08:37:12.921Z,S20260427_093533,SC01,AUTO,27.3967,99.6393,0.0662,hold,1,1500,VIDE,0.0,0.03,0.0,5.018351,-0.698132,0.0,1,0,17.929,18.92,0.0,0.03,0.0,4.2,4.9,2.0,0.5,0.05,0,0.81835,-0.11835,0.0
1558,2026-04-27T08:37:12.983Z,S20260427_093533,SC01,AUTO,27.4579,99.7005,0.0612,hold,1,1500,VIDE,0.0,0.03,0.0,5.016994,-0.698132,0.0,1,0,9.682,19.5,0.0,0.03,0.0,4.2,4.9,2.0,0.5,0.05,0,0.81699,-0.11699,0.0
1559,2026-04-27T08:37:13.044Z,S20260427_093533,SC01,AUTO,27.5197,99.7623,0.0618,hold,1,1500,VIDE,0.0,0.03,0.0,5.014958,-0.698132,0.0,1,0,7.505,20.32,0.0,0.03,0.0,4.2,4.9,2.0,0.5,0.05,0,0.81496,-0.11496,0.0
1560,2026-04-27T08:37:13.107Z,S20260427_093533,SC01,AUTO,27.5829,99.8255,0.0631,hold,1,1500,VIDE,0.0,0.03,0.0,5.013601,-0.698132,0.0,1,0,19.859,19.721,0.0,0.03,0.0,4.2,4.9,2.0,0.5,0.05,0,0.8136,-0.1136,0.0
1561,2026-04-27T08:37:13.170Z,S20260427_093533,SC01,AUTO,27.645,99.8876,0.0622,hold,1,1500,VIDE,0.0,0.03,0.0,5.011793,-0.698132,-0.0,1,0,34.69,1.105,0.0,0.03,0.0,4.2,4.9,2.0,0.5,0.05,0,0.81179,-0.11179,0.0
1562,2026-04-27T08:37:13.232Z,S20260427_093533,SC01,AUTO,27.7075,99.9501,0.0626,hold,1,1500,VIDE,0.0,0.03,0.0,5.010211,-0.698132,0.0,1,0,11.721,19.31,0.0,0.03,0.0,4.2,4.9,2.0,0.5,0.05,0,0.81021,-0.11021,0.0
1563,2026-04-27T08:37:13.295Z,S20260427_093533,SC01,AUTO,27.7704,100.013,0.0628,hold,1,1500,VIDE,0.0,0.03,0.0,5.008854,-0.698132,-0.0,1,0,3.197,20.37,0.0,0.03,0.0,4.2,4.9,2.0,0.5,0.05,0,0.80885,-0.10885,0.0
1564,2026-04-27T08:37:13.358Z,S20260427_093533,SC01,AUTO,27.8332,100.0758,0.0628,hold,1,1500,VIDE,0.0,0.03,0.0,5.006821,-0.698132,0.0,1,0,19.753,19.557,0.0,0.03,0.0,4.2,4.9,2.0,0.5,0.05,0,0.80682,-0.10682,0.0
1565,2026-04-27T08:37:13.420Z,S20260427_093533,SC01,AUTO,27.8957,100.1383,0.0626,hold,1,1500,VIDE,0.0,0.03,0.0,5.005466,-0.698132,0.0,1,0,11.255,18.884,0.0,0.03,0.0,4.2,4.9,2.0,0.5,0.05,0,0.80547,-0.10547,0.0
1566,2026-04-27T08:37:13.482Z,S20260427_093533,SC01,AUTO,27.9575,100.2001,0.0617,hold,1,1500,VIDE,0.0,0.03,0.0,5.003885,-0.698132,0.0,1,0,26.111,2.646,0.0,0.03,0.0,4.2,4.9,2.0,0.5,0.05,0,0.80388,-0.10388,0.0
1567,2026-04-27T08:37:13.545Z,S20260427_093533,SC01,AUTO,28.0202,100.2628,0.0628,hold,1,1500,VIDE,0.0,0.03,0.0,5.002078,-0.698132,0.0,1,0,20.009,20.121,0.0,0.03,0.0,4.2,4.9,2.0,0.5,0.05,0,0.80208,-0.10208,0.0
1568,2026-04-27T08:37:13.608Z,S20260427_093533,SC01,AUTO,28.0833,100.3259,0.0631,hold,1,1500,VIDE,0.0,0.03,0.0,5.000723,-0.698132,-0.0,1,0,12.664,19.207,0.0,0.03,0.0,4.2,4.9,2.0,0.5,0.05,0,0.80072,-0.10072,0.0
1569,2026-04-27T08:37:13.670Z,S20260427_093533,SC01,AUTO,28.145,100.3876,0.0617,hold,1,1500,VIDE,0.0,0.03,0.0,4.998692,-0.698132,0.0,1,0,9.246,19.421,0.0,0.03,0.0,4.2,4.9,2.0,0.5,0.05,0,0.79869,-0.09869,0.0
1570,2026-04-27T08:37:13.731Z,S20260427_093533,SC01,AUTO,28.2068,100.4494,0.0617,hold,1,1500,VIDE,0.0,0.03,0.0,4.997338,-0.698132,-0.0,1,0,20.541,19.261,0.0,0.03,0.0,4.2,4.9,2.0,0.5,0.05,0,0.79734,-0.09734,0.0
1571,2026-04-27T08:37:13.794Z,S20260427_093533,SC01,AUTO,28.2694,100.512,0.0627,hold,1,1500,VIDE,0.0,0.03,0.0,4.995307,-0.698132,-0.0,1,0,18.195,19.264,0.0,0.03,0.0,4.2,4.9,2.0,0.5,0.05,0,0.79531,-0.09531,0.0
1572,2026-04-27T08:37:13.854Z,S20260427_093533,SC01,AUTO,28.3297,100.5723,0.0603,hold,1,1500,VIDE,0.0,0.03,0.0,4.993954,-0.698132,-0.0,1,0,12.443,19.445,0.0,0.03,0.0,4.2,4.9,2.0,0.5,0.05,0,0.79395,-0.09395,0.0
1573,2026-04-27T08:37:13.920Z,S20260427_093533,SC01,AUTO,28.3952,100.6378,0.0655,hold,1,1500,VIDE,0.0,0.03,0.0,4.992601,-0.698132,-0.0,1,0,22.609,19.468,0.0,0.03,0.0,4.2,4.9,2.0,0.5,0.05,0,0.7926,-0.0926,0.0
1574,2026-04-27T08:37:13.981Z,S20260427_093533,SC01,AUTO,28.4562,100.6987,0.061,hold,1,1500,VIDE,0.0,0.03,0.0,4.990571,-0.698132,0.0,1,0,20.961,19.506,0.0,0.03,0.0,4.2,4.9,2.0,0.5,0.05,0,0.79057,-0.09057,0.0
1575,2026-04-27T08:37:14.044Z,S20260427_093533,SC01,AUTO,28.5193,100.7619,0.0631,hold,1,1500,VIDE,0.0,0.03,0.0,4.989219,-0.698132,0.0,1,0,13.301,18.996,0.0,0.03,0.0,4.2,4.9,2.0,0.5,0.05,0,0.78922,-0.08922,0.0
1576,2026-04-27T08:37:14.107Z,S20260427_093533,SC01,AUTO,28.582,100.8246,0.0627,hold,1,1500,VIDE,0.0,0.03,0.0,4.987416,-0.698132,0.0,1,0,32.207,1.142,0.0,0.03,0.0,4.2,4.9,2.0,0.5,0.05,0,0.78742,-0.08742,0.0
1577,2026-04-27T08:37:14.168Z,S20260427_093533,SC01,AUTO,28.6435,100.8861,0.0615,hold,1,1500,VIDE,0.0,0.03,0.0,4.985838,-0.698132,0.0,1,0,6.441,19.278,0.0,0.03,0.0,4.2,4.9,2.0,0.5,0.05,0,0.78584,-0.08584,0.0
1578,2026-04-27T08:37:14.231Z,S20260427_093533,SC01,AUTO,28.7064,100.949,0.0629,hold,1,1500,VIDE,0.0,0.03,0.0,4.984487,-0.698132,0.0,1,0,17.904,20.191,0.0,0.03,0.0,4.2,4.9,2.0,0.5,0.05,0,0.78449,-0.08449,0.0
1579,2026-04-27T08:37:14.294Z,S20260427_093533,SC01,AUTO,28.7696,101.0122,0.0632,hold,1,1500,VIDE,0.0,0.03,0.0,4.98246,-0.698132,0.0,1,0,13.478,19.359,0.0,0.03,0.0,4.2,4.9,2.0,0.5,0.05,0,0.78246,-0.08246,0.0
1580,2026-04-27T08:37:14.358Z,S20260427_093533,SC01,AUTO,28.8338,101.0764,0.0642,hold,1,1500,VIDE,0.0,0.03,0.0,4.981108,-0.698132,-0.0,1,0,5.947,19.622,0.0,0.03,0.0,4.2,4.9,2.0,0.5,0.05,0,0.78111,-0.08111,0.0
1581,2026-04-27T08:37:14.419Z,S20260427_093533,SC01,AUTO,28.8945,101.1371,0.0607,hold,1,1500,VIDE,0.0,0.03,0.0,4.979757,-0.698132,-0.0,1,0,21.724,19.601,0.0,0.03,0.0,4.2,4.9,2.0,0.5,0.05,0,0.77976,-0.07976,0.0
1582,2026-04-27T08:37:14.482Z,S20260427_093533,SC01,AUTO,28.9572,101.1998,0.0627,hold,1,1500,VIDE,0.0,0.03,0.0,4.977731,-0.698132,-0.0,1,0,22.204,18.995,0.0,0.03,0.0,4.2,4.9,2.0,0.5,0.05,0,0.77773,-0.07773,0.0
1583,2026-04-27T08:37:14.546Z,S20260427_093533,SC01,AUTO,29.0209,101.2635,0.0637,hold,1,1500,VIDE,0.0,0.03,0.0,4.976381,-0.698132,0.0,1,0,13.538,20.294,0.0,0.03,0.0,4.2,4.9,2.0,0.5,0.05,0,0.77638,-0.07638,0.0
1584,2026-04-27T08:37:14.606Z,S20260427_093533,SC01,AUTO,29.0817,101.3243,0.0608,hold,1,1500,VIDE,0.0,0.03,0.0,4.974806,-0.698132,0.0,1,0,31.376,24.606,0.0,0.03,0.0,4.2,4.9,2.0,0.5,0.05,0,0.77481,-0.07481,0.0
1585,2026-04-27T08:37:14.669Z,S20260427_093533,SC01,AUTO,29.144,101.3866,0.0623,hold,1,1500,VIDE,0.0,0.03,0.0,4.973006,-0.698132,-0.0,1,0,6.789,19.188,0.0,0.03,0.0,4.2,4.9,2.0,0.5,0.05,0,0.77301,-0.07301,0.0
1586,2026-04-27T08:37:14.732Z,S20260427_093533,SC01,AUTO,29.2069,101.4495,0.0628,hold,1,1500,VIDE,0.0,0.03,0.0,4.971656,-0.698132,-0.0,1,0,20.722,18.796,0.0,0.03,0.0,4.2,4.9,2.0,0.5,0.05,0,0.77166,-0.07166,0.0
1587,2026-04-27T08:37:14.793Z,S20260427_093533,SC01,AUTO,29.2679,101.5105,0.061,hold,1,1500,VIDE,0.0,0.03,0.0,4.970307,-0.698132,0.0,1,0,16.28,15.973,0.0,0.03,0.0,4.2,4.9,2.0,0.5,0.05,0,0.77031,-0.07031,0.0
1588,2026-04-27T08:37:14.854Z,S20260427_093533,SC01,AUTO,29.3297,101.5723,0.0618,hold,1,1500,VIDE,0.0,0.03,0.0,4.968283,-0.698132,-0.0,1,0,16.069,19.314,0.0,0.03,0.0,4.2,4.9,2.0,0.5,0.05,0,0.76828,-0.06828,0.0
1589,2026-04-27T08:37:14.917Z,S20260427_093533,SC01,AUTO,29.3922,101.6348,0.0624,hold,1,1500,VIDE,0.0,0.03,0.0,4.966934,-0.698132,0.0,1,0,10.915,19.422,0.0,0.03,0.0,4.2,4.9,2.0,0.5,0.05,0,0.76693,-0.06693,0.0
1590,2026-04-27T08:37:14.980Z,S20260427_093533,SC01,AUTO,29.4552,101.6978,0.0631,hold,1,1500,VIDE,0.0,0.03,0.0,4.965586,-0.698132,-0.0,1,0,23.36,19.452,0.0,0.03,0.0,4.2,4.9,2.0,0.5,0.05,0,0.76559,-0.06559,0.0
1591,2026-04-27T08:37:15.042Z,S20260427_093533,SC01,AUTO,29.5172,101.7598,0.062,hold,1,1500,VIDE,0.0,0.03,0.0,4.963563,-0.698132,-0.0,1,0,21.993,19.462,0.0,0.03,0.0,4.2,4.9,2.0,0.5,0.05,0,0.76356,-0.06356,0.0
1592,2026-04-27T08:37:15.105Z,S20260427_093533,SC01,AUTO,29.5801,101.8227,0.0628,hold,1,1500,VIDE,0.0,0.03,0.0,4.962215,-0.698132,0.0,1,0,14.881,19.267,0.0,0.03,0.0,4.2,4.9,2.0,0.5,0.05,0,0.76222,-0.06222,0.0
1593,2026-04-27T08:37:15.167Z,S20260427_093533,SC01,AUTO,29.6427,101.8853,0.0627,hold,1,1500,VIDE,0.0,0.03,0.0,4.960867,-0.698132,0.0,1,0,10.051,19.42,0.0,0.03,0.0,4.2,4.9,2.0,0.5,0.05,0,0.76087,-0.06087,0.0
1594,2026-04-27T08:37:15.230Z,S20260427_093533,SC01,AUTO,29.7051,101.9477,0.0625,hold,1,1500,VIDE,0.0,0.03,0.0,4.958846,-0.698132,-0.0,1,0,8.176,20.418,0.0,0.03,0.0,4.2,4.9,2.0,0.5,0.05,0,0.75885,-0.05885,0.0
1595,2026-04-27T08:37:15.292Z,S20260427_093533,SC01,AUTO,29.7673,102.0099,0.0622,hold,1,1500,VIDE,0.0,0.03,0.0,4.957499,-0.698132,0.0,1,0,22.435,18.887,0.0,0.03,0.0,4.2,4.9,2.0,0.5,0.05,0,0.7575,-0.0575,0.0
1596,2026-04-27T08:37:15.363Z,S20260427_093533,SC01,AUTO,29.838,102.0805,0.0707,hold,1,1500,VIDE,0.0,0.03,0.0,4.955479,-0.698132,-0.0,1,0,23.16,19.579,0.0,0.03,0.0,4.2,4.9,2.0,0.5,0.05,0,0.75548,-0.05548,0.0
1597,2026-04-27T08:37:15.417Z,S20260427_093533,SC01,AUTO,29.8919,102.1345,0.054,hold,1,1500,VIDE,0.0,0.03,0.0,4.954132,-0.698132,-0.0,1,0,16.759,19.118,0.0,0.03,0.0,4.2,4.9,2.0,0.5,0.05,0,0.75413,-0.05413,0.0
1598,2026-04-27T08:37:15.477Z,S20260427_093533,SC01,AUTO,29.9526,102.1952,0.0607,hold,1,1500,VIDE,0.0,0.03,0.0,4.952785,-0.698132,0.0,1,0,14.418,19.533,0.0,0.03,0.0,4.2,4.9,2.0,0.5,0.05,0,0.75279,-0.05279,0.0
1599,2026-04-27T08:37:15.540Z,S20260427_093533,SC01,AUTO,30.0155,102.2581,0.0628,hold,1,1500,VIDE,0.0,0.03,0.0,4.951439,-0.698132,0.0,1,0,8.359,19.192,0.0,0.03,0.0,4.2,4.9,2.0,0.5,0.05,0,0.75144,-0.05144,0.0
1600,2026-04-27T08:37:15.614Z,S20260427_093533,SC01,AUTO,30.0897,102.3323,0.0743,hold,1,1500,VIDE,0.0,0.03,0.0,4.94942,-0.698132,0.0,1,0,11.411,19.158,0.0,0.03,0.0,4.2,4.9,2.0,0.5,0.05,0,0.74942,-0.04942,0.0
1601,2026-04-27T08:37:15.674Z,S20260427_093533,SC01,AUTO,30.1494,102.392,0.0597,hold,1,1500,VIDE,0.0,0.03,0.0,4.948075,-0.698132,0.0,1,0,25.872,19.526,0.0,0.03,0.0,4.2,4.9,2.0,0.5,0.05,0,0.74807,-0.04807,0.0
1602,2026-04-27T08:37:15.728Z,S20260427_093533,SC01,AUTO,30.2033,102.4459,0.0539,hold,1,1500,VIDE,0.0,0.03,0.0,4.94673,-0.698132,0.0,1,0,22.414,18.873,0.0,0.03,0.0,4.2,4.9,2.0,0.5,0.05,0,0.74673,-0.04673,0.0
1603,2026-04-27T08:37:15.790Z,S20260427_093533,SC01,AUTO,30.2653,102.5079,0.062,hold,1,1500,VIDE,0.0,0.03,0.0,4.945385,-0.698132,0.0,1,0,16.235,19.439,0.0,0.03,0.0,4.2,4.9,2.0,0.5,0.05,0,0.74538,-0.04538,0.0
1604,2026-04-27T08:37:15.852Z,S20260427_093533,SC01,AUTO,30.3275,102.5701,0.0622,hold,1,1500,VIDE,0.0,0.03,0.0,4.943367,-0.698132,0.0,1,0,14.325,19.488,0.0,0.03,0.0,4.2,4.9,2.0,0.5,0.05,0,0.74337,-0.04337,0.0
1605,2026-04-27T08:37:15.930Z,S20260427_093533,SC01,AUTO,30.4057,102.6483,0.0781,hold,1,1500,VIDE,0.0,0.03,0.0,4.94135,-0.698132,0.0,1,0,14.701,19.349,0.0,0.03,0.0,4.2,4.9,2.0,0.5,0.05,0,0.74135,-0.04135,0.0
1606,2026-04-27T08:37:15.992Z,S20260427_093533,SC01,AUTO,30.4669,102.7095,0.0613,hold,1,1500,VIDE,0.0,0.03,0.0,4.940006,-0.698132,0.0,1,0,9.172,19.632,0.0,0.03,0.0,4.2,4.9,2.0,0.5,0.05,0,0.74001,-0.04001,0.0
1607,2026-04-27T08:37:16.054Z,S20260427_093533,SC01,AUTO,30.5298,102.7724,0.0628,hold,1,1500,VIDE,0.0,0.03,0.0,4.938662,-0.698132,0.0,1,0,5.572,20.411,0.0,0.03,0.0,4.2,4.9,2.0,0.5,0.05,0,0.73866,-0.03866,0.0
1608,2026-04-27T08:37:16.115Z,S20260427_093533,SC01,AUTO,30.5901,102.8327,0.0603,hold,1,1500,VIDE,0.0,0.03,0.0,4.937318,-0.698132,-0.0,1,0,21.324,17.935,0.0,0.03,0.0,4.2,4.9,2.0,0.5,0.05,0,0.73732,-0.03732,0.0
1609,2026-04-27T08:37:16.175Z,S20260427_093533,SC01,AUTO,30.65,102.8926,0.0599,hold,1,1500,VIDE,0.0,0.03,0.0,4.935975,-0.698132,0.0,1,0,17.73,18.679,0.0,0.03,0.0,4.2,4.9,2.0,0.5,0.05,0,0.73597,-0.03597,0.0
1610,2026-04-27T08:37:16.235Z,S20260427_093533,SC01,AUTO,30.7099,102.9525,0.06,hold,1,1500,VIDE,0.0,0.03,0.0,4.93396,-0.698132,0.0,1,0,18.043,18.692,0.0,0.03,0.0,4.2,4.9,2.0,0.5,0.05,0,0.73396,-0.03396,0.0
1611,2026-04-27T08:37:16.294Z,S20260427_093533,SC01,AUTO,30.7696,103.0122,0.0597,hold,1,1500,VIDE,0.0,0.03,0.0,4.932617,-0.698132,0.0,1,0,11.822,20.171,0.0,0.03,0.0,4.2,4.9,2.0,0.5,0.05,0,0.73262,-0.03262,0.0
1612,2026-04-27T08:37:16.357Z,S20260427_093533,SC01,AUTO,30.832,103.0746,0.0623,hold,1,1500,VIDE,0.0,0.03,0.0,4.931274,-0.698132,0.0,1,0,25.475,19.46,0.0,0.03,0.0,4.2,4.9,2.0,0.5,0.05,0,0.73127,-0.03127,0.0
1613,2026-04-27T08:37:16.426Z,S20260427_093533,SC01,AUTO,30.9018,103.1444,0.0699,hold,1,1500,VIDE,0.0,0.03,0.0,4.92926,-0.698132,0.0,1,0,25.686,19.371,0.0,0.03,0.0,4.2,4.9,2.0,0.5,0.05,0,0.72926,-0.02926,0.0
1614,2026-04-27T08:37:16.487Z,S20260427_093533,SC01,AUTO,30.9628,103.2054,0.061,hold,1,1500,VIDE,0.0,0.03,0.0,4.927918,-0.698132,0.0,1,0,19.963,19.58,0.0,0.03,0.0,4.2,4.9,2.0,0.5,0.05,0,0.72792,-0.02792,0.0
1615,2026-04-27T08:37:16.549Z,S20260427_093533,SC01,AUTO,31.0247,103.2673,0.0617,hold,1,1500,VIDE,0.0,0.03,0.0,4.926576,-0.698132,0.0,1,0,15.039,19.604,0.0,0.03,0.0,4.2,4.9,2.0,0.5,0.05,0,0.72658,-0.02658,0.0
1616,2026-04-27T08:37:16.611Z,S20260427_093533,SC01,AUTO,31.0868,103.3294,0.0623,hold,1,1500,VIDE,0.0,0.03,0.0,4.924563,-0.698132,0.0,1,0,16.239,20.235,0.0,0.03,0.0,4.2,4.9,2.0,0.5,0.05,0,0.72456,-0.02456,0.0
1617,2026-04-27T08:37:16.674Z,S20260427_093533,SC01,AUTO,31.1495,103.3921,0.0628,hold,1,1500,VIDE,0.0,0.03,0.0,4.923222,-0.698132,0.0,1,0,11.068,18.308,0.0,0.03,0.0,4.2,4.9,2.0,0.5,0.05,0,0.72322,-0.02322,0.0
1618,2026-04-27T08:37:16.735Z,S20260427_093533,SC01,AUTO,31.2101,103.4527,0.0605,hold,1,1500,VIDE,0.0,0.03,0.0,4.921881,-0.698132,-0.0,1,0,24.569,18.054,0.0,0.03,0.0,4.2,4.9,2.0,0.5,0.05,0,0.72188,-0.02188,0.0
1619,2026-04-27T08:37:16.794Z,S20260427_093533,SC01,AUTO,31.2691,103.5117,0.0591,hold,1,1500,VIDE,0.0,0.03,0.0,4.92054,-0.698132,-0.0,1,0,20.029,18.524,0.0,0.03,0.0,4.2,4.9,2.0,0.5,0.05,0,0.72054,-0.02054,0.0
1620,2026-04-27T08:37:16.853Z,S20260427_093533,SC01,AUTO,31.3287,103.5713,0.0596,hold,1,1500,VIDE,0.0,0.03,0.0,4.919199,-0.698132,0.0,1,0,15.23,19.916,0.0,0.03,0.0,4.2,4.9,2.0,0.5,0.05,0,0.7192,-0.0192,0.0
1621,2026-04-27T08:37:16.922Z,S20260427_093533,SC01,AUTO,31.3969,103.6395,0.0682,hold,1,1500,VIDE,0.0,0.03,0.0,4.917189,-0.698132,-0.0,1,0,14.35,19.089,0.0,0.03,0.0,4.2,4.9,2.0,0.5,0.05,0,0.71719,-0.01719,0.0
1622,2026-04-27T08:37:16.984Z,S20260427_093533,SC01,AUTO,31.4598,103.7024,0.0628,hold,1,1500,VIDE,0.0,0.03,0.0,4.915848,-0.698132,-0.0,1,0,9.016,19.721,0.0,0.03,0.0,4.2,4.9,2.0,0.5,0.05,0,0.71585,-0.01585,0.0
1623,2026-04-27T08:37:17.046Z,S20260427_093533,SC01,AUTO,31.5212,103.7638,0.0614,hold,1,1500,VIDE,0.0,0.03,0.0,4.913838,-0.698132,0.0,1,0,11.608,17.995,0.0,0.03,0.0,4.2,4.9,2.0,0.5,0.05,0,0.71384,-0.01384,0.0
1624,2026-04-27T08:37:17.110Z,S20260427_093533,SC01,AUTO,31.5849,103.8275,0.0638,hold,1,1500,VIDE,0.0,0.03,0.0,4.912499,-0.698132,0.0,1,0,24.754,20.347,0.0,0.03,0.0,4.2,4.9,2.0,0.5,0.05,0,0.7125,-0.0125,0.0
1625,2026-04-27T08:37:17.172Z,S20260427_093533,SC01,AUTO,31.6478,103.8904,0.0628,hold,1,1500,VIDE,0.0,0.03,0.0,4.91116,-0.698132,-0.0,1,0,18.767,18.434,0.0,0.03,0.0,4.2,4.9,2.0,0.5,0.05,0,0.71116,-0.01116,0.0
1626,2026-04-27T08:37:17.234Z,S20260427_093533,SC01,AUTO,31.709,103.9516,0.0612,hold,1,1500,VIDE,0.0,0.03,0.0,4.909597,-0.698132,0.0,1,0,39.149,25.035,0.0,0.03,0.0,4.2,4.9,2.0,0.5,0.05,0,0.7096,-0.0096,0.0
1627,2026-04-27T08:37:17.295Z,S20260427_093533,SC01,AUTO,31.7701,104.0127,0.0611,hold,1,1500,VIDE,0.0,0.03,0.0,4.907812,-0.698132,-0.0,1,0,17.054,18.52,0.0,0.03,0.0,4.2,4.9,2.0,0.5,0.05,0,0.70781,-0.00781,0.0
1628,2026-04-27T08:37:17.355Z,S20260427_093533,SC01,AUTO,31.8303,104.0729,0.0602,hold,1,1500,VIDE,0.0,0.03,0.0,4.906473,-0.698132,-0.0,1,0,11.625,18.509,0.0,0.03,0.0,4.2,4.9,2.0,0.5,0.05,0,0.70647,-0.00647,0.0
1629,2026-04-27T08:37:17.421Z,S20260427_093533,SC01,AUTO,31.8968,104.1394,0.0664,hold,1,1500,VIDE,0.0,0.03,0.0,4.905135,-0.698132,-0.0,1,0,24.789,19.141,0.0,0.03,0.0,4.2,4.9,2.0,0.5,0.05,0,0.70514,-0.00514,0.0
1630,2026-04-27T08:37:17.479Z,S20260427_093533,SC01,AUTO,31.9541,104.1967,0.0574,hold,1,1500,VIDE,0.0,0.03,0.0,4.903574,-0.698132,-0.0,1,0,44.178,24.804,0.0,0.03,0.0,4.2,4.9,2.0,0.5,0.05,0,0.70357,-0.00357,0.0
1631,2026-04-27T08:37:17.546Z,S20260427_093533,SC01,AUTO,32.0209,104.2635,0.0668,hold,1,1500,VIDE,0.0,0.03,0.0,4.90179,-0.698132,0.0,1,0,19.621,20.001,0.0,0.03,0.0,4.2,4.9,2.0,0.5,0.05,0,0.70179,-0.00179,0.0
1632,2026-04-27T08:37:17.607Z,S20260427_093533,SC01,AUTO,32.0827,104.3253,0.0618,hold,1,1500,VIDE,0.0,0.03,0.0,4.900453,-0.698132,-0.0,1,0,14.725,19.247,0.0,0.03,0.0,4.2,4.9,2.0,0.5,0.05,0,0.70045,-0.00045,0.0
1633,2026-04-27T08:37:17.669Z,S20260427_093533,SC01,AUTO,32.1444,104.387,0.0617,hold,1,1500,VIDE,0.0,0.03,0.0,4.898669,-0.698132,-0.0,1,0,34.685,1.093,0.0,0.03,0.0,4.2,4.9,2.0,0.5,0.05,1,0.69867,0.00133,0.0
1634,2026-04-27T08:37:17.732Z,S20260427_093533,SC01,AUTO,32.2073,104.4499,0.0629,hold,1,1500,VIDE,0.0,0.03,0.0,4.89711,-0.698132,-0.0,1,0,9.757,19.504,0.0,0.03,0.0,4.2,4.9,2.0,0.5,0.05,1,0.69711,0.00289,0.0
1635,2026-04-27T08:37:17.794Z,S20260427_093533,SC01,AUTO,32.2693,104.5119,0.0619,hold,1,1500,VIDE,0.0,0.03,0.0,4.895772,-0.698132,-0.0,1,0,24.478,16.799,0.0,0.03,0.0,4.2,4.9,2.0,0.5,0.05,1,0.69577,0.00423,0.0
1636,2026-04-27T08:37:17.855Z,S20260427_093533,SC01,AUTO,32.33,104.5726,0.0609,hold,1,1500,VIDE,0.0,0.03,0.0,4.894436,-0.698132,0.0,1,0,22.269,18.748,0.0,0.03,0.0,4.2,4.9,2.0,0.5,0.05,1,0.69444,0.00556,0.0
1637,2026-04-27T08:37:17.920Z,S20260427_093533,SC01,AUTO,32.3956,104.6382,0.0655,hold,1,1500,VIDE,0.0,0.03,0.0,4.892432,-0.698132,-0.0,1,0,23.22,19.549,0.0,0.03,0.0,4.2,4.9,2.0,0.5,0.05,1,0.69243,0.00757,0.0
1638,2026-04-27T08:37:17.983Z,S20260427_093533,SC01,AUTO,32.4583,104.7009,0.0627,hold,1,1500,VIDE,0.0,0.03,0.0,4.891096,-0.698132,-0.0,1,0,16.191,18.775,0.0,0.03,0.0,4.2,4.9,2.0,0.5,0.05,1,0.6911,0.0089,0.0
1639,2026-04-27T08:37:18.045Z,S20260427_093533,SC01,AUTO,32.52,104.7626,0.0618,hold,1,1500,VIDE,0.0,0.03,0.0,4.88976,-0.698132,-0.0,1,0,9.957,19.484,0.0,0.03,0.0,4.2,4.9,2.0,0.5,0.05,1,0.68976,0.01024,0.0
1640,2026-04-27T08:37:18.107Z,S20260427_093533,SC01,AUTO,32.5823,104.8249,0.0623,hold,1,1500,VIDE,0.0,0.03,0.0,4.887756,-0.698132,-0.0,1,0,10.628,19.226,0.0,0.03,0.0,4.2,4.9,2.0,0.5,0.05,1,0.68776,0.01224,0.0
1641,2026-04-27T08:37:18.169Z,S20260427_093533,SC01,AUTO,32.6443,104.8869,0.062,hold,1,1500,VIDE,0.0,0.03,0.0,4.886421,-0.698132,0.0,1,0,25.87,20.451,0.0,0.03,0.0,4.2,4.9,2.0,0.5,0.05,1,0.68642,0.01358,0.0
1642,2026-04-27T08:37:18.232Z,S20260427_093533,SC01,AUTO,32.7073,104.9499,0.0629,hold,1,1500,VIDE,0.0,0.03,0.0,4.885086,-0.698132,0.0,1,0,19.662,19.212,0.0,0.03,0.0,4.2,4.9,2.0,0.5,0.05,1,0.68509,0.01491,0.0
1643,2026-04-27T08:37:18.295Z,S20260427_093533,SC01,AUTO,32.7704,105.013,0.063,hold,1,1500,VIDE,0.0,0.03,0.0,4.883529,-0.698132,-0.0,1,0,39.345,27.21,0.0,0.03,0.0,4.2,4.9,2.0,0.5,0.05,1,0.68353,0.01647,0.0
1644,2026-04-27T08:37:18.355Z,S20260427_093533,SC01,AUTO,32.8306,105.0732,0.0603,hold,1,1500,VIDE,0.0,0.03,0.0,4.88175,-0.698132,-0.0,1,0,15.448,20.238,0.0,0.03,0.0,4.2,4.9,2.0,0.5,0.05,1,0.68175,0.01825,0.0
1645,2026-04-27T08:37:18.421Z,S20260427_093533,SC01,AUTO,32.8964,105.139,0.0657,hold,1,1500,VIDE,0.0,0.03,0.0,4.880415,-0.698132,-0.0,1,0,9.16,19.035,0.0,0.03,0.0,4.2,4.9,2.0,0.5,0.05,1,0.68042,0.01958,0.0
1646,2026-04-27T08:37:18.479Z,S20260427_093533,SC01,AUTO,32.9542,105.1968,0.0579,hold,1,1500,VIDE,0.0,0.03,0.0,4.879081,-0.698132,0.0,1,0,23.02,19.759,0.0,0.03,0.0,4.2,4.9,2.0,0.5,0.05,1,0.67908,0.02092,0.0
1647,2026-04-27T08:37:18.547Z,S20260427_093533,SC01,AUTO,33.0228,105.2654,0.0686,hold,1,1500,VIDE,0.0,0.03,0.0,4.877081,-0.698132,-0.0,1,0,25.735,19.628,0.0,0.03,0.0,4.2,4.9,2.0,0.5,0.05,1,0.67708,0.02292,0.0
1648,2026-04-27T08:37:18.611Z,S20260427_093533,SC01,AUTO,33.0861,105.3287,0.0632,hold,1,1500,VIDE,0.0,0.03,0.0,4.875747,-0.698132,0.0,1,0,19.116,19.734,0.0,0.03,0.0,4.2,4.9,2.0,0.5,0.05,1,0.67575,0.02425,0.0
1649,2026-04-27T08:37:18.672Z,S20260427_093533,SC01,AUTO,33.1471,105.3897,0.0611,hold,1,1500,VIDE,0.0,0.03,0.0,4.874414,-0.698132,0.0,1,0,13.904,15.359,0.0,0.03,0.0,4.2,4.9,2.0,0.5,0.05,1,0.67441,0.02559,0.0
1650,2026-04-27T08:37:18.734Z,S20260427_093533,SC01,AUTO,33.2094,105.452,0.0623,hold,1,1500,VIDE,0.0,0.03,0.0,4.872415,-0.698132,-0.0,1,0,16.984,18.885,0.0,0.03,0.0,4.2,4.9,2.0,0.5,0.05,1,0.67241,0.02759,0.0
1651,2026-04-27T08:37:18.793Z,S20260427_093533,SC01,AUTO,33.2688,105.5114,0.0594,hold,1,1500,VIDE,0.0,0.03,0.0,4.871082,-0.698132,-0.0,1,0,10.704,18.942,0.0,0.03,0.0,4.2,4.9,2.0,0.5,0.05,1,0.67108,0.02892,0.0
1652,2026-04-27T08:37:18.854Z,S20260427_093533,SC01,AUTO,33.3298,105.5724,0.061,hold,1,1500,VIDE,0.0,0.03,0.0,4.86975,-0.698132,0.0,1,0,23.723,20.336,0.0,0.03,0.0,4.2,4.9,2.0,0.5,0.05,1,0.66975,0.03025,0.0
1653,2026-04-27T08:37:18.915Z,S20260427_093533,SC01,AUTO,33.3902,105.6328,0.0603,hold,1,1500,VIDE,0.0,0.03,0.0,4.868417,-0.698132,-0.0,1,0,16.878,19.285,0.0,0.03,0.0,4.2,4.9,2.0,0.5,0.05,1,0.66842,0.03158,0.0
1654,2026-04-27T08:37:18.983Z,S20260427_093533,SC01,AUTO,33.4584,105.701,0.0682,hold,1,1500,VIDE,0.0,0.03,0.0,4.866419,-0.698132,0.0,1,0,2.037,18.398,0.0,0.03,0.0,4.2,4.9,2.0,0.5,0.05,1,0.66642,0.03358,0.0
1655,2026-04-27T08:37:19.046Z,S20260427_093533,SC01,AUTO,33.521,105.7636,0.0625,hold,1,1500,VIDE,0.0,0.03,0.0,4.865088,-0.698132,0.0,1,0,11.596,19.848,0.0,0.03,0.0,4.2,4.9,2.0,0.5,0.05,1,0.66509,0.03491,0.0
1656,2026-04-27T08:37:19.108Z,S20260427_093533,SC01,AUTO,33.5831,105.8257,0.0622,hold,1,1500,VIDE,0.0,0.03,0.0,4.863091,-0.698132,-0.0,1,0,11.894,19.368,0.0,0.03,0.0,4.2,4.9,2.0,0.5,0.05,1,0.66309,0.03691,0.0
1657,2026-04-27T08:37:19.170Z,S20260427_093533,SC01,AUTO,33.6448,105.8874,0.0617,hold,1,1500,VIDE,0.0,0.03,0.0,4.861759,-0.698132,0.0,1,0,7.302,19.051,0.0,0.03,0.0,4.2,4.9,2.0,0.5,0.05,1,0.66176,0.03824,0.0
1658,2026-04-27T08:37:19.233Z,S20260427_093533,SC01,AUTO,33.7081,105.9507,0.0632,hold,1,1500,VIDE,0.0,0.03,0.0,4.860428,-0.698132,0.0,1,0,18.45,18.406,0.0,0.03,0.0,4.2,4.9,2.0,0.5,0.05,1,0.66043,0.03957,0.0
1659,2026-04-27T08:37:19.294Z,S20260427_093533,SC01,AUTO,33.7697,106.0123,0.0617,hold,1,1500,VIDE,0.0,0.03,0.0,4.859098,-0.698132,-0.0,1,0,19.021,18.512,0.0,0.03,0.0,4.2,4.9,2.0,0.5,0.05,1,0.6591,0.0409,0.0
1660,2026-04-27T08:37:19.359Z,S20260427_093533,SC01,AUTO,33.834,106.0766,0.0643,hold,1,1500,VIDE,0.0,0.03,0.0,4.857102,-0.698132,0.0,1,0,18.708,19.891,0.0,0.03,0.0,4.2,4.9,2.0,0.5,0.05,1,0.6571,0.0429,0.0
1661,2026-04-27T08:37:19.422Z,S20260427_093533,SC01,AUTO,33.8974,106.14,0.0631,hold,1,1500,VIDE,0.0,0.03,0.0,4.855772,-0.698132,0.0,1,0,12.266,18.888,0.0,0.03,0.0,4.2,4.9,2.0,0.5,0.05,1,0.65577,0.04423,0.0
1662,2026-04-27T08:37:19.484Z,S20260427_093533,SC01,AUTO,33.9594,106.202,0.0622,hold,1,1500,VIDE,0.0,0.03,0.0,4.854442,-0.698132,-0.0,1,0,6.685,19.336,0.0,0.03,0.0,4.2,4.9,2.0,0.5,0.05,1,0.65444,0.04556,0.0
1663,2026-04-27T08:37:19.546Z,S20260427_093533,SC01,AUTO,34.0209,106.2635,0.0616,hold,1,1500,VIDE,0.0,0.03,0.0,4.852448,-0.698132,0.0,1,0,24.587,20.438,0.0,0.03,0.0,4.2,4.9,2.0,0.5,0.05,1,0.65245,0.04755,0.0
1664,2026-04-27T08:37:19.608Z,S20260427_093533,SC01,AUTO,34.0832,106.3258,0.0622,hold,1,1500,VIDE,0.0,0.03,0.0,4.851118,-0.698132,-0.0,1,0,17.485,20.554,0.0,0.03,0.0,4.2,4.9,2.0,0.5,0.05,1,0.65112,0.04888,0.0
1665,2026-04-27T08:37:19.670Z,S20260427_093533,SC01,AUTO,34.1456,106.3882,0.0624,hold,1,1500,VIDE,0.0,0.03,0.0,4.849789,-0.698132,0.0,1,0,12.752,19.17,0.0,0.03,0.0,4.2,4.9,2.0,0.5,0.05,1,0.64979,0.05021,0.0
1666,2026-04-27T08:37:19.732Z,S20260427_093533,SC01,AUTO,34.2072,106.4498,0.0617,hold,1,1500,VIDE,0.0,0.03,0.0,4.847796,-0.698132,0.0,1,0,11.58,20.353,0.0,0.03,0.0,4.2,4.9,2.0,0.5,0.05,1,0.6478,0.0522,0.0
1667,2026-04-27T08:37:19.793Z,S20260427_093533,SC01,AUTO,34.2688,106.5114,0.0616,hold,1,1500,VIDE,0.0,0.03,0.0,4.846467,-0.698132,-0.0,1,0,2.43,20.38,0.0,0.03,0.0,4.2,4.9,2.0,0.5,0.05,1,0.64647,0.05353,0.0
1668,2026-04-27T08:37:19.854Z,S20260427_093533,SC01,AUTO,34.3289,106.5715,0.0601,hold,1,1500,VIDE,0.0,0.03,0.0,4.845139,-0.698132,-0.0,1,0,16.378,18.448,0.0,0.03,0.0,4.2,4.9,2.0,0.5,0.05,1,0.64514,0.05486,0.0
1669,2026-04-27T08:37:19.918Z,S20260427_093533,SC01,AUTO,34.3937,106.6363,0.0648,hold,1,1500,VIDE,0.0,0.03,0.0,4.843147,-0.698132,-0.0,1,0,16.187,18.83,0.0,0.03,0.0,4.2,4.9,2.0,0.5,0.05,1,0.64315,0.05685,0.0
1670,2026-04-27T08:37:19.983Z,S20260427_093533,SC01,AUTO,34.4579,106.7005,0.0642,hold,1,1500,VIDE,0.0,0.03,0.0,4.841819,-0.698132,0.0,1,0,6.793,19.229,0.0,0.03,0.0,4.2,4.9,2.0,0.5,0.05,1,0.64182,0.05818,0.0
1671,2026-04-27T08:37:20.046Z,S20260427_093533,SC01,AUTO,34.5213,106.7639,0.0634,hold,1,1500,VIDE,0.0,0.03,0.0,4.839828,-0.698132,0.0,1,0,6.758,19.079,0.0,0.03,0.0,4.2,4.9,2.0,0.5,0.05,1,0.63983,0.06017,0.0
1672,2026-04-27T08:37:20.110Z,S20260427_093533,SC01,AUTO,34.5849,106.8275,0.0636,hold,1,1500,VIDE,0.0,0.03,0.0,4.8385,-0.698132,-0.0,1,0,17.526,19.51,0.0,0.03,0.0,4.2,4.9,2.0,0.5,0.05,1,0.6385,0.0615,0.0
1673,2026-04-27T08:37:20.172Z,S20260427_093533,SC01,AUTO,34.6471,106.8897,0.0622,hold,1,1500,VIDE,0.0,0.03,0.0,4.83651,-0.698132,0.0,1,0,16.231,19.524,0.0,0.03,0.0,4.2,4.9,2.0,0.5,0.05,1,0.63651,0.06349,0.0
1674,2026-04-27T08:37:20.233Z,S20260427_093533,SC01,AUTO,34.7088,106.9514,0.0617,hold,1,1500,VIDE,0.0,0.03,0.0,4.835183,-0.698132,-0.0,1,0,9.28,18.505,0.0,0.03,0.0,4.2,4.9,2.0,0.5,0.05,1,0.63518,0.06482,0.0
1675,2026-04-27T08:37:20.294Z,S20260427_093533,SC01,AUTO,34.7696,107.0122,0.0608,hold,1,1500,VIDE,0.0,0.03,0.0,4.833857,-0.698132,0.0,1,0,20.09,20.465,0.0,0.03,0.0,4.2,4.9,2.0,0.5,0.05,1,0.63386,0.06614,0.0
1676,2026-04-27T08:37:20.357Z,S20260427_093533,SC01,AUTO,34.8324,107.075,0.0628,hold,1,1500,VIDE,0.0,0.03,0.0,4.831867,-0.698132,0.0,1,0,19.129,20.653,0.0,0.03,0.0,4.2,4.9,2.0,0.5,0.05,1,0.63187,0.06813,0.0
1677,2026-04-27T08:37:20.422Z,S20260427_093533,SC01,AUTO,34.8978,107.1404,0.0654,hold,1,1500,VIDE,0.0,0.03,0.0,4.830542,-0.698132,-0.0,1,0,12.617,18.679,0.0,0.03,0.0,4.2,4.9,2.0,0.5,0.05,1,0.63054,0.06946,0.0
1678,2026-04-27T08:37:20.485Z,S20260427_093533,SC01,AUTO,34.9608,107.2034,0.063,hold,1,1500,VIDE,0.0,0.03,0.0,4.828553,-0.698132,0.0,1,0,8.938,20.091,0.0,0.03,0.0,4.2,4.9,2.0,0.5,0.05,1,0.62855,0.07145,0.0
1679,2026-04-27T08:37:20.547Z,S20260427_093533,SC01,AUTO,35.0219,107.2645,0.0611,hold,1,1500,VIDE,0.0,0.03,0.0,4.827228,-0.698132,0.0,1,0,20.807,19.547,0.0,0.03,0.0,4.2,4.9,2.0,0.5,0.05,1,0.62723,0.07277,0.0
1680,2026-04-27T08:37:20.609Z,S20260427_093533,SC01,AUTO,35.0845,107.327,0.0625,hold,1,1500,VIDE,0.0,0.03,0.0,4.825902,-0.698132,0.0,1,0,13.784,20.51,0.0,0.03,0.0,4.2,4.9,2.0,0.5,0.05,1,0.6259,0.0741,0.0
1681,2026-04-27T08:37:20.672Z,S20260427_093533,SC01,AUTO,35.147,107.3896,0.0625,hold,1,1500,VIDE,0.0,0.03,0.0,4.823915,-0.698132,0.0,1,0,11.412,19.416,0.0,0.03,0.0,4.2,4.9,2.0,0.5,0.05,1,0.62392,0.07608,0.0
1682,2026-04-27T08:37:20.735Z,S20260427_093533,SC01,AUTO,35.2102,107.4528,0.0632,hold,1,1500,VIDE,0.0,0.03,0.0,4.82259,-0.698132,0.0,1,0,23.111,16.637,0.0,0.03,0.0,4.2,4.9,2.0,0.5,0.05,1,0.62259,0.07741,0.0
1683,2026-04-27T08:37:20.794Z,S20260427_093533,SC01,AUTO,35.2696,107.5122,0.0594,hold,1,1500,VIDE,0.0,0.03,0.0,4.821266,-0.698132,0.0,1,0,15.96,17.726,0.0,0.03,0.0,4.2,4.9,2.0,0.5,0.05,1,0.62127,0.07873,0.0
1684,2026-04-27T08:37:20.854Z,S20260427_093533,SC01,AUTO,35.3295,107.5721,0.0599,hold,1,1500,VIDE,0.0,0.03,0.0,4.81928,-0.698132,0.0,1,0,13.389,19.755,0.0,0.03,0.0,4.2,4.9,2.0,0.5,0.05,1,0.61928,0.08072,0.0
1685,2026-04-27T08:37:20.922Z,S20260427_093533,SC01,AUTO,35.397,107.6395,0.0674,hold,1,1500,VIDE,0.0,0.03,0.0,4.817956,-0.698132,0.0,1,0,28.981,18.74,0.0,0.03,0.0,4.2,4.9,2.0,0.5,0.05,1,0.61796,0.08204,0.0
1686,2026-04-27T08:37:20.983Z,S20260427_093533,SC01,AUTO,35.4587,107.7013,0.0617,hold,1,1500,VIDE,0.0,0.03,0.0,4.81597,-0.698132,0.0,1,0,6.729,19.308,0.0,0.03,0.0,4.2,4.9,2.0,0.5,0.05,1,0.61597,0.08403,0.0
1687,2026-04-27T08:37:21.045Z,S20260427_093533,SC01,AUTO,35.5207,107.7633,0.062,hold,1,1500,VIDE,0.0,0.03,0.0,4.814647,-0.698132,-0.0,1,0,16.672,18.823,0.0,0.03,0.0,4.2,4.9,2.0,0.5,0.05,1,0.61465,0.08535,0.0
1688,2026-04-27T08:37:21.108Z,S20260427_093533,SC01,AUTO,35.5829,107.8255,0.0622,hold,1,1500,VIDE,0.0,0.03,0.0,4.813324,-0.698132,-0.0,1,0,12.949,19.372,0.0,0.03,0.0,4.2,4.9,2.0,0.5,0.05,1,0.61332,0.08668,0.0
1689,2026-04-27T08:37:21.170Z,S20260427_093533,SC01,AUTO,35.6459,107.8885,0.063,hold,1,1500,VIDE,0.0,0.03,0.0,4.81134,-0.698132,-0.0,1,0,9.713,20.016,0.0,0.03,0.0,4.2,4.9,2.0,0.5,0.05,1,0.61134,0.08866,0.0
1690,2026-04-27T08:37:21.235Z,S20260427_093533,SC01,AUTO,35.7103,107.9529,0.0645,hold,1,1500,VIDE,0.0,0.03,0.0,4.810017,-0.698132,0.0,1,0,20.224,17.35,0.0,0.03,0.0,4.2,4.9,2.0,0.5,0.05,1,0.61002,0.08998,0.0
1691,2026-04-27T08:37:21.294Z,S20260427_093533,SC01,AUTO,35.7692,108.0118,0.0588,hold,1,1500,VIDE,0.0,0.03,0.0,4.808034,-0.698132,0.0,1,0,16.071,18.589,0.0,0.03,0.0,4.2,4.9,2.0,0.5,0.05,1,0.60803,0.09197,0.0
1692,2026-04-27T08:37:21.358Z,S20260427_093533,SC01,AUTO,35.8329,108.0755,0.0637,hold,1,1500,VIDE,0.0,0.03,0.0,4.806712,-0.698132,0.0,1,0,7.746,18.753,0.0,0.03,0.0,4.2,4.9,2.0,0.5,0.05,1,0.60671,0.09329,0.0
1693,2026-04-27T08:37:21.420Z,S20260427_093533,SC01,AUTO,35.8951,108.1377,0.0622,hold,1,1500,VIDE,0.0,0.03,0.0,4.804729,-0.698132,-0.0,1,0,22.531,19.565,0.0,0.03,0.0,4.2,4.9,2.0,0.5,0.05,1,0.60473,0.09527,0.0
1694,2026-04-27T08:37:21.480Z,S20260427_093533,SC01,AUTO,35.9558,108.1984,0.0607,hold,1,1500,VIDE,0.0,0.03,0.0,4.803408,-0.698132,-0.0,1,0,16.484,18.93,0.0,0.03,0.0,4.2,4.9,2.0,0.5,0.05,1,0.60341,0.09659,0.0
1695,2026-04-27T08:37:21.543Z,S20260427_093533,SC01,AUTO,36.0182,108.2608,0.0625,end,1,1500,VIDE,0.0,0.0,0.8,4.802086,-0.698132,-0.0,1,0,6.477,19.995,0.0,0.0,0.8,0.0,5.0,2.0,1.0,0.05,1,4.80209,0.19791,0.0
1696,2026-04-27T08:37:21.605Z,S20260427_093533,SC01,AUTO,36.0808,108.3234,0.0626,end,1,1500,VIDE,0.0,0.0,0.8,4.801646,-0.698132,0.0,1,0,60.829,30.776,0.0,0.0,0.8,0.0,5.0,2.0,1.0,0.05,1,4.80165,0.19835,0.0
1697,2026-04-27T08:37:21.667Z,S20260427_093533,SC01,AUTO,36.1427,108.3853,0.0619,end,1,1500,VIDE,0.0,0.0,0.8,4.337648,-0.698132,0.0,1,0,10.098,0.332,0.0,0.0,0.8,0.0,5.0,2.0,1.0,0.05,1,4.33765,0.66235,0.0
1698,2026-04-27T08:37:21.730Z,S20260427_093533,SC01,AUTO,36.2054,108.448,0.0628,end,1,1500,VIDE,0.0,0.0,0.8,3.963577,-0.698132,0.0,1,0,19.178,19.477,0.0,0.0,0.8,0.0,5.0,2.0,1.0,0.05,1,3.96358,1.03642,0.0
1699,2026-04-27T08:37:21.792Z,S20260427_093533,SC01,AUTO,36.2671,108.5097,0.0617,end,1,1500,VIDE,0.0,0.0,0.8,3.351227,-0.698132,0.0,1,0,10.673,19.34,0.0,0.0,0.8,0.0,5.0,2.0,1.0,0.05,1,3.35123,1.64877,0.0
1700,2026-04-27T08:37:21.855Z,S20260427_093533,SC01,AUTO,36.3304,108.573,0.0632,end,1,1500,VIDE,0.0,0.0,0.8,2.94302,-0.698132,0.0,1,0,21.405,16.654,0.0,0.0,0.8,0.0,5.0,2.0,1.0,0.05,1,2.94302,2.05698,0.0
1701,2026-04-27T08:37:21.917Z,S20260427_093533,SC01,AUTO,36.3921,108.6347,0.0618,end,1,1500,VIDE,0.0,0.0,0.8,2.330501,-0.698132,0.0,1,0,15.972,20.409,0.0,0.0,0.8,0.0,5.0,2.0,1.0,0.05,1,2.3305,2.6695,0.0
1702,2026-04-27T08:37:21.980Z,S20260427_093533,SC01,AUTO,36.4555,108.6981,0.0633,end,1,1500,VIDE,0.0,0.0,0.8,1.92199,-0.698132,0.0,1,0,6.311,19.471,0.0,0.0,0.8,0.0,5.0,2.0,1.0,0.05,1,1.92199,3.07801,0.0
1703,2026-04-27T08:37:22.044Z,S20260427_093533,SC01,AUTO,36.5189,108.7615,0.0634,end,1,1500,VIDE,0.0,0.0,0.8,1.308745,-0.698132,0.0,1,0,23.059,19.616,0.0,0.0,0.8,0.0,5.0,2.0,1.0,0.05,1,1.30874,3.69126,0.0
1704,2026-04-27T08:37:22.107Z,S20260427_093533,SC01,AUTO,36.5825,108.8251,0.0636,end,1,1500,VIDE,0.0,0.0,0.8,0.899249,-0.698132,0.0,1,0,11.91,20.319,0.0,0.0,0.8,0.0,5.0,2.0,1.0,0.05,1,0.89925,4.10075,0.0
1705,2026-04-27T08:37:22.170Z,S20260427_093533,SC01,AUTO,36.6453,108.8879,0.0628,end,1,1500,VIDE,0.0,0.0,0.8,0.281265,-0.698132,-0.0,1,0,8.266,20.649,0.0,0.0,0.8,0.0,5.0,2.0,1.0,0.05,1,0.28126,4.71874,0.0
1706,2026-04-27T08:37:22.232Z,S20260427_093533,SC01,AUTO,36.7073,108.9499,0.0619,end,1,1500,VIDE,0.0,0.0,0.8,0.003206,-0.698132,-0.0,1,0,23.547,0.272,0.0,0.0,0.8,0.0,5.0,2.0,1.0,0.05,1,0.00321,4.99679,0.0
1707,2026-04-27T08:37:22.293Z,S20260427_093533,SC01,AUTO,36.7684,109.011,0.0612,end,1,1500,VIDE,0.0,0.0,0.8,0.0,-0.698132,0.0,1,0,38.06,0.404,0.0,0.0,0.8,0.0,5.0,2.0,1.0,0.05,1,0.0,5.0,0.0
1708,2026-04-27T08:37:22.367Z,S20260427_093533,SC01,AUTO,36.8423,109.0849,0.0739,end,1,1500,VIDE,0.0,0.0,0.8,0.0,-0.698132,0.0,1,0,8.478,19.404,0.0,0.0,0.8,0.0,5.0,2.0,1.0,0.05,1,0.0,5.0,0.0
1709,2026-04-27T08:37:22.415Z,S20260427_093533,SC01,AUTO,36.89,109.1326,0.0477,end,1,1500,VIDE,0.0,0.0,0.8,0.0,-0.698132,-0.0,1,0,18.074,18.961,0.0,0.0,0.8,0.0,5.0,2.0,1.0,0.05,1,0.0,5.0,0.0
1710,2026-04-27T08:37:22.479Z,S20260427_093533,SC01,AUTO,36.9547,109.1973,0.0646,end,1,1500,VIDE,0.0,0.0,0.8,0.0,-0.698132,0.0,1,0,10.724,19.159,0.0,0.0,0.8,0.0,5.0,2.0,1.0,0.05,1,0.0,5.0,0.0
1711,2026-04-27T08:37:22.542Z,S20260427_093533,SC01,AUTO,37.0176,109.2602,0.0629,end,1,1500,VIDE,0.0,0.0,0.8,0.0,-0.698132,0.0,1,0,6.411,19.374,0.0,0.0,0.8,0.0,5.0,2.0,1.0,0.05,1,0.0,5.0,0.0
1712,2026-04-27T08:37:22.614Z,S20260427_093533,SC01,AUTO,37.0898,109.3324,0.0723,end,1,1500,VIDE,0.0,0.0,0.8,0.0,-0.698132,0.0,1,0,39.955,1.004,0.0,0.0,0.8,0.0,5.0,2.0,1.0,0.05,1,0.0,5.0,0.0
1713,2026-04-27T08:37:22.666Z,S20260427_093533,SC01,AUTO,37.1409,109.3835,0.0511,end,1,1500,VIDE,0.0,0.0,0.8,0.0,-0.698132,0.0,1,0,9.529,19.596,0.0,0.0,0.8,0.0,5.0,2.0,1.0,0.05,1,0.0,5.0,0.0
1714,2026-04-27T08:37:22.729Z,S20260427_093533,SC01,AUTO,37.204,109.4466,0.0631,end,1,1500,VIDE,0.0,0.0,0.8,0.0,-0.698132,-0.0,1,0,20.035,18.745,0.0,0.0,0.8,0.0,5.0,2.0,1.0,0.05,1,0.0,5.0,0.0
1715,2026-04-27T08:37:22.790Z,S20260427_093533,SC01,AUTO,37.2658,109.5084,0.0618,end,1,1500,VIDE,0.0,0.0,0.8,0.0,-0.698132,0.0,1,0,34.76,22.275,0.0,0.0,0.8,0.0,5.0,2.0,1.0,0.05,1,0.0,5.0,0.0
1716,2026-04-27T08:37:22.853Z,S20260427_093533,SC01,AUTO,37.3287,109.5713,0.0629,end,1,1500,VIDE,0.0,0.0,0.8,0.0,-0.698132,0.0,1,0,3.745,19.687,0.0,0.0,0.8,0.0,5.0,2.0,1.0,0.05,1,0.0,5.0,0.0
1717,2026-04-27T08:37:22.915Z,S20260427_093533,SC01,AUTO,37.3901,109.6327,0.0613,end,1,1500,VIDE,0.0,0.0,0.8,0.0,-0.698132,0.0,1,0,18.056,18.426,0.0,0.0,0.8,0.0,5.0,2.0,1.0,0.05,1,0.0,5.0,0.0
1718,2026-04-27T08:37:22.979Z,S20260427_093533,SC01,AUTO,37.454,109.6966,0.064,end,1,1500,VIDE,0.0,0.0,0.8,0.0,-0.698132,0.0,1,0,5.8,19.991,0.0,0.0,0.8,0.0,5.0,2.0,1.0,0.05,1,0.0,5.0,0.0
1719,2026-04-27T08:37:23.040Z,S20260427_093533,SC01,AUTO,37.5158,109.7584,0.0618,end,1,1500,VIDE,0.0,0.0,0.8,0.0,-0.698132,0.0,1,0,22.472,18.571,0.0,0.0,0.8,0.0,5.0,2.0,1.0,0.05,1,0.0,5.0,0.0
1720,2026-04-27T08:37:23.103Z,S20260427_093533,SC01,AUTO,37.5783,109.8209,0.0625,end,1,1500,VIDE,0.0,0.0,0.8,0.0,-0.698132,0.0,1,0,12.799,19.548,0.0,0.0,0.8,0.0,5.0,2.0,1.0,0.05,1,0.0,5.0,0.0
1721,2026-04-27T08:37:23.166Z,S20260427_093533,SC01,AUTO,37.641,109.8836,0.0627,end,1,1500,VIDE,0.0,0.0,0.8,0.0,-0.698132,0.0,1,0,4.143,19.937,0.0,0.0,0.8,0.0,5.0,2.0,1.0,0.05,1,0.0,5.0,0.0
1722,2026-04-27T08:37:23.228Z,S20260427_093533,SC01,AUTO,37.7034,109.946,0.0624,end,1,1500,VIDE,0.0,0.0,0.8,0.0,-0.698132,0.0,1,0,13.881,19.488,0.0,0.0,0.8,0.0,5.0,2.0,1.0,0.05,1,0.0,5.0,0.0
1723,2026-04-27T08:37:23.290Z,S20260427_093533,SC01,AUTO,37.765,110.0076,0.0616,end,1,1500,VIDE,0.0,0.0,0.8,0.0,-0.698132,0.0,1,0,9.342,19.114,0.0,0.0,0.8,0.0,5.0,2.0,1.0,0.05,1,0.0,5.0,0.0
1724,2026-04-27T08:37:23.361Z,S20260427_093533,SC01,AUTO,37.8368,110.0794,0.0718,end,1,1500,VIDE,0.0,0.0,0.8,0.0,-0.698132,0.0,1,0,24.027,19.868,0.0,0.0,0.8,0.0,5.0,2.0,1.0,0.05,1,0.0,5.0,0.0
1725,2026-04-27T08:37:23.416Z,S20260427_093533,SC01,AUTO,37.891,110.1336,0.0543,end,1,1500,VIDE,0.0,0.0,0.8,0.0,-0.698132,0.0,1,0,13.384,19.841,0.0,0.0,0.8,0.0,5.0,2.0,1.0,0.05,1,0.0,5.0,0.0
1726,2026-04-27T08:37:23.480Z,S20260427_093533,SC01,AUTO,37.9553,110.1979,0.0643,end,1,1500,VIDE,0.0,0.0,0.8,0.0,-0.698132,0.0,1,0,23.652,19.992,0.0,0.0,0.8,0.0,5.0,2.0,1.0,0.05,1,0.0,5.0,0.0
1727,2026-04-27T08:37:23.540Z,S20260427_093533,SC01,AUTO,38.015,110.2576,0.0596,end,1,1500,VIDE,0.0,0.0,0.8,0.0,-0.698132,0.0,1,0,18.858,19.631,0.0,0.0,0.8,0.0,5.0,2.0,1.0,0.05,1,0.0,5.0,0.0
1728,2026-04-27T08:37:23.608Z,S20260427_093533,SC01,AUTO,38.0834,110.326,0.0685,end,1,1500,VIDE,0.0,0.0,0.8,0.0,-0.698132,0.0,1,0,32.74,23.007,0.0,0.0,0.8,0.0,5.0,2.0,1.0,0.05,1,0.0,5.0,0.0
1729,2026-04-27T08:37:23.666Z,S20260427_093533,SC01,AUTO,38.141,110.3836,0.0576,end,1,1500,VIDE,0.0,0.0,0.8,0.0,-0.698132,0.0,1,0,4.729,20.626,0.0,0.0,0.8,0.0,5.0,2.0,1.0,0.05,1,0.0,5.0,0.0
1730,2026-04-27T08:37:23.728Z,S20260427_093533,SC01,AUTO,38.2033,110.4459,0.0623,end,1,1500,VIDE,0.0,0.0,0.8,0.0,-0.698132,0.0,1,0,14.861,19.418,0.0,0.0,0.8,0.0,5.0,2.0,1.0,0.05,1,0.0,5.0,0.0
1731,2026-04-27T08:37:23.790Z,S20260427_093533,SC01,AUTO,38.2654,110.508,0.0621,end,1,1500,VIDE,0.0,0.0,0.8,0.0,-0.698132,0.0,1,0,11.733,18.852,0.0,0.0,0.8,0.0,5.0,2.0,1.0,0.05,1,0.0,5.0,0.0
1732,2026-04-27T08:37:23.854Z,S20260427_093533,SC01,AUTO,38.3298,110.5724,0.0645,end,1,1500,VIDE,0.0,0.0,0.8,0.0,-0.698132,0.0,1,0,24.907,17.49,0.0,0.0,0.8,0.0,5.0,2.0,1.0,0.05,1,0.0,5.0,0.0
1733,2026-04-27T08:37:23.920Z,S20260427_093533,SC01,AUTO,38.3955,110.6381,0.0657,end,1,1500,VIDE,0.0,0.0,0.8,0.0,-0.698132,0.0,1,0,2.549,20.456,0.0,0.0,0.8,0.0,5.0,2.0,1.0,0.05,1,0.0,5.0,0.0
1734,2026-04-27T08:37:23.992Z,S20260427_093533,SC01,AUTO,38.4675,110.7101,0.072,end,1,1500,VIDE,0.0,0.0,0.8,0.0,-0.698132,0.0,1,0,19.083,19.047,0.0,0.0,0.8,0.0,5.0,2.0,1.0,0.05,1,0.0,5.0,0.0
1735,2026-04-27T08:37:24.055Z,S20260427_093533,SC01,AUTO,38.5302,110.7728,0.0626,end,1,1500,VIDE,0.0,0.0,0.8,0.0,-0.698132,0.0,1,0,12.728,19.862,0.0,0.0,0.8,0.0,5.0,2.0,1.0,0.05,1,0.0,5.0,0.0
1736,2026-04-27T08:37:24.112Z,S20260427_093533,SC01,AUTO,38.5875,110.8301,0.0573,end,1,1500,VIDE,0.0,0.0,0.8,0.0,-0.698132,0.0,1,0,23.361,18.039,0.0,0.0,0.8,0.0,5.0,2.0,1.0,0.05,1,0.0,5.0,0.0
1737,2026-04-27T08:37:24.168Z,S20260427_093533,SC01,AUTO,38.6433,110.8859,0.0559,end,1,1500,VIDE,0.0,0.0,0.8,0.0,-0.698132,0.0,1,0,13.138,15.431,0.0,0.0,0.8,0.0,5.0,2.0,1.0,0.05,1,0.0,5.0,0.0
1738,2026-04-27T08:37:24.235Z,S20260427_093533,SC01,AUTO,38.7106,110.9532,0.0671,end,1,1500,VIDE,0.0,0.0,0.8,0.0,-0.698132,0.0,1,0,6.101,19.24,0.0,0.0,0.8,0.0,5.0,2.0,1.0,0.05,1,0.0,5.0,0.0
1739,2026-04-27T08:37:24.294Z,S20260427_093533,SC01,AUTO,38.7697,111.0123,0.0593,end,1,1500,VIDE,0.0,0.0,0.8,0.0,-0.698132,0.0,1,0,39.569,23.855,0.0,0.0,0.8,0.0,5.0,2.0,1.0,0.05,1,0.0,5.0,0.0
1740,2026-04-27T08:37:24.355Z,S20260427_093533,SC01,AUTO,38.8306,111.0732,0.0609,end,1,1500,VIDE,0.0,0.0,0.8,0.0,-0.698132,0.0,1,0,11.281,19.383,0.0,0.0,0.8,0.0,5.0,2.0,1.0,0.05,1,0.0,5.0,0.0
1741,2026-04-27T08:37:24.416Z,S20260427_093533,SC01,AUTO,38.8916,111.1342,0.061,end,1,1500,VIDE,0.0,0.0,0.8,0.0,-0.698132,0.0,1,0,20.536,20.66,0.0,0.0,0.8,0.0,5.0,2.0,1.0,0.05,1,0.0,5.0,0.0
1742,2026-04-27T08:37:24.480Z,S20260427_093533,SC01,AUTO,38.955,111.1976,0.0634,end,1,1500,VIDE,0.0,0.0,0.8,0.0,-0.698132,0.0,1,0,16.259,19.511,0.0,0.0,0.8,0.0,5.0,2.0,1.0,0.05,1,0.0,5.0,0.0
1743,2026-04-27T08:37:24.543Z,S20260427_093533,SC01,AUTO,39.0183,111.2609,0.0632,end,1,1500,VIDE,0.0,0.0,0.8,0.0,-0.698132,0.0,1,0,7.191,19.009,0.0,0.0,0.8,0.0,5.0,2.0,1.0,0.05,1,0.0,5.0,0.0
1744,2026-04-27T08:37:24.613Z,S20260427_093533,SC01,AUTO,39.0883,111.3309,0.07,end,1,1500,VIDE,0.0,0.0,0.8,0.0,-0.698132,0.0,1,0,20.59,19.709,0.0,0.0,0.8,0.0,5.0,2.0,1.0,0.05,1,0.0,5.0,0.0
1745,2026-04-27T08:37:24.675Z,S20260427_093533,SC01,AUTO,39.1504,111.393,0.0621,end,1,1500,VIDE,0.0,0.0,0.8,0.0,-0.698132,0.0,1,0,16.454,19.448,0.0,0.0,0.8,0.0,5.0,2.0,1.0,0.05,1,0.0,5.0,0.0
1746,2026-04-27T08:37:24.735Z,S20260427_093533,SC01,AUTO,39.2104,111.453,0.06,end,1,1500,VIDE,0.0,0.0,0.8,0.0,-0.698132,0.0,1,0,5.749,19.222,0.0,0.0,0.8,0.0,5.0,2.0,1.0,0.05,1,0.0,5.0,0.0
1747,2026-04-27T08:37:24.795Z,S20260427_093533,SC01,AUTO,39.2701,111.5127,0.0597,end,1,1500,VIDE,0.0,0.0,0.8,0.0,-0.698132,0.0,1,0,40.685,0.817,0.0,0.0,0.8,0.0,5.0,2.0,1.0,0.05,1,0.0,5.0,0.0
1748,2026-04-27T08:37:24.855Z,S20260427_093533,SC01,AUTO,39.3302,111.5728,0.0601,end,1,1500,VIDE,0.0,0.0,0.8,0.0,-0.698132,0.0,1,0,10.806,19.923,0.0,0.0,0.8,0.0,5.0,2.0,1.0,0.05,1,0.0,5.0,0.0
1749,2026-04-27T08:37:24.926Z,S20260427_093533,SC01,AUTO,39.4009,111.6435,0.0708,end,1,1500,VIDE,0.0,0.0,0.8,0.0,-0.698132,0.0,1,0,6.211,18.372,0.0,0.0,0.8,0.0,5.0,2.0,1.0,0.05,1,0.0,5.0,0.0
1750,2026-04-27T08:37:24.988Z,S20260427_093533,SC01,AUTO,39.4637,111.7063,0.0627,end,1,1500,VIDE,0.0,0.0,0.8,0.0,-0.698132,0.0,1,0,16.604,19.312,0.0,0.0,0.8,0.0,5.0,2.0,1.0,0.05,1,0.0,5.0,0.0
1751,2026-04-27T08:37:25.049Z,S20260427_093533,SC01,AUTO,39.5242,111.7668,0.0606,end,1,1500,VIDE,0.0,0.0,0.8,0.0,-0.698132,0.0,1,0,11.372,19.158,0.0,0.0,0.8,0.0,5.0,2.0,1.0,0.05,1,0.0,5.0,0.0
1752,2026-04-27T08:37:25.111Z,S20260427_093533,SC01,AUTO,39.5864,111.829,0.0621,end,1,1500,VIDE,0.0,0.0,0.8,0.0,-0.698132,0.0,1,0,21.592,19.384,0.0,0.0,0.8,0.0,5.0,2.0,1.0,0.05,1,0.0,5.0,0.0
1753,2026-04-27T08:37:25.174Z,S20260427_093533,SC01,AUTO,39.6489,111.8915,0.0625,end,1,1500,VIDE,0.0,0.0,0.8,0.0,-0.698132,0.0,1,0,16.052,20.249,0.0,0.0,0.8,0.0,5.0,2.0,1.0,0.05,1,0.0,5.0,0.0
1754,2026-04-27T08:37:25.235Z,S20260427_093533,SC01,AUTO,39.7102,111.9528,0.0612,end,1,1500,VIDE,0.0,0.0,0.8,0.0,-0.698132,0.0,1,0,5.291,18.848,0.0,0.0,0.8,0.0,5.0,2.0,1.0,0.05,1,0.0,5.0,0.0
1755,2026-04-27T08:37:25.295Z,S20260427_093533,SC01,AUTO,39.7701,112.0127,0.06,end,1,1500,VIDE,0.0,0.0,0.8,0.0,-0.698132,0.0,1,0,40.108,23.139,0.0,0.0,0.8,0.0,5.0,2.0,1.0,0.05,1,0.0,5.0,0.0
1756,2026-04-27T08:37:25.356Z,S20260427_093533,SC01,AUTO,39.8311,112.0737,0.061,end,1,1500,VIDE,0.0,0.0,0.8,0.0,-0.698132,0.0,1,0,12.758,17.681,0.0,0.0,0.8,0.0,5.0,2.0,1.0,0.05,1,0.0,5.0,0.0
1757,2026-04-27T08:37:25.423Z,S20260427_093533,SC01,AUTO,39.8984,112.141,0.0672,end,1,1500,VIDE,0.0,0.0,0.8,0.0,-0.698132,0.0,1,0,6.33,19.828,0.0,0.0,0.8,0.0,5.0,2.0,1.0,0.05,1,0.0,5.0,0.0
1758,2026-04-27T08:37:25.485Z,S20260427_093533,SC01,AUTO,39.9603,112.2029,0.062,end,1,1500,VIDE,0.0,0.0,0.8,0.0,-0.698132,0.0,1,0,16.864,17.07,0.0,0.0,0.8,0.0,5.0,2.0,1.0,0.05,1,0.0,5.0,0.0
1759,2026-04-27T08:37:25.548Z,S20260427_093533,SC01,AUTO,40.023,112.2656,0.0627,end,1,1500,VIDE,0.0,0.0,0.8,0.0,-0.698132,0.0,1,0,11.936,19.249,0.0,0.0,0.8,0.0,5.0,2.0,1.0,0.05,1,0.0,5.0,0.0
1760,2026-04-27T08:37:25.608Z,S20260427_093533,SC01,AUTO,40.083,112.3256,0.06,end,1,1500,VIDE,0.0,0.0,0.8,0.0,-0.698132,0.0,1,0,24.895,20.405,0.0,0.0,0.8,0.0,5.0,2.0,1.0,0.05,1,0.0,5.0,0.0
1761,2026-04-27T08:37:25.672Z,S20260427_093533,SC01,AUTO,40.1471,112.3897,0.0641,end,1,1500,VIDE,0.0,0.0,0.8,0.0,-0.698132,0.0,1,0,16.285,18.287,0.0,0.0,0.8,0.0,5.0,2.0,1.0,0.05,1,0.0,5.0,0.0
1762,2026-04-27T08:37:25.735Z,S20260427_093533,SC01,AUTO,40.21,112.4526,0.0629,end,1,1500,VIDE,0.0,0.0,0.8,0.0,-0.698132,0.0,1,0,8.921,18.994,0.0,0.0,0.8,0.0,5.0,2.0,1.0,0.05,1,0.0,5.0,0.0
1763,2026-04-27T08:37:25.795Z,S20260427_093533,SC01,AUTO,40.2701,112.5127,0.0601,end,1,1500,VIDE,0.0,0.0,0.8,0.0,-0.698132,0.0,1,0,20.12,17.513,0.0,0.0,0.8,0.0,5.0,2.0,1.0,0.05,1,0.0,5.0,0.0
1764,2026-04-27T08:37:25.854Z,S20260427_093533,SC01,AUTO,40.3291,112.5717,0.0591,end,1,1500,VIDE,0.0,0.0,0.8,0.0,-0.698132,0.0,1,0,15.64,18.729,0.0,0.0,0.8,0.0,5.0,2.0,1.0,0.05,1,0.0,5.0,0.0
1765,2026-04-27T08:37:25.920Z,S20260427_093533,SC01,AUTO,40.3954,112.638,0.0662,end,1,1500,VIDE,0.0,0.0,0.8,0.0,-0.698132,0.0,1,0,24.174,20.035,0.0,0.0,0.8,0.0,5.0,2.0,1.0,0.05,1,0.0,5.0,0.0
1766,2026-04-27T08:37:25.984Z,S20260427_093533,SC01,AUTO,40.4592,112.7018,0.0638,end,1,1500,VIDE,0.0,0.0,0.8,0.0,-0.698132,0.0,1,0,18.148,18.921,0.0,0.0,0.8,0.0,5.0,2.0,1.0,0.05,1,0.0,5.0,0.0
1767,2026-04-27T08:37:26.048Z,S20260427_093533,SC01,AUTO,40.5233,112.7659,0.0641,end,1,1500,VIDE,0.0,0.0,0.8,0.0,-0.698132,0.0,1,0,12.4,20.203,0.0,0.0,0.8,0.0,5.0,2.0,1.0,0.05,1,0.0,5.0,0.0
1768,2026-04-27T08:37:26.104Z,S20260427_093533,SC01,AUTO,40.5797,112.8223,0.0563,end,1,1500,VIDE,0.0,0.0,0.8,0.0,-0.698132,0.0,1,0,6.391,19.302,0.0,0.0,0.8,0.0,5.0,2.0,1.0,0.05,1,0.0,5.0,0.0
1769,2026-04-27T08:37:26.173Z,S20260427_093533,SC01,AUTO,40.6482,112.8908,0.0684,end,1,1500,VIDE,0.0,0.0,0.8,0.0,-0.698132,0.0,1,0,38.03,22.321,0.0,0.0,0.8,0.0,5.0,2.0,1.0,0.05,1,0.0,5.0,0.0
1770,2026-04-27T08:37:26.234Z,S20260427_093533,SC01,AUTO,40.7097,112.9523,0.0616,end,1,1500,VIDE,0.0,0.0,0.8,0.0,-0.698132,0.0,1,0,8.583,19.02,0.0,0.0,0.8,0.0,5.0,2.0,1.0,0.05,1,0.0,5.0,0.0
1771,2026-04-27T08:37:26.294Z,S20260427_093533,SC01,AUTO,40.7698,113.0124,0.0601,end,1,1500,VIDE,0.0,0.0,0.8,0.0,-0.698132,0.0,1,0,20.155,19.467,0.0,0.0,0.8,0.0,5.0,2.0,1.0,0.05,1,0.0,5.0,0.0
1772,2026-04-27T08:37:26.356Z,S20260427_093533,SC01,AUTO,40.8309,113.0735,0.0611,end,1,1500,VIDE,0.0,0.0,0.8,0.0,-0.698132,0.0,1,0,15.119,19.002,0.0,0.0,0.8,0.0,5.0,2.0,1.0,0.05,1,0.0,5.0,0.0
1773,2026-04-27T08:37:26.425Z,S20260427_093533,SC01,AUTO,40.9,113.1426,0.0691,end,1,1500,VIDE,0.0,0.0,0.8,0.0,-0.698132,0.0,1,0,8.639,18.953,0.0,0.0,0.8,0.0,5.0,2.0,1.0,0.05,1,0.0,5.0,0.0
1774,2026-04-27T08:37:26.480Z,S20260427_093533,SC01,AUTO,40.955,113.1976,0.055,end,1,1500,VIDE,0.0,0.0,0.8,0.0,-0.698132,0.0,1,0,17.465,18.444,0.0,0.0,0.8,0.0,5.0,2.0,1.0,0.05,1,0.0,5.0,0.0
1775,2026-04-27T08:37:26.544Z,S20260427_093533,SC01,AUTO,41.0195,113.2621,0.0645,end,1,1500,VIDE,0.0,0.0,0.8,0.0,-0.698132,0.0,1,0,29.833,23.805,0.0,0.0,0.8,0.0,5.0,2.0,1.0,0.05,1,0.0,5.0,0.0
1776,2026-04-27T08:37:26.608Z,S20260427_093533,SC01,AUTO,41.0836,113.3262,0.0641,end,1,1500,VIDE,0.0,0.0,0.8,0.0,-0.698132,0.0,1,0,22.149,20.527,0.0,0.0,0.8,0.0,5.0,2.0,1.0,0.05,1,0.0,5.0,0.0
1777,2026-04-27T08:37:26.672Z,S20260427_093533,SC01,AUTO,41.1475,113.3901,0.0638,end,1,1500,VIDE,0.0,0.0,0.8,0.0,-0.698132,0.0,1,0,13.998,19.915,0.0,0.0,0.8,0.0,5.0,2.0,1.0,0.05,1,0.0,5.0,0.0
1778,2026-04-27T08:37:26.735Z,S20260427_093533,SC01,AUTO,41.2101,113.4527,0.0626,end,1,1500,VIDE,0.0,0.0,0.8,0.0,-0.698132,0.0,1,0,14.769,19.658,0.0,0.0,0.8,0.0,5.0,2.0,1.0,0.05,1,0.0,5.0,0.0
1779,2026-04-27T08:37:26.794Z,S20260427_093533,SC01,AUTO,41.2693,113.5119,0.0592,end,1,1500,VIDE,0.0,0.0,0.8,0.0,-0.698132,0.0,1,0,7.696,19.442,0.0,0.0,0.8,0.0,5.0,2.0,1.0,0.05,1,0.0,5.0,0.0
1780,2026-04-27T08:37:26.854Z,S20260427_093533,SC01,AUTO,41.3294,113.572,0.0601,end,1,1500,VIDE,0.0,0.0,0.8,0.0,-0.698132,0.0,1,0,22.563,19.362,0.0,0.0,0.8,0.0,5.0,2.0,1.0,0.05,1,0.0,5.0,0.0
1781,2026-04-27T08:37:26.929Z,S20260427_093533,SC01,AUTO,41.404,113.6466,0.0745,end,1,1500,VIDE,0.0,0.0,0.8,0.0,-0.698132,0.0,1,0,18.036,19.873,0.0,0.0,0.8,0.0,5.0,2.0,1.0,0.05,1,0.0,5.0,0.0
1782,2026-04-27T08:37:26.991Z,S20260427_093533,SC01,AUTO,41.4659,113.7085,0.062,end,1,1500,VIDE,0.0,0.0,0.8,0.0,-0.698132,0.0,1,0,13.174,19.33,0.0,0.0,0.8,0.0,5.0,2.0,1.0,0.05,1,0.0,5.0,0.0
1783,2026-04-27T08:37:27.054Z,S20260427_093533,SC01,AUTO,41.5292,113.7718,0.0633,end,1,1500,VIDE,0.0,0.0,0.8,0.0,-0.698132,0.0,1,0,20.38,18.151,0.0,0.0,0.8,0.0,5.0,2.0,1.0,0.05,1,0.0,5.0,0.0
1784,2026-04-27T08:37:27.115Z,S20260427_093533,SC01,AUTO,41.5904,113.833,0.0612,end,1,1500,VIDE,0.0,0.0,0.8,0.0,-0.698132,0.0,1,0,17.782,18.775,0.0,0.0,0.8,0.0,5.0,2.0,1.0,0.05,1,0.0,5.0,0.0
1785,2026-04-27T08:37:27.174Z,S20260427_093533,SC01,AUTO,41.6495,113.8921,0.0591,end,1,1500,VIDE,0.0,0.0,0.8,0.0,-0.698132,0.0,1,0,5.801,19.259,0.0,0.0,0.8,0.0,5.0,2.0,1.0,0.05,1,0.0,5.0,0.0
1786,2026-04-27T08:37:27.235Z,S20260427_093533,SC01,AUTO,41.7101,113.9526,0.0605,end,1,1500,VIDE,0.0,0.0,0.8,0.0,-0.698132,0.0,1,0,18.183,18.9,0.0,0.0,0.8,0.0,5.0,2.0,1.0,0.05,1,0.0,5.0,0.0
1787,2026-04-27T08:37:27.294Z,S20260427_093533,SC01,AUTO,41.769,114.0116,0.059,end,1,1500,VIDE,0.0,0.0,0.8,0.0,-0.698132,0.0,1,0,8.902,18.738,0.0,0.0,0.8,0.0,5.0,2.0,1.0,0.05,1,0.0,5.0,0.0
1788,2026-04-27T08:37:27.361Z,S20260427_093533,SC01,AUTO,41.8361,114.0787,0.067,end,1,1500,VIDE,0.0,0.0,0.8,0.0,-0.698132,0.0,1,0,22.664,19.58,0.0,0.0,0.8,0.0,5.0,2.0,1.0,0.05,1,0.0,5.0,0.0
1789,2026-04-27T08:37:27.428Z,S20260427_093533,SC01,AUTO,41.9038,114.1464,0.0676,end,1,1500,VIDE,0.0,0.0,0.8,0.0,-0.698132,0.0,1,0,11.22,20.098,0.0,0.0,0.8,0.0,5.0,2.0,1.0,0.05,1,0.0,5.0,0.0
1790,2026-04-27T08:37:27.490Z,S20260427_093533,SC01,AUTO,41.9654,114.208,0.0617,end,1,1500,VIDE,0.0,0.0,0.8,0.0,-0.698132,0.0,1,0,6.339,18.803,0.0,0.0,0.8,0.0,5.0,2.0,1.0,0.05,1,0.0,5.0,0.0
1791,2026-04-27T08:37:27.552Z,S20260427_093533,SC01,AUTO,42.0275,114.2701,0.0621,end,1,1500,VIDE,0.0,0.0,0.8,0.0,-0.698132,0.0,1,0,17.551,19.719,0.0,0.0,0.8,0.0,5.0,2.0,1.0,0.05,1,0.0,5.0,0.0
1792,2026-04-27T08:37:27.614Z,S20260427_093533,SC01,AUTO,42.089,114.3316,0.0615,end,1,1500,VIDE,0.0,0.0,0.8,0.0,-0.698132,0.0,1,0,8.74,20.468,0.0,0.0,0.8,0.0,5.0,2.0,1.0,0.05,1,0.0,5.0,0.0
1793,2026-04-27T08:37:27.675Z,S20260427_093533,SC01,AUTO,42.1507,114.3933,0.0617,end,1,1500,VIDE,0.0,0.0,0.8,0.0,-0.698132,0.0,1,0,18.991,18.451,0.0,0.0,0.8,0.0,5.0,2.0,1.0,0.05,1,0.0,5.0,0.0
1794,2026-04-27T08:37:27.734Z,S20260427_093533,SC01,AUTO,42.2096,114.4522,0.059,end,1,1500,VIDE,0.0,0.0,0.8,0.0,-0.698132,0.0,1,0,13.322,18.579,0.0,0.0,0.8,0.0,5.0,2.0,1.0,0.05,1,0.0,5.0,0.0
1795,2026-04-27T08:37:27.905Z,S20260427_093533,SC01,AUTO,42.3802,114.6228,0.1705,end,1,1500,VIDE,0.0,0.0,0.8,0.0,-0.698132,0.0,3,0,161.215,22.796,0.0,0.0,0.8,0.0,5.0,2.0,1.0,0.05,1,0.0,5.0,0.0
