row_id,wall_time_utc,session_id,scenario_id,execution_mode,scenario_time_s,program_time_s,sample_dt_s,phase,scenario_started,vehicle_mass_kg,mass_label,steer_cmd_deg,throttle_cmd,brake_cmd,speed_mps,yaw_rad,yaw_rate_rps,mode_id,fault_flag,rtt_ms,jitter_ms,steer_ref_deg,throttle_ref,brake_ref,speed_min_mps,speed_max_mps,tol_steer_deg,tol_throttle,tol_brake,speed_in_corridor,e_speed_low,e_speed_high,e_steer_actual
1,2026-04-23T08:55:34.901Z,S20260423_095534,N/A,AUTO,,0.45,0.4453,N/A,0,1500,VIDE,0.0,0.0,0.0,0.0,0.0,0.0,0,0,0.0,0.0,,,,,,,,,,,,
2,2026-04-23T08:55:34.959Z,S20260423_095534,N/A,AUTO,,0.5075,0.0575,N/A,0,1500,VIDE,0.0,0.0,0.0,0.0,0.0,0.0,0,0,0.0,0.0,,,,,,,,,,,,
3,2026-04-23T08:55:35.022Z,S20260423_095534,N/A,AUTO,,0.5711,0.0636,N/A,0,1500,VIDE,0.0,0.0,0.0,0.0,0.0,0.0,0,0,0.0,0.0,,,,,,,,,,,,
4,2026-04-23T08:55:35.084Z,S20260423_095534,N/A,AUTO,,0.6327,0.0617,N/A,0,1500,VIDE,0.0,0.0,0.0,0.0,0.0,0.0,0,0,0.0,0.0,,,,,,,,,,,,
5,2026-04-23T08:55:35.149Z,S20260423_095534,N/A,AUTO,,0.6973,0.0645,N/A,0,1500,VIDE,0.0,0.0,0.0,0.0,0.0,0.0,0,0,0.0,0.0,,,,,,,,,,,,
6,2026-04-23T08:55:35.211Z,S20260423_095534,N/A,AUTO,,0.7595,0.0623,N/A,0,1500,VIDE,0.0,0.0,0.0,0.0,0.0,0.0,0,0,0.0,0.0,,,,,,,,,,,,
7,2026-04-23T08:55:35.273Z,S20260423_095534,N/A,AUTO,,0.8215,0.0619,N/A,0,1500,VIDE,0.0,0.0,0.0,0.0,0.0,0.0,0,0,0.0,0.0,,,,,,,,,,,,
8,2026-04-23T08:55:35.335Z,S20260423_095534,N/A,AUTO,,0.8838,0.0623,N/A,0,1500,VIDE,0.0,0.0,0.0,0.0,0.0,0.0,0,0,0.0,0.0,,,,,,,,,,,,
9,2026-04-23T08:55:35.396Z,S20260423_095534,N/A,AUTO,,0.9451,0.0613,N/A,0,1500,VIDE,0.0,0.0,0.0,0.0,0.0,0.0,0,0,0.0,0.0,,,,,,,,,,,,
10,2026-04-23T08:55:35.462Z,S20260423_095534,N/A,AUTO,,1.0104,0.0654,N/A,0,1500,VIDE,0.0,0.0,0.0,0.0,0.0,0.0,0,0,0.0,0.0,,,,,,,,,,,,
11,2026-04-23T08:55:35.524Z,S20260423_095534,N/A,AUTO,,1.0731,0.0627,N/A,0,1500,VIDE,0.0,0.0,0.0,0.0,0.0,0.0,0,0,0.0,0.0,,,,,,,,,,,,
12,2026-04-23T08:55:35.584Z,S20260423_095534,N/A,AUTO,,1.1326,0.0595,N/A,0,1500,VIDE,0.0,0.0,0.0,0.0,0.0,0.0,0,0,0.0,0.0,,,,,,,,,,,,
13,2026-04-23T08:55:35.651Z,S20260423_095534,N/A,AUTO,,1.1993,0.0668,N/A,0,1500,VIDE,0.0,0.0,0.0,0.0,0.0,0.0,0,0,0.0,0.0,,,,,,,,,,,,
14,2026-04-23T08:55:35.710Z,S20260423_095534,N/A,AUTO,,1.2586,0.0593,N/A,0,1500,VIDE,0.0,0.0,0.0,0.0,0.0,0.0,0,0,0.0,0.0,,,,,,,,,,,,
15,2026-04-23T08:55:35.774Z,S20260423_095534,N/A,AUTO,,1.3231,0.0645,N/A,0,1500,VIDE,0.0,0.0,0.0,0.0,0.0,0.0,0,0,0.0,0.0,,,,,,,,,,,,
16,2026-04-23T08:55:35.837Z,S20260423_095534,N/A,AUTO,,1.3862,0.063,N/A,0,1500,VIDE,0.0,0.0,0.0,0.0,0.0,0.0,0,0,0.0,0.0,,,,,,,,,,,,
17,2026-04-23T08:55:35.900Z,S20260423_095534,N/A,AUTO,,1.4483,0.0621,N/A,0,1500,VIDE,0.0,0.0,0.0,0.0,0.0,0.0,0,0,0.0,0.0,,,,,,,,,,,,
18,2026-04-23T08:55:35.961Z,S20260423_095534,N/A,AUTO,,1.5095,0.0612,N/A,0,1500,VIDE,0.0,0.0,0.0,0.0,0.0,0.0,0,0,0.0,0.0,,,,,,,,,,,,
19,2026-04-23T08:55:36.022Z,S20260423_095534,N/A,AUTO,,1.5702,0.0608,N/A,0,1500,VIDE,0.0,0.0,0.0,0.0,0.0,0.0,0,0,0.0,0.0,,,,,,,,,,,,
20,2026-04-23T08:55:36.188Z,S20260423_095534,N/A,AUTO,,1.7362,0.166,N/A,0,1500,VIDE,0.0,0.0,0.0,0.0,0.0,0.0,0,0,0.0,0.0,,,,,,,,,,,,
21,2026-04-23T08:55:36.210Z,S20260423_095534,N/A,AUTO,,1.7591,0.0228,N/A,0,1500,VIDE,0.0,0.0,0.0,0.0,0.0,0.0,0,0,0.0,0.0,,,,,,,,,,,,
22,2026-04-23T08:55:36.271Z,S20260423_095534,N/A,AUTO,,1.8197,0.0607,N/A,0,1500,VIDE,0.0,0.0,0.0,0.0,0.0,0.0,0,0,0.0,0.0,,,,,,,,,,,,
23,2026-04-23T08:55:36.342Z,S20260423_095534,N/A,AUTO,,1.8904,0.0707,N/A,0,1500,VIDE,0.0,0.0,0.0,0.0,0.0,0.0,0,0,0.0,0.0,,,,,,,,,,,,
24,2026-04-23T08:55:36.398Z,S20260423_095534,N/A,AUTO,,1.9465,0.0561,N/A,0,1500,VIDE,0.0,0.0,0.0,0.0,0.0,0.0,0,0,0.0,0.0,,,,,,,,,,,,
25,2026-04-23T08:55:36.462Z,S20260423_095534,N/A,AUTO,,2.0111,0.0645,N/A,0,1500,VIDE,0.0,0.0,0.0,0.0,0.0,0.0,0,0,0.0,0.0,,,,,,,,,,,,
26,2026-04-23T08:55:36.524Z,S20260423_095534,N/A,AUTO,,2.0732,0.0622,N/A,0,1500,VIDE,0.0,0.0,0.0,0.0,0.0,0.0,0,0,0.0,0.0,,,,,,,,,,,,
27,2026-04-23T08:55:36.584Z,S20260423_095534,N/A,AUTO,,2.1332,0.06,N/A,0,1500,VIDE,0.0,0.0,0.0,0.0,0.0,0.0,0,0,0.0,0.0,,,,,,,,,,,,
28,2026-04-23T08:55:36.657Z,S20260423_095534,N/A,AUTO,,2.2056,0.0724,N/A,0,1500,VIDE,0.0,0.0,0.0,0.0,0.0,0.0,0,0,0.0,0.0,,,,,,,,,,,,
29,2026-04-23T08:55:36.719Z,S20260423_095534,N/A,AUTO,,2.2675,0.0619,N/A,0,1500,VIDE,0.0,0.0,0.0,0.0,0.0,0.0,0,0,0.0,0.0,,,,,,,,,,,,
30,2026-04-23T08:55:36.781Z,S20260423_095534,N/A,AUTO,,2.3298,0.0623,N/A,0,1500,VIDE,0.0,0.0,0.0,0.0,0.0,0.0,0,0,0.0,0.0,,,,,,,,,,,,
31,2026-04-23T08:55:36.843Z,S20260423_095534,N/A,AUTO,,2.3914,0.0616,N/A,0,1500,VIDE,0.0,0.0,0.0,0.0,0.0,0.0,0,0,0.0,0.0,,,,,,,,,,,,
32,2026-04-23T08:55:36.902Z,S20260423_095534,N/A,AUTO,,2.4504,0.059,N/A,0,1500,VIDE,0.0,0.0,0.0,0.0,0.0,0.0,0,0,0.0,0.0,,,,,,,,,,,,
33,2026-04-23T08:55:36.965Z,S20260423_095534,N/A,AUTO,,2.5134,0.063,N/A,0,1500,VIDE,0.0,0.0,0.0,0.0,0.0,0.0,0,0,0.0,0.0,,,,,,,,,,,,
34,2026-04-23T08:55:37.022Z,S20260423_095534,N/A,AUTO,,2.5704,0.057,N/A,0,1500,VIDE,0.0,0.0,0.0,0.0,0.0,0.0,0,0,0.0,0.0,,,,,,,,,,,,
35,2026-04-23T08:55:37.084Z,S20260423_095534,N/A,AUTO,,2.6325,0.0622,N/A,0,1500,VIDE,0.0,0.0,0.0,0.0,0.0,0.0,0,0,0.0,0.0,,,,,,,,,,,,
36,2026-04-23T08:55:37.150Z,S20260423_095534,N/A,AUTO,,2.6983,0.0658,N/A,0,1500,VIDE,0.0,0.0,0.0,0.0,0.0,0.0,0,0,0.0,0.0,,,,,,,,,,,,
37,2026-04-23T08:55:37.214Z,S20260423_095534,N/A,AUTO,,2.7623,0.064,N/A,0,1500,VIDE,0.0,0.0,0.0,0.0,0.0,0.0,0,0,0.0,0.0,,,,,,,,,,,,
38,2026-04-23T08:55:37.278Z,S20260423_095534,N/A,AUTO,,2.8263,0.064,N/A,0,1500,VIDE,0.0,0.0,0.0,0.0,0.0,0.0,0,0,0.0,0.0,,,,,,,,,,,,
39,2026-04-23T08:55:37.334Z,S20260423_095534,N/A,AUTO,,2.8822,0.0559,N/A,0,1500,VIDE,0.0,0.0,0.0,0.0,0.0,0.0,0,0,0.0,0.0,,,,,,,,,,,,
40,2026-04-23T08:55:37.398Z,S20260423_095534,N/A,AUTO,,2.9466,0.0644,N/A,0,1500,VIDE,0.0,0.0,0.0,0.0,0.0,0.0,0,0,0.0,0.0,,,,,,,,,,,,
41,2026-04-23T08:55:37.462Z,S20260423_095534,N/A,AUTO,,3.011,0.0644,N/A,0,1500,VIDE,0.0,0.0,0.0,0.0,0.0,0.0,0,0,0.0,0.0,,,,,,,,,,,,
42,2026-04-23T08:55:37.525Z,S20260423_095534,N/A,AUTO,,3.0732,0.0622,N/A,0,1500,VIDE,0.0,0.0,0.0,0.0,0.0,0.0,0,0,0.0,0.0,,,,,,,,,,,,
43,2026-04-23T08:55:37.584Z,S20260423_095534,N/A,AUTO,,3.1331,0.0598,N/A,0,1500,VIDE,0.0,0.0,0.0,0.0,0.0,0.0,0,0,0.0,0.0,,,,,,,,,,,,
44,2026-04-23T08:55:37.646Z,S20260423_095534,N/A,AUTO,,3.1946,0.0616,N/A,0,1500,VIDE,0.0,0.0,0.0,0.0,0.0,0.0,0,0,0.0,0.0,,,,,,,,,,,,
45,2026-04-23T08:55:37.710Z,S20260423_095534,N/A,AUTO,,3.2585,0.0639,N/A,0,1500,VIDE,0.0,0.0,0.0,0.0,0.0,0.0,0,0,0.0,0.0,,,,,,,,,,,,
46,2026-04-23T08:55:37.775Z,S20260423_095534,N/A,AUTO,,3.3232,0.0647,N/A,0,1500,VIDE,0.0,0.0,0.0,0.0,0.0,0.0,0,0,0.0,0.0,,,,,,,,,,,,
47,2026-04-23T08:55:37.838Z,S20260423_095534,N/A,AUTO,,3.3866,0.0634,N/A,0,1500,VIDE,0.0,0.0,0.0,0.0,0.0,0.0,0,0,0.0,0.0,,,,,,,,,,,,
48,2026-04-23T08:55:37.899Z,S20260423_095534,N/A,AUTO,,3.4476,0.061,N/A,0,1500,VIDE,0.0,0.0,0.0,0.0,0.0,0.0,0,0,0.0,0.0,,,,,,,,,,,,
49,2026-04-23T08:55:37.960Z,S20260423_095534,N/A,AUTO,,3.5091,0.0615,N/A,0,1500,VIDE,0.0,0.0,0.0,0.0,0.0,0.0,0,0,0.0,0.0,,,,,,,,,,,,
50,2026-04-23T08:55:38.022Z,S20260423_095534,N/A,AUTO,,3.5703,0.0612,N/A,0,1500,VIDE,0.0,0.0,0.0,0.0,0.0,0.0,0,0,0.0,0.0,,,,,,,,,,,,
51,2026-04-23T08:55:38.085Z,S20260423_095534,N/A,AUTO,,3.6333,0.063,N/A,0,1500,VIDE,0.0,0.0,0.0,0.0,0.0,0.0,0,0,0.0,0.0,,,,,,,,,,,,
52,2026-04-23T08:55:38.149Z,S20260423_095534,N/A,AUTO,,3.6976,0.0642,N/A,0,1500,VIDE,0.0,0.0,0.0,0.0,0.0,0.0,0,0,0.0,0.0,,,,,,,,,,,,
53,2026-04-23T08:55:38.212Z,S20260423_095534,N/A,AUTO,,3.7602,0.0627,N/A,0,1500,VIDE,0.0,0.0,0.0,0.0,0.0,0.0,0,0,0.0,0.0,,,,,,,,,,,,
54,2026-04-23T08:55:38.275Z,S20260423_095534,N/A,AUTO,,3.8232,0.063,N/A,0,1500,VIDE,0.0,0.0,0.0,0.0,0.0,0.0,0,0,0.0,0.0,,,,,,,,,,,,
55,2026-04-23T08:55:38.337Z,S20260423_095534,N/A,AUTO,,3.8858,0.0626,N/A,0,1500,VIDE,0.0,0.0,0.0,0.0,0.0,0.0,0,0,0.0,0.0,,,,,,,,,,,,
56,2026-04-23T08:55:38.400Z,S20260423_095534,N/A,AUTO,,3.9485,0.0627,N/A,0,1500,VIDE,0.0,0.0,0.0,0.0,0.0,0.0,0,0,0.0,0.0,,,,,,,,,,,,
57,2026-04-23T08:55:38.463Z,S20260423_095534,N/A,AUTO,,4.0113,0.0629,N/A,0,1500,VIDE,0.0,0.0,0.0,0.0,0.0,0.0,0,0,0.0,0.0,,,,,,,,,,,,
58,2026-04-23T08:55:38.525Z,S20260423_095534,N/A,AUTO,,4.0734,0.062,N/A,0,1500,VIDE,0.0,0.0,0.0,0.0,0.0,0.0,0,0,0.0,0.0,,,,,,,,,,,,
59,2026-04-23T08:55:38.585Z,S20260423_095534,N/A,AUTO,,4.1334,0.06,N/A,0,1500,VIDE,0.0,0.0,0.0,0.0,0.0,0.0,0,0,0.0,0.0,,,,,,,,,,,,
60,2026-04-23T08:55:38.650Z,S20260423_095534,N/A,AUTO,,4.1985,0.0652,N/A,0,1500,VIDE,0.0,0.0,0.0,0.0,0.0,0.0,0,0,0.0,0.0,,,,,,,,,,,,
61,2026-04-23T08:55:38.713Z,S20260423_095534,N/A,AUTO,,4.2612,0.0627,N/A,0,1500,VIDE,0.0,0.0,0.0,0.0,0.0,0.0,0,0,0.0,0.0,,,,,,,,,,,,
62,2026-04-23T08:55:38.774Z,S20260423_095534,N/A,AUTO,,4.3225,0.0613,N/A,0,1500,VIDE,0.0,0.0,0.0,0.0,0.0,0.0,0,0,0.0,0.0,,,,,,,,,,,,
63,2026-04-23T08:55:38.836Z,S20260423_095534,N/A,AUTO,,4.3844,0.0619,N/A,0,1500,VIDE,0.0,0.0,0.0,0.0,0.0,0.0,0,0,0.0,0.0,,,,,,,,,,,,
64,2026-04-23T08:55:38.899Z,S20260423_095534,N/A,AUTO,,4.4473,0.0629,N/A,0,1500,VIDE,0.0,0.0,0.0,0.0,0.0,0.0,0,0,0.0,0.0,,,,,,,,,,,,
65,2026-04-23T08:55:38.971Z,S20260423_095534,N/A,AUTO,,4.5197,0.0724,N/A,0,1500,VIDE,0.0,0.0,0.0,0.0,0.0,0.0,0,0,0.0,0.0,,,,,,,,,,,,
66,2026-04-23T08:55:39.030Z,S20260423_095534,N/A,AUTO,,4.5785,0.0588,N/A,0,1500,VIDE,0.0,0.0,0.0,0.0,0.0,0.0,0,0,0.0,0.0,,,,,,,,,,,,
67,2026-04-23T08:55:39.084Z,S20260423_095534,N/A,AUTO,,4.6326,0.0541,N/A,0,1500,VIDE,0.0,0.0,0.0,0.0,0.0,0.0,0,0,0.0,0.0,,,,,,,,,,,,
68,2026-04-23T08:55:39.148Z,S20260423_095534,N/A,AUTO,,4.697,0.0644,N/A,0,1500,VIDE,0.0,0.0,0.0,0.0,0.0,0.0,0,0,0.0,0.0,,,,,,,,,,,,
69,2026-04-23T08:55:39.210Z,S20260423_095534,N/A,AUTO,,4.7588,0.0619,N/A,0,1500,VIDE,0.0,0.0,0.0,0.0,0.0,0.0,0,0,0.0,0.0,,,,,,,,,,,,
70,2026-04-23T08:55:39.273Z,S20260423_095534,N/A,AUTO,,4.8216,0.0628,N/A,0,1500,VIDE,0.0,0.0,0.0,0.0,0.0,0.0,0,0,0.0,0.0,,,,,,,,,,,,
71,2026-04-23T08:55:39.337Z,S20260423_095534,N/A,AUTO,,4.8854,0.0638,N/A,0,1500,VIDE,0.0,0.0,0.0,0.0,0.0,0.0,0,0,0.0,0.0,,,,,,,,,,,,
72,2026-04-23T08:55:39.399Z,S20260423_095534,N/A,AUTO,,4.9479,0.0625,N/A,0,1500,VIDE,0.0,0.0,0.0,0.0,0.0,0.0,0,0,0.0,0.0,,,,,,,,,,,,
73,2026-04-23T08:55:39.462Z,S20260423_095534,N/A,AUTO,,5.0105,0.0626,N/A,0,1500,VIDE,0.0,0.0,0.0,0.0,0.0,0.0,0,0,0.0,0.0,,,,,,,,,,,,
74,2026-04-23T08:55:39.523Z,S20260423_095534,N/A,AUTO,,5.0722,0.0616,N/A,0,1500,VIDE,0.0,0.0,0.0,0.0,0.0,0.0,0,0,0.0,0.0,,,,,,,,,,,,
75,2026-04-23T08:55:39.584Z,S20260423_095534,N/A,AUTO,,5.1332,0.061,N/A,0,1500,VIDE,0.0,0.0,0.0,0.0,0.0,0.0,0,0,0.0,0.0,,,,,,,,,,,,
76,2026-04-23T08:55:39.648Z,S20260423_095534,N/A,AUTO,,5.1967,0.0636,N/A,0,1500,VIDE,0.0,0.0,0.0,0.0,0.0,0.0,0,0,0.0,0.0,,,,,,,,,,,,
77,2026-04-23T08:55:39.710Z,S20260423_095534,N/A,AUTO,,5.2586,0.0619,N/A,0,1500,VIDE,0.0,0.0,0.0,0.0,0.0,0.0,0,0,0.0,0.0,,,,,,,,,,,,
78,2026-04-23T08:55:39.772Z,S20260423_095534,N/A,AUTO,,5.3212,0.0626,N/A,0,1500,VIDE,0.0,0.0,0.0,0.0,0.0,0.0,0,0,0.0,0.0,,,,,,,,,,,,
79,2026-04-23T08:55:39.835Z,S20260423_095534,N/A,AUTO,,5.3833,0.0621,N/A,0,1500,VIDE,0.0,0.0,0.0,0.0,0.0,0.0,0,0,0.0,0.0,,,,,,,,,,,,
80,2026-04-23T08:55:39.897Z,S20260423_095534,N/A,AUTO,,5.4456,0.0623,N/A,0,1500,VIDE,0.0,0.0,0.0,0.0,0.0,0.0,0,0,0.0,0.0,,,,,,,,,,,,
81,2026-04-23T08:55:39.961Z,S20260423_095534,N/A,AUTO,,5.5093,0.0636,N/A,0,1500,VIDE,0.0,0.0,0.0,0.0,0.0,0.0,0,0,0.0,0.0,,,,,,,,,,,,
82,2026-04-23T08:55:40.024Z,S20260423_095534,N/A,AUTO,,5.573,0.0637,N/A,0,1500,VIDE,0.0,0.0,0.0,0.0,0.0,0.0,0,0,0.0,0.0,,,,,,,,,,,,
83,2026-04-23T08:55:40.084Z,S20260423_095534,N/A,AUTO,,5.6323,0.0593,N/A,0,1500,VIDE,0.0,0.0,0.0,0.0,0.0,0.0,0,0,0.0,0.0,,,,,,,,,,,,
84,2026-04-23T08:55:40.148Z,S20260423_095534,N/A,AUTO,,5.6964,0.0641,N/A,0,1500,VIDE,0.0,0.0,0.0,0.0,0.0,0.0,0,0,0.0,0.0,,,,,,,,,,,,
85,2026-04-23T08:55:40.212Z,S20260423_095534,N/A,AUTO,,5.7604,0.064,N/A,0,1500,VIDE,0.0,0.0,0.0,0.0,0.0,0.0,0,0,0.0,0.0,,,,,,,,,,,,
86,2026-04-23T08:55:40.274Z,S20260423_095534,N/A,AUTO,,5.8223,0.0619,N/A,0,1500,VIDE,0.0,0.0,0.0,0.0,0.0,0.0,0,0,0.0,0.0,,,,,,,,,,,,
87,2026-04-23T08:55:40.336Z,S20260423_095534,N/A,AUTO,,5.8844,0.062,N/A,0,1500,VIDE,0.0,0.0,0.0,0.0,0.0,0.0,0,0,0.0,0.0,,,,,,,,,,,,
88,2026-04-23T08:55:40.398Z,S20260423_095534,N/A,AUTO,,5.9464,0.062,N/A,0,1500,VIDE,0.0,0.0,0.0,0.0,0.0,0.0,0,0,0.0,0.0,,,,,,,,,,,,
89,2026-04-23T08:55:40.461Z,S20260423_095534,N/A,AUTO,,6.0096,0.0632,N/A,0,1500,VIDE,0.0,0.0,0.0,0.0,0.0,0.0,0,0,0.0,0.0,,,,,,,,,,,,
90,2026-04-23T08:55:40.522Z,S20260423_095534,N/A,AUTO,,6.0707,0.0612,N/A,0,1500,VIDE,0.0,0.0,0.0,0.0,0.0,0.0,0,0,0.0,0.0,,,,,,,,,,,,
91,2026-04-23T08:55:40.584Z,S20260423_095534,N/A,AUTO,,6.1326,0.0618,N/A,0,1500,VIDE,0.0,0.0,0.0,0.0,0.0,0.0,0,0,0.0,0.0,,,,,,,,,,,,
92,2026-04-23T08:55:40.648Z,S20260423_095534,N/A,AUTO,,6.1965,0.0639,N/A,0,1500,VIDE,0.0,0.0,0.0,0.0,0.0,0.0,0,0,0.0,0.0,,,,,,,,,,,,
93,2026-04-23T08:55:40.710Z,S20260423_095534,N/A,AUTO,,6.2585,0.0621,N/A,0,1500,VIDE,0.0,0.0,0.0,0.0,0.0,0.0,0,0,0.0,0.0,,,,,,,,,,,,
94,2026-04-23T08:55:40.773Z,S20260423_095534,N/A,AUTO,,6.3212,0.0627,N/A,0,1500,VIDE,0.0,0.0,0.0,0.0,0.0,0.0,0,0,0.0,0.0,,,,,,,,,,,,
95,2026-04-23T08:55:40.837Z,S20260423_095534,N/A,AUTO,,6.3861,0.0647,N/A,0,1500,VIDE,0.0,0.0,0.0,0.0,0.0,0.0,0,0,0.0,0.0,,,,,,,,,,,,
96,2026-04-23T08:55:40.898Z,S20260423_095534,N/A,AUTO,,6.4469,0.061,N/A,0,1500,VIDE,0.0,0.0,0.0,0.0,0.0,0.0,0,0,0.0,0.0,,,,,,,,,,,,
97,2026-04-23T08:55:40.959Z,S20260423_095534,N/A,AUTO,,6.5074,0.0605,N/A,0,1500,VIDE,0.0,0.0,0.0,0.0,0.0,0.0,0,0,0.0,0.0,,,,,,,,,,,,
98,2026-04-23T08:55:41.022Z,S20260423_095534,N/A,AUTO,,6.5706,0.0632,N/A,0,1500,VIDE,0.0,0.0,0.0,0.0,0.0,0.0,0,0,0.0,0.0,,,,,,,,,,,,
99,2026-04-23T08:55:41.084Z,S20260423_095534,N/A,AUTO,,6.6327,0.0621,N/A,0,1500,VIDE,0.0,0.0,0.0,0.0,0.0,0.0,0,0,0.0,0.0,,,,,,,,,,,,
100,2026-04-23T08:55:41.150Z,S20260423_095534,N/A,AUTO,,6.6987,0.066,N/A,0,1500,VIDE,0.0,0.0,0.0,0.0,0.0,0.0,0,0,0.0,0.0,,,,,,,,,,,,
101,2026-04-23T08:55:41.211Z,S20260423_095534,N/A,AUTO,,6.7598,0.0611,N/A,0,1500,VIDE,0.0,0.0,0.0,0.0,0.0,0.0,0,0,0.0,0.0,,,,,,,,,,,,
102,2026-04-23T08:55:41.278Z,S20260423_095534,N/A,AUTO,,6.8264,0.0666,N/A,0,1500,VIDE,0.0,0.0,0.0,0.0,0.0,0.0,0,0,0.0,0.0,,,,,,,,,,,,
103,2026-04-23T08:55:41.334Z,S20260423_095534,N/A,AUTO,,6.8826,0.0562,N/A,0,1500,VIDE,0.0,0.0,0.0,0.0,0.0,0.0,0,0,0.0,0.0,,,,,,,,,,,,
104,2026-04-23T08:55:41.398Z,S20260423_095534,N/A,AUTO,,6.9465,0.0639,N/A,0,1500,VIDE,0.0,0.0,0.0,0.0,0.0,0.0,0,0,0.0,0.0,,,,,,,,,,,,
105,2026-04-23T08:55:41.463Z,S20260423_095534,N/A,AUTO,,7.0113,0.0648,N/A,0,1500,VIDE,0.0,0.0,0.0,0.0,0.0,0.0,0,0,0.0,0.0,,,,,,,,,,,,
106,2026-04-23T08:55:41.525Z,S20260423_095534,N/A,AUTO,,7.0736,0.0622,N/A,0,1500,VIDE,0.0,0.0,0.0,0.0,0.0,0.0,0,0,0.0,0.0,,,,,,,,,,,,
107,2026-04-23T08:55:41.584Z,S20260423_095534,N/A,AUTO,,7.1327,0.0591,N/A,0,1500,VIDE,0.0,0.0,0.0,0.0,0.0,0.0,0,0,0.0,0.0,,,,,,,,,,,,
108,2026-04-23T08:55:41.654Z,S20260423_095534,N/A,AUTO,,7.2027,0.07,N/A,0,1500,VIDE,0.0,0.0,0.0,0.0,0.0,0.0,0,0,0.0,0.0,,,,,,,,,,,,
109,2026-04-23T08:55:41.710Z,S20260423_095534,N/A,AUTO,,7.2585,0.0558,N/A,0,1500,VIDE,0.0,0.0,0.0,0.0,0.0,0.0,0,0,0.0,0.0,,,,,,,,,,,,
110,2026-04-23T08:55:41.774Z,S20260423_095534,N/A,AUTO,,7.3226,0.0641,N/A,0,1500,VIDE,0.0,0.0,0.0,0.0,0.0,0.0,0,0,0.0,0.0,,,,,,,,,,,,
111,2026-04-23T08:55:41.838Z,S20260423_095534,N/A,AUTO,,7.3866,0.064,N/A,0,1500,VIDE,0.0,0.0,0.0,0.0,0.0,0.0,0,0,0.0,0.0,,,,,,,,,,,,
112,2026-04-23T08:55:41.902Z,S20260423_095534,N/A,AUTO,,7.4506,0.064,N/A,0,1500,VIDE,0.0,0.0,0.0,0.0,0.0,0.0,0,0,0.0,0.0,,,,,,,,,,,,
113,2026-04-23T08:55:41.964Z,S20260423_095534,N/A,AUTO,,7.5127,0.0621,N/A,0,1500,VIDE,0.0,0.0,0.0,0.0,0.0,0.0,0,0,0.0,0.0,,,,,,,,,,,,
114,2026-04-23T08:55:42.024Z,S20260423_095534,N/A,AUTO,,7.5727,0.06,N/A,0,1500,VIDE,0.0,0.0,0.0,0.0,0.0,0.0,0,0,0.0,0.0,,,,,,,,,,,,
115,2026-04-23T08:55:42.084Z,S20260423_095534,N/A,AUTO,,7.6326,0.0599,N/A,0,1500,VIDE,0.0,0.0,0.0,0.0,0.0,0.0,0,0,0.0,0.0,,,,,,,,,,,,
116,2026-04-23T08:55:42.156Z,S20260423_095534,N/A,AUTO,,7.7048,0.0722,N/A,0,1500,VIDE,0.0,0.0,0.0,0.0,0.0,0.0,0,0,0.0,0.0,,,,,,,,,,,,
117,2026-04-23T08:55:42.214Z,S20260423_095534,N/A,AUTO,,7.7625,0.0577,N/A,0,1500,VIDE,0.0,0.0,0.0,0.0,0.0,0.0,0,0,0.0,0.0,,,,,,,,,,,,
118,2026-04-23T08:55:42.278Z,S20260423_095534,N/A,AUTO,,7.8265,0.064,N/A,0,1500,VIDE,0.0,0.0,0.0,0.0,0.0,0.0,0,0,0.0,0.0,,,,,,,,,,,,
119,2026-04-23T08:55:42.334Z,S20260423_095534,N/A,AUTO,,7.8824,0.0559,N/A,0,1500,VIDE,0.0,0.0,0.0,0.0,0.0,0.0,0,0,0.0,0.0,,,,,,,,,,,,
120,2026-04-23T08:55:42.405Z,S20260423_095534,N/A,AUTO,,7.9537,0.0711,N/A,0,1500,VIDE,0.0,0.0,0.0,0.0,0.0,0.0,0,0,0.0,0.0,,,,,,,,,,,,
121,2026-04-23T08:55:42.465Z,S20260423_095534,N/A,AUTO,,8.0134,0.0599,N/A,0,1500,VIDE,0.0,0.0,0.0,0.0,0.0,0.0,0,0,0.0,0.0,,,,,,,,,,,,
122,2026-04-23T08:55:42.524Z,S20260423_095534,N/A,AUTO,,8.0726,0.0592,N/A,0,1500,VIDE,0.0,0.0,0.0,0.0,0.0,0.0,0,0,0.0,0.0,,,,,,,,,,,,
123,2026-04-23T08:55:42.584Z,S20260423_095534,N/A,AUTO,,8.1325,0.0599,N/A,0,1500,VIDE,0.0,0.0,0.0,0.0,0.0,0.0,0,0,0.0,0.0,,,,,,,,,,,,
124,2026-04-23T08:55:42.650Z,S20260423_095534,N/A,AUTO,,8.1985,0.066,N/A,0,1500,VIDE,0.0,0.0,0.0,0.0,0.0,0.0,0,0,0.0,0.0,,,,,,,,,,,,
125,2026-04-23T08:55:42.712Z,S20260423_095534,N/A,AUTO,,8.2604,0.062,N/A,0,1500,VIDE,0.0,0.0,0.0,0.0,0.0,0.0,0,0,0.0,0.0,,,,,,,,,,,,
126,2026-04-23T08:55:42.774Z,S20260423_095534,N/A,AUTO,,8.3224,0.062,N/A,0,1500,VIDE,0.0,0.0,0.0,0.0,0.0,0.0,0,0,0.0,0.0,,,,,,,,,,,,
127,2026-04-23T08:55:42.836Z,S20260423_095534,N/A,AUTO,,8.3845,0.062,N/A,0,1500,VIDE,0.0,0.0,0.0,0.0,0.0,0.0,0,0,0.0,0.0,,,,,,,,,,,,
128,2026-04-23T08:55:42.898Z,S20260423_095534,N/A,AUTO,,8.4466,0.0621,N/A,0,1500,VIDE,0.0,0.0,0.0,0.0,0.0,0.0,0,0,0.0,0.0,,,,,,,,,,,,
129,2026-04-23T08:55:42.960Z,S20260423_095534,N/A,AUTO,,8.5088,0.0622,N/A,0,1500,VIDE,0.0,0.0,0.0,0.0,0.0,0.0,0,0,0.0,0.0,,,,,,,,,,,,
130,2026-04-23T08:55:43.021Z,S20260423_095534,N/A,AUTO,,8.5698,0.0611,N/A,0,1500,VIDE,0.0,0.0,0.0,0.0,0.0,0.0,0,0,0.0,0.0,,,,,,,,,,,,
131,2026-04-23T08:55:43.085Z,S20260423_095534,N/A,AUTO,,8.6333,0.0635,N/A,0,1500,VIDE,0.0,0.0,0.0,0.0,0.0,0.0,0,0,0.0,0.0,,,,,,,,,,,,
132,2026-04-23T08:55:43.161Z,S20260423_095534,N/A,AUTO,,8.7093,0.0759,N/A,0,1500,VIDE,0.0,0.0,0.0,0.0,0.0,0.0,0,0,0.0,0.0,,,,,,,,,,,,
133,2026-04-23T08:55:43.333Z,S20260423_095534,N/A,AUTO,,8.8822,0.1729,N/A,0,1500,VIDE,0.0,0.0,0.0,0.0,0.0,0.0,0,0,0.0,0.0,,,,,,,,,,,,
134,2026-04-23T08:55:43.408Z,S20260423_095534,N/A,AUTO,,8.9565,0.0744,N/A,0,1500,VIDE,0.0,0.0,0.0,0.0,0.0,0.0,0,0,0.0,0.0,,,,,,,,,,,,
135,2026-04-23T08:55:43.470Z,S20260423_095534,N/A,AUTO,,9.0188,0.0623,N/A,0,1500,VIDE,0.0,0.0,0.0,0.0,0.0,0.0,0,0,0.0,0.0,,,,,,,,,,,,
136,2026-04-23T08:55:43.532Z,S20260423_095534,N/A,AUTO,,9.0812,0.0624,N/A,0,1500,VIDE,0.0,0.0,0.0,0.0,0.0,0.0,0,0,0.0,0.0,,,,,,,,,,,,
137,2026-04-23T08:55:43.594Z,S20260423_095534,N/A,AUTO,,9.1424,0.0612,N/A,0,1500,VIDE,0.0,0.0,0.0,0.0,0.0,0.0,0,0,0.0,0.0,,,,,,,,,,,,
138,2026-04-23T08:55:43.655Z,S20260423_095534,N/A,AUTO,,9.2038,0.0614,N/A,0,1500,VIDE,0.0,0.0,0.0,0.0,0.0,0.0,0,0,0.0,0.0,,,,,,,,,,,,
139,2026-04-23T08:55:43.718Z,S20260423_095534,N/A,AUTO,,9.2669,0.0631,N/A,0,1500,VIDE,0.0,0.0,0.0,0.0,0.0,0.0,0,0,0.0,0.0,,,,,,,,,,,,
140,2026-04-23T08:55:43.780Z,S20260423_095534,N/A,AUTO,,9.3288,0.062,N/A,0,1500,VIDE,0.0,0.0,0.0,0.0,0.0,0.0,0,0,0.0,0.0,,,,,,,,,,,,
141,2026-04-23T08:55:43.843Z,S20260423_095534,N/A,AUTO,,9.3914,0.0626,N/A,0,1500,VIDE,0.0,0.0,0.0,0.0,0.0,0.0,0,0,0.0,0.0,,,,,,,,,,,,
142,2026-04-23T08:55:43.905Z,S20260423_095534,N/A,AUTO,,9.4535,0.0621,N/A,0,1500,VIDE,0.0,0.0,0.0,0.0,0.0,0.0,0,0,0.0,0.0,,,,,,,,,,,,
143,2026-04-23T08:55:43.967Z,S20260423_095534,N/A,AUTO,,9.5159,0.0623,N/A,0,1500,VIDE,0.0,0.0,0.0,0.0,0.0,0.0,0,0,0.0,0.0,,,,,,,,,,,,
144,2026-04-23T08:55:44.029Z,S20260423_095534,N/A,AUTO,,9.578,0.0622,N/A,0,1500,VIDE,0.0,0.0,0.0,0.0,0.0,0.0,0,0,0.0,0.0,,,,,,,,,,,,
145,2026-04-23T08:55:44.091Z,S20260423_095534,N/A,AUTO,,9.6394,0.0614,N/A,0,1500,VIDE,0.0,0.0,0.0,0.0,0.0,0.0,0,0,0.0,0.0,,,,,,,,,,,,
146,2026-04-23T08:55:44.153Z,S20260423_095534,N/A,AUTO,,9.7015,0.0622,N/A,0,1500,VIDE,0.0,0.0,0.0,0.0,0.0,0.0,0,0,0.0,0.0,,,,,,,,,,,,
147,2026-04-23T08:55:44.216Z,S20260423_095534,N/A,AUTO,,9.7646,0.0631,N/A,0,1500,VIDE,0.0,0.0,0.0,0.0,0.0,0.0,0,0,0.0,0.0,,,,,,,,,,,,
148,2026-04-23T08:55:44.278Z,S20260423_095534,N/A,AUTO,,9.8266,0.062,N/A,0,1500,VIDE,0.0,0.0,0.0,0.0,0.0,0.0,0,0,0.0,0.0,,,,,,,,,,,,
149,2026-04-23T08:55:44.341Z,S20260423_095534,N/A,AUTO,,9.8897,0.063,N/A,0,1500,VIDE,0.0,0.0,0.0,0.0,0.0,0.0,0,0,0.0,0.0,,,,,,,,,,,,
150,2026-04-23T08:55:44.404Z,S20260423_095534,N/A,AUTO,,9.9531,0.0635,N/A,0,1500,VIDE,0.0,0.0,0.0,0.0,0.0,0.0,0,0,0.0,0.0,,,,,,,,,,,,
151,2026-04-23T08:55:44.467Z,S20260423_095534,N/A,AUTO,,10.0161,0.063,N/A,0,1500,VIDE,0.0,0.0,0.0,0.0,0.0,0.0,0,0,0.0,0.0,,,,,,,,,,,,
152,2026-04-23T08:55:44.528Z,S20260423_095534,N/A,AUTO,,10.0771,0.061,N/A,0,1500,VIDE,0.0,0.0,0.0,0.0,0.0,0.0,0,0,0.0,0.0,,,,,,,,,,,,
153,2026-04-23T08:55:44.591Z,S20260423_095534,N/A,AUTO,,10.1397,0.0626,N/A,0,1500,VIDE,0.0,0.0,0.0,0.0,0.0,0.0,0,0,0.0,0.0,,,,,,,,,,,,
154,2026-04-23T08:55:44.653Z,S20260423_095534,N/A,AUTO,,10.202,0.0624,N/A,0,1500,VIDE,0.0,0.0,0.0,0.0,0.0,0.0,0,0,0.0,0.0,,,,,,,,,,,,
155,2026-04-23T08:55:44.716Z,S20260423_095534,N/A,AUTO,,10.2649,0.0629,N/A,0,1500,VIDE,0.0,0.0,0.0,0.0,0.0,0.0,0,0,0.0,0.0,,,,,,,,,,,,
156,2026-04-23T08:55:44.780Z,S20260423_095534,N/A,AUTO,,10.3287,0.0638,N/A,0,1500,VIDE,0.0,0.0,0.0,0.0,0.0,0.0,0,0,0.0,0.0,,,,,,,,,,,,
157,2026-04-23T08:55:44.842Z,S20260423_095534,N/A,AUTO,,10.3904,0.0616,N/A,0,1500,VIDE,0.0,0.0,0.0,0.0,0.0,0.0,0,0,0.0,0.0,,,,,,,,,,,,
158,2026-04-23T08:55:44.903Z,S20260423_095534,N/A,AUTO,,10.4515,0.0611,N/A,0,1500,VIDE,0.0,0.0,0.0,0.0,0.0,0.0,0,0,0.0,0.0,,,,,,,,,,,,
159,2026-04-23T08:55:44.965Z,S20260423_095534,N/A,AUTO,,10.5136,0.0621,N/A,0,1500,VIDE,0.0,0.0,0.0,0.0,0.0,0.0,0,0,0.0,0.0,,,,,,,,,,,,
160,2026-04-23T08:55:45.027Z,S20260423_095534,N/A,AUTO,,10.5757,0.0621,N/A,0,1500,VIDE,0.0,0.0,0.0,0.0,0.0,0.0,0,0,0.0,0.0,,,,,,,,,,,,
161,2026-04-23T08:55:45.089Z,S20260423_095534,N/A,AUTO,,10.6376,0.0619,N/A,0,1500,VIDE,0.0,0.0,0.0,0.0,0.0,0.0,0,0,0.0,0.0,,,,,,,,,,,,
162,2026-04-23T08:55:45.151Z,S20260423_095534,N/A,AUTO,,10.6994,0.0618,N/A,0,1500,VIDE,0.0,0.0,0.0,0.0,0.0,0.0,0,0,0.0,0.0,,,,,,,,,,,,
163,2026-04-23T08:55:45.213Z,S20260423_095534,N/A,AUTO,,10.7619,0.0625,N/A,0,1500,VIDE,0.0,0.0,0.0,0.0,0.0,0.0,0,0,0.0,0.0,,,,,,,,,,,,
164,2026-04-23T08:55:45.275Z,S20260423_095534,N/A,AUTO,,10.8235,0.0616,N/A,0,1500,VIDE,0.0,0.0,0.0,0.0,0.0,0.0,0,0,0.0,0.0,,,,,,,,,,,,
165,2026-04-23T08:55:45.336Z,S20260423_095534,N/A,AUTO,,10.8848,0.0613,N/A,0,1500,VIDE,0.0,0.0,0.0,0.0,0.0,0.0,0,0,0.0,0.0,,,,,,,,,,,,
166,2026-04-23T08:55:45.397Z,S20260423_095534,N/A,AUTO,,10.9458,0.0611,N/A,0,1500,VIDE,0.0,0.0,0.0,0.0,0.0,0.0,0,0,0.0,0.0,,,,,,,,,,,,
167,2026-04-23T08:55:45.460Z,S20260423_095534,N/A,AUTO,,11.0083,0.0625,N/A,0,1500,VIDE,0.0,0.0,0.0,0.0,0.0,0.0,0,0,0.0,0.0,,,,,,,,,,,,
168,2026-04-23T08:55:45.522Z,S20260423_095534,N/A,AUTO,,11.0706,0.0623,N/A,0,1500,VIDE,0.0,0.0,0.0,0.0,0.0,0.0,0,0,0.0,0.0,,,,,,,,,,,,
169,2026-04-23T08:55:45.585Z,S20260423_095534,N/A,AUTO,,11.1338,0.0632,N/A,0,1500,VIDE,0.0,0.0,0.0,0.0,0.0,0.0,0,0,0.0,0.0,,,,,,,,,,,,
170,2026-04-23T08:55:45.648Z,S20260423_095534,N/A,AUTO,,11.197,0.0633,N/A,0,1500,VIDE,0.0,0.0,0.0,0.0,0.0,0.0,0,0,0.0,0.0,,,,,,,,,,,,
171,2026-04-23T08:55:45.709Z,S20260423_095534,N/A,AUTO,,11.258,0.061,N/A,0,1500,VIDE,0.0,0.0,0.0,0.0,0.0,0.0,0,0,0.0,0.0,,,,,,,,,,,,
172,2026-04-23T08:55:45.773Z,S20260423_095534,N/A,AUTO,,11.3217,0.0637,N/A,0,1500,VIDE,0.0,0.0,0.0,0.0,0.0,0.0,0,0,0.0,0.0,,,,,,,,,,,,
173,2026-04-23T08:55:45.834Z,S20260423_095534,N/A,AUTO,,11.3831,0.0614,N/A,0,1500,VIDE,0.0,0.0,0.0,0.0,0.0,0.0,0,0,0.0,0.0,,,,,,,,,,,,
174,2026-04-23T08:55:45.896Z,S20260423_095534,N/A,AUTO,,11.4448,0.0617,N/A,0,1500,VIDE,0.0,0.0,0.0,0.0,0.0,0.0,0,0,0.0,0.0,,,,,,,,,,,,
175,2026-04-23T08:55:45.959Z,S20260423_095534,N/A,AUTO,,11.5079,0.0631,N/A,0,1500,VIDE,0.0,0.0,0.0,0.0,0.0,0.0,0,0,0.0,0.0,,,,,,,,,,,,
176,2026-04-23T08:55:46.022Z,S20260423_095534,N/A,AUTO,,11.5706,0.0627,N/A,0,1500,VIDE,0.0,0.0,0.0,0.0,0.0,0.0,0,0,0.0,0.0,,,,,,,,,,,,
177,2026-04-23T08:55:46.085Z,S20260423_095534,N/A,AUTO,,11.6333,0.0626,N/A,0,1500,VIDE,0.0,0.0,0.0,0.0,0.0,0.0,0,0,0.0,0.0,,,,,,,,,,,,
178,2026-04-23T08:55:46.147Z,S20260423_095534,N/A,AUTO,,11.696,0.0628,N/A,0,1500,VIDE,0.0,0.0,0.0,0.0,0.0,0.0,0,0,0.0,0.0,,,,,,,,,,,,
179,2026-04-23T08:55:46.210Z,S20260423_095534,N/A,AUTO,,11.7584,0.0624,N/A,0,1500,VIDE,0.0,0.0,0.0,0.0,0.0,0.0,0,0,0.0,0.0,,,,,,,,,,,,
180,2026-04-23T08:55:46.271Z,S20260423_095534,N/A,AUTO,,11.8196,0.0612,N/A,0,1500,VIDE,0.0,0.0,0.0,0.0,0.0,0.0,0,0,0.0,0.0,,,,,,,,,,,,
181,2026-04-23T08:55:46.334Z,S20260423_095534,N/A,AUTO,,11.883,0.0633,N/A,0,1500,VIDE,0.0,0.0,0.0,0.0,0.0,0.0,0,0,0.0,0.0,,,,,,,,,,,,
182,2026-04-23T08:55:46.396Z,S20260423_095534,N/A,AUTO,,11.9449,0.062,N/A,0,1500,VIDE,0.0,0.0,0.0,0.0,0.0,0.0,0,0,0.0,0.0,,,,,,,,,,,,
183,2026-04-23T08:55:46.463Z,S20260423_095534,N/A,AUTO,,12.0119,0.0669,N/A,0,1500,VIDE,0.0,0.0,0.0,0.0,0.0,0.0,0,0,0.0,0.0,,,,,,,,,,,,
184,2026-04-23T08:55:46.527Z,S20260423_095534,N/A,AUTO,,12.0753,0.0635,N/A,0,1500,VIDE,0.0,0.0,0.0,0.0,0.0,0.0,0,0,0.0,0.0,,,,,,,,,,,,
185,2026-04-23T08:55:46.591Z,S20260423_095534,N/A,AUTO,,12.1392,0.0639,N/A,0,1500,VIDE,0.0,0.0,0.0,0.0,0.0,0.0,0,0,0.0,0.0,,,,,,,,,,,,
186,2026-04-23T08:55:46.647Z,S20260423_095534,N/A,AUTO,,12.1955,0.0563,N/A,0,1500,VIDE,0.0,0.0,0.0,0.0,0.0,0.0,0,0,0.0,0.0,,,,,,,,,,,,
187,2026-04-23T08:55:46.710Z,S20260423_095534,N/A,AUTO,,12.2588,0.0633,N/A,0,1500,VIDE,0.0,0.0,0.0,0.0,0.0,0.0,0,0,0.0,0.0,,,,,,,,,,,,
188,2026-04-23T08:55:46.771Z,S20260423_095534,N/A,AUTO,,12.3199,0.0611,N/A,0,1500,VIDE,0.0,0.0,0.0,0.0,0.0,0.0,0,0,0.0,0.0,,,,,,,,,,,,
189,2026-04-23T08:55:46.835Z,S20260423_095534,N/A,AUTO,,12.3834,0.0635,N/A,0,1500,VIDE,0.0,0.0,0.0,0.0,0.0,0.0,0,0,0.0,0.0,,,,,,,,,,,,
190,2026-04-23T08:55:46.897Z,S20260423_095534,N/A,AUTO,,12.4454,0.062,N/A,0,1500,VIDE,0.0,0.0,0.0,0.0,0.0,0.0,0,0,0.0,0.0,,,,,,,,,,,,
191,2026-04-23T08:55:46.960Z,S20260423_095534,N/A,AUTO,,12.5087,0.0632,N/A,0,1500,VIDE,0.0,0.0,0.0,0.0,0.0,0.0,0,0,0.0,0.0,,,,,,,,,,,,
192,2026-04-23T08:55:47.036Z,S20260423_095534,N/A,AUTO,,12.5844,0.0758,N/A,0,1500,VIDE,0.0,0.0,0.0,0.0,0.0,0.0,0,0,0.0,0.0,,,,,,,,,,,,
193,2026-04-23T08:55:47.098Z,S20260423_095534,N/A,AUTO,,12.6465,0.062,N/A,0,1500,VIDE,0.0,0.0,0.0,0.0,0.0,0.0,0,0,0.0,0.0,,,,,,,,,,,,
194,2026-04-23T08:55:47.149Z,S20260423_095534,N/A,AUTO,,12.6972,0.0508,N/A,0,1500,VIDE,0.0,0.0,0.0,0.0,0.0,0.0,0,0,0.0,0.0,,,,,,,,,,,,
195,2026-04-23T08:55:47.209Z,S20260423_095534,N/A,AUTO,,12.7582,0.0609,N/A,0,1500,VIDE,0.0,0.0,0.0,0.0,0.0,0.0,0,0,0.0,0.0,,,,,,,,,,,,
196,2026-04-23T08:55:47.271Z,S20260423_095534,N/A,AUTO,,12.8198,0.0617,N/A,0,1500,VIDE,0.0,0.0,0.0,0.0,0.0,0.0,0,0,0.0,0.0,,,,,,,,,,,,
197,2026-04-23T08:55:47.348Z,S20260423_095534,N/A,AUTO,,12.8963,0.0765,N/A,0,1500,VIDE,0.0,0.0,0.0,0.0,0.0,0.0,0,0,0.0,0.0,,,,,,,,,,,,
198,2026-04-23T08:55:47.408Z,S20260423_095534,N/A,AUTO,,12.9565,0.0601,N/A,0,1500,VIDE,0.0,0.0,0.0,0.0,0.0,0.0,0,0,0.0,0.0,,,,,,,,,,,,
199,2026-04-23T08:55:47.471Z,S20260423_095534,N/A,AUTO,,13.0194,0.063,N/A,0,1500,VIDE,0.0,0.0,0.0,0.0,0.0,0.0,0,0,0.0,0.0,,,,,,,,,,,,
200,2026-04-23T08:55:47.532Z,S20260423_095534,N/A,AUTO,,13.0806,0.0611,N/A,0,1500,VIDE,0.0,0.0,0.0,0.0,0.0,0.0,0,0,0.0,0.0,,,,,,,,,,,,
201,2026-04-23T08:55:47.594Z,S20260423_095534,N/A,AUTO,,13.1427,0.0621,N/A,0,1500,VIDE,0.0,0.0,0.0,0.0,0.0,0.0,0,0,0.0,0.0,,,,,,,,,,,,
202,2026-04-23T08:55:47.656Z,S20260423_095534,N/A,AUTO,,13.2045,0.0618,N/A,0,1500,VIDE,0.0,0.0,0.0,0.0,0.0,0.0,0,0,0.0,0.0,,,,,,,,,,,,
203,2026-04-23T08:55:47.719Z,S20260423_095534,N/A,AUTO,,13.2677,0.0632,N/A,0,1500,VIDE,0.0,0.0,0.0,0.0,0.0,0.0,0,0,0.0,0.0,,,,,,,,,,,,
204,2026-04-23T08:55:47.782Z,S20260423_095534,N/A,AUTO,,13.3312,0.0635,N/A,0,1500,VIDE,0.0,0.0,0.0,0.0,0.0,0.0,0,0,0.0,0.0,,,,,,,,,,,,
205,2026-04-23T08:55:47.846Z,S20260423_095534,N/A,AUTO,,13.3945,0.0633,N/A,0,1500,VIDE,0.0,0.0,0.0,0.0,0.0,0.0,0,0,0.0,0.0,,,,,,,,,,,,
206,2026-04-23T08:55:47.903Z,S20260423_095534,N/A,AUTO,,13.452,0.0574,N/A,0,1500,VIDE,0.0,0.0,0.0,0.0,0.0,0.0,0,0,0.0,0.0,,,,,,,,,,,,
207,2026-04-23T08:55:47.965Z,S20260423_095534,N/A,AUTO,,13.5138,0.0619,N/A,0,1500,VIDE,0.0,0.0,0.0,0.0,0.0,0.0,0,0,0.0,0.0,,,,,,,,,,,,
208,2026-04-23T08:55:48.023Z,S20260423_095534,N/A,AUTO,,13.5715,0.0577,N/A,0,1500,VIDE,0.0,0.0,0.0,0.0,0.0,0.0,0,0,0.0,0.0,,,,,,,,,,,,
209,2026-04-23T08:55:48.087Z,S20260423_095534,N/A,AUTO,,13.636,0.0645,N/A,0,1500,VIDE,0.0,0.0,0.0,0.0,0.0,0.0,0,0,0.0,0.0,,,,,,,,,,,,
210,2026-04-23T08:55:48.149Z,S20260423_095534,N/A,AUTO,,13.6976,0.0616,N/A,0,1500,VIDE,0.0,0.0,0.0,0.0,0.0,0.0,0,0,0.0,0.0,,,,,,,,,,,,
211,2026-04-23T08:55:48.214Z,S20260423_095534,N/A,AUTO,,13.7629,0.0654,N/A,0,1500,VIDE,0.0,0.0,0.0,0.0,0.0,0.0,0,0,0.0,0.0,,,,,,,,,,,,
212,2026-04-23T08:55:48.272Z,S20260423_095534,N/A,AUTO,,13.8209,0.058,N/A,0,1500,VIDE,0.0,0.0,0.0,0.0,0.0,0.0,0,0,0.0,0.0,,,,,,,,,,,,
213,2026-04-23T08:55:48.339Z,S20260423_095534,N/A,AUTO,,13.8877,0.0667,N/A,0,1500,VIDE,0.0,0.0,0.0,0.0,0.0,0.0,0,0,0.0,0.0,,,,,,,,,,,,
214,2026-04-23T08:55:48.399Z,S20260423_095534,N/A,AUTO,,13.9481,0.0604,N/A,0,1500,VIDE,0.0,0.0,0.0,0.0,0.0,0.0,0,0,0.0,0.0,,,,,,,,,,,,
215,2026-04-23T08:55:48.469Z,S20260423_095534,N/A,AUTO,,14.0179,0.0698,N/A,0,1500,VIDE,0.0,0.0,0.0,0.0,0.0,0.0,0,0,0.0,0.0,,,,,,,,,,,,
216,2026-04-23T08:55:48.530Z,S20260423_095534,N/A,AUTO,,14.0789,0.0611,N/A,0,1500,VIDE,0.0,0.0,0.0,0.0,0.0,0.0,0,0,0.0,0.0,,,,,,,,,,,,
217,2026-04-23T08:55:48.587Z,S20260423_095534,N/A,AUTO,,14.1357,0.0568,N/A,0,1500,VIDE,0.0,0.0,0.0,0.0,0.0,0.0,0,0,0.0,0.0,,,,,,,,,,,,
218,2026-04-23T08:55:48.648Z,S20260423_095534,N/A,AUTO,,14.1965,0.0608,N/A,0,1500,VIDE,0.0,0.0,0.0,0.0,0.0,0.0,0,0,0.0,0.0,,,,,,,,,,,,
219,2026-04-23T08:55:48.709Z,S20260423_095534,N/A,AUTO,,14.2575,0.061,N/A,0,1500,VIDE,0.0,0.0,0.0,0.0,0.0,0.0,0,0,0.0,0.0,,,,,,,,,,,,
220,2026-04-23T08:55:48.772Z,S20260423_095534,N/A,AUTO,,14.3207,0.0632,N/A,0,1500,VIDE,0.0,0.0,0.0,0.0,0.0,0.0,0,0,0.0,0.0,,,,,,,,,,,,
221,2026-04-23T08:55:48.837Z,S20260423_095534,N/A,AUTO,,14.3853,0.0646,N/A,0,1500,VIDE,0.0,0.0,0.0,0.0,0.0,0.0,0,0,0.0,0.0,,,,,,,,,,,,
222,2026-04-23T08:55:48.900Z,S20260423_095534,N/A,AUTO,,14.449,0.0637,N/A,0,1500,VIDE,0.0,0.0,0.0,0.0,0.0,0.0,0,0,0.0,0.0,,,,,,,,,,,,
223,2026-04-23T08:55:48.964Z,S20260423_095534,N/A,AUTO,,14.5127,0.0638,N/A,0,1500,VIDE,0.0,0.0,0.0,0.0,0.0,0.0,0,0,0.0,0.0,,,,,,,,,,,,
224,2026-04-23T08:55:49.026Z,S20260423_095534,N/A,AUTO,,14.575,0.0623,N/A,0,1500,VIDE,0.0,0.0,0.0,0.0,0.0,0.0,0,0,0.0,0.0,,,,,,,,,,,,
225,2026-04-23T08:55:49.086Z,S20260423_095534,N/A,AUTO,,14.6351,0.0601,N/A,0,1500,VIDE,0.0,0.0,0.0,0.0,0.0,0.0,0,0,0.0,0.0,,,,,,,,,,,,
226,2026-04-23T08:55:49.152Z,S20260423_095534,N/A,AUTO,,14.7005,0.0654,N/A,0,1500,VIDE,0.0,0.0,0.0,0.0,0.0,0.0,0,0,0.0,0.0,,,,,,,,,,,,
227,2026-04-23T08:55:49.215Z,S20260423_095534,N/A,AUTO,,14.7635,0.063,N/A,0,1500,VIDE,0.0,0.0,0.0,0.0,0.0,0.0,0,0,0.0,0.0,,,,,,,,,,,,
228,2026-04-23T08:55:49.278Z,S20260423_095534,N/A,AUTO,,14.8263,0.0628,N/A,0,1500,VIDE,0.0,0.0,0.0,0.0,0.0,0.0,0,0,0.0,0.0,,,,,,,,,,,,
229,2026-04-23T08:55:49.338Z,S20260423_095534,N/A,AUTO,,14.8866,0.0603,N/A,0,1500,VIDE,0.0,0.0,0.0,0.0,0.0,0.0,0,0,0.0,0.0,,,,,,,,,,,,
230,2026-04-23T08:55:49.396Z,S20260423_095534,N/A,AUTO,,14.9447,0.0581,N/A,0,1500,VIDE,0.0,0.0,0.0,0.0,0.0,0.0,0,0,0.0,0.0,,,,,,,,,,,,
231,2026-04-23T08:55:49.461Z,S20260423_095534,N/A,AUTO,,15.0095,0.0648,N/A,0,1500,VIDE,0.0,0.0,0.0,0.0,0.0,0.0,0,0,0.0,0.0,,,,,,,,,,,,
232,2026-04-23T08:55:49.523Z,S20260423_095534,N/A,AUTO,,15.0721,0.0626,N/A,0,1500,VIDE,0.0,0.0,0.0,0.0,0.0,0.0,0,0,0.0,0.0,,,,,,,,,,,,
233,2026-04-23T08:55:49.585Z,S20260423_095534,N/A,AUTO,,15.1338,0.0618,N/A,0,1500,VIDE,0.0,0.0,0.0,0.0,0.0,0.0,0,0,0.0,0.0,,,,,,,,,,,,
234,2026-04-23T08:55:49.649Z,S20260423_095534,N/A,AUTO,,15.198,0.0642,N/A,0,1500,VIDE,0.0,0.0,0.0,0.0,0.0,0.0,0,0,0.0,0.0,,,,,,,,,,,,
235,2026-04-23T08:55:49.712Z,S20260423_095534,N/A,AUTO,,15.2609,0.0628,N/A,0,1500,VIDE,0.0,0.0,0.0,0.0,0.0,0.0,0,0,0.0,0.0,,,,,,,,,,,,
236,2026-04-23T08:55:49.771Z,S20260423_095534,N/A,AUTO,,15.3197,0.0588,N/A,0,1500,VIDE,0.0,0.0,0.0,0.0,0.0,0.0,0,0,0.0,0.0,,,,,,,,,,,,
237,2026-04-23T08:55:49.835Z,S20260423_095534,N/A,AUTO,,15.3835,0.0638,N/A,0,1500,VIDE,0.0,0.0,0.0,0.0,0.0,0.0,0,0,0.0,0.0,,,,,,,,,,,,
238,2026-04-23T08:55:49.897Z,S20260423_095534,N/A,AUTO,,15.4457,0.0621,N/A,0,1500,VIDE,0.0,0.0,0.0,0.0,0.0,0.0,0,0,0.0,0.0,,,,,,,,,,,,
239,2026-04-23T08:55:49.960Z,S20260423_095534,N/A,AUTO,,15.5088,0.0632,N/A,0,1500,VIDE,0.0,0.0,0.0,0.0,0.0,0.0,0,0,0.0,0.0,,,,,,,,,,,,
240,2026-04-23T08:55:50.023Z,S20260423_095534,N/A,AUTO,,15.5717,0.0628,N/A,0,1500,VIDE,0.0,0.0,0.0,0.0,0.0,0.0,0,0,0.0,0.0,,,,,,,,,,,,
241,2026-04-23T08:55:50.085Z,S20260423_095534,N/A,AUTO,,15.6336,0.0619,N/A,0,1500,VIDE,0.0,0.0,0.0,0.0,0.0,0.0,0,0,0.0,0.0,,,,,,,,,,,,
242,2026-04-23T08:55:50.146Z,S20260423_095534,N/A,AUTO,,15.6952,0.0616,N/A,0,1500,VIDE,0.0,0.0,0.0,0.0,0.0,0.0,0,0,0.0,0.0,,,,,,,,,,,,
243,2026-04-23T08:55:50.210Z,S20260423_095534,N/A,AUTO,,15.7587,0.0635,N/A,0,1500,VIDE,0.0,0.0,0.0,0.0,0.0,0.0,0,0,0.0,0.0,,,,,,,,,,,,
244,2026-04-23T08:55:50.273Z,S20260423_095534,N/A,AUTO,,15.8218,0.0631,N/A,0,1500,VIDE,0.0,0.0,0.0,0.0,0.0,0.0,0,0,0.0,0.0,,,,,,,,,,,,
245,2026-04-23T08:55:50.336Z,S20260423_095534,N/A,AUTO,,15.8847,0.0629,N/A,0,1500,VIDE,0.0,0.0,0.0,0.0,0.0,0.0,0,0,0.0,0.0,,,,,,,,,,,,
246,2026-04-23T08:55:50.399Z,S20260423_095534,N/A,AUTO,,15.9479,0.0633,N/A,0,1500,VIDE,0.0,0.0,0.0,0.0,0.0,0.0,0,0,0.0,0.0,,,,,,,,,,,,
247,2026-04-23T08:55:50.461Z,S20260423_095534,N/A,AUTO,,16.0097,0.0617,N/A,0,1500,VIDE,0.0,0.0,0.0,0.0,0.0,0.0,0,0,0.0,0.0,,,,,,,,,,,,
248,2026-04-23T08:55:50.522Z,S20260423_095534,N/A,AUTO,,16.0709,0.0613,N/A,0,1500,VIDE,0.0,0.0,0.0,0.0,0.0,0.0,0,0,0.0,0.0,,,,,,,,,,,,
249,2026-04-23T08:55:50.584Z,S20260423_095534,N/A,AUTO,,16.133,0.062,N/A,0,1500,VIDE,0.0,0.0,0.0,0.0,0.0,0.0,0,0,0.0,0.0,,,,,,,,,,,,
250,2026-04-23T08:55:50.647Z,S20260423_095534,N/A,AUTO,,16.1955,0.0626,N/A,0,1500,VIDE,0.0,0.0,0.0,0.0,0.0,0.0,0,0,0.0,0.0,,,,,,,,,,,,
251,2026-04-23T08:55:50.711Z,S20260423_095534,N/A,AUTO,,16.2592,0.0638,N/A,0,1500,VIDE,0.0,0.0,0.0,0.0,0.0,0.0,0,0,0.0,0.0,,,,,,,,,,,,
252,2026-04-23T08:55:50.772Z,S20260423_095534,N/A,AUTO,,16.3209,0.0616,N/A,0,1500,VIDE,0.0,0.0,0.0,0.0,0.0,0.0,0,0,0.0,0.0,,,,,,,,,,,,
253,2026-04-23T08:55:50.836Z,S20260423_095534,N/A,AUTO,,16.3845,0.0636,N/A,0,1500,VIDE,0.0,0.0,0.0,0.0,0.0,0.0,0,0,0.0,0.0,,,,,,,,,,,,
254,2026-04-23T08:55:50.899Z,S20260423_095534,N/A,AUTO,,16.4482,0.0637,N/A,0,1500,VIDE,0.0,0.0,0.0,0.0,0.0,0.0,0,0,0.0,0.0,,,,,,,,,,,,
255,2026-04-23T08:55:50.962Z,S20260423_095534,N/A,AUTO,,16.5103,0.0621,N/A,0,1500,VIDE,0.0,0.0,0.0,0.0,0.0,0.0,0,0,0.0,0.0,,,,,,,,,,,,
256,2026-04-23T08:55:51.024Z,S20260423_095534,N/A,AUTO,,16.5727,0.0624,N/A,0,1500,VIDE,0.0,0.0,0.0,0.0,0.0,0.0,0,0,0.0,0.0,,,,,,,,,,,,
257,2026-04-23T08:55:51.086Z,S20260423_095534,N/A,AUTO,,16.6345,0.0618,N/A,0,1500,VIDE,0.0,0.0,0.0,0.0,0.0,0.0,0,0,0.0,0.0,,,,,,,,,,,,
258,2026-04-23T08:55:51.147Z,S20260423_095534,N/A,AUTO,,16.6956,0.0611,N/A,0,1500,VIDE,0.0,0.0,0.0,0.0,0.0,0.0,0,0,0.0,0.0,,,,,,,,,,,,
259,2026-04-23T08:55:51.210Z,S20260423_095534,N/A,AUTO,,16.7588,0.0633,N/A,0,1500,VIDE,0.0,0.0,0.0,0.0,0.0,0.0,0,0,0.0,0.0,,,,,,,,,,,,
260,2026-04-23T08:55:51.271Z,S20260423_095534,N/A,AUTO,,16.8201,0.0613,N/A,0,1500,VIDE,0.0,0.0,0.0,0.0,0.0,0.0,0,0,0.0,0.0,,,,,,,,,,,,
261,2026-04-23T08:55:51.335Z,S20260423_095534,N/A,AUTO,,16.8836,0.0635,N/A,0,1500,VIDE,0.0,0.0,0.0,0.0,0.0,0.0,0,0,0.0,0.0,,,,,,,,,,,,
262,2026-04-23T08:55:51.399Z,S20260423_095534,N/A,AUTO,,16.9474,0.0638,N/A,0,1500,VIDE,0.0,0.0,0.0,0.0,0.0,0.0,0,0,0.0,0.0,,,,,,,,,,,,
263,2026-04-23T08:55:51.460Z,S20260423_095534,N/A,AUTO,,17.0091,0.0617,N/A,0,1500,VIDE,0.0,0.0,0.0,0.0,0.0,0.0,0,0,0.0,0.0,,,,,,,,,,,,
264,2026-04-23T08:55:51.537Z,S20260423_095534,N/A,AUTO,,17.0856,0.0765,N/A,0,1500,VIDE,0.0,0.0,0.0,0.0,0.0,0.0,0,0,0.0,0.0,,,,,,,,,,,,
265,2026-04-23T08:55:51.599Z,S20260423_095534,N/A,AUTO,,17.1481,0.0626,N/A,0,1500,VIDE,0.0,0.0,0.0,0.0,0.0,0.0,0,0,0.0,0.0,,,,,,,,,,,,
266,2026-04-23T08:55:51.662Z,S20260423_095534,N/A,AUTO,,17.2112,0.063,N/A,0,1500,VIDE,0.0,0.0,0.0,0.0,0.0,0.0,0,0,0.0,0.0,,,,,,,,,,,,
267,2026-04-23T08:55:51.724Z,S20260423_095534,N/A,AUTO,,17.2732,0.0621,N/A,0,1500,VIDE,0.0,0.0,0.0,0.0,0.0,0.0,0,0,0.0,0.0,,,,,,,,,,,,
268,2026-04-23T08:55:51.788Z,S20260423_095534,N/A,AUTO,,17.337,0.0638,N/A,0,1500,VIDE,0.0,0.0,0.0,0.0,0.0,0.0,0,0,0.0,0.0,,,,,,,,,,,,
269,2026-04-23T08:55:51.854Z,S20260423_095534,N/A,AUTO,,17.4023,0.0653,N/A,0,1500,VIDE,0.0,0.0,0.0,0.0,0.0,0.0,0,0,0.0,0.0,,,,,,,,,,,,
270,2026-04-23T08:55:51.920Z,S20260423_095534,N/A,AUTO,,17.469,0.0667,N/A,0,1500,VIDE,0.0,0.0,0.0,0.0,0.0,0.0,0,0,0.0,0.0,,,,,,,,,,,,
271,2026-04-23T08:55:51.979Z,S20260423_095534,N/A,AUTO,,17.5282,0.0591,N/A,0,1500,VIDE,0.0,0.0,0.0,0.0,0.0,0.0,0,0,0.0,0.0,,,,,,,,,,,,
272,2026-04-23T08:55:52.037Z,S20260423_095534,N/A,AUTO,,17.5862,0.058,N/A,0,1500,VIDE,0.0,0.0,0.0,0.0,0.0,0.0,0,0,0.0,0.0,,,,,,,,,,,,
273,2026-04-23T08:55:52.104Z,S20260423_095534,N/A,AUTO,,17.6523,0.0662,N/A,0,1500,VIDE,0.0,0.0,0.0,0.0,0.0,0.0,0,0,0.0,0.0,,,,,,,,,,,,
274,2026-04-23T08:55:52.163Z,S20260423_095534,N/A,AUTO,,17.7114,0.0592,N/A,0,1500,VIDE,0.0,0.0,0.0,0.0,0.0,0.0,0,0,0.0,0.0,,,,,,,,,,,,
275,2026-04-23T08:55:52.228Z,S20260423_095534,N/A,AUTO,,17.7765,0.0649,N/A,0,1500,VIDE,0.0,0.0,0.0,0.0,0.0,0.0,0,0,0.0,0.0,,,,,,,,,,,,
276,2026-04-23T08:55:52.289Z,S20260423_095534,N/A,AUTO,,17.8376,0.0612,N/A,0,1500,VIDE,0.0,0.0,0.0,0.0,0.0,0.0,0,0,0.0,0.0,,,,,,,,,,,,
277,2026-04-23T08:55:52.353Z,S20260423_095534,N/A,AUTO,,17.9019,0.0643,N/A,0,1500,VIDE,0.0,0.0,0.0,0.0,0.0,0.0,0,0,0.0,0.0,,,,,,,,,,,,
278,2026-04-23T08:55:52.420Z,S20260423_095534,N/A,AUTO,,17.9691,0.0672,N/A,0,1500,VIDE,0.0,0.0,0.0,0.0,0.0,0.0,0,0,0.0,0.0,,,,,,,,,,,,
279,2026-04-23T08:55:52.487Z,S20260423_095534,N/A,AUTO,,18.036,0.0669,N/A,0,1500,VIDE,0.0,0.0,0.0,0.0,0.0,0.0,0,0,0.0,0.0,,,,,,,,,,,,
280,2026-04-23T08:55:52.538Z,S20260423_095534,N/A,AUTO,,18.087,0.051,N/A,0,1500,VIDE,0.0,0.0,0.0,0.0,0.0,0.0,0,0,0.0,0.0,,,,,,,,,,,,
281,2026-04-23T08:55:52.604Z,S20260423_095534,N/A,AUTO,,18.1525,0.0654,N/A,0,1500,VIDE,0.0,0.0,0.0,0.0,0.0,0.0,0,0,0.0,0.0,,,,,,,,,,,,
282,2026-04-23T08:55:52.672Z,S20260423_095534,N/A,AUTO,,18.2203,0.0679,N/A,0,1500,VIDE,0.0,0.0,0.0,0.0,0.0,0.0,0,0,0.0,0.0,,,,,,,,,,,,
283,2026-04-23T08:55:52.727Z,S20260423_095534,N/A,AUTO,,18.276,0.0556,N/A,0,1500,VIDE,0.0,0.0,0.0,0.0,0.0,0.0,0,0,0.0,0.0,,,,,,,,,,,,
284,2026-04-23T08:55:52.801Z,S20260423_095534,N/A,AUTO,,18.3493,0.0733,N/A,0,1500,VIDE,0.0,0.0,0.0,0.0,0.0,0.0,0,0,0.0,0.0,,,,,,,,,,,,
285,2026-04-23T08:55:52.855Z,S20260423_095534,N/A,AUTO,,18.4039,0.0546,N/A,0,1500,VIDE,0.0,0.0,0.0,0.0,0.0,0.0,0,0,0.0,0.0,,,,,,,,,,,,
286,2026-04-23T08:55:52.920Z,S20260423_095534,N/A,AUTO,,18.469,0.0651,N/A,0,1500,VIDE,0.0,0.0,0.0,0.0,0.0,0.0,0,0,0.0,0.0,,,,,,,,,,,,
287,2026-04-23T08:55:52.980Z,S20260423_095534,N/A,AUTO,,18.5292,0.0601,N/A,0,1500,VIDE,0.0,0.0,0.0,0.0,0.0,0.0,0,0,0.0,0.0,,,,,,,,,,,,
288,2026-04-23T08:55:53.048Z,S20260423_095534,N/A,AUTO,,18.5964,0.0672,N/A,0,1500,VIDE,0.0,0.0,0.0,0.0,0.0,0.0,0,0,0.0,0.0,,,,,,,,,,,,
289,2026-04-23T08:55:53.113Z,S20260423_095534,N/A,AUTO,,18.662,0.0656,N/A,0,1500,VIDE,0.0,0.0,0.0,0.0,0.0,0.0,0,0,0.0,0.0,,,,,,,,,,,,
290,2026-04-23T08:55:53.164Z,S20260423_095534,N/A,AUTO,,18.7131,0.0511,N/A,0,1500,VIDE,0.0,0.0,0.0,0.0,0.0,0.0,0,0,0.0,0.0,,,,,,,,,,,,
291,2026-04-23T08:55:53.230Z,S20260423_095534,N/A,AUTO,,18.7785,0.0654,N/A,0,1500,VIDE,0.0,0.0,0.0,0.0,0.0,0.0,0,0,0.0,0.0,,,,,,,,,,,,
292,2026-04-23T08:55:53.288Z,S20260423_095534,N/A,AUTO,,18.8366,0.0581,N/A,0,1500,VIDE,0.0,0.0,0.0,0.0,0.0,0.0,0,0,0.0,0.0,,,,,,,,,,,,
293,2026-04-23T08:55:53.349Z,S20260423_095534,N/A,AUTO,,18.8981,0.0616,N/A,0,1500,VIDE,0.0,0.0,0.0,0.0,0.0,0.0,0,0,0.0,0.0,,,,,,,,,,,,
294,2026-04-23T08:55:53.416Z,S20260423_095534,N/A,AUTO,,18.965,0.0669,N/A,0,1500,VIDE,0.0,0.0,0.0,0.0,0.0,0.0,0,0,0.0,0.0,,,,,,,,,,,,
295,2026-04-23T08:55:55.355Z,S20260423_095534,N/A,AUTO,,20.9038,1.9388,N/A,0,1500,VIDE,0.0,0.0,0.0,0.0,0.0,0.0,0,0,0.0,0.0,,,,,,,,,,,,
296,2026-04-23T08:55:55.422Z,S20260423_095534,N/A,AUTO,,20.9707,0.0669,N/A,0,1500,VIDE,0.0,0.0,0.0,0.0,0.0,0.0,0,0,0.0,0.0,,,,,,,,,,,,
297,2026-04-23T08:55:55.485Z,S20260423_095534,N/A,AUTO,,21.0337,0.063,N/A,0,1500,VIDE,0.0,0.0,0.0,0.0,0.0,0.0,0,0,0.0,0.0,,,,,,,,,,,,
298,2026-04-23T08:55:55.539Z,S20260423_095534,N/A,AUTO,,21.0874,0.0537,N/A,0,1500,VIDE,0.0,0.0,0.0,0.0,0.0,0.0,0,0,0.0,0.0,,,,,,,,,,,,
299,2026-04-23T08:55:55.606Z,S20260423_095534,N/A,AUTO,,21.1545,0.067,N/A,0,1500,VIDE,0.0,0.0,0.0,0.0,0.0,0.0,0,0,0.0,0.0,,,,,,,,,,,,
300,2026-04-23T08:55:55.667Z,S20260423_095534,N/A,AUTO,,21.2162,0.0617,N/A,0,1500,VIDE,0.0,0.0,0.0,0.0,0.0,0.0,0,0,0.0,0.0,,,,,,,,,,,,
301,2026-04-23T08:55:55.732Z,S20260423_095534,N/A,AUTO,,21.2808,0.0646,N/A,0,1500,VIDE,0.0,0.0,0.0,0.0,0.0,0.0,0,0,0.0,0.0,,,,,,,,,,,,
302,2026-04-23T08:55:55.794Z,S20260423_095534,N/A,AUTO,,21.3429,0.0622,N/A,0,1500,VIDE,0.0,0.0,0.0,0.0,0.0,0.0,0,0,0.0,0.0,,,,,,,,,,,,
303,2026-04-23T08:55:55.854Z,S20260423_095534,N/A,AUTO,,21.4031,0.0601,N/A,0,1500,VIDE,0.0,0.0,0.0,0.0,0.0,0.0,0,0,0.0,0.0,,,,,,,,,,,,
304,2026-04-23T08:55:55.914Z,S20260423_095534,N/A,AUTO,,21.4631,0.0601,N/A,0,1500,VIDE,0.0,0.0,0.0,0.0,0.0,0.0,0,0,0.0,0.0,,,,,,,,,,,,
305,2026-04-23T08:55:55.977Z,S20260423_095534,N/A,AUTO,,21.5262,0.0631,N/A,0,1500,VIDE,0.0,0.0,0.0,0.0,0.0,0.0,0,0,0.0,0.0,,,,,,,,,,,,
306,2026-04-23T08:55:56.041Z,S20260423_095534,N/A,AUTO,,21.5901,0.0639,N/A,0,1500,VIDE,0.0,0.0,0.0,0.0,0.0,0.0,0,0,0.0,0.0,,,,,,,,,,,,
307,2026-04-23T08:55:56.102Z,S20260423_095534,N/A,AUTO,,21.6503,0.0602,N/A,0,1500,VIDE,0.0,0.0,0.0,0.0,0.0,0.0,0,0,0.0,0.0,,,,,,,,,,,,
308,2026-04-23T08:55:56.166Z,S20260423_095534,N/A,AUTO,,21.7152,0.0647,N/A,0,1500,VIDE,0.0,0.0,0.0,0.0,0.0,0.0,0,0,0.0,0.0,,,,,,,,,,,,
309,2026-04-23T08:55:56.225Z,S20260423_095534,N/A,AUTO,,21.7741,0.0591,N/A,0,1500,VIDE,0.0,0.0,0.0,0.0,0.0,0.0,0,0,0.0,0.0,,,,,,,,,,,,
310,2026-04-23T08:55:56.289Z,S20260423_095534,N/A,AUTO,,21.8379,0.0638,N/A,0,1500,VIDE,0.0,0.0,0.0,0.0,0.0,0.0,0,0,0.0,0.0,,,,,,,,,,,,
311,2026-04-23T08:55:56.354Z,S20260423_095534,N/A,AUTO,,21.903,0.0652,N/A,0,1500,VIDE,0.0,0.0,0.0,0.0,0.0,0.0,0,0,0.0,0.0,,,,,,,,,,,,
312,2026-04-23T08:55:56.430Z,S20260423_095534,N/A,AUTO,,21.9792,0.0762,N/A,0,1500,VIDE,0.0,0.0,0.0,0.0,0.0,0.0,0,0,0.0,0.0,,,,,,,,,,,,
313,2026-04-23T08:55:56.483Z,S20260423_095534,N/A,AUTO,,22.0314,0.0521,N/A,0,1500,VIDE,0.0,0.0,0.0,0.0,0.0,0.0,0,0,0.0,0.0,,,,,,,,,,,,
314,2026-04-23T08:55:56.539Z,S20260423_095534,N/A,AUTO,,22.0874,0.0561,N/A,0,1500,VIDE,0.0,0.0,0.0,0.0,0.0,0.0,0,0,0.0,0.0,,,,,,,,,,,,
315,2026-04-23T08:55:56.607Z,S20260423_095534,N/A,AUTO,,22.1559,0.0685,N/A,0,1500,VIDE,0.0,0.0,0.0,0.0,0.0,0.0,0,0,0.0,0.0,,,,,,,,,,,,
316,2026-04-23T08:55:56.672Z,S20260423_095534,N/A,AUTO,,22.2209,0.065,N/A,0,1500,VIDE,0.0,0.0,0.0,0.0,0.0,0.0,0,0,0.0,0.0,,,,,,,,,,,,
317,2026-04-23T08:55:56.737Z,S20260423_095534,N/A,AUTO,,22.2861,0.065,N/A,0,1500,VIDE,0.0,0.0,0.0,0.0,0.0,0.0,0,0,0.0,0.0,,,,,,,,,,,,
318,2026-04-23T08:55:56.788Z,S20260423_095534,N/A,AUTO,,22.337,0.0511,N/A,0,1500,VIDE,0.0,0.0,0.0,0.0,0.0,0.0,0,0,0.0,0.0,,,,,,,,,,,,
319,2026-04-23T08:55:56.857Z,S20260423_095534,N/A,AUTO,,22.4082,0.0687,N/A,0,1500,VIDE,0.0,0.0,0.0,0.0,0.0,0.0,0,0,0.0,0.0,,,,,,,,,,,,
320,2026-04-23T08:55:56.920Z,S20260423_095534,N/A,AUTO,,22.4689,0.0632,N/A,0,1500,VIDE,0.0,0.0,0.0,0.0,0.0,0.0,0,0,0.0,0.0,,,,,,,,,,,,
321,2026-04-23T08:55:56.983Z,S20260423_095534,N/A,AUTO,,22.5315,0.0627,N/A,0,1500,VIDE,0.0,0.0,0.0,0.0,0.0,0.0,0,0,0.0,0.0,,,,,,,,,,,,
322,2026-04-23T08:55:57.040Z,S20260423_095534,N/A,AUTO,,22.5885,0.057,N/A,0,1500,VIDE,0.0,0.0,0.0,0.0,0.0,0.0,0,0,0.0,0.0,,,,,,,,,,,,
323,2026-04-23T08:55:57.103Z,S20260423_095534,N/A,AUTO,,22.6518,0.0634,N/A,0,1500,VIDE,0.0,0.0,0.0,0.0,0.0,0.0,0,0,0.0,0.0,,,,,,,,,,,,
324,2026-04-23T08:55:57.169Z,S20260423_095534,N/A,AUTO,,22.7181,0.0663,N/A,0,1500,VIDE,0.0,0.0,0.0,0.0,0.0,0.0,0,0,0.0,0.0,,,,,,,,,,,,
325,2026-04-23T08:55:57.227Z,S20260423_095534,N/A,AUTO,,22.7753,0.0572,N/A,0,1500,VIDE,0.0,0.0,0.0,0.0,0.0,0.0,0,0,0.0,0.0,,,,,,,,,,,,
326,2026-04-23T08:55:57.289Z,S20260423_095534,N/A,AUTO,,22.8376,0.0622,N/A,0,1500,VIDE,0.0,0.0,0.0,0.0,0.0,0.0,0,0,0.0,0.0,,,,,,,,,,,,
327,2026-04-23T08:55:57.352Z,S20260423_095534,N/A,AUTO,,22.9011,0.0634,N/A,0,1500,VIDE,0.0,0.0,0.0,0.0,-0.698132,0.0,1,0,22878.347,22878.347,,,,,,,,,,,,
328,2026-04-23T08:55:57.417Z,S20260423_095534,N/A,AUTO,,22.9657,0.0648,N/A,0,1500,VIDE,0.0,0.0,0.0,0.0,-0.698132,0.0,1,0,22878.347,22878.347,,,,,,,,,,,,
329,2026-04-23T08:55:57.484Z,S20260423_095534,N/A,AUTO,,23.0331,0.0674,N/A,0,1500,VIDE,0.0,0.0,0.0,0.0,-0.698132,0.0,1,0,6268.855,16.4,,,,,,,,,,,,
330,2026-04-23T08:55:57.538Z,S20260423_095534,N/A,AUTO,,23.0867,0.0537,N/A,0,1500,VIDE,0.0,0.0,0.0,0.0,-0.698132,0.0,1,0,6268.855,16.4,,,,,,,,,,,,
331,2026-04-23T08:55:57.602Z,S20260423_095534,N/A,AUTO,,23.1506,0.0639,N/A,0,1500,VIDE,0.0,0.0,0.0,0.0,-0.698132,0.0,1,0,6291.123,15.231,,,,,,,,,,,,
332,2026-04-23T08:55:57.665Z,S20260423_095534,N/A,AUTO,,23.2136,0.0627,N/A,0,1500,VIDE,0.0,0.0,0.0,0.0,-0.698132,0.0,1,0,6267.85,14.768,,,,,,,,,,,,
333,2026-04-23T08:55:57.726Z,S20260423_095534,N/A,AUTO,,23.275,0.0616,N/A,0,1500,VIDE,0.0,0.0,0.0,0.0,-0.698132,0.0,1,0,6226.662,15.069,,,,,,,,,,,,
334,2026-04-23T08:55:57.789Z,S20260423_095534,N/A,AUTO,,23.3374,0.0624,N/A,0,1500,VIDE,0.0,0.0,0.0,0.0,-0.698132,0.0,1,0,6168.91,14.808,,,,,,,,,,,,
335,2026-04-23T08:55:57.851Z,S20260423_095534,N/A,AUTO,,23.3996,0.0621,N/A,0,1500,VIDE,0.0,0.0,0.0,0.0,-0.698132,-0.0,1,0,6155.551,29.67,,,,,,,,,,,,
336,2026-04-23T08:55:57.912Z,S20260423_095534,N/A,AUTO,,23.4612,0.0617,N/A,0,1500,VIDE,0.0,0.0,0.0,0.0,-0.698132,-0.0,1,0,6107.771,14.794,,,,,,,,,,,,
337,2026-04-23T08:55:57.975Z,S20260423_095534,N/A,AUTO,,23.5235,0.0623,N/A,0,1500,VIDE,0.0,0.0,0.0,0.0,-0.698132,0.0,1,0,6090.065,15.17,,,,,,,,,,,,
338,2026-04-23T08:55:58.039Z,S20260423_095534,N/A,AUTO,,23.5873,0.0638,N/A,0,1500,VIDE,0.0,0.0,0.0,0.0,-0.698132,0.0,1,0,6047.971,15.725,,,,,,,,,,,,
339,2026-04-23T08:55:58.103Z,S20260423_095534,N/A,AUTO,,23.6518,0.0645,N/A,0,1500,VIDE,0.0,0.0,0.0,0.0,-0.698132,-0.0,1,0,6028.309,31.158,,,,,,,,,,,,
340,2026-04-23T08:55:58.172Z,S20260423_095534,N/A,AUTO,,23.7205,0.0687,N/A,0,1500,VIDE,0.0,0.0,0.0,0.0,-0.698132,-0.0,1,0,6004.899,14.054,,,,,,,,,,,,
341,2026-04-23T08:55:58.225Z,S20260423_095534,N/A,AUTO,,23.7741,0.0536,N/A,0,1500,VIDE,0.0,0.0,0.0,0.0,-0.698132,0.0,1,0,5985.457,15.213,,,,,,,,,,,,
342,2026-04-23T08:55:58.288Z,S20260423_095534,N/A,AUTO,,23.837,0.0629,N/A,0,1500,VIDE,0.0,0.0,0.0,0.0,-0.698132,0.0,1,0,5944.845,14.885,,,,,,,,,,,,
343,2026-04-23T08:55:58.357Z,S20260423_095534,N/A,AUTO,0.0018,23.9061,0.0691,N/A,1,1500,VIDE,0.0,0.0,0.0,0.0,-0.698132,-0.0,1,0,5930.863,14.908,,,,,,,,,,,,
344,2026-04-23T08:55:58.413Z,S20260423_095534,N/A,AUTO,0.0573,23.9616,0.0555,N/A,1,1500,VIDE,0.0,0.0,0.0,0.0,-0.698132,0.0,1,0,5921.644,31.117,,,,,,,,,,,,
345,2026-04-23T08:55:58.475Z,S20260423_095534,N/A,AUTO,0.1194,24.0237,0.0622,N/A,1,1500,VIDE,0.0,0.0,0.0,0.0,-0.698132,0.0,1,0,5897.191,14.75,,,,,,,,,,,,
346,2026-04-23T08:55:58.540Z,S20260423_095534,N/A,AUTO,0.1841,24.0885,0.0647,N/A,1,1500,VIDE,0.0,0.0,0.0,0.0,-0.698132,0.0,1,0,5837.042,14.885,,,,,,,,,,,,
347,2026-04-23T08:55:58.606Z,S20260423_095534,N/A,AUTO,0.2501,24.1544,0.0658,N/A,1,1500,VIDE,0.0,0.0,0.0,0.0,-0.698132,-0.0,1,0,5810.519,15.694,,,,,,,,,,,,
348,2026-04-23T08:55:58.668Z,S20260423_095534,N/A,AUTO,0.3126,24.217,0.0627,N/A,1,1500,VIDE,0.0,0.0,0.0,0.0,-0.698132,-0.0,1,0,5773.698,29.882,,,,,,,,,,,,
349,2026-04-23T08:55:58.725Z,S20260423_095534,N/A,AUTO,0.3692,24.2735,0.0566,N/A,1,1500,VIDE,0.0,0.0,0.0,0.0,-0.698132,-0.0,1,0,5728.631,15.78,,,,,,,,,,,,
350,2026-04-23T08:55:58.788Z,S20260423_095534,N/A,AUTO,0.4321,24.3365,0.0629,N/A,1,1500,VIDE,0.0,0.0,0.0,0.0,-0.698132,-0.0,1,0,5660.088,26.231,,,,,,,,,,,,
351,2026-04-23T08:55:58.850Z,S20260423_095534,N/A,AUTO,0.4948,24.3991,0.0627,N/A,1,1500,VIDE,0.0,0.0,0.0,0.0,-0.698132,0.0,1,0,5651.807,19.328,,,,,,,,,,,,
352,2026-04-23T08:55:58.923Z,S20260423_095534,N/A,AUTO,0.5672,24.4716,0.0724,N/A,1,1500,VIDE,0.0,0.0,0.0,0.0,-0.698132,0.0,1,0,5599.584,20.158,,,,,,,,,,,,
353,2026-04-23T08:55:58.988Z,S20260423_095534,N/A,AUTO,0.6327,24.5371,0.0655,N/A,1,1500,VIDE,0.0,0.0,0.0,0.0,-0.698132,0.0,1,0,5561.402,19.363,,,,,,,,,,,,
354,2026-04-23T08:55:59.039Z,S20260423_095534,N/A,AUTO,0.6835,24.5878,0.0508,N/A,1,1500,VIDE,0.0,0.0,0.0,0.0,-0.698132,-0.0,1,0,3647.38,13.26,,,,,,,,,,,,
355,2026-04-23T08:55:59.100Z,S20260423_095534,N/A,AUTO,0.7441,24.6485,0.0604,N/A,1,1500,VIDE,0.0,0.0,0.0,0.0,-0.698132,-0.0,1,0,3607.938,16.699,,,,,,,,,,,,
356,2026-04-23T08:55:59.164Z,S20260423_095534,N/A,AUTO,0.8081,24.7125,0.0642,N/A,1,1500,VIDE,0.0,0.0,0.0,0.0,-0.698132,-0.0,1,0,3558.39,15.008,,,,,,,,,,,,
357,2026-04-23T08:55:59.228Z,S20260423_095534,N/A,AUTO,0.8728,24.7771,0.0646,N/A,1,1500,VIDE,0.0,0.0,0.0,0.0,-0.698132,0.0,1,0,3538.729,29.336,,,,,,,,,,,,
358,2026-04-23T08:55:59.292Z,S20260423_095534,N/A,AUTO,0.9368,24.8411,0.064,N/A,1,1500,VIDE,0.0,0.0,0.0,0.0,-0.698132,0.0,1,0,3488.633,29.725,,,,,,,,,,,,
359,2026-04-23T08:55:59.354Z,S20260423_095534,N/A,AUTO,0.9985,24.9029,0.0618,N/A,1,1500,VIDE,0.0,0.0,0.0,0.0,-0.698132,0.0,1,0,3456.211,14.475,,,,,,,,,,,,
360,2026-04-23T08:55:59.420Z,S20260423_095534,N/A,AUTO,1.0646,24.969,0.0661,N/A,1,1500,VIDE,0.0,0.0,0.0,0.0,-0.698132,0.0,1,0,3408.156,14.112,,,,,,,,,,,,
361,2026-04-23T08:55:59.484Z,S20260423_095534,N/A,AUTO,1.1281,25.0325,0.0635,N/A,1,1500,VIDE,0.0,0.0,0.0,0.0,-0.698132,-0.0,1,0,3386.65,14.822,,,,,,,,,,,,
362,2026-04-23T08:55:59.538Z,S20260423_095534,N/A,AUTO,1.1828,25.0872,0.0547,N/A,1,1500,VIDE,0.0,0.0,0.0,0.0,-0.698132,-0.0,1,0,3338.654,16.065,,,,,,,,,,,,
363,2026-04-23T08:55:59.605Z,S20260423_095534,N/A,AUTO,1.2492,25.1535,0.0664,N/A,1,1500,VIDE,0.0,0.0,0.0,0.0,-0.698132,0.0,1,0,3314.726,28.755,,,,,,,,,,,,
364,2026-04-23T08:55:59.672Z,S20260423_095534,N/A,AUTO,1.3166,25.221,0.0674,N/A,1,1500,VIDE,0.0,0.0,0.0,0.0,-0.698132,0.0,1,0,3269.844,29.381,,,,,,,,,,,,
365,2026-04-23T08:55:59.736Z,S20260423_095534,N/A,AUTO,1.3802,25.2845,0.0636,N/A,1,1500,VIDE,0.0,0.0,0.0,0.0,-0.698132,0.0,1,0,3234.064,14.337,,,,,,,,,,,,
366,2026-04-23T08:55:59.787Z,S20260423_095534,N/A,AUTO,1.4318,25.3361,0.0515,N/A,1,1500,VIDE,0.0,0.0,0.0,0.0,-0.698132,0.0,1,0,3175.18,14.17,,,,,,,,,,,,
367,2026-04-23T08:55:59.852Z,S20260423_095534,N/A,AUTO,1.4966,25.4009,0.0648,N/A,1,1500,VIDE,0.0,0.0,0.0,0.0,-0.698132,0.0,1,0,3112.274,18.949,,,,,,,,,,,,
368,2026-04-23T08:55:59.916Z,S20260423_095534,N/A,AUTO,1.5608,25.4651,0.0642,N/A,1,1500,VIDE,0.0,0.0,0.0,0.0,-0.698132,-0.0,1,0,2646.543,472.624,,,,,,,,,,,,
369,2026-04-23T08:55:59.980Z,S20260423_095534,N/A,AUTO,1.6241,25.5284,0.0633,N/A,1,1500,VIDE,0.0,0.0,0.0,0.0,-0.698132,-0.0,2,0,2335.168,28.642,,,,,,,,,,,,
370,2026-04-23T08:56:00.040Z,S20260423_095534,N/A,AUTO,1.684,25.5884,0.06,N/A,1,1500,VIDE,0.0,0.0,0.0,0.0,-0.698132,-0.0,2,0,2293.305,15.668,,,,,,,,,,,,
371,2026-04-23T08:56:00.102Z,S20260423_095534,N/A,AUTO,1.7467,25.651,0.0626,N/A,1,1500,VIDE,0.0,0.0,0.0,0.0,-0.698132,-0.0,2,0,2240.877,16.328,,,,,,,,,,,,
372,2026-04-23T08:56:00.167Z,S20260423_095534,N/A,AUTO,1.8111,25.7155,0.0644,N/A,1,1500,VIDE,0.0,0.0,0.0,0.0,-0.698132,-0.0,2,0,2186.013,29.814,,,,,,,,,,,,
373,2026-04-23T08:56:00.229Z,S20260423_095534,N/A,AUTO,1.8733,25.7776,0.0622,N/A,1,1500,VIDE,0.0,0.0,0.0,0.0,-0.698132,0.0,2,0,2157.182,32.271,,,,,,,,,,,,
374,2026-04-23T08:56:00.292Z,S20260423_095534,N/A,AUTO,1.9364,25.8408,0.0632,N/A,1,1500,VIDE,0.0,0.0,0.0,0.0,-0.698132,0.0,2,0,2121.578,13.951,,,,,,,,,,,,
375,2026-04-23T08:56:00.354Z,S20260423_095534,N/A,AUTO,1.9983,25.9027,0.0619,N/A,1,1500,VIDE,0.0,0.0,0.0,0.0,-0.698132,0.0,2,0,2064.026,14.754,,,,,,,,,,,,
376,2026-04-23T08:56:00.412Z,S20260423_095534,N/A,AUTO,2.0565,25.9608,0.0582,N/A,1,1500,VIDE,0.0,0.0,0.0,0.0,-0.698132,0.0,2,0,2005.383,14.006,,,,,,,,,,,,
377,2026-04-23T08:56:00.475Z,S20260423_095534,N/A,AUTO,2.1195,26.0239,0.0631,N/A,1,1500,VIDE,0.0,0.0,0.0,0.0,-0.698132,0.0,2,0,1962.753,14.827,,,,,,,,,,,,
378,2026-04-23T08:56:00.538Z,S20260423_095534,N/A,AUTO,2.1827,26.087,0.0632,N/A,1,1500,VIDE,0.0,0.0,0.0,0.0,-0.698132,0.0,2,0,1902.155,16.617,,,,,,,,,,,,
379,2026-04-23T08:56:00.602Z,S20260423_095534,N/A,AUTO,2.2467,26.1511,0.064,N/A,1,1500,VIDE,0.0,0.0,0.0,0.0,-0.698132,0.0,2,0,1843.356,30.156,,,,,,,,,,,,
380,2026-04-23T08:56:00.665Z,S20260423_095534,N/A,AUTO,2.3098,26.2141,0.063,N/A,1,1500,VIDE,0.0,0.0,0.0,0.0,-0.698132,-0.0,2,0,1812.764,30.062,,,,,,,,,,,,
381,2026-04-23T08:56:00.726Z,S20260423_095534,N/A,AUTO,2.3703,26.2746,0.0606,N/A,1,1500,VIDE,0.0,0.0,0.0,0.0,-0.698132,-0.0,2,0,1775.003,14.415,,,,,,,,,,,,
382,2026-04-23T08:56:00.788Z,S20260423_095534,N/A,AUTO,2.4321,26.3365,0.0618,N/A,1,1500,VIDE,0.0,0.0,0.0,0.0,-0.698132,-0.0,2,0,1719.625,15.073,,,,,,,,,,,,
383,2026-04-23T08:56:00.850Z,S20260423_095534,N/A,AUTO,2.4946,26.3989,0.0624,N/A,1,1500,VIDE,0.0,0.0,0.0,0.0,-0.698132,-0.0,2,0,1663.919,30.092,,,,,,,,,,,,
384,2026-04-23T08:56:00.914Z,S20260423_095534,N/A,AUTO,2.5584,26.4627,0.0637,N/A,1,1500,VIDE,0.0,0.0,0.0,0.0,-0.698132,-0.0,2,0,1621.763,15.9,,,,,,,,,,,,
385,2026-04-23T08:56:00.976Z,S20260423_095534,N/A,AUTO,2.6206,26.5249,0.0623,N/A,1,1500,VIDE,0.0,0.0,0.0,0.0,-0.698132,-0.0,2,0,1596.864,1.716,,,,,,,,,,,,
386,2026-04-23T08:56:01.040Z,S20260423_095534,N/A,AUTO,2.6842,26.5885,0.0635,N/A,1,1500,VIDE,0.0,0.0,0.0,0.0,-0.698132,0.0,2,0,1540.252,15.246,,,,,,,,,,,,
387,2026-04-23T08:56:01.099Z,S20260423_095534,N/A,AUTO,2.7435,26.6478,0.0594,N/A,1,1500,VIDE,0.0,0.0,0.0,0.0,-0.698132,0.0,2,0,1485.884,31.51,,,,,,,,,,,,
388,2026-04-23T08:56:01.163Z,S20260423_095534,N/A,AUTO,2.8075,26.7119,0.064,N/A,1,1500,VIDE,0.0,0.0,0.0,0.0,-0.698132,-0.0,2,0,1444.911,14.656,,,,,,,,,,,,
389,2026-04-23T08:56:01.227Z,S20260423_095534,N/A,AUTO,2.8718,26.7761,0.0642,N/A,1,1500,VIDE,0.0,0.0,0.0,0.0,-0.698132,-0.0,2,0,1388.555,14.224,,,,,,,,,,,,
390,2026-04-23T08:56:01.288Z,S20260423_095534,N/A,AUTO,2.9328,26.8371,0.061,N/A,1,1500,VIDE,0.0,0.0,0.0,0.0,-0.698132,0.0,2,0,1331.427,15.293,,,,,,,,,,,,
391,2026-04-23T08:56:01.355Z,S20260423_095534,N/A,AUTO,2.9993,26.9036,0.0665,N/A,1,1500,VIDE,0.0,0.0,0.0,0.0,-0.698132,0.0,2,0,1275.425,30.42,,,,,,,,,,,,
392,2026-04-23T08:56:01.417Z,S20260423_095534,N/A,AUTO,3.0614,26.9657,0.0621,N/A,1,1500,VIDE,0.0,0.0,0.0,0.0,-0.698132,0.0,2,0,1263.635,19.073,,,,,,,,,,,,
393,2026-04-23T08:56:01.479Z,S20260423_095534,N/A,AUTO,3.1235,27.0279,0.0622,N/A,1,1500,VIDE,0.0,0.0,0.0,0.0,-0.698132,-0.0,2,0,1207.692,14.265,,,,,,,,,,,,
394,2026-04-23T08:56:01.538Z,S20260423_095534,N/A,AUTO,3.1826,27.0869,0.059,N/A,1,1500,VIDE,0.0,0.0,0.0,0.0,-0.698132,-0.0,2,0,1146.714,14.033,,,,,,,,,,,,
395,2026-04-23T08:56:01.604Z,S20260423_095534,N/A,AUTO,3.248,27.1523,0.0654,N/A,1,1500,VIDE,0.0,0.0,0.0,0.0,-0.698132,0.0,2,0,1089.541,14.734,,,,,,,,,,,,
396,2026-04-23T08:56:01.666Z,S20260423_095534,N/A,AUTO,3.3105,27.2148,0.0625,N/A,1,1500,VIDE,0.0,0.0,0.0,0.0,-0.698132,0.0,2,0,1031.928,30.438,,,,,,,,,,,,
397,2026-04-23T08:56:01.729Z,S20260423_095534,N/A,AUTO,3.3734,27.2777,0.0629,N/A,1,1500,VIDE,0.0,0.0,0.0,0.0,-0.698132,-0.0,2,0,989.048,16.043,,,,,,,,,,,,
398,2026-04-23T08:56:01.788Z,S20260423_095534,N/A,AUTO,3.4323,27.3366,0.0589,N/A,1,1500,VIDE,0.0,0.0,0.0,0.0,-0.698132,-0.0,2,0,929.41,15.323,,,,,,,,,,,,
399,2026-04-23T08:56:01.852Z,S20260423_095534,N/A,AUTO,3.4968,27.4011,0.0645,N/A,1,1500,VIDE,0.0,0.0,0.0,0.0,-0.698132,-0.0,2,0,873.162,32.091,,,,,,,,,,,,
400,2026-04-23T08:56:01.915Z,S20260423_095534,N/A,AUTO,3.5597,27.4641,0.0629,N/A,1,1500,VIDE,0.0,0.0,0.0,0.0,-0.698132,-0.0,2,0,828.961,14.234,,,,,,,,,,,,
401,2026-04-23T08:56:01.979Z,S20260423_095534,N/A,AUTO,3.6236,27.528,0.0639,N/A,1,1500,VIDE,0.0,0.0,0.0,0.0,-0.698132,0.0,2,0,801.374,15.523,,,,,,,,,,,,
402,2026-04-23T08:56:02.042Z,S20260423_095534,N/A,AUTO,3.6861,27.5904,0.0624,N/A,1,1500,VIDE,0.0,0.0,0.0,0.0,-0.698132,0.0,2,0,740.084,31.224,,,,,,,,,,,,
403,2026-04-23T08:56:02.103Z,S20260423_095534,N/A,AUTO,3.747,27.6513,0.0609,N/A,1,1500,VIDE,0.0,0.0,0.0,0.0,-0.698132,-0.0,2,0,697.1,14.692,,,,,,,,,,,,
404,2026-04-23T08:56:02.165Z,S20260423_095534,N/A,AUTO,3.8094,27.7138,0.0624,N/A,1,1500,VIDE,0.0,0.0,0.0,0.0,-0.698132,-0.0,2,0,639.97,15.295,,,,,,,,,,,,
405,2026-04-23T08:56:02.227Z,S20260423_095534,N/A,AUTO,3.8714,27.7758,0.062,N/A,1,1500,VIDE,0.0,0.0,0.0,0.0,-0.698132,0.0,2,0,579.175,14.996,,,,,,,,,,,,
406,2026-04-23T08:56:02.288Z,S20260423_095534,N/A,AUTO,3.9323,27.8366,0.0608,N/A,1,1500,VIDE,0.0,0.0,0.0,0.0,-0.698132,0.0,2,0,542.446,14.362,,,,,,,,,,,,
407,2026-04-23T08:56:02.352Z,S20260423_095534,N/A,AUTO,3.9968,27.9012,0.0646,N/A,1,1500,VIDE,0.0,0.0,0.0,0.0,-0.698132,0.0,2,0,513.053,0.08,,,,,,,,,,,,
408,2026-04-23T08:56:02.412Z,S20260423_095534,N/A,AUTO,4.0568,27.9611,0.06,N/A,1,1500,VIDE,0.0,0.0,0.0,0.0,-0.698132,-0.0,2,0,456.494,15.522,,,,,,,,,,,,
409,2026-04-23T08:56:02.476Z,S20260423_095534,N/A,AUTO,4.1203,28.0247,0.0634,N/A,1,1500,VIDE,0.0,0.0,0.0,0.0,-0.698132,-0.0,2,0,400.949,30.079,,,,,,,,,,,,
410,2026-04-23T08:56:02.538Z,S20260423_095534,N/A,AUTO,4.1824,28.0867,0.0622,N/A,1,1500,VIDE,0.0,0.0,0.0,0.0,-0.698132,-0.0,2,0,360.772,16.103,,,,,,,,,,,,
411,2026-04-23T08:56:02.601Z,S20260423_095534,N/A,AUTO,4.2454,28.1497,0.063,N/A,1,1500,VIDE,0.0,0.0,0.0,0.0,-0.698132,-0.0,2,0,306.573,15.163,,,,,,,,,,,,
412,2026-04-23T08:56:02.663Z,S20260423_095534,N/A,AUTO,4.3072,28.2115,0.0617,N/A,1,1500,VIDE,0.0,0.0,0.0,0.0,-0.698132,0.0,2,0,263.607,29.64,,,,,,,,,,,,
413,2026-04-23T08:56:02.726Z,S20260423_095534,N/A,AUTO,4.3701,28.2745,0.0629,N/A,1,1500,VIDE,0.0,0.0,0.0,0.0,-0.698132,0.0,2,0,222.17,31.3,,,,,,,,,,,,
414,2026-04-23T08:56:02.789Z,S20260423_095534,N/A,AUTO,4.4331,28.3374,0.063,N/A,1,1500,VIDE,0.0,0.0,0.0,0.0,-0.698132,0.0,2,0,177.442,15.122,,,,,,,,,,,,
415,2026-04-23T08:56:02.855Z,S20260423_095534,N/A,AUTO,4.4993,28.4037,0.0662,N/A,1,1500,VIDE,0.0,0.0,0.0,0.0,-0.698132,0.0,2,0,120.719,14.464,,,,,,,,,,,,
416,2026-04-23T08:56:02.922Z,S20260423_095534,N/A,AUTO,4.5665,28.4708,0.0672,N/A,1,1500,VIDE,0.0,0.0,0.0,0.0,-0.698132,0.0,1,0,67.638,14.399,,,,,,,,,,,,
417,2026-04-23T08:56:02.988Z,S20260423_095534,N/A,AUTO,4.6323,28.5367,0.0658,N/A,1,1500,VIDE,0.0,0.0,0.0,0.0,-0.698132,0.0,1,0,12.831,30.026,,,,,,,,,,,,
418,2026-04-23T08:56:03.053Z,S20260423_095534,N/A,AUTO,4.6971,28.6014,0.0647,N/A,1,1500,VIDE,0.0,0.0,0.0,0.0,-0.698132,0.0,1,0,25.343,14.962,,,,,,,,,,,,
419,2026-04-23T08:56:03.101Z,S20260423_095534,N/A,AUTO,4.7451,28.6494,0.0481,N/A,1,1500,VIDE,0.0,0.0,0.0,0.0,-0.698132,0.0,1,0,29.225,14.599,,,,,,,,,,,,
420,2026-04-23T08:56:03.164Z,S20260423_095534,N/A,AUTO,4.8086,28.7129,0.0634,N/A,1,1500,VIDE,0.0,0.0,0.0,0.0,-0.698132,0.0,1,0,47.92,14.829,,,,,,,,,,,,
421,2026-04-23T08:56:03.228Z,S20260423_095534,N/A,AUTO,4.8724,28.7767,0.0639,N/A,1,1500,VIDE,0.0,0.0,0.0,0.0,-0.698132,-0.0,1,0,24.057,30.198,,,,,,,,,,,,
422,2026-04-23T08:56:03.289Z,S20260423_095534,N/A,AUTO,4.9332,28.8375,0.0608,N/A,1,1500,VIDE,0.0,0.0,0.0,0.0,-0.698132,-0.0,1,0,26.986,29.888,,,,,,,,,,,,
423,2026-04-23T08:56:03.355Z,S20260423_095534,N/A,AUTO,4.9995,28.9038,0.0663,N/A,1,1500,VIDE,0.0,0.0,0.0,0.0,-0.698132,-0.0,1,0,25.663,30.088,,,,,,,,,,,,
424,2026-04-23T08:56:03.414Z,S20260423_095534,N/A,AUTO,5.0582,28.9625,0.0586,N/A,1,1500,VIDE,0.0,0.0,0.0,0.0,-0.698132,0.0,1,0,39.503,15.039,,,,,,,,,,,,
425,2026-04-23T08:56:03.483Z,S20260423_095534,N/A,AUTO,5.1271,29.0314,0.0689,N/A,1,1500,VIDE,0.0,0.0,0.0,0.0,-0.698132,-0.0,1,0,44.662,13.614,,,,,,,,,,,,
426,2026-04-23T08:56:03.548Z,S20260423_095534,N/A,AUTO,5.1923,29.0966,0.0652,N/A,1,1500,VIDE,0.0,0.0,0.0,0.0,-0.698132,-0.0,1,0,4.458,30.758,,,,,,,,,,,,
427,2026-04-23T08:56:03.605Z,S20260423_095534,N/A,AUTO,5.2493,29.1536,0.0571,N/A,1,1500,VIDE,0.0,0.0,0.0,0.0,-0.698132,-0.0,1,0,30.837,14.758,,,,,,,,,,,,
428,2026-04-23T08:56:03.672Z,S20260423_095534,N/A,AUTO,5.3164,29.2207,0.0671,N/A,1,1500,VIDE,0.0,0.0,0.0,0.0,-0.698132,-0.0,1,0,3.258,31.186,,,,,,,,,,,,
429,2026-04-23T08:56:03.737Z,S20260423_095534,N/A,AUTO,5.3817,29.2861,0.0654,N/A,1,1500,VIDE,0.0,0.0,0.0,0.0,-0.698132,-0.0,1,0,26.137,15.321,,,,,,,,,,,,
430,2026-04-23T08:56:03.789Z,S20260423_095534,N/A,AUTO,5.4331,29.3374,0.0511,N/A,1,1500,VIDE,0.0,0.0,0.0,0.0,-0.698132,0.0,1,0,28.732,32.647,,,,,,,,,,,,
431,2026-04-23T08:56:03.851Z,S20260423_095534,N/A,AUTO,5.4957,29.4,0.0629,N/A,1,1500,VIDE,0.0,0.0,0.0,0.0,-0.698132,0.0,1,0,18.648,30.047,,,,,,,,,,,,
432,2026-04-23T08:56:03.917Z,S20260423_095534,N/A,AUTO,5.5609,29.4653,0.0653,N/A,1,1500,VIDE,0.0,0.0,0.0,0.0,-0.698132,0.0,1,0,21.353,29.986,,,,,,,,,,,,
433,2026-04-23T08:56:03.980Z,S20260423_095534,N/A,AUTO,5.6245,29.5289,0.0636,N/A,1,1500,VIDE,0.0,0.0,0.0,0.0,-0.698132,0.0,1,0,27.085,30.229,,,,,,,,,,,,
434,2026-04-23T08:56:04.039Z,S20260423_095534,N/A,AUTO,5.6837,29.5881,0.0592,N/A,1,1500,VIDE,0.0,0.0,0.0,0.0,-0.698132,0.0,1,0,17.368,30.679,,,,,,,,,,,,
435,2026-04-23T08:56:04.106Z,S20260423_095534,N/A,AUTO,5.7506,29.6549,0.0668,N/A,1,1500,VIDE,0.0,0.0,0.0,0.0,-0.698132,0.0,1,0,21.506,30.829,,,,,,,,,,,,
436,2026-04-23T08:56:04.170Z,S20260423_095534,N/A,AUTO,5.8148,29.7191,0.0643,N/A,1,1500,VIDE,0.0,0.0,0.0,0.0,-0.698132,0.0,1,0,25.637,29.904,,,,,,,,,,,,
437,2026-04-23T08:56:04.234Z,S20260423_095534,N/A,AUTO,5.8785,29.7828,0.0636,N/A,1,1500,VIDE,0.0,0.0,0.0,0.0,-0.698132,0.0,1,0,13.428,31.693,,,,,,,,,,,,
438,2026-04-23T08:56:04.287Z,S20260423_095534,N/A,AUTO,5.9314,29.8358,0.053,N/A,1,1500,VIDE,0.0,0.0,0.0,0.0,-0.698132,-0.0,1,0,28.139,16.579,,,,,,,,,,,,
439,2026-04-23T08:56:04.356Z,S20260423_095534,N/A,AUTO,6.0001,29.9045,0.0687,N/A,1,1500,VIDE,0.0,0.0,0.0,0.0,-0.698132,-0.0,1,0,20.06,14.979,,,,,,,,,,,,
440,2026-04-23T08:56:04.421Z,S20260423_095534,N/A,AUTO,6.0649,29.9693,0.0648,N/A,1,1500,VIDE,0.0,0.0,0.0,0.0,-0.698132,-0.0,1,0,24.179,15.185,,,,,,,,,,,,
441,2026-04-23T08:56:04.476Z,S20260423_095534,N/A,AUTO,6.1199,30.0242,0.055,N/A,1,1500,VIDE,0.0,0.0,0.0,0.0,-0.698132,-0.0,1,0,29.877,31.381,,,,,,,,,,,,
442,2026-04-23T08:56:04.538Z,S20260423_095534,N/A,AUTO,6.1827,30.087,0.0627,N/A,1,1500,VIDE,0.0,0.0,0.0,0.0,-0.698132,0.0,1,0,33.41,19.615,,,,,,,,,,,,
443,2026-04-23T08:56:04.604Z,S20260423_095534,N/A,AUTO,6.2485,30.1529,0.0659,N/A,1,1500,VIDE,0.0,0.0,0.0,0.0,-0.698132,0.0,1,0,33.829,15.498,,,,,,,,,,,,
444,2026-04-23T08:56:04.668Z,S20260423_095534,N/A,AUTO,6.3122,30.2165,0.0636,N/A,1,1500,VIDE,0.0,0.0,0.0,0.0,-0.698132,0.0,1,0,25.33,15.195,,,,,,,,,,,,
445,2026-04-23T08:56:04.728Z,S20260423_095534,N/A,AUTO,6.372,30.2763,0.0598,N/A,1,1500,VIDE,0.0,0.0,0.0,0.0,-0.698132,0.0,1,0,9.927,30.398,,,,,,,,,,,,
446,2026-04-23T08:56:04.788Z,S20260423_095534,N/A,AUTO,6.4325,30.3368,0.0606,N/A,1,1500,VIDE,0.0,0.0,0.0,0.0,-0.698132,-0.0,1,0,34.274,14.969,,,,,,,,,,,,
447,2026-04-23T08:56:04.853Z,S20260423_095534,N/A,AUTO,6.4975,30.4018,0.065,N/A,1,1500,VIDE,0.0,0.0,0.0,0.0,-0.698132,0.0,1,0,56.105,2.57,,,,,,,,,,,,
448,2026-04-23T08:56:04.922Z,S20260423_095534,N/A,AUTO,6.5661,30.4704,0.0686,N/A,1,1500,VIDE,0.0,0.0,0.0,0.0,-0.698132,0.0,1,0,30.937,30.501,,,,,,,,,,,,
449,2026-04-23T08:56:04.982Z,S20260423_095534,N/A,AUTO,6.6266,30.531,0.0606,N/A,1,1500,VIDE,0.0,0.0,0.0,0.0,-0.698132,0.0,1,0,30.597,30.428,,,,,,,,,,,,
450,2026-04-23T08:56:05.038Z,S20260423_095534,N/A,AUTO,6.682,30.5864,0.0554,N/A,1,1500,VIDE,0.0,0.0,0.0,0.0,-0.698132,-0.0,1,0,10.789,30.381,,,,,,,,,,,,
451,2026-04-23T08:56:05.100Z,S20260423_095534,N/A,AUTO,6.7439,30.6483,0.0619,N/A,1,1500,VIDE,0.0,0.0,0.0,0.0,-0.698132,-0.0,1,0,17.428,30.323,,,,,,,,,,,,
452,2026-04-23T08:56:05.164Z,S20260423_095534,N/A,AUTO,6.8086,30.7129,0.0646,N/A,1,1500,VIDE,0.0,0.0,0.0,0.0,-0.698132,0.0,1,0,26.173,14.951,,,,,,,,,,,,
453,2026-04-23T08:56:05.228Z,S20260423_095534,N/A,AUTO,6.8723,30.7766,0.0638,N/A,1,1500,VIDE,0.0,0.0,0.0,0.0,-0.698132,0.0,1,0,36.796,15.714,,,,,,,,,,,,
454,2026-04-23T08:56:05.288Z,S20260423_095534,N/A,AUTO,6.9324,30.8368,0.06,N/A,1,1500,VIDE,0.0,0.0,0.0,0.0,-0.698132,0.0,1,0,33.581,14.512,,,,,,,,,,,,
455,2026-04-23T08:56:05.355Z,S20260423_095534,N/A,AUTO,6.9992,30.9035,0.0668,N/A,1,1500,VIDE,0.0,0.0,0.0,0.0,-0.698132,-0.0,1,0,27.291,30.106,,,,,,,,,,,,
456,2026-04-23T08:56:05.416Z,S20260423_095534,N/A,AUTO,7.0604,30.9647,0.0612,N/A,1,1500,VIDE,0.0,0.0,0.0,0.0,-0.698132,-0.0,1,0,30.122,14.699,,,,,,,,,,,,
457,2026-04-23T08:56:05.482Z,S20260423_095534,N/A,AUTO,7.1269,31.0312,0.0664,N/A,1,1500,VIDE,0.0,0.0,0.0,0.0,-0.698132,-0.0,1,0,25.094,13.509,,,,,,,,,,,,
458,2026-04-23T08:56:05.582Z,S20260423_095534,N/A,AUTO,7.226,31.1303,0.0992,N/A,1,1500,VIDE,0.0,0.0,0.0,0.0,-0.698132,-0.0,1,0,46.752,0.778,,,,,,,,,,,,
459,2026-04-23T08:56:05.604Z,S20260423_095534,N/A,AUTO,7.2489,31.1533,0.0228,N/A,1,1500,VIDE,0.0,0.0,0.0,0.0,-0.698132,0.0,1,0,21.093,69.242,,,,,,,,,,,,
460,2026-04-23T08:56:05.665Z,S20260423_095534,N/A,AUTO,7.3098,31.2141,0.061,N/A,1,1500,VIDE,0.0,0.0,0.0,0.0,-0.698132,-0.0,1,0,20.043,20.283,,,,,,,,,,,,
461,2026-04-23T08:56:05.730Z,S20260423_095534,N/A,AUTO,7.3747,31.2791,0.0649,N/A,1,1500,VIDE,0.0,0.0,0.0,0.0,-0.698132,-0.0,1,0,45.546,23.035,,,,,,,,,,,,
462,2026-04-23T08:56:05.789Z,S20260423_095534,N/A,AUTO,7.4331,31.3374,0.0583,N/A,1,1500,VIDE,0.0,0.0,0.0,0.0,-0.698132,0.0,1,0,24.262,19.441,,,,,,,,,,,,
463,2026-04-23T08:56:05.852Z,S20260423_095534,N/A,AUTO,7.4966,31.401,0.0635,N/A,1,1500,VIDE,0.0,0.0,0.0,0.0,-0.698132,0.0,1,0,25.156,19.038,,,,,,,,,,,,
464,2026-04-23T08:56:05.916Z,S20260423_095534,N/A,AUTO,7.5606,31.4649,0.0639,N/A,1,1500,VIDE,0.0,0.0,0.0,0.0,-0.698132,-0.0,1,0,27.177,18.488,,,,,,,,,,,,
465,2026-04-23T08:56:05.978Z,S20260423_095534,N/A,AUTO,7.6228,31.5272,0.0623,N/A,1,1500,VIDE,0.0,0.0,0.0,0.0,-0.698132,-0.0,1,0,25.902,18.949,,,,,,,,,,,,
466,2026-04-23T08:56:06.039Z,S20260423_095534,N/A,AUTO,7.6832,31.5876,0.0604,N/A,1,1500,VIDE,0.0,0.0,0.0,0.0,-0.698132,0.0,1,0,23.966,19.91,,,,,,,,,,,,
467,2026-04-23T08:56:06.105Z,S20260423_095534,N/A,AUTO,7.749,31.6533,0.0658,N/A,1,1500,VIDE,0.0,0.0,0.0,0.0,-0.698132,0.0,1,0,25.838,17.825,,,,,,,,,,,,
468,2026-04-23T08:56:06.165Z,S20260423_095534,N/A,AUTO,7.8098,31.7142,0.0608,N/A,1,1500,VIDE,0.0,0.0,0.0,0.0,-0.698132,-0.0,1,0,22.108,21.14,,,,,,,,,,,,
469,2026-04-23T08:56:06.225Z,S20260423_095534,N/A,AUTO,7.8692,31.7736,0.0594,N/A,1,1500,VIDE,0.0,0.0,0.0,0.0,-0.698132,-0.0,1,0,23.223,19.032,,,,,,,,,,,,
470,2026-04-23T08:56:06.288Z,S20260423_095534,N/A,AUTO,7.9325,31.8368,0.0632,N/A,1,1500,VIDE,0.0,0.0,0.0,0.0,-0.698132,-0.0,1,0,22.303,19.92,,,,,,,,,,,,
471,2026-04-23T08:56:06.353Z,S20260423_095534,N/A,AUTO,7.9976,31.9019,0.065,N/A,1,1500,VIDE,0.0,0.0,0.0,0.0,-0.698132,0.0,1,0,24.13,19.593,,,,,,,,,,,,
472,2026-04-23T08:56:06.412Z,S20260423_095534,N/A,AUTO,8.056,31.9603,0.0584,N/A,1,1500,VIDE,0.0,0.0,0.0,0.0,-0.698132,0.0,1,0,19.187,19.44,,,,,,,,,,,,
473,2026-04-23T08:56:06.476Z,S20260423_095534,N/A,AUTO,8.1205,32.0249,0.0645,N/A,1,1500,VIDE,0.0,0.0,0.0,0.0,-0.698132,-0.0,1,0,38.123,19.435,,,,,,,,,,,,
474,2026-04-23T08:56:06.538Z,S20260423_095534,N/A,AUTO,8.1819,32.0863,0.0614,N/A,1,1500,VIDE,0.0,0.0,0.0,0.0,-0.698132,-0.0,1,0,34.259,17.409,,,,,,,,,,,,
475,2026-04-23T08:56:06.603Z,S20260423_095534,N/A,AUTO,8.2477,32.1521,0.0658,N/A,1,1500,VIDE,0.0,0.0,0.0,0.0,-0.698132,-0.0,1,0,28.574,18.823,,,,,,,,,,,,
476,2026-04-23T08:56:06.665Z,S20260423_095534,N/A,AUTO,8.3095,32.2138,0.0618,N/A,1,1500,VIDE,0.0,0.0,0.0,0.0,-0.698132,0.0,1,0,25.46,19.537,,,,,,,,,,,,
477,2026-04-23T08:56:06.725Z,S20260423_095534,N/A,AUTO,8.369,32.2734,0.0596,N/A,1,1500,VIDE,0.0,0.0,0.0,0.0,-0.698132,0.0,1,0,18.427,17.742,,,,,,,,,,,,
478,2026-04-23T08:56:06.791Z,S20260423_095534,N/A,AUTO,8.4353,32.3396,0.0663,N/A,1,1500,VIDE,0.0,0.0,0.0,0.0,-0.698132,0.0,1,0,29.15,19.856,,,,,,,,,,,,
479,2026-04-23T08:56:06.853Z,S20260423_095534,N/A,AUTO,8.4976,32.4019,0.0623,N/A,1,1500,VIDE,0.0,0.0,0.0,0.0,-0.698132,0.0,1,0,18.529,19.488,,,,,,,,,,,,
480,2026-04-23T08:56:06.914Z,S20260423_095534,N/A,AUTO,8.5589,32.4632,0.0612,N/A,1,1500,VIDE,0.0,0.0,0.0,0.0,-0.698132,0.0,1,0,27.724,20.461,,,,,,,,,,,,
481,2026-04-23T08:56:06.977Z,S20260423_095534,N/A,AUTO,8.6213,32.5256,0.0624,N/A,1,1500,VIDE,0.0,0.0,0.0,0.0,-0.698132,-0.0,1,0,23.429,19.231,,,,,,,,,,,,
482,2026-04-23T08:56:07.039Z,S20260423_095534,N/A,AUTO,8.6836,32.5879,0.0623,N/A,1,1500,VIDE,0.0,0.0,0.0,0.0,-0.698132,-0.0,1,0,34.44,19.42,,,,,,,,,,,,
483,2026-04-23T08:56:07.099Z,S20260423_095534,N/A,AUTO,8.7437,32.6481,0.0602,N/A,1,1500,VIDE,0.0,0.0,0.0,0.0,-0.698132,-0.0,1,0,21.672,18.845,,,,,,,,,,,,
484,2026-04-23T08:56:07.164Z,S20260423_095534,N/A,AUTO,8.8082,32.7126,0.0645,N/A,1,1500,VIDE,0.0,0.0,0.0,0.0,-0.698132,-0.0,1,0,28.661,19.46,,,,,,,,,,,,
485,2026-04-23T08:56:07.228Z,S20260423_095534,N/A,AUTO,8.8719,32.7763,0.0637,N/A,1,1500,VIDE,0.0,0.0,0.0,0.0,-0.698132,-0.0,1,0,15.734,19.29,,,,,,,,,,,,
486,2026-04-23T08:56:07.290Z,S20260423_095534,N/A,AUTO,8.934,32.8383,0.062,N/A,1,1500,VIDE,0.0,0.0,0.0,0.0,-0.698132,-0.0,1,0,24.017,18.601,,,,,,,,,,,,
487,2026-04-23T08:56:07.353Z,S20260423_095534,N/A,AUTO,8.9971,32.9015,0.0632,N/A,1,1500,VIDE,0.0,0.0,0.0,0.0,-0.698132,0.0,1,0,18.049,20.635,,,,,,,,,,,,
488,2026-04-23T08:56:07.415Z,S20260423_095534,N/A,AUTO,9.0591,32.9634,0.0619,N/A,1,1500,VIDE,0.0,0.0,0.0,0.0,-0.698132,0.0,1,0,28.92,20.678,,,,,,,,,,,,
489,2026-04-23T08:56:07.477Z,S20260423_095534,N/A,AUTO,9.1218,33.0262,0.0627,N/A,1,1500,VIDE,0.0,0.0,0.0,0.0,-0.698132,0.0,1,0,21.42,19.667,,,,,,,,,,,,
490,2026-04-23T08:56:07.539Z,S20260423_095534,N/A,AUTO,9.183,33.0874,0.0612,N/A,1,1500,VIDE,0.0,0.0,0.0,0.0,-0.698132,-0.0,1,0,33.427,25.551,,,,,,,,,,,,
491,2026-04-23T08:56:07.602Z,S20260423_095534,N/A,AUTO,9.2462,33.1505,0.0632,N/A,1,1500,VIDE,0.0,0.0,0.0,0.0,-0.698132,-0.0,1,0,32.715,19.71,,,,,,,,,,,,
492,2026-04-23T08:56:07.664Z,S20260423_095534,N/A,AUTO,9.3079,33.2123,0.0618,N/A,1,1500,VIDE,0.0,0.0,0.0,0.0,-0.698132,-0.0,1,0,22.897,16.783,,,,,,,,,,,,
493,2026-04-23T08:56:07.725Z,S20260423_095534,N/A,AUTO,9.3692,33.2735,0.0613,N/A,1,1500,VIDE,0.0,0.0,0.0,0.0,-0.698132,-0.0,1,0,15.531,19.062,,,,,,,,,,,,
494,2026-04-23T08:56:07.788Z,S20260423_095534,N/A,AUTO,9.4319,33.3363,0.0627,N/A,1,1500,VIDE,0.0,0.0,0.0,0.0,-0.698132,0.0,1,0,33.36,19.666,,,,,,,,,,,,
495,2026-04-23T08:56:07.852Z,S20260423_095534,N/A,AUTO,9.4968,33.4011,0.0648,N/A,1,1500,VIDE,0.0,0.0,0.0,0.0,-0.698132,0.0,1,0,24.827,20.915,,,,,,,,,,,,
496,2026-04-23T08:56:07.915Z,S20260423_095534,N/A,AUTO,9.5596,33.4639,0.0627,N/A,1,1500,VIDE,0.0,0.0,0.0,0.0,-0.698132,0.0,1,0,32.293,20.049,,,,,,,,,,,,
497,2026-04-23T08:56:07.978Z,S20260423_095534,N/A,AUTO,9.6223,33.5266,0.0629,N/A,1,1500,VIDE,0.0,0.0,0.0,0.0,-0.698132,0.0,1,0,20.424,18.817,,,,,,,,,,,,
498,2026-04-23T08:56:08.038Z,S20260423_095534,N/A,AUTO,9.6823,33.5867,0.06,N/A,1,1500,VIDE,0.0,0.0,0.0,0.0,-0.698132,0.0,1,0,28.891,19.999,,,,,,,,,,,,
499,2026-04-23T08:56:08.103Z,S20260423_095534,N/A,AUTO,9.7474,33.6518,0.065,N/A,1,1500,VIDE,0.0,0.0,0.0,0.0,-0.698132,0.0,1,0,18.362,19.459,,,,,,,,,,,,
500,2026-04-23T08:56:08.165Z,S20260423_095534,N/A,AUTO,9.8089,33.7133,0.0615,N/A,1,1500,VIDE,0.0,0.0,0.0,0.0,-0.698132,-0.0,1,0,29.671,24.022,,,,,,,,,,,,
501,2026-04-23T08:56:08.225Z,S20260423_095534,N/A,AUTO,9.8692,33.7736,0.0603,N/A,1,1500,VIDE,0.0,0.0,0.0,0.0,-0.698132,-0.0,1,0,20.302,19.351,,,,,,,,,,,,
502,2026-04-23T08:56:08.291Z,S20260423_095534,N/A,AUTO,9.9349,33.8392,0.0657,N/A,1,1500,VIDE,0.0,0.0,0.0,0.0,-0.698132,-0.0,1,0,29.619,19.183,,,,,,,,,,,,
503,2026-04-23T08:56:08.352Z,S20260423_095534,N/A,AUTO,9.9961,33.9004,0.0611,N/A,1,1500,VIDE,0.0,0.0,0.0,0.0,-0.698132,-0.0,1,0,19.23,18.988,,,,,,,,,,,,
504,2026-04-23T08:56:08.412Z,S20260423_095534,N/A,AUTO,10.056,33.9603,0.0599,N/A,1,1500,VIDE,0.0,0.0,0.0,0.0,-0.698132,0.0,1,0,49.629,19.739,,,,,,,,,,,,
505,2026-04-23T08:56:08.476Z,S20260423_095534,N/A,AUTO,10.1205,34.0248,0.0646,N/A,1,1500,VIDE,0.0,0.0,0.0,0.0,-0.698132,0.0,1,0,27.21,18.322,,,,,,,,,,,,
506,2026-04-23T08:56:08.538Z,S20260423_095534,N/A,AUTO,10.182,34.0863,0.0614,N/A,1,1500,VIDE,0.0,0.0,0.0,0.0,-0.698132,-0.0,1,0,30.702,32.662,,,,,,,,,,,,
507,2026-04-23T08:56:08.604Z,S20260423_095534,N/A,AUTO,10.2483,34.1526,0.0663,N/A,1,1500,VIDE,0.0,0.0,0.0,0.0,-0.698132,-0.0,1,0,34.534,19.101,,,,,,,,,,,,
508,2026-04-23T08:56:08.665Z,S20260423_095534,N/A,AUTO,10.309,34.2133,0.0607,N/A,1,1500,VIDE,0.0,0.0,0.0,0.0,-0.698132,-0.0,1,0,23.059,18.13,,,,,,,,,,,,
509,2026-04-23T08:56:08.724Z,S20260423_095534,N/A,AUTO,10.3688,34.2732,0.0599,N/A,1,1500,VIDE,0.0,0.0,0.0,0.0,-0.698132,-0.0,1,0,30.437,19.57,,,,,,,,,,,,
510,2026-04-23T08:56:08.796Z,S20260423_095534,N/A,AUTO,10.4401,34.3445,0.0713,N/A,1,1500,VIDE,0.0,0.0,0.0,0.0,-0.698132,-0.0,1,0,17.504,18.798,,,,,,,,,,,,
511,2026-04-23T08:56:08.849Z,S20260423_095534,N/A,AUTO,10.4938,34.3981,0.0536,N/A,1,1500,VIDE,0.0,0.0,0.0,0.0,-0.698132,0.0,1,0,36.929,19.888,,,,,,,,,,,,
512,2026-04-23T08:56:08.921Z,S20260423_095534,N/A,AUTO,10.5655,34.4698,0.0717,N/A,1,1500,VIDE,0.0,0.0,0.0,0.0,-0.698132,0.0,1,0,26.155,19.975,,,,,,,,,,,,
513,2026-04-23T08:56:08.985Z,S20260423_095534,N/A,AUTO,10.6294,34.5338,0.064,N/A,1,1500,VIDE,0.0,0.0,0.0,0.0,-0.698132,0.0,1,0,15.217,17.867,,,,,,,,,,,,
514,2026-04-23T08:56:09.038Z,S20260423_095534,N/A,AUTO,10.6828,34.5871,0.0534,N/A,1,1500,VIDE,0.0,0.0,0.0,0.0,-0.698132,0.0,1,0,22.869,19.942,,,,,,,,,,,,
515,2026-04-23T08:56:09.100Z,S20260423_095534,N/A,AUTO,10.7443,34.6486,0.0615,N/A,1,1500,VIDE,0.0,0.0,0.0,0.0,-0.698132,0.0,1,0,35.281,13.199,,,,,,,,,,,,
516,2026-04-23T08:56:09.164Z,S20260423_095534,N/A,AUTO,10.8083,34.7127,0.0639,N/A,1,1500,VIDE,0.0,0.0,0.0,0.0,-0.698132,-0.0,1,0,33.482,22.271,,,,,,,,,,,,
517,2026-04-23T08:56:09.225Z,S20260423_095534,N/A,AUTO,10.869,34.7733,0.0607,N/A,1,1500,VIDE,0.0,0.0,0.0,0.0,-0.698132,-0.0,1,0,28.011,19.2,,,,,,,,,,,,
518,2026-04-23T08:56:09.289Z,S20260423_095534,N/A,AUTO,10.9333,34.8376,0.0644,N/A,1,1500,VIDE,0.0,0.0,0.0,0.0,-0.698132,-0.0,1,0,18.511,20.386,,,,,,,,,,,,
519,2026-04-23T08:56:09.356Z,S20260423_095534,N/A,AUTO,11.0002,34.9046,0.0669,N/A,1,1500,VIDE,0.0,0.0,0.0,0.0,-0.698132,-0.0,1,0,25.476,19.631,,,,,,,,,,,,
520,2026-04-23T08:56:09.420Z,S20260423_095534,N/A,AUTO,11.0645,34.9688,0.0642,N/A,1,1500,VIDE,0.0,0.0,0.0,0.0,-0.698132,-0.0,1,0,29.558,19.703,,,,,,,,,,,,
521,2026-04-23T08:56:09.484Z,S20260423_095534,N/A,AUTO,11.128,35.0323,0.0636,N/A,1,1500,VIDE,0.0,0.0,0.0,0.0,-0.698132,0.0,1,0,30.657,20.22,,,,,,,,,,,,
522,2026-04-23T08:56:09.538Z,S20260423_095534,N/A,AUTO,11.1822,35.0866,0.0542,N/A,1,1500,VIDE,0.0,0.0,0.0,0.0,-0.698132,0.0,1,0,24.156,18.736,,,,,,,,,,,,
523,2026-04-23T08:56:09.604Z,S20260423_095534,N/A,AUTO,11.2489,35.1532,0.0666,N/A,1,1500,VIDE,0.0,0.0,0.0,0.0,-0.698132,0.0,1,0,31.482,20.15,,,,,,,,,,,,
524,2026-04-23T08:56:09.663Z,S20260423_095534,N/A,AUTO,11.3074,35.2117,0.0585,N/A,1,1500,VIDE,0.0,0.0,0.0,0.0,-0.698132,-0.0,1,0,26.936,20.424,,,,,,,,,,,,
525,2026-04-23T08:56:09.725Z,S20260423_095534,N/A,AUTO,11.3693,35.2737,0.0619,N/A,1,1500,VIDE,0.0,0.0,0.0,0.0,-0.698132,-0.0,1,0,14.4,19.426,,,,,,,,,,,,
526,2026-04-23T08:56:09.787Z,S20260423_095534,N/A,AUTO,11.4315,35.3358,0.0621,N/A,1,1500,VIDE,0.0,0.0,0.0,0.0,-0.698132,-0.0,1,0,22.477,19.247,,,,,,,,,,,,
527,2026-04-23T08:56:09.852Z,S20260423_095534,N/A,AUTO,11.4966,35.4009,0.0651,N/A,1,1500,VIDE,0.0,0.0,0.0,0.0,-0.698132,-0.0,1,0,26.883,19.453,,,,,,,,,,,,
528,2026-04-23T08:56:09.916Z,S20260423_095534,N/A,AUTO,11.5601,35.4645,0.0635,N/A,1,1500,VIDE,0.0,0.0,0.0,0.0,-0.698132,-0.0,1,0,13.566,19.884,,,,,,,,,,,,
529,2026-04-23T08:56:09.980Z,S20260423_095534,N/A,AUTO,11.6242,35.5286,0.0641,N/A,1,1500,VIDE,0.0,0.0,0.0,0.0,-0.698132,-0.0,1,0,20.693,19.462,,,,,,,,,,,,
530,2026-04-23T08:56:10.043Z,S20260423_095534,N/A,AUTO,11.6878,35.5921,0.0636,N/A,1,1500,VIDE,0.0,0.0,0.0,0.0,-0.698132,-0.0,1,0,26.909,18.781,,,,,,,,,,,,
531,2026-04-23T08:56:10.103Z,S20260423_095534,N/A,AUTO,11.7472,35.6516,0.0594,N/A,1,1500,VIDE,0.0,0.0,0.0,0.0,-0.698132,-0.0,1,0,12.874,19.227,,,,,,,,,,,,
532,2026-04-23T08:56:10.165Z,S20260423_095534,N/A,AUTO,11.8091,35.7134,0.0619,N/A,1,1500,VIDE,0.0,0.0,0.0,0.0,-0.698132,0.0,1,0,24.285,21.806,,,,,,,,,,,,
533,2026-04-23T08:56:10.225Z,S20260423_095534,N/A,AUTO,11.8694,35.7737,0.0603,N/A,1,1500,VIDE,0.0,0.0,0.0,0.0,-0.698132,0.0,1,0,19.461,19.153,,,,,,,,,,,,
534,2026-04-23T08:56:10.298Z,S20260423_095534,N/A,AUTO,11.9428,35.8471,0.0733,N/A,1,1500,VIDE,0.0,0.0,0.0,0.0,-0.698132,0.0,1,0,30.219,19.288,,,,,,,,,,,,
535,2026-04-23T08:56:10.354Z,S20260423_095534,N/A,AUTO,11.9982,35.9025,0.0555,N/A,1,1500,VIDE,0.0,0.0,0.0,0.0,-0.698132,0.0,1,0,16.807,20.543,,,,,,,,,,,,
536,2026-04-23T08:56:10.412Z,S20260423_095534,N/A,AUTO,12.0559,35.9603,0.0578,N/A,1,1500,VIDE,0.0,0.0,0.0,0.0,-0.698132,-0.0,1,0,47.408,0.841,,,,,,,,,,,,
537,2026-04-23T08:56:10.476Z,S20260423_095534,N/A,AUTO,12.12,36.0243,0.064,N/A,1,1500,VIDE,0.0,0.0,0.0,0.0,-0.698132,-0.0,1,0,21.793,20.187,,,,,,,,,,,,
538,2026-04-23T08:56:10.537Z,S20260423_095534,N/A,AUTO,12.1812,36.0855,0.0612,N/A,1,1500,VIDE,0.0,0.0,0.0,0.0,-0.698132,-0.0,1,0,34.893,18.851,,,,,,,,,,,,
539,2026-04-23T08:56:10.604Z,S20260423_095534,N/A,AUTO,12.2482,36.1525,0.067,N/A,1,1500,VIDE,0.0,0.0,0.0,0.0,-0.698132,-0.0,1,0,20.562,20.01,,,,,,,,,,,,
540,2026-04-23T08:56:10.664Z,S20260423_095534,N/A,AUTO,12.3088,36.2132,0.0606,N/A,1,1500,VIDE,0.0,0.0,0.0,0.0,-0.698132,-0.0,1,0,27.955,18.025,,,,,,,,,,,,
541,2026-04-23T08:56:10.731Z,S20260423_095534,N/A,AUTO,12.3758,36.2802,0.0671,N/A,1,1500,VIDE,0.0,0.0,0.0,0.0,-0.698132,-0.0,1,0,15.845,18.683,,,,,,,,,,,,
542,2026-04-23T08:56:10.788Z,S20260423_095534,N/A,AUTO,12.4323,36.3367,0.0565,N/A,1,1500,VIDE,0.0,0.0,0.0,0.0,-0.698132,-0.0,1,0,21.006,19.624,,,,,,,,,,,,
543,2026-04-23T08:56:10.854Z,S20260423_095534,N/A,AUTO,12.4985,36.4028,0.0662,N/A,1,1500,VIDE,0.0,0.0,0.0,0.0,-0.698132,0.0,1,0,49.757,1.012,,,,,,,,,,,,
544,2026-04-23T08:56:10.921Z,S20260423_095534,N/A,AUTO,12.5658,36.4701,0.0672,N/A,1,1500,VIDE,0.0,0.0,0.0,0.0,-0.698132,-0.0,1,0,16.422,18.526,,,,,,,,,,,,
545,2026-04-23T08:56:10.984Z,S20260423_095534,N/A,AUTO,12.6281,36.5324,0.0623,N/A,1,1500,VIDE,0.0,0.0,0.0,0.0,-0.698132,0.0,1,0,26.185,22.48,,,,,,,,,,,,
546,2026-04-23T08:56:11.044Z,S20260423_095534,N/A,AUTO,12.6886,36.5929,0.0605,N/A,1,1500,VIDE,0.0,0.0,0.0,0.0,-0.698132,0.0,1,0,16.102,19.149,,,,,,,,,,,,
547,2026-04-23T08:56:11.100Z,S20260423_095534,N/A,AUTO,12.7443,36.6486,0.0557,N/A,1,1500,VIDE,0.0,0.0,0.0,0.0,-0.698132,0.0,1,0,25.838,19.431,,,,,,,,,,,,
548,2026-04-23T08:56:11.163Z,S20260423_095534,N/A,AUTO,12.8077,36.7121,0.0635,N/A,1,1500,VIDE,0.0,0.0,0.0,0.0,-0.698132,0.0,1,0,32.241,18.188,,,,,,,,,,,,
549,2026-04-23T08:56:11.228Z,S20260423_095534,N/A,AUTO,12.8721,36.7764,0.0643,N/A,1,1500,VIDE,0.0,0.0,0.0,0.0,-0.698132,0.0,1,0,18.326,19.171,,,,,,,,,,,,
550,2026-04-23T08:56:11.288Z,S20260423_095534,N/A,AUTO,12.9325,36.8368,0.0603,N/A,1,1500,VIDE,0.0,0.0,0.0,0.0,-0.698132,-0.0,1,0,35.146,19.001,,,,,,,,,,,,
551,2026-04-23T08:56:11.354Z,S20260423_095534,N/A,AUTO,12.9988,36.9031,0.0663,N/A,1,1500,VIDE,0.0,0.0,0.0,0.0,-0.698132,-0.0,1,0,21.551,19.587,,,,,,,,,,,,
552,2026-04-23T08:56:11.419Z,S20260423_095534,N/A,AUTO,13.0634,36.9677,0.0646,N/A,1,1500,VIDE,0.0,0.0,0.0,0.0,-0.698132,-0.0,1,0,29.458,18.438,,,,,,,,,,,,
553,2026-04-23T08:56:11.482Z,S20260423_095534,N/A,AUTO,13.1267,37.0311,0.0634,N/A,1,1500,VIDE,0.0,0.0,0.0,0.0,-0.698132,-0.0,1,0,15.903,19.586,,,,,,,,,,,,
554,2026-04-23T08:56:11.538Z,S20260423_095534,N/A,AUTO,13.1827,37.087,0.0559,N/A,1,1500,VIDE,0.0,0.0,0.0,0.0,-0.698132,-0.0,1,0,25.506,15.853,,,,,,,,,,,,
555,2026-04-23T08:56:11.605Z,S20260423_095534,N/A,AUTO,13.2494,37.1538,0.0668,N/A,1,1500,VIDE,0.0,0.0,0.0,0.0,-0.698132,-0.0,1,0,38.526,19.412,,,,,,,,,,,,
556,2026-04-23T08:56:11.665Z,S20260423_095534,N/A,AUTO,13.3099,37.2142,0.0604,N/A,1,1500,VIDE,0.0,0.0,0.0,0.0,-0.698132,0.0,1,0,34.751,20.558,,,,,,,,,,,,
557,2026-04-23T08:56:11.732Z,S20260423_095534,N/A,AUTO,13.3767,37.2811,0.0669,N/A,1,1500,VIDE,0.0,0.0,0.0,0.0,-0.698132,0.0,1,0,28.154,19.879,,,,,,,,,,,,
558,2026-04-23T08:56:11.801Z,S20260423_095534,N/A,AUTO,13.4451,37.3495,0.0683,N/A,1,1500,VIDE,0.0,0.0,0.0,0.0,-0.698132,0.0,1,0,23.856,19.428,,,,,,,,,,,,
559,2026-04-23T08:56:11.852Z,S20260423_095534,N/A,AUTO,13.496,37.4003,0.051,N/A,1,1500,VIDE,0.0,0.0,0.0,0.0,-0.698132,-0.0,1,0,30.765,37.021,,,,,,,,,,,,
560,2026-04-23T08:56:11.916Z,S20260423_095534,N/A,AUTO,13.5599,37.4643,0.0639,N/A,1,1500,VIDE,0.0,0.0,0.0,0.0,-0.698132,-0.0,1,0,39.867,15.576,,,,,,,,,,,,
561,2026-04-23T08:56:11.981Z,S20260423_095534,N/A,AUTO,13.625,37.5294,0.0651,N/A,1,1500,VIDE,0.0,0.0,0.0,0.0,-0.698132,0.0,1,0,30.804,30.364,,,,,,,,,,,,
562,2026-04-23T08:56:12.037Z,S20260423_095534,N/A,AUTO,13.6818,37.5861,0.0568,N/A,1,1500,VIDE,0.0,0.0,0.0,0.0,-0.698132,0.0,1,0,28.363,30.055,,,,,,,,,,,,
563,2026-04-23T08:56:12.104Z,S20260423_095534,N/A,AUTO,13.7485,37.6529,0.0667,N/A,1,1500,VIDE,0.0,0.0,0.0,0.0,-0.698132,0.0,1,0,22.811,15.095,,,,,,,,,,,,
564,2026-04-23T08:56:12.169Z,S20260423_095534,N/A,AUTO,13.8134,37.7178,0.0649,N/A,1,1500,VIDE,0.0,0.0,0.0,0.0,-0.698132,0.0,1,0,63.204,34.853,,,,,,,,,,,,
565,2026-04-23T08:56:12.233Z,S20260423_095534,N/A,AUTO,13.877,37.7813,0.0636,N/A,1,1500,VIDE,0.0,0.0,0.0,0.0,-0.698132,-0.0,1,0,20.962,13.232,,,,,,,,,,,,
566,2026-04-23T08:56:12.294Z,S20260423_095534,N/A,AUTO,13.9383,37.8427,0.0614,N/A,1,1500,VIDE,0.0,0.0,0.0,0.0,-0.698132,-0.0,1,0,32.963,13.265,,,,,,,,,,,,
567,2026-04-23T08:56:12.354Z,S20260423_095534,N/A,AUTO,13.9988,37.9032,0.0605,N/A,1,1500,VIDE,0.0,0.0,0.0,0.0,-0.698132,-0.0,1,0,27.669,13.944,,,,,,,,,,,,
568,2026-04-23T08:56:12.412Z,S20260423_095534,N/A,AUTO,14.0564,37.9607,0.0576,N/A,1,1500,VIDE,0.0,0.0,0.0,0.0,-0.698132,0.0,1,0,34.424,31.388,,,,,,,,,,,,
569,2026-04-23T08:56:12.476Z,S20260423_095534,N/A,AUTO,14.12,38.0244,0.0637,N/A,1,1500,VIDE,0.0,0.0,0.0,0.0,-0.698132,0.0,1,0,31.302,15.599,,,,,,,,,,,,
570,2026-04-23T08:56:12.537Z,S20260423_095534,N/A,AUTO,14.1815,38.0858,0.0614,N/A,1,1500,VIDE,0.0,0.0,0.0,0.0,-0.698132,0.0,1,0,20.329,15.452,,,,,,,,,,,,
571,2026-04-23T08:56:12.604Z,S20260423_095534,N/A,AUTO,14.2482,38.1525,0.0667,N/A,1,1500,VIDE,0.0,0.0,0.0,0.0,-0.698132,0.0,1,0,23.113,15.461,,,,,,,,,,,,
572,2026-04-23T08:56:12.667Z,S20260423_095534,N/A,AUTO,14.3116,38.2159,0.0635,N/A,1,1500,VIDE,0.0,0.0,0.0,0.0,-0.698132,0.0,1,0,28.08,30.492,,,,,,,,,,,,
573,2026-04-23T08:56:12.731Z,S20260423_095534,N/A,AUTO,14.3758,38.2802,0.0642,N/A,1,1500,VIDE,0.0,0.0,0.0,0.0,-0.698132,0.0,1,0,14.135,30.811,,,,,,,,,,,,
574,2026-04-23T08:56:12.794Z,S20260423_095534,N/A,AUTO,14.4381,38.3424,0.0623,N/A,1,1500,VIDE,0.0,0.0,0.0,0.0,-0.698132,-0.0,1,0,33.07,16.51,,,,,,,,,,,,
575,2026-04-23T08:56:12.853Z,S20260423_095534,N/A,AUTO,14.4978,38.4022,0.0598,N/A,1,1500,VIDE,0.0,0.0,0.0,0.0,-0.698132,-0.0,1,0,29.764,14.284,,,,,,,,,,,,
576,2026-04-23T08:56:12.918Z,S20260423_095534,N/A,AUTO,14.5623,38.4667,0.0644,N/A,1,1500,VIDE,0.0,0.0,0.0,0.0,-0.698132,-0.0,1,0,23.356,14.567,,,,,,,,,,,,
577,2026-04-23T08:56:12.979Z,S20260423_095534,N/A,AUTO,14.6237,38.528,0.0614,N/A,1,1500,VIDE,0.0,0.0,0.0,0.0,-0.698132,0.0,1,0,26.978,31.867,,,,,,,,,,,,
578,2026-04-23T08:56:13.043Z,S20260423_095534,N/A,AUTO,14.687,38.5914,0.0633,N/A,1,1500,VIDE,0.0,0.0,0.0,0.0,-0.698132,0.0,1,0,22.488,30.916,,,,,,,,,,,,
579,2026-04-23T08:56:13.100Z,S20260423_095534,N/A,AUTO,14.7448,38.6492,0.0578,N/A,1,1500,VIDE,0.0,0.0,0.0,0.0,-0.698132,0.0,1,0,33.276,30.259,,,,,,,,,,,,
580,2026-04-23T08:56:13.164Z,S20260423_095534,N/A,AUTO,14.8082,38.7126,0.0634,N/A,1,1500,VIDE,0.0,0.0,0.0,0.0,-0.698132,-0.0,1,0,26.022,16.228,,,,,,,,,,,,
581,2026-04-23T08:56:13.225Z,S20260423_095534,N/A,AUTO,14.8694,38.7737,0.0612,N/A,1,1500,VIDE,0.0,0.0,0.0,0.0,-0.698132,-0.0,1,0,10.141,29.788,,,,,,,,,,,,
582,2026-04-23T08:56:13.289Z,S20260423_095534,N/A,AUTO,14.9332,38.8376,0.0638,N/A,1,1500,VIDE,0.0,0.0,0.0,0.0,-0.698132,0.0,1,0,32.8,15.753,,,,,,,,,,,,
583,2026-04-23T08:56:13.353Z,S20260423_095534,N/A,AUTO,14.9971,38.9014,0.0639,N/A,1,1500,VIDE,0.0,0.0,0.0,0.0,-0.698132,0.0,1,0,33.132,13.921,,,,,,,,,,,,
584,2026-04-23T08:56:13.415Z,S20260423_095534,N/A,AUTO,15.0592,38.9635,0.062,N/A,1,1500,VIDE,0.0,0.0,0.0,0.0,-0.698132,-0.0,1,0,28.044,15.893,,,,,,,,,,,,
585,2026-04-23T08:56:13.475Z,S20260423_095534,N/A,AUTO,15.1199,39.0242,0.0607,N/A,1,1500,VIDE,0.0,0.0,0.0,0.0,-0.698132,-0.0,1,0,20.487,14.002,,,,,,,,,,,,
586,2026-04-23T08:56:13.538Z,S20260423_095534,N/A,AUTO,15.1827,39.087,0.0627,N/A,1,1500,VIDE,0.0,0.0,0.0,0.0,-0.698132,0.0,1,0,23.154,28.416,,,,,,,,,,,,
587,2026-04-23T08:56:13.602Z,S20260423_095534,N/A,AUTO,15.2461,39.1505,0.0636,N/A,1,1500,VIDE,0.0,0.0,0.0,0.0,-0.698132,0.0,1,0,26.888,14.804,,,,,,,,,,,,
588,2026-04-23T08:56:13.663Z,S20260423_095534,N/A,AUTO,15.3073,39.2117,0.0612,N/A,1,1500,VIDE,0.0,0.0,0.0,0.0,-0.698132,-0.0,1,0,39.333,15.133,,,,,,,,,,,,
589,2026-04-23T08:56:13.726Z,S20260423_095534,N/A,AUTO,15.3703,39.2746,0.0629,N/A,1,1500,VIDE,0.0,0.0,0.0,0.0,-0.698132,-0.0,1,0,24.682,30.113,,,,,,,,,,,,
590,2026-04-23T08:56:13.787Z,S20260423_095534,N/A,AUTO,15.4315,39.3358,0.0612,N/A,1,1500,VIDE,0.0,0.0,0.0,0.0,-0.698132,-0.0,1,0,22.418,29.669,,,,,,,,,,,,
591,2026-04-23T08:56:13.852Z,S20260423_095534,N/A,AUTO,15.4963,39.4006,0.0648,N/A,1,1500,VIDE,0.0,0.0,0.0,0.0,-0.698132,0.0,1,0,28.353,15.931,,,,,,,,,,,,
592,2026-04-23T08:56:13.914Z,S20260423_095534,N/A,AUTO,15.5585,39.4629,0.062,N/A,1,1500,VIDE,0.0,0.0,0.0,0.0,-0.698132,0.0,1,0,21.863,13.278,,,,,,,,,,,,
593,2026-04-23T08:56:13.977Z,S20260423_095534,N/A,AUTO,15.621,39.5253,0.0627,N/A,1,1500,VIDE,0.0,0.0,0.0,0.0,-0.698132,0.0,1,0,32.625,13.821,,,,,,,,,,,,
594,2026-04-23T08:56:14.039Z,S20260423_095534,N/A,AUTO,15.6829,39.5873,0.0619,N/A,1,1500,VIDE,0.0,0.0,0.0,0.0,-0.698132,0.0,1,0,19.629,14.247,,,,,,,,,,,,
595,2026-04-23T08:56:14.102Z,S20260423_095534,N/A,AUTO,15.7461,39.6505,0.0632,N/A,1,1500,VIDE,0.0,0.0,0.0,0.0,-0.698132,0.0,1,0,25.584,15.199,,,,,,,,,,,,
596,2026-04-23T08:56:14.164Z,S20260423_095534,N/A,AUTO,15.8086,39.713,0.0624,N/A,1,1500,VIDE,0.0,0.0,0.0,0.0,-0.698132,0.0,1,0,29.346,15.41,,,,,,,,,,,,
597,2026-04-23T08:56:14.225Z,S20260423_095534,N/A,AUTO,15.8698,39.7742,0.0613,N/A,1,1500,VIDE,0.0,0.0,0.0,0.0,-0.698132,-0.0,1,0,17.993,30.121,,,,,,,,,,,,
598,2026-04-23T08:56:14.289Z,S20260423_095534,N/A,AUTO,15.933,39.8374,0.0631,N/A,1,1500,VIDE,0.0,0.0,0.0,0.0,-0.698132,-0.0,1,0,8.119,30.38,,,,,,,,,,,,
599,2026-04-23T08:56:14.351Z,S20260423_095534,N/A,AUTO,15.9952,39.8996,0.0622,N/A,1,1500,VIDE,0.0,0.0,0.0,0.0,-0.698132,-0.0,1,0,32.914,13.772,,,,,,,,,,,,
600,2026-04-23T08:56:14.412Z,S20260423_095534,N/A,AUTO,16.0568,39.9611,0.0616,N/A,1,1500,VIDE,0.0,0.0,0.0,0.0,-0.698132,-0.0,1,0,11.815,29.925,,,,,,,,,,,,
601,2026-04-23T08:56:14.476Z,S20260423_095534,N/A,AUTO,16.1204,40.0247,0.0636,N/A,1,1500,VIDE,0.0,0.0,0.0,0.0,-0.698132,0.0,1,0,29.161,16.465,,,,,,,,,,,,
602,2026-04-23T08:56:14.538Z,S20260423_095534,N/A,AUTO,16.1823,40.0866,0.0619,N/A,1,1500,VIDE,0.0,0.0,0.0,0.0,-0.698132,0.0,1,0,23.585,15.038,,,,,,,,,,,,
603,2026-04-23T08:56:14.604Z,S20260423_095534,N/A,AUTO,16.2487,40.153,0.0664,N/A,1,1500,VIDE,0.0,0.0,0.0,0.0,-0.698132,0.0,1,0,26.769,15.202,,,,,,,,,,,,
604,2026-04-23T08:56:14.662Z,S20260423_095534,N/A,AUTO,16.3062,40.2105,0.0575,N/A,1,1500,VIDE,0.0,0.0,0.0,0.0,-0.698132,0.0,1,0,33.154,15.689,,,,,,,,,,,,
605,2026-04-23T08:56:14.725Z,S20260423_095534,N/A,AUTO,16.3696,40.2739,0.0634,N/A,1,1500,VIDE,0.0,0.0,0.0,0.0,-0.698132,0.0,1,0,19.429,15.183,,,,,,,,,,,,
606,2026-04-23T08:56:14.788Z,S20260423_095534,N/A,AUTO,16.4324,40.3368,0.0629,N/A,1,1500,VIDE,0.0,0.0,0.0,0.0,-0.698132,0.0,1,0,24.318,29.03,,,,,,,,,,,,
607,2026-04-23T08:56:14.854Z,S20260423_095534,N/A,AUTO,16.4987,40.403,0.0662,N/A,1,1500,VIDE,0.0,0.0,0.0,0.0,-0.698132,0.0,1,0,33.613,30.735,,,,,,,,,,,,
608,2026-04-23T08:56:14.920Z,S20260423_095534,N/A,AUTO,16.5643,40.4687,0.0657,N/A,1,1500,VIDE,0.0,0.0,0.0,0.0,-0.698132,-0.0,1,0,20.125,29.893,,,,,,,,,,,,
609,2026-04-23T08:56:14.984Z,S20260423_095534,N/A,AUTO,16.629,40.5333,0.0646,N/A,1,1500,VIDE,0.0,0.0,0.0,0.0,-0.698132,-0.0,1,0,34.524,30.021,,,,,,,,,,,,
610,2026-04-23T08:56:15.047Z,S20260423_095534,N/A,AUTO,16.6909,40.5953,0.0621,N/A,1,1500,VIDE,0.0,0.0,0.0,0.0,-0.698132,0.0,1,0,27.373,16.117,,,,,,,,,,,,
611,2026-04-23T08:56:15.099Z,S20260423_095534,N/A,AUTO,16.7438,40.6481,0.0529,N/A,1,1500,VIDE,0.0,0.0,0.0,0.0,-0.698132,0.0,1,0,6.327,29.762,,,,,,,,,,,,
612,2026-04-23T08:56:15.163Z,S20260423_095534,N/A,AUTO,16.8079,40.7122,0.0641,N/A,1,1500,VIDE,0.0,0.0,0.0,0.0,-0.698132,0.0,1,0,30.64,14.747,,,,,,,,,,,,
613,2026-04-23T08:56:15.228Z,S20260423_095534,N/A,AUTO,16.8728,40.7772,0.0649,N/A,1,1500,VIDE,0.0,0.0,0.0,0.0,-0.698132,0.0,1,0,22.454,15.643,,,,,,,,,,,,
614,2026-04-23T08:56:15.288Z,S20260423_095534,N/A,AUTO,16.9328,40.8372,0.0599,N/A,1,1500,VIDE,0.0,0.0,0.0,0.0,-0.698132,-0.0,1,0,26.847,30.323,,,,,,,,,,,,
615,2026-04-23T08:56:15.356Z,S20260423_095534,N/A,AUTO,17.0002,40.9045,0.0675,N/A,1,1500,VIDE,0.0,0.0,0.0,0.0,-0.698132,-0.0,1,0,18.52,15.651,,,,,,,,,,,,
616,2026-04-23T08:56:15.420Z,S20260423_095534,N/A,AUTO,17.0643,40.9687,0.0641,N/A,1,1500,VIDE,0.0,0.0,0.0,0.0,-0.698132,-0.0,1,0,25.706,29.853,,,,,,,,,,,,
617,2026-04-23T08:56:15.477Z,S20260423_095534,N/A,AUTO,17.1215,41.0259,0.0572,N/A,1,1500,VIDE,0.0,0.0,0.0,0.0,-0.698132,-0.0,1,0,18.224,14.416,,,,,,,,,,,,
618,2026-04-23T08:56:15.548Z,S20260423_095534,N/A,AUTO,17.1924,41.0967,0.0707,N/A,1,1500,VIDE,0.0,0.0,0.0,0.0,-0.698132,0.0,1,0,35.398,23.452,,,,,,,,,,,,
619,2026-04-23T08:56:15.603Z,S20260423_095534,N/A,AUTO,17.2478,41.1522,0.0556,N/A,1,1500,VIDE,0.0,0.0,0.0,0.0,-0.698132,0.0,1,0,15.954,27.609,,,,,,,,,,,,
620,2026-04-23T08:56:15.670Z,S20260423_095534,N/A,AUTO,17.3149,41.2192,0.067,N/A,1,1500,VIDE,0.0,0.0,0.0,0.0,-0.698132,0.0,1,0,23.528,30.744,,,,,,,,,,,,
621,2026-04-23T08:56:15.734Z,S20260423_095534,N/A,AUTO,17.3786,41.2829,0.0637,N/A,1,1500,VIDE,0.0,0.0,0.0,0.0,-0.698132,0.0,1,0,10.809,30.581,,,,,,,,,,,,
622,2026-04-23T08:56:15.788Z,S20260423_095534,N/A,AUTO,17.4328,41.3372,0.0542,N/A,1,1500,VIDE,0.0,0.0,0.0,0.0,-0.698132,-0.0,1,0,26.38,16.064,,,,,,,,,,,,
623,2026-04-23T08:56:15.852Z,S20260423_095534,N/A,AUTO,17.4969,41.4012,0.064,N/A,1,1500,VIDE,0.0,0.0,0.0,0.0,-0.698132,-0.0,1,0,30.908,31.726,,,,,,,,,,,,
624,2026-04-23T08:56:15.916Z,S20260423_095534,N/A,AUTO,17.5603,41.4646,0.0635,N/A,1,1500,VIDE,0.0,0.0,0.0,0.0,-0.698132,-0.0,1,0,22.441,30.898,,,,,,,,,,,,
625,2026-04-23T08:56:15.981Z,S20260423_095534,N/A,AUTO,17.6255,41.5298,0.0652,N/A,1,1500,VIDE,0.0,0.0,0.0,0.0,-0.698132,-0.0,1,0,28.28,30.985,,,,,,,,,,,,
626,2026-04-23T08:56:16.037Z,S20260423_095534,N/A,AUTO,17.6819,41.5863,0.0564,N/A,1,1500,VIDE,0.0,0.0,0.0,0.0,-0.698132,-0.0,1,0,17.197,29.921,,,,,,,,,,,,
627,2026-04-23T08:56:16.104Z,S20260423_095534,N/A,AUTO,17.7483,41.6526,0.0664,N/A,1,1500,VIDE,0.0,0.0,0.0,0.0,-0.698132,-0.0,1,0,25.524,30.515,,,,,,,,,,,,
628,2026-04-23T08:56:16.170Z,S20260423_095534,N/A,AUTO,17.8147,41.719,0.0664,N/A,1,1500,VIDE,0.0,0.0,0.0,0.0,-0.698132,-0.0,1,0,26.521,30.449,,,,,,,,,,,,
629,2026-04-23T08:56:16.233Z,S20260423_095534,N/A,AUTO,17.8776,41.782,0.0629,N/A,1,1500,VIDE,0.0,0.0,0.0,0.0,-0.698132,-0.0,1,0,44.574,15.477,,,,,,,,,,,,
630,2026-04-23T08:56:16.290Z,S20260423_095534,N/A,AUTO,17.9347,41.8391,0.0571,N/A,1,1500,VIDE,0.0,0.0,0.0,0.0,-0.698132,0.0,1,0,31.665,16.776,,,,,,,,,,,,
631,2026-04-23T08:56:16.356Z,S20260423_095534,N/A,AUTO,18.0001,41.9044,0.0653,N/A,1,1500,VIDE,0.0,0.0,0.0,0.0,-0.698132,0.0,1,0,24.817,14.56,,,,,,,,,,,,
632,2026-04-23T08:56:16.412Z,S20260423_095534,N/A,AUTO,18.0564,41.9608,0.0564,N/A,1,1500,VIDE,0.0,0.0,0.0,0.0,-0.698132,0.0,1,0,30.344,14.569,,,,,,,,,,,,
633,2026-04-23T08:56:16.475Z,S20260423_095534,N/A,AUTO,18.1199,42.0242,0.0635,N/A,1,1500,VIDE,0.0,0.0,0.0,0.0,-0.698132,0.0,1,0,20.951,15.397,,,,,,,,,,,,
634,2026-04-23T08:56:16.540Z,S20260423_095534,N/A,AUTO,18.1841,42.0885,0.0643,N/A,1,1500,VIDE,0.0,0.0,0.0,0.0,-0.698132,-0.0,1,0,10.559,31.143,,,,,,,,,,,,
635,2026-04-23T08:56:16.604Z,S20260423_095534,N/A,AUTO,18.2482,42.1525,0.064,N/A,1,1500,VIDE,0.0,0.0,0.0,0.0,-0.698132,-0.0,1,0,1.904,29.93,,,,,,,,,,,,
636,2026-04-23T08:56:16.669Z,S20260423_095534,N/A,AUTO,18.3135,42.2178,0.0652,N/A,1,1500,VIDE,0.0,0.0,0.0,0.0,-0.698132,-0.0,1,0,6.803,30.507,,,,,,,,,,,,
637,2026-04-23T08:56:16.732Z,S20260423_095534,N/A,AUTO,18.376,42.2804,0.0627,N/A,1,1500,VIDE,0.0,0.0,0.0,0.0,-0.698132,-0.0,1,0,35.609,13.009,,,,,,,,,,,,
638,2026-04-23T08:56:16.792Z,S20260423_095534,N/A,AUTO,18.4359,42.3403,0.06,N/A,1,1500,VIDE,0.0,0.0,0.0,0.0,-0.698132,-0.0,1,0,35.609,13.009,,,,,,,,,,,,
639,2026-04-23T08:56:16.853Z,S20260423_095534,N/A,AUTO,18.4978,42.4021,0.0618,N/A,1,1500,VIDE,0.0,0.0,0.0,0.0,-0.698132,0.0,1,0,63.218,13.016,,,,,,,,,,,,
640,2026-04-23T08:56:16.917Z,S20260423_095534,N/A,AUTO,18.5614,42.4657,0.0636,N/A,1,1500,VIDE,0.0,0.0,0.0,0.0,-0.698132,-0.0,1,0,75.111,15.05,,,,,,,,,,,,
641,2026-04-23T08:56:16.979Z,S20260423_095534,N/A,AUTO,18.6239,42.5282,0.0625,N/A,1,1500,VIDE,0.0,0.0,0.0,0.0,-0.698132,-0.0,1,0,52.149,31.716,,,,,,,,,,,,
642,2026-04-23T08:56:17.038Z,S20260423_095534,N/A,AUTO,18.6825,42.5868,0.0586,N/A,1,1500,VIDE,0.0,0.0,0.0,0.0,-0.698132,-0.0,1,0,41.723,23.573,,,,,,,,,,,,
643,2026-04-23T08:56:17.100Z,S20260423_095534,N/A,AUTO,18.7444,42.6487,0.0619,N/A,1,1500,VIDE,0.0,0.0,0.0,0.0,-0.698132,-0.0,1,0,20.684,30.388,,,,,,,,,,,,
644,2026-04-23T08:56:17.164Z,S20260423_095534,N/A,AUTO,18.8082,42.7126,0.0639,N/A,1,1500,VIDE,0.0,0.0,0.0,0.0,-0.698132,-0.0,1,0,15.178,30.521,,,,,,,,,,,,
645,2026-04-23T08:56:17.228Z,S20260423_095534,N/A,AUTO,18.8724,42.7767,0.0642,N/A,1,1500,VIDE,0.0,0.0,0.0,0.0,-0.698132,0.0,1,0,17.985,30.434,,,,,,,,,,,,
646,2026-04-23T08:56:17.288Z,S20260423_095534,N/A,AUTO,18.9327,42.837,0.0603,N/A,1,1500,VIDE,0.0,0.0,0.0,0.0,-0.698132,0.0,1,0,9.244,31.953,,,,,,,,,,,,
647,2026-04-23T08:56:17.355Z,S20260423_095534,N/A,AUTO,18.999,42.9034,0.0663,N/A,1,1500,VIDE,0.0,0.0,0.0,0.0,-0.698132,-0.0,1,0,29.769,14.875,,,,,,,,,,,,
648,2026-04-23T08:56:17.417Z,S20260423_095534,N/A,AUTO,19.0619,42.9663,0.0628,N/A,1,1500,VIDE,0.0,0.0,0.0,0.0,-0.698132,-0.0,1,0,23.657,14.126,,,,,,,,,,,,
649,2026-04-23T08:56:17.476Z,S20260423_095534,N/A,AUTO,19.12,43.0243,0.0582,N/A,1,1500,VIDE,0.0,0.0,0.0,0.0,-0.698132,0.0,1,0,33.404,12.96,,,,,,,,,,,,
650,2026-04-23T08:56:17.541Z,S20260423_095534,N/A,AUTO,19.1858,43.0902,0.0658,N/A,1,1500,VIDE,0.0,0.0,0.0,0.0,-0.698132,-0.0,1,0,20.774,14.743,,,,,,,,,,,,
651,2026-04-23T08:56:17.605Z,S20260423_095534,N/A,AUTO,19.2491,43.1534,0.0632,N/A,1,1500,VIDE,0.0,0.0,0.0,0.0,-0.698132,-0.0,1,0,22.949,14.726,,,,,,,,,,,,
652,2026-04-23T08:56:17.666Z,S20260423_095534,N/A,AUTO,19.31,43.2144,0.0609,N/A,1,1500,VIDE,0.0,0.0,0.0,0.0,-0.698132,-0.0,1,0,30.537,28.084,,,,,,,,,,,,
653,2026-04-23T08:56:17.729Z,S20260423_095534,N/A,AUTO,19.3731,43.2775,0.0632,N/A,1,1500,VIDE,0.0,0.0,0.0,0.0,-0.698132,0.0,1,0,32.369,15.657,,,,,,,,,,,,
654,2026-04-23T08:56:17.788Z,S20260423_095534,N/A,AUTO,19.4325,43.3368,0.0593,N/A,1,1500,VIDE,0.0,0.0,0.0,0.0,-0.698132,-0.0,1,0,10.366,28.642,,,,,,,,,,,,
655,2026-04-23T08:56:17.852Z,S20260423_095534,N/A,AUTO,19.4966,43.401,0.0641,N/A,1,1500,VIDE,0.0,0.0,0.0,0.0,-0.698132,0.0,1,0,8.708,30.035,,,,,,,,,,,,
656,2026-04-23T08:56:17.916Z,S20260423_095534,N/A,AUTO,19.56,43.4643,0.0634,N/A,1,1500,VIDE,0.0,0.0,0.0,0.0,-0.698132,-0.0,1,0,33.6,15.79,,,,,,,,,,,,
657,2026-04-23T08:56:17.979Z,S20260423_095534,N/A,AUTO,19.623,43.5273,0.0629,N/A,1,1500,VIDE,0.0,0.0,0.0,0.0,-0.698132,-0.0,1,0,23.722,13.759,,,,,,,,,,,,
658,2026-04-23T08:56:18.040Z,S20260423_095534,N/A,AUTO,19.6844,43.5887,0.0616,N/A,1,1500,VIDE,0.0,0.0,0.0,0.0,-0.698132,-0.0,1,0,32.011,13.961,,,,,,,,,,,,
659,2026-04-23T08:56:18.102Z,S20260423_095534,N/A,AUTO,19.7469,43.6512,0.0624,N/A,1,1500,VIDE,0.0,0.0,0.0,0.0,-0.698132,-0.0,1,0,18.947,15.427,,,,,,,,,,,,
660,2026-04-23T08:56:18.167Z,S20260423_095534,N/A,AUTO,19.8109,43.7152,0.0641,N/A,1,1500,VIDE,0.0,0.0,0.0,0.0,-0.698132,-0.0,1,0,24.959,15.583,,,,,,,,,,,,
661,2026-04-23T08:56:18.228Z,S20260423_095534,N/A,AUTO,19.8726,43.7769,0.0616,N/A,1,1500,VIDE,0.0,0.0,0.0,0.0,-0.698132,-0.0,1,0,30.764,28.58,,,,,,,,,,,,
662,2026-04-23T08:56:18.288Z,S20260423_095534,N/A,AUTO,19.9327,43.8371,0.0602,N/A,1,1500,VIDE,0.0,0.0,0.0,0.0,-0.698132,0.0,1,0,32.623,16.177,,,,,,,,,,,,
663,2026-04-23T08:56:18.352Z,S20260423_095534,N/A,AUTO,19.9963,43.9007,0.0635,N/A,1,1500,VIDE,0.0,0.0,0.0,0.0,-0.698132,0.0,1,0,26.871,14.637,,,,,,,,,,,,
664,2026-04-23T08:56:18.415Z,S20260423_095534,N/A,AUTO,20.0596,43.9639,0.0634,N/A,1,1500,VIDE,0.0,0.0,0.0,0.0,-0.698132,0.0,1,0,38.047,14.084,,,,,,,,,,,,
665,2026-04-23T08:56:18.476Z,S20260423_095534,N/A,AUTO,20.1202,44.0246,0.0606,N/A,1,1500,VIDE,0.0,0.0,0.0,0.0,-0.698132,-0.0,1,0,44.738,0.861,,,,,,,,,,,,
666,2026-04-23T08:56:18.538Z,S20260423_095534,N/A,AUTO,20.1829,44.0872,0.0627,N/A,1,1500,VIDE,0.0,0.0,0.0,0.0,-0.698132,0.0,1,0,33.813,31.569,,,,,,,,,,,,
667,2026-04-23T08:56:18.602Z,S20260423_095534,N/A,AUTO,20.2461,44.1505,0.0632,N/A,1,1500,VIDE,0.0,0.0,0.0,0.0,-0.698132,-0.0,1,0,27.295,13.885,,,,,,,,,,,,
668,2026-04-23T08:56:18.665Z,S20260423_095534,N/A,AUTO,20.309,44.2134,0.0629,N/A,1,1500,VIDE,0.0,0.0,0.0,0.0,-0.698132,-0.0,1,0,19.272,14.761,,,,,,,,,,,,
669,2026-04-23T08:56:18.728Z,S20260423_095534,N/A,AUTO,20.372,44.2763,0.0629,N/A,1,1500,VIDE,0.0,0.0,0.0,0.0,-0.698132,0.0,1,0,29.586,29.746,,,,,,,,,,,,
670,2026-04-23T08:56:18.790Z,S20260423_095534,N/A,AUTO,20.4349,44.3392,0.0629,N/A,1,1500,VIDE,0.0,0.0,0.0,0.0,-0.698132,-0.0,1,0,35.555,15.837,,,,,,,,,,,,
671,2026-04-23T08:56:18.853Z,S20260423_095534,N/A,AUTO,20.4974,44.4018,0.0626,N/A,1,1500,VIDE,0.0,0.0,0.0,0.0,-0.698132,0.0,1,0,33.212,13.362,,,,,,,,,,,,
672,2026-04-23T08:56:18.915Z,S20260423_095534,N/A,AUTO,20.5594,44.4637,0.0618,N/A,1,1500,VIDE,0.0,0.0,0.0,0.0,-0.698132,-0.0,1,0,29.789,15.555,,,,,,,,,,,,
673,2026-04-23T08:56:18.976Z,S20260423_095534,N/A,AUTO,20.6208,44.5251,0.0616,N/A,1,1500,VIDE,0.0,0.0,0.0,0.0,-0.698132,-0.0,1,0,25.801,15.265,,,,,,,,,,,,
674,2026-04-23T08:56:19.038Z,S20260423_095534,N/A,AUTO,20.6823,44.5866,0.0615,N/A,1,1500,VIDE,0.0,0.0,0.0,0.0,-0.698132,0.0,1,0,29.029,31.637,,,,,,,,,,,,
675,2026-04-23T08:56:19.100Z,S20260423_095534,N/A,AUTO,20.7443,44.6486,0.062,N/A,1,1500,VIDE,0.0,0.0,0.0,0.0,-0.698132,0.0,1,0,18.012,14.17,,,,,,,,,,,,
676,2026-04-23T08:56:19.165Z,S20260423_095534,N/A,AUTO,20.8092,44.7136,0.065,N/A,1,1500,VIDE,0.0,0.0,0.0,0.0,-0.698132,-0.0,1,0,25.047,31.194,,,,,,,,,,,,
677,2026-04-23T08:56:19.225Z,S20260423_095534,N/A,AUTO,20.8696,44.7739,0.0604,N/A,1,1500,VIDE,0.0,0.0,0.0,0.0,-0.698132,0.0,1,0,20.303,28.196,,,,,,,,,,,,
678,2026-04-23T08:56:19.288Z,S20260423_095534,N/A,AUTO,20.9326,44.837,0.063,N/A,1,1500,VIDE,0.0,0.0,0.0,0.0,-0.698132,-0.0,1,0,27.23,15.209,,,,,,,,,,,,
679,2026-04-23T08:56:19.350Z,S20260423_095534,N/A,AUTO,20.9946,44.8989,0.0619,N/A,1,1500,VIDE,0.0,0.0,0.0,0.0,-0.698132,-0.0,1,0,9.874,28.106,,,,,,,,,,,,
680,2026-04-23T08:56:19.412Z,S20260423_095534,N/A,AUTO,21.0568,44.9611,0.0622,N/A,1,1500,VIDE,0.0,0.0,0.0,0.0,-0.698132,-0.0,1,0,2.584,32.094,,,,,,,,,,,,
681,2026-04-23T08:56:19.475Z,S20260423_095534,N/A,AUTO,21.1196,45.024,0.0628,N/A,1,1500,VIDE,0.0,0.0,0.0,0.0,-0.698132,-0.0,1,0,25.379,14.56,,,,,,,,,,,,
682,2026-04-23T08:56:19.538Z,S20260423_095534,N/A,AUTO,21.1822,45.0865,0.0625,N/A,1,1500,VIDE,0.0,0.0,0.0,0.0,-0.698132,0.0,1,0,23.478,13.633,,,,,,,,,,,,
683,2026-04-23T08:56:19.599Z,S20260423_095534,N/A,AUTO,21.2438,45.1482,0.0617,N/A,1,1500,VIDE,0.0,0.0,0.0,0.0,-0.698132,0.0,1,0,35.193,13.421,,,,,,,,,,,,
684,2026-04-23T08:56:19.664Z,S20260423_095534,N/A,AUTO,21.3084,45.2127,0.0645,N/A,1,1500,VIDE,0.0,0.0,0.0,0.0,-0.698132,0.0,1,0,29.52,15.802,,,,,,,,,,,,
685,2026-04-23T08:56:19.728Z,S20260423_095534,N/A,AUTO,21.3721,45.2764,0.0638,N/A,1,1500,VIDE,0.0,0.0,0.0,0.0,-0.698132,-0.0,1,0,18.231,31.67,,,,,,,,,,,,
686,2026-04-23T08:56:19.787Z,S20260423_095534,N/A,AUTO,21.4316,45.3359,0.0594,N/A,1,1500,VIDE,0.0,0.0,0.0,0.0,-0.698132,0.0,1,0,10.485,29.156,,,,,,,,,,,,
687,2026-04-23T08:56:19.851Z,S20260423_095534,N/A,AUTO,21.4958,45.4001,0.0642,N/A,1,1500,VIDE,0.0,0.0,0.0,0.0,-0.698132,0.0,1,0,37.461,15.566,,,,,,,,,,,,
688,2026-04-23T08:56:19.916Z,S20260423_095534,N/A,AUTO,21.5606,45.4649,0.0648,N/A,1,1500,VIDE,0.0,0.0,0.0,0.0,-0.698132,0.0,1,0,25.356,15.052,,,,,,,,,,,,
689,2026-04-23T08:56:19.978Z,S20260423_095534,N/A,AUTO,21.6227,45.5271,0.0621,N/A,1,1500,VIDE,0.0,0.0,0.0,0.0,-0.698132,0.0,1,0,22.331,14.298,,,,,,,,,,,,
690,2026-04-23T08:56:20.039Z,S20260423_095534,N/A,AUTO,21.6838,45.5881,0.0611,N/A,1,1500,VIDE,0.0,0.0,0.0,0.0,-0.698132,0.0,1,0,28.834,13.469,,,,,,,,,,,,
691,2026-04-23T08:56:20.101Z,S20260423_095534,N/A,AUTO,21.7456,45.65,0.0619,N/A,1,1500,VIDE,0.0,0.0,0.0,0.0,-0.698132,0.0,1,0,19.251,14.914,,,,,,,,,,,,
692,2026-04-23T08:56:20.163Z,S20260423_095534,N/A,AUTO,21.8076,45.7119,0.0619,N/A,1,1500,VIDE,0.0,0.0,0.0,0.0,-0.698132,-0.0,1,0,22.686,14.672,,,,,,,,,,,,
693,2026-04-23T08:56:20.225Z,S20260423_095534,N/A,AUTO,21.8693,45.7736,0.0616,N/A,1,1500,VIDE,0.0,0.0,0.0,0.0,-0.698132,-0.0,1,0,50.272,0.812,,,,,,,,,,,,
694,2026-04-23T08:56:20.288Z,S20260423_095534,N/A,AUTO,21.9325,45.8369,0.0634,N/A,1,1500,VIDE,0.0,0.0,0.0,0.0,-0.698132,0.0,1,0,64.259,11.034,,,,,,,,,,,,
695,2026-04-23T08:56:20.351Z,S20260423_095534,N/A,AUTO,21.9951,45.8994,0.0625,N/A,1,1500,VIDE,0.0,0.0,0.0,0.0,-0.698132,-0.0,1,0,71.318,14.655,,,,,,,,,,,,
696,2026-04-23T08:56:20.412Z,S20260423_095534,N/A,AUTO,22.0565,45.9609,0.0615,N/A,1,1500,VIDE,0.0,0.0,0.0,0.0,-0.698132,0.0,1,0,75.911,14.842,,,,,,,,,,,,
697,2026-04-23T08:56:20.478Z,S20260423_095534,N/A,AUTO,22.1225,46.0268,0.0659,N/A,1,1500,VIDE,0.0,0.0,0.0,0.0,-0.698132,-0.0,1,0,80.416,29.521,,,,,,,,,,,,
698,2026-04-23T08:56:20.538Z,S20260423_095534,N/A,AUTO,22.1824,46.0867,0.0599,N/A,1,1500,VIDE,0.0,0.0,0.0,0.0,-0.698132,-0.0,1,0,17.88,30.325,,,,,,,,,,,,
699,2026-04-23T08:56:20.605Z,S20260423_095534,N/A,AUTO,22.2494,46.1537,0.0669,N/A,1,1500,VIDE,0.0,0.0,0.0,0.0,-0.698132,0.0,1,0,26.775,14.85,,,,,,,,,,,,
700,2026-04-23T08:56:20.668Z,S20260423_095534,N/A,AUTO,22.3123,46.2167,0.063,N/A,1,1500,VIDE,0.0,0.0,0.0,0.0,-0.698132,-0.0,1,0,31.686,14.817,,,,,,,,,,,,
701,2026-04-23T08:56:20.733Z,S20260423_095534,N/A,AUTO,22.3775,46.2819,0.0652,N/A,1,1500,VIDE,0.0,0.0,0.0,0.0,-0.698132,0.0,1,0,22.25,15.329,,,,,,,,,,,,
702,2026-04-23T08:56:20.797Z,S20260423_095534,N/A,AUTO,22.4412,46.3455,0.0636,N/A,1,1500,VIDE,0.0,0.0,0.0,0.0,-0.698132,0.0,1,0,24.771,15.327,,,,,,,,,,,,
703,2026-04-23T08:56:20.853Z,S20260423_095534,N/A,AUTO,22.4978,46.4022,0.0567,N/A,1,1500,VIDE,0.0,0.0,0.0,0.0,-0.698132,0.0,1,0,18.165,30.803,,,,,,,,,,,,
704,2026-04-23T08:56:20.920Z,S20260423_095534,N/A,AUTO,22.5644,46.4688,0.0666,N/A,1,1500,VIDE,0.0,0.0,0.0,0.0,-0.698132,0.0,1,0,19.029,30.535,,,,,,,,,,,,
705,2026-04-23T08:56:20.986Z,S20260423_095534,N/A,AUTO,22.63,46.5344,0.0656,N/A,1,1500,VIDE,0.0,0.0,0.0,0.0,-0.698132,0.0,1,0,32.462,30.065,,,,,,,,,,,,
706,2026-04-23T08:56:21.049Z,S20260423_095534,N/A,AUTO,22.6933,46.5976,0.0632,N/A,1,1500,VIDE,0.0,0.0,0.0,0.0,-0.698132,0.0,1,0,27.867,29.953,,,,,,,,,,,,
707,2026-04-23T08:56:21.100Z,S20260423_095534,N/A,AUTO,22.7445,46.6488,0.0512,N/A,1,1500,VIDE,0.0,0.0,0.0,0.0,-0.698132,0.0,1,0,33.994,16.055,,,,,,,,,,,,
708,2026-04-23T08:56:21.164Z,S20260423_095534,N/A,AUTO,22.8087,46.713,0.0642,N/A,1,1500,VIDE,0.0,0.0,0.0,0.0,-0.698132,-0.0,1,0,33.977,14.719,,,,,,,,,,,,
709,2026-04-23T08:56:21.228Z,S20260423_095534,N/A,AUTO,22.8725,46.7769,0.0639,N/A,1,1500,VIDE,0.0,0.0,0.0,0.0,-0.698132,0.0,1,0,26.099,15.027,,,,,,,,,,,,
710,2026-04-23T08:56:21.287Z,S20260423_095534,N/A,AUTO,22.9318,46.8362,0.0593,N/A,1,1500,VIDE,0.0,0.0,0.0,0.0,-0.698132,0.0,1,0,25.615,14.975,,,,,,,,,,,,
711,2026-04-23T08:56:21.356Z,S20260423_095534,N/A,AUTO,23.001,46.9053,0.0691,N/A,1,1500,VIDE,0.0,0.0,0.0,0.0,-0.698132,0.0,1,0,44.024,1.205,,,,,,,,,,,,
712,2026-04-23T08:56:21.420Z,S20260423_095534,N/A,AUTO,23.0646,46.969,0.0637,N/A,1,1500,VIDE,0.0,0.0,0.0,0.0,-0.698132,-0.0,1,0,36.473,30.901,,,,,,,,,,,,
713,2026-04-23T08:56:21.483Z,S20260423_095534,N/A,AUTO,23.1273,47.0316,0.0627,N/A,1,1500,VIDE,0.0,0.0,0.0,0.0,-0.698132,0.0,1,0,29.279,30.945,,,,,,,,,,,,
714,2026-04-23T08:56:21.538Z,S20260423_095534,N/A,AUTO,23.1821,47.0864,0.0548,N/A,1,1500,VIDE,0.0,0.0,0.0,0.0,-0.698132,-0.0,1,0,31.735,26.578,,,,,,,,,,,,
715,2026-04-23T08:56:21.604Z,S20260423_095534,N/A,AUTO,23.2485,47.1529,0.0665,N/A,1,1500,VIDE,0.0,0.0,0.0,0.0,-0.698132,-0.0,1,0,23.169,30.386,,,,,,,,,,,,
716,2026-04-23T08:56:21.663Z,S20260423_095534,N/A,AUTO,23.3076,47.212,0.0591,N/A,1,1500,VIDE,0.0,0.0,0.0,0.0,-0.698132,0.0,1,0,25.48,14.741,,,,,,,,,,,,
717,2026-04-23T08:56:21.731Z,S20260423_095534,N/A,AUTO,23.375,47.2794,0.0674,N/A,1,1500,VIDE,0.0,0.0,0.0,0.0,-0.698132,-0.0,1,0,34.819,15.158,,,,,,,,,,,,
718,2026-04-23T08:56:21.787Z,S20260423_095534,N/A,AUTO,23.4316,47.3359,0.0566,N/A,1,1500,VIDE,0.0,0.0,0.0,0.0,-0.698132,-0.0,1,0,28.149,14.178,,,,,,,,,,,,
719,2026-04-23T08:56:21.852Z,S20260423_095534,N/A,AUTO,23.496,47.4004,0.0644,N/A,1,1500,VIDE,0.0,0.0,0.0,0.0,-0.698132,0.0,1,0,20.793,14.833,,,,,,,,,,,,
720,2026-04-23T08:56:21.916Z,S20260423_095534,N/A,AUTO,23.5605,47.4649,0.0645,N/A,1,1500,VIDE,0.0,0.0,0.0,0.0,-0.698132,0.0,1,0,24.504,14.961,,,,,,,,,,,,
721,2026-04-23T08:56:21.980Z,S20260423_095534,N/A,AUTO,23.624,47.5283,0.0635,N/A,1,1500,VIDE,0.0,0.0,0.0,0.0,-0.698132,-0.0,1,0,28.492,30.084,,,,,,,,,,,,
722,2026-04-23T08:56:22.042Z,S20260423_095534,N/A,AUTO,23.6869,47.5912,0.0629,N/A,1,1500,VIDE,0.0,0.0,0.0,0.0,-0.698132,-0.0,1,0,20.416,29.707,,,,,,,,,,,,
723,2026-04-23T08:56:22.104Z,S20260423_095534,N/A,AUTO,23.7483,47.6527,0.0614,N/A,1,1500,VIDE,0.0,0.0,0.0,0.0,-0.698132,-0.0,1,0,37.836,28.923,,,,,,,,,,,,
724,2026-04-23T08:56:22.168Z,S20260423_095534,N/A,AUTO,23.8122,47.7165,0.0638,N/A,1,1500,VIDE,0.0,0.0,0.0,0.0,-0.698132,0.0,1,0,25.151,15.495,,,,,,,,,,,,
725,2026-04-23T08:56:22.231Z,S20260423_095534,N/A,AUTO,23.8755,47.7798,0.0633,N/A,1,1500,VIDE,0.0,0.0,0.0,0.0,-0.698132,-0.0,1,0,7.714,29.572,,,,,,,,,,,,
726,2026-04-23T08:56:22.288Z,S20260423_095534,N/A,AUTO,23.9321,47.8364,0.0566,N/A,1,1500,VIDE,0.0,0.0,0.0,0.0,-0.698132,0.0,1,0,35.183,12.225,,,,,,,,,,,,
727,2026-04-23T08:56:22.352Z,S20260423_095534,N/A,AUTO,23.9963,47.9006,0.0642,N/A,1,1500,VIDE,0.0,0.0,0.0,0.0,-0.698132,-0.0,1,0,27.596,14.458,,,,,,,,,,,,
728,2026-04-23T08:56:22.416Z,S20260423_095534,N/A,AUTO,24.0609,47.9652,0.0646,N/A,1,1500,VIDE,0.0,0.0,0.0,0.0,-0.698132,-0.0,1,0,24.474,14.849,,,,,,,,,,,,
729,2026-04-23T08:56:22.476Z,S20260423_095534,N/A,AUTO,24.1203,48.0246,0.0594,N/A,1,1500,VIDE,0.0,0.0,0.0,0.0,-0.698132,0.0,1,0,22.666,32.904,,,,,,,,,,,,
730,2026-04-23T08:56:22.540Z,S20260423_095534,N/A,AUTO,24.1842,48.0886,0.064,N/A,1,1500,VIDE,0.0,0.0,0.0,0.0,-0.698132,-0.0,1,0,24.06,14.781,,,,,,,,,,,,
731,2026-04-23T08:56:22.601Z,S20260423_095534,N/A,AUTO,24.2455,48.1499,0.0613,N/A,1,1500,VIDE,0.0,0.0,0.0,0.0,-0.698132,0.0,1,0,24.651,15.417,,,,,,,,,,,,
732,2026-04-23T08:56:22.665Z,S20260423_095534,N/A,AUTO,24.3092,48.2135,0.0636,N/A,1,1500,VIDE,0.0,0.0,0.0,0.0,-0.698132,-0.0,1,0,15.049,30.06,,,,,,,,,,,,
733,2026-04-23T08:56:22.728Z,S20260423_095534,N/A,AUTO,24.3727,48.2771,0.0636,N/A,1,1500,VIDE,0.0,0.0,0.0,0.0,-0.698132,-0.0,1,0,14.502,30.135,,,,,,,,,,,,
734,2026-04-23T08:56:22.789Z,S20260423_095534,N/A,AUTO,24.433,48.3373,0.0602,N/A,1,1500,VIDE,0.0,0.0,0.0,0.0,-0.698132,0.0,1,0,37.837,16.23,,,,,,,,,,,,
735,2026-04-23T08:56:22.855Z,S20260423_095534,N/A,AUTO,24.4991,48.4035,0.0662,N/A,1,1500,VIDE,0.0,0.0,0.0,0.0,-0.698132,-0.0,1,0,23.786,15.126,,,,,,,,,,,,
736,2026-04-23T08:56:22.918Z,S20260423_095534,N/A,AUTO,24.5626,48.4669,0.0634,N/A,1,1500,VIDE,0.0,0.0,0.0,0.0,-0.698132,0.0,1,0,34.863,13.798,,,,,,,,,,,,
737,2026-04-23T08:56:22.981Z,S20260423_095534,N/A,AUTO,24.6252,48.5295,0.0627,N/A,1,1500,VIDE,0.0,0.0,0.0,0.0,-0.698132,-0.0,1,0,28.87,32.272,,,,,,,,,,,,
738,2026-04-23T08:56:23.044Z,S20260423_095534,N/A,AUTO,24.6884,48.5927,0.0633,N/A,1,1500,VIDE,0.0,0.0,0.0,0.0,-0.698132,-0.0,1,0,34.996,31.13,,,,,,,,,,,,
739,2026-04-23T08:56:23.101Z,S20260423_095534,N/A,AUTO,24.7456,48.6499,0.0571,N/A,1,1500,VIDE,0.0,0.0,0.0,0.0,-0.698132,0.0,1,0,8.891,29.434,,,,,,,,,,,,
740,2026-04-23T08:56:23.164Z,S20260423_095534,N/A,AUTO,24.8089,48.7132,0.0633,N/A,1,1500,VIDE,0.0,0.0,0.0,0.0,-0.698132,0.0,1,0,17.673,29.687,,,,,,,,,,,,
741,2026-04-23T08:56:23.230Z,S20260423_095534,N/A,AUTO,24.874,48.7783,0.0651,N/A,1,1500,VIDE,0.0,0.0,0.0,0.0,-0.698132,0.0,1,0,42.318,0.743,,,,,,,,,,,,
742,2026-04-23T08:56:23.288Z,S20260423_095534,N/A,AUTO,24.9326,48.8369,0.0586,N/A,1,1500,VIDE,0.0,0.0,0.0,0.0,-0.698132,-0.0,1,0,12.644,77.833,,,,,,,,,,,,
743,2026-04-23T08:56:23.353Z,S20260423_095534,N/A,AUTO,24.9974,48.9017,0.0647,N/A,1,1500,VIDE,0.0,0.0,0.0,0.0,-0.698132,0.0,1,0,32.729,19.445,,,,,,,,,,,,
744,2026-04-23T08:56:23.416Z,S20260423_095534,N/A,AUTO,25.0601,48.9644,0.0628,N/A,1,1500,VIDE,0.0,0.0,0.0,0.0,-0.698132,-0.0,1,0,35.82,19.104,,,,,,,,,,,,
745,2026-04-23T08:56:23.479Z,S20260423_095534,N/A,AUTO,25.1237,49.028,0.0636,N/A,1,1500,VIDE,0.0,0.0,0.0,0.0,-0.698132,-0.0,1,0,37.654,19.424,,,,,,,,,,,,
746,2026-04-23T08:56:23.544Z,S20260423_095534,N/A,AUTO,25.188,49.0923,0.0643,N/A,1,1500,VIDE,0.0,0.0,0.0,0.0,-0.698132,0.0,1,0,35.461,18.253,,,,,,,,,,,,
747,2026-04-23T08:56:23.601Z,S20260423_095534,N/A,AUTO,25.245,49.1494,0.0571,N/A,1,1500,VIDE,0.0,0.0,0.0,0.0,-0.698132,-0.0,1,0,33.51,20.124,,,,,,,,,,,,
748,2026-04-23T08:56:23.664Z,S20260423_095534,N/A,AUTO,25.3081,49.2125,0.0631,N/A,1,1500,VIDE,0.0,0.0,0.0,0.0,-0.698132,0.0,1,0,17.814,19.717,,,,,,,,,,,,
749,2026-04-23T08:56:23.728Z,S20260423_095534,N/A,AUTO,25.3726,49.2769,0.0644,N/A,1,1500,VIDE,0.0,0.0,0.0,0.0,-0.698132,-0.0,1,0,38.521,20.225,,,,,,,,,,,,
750,2026-04-23T08:56:23.788Z,S20260423_095534,N/A,AUTO,25.4325,49.3368,0.0599,N/A,1,1500,VIDE,0.0,0.0,0.0,0.0,-0.698132,-0.0,1,0,19.591,19.693,,,,,,,,,,,,
751,2026-04-23T08:56:23.852Z,S20260423_095534,N/A,AUTO,25.4964,49.4008,0.0639,N/A,1,1500,VIDE,0.0,0.0,0.0,0.0,-0.698132,0.0,1,0,40.196,19.399,,,,,,,,,,,,
752,2026-04-23T08:56:23.912Z,S20260423_095534,N/A,AUTO,25.556,49.4603,0.0597,N/A,1,1500,VIDE,0.0,0.0,0.0,0.0,-0.698132,-0.0,1,0,20.027,19.241,,,,,,,,,,,,
753,2026-04-23T08:56:23.976Z,S20260423_095534,N/A,AUTO,25.6203,49.5246,0.0643,N/A,1,1500,VIDE,0.0,0.0,0.0,0.0,-0.698132,0.0,1,0,28.879,19.347,,,,,,,,,,,,
754,2026-04-23T08:56:24.039Z,S20260423_095534,N/A,AUTO,25.6839,49.5882,0.0637,N/A,1,1500,VIDE,0.0,0.0,0.0,0.0,-0.698132,-0.0,1,0,27.318,18.858,,,,,,,,,,,,
755,2026-04-23T08:56:24.102Z,S20260423_095534,N/A,AUTO,25.7469,49.6512,0.063,N/A,1,1500,VIDE,0.0,0.0,0.0,0.0,-0.698132,-0.0,1,0,21.444,17.19,,,,,,,,,,,,
756,2026-04-23T08:56:24.164Z,S20260423_095534,N/A,AUTO,25.8088,49.7132,0.0619,N/A,1,1500,VIDE,0.0,0.0,0.0,0.0,-0.698132,-0.0,1,0,32.747,16.669,,,,,,,,,,,,
757,2026-04-23T08:56:24.224Z,S20260423_095534,N/A,AUTO,25.8686,49.773,0.0597,N/A,1,1500,VIDE,0.0,0.0,0.0,0.0,-0.698132,-0.0,1,0,27.045,19.716,,,,,,,,,,,,
758,2026-04-23T08:56:24.287Z,S20260423_095534,N/A,AUTO,25.9319,49.8362,0.0633,N/A,1,1500,VIDE,0.0,0.0,0.0,0.0,-0.698132,0.0,1,0,21.603,19.21,,,,,,,,,,,,
759,2026-04-23T08:56:24.351Z,S20260423_095534,N/A,AUTO,25.9949,49.8993,0.0631,N/A,1,1500,VIDE,0.0,0.0,0.0,0.0,-0.698132,0.0,1,0,27.87,19.5,,,,,,,,,,,,
760,2026-04-23T08:56:24.412Z,S20260423_095534,N/A,AUTO,26.0568,49.9611,0.0619,N/A,1,1500,VIDE,0.0,0.0,0.0,0.0,-0.698132,0.0,1,0,17.275,19.383,,,,,,,,,,,,
761,2026-04-23T08:56:24.475Z,S20260423_095534,N/A,AUTO,26.1193,50.0236,0.0625,N/A,1,1500,VIDE,0.0,0.0,0.0,0.0,-0.698132,-0.0,1,0,24.278,19.41,,,,,,,,,,,,
762,2026-04-23T08:56:24.539Z,S20260423_095534,N/A,AUTO,26.1838,50.0881,0.0645,N/A,1,1500,VIDE,0.0,0.0,0.0,0.0,-0.698132,0.0,1,0,54.785,22.743,,,,,,,,,,,,
763,2026-04-23T08:56:24.604Z,S20260423_095534,N/A,AUTO,26.2481,50.1524,0.0643,N/A,1,1500,VIDE,0.0,0.0,0.0,0.0,-0.698132,-0.0,1,0,30.247,19.767,,,,,,,,,,,,
764,2026-04-23T08:56:24.664Z,S20260423_095534,N/A,AUTO,26.3086,50.213,0.0605,N/A,1,1500,VIDE,0.0,0.0,0.0,0.0,-0.698132,-0.0,1,0,20.088,18.887,,,,,,,,,,,,
765,2026-04-23T08:56:24.732Z,S20260423_095534,N/A,AUTO,26.3765,50.2809,0.068,N/A,1,1500,VIDE,0.0,0.0,0.0,0.0,-0.698132,-0.0,1,0,29.084,19.683,,,,,,,,,,,,
766,2026-04-23T08:56:24.795Z,S20260423_095534,N/A,AUTO,26.4394,50.3437,0.0629,N/A,1,1500,VIDE,0.0,0.0,0.0,0.0,-0.698132,0.0,1,0,18.197,20.057,,,,,,,,,,,,
767,2026-04-23T08:56:24.855Z,S20260423_095534,N/A,AUTO,26.4996,50.4039,0.0602,N/A,1,1500,VIDE,0.0,0.0,0.0,0.0,-0.698132,-0.0,1,0,27.184,19.08,,,,,,,,,,,,
768,2026-04-23T08:56:24.921Z,S20260423_095534,N/A,AUTO,26.5649,50.4693,0.0653,N/A,1,1500,VIDE,0.0,0.0,0.0,0.0,-0.698132,0.0,1,0,24.945,19.089,,,,,,,,,,,,
769,2026-04-23T08:56:24.985Z,S20260423_095534,N/A,AUTO,26.6294,50.5338,0.0644,N/A,1,1500,VIDE,0.0,0.0,0.0,0.0,-0.698132,0.0,1,0,31.797,21.046,,,,,,,,,,,,
770,2026-04-23T08:56:25.044Z,S20260423_095534,N/A,AUTO,26.6885,50.5928,0.0592,N/A,1,1500,VIDE,0.0,0.0,0.0,0.0,-0.698132,0.0,1,0,29.238,19.15,,,,,,,,,,,,
771,2026-04-23T08:56:25.100Z,S20260423_095534,N/A,AUTO,26.744,50.6483,0.0555,N/A,1,1500,VIDE,0.0,0.0,0.0,0.0,-0.698132,-0.0,1,0,25.04,19.545,,,,,,,,,,,,
772,2026-04-23T08:56:25.256Z,S20260423_095534,N/A,AUTO,26.8999,50.8042,0.1559,N/A,1,1500,VIDE,0.0,0.0,0.0,0.0,-0.698132,0.0,1,0,94.29,0.655,,,,,,,,,,,,
