row_id,wall_time_utc,session_id,scenario_id,execution_mode,scenario_time_s,program_time_s,sample_dt_s,phase,scenario_started,vehicle_mass_kg,mass_label,steer_cmd_deg,throttle_cmd,brake_cmd,speed_mps,yaw_rad,yaw_rate_rps,mode_id,fault_flag,rtt_ms,jitter_ms,steer_ref_deg,throttle_ref,brake_ref,speed_min_mps,speed_max_mps,tol_steer_deg,tol_throttle,tol_brake,speed_in_corridor,e_speed_low,e_speed_high,e_steer_actual
1,2026-04-27T09:59:22.603Z,S20260427_105921,N/A,AUTO,,1.068,1.0642,N/A,0,1500,VIDE,0.0,0.0,0.0,0.0,0.0,0.0,0,0,0.0,0.0,,,,,,,,,,,,
2,2026-04-27T09:59:22.667Z,S20260427_105921,N/A,AUTO,,1.1322,0.0642,N/A,0,1500,VIDE,0.0,0.0,0.0,0.0,0.0,0.0,0,0,0.0,0.0,,,,,,,,,,,,
3,2026-04-27T09:59:22.727Z,S20260427_105921,N/A,AUTO,,1.1921,0.06,N/A,0,1500,VIDE,0.0,0.0,0.0,0.0,0.0,0.0,0,0,0.0,0.0,,,,,,,,,,,,
4,2026-04-27T09:59:22.794Z,S20260427_105921,N/A,AUTO,,1.2593,0.0672,N/A,0,1500,VIDE,0.0,0.0,0.0,0.0,0.0,0.0,0,0,0.0,0.0,,,,,,,,,,,,
5,2026-04-27T09:59:22.856Z,S20260427_105921,N/A,AUTO,,1.321,0.0617,N/A,0,1500,VIDE,0.0,0.0,0.0,0.0,0.0,0.0,0,0,0.0,0.0,,,,,,,,,,,,
6,2026-04-27T09:59:22.919Z,S20260427_105921,N/A,AUTO,,1.3838,0.0628,N/A,0,1500,VIDE,0.0,0.0,0.0,0.0,0.0,0.0,0,0,0.0,0.0,,,,,,,,,,,,
7,2026-04-27T09:59:22.981Z,S20260427_105921,N/A,AUTO,,1.4461,0.0623,N/A,0,1500,VIDE,0.0,0.0,0.0,0.0,0.0,0.0,0,0,0.0,0.0,,,,,,,,,,,,
8,2026-04-27T09:59:23.044Z,S20260427_105921,N/A,AUTO,,1.5084,0.0623,N/A,0,1500,VIDE,0.0,0.0,0.0,0.0,0.0,0.0,0,0,0.0,0.0,,,,,,,,,,,,
9,2026-04-27T09:59:23.103Z,S20260427_105921,N/A,AUTO,,1.568,0.0596,N/A,0,1500,VIDE,0.0,0.0,0.0,0.0,0.0,0.0,0,0,0.0,0.0,,,,,,,,,,,,
10,2026-04-27T09:59:23.167Z,S20260427_105921,N/A,AUTO,,1.6316,0.0636,N/A,0,1500,VIDE,0.0,0.0,0.0,0.0,0.0,0.0,0,0,0.0,0.0,,,,,,,,,,,,
11,2026-04-27T09:59:23.228Z,S20260427_105921,N/A,AUTO,,1.6925,0.0609,N/A,0,1500,VIDE,0.0,0.0,0.0,0.0,0.0,0.0,0,0,0.0,0.0,,,,,,,,,,,,
12,2026-04-27T09:59:23.291Z,S20260427_105921,N/A,AUTO,,1.7563,0.0639,N/A,0,1500,VIDE,0.0,0.0,0.0,0.0,0.0,0.0,0,0,0.0,0.0,,,,,,,,,,,,
13,2026-04-27T09:59:23.354Z,S20260427_105921,N/A,AUTO,,1.819,0.0626,N/A,0,1500,VIDE,0.0,0.0,0.0,0.0,0.0,0.0,0,0,0.0,0.0,,,,,,,,,,,,
14,2026-04-27T09:59:23.417Z,S20260427_105921,N/A,AUTO,,1.8821,0.0631,N/A,0,1500,VIDE,0.0,0.0,0.0,0.0,0.0,0.0,0,0,0.0,0.0,,,,,,,,,,,,
15,2026-04-27T09:59:23.479Z,S20260427_105921,N/A,AUTO,,1.9443,0.0622,N/A,0,1500,VIDE,0.0,0.0,0.0,0.0,0.0,0.0,0,0,0.0,0.0,,,,,,,,,,,,
16,2026-04-27T09:59:23.541Z,S20260427_105921,N/A,AUTO,,2.0062,0.0619,N/A,0,1500,VIDE,0.0,0.0,0.0,0.0,0.0,0.0,0,0,0.0,0.0,,,,,,,,,,,,
17,2026-04-27T09:59:23.603Z,S20260427_105921,N/A,AUTO,,2.0679,0.0617,N/A,0,1500,VIDE,0.0,0.0,0.0,0.0,0.0,0.0,0,0,0.0,0.0,,,,,,,,,,,,
18,2026-04-27T09:59:23.665Z,S20260427_105921,N/A,AUTO,,2.1298,0.0619,N/A,0,1500,VIDE,0.0,0.0,0.0,0.0,0.0,0.0,0,0,0.0,0.0,,,,,,,,,,,,
19,2026-04-27T09:59:23.742Z,S20260427_105921,N/A,AUTO,,2.2072,0.0774,N/A,0,1500,VIDE,0.0,0.0,0.0,0.0,0.0,0.0,0,0,0.0,0.0,,,,,,,,,,,,
20,2026-04-27T09:59:23.805Z,S20260427_105921,N/A,AUTO,,2.2702,0.063,N/A,0,1500,VIDE,0.0,0.0,0.0,0.0,0.0,0.0,0,0,0.0,0.0,,,,,,,,,,,,
21,2026-04-27T09:59:23.866Z,S20260427_105921,N/A,AUTO,,2.3313,0.061,N/A,0,1500,VIDE,0.0,0.0,0.0,0.0,0.0,0.0,0,0,0.0,0.0,,,,,,,,,,,,
22,2026-04-27T09:59:23.926Z,S20260427_105921,N/A,AUTO,,2.3914,0.0601,N/A,0,1500,VIDE,0.0,0.0,0.0,0.0,0.0,0.0,0,0,0.0,0.0,,,,,,,,,,,,
23,2026-04-27T09:59:23.987Z,S20260427_105921,N/A,AUTO,,2.4519,0.0606,N/A,0,1500,VIDE,0.0,0.0,0.0,0.0,0.0,0.0,0,0,0.0,0.0,,,,,,,,,,,,
24,2026-04-27T09:59:24.047Z,S20260427_105921,N/A,AUTO,,2.5116,0.0597,N/A,0,1500,VIDE,0.0,0.0,0.0,0.0,0.0,0.0,0,0,0.0,0.0,,,,,,,,,,,,
25,2026-04-27T09:59:24.107Z,S20260427_105921,N/A,AUTO,,2.5716,0.06,N/A,0,1500,VIDE,0.0,0.0,0.0,0.0,0.0,0.0,0,0,0.0,0.0,,,,,,,,,,,,
26,2026-04-27T09:59:24.167Z,S20260427_105921,N/A,AUTO,,2.6318,0.0601,N/A,0,1500,VIDE,0.0,0.0,0.0,0.0,0.0,0.0,0,0,0.0,0.0,,,,,,,,,,,,
27,2026-04-27T09:59:24.237Z,S20260427_105921,N/A,AUTO,,2.7021,0.0703,N/A,0,1500,VIDE,0.0,0.0,0.0,0.0,0.0,0.0,0,0,0.0,0.0,,,,,,,,,,,,
28,2026-04-27T09:59:24.300Z,S20260427_105921,N/A,AUTO,,2.7648,0.0627,N/A,0,1500,VIDE,0.0,0.0,0.0,0.0,0.0,0.0,0,0,0.0,0.0,,,,,,,,,,,,
29,2026-04-27T09:59:24.361Z,S20260427_105921,N/A,AUTO,,2.8257,0.0609,N/A,0,1500,VIDE,0.0,0.0,0.0,0.0,0.0,0.0,0,0,0.0,0.0,,,,,,,,,,,,
30,2026-04-27T09:59:24.424Z,S20260427_105921,N/A,AUTO,,2.889,0.0633,N/A,0,1500,VIDE,0.0,0.0,0.0,0.0,0.0,0.0,0,0,0.0,0.0,,,,,,,,,,,,
31,2026-04-27T09:59:24.486Z,S20260427_105921,N/A,AUTO,,2.9512,0.0622,N/A,0,1500,VIDE,0.0,0.0,0.0,0.0,0.0,0.0,0,0,0.0,0.0,,,,,,,,,,,,
32,2026-04-27T09:59:24.548Z,S20260427_105921,N/A,AUTO,,3.0125,0.0613,N/A,0,1500,VIDE,0.0,0.0,0.0,0.0,0.0,0.0,0,0,0.0,0.0,,,,,,,,,,,,
33,2026-04-27T09:59:24.608Z,S20260427_105921,N/A,AUTO,,3.0728,0.0603,N/A,0,1500,VIDE,0.0,0.0,0.0,0.0,0.0,0.0,0,0,0.0,0.0,,,,,,,,,,,,
34,2026-04-27T09:59:24.668Z,S20260427_105921,N/A,AUTO,,3.1324,0.0597,N/A,0,1500,VIDE,0.0,0.0,0.0,0.0,0.0,0.0,0,0,0.0,0.0,,,,,,,,,,,,
35,2026-04-27T09:59:24.737Z,S20260427_105921,N/A,AUTO,,3.2017,0.0692,N/A,0,1500,VIDE,0.0,0.0,0.0,0.0,0.0,0.0,0,0,0.0,0.0,,,,,,,,,,,,
36,2026-04-27T09:59:24.795Z,S20260427_105921,N/A,AUTO,,3.2601,0.0584,N/A,0,1500,VIDE,0.0,0.0,0.0,0.0,0.0,0.0,0,0,0.0,0.0,,,,,,,,,,,,
37,2026-04-27T09:59:24.861Z,S20260427_105921,N/A,AUTO,,3.3255,0.0654,N/A,0,1500,VIDE,0.0,0.0,0.0,0.0,0.0,0.0,0,0,0.0,0.0,,,,,,,,,,,,
38,2026-04-27T09:59:24.917Z,S20260427_105921,N/A,AUTO,,3.382,0.0565,N/A,0,1500,VIDE,0.0,0.0,0.0,0.0,0.0,0.0,0,0,0.0,0.0,,,,,,,,,,,,
39,2026-04-27T09:59:24.986Z,S20260427_105921,N/A,AUTO,,3.4507,0.0687,N/A,0,1500,VIDE,0.0,0.0,0.0,0.0,0.0,0.0,0,0,0.0,0.0,,,,,,,,,,,,
40,2026-04-27T09:59:25.046Z,S20260427_105921,N/A,AUTO,,3.5107,0.06,N/A,0,1500,VIDE,0.0,0.0,0.0,0.0,0.0,0.0,0,0,0.0,0.0,,,,,,,,,,,,
41,2026-04-27T09:59:25.107Z,S20260427_105921,N/A,AUTO,,3.5723,0.0616,N/A,0,1500,VIDE,0.0,0.0,0.0,0.0,0.0,0.0,0,0,0.0,0.0,,,,,,,,,,,,
42,2026-04-27T09:59:25.166Z,S20260427_105921,N/A,AUTO,,3.6311,0.0589,N/A,0,1500,VIDE,0.0,0.0,0.0,0.0,0.0,0.0,0,0,0.0,0.0,,,,,,,,,,,,
43,2026-04-27T09:59:25.227Z,S20260427_105921,N/A,AUTO,,3.6924,0.0613,N/A,0,1500,VIDE,0.0,0.0,0.0,0.0,0.0,0.0,0,0,0.0,0.0,,,,,,,,,,,,
44,2026-04-27T09:59:25.298Z,S20260427_105921,N/A,AUTO,,3.7626,0.0702,N/A,0,1500,VIDE,0.0,0.0,0.0,0.0,0.0,0.0,0,0,0.0,0.0,,,,,,,,,,,,
45,2026-04-27T09:59:25.359Z,S20260427_105921,N/A,AUTO,,3.824,0.0614,N/A,0,1500,VIDE,0.0,0.0,0.0,0.0,0.0,0.0,0,0,0.0,0.0,,,,,,,,,,,,
46,2026-04-27T09:59:25.420Z,S20260427_105921,N/A,AUTO,,3.8852,0.0613,N/A,0,1500,VIDE,0.0,0.0,0.0,0.0,0.0,0.0,0,0,0.0,0.0,,,,,,,,,,,,
47,2026-04-27T09:59:25.480Z,S20260427_105921,N/A,AUTO,,3.9453,0.06,N/A,0,1500,VIDE,0.0,0.0,0.0,0.0,0.0,0.0,0,0,0.0,0.0,,,,,,,,,,,,
48,2026-04-27T09:59:25.544Z,S20260427_105921,N/A,AUTO,,4.0088,0.0635,N/A,0,1500,VIDE,0.0,0.0,0.0,0.0,0.0,0.0,0,0,0.0,0.0,,,,,,,,,,,,
49,2026-04-27T09:59:25.606Z,S20260427_105921,N/A,AUTO,,4.071,0.0622,N/A,0,1500,VIDE,0.0,0.0,0.0,0.0,0.0,0.0,0,0,0.0,0.0,,,,,,,,,,,,
50,2026-04-27T09:59:25.667Z,S20260427_105921,N/A,AUTO,,4.132,0.061,N/A,0,1500,VIDE,0.0,0.0,0.0,0.0,0.0,0.0,0,0,0.0,0.0,,,,,,,,,,,,
51,2026-04-27T09:59:25.727Z,S20260427_105921,N/A,AUTO,,4.1919,0.0599,N/A,0,1500,VIDE,0.0,0.0,0.0,0.0,0.0,0.0,0,0,0.0,0.0,,,,,,,,,,,,
52,2026-04-27T09:59:25.794Z,S20260427_105921,N/A,AUTO,,4.2588,0.0669,N/A,0,1500,VIDE,0.0,0.0,0.0,0.0,0.0,0.0,0,0,0.0,0.0,,,,,,,,,,,,
53,2026-04-27T09:59:25.856Z,S20260427_105921,N/A,AUTO,,4.3213,0.0625,N/A,0,1500,VIDE,0.0,0.0,0.0,0.0,0.0,0.0,0,0,0.0,0.0,,,,,,,,,,,,
54,2026-04-27T09:59:25.918Z,S20260427_105921,N/A,AUTO,,4.3832,0.0618,N/A,0,1500,VIDE,0.0,0.0,0.0,0.0,0.0,0.0,0,0,0.0,0.0,,,,,,,,,,,,
55,2026-04-27T09:59:25.981Z,S20260427_105921,N/A,AUTO,,4.4459,0.0627,N/A,0,1500,VIDE,0.0,0.0,0.0,0.0,0.0,0.0,0,0,0.0,0.0,,,,,,,,,,,,
56,2026-04-27T09:59:26.044Z,S20260427_105921,N/A,AUTO,,4.5087,0.0628,N/A,0,1500,VIDE,0.0,0.0,0.0,0.0,0.0,0.0,0,0,0.0,0.0,,,,,,,,,,,,
57,2026-04-27T09:59:26.105Z,S20260427_105921,N/A,AUTO,,4.5695,0.0608,N/A,0,1500,VIDE,0.0,0.0,0.0,0.0,0.0,0.0,0,0,0.0,0.0,,,,,,,,,,,,
58,2026-04-27T09:59:26.167Z,S20260427_105921,N/A,AUTO,,4.6318,0.0623,N/A,0,1500,VIDE,0.0,0.0,0.0,0.0,0.0,0.0,0,0,0.0,0.0,,,,,,,,,,,,
59,2026-04-27T09:59:26.227Z,S20260427_105921,N/A,AUTO,,4.692,0.0602,N/A,0,1500,VIDE,0.0,0.0,0.0,0.0,0.0,0.0,0,0,0.0,0.0,,,,,,,,,,,,
60,2026-04-27T09:59:26.292Z,S20260427_105921,N/A,AUTO,,4.7564,0.0645,N/A,0,1500,VIDE,0.0,0.0,0.0,0.0,0.0,0.0,0,0,0.0,0.0,,,,,,,,,,,,
61,2026-04-27T09:59:26.354Z,S20260427_105921,N/A,AUTO,,4.8186,0.0622,N/A,0,1500,VIDE,0.0,0.0,0.0,0.0,0.0,0.0,0,0,0.0,0.0,,,,,,,,,,,,
62,2026-04-27T09:59:26.416Z,S20260427_105921,N/A,AUTO,,4.8808,0.0622,N/A,0,1500,VIDE,0.0,0.0,0.0,0.0,0.0,0.0,0,0,0.0,0.0,,,,,,,,,,,,
63,2026-04-27T09:59:26.477Z,S20260427_105921,N/A,AUTO,,4.9422,0.0614,N/A,0,1500,VIDE,0.0,0.0,0.0,0.0,0.0,0.0,0,0,0.0,0.0,,,,,,,,,,,,
64,2026-04-27T09:59:26.541Z,S20260427_105921,N/A,AUTO,,5.0055,0.0633,N/A,0,1500,VIDE,0.0,0.0,0.0,0.0,0.0,0.0,0,0,0.0,0.0,,,,,,,,,,,,
65,2026-04-27T09:59:26.602Z,S20260427_105921,N/A,AUTO,,5.0669,0.0614,N/A,0,1500,VIDE,0.0,0.0,0.0,0.0,0.0,0.0,0,0,0.0,0.0,,,,,,,,,,,,
66,2026-04-27T09:59:26.667Z,S20260427_105921,N/A,AUTO,,5.132,0.0651,N/A,0,1500,VIDE,0.0,0.0,0.0,0.0,0.0,0.0,0,0,0.0,0.0,,,,,,,,,,,,
67,2026-04-27T09:59:26.727Z,S20260427_105921,N/A,AUTO,,5.1924,0.0604,N/A,0,1500,VIDE,0.0,0.0,0.0,0.0,0.0,0.0,0,0,0.0,0.0,,,,,,,,,,,,
68,2026-04-27T09:59:26.790Z,S20260427_105921,N/A,AUTO,,5.2549,0.0626,N/A,0,1500,VIDE,0.0,0.0,0.0,0.0,0.0,0.0,0,0,0.0,0.0,,,,,,,,,,,,
69,2026-04-27T09:59:26.867Z,S20260427_105921,N/A,AUTO,,5.3323,0.0774,N/A,0,1500,VIDE,0.0,0.0,0.0,0.0,0.0,0.0,0,0,0.0,0.0,,,,,,,,,,,,
70,2026-04-27T09:59:26.927Z,S20260427_105921,N/A,AUTO,,5.3924,0.06,N/A,0,1500,VIDE,0.0,0.0,0.0,0.0,0.0,0.0,0,0,0.0,0.0,,,,,,,,,,,,
71,2026-04-27T09:59:26.987Z,S20260427_105921,N/A,AUTO,,5.4519,0.0595,N/A,0,1500,VIDE,0.0,0.0,0.0,0.0,0.0,0.0,0,0,0.0,0.0,,,,,,,,,,,,
72,2026-04-27T09:59:27.047Z,S20260427_105921,N/A,AUTO,,5.5124,0.0605,N/A,0,1500,VIDE,0.0,0.0,0.0,0.0,0.0,0.0,0,0,0.0,0.0,,,,,,,,,,,,
73,2026-04-27T09:59:27.107Z,S20260427_105921,N/A,AUTO,,5.5723,0.0599,N/A,0,1500,VIDE,0.0,0.0,0.0,0.0,0.0,0.0,0,0,0.0,0.0,,,,,,,,,,,,
74,2026-04-27T09:59:27.167Z,S20260427_105921,N/A,AUTO,,5.6318,0.0595,N/A,0,1500,VIDE,0.0,0.0,0.0,0.0,0.0,0.0,0,0,0.0,0.0,,,,,,,,,,,,
75,2026-04-27T09:59:27.227Z,S20260427_105921,N/A,AUTO,,5.6923,0.0604,N/A,0,1500,VIDE,0.0,0.0,0.0,0.0,0.0,0.0,0,0,0.0,0.0,,,,,,,,,,,,
76,2026-04-27T09:59:27.294Z,S20260427_105921,N/A,AUTO,,5.7589,0.0666,N/A,0,1500,VIDE,0.0,0.0,0.0,0.0,0.0,0.0,0,0,0.0,0.0,,,,,,,,,,,,
77,2026-04-27T09:59:27.365Z,S20260427_105921,N/A,AUTO,,5.8299,0.071,N/A,0,1500,VIDE,0.0,0.0,0.0,0.0,0.0,0.0,0,0,0.0,0.0,,,,,,,,,,,,
78,2026-04-27T09:59:27.427Z,S20260427_105921,N/A,AUTO,,5.8919,0.062,N/A,0,1500,VIDE,0.0,0.0,0.0,0.0,0.0,0.0,0,0,0.0,0.0,,,,,,,,,,,,
79,2026-04-27T09:59:27.477Z,S20260427_105921,N/A,AUTO,,5.9423,0.0504,N/A,0,1500,VIDE,0.0,0.0,0.0,0.0,0.0,0.0,0,0,0.0,0.0,,,,,,,,,,,,
80,2026-04-27T09:59:27.548Z,S20260427_105921,N/A,AUTO,,6.0127,0.0704,N/A,0,1500,VIDE,0.0,0.0,0.0,0.0,0.0,0.0,0,0,0.0,0.0,,,,,,,,,,,,
81,2026-04-27T09:59:27.607Z,S20260427_105921,N/A,AUTO,,6.0714,0.0588,N/A,0,1500,VIDE,0.0,0.0,0.0,0.0,0.0,0.0,0,0,0.0,0.0,,,,,,,,,,,,
82,2026-04-27T09:59:27.667Z,S20260427_105921,N/A,AUTO,,6.1321,0.0606,N/A,0,1500,VIDE,0.0,0.0,0.0,0.0,0.0,0.0,0,0,0.0,0.0,,,,,,,,,,,,
83,2026-04-27T09:59:27.727Z,S20260427_105921,N/A,AUTO,,6.1921,0.06,N/A,0,1500,VIDE,0.0,0.0,0.0,0.0,0.0,0.0,0,0,0.0,0.0,,,,,,,,,,,,
84,2026-04-27T09:59:27.801Z,S20260427_105921,N/A,AUTO,,6.2658,0.0737,N/A,0,1500,VIDE,0.0,0.0,0.0,0.0,0.0,0.0,0,0,0.0,0.0,,,,,,,,,,,,
85,2026-04-27T09:59:27.863Z,S20260427_105921,N/A,AUTO,,6.3277,0.0619,N/A,0,1500,VIDE,0.0,0.0,0.0,0.0,0.0,0.0,0,0,0.0,0.0,,,,,,,,,,,,
86,2026-04-27T09:59:27.925Z,S20260427_105921,N/A,AUTO,,6.3898,0.062,N/A,0,1500,VIDE,0.0,0.0,0.0,0.0,0.0,0.0,0,0,0.0,0.0,,,,,,,,,,,,
87,2026-04-27T09:59:27.987Z,S20260427_105921,N/A,AUTO,,6.4519,0.0622,N/A,0,1500,VIDE,0.0,0.0,0.0,0.0,0.0,0.0,0,0,0.0,0.0,,,,,,,,,,,,
88,2026-04-27T09:59:28.047Z,S20260427_105921,N/A,AUTO,,6.5122,0.0603,N/A,0,1500,VIDE,0.0,0.0,0.0,0.0,0.0,0.0,0,0,0.0,0.0,,,,,,,,,,,,
89,2026-04-27T09:59:28.107Z,S20260427_105921,N/A,AUTO,,6.5719,0.0596,N/A,0,1500,VIDE,0.0,0.0,0.0,0.0,0.0,0.0,0,0,0.0,0.0,,,,,,,,,,,,
90,2026-04-27T09:59:28.167Z,S20260427_105921,N/A,AUTO,,6.6316,0.0598,N/A,0,1500,VIDE,0.0,0.0,0.0,0.0,0.0,0.0,0,0,0.0,0.0,,,,,,,,,,,,
91,2026-04-27T09:59:28.227Z,S20260427_105921,N/A,AUTO,,6.6922,0.0606,N/A,0,1500,VIDE,0.0,0.0,0.0,0.0,0.0,0.0,0,0,0.0,0.0,,,,,,,,,,,,
92,2026-04-27T09:59:28.300Z,S20260427_105921,N/A,AUTO,,6.765,0.0728,N/A,0,1500,VIDE,0.0,0.0,0.0,0.0,0.0,0.0,0,0,0.0,0.0,,,,,,,,,,,,
93,2026-04-27T09:59:28.361Z,S20260427_105921,N/A,AUTO,,6.8263,0.0613,N/A,0,1500,VIDE,0.0,0.0,0.0,0.0,0.0,0.0,0,0,0.0,0.0,,,,,,,,,,,,
94,2026-04-27T09:59:28.424Z,S20260427_105921,N/A,AUTO,,6.8894,0.0631,N/A,0,1500,VIDE,0.0,0.0,0.0,0.0,0.0,0.0,0,0,0.0,0.0,,,,,,,,,,,,
95,2026-04-27T09:59:28.486Z,S20260427_105921,N/A,AUTO,,6.9507,0.0614,N/A,0,1500,VIDE,0.0,0.0,0.0,0.0,0.0,0.0,0,0,0.0,0.0,,,,,,,,,,,,
96,2026-04-27T09:59:28.548Z,S20260427_105921,N/A,AUTO,,7.0126,0.0619,N/A,0,1500,VIDE,0.0,0.0,0.0,0.0,0.0,0.0,0,0,0.0,0.0,,,,,,,,,,,,
97,2026-04-27T09:59:28.607Z,S20260427_105921,N/A,AUTO,,7.0723,0.0597,N/A,0,1500,VIDE,0.0,0.0,0.0,0.0,0.0,0.0,0,0,0.0,0.0,,,,,,,,,,,,
98,2026-04-27T09:59:28.667Z,S20260427_105921,N/A,AUTO,,7.1321,0.0599,N/A,0,1500,VIDE,0.0,0.0,0.0,0.0,0.0,0.0,0,0,0.0,0.0,,,,,,,,,,,,
99,2026-04-27T09:59:28.736Z,S20260427_105921,N/A,AUTO,,7.2009,0.0688,N/A,0,1500,VIDE,0.0,0.0,0.0,0.0,0.0,0.0,0,0,0.0,0.0,,,,,,,,,,,,
100,2026-04-27T09:59:28.799Z,S20260427_105921,N/A,AUTO,,7.2637,0.0628,N/A,0,1500,VIDE,0.0,0.0,0.0,0.0,0.0,0.0,0,0,0.0,0.0,,,,,,,,,,,,
101,2026-04-27T09:59:28.861Z,S20260427_105921,N/A,AUTO,,7.3258,0.062,N/A,0,1500,VIDE,0.0,0.0,0.0,0.0,0.0,0.0,0,0,0.0,0.0,,,,,,,,,,,,
102,2026-04-27T09:59:28.923Z,S20260427_105921,N/A,AUTO,,7.3878,0.0621,N/A,0,1500,VIDE,0.0,0.0,0.0,0.0,0.0,0.0,0,0,0.0,0.0,,,,,,,,,,,,
103,2026-04-27T09:59:28.985Z,S20260427_105921,N/A,AUTO,,7.4494,0.0616,N/A,0,1500,VIDE,0.0,0.0,0.0,0.0,0.0,0.0,0,0,0.0,0.0,,,,,,,,,,,,
104,2026-04-27T09:59:29.047Z,S20260427_105921,N/A,AUTO,,7.512,0.0626,N/A,0,1500,VIDE,0.0,0.0,0.0,0.0,0.0,0.0,0,0,0.0,0.0,,,,,,,,,,,,
105,2026-04-27T09:59:29.108Z,S20260427_105921,N/A,AUTO,,7.5724,0.0604,N/A,0,1500,VIDE,0.0,0.0,0.0,0.0,0.0,0.0,0,0,0.0,0.0,,,,,,,,,,,,
106,2026-04-27T09:59:29.167Z,S20260427_105921,N/A,AUTO,,7.6319,0.0594,N/A,0,1500,VIDE,0.0,0.0,0.0,0.0,0.0,0.0,0,0,0.0,0.0,,,,,,,,,,,,
107,2026-04-27T09:59:29.234Z,S20260427_105921,N/A,AUTO,,7.699,0.0672,N/A,0,1500,VIDE,0.0,0.0,0.0,0.0,0.0,0.0,0,0,0.0,0.0,,,,,,,,,,,,
108,2026-04-27T09:59:29.297Z,S20260427_105921,N/A,AUTO,,7.7618,0.0628,N/A,0,1500,VIDE,0.0,0.0,0.0,0.0,0.0,0.0,0,0,0.0,0.0,,,,,,,,,,,,
109,2026-04-27T09:59:29.358Z,S20260427_105921,N/A,AUTO,,7.8229,0.0611,N/A,0,1500,VIDE,0.0,0.0,0.0,0.0,0.0,0.0,0,0,0.0,0.0,,,,,,,,,,,,
110,2026-04-27T09:59:29.422Z,S20260427_105921,N/A,AUTO,,7.8869,0.064,N/A,0,1500,VIDE,0.0,0.0,0.0,0.0,0.0,0.0,0,0,0.0,0.0,,,,,,,,,,,,
111,2026-04-27T09:59:29.484Z,S20260427_105921,N/A,AUTO,,7.9488,0.0619,N/A,0,1500,VIDE,0.0,0.0,0.0,0.0,0.0,0.0,0,0,0.0,0.0,,,,,,,,,,,,
112,2026-04-27T09:59:29.547Z,S20260427_105921,N/A,AUTO,,8.0117,0.063,N/A,0,1500,VIDE,0.0,0.0,0.0,0.0,0.0,0.0,0,0,0.0,0.0,,,,,,,,,,,,
113,2026-04-27T09:59:29.608Z,S20260427_105921,N/A,AUTO,,8.0727,0.061,N/A,0,1500,VIDE,0.0,0.0,0.0,0.0,0.0,0.0,0,0,0.0,0.0,,,,,,,,,,,,
114,2026-04-27T09:59:29.667Z,S20260427_105921,N/A,AUTO,,8.1316,0.0589,N/A,0,1500,VIDE,0.0,0.0,0.0,0.0,0.0,0.0,0,0,0.0,0.0,,,,,,,,,,,,
115,2026-04-27T09:59:29.727Z,S20260427_105921,N/A,AUTO,,8.1922,0.0606,N/A,0,1500,VIDE,0.0,0.0,0.0,0.0,0.0,0.0,0,0,0.0,0.0,,,,,,,,,,,,
116,2026-04-27T09:59:29.795Z,S20260427_105921,N/A,AUTO,,8.26,0.0678,N/A,0,1500,VIDE,0.0,0.0,0.0,0.0,0.0,0.0,0,0,0.0,0.0,,,,,,,,,,,,
117,2026-04-27T09:59:29.858Z,S20260427_105921,N/A,AUTO,,8.3227,0.0627,N/A,0,1500,VIDE,0.0,0.0,0.0,0.0,0.0,0.0,0,0,0.0,0.0,,,,,,,,,,,,
118,2026-04-27T09:59:29.920Z,S20260427_105921,N/A,AUTO,,8.3853,0.0626,N/A,0,1500,VIDE,0.0,0.0,0.0,0.0,0.0,0.0,0,0,0.0,0.0,,,,,,,,,,,,
119,2026-04-27T09:59:29.983Z,S20260427_105921,N/A,AUTO,,8.4483,0.063,N/A,0,1500,VIDE,0.0,0.0,0.0,0.0,0.0,0.0,0,0,0.0,0.0,,,,,,,,,,,,
120,2026-04-27T09:59:30.044Z,S20260427_105921,N/A,AUTO,,8.5092,0.0609,N/A,0,1500,VIDE,0.0,0.0,0.0,0.0,0.0,0.0,0,0,0.0,0.0,,,,,,,,,,,,
121,2026-04-27T09:59:30.105Z,S20260427_105921,N/A,AUTO,,8.5695,0.0603,N/A,0,1500,VIDE,0.0,0.0,0.0,0.0,0.0,0.0,0,0,0.0,0.0,,,,,,,,,,,,
122,2026-04-27T09:59:30.167Z,S20260427_105921,N/A,AUTO,,8.6322,0.0627,N/A,0,1500,VIDE,0.0,0.0,0.0,0.0,0.0,0.0,0,0,0.0,0.0,,,,,,,,,,,,
123,2026-04-27T09:59:30.229Z,S20260427_105921,N/A,AUTO,,8.6943,0.0621,N/A,0,1500,VIDE,0.0,0.0,0.0,0.0,0.0,0.0,0,0,0.0,0.0,,,,,,,,,,,,
124,2026-04-27T09:59:30.291Z,S20260427_105921,N/A,AUTO,,8.7557,0.0614,N/A,0,1500,VIDE,0.0,0.0,0.0,0.0,0.0,0.0,0,0,0.0,0.0,,,,,,,,,,,,
125,2026-04-27T09:59:30.354Z,S20260427_105921,N/A,AUTO,,8.8188,0.0632,N/A,0,1500,VIDE,0.0,0.0,0.0,0.0,0.0,0.0,0,0,0.0,0.0,,,,,,,,,,,,
126,2026-04-27T09:59:30.416Z,S20260427_105921,N/A,AUTO,,8.881,0.0621,N/A,0,1500,VIDE,0.0,0.0,0.0,0.0,0.0,0.0,0,0,0.0,0.0,,,,,,,,,,,,
127,2026-04-27T09:59:30.477Z,S20260427_105921,N/A,AUTO,,8.942,0.061,N/A,0,1500,VIDE,0.0,0.0,0.0,0.0,0.0,0.0,0,0,0.0,0.0,,,,,,,,,,,,
128,2026-04-27T09:59:30.547Z,S20260427_105921,N/A,AUTO,,9.0124,0.0704,N/A,0,1500,VIDE,0.0,0.0,0.0,0.0,0.0,0.0,0,0,0.0,0.0,,,,,,,,,,,,
129,2026-04-27T09:59:30.607Z,S20260427_105921,N/A,AUTO,,9.0721,0.0597,N/A,0,1500,VIDE,0.0,0.0,0.0,0.0,0.0,0.0,0,0,0.0,0.0,,,,,,,,,,,,
130,2026-04-27T09:59:30.667Z,S20260427_105921,N/A,AUTO,,9.1318,0.0597,N/A,0,1500,VIDE,0.0,0.0,0.0,0.0,0.0,0.0,0,0,0.0,0.0,,,,,,,,,,,,
131,2026-04-27T09:59:30.727Z,S20260427_105921,N/A,AUTO,,9.1924,0.0606,N/A,0,1500,VIDE,0.0,0.0,0.0,0.0,0.0,0.0,0,0,0.0,0.0,,,,,,,,,,,,
132,2026-04-27T09:59:30.803Z,S20260427_105921,N/A,AUTO,,9.268,0.0756,N/A,0,1500,VIDE,0.0,0.0,0.0,0.0,0.0,0.0,0,0,0.0,0.0,,,,,,,,,,,,
133,2026-04-27T09:59:30.865Z,S20260427_105921,N/A,AUTO,,9.3295,0.0615,N/A,0,1500,VIDE,0.0,0.0,0.0,0.0,0.0,0.0,0,0,0.0,0.0,,,,,,,,,,,,
134,2026-04-27T09:59:30.927Z,S20260427_105921,N/A,AUTO,,9.3918,0.0623,N/A,0,1500,VIDE,0.0,0.0,0.0,0.0,0.0,0.0,0,0,0.0,0.0,,,,,,,,,,,,
135,2026-04-27T09:59:30.987Z,S20260427_105921,N/A,AUTO,,9.452,0.0602,N/A,0,1500,VIDE,0.0,0.0,0.0,0.0,0.0,0.0,0,0,0.0,0.0,,,,,,,,,,,,
136,2026-04-27T09:59:31.047Z,S20260427_105921,N/A,AUTO,,9.5122,0.0602,N/A,0,1500,VIDE,0.0,0.0,0.0,0.0,0.0,0.0,0,0,0.0,0.0,,,,,,,,,,,,
137,2026-04-27T09:59:31.107Z,S20260427_105921,N/A,AUTO,,9.5723,0.0602,N/A,0,1500,VIDE,0.0,0.0,0.0,0.0,0.0,0.0,0,0,0.0,0.0,,,,,,,,,,,,
138,2026-04-27T09:59:31.167Z,S20260427_105921,N/A,AUTO,,9.6318,0.0595,N/A,0,1500,VIDE,0.0,0.0,0.0,0.0,0.0,0.0,0,0,0.0,0.0,,,,,,,,,,,,
139,2026-04-27T09:59:31.227Z,S20260427_105921,N/A,AUTO,,9.6921,0.0602,N/A,0,1500,VIDE,0.0,0.0,0.0,0.0,0.0,0.0,0,0,0.0,0.0,,,,,,,,,,,,
140,2026-04-27T09:59:31.298Z,S20260427_105921,N/A,AUTO,,9.7626,0.0706,N/A,0,1500,VIDE,0.0,0.0,0.0,0.0,0.0,0.0,0,0,0.0,0.0,,,,,,,,,,,,
141,2026-04-27T09:59:31.361Z,S20260427_105921,N/A,AUTO,,9.8264,0.0638,N/A,0,1500,VIDE,0.0,0.0,0.0,0.0,0.0,0.0,0,0,0.0,0.0,,,,,,,,,,,,
142,2026-04-27T09:59:31.424Z,S20260427_105921,N/A,AUTO,,9.8891,0.0627,N/A,0,1500,VIDE,0.0,0.0,0.0,0.0,0.0,0.0,0,0,0.0,0.0,,,,,,,,,,,,
143,2026-04-27T09:59:31.487Z,S20260427_105921,N/A,AUTO,,9.9519,0.0628,N/A,0,1500,VIDE,0.0,0.0,0.0,0.0,0.0,0.0,0,0,0.0,0.0,,,,,,,,,,,,
144,2026-04-27T09:59:31.548Z,S20260427_105921,N/A,AUTO,,10.0129,0.061,N/A,0,1500,VIDE,0.0,0.0,0.0,0.0,0.0,0.0,0,0,0.0,0.0,,,,,,,,,,,,
145,2026-04-27T09:59:31.607Z,S20260427_105921,N/A,AUTO,,10.0723,0.0594,N/A,0,1500,VIDE,0.0,0.0,0.0,0.0,0.0,0.0,0,0,0.0,0.0,,,,,,,,,,,,
146,2026-04-27T09:59:31.667Z,S20260427_105921,N/A,AUTO,,10.1322,0.0599,N/A,0,1500,VIDE,0.0,0.0,0.0,0.0,0.0,0.0,0,0,0.0,0.0,,,,,,,,,,,,
147,2026-04-27T09:59:31.727Z,S20260427_105921,N/A,AUTO,,10.1924,0.0602,N/A,0,1500,VIDE,0.0,0.0,0.0,0.0,0.0,0.0,0,0,0.0,0.0,,,,,,,,,,,,
148,2026-04-27T09:59:31.797Z,S20260427_105921,N/A,AUTO,,10.2618,0.0694,N/A,0,1500,VIDE,0.0,0.0,0.0,0.0,0.0,0.0,0,0,0.0,0.0,,,,,,,,,,,,
149,2026-04-27T09:59:31.859Z,S20260427_105921,N/A,AUTO,,10.3238,0.062,N/A,0,1500,VIDE,0.0,0.0,0.0,0.0,0.0,0.0,0,0,0.0,0.0,,,,,,,,,,,,
150,2026-04-27T09:59:31.922Z,S20260427_105921,N/A,AUTO,,10.3864,0.0626,N/A,0,1500,VIDE,0.0,0.0,0.0,0.0,0.0,0.0,0,0,0.0,0.0,,,,,,,,,,,,
151,2026-04-27T09:59:31.984Z,S20260427_105921,N/A,AUTO,,10.449,0.0626,N/A,0,1500,VIDE,0.0,0.0,0.0,0.0,0.0,0.0,0,0,0.0,0.0,,,,,,,,,,,,
152,2026-04-27T09:59:32.046Z,S20260427_105921,N/A,AUTO,,10.5111,0.0621,N/A,0,1500,VIDE,0.0,0.0,0.0,0.0,0.0,0.0,0,0,0.0,0.0,,,,,,,,,,,,
153,2026-04-27T09:59:32.107Z,S20260427_105921,N/A,AUTO,,10.5722,0.0611,N/A,0,1500,VIDE,0.0,0.0,0.0,0.0,0.0,0.0,0,0,0.0,0.0,,,,,,,,,,,,
154,2026-04-27T09:59:32.167Z,S20260427_105921,N/A,AUTO,,10.6321,0.0599,N/A,0,1500,VIDE,0.0,0.0,0.0,0.0,0.0,0.0,0,0,0.0,0.0,,,,,,,,,,,,
155,2026-04-27T09:59:32.227Z,S20260427_105921,N/A,AUTO,,10.6923,0.0603,N/A,0,1500,VIDE,0.0,0.0,0.0,0.0,0.0,0.0,0,0,0.0,0.0,,,,,,,,,,,,
156,2026-04-27T09:59:32.297Z,S20260427_105921,N/A,AUTO,,10.7619,0.0695,N/A,0,1500,VIDE,0.0,0.0,0.0,0.0,0.0,0.0,0,0,0.0,0.0,,,,,,,,,,,,
157,2026-04-27T09:59:32.359Z,S20260427_105921,N/A,AUTO,,10.8241,0.0622,N/A,0,1500,VIDE,0.0,0.0,0.0,0.0,0.0,0.0,0,0,0.0,0.0,,,,,,,,,,,,
158,2026-04-27T09:59:32.421Z,S20260427_105921,N/A,AUTO,,10.8863,0.0622,N/A,0,1500,VIDE,0.0,0.0,0.0,0.0,0.0,0.0,0,0,0.0,0.0,,,,,,,,,,,,
159,2026-04-27T09:59:32.484Z,S20260427_105921,N/A,AUTO,,10.9493,0.063,N/A,0,1500,VIDE,0.0,0.0,0.0,0.0,0.0,0.0,0,0,0.0,0.0,,,,,,,,,,,,
160,2026-04-27T09:59:32.547Z,S20260427_105921,N/A,AUTO,,11.0119,0.0626,N/A,0,1500,VIDE,0.0,0.0,0.0,0.0,0.0,0.0,0,0,0.0,0.0,,,,,,,,,,,,
161,2026-04-27T09:59:32.608Z,S20260427_105921,N/A,AUTO,,11.0732,0.0613,N/A,0,1500,VIDE,0.0,0.0,0.0,0.0,0.0,0.0,0,0,0.0,0.0,,,,,,,,,,,,
162,2026-04-27T09:59:32.667Z,S20260427_105921,N/A,AUTO,,11.1319,0.0587,N/A,0,1500,VIDE,0.0,0.0,0.0,0.0,0.0,0.0,0,0,0.0,0.0,,,,,,,,,,,,
163,2026-04-27T09:59:32.728Z,S20260427_105921,N/A,AUTO,,11.1927,0.0608,N/A,0,1500,VIDE,0.0,0.0,0.0,0.0,0.0,0.0,0,0,0.0,0.0,,,,,,,,,,,,
164,2026-04-27T09:59:32.793Z,S20260427_105921,N/A,AUTO,,11.2583,0.0656,N/A,0,1500,VIDE,0.0,0.0,0.0,0.0,0.0,0.0,0,0,0.0,0.0,,,,,,,,,,,,
165,2026-04-27T09:59:32.859Z,S20260427_105921,N/A,AUTO,,11.3243,0.066,N/A,0,1500,VIDE,0.0,0.0,0.0,0.0,0.0,0.0,0,0,0.0,0.0,,,,,,,,,,,,
166,2026-04-27T09:59:32.920Z,S20260427_105921,N/A,AUTO,,11.3854,0.0611,N/A,0,1500,VIDE,0.0,0.0,0.0,0.0,0.0,0.0,0,0,0.0,0.0,,,,,,,,,,,,
167,2026-04-27T09:59:32.983Z,S20260427_105921,N/A,AUTO,,11.448,0.0626,N/A,0,1500,VIDE,0.0,0.0,0.0,0.0,0.0,0.0,0,0,0.0,0.0,,,,,,,,,,,,
168,2026-04-27T09:59:33.045Z,S20260427_105921,N/A,AUTO,,11.5103,0.0623,N/A,0,1500,VIDE,0.0,0.0,0.0,0.0,0.0,0.0,0,0,0.0,0.0,,,,,,,,,,,,
169,2026-04-27T09:59:33.108Z,S20260427_105921,N/A,AUTO,,11.5726,0.0623,N/A,0,1500,VIDE,0.0,0.0,0.0,0.0,0.0,0.0,0,0,0.0,0.0,,,,,,,,,,,,
170,2026-04-27T09:59:33.167Z,S20260427_105921,N/A,AUTO,,11.6318,0.0592,N/A,0,1500,VIDE,0.0,0.0,0.0,0.0,0.0,0.0,0,0,0.0,0.0,,,,,,,,,,,,
171,2026-04-27T09:59:33.228Z,S20260427_105921,N/A,AUTO,,11.6925,0.0607,N/A,0,1500,VIDE,0.0,0.0,0.0,0.0,0.0,0.0,0,0,0.0,0.0,,,,,,,,,,,,
172,2026-04-27T09:59:33.293Z,S20260427_105921,N/A,AUTO,,11.7578,0.0653,N/A,0,1500,VIDE,0.0,0.0,0.0,0.0,0.0,0.0,0,0,0.0,0.0,,,,,,,,,,,,
173,2026-04-27T09:59:33.355Z,S20260427_105921,N/A,AUTO,,11.8203,0.0625,N/A,0,1500,VIDE,0.0,0.0,0.0,0.0,0.0,0.0,0,0,0.0,0.0,,,,,,,,,,,,
174,2026-04-27T09:59:33.418Z,S20260427_105921,N/A,AUTO,,11.8829,0.0626,N/A,0,1500,VIDE,0.0,0.0,0.0,0.0,0.0,0.0,0,0,0.0,0.0,,,,,,,,,,,,
175,2026-04-27T09:59:33.480Z,S20260427_105921,N/A,AUTO,,11.9451,0.0623,N/A,0,1500,VIDE,0.0,0.0,0.0,0.0,0.0,0.0,0,0,0.0,0.0,,,,,,,,,,,,
176,2026-04-27T09:59:33.543Z,S20260427_105921,N/A,AUTO,,12.0074,0.0623,N/A,0,1500,VIDE,0.0,0.0,0.0,0.0,0.0,0.0,0,0,0.0,0.0,,,,,,,,,,,,
177,2026-04-27T09:59:33.604Z,S20260427_105921,N/A,AUTO,,12.0689,0.0615,N/A,0,1500,VIDE,0.0,0.0,0.0,0.0,0.0,0.0,0,0,0.0,0.0,,,,,,,,,,,,
178,2026-04-27T09:59:33.666Z,S20260427_105921,N/A,AUTO,,12.1305,0.0616,N/A,0,1500,VIDE,0.0,0.0,0.0,0.0,0.0,0.0,0,0,0.0,0.0,,,,,,,,,,,,
179,2026-04-27T09:59:33.728Z,S20260427_105921,N/A,AUTO,,12.1928,0.0623,N/A,0,1500,VIDE,0.0,0.0,0.0,0.0,0.0,0.0,0,0,0.0,0.0,,,,,,,,,,,,
180,2026-04-27T09:59:33.790Z,S20260427_105921,N/A,AUTO,,12.2547,0.0618,N/A,0,1500,VIDE,0.0,0.0,0.0,0.0,0.0,0.0,0,0,0.0,0.0,,,,,,,,,,,,
181,2026-04-27T09:59:33.867Z,S20260427_105921,N/A,AUTO,,12.3317,0.077,N/A,0,1500,VIDE,0.0,0.0,0.0,0.0,0.0,0.0,0,0,0.0,0.0,,,,,,,,,,,,
182,2026-04-27T09:59:33.915Z,S20260427_105921,N/A,AUTO,,12.3802,0.0485,N/A,0,1500,VIDE,0.0,0.0,0.0,0.0,0.0,0.0,0,0,0.0,0.0,,,,,,,,,,,,
183,2026-04-27T09:59:33.987Z,S20260427_105921,N/A,AUTO,,12.4521,0.072,N/A,0,1500,VIDE,0.0,0.0,0.0,0.0,0.0,0.0,0,0,0.0,0.0,,,,,,,,,,,,
184,2026-04-27T09:59:34.047Z,S20260427_105921,N/A,AUTO,,12.5123,0.0602,N/A,0,1500,VIDE,0.0,0.0,0.0,0.0,0.0,0.0,0,0,0.0,0.0,,,,,,,,,,,,
185,2026-04-27T09:59:34.102Z,S20260427_105921,N/A,AUTO,,12.5673,0.055,N/A,0,1500,VIDE,0.0,0.0,0.0,0.0,0.0,0.0,0,0,0.0,0.0,,,,,,,,,,,,
186,2026-04-27T09:59:34.168Z,S20260427_105921,N/A,AUTO,,12.6324,0.0651,N/A,0,1500,VIDE,0.0,0.0,0.0,0.0,0.0,0.0,0,0,0.0,0.0,,,,,,,,,,,,
187,2026-04-27T09:59:34.227Z,S20260427_105921,N/A,AUTO,,12.6922,0.0598,N/A,0,1500,VIDE,0.0,0.0,0.0,0.0,0.0,0.0,0,0,0.0,0.0,,,,,,,,,,,,
188,2026-04-27T09:59:34.304Z,S20260427_105921,N/A,AUTO,,12.7689,0.0767,N/A,0,1500,VIDE,0.0,0.0,0.0,0.0,0.0,0.0,0,0,0.0,0.0,,,,,,,,,,,,
189,2026-04-27T09:59:34.365Z,S20260427_105921,N/A,AUTO,,12.83,0.0611,N/A,0,1500,VIDE,0.0,0.0,0.0,0.0,0.0,0.0,0,0,0.0,0.0,,,,,,,,,,,,
190,2026-04-27T09:59:34.427Z,S20260427_105921,N/A,AUTO,,12.8922,0.0622,N/A,0,1500,VIDE,0.0,0.0,0.0,0.0,0.0,0.0,0,0,0.0,0.0,,,,,,,,,,,,
191,2026-04-27T09:59:34.487Z,S20260427_105921,N/A,AUTO,,12.9518,0.0596,N/A,0,1500,VIDE,0.0,0.0,0.0,0.0,0.0,0.0,0,0,0.0,0.0,,,,,,,,,,,,
192,2026-04-27T09:59:34.548Z,S20260427_105921,N/A,AUTO,,13.0127,0.0609,N/A,0,1500,VIDE,0.0,0.0,0.0,0.0,0.0,0.0,0,0,0.0,0.0,,,,,,,,,,,,
193,2026-04-27T09:59:34.607Z,S20260427_105921,N/A,AUTO,,13.0718,0.0591,N/A,0,1500,VIDE,0.0,0.0,0.0,0.0,0.0,0.0,0,0,0.0,0.0,,,,,,,,,,,,
194,2026-04-27T09:59:34.667Z,S20260427_105921,N/A,AUTO,,13.132,0.0602,N/A,0,1500,VIDE,0.0,0.0,0.0,0.0,0.0,0.0,0,0,0.0,0.0,,,,,,,,,,,,
195,2026-04-27T09:59:34.727Z,S20260427_105921,N/A,AUTO,,13.1922,0.0601,N/A,0,1500,VIDE,0.0,0.0,0.0,0.0,0.0,0.0,0,0,0.0,0.0,,,,,,,,,,,,
196,2026-04-27T09:59:34.803Z,S20260427_105921,N/A,AUTO,,13.2682,0.076,N/A,0,1500,VIDE,0.0,0.0,0.0,0.0,0.0,0.0,0,0,0.0,0.0,,,,,,,,,,,,
197,2026-04-27T09:59:34.865Z,S20260427_105921,N/A,AUTO,,13.33,0.0619,N/A,0,1500,VIDE,0.0,0.0,0.0,0.0,0.0,0.0,0,0,0.0,0.0,,,,,,,,,,,,
198,2026-04-27T09:59:34.927Z,S20260427_105921,N/A,AUTO,,13.3923,0.0623,N/A,0,1500,VIDE,0.0,0.0,0.0,0.0,0.0,0.0,0,0,0.0,0.0,,,,,,,,,,,,
199,2026-04-27T09:59:34.988Z,S20260427_105921,N/A,AUTO,,13.4525,0.0602,N/A,0,1500,VIDE,0.0,0.0,0.0,0.0,0.0,0.0,0,0,0.0,0.0,,,,,,,,,,,,
200,2026-04-27T09:59:35.048Z,S20260427_105921,N/A,AUTO,,13.5125,0.06,N/A,0,1500,VIDE,0.0,0.0,0.0,0.0,0.0,0.0,0,0,0.0,0.0,,,,,,,,,,,,
201,2026-04-27T09:59:35.107Z,S20260427_105921,N/A,AUTO,,13.5722,0.0597,N/A,0,1500,VIDE,0.0,0.0,0.0,0.0,0.0,0.0,0,0,0.0,0.0,,,,,,,,,,,,
202,2026-04-27T09:59:35.167Z,S20260427_105921,N/A,AUTO,,13.6314,0.0592,N/A,0,1500,VIDE,0.0,0.0,0.0,0.0,0.0,0.0,0,0,0.0,0.0,,,,,,,,,,,,
203,2026-04-27T09:59:35.239Z,S20260427_105921,N/A,AUTO,,13.7042,0.0728,N/A,0,1500,VIDE,0.0,0.0,0.0,0.0,0.0,0.0,0,0,0.0,0.0,,,,,,,,,,,,
204,2026-04-27T09:59:35.302Z,S20260427_105921,N/A,AUTO,,13.7673,0.063,N/A,0,1500,VIDE,0.0,0.0,0.0,0.0,0.0,0.0,0,0,0.0,0.0,,,,,,,,,,,,
205,2026-04-27T09:59:35.364Z,S20260427_105921,N/A,AUTO,,13.8289,0.0616,N/A,0,1500,VIDE,0.0,0.0,0.0,0.0,0.0,0.0,0,0,0.0,0.0,,,,,,,,,,,,
206,2026-04-27T09:59:35.427Z,S20260427_105921,N/A,AUTO,,13.8922,0.0633,N/A,0,1500,VIDE,0.0,0.0,0.0,0.0,0.0,0.0,0,0,0.0,0.0,,,,,,,,,,,,
207,2026-04-27T09:59:35.487Z,S20260427_105921,N/A,AUTO,,13.9523,0.0601,N/A,0,1500,VIDE,0.0,0.0,0.0,0.0,0.0,0.0,0,0,0.0,0.0,,,,,,,,,,,,
208,2026-04-27T09:59:35.548Z,S20260427_105921,N/A,AUTO,,14.0129,0.0606,N/A,0,1500,VIDE,0.0,0.0,0.0,0.0,0.0,0.0,0,0,0.0,0.0,,,,,,,,,,,,
209,2026-04-27T09:59:35.607Z,S20260427_105921,N/A,AUTO,,14.0722,0.0593,N/A,0,1500,VIDE,0.0,0.0,0.0,0.0,0.0,0.0,0,0,0.0,0.0,,,,,,,,,,,,
210,2026-04-27T09:59:35.667Z,S20260427_105921,N/A,AUTO,,14.1322,0.0599,N/A,0,1500,VIDE,0.0,0.0,0.0,0.0,0.0,0.0,0,0,0.0,0.0,,,,,,,,,,,,
211,2026-04-27T09:59:35.727Z,S20260427_105921,N/A,AUTO,,14.1922,0.06,N/A,0,1500,VIDE,0.0,0.0,0.0,0.0,0.0,0.0,0,0,0.0,0.0,,,,,,,,,,,,
212,2026-04-27T09:59:35.801Z,S20260427_105921,N/A,AUTO,,14.2659,0.0737,N/A,0,1500,VIDE,0.0,0.0,0.0,0.0,0.0,0.0,0,0,0.0,0.0,,,,,,,,,,,,
213,2026-04-27T09:59:35.863Z,S20260427_105921,N/A,AUTO,,14.3281,0.0621,N/A,0,1500,VIDE,0.0,0.0,0.0,0.0,0.0,0.0,0,0,0.0,0.0,,,,,,,,,,,,
214,2026-04-27T09:59:35.926Z,S20260427_105921,N/A,AUTO,,14.3912,0.0632,N/A,0,1500,VIDE,0.0,0.0,0.0,0.0,0.0,0.0,0,0,0.0,0.0,,,,,,,,,,,,
215,2026-04-27T09:59:35.987Z,S20260427_105921,N/A,AUTO,,14.4521,0.0609,N/A,0,1500,VIDE,0.0,0.0,0.0,0.0,0.0,0.0,0,0,0.0,0.0,,,,,,,,,,,,
216,2026-04-27T09:59:36.047Z,S20260427_105921,N/A,AUTO,,14.5122,0.0601,N/A,0,1500,VIDE,0.0,0.0,0.0,0.0,0.0,0.0,0,0,0.0,0.0,,,,,,,,,,,,
217,2026-04-27T09:59:36.107Z,S20260427_105921,N/A,AUTO,,14.5724,0.0601,N/A,0,1500,VIDE,0.0,0.0,0.0,0.0,0.0,0.0,0,0,0.0,0.0,,,,,,,,,,,,
218,2026-04-27T09:59:36.167Z,S20260427_105921,N/A,AUTO,,14.632,0.0597,N/A,0,1500,VIDE,0.0,0.0,0.0,0.0,0.0,0.0,0,0,0.0,0.0,,,,,,,,,,,,
219,2026-04-27T09:59:36.228Z,S20260427_105921,N/A,AUTO,,14.6925,0.0605,N/A,0,1500,VIDE,0.0,0.0,0.0,0.0,0.0,0.0,0,0,0.0,0.0,,,,,,,,,,,,
220,2026-04-27T09:59:36.300Z,S20260427_105921,N/A,AUTO,,14.7651,0.0726,N/A,0,1500,VIDE,0.0,0.0,0.0,0.0,0.0,0.0,0,0,0.0,0.0,,,,,,,,,,,,
221,2026-04-27T09:59:36.363Z,S20260427_105921,N/A,AUTO,,14.828,0.063,N/A,0,1500,VIDE,0.0,0.0,0.0,0.0,0.0,0.0,0,0,0.0,0.0,,,,,,,,,,,,
222,2026-04-27T09:59:36.425Z,S20260427_105921,N/A,AUTO,,14.89,0.062,N/A,0,1500,VIDE,0.0,0.0,0.0,0.0,0.0,0.0,0,0,0.0,0.0,,,,,,,,,,,,
223,2026-04-27T09:59:36.487Z,S20260427_105921,N/A,AUTO,,14.9521,0.062,N/A,0,1500,VIDE,0.0,0.0,0.0,0.0,0.0,0.0,0,0,0.0,0.0,,,,,,,,,,,,
224,2026-04-27T09:59:36.548Z,S20260427_105921,N/A,AUTO,,15.0129,0.0609,N/A,0,1500,VIDE,0.0,0.0,0.0,0.0,0.0,0.0,0,0,0.0,0.0,,,,,,,,,,,,
225,2026-04-27T09:59:36.608Z,S20260427_105921,N/A,AUTO,,15.0725,0.0595,N/A,0,1500,VIDE,0.0,0.0,0.0,0.0,0.0,0.0,0,0,0.0,0.0,,,,,,,,,,,,
226,2026-04-27T09:59:36.668Z,S20260427_105921,N/A,AUTO,,15.1324,0.06,N/A,0,1500,VIDE,0.0,0.0,0.0,0.0,0.0,0.0,0,0,0.0,0.0,,,,,,,,,,,,
227,2026-04-27T09:59:36.728Z,S20260427_105921,N/A,AUTO,,15.1924,0.06,N/A,0,1500,VIDE,0.0,0.0,0.0,0.0,0.0,0.0,0,0,0.0,0.0,,,,,,,,,,,,
228,2026-04-27T09:59:36.800Z,S20260427_105921,N/A,AUTO,,15.2649,0.0725,N/A,0,1500,VIDE,0.0,0.0,0.0,0.0,0.0,0.0,0,0,0.0,0.0,,,,,,,,,,,,
229,2026-04-27T09:59:36.862Z,S20260427_105921,N/A,AUTO,,15.3268,0.0619,N/A,0,1500,VIDE,0.0,0.0,0.0,0.0,0.0,0.0,0,0,0.0,0.0,,,,,,,,,,,,
230,2026-04-27T09:59:36.923Z,S20260427_105921,N/A,AUTO,,15.3883,0.0615,N/A,0,1500,VIDE,0.0,0.0,0.0,0.0,0.0,0.0,0,0,0.0,0.0,,,,,,,,,,,,
231,2026-04-27T09:59:36.986Z,S20260427_105921,N/A,AUTO,,15.4513,0.063,N/A,0,1500,VIDE,0.0,0.0,0.0,0.0,0.0,0.0,0,0,0.0,0.0,,,,,,,,,,,,
232,2026-04-27T09:59:37.047Z,S20260427_105921,N/A,AUTO,,15.5123,0.0611,N/A,0,1500,VIDE,0.0,0.0,0.0,0.0,0.0,0.0,0,0,0.0,0.0,,,,,,,,,,,,
233,2026-04-27T09:59:37.107Z,S20260427_105921,N/A,AUTO,,15.5724,0.06,N/A,0,1500,VIDE,0.0,0.0,0.0,0.0,0.0,0.0,0,0,0.0,0.0,,,,,,,,,,,,
234,2026-04-27T09:59:37.167Z,S20260427_105921,N/A,AUTO,,15.6315,0.0591,N/A,0,1500,VIDE,0.0,0.0,0.0,0.0,0.0,0.0,0,0,0.0,0.0,,,,,,,,,,,,
235,2026-04-27T09:59:37.227Z,S20260427_105921,N/A,AUTO,,15.6922,0.0608,N/A,0,1500,VIDE,0.0,0.0,0.0,0.0,0.0,0.0,0,0,0.0,0.0,,,,,,,,,,,,
236,2026-04-27T09:59:37.300Z,S20260427_105921,N/A,AUTO,,15.765,0.0727,N/A,0,1500,VIDE,0.0,0.0,0.0,0.0,0.0,0.0,0,0,0.0,0.0,,,,,,,,,,,,
237,2026-04-27T09:59:37.362Z,S20260427_105921,N/A,AUTO,,15.8268,0.0618,N/A,0,1500,VIDE,0.0,0.0,0.0,0.0,0.0,0.0,0,0,0.0,0.0,,,,,,,,,,,,
238,2026-04-27T09:59:37.425Z,S20260427_105921,N/A,AUTO,,15.8902,0.0633,N/A,0,1500,VIDE,0.0,0.0,0.0,0.0,0.0,0.0,0,0,0.0,0.0,,,,,,,,,,,,
239,2026-04-27T09:59:37.487Z,S20260427_105921,N/A,AUTO,,15.952,0.0619,N/A,0,1500,VIDE,0.0,0.0,0.0,0.0,0.0,0.0,0,0,0.0,0.0,,,,,,,,,,,,
240,2026-04-27T09:59:37.548Z,S20260427_105921,N/A,AUTO,,16.0126,0.0606,N/A,0,1500,VIDE,0.0,0.0,0.0,0.0,0.0,0.0,0,0,0.0,0.0,,,,,,,,,,,,
241,2026-04-27T09:59:37.607Z,S20260427_105921,N/A,AUTO,,16.0716,0.059,N/A,0,1500,VIDE,0.0,0.0,0.0,0.0,0.0,0.0,0,0,0.0,0.0,,,,,,,,,,,,
242,2026-04-27T09:59:37.667Z,S20260427_105921,N/A,AUTO,,16.1324,0.0608,N/A,0,1500,VIDE,0.0,0.0,0.0,0.0,0.0,0.0,0,0,0.0,0.0,,,,,,,,,,,,
243,2026-04-27T09:59:37.736Z,S20260427_105921,N/A,AUTO,,16.2004,0.068,N/A,0,1500,VIDE,0.0,0.0,0.0,0.0,0.0,0.0,0,0,0.0,0.0,,,,,,,,,,,,
244,2026-04-27T09:59:37.797Z,S20260427_105921,N/A,AUTO,,16.2619,0.0615,N/A,0,1500,VIDE,0.0,0.0,0.0,0.0,0.0,0.0,0,0,0.0,0.0,,,,,,,,,,,,
245,2026-04-27T09:59:37.859Z,S20260427_105921,N/A,AUTO,,16.3242,0.0623,N/A,0,1500,VIDE,0.0,0.0,0.0,0.0,0.0,0.0,0,0,0.0,0.0,,,,,,,,,,,,
246,2026-04-27T09:59:37.921Z,S20260427_105921,N/A,AUTO,,16.3855,0.0613,N/A,0,1500,VIDE,0.0,0.0,0.0,0.0,0.0,0.0,0,0,0.0,0.0,,,,,,,,,,,,
247,2026-04-27T09:59:37.983Z,S20260427_105921,N/A,AUTO,,16.4482,0.0627,N/A,0,1500,VIDE,0.0,0.0,0.0,0.0,0.0,0.0,0,0,0.0,0.0,,,,,,,,,,,,
248,2026-04-27T09:59:38.046Z,S20260427_105921,N/A,AUTO,,16.5106,0.0625,N/A,0,1500,VIDE,0.0,0.0,0.0,0.0,0.0,0.0,0,0,0.0,0.0,,,,,,,,,,,,
249,2026-04-27T09:59:38.107Z,S20260427_105921,N/A,AUTO,,16.5722,0.0615,N/A,0,1500,VIDE,0.0,0.0,0.0,0.0,0.0,0.0,0,0,0.0,0.0,,,,,,,,,,,,
250,2026-04-27T09:59:38.167Z,S20260427_105921,N/A,AUTO,,16.6316,0.0594,N/A,0,1500,VIDE,0.0,0.0,0.0,0.0,0.0,0.0,0,0,0.0,0.0,,,,,,,,,,,,
251,2026-04-27T09:59:38.233Z,S20260427_105921,N/A,AUTO,,16.6975,0.0659,N/A,0,1500,VIDE,0.0,0.0,0.0,0.0,0.0,0.0,0,0,0.0,0.0,,,,,,,,,,,,
252,2026-04-27T09:59:38.295Z,S20260427_105921,N/A,AUTO,,16.7603,0.0628,N/A,0,1500,VIDE,0.0,0.0,0.0,0.0,0.0,0.0,0,0,0.0,0.0,,,,,,,,,,,,
253,2026-04-27T09:59:38.357Z,S20260427_105921,N/A,AUTO,,16.8223,0.0619,N/A,0,1500,VIDE,0.0,0.0,0.0,0.0,0.0,0.0,0,0,0.0,0.0,,,,,,,,,,,,
254,2026-04-27T09:59:38.420Z,S20260427_105921,N/A,AUTO,,16.8852,0.0629,N/A,0,1500,VIDE,0.0,0.0,0.0,0.0,0.0,0.0,0,0,0.0,0.0,,,,,,,,,,,,
255,2026-04-27T09:59:38.482Z,S20260427_105921,N/A,AUTO,,16.947,0.0618,N/A,0,1500,VIDE,0.0,0.0,0.0,0.0,0.0,0.0,0,0,0.0,0.0,,,,,,,,,,,,
256,2026-04-27T09:59:38.545Z,S20260427_105921,N/A,AUTO,,17.0102,0.0633,N/A,0,1500,VIDE,0.0,0.0,0.0,0.0,0.0,0.0,0,0,0.0,0.0,,,,,,,,,,,,
257,2026-04-27T09:59:38.606Z,S20260427_105921,N/A,AUTO,,17.0708,0.0605,N/A,0,1500,VIDE,0.0,0.0,0.0,0.0,0.0,0.0,0,0,0.0,0.0,,,,,,,,,,,,
258,2026-04-27T09:59:38.667Z,S20260427_105921,N/A,AUTO,,17.1321,0.0614,N/A,0,1500,VIDE,0.0,0.0,0.0,0.0,0.0,0.0,0,0,0.0,0.0,,,,,,,,,,,,
259,2026-04-27T09:59:38.728Z,S20260427_105921,N/A,AUTO,,17.1924,0.0603,N/A,0,1500,VIDE,0.0,0.0,0.0,0.0,0.0,0.0,0,0,0.0,0.0,,,,,,,,,,,,
260,2026-04-27T09:59:38.792Z,S20260427_105921,N/A,AUTO,,17.2571,0.0647,N/A,0,1500,VIDE,0.0,0.0,0.0,0.0,0.0,0.0,0,0,0.0,0.0,,,,,,,,,,,,
261,2026-04-27T09:59:38.855Z,S20260427_105921,N/A,AUTO,,17.3197,0.0626,N/A,0,1500,VIDE,0.0,0.0,0.0,0.0,0.0,0.0,0,0,0.0,0.0,,,,,,,,,,,,
262,2026-04-27T09:59:38.917Z,S20260427_105921,N/A,AUTO,,17.3815,0.0618,N/A,0,1500,VIDE,0.0,0.0,0.0,0.0,0.0,0.0,0,0,0.0,0.0,,,,,,,,,,,,
263,2026-04-27T09:59:38.978Z,S20260427_105921,N/A,AUTO,,17.4433,0.0617,N/A,0,1500,VIDE,0.0,0.0,0.0,0.0,0.0,0.0,0,0,0.0,0.0,,,,,,,,,,,,
264,2026-04-27T09:59:39.041Z,S20260427_105921,N/A,AUTO,,17.5056,0.0623,N/A,0,1500,VIDE,0.0,0.0,0.0,0.0,0.0,0.0,0,0,0.0,0.0,,,,,,,,,,,,
265,2026-04-27T09:59:39.103Z,S20260427_105921,N/A,AUTO,,17.5683,0.0628,N/A,0,1500,VIDE,0.0,0.0,0.0,0.0,0.0,0.0,0,0,0.0,0.0,,,,,,,,,,,,
266,2026-04-27T09:59:39.165Z,S20260427_105921,N/A,AUTO,,17.63,0.0617,N/A,0,1500,VIDE,0.0,0.0,0.0,0.0,0.0,0.0,0,0,0.0,0.0,,,,,,,,,,,,
267,2026-04-27T09:59:39.228Z,S20260427_105921,N/A,AUTO,,17.6926,0.0626,N/A,0,1500,VIDE,0.0,0.0,0.0,0.0,0.0,0.0,0,0,0.0,0.0,,,,,,,,,,,,
268,2026-04-27T09:59:39.291Z,S20260427_105921,N/A,AUTO,,17.7556,0.063,N/A,0,1500,VIDE,0.0,0.0,0.0,0.0,0.0,0.0,0,0,0.0,0.0,,,,,,,,,,,,
269,2026-04-27T09:59:39.353Z,S20260427_105921,N/A,AUTO,,17.8182,0.0626,N/A,0,1500,VIDE,0.0,0.0,0.0,0.0,0.0,0.0,0,0,0.0,0.0,,,,,,,,,,,,
270,2026-04-27T09:59:39.416Z,S20260427_105921,N/A,AUTO,,17.8807,0.0625,N/A,0,1500,VIDE,0.0,0.0,0.0,0.0,0.0,0.0,0,0,0.0,0.0,,,,,,,,,,,,
271,2026-04-27T09:59:39.478Z,S20260427_105921,N/A,AUTO,,17.9426,0.0619,N/A,0,1500,VIDE,0.0,0.0,0.0,0.0,0.0,0.0,0,0,0.0,0.0,,,,,,,,,,,,
272,2026-04-27T09:59:39.542Z,S20260427_105921,N/A,AUTO,,18.0069,0.0643,N/A,0,1500,VIDE,0.0,0.0,0.0,0.0,0.0,0.0,0,0,0.0,0.0,,,,,,,,,,,,
273,2026-04-27T09:59:39.606Z,S20260427_105921,N/A,AUTO,,18.0706,0.0636,N/A,0,1500,VIDE,0.0,0.0,0.0,0.0,0.0,0.0,0,0,0.0,0.0,,,,,,,,,,,,
274,2026-04-27T09:59:39.666Z,S20260427_105921,N/A,AUTO,,18.1311,0.0605,N/A,0,1500,VIDE,0.0,0.0,0.0,0.0,0.0,0.0,0,0,0.0,0.0,,,,,,,,,,,,
275,2026-04-27T09:59:39.727Z,S20260427_105921,N/A,AUTO,,18.1921,0.061,N/A,0,1500,VIDE,0.0,0.0,0.0,0.0,0.0,0.0,0,0,0.0,0.0,,,,,,,,,,,,
276,2026-04-27T09:59:39.791Z,S20260427_105921,N/A,AUTO,,18.2556,0.0635,N/A,0,1500,VIDE,0.0,0.0,0.0,0.0,0.0,0.0,0,0,0.0,0.0,,,,,,,,,,,,
277,2026-04-27T09:59:39.852Z,S20260427_105921,N/A,AUTO,,18.3173,0.0617,N/A,0,1500,VIDE,0.0,0.0,0.0,0.0,0.0,0.0,0,0,0.0,0.0,,,,,,,,,,,,
278,2026-04-27T09:59:39.915Z,S20260427_105921,N/A,AUTO,,18.3794,0.0621,N/A,0,1500,VIDE,0.0,0.0,0.0,0.0,0.0,0.0,0,0,0.0,0.0,,,,,,,,,,,,
279,2026-04-27T09:59:39.987Z,S20260427_105921,N/A,AUTO,,18.4522,0.0728,N/A,0,1500,VIDE,0.0,0.0,0.0,0.0,0.0,0.0,0,0,0.0,0.0,,,,,,,,,,,,
280,2026-04-27T09:59:40.040Z,S20260427_105921,N/A,AUTO,,18.5048,0.0526,N/A,0,1500,VIDE,0.0,0.0,0.0,0.0,0.0,0.0,0,0,0.0,0.0,,,,,,,,,,,,
281,2026-04-27T09:59:40.108Z,S20260427_105921,N/A,AUTO,,18.5724,0.0676,N/A,0,1500,VIDE,0.0,0.0,0.0,0.0,0.0,0.0,0,0,0.0,0.0,,,,,,,,,,,,
282,2026-04-27T09:59:40.165Z,S20260427_105921,N/A,AUTO,,18.6304,0.058,N/A,0,1500,VIDE,0.0,0.0,0.0,0.0,0.0,0.0,0,0,0.0,0.0,,,,,,,,,,,,
283,2026-04-27T09:59:40.229Z,S20260427_105921,N/A,AUTO,,18.6939,0.0636,N/A,0,1500,VIDE,0.0,0.0,0.0,0.0,0.0,0.0,0,0,0.0,0.0,,,,,,,,,,,,
284,2026-04-27T09:59:40.290Z,S20260427_105921,N/A,AUTO,,18.7553,0.0614,N/A,0,1500,VIDE,0.0,0.0,0.0,0.0,0.0,0.0,0,0,0.0,0.0,,,,,,,,,,,,
285,2026-04-27T09:59:40.353Z,S20260427_105921,N/A,AUTO,,18.8181,0.0628,N/A,0,1500,VIDE,0.0,0.0,0.0,0.0,0.0,0.0,0,0,0.0,0.0,,,,,,,,,,,,
286,2026-04-27T09:59:40.415Z,S20260427_105921,N/A,AUTO,,18.8801,0.0621,N/A,0,1500,VIDE,0.0,0.0,0.0,0.0,0.0,0.0,0,0,0.0,0.0,,,,,,,,,,,,
287,2026-04-27T09:59:40.477Z,S20260427_105921,N/A,AUTO,,18.9421,0.0619,N/A,0,1500,VIDE,0.0,0.0,0.0,0.0,0.0,0.0,0,0,0.0,0.0,,,,,,,,,,,,
288,2026-04-27T09:59:40.540Z,S20260427_105921,N/A,AUTO,,19.0054,0.0633,N/A,0,1500,VIDE,0.0,0.0,0.0,0.0,0.0,0.0,0,0,0.0,0.0,,,,,,,,,,,,
289,2026-04-27T09:59:40.607Z,S20260427_105921,N/A,AUTO,,19.0722,0.0668,N/A,0,1500,VIDE,0.0,0.0,0.0,0.0,0.0,0.0,0,0,0.0,0.0,,,,,,,,,,,,
290,2026-04-27T09:59:40.667Z,S20260427_105921,N/A,AUTO,,19.1318,0.0596,N/A,0,1500,VIDE,0.0,0.0,0.0,0.0,0.0,0.0,0,0,0.0,0.0,,,,,,,,,,,,
291,2026-04-27T09:59:40.727Z,S20260427_105921,N/A,AUTO,,19.192,0.0603,N/A,0,1500,VIDE,0.0,0.0,0.0,0.0,0.0,0.0,0,0,0.0,0.0,,,,,,,,,,,,
292,2026-04-27T09:59:40.803Z,S20260427_105921,N/A,AUTO,,19.2682,0.0762,N/A,0,1500,VIDE,0.0,0.0,0.0,0.0,0.0,0.0,0,0,0.0,0.0,,,,,,,,,,,,
293,2026-04-27T09:59:40.865Z,S20260427_105921,N/A,AUTO,,19.3294,0.0612,N/A,0,1500,VIDE,0.0,0.0,0.0,0.0,0.0,0.0,0,0,0.0,0.0,,,,,,,,,,,,
294,2026-04-27T09:59:40.926Z,S20260427_105921,N/A,AUTO,,19.3912,0.0617,N/A,0,1500,VIDE,0.0,0.0,0.0,0.0,0.0,0.0,0,0,0.0,0.0,,,,,,,,,,,,
295,2026-04-27T09:59:40.987Z,S20260427_105921,N/A,AUTO,,19.4524,0.0612,N/A,0,1500,VIDE,0.0,0.0,0.0,0.0,0.0,0.0,0,0,0.0,0.0,,,,,,,,,,,,
296,2026-04-27T09:59:41.047Z,S20260427_105921,N/A,AUTO,,19.5116,0.0593,N/A,0,1500,VIDE,0.0,0.0,0.0,0.0,0.0,0.0,0,0,0.0,0.0,,,,,,,,,,,,
297,2026-04-27T09:59:41.107Z,S20260427_105921,N/A,AUTO,,19.5722,0.0606,N/A,0,1500,VIDE,0.0,0.0,0.0,0.0,0.0,0.0,0,0,0.0,0.0,,,,,,,,,,,,
298,2026-04-27T09:59:41.167Z,S20260427_105921,N/A,AUTO,,19.6323,0.0601,N/A,0,1500,VIDE,0.0,0.0,0.0,0.0,0.0,0.0,0,0,0.0,0.0,,,,,,,,,,,,
299,2026-04-27T09:59:41.239Z,S20260427_105921,N/A,AUTO,,19.7035,0.0711,N/A,0,1500,VIDE,0.0,0.0,0.0,0.0,0.0,0.0,0,0,0.0,0.0,,,,,,,,,,,,
300,2026-04-27T09:59:41.301Z,S20260427_105921,N/A,AUTO,,19.7663,0.0629,N/A,0,1500,VIDE,0.0,0.0,0.0,0.0,0.0,0.0,0,0,0.0,0.0,,,,,,,,,,,,
301,2026-04-27T09:59:41.364Z,S20260427_105921,N/A,AUTO,,19.8293,0.063,N/A,0,1500,VIDE,0.0,0.0,0.0,0.0,0.0,0.0,0,0,0.0,0.0,,,,,,,,,,,,
302,2026-04-27T09:59:41.425Z,S20260427_105921,N/A,AUTO,,19.8903,0.061,N/A,0,1500,VIDE,0.0,0.0,0.0,0.0,0.0,0.0,0,0,0.0,0.0,,,,,,,,,,,,
303,2026-04-27T09:59:41.487Z,S20260427_105921,N/A,AUTO,,19.9518,0.0615,N/A,0,1500,VIDE,0.0,0.0,0.0,0.0,0.0,0.0,0,0,0.0,0.0,,,,,,,,,,,,
304,2026-04-27T09:59:41.548Z,S20260427_105921,N/A,AUTO,,20.013,0.0612,N/A,0,1500,VIDE,0.0,0.0,0.0,0.0,0.0,0.0,0,0,0.0,0.0,,,,,,,,,,,,
305,2026-04-27T09:59:41.607Z,S20260427_105921,N/A,AUTO,,20.0723,0.0593,N/A,0,1500,VIDE,0.0,0.0,0.0,0.0,0.0,0.0,0,0,0.0,0.0,,,,,,,,,,,,
306,2026-04-27T09:59:41.667Z,S20260427_105921,N/A,AUTO,,20.1322,0.0599,N/A,0,1500,VIDE,0.0,0.0,0.0,0.0,0.0,0.0,0,0,0.0,0.0,,,,,,,,,,,,
307,2026-04-27T09:59:41.728Z,S20260427_105921,N/A,AUTO,,20.1925,0.0603,N/A,0,1500,VIDE,0.0,0.0,0.0,0.0,0.0,0.0,0,0,0.0,0.0,,,,,,,,,,,,
308,2026-04-27T09:59:41.796Z,S20260427_105921,N/A,AUTO,,20.2604,0.068,N/A,0,1500,VIDE,0.0,0.0,0.0,0.0,0.0,0.0,0,0,0.0,0.0,,,,,,,,,,,,
309,2026-04-27T09:59:41.858Z,S20260427_105921,N/A,AUTO,,20.3233,0.0629,N/A,0,1500,VIDE,0.0,0.0,0.0,0.0,0.0,0.0,0,0,0.0,0.0,,,,,,,,,,,,
310,2026-04-27T09:59:41.922Z,S20260427_105921,N/A,AUTO,,20.3868,0.0634,N/A,0,1500,VIDE,0.0,0.0,0.0,0.0,0.0,0.0,0,0,0.0,0.0,,,,,,,,,,,,
311,2026-04-27T09:59:41.984Z,S20260427_105921,N/A,AUTO,,20.4487,0.0619,N/A,0,1500,VIDE,0.0,0.0,0.0,0.0,0.0,0.0,0,0,0.0,0.0,,,,,,,,,,,,
312,2026-04-27T09:59:42.046Z,S20260427_105921,N/A,AUTO,,20.5113,0.0626,N/A,0,1500,VIDE,0.0,0.0,0.0,0.0,0.0,0.0,0,0,0.0,0.0,,,,,,,,,,,,
313,2026-04-27T09:59:42.108Z,S20260427_105921,N/A,AUTO,,20.5725,0.0612,N/A,0,1500,VIDE,0.0,0.0,0.0,0.0,0.0,0.0,0,0,0.0,0.0,,,,,,,,,,,,
314,2026-04-27T09:59:42.167Z,S20260427_105921,N/A,AUTO,,20.6324,0.0599,N/A,0,1500,VIDE,0.0,0.0,0.0,0.0,0.0,0.0,0,0,0.0,0.0,,,,,,,,,,,,
315,2026-04-27T09:59:42.228Z,S20260427_105921,N/A,AUTO,,20.6927,0.0603,N/A,0,1500,VIDE,0.0,0.0,0.0,0.0,0.0,0.0,0,0,0.0,0.0,,,,,,,,,,,,
316,2026-04-27T09:59:42.296Z,S20260427_105921,N/A,AUTO,,20.7609,0.0683,N/A,0,1500,VIDE,0.0,0.0,0.0,0.0,0.0,0.0,0,0,0.0,0.0,,,,,,,,,,,,
317,2026-04-27T09:59:42.359Z,S20260427_105921,N/A,AUTO,,20.8243,0.0634,N/A,0,1500,VIDE,0.0,0.0,0.0,0.0,0.0,0.0,0,0,0.0,0.0,,,,,,,,,,,,
318,2026-04-27T09:59:42.422Z,S20260427_105921,N/A,AUTO,,20.8872,0.0629,N/A,0,1500,VIDE,0.0,0.0,0.0,0.0,0.0,0.0,0,0,0.0,0.0,,,,,,,,,,,,
319,2026-04-27T09:59:42.485Z,S20260427_105921,N/A,AUTO,,20.9501,0.0629,N/A,0,1500,VIDE,0.0,0.0,0.0,0.0,0.0,0.0,0,0,0.0,0.0,,,,,,,,,,,,
320,2026-04-27T09:59:42.549Z,S20260427_105921,N/A,AUTO,,21.0137,0.0636,N/A,0,1500,VIDE,0.0,0.0,0.0,0.0,0.0,0.0,0,0,0.0,0.0,,,,,,,,,,,,
321,2026-04-27T09:59:42.607Z,S20260427_105921,N/A,AUTO,,21.0716,0.0579,N/A,0,1500,VIDE,0.0,0.0,0.0,0.0,0.0,0.0,0,0,0.0,0.0,,,,,,,,,,,,
322,2026-04-27T09:59:42.668Z,S20260427_105921,N/A,AUTO,,21.1324,0.0609,N/A,0,1500,VIDE,0.0,0.0,0.0,0.0,0.0,0.0,0,0,0.0,0.0,,,,,,,,,,,,
323,2026-04-27T09:59:42.735Z,S20260427_105921,N/A,AUTO,,21.1995,0.0671,N/A,0,1500,VIDE,0.0,0.0,0.0,0.0,0.0,0.0,0,0,0.0,0.0,,,,,,,,,,,,
324,2026-04-27T09:59:42.797Z,S20260427_105921,N/A,AUTO,,21.2619,0.0624,N/A,0,1500,VIDE,0.0,0.0,0.0,0.0,0.0,0.0,0,0,0.0,0.0,,,,,,,,,,,,
325,2026-04-27T09:59:42.859Z,S20260427_105921,N/A,AUTO,,21.324,0.0621,N/A,0,1500,VIDE,0.0,0.0,0.0,0.0,0.0,0.0,0,0,0.0,0.0,,,,,,,,,,,,
326,2026-04-27T09:59:42.921Z,S20260427_105921,N/A,AUTO,,21.3858,0.0618,N/A,0,1500,VIDE,0.0,0.0,0.0,0.0,0.0,0.0,0,0,0.0,0.0,,,,,,,,,,,,
327,2026-04-27T09:59:42.984Z,S20260427_105921,N/A,AUTO,,21.4484,0.0627,N/A,0,1500,VIDE,0.0,0.0,0.0,0.0,0.0,0.0,0,0,0.0,0.0,,,,,,,,,,,,
328,2026-04-27T09:59:43.046Z,S20260427_105921,N/A,AUTO,,21.5105,0.062,N/A,0,1500,VIDE,0.0,0.0,0.0,0.0,0.0,0.0,0,0,0.0,0.0,,,,,,,,,,,,
329,2026-04-27T09:59:43.107Z,S20260427_105921,N/A,AUTO,,21.5716,0.0612,N/A,0,1500,VIDE,0.0,0.0,0.0,0.0,0.0,0.0,0,0,0.0,0.0,,,,,,,,,,,,
330,2026-04-27T09:59:43.167Z,S20260427_105921,N/A,AUTO,,21.6318,0.0601,N/A,0,1500,VIDE,0.0,0.0,0.0,0.0,0.0,0.0,0,0,0.0,0.0,,,,,,,,,,,,
331,2026-04-27T09:59:43.228Z,S20260427_105921,N/A,AUTO,,21.6925,0.0608,N/A,0,1500,VIDE,0.0,0.0,0.0,0.0,0.0,0.0,0,0,0.0,0.0,,,,,,,,,,,,
332,2026-04-27T09:59:43.294Z,S20260427_105921,N/A,AUTO,,21.7591,0.0666,N/A,0,1500,VIDE,0.0,0.0,0.0,0.0,0.0,0.0,0,0,0.0,0.0,,,,,,,,,,,,
333,2026-04-27T09:59:43.357Z,S20260427_105921,N/A,AUTO,,21.8215,0.0623,N/A,0,1500,VIDE,0.0,0.0,0.0,0.0,0.0,0.0,0,0,0.0,0.0,,,,,,,,,,,,
334,2026-04-27T09:59:43.419Z,S20260427_105921,N/A,AUTO,,21.8843,0.0628,N/A,0,1500,VIDE,0.0,0.0,0.0,0.0,0.0,0.0,0,0,0.0,0.0,,,,,,,,,,,,
335,2026-04-27T09:59:43.481Z,S20260427_105921,N/A,AUTO,,21.9461,0.0618,N/A,0,1500,VIDE,0.0,0.0,0.0,0.0,0.0,0.0,0,0,0.0,0.0,,,,,,,,,,,,
336,2026-04-27T09:59:43.544Z,S20260427_105921,N/A,AUTO,,22.0091,0.063,N/A,0,1500,VIDE,0.0,0.0,0.0,0.0,0.0,0.0,0,0,0.0,0.0,,,,,,,,,,,,
337,2026-04-27T09:59:43.606Z,S20260427_105921,N/A,AUTO,,22.0707,0.0616,N/A,0,1500,VIDE,0.0,0.0,0.0,0.0,0.0,0.0,0,0,0.0,0.0,,,,,,,,,,,,
338,2026-04-27T09:59:43.668Z,S20260427_105921,N/A,AUTO,,22.1325,0.0618,N/A,0,1500,VIDE,0.0,0.0,0.0,0.0,0.0,0.0,0,0,0.0,0.0,,,,,,,,,,,,
339,2026-04-27T09:59:43.727Z,S20260427_105921,N/A,AUTO,,22.1924,0.0599,N/A,0,1500,VIDE,0.0,0.0,0.0,0.0,0.0,0.0,0,0,0.0,0.0,,,,,,,,,,,,
340,2026-04-27T09:59:43.794Z,S20260427_105921,N/A,AUTO,,22.2586,0.0661,N/A,0,1500,VIDE,0.0,0.0,0.0,0.0,0.0,0.0,0,0,0.0,0.0,,,,,,,,,,,,
341,2026-04-27T09:59:43.855Z,S20260427_105921,N/A,AUTO,,22.3198,0.0613,N/A,0,1500,VIDE,0.0,0.0,0.0,0.0,0.0,0.0,0,0,0.0,0.0,,,,,,,,,,,,
342,2026-04-27T09:59:43.917Z,S20260427_105921,N/A,AUTO,,22.3816,0.0618,N/A,0,1500,VIDE,0.0,0.0,0.0,0.0,0.0,0.0,0,0,0.0,0.0,,,,,,,,,,,,
343,2026-04-27T09:59:43.980Z,S20260427_105921,N/A,AUTO,,22.4449,0.0633,N/A,0,1500,VIDE,0.0,0.0,0.0,0.0,0.0,0.0,0,0,0.0,0.0,,,,,,,,,,,,
344,2026-04-27T09:59:44.041Z,S20260427_105921,N/A,AUTO,,22.5063,0.0615,N/A,0,1500,VIDE,0.0,0.0,0.0,0.0,0.0,0.0,0,0,0.0,0.0,,,,,,,,,,,,
345,2026-04-27T09:59:44.103Z,S20260427_105921,N/A,AUTO,,22.5681,0.0618,N/A,0,1500,VIDE,0.0,0.0,0.0,0.0,0.0,0.0,0,0,0.0,0.0,,,,,,,,,,,,
346,2026-04-27T09:59:44.166Z,S20260427_105921,N/A,AUTO,,22.6307,0.0626,N/A,0,1500,VIDE,0.0,0.0,0.0,0.0,0.0,0.0,0,0,0.0,0.0,,,,,,,,,,,,
347,2026-04-27T09:59:44.244Z,S20260427_105921,N/A,AUTO,,22.7087,0.078,N/A,0,1500,VIDE,0.0,0.0,0.0,0.0,0.0,0.0,0,0,0.0,0.0,,,,,,,,,,,,
348,2026-04-27T09:59:44.306Z,S20260427_105921,N/A,AUTO,,22.7706,0.0619,N/A,0,1500,VIDE,0.0,0.0,0.0,0.0,0.0,0.0,0,0,0.0,0.0,,,,,,,,,,,,
349,2026-04-27T09:59:44.370Z,S20260427_105921,N/A,AUTO,,22.8348,0.0642,N/A,0,1500,VIDE,0.0,0.0,0.0,0.0,0.0,0.0,0,0,0.0,0.0,,,,,,,,,,,,
350,2026-04-27T09:59:44.432Z,S20260427_105921,N/A,AUTO,,22.8973,0.0625,N/A,0,1500,VIDE,0.0,0.0,0.0,0.0,0.0,0.0,0,0,0.0,0.0,,,,,,,,,,,,
351,2026-04-27T09:59:44.494Z,S20260427_105921,N/A,AUTO,,22.9586,0.0614,N/A,0,1500,VIDE,0.0,0.0,0.0,0.0,0.0,0.0,0,0,0.0,0.0,,,,,,,,,,,,
352,2026-04-27T09:59:44.557Z,S20260427_105921,N/A,AUTO,,23.0219,0.0633,N/A,0,1500,VIDE,0.0,0.0,0.0,0.0,0.0,0.0,0,0,0.0,0.0,,,,,,,,,,,,
353,2026-04-27T09:59:44.619Z,S20260427_105921,N/A,AUTO,,23.0836,0.0617,N/A,0,1500,VIDE,0.0,0.0,0.0,0.0,0.0,0.0,0,0,0.0,0.0,,,,,,,,,,,,
354,2026-04-27T09:59:44.681Z,S20260427_105921,N/A,AUTO,,23.1462,0.0626,N/A,0,1500,VIDE,0.0,0.0,0.0,0.0,0.0,0.0,0,0,0.0,0.0,,,,,,,,,,,,
355,2026-04-27T09:59:44.744Z,S20260427_105921,N/A,AUTO,,23.2086,0.0624,N/A,0,1500,VIDE,0.0,0.0,0.0,0.0,0.0,0.0,0,0,0.0,0.0,,,,,,,,,,,,
356,2026-04-27T09:59:44.805Z,S20260427_105921,N/A,AUTO,,23.2704,0.0618,N/A,0,1500,VIDE,0.0,0.0,0.0,0.0,0.0,0.0,0,0,0.0,0.0,,,,,,,,,,,,
357,2026-04-27T09:59:44.868Z,S20260427_105921,N/A,AUTO,,23.3325,0.0621,N/A,0,1500,VIDE,0.0,0.0,0.0,0.0,0.0,0.0,0,0,0.0,0.0,,,,,,,,,,,,
358,2026-04-27T09:59:44.930Z,S20260427_105921,N/A,AUTO,,23.3951,0.0626,N/A,0,1500,VIDE,0.0,0.0,0.0,0.0,0.0,0.0,0,0,0.0,0.0,,,,,,,,,,,,
359,2026-04-27T09:59:44.993Z,S20260427_105921,N/A,AUTO,,23.4574,0.0623,N/A,0,1500,VIDE,0.0,0.0,0.0,0.0,0.0,0.0,0,0,0.0,0.0,,,,,,,,,,,,
360,2026-04-27T09:59:45.055Z,S20260427_105921,N/A,AUTO,,23.5204,0.063,N/A,0,1500,VIDE,0.0,0.0,0.0,0.0,0.0,0.0,0,0,0.0,0.0,,,,,,,,,,,,
361,2026-04-27T09:59:45.119Z,S20260427_105921,N/A,AUTO,,23.5838,0.0634,N/A,0,1500,VIDE,0.0,0.0,0.0,0.0,0.0,0.0,0,0,0.0,0.0,,,,,,,,,,,,
362,2026-04-27T09:59:45.187Z,S20260427_105921,N/A,AUTO,,23.6519,0.0681,N/A,0,1500,VIDE,0.0,0.0,0.0,0.0,0.0,0.0,0,0,0.0,0.0,,,,,,,,,,,,
363,2026-04-27T09:59:45.247Z,S20260427_105921,N/A,AUTO,,23.7124,0.0605,N/A,0,1500,VIDE,0.0,0.0,0.0,0.0,0.0,0.0,0,0,0.0,0.0,,,,,,,,,,,,
364,2026-04-27T09:59:45.307Z,S20260427_105921,N/A,AUTO,,23.7717,0.0593,N/A,0,1500,VIDE,0.0,0.0,0.0,0.0,0.0,0.0,0,0,0.0,0.0,,,,,,,,,,,,
365,2026-04-27T09:59:45.382Z,S20260427_105921,N/A,AUTO,,23.8465,0.0748,N/A,0,1500,VIDE,0.0,0.0,0.0,0.0,0.0,0.0,0,0,0.0,0.0,,,,,,,,,,,,
366,2026-04-27T09:59:45.445Z,S20260427_105921,N/A,AUTO,,23.9095,0.063,N/A,0,1500,VIDE,0.0,0.0,0.0,0.0,0.0,0.0,0,0,0.0,0.0,,,,,,,,,,,,
367,2026-04-27T09:59:45.506Z,S20260427_105921,N/A,AUTO,,23.9708,0.0613,N/A,0,1500,VIDE,0.0,0.0,0.0,0.0,0.0,0.0,0,0,0.0,0.0,,,,,,,,,,,,
368,2026-04-27T09:59:45.568Z,S20260427_105921,N/A,AUTO,,24.0325,0.0617,N/A,0,1500,VIDE,0.0,0.0,0.0,0.0,0.0,0.0,0,0,0.0,0.0,,,,,,,,,,,,
369,2026-04-27T09:59:45.628Z,S20260427_105921,N/A,AUTO,,24.0925,0.06,N/A,0,1500,VIDE,0.0,0.0,0.0,0.0,0.0,0.0,0,0,0.0,0.0,,,,,,,,,,,,
370,2026-04-27T09:59:45.682Z,S20260427_105921,N/A,AUTO,,24.1467,0.0542,N/A,0,1500,VIDE,0.0,0.0,0.0,0.0,0.0,0.0,0,0,0.0,0.0,,,,,,,,,,,,
371,2026-04-27T09:59:45.744Z,S20260427_105921,N/A,AUTO,,24.2091,0.0624,N/A,0,1500,VIDE,0.0,0.0,0.0,0.0,0.0,0.0,0,0,0.0,0.0,,,,,,,,,,,,
372,2026-04-27T09:59:45.807Z,S20260427_105921,N/A,AUTO,,24.2721,0.063,N/A,0,1500,VIDE,0.0,0.0,0.0,0.0,0.0,0.0,0,0,0.0,0.0,,,,,,,,,,,,
373,2026-04-27T09:59:45.883Z,S20260427_105921,N/A,AUTO,,24.3476,0.0755,N/A,0,1500,VIDE,0.0,0.0,0.0,0.0,0.0,0.0,0,0,0.0,0.0,,,,,,,,,,,,
374,2026-04-27T09:59:45.944Z,S20260427_105921,N/A,AUTO,,24.4093,0.0617,N/A,0,1500,VIDE,0.0,0.0,0.0,0.0,0.0,0.0,0,0,0.0,0.0,,,,,,,,,,,,
375,2026-04-27T09:59:46.006Z,S20260427_105921,N/A,AUTO,,24.4711,0.0618,N/A,0,1500,VIDE,0.0,0.0,0.0,0.0,0.0,0.0,0,0,0.0,0.0,,,,,,,,,,,,
376,2026-04-27T09:59:46.067Z,S20260427_105921,N/A,AUTO,,24.5322,0.0611,N/A,0,1500,VIDE,0.0,0.0,0.0,0.0,0.0,0.0,0,0,0.0,0.0,,,,,,,,,,,,
377,2026-04-27T09:59:46.127Z,S20260427_105921,N/A,AUTO,,24.5919,0.0597,N/A,0,1500,VIDE,0.0,0.0,0.0,0.0,0.0,0.0,0,0,0.0,0.0,,,,,,,,,,,,
378,2026-04-27T09:59:46.187Z,S20260427_105921,N/A,AUTO,,24.6519,0.0601,N/A,0,1500,VIDE,0.0,0.0,0.0,0.0,0.0,0.0,0,0,0.0,0.0,,,,,,,,,,,,
379,2026-04-27T09:59:46.248Z,S20260427_105921,N/A,AUTO,,24.7125,0.0606,N/A,0,1500,VIDE,0.0,0.0,0.0,0.0,0.0,0.0,0,0,0.0,0.0,,,,,,,,,,,,
380,2026-04-27T09:59:46.307Z,S20260427_105921,N/A,AUTO,,24.7715,0.0589,N/A,0,1500,VIDE,0.0,0.0,0.0,0.0,0.0,0.0,0,0,0.0,0.0,,,,,,,,,,,,
381,2026-04-27T09:59:46.379Z,S20260427_105921,N/A,AUTO,,24.8442,0.0727,N/A,0,1500,VIDE,0.0,0.0,0.0,0.0,0.0,0.0,0,0,0.0,0.0,,,,,,,,,,,,
382,2026-04-27T09:59:46.442Z,S20260427_105921,N/A,AUTO,,24.9068,0.0626,N/A,0,1500,VIDE,0.0,0.0,0.0,0.0,0.0,0.0,0,0,0.0,0.0,,,,,,,,,,,,
383,2026-04-27T09:59:46.505Z,S20260427_105921,N/A,AUTO,,24.9695,0.0627,N/A,0,1500,VIDE,0.0,0.0,0.0,0.0,0.0,0.0,0,0,0.0,0.0,,,,,,,,,,,,
384,2026-04-27T09:59:46.568Z,S20260427_105921,N/A,AUTO,,25.0332,0.0637,N/A,0,1500,VIDE,0.0,0.0,0.0,0.0,0.0,0.0,0,0,0.0,0.0,,,,,,,,,,,,
385,2026-04-27T09:59:46.627Z,S20260427_105921,N/A,AUTO,,25.0922,0.059,N/A,0,1500,VIDE,0.0,0.0,0.0,0.0,0.0,0.0,0,0,0.0,0.0,,,,,,,,,,,,
386,2026-04-27T09:59:46.687Z,S20260427_105921,N/A,AUTO,,25.1516,0.0594,N/A,0,1500,VIDE,0.0,0.0,0.0,0.0,0.0,0.0,0,0,0.0,0.0,,,,,,,,,,,,
387,2026-04-27T09:59:46.747Z,S20260427_105921,N/A,AUTO,,25.2123,0.0607,N/A,0,1500,VIDE,0.0,0.0,0.0,0.0,0.0,0.0,0,0,0.0,0.0,,,,,,,,,,,,
388,2026-04-27T09:59:46.807Z,S20260427_105921,N/A,AUTO,,25.2716,0.0594,N/A,0,1500,VIDE,0.0,0.0,0.0,0.0,0.0,0.0,0,0,0.0,0.0,,,,,,,,,,,,
389,2026-04-27T09:59:46.880Z,S20260427_105921,N/A,AUTO,,25.3448,0.0732,N/A,0,1500,VIDE,0.0,0.0,0.0,0.0,0.0,0.0,0,0,0.0,0.0,,,,,,,,,,,,
390,2026-04-27T09:59:46.943Z,S20260427_105921,N/A,AUTO,,25.4079,0.0631,N/A,0,1500,VIDE,0.0,0.0,0.0,0.0,0.0,0.0,0,0,0.0,0.0,,,,,,,,,,,,
391,2026-04-27T09:59:47.005Z,S20260427_105921,N/A,AUTO,,25.4703,0.0624,N/A,0,1500,VIDE,0.0,0.0,0.0,0.0,0.0,0.0,0,0,0.0,0.0,,,,,,,,,,,,
392,2026-04-27T09:59:47.067Z,S20260427_105921,N/A,AUTO,,25.5323,0.062,N/A,0,1500,VIDE,0.0,0.0,0.0,0.0,0.0,0.0,0,0,0.0,0.0,,,,,,,,,,,,
393,2026-04-27T09:59:47.127Z,S20260427_105921,N/A,AUTO,,25.5915,0.0592,N/A,0,1500,VIDE,0.0,0.0,0.0,0.0,0.0,0.0,0,0,0.0,0.0,,,,,,,,,,,,
394,2026-04-27T09:59:47.187Z,S20260427_105921,N/A,AUTO,,25.6523,0.0607,N/A,0,1500,VIDE,0.0,0.0,0.0,0.0,0.0,0.0,0,0,0.0,0.0,,,,,,,,,,,,
395,2026-04-27T09:59:47.247Z,S20260427_105921,N/A,AUTO,,25.7116,0.0594,N/A,0,1500,VIDE,0.0,0.0,0.0,0.0,0.0,0.0,0,0,0.0,0.0,,,,,,,,,,,,
396,2026-04-27T09:59:47.308Z,S20260427_105921,N/A,AUTO,,25.7724,0.0608,N/A,0,1500,VIDE,0.0,0.0,0.0,0.0,0.0,0.0,0,0,0.0,0.0,,,,,,,,,,,,
397,2026-04-27T09:59:47.380Z,S20260427_105921,N/A,AUTO,,25.8454,0.0729,N/A,0,1500,VIDE,0.0,0.0,0.0,0.0,0.0,0.0,0,0,0.0,0.0,,,,,,,,,,,,
398,2026-04-27T09:59:47.442Z,S20260427_105921,N/A,AUTO,,25.9069,0.0615,N/A,0,1500,VIDE,0.0,0.0,0.0,0.0,0.0,0.0,0,0,0.0,0.0,,,,,,,,,,,,
399,2026-04-27T09:59:47.504Z,S20260427_105921,N/A,AUTO,,25.9685,0.0616,N/A,0,1500,VIDE,0.0,0.0,0.0,0.0,0.0,0.0,0,0,0.0,0.0,,,,,,,,,,,,
400,2026-04-27T09:59:47.568Z,S20260427_105921,N/A,AUTO,,26.0329,0.0644,N/A,0,1500,VIDE,0.0,0.0,0.0,0.0,0.0,0.0,0,0,0.0,0.0,,,,,,,,,,,,
401,2026-04-27T09:59:47.627Z,S20260427_105921,N/A,AUTO,,26.0916,0.0587,N/A,0,1500,VIDE,0.0,0.0,0.0,0.0,0.0,0.0,0,0,0.0,0.0,,,,,,,,,,,,
402,2026-04-27T09:59:47.687Z,S20260427_105921,N/A,AUTO,,26.1519,0.0603,N/A,0,1500,VIDE,0.0,0.0,0.0,0.0,0.0,0.0,0,0,0.0,0.0,,,,,,,,,,,,
403,2026-04-27T09:59:47.747Z,S20260427_105921,N/A,AUTO,,26.2123,0.0604,N/A,0,1500,VIDE,0.0,0.0,0.0,0.0,0.0,0.0,0,0,0.0,0.0,,,,,,,,,,,,
404,2026-04-27T09:59:47.807Z,S20260427_105921,N/A,AUTO,,26.2718,0.0594,N/A,0,1500,VIDE,0.0,0.0,0.0,0.0,0.0,0.0,0,0,0.0,0.0,,,,,,,,,,,,
405,2026-04-27T09:59:47.868Z,S20260427_105921,N/A,AUTO,,26.3329,0.0612,N/A,0,1500,VIDE,0.0,0.0,0.0,0.0,0.0,0.0,0,0,0.0,0.0,,,,,,,,,,,,
406,2026-04-27T09:59:47.931Z,S20260427_105921,N/A,AUTO,,26.3962,0.0632,N/A,0,1500,VIDE,0.0,0.0,0.0,0.0,0.0,0.0,0,0,0.0,0.0,,,,,,,,,,,,
407,2026-04-27T09:59:48.006Z,S20260427_105921,N/A,AUTO,,26.4705,0.0744,N/A,0,1500,VIDE,0.0,0.0,0.0,0.0,0.0,0.0,0,0,0.0,0.0,,,,,,,,,,,,
408,2026-04-27T09:59:48.067Z,S20260427_105921,N/A,AUTO,,26.5316,0.0611,N/A,0,1500,VIDE,0.0,0.0,0.0,0.0,0.0,0.0,0,0,0.0,0.0,,,,,,,,,,,,
409,2026-04-27T09:59:48.127Z,S20260427_105921,N/A,AUTO,,26.5917,0.06,N/A,0,1500,VIDE,0.0,0.0,0.0,0.0,0.0,0.0,0,0,0.0,0.0,,,,,,,,,,,,
410,2026-04-27T09:59:48.188Z,S20260427_105921,N/A,AUTO,,26.6525,0.0608,N/A,0,1500,VIDE,0.0,0.0,0.0,0.0,0.0,0.0,0,0,0.0,0.0,,,,,,,,,,,,
411,2026-04-27T09:59:48.248Z,S20260427_105921,N/A,AUTO,,26.7131,0.0606,N/A,0,1500,VIDE,0.0,0.0,0.0,0.0,0.0,0.0,0,0,0.0,0.0,,,,,,,,,,,,
412,2026-04-27T09:59:48.307Z,S20260427_105921,N/A,AUTO,,26.7719,0.0588,N/A,0,1500,VIDE,0.0,0.0,0.0,0.0,0.0,0.0,0,0,0.0,0.0,,,,,,,,,,,,
413,2026-04-27T09:59:48.381Z,S20260427_105921,N/A,AUTO,,26.846,0.0741,N/A,0,1500,VIDE,0.0,0.0,0.0,0.0,0.0,0.0,0,0,0.0,0.0,,,,,,,,,,,,
414,2026-04-27T09:59:48.443Z,S20260427_105921,N/A,AUTO,,26.9075,0.0615,N/A,0,1500,VIDE,0.0,0.0,0.0,0.0,0.0,0.0,0,0,0.0,0.0,,,,,,,,,,,,
415,2026-04-27T09:59:48.506Z,S20260427_105921,N/A,AUTO,,26.9708,0.0633,N/A,0,1500,VIDE,0.0,0.0,0.0,0.0,0.0,0.0,0,0,0.0,0.0,,,,,,,,,,,,
416,2026-04-27T09:59:48.568Z,S20260427_105921,N/A,AUTO,,27.0329,0.0622,N/A,0,1500,VIDE,0.0,0.0,0.0,0.0,0.0,0.0,0,0,0.0,0.0,,,,,,,,,,,,
417,2026-04-27T09:59:48.627Z,S20260427_105921,N/A,AUTO,,27.0923,0.0594,N/A,0,1500,VIDE,0.0,0.0,0.0,0.0,0.0,0.0,0,0,0.0,0.0,,,,,,,,,,,,
418,2026-04-27T09:59:48.687Z,S20260427_105921,N/A,AUTO,,27.1516,0.0593,N/A,0,1500,VIDE,0.0,0.0,0.0,0.0,0.0,0.0,0,0,0.0,0.0,,,,,,,,,,,,
419,2026-04-27T09:59:48.747Z,S20260427_105921,N/A,AUTO,,27.2116,0.06,N/A,0,1500,VIDE,0.0,0.0,0.0,0.0,0.0,0.0,0,0,0.0,0.0,,,,,,,,,,,,
420,2026-04-27T09:59:48.807Z,S20260427_105921,N/A,AUTO,,27.2723,0.0607,N/A,0,1500,VIDE,0.0,0.0,0.0,0.0,0.0,0.0,0,0,0.0,0.0,,,,,,,,,,,,
421,2026-04-27T09:59:48.868Z,S20260427_105921,N/A,AUTO,,27.3324,0.0601,N/A,0,1500,VIDE,0.0,0.0,0.0,0.0,0.0,0.0,0,0,0.0,0.0,,,,,,,,,,,,
422,2026-04-27T09:59:48.940Z,S20260427_105921,N/A,AUTO,,27.4048,0.0723,N/A,0,1500,VIDE,0.0,0.0,0.0,0.0,0.0,0.0,0,0,0.0,0.0,,,,,,,,,,,,
423,2026-04-27T09:59:49.003Z,S20260427_105921,N/A,AUTO,,27.4681,0.0633,N/A,0,1500,VIDE,0.0,0.0,0.0,0.0,0.0,0.0,0,0,0.0,0.0,,,,,,,,,,,,
424,2026-04-27T09:59:49.065Z,S20260427_105921,N/A,AUTO,,27.5296,0.0615,N/A,0,1500,VIDE,0.0,0.0,0.0,0.0,0.0,0.0,0,0,0.0,0.0,,,,,,,,,,,,
425,2026-04-27T09:59:49.126Z,S20260427_105921,N/A,AUTO,,27.5913,0.0617,N/A,0,1500,VIDE,0.0,0.0,0.0,0.0,0.0,0.0,0,0,0.0,0.0,,,,,,,,,,,,
426,2026-04-27T09:59:49.187Z,S20260427_105921,N/A,AUTO,,27.6524,0.061,N/A,0,1500,VIDE,0.0,0.0,0.0,0.0,0.0,0.0,0,0,0.0,0.0,,,,,,,,,,,,
427,2026-04-27T09:59:49.247Z,S20260427_105921,N/A,AUTO,,27.7118,0.0594,N/A,0,1500,VIDE,0.0,0.0,0.0,0.0,0.0,0.0,0,0,0.0,0.0,,,,,,,,,,,,
428,2026-04-27T09:59:49.308Z,S20260427_105921,N/A,AUTO,,27.7725,0.0607,N/A,0,1500,VIDE,0.0,0.0,0.0,0.0,0.0,0.0,0,0,0.0,0.0,,,,,,,,,,,,
429,2026-04-27T09:59:49.375Z,S20260427_105921,N/A,AUTO,,27.8398,0.0673,N/A,0,1500,VIDE,0.0,0.0,0.0,0.0,0.0,0.0,0,0,0.0,0.0,,,,,,,,,,,,
430,2026-04-27T09:59:49.437Z,S20260427_105921,N/A,AUTO,,27.9018,0.062,N/A,0,1500,VIDE,0.0,0.0,0.0,0.0,0.0,0.0,0,0,0.0,0.0,,,,,,,,,,,,
431,2026-04-27T09:59:49.500Z,S20260427_105921,N/A,AUTO,,27.9645,0.0628,N/A,0,1500,VIDE,0.0,0.0,0.0,0.0,0.0,0.0,0,0,0.0,0.0,,,,,,,,,,,,
432,2026-04-27T09:59:49.563Z,S20260427_105921,N/A,AUTO,,28.0277,0.0632,N/A,0,1500,VIDE,0.0,0.0,0.0,0.0,0.0,0.0,0,0,0.0,0.0,,,,,,,,,,,,
433,2026-04-27T09:59:49.625Z,S20260427_105921,N/A,AUTO,,28.0902,0.0624,N/A,0,1500,VIDE,0.0,0.0,0.0,0.0,0.0,0.0,0,0,0.0,0.0,,,,,,,,,,,,
434,2026-04-27T09:59:49.686Z,S20260427_105921,N/A,AUTO,,28.1513,0.0611,N/A,0,1500,VIDE,0.0,0.0,0.0,0.0,0.0,0.0,0,0,0.0,0.0,,,,,,,,,,,,
435,2026-04-27T09:59:49.747Z,S20260427_105921,N/A,AUTO,,28.2117,0.0605,N/A,0,1500,VIDE,0.0,0.0,0.0,0.0,0.0,0.0,0,0,0.0,0.0,,,,,,,,,,,,
436,2026-04-27T09:59:49.807Z,S20260427_105921,N/A,AUTO,,28.2718,0.06,N/A,0,1500,VIDE,0.0,0.0,0.0,0.0,0.0,0.0,0,0,0.0,0.0,,,,,,,,,,,,
437,2026-04-27T09:59:49.874Z,S20260427_105921,N/A,AUTO,,28.3384,0.0667,N/A,0,1500,VIDE,0.0,0.0,0.0,0.0,0.0,0.0,0,0,0.0,0.0,,,,,,,,,,,,
438,2026-04-27T09:59:49.936Z,S20260427_105921,N/A,AUTO,,28.4007,0.0622,N/A,0,1500,VIDE,0.0,0.0,0.0,0.0,0.0,0.0,0,0,0.0,0.0,,,,,,,,,,,,
439,2026-04-27T09:59:50.000Z,S20260427_105921,N/A,AUTO,,28.4645,0.0639,N/A,0,1500,VIDE,0.0,0.0,0.0,0.0,0.0,0.0,0,0,0.0,0.0,,,,,,,,,,,,
440,2026-04-27T09:59:50.061Z,S20260427_105921,N/A,AUTO,,28.5256,0.0611,N/A,0,1500,VIDE,0.0,0.0,0.0,0.0,0.0,0.0,0,0,0.0,0.0,,,,,,,,,,,,
441,2026-04-27T09:59:50.123Z,S20260427_105921,N/A,AUTO,,28.5882,0.0625,N/A,0,1500,VIDE,0.0,0.0,0.0,0.0,0.0,0.0,0,0,0.0,0.0,,,,,,,,,,,,
442,2026-04-27T09:59:50.185Z,S20260427_105921,N/A,AUTO,,28.6502,0.062,N/A,0,1500,VIDE,0.0,0.0,0.0,0.0,0.0,0.0,0,0,0.0,0.0,,,,,,,,,,,,
443,2026-04-27T09:59:50.248Z,S20260427_105921,N/A,AUTO,,28.7127,0.0626,N/A,0,1500,VIDE,0.0,0.0,0.0,0.0,0.0,0.0,0,0,0.0,0.0,,,,,,,,,,,,
444,2026-04-27T09:59:50.307Z,S20260427_105921,N/A,AUTO,,28.7719,0.0592,N/A,0,1500,VIDE,0.0,0.0,0.0,0.0,0.0,0.0,0,0,0.0,0.0,,,,,,,,,,,,
445,2026-04-27T09:59:50.372Z,S20260427_105921,N/A,AUTO,,28.8369,0.065,N/A,0,1500,VIDE,0.0,0.0,0.0,0.0,0.0,0.0,0,0,0.0,0.0,,,,,,,,,,,,
446,2026-04-27T09:59:50.435Z,S20260427_105921,N/A,AUTO,,28.8996,0.0627,N/A,0,1500,VIDE,0.0,0.0,0.0,0.0,0.0,0.0,0,0,0.0,0.0,,,,,,,,,,,,
447,2026-04-27T09:59:50.498Z,S20260427_105921,N/A,AUTO,,28.9629,0.0633,N/A,0,1500,VIDE,0.0,0.0,0.0,0.0,0.0,0.0,0,0,0.0,0.0,,,,,,,,,,,,
448,2026-04-27T09:59:50.560Z,S20260427_105921,N/A,AUTO,,29.025,0.0621,N/A,0,1500,VIDE,0.0,0.0,0.0,0.0,0.0,0.0,0,0,0.0,0.0,,,,,,,,,,,,
449,2026-04-27T09:59:50.622Z,S20260427_105921,N/A,AUTO,,29.0873,0.0623,N/A,0,1500,VIDE,0.0,0.0,0.0,0.0,0.0,0.0,0,0,0.0,0.0,,,,,,,,,,,,
450,2026-04-27T09:59:50.685Z,S20260427_105921,N/A,AUTO,,29.1496,0.0622,N/A,0,1500,VIDE,0.0,0.0,0.0,0.0,0.0,0.0,0,0,0.0,0.0,,,,,,,,,,,,
451,2026-04-27T09:59:50.747Z,S20260427_105921,N/A,AUTO,,29.2116,0.0621,N/A,0,1500,VIDE,0.0,0.0,0.0,0.0,0.0,0.0,0,0,0.0,0.0,,,,,,,,,,,,
452,2026-04-27T09:59:50.808Z,S20260427_105921,N/A,AUTO,,29.2728,0.0612,N/A,0,1500,VIDE,0.0,0.0,0.0,0.0,0.0,0.0,0,0,0.0,0.0,,,,,,,,,,,,
453,2026-04-27T09:59:50.871Z,S20260427_105921,N/A,AUTO,,29.336,0.0631,N/A,0,1500,VIDE,0.0,0.0,0.0,0.0,0.0,0.0,0,0,0.0,0.0,,,,,,,,,,,,
454,2026-04-27T09:59:50.935Z,S20260427_105921,N/A,AUTO,,29.4,0.0641,N/A,0,1500,VIDE,0.0,0.0,0.0,0.0,0.0,0.0,0,0,0.0,0.0,,,,,,,,,,,,
455,2026-04-27T09:59:50.998Z,S20260427_105921,N/A,AUTO,,29.4625,0.0624,N/A,0,1500,VIDE,0.0,0.0,0.0,0.0,0.0,0.0,0,0,0.0,0.0,,,,,,,,,,,,
456,2026-04-27T09:59:51.060Z,S20260427_105921,N/A,AUTO,,29.5252,0.0628,N/A,0,1500,VIDE,0.0,0.0,0.0,0.0,0.0,0.0,0,0,0.0,0.0,,,,,,,,,,,,
457,2026-04-27T09:59:51.123Z,S20260427_105921,N/A,AUTO,,29.5882,0.063,N/A,0,1500,VIDE,0.0,0.0,0.0,0.0,0.0,0.0,0,0,0.0,0.0,,,,,,,,,,,,
458,2026-04-27T09:59:51.186Z,S20260427_105921,N/A,AUTO,,29.6509,0.0627,N/A,0,1500,VIDE,0.0,0.0,0.0,0.0,0.0,0.0,0,0,0.0,0.0,,,,,,,,,,,,
459,2026-04-27T09:59:51.247Z,S20260427_105921,N/A,AUTO,,29.712,0.0611,N/A,0,1500,VIDE,0.0,0.0,0.0,0.0,0.0,0.0,0,0,0.0,0.0,,,,,,,,,,,,
460,2026-04-27T09:59:51.307Z,S20260427_105921,N/A,AUTO,,29.7715,0.0595,N/A,0,1500,VIDE,0.0,0.0,0.0,0.0,0.0,0.0,0,0,0.0,0.0,,,,,,,,,,,,
461,2026-04-27T09:59:51.371Z,S20260427_105921,N/A,AUTO,,29.8359,0.0644,N/A,0,1500,VIDE,0.0,0.0,0.0,0.0,0.0,0.0,0,0,0.0,0.0,,,,,,,,,,,,
462,2026-04-27T09:59:51.433Z,S20260427_105921,N/A,AUTO,,29.8977,0.0618,N/A,0,1500,VIDE,0.0,0.0,0.0,0.0,0.0,0.0,0,0,0.0,0.0,,,,,,,,,,,,
463,2026-04-27T09:59:51.495Z,S20260427_105921,N/A,AUTO,,29.9595,0.0618,N/A,0,1500,VIDE,0.0,0.0,0.0,0.0,0.0,0.0,0,0,0.0,0.0,,,,,,,,,,,,
464,2026-04-27T09:59:51.558Z,S20260427_105921,N/A,AUTO,,30.0224,0.0629,N/A,0,1500,VIDE,0.0,0.0,0.0,0.0,0.0,0.0,0,0,0.0,0.0,,,,,,,,,,,,
465,2026-04-27T09:59:51.619Z,S20260427_105921,N/A,AUTO,,30.0837,0.0613,N/A,0,1500,VIDE,0.0,0.0,0.0,0.0,0.0,0.0,0,0,0.0,0.0,,,,,,,,,,,,
466,2026-04-27T09:59:51.681Z,S20260427_105921,N/A,AUTO,,30.1457,0.0621,N/A,0,1500,VIDE,0.0,0.0,0.0,0.0,0.0,0.0,0,0,0.0,0.0,,,,,,,,,,,,
467,2026-04-27T09:59:51.744Z,S20260427_105921,N/A,AUTO,,30.2089,0.0632,N/A,0,1500,VIDE,0.0,0.0,0.0,0.0,0.0,0.0,0,0,0.0,0.0,,,,,,,,,,,,
468,2026-04-27T09:59:51.806Z,S20260427_105921,N/A,AUTO,,30.2704,0.0615,N/A,0,1500,VIDE,0.0,0.0,0.0,0.0,0.0,0.0,0,0,0.0,0.0,,,,,,,,,,,,
469,2026-04-27T09:59:51.884Z,S20260427_105921,N/A,AUTO,,30.3484,0.078,N/A,0,1500,VIDE,0.0,0.0,0.0,0.0,0.0,0.0,0,0,0.0,0.0,,,,,,,,,,,,
470,2026-04-27T09:59:51.946Z,S20260427_105921,N/A,AUTO,,30.4107,0.0623,N/A,0,1500,VIDE,0.0,0.0,0.0,0.0,0.0,0.0,0,0,0.0,0.0,,,,,,,,,,,,
471,2026-04-27T09:59:52.025Z,S20260427_105921,N/A,AUTO,,30.4895,0.0788,N/A,0,1500,VIDE,0.0,0.0,0.0,0.0,0.0,0.0,0,0,0.0,0.0,,,,,,,,,,,,
472,2026-04-27T09:59:52.087Z,S20260427_105921,N/A,AUTO,,30.5518,0.0623,N/A,0,1500,VIDE,0.0,0.0,0.0,0.0,0.0,0.0,0,0,0.0,0.0,,,,,,,,,,,,
473,2026-04-27T09:59:52.163Z,S20260427_105921,N/A,AUTO,,30.6279,0.0761,N/A,0,1500,VIDE,0.0,0.0,0.0,0.0,0.0,0.0,0,0,0.0,0.0,,,,,,,,,,,,
474,2026-04-27T09:59:52.225Z,S20260427_105921,N/A,AUTO,,30.6896,0.0617,N/A,0,1500,VIDE,0.0,0.0,0.0,0.0,0.0,0.0,0,0,0.0,0.0,,,,,,,,,,,,
475,2026-04-27T09:59:52.288Z,S20260427_105921,N/A,AUTO,,30.7525,0.0629,N/A,0,1500,VIDE,0.0,0.0,0.0,0.0,0.0,0.0,0,0,0.0,0.0,,,,,,,,,,,,
476,2026-04-27T09:59:52.348Z,S20260427_105921,N/A,AUTO,,30.8125,0.0601,N/A,0,1500,VIDE,0.0,0.0,0.0,0.0,0.0,0.0,0,0,0.0,0.0,,,,,,,,,,,,
477,2026-04-27T09:59:52.407Z,S20260427_105921,N/A,AUTO,,30.8722,0.0597,N/A,0,1500,VIDE,0.0,0.0,0.0,0.0,0.0,0.0,0,0,0.0,0.0,,,,,,,,,,,,
478,2026-04-27T09:59:52.468Z,S20260427_105921,N/A,AUTO,,30.9325,0.0603,N/A,0,1500,VIDE,0.0,0.0,0.0,0.0,0.0,0.0,0,0,0.0,0.0,,,,,,,,,,,,
479,2026-04-27T09:59:52.527Z,S20260427_105921,N/A,AUTO,,30.9915,0.059,N/A,0,1500,VIDE,0.0,0.0,0.0,0.0,0.0,0.0,0,0,0.0,0.0,,,,,,,,,,,,
480,2026-04-27T09:59:52.587Z,S20260427_105921,N/A,AUTO,,31.0518,0.0603,N/A,0,1500,VIDE,0.0,0.0,0.0,0.0,0.0,0.0,0,0,0.0,0.0,,,,,,,,,,,,
481,2026-04-27T09:59:52.662Z,S20260427_105921,N/A,AUTO,,31.1271,0.0753,N/A,0,1500,VIDE,0.0,0.0,0.0,0.0,0.0,0.0,0,0,0.0,0.0,,,,,,,,,,,,
482,2026-04-27T09:59:52.724Z,S20260427_105921,N/A,AUTO,,31.1893,0.0622,N/A,0,1500,VIDE,0.0,0.0,0.0,0.0,0.0,0.0,0,0,0.0,0.0,,,,,,,,,,,,
483,2026-04-27T09:59:52.787Z,S20260427_105921,N/A,AUTO,,31.2515,0.0622,N/A,0,1500,VIDE,0.0,0.0,0.0,0.0,0.0,0.0,0,0,0.0,0.0,,,,,,,,,,,,
484,2026-04-27T09:59:52.847Z,S20260427_105921,N/A,AUTO,,31.3115,0.0601,N/A,0,1500,VIDE,0.0,0.0,0.0,0.0,0.0,0.0,0,0,0.0,0.0,,,,,,,,,,,,
485,2026-04-27T09:59:52.908Z,S20260427_105921,N/A,AUTO,,31.3724,0.0609,N/A,0,1500,VIDE,0.0,0.0,0.0,0.0,0.0,0.0,0,0,0.0,0.0,,,,,,,,,,,,
486,2026-04-27T09:59:52.967Z,S20260427_105921,N/A,AUTO,,31.4317,0.0593,N/A,0,1500,VIDE,0.0,0.0,0.0,0.0,0.0,0.0,0,0,0.0,0.0,,,,,,,,,,,,
487,2026-04-27T09:59:53.027Z,S20260427_105921,N/A,AUTO,,31.4916,0.0599,N/A,0,1500,VIDE,0.0,0.0,0.0,0.0,0.0,0.0,0,0,0.0,0.0,,,,,,,,,,,,
488,2026-04-27T09:59:53.087Z,S20260427_105921,N/A,AUTO,,31.5516,0.06,N/A,0,1500,VIDE,0.0,0.0,0.0,0.0,0.0,0.0,0,0,0.0,0.0,,,,,,,,,,,,
489,2026-04-27T09:59:53.158Z,S20260427_105921,N/A,AUTO,,31.6233,0.0717,N/A,0,1500,VIDE,0.0,0.0,0.0,0.0,0.0,0.0,0,0,0.0,0.0,,,,,,,,,,,,
490,2026-04-27T09:59:53.220Z,S20260427_105921,N/A,AUTO,,31.6854,0.0621,N/A,0,1500,VIDE,0.0,0.0,0.0,0.0,0.0,0.0,0,0,0.0,0.0,,,,,,,,,,,,
491,2026-04-27T09:59:53.283Z,S20260427_105921,N/A,AUTO,,31.7483,0.063,N/A,0,1500,VIDE,0.0,0.0,0.0,0.0,0.0,0.0,0,0,0.0,0.0,,,,,,,,,,,,
492,2026-04-27T09:59:53.347Z,S20260427_105921,N/A,AUTO,,31.8123,0.064,N/A,0,1500,VIDE,0.0,0.0,0.0,0.0,0.0,0.0,0,0,0.0,0.0,,,,,,,,,,,,
493,2026-04-27T09:59:53.407Z,S20260427_105921,N/A,AUTO,,31.872,0.0596,N/A,0,1500,VIDE,0.0,0.0,0.0,0.0,0.0,0.0,0,0,0.0,0.0,,,,,,,,,,,,
494,2026-04-27T09:59:53.467Z,S20260427_105921,N/A,AUTO,,31.9319,0.0599,N/A,0,1500,VIDE,0.0,0.0,0.0,0.0,0.0,0.0,0,0,0.0,0.0,,,,,,,,,,,,
495,2026-04-27T09:59:53.527Z,S20260427_105921,N/A,AUTO,,31.9918,0.0599,N/A,0,1500,VIDE,0.0,0.0,0.0,0.0,0.0,0.0,0,0,0.0,0.0,,,,,,,,,,,,
496,2026-04-27T09:59:53.587Z,S20260427_105921,N/A,AUTO,,32.0516,0.0598,N/A,0,1500,VIDE,0.0,0.0,0.0,0.0,0.0,0.0,0,0,0.0,0.0,,,,,,,,,,,,
497,2026-04-27T09:59:53.662Z,S20260427_105921,N/A,AUTO,,32.1267,0.0751,N/A,0,1500,VIDE,0.0,0.0,0.0,0.0,0.0,0.0,0,0,0.0,0.0,,,,,,,,,,,,
498,2026-04-27T09:59:53.725Z,S20260427_105921,N/A,AUTO,,32.1897,0.0629,N/A,0,1500,VIDE,0.0,0.0,0.0,0.0,0.0,0.0,0,0,0.0,0.0,,,,,,,,,,,,
499,2026-04-27T09:59:53.775Z,S20260427_105921,N/A,AUTO,,32.24,0.0503,N/A,0,1500,VIDE,0.0,0.0,0.0,0.0,0.0,0.0,0,0,0.0,0.0,,,,,,,,,,,,
500,2026-04-27T09:59:53.848Z,S20260427_105921,N/A,AUTO,,32.3125,0.0726,N/A,0,1500,VIDE,0.0,0.0,0.0,0.0,0.0,0.0,0,0,0.0,0.0,,,,,,,,,,,,
501,2026-04-27T09:59:53.907Z,S20260427_105921,N/A,AUTO,,32.3716,0.059,N/A,0,1500,VIDE,0.0,0.0,0.0,0.0,0.0,0.0,0,0,0.0,0.0,,,,,,,,,,,,
502,2026-04-27T09:59:53.967Z,S20260427_105921,N/A,AUTO,,32.4319,0.0603,N/A,0,1500,VIDE,0.0,0.0,0.0,0.0,0.0,0.0,0,0,0.0,0.0,,,,,,,,,,,,
503,2026-04-27T09:59:54.028Z,S20260427_105921,N/A,AUTO,,32.4928,0.0609,N/A,0,1500,VIDE,0.0,0.0,0.0,0.0,0.0,0.0,0,0,0.0,0.0,,,,,,,,,,,,
504,2026-04-27T09:59:54.087Z,S20260427_105921,N/A,AUTO,,32.5517,0.0589,N/A,0,1500,VIDE,0.0,0.0,0.0,0.0,0.0,0.0,0,0,0.0,0.0,,,,,,,,,,,,
505,2026-04-27T09:59:54.158Z,S20260427_105921,N/A,AUTO,,32.6231,0.0714,N/A,0,1500,VIDE,0.0,0.0,0.0,0.0,0.0,0.0,0,0,0.0,0.0,,,,,,,,,,,,
506,2026-04-27T09:59:54.221Z,S20260427_105921,N/A,AUTO,,32.6855,0.0624,N/A,0,1500,VIDE,0.0,0.0,0.0,0.0,0.0,0.0,0,0,0.0,0.0,,,,,,,,,,,,
507,2026-04-27T09:59:54.283Z,S20260427_105921,N/A,AUTO,,32.7475,0.062,N/A,0,1500,VIDE,0.0,0.0,0.0,0.0,0.0,0.0,0,0,0.0,0.0,,,,,,,,,,,,
508,2026-04-27T09:59:54.345Z,S20260427_105921,N/A,AUTO,,32.8095,0.062,N/A,0,1500,VIDE,0.0,0.0,0.0,0.0,0.0,0.0,0,0,0.0,0.0,,,,,,,,,,,,
509,2026-04-27T09:59:54.408Z,S20260427_105921,N/A,AUTO,,32.8725,0.063,N/A,0,1500,VIDE,0.0,0.0,0.0,0.0,0.0,0.0,0,0,0.0,0.0,,,,,,,,,,,,
510,2026-04-27T09:59:54.467Z,S20260427_105921,N/A,AUTO,,32.9318,0.0593,N/A,0,1500,VIDE,0.0,0.0,0.0,0.0,0.0,0.0,0,0,0.0,0.0,,,,,,,,,,,,
511,2026-04-27T09:59:54.527Z,S20260427_105921,N/A,AUTO,,32.9915,0.0598,N/A,0,1500,VIDE,0.0,0.0,0.0,0.0,0.0,0.0,0,0,0.0,0.0,,,,,,,,,,,,
512,2026-04-27T09:59:54.587Z,S20260427_105921,N/A,AUTO,,33.0521,0.0606,N/A,0,1500,VIDE,0.0,0.0,0.0,0.0,0.0,0.0,0,0,0.0,0.0,,,,,,,,,,,,
513,2026-04-27T09:59:54.657Z,S20260427_105921,N/A,AUTO,,33.1217,0.0696,N/A,0,1500,VIDE,0.0,0.0,0.0,0.0,0.0,0.0,0,0,0.0,0.0,,,,,,,,,,,,
514,2026-04-27T09:59:54.719Z,S20260427_105921,N/A,AUTO,,33.1839,0.0622,N/A,0,1500,VIDE,0.0,0.0,0.0,0.0,0.0,0.0,0,0,0.0,0.0,,,,,,,,,,,,
515,2026-04-27T09:59:54.782Z,S20260427_105921,N/A,AUTO,,33.2474,0.0634,N/A,0,1500,VIDE,0.0,0.0,0.0,0.0,0.0,0.0,0,0,0.0,0.0,,,,,,,,,,,,
516,2026-04-27T09:59:54.845Z,S20260427_105921,N/A,AUTO,,33.3094,0.0621,N/A,0,1500,VIDE,0.0,0.0,0.0,0.0,0.0,0.0,0,0,0.0,0.0,,,,,,,,,,,,
517,2026-04-27T09:59:54.907Z,S20260427_105921,N/A,AUTO,,33.3717,0.0623,N/A,0,1500,VIDE,0.0,0.0,0.0,0.0,0.0,0.0,0,0,0.0,0.0,,,,,,,,,,,,
518,2026-04-27T09:59:54.967Z,S20260427_105921,N/A,AUTO,,33.4322,0.0605,N/A,0,1500,VIDE,0.0,0.0,0.0,0.0,0.0,0.0,0,0,0.0,0.0,,,,,,,,,,,,
519,2026-04-27T09:59:55.027Z,S20260427_105921,N/A,AUTO,,33.4914,0.0592,N/A,0,1500,VIDE,0.0,0.0,0.0,0.0,0.0,0.0,0,0,0.0,0.0,,,,,,,,,,,,
520,2026-04-27T09:59:55.087Z,S20260427_105921,N/A,AUTO,,33.5517,0.0603,N/A,0,1500,VIDE,0.0,0.0,0.0,0.0,0.0,0.0,0,0,0.0,0.0,,,,,,,,,,,,
521,2026-04-27T09:59:55.158Z,S20260427_105921,N/A,AUTO,,33.6228,0.0711,N/A,0,1500,VIDE,0.0,0.0,0.0,0.0,0.0,0.0,0,0,0.0,0.0,,,,,,,,,,,,
522,2026-04-27T09:59:55.220Z,S20260427_105921,N/A,AUTO,,33.6845,0.0617,N/A,0,1500,VIDE,0.0,0.0,0.0,0.0,0.0,0.0,0,0,0.0,0.0,,,,,,,,,,,,
523,2026-04-27T09:59:55.282Z,S20260427_105921,N/A,AUTO,,33.7465,0.062,N/A,0,1500,VIDE,0.0,0.0,0.0,0.0,0.0,0.0,0,0,0.0,0.0,,,,,,,,,,,,
524,2026-04-27T09:59:55.344Z,S20260427_105921,N/A,AUTO,,33.8087,0.0622,N/A,0,1500,VIDE,0.0,0.0,0.0,0.0,0.0,0.0,0,0,0.0,0.0,,,,,,,,,,,,
525,2026-04-27T09:59:55.406Z,S20260427_105921,N/A,AUTO,,33.871,0.0623,N/A,0,1500,VIDE,0.0,0.0,0.0,0.0,0.0,0.0,0,0,0.0,0.0,,,,,,,,,,,,
526,2026-04-27T09:59:55.467Z,S20260427_105921,N/A,AUTO,,33.9317,0.0607,N/A,0,1500,VIDE,0.0,0.0,0.0,0.0,0.0,0.0,0,0,0.0,0.0,,,,,,,,,,,,
527,2026-04-27T09:59:55.527Z,S20260427_105921,N/A,AUTO,,33.992,0.0603,N/A,0,1500,VIDE,0.0,0.0,0.0,0.0,0.0,0.0,0,0,0.0,0.0,,,,,,,,,,,,
528,2026-04-27T09:59:55.588Z,S20260427_105921,N/A,AUTO,,34.0526,0.0606,N/A,0,1500,VIDE,0.0,0.0,0.0,0.0,0.0,0.0,0,0,0.0,0.0,,,,,,,,,,,,
529,2026-04-27T09:59:55.659Z,S20260427_105921,N/A,AUTO,,34.1236,0.071,N/A,0,1500,VIDE,0.0,0.0,0.0,0.0,0.0,0.0,0,0,0.0,0.0,,,,,,,,,,,,
530,2026-04-27T09:59:55.721Z,S20260427_105921,N/A,AUTO,,34.1858,0.0622,N/A,0,1500,VIDE,0.0,0.0,0.0,0.0,0.0,0.0,0,0,0.0,0.0,,,,,,,,,,,,
531,2026-04-27T09:59:55.782Z,S20260427_105921,N/A,AUTO,,34.247,0.0612,N/A,0,1500,VIDE,0.0,0.0,0.0,0.0,0.0,0.0,0,0,0.0,0.0,,,,,,,,,,,,
532,2026-04-27T09:59:55.844Z,S20260427_105921,N/A,AUTO,,34.3084,0.0614,N/A,0,1500,VIDE,0.0,0.0,0.0,0.0,0.0,0.0,0,0,0.0,0.0,,,,,,,,,,,,
533,2026-04-27T09:59:55.906Z,S20260427_105921,N/A,AUTO,,34.3711,0.0627,N/A,0,1500,VIDE,0.0,0.0,0.0,0.0,0.0,0.0,0,0,0.0,0.0,,,,,,,,,,,,
534,2026-04-27T09:59:55.967Z,S20260427_105921,N/A,AUTO,,34.4319,0.0607,N/A,0,1500,VIDE,0.0,0.0,0.0,0.0,0.0,0.0,0,0,0.0,0.0,,,,,,,,,,,,
535,2026-04-27T09:59:56.027Z,S20260427_105921,N/A,AUTO,,34.492,0.0601,N/A,0,1500,VIDE,0.0,0.0,0.0,0.0,0.0,0.0,0,0,0.0,0.0,,,,,,,,,,,,
536,2026-04-27T09:59:56.087Z,S20260427_105921,N/A,AUTO,,34.552,0.06,N/A,0,1500,VIDE,0.0,0.0,0.0,0.0,0.0,0.0,0,0,0.0,0.0,,,,,,,,,,,,
537,2026-04-27T09:59:56.158Z,S20260427_105921,N/A,AUTO,,34.6226,0.0706,N/A,0,1500,VIDE,0.0,0.0,0.0,0.0,0.0,0.0,0,0,0.0,0.0,,,,,,,,,,,,
538,2026-04-27T09:59:56.220Z,S20260427_105921,N/A,AUTO,,34.6846,0.062,N/A,0,1500,VIDE,0.0,0.0,0.0,0.0,0.0,0.0,0,0,0.0,0.0,,,,,,,,,,,,
539,2026-04-27T09:59:56.282Z,S20260427_105921,N/A,AUTO,,34.747,0.0624,N/A,0,1500,VIDE,0.0,0.0,0.0,0.0,0.0,0.0,0,0,0.0,0.0,,,,,,,,,,,,
540,2026-04-27T09:59:56.343Z,S20260427_105921,N/A,AUTO,,34.8077,0.0607,N/A,0,1500,VIDE,0.0,0.0,0.0,0.0,0.0,0.0,0,0,0.0,0.0,,,,,,,,,,,,
541,2026-04-27T09:59:56.406Z,S20260427_105921,N/A,AUTO,,34.8705,0.0627,N/A,0,1500,VIDE,0.0,0.0,0.0,0.0,0.0,0.0,0,0,0.0,0.0,,,,,,,,,,,,
542,2026-04-27T09:59:56.468Z,S20260427_105921,N/A,AUTO,,34.9324,0.0619,N/A,0,1500,VIDE,0.0,0.0,0.0,0.0,0.0,0.0,0,0,0.0,0.0,,,,,,,,,,,,
543,2026-04-27T09:59:56.528Z,S20260427_105921,N/A,AUTO,,34.9924,0.06,N/A,0,1500,VIDE,0.0,0.0,0.0,0.0,0.0,0.0,0,0,0.0,0.0,,,,,,,,,,,,
544,2026-04-27T09:59:56.587Z,S20260427_105921,N/A,AUTO,,35.0521,0.0596,N/A,0,1500,VIDE,0.0,0.0,0.0,0.0,0.0,0.0,0,0,0.0,0.0,,,,,,,,,,,,
545,2026-04-27T09:59:56.655Z,S20260427_105921,N/A,AUTO,,35.1198,0.0677,N/A,0,1500,VIDE,0.0,0.0,0.0,0.0,0.0,0.0,0,0,0.0,0.0,,,,,,,,,,,,
546,2026-04-27T09:59:56.717Z,S20260427_105921,N/A,AUTO,,35.1823,0.0626,N/A,0,1500,VIDE,0.0,0.0,0.0,0.0,0.0,0.0,0,0,0.0,0.0,,,,,,,,,,,,
547,2026-04-27T09:59:56.779Z,S20260427_105921,N/A,AUTO,,35.2439,0.0615,N/A,0,1500,VIDE,0.0,0.0,0.0,0.0,0.0,0.0,0,0,0.0,0.0,,,,,,,,,,,,
548,2026-04-27T09:59:56.842Z,S20260427_105921,N/A,AUTO,,35.3064,0.0626,N/A,0,1500,VIDE,0.0,0.0,0.0,0.0,0.0,0.0,0,0,0.0,0.0,,,,,,,,,,,,
549,2026-04-27T09:59:56.903Z,S20260427_105921,N/A,AUTO,,35.3678,0.0614,N/A,0,1500,VIDE,0.0,0.0,0.0,0.0,0.0,0.0,0,0,0.0,0.0,,,,,,,,,,,,
550,2026-04-27T09:59:56.965Z,S20260427_105921,N/A,AUTO,,35.4296,0.0618,N/A,0,1500,VIDE,0.0,0.0,0.0,0.0,0.0,0.0,0,0,0.0,0.0,,,,,,,,,,,,
551,2026-04-27T09:59:57.027Z,S20260427_105921,N/A,AUTO,,35.4917,0.0621,N/A,0,1500,VIDE,0.0,0.0,0.0,0.0,0.0,0.0,0,0,0.0,0.0,,,,,,,,,,,,
552,2026-04-27T09:59:57.087Z,S20260427_105921,N/A,AUTO,,35.5523,0.0606,N/A,0,1500,VIDE,0.0,0.0,0.0,0.0,0.0,0.0,0,0,0.0,0.0,,,,,,,,,,,,
553,2026-04-27T09:59:57.154Z,S20260427_105921,N/A,AUTO,,35.6188,0.0664,N/A,0,1500,VIDE,0.0,0.0,0.0,0.0,0.0,0.0,0,0,0.0,0.0,,,,,,,,,,,,
554,2026-04-27T09:59:57.217Z,S20260427_105921,N/A,AUTO,,35.682,0.0632,N/A,0,1500,VIDE,0.0,0.0,0.0,0.0,0.0,0.0,0,0,0.0,0.0,,,,,,,,,,,,
555,2026-04-27T09:59:57.278Z,S20260427_105921,N/A,AUTO,,35.7434,0.0614,N/A,0,1500,VIDE,0.0,0.0,0.0,0.0,0.0,0.0,0,0,0.0,0.0,,,,,,,,,,,,
556,2026-04-27T09:59:57.340Z,S20260427_105921,N/A,AUTO,,35.8045,0.0612,N/A,0,1500,VIDE,0.0,0.0,0.0,0.0,0.0,0.0,0,0,0.0,0.0,,,,,,,,,,,,
557,2026-04-27T09:59:57.402Z,S20260427_105921,N/A,AUTO,,35.8667,0.0622,N/A,0,1500,VIDE,0.0,0.0,0.0,0.0,0.0,0.0,0,0,0.0,0.0,,,,,,,,,,,,
558,2026-04-27T09:59:57.465Z,S20260427_105921,N/A,AUTO,,35.9301,0.0635,N/A,0,1500,VIDE,0.0,0.0,0.0,0.0,0.0,0.0,0,0,0.0,0.0,,,,,,,,,,,,
559,2026-04-27T09:59:57.527Z,S20260427_105921,N/A,AUTO,,35.9919,0.0617,N/A,0,1500,VIDE,0.0,0.0,0.0,0.0,0.0,0.0,0,0,0.0,0.0,,,,,,,,,,,,
560,2026-04-27T09:59:57.588Z,S20260427_105921,N/A,AUTO,,36.0525,0.0607,N/A,0,1500,VIDE,0.0,0.0,0.0,0.0,0.0,0.0,0,0,0.0,0.0,,,,,,,,,,,,
561,2026-04-27T09:59:57.650Z,S20260427_105921,N/A,AUTO,,36.1152,0.0627,N/A,0,1500,VIDE,0.0,0.0,0.0,0.0,0.0,0.0,0,0,0.0,0.0,,,,,,,,,,,,
562,2026-04-27T09:59:57.714Z,S20260427_105921,N/A,AUTO,,36.179,0.0638,N/A,0,1500,VIDE,0.0,0.0,0.0,0.0,0.0,0.0,0,0,0.0,0.0,,,,,,,,,,,,
563,2026-04-27T09:59:57.777Z,S20260427_105921,N/A,AUTO,,36.2424,0.0633,N/A,0,1500,VIDE,0.0,0.0,0.0,0.0,0.0,0.0,0,0,0.0,0.0,,,,,,,,,,,,
564,2026-04-27T09:59:57.839Z,S20260427_105921,N/A,AUTO,,36.3042,0.0619,N/A,0,1500,VIDE,0.0,0.0,0.0,0.0,0.0,0.0,0,0,0.0,0.0,,,,,,,,,,,,
565,2026-04-27T09:59:57.901Z,S20260427_105921,N/A,AUTO,,36.3657,0.0615,N/A,0,1500,VIDE,0.0,0.0,0.0,0.0,0.0,0.0,0,0,0.0,0.0,,,,,,,,,,,,
566,2026-04-27T09:59:57.964Z,S20260427_105921,N/A,AUTO,,36.4287,0.063,N/A,0,1500,VIDE,0.0,0.0,0.0,0.0,0.0,0.0,0,0,0.0,0.0,,,,,,,,,,,,
567,2026-04-27T09:59:58.028Z,S20260427_105921,N/A,AUTO,,36.4931,0.0644,N/A,0,1500,VIDE,0.0,0.0,0.0,0.0,0.0,0.0,0,0,0.0,0.0,,,,,,,,,,,,
568,2026-04-27T09:59:58.087Z,S20260427_105921,N/A,AUTO,,36.5519,0.0589,N/A,0,1500,VIDE,0.0,0.0,0.0,0.0,0.0,0.0,0,0,0.0,0.0,,,,,,,,,,,,
569,2026-04-27T09:59:58.152Z,S20260427_105921,N/A,AUTO,,36.6167,0.0648,N/A,0,1500,VIDE,0.0,0.0,0.0,0.0,0.0,0.0,0,0,0.0,0.0,,,,,,,,,,,,
570,2026-04-27T09:59:58.215Z,S20260427_105921,N/A,AUTO,,36.6798,0.063,N/A,0,1500,VIDE,0.0,0.0,0.0,0.0,0.0,0.0,0,0,0.0,0.0,,,,,,,,,,,,
571,2026-04-27T09:59:58.276Z,S20260427_105921,N/A,AUTO,,36.741,0.0612,N/A,0,1500,VIDE,0.0,0.0,0.0,0.0,0.0,0.0,0,0,0.0,0.0,,,,,,,,,,,,
572,2026-04-27T09:59:58.339Z,S20260427_105921,N/A,AUTO,,36.804,0.0631,N/A,0,1500,VIDE,0.0,0.0,0.0,0.0,0.0,0.0,0,0,0.0,0.0,,,,,,,,,,,,
573,2026-04-27T09:59:58.401Z,S20260427_105921,N/A,AUTO,,36.8662,0.0621,N/A,0,1500,VIDE,0.0,0.0,0.0,0.0,0.0,0.0,0,0,0.0,0.0,,,,,,,,,,,,
574,2026-04-27T09:59:58.464Z,S20260427_105921,N/A,AUTO,,36.9288,0.0625,N/A,0,1500,VIDE,0.0,0.0,0.0,0.0,0.0,0.0,0,0,0.0,0.0,,,,,,,,,,,,
575,2026-04-27T09:59:58.526Z,S20260427_105921,N/A,AUTO,,36.9904,0.0617,N/A,0,1500,VIDE,0.0,0.0,0.0,0.0,0.0,0.0,0,0,0.0,0.0,,,,,,,,,,,,
576,2026-04-27T09:59:58.587Z,S20260427_105921,N/A,AUTO,,37.0516,0.0612,N/A,0,1500,VIDE,0.0,0.0,0.0,0.0,0.0,0.0,0,0,0.0,0.0,,,,,,,,,,,,
577,2026-04-27T09:59:58.650Z,S20260427_105921,N/A,AUTO,,37.1153,0.0637,N/A,0,1500,VIDE,0.0,0.0,0.0,0.0,0.0,0.0,0,0,0.0,0.0,,,,,,,,,,,,
578,2026-04-27T09:59:58.712Z,S20260427_105921,N/A,AUTO,,37.177,0.0617,N/A,0,1500,VIDE,0.0,0.0,0.0,0.0,0.0,0.0,0,0,0.0,0.0,,,,,,,,,,,,
579,2026-04-27T09:59:58.776Z,S20260427_105921,N/A,AUTO,,37.2405,0.0634,N/A,0,1500,VIDE,0.0,0.0,0.0,0.0,0.0,0.0,0,0,0.0,0.0,,,,,,,,,,,,
580,2026-04-27T09:59:58.838Z,S20260427_105921,N/A,AUTO,,37.3024,0.062,N/A,0,1500,VIDE,0.0,0.0,0.0,0.0,0.0,0.0,0,0,0.0,0.0,,,,,,,,,,,,
581,2026-04-27T09:59:58.901Z,S20260427_105921,N/A,AUTO,,37.3658,0.0634,N/A,0,1500,VIDE,0.0,0.0,0.0,0.0,0.0,0.0,0,0,0.0,0.0,,,,,,,,,,,,
582,2026-04-27T09:59:58.964Z,S20260427_105921,N/A,AUTO,,37.4289,0.0631,N/A,0,1500,VIDE,0.0,0.0,0.0,0.0,0.0,0.0,0,0,0.0,0.0,,,,,,,,,,,,
583,2026-04-27T09:59:59.026Z,S20260427_105921,N/A,AUTO,,37.4912,0.0623,N/A,0,1500,VIDE,0.0,0.0,0.0,0.0,0.0,0.0,0,0,0.0,0.0,,,,,,,,,,,,
584,2026-04-27T09:59:59.088Z,S20260427_105921,N/A,AUTO,,37.5525,0.0613,N/A,0,1500,VIDE,0.0,0.0,0.0,0.0,0.0,0.0,0,0,0.0,0.0,,,,,,,,,,,,
585,2026-04-27T09:59:59.153Z,S20260427_105921,N/A,AUTO,,37.6181,0.0656,N/A,0,1500,VIDE,0.0,0.0,0.0,0.0,0.0,0.0,0,0,0.0,0.0,,,,,,,,,,,,
586,2026-04-27T09:59:59.216Z,S20260427_105921,N/A,AUTO,,37.6807,0.0625,N/A,0,1500,VIDE,0.0,0.0,0.0,0.0,0.0,0.0,0,0,0.0,0.0,,,,,,,,,,,,
587,2026-04-27T09:59:59.277Z,S20260427_105921,N/A,AUTO,,37.7418,0.0611,N/A,0,1500,VIDE,0.0,0.0,0.0,0.0,0.0,0.0,0,0,0.0,0.0,,,,,,,,,,,,
588,2026-04-27T09:59:59.339Z,S20260427_105921,N/A,AUTO,,37.804,0.0623,N/A,0,1500,VIDE,0.0,0.0,0.0,0.0,0.0,0.0,0,0,0.0,0.0,,,,,,,,,,,,
589,2026-04-27T09:59:59.400Z,S20260427_105921,N/A,AUTO,,37.8652,0.0612,N/A,0,1500,VIDE,0.0,0.0,0.0,0.0,0.0,0.0,0,0,0.0,0.0,,,,,,,,,,,,
590,2026-04-27T09:59:59.462Z,S20260427_105921,N/A,AUTO,,37.927,0.0618,N/A,0,1500,VIDE,0.0,0.0,0.0,0.0,0.0,0.0,0,0,0.0,0.0,,,,,,,,,,,,
591,2026-04-27T09:59:59.525Z,S20260427_105921,N/A,AUTO,,37.9899,0.0629,N/A,0,1500,VIDE,0.0,0.0,0.0,0.0,0.0,0.0,0,0,0.0,0.0,,,,,,,,,,,,
592,2026-04-27T09:59:59.588Z,S20260427_105921,N/A,AUTO,,38.0525,0.0626,N/A,0,1500,VIDE,0.0,0.0,0.0,0.0,0.0,0.0,0,0,0.0,0.0,,,,,,,,,,,,
593,2026-04-27T09:59:59.650Z,S20260427_105921,N/A,AUTO,,38.1144,0.062,N/A,0,1500,VIDE,0.0,0.0,0.0,0.0,0.0,0.0,0,0,0.0,0.0,,,,,,,,,,,,
594,2026-04-27T09:59:59.718Z,S20260427_105921,N/A,AUTO,,38.1827,0.0683,N/A,0,1500,VIDE,0.0,0.0,0.0,0.0,0.0,0.0,0,0,0.0,0.0,,,,,,,,,,,,
595,2026-04-27T09:59:59.788Z,S20260427_105921,N/A,AUTO,,38.253,0.0702,N/A,0,1500,VIDE,0.0,0.0,0.0,0.0,0.0,0.0,0,0,0.0,0.0,,,,,,,,,,,,
596,2026-04-27T09:59:59.839Z,S20260427_105921,N/A,AUTO,,38.3044,0.0514,N/A,0,1500,VIDE,0.0,0.0,0.0,0.0,0.0,0.0,0,0,0.0,0.0,,,,,,,,,,,,
597,2026-04-27T09:59:59.907Z,S20260427_105921,N/A,AUTO,,38.3717,0.0673,N/A,0,1500,VIDE,0.0,0.0,0.0,0.0,0.0,0.0,0,0,0.0,0.0,,,,,,,,,,,,
598,2026-04-27T09:59:59.961Z,S20260427_105921,N/A,AUTO,,38.4263,0.0547,N/A,0,1500,VIDE,0.0,0.0,0.0,0.0,0.0,0.0,0,0,0.0,0.0,,,,,,,,,,,,
599,2026-04-27T10:00:00.027Z,S20260427_105921,N/A,AUTO,,38.4917,0.0653,N/A,0,1500,VIDE,0.0,0.0,0.0,0.0,0.0,0.0,0,0,0.0,0.0,,,,,,,,,,,,
600,2026-04-27T10:00:00.087Z,S20260427_105921,N/A,AUTO,,38.5524,0.0607,N/A,0,1500,VIDE,0.0,0.0,0.0,0.0,0.0,0.0,0,0,0.0,0.0,,,,,,,,,,,,
601,2026-04-27T10:00:00.151Z,S20260427_105921,N/A,AUTO,,38.6155,0.0631,N/A,0,1500,VIDE,0.0,0.0,0.0,0.0,0.0,0.0,0,0,0.0,0.0,,,,,,,,,,,,
602,2026-04-27T10:00:00.212Z,S20260427_105921,N/A,AUTO,,38.6768,0.0614,N/A,0,1500,VIDE,0.0,0.0,0.0,0.0,0.0,0.0,0,0,0.0,0.0,,,,,,,,,,,,
603,2026-04-27T10:00:00.275Z,S20260427_105921,N/A,AUTO,,38.74,0.0632,N/A,0,1500,VIDE,0.0,0.0,0.0,0.0,0.0,0.0,0,0,0.0,0.0,,,,,,,,,,,,
604,2026-04-27T10:00:00.338Z,S20260427_105921,N/A,AUTO,,38.8025,0.0624,N/A,0,1500,VIDE,0.0,0.0,0.0,0.0,0.0,0.0,0,0,0.0,0.0,,,,,,,,,,,,
605,2026-04-27T10:00:00.400Z,S20260427_105921,N/A,AUTO,,38.8649,0.0624,N/A,0,1500,VIDE,0.0,0.0,0.0,0.0,0.0,0.0,0,0,0.0,0.0,,,,,,,,,,,,
606,2026-04-27T10:00:00.462Z,S20260427_105921,N/A,AUTO,,38.927,0.0621,N/A,0,1500,VIDE,0.0,0.0,0.0,0.0,0.0,0.0,0,0,0.0,0.0,,,,,,,,,,,,
607,2026-04-27T10:00:00.525Z,S20260427_105921,N/A,AUTO,,38.9901,0.0631,N/A,0,1500,VIDE,0.0,0.0,0.0,0.0,0.0,0.0,0,0,0.0,0.0,,,,,,,,,,,,
608,2026-04-27T10:00:00.587Z,S20260427_105921,N/A,AUTO,,39.0522,0.0622,N/A,0,1500,VIDE,0.0,0.0,0.0,0.0,0.0,0.0,0,0,0.0,0.0,,,,,,,,,,,,
609,2026-04-27T10:00:00.662Z,S20260427_105921,N/A,AUTO,,39.1271,0.0749,N/A,0,1500,VIDE,0.0,0.0,0.0,0.0,0.0,0.0,0,0,0.0,0.0,,,,,,,,,,,,
610,2026-04-27T10:00:00.715Z,S20260427_105921,N/A,AUTO,,39.1798,0.0527,N/A,0,1500,VIDE,0.0,0.0,0.0,0.0,0.0,0.0,0,0,0.0,0.0,,,,,,,,,,,,
611,2026-04-27T10:00:00.777Z,S20260427_105921,N/A,AUTO,,39.242,0.0622,N/A,0,1500,VIDE,0.0,0.0,0.0,0.0,0.0,0.0,0,0,0.0,0.0,,,,,,,,,,,,
612,2026-04-27T10:00:00.838Z,S20260427_105921,N/A,AUTO,,39.3025,0.0605,N/A,0,1500,VIDE,0.0,0.0,0.0,0.0,0.0,0.0,0,0,0.0,0.0,,,,,,,,,,,,
613,2026-04-27T10:00:00.908Z,S20260427_105921,N/A,AUTO,,39.3728,0.0703,N/A,0,1500,VIDE,0.0,0.0,0.0,0.0,0.0,0.0,0,0,0.0,0.0,,,,,,,,,,,,
614,2026-04-27T10:00:00.968Z,S20260427_105921,N/A,AUTO,,39.4324,0.0597,N/A,0,1500,VIDE,0.0,0.0,0.0,0.0,0.0,0.0,0,0,0.0,0.0,,,,,,,,,,,,
615,2026-04-27T10:00:01.027Z,S20260427_105921,N/A,AUTO,,39.4915,0.0591,N/A,0,1500,VIDE,0.0,0.0,0.0,0.0,0.0,0.0,0,0,0.0,0.0,,,,,,,,,,,,
616,2026-04-27T10:00:01.087Z,S20260427_105921,N/A,AUTO,,39.5522,0.0607,N/A,0,1500,VIDE,0.0,0.0,0.0,0.0,0.0,0.0,0,0,0.0,0.0,,,,,,,,,,,,
617,2026-04-27T10:00:01.162Z,S20260427_105921,N/A,AUTO,,39.6265,0.0743,N/A,0,1500,VIDE,0.0,0.0,0.0,0.0,0.0,0.0,0,0,0.0,0.0,,,,,,,,,,,,
618,2026-04-27T10:00:01.224Z,S20260427_105921,N/A,AUTO,,39.6889,0.0624,N/A,0,1500,VIDE,0.0,0.0,0.0,0.0,0.0,0.0,0,0,0.0,0.0,,,,,,,,,,,,
619,2026-04-27T10:00:01.287Z,S20260427_105921,N/A,AUTO,,39.7517,0.0628,N/A,0,1500,VIDE,0.0,0.0,0.0,0.0,0.0,0.0,0,0,0.0,0.0,,,,,,,,,,,,
620,2026-04-27T10:00:01.343Z,S20260427_105921,N/A,AUTO,,39.8075,0.0558,N/A,0,1500,VIDE,0.0,0.0,0.0,0.0,0.0,0.0,0,0,0.0,0.0,,,,,,,,,,,,
621,2026-04-27T10:00:01.401Z,S20260427_105921,N/A,AUTO,,39.8661,0.0586,N/A,0,1500,VIDE,0.0,0.0,0.0,0.0,0.0,0.0,0,0,0.0,0.0,,,,,,,,,,,,
622,2026-04-27T10:00:01.471Z,S20260427_105921,N/A,AUTO,,39.9358,0.0696,N/A,0,1500,VIDE,0.0,0.0,0.0,0.0,0.0,0.0,0,0,0.0,0.0,,,,,,,,,,,,
623,2026-04-27T10:00:01.529Z,S20260427_105921,N/A,AUTO,,39.9941,0.0583,N/A,0,1500,VIDE,0.0,0.0,0.0,0.0,0.0,0.0,0,0,0.0,0.0,,,,,,,,,,,,
624,2026-04-27T10:00:01.594Z,S20260427_105921,N/A,AUTO,,40.0592,0.0651,N/A,0,1500,VIDE,0.0,0.0,0.0,0.0,0.0,0.0,0,0,0.0,0.0,,,,,,,,,,,,
625,2026-04-27T10:00:01.658Z,S20260427_105921,N/A,AUTO,,40.1226,0.0634,N/A,0,1500,VIDE,0.0,0.0,0.0,0.0,0.0,0.0,0,0,0.0,0.0,,,,,,,,,,,,
626,2026-04-27T10:00:01.715Z,S20260427_105921,N/A,AUTO,,40.1798,0.0572,N/A,0,1500,VIDE,0.0,0.0,0.0,0.0,0.0,0.0,0,0,0.0,0.0,,,,,,,,,,,,
627,2026-04-27T10:00:01.777Z,S20260427_105921,N/A,AUTO,,40.2421,0.0622,N/A,0,1500,VIDE,0.0,0.0,0.0,0.0,0.0,0.0,0,0,0.0,0.0,,,,,,,,,,,,
628,2026-04-27T10:00:01.837Z,S20260427_105921,N/A,AUTO,,40.3023,0.0602,N/A,0,1500,VIDE,0.0,0.0,0.0,0.0,0.0,0.0,0,0,0.0,0.0,,,,,,,,,,,,
629,2026-04-27T10:00:01.904Z,S20260427_105921,N/A,AUTO,,40.3686,0.0663,N/A,0,1500,VIDE,0.0,0.0,0.0,0.0,0.0,0.0,0,0,0.0,0.0,,,,,,,,,,,,
630,2026-04-27T10:00:01.970Z,S20260427_105921,N/A,AUTO,,40.4347,0.066,N/A,0,1500,VIDE,0.0,0.0,0.0,0.0,0.0,0.0,0,0,0.0,0.0,,,,,,,,,,,,
631,2026-04-27T10:00:02.032Z,S20260427_105921,N/A,AUTO,,40.4965,0.0619,N/A,0,1500,VIDE,0.0,0.0,0.0,0.0,0.0,0.0,0,0,0.0,0.0,,,,,,,,,,,,
632,2026-04-27T10:00:02.088Z,S20260427_105921,N/A,AUTO,,40.5525,0.056,N/A,0,1500,VIDE,0.0,0.0,0.0,0.0,0.0,0.0,0,0,0.0,0.0,,,,,,,,,,,,
633,2026-04-27T10:00:02.151Z,S20260427_105921,N/A,AUTO,,40.6161,0.0636,N/A,0,1500,VIDE,0.0,0.0,0.0,0.0,0.0,0.0,0,0,0.0,0.0,,,,,,,,,,,,
634,2026-04-27T10:00:02.214Z,S20260427_105921,N/A,AUTO,,40.6787,0.0626,N/A,0,1500,VIDE,0.0,0.0,0.0,0.0,0.0,0.0,0,0,0.0,0.0,,,,,,,,,,,,
635,2026-04-27T10:00:02.279Z,S20260427_105921,N/A,AUTO,,40.744,0.0653,N/A,0,1500,VIDE,0.0,0.0,0.0,0.0,0.0,0.0,0,0,0.0,0.0,,,,,,,,,,,,
636,2026-04-27T10:00:02.344Z,S20260427_105921,N/A,AUTO,,40.8089,0.0648,N/A,0,1500,VIDE,0.0,0.0,0.0,0.0,0.0,0.0,0,0,0.0,0.0,,,,,,,,,,,,
637,2026-04-27T10:00:02.401Z,S20260427_105921,N/A,AUTO,,40.866,0.0572,N/A,0,1500,VIDE,0.0,0.0,0.0,0.0,0.0,0.0,0,0,0.0,0.0,,,,,,,,,,,,
638,2026-04-27T10:00:02.464Z,S20260427_105921,N/A,AUTO,,40.9286,0.0625,N/A,0,1500,VIDE,0.0,0.0,0.0,0.0,0.0,0.0,0,0,0.0,0.0,,,,,,,,,,,,
639,2026-04-27T10:00:02.525Z,S20260427_105921,N/A,AUTO,,40.9898,0.0613,N/A,0,1500,VIDE,0.0,0.0,0.0,0.0,0.0,0.0,0,0,0.0,0.0,,,,,,,,,,,,
640,2026-04-27T10:00:02.588Z,S20260427_105921,N/A,AUTO,,41.0526,0.0628,N/A,0,1500,VIDE,0.0,0.0,0.0,0.0,0.0,0.0,0,0,0.0,0.0,,,,,,,,,,,,
641,2026-04-27T10:00:02.650Z,S20260427_105921,N/A,AUTO,,41.1145,0.0619,N/A,0,1500,VIDE,0.0,0.0,0.0,0.0,0.0,0.0,0,0,0.0,0.0,,,,,,,,,,,,
642,2026-04-27T10:00:02.714Z,S20260427_105921,N/A,AUTO,,41.1785,0.0639,N/A,0,1500,VIDE,0.0,0.0,0.0,0.0,0.0,0.0,0,0,0.0,0.0,,,,,,,,,,,,
643,2026-04-27T10:00:02.786Z,S20260427_105921,N/A,AUTO,,41.2506,0.0722,N/A,0,1500,VIDE,0.0,0.0,0.0,0.0,0.0,0.0,0,0,0.0,0.0,,,,,,,,,,,,
644,2026-04-27T10:00:02.850Z,S20260427_105921,N/A,AUTO,,41.3148,0.0642,N/A,0,1500,VIDE,0.0,0.0,0.0,0.0,0.0,0.0,0,0,0.0,0.0,,,,,,,,,,,,
645,2026-04-27T10:00:02.905Z,S20260427_105921,N/A,AUTO,,41.3701,0.0552,N/A,0,1500,VIDE,0.0,0.0,0.0,0.0,0.0,0.0,0,0,0.0,0.0,,,,,,,,,,,,
646,2026-04-27T10:00:02.968Z,S20260427_105921,N/A,AUTO,,41.4326,0.0626,N/A,0,1500,VIDE,0.0,0.0,0.0,0.0,0.0,0.0,0,0,0.0,0.0,,,,,,,,,,,,
647,2026-04-27T10:00:03.030Z,S20260427_105921,N/A,AUTO,,41.4953,0.0628,N/A,0,1500,VIDE,0.0,0.0,0.0,0.0,0.0,0.0,0,0,0.0,0.0,,,,,,,,,,,,
648,2026-04-27T10:00:03.089Z,S20260427_105921,N/A,AUTO,,41.5542,0.0588,N/A,0,1500,VIDE,0.0,0.0,0.0,0.0,0.0,0.0,0,0,0.0,0.0,,,,,,,,,,,,
649,2026-04-27T10:00:03.160Z,S20260427_105921,N/A,AUTO,,41.6253,0.0712,N/A,0,1500,VIDE,0.0,0.0,0.0,0.0,0.0,0.0,0,0,0.0,0.0,,,,,,,,,,,,
650,2026-04-27T10:00:03.224Z,S20260427_105921,N/A,AUTO,,41.6886,0.0633,N/A,0,1500,VIDE,0.0,0.0,0.0,0.0,0.0,0.0,0,0,0.0,0.0,,,,,,,,,,,,
651,2026-04-27T10:00:03.279Z,S20260427_105921,N/A,AUTO,,41.744,0.0553,N/A,0,1500,VIDE,0.0,0.0,0.0,0.0,0.0,0.0,0,0,0.0,0.0,,,,,,,,,,,,
652,2026-04-27T10:00:03.341Z,S20260427_105921,N/A,AUTO,,41.8062,0.0623,N/A,0,1500,VIDE,0.0,0.0,0.0,0.0,0.0,0.0,0,0,0.0,0.0,,,,,,,,,,,,
653,2026-04-27T10:00:03.401Z,S20260427_105921,N/A,AUTO,,41.8664,0.0602,N/A,0,1500,VIDE,0.0,0.0,0.0,0.0,0.0,0.0,0,0,0.0,0.0,,,,,,,,,,,,
654,2026-04-27T10:00:03.463Z,S20260427_105921,N/A,AUTO,,41.9282,0.0618,N/A,0,1500,VIDE,0.0,0.0,0.0,0.0,0.0,0.0,0,0,0.0,0.0,,,,,,,,,,,,
655,2026-04-27T10:00:03.538Z,S20260427_105921,N/A,AUTO,,42.0024,0.0742,N/A,0,1500,VIDE,0.0,0.0,0.0,0.0,0.0,0.0,0,0,0.0,0.0,,,,,,,,,,,,
656,2026-04-27T10:00:03.591Z,S20260427_105921,N/A,AUTO,,42.0557,0.0532,N/A,0,1500,VIDE,0.0,0.0,0.0,0.0,0.0,0.0,0,0,0.0,0.0,,,,,,,,,,,,
657,2026-04-27T10:00:03.662Z,S20260427_105921,N/A,AUTO,,42.1273,0.0717,N/A,0,1500,VIDE,0.0,0.0,0.0,0.0,0.0,0.0,0,0,0.0,0.0,,,,,,,,,,,,
658,2026-04-27T10:00:03.712Z,S20260427_105921,N/A,AUTO,,42.1773,0.0499,N/A,0,1500,VIDE,0.0,0.0,0.0,0.0,0.0,0.0,0,0,0.0,0.0,,,,,,,,,,,,
659,2026-04-27T10:00:03.779Z,S20260427_105921,N/A,AUTO,,42.244,0.0667,N/A,0,1500,VIDE,0.0,0.0,0.0,0.0,0.0,0.0,0,0,0.0,0.0,,,,,,,,,,,,
660,2026-04-27T10:00:03.837Z,S20260427_105921,N/A,AUTO,,42.302,0.058,N/A,0,1500,VIDE,0.0,0.0,0.0,0.0,0.0,0.0,0,0,0.0,0.0,,,,,,,,,,,,
661,2026-04-27T10:00:03.907Z,S20260427_105921,N/A,AUTO,,42.3717,0.0697,N/A,0,1500,VIDE,0.0,0.0,0.0,0.0,0.0,0.0,0,0,0.0,0.0,,,,,,,,,,,,
662,2026-04-27T10:00:03.965Z,S20260427_105921,N/A,AUTO,,42.4299,0.0582,N/A,0,1500,VIDE,0.0,0.0,0.0,0.0,0.0,0.0,0,0,0.0,0.0,,,,,,,,,,,,
663,2026-04-27T10:00:04.029Z,S20260427_105921,N/A,AUTO,,42.4939,0.064,N/A,0,1500,VIDE,0.0,0.0,0.0,0.0,0.0,0.0,0,0,0.0,0.0,,,,,,,,,,,,
664,2026-04-27T10:00:04.089Z,S20260427_105921,N/A,AUTO,,42.5539,0.06,N/A,0,1500,VIDE,0.0,0.0,0.0,0.0,0.0,0.0,0,0,0.0,0.0,,,,,,,,,,,,
665,2026-04-27T10:00:04.163Z,S20260427_105921,N/A,AUTO,,42.6283,0.0744,N/A,0,1500,VIDE,0.0,0.0,0.0,0.0,0.0,0.0,0,0,0.0,0.0,,,,,,,,,,,,
666,2026-04-27T10:00:04.217Z,S20260427_105921,N/A,AUTO,,42.6819,0.0536,N/A,0,1500,VIDE,0.0,0.0,0.0,0.0,0.0,0.0,0,0,0.0,0.0,,,,,,,,,,,,
667,2026-04-27T10:00:04.276Z,S20260427_105921,N/A,AUTO,,42.7414,0.0595,N/A,0,1500,VIDE,0.0,0.0,0.0,0.0,0.0,0.0,0,0,0.0,0.0,,,,,,,,,,,,
668,2026-04-27T10:00:04.342Z,S20260427_105921,N/A,AUTO,,42.8074,0.066,N/A,0,1500,VIDE,0.0,0.0,0.0,0.0,0.0,0.0,0,0,0.0,0.0,,,,,,,,,,,,
669,2026-04-27T10:00:04.406Z,S20260427_105921,N/A,AUTO,,42.8709,0.0636,N/A,0,1500,VIDE,0.0,0.0,0.0,0.0,0.0,0.0,0,0,0.0,0.0,,,,,,,,,,,,
670,2026-04-27T10:00:04.470Z,S20260427_105921,N/A,AUTO,,42.9349,0.064,N/A,0,1500,VIDE,0.0,0.0,0.0,0.0,0.0,0.0,0,0,0.0,0.0,,,,,,,,,,,,
671,2026-04-27T10:00:04.530Z,S20260427_105921,N/A,AUTO,,42.9953,0.0604,N/A,0,1500,VIDE,0.0,0.0,0.0,0.0,0.0,0.0,0,0,0.0,0.0,,,,,,,,,,,,
672,2026-04-27T10:00:04.590Z,S20260427_105921,N/A,AUTO,,43.0553,0.06,N/A,0,1500,VIDE,0.0,0.0,0.0,0.0,0.0,0.0,0,0,0.0,0.0,,,,,,,,,,,,
673,2026-04-27T10:00:04.657Z,S20260427_105921,N/A,AUTO,,43.1216,0.0664,N/A,0,1500,VIDE,0.0,0.0,0.0,0.0,0.0,0.0,0,0,0.0,0.0,,,,,,,,,,,,
674,2026-04-27T10:00:04.714Z,S20260427_105921,N/A,AUTO,,43.1784,0.0568,N/A,0,1500,VIDE,0.0,0.0,0.0,0.0,0.0,0.0,0,0,0.0,0.0,,,,,,,,,,,,
675,2026-04-27T10:00:04.776Z,S20260427_105921,N/A,AUTO,,43.2413,0.0629,N/A,0,1500,VIDE,0.0,0.0,0.0,0.0,0.0,0.0,0,0,0.0,0.0,,,,,,,,,,,,
676,2026-04-27T10:00:04.837Z,S20260427_105921,N/A,AUTO,,43.3019,0.0606,N/A,0,1500,VIDE,0.0,0.0,0.0,0.0,0.0,0.0,0,0,0.0,0.0,,,,,,,,,,,,
677,2026-04-27T10:00:04.900Z,S20260427_105921,N/A,AUTO,,43.3646,0.0626,N/A,0,1500,VIDE,0.0,0.0,0.0,0.0,0.0,0.0,0,0,0.0,0.0,,,,,,,,,,,,
678,2026-04-27T10:00:04.977Z,S20260427_105921,N/A,AUTO,,43.4414,0.0769,N/A,0,1500,VIDE,0.0,0.0,0.0,0.0,0.0,0.0,0,0,0.0,0.0,,,,,,,,,,,,
679,2026-04-27T10:00:05.026Z,S20260427_105921,N/A,AUTO,,43.4906,0.0492,N/A,0,1500,VIDE,0.0,0.0,0.0,0.0,0.0,0.0,0,0,0.0,0.0,,,,,,,,,,,,
680,2026-04-27T10:00:05.092Z,S20260427_105921,N/A,AUTO,,43.5572,0.0666,N/A,0,1500,VIDE,0.0,0.0,0.0,0.0,0.0,0.0,0,0,0.0,0.0,,,,,,,,,,,,
681,2026-04-27T10:00:05.150Z,S20260427_105921,N/A,AUTO,,43.6152,0.0581,N/A,0,1500,VIDE,0.0,0.0,0.0,0.0,0.0,0.0,0,0,0.0,0.0,,,,,,,,,,,,
682,2026-04-27T10:00:05.217Z,S20260427_105921,N/A,AUTO,,43.6816,0.0664,N/A,0,1500,VIDE,0.0,0.0,0.0,0.0,0.0,0.0,0,0,0.0,0.0,,,,,,,,,,,,
683,2026-04-27T10:00:05.287Z,S20260427_105921,N/A,AUTO,,43.7523,0.0707,N/A,0,1500,VIDE,0.0,0.0,0.0,0.0,0.0,0.0,0,0,0.0,0.0,,,,,,,,,,,,
684,2026-04-27T10:00:05.339Z,S20260427_105921,N/A,AUTO,,43.804,0.0517,N/A,0,1500,VIDE,0.0,0.0,0.0,0.0,0.0,0.0,0,0,0.0,0.0,,,,,,,,,,,,
685,2026-04-27T10:00:05.414Z,S20260427_105921,N/A,AUTO,,43.8792,0.0752,N/A,0,1500,VIDE,0.0,0.0,0.0,0.0,0.0,0.0,0,0,0.0,0.0,,,,,,,,,,,,
686,2026-04-27T10:00:05.468Z,S20260427_105921,N/A,AUTO,,43.9333,0.0541,N/A,0,1500,VIDE,0.0,0.0,0.0,0.0,0.0,0.0,0,0,0.0,0.0,,,,,,,,,,,,
687,2026-04-27T10:00:05.538Z,S20260427_105921,N/A,AUTO,,44.0029,0.0696,N/A,0,1500,VIDE,0.0,0.0,0.0,0.0,0.0,0.0,0,0,0.0,0.0,,,,,,,,,,,,
688,2026-04-27T10:00:05.602Z,S20260427_105921,N/A,AUTO,,44.0669,0.064,N/A,0,1500,VIDE,0.0,0.0,0.0,0.0,0.0,0.0,0,0,0.0,0.0,,,,,,,,,,,,
689,2026-04-27T10:00:05.649Z,S20260427_105921,N/A,AUTO,,44.1142,0.0473,N/A,0,1500,VIDE,0.0,0.0,0.0,0.0,0.0,0.0,0,0,0.0,0.0,,,,,,,,,,,,
690,2026-04-27T10:00:05.713Z,S20260427_105921,N/A,AUTO,,44.178,0.0638,N/A,0,1500,VIDE,0.0,0.0,0.0,0.0,0.0,0.0,0,0,0.0,0.0,,,,,,,,,,,,
691,2026-04-27T10:00:05.780Z,S20260427_105921,N/A,AUTO,,44.2447,0.0668,N/A,0,1500,VIDE,0.0,0.0,0.0,0.0,0.0,0.0,0,0,0.0,0.0,,,,,,,,,,,,
692,2026-04-27T10:00:05.852Z,S20260427_105921,N/A,AUTO,,44.3165,0.0718,N/A,0,1500,VIDE,0.0,0.0,0.0,0.0,0.0,0.0,0,0,0.0,0.0,,,,,,,,,,,,
693,2026-04-27T10:00:05.906Z,S20260427_105921,N/A,AUTO,,44.3713,0.0548,N/A,0,1500,VIDE,0.0,0.0,0.0,0.0,0.0,0.0,0,0,0.0,0.0,,,,,,,,,,,,
694,2026-04-27T10:00:05.963Z,S20260427_105921,N/A,AUTO,,44.4274,0.0561,N/A,0,1500,VIDE,0.0,0.0,0.0,0.0,0.0,0.0,0,0,0.0,0.0,,,,,,,,,,,,
695,2026-04-27T10:00:06.029Z,S20260427_105921,N/A,AUTO,,44.494,0.0666,N/A,0,1500,VIDE,0.0,0.0,0.0,0.0,0.0,0.0,0,0,0.0,0.0,,,,,,,,,,,,
696,2026-04-27T10:00:06.089Z,S20260427_105921,N/A,AUTO,,44.5539,0.0599,N/A,0,1500,VIDE,0.0,0.0,0.0,0.0,0.0,0.0,0,0,0.0,0.0,,,,,,,,,,,,
697,2026-04-27T10:00:06.163Z,S20260427_105921,N/A,AUTO,,44.6284,0.0745,N/A,0,1500,VIDE,0.0,0.0,0.0,0.0,0.0,0.0,0,0,0.0,0.0,,,,,,,,,,,,
698,2026-04-27T10:00:06.215Z,S20260427_105921,N/A,AUTO,,44.6795,0.0511,N/A,0,1500,VIDE,0.0,0.0,0.0,0.0,0.0,0.0,0,0,0.0,0.0,,,,,,,,,,,,
699,2026-04-27T10:00:06.275Z,S20260427_105921,N/A,AUTO,,44.7403,0.0607,N/A,0,1500,VIDE,0.0,0.0,0.0,0.0,0.0,0.0,0,0,0.0,0.0,,,,,,,,,,,,
700,2026-04-27T10:00:06.338Z,S20260427_105921,N/A,AUTO,,44.8024,0.0622,N/A,0,1500,VIDE,0.0,0.0,0.0,0.0,0.0,0.0,0,0,0.0,0.0,,,,,,,,,,,,
701,2026-04-27T10:00:06.409Z,S20260427_105921,N/A,AUTO,,44.8742,0.0718,N/A,0,1500,VIDE,0.0,0.0,0.0,0.0,0.0,0.0,0,0,0.0,0.0,,,,,,,,,,,,
702,2026-04-27T10:00:06.466Z,S20260427_105921,N/A,AUTO,,44.9304,0.0563,N/A,0,1500,VIDE,0.0,0.0,0.0,0.0,0.0,0.0,0,0,0.0,0.0,,,,,,,,,,,,
703,2026-04-27T10:00:06.525Z,S20260427_105921,N/A,AUTO,,44.9901,0.0597,N/A,0,1500,VIDE,0.0,0.0,0.0,0.0,0.0,0.0,0,0,0.0,0.0,,,,,,,,,,,,
704,2026-04-27T10:00:06.594Z,S20260427_105921,N/A,AUTO,,45.0585,0.0684,N/A,0,1500,VIDE,0.0,0.0,0.0,0.0,0.0,0.0,0,0,0.0,0.0,,,,,,,,,,,,
705,2026-04-27T10:00:06.653Z,S20260427_105921,N/A,AUTO,,45.1183,0.0598,N/A,0,1500,VIDE,0.0,0.0,0.0,0.0,0.0,0.0,0,0,0.0,0.0,,,,,,,,,,,,
706,2026-04-27T10:00:06.713Z,S20260427_105921,N/A,AUTO,,45.1777,0.0594,N/A,0,1500,VIDE,0.0,0.0,0.0,0.0,0.0,0.0,0,0,0.0,0.0,,,,,,,,,,,,
707,2026-04-27T10:00:06.780Z,S20260427_105921,N/A,AUTO,,45.2448,0.0671,N/A,0,1500,VIDE,0.0,0.0,0.0,0.0,0.0,0.0,0,0,0.0,0.0,,,,,,,,,,,,
708,2026-04-27T10:00:06.838Z,S20260427_105921,N/A,AUTO,,45.3027,0.0579,N/A,0,1500,VIDE,0.0,0.0,0.0,0.0,0.0,0.0,0,0,0.0,0.0,,,,,,,,,,,,
709,2026-04-27T10:00:06.899Z,S20260427_105921,N/A,AUTO,,45.3639,0.0612,N/A,0,1500,VIDE,0.0,0.0,0.0,0.0,0.0,0.0,0,0,0.0,0.0,,,,,,,,,,,,
710,2026-04-27T10:00:06.968Z,S20260427_105921,N/A,AUTO,,45.4333,0.0694,N/A,0,1500,VIDE,0.0,0.0,0.0,0.0,0.0,0.0,0,0,0.0,0.0,,,,,,,,,,,,
711,2026-04-27T10:00:07.039Z,S20260427_105921,N/A,AUTO,,45.5043,0.071,N/A,0,1500,VIDE,0.0,0.0,0.0,0.0,0.0,0.0,0,0,0.0,0.0,,,,,,,,,,,,
712,2026-04-27T10:00:07.090Z,S20260427_105921,N/A,AUTO,,45.5551,0.0508,N/A,0,1500,VIDE,0.0,0.0,0.0,0.0,0.0,0.0,0,0,0.0,0.0,,,,,,,,,,,,
713,2026-04-27T10:00:07.153Z,S20260427_105921,N/A,AUTO,,45.6178,0.0627,N/A,0,1500,VIDE,0.0,0.0,0.0,0.0,0.0,0.0,0,0,0.0,0.0,,,,,,,,,,,,
714,2026-04-27T10:00:07.215Z,S20260427_105921,N/A,AUTO,,45.6794,0.0616,N/A,0,1500,VIDE,0.0,0.0,0.0,0.0,0.0,0.0,0,0,0.0,0.0,,,,,,,,,,,,
715,2026-04-27T10:00:07.280Z,S20260427_105921,N/A,AUTO,,45.7444,0.065,N/A,0,1500,VIDE,0.0,0.0,0.0,0.0,0.0,0.0,0,0,0.0,0.0,,,,,,,,,,,,
716,2026-04-27T10:00:07.348Z,S20260427_105921,N/A,AUTO,,45.8133,0.0688,N/A,0,1500,VIDE,0.0,0.0,0.0,0.0,0.0,0.0,0,0,0.0,0.0,,,,,,,,,,,,
717,2026-04-27T10:00:07.411Z,S20260427_105921,N/A,AUTO,,45.8757,0.0624,N/A,0,1500,VIDE,0.0,0.0,0.0,0.0,0.0,0.0,0,0,0.0,0.0,,,,,,,,,,,,
718,2026-04-27T10:00:07.474Z,S20260427_105921,N/A,AUTO,,45.9388,0.0631,N/A,0,1500,VIDE,0.0,0.0,0.0,0.0,0.0,0.0,0,0,0.0,0.0,,,,,,,,,,,,
719,2026-04-27T10:00:07.525Z,S20260427_105921,N/A,AUTO,,45.9904,0.0516,N/A,0,1500,VIDE,0.0,0.0,0.0,0.0,0.0,0.0,0,0,0.0,0.0,,,,,,,,,,,,
720,2026-04-27T10:00:07.602Z,S20260427_105921,N/A,AUTO,,46.0667,0.0763,N/A,0,1500,VIDE,0.0,0.0,0.0,0.0,0.0,0.0,0,0,0.0,0.0,,,,,,,,,,,,
721,2026-04-27T10:00:07.649Z,S20260427_105921,N/A,AUTO,,46.1139,0.0473,N/A,0,1500,VIDE,0.0,0.0,0.0,0.0,0.0,0.0,0,0,0.0,0.0,,,,,,,,,,,,
722,2026-04-27T10:00:07.712Z,S20260427_105921,N/A,AUTO,,46.1771,0.0632,N/A,0,1500,VIDE,0.0,0.0,0.0,0.0,0.0,0.0,0,0,0.0,0.0,,,,,,,,,,,,
723,2026-04-27T10:00:07.779Z,S20260427_105921,N/A,AUTO,,46.2441,0.067,N/A,0,1500,VIDE,0.0,0.0,0.0,0.0,0.0,0.0,0,0,0.0,0.0,,,,,,,,,,,,
724,2026-04-27T10:00:07.843Z,S20260427_105921,N/A,AUTO,,46.3079,0.0637,N/A,0,1500,VIDE,0.0,0.0,0.0,0.0,0.0,0.0,0,0,0.0,0.0,,,,,,,,,,,,
725,2026-04-27T10:00:07.901Z,S20260427_105921,N/A,AUTO,,46.3656,0.0577,N/A,0,1500,VIDE,0.0,0.0,0.0,0.0,0.0,0.0,0,0,0.0,0.0,,,,,,,,,,,,
726,2026-04-27T10:00:07.963Z,S20260427_105921,N/A,AUTO,,46.4283,0.0627,N/A,0,1500,VIDE,0.0,0.0,0.0,0.0,0.0,0.0,0,0,0.0,0.0,,,,,,,,,,,,
727,2026-04-27T10:00:08.026Z,S20260427_105921,N/A,AUTO,,46.4912,0.063,N/A,0,1500,VIDE,0.0,0.0,0.0,0.0,0.0,0.0,0,0,0.0,0.0,,,,,,,,,,,,
728,2026-04-27T10:00:08.087Z,S20260427_105921,N/A,AUTO,,46.5522,0.061,N/A,0,1500,VIDE,0.0,0.0,0.0,0.0,0.0,0.0,0,0,0.0,0.0,,,,,,,,,,,,
729,2026-04-27T10:00:08.151Z,S20260427_105921,N/A,AUTO,,46.6161,0.0639,N/A,0,1500,VIDE,0.0,0.0,0.0,0.0,0.0,0.0,0,0,0.0,0.0,,,,,,,,,,,,
730,2026-04-27T10:00:08.212Z,S20260427_105921,N/A,AUTO,,46.6765,0.0603,N/A,0,1500,VIDE,0.0,0.0,0.0,0.0,0.0,0.0,0,0,0.0,0.0,,,,,,,,,,,,
731,2026-04-27T10:00:08.287Z,S20260427_105921,N/A,AUTO,,46.7523,0.0759,N/A,0,1500,VIDE,0.0,0.0,0.0,0.0,0.0,0.0,0,0,0.0,0.0,,,,,,,,,,,,
732,2026-04-27T10:00:08.350Z,S20260427_105921,N/A,AUTO,,46.8145,0.0622,N/A,0,1500,VIDE,0.0,0.0,0.0,0.0,0.0,0.0,0,0,0.0,0.0,,,,,,,,,,,,
733,2026-04-27T10:00:08.401Z,S20260427_105921,N/A,AUTO,,46.8655,0.051,N/A,0,1500,VIDE,0.0,0.0,0.0,0.0,0.0,0.0,0,0,0.0,0.0,,,,,,,,,,,,
734,2026-04-27T10:00:08.466Z,S20260427_105921,N/A,AUTO,,46.9306,0.0651,N/A,0,1500,VIDE,0.0,0.0,0.0,0.0,0.0,0.0,0,0,0.0,0.0,,,,,,,,,,,,
735,2026-04-27T10:00:08.525Z,S20260427_105921,N/A,AUTO,,46.9897,0.059,N/A,0,1500,VIDE,0.0,0.0,0.0,0.0,0.0,0.0,0,0,0.0,0.0,,,,,,,,,,,,
736,2026-04-27T10:00:08.592Z,S20260427_105921,N/A,AUTO,,47.0566,0.0669,N/A,0,1500,VIDE,0.0,0.0,0.0,0.0,0.0,0.0,0,0,0.0,0.0,,,,,,,,,,,,
737,2026-04-27T10:00:08.654Z,S20260427_105921,N/A,AUTO,,47.1193,0.0628,N/A,0,1500,VIDE,0.0,0.0,0.0,0.0,0.0,0.0,0,0,0.0,0.0,,,,,,,,,,,,
738,2026-04-27T10:00:08.722Z,S20260427_105921,N/A,AUTO,,47.1865,0.0672,N/A,0,1500,VIDE,0.0,0.0,0.0,0.0,0.0,0.0,0,0,0.0,0.0,,,,,,,,,,,,
739,2026-04-27T10:00:08.786Z,S20260427_105921,N/A,AUTO,,47.2512,0.0646,N/A,0,1500,VIDE,0.0,0.0,0.0,0.0,0.0,0.0,0,0,0.0,0.0,,,,,,,,,,,,
740,2026-04-27T10:00:08.849Z,S20260427_105921,N/A,AUTO,,47.3137,0.0624,N/A,0,1500,VIDE,0.0,0.0,0.0,0.0,0.0,0.0,0,0,0.0,0.0,,,,,,,,,,,,
741,2026-04-27T10:00:08.903Z,S20260427_105921,N/A,AUTO,,47.3683,0.0547,N/A,0,1500,VIDE,0.0,0.0,0.0,0.0,0.0,0.0,0,0,0.0,0.0,,,,,,,,,,,,
742,2026-04-27T10:00:08.968Z,S20260427_105921,N/A,AUTO,,47.4325,0.0643,N/A,0,1500,VIDE,0.0,0.0,0.0,0.0,0.0,0.0,0,0,0.0,0.0,,,,,,,,,,,,
743,2026-04-27T10:00:09.024Z,S20260427_105921,N/A,AUTO,,47.489,0.0565,N/A,0,1500,VIDE,0.0,0.0,0.0,0.0,0.0,0.0,0,0,0.0,0.0,,,,,,,,,,,,
744,2026-04-27T10:00:09.100Z,S20260427_105921,N/A,AUTO,,47.5649,0.0758,N/A,0,1500,VIDE,0.0,0.0,0.0,0.0,0.0,0.0,0,0,0.0,0.0,,,,,,,,,,,,
745,2026-04-27T10:00:09.152Z,S20260427_105921,N/A,AUTO,,47.617,0.052,N/A,0,1500,VIDE,0.0,0.0,0.0,0.0,0.0,0.0,0,0,0.0,0.0,,,,,,,,,,,,
746,2026-04-27T10:00:09.220Z,S20260427_105921,N/A,AUTO,,47.6851,0.0682,N/A,0,1500,VIDE,0.0,0.0,0.0,0.0,0.0,0.0,0,0,0.0,0.0,,,,,,,,,,,,
747,2026-04-27T10:00:09.277Z,S20260427_105921,N/A,AUTO,,47.7415,0.0564,N/A,0,1500,VIDE,0.0,0.0,0.0,0.0,0.0,0.0,0,0,0.0,0.0,,,,,,,,,,,,
748,2026-04-27T10:00:09.337Z,S20260427_105921,N/A,AUTO,,47.8021,0.0606,N/A,0,1500,VIDE,0.0,0.0,0.0,0.0,0.0,0.0,0,0,0.0,0.0,,,,,,,,,,,,
749,2026-04-27T10:00:09.402Z,S20260427_105921,N/A,AUTO,,47.8666,0.0645,N/A,0,1500,VIDE,0.0,0.0,0.0,0.0,0.0,0.0,0,0,0.0,0.0,,,,,,,,,,,,
750,2026-04-27T10:00:09.471Z,S20260427_105921,N/A,AUTO,,47.9361,0.0695,N/A,0,1500,VIDE,0.0,0.0,0.0,0.0,0.0,0.0,0,0,0.0,0.0,,,,,,,,,,,,
751,2026-04-27T10:00:09.528Z,S20260427_105921,N/A,AUTO,,47.9926,0.0565,N/A,0,1500,VIDE,0.0,0.0,0.0,0.0,0.0,0.0,0,0,0.0,0.0,,,,,,,,,,,,
752,2026-04-27T10:00:09.587Z,S20260427_105921,N/A,AUTO,,48.0521,0.0595,N/A,0,1500,VIDE,0.0,0.0,0.0,0.0,0.0,0.0,0,0,0.0,0.0,,,,,,,,,,,,
753,2026-04-27T10:00:09.650Z,S20260427_105921,N/A,AUTO,,48.1151,0.063,N/A,0,1500,VIDE,0.0,0.0,0.0,0.0,0.0,0.0,0,0,0.0,0.0,,,,,,,,,,,,
754,2026-04-27T10:00:09.714Z,S20260427_105921,N/A,AUTO,,48.1792,0.064,N/A,0,1500,VIDE,0.0,0.0,0.0,0.0,0.0,0.0,0,0,0.0,0.0,,,,,,,,,,,,
755,2026-04-27T10:00:09.777Z,S20260427_105921,N/A,AUTO,,48.242,0.0628,N/A,0,1500,VIDE,0.0,0.0,0.0,0.0,0.0,0.0,0,0,0.0,0.0,,,,,,,,,,,,
756,2026-04-27T10:00:09.838Z,S20260427_105921,N/A,AUTO,,48.3027,0.0608,N/A,0,1500,VIDE,0.0,0.0,0.0,0.0,0.0,0.0,0,0,0.0,0.0,,,,,,,,,,,,
757,2026-04-27T10:00:09.900Z,S20260427_105921,N/A,AUTO,,48.3645,0.0617,N/A,0,1500,VIDE,0.0,0.0,0.0,0.0,0.0,0.0,0,0,0.0,0.0,,,,,,,,,,,,
758,2026-04-27T10:00:09.962Z,S20260427_105921,N/A,AUTO,,48.4273,0.0629,N/A,0,1500,VIDE,0.0,0.0,0.0,0.0,0.0,0.0,0,0,0.0,0.0,,,,,,,,,,,,
759,2026-04-27T10:00:10.024Z,S20260427_105921,N/A,AUTO,,48.4892,0.0619,N/A,0,1500,VIDE,0.0,0.0,0.0,0.0,0.0,0.0,0,0,0.0,0.0,,,,,,,,,,,,
760,2026-04-27T10:00:10.090Z,S20260427_105921,N/A,AUTO,,48.5545,0.0652,N/A,0,1500,VIDE,0.0,0.0,0.0,0.0,0.0,0.0,0,0,0.0,0.0,,,,,,,,,,,,
761,2026-04-27T10:00:10.156Z,S20260427_105921,N/A,AUTO,,48.6214,0.0669,N/A,0,1500,VIDE,0.0,0.0,0.0,0.0,0.0,0.0,0,0,0.0,0.0,,,,,,,,,,,,
762,2026-04-27T10:00:10.217Z,S20260427_105921,N/A,AUTO,,48.682,0.0606,N/A,0,1500,VIDE,0.0,0.0,0.0,0.0,0.0,0.0,0,0,0.0,0.0,,,,,,,,,,,,
763,2026-04-27T10:00:10.277Z,S20260427_105921,N/A,AUTO,,48.7422,0.0602,N/A,0,1500,VIDE,0.0,0.0,0.0,0.0,0.0,0.0,0,0,0.0,0.0,,,,,,,,,,,,
764,2026-04-27T10:00:10.338Z,S20260427_105921,N/A,AUTO,,48.8027,0.0606,N/A,0,1500,VIDE,0.0,0.0,0.0,0.0,0.0,0.0,0,0,0.0,0.0,,,,,,,,,,,,
765,2026-04-27T10:00:10.401Z,S20260427_105921,N/A,AUTO,,48.8655,0.0628,N/A,0,1500,VIDE,0.0,0.0,0.0,0.0,0.0,0.0,0,0,0.0,0.0,,,,,,,,,,,,
766,2026-04-27T10:00:10.464Z,S20260427_105921,N/A,AUTO,,48.9289,0.0634,N/A,0,1500,VIDE,0.0,0.0,0.0,0.0,0.0,0.0,0,0,0.0,0.0,,,,,,,,,,,,
767,2026-04-27T10:00:10.527Z,S20260427_105921,N/A,AUTO,,48.9914,0.0625,N/A,0,1500,VIDE,0.0,0.0,0.0,0.0,0.0,0.0,0,0,0.0,0.0,,,,,,,,,,,,
768,2026-04-27T10:00:10.595Z,S20260427_105921,N/A,AUTO,,49.0601,0.0687,N/A,0,1500,VIDE,0.0,0.0,0.0,0.0,0.0,0.0,0,0,0.0,0.0,,,,,,,,,,,,
769,2026-04-27T10:00:10.653Z,S20260427_105921,N/A,AUTO,,49.1182,0.0581,N/A,0,1500,VIDE,0.0,0.0,0.0,0.0,0.0,0.0,0,0,0.0,0.0,,,,,,,,,,,,
770,2026-04-27T10:00:10.714Z,S20260427_105921,N/A,AUTO,,49.179,0.0608,N/A,0,1500,VIDE,0.0,0.0,0.0,0.0,0.0,0.0,0,0,0.0,0.0,,,,,,,,,,,,
771,2026-04-27T10:00:10.776Z,S20260427_105921,N/A,AUTO,,49.2404,0.0615,N/A,0,1500,VIDE,0.0,0.0,0.0,0.0,0.0,0.0,0,0,0.0,0.0,,,,,,,,,,,,
772,2026-04-27T10:00:10.840Z,S20260427_105921,N/A,AUTO,,49.3052,0.0648,N/A,0,1500,VIDE,0.0,0.0,0.0,0.0,0.0,0.0,0,0,0.0,0.0,,,,,,,,,,,,
773,2026-04-27T10:00:10.903Z,S20260427_105921,N/A,AUTO,,49.368,0.0628,N/A,0,1500,VIDE,0.0,0.0,0.0,0.0,0.0,0.0,0,0,0.0,0.0,,,,,,,,,,,,
774,2026-04-27T10:00:10.968Z,S20260427_105921,N/A,AUTO,,49.4331,0.0651,N/A,0,1500,VIDE,0.0,0.0,0.0,0.0,0.0,0.0,0,0,0.0,0.0,,,,,,,,,,,,
775,2026-04-27T10:00:11.038Z,S20260427_105921,N/A,AUTO,,49.503,0.0698,N/A,0,1500,VIDE,0.0,0.0,0.0,0.0,0.0,0.0,0,0,0.0,0.0,,,,,,,,,,,,
776,2026-04-27T10:00:11.092Z,S20260427_105921,N/A,AUTO,,49.5573,0.0544,N/A,0,1500,VIDE,0.0,0.0,0.0,0.0,0.0,0.0,0,0,0.0,0.0,,,,,,,,,,,,
777,2026-04-27T10:00:11.150Z,S20260427_105921,N/A,AUTO,,49.6153,0.0581,N/A,0,1500,VIDE,0.0,0.0,0.0,0.0,0.0,0.0,0,0,0.0,0.0,,,,,,,,,,,,
778,2026-04-27T10:00:11.214Z,S20260427_105921,N/A,AUTO,,49.6789,0.0635,N/A,0,1500,VIDE,0.0,0.0,0.0,0.0,0.0,0.0,0,0,0.0,0.0,,,,,,,,,,,,
779,2026-04-27T10:00:11.279Z,S20260427_105921,N/A,AUTO,,49.7435,0.0646,N/A,0,1500,VIDE,0.0,0.0,0.0,0.0,0.0,0.0,0,0,0.0,0.0,,,,,,,,,,,,
780,2026-04-27T10:00:11.339Z,S20260427_105921,N/A,AUTO,,49.8039,0.0605,N/A,0,1500,VIDE,0.0,0.0,0.0,0.0,0.0,0.0,0,0,0.0,0.0,,,,,,,,,,,,
781,2026-04-27T10:00:11.406Z,S20260427_105921,N/A,AUTO,,49.8706,0.0667,N/A,0,1500,VIDE,0.0,0.0,0.0,0.0,0.0,0.0,0,0,0.0,0.0,,,,,,,,,,,,
782,2026-04-27T10:00:11.474Z,S20260427_105921,N/A,AUTO,,49.9387,0.0681,N/A,0,1500,VIDE,0.0,0.0,0.0,0.0,0.0,0.0,0,0,0.0,0.0,,,,,,,,,,,,
783,2026-04-27T10:00:11.527Z,S20260427_105921,N/A,AUTO,,49.9915,0.0528,N/A,0,1500,VIDE,0.0,0.0,0.0,0.0,0.0,0.0,0,0,0.0,0.0,,,,,,,,,,,,
784,2026-04-27T10:00:11.593Z,S20260427_105921,N/A,AUTO,,50.0578,0.0663,N/A,0,1500,VIDE,0.0,0.0,0.0,0.0,0.0,0.0,0,0,0.0,0.0,,,,,,,,,,,,
785,2026-04-27T10:00:11.658Z,S20260427_105921,N/A,AUTO,,50.1226,0.0648,N/A,0,1500,VIDE,0.0,0.0,0.0,0.0,0.0,0.0,0,0,0.0,0.0,,,,,,,,,,,,
786,2026-04-27T10:00:11.716Z,S20260427_105921,N/A,AUTO,,50.1805,0.0578,N/A,0,1500,VIDE,0.0,0.0,0.0,0.0,0.0,0.0,0,0,0.0,0.0,,,,,,,,,,,,
787,2026-04-27T10:00:11.777Z,S20260427_105921,N/A,AUTO,,50.2416,0.0611,N/A,0,1500,VIDE,0.0,0.0,0.0,0.0,0.0,0.0,0,0,0.0,0.0,,,,,,,,,,,,
788,2026-04-27T10:00:11.837Z,S20260427_105921,N/A,AUTO,,50.3022,0.0606,N/A,0,1500,VIDE,0.0,0.0,0.0,0.0,0.0,0.0,0,0,0.0,0.0,,,,,,,,,,,,
789,2026-04-27T10:00:11.907Z,S20260427_105921,N/A,AUTO,,50.3723,0.0702,N/A,0,1500,VIDE,0.0,0.0,0.0,0.0,0.0,0.0,0,0,0.0,0.0,,,,,,,,,,,,
790,2026-04-27T10:00:11.963Z,S20260427_105921,N/A,AUTO,,50.4278,0.0555,N/A,0,1500,VIDE,0.0,0.0,0.0,0.0,0.0,0.0,0,0,0.0,0.0,,,,,,,,,,,,
791,2026-04-27T10:00:12.029Z,S20260427_105921,N/A,AUTO,,50.4941,0.0663,N/A,0,1500,VIDE,0.0,0.0,0.0,0.0,0.0,0.0,0,0,0.0,0.0,,,,,,,,,,,,
792,2026-04-27T10:00:12.089Z,S20260427_105921,N/A,AUTO,,50.5541,0.06,N/A,0,1500,VIDE,0.0,0.0,0.0,0.0,0.0,0.0,0,0,0.0,0.0,,,,,,,,,,,,
793,2026-04-27T10:00:12.163Z,S20260427_105921,N/A,AUTO,,50.6283,0.0742,N/A,0,1500,VIDE,0.0,0.0,0.0,0.0,0.0,0.0,0,0,0.0,0.0,,,,,,,,,,,,
794,2026-04-27T10:00:12.217Z,S20260427_105921,N/A,AUTO,,50.6823,0.0541,N/A,0,1500,VIDE,0.0,0.0,0.0,0.0,0.0,0.0,0,0,0.0,0.0,,,,,,,,,,,,
795,2026-04-27T10:00:12.277Z,S20260427_105921,N/A,AUTO,,50.7415,0.0592,N/A,0,1500,VIDE,0.0,0.0,0.0,0.0,0.0,0.0,0,0,0.0,0.0,,,,,,,,,,,,
796,2026-04-27T10:00:12.340Z,S20260427_105921,N/A,AUTO,,50.805,0.0634,N/A,0,1500,VIDE,0.0,0.0,0.0,0.0,0.0,0.0,0,0,0.0,0.0,,,,,,,,,,,,
797,2026-04-27T10:00:12.407Z,S20260427_105921,N/A,AUTO,,50.8715,0.0666,N/A,0,1500,VIDE,0.0,0.0,0.0,0.0,0.0,0.0,0,0,0.0,0.0,,,,,,,,,,,,
798,2026-04-27T10:00:12.464Z,S20260427_105921,N/A,AUTO,,50.9293,0.0577,N/A,0,1500,VIDE,0.0,0.0,0.0,0.0,0.0,0.0,0,0,0.0,0.0,,,,,,,,,,,,
799,2026-04-27T10:00:12.527Z,S20260427_105921,N/A,AUTO,,50.9915,0.0622,N/A,0,1500,VIDE,0.0,0.0,0.0,0.0,0.0,0.0,0,0,0.0,0.0,,,,,,,,,,,,
800,2026-04-27T10:00:12.588Z,S20260427_105921,N/A,AUTO,,51.0528,0.0613,N/A,0,1500,VIDE,0.0,0.0,0.0,0.0,0.0,0.0,0,0,0.0,0.0,,,,,,,,,,,,
801,2026-04-27T10:00:12.656Z,S20260427_105921,N/A,AUTO,,51.1208,0.068,N/A,0,1500,VIDE,0.0,0.0,0.0,0.0,0.0,0.0,0,0,0.0,0.0,,,,,,,,,,,,
802,2026-04-27T10:00:12.717Z,S20260427_105921,N/A,AUTO,,51.182,0.0612,N/A,0,1500,VIDE,0.0,0.0,0.0,0.0,0.0,0.0,0,0,0.0,0.0,,,,,,,,,,,,
803,2026-04-27T10:00:12.779Z,S20260427_105921,N/A,AUTO,,51.2443,0.0624,N/A,0,1500,VIDE,0.0,0.0,0.0,0.0,0.0,0.0,0,0,0.0,0.0,,,,,,,,,,,,
804,2026-04-27T10:00:12.840Z,S20260427_105921,N/A,AUTO,,51.3053,0.061,N/A,0,1500,VIDE,0.0,0.0,0.0,0.0,0.0,0.0,0,0,0.0,0.0,,,,,,,,,,,,
805,2026-04-27T10:00:12.907Z,S20260427_105921,N/A,AUTO,,51.3719,0.0666,N/A,0,1500,VIDE,0.0,0.0,0.0,0.0,0.0,0.0,0,0,0.0,0.0,,,,,,,,,,,,
806,2026-04-27T10:00:12.976Z,S20260427_105921,N/A,AUTO,,51.4405,0.0685,N/A,0,1500,VIDE,0.0,0.0,0.0,0.0,0.0,0.0,0,0,0.0,0.0,,,,,,,,,,,,
807,2026-04-27T10:00:13.027Z,S20260427_105921,N/A,AUTO,,51.4923,0.0518,N/A,0,1500,VIDE,0.0,0.0,0.0,0.0,0.0,0.0,0,0,0.0,0.0,,,,,,,,,,,,
808,2026-04-27T10:00:13.089Z,S20260427_105921,N/A,AUTO,,51.5542,0.062,N/A,0,1500,VIDE,0.0,0.0,0.0,0.0,0.0,0.0,0,0,0.0,0.0,,,,,,,,,,,,
809,2026-04-27T10:00:13.164Z,S20260427_105921,N/A,AUTO,,51.6286,0.0743,N/A,0,1500,VIDE,0.0,0.0,0.0,0.0,0.0,0.0,0,0,0.0,0.0,,,,,,,,,,,,
810,2026-04-27T10:00:13.214Z,S20260427_105921,N/A,AUTO,,51.6792,0.0506,N/A,0,1500,VIDE,0.0,0.0,0.0,0.0,0.0,0.0,0,0,0.0,0.0,,,,,,,,,,,,
811,2026-04-27T10:00:13.290Z,S20260427_105921,N/A,AUTO,,51.7545,0.0753,N/A,0,1500,VIDE,0.0,0.0,0.0,0.0,0.0,0.0,0,0,0.0,0.0,,,,,,,,,,,,
812,2026-04-27T10:00:13.338Z,S20260427_105921,N/A,AUTO,,51.8026,0.0481,N/A,0,1500,VIDE,0.0,0.0,0.0,0.0,0.0,0.0,0,0,0.0,0.0,,,,,,,,,,,,
813,2026-04-27T10:00:13.415Z,S20260427_105921,N/A,AUTO,,51.8796,0.0771,N/A,0,1500,VIDE,0.0,0.0,0.0,0.0,0.0,0.0,0,0,0.0,0.0,,,,,,,,,,,,
814,2026-04-27T10:00:13.475Z,S20260427_105921,N/A,AUTO,,51.9402,0.0606,N/A,0,1500,VIDE,0.0,0.0,0.0,0.0,0.0,0.0,0,0,0.0,0.0,,,,,,,,,,,,
815,2026-04-27T10:00:13.527Z,S20260427_105921,N/A,AUTO,,51.9921,0.0519,N/A,0,1500,VIDE,0.0,0.0,0.0,0.0,0.0,0.0,0,0,0.0,0.0,,,,,,,,,,,,
816,2026-04-27T10:00:13.588Z,S20260427_105921,N/A,AUTO,,52.0527,0.0606,N/A,0,1500,VIDE,0.0,0.0,0.0,0.0,0.0,0.0,0,0,0.0,0.0,,,,,,,,,,,,
817,2026-04-27T10:00:13.657Z,S20260427_105921,N/A,AUTO,,52.122,0.0693,N/A,0,1500,VIDE,0.0,0.0,0.0,0.0,0.0,0.0,0,0,0.0,0.0,,,,,,,,,,,,
818,2026-04-27T10:00:13.720Z,S20260427_105921,N/A,AUTO,,52.1848,0.0628,N/A,0,1500,VIDE,0.0,0.0,0.0,0.0,0.0,0.0,0,0,0.0,0.0,,,,,,,,,,,,
819,2026-04-27T10:00:13.784Z,S20260427_105921,N/A,AUTO,,52.2487,0.0639,N/A,0,1500,VIDE,0.0,0.0,0.0,0.0,0.0,0.0,0,0,0.0,0.0,,,,,,,,,,,,
820,2026-04-27T10:00:13.838Z,S20260427_105921,N/A,AUTO,,52.3028,0.0541,N/A,0,1500,VIDE,0.0,0.0,0.0,0.0,0.0,0.0,0,0,0.0,0.0,,,,,,,,,,,,
821,2026-04-27T10:00:13.899Z,S20260427_105921,N/A,AUTO,,52.3637,0.0609,N/A,0,1500,VIDE,0.0,0.0,0.0,0.0,0.0,0.0,0,0,0.0,0.0,,,,,,,,,,,,
822,2026-04-27T10:00:13.977Z,S20260427_105921,N/A,AUTO,,52.4418,0.078,N/A,0,1500,VIDE,0.0,0.0,0.0,0.0,0.0,0.0,0,0,0.0,0.0,,,,,,,,,,,,
823,2026-04-27T10:00:14.034Z,S20260427_105921,N/A,AUTO,,52.4986,0.0568,N/A,0,1500,VIDE,0.0,0.0,0.0,0.0,0.0,0.0,0,0,0.0,0.0,,,,,,,,,,,,
824,2026-04-27T10:00:14.089Z,S20260427_105921,N/A,AUTO,,52.5541,0.0554,N/A,0,1500,VIDE,0.0,0.0,0.0,0.0,0.0,0.0,0,0,0.0,0.0,,,,,,,,,,,,
825,2026-04-27T10:00:14.163Z,S20260427_105921,N/A,AUTO,,52.628,0.0739,N/A,0,1500,VIDE,0.0,0.0,0.0,0.0,0.0,0.0,0,0,0.0,0.0,,,,,,,,,,,,
826,2026-04-27T10:00:14.215Z,S20260427_105921,N/A,AUTO,,52.6795,0.0515,N/A,0,1500,VIDE,0.0,0.0,0.0,0.0,0.0,0.0,0,0,0.0,0.0,,,,,,,,,,,,
827,2026-04-27T10:00:14.276Z,S20260427_105921,N/A,AUTO,,52.7407,0.0612,N/A,0,1500,VIDE,0.0,0.0,0.0,0.0,0.0,0.0,0,0,0.0,0.0,,,,,,,,,,,,
828,2026-04-27T10:00:14.340Z,S20260427_105921,N/A,AUTO,,52.8049,0.0642,N/A,0,1500,VIDE,0.0,0.0,0.0,0.0,0.0,0.0,0,0,0.0,0.0,,,,,,,,,,,,
829,2026-04-27T10:00:14.401Z,S20260427_105921,N/A,AUTO,,52.8664,0.0614,N/A,0,1500,VIDE,0.0,0.0,0.0,0.0,0.0,0.0,0,0,0.0,0.0,,,,,,,,,,,,
830,2026-04-27T10:00:14.464Z,S20260427_105921,N/A,AUTO,,52.9291,0.0628,N/A,0,1500,VIDE,0.0,0.0,0.0,0.0,0.0,0.0,0,0,0.0,0.0,,,,,,,,,,,,
831,2026-04-27T10:00:14.531Z,S20260427_105921,N/A,AUTO,,52.996,0.0668,N/A,0,1500,VIDE,0.0,0.0,0.0,0.0,0.0,0.0,0,0,0.0,0.0,,,,,,,,,,,,
832,2026-04-27T10:00:14.589Z,S20260427_105921,N/A,AUTO,,53.0541,0.0581,N/A,0,1500,VIDE,0.0,0.0,0.0,0.0,0.0,0.0,0,0,0.0,0.0,,,,,,,,,,,,
833,2026-04-27T10:00:14.658Z,S20260427_105921,N/A,AUTO,,53.1226,0.0686,N/A,0,1500,VIDE,0.0,0.0,0.0,0.0,0.0,0.0,0,0,0.0,0.0,,,,,,,,,,,,
834,2026-04-27T10:00:14.717Z,S20260427_105921,N/A,AUTO,,53.1821,0.0594,N/A,0,1500,VIDE,0.0,0.0,0.0,0.0,0.0,0.0,0,0,0.0,0.0,,,,,,,,,,,,
835,2026-04-27T10:00:14.774Z,S20260427_105921,N/A,AUTO,,53.2392,0.0572,N/A,0,1500,VIDE,0.0,0.0,0.0,0.0,0.0,0.0,0,0,0.0,0.0,,,,,,,,,,,,
836,2026-04-27T10:00:14.838Z,S20260427_105921,N/A,AUTO,,53.3027,0.0635,N/A,0,1500,VIDE,0.0,0.0,0.0,0.0,0.0,0.0,0,0,0.0,0.0,,,,,,,,,,,,
837,2026-04-27T10:00:14.901Z,S20260427_105921,N/A,AUTO,,53.366,0.0633,N/A,0,1500,VIDE,0.0,0.0,0.0,0.0,0.0,0.0,0,0,0.0,0.0,,,,,,,,,,,,
838,2026-04-27T10:00:14.966Z,S20260427_105921,N/A,AUTO,,53.4305,0.0645,N/A,0,1500,VIDE,0.0,0.0,0.0,0.0,0.0,0.0,0,0,0.0,0.0,,,,,,,,,,,,
839,2026-04-27T10:00:15.039Z,S20260427_105921,N/A,AUTO,,53.5038,0.0733,N/A,0,1500,VIDE,0.0,0.0,0.0,0.0,0.0,0.0,0,0,0.0,0.0,,,,,,,,,,,,
840,2026-04-27T10:00:15.087Z,S20260427_105921,N/A,AUTO,,53.552,0.0481,N/A,0,1500,VIDE,0.0,0.0,0.0,0.0,0.0,0.0,0,0,0.0,0.0,,,,,,,,,,,,
841,2026-04-27T10:00:15.153Z,S20260427_105921,N/A,AUTO,,53.6183,0.0664,N/A,0,1500,VIDE,0.0,0.0,0.0,0.0,0.0,0.0,0,0,0.0,0.0,,,,,,,,,,,,
842,2026-04-27T10:00:15.214Z,S20260427_105921,N/A,AUTO,,53.6793,0.061,N/A,0,1500,VIDE,0.0,0.0,0.0,0.0,0.0,0.0,0,0,0.0,0.0,,,,,,,,,,,,
843,2026-04-27T10:00:15.284Z,S20260427_105921,N/A,AUTO,,53.7486,0.0694,N/A,0,1500,VIDE,0.0,0.0,0.0,0.0,0.0,0.0,0,0,0.0,0.0,,,,,,,,,,,,
844,2026-04-27T10:00:15.338Z,S20260427_105921,N/A,AUTO,,53.8029,0.0543,N/A,0,1500,VIDE,0.0,0.0,0.0,0.0,0.0,0.0,0,0,0.0,0.0,,,,,,,,,,,,
845,2026-04-27T10:00:15.399Z,S20260427_105921,N/A,AUTO,,53.864,0.0611,N/A,0,1500,VIDE,0.0,0.0,0.0,0.0,0.0,0.0,0,0,0.0,0.0,,,,,,,,,,,,
846,2026-04-27T10:00:15.475Z,S20260427_105921,N/A,AUTO,,53.9402,0.0762,N/A,0,1500,VIDE,0.0,0.0,0.0,0.0,0.0,0.0,0,0,0.0,0.0,,,,,,,,,,,,
847,2026-04-27T10:00:15.534Z,S20260427_105921,N/A,AUTO,,53.9993,0.059,N/A,0,1500,VIDE,0.0,0.0,0.0,0.0,0.0,0.0,0,0,0.0,0.0,,,,,,,,,,,,
848,2026-04-27T10:00:15.591Z,S20260427_105921,N/A,AUTO,,54.056,0.0567,N/A,0,1500,VIDE,0.0,0.0,0.0,0.0,0.0,0.0,0,0,0.0,0.0,,,,,,,,,,,,
849,2026-04-27T10:00:15.658Z,S20260427_105921,N/A,AUTO,,54.1229,0.0669,N/A,0,1500,VIDE,0.0,0.0,0.0,0.0,0.0,0.0,0,0,0.0,0.0,,,,,,,,,,,,
850,2026-04-27T10:00:15.714Z,S20260427_105921,N/A,AUTO,,54.1789,0.056,N/A,0,1500,VIDE,0.0,0.0,0.0,0.0,0.0,0.0,0,0,0.0,0.0,,,,,,,,,,,,
851,2026-04-27T10:00:15.777Z,S20260427_105921,N/A,AUTO,,54.2415,0.0627,N/A,0,1500,VIDE,0.0,0.0,0.0,0.0,0.0,0.0,0,0,0.0,0.0,,,,,,,,,,,,
852,2026-04-27T10:00:15.841Z,S20260427_105921,N/A,AUTO,,54.3056,0.0641,N/A,0,1500,VIDE,0.0,0.0,0.0,0.0,0.0,0.0,0,0,0.0,0.0,,,,,,,,,,,,
853,2026-04-27T10:00:15.904Z,S20260427_105921,N/A,AUTO,,54.3688,0.0631,N/A,0,1500,VIDE,0.0,0.0,0.0,0.0,0.0,0.0,0,0,0.0,0.0,,,,,,,,,,,,
854,2026-04-27T10:00:15.968Z,S20260427_105921,N/A,AUTO,,54.4325,0.0637,N/A,0,1500,VIDE,0.0,0.0,0.0,0.0,0.0,0.0,0,0,0.0,0.0,,,,,,,,,,,,
855,2026-04-27T10:00:16.027Z,S20260427_105921,N/A,AUTO,,54.4917,0.0593,N/A,0,1500,VIDE,0.0,0.0,0.0,0.0,0.0,0.0,0,0,0.0,0.0,,,,,,,,,,,,
856,2026-04-27T10:00:16.092Z,S20260427_105921,N/A,AUTO,,54.5564,0.0647,N/A,0,1500,VIDE,0.0,0.0,0.0,0.0,0.0,0.0,0,0,0.0,0.0,,,,,,,,,,,,
857,2026-04-27T10:00:16.164Z,S20260427_105921,N/A,AUTO,,54.6287,0.0722,N/A,0,1500,VIDE,0.0,0.0,0.0,0.0,0.0,0.0,0,0,0.0,0.0,,,,,,,,,,,,
858,2026-04-27T10:00:16.217Z,S20260427_105921,N/A,AUTO,,54.6817,0.053,N/A,0,1500,VIDE,0.0,0.0,0.0,0.0,0.0,0.0,0,0,0.0,0.0,,,,,,,,,,,,
859,2026-04-27T10:00:16.279Z,S20260427_105921,N/A,AUTO,,54.7441,0.0624,N/A,0,1500,VIDE,0.0,0.0,0.0,0.0,0.0,0.0,0,0,0.0,0.0,,,,,,,,,,,,
860,2026-04-27T10:00:16.346Z,S20260427_105921,N/A,AUTO,,54.8108,0.0667,N/A,0,1500,VIDE,0.0,0.0,0.0,0.0,0.0,0.0,0,0,0.0,0.0,,,,,,,,,,,,
861,2026-04-27T10:00:16.401Z,S20260427_105921,N/A,AUTO,,54.8664,0.0556,N/A,0,1500,VIDE,0.0,0.0,0.0,0.0,0.0,0.0,0,0,0.0,0.0,,,,,,,,,,,,
862,2026-04-27T10:00:16.462Z,S20260427_105921,N/A,AUTO,,54.9268,0.0604,N/A,0,1500,VIDE,0.0,0.0,0.0,0.0,0.0,0.0,0,0,0.0,0.0,,,,,,,,,,,,
863,2026-04-27T10:00:16.538Z,S20260427_105921,N/A,AUTO,,55.003,0.0762,N/A,0,1500,VIDE,0.0,0.0,0.0,0.0,0.0,0.0,0,0,0.0,0.0,,,,,,,,,,,,
864,2026-04-27T10:00:16.588Z,S20260427_105921,N/A,AUTO,,55.0529,0.0499,N/A,0,1500,VIDE,0.0,0.0,0.0,0.0,0.0,0.0,0,0,0.0,0.0,,,,,,,,,,,,
865,2026-04-27T10:00:16.657Z,S20260427_105921,N/A,AUTO,,55.1221,0.0692,N/A,0,1500,VIDE,0.0,0.0,0.0,0.0,0.0,0.0,0,0,0.0,0.0,,,,,,,,,,,,
866,2026-04-27T10:00:16.712Z,S20260427_105921,N/A,AUTO,,55.1773,0.0552,N/A,0,1500,VIDE,0.0,0.0,0.0,0.0,0.0,0.0,0,0,0.0,0.0,,,,,,,,,,,,
867,2026-04-27T10:00:16.777Z,S20260427_105921,N/A,AUTO,,55.2414,0.0641,N/A,0,1500,VIDE,0.0,0.0,0.0,0.0,0.0,0.0,0,0,0.0,0.0,,,,,,,,,,,,
868,2026-04-27T10:00:16.837Z,S20260427_105921,N/A,AUTO,,55.3023,0.0608,N/A,0,1500,VIDE,0.0,0.0,0.0,0.0,0.0,0.0,0,0,0.0,0.0,,,,,,,,,,,,
869,2026-04-27T10:00:16.902Z,S20260427_105921,N/A,AUTO,,55.3665,0.0642,N/A,0,1500,VIDE,0.0,0.0,0.0,0.0,0.0,0.0,0,0,0.0,0.0,,,,,,,,,,,,
870,2026-04-27T10:00:16.963Z,S20260427_105921,N/A,AUTO,,55.4275,0.061,N/A,0,1500,VIDE,0.0,0.0,0.0,0.0,0.0,0.0,0,0,0.0,0.0,,,,,,,,,,,,
871,2026-04-27T10:00:17.026Z,S20260427_105921,N/A,AUTO,,55.4911,0.0636,N/A,0,1500,VIDE,0.0,0.0,0.0,0.0,0.0,0.0,0,0,0.0,0.0,,,,,,,,,,,,
872,2026-04-27T10:00:17.096Z,S20260427_105921,N/A,AUTO,,55.5609,0.0698,N/A,0,1500,VIDE,0.0,0.0,0.0,0.0,0.0,0.0,0,0,0.0,0.0,,,,,,,,,,,,
873,2026-04-27T10:00:17.153Z,S20260427_105921,N/A,AUTO,,55.6176,0.0567,N/A,0,1500,VIDE,0.0,0.0,0.0,0.0,0.0,0.0,0,0,0.0,0.0,,,,,,,,,,,,
874,2026-04-27T10:00:17.225Z,S20260427_105921,N/A,AUTO,,55.6896,0.0719,N/A,0,1500,VIDE,0.0,0.0,0.0,0.0,0.0,0.0,0,0,0.0,0.0,,,,,,,,,,,,
875,2026-04-27T10:00:17.282Z,S20260427_105921,N/A,AUTO,,55.747,0.0574,N/A,0,1500,VIDE,0.0,0.0,0.0,0.0,0.0,0.0,0,0,0.0,0.0,,,,,,,,,,,,
876,2026-04-27T10:00:17.346Z,S20260427_105921,N/A,AUTO,,55.811,0.064,N/A,0,1500,VIDE,0.0,0.0,0.0,0.0,0.0,0.0,0,0,0.0,0.0,,,,,,,,,,,,
877,2026-04-27T10:00:17.402Z,S20260427_105921,N/A,AUTO,,55.8664,0.0554,N/A,0,1500,VIDE,0.0,0.0,0.0,0.0,0.0,0.0,0,0,0.0,0.0,,,,,,,,,,,,
878,2026-04-27T10:00:17.463Z,S20260427_105921,N/A,AUTO,,55.9278,0.0614,N/A,0,1500,VIDE,0.0,0.0,0.0,0.0,0.0,0.0,0,0,0.0,0.0,,,,,,,,,,,,
879,2026-04-27T10:00:17.535Z,S20260427_105921,N/A,AUTO,,55.9995,0.0717,N/A,0,1500,VIDE,0.0,0.0,0.0,0.0,0.0,0.0,0,0,0.0,0.0,,,,,,,,,,,,
880,2026-04-27T10:00:17.599Z,S20260427_105921,N/A,AUTO,,56.0636,0.0641,N/A,0,1500,VIDE,0.0,0.0,0.0,0.0,0.0,0.0,0,0,0.0,0.0,,,,,,,,,,,,
881,2026-04-27T10:00:17.658Z,S20260427_105921,N/A,AUTO,,56.1234,0.0597,N/A,0,1500,VIDE,0.0,0.0,0.0,0.0,0.0,0.0,0,0,0.0,0.0,,,,,,,,,,,,
882,2026-04-27T10:00:17.713Z,S20260427_105921,N/A,AUTO,,56.1774,0.0541,N/A,0,1500,VIDE,0.0,0.0,0.0,0.0,0.0,0.0,0,0,0.0,0.0,,,,,,,,,,,,
883,2026-04-27T10:00:17.777Z,S20260427_105921,N/A,AUTO,,56.2414,0.064,N/A,0,1500,VIDE,0.0,0.0,0.0,0.0,0.0,0.0,0,0,0.0,0.0,,,,,,,,,,,,
884,2026-04-27T10:00:17.842Z,S20260427_105921,N/A,AUTO,,56.3069,0.0655,N/A,0,1500,VIDE,0.0,0.0,0.0,0.0,0.0,0.0,0,0,0.0,0.0,,,,,,,,,,,,
885,2026-04-27T10:00:17.902Z,S20260427_105921,N/A,AUTO,,56.3665,0.0596,N/A,0,1500,VIDE,0.0,0.0,0.0,0.0,0.0,0.0,0,0,0.0,0.0,,,,,,,,,,,,
886,2026-04-27T10:00:17.963Z,S20260427_105921,N/A,AUTO,,56.4274,0.0609,N/A,0,1500,VIDE,0.0,0.0,0.0,0.0,0.0,0.0,0,0,0.0,0.0,,,,,,,,,,,,
887,2026-04-27T10:00:18.025Z,S20260427_105921,N/A,AUTO,,56.4904,0.0629,N/A,0,1500,VIDE,0.0,0.0,0.0,0.0,0.0,0.0,0,0,0.0,0.0,,,,,,,,,,,,
888,2026-04-27T10:00:18.092Z,S20260427_105921,N/A,AUTO,,56.5568,0.0665,N/A,0,1500,VIDE,0.0,0.0,0.0,0.0,0.0,0.0,0,0,0.0,0.0,,,,,,,,,,,,
889,2026-04-27T10:00:18.164Z,S20260427_105921,N/A,AUTO,,56.6285,0.0716,N/A,0,1500,VIDE,0.0,0.0,0.0,0.0,0.0,0.0,0,0,0.0,0.0,,,,,,,,,,,,
890,2026-04-27T10:00:18.219Z,S20260427_105921,N/A,AUTO,,56.6841,0.0557,N/A,0,1500,VIDE,0.0,0.0,0.0,0.0,0.0,0.0,0,0,0.0,0.0,,,,,,,,,,,,
891,2026-04-27T10:00:18.276Z,S20260427_105921,N/A,AUTO,,56.741,0.0568,N/A,0,1500,VIDE,0.0,0.0,0.0,0.0,0.0,0.0,0,0,0.0,0.0,,,,,,,,,,,,
892,2026-04-27T10:00:18.338Z,S20260427_105921,N/A,AUTO,,56.8025,0.0615,N/A,0,1500,VIDE,0.0,0.0,0.0,0.0,0.0,0.0,0,0,0.0,0.0,,,,,,,,,,,,
893,2026-04-27T10:00:18.401Z,S20260427_105921,N/A,AUTO,,56.866,0.0635,N/A,0,1500,VIDE,0.0,0.0,0.0,0.0,0.0,0.0,0,0,0.0,0.0,,,,,,,,,,,,
894,2026-04-27T10:00:18.469Z,S20260427_105921,N/A,AUTO,,56.9334,0.0674,N/A,0,1500,VIDE,0.0,0.0,0.0,0.0,0.0,0.0,0,0,0.0,0.0,,,,,,,,,,,,
895,2026-04-27T10:00:18.537Z,S20260427_105921,N/A,AUTO,,57.0017,0.0682,N/A,0,1500,VIDE,0.0,0.0,0.0,0.0,0.0,0.0,0,0,0.0,0.0,,,,,,,,,,,,
896,2026-04-27T10:00:18.588Z,S20260427_105921,N/A,AUTO,,57.0527,0.051,N/A,0,1500,VIDE,0.0,0.0,0.0,0.0,0.0,0.0,0,0,0.0,0.0,,,,,,,,,,,,
897,2026-04-27T10:00:18.661Z,S20260427_105921,N/A,AUTO,,57.1258,0.0732,N/A,0,1500,VIDE,0.0,0.0,0.0,0.0,0.0,0.0,0,0,0.0,0.0,,,,,,,,,,,,
898,2026-04-27T10:00:18.718Z,S20260427_105921,N/A,AUTO,,57.1831,0.0573,N/A,0,1500,VIDE,0.0,0.0,0.0,0.0,0.0,0.0,0,0,0.0,0.0,,,,,,,,,,,,
899,2026-04-27T10:00:18.775Z,S20260427_105921,N/A,AUTO,,57.2401,0.057,N/A,0,1500,VIDE,0.0,0.0,0.0,0.0,0.0,0.0,0,0,0.0,0.0,,,,,,,,,,,,
900,2026-04-27T10:00:18.855Z,S20260427_105921,N/A,AUTO,,57.3195,0.0794,N/A,0,1500,VIDE,0.0,0.0,0.0,0.0,0.0,0.0,0,0,0.0,0.0,,,,,,,,,,,,
901,2026-04-27T10:00:18.919Z,S20260427_105921,N/A,AUTO,,57.3836,0.0641,N/A,0,1500,VIDE,0.0,0.0,0.0,0.0,0.0,0.0,0,0,0.0,0.0,,,,,,,,,,,,
902,2026-04-27T10:00:18.978Z,S20260427_105921,N/A,AUTO,,57.4433,0.0597,N/A,0,1500,VIDE,0.0,0.0,0.0,0.0,0.0,0.0,0,0,0.0,0.0,,,,,,,,,,,,
903,2026-04-27T10:00:19.041Z,S20260427_105921,N/A,AUTO,,57.5056,0.0624,N/A,0,1500,VIDE,0.0,0.0,0.0,0.0,0.0,0.0,0,0,0.0,0.0,,,,,,,,,,,,
904,2026-04-27T10:00:19.113Z,S20260427_105921,N/A,AUTO,,57.5779,0.0722,N/A,0,1500,VIDE,0.0,0.0,0.0,0.0,0.0,0.0,0,0,0.0,0.0,,,,,,,,,,,,
905,2026-04-27T10:00:19.170Z,S20260427_105921,N/A,AUTO,,57.6346,0.0567,N/A,0,1500,VIDE,0.0,0.0,0.0,0.0,0.0,0.0,0,0,0.0,0.0,,,,,,,,,,,,
906,2026-04-27T10:00:19.229Z,S20260427_105921,N/A,AUTO,,57.6937,0.0591,N/A,0,1500,VIDE,0.0,0.0,0.0,0.0,0.0,0.0,0,0,0.0,0.0,,,,,,,,,,,,
907,2026-04-27T10:00:19.296Z,S20260427_105921,N/A,AUTO,,57.7609,0.0672,N/A,0,1500,VIDE,0.0,0.0,0.0,0.0,0.0,0.0,0,0,0.0,0.0,,,,,,,,,,,,
908,2026-04-27T10:00:19.357Z,S20260427_105921,N/A,AUTO,,57.8219,0.061,N/A,0,1500,VIDE,0.0,0.0,0.0,0.0,0.0,0.0,0,0,0.0,0.0,,,,,,,,,,,,
909,2026-04-27T10:00:19.419Z,S20260427_105921,N/A,AUTO,,57.8834,0.0615,N/A,0,1500,VIDE,0.0,0.0,0.0,0.0,0.0,0.0,0,0,0.0,0.0,,,,,,,,,,,,
910,2026-04-27T10:00:19.478Z,S20260427_105921,N/A,AUTO,,57.943,0.0596,N/A,0,1500,VIDE,0.0,0.0,0.0,0.0,0.0,0.0,0,0,0.0,0.0,,,,,,,,,,,,
911,2026-04-27T10:00:19.554Z,S20260427_105921,N/A,AUTO,,58.0192,0.0762,N/A,0,1500,VIDE,0.0,0.0,0.0,0.0,0.0,0.0,0,0,0.0,0.0,,,,,,,,,,,,
912,2026-04-27T10:00:19.607Z,S20260427_105921,N/A,AUTO,,58.0716,0.0523,N/A,0,1500,VIDE,0.0,0.0,0.0,0.0,0.0,0.0,0,0,0.0,0.0,,,,,,,,,,,,
913,2026-04-27T10:00:19.665Z,S20260427_105921,N/A,AUTO,,58.1303,0.0587,N/A,0,1500,VIDE,0.0,0.0,0.0,0.0,0.0,0.0,0,0,0.0,0.0,,,,,,,,,,,,
914,2026-04-27T10:00:19.736Z,S20260427_105921,N/A,AUTO,,58.2013,0.071,N/A,0,1500,VIDE,0.0,0.0,0.0,0.0,0.0,0.0,0,0,0.0,0.0,,,,,,,,,,,,
915,2026-04-27T10:00:19.793Z,S20260427_105921,N/A,AUTO,,58.2576,0.0563,N/A,0,1500,VIDE,0.0,0.0,0.0,0.0,0.0,0.0,0,0,0.0,0.0,,,,,,,,,,,,
916,2026-04-27T10:00:19.858Z,S20260427_105921,N/A,AUTO,,58.3227,0.0651,N/A,0,1500,VIDE,0.0,0.0,0.0,0.0,0.0,0.0,0,0,0.0,0.0,,,,,,,,,,,,
917,2026-04-27T10:00:19.918Z,S20260427_105921,N/A,AUTO,,58.3832,0.0606,N/A,0,1500,VIDE,0.0,0.0,0.0,0.0,0.0,0.0,0,0,0.0,0.0,,,,,,,,,,,,
918,2026-04-27T10:00:19.984Z,S20260427_105921,N/A,AUTO,,58.4493,0.066,N/A,0,1500,VIDE,0.0,0.0,0.0,0.0,0.0,0.0,0,0,0.0,0.0,,,,,,,,,,,,
919,2026-04-27T10:00:20.054Z,S20260427_105921,N/A,AUTO,,58.5191,0.0699,N/A,0,1500,VIDE,0.0,0.0,0.0,0.0,0.0,0.0,0,0,0.0,0.0,,,,,,,,,,,,
920,2026-04-27T10:00:20.109Z,S20260427_105921,N/A,AUTO,,58.5742,0.055,N/A,0,1500,VIDE,0.0,0.0,0.0,0.0,0.0,0.0,0,0,0.0,0.0,,,,,,,,,,,,
921,2026-04-27T10:00:20.170Z,S20260427_105921,N/A,AUTO,,58.6348,0.0607,N/A,0,1500,VIDE,0.0,0.0,0.0,0.0,0.0,0.0,0,0,0.0,0.0,,,,,,,,,,,,
922,2026-04-27T10:00:20.229Z,S20260427_105921,N/A,AUTO,,58.6935,0.0586,N/A,0,1500,VIDE,0.0,0.0,0.0,0.0,0.0,0.0,0,0,0.0,0.0,,,,,,,,,,,,
923,2026-04-27T10:00:20.299Z,S20260427_105921,N/A,AUTO,,58.7637,0.0702,N/A,0,1500,VIDE,0.0,0.0,0.0,0.0,0.0,0.0,0,0,0.0,0.0,,,,,,,,,,,,
924,2026-04-27T10:00:20.354Z,S20260427_105921,N/A,AUTO,,58.8192,0.0555,N/A,0,1500,VIDE,0.0,0.0,0.0,0.0,0.0,0.0,0,0,0.0,0.0,,,,,,,,,,,,
925,2026-04-27T10:00:20.417Z,S20260427_105921,N/A,AUTO,,58.8817,0.0625,N/A,0,1500,VIDE,0.0,0.0,0.0,0.0,0.0,0.0,0,0,0.0,0.0,,,,,,,,,,,,
926,2026-04-27T10:00:20.479Z,S20260427_105921,N/A,AUTO,,58.9439,0.0623,N/A,0,1500,VIDE,0.0,0.0,0.0,0.0,0.0,0.0,0,0,0.0,0.0,,,,,,,,,,,,
927,2026-04-27T10:00:20.545Z,S20260427_105921,N/A,AUTO,,59.0095,0.0656,N/A,0,1500,VIDE,0.0,0.0,0.0,0.0,0.0,0.0,0,0,0.0,0.0,,,,,,,,,,,,
928,2026-04-27T10:00:20.608Z,S20260427_105921,N/A,AUTO,,59.0727,0.0632,N/A,0,1500,VIDE,0.0,0.0,0.0,0.0,0.0,0.0,0,0,0.0,0.0,,,,,,,,,,,,
929,2026-04-27T10:00:20.665Z,S20260427_105921,N/A,AUTO,,59.1302,0.0575,N/A,0,1500,VIDE,0.0,0.0,0.0,0.0,0.0,0.0,0,0,0.0,0.0,,,,,,,,,,,,
930,2026-04-27T10:00:20.729Z,S20260427_105921,N/A,AUTO,,59.1941,0.0639,N/A,0,1500,VIDE,0.0,0.0,0.0,0.0,0.0,0.0,0,0,0.0,0.0,,,,,,,,,,,,
931,2026-04-27T10:00:20.793Z,S20260427_105921,N/A,AUTO,,59.258,0.0639,N/A,0,1500,VIDE,0.0,0.0,0.0,0.0,0.0,0.0,0,0,0.0,0.0,,,,,,,,,,,,
932,2026-04-27T10:00:20.853Z,S20260427_105921,N/A,AUTO,,59.318,0.0599,N/A,0,1500,VIDE,0.0,0.0,0.0,0.0,0.0,0.0,0,0,0.0,0.0,,,,,,,,,,,,
933,2026-04-27T10:00:20.921Z,S20260427_105921,N/A,AUTO,,59.3862,0.0682,N/A,0,1500,VIDE,0.0,0.0,0.0,0.0,0.0,0.0,0,0,0.0,0.0,,,,,,,,,,,,
934,2026-04-27T10:00:20.979Z,S20260427_105921,N/A,AUTO,,59.4441,0.0579,N/A,0,1500,VIDE,0.0,0.0,0.0,0.0,0.0,0.0,0,0,0.0,0.0,,,,,,,,,,,,
935,2026-04-27T10:00:21.054Z,S20260427_105921,N/A,AUTO,,59.5194,0.0753,N/A,0,1500,VIDE,0.0,0.0,0.0,0.0,0.0,0.0,0,0,0.0,0.0,,,,,,,,,,,,
936,2026-04-27T10:00:21.106Z,S20260427_105921,N/A,AUTO,,59.5708,0.0515,N/A,0,1500,VIDE,0.0,0.0,0.0,0.0,0.0,0.0,0,0,0.0,0.0,,,,,,,,,,,,
937,2026-04-27T10:00:21.170Z,S20260427_105921,N/A,AUTO,,59.6347,0.0639,N/A,0,1500,VIDE,0.0,0.0,0.0,0.0,0.0,0.0,0,0,0.0,0.0,,,,,,,,,,,,
938,2026-04-27T10:00:21.229Z,S20260427_105921,N/A,AUTO,,59.6935,0.0588,N/A,0,1500,VIDE,0.0,0.0,0.0,0.0,0.0,0.0,0,0,0.0,0.0,,,,,,,,,,,,
939,2026-04-27T10:00:21.290Z,S20260427_105921,N/A,AUTO,,59.7552,0.0617,N/A,0,1500,VIDE,0.0,0.0,0.0,0.0,0.0,0.0,0,0,0.0,0.0,,,,,,,,,,,,
940,2026-04-27T10:00:21.357Z,S20260427_105921,N/A,AUTO,,59.8219,0.0667,N/A,0,1500,VIDE,0.0,0.0,0.0,0.0,0.0,0.0,0,0,0.0,0.0,,,,,,,,,,,,
941,2026-04-27T10:00:21.418Z,S20260427_105921,N/A,AUTO,,59.883,0.0611,N/A,0,1500,VIDE,0.0,0.0,0.0,0.0,0.0,0.0,0,0,0.0,0.0,,,,,,,,,,,,
942,2026-04-27T10:00:21.492Z,S20260427_105921,N/A,AUTO,,59.9566,0.0736,N/A,0,1500,VIDE,0.0,0.0,0.0,0.0,0.0,0.0,0,0,0.0,0.0,,,,,,,,,,,,
943,2026-04-27T10:00:21.543Z,S20260427_105921,N/A,AUTO,,60.008,0.0515,N/A,0,1500,VIDE,0.0,0.0,0.0,0.0,0.0,0.0,0,0,0.0,0.0,,,,,,,,,,,,
944,2026-04-27T10:00:21.604Z,S20260427_105921,N/A,AUTO,,60.0694,0.0613,N/A,0,1500,VIDE,0.0,0.0,0.0,0.0,0.0,0.0,0,0,0.0,0.0,,,,,,,,,,,,
945,2026-04-27T10:00:21.669Z,S20260427_105921,N/A,AUTO,,60.1338,0.0644,N/A,0,1500,VIDE,0.0,0.0,0.0,0.0,0.0,0.0,0,0,0.0,0.0,,,,,,,,,,,,
946,2026-04-27T10:00:21.737Z,S20260427_105921,N/A,AUTO,,60.2018,0.068,N/A,0,1500,VIDE,0.0,0.0,0.0,0.0,0.0,0.0,0,0,0.0,0.0,,,,,,,,,,,,
947,2026-04-27T10:00:21.792Z,S20260427_105921,N/A,AUTO,,60.2569,0.0551,N/A,0,1500,VIDE,0.0,0.0,0.0,0.0,0.0,0.0,0,0,0.0,0.0,,,,,,,,,,,,
948,2026-04-27T10:00:21.852Z,S20260427_105921,N/A,AUTO,,60.3171,0.0602,N/A,0,1500,VIDE,0.0,0.0,0.0,0.0,0.0,0.0,0,0,0.0,0.0,,,,,,,,,,,,
949,2026-04-27T10:00:21.916Z,S20260427_105921,N/A,AUTO,,60.3809,0.0638,N/A,0,1500,VIDE,0.0,0.0,0.0,0.0,0.0,0.0,0,0,0.0,0.0,,,,,,,,,,,,
950,2026-04-27T10:00:21.981Z,S20260427_105921,N/A,AUTO,,60.4462,0.0653,N/A,0,1500,VIDE,0.0,0.0,0.0,0.0,0.0,0.0,0,0,0.0,0.0,,,,,,,,,,,,
951,2026-04-27T10:00:22.054Z,S20260427_105921,N/A,AUTO,,60.5189,0.0727,N/A,0,1500,VIDE,0.0,0.0,0.0,0.0,0.0,0.0,0,0,0.0,0.0,,,,,,,,,,,,
952,2026-04-27T10:00:22.107Z,S20260427_105921,N/A,AUTO,,60.5717,0.0528,N/A,0,1500,VIDE,0.0,0.0,0.0,0.0,0.0,0.0,0,0,0.0,0.0,,,,,,,,,,,,
953,2026-04-27T10:00:22.172Z,S20260427_105921,N/A,AUTO,,60.6374,0.0657,N/A,0,1500,VIDE,0.0,0.0,0.0,0.0,0.0,0.0,0,0,0.0,0.0,,,,,,,,,,,,
954,2026-04-27T10:00:22.229Z,S20260427_105921,N/A,AUTO,,60.6937,0.0564,N/A,0,1500,VIDE,0.0,0.0,0.0,0.0,0.0,0.0,0,0,0.0,0.0,,,,,,,,,,,,
955,2026-04-27T10:00:22.299Z,S20260427_105921,N/A,AUTO,,60.7641,0.0704,N/A,0,1500,VIDE,0.0,0.0,0.0,0.0,0.0,0.0,0,0,0.0,0.0,,,,,,,,,,,,
956,2026-04-27T10:00:22.360Z,S20260427_105921,N/A,AUTO,,60.8247,0.0606,N/A,0,1500,VIDE,0.0,0.0,0.0,0.0,0.0,0.0,0,0,0.0,0.0,,,,,,,,,,,,
957,2026-04-27T10:00:22.423Z,S20260427_105921,N/A,AUTO,,60.8878,0.0631,N/A,0,1500,VIDE,0.0,0.0,0.0,0.0,0.0,0.0,0,0,0.0,0.0,,,,,,,,,,,,
958,2026-04-27T10:00:22.483Z,S20260427_105921,N/A,AUTO,,60.9479,0.06,N/A,0,1500,VIDE,0.0,0.0,0.0,0.0,0.0,0.0,0,0,0.0,0.0,,,,,,,,,,,,
959,2026-04-27T10:00:22.542Z,S20260427_105921,N/A,AUTO,,61.0066,0.0587,N/A,0,1500,VIDE,0.0,0.0,0.0,0.0,0.0,0.0,0,0,0.0,0.0,,,,,,,,,,,,
960,2026-04-27T10:00:22.607Z,S20260427_105921,N/A,AUTO,,61.0724,0.0658,N/A,0,1500,VIDE,0.0,0.0,0.0,0.0,0.0,0.0,0,0,0.0,0.0,,,,,,,,,,,,
961,2026-04-27T10:00:22.667Z,S20260427_105921,N/A,AUTO,,61.1322,0.0598,N/A,0,1500,VIDE,0.0,0.0,0.0,0.0,0.0,0.0,0,0,0.0,0.0,,,,,,,,,,,,
962,2026-04-27T10:00:22.737Z,S20260427_105921,N/A,AUTO,,61.2017,0.0695,N/A,0,1500,VIDE,0.0,0.0,0.0,0.0,0.0,0.0,0,0,0.0,0.0,,,,,,,,,,,,
963,2026-04-27T10:00:22.802Z,S20260427_105921,N/A,AUTO,,61.267,0.0653,N/A,0,1500,VIDE,0.0,0.0,0.0,0.0,0.0,0.0,0,0,0.0,0.0,,,,,,,,,,,,
964,2026-04-27T10:00:22.860Z,S20260427_105921,N/A,AUTO,,61.325,0.058,N/A,0,1500,VIDE,0.0,0.0,0.0,0.0,0.0,0.0,0,0,0.0,0.0,,,,,,,,,,,,
965,2026-04-27T10:00:22.918Z,S20260427_105921,N/A,AUTO,,61.3834,0.0584,N/A,0,1500,VIDE,0.0,0.0,0.0,0.0,0.0,0.0,0,0,0.0,0.0,,,,,,,,,,,,
966,2026-04-27T10:00:22.981Z,S20260427_105921,N/A,AUTO,,61.4454,0.0621,N/A,0,1500,VIDE,0.0,0.0,0.0,0.0,0.0,0.0,0,0,0.0,0.0,,,,,,,,,,,,
967,2026-04-27T10:00:23.042Z,S20260427_105921,N/A,AUTO,,61.5073,0.0619,N/A,0,1500,VIDE,0.0,0.0,0.0,0.0,0.0,0.0,0,0,0.0,0.0,,,,,,,,,,,,
968,2026-04-27T10:00:23.118Z,S20260427_105921,N/A,AUTO,,61.5824,0.0751,N/A,0,1500,VIDE,0.0,0.0,0.0,0.0,0.0,0.0,0,0,0.0,0.0,,,,,,,,,,,,
969,2026-04-27T10:00:23.165Z,S20260427_105921,N/A,AUTO,,61.6302,0.0478,N/A,0,1500,VIDE,0.0,0.0,0.0,0.0,0.0,0.0,0,0,0.0,0.0,,,,,,,,,,,,
970,2026-04-27T10:00:23.241Z,S20260427_105921,N/A,AUTO,,61.7061,0.0758,N/A,0,1500,VIDE,0.0,0.0,0.0,0.0,0.0,0.0,0,0,0.0,0.0,,,,,,,,,,,,
971,2026-04-27T10:00:23.291Z,S20260427_105921,N/A,AUTO,,61.7554,0.0494,N/A,0,1500,VIDE,0.0,0.0,0.0,0.0,0.0,0.0,0,0,0.0,0.0,,,,,,,,,,,,
972,2026-04-27T10:00:23.354Z,S20260427_105921,N/A,AUTO,,61.8189,0.0635,N/A,0,1500,VIDE,0.0,0.0,0.0,0.0,0.0,0.0,0,0,0.0,0.0,,,,,,,,,,,,
973,2026-04-27T10:00:23.418Z,S20260427_105921,N/A,AUTO,,61.8832,0.0643,N/A,0,1500,VIDE,0.0,0.0,0.0,0.0,0.0,0.0,0,0,0.0,0.0,,,,,,,,,,,,
974,2026-04-27T10:00:23.479Z,S20260427_105921,N/A,AUTO,,61.9438,0.0606,N/A,0,1500,VIDE,0.0,0.0,0.0,0.0,0.0,0.0,0,0,0.0,0.0,,,,,,,,,,,,
975,2026-04-27T10:00:23.557Z,S20260427_105921,N/A,AUTO,,62.0215,0.0777,N/A,0,1500,VIDE,0.0,0.0,0.0,0.0,0.0,0.0,0,0,0.0,0.0,,,,,,,,,,,,
976,2026-04-27T10:00:23.619Z,S20260427_105921,N/A,AUTO,,62.0835,0.0621,N/A,0,1500,VIDE,0.0,0.0,0.0,0.0,0.0,0.0,0,0,0.0,0.0,,,,,,,,,,,,
977,2026-04-27T10:00:23.682Z,S20260427_105921,N/A,AUTO,,62.1468,0.0633,N/A,0,1500,VIDE,0.0,0.0,0.0,0.0,0.0,0.0,0,0,0.0,0.0,,,,,,,,,,,,
978,2026-04-27T10:00:23.743Z,S20260427_105921,N/A,AUTO,,62.2077,0.0609,N/A,0,1500,VIDE,0.0,0.0,0.0,0.0,0.0,0.0,0,0,0.0,0.0,,,,,,,,,,,,
979,2026-04-27T10:00:23.807Z,S20260427_105921,N/A,AUTO,,62.2718,0.0641,N/A,0,1500,VIDE,0.0,0.0,0.0,0.0,0.0,0.0,0,0,0.0,0.0,,,,,,,,,,,,
980,2026-04-27T10:00:23.874Z,S20260427_105921,N/A,AUTO,,62.3384,0.0667,N/A,0,1500,VIDE,0.0,0.0,0.0,0.0,0.0,0.0,0,0,0.0,0.0,,,,,,,,,,,,
981,2026-04-27T10:00:23.938Z,S20260427_105921,N/A,AUTO,,62.4031,0.0646,N/A,0,1500,VIDE,0.0,0.0,0.0,0.0,0.0,0.0,0,0,0.0,0.0,,,,,,,,,,,,
982,2026-04-27T10:00:24.007Z,S20260427_105921,N/A,AUTO,,62.4716,0.0685,N/A,0,1500,VIDE,0.0,0.0,0.0,0.0,0.0,0.0,0,0,0.0,0.0,,,,,,,,,,,,
983,2026-04-27T10:00:24.056Z,S20260427_105921,N/A,AUTO,,62.5206,0.049,N/A,0,1500,VIDE,0.0,0.0,0.0,0.0,0.0,0.0,0,0,0.0,0.0,,,,,,,,,,,,
984,2026-04-27T10:00:24.123Z,S20260427_105921,N/A,AUTO,,62.5879,0.0673,N/A,0,1500,VIDE,0.0,0.0,0.0,0.0,0.0,0.0,0,0,0.0,0.0,,,,,,,,,,,,
985,2026-04-27T10:00:24.190Z,S20260427_105921,N/A,AUTO,,62.6554,0.0675,N/A,0,1500,VIDE,0.0,0.0,0.0,0.0,0.0,0.0,0,0,0.0,0.0,,,,,,,,,,,,
986,2026-04-27T10:00:24.245Z,S20260427_105921,N/A,AUTO,,62.7097,0.0543,N/A,0,1500,VIDE,0.0,0.0,0.0,0.0,0.0,0.0,0,0,0.0,0.0,,,,,,,,,,,,
987,2026-04-27T10:00:24.320Z,S20260427_105921,N/A,AUTO,,62.7846,0.0748,N/A,0,1500,VIDE,0.0,0.0,0.0,0.0,0.0,0.0,0,0,0.0,0.0,,,,,,,,,,,,
988,2026-04-27T10:00:24.368Z,S20260427_105921,N/A,AUTO,,62.8332,0.0486,N/A,0,1500,VIDE,0.0,0.0,0.0,0.0,0.0,0.0,0,0,0.0,0.0,,,,,,,,,,,,
989,2026-04-27T10:00:24.446Z,S20260427_105921,N/A,AUTO,,62.9107,0.0775,N/A,0,1500,VIDE,0.0,0.0,0.0,0.0,0.0,0.0,0,0,0.0,0.0,,,,,,,,,,,,
990,2026-04-27T10:00:24.499Z,S20260427_105921,N/A,AUTO,,62.9639,0.0532,N/A,0,1500,VIDE,0.0,0.0,0.0,0.0,0.0,0.0,0,0,0.0,0.0,,,,,,,,,,,,
991,2026-04-27T10:00:24.570Z,S20260427_105921,N/A,AUTO,,63.0353,0.0714,N/A,0,1500,VIDE,0.0,0.0,0.0,0.0,0.0,0.0,0,0,0.0,0.0,,,,,,,,,,,,
992,2026-04-27T10:00:24.618Z,S20260427_105921,N/A,AUTO,,63.0834,0.0481,N/A,0,1500,VIDE,0.0,0.0,0.0,0.0,0.0,0.0,0,0,0.0,0.0,,,,,,,,,,,,
993,2026-04-27T10:00:24.688Z,S20260427_105921,N/A,AUTO,,63.1527,0.0694,N/A,0,1500,VIDE,0.0,0.0,0.0,0.0,0.0,0.0,0,0,0.0,0.0,,,,,,,,,,,,
994,2026-04-27T10:00:24.743Z,S20260427_105921,N/A,AUTO,,63.2077,0.055,N/A,0,1500,VIDE,0.0,0.0,0.0,0.0,0.0,0.0,0,0,0.0,0.0,,,,,,,,,,,,
995,2026-04-27T10:00:24.807Z,S20260427_105921,N/A,AUTO,,63.2715,0.0638,N/A,0,1500,VIDE,0.0,0.0,0.0,0.0,0.0,0.0,0,0,0.0,0.0,,,,,,,,,,,,
996,2026-04-27T10:00:24.872Z,S20260427_105921,N/A,AUTO,,63.3372,0.0657,N/A,0,1500,VIDE,0.0,0.0,0.0,0.0,0.0,0.0,0,0,0.0,0.0,,,,,,,,,,,,
997,2026-04-27T10:00:24.937Z,S20260427_105921,N/A,AUTO,,63.4023,0.0651,N/A,0,1500,VIDE,0.0,0.0,0.0,0.0,0.0,0.0,0,0,0.0,0.0,,,,,,,,,,,,
998,2026-04-27T10:00:24.996Z,S20260427_105921,N/A,AUTO,,63.4611,0.0588,N/A,0,1500,VIDE,0.0,0.0,0.0,0.0,0.0,0.0,0,0,0.0,0.0,,,,,,,,,,,,
999,2026-04-27T10:00:25.072Z,S20260427_105921,N/A,AUTO,,63.5368,0.0757,N/A,0,1500,VIDE,0.0,0.0,0.0,0.0,0.0,0.0,0,0,0.0,0.0,,,,,,,,,,,,
1000,2026-04-27T10:00:25.137Z,S20260427_105921,N/A,AUTO,,63.6016,0.0648,N/A,0,1500,VIDE,0.0,0.0,0.0,0.0,0.0,0.0,0,0,0.0,0.0,,,,,,,,,,,,
1001,2026-04-27T10:00:25.203Z,S20260427_105921,N/A,AUTO,,63.6683,0.0667,N/A,0,1500,VIDE,0.0,0.0,0.0,0.0,0.0,0.0,0,0,0.0,0.0,,,,,,,,,,,,
1002,2026-04-27T10:00:25.260Z,S20260427_105921,N/A,AUTO,,63.7246,0.0563,N/A,0,1500,VIDE,0.0,0.0,0.0,0.0,0.0,0.0,0,0,0.0,0.0,,,,,,,,,,,,
1003,2026-04-27T10:00:25.323Z,S20260427_105921,N/A,AUTO,,63.7884,0.0638,N/A,0,1500,VIDE,0.0,0.0,0.0,0.0,0.0,0.0,0,0,0.0,0.0,,,,,,,,,,,,
1004,2026-04-27T10:00:25.387Z,S20260427_105921,N/A,AUTO,,63.8524,0.064,N/A,0,1500,VIDE,0.0,0.0,0.0,0.0,0.0,0.0,0,0,0.0,0.0,,,,,,,,,,,,
1005,2026-04-27T10:00:25.449Z,S20260427_105921,N/A,AUTO,,63.9144,0.062,N/A,0,1500,VIDE,0.0,0.0,0.0,0.0,0.0,0.0,0,0,0.0,0.0,,,,,,,,,,,,
1006,2026-04-27T10:00:25.524Z,S20260427_105921,N/A,AUTO,,63.9886,0.0743,N/A,0,1500,VIDE,0.0,0.0,0.0,0.0,0.0,0.0,0,0,0.0,0.0,,,,,,,,,,,,
1007,2026-04-27T10:00:25.576Z,S20260427_105921,N/A,AUTO,,64.0411,0.0525,N/A,0,1500,VIDE,0.0,0.0,0.0,0.0,0.0,0.0,0,0,0.0,0.0,,,,,,,,,,,,
1008,2026-04-27T10:00:25.648Z,S20260427_105921,N/A,AUTO,,64.1129,0.0717,N/A,0,1500,VIDE,0.0,0.0,0.0,0.0,0.0,0.0,0,0,0.0,0.0,,,,,,,,,,,,
1009,2026-04-27T10:00:25.698Z,S20260427_105921,N/A,AUTO,,64.1632,0.0504,N/A,0,1500,VIDE,0.0,0.0,0.0,0.0,0.0,0.0,0,0,0.0,0.0,,,,,,,,,,,,
1010,2026-04-27T10:00:25.760Z,S20260427_105921,N/A,AUTO,,64.2246,0.0614,N/A,0,1500,VIDE,0.0,0.0,0.0,0.0,0.0,0.0,0,0,0.0,0.0,,,,,,,,,,,,
1011,2026-04-27T10:00:25.824Z,S20260427_105921,N/A,AUTO,,64.2886,0.0639,N/A,0,1500,VIDE,0.0,0.0,0.0,0.0,0.0,0.0,0,0,0.0,0.0,,,,,,,,,,,,
1012,2026-04-27T10:00:25.888Z,S20260427_105921,N/A,AUTO,,64.3526,0.064,N/A,0,1500,VIDE,0.0,0.0,0.0,0.0,0.0,0.0,0,0,0.0,0.0,,,,,,,,,,,,
1013,2026-04-27T10:00:25.957Z,S20260427_105921,N/A,AUTO,,64.4219,0.0693,N/A,0,1500,VIDE,0.0,0.0,0.0,0.0,0.0,0.0,0,0,0.0,0.0,,,,,,,,,,,,
1014,2026-04-27T10:00:26.014Z,S20260427_105921,N/A,AUTO,,64.479,0.0571,N/A,0,1500,VIDE,0.0,0.0,0.0,0.0,0.0,0.0,0,0,0.0,0.0,,,,,,,,,,,,
1015,2026-04-27T10:00:26.085Z,S20260427_105921,N/A,AUTO,,64.5503,0.0713,N/A,0,1500,VIDE,0.0,0.0,0.0,0.0,0.0,0.0,0,0,0.0,0.0,,,,,,,,,,,,
1016,2026-04-27T10:00:26.148Z,S20260427_105921,N/A,AUTO,,64.6127,0.0623,N/A,0,1500,VIDE,0.0,0.0,0.0,0.0,0.0,0.0,0,0,0.0,0.0,,,,,,,,,,,,
1017,2026-04-27T10:00:26.200Z,S20260427_105921,N/A,AUTO,,64.6651,0.0525,N/A,0,1500,VIDE,0.0,0.0,0.0,0.0,0.0,0.0,0,0,0.0,0.0,,,,,,,,,,,,
1018,2026-04-27T10:00:26.272Z,S20260427_105921,N/A,AUTO,,64.7367,0.0716,N/A,0,1500,VIDE,0.0,0.0,0.0,0.0,0.0,0.0,0,0,0.0,0.0,,,,,,,,,,,,
1019,2026-04-27T10:00:26.324Z,S20260427_105921,N/A,AUTO,,64.7893,0.0526,N/A,0,1500,VIDE,0.0,0.0,0.0,0.0,0.0,0.0,0,0,0.0,0.0,,,,,,,,,,,,
1020,2026-04-27T10:00:26.388Z,S20260427_105921,N/A,AUTO,,64.8524,0.0631,N/A,0,1500,VIDE,0.0,0.0,0.0,0.0,0.0,0.0,0,0,0.0,0.0,,,,,,,,,,,,
1021,2026-04-27T10:00:26.453Z,S20260427_105921,N/A,AUTO,,64.9181,0.0656,N/A,0,1500,VIDE,0.0,0.0,0.0,0.0,0.0,0.0,0,0,0.0,0.0,,,,,,,,,,,,
1022,2026-04-27T10:00:26.522Z,S20260427_105921,N/A,AUTO,,64.9868,0.0688,N/A,0,1500,VIDE,0.0,0.0,0.0,0.0,0.0,0.0,0,0,0.0,0.0,,,,,,,,,,,,
1023,2026-04-27T10:00:26.576Z,S20260427_105921,N/A,AUTO,,65.0413,0.0545,N/A,0,1500,VIDE,0.0,0.0,0.0,0.0,0.0,0.0,0,0,0.0,0.0,,,,,,,,,,,,
1024,2026-04-27T10:00:26.641Z,S20260427_105921,N/A,AUTO,,65.1059,0.0646,N/A,0,1500,VIDE,0.0,0.0,0.0,0.0,0.0,0.0,0,0,0.0,0.0,,,,,,,,,,,,
1025,2026-04-27T10:00:26.699Z,S20260427_105921,N/A,AUTO,,65.1635,0.0575,N/A,0,1500,VIDE,0.0,0.0,0.0,0.0,0.0,0.0,0,0,0.0,0.0,,,,,,,,,,,,
1026,2026-04-27T10:00:26.759Z,S20260427_105921,N/A,AUTO,,65.2237,0.0602,N/A,0,1500,VIDE,0.0,0.0,0.0,0.0,0.0,0.0,0,0,0.0,0.0,,,,,,,,,,,,
1027,2026-04-27T10:00:26.824Z,S20260427_105921,N/A,AUTO,,65.2886,0.0649,N/A,0,1500,VIDE,0.0,0.0,0.0,0.0,0.0,0.0,0,0,0.0,0.0,,,,,,,,,,,,
1028,2026-04-27T10:00:26.890Z,S20260427_105921,N/A,AUTO,,65.3545,0.0658,N/A,0,1500,VIDE,0.0,0.0,0.0,0.0,0.0,0.0,0,0,0.0,0.0,,,,,,,,,,,,
1029,2026-04-27T10:00:26.950Z,S20260427_105921,N/A,AUTO,,65.4147,0.0602,N/A,0,1500,VIDE,0.0,0.0,0.0,0.0,0.0,0.0,0,0,0.0,0.0,,,,,,,,,,,,
1030,2026-04-27T10:00:27.012Z,S20260427_105921,N/A,AUTO,,65.4768,0.0621,N/A,0,1500,VIDE,0.0,0.0,0.0,0.0,0.0,0.0,0,0,0.0,0.0,,,,,,,,,,,,
1031,2026-04-27T10:00:27.076Z,S20260427_105921,N/A,AUTO,,65.5407,0.0639,N/A,0,1500,VIDE,0.0,0.0,0.0,0.0,0.0,0.0,0,0,0.0,0.0,,,,,,,,,,,,
1032,2026-04-27T10:00:27.134Z,S20260427_105921,N/A,AUTO,,65.5986,0.058,N/A,0,1500,VIDE,0.0,0.0,0.0,0.0,0.0,0.0,0,0,0.0,0.0,,,,,,,,,,,,
1033,2026-04-27T10:00:27.204Z,S20260427_105921,N/A,AUTO,,65.6687,0.0701,N/A,0,1500,VIDE,0.0,0.0,0.0,0.0,0.0,0.0,0,0,0.0,0.0,,,,,,,,,,,,
1034,2026-04-27T10:00:27.264Z,S20260427_105921,N/A,AUTO,,65.7291,0.0604,N/A,0,1500,VIDE,0.0,0.0,0.0,0.0,0.0,0.0,0,0,0.0,0.0,,,,,,,,,,,,
1035,2026-04-27T10:00:27.324Z,S20260427_105921,N/A,AUTO,,65.7891,0.0601,N/A,0,1500,VIDE,0.0,0.0,0.0,0.0,0.0,0.0,0,0,0.0,0.0,,,,,,,,,,,,
1036,2026-04-27T10:00:27.398Z,S20260427_105921,N/A,AUTO,,65.8627,0.0736,N/A,0,1500,VIDE,0.0,0.0,0.0,0.0,0.0,0.0,0,0,0.0,0.0,,,,,,,,,,,,
1037,2026-04-27T10:00:27.458Z,S20260427_105921,N/A,AUTO,,65.9224,0.0597,N/A,0,1500,VIDE,0.0,0.0,0.0,0.0,0.0,0.0,0,0,0.0,0.0,,,,,,,,,,,,
1038,2026-04-27T10:00:27.510Z,S20260427_105921,N/A,AUTO,,65.9754,0.0529,N/A,0,1500,VIDE,0.0,0.0,0.0,0.0,0.0,0.0,0,0,0.0,0.0,,,,,,,,,,,,
1039,2026-04-27T10:00:27.577Z,S20260427_105921,N/A,AUTO,,66.0419,0.0665,N/A,0,1500,VIDE,0.0,0.0,0.0,0.0,0.0,0.0,0,0,0.0,0.0,,,,,,,,,,,,
1040,2026-04-27T10:00:27.635Z,S20260427_105921,N/A,AUTO,,66.0997,0.0578,N/A,0,1500,VIDE,0.0,0.0,0.0,0.0,0.0,0.0,0,0,0.0,0.0,,,,,,,,,,,,
1041,2026-04-27T10:00:27.696Z,S20260427_105921,N/A,AUTO,,66.1608,0.0611,N/A,0,1500,VIDE,0.0,0.0,0.0,0.0,0.0,0.0,0,0,0.0,0.0,,,,,,,,,,,,
1042,2026-04-27T10:00:27.763Z,S20260427_105921,N/A,AUTO,,66.2279,0.0671,N/A,0,1500,VIDE,0.0,0.0,0.0,0.0,0.0,0.0,0,0,0.0,0.0,,,,,,,,,,,,
1043,2026-04-27T10:00:27.828Z,S20260427_105921,N/A,AUTO,,66.2931,0.0651,N/A,0,1500,VIDE,0.0,0.0,0.0,0.0,0.0,0.0,0,0,0.0,0.0,,,,,,,,,,,,
1044,2026-04-27T10:00:27.888Z,S20260427_105921,N/A,AUTO,,66.3526,0.0595,N/A,0,1500,VIDE,0.0,0.0,0.0,0.0,0.0,0.0,0,0,0.0,0.0,,,,,,,,,,,,
1045,2026-04-27T10:00:27.947Z,S20260427_105921,N/A,AUTO,,66.4114,0.0589,N/A,0,1500,VIDE,0.0,0.0,0.0,0.0,0.0,0.0,0,0,0.0,0.0,,,,,,,,,,,,
1046,2026-04-27T10:00:28.018Z,S20260427_105921,N/A,AUTO,,66.483,0.0716,N/A,0,1500,VIDE,0.0,0.0,0.0,0.0,0.0,0.0,0,0,0.0,0.0,,,,,,,,,,,,
1047,2026-04-27T10:00:28.071Z,S20260427_105921,N/A,AUTO,,66.5362,0.0532,N/A,0,1500,VIDE,0.0,0.0,0.0,0.0,0.0,0.0,0,0,0.0,0.0,,,,,,,,,,,,
1048,2026-04-27T10:00:28.134Z,S20260427_105921,N/A,AUTO,,66.5987,0.0625,N/A,0,1500,VIDE,0.0,0.0,0.0,0.0,0.0,0.0,0,0,0.0,0.0,,,,,,,,,,,,
1049,2026-04-27T10:00:28.212Z,S20260427_105921,N/A,AUTO,,66.6766,0.0778,N/A,0,1500,VIDE,0.0,0.0,0.0,0.0,0.0,0.0,0,0,0.0,0.0,,,,,,,,,,,,
1050,2026-04-27T10:00:28.277Z,S20260427_105921,N/A,AUTO,,66.7417,0.0652,N/A,0,1500,VIDE,0.0,0.0,0.0,0.0,0.0,0.0,0,0,0.0,0.0,,,,,,,,,,,,
1051,2026-04-27T10:00:28.337Z,S20260427_105921,N/A,AUTO,,66.8021,0.0604,N/A,0,1500,VIDE,0.0,0.0,0.0,0.0,0.0,0.0,0,0,0.0,0.0,,,,,,,,,,,,
1052,2026-04-27T10:00:28.404Z,S20260427_105921,N/A,AUTO,,66.8692,0.0671,N/A,0,1500,VIDE,0.0,0.0,0.0,0.0,0.0,0.0,0,0,0.0,0.0,,,,,,,,,,,,
1053,2026-04-27T10:00:28.468Z,S20260427_105921,N/A,AUTO,,66.9328,0.0636,N/A,0,1500,VIDE,0.0,0.0,0.0,0.0,0.0,0.0,0,0,0.0,0.0,,,,,,,,,,,,
1054,2026-04-27T10:00:28.527Z,S20260427_105921,N/A,AUTO,,66.9915,0.0587,N/A,0,1500,VIDE,0.0,0.0,0.0,0.0,0.0,0.0,0,0,0.0,0.0,,,,,,,,,,,,
1055,2026-04-27T10:00:28.588Z,S20260427_105921,N/A,AUTO,,67.0527,0.0612,N/A,0,1500,VIDE,0.0,0.0,0.0,0.0,0.0,0.0,0,0,0.0,0.0,,,,,,,,,,,,
1056,2026-04-27T10:00:28.649Z,S20260427_105921,N/A,AUTO,,67.114,0.0613,N/A,0,1500,VIDE,0.0,0.0,0.0,0.0,0.0,0.0,0,0,0.0,0.0,,,,,,,,,,,,
1057,2026-04-27T10:00:28.713Z,S20260427_105921,N/A,AUTO,,67.1776,0.0635,N/A,0,1500,VIDE,0.0,0.0,0.0,0.0,0.0,0.0,0,0,0.0,0.0,,,,,,,,,,,,
1058,2026-04-27T10:00:28.777Z,S20260427_105921,N/A,AUTO,,67.242,0.0644,N/A,0,1500,VIDE,0.0,0.0,0.0,0.0,0.0,0.0,0,0,0.0,0.0,,,,,,,,,,,,
1059,2026-04-27T10:00:28.837Z,S20260427_105921,N/A,AUTO,,67.3023,0.0604,N/A,0,1500,VIDE,0.0,0.0,0.0,0.0,0.0,0.0,0,0,0.0,0.0,,,,,,,,,,,,
1060,2026-04-27T10:00:28.902Z,S20260427_105921,N/A,AUTO,,67.3665,0.0642,N/A,0,1500,VIDE,0.0,0.0,0.0,0.0,0.0,0.0,0,0,0.0,0.0,,,,,,,,,,,,
1061,2026-04-27T10:00:28.963Z,S20260427_105921,N/A,AUTO,,67.4276,0.0611,N/A,0,1500,VIDE,0.0,0.0,0.0,0.0,0.0,0.0,0,0,0.0,0.0,,,,,,,,,,,,
1062,2026-04-27T10:00:29.026Z,S20260427_105921,N/A,AUTO,,67.491,0.0634,N/A,0,1500,VIDE,0.0,0.0,0.0,0.0,0.0,0.0,0,0,0.0,0.0,,,,,,,,,,,,
1063,2026-04-27T10:00:29.088Z,S20260427_105921,N/A,AUTO,,67.5524,0.0614,N/A,0,1500,VIDE,0.0,0.0,0.0,0.0,0.0,0.0,0,0,0.0,0.0,,,,,,,,,,,,
1064,2026-04-27T10:00:29.149Z,S20260427_105921,N/A,AUTO,,67.6141,0.0617,N/A,0,1500,VIDE,0.0,0.0,0.0,0.0,0.0,0.0,0,0,0.0,0.0,,,,,,,,,,,,
1065,2026-04-27T10:00:29.218Z,S20260427_105921,N/A,AUTO,,67.6826,0.0685,N/A,0,1500,VIDE,0.0,0.0,0.0,0.0,0.0,0.0,0,0,0.0,0.0,,,,,,,,,,,,
1066,2026-04-27T10:00:29.276Z,S20260427_105921,N/A,AUTO,,67.7414,0.0588,N/A,0,1500,VIDE,0.0,0.0,0.0,0.0,0.0,0.0,0,0,0.0,0.0,,,,,,,,,,,,
1067,2026-04-27T10:00:29.337Z,S20260427_105921,N/A,AUTO,,67.8021,0.0607,N/A,0,1500,VIDE,0.0,0.0,0.0,0.0,0.0,0.0,0,0,0.0,0.0,,,,,,,,,,,,
1068,2026-04-27T10:00:29.407Z,S20260427_105921,N/A,AUTO,,67.8717,0.0696,N/A,0,1500,VIDE,0.0,0.0,0.0,0.0,0.0,0.0,0,0,0.0,0.0,,,,,,,,,,,,
1069,2026-04-27T10:00:29.476Z,S20260427_105921,N/A,AUTO,,67.9409,0.0692,N/A,0,1500,VIDE,0.0,0.0,0.0,0.0,0.0,0.0,0,0,0.0,0.0,,,,,,,,,,,,
1070,2026-04-27T10:00:29.530Z,S20260427_105921,N/A,AUTO,,67.9952,0.0542,N/A,0,1500,VIDE,0.0,0.0,0.0,0.0,0.0,0.0,0,0,0.0,0.0,,,,,,,,,,,,
1071,2026-04-27T10:00:29.588Z,S20260427_105921,N/A,AUTO,,68.0526,0.0575,N/A,0,1500,VIDE,0.0,0.0,0.0,0.0,0.0,0.0,0,0,0.0,0.0,,,,,,,,,,,,
1072,2026-04-27T10:00:29.649Z,S20260427_105921,N/A,AUTO,,68.1139,0.0612,N/A,0,1500,VIDE,0.0,0.0,0.0,0.0,0.0,0.0,0,0,0.0,0.0,,,,,,,,,,,,
1073,2026-04-27T10:00:29.712Z,S20260427_105921,N/A,AUTO,,68.1773,0.0635,N/A,0,1500,VIDE,0.0,0.0,0.0,0.0,0.0,0.0,0,0,0.0,0.0,,,,,,,,,,,,
1074,2026-04-27T10:00:29.775Z,S20260427_105921,N/A,AUTO,,68.2403,0.0629,N/A,0,1500,VIDE,0.0,0.0,0.0,0.0,0.0,0.0,0,0,0.0,0.0,,,,,,,,,,,,
1075,2026-04-27T10:00:29.843Z,S20260427_105921,N/A,AUTO,,68.308,0.0677,N/A,0,1500,VIDE,0.0,0.0,0.0,0.0,0.0,0.0,0,0,0.0,0.0,,,,,,,,,,,,
1076,2026-04-27T10:00:29.915Z,S20260427_105921,N/A,AUTO,,68.3796,0.0716,N/A,0,1500,VIDE,0.0,0.0,0.0,0.0,0.0,0.0,0,0,0.0,0.0,,,,,,,,,,,,
1077,2026-04-27T10:00:29.962Z,S20260427_105921,N/A,AUTO,,68.4268,0.0472,N/A,0,1500,VIDE,0.0,0.0,0.0,0.0,0.0,0.0,0,0,0.0,0.0,,,,,,,,,,,,
1078,2026-04-27T10:00:30.027Z,S20260427_105921,N/A,AUTO,,68.4915,0.0648,N/A,0,1500,VIDE,0.0,0.0,0.0,0.0,0.0,0.0,0,0,0.0,0.0,,,,,,,,,,,,
1079,2026-04-27T10:00:30.089Z,S20260427_105921,N/A,AUTO,,68.5542,0.0627,N/A,0,1500,VIDE,0.0,0.0,0.0,0.0,0.0,0.0,0,0,0.0,0.0,,,,,,,,,,,,
1080,2026-04-27T10:00:30.164Z,S20260427_105921,N/A,AUTO,,68.6284,0.0742,N/A,0,1500,VIDE,0.0,0.0,0.0,0.0,0.0,0.0,0,0,0.0,0.0,,,,,,,,,,,,
1081,2026-04-27T10:00:30.221Z,S20260427_105921,N/A,AUTO,,68.6858,0.0573,N/A,0,1500,VIDE,0.0,0.0,0.0,0.0,0.0,0.0,0,0,0.0,0.0,,,,,,,,,,,,
1082,2026-04-27T10:00:30.277Z,S20260427_105921,N/A,AUTO,,68.7416,0.0558,N/A,0,1500,VIDE,0.0,0.0,0.0,0.0,0.0,0.0,0,0,0.0,0.0,,,,,,,,,,,,
1083,2026-04-27T10:00:30.350Z,S20260427_105921,N/A,AUTO,,68.8145,0.0729,N/A,0,1500,VIDE,0.0,0.0,0.0,0.0,0.0,0.0,0,0,0.0,0.0,,,,,,,,,,,,
1084,2026-04-27T10:00:30.404Z,S20260427_105921,N/A,AUTO,,68.8692,0.0547,N/A,0,1500,VIDE,0.0,0.0,0.0,0.0,0.0,0.0,0,0,0.0,0.0,,,,,,,,,,,,
1085,2026-04-27T10:00:30.463Z,S20260427_105921,N/A,AUTO,,68.9277,0.0584,N/A,0,1500,VIDE,0.0,0.0,0.0,0.0,0.0,0.0,0,0,0.0,0.0,,,,,,,,,,,,
1086,2026-04-27T10:00:30.538Z,S20260427_105921,N/A,AUTO,,69.0027,0.075,N/A,0,1500,VIDE,0.0,0.0,0.0,0.0,0.0,0.0,0,0,0.0,0.0,,,,,,,,,,,,
1087,2026-04-27T10:00:30.588Z,S20260427_105921,N/A,AUTO,,69.0525,0.0498,N/A,0,1500,VIDE,0.0,0.0,0.0,0.0,0.0,0.0,0,0,0.0,0.0,,,,,,,,,,,,
1088,2026-04-27T10:00:30.654Z,S20260427_105921,N/A,AUTO,,69.1193,0.0668,N/A,0,1500,VIDE,0.0,0.0,0.0,0.0,0.0,0.0,0,0,0.0,0.0,,,,,,,,,,,,
1089,2026-04-27T10:00:30.718Z,S20260427_105921,N/A,AUTO,,69.1832,0.0639,N/A,0,1500,VIDE,0.0,0.0,0.0,0.0,0.0,0.0,0,0,0.0,0.0,,,,,,,,,,,,
1090,2026-04-27T10:00:30.783Z,S20260427_105921,N/A,AUTO,,69.2482,0.065,N/A,0,1500,VIDE,0.0,0.0,0.0,0.0,0.0,0.0,0,0,0.0,0.0,,,,,,,,,,,,
1091,2026-04-27T10:00:30.837Z,S20260427_105921,N/A,AUTO,,69.3022,0.0541,N/A,0,1500,VIDE,0.0,0.0,0.0,0.0,0.0,0.0,0,0,0.0,0.0,,,,,,,,,,,,
1092,2026-04-27T10:00:30.902Z,S20260427_105921,N/A,AUTO,,69.3666,0.0644,N/A,0,1500,VIDE,0.0,0.0,0.0,0.0,0.0,0.0,0,0,0.0,0.0,,,,,,,,,,,,
1093,2026-04-27T10:00:30.963Z,S20260427_105921,N/A,AUTO,,69.4277,0.0611,N/A,0,1500,VIDE,0.0,0.0,0.0,0.0,0.0,0.0,0,0,0.0,0.0,,,,,,,,,,,,
1094,2026-04-27T10:00:31.024Z,S20260427_105921,N/A,AUTO,,69.4887,0.0611,N/A,0,1500,VIDE,0.0,0.0,0.0,0.0,0.0,0.0,0,0,0.0,0.0,,,,,,,,,,,,
1095,2026-04-27T10:00:31.092Z,S20260427_105921,N/A,AUTO,,69.5569,0.0682,N/A,0,1500,VIDE,0.0,0.0,0.0,0.0,0.0,0.0,0,0,0.0,0.0,,,,,,,,,,,,
1096,2026-04-27T10:00:31.163Z,S20260427_105921,N/A,AUTO,,69.6282,0.0713,N/A,0,1500,VIDE,0.0,0.0,0.0,0.0,0.0,0.0,0,0,0.0,0.0,,,,,,,,,,,,
1097,2026-04-27T10:00:31.221Z,S20260427_105921,N/A,AUTO,,69.6857,0.0575,N/A,0,1500,VIDE,0.0,0.0,0.0,0.0,0.0,0.0,0,0,0.0,0.0,,,,,,,,,,,,
1098,2026-04-27T10:00:31.279Z,S20260427_105921,N/A,AUTO,,69.7444,0.0586,N/A,0,1500,VIDE,0.0,0.0,0.0,0.0,0.0,0.0,0,0,0.0,0.0,,,,,,,,,,,,
1099,2026-04-27T10:00:31.338Z,S20260427_105921,N/A,AUTO,,69.8025,0.0582,N/A,0,1500,VIDE,0.0,0.0,0.0,0.0,0.0,0.0,0,0,0.0,0.0,,,,,,,,,,,,
1100,2026-04-27T10:00:31.402Z,S20260427_105921,N/A,AUTO,,69.8664,0.0639,N/A,0,1500,VIDE,0.0,0.0,0.0,0.0,0.0,0.0,0,0,0.0,0.0,,,,,,,,,,,,
1101,2026-04-27T10:00:31.466Z,S20260427_105921,N/A,AUTO,,69.9305,0.0641,N/A,0,1500,VIDE,0.0,0.0,0.0,0.0,0.0,0.0,0,0,0.0,0.0,,,,,,,,,,,,
1102,2026-04-27T10:00:31.530Z,S20260427_105921,N/A,AUTO,,69.9946,0.064,N/A,0,1500,VIDE,0.0,0.0,0.0,0.0,0.0,0.0,0,0,0.0,0.0,,,,,,,,,,,,
1103,2026-04-27T10:00:31.593Z,S20260427_105921,N/A,AUTO,,70.0582,0.0636,N/A,0,1500,VIDE,0.0,0.0,0.0,0.0,0.0,0.0,0,0,0.0,0.0,,,,,,,,,,,,
1104,2026-04-27T10:00:31.660Z,S20260427_105921,N/A,AUTO,,70.1246,0.0665,N/A,0,1500,VIDE,0.0,0.0,0.0,0.0,0.0,0.0,0,0,0.0,0.0,,,,,,,,,,,,
1105,2026-04-27T10:00:31.722Z,S20260427_105921,N/A,AUTO,,70.1872,0.0626,N/A,0,1500,VIDE,0.0,0.0,0.0,0.0,0.0,0.0,0,0,0.0,0.0,,,,,,,,,,,,
1106,2026-04-27T10:00:31.777Z,S20260427_105921,N/A,AUTO,,70.2416,0.0544,N/A,0,1500,VIDE,0.0,0.0,0.0,0.0,0.0,0.0,0,0,0.0,0.0,,,,,,,,,,,,
1107,2026-04-27T10:00:31.844Z,S20260427_105921,N/A,AUTO,,70.3084,0.0668,N/A,0,1500,VIDE,0.0,0.0,0.0,0.0,0.0,0.0,0,0,0.0,0.0,,,,,,,,,,,,
1108,2026-04-27T10:00:31.906Z,S20260427_105921,N/A,AUTO,,70.3709,0.0625,N/A,0,1500,VIDE,0.0,0.0,0.0,0.0,0.0,0.0,0,0,0.0,0.0,,,,,,,,,,,,
1109,2026-04-27T10:00:31.962Z,S20260427_105921,N/A,AUTO,,70.4268,0.0559,N/A,0,1500,VIDE,0.0,0.0,0.0,0.0,0.0,0.0,0,0,0.0,0.0,,,,,,,,,,,,
1110,2026-04-27T10:00:32.042Z,S20260427_105921,N/A,AUTO,,70.5073,0.0804,N/A,0,1500,VIDE,0.0,0.0,0.0,0.0,0.0,0.0,0,0,0.0,0.0,,,,,,,,,,,,
1111,2026-04-27T10:00:32.107Z,S20260427_105921,N/A,AUTO,,70.5717,0.0645,N/A,0,1500,VIDE,0.0,0.0,0.0,0.0,0.0,0.0,0,0,0.0,0.0,,,,,,,,,,,,
1112,2026-04-27T10:00:32.167Z,S20260427_105921,N/A,AUTO,,70.6323,0.0606,N/A,0,1500,VIDE,0.0,0.0,0.0,0.0,0.0,0.0,0,0,0.0,0.0,,,,,,,,,,,,
1113,2026-04-27T10:00:32.229Z,S20260427_105921,N/A,AUTO,,70.6937,0.0614,N/A,0,1500,VIDE,0.0,0.0,0.0,0.0,0.0,0.0,0,0,0.0,0.0,,,,,,,,,,,,
1114,2026-04-27T10:00:32.296Z,S20260427_105921,N/A,AUTO,,70.7613,0.0676,N/A,0,1500,VIDE,0.0,0.0,0.0,0.0,0.0,0.0,0,0,0.0,0.0,,,,,,,,,,,,
1115,2026-04-27T10:00:32.352Z,S20260427_105921,N/A,AUTO,,70.8168,0.0556,N/A,0,1500,VIDE,0.0,0.0,0.0,0.0,0.0,0.0,0,0,0.0,0.0,,,,,,,,,,,,
1116,2026-04-27T10:00:32.427Z,S20260427_105921,N/A,AUTO,,70.8915,0.0746,N/A,0,1500,VIDE,0.0,0.0,0.0,0.0,0.0,0.0,0,0,0.0,0.0,,,,,,,,,,,,
1117,2026-04-27T10:00:32.478Z,S20260427_105921,N/A,AUTO,,70.9433,0.0518,N/A,0,1500,VIDE,0.0,0.0,0.0,0.0,0.0,0.0,0,0,0.0,0.0,,,,,,,,,,,,
1118,2026-04-27T10:00:32.544Z,S20260427_105921,N/A,AUTO,,71.009,0.0657,N/A,0,1500,VIDE,0.0,0.0,0.0,0.0,0.0,0.0,0,0,0.0,0.0,,,,,,,,,,,,
1119,2026-04-27T10:00:32.602Z,S20260427_105921,N/A,AUTO,,71.0671,0.0581,N/A,0,1500,VIDE,0.0,0.0,0.0,0.0,0.0,0.0,0,0,0.0,0.0,,,,,,,,,,,,
1120,2026-04-27T10:00:32.669Z,S20260427_105921,N/A,AUTO,,71.1336,0.0665,N/A,0,1500,VIDE,0.0,0.0,0.0,0.0,0.0,0.0,0,0,0.0,0.0,,,,,,,,,,,,
1121,2026-04-27T10:00:32.741Z,S20260427_105921,N/A,AUTO,,71.2055,0.0719,N/A,0,1500,VIDE,0.0,0.0,0.0,0.0,0.0,0.0,0,0,0.0,0.0,,,,,,,,,,,,
1122,2026-04-27T10:00:32.791Z,S20260427_105921,N/A,AUTO,,71.2558,0.0503,N/A,0,1500,VIDE,0.0,0.0,0.0,0.0,0.0,0.0,0,0,0.0,0.0,,,,,,,,,,,,
1123,2026-04-27T10:00:32.856Z,S20260427_105921,N/A,AUTO,,71.3204,0.0646,N/A,0,1500,VIDE,0.0,0.0,0.0,0.0,0.0,0.0,0,0,0.0,0.0,,,,,,,,,,,,
1124,2026-04-27T10:00:32.928Z,S20260427_105921,N/A,AUTO,,71.3926,0.0722,N/A,0,1500,VIDE,0.0,0.0,0.0,0.0,0.0,0.0,0,0,0.0,0.0,,,,,,,,,,,,
1125,2026-04-27T10:00:32.979Z,S20260427_105921,N/A,AUTO,,71.4444,0.0517,N/A,0,1500,VIDE,0.0,0.0,0.0,0.0,0.0,0.0,0,0,0.0,0.0,,,,,,,,,,,,
1126,2026-04-27T10:00:33.044Z,S20260427_105921,N/A,AUTO,,71.509,0.0646,N/A,0,1500,VIDE,0.0,0.0,0.0,0.0,0.0,0.0,0,0,0.0,0.0,,,,,,,,,,,,
1127,2026-04-27T10:00:33.110Z,S20260427_105921,N/A,AUTO,,71.5748,0.0659,N/A,0,1500,VIDE,0.0,0.0,0.0,0.0,0.0,0.0,0,0,0.0,0.0,,,,,,,,,,,,
1128,2026-04-27T10:00:33.165Z,S20260427_105921,N/A,AUTO,,71.6296,0.0548,N/A,0,1500,VIDE,0.0,0.0,0.0,0.0,0.0,0.0,0,0,0.0,0.0,,,,,,,,,,,,
1129,2026-04-27T10:00:33.229Z,S20260427_105921,N/A,AUTO,,71.6943,0.0647,N/A,0,1500,VIDE,0.0,0.0,0.0,0.0,0.0,0.0,0,0,0.0,0.0,,,,,,,,,,,,
1130,2026-04-27T10:00:33.304Z,S20260427_105921,N/A,AUTO,,71.769,0.0747,N/A,0,1500,VIDE,0.0,0.0,0.0,0.0,0.0,0.0,0,0,0.0,0.0,,,,,,,,,,,,
1131,2026-04-27T10:00:33.361Z,S20260427_105921,N/A,AUTO,,71.8254,0.0564,N/A,0,1500,VIDE,0.0,0.0,0.0,0.0,0.0,0.0,0,0,0.0,0.0,,,,,,,,,,,,
1132,2026-04-27T10:00:33.419Z,S20260427_105921,N/A,AUTO,,71.8835,0.0581,N/A,0,1500,VIDE,0.0,0.0,0.0,0.0,0.0,0.0,0,0,0.0,0.0,,,,,,,,,,,,
1133,2026-04-27T10:00:33.481Z,S20260427_105921,N/A,AUTO,,71.9456,0.0621,N/A,0,1500,VIDE,0.0,0.0,0.0,0.0,0.0,0.0,0,0,0.0,0.0,,,,,,,,,,,,
1134,2026-04-27T10:00:33.541Z,S20260427_105921,N/A,AUTO,,72.0061,0.0605,N/A,0,1500,VIDE,0.0,0.0,0.0,0.0,0.0,0.0,0,0,0.0,0.0,,,,,,,,,,,,
1135,2026-04-27T10:00:33.602Z,S20260427_105921,N/A,AUTO,,72.0673,0.0613,N/A,0,1500,VIDE,0.0,0.0,0.0,0.0,0.0,0.0,0,0,0.0,0.0,,,,,,,,,,,,
1136,2026-04-27T10:00:33.666Z,S20260427_105921,N/A,AUTO,,72.1309,0.0636,N/A,0,1500,VIDE,0.0,0.0,0.0,0.0,0.0,0.0,0,0,0.0,0.0,,,,,,,,,,,,
1137,2026-04-27T10:00:33.732Z,S20260427_105921,N/A,AUTO,,72.1967,0.0658,N/A,0,1500,VIDE,0.0,0.0,0.0,0.0,0.0,0.0,0,0,0.0,0.0,,,,,,,,,,,,
1138,2026-04-27T10:00:33.799Z,S20260427_105921,N/A,AUTO,,72.2644,0.0676,N/A,0,1500,VIDE,0.0,0.0,0.0,0.0,0.0,0.0,0,0,0.0,0.0,,,,,,,,,,,,
1139,2026-04-27T10:00:33.856Z,S20260427_105921,N/A,AUTO,,72.3214,0.057,N/A,0,1500,VIDE,0.0,0.0,0.0,0.0,0.0,0.0,0,0,0.0,0.0,,,,,,,,,,,,
1140,2026-04-27T10:00:33.915Z,S20260427_105921,N/A,AUTO,,72.3795,0.0582,N/A,0,1500,VIDE,0.0,0.0,0.0,0.0,0.0,0.0,0,0,0.0,0.0,,,,,,,,,,,,
1141,2026-04-27T10:00:33.978Z,S20260427_105921,N/A,AUTO,,72.4428,0.0633,N/A,0,1500,VIDE,0.0,0.0,0.0,0.0,0.0,0.0,0,0,0.0,0.0,,,,,,,,,,,,
1142,2026-04-27T10:00:34.044Z,S20260427_105921,N/A,AUTO,,72.5085,0.0657,N/A,0,1500,VIDE,0.0,0.0,0.0,0.0,0.0,0.0,0,0,0.0,0.0,,,,,,,,,,,,
1143,2026-04-27T10:00:34.104Z,S20260427_105921,N/A,AUTO,,72.5685,0.0599,N/A,0,1500,VIDE,0.0,0.0,0.0,0.0,0.0,0.0,0,0,0.0,0.0,,,,,,,,,,,,
1144,2026-04-27T10:00:34.168Z,S20260427_105921,N/A,AUTO,,72.6329,0.0644,N/A,0,1500,VIDE,0.0,0.0,0.0,0.0,0.0,0.0,0,0,0.0,0.0,,,,,,,,,,,,
1145,2026-04-27T10:00:34.228Z,S20260427_105921,N/A,AUTO,,72.693,0.0601,N/A,0,1500,VIDE,0.0,0.0,0.0,0.0,0.0,0.0,0,0,0.0,0.0,,,,,,,,,,,,
1146,2026-04-27T10:00:34.291Z,S20260427_105921,N/A,AUTO,,72.756,0.063,N/A,0,1500,VIDE,0.0,0.0,0.0,0.0,0.0,0.0,0,0,0.0,0.0,,,,,,,,,,,,
1147,2026-04-27T10:00:34.353Z,S20260427_105921,N/A,AUTO,,72.818,0.062,N/A,0,1500,VIDE,0.0,0.0,0.0,0.0,0.0,0.0,0,0,0.0,0.0,,,,,,,,,,,,
1148,2026-04-27T10:00:34.418Z,S20260427_105921,N/A,AUTO,,72.8829,0.0649,N/A,0,1500,VIDE,0.0,0.0,0.0,0.0,0.0,0.0,0,0,0.0,0.0,,,,,,,,,,,,
1149,2026-04-27T10:00:34.482Z,S20260427_105921,N/A,AUTO,,72.9472,0.0643,N/A,0,1500,VIDE,0.0,0.0,0.0,0.0,0.0,0.0,0,0,0.0,0.0,,,,,,,,,,,,
1150,2026-04-27T10:00:34.543Z,S20260427_105921,N/A,AUTO,,73.0083,0.0611,N/A,0,1500,VIDE,0.0,0.0,0.0,0.0,0.0,0.0,0,0,0.0,0.0,,,,,,,,,,,,
1151,2026-04-27T10:00:34.605Z,S20260427_105921,N/A,AUTO,,73.0695,0.0613,N/A,0,1500,VIDE,0.0,0.0,0.0,0.0,0.0,0.0,0,0,0.0,0.0,,,,,,,,,,,,
1152,2026-04-27T10:00:34.668Z,S20260427_105921,N/A,AUTO,,73.133,0.0634,N/A,0,1500,VIDE,0.0,0.0,0.0,0.0,0.0,0.0,0,0,0.0,0.0,,,,,,,,,,,,
1153,2026-04-27T10:00:34.742Z,S20260427_105921,N/A,AUTO,,73.2064,0.0735,N/A,0,1500,VIDE,0.0,0.0,0.0,0.0,0.0,0.0,0,0,0.0,0.0,,,,,,,,,,,,
1154,2026-04-27T10:00:34.793Z,S20260427_105921,N/A,AUTO,,73.2581,0.0517,N/A,0,1500,VIDE,0.0,0.0,0.0,0.0,0.0,0.0,0,0,0.0,0.0,,,,,,,,,,,,
1155,2026-04-27T10:00:34.853Z,S20260427_105921,N/A,AUTO,,73.3179,0.0598,N/A,0,1500,VIDE,0.0,0.0,0.0,0.0,0.0,0.0,0,0,0.0,0.0,,,,,,,,,,,,
1156,2026-04-27T10:00:34.920Z,S20260427_105921,N/A,AUTO,,73.3851,0.0671,N/A,0,1500,VIDE,0.0,0.0,0.0,0.0,0.0,0.0,0,0,0.0,0.0,,,,,,,,,,,,
1157,2026-04-27T10:00:34.978Z,S20260427_105921,N/A,AUTO,,73.4425,0.0575,N/A,0,1500,VIDE,0.0,0.0,0.0,0.0,0.0,0.0,0,0,0.0,0.0,,,,,,,,,,,,
1158,2026-04-27T10:00:35.065Z,S20260427_105921,N/A,AUTO,,73.5299,0.0874,N/A,0,1500,VIDE,0.0,0.0,0.0,0.0,0.0,0.0,0,0,0.0,0.0,,,,,,,,,,,,
1159,2026-04-27T10:00:35.120Z,S20260427_105921,N/A,AUTO,,73.5851,0.0552,N/A,0,1500,VIDE,0.0,0.0,0.0,0.0,0.0,0.0,0,0,0.0,0.0,,,,,,,,,,,,
1160,2026-04-27T10:00:35.191Z,S20260427_105921,N/A,AUTO,,73.6557,0.0705,N/A,0,1500,VIDE,0.0,0.0,0.0,0.0,0.0,0.0,0,0,0.0,0.0,,,,,,,,,,,,
1161,2026-04-27T10:00:35.260Z,S20260427_105921,N/A,AUTO,,73.7252,0.0696,N/A,0,1500,VIDE,0.0,0.0,0.0,0.0,0.0,0.0,0,0,0.0,0.0,,,,,,,,,,,,
1162,2026-04-27T10:00:35.324Z,S20260427_105921,N/A,AUTO,,73.7884,0.0632,N/A,0,1500,VIDE,0.0,0.0,0.0,0.0,0.0,0.0,0,0,0.0,0.0,,,,,,,,,,,,
1163,2026-04-27T10:00:35.387Z,S20260427_105921,N/A,AUTO,,73.8516,0.0632,N/A,0,1500,VIDE,0.0,0.0,0.0,0.0,0.0,0.0,0,0,0.0,0.0,,,,,,,,,,,,
1164,2026-04-27T10:00:35.446Z,S20260427_105921,N/A,AUTO,,73.9113,0.0597,N/A,0,1500,VIDE,0.0,0.0,0.0,0.0,0.0,0.0,0,0,0.0,0.0,,,,,,,,,,,,
1165,2026-04-27T10:00:35.513Z,S20260427_105921,N/A,AUTO,,73.9778,0.0665,N/A,0,1500,VIDE,0.0,0.0,0.0,0.0,0.0,0.0,0,0,0.0,0.0,,,,,,,,,,,,
1166,2026-04-27T10:00:35.574Z,S20260427_105921,N/A,AUTO,,74.0392,0.0614,N/A,0,1500,VIDE,0.0,0.0,0.0,0.0,0.0,0.0,0,0,0.0,0.0,,,,,,,,,,,,
1167,2026-04-27T10:00:35.637Z,S20260427_105921,N/A,AUTO,,74.1019,0.0627,N/A,0,1500,VIDE,0.0,0.0,0.0,0.0,0.0,0.0,0,0,0.0,0.0,,,,,,,,,,,,
1168,2026-04-27T10:00:35.699Z,S20260427_105921,N/A,AUTO,,74.1641,0.0622,N/A,0,1500,VIDE,0.0,0.0,0.0,0.0,0.0,0.0,0,0,0.0,0.0,,,,,,,,,,,,
1169,2026-04-27T10:00:35.760Z,S20260427_105921,N/A,AUTO,,74.2252,0.0611,N/A,0,1500,VIDE,0.0,0.0,0.0,0.0,0.0,0.0,0,0,0.0,0.0,,,,,,,,,,,,
1170,2026-04-27T10:00:35.822Z,S20260427_105921,N/A,AUTO,,74.2867,0.0616,N/A,0,1500,VIDE,0.0,0.0,0.0,0.0,0.0,0.0,0,0,0.0,0.0,,,,,,,,,,,,
1171,2026-04-27T10:00:35.897Z,S20260427_105921,N/A,AUTO,,74.3614,0.0747,N/A,0,1500,VIDE,0.0,0.0,0.0,0.0,0.0,0.0,0,0,0.0,0.0,,,,,,,,,,,,
1172,2026-04-27T10:00:35.947Z,S20260427_105921,N/A,AUTO,,74.4115,0.05,N/A,0,1500,VIDE,0.0,0.0,0.0,0.0,0.0,0.0,0,0,0.0,0.0,,,,,,,,,,,,
1173,2026-04-27T10:00:36.015Z,S20260427_105921,N/A,AUTO,,74.4796,0.0681,N/A,0,1500,VIDE,0.0,0.0,0.0,0.0,0.0,0.0,0,0,0.0,0.0,,,,,,,,,,,,
1174,2026-04-27T10:00:36.073Z,S20260427_105921,N/A,AUTO,,74.5378,0.0582,N/A,0,1500,VIDE,0.0,0.0,0.0,0.0,0.0,0.0,0,0,0.0,0.0,,,,,,,,,,,,
1175,2026-04-27T10:00:36.145Z,S20260427_105921,N/A,AUTO,,74.61,0.0721,N/A,0,1500,VIDE,0.0,0.0,0.0,0.0,0.0,0.0,0,0,0.0,0.0,,,,,,,,,,,,
1176,2026-04-27T10:00:36.204Z,S20260427_105921,N/A,AUTO,,74.6689,0.0589,N/A,0,1500,VIDE,0.0,0.0,0.0,0.0,0.0,0.0,0,0,0.0,0.0,,,,,,,,,,,,
1177,2026-04-27T10:00:36.261Z,S20260427_105921,N/A,AUTO,,74.7257,0.0569,N/A,0,1500,VIDE,0.0,0.0,0.0,0.0,0.0,0.0,0,0,0.0,0.0,,,,,,,,,,,,
1178,2026-04-27T10:00:36.321Z,S20260427_105921,N/A,AUTO,,74.7861,0.0604,N/A,0,1500,VIDE,0.0,0.0,0.0,0.0,0.0,0.0,0,0,0.0,0.0,,,,,,,,,,,,
1179,2026-04-27T10:00:36.394Z,S20260427_105921,N/A,AUTO,,74.8584,0.0723,N/A,0,1500,VIDE,0.0,0.0,0.0,0.0,0.0,0.0,0,0,0.0,0.0,,,,,,,,,,,,
1180,2026-04-27T10:00:36.448Z,S20260427_105921,N/A,AUTO,,74.9133,0.0548,N/A,0,1500,VIDE,0.0,0.0,0.0,0.0,0.0,0.0,0,0,0.0,0.0,,,,,,,,,,,,
1181,2026-04-27T10:00:36.513Z,S20260427_105921,N/A,AUTO,,74.9781,0.0649,N/A,0,1500,VIDE,0.0,0.0,0.0,0.0,0.0,0.0,0,0,0.0,0.0,,,,,,,,,,,,
1182,2026-04-27T10:00:36.584Z,S20260427_105921,N/A,AUTO,,75.0484,0.0703,N/A,0,1500,VIDE,0.0,0.0,0.0,0.0,0.0,0.0,0,0,0.0,0.0,,,,,,,,,,,,
1183,2026-04-27T10:00:36.638Z,S20260427_105921,N/A,AUTO,,75.1033,0.0548,N/A,0,1500,VIDE,0.0,0.0,0.0,0.0,0.0,0.0,0,0,0.0,0.0,,,,,,,,,,,,
1184,2026-04-27T10:00:36.696Z,S20260427_105921,N/A,AUTO,,75.1611,0.0578,N/A,0,1500,VIDE,0.0,0.0,0.0,0.0,0.0,0.0,0,0,0.0,0.0,,,,,,,,,,,,
1185,2026-04-27T10:00:36.774Z,S20260427_105921,N/A,AUTO,,75.239,0.0779,N/A,0,1500,VIDE,0.0,0.0,0.0,0.0,0.0,0.0,0,0,0.0,0.0,,,,,,,,,,,,
1186,2026-04-27T10:00:36.838Z,S20260427_105921,N/A,AUTO,,75.303,0.064,N/A,0,1500,VIDE,0.0,0.0,0.0,0.0,0.0,0.0,0,0,0.0,0.0,,,,,,,,,,,,
1187,2026-04-27T10:00:36.903Z,S20260427_105921,N/A,AUTO,,75.3682,0.0652,N/A,0,1500,VIDE,0.0,0.0,0.0,0.0,0.0,0.0,0,0,0.0,0.0,,,,,,,,,,,,
1188,2026-04-27T10:00:36.963Z,S20260427_105921,N/A,AUTO,,75.428,0.0598,N/A,0,1500,VIDE,0.0,0.0,0.0,0.0,0.0,0.0,0,0,0.0,0.0,,,,,,,,,,,,
1189,2026-04-27T10:00:37.026Z,S20260427_105921,N/A,AUTO,,75.4906,0.0626,N/A,0,1500,VIDE,0.0,0.0,0.0,0.0,0.0,0.0,0,0,0.0,0.0,,,,,,,,,,,,
1190,2026-04-27T10:00:37.092Z,S20260427_105921,N/A,AUTO,,75.557,0.0665,N/A,0,1500,VIDE,0.0,0.0,0.0,0.0,0.0,0.0,0,0,0.0,0.0,,,,,,,,,,,,
1191,2026-04-27T10:00:37.164Z,S20260427_105921,N/A,AUTO,,75.6288,0.0717,N/A,0,1500,VIDE,0.0,0.0,0.0,0.0,0.0,0.0,0,0,0.0,0.0,,,,,,,,,,,,
1192,2026-04-27T10:00:37.212Z,S20260427_105921,N/A,AUTO,,75.6767,0.048,N/A,0,1500,VIDE,0.0,0.0,0.0,0.0,0.0,0.0,0,0,0.0,0.0,,,,,,,,,,,,
1193,2026-04-27T10:00:37.277Z,S20260427_105921,N/A,AUTO,,75.742,0.0652,N/A,0,1500,VIDE,0.0,0.0,0.0,0.0,0.0,0.0,0,0,0.0,0.0,,,,,,,,,,,,
1194,2026-04-27T10:00:37.350Z,S20260427_105921,N/A,AUTO,,75.8147,0.0727,N/A,0,1500,VIDE,0.0,0.0,0.0,0.0,0.0,0.0,0,0,0.0,0.0,,,,,,,,,,,,
1195,2026-04-27T10:00:37.399Z,S20260427_105921,N/A,AUTO,,75.864,0.0493,N/A,0,1500,VIDE,0.0,0.0,0.0,0.0,0.0,0.0,0,0,0.0,0.0,,,,,,,,,,,,
1196,2026-04-27T10:00:37.468Z,S20260427_105921,N/A,AUTO,,75.9332,0.0692,N/A,0,1500,VIDE,0.0,0.0,0.0,0.0,0.0,0.0,0,0,0.0,0.0,,,,,,,,,,,,
1197,2026-04-27T10:00:37.526Z,S20260427_105921,N/A,AUTO,,75.991,0.0577,N/A,0,1500,VIDE,0.0,0.0,0.0,0.0,0.0,0.0,0,0,0.0,0.0,,,,,,,,,,,,
1198,2026-04-27T10:00:37.593Z,S20260427_105921,N/A,AUTO,,76.058,0.067,N/A,0,1500,VIDE,0.0,0.0,0.0,0.0,0.0,0.0,0,0,0.0,0.0,,,,,,,,,,,,
1199,2026-04-27T10:00:37.653Z,S20260427_105921,N/A,AUTO,,76.118,0.06,N/A,0,1500,VIDE,0.0,0.0,0.0,0.0,0.0,0.0,0,0,0.0,0.0,,,,,,,,,,,,
1200,2026-04-27T10:00:37.713Z,S20260427_105921,N/A,AUTO,,76.1777,0.0597,N/A,0,1500,VIDE,0.0,0.0,0.0,0.0,0.0,0.0,0,0,0.0,0.0,,,,,,,,,,,,
1201,2026-04-27T10:00:37.787Z,S20260427_105921,N/A,AUTO,,76.2524,0.0747,N/A,0,1500,VIDE,0.0,0.0,0.0,0.0,0.0,0.0,0,0,0.0,0.0,,,,,,,,,,,,
1202,2026-04-27T10:00:37.838Z,S20260427_105921,N/A,AUTO,,76.3025,0.0502,N/A,0,1500,VIDE,0.0,0.0,0.0,0.0,0.0,0.0,0,0,0.0,0.0,,,,,,,,,,,,
1203,2026-04-27T10:00:37.899Z,S20260427_105921,N/A,AUTO,,76.3641,0.0616,N/A,0,1500,VIDE,0.0,0.0,0.0,0.0,0.0,0.0,0,0,0.0,0.0,,,,,,,,,,,,
1204,2026-04-27T10:00:37.963Z,S20260427_105921,N/A,AUTO,,76.4277,0.0636,N/A,0,1500,VIDE,0.0,0.0,0.0,0.0,0.0,0.0,0,0,0.0,0.0,,,,,,,,,,,,
1205,2026-04-27T10:00:38.026Z,S20260427_105921,N/A,AUTO,,76.4913,0.0636,N/A,0,1500,VIDE,0.0,0.0,0.0,0.0,0.0,0.0,0,0,0.0,0.0,,,,,,,,,,,,
1206,2026-04-27T10:00:38.087Z,S20260427_105921,N/A,AUTO,,76.5517,0.0603,N/A,0,1500,VIDE,0.0,0.0,0.0,0.0,0.0,0.0,0,0,0.0,0.0,,,,,,,,,,,,
1207,2026-04-27T10:00:38.164Z,S20260427_105921,N/A,AUTO,,76.6285,0.0768,N/A,0,1500,VIDE,0.0,0.0,0.0,0.0,0.0,0.0,0,0,0.0,0.0,,,,,,,,,,,,
1208,2026-04-27T10:00:38.218Z,S20260427_105921,N/A,AUTO,,76.6827,0.0542,N/A,0,1500,VIDE,0.0,0.0,0.0,0.0,0.0,0.0,0,0,0.0,0.0,,,,,,,,,,,,
1209,2026-04-27T10:00:38.277Z,S20260427_105921,N/A,AUTO,,76.7419,0.0593,N/A,0,1500,VIDE,0.0,0.0,0.0,0.0,0.0,0.0,0,0,0.0,0.0,,,,,,,,,,,,
1210,2026-04-27T10:00:38.338Z,S20260427_105921,N/A,AUTO,,76.8026,0.0607,N/A,0,1500,VIDE,0.0,0.0,0.0,0.0,0.0,0.0,0,0,0.0,0.0,,,,,,,,,,,,
1211,2026-04-27T10:00:38.399Z,S20260427_105921,N/A,AUTO,,76.8642,0.0616,N/A,0,1500,VIDE,0.0,0.0,0.0,0.0,0.0,0.0,0,0,0.0,0.0,,,,,,,,,,,,
1212,2026-04-27T10:00:38.470Z,S20260427_105921,N/A,AUTO,,76.9353,0.0711,N/A,0,1500,VIDE,0.0,0.0,0.0,0.0,0.0,0.0,0,0,0.0,0.0,,,,,,,,,,,,
1213,2026-04-27T10:00:38.524Z,S20260427_105921,N/A,AUTO,,76.9893,0.054,N/A,0,1500,VIDE,0.0,0.0,0.0,0.0,0.0,0.0,0,0,0.0,0.0,,,,,,,,,,,,
1214,2026-04-27T10:00:38.588Z,S20260427_105921,N/A,AUTO,,77.0527,0.0634,N/A,0,1500,VIDE,0.0,0.0,0.0,0.0,0.0,0.0,0,0,0.0,0.0,,,,,,,,,,,,
1215,2026-04-27T10:00:38.654Z,S20260427_105921,N/A,AUTO,,77.1191,0.0664,N/A,0,1500,VIDE,0.0,0.0,0.0,0.0,0.0,0.0,0,0,0.0,0.0,,,,,,,,,,,,
1216,2026-04-27T10:00:38.718Z,S20260427_105921,N/A,AUTO,,77.1824,0.0633,N/A,0,1500,VIDE,0.0,0.0,0.0,0.0,0.0,0.0,0,0,0.0,0.0,,,,,,,,,,,,
1217,2026-04-27T10:00:38.788Z,S20260427_105921,N/A,AUTO,,77.2529,0.0705,N/A,0,1500,VIDE,0.0,0.0,0.0,0.0,0.0,0.0,0,0,0.0,0.0,,,,,,,,,,,,
1218,2026-04-27T10:00:38.850Z,S20260427_105921,N/A,AUTO,,77.3146,0.0616,N/A,0,1500,VIDE,0.0,0.0,0.0,0.0,0.0,0.0,0,0,0.0,0.0,,,,,,,,,,,,
1219,2026-04-27T10:00:38.899Z,S20260427_105921,N/A,AUTO,,77.3642,0.0497,N/A,0,1500,VIDE,0.0,0.0,0.0,0.0,0.0,0.0,0,0,0.0,0.0,,,,,,,,,,,,
1220,2026-04-27T10:00:38.963Z,S20260427_105921,N/A,AUTO,,77.4282,0.064,N/A,0,1500,VIDE,0.0,0.0,0.0,0.0,0.0,0.0,0,0,0.0,0.0,,,,,,,,,,,,
1221,2026-04-27T10:00:39.024Z,S20260427_105921,N/A,AUTO,,77.4891,0.0609,N/A,0,1500,VIDE,0.0,0.0,0.0,0.0,0.0,0.0,0,0,0.0,0.0,,,,,,,,,,,,
1222,2026-04-27T10:00:39.087Z,S20260427_105921,N/A,AUTO,,77.5515,0.0624,N/A,0,1500,VIDE,0.0,0.0,0.0,0.0,0.0,0.0,0,0,0.0,0.0,,,,,,,,,,,,
1223,2026-04-27T10:00:39.154Z,S20260427_105921,N/A,AUTO,,77.6184,0.0669,N/A,0,1500,VIDE,0.0,0.0,0.0,0.0,0.0,0.0,0,0,0.0,0.0,,,,,,,,,,,,
1224,2026-04-27T10:00:39.214Z,S20260427_105921,N/A,AUTO,,77.6794,0.061,N/A,0,1500,VIDE,0.0,0.0,0.0,0.0,0.0,0.0,0,0,0.0,0.0,,,,,,,,,,,,
1225,2026-04-27T10:00:39.289Z,S20260427_105921,N/A,AUTO,,77.7538,0.0744,N/A,0,1500,VIDE,0.0,0.0,0.0,0.0,0.0,0.0,0,0,0.0,0.0,,,,,,,,,,,,
1226,2026-04-27T10:00:39.339Z,S20260427_105921,N/A,AUTO,,77.8041,0.0503,N/A,0,1500,VIDE,0.0,0.0,0.0,0.0,0.0,0.0,0,0,0.0,0.0,,,,,,,,,,,,
1227,2026-04-27T10:00:39.411Z,S20260427_105921,N/A,AUTO,,77.876,0.0718,N/A,0,1500,VIDE,0.0,0.0,0.0,0.0,0.0,0.0,0,0,0.0,0.0,,,,,,,,,,,,
1228,2026-04-27T10:00:39.464Z,S20260427_105921,N/A,AUTO,,77.9285,0.0525,N/A,0,1500,VIDE,0.0,0.0,0.0,0.0,0.0,0.0,0,0,0.0,0.0,,,,,,,,,,,,
1229,2026-04-27T10:00:39.537Z,S20260427_105921,N/A,AUTO,,78.0019,0.0734,N/A,0,1500,VIDE,0.0,0.0,0.0,0.0,0.0,0.0,0,0,0.0,0.0,,,,,,,,,,,,
1230,2026-04-27T10:00:39.587Z,S20260427_105921,N/A,AUTO,,78.0517,0.0498,N/A,0,1500,VIDE,0.0,0.0,0.0,0.0,0.0,0.0,0,0,0.0,0.0,,,,,,,,,,,,
1231,2026-04-27T10:00:39.656Z,S20260427_105921,N/A,AUTO,,78.1212,0.0695,N/A,0,1500,VIDE,0.0,0.0,0.0,0.0,0.0,0.0,0,0,0.0,0.0,,,,,,,,,,,,
1232,2026-04-27T10:00:39.713Z,S20260427_105921,N/A,AUTO,,78.1778,0.0567,N/A,0,1500,VIDE,0.0,0.0,0.0,0.0,0.0,0.0,0,0,0.0,0.0,,,,,,,,,,,,
1233,2026-04-27T10:00:39.779Z,S20260427_105921,N/A,AUTO,,78.2439,0.0661,N/A,0,1500,VIDE,0.0,0.0,0.0,0.0,0.0,0.0,0,0,0.0,0.0,,,,,,,,,,,,
1234,2026-04-27T10:00:39.840Z,S20260427_105921,N/A,AUTO,,78.3052,0.0613,N/A,0,1500,VIDE,0.0,0.0,0.0,0.0,0.0,0.0,0,0,0.0,0.0,,,,,,,,,,,,
1235,2026-04-27T10:00:39.900Z,S20260427_105921,N/A,AUTO,,78.3649,0.0597,N/A,0,1500,VIDE,0.0,0.0,0.0,0.0,0.0,0.0,0,0,0.0,0.0,,,,,,,,,,,,
1236,2026-04-27T10:00:39.963Z,S20260427_105921,N/A,AUTO,,78.4281,0.0632,N/A,0,1500,VIDE,0.0,0.0,0.0,0.0,0.0,0.0,0,0,0.0,0.0,,,,,,,,,,,,
1237,2026-04-27T10:00:40.025Z,S20260427_105921,N/A,AUTO,,78.4895,0.0614,N/A,0,1500,VIDE,0.0,0.0,0.0,0.0,0.0,0.0,0,0,0.0,0.0,,,,,,,,,,,,
1238,2026-04-27T10:00:40.092Z,S20260427_105921,N/A,AUTO,,78.5573,0.0678,N/A,0,1500,VIDE,0.0,0.0,0.0,0.0,0.0,0.0,0,0,0.0,0.0,,,,,,,,,,,,
1239,2026-04-27T10:00:40.155Z,S20260427_105921,N/A,AUTO,,78.6204,0.0631,N/A,0,1500,VIDE,0.0,0.0,0.0,0.0,0.0,0.0,0,0,0.0,0.0,,,,,,,,,,,,
1240,2026-04-27T10:00:40.217Z,S20260427_105921,N/A,AUTO,,78.6823,0.0619,N/A,0,1500,VIDE,0.0,0.0,0.0,0.0,0.0,0.0,0,0,0.0,0.0,,,,,,,,,,,,
1241,2026-04-27T10:00:40.276Z,S20260427_105921,N/A,AUTO,,78.7412,0.0589,N/A,0,1500,VIDE,0.0,0.0,0.0,0.0,0.0,0.0,0,0,0.0,0.0,,,,,,,,,,,,
1242,2026-04-27T10:00:40.338Z,S20260427_105921,N/A,AUTO,,78.8029,0.0617,N/A,0,1500,VIDE,0.0,0.0,0.0,0.0,0.0,0.0,0,0,0.0,0.0,,,,,,,,,,,,
1243,2026-04-27T10:00:40.400Z,S20260427_105921,N/A,AUTO,,78.8646,0.0617,N/A,0,1500,VIDE,0.0,0.0,0.0,0.0,0.0,0.0,0,0,0.0,0.0,,,,,,,,,,,,
1244,2026-04-27T10:00:40.469Z,S20260427_105921,N/A,AUTO,,78.9336,0.069,N/A,0,1500,VIDE,0.0,0.0,0.0,0.0,0.0,0.0,0,0,0.0,0.0,,,,,,,,,,,,
1245,2026-04-27T10:00:40.524Z,S20260427_105921,N/A,AUTO,,78.9889,0.0553,N/A,0,1500,VIDE,0.0,0.0,0.0,0.0,0.0,0.0,0,0,0.0,0.0,,,,,,,,,,,,
1246,2026-04-27T10:00:40.599Z,S20260427_105921,N/A,AUTO,,79.0635,0.0746,N/A,0,1500,VIDE,0.0,0.0,0.0,0.0,0.0,0.0,0,0,0.0,0.0,,,,,,,,,,,,
1247,2026-04-27T10:00:40.658Z,S20260427_105921,N/A,AUTO,,79.1227,0.0592,N/A,0,1500,VIDE,0.0,0.0,0.0,0.0,0.0,0.0,0,0,0.0,0.0,,,,,,,,,,,,
1248,2026-04-27T10:00:40.714Z,S20260427_105921,N/A,AUTO,,79.1786,0.0559,N/A,0,1500,VIDE,0.0,0.0,0.0,0.0,0.0,0.0,0,0,0.0,0.0,,,,,,,,,,,,
1249,2026-04-27T10:00:40.780Z,S20260427_105921,N/A,AUTO,,79.2449,0.0663,N/A,0,1500,VIDE,0.0,0.0,0.0,0.0,0.0,0.0,0,0,0.0,0.0,,,,,,,,,,,,
1250,2026-04-27T10:00:40.838Z,S20260427_105921,N/A,AUTO,,79.3029,0.058,N/A,0,1500,VIDE,0.0,0.0,0.0,0.0,0.0,0.0,0,0,0.0,0.0,,,,,,,,,,,,
1251,2026-04-27T10:00:40.900Z,S20260427_105921,N/A,AUTO,,79.3649,0.0619,N/A,0,1500,VIDE,0.0,0.0,0.0,0.0,0.0,0.0,0,0,0.0,0.0,,,,,,,,,,,,
1252,2026-04-27T10:00:40.963Z,S20260427_105921,N/A,AUTO,,79.4279,0.0631,N/A,0,1500,VIDE,0.0,0.0,0.0,0.0,0.0,0.0,0,0,0.0,0.0,,,,,,,,,,,,
1253,2026-04-27T10:00:41.034Z,S20260427_105921,N/A,AUTO,,79.4994,0.0714,N/A,0,1500,VIDE,0.0,0.0,0.0,0.0,0.0,0.0,0,0,0.0,0.0,,,,,,,,,,,,
1254,2026-04-27T10:00:41.087Z,S20260427_105921,N/A,AUTO,,79.5523,0.0529,N/A,0,1500,VIDE,0.0,0.0,0.0,0.0,0.0,0.0,0,0,0.0,0.0,,,,,,,,,,,,
1255,2026-04-27T10:00:41.153Z,S20260427_105921,N/A,AUTO,,79.6181,0.0658,N/A,0,1500,VIDE,0.0,0.0,0.0,0.0,0.0,0.0,0,0,0.0,0.0,,,,,,,,,,,,
1256,2026-04-27T10:00:41.214Z,S20260427_105921,N/A,AUTO,,79.6794,0.0613,N/A,0,1500,VIDE,0.0,0.0,0.0,0.0,0.0,0.0,0,0,0.0,0.0,,,,,,,,,,,,
1257,2026-04-27T10:00:41.292Z,S20260427_105921,N/A,AUTO,,79.7565,0.0771,N/A,0,1500,VIDE,0.0,0.0,0.0,0.0,0.0,0.0,0,0,0.0,0.0,,,,,,,,,,,,
1258,2026-04-27T10:00:41.366Z,S20260427_105921,N/A,AUTO,,79.831,0.0745,N/A,0,1500,VIDE,0.0,0.0,0.0,0.0,0.0,0.0,0,0,0.0,0.0,,,,,,,,,,,,
1259,2026-04-27T10:00:41.421Z,S20260427_105921,N/A,AUTO,,79.8861,0.0551,N/A,0,1500,VIDE,0.0,0.0,0.0,0.0,0.0,0.0,0,0,0.0,0.0,,,,,,,,,,,,
1260,2026-04-27T10:00:41.479Z,S20260427_105921,N/A,AUTO,,79.9441,0.058,N/A,0,1500,VIDE,0.0,0.0,0.0,0.0,0.0,0.0,0,0,0.0,0.0,,,,,,,,,,,,
1261,2026-04-27T10:00:41.543Z,S20260427_105921,N/A,AUTO,,80.0081,0.064,N/A,0,1500,VIDE,0.0,0.0,0.0,0.0,0.0,0.0,0,0,0.0,0.0,,,,,,,,,,,,
1262,2026-04-27T10:00:41.605Z,S20260427_105921,N/A,AUTO,,80.0697,0.0617,N/A,0,1500,VIDE,0.0,0.0,0.0,0.0,0.0,0.0,0,0,0.0,0.0,,,,,,,,,,,,
1263,2026-04-27T10:00:41.677Z,S20260427_105921,N/A,AUTO,,80.1423,0.0725,N/A,0,1500,VIDE,0.0,0.0,0.0,0.0,0.0,0.0,0,0,0.0,0.0,,,,,,,,,,,,
1264,2026-04-27T10:00:41.736Z,S20260427_105921,N/A,AUTO,,80.2013,0.059,N/A,0,1500,VIDE,0.0,0.0,0.0,0.0,0.0,0.0,0,0,0.0,0.0,,,,,,,,,,,,
1265,2026-04-27T10:00:41.793Z,S20260427_105921,N/A,AUTO,,80.2578,0.0565,N/A,0,1500,VIDE,0.0,0.0,0.0,0.0,0.0,0.0,0,0,0.0,0.0,,,,,,,,,,,,
1266,2026-04-27T10:00:41.854Z,S20260427_105921,N/A,AUTO,,80.3193,0.0615,N/A,0,1500,VIDE,0.0,0.0,0.0,0.0,0.0,0.0,0,0,0.0,0.0,,,,,,,,,,,,
1267,2026-04-27T10:00:41.916Z,S20260427_105921,N/A,AUTO,,80.3808,0.0615,N/A,0,1500,VIDE,0.0,0.0,0.0,0.0,0.0,0.0,0,0,0.0,0.0,,,,,,,,,,,,
1268,2026-04-27T10:00:41.977Z,S20260427_105921,N/A,AUTO,,80.4422,0.0614,N/A,0,1500,VIDE,0.0,0.0,0.0,0.0,0.0,0.0,0,0,0.0,0.0,,,,,,,,,,,,
1269,2026-04-27T10:00:42.044Z,S20260427_105921,N/A,AUTO,,80.5086,0.0664,N/A,0,1500,VIDE,0.0,0.0,0.0,0.0,0.0,0.0,0,0,0.0,0.0,,,,,,,,,,,,
1270,2026-04-27T10:00:42.113Z,S20260427_105921,N/A,AUTO,,80.5778,0.0692,N/A,0,1500,VIDE,0.0,0.0,0.0,0.0,0.0,0.0,0,0,0.0,0.0,,,,,,,,,,,,
1271,2026-04-27T10:00:42.170Z,S20260427_105921,N/A,AUTO,,80.6353,0.0576,N/A,0,1500,VIDE,0.0,0.0,0.0,0.0,0.0,0.0,0,0,0.0,0.0,,,,,,,,,,,,
1272,2026-04-27T10:00:42.243Z,S20260427_105921,N/A,AUTO,,80.7077,0.0724,N/A,0,1500,VIDE,0.0,0.0,0.0,0.0,0.0,0.0,0,0,0.0,0.0,,,,,,,,,,,,
1273,2026-04-27T10:00:42.292Z,S20260427_105921,N/A,AUTO,,80.757,0.0493,N/A,0,1500,VIDE,0.0,0.0,0.0,0.0,0.0,0.0,0,0,0.0,0.0,,,,,,,,,,,,
1274,2026-04-27T10:00:42.358Z,S20260427_105921,N/A,AUTO,,80.8224,0.0654,N/A,0,1500,VIDE,0.0,0.0,0.0,0.0,0.0,0.0,0,0,0.0,0.0,,,,,,,,,,,,
1275,2026-04-27T10:00:42.417Z,S20260427_105921,N/A,AUTO,,80.8824,0.0599,N/A,0,1500,VIDE,0.0,0.0,0.0,0.0,0.0,0.0,0,0,0.0,0.0,,,,,,,,,,,,
1276,2026-04-27T10:00:42.480Z,S20260427_105921,N/A,AUTO,,80.9446,0.0622,N/A,0,1500,VIDE,0.0,0.0,0.0,0.0,0.0,0.0,0,0,0.0,0.0,,,,,,,,,,,,
1277,2026-04-27T10:00:42.554Z,S20260427_105921,N/A,AUTO,,81.0184,0.0738,N/A,0,1500,VIDE,0.0,0.0,0.0,0.0,0.0,0.0,0,0,0.0,0.0,,,,,,,,,,,,
1278,2026-04-27T10:00:42.608Z,S20260427_105921,N/A,AUTO,,81.0732,0.0548,N/A,0,1500,VIDE,0.0,0.0,0.0,0.0,0.0,0.0,0,0,0.0,0.0,,,,,,,,,,,,
1279,2026-04-27T10:00:42.676Z,S20260427_105921,N/A,AUTO,,81.1409,0.0677,N/A,0,1500,VIDE,0.0,0.0,0.0,0.0,0.0,0.0,0,0,0.0,0.0,,,,,,,,,,,,
1280,2026-04-27T10:00:42.729Z,S20260427_105921,N/A,AUTO,,81.1935,0.0525,N/A,0,1500,VIDE,0.0,0.0,0.0,0.0,0.0,0.0,0,0,0.0,0.0,,,,,,,,,,,,
1281,2026-04-27T10:00:42.794Z,S20260427_105921,N/A,AUTO,,81.259,0.0655,N/A,0,1500,VIDE,0.0,0.0,0.0,0.0,0.0,0.0,0,0,0.0,0.0,,,,,,,,,,,,
1282,2026-04-27T10:00:42.860Z,S20260427_105921,N/A,AUTO,,81.3248,0.0658,N/A,0,1500,VIDE,0.0,0.0,0.0,0.0,0.0,0.0,0,0,0.0,0.0,,,,,,,,,,,,
1283,2026-04-27T10:00:42.916Z,S20260427_105921,N/A,AUTO,,81.3809,0.0561,N/A,0,1500,VIDE,0.0,0.0,0.0,0.0,0.0,0.0,0,0,0.0,0.0,,,,,,,,,,,,
1284,2026-04-27T10:00:42.978Z,S20260427_105921,N/A,AUTO,,81.4429,0.0619,N/A,0,1500,VIDE,0.0,0.0,0.0,0.0,0.0,0.0,0,0,0.0,0.0,,,,,,,,,,,,
1285,2026-04-27T10:00:43.041Z,S20260427_105921,N/A,AUTO,,81.5061,0.0633,N/A,0,1500,VIDE,0.0,0.0,0.0,0.0,0.0,0.0,0,0,0.0,0.0,,,,,,,,,,,,
1286,2026-04-27T10:00:43.117Z,S20260427_105921,N/A,AUTO,,81.5815,0.0754,N/A,0,1500,VIDE,0.0,0.0,0.0,0.0,0.0,0.0,0,0,0.0,0.0,,,,,,,,,,,,
1287,2026-04-27T10:00:43.168Z,S20260427_105921,N/A,AUTO,,81.6325,0.051,N/A,0,1500,VIDE,0.0,0.0,0.0,0.0,0.0,0.0,0,0,0.0,0.0,,,,,,,,,,,,
1288,2026-04-27T10:00:43.231Z,S20260427_105921,N/A,AUTO,,81.6963,0.0637,N/A,0,1500,VIDE,0.0,0.0,0.0,0.0,0.0,0.0,0,0,0.0,0.0,,,,,,,,,,,,
1289,2026-04-27T10:00:43.292Z,S20260427_105921,N/A,AUTO,,81.7565,0.0603,N/A,0,1500,VIDE,0.0,0.0,0.0,0.0,0.0,0.0,0,0,0.0,0.0,,,,,,,,,,,,
1290,2026-04-27T10:00:43.367Z,S20260427_105921,N/A,AUTO,,81.8322,0.0756,N/A,0,1500,VIDE,0.0,0.0,0.0,0.0,0.0,0.0,0,0,0.0,0.0,,,,,,,,,,,,
1291,2026-04-27T10:00:43.419Z,S20260427_105921,N/A,AUTO,,81.8835,0.0513,N/A,0,1500,VIDE,0.0,0.0,0.0,0.0,0.0,0.0,0,0,0.0,0.0,,,,,,,,,,,,
1292,2026-04-27T10:00:43.483Z,S20260427_105921,N/A,AUTO,,81.9478,0.0643,N/A,0,1500,VIDE,0.0,0.0,0.0,0.0,0.0,0.0,0,0,0.0,0.0,,,,,,,,,,,,
1293,2026-04-27T10:00:43.545Z,S20260427_105921,N/A,AUTO,,82.0097,0.0619,N/A,0,1500,VIDE,0.0,0.0,0.0,0.0,0.0,0.0,0,0,0.0,0.0,,,,,,,,,,,,
1294,2026-04-27T10:00:43.605Z,S20260427_105921,N/A,AUTO,,82.0695,0.0598,N/A,0,1500,VIDE,0.0,0.0,0.0,0.0,0.0,0.0,0,0,0.0,0.0,,,,,,,,,,,,
1295,2026-04-27T10:00:43.665Z,S20260427_105921,N/A,AUTO,,82.1299,0.0604,N/A,0,1500,VIDE,0.0,0.0,0.0,0.0,0.0,0.0,0,0,0.0,0.0,,,,,,,,,,,,
1296,2026-04-27T10:00:43.730Z,S20260427_105921,N/A,AUTO,,82.1948,0.0649,N/A,0,1500,VIDE,0.0,0.0,0.0,0.0,0.0,0.0,0,0,0.0,0.0,,,,,,,,,,,,
1297,2026-04-27T10:00:43.793Z,S20260427_105921,N/A,AUTO,,82.2583,0.0635,N/A,0,1500,VIDE,0.0,0.0,0.0,0.0,0.0,0.0,0,0,0.0,0.0,,,,,,,,,,,,
1298,2026-04-27T10:00:43.858Z,S20260427_105921,N/A,AUTO,,82.323,0.0647,N/A,0,1500,VIDE,0.0,0.0,0.0,0.0,0.0,0.0,0,0,0.0,0.0,,,,,,,,,,,,
1299,2026-04-27T10:00:43.918Z,S20260427_105921,N/A,AUTO,,82.383,0.06,N/A,0,1500,VIDE,0.0,0.0,0.0,0.0,0.0,0.0,0,0,0.0,0.0,,,,,,,,,,,,
1300,2026-04-27T10:00:43.977Z,S20260427_105921,N/A,AUTO,,82.4419,0.0589,N/A,0,1500,VIDE,0.0,0.0,0.0,0.0,0.0,0.0,0,0,0.0,0.0,,,,,,,,,,,,
1301,2026-04-27T10:00:44.041Z,S20260427_105921,N/A,AUTO,,82.5064,0.0645,N/A,0,1500,VIDE,0.0,0.0,0.0,0.0,0.0,0.0,0,0,0.0,0.0,,,,,,,,,,,,
1302,2026-04-27T10:00:44.117Z,S20260427_105921,N/A,AUTO,,82.5817,0.0753,N/A,0,1500,VIDE,0.0,0.0,0.0,0.0,0.0,0.0,0,0,0.0,0.0,,,,,,,,,,,,
1303,2026-04-27T10:00:44.165Z,S20260427_105921,N/A,AUTO,,82.6303,0.0486,N/A,0,1500,VIDE,0.0,0.0,0.0,0.0,0.0,0.0,0,0,0.0,0.0,,,,,,,,,,,,
1304,2026-04-27T10:00:44.229Z,S20260427_105921,N/A,AUTO,,82.6935,0.0632,N/A,0,1500,VIDE,0.0,0.0,0.0,0.0,0.0,0.0,0,0,0.0,0.0,,,,,,,,,,,,
1305,2026-04-27T10:00:44.291Z,S20260427_105921,N/A,AUTO,,82.756,0.0625,N/A,0,1500,VIDE,0.0,0.0,0.0,0.0,0.0,0.0,0,0,0.0,0.0,,,,,,,,,,,,
1306,2026-04-27T10:00:44.354Z,S20260427_105921,N/A,AUTO,,82.8193,0.0633,N/A,0,1500,VIDE,0.0,0.0,0.0,0.0,0.0,0.0,0,0,0.0,0.0,,,,,,,,,,,,
1307,2026-04-27T10:00:44.415Z,S20260427_105921,N/A,AUTO,,82.8799,0.0606,N/A,0,1500,VIDE,0.0,0.0,0.0,0.0,0.0,0.0,0,0,0.0,0.0,,,,,,,,,,,,
1308,2026-04-27T10:00:44.482Z,S20260427_105921,N/A,AUTO,,82.9468,0.0668,N/A,0,1500,VIDE,0.0,0.0,0.0,0.0,0.0,0.0,0,0,0.0,0.0,,,,,,,,,,,,
1309,2026-04-27T10:00:44.543Z,S20260427_105921,N/A,AUTO,,83.0078,0.0611,N/A,0,1500,VIDE,0.0,0.0,0.0,0.0,0.0,0.0,0,0,0.0,0.0,,,,,,,,,,,,
1310,2026-04-27T10:00:44.618Z,S20260427_105921,N/A,AUTO,,83.0832,0.0754,N/A,0,1500,VIDE,0.0,0.0,0.0,0.0,0.0,0.0,0,0,0.0,0.0,,,,,,,,,,,,
1311,2026-04-27T10:00:44.668Z,S20260427_105921,N/A,AUTO,,83.1329,0.0496,N/A,0,1500,VIDE,0.0,0.0,0.0,0.0,0.0,0.0,0,0,0.0,0.0,,,,,,,,,,,,
1312,2026-04-27T10:00:44.729Z,S20260427_105921,N/A,AUTO,,83.1936,0.0607,N/A,0,1500,VIDE,0.0,0.0,0.0,0.0,0.0,0.0,0,0,0.0,0.0,,,,,,,,,,,,
1313,2026-04-27T10:00:44.795Z,S20260427_105921,N/A,AUTO,,83.2596,0.066,N/A,0,1500,VIDE,0.0,0.0,0.0,0.0,0.0,0.0,0,0,0.0,0.0,,,,,,,,,,,,
1314,2026-04-27T10:00:44.854Z,S20260427_105921,N/A,AUTO,,83.3193,0.0598,N/A,0,1500,VIDE,0.0,0.0,0.0,0.0,0.0,0.0,0,0,0.0,0.0,,,,,,,,,,,,
1315,2026-04-27T10:00:44.919Z,S20260427_105921,N/A,AUTO,,83.3842,0.0648,N/A,0,1500,VIDE,0.0,0.0,0.0,0.0,0.0,0.0,0,0,0.0,0.0,,,,,,,,,,,,
1316,2026-04-27T10:00:44.977Z,S20260427_105921,N/A,AUTO,,83.4423,0.0582,N/A,0,1500,VIDE,0.0,0.0,0.0,0.0,0.0,0.0,0,0,0.0,0.0,,,,,,,,,,,,
1317,2026-04-27T10:00:45.045Z,S20260427_105921,N/A,AUTO,,83.5097,0.0673,N/A,0,1500,VIDE,0.0,0.0,0.0,0.0,0.0,0.0,0,0,0.0,0.0,,,,,,,,,,,,
1318,2026-04-27T10:00:45.106Z,S20260427_105921,N/A,AUTO,,83.5711,0.0614,N/A,0,1500,VIDE,0.0,0.0,0.0,0.0,0.0,0.0,0,0,0.0,0.0,,,,,,,,,,,,
1319,2026-04-27T10:00:45.179Z,S20260427_105921,N/A,AUTO,,83.6443,0.0733,N/A,0,1500,VIDE,0.0,0.0,0.0,0.0,0.0,0.0,0,0,0.0,0.0,,,,,,,,,,,,
1320,2026-04-27T10:00:45.230Z,S20260427_105921,N/A,AUTO,,83.6945,0.0502,N/A,0,1500,VIDE,0.0,0.0,0.0,0.0,0.0,0.0,0,0,0.0,0.0,,,,,,,,,,,,
1321,2026-04-27T10:00:45.292Z,S20260427_105921,N/A,AUTO,,83.7568,0.0622,N/A,0,1500,VIDE,0.0,0.0,0.0,0.0,0.0,0.0,0,0,0.0,0.0,,,,,,,,,,,,
1322,2026-04-27T10:00:45.363Z,S20260427_105921,N/A,AUTO,,83.8275,0.0707,N/A,0,1500,VIDE,0.0,0.0,0.0,0.0,0.0,0.0,0,0,0.0,0.0,,,,,,,,,,,,
1323,2026-04-27T10:00:45.417Z,S20260427_105921,N/A,AUTO,,83.8824,0.0549,N/A,0,1500,VIDE,0.0,0.0,0.0,0.0,0.0,0.0,0,0,0.0,0.0,,,,,,,,,,,,
1324,2026-04-27T10:00:45.480Z,S20260427_105921,N/A,AUTO,,83.9447,0.0624,N/A,0,1500,VIDE,0.0,0.0,0.0,0.0,0.0,0.0,0,0,0.0,0.0,,,,,,,,,,,,
1325,2026-04-27T10:00:45.544Z,S20260427_105921,N/A,AUTO,,84.0092,0.0644,N/A,0,1500,VIDE,0.0,0.0,0.0,0.0,0.0,0.0,0,0,0.0,0.0,,,,,,,,,,,,
1326,2026-04-27T10:00:45.605Z,S20260427_105921,N/A,AUTO,,84.0695,0.0604,N/A,0,1500,VIDE,0.0,0.0,0.0,0.0,0.0,0.0,0,0,0.0,0.0,,,,,,,,,,,,
1327,2026-04-27T10:00:45.667Z,S20260427_105921,N/A,AUTO,,84.1317,0.0622,N/A,0,1500,VIDE,0.0,0.0,0.0,0.0,0.0,0.0,0,0,0.0,0.0,,,,,,,,,,,,
1328,2026-04-27T10:00:45.731Z,S20260427_105921,N/A,AUTO,,84.1958,0.0641,N/A,0,1500,VIDE,0.0,0.0,0.0,0.0,0.0,0.0,0,0,0.0,0.0,,,,,,,,,,,,
1329,2026-04-27T10:00:45.794Z,S20260427_105921,N/A,AUTO,,84.2591,0.0633,N/A,0,1500,VIDE,0.0,0.0,0.0,0.0,0.0,0.0,0,0,0.0,0.0,,,,,,,,,,,,
1330,2026-04-27T10:00:45.859Z,S20260427_105921,N/A,AUTO,,84.3242,0.065,N/A,0,1500,VIDE,0.0,0.0,0.0,0.0,0.0,0.0,0,0,0.0,0.0,,,,,,,,,,,,
1331,2026-04-27T10:00:45.915Z,S20260427_105921,N/A,AUTO,,84.3799,0.0558,N/A,0,1500,VIDE,0.0,0.0,0.0,0.0,0.0,0.0,0,0,0.0,0.0,,,,,,,,,,,,
1332,2026-04-27T10:00:45.980Z,S20260427_105921,N/A,AUTO,,84.4447,0.0648,N/A,0,1500,VIDE,0.0,0.0,0.0,0.0,0.0,0.0,0,0,0.0,0.0,,,,,,,,,,,,
1333,2026-04-27T10:00:46.044Z,S20260427_105921,N/A,AUTO,,84.5087,0.064,N/A,0,1500,VIDE,0.0,0.0,0.0,0.0,0.0,0.0,0,0,0.0,0.0,,,,,,,,,,,,
1334,2026-04-27T10:00:46.113Z,S20260427_105921,N/A,AUTO,,84.5783,0.0696,N/A,0,1500,VIDE,0.0,0.0,0.0,0.0,0.0,0.0,0,0,0.0,0.0,,,,,,,,,,,,
1335,2026-04-27T10:00:46.167Z,S20260427_105921,N/A,AUTO,,84.6321,0.0538,N/A,0,1500,VIDE,0.0,0.0,0.0,0.0,0.0,0.0,0,0,0.0,0.0,,,,,,,,,,,,
1336,2026-04-27T10:00:46.229Z,S20260427_105921,N/A,AUTO,,84.6935,0.0614,N/A,0,1500,VIDE,0.0,0.0,0.0,0.0,0.0,0.0,0,0,0.0,0.0,,,,,,,,,,,,
1337,2026-04-27T10:00:46.291Z,S20260427_105921,N/A,AUTO,,84.7559,0.0624,N/A,0,1500,VIDE,0.0,0.0,0.0,0.0,0.0,0.0,0,0,0.0,0.0,,,,,,,,,,,,
1338,2026-04-27T10:00:46.352Z,S20260427_105921,N/A,AUTO,,84.817,0.0611,N/A,0,1500,VIDE,0.0,0.0,0.0,0.0,0.0,0.0,0,0,0.0,0.0,,,,,,,,,,,,
1339,2026-04-27T10:00:46.419Z,S20260427_105921,N/A,AUTO,,84.8837,0.0667,N/A,0,1500,VIDE,0.0,0.0,0.0,0.0,0.0,0.0,0,0,0.0,0.0,,,,,,,,,,,,
1340,2026-04-27T10:00:46.487Z,S20260427_105921,N/A,AUTO,,84.9518,0.0681,N/A,0,1500,VIDE,0.0,0.0,0.0,0.0,0.0,0.0,0,0,0.0,0.0,,,,,,,,,,,,
1341,2026-04-27T10:00:46.540Z,S20260427_105921,N/A,AUTO,,85.0048,0.053,N/A,0,1500,VIDE,0.0,0.0,0.0,0.0,0.0,0.0,0,0,0.0,0.0,,,,,,,,,,,,
1342,2026-04-27T10:00:46.608Z,S20260427_105921,N/A,AUTO,,85.0727,0.0679,N/A,0,1500,VIDE,0.0,0.0,0.0,0.0,0.0,0.0,0,0,0.0,0.0,,,,,,,,,,,,
1343,2026-04-27T10:00:46.668Z,S20260427_105921,N/A,AUTO,,85.1324,0.0598,N/A,0,1500,VIDE,0.0,0.0,0.0,0.0,0.0,0.0,0,0,0.0,0.0,,,,,,,,,,,,
1344,2026-04-27T10:00:46.728Z,S20260427_105921,N/A,AUTO,,85.1925,0.0601,N/A,0,1500,VIDE,0.0,0.0,0.0,0.0,0.0,0.0,0,0,0.0,0.0,,,,,,,,,,,,
1345,2026-04-27T10:00:46.794Z,S20260427_105921,N/A,AUTO,,85.2591,0.0666,N/A,0,1500,VIDE,0.0,0.0,0.0,0.0,0.0,0.0,0,0,0.0,0.0,,,,,,,,,,,,
1346,2026-04-27T10:00:46.855Z,S20260427_105921,N/A,AUTO,,85.3196,0.0605,N/A,0,1500,VIDE,0.0,0.0,0.0,0.0,0.0,0.0,0,0,0.0,0.0,,,,,,,,,,,,
1347,2026-04-27T10:00:46.922Z,S20260427_105921,N/A,AUTO,,85.3871,0.0675,N/A,0,1500,VIDE,0.0,0.0,0.0,0.0,0.0,0.0,0,0,0.0,0.0,,,,,,,,,,,,
1348,2026-04-27T10:00:46.986Z,S20260427_105921,N/A,AUTO,,85.4511,0.0639,N/A,0,1500,VIDE,0.0,0.0,0.0,0.0,0.0,0.0,0,0,0.0,0.0,,,,,,,,,,,,
1349,2026-04-27T10:00:47.048Z,S20260427_105921,N/A,AUTO,,85.5128,0.0617,N/A,0,1500,VIDE,0.0,0.0,0.0,0.0,0.0,0.0,0,0,0.0,0.0,,,,,,,,,,,,
1350,2026-04-27T10:00:47.103Z,S20260427_105921,N/A,AUTO,,85.5681,0.0554,N/A,0,1500,VIDE,0.0,0.0,0.0,0.0,0.0,0.0,0,0,0.0,0.0,,,,,,,,,,,,
1351,2026-04-27T10:00:47.167Z,S20260427_105921,N/A,AUTO,,85.632,0.0639,N/A,0,1500,VIDE,0.0,0.0,0.0,0.0,0.0,0.0,0,0,0.0,0.0,,,,,,,,,,,,
1352,2026-04-27T10:00:47.227Z,S20260427_105921,N/A,AUTO,,85.6919,0.0599,N/A,0,1500,VIDE,0.0,0.0,0.0,0.0,0.0,0.0,0,0,0.0,0.0,,,,,,,,,,,,
1353,2026-04-27T10:00:47.291Z,S20260427_105921,N/A,AUTO,,85.7554,0.0635,N/A,0,1500,VIDE,0.0,0.0,0.0,0.0,0.0,0.0,0,0,0.0,0.0,,,,,,,,,,,,
1354,2026-04-27T10:00:47.363Z,S20260427_105921,N/A,AUTO,,85.8275,0.0721,N/A,0,1500,VIDE,0.0,0.0,0.0,0.0,0.0,0.0,0,0,0.0,0.0,,,,,,,,,,,,
1355,2026-04-27T10:00:47.425Z,S20260427_105921,N/A,AUTO,,85.8903,0.0627,N/A,0,1500,VIDE,0.0,0.0,0.0,0.0,0.0,0.0,0,0,0.0,0.0,,,,,,,,,,,,
1356,2026-04-27T10:00:47.482Z,S20260427_105921,N/A,AUTO,,85.9472,0.057,N/A,0,1500,VIDE,0.0,0.0,0.0,0.0,0.0,0.0,0,0,0.0,0.0,,,,,,,,,,,,
1357,2026-04-27T10:00:47.547Z,S20260427_105921,N/A,AUTO,,86.012,0.0647,N/A,0,1500,VIDE,0.0,0.0,0.0,0.0,0.0,0.0,0,0,0.0,0.0,,,,,,,,,,,,
1358,2026-04-27T10:00:47.652Z,S20260427_105921,N/A,AUTO,,86.1168,0.1049,N/A,0,1500,VIDE,0.0,0.0,0.0,0.0,0.0,0.0,0,0,0.0,0.0,,,,,,,,,,,,
