row_id,wall_time_utc,session_id,scenario_id,execution_mode,scenario_time_s,program_time_s,sample_dt_s,phase,scenario_started,vehicle_mass_kg,mass_label,steer_cmd_deg,throttle_cmd,brake_cmd,speed_mps,yaw_rad,yaw_rate_rps,mode_id,fault_flag,rtt_ms,jitter_ms,steer_ref_deg,throttle_ref,brake_ref,speed_min_mps,speed_max_mps,tol_steer_deg,tol_throttle,tol_brake,speed_in_corridor,e_speed_low,e_speed_high,e_steer_actual
1,2026-04-27T09:24:46.917Z,S20260427_102446,SC01,AUTO,,0.7249,0.7205,start,0,1500,VIDE,0.0,0.0,0.0,0.0,0.0,0.0,0,0,0.0,0.0,0.0,0.0,0.0,0.0,0.1,2.0,1.0,0.05,1,0.0,0.1,0.0
2,2026-04-27T09:24:46.950Z,S20260427_102446,SC01,AUTO,,0.7574,0.0326,start,0,1500,VIDE,0.0,0.0,0.0,0.0,0.0,0.0,0,0,0.0,0.0,0.0,0.0,0.0,0.0,0.1,2.0,1.0,0.05,1,0.0,0.1,0.0
3,2026-04-27T09:24:47.018Z,S20260427_102446,SC01,AUTO,,0.8256,0.068,start,0,1500,VIDE,0.0,0.0,0.0,0.0,0.0,0.0,0,0,0.0,0.0,0.0,0.0,0.0,0.0,0.1,2.0,1.0,0.05,1,0.0,0.1,0.0
4,2026-04-27T09:24:47.079Z,S20260427_102446,SC01,AUTO,,0.8864,0.061,start,0,1500,VIDE,0.0,0.0,0.0,0.0,0.0,0.0,0,0,0.0,0.0,0.0,0.0,0.0,0.0,0.1,2.0,1.0,0.05,1,0.0,0.1,0.0
5,2026-04-27T09:24:47.136Z,S20260427_102446,SC01,AUTO,,0.9438,0.0573,start,0,1500,VIDE,0.0,0.0,0.0,0.0,0.0,0.0,0,0,0.0,0.0,0.0,0.0,0.0,0.0,0.1,2.0,1.0,0.05,1,0.0,0.1,0.0
6,2026-04-27T09:24:47.198Z,S20260427_102446,SC01,AUTO,,1.0057,0.0618,start,0,1500,VIDE,0.0,0.0,0.0,0.0,0.0,0.0,0,0,0.0,0.0,0.0,0.0,0.0,0.0,0.1,2.0,1.0,0.05,1,0.0,0.1,0.0
7,2026-04-27T09:24:47.266Z,S20260427_102446,SC01,AUTO,,1.0738,0.0683,start,0,1500,VIDE,0.0,0.0,0.0,0.0,0.0,0.0,0,0,0.0,0.0,0.0,0.0,0.0,0.0,0.1,2.0,1.0,0.05,1,0.0,0.1,0.0
8,2026-04-27T09:24:47.322Z,S20260427_102446,SC01,AUTO,,1.1296,0.0558,start,0,1500,VIDE,0.0,0.0,0.0,0.0,0.0,0.0,0,0,0.0,0.0,0.0,0.0,0.0,0.0,0.1,2.0,1.0,0.05,1,0.0,0.1,0.0
9,2026-04-27T09:24:47.385Z,S20260427_102446,SC01,AUTO,,1.1929,0.0633,start,0,1500,VIDE,0.0,0.0,0.0,0.0,0.0,0.0,0,0,0.0,0.0,0.0,0.0,0.0,0.0,0.1,2.0,1.0,0.05,1,0.0,0.1,0.0
10,2026-04-27T09:24:47.450Z,S20260427_102446,SC01,AUTO,,1.2577,0.0648,start,0,1500,VIDE,0.0,0.0,0.0,0.0,0.0,0.0,0,0,0.0,0.0,0.0,0.0,0.0,0.0,0.1,2.0,1.0,0.05,1,0.0,0.1,0.0
11,2026-04-27T09:24:47.514Z,S20260427_102446,SC01,AUTO,,1.3217,0.064,start,0,1500,VIDE,0.0,0.0,0.0,0.0,0.0,0.0,0,0,0.0,0.0,0.0,0.0,0.0,0.0,0.1,2.0,1.0,0.05,1,0.0,0.1,0.0
12,2026-04-27T09:24:47.578Z,S20260427_102446,SC01,AUTO,,1.3861,0.0643,start,0,1500,VIDE,0.0,0.0,0.0,0.0,0.0,0.0,0,0,0.0,0.0,0.0,0.0,0.0,0.0,0.1,2.0,1.0,0.05,1,0.0,0.1,0.0
13,2026-04-27T09:24:47.635Z,S20260427_102446,SC01,AUTO,,1.4426,0.0565,start,0,1500,VIDE,0.0,0.0,0.0,0.0,0.0,0.0,0,0,0.0,0.0,0.0,0.0,0.0,0.0,0.1,2.0,1.0,0.05,1,0.0,0.1,0.0
14,2026-04-27T09:24:47.698Z,S20260427_102446,SC01,AUTO,,1.5059,0.0633,start,0,1500,VIDE,0.0,0.0,0.0,0.0,0.0,0.0,0,0,0.0,0.0,0.0,0.0,0.0,0.0,0.1,2.0,1.0,0.05,1,0.0,0.1,0.0
15,2026-04-27T09:24:47.762Z,S20260427_102446,SC01,AUTO,,1.5698,0.0639,start,0,1500,VIDE,0.0,0.0,0.0,0.0,0.0,0.0,0,0,0.0,0.0,0.0,0.0,0.0,0.0,0.1,2.0,1.0,0.05,1,0.0,0.1,0.0
16,2026-04-27T09:24:47.825Z,S20260427_102446,SC01,AUTO,,1.6326,0.0628,start,0,1500,VIDE,0.0,0.0,0.0,0.0,0.0,0.0,0,0,0.0,0.0,0.0,0.0,0.0,0.0,0.1,2.0,1.0,0.05,1,0.0,0.1,0.0
17,2026-04-27T09:24:47.885Z,S20260427_102446,SC01,AUTO,,1.6931,0.0605,start,0,1500,VIDE,0.0,0.0,0.0,0.0,0.0,0.0,0,0,0.0,0.0,0.0,0.0,0.0,0.0,0.1,2.0,1.0,0.05,1,0.0,0.1,0.0
18,2026-04-27T09:24:47.954Z,S20260427_102446,SC01,AUTO,,1.7617,0.0686,start,0,1500,VIDE,0.0,0.0,0.0,0.0,0.0,0.0,0,0,0.0,0.0,0.0,0.0,0.0,0.0,0.1,2.0,1.0,0.05,1,0.0,0.1,0.0
19,2026-04-27T09:24:48.022Z,S20260427_102446,SC01,AUTO,,1.8299,0.0683,start,0,1500,VIDE,0.0,0.0,0.0,0.0,0.0,0.0,0,0,0.0,0.0,0.0,0.0,0.0,0.0,0.1,2.0,1.0,0.05,1,0.0,0.1,0.0
20,2026-04-27T09:24:48.074Z,S20260427_102446,SC01,AUTO,,1.8817,0.0518,start,0,1500,VIDE,0.0,0.0,0.0,0.0,0.0,0.0,0,0,0.0,0.0,0.0,0.0,0.0,0.0,0.1,2.0,1.0,0.05,1,0.0,0.1,0.0
21,2026-04-27T09:24:48.138Z,S20260427_102446,SC01,AUTO,,1.9458,0.064,start,0,1500,VIDE,0.0,0.0,0.0,0.0,0.0,0.0,0,0,0.0,0.0,0.0,0.0,0.0,0.0,0.1,2.0,1.0,0.05,1,0.0,0.1,0.0
22,2026-04-27T09:24:48.203Z,S20260427_102446,SC01,AUTO,,2.0103,0.0646,start,0,1500,VIDE,0.0,0.0,0.0,0.0,0.0,0.0,0,0,0.0,0.0,0.0,0.0,0.0,0.0,0.1,2.0,1.0,0.05,1,0.0,0.1,0.0
23,2026-04-27T09:24:48.265Z,S20260427_102446,SC01,AUTO,,2.073,0.0626,start,0,1500,VIDE,0.0,0.0,0.0,0.0,0.0,0.0,0,0,0.0,0.0,0.0,0.0,0.0,0.0,0.1,2.0,1.0,0.05,1,0.0,0.1,0.0
24,2026-04-27T09:24:48.322Z,S20260427_102446,SC01,AUTO,,2.1297,0.0568,start,0,1500,VIDE,0.0,0.0,0.0,0.0,0.0,0.0,0,0,0.0,0.0,0.0,0.0,0.0,0.0,0.1,2.0,1.0,0.05,1,0.0,0.1,0.0
25,2026-04-27T09:24:48.385Z,S20260427_102446,SC01,AUTO,,2.1928,0.063,start,0,1500,VIDE,0.0,0.0,0.0,0.0,0.0,0.0,0,0,0.0,0.0,0.0,0.0,0.0,0.0,0.1,2.0,1.0,0.05,1,0.0,0.1,0.0
26,2026-04-27T09:24:48.458Z,S20260427_102446,SC01,AUTO,,2.2656,0.0728,start,0,1500,VIDE,0.0,0.0,0.0,0.0,0.0,0.0,0,0,0.0,0.0,0.0,0.0,0.0,0.0,0.1,2.0,1.0,0.05,1,0.0,0.1,0.0
27,2026-04-27T09:24:48.576Z,S20260427_102446,SC01,AUTO,,2.384,0.1185,start,0,1500,VIDE,0.0,0.0,0.0,0.0,0.0,0.0,0,0,0.0,0.0,0.0,0.0,0.0,0.0,0.1,2.0,1.0,0.05,1,0.0,0.1,0.0
28,2026-04-27T09:24:48.582Z,S20260427_102446,SC01,AUTO,,2.3901,0.0061,start,0,1500,VIDE,0.0,0.0,0.0,0.0,0.0,0.0,0,0,0.0,0.0,0.0,0.0,0.0,0.0,0.1,2.0,1.0,0.05,1,0.0,0.1,0.0
29,2026-04-27T09:24:48.634Z,S20260427_102446,SC01,AUTO,,2.442,0.0519,start,0,1500,VIDE,0.0,0.0,0.0,0.0,0.0,0.0,0,0,0.0,0.0,0.0,0.0,0.0,0.0,0.1,2.0,1.0,0.05,1,0.0,0.1,0.0
30,2026-04-27T09:24:48.698Z,S20260427_102446,SC01,AUTO,,2.506,0.064,start,0,1500,VIDE,0.0,0.0,0.0,0.0,0.0,0.0,0,0,0.0,0.0,0.0,0.0,0.0,0.0,0.1,2.0,1.0,0.05,1,0.0,0.1,0.0
31,2026-04-27T09:24:48.762Z,S20260427_102446,SC01,AUTO,,2.5698,0.0638,start,0,1500,VIDE,0.0,0.0,0.0,0.0,0.0,0.0,0,0,0.0,0.0,0.0,0.0,0.0,0.0,0.1,2.0,1.0,0.05,1,0.0,0.1,0.0
32,2026-04-27T09:24:48.825Z,S20260427_102446,SC01,AUTO,,2.6328,0.063,start,0,1500,VIDE,0.0,0.0,0.0,0.0,0.0,0.0,0,0,0.0,0.0,0.0,0.0,0.0,0.0,0.1,2.0,1.0,0.05,1,0.0,0.1,0.0
33,2026-04-27T09:24:48.885Z,S20260427_102446,SC01,AUTO,,2.6926,0.0598,start,0,1500,VIDE,0.0,0.0,0.0,0.0,0.0,0.0,0,0,0.0,0.0,0.0,0.0,0.0,0.0,0.1,2.0,1.0,0.05,1,0.0,0.1,0.0
34,2026-04-27T09:24:48.954Z,S20260427_102446,SC01,AUTO,,2.7617,0.0691,start,0,1500,VIDE,0.0,0.0,0.0,0.0,0.0,0.0,0,0,0.0,0.0,0.0,0.0,0.0,0.0,0.1,2.0,1.0,0.05,1,0.0,0.1,0.0
35,2026-04-27T09:24:49.019Z,S20260427_102446,SC01,AUTO,,2.8269,0.0652,start,0,1500,VIDE,0.0,0.0,0.0,0.0,0.0,0.0,0,0,0.0,0.0,0.0,0.0,0.0,0.0,0.1,2.0,1.0,0.05,1,0.0,0.1,0.0
36,2026-04-27T09:24:49.081Z,S20260427_102446,SC01,AUTO,,2.889,0.062,start,0,1500,VIDE,0.0,0.0,0.0,0.0,0.0,0.0,0,0,0.0,0.0,0.0,0.0,0.0,0.0,0.1,2.0,1.0,0.05,1,0.0,0.1,0.0
37,2026-04-27T09:24:49.144Z,S20260427_102446,SC01,AUTO,,2.952,0.0631,start,0,1500,VIDE,0.0,0.0,0.0,0.0,0.0,0.0,0,0,0.0,0.0,0.0,0.0,0.0,0.0,0.1,2.0,1.0,0.05,1,0.0,0.1,0.0
38,2026-04-27T09:24:49.206Z,S20260427_102446,SC01,AUTO,,3.0139,0.062,start,0,1500,VIDE,0.0,0.0,0.0,0.0,0.0,0.0,0,0,0.0,0.0,0.0,0.0,0.0,0.0,0.1,2.0,1.0,0.05,1,0.0,0.1,0.0
39,2026-04-27T09:24:49.259Z,S20260427_102446,SC01,AUTO,,3.0664,0.0525,start,0,1500,VIDE,0.0,0.0,0.0,0.0,0.0,0.0,0,0,0.0,0.0,0.0,0.0,0.0,0.0,0.1,2.0,1.0,0.05,1,0.0,0.1,0.0
40,2026-04-27T09:24:49.325Z,S20260427_102446,SC01,AUTO,,3.133,0.0666,start,0,1500,VIDE,0.0,0.0,0.0,0.0,0.0,0.0,0,0,0.0,0.0,0.0,0.0,0.0,0.0,0.1,2.0,1.0,0.05,1,0.0,0.1,0.0
41,2026-04-27T09:24:49.385Z,S20260427_102446,SC01,AUTO,,3.1926,0.0596,start,0,1500,VIDE,0.0,0.0,0.0,0.0,0.0,0.0,0,0,0.0,0.0,0.0,0.0,0.0,0.0,0.1,2.0,1.0,0.05,1,0.0,0.1,0.0
42,2026-04-27T09:24:49.459Z,S20260427_102446,SC01,AUTO,,3.2663,0.0737,start,0,1500,VIDE,0.0,0.0,0.0,0.0,0.0,0.0,0,0,0.0,0.0,0.0,0.0,0.0,0.0,0.1,2.0,1.0,0.05,1,0.0,0.1,0.0
43,2026-04-27T09:24:49.522Z,S20260427_102446,SC01,AUTO,,3.3298,0.0634,start,0,1500,VIDE,0.0,0.0,0.0,0.0,0.0,0.0,0,0,0.0,0.0,0.0,0.0,0.0,0.0,0.1,2.0,1.0,0.05,1,0.0,0.1,0.0
44,2026-04-27T09:24:49.584Z,S20260427_102446,SC01,AUTO,,3.3915,0.0618,start,0,1500,VIDE,0.0,0.0,0.0,0.0,0.0,0.0,0,0,0.0,0.0,0.0,0.0,0.0,0.0,0.1,2.0,1.0,0.05,1,0.0,0.1,0.0
45,2026-04-27T09:24:49.645Z,S20260427_102446,SC01,AUTO,,3.4528,0.0613,start,0,1500,VIDE,0.0,0.0,0.0,0.0,0.0,0.0,0,0,0.0,0.0,0.0,0.0,0.0,0.0,0.1,2.0,1.0,0.05,1,0.0,0.1,0.0
46,2026-04-27T09:24:49.705Z,S20260427_102446,SC01,AUTO,,3.5128,0.0599,start,0,1700,MI-CHARGE,0.0,0.0,0.0,0.0,0.0,0.0,0,0,0.0,0.0,0.0,0.0,0.0,0.0,0.1,2.0,1.0,0.05,1,0.0,0.1,0.0
47,2026-04-27T09:24:49.765Z,S20260427_102446,SC01,AUTO,,3.5728,0.06,start,0,1700,MI-CHARGE,0.0,0.0,0.0,0.0,0.0,0.0,0,0,0.0,0.0,0.0,0.0,0.0,0.0,0.1,2.0,1.0,0.05,1,0.0,0.1,0.0
48,2026-04-27T09:24:49.825Z,S20260427_102446,SC01,AUTO,,3.6326,0.0598,start,0,1700,MI-CHARGE,0.0,0.0,0.0,0.0,0.0,0.0,0,0,0.0,0.0,0.0,0.0,0.0,0.0,0.1,2.0,1.0,0.05,1,0.0,0.1,0.0
49,2026-04-27T09:24:49.885Z,S20260427_102446,SC01,AUTO,,3.6923,0.0597,start,0,1700,MI-CHARGE,0.0,0.0,0.0,0.0,0.0,0.0,0,0,0.0,0.0,0.0,0.0,0.0,0.0,0.1,2.0,1.0,0.05,1,0.0,0.1,0.0
50,2026-04-27T09:24:49.954Z,S20260427_102446,SC01,AUTO,,3.7617,0.0693,start,0,1700,MI-CHARGE,0.0,0.0,0.0,0.0,0.0,0.0,0,0,0.0,0.0,0.0,0.0,0.0,0.0,0.1,2.0,1.0,0.05,1,0.0,0.1,0.0
51,2026-04-27T09:24:50.010Z,S20260427_102446,SC01,AUTO,,3.8176,0.0559,start,0,1700,MI-CHARGE,0.0,0.0,0.0,0.0,0.0,0.0,0,0,0.0,0.0,0.0,0.0,0.0,0.0,0.1,2.0,1.0,0.05,1,0.0,0.1,0.0
52,2026-04-27T09:24:50.074Z,S20260427_102446,SC01,AUTO,,3.8818,0.0642,start,0,1700,MI-CHARGE,0.0,0.0,0.0,0.0,0.0,0.0,0,0,0.0,0.0,0.0,0.0,0.0,0.0,0.1,2.0,1.0,0.05,1,0.0,0.1,0.0
53,2026-04-27T09:24:50.138Z,S20260427_102446,SC01,AUTO,,3.9459,0.0641,start,0,1700,MI-CHARGE,0.0,0.0,0.0,0.0,0.0,0.0,0,0,0.0,0.0,0.0,0.0,0.0,0.0,0.1,2.0,1.0,0.05,1,0.0,0.1,0.0
54,2026-04-27T09:24:50.203Z,S20260427_102446,SC01,AUTO,,4.0106,0.0647,start,0,1700,MI-CHARGE,0.0,0.0,0.0,0.0,0.0,0.0,0,0,0.0,0.0,0.0,0.0,0.0,0.0,0.1,2.0,1.0,0.05,1,0.0,0.1,0.0
55,2026-04-27T09:24:50.266Z,S20260427_102446,SC01,AUTO,,4.0737,0.0631,start,0,1700,MI-CHARGE,0.0,0.0,0.0,0.0,0.0,0.0,0,0,0.0,0.0,0.0,0.0,0.0,0.0,0.1,2.0,1.0,0.05,1,0.0,0.1,0.0
56,2026-04-27T09:24:50.322Z,S20260427_102446,SC01,AUTO,,4.13,0.0563,start,0,1700,MI-CHARGE,0.0,0.0,0.0,0.0,0.0,0.0,0,0,0.0,0.0,0.0,0.0,0.0,0.0,0.1,2.0,1.0,0.05,1,0.0,0.1,0.0
57,2026-04-27T09:24:50.386Z,S20260427_102446,SC01,AUTO,,4.1933,0.0633,start,0,1700,MI-CHARGE,0.0,0.0,0.0,0.0,0.0,0.0,0,0,0.0,0.0,0.0,0.0,0.0,0.0,0.1,2.0,1.0,0.05,1,0.0,0.1,0.0
58,2026-04-27T09:24:50.450Z,S20260427_102446,SC01,AUTO,,4.258,0.0647,start,0,1700,MI-CHARGE,0.0,0.0,0.0,0.0,0.0,0.0,0,0,0.0,0.0,0.0,0.0,0.0,0.0,0.1,2.0,1.0,0.05,1,0.0,0.1,0.0
59,2026-04-27T09:24:50.514Z,S20260427_102446,SC01,AUTO,,4.3221,0.0641,start,0,1700,MI-CHARGE,0.0,0.0,0.0,0.0,0.0,0.0,0,0,0.0,0.0,0.0,0.0,0.0,0.0,0.1,2.0,1.0,0.05,1,0.0,0.1,0.0
60,2026-04-27T09:24:50.582Z,S20260427_102446,SC01,AUTO,,4.3897,0.0677,start,0,1700,MI-CHARGE,0.0,0.0,0.0,0.0,0.0,0.0,0,0,0.0,0.0,0.0,0.0,0.0,0.0,0.1,2.0,1.0,0.05,1,0.0,0.1,0.0
61,2026-04-27T09:24:50.645Z,S20260427_102446,SC01,AUTO,,4.453,0.0632,start,0,1700,MI-CHARGE,0.0,0.0,0.0,0.0,0.0,0.0,0,0,0.0,0.0,0.0,0.0,0.0,0.0,0.1,2.0,1.0,0.05,1,0.0,0.1,0.0
62,2026-04-27T09:24:50.705Z,S20260427_102446,SC01,AUTO,,4.5132,0.0602,start,0,1700,MI-CHARGE,0.0,0.0,0.0,0.0,0.0,0.0,0,0,0.0,0.0,0.0,0.0,0.0,0.0,0.1,2.0,1.0,0.05,1,0.0,0.1,0.0
63,2026-04-27T09:24:50.762Z,S20260427_102446,SC01,AUTO,,4.5698,0.0567,start,0,1700,MI-CHARGE,0.0,0.0,0.0,0.0,0.0,0.0,0,0,0.0,0.0,0.0,0.0,0.0,0.0,0.1,2.0,1.0,0.05,1,0.0,0.1,0.0
64,2026-04-27T09:24:50.826Z,S20260427_102446,SC01,AUTO,,4.6335,0.0636,start,0,1700,MI-CHARGE,0.0,0.0,0.0,0.0,0.0,0.0,0,0,0.0,0.0,0.0,0.0,0.0,0.0,0.1,2.0,1.0,0.05,1,0.0,0.1,0.0
65,2026-04-27T09:24:50.886Z,S20260427_102446,SC01,AUTO,,4.6934,0.06,start,0,1700,MI-CHARGE,0.0,0.0,0.0,0.0,0.0,0.0,0,0,0.0,0.0,0.0,0.0,0.0,0.0,0.1,2.0,1.0,0.05,1,0.0,0.1,0.0
66,2026-04-27T09:24:50.946Z,S20260427_102446,SC01,AUTO,,4.7536,0.0602,start,0,1700,MI-CHARGE,0.0,0.0,0.0,0.0,0.0,0.0,0,0,0.0,0.0,0.0,0.0,0.0,0.0,0.1,2.0,1.0,0.05,1,0.0,0.1,0.0
67,2026-04-27T09:24:51.010Z,S20260427_102446,SC01,AUTO,,4.8176,0.0641,start,0,1700,MI-CHARGE,0.0,0.0,0.0,0.0,0.0,0.0,0,0,0.0,0.0,0.0,0.0,0.0,0.0,0.1,2.0,1.0,0.05,1,0.0,0.1,0.0
68,2026-04-27T09:24:51.074Z,S20260427_102446,SC01,AUTO,,4.8818,0.0641,start,0,1700,MI-CHARGE,0.0,0.0,0.0,0.0,0.0,0.0,0,0,0.0,0.0,0.0,0.0,0.0,0.0,0.1,2.0,1.0,0.05,1,0.0,0.1,0.0
69,2026-04-27T09:24:51.144Z,S20260427_102446,SC01,AUTO,,4.9522,0.0704,start,0,1700,MI-CHARGE,0.0,0.0,0.0,0.0,0.0,0.0,0,0,0.0,0.0,0.0,0.0,0.0,0.0,0.1,2.0,1.0,0.05,1,0.0,0.1,0.0
70,2026-04-27T09:24:51.206Z,S20260427_102446,SC01,AUTO,,5.0138,0.0616,start,0,1700,MI-CHARGE,0.0,0.0,0.0,0.0,0.0,0.0,0,0,0.0,0.0,0.0,0.0,0.0,0.0,0.1,2.0,1.0,0.05,1,0.0,0.1,0.0
71,2026-04-27T09:24:51.266Z,S20260427_102446,SC01,AUTO,,5.0732,0.0594,start,0,1700,MI-CHARGE,0.0,0.0,0.0,0.0,0.0,0.0,0,0,0.0,0.0,0.0,0.0,0.0,0.0,0.1,2.0,1.0,0.05,1,0.0,0.1,0.0
72,2026-04-27T09:24:51.325Z,S20260427_102446,SC01,AUTO,,5.1328,0.0596,start,0,1700,MI-CHARGE,0.0,0.0,0.0,0.0,0.0,0.0,0,0,0.0,0.0,0.0,0.0,0.0,0.0,0.1,2.0,1.0,0.05,1,0.0,0.1,0.0
73,2026-04-27T09:24:51.385Z,S20260427_102446,SC01,AUTO,,5.1924,0.0597,start,0,1700,MI-CHARGE,0.0,0.0,0.0,0.0,0.0,0.0,0,0,0.0,0.0,0.0,0.0,0.0,0.0,0.1,2.0,1.0,0.05,1,0.0,0.1,0.0
74,2026-04-27T09:24:51.450Z,S20260427_102446,SC01,AUTO,,5.2579,0.0654,start,0,1700,MI-CHARGE,0.0,0.0,0.0,0.0,0.0,0.0,0,0,0.0,0.0,0.0,0.0,0.0,0.0,0.1,2.0,1.0,0.05,1,0.0,0.1,0.0
75,2026-04-27T09:24:51.514Z,S20260427_102446,SC01,AUTO,,5.3222,0.0643,start,0,1700,MI-CHARGE,0.0,0.0,0.0,0.0,0.0,0.0,0,0,0.0,0.0,0.0,0.0,0.0,0.0,0.1,2.0,1.0,0.05,1,0.0,0.1,0.0
76,2026-04-27T09:24:51.581Z,S20260427_102446,SC01,AUTO,,5.3883,0.0661,start,0,1700,MI-CHARGE,0.0,0.0,0.0,0.0,0.0,0.0,0,0,0.0,0.0,0.0,0.0,0.0,0.0,0.1,2.0,1.0,0.05,1,0.0,0.1,0.0
77,2026-04-27T09:24:51.636Z,S20260427_102446,SC01,AUTO,,5.444,0.0557,start,0,1700,MI-CHARGE,0.0,0.0,0.0,0.0,0.0,0.0,0,0,0.0,0.0,0.0,0.0,0.0,0.0,0.1,2.0,1.0,0.05,1,0.0,0.1,0.0
78,2026-04-27T09:24:51.704Z,S20260427_102446,SC01,AUTO,,5.5118,0.0678,start,0,1700,MI-CHARGE,0.0,0.0,0.0,0.0,0.0,0.0,0,0,0.0,0.0,0.0,0.0,0.0,0.0,0.1,2.0,1.0,0.05,1,0.0,0.1,0.0
79,2026-04-27T09:24:51.762Z,S20260427_102446,SC01,AUTO,,5.5696,0.0579,start,0,1700,MI-CHARGE,0.0,0.0,0.0,0.0,0.0,0.0,0,0,0.0,0.0,0.0,0.0,0.0,0.0,0.1,2.0,1.0,0.05,1,0.0,0.1,0.0
80,2026-04-27T09:24:51.826Z,S20260427_102446,SC01,AUTO,,5.6334,0.0637,start,0,1700,MI-CHARGE,0.0,0.0,0.0,0.0,0.0,0.0,0,0,0.0,0.0,0.0,0.0,0.0,0.0,0.1,2.0,1.0,0.05,1,0.0,0.1,0.0
81,2026-04-27T09:24:51.885Z,S20260427_102446,SC01,AUTO,,5.6926,0.0592,start,0,1700,MI-CHARGE,0.0,0.0,0.0,0.0,0.0,0.0,0,0,0.0,0.0,0.0,0.0,0.0,0.0,0.1,2.0,1.0,0.05,1,0.0,0.1,0.0
82,2026-04-27T09:24:51.953Z,S20260427_102446,SC01,AUTO,,5.7609,0.0683,start,0,1700,MI-CHARGE,0.0,0.0,0.0,0.0,0.0,0.0,0,0,0.0,0.0,0.0,0.0,0.0,0.0,0.1,2.0,1.0,0.05,1,0.0,0.1,0.0
83,2026-04-27T09:24:52.016Z,S20260427_102446,SC01,AUTO,,5.8233,0.0625,start,0,1700,MI-CHARGE,0.0,0.0,0.0,0.0,0.0,0.0,0,0,0.0,0.0,0.0,0.0,0.0,0.0,0.1,2.0,1.0,0.05,1,0.0,0.1,0.0
84,2026-04-27T09:24:52.077Z,S20260427_102446,SC01,AUTO,,5.885,0.0617,start,0,1700,MI-CHARGE,0.0,0.0,0.0,0.0,0.0,0.0,0,0,0.0,0.0,0.0,0.0,0.0,0.0,0.1,2.0,1.0,0.05,1,0.0,0.1,0.0
85,2026-04-27T09:24:52.139Z,S20260427_102446,SC01,AUTO,,5.9463,0.0613,start,0,1700,MI-CHARGE,0.0,0.0,0.0,0.0,0.0,0.0,0,0,0.0,0.0,0.0,0.0,0.0,0.0,0.1,2.0,1.0,0.05,1,0.0,0.1,0.0
86,2026-04-27T09:24:52.198Z,S20260427_102446,SC01,AUTO,,6.0055,0.0591,start,0,1700,MI-CHARGE,0.0,0.0,0.0,0.0,0.0,0.0,0,0,0.0,0.0,0.0,0.0,0.0,0.0,0.1,2.0,1.0,0.05,1,0.0,0.1,0.0
87,2026-04-27T09:24:52.265Z,S20260427_102446,SC01,AUTO,,6.0726,0.0671,start,0,1700,MI-CHARGE,0.0,0.0,0.0,0.0,0.0,0.0,0,0,0.0,0.0,0.0,0.0,0.0,0.0,0.1,2.0,1.0,0.05,1,0.0,0.1,0.0
88,2026-04-27T09:24:52.325Z,S20260427_102446,SC01,AUTO,,6.1331,0.0605,start,0,1700,MI-CHARGE,0.0,0.0,0.0,0.0,0.0,0.0,0,0,0.0,0.0,0.0,0.0,0.0,0.0,0.1,2.0,1.0,0.05,1,0.0,0.1,0.0
89,2026-04-27T09:24:52.385Z,S20260427_102446,SC01,AUTO,,6.193,0.0599,start,0,1700,MI-CHARGE,0.0,0.0,0.0,0.0,0.0,0.0,0,0,0.0,0.0,0.0,0.0,0.0,0.0,0.1,2.0,1.0,0.05,1,0.0,0.1,0.0
90,2026-04-27T09:24:52.449Z,S20260427_102446,SC01,AUTO,,6.2566,0.0636,start,0,1700,MI-CHARGE,0.0,0.0,0.0,0.0,0.0,0.0,0,0,0.0,0.0,0.0,0.0,0.0,0.0,0.1,2.0,1.0,0.05,1,0.0,0.1,0.0
91,2026-04-27T09:24:52.512Z,S20260427_102446,SC01,AUTO,,6.3197,0.0631,start,0,1700,MI-CHARGE,0.0,0.0,0.0,0.0,0.0,0.0,0,0,0.0,0.0,0.0,0.0,0.0,0.0,0.1,2.0,1.0,0.05,1,0.0,0.1,0.0
92,2026-04-27T09:24:52.574Z,S20260427_102446,SC01,AUTO,,6.3819,0.0622,start,0,1700,MI-CHARGE,0.0,0.0,0.0,0.0,0.0,0.0,0,0,0.0,0.0,0.0,0.0,0.0,0.0,0.1,2.0,1.0,0.05,1,0.0,0.1,0.0
93,2026-04-27T09:24:52.637Z,S20260427_102446,SC01,AUTO,,6.4449,0.0629,start,0,1700,MI-CHARGE,0.0,0.0,0.0,0.0,0.0,0.0,0,0,0.0,0.0,0.0,0.0,0.0,0.0,0.1,2.0,1.0,0.05,1,0.0,0.1,0.0
94,2026-04-27T09:24:52.697Z,S20260427_102446,SC01,AUTO,,6.5049,0.0601,start,0,1700,MI-CHARGE,0.0,0.0,0.0,0.0,0.0,0.0,0,0,0.0,0.0,0.0,0.0,0.0,0.0,0.1,2.0,1.0,0.05,1,0.0,0.1,0.0
95,2026-04-27T09:24:52.759Z,S20260427_102446,SC01,AUTO,,6.5671,0.0622,start,0,1700,MI-CHARGE,0.0,0.0,0.0,0.0,0.0,0.0,0,0,0.0,0.0,0.0,0.0,0.0,0.0,0.1,2.0,1.0,0.05,1,0.0,0.1,0.0
96,2026-04-27T09:24:52.823Z,S20260427_102446,SC01,AUTO,,6.6309,0.0638,start,0,1700,MI-CHARGE,0.0,0.0,0.0,0.0,0.0,0.0,0,0,0.0,0.0,0.0,0.0,0.0,0.0,0.1,2.0,1.0,0.05,1,0.0,0.1,0.0
97,2026-04-27T09:24:52.884Z,S20260427_102446,SC01,AUTO,,6.6917,0.0608,start,0,1700,MI-CHARGE,0.0,0.0,0.0,0.0,0.0,0.0,0,0,0.0,0.0,0.0,0.0,0.0,0.0,0.1,2.0,1.0,0.05,1,0.0,0.1,0.0
98,2026-04-27T09:24:52.947Z,S20260427_102446,SC01,AUTO,,6.7546,0.0629,start,0,1700,MI-CHARGE,0.0,0.0,0.0,0.0,0.0,0.0,0,0,0.0,0.0,0.0,0.0,0.0,0.0,0.1,2.0,1.0,0.05,1,0.0,0.1,0.0
99,2026-04-27T09:24:53.011Z,S20260427_102446,SC01,AUTO,,6.8183,0.0638,start,0,1700,MI-CHARGE,0.0,0.0,0.0,0.0,0.0,0.0,0,0,0.0,0.0,0.0,0.0,0.0,0.0,0.1,2.0,1.0,0.05,1,0.0,0.1,0.0
100,2026-04-27T09:24:53.072Z,S20260427_102446,SC01,AUTO,,6.8794,0.0611,start,0,1700,MI-CHARGE,0.0,0.0,0.0,0.0,0.0,0.0,0,0,0.0,0.0,0.0,0.0,0.0,0.0,0.1,2.0,1.0,0.05,1,0.0,0.1,0.0
101,2026-04-27T09:24:53.135Z,S20260427_102446,SC01,AUTO,,6.9422,0.0628,start,0,1700,MI-CHARGE,0.0,0.0,0.0,0.0,0.0,0.0,0,0,0.0,0.0,0.0,0.0,0.0,0.0,0.1,2.0,1.0,0.05,1,0.0,0.1,0.0
102,2026-04-27T09:24:53.198Z,S20260427_102446,SC01,AUTO,,7.0053,0.063,start,0,1700,MI-CHARGE,0.0,0.0,0.0,0.0,0.0,0.0,0,0,0.0,0.0,0.0,0.0,0.0,0.0,0.1,2.0,1.0,0.05,1,0.0,0.1,0.0
103,2026-04-27T09:24:53.260Z,S20260427_102446,SC01,AUTO,,7.0679,0.0627,start,0,1700,MI-CHARGE,0.0,0.0,0.0,0.0,0.0,0.0,0,0,0.0,0.0,0.0,0.0,0.0,0.0,0.1,2.0,1.0,0.05,1,0.0,0.1,0.0
104,2026-04-27T09:24:53.322Z,S20260427_102446,SC01,AUTO,,7.1296,0.0617,start,0,1700,MI-CHARGE,0.0,0.0,0.0,0.0,0.0,0.0,0,0,0.0,0.0,0.0,0.0,0.0,0.0,0.1,2.0,1.0,0.05,1,0.0,0.1,0.0
105,2026-04-27T09:24:53.384Z,S20260427_102446,SC01,AUTO,,7.1918,0.0622,start,0,1700,MI-CHARGE,0.0,0.0,0.0,0.0,0.0,0.0,0,0,0.0,0.0,0.0,0.0,0.0,0.0,0.1,2.0,1.0,0.05,1,0.0,0.1,0.0
106,2026-04-27T09:24:53.450Z,S20260427_102446,SC01,AUTO,,7.258,0.0662,start,0,1700,MI-CHARGE,0.0,0.0,0.0,0.0,0.0,0.0,0,0,0.0,0.0,0.0,0.0,0.0,0.0,0.1,2.0,1.0,0.05,1,0.0,0.1,0.0
107,2026-04-27T09:24:53.515Z,S20260427_102446,SC01,AUTO,,7.3228,0.0648,start,0,1700,MI-CHARGE,0.0,0.0,0.0,0.0,0.0,0.0,0,0,0.0,0.0,0.0,0.0,0.0,0.0,0.1,2.0,1.0,0.05,1,0.0,0.1,0.0
108,2026-04-27T09:24:53.571Z,S20260427_102446,SC01,AUTO,,7.3791,0.0564,start,0,1700,MI-CHARGE,0.0,0.0,0.0,0.0,0.0,0.0,0,0,0.0,0.0,0.0,0.0,0.0,0.0,0.1,2.0,1.0,0.05,1,0.0,0.1,0.0
109,2026-04-27T09:24:53.634Z,S20260427_102446,SC01,AUTO,,7.4419,0.0627,start,0,1700,MI-CHARGE,0.0,0.0,0.0,0.0,0.0,0.0,0,0,0.0,0.0,0.0,0.0,0.0,0.0,0.1,2.0,1.0,0.05,1,0.0,0.1,0.0
110,2026-04-27T09:24:53.698Z,S20260427_102446,SC01,AUTO,,7.5059,0.064,start,0,1700,MI-CHARGE,0.0,0.0,0.0,0.0,0.0,0.0,0,0,0.0,0.0,0.0,0.0,0.0,0.0,0.1,2.0,1.0,0.05,1,0.0,0.1,0.0
111,2026-04-27T09:24:53.760Z,S20260427_102446,SC01,AUTO,,7.568,0.0621,start,0,1700,MI-CHARGE,0.0,0.0,0.0,0.0,0.0,0.0,0,0,0.0,0.0,0.0,0.0,0.0,0.0,0.1,2.0,1.0,0.05,1,0.0,0.1,0.0
112,2026-04-27T09:24:53.823Z,S20260427_102446,SC01,AUTO,,7.6312,0.0632,start,0,1700,MI-CHARGE,0.0,0.0,0.0,0.0,0.0,0.0,0,0,0.0,0.0,0.0,0.0,0.0,0.0,0.1,2.0,1.0,0.05,1,0.0,0.1,0.0
113,2026-04-27T09:24:53.885Z,S20260427_102446,SC01,AUTO,,7.6931,0.0619,start,0,1700,MI-CHARGE,0.0,0.0,0.0,0.0,0.0,0.0,0,0,0.0,0.0,0.0,0.0,0.0,0.0,0.1,2.0,1.0,0.05,1,0.0,0.1,0.0
114,2026-04-27T09:24:53.946Z,S20260427_102446,SC01,AUTO,,7.754,0.0609,start,0,1700,MI-CHARGE,0.0,0.0,0.0,0.0,0.0,0.0,0,0,0.0,0.0,0.0,0.0,0.0,0.0,0.1,2.0,1.0,0.05,1,0.0,0.1,0.0
115,2026-04-27T09:24:54.010Z,S20260427_102446,SC01,AUTO,,7.8182,0.0642,start,0,1700,MI-CHARGE,0.0,0.0,0.0,0.0,0.0,0.0,0,0,0.0,0.0,0.0,0.0,0.0,0.0,0.1,2.0,1.0,0.05,1,0.0,0.1,0.0
116,2026-04-27T09:24:54.074Z,S20260427_102446,SC01,AUTO,,7.8821,0.0639,start,0,1700,MI-CHARGE,0.0,0.0,0.0,0.0,0.0,0.0,0,0,0.0,0.0,0.0,0.0,0.0,0.0,0.1,2.0,1.0,0.05,1,0.0,0.1,0.0
117,2026-04-27T09:24:54.135Z,S20260427_102446,SC01,AUTO,,7.9426,0.0606,start,0,1700,MI-CHARGE,0.0,0.0,0.0,0.0,0.0,0.0,0,0,0.0,0.0,0.0,0.0,0.0,0.0,0.1,2.0,1.0,0.05,1,0.0,0.1,0.0
118,2026-04-27T09:24:54.201Z,S20260427_102446,SC01,AUTO,,8.0083,0.0657,start,0,1700,MI-CHARGE,0.0,0.0,0.0,0.0,0.0,0.0,0,0,0.0,0.0,0.0,0.0,0.0,0.0,0.1,2.0,1.0,0.05,1,0.0,0.1,0.0
119,2026-04-27T09:24:54.263Z,S20260427_102446,SC01,AUTO,,8.0704,0.0621,start,0,1700,MI-CHARGE,0.0,0.0,0.0,0.0,0.0,0.0,0,0,0.0,0.0,0.0,0.0,0.0,0.0,0.1,2.0,1.0,0.05,1,0.0,0.1,0.0
120,2026-04-27T09:24:54.325Z,S20260427_102446,SC01,AUTO,,8.1326,0.0621,start,0,1700,MI-CHARGE,0.0,0.0,0.0,0.0,0.0,0.0,0,0,0.0,0.0,0.0,0.0,0.0,0.0,0.1,2.0,1.0,0.05,1,0.0,0.1,0.0
121,2026-04-27T09:24:54.384Z,S20260427_102446,SC01,AUTO,,8.1921,0.0595,start,0,1700,MI-CHARGE,0.0,0.0,0.0,0.0,0.0,0.0,0,0,0.0,0.0,0.0,0.0,0.0,0.0,0.1,2.0,1.0,0.05,1,0.0,0.1,0.0
122,2026-04-27T09:24:54.450Z,S20260427_102446,SC01,AUTO,,8.2577,0.0656,start,0,1700,MI-CHARGE,0.0,0.0,0.0,0.0,0.0,0.0,0,0,0.0,0.0,0.0,0.0,0.0,0.0,0.1,2.0,1.0,0.05,1,0.0,0.1,0.0
123,2026-04-27T09:24:54.510Z,S20260427_102446,SC01,AUTO,,8.318,0.0603,start,0,1700,MI-CHARGE,0.0,0.0,0.0,0.0,0.0,0.0,0,0,0.0,0.0,0.0,0.0,0.0,0.0,0.1,2.0,1.0,0.05,1,0.0,0.1,0.0
124,2026-04-27T09:24:54.574Z,S20260427_102446,SC01,AUTO,,8.3813,0.0633,start,0,1700,MI-CHARGE,0.0,0.0,0.0,0.0,0.0,0.0,0,0,0.0,0.0,0.0,0.0,0.0,0.0,0.1,2.0,1.0,0.05,1,0.0,0.1,0.0
125,2026-04-27T09:24:54.635Z,S20260427_102446,SC01,AUTO,,8.4427,0.0613,start,0,1700,MI-CHARGE,0.0,0.0,0.0,0.0,0.0,0.0,0,0,0.0,0.0,0.0,0.0,0.0,0.0,0.1,2.0,1.0,0.05,1,0.0,0.1,0.0
126,2026-04-27T09:24:54.699Z,S20260427_102446,SC01,AUTO,,8.5071,0.0644,start,0,1700,MI-CHARGE,0.0,0.0,0.0,0.0,0.0,0.0,0,0,0.0,0.0,0.0,0.0,0.0,0.0,0.1,2.0,1.0,0.05,1,0.0,0.1,0.0
127,2026-04-27T09:24:54.762Z,S20260427_102446,SC01,AUTO,,8.5696,0.0625,start,0,1700,MI-CHARGE,0.0,0.0,0.0,0.0,0.0,0.0,0,0,0.0,0.0,0.0,0.0,0.0,0.0,0.1,2.0,1.0,0.05,1,0.0,0.1,0.0
128,2026-04-27T09:24:54.825Z,S20260427_102446,SC01,AUTO,,8.6326,0.063,start,0,1700,MI-CHARGE,0.0,0.0,0.0,0.0,0.0,0.0,0,0,0.0,0.0,0.0,0.0,0.0,0.0,0.1,2.0,1.0,0.05,1,0.0,0.1,0.0
129,2026-04-27T09:24:54.885Z,S20260427_102446,SC01,AUTO,,8.6926,0.06,start,0,1700,MI-CHARGE,0.0,0.0,0.0,0.0,0.0,0.0,0,0,0.0,0.0,0.0,0.0,0.0,0.0,0.1,2.0,1.0,0.05,1,0.0,0.1,0.0
130,2026-04-27T09:24:54.946Z,S20260427_102446,SC01,AUTO,,8.7542,0.0615,start,0,1700,MI-CHARGE,0.0,0.0,0.0,0.0,0.0,0.0,0,0,0.0,0.0,0.0,0.0,0.0,0.0,0.1,2.0,1.0,0.05,1,0.0,0.1,0.0
131,2026-04-27T09:24:55.012Z,S20260427_102446,SC01,AUTO,,8.8194,0.0652,start,0,1700,MI-CHARGE,0.0,0.0,0.0,0.0,0.0,0.0,0,0,0.0,0.0,0.0,0.0,0.0,0.0,0.1,2.0,1.0,0.05,1,0.0,0.1,0.0
132,2026-04-27T09:24:55.071Z,S20260427_102446,SC01,AUTO,,8.879,0.0596,start,0,1700,MI-CHARGE,0.0,0.0,0.0,0.0,0.0,0.0,0,0,0.0,0.0,0.0,0.0,0.0,0.0,0.1,2.0,1.0,0.05,1,0.0,0.1,0.0
133,2026-04-27T09:24:55.137Z,S20260427_102446,SC01,AUTO,,8.9445,0.0655,start,0,1700,MI-CHARGE,0.0,0.0,0.0,0.0,0.0,0.0,0,0,0.0,0.0,0.0,0.0,0.0,0.0,0.1,2.0,1.0,0.05,1,0.0,0.1,0.0
134,2026-04-27T09:24:55.200Z,S20260427_102446,SC01,AUTO,,9.0078,0.0632,start,0,1700,MI-CHARGE,0.0,0.0,0.0,0.0,0.0,0.0,0,0,0.0,0.0,0.0,0.0,0.0,0.0,0.1,2.0,1.0,0.05,1,0.0,0.1,0.0
135,2026-04-27T09:24:55.261Z,S20260427_102446,SC01,AUTO,,9.0692,0.0614,start,0,1700,MI-CHARGE,0.0,0.0,0.0,0.0,0.0,0.0,0,0,0.0,0.0,0.0,0.0,0.0,0.0,0.1,2.0,1.0,0.05,1,0.0,0.1,0.0
136,2026-04-27T09:24:55.322Z,S20260427_102446,SC01,AUTO,,9.13,0.0608,start,0,1700,MI-CHARGE,0.0,0.0,0.0,0.0,0.0,0.0,0,0,0.0,0.0,0.0,0.0,0.0,0.0,0.1,2.0,1.0,0.05,1,0.0,0.1,0.0
137,2026-04-27T09:24:55.385Z,S20260427_102446,SC01,AUTO,,9.1925,0.0625,start,0,1700,MI-CHARGE,0.0,0.0,0.0,0.0,0.0,0.0,0,0,0.0,0.0,0.0,0.0,0.0,0.0,0.1,2.0,1.0,0.05,1,0.0,0.1,0.0
138,2026-04-27T09:24:55.446Z,S20260427_102446,SC01,AUTO,,9.2536,0.0611,start,0,1700,MI-CHARGE,0.0,0.0,0.0,0.0,0.0,0.0,0,0,0.0,0.0,0.0,0.0,0.0,0.0,0.1,2.0,1.0,0.05,1,0.0,0.1,0.0
139,2026-04-27T09:24:55.510Z,S20260427_102446,SC01,AUTO,,9.3174,0.0638,start,0,1700,MI-CHARGE,0.0,0.0,0.0,0.0,0.0,0.0,0,0,0.0,0.0,0.0,0.0,0.0,0.0,0.1,2.0,1.0,0.05,1,0.0,0.1,0.0
140,2026-04-27T09:24:55.572Z,S20260427_102446,SC01,AUTO,,9.3795,0.0621,start,0,1700,MI-CHARGE,0.0,0.0,0.0,0.0,0.0,0.0,0,0,0.0,0.0,0.0,0.0,0.0,0.0,0.1,2.0,1.0,0.05,1,0.0,0.1,0.0
141,2026-04-27T09:24:55.636Z,S20260427_102446,SC01,AUTO,,9.4435,0.0639,start,0,1700,MI-CHARGE,0.0,0.0,0.0,0.0,0.0,0.0,0,0,0.0,0.0,0.0,0.0,0.0,0.0,0.1,2.0,1.0,0.05,1,0.0,0.1,0.0
142,2026-04-27T09:24:55.699Z,S20260427_102446,SC01,AUTO,,9.5064,0.0629,start,0,1700,MI-CHARGE,0.0,0.0,0.0,0.0,0.0,0.0,0,0,0.0,0.0,0.0,0.0,0.0,0.0,0.1,2.0,1.0,0.05,1,0.0,0.1,0.0
143,2026-04-27T09:24:55.761Z,S20260427_102446,SC01,AUTO,,9.5688,0.0624,start,0,1700,MI-CHARGE,0.0,0.0,0.0,0.0,0.0,0.0,0,0,0.0,0.0,0.0,0.0,0.0,0.0,0.1,2.0,1.0,0.05,1,0.0,0.1,0.0
144,2026-04-27T09:24:55.822Z,S20260427_102446,SC01,AUTO,,9.63,0.0612,start,0,1700,MI-CHARGE,0.0,0.0,0.0,0.0,0.0,0.0,0,0,0.0,0.0,0.0,0.0,0.0,0.0,0.1,2.0,1.0,0.05,1,0.0,0.1,0.0
145,2026-04-27T09:24:55.886Z,S20260427_102446,SC01,AUTO,,9.6935,0.0635,start,0,1700,MI-CHARGE,0.0,0.0,0.0,0.0,0.0,0.0,0,0,0.0,0.0,0.0,0.0,0.0,0.0,0.1,2.0,1.0,0.05,1,0.0,0.1,0.0
146,2026-04-27T09:24:55.946Z,S20260427_102446,SC01,AUTO,,9.7539,0.0604,start,0,1700,MI-CHARGE,0.0,0.0,0.0,0.0,0.0,0.0,0,0,0.0,0.0,0.0,0.0,0.0,0.0,0.1,2.0,1.0,0.05,1,0.0,0.1,0.0
147,2026-04-27T09:24:56.010Z,S20260427_102446,SC01,AUTO,,9.8178,0.0639,start,0,1700,MI-CHARGE,0.0,0.0,0.0,0.0,0.0,0.0,0,0,0.0,0.0,0.0,0.0,0.0,0.0,0.1,2.0,1.0,0.05,1,0.0,0.1,0.0
148,2026-04-27T09:24:56.071Z,S20260427_102446,SC01,AUTO,,9.8788,0.061,start,0,1700,MI-CHARGE,0.0,0.0,0.0,0.0,0.0,0.0,0,0,0.0,0.0,0.0,0.0,0.0,0.0,0.1,2.0,1.0,0.05,1,0.0,0.1,0.0
149,2026-04-27T09:24:56.134Z,S20260427_102446,SC01,AUTO,,9.9416,0.0628,start,0,1700,MI-CHARGE,0.0,0.0,0.0,0.0,0.0,0.0,0,0,0.0,0.0,0.0,0.0,0.0,0.0,0.1,2.0,1.0,0.05,1,0.0,0.1,0.0
150,2026-04-27T09:24:56.197Z,S20260427_102446,SC01,AUTO,,10.0048,0.0632,start,0,1700,MI-CHARGE,0.0,0.0,0.0,0.0,0.0,0.0,0,0,0.0,0.0,0.0,0.0,0.0,0.0,0.1,2.0,1.0,0.05,1,0.0,0.1,0.0
151,2026-04-27T09:24:56.259Z,S20260427_102446,SC01,AUTO,,10.0667,0.0619,start,0,1700,MI-CHARGE,0.0,0.0,0.0,0.0,0.0,0.0,0,0,0.0,0.0,0.0,0.0,0.0,0.0,0.1,2.0,1.0,0.05,1,0.0,0.1,0.0
152,2026-04-27T09:24:56.323Z,S20260427_102446,SC01,AUTO,,10.1304,0.0637,start,0,1700,MI-CHARGE,0.0,0.0,0.0,0.0,0.0,0.0,0,0,0.0,0.0,0.0,0.0,0.0,0.0,0.1,2.0,1.0,0.05,1,0.0,0.1,0.0
153,2026-04-27T09:24:56.384Z,S20260427_102446,SC01,AUTO,,10.192,0.0617,start,0,1700,MI-CHARGE,0.0,0.0,0.0,0.0,0.0,0.0,0,0,0.0,0.0,0.0,0.0,0.0,0.0,0.1,2.0,1.0,0.05,1,0.0,0.1,0.0
154,2026-04-27T09:24:56.447Z,S20260427_102446,SC01,AUTO,,10.2552,0.0631,start,0,1700,MI-CHARGE,0.0,0.0,0.0,0.0,0.0,0.0,0,0,0.0,0.0,0.0,0.0,0.0,0.0,0.1,2.0,1.0,0.05,1,0.0,0.1,0.0
155,2026-04-27T09:24:56.510Z,S20260427_102446,SC01,AUTO,,10.3179,0.0628,start,0,1700,MI-CHARGE,0.0,0.0,0.0,0.0,0.0,0.0,0,0,0.0,0.0,0.0,0.0,0.0,0.0,0.1,2.0,1.0,0.05,1,0.0,0.1,0.0
156,2026-04-27T09:24:56.573Z,S20260427_102446,SC01,AUTO,,10.3803,0.0624,start,0,1700,MI-CHARGE,0.0,0.0,0.0,0.0,0.0,0.0,0,0,0.0,0.0,0.0,0.0,0.0,0.0,0.1,2.0,1.0,0.05,1,0.0,0.1,0.0
157,2026-04-27T09:24:56.634Z,S20260427_102446,SC01,AUTO,,10.4421,0.0618,start,0,1700,MI-CHARGE,0.0,0.0,0.0,0.0,0.0,0.0,0,0,0.0,0.0,0.0,0.0,0.0,0.0,0.1,2.0,1.0,0.05,1,0.0,0.1,0.0
158,2026-04-27T09:24:56.696Z,S20260427_102446,SC01,AUTO,,10.5037,0.0616,start,0,1700,MI-CHARGE,0.0,0.0,0.0,0.0,0.0,0.0,0,0,0.0,0.0,0.0,0.0,0.0,0.0,0.1,2.0,1.0,0.05,1,0.0,0.1,0.0
159,2026-04-27T09:24:56.762Z,S20260427_102446,SC01,AUTO,,10.57,0.0663,start,0,1700,MI-CHARGE,0.0,0.0,0.0,0.0,0.0,0.0,0,0,0.0,0.0,0.0,0.0,0.0,0.0,0.1,2.0,1.0,0.05,1,0.0,0.1,0.0
160,2026-04-27T09:24:56.821Z,S20260427_102446,SC01,AUTO,,10.6292,0.0592,start,0,1700,MI-CHARGE,0.0,0.0,0.0,0.0,0.0,0.0,0,0,0.0,0.0,0.0,0.0,0.0,0.0,0.1,2.0,1.0,0.05,1,0.0,0.1,0.0
161,2026-04-27T09:24:56.887Z,S20260427_102446,SC01,AUTO,,10.6945,0.0652,start,0,1700,MI-CHARGE,0.0,0.0,0.0,0.0,0.0,0.0,0,0,0.0,0.0,0.0,0.0,0.0,0.0,0.1,2.0,1.0,0.05,1,0.0,0.1,0.0
162,2026-04-27T09:24:56.950Z,S20260427_102446,SC01,AUTO,,10.7575,0.0631,start,0,1700,MI-CHARGE,0.0,0.0,0.0,0.0,0.0,0.0,0,0,0.0,0.0,0.0,0.0,0.0,0.0,0.1,2.0,1.0,0.05,1,0.0,0.1,0.0
163,2026-04-27T09:24:57.010Z,S20260427_102446,SC01,AUTO,,10.8179,0.0604,start,0,1700,MI-CHARGE,0.0,0.0,0.0,0.0,0.0,0.0,0,0,0.0,0.0,0.0,0.0,0.0,0.0,0.1,2.0,1.0,0.05,1,0.0,0.1,0.0
164,2026-04-27T09:24:57.075Z,S20260427_102446,SC01,AUTO,,10.8832,0.0652,start,0,1700,MI-CHARGE,0.0,0.0,0.0,0.0,0.0,0.0,0,0,0.0,0.0,0.0,0.0,0.0,0.0,0.1,2.0,1.0,0.05,1,0.0,0.1,0.0
165,2026-04-27T09:24:57.141Z,S20260427_102446,SC01,AUTO,,10.9489,0.0658,start,0,1700,MI-CHARGE,0.0,0.0,0.0,0.0,0.0,0.0,0,0,0.0,0.0,0.0,0.0,0.0,0.0,0.1,2.0,1.0,0.05,1,0.0,0.1,0.0
166,2026-04-27T09:24:57.205Z,S20260427_102446,SC01,AUTO,,11.0131,0.0642,start,0,1700,MI-CHARGE,0.0,0.0,0.0,0.0,0.0,0.0,0,0,0.0,0.0,0.0,0.0,0.0,0.0,0.1,2.0,1.0,0.05,1,0.0,0.1,0.0
167,2026-04-27T09:24:57.265Z,S20260427_102446,SC01,AUTO,,11.0729,0.0598,start,0,1700,MI-CHARGE,0.0,0.0,0.0,0.0,0.0,0.0,0,0,0.0,0.0,0.0,0.0,0.0,0.0,0.1,2.0,1.0,0.05,1,0.0,0.1,0.0
168,2026-04-27T09:24:57.325Z,S20260427_102446,SC01,AUTO,,11.1328,0.0599,start,0,1700,MI-CHARGE,0.0,0.0,0.0,0.0,0.0,0.0,0,0,0.0,0.0,0.0,0.0,0.0,0.0,0.1,2.0,1.0,0.05,1,0.0,0.1,0.0
169,2026-04-27T09:24:57.386Z,S20260427_102446,SC01,AUTO,,11.1934,0.0606,start,0,1700,MI-CHARGE,0.0,0.0,0.0,0.0,0.0,0.0,0,0,0.0,0.0,0.0,0.0,0.0,0.0,0.1,2.0,1.0,0.05,1,0.0,0.1,0.0
170,2026-04-27T09:24:57.446Z,S20260427_102446,SC01,AUTO,,11.2539,0.0605,start,0,1700,MI-CHARGE,0.0,0.0,0.0,0.0,0.0,0.0,0,0,0.0,0.0,0.0,0.0,0.0,0.0,0.1,2.0,1.0,0.05,1,0.0,0.1,0.0
171,2026-04-27T09:24:57.509Z,S20260427_102446,SC01,AUTO,,11.3169,0.063,start,0,1700,MI-CHARGE,0.0,0.0,0.0,0.0,0.0,0.0,0,0,0.0,0.0,0.0,0.0,0.0,0.0,0.1,2.0,1.0,0.05,1,0.0,0.1,0.0
172,2026-04-27T09:24:57.584Z,S20260427_102446,SC01,AUTO,,11.3919,0.0749,start,0,1700,MI-CHARGE,0.0,0.0,0.0,0.0,0.0,0.0,0,0,0.0,0.0,0.0,0.0,0.0,0.0,0.1,2.0,1.0,0.05,1,0.0,0.1,0.0
173,2026-04-27T09:24:57.645Z,S20260427_102446,SC01,AUTO,,11.4526,0.0608,start,0,1700,MI-CHARGE,0.0,0.0,0.0,0.0,0.0,0.0,0,0,0.0,0.0,0.0,0.0,0.0,0.0,0.1,2.0,1.0,0.05,1,0.0,0.1,0.0
174,2026-04-27T09:24:57.698Z,S20260427_102446,SC01,AUTO,,11.5053,0.0527,start,0,1700,MI-CHARGE,0.0,0.0,0.0,0.0,0.0,0.0,0,0,0.0,0.0,0.0,0.0,0.0,0.0,0.1,2.0,1.0,0.05,1,0.0,0.1,0.0
175,2026-04-27T09:24:57.765Z,S20260427_102446,SC01,AUTO,,11.5732,0.0679,start,0,1700,MI-CHARGE,0.0,0.0,0.0,0.0,0.0,0.0,0,0,0.0,0.0,0.0,0.0,0.0,0.0,0.1,2.0,1.0,0.05,1,0.0,0.1,0.0
176,2026-04-27T09:24:57.825Z,S20260427_102446,SC01,AUTO,,11.6329,0.0597,start,0,1700,MI-CHARGE,0.0,0.0,0.0,0.0,0.0,0.0,0,0,0.0,0.0,0.0,0.0,0.0,0.0,0.1,2.0,1.0,0.05,1,0.0,0.1,0.0
177,2026-04-27T09:24:57.885Z,S20260427_102446,SC01,AUTO,,11.6925,0.0596,start,0,1700,MI-CHARGE,0.0,0.0,0.0,0.0,0.0,0.0,0,0,0.0,0.0,0.0,0.0,0.0,0.0,0.1,2.0,1.0,0.05,1,0.0,0.1,0.0
178,2026-04-27T09:24:57.958Z,S20260427_102446,SC01,AUTO,,11.7653,0.0728,start,0,1700,MI-CHARGE,0.0,0.0,0.0,0.0,0.0,0.0,0,0,0.0,0.0,0.0,0.0,0.0,0.0,0.1,2.0,1.0,0.05,1,0.0,0.1,0.0
179,2026-04-27T09:24:58.020Z,S20260427_102446,SC01,AUTO,,11.8278,0.0625,start,0,1700,MI-CHARGE,0.0,0.0,0.0,0.0,0.0,0.0,0,0,0.0,0.0,0.0,0.0,0.0,0.0,0.1,2.0,1.0,0.05,1,0.0,0.1,0.0
180,2026-04-27T09:24:58.082Z,S20260427_102446,SC01,AUTO,,11.89,0.0622,start,0,1700,MI-CHARGE,0.0,0.0,0.0,0.0,0.0,0.0,0,0,0.0,0.0,0.0,0.0,0.0,0.0,0.1,2.0,1.0,0.05,1,0.0,0.1,0.0
181,2026-04-27T09:24:58.145Z,S20260427_102446,SC01,AUTO,,11.9527,0.0627,start,0,1700,MI-CHARGE,0.0,0.0,0.0,0.0,0.0,0.0,0,0,0.0,0.0,0.0,0.0,0.0,0.0,0.1,2.0,1.0,0.05,1,0.0,0.1,0.0
182,2026-04-27T09:24:58.206Z,S20260427_102446,SC01,AUTO,,12.0137,0.061,start,0,1700,MI-CHARGE,0.0,0.0,0.0,0.0,0.0,0.0,0,0,0.0,0.0,0.0,0.0,0.0,0.0,0.1,2.0,1.0,0.05,1,0.0,0.1,0.0
183,2026-04-27T09:24:58.266Z,S20260427_102446,SC01,AUTO,,12.0736,0.0599,start,0,1700,MI-CHARGE,0.0,0.0,0.0,0.0,0.0,0.0,0,0,0.0,0.0,0.0,0.0,0.0,0.0,0.1,2.0,1.0,0.05,1,0.0,0.1,0.0
184,2026-04-27T09:24:58.325Z,S20260427_102446,SC01,AUTO,,12.1328,0.0592,start,0,1700,MI-CHARGE,0.0,0.0,0.0,0.0,0.0,0.0,0,0,0.0,0.0,0.0,0.0,0.0,0.0,0.1,2.0,1.0,0.05,1,0.0,0.1,0.0
185,2026-04-27T09:24:58.385Z,S20260427_102446,SC01,AUTO,,12.1924,0.0596,start,0,1700,MI-CHARGE,0.0,0.0,0.0,0.0,0.0,0.0,0,0,0.0,0.0,0.0,0.0,0.0,0.0,0.1,2.0,1.0,0.05,1,0.0,0.1,0.0
186,2026-04-27T09:24:58.459Z,S20260427_102446,SC01,AUTO,,12.2666,0.0742,start,0,1700,MI-CHARGE,0.0,0.0,0.0,0.0,0.0,0.0,0,0,0.0,0.0,0.0,0.0,0.0,0.0,0.1,2.0,1.0,0.05,1,0.0,0.1,0.0
187,2026-04-27T09:24:58.514Z,S20260427_102446,SC01,AUTO,,12.322,0.0554,start,0,1700,MI-CHARGE,0.0,0.0,0.0,0.0,0.0,0.0,0,0,0.0,0.0,0.0,0.0,0.0,0.0,0.1,2.0,1.0,0.05,1,0.0,0.1,0.0
188,2026-04-27T09:24:58.585Z,S20260427_102446,SC01,AUTO,,12.3925,0.0706,start,0,1700,MI-CHARGE,0.0,0.0,0.0,0.0,0.0,0.0,0,0,0.0,0.0,0.0,0.0,0.0,0.0,0.1,2.0,1.0,0.05,1,0.0,0.1,0.0
189,2026-04-27T09:24:58.633Z,S20260427_102446,SC01,AUTO,,12.4412,0.0486,start,0,1700,MI-CHARGE,0.0,0.0,0.0,0.0,0.0,0.0,0,0,0.0,0.0,0.0,0.0,0.0,0.0,0.1,2.0,1.0,0.05,1,0.0,0.1,0.0
190,2026-04-27T09:24:58.696Z,S20260427_102446,SC01,AUTO,,12.5041,0.0628,start,0,1700,MI-CHARGE,0.0,0.0,0.0,0.0,0.0,0.0,0,0,0.0,0.0,0.0,0.0,0.0,0.0,0.1,2.0,1.0,0.05,1,0.0,0.1,0.0
191,2026-04-27T09:24:58.760Z,S20260427_102446,SC01,AUTO,,12.5675,0.0635,start,0,1700,MI-CHARGE,0.0,0.0,0.0,0.0,0.0,0.0,0,0,0.0,0.0,0.0,0.0,0.0,0.0,0.1,2.0,1.0,0.05,1,0.0,0.1,0.0
192,2026-04-27T09:24:58.822Z,S20260427_102446,SC01,AUTO,,12.6294,0.0618,start,0,1700,MI-CHARGE,0.0,0.0,0.0,0.0,0.0,0.0,0,0,0.0,0.0,0.0,0.0,0.0,0.0,0.1,2.0,1.0,0.05,1,0.0,0.1,0.0
193,2026-04-27T09:24:58.885Z,S20260427_102446,SC01,AUTO,,12.6924,0.0631,start,0,1700,MI-CHARGE,0.0,0.0,0.0,0.0,0.0,0.0,0,0,0.0,0.0,0.0,0.0,0.0,0.0,0.1,2.0,1.0,0.05,1,0.0,0.1,0.0
194,2026-04-27T09:24:58.948Z,S20260427_102446,SC01,AUTO,,12.7555,0.0631,start,0,1700,MI-CHARGE,0.0,0.0,0.0,0.0,0.0,0.0,0,0,0.0,0.0,0.0,0.0,0.0,0.0,0.1,2.0,1.0,0.05,1,0.0,0.1,0.0
195,2026-04-27T09:24:59.024Z,S20260427_102446,SC01,AUTO,,12.8315,0.0759,start,0,1700,MI-CHARGE,0.0,0.0,0.0,0.0,0.0,0.0,0,0,0.0,0.0,0.0,0.0,0.0,0.0,0.1,2.0,1.0,0.05,1,0.0,0.1,0.0
196,2026-04-27T09:24:59.084Z,S20260427_102446,SC01,AUTO,,12.8917,0.0603,start,0,1700,MI-CHARGE,0.0,0.0,0.0,0.0,0.0,0.0,0,0,0.0,0.0,0.0,0.0,0.0,0.0,0.1,2.0,1.0,0.05,1,0.0,0.1,0.0
197,2026-04-27T09:24:59.145Z,S20260427_102446,SC01,AUTO,,12.9529,0.0611,start,0,1700,MI-CHARGE,0.0,0.0,0.0,0.0,0.0,0.0,0,0,0.0,0.0,0.0,0.0,0.0,0.0,0.1,2.0,1.0,0.05,1,0.0,0.1,0.0
198,2026-04-27T09:24:59.206Z,S20260427_102446,SC01,AUTO,,13.0137,0.0609,start,0,1700,MI-CHARGE,0.0,0.0,0.0,0.0,0.0,0.0,0,0,0.0,0.0,0.0,0.0,0.0,0.0,0.1,2.0,1.0,0.05,1,0.0,0.1,0.0
199,2026-04-27T09:24:59.267Z,S20260427_102446,SC01,AUTO,,13.0742,0.0605,start,0,1700,MI-CHARGE,0.0,0.0,0.0,0.0,0.0,0.0,0,0,0.0,0.0,0.0,0.0,0.0,0.0,0.1,2.0,1.0,0.05,1,0.0,0.1,0.0
200,2026-04-27T09:24:59.326Z,S20260427_102446,SC01,AUTO,,13.1334,0.0591,start,0,1700,MI-CHARGE,0.0,0.0,0.0,0.0,0.0,0.0,0,0,0.0,0.0,0.0,0.0,0.0,0.0,0.1,2.0,1.0,0.05,1,0.0,0.1,0.0
201,2026-04-27T09:24:59.388Z,S20260427_102446,SC01,AUTO,,13.1954,0.062,start,0,1700,MI-CHARGE,0.0,0.0,0.0,0.0,0.0,0.0,0,0,0.0,0.0,0.0,0.0,0.0,0.0,0.1,2.0,1.0,0.05,1,0.0,0.1,0.0
202,2026-04-27T09:24:59.449Z,S20260427_102446,SC01,AUTO,,13.2562,0.0608,start,0,1700,MI-CHARGE,0.0,0.0,0.0,0.0,0.0,0.0,0,0,0.0,0.0,0.0,0.0,0.0,0.0,0.1,2.0,1.0,0.05,1,0.0,0.1,0.0
203,2026-04-27T09:24:59.511Z,S20260427_102446,SC01,AUTO,,13.3183,0.0621,start,0,1700,MI-CHARGE,0.0,0.0,0.0,0.0,0.0,0.0,0,0,0.0,0.0,0.0,0.0,0.0,0.0,0.1,2.0,1.0,0.05,1,0.0,0.1,0.0
204,2026-04-27T09:24:59.571Z,S20260427_102446,SC01,AUTO,,13.3792,0.0609,start,0,1700,MI-CHARGE,0.0,0.0,0.0,0.0,0.0,0.0,0,0,0.0,0.0,0.0,0.0,0.0,0.0,0.1,2.0,1.0,0.05,1,0.0,0.1,0.0
205,2026-04-27T09:24:59.635Z,S20260427_102446,SC01,AUTO,,13.4425,0.0633,start,0,1700,MI-CHARGE,0.0,0.0,0.0,0.0,0.0,0.0,0,0,0.0,0.0,0.0,0.0,0.0,0.0,0.1,2.0,1.0,0.05,1,0.0,0.1,0.0
206,2026-04-27T09:24:59.698Z,S20260427_102446,SC01,AUTO,,13.5053,0.0628,start,0,1700,MI-CHARGE,0.0,0.0,0.0,0.0,0.0,0.0,0,0,0.0,0.0,0.0,0.0,0.0,0.0,0.1,2.0,1.0,0.05,1,0.0,0.1,0.0
207,2026-04-27T09:24:59.763Z,S20260427_102446,SC01,AUTO,,13.5704,0.065,start,0,1700,MI-CHARGE,0.0,0.0,0.0,0.0,0.0,0.0,0,0,0.0,0.0,0.0,0.0,0.0,0.0,0.1,2.0,1.0,0.05,1,0.0,0.1,0.0
208,2026-04-27T09:24:59.825Z,S20260427_102446,SC01,AUTO,,13.6332,0.0628,start,0,1700,MI-CHARGE,0.0,0.0,0.0,0.0,0.0,0.0,0,0,0.0,0.0,0.0,0.0,0.0,0.0,0.1,2.0,1.0,0.05,1,0.0,0.1,0.0
209,2026-04-27T09:24:59.886Z,S20260427_102446,SC01,AUTO,,13.6935,0.0603,start,0,1700,MI-CHARGE,0.0,0.0,0.0,0.0,0.0,0.0,0,0,0.0,0.0,0.0,0.0,0.0,0.0,0.1,2.0,1.0,0.05,1,0.0,0.1,0.0
210,2026-04-27T09:24:59.947Z,S20260427_102446,SC01,AUTO,,13.7544,0.0609,start,0,1700,MI-CHARGE,0.0,0.0,0.0,0.0,0.0,0.0,0,0,0.0,0.0,0.0,0.0,0.0,0.0,0.1,2.0,1.0,0.05,1,0.0,0.1,0.0
211,2026-04-27T09:25:00.013Z,S20260427_102446,SC01,AUTO,,13.8204,0.066,start,0,1700,MI-CHARGE,0.0,0.0,0.0,0.0,0.0,0.0,0,0,0.0,0.0,0.0,0.0,0.0,0.0,0.1,2.0,1.0,0.05,1,0.0,0.1,0.0
212,2026-04-27T09:25:00.076Z,S20260427_102446,SC01,AUTO,,13.8836,0.0631,start,0,1700,MI-CHARGE,0.0,0.0,0.0,0.0,0.0,0.0,0,0,0.0,0.0,0.0,0.0,0.0,0.0,0.1,2.0,1.0,0.05,1,0.0,0.1,0.0
213,2026-04-27T09:25:00.142Z,S20260427_102446,SC01,AUTO,,13.9501,0.0665,start,0,1700,MI-CHARGE,0.0,0.0,0.0,0.0,0.0,0.0,0,0,0.0,0.0,0.0,0.0,0.0,0.0,0.1,2.0,1.0,0.05,1,0.0,0.1,0.0
214,2026-04-27T09:25:01.123Z,S20260427_102446,SC01,AUTO,,14.9304,0.9804,start,0,1700,MI-CHARGE,0.0,0.0,0.0,0.0,0.0,0.0,0,0,0.0,0.0,0.0,0.0,0.0,0.0,0.1,2.0,1.0,0.05,1,0.0,0.1,0.0
215,2026-04-27T09:25:01.141Z,S20260427_102446,SC01,AUTO,,14.9489,0.0185,start,0,1700,MI-CHARGE,0.0,0.0,0.0,0.0,0.0,0.0,0,0,0.0,0.0,0.0,0.0,0.0,0.0,0.1,2.0,1.0,0.05,1,0.0,0.1,0.0
216,2026-04-27T09:25:01.204Z,S20260427_102446,SC01,AUTO,,15.0119,0.063,start,0,1700,MI-CHARGE,0.0,0.0,0.0,0.0,0.0,0.0,0,0,0.0,0.0,0.0,0.0,0.0,0.0,0.1,2.0,1.0,0.05,1,0.0,0.1,0.0
217,2026-04-27T09:25:01.267Z,S20260427_102446,SC01,AUTO,,15.0746,0.0627,start,0,1700,MI-CHARGE,0.0,0.0,0.0,0.0,0.0,0.0,0,0,0.0,0.0,0.0,0.0,0.0,0.0,0.1,2.0,1.0,0.05,1,0.0,0.1,0.0
218,2026-04-27T09:25:01.324Z,S20260427_102446,SC01,AUTO,,15.1321,0.0574,start,0,1700,MI-CHARGE,0.0,0.0,0.0,0.0,0.0,0.0,0,0,0.0,0.0,0.0,0.0,0.0,0.0,0.1,2.0,1.0,0.05,1,0.0,0.1,0.0
219,2026-04-27T09:25:01.385Z,S20260427_102446,SC01,AUTO,,15.1926,0.0605,start,0,1700,MI-CHARGE,0.0,0.0,0.0,0.0,0.0,0.0,0,0,0.0,0.0,0.0,0.0,0.0,0.0,0.1,2.0,1.0,0.05,1,0.0,0.1,0.0
220,2026-04-27T09:25:01.446Z,S20260427_102446,SC01,AUTO,,15.2541,0.0615,start,0,1700,MI-CHARGE,0.0,0.0,0.0,0.0,0.0,0.0,0,0,0.0,0.0,0.0,0.0,0.0,0.0,0.1,2.0,1.0,0.05,1,0.0,0.1,0.0
221,2026-04-27T09:25:01.517Z,S20260427_102446,SC01,AUTO,,15.3244,0.0703,start,0,1700,MI-CHARGE,0.0,0.0,0.0,0.0,0.0,0.0,0,0,0.0,0.0,0.0,0.0,0.0,0.0,0.1,2.0,1.0,0.05,1,0.0,0.1,0.0
222,2026-04-27T09:25:01.577Z,S20260427_102446,SC01,AUTO,,15.3846,0.0602,start,0,1700,MI-CHARGE,0.0,0.0,0.0,0.0,0.0,0.0,0,0,0.0,0.0,0.0,0.0,0.0,0.0,0.1,2.0,1.0,0.05,1,0.0,0.1,0.0
223,2026-04-27T09:25:01.640Z,S20260427_102446,SC01,AUTO,,15.4479,0.0634,start,0,1700,MI-CHARGE,0.0,0.0,0.0,0.0,0.0,0.0,0,0,0.0,0.0,0.0,0.0,0.0,0.0,0.1,2.0,1.0,0.05,1,0.0,0.1,0.0
224,2026-04-27T09:25:01.704Z,S20260427_102446,SC01,AUTO,,15.5116,0.0636,start,0,1700,MI-CHARGE,0.0,0.0,0.0,0.0,0.0,0.0,0,0,0.0,0.0,0.0,0.0,0.0,0.0,0.1,2.0,1.0,0.05,1,0.0,0.1,0.0
225,2026-04-27T09:25:01.769Z,S20260427_102446,SC01,AUTO,,15.5773,0.0656,start,0,1700,MI-CHARGE,0.0,0.0,0.0,0.0,0.0,0.0,0,0,0.0,0.0,0.0,0.0,0.0,0.0,0.1,2.0,1.0,0.05,1,0.0,0.1,0.0
226,2026-04-27T09:25:01.826Z,S20260427_102446,SC01,AUTO,,15.6333,0.0563,start,0,1700,MI-CHARGE,0.0,0.0,0.0,0.0,0.0,0.0,0,0,0.0,0.0,0.0,0.0,0.0,0.0,0.1,2.0,1.0,0.05,1,0.0,0.1,0.0
227,2026-04-27T09:25:01.885Z,S20260427_102446,SC01,AUTO,,15.6931,0.0598,start,0,1700,MI-CHARGE,0.0,0.0,0.0,0.0,0.0,0.0,0,0,0.0,0.0,0.0,0.0,0.0,0.0,0.1,2.0,1.0,0.05,1,0.0,0.1,0.0
228,2026-04-27T09:25:01.956Z,S20260427_102446,SC01,AUTO,,15.7632,0.07,start,0,1700,MI-CHARGE,0.0,0.0,0.0,0.0,0.0,0.0,0,0,0.0,0.0,0.0,0.0,0.0,0.0,0.1,2.0,1.0,0.05,1,0.0,0.1,0.0
229,2026-04-27T09:25:02.018Z,S20260427_102446,SC01,AUTO,,15.8259,0.0627,start,0,1700,MI-CHARGE,0.0,0.0,0.0,0.0,0.0,0.0,0,0,0.0,0.0,0.0,0.0,0.0,0.0,0.1,2.0,1.0,0.05,1,0.0,0.1,0.0
230,2026-04-27T09:25:02.079Z,S20260427_102446,SC01,AUTO,,15.8869,0.0609,start,0,1700,MI-CHARGE,0.0,0.0,0.0,0.0,0.0,0.0,0,0,0.0,0.0,0.0,0.0,0.0,0.0,0.1,2.0,1.0,0.05,1,0.0,0.1,0.0
231,2026-04-27T09:25:02.140Z,S20260427_102446,SC01,AUTO,,15.9473,0.0605,start,0,1700,MI-CHARGE,0.0,0.0,0.0,0.0,0.0,0.0,0,0,0.0,0.0,0.0,0.0,0.0,0.0,0.1,2.0,1.0,0.05,1,0.0,0.1,0.0
232,2026-04-27T09:25:02.203Z,S20260427_102446,SC01,AUTO,,16.0108,0.0633,start,0,1700,MI-CHARGE,0.0,0.0,0.0,0.0,0.0,0.0,0,0,0.0,0.0,0.0,0.0,0.0,0.0,0.1,2.0,1.0,0.05,1,0.0,0.1,0.0
233,2026-04-27T09:25:02.265Z,S20260427_102446,SC01,AUTO,,16.0724,0.0617,start,0,1700,MI-CHARGE,0.0,0.0,0.0,0.0,0.0,0.0,0,0,0.0,0.0,0.0,0.0,0.0,0.0,0.1,2.0,1.0,0.05,1,0.0,0.1,0.0
234,2026-04-27T09:25:02.327Z,S20260427_102446,SC01,AUTO,,16.1343,0.0619,start,0,1700,MI-CHARGE,0.0,0.0,0.0,0.0,0.0,0.0,0,0,0.0,0.0,0.0,0.0,0.0,0.0,0.1,2.0,1.0,0.05,1,0.0,0.1,0.0
235,2026-04-27T09:25:02.385Z,S20260427_102446,SC01,AUTO,,16.1929,0.0586,start,0,1700,MI-CHARGE,0.0,0.0,0.0,0.0,0.0,0.0,0,0,0.0,0.0,0.0,0.0,0.0,0.0,0.1,2.0,1.0,0.05,1,0.0,0.1,0.0
236,2026-04-27T09:25:02.450Z,S20260427_102446,SC01,AUTO,,16.2574,0.0645,start,0,1700,MI-CHARGE,0.0,0.0,0.0,0.0,0.0,0.0,0,0,0.0,0.0,0.0,0.0,0.0,0.0,0.1,2.0,1.0,0.05,1,0.0,0.1,0.0
237,2026-04-27T09:25:02.514Z,S20260427_102446,SC01,AUTO,,16.3217,0.0642,start,0,1700,MI-CHARGE,0.0,0.0,0.0,0.0,0.0,0.0,0,0,0.0,0.0,0.0,0.0,0.0,0.0,0.1,2.0,1.0,0.05,1,0.0,0.1,0.0
238,2026-04-27T09:25:02.573Z,S20260427_102446,SC01,AUTO,,16.3805,0.0589,start,0,1700,MI-CHARGE,0.0,0.0,0.0,0.0,0.0,0.0,0,0,0.0,0.0,0.0,0.0,0.0,0.0,0.1,2.0,1.0,0.05,1,0.0,0.1,0.0
239,2026-04-27T09:25:02.635Z,S20260427_102446,SC01,AUTO,,16.4424,0.0619,start,0,1700,MI-CHARGE,0.0,0.0,0.0,0.0,0.0,0.0,0,0,0.0,0.0,0.0,0.0,0.0,0.0,0.1,2.0,1.0,0.05,1,0.0,0.1,0.0
240,2026-04-27T09:25:02.697Z,S20260427_102446,SC01,AUTO,,16.5048,0.0624,start,0,1700,MI-CHARGE,0.0,0.0,0.0,0.0,0.0,0.0,0,0,0.0,0.0,0.0,0.0,0.0,0.0,0.1,2.0,1.0,0.05,1,0.0,0.1,0.0
241,2026-04-27T09:25:02.760Z,S20260427_102446,SC01,AUTO,,16.5679,0.0631,start,0,1700,MI-CHARGE,0.0,0.0,0.0,0.0,0.0,0.0,0,0,0.0,0.0,0.0,0.0,0.0,0.0,0.1,2.0,1.0,0.05,1,0.0,0.1,0.0
242,2026-04-27T09:25:02.823Z,S20260427_102446,SC01,AUTO,,16.6303,0.0624,start,0,1700,MI-CHARGE,0.0,0.0,0.0,0.0,0.0,0.0,0,0,0.0,0.0,0.0,0.0,0.0,0.0,0.1,2.0,1.0,0.05,1,0.0,0.1,0.0
243,2026-04-27T09:25:02.884Z,S20260427_102446,SC01,AUTO,,16.692,0.0617,start,0,1700,MI-CHARGE,0.0,0.0,0.0,0.0,-0.698132,0.0,1,0,16679.044,16679.044,0.0,0.0,0.0,0.0,0.1,2.0,1.0,0.05,1,0.0,0.1,0.0
244,2026-04-27T09:25:02.946Z,S20260427_102446,SC01,AUTO,,16.7539,0.0619,start,0,1700,MI-CHARGE,0.0,0.0,0.0,0.0,-0.698132,-0.0,1,0,5301.371,0.426,0.0,0.0,0.0,0.0,0.1,2.0,1.0,0.05,1,0.0,0.1,0.0
245,2026-04-27T09:25:03.010Z,S20260427_102446,SC01,AUTO,,16.8175,0.0636,start,0,1700,MI-CHARGE,0.0,0.0,0.0,0.0,-0.698132,0.0,1,0,5253.159,17.912,0.0,0.0,0.0,0.0,0.1,2.0,1.0,0.05,1,0.0,0.1,0.0
246,2026-04-27T09:25:03.073Z,S20260427_102446,SC01,AUTO,,16.8802,0.0628,start,0,1700,MI-CHARGE,0.0,0.0,0.0,0.0,-0.698132,0.0,1,0,5258.736,30.46,0.0,0.0,0.0,0.0,0.1,2.0,1.0,0.05,1,0.0,0.1,0.0
247,2026-04-27T09:25:03.134Z,S20260427_102446,SC01,AUTO,,16.9416,0.0614,start,0,1700,MI-CHARGE,0.0,0.0,0.0,0.0,-0.698132,-0.0,1,0,5189.19,18.337,0.0,0.0,0.0,0.0,0.1,2.0,1.0,0.05,1,0.0,0.1,0.0
248,2026-04-27T09:25:03.197Z,S20260427_102446,SC01,AUTO,,17.0045,0.0629,start,0,1700,MI-CHARGE,0.0,0.0,0.0,0.0,-0.698132,0.0,1,0,5149.147,20.217,0.0,0.0,0.0,0.0,0.1,2.0,1.0,0.05,1,0.0,0.1,0.0
249,2026-04-27T09:25:03.260Z,S20260427_102446,SC01,AUTO,,17.0677,0.0632,start,0,1700,MI-CHARGE,0.0,0.0,0.0,0.0,-0.698132,0.0,1,0,5110.161,20.719,0.0,0.0,0.0,0.0,0.1,2.0,1.0,0.05,1,0.0,0.1,0.0
250,2026-04-27T09:25:03.323Z,S20260427_102446,SC01,AUTO,,17.1304,0.0628,start,0,1700,MI-CHARGE,0.0,0.0,0.0,0.0,-0.698132,0.0,1,0,5092.303,19.033,0.0,0.0,0.0,0.0,0.1,2.0,1.0,0.05,1,0.0,0.1,0.0
251,2026-04-27T09:25:03.385Z,S20260427_102446,SC01,AUTO,,17.1923,0.0619,start,0,1700,MI-CHARGE,0.0,0.0,0.0,0.0,-0.698132,0.0,1,0,5039.307,19.148,0.0,0.0,0.0,0.0,0.1,2.0,1.0,0.05,1,0.0,0.1,0.0
252,2026-04-27T09:25:03.447Z,S20260427_102446,SC01,AUTO,,17.2551,0.0627,start,0,1700,MI-CHARGE,0.0,0.0,0.0,0.0,-0.698132,0.0,1,0,4987.478,19.303,0.0,0.0,0.0,0.0,0.1,2.0,1.0,0.05,1,0.0,0.1,0.0
253,2026-04-27T09:25:03.510Z,S20260427_102446,SC01,AUTO,,17.3176,0.0625,start,0,1700,MI-CHARGE,0.0,0.0,0.0,0.0,-0.698132,0.0,1,0,4937.424,19.298,0.0,0.0,0.0,0.0,0.1,2.0,1.0,0.05,1,0.0,0.1,0.0
254,2026-04-27T09:25:03.573Z,S20260427_102446,SC01,AUTO,,17.3809,0.0633,start,0,1700,MI-CHARGE,0.0,0.0,0.0,0.0,-0.698132,0.0,1,0,4907.205,20.106,0.0,0.0,0.0,0.0,0.1,2.0,1.0,0.05,1,0.0,0.1,0.0
255,2026-04-27T09:25:03.636Z,S20260427_102446,SC01,AUTO,,17.4435,0.0626,start,0,1700,MI-CHARGE,0.0,0.0,0.0,0.0,-0.698132,0.0,1,0,4875.797,19.353,0.0,0.0,0.0,0.0,0.1,2.0,1.0,0.05,1,0.0,0.1,0.0
256,2026-04-27T09:25:03.698Z,S20260427_102446,SC01,AUTO,,17.5053,0.0618,start,0,1700,MI-CHARGE,0.0,0.0,0.0,0.0,-0.698132,0.0,1,0,4817.79,19.596,0.0,0.0,0.0,0.0,0.1,2.0,1.0,0.05,1,0.0,0.1,0.0
257,2026-04-27T09:25:03.762Z,S20260427_102446,SC01,AUTO,,17.5696,0.0643,start,0,1700,MI-CHARGE,0.0,0.0,0.0,0.0,-0.698132,0.0,1,0,4772.098,19.059,0.0,0.0,0.0,0.0,0.1,2.0,1.0,0.05,1,0.0,0.1,0.0
258,2026-04-27T09:25:03.822Z,S20260427_102446,SC01,AUTO,,17.63,0.0603,start,0,1700,MI-CHARGE,0.0,0.0,0.0,0.0,-0.698132,0.0,1,0,4748.649,19.479,0.0,0.0,0.0,0.0,0.1,2.0,1.0,0.05,1,0.0,0.1,0.0
259,2026-04-27T09:25:03.888Z,S20260427_102446,SC01,AUTO,0.003,17.6958,0.0659,start,1,1700,MI-CHARGE,0.0,0.0,0.0,0.0,-0.698132,0.0,1,0,4695.754,20.466,0.0,0.0,0.0,0.0,0.1,2.0,1.0,0.05,1,0.0,0.1,0.0
260,2026-04-27T09:25:03.947Z,S20260427_102446,SC01,AUTO,0.0623,17.7551,0.0593,start,1,1700,MI-CHARGE,0.0,0.0,0.0,0.0,-0.698132,0.0,1,0,4654.861,18.527,0.0,0.0,0.0,0.0,0.1,2.0,1.0,0.05,1,0.0,0.1,0.0
261,2026-04-27T09:25:04.014Z,S20260427_102446,SC01,AUTO,0.1293,17.8221,0.0671,start,1,1700,MI-CHARGE,0.0,0.0,0.0,0.0,-0.698132,0.0,1,0,4599.329,14.853,0.0,0.0,0.0,0.0,0.1,2.0,1.0,0.05,1,0.0,0.1,0.0
262,2026-04-27T09:25:04.078Z,S20260427_102446,SC01,AUTO,0.1933,17.8861,0.064,start,1,1700,MI-CHARGE,0.0,0.0,0.0,0.0,-0.698132,0.0,1,0,4543.719,20.232,0.0,0.0,0.0,0.0,0.1,2.0,1.0,0.05,1,0.0,0.1,0.0
263,2026-04-27T09:25:04.142Z,S20260427_102446,SC01,AUTO,0.2565,17.9493,0.0632,start,1,1700,MI-CHARGE,0.0,0.0,0.0,0.0,-0.698132,0.0,1,0,4486.028,20.784,0.0,0.0,0.0,0.0,0.1,2.0,1.0,0.05,1,0.0,0.1,0.0
264,2026-04-27T09:25:04.198Z,S20260427_102446,SC01,AUTO,0.3126,18.0054,0.0561,start,1,1700,MI-CHARGE,0.0,0.0,0.0,0.0,-0.698132,0.0,1,0,4425.024,22.772,0.0,0.0,0.0,0.0,0.1,2.0,1.0,0.05,1,0.0,0.1,0.0
265,2026-04-27T09:25:04.265Z,S20260427_102446,SC01,AUTO,0.3801,18.0729,0.0675,start,1,1700,MI-CHARGE,0.0,0.0,0.0,0.0,-0.698132,0.0,1,0,4372.129,19.739,0.0,0.0,0.0,0.0,0.1,2.0,1.0,0.05,1,0.0,0.1,0.0
266,2026-04-27T09:25:04.326Z,S20260427_102446,SC01,AUTO,0.4405,18.1333,0.0603,start,1,1700,MI-CHARGE,0.0,0.0,0.0,0.0,-0.698132,0.0,1,0,4313.309,18.649,0.0,0.0,0.0,0.0,0.1,2.0,1.0,0.05,1,0.0,0.1,0.0
267,2026-04-27T09:25:04.386Z,S20260427_102446,SC01,AUTO,0.5005,18.1933,0.06,start,1,1700,MI-CHARGE,0.0,0.0,0.0,0.0,-0.698132,0.0,1,0,4256.711,20.242,0.0,0.0,0.0,0.0,0.1,2.0,1.0,0.05,1,0.0,0.1,0.0
268,2026-04-27T09:25:04.458Z,S20260427_102446,SC01,AUTO,0.5729,18.2657,0.0724,start,1,1700,MI-CHARGE,0.0,0.0,0.0,0.0,-0.698132,0.0,1,0,3305.553,16.261,0.0,0.0,0.0,0.0,0.1,2.0,1.0,0.05,1,0.0,0.1,0.0
269,2026-04-27T09:25:04.512Z,S20260427_102446,SC01,AUTO,0.6268,18.3196,0.0539,start,1,1700,MI-CHARGE,0.0,0.0,0.0,0.0,-0.698132,0.0,1,0,3279.287,19.746,0.0,0.0,0.0,0.0,0.1,2.0,1.0,0.05,1,0.0,0.1,0.0
270,2026-04-27T09:25:04.574Z,S20260427_102446,SC01,AUTO,0.6894,18.3822,0.0626,start,1,1700,MI-CHARGE,0.0,0.0,0.0,0.0,-0.698132,0.0,1,0,3228.315,19.168,0.0,0.0,0.0,0.0,0.1,2.0,1.0,0.05,1,0.0,0.1,0.0
271,2026-04-27T09:25:04.638Z,S20260427_102446,SC01,AUTO,0.7524,18.4452,0.0631,start,1,1700,MI-CHARGE,0.0,0.0,0.0,0.0,-0.698132,0.0,1,0,3158.997,20.079,0.0,0.0,0.0,0.0,0.1,2.0,1.0,0.05,1,0.0,0.1,0.0
272,2026-04-27T09:25:04.702Z,S20260427_102446,SC01,AUTO,0.8168,18.5096,0.0644,start,1,1700,MI-CHARGE,0.0,0.0,0.0,0.0,-0.698132,0.0,1,0,3111.418,19.556,0.0,0.0,0.0,0.0,0.1,2.0,1.0,0.05,1,0.0,0.1,0.0
273,2026-04-27T09:25:04.759Z,S20260427_102446,SC01,AUTO,0.8743,18.5671,0.0574,start,1,1700,MI-CHARGE,0.0,0.0,0.0,0.0,-0.698132,0.0,1,0,3086.422,20.083,0.0,0.0,0.0,0.0,0.1,2.0,1.0,0.05,1,0.0,0.1,0.0
274,2026-04-27T09:25:04.825Z,S20260427_102446,SC01,AUTO,0.9401,18.6329,0.0658,start,1,1700,MI-CHARGE,0.0,0.0,0.0,0.0,-0.698132,0.0,1,0,3034.333,21.153,0.0,0.0,0.0,0.0,0.1,2.0,1.0,0.05,1,0.0,0.1,0.0
275,2026-04-27T09:25:04.885Z,S20260427_102446,SC01,AUTO,0.9998,18.6926,0.0598,start,1,1700,MI-CHARGE,0.0,0.0,0.0,0.0,-0.698132,0.0,1,0,2985.094,19.642,0.0,0.0,0.0,0.0,0.1,2.0,1.0,0.05,1,0.0,0.1,0.0
276,2026-04-27T09:25:04.958Z,S20260427_102446,SC01,AUTO,1.0727,18.7655,0.0728,start,1,1700,MI-CHARGE,0.0,0.0,0.0,0.0,-0.698132,0.0,1,0,2931.454,20.217,0.0,0.0,0.0,0.0,0.1,2.0,1.0,0.05,1,0.0,0.1,0.0
277,2026-04-27T09:25:05.021Z,S20260427_102446,SC01,AUTO,1.1356,18.8284,0.0629,start,1,1700,MI-CHARGE,0.0,0.0,0.0,0.0,-0.698132,0.0,1,0,2881.975,19.916,0.0,0.0,0.0,0.0,0.1,2.0,1.0,0.05,1,0.0,0.1,0.0
278,2026-04-27T09:25:05.083Z,S20260427_102446,SC01,AUTO,1.1981,18.8909,0.0625,start,1,1700,MI-CHARGE,0.0,0.0,0.0,0.0,-0.698132,0.0,1,0,2826.056,20.756,0.0,0.0,0.0,0.0,0.1,2.0,1.0,0.05,1,0.0,0.1,0.0
279,2026-04-27T09:25:05.134Z,S20260427_102446,SC01,AUTO,1.2489,18.9417,0.0508,start,1,1700,MI-CHARGE,0.0,0.0,0.0,0.0,-0.698132,0.0,1,0,2331.273,491.099,0.0,0.0,0.0,0.0,0.1,2.0,1.0,0.05,1,0.0,0.1,0.0
280,2026-04-27T09:25:05.204Z,S20260427_102446,SC01,AUTO,1.3189,19.0117,0.0701,start,1,1700,MI-CHARGE,0.0,0.0,0.0,0.0,-0.698132,0.0,2,0,2114.894,19.199,0.0,0.0,0.0,0.0,0.1,2.0,1.0,0.05,1,0.0,0.1,0.0
281,2026-04-27T09:25:05.262Z,S20260427_102446,SC01,AUTO,1.3766,19.0694,0.0577,start,1,1700,MI-CHARGE,0.0,0.0,0.0,0.0,-0.698132,0.0,2,0,2062.365,18.092,0.0,0.0,0.0,0.0,0.1,2.0,1.0,0.05,1,0.0,0.1,0.0
282,2026-04-27T09:25:05.325Z,S20260427_102446,SC01,AUTO,1.44,19.1328,0.0634,start,1,1700,MI-CHARGE,0.0,0.0,0.0,0.0,-0.698132,-0.0,2,0,2006.559,19.995,0.0,0.0,0.0,0.0,0.1,2.0,1.0,0.05,1,0.0,0.1,0.0
283,2026-04-27T09:25:05.385Z,S20260427_102446,SC01,AUTO,1.4999,19.1927,0.0599,start,1,1700,MI-CHARGE,0.0,0.0,0.0,0.0,-0.698132,-0.0,2,0,1951.937,19.056,0.0,0.0,0.0,0.0,0.1,2.0,1.0,0.05,1,0.0,0.1,0.0
284,2026-04-27T09:25:05.453Z,S20260427_102446,SC01,AUTO,1.5684,19.2612,0.0685,start,1,1700,MI-CHARGE,0.0,0.0,0.0,0.0,-0.698132,-0.0,2,0,1893.996,19.708,0.0,0.0,0.0,0.0,0.1,2.0,1.0,0.05,1,0.0,0.1,0.0
285,2026-04-27T09:25:05.517Z,S20260427_102446,SC01,AUTO,1.6323,19.3251,0.064,start,1,1700,MI-CHARGE,0.0,0.0,0.0,0.0,-0.698132,-0.0,2,0,1834.926,19.783,0.0,0.0,0.0,0.0,0.1,2.0,1.0,0.05,1,0.0,0.1,0.0
286,2026-04-27T09:25:05.581Z,S20260427_102446,SC01,AUTO,1.696,19.3888,0.0637,start,1,1700,MI-CHARGE,0.0,0.0,0.0,0.0,-0.698132,-0.0,2,0,1779.51,17.148,0.0,0.0,0.0,0.0,0.1,2.0,1.0,0.05,1,0.0,0.1,0.0
287,2026-04-27T09:25:05.644Z,S20260427_102446,SC01,AUTO,1.7585,19.4513,0.0625,start,1,1700,MI-CHARGE,0.0,0.0,0.0,0.0,-0.698132,-0.0,2,0,1722.739,15.719,0.0,0.0,0.0,0.0,0.1,2.0,1.0,0.05,1,0.0,0.1,0.0
288,2026-04-27T09:25:05.705Z,S20260427_102446,SC01,AUTO,1.8195,19.5123,0.061,start,1,1700,MI-CHARGE,0.0,0.0,0.0,0.0,-0.698132,-0.0,2,0,1667.332,19.553,0.0,0.0,0.0,0.0,0.1,2.0,1.0,0.05,1,0.0,0.1,0.0
289,2026-04-27T09:25:05.765Z,S20260427_102446,SC01,AUTO,1.8797,19.5725,0.0602,start,1,1700,MI-CHARGE,0.0,0.0,0.0,0.0,-0.698132,-0.0,2,0,1609.171,20.289,0.0,0.0,0.0,0.0,0.1,2.0,1.0,0.05,1,0.0,0.1,0.0
290,2026-04-27T09:25:05.822Z,S20260427_102446,SC01,AUTO,1.9365,19.6293,0.0569,start,1,1700,MI-CHARGE,0.0,0.0,0.0,0.0,-0.698132,-0.0,2,0,1552.649,19.589,0.0,0.0,0.0,0.0,0.1,2.0,1.0,0.05,1,0.0,0.1,0.0
291,2026-04-27T09:25:05.886Z,S20260427_102446,SC01,AUTO,2.0011,19.6939,0.0645,start,1,1700,MI-CHARGE,0.0,0.0,0.0,0.0,-0.698132,-0.0,2,0,1497.23,18.946,0.0,0.0,0.0,0.0,0.1,2.0,1.0,0.05,1,0.0,0.1,0.0
292,2026-04-27T09:25:05.949Z,S20260427_102446,SC01,AUTO,2.0642,19.757,0.0632,start,1,1700,MI-CHARGE,0.0,0.0,0.0,0.0,-0.698132,-0.0,2,0,1440.316,19.656,0.0,0.0,0.0,0.0,0.1,2.0,1.0,0.05,1,0.0,0.1,0.0
293,2026-04-27T09:25:06.014Z,S20260427_102446,SC01,AUTO,2.1288,19.8216,0.0645,start,1,1700,MI-CHARGE,0.0,0.0,0.0,0.0,-0.698132,-0.0,2,0,1385.11,18.908,0.0,0.0,0.0,0.0,0.1,2.0,1.0,0.05,1,0.0,0.1,0.0
294,2026-04-27T09:25:06.078Z,S20260427_102446,SC01,AUTO,2.1927,19.8855,0.064,start,1,1700,MI-CHARGE,0.0,0.0,0.0,0.0,-0.698132,-0.0,2,0,1326.267,19.856,0.0,0.0,0.0,0.0,0.1,2.0,1.0,0.05,1,0.0,0.1,0.0
295,2026-04-27T09:25:06.142Z,S20260427_102446,SC01,AUTO,2.2569,19.9497,0.0643,start,1,1700,MI-CHARGE,0.0,0.0,0.0,0.0,-0.698132,-0.0,2,0,1270.255,18.502,0.0,0.0,0.0,0.0,0.1,2.0,1.0,0.05,1,0.0,0.1,0.0
296,2026-04-27T09:25:06.205Z,S20260427_102446,SC01,AUTO,2.3195,20.0123,0.0626,start,1,1700,MI-CHARGE,0.0,0.0,0.0,0.0,-0.698132,-0.0,2,0,1214.924,18.599,0.0,0.0,0.0,0.0,0.1,2.0,1.0,0.05,1,0.0,0.1,0.0
297,2026-04-27T09:25:06.265Z,S20260427_102446,SC01,AUTO,2.3799,20.0727,0.0603,start,1,1700,MI-CHARGE,0.0,0.0,0.0,0.0,-0.698132,-0.0,2,0,1157.756,16.207,0.0,0.0,0.0,0.0,0.1,2.0,1.0,0.05,1,0.0,0.1,0.0
298,2026-04-27T09:25:06.325Z,S20260427_102446,SC01,AUTO,2.44,20.1328,0.0601,start,1,1700,MI-CHARGE,0.0,0.0,0.0,0.0,-0.698132,-0.0,2,0,1139.389,9.193,0.0,0.0,0.0,0.0,0.1,2.0,1.0,0.05,1,0.0,0.1,0.0
299,2026-04-27T09:25:06.385Z,S20260427_102446,SC01,AUTO,2.5003,20.1931,0.0603,start,1,1700,MI-CHARGE,0.0,0.0,0.0,0.0,-0.698132,-0.0,2,0,1073.38,17.937,0.0,0.0,0.0,0.0,0.1,2.0,1.0,0.05,1,0.0,0.1,0.0
300,2026-04-27T09:25:06.452Z,S20260427_102446,SC01,AUTO,2.5673,20.26,0.0669,start,1,1700,MI-CHARGE,0.0,0.0,0.0,0.0,-0.698132,-0.0,2,0,1018.74,19.608,0.0,0.0,0.0,0.0,0.1,2.0,1.0,0.05,1,0.0,0.1,0.0
301,2026-04-27T09:25:06.510Z,S20260427_102446,SC01,AUTO,2.6245,20.3173,0.0572,start,1,1700,MI-CHARGE,0.0,0.0,0.0,0.0,-0.698132,-0.0,2,0,958.945,18.588,0.0,0.0,0.0,0.0,0.1,2.0,1.0,0.05,1,0.0,0.1,0.0
302,2026-04-27T09:25:06.574Z,S20260427_102446,SC01,AUTO,2.6893,20.3821,0.0649,start,1,1700,MI-CHARGE,0.0,0.0,0.0,0.0,-0.698132,-0.0,2,0,903.481,19.148,0.0,0.0,0.0,0.0,0.1,2.0,1.0,0.05,1,0.0,0.1,0.0
303,2026-04-27T09:25:06.638Z,S20260427_102446,SC01,AUTO,2.7527,20.4455,0.0634,start,1,1700,MI-CHARGE,0.0,0.0,0.0,0.0,-0.698132,-0.0,2,0,849.326,17.891,0.0,0.0,0.0,0.0,0.1,2.0,1.0,0.05,1,0.0,0.1,0.0
304,2026-04-27T09:25:06.702Z,S20260427_102446,SC01,AUTO,2.8172,20.51,0.0645,start,1,1700,MI-CHARGE,0.0,0.0,0.0,0.0,-0.698132,-0.0,2,0,788.915,20.767,0.0,0.0,0.0,0.0,0.1,2.0,1.0,0.05,1,0.0,0.1,0.0
305,2026-04-27T09:25:06.766Z,S20260427_102446,SC01,AUTO,2.8808,20.5736,0.0636,start,1,1700,MI-CHARGE,0.0,0.0,0.0,0.0,-0.698132,-0.0,2,0,734.992,19.707,0.0,0.0,0.0,0.0,0.1,2.0,1.0,0.05,1,0.0,0.1,0.0
306,2026-04-27T09:25:06.826Z,S20260427_102446,SC01,AUTO,2.9407,20.6335,0.0598,start,1,1700,MI-CHARGE,0.0,0.0,0.0,0.0,-0.698132,-0.0,2,0,681.891,20.081,0.0,0.0,0.0,0.0,0.1,2.0,1.0,0.05,1,0.0,0.1,0.0
307,2026-04-27T09:25:06.885Z,S20260427_102446,SC01,AUTO,3.0,20.6928,0.0594,start,1,1700,MI-CHARGE,0.0,0.0,0.0,0.0,-0.698132,-0.0,2,0,623.415,19.777,0.0,0.0,0.0,0.0,0.1,2.0,1.0,0.05,1,0.0,0.1,0.0
308,2026-04-27T09:25:06.954Z,S20260427_102446,SC01,AUTO,3.0692,20.762,0.0692,start,1,1700,MI-CHARGE,0.0,0.0,0.0,0.0,-0.698132,-0.0,2,0,563.917,20.189,0.0,0.0,0.0,0.0,0.1,2.0,1.0,0.05,1,0.0,0.1,0.0
309,2026-04-27T09:25:07.016Z,S20260427_102446,SC01,AUTO,3.1313,20.8241,0.062,start,1,1700,MI-CHARGE,0.0,0.0,0.0,0.0,-0.698132,-0.0,2,0,509.697,20.032,0.0,0.0,0.0,0.0,0.1,2.0,1.0,0.05,1,0.0,0.1,0.0
310,2026-04-27T09:25:07.080Z,S20260427_102446,SC01,AUTO,3.1947,20.8875,0.0634,start,1,1700,MI-CHARGE,0.0,0.0,0.0,0.0,-0.698132,-0.0,2,0,454.222,18.153,0.0,0.0,0.0,0.0,0.1,2.0,1.0,0.05,1,0.0,0.1,0.0
311,2026-04-27T09:25:07.134Z,S20260427_102446,SC01,AUTO,3.2487,20.9415,0.0541,start,1,1700,MI-CHARGE,0.0,0.0,0.0,0.0,-0.698132,-0.0,2,0,396.038,15.894,0.0,0.0,0.0,0.0,0.1,2.0,1.0,0.05,1,0.0,0.1,0.0
312,2026-04-27T09:25:07.199Z,S20260427_102446,SC01,AUTO,3.3143,21.0071,0.0654,start,1,1700,MI-CHARGE,0.0,0.0,0.0,0.0,-0.698132,-0.0,2,0,340.146,19.075,0.0,0.0,0.0,0.0,0.1,2.0,1.0,0.05,1,0.0,0.1,0.0
313,2026-04-27T09:25:07.262Z,S20260427_102446,SC01,AUTO,3.3769,21.0697,0.0627,start,1,1700,MI-CHARGE,0.0,0.0,0.0,0.0,-0.698132,-0.0,2,0,282.378,19.589,0.0,0.0,0.0,0.0,0.1,2.0,1.0,0.05,1,0.0,0.1,0.0
314,2026-04-27T09:25:07.325Z,S20260427_102446,SC01,AUTO,3.4396,21.1324,0.0628,start,1,1700,MI-CHARGE,0.0,0.0,0.0,0.0,-0.698132,-0.0,2,0,226.606,19.79,0.0,0.0,0.0,0.0,0.1,2.0,1.0,0.05,1,0.0,0.1,0.0
315,2026-04-27T09:25:07.385Z,S20260427_102446,SC01,AUTO,3.5002,21.193,0.0606,start,1,1700,MI-CHARGE,0.0,0.0,0.0,0.0,-0.698132,-0.0,2,0,169.2,20.311,0.0,0.0,0.0,0.0,0.1,2.0,1.0,0.05,1,0.0,0.1,0.0
316,2026-04-27T09:25:07.446Z,S20260427_102446,SC01,AUTO,3.5607,21.2535,0.0604,start,1,1700,MI-CHARGE,0.0,0.0,0.0,0.0,-0.698132,-0.0,2,0,133.398,18.825,0.0,0.0,0.0,0.0,0.1,2.0,1.0,0.05,1,0.0,0.1,0.0
317,2026-04-27T09:25:07.515Z,S20260427_102446,SC01,AUTO,3.63,21.3228,0.0693,start,1,1700,MI-CHARGE,0.0,0.0,0.0,0.0,-0.698132,-0.0,1,0,58.678,21.117,0.0,0.0,0.0,0.0,0.1,2.0,1.0,0.05,1,0.0,0.1,0.0
318,2026-04-27T09:25:07.577Z,S20260427_102446,SC01,AUTO,3.6921,21.3849,0.062,start,1,1700,MI-CHARGE,0.0,0.0,0.0,0.0,-0.698132,-0.0,1,0,25.258,19.713,0.0,0.0,0.0,0.0,0.1,2.0,1.0,0.05,1,0.0,0.1,0.0
319,2026-04-27T09:25:07.639Z,S20260427_102446,SC01,AUTO,3.754,21.4468,0.0619,start,1,1700,MI-CHARGE,0.0,0.0,0.0,0.0,-0.698132,-0.0,1,0,26.128,19.902,0.0,0.0,0.0,0.0,0.1,2.0,1.0,0.05,1,0.0,0.1,0.0
320,2026-04-27T09:25:07.702Z,S20260427_102446,SC01,AUTO,3.8171,21.5099,0.0632,start,1,1700,MI-CHARGE,0.0,0.0,0.0,0.0,-0.698132,-0.0,1,0,29.662,19.356,0.0,0.0,0.0,0.0,0.1,2.0,1.0,0.05,1,0.0,0.1,0.0
321,2026-04-27T09:25:07.765Z,S20260427_102446,SC01,AUTO,3.8797,21.5725,0.0625,start,1,1700,MI-CHARGE,0.0,0.0,0.0,0.0,-0.698132,-0.0,1,0,14.476,19.588,0.0,0.0,0.0,0.0,0.1,2.0,1.0,0.05,1,0.0,0.1,0.0
322,2026-04-27T09:25:07.821Z,S20260427_102446,SC01,AUTO,3.9359,21.6287,0.0562,start,1,1700,MI-CHARGE,0.0,0.0,0.0,0.0,-0.698132,-0.0,1,0,26.06,19.848,0.0,0.0,0.0,0.0,0.1,2.0,1.0,0.05,1,0.0,0.1,0.0
323,2026-04-27T09:25:07.886Z,S20260427_102446,SC01,AUTO,4.0011,21.6939,0.0653,start,1,1700,MI-CHARGE,0.0,0.0,0.0,0.0,-0.698132,-0.0,1,0,32.819,21.391,0.0,0.0,0.0,0.0,0.1,2.0,1.0,0.05,1,0.0,0.1,0.0
324,2026-04-27T09:25:07.946Z,S20260427_102446,SC01,AUTO,4.0612,21.754,0.0601,start,1,1700,MI-CHARGE,0.0,0.0,0.0,0.0,-0.698132,-0.0,1,0,17.93,16.801,0.0,0.0,0.0,0.0,0.1,2.0,1.0,0.05,1,0.0,0.1,0.0
325,2026-04-27T09:25:08.014Z,S20260427_102446,SC01,AUTO,4.1291,21.8219,0.0679,start,1,1700,MI-CHARGE,0.0,0.0,0.0,0.0,-0.698132,-0.0,1,0,21.605,19.581,0.0,0.0,0.0,0.0,0.1,2.0,1.0,0.05,1,0.0,0.1,0.0
326,2026-04-27T09:25:08.078Z,S20260427_102446,SC01,AUTO,4.1934,21.8862,0.0643,start,1,1700,MI-CHARGE,0.0,0.0,0.0,0.0,-0.698132,-0.0,1,0,32.51,8.915,0.0,0.0,0.0,0.0,0.1,2.0,1.0,0.05,1,0.0,0.1,0.0
327,2026-04-27T09:25:08.141Z,S20260427_102446,SC01,AUTO,4.2559,21.9487,0.0626,start,1,1700,MI-CHARGE,0.0,0.0,0.0,0.0,-0.698132,-0.0,1,0,14.997,20.28,0.0,0.0,0.0,0.0,0.1,2.0,1.0,0.05,1,0.0,0.1,0.0
328,2026-04-27T09:25:08.212Z,S20260427_102446,SC01,AUTO,4.3267,22.0195,0.0708,start,1,1700,MI-CHARGE,0.0,0.0,0.0,0.0,-0.698132,-0.0,1,0,20.712,20.135,0.0,0.0,0.0,0.0,0.1,2.0,1.0,0.05,1,0.0,0.1,0.0
329,2026-04-27T09:25:08.265Z,S20260427_102446,SC01,AUTO,4.3801,22.0729,0.0533,start,1,1700,MI-CHARGE,0.0,0.0,0.0,0.0,-0.698132,-0.0,1,0,26.524,26.815,0.0,0.0,0.0,0.0,0.1,2.0,1.0,0.05,1,0.0,0.1,0.0
330,2026-04-27T09:25:08.326Z,S20260427_102446,SC01,AUTO,4.4406,22.1334,0.0606,start,1,1700,MI-CHARGE,0.0,0.0,0.0,0.0,-0.698132,-0.0,1,0,18.318,20.155,0.0,0.0,0.0,0.0,0.1,2.0,1.0,0.05,1,0.0,0.1,0.0
331,2026-04-27T09:25:08.385Z,S20260427_102446,SC01,AUTO,4.4999,22.1927,0.0593,start,1,1700,MI-CHARGE,0.0,0.0,0.0,0.0,-0.698132,-0.0,1,0,21.602,19.465,0.0,0.0,0.0,0.0,0.1,2.0,1.0,0.05,1,0.0,0.1,0.0
332,2026-04-27T09:25:08.454Z,S20260427_102446,SC01,AUTO,4.5694,22.2622,0.0694,start,1,1700,MI-CHARGE,0.0,0.0,0.0,0.0,-0.698132,-0.0,1,0,24.703,19.817,0.0,0.0,0.0,0.0,0.1,2.0,1.0,0.05,1,0.0,0.1,0.0
333,2026-04-27T09:25:08.509Z,S20260427_102446,SC01,AUTO,4.6242,22.317,0.0549,start,1,1700,MI-CHARGE,0.0,0.0,0.0,0.0,-0.698132,-0.0,1,0,28.048,19.227,0.0,0.0,0.0,0.0,0.1,2.0,1.0,0.05,1,0.0,0.1,0.0
334,2026-04-27T09:25:08.574Z,S20260427_102446,SC01,AUTO,4.6891,22.3819,0.0649,start,1,1700,MI-CHARGE,0.0,0.0,0.0,0.0,-0.698132,-0.0,1,0,11.524,20.1,0.0,0.0,0.0,0.0,0.1,2.0,1.0,0.05,1,0.0,0.1,0.0
335,2026-04-27T09:25:08.638Z,S20260427_102446,SC01,AUTO,4.7526,22.4454,0.0635,start,1,1700,MI-CHARGE,0.0,0.0,0.0,0.0,-0.698132,-0.0,1,0,13.847,19.979,0.0,0.0,0.0,0.0,0.1,2.0,1.0,0.05,1,0.0,0.1,0.0
336,2026-04-27T09:25:08.702Z,S20260427_102446,SC01,AUTO,4.8167,22.5095,0.0641,start,1,1700,MI-CHARGE,0.0,0.0,0.0,0.0,-0.698132,-0.0,1,0,15.833,19.731,0.0,0.0,0.0,0.0,0.1,2.0,1.0,0.05,1,0.0,0.1,0.0
337,2026-04-27T09:25:08.765Z,S20260427_102446,SC01,AUTO,4.8795,22.5723,0.0628,start,1,1700,MI-CHARGE,0.0,0.0,0.0,0.0,-0.698132,-0.0,1,0,19.819,17.19,0.0,0.0,0.0,0.0,0.1,2.0,1.0,0.05,1,0.0,0.1,0.0
338,2026-04-27T09:25:08.825Z,S20260427_102446,SC01,AUTO,4.9401,22.6329,0.0606,start,1,1700,MI-CHARGE,0.0,0.0,0.0,0.0,-0.698132,-0.0,1,0,25.775,18.214,0.0,0.0,0.0,0.0,0.1,2.0,1.0,0.05,1,0.0,0.1,0.0
339,2026-04-27T09:25:08.885Z,S20260427_102446,SC01,AUTO,5.0,22.6928,0.0599,start,1,1700,MI-CHARGE,0.0,0.0,0.0,0.0,-0.698132,-0.0,1,0,28.722,19.667,0.0,0.0,0.0,0.0,0.1,2.0,1.0,0.05,1,0.0,0.1,0.0
340,2026-04-27T09:25:08.952Z,S20260427_102446,SC01,AUTO,5.0673,22.7601,0.0673,accel_1,1,1700,MI-CHARGE,0.0,0.12,0.0,0.0,-0.698132,0.0,1,0,31.118,1.195,0.0,0.12,0.0,0.1,1.3,2.0,1.0,0.05,0,-0.1,1.3,0.0
341,2026-04-27T09:25:09.014Z,S20260427_102446,SC01,AUTO,5.1294,22.8222,0.0621,accel_1,1,1700,MI-CHARGE,0.0,0.12,0.0,0.003141,-0.698132,0.0,1,0,14.432,19.479,0.0,0.12,0.0,0.1,1.3,2.0,1.0,0.05,0,-0.09686,1.29686,0.0
342,2026-04-27T09:25:09.076Z,S20260427_102446,SC01,AUTO,5.1906,22.8834,0.0612,accel_1,1,1700,MI-CHARGE,0.0,0.12,0.0,0.009354,-0.698132,-0.0,1,0,17.947,19.617,0.0,0.12,0.0,0.1,1.3,2.0,1.0,0.05,0,-0.09065,1.29065,0.0
343,2026-04-27T09:25:09.138Z,S20260427_102446,SC01,AUTO,5.2532,22.946,0.0626,accel_1,1,1700,MI-CHARGE,0.0,0.12,0.0,0.017391,-0.698132,-0.0,1,0,18.962,19.907,0.0,0.12,0.0,0.1,1.3,2.0,1.0,0.05,0,-0.08261,1.28261,0.0
344,2026-04-27T09:25:09.200Z,S20260427_102446,SC01,AUTO,5.3145,23.0073,0.0613,accel_1,1,1700,MI-CHARGE,0.0,0.12,0.0,0.026551,-0.698132,-0.0,1,0,22.494,19.821,0.0,0.12,0.0,0.1,1.3,2.0,1.0,0.05,0,-0.07345,1.27345,0.0
345,2026-04-27T09:25:09.262Z,S20260427_102446,SC01,AUTO,5.3773,23.0701,0.0628,accel_1,1,1700,MI-CHARGE,0.0,0.12,0.0,0.036557,-0.698132,-0.0,1,0,26.277,18.835,0.0,0.12,0.0,0.1,1.3,2.0,1.0,0.05,0,-0.06344,1.26344,0.0
346,2026-04-27T09:25:09.325Z,S20260427_102446,SC01,AUTO,5.4395,23.1323,0.0622,accel_1,1,1700,MI-CHARGE,0.0,0.12,0.0,0.047334,-0.698132,-0.0,1,0,29.59,17.407,0.0,0.12,0.0,0.1,1.3,2.0,1.0,0.05,0,-0.05267,1.25267,0.0
347,2026-04-27T09:25:09.385Z,S20260427_102446,SC01,AUTO,5.4999,23.1927,0.0604,accel_1,1,1700,MI-CHARGE,0.0,0.12,0.0,0.058853,-0.698132,-0.0,1,0,14.575,19.217,0.0,0.12,0.0,0.1,1.3,2.0,1.0,0.05,0,-0.04115,1.24115,0.0
348,2026-04-27T09:25:09.451Z,S20260427_102446,SC01,AUTO,5.5655,23.2583,0.0656,accel_1,1,1700,MI-CHARGE,0.0,0.12,0.0,0.071064,-0.698132,-0.0,1,0,21.562,18.672,0.0,0.12,0.0,0.1,1.3,2.0,1.0,0.05,0,-0.02894,1.22894,0.0
349,2026-04-27T09:25:09.513Z,S20260427_102446,SC01,AUTO,5.6284,23.3212,0.0628,accel_1,1,1700,MI-CHARGE,0.0,0.12,0.0,0.083891,-0.698132,-0.0,1,0,26.582,18.69,0.0,0.12,0.0,0.1,1.3,2.0,1.0,0.05,0,-0.01611,1.21611,0.0
350,2026-04-27T09:25:09.575Z,S20260427_102446,SC01,AUTO,5.6898,23.3826,0.0614,accel_1,1,1700,MI-CHARGE,0.0,0.12,0.0,0.090508,-0.698132,-0.0,1,0,18.218,20.212,0.0,0.12,0.0,0.1,1.3,2.0,1.0,0.05,0,-0.00949,1.20949,0.0
351,2026-04-27T09:25:09.638Z,S20260427_102446,SC01,AUTO,5.7525,23.4453,0.0627,accel_1,1,1700,MI-CHARGE,0.0,0.12,0.0,0.104089,-0.698132,-0.0,1,0,25.753,19.419,0.0,0.12,0.0,0.1,1.3,2.0,1.0,0.05,1,0.00409,1.19591,0.0
352,2026-04-27T09:25:09.702Z,S20260427_102446,SC01,AUTO,5.8166,23.5094,0.0642,accel_1,1,1700,MI-CHARGE,0.0,0.12,0.0,0.118062,-0.698132,-0.0,1,0,9.876,20.436,0.0,0.12,0.0,0.1,1.3,2.0,1.0,0.05,1,0.01806,1.18194,0.0
353,2026-04-27T09:25:09.763Z,S20260427_102446,SC01,AUTO,5.8781,23.5709,0.0616,accel_1,1,1700,MI-CHARGE,0.0,0.12,0.0,0.132348,-0.698132,0.0,1,0,17.778,15.658,0.0,0.12,0.0,0.1,1.3,2.0,1.0,0.05,1,0.03235,1.16765,0.0
354,2026-04-27T09:25:09.822Z,S20260427_102446,SC01,AUTO,5.9364,23.6292,0.0583,accel_1,1,1700,MI-CHARGE,0.0,0.12,0.0,0.146884,-0.698132,0.0,1,0,26.814,14.185,0.0,0.12,0.0,0.1,1.3,2.0,1.0,0.05,1,0.04688,1.15312,0.0
355,2026-04-27T09:25:09.885Z,S20260427_102446,SC01,AUTO,6.0003,23.6931,0.0639,accel_1,1,1700,MI-CHARGE,0.0,0.12,0.0,0.161617,-0.698132,0.0,1,0,14.745,19.768,0.0,0.12,0.0,0.1,1.3,2.0,1.0,0.05,1,0.06162,1.13838,0.0
356,2026-04-27T09:25:09.949Z,S20260427_102446,SC01,AUTO,6.0641,23.7568,0.0638,accel_1,1,1700,MI-CHARGE,0.0,0.12,0.0,0.176505,-0.698132,0.0,1,0,19.974,19.496,0.0,0.12,0.0,0.1,1.3,2.0,1.0,0.05,1,0.07651,1.12349,0.0
357,2026-04-27T09:25:10.012Z,S20260427_102446,SC01,AUTO,6.1267,23.8195,0.0627,accel_1,1,1700,MI-CHARGE,0.0,0.12,0.0,0.191515,-0.698132,0.0,1,0,24.133,18.308,0.0,0.12,0.0,0.1,1.3,2.0,1.0,0.05,1,0.09151,1.10849,0.0
358,2026-04-27T09:25:10.073Z,S20260427_102446,SC01,AUTO,6.1882,23.881,0.0614,accel_1,1,1700,MI-CHARGE,0.0,0.12,0.0,0.201576,-0.698132,0.0,1,0,47.861,30.075,0.0,0.12,0.0,0.1,1.3,2.0,1.0,0.05,1,0.10158,1.09842,0.0
359,2026-04-27T09:25:10.138Z,S20260427_102446,SC01,AUTO,6.2524,23.9452,0.0643,accel_1,1,1700,MI-CHARGE,0.0,0.12,0.0,0.214202,-0.698132,-0.0,1,0,23.98,19.114,0.0,0.12,0.0,0.1,1.3,2.0,1.0,0.05,1,0.1142,1.0858,0.0
360,2026-04-27T09:25:10.213Z,S20260427_102446,SC01,AUTO,6.3281,24.0209,0.0757,accel_1,1,1700,MI-CHARGE,0.0,0.12,0.0,0.237039,-0.698132,0.0,1,0,24.53,18.889,0.0,0.12,0.0,0.1,1.3,2.0,1.0,0.05,1,0.13704,1.06296,0.0
361,2026-04-27T09:25:10.262Z,S20260427_102446,SC01,AUTO,6.3771,24.0699,0.0489,accel_1,1,1700,MI-CHARGE,0.0,0.12,0.0,0.244676,-0.698132,0.0,1,0,27.22,29.167,0.0,0.12,0.0,0.1,1.3,2.0,1.0,0.05,1,0.14468,1.05532,0.0
362,2026-04-27T09:25:10.324Z,S20260427_102446,SC01,AUTO,6.4391,24.1319,0.0621,accel_1,1,1700,MI-CHARGE,0.0,0.12,0.0,0.25998,-0.698132,0.0,1,0,24.351,13.489,0.0,0.12,0.0,0.1,1.3,2.0,1.0,0.05,1,0.15998,1.04002,0.0
363,2026-04-27T09:25:10.385Z,S20260427_102446,SC01,AUTO,6.4996,24.1924,0.0605,accel_1,1,1700,MI-CHARGE,0.0,0.12,0.0,0.275316,-0.698132,-0.0,1,0,28.82,19.411,0.0,0.12,0.0,0.1,1.3,2.0,1.0,0.05,1,0.17532,1.02468,0.0
364,2026-04-27T09:25:10.449Z,S20260427_102446,SC01,AUTO,6.5635,24.2563,0.0639,accel_1,1,1700,MI-CHARGE,0.0,0.12,0.0,0.290676,-0.698132,0.0,1,0,14.866,19.089,0.0,0.12,0.0,0.1,1.3,2.0,1.0,0.05,1,0.19068,1.00932,0.0
365,2026-04-27T09:25:10.510Z,S20260427_102446,SC01,AUTO,6.6253,24.3181,0.0618,accel_1,1,1700,MI-CHARGE,0.0,0.12,0.0,0.306056,-0.698132,-0.0,1,0,21.844,19.077,0.0,0.12,0.0,0.1,1.3,2.0,1.0,0.05,1,0.20606,0.99394,0.0
366,2026-04-27T09:25:10.573Z,S20260427_102446,SC01,AUTO,6.6881,24.3809,0.0628,accel_1,1,1700,MI-CHARGE,0.0,0.12,0.0,0.321451,-0.698132,0.0,1,0,27.422,20.256,0.0,0.12,0.0,0.1,1.3,2.0,1.0,0.05,1,0.22145,0.97855,0.0
367,2026-04-27T09:25:10.637Z,S20260427_102446,SC01,AUTO,6.7524,24.4452,0.0642,accel_1,1,1700,MI-CHARGE,0.0,0.12,0.0,0.329153,-0.698132,-0.0,1,0,22.958,19.115,0.0,0.12,0.0,0.1,1.3,2.0,1.0,0.05,1,0.22915,0.97085,0.0
368,2026-04-27T09:25:10.698Z,S20260427_102446,SC01,AUTO,6.8129,24.5057,0.0606,accel_1,1,1700,MI-CHARGE,0.0,0.12,0.0,0.344564,-0.698132,0.0,1,0,29.896,20.447,0.0,0.12,0.0,0.1,1.3,2.0,1.0,0.05,1,0.24456,0.95544,0.0
369,2026-04-27T09:25:10.760Z,S20260427_102446,SC01,AUTO,6.8754,24.5682,0.0625,accel_1,1,1700,MI-CHARGE,0.0,0.12,0.0,0.359984,-0.698132,-0.0,1,0,14.995,19.372,0.0,0.12,0.0,0.1,1.3,2.0,1.0,0.05,1,0.25998,0.94002,0.0
370,2026-04-27T09:25:10.823Z,S20260427_102446,SC01,AUTO,6.9375,24.6303,0.0621,accel_1,1,1700,MI-CHARGE,0.0,0.12,0.0,0.37541,-0.698132,0.0,1,0,36.214,28.843,0.0,0.12,0.0,0.1,1.3,2.0,1.0,0.05,1,0.27541,0.92459,0.0
371,2026-04-27T09:25:10.885Z,S20260427_102446,SC01,AUTO,6.9999,24.6927,0.0625,accel_1,1,1700,MI-CHARGE,0.0,0.12,0.0,0.39084,-0.698132,0.0,1,0,13.663,18.854,0.0,0.12,0.0,0.1,1.3,2.0,1.0,0.05,1,0.29084,0.90916,0.0
372,2026-04-27T09:25:10.948Z,S20260427_102446,SC01,AUTO,7.0625,24.7553,0.0625,accel_1,1,1700,MI-CHARGE,0.0,0.12,0.0,0.401129,-0.698132,-0.0,1,0,40.696,14.604,0.0,0.12,0.0,0.1,1.3,2.0,1.0,0.05,1,0.30113,0.89887,0.0
373,2026-04-27T09:25:11.010Z,S20260427_102446,SC01,AUTO,7.1246,24.8174,0.0621,accel_1,1,1700,MI-CHARGE,0.0,0.12,0.0,0.413992,-0.698132,-0.0,1,0,14.629,19.349,0.0,0.12,0.0,0.1,1.3,2.0,1.0,0.05,1,0.31399,0.88601,0.0
374,2026-04-27T09:25:11.071Z,S20260427_102446,SC01,AUTO,7.1863,24.8791,0.0617,accel_1,1,1700,MI-CHARGE,0.0,0.12,0.0,0.42943,-0.698132,-0.0,1,0,22.615,18.467,0.0,0.12,0.0,0.1,1.3,2.0,1.0,0.05,1,0.32943,0.87057,0.0
375,2026-04-27T09:25:11.133Z,S20260427_102446,SC01,AUTO,7.2482,24.941,0.0619,accel_1,1,1700,MI-CHARGE,0.0,0.12,0.0,0.44487,-0.698132,0.0,1,0,28.804,19.685,0.0,0.12,0.0,0.1,1.3,2.0,1.0,0.05,1,0.34487,0.85513,0.0
376,2026-04-27T09:25:11.202Z,S20260427_102446,SC01,AUTO,7.3169,25.0097,0.0687,accel_1,1,1700,MI-CHARGE,0.0,0.12,0.0,0.460311,-0.698132,0.0,1,0,13.98,19.137,0.0,0.12,0.0,0.1,1.3,2.0,1.0,0.05,1,0.36031,0.83969,0.0
377,2026-04-27T09:25:11.260Z,S20260427_102446,SC01,AUTO,7.3748,25.0676,0.0579,accel_1,1,1700,MI-CHARGE,0.0,0.12,0.0,0.475753,-0.698132,-0.0,1,0,20.479,16.006,0.0,0.12,0.0,0.1,1.3,2.0,1.0,0.05,1,0.37575,0.82425,0.0
378,2026-04-27T09:25:11.323Z,S20260427_102446,SC01,AUTO,7.4378,25.1306,0.0629,accel_1,1,1700,MI-CHARGE,0.0,0.12,0.0,0.491195,-0.698132,-0.0,1,0,25.344,18.162,0.0,0.12,0.0,0.1,1.3,2.0,1.0,0.05,1,0.3912,0.8088,0.0
379,2026-04-27T09:25:11.385Z,S20260427_102446,SC01,AUTO,7.5003,25.1931,0.0625,accel_1,1,1700,MI-CHARGE,0.0,0.12,0.0,0.506638,-0.698132,-0.0,1,0,31.93,15.647,0.0,0.12,0.0,0.1,1.3,2.0,1.0,0.05,1,0.40664,0.79336,0.0
380,2026-04-27T09:25:11.450Z,S20260427_102446,SC01,AUTO,7.5646,25.2574,0.0642,accel_1,1,1700,MI-CHARGE,0.0,0.12,0.0,0.522081,-0.698132,-0.0,1,0,20.913,20.336,0.0,0.12,0.0,0.1,1.3,2.0,1.0,0.05,1,0.42208,0.77792,0.0
381,2026-04-27T09:25:11.513Z,S20260427_102446,SC01,AUTO,7.6275,25.3203,0.063,accel_1,1,1700,MI-CHARGE,0.0,0.12,0.0,0.532376,-0.698132,0.0,1,0,46.305,29.684,0.0,0.12,0.0,0.1,1.3,2.0,1.0,0.05,1,0.43238,0.76762,0.0
382,2026-04-27T09:25:11.576Z,S20260427_102446,SC01,AUTO,7.691,25.3838,0.0635,accel_1,1,1700,MI-CHARGE,0.0,0.12,0.0,0.545245,-0.698132,-0.0,1,0,21.706,19.395,0.0,0.12,0.0,0.1,1.3,2.0,1.0,0.05,1,0.44525,0.75475,0.0
383,2026-04-27T09:25:11.640Z,S20260427_102446,SC01,AUTO,7.7547,25.4475,0.0637,accel_1,1,1700,MI-CHARGE,0.0,0.12,0.0,0.560688,-0.698132,0.0,1,0,27.915,20.173,0.0,0.12,0.0,0.1,1.3,2.0,1.0,0.05,1,0.46069,0.73931,0.0
384,2026-04-27T09:25:11.703Z,S20260427_102446,SC01,AUTO,7.818,25.5108,0.0634,accel_1,1,1700,MI-CHARGE,0.0,0.12,0.0,0.57613,-0.698132,-0.0,1,0,14.528,17.798,0.0,0.12,0.0,0.1,1.3,2.0,1.0,0.05,1,0.47613,0.72387,0.0
385,2026-04-27T09:25:11.765Z,S20260427_102446,SC01,AUTO,7.8798,25.5726,0.0619,accel_1,1,1700,MI-CHARGE,0.0,0.12,0.0,0.591572,-0.698132,0.0,1,0,22.326,15.001,0.0,0.12,0.0,0.1,1.3,2.0,1.0,0.05,1,0.49157,0.70843,0.0
386,2026-04-27T09:25:11.822Z,S20260427_102446,SC01,AUTO,7.9371,25.6299,0.0573,accel_1,1,1700,MI-CHARGE,0.0,0.12,0.0,0.607014,-0.698132,-0.0,1,0,30.927,18.604,0.0,0.12,0.0,0.1,1.3,2.0,1.0,0.05,1,0.50701,0.69299,0.0
387,2026-04-27T09:25:11.886Z,S20260427_102446,SC01,AUTO,8.0007,25.6935,0.0636,accel_1,1,1700,MI-CHARGE,0.0,0.12,0.0,0.622455,-0.698132,-0.0,1,0,18.417,18.832,0.0,0.12,0.0,0.1,1.3,2.0,1.0,0.05,1,0.52246,0.67754,0.0
388,2026-04-27T09:25:11.950Z,S20260427_102446,SC01,AUTO,8.0645,25.7573,0.0639,accel_1,1,1700,MI-CHARGE,0.0,0.12,0.0,0.637896,-0.698132,0.0,1,0,24.413,18.814,0.0,0.12,0.0,0.1,1.3,2.0,1.0,0.05,1,0.5379,0.6621,0.0
389,2026-04-27T09:25:12.014Z,S20260427_102446,SC01,AUTO,8.1291,25.8219,0.0646,accel_1,1,1700,MI-CHARGE,0.0,0.12,0.0,0.645616,-0.698132,-0.0,1,0,16.405,20.143,0.0,0.12,0.0,0.1,1.3,2.0,1.0,0.05,1,0.54562,0.65438,0.0
390,2026-04-27T09:25:12.077Z,S20260427_102446,SC01,AUTO,8.1916,25.8844,0.0624,accel_1,1,1700,MI-CHARGE,0.0,0.12,0.0,0.661057,-0.698132,0.0,1,0,27.063,19.295,0.0,0.12,0.0,0.1,1.3,2.0,1.0,0.05,1,0.56106,0.63894,0.0
391,2026-04-27T09:25:12.140Z,S20260427_102446,SC01,AUTO,8.2546,25.9474,0.0631,accel_1,1,1700,MI-CHARGE,0.0,0.12,0.0,0.676496,-0.698132,-0.0,1,0,29.888,19.637,0.0,0.12,0.0,0.1,1.3,2.0,1.0,0.05,1,0.5765,0.6235,0.0
392,2026-04-27T09:25:12.212Z,S20260427_102446,SC01,AUTO,8.3267,26.0195,0.0721,accel_1,1,1700,MI-CHARGE,0.0,0.12,0.0,0.699655,-0.698132,0.0,1,0,22.178,19.715,0.0,0.12,0.0,0.1,1.3,2.0,1.0,0.05,1,0.59965,0.60035,0.0
393,2026-04-27T09:25:12.264Z,S20260427_102446,SC01,AUTO,8.3792,26.072,0.0525,accel_1,1,1700,MI-CHARGE,0.0,0.12,0.0,0.707374,-0.698132,-0.0,1,0,27.412,27.362,0.0,0.12,0.0,0.1,1.3,2.0,1.0,0.05,1,0.60737,0.59263,0.0
394,2026-04-27T09:25:12.325Z,S20260427_102446,SC01,AUTO,8.4402,26.133,0.0609,accel_1,1,1700,MI-CHARGE,0.0,0.12,0.0,0.722812,-0.698132,-0.0,1,0,18.892,19.631,0.0,0.12,0.0,0.1,1.3,2.0,1.0,0.05,1,0.62281,0.57719,0.0
395,2026-04-27T09:25:12.385Z,S20260427_102446,SC01,AUTO,8.5003,26.1931,0.0602,accel_1,1,1700,MI-CHARGE,0.0,0.12,0.0,0.738249,-0.698132,-0.0,1,0,24.084,19.852,0.0,0.12,0.0,0.1,1.3,2.0,1.0,0.05,1,0.63825,0.56175,0.0
396,2026-04-27T09:25:12.446Z,S20260427_102446,SC01,AUTO,8.5608,26.2536,0.0605,accel_1,1,1700,MI-CHARGE,0.0,0.12,0.0,0.753686,-0.698132,0.0,1,0,27.924,19.909,0.0,0.12,0.0,0.1,1.3,2.0,1.0,0.05,1,0.65369,0.54631,0.0
397,2026-04-27T09:25:12.510Z,S20260427_102446,SC01,AUTO,8.6246,26.3174,0.0638,accel_1,1,1700,MI-CHARGE,0.0,0.12,0.0,0.769122,-0.698132,0.0,1,0,10.74,20.125,0.0,0.12,0.0,0.1,1.3,2.0,1.0,0.05,1,0.66912,0.53088,0.0
398,2026-04-27T09:25:12.573Z,S20260427_102446,SC01,AUTO,8.6882,26.381,0.0637,accel_1,1,1700,MI-CHARGE,0.0,0.12,0.0,0.784558,-0.698132,-0.0,1,0,13.345,19.72,0.0,0.12,0.0,0.1,1.3,2.0,1.0,0.05,1,0.68456,0.51544,0.0
399,2026-04-27T09:25:12.637Z,S20260427_102446,SC01,AUTO,8.7523,26.4451,0.0641,accel_1,1,1700,MI-CHARGE,0.0,0.12,0.0,0.799993,-0.698132,0.0,1,0,18.825,19.657,0.0,0.12,0.0,0.1,1.3,2.0,1.0,0.05,1,0.69999,0.50001,0.0
400,2026-04-27T09:25:12.702Z,S20260427_102446,SC01,AUTO,8.8164,26.5092,0.0641,accel_1,1,1700,MI-CHARGE,0.0,0.12,0.0,0.815427,-0.698132,0.0,1,0,21.884,19.847,0.0,0.12,0.0,0.1,1.3,2.0,1.0,0.05,1,0.71543,0.48457,0.0
401,2026-04-27T09:25:12.765Z,S20260427_102446,SC01,AUTO,8.8796,26.5724,0.0632,accel_1,1,1700,MI-CHARGE,0.0,0.12,0.0,0.830861,-0.698132,0.0,1,0,25.821,15.529,0.0,0.12,0.0,0.1,1.3,2.0,1.0,0.05,1,0.73086,0.46914,0.0
402,2026-04-27T09:25:12.825Z,S20260427_102446,SC01,AUTO,8.9399,26.6327,0.0603,accel_1,1,1700,MI-CHARGE,0.0,0.12,0.0,0.846294,-0.698132,0.0,1,0,28.487,18.493,0.0,0.12,0.0,0.1,1.3,2.0,1.0,0.05,1,0.74629,0.45371,0.0
403,2026-04-27T09:25:12.885Z,S20260427_102446,SC01,AUTO,9.0002,26.693,0.0603,accel_1,1,1700,MI-CHARGE,0.0,0.12,0.0,0.861726,-0.698132,0.0,1,0,10.304,19.023,0.0,0.12,0.0,0.1,1.3,2.0,1.0,0.05,1,0.76173,0.43827,0.0
404,2026-04-27T09:25:12.953Z,S20260427_102446,SC01,AUTO,9.0676,26.7603,0.0673,accel_1,1,1700,MI-CHARGE,0.0,0.12,0.0,0.877158,-0.698132,-0.0,1,0,11.867,19.935,0.0,0.12,0.0,0.1,1.3,2.0,1.0,0.05,1,0.77716,0.42284,0.0
405,2026-04-27T09:25:13.014Z,S20260427_102446,SC01,AUTO,9.1285,26.8213,0.0609,accel_1,1,1700,MI-CHARGE,0.0,0.12,0.0,0.892589,-0.698132,-0.0,1,0,12.792,19.43,0.0,0.12,0.0,0.1,1.3,2.0,1.0,0.05,1,0.79259,0.40741,0.0
406,2026-04-27T09:25:13.076Z,S20260427_102446,SC01,AUTO,9.191,26.8838,0.0625,accel_1,1,1700,MI-CHARGE,0.0,0.12,0.0,0.90802,-0.698132,-0.0,1,0,19.802,19.126,0.0,0.12,0.0,0.1,1.3,2.0,1.0,0.05,1,0.80802,0.39198,0.0
407,2026-04-27T09:25:13.134Z,S20260427_102446,SC01,AUTO,9.2488,26.9416,0.0579,accel_1,1,1700,MI-CHARGE,0.0,0.12,0.0,0.92345,-0.698132,-0.0,1,0,21.526,20.542,0.0,0.12,0.0,0.1,1.3,2.0,1.0,0.05,1,0.82345,0.37655,0.0
408,2026-04-27T09:25:13.198Z,S20260427_102446,SC01,AUTO,9.3133,27.0061,0.0645,accel_1,1,1700,MI-CHARGE,0.0,0.12,0.0,0.938879,-0.698132,0.0,1,0,28.379,20.042,0.0,0.12,0.0,0.1,1.3,2.0,1.0,0.05,1,0.83888,0.36112,0.0
409,2026-04-27T09:25:13.262Z,S20260427_102446,SC01,AUTO,9.3767,27.0695,0.0634,accel_1,1,1700,MI-CHARGE,0.0,0.12,0.0,0.954307,-0.698132,0.0,1,0,12.787,19.403,0.0,0.12,0.0,0.1,1.3,2.0,1.0,0.05,1,0.85431,0.34569,0.0
410,2026-04-27T09:25:13.325Z,S20260427_102446,SC01,AUTO,9.4398,27.1326,0.0631,accel_1,1,1700,MI-CHARGE,0.0,0.12,0.0,0.969735,-0.698132,-0.0,1,0,19.447,19.231,0.0,0.12,0.0,0.1,1.3,2.0,1.0,0.05,1,0.86974,0.33026,0.0
411,2026-04-27T09:25:13.385Z,S20260427_102446,SC01,AUTO,9.5003,27.1931,0.0605,accel_1,1,1700,MI-CHARGE,0.0,0.12,0.0,0.977449,-0.698132,0.0,1,0,12.42,20.324,0.0,0.12,0.0,0.1,1.3,2.0,1.0,0.05,1,0.87745,0.32255,0.0
412,2026-04-27T09:25:13.451Z,S20260427_102446,SC01,AUTO,9.5658,27.2586,0.0655,accel_1,1,1700,MI-CHARGE,0.0,0.12,0.0,0.992875,-0.698132,0.0,1,0,19.196,19.31,0.0,0.12,0.0,0.1,1.3,2.0,1.0,0.05,1,0.89288,0.30712,0.0
413,2026-04-27T09:25:13.513Z,S20260427_102446,SC01,AUTO,9.6282,27.321,0.0624,accel_1,1,1700,MI-CHARGE,0.0,0.12,0.0,1.008301,-0.698132,0.0,1,0,28.627,19.275,0.0,0.12,0.0,0.1,1.3,2.0,1.0,0.05,1,0.9083,0.2917,0.0
414,2026-04-27T09:25:13.575Z,S20260427_102446,SC01,AUTO,9.6897,27.3825,0.0615,accel_1,1,1700,MI-CHARGE,0.0,0.12,0.0,1.023727,-0.698132,-0.0,1,0,16.864,19.864,0.0,0.12,0.0,0.1,1.3,2.0,1.0,0.05,1,0.92373,0.27627,0.0
415,2026-04-27T09:25:13.637Z,S20260427_102446,SC01,AUTO,9.752,27.4448,0.0623,accel_1,1,1700,MI-CHARGE,0.0,0.12,0.0,1.039151,-0.698132,-0.0,1,0,21.186,20.101,0.0,0.12,0.0,0.1,1.3,2.0,1.0,0.05,1,0.93915,0.26085,0.0
416,2026-04-27T09:25:13.699Z,S20260427_102446,SC01,AUTO,9.8144,27.5072,0.0624,accel_1,1,1700,MI-CHARGE,0.0,0.12,0.0,1.054575,-0.698132,-0.0,1,0,26.825,19.56,0.0,0.12,0.0,0.1,1.3,2.0,1.0,0.05,1,0.95458,0.24542,0.0
417,2026-04-27T09:25:13.763Z,S20260427_102446,SC01,AUTO,9.8781,27.5709,0.0637,accel_1,1,1700,MI-CHARGE,0.0,0.12,0.0,1.069998,-0.698132,0.0,1,0,13.367,20.213,0.0,0.12,0.0,0.1,1.3,2.0,1.0,0.05,1,0.97,0.23,0.0
418,2026-04-27T09:25:13.822Z,S20260427_102446,SC01,AUTO,9.9373,27.6301,0.0591,accel_1,1,1700,MI-CHARGE,0.0,0.12,0.0,1.077709,-0.698132,-0.0,1,0,22.563,23.336,0.0,0.12,0.0,0.1,1.3,2.0,1.0,0.05,1,0.97771,0.22229,0.0
419,2026-04-27T09:25:13.886Z,S20260427_102446,SC01,AUTO,10.0008,27.6936,0.0634,accel_2,1,1700,MI-CHARGE,0.0,0.2,0.0,1.093131,-0.698132,-0.0,1,0,28.368,24.577,0.0,0.2,0.0,1.1,3.3,2.0,1.0,0.05,0,-0.00687,2.20687,0.0
420,2026-04-27T09:25:13.949Z,S20260427_102446,SC01,AUTO,10.064,27.7568,0.0633,accel_2,1,1700,MI-CHARGE,0.0,0.2,0.0,1.108988,-0.698132,-0.0,1,0,19.668,17.962,0.0,0.2,0.0,1.1,3.3,2.0,1.0,0.05,1,0.00899,2.19101,0.0
421,2026-04-27T09:25:14.014Z,S20260427_102446,SC01,AUTO,10.1293,27.8221,0.0653,accel_2,1,1700,MI-CHARGE,0.0,0.2,0.0,1.127612,-0.698132,0.0,1,0,7.767,19.409,0.0,0.2,0.0,1.1,3.3,2.0,1.0,0.05,1,0.02761,2.17239,0.0
422,2026-04-27T09:25:14.078Z,S20260427_102446,SC01,AUTO,10.1927,27.8855,0.0633,accel_2,1,1700,MI-CHARGE,0.0,0.2,0.0,1.14878,-0.698132,-0.0,1,0,15.417,20.509,0.0,0.2,0.0,1.1,3.3,2.0,1.0,0.05,1,0.04878,2.15122,0.0
423,2026-04-27T09:25:14.142Z,S20260427_102446,SC01,AUTO,10.2565,27.9493,0.0639,accel_2,1,1700,MI-CHARGE,0.0,0.2,0.0,1.171943,-0.698132,0.0,1,0,21.983,19.956,0.0,0.2,0.0,1.1,3.3,2.0,1.0,0.05,1,0.07194,2.12806,0.0
424,2026-04-27T09:25:14.206Z,S20260427_102446,SC01,AUTO,10.321,28.0138,0.0645,accel_2,1,1700,MI-CHARGE,0.0,0.2,0.0,1.196671,-0.698132,-0.0,1,0,28.37,17.055,0.0,0.2,0.0,1.1,3.3,2.0,1.0,0.05,1,0.09667,2.10333,0.0
425,2026-04-27T09:25:14.265Z,S20260427_102446,SC01,AUTO,10.38,28.0728,0.059,accel_2,1,1700,MI-CHARGE,0.0,0.2,0.0,1.222627,-0.698132,0.0,1,0,13.892,20.51,0.0,0.2,0.0,1.1,3.3,2.0,1.0,0.05,1,0.12263,2.07737,0.0
426,2026-04-27T09:25:14.325Z,S20260427_102446,SC01,AUTO,10.4399,28.1327,0.0599,accel_2,1,1700,MI-CHARGE,0.0,0.2,0.0,1.23598,-0.698132,-0.0,1,0,27.385,18.638,0.0,0.2,0.0,1.1,3.3,2.0,1.0,0.05,1,0.13598,2.06402,0.0
427,2026-04-27T09:25:14.386Z,S20260427_102446,SC01,AUTO,10.5008,28.1936,0.0609,accel_2,1,1700,MI-CHARGE,0.0,0.2,0.0,1.263298,-0.698132,-0.0,1,0,18.056,19.487,0.0,0.2,0.0,1.1,3.3,2.0,1.0,0.05,1,0.1633,2.0367,0.0
428,2026-04-27T09:25:14.447Z,S20260427_102446,SC01,AUTO,10.5615,28.2543,0.0608,accel_2,1,1700,MI-CHARGE,0.0,0.2,0.0,1.291285,-0.698132,-0.0,1,0,26.556,19.46,0.0,0.2,0.0,1.1,3.3,2.0,1.0,0.05,1,0.19128,2.00872,0.0
429,2026-04-27T09:25:14.509Z,S20260427_102446,SC01,AUTO,10.6242,28.317,0.0627,accel_2,1,1700,MI-CHARGE,0.0,0.2,0.0,1.319795,-0.698132,0.0,1,0,13.091,19.171,0.0,0.2,0.0,1.1,3.3,2.0,1.0,0.05,1,0.2198,1.9802,0.0
430,2026-04-27T09:25:14.574Z,S20260427_102446,SC01,AUTO,10.6891,28.3819,0.0649,accel_2,1,1700,MI-CHARGE,0.0,0.2,0.0,1.348716,-0.698132,-0.0,1,0,20.2,18.515,0.0,0.2,0.0,1.1,3.3,2.0,1.0,0.05,1,0.24872,1.95128,0.0
431,2026-04-27T09:25:14.638Z,S20260427_102446,SC01,AUTO,10.7525,28.4453,0.0634,accel_2,1,1700,MI-CHARGE,0.0,0.2,0.0,1.377958,-0.698132,-0.0,1,0,23.561,20.626,0.0,0.2,0.0,1.1,3.3,2.0,1.0,0.05,1,0.27796,1.92204,0.0
432,2026-04-27T09:25:14.701Z,S20260427_102446,SC01,AUTO,10.8162,28.509,0.0637,accel_2,1,1700,MI-CHARGE,0.0,0.2,0.0,1.407452,-0.698132,-0.0,1,0,30.811,19.878,0.0,0.2,0.0,1.1,3.3,2.0,1.0,0.05,1,0.30745,1.89255,0.0
433,2026-04-27T09:25:14.765Z,S20260427_102446,SC01,AUTO,10.8801,28.5729,0.0639,accel_2,1,1700,MI-CHARGE,0.0,0.2,0.0,1.437143,-0.698132,0.0,1,0,15.885,19.305,0.0,0.2,0.0,1.1,3.3,2.0,1.0,0.05,1,0.33714,1.86286,0.0
434,2026-04-27T09:25:14.826Z,S20260427_102446,SC01,AUTO,10.9406,28.6334,0.0605,accel_2,1,1700,MI-CHARGE,0.0,0.2,0.0,1.452049,-0.698132,-0.0,1,0,30.344,18.936,0.0,0.2,0.0,1.1,3.3,2.0,1.0,0.05,1,0.35205,1.84795,0.0
435,2026-04-27T09:25:14.884Z,S20260427_102446,SC01,AUTO,10.9993,28.6921,0.0586,accel_2,1,1700,MI-CHARGE,0.0,0.2,0.0,1.481958,-0.698132,-0.0,1,0,16.495,19.007,0.0,0.2,0.0,1.1,3.3,2.0,1.0,0.05,1,0.38196,1.81804,0.0
436,2026-04-27T09:25:14.954Z,S20260427_102446,SC01,AUTO,11.0688,28.7616,0.0695,accel_2,1,1700,MI-CHARGE,0.0,0.2,0.0,1.511974,-0.698132,-0.0,1,0,23.377,18.971,0.0,0.2,0.0,1.1,3.3,2.0,1.0,0.05,1,0.41197,1.78803,0.0
437,2026-04-27T09:25:15.017Z,S20260427_102446,SC01,AUTO,11.1316,28.8244,0.0628,accel_2,1,1700,MI-CHARGE,0.0,0.2,0.0,1.542073,-0.698132,0.0,1,0,31.06,20.379,0.0,0.2,0.0,1.1,3.3,2.0,1.0,0.05,1,0.44207,1.75793,0.0
438,2026-04-27T09:25:15.079Z,S20260427_102446,SC01,AUTO,11.1943,28.8871,0.0626,accel_2,1,1700,MI-CHARGE,0.0,0.2,0.0,1.572237,-0.698132,-0.0,1,0,17.418,20.207,0.0,0.2,0.0,1.1,3.3,2.0,1.0,0.05,1,0.47224,1.72776,0.0
439,2026-04-27T09:25:15.134Z,S20260427_102446,SC01,AUTO,11.2494,28.9422,0.0551,accel_2,1,1700,MI-CHARGE,0.0,0.2,0.0,1.602452,-0.698132,-0.0,1,0,20.799,18.748,0.0,0.2,0.0,1.1,3.3,2.0,1.0,0.05,1,0.50245,1.69755,0.0
440,2026-04-27T09:25:15.201Z,S20260427_102446,SC01,AUTO,11.3157,29.0085,0.0663,accel_2,1,1700,MI-CHARGE,0.0,0.2,0.0,1.632705,-0.698132,-0.0,1,0,28.742,18.556,0.0,0.2,0.0,1.1,3.3,2.0,1.0,0.05,1,0.53271,1.66729,0.0
441,2026-04-27T09:25:15.262Z,S20260427_102446,SC01,AUTO,11.3771,29.0699,0.0615,accel_2,1,1700,MI-CHARGE,0.0,0.2,0.0,1.662989,-0.698132,-0.0,1,0,12.643,20.621,0.0,0.2,0.0,1.1,3.3,2.0,1.0,0.05,1,0.56299,1.63701,0.0
442,2026-04-27T09:25:15.325Z,S20260427_102446,SC01,AUTO,11.4399,29.1327,0.0628,accel_2,1,1700,MI-CHARGE,0.0,0.2,0.0,1.693296,-0.698132,0.0,1,0,19.402,19.483,0.0,0.2,0.0,1.1,3.3,2.0,1.0,0.05,1,0.5933,1.6067,0.0
443,2026-04-27T09:25:15.385Z,S20260427_102446,SC01,AUTO,11.5004,29.1932,0.0605,accel_2,1,1700,MI-CHARGE,0.0,0.2,0.0,1.708457,-0.698132,-0.0,1,0,34.359,19.58,0.0,0.2,0.0,1.1,3.3,2.0,1.0,0.05,1,0.60846,1.59154,0.0
444,2026-04-27T09:25:15.446Z,S20260427_102446,SC01,AUTO,11.5612,29.254,0.0607,accel_2,1,1700,MI-CHARGE,0.0,0.2,0.0,1.738789,-0.698132,0.0,1,0,21.245,19.737,0.0,0.2,0.0,1.1,3.3,2.0,1.0,0.05,1,0.63879,1.56121,0.0
445,2026-04-27T09:25:15.518Z,S20260427_102446,SC01,AUTO,11.6329,29.3257,0.0717,accel_2,1,1700,MI-CHARGE,0.0,0.2,0.0,1.769133,-0.698132,-0.0,1,0,30.741,18.241,0.0,0.2,0.0,1.1,3.3,2.0,1.0,0.05,1,0.66913,1.53087,0.0
446,2026-04-27T09:25:15.581Z,S20260427_102446,SC01,AUTO,11.6959,29.3887,0.0631,accel_2,1,1700,MI-CHARGE,0.0,0.2,0.0,1.799485,-0.698132,-0.0,1,0,18.026,19.492,0.0,0.2,0.0,1.1,3.3,2.0,1.0,0.05,1,0.69949,1.50051,0.0
447,2026-04-27T09:25:15.643Z,S20260427_102446,SC01,AUTO,11.7577,29.4505,0.0618,accel_2,1,1700,MI-CHARGE,0.0,0.2,0.0,1.829844,-0.698132,-0.0,1,0,23.107,16.826,0.0,0.2,0.0,1.1,3.3,2.0,1.0,0.05,1,0.72984,1.47016,0.0
448,2026-04-27T09:25:15.705Z,S20260427_102446,SC01,AUTO,11.8199,29.5127,0.0623,accel_2,1,1700,MI-CHARGE,0.0,0.2,0.0,1.860208,-0.698132,-0.0,1,0,27.973,15.771,0.0,0.2,0.0,1.1,3.3,2.0,1.0,0.05,1,0.76021,1.43979,0.0
449,2026-04-27T09:25:15.765Z,S20260427_102446,SC01,AUTO,11.8798,29.5726,0.0599,accel_2,1,1700,MI-CHARGE,0.0,0.2,0.0,1.890574,-0.698132,0.0,1,0,13.594,20.347,0.0,0.2,0.0,1.1,3.3,2.0,1.0,0.05,1,0.79057,1.40943,0.0
450,2026-04-27T09:25:15.823Z,S20260427_102446,SC01,AUTO,11.9376,29.6304,0.0577,accel_2,1,1700,MI-CHARGE,0.0,0.2,0.0,1.905759,-0.698132,0.0,1,0,30.926,18.674,0.0,0.2,0.0,1.1,3.3,2.0,1.0,0.05,1,0.80576,1.39424,0.0
451,2026-04-27T09:25:15.884Z,S20260427_102446,SC01,AUTO,11.9991,29.6919,0.0615,accel_2,1,1700,MI-CHARGE,0.0,0.2,0.0,1.936128,-0.698132,-0.0,1,0,17.454,14.712,0.0,0.2,0.0,1.1,3.3,2.0,1.0,0.05,1,0.83613,1.36387,0.0
452,2026-04-27T09:25:15.950Z,S20260427_102446,SC01,AUTO,12.065,29.7578,0.0659,accel_2,1,1700,MI-CHARGE,0.0,0.2,0.0,1.966498,-0.698132,-0.0,1,0,24.472,13.504,0.0,0.2,0.0,1.1,3.3,2.0,1.0,0.05,1,0.8665,1.3335,0.0
453,2026-04-27T09:25:16.014Z,S20260427_102446,SC01,AUTO,12.129,29.8218,0.0641,accel_2,1,1700,MI-CHARGE,0.0,0.2,0.0,1.996867,-0.698132,-0.0,1,0,32.001,19.471,0.0,0.2,0.0,1.1,3.3,2.0,1.0,0.05,1,0.89687,1.30313,0.0
454,2026-04-27T09:25:16.077Z,S20260427_102446,SC01,AUTO,12.1923,29.8851,0.0633,accel_2,1,1700,MI-CHARGE,0.0,0.2,0.0,2.027237,-0.698132,0.0,1,0,15.335,20.113,0.0,0.2,0.0,1.1,3.3,2.0,1.0,0.05,1,0.92724,1.27276,0.0
455,2026-04-27T09:25:16.142Z,S20260427_102446,SC01,AUTO,12.2565,29.9493,0.0643,accel_2,1,1700,MI-CHARGE,0.0,0.2,0.0,2.057605,-0.698132,-0.0,1,0,22.014,20.484,0.0,0.2,0.0,1.1,3.3,2.0,1.0,0.05,1,0.95761,1.24239,0.0
456,2026-04-27T09:25:16.206Z,S20260427_102446,SC01,AUTO,12.3209,30.0137,0.0643,accel_2,1,1700,MI-CHARGE,0.0,0.2,0.0,2.087972,-0.698132,-0.0,1,0,29.715,18.092,0.0,0.2,0.0,1.1,3.3,2.0,1.0,0.05,1,0.98797,1.21203,0.0
457,2026-04-27T09:25:16.266Z,S20260427_102446,SC01,AUTO,12.3807,30.0735,0.0598,accel_2,1,1700,MI-CHARGE,0.0,0.2,0.0,2.118338,-0.698132,-0.0,1,0,17.09,20.118,0.0,0.2,0.0,1.1,3.3,2.0,1.0,0.05,1,1.01834,1.18166,0.0
458,2026-04-27T09:25:16.326Z,S20260427_102446,SC01,AUTO,12.4407,30.1335,0.06,accel_2,1,1700,MI-CHARGE,0.0,0.2,0.0,2.13352,-0.698132,0.0,1,0,31.592,20.116,0.0,0.2,0.0,1.1,3.3,2.0,1.0,0.05,1,1.03352,1.16648,0.0
459,2026-04-27T09:25:16.386Z,S20260427_102446,SC01,AUTO,12.5011,30.1939,0.0603,accel_2,1,1700,MI-CHARGE,0.0,0.2,0.0,2.163884,-0.698132,0.0,1,0,16.485,20.286,0.0,0.2,0.0,1.1,3.3,2.0,1.0,0.05,1,1.06388,1.13612,0.0
460,2026-04-27T09:25:16.446Z,S20260427_102446,SC01,AUTO,12.561,30.2538,0.0601,accel_2,1,1700,MI-CHARGE,0.0,0.2,0.0,2.194245,-0.698132,-0.0,1,0,22.911,18.616,0.0,0.2,0.0,1.1,3.3,2.0,1.0,0.05,1,1.09425,1.10575,0.0
461,2026-04-27T09:25:16.509Z,S20260427_102446,SC01,AUTO,12.6243,30.3171,0.0632,accel_2,1,1700,MI-CHARGE,0.0,0.2,0.0,2.224604,-0.698132,0.0,1,0,30.369,19.244,0.0,0.2,0.0,1.1,3.3,2.0,1.0,0.05,1,1.1246,1.0754,0.0
462,2026-04-27T09:25:16.574Z,S20260427_102446,SC01,AUTO,12.689,30.3818,0.0647,accel_2,1,1700,MI-CHARGE,0.0,0.2,0.0,2.254961,-0.698132,-0.0,1,0,15.316,18.88,0.0,0.2,0.0,1.1,3.3,2.0,1.0,0.05,1,1.15496,1.04504,0.0
463,2026-04-27T09:25:16.638Z,S20260427_102446,SC01,AUTO,12.7527,30.4455,0.0637,accel_2,1,1700,MI-CHARGE,0.0,0.2,0.0,2.285316,-0.698132,0.0,1,0,22.057,20.457,0.0,0.2,0.0,1.1,3.3,2.0,1.0,0.05,1,1.18532,1.01468,0.0
464,2026-04-27T09:25:16.699Z,S20260427_102446,SC01,AUTO,12.8139,30.5067,0.0612,accel_2,1,1700,MI-CHARGE,0.0,0.2,0.0,2.315669,-0.698132,0.0,1,0,28.58,19.573,0.0,0.2,0.0,1.1,3.3,2.0,1.0,0.05,1,1.21567,0.98433,0.0
465,2026-04-27T09:25:16.763Z,S20260427_102446,SC01,AUTO,12.8782,30.571,0.0643,accel_2,1,1700,MI-CHARGE,0.0,0.2,0.0,2.346019,-0.698132,0.0,1,0,13.992,19.951,0.0,0.2,0.0,1.1,3.3,2.0,1.0,0.05,1,1.24602,0.95398,0.0
466,2026-04-27T09:25:16.825Z,S20260427_102446,SC01,AUTO,12.9403,30.6331,0.0622,accel_2,1,1700,MI-CHARGE,0.0,0.2,0.0,2.371309,-0.698132,-0.0,1,0,39.48,1.004,0.0,0.2,0.0,1.1,3.3,2.0,1.0,0.05,1,1.27131,0.92869,0.0
467,2026-04-27T09:25:16.885Z,S20260427_102446,SC01,AUTO,13.0004,30.6932,0.06,accel_2,1,1700,MI-CHARGE,0.0,0.2,0.0,2.39154,-0.698132,0.0,1,0,14.146,19.219,0.0,0.2,0.0,1.1,3.3,2.0,1.0,0.05,1,1.29154,0.90846,0.0
468,2026-04-27T09:25:16.947Z,S20260427_102446,SC01,AUTO,13.0621,30.7549,0.0617,accel_2,1,1700,MI-CHARGE,0.0,0.2,0.0,2.421884,-0.698132,0.0,1,0,20.245,19.428,0.0,0.2,0.0,1.1,3.3,2.0,1.0,0.05,1,1.32188,0.87812,0.0
469,2026-04-27T09:25:17.011Z,S20260427_102446,SC01,AUTO,13.1261,30.8189,0.0641,accel_2,1,1700,MI-CHARGE,0.0,0.2,0.0,2.452226,-0.698132,0.0,1,0,29.16,19.654,0.0,0.2,0.0,1.1,3.3,2.0,1.0,0.05,1,1.35223,0.84777,0.0
470,2026-04-27T09:25:17.075Z,S20260427_102446,SC01,AUTO,13.1898,30.8826,0.0636,accel_2,1,1700,MI-CHARGE,0.0,0.2,0.0,2.482565,-0.698132,0.0,1,0,19.689,19.688,0.0,0.2,0.0,1.1,3.3,2.0,1.0,0.05,1,1.38256,0.81744,0.0
471,2026-04-27T09:25:17.134Z,S20260427_102446,SC01,AUTO,13.249,30.9418,0.0592,accel_2,1,1700,MI-CHARGE,0.0,0.2,0.0,2.512901,-0.698132,-0.0,1,0,27.105,18.944,0.0,0.2,0.0,1.1,3.3,2.0,1.0,0.05,1,1.4129,0.7871,0.0
472,2026-04-27T09:25:17.199Z,S20260427_102446,SC01,AUTO,13.3142,31.007,0.0652,accel_2,1,1700,MI-CHARGE,0.0,0.2,0.0,2.543235,-0.698132,0.0,1,0,27.202,19.015,0.0,0.2,0.0,1.1,3.3,2.0,1.0,0.05,1,1.44324,0.75676,0.0
473,2026-04-27T09:25:17.263Z,S20260427_102446,SC01,AUTO,13.3778,31.0706,0.0636,accel_2,1,1700,MI-CHARGE,0.0,0.2,0.0,2.573566,-0.698132,-0.0,1,0,13.499,19.341,0.0,0.2,0.0,1.1,3.3,2.0,1.0,0.05,1,1.47357,0.72643,0.0
474,2026-04-27T09:25:17.325Z,S20260427_102446,SC01,AUTO,13.4404,31.1332,0.0626,accel_2,1,1700,MI-CHARGE,0.0,0.2,0.0,2.59884,-0.698132,-0.0,1,0,40.275,1.953,0.0,0.2,0.0,1.1,3.3,2.0,1.0,0.05,1,1.49884,0.70116,0.0
475,2026-04-27T09:25:17.385Z,S20260427_102446,SC01,AUTO,13.5001,31.1929,0.0597,accel_2,1,1700,MI-CHARGE,0.0,0.2,0.0,2.619058,-0.698132,0.0,1,0,33.002,20.28,0.0,0.2,0.0,1.1,3.3,2.0,1.0,0.05,1,1.51906,0.68094,0.0
476,2026-04-27T09:25:17.448Z,S20260427_102446,SC01,AUTO,13.5625,31.2553,0.0624,accel_2,1,1700,MI-CHARGE,0.0,0.2,0.0,2.649383,-0.698132,0.0,1,0,24.57,22.253,0.0,0.2,0.0,1.1,3.3,2.0,1.0,0.05,1,1.54938,0.65062,0.0
477,2026-04-27T09:25:17.511Z,S20260427_102446,SC01,AUTO,13.6255,31.3183,0.063,accel_2,1,1700,MI-CHARGE,0.0,0.2,0.0,2.679704,-0.698132,0.0,1,0,20.832,19.522,0.0,0.2,0.0,1.1,3.3,2.0,1.0,0.05,1,1.5797,0.6203,0.0
478,2026-04-27T09:25:17.577Z,S20260427_102446,SC01,AUTO,13.6917,31.3845,0.0662,accel_2,1,1700,MI-CHARGE,0.0,0.2,0.0,2.70497,-0.698132,-0.0,1,0,50.133,0.86,0.0,0.2,0.0,1.1,3.3,2.0,1.0,0.05,1,1.60497,0.59503,0.0
479,2026-04-27T09:25:17.640Z,S20260427_102446,SC01,AUTO,13.7548,31.4476,0.063,accel_2,1,1700,MI-CHARGE,0.0,0.2,0.0,2.725182,-0.698132,0.0,1,0,20.812,25.269,0.0,0.2,0.0,1.1,3.3,2.0,1.0,0.05,1,1.62518,0.57482,0.0
480,2026-04-27T09:25:17.703Z,S20260427_102446,SC01,AUTO,13.8179,31.5107,0.0631,accel_2,1,1700,MI-CHARGE,0.0,0.2,0.0,2.755496,-0.698132,0.0,1,0,29.911,21.119,0.0,0.2,0.0,1.1,3.3,2.0,1.0,0.05,1,1.6555,0.5445,0.0
481,2026-04-27T09:25:17.758Z,S20260427_102446,SC01,AUTO,13.8733,31.5661,0.0554,accel_2,1,1700,MI-CHARGE,0.0,0.2,0.0,2.785808,-0.698132,0.0,1,0,35.198,23.815,0.0,0.2,0.0,1.1,3.3,2.0,1.0,0.05,1,1.68581,0.51419,0.0
482,2026-04-27T09:25:17.822Z,S20260427_102446,SC01,AUTO,13.937,31.6298,0.0637,accel_2,1,1700,MI-CHARGE,0.0,0.2,0.0,2.816117,-0.698132,0.0,1,0,25.438,19.478,0.0,0.2,0.0,1.1,3.3,2.0,1.0,0.05,1,1.71612,0.48388,0.0
483,2026-04-27T09:25:17.885Z,S20260427_102446,SC01,AUTO,13.9997,31.6925,0.0627,accel_2,1,1700,MI-CHARGE,0.0,0.2,0.0,2.846423,-0.698132,-0.0,1,0,10.734,19.627,0.0,0.2,0.0,1.1,3.3,2.0,1.0,0.05,1,1.74642,0.45358,0.0
484,2026-04-27T09:25:17.949Z,S20260427_102446,SC01,AUTO,14.0643,31.7571,0.0646,stabilize,1,1700,MI-CHARGE,0.0,0.09,0.0,2.87613,-0.698132,0.0,1,0,21.493,19.349,0.0,0.09,0.0,3.5,5.1,2.0,0.5,0.05,0,-0.62387,2.22387,0.0
485,2026-04-27T09:25:18.013Z,S20260427_102446,SC01,AUTO,14.1281,31.8209,0.0638,stabilize,1,1700,MI-CHARGE,0.0,0.09,0.0,2.889575,-0.698132,-0.0,1,0,18.646,19.857,0.0,0.09,0.0,3.5,5.1,2.0,0.5,0.05,0,-0.61043,2.21043,0.0
486,2026-04-27T09:25:18.079Z,S20260427_102446,SC01,AUTO,14.194,31.8868,0.0658,stabilize,1,1700,MI-CHARGE,0.0,0.09,0.0,2.913618,-0.698132,0.0,1,0,32.364,20.509,0.0,0.09,0.0,3.5,5.1,2.0,0.5,0.05,0,-0.58638,2.18638,0.0
487,2026-04-27T09:25:18.135Z,S20260427_102446,SC01,AUTO,14.2502,31.943,0.0563,stabilize,1,1700,MI-CHARGE,0.0,0.09,0.0,2.934558,-0.698132,-0.0,1,0,21.942,18.356,0.0,0.09,0.0,3.5,5.1,2.0,0.5,0.05,0,-0.56544,2.16544,0.0
488,2026-04-27T09:25:18.205Z,S20260427_102446,SC01,AUTO,14.3196,32.0124,0.0694,stabilize,1,1700,MI-CHARGE,0.0,0.09,0.0,2.953064,-0.698132,-0.0,1,0,27.425,19.251,0.0,0.09,0.0,3.5,5.1,2.0,0.5,0.05,0,-0.54694,2.14694,0.0
489,2026-04-27T09:25:18.265Z,S20260427_102446,SC01,AUTO,14.38,32.0728,0.0605,stabilize,1,1700,MI-CHARGE,0.0,0.09,0.0,2.969661,-0.698132,0.0,1,0,15.424,19.633,0.0,0.09,0.0,3.5,5.1,2.0,0.5,0.05,0,-0.53034,2.13034,0.0
490,2026-04-27T09:25:18.325Z,S20260427_102446,SC01,AUTO,14.4401,32.1329,0.06,stabilize,1,1700,MI-CHARGE,0.0,0.09,0.0,2.979872,-0.698132,0.0,1,0,39.92,11.466,0.0,0.09,0.0,3.5,5.1,2.0,0.5,0.05,0,-0.52013,2.12013,0.0
491,2026-04-27T09:25:18.386Z,S20260427_102446,SC01,AUTO,14.5006,32.1934,0.0603,stabilize,1,1700,MI-CHARGE,0.0,0.09,0.0,2.991852,-0.698132,0.0,1,0,14.206,20.066,0.0,0.09,0.0,3.5,5.1,2.0,0.5,0.05,0,-0.50815,2.10815,0.0
492,2026-04-27T09:25:18.447Z,S20260427_102446,SC01,AUTO,14.562,32.2548,0.0616,stabilize,1,1700,MI-CHARGE,0.0,0.09,0.0,3.005287,-0.698132,0.0,1,0,25.349,19.327,0.0,0.09,0.0,3.5,5.1,2.0,0.5,0.05,0,-0.49471,2.09471,0.0
493,2026-04-27T09:25:18.510Z,S20260427_102446,SC01,AUTO,14.6252,32.318,0.0632,stabilize,1,1700,MI-CHARGE,0.0,0.09,0.0,3.017906,-0.698132,0.0,1,0,23.285,19.214,0.0,0.09,0.0,3.5,5.1,2.0,0.5,0.05,0,-0.48209,2.08209,0.0
494,2026-04-27T09:25:18.573Z,S20260427_102446,SC01,AUTO,14.6878,32.3806,0.0626,stabilize,1,1700,MI-CHARGE,0.0,0.09,0.0,3.023966,-0.698132,0.0,1,0,20.223,19.079,0.0,0.09,0.0,3.5,5.1,2.0,0.5,0.05,0,-0.47603,2.07603,0.0
495,2026-04-27T09:25:18.635Z,S20260427_102446,SC01,AUTO,14.7501,32.4429,0.0623,stabilize,1,1700,MI-CHARGE,0.0,0.09,0.0,3.035677,-0.698132,-0.0,1,0,36.542,19.207,0.0,0.09,0.0,3.5,5.1,2.0,0.5,0.05,0,-0.46432,2.06432,0.0
496,2026-04-27T09:25:18.702Z,S20260427_102446,SC01,AUTO,14.8169,32.5097,0.0668,stabilize,1,1700,MI-CHARGE,0.0,0.09,0.0,3.046943,-0.698132,0.0,1,0,34.153,20.487,0.0,0.09,0.0,3.5,5.1,2.0,0.5,0.05,0,-0.45306,2.05306,0.0
497,2026-04-27T09:25:18.764Z,S20260427_102446,SC01,AUTO,14.8785,32.5713,0.0615,stabilize,1,1700,MI-CHARGE,0.0,0.09,0.0,3.052439,-0.698132,-0.0,1,0,28.988,24.121,0.0,0.09,0.0,3.5,5.1,2.0,0.5,0.05,0,-0.44756,2.04756,0.0
498,2026-04-27T09:25:18.821Z,S20260427_102446,SC01,AUTO,14.936,32.6288,0.0575,stabilize,1,1700,MI-CHARGE,0.0,0.09,0.0,3.06321,-0.698132,0.0,1,0,30.014,19.84,0.0,0.09,0.0,3.5,5.1,2.0,0.5,0.05,0,-0.43679,2.03679,0.0
499,2026-04-27T09:25:18.885Z,S20260427_102446,SC01,AUTO,15.0001,32.6929,0.0641,stabilize,1,1700,MI-CHARGE,0.0,0.09,0.0,3.073738,-0.698132,0.0,1,0,17.722,19.142,0.0,0.09,0.0,3.5,5.1,2.0,0.5,0.05,0,-0.42626,2.02626,0.0
500,2026-04-27T09:25:18.950Z,S20260427_102446,SC01,AUTO,15.0645,32.7573,0.0643,stabilize,1,1700,MI-CHARGE,0.0,0.09,0.0,3.078928,-0.698132,0.0,1,0,39.058,19.2,0.0,0.09,0.0,3.5,5.1,2.0,0.5,0.05,0,-0.42107,2.02107,0.0
501,2026-04-27T09:25:19.017Z,S20260427_102446,SC01,AUTO,15.1316,32.8244,0.0671,stabilize,1,1700,MI-CHARGE,0.0,0.09,0.0,3.089185,-0.698132,-0.0,1,0,26.939,19.748,0.0,0.09,0.0,3.5,5.1,2.0,0.5,0.05,0,-0.41082,2.01082,0.0
502,2026-04-27T09:25:19.077Z,S20260427_102446,SC01,AUTO,15.1915,32.8843,0.0599,stabilize,1,1700,MI-CHARGE,0.0,0.09,0.0,3.099309,-0.698132,0.0,1,0,18.497,20.176,0.0,0.09,0.0,3.5,5.1,2.0,0.5,0.05,0,-0.40069,2.00069,0.0
503,2026-04-27T09:25:19.134Z,S20260427_102446,SC01,AUTO,15.2487,32.9415,0.0573,stabilize,1,1700,MI-CHARGE,0.0,0.09,0.0,3.109329,-0.698132,-0.0,1,0,25.759,19.361,0.0,0.09,0.0,3.5,5.1,2.0,0.5,0.05,0,-0.39067,1.99067,0.0
504,2026-04-27T09:25:19.203Z,S20260427_102446,SC01,AUTO,15.318,33.0108,0.0692,stabilize,1,1700,MI-CHARGE,0.0,0.09,0.0,3.119266,-0.698132,0.0,1,0,11.307,20.57,0.0,0.09,0.0,3.5,5.1,2.0,0.5,0.05,0,-0.38073,1.98073,0.0
505,2026-04-27T09:25:19.262Z,S20260427_102446,SC01,AUTO,15.3767,33.0695,0.0587,stabilize,1,1700,MI-CHARGE,0.0,0.09,0.0,3.12421,-0.698132,0.0,1,0,22.916,23.512,0.0,0.09,0.0,3.5,5.1,2.0,0.5,0.05,0,-0.37579,1.97579,0.0
506,2026-04-27T09:25:19.326Z,S20260427_102446,SC01,AUTO,15.4413,33.1341,0.0646,stabilize,1,1700,MI-CHARGE,0.0,0.09,0.0,3.134056,-0.698132,-0.0,1,0,34.828,23.327,0.0,0.09,0.0,3.5,5.1,2.0,0.5,0.05,0,-0.36594,1.96594,0.0
507,2026-04-27T09:25:19.384Z,S20260427_102446,SC01,AUTO,15.4992,33.192,0.0578,stabilize,1,1700,MI-CHARGE,0.0,0.09,0.0,3.143857,-0.698132,0.0,1,0,29.255,16.871,0.0,0.09,0.0,3.5,5.1,2.0,0.5,0.05,0,-0.35614,1.95614,0.0
508,2026-04-27T09:25:19.453Z,S20260427_102446,SC01,AUTO,15.5677,33.2605,0.0685,stabilize,1,1700,MI-CHARGE,0.0,0.09,0.0,3.148743,-0.698132,0.0,1,0,33.353,20.358,0.0,0.09,0.0,3.5,5.1,2.0,0.5,0.05,0,-0.35126,1.95126,0.0
509,2026-04-27T09:25:19.518Z,S20260427_102446,SC01,AUTO,15.6325,33.3253,0.0648,stabilize,1,1700,MI-CHARGE,0.0,0.09,0.0,3.158493,-0.698132,0.0,1,0,30.992,20.033,0.0,0.09,0.0,3.5,5.1,2.0,0.5,0.05,0,-0.34151,1.94151,0.0
510,2026-04-27T09:25:19.580Z,S20260427_102446,SC01,AUTO,15.6953,33.3881,0.0627,stabilize,1,1700,MI-CHARGE,0.0,0.09,0.0,3.168218,-0.698132,-0.0,1,0,28.891,19.365,0.0,0.09,0.0,3.5,5.1,2.0,0.5,0.05,0,-0.33178,1.93178,0.0
511,2026-04-27T09:25:19.641Z,S20260427_102446,SC01,AUTO,15.756,33.4488,0.0608,stabilize,1,1700,MI-CHARGE,0.0,0.09,0.0,3.173073,-0.698132,0.0,1,0,24.257,22.799,0.0,0.09,0.0,3.5,5.1,2.0,0.5,0.05,0,-0.32693,1.92693,0.0
512,2026-04-27T09:25:19.704Z,S20260427_102446,SC01,AUTO,15.819,33.5118,0.063,stabilize,1,1700,MI-CHARGE,0.0,0.09,0.0,3.182769,-0.698132,-0.0,1,0,22.049,14.998,0.0,0.09,0.0,3.5,5.1,2.0,0.5,0.05,0,-0.31723,1.91723,0.0
513,2026-04-27T09:25:19.765Z,S20260427_102446,SC01,AUTO,15.88,33.5728,0.0609,stabilize,1,1700,MI-CHARGE,0.0,0.09,0.0,3.192451,-0.698132,-0.0,1,0,31.348,18.586,0.0,0.09,0.0,3.5,5.1,2.0,0.5,0.05,0,-0.30755,1.90755,0.0
514,2026-04-27T09:25:19.822Z,S20260427_102446,SC01,AUTO,15.937,33.6298,0.057,stabilize,1,1700,MI-CHARGE,0.0,0.09,0.0,3.202123,-0.698132,-0.0,1,0,16.209,18.801,0.0,0.09,0.0,3.5,5.1,2.0,0.5,0.05,0,-0.29788,1.89788,0.0
515,2026-04-27T09:25:19.886Z,S20260427_102446,SC01,AUTO,16.001,33.6938,0.064,stabilize,1,1700,MI-CHARGE,0.0,0.09,0.0,3.206955,-0.698132,-0.0,1,0,24.622,23.059,0.0,0.09,0.0,3.5,5.1,2.0,0.5,0.05,0,-0.29305,1.89305,0.0
516,2026-04-27T09:25:19.946Z,S20260427_102446,SC01,AUTO,16.0613,33.7541,0.0602,stabilize,1,1700,MI-CHARGE,0.0,0.09,0.0,3.216613,-0.698132,0.0,1,0,16.828,17.418,0.0,0.09,0.0,3.5,5.1,2.0,0.5,0.05,0,-0.28339,1.88339,0.0
517,2026-04-27T09:25:20.014Z,S20260427_102446,SC01,AUTO,16.1294,33.8222,0.0682,stabilize,1,1700,MI-CHARGE,0.0,0.09,0.0,3.226264,-0.698132,-0.0,1,0,29.554,18.672,0.0,0.09,0.0,3.5,5.1,2.0,0.5,0.05,0,-0.27374,1.87374,0.0
518,2026-04-27T09:25:20.075Z,S20260427_102446,SC01,AUTO,16.1903,33.8831,0.0609,stabilize,1,1700,MI-CHARGE,0.0,0.09,0.0,3.235911,-0.698132,-0.0,1,0,17.151,20.477,0.0,0.09,0.0,3.5,5.1,2.0,0.5,0.05,0,-0.26409,1.86409,0.0
519,2026-04-27T09:25:20.142Z,S20260427_102446,SC01,AUTO,16.2566,33.9494,0.0663,stabilize,1,1700,MI-CHARGE,0.0,0.09,0.0,3.245552,-0.698132,0.0,1,0,22.151,19.532,0.0,0.09,0.0,3.5,5.1,2.0,0.5,0.05,0,-0.25445,1.85445,0.0
520,2026-04-27T09:25:20.207Z,S20260427_102446,SC01,AUTO,16.322,34.0148,0.0654,stabilize,1,1700,MI-CHARGE,0.0,0.09,0.0,3.25519,-0.698132,-0.0,1,0,26.511,17.44,0.0,0.09,0.0,3.5,5.1,2.0,0.5,0.05,0,-0.24481,1.84481,0.0
521,2026-04-27T09:25:20.266Z,S20260427_102446,SC01,AUTO,16.3809,34.0737,0.0589,stabilize,1,1700,MI-CHARGE,0.0,0.09,0.0,3.264825,-0.698132,-0.0,1,0,32.827,16.624,0.0,0.09,0.0,3.5,5.1,2.0,0.5,0.05,0,-0.23518,1.83518,0.0
522,2026-04-27T09:25:20.326Z,S20260427_102446,SC01,AUTO,16.4412,34.134,0.0603,stabilize,1,1700,MI-CHARGE,0.0,0.09,0.0,3.274457,-0.698132,0.0,1,0,15.935,19.592,0.0,0.09,0.0,3.5,5.1,2.0,0.5,0.05,0,-0.22554,1.82554,0.0
523,2026-04-27T09:25:20.386Z,S20260427_102446,SC01,AUTO,16.5009,34.1937,0.0597,stabilize,1,1700,MI-CHARGE,0.0,0.09,0.0,3.279272,-0.698132,-0.0,1,0,28.443,20.804,0.0,0.09,0.0,3.5,5.1,2.0,0.5,0.05,0,-0.22073,1.82073,0.0
524,2026-04-27T09:25:20.455Z,S20260427_102446,SC01,AUTO,16.5695,34.2623,0.0686,stabilize,1,1700,MI-CHARGE,0.0,0.09,0.0,3.293715,-0.698132,-0.0,1,0,26.427,20.397,0.0,0.09,0.0,3.5,5.1,2.0,0.5,0.05,0,-0.20629,1.80629,0.0
525,2026-04-27T09:25:20.509Z,S20260427_102446,SC01,AUTO,16.6243,34.3171,0.0548,stabilize,1,1700,MI-CHARGE,0.0,0.09,0.0,3.293715,-0.698132,-0.0,1,0,26.427,20.397,0.0,0.09,0.0,3.5,5.1,2.0,0.5,0.05,0,-0.20629,1.80629,0.0
526,2026-04-27T09:25:20.574Z,S20260427_102446,SC01,AUTO,16.6892,34.382,0.0649,stabilize,1,1700,MI-CHARGE,0.0,0.09,0.0,3.30334,-0.698132,0.0,1,0,19.171,19.131,0.0,0.09,0.0,3.5,5.1,2.0,0.5,0.05,0,-0.19666,1.79666,0.0
527,2026-04-27T09:25:20.638Z,S20260427_102446,SC01,AUTO,16.7528,34.4456,0.0635,stabilize,1,1700,MI-CHARGE,0.0,0.09,0.0,3.312964,-0.698132,-0.0,1,0,26.453,19.261,0.0,0.09,0.0,3.5,5.1,2.0,0.5,0.05,0,-0.18704,1.78704,0.0
528,2026-04-27T09:25:20.702Z,S20260427_102446,SC01,AUTO,16.8166,34.5094,0.0638,stabilize,1,1700,MI-CHARGE,0.0,0.09,0.0,3.322587,-0.698132,-0.0,1,0,27.524,20.58,0.0,0.09,0.0,3.5,5.1,2.0,0.5,0.05,0,-0.17741,1.77741,0.0
529,2026-04-27T09:25:20.765Z,S20260427_102446,SC01,AUTO,16.8801,34.5729,0.0635,stabilize,1,1700,MI-CHARGE,0.0,0.09,0.0,3.332208,-0.698132,-0.0,1,0,28.183,22.992,0.0,0.09,0.0,3.5,5.1,2.0,0.5,0.05,0,-0.16779,1.76779,0.0
530,2026-04-27T09:25:20.826Z,S20260427_102446,SC01,AUTO,16.941,34.6338,0.0609,stabilize,1,1700,MI-CHARGE,0.0,0.09,0.0,3.341828,-0.698132,0.0,1,0,20.457,19.549,0.0,0.09,0.0,3.5,5.1,2.0,0.5,0.05,0,-0.15817,1.75817,0.0
531,2026-04-27T09:25:20.886Z,S20260427_102446,SC01,AUTO,17.0006,34.6934,0.0597,stabilize,1,1700,MI-CHARGE,0.0,0.09,0.0,3.351447,-0.698132,-0.0,1,0,25.706,18.602,0.0,0.09,0.0,3.5,5.1,2.0,0.5,0.05,0,-0.14855,1.74855,0.0
532,2026-04-27T09:25:20.947Z,S20260427_102446,SC01,AUTO,17.0616,34.7544,0.061,stabilize,1,1700,MI-CHARGE,0.0,0.09,0.0,3.361064,-0.698132,-0.0,1,0,31.144,19.073,0.0,0.09,0.0,3.5,5.1,2.0,0.5,0.05,0,-0.13894,1.73894,0.0
533,2026-04-27T09:25:21.020Z,S20260427_102446,SC01,AUTO,17.1353,34.8281,0.0736,stabilize,1,1700,MI-CHARGE,0.0,0.09,0.0,3.37068,-0.698132,-0.0,1,0,18.185,19.166,0.0,0.09,0.0,3.5,5.1,2.0,0.5,0.05,0,-0.12932,1.72932,0.0
534,2026-04-27T09:25:21.081Z,S20260427_102446,SC01,AUTO,17.196,34.8888,0.0608,stabilize,1,1700,MI-CHARGE,0.0,0.09,0.0,3.380296,-0.698132,0.0,1,0,25.614,16.137,0.0,0.09,0.0,3.5,5.1,2.0,0.5,0.05,0,-0.1197,1.7197,0.0
535,2026-04-27T09:25:21.133Z,S20260427_102446,SC01,AUTO,17.2484,34.9412,0.0523,stabilize,1,1700,MI-CHARGE,0.0,0.09,0.0,3.385103,-0.698132,0.0,1,0,15.01,23.006,0.0,0.09,0.0,3.5,5.1,2.0,0.5,0.05,0,-0.1149,1.7149,0.0
536,2026-04-27T09:25:21.211Z,S20260427_102446,SC01,AUTO,17.326,35.0188,0.0776,stabilize,1,1700,MI-CHARGE,0.0,0.09,0.0,3.399522,-0.698132,0.0,1,0,21.848,18.772,0.0,0.09,0.0,3.5,5.1,2.0,0.5,0.05,0,-0.10048,1.70048,0.0
537,2026-04-27T09:25:21.262Z,S20260427_102446,SC01,AUTO,17.3773,35.0701,0.0513,stabilize,1,1700,MI-CHARGE,0.0,0.09,0.0,3.404328,-0.698132,-0.0,1,0,31.516,26.809,0.0,0.09,0.0,3.5,5.1,2.0,0.5,0.05,0,-0.09567,1.69567,0.0
538,2026-04-27T09:25:21.326Z,S20260427_102446,SC01,AUTO,17.4405,35.1333,0.0632,stabilize,1,1700,MI-CHARGE,0.0,0.09,0.0,3.413939,-0.698132,-0.0,1,0,37.945,14.506,0.0,0.09,0.0,3.5,5.1,2.0,0.5,0.05,0,-0.08606,1.68606,0.0
539,2026-04-27T09:25:21.385Z,S20260427_102446,SC01,AUTO,17.5003,35.1931,0.0597,stabilize,1,1700,MI-CHARGE,0.0,0.09,0.0,3.418744,-0.698132,-0.0,1,0,35.303,19.161,0.0,0.09,0.0,3.5,5.1,2.0,0.5,0.05,0,-0.08126,1.68126,0.0
540,2026-04-27T09:25:21.454Z,S20260427_102446,SC01,AUTO,17.569,35.2618,0.0688,stabilize,1,1700,MI-CHARGE,0.0,0.09,0.0,3.428354,-0.698132,0.0,1,0,34.697,19.311,0.0,0.09,0.0,3.5,5.1,2.0,0.5,0.05,0,-0.07165,1.67165,0.0
541,2026-04-27T09:25:21.518Z,S20260427_102446,SC01,AUTO,17.6327,35.3255,0.0636,stabilize,1,1700,MI-CHARGE,0.0,0.09,0.0,3.434759,-0.698132,-0.0,1,0,52.398,17.531,0.0,0.09,0.0,3.5,5.1,2.0,0.5,0.05,0,-0.06524,1.66524,0.0
542,2026-04-27T09:25:21.580Z,S20260427_102446,SC01,AUTO,17.6949,35.3877,0.0621,stabilize,1,1700,MI-CHARGE,0.0,0.09,0.0,3.437962,-0.698132,0.0,1,0,33.776,19.909,0.0,0.09,0.0,3.5,5.1,2.0,0.5,0.05,0,-0.06204,1.66204,0.0
543,2026-04-27T09:25:21.643Z,S20260427_102446,SC01,AUTO,17.758,35.4508,0.0631,stabilize,1,1700,MI-CHARGE,0.0,0.09,0.0,3.442765,-0.698132,-0.0,1,0,76.76,17.851,0.0,0.09,0.0,3.5,5.1,2.0,0.5,0.05,0,-0.05723,1.65723,0.0
544,2026-04-27T09:25:21.703Z,S20260427_102446,SC01,AUTO,17.8183,35.5111,0.0603,stabilize,1,1700,MI-CHARGE,0.0,0.09,0.0,3.447569,-0.698132,-0.0,1,0,90.63,30.496,0.0,0.09,0.0,3.5,5.1,2.0,0.5,0.05,0,-0.05243,1.65243,0.0
545,2026-04-27T09:25:21.766Z,S20260427_102446,SC01,AUTO,17.8809,35.5737,0.0626,stabilize,1,1700,MI-CHARGE,0.0,0.09,0.0,3.452372,-0.698132,0.0,1,0,74.943,31.414,0.0,0.09,0.0,3.5,5.1,2.0,0.5,0.05,0,-0.04763,1.64763,0.0
546,2026-04-27T09:25:21.822Z,S20260427_102446,SC01,AUTO,17.9373,35.6301,0.0564,stabilize,1,1700,MI-CHARGE,0.0,0.09,0.0,3.457175,-0.698132,0.0,1,0,88.017,19.717,0.0,0.09,0.0,3.5,5.1,2.0,0.5,0.05,0,-0.04282,1.64282,0.0
547,2026-04-27T09:25:21.886Z,S20260427_102446,SC01,AUTO,18.0006,35.6934,0.0633,stabilize,1,1700,MI-CHARGE,0.0,0.09,0.0,3.46678,-0.698132,-0.0,1,0,51.581,24.117,0.0,0.09,0.0,3.5,5.1,2.0,0.5,0.05,0,-0.03322,1.63322,0.0
548,2026-04-27T09:25:21.948Z,S20260427_102446,SC01,AUTO,18.0628,35.7556,0.0622,stabilize,1,1700,MI-CHARGE,0.0,0.09,0.0,3.476384,-0.698132,0.0,1,0,14.257,19.805,0.0,0.09,0.0,3.5,5.1,2.0,0.5,0.05,0,-0.02362,1.62362,0.0
549,2026-04-27T09:25:22.014Z,S20260427_102446,SC01,AUTO,18.129,35.8218,0.0662,stabilize,1,1700,MI-CHARGE,0.0,0.09,0.0,3.485987,-0.698132,0.0,1,0,18.817,19.548,0.0,0.09,0.0,3.5,5.1,2.0,0.5,0.05,0,-0.01401,1.61401,0.0
550,2026-04-27T09:25:22.077Z,S20260427_102446,SC01,AUTO,18.1921,35.8849,0.0631,stabilize,1,1700,MI-CHARGE,0.0,0.09,0.0,3.495589,-0.698132,0.0,1,0,20.872,20.106,0.0,0.09,0.0,3.5,5.1,2.0,0.5,0.05,0,-0.00441,1.60441,0.0
551,2026-04-27T09:25:22.141Z,S20260427_102446,SC01,AUTO,18.2563,35.9491,0.0642,stabilize,1,1700,MI-CHARGE,0.0,0.09,0.0,3.50519,-0.698132,-0.0,1,0,29.698,19.533,0.0,0.09,0.0,3.5,5.1,2.0,0.5,0.05,1,0.00519,1.59481,0.0
552,2026-04-27T09:25:22.205Z,S20260427_102446,SC01,AUTO,18.3202,36.013,0.0639,stabilize,1,1700,MI-CHARGE,0.0,0.09,0.0,3.514789,-0.698132,0.0,1,0,28.773,16.362,0.0,0.09,0.0,3.5,5.1,2.0,0.5,0.05,1,0.01479,1.58521,0.0
553,2026-04-27T09:25:22.265Z,S20260427_102446,SC01,AUTO,18.3798,36.0726,0.0596,stabilize,1,1700,MI-CHARGE,0.0,0.09,0.0,3.524388,-0.698132,0.0,1,0,11.913,19.78,0.0,0.09,0.0,3.5,5.1,2.0,0.5,0.05,1,0.02439,1.57561,0.0
554,2026-04-27T09:25:22.325Z,S20260427_102446,SC01,AUTO,18.4404,36.1332,0.0605,stabilize,1,1700,MI-CHARGE,0.0,0.09,0.0,3.533985,-0.698132,0.0,1,0,15.109,19.629,0.0,0.09,0.0,3.5,5.1,2.0,0.5,0.05,1,0.03399,1.56601,0.0
555,2026-04-27T09:25:22.385Z,S20260427_102446,SC01,AUTO,18.5001,36.1929,0.0597,stabilize,1,1700,MI-CHARGE,0.0,0.09,0.0,3.543581,-0.698132,-0.0,1,0,18.371,18.714,0.0,0.09,0.0,3.5,5.1,2.0,0.5,0.05,1,0.04358,1.55642,0.0
556,2026-04-27T09:25:22.454Z,S20260427_102446,SC01,AUTO,18.5688,36.2616,0.0687,stabilize,1,1700,MI-CHARGE,0.0,0.09,0.0,3.548379,-0.698132,-0.0,1,0,30.093,19.863,0.0,0.09,0.0,3.5,5.1,2.0,0.5,0.05,1,0.04838,1.55162,0.0
557,2026-04-27T09:25:22.510Z,S20260427_102446,SC01,AUTO,18.6248,36.3176,0.0559,stabilize,1,1700,MI-CHARGE,0.0,0.09,0.0,3.557974,-0.698132,-0.0,1,0,13.838,19.627,0.0,0.09,0.0,3.5,5.1,2.0,0.5,0.05,1,0.05797,1.54203,0.0
558,2026-04-27T09:25:22.574Z,S20260427_102446,SC01,AUTO,18.6887,36.3815,0.064,stabilize,1,1700,MI-CHARGE,0.0,0.09,0.0,3.569166,-0.698132,-0.0,1,0,47.938,29.654,0.0,0.09,0.0,3.5,5.1,2.0,0.5,0.05,1,0.06917,1.53083,0.0
559,2026-04-27T09:25:22.638Z,S20260427_102446,SC01,AUTO,18.7529,36.4457,0.0641,stabilize,1,1700,MI-CHARGE,0.0,0.09,0.0,3.578759,-0.698132,0.0,1,0,31.364,9.204,0.0,0.09,0.0,3.5,5.1,2.0,0.5,0.05,1,0.07876,1.52124,0.0
560,2026-04-27T09:25:22.702Z,S20260427_102446,SC01,AUTO,18.8173,36.5101,0.0643,stabilize,1,1700,MI-CHARGE,0.0,0.09,0.0,3.58835,-0.698132,0.0,1,0,35.85,9.891,0.0,0.09,0.0,3.5,5.1,2.0,0.5,0.05,1,0.08835,1.51165,0.0
561,2026-04-27T09:25:22.766Z,S20260427_102446,SC01,AUTO,18.8805,36.5733,0.0632,stabilize,1,1700,MI-CHARGE,0.0,0.09,0.0,3.59794,-0.698132,0.0,1,0,39.906,14.372,0.0,0.09,0.0,3.5,5.1,2.0,0.5,0.05,1,0.09794,1.50206,0.0
562,2026-04-27T09:25:22.826Z,S20260427_102446,SC01,AUTO,18.9408,36.6336,0.0603,stabilize,1,1700,MI-CHARGE,0.0,0.09,0.0,3.605931,-0.698132,-0.0,1,0,31.598,21.167,0.0,0.09,0.0,3.5,5.1,2.0,0.5,0.05,1,0.10593,1.49407,0.0
563,2026-04-27T09:25:22.886Z,S20260427_102446,SC01,AUTO,19.0006,36.6934,0.0598,stabilize,1,1700,MI-CHARGE,0.0,0.09,0.0,3.615519,-0.698132,0.0,1,0,15.946,19.555,0.0,0.09,0.0,3.5,5.1,2.0,0.5,0.05,1,0.11552,1.48448,0.0
564,2026-04-27T09:25:22.952Z,S20260427_102446,SC01,AUTO,19.0671,36.7599,0.0665,stabilize,1,1700,MI-CHARGE,0.0,0.09,0.0,3.625106,-0.698132,0.0,1,0,20.155,19.7,0.0,0.09,0.0,3.5,5.1,2.0,0.5,0.05,1,0.12511,1.47489,0.0
565,2026-04-27T09:25:23.015Z,S20260427_102446,SC01,AUTO,19.1295,36.8223,0.0624,stabilize,1,1700,MI-CHARGE,0.0,0.09,0.0,3.634692,-0.698132,-0.0,1,0,22.429,19.765,0.0,0.09,0.0,3.5,5.1,2.0,0.5,0.05,1,0.13469,1.46531,0.0
566,2026-04-27T09:25:23.075Z,S20260427_102446,SC01,AUTO,19.1902,36.883,0.0608,stabilize,1,1700,MI-CHARGE,0.0,0.09,0.0,3.644277,-0.698132,0.0,1,0,29.363,19.843,0.0,0.09,0.0,3.5,5.1,2.0,0.5,0.05,1,0.14428,1.45572,0.0
567,2026-04-27T09:25:23.134Z,S20260427_102446,SC01,AUTO,19.249,36.9418,0.0588,stabilize,1,1700,MI-CHARGE,0.0,0.09,0.0,3.65386,-0.698132,-0.0,1,0,11.579,19.603,0.0,0.09,0.0,3.5,5.1,2.0,0.5,0.05,1,0.15386,1.44614,0.0
568,2026-04-27T09:25:23.199Z,S20260427_102446,SC01,AUTO,19.3138,37.0066,0.0648,stabilize,1,1700,MI-CHARGE,0.0,0.09,0.0,3.663443,-0.698132,0.0,1,0,16.865,19.492,0.0,0.09,0.0,3.5,5.1,2.0,0.5,0.05,1,0.16344,1.43656,0.0
569,2026-04-27T09:25:23.262Z,S20260427_102446,SC01,AUTO,19.3772,37.07,0.0634,stabilize,1,1700,MI-CHARGE,0.0,0.09,0.0,3.673024,-0.698132,-0.0,1,0,19.998,17.545,0.0,0.09,0.0,3.5,5.1,2.0,0.5,0.05,1,0.17302,1.42698,0.0
570,2026-04-27T09:25:23.326Z,S20260427_102446,SC01,AUTO,19.4406,37.1334,0.0634,stabilize,1,1700,MI-CHARGE,0.0,0.09,0.0,3.682604,-0.698132,0.0,1,0,20.706,15.227,0.0,0.09,0.0,3.5,5.1,2.0,0.5,0.05,1,0.1826,1.4174,0.0
571,2026-04-27T09:25:23.386Z,S20260427_102446,SC01,AUTO,19.5007,37.1935,0.0601,stabilize,1,1700,MI-CHARGE,0.0,0.09,0.0,3.692183,-0.698132,0.0,1,0,27.982,17.132,0.0,0.09,0.0,3.5,5.1,2.0,0.5,0.05,1,0.19218,1.40782,0.0
572,2026-04-27T09:25:23.451Z,S20260427_102446,SC01,AUTO,19.5661,37.2589,0.0654,stabilize,1,1700,MI-CHARGE,0.0,0.09,0.0,3.701761,-0.698132,-0.0,1,0,11.742,19.545,0.0,0.09,0.0,3.5,5.1,2.0,0.5,0.05,1,0.20176,1.39824,0.0
573,2026-04-27T09:25:23.514Z,S20260427_102446,SC01,AUTO,19.6289,37.3217,0.0627,stabilize,1,1700,MI-CHARGE,0.0,0.09,0.0,3.711338,-0.698132,-0.0,1,0,14.336,19.84,0.0,0.09,0.0,3.5,5.1,2.0,0.5,0.05,1,0.21134,1.38866,0.0
574,2026-04-27T09:25:23.577Z,S20260427_102446,SC01,AUTO,19.6915,37.3843,0.0626,stabilize,1,1700,MI-CHARGE,0.0,0.09,0.0,3.720914,-0.698132,0.0,1,0,19.418,19.788,0.0,0.09,0.0,3.5,5.1,2.0,0.5,0.05,1,0.22091,1.37909,0.0
575,2026-04-27T09:25:23.638Z,S20260427_102446,SC01,AUTO,19.7533,37.4461,0.0618,stabilize,1,1700,MI-CHARGE,0.0,0.09,0.0,3.730489,-0.698132,0.0,1,0,24.931,19.073,0.0,0.09,0.0,3.5,5.1,2.0,0.5,0.05,1,0.23049,1.36951,0.0
576,2026-04-27T09:25:23.700Z,S20260427_102446,SC01,AUTO,19.8151,37.5079,0.0617,stabilize,1,1700,MI-CHARGE,0.0,0.09,0.0,3.740062,-0.698132,0.0,1,0,28.594,18.491,0.0,0.09,0.0,3.5,5.1,2.0,0.5,0.05,1,0.24006,1.35994,0.0
577,2026-04-27T09:25:23.764Z,S20260427_102446,SC01,AUTO,19.8785,37.5713,0.0634,stabilize,1,1700,MI-CHARGE,0.0,0.09,0.0,3.749634,-0.698132,0.0,1,0,31.859,18.516,0.0,0.09,0.0,3.5,5.1,2.0,0.5,0.05,1,0.24963,1.35037,0.0
578,2026-04-27T09:25:23.822Z,S20260427_102446,SC01,AUTO,19.9367,37.6295,0.0581,stabilize,1,1700,MI-CHARGE,0.0,0.09,0.0,3.75761,-0.698132,0.0,1,0,35.66,0.711,0.0,0.09,0.0,3.5,5.1,2.0,0.5,0.05,1,0.25761,1.34239,0.0
579,2026-04-27T09:25:23.885Z,S20260427_102446,SC01,AUTO,20.0001,37.6929,0.0634,stabilize,1,1700,MI-CHARGE,0.0,0.09,0.0,3.767181,-0.698132,0.0,1,0,39.948,0.691,0.0,0.09,0.0,3.5,5.1,2.0,0.5,0.05,1,0.26718,1.33282,0.0
580,2026-04-27T09:25:23.948Z,S20260427_102446,SC01,AUTO,20.0631,37.7559,0.063,stabilize,1,1700,MI-CHARGE,0.0,0.09,0.0,3.77356,-0.698132,-0.0,1,0,14.926,19.34,0.0,0.09,0.0,3.5,5.1,2.0,0.5,0.05,1,0.27356,1.32644,0.0
581,2026-04-27T09:25:24.010Z,S20260427_102446,SC01,AUTO,20.125,37.8178,0.0619,stabilize,1,1700,MI-CHARGE,0.0,0.09,0.0,3.783128,-0.698132,0.0,1,0,19.903,19.299,0.0,0.09,0.0,3.5,5.1,2.0,0.5,0.05,1,0.28313,1.31687,0.0
582,2026-04-27T09:25:24.073Z,S20260427_102446,SC01,AUTO,20.1874,37.8802,0.0624,stabilize,1,1700,MI-CHARGE,0.0,0.09,0.0,3.792696,-0.698132,0.0,1,0,25.024,19.472,0.0,0.09,0.0,3.5,5.1,2.0,0.5,0.05,1,0.2927,1.3073,0.0
583,2026-04-27T09:25:24.135Z,S20260427_102446,SC01,AUTO,20.2503,37.9431,0.0627,stabilize,1,1700,MI-CHARGE,0.0,0.09,0.0,3.802262,-0.698132,-0.0,1,0,27.836,19.948,0.0,0.09,0.0,3.5,5.1,2.0,0.5,0.05,1,0.30226,1.29774,0.0
584,2026-04-27T09:25:24.210Z,S20260427_102446,SC01,AUTO,20.3254,38.0182,0.0753,stabilize,1,1700,MI-CHARGE,0.0,0.09,0.0,3.816608,-0.698132,0.0,1,0,21.784,19.002,0.0,0.09,0.0,3.5,5.1,2.0,0.5,0.05,1,0.31661,1.28339,0.0
585,2026-04-27T09:25:24.262Z,S20260427_102446,SC01,AUTO,20.3769,38.0697,0.0515,stabilize,1,1700,MI-CHARGE,0.0,0.09,0.0,3.82139,-0.698132,0.0,1,0,29.117,26.074,0.0,0.09,0.0,3.5,5.1,2.0,0.5,0.05,1,0.32139,1.27861,0.0
586,2026-04-27T09:25:24.324Z,S20260427_102446,SC01,AUTO,20.4385,38.1313,0.0616,stabilize,1,1700,MI-CHARGE,0.0,0.09,0.0,3.830952,-0.698132,-0.0,1,0,21.27,15.867,0.0,0.09,0.0,3.5,5.1,2.0,0.5,0.05,1,0.33095,1.26905,0.0
587,2026-04-27T09:25:24.385Z,S20260427_102446,SC01,AUTO,20.5001,38.1929,0.0615,stabilize,1,1700,MI-CHARGE,0.0,0.09,0.0,3.840514,-0.698132,0.0,1,0,28.77,13.372,0.0,0.09,0.0,3.5,5.1,2.0,0.5,0.05,1,0.34051,1.25949,0.0
588,2026-04-27T09:25:24.446Z,S20260427_102446,SC01,AUTO,20.5612,38.254,0.0611,stabilize,1,1700,MI-CHARGE,0.0,0.09,0.0,3.850074,-0.698132,-0.0,1,0,16.23,19.463,0.0,0.09,0.0,3.5,5.1,2.0,0.5,0.05,1,0.35007,1.24993,0.0
589,2026-04-27T09:25:24.510Z,S20260427_102446,SC01,AUTO,20.6249,38.3177,0.0637,stabilize,1,1700,MI-CHARGE,0.0,0.09,0.0,3.859633,-0.698132,0.0,1,0,14.441,19.038,0.0,0.09,0.0,3.5,5.1,2.0,0.5,0.05,1,0.35963,1.24037,0.0
590,2026-04-27T09:25:24.574Z,S20260427_102446,SC01,AUTO,20.6884,38.3812,0.0636,stabilize,1,1700,MI-CHARGE,0.0,0.09,0.0,3.869191,-0.698132,-0.0,1,0,16.403,19.118,0.0,0.09,0.0,3.5,5.1,2.0,0.5,0.05,1,0.36919,1.23081,0.0
591,2026-04-27T09:25:24.637Z,S20260427_102446,SC01,AUTO,20.7515,38.4443,0.063,stabilize,1,1700,MI-CHARGE,0.0,0.09,0.0,3.878747,-0.698132,0.0,1,0,18.613,19.933,0.0,0.09,0.0,3.5,5.1,2.0,0.5,0.05,1,0.37875,1.22125,0.0
592,2026-04-27T09:25:24.701Z,S20260427_102446,SC01,AUTO,20.8155,38.5083,0.0641,stabilize,1,1700,MI-CHARGE,0.0,0.09,0.0,3.888303,-0.698132,0.0,1,0,20.613,19.008,0.0,0.09,0.0,3.5,5.1,2.0,0.5,0.05,1,0.3883,1.2117,0.0
593,2026-04-27T09:25:24.763Z,S20260427_102446,SC01,AUTO,20.8779,38.5707,0.0624,stabilize,1,1700,MI-CHARGE,0.0,0.09,0.0,3.897857,-0.698132,-0.0,1,0,23.991,17.378,0.0,0.09,0.0,3.5,5.1,2.0,0.5,0.05,1,0.39786,1.20214,0.0
594,2026-04-27T09:25:24.825Z,S20260427_102446,SC01,AUTO,20.9398,38.6326,0.0619,stabilize,1,1700,MI-CHARGE,0.0,0.09,0.0,3.90741,-0.698132,0.0,1,0,28.648,14.9,0.0,0.09,0.0,3.5,5.1,2.0,0.5,0.05,1,0.40741,1.19259,0.0
595,2026-04-27T09:25:24.885Z,S20260427_102446,SC01,AUTO,21.0004,38.6931,0.0606,stabilize,1,1700,MI-CHARGE,0.0,0.09,0.0,3.916962,-0.698132,-0.0,1,0,29.062,17.76,0.0,0.09,0.0,3.5,5.1,2.0,0.5,0.05,1,0.41696,1.18304,0.0
596,2026-04-27T09:25:24.950Z,S20260427_102446,SC01,AUTO,21.0646,38.7574,0.0642,stabilize,1,1700,MI-CHARGE,0.0,0.09,0.0,3.926513,-0.698132,-0.0,1,0,9.829,19.475,0.0,0.09,0.0,3.5,5.1,2.0,0.5,0.05,1,0.42651,1.17349,0.0
597,2026-04-27T09:25:25.013Z,S20260427_102446,SC01,AUTO,21.1278,38.8206,0.0633,stabilize,1,1700,MI-CHARGE,0.0,0.09,0.0,3.936063,-0.698132,-0.0,1,0,13.61,18.526,0.0,0.09,0.0,3.5,5.1,2.0,0.5,0.05,1,0.43606,1.16394,0.0
598,2026-04-27T09:25:25.076Z,S20260427_102446,SC01,AUTO,21.191,38.8838,0.0631,stabilize,1,1700,MI-CHARGE,0.0,0.09,0.0,3.945611,-0.698132,-0.0,1,0,13.882,18.294,0.0,0.09,0.0,3.5,5.1,2.0,0.5,0.05,1,0.44561,1.15439,0.0
599,2026-04-27T09:25:25.133Z,S20260427_102446,SC01,AUTO,21.2484,38.9412,0.0574,stabilize,1,1700,MI-CHARGE,0.0,0.09,0.0,3.955158,-0.698132,0.0,1,0,17.25,18.789,0.0,0.09,0.0,3.5,5.1,2.0,0.5,0.05,1,0.45516,1.14484,0.0
600,2026-04-27T09:25:25.198Z,S20260427_102446,SC01,AUTO,21.3128,39.0056,0.0645,stabilize,1,1700,MI-CHARGE,0.0,0.09,0.0,3.964704,-0.698132,0.0,1,0,20.504,19.829,0.0,0.09,0.0,3.5,5.1,2.0,0.5,0.05,1,0.4647,1.1353,0.0
601,2026-04-27T09:25:25.262Z,S20260427_102446,SC01,AUTO,21.3766,39.0694,0.0638,stabilize,1,1700,MI-CHARGE,0.0,0.09,0.0,3.974249,-0.698132,0.0,1,0,25.615,20.108,0.0,0.09,0.0,3.5,5.1,2.0,0.5,0.05,1,0.47425,1.12575,0.0
602,2026-04-27T09:25:25.325Z,S20260427_102446,SC01,AUTO,21.4401,39.1329,0.0634,stabilize,1,1700,MI-CHARGE,0.0,0.09,0.0,3.983793,-0.698132,0.0,1,0,25.628,16.654,0.0,0.09,0.0,3.5,5.1,2.0,0.5,0.05,1,0.48379,1.11621,0.0
603,2026-04-27T09:25:25.385Z,S20260427_102446,SC01,AUTO,21.4999,39.1927,0.0598,stabilize,1,1700,MI-CHARGE,0.0,0.09,0.0,3.993335,-0.698132,-0.0,1,0,27.28,20.431,0.0,0.09,0.0,3.5,5.1,2.0,0.5,0.05,1,0.49334,1.10666,0.0
604,2026-04-27T09:25:25.453Z,S20260427_102446,SC01,AUTO,21.5676,39.2604,0.0677,stabilize,1,1700,MI-CHARGE,0.0,0.09,0.0,4.002876,-0.698132,0.0,1,0,31.28,19.453,0.0,0.09,0.0,3.5,5.1,2.0,0.5,0.05,1,0.50288,1.09712,0.0
605,2026-04-27T09:25:25.515Z,S20260427_102446,SC01,AUTO,21.6295,39.3223,0.0619,stabilize,1,1700,MI-CHARGE,0.0,0.09,0.0,4.012416,-0.698132,-0.0,1,0,11.436,19.625,0.0,0.09,0.0,3.5,5.1,2.0,0.5,0.05,1,0.51242,1.08758,0.0
606,2026-04-27T09:25:25.577Z,S20260427_102446,SC01,AUTO,21.6923,39.3851,0.0628,stabilize,1,1700,MI-CHARGE,0.0,0.09,0.0,4.021955,-0.698132,-0.0,1,0,13.916,20.181,0.0,0.09,0.0,3.5,5.1,2.0,0.5,0.05,1,0.52196,1.07804,0.0
607,2026-04-27T09:25:25.640Z,S20260427_102446,SC01,AUTO,21.7552,39.448,0.0629,stabilize,1,1700,MI-CHARGE,0.0,0.09,0.0,4.031492,-0.698132,0.0,1,0,20.198,18.029,0.0,0.09,0.0,3.5,5.1,2.0,0.5,0.05,1,0.53149,1.06851,0.0
608,2026-04-27T09:25:25.703Z,S20260427_102446,SC01,AUTO,21.818,39.5108,0.0628,stabilize,1,1700,MI-CHARGE,0.0,0.09,0.0,4.041029,-0.698132,-0.0,1,0,23.936,16.65,0.0,0.09,0.0,3.5,5.1,2.0,0.5,0.05,1,0.54103,1.05897,0.0
609,2026-04-27T09:25:25.765Z,S20260427_102446,SC01,AUTO,21.8801,39.5729,0.0621,stabilize,1,1700,MI-CHARGE,0.0,0.09,0.0,4.050564,-0.698132,0.0,1,0,24.05,14.047,0.0,0.09,0.0,3.5,5.1,2.0,0.5,0.05,1,0.55056,1.04944,0.0
610,2026-04-27T09:25:25.822Z,S20260427_102446,SC01,AUTO,21.9368,39.6296,0.0567,stabilize,1,1700,MI-CHARGE,0.0,0.09,0.0,4.060098,-0.698132,-0.0,1,0,10.882,19.87,0.0,0.09,0.0,3.5,5.1,2.0,0.5,0.05,1,0.5601,1.0399,0.0
611,2026-04-27T09:25:25.886Z,S20260427_102446,SC01,AUTO,22.001,39.6938,0.0642,hold,1,1700,MI-CHARGE,0.0,0.03,0.0,4.069631,-0.698132,-0.0,1,0,12.236,18.753,0.0,0.09,0.0,3.5,5.1,2.0,0.5,0.05,1,0.56963,1.03037,0.0
612,2026-04-27T09:25:25.950Z,S20260427_102446,SC01,AUTO,22.0649,39.7577,0.0639,hold,1,1700,MI-CHARGE,0.0,0.03,0.0,4.078593,-0.698132,-0.0,1,0,14.668,19.235,0.0,0.03,0.0,4.2,5.1,2.0,0.5,0.05,0,-0.12141,1.02141,0.0
613,2026-04-27T09:25:26.014Z,S20260427_102446,SC01,AUTO,22.1292,39.822,0.0643,hold,1,1700,MI-CHARGE,0.0,0.03,0.0,4.085377,-0.698132,-0.0,1,0,18.005,18.931,0.0,0.03,0.0,4.2,5.1,2.0,0.5,0.05,0,-0.11462,1.01462,0.0
614,2026-04-27T09:25:26.077Z,S20260427_102446,SC01,AUTO,22.1919,39.8847,0.0626,hold,1,1700,MI-CHARGE,0.0,0.03,0.0,4.090326,-0.698132,0.0,1,0,17.324,20.146,0.0,0.03,0.0,4.2,5.1,2.0,0.5,0.05,0,-0.10967,1.00967,0.0
615,2026-04-27T09:25:26.140Z,S20260427_102446,SC01,AUTO,22.255,39.9478,0.0631,hold,1,1700,MI-CHARGE,0.0,0.03,0.0,4.093837,-0.698132,-0.0,1,0,18.895,19.752,0.0,0.03,0.0,4.2,5.1,2.0,0.5,0.05,0,-0.10616,1.00616,0.0
616,2026-04-27T09:25:26.200Z,S20260427_102446,SC01,AUTO,22.3149,40.0077,0.0599,hold,1,1700,MI-CHARGE,0.0,0.03,0.0,4.09622,-0.698132,-0.0,1,0,19.283,17.411,0.0,0.03,0.0,4.2,5.1,2.0,0.5,0.05,0,-0.10378,1.00378,0.0
617,2026-04-27T09:25:26.266Z,S20260427_102446,SC01,AUTO,22.3811,40.0739,0.0662,hold,1,1700,MI-CHARGE,0.0,0.03,0.0,4.097718,-0.698132,-0.0,1,0,20.738,16.467,0.0,0.03,0.0,4.2,5.1,2.0,0.5,0.05,0,-0.10228,1.00228,0.0
618,2026-04-27T09:25:26.326Z,S20260427_102446,SC01,AUTO,22.441,40.1338,0.0598,hold,1,1700,MI-CHARGE,0.0,0.03,0.0,4.098522,-0.698132,0.0,1,0,25.191,16.957,0.0,0.03,0.0,4.2,5.1,2.0,0.5,0.05,0,-0.10148,1.00148,0.0
619,2026-04-27T09:25:26.385Z,S20260427_102446,SC01,AUTO,22.5002,40.193,0.0593,hold,1,1700,MI-CHARGE,0.0,0.03,0.0,4.098781,-0.698132,-0.0,1,0,24.316,18.944,0.0,0.03,0.0,4.2,5.1,2.0,0.5,0.05,0,-0.10122,1.00122,0.0
620,2026-04-27T09:25:26.452Z,S20260427_102446,SC01,AUTO,22.5673,40.2601,0.0671,hold,1,1700,MI-CHARGE,0.0,0.03,0.0,4.098613,-0.698132,0.0,1,0,26.235,19.274,0.0,0.03,0.0,4.2,5.1,2.0,0.5,0.05,0,-0.10139,1.00139,0.0
621,2026-04-27T09:25:26.510Z,S20260427_102446,SC01,AUTO,22.6249,40.3177,0.0576,hold,1,1700,MI-CHARGE,0.0,0.03,0.0,4.098111,-0.698132,-0.0,1,0,34.161,18.757,0.0,0.03,0.0,4.2,5.1,2.0,0.5,0.05,0,-0.10189,1.00189,0.0
622,2026-04-27T09:25:26.574Z,S20260427_102446,SC01,AUTO,22.6893,40.3821,0.0643,hold,1,1700,MI-CHARGE,0.0,0.03,0.0,4.097345,-0.698132,-0.0,1,0,16.864,16.912,0.0,0.03,0.0,4.2,5.1,2.0,0.5,0.05,0,-0.10265,1.00265,0.0
623,2026-04-27T09:25:26.637Z,S20260427_102446,SC01,AUTO,22.7515,40.4443,0.0623,hold,1,1700,MI-CHARGE,0.0,0.03,0.0,4.096374,-0.698132,-0.0,1,0,14.451,20.032,0.0,0.03,0.0,4.2,5.1,2.0,0.5,0.05,0,-0.10363,1.00363,0.0
624,2026-04-27T09:25:26.700Z,S20260427_102446,SC01,AUTO,22.8148,40.5076,0.0633,hold,1,1700,MI-CHARGE,0.0,0.03,0.0,4.095242,-0.698132,0.0,1,0,16.355,19.642,0.0,0.03,0.0,4.2,5.1,2.0,0.5,0.05,0,-0.10476,1.00476,0.0
625,2026-04-27T09:25:26.762Z,S20260427_102446,SC01,AUTO,22.877,40.5698,0.0622,hold,1,1700,MI-CHARGE,0.0,0.03,0.0,4.093982,-0.698132,0.0,1,0,19.022,15.339,0.0,0.03,0.0,4.2,5.1,2.0,0.5,0.05,0,-0.10602,1.00602,0.0
626,2026-04-27T09:25:26.825Z,S20260427_102446,SC01,AUTO,22.9394,40.6322,0.0624,hold,1,1700,MI-CHARGE,0.0,0.03,0.0,4.092624,-0.698132,-0.0,1,0,23.46,15.969,0.0,0.03,0.0,4.2,5.1,2.0,0.5,0.05,0,-0.10738,1.00738,0.0
627,2026-04-27T09:25:26.886Z,S20260427_102446,SC01,AUTO,23.0007,40.6935,0.0613,hold,1,1700,MI-CHARGE,0.0,0.03,0.0,4.091187,-0.698132,-0.0,1,0,24.621,13.3,0.0,0.03,0.0,4.2,5.1,2.0,0.5,0.05,0,-0.10881,1.00881,0.0
628,2026-04-27T09:25:26.951Z,S20260427_102446,SC01,AUTO,23.0661,40.7589,0.0653,hold,1,1700,MI-CHARGE,0.0,0.03,0.0,4.08969,-0.698132,-0.0,1,0,27.134,19.448,0.0,0.03,0.0,4.2,5.1,2.0,0.5,0.05,0,-0.11031,1.01031,0.0
629,2026-04-27T09:25:27.014Z,S20260427_102446,SC01,AUTO,23.1286,40.8214,0.0626,hold,1,1700,MI-CHARGE,0.0,0.03,0.0,4.088145,-0.698132,0.0,1,0,25.932,20.964,0.0,0.03,0.0,4.2,5.1,2.0,0.5,0.05,0,-0.11186,1.01186,0.0
630,2026-04-27T09:25:27.076Z,S20260427_102446,SC01,AUTO,23.1906,40.8834,0.062,hold,1,1700,MI-CHARGE,0.0,0.03,0.0,4.086562,-0.698132,-0.0,1,0,30.269,19.592,0.0,0.03,0.0,4.2,5.1,2.0,0.5,0.05,0,-0.11344,1.01344,0.0
631,2026-04-27T09:25:27.134Z,S20260427_102446,SC01,AUTO,23.2493,40.9421,0.0587,hold,1,1700,MI-CHARGE,0.0,0.03,0.0,4.08495,-0.698132,-0.0,1,0,12.319,19.456,0.0,0.03,0.0,4.2,5.1,2.0,0.5,0.05,0,-0.11505,1.01505,0.0
632,2026-04-27T09:25:27.198Z,S20260427_102446,SC01,AUTO,23.3132,41.006,0.0639,hold,1,1700,MI-CHARGE,0.0,0.03,0.0,4.083315,-0.698132,-0.0,1,0,14.191,19.485,0.0,0.03,0.0,4.2,5.1,2.0,0.5,0.05,0,-0.11669,1.01669,0.0
633,2026-04-27T09:25:27.262Z,S20260427_102446,SC01,AUTO,23.3772,41.07,0.064,hold,1,1700,MI-CHARGE,0.0,0.03,0.0,4.081662,-0.698132,0.0,1,0,15.411,19.301,0.0,0.03,0.0,4.2,5.1,2.0,0.5,0.05,0,-0.11834,1.01834,0.0
634,2026-04-27T09:25:27.324Z,S20260427_102446,SC01,AUTO,23.4385,41.1313,0.0614,hold,1,1700,MI-CHARGE,0.0,0.03,0.0,4.079995,-0.698132,-0.0,1,0,14.463,14.677,0.0,0.03,0.0,4.2,5.1,2.0,0.5,0.05,0,-0.12,1.02,0.0
635,2026-04-27T09:25:27.386Z,S20260427_102446,SC01,AUTO,23.5008,41.1936,0.0623,hold,1,1700,MI-CHARGE,0.0,0.03,0.0,4.078317,-0.698132,0.0,1,0,29.552,26.174,0.0,0.03,0.0,4.2,5.1,2.0,0.5,0.05,0,-0.12168,1.02168,0.0
636,2026-04-27T09:25:27.448Z,S20260427_102446,SC01,AUTO,23.5629,41.2557,0.0621,hold,1,1700,MI-CHARGE,0.0,0.03,0.0,4.076631,-0.698132,-0.0,1,0,18.327,18.149,0.0,0.03,0.0,4.2,5.1,2.0,0.5,0.05,0,-0.12337,1.02337,0.0
637,2026-04-27T09:25:27.511Z,S20260427_102446,SC01,AUTO,23.6263,41.3191,0.0634,hold,1,1700,MI-CHARGE,0.0,0.03,0.0,4.074938,-0.698132,-0.0,1,0,18.951,19.81,0.0,0.03,0.0,4.2,5.1,2.0,0.5,0.05,0,-0.12506,1.02506,0.0
638,2026-04-27T09:25:27.574Z,S20260427_102446,SC01,AUTO,23.6888,41.3816,0.0626,hold,1,1700,MI-CHARGE,0.0,0.03,0.0,4.073239,-0.698132,-0.0,1,0,25.213,19.409,0.0,0.03,0.0,4.2,5.1,2.0,0.5,0.05,0,-0.12676,1.02676,0.0
639,2026-04-27T09:25:27.636Z,S20260427_102446,SC01,AUTO,23.7508,41.4436,0.062,hold,1,1700,MI-CHARGE,0.0,0.03,0.0,4.071537,-0.698132,-0.0,1,0,26.162,18.768,0.0,0.03,0.0,4.2,5.1,2.0,0.5,0.05,0,-0.12846,1.02846,0.0
640,2026-04-27T09:25:27.699Z,S20260427_102446,SC01,AUTO,23.8143,41.5071,0.0635,hold,1,1700,MI-CHARGE,0.0,0.03,0.0,4.069832,-0.698132,0.0,1,0,28.543,20.357,0.0,0.03,0.0,4.2,5.1,2.0,0.5,0.05,0,-0.13017,1.03017,0.0
641,2026-04-27T09:25:27.762Z,S20260427_102446,SC01,AUTO,23.877,41.5698,0.0626,hold,1,1700,MI-CHARGE,0.0,0.03,0.0,4.068124,-0.698132,0.0,1,0,27.461,22.105,0.0,0.03,0.0,4.2,5.1,2.0,0.5,0.05,0,-0.13188,1.03188,0.0
642,2026-04-27T09:25:27.822Z,S20260427_102446,SC01,AUTO,23.9371,41.6299,0.0601,hold,1,1700,MI-CHARGE,0.0,0.03,0.0,4.066414,-0.698132,0.0,1,0,26.907,23.206,0.0,0.03,0.0,4.2,5.1,2.0,0.5,0.05,0,-0.13359,1.03359,0.0
643,2026-04-27T09:25:27.886Z,S20260427_102446,SC01,AUTO,24.0014,41.6942,0.0643,hold,1,1700,MI-CHARGE,0.0,0.03,0.0,4.064703,-0.698132,0.0,1,0,29.343,24.867,0.0,0.03,0.0,4.2,5.1,2.0,0.5,0.05,0,-0.1353,1.0353,0.0
644,2026-04-27T09:25:27.949Z,S20260427_102446,SC01,AUTO,24.0636,41.7564,0.0622,hold,1,1700,MI-CHARGE,0.0,0.03,0.0,4.062706,-0.698132,0.0,1,0,42.141,28.845,0.0,0.03,0.0,4.2,5.1,2.0,0.5,0.05,0,-0.13729,1.03729,0.0
645,2026-04-27T09:25:28.011Z,S20260427_102446,SC01,AUTO,24.1262,41.819,0.0625,hold,1,1700,MI-CHARGE,0.0,0.03,0.0,4.060422,-0.698132,0.0,1,0,23.498,19.359,0.0,0.03,0.0,4.2,5.1,2.0,0.5,0.05,0,-0.13958,1.03958,0.0
646,2026-04-27T09:25:28.073Z,S20260427_102446,SC01,AUTO,24.1881,41.8809,0.062,hold,1,1700,MI-CHARGE,0.0,0.03,0.0,4.058708,-0.698132,0.0,1,0,24.039,20.066,0.0,0.03,0.0,4.2,5.1,2.0,0.5,0.05,0,-0.14129,1.04129,0.0
647,2026-04-27T09:25:28.137Z,S20260427_102446,SC01,AUTO,24.2524,41.9452,0.0643,hold,1,1700,MI-CHARGE,0.0,0.03,0.0,4.056994,-0.698132,0.0,1,0,23.121,19.702,0.0,0.03,0.0,4.2,5.1,2.0,0.5,0.05,0,-0.14301,1.04301,0.0
648,2026-04-27T09:25:28.200Z,S20260427_102446,SC01,AUTO,24.3154,42.0082,0.063,hold,1,1700,MI-CHARGE,0.0,0.03,0.0,4.05528,-0.698132,0.0,1,0,25.922,20.018,0.0,0.03,0.0,4.2,5.1,2.0,0.5,0.05,0,-0.14472,1.04472,0.0
649,2026-04-27T09:25:28.263Z,S20260427_102446,SC01,AUTO,24.3777,42.0705,0.0623,hold,1,1700,MI-CHARGE,0.0,0.03,0.0,4.053566,-0.698132,-0.0,1,0,9.829,19.991,0.0,0.03,0.0,4.2,5.1,2.0,0.5,0.05,0,-0.14643,1.04643,0.0
650,2026-04-27T09:25:28.325Z,S20260427_102446,SC01,AUTO,24.4396,42.1324,0.0619,hold,1,1700,MI-CHARGE,0.0,0.03,0.0,4.051852,-0.698132,0.0,1,0,10.442,19.77,0.0,0.03,0.0,4.2,5.1,2.0,0.5,0.05,0,-0.14815,1.04815,0.0
651,2026-04-27T09:25:28.386Z,S20260427_102446,SC01,AUTO,24.5006,42.1934,0.061,hold,1,1700,MI-CHARGE,0.0,0.03,0.0,4.050138,-0.698132,0.0,1,0,12.388,18.896,0.0,0.03,0.0,4.2,5.1,2.0,0.5,0.05,0,-0.14986,1.04986,0.0
652,2026-04-27T09:25:28.447Z,S20260427_102446,SC01,AUTO,24.5616,42.2544,0.061,hold,1,1700,MI-CHARGE,0.0,0.03,0.0,4.048423,-0.698132,0.0,1,0,12.485,19.375,0.0,0.03,0.0,4.2,5.1,2.0,0.5,0.05,0,-0.15158,1.05158,0.0
653,2026-04-27T09:25:28.509Z,S20260427_102446,SC01,AUTO,24.6242,42.317,0.0627,hold,1,1700,MI-CHARGE,0.0,0.03,0.0,4.046709,-0.698132,-0.0,1,0,12.822,19.528,0.0,0.03,0.0,4.2,5.1,2.0,0.5,0.05,0,-0.15329,1.05329,0.0
654,2026-04-27T09:25:28.574Z,S20260427_102446,SC01,AUTO,24.689,42.3818,0.0648,hold,1,1700,MI-CHARGE,0.0,0.03,0.0,4.044995,-0.698132,0.0,1,0,12.098,19.43,0.0,0.03,0.0,4.2,5.1,2.0,0.5,0.05,0,-0.155,1.055,0.0
655,2026-04-27T09:25:28.637Z,S20260427_102446,SC01,AUTO,24.7521,42.4449,0.0631,hold,1,1700,MI-CHARGE,0.0,0.03,0.0,4.043282,-0.698132,-0.0,1,0,12.239,20.338,0.0,0.03,0.0,4.2,5.1,2.0,0.5,0.05,0,-0.15672,1.05672,0.0
656,2026-04-27T09:25:28.700Z,S20260427_102446,SC01,AUTO,24.8149,42.5077,0.0627,hold,1,1700,MI-CHARGE,0.0,0.03,0.0,4.041568,-0.698132,-0.0,1,0,12.056,19.287,0.0,0.03,0.0,4.2,5.1,2.0,0.5,0.05,0,-0.15843,1.05843,0.0
657,2026-04-27T09:25:28.762Z,S20260427_102446,SC01,AUTO,24.8765,42.5693,0.0617,hold,1,1700,MI-CHARGE,0.0,0.03,0.0,4.039855,-0.698132,-0.0,1,0,11.582,17.624,0.0,0.03,0.0,4.2,5.1,2.0,0.5,0.05,0,-0.16015,1.06015,0.0
658,2026-04-27T09:25:28.825Z,S20260427_102446,SC01,AUTO,24.9402,42.633,0.0637,hold,1,1700,MI-CHARGE,0.0,0.03,0.0,4.038141,-0.698132,0.0,1,0,28.948,22.94,0.0,0.03,0.0,4.2,5.1,2.0,0.5,0.05,0,-0.16186,1.06186,0.0
659,2026-04-27T09:25:28.886Z,S20260427_102446,SC01,AUTO,25.0007,42.6935,0.0605,hold,1,1700,MI-CHARGE,0.0,0.03,0.0,4.036142,-0.698132,0.0,1,0,38.99,28.506,0.0,0.03,0.0,4.2,5.1,2.0,0.5,0.05,0,-0.16386,1.06386,0.0
660,2026-04-27T09:25:28.947Z,S20260427_102446,SC01,AUTO,25.0617,42.7545,0.0609,hold,1,1700,MI-CHARGE,0.0,0.03,0.0,4.034144,-0.698132,0.0,1,0,40.217,0.899,0.0,0.03,0.0,4.2,5.1,2.0,0.5,0.05,0,-0.16586,1.06586,0.0
661,2026-04-27T09:25:29.012Z,S20260427_102446,SC01,AUTO,25.1268,42.8196,0.0652,hold,1,1700,MI-CHARGE,0.0,0.03,0.0,4.032146,-0.698132,0.0,1,0,20.47,19.431,0.0,0.03,0.0,4.2,5.1,2.0,0.5,0.05,0,-0.16785,1.06785,0.0
662,2026-04-27T09:25:29.074Z,S20260427_102446,SC01,AUTO,25.1891,42.8819,0.0624,hold,1,1700,MI-CHARGE,0.0,0.03,0.0,4.030433,-0.698132,-0.0,1,0,20.786,19.399,0.0,0.03,0.0,4.2,5.1,2.0,0.5,0.05,0,-0.16957,1.06957,0.0
663,2026-04-27T09:25:29.134Z,S20260427_102446,SC01,AUTO,25.2494,42.9421,0.0602,hold,1,1700,MI-CHARGE,0.0,0.03,0.0,4.028721,-0.698132,0.0,1,0,21.114,19.679,0.0,0.03,0.0,4.2,5.1,2.0,0.5,0.05,0,-0.17128,1.07128,0.0
664,2026-04-27T09:25:29.199Z,S20260427_102446,SC01,AUTO,25.3143,43.0071,0.065,hold,1,1700,MI-CHARGE,0.0,0.03,0.0,4.027009,-0.698132,0.0,1,0,20.042,19.124,0.0,0.03,0.0,4.2,5.1,2.0,0.5,0.05,0,-0.17299,1.07299,0.0
665,2026-04-27T09:25:29.259Z,S20260427_102446,SC01,AUTO,25.3742,43.067,0.0598,hold,1,1700,MI-CHARGE,0.0,0.03,0.0,4.025297,-0.698132,-0.0,1,0,20.962,16.736,0.0,0.03,0.0,4.2,5.1,2.0,0.5,0.05,0,-0.1747,1.0747,0.0
666,2026-04-27T09:25:29.325Z,S20260427_102446,SC01,AUTO,25.4396,43.1324,0.0655,hold,1,1700,MI-CHARGE,0.0,0.03,0.0,4.023586,-0.698132,0.0,1,0,20.044,17.746,0.0,0.03,0.0,4.2,5.1,2.0,0.5,0.05,0,-0.17641,1.07641,0.0
667,2026-04-27T09:25:29.386Z,S20260427_102446,SC01,AUTO,25.5006,43.1934,0.061,hold,1,1700,MI-CHARGE,0.0,0.03,0.0,4.021874,-0.698132,-0.0,1,0,19.739,18.454,0.0,0.03,0.0,4.2,5.1,2.0,0.5,0.05,0,-0.17813,1.07813,0.0
668,2026-04-27T09:25:29.450Z,S20260427_102446,SC01,AUTO,25.5653,43.2581,0.0648,hold,1,1700,MI-CHARGE,0.0,0.03,0.0,4.020163,-0.698132,0.0,1,0,21.566,18.928,0.0,0.03,0.0,4.2,5.1,2.0,0.5,0.05,0,-0.17984,1.07984,0.0
669,2026-04-27T09:25:29.513Z,S20260427_102446,SC01,AUTO,25.6277,43.3205,0.0624,hold,1,1700,MI-CHARGE,0.0,0.03,0.0,4.018452,-0.698132,-0.0,1,0,18.531,20.253,0.0,0.03,0.0,4.2,5.1,2.0,0.5,0.05,0,-0.18155,1.08155,0.0
670,2026-04-27T09:25:29.574Z,S20260427_102446,SC01,AUTO,25.6893,43.3821,0.0616,hold,1,1700,MI-CHARGE,0.0,0.03,0.0,4.016741,-0.698132,-0.0,1,0,20.386,19.665,0.0,0.03,0.0,4.2,5.1,2.0,0.5,0.05,0,-0.18326,1.08326,0.0
671,2026-04-27T09:25:29.636Z,S20260427_102446,SC01,AUTO,25.7512,43.444,0.0619,hold,1,1700,MI-CHARGE,0.0,0.03,0.0,4.015031,-0.698132,0.0,1,0,20.268,19.383,0.0,0.03,0.0,4.2,5.1,2.0,0.5,0.05,0,-0.18497,1.08497,0.0
672,2026-04-27T09:25:29.698Z,S20260427_102446,SC01,AUTO,25.8125,43.5053,0.0613,hold,1,1700,MI-CHARGE,0.0,0.03,0.0,4.01332,-0.698132,0.0,1,0,21.141,18.857,0.0,0.03,0.0,4.2,5.1,2.0,0.5,0.05,0,-0.18668,1.08668,0.0
673,2026-04-27T09:25:29.760Z,S20260427_102446,SC01,AUTO,25.8748,43.5676,0.0623,hold,1,1700,MI-CHARGE,0.0,0.03,0.0,4.011611,-0.698132,-0.0,1,0,19.172,20.095,0.0,0.03,0.0,4.2,5.1,2.0,0.5,0.05,0,-0.18839,1.08839,0.0
674,2026-04-27T09:25:29.822Z,S20260427_102446,SC01,AUTO,25.9372,43.63,0.0624,hold,1,1700,MI-CHARGE,0.0,0.03,0.0,4.009901,-0.698132,-0.0,1,0,19.06,18.286,0.0,0.03,0.0,4.2,5.1,2.0,0.5,0.05,0,-0.1901,1.0901,0.0
675,2026-04-27T09:25:29.886Z,S20260427_102446,SC01,AUTO,26.0005,43.6933,0.0633,hold,1,1700,MI-CHARGE,0.0,0.03,0.0,4.008191,-0.698132,-0.0,1,0,18.59,15.024,0.0,0.03,0.0,4.2,5.1,2.0,0.5,0.05,0,-0.19181,1.09181,0.0
676,2026-04-27T09:25:29.949Z,S20260427_102446,SC01,AUTO,26.0638,43.7566,0.0633,hold,1,1700,MI-CHARGE,0.0,0.03,0.0,4.006482,-0.698132,-0.0,1,0,20.758,17.598,0.0,0.03,0.0,4.2,5.1,2.0,0.5,0.05,0,-0.19352,1.09352,0.0
677,2026-04-27T09:25:30.012Z,S20260427_102446,SC01,AUTO,26.1269,43.8197,0.0631,hold,1,1700,MI-CHARGE,0.0,0.03,0.0,4.004772,-0.698132,0.0,1,0,22.521,18.747,0.0,0.03,0.0,4.2,5.1,2.0,0.5,0.05,0,-0.19523,1.09523,0.0
678,2026-04-27T09:25:30.074Z,S20260427_102446,SC01,AUTO,26.1884,43.8812,0.0615,hold,1,1700,MI-CHARGE,0.0,0.03,0.0,4.003063,-0.698132,-0.0,1,0,22.82,19.089,0.0,0.03,0.0,4.2,5.1,2.0,0.5,0.05,0,-0.19694,1.09694,0.0
679,2026-04-27T09:25:30.138Z,S20260427_102446,SC01,AUTO,26.2528,43.9456,0.0644,hold,1,1700,MI-CHARGE,0.0,0.03,0.0,4.001354,-0.698132,0.0,1,0,22.377,18.891,0.0,0.03,0.0,4.2,5.1,2.0,0.5,0.05,0,-0.19865,1.09865,0.0
680,2026-04-27T09:25:30.209Z,S20260427_102446,SC01,AUTO,26.3244,44.0172,0.0716,hold,1,1700,MI-CHARGE,0.0,0.03,0.0,3.998792,-0.698132,0.0,1,0,20.434,19.592,0.0,0.03,0.0,4.2,5.1,2.0,0.5,0.05,0,-0.20121,1.10121,0.0
681,2026-04-27T09:25:30.263Z,S20260427_102446,SC01,AUTO,26.3778,44.0706,0.0534,hold,1,1700,MI-CHARGE,0.0,0.03,0.0,3.997653,-0.698132,0.0,1,0,37.307,12.379,0.0,0.03,0.0,4.2,5.1,2.0,0.5,0.05,0,-0.20235,1.10235,0.0
682,2026-04-27T09:25:30.326Z,S20260427_102446,SC01,AUTO,26.4407,44.1335,0.0629,hold,1,1700,MI-CHARGE,0.0,0.03,0.0,3.995375,-0.698132,0.0,1,0,17.969,19.424,0.0,0.03,0.0,4.2,5.1,2.0,0.5,0.05,0,-0.20462,1.10462,0.0
683,2026-04-27T09:25:30.386Z,S20260427_102446,SC01,AUTO,26.5008,44.1936,0.0601,hold,1,1700,MI-CHARGE,0.0,0.03,0.0,3.993667,-0.698132,-0.0,1,0,17.579,18.967,0.0,0.03,0.0,4.2,5.1,2.0,0.5,0.05,0,-0.20633,1.10633,0.0
684,2026-04-27T09:25:30.446Z,S20260427_102446,SC01,AUTO,26.5611,44.2539,0.0603,hold,1,1700,MI-CHARGE,0.0,0.03,0.0,3.99196,-0.698132,0.0,1,0,18.894,19.338,0.0,0.03,0.0,4.2,5.1,2.0,0.5,0.05,0,-0.20804,1.10804,0.0
685,2026-04-27T09:25:30.510Z,S20260427_102446,SC01,AUTO,26.6251,44.3179,0.064,hold,1,1700,MI-CHARGE,0.0,0.03,0.0,3.990252,-0.698132,0.0,1,0,19.095,19.269,0.0,0.03,0.0,4.2,5.1,2.0,0.5,0.05,0,-0.20975,1.10975,0.0
686,2026-04-27T09:25:30.574Z,S20260427_102446,SC01,AUTO,26.689,44.3818,0.0639,hold,1,1700,MI-CHARGE,0.0,0.03,0.0,3.988545,-0.698132,0.0,1,0,19.471,18.432,0.0,0.03,0.0,4.2,5.1,2.0,0.5,0.05,0,-0.21145,1.11145,0.0
687,2026-04-27T09:25:30.636Z,S20260427_102446,SC01,AUTO,26.7511,44.4439,0.0621,hold,1,1700,MI-CHARGE,0.0,0.03,0.0,3.986838,-0.698132,0.0,1,0,18.789,19.336,0.0,0.03,0.0,4.2,5.1,2.0,0.5,0.05,0,-0.21316,1.11316,0.0
688,2026-04-27T09:25:30.699Z,S20260427_102446,SC01,AUTO,26.8137,44.5065,0.0625,hold,1,1700,MI-CHARGE,0.0,0.03,0.0,3.985131,-0.698132,-0.0,1,0,19.02,19.424,0.0,0.03,0.0,4.2,5.1,2.0,0.5,0.05,0,-0.21487,1.11487,0.0
689,2026-04-27T09:25:30.760Z,S20260427_102446,SC01,AUTO,26.8753,44.5681,0.0617,hold,1,1700,MI-CHARGE,0.0,0.03,0.0,3.983425,-0.698132,0.0,1,0,17.412,18.746,0.0,0.03,0.0,4.2,5.1,2.0,0.5,0.05,0,-0.21658,1.11658,0.0
690,2026-04-27T09:25:30.823Z,S20260427_102446,SC01,AUTO,26.9376,44.6304,0.0622,hold,1,1700,MI-CHARGE,0.0,0.03,0.0,3.981719,-0.698132,0.0,1,0,18.253,16.446,0.0,0.03,0.0,4.2,5.1,2.0,0.5,0.05,0,-0.21828,1.11828,0.0
691,2026-04-27T09:25:30.885Z,S20260427_102446,SC01,AUTO,27.0001,44.6929,0.0626,hold,1,1700,MI-CHARGE,0.0,0.03,0.0,3.980012,-0.698132,0.0,1,0,16.36,15.541,0.0,0.03,0.0,4.2,5.1,2.0,0.5,0.05,0,-0.21999,1.11999,0.0
692,2026-04-27T09:25:30.949Z,S20260427_102446,SC01,AUTO,27.0638,44.7566,0.0637,hold,1,1700,MI-CHARGE,0.0,0.03,0.0,3.978022,-0.698132,-0.0,1,0,43.541,26.316,0.0,0.03,0.0,4.2,5.1,2.0,0.5,0.05,0,-0.22198,1.12198,0.0
693,2026-04-27T09:25:31.012Z,S20260427_102446,SC01,AUTO,27.1266,44.8194,0.0629,hold,1,1700,MI-CHARGE,0.0,0.03,0.0,3.975748,-0.698132,-0.0,1,0,22.032,19.538,0.0,0.03,0.0,4.2,5.1,2.0,0.5,0.05,0,-0.22425,1.12425,0.0
694,2026-04-27T09:25:31.075Z,S20260427_102446,SC01,AUTO,27.19,44.8828,0.0633,hold,1,1700,MI-CHARGE,0.0,0.03,0.0,3.974042,-0.698132,-0.0,1,0,21.863,19.413,0.0,0.03,0.0,4.2,5.1,2.0,0.5,0.05,0,-0.22596,1.12596,0.0
695,2026-04-27T09:25:31.134Z,S20260427_102446,SC01,AUTO,27.249,44.9418,0.0591,hold,1,1700,MI-CHARGE,0.0,0.03,0.0,3.972337,-0.698132,-0.0,1,0,20.839,19.221,0.0,0.03,0.0,4.2,5.1,2.0,0.5,0.05,0,-0.22766,1.12766,0.0
696,2026-04-27T09:25:31.201Z,S20260427_102446,SC01,AUTO,27.3158,45.0086,0.0668,hold,1,1700,MI-CHARGE,0.0,0.03,0.0,3.970632,-0.698132,-0.0,1,0,18.201,19.131,0.0,0.03,0.0,4.2,5.1,2.0,0.5,0.05,0,-0.22937,1.12937,0.0
697,2026-04-27T09:25:31.263Z,S20260427_102446,SC01,AUTO,27.3777,45.0705,0.0618,hold,1,1700,MI-CHARGE,0.0,0.03,0.0,3.968928,-0.698132,-0.0,1,0,25.932,28.135,0.0,0.03,0.0,4.2,5.1,2.0,0.5,0.05,0,-0.23107,1.13107,0.0
698,2026-04-27T09:25:31.325Z,S20260427_102446,SC01,AUTO,27.4403,45.1331,0.0627,hold,1,1700,MI-CHARGE,0.0,0.03,0.0,3.967223,-0.698132,-0.0,1,0,14.154,15.024,0.0,0.03,0.0,4.2,5.1,2.0,0.5,0.05,0,-0.23278,1.13278,0.0
699,2026-04-27T09:25:31.385Z,S20260427_102446,SC01,AUTO,27.4999,45.1927,0.0596,hold,1,1700,MI-CHARGE,0.0,0.03,0.0,3.965519,-0.698132,0.0,1,0,13.092,17.764,0.0,0.03,0.0,4.2,5.1,2.0,0.5,0.05,0,-0.23448,1.13448,0.0
700,2026-04-27T09:25:31.450Z,S20260427_102446,SC01,AUTO,27.5646,45.2574,0.0647,hold,1,1700,MI-CHARGE,0.0,0.03,0.0,3.962963,-0.698132,0.0,1,0,22.266,19.04,0.0,0.03,0.0,4.2,5.1,2.0,0.5,0.05,0,-0.23704,1.13704,0.0
701,2026-04-27T09:25:31.511Z,S20260427_102446,SC01,AUTO,27.6259,45.3187,0.0613,hold,1,1700,MI-CHARGE,0.0,0.03,0.0,3.961259,-0.698132,0.0,1,0,17.768,19.519,0.0,0.03,0.0,4.2,5.1,2.0,0.5,0.05,0,-0.23874,1.13874,0.0
702,2026-04-27T09:25:31.573Z,S20260427_102446,SC01,AUTO,27.688,45.3808,0.0621,hold,1,1700,MI-CHARGE,0.0,0.03,0.0,3.959555,-0.698132,0.0,1,0,15.405,19.78,0.0,0.03,0.0,4.2,5.1,2.0,0.5,0.05,0,-0.24044,1.14044,0.0
703,2026-04-27T09:25:31.635Z,S20260427_102446,SC01,AUTO,27.7497,45.4425,0.0617,hold,1,1700,MI-CHARGE,0.0,0.03,0.0,3.957852,-0.698132,-0.0,1,0,11.408,19.686,0.0,0.03,0.0,4.2,5.1,2.0,0.5,0.05,0,-0.24215,1.14215,0.0
704,2026-04-27T09:25:31.697Z,S20260427_102446,SC01,AUTO,27.8122,45.505,0.0625,hold,1,1700,MI-CHARGE,0.0,0.03,0.0,3.956149,-0.698132,-0.0,1,0,9.654,19.823,0.0,0.03,0.0,4.2,5.1,2.0,0.5,0.05,0,-0.24385,1.14385,0.0
705,2026-04-27T09:25:31.760Z,S20260427_102446,SC01,AUTO,27.875,45.5678,0.0629,hold,1,1700,MI-CHARGE,0.0,0.03,0.0,3.954162,-0.698132,0.0,1,0,34.383,26.506,0.0,0.03,0.0,4.2,5.1,2.0,0.5,0.05,0,-0.24584,1.14584,0.0
706,2026-04-27T09:25:31.822Z,S20260427_102446,SC01,AUTO,27.9367,45.6295,0.0617,hold,1,1700,MI-CHARGE,0.0,0.03,0.0,3.952459,-0.698132,0.0,1,0,36.828,9.333,0.0,0.03,0.0,4.2,5.1,2.0,0.5,0.05,0,-0.24754,1.14754,0.0
707,2026-04-27T09:25:31.885Z,S20260427_102446,SC01,AUTO,28.0003,45.6931,0.0636,hold,1,1700,MI-CHARGE,0.0,0.03,0.0,3.950189,-0.698132,-0.0,1,0,15.287,18.97,0.0,0.03,0.0,4.2,5.1,2.0,0.5,0.05,0,-0.24981,1.14981,0.0
708,2026-04-27T09:25:31.949Z,S20260427_102446,SC01,AUTO,28.0636,45.7564,0.0633,hold,1,1700,MI-CHARGE,0.0,0.03,0.0,3.948487,-0.698132,-0.0,1,0,13.227,19.074,0.0,0.03,0.0,4.2,5.1,2.0,0.5,0.05,0,-0.25151,1.15151,0.0
709,2026-04-27T09:25:32.009Z,S20260427_102446,SC01,AUTO,28.1244,45.8172,0.0607,hold,1,1700,MI-CHARGE,0.0,0.03,0.0,3.946785,-0.698132,-0.0,1,0,14.18,18.749,0.0,0.03,0.0,4.2,5.1,2.0,0.5,0.05,0,-0.25321,1.15321,0.0
710,2026-04-27T09:25:32.073Z,S20260427_102446,SC01,AUTO,28.1875,45.8803,0.063,hold,1,1700,MI-CHARGE,0.0,0.03,0.0,3.945083,-0.698132,0.0,1,0,10.674,19.385,0.0,0.03,0.0,4.2,5.1,2.0,0.5,0.05,0,-0.25492,1.15492,0.0
711,2026-04-27T09:25:32.136Z,S20260427_102446,SC01,AUTO,28.2509,45.9437,0.0635,hold,1,1700,MI-CHARGE,0.0,0.03,0.0,3.943382,-0.698132,0.0,1,0,28.647,18.875,0.0,0.03,0.0,4.2,5.1,2.0,0.5,0.05,0,-0.25662,1.15662,0.0
712,2026-04-27T09:25:32.206Z,S20260427_102446,SC01,AUTO,28.3208,46.0136,0.0699,hold,1,1700,MI-CHARGE,0.0,0.03,0.0,3.94083,-0.698132,0.0,1,0,16.189,19.641,0.0,0.03,0.0,4.2,5.1,2.0,0.5,0.05,0,-0.25917,1.15917,0.0
713,2026-04-27T09:25:32.262Z,S20260427_102446,SC01,AUTO,28.3767,46.0695,0.0559,hold,1,1700,MI-CHARGE,0.0,0.03,0.0,3.939129,-0.698132,0.0,1,0,11.686,19.467,0.0,0.03,0.0,4.2,5.1,2.0,0.5,0.05,0,-0.26087,1.16087,0.0
714,2026-04-27T09:25:32.323Z,S20260427_102446,SC01,AUTO,28.4383,46.1311,0.0617,hold,1,1700,MI-CHARGE,0.0,0.03,0.0,3.937428,-0.698132,-0.0,1,0,7.823,19.614,0.0,0.03,0.0,4.2,5.1,2.0,0.5,0.05,0,-0.26257,1.16257,0.0
715,2026-04-27T09:25:32.385Z,S20260427_102446,SC01,AUTO,28.4999,46.1927,0.0615,hold,1,1700,MI-CHARGE,0.0,0.03,0.0,3.935727,-0.698132,0.0,1,0,23.103,15.902,0.0,0.03,0.0,4.2,5.1,2.0,0.5,0.05,0,-0.26427,1.16427,0.0
716,2026-04-27T09:25:32.450Z,S20260427_102446,SC01,AUTO,28.5649,46.2577,0.065,hold,1,1700,MI-CHARGE,0.0,0.03,0.0,3.934027,-0.698132,0.0,1,0,20.295,20.005,0.0,0.03,0.0,4.2,5.1,2.0,0.5,0.05,0,-0.26597,1.16597,0.0
717,2026-04-27T09:25:32.510Z,S20260427_102446,SC01,AUTO,28.625,46.3178,0.0601,hold,1,1700,MI-CHARGE,0.0,0.03,0.0,3.932043,-0.698132,0.0,1,0,44.198,25.641,0.0,0.03,0.0,4.2,5.1,2.0,0.5,0.05,0,-0.26796,1.16796,0.0
718,2026-04-27T09:25:32.573Z,S20260427_102446,SC01,AUTO,28.688,46.3808,0.0631,hold,1,1700,MI-CHARGE,0.0,0.03,0.0,3.929777,-0.698132,0.0,1,0,17.719,19.44,0.0,0.03,0.0,4.2,5.1,2.0,0.5,0.05,0,-0.27022,1.17022,0.0
719,2026-04-27T09:25:32.635Z,S20260427_102446,SC01,AUTO,28.7499,46.4427,0.0619,hold,1,1700,MI-CHARGE,0.0,0.03,0.0,3.928077,-0.698132,0.0,1,0,12.7,16.595,0.0,0.03,0.0,4.2,5.1,2.0,0.5,0.05,0,-0.27192,1.17192,0.0
720,2026-04-27T09:25:32.696Z,S20260427_102446,SC01,AUTO,28.8114,46.5042,0.0614,hold,1,1700,MI-CHARGE,0.0,0.03,0.0,3.926378,-0.698132,-0.0,1,0,5.617,20.684,0.0,0.03,0.0,4.2,5.1,2.0,0.5,0.05,0,-0.27362,1.17362,0.0
721,2026-04-27T09:25:32.759Z,S20260427_102446,SC01,AUTO,28.8735,46.5663,0.0622,hold,1,1700,MI-CHARGE,0.0,0.03,0.0,3.923829,-0.698132,0.0,1,0,10.148,19.262,0.0,0.03,0.0,4.2,5.1,2.0,0.5,0.05,0,-0.27617,1.17617,0.0
722,2026-04-27T09:25:32.822Z,S20260427_102446,SC01,AUTO,28.9367,46.6295,0.0632,hold,1,1700,MI-CHARGE,0.0,0.03,0.0,3.92213,-0.698132,-0.0,1,0,22.86,20.43,0.0,0.03,0.0,4.2,5.1,2.0,0.5,0.05,0,-0.27787,1.17787,0.0
723,2026-04-27T09:25:32.885Z,S20260427_102446,SC01,AUTO,29.0001,46.6929,0.0634,hold,1,1700,MI-CHARGE,0.0,0.03,0.0,3.920431,-0.698132,-0.0,1,0,17.451,16.974,0.0,0.03,0.0,4.2,5.1,2.0,0.5,0.05,0,-0.27957,1.17957,0.0
724,2026-04-27T09:25:32.949Z,S20260427_102446,SC01,AUTO,29.0642,46.757,0.0641,hold,1,1700,MI-CHARGE,0.0,0.03,0.0,3.917884,-0.698132,-0.0,1,0,16.318,19.561,0.0,0.03,0.0,4.2,5.1,2.0,0.5,0.05,0,-0.28212,1.18212,0.0
725,2026-04-27T09:25:33.012Z,S20260427_102446,SC01,AUTO,29.127,46.8198,0.0628,hold,1,1700,MI-CHARGE,0.0,0.03,0.0,3.916185,-0.698132,0.0,1,0,10.56,19.657,0.0,0.03,0.0,4.2,5.1,2.0,0.5,0.05,0,-0.28381,1.18381,0.0
726,2026-04-27T09:25:33.073Z,S20260427_102446,SC01,AUTO,29.1883,46.8811,0.0613,hold,1,1700,MI-CHARGE,0.0,0.03,0.0,3.914487,-0.698132,-0.0,1,0,6.468,19.364,0.0,0.03,0.0,4.2,5.1,2.0,0.5,0.05,0,-0.28551,1.18551,0.0
727,2026-04-27T09:25:33.134Z,S20260427_102446,SC01,AUTO,29.249,46.9418,0.0607,hold,1,1700,MI-CHARGE,0.0,0.03,0.0,3.91279,-0.698132,-0.0,1,0,25.076,19.661,0.0,0.03,0.0,4.2,5.1,2.0,0.5,0.05,0,-0.28721,1.18721,0.0
728,2026-04-27T09:25:33.199Z,S20260427_102446,SC01,AUTO,29.3136,47.0064,0.0646,hold,1,1700,MI-CHARGE,0.0,0.03,0.0,3.910243,-0.698132,-0.0,1,0,24.485,19.965,0.0,0.03,0.0,4.2,5.1,2.0,0.5,0.05,0,-0.28976,1.18976,0.0
729,2026-04-27T09:25:33.262Z,S20260427_102446,SC01,AUTO,29.3765,47.0693,0.0629,hold,1,1700,MI-CHARGE,0.0,0.03,0.0,3.908546,-0.698132,-0.0,1,0,18.105,20.292,0.0,0.03,0.0,4.2,5.1,2.0,0.5,0.05,0,-0.29145,1.19145,0.0
730,2026-04-27T09:25:33.324Z,S20260427_102446,SC01,AUTO,29.4392,47.132,0.0626,hold,1,1700,MI-CHARGE,0.0,0.03,0.0,3.906,-0.698132,0.0,1,0,19.278,18.57,0.0,0.03,0.0,4.2,5.1,2.0,0.5,0.05,0,-0.294,1.194,0.0
731,2026-04-27T09:25:33.385Z,S20260427_102446,SC01,AUTO,29.5001,47.1929,0.061,hold,1,1700,MI-CHARGE,0.0,0.03,0.0,3.904304,-0.698132,-0.0,1,0,12.558,19.838,0.0,0.03,0.0,4.2,5.1,2.0,0.5,0.05,0,-0.2957,1.1957,0.0
732,2026-04-27T09:25:33.446Z,S20260427_102446,SC01,AUTO,29.5612,47.254,0.0611,hold,1,1700,MI-CHARGE,0.0,0.03,0.0,3.902607,-0.698132,-0.0,1,0,8.526,19.219,0.0,0.03,0.0,4.2,5.1,2.0,0.5,0.05,0,-0.29739,1.19739,0.0
733,2026-04-27T09:25:33.510Z,S20260427_102446,SC01,AUTO,29.6247,47.3175,0.0635,hold,1,1700,MI-CHARGE,0.0,0.03,0.0,3.900911,-0.698132,0.0,1,0,22.612,20.134,0.0,0.03,0.0,4.2,5.1,2.0,0.5,0.05,0,-0.29909,1.19909,0.0
734,2026-04-27T09:25:33.582Z,S20260427_102446,SC01,AUTO,29.6971,47.3899,0.0723,hold,1,1700,MI-CHARGE,0.0,0.03,0.0,3.898367,-0.698132,0.0,1,0,9.792,19.588,0.0,0.03,0.0,4.2,5.1,2.0,0.5,0.05,0,-0.30163,1.20163,0.0
735,2026-04-27T09:25:33.645Z,S20260427_102446,SC01,AUTO,29.7601,47.4529,0.0631,hold,1,1700,MI-CHARGE,0.0,0.03,0.0,3.896671,-0.698132,0.0,1,0,24.554,16.659,0.0,0.03,0.0,4.2,5.1,2.0,0.5,0.05,0,-0.30333,1.20333,0.0
736,2026-04-27T09:25:33.705Z,S20260427_102446,SC01,AUTO,29.8201,47.5129,0.06,hold,1,1700,MI-CHARGE,0.0,0.03,0.0,3.894975,-0.698132,0.0,1,0,19.217,19.664,0.0,0.03,0.0,4.2,5.1,2.0,0.5,0.05,0,-0.30502,1.20502,0.0
737,2026-04-27T09:25:33.765Z,S20260427_102446,SC01,AUTO,29.8801,47.5729,0.0599,hold,1,1700,MI-CHARGE,0.0,0.03,0.0,3.89328,-0.698132,0.0,1,0,21.822,18.737,0.0,0.03,0.0,4.2,5.1,2.0,0.5,0.05,0,-0.30672,1.20672,0.0
738,2026-04-27T09:25:33.822Z,S20260427_102446,SC01,AUTO,29.9368,47.6296,0.0568,hold,1,1700,MI-CHARGE,0.0,0.03,0.0,3.891585,-0.698132,-0.0,1,0,22.803,19.778,0.0,0.03,0.0,4.2,5.1,2.0,0.5,0.05,0,-0.30842,1.20842,0.0
739,2026-04-27T09:25:33.885Z,S20260427_102446,SC01,AUTO,30.0003,47.6931,0.0634,hold,1,1700,MI-CHARGE,0.0,0.03,0.0,3.88989,-0.698132,0.0,1,0,16.653,15.889,0.0,0.03,0.0,4.2,5.1,2.0,0.5,0.05,0,-0.31011,1.21011,0.0
740,2026-04-27T09:25:33.950Z,S20260427_102446,SC01,AUTO,30.0653,47.7581,0.065,hold,1,1700,MI-CHARGE,0.0,0.03,0.0,3.887348,-0.698132,-0.0,1,0,18.8,20.221,0.0,0.03,0.0,4.2,5.1,2.0,0.5,0.05,0,-0.31265,1.21265,0.0
741,2026-04-27T09:25:34.014Z,S20260427_102446,SC01,AUTO,30.1291,47.8219,0.0638,hold,1,1700,MI-CHARGE,0.0,0.03,0.0,3.885653,-0.698132,0.0,1,0,14.894,19.372,0.0,0.03,0.0,4.2,5.1,2.0,0.5,0.05,0,-0.31435,1.21435,0.0
742,2026-04-27T09:25:34.078Z,S20260427_102446,SC01,AUTO,30.1928,47.8856,0.0637,hold,1,1700,MI-CHARGE,0.0,0.03,0.0,3.883959,-0.698132,0.0,1,0,11.985,19.544,0.0,0.03,0.0,4.2,5.1,2.0,0.5,0.05,0,-0.31604,1.21604,0.0
743,2026-04-27T09:25:34.142Z,S20260427_102446,SC01,AUTO,30.2573,47.9501,0.0645,hold,1,1700,MI-CHARGE,0.0,0.03,0.0,3.881418,-0.698132,0.0,1,0,11.615,19.465,0.0,0.03,0.0,4.2,5.1,2.0,0.5,0.05,0,-0.31858,1.21858,0.0
744,2026-04-27T09:25:34.209Z,S20260427_102446,SC01,AUTO,30.3235,48.0163,0.0661,hold,1,1700,MI-CHARGE,0.0,0.03,0.0,3.879725,-0.698132,0.0,1,0,25.722,16.703,0.0,0.03,0.0,4.2,5.1,2.0,0.5,0.05,0,-0.32028,1.22028,0.0
745,2026-04-27T09:25:34.266Z,S20260427_102446,SC01,AUTO,30.3809,48.0737,0.0575,hold,1,1700,MI-CHARGE,0.0,0.03,0.0,3.878031,-0.698132,0.0,1,0,20.991,19.518,0.0,0.03,0.0,4.2,5.1,2.0,0.5,0.05,0,-0.32197,1.22197,0.0
746,2026-04-27T09:25:34.326Z,S20260427_102446,SC01,AUTO,30.4411,48.1338,0.0601,hold,1,1700,MI-CHARGE,0.0,0.03,0.0,3.876055,-0.698132,0.0,1,0,40.7,25.394,0.0,0.03,0.0,4.2,5.1,2.0,0.5,0.05,0,-0.32394,1.22394,0.0
747,2026-04-27T09:25:34.385Z,S20260427_102446,SC01,AUTO,30.4996,48.1924,0.0586,hold,1,1700,MI-CHARGE,0.0,0.03,0.0,3.873798,-0.698132,0.0,1,0,15.845,19.835,0.0,0.03,0.0,4.2,5.1,2.0,0.5,0.05,0,-0.3262,1.2262,0.0
748,2026-04-27T09:25:34.459Z,S20260427_102446,SC01,AUTO,30.5735,48.2663,0.0738,hold,1,1700,MI-CHARGE,0.0,0.03,0.0,3.872105,-0.698132,0.0,1,0,9.993,20.526,0.0,0.03,0.0,4.2,5.1,2.0,0.5,0.05,0,-0.32789,1.22789,0.0
749,2026-04-27T09:25:34.510Z,S20260427_102446,SC01,AUTO,30.6247,48.3175,0.0512,hold,1,1700,MI-CHARGE,0.0,0.03,0.0,3.870413,-0.698132,-0.0,1,0,24.455,19.574,0.0,0.03,0.0,4.2,5.1,2.0,0.5,0.05,0,-0.32959,1.22959,0.0
750,2026-04-27T09:25:34.574Z,S20260427_102446,SC01,AUTO,30.6892,48.382,0.0644,hold,1,1700,MI-CHARGE,0.0,0.03,0.0,3.867874,-0.698132,0.0,1,0,26.784,18.536,0.0,0.03,0.0,4.2,5.1,2.0,0.5,0.05,0,-0.33213,1.23213,0.0
751,2026-04-27T09:25:34.638Z,S20260427_102446,SC01,AUTO,30.753,48.4458,0.0639,hold,1,1700,MI-CHARGE,0.0,0.03,0.0,3.866182,-0.698132,0.0,1,0,22.383,19.088,0.0,0.03,0.0,4.2,5.1,2.0,0.5,0.05,0,-0.33382,1.23382,0.0
752,2026-04-27T09:25:34.702Z,S20260427_102446,SC01,AUTO,30.817,48.5098,0.0639,hold,1,1700,MI-CHARGE,0.0,0.03,0.0,3.86449,-0.698132,0.0,1,0,15.828,19.918,0.0,0.03,0.0,4.2,5.1,2.0,0.5,0.05,0,-0.33551,1.23551,0.0
753,2026-04-27T09:25:34.766Z,S20260427_102446,SC01,AUTO,30.8808,48.5736,0.0638,hold,1,1700,MI-CHARGE,0.0,0.03,0.0,3.861953,-0.698132,0.0,1,0,17.097,19.324,0.0,0.03,0.0,4.2,5.1,2.0,0.5,0.05,0,-0.33805,1.23805,0.0
754,2026-04-27T09:25:34.825Z,S20260427_102446,SC01,AUTO,30.9398,48.6326,0.059,hold,1,1700,MI-CHARGE,0.0,0.03,0.0,3.860262,-0.698132,0.0,1,0,11.867,18.97,0.0,0.03,0.0,4.2,5.1,2.0,0.5,0.05,0,-0.33974,1.23974,0.0
755,2026-04-27T09:25:34.886Z,S20260427_102446,SC01,AUTO,31.0012,48.694,0.0614,hold,1,1700,MI-CHARGE,0.0,0.03,0.0,3.85857,-0.698132,-0.0,1,0,26.761,20.428,0.0,0.03,0.0,4.2,5.1,2.0,0.5,0.05,0,-0.34143,1.24143,0.0
756,2026-04-27T09:25:34.956Z,S20260427_102446,SC01,AUTO,31.0706,48.7634,0.0694,hold,1,1700,MI-CHARGE,0.0,0.03,0.0,3.856034,-0.698132,-0.0,1,0,9.334,18.968,0.0,0.03,0.0,4.2,5.1,2.0,0.5,0.05,0,-0.34397,1.24397,0.0
757,2026-04-27T09:25:35.016Z,S20260427_102446,SC01,AUTO,31.1312,48.824,0.0607,hold,1,1700,MI-CHARGE,0.0,0.03,0.0,3.854343,-0.698132,-0.0,1,0,21.069,20.561,0.0,0.03,0.0,4.2,5.1,2.0,0.5,0.05,0,-0.34566,1.24566,0.0
758,2026-04-27T09:25:35.079Z,S20260427_102446,SC01,AUTO,31.1935,48.8863,0.0622,hold,1,1700,MI-CHARGE,0.0,0.03,0.0,3.852653,-0.698132,-0.0,1,0,14.994,20.276,0.0,0.03,0.0,4.2,5.1,2.0,0.5,0.05,0,-0.34735,1.24735,0.0
759,2026-04-27T09:25:35.134Z,S20260427_102446,SC01,AUTO,31.2488,48.9416,0.0554,hold,1,1700,MI-CHARGE,0.0,0.03,0.0,3.850963,-0.698132,-0.0,1,0,13.683,19.154,0.0,0.03,0.0,4.2,5.1,2.0,0.5,0.05,0,-0.34904,1.24904,0.0
760,2026-04-27T09:25:35.205Z,S20260427_102446,SC01,AUTO,31.3202,49.013,0.0714,hold,1,1700,MI-CHARGE,0.0,0.03,0.0,3.848428,-0.698132,-0.0,1,0,15.632,19.321,0.0,0.03,0.0,4.2,5.1,2.0,0.5,0.05,0,-0.35157,1.25157,0.0
761,2026-04-27T09:25:35.262Z,S20260427_102446,SC01,AUTO,31.3768,49.0696,0.0566,hold,1,1700,MI-CHARGE,0.0,0.03,0.0,3.846738,-0.698132,0.0,1,0,7.778,19.967,0.0,0.03,0.0,4.2,5.1,2.0,0.5,0.05,0,-0.35326,1.25326,0.0
762,2026-04-27T09:25:35.326Z,S20260427_102446,SC01,AUTO,31.4409,49.1337,0.0641,hold,1,1700,MI-CHARGE,0.0,0.03,0.0,3.845049,-0.698132,-0.0,1,0,21.044,16.848,0.0,0.03,0.0,4.2,5.1,2.0,0.5,0.05,0,-0.35495,1.25495,0.0
763,2026-04-27T09:25:35.386Z,S20260427_102446,SC01,AUTO,31.5005,49.1933,0.0595,hold,1,1700,MI-CHARGE,0.0,0.03,0.0,3.842796,-0.698132,-0.0,1,0,40.154,0.89,0.0,0.03,0.0,4.2,5.1,2.0,0.5,0.05,0,-0.3572,1.2572,0.0
764,2026-04-27T09:25:35.453Z,S20260427_102446,SC01,AUTO,31.5684,49.2612,0.0679,hold,1,1700,MI-CHARGE,0.0,0.03,0.0,3.840826,-0.698132,-0.0,1,0,13.971,19.774,0.0,0.03,0.0,4.2,5.1,2.0,0.5,0.05,0,-0.35917,1.25917,0.0
765,2026-04-27T09:25:35.516Z,S20260427_102446,SC01,AUTO,31.6309,49.3237,0.0625,hold,1,1700,MI-CHARGE,0.0,0.03,0.0,3.839137,-0.698132,-0.0,1,0,8.8,20.265,0.0,0.03,0.0,4.2,5.1,2.0,0.5,0.05,0,-0.36086,1.26086,0.0
766,2026-04-27T09:25:35.579Z,S20260427_102446,SC01,AUTO,31.6935,49.3863,0.0627,hold,1,1700,MI-CHARGE,0.0,0.03,0.0,3.836604,-0.698132,-0.0,1,0,9.228,19.231,0.0,0.03,0.0,4.2,5.1,2.0,0.5,0.05,0,-0.3634,1.2634,0.0
767,2026-04-27T09:25:35.642Z,S20260427_102446,SC01,AUTO,31.7568,49.4496,0.0633,hold,1,1700,MI-CHARGE,0.0,0.03,0.0,3.834916,-0.698132,0.0,1,0,23.46,19.466,0.0,0.03,0.0,4.2,5.1,2.0,0.5,0.05,0,-0.36508,1.26508,0.0
768,2026-04-27T09:25:35.703Z,S20260427_102446,SC01,AUTO,31.8182,49.511,0.0613,hold,1,1700,MI-CHARGE,0.0,0.03,0.0,3.833228,-0.698132,0.0,1,0,16.823,15.893,0.0,0.03,0.0,4.2,5.1,2.0,0.5,0.05,0,-0.36677,1.26677,0.0
769,2026-04-27T09:25:35.765Z,S20260427_102446,SC01,AUTO,31.8802,49.573,0.0621,hold,1,1700,MI-CHARGE,0.0,0.03,0.0,3.830696,-0.698132,0.0,1,0,17.25,19.066,0.0,0.03,0.0,4.2,5.1,2.0,0.5,0.05,0,-0.3693,1.2693,0.0
770,2026-04-27T09:25:35.821Z,S20260427_102446,SC01,AUTO,31.9362,49.629,0.056,hold,1,1700,MI-CHARGE,0.0,0.03,0.0,3.829009,-0.698132,0.0,1,0,12.769,18.93,0.0,0.03,0.0,4.2,5.1,2.0,0.5,0.05,0,-0.37099,1.27099,0.0
771,2026-04-27T09:25:35.885Z,S20260427_102446,SC01,AUTO,31.9999,49.6927,0.0638,hold,1,1700,MI-CHARGE,0.0,0.03,0.0,3.827322,-0.698132,0.0,1,0,25.194,18.648,0.0,0.03,0.0,4.2,5.1,2.0,0.5,0.05,0,-0.37268,1.27268,0.0
772,2026-04-27T09:25:35.950Z,S20260427_102446,SC01,AUTO,32.0651,49.7579,0.0651,hold,1,1700,MI-CHARGE,0.0,0.03,0.0,3.825634,-0.698132,0.0,1,0,20.582,19.314,0.0,0.03,0.0,4.2,5.1,2.0,0.5,0.05,0,-0.37437,1.27437,0.0
773,2026-04-27T09:25:36.014Z,S20260427_102446,SC01,AUTO,32.1288,49.8216,0.0638,hold,1,1700,MI-CHARGE,0.0,0.03,0.0,3.823104,-0.698132,-0.0,1,0,22.485,19.32,0.0,0.03,0.0,4.2,5.1,2.0,0.5,0.05,0,-0.3769,1.2769,0.0
774,2026-04-27T09:25:36.077Z,S20260427_102446,SC01,AUTO,32.1921,49.8849,0.0632,hold,1,1700,MI-CHARGE,0.0,0.03,0.0,3.821417,-0.698132,-0.0,1,0,14.489,18.72,0.0,0.03,0.0,4.2,5.1,2.0,0.5,0.05,0,-0.37858,1.27858,0.0
775,2026-04-27T09:25:36.140Z,S20260427_102446,SC01,AUTO,32.2545,49.9473,0.0625,hold,1,1700,MI-CHARGE,0.0,0.03,0.0,3.819731,-0.698132,-0.0,1,0,8.405,20.487,0.0,0.03,0.0,4.2,5.1,2.0,0.5,0.05,0,-0.38027,1.28027,0.0
776,2026-04-27T09:25:36.203Z,S20260427_102446,SC01,AUTO,32.3176,50.0104,0.0631,hold,1,1700,MI-CHARGE,0.0,0.03,0.0,3.817202,-0.698132,-0.0,1,0,11.482,19.076,0.0,0.03,0.0,4.2,5.1,2.0,0.5,0.05,0,-0.3828,1.2828,0.0
777,2026-04-27T09:25:36.264Z,S20260427_102446,SC01,AUTO,32.3793,50.0721,0.0617,hold,1,1700,MI-CHARGE,0.0,0.03,0.0,3.815516,-0.698132,-0.0,1,0,26.011,16.935,0.0,0.03,0.0,4.2,5.1,2.0,0.5,0.05,0,-0.38448,1.28448,0.0
778,2026-04-27T09:25:36.326Z,S20260427_102446,SC01,AUTO,32.4411,50.1339,0.0617,hold,1,1700,MI-CHARGE,0.0,0.03,0.0,3.81383,-0.698132,0.0,1,0,21.207,18.663,0.0,0.03,0.0,4.2,5.1,2.0,0.5,0.05,0,-0.38617,1.28617,0.0
779,2026-04-27T09:25:36.386Z,S20260427_102446,SC01,AUTO,32.5013,50.1941,0.0601,hold,1,1700,MI-CHARGE,0.0,0.03,0.0,3.811302,-0.698132,0.0,1,0,19.644,19.639,0.0,0.03,0.0,4.2,5.1,2.0,0.5,0.05,0,-0.3887,1.2887,0.0
780,2026-04-27T09:25:36.447Z,S20260427_102446,SC01,AUTO,32.562,50.2548,0.0607,hold,1,1700,MI-CHARGE,0.0,0.03,0.0,3.810459,-0.698132,-0.0,1,0,34.088,19.642,0.0,0.03,0.0,4.2,5.1,2.0,0.5,0.05,0,-0.38954,1.28954,0.0
781,2026-04-27T09:25:36.510Z,S20260427_102446,SC01,AUTO,32.6248,50.3176,0.0628,hold,1,1700,MI-CHARGE,0.0,0.03,0.0,3.807932,-0.698132,-0.0,1,0,21.684,19.215,0.0,0.03,0.0,4.2,5.1,2.0,0.5,0.05,0,-0.39207,1.29207,0.0
782,2026-04-27T09:25:36.574Z,S20260427_102446,SC01,AUTO,32.6886,50.3814,0.0638,hold,1,1700,MI-CHARGE,0.0,0.03,0.0,3.806247,-0.698132,0.0,1,0,14.82,19.059,0.0,0.03,0.0,4.2,5.1,2.0,0.5,0.05,0,-0.39375,1.29375,0.0
783,2026-04-27T09:25:36.638Z,S20260427_102446,SC01,AUTO,32.7532,50.446,0.0646,hold,1,1700,MI-CHARGE,0.0,0.03,0.0,3.804562,-0.698132,-0.0,1,0,8.473,20.477,0.0,0.03,0.0,4.2,5.1,2.0,0.5,0.05,0,-0.39544,1.29544,0.0
784,2026-04-27T09:25:36.702Z,S20260427_102446,SC01,AUTO,32.8168,50.5096,0.0636,hold,1,1700,MI-CHARGE,0.0,0.03,0.0,3.802036,-0.698132,-0.0,1,0,10.386,19.614,0.0,0.03,0.0,4.2,5.1,2.0,0.5,0.05,0,-0.39796,1.29796,0.0
785,2026-04-27T09:25:36.764Z,S20260427_102446,SC01,AUTO,32.8789,50.5717,0.0621,hold,1,1700,MI-CHARGE,0.0,0.03,0.0,3.800352,-0.698132,0.0,1,0,25.061,17.9,0.0,0.03,0.0,4.2,5.1,2.0,0.5,0.05,0,-0.39965,1.29965,0.0
786,2026-04-27T09:25:36.826Z,S20260427_102446,SC01,AUTO,32.9409,50.6337,0.062,hold,1,1700,MI-CHARGE,0.0,0.03,0.0,3.798668,-0.698132,0.0,1,0,25.514,19.731,0.0,0.03,0.0,4.2,5.1,2.0,0.5,0.05,0,-0.40133,1.30133,0.0
787,2026-04-27T09:25:36.886Z,S20260427_102446,SC01,AUTO,33.0005,50.6933,0.0597,hold,1,1700,MI-CHARGE,0.0,0.03,0.0,3.796984,-0.698132,0.0,1,0,19.183,19.306,0.0,0.03,0.0,4.2,5.1,2.0,0.5,0.05,0,-0.40302,1.30302,0.0
788,2026-04-27T09:25:36.951Z,S20260427_102446,SC01,AUTO,33.0662,50.759,0.0657,hold,1,1700,MI-CHARGE,0.0,0.03,0.0,3.794459,-0.698132,0.0,1,0,19.336,19.505,0.0,0.03,0.0,4.2,5.1,2.0,0.5,0.05,0,-0.40554,1.30554,0.0
789,2026-04-27T09:25:37.013Z,S20260427_102446,SC01,AUTO,33.1284,50.8212,0.0621,hold,1,1700,MI-CHARGE,0.0,0.03,0.0,3.792776,-0.698132,0.0,1,0,13.021,19.292,0.0,0.03,0.0,4.2,5.1,2.0,0.5,0.05,0,-0.40722,1.30722,0.0
790,2026-04-27T09:25:37.077Z,S20260427_102446,SC01,AUTO,33.1921,50.8849,0.0637,hold,1,1700,MI-CHARGE,0.0,0.03,0.0,3.791093,-0.698132,-0.0,1,0,8.254,19.844,0.0,0.03,0.0,4.2,5.1,2.0,0.5,0.05,0,-0.40891,1.30891,0.0
791,2026-04-27T09:25:37.134Z,S20260427_102446,SC01,AUTO,33.2492,50.942,0.0571,hold,1,1700,MI-CHARGE,0.0,0.03,0.0,3.78913,-0.698132,-0.0,1,0,29.102,6.311,0.0,0.03,0.0,4.2,5.1,2.0,0.5,0.05,0,-0.41087,1.31087,0.0
792,2026-04-27T09:25:37.199Z,S20260427_102446,SC01,AUTO,33.3136,51.0064,0.0644,hold,1,1700,MI-CHARGE,0.0,0.03,0.0,3.786886,-0.698132,0.0,1,0,24.447,19.78,0.0,0.03,0.0,4.2,5.1,2.0,0.5,0.05,0,-0.41311,1.31311,0.0
793,2026-04-27T09:25:37.263Z,S20260427_102446,SC01,AUTO,33.3777,51.0705,0.0641,hold,1,1700,MI-CHARGE,0.0,0.03,0.0,3.785204,-0.698132,0.0,1,0,18.77,18.818,0.0,0.03,0.0,4.2,5.1,2.0,0.5,0.05,0,-0.4148,1.3148,0.0
794,2026-04-27T09:25:37.324Z,S20260427_102446,SC01,AUTO,33.4389,51.1317,0.0611,hold,1,1700,MI-CHARGE,0.0,0.03,0.0,3.783522,-0.698132,-0.0,1,0,12.558,15.393,0.0,0.03,0.0,4.2,5.1,2.0,0.5,0.05,0,-0.41648,1.31648,0.0
795,2026-04-27T09:25:37.386Z,S20260427_102446,SC01,AUTO,33.5008,51.1936,0.0619,hold,1,1700,MI-CHARGE,0.0,0.03,0.0,3.780999,-0.698132,-0.0,1,0,13.106,19.931,0.0,0.03,0.0,4.2,5.1,2.0,0.5,0.05,0,-0.419,1.319,0.0
796,2026-04-27T09:25:37.451Z,S20260427_102446,SC01,AUTO,33.5656,51.2584,0.0648,hold,1,1700,MI-CHARGE,0.0,0.03,0.0,3.779318,-0.698132,-0.0,1,0,25.976,19.403,0.0,0.03,0.0,4.2,5.1,2.0,0.5,0.05,0,-0.42068,1.32068,0.0
797,2026-04-27T09:25:37.512Z,S20260427_102446,SC01,AUTO,33.6273,51.3201,0.0617,hold,1,1700,MI-CHARGE,0.0,0.03,0.0,3.777637,-0.698132,0.0,1,0,20.854,20.111,0.0,0.03,0.0,4.2,5.1,2.0,0.5,0.05,0,-0.42236,1.32236,0.0
798,2026-04-27T09:25:37.574Z,S20260427_102446,SC01,AUTO,33.6892,51.382,0.0619,hold,1,1700,MI-CHARGE,0.0,0.03,0.0,3.775115,-0.698132,-0.0,1,0,24.834,19.863,0.0,0.03,0.0,4.2,5.1,2.0,0.5,0.05,0,-0.42489,1.32489,0.0
799,2026-04-27T09:25:37.636Z,S20260427_102446,SC01,AUTO,33.7514,51.4442,0.0622,hold,1,1700,MI-CHARGE,0.0,0.03,0.0,3.773434,-0.698132,0.0,1,0,19.252,19.449,0.0,0.03,0.0,4.2,5.1,2.0,0.5,0.05,0,-0.42657,1.32657,0.0
800,2026-04-27T09:25:37.700Z,S20260427_102446,SC01,AUTO,33.8145,51.5073,0.0631,hold,1,1700,MI-CHARGE,0.0,0.03,0.0,3.771753,-0.698132,-0.0,1,0,14.025,19.27,0.0,0.03,0.0,4.2,5.1,2.0,0.5,0.05,0,-0.42825,1.32825,0.0
801,2026-04-27T09:25:37.762Z,S20260427_102446,SC01,AUTO,33.8765,51.5693,0.0619,hold,1,1700,MI-CHARGE,0.0,0.03,0.0,3.769233,-0.698132,0.0,1,0,13.799,20.655,0.0,0.03,0.0,4.2,5.1,2.0,0.5,0.05,0,-0.43077,1.33077,0.0
802,2026-04-27T09:25:37.822Z,S20260427_102446,SC01,AUTO,33.937,51.6298,0.0606,hold,1,1700,MI-CHARGE,0.0,0.03,0.0,3.767553,-0.698132,-0.0,1,0,8.614,19.583,0.0,0.03,0.0,4.2,5.1,2.0,0.5,0.05,0,-0.43245,1.33245,0.0
803,2026-04-27T09:25:37.885Z,S20260427_102446,SC01,AUTO,34.0002,51.693,0.0632,hold,1,1700,MI-CHARGE,0.0,0.03,0.0,3.765872,-0.698132,-0.0,1,0,21.54,17.184,0.0,0.03,0.0,4.2,5.1,2.0,0.5,0.05,0,-0.43413,1.33413,0.0
804,2026-04-27T09:25:37.948Z,S20260427_102446,SC01,AUTO,34.0631,51.7559,0.0629,hold,1,1700,MI-CHARGE,0.0,0.03,0.0,3.763353,-0.698132,0.0,1,0,21.811,20.021,0.0,0.03,0.0,4.2,5.1,2.0,0.5,0.05,0,-0.43665,1.33665,0.0
805,2026-04-27T09:25:38.010Z,S20260427_102446,SC01,AUTO,34.1249,51.8177,0.0618,hold,1,1700,MI-CHARGE,0.0,0.03,0.0,3.761674,-0.698132,-0.0,1,0,17.083,19.07,0.0,0.03,0.0,4.2,5.1,2.0,0.5,0.05,0,-0.43833,1.33833,0.0
806,2026-04-27T09:25:38.074Z,S20260427_102446,SC01,AUTO,34.1885,51.8813,0.0636,hold,1,1700,MI-CHARGE,0.0,0.03,0.0,3.759994,-0.698132,0.0,1,0,8.433,19.403,0.0,0.03,0.0,4.2,5.1,2.0,0.5,0.05,0,-0.44001,1.34001,0.0
807,2026-04-27T09:25:38.135Z,S20260427_102446,SC01,AUTO,34.2499,51.9427,0.0615,hold,1,1700,MI-CHARGE,0.0,0.03,0.0,3.758315,-0.698132,-0.0,1,0,25.797,20.302,0.0,0.03,0.0,4.2,5.1,2.0,0.5,0.05,0,-0.44168,1.34168,0.0
808,2026-04-27T09:25:38.201Z,S20260427_102446,SC01,AUTO,34.3155,52.0083,0.0656,hold,1,1700,MI-CHARGE,0.0,0.03,0.0,3.755797,-0.698132,-0.0,1,0,9.527,19.941,0.0,0.03,0.0,4.2,5.1,2.0,0.5,0.05,0,-0.4442,1.3442,0.0
809,2026-04-27T09:25:38.260Z,S20260427_102446,SC01,AUTO,34.3751,52.0679,0.0596,hold,1,1700,MI-CHARGE,0.0,0.03,0.0,3.754118,-0.698132,-0.0,1,0,22.246,19.692,0.0,0.03,0.0,4.2,5.1,2.0,0.5,0.05,0,-0.44588,1.34588,0.0
810,2026-04-27T09:25:38.323Z,S20260427_102446,SC01,AUTO,34.438,52.1308,0.063,hold,1,1700,MI-CHARGE,0.0,0.03,0.0,3.75244,-0.698132,-0.0,1,0,17.039,19.013,0.0,0.03,0.0,4.2,5.1,2.0,0.5,0.05,0,-0.44756,1.34756,0.0
811,2026-04-27T09:25:38.385Z,S20260427_102446,SC01,AUTO,34.5001,52.1929,0.0621,hold,1,1700,MI-CHARGE,0.0,0.03,0.0,3.750762,-0.698132,-0.0,1,0,13.805,15.978,0.0,0.03,0.0,4.2,5.1,2.0,0.5,0.05,0,-0.44924,1.34924,0.0
812,2026-04-27T09:25:38.447Z,S20260427_102446,SC01,AUTO,34.5619,52.2547,0.0617,hold,1,1700,MI-CHARGE,0.0,0.03,0.0,3.748245,-0.698132,-0.0,1,0,18.327,19.489,0.0,0.03,0.0,4.2,5.1,2.0,0.5,0.05,0,-0.45175,1.35175,0.0
813,2026-04-27T09:25:38.509Z,S20260427_102446,SC01,AUTO,34.6238,52.3166,0.062,hold,1,1700,MI-CHARGE,0.0,0.03,0.0,3.746567,-0.698132,0.0,1,0,10.48,19.36,0.0,0.03,0.0,4.2,5.1,2.0,0.5,0.05,0,-0.45343,1.35343,0.0
814,2026-04-27T09:25:38.574Z,S20260427_102446,SC01,AUTO,34.6887,52.3815,0.0649,hold,1,1700,MI-CHARGE,0.0,0.03,0.0,3.74489,-0.698132,-0.0,1,0,25.866,19.677,0.0,0.03,0.0,4.2,5.1,2.0,0.5,0.05,0,-0.45511,1.35511,0.0
815,2026-04-27T09:25:38.634Z,S20260427_102446,SC01,AUTO,34.749,52.4418,0.0603,hold,1,1700,MI-CHARGE,0.0,0.03,0.0,3.743213,-0.698132,-0.0,1,0,24.095,19.451,0.0,0.03,0.0,4.2,5.1,2.0,0.5,0.05,0,-0.45679,1.35679,0.0
816,2026-04-27T09:25:38.697Z,S20260427_102446,SC01,AUTO,34.8117,52.5045,0.0626,hold,1,1700,MI-CHARGE,0.0,0.03,0.0,3.741256,-0.698132,0.0,1,0,28.971,6.899,0.0,0.03,0.0,4.2,5.1,2.0,0.5,0.05,0,-0.45874,1.35874,0.0
817,2026-04-27T09:25:38.765Z,S20260427_102446,SC01,AUTO,34.8799,52.5727,0.0683,hold,1,1700,MI-CHARGE,0.0,0.03,0.0,3.739021,-0.698132,-0.0,1,0,27.86,19.92,0.0,0.03,0.0,4.2,5.1,2.0,0.5,0.05,0,-0.46098,1.36098,0.0
818,2026-04-27T09:25:38.825Z,S20260427_102446,SC01,AUTO,34.9402,52.633,0.0603,hold,1,1700,MI-CHARGE,0.0,0.03,0.0,3.737344,-0.698132,0.0,1,0,28.417,19.693,0.0,0.03,0.0,4.2,5.1,2.0,0.5,0.05,0,-0.46266,1.36266,0.0
819,2026-04-27T09:25:38.885Z,S20260427_102446,SC01,AUTO,35.0,52.6928,0.0597,hold,1,1700,MI-CHARGE,0.0,0.03,0.0,3.735668,-0.698132,-0.0,1,0,28.573,20.188,0.0,0.03,0.0,4.2,5.1,2.0,0.5,0.05,0,-0.46433,1.36433,0.0
820,2026-04-27T09:25:38.958Z,S20260427_102446,SC01,AUTO,35.0729,52.7657,0.0729,hold,1,1700,MI-CHARGE,0.0,0.03,0.0,3.733992,-0.698132,-0.0,1,0,27.807,20.455,0.0,0.03,0.0,4.2,5.1,2.0,0.5,0.05,0,-0.46601,1.36601,0.0
821,2026-04-27T09:25:39.022Z,S20260427_102446,SC01,AUTO,35.1366,52.8294,0.0637,hold,1,1700,MI-CHARGE,0.0,0.03,0.0,3.731478,-0.698132,0.0,1,0,15.499,18.894,0.0,0.03,0.0,4.2,5.1,2.0,0.5,0.05,0,-0.46852,1.36852,0.0
822,2026-04-27T09:25:39.085Z,S20260427_102446,SC01,AUTO,35.1999,52.8927,0.0632,hold,1,1700,MI-CHARGE,0.0,0.03,0.0,3.729802,-0.698132,0.0,1,0,14.61,20.185,0.0,0.03,0.0,4.2,5.1,2.0,0.5,0.05,0,-0.4702,1.3702,0.0
823,2026-04-27T09:25:39.134Z,S20260427_102446,SC01,AUTO,35.2489,52.9417,0.049,hold,1,1700,MI-CHARGE,0.0,0.03,0.0,3.728964,-0.698132,0.0,1,0,24.852,19.028,0.0,0.03,0.0,4.2,5.1,2.0,0.5,0.05,0,-0.47104,1.37104,0.0
824,2026-04-27T09:25:39.203Z,S20260427_102446,SC01,AUTO,35.3183,53.0111,0.0694,hold,1,1700,MI-CHARGE,0.0,0.03,0.0,3.726451,-0.698132,-0.0,1,0,13.893,19.836,0.0,0.03,0.0,4.2,5.1,2.0,0.5,0.05,0,-0.47355,1.37355,0.0
825,2026-04-27T09:25:39.262Z,S20260427_102446,SC01,AUTO,35.3772,53.07,0.059,hold,1,1700,MI-CHARGE,0.0,0.03,0.0,3.724776,-0.698132,-0.0,1,0,12.503,19.519,0.0,0.03,0.0,4.2,5.1,2.0,0.5,0.05,0,-0.47522,1.37522,0.0
826,2026-04-27T09:25:39.325Z,S20260427_102446,SC01,AUTO,35.4401,53.1329,0.0628,hold,1,1700,MI-CHARGE,0.0,0.03,0.0,3.723101,-0.698132,-0.0,1,0,10.508,19.123,0.0,0.03,0.0,4.2,5.1,2.0,0.5,0.05,0,-0.4769,1.3769,0.0
827,2026-04-27T09:25:39.386Z,S20260427_102446,SC01,AUTO,35.5007,53.1935,0.0606,hold,1,1700,MI-CHARGE,0.0,0.03,0.0,3.721427,-0.698132,-0.0,1,0,9.044,19.393,0.0,0.03,0.0,4.2,5.1,2.0,0.5,0.05,0,-0.47857,1.37857,0.0
828,2026-04-27T09:25:39.446Z,S20260427_102446,SC01,AUTO,35.5608,53.2536,0.0601,hold,1,1700,MI-CHARGE,0.0,0.03,0.0,3.719752,-0.698132,-0.0,1,0,28.033,19.657,0.0,0.03,0.0,4.2,5.1,2.0,0.5,0.05,0,-0.48025,1.38025,0.0
829,2026-04-27T09:25:39.518Z,S20260427_102446,SC01,AUTO,35.6332,53.326,0.0724,hold,1,1700,MI-CHARGE,0.0,0.03,0.0,3.718078,-0.698132,-0.0,1,0,27.252,20.186,0.0,0.03,0.0,4.2,5.1,2.0,0.5,0.05,0,-0.48192,1.38192,0.0
830,2026-04-27T09:25:39.582Z,S20260427_102446,SC01,AUTO,35.6968,53.3896,0.0635,hold,1,1700,MI-CHARGE,0.0,0.03,0.0,3.715846,-0.698132,0.0,1,0,35.412,0.64,0.0,0.03,0.0,4.2,5.1,2.0,0.5,0.05,0,-0.48415,1.38415,0.0
831,2026-04-27T09:25:39.645Z,S20260427_102446,SC01,AUTO,35.76,53.4528,0.0632,hold,1,1700,MI-CHARGE,0.0,0.03,0.0,3.713893,-0.698132,-0.0,1,0,15.539,19.103,0.0,0.03,0.0,4.2,5.1,2.0,0.5,0.05,0,-0.48611,1.38611,0.0
832,2026-04-27T09:25:39.706Z,S20260427_102446,SC01,AUTO,35.8209,53.5137,0.0609,hold,1,1700,MI-CHARGE,0.0,0.03,0.0,3.712219,-0.698132,0.0,1,0,16.509,19.318,0.0,0.03,0.0,4.2,5.1,2.0,0.5,0.05,0,-0.48778,1.38778,0.0
833,2026-04-27T09:25:39.765Z,S20260427_102446,SC01,AUTO,35.8797,53.5725,0.0589,hold,1,1700,MI-CHARGE,0.0,0.03,0.0,3.710825,-0.698132,-0.0,1,0,39.268,1.7,0.0,0.03,0.0,4.2,5.1,2.0,0.5,0.05,0,-0.48918,1.38918,0.0
834,2026-04-27T09:25:39.822Z,S20260427_102446,SC01,AUTO,35.9369,53.6297,0.0572,hold,1,1700,MI-CHARGE,0.0,0.03,0.0,3.709152,-0.698132,-0.0,1,0,35.642,0.82,0.0,0.03,0.0,4.2,5.1,2.0,0.5,0.05,0,-0.49085,1.39085,0.0
835,2026-04-27T09:25:39.885Z,S20260427_102446,SC01,AUTO,36.0002,53.693,0.0633,end,1,1700,MI-CHARGE,0.0,0.0,0.8,3.7072,-0.698132,0.0,1,0,14.424,20.171,0.0,0.03,0.0,4.2,5.1,2.0,0.5,0.05,0,-0.4928,1.3928,0.0
836,2026-04-27T09:25:39.946Z,S20260427_102446,SC01,AUTO,36.0611,53.7539,0.0609,end,1,1700,MI-CHARGE,0.0,0.0,0.8,3.706363,-0.698132,0.0,1,0,35.033,8.556,0.0,0.0,0.8,0.0,5.0,2.0,1.0,0.05,1,3.70636,1.29364,0.0
837,2026-04-27T09:25:40.014Z,S20260427_102446,SC01,AUTO,36.1294,53.8222,0.0683,end,1,1700,MI-CHARGE,0.0,0.0,0.8,3.40311,-0.698132,-0.0,1,0,9.432,20.6,0.0,0.0,0.8,0.0,5.0,2.0,1.0,0.05,1,3.40311,1.59689,0.0
838,2026-04-27T09:25:40.071Z,S20260427_102446,SC01,AUTO,36.1862,53.879,0.0568,end,1,1700,MI-CHARGE,0.0,0.0,0.8,2.989783,-0.698132,0.0,1,0,24.286,0.34,0.0,0.0,0.8,0.0,5.0,2.0,1.0,0.05,1,2.98978,2.01022,0.0
839,2026-04-27T09:25:40.134Z,S20260427_102446,SC01,AUTO,36.2491,53.9419,0.0629,end,1,1700,MI-CHARGE,0.0,0.0,0.8,2.501454,-0.698132,0.0,1,0,20.379,19.207,0.0,0.0,0.8,0.0,5.0,2.0,1.0,0.05,1,2.50145,2.49855,0.0
840,2026-04-27T09:25:40.199Z,S20260427_102446,SC01,AUTO,36.3141,54.0069,0.065,end,1,1700,MI-CHARGE,0.0,0.0,0.8,2.101417,-0.698132,0.0,1,0,19.173,19.649,0.0,0.0,0.8,0.0,5.0,2.0,1.0,0.05,1,2.10142,2.89858,0.0
841,2026-04-27T09:25:40.260Z,S20260427_102446,SC01,AUTO,36.3749,54.0677,0.0609,end,1,1700,MI-CHARGE,0.0,0.0,0.8,1.70095,-0.698132,0.0,1,0,22.287,16.806,0.0,0.0,0.8,0.0,5.0,2.0,1.0,0.05,1,1.70095,3.29905,0.0
842,2026-04-27T09:25:40.321Z,S20260427_102446,SC01,AUTO,36.4364,54.1292,0.0614,end,1,1700,MI-CHARGE,0.0,0.0,0.8,1.299853,-0.698132,0.0,1,0,23.289,17.416,0.0,0.0,0.8,0.0,5.0,2.0,1.0,0.05,1,1.29985,3.70015,0.0
843,2026-04-27T09:25:40.386Z,S20260427_102446,SC01,AUTO,36.5006,54.1934,0.0641,end,1,1700,MI-CHARGE,0.0,0.0,0.8,0.897606,-0.698132,0.0,1,0,22.042,16.184,0.0,0.0,0.8,0.0,5.0,2.0,1.0,0.05,1,0.89761,4.10239,0.0
844,2026-04-27T09:25:40.447Z,S20260427_102446,SC01,AUTO,36.5622,54.255,0.0616,end,1,1700,MI-CHARGE,0.0,0.0,0.8,0.492623,-0.698132,0.0,1,0,22.493,17.664,0.0,0.0,0.8,0.0,5.0,2.0,1.0,0.05,1,0.49262,4.50738,0.0
845,2026-04-27T09:25:40.509Z,S20260427_102446,SC01,AUTO,36.6243,54.3171,0.0622,end,1,1700,MI-CHARGE,0.0,0.0,0.8,0.009131,-0.698132,-0.0,1,0,20.413,1.602,0.0,0.0,0.8,0.0,5.0,2.0,1.0,0.05,1,0.00913,4.99087,0.0
846,2026-04-27T09:25:40.572Z,S20260427_102446,SC01,AUTO,36.6866,54.3794,0.0623,end,1,1700,MI-CHARGE,0.0,0.0,0.8,0.0,-0.698132,-0.0,1,0,26.868,0.455,0.0,0.0,0.8,0.0,5.0,2.0,1.0,0.05,1,0.0,5.0,0.0
847,2026-04-27T09:25:40.634Z,S20260427_102446,SC01,AUTO,36.7494,54.4422,0.0628,end,1,1700,MI-CHARGE,0.0,0.0,0.8,0.0,-0.698132,-0.0,1,0,2.485,19.281,0.0,0.0,0.8,0.0,5.0,2.0,1.0,0.05,1,0.0,5.0,0.0
848,2026-04-27T09:25:40.696Z,S20260427_102446,SC01,AUTO,36.8111,54.5039,0.0617,end,1,1700,MI-CHARGE,0.0,0.0,0.8,0.0,-0.698132,0.0,1,0,20.716,20.377,0.0,0.0,0.8,0.0,5.0,2.0,1.0,0.05,1,0.0,5.0,0.0
849,2026-04-27T09:25:40.766Z,S20260427_102446,SC01,AUTO,36.8808,54.5736,0.0696,end,1,1700,MI-CHARGE,0.0,0.0,0.8,0.0,-0.698132,-0.0,1,0,20.819,19.949,0.0,0.0,0.8,0.0,5.0,2.0,1.0,0.05,1,0.0,5.0,0.0
850,2026-04-27T09:25:40.822Z,S20260427_102446,SC01,AUTO,36.9366,54.6294,0.0558,end,1,1700,MI-CHARGE,0.0,0.0,0.8,0.0,-0.698132,0.0,1,0,19.891,19.295,0.0,0.0,0.8,0.0,5.0,2.0,1.0,0.05,1,0.0,5.0,0.0
851,2026-04-27T09:25:40.885Z,S20260427_102446,SC01,AUTO,37.0,54.6928,0.0634,end,1,1700,MI-CHARGE,0.0,0.0,0.8,0.0,-0.698132,-0.0,1,0,18.853,14.978,0.0,0.0,0.8,0.0,5.0,2.0,1.0,0.05,1,0.0,5.0,0.0
852,2026-04-27T09:25:40.947Z,S20260427_102446,SC01,AUTO,37.0614,54.7542,0.0614,end,1,1700,MI-CHARGE,0.0,0.0,0.8,0.0,-0.698132,0.0,1,0,17.186,18.53,0.0,0.0,0.8,0.0,5.0,2.0,1.0,0.05,1,0.0,5.0,0.0
853,2026-04-27T09:25:41.010Z,S20260427_102446,SC01,AUTO,37.1251,54.8179,0.0637,end,1,1700,MI-CHARGE,0.0,0.0,0.8,0.0,-0.698132,0.0,1,0,20.08,18.156,0.0,0.0,0.8,0.0,5.0,2.0,1.0,0.05,1,0.0,5.0,0.0
854,2026-04-27T09:25:41.074Z,S20260427_102446,SC01,AUTO,37.1885,54.8812,0.0634,end,1,1700,MI-CHARGE,0.0,0.0,0.8,0.0,-0.698132,-0.0,1,0,24.82,20.231,0.0,0.0,0.8,0.0,5.0,2.0,1.0,0.05,1,0.0,5.0,0.0
855,2026-04-27T09:25:41.134Z,S20260427_102446,SC01,AUTO,37.249,54.9418,0.0605,end,1,1700,MI-CHARGE,0.0,0.0,0.8,0.0,-0.698132,0.0,1,0,24.153,19.691,0.0,0.0,0.8,0.0,5.0,2.0,1.0,0.05,1,0.0,5.0,0.0
856,2026-04-27T09:25:41.199Z,S20260427_102446,SC01,AUTO,37.3136,55.0064,0.0646,end,1,1700,MI-CHARGE,0.0,0.0,0.8,0.0,-0.698132,-0.0,1,0,25.193,19.625,0.0,0.0,0.8,0.0,5.0,2.0,1.0,0.05,1,0.0,5.0,0.0
857,2026-04-27T09:25:41.262Z,S20260427_102446,SC01,AUTO,37.377,55.0698,0.0634,end,1,1700,MI-CHARGE,0.0,0.0,0.8,0.0,-0.698132,0.0,1,0,24.715,19.717,0.0,0.0,0.8,0.0,5.0,2.0,1.0,0.05,1,0.0,5.0,0.0
858,2026-04-27T09:25:41.326Z,S20260427_102446,SC01,AUTO,37.4404,55.1332,0.0634,end,1,1700,MI-CHARGE,0.0,0.0,0.8,0.0,-0.698132,-0.0,1,0,25.798,15.763,0.0,0.0,0.8,0.0,5.0,2.0,1.0,0.05,1,0.0,5.0,0.0
859,2026-04-27T09:25:41.386Z,S20260427_102446,SC01,AUTO,37.501,55.1938,0.0605,end,1,1700,MI-CHARGE,0.0,0.0,0.8,0.0,-0.698132,0.0,1,0,27.245,17.722,0.0,0.0,0.8,0.0,5.0,2.0,1.0,0.05,1,0.0,5.0,0.0
860,2026-04-27T09:25:41.449Z,S20260427_102446,SC01,AUTO,37.5638,55.2566,0.0628,end,1,1700,MI-CHARGE,0.0,0.0,0.8,0.0,-0.698132,0.0,1,0,24.395,19.918,0.0,0.0,0.8,0.0,5.0,2.0,1.0,0.05,1,0.0,5.0,0.0
861,2026-04-27T09:25:41.512Z,S20260427_102446,SC01,AUTO,37.6273,55.3201,0.0636,end,1,1700,MI-CHARGE,0.0,0.0,0.8,0.0,-0.698132,-0.0,1,0,23.743,19.488,0.0,0.0,0.8,0.0,5.0,2.0,1.0,0.05,1,0.0,5.0,0.0
862,2026-04-27T09:25:41.574Z,S20260427_102446,SC01,AUTO,37.6887,55.3815,0.0614,end,1,1700,MI-CHARGE,0.0,0.0,0.8,0.0,-0.698132,-0.0,1,0,22.616,20.384,0.0,0.0,0.8,0.0,5.0,2.0,1.0,0.05,1,0.0,5.0,0.0
863,2026-04-27T09:25:41.636Z,S20260427_102446,SC01,AUTO,37.7505,55.4433,0.0617,end,1,1700,MI-CHARGE,0.0,0.0,0.8,0.0,-0.698132,-0.0,1,0,23.158,19.461,0.0,0.0,0.8,0.0,5.0,2.0,1.0,0.05,1,0.0,5.0,0.0
864,2026-04-27T09:25:41.698Z,S20260427_102446,SC01,AUTO,37.813,55.5058,0.0625,end,1,1700,MI-CHARGE,0.0,0.0,0.8,0.0,-0.698132,-0.0,1,0,10.669,19.54,0.0,0.0,0.8,0.0,5.0,2.0,1.0,0.05,1,0.0,5.0,0.0
865,2026-04-27T09:25:41.759Z,S20260427_102446,SC01,AUTO,37.8741,55.5669,0.0611,end,1,1700,MI-CHARGE,0.0,0.0,0.8,0.0,-0.698132,0.0,1,0,28.696,20.404,0.0,0.0,0.8,0.0,5.0,2.0,1.0,0.05,1,0.0,5.0,0.0
866,2026-04-27T09:25:41.822Z,S20260427_102446,SC01,AUTO,37.9367,55.6295,0.0626,end,1,1700,MI-CHARGE,0.0,0.0,0.8,0.0,-0.698132,0.0,1,0,8.745,20.359,0.0,0.0,0.8,0.0,5.0,2.0,1.0,0.05,1,0.0,5.0,0.0
867,2026-04-27T09:25:41.884Z,S20260427_102446,SC01,AUTO,37.9989,55.6917,0.0622,end,1,1700,MI-CHARGE,0.0,0.0,0.8,0.0,-0.698132,0.0,1,0,7.031,20.207,0.0,0.0,0.8,0.0,5.0,2.0,1.0,0.05,1,0.0,5.0,0.0
868,2026-04-27T09:25:41.946Z,S20260427_102446,SC01,AUTO,38.0609,55.7537,0.0619,end,1,1700,MI-CHARGE,0.0,0.0,0.8,0.0,-0.698132,0.0,1,0,27.641,19.426,0.0,0.0,0.8,0.0,5.0,2.0,1.0,0.05,1,0.0,5.0,0.0
869,2026-04-27T09:25:42.014Z,S20260427_102446,SC01,AUTO,38.1293,55.8221,0.0684,end,1,1700,MI-CHARGE,0.0,0.0,0.8,0.0,-0.698132,0.0,1,0,25.211,20.419,0.0,0.0,0.8,0.0,5.0,2.0,1.0,0.05,1,0.0,5.0,0.0
870,2026-04-27T09:25:42.079Z,S20260427_102446,SC01,AUTO,38.1935,55.8863,0.0643,end,1,1700,MI-CHARGE,0.0,0.0,0.8,0.0,-0.698132,0.0,1,0,33.49,9.609,0.0,0.0,0.8,0.0,5.0,2.0,1.0,0.05,1,0.0,5.0,0.0
871,2026-04-27T09:25:42.142Z,S20260427_102446,SC01,AUTO,38.2571,55.9499,0.0635,end,1,1700,MI-CHARGE,0.0,0.0,0.8,0.0,-0.698132,-0.0,1,0,14.608,20.033,0.0,0.0,0.8,0.0,5.0,2.0,1.0,0.05,1,0.0,5.0,0.0
872,2026-04-27T09:25:42.207Z,S20260427_102446,SC01,AUTO,38.3224,56.0152,0.0653,end,1,1700,MI-CHARGE,0.0,0.0,0.8,0.0,-0.698132,-0.0,1,0,17.901,19.2,0.0,0.0,0.8,0.0,5.0,2.0,1.0,0.05,1,0.0,5.0,0.0
873,2026-04-27T09:25:42.259Z,S20260427_102446,SC01,AUTO,38.3742,56.067,0.0518,end,1,1700,MI-CHARGE,0.0,0.0,0.8,0.0,-0.698132,0.0,1,0,33.337,9.648,0.0,0.0,0.8,0.0,5.0,2.0,1.0,0.05,1,0.0,5.0,0.0
874,2026-04-27T09:25:42.322Z,S20260427_102446,SC01,AUTO,38.4369,56.1297,0.0627,end,1,1700,MI-CHARGE,0.0,0.0,0.8,0.0,-0.698132,0.0,1,0,14.608,20.394,0.0,0.0,0.8,0.0,5.0,2.0,1.0,0.05,1,0.0,5.0,0.0
875,2026-04-27T09:25:42.384Z,S20260427_102446,SC01,AUTO,38.4989,56.1917,0.062,end,1,1700,MI-CHARGE,0.0,0.0,0.8,0.0,-0.698132,-0.0,1,0,15.871,19.406,0.0,0.0,0.8,0.0,5.0,2.0,1.0,0.05,1,0.0,5.0,0.0
876,2026-04-27T09:25:42.446Z,S20260427_102446,SC01,AUTO,38.5613,56.2541,0.0624,end,1,1700,MI-CHARGE,0.0,0.0,0.8,0.0,-0.698132,-0.0,1,0,17.853,19.521,0.0,0.0,0.8,0.0,5.0,2.0,1.0,0.05,1,0.0,5.0,0.0
877,2026-04-27T09:25:42.509Z,S20260427_102446,SC01,AUTO,38.6234,56.3162,0.0621,end,1,1700,MI-CHARGE,0.0,0.0,0.8,0.0,-0.698132,0.0,1,0,18.31,20.024,0.0,0.0,0.8,0.0,5.0,2.0,1.0,0.05,1,0.0,5.0,0.0
878,2026-04-27T09:25:42.572Z,S20260427_102446,SC01,AUTO,38.6864,56.3792,0.063,end,1,1700,MI-CHARGE,0.0,0.0,0.8,0.0,-0.698132,0.0,1,0,15.683,20.19,0.0,0.0,0.8,0.0,5.0,2.0,1.0,0.05,1,0.0,5.0,0.0
879,2026-04-27T09:25:42.634Z,S20260427_102446,SC01,AUTO,38.7487,56.4415,0.0623,end,1,1700,MI-CHARGE,0.0,0.0,0.8,0.0,-0.698132,0.0,1,0,16.137,19.591,0.0,0.0,0.8,0.0,5.0,2.0,1.0,0.05,1,0.0,5.0,0.0
880,2026-04-27T09:25:42.697Z,S20260427_102446,SC01,AUTO,38.8122,56.505,0.0635,end,1,1700,MI-CHARGE,0.0,0.0,0.8,0.0,-0.698132,0.0,1,0,15.037,19.669,0.0,0.0,0.8,0.0,5.0,2.0,1.0,0.05,1,0.0,5.0,0.0
881,2026-04-27T09:25:42.760Z,S20260427_102446,SC01,AUTO,38.8746,56.5674,0.0624,end,1,1700,MI-CHARGE,0.0,0.0,0.8,0.0,-0.698132,0.0,1,0,17.265,19.831,0.0,0.0,0.8,0.0,5.0,2.0,1.0,0.05,1,0.0,5.0,0.0
882,2026-04-27T09:25:42.823Z,S20260427_102446,SC01,AUTO,38.9379,56.6307,0.0633,end,1,1700,MI-CHARGE,0.0,0.0,0.8,0.0,-0.698132,0.0,1,0,14.913,19.089,0.0,0.0,0.8,0.0,5.0,2.0,1.0,0.05,1,0.0,5.0,0.0
883,2026-04-27T09:25:42.884Z,S20260427_102446,SC01,AUTO,38.9991,56.6919,0.0612,end,1,1700,MI-CHARGE,0.0,0.0,0.8,0.0,-0.698132,0.0,1,0,14.924,14.734,0.0,0.0,0.8,0.0,5.0,2.0,1.0,0.05,1,0.0,5.0,0.0
884,2026-04-27T09:25:42.948Z,S20260427_102446,SC01,AUTO,39.0625,56.7553,0.0633,end,1,1700,MI-CHARGE,0.0,0.0,0.8,0.0,-0.698132,-0.0,1,0,21.606,19.255,0.0,0.0,0.8,0.0,5.0,2.0,1.0,0.05,1,0.0,5.0,0.0
885,2026-04-27T09:25:43.009Z,S20260427_102446,SC01,AUTO,39.1241,56.8169,0.0617,end,1,1700,MI-CHARGE,0.0,0.0,0.8,0.0,-0.698132,-0.0,1,0,19.624,19.523,0.0,0.0,0.8,0.0,5.0,2.0,1.0,0.05,1,0.0,5.0,0.0
886,2026-04-27T09:25:43.071Z,S20260427_102446,SC01,AUTO,39.1862,56.879,0.0621,end,1,1700,MI-CHARGE,0.0,0.0,0.8,0.0,-0.698132,0.0,1,0,17.883,19.576,0.0,0.0,0.8,0.0,5.0,2.0,1.0,0.05,1,0.0,5.0,0.0
887,2026-04-27T09:25:43.134Z,S20260427_102446,SC01,AUTO,39.2493,56.9421,0.063,end,1,1700,MI-CHARGE,0.0,0.0,0.8,0.0,-0.698132,-0.0,1,0,14.51,19.94,0.0,0.0,0.8,0.0,5.0,2.0,1.0,0.05,1,0.0,5.0,0.0
888,2026-04-27T09:25:43.200Z,S20260427_102446,SC01,AUTO,39.3146,57.0074,0.0653,end,1,1700,MI-CHARGE,0.0,0.0,0.8,0.0,-0.698132,0.0,1,0,17.826,0.332,0.0,0.0,0.8,0.0,5.0,2.0,1.0,0.05,1,0.0,5.0,0.0
889,2026-04-27T09:25:43.259Z,S20260427_102446,SC01,AUTO,39.3742,57.067,0.0597,end,1,1700,MI-CHARGE,0.0,0.0,0.8,0.0,-0.698132,0.0,1,0,13.842,17.429,0.0,0.0,0.8,0.0,5.0,2.0,1.0,0.05,1,0.0,5.0,0.0
890,2026-04-27T09:25:43.321Z,S20260427_102446,SC01,AUTO,39.4362,57.129,0.062,end,1,1700,MI-CHARGE,0.0,0.0,0.8,0.0,-0.698132,0.0,1,0,12.334,17.967,0.0,0.0,0.8,0.0,5.0,2.0,1.0,0.05,1,0.0,5.0,0.0
891,2026-04-27T09:25:43.385Z,S20260427_102446,SC01,AUTO,39.4995,57.1923,0.0632,end,1,1700,MI-CHARGE,0.0,0.0,0.8,0.0,-0.698132,0.0,1,0,28.406,22.798,0.0,0.0,0.8,0.0,5.0,2.0,1.0,0.05,1,0.0,5.0,0.0
892,2026-04-27T09:25:43.449Z,S20260427_102446,SC01,AUTO,39.5646,57.2574,0.0649,end,1,1700,MI-CHARGE,0.0,0.0,0.8,0.0,-0.698132,0.0,1,0,40.766,30.712,0.0,0.0,0.8,0.0,5.0,2.0,1.0,0.05,1,0.0,5.0,0.0
893,2026-04-27T09:25:43.512Z,S20260427_102446,SC01,AUTO,39.6265,57.3193,0.0621,end,1,1700,MI-CHARGE,0.0,0.0,0.8,0.0,-0.698132,0.0,1,0,26.457,20.343,0.0,0.0,0.8,0.0,5.0,2.0,1.0,0.05,1,0.0,5.0,0.0
894,2026-04-27T09:25:43.574Z,S20260427_102446,SC01,AUTO,39.6889,57.3817,0.0624,end,1,1700,MI-CHARGE,0.0,0.0,0.8,0.0,-0.698132,0.0,1,0,57.691,19.537,0.0,0.0,0.8,0.0,5.0,2.0,1.0,0.05,1,0.0,5.0,0.0
895,2026-04-27T09:25:43.646Z,S20260427_102446,SC01,AUTO,39.7606,57.4534,0.0719,end,1,1700,MI-CHARGE,0.0,0.0,0.8,0.0,-0.698132,0.0,1,0,43.546,20.005,0.0,0.0,0.8,0.0,5.0,2.0,1.0,0.05,1,0.0,5.0,0.0
896,2026-04-27T09:25:43.705Z,S20260427_102446,SC01,AUTO,39.8203,57.5131,0.0596,end,1,1700,MI-CHARGE,0.0,0.0,0.8,0.0,-0.698132,0.0,1,0,25.787,18.773,0.0,0.0,0.8,0.0,5.0,2.0,1.0,0.05,1,0.0,5.0,0.0
897,2026-04-27T09:25:43.766Z,S20260427_102446,SC01,AUTO,39.8807,57.5735,0.0604,end,1,1700,MI-CHARGE,0.0,0.0,0.8,0.0,-0.698132,0.0,1,0,23.108,19.419,0.0,0.0,0.8,0.0,5.0,2.0,1.0,0.05,1,0.0,5.0,0.0
898,2026-04-27T09:25:43.823Z,S20260427_102446,SC01,AUTO,39.9379,57.6307,0.0571,end,1,1700,MI-CHARGE,0.0,0.0,0.8,0.0,-0.698132,0.0,1,0,20.504,19.6,0.0,0.0,0.8,0.0,5.0,2.0,1.0,0.05,1,0.0,5.0,0.0
899,2026-04-27T09:25:43.886Z,S20260427_102446,SC01,AUTO,40.0005,57.6933,0.0626,end,1,1700,MI-CHARGE,0.0,0.0,0.8,0.0,-0.698132,0.0,1,0,19.49,14.422,0.0,0.0,0.8,0.0,5.0,2.0,1.0,0.05,1,0.0,5.0,0.0
900,2026-04-27T09:25:43.950Z,S20260427_102446,SC01,AUTO,40.0653,57.7581,0.0649,end,1,1700,MI-CHARGE,0.0,0.0,0.8,0.0,-0.698132,0.0,1,0,17.183,19.485,0.0,0.0,0.8,0.0,5.0,2.0,1.0,0.05,1,0.0,5.0,0.0
901,2026-04-27T09:25:44.015Z,S20260427_102446,SC01,AUTO,40.1297,57.8225,0.0644,end,1,1700,MI-CHARGE,0.0,0.0,0.8,0.0,-0.698132,0.0,1,0,26.371,19.338,0.0,0.0,0.8,0.0,5.0,2.0,1.0,0.05,1,0.0,5.0,0.0
902,2026-04-27T09:25:44.078Z,S20260427_102446,SC01,AUTO,40.1928,57.8856,0.0631,end,1,1700,MI-CHARGE,0.0,0.0,0.8,0.0,-0.698132,0.0,1,0,27.488,20.405,0.0,0.0,0.8,0.0,5.0,2.0,1.0,0.05,1,0.0,5.0,0.0
903,2026-04-27T09:25:44.142Z,S20260427_102446,SC01,AUTO,40.2567,57.9495,0.064,end,1,1700,MI-CHARGE,0.0,0.0,0.8,0.0,-0.698132,0.0,1,0,26.156,19.499,0.0,0.0,0.8,0.0,5.0,2.0,1.0,0.05,1,0.0,5.0,0.0
904,2026-04-27T09:25:44.212Z,S20260427_102446,SC01,AUTO,40.3265,58.0193,0.0698,end,1,1700,MI-CHARGE,0.0,0.0,0.8,0.0,-0.698132,0.0,1,0,25.507,17.106,0.0,0.0,0.8,0.0,5.0,2.0,1.0,0.05,1,0.0,5.0,0.0
905,2026-04-27T09:25:44.266Z,S20260427_102446,SC01,AUTO,40.3807,58.0735,0.0542,end,1,1700,MI-CHARGE,0.0,0.0,0.8,0.0,-0.698132,0.0,1,0,25.348,11.576,0.0,0.0,0.8,0.0,5.0,2.0,1.0,0.05,1,0.0,5.0,0.0
906,2026-04-27T09:25:44.325Z,S20260427_102446,SC01,AUTO,40.4403,58.1331,0.0595,end,1,1700,MI-CHARGE,0.0,0.0,0.8,0.0,-0.698132,0.0,1,0,25.371,19.423,0.0,0.0,0.8,0.0,5.0,2.0,1.0,0.05,1,0.0,5.0,0.0
907,2026-04-27T09:25:44.385Z,S20260427_102446,SC01,AUTO,40.4999,58.1927,0.0597,end,1,1700,MI-CHARGE,0.0,0.0,0.8,0.0,-0.698132,0.0,1,0,24.372,20.076,0.0,0.0,0.8,0.0,5.0,2.0,1.0,0.05,1,0.0,5.0,0.0
908,2026-04-27T09:25:44.458Z,S20260427_102446,SC01,AUTO,40.5732,58.266,0.0732,end,1,1700,MI-CHARGE,0.0,0.0,0.8,0.0,-0.698132,0.0,1,0,32.658,0.846,0.0,0.0,0.8,0.0,5.0,2.0,1.0,0.05,1,0.0,5.0,0.0
909,2026-04-27T09:25:44.510Z,S20260427_102446,SC01,AUTO,40.6252,58.318,0.0521,end,1,1700,MI-CHARGE,0.0,0.0,0.8,0.0,-0.698132,0.0,1,0,23.073,19.294,0.0,0.0,0.8,0.0,5.0,2.0,1.0,0.05,1,0.0,5.0,0.0
910,2026-04-27T09:25:44.574Z,S20260427_102446,SC01,AUTO,40.6887,58.3815,0.0635,end,1,1700,MI-CHARGE,0.0,0.0,0.8,0.0,-0.698132,0.0,1,0,23.193,19.676,0.0,0.0,0.8,0.0,5.0,2.0,1.0,0.05,1,0.0,5.0,0.0
911,2026-04-27T09:25:44.638Z,S20260427_102446,SC01,AUTO,40.753,58.4458,0.0642,end,1,1700,MI-CHARGE,0.0,0.0,0.8,0.0,-0.698132,0.0,1,0,32.413,8.231,0.0,0.0,0.8,0.0,5.0,2.0,1.0,0.05,1,0.0,5.0,0.0
912,2026-04-27T09:25:44.702Z,S20260427_102446,SC01,AUTO,40.8172,58.51,0.0643,end,1,1700,MI-CHARGE,0.0,0.0,0.8,0.0,-0.698132,0.0,1,0,12.15,20.231,0.0,0.0,0.8,0.0,5.0,2.0,1.0,0.05,1,0.0,5.0,0.0
913,2026-04-27T09:25:44.766Z,S20260427_102446,SC01,AUTO,40.8807,58.5735,0.0635,end,1,1700,MI-CHARGE,0.0,0.0,0.8,0.0,-0.698132,0.0,1,0,13.222,19.432,0.0,0.0,0.8,0.0,5.0,2.0,1.0,0.05,1,0.0,5.0,0.0
914,2026-04-27T09:25:44.826Z,S20260427_102446,SC01,AUTO,40.9405,58.6333,0.0598,end,1,1700,MI-CHARGE,0.0,0.0,0.8,0.0,-0.698132,0.0,1,0,9.878,18.974,0.0,0.0,0.8,0.0,5.0,2.0,1.0,0.05,1,0.0,5.0,0.0
915,2026-04-27T09:25:44.885Z,S20260427_102446,SC01,AUTO,41.0002,58.693,0.0598,end,1,1700,MI-CHARGE,0.0,0.0,0.8,0.0,-0.698132,0.0,1,0,8.303,20.03,0.0,0.0,0.8,0.0,5.0,2.0,1.0,0.05,1,0.0,5.0,0.0
916,2026-04-27T09:25:44.957Z,S20260427_102446,SC01,AUTO,41.0717,58.7645,0.0714,end,1,1700,MI-CHARGE,0.0,0.0,0.8,0.0,-0.698132,0.0,1,0,29.977,6.131,0.0,0.0,0.8,0.0,5.0,2.0,1.0,0.05,1,0.0,5.0,0.0
917,2026-04-27T09:25:45.019Z,S20260427_102446,SC01,AUTO,41.1336,58.8264,0.062,end,1,1700,MI-CHARGE,0.0,0.0,0.8,0.0,-0.698132,0.0,1,0,8.134,19.967,0.0,0.0,0.8,0.0,5.0,2.0,1.0,0.05,1,0.0,5.0,0.0
918,2026-04-27T09:25:45.080Z,S20260427_102446,SC01,AUTO,41.1951,58.8879,0.0614,end,1,1700,MI-CHARGE,0.0,0.0,0.8,0.0,-0.698132,0.0,1,0,24.103,20.009,0.0,0.0,0.8,0.0,5.0,2.0,1.0,0.05,1,0.0,5.0,0.0
919,2026-04-27T09:25:45.134Z,S20260427_102446,SC01,AUTO,41.2491,58.9419,0.054,end,1,1700,MI-CHARGE,0.0,0.0,0.8,0.0,-0.698132,0.0,1,0,19.983,19.716,0.0,0.0,0.8,0.0,5.0,2.0,1.0,0.05,1,0.0,5.0,0.0
920,2026-04-27T09:25:45.202Z,S20260427_102446,SC01,AUTO,41.3173,59.0101,0.0682,end,1,1700,MI-CHARGE,0.0,0.0,0.8,0.0,-0.698132,0.0,1,0,17.441,19.662,0.0,0.0,0.8,0.0,5.0,2.0,1.0,0.05,1,0.0,5.0,0.0
921,2026-04-27T09:25:45.263Z,S20260427_102446,SC01,AUTO,41.3775,59.0703,0.0601,end,1,1700,MI-CHARGE,0.0,0.0,0.8,0.0,-0.698132,0.0,1,0,15.25,15.775,0.0,0.0,0.8,0.0,5.0,2.0,1.0,0.05,1,0.0,5.0,0.0
922,2026-04-27T09:25:45.325Z,S20260427_102446,SC01,AUTO,41.4398,59.1326,0.0624,end,1,1700,MI-CHARGE,0.0,0.0,0.8,0.0,-0.698132,0.0,1,0,16.751,20.16,0.0,0.0,0.8,0.0,5.0,2.0,1.0,0.05,1,0.0,5.0,0.0
923,2026-04-27T09:25:45.386Z,S20260427_102446,SC01,AUTO,41.5005,59.1933,0.0607,end,1,1700,MI-CHARGE,0.0,0.0,0.8,0.0,-0.698132,0.0,1,0,14.439,20.095,0.0,0.0,0.8,0.0,5.0,2.0,1.0,0.05,1,0.0,5.0,0.0
924,2026-04-27T09:25:45.452Z,S20260427_102446,SC01,AUTO,41.5672,59.26,0.0667,end,1,1700,MI-CHARGE,0.0,0.0,0.8,0.0,-0.698132,0.0,1,0,10.85,20.425,0.0,0.0,0.8,0.0,5.0,2.0,1.0,0.05,1,0.0,5.0,0.0
925,2026-04-27T09:25:45.516Z,S20260427_102446,SC01,AUTO,41.631,59.3238,0.0638,end,1,1700,MI-CHARGE,0.0,0.0,0.8,0.0,-0.698132,0.0,1,0,6.864,20.545,0.0,0.0,0.8,0.0,5.0,2.0,1.0,0.05,1,0.0,5.0,0.0
926,2026-04-27T09:25:45.578Z,S20260427_102446,SC01,AUTO,41.6934,59.3862,0.0624,end,1,1700,MI-CHARGE,0.0,0.0,0.8,0.0,-0.698132,0.0,1,0,9.674,20.167,0.0,0.0,0.8,0.0,5.0,2.0,1.0,0.05,1,0.0,5.0,0.0
927,2026-04-27T09:25:45.641Z,S20260427_102446,SC01,AUTO,41.7559,59.4487,0.0625,end,1,1700,MI-CHARGE,0.0,0.0,0.8,0.0,-0.698132,0.0,1,0,8.309,19.605,0.0,0.0,0.8,0.0,5.0,2.0,1.0,0.05,1,0.0,5.0,0.0
928,2026-04-27T09:25:45.703Z,S20260427_102446,SC01,AUTO,41.8181,59.5109,0.0622,end,1,1700,MI-CHARGE,0.0,0.0,0.8,0.0,-0.698132,0.0,1,0,21.415,18.689,0.0,0.0,0.8,0.0,5.0,2.0,1.0,0.05,1,0.0,5.0,0.0
929,2026-04-27T09:25:45.766Z,S20260427_102446,SC01,AUTO,41.8811,59.5739,0.0629,end,1,1700,MI-CHARGE,0.0,0.0,0.8,0.0,-0.698132,0.0,1,0,18.492,14.915,0.0,0.0,0.8,0.0,5.0,2.0,1.0,0.05,1,0.0,5.0,0.0
930,2026-04-27T09:25:45.822Z,S20260427_102446,SC01,AUTO,41.9365,59.6293,0.0555,end,1,1700,MI-CHARGE,0.0,0.0,0.8,0.0,-0.698132,0.0,1,0,17.955,17.248,0.0,0.0,0.8,0.0,5.0,2.0,1.0,0.05,1,0.0,5.0,0.0
931,2026-04-27T09:25:45.885Z,S20260427_102446,SC01,AUTO,42.0002,59.693,0.0637,end,1,1700,MI-CHARGE,0.0,0.0,0.8,0.0,-0.698132,0.0,1,0,14.71,16.985,0.0,0.0,0.8,0.0,5.0,2.0,1.0,0.05,1,0.0,5.0,0.0
932,2026-04-27T09:25:45.950Z,S20260427_102446,SC01,AUTO,42.0649,59.7577,0.0648,end,1,1700,MI-CHARGE,0.0,0.0,0.8,0.0,-0.698132,0.0,1,0,16.323,20.615,0.0,0.0,0.8,0.0,5.0,2.0,1.0,0.05,1,0.0,5.0,0.0
933,2026-04-27T09:25:46.013Z,S20260427_102446,SC01,AUTO,42.1283,59.8211,0.0634,end,1,1700,MI-CHARGE,0.0,0.0,0.8,0.0,-0.698132,0.0,1,0,11.664,20.04,0.0,0.0,0.8,0.0,5.0,2.0,1.0,0.05,1,0.0,5.0,0.0
934,2026-04-27T09:25:46.078Z,S20260427_102446,SC01,AUTO,42.1928,59.8856,0.0644,end,1,1700,MI-CHARGE,0.0,0.0,0.8,0.0,-0.698132,0.0,1,0,8.934,20.284,0.0,0.0,0.8,0.0,5.0,2.0,1.0,0.05,1,0.0,5.0,0.0
935,2026-04-27T09:25:46.141Z,S20260427_102446,SC01,AUTO,42.2564,59.9492,0.0637,end,1,1700,MI-CHARGE,0.0,0.0,0.8,0.0,-0.698132,0.0,1,0,12.906,19.222,0.0,0.0,0.8,0.0,5.0,2.0,1.0,0.05,1,0.0,5.0,0.0
936,2026-04-27T09:25:46.205Z,S20260427_102446,SC01,AUTO,42.3203,60.0131,0.0639,end,1,1700,MI-CHARGE,0.0,0.0,0.8,0.0,-0.698132,0.0,1,0,9.901,18.878,0.0,0.0,0.8,0.0,5.0,2.0,1.0,0.05,1,0.0,5.0,0.0
937,2026-04-27T09:25:46.265Z,S20260427_102446,SC01,AUTO,42.3801,60.0729,0.0598,end,1,1700,MI-CHARGE,0.0,0.0,0.8,0.0,-0.698132,0.0,1,0,7.923,19.506,0.0,0.0,0.8,0.0,5.0,2.0,1.0,0.05,1,0.0,5.0,0.0
938,2026-04-27T09:25:46.325Z,S20260427_102446,SC01,AUTO,42.44,60.1328,0.0599,end,1,1700,MI-CHARGE,0.0,0.0,0.8,0.0,-0.698132,0.0,1,0,22.134,20.021,0.0,0.0,0.8,0.0,5.0,2.0,1.0,0.05,1,0.0,5.0,0.0
939,2026-04-27T09:25:46.386Z,S20260427_102446,SC01,AUTO,42.5007,60.1935,0.0607,end,1,1700,MI-CHARGE,0.0,0.0,0.8,0.0,-0.698132,0.0,1,0,21.73,19.426,0.0,0.0,0.8,0.0,5.0,2.0,1.0,0.05,1,0.0,5.0,0.0
940,2026-04-27T09:25:46.446Z,S20260427_102446,SC01,AUTO,42.5612,60.254,0.0605,end,1,1700,MI-CHARGE,0.0,0.0,0.8,0.0,-0.698132,0.0,1,0,19.997,19.046,0.0,0.0,0.8,0.0,5.0,2.0,1.0,0.05,1,0.0,5.0,0.0
941,2026-04-27T09:25:46.509Z,S20260427_102446,SC01,AUTO,42.6244,60.3172,0.0632,end,1,1700,MI-CHARGE,0.0,0.0,0.8,0.0,-0.698132,0.0,1,0,23.571,19.167,0.0,0.0,0.8,0.0,5.0,2.0,1.0,0.05,1,0.0,5.0,0.0
942,2026-04-27T09:25:46.574Z,S20260427_102446,SC01,AUTO,42.6889,60.3817,0.0646,end,1,1700,MI-CHARGE,0.0,0.0,0.8,0.0,-0.698132,0.0,1,0,18.939,20.361,0.0,0.0,0.8,0.0,5.0,2.0,1.0,0.05,1,0.0,5.0,0.0
943,2026-04-27T09:25:46.638Z,S20260427_102446,SC01,AUTO,42.7528,60.4456,0.0639,end,1,1700,MI-CHARGE,0.0,0.0,0.8,0.0,-0.698132,0.0,1,0,14.831,19.922,0.0,0.0,0.8,0.0,5.0,2.0,1.0,0.05,1,0.0,5.0,0.0
944,2026-04-27T09:25:46.702Z,S20260427_102446,SC01,AUTO,42.8171,60.5099,0.0643,end,1,1700,MI-CHARGE,0.0,0.0,0.8,0.0,-0.698132,0.0,1,0,36.338,26.944,0.0,0.0,0.8,0.0,5.0,2.0,1.0,0.05,1,0.0,5.0,0.0
945,2026-04-27T09:25:46.765Z,S20260427_102446,SC01,AUTO,42.8799,60.5727,0.0627,end,1,1700,MI-CHARGE,0.0,0.0,0.8,0.0,-0.698132,0.0,1,0,12.981,20.015,0.0,0.0,0.8,0.0,5.0,2.0,1.0,0.05,1,0.0,5.0,0.0
946,2026-04-27T09:25:46.825Z,S20260427_102446,SC01,AUTO,42.9404,60.6332,0.0606,end,1,1700,MI-CHARGE,0.0,0.0,0.8,0.0,-0.698132,0.0,1,0,8.708,20.092,0.0,0.0,0.8,0.0,5.0,2.0,1.0,0.05,1,0.0,5.0,0.0
947,2026-04-27T09:25:46.885Z,S20260427_102446,SC01,AUTO,43.0001,60.6929,0.0596,end,1,1700,MI-CHARGE,0.0,0.0,0.8,0.0,-0.698132,0.0,1,0,26.479,18.982,0.0,0.0,0.8,0.0,5.0,2.0,1.0,0.05,1,0.0,5.0,0.0
948,2026-04-27T09:25:46.953Z,S20260427_102446,SC01,AUTO,43.0674,60.7602,0.0674,end,1,1700,MI-CHARGE,0.0,0.0,0.8,0.0,-0.698132,0.0,1,0,23.749,19.959,0.0,0.0,0.8,0.0,5.0,2.0,1.0,0.05,1,0.0,5.0,0.0
949,2026-04-27T09:25:47.015Z,S20260427_102446,SC01,AUTO,43.1302,60.823,0.0627,end,1,1700,MI-CHARGE,0.0,0.0,0.8,0.0,-0.698132,0.0,1,0,26.159,19.761,0.0,0.0,0.8,0.0,5.0,2.0,1.0,0.05,1,0.0,5.0,0.0
950,2026-04-27T09:25:47.076Z,S20260427_102446,SC01,AUTO,43.1911,60.8839,0.0609,end,1,1700,MI-CHARGE,0.0,0.0,0.8,0.0,-0.698132,0.0,1,0,21.303,20.276,0.0,0.0,0.8,0.0,5.0,2.0,1.0,0.05,1,0.0,5.0,0.0
951,2026-04-27T09:25:47.134Z,S20260427_102446,SC01,AUTO,43.2489,60.9417,0.0578,end,1,1700,MI-CHARGE,0.0,0.0,0.8,0.0,-0.698132,0.0,1,0,20.09,18.933,0.0,0.0,0.8,0.0,5.0,2.0,1.0,0.05,1,0.0,5.0,0.0
952,2026-04-27T09:25:47.199Z,S20260427_102446,SC01,AUTO,43.314,61.0068,0.065,end,1,1700,MI-CHARGE,0.0,0.0,0.8,0.0,-0.698132,0.0,1,0,14.412,19.695,0.0,0.0,0.8,0.0,5.0,2.0,1.0,0.05,1,0.0,5.0,0.0
953,2026-04-27T09:25:47.261Z,S20260427_102446,SC01,AUTO,43.3763,61.0691,0.0624,end,1,1700,MI-CHARGE,0.0,0.0,0.8,0.0,-0.698132,0.0,1,0,10.175,19.355,0.0,0.0,0.8,0.0,5.0,2.0,1.0,0.05,1,0.0,5.0,0.0
954,2026-04-27T09:25:47.326Z,S20260427_102446,SC01,AUTO,43.4406,61.1334,0.0643,end,1,1700,MI-CHARGE,0.0,0.0,0.8,0.0,-0.698132,0.0,1,0,12.772,19.906,0.0,0.0,0.8,0.0,5.0,2.0,1.0,0.05,1,0.0,5.0,0.0
955,2026-04-27T09:25:47.385Z,S20260427_102446,SC01,AUTO,43.4996,61.1924,0.059,end,1,1700,MI-CHARGE,0.0,0.0,0.8,0.0,-0.698132,0.0,1,0,7.331,19.064,0.0,0.0,0.8,0.0,5.0,2.0,1.0,0.05,1,0.0,5.0,0.0
956,2026-04-27T09:25:47.452Z,S20260427_102446,SC01,AUTO,43.567,61.2598,0.0673,end,1,1700,MI-CHARGE,0.0,0.0,0.8,0.0,-0.698132,0.0,1,0,25.035,20.636,0.0,0.0,0.8,0.0,5.0,2.0,1.0,0.05,1,0.0,5.0,0.0
957,2026-04-27T09:25:47.515Z,S20260427_102446,SC01,AUTO,43.63,61.3228,0.063,end,1,1700,MI-CHARGE,0.0,0.0,0.8,0.0,-0.698132,0.0,1,0,25.213,19.912,0.0,0.0,0.8,0.0,5.0,2.0,1.0,0.05,1,0.0,5.0,0.0
958,2026-04-27T09:25:47.577Z,S20260427_102446,SC01,AUTO,43.6917,61.3845,0.0617,end,1,1700,MI-CHARGE,0.0,0.0,0.8,0.0,-0.698132,0.0,1,0,7.975,20.056,0.0,0.0,0.8,0.0,5.0,2.0,1.0,0.05,1,0.0,5.0,0.0
959,2026-04-27T09:25:47.638Z,S20260427_102446,SC01,AUTO,43.7527,61.4455,0.061,end,1,1700,MI-CHARGE,0.0,0.0,0.8,0.0,-0.698132,0.0,1,0,22.981,18.952,0.0,0.0,0.8,0.0,5.0,2.0,1.0,0.05,1,0.0,5.0,0.0
960,2026-04-27T09:25:47.700Z,S20260427_102446,SC01,AUTO,43.8152,61.508,0.0625,end,1,1700,MI-CHARGE,0.0,0.0,0.8,0.0,-0.698132,0.0,1,0,22.301,19.812,0.0,0.0,0.8,0.0,5.0,2.0,1.0,0.05,1,0.0,5.0,0.0
961,2026-04-27T09:25:47.761Z,S20260427_102446,SC01,AUTO,43.8761,61.5689,0.0608,end,1,1700,MI-CHARGE,0.0,0.0,0.8,0.0,-0.698132,0.0,1,0,18.436,18.967,0.0,0.0,0.8,0.0,5.0,2.0,1.0,0.05,1,0.0,5.0,0.0
962,2026-04-27T09:25:47.822Z,S20260427_102446,SC01,AUTO,43.9371,61.6299,0.061,end,1,1700,MI-CHARGE,0.0,0.0,0.8,0.0,-0.698132,0.0,1,0,16.716,16.461,0.0,0.0,0.8,0.0,5.0,2.0,1.0,0.05,1,0.0,5.0,0.0
963,2026-04-27T09:25:47.885Z,S20260427_102446,SC01,AUTO,44.0003,61.6931,0.0632,end,1,1700,MI-CHARGE,0.0,0.0,0.8,0.0,-0.698132,0.0,1,0,18.256,19.515,0.0,0.0,0.8,0.0,5.0,2.0,1.0,0.05,1,0.0,5.0,0.0
964,2026-04-27T09:25:47.948Z,S20260427_102446,SC01,AUTO,44.0629,61.7557,0.0627,end,1,1700,MI-CHARGE,0.0,0.0,0.8,0.0,-0.698132,0.0,1,0,15.149,19.356,0.0,0.0,0.8,0.0,5.0,2.0,1.0,0.05,1,0.0,5.0,0.0
965,2026-04-27T09:25:48.009Z,S20260427_102446,SC01,AUTO,44.1243,61.8171,0.0612,end,1,1700,MI-CHARGE,0.0,0.0,0.8,0.0,-0.698132,0.0,1,0,10.871,19.649,0.0,0.0,0.8,0.0,5.0,2.0,1.0,0.05,1,0.0,5.0,0.0
966,2026-04-27T09:25:48.072Z,S20260427_102446,SC01,AUTO,44.1874,61.8802,0.0633,end,1,1700,MI-CHARGE,0.0,0.0,0.8,0.0,-0.698132,0.0,1,0,8.001,19.127,0.0,0.0,0.8,0.0,5.0,2.0,1.0,0.05,1,0.0,5.0,0.0
967,2026-04-27T09:25:48.135Z,S20260427_102446,SC01,AUTO,44.2503,61.9431,0.063,end,1,1700,MI-CHARGE,0.0,0.0,0.8,0.0,-0.698132,0.0,1,0,29.288,6.037,0.0,0.0,0.8,0.0,5.0,2.0,1.0,0.05,1,0.0,5.0,0.0
968,2026-04-27T09:25:48.199Z,S20260427_102446,SC01,AUTO,44.3135,62.0063,0.0632,end,1,1700,MI-CHARGE,0.0,0.0,0.8,0.0,-0.698132,0.0,1,0,25.984,19.983,0.0,0.0,0.8,0.0,5.0,2.0,1.0,0.05,1,0.0,5.0,0.0
969,2026-04-27T09:25:48.261Z,S20260427_102446,SC01,AUTO,44.3755,62.0683,0.0621,end,1,1700,MI-CHARGE,0.0,0.0,0.8,0.0,-0.698132,0.0,1,0,20.84,19.273,0.0,0.0,0.8,0.0,5.0,2.0,1.0,0.05,1,0.0,5.0,0.0
970,2026-04-27T09:25:48.322Z,S20260427_102446,SC01,AUTO,44.4369,62.1297,0.0613,end,1,1700,MI-CHARGE,0.0,0.0,0.8,0.0,-0.698132,0.0,1,0,17.19,17.356,0.0,0.0,0.8,0.0,5.0,2.0,1.0,0.05,1,0.0,5.0,0.0
971,2026-04-27T09:25:48.384Z,S20260427_102446,SC01,AUTO,44.4994,62.1922,0.0625,end,1,1700,MI-CHARGE,0.0,0.0,0.8,0.0,-0.698132,0.0,1,0,13.841,16.77,0.0,0.0,0.8,0.0,5.0,2.0,1.0,0.05,1,0.0,5.0,0.0
972,2026-04-27T09:25:48.446Z,S20260427_102446,SC01,AUTO,44.5612,62.254,0.0618,end,1,1700,MI-CHARGE,0.0,0.0,0.8,0.0,-0.698132,0.0,1,0,17.722,18.719,0.0,0.0,0.8,0.0,5.0,2.0,1.0,0.05,1,0.0,5.0,0.0
973,2026-04-27T09:25:48.509Z,S20260427_102446,SC01,AUTO,44.6242,62.317,0.063,end,1,1700,MI-CHARGE,0.0,0.0,0.8,0.0,-0.698132,0.0,1,0,16.237,20.216,0.0,0.0,0.8,0.0,5.0,2.0,1.0,0.05,1,0.0,5.0,0.0
974,2026-04-27T09:25:48.573Z,S20260427_102446,SC01,AUTO,44.6875,62.3803,0.0633,end,1,1700,MI-CHARGE,0.0,0.0,0.8,0.0,-0.698132,0.0,1,0,11.385,18.407,0.0,0.0,0.8,0.0,5.0,2.0,1.0,0.05,1,0.0,5.0,0.0
975,2026-04-27T09:25:48.635Z,S20260427_102446,SC01,AUTO,44.7498,62.4426,0.0623,end,1,1700,MI-CHARGE,0.0,0.0,0.8,0.0,-0.698132,0.0,1,0,27.099,20.068,0.0,0.0,0.8,0.0,5.0,2.0,1.0,0.05,1,0.0,5.0,0.0
976,2026-04-27T09:25:48.697Z,S20260427_102446,SC01,AUTO,44.8119,62.5047,0.0621,end,1,1700,MI-CHARGE,0.0,0.0,0.8,0.0,-0.698132,0.0,1,0,30.944,5.677,0.0,0.0,0.8,0.0,5.0,2.0,1.0,0.05,1,0.0,5.0,0.0
977,2026-04-27T09:25:48.759Z,S20260427_102446,SC01,AUTO,44.874,62.5668,0.0621,end,1,1700,MI-CHARGE,0.0,0.0,0.8,0.0,-0.698132,0.0,1,0,9.078,19.364,0.0,0.0,0.8,0.0,5.0,2.0,1.0,0.05,1,0.0,5.0,0.0
978,2026-04-27T09:25:48.822Z,S20260427_102446,SC01,AUTO,44.9368,62.6296,0.0628,end,1,1700,MI-CHARGE,0.0,0.0,0.8,0.0,-0.698132,0.0,1,0,13.391,19.596,0.0,0.0,0.8,0.0,5.0,2.0,1.0,0.05,1,0.0,5.0,0.0
979,2026-04-27T09:25:48.885Z,S20260427_102446,SC01,AUTO,44.9997,62.6925,0.0629,end,1,1700,MI-CHARGE,0.0,0.0,0.8,0.0,-0.698132,0.0,1,0,8.797,19.074,0.0,0.0,0.8,0.0,5.0,2.0,1.0,0.05,1,0.0,5.0,0.0
980,2026-04-27T09:25:48.947Z,S20260427_102446,SC01,AUTO,45.0616,62.7544,0.062,end,1,1700,MI-CHARGE,0.0,0.0,0.8,0.0,-0.698132,0.0,1,0,26.594,18.528,0.0,0.0,0.8,0.0,5.0,2.0,1.0,0.05,1,0.0,5.0,0.0
981,2026-04-27T09:25:49.009Z,S20260427_102446,SC01,AUTO,45.1236,62.8164,0.0619,end,1,1700,MI-CHARGE,0.0,0.0,0.8,0.0,-0.698132,0.0,1,0,23.329,20.279,0.0,0.0,0.8,0.0,5.0,2.0,1.0,0.05,1,0.0,5.0,0.0
982,2026-04-27T09:25:49.085Z,S20260427_102446,SC01,AUTO,45.2002,62.893,0.0767,end,1,1700,MI-CHARGE,0.0,0.0,0.8,0.0,-0.698132,0.0,1,0,27.517,19.443,0.0,0.0,0.8,0.0,5.0,2.0,1.0,0.05,1,0.0,5.0,0.0
983,2026-04-27T09:25:49.134Z,S20260427_102446,SC01,AUTO,45.2493,62.9421,0.0491,end,1,1700,MI-CHARGE,0.0,0.0,0.8,0.0,-0.698132,0.0,1,0,25.383,19.368,0.0,0.0,0.8,0.0,5.0,2.0,1.0,0.05,1,0.0,5.0,0.0
984,2026-04-27T09:25:49.199Z,S20260427_102446,SC01,AUTO,45.3137,63.0065,0.0644,end,1,1700,MI-CHARGE,0.0,0.0,0.8,0.0,-0.698132,0.0,1,0,20.654,20.513,0.0,0.0,0.8,0.0,5.0,2.0,1.0,0.05,1,0.0,5.0,0.0
985,2026-04-27T09:25:49.259Z,S20260427_102446,SC01,AUTO,45.374,63.0668,0.0602,end,1,1700,MI-CHARGE,0.0,0.0,0.8,0.0,-0.698132,0.0,1,0,14.918,20.207,0.0,0.0,0.8,0.0,5.0,2.0,1.0,0.05,1,0.0,5.0,0.0
986,2026-04-27T09:25:49.326Z,S20260427_102446,SC01,AUTO,45.4413,63.1341,0.0673,end,1,1700,MI-CHARGE,0.0,0.0,0.8,0.0,-0.698132,0.0,1,0,20.502,20.127,0.0,0.0,0.8,0.0,5.0,2.0,1.0,0.05,1,0.0,5.0,0.0
987,2026-04-27T09:25:49.385Z,S20260427_102446,SC01,AUTO,45.5003,63.1931,0.0591,end,1,1700,MI-CHARGE,0.0,0.0,0.8,0.0,-0.698132,0.0,1,0,17.465,19.346,0.0,0.0,0.8,0.0,5.0,2.0,1.0,0.05,1,0.0,5.0,0.0
988,2026-04-27T09:25:49.446Z,S20260427_102446,SC01,AUTO,45.5608,63.2536,0.0605,end,1,1700,MI-CHARGE,0.0,0.0,0.8,0.0,-0.698132,0.0,1,0,14.736,19.609,0.0,0.0,0.8,0.0,5.0,2.0,1.0,0.05,1,0.0,5.0,0.0
989,2026-04-27T09:25:49.518Z,S20260427_102446,SC01,AUTO,45.6329,63.3257,0.0721,end,1,1700,MI-CHARGE,0.0,0.0,0.8,0.0,-0.698132,0.0,1,0,10.167,18.782,0.0,0.0,0.8,0.0,5.0,2.0,1.0,0.05,1,0.0,5.0,0.0
990,2026-04-27T09:25:49.582Z,S20260427_102446,SC01,AUTO,45.6967,63.3895,0.0638,end,1,1700,MI-CHARGE,0.0,0.0,0.8,0.0,-0.698132,0.0,1,0,15.066,19.004,0.0,0.0,0.8,0.0,5.0,2.0,1.0,0.05,1,0.0,5.0,0.0
991,2026-04-27T09:25:49.645Z,S20260427_102446,SC01,AUTO,45.7602,63.453,0.0635,end,1,1700,MI-CHARGE,0.0,0.0,0.8,0.0,-0.698132,0.0,1,0,15.464,19.335,0.0,0.0,0.8,0.0,5.0,2.0,1.0,0.05,1,0.0,5.0,0.0
992,2026-04-27T09:25:49.706Z,S20260427_102446,SC01,AUTO,45.8205,63.5133,0.0603,end,1,1700,MI-CHARGE,0.0,0.0,0.8,0.0,-0.698132,0.0,1,0,17.557,19.047,0.0,0.0,0.8,0.0,5.0,2.0,1.0,0.05,1,0.0,5.0,0.0
993,2026-04-27T09:25:49.766Z,S20260427_102446,SC01,AUTO,45.8807,63.5735,0.0602,end,1,1700,MI-CHARGE,0.0,0.0,0.8,0.0,-0.698132,0.0,1,0,13.015,18.984,0.0,0.0,0.8,0.0,5.0,2.0,1.0,0.05,1,0.0,5.0,0.0
994,2026-04-27T09:25:49.822Z,S20260427_102446,SC01,AUTO,45.9366,63.6294,0.0559,end,1,1700,MI-CHARGE,0.0,0.0,0.8,0.0,-0.698132,0.0,1,0,11.78,19.204,0.0,0.0,0.8,0.0,5.0,2.0,1.0,0.05,1,0.0,5.0,0.0
995,2026-04-27T09:25:49.885Z,S20260427_102446,SC01,AUTO,45.9998,63.6926,0.0632,end,1,1700,MI-CHARGE,0.0,0.0,0.8,0.0,-0.698132,0.0,1,0,7.565,19.966,0.0,0.0,0.8,0.0,5.0,2.0,1.0,0.05,1,0.0,5.0,0.0
996,2026-04-27T09:25:49.951Z,S20260427_102446,SC01,AUTO,46.0655,63.7583,0.0657,end,1,1700,MI-CHARGE,0.0,0.0,0.8,0.0,-0.698132,0.0,1,0,26.924,20.25,0.0,0.0,0.8,0.0,5.0,2.0,1.0,0.05,1,0.0,5.0,0.0
997,2026-04-27T09:25:50.014Z,S20260427_102446,SC01,AUTO,46.1294,63.8222,0.0639,end,1,1700,MI-CHARGE,0.0,0.0,0.8,0.0,-0.698132,0.0,1,0,23.47,20.485,0.0,0.0,0.8,0.0,5.0,2.0,1.0,0.05,1,0.0,5.0,0.0
998,2026-04-27T09:25:50.077Z,S20260427_102446,SC01,AUTO,46.1921,63.8849,0.0627,end,1,1700,MI-CHARGE,0.0,0.0,0.8,0.0,-0.698132,0.0,1,0,7.71,19.942,0.0,0.0,0.8,0.0,5.0,2.0,1.0,0.05,1,0.0,5.0,0.0
999,2026-04-27T09:25:50.142Z,S20260427_102446,SC01,AUTO,46.2565,63.9493,0.0643,end,1,1700,MI-CHARGE,0.0,0.0,0.8,0.0,-0.698132,0.0,1,0,22.534,19.192,0.0,0.0,0.8,0.0,5.0,2.0,1.0,0.05,1,0.0,5.0,0.0
1000,2026-04-27T09:25:50.218Z,S20260427_102446,SC01,AUTO,46.3326,64.0254,0.0762,end,1,1700,MI-CHARGE,0.0,0.0,0.8,0.0,-0.698132,0.0,1,0,28.103,19.614,0.0,0.0,0.8,0.0,5.0,2.0,1.0,0.05,1,0.0,5.0,0.0
1001,2026-04-27T09:25:50.260Z,S20260427_102446,SC01,AUTO,46.3747,64.0675,0.0421,end,1,1700,MI-CHARGE,0.0,0.0,0.8,0.0,-0.698132,0.0,1,0,15.585,19.166,0.0,0.0,0.8,0.0,5.0,2.0,1.0,0.05,1,0.0,5.0,0.0
1002,2026-04-27T09:25:50.323Z,S20260427_102446,SC01,AUTO,46.4382,64.131,0.0635,end,1,1700,MI-CHARGE,0.0,0.0,0.8,0.0,-0.698132,0.0,1,0,10.992,18.119,0.0,0.0,0.8,0.0,5.0,2.0,1.0,0.05,1,0.0,5.0,0.0
1003,2026-04-27T09:25:50.385Z,S20260427_102446,SC01,AUTO,46.5002,64.193,0.0619,end,1,1700,MI-CHARGE,0.0,0.0,0.8,0.0,-0.698132,0.0,1,0,16.486,18.577,0.0,0.0,0.8,0.0,5.0,2.0,1.0,0.05,1,0.0,5.0,0.0
1004,2026-04-27T09:25:50.458Z,S20260427_102446,SC01,AUTO,46.5726,64.2654,0.0725,end,1,1700,MI-CHARGE,0.0,0.0,0.8,0.0,-0.698132,0.0,1,0,11.384,20.304,0.0,0.0,0.8,0.0,5.0,2.0,1.0,0.05,1,0.0,5.0,0.0
1005,2026-04-27T09:25:50.509Z,S20260427_102446,SC01,AUTO,46.6243,64.3171,0.0516,end,1,1700,MI-CHARGE,0.0,0.0,0.8,0.0,-0.698132,0.0,1,0,10.11,18.957,0.0,0.0,0.8,0.0,5.0,2.0,1.0,0.05,1,0.0,5.0,0.0
1006,2026-04-27T09:25:50.574Z,S20260427_102446,SC01,AUTO,46.6891,64.3819,0.0647,end,1,1700,MI-CHARGE,0.0,0.0,0.8,0.0,-0.698132,0.0,1,0,26.187,19.882,0.0,0.0,0.8,0.0,5.0,2.0,1.0,0.05,1,0.0,5.0,0.0
1007,2026-04-27T09:25:50.638Z,S20260427_102446,SC01,AUTO,46.7527,64.4455,0.0637,end,1,1700,MI-CHARGE,0.0,0.0,0.8,0.0,-0.698132,0.0,1,0,10.775,19.326,0.0,0.0,0.8,0.0,5.0,2.0,1.0,0.05,1,0.0,5.0,0.0
1008,2026-04-27T09:25:50.702Z,S20260427_102446,SC01,AUTO,46.8166,64.5094,0.0639,end,1,1700,MI-CHARGE,0.0,0.0,0.8,0.0,-0.698132,0.0,1,0,8.156,19.628,0.0,0.0,0.8,0.0,5.0,2.0,1.0,0.05,1,0.0,5.0,0.0
1009,2026-04-27T09:25:50.765Z,S20260427_102446,SC01,AUTO,46.8798,64.5726,0.0632,end,1,1700,MI-CHARGE,0.0,0.0,0.8,0.0,-0.698132,0.0,1,0,23.741,17.139,0.0,0.0,0.8,0.0,5.0,2.0,1.0,0.05,1,0.0,5.0,0.0
1010,2026-04-27T09:25:50.826Z,S20260427_102446,SC01,AUTO,46.9411,64.6338,0.0612,end,1,1700,MI-CHARGE,0.0,0.0,0.8,0.0,-0.698132,0.0,1,0,18.914,20.004,0.0,0.0,0.8,0.0,5.0,2.0,1.0,0.05,1,0.0,5.0,0.0
1011,2026-04-27T09:25:50.885Z,S20260427_102446,SC01,AUTO,46.9998,64.6926,0.0588,end,1,1700,MI-CHARGE,0.0,0.0,0.8,0.0,-0.698132,0.0,1,0,15.855,19.317,0.0,0.0,0.8,0.0,5.0,2.0,1.0,0.05,1,0.0,5.0,0.0
1012,2026-04-27T09:25:50.958Z,S20260427_102446,SC01,AUTO,47.0724,64.7652,0.0726,end,1,1700,MI-CHARGE,0.0,0.0,0.8,0.0,-0.698132,0.0,1,0,19.685,19.464,0.0,0.0,0.8,0.0,5.0,2.0,1.0,0.05,1,0.0,5.0,0.0
1013,2026-04-27T09:25:51.022Z,S20260427_102446,SC01,AUTO,47.1365,64.8293,0.064,end,1,1700,MI-CHARGE,0.0,0.0,0.8,0.0,-0.698132,0.0,1,0,15.456,20.021,0.0,0.0,0.8,0.0,5.0,2.0,1.0,0.05,1,0.0,5.0,0.0
1014,2026-04-27T09:25:51.084Z,S20260427_102446,SC01,AUTO,47.1988,64.8916,0.0624,end,1,1700,MI-CHARGE,0.0,0.0,0.8,0.0,-0.698132,0.0,1,0,11.713,17.275,0.0,0.0,0.8,0.0,5.0,2.0,1.0,0.05,1,0.0,5.0,0.0
1015,2026-04-27T09:25:51.134Z,S20260427_102446,SC01,AUTO,47.2491,64.9419,0.0502,end,1,1700,MI-CHARGE,0.0,0.0,0.8,0.0,-0.698132,0.0,1,0,7.338,20.198,0.0,0.0,0.8,0.0,5.0,2.0,1.0,0.05,1,0.0,5.0,0.0
1016,2026-04-27T09:25:51.203Z,S20260427_102446,SC01,AUTO,47.3178,65.0106,0.0688,end,1,1700,MI-CHARGE,0.0,0.0,0.8,0.0,-0.698132,0.0,1,0,13.053,20.041,0.0,0.0,0.8,0.0,5.0,2.0,1.0,0.05,1,0.0,5.0,0.0
1017,2026-04-27T09:25:51.259Z,S20260427_102446,SC01,AUTO,47.3739,65.0667,0.0562,end,1,1700,MI-CHARGE,0.0,0.0,0.8,0.0,-0.698132,0.0,1,0,9.464,19.65,0.0,0.0,0.8,0.0,5.0,2.0,1.0,0.05,1,0.0,5.0,0.0
1018,2026-04-27T09:25:51.326Z,S20260427_102446,SC01,AUTO,47.4405,65.1333,0.0666,end,1,1700,MI-CHARGE,0.0,0.0,0.8,0.0,-0.698132,0.0,1,0,24.206,20.135,0.0,0.0,0.8,0.0,5.0,2.0,1.0,0.05,1,0.0,5.0,0.0
1019,2026-04-27T09:25:51.386Z,S20260427_102446,SC01,AUTO,47.5008,65.1936,0.0603,end,1,1700,MI-CHARGE,0.0,0.0,0.8,0.0,-0.698132,0.0,1,0,21.832,17.57,0.0,0.0,0.8,0.0,5.0,2.0,1.0,0.05,1,0.0,5.0,0.0
1020,2026-04-27T09:25:51.446Z,S20260427_102446,SC01,AUTO,47.561,65.2538,0.0602,end,1,1700,MI-CHARGE,0.0,0.0,0.8,0.0,-0.698132,0.0,1,0,16.598,20.03,0.0,0.0,0.8,0.0,5.0,2.0,1.0,0.05,1,0.0,5.0,0.0
1021,2026-04-27T09:25:51.517Z,S20260427_102446,SC01,AUTO,47.6321,65.3249,0.0711,end,1,1700,MI-CHARGE,0.0,0.0,0.8,0.0,-0.698132,0.0,1,0,23.067,19.084,0.0,0.0,0.8,0.0,5.0,2.0,1.0,0.05,1,0.0,5.0,0.0
1022,2026-04-27T09:25:51.581Z,S20260427_102446,SC01,AUTO,47.6965,65.3893,0.0642,end,1,1700,MI-CHARGE,0.0,0.0,0.8,0.0,-0.698132,0.0,1,0,21.535,19.962,0.0,0.0,0.8,0.0,5.0,2.0,1.0,0.05,1,0.0,5.0,0.0
1023,2026-04-27T09:25:51.646Z,S20260427_102446,SC01,AUTO,47.7606,65.4534,0.0642,end,1,1700,MI-CHARGE,0.0,0.0,0.8,0.0,-0.698132,0.0,1,0,18.518,16.814,0.0,0.0,0.8,0.0,5.0,2.0,1.0,0.05,1,0.0,5.0,0.0
1024,2026-04-27T09:25:51.706Z,S20260427_102446,SC01,AUTO,47.821,65.5138,0.0604,end,1,1700,MI-CHARGE,0.0,0.0,0.8,0.0,-0.698132,0.0,1,0,14.464,19.477,0.0,0.0,0.8,0.0,5.0,2.0,1.0,0.05,1,0.0,5.0,0.0
1025,2026-04-27T09:25:51.765Z,S20260427_102446,SC01,AUTO,47.8801,65.5728,0.0591,end,1,1700,MI-CHARGE,0.0,0.0,0.8,0.0,-0.698132,0.0,1,0,38.77,27.576,0.0,0.0,0.8,0.0,5.0,2.0,1.0,0.05,1,0.0,5.0,0.0
1026,2026-04-27T09:25:51.822Z,S20260427_102446,SC01,AUTO,47.937,65.6298,0.0569,end,1,1700,MI-CHARGE,0.0,0.0,0.8,0.0,-0.698132,0.0,1,0,9.101,20.769,0.0,0.0,0.8,0.0,5.0,2.0,1.0,0.05,1,0.0,5.0,0.0
1027,2026-04-27T09:25:51.885Z,S20260427_102446,SC01,AUTO,48.0,65.6928,0.0631,end,1,1700,MI-CHARGE,0.0,0.0,0.8,0.0,-0.698132,0.0,1,0,13.97,19.405,0.0,0.0,0.8,0.0,5.0,2.0,1.0,0.05,1,0.0,5.0,0.0
1028,2026-04-27T09:25:51.950Z,S20260427_102446,SC01,AUTO,48.0651,65.7579,0.065,end,1,1700,MI-CHARGE,0.0,0.0,0.8,0.0,-0.698132,0.0,1,0,9.022,20.339,0.0,0.0,0.8,0.0,5.0,2.0,1.0,0.05,1,0.0,5.0,0.0
1029,2026-04-27T09:25:52.013Z,S20260427_102446,SC01,AUTO,48.1284,65.8212,0.0633,end,1,1700,MI-CHARGE,0.0,0.0,0.8,0.0,-0.698132,0.0,1,0,26.578,19.33,0.0,0.0,0.8,0.0,5.0,2.0,1.0,0.05,1,0.0,5.0,0.0
1030,2026-04-27T09:25:52.078Z,S20260427_102446,SC01,AUTO,48.1925,65.8853,0.0641,end,1,1700,MI-CHARGE,0.0,0.0,0.8,0.0,-0.698132,0.0,1,0,11.911,19.331,0.0,0.0,0.8,0.0,5.0,2.0,1.0,0.05,1,0.0,5.0,0.0
1031,2026-04-27T09:25:52.142Z,S20260427_102446,SC01,AUTO,48.2564,65.9492,0.064,end,1,1700,MI-CHARGE,0.0,0.0,0.8,0.0,-0.698132,0.0,1,0,27.443,19.882,0.0,0.0,0.8,0.0,5.0,2.0,1.0,0.05,1,0.0,5.0,0.0
1032,2026-04-27T09:25:52.209Z,S20260427_102446,SC01,AUTO,48.3241,66.0169,0.0677,end,1,1700,MI-CHARGE,0.0,0.0,0.8,0.0,-0.698132,0.0,1,0,24.324,17.982,0.0,0.0,0.8,0.0,5.0,2.0,1.0,0.05,1,0.0,5.0,0.0
1033,2026-04-27T09:25:52.266Z,S20260427_102446,SC01,AUTO,48.3806,66.0734,0.0565,end,1,1700,MI-CHARGE,0.0,0.0,0.8,0.0,-0.698132,0.0,1,0,22.203,19.948,0.0,0.0,0.8,0.0,5.0,2.0,1.0,0.05,1,0.0,5.0,0.0
1034,2026-04-27T09:25:52.326Z,S20260427_102446,SC01,AUTO,48.4408,66.1336,0.0601,end,1,1700,MI-CHARGE,0.0,0.0,0.8,0.0,-0.698132,0.0,1,0,19.945,19.61,0.0,0.0,0.8,0.0,5.0,2.0,1.0,0.05,1,0.0,5.0,0.0
1035,2026-04-27T09:25:52.385Z,S20260427_102446,SC01,AUTO,48.5001,66.1929,0.0594,end,1,1700,MI-CHARGE,0.0,0.0,0.8,0.0,-0.698132,0.0,1,0,15.437,19.871,0.0,0.0,0.8,0.0,5.0,2.0,1.0,0.05,1,0.0,5.0,0.0
1036,2026-04-27T09:25:52.457Z,S20260427_102446,SC01,AUTO,48.5719,66.2647,0.0719,end,1,1700,MI-CHARGE,0.0,0.0,0.8,0.0,-0.698132,0.0,1,0,20.879,19.472,0.0,0.0,0.8,0.0,5.0,2.0,1.0,0.05,1,0.0,5.0,0.0
1037,2026-04-27T09:25:52.509Z,S20260427_102446,SC01,AUTO,48.6243,66.3171,0.0523,end,1,1700,MI-CHARGE,0.0,0.0,0.8,0.0,-0.698132,0.0,1,0,19.228,19.165,0.0,0.0,0.8,0.0,5.0,2.0,1.0,0.05,1,0.0,5.0,0.0
1038,2026-04-27T09:25:52.573Z,S20260427_102446,SC01,AUTO,48.6884,66.3812,0.0641,end,1,1700,MI-CHARGE,0.0,0.0,0.8,0.0,-0.698132,0.0,1,0,14.115,20.17,0.0,0.0,0.8,0.0,5.0,2.0,1.0,0.05,1,0.0,5.0,0.0
1039,2026-04-27T09:25:52.638Z,S20260427_102446,SC01,AUTO,48.7533,66.4461,0.0649,end,1,1700,MI-CHARGE,0.0,0.0,0.8,0.0,-0.698132,0.0,1,0,11.631,18.963,0.0,0.0,0.8,0.0,5.0,2.0,1.0,0.05,1,0.0,5.0,0.0
1040,2026-04-27T09:25:52.702Z,S20260427_102446,SC01,AUTO,48.8173,66.5101,0.064,end,1,1700,MI-CHARGE,0.0,0.0,0.8,0.0,-0.698132,0.0,1,0,16.059,19.45,0.0,0.0,0.8,0.0,5.0,2.0,1.0,0.05,1,0.0,5.0,0.0
1041,2026-04-27T09:25:52.765Z,S20260427_102446,SC01,AUTO,48.8803,66.5731,0.063,end,1,1700,MI-CHARGE,0.0,0.0,0.8,0.0,-0.698132,0.0,1,0,13.538,19.171,0.0,0.0,0.8,0.0,5.0,2.0,1.0,0.05,1,0.0,5.0,0.0
1042,2026-04-27T09:25:52.826Z,S20260427_102446,SC01,AUTO,48.9408,66.6336,0.0606,end,1,1700,MI-CHARGE,0.0,0.0,0.8,0.0,-0.698132,0.0,1,0,9.677,18.717,0.0,0.0,0.8,0.0,5.0,2.0,1.0,0.05,1,0.0,5.0,0.0
1043,2026-04-27T09:25:52.885Z,S20260427_102446,SC01,AUTO,49.0002,66.693,0.0594,end,1,1700,MI-CHARGE,0.0,0.0,0.8,0.0,-0.698132,0.0,1,0,26.308,19.129,0.0,0.0,0.8,0.0,5.0,2.0,1.0,0.05,1,0.0,5.0,0.0
1044,2026-04-27T09:25:52.957Z,S20260427_102446,SC01,AUTO,49.072,66.7647,0.0717,end,1,1700,MI-CHARGE,0.0,0.0,0.8,0.0,-0.698132,0.0,1,0,9.504,19.221,0.0,0.0,0.8,0.0,5.0,2.0,1.0,0.05,1,0.0,5.0,0.0
1045,2026-04-27T09:25:53.018Z,S20260427_102446,SC01,AUTO,49.1332,66.826,0.0613,end,1,1700,MI-CHARGE,0.0,0.0,0.8,0.0,-0.698132,0.0,1,0,27.681,18.826,0.0,0.0,0.8,0.0,5.0,2.0,1.0,0.05,1,0.0,5.0,0.0
1046,2026-04-27T09:25:53.081Z,S20260427_102446,SC01,AUTO,49.1956,66.8884,0.0624,end,1,1700,MI-CHARGE,0.0,0.0,0.8,0.0,-0.698132,0.0,1,0,24.797,12.552,0.0,0.0,0.8,0.0,5.0,2.0,1.0,0.05,1,0.0,5.0,0.0
1047,2026-04-27T09:25:53.134Z,S20260427_102446,SC01,AUTO,49.2485,66.9413,0.0528,end,1,1700,MI-CHARGE,0.0,0.0,0.8,0.0,-0.698132,0.0,1,0,21.034,18.486,0.0,0.0,0.8,0.0,5.0,2.0,1.0,0.05,1,0.0,5.0,0.0
1048,2026-04-27T09:25:53.204Z,S20260427_102446,SC01,AUTO,49.3187,67.0115,0.0702,end,1,1700,MI-CHARGE,0.0,0.0,0.8,0.0,-0.698132,0.0,1,0,18.18,19.914,0.0,0.0,0.8,0.0,5.0,2.0,1.0,0.05,1,0.0,5.0,0.0
1049,2026-04-27T09:25:53.262Z,S20260427_102446,SC01,AUTO,49.3773,67.0701,0.0586,end,1,1700,MI-CHARGE,0.0,0.0,0.8,0.0,-0.698132,0.0,1,0,14.812,14.568,0.0,0.0,0.8,0.0,5.0,2.0,1.0,0.05,1,0.0,5.0,0.0
1050,2026-04-27T09:25:53.326Z,S20260427_102446,SC01,AUTO,49.4406,67.1334,0.0633,end,1,1700,MI-CHARGE,0.0,0.0,0.8,0.0,-0.698132,0.0,1,0,16.556,19.769,0.0,0.0,0.8,0.0,5.0,2.0,1.0,0.05,1,0.0,5.0,0.0
1051,2026-04-27T09:25:53.385Z,S20260427_102446,SC01,AUTO,49.4996,67.1924,0.0591,end,1,1700,MI-CHARGE,0.0,0.0,0.8,0.0,-0.698132,0.0,1,0,12.826,19.875,0.0,0.0,0.8,0.0,5.0,2.0,1.0,0.05,1,0.0,5.0,0.0
1052,2026-04-27T09:25:53.454Z,S20260427_102446,SC01,AUTO,49.5688,67.2616,0.0692,end,1,1700,MI-CHARGE,0.0,0.0,0.8,0.0,-0.698132,0.0,1,0,9.281,19.312,0.0,0.0,0.8,0.0,5.0,2.0,1.0,0.05,1,0.0,5.0,0.0
1053,2026-04-27T09:25:53.518Z,S20260427_102446,SC01,AUTO,49.6326,67.3254,0.0638,end,1,1700,MI-CHARGE,0.0,0.0,0.8,0.0,-0.698132,0.0,1,0,25.93,20.442,0.0,0.0,0.8,0.0,5.0,2.0,1.0,0.05,1,0.0,5.0,0.0
1054,2026-04-27T09:25:53.579Z,S20260427_102446,SC01,AUTO,49.6939,67.3867,0.0613,end,1,1700,MI-CHARGE,0.0,0.0,0.8,0.0,-0.698132,0.0,1,0,10.446,19.358,0.0,0.0,0.8,0.0,5.0,2.0,1.0,0.05,1,0.0,5.0,0.0
1055,2026-04-27T09:25:53.642Z,S20260427_102446,SC01,AUTO,49.757,67.4498,0.0631,end,1,1700,MI-CHARGE,0.0,0.0,0.8,0.0,-0.698132,0.0,1,0,26.448,19.363,0.0,0.0,0.8,0.0,5.0,2.0,1.0,0.05,1,0.0,5.0,0.0
1056,2026-04-27T09:25:53.705Z,S20260427_102446,SC01,AUTO,49.8197,67.5125,0.0626,end,1,1700,MI-CHARGE,0.0,0.0,0.8,0.0,-0.698132,0.0,1,0,22.737,17.467,0.0,0.0,0.8,0.0,5.0,2.0,1.0,0.05,1,0.0,5.0,0.0
1057,2026-04-27T09:25:53.765Z,S20260427_102446,SC01,AUTO,49.8802,67.573,0.0605,end,1,1700,MI-CHARGE,0.0,0.0,0.8,0.0,-0.698132,0.0,1,0,21.113,18.515,0.0,0.0,0.8,0.0,5.0,2.0,1.0,0.05,1,0.0,5.0,0.0
1058,2026-04-27T09:25:53.822Z,S20260427_102446,SC01,AUTO,49.937,67.6298,0.0568,end,1,1700,MI-CHARGE,0.0,0.0,0.8,0.0,-0.698132,0.0,1,0,23.913,20.367,0.0,0.0,0.8,0.0,5.0,2.0,1.0,0.05,1,0.0,5.0,0.0
1059,2026-04-27T09:25:53.886Z,S20260427_102446,SC01,AUTO,50.0008,67.6936,0.0638,end,1,1700,MI-CHARGE,0.0,0.0,0.8,0.0,-0.698132,0.0,1,0,21.743,16.058,0.0,0.0,0.8,0.0,5.0,2.0,1.0,0.05,1,0.0,5.0,0.0
1060,2026-04-27T09:25:53.951Z,S20260427_102446,SC01,AUTO,50.0659,67.7587,0.0651,end,1,1700,MI-CHARGE,0.0,0.0,0.8,0.0,-0.698132,0.0,1,0,22.283,18.054,0.0,0.0,0.8,0.0,5.0,2.0,1.0,0.05,1,0.0,5.0,0.0
1061,2026-04-27T09:25:54.014Z,S20260427_102446,SC01,AUTO,50.129,67.8218,0.0631,end,1,1700,MI-CHARGE,0.0,0.0,0.8,0.0,-0.698132,0.0,1,0,22.806,19.902,0.0,0.0,0.8,0.0,5.0,2.0,1.0,0.05,1,0.0,5.0,0.0
1062,2026-04-27T09:25:54.078Z,S20260427_102446,SC01,AUTO,50.1929,67.8857,0.0639,end,1,1700,MI-CHARGE,0.0,0.0,0.8,0.0,-0.698132,0.0,1,0,8.427,19.645,0.0,0.0,0.8,0.0,5.0,2.0,1.0,0.05,1,0.0,5.0,0.0
1063,2026-04-27T09:25:54.142Z,S20260427_102446,SC01,AUTO,50.2566,67.9494,0.0637,end,1,1700,MI-CHARGE,0.0,0.0,0.8,0.0,-0.698132,0.0,1,0,28.425,19.5,0.0,0.0,0.8,0.0,5.0,2.0,1.0,0.05,1,0.0,5.0,0.0
1064,2026-04-27T09:25:54.207Z,S20260427_102446,SC01,AUTO,50.3215,68.0143,0.0649,end,1,1700,MI-CHARGE,0.0,0.0,0.8,0.0,-0.698132,0.0,1,0,26.367,17.333,0.0,0.0,0.8,0.0,5.0,2.0,1.0,0.05,1,0.0,5.0,0.0
1065,2026-04-27T09:25:54.266Z,S20260427_102446,SC01,AUTO,50.3813,68.0741,0.0598,end,1,1700,MI-CHARGE,0.0,0.0,0.8,0.0,-0.698132,0.0,1,0,25.025,17.54,0.0,0.0,0.8,0.0,5.0,2.0,1.0,0.05,1,0.0,5.0,0.0
1066,2026-04-27T09:25:54.325Z,S20260427_102446,SC01,AUTO,50.4404,68.1332,0.0591,end,1,1700,MI-CHARGE,0.0,0.0,0.8,0.0,-0.698132,0.0,1,0,28.864,18.526,0.0,0.0,0.8,0.0,5.0,2.0,1.0,0.05,1,0.0,5.0,0.0
1067,2026-04-27T09:25:54.386Z,S20260427_102446,SC01,AUTO,50.5008,68.1936,0.0605,end,1,1700,MI-CHARGE,0.0,0.0,0.8,0.0,-0.698132,0.0,1,0,27.047,19.261,0.0,0.0,0.8,0.0,5.0,2.0,1.0,0.05,1,0.0,5.0,0.0
1068,2026-04-27T09:25:54.446Z,S20260427_102446,SC01,AUTO,50.5611,68.2539,0.0602,end,1,1700,MI-CHARGE,0.0,0.0,0.8,0.0,-0.698132,0.0,1,0,25.693,18.875,0.0,0.0,0.8,0.0,5.0,2.0,1.0,0.05,1,0.0,5.0,0.0
1069,2026-04-27T09:25:54.511Z,S20260427_102446,SC01,AUTO,50.6258,68.3186,0.0647,end,1,1700,MI-CHARGE,0.0,0.0,0.8,0.0,-0.698132,0.0,1,0,26.772,20.122,0.0,0.0,0.8,0.0,5.0,2.0,1.0,0.05,1,0.0,5.0,0.0
1070,2026-04-27T09:25:54.574Z,S20260427_102446,SC01,AUTO,50.6892,68.382,0.0634,end,1,1700,MI-CHARGE,0.0,0.0,0.8,0.0,-0.698132,0.0,1,0,27.023,19.984,0.0,0.0,0.8,0.0,5.0,2.0,1.0,0.05,1,0.0,5.0,0.0
1071,2026-04-27T09:25:54.638Z,S20260427_102446,SC01,AUTO,50.7532,68.446,0.064,end,1,1700,MI-CHARGE,0.0,0.0,0.8,0.0,-0.698132,0.0,1,0,27.205,19.117,0.0,0.0,0.8,0.0,5.0,2.0,1.0,0.05,1,0.0,5.0,0.0
1072,2026-04-27T09:25:54.702Z,S20260427_102446,SC01,AUTO,50.8168,68.5096,0.0637,end,1,1700,MI-CHARGE,0.0,0.0,0.8,0.0,-0.698132,0.0,1,0,15.127,19.681,0.0,0.0,0.8,0.0,5.0,2.0,1.0,0.05,1,0.0,5.0,0.0
1073,2026-04-27T09:25:54.766Z,S20260427_102446,SC01,AUTO,50.8808,68.5736,0.064,end,1,1700,MI-CHARGE,0.0,0.0,0.8,0.0,-0.698132,0.0,1,0,14.609,19.906,0.0,0.0,0.8,0.0,5.0,2.0,1.0,0.05,1,0.0,5.0,0.0
1074,2026-04-27T09:25:54.826Z,S20260427_102446,SC01,AUTO,50.9409,68.6337,0.0601,end,1,1700,MI-CHARGE,0.0,0.0,0.8,0.0,-0.698132,0.0,1,0,15.686,19.714,0.0,0.0,0.8,0.0,5.0,2.0,1.0,0.05,1,0.0,5.0,0.0
1075,2026-04-27T09:25:54.886Z,S20260427_102446,SC01,AUTO,51.0011,68.6939,0.0603,end,1,1700,MI-CHARGE,0.0,0.0,0.8,0.0,-0.698132,0.0,1,0,15.267,20.253,0.0,0.0,0.8,0.0,5.0,2.0,1.0,0.05,1,0.0,5.0,0.0
1076,2026-04-27T09:25:54.958Z,S20260427_102446,SC01,AUTO,51.073,68.7658,0.0718,end,1,1700,MI-CHARGE,0.0,0.0,0.8,0.0,-0.698132,0.0,1,0,12.591,19.987,0.0,0.0,0.8,0.0,5.0,2.0,1.0,0.05,1,0.0,5.0,0.0
1077,2026-04-27T09:25:55.021Z,S20260427_102446,SC01,AUTO,51.1364,68.8292,0.0634,end,1,1700,MI-CHARGE,0.0,0.0,0.8,0.0,-0.698132,0.0,1,0,12.712,18.158,0.0,0.0,0.8,0.0,5.0,2.0,1.0,0.05,1,0.0,5.0,0.0
1078,2026-04-27T09:25:55.085Z,S20260427_102446,SC01,AUTO,51.1998,68.8926,0.0635,end,1,1700,MI-CHARGE,0.0,0.0,0.8,0.0,-0.698132,0.0,1,0,39.532,11.087,0.0,0.0,0.8,0.0,5.0,2.0,1.0,0.05,1,0.0,5.0,0.0
1079,2026-04-27T09:25:55.134Z,S20260427_102446,SC01,AUTO,51.2489,68.9417,0.049,end,1,1700,MI-CHARGE,0.0,0.0,0.8,0.0,-0.698132,0.0,1,0,32.452,20.438,0.0,0.0,0.8,0.0,5.0,2.0,1.0,0.05,1,0.0,5.0,0.0
1080,2026-04-27T09:25:55.212Z,S20260427_102446,SC01,AUTO,51.3265,69.0193,0.0777,end,1,1700,MI-CHARGE,0.0,0.0,0.8,0.0,-0.698132,0.0,1,0,21.648,19.604,0.0,0.0,0.8,0.0,5.0,2.0,1.0,0.05,1,0.0,5.0,0.0
1081,2026-04-27T09:25:55.262Z,S20260427_102446,SC01,AUTO,51.3768,69.0696,0.0503,end,1,1700,MI-CHARGE,0.0,0.0,0.8,0.0,-0.698132,0.0,1,0,22.787,27.064,0.0,0.0,0.8,0.0,5.0,2.0,1.0,0.05,1,0.0,5.0,0.0
1082,2026-04-27T09:25:55.325Z,S20260427_102446,SC01,AUTO,51.44,69.1328,0.0632,end,1,1700,MI-CHARGE,0.0,0.0,0.8,0.0,-0.698132,0.0,1,0,28.479,23.722,0.0,0.0,0.8,0.0,5.0,2.0,1.0,0.05,1,0.0,5.0,0.0
1083,2026-04-27T09:25:55.386Z,S20260427_102446,SC01,AUTO,51.5007,69.1935,0.0607,end,1,1700,MI-CHARGE,0.0,0.0,0.8,0.0,-0.698132,0.0,1,0,20.566,19.778,0.0,0.0,0.8,0.0,5.0,2.0,1.0,0.05,1,0.0,5.0,0.0
1084,2026-04-27T09:25:55.454Z,S20260427_102446,SC01,AUTO,51.569,69.2618,0.0683,end,1,1700,MI-CHARGE,0.0,0.0,0.8,0.0,-0.698132,0.0,1,0,18.339,19.572,0.0,0.0,0.8,0.0,5.0,2.0,1.0,0.05,1,0.0,5.0,0.0
1085,2026-04-27T09:25:55.518Z,S20260427_102446,SC01,AUTO,51.6328,69.3256,0.0638,end,1,1700,MI-CHARGE,0.0,0.0,0.8,0.0,-0.698132,0.0,1,0,16.141,18.748,0.0,0.0,0.8,0.0,5.0,2.0,1.0,0.05,1,0.0,5.0,0.0
1086,2026-04-27T09:25:55.580Z,S20260427_102446,SC01,AUTO,51.6951,69.3879,0.0623,end,1,1700,MI-CHARGE,0.0,0.0,0.8,0.0,-0.698132,0.0,1,0,14.726,19.643,0.0,0.0,0.8,0.0,5.0,2.0,1.0,0.05,1,0.0,5.0,0.0
1087,2026-04-27T09:25:55.642Z,S20260427_102446,SC01,AUTO,51.757,69.4498,0.062,end,1,1700,MI-CHARGE,0.0,0.0,0.8,0.0,-0.698132,0.0,1,0,17.286,17.439,0.0,0.0,0.8,0.0,5.0,2.0,1.0,0.05,1,0.0,5.0,0.0
1088,2026-04-27T09:25:55.705Z,S20260427_102446,SC01,AUTO,51.8197,69.5125,0.0627,end,1,1700,MI-CHARGE,0.0,0.0,0.8,0.0,-0.698132,0.0,1,0,13.841,16.618,0.0,0.0,0.8,0.0,5.0,2.0,1.0,0.05,1,0.0,5.0,0.0
1089,2026-04-27T09:25:55.766Z,S20260427_102446,SC01,AUTO,51.8807,69.5735,0.061,end,1,1700,MI-CHARGE,0.0,0.0,0.8,0.0,-0.698132,0.0,1,0,15.045,18.852,0.0,0.0,0.8,0.0,5.0,2.0,1.0,0.05,1,0.0,5.0,0.0
1090,2026-04-27T09:25:55.822Z,S20260427_102446,SC01,AUTO,51.9372,69.63,0.0564,end,1,1700,MI-CHARGE,0.0,0.0,0.8,0.0,-0.698132,0.0,1,0,16.041,18.791,0.0,0.0,0.8,0.0,5.0,2.0,1.0,0.05,1,0.0,5.0,0.0
1091,2026-04-27T09:25:55.886Z,S20260427_102446,SC01,AUTO,52.001,69.6938,0.0639,end,1,1700,MI-CHARGE,0.0,0.0,0.8,0.0,-0.698132,0.0,1,0,15.524,15.347,0.0,0.0,0.8,0.0,5.0,2.0,1.0,0.05,1,0.0,5.0,0.0
1092,2026-04-27T09:25:55.951Z,S20260427_102446,SC01,AUTO,52.0658,69.7586,0.0648,end,1,1700,MI-CHARGE,0.0,0.0,0.8,0.0,-0.698132,0.0,1,0,19.28,16.979,0.0,0.0,0.8,0.0,5.0,2.0,1.0,0.05,1,0.0,5.0,0.0
1093,2026-04-27T09:25:56.014Z,S20260427_102446,SC01,AUTO,52.1286,69.8214,0.0628,end,1,1700,MI-CHARGE,0.0,0.0,0.8,0.0,-0.698132,0.0,1,0,25.389,19.634,0.0,0.0,0.8,0.0,5.0,2.0,1.0,0.05,1,0.0,5.0,0.0
1094,2026-04-27T09:25:56.077Z,S20260427_102446,SC01,AUTO,52.1921,69.8849,0.0635,end,1,1700,MI-CHARGE,0.0,0.0,0.8,0.0,-0.698132,0.0,1,0,27.408,19.36,0.0,0.0,0.8,0.0,5.0,2.0,1.0,0.05,1,0.0,5.0,0.0
1095,2026-04-27T09:25:56.142Z,S20260427_102446,SC01,AUTO,52.2568,69.9496,0.0647,end,1,1700,MI-CHARGE,0.0,0.0,0.8,0.0,-0.698132,0.0,1,0,27.98,19.203,0.0,0.0,0.8,0.0,5.0,2.0,1.0,0.05,1,0.0,5.0,0.0
1096,2026-04-27T09:25:56.207Z,S20260427_102446,SC01,AUTO,52.3214,70.0142,0.0647,end,1,1700,MI-CHARGE,0.0,0.0,0.8,0.0,-0.698132,0.0,1,0,28.669,17.535,0.0,0.0,0.8,0.0,5.0,2.0,1.0,0.05,1,0.0,5.0,0.0
1097,2026-04-27T09:25:56.266Z,S20260427_102446,SC01,AUTO,52.3808,70.0736,0.0593,end,1,1700,MI-CHARGE,0.0,0.0,0.8,0.0,-0.698132,0.0,1,0,26.46,17.447,0.0,0.0,0.8,0.0,5.0,2.0,1.0,0.05,1,0.0,5.0,0.0
1098,2026-04-27T09:25:56.326Z,S20260427_102446,SC01,AUTO,52.4406,70.1334,0.0598,end,1,1700,MI-CHARGE,0.0,0.0,0.8,0.0,-0.698132,0.0,1,0,26.673,19.632,0.0,0.0,0.8,0.0,5.0,2.0,1.0,0.05,1,0.0,5.0,0.0
1099,2026-04-27T09:25:56.386Z,S20260427_102446,SC01,AUTO,52.5005,70.1933,0.06,end,1,1700,MI-CHARGE,0.0,0.0,0.8,0.0,-0.698132,0.0,1,0,26.115,20.054,0.0,0.0,0.8,0.0,5.0,2.0,1.0,0.05,1,0.0,5.0,0.0
1100,2026-04-27T09:25:56.447Z,S20260427_102446,SC01,AUTO,52.5622,70.255,0.0616,end,1,1700,MI-CHARGE,0.0,0.0,0.8,0.0,-0.698132,0.0,1,0,27.874,19.151,0.0,0.0,0.8,0.0,5.0,2.0,1.0,0.05,1,0.0,5.0,0.0
1101,2026-04-27T09:25:56.510Z,S20260427_102446,SC01,AUTO,52.6247,70.3175,0.0625,end,1,1700,MI-CHARGE,0.0,0.0,0.8,0.0,-0.698132,0.0,1,0,30.402,20.396,0.0,0.0,0.8,0.0,5.0,2.0,1.0,0.05,1,0.0,5.0,0.0
1102,2026-04-27T09:25:56.574Z,S20260427_102446,SC01,AUTO,52.6887,70.3815,0.064,end,1,1700,MI-CHARGE,0.0,0.0,0.8,0.0,-0.698132,0.0,1,0,25.294,20.434,0.0,0.0,0.8,0.0,5.0,2.0,1.0,0.05,1,0.0,5.0,0.0
1103,2026-04-27T09:25:56.638Z,S20260427_102446,SC01,AUTO,52.7525,70.4453,0.0638,end,1,1700,MI-CHARGE,0.0,0.0,0.8,0.0,-0.698132,0.0,1,0,25.182,20.008,0.0,0.0,0.8,0.0,5.0,2.0,1.0,0.05,1,0.0,5.0,0.0
1104,2026-04-27T09:25:56.702Z,S20260427_102446,SC01,AUTO,52.8172,70.51,0.0647,end,1,1700,MI-CHARGE,0.0,0.0,0.8,0.0,-0.698132,0.0,1,0,12.621,20.219,0.0,0.0,0.8,0.0,5.0,2.0,1.0,0.05,1,0.0,5.0,0.0
1105,2026-04-27T09:25:56.765Z,S20260427_102446,SC01,AUTO,52.8802,70.573,0.0631,end,1,1700,MI-CHARGE,0.0,0.0,0.8,0.0,-0.698132,0.0,1,0,13.018,19.291,0.0,0.0,0.8,0.0,5.0,2.0,1.0,0.05,1,0.0,5.0,0.0
1106,2026-04-27T09:25:56.826Z,S20260427_102446,SC01,AUTO,52.9409,70.6337,0.0607,end,1,1700,MI-CHARGE,0.0,0.0,0.8,0.0,-0.698132,0.0,1,0,8.45,20.342,0.0,0.0,0.8,0.0,5.0,2.0,1.0,0.05,1,0.0,5.0,0.0
1107,2026-04-27T09:25:56.885Z,S20260427_102446,SC01,AUTO,53.0002,70.693,0.0593,end,1,1700,MI-CHARGE,0.0,0.0,0.8,0.0,-0.698132,0.0,1,0,10.143,19.691,0.0,0.0,0.8,0.0,5.0,2.0,1.0,0.05,1,0.0,5.0,0.0
1108,2026-04-27T09:25:56.957Z,S20260427_102446,SC01,AUTO,53.0715,70.7643,0.0713,end,1,1700,MI-CHARGE,0.0,0.0,0.8,0.0,-0.698132,0.0,1,0,8.804,19.822,0.0,0.0,0.8,0.0,5.0,2.0,1.0,0.05,1,0.0,5.0,0.0
1109,2026-04-27T09:25:57.019Z,S20260427_102446,SC01,AUTO,53.1338,70.8266,0.0623,end,1,1700,MI-CHARGE,0.0,0.0,0.8,0.0,-0.698132,0.0,1,0,30.048,19.517,0.0,0.0,0.8,0.0,5.0,2.0,1.0,0.05,1,0.0,5.0,0.0
1110,2026-04-27T09:25:57.081Z,S20260427_102446,SC01,AUTO,53.1963,70.8891,0.0624,end,1,1700,MI-CHARGE,0.0,0.0,0.8,0.0,-0.698132,0.0,1,0,9.036,19.641,0.0,0.0,0.8,0.0,5.0,2.0,1.0,0.05,1,0.0,5.0,0.0
1111,2026-04-27T09:25:57.134Z,S20260427_102446,SC01,AUTO,53.2491,70.9419,0.0529,end,1,1700,MI-CHARGE,0.0,0.0,0.8,0.0,-0.698132,0.0,1,0,26.996,23.049,0.0,0.0,0.8,0.0,5.0,2.0,1.0,0.05,1,0.0,5.0,0.0
1112,2026-04-27T09:25:57.209Z,S20260427_102446,SC01,AUTO,53.324,71.0168,0.0749,end,1,1700,MI-CHARGE,0.0,0.0,0.8,0.0,-0.698132,0.0,1,0,20.471,18.204,0.0,0.0,0.8,0.0,5.0,2.0,1.0,0.05,1,0.0,5.0,0.0
1113,2026-04-27T09:25:57.263Z,S20260427_102446,SC01,AUTO,53.3776,71.0704,0.0535,end,1,1700,MI-CHARGE,0.0,0.0,0.8,0.0,-0.698132,0.0,1,0,24.788,25.155,0.0,0.0,0.8,0.0,5.0,2.0,1.0,0.05,1,0.0,5.0,0.0
1114,2026-04-27T09:25:57.323Z,S20260427_102446,SC01,AUTO,53.4382,71.131,0.0607,end,1,1700,MI-CHARGE,0.0,0.0,0.8,0.0,-0.698132,0.0,1,0,37.486,10.271,0.0,0.0,0.8,0.0,5.0,2.0,1.0,0.05,1,0.0,5.0,0.0
1115,2026-04-27T09:25:57.386Z,S20260427_102446,SC01,AUTO,53.5008,71.1936,0.0626,end,1,1700,MI-CHARGE,0.0,0.0,0.8,0.0,-0.698132,0.0,1,0,18.832,19.255,0.0,0.0,0.8,0.0,5.0,2.0,1.0,0.05,1,0.0,5.0,0.0
1116,2026-04-27T09:25:57.454Z,S20260427_102446,SC01,AUTO,53.5694,71.2622,0.0686,end,1,1700,MI-CHARGE,0.0,0.0,0.8,0.0,-0.698132,0.0,1,0,19.924,19.361,0.0,0.0,0.8,0.0,5.0,2.0,1.0,0.05,1,0.0,5.0,0.0
1117,2026-04-27T09:25:57.518Z,S20260427_102446,SC01,AUTO,53.6334,71.3262,0.064,end,1,1700,MI-CHARGE,0.0,0.0,0.8,0.0,-0.698132,0.0,1,0,41.266,19.804,0.0,0.0,0.8,0.0,5.0,2.0,1.0,0.05,1,0.0,5.0,0.0
1118,2026-04-27T09:25:57.582Z,S20260427_102446,SC01,AUTO,53.6973,71.3901,0.0639,end,1,1700,MI-CHARGE,0.0,0.0,0.8,0.0,-0.698132,0.0,1,0,14.945,20.191,0.0,0.0,0.8,0.0,5.0,2.0,1.0,0.05,1,0.0,5.0,0.0
1119,2026-04-27T09:25:57.645Z,S20260427_102446,SC01,AUTO,53.7598,71.4526,0.0626,end,1,1700,MI-CHARGE,0.0,0.0,0.8,0.0,-0.698132,0.0,1,0,14.285,19.508,0.0,0.0,0.8,0.0,5.0,2.0,1.0,0.05,1,0.0,5.0,0.0
1120,2026-04-27T09:25:57.705Z,S20260427_102446,SC01,AUTO,53.8199,71.5126,0.0601,end,1,1700,MI-CHARGE,0.0,0.0,0.8,0.0,-0.698132,0.0,1,0,13.151,19.129,0.0,0.0,0.8,0.0,5.0,2.0,1.0,0.05,1,0.0,5.0,0.0
1121,2026-04-27T09:25:57.765Z,S20260427_102446,SC01,AUTO,53.8804,71.5732,0.0605,end,1,1700,MI-CHARGE,0.0,0.0,0.8,0.0,-0.698132,0.0,1,0,9.564,19.976,0.0,0.0,0.8,0.0,5.0,2.0,1.0,0.05,1,0.0,5.0,0.0
1122,2026-04-27T09:25:57.822Z,S20260427_102446,SC01,AUTO,53.9371,71.6299,0.0567,end,1,1700,MI-CHARGE,0.0,0.0,0.8,0.0,-0.698132,0.0,1,0,10.37,20.168,0.0,0.0,0.8,0.0,5.0,2.0,1.0,0.05,1,0.0,5.0,0.0
1123,2026-04-27T09:25:57.886Z,S20260427_102446,SC01,AUTO,54.0005,71.6933,0.0634,end,1,1700,MI-CHARGE,0.0,0.0,0.8,0.0,-0.698132,0.0,1,0,11.26,19.989,0.0,0.0,0.8,0.0,5.0,2.0,1.0,0.05,1,0.0,5.0,0.0
1124,2026-04-27T09:25:57.950Z,S20260427_102446,SC01,AUTO,54.0647,71.7575,0.0642,end,1,1700,MI-CHARGE,0.0,0.0,0.8,0.0,-0.698132,0.0,1,0,10.693,19.718,0.0,0.0,0.8,0.0,5.0,2.0,1.0,0.05,1,0.0,5.0,0.0
1125,2026-04-27T09:25:58.015Z,S20260427_102446,SC01,AUTO,54.1295,71.8223,0.0647,end,1,1700,MI-CHARGE,0.0,0.0,0.8,0.0,-0.698132,0.0,1,0,10.116,20.061,0.0,0.0,0.8,0.0,5.0,2.0,1.0,0.05,1,0.0,5.0,0.0
1126,2026-04-27T09:25:58.079Z,S20260427_102446,SC01,AUTO,54.1939,71.8867,0.0644,end,1,1700,MI-CHARGE,0.0,0.0,0.8,0.0,-0.698132,0.0,1,0,11.828,20.729,0.0,0.0,0.8,0.0,5.0,2.0,1.0,0.05,1,0.0,5.0,0.0
1127,2026-04-27T09:25:58.142Z,S20260427_102446,SC01,AUTO,54.2572,71.95,0.0633,end,1,1700,MI-CHARGE,0.0,0.0,0.8,0.0,-0.698132,0.0,1,0,11.895,18.357,0.0,0.0,0.8,0.0,5.0,2.0,1.0,0.05,1,0.0,5.0,0.0
1128,2026-04-27T09:25:58.212Z,S20260427_102446,SC01,AUTO,54.3267,72.0195,0.0696,end,1,1700,MI-CHARGE,0.0,0.0,0.8,0.0,-0.698132,0.0,1,0,22.269,19.41,0.0,0.0,0.8,0.0,5.0,2.0,1.0,0.05,1,0.0,5.0,0.0
1129,2026-04-27T09:25:58.266Z,S20260427_102446,SC01,AUTO,54.3804,72.0732,0.0537,end,1,1700,MI-CHARGE,0.0,0.0,0.8,0.0,-0.698132,0.0,1,0,26.245,27.36,0.0,0.0,0.8,0.0,5.0,2.0,1.0,0.05,1,0.0,5.0,0.0
1130,2026-04-27T09:25:58.324Z,S20260427_102446,SC01,AUTO,54.4389,72.1317,0.0585,end,1,1700,MI-CHARGE,0.0,0.0,0.8,0.0,-0.698132,0.0,1,0,14.01,19.492,0.0,0.0,0.8,0.0,5.0,2.0,1.0,0.05,1,0.0,5.0,0.0
1131,2026-04-27T09:25:58.386Z,S20260427_102446,SC01,AUTO,54.5005,72.1933,0.0616,end,1,1700,MI-CHARGE,0.0,0.0,0.8,0.0,-0.698132,0.0,1,0,39.37,27.61,0.0,0.0,0.8,0.0,5.0,2.0,1.0,0.05,1,0.0,5.0,0.0
1132,2026-04-27T09:25:58.456Z,S20260427_102446,SC01,AUTO,54.5713,72.2641,0.0708,end,1,1700,MI-CHARGE,0.0,0.0,0.8,0.0,-0.698132,0.0,1,0,23.282,19.274,0.0,0.0,0.8,0.0,5.0,2.0,1.0,0.05,1,0.0,5.0,0.0
1133,2026-04-27T09:25:58.510Z,S20260427_102446,SC01,AUTO,54.6249,72.3177,0.0536,end,1,1700,MI-CHARGE,0.0,0.0,0.8,0.0,-0.698132,0.0,1,0,21.854,20.323,0.0,0.0,0.8,0.0,5.0,2.0,1.0,0.05,1,0.0,5.0,0.0
1134,2026-04-27T09:25:58.574Z,S20260427_102446,SC01,AUTO,54.689,72.3818,0.0641,end,1,1700,MI-CHARGE,0.0,0.0,0.8,0.0,-0.698132,0.0,1,0,23.046,19.939,0.0,0.0,0.8,0.0,5.0,2.0,1.0,0.05,1,0.0,5.0,0.0
1135,2026-04-27T09:25:58.638Z,S20260427_102446,SC01,AUTO,54.7526,72.4454,0.0636,end,1,1700,MI-CHARGE,0.0,0.0,0.8,0.0,-0.698132,0.0,1,0,22.073,20.169,0.0,0.0,0.8,0.0,5.0,2.0,1.0,0.05,1,0.0,5.0,0.0
1136,2026-04-27T09:25:58.701Z,S20260427_102446,SC01,AUTO,54.8163,72.5091,0.0637,end,1,1700,MI-CHARGE,0.0,0.0,0.8,0.0,-0.698132,0.0,1,0,23.931,19.809,0.0,0.0,0.8,0.0,5.0,2.0,1.0,0.05,1,0.0,5.0,0.0
1137,2026-04-27T09:25:58.766Z,S20260427_102446,SC01,AUTO,54.8807,72.5735,0.0644,end,1,1700,MI-CHARGE,0.0,0.0,0.8,0.0,-0.698132,0.0,1,0,25.836,16.866,0.0,0.0,0.8,0.0,5.0,2.0,1.0,0.05,1,0.0,5.0,0.0
1138,2026-04-27T09:25:58.825Z,S20260427_102446,SC01,AUTO,54.9402,72.633,0.0595,end,1,1700,MI-CHARGE,0.0,0.0,0.8,0.0,-0.698132,0.0,1,0,27.837,19.3,0.0,0.0,0.8,0.0,5.0,2.0,1.0,0.05,1,0.0,5.0,0.0
1139,2026-04-27T09:25:58.886Z,S20260427_102446,SC01,AUTO,55.0007,72.6935,0.0605,end,1,1700,MI-CHARGE,0.0,0.0,0.8,0.0,-0.698132,0.0,1,0,29.672,18.918,0.0,0.0,0.8,0.0,5.0,2.0,1.0,0.05,1,0.0,5.0,0.0
1140,2026-04-27T09:25:58.955Z,S20260427_102446,SC01,AUTO,55.0697,72.7625,0.069,end,1,1700,MI-CHARGE,0.0,0.0,0.8,0.0,-0.698132,0.0,1,0,27.906,19.506,0.0,0.0,0.8,0.0,5.0,2.0,1.0,0.05,1,0.0,5.0,0.0
1141,2026-04-27T09:25:59.018Z,S20260427_102446,SC01,AUTO,55.133,72.8258,0.0633,end,1,1700,MI-CHARGE,0.0,0.0,0.8,0.0,-0.698132,0.0,1,0,8.326,20.292,0.0,0.0,0.8,0.0,5.0,2.0,1.0,0.05,1,0.0,5.0,0.0
1142,2026-04-27T09:25:59.079Z,S20260427_102446,SC01,AUTO,55.1936,72.8864,0.0606,end,1,1700,MI-CHARGE,0.0,0.0,0.8,0.0,-0.698132,0.0,1,0,27.987,19.398,0.0,0.0,0.8,0.0,5.0,2.0,1.0,0.05,1,0.0,5.0,0.0
1143,2026-04-27T09:25:59.134Z,S20260427_102446,SC01,AUTO,55.2493,72.9421,0.0556,end,1,1700,MI-CHARGE,0.0,0.0,0.8,0.0,-0.698132,0.0,1,0,8.922,19.637,0.0,0.0,0.8,0.0,5.0,2.0,1.0,0.05,1,0.0,5.0,0.0
1144,2026-04-27T09:25:59.208Z,S20260427_102446,SC01,AUTO,55.3225,73.0153,0.0733,end,1,1700,MI-CHARGE,0.0,0.0,0.8,0.0,-0.698132,0.0,1,0,19.018,18.951,0.0,0.0,0.8,0.0,5.0,2.0,1.0,0.05,1,0.0,5.0,0.0
1145,2026-04-27T09:25:59.262Z,S20260427_102446,SC01,AUTO,55.3768,73.0696,0.0542,end,1,1700,MI-CHARGE,0.0,0.0,0.8,0.0,-0.698132,0.0,1,0,15.819,19.469,0.0,0.0,0.8,0.0,5.0,2.0,1.0,0.05,1,0.0,5.0,0.0
1146,2026-04-27T09:25:59.325Z,S20260427_102446,SC01,AUTO,55.44,73.1328,0.0632,end,1,1700,MI-CHARGE,0.0,0.0,0.8,0.0,-0.698132,0.0,1,0,16.558,19.553,0.0,0.0,0.8,0.0,5.0,2.0,1.0,0.05,1,0.0,5.0,0.0
1147,2026-04-27T09:25:59.386Z,S20260427_102446,SC01,AUTO,55.5007,73.1935,0.0608,end,1,1700,MI-CHARGE,0.0,0.0,0.8,0.0,-0.698132,0.0,1,0,15.905,18.882,0.0,0.0,0.8,0.0,5.0,2.0,1.0,0.05,1,0.0,5.0,0.0
1148,2026-04-27T09:25:59.454Z,S20260427_102446,SC01,AUTO,55.569,73.2618,0.0682,end,1,1700,MI-CHARGE,0.0,0.0,0.8,0.0,-0.698132,0.0,1,0,14.869,19.189,0.0,0.0,0.8,0.0,5.0,2.0,1.0,0.05,1,0.0,5.0,0.0
1149,2026-04-27T09:25:59.517Z,S20260427_102446,SC01,AUTO,55.6319,73.3247,0.0629,end,1,1700,MI-CHARGE,0.0,0.0,0.8,0.0,-0.698132,0.0,1,0,17.551,19.172,0.0,0.0,0.8,0.0,5.0,2.0,1.0,0.05,1,0.0,5.0,0.0
1150,2026-04-27T09:25:59.581Z,S20260427_102446,SC01,AUTO,55.6959,73.3887,0.0639,end,1,1700,MI-CHARGE,0.0,0.0,0.8,0.0,-0.698132,0.0,1,0,13.689,20.082,0.0,0.0,0.8,0.0,5.0,2.0,1.0,0.05,1,0.0,5.0,0.0
1151,2026-04-27T09:25:59.642Z,S20260427_102446,SC01,AUTO,55.7565,73.4493,0.0607,end,1,1700,MI-CHARGE,0.0,0.0,0.8,0.0,-0.698132,0.0,1,0,15.4,16.027,0.0,0.0,0.8,0.0,5.0,2.0,1.0,0.05,1,0.0,5.0,0.0
1152,2026-04-27T09:25:59.705Z,S20260427_102446,SC01,AUTO,55.82,73.5128,0.0635,end,1,1700,MI-CHARGE,0.0,0.0,0.8,0.0,-0.698132,0.0,1,0,16.538,16.051,0.0,0.0,0.8,0.0,5.0,2.0,1.0,0.05,1,0.0,5.0,0.0
1153,2026-04-27T09:25:59.766Z,S20260427_102446,SC01,AUTO,55.8814,73.5742,0.0614,end,1,1700,MI-CHARGE,0.0,0.0,0.8,0.0,-0.698132,0.0,1,0,16.383,18.212,0.0,0.0,0.8,0.0,5.0,2.0,1.0,0.05,1,0.0,5.0,0.0
1154,2026-04-27T09:25:59.823Z,S20260427_102446,SC01,AUTO,55.9378,73.6306,0.0563,end,1,1700,MI-CHARGE,0.0,0.0,0.8,0.0,-0.698132,0.0,1,0,15.18,18.751,0.0,0.0,0.8,0.0,5.0,2.0,1.0,0.05,1,0.0,5.0,0.0
1155,2026-04-27T09:25:59.886Z,S20260427_102446,SC01,AUTO,56.0006,73.6934,0.0629,end,1,1700,MI-CHARGE,0.0,0.0,0.8,0.0,-0.698132,0.0,1,0,17.447,14.014,0.0,0.0,0.8,0.0,5.0,2.0,1.0,0.05,1,0.0,5.0,0.0
1156,2026-04-27T09:25:59.950Z,S20260427_102446,SC01,AUTO,56.0644,73.7572,0.0639,end,1,1700,MI-CHARGE,0.0,0.0,0.8,0.0,-0.698132,0.0,1,0,44.031,27.672,0.0,0.0,0.8,0.0,5.0,2.0,1.0,0.05,1,0.0,5.0,0.0
1157,2026-04-27T09:26:00.014Z,S20260427_102446,SC01,AUTO,56.1291,73.8219,0.0647,end,1,1700,MI-CHARGE,0.0,0.0,0.8,0.0,-0.698132,0.0,1,0,24.05,19.855,0.0,0.0,0.8,0.0,5.0,2.0,1.0,0.05,1,0.0,5.0,0.0
1158,2026-04-27T09:26:00.077Z,S20260427_102446,SC01,AUTO,56.1924,73.8852,0.0633,end,1,1700,MI-CHARGE,0.0,0.0,0.8,0.0,-0.698132,0.0,1,0,26.481,19.04,0.0,0.0,0.8,0.0,5.0,2.0,1.0,0.05,1,0.0,5.0,0.0
1159,2026-04-27T09:26:00.142Z,S20260427_102446,SC01,AUTO,56.2569,73.9497,0.0646,end,1,1700,MI-CHARGE,0.0,0.0,0.8,0.0,-0.698132,0.0,1,0,24.801,20.373,0.0,0.0,0.8,0.0,5.0,2.0,1.0,0.05,1,0.0,5.0,0.0
1160,2026-04-27T09:26:00.210Z,S20260427_102446,SC01,AUTO,56.3249,74.0177,0.068,end,1,1700,MI-CHARGE,0.0,0.0,0.8,0.0,-0.698132,0.0,1,0,23.723,16.568,0.0,0.0,0.8,0.0,5.0,2.0,1.0,0.05,1,0.0,5.0,0.0
1161,2026-04-27T09:26:00.266Z,S20260427_102446,SC01,AUTO,56.3806,74.0734,0.0557,end,1,1700,MI-CHARGE,0.0,0.0,0.8,0.0,-0.698132,0.0,1,0,24.274,13.494,0.0,0.0,0.8,0.0,5.0,2.0,1.0,0.05,1,0.0,5.0,0.0
1162,2026-04-27T09:26:00.326Z,S20260427_102446,SC01,AUTO,56.441,74.1338,0.0604,end,1,1700,MI-CHARGE,0.0,0.0,0.8,0.0,-0.698132,0.0,1,0,22.899,20.125,0.0,0.0,0.8,0.0,5.0,2.0,1.0,0.05,1,0.0,5.0,0.0
1163,2026-04-27T09:26:00.386Z,S20260427_102446,SC01,AUTO,56.5009,74.1937,0.0599,end,1,1700,MI-CHARGE,0.0,0.0,0.8,0.0,-0.698132,0.0,1,0,24.122,19.515,0.0,0.0,0.8,0.0,5.0,2.0,1.0,0.05,1,0.0,5.0,0.0
1164,2026-04-27T09:26:00.446Z,S20260427_102446,SC01,AUTO,56.5611,74.2539,0.0602,end,1,1700,MI-CHARGE,0.0,0.0,0.8,0.0,-0.698132,0.0,1,0,24.693,18.761,0.0,0.0,0.8,0.0,5.0,2.0,1.0,0.05,1,0.0,5.0,0.0
1165,2026-04-27T09:26:00.509Z,S20260427_102446,SC01,AUTO,56.6244,74.3172,0.0632,end,1,1700,MI-CHARGE,0.0,0.0,0.8,0.0,-0.698132,0.0,1,0,28.047,20.262,0.0,0.0,0.8,0.0,5.0,2.0,1.0,0.05,1,0.0,5.0,0.0
1166,2026-04-27T09:26:00.574Z,S20260427_102446,SC01,AUTO,56.6888,74.3816,0.0645,end,1,1700,MI-CHARGE,0.0,0.0,0.8,0.0,-0.698132,0.0,1,0,26.881,19.832,0.0,0.0,0.8,0.0,5.0,2.0,1.0,0.05,1,0.0,5.0,0.0
1167,2026-04-27T09:26:00.639Z,S20260427_102446,SC01,AUTO,56.7536,74.4464,0.0648,end,1,1700,MI-CHARGE,0.0,0.0,0.8,0.0,-0.698132,0.0,1,0,26.828,18.859,0.0,0.0,0.8,0.0,5.0,2.0,1.0,0.05,1,0.0,5.0,0.0
1168,2026-04-27T09:26:00.702Z,S20260427_102446,SC01,AUTO,56.8165,74.5093,0.0629,end,1,1700,MI-CHARGE,0.0,0.0,0.8,0.0,-0.698132,0.0,1,0,35.332,0.905,0.0,0.0,0.8,0.0,5.0,2.0,1.0,0.05,1,0.0,5.0,0.0
1169,2026-04-27T09:26:00.765Z,S20260427_102446,SC01,AUTO,56.8799,74.5727,0.0633,end,1,1700,MI-CHARGE,0.0,0.0,0.8,0.0,-0.698132,0.0,1,0,15.255,18.725,0.0,0.0,0.8,0.0,5.0,2.0,1.0,0.05,1,0.0,5.0,0.0
1170,2026-04-27T09:26:00.825Z,S20260427_102446,SC01,AUTO,56.9401,74.6329,0.0602,end,1,1700,MI-CHARGE,0.0,0.0,0.8,0.0,-0.698132,0.0,1,0,14.86,19.575,0.0,0.0,0.8,0.0,5.0,2.0,1.0,0.05,1,0.0,5.0,0.0
1171,2026-04-27T09:26:00.885Z,S20260427_102446,SC01,AUTO,57.0,74.6928,0.06,end,1,1700,MI-CHARGE,0.0,0.0,0.8,0.0,-0.698132,0.0,1,0,12.904,19.829,0.0,0.0,0.8,0.0,5.0,2.0,1.0,0.05,1,0.0,5.0,0.0
1172,2026-04-27T09:26:00.958Z,S20260427_102446,SC01,AUTO,57.073,74.7658,0.0729,end,1,1700,MI-CHARGE,0.0,0.0,0.8,0.0,-0.698132,0.0,1,0,13.507,19.129,0.0,0.0,0.8,0.0,5.0,2.0,1.0,0.05,1,0.0,5.0,0.0
1173,2026-04-27T09:26:01.022Z,S20260427_102446,SC01,AUTO,57.1373,74.8301,0.0643,end,1,1700,MI-CHARGE,0.0,0.0,0.8,0.0,-0.698132,0.0,1,0,13.611,19.099,0.0,0.0,0.8,0.0,5.0,2.0,1.0,0.05,1,0.0,5.0,0.0
1174,2026-04-27T09:26:01.084Z,S20260427_102446,SC01,AUTO,57.1987,74.8915,0.0615,end,1,1700,MI-CHARGE,0.0,0.0,0.8,0.0,-0.698132,0.0,1,0,28.375,23.162,0.0,0.0,0.8,0.0,5.0,2.0,1.0,0.05,1,0.0,5.0,0.0
1175,2026-04-27T09:26:01.135Z,S20260427_102446,SC01,AUTO,57.2499,74.9427,0.0512,end,1,1700,MI-CHARGE,0.0,0.0,0.8,0.0,-0.698132,0.0,1,0,22.977,25.543,0.0,0.0,0.8,0.0,5.0,2.0,1.0,0.05,1,0.0,5.0,0.0
1176,2026-04-27T09:26:01.210Z,S20260427_102446,SC01,AUTO,57.3252,75.018,0.0753,end,1,1700,MI-CHARGE,0.0,0.0,0.8,0.0,-0.698132,0.0,1,0,21.389,18.744,0.0,0.0,0.8,0.0,5.0,2.0,1.0,0.05,1,0.0,5.0,0.0
1177,2026-04-27T09:26:01.262Z,S20260427_102446,SC01,AUTO,57.3769,75.0697,0.0517,end,1,1700,MI-CHARGE,0.0,0.0,0.8,0.0,-0.698132,0.0,1,0,24.457,26.166,0.0,0.0,0.8,0.0,5.0,2.0,1.0,0.05,1,0.0,5.0,0.0
1178,2026-04-27T09:26:01.325Z,S20260427_102446,SC01,AUTO,57.4404,75.1332,0.0634,end,1,1700,MI-CHARGE,0.0,0.0,0.8,0.0,-0.698132,0.0,1,0,16.974,19.832,0.0,0.0,0.8,0.0,5.0,2.0,1.0,0.05,1,0.0,5.0,0.0
1179,2026-04-27T09:26:01.385Z,S20260427_102446,SC01,AUTO,57.5003,75.1931,0.0599,end,1,1700,MI-CHARGE,0.0,0.0,0.8,0.0,-0.698132,0.0,1,0,18.799,19.697,0.0,0.0,0.8,0.0,5.0,2.0,1.0,0.05,1,0.0,5.0,0.0
1180,2026-04-27T09:26:01.454Z,S20260427_102446,SC01,AUTO,57.5685,75.2613,0.0682,end,1,1700,MI-CHARGE,0.0,0.0,0.8,0.0,-0.698132,0.0,1,0,17.822,19.779,0.0,0.0,0.8,0.0,5.0,2.0,1.0,0.05,1,0.0,5.0,0.0
1181,2026-04-27T09:26:01.518Z,S20260427_102446,SC01,AUTO,57.6326,75.3254,0.0642,end,1,1700,MI-CHARGE,0.0,0.0,0.8,0.0,-0.698132,0.0,1,0,17.453,20.145,0.0,0.0,0.8,0.0,5.0,2.0,1.0,0.05,1,0.0,5.0,0.0
1182,2026-04-27T09:26:01.582Z,S20260427_102446,SC01,AUTO,57.6971,75.3899,0.0644,end,1,1700,MI-CHARGE,0.0,0.0,0.8,0.0,-0.698132,0.0,1,0,20.113,19.961,0.0,0.0,0.8,0.0,5.0,2.0,1.0,0.05,1,0.0,5.0,0.0
1183,2026-04-27T09:26:01.645Z,S20260427_102446,SC01,AUTO,57.7602,75.453,0.0631,end,1,1700,MI-CHARGE,0.0,0.0,0.8,0.0,-0.698132,0.0,1,0,20.057,15.06,0.0,0.0,0.8,0.0,5.0,2.0,1.0,0.05,1,0.0,5.0,0.0
1184,2026-04-27T09:26:01.706Z,S20260427_102446,SC01,AUTO,57.8206,75.5134,0.0604,end,1,1700,MI-CHARGE,0.0,0.0,0.8,0.0,-0.698132,0.0,1,0,16.108,20.644,0.0,0.0,0.8,0.0,5.0,2.0,1.0,0.05,1,0.0,5.0,0.0
1185,2026-04-27T09:26:01.765Z,S20260427_102446,SC01,AUTO,57.8802,75.573,0.0596,end,1,1700,MI-CHARGE,0.0,0.0,0.8,0.0,-0.698132,0.0,1,0,17.007,18.86,0.0,0.0,0.8,0.0,5.0,2.0,1.0,0.05,1,0.0,5.0,0.0
1186,2026-04-27T09:26:01.823Z,S20260427_102446,SC01,AUTO,57.9375,75.6303,0.0572,end,1,1700,MI-CHARGE,0.0,0.0,0.8,0.0,-0.698132,0.0,1,0,17.129,19.58,0.0,0.0,0.8,0.0,5.0,2.0,1.0,0.05,1,0.0,5.0,0.0
1187,2026-04-27T09:26:01.885Z,S20260427_102446,SC01,AUTO,58.0003,75.6931,0.0629,end,1,1700,MI-CHARGE,0.0,0.0,0.8,0.0,-0.698132,0.0,1,0,16.148,14.9,0.0,0.0,0.8,0.0,5.0,2.0,1.0,0.05,1,0.0,5.0,0.0
1188,2026-04-27T09:26:01.950Z,S20260427_102446,SC01,AUTO,58.0649,75.7577,0.0645,end,1,1700,MI-CHARGE,0.0,0.0,0.8,0.0,-0.698132,0.0,1,0,15.972,19.803,0.0,0.0,0.8,0.0,5.0,2.0,1.0,0.05,1,0.0,5.0,0.0
1189,2026-04-27T09:26:02.014Z,S20260427_102446,SC01,AUTO,58.1285,75.8213,0.0636,end,1,1700,MI-CHARGE,0.0,0.0,0.8,0.0,-0.698132,0.0,1,0,25.031,19.465,0.0,0.0,0.8,0.0,5.0,2.0,1.0,0.05,1,0.0,5.0,0.0
1190,2026-04-27T09:26:02.078Z,S20260427_102446,SC01,AUTO,58.193,75.8858,0.0646,end,1,1700,MI-CHARGE,0.0,0.0,0.8,0.0,-0.698132,0.0,1,0,23.862,19.456,0.0,0.0,0.8,0.0,5.0,2.0,1.0,0.05,1,0.0,5.0,0.0
1191,2026-04-27T09:26:02.142Z,S20260427_102446,SC01,AUTO,58.2572,75.9499,0.0641,end,1,1700,MI-CHARGE,0.0,0.0,0.8,0.0,-0.698132,0.0,1,0,23.912,18.862,0.0,0.0,0.8,0.0,5.0,2.0,1.0,0.05,1,0.0,5.0,0.0
1192,2026-04-27T09:26:02.209Z,S20260427_102446,SC01,AUTO,58.3236,76.0164,0.0664,end,1,1700,MI-CHARGE,0.0,0.0,0.8,0.0,-0.698132,0.0,1,0,23.705,15.355,0.0,0.0,0.8,0.0,5.0,2.0,1.0,0.05,1,0.0,5.0,0.0
1193,2026-04-27T09:26:02.266Z,S20260427_102446,SC01,AUTO,58.3805,76.0733,0.057,end,1,1700,MI-CHARGE,0.0,0.0,0.8,0.0,-0.698132,0.0,1,0,22.18,19.521,0.0,0.0,0.8,0.0,5.0,2.0,1.0,0.05,1,0.0,5.0,0.0
1194,2026-04-27T09:26:02.325Z,S20260427_102446,SC01,AUTO,58.4398,76.1326,0.0593,end,1,1700,MI-CHARGE,0.0,0.0,0.8,0.0,-0.698132,0.0,1,0,21.033,20.45,0.0,0.0,0.8,0.0,5.0,2.0,1.0,0.05,1,0.0,5.0,0.0
1195,2026-04-27T09:26:02.385Z,S20260427_102446,SC01,AUTO,58.5001,76.1929,0.0602,end,1,1700,MI-CHARGE,0.0,0.0,0.8,0.0,-0.698132,0.0,1,0,25.649,19.998,0.0,0.0,0.8,0.0,5.0,2.0,1.0,0.05,1,0.0,5.0,0.0
1196,2026-04-27T09:26:02.446Z,S20260427_102446,SC01,AUTO,58.5613,76.2541,0.0613,end,1,1700,MI-CHARGE,0.0,0.0,0.8,0.0,-0.698132,0.0,1,0,25.369,19.368,0.0,0.0,0.8,0.0,5.0,2.0,1.0,0.05,1,0.0,5.0,0.0
1197,2026-04-27T09:26:02.511Z,S20260427_102446,SC01,AUTO,58.626,76.3188,0.0646,end,1,1700,MI-CHARGE,0.0,0.0,0.8,0.0,-0.698132,0.0,1,0,25.639,19.593,0.0,0.0,0.8,0.0,5.0,2.0,1.0,0.05,1,0.0,5.0,0.0
1198,2026-04-27T09:26:02.574Z,S20260427_102446,SC01,AUTO,58.6892,76.382,0.0632,end,1,1700,MI-CHARGE,0.0,0.0,0.8,0.0,-0.698132,0.0,1,0,26.453,19.011,0.0,0.0,0.8,0.0,5.0,2.0,1.0,0.05,1,0.0,5.0,0.0
1199,2026-04-27T09:26:02.638Z,S20260427_102446,SC01,AUTO,58.7534,76.4462,0.0641,end,1,1700,MI-CHARGE,0.0,0.0,0.8,0.0,-0.698132,0.0,1,0,24.771,20.0,0.0,0.0,0.8,0.0,5.0,2.0,1.0,0.05,1,0.0,5.0,0.0
1200,2026-04-27T09:26:02.702Z,S20260427_102446,SC01,AUTO,58.8169,76.5097,0.0636,end,1,1700,MI-CHARGE,0.0,0.0,0.8,0.0,-0.698132,0.0,1,0,13.466,19.775,0.0,0.0,0.8,0.0,5.0,2.0,1.0,0.05,1,0.0,5.0,0.0
1201,2026-04-27T09:26:02.765Z,S20260427_102446,SC01,AUTO,58.88,76.5728,0.063,end,1,1700,MI-CHARGE,0.0,0.0,0.8,0.0,-0.698132,0.0,1,0,12.428,18.548,0.0,0.0,0.8,0.0,5.0,2.0,1.0,0.05,1,0.0,5.0,0.0
1202,2026-04-27T09:26:02.826Z,S20260427_102446,SC01,AUTO,58.9408,76.6336,0.0609,end,1,1700,MI-CHARGE,0.0,0.0,0.8,0.0,-0.698132,0.0,1,0,11.221,21.315,0.0,0.0,0.8,0.0,5.0,2.0,1.0,0.05,1,0.0,5.0,0.0
1203,2026-04-27T09:26:02.885Z,S20260427_102446,SC01,AUTO,59.0,76.6928,0.0592,end,1,1700,MI-CHARGE,0.0,0.0,0.8,0.0,-0.698132,0.0,1,0,11.114,19.272,0.0,0.0,0.8,0.0,5.0,2.0,1.0,0.05,1,0.0,5.0,0.0
1204,2026-04-27T09:26:02.957Z,S20260427_102446,SC01,AUTO,59.072,76.7648,0.0719,end,1,1700,MI-CHARGE,0.0,0.0,0.8,0.0,-0.698132,0.0,1,0,11.829,18.67,0.0,0.0,0.8,0.0,5.0,2.0,1.0,0.05,1,0.0,5.0,0.0
1205,2026-04-27T09:26:03.020Z,S20260427_102446,SC01,AUTO,59.135,76.8278,0.0631,end,1,1700,MI-CHARGE,0.0,0.0,0.8,0.0,-0.698132,0.0,1,0,11.513,19.881,0.0,0.0,0.8,0.0,5.0,2.0,1.0,0.05,1,0.0,5.0,0.0
1206,2026-04-27T09:26:03.083Z,S20260427_102446,SC01,AUTO,59.1976,76.8904,0.0626,end,1,1700,MI-CHARGE,0.0,0.0,0.8,0.0,-0.698132,0.0,1,0,36.881,1.042,0.0,0.0,0.8,0.0,5.0,2.0,1.0,0.05,1,0.0,5.0,0.0
1207,2026-04-27T09:26:03.135Z,S20260427_102446,SC01,AUTO,59.2497,76.9425,0.052,end,1,1700,MI-CHARGE,0.0,0.0,0.8,0.0,-0.698132,0.0,1,0,22.769,23.635,0.0,0.0,0.8,0.0,5.0,2.0,1.0,0.05,1,0.0,5.0,0.0
1208,2026-04-27T09:26:03.205Z,S20260427_102446,SC01,AUTO,59.3199,77.0127,0.0702,end,1,1700,MI-CHARGE,0.0,0.0,0.8,0.0,-0.698132,0.0,1,0,15.377,18.602,0.0,0.0,0.8,0.0,5.0,2.0,1.0,0.05,1,0.0,5.0,0.0
1209,2026-04-27T09:26:03.263Z,S20260427_102446,SC01,AUTO,59.3774,77.0702,0.0576,end,1,1700,MI-CHARGE,0.0,0.0,0.8,0.0,-0.698132,0.0,1,0,12.461,19.214,0.0,0.0,0.8,0.0,5.0,2.0,1.0,0.05,1,0.0,5.0,0.0
1210,2026-04-27T09:26:03.326Z,S20260427_102446,SC01,AUTO,59.4407,77.1335,0.0632,end,1,1700,MI-CHARGE,0.0,0.0,0.8,0.0,-0.698132,0.0,1,0,12.424,18.55,0.0,0.0,0.8,0.0,5.0,2.0,1.0,0.05,1,0.0,5.0,0.0
1211,2026-04-27T09:26:03.385Z,S20260427_102446,SC01,AUTO,59.5,77.1928,0.0593,end,1,1700,MI-CHARGE,0.0,0.0,0.8,0.0,-0.698132,0.0,1,0,11.857,19.734,0.0,0.0,0.8,0.0,5.0,2.0,1.0,0.05,1,0.0,5.0,0.0
1212,2026-04-27T09:26:03.454Z,S20260427_102446,SC01,AUTO,59.5692,77.262,0.0692,end,1,1700,MI-CHARGE,0.0,0.0,0.8,0.0,-0.698132,0.0,1,0,13.165,19.473,0.0,0.0,0.8,0.0,5.0,2.0,1.0,0.05,1,0.0,5.0,0.0
1213,2026-04-27T09:26:03.518Z,S20260427_102446,SC01,AUTO,59.6327,77.3255,0.0635,end,1,1700,MI-CHARGE,0.0,0.0,0.8,0.0,-0.698132,0.0,1,0,11.831,19.684,0.0,0.0,0.8,0.0,5.0,2.0,1.0,0.05,1,0.0,5.0,0.0
1214,2026-04-27T09:26:03.582Z,S20260427_102446,SC01,AUTO,59.6972,77.39,0.0646,end,1,1700,MI-CHARGE,0.0,0.0,0.8,0.0,-0.698132,0.0,1,0,13.512,19.777,0.0,0.0,0.8,0.0,5.0,2.0,1.0,0.05,1,0.0,5.0,0.0
1215,2026-04-27T09:26:03.645Z,S20260427_102446,SC01,AUTO,59.7601,77.4529,0.0629,end,1,1700,MI-CHARGE,0.0,0.0,0.8,0.0,-0.698132,0.0,1,0,39.753,12.703,0.0,0.0,0.8,0.0,5.0,2.0,1.0,0.05,1,0.0,5.0,0.0
1216,2026-04-27T09:26:03.706Z,S20260427_102446,SC01,AUTO,59.8209,77.5137,0.0607,end,1,1700,MI-CHARGE,0.0,0.0,0.8,0.0,-0.698132,0.0,1,0,31.547,20.393,0.0,0.0,0.8,0.0,5.0,2.0,1.0,0.05,1,0.0,5.0,0.0
1217,2026-04-27T09:26:03.766Z,S20260427_102446,SC01,AUTO,59.8805,77.5733,0.0597,end,1,1700,MI-CHARGE,0.0,0.0,0.8,0.0,-0.698132,0.0,1,0,14.519,18.978,0.0,0.0,0.8,0.0,5.0,2.0,1.0,0.05,1,0.0,5.0,0.0
1218,2026-04-27T09:26:03.822Z,S20260427_102446,SC01,AUTO,59.9368,77.6296,0.0562,end,1,1700,MI-CHARGE,0.0,0.0,0.8,0.0,-0.698132,0.0,1,0,17.165,19.744,0.0,0.0,0.8,0.0,5.0,2.0,1.0,0.05,1,0.0,5.0,0.0
1219,2026-04-27T09:26:03.886Z,S20260427_102446,SC01,AUTO,60.0012,77.694,0.0643,end,1,1700,MI-CHARGE,0.0,0.0,0.8,0.0,-0.698132,0.0,1,0,19.161,15.164,0.0,0.0,0.8,0.0,5.0,2.0,1.0,0.05,1,0.0,5.0,0.0
1220,2026-04-27T09:26:03.950Z,S20260427_102446,SC01,AUTO,60.0645,77.7573,0.0635,end,1,1700,MI-CHARGE,0.0,0.0,0.8,0.0,-0.698132,0.0,1,0,18.415,17.542,0.0,0.0,0.8,0.0,5.0,2.0,1.0,0.05,1,0.0,5.0,0.0
1221,2026-04-27T09:26:04.014Z,S20260427_102446,SC01,AUTO,60.1292,77.822,0.0646,end,1,1700,MI-CHARGE,0.0,0.0,0.8,0.0,-0.698132,0.0,1,0,7.226,19.68,0.0,0.0,0.8,0.0,5.0,2.0,1.0,0.05,1,0.0,5.0,0.0
1222,2026-04-27T09:26:04.078Z,S20260427_102446,SC01,AUTO,60.193,77.8858,0.0639,end,1,1700,MI-CHARGE,0.0,0.0,0.8,0.0,-0.698132,0.0,1,0,27.847,19.215,0.0,0.0,0.8,0.0,5.0,2.0,1.0,0.05,1,0.0,5.0,0.0
1223,2026-04-27T09:26:04.142Z,S20260427_102446,SC01,AUTO,60.257,77.9498,0.064,end,1,1700,MI-CHARGE,0.0,0.0,0.8,0.0,-0.698132,0.0,1,0,25.419,20.183,0.0,0.0,0.8,0.0,5.0,2.0,1.0,0.05,1,0.0,5.0,0.0
1224,2026-04-27T09:26:04.209Z,S20260427_102446,SC01,AUTO,60.3235,78.0163,0.0664,end,1,1700,MI-CHARGE,0.0,0.0,0.8,0.0,-0.698132,0.0,1,0,24.184,16.64,0.0,0.0,0.8,0.0,5.0,2.0,1.0,0.05,1,0.0,5.0,0.0
1225,2026-04-27T09:26:04.266Z,S20260427_102446,SC01,AUTO,60.3805,78.0733,0.057,end,1,1700,MI-CHARGE,0.0,0.0,0.8,0.0,-0.698132,0.0,1,0,23.903,14.774,0.0,0.0,0.8,0.0,5.0,2.0,1.0,0.05,1,0.0,5.0,0.0
1226,2026-04-27T09:26:04.326Z,S20260427_102446,SC01,AUTO,60.4407,78.1335,0.0602,end,1,1700,MI-CHARGE,0.0,0.0,0.8,0.0,-0.698132,0.0,1,0,21.482,19.211,0.0,0.0,0.8,0.0,5.0,2.0,1.0,0.05,1,0.0,5.0,0.0
1227,2026-04-27T09:26:04.385Z,S20260427_102446,SC01,AUTO,60.4998,78.1926,0.0591,end,1,1700,MI-CHARGE,0.0,0.0,0.8,0.0,-0.698132,0.0,1,0,22.089,19.549,0.0,0.0,0.8,0.0,5.0,2.0,1.0,0.05,1,0.0,5.0,0.0
1228,2026-04-27T09:26:04.446Z,S20260427_102446,SC01,AUTO,60.5614,78.2542,0.0615,end,1,1700,MI-CHARGE,0.0,0.0,0.8,0.0,-0.698132,0.0,1,0,29.85,20.215,0.0,0.0,0.8,0.0,5.0,2.0,1.0,0.05,1,0.0,5.0,0.0
1229,2026-04-27T09:26:04.510Z,S20260427_102446,SC01,AUTO,60.6253,78.3181,0.0639,end,1,1700,MI-CHARGE,0.0,0.0,0.8,0.0,-0.698132,0.0,1,0,43.813,15.195,0.0,0.0,0.8,0.0,5.0,2.0,1.0,0.05,1,0.0,5.0,0.0
1230,2026-04-27T09:26:04.574Z,S20260427_102446,SC01,AUTO,60.6891,78.3819,0.0638,end,1,1700,MI-CHARGE,0.0,0.0,0.8,0.0,-0.698132,0.0,1,0,19.906,18.985,0.0,0.0,0.8,0.0,5.0,2.0,1.0,0.05,1,0.0,5.0,0.0
1231,2026-04-27T09:26:04.638Z,S20260427_102446,SC01,AUTO,60.7532,78.446,0.0641,end,1,1700,MI-CHARGE,0.0,0.0,0.8,0.0,-0.698132,0.0,1,0,32.412,19.12,0.0,0.0,0.8,0.0,5.0,2.0,1.0,0.05,1,0.0,5.0,0.0
1232,2026-04-27T09:26:04.702Z,S20260427_102446,SC01,AUTO,60.8172,78.51,0.064,end,1,1700,MI-CHARGE,0.0,0.0,0.8,0.0,-0.698132,0.0,1,0,26.007,18.861,0.0,0.0,0.8,0.0,5.0,2.0,1.0,0.05,1,0.0,5.0,0.0
1233,2026-04-27T09:26:04.762Z,S20260427_102446,SC01,AUTO,60.8767,78.5695,0.0593,end,1,1700,MI-CHARGE,0.0,0.0,0.8,0.0,-0.698132,0.0,1,0,30.13,21.617,0.0,0.0,0.8,0.0,5.0,2.0,1.0,0.05,1,0.0,5.0,0.0
1234,2026-04-27T09:26:04.827Z,S20260427_102446,SC01,AUTO,60.9419,78.6347,0.0654,end,1,1700,MI-CHARGE,0.0,0.0,0.8,0.0,-0.698132,0.0,1,0,30.13,21.617,0.0,0.0,0.8,0.0,5.0,2.0,1.0,0.05,1,0.0,5.0,0.0
1235,2026-04-27T09:26:04.887Z,S20260427_102446,SC01,AUTO,61.0018,78.6946,0.0599,end,1,1700,MI-CHARGE,0.0,0.0,0.8,0.0,-0.698132,0.0,1,0,66.392,19.038,0.0,0.0,0.8,0.0,5.0,2.0,1.0,0.05,1,0.0,5.0,0.0
1236,2026-04-27T09:26:04.957Z,S20260427_102446,SC01,AUTO,61.0721,78.7649,0.0704,end,1,1700,MI-CHARGE,0.0,0.0,0.8,0.0,-0.698132,0.0,1,0,58.592,19.496,0.0,0.0,0.8,0.0,5.0,2.0,1.0,0.05,1,0.0,5.0,0.0
1237,2026-04-27T09:26:05.019Z,S20260427_102446,SC01,AUTO,61.1343,78.8271,0.0622,end,1,1700,MI-CHARGE,0.0,0.0,0.8,0.0,-0.698132,0.0,1,0,31.296,19.953,0.0,0.0,0.8,0.0,5.0,2.0,1.0,0.05,1,0.0,5.0,0.0
1238,2026-04-27T09:26:05.081Z,S20260427_102446,SC01,AUTO,61.1962,78.889,0.0619,end,1,1700,MI-CHARGE,0.0,0.0,0.8,0.0,-0.698132,0.0,1,0,10.877,18.53,0.0,0.0,0.8,0.0,5.0,2.0,1.0,0.05,1,0.0,5.0,0.0
1239,2026-04-27T09:26:05.135Z,S20260427_102446,SC01,AUTO,61.2498,78.9426,0.0536,end,1,1700,MI-CHARGE,0.0,0.0,0.8,0.0,-0.698132,0.0,1,0,25.863,23.85,0.0,0.0,0.8,0.0,5.0,2.0,1.0,0.05,1,0.0,5.0,0.0
1240,2026-04-27T09:26:05.208Z,S20260427_102446,SC01,AUTO,61.3231,79.0159,0.0734,end,1,1700,MI-CHARGE,0.0,0.0,0.8,0.0,-0.698132,0.0,1,0,17.966,18.803,0.0,0.0,0.8,0.0,5.0,2.0,1.0,0.05,1,0.0,5.0,0.0
1241,2026-04-27T09:26:05.262Z,S20260427_102446,SC01,AUTO,61.3771,79.0699,0.054,end,1,1700,MI-CHARGE,0.0,0.0,0.8,0.0,-0.698132,0.0,1,0,36.667,11.858,0.0,0.0,0.8,0.0,5.0,2.0,1.0,0.05,1,0.0,5.0,0.0
1242,2026-04-27T09:26:05.325Z,S20260427_102446,SC01,AUTO,61.4404,79.1332,0.0633,end,1,1700,MI-CHARGE,0.0,0.0,0.8,0.0,-0.698132,0.0,1,0,17.934,19.947,0.0,0.0,0.8,0.0,5.0,2.0,1.0,0.05,1,0.0,5.0,0.0
1243,2026-04-27T09:26:05.385Z,S20260427_102446,SC01,AUTO,61.5,79.1928,0.0595,end,1,1700,MI-CHARGE,0.0,0.0,0.8,0.0,-0.698132,0.0,1,0,40.01,0.719,0.0,0.0,0.8,0.0,5.0,2.0,1.0,0.05,1,0.0,5.0,0.0
1244,2026-04-27T09:26:05.454Z,S20260427_102446,SC01,AUTO,61.5687,79.2615,0.0687,end,1,1700,MI-CHARGE,0.0,0.0,0.8,0.0,-0.698132,0.0,1,0,21.645,18.993,0.0,0.0,0.8,0.0,5.0,2.0,1.0,0.05,1,0.0,5.0,0.0
1245,2026-04-27T09:26:05.515Z,S20260427_102446,SC01,AUTO,61.6298,79.3226,0.0611,end,1,1700,MI-CHARGE,0.0,0.0,0.8,0.0,-0.698132,0.0,1,0,20.365,19.951,0.0,0.0,0.8,0.0,5.0,2.0,1.0,0.05,1,0.0,5.0,0.0
1246,2026-04-27T09:26:05.578Z,S20260427_102446,SC01,AUTO,61.6934,79.3862,0.0636,end,1,1700,MI-CHARGE,0.0,0.0,0.8,0.0,-0.698132,0.0,1,0,18.459,19.479,0.0,0.0,0.8,0.0,5.0,2.0,1.0,0.05,1,0.0,5.0,0.0
1247,2026-04-27T09:26:05.641Z,S20260427_102446,SC01,AUTO,61.7559,79.4487,0.0625,end,1,1700,MI-CHARGE,0.0,0.0,0.8,0.0,-0.698132,0.0,1,0,18.402,19.792,0.0,0.0,0.8,0.0,5.0,2.0,1.0,0.05,1,0.0,5.0,0.0
1248,2026-04-27T09:26:05.703Z,S20260427_102446,SC01,AUTO,61.8183,79.5111,0.0624,end,1,1700,MI-CHARGE,0.0,0.0,0.8,0.0,-0.698132,0.0,1,0,16.016,16.78,0.0,0.0,0.8,0.0,5.0,2.0,1.0,0.05,1,0.0,5.0,0.0
1249,2026-04-27T09:26:05.765Z,S20260427_102446,SC01,AUTO,61.8804,79.5732,0.062,end,1,1700,MI-CHARGE,0.0,0.0,0.8,0.0,-0.698132,0.0,1,0,13.865,15.049,0.0,0.0,0.8,0.0,5.0,2.0,1.0,0.05,1,0.0,5.0,0.0
1250,2026-04-27T09:26:05.822Z,S20260427_102446,SC01,AUTO,61.9369,79.6297,0.0564,end,1,1700,MI-CHARGE,0.0,0.0,0.8,0.0,-0.698132,0.0,1,0,15.453,19.814,0.0,0.0,0.8,0.0,5.0,2.0,1.0,0.05,1,0.0,5.0,0.0
1251,2026-04-27T09:26:05.886Z,S20260427_102446,SC01,AUTO,62.0007,79.6935,0.0639,end,1,1700,MI-CHARGE,0.0,0.0,0.8,0.0,-0.698132,0.0,1,0,15.137,15.185,0.0,0.0,0.8,0.0,5.0,2.0,1.0,0.05,1,0.0,5.0,0.0
1252,2026-04-27T09:26:05.949Z,S20260427_102446,SC01,AUTO,62.0644,79.7572,0.0637,end,1,1700,MI-CHARGE,0.0,0.0,0.8,0.0,-0.698132,0.0,1,0,23.191,19.471,0.0,0.0,0.8,0.0,5.0,2.0,1.0,0.05,1,0.0,5.0,0.0
1253,2026-04-27T09:26:06.010Z,S20260427_102446,SC01,AUTO,62.1247,79.8175,0.0603,end,1,1700,MI-CHARGE,0.0,0.0,0.8,0.0,-0.698132,0.0,1,0,22.409,19.507,0.0,0.0,0.8,0.0,5.0,2.0,1.0,0.05,1,0.0,5.0,0.0
1254,2026-04-27T09:26:06.076Z,S20260427_102446,SC01,AUTO,62.1908,79.8836,0.0661,end,1,1700,MI-CHARGE,0.0,0.0,0.8,0.0,-0.698132,0.0,1,0,23.247,19.068,0.0,0.0,0.8,0.0,5.0,2.0,1.0,0.05,1,0.0,5.0,0.0
1255,2026-04-27T09:26:06.138Z,S20260427_102446,SC01,AUTO,62.2529,79.9457,0.0622,end,1,1700,MI-CHARGE,0.0,0.0,0.8,0.0,-0.698132,0.0,1,0,20.566,20.433,0.0,0.0,0.8,0.0,5.0,2.0,1.0,0.05,1,0.0,5.0,0.0
1256,2026-04-27T09:26:06.204Z,S20260427_102446,SC01,AUTO,62.3192,80.012,0.0662,end,1,1700,MI-CHARGE,0.0,0.0,0.8,0.0,-0.698132,0.0,1,0,19.811,19.655,0.0,0.0,0.8,0.0,5.0,2.0,1.0,0.05,1,0.0,5.0,0.0
1257,2026-04-27T09:26:06.264Z,S20260427_102446,SC01,AUTO,62.379,80.0718,0.0598,end,1,1700,MI-CHARGE,0.0,0.0,0.8,0.0,-0.698132,0.0,1,0,16.746,19.636,0.0,0.0,0.8,0.0,5.0,2.0,1.0,0.05,1,0.0,5.0,0.0
1258,2026-04-27T09:26:06.326Z,S20260427_102446,SC01,AUTO,62.4405,80.1333,0.0615,end,1,1700,MI-CHARGE,0.0,0.0,0.8,0.0,-0.698132,0.0,1,0,17.76,19.281,0.0,0.0,0.8,0.0,5.0,2.0,1.0,0.05,1,0.0,5.0,0.0
1259,2026-04-27T09:26:06.386Z,S20260427_102446,SC01,AUTO,62.501,80.1938,0.0606,end,1,1700,MI-CHARGE,0.0,0.0,0.8,0.0,-0.698132,0.0,1,0,15.439,19.391,0.0,0.0,0.8,0.0,5.0,2.0,1.0,0.05,1,0.0,5.0,0.0
1260,2026-04-27T09:26:06.446Z,S20260427_102446,SC01,AUTO,62.5613,80.2541,0.0603,end,1,1700,MI-CHARGE,0.0,0.0,0.8,0.0,-0.698132,0.0,1,0,15.855,18.691,0.0,0.0,0.8,0.0,5.0,2.0,1.0,0.05,1,0.0,5.0,0.0
1261,2026-04-27T09:26:06.510Z,S20260427_102446,SC01,AUTO,62.6248,80.3176,0.0635,end,1,1700,MI-CHARGE,0.0,0.0,0.8,0.0,-0.698132,0.0,1,0,43.151,28.691,0.0,0.0,0.8,0.0,5.0,2.0,1.0,0.05,1,0.0,5.0,0.0
1262,2026-04-27T09:26:06.574Z,S20260427_102446,SC01,AUTO,62.6884,80.3812,0.0637,end,1,1700,MI-CHARGE,0.0,0.0,0.8,0.0,-0.698132,0.0,1,0,23.911,19.25,0.0,0.0,0.8,0.0,5.0,2.0,1.0,0.05,1,0.0,5.0,0.0
1263,2026-04-27T09:26:06.637Z,S20260427_102446,SC01,AUTO,62.7523,80.4451,0.0639,end,1,1700,MI-CHARGE,0.0,0.0,0.8,0.0,-0.698132,0.0,1,0,21.183,19.643,0.0,0.0,0.8,0.0,5.0,2.0,1.0,0.05,1,0.0,5.0,0.0
1264,2026-04-27T09:26:06.702Z,S20260427_102446,SC01,AUTO,62.817,80.5098,0.0647,end,1,1700,MI-CHARGE,0.0,0.0,0.8,0.0,-0.698132,0.0,1,0,21.405,18.437,0.0,0.0,0.8,0.0,5.0,2.0,1.0,0.05,1,0.0,5.0,0.0
1265,2026-04-27T09:26:06.764Z,S20260427_102446,SC01,AUTO,62.8791,80.5719,0.0618,end,1,1700,MI-CHARGE,0.0,0.0,0.8,0.0,-0.698132,0.0,1,0,18.598,14.959,0.0,0.0,0.8,0.0,5.0,2.0,1.0,0.05,1,0.0,5.0,0.0
1266,2026-04-27T09:26:06.826Z,S20260427_102446,SC01,AUTO,62.9407,80.6334,0.0618,end,1,1700,MI-CHARGE,0.0,0.0,0.8,0.0,-0.698132,0.0,1,0,19.66,18.666,0.0,0.0,0.8,0.0,5.0,2.0,1.0,0.05,1,0.0,5.0,0.0
1267,2026-04-27T09:26:06.886Z,S20260427_102446,SC01,AUTO,63.0008,80.6936,0.0602,end,1,1700,MI-CHARGE,0.0,0.0,0.8,0.0,-0.698132,0.0,1,0,18.223,17.862,0.0,0.0,0.8,0.0,5.0,2.0,1.0,0.05,1,0.0,5.0,0.0
1268,2026-04-27T09:26:06.951Z,S20260427_102446,SC01,AUTO,63.066,80.7588,0.0651,end,1,1700,MI-CHARGE,0.0,0.0,0.8,0.0,-0.698132,0.0,1,0,19.009,18.523,0.0,0.0,0.8,0.0,5.0,2.0,1.0,0.05,1,0.0,5.0,0.0
1269,2026-04-27T09:26:07.014Z,S20260427_102446,SC01,AUTO,63.1291,80.8219,0.0632,end,1,1700,MI-CHARGE,0.0,0.0,0.8,0.0,-0.698132,0.0,1,0,25.734,19.376,0.0,0.0,0.8,0.0,5.0,2.0,1.0,0.05,1,0.0,5.0,0.0
1270,2026-04-27T09:26:07.078Z,S20260427_102446,SC01,AUTO,63.1925,80.8853,0.0635,end,1,1700,MI-CHARGE,0.0,0.0,0.8,0.0,-0.698132,0.0,1,0,26.555,20.298,0.0,0.0,0.8,0.0,5.0,2.0,1.0,0.05,1,0.0,5.0,0.0
1271,2026-04-27T09:26:07.134Z,S20260427_102446,SC01,AUTO,63.2492,80.942,0.0567,end,1,1700,MI-CHARGE,0.0,0.0,0.8,0.0,-0.698132,0.0,1,0,25.371,19.249,0.0,0.0,0.8,0.0,5.0,2.0,1.0,0.05,1,0.0,5.0,0.0
1272,2026-04-27T09:26:07.199Z,S20260427_102446,SC01,AUTO,63.3138,81.0066,0.0646,end,1,1700,MI-CHARGE,0.0,0.0,0.8,0.0,-0.698132,0.0,1,0,25.092,19.897,0.0,0.0,0.8,0.0,5.0,2.0,1.0,0.05,1,0.0,5.0,0.0
1273,2026-04-27T09:26:07.262Z,S20260427_102446,SC01,AUTO,63.3773,81.0701,0.0634,end,1,1700,MI-CHARGE,0.0,0.0,0.8,0.0,-0.698132,0.0,1,0,21.948,20.348,0.0,0.0,0.8,0.0,5.0,2.0,1.0,0.05,1,0.0,5.0,0.0
1274,2026-04-27T09:26:07.326Z,S20260427_102446,SC01,AUTO,63.4409,81.1337,0.0636,end,1,1700,MI-CHARGE,0.0,0.0,0.8,0.0,-0.698132,0.0,1,0,20.999,15.403,0.0,0.0,0.8,0.0,5.0,2.0,1.0,0.05,1,0.0,5.0,0.0
1275,2026-04-27T09:26:07.385Z,S20260427_102446,SC01,AUTO,63.4999,81.1927,0.059,end,1,1700,MI-CHARGE,0.0,0.0,0.8,0.0,-0.698132,0.0,1,0,22.85,17.2,0.0,0.0,0.8,0.0,5.0,2.0,1.0,0.05,1,0.0,5.0,0.0
1276,2026-04-27T09:26:07.452Z,S20260427_102446,SC01,AUTO,63.5672,81.26,0.0674,end,1,1700,MI-CHARGE,0.0,0.0,0.8,0.0,-0.698132,0.0,1,0,22.2,20.198,0.0,0.0,0.8,0.0,5.0,2.0,1.0,0.05,1,0.0,5.0,0.0
1277,2026-04-27T09:26:07.516Z,S20260427_102446,SC01,AUTO,63.6305,81.3233,0.0633,end,1,1700,MI-CHARGE,0.0,0.0,0.8,0.0,-0.698132,0.0,1,0,29.856,6.165,0.0,0.0,0.8,0.0,5.0,2.0,1.0,0.05,1,0.0,5.0,0.0
1278,2026-04-27T09:26:07.578Z,S20260427_102446,SC01,AUTO,63.6933,81.3861,0.0627,end,1,1700,MI-CHARGE,0.0,0.0,0.8,0.0,-0.698132,0.0,1,0,10.056,19.607,0.0,0.0,0.8,0.0,5.0,2.0,1.0,0.05,1,0.0,5.0,0.0
1279,2026-04-27T09:26:07.641Z,S20260427_102446,SC01,AUTO,63.756,81.4488,0.0627,end,1,1700,MI-CHARGE,0.0,0.0,0.8,0.0,-0.698132,0.0,1,0,9.784,19.048,0.0,0.0,0.8,0.0,5.0,2.0,1.0,0.05,1,0.0,5.0,0.0
1280,2026-04-27T09:26:07.702Z,S20260427_102446,SC01,AUTO,63.8169,81.5097,0.0609,end,1,1700,MI-CHARGE,0.0,0.0,0.8,0.0,-0.698132,0.0,1,0,8.041,20.264,0.0,0.0,0.8,0.0,5.0,2.0,1.0,0.05,1,0.0,5.0,0.0
1281,2026-04-27T09:26:07.764Z,S20260427_102446,SC01,AUTO,63.8793,81.5721,0.0623,end,1,1700,MI-CHARGE,0.0,0.0,0.8,0.0,-0.698132,0.0,1,0,29.922,17.124,0.0,0.0,0.8,0.0,5.0,2.0,1.0,0.05,1,0.0,5.0,0.0
1282,2026-04-27T09:26:07.822Z,S20260427_102446,SC01,AUTO,63.9372,81.63,0.058,end,1,1700,MI-CHARGE,0.0,0.0,0.8,0.0,-0.698132,0.0,1,0,27.774,19.084,0.0,0.0,0.8,0.0,5.0,2.0,1.0,0.05,1,0.0,5.0,0.0
1283,2026-04-27T09:26:07.885Z,S20260427_102446,SC01,AUTO,63.9999,81.6927,0.0627,end,1,1700,MI-CHARGE,0.0,0.0,0.8,0.0,-0.698132,0.0,1,0,25.689,16.472,0.0,0.0,0.8,0.0,5.0,2.0,1.0,0.05,1,0.0,5.0,0.0
1284,2026-04-27T09:26:07.950Z,S20260427_102446,SC01,AUTO,64.0647,81.7575,0.0648,end,1,1700,MI-CHARGE,0.0,0.0,0.8,0.0,-0.698132,0.0,1,0,27.513,20.044,0.0,0.0,0.8,0.0,5.0,2.0,1.0,0.05,1,0.0,5.0,0.0
1285,2026-04-27T09:26:08.014Z,S20260427_102446,SC01,AUTO,64.1293,81.8221,0.0646,end,1,1700,MI-CHARGE,0.0,0.0,0.8,0.0,-0.698132,0.0,1,0,23.746,20.593,0.0,0.0,0.8,0.0,5.0,2.0,1.0,0.05,1,0.0,5.0,0.0
1286,2026-04-27T09:26:08.078Z,S20260427_102446,SC01,AUTO,64.1928,81.8856,0.0635,end,1,1700,MI-CHARGE,0.0,0.0,0.8,0.0,-0.698132,0.0,1,0,11.714,20.107,0.0,0.0,0.8,0.0,5.0,2.0,1.0,0.05,1,0.0,5.0,0.0
1287,2026-04-27T09:26:08.140Z,S20260427_102446,SC01,AUTO,64.2551,81.9479,0.0625,end,1,1700,MI-CHARGE,0.0,0.0,0.8,0.0,-0.698132,0.0,1,0,12.728,19.571,0.0,0.0,0.8,0.0,5.0,2.0,1.0,0.05,1,0.0,5.0,0.0
1288,2026-04-27T09:26:08.202Z,S20260427_102446,SC01,AUTO,64.3172,82.01,0.0621,end,1,1700,MI-CHARGE,0.0,0.0,0.8,0.0,-0.698132,0.0,1,0,11.57,20.046,0.0,0.0,0.8,0.0,5.0,2.0,1.0,0.05,1,0.0,5.0,0.0
1289,2026-04-27T09:26:08.264Z,S20260427_102446,SC01,AUTO,64.3787,82.0715,0.0615,end,1,1700,MI-CHARGE,0.0,0.0,0.8,0.0,-0.698132,0.0,1,0,9.495,20.731,0.0,0.0,0.8,0.0,5.0,2.0,1.0,0.05,1,0.0,5.0,0.0
1290,2026-04-27T09:26:08.325Z,S20260427_102446,SC01,AUTO,64.4399,82.1327,0.0611,end,1,1700,MI-CHARGE,0.0,0.0,0.8,0.0,-0.698132,0.0,1,0,7.457,18.877,0.0,0.0,0.8,0.0,5.0,2.0,1.0,0.05,1,0.0,5.0,0.0
1291,2026-04-27T09:26:08.386Z,S20260427_102446,SC01,AUTO,64.5004,82.1932,0.0606,end,1,1700,MI-CHARGE,0.0,0.0,0.8,0.0,-0.698132,0.0,1,0,24.797,18.408,0.0,0.0,0.8,0.0,5.0,2.0,1.0,0.05,1,0.0,5.0,0.0
1292,2026-04-27T09:26:08.446Z,S20260427_102446,SC01,AUTO,64.5612,82.254,0.0607,end,1,1700,MI-CHARGE,0.0,0.0,0.8,0.0,-0.698132,0.0,1,0,23.968,17.741,0.0,0.0,0.8,0.0,5.0,2.0,1.0,0.05,1,0.0,5.0,0.0
1293,2026-04-27T09:26:08.511Z,S20260427_102446,SC01,AUTO,64.6259,82.3187,0.0648,end,1,1700,MI-CHARGE,0.0,0.0,0.8,0.0,-0.698132,0.0,1,0,24.062,20.216,0.0,0.0,0.8,0.0,5.0,2.0,1.0,0.05,1,0.0,5.0,0.0
1294,2026-04-27T09:26:08.574Z,S20260427_102446,SC01,AUTO,64.6891,82.3819,0.0632,end,1,1700,MI-CHARGE,0.0,0.0,0.8,0.0,-0.698132,0.0,1,0,24.626,20.28,0.0,0.0,0.8,0.0,5.0,2.0,1.0,0.05,1,0.0,5.0,0.0
1295,2026-04-27T09:26:08.637Z,S20260427_102446,SC01,AUTO,64.7518,82.4446,0.0627,end,1,1700,MI-CHARGE,0.0,0.0,0.8,0.0,-0.698132,0.0,1,0,23.946,20.335,0.0,0.0,0.8,0.0,5.0,2.0,1.0,0.05,1,0.0,5.0,0.0
1296,2026-04-27T09:26:08.698Z,S20260427_102446,SC01,AUTO,64.8124,82.5052,0.0607,end,1,1700,MI-CHARGE,0.0,0.0,0.8,0.0,-0.698132,0.0,1,0,23.376,19.07,0.0,0.0,0.8,0.0,5.0,2.0,1.0,0.05,1,0.0,5.0,0.0
1297,2026-04-27T09:26:08.762Z,S20260427_102446,SC01,AUTO,64.8771,82.5699,0.0647,end,1,1700,MI-CHARGE,0.0,0.0,0.8,0.0,-0.698132,0.0,1,0,11.536,19.34,0.0,0.0,0.8,0.0,5.0,2.0,1.0,0.05,1,0.0,5.0,0.0
1298,2026-04-27T09:26:08.824Z,S20260427_102446,SC01,AUTO,64.9384,82.6312,0.0613,end,1,1700,MI-CHARGE,0.0,0.0,0.8,0.0,-0.698132,0.0,1,0,13.472,19.745,0.0,0.0,0.8,0.0,5.0,2.0,1.0,0.05,1,0.0,5.0,0.0
1299,2026-04-27T09:26:08.886Z,S20260427_102446,SC01,AUTO,65.0004,82.6932,0.062,end,1,1700,MI-CHARGE,0.0,0.0,0.8,0.0,-0.698132,0.0,1,0,11.487,19.672,0.0,0.0,0.8,0.0,5.0,2.0,1.0,0.05,1,0.0,5.0,0.0
1300,2026-04-27T09:26:08.952Z,S20260427_102446,SC01,AUTO,65.0668,82.7596,0.0663,end,1,1700,MI-CHARGE,0.0,0.0,0.8,0.0,-0.698132,0.0,1,0,11.676,19.243,0.0,0.0,0.8,0.0,5.0,2.0,1.0,0.05,1,0.0,5.0,0.0
1301,2026-04-27T09:26:09.014Z,S20260427_102446,SC01,AUTO,65.1285,82.8213,0.0617,end,1,1700,MI-CHARGE,0.0,0.0,0.8,0.0,-0.698132,0.0,1,0,12.425,18.328,0.0,0.0,0.8,0.0,5.0,2.0,1.0,0.05,1,0.0,5.0,0.0
1302,2026-04-27T09:26:09.076Z,S20260427_102446,SC01,AUTO,65.1911,82.8839,0.0627,end,1,1700,MI-CHARGE,0.0,0.0,0.8,0.0,-0.698132,0.0,1,0,9.465,20.138,0.0,0.0,0.8,0.0,5.0,2.0,1.0,0.05,1,0.0,5.0,0.0
1303,2026-04-27T09:26:09.134Z,S20260427_102446,SC01,AUTO,65.2492,82.942,0.0581,end,1,1700,MI-CHARGE,0.0,0.0,0.8,0.0,-0.698132,0.0,1,0,11.183,18.923,0.0,0.0,0.8,0.0,5.0,2.0,1.0,0.05,1,0.0,5.0,0.0
1304,2026-04-27T09:26:09.207Z,S20260427_102446,SC01,AUTO,65.3218,83.0146,0.0726,end,1,1700,MI-CHARGE,0.0,0.0,0.8,0.0,-0.698132,0.0,1,0,17.482,18.784,0.0,0.0,0.8,0.0,5.0,2.0,1.0,0.05,1,0.0,5.0,0.0
1305,2026-04-27T09:26:09.262Z,S20260427_102446,SC01,AUTO,65.3769,83.0697,0.0551,end,1,1700,MI-CHARGE,0.0,0.0,0.8,0.0,-0.698132,0.0,1,0,14.795,19.126,0.0,0.0,0.8,0.0,5.0,2.0,1.0,0.05,1,0.0,5.0,0.0
1306,2026-04-27T09:26:09.325Z,S20260427_102446,SC01,AUTO,65.44,83.1328,0.0631,end,1,1700,MI-CHARGE,0.0,0.0,0.8,0.0,-0.698132,0.0,1,0,15.417,19.474,0.0,0.0,0.8,0.0,5.0,2.0,1.0,0.05,1,0.0,5.0,0.0
1307,2026-04-27T09:26:09.386Z,S20260427_102446,SC01,AUTO,65.5005,83.1933,0.0605,end,1,1700,MI-CHARGE,0.0,0.0,0.8,0.0,-0.698132,0.0,1,0,12.861,18.615,0.0,0.0,0.8,0.0,5.0,2.0,1.0,0.05,1,0.0,5.0,0.0
1308,2026-04-27T09:26:09.454Z,S20260427_102446,SC01,AUTO,65.5689,83.2617,0.0684,end,1,1700,MI-CHARGE,0.0,0.0,0.8,0.0,-0.698132,0.0,1,0,10.383,19.274,0.0,0.0,0.8,0.0,5.0,2.0,1.0,0.05,1,0.0,5.0,0.0
1309,2026-04-27T09:26:09.516Z,S20260427_102446,SC01,AUTO,65.6312,83.324,0.0623,end,1,1700,MI-CHARGE,0.0,0.0,0.8,0.0,-0.698132,0.0,1,0,12.042,19.632,0.0,0.0,0.8,0.0,5.0,2.0,1.0,0.05,1,0.0,5.0,0.0
1310,2026-04-27T09:26:09.579Z,S20260427_102446,SC01,AUTO,65.6941,83.3869,0.0629,end,1,1700,MI-CHARGE,0.0,0.0,0.8,0.0,-0.698132,0.0,1,0,11.708,19.254,0.0,0.0,0.8,0.0,5.0,2.0,1.0,0.05,1,0.0,5.0,0.0
1311,2026-04-27T09:26:09.641Z,S20260427_102446,SC01,AUTO,65.7558,83.4486,0.0616,end,1,1700,MI-CHARGE,0.0,0.0,0.8,0.0,-0.698132,0.0,1,0,11.319,19.58,0.0,0.0,0.8,0.0,5.0,2.0,1.0,0.05,1,0.0,5.0,0.0
1312,2026-04-27T09:26:09.704Z,S20260427_102446,SC01,AUTO,65.819,83.5118,0.0633,end,1,1700,MI-CHARGE,0.0,0.0,0.8,0.0,-0.698132,0.0,1,0,18.049,19.333,0.0,0.0,0.8,0.0,5.0,2.0,1.0,0.05,1,0.0,5.0,0.0
1313,2026-04-27T09:26:09.766Z,S20260427_102446,SC01,AUTO,65.8806,83.5734,0.0616,end,1,1700,MI-CHARGE,0.0,0.0,0.8,0.0,-0.698132,0.0,1,0,16.884,19.584,0.0,0.0,0.8,0.0,5.0,2.0,1.0,0.05,1,0.0,5.0,0.0
1314,2026-04-27T09:26:09.822Z,S20260427_102446,SC01,AUTO,65.9374,83.6302,0.0568,end,1,1700,MI-CHARGE,0.0,0.0,0.8,0.0,-0.698132,0.0,1,0,24.841,20.954,0.0,0.0,0.8,0.0,5.0,2.0,1.0,0.05,1,0.0,5.0,0.0
1315,2026-04-27T09:26:09.885Z,S20260427_102446,SC01,AUTO,66.0,83.6928,0.0626,end,1,1700,MI-CHARGE,0.0,0.0,0.8,0.0,-0.698132,0.0,1,0,17.981,19.249,0.0,0.0,0.8,0.0,5.0,2.0,1.0,0.05,1,0.0,5.0,0.0
1316,2026-04-27T09:26:09.950Z,S20260427_102446,SC01,AUTO,66.0647,83.7575,0.0647,end,1,1700,MI-CHARGE,0.0,0.0,0.8,0.0,-0.698132,0.0,1,0,15.99,19.393,0.0,0.0,0.8,0.0,5.0,2.0,1.0,0.05,1,0.0,5.0,0.0
1317,2026-04-27T09:26:10.014Z,S20260427_102446,SC01,AUTO,66.1293,83.8221,0.0646,end,1,1700,MI-CHARGE,0.0,0.0,0.8,0.0,-0.698132,0.0,1,0,13.341,19.493,0.0,0.0,0.8,0.0,5.0,2.0,1.0,0.05,1,0.0,5.0,0.0
1318,2026-04-27T09:26:10.079Z,S20260427_102446,SC01,AUTO,66.1935,83.8863,0.0642,end,1,1700,MI-CHARGE,0.0,0.0,0.8,0.0,-0.698132,0.0,1,0,12.385,19.938,0.0,0.0,0.8,0.0,5.0,2.0,1.0,0.05,1,0.0,5.0,0.0
1319,2026-04-27T09:26:10.140Z,S20260427_102446,SC01,AUTO,66.2553,83.9481,0.0618,end,1,1700,MI-CHARGE,0.0,0.0,0.8,0.0,-0.698132,0.0,1,0,8.282,19.962,0.0,0.0,0.8,0.0,5.0,2.0,1.0,0.05,1,0.0,5.0,0.0
1320,2026-04-27T09:26:10.209Z,S20260427_102446,SC01,AUTO,66.3237,84.0164,0.0684,end,1,1700,MI-CHARGE,0.0,0.0,0.8,0.0,-0.698132,0.0,1,0,18.557,19.904,0.0,0.0,0.8,0.0,5.0,2.0,1.0,0.05,1,0.0,5.0,0.0
1321,2026-04-27T09:26:10.264Z,S20260427_102446,SC01,AUTO,66.3787,84.0715,0.055,end,1,1700,MI-CHARGE,0.0,0.0,0.8,0.0,-0.698132,0.0,1,0,16.863,18.763,0.0,0.0,0.8,0.0,5.0,2.0,1.0,0.05,1,0.0,5.0,0.0
1322,2026-04-27T09:26:10.326Z,S20260427_102446,SC01,AUTO,66.4408,84.1336,0.0622,end,1,1700,MI-CHARGE,0.0,0.0,0.8,0.0,-0.698132,0.0,1,0,19.404,18.966,0.0,0.0,0.8,0.0,5.0,2.0,1.0,0.05,1,0.0,5.0,0.0
1323,2026-04-27T09:26:10.386Z,S20260427_102446,SC01,AUTO,66.5005,84.1933,0.0597,end,1,1700,MI-CHARGE,0.0,0.0,0.8,0.0,-0.698132,0.0,1,0,14.603,19.674,0.0,0.0,0.8,0.0,5.0,2.0,1.0,0.05,1,0.0,5.0,0.0
1324,2026-04-27T09:26:10.449Z,S20260427_102446,SC01,AUTO,66.5634,84.2562,0.0629,end,1,1700,MI-CHARGE,0.0,0.0,0.8,0.0,-0.698132,0.0,1,0,15.344,19.63,0.0,0.0,0.8,0.0,5.0,2.0,1.0,0.05,1,0.0,5.0,0.0
1325,2026-04-27T09:26:10.509Z,S20260427_102446,SC01,AUTO,66.6244,84.3172,0.061,end,1,1700,MI-CHARGE,0.0,0.0,0.8,0.0,-0.698132,0.0,1,0,13.938,19.441,0.0,0.0,0.8,0.0,5.0,2.0,1.0,0.05,1,0.0,5.0,0.0
1326,2026-04-27T09:26:10.574Z,S20260427_102446,SC01,AUTO,66.6889,84.3817,0.0645,end,1,1700,MI-CHARGE,0.0,0.0,0.8,0.0,-0.698132,0.0,1,0,12.814,19.639,0.0,0.0,0.8,0.0,5.0,2.0,1.0,0.05,1,0.0,5.0,0.0
1327,2026-04-27T09:26:10.638Z,S20260427_102446,SC01,AUTO,66.7534,84.4462,0.0645,end,1,1700,MI-CHARGE,0.0,0.0,0.8,0.0,-0.698132,0.0,1,0,9.928,20.213,0.0,0.0,0.8,0.0,5.0,2.0,1.0,0.05,1,0.0,5.0,0.0
1328,2026-04-27T09:26:10.700Z,S20260427_102446,SC01,AUTO,66.8154,84.5082,0.062,end,1,1700,MI-CHARGE,0.0,0.0,0.8,0.0,-0.698132,0.0,1,0,9.458,19.826,0.0,0.0,0.8,0.0,5.0,2.0,1.0,0.05,1,0.0,5.0,0.0
1329,2026-04-27T09:26:10.762Z,S20260427_102446,SC01,AUTO,66.8772,84.57,0.0618,end,1,1700,MI-CHARGE,0.0,0.0,0.8,0.0,-0.698132,0.0,1,0,26.811,22.526,0.0,0.0,0.8,0.0,5.0,2.0,1.0,0.05,1,0.0,5.0,0.0
1330,2026-04-27T09:26:10.825Z,S20260427_102446,SC01,AUTO,66.9395,84.6323,0.0623,end,1,1700,MI-CHARGE,0.0,0.0,0.8,0.0,-0.698132,0.0,1,0,17.42,19.386,0.0,0.0,0.8,0.0,5.0,2.0,1.0,0.05,1,0.0,5.0,0.0
1331,2026-04-27T09:26:10.886Z,S20260427_102446,SC01,AUTO,67.0004,84.6932,0.061,end,1,1700,MI-CHARGE,0.0,0.0,0.8,0.0,-0.698132,0.0,1,0,16.068,18.535,0.0,0.0,0.8,0.0,5.0,2.0,1.0,0.05,1,0.0,5.0,0.0
1332,2026-04-27T09:26:10.949Z,S20260427_102446,SC01,AUTO,67.0643,84.7571,0.0639,end,1,1700,MI-CHARGE,0.0,0.0,0.8,0.0,-0.698132,0.0,1,0,16.035,19.738,0.0,0.0,0.8,0.0,5.0,2.0,1.0,0.05,1,0.0,5.0,0.0
1333,2026-04-27T09:26:11.013Z,S20260427_102446,SC01,AUTO,67.1276,84.8204,0.0632,end,1,1700,MI-CHARGE,0.0,0.0,0.8,0.0,-0.698132,0.0,1,0,13.612,19.772,0.0,0.0,0.8,0.0,5.0,2.0,1.0,0.05,1,0.0,5.0,0.0
1334,2026-04-27T09:26:11.076Z,S20260427_102446,SC01,AUTO,67.1908,84.8836,0.0632,end,1,1700,MI-CHARGE,0.0,0.0,0.8,0.0,-0.698132,0.0,1,0,13.259,20.02,0.0,0.0,0.8,0.0,5.0,2.0,1.0,0.05,1,0.0,5.0,0.0
1335,2026-04-27T09:26:11.134Z,S20260427_102446,SC01,AUTO,67.2488,84.9416,0.058,end,1,1700,MI-CHARGE,0.0,0.0,0.8,0.0,-0.698132,0.0,1,0,13.931,18.566,0.0,0.0,0.8,0.0,5.0,2.0,1.0,0.05,1,0.0,5.0,0.0
1336,2026-04-27T09:26:11.213Z,S20260427_102446,SC01,AUTO,67.3274,85.0202,0.0787,end,1,1700,MI-CHARGE,0.0,0.0,0.8,0.0,-0.698132,0.0,1,0,23.857,19.736,0.0,0.0,0.8,0.0,5.0,2.0,1.0,0.05,1,0.0,5.0,0.0
1337,2026-04-27T09:26:11.262Z,S20260427_102446,SC01,AUTO,67.3768,85.0696,0.0493,end,1,1700,MI-CHARGE,0.0,0.0,0.8,0.0,-0.698132,0.0,1,0,25.734,28.25,0.0,0.0,0.8,0.0,5.0,2.0,1.0,0.05,1,0.0,5.0,0.0
1338,2026-04-27T09:26:11.326Z,S20260427_102446,SC01,AUTO,67.4407,85.1335,0.0637,end,1,1700,MI-CHARGE,0.0,0.0,0.8,0.0,-0.698132,0.0,1,0,17.836,19.505,0.0,0.0,0.8,0.0,5.0,2.0,1.0,0.05,1,0.0,5.0,0.0
1339,2026-04-27T09:26:11.386Z,S20260427_102446,SC01,AUTO,67.501,85.1938,0.0606,end,1,1700,MI-CHARGE,0.0,0.0,0.8,0.0,-0.698132,0.0,1,0,17.059,20.228,0.0,0.0,0.8,0.0,5.0,2.0,1.0,0.05,1,0.0,5.0,0.0
1340,2026-04-27T09:26:11.450Z,S20260427_102446,SC01,AUTO,67.565,85.2578,0.064,end,1,1700,MI-CHARGE,0.0,0.0,0.8,0.0,-0.698132,0.0,1,0,18.661,19.492,0.0,0.0,0.8,0.0,5.0,2.0,1.0,0.05,1,0.0,5.0,0.0
1341,2026-04-27T09:26:11.512Z,S20260427_102446,SC01,AUTO,67.6273,85.3201,0.0623,end,1,1700,MI-CHARGE,0.0,0.0,0.8,0.0,-0.698132,0.0,1,0,17.613,19.112,0.0,0.0,0.8,0.0,5.0,2.0,1.0,0.05,1,0.0,5.0,0.0
1342,2026-04-27T09:26:11.574Z,S20260427_102446,SC01,AUTO,67.6885,85.3813,0.0612,end,1,1700,MI-CHARGE,0.0,0.0,0.8,0.0,-0.698132,0.0,1,0,16.651,19.409,0.0,0.0,0.8,0.0,5.0,2.0,1.0,0.05,1,0.0,5.0,0.0
1343,2026-04-27T09:26:11.637Z,S20260427_102446,SC01,AUTO,67.7517,85.4445,0.0632,end,1,1700,MI-CHARGE,0.0,0.0,0.8,0.0,-0.698132,0.0,1,0,17.223,18.822,0.0,0.0,0.8,0.0,5.0,2.0,1.0,0.05,1,0.0,5.0,0.0
1344,2026-04-27T09:26:11.699Z,S20260427_102446,SC01,AUTO,67.8137,85.5065,0.0619,end,1,1700,MI-CHARGE,0.0,0.0,0.8,0.0,-0.698132,0.0,1,0,13.885,20.199,0.0,0.0,0.8,0.0,5.0,2.0,1.0,0.05,1,0.0,5.0,0.0
1345,2026-04-27T09:26:11.761Z,S20260427_102446,SC01,AUTO,67.8763,85.5691,0.0626,end,1,1700,MI-CHARGE,0.0,0.0,0.8,0.0,-0.698132,0.0,1,0,13.211,19.739,0.0,0.0,0.8,0.0,5.0,2.0,1.0,0.05,1,0.0,5.0,0.0
1346,2026-04-27T09:26:11.822Z,S20260427_102446,SC01,AUTO,67.9371,85.6299,0.0607,end,1,1700,MI-CHARGE,0.0,0.0,0.8,0.0,-0.698132,0.0,1,0,29.653,22.805,0.0,0.0,0.8,0.0,5.0,2.0,1.0,0.05,1,0.0,5.0,0.0
1347,2026-04-27T09:26:11.886Z,S20260427_102446,SC01,AUTO,68.0006,85.6934,0.0636,end,1,1700,MI-CHARGE,0.0,0.0,0.8,0.0,-0.698132,0.0,1,0,39.905,11.637,0.0,0.0,0.8,0.0,5.0,2.0,1.0,0.05,1,0.0,5.0,0.0
1348,2026-04-27T09:26:11.950Z,S20260427_102446,SC01,AUTO,68.0652,85.758,0.0646,end,1,1700,MI-CHARGE,0.0,0.0,0.8,0.0,-0.698132,0.0,1,0,19.482,19.634,0.0,0.0,0.8,0.0,5.0,2.0,1.0,0.05,1,0.0,5.0,0.0
1349,2026-04-27T09:26:12.014Z,S20260427_102446,SC01,AUTO,68.1285,85.8213,0.0633,end,1,1700,MI-CHARGE,0.0,0.0,0.8,0.0,-0.698132,0.0,1,0,18.738,19.535,0.0,0.0,0.8,0.0,5.0,2.0,1.0,0.05,1,0.0,5.0,0.0
1350,2026-04-27T09:26:12.077Z,S20260427_102446,SC01,AUTO,68.1916,85.8844,0.063,end,1,1700,MI-CHARGE,0.0,0.0,0.8,0.0,-0.698132,0.0,1,0,17.201,19.286,0.0,0.0,0.8,0.0,5.0,2.0,1.0,0.05,1,0.0,5.0,0.0
1351,2026-04-27T09:26:12.138Z,S20260427_102446,SC01,AUTO,68.2534,85.9462,0.0619,end,1,1700,MI-CHARGE,0.0,0.0,0.8,0.0,-0.698132,0.0,1,0,17.121,19.541,0.0,0.0,0.8,0.0,5.0,2.0,1.0,0.05,1,0.0,5.0,0.0
1352,2026-04-27T09:26:12.214Z,S20260427_102446,SC01,AUTO,68.3286,86.0214,0.0752,end,1,1700,MI-CHARGE,0.0,0.0,0.8,0.0,-0.698132,0.0,1,0,23.466,19.661,0.0,0.0,0.8,0.0,5.0,2.0,1.0,0.05,1,0.0,5.0,0.0
1353,2026-04-27T09:26:12.264Z,S20260427_102446,SC01,AUTO,68.3787,86.0715,0.0501,end,1,1700,MI-CHARGE,0.0,0.0,0.8,0.0,-0.698132,0.0,1,0,25.111,28.967,0.0,0.0,0.8,0.0,5.0,2.0,1.0,0.05,1,0.0,5.0,0.0
1354,2026-04-27T09:26:12.326Z,S20260427_102446,SC01,AUTO,68.4405,86.1333,0.0618,end,1,1700,MI-CHARGE,0.0,0.0,0.8,0.0,-0.698132,0.0,1,0,28.141,25.281,0.0,0.0,0.8,0.0,5.0,2.0,1.0,0.05,1,0.0,5.0,0.0
1355,2026-04-27T09:26:12.386Z,S20260427_102446,SC01,AUTO,68.5007,86.1935,0.0602,end,1,1700,MI-CHARGE,0.0,0.0,0.8,0.0,-0.698132,0.0,1,0,14.638,19.457,0.0,0.0,0.8,0.0,5.0,2.0,1.0,0.05,1,0.0,5.0,0.0
1356,2026-04-27T09:26:12.450Z,S20260427_102446,SC01,AUTO,68.5653,86.2581,0.0647,end,1,1700,MI-CHARGE,0.0,0.0,0.8,0.0,-0.698132,0.0,1,0,20.136,20.311,0.0,0.0,0.8,0.0,5.0,2.0,1.0,0.05,1,0.0,5.0,0.0
1357,2026-04-27T09:26:12.511Z,S20260427_102446,SC01,AUTO,68.6255,86.3183,0.0602,end,1,1700,MI-CHARGE,0.0,0.0,0.8,0.0,-0.698132,0.0,1,0,19.884,19.454,0.0,0.0,0.8,0.0,5.0,2.0,1.0,0.05,1,0.0,5.0,0.0
1358,2026-04-27T09:26:12.574Z,S20260427_102446,SC01,AUTO,68.6888,86.3816,0.0632,end,1,1700,MI-CHARGE,0.0,0.0,0.8,0.0,-0.698132,0.0,1,0,19.003,18.923,0.0,0.0,0.8,0.0,5.0,2.0,1.0,0.05,1,0.0,5.0,0.0
1359,2026-04-27T09:26:12.637Z,S20260427_102446,SC01,AUTO,68.7521,86.4449,0.0634,end,1,1700,MI-CHARGE,0.0,0.0,0.8,0.0,-0.698132,0.0,1,0,17.176,19.941,0.0,0.0,0.8,0.0,5.0,2.0,1.0,0.05,1,0.0,5.0,0.0
1360,2026-04-27T09:26:12.702Z,S20260427_102446,SC01,AUTO,68.8169,86.5097,0.0648,end,1,1700,MI-CHARGE,0.0,0.0,0.8,0.0,-0.698132,0.0,1,0,23.003,19.244,0.0,0.0,0.8,0.0,5.0,2.0,1.0,0.05,1,0.0,5.0,0.0
1361,2026-04-27T09:26:12.764Z,S20260427_102446,SC01,AUTO,68.8786,86.5714,0.0617,end,1,1700,MI-CHARGE,0.0,0.0,0.8,0.0,-0.698132,0.0,1,0,28.47,15.958,0.0,0.0,0.8,0.0,5.0,2.0,1.0,0.05,1,0.0,5.0,0.0
1362,2026-04-27T09:26:12.825Z,S20260427_102446,SC01,AUTO,68.9404,86.6332,0.0617,end,1,1700,MI-CHARGE,0.0,0.0,0.8,0.0,-0.698132,0.0,1,0,16.34,19.824,0.0,0.0,0.8,0.0,5.0,2.0,1.0,0.05,1,0.0,5.0,0.0
1363,2026-04-27T09:26:12.885Z,S20260427_102446,SC01,AUTO,68.9999,86.6927,0.0596,end,1,1700,MI-CHARGE,0.0,0.0,0.8,0.0,-0.698132,0.0,1,0,31.36,19.852,0.0,0.0,0.8,0.0,5.0,2.0,1.0,0.05,1,0.0,5.0,0.0
1364,2026-04-27T09:26:12.952Z,S20260427_102446,SC01,AUTO,69.0674,86.7602,0.0674,end,1,1700,MI-CHARGE,0.0,0.0,0.8,0.0,-0.698132,0.0,1,0,16.634,19.602,0.0,0.0,0.8,0.0,5.0,2.0,1.0,0.05,1,0.0,5.0,0.0
1365,2026-04-27T09:26:13.015Z,S20260427_102446,SC01,AUTO,69.1296,86.8224,0.0622,end,1,1700,MI-CHARGE,0.0,0.0,0.8,0.0,-0.698132,0.0,1,0,22.228,18.692,0.0,0.0,0.8,0.0,5.0,2.0,1.0,0.05,1,0.0,5.0,0.0
1366,2026-04-27T09:26:13.075Z,S20260427_102446,SC01,AUTO,69.1904,86.8832,0.0608,end,1,1700,MI-CHARGE,0.0,0.0,0.8,0.0,-0.698132,0.0,1,0,30.392,19.328,0.0,0.0,0.8,0.0,5.0,2.0,1.0,0.05,1,0.0,5.0,0.0
1367,2026-04-27T09:26:13.133Z,S20260427_102446,SC01,AUTO,69.2484,86.9412,0.058,end,1,1700,MI-CHARGE,0.0,0.0,0.8,0.0,-0.698132,0.0,1,0,17.28,18.898,0.0,0.0,0.8,0.0,5.0,2.0,1.0,0.05,1,0.0,5.0,0.0
1368,2026-04-27T09:26:13.199Z,S20260427_102446,SC01,AUTO,69.314,87.0068,0.0657,end,1,1700,MI-CHARGE,0.0,0.0,0.8,0.0,-0.698132,0.0,1,0,22.387,20.77,0.0,0.0,0.8,0.0,5.0,2.0,1.0,0.05,1,0.0,5.0,0.0
1369,2026-04-27T09:26:13.261Z,S20260427_102446,SC01,AUTO,69.3757,87.0685,0.0617,end,1,1700,MI-CHARGE,0.0,0.0,0.8,0.0,-0.698132,0.0,1,0,27.949,19.575,0.0,0.0,0.8,0.0,5.0,2.0,1.0,0.05,1,0.0,5.0,0.0
1370,2026-04-27T09:26:13.322Z,S20260427_102446,SC01,AUTO,69.4372,87.13,0.0615,end,1,1700,MI-CHARGE,0.0,0.0,0.8,0.0,-0.698132,0.0,1,0,36.603,1.939,0.0,0.0,0.8,0.0,5.0,2.0,1.0,0.05,1,0.0,5.0,0.0
1371,2026-04-27T09:26:13.385Z,S20260427_102446,SC01,AUTO,69.5002,87.193,0.063,end,1,1700,MI-CHARGE,0.0,0.0,0.8,0.0,-0.698132,0.0,1,0,25.508,23.62,0.0,0.0,0.8,0.0,5.0,2.0,1.0,0.05,1,0.0,5.0,0.0
1372,2026-04-27T09:26:13.448Z,S20260427_102446,SC01,AUTO,69.5632,87.256,0.063,end,1,1700,MI-CHARGE,0.0,0.0,0.8,0.0,-0.698132,0.0,1,0,19.53,18.631,0.0,0.0,0.8,0.0,5.0,2.0,1.0,0.05,1,0.0,5.0,0.0
1373,2026-04-27T09:26:13.511Z,S20260427_102446,SC01,AUTO,69.626,87.3188,0.0629,end,1,1700,MI-CHARGE,0.0,0.0,0.8,0.0,-0.698132,0.0,1,0,23.9,19.807,0.0,0.0,0.8,0.0,5.0,2.0,1.0,0.05,1,0.0,5.0,0.0
1374,2026-04-27T09:26:13.575Z,S20260427_102446,SC01,AUTO,69.69,87.3828,0.0641,end,1,1700,MI-CHARGE,0.0,0.0,0.8,0.0,-0.698132,0.0,1,0,29.652,19.829,0.0,0.0,0.8,0.0,5.0,2.0,1.0,0.05,1,0.0,5.0,0.0
1375,2026-04-27T09:26:13.638Z,S20260427_102446,SC01,AUTO,69.7526,87.4453,0.0625,end,1,1700,MI-CHARGE,0.0,0.0,0.8,0.0,-0.698132,0.0,1,0,24.233,19.494,0.0,0.0,0.8,0.0,5.0,2.0,1.0,0.05,1,0.0,5.0,0.0
1376,2026-04-27T09:26:13.700Z,S20260427_102446,SC01,AUTO,69.8148,87.5076,0.0623,end,1,1700,MI-CHARGE,0.0,0.0,0.8,0.0,-0.698132,0.0,1,0,23.666,19.398,0.0,0.0,0.8,0.0,5.0,2.0,1.0,0.05,1,0.0,5.0,0.0
1377,2026-04-27T09:26:13.764Z,S20260427_102446,SC01,AUTO,69.8787,87.5715,0.0638,end,1,1700,MI-CHARGE,0.0,0.0,0.8,0.0,-0.698132,0.0,1,0,21.499,19.606,0.0,0.0,0.8,0.0,5.0,2.0,1.0,0.05,1,0.0,5.0,0.0
1378,2026-04-27T09:26:13.822Z,S20260427_102446,SC01,AUTO,69.937,87.6298,0.0583,end,1,1700,MI-CHARGE,0.0,0.0,0.8,0.0,-0.698132,0.0,1,0,23.183,14.082,0.0,0.0,0.8,0.0,5.0,2.0,1.0,0.05,1,0.0,5.0,0.0
1379,2026-04-27T09:26:13.886Z,S20260427_102446,SC01,AUTO,70.0005,87.6933,0.0635,end,1,1700,MI-CHARGE,0.0,0.0,0.8,0.0,-0.698132,0.0,1,0,22.407,16.187,0.0,0.0,0.8,0.0,5.0,2.0,1.0,0.05,1,0.0,5.0,0.0
1380,2026-04-27T09:26:13.948Z,S20260427_102446,SC01,AUTO,70.063,87.7558,0.0625,end,1,1700,MI-CHARGE,0.0,0.0,0.8,0.0,-0.698132,0.0,1,0,21.519,19.946,0.0,0.0,0.8,0.0,5.0,2.0,1.0,0.05,1,0.0,5.0,0.0
1381,2026-04-27T09:26:14.014Z,S20260427_102446,SC01,AUTO,70.1291,87.8219,0.066,end,1,1700,MI-CHARGE,0.0,0.0,0.8,0.0,-0.698132,0.0,1,0,23.178,19.508,0.0,0.0,0.8,0.0,5.0,2.0,1.0,0.05,1,0.0,5.0,0.0
1382,2026-04-27T09:26:14.074Z,S20260427_102446,SC01,AUTO,70.1893,87.8821,0.0602,end,1,1700,MI-CHARGE,0.0,0.0,0.8,0.0,-0.698132,0.0,1,0,22.705,19.96,0.0,0.0,0.8,0.0,5.0,2.0,1.0,0.05,1,0.0,5.0,0.0
1383,2026-04-27T09:26:14.138Z,S20260427_102446,SC01,AUTO,70.2528,87.9456,0.0636,end,1,1700,MI-CHARGE,0.0,0.0,0.8,0.0,-0.698132,0.0,1,0,10.538,19.706,0.0,0.0,0.8,0.0,5.0,2.0,1.0,0.05,1,0.0,5.0,0.0
1384,2026-04-27T09:26:14.201Z,S20260427_102446,SC01,AUTO,70.3159,88.0087,0.0631,end,1,1700,MI-CHARGE,0.0,0.0,0.8,0.0,-0.698132,0.0,1,0,27.781,19.942,0.0,0.0,0.8,0.0,5.0,2.0,1.0,0.05,1,0.0,5.0,0.0
1385,2026-04-27T09:26:14.263Z,S20260427_102446,SC01,AUTO,70.3776,88.0704,0.0616,end,1,1700,MI-CHARGE,0.0,0.0,0.8,0.0,-0.698132,0.0,1,0,27.288,17.485,0.0,0.0,0.8,0.0,5.0,2.0,1.0,0.05,1,0.0,5.0,0.0
1386,2026-04-27T09:26:14.326Z,S20260427_102446,SC01,AUTO,70.4405,88.1333,0.0629,end,1,1700,MI-CHARGE,0.0,0.0,0.8,0.0,-0.698132,0.0,1,0,26.336,15.787,0.0,0.0,0.8,0.0,5.0,2.0,1.0,0.05,1,0.0,5.0,0.0
1387,2026-04-27T09:26:14.386Z,S20260427_102446,SC01,AUTO,70.5007,88.1935,0.0602,end,1,1700,MI-CHARGE,0.0,0.0,0.8,0.0,-0.698132,0.0,1,0,28.931,17.752,0.0,0.0,0.8,0.0,5.0,2.0,1.0,0.05,1,0.0,5.0,0.0
1388,2026-04-27T09:26:14.451Z,S20260427_102446,SC01,AUTO,70.5662,88.259,0.0655,end,1,1700,MI-CHARGE,0.0,0.0,0.8,0.0,-0.698132,0.0,1,0,25.956,18.889,0.0,0.0,0.8,0.0,5.0,2.0,1.0,0.05,1,0.0,5.0,0.0
1389,2026-04-27T09:26:14.511Z,S20260427_102446,SC01,AUTO,70.6255,88.3183,0.0593,end,1,1700,MI-CHARGE,0.0,0.0,0.8,0.0,-0.698132,0.0,1,0,27.176,20.163,0.0,0.0,0.8,0.0,5.0,2.0,1.0,0.05,1,0.0,5.0,0.0
1390,2026-04-27T09:26:14.574Z,S20260427_102446,SC01,AUTO,70.6888,88.3816,0.0632,end,1,1700,MI-CHARGE,0.0,0.0,0.8,0.0,-0.698132,0.0,1,0,28.339,19.625,0.0,0.0,0.8,0.0,5.0,2.0,1.0,0.05,1,0.0,5.0,0.0
1391,2026-04-27T09:26:14.638Z,S20260427_102446,SC01,AUTO,70.7528,88.4456,0.0641,end,1,1700,MI-CHARGE,0.0,0.0,0.8,0.0,-0.698132,0.0,1,0,8.983,19.001,0.0,0.0,0.8,0.0,5.0,2.0,1.0,0.05,1,0.0,5.0,0.0
1392,2026-04-27T09:26:14.701Z,S20260427_102446,SC01,AUTO,70.8162,88.509,0.0633,end,1,1700,MI-CHARGE,0.0,0.0,0.8,0.0,-0.698132,0.0,1,0,14.376,20.427,0.0,0.0,0.8,0.0,5.0,2.0,1.0,0.05,1,0.0,5.0,0.0
1393,2026-04-27T09:26:14.764Z,S20260427_102446,SC01,AUTO,70.8785,88.5713,0.0623,end,1,1700,MI-CHARGE,0.0,0.0,0.8,0.0,-0.698132,0.0,1,0,14.148,20.042,0.0,0.0,0.8,0.0,5.0,2.0,1.0,0.05,1,0.0,5.0,0.0
1394,2026-04-27T09:26:14.826Z,S20260427_102446,SC01,AUTO,70.9405,88.6333,0.062,end,1,1700,MI-CHARGE,0.0,0.0,0.8,0.0,-0.698132,0.0,1,0,14.645,19.793,0.0,0.0,0.8,0.0,5.0,2.0,1.0,0.05,1,0.0,5.0,0.0
1395,2026-04-27T09:26:14.886Z,S20260427_102446,SC01,AUTO,71.0008,88.6936,0.0604,end,1,1700,MI-CHARGE,0.0,0.0,0.8,0.0,-0.698132,0.0,1,0,15.258,19.111,0.0,0.0,0.8,0.0,5.0,2.0,1.0,0.05,1,0.0,5.0,0.0
1396,2026-04-27T09:26:14.951Z,S20260427_102446,SC01,AUTO,71.0658,88.7586,0.065,end,1,1700,MI-CHARGE,0.0,0.0,0.8,0.0,-0.698132,0.0,1,0,12.841,20.033,0.0,0.0,0.8,0.0,5.0,2.0,1.0,0.05,1,0.0,5.0,0.0
1397,2026-04-27T09:26:15.014Z,S20260427_102446,SC01,AUTO,71.1287,88.8215,0.0629,end,1,1700,MI-CHARGE,0.0,0.0,0.8,0.0,-0.698132,0.0,1,0,15.273,19.957,0.0,0.0,0.8,0.0,5.0,2.0,1.0,0.05,1,0.0,5.0,0.0
1398,2026-04-27T09:26:15.077Z,S20260427_102446,SC01,AUTO,71.1917,88.8845,0.063,end,1,1700,MI-CHARGE,0.0,0.0,0.8,0.0,-0.698132,0.0,1,0,12.411,19.641,0.0,0.0,0.8,0.0,5.0,2.0,1.0,0.05,1,0.0,5.0,0.0
1399,2026-04-27T09:26:15.134Z,S20260427_102446,SC01,AUTO,71.2488,88.9416,0.0571,end,1,1700,MI-CHARGE,0.0,0.0,0.8,0.0,-0.698132,0.0,1,0,11.0,20.22,0.0,0.0,0.8,0.0,5.0,2.0,1.0,0.05,1,0.0,5.0,0.0
1400,2026-04-27T09:26:15.208Z,S20260427_102446,SC01,AUTO,71.3225,89.0153,0.0737,end,1,1700,MI-CHARGE,0.0,0.0,0.8,0.0,-0.698132,0.0,1,0,18.191,20.217,0.0,0.0,0.8,0.0,5.0,2.0,1.0,0.05,1,0.0,5.0,0.0
1401,2026-04-27T09:26:15.262Z,S20260427_102446,SC01,AUTO,71.3765,89.0693,0.054,end,1,1700,MI-CHARGE,0.0,0.0,0.8,0.0,-0.698132,0.0,1,0,35.313,0.677,0.0,0.0,0.8,0.0,5.0,2.0,1.0,0.05,1,0.0,5.0,0.0
1402,2026-04-27T09:26:15.325Z,S20260427_102446,SC01,AUTO,71.44,89.1328,0.0635,end,1,1700,MI-CHARGE,0.0,0.0,0.8,0.0,-0.698132,0.0,1,0,16.194,18.797,0.0,0.0,0.8,0.0,5.0,2.0,1.0,0.05,1,0.0,5.0,0.0
1403,2026-04-27T09:26:15.385Z,S20260427_102446,SC01,AUTO,71.5002,89.193,0.0601,end,1,1700,MI-CHARGE,0.0,0.0,0.8,0.0,-0.698132,0.0,1,0,18.188,18.886,0.0,0.0,0.8,0.0,5.0,2.0,1.0,0.05,1,0.0,5.0,0.0
1404,2026-04-27T09:26:15.453Z,S20260427_102446,SC01,AUTO,71.5679,89.2607,0.0678,end,1,1700,MI-CHARGE,0.0,0.0,0.8,0.0,-0.698132,0.0,1,0,19.117,19.587,0.0,0.0,0.8,0.0,5.0,2.0,1.0,0.05,1,0.0,5.0,0.0
1405,2026-04-27T09:26:15.514Z,S20260427_102446,SC01,AUTO,71.6288,89.3216,0.0609,end,1,1700,MI-CHARGE,0.0,0.0,0.8,0.0,-0.698132,0.0,1,0,18.163,20.146,0.0,0.0,0.8,0.0,5.0,2.0,1.0,0.05,1,0.0,5.0,0.0
1406,2026-04-27T09:26:15.578Z,S20260427_102446,SC01,AUTO,71.6926,89.3854,0.0638,end,1,1700,MI-CHARGE,0.0,0.0,0.8,0.0,-0.698132,0.0,1,0,15.891,18.528,0.0,0.0,0.8,0.0,5.0,2.0,1.0,0.05,1,0.0,5.0,0.0
1407,2026-04-27T09:26:15.641Z,S20260427_102446,SC01,AUTO,71.7564,89.4492,0.0637,end,1,1700,MI-CHARGE,0.0,0.0,0.8,0.0,-0.698132,0.0,1,0,13.687,18.641,0.0,0.0,0.8,0.0,5.0,2.0,1.0,0.05,1,0.0,5.0,0.0
1408,2026-04-27T09:26:15.703Z,S20260427_102446,SC01,AUTO,71.8181,89.5109,0.0618,end,1,1700,MI-CHARGE,0.0,0.0,0.8,0.0,-0.698132,0.0,1,0,12.859,16.463,0.0,0.0,0.8,0.0,5.0,2.0,1.0,0.05,1,0.0,5.0,0.0
1409,2026-04-27T09:26:15.765Z,S20260427_102446,SC01,AUTO,71.8802,89.573,0.062,end,1,1700,MI-CHARGE,0.0,0.0,0.8,0.0,-0.698132,0.0,1,0,39.88,13.926,0.0,0.0,0.8,0.0,5.0,2.0,1.0,0.05,1,0.0,5.0,0.0
1410,2026-04-27T09:26:15.822Z,S20260427_102446,SC01,AUTO,71.9373,89.6301,0.0571,end,1,1700,MI-CHARGE,0.0,0.0,0.8,0.0,-0.698132,0.0,1,0,28.501,21.059,0.0,0.0,0.8,0.0,5.0,2.0,1.0,0.05,1,0.0,5.0,0.0
1411,2026-04-27T09:26:15.886Z,S20260427_102446,SC01,AUTO,72.0011,89.6939,0.0638,end,1,1700,MI-CHARGE,0.0,0.0,0.8,0.0,-0.698132,0.0,1,0,18.855,19.732,0.0,0.0,0.8,0.0,5.0,2.0,1.0,0.05,1,0.0,5.0,0.0
1412,2026-04-27T09:26:15.950Z,S20260427_102446,SC01,AUTO,72.0647,89.7575,0.0636,end,1,1700,MI-CHARGE,0.0,0.0,0.8,0.0,-0.698132,0.0,1,0,17.769,19.74,0.0,0.0,0.8,0.0,5.0,2.0,1.0,0.05,1,0.0,5.0,0.0
1413,2026-04-27T09:26:16.013Z,S20260427_102446,SC01,AUTO,72.1284,89.8212,0.0637,end,1,1700,MI-CHARGE,0.0,0.0,0.8,0.0,-0.698132,0.0,1,0,18.465,19.709,0.0,0.0,0.8,0.0,5.0,2.0,1.0,0.05,1,0.0,5.0,0.0
1414,2026-04-27T09:26:16.078Z,S20260427_102446,SC01,AUTO,72.1926,89.8854,0.0642,end,1,1700,MI-CHARGE,0.0,0.0,0.8,0.0,-0.698132,0.0,1,0,16.007,20.108,0.0,0.0,0.8,0.0,5.0,2.0,1.0,0.05,1,0.0,5.0,0.0
1415,2026-04-27T09:26:16.141Z,S20260427_102446,SC01,AUTO,72.2564,89.9492,0.0638,end,1,1700,MI-CHARGE,0.0,0.0,0.8,0.0,-0.698132,0.0,1,0,14.792,19.46,0.0,0.0,0.8,0.0,5.0,2.0,1.0,0.05,1,0.0,5.0,0.0
1416,2026-04-27T09:26:16.213Z,S20260427_102446,SC01,AUTO,72.3275,90.0203,0.0711,end,1,1700,MI-CHARGE,0.0,0.0,0.8,0.0,-0.698132,0.0,1,0,22.138,19.817,0.0,0.0,0.8,0.0,5.0,2.0,1.0,0.05,1,0.0,5.0,0.0
1417,2026-04-27T09:26:16.265Z,S20260427_102446,SC01,AUTO,72.3799,90.0727,0.0524,end,1,1700,MI-CHARGE,0.0,0.0,0.8,0.0,-0.698132,0.0,1,0,19.364,18.528,0.0,0.0,0.8,0.0,5.0,2.0,1.0,0.05,1,0.0,5.0,0.0
1418,2026-04-27T09:26:16.326Z,S20260427_102446,SC01,AUTO,72.4408,90.1336,0.0609,end,1,1700,MI-CHARGE,0.0,0.0,0.8,0.0,-0.698132,0.0,1,0,17.311,20.336,0.0,0.0,0.8,0.0,5.0,2.0,1.0,0.05,1,0.0,5.0,0.0
1419,2026-04-27T09:26:16.386Z,S20260427_102446,SC01,AUTO,72.5006,90.1934,0.0598,end,1,1700,MI-CHARGE,0.0,0.0,0.8,0.0,-0.698132,0.0,1,0,19.018,18.724,0.0,0.0,0.8,0.0,5.0,2.0,1.0,0.05,1,0.0,5.0,0.0
1420,2026-04-27T09:26:16.450Z,S20260427_102446,SC01,AUTO,72.5647,90.2575,0.0642,end,1,1700,MI-CHARGE,0.0,0.0,0.8,0.0,-0.698132,0.0,1,0,21.771,19.711,0.0,0.0,0.8,0.0,5.0,2.0,1.0,0.05,1,0.0,5.0,0.0
1421,2026-04-27T09:26:16.510Z,S20260427_102446,SC01,AUTO,72.6252,90.318,0.0604,end,1,1700,MI-CHARGE,0.0,0.0,0.8,0.0,-0.698132,0.0,1,0,22.426,19.595,0.0,0.0,0.8,0.0,5.0,2.0,1.0,0.05,1,0.0,5.0,0.0
1422,2026-04-27T09:26:16.574Z,S20260427_102446,SC01,AUTO,72.6888,90.3816,0.0636,end,1,1700,MI-CHARGE,0.0,0.0,0.8,0.0,-0.698132,0.0,1,0,21.147,18.352,0.0,0.0,0.8,0.0,5.0,2.0,1.0,0.05,1,0.0,5.0,0.0
1423,2026-04-27T09:26:16.637Z,S20260427_102446,SC01,AUTO,72.7515,90.4443,0.0627,end,1,1700,MI-CHARGE,0.0,0.0,0.8,0.0,-0.698132,0.0,1,0,22.041,20.106,0.0,0.0,0.8,0.0,5.0,2.0,1.0,0.05,1,0.0,5.0,0.0
1424,2026-04-27T09:26:16.700Z,S20260427_102446,SC01,AUTO,72.8145,90.5073,0.063,end,1,1700,MI-CHARGE,0.0,0.0,0.8,0.0,-0.698132,0.0,1,0,17.908,19.724,0.0,0.0,0.8,0.0,5.0,2.0,1.0,0.05,1,0.0,5.0,0.0
1425,2026-04-27T09:26:16.763Z,S20260427_102446,SC01,AUTO,72.8776,90.5704,0.0631,end,1,1700,MI-CHARGE,0.0,0.0,0.8,0.0,-0.698132,0.0,1,0,17.209,17.18,0.0,0.0,0.8,0.0,5.0,2.0,1.0,0.05,1,0.0,5.0,0.0
1426,2026-04-27T09:26:16.824Z,S20260427_102446,SC01,AUTO,72.9391,90.6319,0.0615,end,1,1700,MI-CHARGE,0.0,0.0,0.8,0.0,-0.698132,0.0,1,0,15.992,15.597,0.0,0.0,0.8,0.0,5.0,2.0,1.0,0.05,1,0.0,5.0,0.0
1427,2026-04-27T09:26:16.885Z,S20260427_102446,SC01,AUTO,73.0002,90.693,0.0611,end,1,1700,MI-CHARGE,0.0,0.0,0.8,0.0,-0.698132,0.0,1,0,14.611,19.746,0.0,0.0,0.8,0.0,5.0,2.0,1.0,0.05,1,0.0,5.0,0.0
1428,2026-04-27T09:26:16.949Z,S20260427_102446,SC01,AUTO,73.0643,90.7571,0.0642,end,1,1700,MI-CHARGE,0.0,0.0,0.8,0.0,-0.698132,0.0,1,0,22.808,19.404,0.0,0.0,0.8,0.0,5.0,2.0,1.0,0.05,1,0.0,5.0,0.0
1429,2026-04-27T09:26:17.011Z,S20260427_102446,SC01,AUTO,73.1263,90.8191,0.062,end,1,1700,MI-CHARGE,0.0,0.0,0.8,0.0,-0.698132,0.0,1,0,20.871,19.56,0.0,0.0,0.8,0.0,5.0,2.0,1.0,0.05,1,0.0,5.0,0.0
1430,2026-04-27T09:26:17.073Z,S20260427_102446,SC01,AUTO,73.188,90.8808,0.0617,end,1,1700,MI-CHARGE,0.0,0.0,0.8,0.0,-0.698132,0.0,1,0,20.179,18.921,0.0,0.0,0.8,0.0,5.0,2.0,1.0,0.05,1,0.0,5.0,0.0
1431,2026-04-27T09:26:17.134Z,S20260427_102446,SC01,AUTO,73.2489,90.9417,0.0609,end,1,1700,MI-CHARGE,0.0,0.0,0.8,0.0,-0.698132,0.0,1,0,20.187,18.443,0.0,0.0,0.8,0.0,5.0,2.0,1.0,0.05,1,0.0,5.0,0.0
1432,2026-04-27T09:26:17.203Z,S20260427_102446,SC01,AUTO,73.318,91.0108,0.0691,end,1,1700,MI-CHARGE,0.0,0.0,0.8,0.0,-0.698132,0.0,1,0,16.896,20.385,0.0,0.0,0.8,0.0,5.0,2.0,1.0,0.05,1,0.0,5.0,0.0
1433,2026-04-27T09:26:17.260Z,S20260427_102446,SC01,AUTO,73.3751,91.0679,0.0571,end,1,1700,MI-CHARGE,0.0,0.0,0.8,0.0,-0.698132,0.0,1,0,17.334,13.853,0.0,0.0,0.8,0.0,5.0,2.0,1.0,0.05,1,0.0,5.0,0.0
1434,2026-04-27T09:26:17.323Z,S20260427_102446,SC01,AUTO,73.4377,91.1305,0.0626,end,1,1700,MI-CHARGE,0.0,0.0,0.8,0.0,-0.698132,0.0,1,0,15.536,18.148,0.0,0.0,0.8,0.0,5.0,2.0,1.0,0.05,1,0.0,5.0,0.0
1435,2026-04-27T09:26:17.385Z,S20260427_102446,SC01,AUTO,73.4999,91.1927,0.0622,end,1,1700,MI-CHARGE,0.0,0.0,0.8,0.0,-0.698132,0.0,1,0,13.006,16.192,0.0,0.0,0.8,0.0,5.0,2.0,1.0,0.05,1,0.0,5.0,0.0
1436,2026-04-27T09:26:17.447Z,S20260427_102446,SC01,AUTO,73.5621,91.2549,0.0623,end,1,1700,MI-CHARGE,0.0,0.0,0.8,0.0,-0.698132,0.0,1,0,11.736,18.796,0.0,0.0,0.8,0.0,5.0,2.0,1.0,0.05,1,0.0,5.0,0.0
1437,2026-04-27T09:26:17.509Z,S20260427_102446,SC01,AUTO,73.6239,91.3167,0.0617,end,1,1700,MI-CHARGE,0.0,0.0,0.8,0.0,-0.698132,0.0,1,0,20.336,20.428,0.0,0.0,0.8,0.0,5.0,2.0,1.0,0.05,1,0.0,5.0,0.0
1438,2026-04-27T09:26:17.571Z,S20260427_102446,SC01,AUTO,73.6862,91.379,0.0623,end,1,1700,MI-CHARGE,0.0,0.0,0.8,0.0,-0.698132,0.0,1,0,22.451,18.96,0.0,0.0,0.8,0.0,5.0,2.0,1.0,0.05,1,0.0,5.0,0.0
1439,2026-04-27T09:26:17.633Z,S20260427_102446,SC01,AUTO,73.7481,91.4409,0.062,end,1,1700,MI-CHARGE,0.0,0.0,0.8,0.0,-0.698132,0.0,1,0,19.687,19.604,0.0,0.0,0.8,0.0,5.0,2.0,1.0,0.05,1,0.0,5.0,0.0
1440,2026-04-27T09:26:17.706Z,S20260427_102446,SC01,AUTO,73.8208,91.5136,0.0726,end,1,1700,MI-CHARGE,0.0,0.0,0.8,0.0,-0.698132,0.0,1,0,17.473,18.482,0.0,0.0,0.8,0.0,5.0,2.0,1.0,0.05,1,0.0,5.0,0.0
1441,2026-04-27T09:26:17.759Z,S20260427_102446,SC01,AUTO,73.8735,91.5663,0.0527,end,1,1700,MI-CHARGE,0.0,0.0,0.8,0.0,-0.698132,0.0,1,0,15.256,18.767,0.0,0.0,0.8,0.0,5.0,2.0,1.0,0.05,1,0.0,5.0,0.0
1442,2026-04-27T09:26:17.822Z,S20260427_102446,SC01,AUTO,73.9368,91.6296,0.0634,end,1,1700,MI-CHARGE,0.0,0.0,0.8,0.0,-0.698132,0.0,1,0,13.874,18.661,0.0,0.0,0.8,0.0,5.0,2.0,1.0,0.05,1,0.0,5.0,0.0
1443,2026-04-27T09:26:17.884Z,S20260427_102446,SC01,AUTO,73.9987,91.6915,0.0619,end,1,1700,MI-CHARGE,0.0,0.0,0.8,0.0,-0.698132,0.0,1,0,12.341,16.173,0.0,0.0,0.8,0.0,5.0,2.0,1.0,0.05,1,0.0,5.0,0.0
1444,2026-04-27T09:26:17.950Z,S20260427_102446,SC01,AUTO,74.0648,91.7576,0.0661,end,1,1700,MI-CHARGE,0.0,0.0,0.8,0.0,-0.698132,0.0,1,0,19.77,20.182,0.0,0.0,0.8,0.0,5.0,2.0,1.0,0.05,1,0.0,5.0,0.0
1445,2026-04-27T09:26:18.014Z,S20260427_102446,SC01,AUTO,74.1289,91.8217,0.0642,end,1,1700,MI-CHARGE,0.0,0.0,0.8,0.0,-0.698132,0.0,1,0,18.701,19.37,0.0,0.0,0.8,0.0,5.0,2.0,1.0,0.05,1,0.0,5.0,0.0
1446,2026-04-27T09:26:18.078Z,S20260427_102446,SC01,AUTO,74.1927,91.8855,0.0638,end,1,1700,MI-CHARGE,0.0,0.0,0.8,0.0,-0.698132,0.0,1,0,19.841,19.257,0.0,0.0,0.8,0.0,5.0,2.0,1.0,0.05,1,0.0,5.0,0.0
1447,2026-04-27T09:26:18.143Z,S20260427_102446,SC01,AUTO,74.2574,91.9502,0.0647,end,1,1700,MI-CHARGE,0.0,0.0,0.8,0.0,-0.698132,0.0,1,0,19.669,19.419,0.0,0.0,0.8,0.0,5.0,2.0,1.0,0.05,1,0.0,5.0,0.0
1448,2026-04-27T09:26:18.206Z,S20260427_102446,SC01,AUTO,74.321,92.0138,0.0635,end,1,1700,MI-CHARGE,0.0,0.0,0.8,0.0,-0.698132,0.0,1,0,22.094,15.138,0.0,0.0,0.8,0.0,5.0,2.0,1.0,0.05,1,0.0,5.0,0.0
1449,2026-04-27T09:26:18.265Z,S20260427_102446,SC01,AUTO,74.3801,92.0729,0.0592,end,1,1700,MI-CHARGE,0.0,0.0,0.8,0.0,-0.698132,0.0,1,0,21.895,20.117,0.0,0.0,0.8,0.0,5.0,2.0,1.0,0.05,1,0.0,5.0,0.0
1450,2026-04-27T09:26:18.326Z,S20260427_102446,SC01,AUTO,74.441,92.1338,0.0609,end,1,1700,MI-CHARGE,0.0,0.0,0.8,0.0,-0.698132,0.0,1,0,23.94,20.471,0.0,0.0,0.8,0.0,5.0,2.0,1.0,0.05,1,0.0,5.0,0.0
1451,2026-04-27T09:26:18.386Z,S20260427_102446,SC01,AUTO,74.501,92.1938,0.06,end,1,1700,MI-CHARGE,0.0,0.0,0.8,0.0,-0.698132,0.0,1,0,17.539,19.801,0.0,0.0,0.8,0.0,5.0,2.0,1.0,0.05,1,0.0,5.0,0.0
1452,2026-04-27T09:26:18.446Z,S20260427_102446,SC01,AUTO,74.5612,92.254,0.0602,end,1,1700,MI-CHARGE,0.0,0.0,0.8,0.0,-0.698132,0.0,1,0,19.283,18.97,0.0,0.0,0.8,0.0,5.0,2.0,1.0,0.05,1,0.0,5.0,0.0
1453,2026-04-27T09:26:18.510Z,S20260427_102446,SC01,AUTO,74.6248,92.3176,0.0636,end,1,1700,MI-CHARGE,0.0,0.0,0.8,0.0,-0.698132,0.0,1,0,21.25,19.992,0.0,0.0,0.8,0.0,5.0,2.0,1.0,0.05,1,0.0,5.0,0.0
1454,2026-04-27T09:26:18.574Z,S20260427_102446,SC01,AUTO,74.6885,92.3813,0.0637,end,1,1700,MI-CHARGE,0.0,0.0,0.8,0.0,-0.698132,0.0,1,0,19.908,19.763,0.0,0.0,0.8,0.0,5.0,2.0,1.0,0.05,1,0.0,5.0,0.0
1455,2026-04-27T09:26:18.638Z,S20260427_102446,SC01,AUTO,74.7531,92.4459,0.0646,end,1,1700,MI-CHARGE,0.0,0.0,0.8,0.0,-0.698132,0.0,1,0,19.319,19.758,0.0,0.0,0.8,0.0,5.0,2.0,1.0,0.05,1,0.0,5.0,0.0
1456,2026-04-27T09:26:18.702Z,S20260427_102446,SC01,AUTO,74.8174,92.5102,0.0642,end,1,1700,MI-CHARGE,0.0,0.0,0.8,0.0,-0.698132,0.0,1,0,17.909,18.962,0.0,0.0,0.8,0.0,5.0,2.0,1.0,0.05,1,0.0,5.0,0.0
1457,2026-04-27T09:26:18.765Z,S20260427_102446,SC01,AUTO,74.8804,92.5732,0.0631,end,1,1700,MI-CHARGE,0.0,0.0,0.8,0.0,-0.698132,0.0,1,0,18.959,14.784,0.0,0.0,0.8,0.0,5.0,2.0,1.0,0.05,1,0.0,5.0,0.0
1458,2026-04-27T09:26:18.825Z,S20260427_102446,SC01,AUTO,74.94,92.6328,0.0596,end,1,1700,MI-CHARGE,0.0,0.0,0.8,0.0,-0.698132,0.0,1,0,17.842,20.268,0.0,0.0,0.8,0.0,5.0,2.0,1.0,0.05,1,0.0,5.0,0.0
1459,2026-04-27T09:26:18.886Z,S20260427_102446,SC01,AUTO,75.0009,92.6937,0.0609,end,1,1700,MI-CHARGE,0.0,0.0,0.8,0.0,-0.698132,0.0,1,0,17.277,19.864,0.0,0.0,0.8,0.0,5.0,2.0,1.0,0.05,1,0.0,5.0,0.0
1460,2026-04-27T09:26:18.957Z,S20260427_102446,SC01,AUTO,75.0718,92.7646,0.071,end,1,1700,MI-CHARGE,0.0,0.0,0.8,0.0,-0.698132,0.0,1,0,26.324,20.23,0.0,0.0,0.8,0.0,5.0,2.0,1.0,0.05,1,0.0,5.0,0.0
1461,2026-04-27T09:26:19.020Z,S20260427_102446,SC01,AUTO,75.1346,92.8274,0.0627,end,1,1700,MI-CHARGE,0.0,0.0,0.8,0.0,-0.698132,0.0,1,0,28.563,19.586,0.0,0.0,0.8,0.0,5.0,2.0,1.0,0.05,1,0.0,5.0,0.0
1462,2026-04-27T09:26:19.082Z,S20260427_102446,SC01,AUTO,75.197,92.8898,0.0625,end,1,1700,MI-CHARGE,0.0,0.0,0.8,0.0,-0.698132,0.0,1,0,27.298,19.003,0.0,0.0,0.8,0.0,5.0,2.0,1.0,0.05,1,0.0,5.0,0.0
1463,2026-04-27T09:26:19.134Z,S20260427_102446,SC01,AUTO,75.2487,92.9415,0.0517,end,1,1700,MI-CHARGE,0.0,0.0,0.8,0.0,-0.698132,0.0,1,0,25.561,16.922,0.0,0.0,0.8,0.0,5.0,2.0,1.0,0.05,1,0.0,5.0,0.0
1464,2026-04-27T09:26:19.199Z,S20260427_102446,SC01,AUTO,75.3144,93.0072,0.0657,end,1,1700,MI-CHARGE,0.0,0.0,0.8,0.0,-0.698132,0.0,1,0,24.349,19.546,0.0,0.0,0.8,0.0,5.0,2.0,1.0,0.05,1,0.0,5.0,0.0
1465,2026-04-27T09:26:19.261Z,S20260427_102446,SC01,AUTO,75.3761,93.0689,0.0617,end,1,1700,MI-CHARGE,0.0,0.0,0.8,0.0,-0.698132,0.0,1,0,24.482,19.208,0.0,0.0,0.8,0.0,5.0,2.0,1.0,0.05,1,0.0,5.0,0.0
1466,2026-04-27T09:26:19.326Z,S20260427_102446,SC01,AUTO,75.4408,93.1336,0.0647,end,1,1700,MI-CHARGE,0.0,0.0,0.8,0.0,-0.698132,0.0,1,0,22.039,17.491,0.0,0.0,0.8,0.0,5.0,2.0,1.0,0.05,1,0.0,5.0,0.0
1467,2026-04-27T09:26:19.387Z,S20260427_102446,SC01,AUTO,75.5015,93.1943,0.0606,end,1,1700,MI-CHARGE,0.0,0.0,0.8,0.0,-0.698132,0.0,1,0,22.136,17.54,0.0,0.0,0.8,0.0,5.0,2.0,1.0,0.05,1,0.0,5.0,0.0
1468,2026-04-27T09:26:19.455Z,S20260427_102446,SC01,AUTO,75.5694,93.2622,0.068,end,1,1700,MI-CHARGE,0.0,0.0,0.8,0.0,-0.698132,0.0,1,0,23.369,18.19,0.0,0.0,0.8,0.0,5.0,2.0,1.0,0.05,1,0.0,5.0,0.0
1469,2026-04-27T09:26:19.519Z,S20260427_102446,SC01,AUTO,75.6335,93.3263,0.0641,end,1,1700,MI-CHARGE,0.0,0.0,0.8,0.0,-0.698132,0.0,1,0,11.227,19.196,0.0,0.0,0.8,0.0,5.0,2.0,1.0,0.05,1,0.0,5.0,0.0
1470,2026-04-27T09:26:19.581Z,S20260427_102446,SC01,AUTO,75.6964,93.3892,0.0629,end,1,1700,MI-CHARGE,0.0,0.0,0.8,0.0,-0.698132,0.0,1,0,11.077,20.635,0.0,0.0,0.8,0.0,5.0,2.0,1.0,0.05,1,0.0,5.0,0.0
1471,2026-04-27T09:26:19.643Z,S20260427_102446,SC01,AUTO,75.7581,93.4509,0.0617,end,1,1700,MI-CHARGE,0.0,0.0,0.8,0.0,-0.698132,0.0,1,0,9.446,19.409,0.0,0.0,0.8,0.0,5.0,2.0,1.0,0.05,1,0.0,5.0,0.0
1472,2026-04-27T09:26:19.704Z,S20260427_102446,SC01,AUTO,75.8193,93.5121,0.0612,end,1,1700,MI-CHARGE,0.0,0.0,0.8,0.0,-0.698132,0.0,1,0,28.581,16.473,0.0,0.0,0.8,0.0,5.0,2.0,1.0,0.05,1,0.0,5.0,0.0
1473,2026-04-27T09:26:19.766Z,S20260427_102446,SC01,AUTO,75.8807,93.5735,0.0614,end,1,1700,MI-CHARGE,0.0,0.0,0.8,0.0,-0.698132,0.0,1,0,26.729,19.102,0.0,0.0,0.8,0.0,5.0,2.0,1.0,0.05,1,0.0,5.0,0.0
1474,2026-04-27T09:26:19.822Z,S20260427_102446,SC01,AUTO,75.9365,93.6293,0.0558,end,1,1700,MI-CHARGE,0.0,0.0,0.8,0.0,-0.698132,0.0,1,0,26.984,19.2,0.0,0.0,0.8,0.0,5.0,2.0,1.0,0.05,1,0.0,5.0,0.0
1475,2026-04-27T09:26:19.886Z,S20260427_102446,SC01,AUTO,76.0008,93.6936,0.0643,end,1,1700,MI-CHARGE,0.0,0.0,0.8,0.0,-0.698132,0.0,1,0,25.058,17.944,0.0,0.0,0.8,0.0,5.0,2.0,1.0,0.05,1,0.0,5.0,0.0
1476,2026-04-27T09:26:19.950Z,S20260427_102446,SC01,AUTO,76.0652,93.758,0.0643,end,1,1700,MI-CHARGE,0.0,0.0,0.8,0.0,-0.698132,0.0,1,0,24.378,17.566,0.0,0.0,0.8,0.0,5.0,2.0,1.0,0.05,1,0.0,5.0,0.0
1477,2026-04-27T09:26:20.014Z,S20260427_102446,SC01,AUTO,76.1292,93.822,0.064,end,1,1700,MI-CHARGE,0.0,0.0,0.8,0.0,-0.698132,0.0,1,0,22.187,19.722,0.0,0.0,0.8,0.0,5.0,2.0,1.0,0.05,1,0.0,5.0,0.0
1478,2026-04-27T09:26:20.078Z,S20260427_102446,SC01,AUTO,76.1931,93.8859,0.0638,end,1,1700,MI-CHARGE,0.0,0.0,0.8,0.0,-0.698132,0.0,1,0,24.341,19.89,0.0,0.0,0.8,0.0,5.0,2.0,1.0,0.05,1,0.0,5.0,0.0
1479,2026-04-27T09:26:20.141Z,S20260427_102446,SC01,AUTO,76.2564,93.9492,0.0634,end,1,1700,MI-CHARGE,0.0,0.0,0.8,0.0,-0.698132,0.0,1,0,12.958,19.169,0.0,0.0,0.8,0.0,5.0,2.0,1.0,0.05,1,0.0,5.0,0.0
1480,2026-04-27T09:26:20.202Z,S20260427_102446,SC01,AUTO,76.3171,94.0099,0.0608,end,1,1700,MI-CHARGE,0.0,0.0,0.8,0.0,-0.698132,0.0,1,0,12.556,19.241,0.0,0.0,0.8,0.0,5.0,2.0,1.0,0.05,1,0.0,5.0,0.0
1481,2026-04-27T09:26:20.266Z,S20260427_102446,SC01,AUTO,76.3806,94.0734,0.0635,end,1,1700,MI-CHARGE,0.0,0.0,0.8,0.0,-0.698132,0.0,1,0,10.161,19.882,0.0,0.0,0.8,0.0,5.0,2.0,1.0,0.05,1,0.0,5.0,0.0
1482,2026-04-27T09:26:20.325Z,S20260427_102446,SC01,AUTO,76.4404,94.1332,0.0597,end,1,1700,MI-CHARGE,0.0,0.0,0.8,0.0,-0.698132,0.0,1,0,29.246,19.028,0.0,0.0,0.8,0.0,5.0,2.0,1.0,0.05,1,0.0,5.0,0.0
1483,2026-04-27T09:26:20.385Z,S20260427_102446,SC01,AUTO,76.5003,94.1931,0.0599,end,1,1700,MI-CHARGE,0.0,0.0,0.8,0.0,-0.698132,0.0,1,0,9.48,19.538,0.0,0.0,0.8,0.0,5.0,2.0,1.0,0.05,1,0.0,5.0,0.0
1484,2026-04-27T09:26:20.455Z,S20260427_102446,SC01,AUTO,76.5699,94.2626,0.0696,end,1,1700,MI-CHARGE,0.0,0.0,0.8,0.0,-0.698132,0.0,1,0,14.947,18.728,0.0,0.0,0.8,0.0,5.0,2.0,1.0,0.05,1,0.0,5.0,0.0
1485,2026-04-27T09:26:20.510Z,S20260427_102446,SC01,AUTO,76.6249,94.3177,0.0551,end,1,1700,MI-CHARGE,0.0,0.0,0.8,0.0,-0.698132,0.0,1,0,14.441,19.418,0.0,0.0,0.8,0.0,5.0,2.0,1.0,0.05,1,0.0,5.0,0.0
1486,2026-04-27T09:26:20.574Z,S20260427_102446,SC01,AUTO,76.6893,94.3821,0.0643,end,1,1700,MI-CHARGE,0.0,0.0,0.8,0.0,-0.698132,0.0,1,0,12.617,19.093,0.0,0.0,0.8,0.0,5.0,2.0,1.0,0.05,1,0.0,5.0,0.0
1487,2026-04-27T09:26:20.639Z,S20260427_102446,SC01,AUTO,76.7535,94.4463,0.0641,end,1,1700,MI-CHARGE,0.0,0.0,0.8,0.0,-0.698132,0.0,1,0,12.182,19.084,0.0,0.0,0.8,0.0,5.0,2.0,1.0,0.05,1,0.0,5.0,0.0
1488,2026-04-27T09:26:20.702Z,S20260427_102446,SC01,AUTO,76.8166,94.5094,0.0632,end,1,1700,MI-CHARGE,0.0,0.0,0.8,0.0,-0.698132,0.0,1,0,14.763,17.855,0.0,0.0,0.8,0.0,5.0,2.0,1.0,0.05,1,0.0,5.0,0.0
1489,2026-04-27T09:26:20.764Z,S20260427_102446,SC01,AUTO,76.8785,94.5713,0.0619,end,1,1700,MI-CHARGE,0.0,0.0,0.8,0.0,-0.698132,0.0,1,0,30.292,22.447,0.0,0.0,0.8,0.0,5.0,2.0,1.0,0.05,1,0.0,5.0,0.0
1490,2026-04-27T09:26:20.825Z,S20260427_102446,SC01,AUTO,76.9402,94.633,0.0617,end,1,1700,MI-CHARGE,0.0,0.0,0.8,0.0,-0.698132,0.0,1,0,40.151,13.928,0.0,0.0,0.8,0.0,5.0,2.0,1.0,0.05,1,0.0,5.0,0.0
1491,2026-04-27T09:26:20.885Z,S20260427_102446,SC01,AUTO,77.0001,94.6929,0.0598,end,1,1700,MI-CHARGE,0.0,0.0,0.8,0.0,-0.698132,0.0,1,0,38.894,27.205,0.0,0.0,0.8,0.0,5.0,2.0,1.0,0.05,1,0.0,5.0,0.0
1492,2026-04-27T09:26:20.951Z,S20260427_102446,SC01,AUTO,77.0663,94.7591,0.0662,end,1,1700,MI-CHARGE,0.0,0.0,0.8,0.0,-0.698132,0.0,1,0,17.959,20.103,0.0,0.0,0.8,0.0,5.0,2.0,1.0,0.05,1,0.0,5.0,0.0
1493,2026-04-27T09:26:21.014Z,S20260427_102446,SC01,AUTO,77.1285,94.8213,0.0622,end,1,1700,MI-CHARGE,0.0,0.0,0.8,0.0,-0.698132,0.0,1,0,17.814,20.125,0.0,0.0,0.8,0.0,5.0,2.0,1.0,0.05,1,0.0,5.0,0.0
1494,2026-04-27T09:26:21.075Z,S20260427_102446,SC01,AUTO,77.1898,94.8826,0.0613,end,1,1700,MI-CHARGE,0.0,0.0,0.8,0.0,-0.698132,0.0,1,0,19.302,19.233,0.0,0.0,0.8,0.0,5.0,2.0,1.0,0.05,1,0.0,5.0,0.0
1495,2026-04-27T09:26:21.134Z,S20260427_102446,SC01,AUTO,77.249,94.9418,0.0592,end,1,1700,MI-CHARGE,0.0,0.0,0.8,0.0,-0.698132,0.0,1,0,18.51,19.165,0.0,0.0,0.8,0.0,5.0,2.0,1.0,0.05,1,0.0,5.0,0.0
1496,2026-04-27T09:26:21.202Z,S20260427_102446,SC01,AUTO,77.3169,95.0097,0.0678,end,1,1700,MI-CHARGE,0.0,0.0,0.8,0.0,-0.698132,0.0,1,0,15.698,19.478,0.0,0.0,0.8,0.0,5.0,2.0,1.0,0.05,1,0.0,5.0,0.0
1497,2026-04-27T09:26:21.263Z,S20260427_102446,SC01,AUTO,77.3776,95.0704,0.0606,end,1,1700,MI-CHARGE,0.0,0.0,0.8,0.0,-0.698132,0.0,1,0,15.309,16.878,0.0,0.0,0.8,0.0,5.0,2.0,1.0,0.05,1,0.0,5.0,0.0
1498,2026-04-27T09:26:21.324Z,S20260427_102446,SC01,AUTO,77.4385,95.1313,0.0611,end,1,1700,MI-CHARGE,0.0,0.0,0.8,0.0,-0.698132,0.0,1,0,15.601,14.715,0.0,0.0,0.8,0.0,5.0,2.0,1.0,0.05,1,0.0,5.0,0.0
1499,2026-04-27T09:26:21.386Z,S20260427_102446,SC01,AUTO,77.5011,95.1939,0.0625,end,1,1700,MI-CHARGE,0.0,0.0,0.8,0.0,-0.698132,0.0,1,0,30.582,24.807,0.0,0.0,0.8,0.0,5.0,2.0,1.0,0.05,1,0.0,5.0,0.0
1500,2026-04-27T09:26:21.450Z,S20260427_102446,SC01,AUTO,77.5651,95.2579,0.064,end,1,1700,MI-CHARGE,0.0,0.0,0.8,0.0,-0.698132,0.0,1,0,19.968,19.118,0.0,0.0,0.8,0.0,5.0,2.0,1.0,0.05,1,0.0,5.0,0.0
1501,2026-04-27T09:26:21.513Z,S20260427_102446,SC01,AUTO,77.6279,95.3207,0.0628,end,1,1700,MI-CHARGE,0.0,0.0,0.8,0.0,-0.698132,0.0,1,0,19.032,20.342,0.0,0.0,0.8,0.0,5.0,2.0,1.0,0.05,1,0.0,5.0,0.0
1502,2026-04-27T09:26:21.575Z,S20260427_102446,SC01,AUTO,77.6902,95.383,0.0623,end,1,1700,MI-CHARGE,0.0,0.0,0.8,0.0,-0.698132,0.0,1,0,22.743,19.43,0.0,0.0,0.8,0.0,5.0,2.0,1.0,0.05,1,0.0,5.0,0.0
1503,2026-04-27T09:26:21.639Z,S20260427_102446,SC01,AUTO,77.7543,95.4471,0.0641,end,1,1700,MI-CHARGE,0.0,0.0,0.8,0.0,-0.698132,0.0,1,0,26.098,19.497,0.0,0.0,0.8,0.0,5.0,2.0,1.0,0.05,1,0.0,5.0,0.0
1504,2026-04-27T09:26:21.702Z,S20260427_102446,SC01,AUTO,77.8174,95.5102,0.0631,end,1,1700,MI-CHARGE,0.0,0.0,0.8,0.0,-0.698132,0.0,1,0,30.237,22.135,0.0,0.0,0.8,0.0,5.0,2.0,1.0,0.05,1,0.0,5.0,0.0
1505,2026-04-27T09:26:21.764Z,S20260427_102446,SC01,AUTO,77.8791,95.5719,0.0618,end,1,1700,MI-CHARGE,0.0,0.0,0.8,0.0,-0.698132,0.0,1,0,32.087,13.572,0.0,0.0,0.8,0.0,5.0,2.0,1.0,0.05,1,0.0,5.0,0.0
1506,2026-04-27T09:26:21.822Z,S20260427_102446,SC01,AUTO,77.9371,95.6299,0.058,end,1,1700,MI-CHARGE,0.0,0.0,0.8,0.0,-0.698132,0.0,1,0,35.602,19.008,0.0,0.0,0.8,0.0,5.0,2.0,1.0,0.05,1,0.0,5.0,0.0
1507,2026-04-27T09:26:21.886Z,S20260427_102446,SC01,AUTO,78.0011,95.6939,0.064,end,1,1700,MI-CHARGE,0.0,0.0,0.8,0.0,-0.698132,0.0,1,0,21.64,14.99,0.0,0.0,0.8,0.0,5.0,2.0,1.0,0.05,1,0.0,5.0,0.0
1508,2026-04-27T09:26:21.950Z,S20260427_102446,SC01,AUTO,78.0651,95.7579,0.064,end,1,1700,MI-CHARGE,0.0,0.0,0.8,0.0,-0.698132,0.0,1,0,37.359,17.791,0.0,0.0,0.8,0.0,5.0,2.0,1.0,0.05,1,0.0,5.0,0.0
1509,2026-04-27T09:26:22.011Z,S20260427_102446,SC01,AUTO,78.1261,95.8189,0.061,end,1,1700,MI-CHARGE,0.0,0.0,0.8,0.0,-0.698132,0.0,1,0,35.174,19.148,0.0,0.0,0.8,0.0,5.0,2.0,1.0,0.05,1,0.0,5.0,0.0
1510,2026-04-27T09:26:22.074Z,S20260427_102446,SC01,AUTO,78.1886,95.8814,0.0625,end,1,1700,MI-CHARGE,0.0,0.0,0.8,0.0,-0.698132,0.0,1,0,28.073,19.254,0.0,0.0,0.8,0.0,5.0,2.0,1.0,0.05,1,0.0,5.0,0.0
1511,2026-04-27T09:26:22.136Z,S20260427_102446,SC01,AUTO,78.2506,95.9434,0.062,end,1,1700,MI-CHARGE,0.0,0.0,0.8,0.0,-0.698132,0.0,1,0,26.73,18.614,0.0,0.0,0.8,0.0,5.0,2.0,1.0,0.05,1,0.0,5.0,0.0
1512,2026-04-27T09:26:22.207Z,S20260427_102446,SC01,AUTO,78.3219,96.0147,0.0712,end,1,1700,MI-CHARGE,0.0,0.0,0.8,0.0,-0.698132,0.0,1,0,16.126,17.85,0.0,0.0,0.8,0.0,5.0,2.0,1.0,0.05,1,0.0,5.0,0.0
1513,2026-04-27T09:26:22.260Z,S20260427_102446,SC01,AUTO,78.3748,96.0676,0.0529,end,1,1700,MI-CHARGE,0.0,0.0,0.8,0.0,-0.698132,0.0,1,0,27.957,22.553,0.0,0.0,0.8,0.0,5.0,2.0,1.0,0.05,1,0.0,5.0,0.0
1514,2026-04-27T09:26:22.323Z,S20260427_102446,SC01,AUTO,78.4375,96.1303,0.0626,end,1,1700,MI-CHARGE,0.0,0.0,0.8,0.0,-0.698132,0.0,1,0,21.936,16.905,0.0,0.0,0.8,0.0,5.0,2.0,1.0,0.05,1,0.0,5.0,0.0
1515,2026-04-27T09:26:22.384Z,S20260427_102446,SC01,AUTO,78.4993,96.1921,0.0619,end,1,1700,MI-CHARGE,0.0,0.0,0.8,0.0,-0.698132,0.0,1,0,32.126,13.538,0.0,0.0,0.8,0.0,5.0,2.0,1.0,0.05,1,0.0,5.0,0.0
1516,2026-04-27T09:26:22.447Z,S20260427_102446,SC01,AUTO,78.5619,96.2546,0.0625,end,1,1700,MI-CHARGE,0.0,0.0,0.8,0.0,-0.698132,0.0,1,0,28.301,19.119,0.0,0.0,0.8,0.0,5.0,2.0,1.0,0.05,1,0.0,5.0,0.0
1517,2026-04-27T09:26:22.510Z,S20260427_102446,SC01,AUTO,78.6252,96.318,0.0634,end,1,1700,MI-CHARGE,0.0,0.0,0.8,0.0,-0.698132,0.0,1,0,23.827,19.571,0.0,0.0,0.8,0.0,5.0,2.0,1.0,0.05,1,0.0,5.0,0.0
1518,2026-04-27T09:26:22.573Z,S20260427_102446,SC01,AUTO,78.688,96.3808,0.0627,end,1,1700,MI-CHARGE,0.0,0.0,0.8,0.0,-0.698132,0.0,1,0,21.111,19.014,0.0,0.0,0.8,0.0,5.0,2.0,1.0,0.05,1,0.0,5.0,0.0
1519,2026-04-27T09:26:22.635Z,S20260427_102446,SC01,AUTO,78.7504,96.4432,0.0624,end,1,1700,MI-CHARGE,0.0,0.0,0.8,0.0,-0.698132,0.0,1,0,20.305,19.611,0.0,0.0,0.8,0.0,5.0,2.0,1.0,0.05,1,0.0,5.0,0.0
1520,2026-04-27T09:26:22.697Z,S20260427_102446,SC01,AUTO,78.8122,96.505,0.0618,end,1,1700,MI-CHARGE,0.0,0.0,0.8,0.0,-0.698132,0.0,1,0,19.755,19.257,0.0,0.0,0.8,0.0,5.0,2.0,1.0,0.05,1,0.0,5.0,0.0
1521,2026-04-27T09:26:22.766Z,S20260427_102446,SC01,AUTO,78.8807,96.5735,0.0686,end,1,1700,MI-CHARGE,0.0,0.0,0.8,0.0,-0.698132,0.0,1,0,38.469,20.191,0.0,0.0,0.8,0.0,5.0,2.0,1.0,0.05,1,0.0,5.0,0.0
1522,2026-04-27T09:26:22.826Z,S20260427_102446,SC01,AUTO,78.9404,96.6332,0.0597,end,1,1700,MI-CHARGE,0.0,0.0,0.8,0.0,-0.698132,0.0,1,0,28.168,18.74,0.0,0.0,0.8,0.0,5.0,2.0,1.0,0.05,1,0.0,5.0,0.0
1523,2026-04-27T09:26:22.884Z,S20260427_102446,SC01,AUTO,78.9987,96.6915,0.0582,end,1,1700,MI-CHARGE,0.0,0.0,0.8,0.0,-0.698132,0.0,1,0,34.221,19.503,0.0,0.0,0.8,0.0,5.0,2.0,1.0,0.05,1,0.0,5.0,0.0
1524,2026-04-27T09:26:22.959Z,S20260427_102446,SC01,AUTO,79.0735,96.7663,0.0748,end,1,1700,MI-CHARGE,0.0,0.0,0.8,0.0,-0.698132,0.0,1,0,36.25,19.221,0.0,0.0,0.8,0.0,5.0,2.0,1.0,0.05,1,0.0,5.0,0.0
1525,2026-04-27T09:26:23.023Z,S20260427_102446,SC01,AUTO,79.1376,96.8304,0.0642,end,1,1700,MI-CHARGE,0.0,0.0,0.8,0.0,-0.698132,0.0,1,0,31.352,20.939,0.0,0.0,0.8,0.0,5.0,2.0,1.0,0.05,1,0.0,5.0,0.0
1526,2026-04-27T09:26:23.084Z,S20260427_102446,SC01,AUTO,79.1992,96.892,0.0615,end,1,1700,MI-CHARGE,0.0,0.0,0.8,0.0,-0.698132,0.0,1,0,32.856,12.994,0.0,0.0,0.8,0.0,5.0,2.0,1.0,0.05,1,0.0,5.0,0.0
1527,2026-04-27T09:26:23.135Z,S20260427_102446,SC01,AUTO,79.2496,96.9424,0.0504,end,1,1700,MI-CHARGE,0.0,0.0,0.8,0.0,-0.698132,0.0,1,0,28.945,19.994,0.0,0.0,0.8,0.0,5.0,2.0,1.0,0.05,1,0.0,5.0,0.0
1528,2026-04-27T09:26:23.200Z,S20260427_102446,SC01,AUTO,79.3144,97.0072,0.0649,end,1,1700,MI-CHARGE,0.0,0.0,0.8,0.0,-0.698132,0.0,1,0,21.73,20.749,0.0,0.0,0.8,0.0,5.0,2.0,1.0,0.05,1,0.0,5.0,0.0
1529,2026-04-27T09:26:23.262Z,S20260427_102446,SC01,AUTO,79.3772,97.07,0.0627,end,1,1700,MI-CHARGE,0.0,0.0,0.8,0.0,-0.698132,0.0,1,0,29.119,17.414,0.0,0.0,0.8,0.0,5.0,2.0,1.0,0.05,1,0.0,5.0,0.0
1530,2026-04-27T09:26:23.327Z,S20260427_102446,SC01,AUTO,79.4415,97.1343,0.0642,end,1,1700,MI-CHARGE,0.0,0.0,0.8,0.0,-0.698132,0.0,1,0,17.794,19.43,0.0,0.0,0.8,0.0,5.0,2.0,1.0,0.05,1,0.0,5.0,0.0
1531,2026-04-27T09:26:23.386Z,S20260427_102446,SC01,AUTO,79.5005,97.1933,0.059,end,1,1700,MI-CHARGE,0.0,0.0,0.8,0.0,-0.698132,0.0,1,0,31.082,21.938,0.0,0.0,0.8,0.0,5.0,2.0,1.0,0.05,1,0.0,5.0,0.0
1532,2026-04-27T09:26:23.454Z,S20260427_102446,SC01,AUTO,79.5691,97.2619,0.0686,end,1,1700,MI-CHARGE,0.0,0.0,0.8,0.0,-0.698132,0.0,1,0,23.67,20.066,0.0,0.0,0.8,0.0,5.0,2.0,1.0,0.05,1,0.0,5.0,0.0
1533,2026-04-27T09:26:23.517Z,S20260427_102446,SC01,AUTO,79.6321,97.3249,0.063,end,1,1700,MI-CHARGE,0.0,0.0,0.8,0.0,-0.698132,0.0,1,0,13.101,20.145,0.0,0.0,0.8,0.0,5.0,2.0,1.0,0.05,1,0.0,5.0,0.0
1534,2026-04-27T09:26:23.580Z,S20260427_102446,SC01,AUTO,79.6946,97.3874,0.0623,end,1,1700,MI-CHARGE,0.0,0.0,0.8,0.0,-0.698132,0.0,1,0,24.447,18.47,0.0,0.0,0.8,0.0,5.0,2.0,1.0,0.05,1,0.0,5.0,0.0
1535,2026-04-27T09:26:23.643Z,S20260427_102446,SC01,AUTO,79.758,97.4508,0.0636,end,1,1700,MI-CHARGE,0.0,0.0,0.8,0.0,-0.698132,0.0,1,0,28.695,16.478,0.0,0.0,0.8,0.0,5.0,2.0,1.0,0.05,1,0.0,5.0,0.0
1536,2026-04-27T09:26:23.706Z,S20260427_102446,SC01,AUTO,79.8204,97.5132,0.0625,end,1,1700,MI-CHARGE,0.0,0.0,0.8,0.0,-0.698132,0.0,1,0,18.614,18.927,0.0,0.0,0.8,0.0,5.0,2.0,1.0,0.05,1,0.0,5.0,0.0
1537,2026-04-27T09:26:23.766Z,S20260427_102446,SC01,AUTO,79.8812,97.574,0.0608,end,1,1700,MI-CHARGE,0.0,0.0,0.8,0.0,-0.698132,0.0,1,0,32.88,21.519,0.0,0.0,0.8,0.0,5.0,2.0,1.0,0.05,1,0.0,5.0,0.0
1538,2026-04-27T09:26:23.822Z,S20260427_102446,SC01,AUTO,79.9368,97.6296,0.0556,end,1,1700,MI-CHARGE,0.0,0.0,0.8,0.0,-0.698132,0.0,1,0,22.046,19.029,0.0,0.0,0.8,0.0,5.0,2.0,1.0,0.05,1,0.0,5.0,0.0
1539,2026-04-27T09:26:23.885Z,S20260427_102446,SC01,AUTO,80.0,97.6928,0.0632,end,1,1700,MI-CHARGE,0.0,0.0,0.8,0.0,-0.698132,0.0,1,0,29.299,15.088,0.0,0.0,0.8,0.0,5.0,2.0,1.0,0.05,1,0.0,5.0,0.0
1540,2026-04-27T09:26:23.950Z,S20260427_102446,SC01,AUTO,80.065,97.7578,0.065,end,1,1700,MI-CHARGE,0.0,0.0,0.8,0.0,-0.698132,0.0,1,0,16.538,19.202,0.0,0.0,0.8,0.0,5.0,2.0,1.0,0.05,1,0.0,5.0,0.0
1541,2026-04-27T09:26:24.014Z,S20260427_102446,SC01,AUTO,80.1288,97.8216,0.0637,end,1,1700,MI-CHARGE,0.0,0.0,0.8,0.0,-0.698132,0.0,1,0,26.807,19.361,0.0,0.0,0.8,0.0,5.0,2.0,1.0,0.05,1,0.0,5.0,0.0
1542,2026-04-27T09:26:24.077Z,S20260427_102446,SC01,AUTO,80.1925,97.8853,0.0635,end,1,1700,MI-CHARGE,0.0,0.0,0.8,0.0,-0.698132,0.0,1,0,50.903,32.534,0.0,0.0,0.8,0.0,5.0,2.0,1.0,0.05,1,0.0,5.0,0.0
1543,2026-04-27T09:26:24.139Z,S20260427_102446,SC01,AUTO,80.2537,97.9465,0.0614,end,1,1700,MI-CHARGE,0.0,0.0,0.8,0.0,-0.698132,0.0,1,0,25.78,20.771,0.0,0.0,0.8,0.0,5.0,2.0,1.0,0.05,1,0.0,5.0,0.0
1544,2026-04-27T09:26:24.205Z,S20260427_102446,SC01,AUTO,80.3199,98.0127,0.0662,end,1,1700,MI-CHARGE,0.0,0.0,0.8,0.0,-0.698132,0.0,1,0,34.818,21.487,0.0,0.0,0.8,0.0,5.0,2.0,1.0,0.05,1,0.0,5.0,0.0
1545,2026-04-27T09:26:24.264Z,S20260427_102446,SC01,AUTO,80.3792,98.072,0.0594,end,1,1700,MI-CHARGE,0.0,0.0,0.8,0.0,-0.698132,0.0,1,0,23.322,18.296,0.0,0.0,0.8,0.0,5.0,2.0,1.0,0.05,1,0.0,5.0,0.0
1546,2026-04-27T09:26:24.325Z,S20260427_102446,SC01,AUTO,80.4404,98.1332,0.0612,end,1,1700,MI-CHARGE,0.0,0.0,0.8,0.0,-0.698132,0.0,1,0,12.31,19.948,0.0,0.0,0.8,0.0,5.0,2.0,1.0,0.05,1,0.0,5.0,0.0
1547,2026-04-27T09:26:24.385Z,S20260427_102446,SC01,AUTO,80.5003,98.1931,0.0599,end,1,1700,MI-CHARGE,0.0,0.0,0.8,0.0,-0.698132,0.0,1,0,27.967,19.129,0.0,0.0,0.8,0.0,5.0,2.0,1.0,0.05,1,0.0,5.0,0.0
1548,2026-04-27T09:26:24.454Z,S20260427_102446,SC01,AUTO,80.5687,98.2615,0.0684,end,1,1700,MI-CHARGE,0.0,0.0,0.8,0.0,-0.698132,0.0,1,0,32.961,19.987,0.0,0.0,0.8,0.0,5.0,2.0,1.0,0.05,1,0.0,5.0,0.0
1549,2026-04-27T09:26:24.510Z,S20260427_102446,SC01,AUTO,80.6254,98.3182,0.0567,end,1,1700,MI-CHARGE,0.0,0.0,0.8,0.0,-0.698132,0.0,1,0,16.477,19.849,0.0,0.0,0.8,0.0,5.0,2.0,1.0,0.05,1,0.0,5.0,0.0
1550,2026-04-27T09:26:24.574Z,S20260427_102446,SC01,AUTO,80.6889,98.3817,0.0635,end,1,1700,MI-CHARGE,0.0,0.0,0.8,0.0,-0.698132,0.0,1,0,26.546,19.169,0.0,0.0,0.8,0.0,5.0,2.0,1.0,0.05,1,0.0,5.0,0.0
1551,2026-04-27T09:26:24.638Z,S20260427_102446,SC01,AUTO,80.7531,98.4459,0.0642,end,1,1700,MI-CHARGE,0.0,0.0,0.8,0.0,-0.698132,0.0,1,0,20.612,20.342,0.0,0.0,0.8,0.0,5.0,2.0,1.0,0.05,1,0.0,5.0,0.0
1552,2026-04-27T09:26:24.703Z,S20260427_102446,SC01,AUTO,80.8177,98.5105,0.0646,end,1,1700,MI-CHARGE,0.0,0.0,0.8,0.0,-0.698132,0.0,1,0,26.879,21.698,0.0,0.0,0.8,0.0,5.0,2.0,1.0,0.05,1,0.0,5.0,0.0
1553,2026-04-27T09:26:24.766Z,S20260427_102446,SC01,AUTO,80.8809,98.5737,0.0631,end,1,1700,MI-CHARGE,0.0,0.0,0.8,0.0,-0.698132,0.0,1,0,32.869,24.643,0.0,0.0,0.8,0.0,5.0,2.0,1.0,0.05,1,0.0,5.0,0.0
1554,2026-04-27T09:26:24.826Z,S20260427_102446,SC01,AUTO,80.9408,98.6336,0.0599,end,1,1700,MI-CHARGE,0.0,0.0,0.8,0.0,-0.698132,0.0,1,0,32.348,16.804,0.0,0.0,0.8,0.0,5.0,2.0,1.0,0.05,1,0.0,5.0,0.0
1555,2026-04-27T09:26:24.887Z,S20260427_102446,SC01,AUTO,81.0017,98.6945,0.0608,end,1,1700,MI-CHARGE,0.0,0.0,0.8,0.0,-0.698132,0.0,1,0,27.973,19.36,0.0,0.0,0.8,0.0,5.0,2.0,1.0,0.05,1,0.0,5.0,0.0
1556,2026-04-27T09:26:24.954Z,S20260427_102446,SC01,AUTO,81.0691,98.7619,0.0675,end,1,1700,MI-CHARGE,0.0,0.0,0.8,0.0,-0.698132,0.0,1,0,18.428,18.692,0.0,0.0,0.8,0.0,5.0,2.0,1.0,0.05,1,0.0,5.0,0.0
1557,2026-04-27T09:26:25.017Z,S20260427_102446,SC01,AUTO,81.1316,98.8244,0.0626,end,1,1700,MI-CHARGE,0.0,0.0,0.8,0.0,-0.698132,0.0,1,0,26.04,19.425,0.0,0.0,0.8,0.0,5.0,2.0,1.0,0.05,1,0.0,5.0,0.0
1558,2026-04-27T09:26:25.078Z,S20260427_102446,SC01,AUTO,81.1925,98.8853,0.0608,end,1,1700,MI-CHARGE,0.0,0.0,0.8,0.0,-0.698132,0.0,1,0,18.278,19.117,0.0,0.0,0.8,0.0,5.0,2.0,1.0,0.05,1,0.0,5.0,0.0
1559,2026-04-27T09:26:25.134Z,S20260427_102446,SC01,AUTO,81.2489,98.9417,0.0563,end,1,1700,MI-CHARGE,0.0,0.0,0.8,0.0,-0.698132,0.0,1,0,36.272,19.172,0.0,0.0,0.8,0.0,5.0,2.0,1.0,0.05,1,0.0,5.0,0.0
1560,2026-04-27T09:26:25.215Z,S20260427_102446,SC01,AUTO,81.3299,99.0227,0.0811,end,1,1700,MI-CHARGE,0.0,0.0,0.8,0.0,-0.698132,0.0,1,0,23.319,18.451,0.0,0.0,0.8,0.0,5.0,2.0,1.0,0.05,1,0.0,5.0,0.0
1561,2026-04-27T09:26:25.261Z,S20260427_102446,SC01,AUTO,81.376,99.0688,0.0461,end,1,1700,MI-CHARGE,0.0,0.0,0.8,0.0,-0.698132,0.0,1,0,27.169,30.731,0.0,0.0,0.8,0.0,5.0,2.0,1.0,0.05,1,0.0,5.0,0.0
1562,2026-04-27T09:26:25.325Z,S20260427_102446,SC01,AUTO,81.4404,99.1332,0.0643,end,1,1700,MI-CHARGE,0.0,0.0,0.8,0.0,-0.698132,0.0,1,0,32.657,14.724,0.0,0.0,0.8,0.0,5.0,2.0,1.0,0.05,1,0.0,5.0,0.0
1563,2026-04-27T09:26:25.385Z,S20260427_102446,SC01,AUTO,81.5003,99.1931,0.0599,end,1,1700,MI-CHARGE,0.0,0.0,0.8,0.0,-0.698132,0.0,1,0,39.617,11.924,0.0,0.0,0.8,0.0,5.0,2.0,1.0,0.05,1,0.0,5.0,0.0
1564,2026-04-27T09:26:25.453Z,S20260427_102446,SC01,AUTO,81.5678,99.2606,0.0675,end,1,1700,MI-CHARGE,0.0,0.0,0.8,0.0,-0.698132,0.0,1,0,46.998,31.777,0.0,0.0,0.8,0.0,5.0,2.0,1.0,0.05,1,0.0,5.0,0.0
1565,2026-04-27T09:26:25.509Z,S20260427_102446,SC01,AUTO,81.624,99.3168,0.0562,end,1,1700,MI-CHARGE,0.0,0.0,0.8,0.0,-0.698132,0.0,1,0,24.784,19.424,0.0,0.0,0.8,0.0,5.0,2.0,1.0,0.05,1,0.0,5.0,0.0
1566,2026-04-27T09:26:25.573Z,S20260427_102446,SC01,AUTO,81.6881,99.3809,0.0641,end,1,1700,MI-CHARGE,0.0,0.0,0.8,0.0,-0.698132,0.0,1,0,17.336,20.401,0.0,0.0,0.8,0.0,5.0,2.0,1.0,0.05,1,0.0,5.0,0.0
1567,2026-04-27T09:26:25.637Z,S20260427_102446,SC01,AUTO,81.7522,99.445,0.0641,end,1,1700,MI-CHARGE,0.0,0.0,0.8,0.0,-0.698132,0.0,1,0,29.457,20.001,0.0,0.0,0.8,0.0,5.0,2.0,1.0,0.05,1,0.0,5.0,0.0
1568,2026-04-27T09:26:25.701Z,S20260427_102446,SC01,AUTO,81.8161,99.5089,0.0637,end,1,1700,MI-CHARGE,0.0,0.0,0.8,0.0,-0.698132,0.0,1,0,25.165,19.445,0.0,0.0,0.8,0.0,5.0,2.0,1.0,0.05,1,0.0,5.0,0.0
1569,2026-04-27T09:26:25.765Z,S20260427_102446,SC01,AUTO,81.8797,99.5725,0.0636,end,1,1700,MI-CHARGE,0.0,0.0,0.8,0.0,-0.698132,0.0,1,0,31.66,24.804,0.0,0.0,0.8,0.0,5.0,2.0,1.0,0.05,1,0.0,5.0,0.0
1570,2026-04-27T09:26:25.822Z,S20260427_102446,SC01,AUTO,81.9372,99.63,0.0576,end,1,1700,MI-CHARGE,0.0,0.0,0.8,0.0,-0.698132,0.0,1,0,27.32,18.682,0.0,0.0,0.8,0.0,5.0,2.0,1.0,0.05,1,0.0,5.0,0.0
1571,2026-04-27T09:26:25.886Z,S20260427_102446,SC01,AUTO,82.0005,99.6933,0.0633,end,1,1700,MI-CHARGE,0.0,0.0,0.8,0.0,-0.698132,0.0,1,0,16.626,20.091,0.0,0.0,0.8,0.0,5.0,2.0,1.0,0.05,1,0.0,5.0,0.0
1572,2026-04-27T09:26:25.973Z,S20260427_102446,SC01,AUTO,82.0881,99.7809,0.0876,end,1,1700,MI-CHARGE,0.0,0.0,0.8,0.0,-0.698132,0.0,1,0,73.886,0.388,0.0,0.0,0.8,0.0,5.0,2.0,1.0,0.05,1,0.0,5.0,0.0
