row_id,wall_time_utc,session_id,scenario_id,execution_mode,scenario_time_s,program_time_s,sample_dt_s,phase,scenario_started,vehicle_mass_kg,mass_label,steer_cmd_deg,throttle_cmd,brake_cmd,speed_mps,yaw_rad,yaw_rate_rps,mode_id,fault_flag,rtt_ms,jitter_ms,steer_ref_deg,throttle_ref,brake_ref,speed_ref_mps,tol_steer_deg,tol_throttle,tol_brake,tol_speed_mps,e_speed_actual,e_steer_actual,speed_in_tol
1,2026-04-22T14:27:51.612Z,S20260422_152751,SC01,AUTO,,0.4716,0.4673,start,0,1500,VIDE,0.0,0.0,0.0,0.0,0.0,0.0,0,0,0.0,0.0,0.0,0.0,0.0,0.0,2.0,1.0,0.05,0.8,0.0,0.0,1
2,2026-04-22T14:27:51.653Z,S20260422_152751,SC01,AUTO,,0.512,0.0404,start,0,1500,VIDE,0.0,0.0,0.0,0.0,0.0,0.0,0,0,0.0,0.0,0.0,0.0,0.0,0.0,2.0,1.0,0.05,0.8,0.0,0.0,1
3,2026-04-22T14:27:51.713Z,S20260422_152751,SC01,AUTO,,0.5719,0.06,start,0,1500,VIDE,0.0,0.0,0.0,0.0,0.0,0.0,0,0,0.0,0.0,0.0,0.0,0.0,0.0,2.0,1.0,0.05,0.8,0.0,0.0,1
4,2026-04-22T14:27:51.772Z,S20260422_152751,SC01,AUTO,,0.631,0.0591,start,0,1500,VIDE,0.0,0.0,0.0,0.0,0.0,0.0,0,0,0.0,0.0,0.0,0.0,0.0,0.0,2.0,1.0,0.05,0.8,0.0,0.0,1
5,2026-04-22T14:27:51.832Z,S20260422_152751,SC01,AUTO,,0.6916,0.0606,start,0,1500,VIDE,0.0,0.0,0.0,0.0,0.0,0.0,0,0,0.0,0.0,0.0,0.0,0.0,0.0,2.0,1.0,0.05,0.8,0.0,0.0,1
6,2026-04-22T14:27:51.902Z,S20260422_152751,SC01,AUTO,,0.7616,0.07,start,0,1500,VIDE,0.0,0.0,0.0,0.0,0.0,0.0,0,0,0.0,0.0,0.0,0.0,0.0,0.0,2.0,1.0,0.05,0.8,0.0,0.0,1
7,2026-04-22T14:27:51.963Z,S20260422_152751,SC01,AUTO,,0.8222,0.0606,start,0,1500,VIDE,0.0,0.0,0.0,0.0,0.0,0.0,0,0,0.0,0.0,0.0,0.0,0.0,0.0,2.0,1.0,0.05,0.8,0.0,0.0,1
8,2026-04-22T14:27:52.021Z,S20260422_152751,SC01,AUTO,,0.8807,0.0584,start,0,1500,VIDE,0.0,0.0,0.0,0.0,0.0,0.0,0,0,0.0,0.0,0.0,0.0,0.0,0.0,2.0,1.0,0.05,0.8,0.0,0.0,1
9,2026-04-22T14:27:52.089Z,S20260422_152751,SC01,AUTO,,0.9478,0.0671,start,0,1500,VIDE,0.0,0.0,0.0,0.0,0.0,0.0,0,0,0.0,0.0,0.0,0.0,0.0,0.0,2.0,1.0,0.05,0.8,0.0,0.0,1
10,2026-04-22T14:27:52.145Z,S20260422_152751,SC01,AUTO,,1.0046,0.0569,start,0,1500,VIDE,0.0,0.0,0.0,0.0,0.0,0.0,0,0,0.0,0.0,0.0,0.0,0.0,0.0,2.0,1.0,0.05,0.8,0.0,0.0,1
11,2026-04-22T14:27:52.213Z,S20260422_152751,SC01,AUTO,,1.0719,0.0672,start,0,1500,VIDE,0.0,0.0,0.0,0.0,0.0,0.0,0,0,0.0,0.0,0.0,0.0,0.0,0.0,2.0,1.0,0.05,0.8,0.0,0.0,1
12,2026-04-22T14:27:52.273Z,S20260422_152751,SC01,AUTO,,1.1319,0.06,start,0,1500,VIDE,0.0,0.0,0.0,0.0,0.0,0.0,0,0,0.0,0.0,0.0,0.0,0.0,0.0,2.0,1.0,0.05,0.8,0.0,0.0,1
13,2026-04-22T14:27:52.333Z,S20260422_152751,SC01,AUTO,,1.1918,0.0599,start,0,1500,VIDE,0.0,0.0,0.0,0.0,0.0,0.0,0,0,0.0,0.0,0.0,0.0,0.0,0.0,2.0,1.0,0.05,0.8,0.0,0.0,1
14,2026-04-22T14:27:52.400Z,S20260422_152751,SC01,AUTO,,1.2596,0.0678,start,0,1500,VIDE,0.0,0.0,0.0,0.0,0.0,0.0,0,0,0.0,0.0,0.0,0.0,0.0,0.0,2.0,1.0,0.05,0.8,0.0,0.0,1
15,2026-04-22T14:27:52.463Z,S20260422_152751,SC01,AUTO,,1.3226,0.063,start,0,1500,VIDE,0.0,0.0,0.0,0.0,0.0,0.0,0,0,0.0,0.0,0.0,0.0,0.0,0.0,2.0,1.0,0.05,0.8,0.0,0.0,1
16,2026-04-22T14:27:52.520Z,S20260422_152751,SC01,AUTO,,1.379,0.0564,start,0,1500,VIDE,0.0,0.0,0.0,0.0,0.0,0.0,0,0,0.0,0.0,0.0,0.0,0.0,0.0,2.0,1.0,0.05,0.8,0.0,0.0,1
17,2026-04-22T14:27:52.589Z,S20260422_152751,SC01,AUTO,,1.448,0.0689,start,0,1500,VIDE,0.0,0.0,0.0,0.0,0.0,0.0,0,0,0.0,0.0,0.0,0.0,0.0,0.0,2.0,1.0,0.05,0.8,0.0,0.0,1
18,2026-04-22T14:27:52.651Z,S20260422_152751,SC01,AUTO,,1.5101,0.0621,start,0,1500,VIDE,0.0,0.0,0.0,0.0,0.0,0.0,0,0,0.0,0.0,0.0,0.0,0.0,0.0,2.0,1.0,0.05,0.8,0.0,0.0,1
19,2026-04-22T14:27:52.707Z,S20260422_152751,SC01,AUTO,,1.5663,0.0562,start,0,1500,VIDE,0.0,0.0,0.0,0.0,0.0,0.0,0,0,0.0,0.0,0.0,0.0,0.0,0.0,2.0,1.0,0.05,0.8,0.0,0.0,1
20,2026-04-22T14:27:52.772Z,S20260422_152751,SC01,AUTO,,1.6313,0.065,start,0,1500,VIDE,0.0,0.0,0.0,0.0,0.0,0.0,0,0,0.0,0.0,0.0,0.0,0.0,0.0,2.0,1.0,0.05,0.8,0.0,0.0,1
21,2026-04-22T14:27:52.832Z,S20260422_152751,SC01,AUTO,,1.6913,0.06,start,0,1500,VIDE,0.0,0.0,0.0,0.0,0.0,0.0,0,0,0.0,0.0,0.0,0.0,0.0,0.0,2.0,1.0,0.05,0.8,0.0,0.0,1
22,2026-04-22T14:27:52.900Z,S20260422_152751,SC01,AUTO,,1.7594,0.0681,start,0,1500,VIDE,0.0,0.0,0.0,0.0,0.0,0.0,0,0,0.0,0.0,0.0,0.0,0.0,0.0,2.0,1.0,0.05,0.8,0.0,0.0,1
23,2026-04-22T14:27:52.963Z,S20260422_152751,SC01,AUTO,,1.8221,0.0627,start,0,1500,VIDE,0.0,0.0,0.0,0.0,0.0,0.0,0,0,0.0,0.0,0.0,0.0,0.0,0.0,2.0,1.0,0.05,0.8,0.0,0.0,1
24,2026-04-22T14:27:53.025Z,S20260422_152751,SC01,AUTO,,1.8841,0.062,start,0,1500,VIDE,0.0,0.0,0.0,0.0,0.0,0.0,0,0,0.0,0.0,0.0,0.0,0.0,0.0,2.0,1.0,0.05,0.8,0.0,0.0,1
25,2026-04-22T14:27:53.087Z,S20260422_152751,SC01,AUTO,,1.9459,0.0618,start,0,1500,VIDE,0.0,0.0,0.0,0.0,0.0,0.0,0,0,0.0,0.0,0.0,0.0,0.0,0.0,2.0,1.0,0.05,0.8,0.0,0.0,1
26,2026-04-22T14:27:53.150Z,S20260422_152751,SC01,AUTO,,2.0088,0.0629,start,0,1500,VIDE,0.0,0.0,0.0,0.0,0.0,0.0,0,0,0.0,0.0,0.0,0.0,0.0,0.0,2.0,1.0,0.05,0.8,0.0,0.0,1
27,2026-04-22T14:27:53.211Z,S20260422_152751,SC01,AUTO,,2.0702,0.0614,start,0,1500,VIDE,0.0,0.0,0.0,0.0,0.0,0.0,0,0,0.0,0.0,0.0,0.0,0.0,0.0,2.0,1.0,0.05,0.8,0.0,0.0,1
28,2026-04-22T14:27:53.273Z,S20260422_152751,SC01,AUTO,,2.1324,0.0622,start,0,1500,VIDE,0.0,0.0,0.0,0.0,0.0,0.0,0,0,0.0,0.0,0.0,0.0,0.0,0.0,2.0,1.0,0.05,0.8,0.0,0.0,1
29,2026-04-22T14:27:53.332Z,S20260422_152751,SC01,AUTO,,2.1916,0.0592,start,0,1500,VIDE,0.0,0.0,0.0,0.0,0.0,0.0,0,0,0.0,0.0,0.0,0.0,0.0,0.0,2.0,1.0,0.05,0.8,0.0,0.0,1
30,2026-04-22T14:27:53.398Z,S20260422_152751,SC01,AUTO,,2.2576,0.066,start,0,1500,VIDE,0.0,0.0,0.0,0.0,0.0,0.0,0,0,0.0,0.0,0.0,0.0,0.0,0.0,2.0,1.0,0.05,0.8,0.0,0.0,1
31,2026-04-22T14:27:53.459Z,S20260422_152751,SC01,AUTO,,2.3182,0.0607,start,0,1500,VIDE,0.0,0.0,0.0,0.0,0.0,0.0,0,0,0.0,0.0,0.0,0.0,0.0,0.0,2.0,1.0,0.05,0.8,0.0,0.0,1
32,2026-04-22T14:27:53.522Z,S20260422_152751,SC01,AUTO,,2.381,0.0628,start,0,1500,VIDE,0.0,0.0,0.0,0.0,0.0,0.0,0,0,0.0,0.0,0.0,0.0,0.0,0.0,2.0,1.0,0.05,0.8,0.0,0.0,1
33,2026-04-22T14:27:53.582Z,S20260422_152751,SC01,AUTO,,2.4416,0.0606,start,0,1500,VIDE,0.0,0.0,0.0,0.0,0.0,0.0,0,0,0.0,0.0,0.0,0.0,0.0,0.0,2.0,1.0,0.05,0.8,0.0,0.0,1
34,2026-04-22T14:27:53.645Z,S20260422_152751,SC01,AUTO,,2.5039,0.0624,start,0,1500,VIDE,0.0,0.0,0.0,0.0,0.0,0.0,0,0,0.0,0.0,0.0,0.0,0.0,0.0,2.0,1.0,0.05,0.8,0.0,0.0,1
35,2026-04-22T14:27:53.709Z,S20260422_152751,SC01,AUTO,,2.5681,0.0642,start,0,1500,VIDE,0.0,0.0,0.0,0.0,0.0,0.0,0,0,0.0,0.0,0.0,0.0,0.0,0.0,2.0,1.0,0.05,0.8,0.0,0.0,1
36,2026-04-22T14:27:53.773Z,S20260422_152751,SC01,AUTO,,2.632,0.0638,start,0,1500,VIDE,0.0,0.0,0.0,0.0,0.0,0.0,0,0,0.0,0.0,0.0,0.0,0.0,0.0,2.0,1.0,0.05,0.8,0.0,0.0,1
37,2026-04-22T14:27:53.832Z,S20260422_152751,SC01,AUTO,,2.6909,0.059,start,0,1500,VIDE,0.0,0.0,0.0,0.0,0.0,0.0,0,0,0.0,0.0,0.0,0.0,0.0,0.0,2.0,1.0,0.05,0.8,0.0,0.0,1
38,2026-04-22T14:27:53.909Z,S20260422_152751,SC01,AUTO,,2.7683,0.0773,start,0,1500,VIDE,0.0,0.0,0.0,0.0,0.0,0.0,0,0,0.0,0.0,0.0,0.0,0.0,0.0,2.0,1.0,0.05,0.8,0.0,0.0,1
39,2026-04-22T14:27:53.971Z,S20260422_152751,SC01,AUTO,,2.83,0.0617,start,0,1500,VIDE,0.0,0.0,0.0,0.0,0.0,0.0,0,0,0.0,0.0,0.0,0.0,0.0,0.0,2.0,1.0,0.05,0.8,0.0,0.0,1
40,2026-04-22T14:27:54.032Z,S20260422_152751,SC01,AUTO,,2.8909,0.0609,start,0,1500,VIDE,0.0,0.0,0.0,0.0,0.0,0.0,0,0,0.0,0.0,0.0,0.0,0.0,0.0,2.0,1.0,0.05,0.8,0.0,0.0,1
41,2026-04-22T14:27:54.093Z,S20260422_152751,SC01,AUTO,,2.952,0.0611,start,0,1500,VIDE,0.0,0.0,0.0,0.0,0.0,0.0,0,0,0.0,0.0,0.0,0.0,0.0,0.0,2.0,1.0,0.05,0.8,0.0,0.0,1
42,2026-04-22T14:27:54.151Z,S20260422_152751,SC01,AUTO,,3.0101,0.0581,start,0,1500,VIDE,0.0,0.0,0.0,0.0,0.0,0.0,0,0,0.0,0.0,0.0,0.0,0.0,0.0,2.0,1.0,0.05,0.8,0.0,0.0,1
43,2026-04-22T14:27:54.213Z,S20260422_152751,SC01,AUTO,,3.0721,0.062,start,0,1500,VIDE,0.0,0.0,0.0,0.0,0.0,0.0,0,0,0.0,0.0,0.0,0.0,0.0,0.0,2.0,1.0,0.05,0.8,0.0,0.0,1
44,2026-04-22T14:27:54.273Z,S20260422_152751,SC01,AUTO,,3.1318,0.0597,start,0,1500,VIDE,0.0,0.0,0.0,0.0,0.0,0.0,0,0,0.0,0.0,0.0,0.0,0.0,0.0,2.0,1.0,0.05,0.8,0.0,0.0,1
45,2026-04-22T14:27:54.332Z,S20260422_152751,SC01,AUTO,,3.1914,0.0596,start,0,1500,VIDE,0.0,0.0,0.0,0.0,0.0,0.0,0,0,0.0,0.0,0.0,0.0,0.0,0.0,2.0,1.0,0.05,0.8,0.0,0.0,1
46,2026-04-22T14:27:54.398Z,S20260422_152751,SC01,AUTO,,3.2575,0.0661,start,0,1500,VIDE,0.0,0.0,0.0,0.0,0.0,0.0,0,0,0.0,0.0,0.0,0.0,0.0,0.0,2.0,1.0,0.05,0.8,0.0,0.0,1
47,2026-04-22T14:27:54.462Z,S20260422_152751,SC01,AUTO,,3.3215,0.064,start,0,1500,VIDE,0.0,0.0,0.0,0.0,0.0,0.0,0,0,0.0,0.0,0.0,0.0,0.0,0.0,2.0,1.0,0.05,0.8,0.0,0.0,1
48,2026-04-22T14:27:54.527Z,S20260422_152751,SC01,AUTO,,3.3861,0.0646,start,0,1500,VIDE,0.0,0.0,0.0,0.0,0.0,0.0,0,0,0.0,0.0,0.0,0.0,0.0,0.0,2.0,1.0,0.05,0.8,0.0,0.0,1
49,2026-04-22T14:27:54.583Z,S20260422_152751,SC01,AUTO,,3.4418,0.0556,start,0,1500,VIDE,0.0,0.0,0.0,0.0,0.0,0.0,0,0,0.0,0.0,0.0,0.0,0.0,0.0,2.0,1.0,0.05,0.8,0.0,0.0,1
50,2026-04-22T14:27:54.647Z,S20260422_152751,SC01,AUTO,,3.506,0.0642,start,0,1500,VIDE,0.0,0.0,0.0,0.0,0.0,0.0,0,0,0.0,0.0,0.0,0.0,0.0,0.0,2.0,1.0,0.05,0.8,0.0,0.0,1
51,2026-04-22T14:27:54.711Z,S20260422_152751,SC01,AUTO,,3.5699,0.0639,start,0,1500,VIDE,0.0,0.0,0.0,0.0,0.0,0.0,0,0,0.0,0.0,0.0,0.0,0.0,0.0,2.0,1.0,0.05,0.8,0.0,0.0,1
52,2026-04-22T14:27:54.770Z,S20260422_152751,SC01,AUTO,,3.6288,0.0589,start,0,1500,VIDE,0.0,0.0,0.0,0.0,0.0,0.0,0,0,0.0,0.0,0.0,0.0,0.0,0.0,2.0,1.0,0.05,0.8,0.0,0.0,1
53,2026-04-22T14:27:54.832Z,S20260422_152751,SC01,AUTO,,3.6915,0.0627,start,0,1500,VIDE,0.0,0.0,0.0,0.0,0.0,0.0,0,0,0.0,0.0,0.0,0.0,0.0,0.0,2.0,1.0,0.05,0.8,0.0,0.0,1
54,2026-04-22T14:27:54.903Z,S20260422_152751,SC01,AUTO,,3.7624,0.0709,start,0,1500,VIDE,0.0,0.0,0.0,0.0,0.0,0.0,0,0,0.0,0.0,0.0,0.0,0.0,0.0,2.0,1.0,0.05,0.8,0.0,0.0,1
55,2026-04-22T14:27:54.965Z,S20260422_152751,SC01,AUTO,,3.8247,0.0623,start,0,1500,VIDE,0.0,0.0,0.0,0.0,0.0,0.0,0,0,0.0,0.0,0.0,0.0,0.0,0.0,2.0,1.0,0.05,0.8,0.0,0.0,1
56,2026-04-22T14:27:55.028Z,S20260422_152751,SC01,AUTO,,3.8875,0.0628,start,0,1500,VIDE,0.0,0.0,0.0,0.0,0.0,0.0,0,0,0.0,0.0,0.0,0.0,0.0,0.0,2.0,1.0,0.05,0.8,0.0,0.0,1
57,2026-04-22T14:27:55.087Z,S20260422_152751,SC01,AUTO,,3.946,0.0585,start,0,1500,VIDE,0.0,0.0,0.0,0.0,0.0,0.0,0,0,0.0,0.0,0.0,0.0,0.0,0.0,2.0,1.0,0.05,0.8,0.0,0.0,1
58,2026-04-22T14:27:55.151Z,S20260422_152751,SC01,AUTO,,4.0105,0.0645,start,0,1500,VIDE,0.0,0.0,0.0,0.0,0.0,0.0,0,0,0.0,0.0,0.0,0.0,0.0,0.0,2.0,1.0,0.05,0.8,0.0,0.0,1
59,2026-04-22T14:27:55.207Z,S20260422_152751,SC01,AUTO,,4.0658,0.0553,start,0,1500,VIDE,0.0,0.0,0.0,0.0,0.0,0.0,0,0,0.0,0.0,0.0,0.0,0.0,0.0,2.0,1.0,0.05,0.8,0.0,0.0,1
60,2026-04-22T14:27:55.270Z,S20260422_152751,SC01,AUTO,,4.1297,0.0638,start,0,1500,VIDE,0.0,0.0,0.0,0.0,0.0,0.0,0,0,0.0,0.0,0.0,0.0,0.0,0.0,2.0,1.0,0.05,0.8,0.0,0.0,1
61,2026-04-22T14:27:55.332Z,S20260422_152751,SC01,AUTO,,4.1911,0.0614,start,0,1500,VIDE,0.0,0.0,0.0,0.0,0.0,0.0,0,0,0.0,0.0,0.0,0.0,0.0,0.0,2.0,1.0,0.05,0.8,0.0,0.0,1
62,2026-04-22T14:27:55.399Z,S20260422_152751,SC01,AUTO,,4.258,0.0669,start,0,1500,VIDE,0.0,0.0,0.0,0.0,0.0,0.0,0,0,0.0,0.0,0.0,0.0,0.0,0.0,2.0,1.0,0.05,0.8,0.0,0.0,1
63,2026-04-22T14:27:55.463Z,S20260422_152751,SC01,AUTO,,4.3217,0.0638,start,0,1500,VIDE,0.0,0.0,0.0,0.0,0.0,0.0,0,0,0.0,0.0,0.0,0.0,0.0,0.0,2.0,1.0,0.05,0.8,0.0,0.0,1
64,2026-04-22T14:27:55.525Z,S20260422_152751,SC01,AUTO,,4.3843,0.0625,start,0,1500,VIDE,0.0,0.0,0.0,0.0,0.0,0.0,0,0,0.0,0.0,0.0,0.0,0.0,0.0,2.0,1.0,0.05,0.8,0.0,0.0,1
65,2026-04-22T14:27:55.587Z,S20260422_152751,SC01,AUTO,,4.4462,0.062,start,0,1500,VIDE,0.0,0.0,0.0,0.0,0.0,0.0,0,0,0.0,0.0,0.0,0.0,0.0,0.0,2.0,1.0,0.05,0.8,0.0,0.0,1
66,2026-04-22T14:27:55.649Z,S20260422_152751,SC01,AUTO,,4.5081,0.0619,start,0,1500,VIDE,0.0,0.0,0.0,0.0,0.0,0.0,0,0,0.0,0.0,0.0,0.0,0.0,0.0,2.0,1.0,0.05,0.8,0.0,0.0,1
67,2026-04-22T14:27:55.711Z,S20260422_152751,SC01,AUTO,,4.5702,0.0621,start,0,1500,VIDE,0.0,0.0,0.0,0.0,0.0,0.0,0,0,0.0,0.0,0.0,0.0,0.0,0.0,2.0,1.0,0.05,0.8,0.0,0.0,1
68,2026-04-22T14:27:55.773Z,S20260422_152751,SC01,AUTO,,4.6321,0.0619,start,0,1500,VIDE,0.0,0.0,0.0,0.0,0.0,0.0,0,0,0.0,0.0,0.0,0.0,0.0,0.0,2.0,1.0,0.05,0.8,0.0,0.0,1
69,2026-04-22T14:27:55.832Z,S20260422_152751,SC01,AUTO,,4.6916,0.0595,start,0,1500,VIDE,0.0,0.0,0.0,0.0,0.0,0.0,0,0,0.0,0.0,0.0,0.0,0.0,0.0,2.0,1.0,0.05,0.8,0.0,0.0,1
70,2026-04-22T14:27:55.894Z,S20260422_152751,SC01,AUTO,,4.7537,0.0621,start,0,1500,VIDE,0.0,0.0,0.0,0.0,0.0,0.0,0,0,0.0,0.0,0.0,0.0,0.0,0.0,2.0,1.0,0.05,0.8,0.0,0.0,1
71,2026-04-22T14:27:55.959Z,S20260422_152751,SC01,AUTO,,4.8177,0.064,start,0,1500,VIDE,0.0,0.0,0.0,0.0,0.0,0.0,0,0,0.0,0.0,0.0,0.0,0.0,0.0,2.0,1.0,0.05,0.8,0.0,0.0,1
72,2026-04-22T14:27:56.021Z,S20260422_152751,SC01,AUTO,,4.8805,0.0628,start,0,1500,VIDE,0.0,0.0,0.0,0.0,0.0,0.0,0,0,0.0,0.0,0.0,0.0,0.0,0.0,2.0,1.0,0.05,0.8,0.0,0.0,1
73,2026-04-22T14:27:56.083Z,S20260422_152751,SC01,AUTO,,4.9423,0.0617,start,0,1500,VIDE,0.0,0.0,0.0,0.0,0.0,0.0,0,0,0.0,0.0,0.0,0.0,0.0,0.0,2.0,1.0,0.05,0.8,0.0,0.0,1
74,2026-04-22T14:27:56.147Z,S20260422_152751,SC01,AUTO,,5.0057,0.0635,start,0,1500,VIDE,0.0,0.0,0.0,0.0,0.0,0.0,0,0,0.0,0.0,0.0,0.0,0.0,0.0,2.0,1.0,0.05,0.8,0.0,0.0,1
75,2026-04-22T14:27:56.210Z,S20260422_152751,SC01,AUTO,,5.0691,0.0633,start,0,1500,VIDE,0.0,0.0,0.0,0.0,0.0,0.0,0,0,0.0,0.0,0.0,0.0,0.0,0.0,2.0,1.0,0.05,0.8,0.0,0.0,1
76,2026-04-22T14:27:56.271Z,S20260422_152751,SC01,AUTO,,5.1299,0.0608,start,0,1500,VIDE,0.0,0.0,0.0,0.0,0.0,0.0,0,0,0.0,0.0,0.0,0.0,0.0,0.0,2.0,1.0,0.05,0.8,0.0,0.0,1
77,2026-04-22T14:27:56.332Z,S20260422_152751,SC01,AUTO,,5.1912,0.0613,start,0,1500,VIDE,0.0,0.0,0.0,0.0,0.0,0.0,0,0,0.0,0.0,0.0,0.0,0.0,0.0,2.0,1.0,0.05,0.8,0.0,0.0,1
78,2026-04-22T14:27:56.398Z,S20260422_152751,SC01,AUTO,,5.2573,0.066,start,0,1500,VIDE,0.0,0.0,0.0,0.0,0.0,0.0,0,0,0.0,0.0,0.0,0.0,0.0,0.0,2.0,1.0,0.05,0.8,0.0,0.0,1
79,2026-04-22T14:27:56.460Z,S20260422_152751,SC01,AUTO,,5.3195,0.0622,start,0,1500,VIDE,0.0,0.0,0.0,0.0,0.0,0.0,0,0,0.0,0.0,0.0,0.0,0.0,0.0,2.0,1.0,0.05,0.8,0.0,0.0,1
80,2026-04-22T14:27:56.521Z,S20260422_152751,SC01,AUTO,,5.3806,0.0611,start,0,1500,VIDE,0.0,0.0,0.0,0.0,0.0,0.0,0,0,0.0,0.0,0.0,0.0,0.0,0.0,2.0,1.0,0.05,0.8,0.0,0.0,1
81,2026-04-22T14:27:56.582Z,S20260422_152751,SC01,AUTO,,5.4415,0.0609,start,0,1500,VIDE,0.0,0.0,0.0,0.0,0.0,0.0,0,0,0.0,0.0,0.0,0.0,0.0,0.0,2.0,1.0,0.05,0.8,0.0,0.0,1
82,2026-04-22T14:27:56.653Z,S20260422_152751,SC01,AUTO,,5.512,0.0705,start,0,1500,VIDE,0.0,0.0,0.0,0.0,0.0,0.0,0,0,0.0,0.0,0.0,0.0,0.0,0.0,2.0,1.0,0.05,0.8,0.0,0.0,1
83,2026-04-22T14:27:56.707Z,S20260422_152751,SC01,AUTO,,5.5667,0.0548,start,0,1500,VIDE,0.0,0.0,0.0,0.0,0.0,0.0,0,0,0.0,0.0,0.0,0.0,0.0,0.0,2.0,1.0,0.05,0.8,0.0,0.0,1
84,2026-04-22T14:27:56.773Z,S20260422_152751,SC01,AUTO,,5.6319,0.0652,start,0,1500,VIDE,0.0,0.0,0.0,0.0,0.0,0.0,0,0,0.0,0.0,0.0,0.0,0.0,0.0,2.0,1.0,0.05,0.8,0.0,0.0,1
85,2026-04-22T14:27:56.833Z,S20260422_152751,SC01,AUTO,,5.6919,0.06,start,0,1500,VIDE,0.0,0.0,0.0,0.0,0.0,0.0,0,0,0.0,0.0,0.0,0.0,0.0,0.0,2.0,1.0,0.05,0.8,0.0,0.0,1
86,2026-04-22T14:27:56.895Z,S20260422_152751,SC01,AUTO,,5.7542,0.0623,start,0,1500,VIDE,0.0,0.0,0.0,0.0,0.0,0.0,0,0,0.0,0.0,0.0,0.0,0.0,0.0,2.0,1.0,0.05,0.8,0.0,0.0,1
87,2026-04-22T14:27:56.972Z,S20260422_152751,SC01,AUTO,,5.8313,0.0771,start,0,1500,VIDE,0.0,0.0,0.0,0.0,0.0,0.0,0,0,0.0,0.0,0.0,0.0,0.0,0.0,2.0,1.0,0.05,0.8,0.0,0.0,1
88,2026-04-22T14:27:57.032Z,S20260422_152751,SC01,AUTO,,5.8916,0.0603,start,0,1500,VIDE,0.0,0.0,0.0,0.0,0.0,0.0,0,0,0.0,0.0,0.0,0.0,0.0,0.0,2.0,1.0,0.05,0.8,0.0,0.0,1
89,2026-04-22T14:27:57.083Z,S20260422_152751,SC01,AUTO,,5.9418,0.0502,start,0,1500,VIDE,0.0,0.0,0.0,0.0,0.0,0.0,0,0,0.0,0.0,0.0,0.0,0.0,0.0,2.0,1.0,0.05,0.8,0.0,0.0,1
90,2026-04-22T14:27:57.145Z,S20260422_152751,SC01,AUTO,,6.0045,0.0628,start,0,1500,VIDE,0.0,0.0,0.0,0.0,0.0,0.0,0,0,0.0,0.0,0.0,0.0,0.0,0.0,2.0,1.0,0.05,0.8,0.0,0.0,1
91,2026-04-22T14:27:57.208Z,S20260422_152751,SC01,AUTO,,6.0668,0.0622,start,0,1500,VIDE,0.0,0.0,0.0,0.0,0.0,0.0,0,0,0.0,0.0,0.0,0.0,0.0,0.0,2.0,1.0,0.05,0.8,0.0,0.0,1
92,2026-04-22T14:27:57.270Z,S20260422_152751,SC01,AUTO,,6.1291,0.0623,start,0,1500,VIDE,0.0,0.0,0.0,0.0,0.0,0.0,0,0,0.0,0.0,0.0,0.0,0.0,0.0,2.0,1.0,0.05,0.8,0.0,0.0,1
93,2026-04-22T14:27:57.332Z,S20260422_152751,SC01,AUTO,,6.1914,0.0623,start,0,1500,VIDE,0.0,0.0,0.0,0.0,0.0,0.0,0,0,0.0,0.0,0.0,0.0,0.0,0.0,2.0,1.0,0.05,0.8,0.0,0.0,1
94,2026-04-22T14:27:57.408Z,S20260422_152751,SC01,AUTO,,6.2674,0.076,start,0,1500,VIDE,0.0,0.0,0.0,0.0,0.0,0.0,0,0,0.0,0.0,0.0,0.0,0.0,0.0,2.0,1.0,0.05,0.8,0.0,0.0,1
95,2026-04-22T14:27:57.457Z,S20260422_152751,SC01,AUTO,,6.3163,0.0489,start,0,1500,VIDE,0.0,0.0,0.0,0.0,0.0,0.0,0,0,0.0,0.0,0.0,0.0,0.0,0.0,2.0,1.0,0.05,0.8,0.0,0.0,1
96,2026-04-22T14:27:57.521Z,S20260422_152751,SC01,AUTO,,6.3805,0.0642,start,0,1500,VIDE,0.0,0.0,0.0,0.0,0.0,0.0,0,0,0.0,0.0,0.0,0.0,0.0,0.0,2.0,1.0,0.05,0.8,0.0,0.0,1
97,2026-04-22T14:27:57.586Z,S20260422_152751,SC01,AUTO,,6.4453,0.0649,start,0,1500,VIDE,0.0,0.0,0.0,0.0,0.0,0.0,0,0,0.0,0.0,0.0,0.0,0.0,0.0,2.0,1.0,0.05,0.8,0.0,0.0,1
98,2026-04-22T14:27:57.645Z,S20260422_152751,SC01,AUTO,,6.5044,0.0591,start,0,1500,VIDE,0.0,0.0,0.0,0.0,0.0,0.0,0,0,0.0,0.0,0.0,0.0,0.0,0.0,2.0,1.0,0.05,0.8,0.0,0.0,1
99,2026-04-22T14:27:57.707Z,S20260422_152751,SC01,AUTO,,6.5666,0.0623,start,0,1500,VIDE,0.0,0.0,0.0,0.0,0.0,0.0,0,0,0.0,0.0,0.0,0.0,0.0,0.0,2.0,1.0,0.05,0.8,0.0,0.0,1
100,2026-04-22T14:27:57.773Z,S20260422_152751,SC01,AUTO,,6.6319,0.0653,start,0,1500,VIDE,0.0,0.0,0.0,0.0,0.0,0.0,0,0,0.0,0.0,0.0,0.0,0.0,0.0,2.0,1.0,0.05,0.8,0.0,0.0,1
101,2026-04-22T14:27:57.832Z,S20260422_152751,SC01,AUTO,,6.6914,0.0595,start,0,1500,VIDE,0.0,0.0,0.0,0.0,0.0,0.0,0,0,0.0,0.0,0.0,0.0,0.0,0.0,2.0,1.0,0.05,0.8,0.0,0.0,1
102,2026-04-22T14:27:57.906Z,S20260422_152751,SC01,AUTO,,6.7655,0.0741,start,0,1500,VIDE,0.0,0.0,0.0,0.0,0.0,0.0,0,0,0.0,0.0,0.0,0.0,0.0,0.0,2.0,1.0,0.05,0.8,0.0,0.0,1
103,2026-04-22T14:27:57.970Z,S20260422_152751,SC01,AUTO,,6.8294,0.0639,start,0,1500,VIDE,0.0,0.0,0.0,0.0,0.0,0.0,0,0,0.0,0.0,0.0,0.0,0.0,0.0,2.0,1.0,0.05,0.8,0.0,0.0,1
104,2026-04-22T14:27:58.021Z,S20260422_152751,SC01,AUTO,,6.8798,0.0504,start,0,1500,VIDE,0.0,0.0,0.0,0.0,0.0,0.0,0,0,0.0,0.0,0.0,0.0,0.0,0.0,2.0,1.0,0.05,0.8,0.0,0.0,1
105,2026-04-22T14:27:58.083Z,S20260422_152751,SC01,AUTO,,6.9417,0.0619,start,0,1500,VIDE,0.0,0.0,0.0,0.0,0.0,0.0,0,0,0.0,0.0,0.0,0.0,0.0,0.0,2.0,1.0,0.05,0.8,0.0,0.0,1
106,2026-04-22T14:27:58.147Z,S20260422_152751,SC01,AUTO,,7.006,0.0643,start,0,1500,VIDE,0.0,0.0,0.0,0.0,0.0,0.0,0,0,0.0,0.0,0.0,0.0,0.0,0.0,2.0,1.0,0.05,0.8,0.0,0.0,1
107,2026-04-22T14:27:58.208Z,S20260422_152751,SC01,AUTO,,7.0667,0.0607,start,0,1500,VIDE,0.0,0.0,0.0,0.0,0.0,0.0,0,0,0.0,0.0,0.0,0.0,0.0,0.0,2.0,1.0,0.05,0.8,0.0,0.0,1
108,2026-04-22T14:27:58.272Z,S20260422_152751,SC01,AUTO,,7.1314,0.0646,start,0,1500,VIDE,0.0,0.0,0.0,0.0,0.0,0.0,0,0,0.0,0.0,0.0,0.0,0.0,0.0,2.0,1.0,0.05,0.8,0.0,0.0,1
109,2026-04-22T14:27:58.332Z,S20260422_152751,SC01,AUTO,,7.1916,0.0602,start,0,1500,VIDE,0.0,0.0,0.0,0.0,0.0,0.0,0,0,0.0,0.0,0.0,0.0,0.0,0.0,2.0,1.0,0.05,0.8,0.0,0.0,1
110,2026-04-22T14:27:58.401Z,S20260422_152751,SC01,AUTO,,7.2606,0.069,start,0,1500,VIDE,0.0,0.0,0.0,0.0,0.0,0.0,0,0,0.0,0.0,0.0,0.0,0.0,0.0,2.0,1.0,0.05,0.8,0.0,0.0,1
111,2026-04-22T14:27:58.458Z,S20260422_152751,SC01,AUTO,,7.317,0.0564,start,0,1500,VIDE,0.0,0.0,0.0,0.0,0.0,0.0,0,0,0.0,0.0,0.0,0.0,0.0,0.0,2.0,1.0,0.05,0.8,0.0,0.0,1
112,2026-04-22T14:27:58.524Z,S20260422_152751,SC01,AUTO,,7.3833,0.0663,start,0,1500,VIDE,0.0,0.0,0.0,0.0,0.0,0.0,0,0,0.0,0.0,0.0,0.0,0.0,0.0,2.0,1.0,0.05,0.8,0.0,0.0,1
113,2026-04-22T14:27:58.582Z,S20260422_152751,SC01,AUTO,,7.4408,0.0574,start,0,1500,VIDE,0.0,0.0,0.0,0.0,0.0,0.0,0,0,0.0,0.0,0.0,0.0,0.0,0.0,2.0,1.0,0.05,0.8,0.0,0.0,1
114,2026-04-22T14:27:58.652Z,S20260422_152751,SC01,AUTO,,7.511,0.0703,start,0,1500,VIDE,0.0,0.0,0.0,0.0,0.0,0.0,0,0,0.0,0.0,0.0,0.0,0.0,0.0,2.0,1.0,0.05,0.8,0.0,0.0,1
115,2026-04-22T14:27:58.711Z,S20260422_152751,SC01,AUTO,,7.5702,0.0591,start,0,1500,VIDE,0.0,0.0,0.0,0.0,0.0,0.0,0,0,0.0,0.0,0.0,0.0,0.0,0.0,2.0,1.0,0.05,0.8,0.0,0.0,1
116,2026-04-22T14:27:58.770Z,S20260422_152751,SC01,AUTO,,7.6289,0.0587,start,0,1500,VIDE,0.0,0.0,0.0,0.0,0.0,0.0,0,0,0.0,0.0,0.0,0.0,0.0,0.0,2.0,1.0,0.05,0.8,0.0,0.0,1
117,2026-04-22T14:27:58.832Z,S20260422_152751,SC01,AUTO,,7.6912,0.0623,start,0,1500,VIDE,0.0,0.0,0.0,0.0,0.0,0.0,0,0,0.0,0.0,0.0,0.0,0.0,0.0,2.0,1.0,0.05,0.8,0.0,0.0,1
118,2026-04-22T14:27:58.898Z,S20260422_152751,SC01,AUTO,,7.7569,0.0658,start,0,1500,VIDE,0.0,0.0,0.0,0.0,0.0,0.0,0,0,0.0,0.0,0.0,0.0,0.0,0.0,2.0,1.0,0.05,0.8,0.0,0.0,1
119,2026-04-22T14:27:58.959Z,S20260422_152751,SC01,AUTO,,7.8186,0.0617,start,0,1500,VIDE,0.0,0.0,0.0,0.0,0.0,0.0,0,0,0.0,0.0,0.0,0.0,0.0,0.0,2.0,1.0,0.05,0.8,0.0,0.0,1
120,2026-04-22T14:27:59.023Z,S20260422_152751,SC01,AUTO,,7.8824,0.0638,start,0,1500,VIDE,0.0,0.0,0.0,0.0,0.0,0.0,0,0,0.0,0.0,0.0,0.0,0.0,0.0,2.0,1.0,0.05,0.8,0.0,0.0,1
121,2026-04-22T14:27:59.088Z,S20260422_152751,SC01,AUTO,,7.9474,0.065,start,0,1500,VIDE,0.0,0.0,0.0,0.0,0.0,0.0,0,0,0.0,0.0,0.0,0.0,0.0,0.0,2.0,1.0,0.05,0.8,0.0,0.0,1
122,2026-04-22T14:27:59.151Z,S20260422_152751,SC01,AUTO,,8.0106,0.0632,start,0,1500,VIDE,0.0,0.0,0.0,0.0,0.0,0.0,0,0,0.0,0.0,0.0,0.0,0.0,0.0,2.0,1.0,0.05,0.8,0.0,0.0,1
123,2026-04-22T14:27:59.210Z,S20260422_152751,SC01,AUTO,,8.069,0.0585,start,0,1500,VIDE,0.0,0.0,0.0,0.0,0.0,0.0,0,0,0.0,0.0,0.0,0.0,0.0,0.0,2.0,1.0,0.05,0.8,0.0,0.0,1
124,2026-04-22T14:27:59.273Z,S20260422_152751,SC01,AUTO,,8.1318,0.0628,start,0,1500,VIDE,0.0,0.0,0.0,0.0,0.0,0.0,0,0,0.0,0.0,0.0,0.0,0.0,0.0,2.0,1.0,0.05,0.8,0.0,0.0,1
125,2026-04-22T14:27:59.332Z,S20260422_152751,SC01,AUTO,,8.1916,0.0597,start,0,1500,VIDE,0.0,0.0,0.0,0.0,0.0,0.0,0,0,0.0,0.0,0.0,0.0,0.0,0.0,2.0,1.0,0.05,0.8,0.0,0.0,1
126,2026-04-22T14:27:59.399Z,S20260422_152751,SC01,AUTO,,8.2583,0.0668,start,0,1500,VIDE,0.0,0.0,0.0,0.0,0.0,0.0,0,0,0.0,0.0,0.0,0.0,0.0,0.0,2.0,1.0,0.05,0.8,0.0,0.0,1
127,2026-04-22T14:27:59.458Z,S20260422_152751,SC01,AUTO,,8.3172,0.0589,start,0,1500,VIDE,0.0,0.0,0.0,0.0,0.0,0.0,0,0,0.0,0.0,0.0,0.0,0.0,0.0,2.0,1.0,0.05,0.8,0.0,0.0,1
128,2026-04-22T14:27:59.522Z,S20260422_152751,SC01,AUTO,,8.381,0.0637,start,0,1500,VIDE,0.0,0.0,0.0,0.0,0.0,0.0,0,0,0.0,0.0,0.0,0.0,0.0,0.0,2.0,1.0,0.05,0.8,0.0,0.0,1
129,2026-04-22T14:27:59.585Z,S20260422_152751,SC01,AUTO,,8.4439,0.0629,start,0,1500,VIDE,0.0,0.0,0.0,0.0,0.0,0.0,0,0,0.0,0.0,0.0,0.0,0.0,0.0,2.0,1.0,0.05,0.8,0.0,0.0,1
130,2026-04-22T14:27:59.648Z,S20260422_152751,SC01,AUTO,,8.5068,0.063,start,0,1500,VIDE,0.0,0.0,0.0,0.0,0.0,0.0,0,0,0.0,0.0,0.0,0.0,0.0,0.0,2.0,1.0,0.05,0.8,0.0,0.0,1
131,2026-04-22T14:27:59.707Z,S20260422_152751,SC01,AUTO,,8.5667,0.0598,start,0,1500,VIDE,0.0,0.0,0.0,0.0,0.0,0.0,0,0,0.0,0.0,0.0,0.0,0.0,0.0,2.0,1.0,0.05,0.8,0.0,0.0,1
132,2026-04-22T14:27:59.772Z,S20260422_152751,SC01,AUTO,,8.6315,0.0648,start,0,1500,VIDE,0.0,0.0,0.0,0.0,0.0,0.0,0,0,0.0,0.0,0.0,0.0,0.0,0.0,2.0,1.0,0.05,0.8,0.0,0.0,1
133,2026-04-22T14:27:59.832Z,S20260422_152751,SC01,AUTO,,8.6912,0.0597,start,0,1500,VIDE,0.0,0.0,0.0,0.0,0.0,0.0,0,0,0.0,0.0,0.0,0.0,0.0,0.0,2.0,1.0,0.05,0.8,0.0,0.0,1
134,2026-04-22T14:27:59.898Z,S20260422_152751,SC01,AUTO,,8.7572,0.0661,start,0,1500,VIDE,0.0,0.0,0.0,0.0,0.0,0.0,0,0,0.0,0.0,0.0,0.0,0.0,0.0,2.0,1.0,0.05,0.8,0.0,0.0,1
135,2026-04-22T14:27:59.958Z,S20260422_152751,SC01,AUTO,,8.8168,0.0595,start,0,1500,VIDE,0.0,0.0,0.0,0.0,0.0,0.0,0,0,0.0,0.0,0.0,0.0,0.0,0.0,2.0,1.0,0.05,0.8,0.0,0.0,1
136,2026-04-22T14:28:00.023Z,S20260422_152751,SC01,AUTO,,8.8826,0.0658,start,0,1500,VIDE,0.0,0.0,0.0,0.0,0.0,0.0,0,0,0.0,0.0,0.0,0.0,0.0,0.0,2.0,1.0,0.05,0.8,0.0,0.0,1
137,2026-04-22T14:28:00.085Z,S20260422_152751,SC01,AUTO,,8.9437,0.0611,start,0,1500,VIDE,0.0,0.0,0.0,0.0,0.0,0.0,0,0,0.0,0.0,0.0,0.0,0.0,0.0,2.0,1.0,0.05,0.8,0.0,0.0,1
138,2026-04-22T14:28:00.148Z,S20260422_152751,SC01,AUTO,,9.0069,0.0631,start,0,1500,VIDE,0.0,0.0,0.0,0.0,0.0,0.0,0,0,0.0,0.0,0.0,0.0,0.0,0.0,2.0,1.0,0.05,0.8,0.0,0.0,1
139,2026-04-22T14:28:00.208Z,S20260422_152751,SC01,AUTO,,9.0676,0.0608,start,0,1500,VIDE,0.0,0.0,0.0,0.0,0.0,0.0,0,0,0.0,0.0,0.0,0.0,0.0,0.0,2.0,1.0,0.05,0.8,0.0,0.0,1
140,2026-04-22T14:28:00.271Z,S20260422_152751,SC01,AUTO,,9.1306,0.0629,start,0,1500,VIDE,0.0,0.0,0.0,0.0,0.0,0.0,0,0,0.0,0.0,0.0,0.0,0.0,0.0,2.0,1.0,0.05,0.8,0.0,0.0,1
141,2026-04-22T14:28:00.333Z,S20260422_152751,SC01,AUTO,,9.1918,0.0613,start,0,1500,VIDE,0.0,0.0,0.0,0.0,0.0,0.0,0,0,0.0,0.0,0.0,0.0,0.0,0.0,2.0,1.0,0.05,0.8,0.0,0.0,1
142,2026-04-22T14:28:00.397Z,S20260422_152751,SC01,AUTO,,9.2564,0.0645,start,0,1500,VIDE,0.0,0.0,0.0,0.0,0.0,0.0,0,0,0.0,0.0,0.0,0.0,0.0,0.0,2.0,1.0,0.05,0.8,0.0,0.0,1
143,2026-04-22T14:28:00.458Z,S20260422_152751,SC01,AUTO,,9.317,0.0606,start,0,1500,VIDE,0.0,0.0,0.0,0.0,0.0,0.0,0,0,0.0,0.0,0.0,0.0,0.0,0.0,2.0,1.0,0.05,0.8,0.0,0.0,1
144,2026-04-22T14:28:00.522Z,S20260422_152751,SC01,AUTO,,9.3817,0.0647,start,0,1500,VIDE,0.0,0.0,0.0,0.0,0.0,0.0,0,0,0.0,0.0,0.0,0.0,0.0,0.0,2.0,1.0,0.05,0.8,0.0,0.0,1
145,2026-04-22T14:28:00.585Z,S20260422_152751,SC01,AUTO,,9.4445,0.0628,start,0,1500,VIDE,0.0,0.0,0.0,0.0,0.0,0.0,0,0,0.0,0.0,0.0,0.0,0.0,0.0,2.0,1.0,0.05,0.8,0.0,0.0,1
146,2026-04-22T14:28:00.647Z,S20260422_152751,SC01,AUTO,,9.5063,0.0619,start,0,1500,VIDE,0.0,0.0,0.0,0.0,0.0,0.0,0,0,0.0,0.0,0.0,0.0,0.0,0.0,2.0,1.0,0.05,0.8,0.0,0.0,1
147,2026-04-22T14:28:00.708Z,S20260422_152751,SC01,AUTO,,9.5667,0.0604,start,0,1500,VIDE,0.0,0.0,0.0,0.0,0.0,0.0,0,0,0.0,0.0,0.0,0.0,0.0,0.0,2.0,1.0,0.05,0.8,0.0,0.0,1
148,2026-04-22T14:28:00.772Z,S20260422_152751,SC01,AUTO,,9.6315,0.0647,start,0,1500,VIDE,0.0,0.0,0.0,0.0,0.0,0.0,0,0,0.0,0.0,0.0,0.0,0.0,0.0,2.0,1.0,0.05,0.8,0.0,0.0,1
149,2026-04-22T14:28:00.832Z,S20260422_152751,SC01,AUTO,,9.6912,0.0597,start,0,1500,VIDE,0.0,0.0,0.0,0.0,0.0,0.0,0,0,0.0,0.0,0.0,0.0,0.0,0.0,2.0,1.0,0.05,0.8,0.0,0.0,1
150,2026-04-22T14:28:00.896Z,S20260422_152751,SC01,AUTO,,9.7552,0.064,start,0,1500,VIDE,0.0,0.0,0.0,0.0,0.0,0.0,0,0,0.0,0.0,0.0,0.0,0.0,0.0,2.0,1.0,0.05,0.8,0.0,0.0,1
151,2026-04-22T14:28:00.958Z,S20260422_152751,SC01,AUTO,,9.8172,0.062,start,0,1500,VIDE,0.0,0.0,0.0,0.0,0.0,0.0,0,0,0.0,0.0,0.0,0.0,0.0,0.0,2.0,1.0,0.05,0.8,0.0,0.0,1
152,2026-04-22T14:28:01.022Z,S20260422_152751,SC01,AUTO,,9.8809,0.0637,start,0,1500,VIDE,0.0,0.0,0.0,0.0,0.0,0.0,0,0,0.0,0.0,0.0,0.0,0.0,0.0,2.0,1.0,0.05,0.8,0.0,0.0,1
153,2026-04-22T14:28:01.085Z,S20260422_152751,SC01,AUTO,,9.9441,0.0633,start,0,1500,VIDE,0.0,0.0,0.0,0.0,0.0,0.0,0,0,0.0,0.0,0.0,0.0,0.0,0.0,2.0,1.0,0.05,0.8,0.0,0.0,1
154,2026-04-22T14:28:01.148Z,S20260422_152751,SC01,AUTO,,10.0077,0.0636,start,0,1500,VIDE,0.0,0.0,0.0,0.0,0.0,0.0,0,0,0.0,0.0,0.0,0.0,0.0,0.0,2.0,1.0,0.05,0.8,0.0,0.0,1
155,2026-04-22T14:28:01.209Z,S20260422_152751,SC01,AUTO,,10.0686,0.0609,start,0,1500,VIDE,0.0,0.0,0.0,0.0,0.0,0.0,0,0,0.0,0.0,0.0,0.0,0.0,0.0,2.0,1.0,0.05,0.8,0.0,0.0,1
156,2026-04-22T14:28:01.271Z,S20260422_152751,SC01,AUTO,,10.1298,0.0612,start,0,1500,VIDE,0.0,0.0,0.0,0.0,0.0,0.0,0,0,0.0,0.0,0.0,0.0,0.0,0.0,2.0,1.0,0.05,0.8,0.0,0.0,1
157,2026-04-22T14:28:01.334Z,S20260422_152751,SC01,AUTO,,10.1928,0.0629,start,0,1500,VIDE,0.0,0.0,0.0,0.0,0.0,0.0,0,0,0.0,0.0,0.0,0.0,0.0,0.0,2.0,1.0,0.05,0.8,0.0,0.0,1
158,2026-04-22T14:28:01.396Z,S20260422_152751,SC01,AUTO,,10.2554,0.0627,start,0,1500,VIDE,0.0,0.0,0.0,0.0,0.0,0.0,0,0,0.0,0.0,0.0,0.0,0.0,0.0,2.0,1.0,0.05,0.8,0.0,0.0,1
159,2026-04-22T14:28:01.457Z,S20260422_152751,SC01,AUTO,,10.3166,0.0612,start,0,1500,VIDE,0.0,0.0,0.0,0.0,0.0,0.0,0,0,0.0,0.0,0.0,0.0,0.0,0.0,2.0,1.0,0.05,0.8,0.0,0.0,1
160,2026-04-22T14:28:01.520Z,S20260422_152751,SC01,AUTO,,10.3794,0.0628,start,0,1500,VIDE,0.0,0.0,0.0,0.0,0.0,0.0,0,0,0.0,0.0,0.0,0.0,0.0,0.0,2.0,1.0,0.05,0.8,0.0,0.0,1
161,2026-04-22T14:28:01.582Z,S20260422_152751,SC01,AUTO,,10.4414,0.062,start,0,1500,VIDE,0.0,0.0,0.0,0.0,0.0,0.0,0,0,0.0,0.0,0.0,0.0,0.0,0.0,2.0,1.0,0.05,0.8,0.0,0.0,1
162,2026-04-22T14:28:01.645Z,S20260422_152751,SC01,AUTO,,10.5043,0.0629,start,0,1500,VIDE,0.0,0.0,0.0,0.0,0.0,0.0,0,0,0.0,0.0,0.0,0.0,0.0,0.0,2.0,1.0,0.05,0.8,0.0,0.0,1
163,2026-04-22T14:28:01.709Z,S20260422_152751,SC01,AUTO,,10.5679,0.0636,start,0,1500,VIDE,0.0,0.0,0.0,0.0,0.0,0.0,0,0,0.0,0.0,0.0,0.0,0.0,0.0,2.0,1.0,0.05,0.8,0.0,0.0,1
164,2026-04-22T14:28:01.771Z,S20260422_152751,SC01,AUTO,,10.63,0.0621,start,0,1500,VIDE,0.0,0.0,0.0,0.0,0.0,0.0,0,0,0.0,0.0,0.0,0.0,0.0,0.0,2.0,1.0,0.05,0.8,0.0,0.0,1
165,2026-04-22T14:28:01.833Z,S20260422_152751,SC01,AUTO,,10.6924,0.0624,start,0,1500,VIDE,0.0,0.0,0.0,0.0,0.0,0.0,0,0,0.0,0.0,0.0,0.0,0.0,0.0,2.0,1.0,0.05,0.8,0.0,0.0,1
166,2026-04-22T14:28:01.907Z,S20260422_152751,SC01,AUTO,,10.7657,0.0733,start,0,1500,VIDE,0.0,0.0,0.0,0.0,0.0,0.0,0,0,0.0,0.0,0.0,0.0,0.0,0.0,2.0,1.0,0.05,0.8,0.0,0.0,1
167,2026-04-22T14:28:01.959Z,S20260422_152751,SC01,AUTO,,10.8178,0.0521,start,0,1500,VIDE,0.0,0.0,0.0,0.0,0.0,0.0,0,0,0.0,0.0,0.0,0.0,0.0,0.0,2.0,1.0,0.05,0.8,0.0,0.0,1
168,2026-04-22T14:28:02.023Z,S20260422_152751,SC01,AUTO,,10.8827,0.0649,start,0,1500,VIDE,0.0,0.0,0.0,0.0,0.0,0.0,0,0,0.0,0.0,0.0,0.0,0.0,0.0,2.0,1.0,0.05,0.8,0.0,0.0,1
169,2026-04-22T14:28:02.093Z,S20260422_152751,SC01,AUTO,,10.9523,0.0696,start,0,1500,VIDE,0.0,0.0,0.0,0.0,0.0,0.0,0,0,0.0,0.0,0.0,0.0,0.0,0.0,2.0,1.0,0.05,0.8,0.0,0.0,1
170,2026-04-22T14:28:03.678Z,S20260422_152751,SC01,AUTO,,12.5375,1.5853,start,0,1500,VIDE,0.0,0.0,0.0,0.0,0.0,0.0,0,0,0.0,0.0,0.0,0.0,0.0,0.0,2.0,1.0,0.05,0.8,0.0,0.0,1
171,2026-04-22T14:28:03.709Z,S20260422_152751,SC01,AUTO,,12.5681,0.0306,start,0,1500,VIDE,0.0,0.0,0.0,0.0,0.0,0.0,0,0,0.0,0.0,0.0,0.0,0.0,0.0,2.0,1.0,0.05,0.8,0.0,0.0,1
172,2026-04-22T14:28:03.773Z,S20260422_152751,SC01,AUTO,,12.632,0.0639,start,0,1500,VIDE,0.0,0.0,0.0,0.0,0.0,0.0,0,0,0.0,0.0,0.0,0.0,0.0,0.0,2.0,1.0,0.05,0.8,0.0,0.0,1
173,2026-04-22T14:28:03.833Z,S20260422_152751,SC01,AUTO,,12.6926,0.0607,start,0,1500,VIDE,0.0,0.0,0.0,0.0,0.0,0.0,0,0,0.0,0.0,0.0,0.0,0.0,0.0,2.0,1.0,0.05,0.8,0.0,0.0,1
174,2026-04-22T14:28:03.903Z,S20260422_152751,SC01,AUTO,,12.7626,0.07,start,0,1500,VIDE,0.0,0.0,0.0,0.0,0.0,0.0,0,0,0.0,0.0,0.0,0.0,0.0,0.0,2.0,1.0,0.05,0.8,0.0,0.0,1
175,2026-04-22T14:28:03.960Z,S20260422_152751,SC01,AUTO,,12.8191,0.0566,start,0,1500,VIDE,0.0,0.0,0.0,0.0,0.0,0.0,0,0,0.0,0.0,0.0,0.0,0.0,0.0,2.0,1.0,0.05,0.8,0.0,0.0,1
176,2026-04-22T14:28:04.024Z,S20260422_152751,SC01,AUTO,,12.8834,0.0643,start,0,1500,VIDE,0.0,0.0,0.0,0.0,0.0,0.0,0,0,0.0,0.0,0.0,0.0,0.0,0.0,2.0,1.0,0.05,0.8,0.0,0.0,1
177,2026-04-22T14:28:04.088Z,S20260422_152751,SC01,AUTO,,12.9469,0.0635,start,0,1500,VIDE,0.0,0.0,0.0,0.0,0.0,0.0,0,0,0.0,0.0,0.0,0.0,0.0,0.0,2.0,1.0,0.05,0.8,0.0,0.0,1
178,2026-04-22T14:28:04.170Z,S20260422_152751,SC01,AUTO,,13.0292,0.0823,start,0,1500,VIDE,0.0,0.0,0.0,0.0,0.0,0.0,0,0,0.0,0.0,0.0,0.0,0.0,0.0,2.0,1.0,0.05,0.8,0.0,0.0,1
179,2026-04-22T14:28:04.209Z,S20260422_152751,SC01,AUTO,,13.0685,0.0393,start,0,1500,VIDE,0.0,0.0,0.0,0.0,0.0,0.0,0,0,0.0,0.0,0.0,0.0,0.0,0.0,2.0,1.0,0.05,0.8,0.0,0.0,1
180,2026-04-22T14:28:04.272Z,S20260422_152751,SC01,AUTO,,13.1311,0.0626,start,0,1500,VIDE,0.0,0.0,0.0,0.0,0.0,0.0,0,0,0.0,0.0,0.0,0.0,0.0,0.0,2.0,1.0,0.05,0.8,0.0,0.0,1
181,2026-04-22T14:28:04.334Z,S20260422_152751,SC01,AUTO,,13.193,0.0618,start,0,1500,VIDE,0.0,0.0,0.0,0.0,0.0,0.0,0,0,0.0,0.0,0.0,0.0,0.0,0.0,2.0,1.0,0.05,0.8,0.0,0.0,1
182,2026-04-22T14:28:04.400Z,S20260422_152751,SC01,AUTO,,13.2591,0.066,start,0,1500,VIDE,0.0,0.0,0.0,0.0,0.0,0.0,0,0,0.0,0.0,0.0,0.0,0.0,0.0,2.0,1.0,0.05,0.8,0.0,0.0,1
183,2026-04-22T14:28:04.459Z,S20260422_152751,SC01,AUTO,,13.3179,0.059,start,0,1500,VIDE,0.0,0.0,0.0,0.0,0.0,0.0,0,0,0.0,0.0,0.0,0.0,0.0,0.0,2.0,1.0,0.05,0.8,0.0,0.0,1
184,2026-04-22T14:28:04.524Z,S20260422_152751,SC01,AUTO,,13.3832,0.0653,start,0,1500,VIDE,0.0,0.0,0.0,0.0,0.0,0.0,0,0,0.0,0.0,0.0,0.0,0.0,0.0,2.0,1.0,0.05,0.8,0.0,0.0,1
185,2026-04-22T14:28:04.602Z,S20260422_152751,SC01,AUTO,,13.4619,0.0784,start,0,1500,VIDE,0.0,0.0,0.0,0.0,0.0,0.0,0,0,0.0,0.0,0.0,0.0,0.0,0.0,2.0,1.0,0.05,0.8,0.0,0.0,1
186,2026-04-22T14:28:04.646Z,S20260422_152751,SC01,AUTO,,13.5052,0.0435,start,0,1500,VIDE,0.0,0.0,0.0,0.0,0.0,0.0,0,0,0.0,0.0,0.0,0.0,0.0,0.0,2.0,1.0,0.05,0.8,0.0,0.0,1
187,2026-04-22T14:28:04.709Z,S20260422_152751,SC01,AUTO,,13.5682,0.0631,start,0,1500,VIDE,0.0,0.0,0.0,0.0,0.0,0.0,0,0,0.0,0.0,0.0,0.0,0.0,0.0,2.0,1.0,0.05,0.8,0.0,0.0,1
188,2026-04-22T14:28:04.772Z,S20260422_152751,SC01,AUTO,,13.6312,0.063,start,0,1500,VIDE,0.0,0.0,0.0,0.0,0.0,0.0,0,0,0.0,0.0,0.0,0.0,0.0,0.0,2.0,1.0,0.05,0.8,0.0,0.0,1
189,2026-04-22T14:28:04.836Z,S20260422_152751,SC01,AUTO,,13.6956,0.0641,start,0,1500,VIDE,0.0,0.0,0.0,0.0,0.0,0.0,0,0,0.0,0.0,0.0,0.0,0.0,0.0,2.0,1.0,0.05,0.8,0.0,0.0,1
190,2026-04-22T14:28:04.901Z,S20260422_152751,SC01,AUTO,,13.7608,0.0654,start,0,1500,VIDE,0.0,0.0,0.0,0.0,0.0,0.0,0,0,0.0,0.0,0.0,0.0,0.0,0.0,2.0,1.0,0.05,0.8,0.0,0.0,1
191,2026-04-22T14:28:04.959Z,S20260422_152751,SC01,AUTO,,13.8182,0.0575,start,0,1500,VIDE,0.0,0.0,0.0,0.0,0.0,0.0,0,0,0.0,0.0,0.0,0.0,0.0,0.0,2.0,1.0,0.05,0.8,0.0,0.0,1
192,2026-04-22T14:28:05.027Z,S20260422_152751,SC01,AUTO,,13.8865,0.0681,start,0,1500,VIDE,0.0,0.0,0.0,0.0,0.0,0.0,0,0,0.0,0.0,0.0,0.0,0.0,0.0,2.0,1.0,0.05,0.8,0.0,0.0,1
193,2026-04-22T14:28:05.088Z,S20260422_152751,SC01,AUTO,,13.9471,0.0608,start,0,1500,VIDE,0.0,0.0,0.0,0.0,0.0,0.0,0,0,0.0,0.0,0.0,0.0,0.0,0.0,2.0,1.0,0.05,0.8,0.0,0.0,1
194,2026-04-22T14:28:05.153Z,S20260422_152751,SC01,AUTO,,14.0118,0.0647,start,0,1500,VIDE,0.0,0.0,0.0,0.0,0.0,0.0,0,0,0.0,0.0,0.0,0.0,0.0,0.0,2.0,1.0,0.05,0.8,0.0,0.0,1
195,2026-04-22T14:28:05.213Z,S20260422_152751,SC01,AUTO,,14.0721,0.0603,start,0,1500,VIDE,0.0,0.0,0.0,0.0,0.0,0.0,0,0,0.0,0.0,0.0,0.0,0.0,0.0,2.0,1.0,0.05,0.8,0.0,0.0,1
196,2026-04-22T14:28:05.271Z,S20260422_152751,SC01,AUTO,,14.1302,0.0581,start,0,1500,VIDE,0.0,0.0,0.0,0.0,0.0,0.0,0,0,0.0,0.0,0.0,0.0,0.0,0.0,2.0,1.0,0.05,0.8,0.0,0.0,1
197,2026-04-22T14:28:05.332Z,S20260422_152751,SC01,AUTO,,14.1917,0.0615,start,0,1500,VIDE,0.0,0.0,0.0,0.0,0.0,0.0,0,0,0.0,0.0,0.0,0.0,0.0,0.0,2.0,1.0,0.05,0.8,0.0,0.0,1
198,2026-04-22T14:28:05.395Z,S20260422_152751,SC01,AUTO,,14.2545,0.0628,start,0,1500,VIDE,0.0,0.0,0.0,0.0,0.0,0.0,0,0,0.0,0.0,0.0,0.0,0.0,0.0,2.0,1.0,0.05,0.8,0.0,0.0,1
199,2026-04-22T14:28:05.462Z,S20260422_152751,SC01,AUTO,,14.3207,0.0663,start,0,1500,VIDE,0.0,0.0,0.0,0.0,0.0,0.0,0,0,0.0,0.0,0.0,0.0,0.0,0.0,2.0,1.0,0.05,0.8,0.0,0.0,1
200,2026-04-22T14:28:05.523Z,S20260422_152751,SC01,AUTO,,14.3821,0.0614,start,0,1500,VIDE,0.0,0.0,0.0,0.0,0.0,0.0,0,0,0.0,0.0,0.0,0.0,0.0,0.0,2.0,1.0,0.05,0.8,0.0,0.0,1
201,2026-04-22T14:28:05.586Z,S20260422_152751,SC01,AUTO,,14.4451,0.063,start,0,1500,VIDE,0.0,0.0,0.0,0.0,0.0,0.0,0,0,0.0,0.0,0.0,0.0,0.0,0.0,2.0,1.0,0.05,0.8,0.0,0.0,1
202,2026-04-22T14:28:05.647Z,S20260422_152751,SC01,AUTO,,14.5067,0.0616,start,0,1500,VIDE,0.0,0.0,0.0,0.0,0.0,0.0,0,0,0.0,0.0,0.0,0.0,0.0,0.0,2.0,1.0,0.05,0.8,0.0,0.0,1
203,2026-04-22T14:28:05.709Z,S20260422_152751,SC01,AUTO,,14.5687,0.062,start,0,1500,VIDE,0.0,0.0,0.0,0.0,0.0,0.0,0,0,0.0,0.0,0.0,0.0,0.0,0.0,2.0,1.0,0.05,0.8,0.0,0.0,1
204,2026-04-22T14:28:05.772Z,S20260422_152751,SC01,AUTO,,14.6316,0.063,start,0,1500,VIDE,0.0,0.0,0.0,0.0,0.0,0.0,0,0,0.0,0.0,0.0,0.0,0.0,0.0,2.0,1.0,0.05,0.8,0.0,0.0,1
205,2026-04-22T14:28:05.833Z,S20260422_152751,SC01,AUTO,,14.6922,0.0605,start,0,1500,VIDE,0.0,0.0,0.0,0.0,0.0,0.0,0,0,0.0,0.0,0.0,0.0,0.0,0.0,2.0,1.0,0.05,0.8,0.0,0.0,1
206,2026-04-22T14:28:05.900Z,S20260422_152751,SC01,AUTO,,14.7589,0.0668,start,0,1500,VIDE,0.0,0.0,0.0,0.0,0.0,0.0,0,0,0.0,0.0,0.0,0.0,0.0,0.0,2.0,1.0,0.05,0.8,0.0,0.0,1
207,2026-04-22T14:28:05.962Z,S20260422_152751,SC01,AUTO,,14.8208,0.0619,start,0,1500,VIDE,0.0,0.0,0.0,0.0,0.0,0.0,0,0,0.0,0.0,0.0,0.0,0.0,0.0,2.0,1.0,0.05,0.8,0.0,0.0,1
208,2026-04-22T14:28:06.023Z,S20260422_152751,SC01,AUTO,,14.8822,0.0614,start,0,1500,VIDE,0.0,0.0,0.0,0.0,0.0,0.0,0,0,0.0,0.0,0.0,0.0,0.0,0.0,2.0,1.0,0.05,0.8,0.0,0.0,1
209,2026-04-22T14:28:06.087Z,S20260422_152751,SC01,AUTO,,14.9464,0.0642,start,0,1500,VIDE,0.0,0.0,0.0,0.0,0.0,0.0,0,0,0.0,0.0,0.0,0.0,0.0,0.0,2.0,1.0,0.05,0.8,0.0,0.0,1
210,2026-04-22T14:28:06.185Z,S20260422_152751,SC01,AUTO,,15.0444,0.0979,start,0,1500,VIDE,0.0,0.0,0.0,0.0,0.0,0.0,0,0,0.0,0.0,0.0,0.0,0.0,0.0,2.0,1.0,0.05,0.8,0.0,0.0,1
211,2026-04-22T14:28:06.212Z,S20260422_152751,SC01,AUTO,,15.0713,0.027,start,0,1500,VIDE,0.0,0.0,0.0,0.0,0.0,0.0,0,0,0.0,0.0,0.0,0.0,0.0,0.0,2.0,1.0,0.05,0.8,0.0,0.0,1
212,2026-04-22T14:28:06.273Z,S20260422_152751,SC01,AUTO,,15.1322,0.0608,start,0,1500,VIDE,0.0,0.0,0.0,0.0,0.0,0.0,0,0,0.0,0.0,0.0,0.0,0.0,0.0,2.0,1.0,0.05,0.8,0.0,0.0,1
213,2026-04-22T14:28:06.332Z,S20260422_152751,SC01,AUTO,,15.1916,0.0594,start,0,1500,VIDE,0.0,0.0,0.0,0.0,0.0,0.0,0,0,0.0,0.0,0.0,0.0,0.0,0.0,2.0,1.0,0.05,0.8,0.0,0.0,1
214,2026-04-22T14:28:06.397Z,S20260422_152751,SC01,AUTO,,15.2564,0.0648,start,0,1500,VIDE,0.0,0.0,0.0,0.0,0.0,0.0,0,0,0.0,0.0,0.0,0.0,0.0,0.0,2.0,1.0,0.05,0.8,0.0,0.0,1
215,2026-04-22T14:28:06.458Z,S20260422_152751,SC01,AUTO,,15.3175,0.061,start,0,1500,VIDE,0.0,0.0,0.0,0.0,0.0,0.0,0,0,0.0,0.0,0.0,0.0,0.0,0.0,2.0,1.0,0.05,0.8,0.0,0.0,1
216,2026-04-22T14:28:06.521Z,S20260422_152751,SC01,AUTO,,15.3797,0.0623,start,0,1500,VIDE,0.0,0.0,0.0,0.0,0.0,0.0,0,0,0.0,0.0,0.0,0.0,0.0,0.0,2.0,1.0,0.05,0.8,0.0,0.0,1
217,2026-04-22T14:28:06.583Z,S20260422_152751,SC01,AUTO,,15.4425,0.0628,start,0,1500,VIDE,0.0,0.0,0.0,0.0,0.0,0.0,0,0,0.0,0.0,0.0,0.0,0.0,0.0,2.0,1.0,0.05,0.8,0.0,0.0,1
218,2026-04-22T14:28:06.646Z,S20260422_152751,SC01,AUTO,,15.5054,0.0628,start,0,1500,VIDE,0.0,0.0,0.0,0.0,0.0,0.0,0,0,0.0,0.0,0.0,0.0,0.0,0.0,2.0,1.0,0.05,0.8,0.0,0.0,1
219,2026-04-22T14:28:06.707Z,S20260422_152751,SC01,AUTO,,15.5666,0.0613,start,0,1500,VIDE,0.0,0.0,0.0,0.0,0.0,0.0,0,0,0.0,0.0,0.0,0.0,0.0,0.0,2.0,1.0,0.05,0.8,0.0,0.0,1
220,2026-04-22T14:28:06.769Z,S20260422_152751,SC01,AUTO,,15.6287,0.0621,start,0,1500,VIDE,0.0,0.0,0.0,0.0,0.0,0.0,0,0,0.0,0.0,0.0,0.0,0.0,0.0,2.0,1.0,0.05,0.8,0.0,0.0,1
221,2026-04-22T14:28:06.832Z,S20260422_152751,SC01,AUTO,,15.6915,0.0628,start,0,1500,VIDE,0.0,0.0,0.0,0.0,0.0,0.0,0,0,0.0,0.0,0.0,0.0,0.0,0.0,2.0,1.0,0.05,0.8,0.0,0.0,1
222,2026-04-22T14:28:06.907Z,S20260422_152751,SC01,AUTO,,15.7658,0.0743,start,0,1500,VIDE,0.0,0.0,0.0,0.0,0.0,0.0,0,0,0.0,0.0,0.0,0.0,0.0,0.0,2.0,1.0,0.05,0.8,0.0,0.0,1
223,2026-04-22T14:28:06.958Z,S20260422_152751,SC01,AUTO,,15.8171,0.0513,start,0,1500,VIDE,0.0,0.0,0.0,0.0,0.0,0.0,0,0,0.0,0.0,0.0,0.0,0.0,0.0,2.0,1.0,0.05,0.8,0.0,0.0,1
224,2026-04-22T14:28:07.024Z,S20260422_152751,SC01,AUTO,,15.8836,0.0664,start,0,1500,VIDE,0.0,0.0,0.0,0.0,0.0,0.0,0,0,0.0,0.0,0.0,0.0,0.0,0.0,2.0,1.0,0.05,0.8,0.0,0.0,1
225,2026-04-22T14:28:07.090Z,S20260422_152751,SC01,AUTO,,15.9491,0.0655,start,0,1500,VIDE,0.0,0.0,0.0,0.0,0.0,0.0,0,0,0.0,0.0,0.0,0.0,0.0,0.0,2.0,1.0,0.05,0.8,0.0,0.0,1
226,2026-04-22T14:28:07.154Z,S20260422_152751,SC01,AUTO,,16.0127,0.0637,start,0,1500,VIDE,0.0,0.0,0.0,0.0,0.0,0.0,0,0,0.0,0.0,0.0,0.0,0.0,0.0,2.0,1.0,0.05,0.8,0.0,0.0,1
227,2026-04-22T14:28:07.208Z,S20260422_152751,SC01,AUTO,,16.0672,0.0544,start,0,1500,VIDE,0.0,0.0,0.0,0.0,0.0,0.0,0,0,0.0,0.0,0.0,0.0,0.0,0.0,2.0,1.0,0.05,0.8,0.0,0.0,1
228,2026-04-22T14:28:07.272Z,S20260422_152751,SC01,AUTO,,16.1313,0.0641,start,0,1500,VIDE,0.0,0.0,0.0,0.0,0.0,0.0,0,0,0.0,0.0,0.0,0.0,0.0,0.0,2.0,1.0,0.05,0.8,0.0,0.0,1
229,2026-04-22T14:28:07.332Z,S20260422_152751,SC01,AUTO,,16.1909,0.0596,start,0,1500,VIDE,0.0,0.0,0.0,0.0,0.0,0.0,0,0,0.0,0.0,0.0,0.0,0.0,0.0,2.0,1.0,0.05,0.8,0.0,0.0,1
230,2026-04-22T14:28:07.409Z,S20260422_152751,SC01,AUTO,,16.2682,0.0773,start,0,1500,VIDE,0.0,0.0,0.0,0.0,0.0,0.0,0,0,0.0,0.0,0.0,0.0,0.0,0.0,2.0,1.0,0.05,0.8,0.0,0.0,1
231,2026-04-22T14:28:07.470Z,S20260422_152751,SC01,AUTO,,16.329,0.0608,start,0,1500,VIDE,0.0,0.0,0.0,0.0,0.0,0.0,0,0,0.0,0.0,0.0,0.0,0.0,0.0,2.0,1.0,0.05,0.8,0.0,0.0,1
232,2026-04-22T14:28:07.532Z,S20260422_152751,SC01,AUTO,,16.3911,0.0621,start,0,1500,VIDE,0.0,0.0,0.0,0.0,0.0,0.0,0,0,0.0,0.0,0.0,0.0,0.0,0.0,2.0,1.0,0.05,0.8,0.0,0.0,1
233,2026-04-22T14:28:07.592Z,S20260422_152751,SC01,AUTO,,16.4515,0.0603,start,0,1500,VIDE,0.0,0.0,0.0,0.0,0.0,0.0,0,0,0.0,0.0,0.0,0.0,0.0,0.0,2.0,1.0,0.05,0.8,0.0,0.0,1
234,2026-04-22T14:28:07.652Z,S20260422_152751,SC01,AUTO,,16.5114,0.06,start,0,1500,VIDE,0.0,0.0,0.0,0.0,0.0,0.0,0,0,0.0,0.0,0.0,0.0,0.0,0.0,2.0,1.0,0.05,0.8,0.0,0.0,1
235,2026-04-22T14:28:07.709Z,S20260422_152751,SC01,AUTO,,16.5682,0.0567,start,0,1500,VIDE,0.0,0.0,0.0,0.0,0.0,0.0,0,0,0.0,0.0,0.0,0.0,0.0,0.0,2.0,1.0,0.05,0.8,0.0,0.0,1
236,2026-04-22T14:28:07.772Z,S20260422_152751,SC01,AUTO,,16.6313,0.0631,start,0,1500,VIDE,0.0,0.0,0.0,0.0,0.0,0.0,0,0,0.0,0.0,0.0,0.0,0.0,0.0,2.0,1.0,0.05,0.8,0.0,0.0,1
237,2026-04-22T14:28:07.832Z,S20260422_152751,SC01,AUTO,,16.6914,0.0601,start,0,1500,VIDE,0.0,0.0,0.0,0.0,0.0,0.0,0,0,0.0,0.0,0.0,0.0,0.0,0.0,2.0,1.0,0.05,0.8,0.0,0.0,1
238,2026-04-22T14:28:07.907Z,S20260422_152751,SC01,AUTO,,16.7662,0.0748,start,0,1500,VIDE,0.0,0.0,0.0,0.0,0.0,0.0,0,0,0.0,0.0,0.0,0.0,0.0,0.0,2.0,1.0,0.05,0.8,0.0,0.0,1
239,2026-04-22T14:28:07.969Z,S20260422_152751,SC01,AUTO,,16.8284,0.0622,start,0,1500,VIDE,0.0,0.0,0.0,0.0,0.0,0.0,0,0,0.0,0.0,0.0,0.0,0.0,0.0,2.0,1.0,0.05,0.8,0.0,0.0,1
240,2026-04-22T14:28:08.030Z,S20260422_152751,SC01,AUTO,,16.8895,0.0611,start,0,1500,VIDE,0.0,0.0,0.0,0.0,0.0,0.0,0,0,0.0,0.0,0.0,0.0,0.0,0.0,2.0,1.0,0.05,0.8,0.0,0.0,1
241,2026-04-22T14:28:08.092Z,S20260422_152751,SC01,AUTO,,16.9514,0.0619,start,0,1500,VIDE,0.0,0.0,0.0,0.0,0.0,0.0,0,0,0.0,0.0,0.0,0.0,0.0,0.0,2.0,1.0,0.05,0.8,0.0,0.0,1
242,2026-04-22T14:28:08.152Z,S20260422_152751,SC01,AUTO,,17.0116,0.0602,start,0,1500,VIDE,0.0,0.0,0.0,0.0,0.0,0.0,0,0,0.0,0.0,0.0,0.0,0.0,0.0,2.0,1.0,0.05,0.8,0.0,0.0,1
243,2026-04-22T14:28:08.212Z,S20260422_152751,SC01,AUTO,,17.0716,0.0601,start,0,1500,VIDE,0.0,0.0,0.0,0.0,0.0,0.0,0,0,0.0,0.0,0.0,0.0,0.0,0.0,2.0,1.0,0.05,0.8,0.0,0.0,1
244,2026-04-22T14:28:08.272Z,S20260422_152751,SC01,AUTO,,17.1313,0.0597,start,0,1500,VIDE,0.0,0.0,0.0,0.0,0.0,0.0,0,0,0.0,0.0,0.0,0.0,0.0,0.0,2.0,1.0,0.05,0.8,0.0,0.0,1
245,2026-04-22T14:28:08.332Z,S20260422_152751,SC01,AUTO,,17.1914,0.0601,start,0,1500,VIDE,0.0,0.0,0.0,0.0,0.0,0.0,0,0,0.0,0.0,0.0,0.0,0.0,0.0,2.0,1.0,0.05,0.8,0.0,0.0,1
246,2026-04-22T14:28:08.401Z,S20260422_152751,SC01,AUTO,,17.2606,0.0691,start,0,1500,VIDE,0.0,0.0,0.0,0.0,0.0,0.0,0,0,0.0,0.0,0.0,0.0,0.0,0.0,2.0,1.0,0.05,0.8,0.0,0.0,1
247,2026-04-22T14:28:08.463Z,S20260422_152751,SC01,AUTO,,17.3218,0.0612,start,0,1500,VIDE,0.0,0.0,0.0,0.0,0.0,0.0,0,0,0.0,0.0,0.0,0.0,0.0,0.0,2.0,1.0,0.05,0.8,0.0,0.0,1
248,2026-04-22T14:28:08.526Z,S20260422_152751,SC01,AUTO,,17.3848,0.063,start,0,1500,VIDE,0.0,0.0,0.0,0.0,0.0,0.0,0,0,0.0,0.0,0.0,0.0,0.0,0.0,2.0,1.0,0.05,0.8,0.0,0.0,1
249,2026-04-22T14:28:08.588Z,S20260422_152751,SC01,AUTO,,17.4476,0.0628,start,0,1500,VIDE,0.0,0.0,0.0,0.0,0.0,0.0,0,0,0.0,0.0,0.0,0.0,0.0,0.0,2.0,1.0,0.05,0.8,0.0,0.0,1
250,2026-04-22T14:28:08.651Z,S20260422_152751,SC01,AUTO,,17.5103,0.0627,start,0,1500,VIDE,0.0,0.0,0.0,0.0,0.0,0.0,0,0,0.0,0.0,0.0,0.0,0.0,0.0,2.0,1.0,0.05,0.8,0.0,0.0,1
251,2026-04-22T14:28:08.712Z,S20260422_152751,SC01,AUTO,,17.5714,0.0611,start,0,1500,VIDE,0.0,0.0,0.0,0.0,0.0,0.0,0,0,0.0,0.0,0.0,0.0,0.0,0.0,2.0,1.0,0.05,0.8,0.0,0.0,1
252,2026-04-22T14:28:08.772Z,S20260422_152751,SC01,AUTO,,17.6315,0.0601,start,0,1500,VIDE,0.0,0.0,0.0,0.0,0.0,0.0,0,0,0.0,0.0,0.0,0.0,0.0,0.0,2.0,1.0,0.05,0.8,0.0,0.0,1
253,2026-04-22T14:28:08.832Z,S20260422_152751,SC01,AUTO,,17.6914,0.06,start,0,1500,VIDE,0.0,0.0,0.0,0.0,0.0,0.0,0,0,0.0,0.0,0.0,0.0,0.0,0.0,2.0,1.0,0.05,0.8,0.0,0.0,1
254,2026-04-22T14:28:08.899Z,S20260422_152751,SC01,AUTO,,17.7584,0.067,start,0,1500,VIDE,0.0,0.0,0.0,0.0,0.0,0.0,0,0,0.0,0.0,0.0,0.0,0.0,0.0,2.0,1.0,0.05,0.8,0.0,0.0,1
255,2026-04-22T14:28:08.960Z,S20260422_152751,SC01,AUTO,,17.8196,0.0611,start,0,1500,VIDE,0.0,0.0,0.0,0.0,0.0,0.0,0,0,0.0,0.0,0.0,0.0,0.0,0.0,2.0,1.0,0.05,0.8,0.0,0.0,1
256,2026-04-22T14:28:09.022Z,S20260422_152751,SC01,AUTO,,17.8816,0.062,start,0,1500,VIDE,0.0,0.0,0.0,0.0,0.0,0.0,0,0,0.0,0.0,0.0,0.0,0.0,0.0,2.0,1.0,0.05,0.8,0.0,0.0,1
257,2026-04-22T14:28:09.084Z,S20260422_152751,SC01,AUTO,,17.9431,0.0615,start,0,1500,VIDE,0.0,0.0,0.0,0.0,0.0,0.0,0,0,0.0,0.0,0.0,0.0,0.0,0.0,2.0,1.0,0.05,0.8,0.0,0.0,1
258,2026-04-22T14:28:09.145Z,S20260422_152751,SC01,AUTO,,18.0042,0.0611,start,0,1500,VIDE,0.0,0.0,0.0,0.0,0.0,0.0,0,0,0.0,0.0,0.0,0.0,0.0,0.0,2.0,1.0,0.05,0.8,0.0,0.0,1
259,2026-04-22T14:28:09.207Z,S20260422_152751,SC01,AUTO,,18.0662,0.062,start,0,1500,VIDE,0.0,0.0,0.0,0.0,0.0,0.0,0,0,0.0,0.0,0.0,0.0,0.0,0.0,2.0,1.0,0.05,0.8,0.0,0.0,1
260,2026-04-22T14:28:09.269Z,S20260422_152751,SC01,AUTO,,18.1284,0.0621,start,0,1500,VIDE,0.0,0.0,0.0,0.0,0.0,0.0,0,0,0.0,0.0,0.0,0.0,0.0,0.0,2.0,1.0,0.05,0.8,0.0,0.0,1
261,2026-04-22T14:28:09.332Z,S20260422_152751,SC01,AUTO,,18.1916,0.0633,start,0,1500,VIDE,0.0,0.0,0.0,0.0,0.0,0.0,0,0,0.0,0.0,0.0,0.0,0.0,0.0,2.0,1.0,0.05,0.8,0.0,0.0,1
262,2026-04-22T14:28:09.410Z,S20260422_152751,SC01,AUTO,,18.2688,0.0771,start,0,1500,VIDE,0.0,0.0,0.0,0.0,0.0,0.0,0,0,0.0,0.0,0.0,0.0,0.0,0.0,2.0,1.0,0.05,0.8,0.0,0.0,1
263,2026-04-22T14:28:09.471Z,S20260422_152751,SC01,AUTO,,18.3304,0.0616,start,0,1500,VIDE,0.0,0.0,0.0,0.0,0.0,0.0,0,0,0.0,0.0,0.0,0.0,0.0,0.0,2.0,1.0,0.05,0.8,0.0,0.0,1
264,2026-04-22T14:28:09.533Z,S20260422_152751,SC01,AUTO,,18.3921,0.0617,start,0,1500,VIDE,0.0,0.0,0.0,0.0,0.0,0.0,0,0,0.0,0.0,0.0,0.0,0.0,0.0,2.0,1.0,0.05,0.8,0.0,0.0,1
265,2026-04-22T14:28:09.593Z,S20260422_152751,SC01,AUTO,,18.4518,0.0597,start,0,1500,VIDE,0.0,0.0,0.0,0.0,0.0,0.0,0,0,0.0,0.0,0.0,0.0,0.0,0.0,2.0,1.0,0.05,0.8,0.0,0.0,1
266,2026-04-22T14:28:09.652Z,S20260422_152751,SC01,AUTO,,18.5117,0.0598,start,0,1500,VIDE,0.0,0.0,0.0,0.0,0.0,0.0,0,0,0.0,0.0,0.0,0.0,0.0,0.0,2.0,1.0,0.05,0.8,0.0,0.0,1
267,2026-04-22T14:28:09.707Z,S20260422_152751,SC01,AUTO,,18.5658,0.0541,start,0,1500,VIDE,0.0,0.0,0.0,0.0,0.0,0.0,0,0,0.0,0.0,0.0,0.0,0.0,0.0,2.0,1.0,0.05,0.8,0.0,0.0,1
268,2026-04-22T14:28:09.772Z,S20260422_152751,SC01,AUTO,,18.6316,0.0658,start,0,1500,VIDE,0.0,0.0,0.0,0.0,0.0,0.0,0,0,0.0,0.0,0.0,0.0,0.0,0.0,2.0,1.0,0.05,0.8,0.0,0.0,1
269,2026-04-22T14:28:09.832Z,S20260422_152751,SC01,AUTO,,18.6915,0.0599,start,0,1500,VIDE,0.0,0.0,0.0,0.0,0.0,0.0,0,0,0.0,0.0,0.0,0.0,0.0,0.0,2.0,1.0,0.05,0.8,0.0,0.0,1
270,2026-04-22T14:28:09.904Z,S20260422_152751,SC01,AUTO,,18.763,0.0715,start,0,1500,VIDE,0.0,0.0,0.0,0.0,0.0,0.0,0,0,0.0,0.0,0.0,0.0,0.0,0.0,2.0,1.0,0.05,0.8,0.0,0.0,1
271,2026-04-22T14:28:09.968Z,S20260422_152751,SC01,AUTO,,18.8268,0.0639,start,0,1500,VIDE,0.0,0.0,0.0,0.0,0.0,0.0,0,0,0.0,0.0,0.0,0.0,0.0,0.0,2.0,1.0,0.05,0.8,0.0,0.0,1
272,2026-04-22T14:28:10.030Z,S20260422_152751,SC01,AUTO,,18.8896,0.0628,start,0,1500,VIDE,0.0,0.0,0.0,0.0,0.0,0.0,0,0,0.0,0.0,0.0,0.0,0.0,0.0,2.0,1.0,0.05,0.8,0.0,0.0,1
273,2026-04-22T14:28:10.093Z,S20260422_152751,SC01,AUTO,,18.9517,0.0621,start,0,1500,VIDE,0.0,0.0,0.0,0.0,0.0,0.0,0,0,0.0,0.0,0.0,0.0,0.0,0.0,2.0,1.0,0.05,0.8,0.0,0.0,1
274,2026-04-22T14:28:10.153Z,S20260422_152751,SC01,AUTO,,19.0122,0.0605,start,0,1500,VIDE,0.0,0.0,0.0,0.0,0.0,0.0,0,0,0.0,0.0,0.0,0.0,0.0,0.0,2.0,1.0,0.05,0.8,0.0,0.0,1
275,2026-04-22T14:28:10.212Z,S20260422_152751,SC01,AUTO,,19.0715,0.0593,start,0,1500,VIDE,0.0,0.0,0.0,0.0,0.0,0.0,0,0,0.0,0.0,0.0,0.0,0.0,0.0,2.0,1.0,0.05,0.8,0.0,0.0,1
276,2026-04-22T14:28:10.272Z,S20260422_152751,SC01,AUTO,,19.1314,0.0599,start,0,1500,VIDE,0.0,0.0,0.0,0.0,0.0,0.0,0,0,0.0,0.0,0.0,0.0,0.0,0.0,2.0,1.0,0.05,0.8,0.0,0.0,1
277,2026-04-22T14:28:10.332Z,S20260422_152751,SC01,AUTO,,19.1914,0.0599,start,0,1500,VIDE,0.0,0.0,0.0,0.0,0.0,0.0,0,0,0.0,0.0,0.0,0.0,0.0,0.0,2.0,1.0,0.05,0.8,0.0,0.0,1
278,2026-04-22T14:28:10.405Z,S20260422_152751,SC01,AUTO,,19.2638,0.0724,start,0,1500,VIDE,0.0,0.0,0.0,0.0,0.0,0.0,0,0,0.0,0.0,0.0,0.0,0.0,0.0,2.0,1.0,0.05,0.8,0.0,0.0,1
279,2026-04-22T14:28:10.468Z,S20260422_152751,SC01,AUTO,,19.3273,0.0635,start,0,1500,VIDE,0.0,0.0,0.0,0.0,0.0,0.0,0,0,0.0,0.0,0.0,0.0,0.0,0.0,2.0,1.0,0.05,0.8,0.0,0.0,1
280,2026-04-22T14:28:10.527Z,S20260422_152751,SC01,AUTO,,19.386,0.0587,start,0,1500,VIDE,0.0,0.0,0.0,0.0,0.0,0.0,0,0,0.0,0.0,0.0,0.0,0.0,0.0,2.0,1.0,0.05,0.8,0.0,0.0,1
281,2026-04-22T14:28:10.583Z,S20260422_152751,SC01,AUTO,,19.4419,0.0559,start,0,1500,VIDE,0.0,0.0,0.0,0.0,0.0,0.0,0,0,0.0,0.0,0.0,0.0,0.0,0.0,2.0,1.0,0.05,0.8,0.0,0.0,1
282,2026-04-22T14:28:10.647Z,S20260422_152751,SC01,AUTO,,19.5059,0.064,start,0,1500,VIDE,0.0,0.0,0.0,0.0,0.0,0.0,0,0,0.0,0.0,0.0,0.0,0.0,0.0,2.0,1.0,0.05,0.8,0.0,0.0,1
283,2026-04-22T14:28:10.708Z,S20260422_152751,SC01,AUTO,,19.567,0.0611,start,0,1500,VIDE,0.0,0.0,0.0,0.0,0.0,0.0,0,0,0.0,0.0,0.0,0.0,0.0,0.0,2.0,1.0,0.05,0.8,0.0,0.0,1
284,2026-04-22T14:28:10.773Z,S20260422_152751,SC01,AUTO,,19.6321,0.0651,start,0,1500,VIDE,0.0,0.0,0.0,0.0,0.0,0.0,0,0,0.0,0.0,0.0,0.0,0.0,0.0,2.0,1.0,0.05,0.8,0.0,0.0,1
285,2026-04-22T14:28:10.832Z,S20260422_152751,SC01,AUTO,,19.6915,0.0595,start,0,1500,VIDE,0.0,0.0,0.0,0.0,0.0,0.0,0,0,0.0,0.0,0.0,0.0,0.0,0.0,2.0,1.0,0.05,0.8,0.0,0.0,1
286,2026-04-22T14:28:10.903Z,S20260422_152751,SC01,AUTO,,19.762,0.0705,start,0,1500,VIDE,0.0,0.0,0.0,0.0,0.0,0.0,0,0,0.0,0.0,0.0,0.0,0.0,0.0,2.0,1.0,0.05,0.8,0.0,0.0,1
287,2026-04-22T14:28:10.960Z,S20260422_152751,SC01,AUTO,,19.8189,0.0569,start,0,1500,VIDE,0.0,0.0,0.0,0.0,0.0,0.0,0,0,0.0,0.0,0.0,0.0,0.0,0.0,2.0,1.0,0.05,0.8,0.0,0.0,1
288,2026-04-22T14:28:11.024Z,S20260422_152751,SC01,AUTO,,19.8831,0.0642,start,0,1500,VIDE,0.0,0.0,0.0,0.0,0.0,0.0,0,0,0.0,0.0,0.0,0.0,0.0,0.0,2.0,1.0,0.05,0.8,0.0,0.0,1
289,2026-04-22T14:28:11.090Z,S20260422_152751,SC01,AUTO,,19.949,0.0659,start,0,1500,VIDE,0.0,0.0,0.0,0.0,0.0,0.0,0,0,0.0,0.0,0.0,0.0,0.0,0.0,2.0,1.0,0.05,0.8,0.0,0.0,1
290,2026-04-22T14:28:11.151Z,S20260422_152751,SC01,AUTO,,20.0103,0.0613,start,0,1500,VIDE,0.0,0.0,0.0,0.0,0.0,0.0,0,0,0.0,0.0,0.0,0.0,0.0,0.0,2.0,1.0,0.05,0.8,0.0,0.0,1
291,2026-04-22T14:28:11.212Z,S20260422_152751,SC01,AUTO,,20.0714,0.0611,start,0,1500,VIDE,0.0,0.0,0.0,0.0,0.0,0.0,0,0,0.0,0.0,0.0,0.0,0.0,0.0,2.0,1.0,0.05,0.8,0.0,0.0,1
292,2026-04-22T14:28:11.271Z,S20260422_152751,SC01,AUTO,,20.1303,0.0589,start,0,1500,VIDE,0.0,0.0,0.0,0.0,0.0,0.0,0,0,0.0,0.0,0.0,0.0,0.0,0.0,2.0,1.0,0.05,0.8,0.0,0.0,1
293,2026-04-22T14:28:11.332Z,S20260422_152751,SC01,AUTO,,20.1916,0.0613,start,0,1500,VIDE,0.0,0.0,0.0,0.0,0.0,0.0,0,0,0.0,0.0,0.0,0.0,0.0,0.0,2.0,1.0,0.05,0.8,0.0,0.0,1
294,2026-04-22T14:28:11.398Z,S20260422_152751,SC01,AUTO,,20.2573,0.0658,start,0,1500,VIDE,0.0,0.0,0.0,0.0,0.0,0.0,0,0,0.0,0.0,0.0,0.0,0.0,0.0,2.0,1.0,0.05,0.8,0.0,0.0,1
295,2026-04-22T14:28:11.461Z,S20260422_152751,SC01,AUTO,,20.3202,0.0629,start,0,1500,VIDE,0.0,0.0,0.0,0.0,0.0,0.0,0,0,0.0,0.0,0.0,0.0,0.0,0.0,2.0,1.0,0.05,0.8,0.0,0.0,1
296,2026-04-22T14:28:11.521Z,S20260422_152751,SC01,AUTO,,20.3804,0.0602,start,0,1500,VIDE,0.0,0.0,0.0,0.0,0.0,0.0,0,0,0.0,0.0,0.0,0.0,0.0,0.0,2.0,1.0,0.05,0.8,0.0,0.0,1
297,2026-04-22T14:28:11.583Z,S20260422_152751,SC01,AUTO,,20.4424,0.0619,start,0,1500,VIDE,0.0,0.0,0.0,0.0,0.0,0.0,0,0,0.0,0.0,0.0,0.0,0.0,0.0,2.0,1.0,0.05,0.8,0.0,0.0,1
298,2026-04-22T14:28:11.647Z,S20260422_152751,SC01,AUTO,,20.506,0.0637,start,0,1500,VIDE,0.0,0.0,0.0,0.0,0.0,0.0,0,0,0.0,0.0,0.0,0.0,0.0,0.0,2.0,1.0,0.05,0.8,0.0,0.0,1
299,2026-04-22T14:28:11.710Z,S20260422_152751,SC01,AUTO,,20.569,0.0629,start,0,1500,VIDE,0.0,0.0,0.0,0.0,0.0,0.0,0,0,0.0,0.0,0.0,0.0,0.0,0.0,2.0,1.0,0.05,0.8,0.0,0.0,1
300,2026-04-22T14:28:11.772Z,S20260422_152751,SC01,AUTO,,20.6313,0.0623,start,0,1500,VIDE,0.0,0.0,0.0,0.0,0.0,0.0,0,0,0.0,0.0,0.0,0.0,0.0,0.0,2.0,1.0,0.05,0.8,0.0,0.0,1
301,2026-04-22T14:28:11.832Z,S20260422_152751,SC01,AUTO,,20.691,0.0598,start,0,1500,VIDE,0.0,0.0,0.0,0.0,0.0,0.0,0,0,0.0,0.0,0.0,0.0,0.0,0.0,2.0,1.0,0.05,0.8,0.0,0.0,1
302,2026-04-22T14:28:11.895Z,S20260422_152751,SC01,AUTO,,20.7542,0.0632,start,0,1500,VIDE,0.0,0.0,0.0,0.0,0.0,0.0,0,0,0.0,0.0,0.0,0.0,0.0,0.0,2.0,1.0,0.05,0.8,0.0,0.0,1
303,2026-04-22T14:28:11.960Z,S20260422_152751,SC01,AUTO,,20.8188,0.0646,start,0,1500,VIDE,0.0,0.0,0.0,0.0,0.0,0.0,0,0,0.0,0.0,0.0,0.0,0.0,0.0,2.0,1.0,0.05,0.8,0.0,0.0,1
304,2026-04-22T14:28:12.023Z,S20260422_152751,SC01,AUTO,,20.8824,0.0636,start,0,1500,VIDE,0.0,0.0,0.0,0.0,0.0,0.0,0,0,0.0,0.0,0.0,0.0,0.0,0.0,2.0,1.0,0.05,0.8,0.0,0.0,1
305,2026-04-22T14:28:12.085Z,S20260422_152751,SC01,AUTO,,20.9443,0.062,start,0,1500,VIDE,0.0,0.0,0.0,0.0,0.0,0.0,0,0,0.0,0.0,0.0,0.0,0.0,0.0,2.0,1.0,0.05,0.8,0.0,0.0,1
306,2026-04-22T14:28:12.147Z,S20260422_152751,SC01,AUTO,,21.0064,0.0621,start,0,1500,VIDE,0.0,0.0,0.0,0.0,0.0,0.0,0,0,0.0,0.0,0.0,0.0,0.0,0.0,2.0,1.0,0.05,0.8,0.0,0.0,1
307,2026-04-22T14:28:12.209Z,S20260422_152751,SC01,AUTO,,21.0685,0.0621,start,0,1500,VIDE,0.0,0.0,0.0,0.0,0.0,0.0,0,0,0.0,0.0,0.0,0.0,0.0,0.0,2.0,1.0,0.05,0.8,0.0,0.0,1
308,2026-04-22T14:28:12.271Z,S20260422_152751,SC01,AUTO,,21.1301,0.0616,start,0,1500,VIDE,0.0,0.0,0.0,0.0,0.0,0.0,0,0,0.0,0.0,0.0,0.0,0.0,0.0,2.0,1.0,0.05,0.8,0.0,0.0,1
309,2026-04-22T14:28:12.332Z,S20260422_152751,SC01,AUTO,,21.1914,0.0613,start,0,1500,VIDE,0.0,0.0,0.0,0.0,0.0,0.0,0,0,0.0,0.0,0.0,0.0,0.0,0.0,2.0,1.0,0.05,0.8,0.0,0.0,1
310,2026-04-22T14:28:12.397Z,S20260422_152751,SC01,AUTO,,21.2561,0.0646,start,0,1500,VIDE,0.0,0.0,0.0,0.0,0.0,0.0,0,0,0.0,0.0,0.0,0.0,0.0,0.0,2.0,1.0,0.05,0.8,0.0,0.0,1
311,2026-04-22T14:28:12.460Z,S20260422_152751,SC01,AUTO,,21.3188,0.0627,start,0,1500,VIDE,0.0,0.0,0.0,0.0,0.0,0.0,0,0,0.0,0.0,0.0,0.0,0.0,0.0,2.0,1.0,0.05,0.8,0.0,0.0,1
312,2026-04-22T14:28:12.520Z,S20260422_152751,SC01,AUTO,,21.3788,0.0601,start,0,1500,VIDE,0.0,0.0,0.0,0.0,0.0,0.0,0,0,0.0,0.0,0.0,0.0,0.0,0.0,2.0,1.0,0.05,0.8,0.0,0.0,1
313,2026-04-22T14:28:12.583Z,S20260422_152751,SC01,AUTO,,21.4425,0.0637,start,0,1500,VIDE,0.0,0.0,0.0,0.0,0.0,0.0,0,0,0.0,0.0,0.0,0.0,0.0,0.0,2.0,1.0,0.05,0.8,0.0,0.0,1
314,2026-04-22T14:28:12.645Z,S20260422_152751,SC01,AUTO,,21.5042,0.0617,start,0,1500,VIDE,0.0,0.0,0.0,0.0,0.0,0.0,0,0,0.0,0.0,0.0,0.0,0.0,0.0,2.0,1.0,0.05,0.8,0.0,0.0,1
315,2026-04-22T14:28:12.709Z,S20260422_152751,SC01,AUTO,,21.5678,0.0636,start,0,1500,VIDE,0.0,0.0,0.0,0.0,0.0,0.0,0,0,0.0,0.0,0.0,0.0,0.0,0.0,2.0,1.0,0.05,0.8,0.0,0.0,1
316,2026-04-22T14:28:12.769Z,S20260422_152751,SC01,AUTO,,21.6287,0.0609,start,0,1500,VIDE,0.0,0.0,0.0,0.0,0.0,0.0,0,0,0.0,0.0,0.0,0.0,0.0,0.0,2.0,1.0,0.05,0.8,0.0,0.0,1
317,2026-04-22T14:28:12.833Z,S20260422_152751,SC01,AUTO,,21.692,0.0633,start,0,1500,VIDE,0.0,0.0,0.0,0.0,0.0,0.0,0,0,0.0,0.0,0.0,0.0,0.0,0.0,2.0,1.0,0.05,0.8,0.0,0.0,1
318,2026-04-22T14:28:12.895Z,S20260422_152751,SC01,AUTO,,21.7543,0.0623,start,0,1500,VIDE,0.0,0.0,0.0,0.0,0.0,0.0,0,0,0.0,0.0,0.0,0.0,0.0,0.0,2.0,1.0,0.05,0.8,0.0,0.0,1
319,2026-04-22T14:28:12.972Z,S20260422_152751,SC01,AUTO,,21.8316,0.0772,start,0,1500,VIDE,0.0,0.0,0.0,0.0,0.0,0.0,0,0,0.0,0.0,0.0,0.0,0.0,0.0,2.0,1.0,0.05,0.8,0.0,0.0,1
320,2026-04-22T14:28:13.033Z,S20260422_152751,SC01,AUTO,,21.8919,0.0603,start,0,1500,VIDE,0.0,0.0,0.0,0.0,0.0,0.0,0,0,0.0,0.0,0.0,0.0,0.0,0.0,2.0,1.0,0.05,0.8,0.0,0.0,1
321,2026-04-22T14:28:13.083Z,S20260422_152751,SC01,AUTO,,21.942,0.0501,start,0,1500,VIDE,0.0,0.0,0.0,0.0,0.0,0.0,0,0,0.0,0.0,0.0,0.0,0.0,0.0,2.0,1.0,0.05,0.8,0.0,0.0,1
322,2026-04-22T14:28:13.146Z,S20260422_152751,SC01,AUTO,,22.005,0.063,start,0,1500,VIDE,0.0,0.0,0.0,0.0,0.0,0.0,0,0,0.0,0.0,0.0,0.0,0.0,0.0,2.0,1.0,0.05,0.8,0.0,0.0,1
323,2026-04-22T14:28:13.207Z,S20260422_152751,SC01,AUTO,,22.0665,0.0615,start,0,1500,VIDE,0.0,0.0,0.0,0.0,0.0,0.0,0,0,0.0,0.0,0.0,0.0,0.0,0.0,2.0,1.0,0.05,0.8,0.0,0.0,1
324,2026-04-22T14:28:13.270Z,S20260422_152751,SC01,AUTO,,22.1294,0.0628,start,0,1500,VIDE,0.0,0.0,0.0,0.0,0.0,0.0,0,0,0.0,0.0,0.0,0.0,0.0,0.0,2.0,1.0,0.05,0.8,0.0,0.0,1
325,2026-04-22T14:28:13.332Z,S20260422_152751,SC01,AUTO,,22.1914,0.0621,start,0,1500,VIDE,0.0,0.0,0.0,0.0,0.0,0.0,0,0,0.0,0.0,0.0,0.0,0.0,0.0,2.0,1.0,0.05,0.8,0.0,0.0,1
326,2026-04-22T14:28:13.395Z,S20260422_152751,SC01,AUTO,,22.2546,0.0631,start,0,1500,VIDE,0.0,0.0,0.0,0.0,0.0,0.0,0,0,0.0,0.0,0.0,0.0,0.0,0.0,2.0,1.0,0.05,0.8,0.0,0.0,1
327,2026-04-22T14:28:13.458Z,S20260422_152751,SC01,AUTO,,22.3169,0.0623,start,0,1500,VIDE,0.0,0.0,0.0,0.0,0.0,0.0,0,0,0.0,0.0,0.0,0.0,0.0,0.0,2.0,1.0,0.05,0.8,0.0,0.0,1
328,2026-04-22T14:28:13.520Z,S20260422_152751,SC01,AUTO,,22.3797,0.0628,start,0,1500,VIDE,0.0,0.0,0.0,0.0,0.0,0.0,0,0,0.0,0.0,0.0,0.0,0.0,0.0,2.0,1.0,0.05,0.8,0.0,0.0,1
329,2026-04-22T14:28:13.583Z,S20260422_152751,SC01,AUTO,,22.442,0.0624,start,0,1500,VIDE,0.0,0.0,0.0,0.0,0.0,0.0,0,0,0.0,0.0,0.0,0.0,0.0,0.0,2.0,1.0,0.05,0.8,0.0,0.0,1
330,2026-04-22T14:28:13.645Z,S20260422_152751,SC01,AUTO,,22.5039,0.0618,start,0,1500,VIDE,0.0,0.0,0.0,0.0,0.0,0.0,0,0,0.0,0.0,0.0,0.0,0.0,0.0,2.0,1.0,0.05,0.8,0.0,0.0,1
331,2026-04-22T14:28:13.708Z,S20260422_152751,SC01,AUTO,,22.567,0.0631,start,0,1500,VIDE,0.0,0.0,0.0,0.0,0.0,0.0,0,0,0.0,0.0,0.0,0.0,0.0,0.0,2.0,1.0,0.05,0.8,0.0,0.0,1
332,2026-04-22T14:28:13.769Z,S20260422_152751,SC01,AUTO,,22.6286,0.0616,start,0,1500,VIDE,0.0,0.0,0.0,0.0,0.0,0.0,0,0,0.0,0.0,0.0,0.0,0.0,0.0,2.0,1.0,0.05,0.8,0.0,0.0,1
333,2026-04-22T14:28:13.832Z,S20260422_152751,SC01,AUTO,,22.6915,0.063,start,0,1500,VIDE,0.0,0.0,0.0,0.0,0.0,0.0,0,0,0.0,0.0,0.0,0.0,0.0,0.0,2.0,1.0,0.05,0.8,0.0,0.0,1
334,2026-04-22T14:28:13.895Z,S20260422_152751,SC01,AUTO,,22.7542,0.0627,start,0,1500,VIDE,0.0,0.0,0.0,0.0,0.0,0.0,0,0,0.0,0.0,0.0,0.0,0.0,0.0,2.0,1.0,0.05,0.8,0.0,0.0,1
335,2026-04-22T14:28:13.959Z,S20260422_152751,SC01,AUTO,,22.8185,0.0643,start,0,1500,VIDE,0.0,0.0,0.0,0.0,0.0,0.0,0,0,0.0,0.0,0.0,0.0,0.0,0.0,2.0,1.0,0.05,0.8,0.0,0.0,1
336,2026-04-22T14:28:14.033Z,S20260422_152751,SC01,AUTO,,22.8921,0.0735,start,0,1500,VIDE,0.0,0.0,0.0,0.0,0.0,0.0,0,0,0.0,0.0,0.0,0.0,0.0,0.0,2.0,1.0,0.05,0.8,0.0,0.0,1
337,2026-04-22T14:28:14.087Z,S20260422_152751,SC01,AUTO,,22.9461,0.0541,start,0,1500,VIDE,0.0,0.0,0.0,0.0,0.0,0.0,0,0,0.0,0.0,0.0,0.0,0.0,0.0,2.0,1.0,0.05,0.8,0.0,0.0,1
338,2026-04-22T14:28:14.146Z,S20260422_152751,SC01,AUTO,,23.0048,0.0588,start,0,1500,VIDE,0.0,0.0,0.0,0.0,0.0,0.0,0,0,0.0,0.0,0.0,0.0,0.0,0.0,2.0,1.0,0.05,0.8,0.0,0.0,1
339,2026-04-22T14:28:14.207Z,S20260422_152751,SC01,AUTO,,23.0664,0.0616,start,0,1500,VIDE,0.0,0.0,0.0,0.0,0.0,0.0,0,0,0.0,0.0,0.0,0.0,0.0,0.0,2.0,1.0,0.05,0.8,0.0,0.0,1
340,2026-04-22T14:28:14.271Z,S20260422_152751,SC01,AUTO,,23.1302,0.0638,start,0,1500,VIDE,0.0,0.0,0.0,0.0,0.0,0.0,0,0,0.0,0.0,0.0,0.0,0.0,0.0,2.0,1.0,0.05,0.8,0.0,0.0,1
341,2026-04-22T14:28:14.332Z,S20260422_152751,SC01,AUTO,,23.1916,0.0613,start,0,1500,VIDE,0.0,0.0,0.0,0.0,0.0,0.0,0,0,0.0,0.0,0.0,0.0,0.0,0.0,2.0,1.0,0.05,0.8,0.0,0.0,1
342,2026-04-22T14:28:14.408Z,S20260422_152751,SC01,AUTO,,23.267,0.0754,start,0,1500,VIDE,0.0,0.0,0.0,0.0,0.0,0.0,0,0,0.0,0.0,0.0,0.0,0.0,0.0,2.0,1.0,0.05,0.8,0.0,0.0,1
343,2026-04-22T14:28:14.463Z,S20260422_152751,SC01,AUTO,,23.3225,0.0555,start,0,1500,VIDE,0.0,0.0,0.0,0.0,0.0,0.0,0,0,0.0,0.0,0.0,0.0,0.0,0.0,2.0,1.0,0.05,0.8,0.0,0.0,1
344,2026-04-22T14:28:14.533Z,S20260422_152751,SC01,AUTO,,23.3919,0.0694,start,0,1500,VIDE,0.0,0.0,0.0,0.0,0.0,0.0,0,0,0.0,0.0,0.0,0.0,0.0,0.0,2.0,1.0,0.05,0.8,0.0,0.0,1
345,2026-04-22T14:28:14.592Z,S20260422_152751,SC01,AUTO,,23.4515,0.0596,start,0,1500,VIDE,0.0,0.0,0.0,0.0,0.0,0.0,0,0,0.0,0.0,0.0,0.0,0.0,0.0,2.0,1.0,0.05,0.8,0.0,0.0,1
346,2026-04-22T14:28:14.647Z,S20260422_152751,SC01,AUTO,,23.5063,0.0547,start,0,1500,VIDE,0.0,0.0,0.0,0.0,0.0,0.0,0,0,0.0,0.0,0.0,0.0,0.0,0.0,2.0,1.0,0.05,0.8,0.0,0.0,1
347,2026-04-22T14:28:14.713Z,S20260422_152751,SC01,AUTO,,23.5718,0.0656,start,0,1500,VIDE,0.0,0.0,0.0,0.0,0.0,0.0,0,0,0.0,0.0,0.0,0.0,0.0,0.0,2.0,1.0,0.05,0.8,0.0,0.0,1
348,2026-04-22T14:28:14.773Z,S20260422_152751,SC01,AUTO,,23.6322,0.0604,start,0,1500,VIDE,0.0,0.0,0.0,0.0,0.0,0.0,0,0,0.0,0.0,0.0,0.0,0.0,0.0,2.0,1.0,0.05,0.8,0.0,0.0,1
349,2026-04-22T14:28:14.832Z,S20260422_152751,SC01,AUTO,,23.6914,0.0592,start,0,1500,VIDE,0.0,0.0,0.0,0.0,0.0,0.0,0,0,0.0,0.0,0.0,0.0,0.0,0.0,2.0,1.0,0.05,0.8,0.0,0.0,1
350,2026-04-22T14:28:14.895Z,S20260422_152751,SC01,AUTO,,23.7545,0.063,start,0,1500,VIDE,0.0,0.0,0.0,0.0,0.0,0.0,0,0,0.0,0.0,0.0,0.0,0.0,0.0,2.0,1.0,0.05,0.8,0.0,0.0,1
351,2026-04-22T14:28:14.959Z,S20260422_152751,SC01,AUTO,,23.8184,0.0639,start,0,1500,VIDE,0.0,0.0,0.0,0.0,0.0,0.0,0,0,0.0,0.0,0.0,0.0,0.0,0.0,2.0,1.0,0.05,0.8,0.0,0.0,1
352,2026-04-22T14:28:15.023Z,S20260422_152751,SC01,AUTO,,23.8824,0.064,start,0,1500,VIDE,0.0,0.0,0.0,0.0,0.0,0.0,0,0,0.0,0.0,0.0,0.0,0.0,0.0,2.0,1.0,0.05,0.8,0.0,0.0,1
353,2026-04-22T14:28:15.093Z,S20260422_152751,SC01,AUTO,,23.9519,0.0694,start,0,1500,VIDE,0.0,0.0,0.0,0.0,0.0,0.0,0,0,0.0,0.0,0.0,0.0,0.0,0.0,2.0,1.0,0.05,0.8,0.0,0.0,1
354,2026-04-22T14:28:15.152Z,S20260422_152751,SC01,AUTO,,24.0107,0.0589,start,0,1500,VIDE,0.0,0.0,0.0,0.0,0.0,0.0,0,0,0.0,0.0,0.0,0.0,0.0,0.0,2.0,1.0,0.05,0.8,0.0,0.0,1
355,2026-04-22T14:28:15.213Z,S20260422_152751,SC01,AUTO,,24.0719,0.0612,start,0,1500,VIDE,0.0,0.0,0.0,0.0,0.0,0.0,0,0,0.0,0.0,0.0,0.0,0.0,0.0,2.0,1.0,0.05,0.8,0.0,0.0,1
356,2026-04-22T14:28:15.273Z,S20260422_152751,SC01,AUTO,,24.1318,0.0599,start,0,1500,VIDE,0.0,0.0,0.0,0.0,0.0,0.0,0,0,0.0,0.0,0.0,0.0,0.0,0.0,2.0,1.0,0.05,0.8,0.0,0.0,1
357,2026-04-22T14:28:15.332Z,S20260422_152751,SC01,AUTO,,24.1917,0.0599,start,0,1500,VIDE,0.0,0.0,0.0,0.0,0.0,0.0,0,0,0.0,0.0,0.0,0.0,0.0,0.0,2.0,1.0,0.05,0.8,0.0,0.0,1
358,2026-04-22T14:28:15.399Z,S20260422_152751,SC01,AUTO,,24.2584,0.0668,start,0,1500,VIDE,0.0,0.0,0.0,0.0,0.0,0.0,0,0,0.0,0.0,0.0,0.0,0.0,0.0,2.0,1.0,0.05,0.8,0.0,0.0,1
359,2026-04-22T14:28:15.463Z,S20260422_152751,SC01,AUTO,,24.3224,0.064,start,0,1500,VIDE,0.0,0.0,0.0,0.0,0.0,0.0,0,0,0.0,0.0,0.0,0.0,0.0,0.0,2.0,1.0,0.05,0.8,0.0,0.0,1
360,2026-04-22T14:28:15.530Z,S20260422_152751,SC01,AUTO,,24.3893,0.0669,start,0,1500,VIDE,0.0,0.0,0.0,0.0,0.0,0.0,0,0,0.0,0.0,0.0,0.0,0.0,0.0,2.0,1.0,0.05,0.8,0.0,0.0,1
361,2026-04-22T14:28:15.592Z,S20260422_152751,SC01,AUTO,,24.4511,0.0618,start,0,1500,VIDE,0.0,0.0,0.0,0.0,0.0,0.0,0,0,0.0,0.0,0.0,0.0,0.0,0.0,2.0,1.0,0.05,0.8,0.0,0.0,1
362,2026-04-22T14:28:15.652Z,S20260422_152751,SC01,AUTO,,24.5114,0.0604,start,0,1500,VIDE,0.0,0.0,0.0,0.0,0.0,0.0,0,0,0.0,0.0,0.0,0.0,0.0,0.0,2.0,1.0,0.05,0.8,0.0,0.0,1
363,2026-04-22T14:28:15.713Z,S20260422_152751,SC01,AUTO,,24.572,0.0606,start,0,1500,VIDE,0.0,0.0,0.0,0.0,0.0,0.0,0,0,0.0,0.0,0.0,0.0,0.0,0.0,2.0,1.0,0.05,0.8,0.0,0.0,1
364,2026-04-22T14:28:15.770Z,S20260422_152751,SC01,AUTO,,24.6294,0.0573,start,0,1500,VIDE,0.0,0.0,0.0,0.0,0.0,0.0,0,0,0.0,0.0,0.0,0.0,0.0,0.0,2.0,1.0,0.05,0.8,0.0,0.0,1
365,2026-04-22T14:28:15.832Z,S20260422_152751,SC01,AUTO,,24.6913,0.0619,start,0,1500,VIDE,0.0,0.0,0.0,0.0,0.0,0.0,0,0,0.0,0.0,0.0,0.0,0.0,0.0,2.0,1.0,0.05,0.8,0.0,0.0,1
366,2026-04-22T14:28:15.897Z,S20260422_152751,SC01,AUTO,,24.7562,0.065,start,0,1500,VIDE,0.0,0.0,0.0,0.0,0.0,0.0,0,0,0.0,0.0,0.0,0.0,0.0,0.0,2.0,1.0,0.05,0.8,0.0,0.0,1
367,2026-04-22T14:28:15.968Z,S20260422_152751,SC01,AUTO,,24.8275,0.0712,start,0,1500,VIDE,0.0,0.0,0.0,0.0,0.0,0.0,0,0,0.0,0.0,0.0,0.0,0.0,0.0,2.0,1.0,0.05,0.8,0.0,0.0,1
368,2026-04-22T14:28:16.023Z,S20260422_152751,SC01,AUTO,,24.8825,0.055,start,0,1500,VIDE,0.0,0.0,0.0,0.0,0.0,0.0,0,0,0.0,0.0,0.0,0.0,0.0,0.0,2.0,1.0,0.05,0.8,0.0,0.0,1
369,2026-04-22T14:28:16.087Z,S20260422_152751,SC01,AUTO,,24.9464,0.0639,start,0,1500,VIDE,0.0,0.0,0.0,0.0,0.0,0.0,0,0,0.0,0.0,0.0,0.0,0.0,0.0,2.0,1.0,0.05,0.8,0.0,0.0,1
370,2026-04-22T14:28:16.152Z,S20260422_152751,SC01,AUTO,,25.0112,0.0648,start,0,1500,VIDE,0.0,0.0,0.0,0.0,0.0,0.0,0,0,0.0,0.0,0.0,0.0,0.0,0.0,2.0,1.0,0.05,0.8,0.0,0.0,1
371,2026-04-22T14:28:16.207Z,S20260422_152751,SC01,AUTO,,25.0664,0.0552,start,0,1500,VIDE,0.0,0.0,0.0,0.0,0.0,0.0,0,0,0.0,0.0,0.0,0.0,0.0,0.0,2.0,1.0,0.05,0.8,0.0,0.0,1
372,2026-04-22T14:28:16.271Z,S20260422_152751,SC01,AUTO,,25.13,0.0636,start,0,1500,VIDE,0.0,0.0,0.0,0.0,0.0,0.0,0,0,0.0,0.0,0.0,0.0,0.0,0.0,2.0,1.0,0.05,0.8,0.0,0.0,1
373,2026-04-22T14:28:16.333Z,S20260422_152751,SC01,AUTO,,25.1917,0.0617,start,0,1500,VIDE,0.0,0.0,0.0,0.0,0.0,0.0,0,0,0.0,0.0,0.0,0.0,0.0,0.0,2.0,1.0,0.05,0.8,0.0,0.0,1
374,2026-04-22T14:28:16.401Z,S20260422_152751,SC01,AUTO,,25.2606,0.0688,start,0,1500,VIDE,0.0,0.0,0.0,0.0,0.0,0.0,0,0,0.0,0.0,0.0,0.0,0.0,0.0,2.0,1.0,0.05,0.8,0.0,0.0,1
375,2026-04-22T14:28:16.465Z,S20260422_152751,SC01,AUTO,,25.3242,0.0637,start,0,1500,VIDE,0.0,0.0,0.0,0.0,0.0,0.0,0,0,0.0,0.0,0.0,0.0,0.0,0.0,2.0,1.0,0.05,0.8,0.0,0.0,1
376,2026-04-22T14:28:16.529Z,S20260422_152751,SC01,AUTO,,25.3879,0.0636,start,0,1500,VIDE,0.0,0.0,0.0,0.0,0.0,0.0,0,0,0.0,0.0,0.0,0.0,0.0,0.0,2.0,1.0,0.05,0.8,0.0,0.0,1
377,2026-04-22T14:28:16.591Z,S20260422_152751,SC01,AUTO,,25.4501,0.0623,start,0,1500,VIDE,0.0,0.0,0.0,0.0,0.0,0.0,0,0,0.0,0.0,0.0,0.0,0.0,0.0,2.0,1.0,0.05,0.8,0.0,0.0,1
378,2026-04-22T14:28:16.652Z,S20260422_152751,SC01,AUTO,,25.5117,0.0615,start,0,1500,VIDE,0.0,0.0,0.0,0.0,0.0,0.0,0,0,0.0,0.0,0.0,0.0,0.0,0.0,2.0,1.0,0.05,0.8,0.0,0.0,1
379,2026-04-22T14:28:16.712Z,S20260422_152751,SC01,AUTO,,25.5716,0.0599,start,0,1500,VIDE,0.0,0.0,0.0,0.0,0.0,0.0,0,0,0.0,0.0,0.0,0.0,0.0,0.0,2.0,1.0,0.05,0.8,0.0,0.0,1
380,2026-04-22T14:28:16.773Z,S20260422_152751,SC01,AUTO,,25.6322,0.0606,start,0,1500,VIDE,0.0,0.0,0.0,0.0,0.0,0.0,0,0,0.0,0.0,0.0,0.0,0.0,0.0,2.0,1.0,0.05,0.8,0.0,0.0,1
381,2026-04-22T14:28:16.832Z,S20260422_152751,SC01,AUTO,,25.6917,0.0595,start,0,1500,VIDE,0.0,0.0,0.0,0.0,0.0,0.0,0,0,0.0,0.0,0.0,0.0,0.0,0.0,2.0,1.0,0.05,0.8,0.0,0.0,1
382,2026-04-22T14:28:16.904Z,S20260422_152751,SC01,AUTO,,25.7628,0.071,start,0,1500,VIDE,0.0,0.0,0.0,0.0,0.0,0.0,0,0,0.0,0.0,0.0,0.0,0.0,0.0,2.0,1.0,0.05,0.8,0.0,0.0,1
383,2026-04-22T14:28:16.965Z,S20260422_152751,SC01,AUTO,,25.8239,0.0611,start,0,1500,VIDE,0.0,0.0,0.0,0.0,0.0,0.0,0,0,0.0,0.0,0.0,0.0,0.0,0.0,2.0,1.0,0.05,0.8,0.0,0.0,1
384,2026-04-22T14:28:17.027Z,S20260422_152751,SC01,AUTO,,25.8859,0.062,start,0,1500,VIDE,0.0,0.0,0.0,0.0,0.0,0.0,0,0,0.0,0.0,0.0,0.0,0.0,0.0,2.0,1.0,0.05,0.8,0.0,0.0,1
385,2026-04-22T14:28:17.089Z,S20260422_152751,SC01,AUTO,,25.9477,0.0618,start,0,1500,VIDE,0.0,0.0,0.0,0.0,0.0,0.0,0,0,0.0,0.0,0.0,0.0,0.0,0.0,2.0,1.0,0.05,0.8,0.0,0.0,1
386,2026-04-22T14:28:17.152Z,S20260422_152751,SC01,AUTO,,26.0113,0.0636,start,0,1500,VIDE,0.0,0.0,0.0,0.0,0.0,0.0,0,0,0.0,0.0,0.0,0.0,0.0,0.0,2.0,1.0,0.05,0.8,0.0,0.0,1
387,2026-04-22T14:28:17.212Z,S20260422_152751,SC01,AUTO,,26.071,0.0597,start,0,1500,VIDE,0.0,0.0,0.0,0.0,0.0,0.0,0,0,0.0,0.0,0.0,0.0,0.0,0.0,2.0,1.0,0.05,0.8,0.0,0.0,1
388,2026-04-22T14:28:17.273Z,S20260422_152751,SC01,AUTO,,26.1322,0.0611,start,0,1500,VIDE,0.0,0.0,0.0,0.0,0.0,0.0,0,0,0.0,0.0,0.0,0.0,0.0,0.0,2.0,1.0,0.05,0.8,0.0,0.0,1
389,2026-04-22T14:28:17.333Z,S20260422_152751,SC01,AUTO,,26.1917,0.0596,start,0,1500,VIDE,0.0,0.0,0.0,0.0,0.0,0.0,0,0,0.0,0.0,0.0,0.0,0.0,0.0,2.0,1.0,0.05,0.8,0.0,0.0,1
390,2026-04-22T14:28:17.400Z,S20260422_152751,SC01,AUTO,,26.2589,0.0671,start,0,1500,VIDE,0.0,0.0,0.0,0.0,0.0,0.0,0,0,0.0,0.0,0.0,0.0,0.0,0.0,2.0,1.0,0.05,0.8,0.0,0.0,1
391,2026-04-22T14:28:17.461Z,S20260422_152751,SC01,AUTO,,26.3207,0.0618,start,0,1500,VIDE,0.0,0.0,0.0,0.0,0.0,0.0,0,0,0.0,0.0,0.0,0.0,0.0,0.0,2.0,1.0,0.05,0.8,0.0,0.0,1
392,2026-04-22T14:28:17.524Z,S20260422_152751,SC01,AUTO,,26.3833,0.0626,start,0,1500,VIDE,0.0,0.0,0.0,0.0,0.0,0.0,0,0,0.0,0.0,0.0,0.0,0.0,0.0,2.0,1.0,0.05,0.8,0.0,0.0,1
393,2026-04-22T14:28:17.586Z,S20260422_152751,SC01,AUTO,,26.4457,0.0624,start,0,1500,VIDE,0.0,0.0,0.0,0.0,0.0,0.0,0,0,0.0,0.0,0.0,0.0,0.0,0.0,2.0,1.0,0.05,0.8,0.0,0.0,1
394,2026-04-22T14:28:17.649Z,S20260422_152751,SC01,AUTO,,26.5081,0.0623,start,0,1500,VIDE,0.0,0.0,0.0,0.0,0.0,0.0,0,0,0.0,0.0,0.0,0.0,0.0,0.0,2.0,1.0,0.05,0.8,0.0,0.0,1
395,2026-04-22T14:28:17.710Z,S20260422_152751,SC01,AUTO,,26.5694,0.0614,start,0,1500,VIDE,0.0,0.0,0.0,0.0,0.0,0.0,0,0,0.0,0.0,0.0,0.0,0.0,0.0,2.0,1.0,0.05,0.8,0.0,0.0,1
396,2026-04-22T14:28:17.773Z,S20260422_152751,SC01,AUTO,,26.6323,0.0628,start,0,1500,VIDE,0.0,0.0,0.0,0.0,0.0,0.0,0,0,0.0,0.0,0.0,0.0,0.0,0.0,2.0,1.0,0.05,0.8,0.0,0.0,1
397,2026-04-22T14:28:17.833Z,S20260422_152751,SC01,AUTO,,26.6917,0.0595,start,0,1500,VIDE,0.0,0.0,0.0,0.0,0.0,0.0,0,0,0.0,0.0,0.0,0.0,0.0,0.0,2.0,1.0,0.05,0.8,0.0,0.0,1
398,2026-04-22T14:28:17.898Z,S20260422_152751,SC01,AUTO,,26.757,0.0652,start,0,1500,VIDE,0.0,0.0,0.0,0.0,0.0,0.0,0,0,0.0,0.0,0.0,0.0,0.0,0.0,2.0,1.0,0.05,0.8,0.0,0.0,1
399,2026-04-22T14:28:17.960Z,S20260422_152751,SC01,AUTO,,26.8194,0.0624,start,0,1500,VIDE,0.0,0.0,0.0,0.0,0.0,0.0,0,0,0.0,0.0,0.0,0.0,0.0,0.0,2.0,1.0,0.05,0.8,0.0,0.0,1
400,2026-04-22T14:28:18.021Z,S20260422_152751,SC01,AUTO,,26.8803,0.0609,start,0,1500,VIDE,0.0,0.0,0.0,0.0,0.0,0.0,0,0,0.0,0.0,0.0,0.0,0.0,0.0,2.0,1.0,0.05,0.8,0.0,0.0,1
401,2026-04-22T14:28:18.085Z,S20260422_152751,SC01,AUTO,,26.9437,0.0635,start,0,1500,VIDE,0.0,0.0,0.0,0.0,0.0,0.0,0,0,0.0,0.0,0.0,0.0,0.0,0.0,2.0,1.0,0.05,0.8,0.0,0.0,1
402,2026-04-22T14:28:18.149Z,S20260422_152751,SC01,AUTO,,27.0079,0.0641,start,0,1500,VIDE,0.0,0.0,0.0,0.0,0.0,0.0,0,0,0.0,0.0,0.0,0.0,0.0,0.0,2.0,1.0,0.05,0.8,0.0,0.0,1
403,2026-04-22T14:28:18.207Z,S20260422_152751,SC01,AUTO,,27.0665,0.0587,start,0,1500,VIDE,0.0,0.0,0.0,0.0,0.0,0.0,0,0,0.0,0.0,0.0,0.0,0.0,0.0,2.0,1.0,0.05,0.8,0.0,0.0,1
404,2026-04-22T14:28:18.271Z,S20260422_152751,SC01,AUTO,,27.1306,0.0641,start,0,1500,VIDE,0.0,0.0,0.0,0.0,0.0,0.0,0,0,0.0,0.0,0.0,0.0,0.0,0.0,2.0,1.0,0.05,0.8,0.0,0.0,1
405,2026-04-22T14:28:18.332Z,S20260422_152751,SC01,AUTO,,27.1914,0.0608,start,0,1500,VIDE,0.0,0.0,0.0,0.0,0.0,0.0,0,0,0.0,0.0,0.0,0.0,0.0,0.0,2.0,1.0,0.05,0.8,0.0,0.0,1
406,2026-04-22T14:28:18.397Z,S20260422_152751,SC01,AUTO,,27.256,0.0646,start,0,1500,VIDE,0.0,0.0,0.0,0.0,0.0,0.0,0,0,0.0,0.0,0.0,0.0,0.0,0.0,2.0,1.0,0.05,0.8,0.0,0.0,1
407,2026-04-22T14:28:18.460Z,S20260422_152751,SC01,AUTO,,27.3195,0.0635,start,0,1500,VIDE,0.0,0.0,0.0,0.0,0.0,0.0,0,0,0.0,0.0,0.0,0.0,0.0,0.0,2.0,1.0,0.05,0.8,0.0,0.0,1
408,2026-04-22T14:28:18.521Z,S20260422_152751,SC01,AUTO,,27.3804,0.0609,start,0,1500,VIDE,0.0,0.0,0.0,0.0,0.0,0.0,0,0,0.0,0.0,0.0,0.0,0.0,0.0,2.0,1.0,0.05,0.8,0.0,0.0,1
409,2026-04-22T14:28:18.584Z,S20260422_152751,SC01,AUTO,,27.4432,0.0627,start,0,1500,VIDE,0.0,0.0,0.0,0.0,0.0,0.0,0,0,0.0,0.0,0.0,0.0,0.0,0.0,2.0,1.0,0.05,0.8,0.0,0.0,1
410,2026-04-22T14:28:18.645Z,S20260422_152751,SC01,AUTO,,27.5039,0.0607,start,0,1500,VIDE,0.0,0.0,0.0,0.0,0.0,0.0,0,0,0.0,0.0,0.0,0.0,0.0,0.0,2.0,1.0,0.05,0.8,0.0,0.0,1
411,2026-04-22T14:28:18.707Z,S20260422_152751,SC01,AUTO,,27.5664,0.0625,start,0,1500,VIDE,0.0,0.0,0.0,0.0,0.0,0.0,0,0,0.0,0.0,0.0,0.0,0.0,0.0,2.0,1.0,0.05,0.8,0.0,0.0,1
412,2026-04-22T14:28:18.770Z,S20260422_152751,SC01,AUTO,,27.6288,0.0623,start,0,1500,VIDE,0.0,0.0,0.0,0.0,0.0,0.0,0,0,0.0,0.0,0.0,0.0,0.0,0.0,2.0,1.0,0.05,0.8,0.0,0.0,1
413,2026-04-22T14:28:18.832Z,S20260422_152751,SC01,AUTO,,27.6912,0.0624,start,0,1500,VIDE,0.0,0.0,0.0,0.0,0.0,0.0,0,0,0.0,0.0,0.0,0.0,0.0,0.0,2.0,1.0,0.05,0.8,0.0,0.0,1
414,2026-04-22T14:28:18.896Z,S20260422_152751,SC01,AUTO,,27.7554,0.0642,start,0,1500,VIDE,0.0,0.0,0.0,0.0,0.0,0.0,0,0,0.0,0.0,0.0,0.0,0.0,0.0,2.0,1.0,0.05,0.8,0.0,0.0,1
415,2026-04-22T14:28:18.957Z,S20260422_152751,SC01,AUTO,,27.8162,0.0608,start,0,1500,VIDE,0.0,0.0,0.0,0.0,0.0,0.0,0,0,0.0,0.0,0.0,0.0,0.0,0.0,2.0,1.0,0.05,0.8,0.0,0.0,1
416,2026-04-22T14:28:19.020Z,S20260422_152751,SC01,AUTO,,27.879,0.0628,start,0,1500,VIDE,0.0,0.0,0.0,0.0,0.0,0.0,0,0,0.0,0.0,0.0,0.0,0.0,0.0,2.0,1.0,0.05,0.8,0.0,0.0,1
417,2026-04-22T14:28:19.082Z,S20260422_152751,SC01,AUTO,,27.9414,0.0625,start,0,1500,VIDE,0.0,0.0,0.0,0.0,0.0,0.0,0,0,0.0,0.0,0.0,0.0,0.0,0.0,2.0,1.0,0.05,0.8,0.0,0.0,1
418,2026-04-22T14:28:19.145Z,S20260422_152751,SC01,AUTO,,28.0043,0.0629,start,0,1500,VIDE,0.0,0.0,0.0,0.0,0.0,0.0,0,0,0.0,0.0,0.0,0.0,0.0,0.0,2.0,1.0,0.05,0.8,0.0,0.0,1
419,2026-04-22T14:28:19.208Z,S20260422_152751,SC01,AUTO,,28.0669,0.0626,start,0,1500,VIDE,0.0,0.0,0.0,0.0,0.0,0.0,0,0,0.0,0.0,0.0,0.0,0.0,0.0,2.0,1.0,0.05,0.8,0.0,0.0,1
420,2026-04-22T14:28:19.270Z,S20260422_152751,SC01,AUTO,,28.1288,0.0619,start,0,1500,VIDE,0.0,0.0,0.0,0.0,0.0,0.0,0,0,0.0,0.0,0.0,0.0,0.0,0.0,2.0,1.0,0.05,0.8,0.0,0.0,1
421,2026-04-22T14:28:19.333Z,S20260422_152751,SC01,AUTO,,28.192,0.0632,start,0,1500,VIDE,0.0,0.0,0.0,0.0,0.0,0.0,0,0,0.0,0.0,0.0,0.0,0.0,0.0,2.0,1.0,0.05,0.8,0.0,0.0,1
422,2026-04-22T14:28:19.409Z,S20260422_152751,SC01,AUTO,,28.2687,0.0767,start,0,1500,VIDE,0.0,0.0,0.0,0.0,0.0,0.0,0,0,0.0,0.0,0.0,0.0,0.0,0.0,2.0,1.0,0.05,0.8,0.0,0.0,1
423,2026-04-22T14:28:19.471Z,S20260422_152751,SC01,AUTO,,28.3298,0.0611,start,0,1500,VIDE,0.0,0.0,0.0,0.0,0.0,0.0,0,0,0.0,0.0,0.0,0.0,0.0,0.0,2.0,1.0,0.05,0.8,0.0,0.0,1
424,2026-04-22T14:28:19.527Z,S20260422_152751,SC01,AUTO,,28.3863,0.0566,start,0,1500,VIDE,0.0,0.0,0.0,0.0,0.0,0.0,0,0,0.0,0.0,0.0,0.0,0.0,0.0,2.0,1.0,0.05,0.8,0.0,0.0,1
425,2026-04-22T14:28:19.583Z,S20260422_152751,SC01,AUTO,,28.4422,0.0559,start,0,1500,VIDE,0.0,0.0,0.0,0.0,0.0,0.0,0,0,0.0,0.0,0.0,0.0,0.0,0.0,2.0,1.0,0.05,0.8,0.0,0.0,1
426,2026-04-22T14:28:19.647Z,S20260422_152751,SC01,AUTO,,28.5065,0.0643,start,0,1500,VIDE,0.0,0.0,0.0,0.0,0.0,0.0,0,0,0.0,0.0,0.0,0.0,0.0,0.0,2.0,1.0,0.05,0.8,0.0,0.0,1
427,2026-04-22T14:28:19.711Z,S20260422_152751,SC01,AUTO,,28.5706,0.0641,start,0,1500,VIDE,0.0,0.0,0.0,0.0,0.0,0.0,0,0,0.0,0.0,0.0,0.0,0.0,0.0,2.0,1.0,0.05,0.8,0.0,0.0,1
428,2026-04-22T14:28:19.773Z,S20260422_152751,SC01,AUTO,,28.6318,0.0613,start,0,1500,VIDE,0.0,0.0,0.0,0.0,0.0,0.0,0,0,0.0,0.0,0.0,0.0,0.0,0.0,2.0,1.0,0.05,0.8,0.0,0.0,1
429,2026-04-22T14:28:19.832Z,S20260422_152751,SC01,AUTO,,28.6917,0.0598,start,0,1500,VIDE,0.0,0.0,0.0,0.0,0.0,0.0,0,0,0.0,0.0,0.0,0.0,0.0,0.0,2.0,1.0,0.05,0.8,0.0,0.0,1
430,2026-04-22T14:28:19.895Z,S20260422_152751,SC01,AUTO,,28.7542,0.0625,start,0,1500,VIDE,0.0,0.0,0.0,0.0,0.0,0.0,0,0,0.0,0.0,0.0,0.0,0.0,0.0,2.0,1.0,0.05,0.8,0.0,0.0,1
431,2026-04-22T14:28:19.972Z,S20260422_152751,SC01,AUTO,,28.8316,0.0774,start,0,1500,VIDE,0.0,0.0,0.0,0.0,0.0,0.0,0,0,0.0,0.0,0.0,0.0,0.0,0.0,2.0,1.0,0.05,0.8,0.0,0.0,1
432,2026-04-22T14:28:20.051Z,S20260422_152751,SC01,AUTO,,28.9101,0.0785,start,0,1500,VIDE,0.0,0.0,0.0,0.0,0.0,0.0,0,0,0.0,0.0,0.0,0.0,0.0,0.0,2.0,1.0,0.05,0.8,0.0,0.0,1
433,2026-04-22T14:28:20.113Z,S20260422_152751,SC01,AUTO,,28.9726,0.0625,start,0,1500,VIDE,0.0,0.0,0.0,0.0,0.0,0.0,0,0,0.0,0.0,0.0,0.0,0.0,0.0,2.0,1.0,0.05,0.8,0.0,0.0,1
434,2026-04-22T14:28:20.175Z,S20260422_152751,SC01,AUTO,,29.0347,0.062,start,0,1500,VIDE,0.0,0.0,0.0,0.0,0.0,0.0,0,0,0.0,0.0,0.0,0.0,0.0,0.0,2.0,1.0,0.05,0.8,0.0,0.0,1
435,2026-04-22T14:28:20.239Z,S20260422_152751,SC01,AUTO,,29.098,0.0633,start,0,1500,VIDE,0.0,0.0,0.0,0.0,0.0,0.0,0,0,0.0,0.0,0.0,0.0,0.0,0.0,2.0,1.0,0.05,0.8,0.0,0.0,1
436,2026-04-22T14:28:20.303Z,S20260422_152751,SC01,AUTO,,29.1625,0.0646,start,0,1500,VIDE,0.0,0.0,0.0,0.0,0.0,0.0,0,0,0.0,0.0,0.0,0.0,0.0,0.0,2.0,1.0,0.05,0.8,0.0,0.0,1
437,2026-04-22T14:28:20.364Z,S20260422_152751,SC01,AUTO,,29.2236,0.0611,start,0,1500,VIDE,0.0,0.0,0.0,0.0,0.0,0.0,0,0,0.0,0.0,0.0,0.0,0.0,0.0,2.0,1.0,0.05,0.8,0.0,0.0,1
438,2026-04-22T14:28:20.425Z,S20260422_152751,SC01,AUTO,,29.2847,0.0611,start,0,1500,VIDE,0.0,0.0,0.0,0.0,0.0,0.0,0,0,0.0,0.0,0.0,0.0,0.0,0.0,2.0,1.0,0.05,0.8,0.0,0.0,1
439,2026-04-22T14:28:20.493Z,S20260422_152751,SC01,AUTO,,29.3522,0.0675,start,0,1500,VIDE,0.0,0.0,0.0,0.0,0.0,0.0,0,0,0.0,0.0,0.0,0.0,0.0,0.0,2.0,1.0,0.05,0.8,0.0,0.0,1
440,2026-04-22T14:28:20.552Z,S20260422_152751,SC01,AUTO,,29.4113,0.0591,start,0,1500,VIDE,0.0,0.0,0.0,0.0,0.0,0.0,0,0,0.0,0.0,0.0,0.0,0.0,0.0,2.0,1.0,0.05,0.8,0.0,0.0,1
441,2026-04-22T14:28:20.627Z,S20260422_152751,SC01,AUTO,,29.4858,0.0745,start,0,1500,VIDE,0.0,0.0,0.0,0.0,0.0,0.0,0,0,0.0,0.0,0.0,0.0,0.0,0.0,2.0,1.0,0.05,0.8,0.0,0.0,1
442,2026-04-22T14:28:20.689Z,S20260422_152751,SC01,AUTO,,29.5483,0.0625,start,0,1500,VIDE,0.0,0.0,0.0,0.0,0.0,0.0,0,0,0.0,0.0,0.0,0.0,0.0,0.0,2.0,1.0,0.05,0.8,0.0,0.0,1
443,2026-04-22T14:28:20.751Z,S20260422_152751,SC01,AUTO,,29.6107,0.0624,start,0,1500,VIDE,0.0,0.0,0.0,0.0,0.0,0.0,0,0,0.0,0.0,0.0,0.0,0.0,0.0,2.0,1.0,0.05,0.8,0.0,0.0,1
444,2026-04-22T14:28:20.813Z,S20260422_152751,SC01,AUTO,,29.6719,0.0612,start,0,1500,VIDE,0.0,0.0,0.0,0.0,0.0,0.0,0,0,0.0,0.0,0.0,0.0,0.0,0.0,2.0,1.0,0.05,0.8,0.0,0.0,1
445,2026-04-22T14:28:20.873Z,S20260422_152751,SC01,AUTO,,29.7318,0.0598,start,0,1500,VIDE,0.0,0.0,0.0,0.0,0.0,0.0,0,0,0.0,0.0,0.0,0.0,0.0,0.0,2.0,1.0,0.05,0.8,0.0,0.0,1
446,2026-04-22T14:28:20.932Z,S20260422_152751,SC01,AUTO,,29.7916,0.0598,start,0,1500,VIDE,0.0,0.0,0.0,0.0,0.0,0.0,0,0,0.0,0.0,0.0,0.0,0.0,0.0,2.0,1.0,0.05,0.8,0.0,0.0,1
447,2026-04-22T14:28:20.993Z,S20260422_152751,SC01,AUTO,,29.8518,0.0602,start,0,1500,VIDE,0.0,0.0,0.0,0.0,0.0,0.0,0,0,0.0,0.0,0.0,0.0,0.0,0.0,2.0,1.0,0.05,0.8,0.0,0.0,1
448,2026-04-22T14:28:21.052Z,S20260422_152751,SC01,AUTO,,29.9117,0.0599,start,0,1500,VIDE,0.0,0.0,0.0,0.0,0.0,0.0,0,0,0.0,0.0,0.0,0.0,0.0,0.0,2.0,1.0,0.05,0.8,0.0,0.0,1
449,2026-04-22T14:28:21.126Z,S20260422_152751,SC01,AUTO,,29.9849,0.0732,start,0,1500,VIDE,0.0,0.0,0.0,0.0,0.0,0.0,0,0,0.0,0.0,0.0,0.0,0.0,0.0,2.0,1.0,0.05,0.8,0.0,0.0,1
450,2026-04-22T14:28:21.184Z,S20260422_152751,SC01,AUTO,,30.0432,0.0583,start,0,1500,VIDE,0.0,0.0,0.0,0.0,0.0,0.0,0,0,0.0,0.0,0.0,0.0,0.0,0.0,2.0,1.0,0.05,0.8,0.0,0.0,1
451,2026-04-22T14:28:21.250Z,S20260422_152751,SC01,AUTO,,30.1089,0.0657,start,0,1500,VIDE,0.0,0.0,0.0,0.0,0.0,0.0,0,0,0.0,0.0,0.0,0.0,0.0,0.0,2.0,1.0,0.05,0.8,0.0,0.0,1
452,2026-04-22T14:28:21.313Z,S20260422_152751,SC01,AUTO,,30.1717,0.0629,start,0,1500,VIDE,0.0,0.0,0.0,0.0,0.0,0.0,0,0,0.0,0.0,0.0,0.0,0.0,0.0,2.0,1.0,0.05,0.8,0.0,0.0,1
453,2026-04-22T14:28:21.373Z,S20260422_152751,SC01,AUTO,,30.232,0.0602,start,0,1500,VIDE,0.0,0.0,0.0,0.0,0.0,0.0,0,0,0.0,0.0,0.0,0.0,0.0,0.0,2.0,1.0,0.05,0.8,0.0,0.0,1
454,2026-04-22T14:28:21.426Z,S20260422_152751,SC01,AUTO,,30.2849,0.0529,start,0,1500,VIDE,0.0,0.0,0.0,0.0,0.0,0.0,0,0,0.0,0.0,0.0,0.0,0.0,0.0,2.0,1.0,0.05,0.8,0.0,0.0,1
455,2026-04-22T14:28:21.492Z,S20260422_152751,SC01,AUTO,,30.3513,0.0664,start,0,1500,VIDE,0.0,0.0,0.0,0.0,0.0,0.0,0,0,0.0,0.0,0.0,0.0,0.0,0.0,2.0,1.0,0.05,0.8,0.0,0.0,1
456,2026-04-22T14:28:21.553Z,S20260422_152751,SC01,AUTO,,30.4118,0.0605,start,0,1500,VIDE,0.0,0.0,0.0,0.0,0.0,0.0,0,0,0.0,0.0,0.0,0.0,0.0,0.0,2.0,1.0,0.05,0.8,0.0,0.0,1
457,2026-04-22T14:28:21.617Z,S20260422_152751,SC01,AUTO,,30.4762,0.0644,start,0,1500,VIDE,0.0,0.0,0.0,0.0,0.0,0.0,0,0,0.0,0.0,0.0,0.0,0.0,0.0,2.0,1.0,0.05,0.8,0.0,0.0,1
458,2026-04-22T14:28:21.680Z,S20260422_152751,SC01,AUTO,,30.5388,0.0626,start,0,1500,VIDE,0.0,0.0,0.0,0.0,0.0,0.0,0,0,0.0,0.0,0.0,0.0,0.0,0.0,2.0,1.0,0.05,0.8,0.0,0.0,1
459,2026-04-22T14:28:21.750Z,S20260422_152751,SC01,AUTO,,30.6096,0.0708,start,0,1500,VIDE,0.0,0.0,0.0,0.0,0.0,0.0,0,0,0.0,0.0,0.0,0.0,0.0,0.0,2.0,1.0,0.05,0.8,0.0,0.0,1
460,2026-04-22T14:28:21.812Z,S20260422_152751,SC01,AUTO,,30.6715,0.0618,start,0,1500,VIDE,0.0,0.0,0.0,0.0,0.0,0.0,0,0,0.0,0.0,0.0,0.0,0.0,0.0,2.0,1.0,0.05,0.8,0.0,0.0,1
461,2026-04-22T14:28:21.872Z,S20260422_152751,SC01,AUTO,,30.7311,0.0596,start,0,1500,VIDE,0.0,0.0,0.0,0.0,0.0,0.0,0,0,0.0,0.0,0.0,0.0,0.0,0.0,2.0,1.0,0.05,0.8,0.0,0.0,1
462,2026-04-22T14:28:21.933Z,S20260422_152751,SC01,AUTO,,30.7919,0.0608,start,0,1500,VIDE,0.0,0.0,0.0,0.0,0.0,0.0,0,0,0.0,0.0,0.0,0.0,0.0,0.0,2.0,1.0,0.05,0.8,0.0,0.0,1
463,2026-04-22T14:28:21.993Z,S20260422_152751,SC01,AUTO,,30.852,0.0602,start,0,1500,VIDE,0.0,0.0,0.0,0.0,0.0,0.0,0,0,0.0,0.0,0.0,0.0,0.0,0.0,2.0,1.0,0.05,0.8,0.0,0.0,1
464,2026-04-22T14:28:22.053Z,S20260422_152751,SC01,AUTO,,30.9119,0.0598,start,0,1500,VIDE,0.0,0.0,0.0,0.0,0.0,0.0,0,0,0.0,0.0,0.0,0.0,0.0,0.0,2.0,1.0,0.05,0.8,0.0,0.0,1
465,2026-04-22T14:28:22.124Z,S20260422_152751,SC01,AUTO,,30.9829,0.071,start,0,1500,VIDE,0.0,0.0,0.0,0.0,0.0,0.0,0,0,0.0,0.0,0.0,0.0,0.0,0.0,2.0,1.0,0.05,0.8,0.0,0.0,1
466,2026-04-22T14:28:22.186Z,S20260422_152751,SC01,AUTO,,31.0449,0.0621,start,0,1500,VIDE,0.0,0.0,0.0,0.0,0.0,0.0,0,0,0.0,0.0,0.0,0.0,0.0,0.0,2.0,1.0,0.05,0.8,0.0,0.0,1
467,2026-04-22T14:28:22.250Z,S20260422_152751,SC01,AUTO,,31.109,0.064,start,0,1500,VIDE,0.0,0.0,0.0,0.0,0.0,0.0,0,0,0.0,0.0,0.0,0.0,0.0,0.0,2.0,1.0,0.05,0.8,0.0,0.0,1
468,2026-04-22T14:28:22.312Z,S20260422_152751,SC01,AUTO,,31.1707,0.0618,start,0,1500,VIDE,0.0,0.0,0.0,0.0,0.0,0.0,0,0,0.0,0.0,0.0,0.0,0.0,0.0,2.0,1.0,0.05,0.8,0.0,0.0,1
469,2026-04-22T14:28:22.372Z,S20260422_152751,SC01,AUTO,,31.2313,0.0606,start,0,1500,VIDE,0.0,0.0,0.0,0.0,0.0,0.0,0,0,0.0,0.0,0.0,0.0,0.0,0.0,2.0,1.0,0.05,0.8,0.0,0.0,1
470,2026-04-22T14:28:22.432Z,S20260422_152751,SC01,AUTO,,31.291,0.0597,start,0,1500,VIDE,0.0,0.0,0.0,0.0,0.0,0.0,0,0,0.0,0.0,0.0,0.0,0.0,0.0,2.0,1.0,0.05,0.8,0.0,0.0,1
471,2026-04-22T14:28:22.493Z,S20260422_152751,SC01,AUTO,,31.3519,0.0609,start,0,1500,VIDE,0.0,0.0,0.0,0.0,0.0,0.0,0,0,0.0,0.0,0.0,0.0,0.0,0.0,2.0,1.0,0.05,0.8,0.0,0.0,1
472,2026-04-22T14:28:22.553Z,S20260422_152751,SC01,AUTO,,31.4118,0.06,start,0,1500,VIDE,0.0,0.0,0.0,0.0,0.0,0.0,0,0,0.0,0.0,0.0,0.0,0.0,0.0,2.0,1.0,0.05,0.8,0.0,0.0,1
473,2026-04-22T14:28:22.615Z,S20260422_152751,SC01,AUTO,,31.4747,0.0628,start,0,1500,VIDE,0.0,0.0,0.0,0.0,0.0,0.0,0,0,0.0,0.0,0.0,0.0,0.0,0.0,2.0,1.0,0.05,0.8,0.0,0.0,1
474,2026-04-22T14:28:22.686Z,S20260422_152751,SC01,AUTO,,31.5448,0.0701,start,0,1500,VIDE,0.0,0.0,0.0,0.0,0.0,0.0,0,0,0.0,0.0,0.0,0.0,0.0,0.0,2.0,1.0,0.05,0.8,0.0,0.0,1
475,2026-04-22T14:28:22.747Z,S20260422_152751,SC01,AUTO,,31.6065,0.0617,start,0,1500,VIDE,0.0,0.0,0.0,0.0,0.0,0.0,0,0,0.0,0.0,0.0,0.0,0.0,0.0,2.0,1.0,0.05,0.8,0.0,0.0,1
476,2026-04-22T14:28:22.800Z,S20260422_152751,SC01,AUTO,,31.6597,0.0531,start,0,1500,VIDE,0.0,0.0,0.0,0.0,0.0,0.0,0,0,0.0,0.0,0.0,0.0,0.0,0.0,2.0,1.0,0.05,0.8,0.0,0.0,1
477,2026-04-22T14:28:22.866Z,S20260422_152751,SC01,AUTO,,31.7248,0.0651,start,0,1500,VIDE,0.0,0.0,0.0,0.0,0.0,0.0,0,0,0.0,0.0,0.0,0.0,0.0,0.0,2.0,1.0,0.05,0.8,0.0,0.0,1
478,2026-04-22T14:28:22.933Z,S20260422_152751,SC01,AUTO,,31.7919,0.0671,start,0,1500,VIDE,0.0,0.0,0.0,0.0,0.0,0.0,0,0,0.0,0.0,0.0,0.0,0.0,0.0,2.0,1.0,0.05,0.8,0.0,0.0,1
479,2026-04-22T14:28:22.991Z,S20260422_152751,SC01,AUTO,,31.8506,0.0587,start,0,1500,VIDE,0.0,0.0,0.0,0.0,0.0,0.0,0,0,0.0,0.0,0.0,0.0,0.0,0.0,2.0,1.0,0.05,0.8,0.0,0.0,1
480,2026-04-22T14:28:23.053Z,S20260422_152751,SC01,AUTO,,31.9119,0.0613,start,0,1500,VIDE,0.0,0.0,0.0,0.0,0.0,0.0,0,0,0.0,0.0,0.0,0.0,0.0,0.0,2.0,1.0,0.05,0.8,0.0,0.0,1
481,2026-04-22T14:28:23.121Z,S20260422_152751,SC01,AUTO,,31.9799,0.068,start,0,1500,VIDE,0.0,0.0,0.0,0.0,0.0,0.0,0,0,0.0,0.0,0.0,0.0,0.0,0.0,2.0,1.0,0.05,0.8,0.0,0.0,1
482,2026-04-22T14:28:23.177Z,S20260422_152751,SC01,AUTO,,32.0359,0.056,start,0,1500,VIDE,0.0,0.0,0.0,0.0,0.0,0.0,0,0,0.0,0.0,0.0,0.0,0.0,0.0,2.0,1.0,0.05,0.8,0.0,0.0,1
483,2026-04-22T14:28:23.240Z,S20260422_152751,SC01,AUTO,,32.0987,0.0628,start,0,1500,VIDE,0.0,0.0,0.0,0.0,0.0,0.0,0,0,0.0,0.0,0.0,0.0,0.0,0.0,2.0,1.0,0.05,0.8,0.0,0.0,1
484,2026-04-22T14:28:23.301Z,S20260422_152751,SC01,AUTO,,32.16,0.0613,start,0,1500,VIDE,0.0,0.0,0.0,0.0,0.0,0.0,0,0,0.0,0.0,0.0,0.0,0.0,0.0,2.0,1.0,0.05,0.8,0.0,0.0,1
485,2026-04-22T14:28:23.363Z,S20260422_152751,SC01,AUTO,,32.2226,0.0626,start,0,1500,VIDE,0.0,0.0,0.0,0.0,0.0,0.0,0,0,0.0,0.0,0.0,0.0,0.0,0.0,2.0,1.0,0.05,0.8,0.0,0.0,1
486,2026-04-22T14:28:23.431Z,S20260422_152751,SC01,AUTO,,32.2906,0.068,start,0,1500,VIDE,0.0,0.0,0.0,0.0,0.0,0.0,0,0,0.0,0.0,0.0,0.0,0.0,0.0,2.0,1.0,0.05,0.8,0.0,0.0,1
487,2026-04-22T14:28:23.493Z,S20260422_152751,SC01,AUTO,,32.3521,0.0615,start,0,1500,VIDE,0.0,0.0,0.0,0.0,0.0,0.0,0,0,0.0,0.0,0.0,0.0,0.0,0.0,2.0,1.0,0.05,0.8,0.0,0.0,1
488,2026-04-22T14:28:23.551Z,S20260422_152751,SC01,AUTO,,32.4105,0.0583,start,0,1500,VIDE,0.0,0.0,0.0,0.0,0.0,0.0,0,0,0.0,0.0,0.0,0.0,0.0,0.0,2.0,1.0,0.05,0.8,0.0,0.0,1
489,2026-04-22T14:28:23.622Z,S20260422_152751,SC01,AUTO,,32.4812,0.0707,start,0,1500,VIDE,0.0,0.0,0.0,0.0,0.0,0.0,0,0,0.0,0.0,0.0,0.0,0.0,0.0,2.0,1.0,0.05,0.8,0.0,0.0,1
490,2026-04-22T14:28:23.684Z,S20260422_152751,SC01,AUTO,,32.5432,0.0621,start,0,1500,VIDE,0.0,0.0,0.0,0.0,0.0,0.0,0,0,0.0,0.0,0.0,0.0,0.0,0.0,2.0,1.0,0.05,0.8,0.0,0.0,1
491,2026-04-22T14:28:23.747Z,S20260422_152751,SC01,AUTO,,32.6067,0.0634,start,0,1500,VIDE,0.0,0.0,0.0,0.0,0.0,0.0,0,0,0.0,0.0,0.0,0.0,0.0,0.0,2.0,1.0,0.05,0.8,0.0,0.0,1
492,2026-04-22T14:28:23.808Z,S20260422_152751,SC01,AUTO,,32.6669,0.0602,start,0,1500,VIDE,0.0,0.0,0.0,0.0,0.0,0.0,0,0,0.0,0.0,0.0,0.0,0.0,0.0,2.0,1.0,0.05,0.8,0.0,0.0,1
493,2026-04-22T14:28:23.864Z,S20260422_152751,SC01,AUTO,,32.723,0.0561,start,0,1500,VIDE,0.0,0.0,0.0,0.0,0.0,0.0,0,0,0.0,0.0,0.0,0.0,0.0,0.0,2.0,1.0,0.05,0.8,0.0,0.0,1
494,2026-04-22T14:28:23.933Z,S20260422_152751,SC01,AUTO,,32.7918,0.0688,start,0,1500,VIDE,0.0,0.0,0.0,0.0,0.0,0.0,0,0,0.0,0.0,0.0,0.0,0.0,0.0,2.0,1.0,0.05,0.8,0.0,0.0,1
495,2026-04-22T14:28:23.992Z,S20260422_152751,SC01,AUTO,,32.8512,0.0594,start,0,1500,VIDE,0.0,0.0,0.0,0.0,0.0,0.0,0,0,0.0,0.0,0.0,0.0,0.0,0.0,2.0,1.0,0.05,0.8,0.0,0.0,1
496,2026-04-22T14:28:24.052Z,S20260422_152751,SC01,AUTO,,32.911,0.0599,start,0,1500,VIDE,0.0,0.0,0.0,0.0,0.0,0.0,0,0,0.0,0.0,0.0,0.0,0.0,0.0,2.0,1.0,0.05,0.8,0.0,0.0,1
497,2026-04-22T14:28:24.120Z,S20260422_152751,SC01,AUTO,,32.979,0.068,start,0,1500,VIDE,0.0,0.0,0.0,0.0,0.0,0.0,0,0,0.0,0.0,0.0,0.0,0.0,0.0,2.0,1.0,0.05,0.8,0.0,0.0,1
498,2026-04-22T14:28:24.182Z,S20260422_152751,SC01,AUTO,,33.0411,0.0621,start,0,1500,VIDE,0.0,0.0,0.0,0.0,0.0,0.0,0,0,0.0,0.0,0.0,0.0,0.0,0.0,2.0,1.0,0.05,0.8,0.0,0.0,1
499,2026-04-22T14:28:24.240Z,S20260422_152751,SC01,AUTO,,33.0992,0.0581,start,0,1500,VIDE,0.0,0.0,0.0,0.0,0.0,0.0,0,0,0.0,0.0,0.0,0.0,0.0,0.0,2.0,1.0,0.05,0.8,0.0,0.0,1
500,2026-04-22T14:28:24.303Z,S20260422_152751,SC01,AUTO,,33.1626,0.0634,start,0,1500,VIDE,0.0,0.0,0.0,0.0,0.0,0.0,0,0,0.0,0.0,0.0,0.0,0.0,0.0,2.0,1.0,0.05,0.8,0.0,0.0,1
501,2026-04-22T14:28:24.364Z,S20260422_152751,SC01,AUTO,,33.2237,0.061,start,0,1500,VIDE,0.0,0.0,0.0,0.0,0.0,0.0,0,0,0.0,0.0,0.0,0.0,0.0,0.0,2.0,1.0,0.05,0.8,0.0,0.0,1
502,2026-04-22T14:28:24.430Z,S20260422_152751,SC01,AUTO,,33.2896,0.066,start,0,1500,VIDE,0.0,0.0,0.0,0.0,0.0,0.0,0,0,0.0,0.0,0.0,0.0,0.0,0.0,2.0,1.0,0.05,0.8,0.0,0.0,1
503,2026-04-22T14:28:24.493Z,S20260422_152751,SC01,AUTO,,33.352,0.0623,start,0,1500,VIDE,0.0,0.0,0.0,0.0,0.0,0.0,0,0,0.0,0.0,0.0,0.0,0.0,0.0,2.0,1.0,0.05,0.8,0.0,0.0,1
504,2026-04-22T14:28:24.552Z,S20260422_152751,SC01,AUTO,,33.4111,0.0592,start,0,1500,VIDE,0.0,0.0,0.0,0.0,0.0,0.0,0,0,0.0,0.0,0.0,0.0,0.0,0.0,2.0,1.0,0.05,0.8,0.0,0.0,1
505,2026-04-22T14:28:24.621Z,S20260422_152751,SC01,AUTO,,33.48,0.0688,start,0,1500,VIDE,0.0,0.0,0.0,0.0,0.0,0.0,0,0,0.0,0.0,0.0,0.0,0.0,0.0,2.0,1.0,0.05,0.8,0.0,0.0,1
506,2026-04-22T14:28:24.683Z,S20260422_152751,SC01,AUTO,,33.542,0.062,start,0,1500,VIDE,0.0,0.0,0.0,0.0,0.0,0.0,0,0,0.0,0.0,0.0,0.0,0.0,0.0,2.0,1.0,0.05,0.8,0.0,0.0,1
507,2026-04-22T14:28:24.743Z,S20260422_152751,SC01,AUTO,,33.6024,0.0604,start,0,1500,VIDE,0.0,0.0,0.0,0.0,0.0,0.0,0,0,0.0,0.0,0.0,0.0,0.0,0.0,2.0,1.0,0.05,0.8,0.0,0.0,1
508,2026-04-22T14:28:24.808Z,S20260422_152751,SC01,AUTO,,33.6667,0.0643,start,0,1500,VIDE,0.0,0.0,0.0,0.0,0.0,0.0,0,0,0.0,0.0,0.0,0.0,0.0,0.0,2.0,1.0,0.05,0.8,0.0,0.0,1
509,2026-04-22T14:28:24.864Z,S20260422_152751,SC01,AUTO,,33.7228,0.056,start,0,1500,VIDE,0.0,0.0,0.0,0.0,0.0,0.0,0,0,0.0,0.0,0.0,0.0,0.0,0.0,2.0,1.0,0.05,0.8,0.0,0.0,1
510,2026-04-22T14:28:24.927Z,S20260422_152751,SC01,AUTO,,33.7866,0.0639,start,0,1500,VIDE,0.0,0.0,0.0,0.0,0.0,0.0,0,0,0.0,0.0,0.0,0.0,0.0,0.0,2.0,1.0,0.05,0.8,0.0,0.0,1
511,2026-04-22T14:28:24.992Z,S20260422_152751,SC01,AUTO,,33.8513,0.0647,start,0,1500,VIDE,0.0,0.0,0.0,0.0,0.0,0.0,0,0,0.0,0.0,0.0,0.0,0.0,0.0,2.0,1.0,0.05,0.8,0.0,0.0,1
512,2026-04-22T14:28:25.053Z,S20260422_152751,SC01,AUTO,,33.9118,0.0605,start,0,1500,VIDE,0.0,0.0,0.0,0.0,0.0,0.0,0,0,0.0,0.0,0.0,0.0,0.0,0.0,2.0,1.0,0.05,0.8,0.0,0.0,1
513,2026-04-22T14:28:25.122Z,S20260422_152751,SC01,AUTO,,33.9817,0.0698,start,0,1500,VIDE,0.0,0.0,0.0,0.0,0.0,0.0,0,0,0.0,0.0,0.0,0.0,0.0,0.0,2.0,1.0,0.05,0.8,0.0,0.0,1
514,2026-04-22T14:28:25.184Z,S20260422_152751,SC01,AUTO,,34.043,0.0613,start,0,1500,VIDE,0.0,0.0,0.0,0.0,0.0,0.0,0,0,0.0,0.0,0.0,0.0,0.0,0.0,2.0,1.0,0.05,0.8,0.0,0.0,1
515,2026-04-22T14:28:25.246Z,S20260422_152751,SC01,AUTO,,34.1052,0.0622,start,0,1500,VIDE,0.0,0.0,0.0,0.0,0.0,0.0,0,0,0.0,0.0,0.0,0.0,0.0,0.0,2.0,1.0,0.05,0.8,0.0,0.0,1
516,2026-04-22T14:28:25.309Z,S20260422_152751,SC01,AUTO,,34.1686,0.0634,start,0,1500,VIDE,0.0,0.0,0.0,0.0,0.0,0.0,0,0,0.0,0.0,0.0,0.0,0.0,0.0,2.0,1.0,0.05,0.8,0.0,0.0,1
517,2026-04-22T14:28:25.373Z,S20260422_152751,SC01,AUTO,,34.2322,0.0636,start,0,1500,VIDE,0.0,0.0,0.0,0.0,0.0,0.0,0,0,0.0,0.0,0.0,0.0,0.0,0.0,2.0,1.0,0.05,0.8,0.0,0.0,1
518,2026-04-22T14:28:25.432Z,S20260422_152751,SC01,AUTO,,34.2911,0.0589,start,0,1500,VIDE,0.0,0.0,0.0,0.0,0.0,0.0,0,0,0.0,0.0,0.0,0.0,0.0,0.0,2.0,1.0,0.05,0.8,0.0,0.0,1
519,2026-04-22T14:28:25.492Z,S20260422_152751,SC01,AUTO,,34.3512,0.0602,start,0,1500,VIDE,0.0,0.0,0.0,0.0,0.0,0.0,0,0,0.0,0.0,0.0,0.0,0.0,0.0,2.0,1.0,0.05,0.8,0.0,0.0,1
520,2026-04-22T14:28:25.553Z,S20260422_152751,SC01,AUTO,,34.4122,0.061,start,0,1500,VIDE,0.0,0.0,0.0,0.0,0.0,0.0,0,0,0.0,0.0,0.0,0.0,0.0,0.0,2.0,1.0,0.05,0.8,0.0,0.0,1
521,2026-04-22T14:28:25.622Z,S20260422_152751,SC01,AUTO,,34.4816,0.0694,start,0,1500,VIDE,0.0,0.0,0.0,0.0,0.0,0.0,0,0,0.0,0.0,0.0,0.0,0.0,0.0,2.0,1.0,0.05,0.8,0.0,0.0,1
522,2026-04-22T14:28:25.684Z,S20260422_152751,SC01,AUTO,,34.5431,0.0616,start,0,1500,VIDE,0.0,0.0,0.0,0.0,0.0,0.0,0,0,0.0,0.0,0.0,0.0,0.0,0.0,2.0,1.0,0.05,0.8,0.0,0.0,1
523,2026-04-22T14:28:25.746Z,S20260422_152751,SC01,AUTO,,34.6055,0.0624,start,0,1500,VIDE,0.0,0.0,0.0,0.0,0.0,0.0,0,0,0.0,0.0,0.0,0.0,0.0,0.0,2.0,1.0,0.05,0.8,0.0,0.0,1
524,2026-04-22T14:28:25.807Z,S20260422_152751,SC01,AUTO,,34.6666,0.0611,start,0,1500,VIDE,0.0,0.0,0.0,0.0,0.0,0.0,0,0,0.0,0.0,0.0,0.0,0.0,0.0,2.0,1.0,0.05,0.8,0.0,0.0,1
525,2026-04-22T14:28:25.869Z,S20260422_152751,SC01,AUTO,,34.7283,0.0617,start,0,1500,VIDE,0.0,0.0,0.0,0.0,0.0,0.0,0,0,0.0,0.0,0.0,0.0,0.0,0.0,2.0,1.0,0.05,0.8,0.0,0.0,1
526,2026-04-22T14:28:25.931Z,S20260422_152751,SC01,AUTO,,34.7897,0.0614,start,0,1500,VIDE,0.0,0.0,0.0,0.0,0.0,0.0,0,0,0.0,0.0,0.0,0.0,0.0,0.0,2.0,1.0,0.05,0.8,0.0,0.0,1
527,2026-04-22T14:28:25.989Z,S20260422_152751,SC01,AUTO,,34.8481,0.0583,start,0,1500,VIDE,0.0,0.0,0.0,0.0,0.0,0.0,0,0,0.0,0.0,0.0,0.0,0.0,0.0,2.0,1.0,0.05,0.8,0.0,0.0,1
528,2026-04-22T14:28:26.053Z,S20260422_152751,SC01,AUTO,,34.9121,0.064,start,0,1500,VIDE,0.0,0.0,0.0,0.0,0.0,0.0,0,0,0.0,0.0,0.0,0.0,0.0,0.0,2.0,1.0,0.05,0.8,0.0,0.0,1
529,2026-04-22T14:28:26.118Z,S20260422_152751,SC01,AUTO,,34.9772,0.0651,start,0,1500,VIDE,0.0,0.0,0.0,0.0,0.0,0.0,0,0,0.0,0.0,0.0,0.0,0.0,0.0,2.0,1.0,0.05,0.8,0.0,0.0,1
530,2026-04-22T14:28:26.179Z,S20260422_152751,SC01,AUTO,,35.0387,0.0615,start,0,1500,VIDE,0.0,0.0,0.0,0.0,0.0,0.0,0,0,0.0,0.0,0.0,0.0,0.0,0.0,2.0,1.0,0.05,0.8,0.0,0.0,1
531,2026-04-22T14:28:26.241Z,S20260422_152751,SC01,AUTO,,35.1002,0.0616,start,0,1500,VIDE,0.0,0.0,0.0,0.0,0.0,0.0,0,0,0.0,0.0,0.0,0.0,0.0,0.0,2.0,1.0,0.05,0.8,0.0,0.0,1
532,2026-04-22T14:28:26.304Z,S20260422_152751,SC01,AUTO,,35.1635,0.0633,start,0,1500,VIDE,0.0,0.0,0.0,0.0,0.0,0.0,0,0,0.0,0.0,0.0,0.0,0.0,0.0,2.0,1.0,0.05,0.8,0.0,0.0,1
533,2026-04-22T14:28:26.367Z,S20260422_152751,SC01,AUTO,,35.2265,0.0629,start,0,1500,VIDE,0.0,0.0,0.0,0.0,0.0,0.0,0,0,0.0,0.0,0.0,0.0,0.0,0.0,2.0,1.0,0.05,0.8,0.0,0.0,1
534,2026-04-22T14:28:26.429Z,S20260422_152751,SC01,AUTO,,35.2881,0.0617,start,0,1500,VIDE,0.0,0.0,0.0,0.0,0.0,0.0,0,0,0.0,0.0,0.0,0.0,0.0,0.0,2.0,1.0,0.05,0.8,0.0,0.0,1
535,2026-04-22T14:28:26.488Z,S20260422_152751,SC01,AUTO,,35.3472,0.0591,start,0,1500,VIDE,0.0,0.0,0.0,0.0,0.0,0.0,0,0,0.0,0.0,0.0,0.0,0.0,0.0,2.0,1.0,0.05,0.8,0.0,0.0,1
536,2026-04-22T14:28:26.551Z,S20260422_152751,SC01,AUTO,,35.4106,0.0634,start,0,1500,VIDE,0.0,0.0,0.0,0.0,0.0,0.0,0,0,0.0,0.0,0.0,0.0,0.0,0.0,2.0,1.0,0.05,0.8,0.0,0.0,1
537,2026-04-22T14:28:26.616Z,S20260422_152751,SC01,AUTO,,35.4749,0.0643,start,0,1500,VIDE,0.0,0.0,0.0,0.0,0.0,0.0,0,0,0.0,0.0,0.0,0.0,0.0,0.0,2.0,1.0,0.05,0.8,0.0,0.0,1
538,2026-04-22T14:28:26.678Z,S20260422_152751,SC01,AUTO,,35.5371,0.0621,start,0,1500,VIDE,0.0,0.0,0.0,0.0,0.0,0.0,0,0,0.0,0.0,0.0,0.0,0.0,0.0,2.0,1.0,0.05,0.8,0.0,0.0,1
539,2026-04-22T14:28:26.740Z,S20260422_152751,SC01,AUTO,,35.5991,0.0621,start,0,1500,VIDE,0.0,0.0,0.0,0.0,0.0,0.0,0,0,0.0,0.0,0.0,0.0,0.0,0.0,2.0,1.0,0.05,0.8,0.0,0.0,1
540,2026-04-22T14:28:26.802Z,S20260422_152751,SC01,AUTO,,35.6609,0.0617,start,0,1500,VIDE,0.0,0.0,0.0,0.0,0.0,0.0,0,0,0.0,0.0,0.0,0.0,0.0,0.0,2.0,1.0,0.05,0.8,0.0,0.0,1
541,2026-04-22T14:28:26.865Z,S20260422_152751,SC01,AUTO,,35.7238,0.0629,start,0,1500,VIDE,0.0,0.0,0.0,0.0,0.0,0.0,0,0,0.0,0.0,0.0,0.0,0.0,0.0,2.0,1.0,0.05,0.8,0.0,0.0,1
542,2026-04-22T14:28:26.927Z,S20260422_152751,SC01,AUTO,,35.786,0.0622,start,0,1500,VIDE,0.0,0.0,0.0,0.0,0.0,0.0,0,0,0.0,0.0,0.0,0.0,0.0,0.0,2.0,1.0,0.05,0.8,0.0,0.0,1
543,2026-04-22T14:28:26.992Z,S20260422_152751,SC01,AUTO,,35.8512,0.0652,start,0,1500,VIDE,0.0,0.0,0.0,0.0,0.0,0.0,0,0,0.0,0.0,0.0,0.0,0.0,0.0,2.0,1.0,0.05,0.8,0.0,0.0,1
544,2026-04-22T14:28:27.052Z,S20260422_152751,SC01,AUTO,,35.9112,0.0601,start,0,1500,VIDE,0.0,0.0,0.0,0.0,0.0,0.0,0,0,0.0,0.0,0.0,0.0,0.0,0.0,2.0,1.0,0.05,0.8,0.0,0.0,1
545,2026-04-22T14:28:27.120Z,S20260422_152751,SC01,AUTO,,35.9788,0.0675,start,0,1500,VIDE,0.0,0.0,0.0,0.0,0.0,0.0,0,0,0.0,0.0,0.0,0.0,0.0,0.0,2.0,1.0,0.05,0.8,0.0,0.0,1
546,2026-04-22T14:28:27.184Z,S20260422_152751,SC01,AUTO,,36.0429,0.0641,start,0,1500,VIDE,0.0,0.0,0.0,0.0,0.0,0.0,0,0,0.0,0.0,0.0,0.0,0.0,0.0,2.0,1.0,0.05,0.8,0.0,0.0,1
547,2026-04-22T14:28:27.240Z,S20260422_152751,SC01,AUTO,,36.0988,0.0559,start,0,1500,VIDE,0.0,0.0,0.0,0.0,0.0,0.0,0,0,0.0,0.0,0.0,0.0,0.0,0.0,2.0,1.0,0.05,0.8,0.0,0.0,1
548,2026-04-22T14:28:27.303Z,S20260422_152751,SC01,AUTO,,36.1626,0.0639,start,0,1500,VIDE,0.0,0.0,0.0,0.0,0.0,0.0,0,0,0.0,0.0,0.0,0.0,0.0,0.0,2.0,1.0,0.05,0.8,0.0,0.0,1
549,2026-04-22T14:28:27.368Z,S20260422_152751,SC01,AUTO,,36.2268,0.0642,start,0,1500,VIDE,0.0,0.0,0.0,0.0,0.0,0.0,0,0,0.0,0.0,0.0,0.0,0.0,0.0,2.0,1.0,0.05,0.8,0.0,0.0,1
550,2026-04-22T14:28:27.433Z,S20260422_152751,SC01,AUTO,,36.2918,0.065,start,0,1500,VIDE,0.0,0.0,0.0,0.0,0.0,0.0,0,0,0.0,0.0,0.0,0.0,0.0,0.0,2.0,1.0,0.05,0.8,0.0,0.0,1
551,2026-04-22T14:28:27.493Z,S20260422_152751,SC01,AUTO,,36.352,0.0602,start,0,1500,VIDE,0.0,0.0,0.0,0.0,0.0,0.0,0,0,0.0,0.0,0.0,0.0,0.0,0.0,2.0,1.0,0.05,0.8,0.0,0.0,1
552,2026-04-22T14:28:27.553Z,S20260422_152751,SC01,AUTO,,36.4117,0.0598,start,0,1500,VIDE,0.0,0.0,0.0,0.0,0.0,0.0,0,0,0.0,0.0,0.0,0.0,0.0,0.0,2.0,1.0,0.05,0.8,0.0,0.0,1
553,2026-04-22T14:28:27.626Z,S20260422_152751,SC01,AUTO,,36.4849,0.0731,start,0,1500,VIDE,0.0,0.0,0.0,0.0,0.0,0.0,0,0,0.0,0.0,0.0,0.0,0.0,0.0,2.0,1.0,0.05,0.8,0.0,0.0,1
554,2026-04-22T14:28:27.689Z,S20260422_152751,SC01,AUTO,,36.5478,0.0629,start,0,1500,VIDE,0.0,0.0,0.0,0.0,0.0,0.0,0,0,0.0,0.0,0.0,0.0,0.0,0.0,2.0,1.0,0.05,0.8,0.0,0.0,1
555,2026-04-22T14:28:27.751Z,S20260422_152751,SC01,AUTO,,36.6104,0.0626,start,0,1500,VIDE,0.0,0.0,0.0,0.0,0.0,0.0,0,0,0.0,0.0,0.0,0.0,0.0,0.0,2.0,1.0,0.05,0.8,0.0,0.0,1
556,2026-04-22T14:28:27.813Z,S20260422_152751,SC01,AUTO,,36.6719,0.0616,start,0,1500,VIDE,0.0,0.0,0.0,0.0,0.0,0.0,0,0,0.0,0.0,0.0,0.0,0.0,0.0,2.0,1.0,0.05,0.8,0.0,0.0,1
557,2026-04-22T14:28:27.864Z,S20260422_152751,SC01,AUTO,,36.723,0.0511,start,0,1500,VIDE,0.0,0.0,0.0,0.0,0.0,0.0,0,0,0.0,0.0,0.0,0.0,0.0,0.0,2.0,1.0,0.05,0.8,0.0,0.0,1
558,2026-04-22T14:28:27.932Z,S20260422_152751,SC01,AUTO,,36.7913,0.0683,start,0,1500,VIDE,0.0,0.0,0.0,0.0,0.0,0.0,0,0,0.0,0.0,0.0,0.0,0.0,0.0,2.0,1.0,0.05,0.8,0.0,0.0,1
559,2026-04-22T14:28:27.992Z,S20260422_152751,SC01,AUTO,,36.8512,0.0599,start,0,1500,VIDE,0.0,0.0,0.0,0.0,0.0,0.0,0,0,0.0,0.0,0.0,0.0,0.0,0.0,2.0,1.0,0.05,0.8,0.0,0.0,1
560,2026-04-22T14:28:28.052Z,S20260422_152751,SC01,AUTO,,36.9109,0.0598,start,0,1500,VIDE,0.0,0.0,0.0,0.0,0.0,0.0,0,0,0.0,0.0,0.0,0.0,0.0,0.0,2.0,1.0,0.05,0.8,0.0,0.0,1
561,2026-04-22T14:28:28.125Z,S20260422_152751,SC01,AUTO,,36.9839,0.073,start,0,1500,VIDE,0.0,0.0,0.0,0.0,0.0,0.0,0,0,0.0,0.0,0.0,0.0,0.0,0.0,2.0,1.0,0.05,0.8,0.0,0.0,1
562,2026-04-22T14:28:28.186Z,S20260422_152751,SC01,AUTO,,37.0454,0.0615,start,0,1500,VIDE,0.0,0.0,0.0,0.0,0.0,0.0,0,0,0.0,0.0,0.0,0.0,0.0,0.0,2.0,1.0,0.05,0.8,0.0,0.0,1
563,2026-04-22T14:28:28.249Z,S20260422_152751,SC01,AUTO,,37.108,0.0625,start,0,1500,VIDE,0.0,0.0,0.0,0.0,0.0,0.0,0,0,0.0,0.0,0.0,0.0,0.0,0.0,2.0,1.0,0.05,0.8,0.0,0.0,1
564,2026-04-22T14:28:28.311Z,S20260422_152751,SC01,AUTO,,37.1701,0.0622,start,0,1500,VIDE,0.0,0.0,0.0,0.0,0.0,0.0,0,0,0.0,0.0,0.0,0.0,0.0,0.0,2.0,1.0,0.05,0.8,0.0,0.0,1
565,2026-04-22T14:28:28.372Z,S20260422_152751,SC01,AUTO,,37.2312,0.0611,start,0,1500,VIDE,0.0,0.0,0.0,0.0,0.0,0.0,0,0,0.0,0.0,0.0,0.0,0.0,0.0,2.0,1.0,0.05,0.8,0.0,0.0,1
566,2026-04-22T14:28:28.433Z,S20260422_152751,SC01,AUTO,,37.2919,0.0607,start,0,1500,VIDE,0.0,0.0,0.0,0.0,0.0,0.0,0,0,0.0,0.0,0.0,0.0,0.0,0.0,2.0,1.0,0.05,0.8,0.0,0.0,1
567,2026-04-22T14:28:28.493Z,S20260422_152751,SC01,AUTO,,37.3518,0.0599,start,0,1500,VIDE,0.0,0.0,0.0,0.0,0.0,0.0,0,0,0.0,0.0,0.0,0.0,0.0,0.0,2.0,1.0,0.05,0.8,0.0,0.0,1
568,2026-04-22T14:28:28.553Z,S20260422_152751,SC01,AUTO,,37.412,0.0602,start,0,1500,VIDE,0.0,0.0,0.0,0.0,0.0,0.0,0,0,0.0,0.0,0.0,0.0,0.0,0.0,2.0,1.0,0.05,0.8,0.0,0.0,1
569,2026-04-22T14:28:28.623Z,S20260422_152751,SC01,AUTO,,37.4823,0.0704,start,0,1500,VIDE,0.0,0.0,0.0,0.0,0.0,0.0,0,0,0.0,0.0,0.0,0.0,0.0,0.0,2.0,1.0,0.05,0.8,0.0,0.0,1
570,2026-04-22T14:28:28.680Z,S20260422_152751,SC01,AUTO,,37.5389,0.0566,start,0,1500,VIDE,0.0,0.0,0.0,0.0,0.0,0.0,0,0,0.0,0.0,0.0,0.0,0.0,0.0,2.0,1.0,0.05,0.8,0.0,0.0,1
571,2026-04-22T14:28:28.744Z,S20260422_152751,SC01,AUTO,,37.6034,0.0645,start,0,1500,VIDE,0.0,0.0,0.0,0.0,0.0,0.0,0,0,0.0,0.0,0.0,0.0,0.0,0.0,2.0,1.0,0.05,0.8,0.0,0.0,1
572,2026-04-22T14:28:28.800Z,S20260422_152751,SC01,AUTO,,37.6597,0.0563,start,0,1500,VIDE,0.0,0.0,0.0,0.0,0.0,0.0,0,0,0.0,0.0,0.0,0.0,0.0,0.0,2.0,1.0,0.05,0.8,0.0,0.0,1
573,2026-04-22T14:28:28.872Z,S20260422_152751,SC01,AUTO,,37.731,0.0713,start,0,1500,VIDE,0.0,0.0,0.0,0.0,0.0,0.0,0,0,0.0,0.0,0.0,0.0,0.0,0.0,2.0,1.0,0.05,0.8,0.0,0.0,1
574,2026-04-22T14:28:28.926Z,S20260422_152751,SC01,AUTO,,37.7853,0.0543,start,0,1500,VIDE,0.0,0.0,0.0,0.0,0.0,0.0,0,0,0.0,0.0,0.0,0.0,0.0,0.0,2.0,1.0,0.05,0.8,0.0,0.0,1
575,2026-04-22T14:28:28.993Z,S20260422_152751,SC01,AUTO,,37.8521,0.0667,start,0,1500,VIDE,0.0,0.0,0.0,0.0,0.0,0.0,0,0,0.0,0.0,0.0,0.0,0.0,0.0,2.0,1.0,0.05,0.8,0.0,0.0,1
576,2026-04-22T14:28:29.052Z,S20260422_152751,SC01,AUTO,,37.9107,0.0587,start,0,1500,VIDE,0.0,0.0,0.0,0.0,0.0,0.0,0,0,0.0,0.0,0.0,0.0,0.0,0.0,2.0,1.0,0.05,0.8,0.0,0.0,1
577,2026-04-22T14:28:29.119Z,S20260422_152751,SC01,AUTO,,37.9779,0.0672,start,0,1500,VIDE,0.0,0.0,0.0,0.0,0.0,0.0,0,0,0.0,0.0,0.0,0.0,0.0,0.0,2.0,1.0,0.05,0.8,0.0,0.0,1
578,2026-04-22T14:28:29.182Z,S20260422_152751,SC01,AUTO,,38.0411,0.0631,start,0,1500,VIDE,0.0,0.0,0.0,0.0,0.0,0.0,0,0,0.0,0.0,0.0,0.0,0.0,0.0,2.0,1.0,0.05,0.8,0.0,0.0,1
579,2026-04-22T14:28:29.240Z,S20260422_152751,SC01,AUTO,,38.0989,0.0579,start,0,1500,VIDE,0.0,0.0,0.0,0.0,0.0,0.0,0,0,0.0,0.0,0.0,0.0,0.0,0.0,2.0,1.0,0.05,0.8,0.0,0.0,1
580,2026-04-22T14:28:29.303Z,S20260422_152751,SC01,AUTO,,38.1627,0.0637,start,0,1500,VIDE,0.0,0.0,0.0,0.0,0.0,0.0,0,0,0.0,0.0,0.0,0.0,0.0,0.0,2.0,1.0,0.05,0.8,0.0,0.0,1
581,2026-04-22T14:28:29.368Z,S20260422_152751,SC01,AUTO,,38.2276,0.0649,start,0,1500,VIDE,0.0,0.0,0.0,0.0,0.0,0.0,0,0,0.0,0.0,0.0,0.0,0.0,0.0,2.0,1.0,0.05,0.8,0.0,0.0,1
582,2026-04-22T14:28:29.431Z,S20260422_152751,SC01,AUTO,,38.2901,0.0625,start,0,1500,VIDE,0.0,0.0,0.0,0.0,0.0,0.0,0,0,0.0,0.0,0.0,0.0,0.0,0.0,2.0,1.0,0.05,0.8,0.0,0.0,1
583,2026-04-22T14:28:29.488Z,S20260422_152751,SC01,AUTO,,38.3472,0.0571,start,0,1500,VIDE,0.0,0.0,0.0,0.0,0.0,0.0,0,0,0.0,0.0,0.0,0.0,0.0,0.0,2.0,1.0,0.05,0.8,0.0,0.0,1
584,2026-04-22T14:28:29.552Z,S20260422_152751,SC01,AUTO,,38.411,0.0638,start,0,1500,VIDE,0.0,0.0,0.0,0.0,0.0,0.0,0,0,0.0,0.0,0.0,0.0,0.0,0.0,2.0,1.0,0.05,0.8,0.0,0.0,1
585,2026-04-22T14:28:29.619Z,S20260422_152751,SC01,AUTO,,38.4778,0.0668,start,0,1500,VIDE,0.0,0.0,0.0,0.0,0.0,0.0,0,0,0.0,0.0,0.0,0.0,0.0,0.0,2.0,1.0,0.05,0.8,0.0,0.0,1
586,2026-04-22T14:28:29.682Z,S20260422_152751,SC01,AUTO,,38.5416,0.0638,start,0,1500,VIDE,0.0,0.0,0.0,0.0,0.0,0.0,0,0,0.0,0.0,0.0,0.0,0.0,0.0,2.0,1.0,0.05,0.8,0.0,0.0,1
587,2026-04-22T14:28:29.745Z,S20260422_152751,SC01,AUTO,,38.604,0.0624,start,0,1500,VIDE,0.0,0.0,0.0,0.0,0.0,0.0,0,0,0.0,0.0,0.0,0.0,0.0,0.0,2.0,1.0,0.05,0.8,0.0,0.0,1
588,2026-04-22T14:28:29.803Z,S20260422_152751,SC01,AUTO,,38.6625,0.0585,start,0,1500,VIDE,0.0,0.0,0.0,0.0,0.0,0.0,0,0,0.0,0.0,0.0,0.0,0.0,0.0,2.0,1.0,0.05,0.8,0.0,0.0,1
589,2026-04-22T14:28:29.867Z,S20260422_152751,SC01,AUTO,,38.7259,0.0635,start,0,1500,VIDE,0.0,0.0,0.0,0.0,0.0,0.0,0,0,0.0,0.0,0.0,0.0,0.0,0.0,2.0,1.0,0.05,0.8,0.0,0.0,1
590,2026-04-22T14:28:29.927Z,S20260422_152751,SC01,AUTO,,38.786,0.06,start,0,1500,VIDE,0.0,0.0,0.0,0.0,0.0,0.0,0,0,0.0,0.0,0.0,0.0,0.0,0.0,2.0,1.0,0.05,0.8,0.0,0.0,1
591,2026-04-22T14:28:29.992Z,S20260422_152751,SC01,AUTO,,38.8513,0.0653,start,0,1500,VIDE,0.0,0.0,0.0,0.0,0.0,0.0,0,0,0.0,0.0,0.0,0.0,0.0,0.0,2.0,1.0,0.05,0.8,0.0,0.0,1
592,2026-04-22T14:28:30.052Z,S20260422_152751,SC01,AUTO,,38.9112,0.0599,start,0,1500,VIDE,0.0,0.0,0.0,0.0,0.0,0.0,0,0,0.0,0.0,0.0,0.0,0.0,0.0,2.0,1.0,0.05,0.8,0.0,0.0,1
593,2026-04-22T14:28:30.118Z,S20260422_152751,SC01,AUTO,,38.9773,0.066,start,0,1500,VIDE,0.0,0.0,0.0,0.0,0.0,0.0,0,0,0.0,0.0,0.0,0.0,0.0,0.0,2.0,1.0,0.05,0.8,0.0,0.0,1
594,2026-04-22T14:28:30.180Z,S20260422_152751,SC01,AUTO,,39.0397,0.0624,start,0,1500,VIDE,0.0,0.0,0.0,0.0,0.0,0.0,0,0,0.0,0.0,0.0,0.0,0.0,0.0,2.0,1.0,0.05,0.8,0.0,0.0,1
595,2026-04-22T14:28:30.240Z,S20260422_152751,SC01,AUTO,,39.0988,0.0592,start,0,1500,VIDE,0.0,0.0,0.0,0.0,0.0,0.0,0,0,0.0,0.0,0.0,0.0,0.0,0.0,2.0,1.0,0.05,0.8,0.0,0.0,1
596,2026-04-22T14:28:30.304Z,S20260422_152751,SC01,AUTO,,39.163,0.0641,start,0,1500,VIDE,0.0,0.0,0.0,0.0,0.0,0.0,0,0,0.0,0.0,0.0,0.0,0.0,0.0,2.0,1.0,0.05,0.8,0.0,0.0,1
597,2026-04-22T14:28:30.366Z,S20260422_152751,SC01,AUTO,,39.2249,0.0619,start,0,1500,VIDE,0.0,0.0,0.0,0.0,0.0,0.0,0,0,0.0,0.0,0.0,0.0,0.0,0.0,2.0,1.0,0.05,0.8,0.0,0.0,1
598,2026-04-22T14:28:30.431Z,S20260422_152751,SC01,AUTO,,39.2904,0.0655,start,0,1500,VIDE,0.0,0.0,0.0,0.0,0.0,0.0,0,0,0.0,0.0,0.0,0.0,0.0,0.0,2.0,1.0,0.05,0.8,0.0,0.0,1
599,2026-04-22T14:28:30.492Z,S20260422_152751,SC01,AUTO,,39.3515,0.0611,start,0,1500,VIDE,0.0,0.0,0.0,0.0,0.0,0.0,0,0,0.0,0.0,0.0,0.0,0.0,0.0,2.0,1.0,0.05,0.8,0.0,0.0,1
600,2026-04-22T14:28:30.552Z,S20260422_152751,SC01,AUTO,,39.4108,0.0593,start,0,1500,VIDE,0.0,0.0,0.0,0.0,0.0,0.0,0,0,0.0,0.0,0.0,0.0,0.0,0.0,2.0,1.0,0.05,0.8,0.0,0.0,1
601,2026-04-22T14:28:30.616Z,S20260422_152751,SC01,AUTO,,39.4751,0.0643,start,0,1500,VIDE,0.0,0.0,0.0,0.0,0.0,0.0,0,0,0.0,0.0,0.0,0.0,0.0,0.0,2.0,1.0,0.05,0.8,0.0,0.0,1
602,2026-04-22T14:28:30.680Z,S20260422_152751,SC01,AUTO,,39.5388,0.0637,start,0,1500,VIDE,0.0,0.0,0.0,0.0,0.0,0.0,0,0,0.0,0.0,0.0,0.0,0.0,0.0,2.0,1.0,0.05,0.8,0.0,0.0,1
603,2026-04-22T14:28:30.742Z,S20260422_152751,SC01,AUTO,,39.6017,0.0629,start,0,1500,VIDE,0.0,0.0,0.0,0.0,0.0,0.0,0,0,0.0,0.0,0.0,0.0,0.0,0.0,2.0,1.0,0.05,0.8,0.0,0.0,1
604,2026-04-22T14:28:30.804Z,S20260422_152751,SC01,AUTO,,39.6631,0.0615,start,0,1500,VIDE,0.0,0.0,0.0,0.0,0.0,0.0,0,0,0.0,0.0,0.0,0.0,0.0,0.0,2.0,1.0,0.05,0.8,0.0,0.0,1
605,2026-04-22T14:28:30.866Z,S20260422_152751,SC01,AUTO,,39.7249,0.0617,start,0,1500,VIDE,0.0,0.0,0.0,0.0,0.0,0.0,0,0,0.0,0.0,0.0,0.0,0.0,0.0,2.0,1.0,0.05,0.8,0.0,0.0,1
606,2026-04-22T14:28:30.928Z,S20260422_152751,SC01,AUTO,,39.7873,0.0625,start,0,1500,VIDE,0.0,0.0,0.0,0.0,0.0,0.0,0,0,0.0,0.0,0.0,0.0,0.0,0.0,2.0,1.0,0.05,0.8,0.0,0.0,1
607,2026-04-22T14:28:30.990Z,S20260422_152751,SC01,AUTO,,39.8491,0.0617,start,0,1500,VIDE,0.0,0.0,0.0,0.0,0.0,0.0,0,0,0.0,0.0,0.0,0.0,0.0,0.0,2.0,1.0,0.05,0.8,0.0,0.0,1
608,2026-04-22T14:28:31.052Z,S20260422_152751,SC01,AUTO,,39.9117,0.0626,start,0,1500,VIDE,0.0,0.0,0.0,0.0,0.0,0.0,0,0,0.0,0.0,0.0,0.0,0.0,0.0,2.0,1.0,0.05,0.8,0.0,0.0,1
609,2026-04-22T14:28:31.115Z,S20260422_152751,SC01,AUTO,,39.9744,0.0628,start,0,1500,VIDE,0.0,0.0,0.0,0.0,0.0,0.0,0,0,0.0,0.0,0.0,0.0,0.0,0.0,2.0,1.0,0.05,0.8,0.0,0.0,1
610,2026-04-22T14:28:31.178Z,S20260422_152751,SC01,AUTO,,40.0368,0.0624,start,0,1500,VIDE,0.0,0.0,0.0,0.0,0.0,0.0,0,0,0.0,0.0,0.0,0.0,0.0,0.0,2.0,1.0,0.05,0.8,0.0,0.0,1
611,2026-04-22T14:28:31.239Z,S20260422_152751,SC01,AUTO,,40.0979,0.061,start,0,1500,VIDE,0.0,0.0,0.0,0.0,0.0,0.0,0,0,0.0,0.0,0.0,0.0,0.0,0.0,2.0,1.0,0.05,0.8,0.0,0.0,1
612,2026-04-22T14:28:31.301Z,S20260422_152751,SC01,AUTO,,40.1601,0.0622,start,0,1500,VIDE,0.0,0.0,0.0,0.0,0.0,0.0,0,0,0.0,0.0,0.0,0.0,0.0,0.0,2.0,1.0,0.05,0.8,0.0,0.0,1
613,2026-04-22T14:28:31.363Z,S20260422_152751,SC01,AUTO,,40.2223,0.0622,start,0,1500,VIDE,0.0,0.0,0.0,0.0,0.0,0.0,0,0,0.0,0.0,0.0,0.0,0.0,0.0,2.0,1.0,0.05,0.8,0.0,0.0,1
614,2026-04-22T14:28:31.432Z,S20260422_152751,SC01,AUTO,,40.2913,0.069,start,0,1500,VIDE,0.0,0.0,0.0,0.0,0.0,0.0,0,0,0.0,0.0,0.0,0.0,0.0,0.0,2.0,1.0,0.05,0.8,0.0,0.0,1
615,2026-04-22T14:28:31.492Z,S20260422_152751,SC01,AUTO,,40.3512,0.0599,start,0,1500,VIDE,0.0,0.0,0.0,0.0,0.0,0.0,0,0,0.0,0.0,0.0,0.0,0.0,0.0,2.0,1.0,0.05,0.8,0.0,0.0,1
616,2026-04-22T14:28:31.553Z,S20260422_152751,SC01,AUTO,,40.4122,0.061,start,0,1500,VIDE,0.0,0.0,0.0,0.0,0.0,0.0,0,0,0.0,0.0,0.0,0.0,0.0,0.0,2.0,1.0,0.05,0.8,0.0,0.0,1
617,2026-04-22T14:28:31.626Z,S20260422_152751,SC01,AUTO,,40.4856,0.0734,start,0,1500,VIDE,0.0,0.0,0.0,0.0,0.0,0.0,0,0,0.0,0.0,0.0,0.0,0.0,0.0,2.0,1.0,0.05,0.8,0.0,0.0,1
618,2026-04-22T14:28:31.687Z,S20260422_152751,SC01,AUTO,,40.5463,0.0606,start,0,1500,VIDE,0.0,0.0,0.0,0.0,0.0,0.0,0,0,0.0,0.0,0.0,0.0,0.0,0.0,2.0,1.0,0.05,0.8,0.0,0.0,1
619,2026-04-22T14:28:31.749Z,S20260422_152751,SC01,AUTO,,40.608,0.0618,start,0,1500,VIDE,0.0,0.0,0.0,0.0,0.0,0.0,0,0,0.0,0.0,0.0,0.0,0.0,0.0,2.0,1.0,0.05,0.8,0.0,0.0,1
620,2026-04-22T14:28:31.810Z,S20260422_152751,SC01,AUTO,,40.669,0.061,start,0,1500,VIDE,0.0,0.0,0.0,0.0,0.0,0.0,0,0,0.0,0.0,0.0,0.0,0.0,0.0,2.0,1.0,0.05,0.8,0.0,0.0,1
621,2026-04-22T14:28:31.872Z,S20260422_152751,SC01,AUTO,,40.7313,0.0623,start,0,1500,VIDE,0.0,0.0,0.0,0.0,0.0,0.0,0,0,0.0,0.0,0.0,0.0,0.0,0.0,2.0,1.0,0.05,0.8,0.0,0.0,1
622,2026-04-22T14:28:31.928Z,S20260422_152751,SC01,AUTO,,40.7869,0.0556,start,0,1500,VIDE,0.0,0.0,0.0,0.0,0.0,0.0,0,0,0.0,0.0,0.0,0.0,0.0,0.0,2.0,1.0,0.05,0.8,0.0,0.0,1
623,2026-04-22T14:28:31.992Z,S20260422_152751,SC01,AUTO,,40.851,0.0641,start,0,1500,VIDE,0.0,0.0,0.0,0.0,0.0,0.0,0,0,0.0,0.0,0.0,0.0,0.0,0.0,2.0,1.0,0.05,0.8,0.0,0.0,1
624,2026-04-22T14:28:32.052Z,S20260422_152751,SC01,AUTO,,40.9111,0.0601,start,0,1500,VIDE,0.0,0.0,0.0,0.0,0.0,0.0,0,0,0.0,0.0,0.0,0.0,0.0,0.0,2.0,1.0,0.05,0.8,0.0,0.0,1
625,2026-04-22T14:28:32.126Z,S20260422_152751,SC01,AUTO,,40.985,0.0738,start,0,1500,VIDE,0.0,0.0,0.0,0.0,0.0,0.0,0,0,0.0,0.0,0.0,0.0,0.0,0.0,2.0,1.0,0.05,0.8,0.0,0.0,1
626,2026-04-22T14:28:32.187Z,S20260422_152751,SC01,AUTO,,41.0461,0.0611,start,0,1500,VIDE,0.0,0.0,0.0,0.0,0.0,0.0,0,0,0.0,0.0,0.0,0.0,0.0,0.0,2.0,1.0,0.05,0.8,0.0,0.0,1
627,2026-04-22T14:28:32.249Z,S20260422_152751,SC01,AUTO,,41.1077,0.0616,start,0,1500,VIDE,0.0,0.0,0.0,0.0,0.0,0.0,0,0,0.0,0.0,0.0,0.0,0.0,0.0,2.0,1.0,0.05,0.8,0.0,0.0,1
628,2026-04-22T14:28:32.304Z,S20260422_152751,SC01,AUTO,,41.1635,0.0558,start,0,1500,VIDE,0.0,0.0,0.0,0.0,0.0,0.0,0,0,0.0,0.0,0.0,0.0,0.0,0.0,2.0,1.0,0.05,0.8,0.0,0.0,1
629,2026-04-22T14:28:32.372Z,S20260422_152751,SC01,AUTO,,41.231,0.0675,start,0,1500,VIDE,0.0,0.0,0.0,0.0,0.0,0.0,0,0,0.0,0.0,0.0,0.0,0.0,0.0,2.0,1.0,0.05,0.8,0.0,0.0,1
630,2026-04-22T14:28:32.433Z,S20260422_152751,SC01,AUTO,,41.2921,0.0611,start,0,1500,VIDE,0.0,0.0,0.0,0.0,0.0,0.0,0,0,0.0,0.0,0.0,0.0,0.0,0.0,2.0,1.0,0.05,0.8,0.0,0.0,1
631,2026-04-22T14:28:32.493Z,S20260422_152751,SC01,AUTO,,41.3519,0.0598,start,0,1500,VIDE,0.0,0.0,0.0,0.0,0.0,0.0,0,0,0.0,0.0,0.0,0.0,0.0,0.0,2.0,1.0,0.05,0.8,0.0,0.0,1
632,2026-04-22T14:28:32.552Z,S20260422_152751,SC01,AUTO,,41.4108,0.0589,start,0,1500,VIDE,0.0,0.0,0.0,0.0,0.0,0.0,0,0,0.0,0.0,0.0,0.0,0.0,0.0,2.0,1.0,0.05,0.8,0.0,0.0,1
633,2026-04-22T14:28:32.615Z,S20260422_152751,SC01,AUTO,,41.4743,0.0635,start,0,1500,VIDE,0.0,0.0,0.0,0.0,0.0,0.0,0,0,0.0,0.0,0.0,0.0,0.0,0.0,2.0,1.0,0.05,0.8,0.0,0.0,1
634,2026-04-22T14:28:32.680Z,S20260422_152751,SC01,AUTO,,41.5389,0.0647,start,0,1500,VIDE,0.0,0.0,0.0,0.0,0.0,0.0,0,0,0.0,0.0,0.0,0.0,0.0,0.0,2.0,1.0,0.05,0.8,0.0,0.0,1
635,2026-04-22T14:28:32.744Z,S20260422_152751,SC01,AUTO,,41.6032,0.0643,start,0,1500,VIDE,0.0,0.0,0.0,0.0,0.0,0.0,0,0,0.0,0.0,0.0,0.0,0.0,0.0,2.0,1.0,0.05,0.8,0.0,0.0,1
636,2026-04-22T14:28:32.801Z,S20260422_152751,SC01,AUTO,,41.6599,0.0567,start,0,1500,VIDE,0.0,0.0,0.0,0.0,0.0,0.0,0,0,0.0,0.0,0.0,0.0,0.0,0.0,2.0,1.0,0.05,0.8,0.0,0.0,1
637,2026-04-22T14:28:32.864Z,S20260422_152751,SC01,AUTO,,41.7232,0.0632,start,0,1500,VIDE,0.0,0.0,0.0,0.0,0.0,0.0,0,0,0.0,0.0,0.0,0.0,0.0,0.0,2.0,1.0,0.05,0.8,0.0,0.0,1
638,2026-04-22T14:28:32.928Z,S20260422_152751,SC01,AUTO,,41.787,0.0639,start,0,1500,VIDE,0.0,0.0,0.0,0.0,0.0,0.0,0,0,0.0,0.0,0.0,0.0,0.0,0.0,2.0,1.0,0.05,0.8,0.0,0.0,1
639,2026-04-22T14:28:32.992Z,S20260422_152751,SC01,AUTO,,41.8513,0.0642,start,0,1500,VIDE,0.0,0.0,0.0,0.0,0.0,0.0,0,0,0.0,0.0,0.0,0.0,0.0,0.0,2.0,1.0,0.05,0.8,0.0,0.0,1
640,2026-04-22T14:28:33.052Z,S20260422_152751,SC01,AUTO,,41.9112,0.0599,start,0,1500,VIDE,0.0,0.0,0.0,0.0,0.0,0.0,0,0,0.0,0.0,0.0,0.0,0.0,0.0,2.0,1.0,0.05,0.8,0.0,0.0,1
641,2026-04-22T14:28:33.118Z,S20260422_152751,SC01,AUTO,,41.9775,0.0663,start,0,1500,VIDE,0.0,0.0,0.0,0.0,0.0,0.0,0,0,0.0,0.0,0.0,0.0,0.0,0.0,2.0,1.0,0.05,0.8,0.0,0.0,1
642,2026-04-22T14:28:33.181Z,S20260422_152751,SC01,AUTO,,42.04,0.0625,start,0,1500,VIDE,0.0,0.0,0.0,0.0,0.0,0.0,0,0,0.0,0.0,0.0,0.0,0.0,0.0,2.0,1.0,0.05,0.8,0.0,0.0,1
643,2026-04-22T14:28:33.242Z,S20260422_152751,SC01,AUTO,,42.1015,0.0615,start,0,1500,VIDE,0.0,0.0,0.0,0.0,0.0,0.0,0,0,0.0,0.0,0.0,0.0,0.0,0.0,2.0,1.0,0.05,0.8,0.0,0.0,1
644,2026-04-22T14:28:33.305Z,S20260422_152751,SC01,AUTO,,42.1643,0.0628,start,0,1500,VIDE,0.0,0.0,0.0,0.0,0.0,0.0,0,0,0.0,0.0,0.0,0.0,0.0,0.0,2.0,1.0,0.05,0.8,0.0,0.0,1
645,2026-04-22T14:28:33.367Z,S20260422_152751,SC01,AUTO,,42.2263,0.062,start,0,1500,VIDE,0.0,0.0,0.0,0.0,0.0,0.0,0,0,0.0,0.0,0.0,0.0,0.0,0.0,2.0,1.0,0.05,0.8,0.0,0.0,1
646,2026-04-22T14:28:33.429Z,S20260422_152751,SC01,AUTO,,42.2882,0.0619,start,0,1500,VIDE,0.0,0.0,0.0,0.0,0.0,0.0,0,0,0.0,0.0,0.0,0.0,0.0,0.0,2.0,1.0,0.05,0.8,0.0,0.0,1
647,2026-04-22T14:28:33.491Z,S20260422_152751,SC01,AUTO,,42.3502,0.062,start,0,1500,VIDE,0.0,0.0,0.0,0.0,0.0,0.0,0,0,0.0,0.0,0.0,0.0,0.0,0.0,2.0,1.0,0.05,0.8,0.0,0.0,1
648,2026-04-22T14:28:33.553Z,S20260422_152751,SC01,AUTO,,42.4122,0.062,start,0,1500,VIDE,0.0,0.0,0.0,0.0,0.0,0.0,0,0,0.0,0.0,0.0,0.0,0.0,0.0,2.0,1.0,0.05,0.8,0.0,0.0,1
649,2026-04-22T14:28:33.615Z,S20260422_152751,SC01,AUTO,,42.4744,0.0621,start,0,1500,VIDE,0.0,0.0,0.0,0.0,0.0,0.0,0,0,0.0,0.0,0.0,0.0,0.0,0.0,2.0,1.0,0.05,0.8,0.0,0.0,1
650,2026-04-22T14:28:33.679Z,S20260422_152751,SC01,AUTO,,42.5378,0.0634,start,0,1500,VIDE,0.0,0.0,0.0,0.0,0.0,0.0,0,0,0.0,0.0,0.0,0.0,0.0,0.0,2.0,1.0,0.05,0.8,0.0,0.0,1
651,2026-04-22T14:28:33.740Z,S20260422_152751,SC01,AUTO,,42.5995,0.0617,start,0,1500,VIDE,0.0,0.0,0.0,0.0,0.0,0.0,0,0,0.0,0.0,0.0,0.0,0.0,0.0,2.0,1.0,0.05,0.8,0.0,0.0,1
652,2026-04-22T14:28:33.802Z,S20260422_152751,SC01,AUTO,,42.6613,0.0618,start,0,1500,VIDE,0.0,0.0,0.0,0.0,0.0,0.0,0,0,0.0,0.0,0.0,0.0,0.0,0.0,2.0,1.0,0.05,0.8,0.0,0.0,1
653,2026-04-22T14:28:33.865Z,S20260422_152751,SC01,AUTO,,42.7244,0.0631,start,0,1500,VIDE,0.0,0.0,0.0,0.0,0.0,0.0,0,0,0.0,0.0,0.0,0.0,0.0,0.0,2.0,1.0,0.05,0.8,0.0,0.0,1
654,2026-04-22T14:28:33.927Z,S20260422_152751,SC01,AUTO,,42.7867,0.0622,start,0,1500,VIDE,0.0,0.0,0.0,0.0,0.0,0.0,0,0,0.0,0.0,0.0,0.0,0.0,0.0,2.0,1.0,0.05,0.8,0.0,0.0,1
655,2026-04-22T14:28:33.991Z,S20260422_152751,SC01,AUTO,,42.8501,0.0635,start,0,1500,VIDE,0.0,0.0,0.0,0.0,0.0,0.0,0,0,0.0,0.0,0.0,0.0,0.0,0.0,2.0,1.0,0.05,0.8,0.0,0.0,1
656,2026-04-22T14:28:34.052Z,S20260422_152751,SC01,AUTO,,42.9112,0.0611,start,0,1500,VIDE,0.0,0.0,0.0,0.0,0.0,0.0,0,0,0.0,0.0,0.0,0.0,0.0,0.0,2.0,1.0,0.05,0.8,0.0,0.0,1
657,2026-04-22T14:28:34.117Z,S20260422_152751,SC01,AUTO,,42.9758,0.0646,start,0,1500,VIDE,0.0,0.0,0.0,0.0,0.0,0.0,0,0,0.0,0.0,0.0,0.0,0.0,0.0,2.0,1.0,0.05,0.8,0.0,0.0,1
658,2026-04-22T14:28:34.179Z,S20260422_152751,SC01,AUTO,,43.0384,0.0626,start,0,1500,VIDE,0.0,0.0,0.0,0.0,0.0,0.0,0,0,0.0,0.0,0.0,0.0,0.0,0.0,2.0,1.0,0.05,0.8,0.0,0.0,1
659,2026-04-22T14:28:34.242Z,S20260422_152751,SC01,AUTO,,43.1014,0.063,start,0,1500,VIDE,0.0,0.0,0.0,0.0,0.0,0.0,0,0,0.0,0.0,0.0,0.0,0.0,0.0,2.0,1.0,0.05,0.8,0.0,0.0,1
660,2026-04-22T14:28:34.304Z,S20260422_152751,SC01,AUTO,,43.1633,0.0619,start,0,1500,VIDE,0.0,0.0,0.0,0.0,0.0,0.0,0,0,0.0,0.0,0.0,0.0,0.0,0.0,2.0,1.0,0.05,0.8,0.0,0.0,1
661,2026-04-22T14:28:34.366Z,S20260422_152751,SC01,AUTO,,43.2247,0.0614,start,0,1500,VIDE,0.0,0.0,0.0,0.0,0.0,0.0,0,0,0.0,0.0,0.0,0.0,0.0,0.0,2.0,1.0,0.05,0.8,0.0,0.0,1
662,2026-04-22T14:28:34.427Z,S20260422_152751,SC01,AUTO,,43.2864,0.0616,start,0,1500,VIDE,0.0,0.0,0.0,0.0,0.0,0.0,0,0,0.0,0.0,0.0,0.0,0.0,0.0,2.0,1.0,0.05,0.8,0.0,0.0,1
663,2026-04-22T14:28:34.491Z,S20260422_152751,SC01,AUTO,,43.3499,0.0635,start,0,1500,VIDE,0.0,0.0,0.0,0.0,0.0,0.0,0,0,0.0,0.0,0.0,0.0,0.0,0.0,2.0,1.0,0.05,0.8,0.0,0.0,1
664,2026-04-22T14:28:34.552Z,S20260422_152751,SC01,AUTO,,43.4113,0.0614,start,0,1500,VIDE,0.0,0.0,0.0,0.0,0.0,0.0,0,0,0.0,0.0,0.0,0.0,0.0,0.0,2.0,1.0,0.05,0.8,0.0,0.0,1
665,2026-04-22T14:28:34.616Z,S20260422_152751,SC01,AUTO,,43.4747,0.0634,start,0,1500,VIDE,0.0,0.0,0.0,0.0,0.0,0.0,0,0,0.0,0.0,0.0,0.0,0.0,0.0,2.0,1.0,0.05,0.8,0.0,0.0,1
666,2026-04-22T14:28:34.677Z,S20260422_152751,SC01,AUTO,,43.5362,0.0614,start,0,1500,VIDE,0.0,0.0,0.0,0.0,0.0,0.0,0,0,0.0,0.0,0.0,0.0,0.0,0.0,2.0,1.0,0.05,0.8,0.0,0.0,1
667,2026-04-22T14:28:34.738Z,S20260422_152751,SC01,AUTO,,43.5974,0.0613,start,0,1500,VIDE,0.0,0.0,0.0,0.0,0.0,0.0,0,0,0.0,0.0,0.0,0.0,0.0,0.0,2.0,1.0,0.05,0.8,0.0,0.0,1
668,2026-04-22T14:28:34.812Z,S20260422_152751,SC01,AUTO,,43.6713,0.0739,start,0,1500,VIDE,0.0,0.0,0.0,0.0,0.0,0.0,0,0,0.0,0.0,0.0,0.0,0.0,0.0,2.0,1.0,0.05,0.8,0.0,0.0,1
669,2026-04-22T14:28:34.873Z,S20260422_152751,SC01,AUTO,,43.7321,0.0607,start,0,1500,VIDE,0.0,0.0,0.0,0.0,0.0,0.0,0,0,0.0,0.0,0.0,0.0,0.0,0.0,2.0,1.0,0.05,0.8,0.0,0.0,1
670,2026-04-22T14:28:34.928Z,S20260422_152751,SC01,AUTO,,43.787,0.0549,start,0,1500,VIDE,0.0,0.0,0.0,0.0,0.0,0.0,0,0,0.0,0.0,0.0,0.0,0.0,0.0,2.0,1.0,0.05,0.8,0.0,0.0,1
671,2026-04-22T14:28:34.989Z,S20260422_152751,SC01,AUTO,,43.8477,0.0607,start,0,1500,VIDE,0.0,0.0,0.0,0.0,0.0,0.0,0,0,0.0,0.0,0.0,0.0,0.0,0.0,2.0,1.0,0.05,0.8,0.0,0.0,1
672,2026-04-22T14:28:35.053Z,S20260422_152751,SC01,AUTO,,43.9121,0.0644,start,0,1500,VIDE,0.0,0.0,0.0,0.0,0.0,0.0,0,0,0.0,0.0,0.0,0.0,0.0,0.0,2.0,1.0,0.05,0.8,0.0,0.0,1
673,2026-04-22T14:28:35.127Z,S20260422_152751,SC01,AUTO,,43.9866,0.0745,start,0,1500,VIDE,0.0,0.0,0.0,0.0,0.0,0.0,0,0,0.0,0.0,0.0,0.0,0.0,0.0,2.0,1.0,0.05,0.8,0.0,0.0,1
674,2026-04-22T14:28:35.189Z,S20260422_152751,SC01,AUTO,,44.048,0.0614,start,0,1500,VIDE,0.0,0.0,0.0,0.0,0.0,0.0,0,0,0.0,0.0,0.0,0.0,0.0,0.0,2.0,1.0,0.05,0.8,0.0,0.0,1
675,2026-04-22T14:28:35.251Z,S20260422_152751,SC01,AUTO,,44.1105,0.0625,start,0,1500,VIDE,0.0,0.0,0.0,0.0,0.0,0.0,0,0,0.0,0.0,0.0,0.0,0.0,0.0,2.0,1.0,0.05,0.8,0.0,0.0,1
676,2026-04-22T14:28:35.312Z,S20260422_152751,SC01,AUTO,,44.1714,0.0609,start,0,1500,VIDE,0.0,0.0,0.0,0.0,0.0,0.0,0,0,0.0,0.0,0.0,0.0,0.0,0.0,2.0,1.0,0.05,0.8,0.0,0.0,1
677,2026-04-22T14:28:35.372Z,S20260422_152751,SC01,AUTO,,44.2313,0.0599,start,0,1500,VIDE,0.0,0.0,0.0,0.0,0.0,0.0,0,0,0.0,0.0,0.0,0.0,0.0,0.0,2.0,1.0,0.05,0.8,0.0,0.0,1
678,2026-04-22T14:28:35.432Z,S20260422_152751,SC01,AUTO,,44.2913,0.06,start,0,1500,VIDE,0.0,0.0,0.0,0.0,0.0,0.0,0,0,0.0,0.0,0.0,0.0,0.0,0.0,2.0,1.0,0.05,0.8,0.0,0.0,1
679,2026-04-22T14:28:35.492Z,S20260422_152751,SC01,AUTO,,44.3511,0.0598,start,0,1500,VIDE,0.0,0.0,0.0,0.0,0.0,0.0,0,0,0.0,0.0,0.0,0.0,0.0,0.0,2.0,1.0,0.05,0.8,0.0,0.0,1
680,2026-04-22T14:28:35.552Z,S20260422_152751,SC01,AUTO,,44.4112,0.0602,start,0,1500,VIDE,0.0,0.0,0.0,0.0,0.0,0.0,0,0,0.0,0.0,0.0,0.0,0.0,0.0,2.0,1.0,0.05,0.8,0.0,0.0,1
681,2026-04-22T14:28:35.626Z,S20260422_152751,SC01,AUTO,,44.4856,0.0744,start,0,1500,VIDE,0.0,0.0,0.0,0.0,0.0,0.0,0,0,0.0,0.0,0.0,0.0,0.0,0.0,2.0,1.0,0.05,0.8,0.0,0.0,1
682,2026-04-22T14:28:35.688Z,S20260422_152751,SC01,AUTO,,44.5474,0.0618,start,0,1500,VIDE,0.0,0.0,0.0,0.0,0.0,0.0,0,0,0.0,0.0,0.0,0.0,0.0,0.0,2.0,1.0,0.05,0.8,0.0,0.0,1
683,2026-04-22T14:28:35.745Z,S20260422_152751,SC01,AUTO,,44.6037,0.0563,start,0,1500,VIDE,0.0,0.0,0.0,0.0,0.0,0.0,0,0,0.0,0.0,0.0,0.0,0.0,0.0,2.0,1.0,0.05,0.8,0.0,0.0,1
684,2026-04-22T14:28:35.808Z,S20260422_152751,SC01,AUTO,,44.6668,0.063,start,0,1500,VIDE,0.0,0.0,0.0,0.0,0.0,0.0,0,0,0.0,0.0,0.0,0.0,0.0,0.0,2.0,1.0,0.05,0.8,0.0,0.0,1
685,2026-04-22T14:28:35.866Z,S20260422_152751,SC01,AUTO,,44.7251,0.0584,start,0,1500,VIDE,0.0,0.0,0.0,0.0,0.0,0.0,0,0,0.0,0.0,0.0,0.0,0.0,0.0,2.0,1.0,0.05,0.8,0.0,0.0,1
686,2026-04-22T14:28:35.928Z,S20260422_152751,SC01,AUTO,,44.7869,0.0618,start,0,1500,VIDE,0.0,0.0,0.0,0.0,0.0,0.0,0,0,0.0,0.0,0.0,0.0,0.0,0.0,2.0,1.0,0.05,0.8,0.0,0.0,1
687,2026-04-22T14:28:35.992Z,S20260422_152751,SC01,AUTO,,44.8508,0.0639,start,0,1500,VIDE,0.0,0.0,0.0,0.0,0.0,0.0,0,0,0.0,0.0,0.0,0.0,0.0,0.0,2.0,1.0,0.05,0.8,0.0,0.0,1
688,2026-04-22T14:28:36.052Z,S20260422_152751,SC01,AUTO,,44.9116,0.0608,start,0,1500,VIDE,0.0,0.0,0.0,0.0,0.0,0.0,0,0,0.0,0.0,0.0,0.0,0.0,0.0,2.0,1.0,0.05,0.8,0.0,0.0,1
689,2026-04-22T14:28:36.120Z,S20260422_152751,SC01,AUTO,,44.9789,0.0673,start,0,1500,VIDE,0.0,0.0,0.0,0.0,0.0,0.0,0,0,0.0,0.0,0.0,0.0,0.0,0.0,2.0,1.0,0.05,0.8,0.0,0.0,1
690,2026-04-22T14:28:36.184Z,S20260422_152751,SC01,AUTO,,45.0429,0.064,start,0,1500,VIDE,0.0,0.0,0.0,0.0,0.0,0.0,0,0,0.0,0.0,0.0,0.0,0.0,0.0,2.0,1.0,0.05,0.8,0.0,0.0,1
691,2026-04-22T14:28:36.240Z,S20260422_152751,SC01,AUTO,,45.099,0.0561,start,0,1500,VIDE,0.0,0.0,0.0,0.0,0.0,0.0,0,0,0.0,0.0,0.0,0.0,0.0,0.0,2.0,1.0,0.05,0.8,0.0,0.0,1
692,2026-04-22T14:28:36.312Z,S20260422_152751,SC01,AUTO,,45.1713,0.0723,start,0,1500,VIDE,0.0,0.0,0.0,0.0,0.0,0.0,0,0,0.0,0.0,0.0,0.0,0.0,0.0,2.0,1.0,0.05,0.8,0.0,0.0,1
693,2026-04-22T14:28:36.372Z,S20260422_152751,SC01,AUTO,,45.231,0.0598,start,0,1500,VIDE,0.0,0.0,0.0,0.0,0.0,0.0,0,0,0.0,0.0,0.0,0.0,0.0,0.0,2.0,1.0,0.05,0.8,0.0,0.0,1
694,2026-04-22T14:28:36.432Z,S20260422_152751,SC01,AUTO,,45.2912,0.0602,start,0,1500,VIDE,0.0,0.0,0.0,0.0,0.0,0.0,0,0,0.0,0.0,0.0,0.0,0.0,0.0,2.0,1.0,0.05,0.8,0.0,0.0,1
695,2026-04-22T14:28:36.492Z,S20260422_152751,SC01,AUTO,,45.3511,0.0599,start,0,1500,VIDE,0.0,0.0,0.0,0.0,0.0,0.0,0,0,0.0,0.0,0.0,0.0,0.0,0.0,2.0,1.0,0.05,0.8,0.0,0.0,1
696,2026-04-22T14:28:36.552Z,S20260422_152751,SC01,AUTO,,45.4112,0.0601,start,0,1500,VIDE,0.0,0.0,0.0,0.0,0.0,0.0,0,0,0.0,0.0,0.0,0.0,0.0,0.0,2.0,1.0,0.05,0.8,0.0,0.0,1
697,2026-04-22T14:28:36.625Z,S20260422_152751,SC01,AUTO,,45.4843,0.0731,start,0,1500,VIDE,0.0,0.0,0.0,0.0,0.0,0.0,0,0,0.0,0.0,0.0,0.0,0.0,0.0,2.0,1.0,0.05,0.8,0.0,0.0,1
698,2026-04-22T14:28:36.688Z,S20260422_152751,SC01,AUTO,,45.5472,0.0629,start,0,1500,VIDE,0.0,0.0,0.0,0.0,0.0,0.0,0,0,0.0,0.0,0.0,0.0,0.0,0.0,2.0,1.0,0.05,0.8,0.0,0.0,1
699,2026-04-22T14:28:36.750Z,S20260422_152751,SC01,AUTO,,45.6091,0.0619,start,0,1500,VIDE,0.0,0.0,0.0,0.0,0.0,0.0,0,0,0.0,0.0,0.0,0.0,0.0,0.0,2.0,1.0,0.05,0.8,0.0,0.0,1
700,2026-04-22T14:28:36.812Z,S20260422_152751,SC01,AUTO,,45.6713,0.0622,start,0,1500,VIDE,0.0,0.0,0.0,0.0,0.0,0.0,0,0,0.0,0.0,0.0,0.0,0.0,0.0,2.0,1.0,0.05,0.8,0.0,0.0,1
701,2026-04-22T14:28:36.872Z,S20260422_152751,SC01,AUTO,,45.7316,0.0604,start,0,1500,VIDE,0.0,0.0,0.0,0.0,0.0,0.0,0,0,0.0,0.0,0.0,0.0,0.0,0.0,2.0,1.0,0.05,0.8,0.0,0.0,1
702,2026-04-22T14:28:36.928Z,S20260422_152751,SC01,AUTO,,45.7871,0.0555,start,0,1500,VIDE,0.0,0.0,0.0,0.0,0.0,0.0,0,0,0.0,0.0,0.0,0.0,0.0,0.0,2.0,1.0,0.05,0.8,0.0,0.0,1
703,2026-04-22T14:28:36.992Z,S20260422_152751,SC01,AUTO,,45.8509,0.0638,start,0,1500,VIDE,0.0,0.0,0.0,0.0,0.0,0.0,0,0,0.0,0.0,0.0,0.0,0.0,0.0,2.0,1.0,0.05,0.8,0.0,0.0,1
704,2026-04-22T14:28:37.052Z,S20260422_152751,SC01,AUTO,,45.9111,0.0602,start,0,1500,VIDE,0.0,0.0,0.0,0.0,0.0,0.0,0,0,0.0,0.0,0.0,0.0,0.0,0.0,2.0,1.0,0.05,0.8,0.0,0.0,1
705,2026-04-22T14:28:37.125Z,S20260422_152751,SC01,AUTO,,45.9843,0.0732,start,0,1500,VIDE,0.0,0.0,0.0,0.0,0.0,0.0,0,0,0.0,0.0,0.0,0.0,0.0,0.0,2.0,1.0,0.05,0.8,0.0,0.0,1
706,2026-04-22T14:28:37.190Z,S20260422_152751,SC01,AUTO,,46.0497,0.0653,start,0,1500,VIDE,0.0,0.0,0.0,0.0,0.0,0.0,0,0,0.0,0.0,0.0,0.0,0.0,0.0,2.0,1.0,0.05,0.8,0.0,0.0,1
707,2026-04-22T14:28:37.248Z,S20260422_152751,SC01,AUTO,,46.1073,0.0576,start,0,1500,VIDE,0.0,0.0,0.0,0.0,0.0,0.0,0,0,0.0,0.0,0.0,0.0,0.0,0.0,2.0,1.0,0.05,0.8,0.0,0.0,1
708,2026-04-22T14:28:37.312Z,S20260422_152751,SC01,AUTO,,46.1712,0.0639,start,0,1500,VIDE,0.0,0.0,0.0,0.0,0.0,0.0,0,0,0.0,0.0,0.0,0.0,0.0,0.0,2.0,1.0,0.05,0.8,0.0,0.0,1
709,2026-04-22T14:28:37.365Z,S20260422_152751,SC01,AUTO,,46.224,0.0528,start,0,1500,VIDE,0.0,0.0,0.0,0.0,0.0,0.0,0,0,0.0,0.0,0.0,0.0,0.0,0.0,2.0,1.0,0.05,0.8,0.0,0.0,1
710,2026-04-22T14:28:37.428Z,S20260422_152751,SC01,AUTO,,46.2869,0.0629,start,0,1500,VIDE,0.0,0.0,0.0,0.0,0.0,0.0,0,0,0.0,0.0,0.0,0.0,0.0,0.0,2.0,1.0,0.05,0.8,0.0,0.0,1
711,2026-04-22T14:28:37.492Z,S20260422_152751,SC01,AUTO,,46.3513,0.0644,start,0,1500,VIDE,0.0,0.0,0.0,0.0,0.0,0.0,0,0,0.0,0.0,0.0,0.0,0.0,0.0,2.0,1.0,0.05,0.8,0.0,0.0,1
712,2026-04-22T14:28:37.552Z,S20260422_152751,SC01,AUTO,,46.4114,0.0601,start,0,1500,VIDE,0.0,0.0,0.0,0.0,0.0,0.0,0,0,0.0,0.0,0.0,0.0,0.0,0.0,2.0,1.0,0.05,0.8,0.0,0.0,1
713,2026-04-22T14:28:37.626Z,S20260422_152751,SC01,AUTO,,46.485,0.0736,start,0,1500,VIDE,0.0,0.0,0.0,0.0,0.0,0.0,0,0,0.0,0.0,0.0,0.0,0.0,0.0,2.0,1.0,0.05,0.8,0.0,0.0,1
714,2026-04-22T14:28:37.687Z,S20260422_152751,SC01,AUTO,,46.5466,0.0616,start,0,1500,VIDE,0.0,0.0,0.0,0.0,0.0,0.0,0,0,0.0,0.0,0.0,0.0,0.0,0.0,2.0,1.0,0.05,0.8,0.0,0.0,1
715,2026-04-22T14:28:37.750Z,S20260422_152751,SC01,AUTO,,46.6096,0.0631,start,0,1500,VIDE,0.0,0.0,0.0,0.0,0.0,0.0,0,0,0.0,0.0,0.0,0.0,0.0,0.0,2.0,1.0,0.05,0.8,0.0,0.0,1
716,2026-04-22T14:28:37.813Z,S20260422_152751,SC01,AUTO,,46.6718,0.0622,start,0,1500,VIDE,0.0,0.0,0.0,0.0,0.0,0.0,0,0,0.0,0.0,0.0,0.0,0.0,0.0,2.0,1.0,0.05,0.8,0.0,0.0,1
717,2026-04-22T14:28:37.872Z,S20260422_152751,SC01,AUTO,,46.7311,0.0592,start,0,1500,VIDE,0.0,0.0,0.0,0.0,0.0,0.0,0,0,0.0,0.0,0.0,0.0,0.0,0.0,2.0,1.0,0.05,0.8,0.0,0.0,1
718,2026-04-22T14:28:37.933Z,S20260422_152751,SC01,AUTO,,46.7925,0.0614,start,0,1500,VIDE,0.0,0.0,0.0,0.0,0.0,0.0,0,0,0.0,0.0,0.0,0.0,0.0,0.0,2.0,1.0,0.05,0.8,0.0,0.0,1
719,2026-04-22T14:28:37.993Z,S20260422_152751,SC01,AUTO,,46.8521,0.0597,start,0,1500,VIDE,0.0,0.0,0.0,0.0,0.0,0.0,0,0,0.0,0.0,0.0,0.0,0.0,0.0,2.0,1.0,0.05,0.8,0.0,0.0,1
720,2026-04-22T14:28:38.052Z,S20260422_152751,SC01,AUTO,,46.9113,0.0592,start,0,1500,VIDE,0.0,0.0,0.0,0.0,0.0,0.0,0,0,0.0,0.0,0.0,0.0,0.0,0.0,2.0,1.0,0.05,0.8,0.0,0.0,1
721,2026-04-22T14:28:38.122Z,S20260422_152751,SC01,AUTO,,46.9815,0.0702,start,0,1500,VIDE,0.0,0.0,0.0,0.0,0.0,0.0,0,0,0.0,0.0,0.0,0.0,0.0,0.0,2.0,1.0,0.05,0.8,0.0,0.0,1
722,2026-04-22T14:28:38.185Z,S20260422_152751,SC01,AUTO,,47.0443,0.0629,start,0,1500,VIDE,0.0,0.0,0.0,0.0,0.0,0.0,0,0,0.0,0.0,0.0,0.0,0.0,0.0,2.0,1.0,0.05,0.8,0.0,0.0,1
723,2026-04-22T14:28:38.238Z,S20260422_152751,SC01,AUTO,,47.0976,0.0532,start,0,1500,VIDE,0.0,0.0,0.0,0.0,0.0,0.0,0,0,0.0,0.0,0.0,0.0,0.0,0.0,2.0,1.0,0.05,0.8,0.0,0.0,1
724,2026-04-22T14:28:38.310Z,S20260422_152751,SC01,AUTO,,47.1697,0.0721,start,0,1500,VIDE,0.0,0.0,0.0,0.0,0.0,0.0,0,0,0.0,0.0,0.0,0.0,0.0,0.0,2.0,1.0,0.05,0.8,0.0,0.0,1
725,2026-04-22T14:28:38.372Z,S20260422_152751,SC01,AUTO,,47.2311,0.0614,start,0,1500,VIDE,0.0,0.0,0.0,0.0,0.0,0.0,0,0,0.0,0.0,0.0,0.0,0.0,0.0,2.0,1.0,0.05,0.8,0.0,0.0,1
726,2026-04-22T14:28:38.432Z,S20260422_152751,SC01,AUTO,,47.2911,0.06,start,0,1500,VIDE,0.0,0.0,0.0,0.0,0.0,0.0,0,0,0.0,0.0,0.0,0.0,0.0,0.0,2.0,1.0,0.05,0.8,0.0,0.0,1
727,2026-04-22T14:28:38.492Z,S20260422_152751,SC01,AUTO,,47.3516,0.0605,start,0,1500,VIDE,0.0,0.0,0.0,0.0,0.0,0.0,0,0,0.0,0.0,0.0,0.0,0.0,0.0,2.0,1.0,0.05,0.8,0.0,0.0,1
728,2026-04-22T14:28:38.552Z,S20260422_152751,SC01,AUTO,,47.4112,0.0596,start,0,1500,VIDE,0.0,0.0,0.0,0.0,0.0,0.0,0,0,0.0,0.0,0.0,0.0,0.0,0.0,2.0,1.0,0.05,0.8,0.0,0.0,1
729,2026-04-22T14:28:38.624Z,S20260422_152751,SC01,AUTO,,47.4828,0.0715,start,0,1500,VIDE,0.0,0.0,0.0,0.0,0.0,0.0,0,0,0.0,0.0,0.0,0.0,0.0,0.0,2.0,1.0,0.05,0.8,0.0,0.0,1
730,2026-04-22T14:28:38.685Z,S20260422_152751,SC01,AUTO,,47.5446,0.0618,start,0,1500,VIDE,0.0,0.0,0.0,0.0,0.0,0.0,0,0,0.0,0.0,0.0,0.0,0.0,0.0,2.0,1.0,0.05,0.8,0.0,0.0,1
731,2026-04-22T14:28:38.747Z,S20260422_152751,SC01,AUTO,,47.6065,0.0619,start,0,1500,VIDE,0.0,0.0,0.0,0.0,0.0,0.0,0,0,0.0,0.0,0.0,0.0,0.0,0.0,2.0,1.0,0.05,0.8,0.0,0.0,1
732,2026-04-22T14:28:38.809Z,S20260422_152751,SC01,AUTO,,47.6682,0.0618,start,0,1500,VIDE,0.0,0.0,0.0,0.0,0.0,0.0,0,0,0.0,0.0,0.0,0.0,0.0,0.0,2.0,1.0,0.05,0.8,0.0,0.0,1
733,2026-04-22T14:28:38.871Z,S20260422_152751,SC01,AUTO,,47.73,0.0618,start,0,1500,VIDE,0.0,0.0,0.0,0.0,0.0,0.0,0,0,0.0,0.0,0.0,0.0,0.0,0.0,2.0,1.0,0.05,0.8,0.0,0.0,1
734,2026-04-22T14:28:38.933Z,S20260422_152751,SC01,AUTO,,47.7922,0.0621,start,0,1500,VIDE,0.0,0.0,0.0,0.0,0.0,0.0,0,0,0.0,0.0,0.0,0.0,0.0,0.0,2.0,1.0,0.05,0.8,0.0,0.0,1
735,2026-04-22T14:28:38.992Z,S20260422_152751,SC01,AUTO,,47.851,0.0589,start,0,1500,VIDE,0.0,0.0,0.0,0.0,0.0,0.0,0,0,0.0,0.0,0.0,0.0,0.0,0.0,2.0,1.0,0.05,0.8,0.0,0.0,1
736,2026-04-22T14:28:39.052Z,S20260422_152751,SC01,AUTO,,47.9114,0.0604,start,0,1500,VIDE,0.0,0.0,0.0,0.0,0.0,0.0,0,0,0.0,0.0,0.0,0.0,0.0,0.0,2.0,1.0,0.05,0.8,0.0,0.0,1
737,2026-04-22T14:28:39.123Z,S20260422_152751,SC01,AUTO,,47.9818,0.0704,start,0,1500,VIDE,0.0,0.0,0.0,0.0,0.0,0.0,0,0,0.0,0.0,0.0,0.0,0.0,0.0,2.0,1.0,0.05,0.8,0.0,0.0,1
738,2026-04-22T14:28:39.185Z,S20260422_152751,SC01,AUTO,,48.0437,0.0619,start,0,1500,VIDE,0.0,0.0,0.0,0.0,0.0,0.0,0,0,0.0,0.0,0.0,0.0,0.0,0.0,2.0,1.0,0.05,0.8,0.0,0.0,1
739,2026-04-22T14:28:39.248Z,S20260422_152751,SC01,AUTO,,48.1072,0.0635,start,0,1500,VIDE,0.0,0.0,0.0,0.0,0.0,0.0,0,0,0.0,0.0,0.0,0.0,0.0,0.0,2.0,1.0,0.05,0.8,0.0,0.0,1
740,2026-04-22T14:28:39.310Z,S20260422_152751,SC01,AUTO,,48.1693,0.0621,start,0,1500,VIDE,0.0,0.0,0.0,0.0,0.0,0.0,0,0,0.0,0.0,0.0,0.0,0.0,0.0,2.0,1.0,0.05,0.8,0.0,0.0,1
741,2026-04-22T14:28:39.373Z,S20260422_152751,SC01,AUTO,,48.2318,0.0624,start,0,1500,VIDE,0.0,0.0,0.0,0.0,0.0,0.0,0,0,0.0,0.0,0.0,0.0,0.0,0.0,2.0,1.0,0.05,0.8,0.0,0.0,1
742,2026-04-22T14:28:39.433Z,S20260422_152751,SC01,AUTO,,48.2918,0.06,start,0,1500,VIDE,0.0,0.0,0.0,0.0,0.0,0.0,0,0,0.0,0.0,0.0,0.0,0.0,0.0,2.0,1.0,0.05,0.8,0.0,0.0,1
743,2026-04-22T14:28:39.493Z,S20260422_152751,SC01,AUTO,,48.3519,0.0601,start,0,1500,VIDE,0.0,0.0,0.0,0.0,0.0,0.0,0,0,0.0,0.0,0.0,0.0,0.0,0.0,2.0,1.0,0.05,0.8,0.0,0.0,1
744,2026-04-22T14:28:39.552Z,S20260422_152751,SC01,AUTO,,48.4116,0.0597,start,0,1500,VIDE,0.0,0.0,0.0,0.0,0.0,0.0,0,0,0.0,0.0,0.0,0.0,0.0,0.0,2.0,1.0,0.05,0.8,0.0,0.0,1
745,2026-04-22T14:28:39.622Z,S20260422_152751,SC01,AUTO,,48.4816,0.0699,start,0,1500,VIDE,0.0,0.0,0.0,0.0,0.0,0.0,0,0,0.0,0.0,0.0,0.0,0.0,0.0,2.0,1.0,0.05,0.8,0.0,0.0,1
746,2026-04-22T14:28:39.684Z,S20260422_152751,SC01,AUTO,,48.543,0.0615,start,0,1500,VIDE,0.0,0.0,0.0,0.0,0.0,0.0,0,0,0.0,0.0,0.0,0.0,0.0,0.0,2.0,1.0,0.05,0.8,0.0,0.0,1
747,2026-04-22T14:28:39.747Z,S20260422_152751,SC01,AUTO,,48.6059,0.0629,start,0,1500,VIDE,0.0,0.0,0.0,0.0,0.0,0.0,0,0,0.0,0.0,0.0,0.0,0.0,0.0,2.0,1.0,0.05,0.8,0.0,0.0,1
748,2026-04-22T14:28:39.808Z,S20260422_152751,SC01,AUTO,,48.6675,0.0616,start,0,1500,VIDE,0.0,0.0,0.0,0.0,0.0,0.0,0,0,0.0,0.0,0.0,0.0,0.0,0.0,2.0,1.0,0.05,0.8,0.0,0.0,1
749,2026-04-22T14:28:39.870Z,S20260422_152751,SC01,AUTO,,48.7294,0.0619,start,0,1500,VIDE,0.0,0.0,0.0,0.0,0.0,0.0,0,0,0.0,0.0,0.0,0.0,0.0,0.0,2.0,1.0,0.05,0.8,0.0,0.0,1
750,2026-04-22T14:28:39.932Z,S20260422_152751,SC01,AUTO,,48.791,0.0615,start,0,1500,VIDE,0.0,0.0,0.0,0.0,0.0,0.0,0,0,0.0,0.0,0.0,0.0,0.0,0.0,2.0,1.0,0.05,0.8,0.0,0.0,1
751,2026-04-22T14:28:39.992Z,S20260422_152751,SC01,AUTO,,48.8511,0.0601,start,0,1500,VIDE,0.0,0.0,0.0,0.0,0.0,0.0,0,0,0.0,0.0,0.0,0.0,0.0,0.0,2.0,1.0,0.05,0.8,0.0,0.0,1
752,2026-04-22T14:28:40.052Z,S20260422_152751,SC01,AUTO,,48.9115,0.0604,start,0,1500,VIDE,0.0,0.0,0.0,0.0,0.0,0.0,0,0,0.0,0.0,0.0,0.0,0.0,0.0,2.0,1.0,0.05,0.8,0.0,0.0,1
753,2026-04-22T14:28:40.117Z,S20260422_152751,SC01,AUTO,,48.9762,0.0647,start,0,1500,VIDE,0.0,0.0,0.0,0.0,0.0,0.0,0,0,0.0,0.0,0.0,0.0,0.0,0.0,2.0,1.0,0.05,0.8,0.0,0.0,1
754,2026-04-22T14:28:40.179Z,S20260422_152751,SC01,AUTO,,49.0386,0.0624,start,0,1500,VIDE,0.0,0.0,0.0,0.0,0.0,0.0,0,0,0.0,0.0,0.0,0.0,0.0,0.0,2.0,1.0,0.05,0.8,0.0,0.0,1
755,2026-04-22T14:28:40.241Z,S20260422_152751,SC01,AUTO,,49.1001,0.0616,start,0,1500,VIDE,0.0,0.0,0.0,0.0,0.0,0.0,0,0,0.0,0.0,0.0,0.0,0.0,0.0,2.0,1.0,0.05,0.8,0.0,0.0,1
756,2026-04-22T14:28:40.304Z,S20260422_152751,SC01,AUTO,,49.1635,0.0634,start,0,1500,VIDE,0.0,0.0,0.0,0.0,0.0,0.0,0,0,0.0,0.0,0.0,0.0,0.0,0.0,2.0,1.0,0.05,0.8,0.0,0.0,1
757,2026-04-22T14:28:40.367Z,S20260422_152751,SC01,AUTO,,49.2267,0.0632,start,0,1500,VIDE,0.0,0.0,0.0,0.0,0.0,0.0,0,0,0.0,0.0,0.0,0.0,0.0,0.0,2.0,1.0,0.05,0.8,0.0,0.0,1
758,2026-04-22T14:28:40.429Z,S20260422_152751,SC01,AUTO,,49.2886,0.0619,start,0,1500,VIDE,0.0,0.0,0.0,0.0,0.0,0.0,0,0,0.0,0.0,0.0,0.0,0.0,0.0,2.0,1.0,0.05,0.8,0.0,0.0,1
759,2026-04-22T14:28:40.491Z,S20260422_152751,SC01,AUTO,,49.3506,0.062,start,0,1500,VIDE,0.0,0.0,0.0,0.0,0.0,0.0,0,0,0.0,0.0,0.0,0.0,0.0,0.0,2.0,1.0,0.05,0.8,0.0,0.0,1
760,2026-04-22T14:28:40.552Z,S20260422_152751,SC01,AUTO,,49.4116,0.061,start,0,1500,VIDE,0.0,0.0,0.0,0.0,0.0,0.0,0,0,0.0,0.0,0.0,0.0,0.0,0.0,2.0,1.0,0.05,0.8,0.0,0.0,1
761,2026-04-22T14:28:40.617Z,S20260422_152751,SC01,AUTO,,49.4762,0.0647,start,0,1500,VIDE,0.0,0.0,0.0,0.0,0.0,0.0,0,0,0.0,0.0,0.0,0.0,0.0,0.0,2.0,1.0,0.05,0.8,0.0,0.0,1
762,2026-04-22T14:28:40.677Z,S20260422_152751,SC01,AUTO,,49.5366,0.0604,start,0,1500,VIDE,0.0,0.0,0.0,0.0,0.0,0.0,0,0,0.0,0.0,0.0,0.0,0.0,0.0,2.0,1.0,0.05,0.8,0.0,0.0,1
763,2026-04-22T14:28:40.740Z,S20260422_152751,SC01,AUTO,,49.5992,0.0626,start,0,1500,VIDE,0.0,0.0,0.0,0.0,0.0,0.0,0,0,0.0,0.0,0.0,0.0,0.0,0.0,2.0,1.0,0.05,0.8,0.0,0.0,1
764,2026-04-22T14:28:40.802Z,S20260422_152751,SC01,AUTO,,49.6612,0.062,start,0,1500,VIDE,0.0,0.0,0.0,0.0,0.0,0.0,0,0,0.0,0.0,0.0,0.0,0.0,0.0,2.0,1.0,0.05,0.8,0.0,0.0,1
765,2026-04-22T14:28:40.864Z,S20260422_152751,SC01,AUTO,,49.7235,0.0623,start,0,1500,VIDE,0.0,0.0,0.0,0.0,0.0,0.0,0,0,0.0,0.0,0.0,0.0,0.0,0.0,2.0,1.0,0.05,0.8,0.0,0.0,1
766,2026-04-22T14:28:40.928Z,S20260422_152751,SC01,AUTO,,49.7875,0.0639,start,0,1500,VIDE,0.0,0.0,0.0,0.0,0.0,0.0,0,0,0.0,0.0,0.0,0.0,0.0,0.0,2.0,1.0,0.05,0.8,0.0,0.0,1
767,2026-04-22T14:28:40.990Z,S20260422_152751,SC01,AUTO,,49.8489,0.0615,start,0,1500,VIDE,0.0,0.0,0.0,0.0,0.0,0.0,0,0,0.0,0.0,0.0,0.0,0.0,0.0,2.0,1.0,0.05,0.8,0.0,0.0,1
768,2026-04-22T14:28:41.053Z,S20260422_152751,SC01,AUTO,,49.9117,0.0628,start,0,1500,VIDE,0.0,0.0,0.0,0.0,0.0,0.0,0,0,0.0,0.0,0.0,0.0,0.0,0.0,2.0,1.0,0.05,0.8,0.0,0.0,1
769,2026-04-22T14:28:41.115Z,S20260422_152751,SC01,AUTO,,49.9747,0.063,start,0,1500,VIDE,0.0,0.0,0.0,0.0,0.0,0.0,0,0,0.0,0.0,0.0,0.0,0.0,0.0,2.0,1.0,0.05,0.8,0.0,0.0,1
770,2026-04-22T14:28:41.178Z,S20260422_152751,SC01,AUTO,,50.0371,0.0625,start,0,1500,VIDE,0.0,0.0,0.0,0.0,0.0,0.0,0,0,0.0,0.0,0.0,0.0,0.0,0.0,2.0,1.0,0.05,0.8,0.0,0.0,1
771,2026-04-22T14:28:41.252Z,S20260422_152751,SC01,AUTO,,50.1112,0.0741,start,0,1500,VIDE,0.0,0.0,0.0,0.0,0.0,0.0,0,0,0.0,0.0,0.0,0.0,0.0,0.0,2.0,1.0,0.05,0.8,0.0,0.0,1
772,2026-04-22T14:28:41.302Z,S20260422_152751,SC01,AUTO,,50.1611,0.0499,start,0,1500,VIDE,0.0,0.0,0.0,0.0,0.0,0.0,0,0,0.0,0.0,0.0,0.0,0.0,0.0,2.0,1.0,0.05,0.8,0.0,0.0,1
773,2026-04-22T14:28:41.364Z,S20260422_152751,SC01,AUTO,,50.2234,0.0624,start,0,1500,VIDE,0.0,0.0,0.0,0.0,0.0,0.0,0,0,0.0,0.0,0.0,0.0,0.0,0.0,2.0,1.0,0.05,0.8,0.0,0.0,1
774,2026-04-22T14:28:41.427Z,S20260422_152751,SC01,AUTO,,50.2862,0.0627,start,0,1500,VIDE,0.0,0.0,0.0,0.0,0.0,0.0,0,0,0.0,0.0,0.0,0.0,0.0,0.0,2.0,1.0,0.05,0.8,0.0,0.0,1
775,2026-04-22T14:28:41.489Z,S20260422_152751,SC01,AUTO,,50.3481,0.062,start,0,1500,VIDE,0.0,0.0,0.0,0.0,0.0,0.0,0,0,0.0,0.0,0.0,0.0,0.0,0.0,2.0,1.0,0.05,0.8,0.0,0.0,1
776,2026-04-22T14:28:41.551Z,S20260422_152751,SC01,AUTO,,50.4102,0.0621,start,0,1500,VIDE,0.0,0.0,0.0,0.0,0.0,0.0,0,0,0.0,0.0,0.0,0.0,0.0,0.0,2.0,1.0,0.05,0.8,0.0,0.0,1
777,2026-04-22T14:28:41.614Z,S20260422_152751,SC01,AUTO,,50.4734,0.0632,start,0,1500,VIDE,0.0,0.0,0.0,0.0,0.0,0.0,0,0,0.0,0.0,0.0,0.0,0.0,0.0,2.0,1.0,0.05,0.8,0.0,0.0,1
778,2026-04-22T14:28:41.677Z,S20260422_152751,SC01,AUTO,,50.5366,0.0632,start,0,1500,VIDE,0.0,0.0,0.0,0.0,0.0,0.0,0,0,0.0,0.0,0.0,0.0,0.0,0.0,2.0,1.0,0.05,0.8,0.0,0.0,1
779,2026-04-22T14:28:41.738Z,S20260422_152751,SC01,AUTO,,50.5971,0.0605,start,0,1500,VIDE,0.0,0.0,0.0,0.0,0.0,0.0,0,0,0.0,0.0,0.0,0.0,0.0,0.0,2.0,1.0,0.05,0.8,0.0,0.0,1
780,2026-04-22T14:28:41.802Z,S20260422_152751,SC01,AUTO,,50.6615,0.0644,start,0,1500,VIDE,0.0,0.0,0.0,0.0,0.0,0.0,0,0,0.0,0.0,0.0,0.0,0.0,0.0,2.0,1.0,0.05,0.8,0.0,0.0,1
781,2026-04-22T14:28:41.864Z,S20260422_152751,SC01,AUTO,,50.723,0.0614,start,0,1500,VIDE,0.0,0.0,0.0,0.0,0.0,0.0,0,0,0.0,0.0,0.0,0.0,0.0,0.0,2.0,1.0,0.05,0.8,0.0,0.0,1
782,2026-04-22T14:28:41.926Z,S20260422_152751,SC01,AUTO,,50.7851,0.0621,start,0,1500,VIDE,0.0,0.0,0.0,0.0,0.0,0.0,0,0,0.0,0.0,0.0,0.0,0.0,0.0,2.0,1.0,0.05,0.8,0.0,0.0,1
783,2026-04-22T14:28:41.989Z,S20260422_152751,SC01,AUTO,,50.8483,0.0632,start,0,1500,VIDE,0.0,0.0,0.0,0.0,0.0,0.0,0,0,0.0,0.0,0.0,0.0,0.0,0.0,2.0,1.0,0.05,0.8,0.0,0.0,1
784,2026-04-22T14:28:42.052Z,S20260422_152751,SC01,AUTO,,50.9116,0.0633,start,0,1500,VIDE,0.0,0.0,0.0,0.0,0.0,0.0,0,0,0.0,0.0,0.0,0.0,0.0,0.0,2.0,1.0,0.05,0.8,0.0,0.0,1
785,2026-04-22T14:28:42.128Z,S20260422_152751,SC01,AUTO,,50.9868,0.0751,start,0,1500,VIDE,0.0,0.0,0.0,0.0,0.0,0.0,0,0,0.0,0.0,0.0,0.0,0.0,0.0,2.0,1.0,0.05,0.8,0.0,0.0,1
786,2026-04-22T14:28:42.177Z,S20260422_152751,SC01,AUTO,,51.0358,0.049,start,0,1500,VIDE,0.0,0.0,0.0,0.0,0.0,0.0,0,0,0.0,0.0,0.0,0.0,0.0,0.0,2.0,1.0,0.05,0.8,0.0,0.0,1
787,2026-04-22T14:28:42.252Z,S20260422_152751,SC01,AUTO,,51.1115,0.0757,start,0,1500,VIDE,0.0,0.0,0.0,0.0,0.0,0.0,0,0,0.0,0.0,0.0,0.0,0.0,0.0,2.0,1.0,0.05,0.8,0.0,0.0,1
788,2026-04-22T14:28:42.304Z,S20260422_152751,SC01,AUTO,,51.163,0.0515,start,0,1500,VIDE,0.0,0.0,0.0,0.0,0.0,0.0,0,0,0.0,0.0,0.0,0.0,0.0,0.0,2.0,1.0,0.05,0.8,0.0,0.0,1
789,2026-04-22T14:28:42.368Z,S20260422_152751,SC01,AUTO,,51.2272,0.0642,start,0,1500,VIDE,0.0,0.0,0.0,0.0,0.0,0.0,0,0,0.0,0.0,0.0,0.0,0.0,0.0,2.0,1.0,0.05,0.8,0.0,0.0,1
790,2026-04-22T14:28:42.427Z,S20260422_152751,SC01,AUTO,,51.286,0.0588,start,0,1500,VIDE,0.0,0.0,0.0,0.0,0.0,0.0,0,0,0.0,0.0,0.0,0.0,0.0,0.0,2.0,1.0,0.05,0.8,0.0,0.0,1
791,2026-04-22T14:28:42.492Z,S20260422_152751,SC01,AUTO,,51.3514,0.0653,start,0,1500,VIDE,0.0,0.0,0.0,0.0,0.0,0.0,0,0,0.0,0.0,0.0,0.0,0.0,0.0,2.0,1.0,0.05,0.8,0.0,0.0,1
792,2026-04-22T14:28:42.552Z,S20260422_152751,SC01,AUTO,,51.4108,0.0594,start,0,1500,VIDE,0.0,0.0,0.0,0.0,0.0,0.0,0,0,0.0,0.0,0.0,0.0,0.0,0.0,2.0,1.0,0.05,0.8,0.0,0.0,1
793,2026-04-22T14:28:42.616Z,S20260422_152751,SC01,AUTO,,51.475,0.0642,start,0,1500,VIDE,0.0,0.0,0.0,0.0,0.0,0.0,0,0,0.0,0.0,0.0,0.0,0.0,0.0,2.0,1.0,0.05,0.8,0.0,0.0,1
794,2026-04-22T14:28:42.680Z,S20260422_152751,SC01,AUTO,,51.5393,0.0643,start,0,1500,VIDE,0.0,0.0,0.0,0.0,0.0,0.0,0,0,0.0,0.0,0.0,0.0,0.0,0.0,2.0,1.0,0.05,0.8,0.0,0.0,1
795,2026-04-22T14:28:42.751Z,S20260422_152751,SC01,AUTO,,51.6105,0.0712,start,0,1500,VIDE,0.0,0.0,0.0,0.0,0.0,0.0,0,0,0.0,0.0,0.0,0.0,0.0,0.0,2.0,1.0,0.05,0.8,0.0,0.0,1
796,2026-04-22T14:28:42.812Z,S20260422_152751,SC01,AUTO,,51.6713,0.0608,start,0,1500,VIDE,0.0,0.0,0.0,0.0,0.0,0.0,0,0,0.0,0.0,0.0,0.0,0.0,0.0,2.0,1.0,0.05,0.8,0.0,0.0,1
797,2026-04-22T14:28:42.872Z,S20260422_152751,SC01,AUTO,,51.7314,0.0601,start,0,1500,VIDE,0.0,0.0,0.0,0.0,0.0,0.0,0,0,0.0,0.0,0.0,0.0,0.0,0.0,2.0,1.0,0.05,0.8,0.0,0.0,1
798,2026-04-22T14:28:42.933Z,S20260422_152751,SC01,AUTO,,51.7924,0.061,start,0,1500,VIDE,0.0,0.0,0.0,0.0,0.0,0.0,0,0,0.0,0.0,0.0,0.0,0.0,0.0,2.0,1.0,0.05,0.8,0.0,0.0,1
799,2026-04-22T14:28:42.992Z,S20260422_152751,SC01,AUTO,,51.8512,0.0588,start,0,1500,VIDE,0.0,0.0,0.0,0.0,0.0,0.0,0,0,0.0,0.0,0.0,0.0,0.0,0.0,2.0,1.0,0.05,0.8,0.0,0.0,1
800,2026-04-22T14:28:43.051Z,S20260422_152751,SC01,AUTO,,51.91,0.0588,start,0,1500,VIDE,0.0,0.0,0.0,0.0,0.0,0.0,0,0,0.0,0.0,0.0,0.0,0.0,0.0,2.0,1.0,0.05,0.8,0.0,0.0,1
801,2026-04-22T14:28:43.128Z,S20260422_152751,SC01,AUTO,,51.9877,0.0777,start,0,1500,VIDE,0.0,0.0,0.0,0.0,0.0,0.0,0,0,0.0,0.0,0.0,0.0,0.0,0.0,2.0,1.0,0.05,0.8,0.0,0.0,1
802,2026-04-22T14:28:43.176Z,S20260422_152751,SC01,AUTO,,52.035,0.0473,start,0,1500,VIDE,0.0,0.0,0.0,0.0,0.0,0.0,0,0,0.0,0.0,0.0,0.0,0.0,0.0,2.0,1.0,0.05,0.8,0.0,0.0,1
803,2026-04-22T14:28:43.239Z,S20260422_152751,SC01,AUTO,,52.0983,0.0634,start,0,1500,VIDE,0.0,0.0,0.0,0.0,0.0,0.0,0,0,0.0,0.0,0.0,0.0,0.0,0.0,2.0,1.0,0.05,0.8,0.0,0.0,1
804,2026-04-22T14:28:43.312Z,S20260422_152751,SC01,AUTO,,52.1714,0.073,start,0,1500,VIDE,0.0,0.0,0.0,0.0,0.0,0.0,0,0,0.0,0.0,0.0,0.0,0.0,0.0,2.0,1.0,0.05,0.8,0.0,0.0,1
805,2026-04-22T14:28:43.372Z,S20260422_152751,SC01,AUTO,,52.2312,0.0599,start,0,1500,VIDE,0.0,0.0,0.0,0.0,0.0,0.0,0,0,0.0,0.0,0.0,0.0,0.0,0.0,2.0,1.0,0.05,0.8,0.0,0.0,1
806,2026-04-22T14:28:43.432Z,S20260422_152751,SC01,AUTO,,52.2915,0.0602,start,0,1500,VIDE,0.0,0.0,0.0,0.0,0.0,0.0,0,0,0.0,0.0,0.0,0.0,0.0,0.0,2.0,1.0,0.05,0.8,0.0,0.0,1
807,2026-04-22T14:28:43.492Z,S20260422_152751,SC01,AUTO,,52.3513,0.0598,start,0,1500,VIDE,0.0,0.0,0.0,0.0,0.0,0.0,0,0,0.0,0.0,0.0,0.0,0.0,0.0,2.0,1.0,0.05,0.8,0.0,0.0,1
808,2026-04-22T14:28:43.552Z,S20260422_152751,SC01,AUTO,,52.4113,0.0601,start,0,1500,VIDE,0.0,0.0,0.0,0.0,0.0,0.0,0,0,0.0,0.0,0.0,0.0,0.0,0.0,2.0,1.0,0.05,0.8,0.0,0.0,1
809,2026-04-22T14:28:43.624Z,S20260422_152751,SC01,AUTO,,52.4835,0.0722,start,0,1500,VIDE,0.0,0.0,0.0,0.0,0.0,0.0,0,0,0.0,0.0,0.0,0.0,0.0,0.0,2.0,1.0,0.05,0.8,0.0,0.0,1
810,2026-04-22T14:28:43.685Z,S20260422_152751,SC01,AUTO,,52.5445,0.061,start,0,1500,VIDE,0.0,0.0,0.0,0.0,0.0,0.0,0,0,0.0,0.0,0.0,0.0,0.0,0.0,2.0,1.0,0.05,0.8,0.0,0.0,1
811,2026-04-22T14:28:43.746Z,S20260422_152751,SC01,AUTO,,52.6057,0.0611,start,0,1500,VIDE,0.0,0.0,0.0,0.0,0.0,0.0,0,0,0.0,0.0,0.0,0.0,0.0,0.0,2.0,1.0,0.05,0.8,0.0,0.0,1
812,2026-04-22T14:28:43.809Z,S20260422_152751,SC01,AUTO,,52.6684,0.0627,start,0,1500,VIDE,0.0,0.0,0.0,0.0,0.0,0.0,0,0,0.0,0.0,0.0,0.0,0.0,0.0,2.0,1.0,0.05,0.8,0.0,0.0,1
813,2026-04-22T14:28:43.864Z,S20260422_152751,SC01,AUTO,,52.7235,0.0551,start,0,1500,VIDE,0.0,0.0,0.0,0.0,0.0,0.0,0,0,0.0,0.0,0.0,0.0,0.0,0.0,2.0,1.0,0.05,0.8,0.0,0.0,1
814,2026-04-22T14:28:43.928Z,S20260422_152751,SC01,AUTO,,52.7868,0.0634,start,0,1500,VIDE,0.0,0.0,0.0,0.0,0.0,0.0,0,0,0.0,0.0,0.0,0.0,0.0,0.0,2.0,1.0,0.05,0.8,0.0,0.0,1
815,2026-04-22T14:28:43.992Z,S20260422_152751,SC01,AUTO,,52.851,0.0641,start,0,1500,VIDE,0.0,0.0,0.0,0.0,0.0,0.0,0,0,0.0,0.0,0.0,0.0,0.0,0.0,2.0,1.0,0.05,0.8,0.0,0.0,1
816,2026-04-22T14:28:44.052Z,S20260422_152751,SC01,AUTO,,52.9108,0.0598,start,0,1500,VIDE,0.0,0.0,0.0,0.0,0.0,0.0,0,0,0.0,0.0,0.0,0.0,0.0,0.0,2.0,1.0,0.05,0.8,0.0,0.0,1
817,2026-04-22T14:28:44.116Z,S20260422_152751,SC01,AUTO,,52.9749,0.0641,start,0,1500,VIDE,0.0,0.0,0.0,0.0,0.0,0.0,0,0,0.0,0.0,0.0,0.0,0.0,0.0,2.0,1.0,0.05,0.8,0.0,0.0,1
818,2026-04-22T14:28:44.183Z,S20260422_152751,SC01,AUTO,,53.0418,0.067,start,0,1500,VIDE,0.0,0.0,0.0,0.0,0.0,0.0,0,0,0.0,0.0,0.0,0.0,0.0,0.0,2.0,1.0,0.05,0.8,0.0,0.0,1
819,2026-04-22T14:28:44.245Z,S20260422_152751,SC01,AUTO,,53.1039,0.062,start,0,1500,VIDE,0.0,0.0,0.0,0.0,0.0,0.0,0,0,0.0,0.0,0.0,0.0,0.0,0.0,2.0,1.0,0.05,0.8,0.0,0.0,1
820,2026-04-22T14:28:44.308Z,S20260422_152751,SC01,AUTO,,53.1673,0.0634,start,0,1500,VIDE,0.0,0.0,0.0,0.0,0.0,0.0,0,0,0.0,0.0,0.0,0.0,0.0,0.0,2.0,1.0,0.05,0.8,0.0,0.0,1
821,2026-04-22T14:28:44.371Z,S20260422_152751,SC01,AUTO,,53.23,0.0628,start,0,1500,VIDE,0.0,0.0,0.0,0.0,0.0,0.0,0,0,0.0,0.0,0.0,0.0,0.0,0.0,2.0,1.0,0.05,0.8,0.0,0.0,1
822,2026-04-22T14:28:44.431Z,S20260422_152751,SC01,AUTO,,53.2899,0.0599,start,0,1500,VIDE,0.0,0.0,0.0,0.0,0.0,0.0,0,0,0.0,0.0,0.0,0.0,0.0,0.0,2.0,1.0,0.05,0.8,0.0,0.0,1
823,2026-04-22T14:28:44.492Z,S20260422_152751,SC01,AUTO,,53.3513,0.0613,start,0,1500,VIDE,0.0,0.0,0.0,0.0,0.0,0.0,0,0,0.0,0.0,0.0,0.0,0.0,0.0,2.0,1.0,0.05,0.8,0.0,0.0,1
824,2026-04-22T14:28:44.552Z,S20260422_152751,SC01,AUTO,,53.4114,0.0601,start,0,1500,VIDE,0.0,0.0,0.0,0.0,0.0,0.0,0,0,0.0,0.0,0.0,0.0,0.0,0.0,2.0,1.0,0.05,0.8,0.0,0.0,1
825,2026-04-22T14:28:44.618Z,S20260422_152751,SC01,AUTO,,53.4769,0.0654,start,0,1500,VIDE,0.0,0.0,0.0,0.0,0.0,0.0,0,0,0.0,0.0,0.0,0.0,0.0,0.0,2.0,1.0,0.05,0.8,0.0,0.0,1
826,2026-04-22T14:28:44.679Z,S20260422_152751,SC01,AUTO,,53.5386,0.0618,start,0,1500,VIDE,0.0,0.0,0.0,0.0,0.0,0.0,0,0,0.0,0.0,0.0,0.0,0.0,0.0,2.0,1.0,0.05,0.8,0.0,0.0,1
827,2026-04-22T14:28:44.740Z,S20260422_152751,SC01,AUTO,,53.5991,0.0605,start,0,1500,VIDE,0.0,0.0,0.0,0.0,0.0,0.0,0,0,0.0,0.0,0.0,0.0,0.0,0.0,2.0,1.0,0.05,0.8,0.0,0.0,1
828,2026-04-22T14:28:44.804Z,S20260422_152751,SC01,AUTO,,53.6634,0.0642,start,0,1500,VIDE,0.0,0.0,0.0,0.0,0.0,0.0,0,0,0.0,0.0,0.0,0.0,0.0,0.0,2.0,1.0,0.05,0.8,0.0,0.0,1
829,2026-04-22T14:28:44.864Z,S20260422_152751,SC01,AUTO,,53.723,0.0597,start,0,1500,VIDE,0.0,0.0,0.0,0.0,0.0,0.0,0,0,0.0,0.0,0.0,0.0,0.0,0.0,2.0,1.0,0.05,0.8,0.0,0.0,1
830,2026-04-22T14:28:44.930Z,S20260422_152751,SC01,AUTO,,53.7896,0.0665,start,0,1500,VIDE,0.0,0.0,0.0,0.0,0.0,0.0,0,0,0.0,0.0,0.0,0.0,0.0,0.0,2.0,1.0,0.05,0.8,0.0,0.0,1
831,2026-04-22T14:28:44.992Z,S20260422_152751,SC01,AUTO,,53.8515,0.0619,start,0,1500,VIDE,0.0,0.0,0.0,0.0,0.0,0.0,0,0,0.0,0.0,0.0,0.0,0.0,0.0,2.0,1.0,0.05,0.8,0.0,0.0,1
832,2026-04-22T14:28:45.052Z,S20260422_152751,SC01,AUTO,,53.9116,0.0601,start,0,1500,VIDE,0.0,0.0,0.0,0.0,0.0,0.0,0,0,0.0,0.0,0.0,0.0,0.0,0.0,2.0,1.0,0.05,0.8,0.0,0.0,1
833,2026-04-22T14:28:45.116Z,S20260422_152751,SC01,AUTO,,53.9753,0.0637,start,0,1500,VIDE,0.0,0.0,0.0,0.0,0.0,0.0,0,0,0.0,0.0,0.0,0.0,0.0,0.0,2.0,1.0,0.05,0.8,0.0,0.0,1
834,2026-04-22T14:28:45.176Z,S20260422_152751,SC01,AUTO,,54.0353,0.06,start,0,1500,VIDE,0.0,0.0,0.0,0.0,0.0,0.0,0,0,0.0,0.0,0.0,0.0,0.0,0.0,2.0,1.0,0.05,0.8,0.0,0.0,1
835,2026-04-22T14:28:45.239Z,S20260422_152751,SC01,AUTO,,54.0988,0.0634,start,0,1500,VIDE,0.0,0.0,0.0,0.0,0.0,0.0,0,0,0.0,0.0,0.0,0.0,0.0,0.0,2.0,1.0,0.05,0.8,0.0,0.0,1
836,2026-04-22T14:28:45.301Z,S20260422_152751,SC01,AUTO,,54.1604,0.0618,start,0,1500,VIDE,0.0,0.0,0.0,0.0,0.0,0.0,0,0,0.0,0.0,0.0,0.0,0.0,0.0,2.0,1.0,0.05,0.8,0.0,0.0,1
837,2026-04-22T14:28:45.363Z,S20260422_152751,SC01,AUTO,,54.2227,0.0623,start,0,1500,VIDE,0.0,0.0,0.0,0.0,0.0,0.0,0,0,0.0,0.0,0.0,0.0,0.0,0.0,2.0,1.0,0.05,0.8,0.0,0.0,1
838,2026-04-22T14:28:45.433Z,S20260422_152751,SC01,AUTO,,54.2921,0.0695,start,0,1500,VIDE,0.0,0.0,0.0,0.0,0.0,0.0,0,0,0.0,0.0,0.0,0.0,0.0,0.0,2.0,1.0,0.05,0.8,0.0,0.0,1
839,2026-04-22T14:28:45.492Z,S20260422_152751,SC01,AUTO,,54.3514,0.0593,start,0,1500,VIDE,0.0,0.0,0.0,0.0,0.0,0.0,0,0,0.0,0.0,0.0,0.0,0.0,0.0,2.0,1.0,0.05,0.8,0.0,0.0,1
840,2026-04-22T14:28:45.553Z,S20260422_152751,SC01,AUTO,,54.4118,0.0604,start,0,1500,VIDE,0.0,0.0,0.0,0.0,0.0,0.0,0,0,0.0,0.0,0.0,0.0,0.0,0.0,2.0,1.0,0.05,0.8,0.0,0.0,1
841,2026-04-22T14:28:45.617Z,S20260422_152751,SC01,AUTO,,54.4767,0.0649,start,0,1500,VIDE,0.0,0.0,0.0,0.0,0.0,0.0,0,0,0.0,0.0,0.0,0.0,0.0,0.0,2.0,1.0,0.05,0.8,0.0,0.0,1
842,2026-04-22T14:28:45.689Z,S20260422_152751,SC01,AUTO,,54.5485,0.0718,start,0,1500,VIDE,0.0,0.0,0.0,0.0,0.0,0.0,0,0,0.0,0.0,0.0,0.0,0.0,0.0,2.0,1.0,0.05,0.8,0.0,0.0,1
843,2026-04-22T14:28:45.740Z,S20260422_152751,SC01,AUTO,,54.5994,0.0509,start,0,1500,VIDE,0.0,0.0,0.0,0.0,0.0,0.0,0,0,0.0,0.0,0.0,0.0,0.0,0.0,2.0,1.0,0.05,0.8,0.0,0.0,1
844,2026-04-22T14:28:45.812Z,S20260422_152751,SC01,AUTO,,54.6714,0.072,start,0,1500,VIDE,0.0,0.0,0.0,0.0,0.0,0.0,0,0,0.0,0.0,0.0,0.0,0.0,0.0,2.0,1.0,0.05,0.8,0.0,0.0,1
845,2026-04-22T14:28:45.864Z,S20260422_152751,SC01,AUTO,,54.7232,0.0518,start,0,1500,VIDE,0.0,0.0,0.0,0.0,0.0,0.0,0,0,0.0,0.0,0.0,0.0,0.0,0.0,2.0,1.0,0.05,0.8,0.0,0.0,1
846,2026-04-22T14:28:45.928Z,S20260422_152751,SC01,AUTO,,54.7872,0.064,start,0,1500,VIDE,0.0,0.0,0.0,0.0,0.0,0.0,0,0,0.0,0.0,0.0,0.0,0.0,0.0,2.0,1.0,0.05,0.8,0.0,0.0,1
847,2026-04-22T14:28:45.992Z,S20260422_152751,SC01,AUTO,,54.8512,0.0639,start,0,1500,VIDE,0.0,0.0,0.0,0.0,0.0,0.0,0,0,0.0,0.0,0.0,0.0,0.0,0.0,2.0,1.0,0.05,0.8,0.0,0.0,1
848,2026-04-22T14:28:46.052Z,S20260422_152751,SC01,AUTO,,54.9114,0.0602,start,0,1500,VIDE,0.0,0.0,0.0,0.0,0.0,0.0,0,0,0.0,0.0,0.0,0.0,0.0,0.0,2.0,1.0,0.05,0.8,0.0,0.0,1
849,2026-04-22T14:28:46.114Z,S20260422_152751,SC01,AUTO,,54.9728,0.0614,start,0,1500,VIDE,0.0,0.0,0.0,0.0,0.0,0.0,0,0,0.0,0.0,0.0,0.0,0.0,0.0,2.0,1.0,0.05,0.8,0.0,0.0,1
850,2026-04-22T14:28:46.176Z,S20260422_152751,SC01,AUTO,,55.0356,0.0628,start,0,1500,VIDE,0.0,0.0,0.0,0.0,0.0,0.0,0,0,0.0,0.0,0.0,0.0,0.0,0.0,2.0,1.0,0.05,0.8,0.0,0.0,1
851,2026-04-22T14:28:46.249Z,S20260422_152751,SC01,AUTO,,55.1079,0.0723,start,0,1500,VIDE,0.0,0.0,0.0,0.0,0.0,0.0,0,0,0.0,0.0,0.0,0.0,0.0,0.0,2.0,1.0,0.05,0.8,0.0,0.0,1
852,2026-04-22T14:28:46.311Z,S20260422_152751,SC01,AUTO,,55.1705,0.0626,start,0,1500,VIDE,0.0,0.0,0.0,0.0,0.0,0.0,0,0,0.0,0.0,0.0,0.0,0.0,0.0,2.0,1.0,0.05,0.8,0.0,0.0,1
853,2026-04-22T14:28:46.373Z,S20260422_152751,SC01,AUTO,,55.2318,0.0613,start,0,1500,VIDE,0.0,0.0,0.0,0.0,0.0,0.0,0,0,0.0,0.0,0.0,0.0,0.0,0.0,2.0,1.0,0.05,0.8,0.0,0.0,1
854,2026-04-22T14:28:46.433Z,S20260422_152751,SC01,AUTO,,55.292,0.0603,start,0,1500,VIDE,0.0,0.0,0.0,0.0,0.0,0.0,0,0,0.0,0.0,0.0,0.0,0.0,0.0,2.0,1.0,0.05,0.8,0.0,0.0,1
855,2026-04-22T14:28:46.492Z,S20260422_152751,SC01,AUTO,,55.3515,0.0595,start,0,1500,VIDE,0.0,0.0,0.0,0.0,0.0,0.0,0,0,0.0,0.0,0.0,0.0,0.0,0.0,2.0,1.0,0.05,0.8,0.0,0.0,1
856,2026-04-22T14:28:46.552Z,S20260422_152751,SC01,AUTO,,55.4112,0.0596,start,0,1500,VIDE,0.0,0.0,0.0,0.0,0.0,0.0,0,0,0.0,0.0,0.0,0.0,0.0,0.0,2.0,1.0,0.05,0.8,0.0,0.0,1
857,2026-04-22T14:28:46.622Z,S20260422_152751,SC01,AUTO,,55.4812,0.07,start,0,1500,VIDE,0.0,0.0,0.0,0.0,0.0,0.0,0,0,0.0,0.0,0.0,0.0,0.0,0.0,2.0,1.0,0.05,0.8,0.0,0.0,1
858,2026-04-22T14:28:46.685Z,S20260422_152751,SC01,AUTO,,55.544,0.0628,start,0,1500,VIDE,0.0,0.0,0.0,0.0,0.0,0.0,0,0,0.0,0.0,0.0,0.0,0.0,0.0,2.0,1.0,0.05,0.8,0.0,0.0,1
859,2026-04-22T14:28:46.747Z,S20260422_152751,SC01,AUTO,,55.606,0.062,start,0,1500,VIDE,0.0,0.0,0.0,0.0,0.0,0.0,0,0,0.0,0.0,0.0,0.0,0.0,0.0,2.0,1.0,0.05,0.8,0.0,0.0,1
860,2026-04-22T14:28:46.810Z,S20260422_152751,SC01,AUTO,,55.6697,0.0637,start,0,1500,VIDE,0.0,0.0,0.0,0.0,0.0,0.0,0,0,0.0,0.0,0.0,0.0,0.0,0.0,2.0,1.0,0.05,0.8,0.0,0.0,1
861,2026-04-22T14:28:46.872Z,S20260422_152751,SC01,AUTO,,55.7311,0.0614,start,0,1500,VIDE,0.0,0.0,0.0,0.0,0.0,0.0,0,0,0.0,0.0,0.0,0.0,0.0,0.0,2.0,1.0,0.05,0.8,0.0,0.0,1
862,2026-04-22T14:28:46.932Z,S20260422_152751,SC01,AUTO,,55.7914,0.0603,start,0,1500,VIDE,0.0,0.0,0.0,0.0,0.0,0.0,0,0,0.0,0.0,0.0,0.0,0.0,0.0,2.0,1.0,0.05,0.8,0.0,0.0,1
863,2026-04-22T14:28:46.992Z,S20260422_152751,SC01,AUTO,,55.8515,0.06,start,0,1500,VIDE,0.0,0.0,0.0,0.0,0.0,0.0,0,0,0.0,0.0,0.0,0.0,0.0,0.0,2.0,1.0,0.05,0.8,0.0,0.0,1
864,2026-04-22T14:28:47.052Z,S20260422_152751,SC01,AUTO,,55.911,0.0596,start,0,1500,VIDE,0.0,0.0,0.0,0.0,0.0,0.0,0,0,0.0,0.0,0.0,0.0,0.0,0.0,2.0,1.0,0.05,0.8,0.0,0.0,1
865,2026-04-22T14:28:47.122Z,S20260422_152751,SC01,AUTO,,55.9808,0.0698,start,0,1500,VIDE,0.0,0.0,0.0,0.0,0.0,0.0,0,0,0.0,0.0,0.0,0.0,0.0,0.0,2.0,1.0,0.05,0.8,0.0,0.0,1
866,2026-04-22T14:28:47.184Z,S20260422_152751,SC01,AUTO,,56.0433,0.0625,start,0,1500,VIDE,0.0,0.0,0.0,0.0,0.0,0.0,0,0,0.0,0.0,0.0,0.0,0.0,0.0,2.0,1.0,0.05,0.8,0.0,0.0,1
867,2026-04-22T14:28:47.247Z,S20260422_152751,SC01,AUTO,,56.1063,0.063,start,0,1500,VIDE,0.0,0.0,0.0,0.0,0.0,0.0,0,0,0.0,0.0,0.0,0.0,0.0,0.0,2.0,1.0,0.05,0.8,0.0,0.0,1
868,2026-04-22T14:28:47.309Z,S20260422_152751,SC01,AUTO,,56.168,0.0618,start,0,1500,VIDE,0.0,0.0,0.0,0.0,0.0,0.0,0,0,0.0,0.0,0.0,0.0,0.0,0.0,2.0,1.0,0.05,0.8,0.0,0.0,1
869,2026-04-22T14:28:47.372Z,S20260422_152751,SC01,AUTO,,56.2308,0.0627,start,0,1500,VIDE,0.0,0.0,0.0,0.0,0.0,0.0,0,0,0.0,0.0,0.0,0.0,0.0,0.0,2.0,1.0,0.05,0.8,0.0,0.0,1
870,2026-04-22T14:28:47.433Z,S20260422_152751,SC01,AUTO,,56.2924,0.0617,start,0,1500,VIDE,0.0,0.0,0.0,0.0,0.0,0.0,0,0,0.0,0.0,0.0,0.0,0.0,0.0,2.0,1.0,0.05,0.8,0.0,0.0,1
871,2026-04-22T14:28:47.493Z,S20260422_152751,SC01,AUTO,,56.3519,0.0595,start,0,1500,VIDE,0.0,0.0,0.0,0.0,0.0,0.0,0,0,0.0,0.0,0.0,0.0,0.0,0.0,2.0,1.0,0.05,0.8,0.0,0.0,1
872,2026-04-22T14:28:47.553Z,S20260422_152751,SC01,AUTO,,56.4117,0.0598,start,0,1500,VIDE,0.0,0.0,0.0,0.0,0.0,0.0,0,0,0.0,0.0,0.0,0.0,0.0,0.0,2.0,1.0,0.05,0.8,0.0,0.0,1
873,2026-04-22T14:28:47.620Z,S20260422_152751,SC01,AUTO,,56.4794,0.0677,start,0,1500,VIDE,0.0,0.0,0.0,0.0,0.0,0.0,0,0,0.0,0.0,0.0,0.0,0.0,0.0,2.0,1.0,0.05,0.8,0.0,0.0,1
874,2026-04-22T14:28:47.682Z,S20260422_152751,SC01,AUTO,,56.5411,0.0617,start,0,1500,VIDE,0.0,0.0,0.0,0.0,0.0,0.0,0,0,0.0,0.0,0.0,0.0,0.0,0.0,2.0,1.0,0.05,0.8,0.0,0.0,1
875,2026-04-22T14:28:47.744Z,S20260422_152751,SC01,AUTO,,56.6037,0.0626,start,0,1500,VIDE,0.0,0.0,0.0,0.0,0.0,0.0,0,0,0.0,0.0,0.0,0.0,0.0,0.0,2.0,1.0,0.05,0.8,0.0,0.0,1
876,2026-04-22T14:28:47.806Z,S20260422_152751,SC01,AUTO,,56.6657,0.062,start,0,1500,VIDE,0.0,0.0,0.0,0.0,0.0,0.0,0,0,0.0,0.0,0.0,0.0,0.0,0.0,2.0,1.0,0.05,0.8,0.0,0.0,1
877,2026-04-22T14:28:47.867Z,S20260422_152751,SC01,AUTO,,56.7266,0.0609,start,0,1500,VIDE,0.0,0.0,0.0,0.0,0.0,0.0,0,0,0.0,0.0,0.0,0.0,0.0,0.0,2.0,1.0,0.05,0.8,0.0,0.0,1
878,2026-04-22T14:28:47.929Z,S20260422_152751,SC01,AUTO,,56.7886,0.062,start,0,1500,VIDE,0.0,0.0,0.0,0.0,0.0,0.0,0,0,0.0,0.0,0.0,0.0,0.0,0.0,2.0,1.0,0.05,0.8,0.0,0.0,1
879,2026-04-22T14:28:47.991Z,S20260422_152751,SC01,AUTO,,56.8502,0.0616,start,0,1500,VIDE,0.0,0.0,0.0,0.0,0.0,0.0,0,0,0.0,0.0,0.0,0.0,0.0,0.0,2.0,1.0,0.05,0.8,0.0,0.0,1
880,2026-04-22T14:28:48.052Z,S20260422_152751,SC01,AUTO,,56.9113,0.0611,start,0,1500,VIDE,0.0,0.0,0.0,0.0,0.0,0.0,0,0,0.0,0.0,0.0,0.0,0.0,0.0,2.0,1.0,0.05,0.8,0.0,0.0,1
881,2026-04-22T14:28:48.116Z,S20260422_152751,SC01,AUTO,,56.9756,0.0644,start,0,1500,VIDE,0.0,0.0,0.0,0.0,0.0,0.0,0,0,0.0,0.0,0.0,0.0,0.0,0.0,2.0,1.0,0.05,0.8,0.0,0.0,1
882,2026-04-22T14:28:48.178Z,S20260422_152751,SC01,AUTO,,57.0374,0.0617,start,0,1500,VIDE,0.0,0.0,0.0,0.0,0.0,0.0,0,0,0.0,0.0,0.0,0.0,0.0,0.0,2.0,1.0,0.05,0.8,0.0,0.0,1
883,2026-04-22T14:28:48.240Z,S20260422_152751,SC01,AUTO,,57.0996,0.0622,start,0,1500,VIDE,0.0,0.0,0.0,0.0,0.0,0.0,0,0,0.0,0.0,0.0,0.0,0.0,0.0,2.0,1.0,0.05,0.8,0.0,0.0,1
884,2026-04-22T14:28:48.301Z,S20260422_152751,SC01,AUTO,,57.1598,0.0602,start,0,1500,VIDE,0.0,0.0,0.0,0.0,0.0,0.0,0,0,0.0,0.0,0.0,0.0,0.0,0.0,2.0,1.0,0.05,0.8,0.0,0.0,1
885,2026-04-22T14:28:48.372Z,S20260422_152751,SC01,AUTO,,57.2315,0.0717,start,0,1500,VIDE,0.0,0.0,0.0,0.0,0.0,0.0,0,0,0.0,0.0,0.0,0.0,0.0,0.0,2.0,1.0,0.05,0.8,0.0,0.0,1
886,2026-04-22T14:28:48.433Z,S20260422_152751,SC01,AUTO,,57.292,0.0605,start,0,1500,VIDE,0.0,0.0,0.0,0.0,0.0,0.0,0,0,0.0,0.0,0.0,0.0,0.0,0.0,2.0,1.0,0.05,0.8,0.0,0.0,1
887,2026-04-22T14:28:48.493Z,S20260422_152751,SC01,AUTO,,57.352,0.06,start,0,1500,VIDE,0.0,0.0,0.0,0.0,0.0,0.0,0,0,0.0,0.0,0.0,0.0,0.0,0.0,2.0,1.0,0.05,0.8,0.0,0.0,1
888,2026-04-22T14:28:48.552Z,S20260422_152751,SC01,AUTO,,57.4112,0.0592,start,0,1500,VIDE,0.0,0.0,0.0,0.0,0.0,0.0,0,0,0.0,0.0,0.0,0.0,0.0,0.0,2.0,1.0,0.05,0.8,0.0,0.0,1
889,2026-04-22T14:28:48.627Z,S20260422_152751,SC01,AUTO,,57.4858,0.0746,start,0,1500,VIDE,0.0,0.0,0.0,0.0,0.0,0.0,0,0,0.0,0.0,0.0,0.0,0.0,0.0,2.0,1.0,0.05,0.8,0.0,0.0,1
890,2026-04-22T14:28:48.689Z,S20260422_152751,SC01,AUTO,,57.5484,0.0625,start,0,1500,VIDE,0.0,0.0,0.0,0.0,0.0,0.0,0,0,0.0,0.0,0.0,0.0,0.0,0.0,2.0,1.0,0.05,0.8,0.0,0.0,1
891,2026-04-22T14:28:48.751Z,S20260422_152751,SC01,AUTO,,57.6103,0.0619,start,0,1500,VIDE,0.0,0.0,0.0,0.0,0.0,0.0,0,0,0.0,0.0,0.0,0.0,0.0,0.0,2.0,1.0,0.05,0.8,0.0,0.0,1
892,2026-04-22T14:28:48.812Z,S20260422_152751,SC01,AUTO,,57.6715,0.0612,start,0,1500,VIDE,0.0,0.0,0.0,0.0,0.0,0.0,0,0,0.0,0.0,0.0,0.0,0.0,0.0,2.0,1.0,0.05,0.8,0.0,0.0,1
893,2026-04-22T14:28:48.873Z,S20260422_152751,SC01,AUTO,,57.7317,0.0603,start,0,1500,VIDE,0.0,0.0,0.0,0.0,0.0,0.0,0,0,0.0,0.0,0.0,0.0,0.0,0.0,2.0,1.0,0.05,0.8,0.0,0.0,1
894,2026-04-22T14:28:48.933Z,S20260422_152751,SC01,AUTO,,57.7922,0.0605,start,0,1500,VIDE,0.0,0.0,0.0,0.0,0.0,0.0,0,0,0.0,0.0,0.0,0.0,0.0,0.0,2.0,1.0,0.05,0.8,0.0,0.0,1
895,2026-04-22T14:28:48.993Z,S20260422_152751,SC01,AUTO,,57.8518,0.0596,start,0,1500,VIDE,0.0,0.0,0.0,0.0,0.0,0.0,0,0,0.0,0.0,0.0,0.0,0.0,0.0,2.0,1.0,0.05,0.8,0.0,0.0,1
896,2026-04-22T14:28:49.053Z,S20260422_152751,SC01,AUTO,,57.9119,0.06,start,0,1500,VIDE,0.0,0.0,0.0,0.0,0.0,0.0,0,0,0.0,0.0,0.0,0.0,0.0,0.0,2.0,1.0,0.05,0.8,0.0,0.0,1
897,2026-04-22T14:28:49.126Z,S20260422_152751,SC01,AUTO,,57.9848,0.0729,start,0,1500,VIDE,0.0,0.0,0.0,0.0,0.0,0.0,0,0,0.0,0.0,0.0,0.0,0.0,0.0,2.0,1.0,0.05,0.8,0.0,0.0,1
898,2026-04-22T14:28:49.188Z,S20260422_152751,SC01,AUTO,,58.0471,0.0623,start,0,1500,VIDE,0.0,0.0,0.0,0.0,0.0,0.0,0,0,0.0,0.0,0.0,0.0,0.0,0.0,2.0,1.0,0.05,0.8,0.0,0.0,1
899,2026-04-22T14:28:49.250Z,S20260422_152751,SC01,AUTO,,58.1088,0.0617,start,0,1500,VIDE,0.0,0.0,0.0,0.0,0.0,0.0,0,0,0.0,0.0,0.0,0.0,0.0,0.0,2.0,1.0,0.05,0.8,0.0,0.0,1
900,2026-04-22T14:28:49.312Z,S20260422_152751,SC01,AUTO,,58.1709,0.0621,start,0,1500,VIDE,0.0,0.0,0.0,0.0,0.0,0.0,0,0,0.0,0.0,0.0,0.0,0.0,0.0,2.0,1.0,0.05,0.8,0.0,0.0,1
901,2026-04-22T14:28:49.373Z,S20260422_152751,SC01,AUTO,,58.2317,0.0608,start,0,1500,VIDE,0.0,0.0,0.0,0.0,0.0,0.0,0,0,0.0,0.0,0.0,0.0,0.0,0.0,2.0,1.0,0.05,0.8,0.0,0.0,1
902,2026-04-22T14:28:49.433Z,S20260422_152751,SC01,AUTO,,58.292,0.0602,start,0,1500,VIDE,0.0,0.0,0.0,0.0,0.0,0.0,0,0,0.0,0.0,0.0,0.0,0.0,0.0,2.0,1.0,0.05,0.8,0.0,0.0,1
903,2026-04-22T14:28:49.492Z,S20260422_152751,SC01,AUTO,,58.3516,0.0596,start,0,1500,VIDE,0.0,0.0,0.0,0.0,0.0,0.0,0,0,0.0,0.0,0.0,0.0,0.0,0.0,2.0,1.0,0.05,0.8,0.0,0.0,1
904,2026-04-22T14:28:49.552Z,S20260422_152751,SC01,AUTO,,58.4114,0.0598,start,0,1500,VIDE,0.0,0.0,0.0,0.0,0.0,0.0,0,0,0.0,0.0,0.0,0.0,0.0,0.0,2.0,1.0,0.05,0.8,0.0,0.0,1
905,2026-04-22T14:28:49.626Z,S20260422_152751,SC01,AUTO,,58.4856,0.0742,start,0,1500,VIDE,0.0,0.0,0.0,0.0,0.0,0.0,0,0,0.0,0.0,0.0,0.0,0.0,0.0,2.0,1.0,0.05,0.8,0.0,0.0,1
906,2026-04-22T14:28:49.688Z,S20260422_152751,SC01,AUTO,,58.5472,0.0615,start,0,1500,VIDE,0.0,0.0,0.0,0.0,0.0,0.0,0,0,0.0,0.0,0.0,0.0,0.0,0.0,2.0,1.0,0.05,0.8,0.0,0.0,1
907,2026-04-22T14:28:49.750Z,S20260422_152751,SC01,AUTO,,58.6094,0.0621,start,0,1500,VIDE,0.0,0.0,0.0,0.0,0.0,0.0,0,0,0.0,0.0,0.0,0.0,0.0,0.0,2.0,1.0,0.05,0.8,0.0,0.0,1
908,2026-04-22T14:28:49.812Z,S20260422_152751,SC01,AUTO,,58.6709,0.0616,start,0,1500,VIDE,0.0,0.0,0.0,0.0,0.0,0.0,0,0,0.0,0.0,0.0,0.0,0.0,0.0,2.0,1.0,0.05,0.8,0.0,0.0,1
909,2026-04-22T14:28:49.872Z,S20260422_152751,SC01,AUTO,,58.7317,0.0607,start,0,1500,VIDE,0.0,0.0,0.0,0.0,0.0,0.0,0,0,0.0,0.0,0.0,0.0,0.0,0.0,2.0,1.0,0.05,0.8,0.0,0.0,1
910,2026-04-22T14:28:49.933Z,S20260422_152751,SC01,AUTO,,58.7921,0.0604,start,0,1500,VIDE,0.0,0.0,0.0,0.0,0.0,0.0,0,0,0.0,0.0,0.0,0.0,0.0,0.0,2.0,1.0,0.05,0.8,0.0,0.0,1
911,2026-04-22T14:28:49.993Z,S20260422_152751,SC01,AUTO,,58.8521,0.06,start,0,1500,VIDE,0.0,0.0,0.0,0.0,0.0,0.0,0,0,0.0,0.0,0.0,0.0,0.0,0.0,2.0,1.0,0.05,0.8,0.0,0.0,1
912,2026-04-22T14:28:50.053Z,S20260422_152751,SC01,AUTO,,58.9118,0.0597,start,0,1500,VIDE,0.0,0.0,0.0,0.0,0.0,0.0,0,0,0.0,0.0,0.0,0.0,0.0,0.0,2.0,1.0,0.05,0.8,0.0,0.0,1
913,2026-04-22T14:28:50.120Z,S20260422_152751,SC01,AUTO,,58.9795,0.0677,start,0,1500,VIDE,0.0,0.0,0.0,0.0,0.0,0.0,0,0,0.0,0.0,0.0,0.0,0.0,0.0,2.0,1.0,0.05,0.8,0.0,0.0,1
914,2026-04-22T14:28:50.186Z,S20260422_152751,SC01,AUTO,,59.0448,0.0653,start,0,1500,VIDE,0.0,0.0,0.0,0.0,0.0,0.0,0,0,0.0,0.0,0.0,0.0,0.0,0.0,2.0,1.0,0.05,0.8,0.0,0.0,1
915,2026-04-22T14:28:50.249Z,S20260422_152751,SC01,AUTO,,59.1081,0.0632,start,0,1500,VIDE,0.0,0.0,0.0,0.0,0.0,0.0,0,0,0.0,0.0,0.0,0.0,0.0,0.0,2.0,1.0,0.05,0.8,0.0,0.0,1
916,2026-04-22T14:28:50.310Z,S20260422_152751,SC01,AUTO,,59.1695,0.0614,start,0,1500,VIDE,0.0,0.0,0.0,0.0,0.0,0.0,0,0,0.0,0.0,0.0,0.0,0.0,0.0,2.0,1.0,0.05,0.8,0.0,0.0,1
917,2026-04-22T14:28:50.372Z,S20260422_152751,SC01,AUTO,,59.2316,0.0621,start,0,1500,VIDE,0.0,0.0,0.0,0.0,0.0,0.0,0,0,0.0,0.0,0.0,0.0,0.0,0.0,2.0,1.0,0.05,0.8,0.0,0.0,1
918,2026-04-22T14:28:50.433Z,S20260422_152751,SC01,AUTO,,59.2919,0.0603,start,0,1500,VIDE,0.0,0.0,0.0,0.0,0.0,0.0,0,0,0.0,0.0,0.0,0.0,0.0,0.0,2.0,1.0,0.05,0.8,0.0,0.0,1
919,2026-04-22T14:28:50.493Z,S20260422_152751,SC01,AUTO,,59.3521,0.06,start,0,1500,VIDE,0.0,0.0,0.0,0.0,0.0,0.0,0,0,0.0,0.0,0.0,0.0,0.0,0.0,2.0,1.0,0.05,0.8,0.0,0.0,1
920,2026-04-22T14:28:50.552Z,S20260422_152751,SC01,AUTO,,59.4116,0.0596,start,0,1500,VIDE,0.0,0.0,0.0,0.0,0.0,0.0,0,0,0.0,0.0,0.0,0.0,0.0,0.0,2.0,1.0,0.05,0.8,0.0,0.0,1
921,2026-04-22T14:28:50.620Z,S20260422_152751,SC01,AUTO,,59.4795,0.068,start,0,1500,VIDE,0.0,0.0,0.0,0.0,0.0,0.0,0,0,0.0,0.0,0.0,0.0,0.0,0.0,2.0,1.0,0.05,0.8,0.0,0.0,1
922,2026-04-22T14:28:50.682Z,S20260422_152751,SC01,AUTO,,59.5416,0.0621,start,0,1500,VIDE,0.0,0.0,0.0,0.0,0.0,0.0,0,0,0.0,0.0,0.0,0.0,0.0,0.0,2.0,1.0,0.05,0.8,0.0,0.0,1
923,2026-04-22T14:28:50.744Z,S20260422_152751,SC01,AUTO,,59.6035,0.0619,start,0,1500,VIDE,0.0,0.0,0.0,0.0,0.0,0.0,0,0,0.0,0.0,0.0,0.0,0.0,0.0,2.0,1.0,0.05,0.8,0.0,0.0,1
924,2026-04-22T14:28:50.808Z,S20260422_152751,SC01,AUTO,,59.667,0.0635,start,0,1500,VIDE,0.0,0.0,0.0,0.0,0.0,0.0,0,0,0.0,0.0,0.0,0.0,0.0,0.0,2.0,1.0,0.05,0.8,0.0,0.0,1
925,2026-04-22T14:28:50.870Z,S20260422_152751,SC01,AUTO,,59.729,0.062,start,0,1500,VIDE,0.0,0.0,0.0,0.0,0.0,0.0,0,0,0.0,0.0,0.0,0.0,0.0,0.0,2.0,1.0,0.05,0.8,0.0,0.0,1
926,2026-04-22T14:28:50.932Z,S20260422_152751,SC01,AUTO,,59.7914,0.0624,start,0,1500,VIDE,0.0,0.0,0.0,0.0,0.0,0.0,0,0,0.0,0.0,0.0,0.0,0.0,0.0,2.0,1.0,0.05,0.8,0.0,0.0,1
927,2026-04-22T14:28:50.992Z,S20260422_152751,SC01,AUTO,,59.8516,0.0602,start,0,1500,VIDE,0.0,0.0,0.0,0.0,0.0,0.0,0,0,0.0,0.0,0.0,0.0,0.0,0.0,2.0,1.0,0.05,0.8,0.0,0.0,1
928,2026-04-22T14:28:51.052Z,S20260422_152751,SC01,AUTO,,59.9116,0.06,start,0,1500,VIDE,0.0,0.0,0.0,0.0,0.0,0.0,0,0,0.0,0.0,0.0,0.0,0.0,0.0,2.0,1.0,0.05,0.8,0.0,0.0,1
929,2026-04-22T14:28:51.119Z,S20260422_152751,SC01,AUTO,,59.9778,0.0662,start,0,1500,VIDE,0.0,0.0,0.0,0.0,0.0,0.0,0,0,0.0,0.0,0.0,0.0,0.0,0.0,2.0,1.0,0.05,0.8,0.0,0.0,1
930,2026-04-22T14:28:51.177Z,S20260422_152751,SC01,AUTO,,60.0358,0.058,start,0,1500,VIDE,0.0,0.0,0.0,0.0,0.0,0.0,0,0,0.0,0.0,0.0,0.0,0.0,0.0,2.0,1.0,0.05,0.8,0.0,0.0,1
931,2026-04-22T14:28:51.245Z,S20260422_152751,SC01,AUTO,,60.1038,0.068,start,0,1500,VIDE,0.0,0.0,0.0,0.0,0.0,0.0,0,0,0.0,0.0,0.0,0.0,0.0,0.0,2.0,1.0,0.05,0.8,0.0,0.0,1
932,2026-04-22T14:28:51.307Z,S20260422_152751,SC01,AUTO,,60.1661,0.0623,start,0,1500,VIDE,0.0,0.0,0.0,0.0,0.0,0.0,0,0,0.0,0.0,0.0,0.0,0.0,0.0,2.0,1.0,0.05,0.8,0.0,0.0,1
933,2026-04-22T14:28:51.369Z,S20260422_152751,SC01,AUTO,,60.2286,0.0625,start,0,1500,VIDE,0.0,0.0,0.0,0.0,0.0,0.0,0,0,0.0,0.0,0.0,0.0,0.0,0.0,2.0,1.0,0.05,0.8,0.0,0.0,1
934,2026-04-22T14:28:51.432Z,S20260422_152751,SC01,AUTO,,60.2917,0.063,start,0,1500,VIDE,0.0,0.0,0.0,0.0,0.0,0.0,0,0,0.0,0.0,0.0,0.0,0.0,0.0,2.0,1.0,0.05,0.8,0.0,0.0,1
935,2026-04-22T14:28:51.493Z,S20260422_152751,SC01,AUTO,,60.3521,0.0604,start,0,1500,VIDE,0.0,0.0,0.0,0.0,0.0,0.0,0,0,0.0,0.0,0.0,0.0,0.0,0.0,2.0,1.0,0.05,0.8,0.0,0.0,1
936,2026-04-22T14:28:51.552Z,S20260422_152751,SC01,AUTO,,60.4109,0.0588,start,0,1500,VIDE,0.0,0.0,0.0,0.0,0.0,0.0,0,0,0.0,0.0,0.0,0.0,0.0,0.0,2.0,1.0,0.05,0.8,0.0,0.0,1
937,2026-04-22T14:28:51.617Z,S20260422_152751,SC01,AUTO,,60.4766,0.0657,start,0,1500,VIDE,0.0,0.0,0.0,0.0,0.0,0.0,0,0,0.0,0.0,0.0,0.0,0.0,0.0,2.0,1.0,0.05,0.8,0.0,0.0,1
938,2026-04-22T14:28:51.680Z,S20260422_152751,SC01,AUTO,,60.5396,0.063,start,0,1500,VIDE,0.0,0.0,0.0,0.0,0.0,0.0,0,0,0.0,0.0,0.0,0.0,0.0,0.0,2.0,1.0,0.05,0.8,0.0,0.0,1
939,2026-04-22T14:28:51.743Z,S20260422_152751,SC01,AUTO,,60.6025,0.0629,start,0,1500,VIDE,0.0,0.0,0.0,0.0,0.0,0.0,0,0,0.0,0.0,0.0,0.0,0.0,0.0,2.0,1.0,0.05,0.8,0.0,0.0,1
940,2026-04-22T14:28:51.805Z,S20260422_152751,SC01,AUTO,,60.6638,0.0613,start,0,1500,VIDE,0.0,0.0,0.0,0.0,0.0,0.0,0,0,0.0,0.0,0.0,0.0,0.0,0.0,2.0,1.0,0.05,0.8,0.0,0.0,1
941,2026-04-22T14:28:51.865Z,S20260422_152751,SC01,AUTO,,60.7244,0.0606,start,0,1500,VIDE,0.0,0.0,0.0,0.0,0.0,0.0,0,0,0.0,0.0,0.0,0.0,0.0,0.0,2.0,1.0,0.05,0.8,0.0,0.0,1
942,2026-04-22T14:28:51.929Z,S20260422_152751,SC01,AUTO,,60.7879,0.0635,start,0,1500,VIDE,0.0,0.0,0.0,0.0,0.0,0.0,0,0,0.0,0.0,0.0,0.0,0.0,0.0,2.0,1.0,0.05,0.8,0.0,0.0,1
943,2026-04-22T14:28:51.992Z,S20260422_152751,SC01,AUTO,,60.851,0.0631,start,0,1500,VIDE,0.0,0.0,0.0,0.0,0.0,0.0,0,0,0.0,0.0,0.0,0.0,0.0,0.0,2.0,1.0,0.05,0.8,0.0,0.0,1
944,2026-04-22T14:28:52.052Z,S20260422_152751,SC01,AUTO,,60.9113,0.0603,start,0,1500,VIDE,0.0,0.0,0.0,0.0,0.0,0.0,0,0,0.0,0.0,0.0,0.0,0.0,0.0,2.0,1.0,0.05,0.8,0.0,0.0,1
945,2026-04-22T14:28:52.117Z,S20260422_152751,SC01,AUTO,,60.9759,0.0646,start,0,1500,VIDE,0.0,0.0,0.0,0.0,0.0,0.0,0,0,0.0,0.0,0.0,0.0,0.0,0.0,2.0,1.0,0.05,0.8,0.0,0.0,1
946,2026-04-22T14:28:52.180Z,S20260422_152751,SC01,AUTO,,61.0389,0.063,start,0,1500,VIDE,0.0,0.0,0.0,0.0,0.0,0.0,0,0,0.0,0.0,0.0,0.0,0.0,0.0,2.0,1.0,0.05,0.8,0.0,0.0,1
947,2026-04-22T14:28:52.244Z,S20260422_152751,SC01,AUTO,,61.1029,0.0639,start,0,1500,VIDE,0.0,0.0,0.0,0.0,0.0,0.0,0,0,0.0,0.0,0.0,0.0,0.0,0.0,2.0,1.0,0.05,0.8,0.0,0.0,1
948,2026-04-22T14:28:52.306Z,S20260422_152751,SC01,AUTO,,61.1651,0.0623,start,0,1500,VIDE,0.0,0.0,0.0,0.0,0.0,0.0,0,0,0.0,0.0,0.0,0.0,0.0,0.0,2.0,1.0,0.05,0.8,0.0,0.0,1
949,2026-04-22T14:28:52.367Z,S20260422_152751,SC01,AUTO,,61.2266,0.0615,start,0,1500,VIDE,0.0,0.0,0.0,0.0,0.0,0.0,0,0,0.0,0.0,0.0,0.0,0.0,0.0,2.0,1.0,0.05,0.8,0.0,0.0,1
950,2026-04-22T14:28:52.432Z,S20260422_152751,SC01,AUTO,,61.2913,0.0646,start,0,1500,VIDE,0.0,0.0,0.0,0.0,0.0,0.0,0,0,0.0,0.0,0.0,0.0,0.0,0.0,2.0,1.0,0.05,0.8,0.0,0.0,1
951,2026-04-22T14:28:52.493Z,S20260422_152751,SC01,AUTO,,61.352,0.0607,start,0,1500,VIDE,0.0,0.0,0.0,0.0,0.0,0.0,0,0,0.0,0.0,0.0,0.0,0.0,0.0,2.0,1.0,0.05,0.8,0.0,0.0,1
952,2026-04-22T14:28:52.552Z,S20260422_152751,SC01,AUTO,,61.4116,0.0596,start,0,1500,VIDE,0.0,0.0,0.0,0.0,0.0,0.0,0,0,0.0,0.0,0.0,0.0,0.0,0.0,2.0,1.0,0.05,0.8,0.0,0.0,1
953,2026-04-22T14:28:52.618Z,S20260422_152751,SC01,AUTO,,61.4767,0.0652,start,0,1500,VIDE,0.0,0.0,0.0,0.0,0.0,0.0,0,0,0.0,0.0,0.0,0.0,0.0,0.0,2.0,1.0,0.05,0.8,0.0,0.0,1
954,2026-04-22T14:28:52.680Z,S20260422_152751,SC01,AUTO,,61.5396,0.0629,start,0,1500,VIDE,0.0,0.0,0.0,0.0,0.0,0.0,0,0,0.0,0.0,0.0,0.0,0.0,0.0,2.0,1.0,0.05,0.8,0.0,0.0,1
955,2026-04-22T14:28:52.744Z,S20260422_152751,SC01,AUTO,,61.603,0.0633,start,0,1500,VIDE,0.0,0.0,0.0,0.0,0.0,0.0,0,0,0.0,0.0,0.0,0.0,0.0,0.0,2.0,1.0,0.05,0.8,0.0,0.0,1
956,2026-04-22T14:28:52.805Z,S20260422_152751,SC01,AUTO,,61.6645,0.0616,start,0,1500,VIDE,0.0,0.0,0.0,0.0,0.0,0.0,0,0,0.0,0.0,0.0,0.0,0.0,0.0,2.0,1.0,0.05,0.8,0.0,0.0,1
957,2026-04-22T14:28:52.869Z,S20260422_152751,SC01,AUTO,,61.7279,0.0634,start,0,1500,VIDE,0.0,0.0,0.0,0.0,0.0,0.0,0,0,0.0,0.0,0.0,0.0,0.0,0.0,2.0,1.0,0.05,0.8,0.0,0.0,1
958,2026-04-22T14:28:52.931Z,S20260422_152751,SC01,AUTO,,61.7899,0.062,start,0,1500,VIDE,0.0,0.0,0.0,0.0,0.0,0.0,0,0,0.0,0.0,0.0,0.0,0.0,0.0,2.0,1.0,0.05,0.8,0.0,0.0,1
959,2026-04-22T14:28:52.992Z,S20260422_152751,SC01,AUTO,,61.8517,0.0618,start,0,1500,VIDE,0.0,0.0,0.0,0.0,0.0,0.0,0,0,0.0,0.0,0.0,0.0,0.0,0.0,2.0,1.0,0.05,0.8,0.0,0.0,1
960,2026-04-22T14:28:53.052Z,S20260422_152751,SC01,AUTO,,61.9116,0.0599,start,0,1500,VIDE,0.0,0.0,0.0,0.0,0.0,0.0,0,0,0.0,0.0,0.0,0.0,0.0,0.0,2.0,1.0,0.05,0.8,0.0,0.0,1
961,2026-04-22T14:28:53.118Z,S20260422_152751,SC01,AUTO,,61.9772,0.0656,start,0,1500,VIDE,0.0,0.0,0.0,0.0,0.0,0.0,0,0,0.0,0.0,0.0,0.0,0.0,0.0,2.0,1.0,0.05,0.8,0.0,0.0,1
962,2026-04-22T14:28:53.180Z,S20260422_152751,SC01,AUTO,,62.0395,0.0623,start,0,1500,VIDE,0.0,0.0,0.0,0.0,0.0,0.0,0,0,0.0,0.0,0.0,0.0,0.0,0.0,2.0,1.0,0.05,0.8,0.0,0.0,1
963,2026-04-22T14:28:53.243Z,S20260422_152751,SC01,AUTO,,62.1025,0.0629,start,0,1500,VIDE,0.0,0.0,0.0,0.0,0.0,0.0,0,0,0.0,0.0,0.0,0.0,0.0,0.0,2.0,1.0,0.05,0.8,0.0,0.0,1
964,2026-04-22T14:28:53.306Z,S20260422_152751,SC01,AUTO,,62.1648,0.0624,start,0,1500,VIDE,0.0,0.0,0.0,0.0,0.0,0.0,0,0,0.0,0.0,0.0,0.0,0.0,0.0,2.0,1.0,0.05,0.8,0.0,0.0,1
965,2026-04-22T14:28:53.369Z,S20260422_152751,SC01,AUTO,,62.228,0.0632,start,0,1500,VIDE,0.0,0.0,0.0,0.0,0.0,0.0,0,0,0.0,0.0,0.0,0.0,0.0,0.0,2.0,1.0,0.05,0.8,0.0,0.0,1
966,2026-04-22T14:28:53.430Z,S20260422_152751,SC01,AUTO,,62.2897,0.0617,start,0,1500,VIDE,0.0,0.0,0.0,0.0,0.0,0.0,0,0,0.0,0.0,0.0,0.0,0.0,0.0,2.0,1.0,0.05,0.8,0.0,0.0,1
967,2026-04-22T14:28:53.492Z,S20260422_152751,SC01,AUTO,,62.3514,0.0617,start,0,1500,VIDE,0.0,0.0,0.0,0.0,0.0,0.0,0,0,0.0,0.0,0.0,0.0,0.0,0.0,2.0,1.0,0.05,0.8,0.0,0.0,1
968,2026-04-22T14:28:53.553Z,S20260422_152751,SC01,AUTO,,62.4118,0.0605,start,0,1500,VIDE,0.0,0.0,0.0,0.0,0.0,0.0,0,0,0.0,0.0,0.0,0.0,0.0,0.0,2.0,1.0,0.05,0.8,0.0,0.0,1
969,2026-04-22T14:28:53.616Z,S20260422_152751,SC01,AUTO,,62.4755,0.0636,start,0,1500,VIDE,0.0,0.0,0.0,0.0,0.0,0.0,0,0,0.0,0.0,0.0,0.0,0.0,0.0,2.0,1.0,0.05,0.8,0.0,0.0,1
970,2026-04-22T14:28:53.680Z,S20260422_152751,SC01,AUTO,,62.5392,0.0637,start,0,1500,VIDE,0.0,0.0,0.0,0.0,0.0,0.0,0,0,0.0,0.0,0.0,0.0,0.0,0.0,2.0,1.0,0.05,0.8,0.0,0.0,1
971,2026-04-22T14:28:53.742Z,S20260422_152751,SC01,AUTO,,62.6012,0.062,start,0,1500,VIDE,0.0,0.0,0.0,0.0,0.0,0.0,0,0,0.0,0.0,0.0,0.0,0.0,0.0,2.0,1.0,0.05,0.8,0.0,0.0,1
972,2026-04-22T14:28:53.804Z,S20260422_152751,SC01,AUTO,,62.6636,0.0624,start,0,1500,VIDE,0.0,0.0,0.0,0.0,0.0,0.0,0,0,0.0,0.0,0.0,0.0,0.0,0.0,2.0,1.0,0.05,0.8,0.0,0.0,1
973,2026-04-22T14:28:53.867Z,S20260422_152751,SC01,AUTO,,62.7259,0.0623,start,0,1500,VIDE,0.0,0.0,0.0,0.0,0.0,0.0,0,0,0.0,0.0,0.0,0.0,0.0,0.0,2.0,1.0,0.05,0.8,0.0,0.0,1
974,2026-04-22T14:28:53.930Z,S20260422_152751,SC01,AUTO,,62.7888,0.0629,start,0,1500,VIDE,0.0,0.0,0.0,0.0,0.0,0.0,0,0,0.0,0.0,0.0,0.0,0.0,0.0,2.0,1.0,0.05,0.8,0.0,0.0,1
975,2026-04-22T14:28:53.990Z,S20260422_152751,SC01,AUTO,,62.849,0.0602,start,0,1500,VIDE,0.0,0.0,0.0,0.0,0.0,0.0,0,0,0.0,0.0,0.0,0.0,0.0,0.0,2.0,1.0,0.05,0.8,0.0,0.0,1
976,2026-04-22T14:28:54.052Z,S20260422_152751,SC01,AUTO,,62.9113,0.0623,start,0,1500,VIDE,0.0,0.0,0.0,0.0,0.0,0.0,0,0,0.0,0.0,0.0,0.0,0.0,0.0,2.0,1.0,0.05,0.8,0.0,0.0,1
977,2026-04-22T14:28:54.114Z,S20260422_152751,SC01,AUTO,,62.9734,0.062,start,0,1500,VIDE,0.0,0.0,0.0,0.0,0.0,0.0,0,0,0.0,0.0,0.0,0.0,0.0,0.0,2.0,1.0,0.05,0.8,0.0,0.0,1
978,2026-04-22T14:28:54.176Z,S20260422_152751,SC01,AUTO,,63.0352,0.0618,start,0,1500,VIDE,0.0,0.0,0.0,0.0,0.0,0.0,0,0,0.0,0.0,0.0,0.0,0.0,0.0,2.0,1.0,0.05,0.8,0.0,0.0,1
979,2026-04-22T14:28:54.252Z,S20260422_152751,SC01,AUTO,,63.1109,0.0758,start,0,1500,VIDE,0.0,0.0,0.0,0.0,0.0,0.0,0,0,0.0,0.0,0.0,0.0,0.0,0.0,2.0,1.0,0.05,0.8,0.0,0.0,1
980,2026-04-22T14:28:54.312Z,S20260422_152751,SC01,AUTO,,63.1716,0.0607,start,0,1500,VIDE,0.0,0.0,0.0,0.0,0.0,0.0,0,0,0.0,0.0,0.0,0.0,0.0,0.0,2.0,1.0,0.05,0.8,0.0,0.0,1
981,2026-04-22T14:28:54.373Z,S20260422_152751,SC01,AUTO,,63.232,0.0603,start,0,1500,VIDE,0.0,0.0,0.0,0.0,0.0,0.0,0,0,0.0,0.0,0.0,0.0,0.0,0.0,2.0,1.0,0.05,0.8,0.0,0.0,1
982,2026-04-22T14:28:54.433Z,S20260422_152751,SC01,AUTO,,63.292,0.06,start,0,1500,VIDE,0.0,0.0,0.0,0.0,0.0,0.0,0,0,0.0,0.0,0.0,0.0,0.0,0.0,2.0,1.0,0.05,0.8,0.0,0.0,1
983,2026-04-22T14:28:54.493Z,S20260422_152751,SC01,AUTO,,63.3519,0.0599,start,0,1500,VIDE,0.0,0.0,0.0,0.0,0.0,0.0,0,0,0.0,0.0,0.0,0.0,0.0,0.0,2.0,1.0,0.05,0.8,0.0,0.0,1
984,2026-04-22T14:28:54.552Z,S20260422_152751,SC01,AUTO,,63.4111,0.0593,start,0,1500,VIDE,0.0,0.0,0.0,0.0,0.0,0.0,0,0,0.0,0.0,0.0,0.0,0.0,0.0,2.0,1.0,0.05,0.8,0.0,0.0,1
985,2026-04-22T14:28:54.627Z,S20260422_152751,SC01,AUTO,,63.4865,0.0753,start,0,1500,VIDE,0.0,0.0,0.0,0.0,0.0,0.0,0,0,0.0,0.0,0.0,0.0,0.0,0.0,2.0,1.0,0.05,0.8,0.0,0.0,1
986,2026-04-22T14:28:54.689Z,S20260422_152751,SC01,AUTO,,63.5477,0.0612,start,0,1500,VIDE,0.0,0.0,0.0,0.0,0.0,0.0,0,0,0.0,0.0,0.0,0.0,0.0,0.0,2.0,1.0,0.05,0.8,0.0,0.0,1
987,2026-04-22T14:28:54.751Z,S20260422_152751,SC01,AUTO,,63.6105,0.0628,start,0,1500,VIDE,0.0,0.0,0.0,0.0,0.0,0.0,0,0,0.0,0.0,0.0,0.0,0.0,0.0,2.0,1.0,0.05,0.8,0.0,0.0,1
988,2026-04-22T14:28:54.813Z,S20260422_152751,SC01,AUTO,,63.6719,0.0614,start,0,1500,VIDE,0.0,0.0,0.0,0.0,0.0,0.0,0,0,0.0,0.0,0.0,0.0,0.0,0.0,2.0,1.0,0.05,0.8,0.0,0.0,1
989,2026-04-22T14:28:54.872Z,S20260422_152751,SC01,AUTO,,63.7315,0.0596,start,0,1500,VIDE,0.0,0.0,0.0,0.0,0.0,0.0,0,0,0.0,0.0,0.0,0.0,0.0,0.0,2.0,1.0,0.05,0.8,0.0,0.0,1
990,2026-04-22T14:28:54.933Z,S20260422_152751,SC01,AUTO,,63.7924,0.0608,start,0,1500,VIDE,0.0,0.0,0.0,0.0,0.0,0.0,0,0,0.0,0.0,0.0,0.0,0.0,0.0,2.0,1.0,0.05,0.8,0.0,0.0,1
991,2026-04-22T14:28:54.993Z,S20260422_152751,SC01,AUTO,,63.8523,0.0599,start,0,1500,VIDE,0.0,0.0,0.0,0.0,0.0,0.0,0,0,0.0,0.0,0.0,0.0,0.0,0.0,2.0,1.0,0.05,0.8,0.0,0.0,1
992,2026-04-22T14:28:55.052Z,S20260422_152751,SC01,AUTO,,63.9112,0.0589,start,0,1500,VIDE,0.0,0.0,0.0,0.0,0.0,0.0,0,0,0.0,0.0,0.0,0.0,0.0,0.0,2.0,1.0,0.05,0.8,0.0,0.0,1
993,2026-04-22T14:28:55.126Z,S20260422_152751,SC01,AUTO,,63.985,0.0737,start,0,1500,VIDE,0.0,0.0,0.0,0.0,0.0,0.0,0,0,0.0,0.0,0.0,0.0,0.0,0.0,2.0,1.0,0.05,0.8,0.0,0.0,1
994,2026-04-22T14:28:55.188Z,S20260422_152751,SC01,AUTO,,64.0468,0.0618,start,0,1500,VIDE,0.0,0.0,0.0,0.0,0.0,0.0,0,0,0.0,0.0,0.0,0.0,0.0,0.0,2.0,1.0,0.05,0.8,0.0,0.0,1
995,2026-04-22T14:28:55.250Z,S20260422_152751,SC01,AUTO,,64.1088,0.062,start,0,1500,VIDE,0.0,0.0,0.0,0.0,0.0,0.0,0,0,0.0,0.0,0.0,0.0,0.0,0.0,2.0,1.0,0.05,0.8,0.0,0.0,1
996,2026-04-22T14:28:55.313Z,S20260422_152751,SC01,AUTO,,64.1718,0.0629,start,0,1500,VIDE,0.0,0.0,0.0,0.0,0.0,0.0,0,0,0.0,0.0,0.0,0.0,0.0,0.0,2.0,1.0,0.05,0.8,0.0,0.0,1
997,2026-04-22T14:28:55.373Z,S20260422_152751,SC01,AUTO,,64.2321,0.0604,start,0,1500,VIDE,0.0,0.0,0.0,0.0,0.0,0.0,0,0,0.0,0.0,0.0,0.0,0.0,0.0,2.0,1.0,0.05,0.8,0.0,0.0,1
998,2026-04-22T14:28:55.433Z,S20260422_152751,SC01,AUTO,,64.2926,0.0605,start,0,1500,VIDE,0.0,0.0,0.0,0.0,0.0,0.0,0,0,0.0,0.0,0.0,0.0,0.0,0.0,2.0,1.0,0.05,0.8,0.0,0.0,1
999,2026-04-22T14:28:55.493Z,S20260422_152751,SC01,AUTO,,64.3519,0.0593,start,0,1500,VIDE,0.0,0.0,0.0,0.0,0.0,0.0,0,0,0.0,0.0,0.0,0.0,0.0,0.0,2.0,1.0,0.05,0.8,0.0,0.0,1
1000,2026-04-22T14:28:55.553Z,S20260422_152751,SC01,AUTO,,64.4122,0.0604,start,0,1500,VIDE,0.0,0.0,0.0,0.0,0.0,0.0,0,0,0.0,0.0,0.0,0.0,0.0,0.0,2.0,1.0,0.05,0.8,0.0,0.0,1
1001,2026-04-22T14:28:55.624Z,S20260422_152751,SC01,AUTO,,64.4835,0.0713,start,0,1500,VIDE,0.0,0.0,0.0,0.0,0.0,0.0,0,0,0.0,0.0,0.0,0.0,0.0,0.0,2.0,1.0,0.05,0.8,0.0,0.0,1
1002,2026-04-22T14:28:55.687Z,S20260422_152751,SC01,AUTO,,64.5466,0.0631,start,0,1500,VIDE,0.0,0.0,0.0,0.0,0.0,0.0,0,0,0.0,0.0,0.0,0.0,0.0,0.0,2.0,1.0,0.05,0.8,0.0,0.0,1
1003,2026-04-22T14:28:55.750Z,S20260422_152751,SC01,AUTO,,64.6095,0.0629,start,0,1500,VIDE,0.0,0.0,0.0,0.0,0.0,0.0,0,0,0.0,0.0,0.0,0.0,0.0,0.0,2.0,1.0,0.05,0.8,0.0,0.0,1
1004,2026-04-22T14:28:55.812Z,S20260422_152751,SC01,AUTO,,64.6717,0.0622,start,0,1500,VIDE,0.0,0.0,0.0,0.0,0.0,0.0,0,0,0.0,0.0,0.0,0.0,0.0,0.0,2.0,1.0,0.05,0.8,0.0,0.0,1
1005,2026-04-22T14:28:55.873Z,S20260422_152751,SC01,AUTO,,64.7318,0.0601,start,0,1500,VIDE,0.0,0.0,0.0,0.0,0.0,0.0,0,0,0.0,0.0,0.0,0.0,0.0,0.0,2.0,1.0,0.05,0.8,0.0,0.0,1
1006,2026-04-22T14:28:55.933Z,S20260422_152751,SC01,AUTO,,64.7919,0.0601,start,0,1500,VIDE,0.0,0.0,0.0,0.0,0.0,0.0,0,0,0.0,0.0,0.0,0.0,0.0,0.0,2.0,1.0,0.05,0.8,0.0,0.0,1
1007,2026-04-22T14:28:55.993Z,S20260422_152751,SC01,AUTO,,64.852,0.0601,start,0,1500,VIDE,0.0,0.0,0.0,0.0,0.0,0.0,0,0,0.0,0.0,0.0,0.0,0.0,0.0,2.0,1.0,0.05,0.8,0.0,0.0,1
1008,2026-04-22T14:28:56.053Z,S20260422_152751,SC01,AUTO,,64.9119,0.0599,start,0,1500,VIDE,0.0,0.0,0.0,0.0,0.0,0.0,0,0,0.0,0.0,0.0,0.0,0.0,0.0,2.0,1.0,0.05,0.8,0.0,0.0,1
1009,2026-04-22T14:28:56.122Z,S20260422_152751,SC01,AUTO,,64.9815,0.0696,start,0,1500,VIDE,0.0,0.0,0.0,0.0,0.0,0.0,0,0,0.0,0.0,0.0,0.0,0.0,0.0,2.0,1.0,0.05,0.8,0.0,0.0,1
1010,2026-04-22T14:28:56.186Z,S20260422_152751,SC01,AUTO,,65.0448,0.0633,start,0,1500,VIDE,0.0,0.0,0.0,0.0,0.0,0.0,0,0,0.0,0.0,0.0,0.0,0.0,0.0,2.0,1.0,0.05,0.8,0.0,0.0,1
1011,2026-04-22T14:28:56.241Z,S20260422_152751,SC01,AUTO,,65.1,0.0551,start,0,1500,VIDE,0.0,0.0,0.0,0.0,0.0,0.0,0,0,0.0,0.0,0.0,0.0,0.0,0.0,2.0,1.0,0.05,0.8,0.0,0.0,1
1012,2026-04-22T14:28:56.312Z,S20260422_152751,SC01,AUTO,,65.171,0.0711,start,0,1500,VIDE,0.0,0.0,0.0,0.0,0.0,0.0,0,0,0.0,0.0,0.0,0.0,0.0,0.0,2.0,1.0,0.05,0.8,0.0,0.0,1
1013,2026-04-22T14:28:56.368Z,S20260422_152751,SC01,AUTO,,65.2275,0.0565,start,0,1500,VIDE,0.0,0.0,0.0,0.0,0.0,0.0,0,0,0.0,0.0,0.0,0.0,0.0,0.0,2.0,1.0,0.05,0.8,0.0,0.0,1
1014,2026-04-22T14:28:56.433Z,S20260422_152751,SC01,AUTO,,65.2917,0.0642,start,0,1500,VIDE,0.0,0.0,0.0,0.0,0.0,0.0,0,0,0.0,0.0,0.0,0.0,0.0,0.0,2.0,1.0,0.05,0.8,0.0,0.0,1
1015,2026-04-22T14:28:56.492Z,S20260422_152751,SC01,AUTO,,65.3513,0.0595,start,0,1500,VIDE,0.0,0.0,0.0,0.0,0.0,0.0,0,0,0.0,0.0,0.0,0.0,0.0,0.0,2.0,1.0,0.05,0.8,0.0,0.0,1
1016,2026-04-22T14:28:56.552Z,S20260422_152751,SC01,AUTO,,65.4115,0.0603,start,0,1500,VIDE,0.0,0.0,0.0,0.0,0.0,0.0,0,0,0.0,0.0,0.0,0.0,0.0,0.0,2.0,1.0,0.05,0.8,0.0,0.0,1
1017,2026-04-22T14:28:56.621Z,S20260422_152751,SC01,AUTO,,65.4801,0.0686,start,0,1500,VIDE,0.0,0.0,0.0,0.0,0.0,0.0,0,0,0.0,0.0,0.0,0.0,0.0,0.0,2.0,1.0,0.05,0.8,0.0,0.0,1
1018,2026-04-22T14:28:56.680Z,S20260422_152751,SC01,AUTO,,65.5393,0.0591,start,0,1500,VIDE,0.0,0.0,0.0,0.0,0.0,0.0,0,0,0.0,0.0,0.0,0.0,0.0,0.0,2.0,1.0,0.05,0.8,0.0,0.0,1
1019,2026-04-22T14:28:56.744Z,S20260422_152751,SC01,AUTO,,65.6031,0.0639,start,0,1500,VIDE,0.0,0.0,0.0,0.0,0.0,0.0,0,0,0.0,0.0,0.0,0.0,0.0,0.0,2.0,1.0,0.05,0.8,0.0,0.0,1
1020,2026-04-22T14:28:56.808Z,S20260422_152751,SC01,AUTO,,65.6675,0.0644,start,0,1500,VIDE,0.0,0.0,0.0,0.0,0.0,0.0,0,0,0.0,0.0,0.0,0.0,0.0,0.0,2.0,1.0,0.05,0.8,0.0,0.0,1
1021,2026-04-22T14:28:56.864Z,S20260422_152751,SC01,AUTO,,65.7233,0.0558,start,0,1500,VIDE,0.0,0.0,0.0,0.0,0.0,0.0,0,0,0.0,0.0,0.0,0.0,0.0,0.0,2.0,1.0,0.05,0.8,0.0,0.0,1
1022,2026-04-22T14:28:56.932Z,S20260422_152751,SC01,AUTO,,65.7914,0.0681,start,0,1500,VIDE,0.0,0.0,0.0,0.0,0.0,0.0,0,0,0.0,0.0,0.0,0.0,0.0,0.0,2.0,1.0,0.05,0.8,0.0,0.0,1
1023,2026-04-22T14:28:56.993Z,S20260422_152751,SC01,AUTO,,65.8517,0.0604,start,0,1500,VIDE,0.0,0.0,0.0,0.0,0.0,0.0,0,0,0.0,0.0,0.0,0.0,0.0,0.0,2.0,1.0,0.05,0.8,0.0,0.0,1
1024,2026-04-22T14:28:57.052Z,S20260422_152751,SC01,AUTO,,65.911,0.0593,start,0,1500,VIDE,0.0,0.0,0.0,0.0,0.0,0.0,0,0,0.0,0.0,0.0,0.0,0.0,0.0,2.0,1.0,0.05,0.8,0.0,0.0,1
1025,2026-04-22T14:28:57.113Z,S20260422_152751,SC01,AUTO,,65.9723,0.0613,start,0,1500,VIDE,0.0,0.0,0.0,0.0,0.0,0.0,0,0,0.0,0.0,0.0,0.0,0.0,0.0,2.0,1.0,0.05,0.8,0.0,0.0,1
1026,2026-04-22T14:28:57.185Z,S20260422_152751,SC01,AUTO,,66.0439,0.0716,start,0,1500,VIDE,0.0,0.0,0.0,0.0,0.0,0.0,0,0,0.0,0.0,0.0,0.0,0.0,0.0,2.0,1.0,0.05,0.8,0.0,0.0,1
1027,2026-04-22T14:28:57.240Z,S20260422_152751,SC01,AUTO,,66.0995,0.0556,start,0,1500,VIDE,0.0,0.0,0.0,0.0,0.0,0.0,0,0,0.0,0.0,0.0,0.0,0.0,0.0,2.0,1.0,0.05,0.8,0.0,0.0,1
1028,2026-04-22T14:28:57.304Z,S20260422_152751,SC01,AUTO,,66.1634,0.0639,start,0,1500,VIDE,0.0,0.0,0.0,0.0,0.0,0.0,0,0,0.0,0.0,0.0,0.0,0.0,0.0,2.0,1.0,0.05,0.8,0.0,0.0,1
1029,2026-04-22T14:28:57.368Z,S20260422_152751,SC01,AUTO,,66.2274,0.064,start,0,1500,VIDE,0.0,0.0,0.0,0.0,0.0,0.0,0,0,0.0,0.0,0.0,0.0,0.0,0.0,2.0,1.0,0.05,0.8,0.0,0.0,1
1030,2026-04-22T14:28:57.431Z,S20260422_152751,SC01,AUTO,,66.2898,0.0624,start,0,1500,VIDE,0.0,0.0,0.0,0.0,0.0,0.0,0,0,0.0,0.0,0.0,0.0,0.0,0.0,2.0,1.0,0.05,0.8,0.0,0.0,1
1031,2026-04-22T14:28:57.493Z,S20260422_152751,SC01,AUTO,,66.3519,0.0621,start,0,1500,VIDE,0.0,0.0,0.0,0.0,0.0,0.0,0,0,0.0,0.0,0.0,0.0,0.0,0.0,2.0,1.0,0.05,0.8,0.0,0.0,1
1032,2026-04-22T14:28:57.552Z,S20260422_152751,SC01,AUTO,,66.4113,0.0593,start,0,1500,VIDE,0.0,0.0,0.0,0.0,0.0,0.0,0,0,0.0,0.0,0.0,0.0,0.0,0.0,2.0,1.0,0.05,0.8,0.0,0.0,1
1033,2026-04-22T14:28:57.621Z,S20260422_152751,SC01,AUTO,,66.48,0.0687,start,0,1500,VIDE,0.0,0.0,0.0,0.0,0.0,0.0,0,0,0.0,0.0,0.0,0.0,0.0,0.0,2.0,1.0,0.05,0.8,0.0,0.0,1
1034,2026-04-22T14:28:57.680Z,S20260422_152751,SC01,AUTO,,66.5397,0.0597,start,0,1500,VIDE,0.0,0.0,0.0,0.0,0.0,0.0,0,0,0.0,0.0,0.0,0.0,0.0,0.0,2.0,1.0,0.05,0.8,0.0,0.0,1
1035,2026-04-22T14:28:57.744Z,S20260422_152751,SC01,AUTO,,66.6031,0.0634,start,0,1500,VIDE,0.0,0.0,0.0,0.0,0.0,0.0,0,0,0.0,0.0,0.0,0.0,0.0,0.0,2.0,1.0,0.05,0.8,0.0,0.0,1
1036,2026-04-22T14:28:57.808Z,S20260422_152751,SC01,AUTO,,66.6674,0.0643,start,0,1500,VIDE,0.0,0.0,0.0,0.0,0.0,0.0,0,0,0.0,0.0,0.0,0.0,0.0,0.0,2.0,1.0,0.05,0.8,0.0,0.0,1
1037,2026-04-22T14:28:57.864Z,S20260422_152751,SC01,AUTO,,66.7232,0.0558,start,0,1500,VIDE,0.0,0.0,0.0,0.0,0.0,0.0,0,0,0.0,0.0,0.0,0.0,0.0,0.0,2.0,1.0,0.05,0.8,0.0,0.0,1
1038,2026-04-22T14:28:58.000Z,S20260422_152751,SC01,AUTO,,66.8597,0.1364,start,0,1500,VIDE,0.0,0.0,0.0,0.0,0.0,0.0,0,0,0.0,0.0,0.0,0.0,0.0,0.0,2.0,1.0,0.05,0.8,0.0,0.0,1
1039,2026-04-22T14:28:58.052Z,S20260422_152751,SC01,AUTO,,66.9117,0.052,start,0,1500,VIDE,0.0,0.0,0.0,0.0,0.0,0.0,0,0,0.0,0.0,0.0,0.0,0.0,0.0,2.0,1.0,0.05,0.8,0.0,0.0,1
1040,2026-04-22T14:28:58.118Z,S20260422_152751,SC01,AUTO,,66.9769,0.0652,start,0,1500,VIDE,0.0,0.0,0.0,0.0,0.0,0.0,0,0,0.0,0.0,0.0,0.0,0.0,0.0,2.0,1.0,0.05,0.8,0.0,0.0,1
1041,2026-04-22T14:28:58.176Z,S20260422_152751,SC01,AUTO,,67.0352,0.0583,start,0,1500,VIDE,0.0,0.0,0.0,0.0,0.0,0.0,0,0,0.0,0.0,0.0,0.0,0.0,0.0,2.0,1.0,0.05,0.8,0.0,0.0,1
1042,2026-04-22T14:28:58.240Z,S20260422_152751,SC01,AUTO,,67.0995,0.0644,start,0,1500,VIDE,0.0,0.0,0.0,0.0,0.0,0.0,0,0,0.0,0.0,0.0,0.0,0.0,0.0,2.0,1.0,0.05,0.8,0.0,0.0,1
1043,2026-04-22T14:28:58.303Z,S20260422_152751,SC01,AUTO,,67.1626,0.0631,start,0,1500,VIDE,0.0,0.0,0.0,0.0,0.0,0.0,0,0,0.0,0.0,0.0,0.0,0.0,0.0,2.0,1.0,0.05,0.8,0.0,0.0,1
1044,2026-04-22T14:28:58.366Z,S20260422_152751,SC01,AUTO,,67.2253,0.0627,start,0,1500,VIDE,0.0,0.0,0.0,0.0,0.0,0.0,0,0,0.0,0.0,0.0,0.0,0.0,0.0,2.0,1.0,0.05,0.8,0.0,0.0,1
1045,2026-04-22T14:28:58.428Z,S20260422_152751,SC01,AUTO,,67.2875,0.0622,start,0,1500,VIDE,0.0,0.0,0.0,0.0,0.0,0.0,0,0,0.0,0.0,0.0,0.0,0.0,0.0,2.0,1.0,0.05,0.8,0.0,0.0,1
1046,2026-04-22T14:28:58.490Z,S20260422_152751,SC01,AUTO,,67.3488,0.0614,start,0,1500,VIDE,0.0,0.0,0.0,0.0,0.0,0.0,0,0,0.0,0.0,0.0,0.0,0.0,0.0,2.0,1.0,0.05,0.8,0.0,0.0,1
1047,2026-04-22T14:28:58.552Z,S20260422_152751,SC01,AUTO,,67.4109,0.0621,start,0,1500,VIDE,0.0,0.0,0.0,0.0,0.0,0.0,0,0,0.0,0.0,0.0,0.0,0.0,0.0,2.0,1.0,0.05,0.8,0.0,0.0,1
1048,2026-04-22T14:28:58.614Z,S20260422_152751,SC01,AUTO,,67.4737,0.0628,start,0,1500,VIDE,0.0,0.0,0.0,0.0,0.0,0.0,0,0,0.0,0.0,0.0,0.0,0.0,0.0,2.0,1.0,0.05,0.8,0.0,0.0,1
1049,2026-04-22T14:28:58.678Z,S20260422_152751,SC01,AUTO,,67.5367,0.063,start,0,1500,VIDE,0.0,0.0,0.0,0.0,0.0,0.0,0,0,0.0,0.0,0.0,0.0,0.0,0.0,2.0,1.0,0.05,0.8,0.0,0.0,1
1050,2026-04-22T14:28:58.740Z,S20260422_152751,SC01,AUTO,,67.5994,0.0626,start,0,1500,VIDE,0.0,0.0,0.0,0.0,0.0,0.0,0,0,0.0,0.0,0.0,0.0,0.0,0.0,2.0,1.0,0.05,0.8,0.0,0.0,1
1051,2026-04-22T14:28:58.802Z,S20260422_152751,SC01,AUTO,,67.6615,0.0622,start,0,1500,VIDE,0.0,0.0,0.0,0.0,0.0,0.0,0,0,0.0,0.0,0.0,0.0,0.0,0.0,2.0,1.0,0.05,0.8,0.0,0.0,1
1052,2026-04-22T14:28:58.864Z,S20260422_152751,SC01,AUTO,,67.7234,0.0619,start,0,1500,VIDE,0.0,0.0,0.0,0.0,0.0,0.0,0,0,0.0,0.0,0.0,0.0,0.0,0.0,2.0,1.0,0.05,0.8,0.0,0.0,1
1053,2026-04-22T14:28:58.925Z,S20260422_152751,SC01,AUTO,,67.7845,0.0611,start,0,1500,VIDE,0.0,0.0,0.0,0.0,0.0,0.0,0,0,0.0,0.0,0.0,0.0,0.0,0.0,2.0,1.0,0.05,0.8,0.0,0.0,1
1054,2026-04-22T14:28:58.988Z,S20260422_152751,SC01,AUTO,,67.8476,0.0631,start,0,1500,VIDE,0.0,0.0,0.0,0.0,0.0,0.0,0,0,0.0,0.0,0.0,0.0,0.0,0.0,2.0,1.0,0.05,0.8,0.0,0.0,1
1055,2026-04-22T14:28:59.051Z,S20260422_152751,SC01,AUTO,,67.9098,0.0622,start,0,1500,VIDE,0.0,0.0,0.0,0.0,0.0,0.0,0,0,0.0,0.0,0.0,0.0,0.0,0.0,2.0,1.0,0.05,0.8,0.0,0.0,1
1056,2026-04-22T14:28:59.113Z,S20260422_152751,SC01,AUTO,,67.9727,0.0629,start,0,1500,VIDE,0.0,0.0,0.0,0.0,0.0,0.0,0,0,0.0,0.0,0.0,0.0,0.0,0.0,2.0,1.0,0.05,0.8,0.0,0.0,1
1057,2026-04-22T14:28:59.176Z,S20260422_152751,SC01,AUTO,,68.0353,0.0626,start,0,1500,VIDE,0.0,0.0,0.0,0.0,0.0,0.0,0,0,0.0,0.0,0.0,0.0,0.0,0.0,2.0,1.0,0.05,0.8,0.0,0.0,1
1058,2026-04-22T14:28:59.253Z,S20260422_152751,SC01,AUTO,,68.1123,0.077,start,0,1500,VIDE,0.0,0.0,0.0,0.0,0.0,0.0,0,0,0.0,0.0,0.0,0.0,0.0,0.0,2.0,1.0,0.05,0.8,0.0,0.0,1
1059,2026-04-22T14:28:59.304Z,S20260422_152751,SC01,AUTO,,68.1633,0.051,start,0,1500,VIDE,0.0,0.0,0.0,0.0,0.0,0.0,0,0,0.0,0.0,0.0,0.0,0.0,0.0,2.0,1.0,0.05,0.8,0.0,0.0,1
1060,2026-04-22T14:28:59.368Z,S20260422_152751,SC01,AUTO,,68.2271,0.0638,start,0,1500,VIDE,0.0,0.0,0.0,0.0,0.0,0.0,0,0,0.0,0.0,0.0,0.0,0.0,0.0,2.0,1.0,0.05,0.8,0.0,0.0,1
1061,2026-04-22T14:28:59.433Z,S20260422_152751,SC01,AUTO,,68.2919,0.0648,start,0,1500,VIDE,0.0,0.0,0.0,0.0,0.0,0.0,0,0,0.0,0.0,0.0,0.0,0.0,0.0,2.0,1.0,0.05,0.8,0.0,0.0,1
1062,2026-04-22T14:28:59.492Z,S20260422_152751,SC01,AUTO,,68.351,0.0591,start,0,1500,VIDE,0.0,0.0,0.0,0.0,0.0,0.0,0,0,0.0,0.0,0.0,0.0,0.0,0.0,2.0,1.0,0.05,0.8,0.0,0.0,1
1063,2026-04-22T14:28:59.609Z,S20260422_152751,SC01,AUTO,,68.4681,0.1171,start,0,1500,VIDE,0.0,0.0,0.0,0.0,0.0,0.0,0,0,0.0,0.0,0.0,0.0,0.0,0.0,2.0,1.0,0.05,0.8,0.0,0.0,1
