row_id,wall_time_utc,session_id,scenario_id,execution_mode,scenario_time_s,program_time_s,sample_dt_s,phase,scenario_started,vehicle_mass_kg,mass_label,steer_cmd_deg,throttle_cmd,brake_cmd,speed_mps,yaw_rad,yaw_rate_rps,mode_id,fault_flag,rtt_ms,jitter_ms,steer_ref_deg,throttle_ref,brake_ref,speed_min_mps,speed_max_mps,tol_steer_deg,tol_throttle,tol_brake,speed_in_corridor,e_speed_low,e_speed_high,e_steer_actual
1,2026-04-27T08:14:23.072Z,S20260427_091422,SC01,AUTO,,0.463,0.4588,start,0,1500,VIDE,0.0,0.0,0.0,0.0,0.0,0.0,0,0,0.0,0.0,0.0,0.0,0.0,0.0,0.2,2.0,1.0,0.05,1,0.0,0.2,0.0
2,2026-04-27T08:14:23.120Z,S20260427_091422,SC01,AUTO,,0.5109,0.048,start,0,1500,VIDE,0.0,0.0,0.0,0.0,0.0,0.0,0,0,0.0,0.0,0.0,0.0,0.0,0.0,0.2,2.0,1.0,0.05,1,0.0,0.2,0.0
3,2026-04-27T08:14:23.181Z,S20260427_091422,SC01,AUTO,,0.5721,0.0611,start,0,1500,VIDE,0.0,0.0,0.0,0.0,0.0,0.0,0,0,0.0,0.0,0.0,0.0,0.0,0.0,0.2,2.0,1.0,0.05,1,0.0,0.2,0.0
4,2026-04-27T08:14:23.246Z,S20260427_091422,SC01,AUTO,,0.6368,0.0647,start,0,1500,VIDE,0.0,0.0,0.0,0.0,0.0,0.0,0,0,0.0,0.0,0.0,0.0,0.0,0.0,0.2,2.0,1.0,0.05,1,0.0,0.2,0.0
5,2026-04-27T08:14:23.307Z,S20260427_091422,SC01,AUTO,,0.6977,0.0609,start,0,1500,VIDE,0.0,0.0,0.0,0.0,0.0,0.0,0,0,0.0,0.0,0.0,0.0,0.0,0.0,0.2,2.0,1.0,0.05,1,0.0,0.2,0.0
6,2026-04-27T08:14:23.368Z,S20260427_091422,SC01,AUTO,,0.7591,0.0614,start,0,1500,VIDE,0.0,0.0,0.0,0.0,0.0,0.0,0,0,0.0,0.0,0.0,0.0,0.0,0.0,0.2,2.0,1.0,0.05,1,0.0,0.2,0.0
7,2026-04-27T08:14:23.431Z,S20260427_091422,SC01,AUTO,,0.8213,0.0622,start,0,1500,VIDE,0.0,0.0,0.0,0.0,0.0,0.0,0,0,0.0,0.0,0.0,0.0,0.0,0.0,0.2,2.0,1.0,0.05,1,0.0,0.2,0.0
8,2026-04-27T08:14:23.494Z,S20260427_091422,SC01,AUTO,,0.8844,0.0631,start,0,1500,VIDE,0.0,0.0,0.0,0.0,0.0,0.0,0,0,0.0,0.0,0.0,0.0,0.0,0.0,0.2,2.0,1.0,0.05,1,0.0,0.2,0.0
9,2026-04-27T08:14:23.557Z,S20260427_091422,SC01,AUTO,,0.9475,0.063,start,0,1500,VIDE,0.0,0.0,0.0,0.0,0.0,0.0,0,0,0.0,0.0,0.0,0.0,0.0,0.0,0.2,2.0,1.0,0.05,1,0.0,0.2,0.0
10,2026-04-27T08:14:23.619Z,S20260427_091422,SC01,AUTO,,1.0095,0.0622,start,0,1500,VIDE,0.0,0.0,0.0,0.0,0.0,0.0,0,0,0.0,0.0,0.0,0.0,0.0,0.0,0.2,2.0,1.0,0.05,1,0.0,0.2,0.0
11,2026-04-27T08:14:23.682Z,S20260427_091422,SC01,AUTO,,1.0724,0.0628,start,0,1500,VIDE,0.0,0.0,0.0,0.0,0.0,0.0,0,0,0.0,0.0,0.0,0.0,0.0,0.0,0.2,2.0,1.0,0.05,1,0.0,0.2,0.0
12,2026-04-27T08:14:23.744Z,S20260427_091422,SC01,AUTO,,1.1351,0.0627,start,0,1500,VIDE,0.0,0.0,0.0,0.0,0.0,0.0,0,0,0.0,0.0,0.0,0.0,0.0,0.0,0.2,2.0,1.0,0.05,1,0.0,0.2,0.0
13,2026-04-27T08:14:23.806Z,S20260427_091422,SC01,AUTO,,1.1968,0.0617,start,0,1500,VIDE,0.0,0.0,0.0,0.0,0.0,0.0,0,0,0.0,0.0,0.0,0.0,0.0,0.0,0.2,2.0,1.0,0.05,1,0.0,0.2,0.0
14,2026-04-27T08:14:23.874Z,S20260427_091422,SC01,AUTO,,1.2649,0.0681,start,0,1500,VIDE,0.0,0.0,0.0,0.0,0.0,0.0,0,0,0.0,0.0,0.0,0.0,0.0,0.0,0.2,2.0,1.0,0.05,1,0.0,0.2,0.0
15,2026-04-27T08:14:23.935Z,S20260427_091422,SC01,AUTO,,1.3259,0.061,start,0,1500,VIDE,0.0,0.0,0.0,0.0,0.0,0.0,0,0,0.0,0.0,0.0,0.0,0.0,0.0,0.2,2.0,1.0,0.05,1,0.0,0.2,0.0
16,2026-04-27T08:14:23.993Z,S20260427_091422,SC01,AUTO,,1.3834,0.0575,start,0,1500,VIDE,0.0,0.0,0.0,0.0,0.0,0.0,0,0,0.0,0.0,0.0,0.0,0.0,0.0,0.2,2.0,1.0,0.05,1,0.0,0.2,0.0
17,2026-04-27T08:14:24.056Z,S20260427_091422,SC01,AUTO,,1.4466,0.0632,start,0,1500,VIDE,0.0,0.0,0.0,0.0,0.0,0.0,0,0,0.0,0.0,0.0,0.0,0.0,0.0,0.2,2.0,1.0,0.05,1,0.0,0.2,0.0
18,2026-04-27T08:14:24.118Z,S20260427_091422,SC01,AUTO,,1.5091,0.0626,start,0,1500,VIDE,0.0,0.0,0.0,0.0,0.0,0.0,0,0,0.0,0.0,0.0,0.0,0.0,0.0,0.2,2.0,1.0,0.05,1,0.0,0.2,0.0
19,2026-04-27T08:14:24.181Z,S20260427_091422,SC01,AUTO,,1.5715,0.0624,start,0,1500,VIDE,0.0,0.0,0.0,0.0,0.0,0.0,0,0,0.0,0.0,0.0,0.0,0.0,0.0,0.2,2.0,1.0,0.05,1,0.0,0.2,0.0
20,2026-04-27T08:14:24.243Z,S20260427_091422,SC01,AUTO,,1.6337,0.0622,start,0,1500,VIDE,0.0,0.0,0.0,0.0,0.0,0.0,0,0,0.0,0.0,0.0,0.0,0.0,0.0,0.2,2.0,1.0,0.05,1,0.0,0.2,0.0
21,2026-04-27T08:14:24.305Z,S20260427_091422,SC01,AUTO,,1.6957,0.062,start,0,1500,VIDE,0.0,0.0,0.0,0.0,0.0,0.0,0,0,0.0,0.0,0.0,0.0,0.0,0.0,0.2,2.0,1.0,0.05,1,0.0,0.2,0.0
22,2026-04-27T08:14:24.381Z,S20260427_091422,SC01,AUTO,,1.772,0.0763,start,0,1500,VIDE,0.0,0.0,0.0,0.0,0.0,0.0,0,0,0.0,0.0,0.0,0.0,0.0,0.0,0.2,2.0,1.0,0.05,1,0.0,0.2,0.0
23,2026-04-27T08:14:24.441Z,S20260427_091422,SC01,AUTO,,1.832,0.0599,start,0,1500,VIDE,0.0,0.0,0.0,0.0,0.0,0.0,0,0,0.0,0.0,0.0,0.0,0.0,0.0,0.2,2.0,1.0,0.05,1,0.0,0.2,0.0
24,2026-04-27T08:14:24.501Z,S20260427_091422,SC01,AUTO,,1.892,0.0601,start,0,1500,VIDE,0.0,0.0,0.0,0.0,0.0,0.0,0,0,0.0,0.0,0.0,0.0,0.0,0.0,0.2,2.0,1.0,0.05,1,0.0,0.2,0.0
25,2026-04-27T08:14:24.561Z,S20260427_091422,SC01,AUTO,,1.9519,0.0599,start,0,1500,VIDE,0.0,0.0,0.0,0.0,0.0,0.0,0,0,0.0,0.0,0.0,0.0,0.0,0.0,0.2,2.0,1.0,0.05,1,0.0,0.2,0.0
26,2026-04-27T08:14:24.621Z,S20260427_091422,SC01,AUTO,,2.012,0.0601,start,0,1500,VIDE,0.0,0.0,0.0,0.0,0.0,0.0,0,0,0.0,0.0,0.0,0.0,0.0,0.0,0.2,2.0,1.0,0.05,1,0.0,0.2,0.0
27,2026-04-27T08:14:24.682Z,S20260427_091422,SC01,AUTO,,2.0724,0.0604,start,0,1500,VIDE,0.0,0.0,0.0,0.0,0.0,0.0,0,0,0.0,0.0,0.0,0.0,0.0,0.0,0.2,2.0,1.0,0.05,1,0.0,0.2,0.0
28,2026-04-27T08:14:24.743Z,S20260427_091422,SC01,AUTO,,2.134,0.0616,start,0,1500,VIDE,0.0,0.0,0.0,0.0,0.0,0.0,0,0,0.0,0.0,0.0,0.0,0.0,0.0,0.2,2.0,1.0,0.05,1,0.0,0.2,0.0
29,2026-04-27T08:14:24.811Z,S20260427_091422,SC01,AUTO,,2.202,0.068,start,0,1500,VIDE,0.0,0.0,0.0,0.0,0.0,0.0,0,0,0.0,0.0,0.0,0.0,0.0,0.0,0.2,2.0,1.0,0.05,1,0.0,0.2,0.0
30,2026-04-27T08:14:24.879Z,S20260427_091422,SC01,AUTO,,2.2695,0.0675,start,0,1500,VIDE,0.0,0.0,0.0,0.0,0.0,0.0,0,0,0.0,0.0,0.0,0.0,0.0,0.0,0.2,2.0,1.0,0.05,1,0.0,0.2,0.0
31,2026-04-27T08:14:24.941Z,S20260427_091422,SC01,AUTO,,2.3317,0.0623,start,0,1500,VIDE,0.0,0.0,0.0,0.0,0.0,0.0,0,0,0.0,0.0,0.0,0.0,0.0,0.0,0.2,2.0,1.0,0.05,1,0.0,0.2,0.0
32,2026-04-27T08:14:25.002Z,S20260427_091422,SC01,AUTO,,2.3932,0.0614,start,0,1500,VIDE,0.0,0.0,0.0,0.0,0.0,0.0,0,0,0.0,0.0,0.0,0.0,0.0,0.0,0.2,2.0,1.0,0.05,1,0.0,0.2,0.0
33,2026-04-27T08:14:25.062Z,S20260427_091422,SC01,AUTO,,2.4523,0.0592,start,0,1500,VIDE,0.0,0.0,0.0,0.0,0.0,0.0,0,0,0.0,0.0,0.0,0.0,0.0,0.0,0.2,2.0,1.0,0.05,1,0.0,0.2,0.0
34,2026-04-27T08:14:25.122Z,S20260427_091422,SC01,AUTO,,2.5127,0.0604,start,0,1500,VIDE,0.0,0.0,0.0,0.0,0.0,0.0,0,0,0.0,0.0,0.0,0.0,0.0,0.0,0.2,2.0,1.0,0.05,1,0.0,0.2,0.0
35,2026-04-27T08:14:25.386Z,S20260427_091422,SC01,AUTO,,2.777,0.2644,start,0,1500,VIDE,0.0,0.0,0.0,0.0,0.0,0.0,0,0,0.0,0.0,0.0,0.0,0.0,0.0,0.2,2.0,1.0,0.05,1,0.0,0.2,0.0
36,2026-04-27T08:14:25.441Z,S20260427_091422,SC01,AUTO,,2.832,0.055,start,0,1500,VIDE,0.0,0.0,0.0,0.0,0.0,0.0,0,0,0.0,0.0,0.0,0.0,0.0,0.0,0.2,2.0,1.0,0.05,1,0.0,0.2,0.0
37,2026-04-27T08:14:25.501Z,S20260427_091422,SC01,AUTO,,2.8918,0.0598,start,0,1500,VIDE,0.0,0.0,0.0,0.0,0.0,0.0,0,0,0.0,0.0,0.0,0.0,0.0,0.0,0.2,2.0,1.0,0.05,1,0.0,0.2,0.0
38,2026-04-27T08:14:25.561Z,S20260427_091422,SC01,AUTO,,2.9521,0.0603,start,0,1500,VIDE,0.0,0.0,0.0,0.0,0.0,0.0,0,0,0.0,0.0,0.0,0.0,0.0,0.0,0.2,2.0,1.0,0.05,1,0.0,0.2,0.0
39,2026-04-27T08:14:25.622Z,S20260427_091422,SC01,AUTO,,3.0131,0.061,start,0,1500,VIDE,0.0,0.0,0.0,0.0,0.0,0.0,0,0,0.0,0.0,0.0,0.0,0.0,0.0,0.2,2.0,1.0,0.05,1,0.0,0.2,0.0
40,2026-04-27T08:14:25.682Z,S20260427_091422,SC01,AUTO,,3.0724,0.0593,start,0,1500,VIDE,0.0,0.0,0.0,0.0,0.0,0.0,0,0,0.0,0.0,0.0,0.0,0.0,0.0,0.2,2.0,1.0,0.05,1,0.0,0.2,0.0
41,2026-04-27T08:14:25.747Z,S20260427_091422,SC01,AUTO,,3.1374,0.065,start,0,1500,VIDE,0.0,0.0,0.0,0.0,0.0,0.0,0,0,0.0,0.0,0.0,0.0,0.0,0.0,0.2,2.0,1.0,0.05,1,0.0,0.2,0.0
42,2026-04-27T08:14:25.808Z,S20260427_091422,SC01,AUTO,,3.199,0.0616,start,0,1500,VIDE,0.0,0.0,0.0,0.0,0.0,0.0,0,0,0.0,0.0,0.0,0.0,0.0,0.0,0.2,2.0,1.0,0.05,1,0.0,0.2,0.0
43,2026-04-27T08:14:25.870Z,S20260427_091422,SC01,AUTO,,3.2603,0.0613,start,0,1500,VIDE,0.0,0.0,0.0,0.0,0.0,0.0,0,0,0.0,0.0,0.0,0.0,0.0,0.0,0.2,2.0,1.0,0.05,1,0.0,0.2,0.0
44,2026-04-27T08:14:25.930Z,S20260427_091422,SC01,AUTO,,3.321,0.0606,start,0,1500,VIDE,0.0,0.0,0.0,0.0,0.0,0.0,0,0,0.0,0.0,0.0,0.0,0.0,0.0,0.2,2.0,1.0,0.05,1,0.0,0.2,0.0
45,2026-04-27T08:14:25.999Z,S20260427_091422,SC01,AUTO,,3.3895,0.0686,start,0,1500,VIDE,0.0,0.0,0.0,0.0,0.0,0.0,0,0,0.0,0.0,0.0,0.0,0.0,0.0,0.2,2.0,1.0,0.05,1,0.0,0.2,0.0
46,2026-04-27T08:14:26.061Z,S20260427_091422,SC01,AUTO,,3.4519,0.0624,start,0,1500,VIDE,0.0,0.0,0.0,0.0,0.0,0.0,0,0,0.0,0.0,0.0,0.0,0.0,0.0,0.2,2.0,1.0,0.05,1,0.0,0.2,0.0
47,2026-04-27T08:14:26.122Z,S20260427_091422,SC01,AUTO,,3.5122,0.0603,start,0,1500,VIDE,0.0,0.0,0.0,0.0,0.0,0.0,0,0,0.0,0.0,0.0,0.0,0.0,0.0,0.2,2.0,1.0,0.05,1,0.0,0.2,0.0
48,2026-04-27T08:14:26.181Z,S20260427_091422,SC01,AUTO,,3.5722,0.06,start,0,1500,VIDE,0.0,0.0,0.0,0.0,0.0,0.0,0,0,0.0,0.0,0.0,0.0,0.0,0.0,0.2,2.0,1.0,0.05,1,0.0,0.2,0.0
49,2026-04-27T08:14:26.248Z,S20260427_091422,SC01,AUTO,,3.6387,0.0666,start,0,1500,VIDE,0.0,0.0,0.0,0.0,0.0,0.0,0,0,0.0,0.0,0.0,0.0,0.0,0.0,0.2,2.0,1.0,0.05,1,0.0,0.2,0.0
50,2026-04-27T08:14:26.308Z,S20260427_091422,SC01,AUTO,,3.6987,0.06,start,0,1500,VIDE,0.0,0.0,0.0,0.0,0.0,0.0,0,0,0.0,0.0,0.0,0.0,0.0,0.0,0.2,2.0,1.0,0.05,1,0.0,0.2,0.0
51,2026-04-27T08:14:26.370Z,S20260427_091422,SC01,AUTO,,3.7602,0.0615,start,0,1500,VIDE,0.0,0.0,0.0,0.0,0.0,0.0,0,0,0.0,0.0,0.0,0.0,0.0,0.0,0.2,2.0,1.0,0.05,1,0.0,0.2,0.0
52,2026-04-27T08:14:26.431Z,S20260427_091422,SC01,AUTO,,3.8213,0.0611,start,0,1500,VIDE,0.0,0.0,0.0,0.0,0.0,0.0,0,0,0.0,0.0,0.0,0.0,0.0,0.0,0.2,2.0,1.0,0.05,1,0.0,0.2,0.0
53,2026-04-27T08:14:26.499Z,S20260427_091422,SC01,AUTO,,3.8901,0.0689,start,0,1500,VIDE,0.0,0.0,0.0,0.0,0.0,0.0,0,0,0.0,0.0,0.0,0.0,0.0,0.0,0.2,2.0,1.0,0.05,1,0.0,0.2,0.0
54,2026-04-27T08:14:26.561Z,S20260427_091422,SC01,AUTO,,3.9521,0.062,start,0,1500,VIDE,0.0,0.0,0.0,0.0,0.0,0.0,0,0,0.0,0.0,0.0,0.0,0.0,0.0,0.2,2.0,1.0,0.05,1,0.0,0.2,0.0
55,2026-04-27T08:14:26.622Z,S20260427_091422,SC01,AUTO,,4.0125,0.0603,start,0,1500,VIDE,0.0,0.0,0.0,0.0,0.0,0.0,0,0,0.0,0.0,0.0,0.0,0.0,0.0,0.2,2.0,1.0,0.05,1,0.0,0.2,0.0
56,2026-04-27T08:14:26.682Z,S20260427_091422,SC01,AUTO,,4.0725,0.06,start,0,1500,VIDE,0.0,0.0,0.0,0.0,0.0,0.0,0,0,0.0,0.0,0.0,0.0,0.0,0.0,0.2,2.0,1.0,0.05,1,0.0,0.2,0.0
57,2026-04-27T08:14:26.743Z,S20260427_091422,SC01,AUTO,,4.1341,0.0616,start,0,1500,VIDE,0.0,0.0,0.0,0.0,0.0,0.0,0,0,0.0,0.0,0.0,0.0,0.0,0.0,0.2,2.0,1.0,0.05,1,0.0,0.2,0.0
58,2026-04-27T08:14:26.811Z,S20260427_091422,SC01,AUTO,,4.2013,0.0672,start,0,1500,VIDE,0.0,0.0,0.0,0.0,0.0,0.0,0,0,0.0,0.0,0.0,0.0,0.0,0.0,0.2,2.0,1.0,0.05,1,0.0,0.2,0.0
59,2026-04-27T08:14:26.873Z,S20260427_091422,SC01,AUTO,,4.2636,0.0623,start,0,1500,VIDE,0.0,0.0,0.0,0.0,0.0,0.0,0,0,0.0,0.0,0.0,0.0,0.0,0.0,0.2,2.0,1.0,0.05,1,0.0,0.2,0.0
60,2026-04-27T08:14:26.934Z,S20260427_091422,SC01,AUTO,,4.3248,0.0612,start,0,1500,VIDE,0.0,0.0,0.0,0.0,0.0,0.0,0,0,0.0,0.0,0.0,0.0,0.0,0.0,0.2,2.0,1.0,0.05,1,0.0,0.2,0.0
61,2026-04-27T08:14:26.995Z,S20260427_091422,SC01,AUTO,,4.386,0.0612,start,0,1500,VIDE,0.0,0.0,0.0,0.0,0.0,0.0,0,0,0.0,0.0,0.0,0.0,0.0,0.0,0.2,2.0,1.0,0.05,1,0.0,0.2,0.0
62,2026-04-27T08:14:27.061Z,S20260427_091422,SC01,AUTO,,4.4521,0.0661,start,0,1500,VIDE,0.0,0.0,0.0,0.0,0.0,0.0,0,0,0.0,0.0,0.0,0.0,0.0,0.0,0.2,2.0,1.0,0.05,1,0.0,0.2,0.0
63,2026-04-27T08:14:27.121Z,S20260427_091422,SC01,AUTO,,4.512,0.0599,start,0,1500,VIDE,0.0,0.0,0.0,0.0,0.0,0.0,0,0,0.0,0.0,0.0,0.0,0.0,0.0,0.2,2.0,1.0,0.05,1,0.0,0.2,0.0
64,2026-04-27T08:14:27.181Z,S20260427_091422,SC01,AUTO,,4.5716,0.0596,start,0,1500,VIDE,0.0,0.0,0.0,0.0,0.0,0.0,0,0,0.0,0.0,0.0,0.0,0.0,0.0,0.2,2.0,1.0,0.05,1,0.0,0.2,0.0
65,2026-04-27T08:14:27.248Z,S20260427_091422,SC01,AUTO,,4.6386,0.0669,start,0,1500,VIDE,0.0,0.0,0.0,0.0,0.0,0.0,0,0,0.0,0.0,0.0,0.0,0.0,0.0,0.2,2.0,1.0,0.05,1,0.0,0.2,0.0
66,2026-04-27T08:14:27.309Z,S20260427_091422,SC01,AUTO,,4.6997,0.0612,start,0,1500,VIDE,0.0,0.0,0.0,0.0,0.0,0.0,0,0,0.0,0.0,0.0,0.0,0.0,0.0,0.2,2.0,1.0,0.05,1,0.0,0.2,0.0
67,2026-04-27T08:14:27.371Z,S20260427_091422,SC01,AUTO,,4.7618,0.062,start,0,1500,VIDE,0.0,0.0,0.0,0.0,0.0,0.0,0,0,0.0,0.0,0.0,0.0,0.0,0.0,0.2,2.0,1.0,0.05,1,0.0,0.2,0.0
68,2026-04-27T08:14:27.434Z,S20260427_091422,SC01,AUTO,,4.8242,0.0625,start,0,1500,VIDE,0.0,0.0,0.0,0.0,0.0,0.0,0,0,0.0,0.0,0.0,0.0,0.0,0.0,0.2,2.0,1.0,0.05,1,0.0,0.2,0.0
69,2026-04-27T08:14:27.495Z,S20260427_091422,SC01,AUTO,,4.8861,0.0619,start,0,1500,VIDE,0.0,0.0,0.0,0.0,0.0,0.0,0,0,0.0,0.0,0.0,0.0,0.0,0.0,0.2,2.0,1.0,0.05,1,0.0,0.2,0.0
70,2026-04-27T08:14:27.558Z,S20260427_091422,SC01,AUTO,,4.9486,0.0625,start,0,1500,VIDE,0.0,0.0,0.0,0.0,0.0,0.0,0,0,0.0,0.0,0.0,0.0,0.0,0.0,0.2,2.0,1.0,0.05,1,0.0,0.2,0.0
71,2026-04-27T08:14:27.619Z,S20260427_091422,SC01,AUTO,,5.0098,0.0611,start,0,1500,VIDE,0.0,0.0,0.0,0.0,0.0,0.0,0,0,0.0,0.0,0.0,0.0,0.0,0.0,0.2,2.0,1.0,0.05,1,0.0,0.2,0.0
72,2026-04-27T08:14:27.681Z,S20260427_091422,SC01,AUTO,,5.0721,0.0624,start,0,1500,VIDE,0.0,0.0,0.0,0.0,0.0,0.0,0,0,0.0,0.0,0.0,0.0,0.0,0.0,0.2,2.0,1.0,0.05,1,0.0,0.2,0.0
73,2026-04-27T08:14:27.744Z,S20260427_091422,SC01,AUTO,,5.1344,0.0622,start,0,1500,VIDE,0.0,0.0,0.0,0.0,0.0,0.0,0,0,0.0,0.0,0.0,0.0,0.0,0.0,0.2,2.0,1.0,0.05,1,0.0,0.2,0.0
74,2026-04-27T08:14:27.805Z,S20260427_091422,SC01,AUTO,,5.196,0.0616,start,0,1500,VIDE,0.0,0.0,0.0,0.0,0.0,0.0,0,0,0.0,0.0,0.0,0.0,0.0,0.0,0.2,2.0,1.0,0.05,1,0.0,0.2,0.0
75,2026-04-27T08:14:27.868Z,S20260427_091422,SC01,AUTO,,5.2591,0.0631,start,0,1500,VIDE,0.0,0.0,0.0,0.0,0.0,0.0,0,0,0.0,0.0,0.0,0.0,0.0,0.0,0.2,2.0,1.0,0.05,1,0.0,0.2,0.0
76,2026-04-27T08:14:27.932Z,S20260427_091422,SC01,AUTO,,5.3222,0.0631,start,0,1500,VIDE,0.0,0.0,0.0,0.0,0.0,0.0,0,0,0.0,0.0,0.0,0.0,0.0,0.0,0.2,2.0,1.0,0.05,1,0.0,0.2,0.0
77,2026-04-27T08:14:27.993Z,S20260427_091422,SC01,AUTO,,5.3837,0.0615,start,0,1500,VIDE,0.0,0.0,0.0,0.0,0.0,0.0,0,0,0.0,0.0,0.0,0.0,0.0,0.0,0.2,2.0,1.0,0.05,1,0.0,0.2,0.0
78,2026-04-27T08:14:28.061Z,S20260427_091422,SC01,AUTO,,5.4521,0.0684,start,0,1500,VIDE,0.0,0.0,0.0,0.0,0.0,0.0,0,0,0.0,0.0,0.0,0.0,0.0,0.0,0.2,2.0,1.0,0.05,1,0.0,0.2,0.0
79,2026-04-27T08:14:28.121Z,S20260427_091422,SC01,AUTO,,5.5116,0.0595,start,0,1500,VIDE,0.0,0.0,0.0,0.0,0.0,0.0,0,0,0.0,0.0,0.0,0.0,0.0,0.0,0.2,2.0,1.0,0.05,1,0.0,0.2,0.0
80,2026-04-27T08:14:28.181Z,S20260427_091422,SC01,AUTO,,5.5721,0.0605,start,0,1500,VIDE,0.0,0.0,0.0,0.0,0.0,0.0,0,0,0.0,0.0,0.0,0.0,0.0,0.0,0.2,2.0,1.0,0.05,1,0.0,0.2,0.0
81,2026-04-27T08:14:28.244Z,S20260427_091422,SC01,AUTO,,5.6346,0.0624,start,0,1500,VIDE,0.0,0.0,0.0,0.0,0.0,0.0,0,0,0.0,0.0,0.0,0.0,0.0,0.0,0.2,2.0,1.0,0.05,1,0.0,0.2,0.0
82,2026-04-27T08:14:28.309Z,S20260427_091422,SC01,AUTO,,5.6999,0.0654,start,0,1500,VIDE,0.0,0.0,0.0,0.0,0.0,0.0,0,0,0.0,0.0,0.0,0.0,0.0,0.0,0.2,2.0,1.0,0.05,1,0.0,0.2,0.0
83,2026-04-27T08:14:28.381Z,S20260427_091422,SC01,AUTO,,5.7718,0.0719,start,0,1500,VIDE,0.0,0.0,0.0,0.0,0.0,0.0,0,0,0.0,0.0,0.0,0.0,0.0,0.0,0.2,2.0,1.0,0.05,1,0.0,0.2,0.0
84,2026-04-27T08:14:28.443Z,S20260427_091422,SC01,AUTO,,5.834,0.0622,start,0,1500,VIDE,0.0,0.0,0.0,0.0,0.0,0.0,0,0,0.0,0.0,0.0,0.0,0.0,0.0,0.2,2.0,1.0,0.05,1,0.0,0.2,0.0
85,2026-04-27T08:14:28.493Z,S20260427_091422,SC01,AUTO,,5.8842,0.0502,start,0,1500,VIDE,0.0,0.0,0.0,0.0,0.0,0.0,0,0,0.0,0.0,0.0,0.0,0.0,0.0,0.2,2.0,1.0,0.05,1,0.0,0.2,0.0
86,2026-04-27T08:14:28.562Z,S20260427_091422,SC01,AUTO,,5.9524,0.0682,start,0,1500,VIDE,0.0,0.0,0.0,0.0,0.0,0.0,0,0,0.0,0.0,0.0,0.0,0.0,0.0,0.2,2.0,1.0,0.05,1,0.0,0.2,0.0
87,2026-04-27T08:14:28.622Z,S20260427_091422,SC01,AUTO,,6.0122,0.0598,start,0,1500,VIDE,0.0,0.0,0.0,0.0,0.0,0.0,0,0,0.0,0.0,0.0,0.0,0.0,0.0,0.2,2.0,1.0,0.05,1,0.0,0.2,0.0
88,2026-04-27T08:14:28.682Z,S20260427_091422,SC01,AUTO,,6.0723,0.06,start,0,1500,VIDE,0.0,0.0,0.0,0.0,0.0,0.0,0,0,0.0,0.0,0.0,0.0,0.0,0.0,0.2,2.0,1.0,0.05,1,0.0,0.2,0.0
89,2026-04-27T08:14:28.754Z,S20260427_091422,SC01,AUTO,,6.1442,0.072,start,0,1500,VIDE,0.0,0.0,0.0,0.0,0.0,0.0,0,0,0.0,0.0,0.0,0.0,0.0,0.0,0.2,2.0,1.0,0.05,1,0.0,0.2,0.0
90,2026-04-27T08:14:28.815Z,S20260427_091422,SC01,AUTO,,6.2059,0.0616,start,0,1500,VIDE,0.0,0.0,0.0,0.0,0.0,0.0,0,0,0.0,0.0,0.0,0.0,0.0,0.0,0.2,2.0,1.0,0.05,1,0.0,0.2,0.0
91,2026-04-27T08:14:28.876Z,S20260427_091422,SC01,AUTO,,6.2671,0.0612,start,0,1500,VIDE,0.0,0.0,0.0,0.0,0.0,0.0,0,0,0.0,0.0,0.0,0.0,0.0,0.0,0.2,2.0,1.0,0.05,1,0.0,0.2,0.0
92,2026-04-27T08:14:28.931Z,S20260427_091422,SC01,AUTO,,6.3221,0.0551,start,0,1500,VIDE,0.0,0.0,0.0,0.0,0.0,0.0,0,0,0.0,0.0,0.0,0.0,0.0,0.0,0.2,2.0,1.0,0.05,1,0.0,0.2,0.0
93,2026-04-27T08:14:28.995Z,S20260427_091422,SC01,AUTO,,6.3856,0.0635,start,0,1500,VIDE,0.0,0.0,0.0,0.0,0.0,0.0,0,0,0.0,0.0,0.0,0.0,0.0,0.0,0.2,2.0,1.0,0.05,1,0.0,0.2,0.0
94,2026-04-27T08:14:29.059Z,S20260427_091422,SC01,AUTO,,6.4498,0.0642,start,0,1500,VIDE,0.0,0.0,0.0,0.0,0.0,0.0,0,0,0.0,0.0,0.0,0.0,0.0,0.0,0.2,2.0,1.0,0.05,1,0.0,0.2,0.0
95,2026-04-27T08:14:29.122Z,S20260427_091422,SC01,AUTO,,6.5126,0.0627,start,0,1500,VIDE,0.0,0.0,0.0,0.0,0.0,0.0,0,0,0.0,0.0,0.0,0.0,0.0,0.0,0.2,2.0,1.0,0.05,1,0.0,0.2,0.0
96,2026-04-27T08:14:29.181Z,S20260427_091422,SC01,AUTO,,6.5719,0.0594,start,0,1500,VIDE,0.0,0.0,0.0,0.0,0.0,0.0,0,0,0.0,0.0,0.0,0.0,0.0,0.0,0.2,2.0,1.0,0.05,1,0.0,0.2,0.0
97,2026-04-27T08:14:29.251Z,S20260427_091422,SC01,AUTO,,6.6421,0.0702,start,0,1500,VIDE,0.0,0.0,0.0,0.0,0.0,0.0,0,0,0.0,0.0,0.0,0.0,0.0,0.0,0.2,2.0,1.0,0.05,1,0.0,0.2,0.0
98,2026-04-27T08:14:29.314Z,S20260427_091422,SC01,AUTO,,6.705,0.0629,start,0,1500,VIDE,0.0,0.0,0.0,0.0,0.0,0.0,0,0,0.0,0.0,0.0,0.0,0.0,0.0,0.2,2.0,1.0,0.05,1,0.0,0.2,0.0
99,2026-04-27T08:14:29.376Z,S20260427_091422,SC01,AUTO,,6.7664,0.0614,start,0,1500,VIDE,0.0,0.0,0.0,0.0,0.0,0.0,0,0,0.0,0.0,0.0,0.0,0.0,0.0,0.2,2.0,1.0,0.05,1,0.0,0.2,0.0
100,2026-04-27T08:14:29.439Z,S20260427_091422,SC01,AUTO,,6.8294,0.063,start,0,1500,VIDE,0.0,0.0,0.0,0.0,0.0,0.0,0,0,0.0,0.0,0.0,0.0,0.0,0.0,0.2,2.0,1.0,0.05,1,0.0,0.2,0.0
101,2026-04-27T08:14:29.501Z,S20260427_091422,SC01,AUTO,,6.892,0.0626,start,0,1500,VIDE,0.0,0.0,0.0,0.0,0.0,0.0,0,0,0.0,0.0,0.0,0.0,0.0,0.0,0.2,2.0,1.0,0.05,1,0.0,0.2,0.0
102,2026-04-27T08:14:29.555Z,S20260427_091422,SC01,AUTO,,6.9458,0.0538,start,0,1500,VIDE,0.0,0.0,0.0,0.0,0.0,0.0,0,0,0.0,0.0,0.0,0.0,0.0,0.0,0.2,2.0,1.0,0.05,1,0.0,0.2,0.0
103,2026-04-27T08:14:29.619Z,S20260427_091422,SC01,AUTO,,7.0102,0.0644,start,0,1500,VIDE,0.0,0.0,0.0,0.0,0.0,0.0,0,0,0.0,0.0,0.0,0.0,0.0,0.0,0.2,2.0,1.0,0.05,1,0.0,0.2,0.0
104,2026-04-27T08:14:29.681Z,S20260427_091422,SC01,AUTO,,7.0718,0.0616,start,0,1500,VIDE,0.0,0.0,0.0,0.0,0.0,0.0,0,0,0.0,0.0,0.0,0.0,0.0,0.0,0.2,2.0,1.0,0.05,1,0.0,0.2,0.0
105,2026-04-27T08:14:29.747Z,S20260427_091422,SC01,AUTO,,7.1373,0.0655,start,0,1500,VIDE,0.0,0.0,0.0,0.0,0.0,0.0,0,0,0.0,0.0,0.0,0.0,0.0,0.0,0.2,2.0,1.0,0.05,1,0.0,0.2,0.0
106,2026-04-27T08:14:29.811Z,S20260427_091422,SC01,AUTO,,7.2014,0.0641,start,0,1500,VIDE,0.0,0.0,0.0,0.0,0.0,0.0,0,0,0.0,0.0,0.0,0.0,0.0,0.0,0.2,2.0,1.0,0.05,1,0.0,0.2,0.0
107,2026-04-27T08:14:29.876Z,S20260427_091422,SC01,AUTO,,7.2662,0.0648,start,0,1500,VIDE,0.0,0.0,0.0,0.0,0.0,0.0,0,0,0.0,0.0,0.0,0.0,0.0,0.0,0.2,2.0,1.0,0.05,1,0.0,0.2,0.0
108,2026-04-27T08:14:29.939Z,S20260427_091422,SC01,AUTO,,7.3301,0.0639,start,0,1500,VIDE,0.0,0.0,0.0,0.0,0.0,0.0,0,0,0.0,0.0,0.0,0.0,0.0,0.0,0.2,2.0,1.0,0.05,1,0.0,0.2,0.0
109,2026-04-27T08:14:30.002Z,S20260427_091422,SC01,AUTO,,7.3926,0.0625,start,0,1500,VIDE,0.0,0.0,0.0,0.0,0.0,0.0,0,0,0.0,0.0,0.0,0.0,0.0,0.0,0.2,2.0,1.0,0.05,1,0.0,0.2,0.0
110,2026-04-27T08:14:30.061Z,S20260427_091422,SC01,AUTO,,7.4516,0.059,start,0,1500,VIDE,0.0,0.0,0.0,0.0,0.0,0.0,0,0,0.0,0.0,0.0,0.0,0.0,0.0,0.2,2.0,1.0,0.05,1,0.0,0.2,0.0
111,2026-04-27T08:14:30.121Z,S20260427_091422,SC01,AUTO,,7.5116,0.06,start,0,1500,VIDE,0.0,0.0,0.0,0.0,0.0,0.0,0,0,0.0,0.0,0.0,0.0,0.0,0.0,0.2,2.0,1.0,0.05,1,0.0,0.2,0.0
112,2026-04-27T08:14:30.181Z,S20260427_091422,SC01,AUTO,,7.5717,0.0601,start,0,1500,VIDE,0.0,0.0,0.0,0.0,0.0,0.0,0,0,0.0,0.0,0.0,0.0,0.0,0.0,0.2,2.0,1.0,0.05,1,0.0,0.2,0.0
113,2026-04-27T08:14:30.243Z,S20260427_091422,SC01,AUTO,,7.6338,0.0621,start,0,1500,VIDE,0.0,0.0,0.0,0.0,0.0,0.0,0,0,0.0,0.0,0.0,0.0,0.0,0.0,0.2,2.0,1.0,0.05,1,0.0,0.2,0.0
114,2026-04-27T08:14:30.307Z,S20260427_091422,SC01,AUTO,,7.6973,0.0635,start,0,1500,VIDE,0.0,0.0,0.0,0.0,0.0,0.0,0,0,0.0,0.0,0.0,0.0,0.0,0.0,0.2,2.0,1.0,0.05,1,0.0,0.2,0.0
115,2026-04-27T08:14:30.369Z,S20260427_091422,SC01,AUTO,,7.7598,0.0625,start,0,1500,VIDE,0.0,0.0,0.0,0.0,0.0,0.0,0,0,0.0,0.0,0.0,0.0,0.0,0.0,0.2,2.0,1.0,0.05,1,0.0,0.2,0.0
116,2026-04-27T08:14:30.435Z,S20260427_091422,SC01,AUTO,,7.8254,0.0656,start,0,1500,VIDE,0.0,0.0,0.0,0.0,0.0,0.0,0,0,0.0,0.0,0.0,0.0,0.0,0.0,0.2,2.0,1.0,0.05,1,0.0,0.2,0.0
117,2026-04-27T08:14:30.499Z,S20260427_091422,SC01,AUTO,,7.8901,0.0647,start,0,1500,VIDE,0.0,0.0,0.0,0.0,0.0,0.0,0,0,0.0,0.0,0.0,0.0,0.0,0.0,0.2,2.0,1.0,0.05,1,0.0,0.2,0.0
118,2026-04-27T08:14:30.562Z,S20260427_091422,SC01,AUTO,,7.9525,0.0624,start,0,1500,VIDE,0.0,0.0,0.0,0.0,0.0,0.0,0,0,0.0,0.0,0.0,0.0,0.0,0.0,0.2,2.0,1.0,0.05,1,0.0,0.2,0.0
119,2026-04-27T08:14:30.622Z,S20260427_091422,SC01,AUTO,,8.0125,0.0599,start,0,1500,VIDE,0.0,0.0,0.0,0.0,0.0,0.0,0,0,0.0,0.0,0.0,0.0,0.0,0.0,0.2,2.0,1.0,0.05,1,0.0,0.2,0.0
120,2026-04-27T08:14:30.681Z,S20260427_091422,SC01,AUTO,,8.0714,0.0589,start,0,1500,VIDE,0.0,0.0,0.0,0.0,0.0,0.0,0,0,0.0,0.0,0.0,0.0,0.0,0.0,0.2,2.0,1.0,0.05,1,0.0,0.2,0.0
121,2026-04-27T08:14:30.744Z,S20260427_091422,SC01,AUTO,,8.1351,0.0636,start,0,1500,VIDE,0.0,0.0,0.0,0.0,0.0,0.0,0,0,0.0,0.0,0.0,0.0,0.0,0.0,0.2,2.0,1.0,0.05,1,0.0,0.2,0.0
122,2026-04-27T08:14:30.808Z,S20260427_091422,SC01,AUTO,,8.1984,0.0634,start,0,1500,VIDE,0.0,0.0,0.0,0.0,0.0,0.0,0,0,0.0,0.0,0.0,0.0,0.0,0.0,0.2,2.0,1.0,0.05,1,0.0,0.2,0.0
123,2026-04-27T08:14:30.869Z,S20260427_091422,SC01,AUTO,,8.2593,0.0608,start,0,1500,VIDE,0.0,0.0,0.0,0.0,0.0,0.0,0,0,0.0,0.0,0.0,0.0,0.0,0.0,0.2,2.0,1.0,0.05,1,0.0,0.2,0.0
124,2026-04-27T08:14:30.931Z,S20260427_091422,SC01,AUTO,,8.3217,0.0625,start,0,1500,VIDE,0.0,0.0,0.0,0.0,0.0,0.0,0,0,0.0,0.0,0.0,0.0,0.0,0.0,0.2,2.0,1.0,0.05,1,0.0,0.2,0.0
125,2026-04-27T08:14:30.995Z,S20260427_091422,SC01,AUTO,,8.3854,0.0637,start,0,1500,VIDE,0.0,0.0,0.0,0.0,0.0,0.0,0,0,0.0,0.0,0.0,0.0,0.0,0.0,0.2,2.0,1.0,0.05,1,0.0,0.2,0.0
126,2026-04-27T08:14:31.057Z,S20260427_091422,SC01,AUTO,,8.4473,0.0619,start,0,1500,VIDE,0.0,0.0,0.0,0.0,0.0,0.0,0,0,0.0,0.0,0.0,0.0,0.0,0.0,0.2,2.0,1.0,0.05,1,0.0,0.2,0.0
127,2026-04-27T08:14:31.121Z,S20260427_091422,SC01,AUTO,,8.5114,0.0641,start,0,1500,VIDE,0.0,0.0,0.0,0.0,0.0,0.0,0,0,0.0,0.0,0.0,0.0,0.0,0.0,0.2,2.0,1.0,0.05,1,0.0,0.2,0.0
128,2026-04-27T08:14:31.181Z,S20260427_091422,SC01,AUTO,,8.5719,0.0604,start,0,1500,VIDE,0.0,0.0,0.0,0.0,0.0,0.0,0,0,0.0,0.0,0.0,0.0,0.0,0.0,0.2,2.0,1.0,0.05,1,0.0,0.2,0.0
129,2026-04-27T08:14:31.246Z,S20260427_091422,SC01,AUTO,,8.6369,0.065,start,0,1500,VIDE,0.0,0.0,0.0,0.0,0.0,0.0,0,0,0.0,0.0,0.0,0.0,0.0,0.0,0.2,2.0,1.0,0.05,1,0.0,0.2,0.0
130,2026-04-27T08:14:31.310Z,S20260427_091422,SC01,AUTO,,8.7004,0.0636,start,0,1500,VIDE,0.0,0.0,0.0,0.0,0.0,0.0,0,0,0.0,0.0,0.0,0.0,0.0,0.0,0.2,2.0,1.0,0.05,1,0.0,0.2,0.0
131,2026-04-27T08:14:31.372Z,S20260427_091422,SC01,AUTO,,8.763,0.0625,start,0,1500,VIDE,0.0,0.0,0.0,0.0,0.0,0.0,0,0,0.0,0.0,0.0,0.0,0.0,0.0,0.2,2.0,1.0,0.05,1,0.0,0.2,0.0
132,2026-04-27T08:14:31.435Z,S20260427_091422,SC01,AUTO,,8.8261,0.0632,start,0,1500,VIDE,0.0,0.0,0.0,0.0,0.0,0.0,0,0,0.0,0.0,0.0,0.0,0.0,0.0,0.2,2.0,1.0,0.05,1,0.0,0.2,0.0
133,2026-04-27T08:14:31.498Z,S20260427_091422,SC01,AUTO,,8.8886,0.0626,start,0,1500,VIDE,0.0,0.0,0.0,0.0,0.0,0.0,0,0,0.0,0.0,0.0,0.0,0.0,0.0,0.2,2.0,1.0,0.05,1,0.0,0.2,0.0
134,2026-04-27T08:14:31.561Z,S20260427_091422,SC01,AUTO,,8.9519,0.0633,start,0,1500,VIDE,0.0,0.0,0.0,0.0,0.0,0.0,0,0,0.0,0.0,0.0,0.0,0.0,0.0,0.2,2.0,1.0,0.05,1,0.0,0.2,0.0
135,2026-04-27T08:14:31.622Z,S20260427_091422,SC01,AUTO,,9.0123,0.0604,start,0,1500,VIDE,0.0,0.0,0.0,0.0,0.0,0.0,0,0,0.0,0.0,0.0,0.0,0.0,0.0,0.2,2.0,1.0,0.05,1,0.0,0.2,0.0
136,2026-04-27T08:14:31.681Z,S20260427_091422,SC01,AUTO,,9.0721,0.0598,start,0,1500,VIDE,0.0,0.0,0.0,0.0,0.0,0.0,0,0,0.0,0.0,0.0,0.0,0.0,0.0,0.2,2.0,1.0,0.05,1,0.0,0.2,0.0
137,2026-04-27T08:14:31.750Z,S20260427_091422,SC01,AUTO,,9.1403,0.0682,start,0,1500,VIDE,0.0,0.0,0.0,0.0,0.0,0.0,0,0,0.0,0.0,0.0,0.0,0.0,0.0,0.2,2.0,1.0,0.05,1,0.0,0.2,0.0
138,2026-04-27T08:14:31.812Z,S20260427_091422,SC01,AUTO,,9.2024,0.062,start,0,1500,VIDE,0.0,0.0,0.0,0.0,0.0,0.0,0,0,0.0,0.0,0.0,0.0,0.0,0.0,0.2,2.0,1.0,0.05,1,0.0,0.2,0.0
139,2026-04-27T08:14:31.874Z,S20260427_091422,SC01,AUTO,,9.2648,0.0624,start,0,1500,VIDE,0.0,0.0,0.0,0.0,0.0,0.0,0,0,0.0,0.0,0.0,0.0,0.0,0.0,0.2,2.0,1.0,0.05,1,0.0,0.2,0.0
140,2026-04-27T08:14:31.936Z,S20260427_091422,SC01,AUTO,,9.3266,0.0618,start,0,1500,VIDE,0.0,0.0,0.0,0.0,0.0,0.0,0,0,0.0,0.0,0.0,0.0,0.0,0.0,0.2,2.0,1.0,0.05,1,0.0,0.2,0.0
141,2026-04-27T08:14:31.995Z,S20260427_091422,SC01,AUTO,,9.3854,0.0588,start,0,1500,VIDE,0.0,0.0,0.0,0.0,0.0,0.0,0,0,0.0,0.0,0.0,0.0,0.0,0.0,0.2,2.0,1.0,0.05,1,0.0,0.2,0.0
142,2026-04-27T08:14:32.060Z,S20260427_091422,SC01,AUTO,,9.4506,0.0652,start,0,1500,VIDE,0.0,0.0,0.0,0.0,0.0,0.0,0,0,0.0,0.0,0.0,0.0,0.0,0.0,0.2,2.0,1.0,0.05,1,0.0,0.2,0.0
143,2026-04-27T08:14:32.122Z,S20260427_091422,SC01,AUTO,,9.5129,0.0622,start,0,1500,VIDE,0.0,0.0,0.0,0.0,0.0,0.0,0,0,0.0,0.0,0.0,0.0,0.0,0.0,0.2,2.0,1.0,0.05,1,0.0,0.2,0.0
144,2026-04-27T08:14:32.182Z,S20260427_091422,SC01,AUTO,,9.5724,0.0595,start,0,1500,VIDE,0.0,0.0,0.0,0.0,0.0,0.0,0,0,0.0,0.0,0.0,0.0,0.0,0.0,0.2,2.0,1.0,0.05,1,0.0,0.2,0.0
145,2026-04-27T08:14:32.247Z,S20260427_091422,SC01,AUTO,,9.6381,0.0657,start,0,1500,VIDE,0.0,0.0,0.0,0.0,0.0,0.0,0,0,0.0,0.0,0.0,0.0,0.0,0.0,0.2,2.0,1.0,0.05,1,0.0,0.2,0.0
146,2026-04-27T08:14:32.312Z,S20260427_091422,SC01,AUTO,,9.7023,0.0642,start,0,1500,VIDE,0.0,0.0,0.0,0.0,0.0,0.0,0,0,0.0,0.0,0.0,0.0,0.0,0.0,0.2,2.0,1.0,0.05,1,0.0,0.2,0.0
147,2026-04-27T08:14:32.374Z,S20260427_091422,SC01,AUTO,,9.7644,0.0621,start,0,1500,VIDE,0.0,0.0,0.0,0.0,0.0,0.0,0,0,0.0,0.0,0.0,0.0,0.0,0.0,0.2,2.0,1.0,0.05,1,0.0,0.2,0.0
148,2026-04-27T08:14:32.435Z,S20260427_091422,SC01,AUTO,,9.8261,0.0617,start,0,1500,VIDE,0.0,0.0,0.0,0.0,0.0,0.0,0,0,0.0,0.0,0.0,0.0,0.0,0.0,0.2,2.0,1.0,0.05,1,0.0,0.2,0.0
149,2026-04-27T08:14:32.498Z,S20260427_091422,SC01,AUTO,,9.8886,0.0625,start,0,1500,VIDE,0.0,0.0,0.0,0.0,0.0,0.0,0,0,0.0,0.0,0.0,0.0,0.0,0.0,0.2,2.0,1.0,0.05,1,0.0,0.2,0.0
150,2026-04-27T08:14:32.560Z,S20260427_091422,SC01,AUTO,,9.9512,0.0626,start,0,1500,VIDE,0.0,0.0,0.0,0.0,0.0,0.0,0,0,0.0,0.0,0.0,0.0,0.0,0.0,0.2,2.0,1.0,0.05,1,0.0,0.2,0.0
151,2026-04-27T08:14:32.623Z,S20260427_091422,SC01,AUTO,,10.0141,0.063,start,0,1500,VIDE,0.0,0.0,0.0,0.0,0.0,0.0,0,0,0.0,0.0,0.0,0.0,0.0,0.0,0.2,2.0,1.0,0.05,1,0.0,0.2,0.0
152,2026-04-27T08:14:32.681Z,S20260427_091422,SC01,AUTO,,10.072,0.0579,start,0,1500,VIDE,0.0,0.0,0.0,0.0,0.0,0.0,0,0,0.0,0.0,0.0,0.0,0.0,0.0,0.2,2.0,1.0,0.05,1,0.0,0.2,0.0
153,2026-04-27T08:14:32.747Z,S20260427_091422,SC01,AUTO,,10.1379,0.0659,start,0,1500,VIDE,0.0,0.0,0.0,0.0,0.0,0.0,0,0,0.0,0.0,0.0,0.0,0.0,0.0,0.2,2.0,1.0,0.05,1,0.0,0.2,0.0
154,2026-04-27T08:14:32.809Z,S20260427_091422,SC01,AUTO,,10.1996,0.0618,start,0,1500,VIDE,0.0,0.0,0.0,0.0,0.0,0.0,0,0,0.0,0.0,0.0,0.0,0.0,0.0,0.2,2.0,1.0,0.05,1,0.0,0.2,0.0
155,2026-04-27T08:14:32.870Z,S20260427_091422,SC01,AUTO,,10.2605,0.0608,start,0,1500,VIDE,0.0,0.0,0.0,0.0,0.0,0.0,0,0,0.0,0.0,0.0,0.0,0.0,0.0,0.2,2.0,1.0,0.05,1,0.0,0.2,0.0
156,2026-04-27T08:14:32.934Z,S20260427_091422,SC01,AUTO,,10.3242,0.0637,start,0,1500,VIDE,0.0,0.0,0.0,0.0,0.0,0.0,0,0,0.0,0.0,0.0,0.0,0.0,0.0,0.2,2.0,1.0,0.05,1,0.0,0.2,0.0
157,2026-04-27T08:14:32.998Z,S20260427_091422,SC01,AUTO,,10.3888,0.0645,start,0,1500,VIDE,0.0,0.0,0.0,0.0,0.0,0.0,0,0,0.0,0.0,0.0,0.0,0.0,0.0,0.2,2.0,1.0,0.05,1,0.0,0.2,0.0
158,2026-04-27T08:14:33.059Z,S20260427_091422,SC01,AUTO,,10.4496,0.0609,start,0,1500,VIDE,0.0,0.0,0.0,0.0,0.0,0.0,0,0,0.0,0.0,0.0,0.0,0.0,0.0,0.2,2.0,1.0,0.05,1,0.0,0.2,0.0
159,2026-04-27T08:14:33.119Z,S20260427_091422,SC01,AUTO,,10.5098,0.0601,start,0,1500,VIDE,0.0,0.0,0.0,0.0,0.0,0.0,0,0,0.0,0.0,0.0,0.0,0.0,0.0,0.2,2.0,1.0,0.05,1,0.0,0.2,0.0
160,2026-04-27T08:14:33.181Z,S20260427_091422,SC01,AUTO,,10.572,0.0623,start,0,1500,VIDE,0.0,0.0,0.0,0.0,0.0,0.0,0,0,0.0,0.0,0.0,0.0,0.0,0.0,0.2,2.0,1.0,0.05,1,0.0,0.2,0.0
161,2026-04-27T08:14:33.244Z,S20260427_091422,SC01,AUTO,,10.6345,0.0624,start,0,1500,VIDE,0.0,0.0,0.0,0.0,0.0,0.0,0,0,0.0,0.0,0.0,0.0,0.0,0.0,0.2,2.0,1.0,0.05,1,0.0,0.2,0.0
162,2026-04-27T08:14:33.308Z,S20260427_091422,SC01,AUTO,,10.6987,0.0642,start,0,1500,VIDE,0.0,0.0,0.0,0.0,0.0,0.0,0,0,0.0,0.0,0.0,0.0,0.0,0.0,0.2,2.0,1.0,0.05,1,0.0,0.2,0.0
163,2026-04-27T08:14:33.370Z,S20260427_091422,SC01,AUTO,,10.7606,0.0619,start,0,1500,VIDE,0.0,0.0,0.0,0.0,0.0,0.0,0,0,0.0,0.0,0.0,0.0,0.0,0.0,0.2,2.0,1.0,0.05,1,0.0,0.2,0.0
164,2026-04-27T08:14:33.432Z,S20260427_091422,SC01,AUTO,,10.823,0.0624,start,0,1500,VIDE,0.0,0.0,0.0,0.0,0.0,0.0,0,0,0.0,0.0,0.0,0.0,0.0,0.0,0.2,2.0,1.0,0.05,1,0.0,0.2,0.0
165,2026-04-27T08:14:33.494Z,S20260427_091422,SC01,AUTO,,10.8852,0.0621,start,0,1500,VIDE,0.0,0.0,0.0,0.0,0.0,0.0,0,0,0.0,0.0,0.0,0.0,0.0,0.0,0.2,2.0,1.0,0.05,1,0.0,0.2,0.0
166,2026-04-27T08:14:33.557Z,S20260427_091422,SC01,AUTO,,10.9474,0.0623,start,0,1500,VIDE,0.0,0.0,0.0,0.0,0.0,0.0,0,0,0.0,0.0,0.0,0.0,0.0,0.0,0.2,2.0,1.0,0.05,1,0.0,0.2,0.0
167,2026-04-27T08:14:34.644Z,S20260427_091422,SC01,AUTO,,12.0345,1.0871,start,0,1500,VIDE,0.0,0.0,0.0,0.0,0.0,0.0,0,0,0.0,0.0,0.0,0.0,0.0,0.0,0.2,2.0,1.0,0.05,1,0.0,0.2,0.0
168,2026-04-27T08:14:34.681Z,S20260427_091422,SC01,AUTO,,12.0718,0.0373,start,0,1500,VIDE,0.0,0.0,0.0,0.0,0.0,0.0,0,0,0.0,0.0,0.0,0.0,0.0,0.0,0.2,2.0,1.0,0.05,1,0.0,0.2,0.0
169,2026-04-27T08:14:34.745Z,S20260427_091422,SC01,AUTO,,12.1359,0.064,start,0,1500,VIDE,0.0,0.0,0.0,0.0,0.0,0.0,0,0,0.0,0.0,0.0,0.0,0.0,0.0,0.2,2.0,1.0,0.05,1,0.0,0.2,0.0
170,2026-04-27T08:14:34.807Z,S20260427_091422,SC01,AUTO,,12.1982,0.0624,start,0,1500,VIDE,0.0,0.0,0.0,0.0,0.0,0.0,0,0,0.0,0.0,0.0,0.0,0.0,0.0,0.2,2.0,1.0,0.05,1,0.0,0.2,0.0
171,2026-04-27T08:14:34.875Z,S20260427_091422,SC01,AUTO,,12.2655,0.0672,start,0,1500,VIDE,0.0,0.0,0.0,0.0,0.0,0.0,0,0,0.0,0.0,0.0,0.0,0.0,0.0,0.2,2.0,1.0,0.05,1,0.0,0.2,0.0
172,2026-04-27T08:14:34.936Z,S20260427_091422,SC01,AUTO,,12.3263,0.0609,start,0,1500,VIDE,0.0,0.0,0.0,0.0,0.0,0.0,0,0,0.0,0.0,0.0,0.0,0.0,0.0,0.2,2.0,1.0,0.05,1,0.0,0.2,0.0
173,2026-04-27T08:14:34.998Z,S20260427_091422,SC01,AUTO,,12.3886,0.0623,start,0,1500,VIDE,0.0,0.0,0.0,0.0,0.0,0.0,0,0,0.0,0.0,0.0,0.0,0.0,0.0,0.2,2.0,1.0,0.05,1,0.0,0.2,0.0
174,2026-04-27T08:14:35.059Z,S20260427_091422,SC01,AUTO,,12.4499,0.0613,start,0,1500,VIDE,0.0,0.0,0.0,0.0,0.0,0.0,0,0,0.0,0.0,0.0,0.0,0.0,0.0,0.2,2.0,1.0,0.05,1,0.0,0.2,0.0
175,2026-04-27T08:14:35.121Z,S20260427_091422,SC01,AUTO,,12.5122,0.0623,start,0,1500,VIDE,0.0,0.0,0.0,0.0,0.0,0.0,0,0,0.0,0.0,0.0,0.0,0.0,0.0,0.2,2.0,1.0,0.05,1,0.0,0.2,0.0
176,2026-04-27T08:14:35.181Z,S20260427_091422,SC01,AUTO,,12.5717,0.0596,start,0,1500,VIDE,0.0,0.0,0.0,0.0,0.0,0.0,0,0,0.0,0.0,0.0,0.0,0.0,0.0,0.2,2.0,1.0,0.05,1,0.0,0.2,0.0
177,2026-04-27T08:14:35.247Z,S20260427_091422,SC01,AUTO,,12.638,0.0663,start,0,1500,VIDE,0.0,0.0,0.0,0.0,0.0,0.0,0,0,0.0,0.0,0.0,0.0,0.0,0.0,0.2,2.0,1.0,0.05,1,0.0,0.2,0.0
178,2026-04-27T08:14:35.310Z,S20260427_091422,SC01,AUTO,,12.7011,0.063,start,0,1500,VIDE,0.0,0.0,0.0,0.0,0.0,0.0,0,0,0.0,0.0,0.0,0.0,0.0,0.0,0.2,2.0,1.0,0.05,1,0.0,0.2,0.0
179,2026-04-27T08:14:35.374Z,S20260427_091422,SC01,AUTO,,12.7642,0.0632,start,0,1500,VIDE,0.0,0.0,0.0,0.0,0.0,0.0,0,0,0.0,0.0,0.0,0.0,0.0,0.0,0.2,2.0,1.0,0.05,1,0.0,0.2,0.0
180,2026-04-27T08:14:35.435Z,S20260427_091422,SC01,AUTO,,12.8256,0.0614,start,0,1500,VIDE,0.0,0.0,0.0,0.0,0.0,0.0,0,0,0.0,0.0,0.0,0.0,0.0,0.0,0.2,2.0,1.0,0.05,1,0.0,0.2,0.0
181,2026-04-27T08:14:35.497Z,S20260427_091422,SC01,AUTO,,12.8876,0.062,start,0,1500,VIDE,0.0,0.0,0.0,0.0,0.0,0.0,0,0,0.0,0.0,0.0,0.0,0.0,0.0,0.2,2.0,1.0,0.05,1,0.0,0.2,0.0
182,2026-04-27T08:14:35.560Z,S20260427_091422,SC01,AUTO,,12.9504,0.0626,start,0,1500,VIDE,0.0,0.0,0.0,0.0,0.0,0.0,0,0,0.0,0.0,0.0,0.0,0.0,0.0,0.2,2.0,1.0,0.05,1,0.0,0.2,0.0
183,2026-04-27T08:14:35.622Z,S20260427_091422,SC01,AUTO,,13.0129,0.0627,start,0,1500,VIDE,0.0,0.0,0.0,0.0,0.0,0.0,0,0,0.0,0.0,0.0,0.0,0.0,0.0,0.2,2.0,1.0,0.05,1,0.0,0.2,0.0
184,2026-04-27T08:14:35.681Z,S20260427_091422,SC01,AUTO,,13.0722,0.0593,start,0,1500,VIDE,0.0,0.0,0.0,0.0,0.0,0.0,0,0,0.0,0.0,0.0,0.0,0.0,0.0,0.2,2.0,1.0,0.05,1,0.0,0.2,0.0
185,2026-04-27T08:14:35.745Z,S20260427_091422,SC01,AUTO,,13.1358,0.0636,start,0,1500,VIDE,0.0,0.0,0.0,0.0,0.0,0.0,0,0,0.0,0.0,0.0,0.0,0.0,0.0,0.2,2.0,1.0,0.05,1,0.0,0.2,0.0
186,2026-04-27T08:14:35.807Z,S20260427_091422,SC01,AUTO,,13.1973,0.0614,start,0,1500,VIDE,0.0,0.0,0.0,0.0,0.0,0.0,0,0,0.0,0.0,0.0,0.0,0.0,0.0,0.2,2.0,1.0,0.05,1,0.0,0.2,0.0
187,2026-04-27T08:14:35.869Z,S20260427_091422,SC01,AUTO,,13.2601,0.0627,start,0,1500,VIDE,0.0,0.0,0.0,0.0,0.0,0.0,0,0,0.0,0.0,0.0,0.0,0.0,0.0,0.2,2.0,1.0,0.05,1,0.0,0.2,0.0
188,2026-04-27T08:14:35.941Z,S20260427_091422,SC01,AUTO,,13.3318,0.0719,start,0,1500,VIDE,0.0,0.0,0.0,0.0,0.0,0.0,0,0,0.0,0.0,0.0,0.0,0.0,0.0,0.2,2.0,1.0,0.05,1,0.0,0.2,0.0
189,2026-04-27T08:14:36.002Z,S20260427_091422,SC01,AUTO,,13.3929,0.0611,start,0,1500,VIDE,0.0,0.0,0.0,0.0,0.0,0.0,0,0,0.0,0.0,0.0,0.0,0.0,0.0,0.2,2.0,1.0,0.05,1,0.0,0.2,0.0
190,2026-04-27T08:14:36.062Z,S20260427_091422,SC01,AUTO,,13.4529,0.0599,start,0,1500,VIDE,0.0,0.0,0.0,0.0,0.0,0.0,0,0,0.0,0.0,0.0,0.0,0.0,0.0,0.2,2.0,1.0,0.05,1,0.0,0.2,0.0
191,2026-04-27T08:14:36.120Z,S20260427_091422,SC01,AUTO,,13.5106,0.0577,start,0,1500,VIDE,0.0,0.0,0.0,0.0,0.0,0.0,0,0,0.0,0.0,0.0,0.0,0.0,0.0,0.2,2.0,1.0,0.05,1,0.0,0.2,0.0
192,2026-04-27T08:14:36.183Z,S20260427_091422,SC01,AUTO,,13.5735,0.0629,start,0,1500,VIDE,0.0,0.0,0.0,0.0,0.0,0.0,0,0,0.0,0.0,0.0,0.0,0.0,0.0,0.2,2.0,1.0,0.05,1,0.0,0.2,0.0
193,2026-04-27T08:14:36.254Z,S20260427_091422,SC01,AUTO,,13.6445,0.071,start,0,1500,VIDE,0.0,0.0,0.0,0.0,0.0,0.0,0,0,0.0,0.0,0.0,0.0,0.0,0.0,0.2,2.0,1.0,0.05,1,0.0,0.2,0.0
194,2026-04-27T08:14:36.308Z,S20260427_091422,SC01,AUTO,,13.6987,0.0542,start,0,1500,VIDE,0.0,0.0,0.0,0.0,0.0,0.0,0,0,0.0,0.0,0.0,0.0,0.0,0.0,0.2,2.0,1.0,0.05,1,0.0,0.2,0.0
195,2026-04-27T08:14:36.370Z,S20260427_091422,SC01,AUTO,,13.7603,0.0616,start,0,1500,VIDE,0.0,0.0,0.0,0.0,0.0,0.0,0,0,0.0,0.0,0.0,0.0,0.0,0.0,0.2,2.0,1.0,0.05,1,0.0,0.2,0.0
196,2026-04-27T08:14:36.441Z,S20260427_091422,SC01,AUTO,,13.8316,0.0713,start,0,1500,VIDE,0.0,0.0,0.0,0.0,0.0,0.0,0,0,0.0,0.0,0.0,0.0,0.0,0.0,0.2,2.0,1.0,0.05,1,0.0,0.2,0.0
197,2026-04-27T08:14:36.502Z,S20260427_091422,SC01,AUTO,,13.8927,0.061,start,0,1500,VIDE,0.0,0.0,0.0,0.0,0.0,0.0,0,0,0.0,0.0,0.0,0.0,0.0,0.0,0.2,2.0,1.0,0.05,1,0.0,0.2,0.0
198,2026-04-27T08:14:36.562Z,S20260427_091422,SC01,AUTO,,13.9525,0.0599,start,0,1500,VIDE,0.0,0.0,0.0,0.0,-0.698132,-0.0,1,0,5380.736,0.671,0.0,0.0,0.0,0.0,0.2,2.0,1.0,0.05,1,0.0,0.2,0.0
199,2026-04-27T08:14:36.630Z,S20260427_091422,SC01,AUTO,,14.0207,0.0682,start,0,1500,VIDE,0.0,0.0,0.0,0.0,-0.698132,0.0,1,0,5362.915,19.894,0.0,0.0,0.0,0.0,0.2,2.0,1.0,0.05,1,0.0,0.2,0.0
200,2026-04-27T08:14:36.682Z,S20260427_091422,SC01,AUTO,,14.0724,0.0517,start,0,1500,VIDE,0.0,0.0,0.0,0.0,-0.698132,0.0,1,0,5345.134,19.208,0.0,0.0,0.0,0.0,0.2,2.0,1.0,0.05,1,0.0,0.2,0.0
201,2026-04-27T08:14:36.744Z,S20260427_091422,SC01,AUTO,,14.1343,0.0619,start,0,1500,VIDE,0.0,0.0,0.0,0.0,-0.698132,-0.0,1,0,5333.004,12.702,0.0,0.0,0.0,0.0,0.2,2.0,1.0,0.05,1,0.0,0.2,0.0
202,2026-04-27T08:14:36.818Z,S20260427_091422,SC01,AUTO,,14.2086,0.0743,start,0,1500,VIDE,0.0,0.0,0.0,0.0,-0.698132,-0.0,1,0,5240.684,19.889,0.0,0.0,0.0,0.0,0.2,2.0,1.0,0.05,1,0.0,0.2,0.0
203,2026-04-27T08:14:36.881Z,S20260427_091422,SC01,AUTO,,14.2715,0.0629,start,0,1500,VIDE,0.0,0.0,0.0,0.0,-0.698132,-0.0,1,0,5186.951,19.727,0.0,0.0,0.0,0.0,0.2,2.0,1.0,0.05,1,0.0,0.2,0.0
204,2026-04-27T08:14:36.941Z,S20260427_091422,SC01,AUTO,,14.3318,0.0603,start,0,1500,VIDE,0.0,0.0,0.0,0.0,-0.698132,-0.0,1,0,5135.298,19.5,0.0,0.0,0.0,0.0,0.2,2.0,1.0,0.05,1,0.0,0.2,0.0
205,2026-04-27T08:14:37.002Z,S20260427_091422,SC01,AUTO,,14.393,0.0612,start,0,1500,VIDE,0.0,0.0,0.0,0.0,-0.698132,-0.0,1,0,5078.953,20.211,0.0,0.0,0.0,0.0,0.2,2.0,1.0,0.05,1,0.0,0.2,0.0
206,2026-04-27T08:14:37.061Z,S20260427_091422,SC01,AUTO,,14.4522,0.0592,start,0,1500,VIDE,0.0,0.0,0.0,0.0,-0.698132,0.0,1,0,5053.836,19.787,0.0,0.0,0.0,0.0,0.2,2.0,1.0,0.05,1,0.0,0.2,0.0
207,2026-04-27T08:14:37.122Z,S20260427_091422,SC01,AUTO,,14.513,0.0609,start,0,1500,VIDE,0.0,0.0,0.0,0.0,-0.698132,0.0,1,0,4998.557,19.765,0.0,0.0,0.0,0.0,0.2,2.0,1.0,0.05,1,0.0,0.2,0.0
208,2026-04-27T08:14:37.181Z,S20260427_091422,SC01,AUTO,,14.5719,0.059,start,0,1500,VIDE,0.0,0.0,0.0,0.0,-0.698132,0.0,1,0,4945.36,19.073,0.0,0.0,0.0,0.0,0.2,2.0,1.0,0.05,1,0.0,0.2,0.0
209,2026-04-27T08:14:37.256Z,S20260427_091422,SC01,AUTO,,14.6471,0.075,start,0,1500,VIDE,0.0,0.0,0.0,0.0,-0.698132,0.0,1,0,4893.235,18.529,0.0,0.0,0.0,0.0,0.2,2.0,1.0,0.05,1,0.0,0.2,0.0
210,2026-04-27T08:14:37.318Z,S20260427_091422,SC01,AUTO,,14.7088,0.0618,start,0,1500,VIDE,0.0,0.0,0.0,0.0,-0.698132,0.0,1,0,4841.642,19.293,0.0,0.0,0.0,0.0,0.2,2.0,1.0,0.05,1,0.0,0.2,0.0
211,2026-04-27T08:14:37.381Z,S20260427_091422,SC01,AUTO,,14.7717,0.0629,start,0,1500,VIDE,0.0,0.0,0.0,0.0,-0.698132,0.0,1,0,4784.832,19.044,0.0,0.0,0.0,0.0,0.2,2.0,1.0,0.05,1,0.0,0.2,0.0
212,2026-04-27T08:14:37.442Z,S20260427_091422,SC01,AUTO,,14.833,0.0611,start,0,1500,VIDE,0.0,0.0,0.0,0.0,-0.698132,0.0,1,0,4733.918,19.292,0.0,0.0,0.0,0.0,0.2,2.0,1.0,0.05,1,0.0,0.2,0.0
213,2026-04-27T08:14:37.501Z,S20260427_091422,SC01,AUTO,,14.8919,0.0592,start,0,1500,VIDE,0.0,0.0,0.0,0.0,-0.698132,0.0,1,0,4677.438,21.009,0.0,0.0,0.0,0.0,0.2,2.0,1.0,0.05,1,0.0,0.2,0.0
214,2026-04-27T08:14:37.562Z,S20260427_091422,SC01,AUTO,,14.9522,0.0603,start,0,1500,VIDE,0.0,0.0,0.0,0.0,-0.698132,-0.0,1,0,4653.767,18.92,0.0,0.0,0.0,0.0,0.2,2.0,1.0,0.05,1,0.0,0.2,0.0
215,2026-04-27T08:14:37.627Z,S20260427_091422,SC01,AUTO,0.0015,15.018,0.0656,start,1,1500,VIDE,0.0,0.0,0.0,0.0,-0.698132,-0.0,1,0,4599.141,22.205,0.0,0.0,0.0,0.0,0.2,2.0,1.0,0.05,1,0.0,0.2,0.0
216,2026-04-27T08:14:37.682Z,S20260427_091422,SC01,AUTO,0.0558,15.0724,0.0545,start,1,1500,VIDE,0.0,0.0,0.0,0.0,-0.698132,-0.0,1,0,4550.675,21.443,0.0,0.0,0.0,0.0,0.2,2.0,1.0,0.05,1,0.0,0.2,0.0
217,2026-04-27T08:14:37.751Z,S20260427_091422,SC01,AUTO,0.1247,15.1413,0.0689,start,1,1500,VIDE,0.0,0.0,0.0,0.0,-0.698132,-0.0,1,0,4498.341,19.377,0.0,0.0,0.0,0.0,0.2,2.0,1.0,0.05,1,0.0,0.2,0.0
218,2026-04-27T08:14:37.812Z,S20260427_091422,SC01,AUTO,0.1861,15.2027,0.0614,start,1,1500,VIDE,0.0,0.0,0.0,0.0,-0.698132,-0.0,1,0,4436.232,19.807,0.0,0.0,0.0,0.0,0.2,2.0,1.0,0.05,1,0.0,0.2,0.0
219,2026-04-27T08:14:37.876Z,S20260427_091422,SC01,AUTO,0.2498,15.2663,0.0637,start,1,1500,VIDE,0.0,0.0,0.0,0.0,-0.698132,-0.0,1,0,4389.026,19.325,0.0,0.0,0.0,0.0,0.2,2.0,1.0,0.05,1,0.0,0.2,0.0
220,2026-04-27T08:14:37.937Z,S20260427_091422,SC01,AUTO,0.3115,15.328,0.0617,start,1,1500,VIDE,0.0,0.0,0.0,0.0,-0.698132,-0.0,1,0,4331.141,19.557,0.0,0.0,0.0,0.0,0.2,2.0,1.0,0.05,1,0.0,0.2,0.0
221,2026-04-27T08:14:37.999Z,S20260427_091422,SC01,AUTO,0.3731,15.3896,0.0616,start,1,1500,VIDE,0.0,0.0,0.0,0.0,-0.698132,-0.0,1,0,3253.878,18.982,0.0,0.0,0.0,0.0,0.2,2.0,1.0,0.05,1,0.0,0.2,0.0
222,2026-04-27T08:14:38.062Z,S20260427_091422,SC01,AUTO,0.4362,15.4527,0.0631,start,1,1500,VIDE,0.0,0.0,0.0,0.0,-0.698132,-0.0,1,0,3194.2,19.278,0.0,0.0,0.0,0.0,0.2,2.0,1.0,0.05,1,0.0,0.2,0.0
223,2026-04-27T08:14:38.122Z,S20260427_091422,SC01,AUTO,0.496,15.5126,0.0598,start,1,1500,VIDE,0.0,0.0,0.0,0.0,-0.698132,-0.0,1,0,3134.119,21.134,0.0,0.0,0.0,0.0,0.2,2.0,1.0,0.05,1,0.0,0.2,0.0
224,2026-04-27T08:14:38.183Z,S20260427_091422,SC01,AUTO,0.5568,15.5733,0.0608,start,1,1500,VIDE,0.0,0.0,0.0,0.0,-0.698132,0.0,1,0,3106.426,20.064,0.0,0.0,0.0,0.0,0.2,2.0,1.0,0.05,1,0.0,0.2,0.0
225,2026-04-27T08:14:38.249Z,S20260427_091422,SC01,AUTO,0.6235,15.6401,0.0667,start,1,1500,VIDE,0.0,0.0,0.0,0.0,-0.698132,0.0,1,0,3057.365,19.695,0.0,0.0,0.0,0.0,0.2,2.0,1.0,0.05,1,0.0,0.2,0.0
226,2026-04-27T08:14:38.311Z,S20260427_091422,SC01,AUTO,0.6856,15.7022,0.062,start,1,1500,VIDE,0.0,0.0,0.0,0.0,-0.698132,0.0,1,0,3005.698,18.618,0.0,0.0,0.0,0.0,0.2,2.0,1.0,0.05,1,0.0,0.2,0.0
227,2026-04-27T08:14:38.374Z,S20260427_091422,SC01,AUTO,0.7477,15.7642,0.0622,start,1,1500,VIDE,0.0,0.0,0.0,0.0,-0.698132,0.0,1,0,2954.888,15.752,0.0,0.0,0.0,0.0,0.2,2.0,1.0,0.05,1,0.0,0.2,0.0
228,2026-04-27T08:14:38.436Z,S20260427_091422,SC01,AUTO,0.8098,15.8263,0.0621,start,1,1500,VIDE,0.0,0.0,0.0,0.0,-0.698132,0.0,1,0,2901.08,17.946,0.0,0.0,0.0,0.0,0.2,2.0,1.0,0.05,1,0.0,0.2,0.0
229,2026-04-27T08:14:38.498Z,S20260427_091422,SC01,AUTO,0.872,15.8885,0.0622,start,1,1500,VIDE,0.0,0.0,0.0,0.0,-0.698132,0.0,1,0,2847.485,17.398,0.0,0.0,0.0,0.0,0.2,2.0,1.0,0.05,1,0.0,0.2,0.0
230,2026-04-27T08:14:38.560Z,S20260427_091422,SC01,AUTO,0.9338,15.9504,0.0618,start,1,1500,VIDE,0.0,0.0,0.0,0.0,-0.698132,0.0,1,0,2793.588,19.074,0.0,0.0,0.0,0.0,0.2,2.0,1.0,0.05,1,0.0,0.2,0.0
231,2026-04-27T08:14:38.628Z,S20260427_091422,SC01,AUTO,1.0018,16.0184,0.068,start,1,1500,VIDE,0.0,0.0,0.0,0.0,-0.698132,0.0,1,0,2740.177,19.252,0.0,0.0,0.0,0.0,0.2,2.0,1.0,0.05,1,0.0,0.2,0.0
232,2026-04-27T08:14:38.682Z,S20260427_091422,SC01,AUTO,1.0559,16.0725,0.054,start,1,1500,VIDE,0.0,0.0,0.0,0.0,-0.698132,0.0,1,0,2734.654,18.663,0.0,0.0,0.0,0.0,0.2,2.0,1.0,0.05,1,0.0,0.2,0.0
233,2026-04-27T08:14:38.746Z,S20260427_091422,SC01,AUTO,1.12,16.1366,0.0642,start,1,1500,VIDE,0.0,0.0,0.0,0.0,-0.698132,-0.0,2,0,2038.832,19.538,0.0,0.0,0.0,0.0,0.2,2.0,1.0,0.05,1,0.0,0.2,0.0
234,2026-04-27T08:14:38.809Z,S20260427_091422,SC01,AUTO,1.1828,16.1994,0.0627,start,1,1500,VIDE,0.0,0.0,0.0,0.0,-0.698132,-0.0,2,0,2026.515,14.703,0.0,0.0,0.0,0.0,0.2,2.0,1.0,0.05,1,0.0,0.2,0.0
235,2026-04-27T08:14:38.872Z,S20260427_091422,SC01,AUTO,1.2462,16.2628,0.0634,start,1,1500,VIDE,0.0,0.0,0.0,0.0,-0.698132,0.0,2,0,1964.554,19.976,0.0,0.0,0.0,0.0,0.2,2.0,1.0,0.05,1,0.0,0.2,0.0
236,2026-04-27T08:14:38.934Z,S20260427_091422,SC01,AUTO,1.3079,16.3245,0.0617,start,1,1500,VIDE,0.0,0.0,0.0,0.0,-0.698132,0.0,2,0,1913.93,20.073,0.0,0.0,0.0,0.0,0.2,2.0,1.0,0.05,1,0.0,0.2,0.0
237,2026-04-27T08:14:38.997Z,S20260427_091422,SC01,AUTO,1.3708,16.3874,0.0629,start,1,1500,VIDE,0.0,0.0,0.0,0.0,-0.698132,0.0,2,0,1864.594,19.476,0.0,0.0,0.0,0.0,0.2,2.0,1.0,0.05,1,0.0,0.2,0.0
238,2026-04-27T08:14:39.059Z,S20260427_091422,SC01,AUTO,1.4329,16.4495,0.0621,start,1,1500,VIDE,0.0,0.0,0.0,0.0,-0.698132,0.0,2,0,1805.915,18.665,0.0,0.0,0.0,0.0,0.2,2.0,1.0,0.05,1,0.0,0.2,0.0
239,2026-04-27T08:14:39.120Z,S20260427_091422,SC01,AUTO,1.4946,16.5112,0.0617,start,1,1500,VIDE,0.0,0.0,0.0,0.0,-0.698132,0.0,2,0,1747.599,19.678,0.0,0.0,0.0,0.0,0.2,2.0,1.0,0.05,1,0.0,0.2,0.0
240,2026-04-27T08:14:39.181Z,S20260427_091422,SC01,AUTO,1.5555,16.5721,0.0609,start,1,1500,VIDE,0.0,0.0,0.0,0.0,-0.698132,0.0,2,0,1688.2,19.505,0.0,0.0,0.0,0.0,0.2,2.0,1.0,0.05,1,0.0,0.2,0.0
241,2026-04-27T08:14:39.245Z,S20260427_091422,SC01,AUTO,1.6196,16.6361,0.064,start,1,1500,VIDE,0.0,0.0,0.0,0.0,-0.698132,0.0,2,0,1631.534,19.248,0.0,0.0,0.0,0.0,0.2,2.0,1.0,0.05,1,0.0,0.2,0.0
242,2026-04-27T08:14:39.309Z,S20260427_091422,SC01,AUTO,1.6828,16.6993,0.0632,start,1,1500,VIDE,0.0,0.0,0.0,0.0,-0.698132,0.0,2,0,1574.379,19.268,0.0,0.0,0.0,0.0,0.2,2.0,1.0,0.05,1,0.0,0.2,0.0
243,2026-04-27T08:14:39.371Z,S20260427_091422,SC01,AUTO,1.7452,16.7617,0.0624,start,1,1500,VIDE,0.0,0.0,0.0,0.0,-0.698132,0.0,2,0,1515.039,19.544,0.0,0.0,0.0,0.0,0.2,2.0,1.0,0.05,1,0.0,0.2,0.0
244,2026-04-27T08:14:39.433Z,S20260427_091422,SC01,AUTO,1.8067,16.8233,0.0616,start,1,1500,VIDE,0.0,0.0,0.0,0.0,-0.698132,0.0,2,0,1454.986,19.341,0.0,0.0,0.0,0.0,0.2,2.0,1.0,0.05,1,0.0,0.2,0.0
245,2026-04-27T08:14:39.494Z,S20260427_091422,SC01,AUTO,1.8685,16.8851,0.0618,start,1,1500,VIDE,0.0,0.0,0.0,0.0,-0.698132,-0.0,2,0,1397.627,18.301,0.0,0.0,0.0,0.0,0.2,2.0,1.0,0.05,1,0.0,0.2,0.0
246,2026-04-27T08:14:39.557Z,S20260427_091422,SC01,AUTO,1.9316,16.9481,0.063,start,1,1500,VIDE,0.0,0.0,0.0,0.0,-0.698132,0.0,2,0,1341.012,17.932,0.0,0.0,0.0,0.0,0.2,2.0,1.0,0.05,1,0.0,0.2,0.0
247,2026-04-27T08:14:39.623Z,S20260427_091422,SC01,AUTO,1.9975,17.014,0.0659,start,1,1500,VIDE,0.0,0.0,0.0,0.0,-0.698132,0.0,2,0,1281.415,18.732,0.0,0.0,0.0,0.0,0.2,2.0,1.0,0.05,1,0.0,0.2,0.0
248,2026-04-27T08:14:39.682Z,S20260427_091422,SC01,AUTO,2.0563,17.0728,0.0588,start,1,1500,VIDE,0.0,0.0,0.0,0.0,-0.698132,0.0,2,0,1222.658,18.469,0.0,0.0,0.0,0.0,0.2,2.0,1.0,0.05,1,0.0,0.2,0.0
249,2026-04-27T08:14:39.746Z,S20260427_091422,SC01,AUTO,2.1204,17.137,0.0641,start,1,1500,VIDE,0.0,0.0,0.0,0.0,-0.698132,0.0,2,0,1163.564,23.225,0.0,0.0,0.0,0.0,0.2,2.0,1.0,0.05,1,0.0,0.2,0.0
250,2026-04-27T08:14:39.808Z,S20260427_091422,SC01,AUTO,2.1821,17.1987,0.0616,start,1,1500,VIDE,0.0,0.0,0.0,0.0,-0.698132,0.0,2,0,1106.782,19.138,0.0,0.0,0.0,0.0,0.2,2.0,1.0,0.05,1,0.0,0.2,0.0
251,2026-04-27T08:14:39.870Z,S20260427_091422,SC01,AUTO,2.2445,17.2611,0.0624,start,1,1500,VIDE,0.0,0.0,0.0,0.0,-0.698132,-0.0,2,0,1049.633,20.046,0.0,0.0,0.0,0.0,0.2,2.0,1.0,0.05,1,0.0,0.2,0.0
252,2026-04-27T08:14:39.933Z,S20260427_091422,SC01,AUTO,2.3071,17.3237,0.0627,start,1,1500,VIDE,0.0,0.0,0.0,0.0,-0.698132,-0.0,2,0,991.877,20.0,0.0,0.0,0.0,0.0,0.2,2.0,1.0,0.05,1,0.0,0.2,0.0
253,2026-04-27T08:14:39.996Z,S20260427_091422,SC01,AUTO,2.3698,17.3863,0.0626,start,1,1500,VIDE,0.0,0.0,0.0,0.0,-0.698132,0.0,2,0,934.156,20.008,0.0,0.0,0.0,0.0,0.2,2.0,1.0,0.05,1,0.0,0.2,0.0
254,2026-04-27T08:14:40.059Z,S20260427_091422,SC01,AUTO,2.4331,17.4497,0.0634,start,1,1500,VIDE,0.0,0.0,0.0,0.0,-0.698132,0.0,2,0,874.761,20.106,0.0,0.0,0.0,0.0,0.2,2.0,1.0,0.05,1,0.0,0.2,0.0
255,2026-04-27T08:14:40.122Z,S20260427_091422,SC01,AUTO,2.4963,17.5129,0.0632,start,1,1500,VIDE,0.0,0.0,0.0,0.0,-0.698132,0.0,2,0,819.017,19.109,0.0,0.0,0.0,0.0,0.2,2.0,1.0,0.05,1,0.0,0.2,0.0
256,2026-04-27T08:14:40.181Z,S20260427_091422,SC01,AUTO,2.5556,17.5721,0.0592,start,1,1500,VIDE,0.0,0.0,0.0,0.0,-0.698132,0.0,2,0,760.855,19.014,0.0,0.0,0.0,0.0,0.2,2.0,1.0,0.05,1,0.0,0.2,0.0
257,2026-04-27T08:14:40.247Z,S20260427_091422,SC01,AUTO,2.6209,17.6375,0.0654,start,1,1500,VIDE,0.0,0.0,0.0,0.0,-0.698132,-0.0,2,0,704.633,18.945,0.0,0.0,0.0,0.0,0.2,2.0,1.0,0.05,1,0.0,0.2,0.0
258,2026-04-27T08:14:40.308Z,S20260427_091422,SC01,AUTO,2.6818,17.6984,0.0609,start,1,1500,VIDE,0.0,0.0,0.0,0.0,-0.698132,-0.0,2,0,646.066,16.373,0.0,0.0,0.0,0.0,0.2,2.0,1.0,0.05,1,0.0,0.2,0.0
259,2026-04-27T08:14:40.371Z,S20260427_091422,SC01,AUTO,2.7452,17.7618,0.0634,start,1,1500,VIDE,0.0,0.0,0.0,0.0,-0.698132,-0.0,2,0,587.939,20.158,0.0,0.0,0.0,0.0,0.2,2.0,1.0,0.05,1,0.0,0.2,0.0
260,2026-04-27T08:14:40.433Z,S20260427_091422,SC01,AUTO,2.8067,17.8233,0.0615,start,1,1500,VIDE,0.0,0.0,0.0,0.0,-0.698132,0.0,2,0,529.115,19.339,0.0,0.0,0.0,0.0,0.2,2.0,1.0,0.05,1,0.0,0.2,0.0
261,2026-04-27T08:14:40.495Z,S20260427_091422,SC01,AUTO,2.8689,17.8854,0.0621,start,1,1500,VIDE,0.0,0.0,0.0,0.0,-0.698132,0.0,2,0,469.323,19.543,0.0,0.0,0.0,0.0,0.2,2.0,1.0,0.05,1,0.0,0.2,0.0
262,2026-04-27T08:14:40.558Z,S20260427_091422,SC01,AUTO,2.9318,17.9484,0.063,start,1,1500,VIDE,0.0,0.0,0.0,0.0,-0.698132,0.0,2,0,410.657,21.527,0.0,0.0,0.0,0.0,0.2,2.0,1.0,0.05,1,0.0,0.2,0.0
263,2026-04-27T08:14:40.631Z,S20260427_091422,SC01,AUTO,3.005,18.0216,0.0732,start,1,1500,VIDE,0.0,0.0,0.0,0.0,-0.698132,-0.0,2,0,326.01,18.969,0.0,0.0,0.0,0.0,0.2,2.0,1.0,0.05,1,0.0,0.2,0.0
264,2026-04-27T08:14:40.682Z,S20260427_091422,SC01,AUTO,3.0558,18.0724,0.0508,start,1,1500,VIDE,0.0,0.0,0.0,0.0,-0.698132,0.0,2,0,296.959,18.429,0.0,0.0,0.0,0.0,0.2,2.0,1.0,0.05,1,0.0,0.2,0.0
265,2026-04-27T08:14:40.746Z,S20260427_091422,SC01,AUTO,3.1202,18.1368,0.0644,start,1,1500,VIDE,0.0,0.0,0.0,0.0,-0.698132,-0.0,2,0,239.177,19.424,0.0,0.0,0.0,0.0,0.2,2.0,1.0,0.05,1,0.0,0.2,0.0
266,2026-04-27T08:14:40.809Z,S20260427_091422,SC01,AUTO,3.1829,18.1995,0.0627,start,1,1500,VIDE,0.0,0.0,0.0,0.0,-0.698132,-0.0,2,0,181.048,19.347,0.0,0.0,0.0,0.0,0.2,2.0,1.0,0.05,1,0.0,0.2,0.0
267,2026-04-27T08:14:40.872Z,S20260427_091422,SC01,AUTO,3.2457,18.2623,0.0629,start,1,1500,VIDE,0.0,0.0,0.0,0.0,-0.698132,0.0,2,0,121.905,19.728,0.0,0.0,0.0,0.0,0.2,2.0,1.0,0.05,1,0.0,0.2,0.0
268,2026-04-27T08:14:40.933Z,S20260427_091422,SC01,AUTO,3.3067,18.3233,0.061,start,1,1500,VIDE,0.0,0.0,0.0,0.0,-0.698132,0.0,1,0,85.853,18.906,0.0,0.0,0.0,0.0,0.2,2.0,1.0,0.05,1,0.0,0.2,0.0
269,2026-04-27T08:14:40.995Z,S20260427_091422,SC01,AUTO,3.3694,18.386,0.0627,start,1,1500,VIDE,0.0,0.0,0.0,0.0,-0.698132,0.0,1,0,26.606,19.423,0.0,0.0,0.0,0.0,0.2,2.0,1.0,0.05,1,0.0,0.2,0.0
270,2026-04-27T08:14:41.058Z,S20260427_091422,SC01,AUTO,3.4325,18.4491,0.0631,start,1,1500,VIDE,0.0,0.0,0.0,0.0,-0.698132,0.0,1,0,31.43,18.742,0.0,0.0,0.0,0.0,0.2,2.0,1.0,0.05,1,0.0,0.2,0.0
271,2026-04-27T08:14:41.120Z,S20260427_091422,SC01,AUTO,3.4943,18.5109,0.0617,start,1,1500,VIDE,0.0,0.0,0.0,0.0,-0.698132,0.0,1,0,14.387,20.413,0.0,0.0,0.0,0.0,0.2,2.0,1.0,0.05,1,0.0,0.2,0.0
272,2026-04-27T08:14:41.182Z,S20260427_091422,SC01,AUTO,3.5559,18.5724,0.0616,start,1,1500,VIDE,0.0,0.0,0.0,0.0,-0.698132,0.0,1,0,17.666,19.593,0.0,0.0,0.0,0.0,0.2,2.0,1.0,0.05,1,0.0,0.2,0.0
273,2026-04-27T08:14:41.246Z,S20260427_091422,SC01,AUTO,3.6199,18.6364,0.064,start,1,1500,VIDE,0.0,0.0,0.0,0.0,-0.698132,0.0,1,0,19.554,18.825,0.0,0.0,0.0,0.0,0.2,2.0,1.0,0.05,1,0.0,0.2,0.0
274,2026-04-27T08:14:41.308Z,S20260427_091422,SC01,AUTO,3.6822,18.6988,0.0623,start,1,1500,VIDE,0.0,0.0,0.0,0.0,-0.698132,0.0,1,0,20.425,18.691,0.0,0.0,0.0,0.0,0.2,2.0,1.0,0.05,1,0.0,0.2,0.0
275,2026-04-27T08:14:41.370Z,S20260427_091422,SC01,AUTO,3.7441,18.7607,0.062,start,1,1500,VIDE,0.0,0.0,0.0,0.0,-0.698132,0.0,1,0,22.533,18.942,0.0,0.0,0.0,0.0,0.2,2.0,1.0,0.05,1,0.0,0.2,0.0
276,2026-04-27T08:14:41.433Z,S20260427_091422,SC01,AUTO,3.8067,18.8232,0.0625,start,1,1500,VIDE,0.0,0.0,0.0,0.0,-0.698132,0.0,1,0,24.074,19.45,0.0,0.0,0.0,0.0,0.2,2.0,1.0,0.05,1,0.0,0.2,0.0
277,2026-04-27T08:14:41.495Z,S20260427_091422,SC01,AUTO,3.8689,18.8854,0.0622,start,1,1500,VIDE,0.0,0.0,0.0,0.0,-0.698132,0.0,1,0,24.598,19.157,0.0,0.0,0.0,0.0,0.2,2.0,1.0,0.05,1,0.0,0.2,0.0
278,2026-04-27T08:14:41.557Z,S20260427_091422,SC01,AUTO,3.9314,18.948,0.0625,start,1,1500,VIDE,0.0,0.0,0.0,0.0,-0.698132,0.0,1,0,24.759,20.066,0.0,0.0,0.0,0.0,0.2,2.0,1.0,0.05,1,0.0,0.2,0.0
279,2026-04-27T08:14:41.620Z,S20260427_091422,SC01,AUTO,3.994,19.0106,0.0627,start,1,1500,VIDE,0.0,0.0,0.0,0.0,-0.698132,0.0,1,0,27.478,19.077,0.0,0.0,0.0,0.0,0.2,2.0,1.0,0.05,1,0.0,0.2,0.0
280,2026-04-27T08:14:41.682Z,S20260427_091422,SC01,AUTO,4.056,19.0725,0.062,start,1,1500,VIDE,0.0,0.0,0.0,0.0,-0.698132,0.0,1,0,27.622,19.903,0.0,0.0,0.0,0.0,0.2,2.0,1.0,0.05,1,0.0,0.2,0.0
281,2026-04-27T08:14:41.745Z,S20260427_091422,SC01,AUTO,4.1195,19.1361,0.0634,start,1,1500,VIDE,0.0,0.0,0.0,0.0,-0.698132,0.0,1,0,28.829,19.437,0.0,0.0,0.0,0.0,0.2,2.0,1.0,0.05,1,0.0,0.2,0.0
282,2026-04-27T08:14:41.807Z,S20260427_091422,SC01,AUTO,4.1816,19.1982,0.0622,start,1,1500,VIDE,0.0,0.0,0.0,0.0,-0.698132,0.0,1,0,9.566,19.504,0.0,0.0,0.0,0.0,0.2,2.0,1.0,0.05,1,0.0,0.2,0.0
283,2026-04-27T08:14:41.870Z,S20260427_091422,SC01,AUTO,4.2439,19.2605,0.0623,start,1,1500,VIDE,0.0,0.0,0.0,0.0,-0.698132,0.0,1,0,12.698,19.523,0.0,0.0,0.0,0.0,0.2,2.0,1.0,0.05,1,0.0,0.2,0.0
284,2026-04-27T08:14:41.933Z,S20260427_091422,SC01,AUTO,4.3075,19.324,0.0636,start,1,1500,VIDE,0.0,0.0,0.0,0.0,-0.698132,0.0,1,0,13.793,20.273,0.0,0.0,0.0,0.0,0.2,2.0,1.0,0.05,1,0.0,0.2,0.0
285,2026-04-27T08:14:41.996Z,S20260427_091422,SC01,AUTO,4.3699,19.3865,0.0624,start,1,1500,VIDE,0.0,0.0,0.0,0.0,-0.698132,0.0,1,0,18.396,19.33,0.0,0.0,0.0,0.0,0.2,2.0,1.0,0.05,1,0.0,0.2,0.0
286,2026-04-27T08:14:42.058Z,S20260427_091422,SC01,AUTO,4.432,19.4486,0.0621,start,1,1500,VIDE,0.0,0.0,0.0,0.0,-0.698132,0.0,1,0,24.159,19.443,0.0,0.0,0.0,0.0,0.2,2.0,1.0,0.05,1,0.0,0.2,0.0
287,2026-04-27T08:14:42.121Z,S20260427_091422,SC01,AUTO,4.4954,19.512,0.0633,start,1,1500,VIDE,0.0,0.0,0.0,0.0,-0.698132,0.0,1,0,25.383,17.146,0.0,0.0,0.0,0.0,0.2,2.0,1.0,0.05,1,0.0,0.2,0.0
288,2026-04-27T08:14:42.181Z,S20260427_091422,SC01,AUTO,4.5555,19.5721,0.0601,start,1,1500,VIDE,0.0,0.0,0.0,0.0,-0.698132,0.0,1,0,26.318,18.3,0.0,0.0,0.0,0.0,0.2,2.0,1.0,0.05,1,0.0,0.2,0.0
289,2026-04-27T08:14:42.245Z,S20260427_091422,SC01,AUTO,4.6194,19.6359,0.0638,start,1,1500,VIDE,0.0,0.0,0.0,0.0,-0.698132,0.0,1,0,26.962,19.446,0.0,0.0,0.0,0.0,0.2,2.0,1.0,0.05,1,0.0,0.2,0.0
290,2026-04-27T08:14:42.307Z,S20260427_091422,SC01,AUTO,4.6813,19.6979,0.062,start,1,1500,VIDE,0.0,0.0,0.0,0.0,-0.698132,0.0,1,0,30.362,19.502,0.0,0.0,0.0,0.0,0.2,2.0,1.0,0.05,1,0.0,0.2,0.0
291,2026-04-27T08:14:42.369Z,S20260427_091422,SC01,AUTO,4.7436,19.7601,0.0622,start,1,1500,VIDE,0.0,0.0,0.0,0.0,-0.698132,0.0,1,0,13.325,19.039,0.0,0.0,0.0,0.0,0.2,2.0,1.0,0.05,1,0.0,0.2,0.0
292,2026-04-27T08:14:42.432Z,S20260427_091422,SC01,AUTO,4.8065,19.823,0.0629,start,1,1500,VIDE,0.0,0.0,0.0,0.0,-0.698132,0.0,1,0,13.547,19.742,0.0,0.0,0.0,0.0,0.2,2.0,1.0,0.05,1,0.0,0.2,0.0
293,2026-04-27T08:14:42.494Z,S20260427_091422,SC01,AUTO,4.8682,19.8848,0.0618,start,1,1500,VIDE,0.0,0.0,0.0,0.0,-0.698132,0.0,1,0,14.519,19.526,0.0,0.0,0.0,0.0,0.2,2.0,1.0,0.05,1,0.0,0.2,0.0
294,2026-04-27T08:14:42.556Z,S20260427_091422,SC01,AUTO,4.9305,19.9471,0.0623,start,1,1500,VIDE,0.0,0.0,0.0,0.0,-0.698132,0.0,1,0,17.203,18.738,0.0,0.0,0.0,0.0,0.2,2.0,1.0,0.05,1,0.0,0.2,0.0
295,2026-04-27T08:14:42.623Z,S20260427_091422,SC01,AUTO,4.9967,20.0132,0.0662,start,1,1500,VIDE,0.0,0.0,0.0,0.0,-0.698132,0.0,1,0,20.426,18.175,0.0,0.0,0.0,0.0,0.2,2.0,1.0,0.05,1,0.0,0.2,0.0
296,2026-04-27T08:14:42.681Z,S20260427_091422,SC01,AUTO,5.0556,20.0721,0.0589,accel_1,1,1500,VIDE,0.0,0.12,0.0,0.0,-0.698132,0.0,1,0,21.464,0.406,0.0,0.12,0.0,0.5,1.3,2.0,1.0,0.05,0,-0.5,1.3,0.0
297,2026-04-27T08:14:42.744Z,S20260427_091422,SC01,AUTO,5.1183,20.1349,0.0628,accel_1,1,1500,VIDE,0.0,0.12,0.0,0.003527,-0.698132,0.0,1,0,24.923,18.624,0.0,0.12,0.0,0.5,1.3,2.0,1.0,0.05,0,-0.49647,1.29647,0.0
298,2026-04-27T08:14:42.806Z,S20260427_091422,SC01,AUTO,5.18,20.1966,0.0617,accel_1,1,1500,VIDE,0.0,0.12,0.0,0.010492,-0.698132,0.0,1,0,27.946,18.825,0.0,0.12,0.0,0.5,1.3,2.0,1.0,0.05,0,-0.48951,1.28951,0.0
299,2026-04-27T08:14:42.881Z,S20260427_091422,SC01,AUTO,5.2554,20.272,0.0754,accel_1,1,1500,VIDE,0.0,0.12,0.0,0.021157,-0.698132,-0.0,1,0,38.888,28.575,0.0,0.12,0.0,0.5,1.3,2.0,1.0,0.05,0,-0.47884,1.27884,0.0
300,2026-04-27T08:14:42.931Z,S20260427_091422,SC01,AUTO,5.305,20.3215,0.0495,accel_1,1,1500,VIDE,0.0,0.12,0.0,0.029865,-0.698132,-0.0,1,0,12.627,19.144,0.0,0.12,0.0,0.5,1.3,2.0,1.0,0.05,0,-0.47014,1.27014,0.0
301,2026-04-27T08:14:43.002Z,S20260427_091422,SC01,AUTO,5.376,20.3926,0.0711,accel_1,1,1500,VIDE,0.0,0.12,0.0,0.041298,-0.698132,0.0,1,0,13.385,19.862,0.0,0.12,0.0,0.5,1.3,2.0,1.0,0.05,0,-0.4587,1.2587,0.0
302,2026-04-27T08:14:43.062Z,S20260427_091422,SC01,AUTO,5.4359,20.4524,0.0598,accel_1,1,1500,VIDE,0.0,0.12,0.0,0.053753,-0.698132,0.0,1,0,15.003,19.359,0.0,0.12,0.0,0.5,1.3,2.0,1.0,0.05,0,-0.44625,1.24625,0.0
303,2026-04-27T08:14:43.119Z,S20260427_091422,SC01,AUTO,5.4928,20.5093,0.0569,accel_1,1,1500,VIDE,0.0,0.12,0.0,0.067182,-0.698132,0.0,1,0,18.23,19.202,0.0,0.12,0.0,0.5,1.3,2.0,1.0,0.05,0,-0.43282,1.23282,0.0
304,2026-04-27T08:14:43.182Z,S20260427_091422,SC01,AUTO,5.5564,20.573,0.0637,accel_1,1,1500,VIDE,0.0,0.12,0.0,0.081493,-0.698132,0.0,1,0,19.496,15.205,0.0,0.12,0.0,0.5,1.3,2.0,1.0,0.05,0,-0.41851,1.21851,0.0
305,2026-04-27T08:14:43.243Z,S20260427_091422,SC01,AUTO,5.6172,20.6338,0.0608,accel_1,1,1500,VIDE,0.0,0.12,0.0,0.096564,-0.698132,0.0,1,0,23.901,18.971,0.0,0.12,0.0,0.5,1.3,2.0,1.0,0.05,0,-0.40344,1.20344,0.0
306,2026-04-27T08:14:43.321Z,S20260427_091422,SC01,AUTO,5.695,20.7116,0.0778,accel_1,1,1500,VIDE,0.0,0.12,0.0,0.120309,-0.698132,-0.0,1,0,19.076,19.764,0.0,0.12,0.0,0.5,1.3,2.0,1.0,0.05,0,-0.37969,1.17969,0.0
307,2026-04-27T08:14:43.381Z,S20260427_091422,SC01,AUTO,5.7551,20.7716,0.0601,accel_1,1,1500,VIDE,0.0,0.12,0.0,0.131212,-0.698132,-0.0,1,0,38.762,6.614,0.0,0.12,0.0,0.5,1.3,2.0,1.0,0.05,0,-0.36879,1.16879,0.0
308,2026-04-27T08:14:43.441Z,S20260427_091422,SC01,AUTO,5.8154,20.832,0.0603,accel_1,1,1500,VIDE,0.0,0.12,0.0,0.147882,-0.698132,-0.0,1,0,39.656,28.065,0.0,0.12,0.0,0.5,1.3,2.0,1.0,0.05,0,-0.35212,1.15212,0.0
309,2026-04-27T08:14:43.502Z,S20260427_091422,SC01,AUTO,5.8759,20.8924,0.0604,accel_1,1,1500,VIDE,0.0,0.12,0.0,0.162011,-0.698132,-0.0,1,0,11.486,19.95,0.0,0.12,0.0,0.5,1.3,2.0,1.0,0.05,0,-0.33799,1.13799,0.0
310,2026-04-27T08:14:43.562Z,S20260427_091422,SC01,AUTO,5.9357,20.9523,0.0599,accel_1,1,1500,VIDE,0.0,0.12,0.0,0.179194,-0.698132,-0.0,1,0,14.707,19.748,0.0,0.12,0.0,0.5,1.3,2.0,1.0,0.05,0,-0.32081,1.12081,0.0
311,2026-04-27T08:14:43.634Z,S20260427_091422,SC01,AUTO,6.0086,21.0251,0.0729,accel_1,1,1500,VIDE,0.0,0.12,0.0,0.205323,-0.698132,0.0,1,0,27.031,20.307,0.0,0.12,0.0,0.5,1.3,2.0,1.0,0.05,0,-0.29468,1.09468,0.0
312,2026-04-27T08:14:43.682Z,S20260427_091422,SC01,AUTO,6.056,21.0725,0.0474,accel_1,1,1500,VIDE,0.0,0.12,0.0,0.214108,-0.698132,0.0,1,0,19.113,18.478,0.0,0.12,0.0,0.5,1.3,2.0,1.0,0.05,0,-0.28589,1.08589,0.0
313,2026-04-27T08:14:43.744Z,S20260427_091422,SC01,AUTO,6.1181,21.1347,0.0621,accel_1,1,1500,VIDE,0.0,0.12,0.0,0.231763,-0.698132,-0.0,1,0,20.134,19.575,0.0,0.12,0.0,0.5,1.3,2.0,1.0,0.05,0,-0.26824,1.06824,0.0
314,2026-04-27T08:14:43.819Z,S20260427_091422,SC01,AUTO,6.1933,21.2099,0.0752,accel_1,1,1500,VIDE,0.0,0.12,0.0,0.258419,-0.698132,-0.0,1,0,12.841,18.608,0.0,0.12,0.0,0.5,1.3,2.0,1.0,0.05,0,-0.24158,1.04158,0.0
315,2026-04-27T08:14:43.881Z,S20260427_091422,SC01,AUTO,6.2551,21.2717,0.0618,accel_1,1,1500,VIDE,0.0,0.12,0.0,0.276275,-0.698132,0.0,1,0,13.877,18.824,0.0,0.12,0.0,0.5,1.3,2.0,1.0,0.05,0,-0.22372,1.02372,0.0
316,2026-04-27T08:14:43.942Z,S20260427_091422,SC01,AUTO,6.3158,21.3324,0.0607,accel_1,1,1500,VIDE,0.0,0.12,0.0,0.294183,-0.698132,0.0,1,0,16.183,19.435,0.0,0.12,0.0,0.5,1.3,2.0,1.0,0.05,0,-0.20582,1.00582,0.0
317,2026-04-27T08:14:44.002Z,S20260427_091422,SC01,AUTO,6.3766,21.3931,0.0608,accel_1,1,1500,VIDE,0.0,0.12,0.0,0.312132,-0.698132,-0.0,1,0,18.905,18.801,0.0,0.12,0.0,0.5,1.3,2.0,1.0,0.05,0,-0.18787,0.98787,0.0
318,2026-04-27T08:14:44.061Z,S20260427_091422,SC01,AUTO,6.4355,21.452,0.0589,accel_1,1,1500,VIDE,0.0,0.12,0.0,0.321118,-0.698132,0.0,1,0,28.937,20.259,0.0,0.12,0.0,0.5,1.3,2.0,1.0,0.05,0,-0.17888,0.97888,0.0
319,2026-04-27T08:14:44.122Z,S20260427_091422,SC01,AUTO,6.4962,21.5128,0.0607,accel_1,1,1500,VIDE,0.0,0.12,0.0,0.339111,-0.698132,-0.0,1,0,13.086,19.451,0.0,0.12,0.0,0.5,1.3,2.0,1.0,0.05,0,-0.16089,0.96089,0.0
320,2026-04-27T08:14:44.182Z,S20260427_091422,SC01,AUTO,6.5561,21.5727,0.0599,accel_1,1,1500,VIDE,0.0,0.12,0.0,0.357126,-0.698132,0.0,1,0,13.91,19.516,0.0,0.12,0.0,0.5,1.3,2.0,1.0,0.05,0,-0.14287,0.94287,0.0
321,2026-04-27T08:14:44.253Z,S20260427_091422,SC01,AUTO,6.6274,21.6439,0.0713,accel_1,1,1500,VIDE,0.0,0.12,0.0,0.384178,-0.698132,0.0,1,0,26.176,19.986,0.0,0.12,0.0,0.5,1.3,2.0,1.0,0.05,0,-0.11582,0.91582,0.0
322,2026-04-27T08:14:44.316Z,S20260427_091422,SC01,AUTO,6.6901,21.7066,0.0627,accel_1,1,1500,VIDE,0.0,0.12,0.0,0.402229,-0.698132,-0.0,1,0,30.117,19.463,0.0,0.12,0.0,0.5,1.3,2.0,1.0,0.05,0,-0.09777,0.89777,0.0
323,2026-04-27T08:14:44.379Z,S20260427_091422,SC01,AUTO,6.7527,21.7693,0.0626,accel_1,1,1500,VIDE,0.0,0.12,0.0,0.420288,-0.698132,-0.0,1,0,12.949,19.488,0.0,0.12,0.0,0.5,1.3,2.0,1.0,0.05,0,-0.07971,0.87971,0.0
324,2026-04-27T08:14:44.442Z,S20260427_091422,SC01,AUTO,6.816,21.8325,0.0633,accel_1,1,1500,VIDE,0.0,0.12,0.0,0.438354,-0.698132,-0.0,1,0,14.619,19.277,0.0,0.12,0.0,0.5,1.3,2.0,1.0,0.05,0,-0.06165,0.86165,0.0
325,2026-04-27T08:14:44.502Z,S20260427_091422,SC01,AUTO,6.876,21.8925,0.06,accel_1,1,1500,VIDE,0.0,0.12,0.0,0.456425,-0.698132,-0.0,1,0,17.539,18.885,0.0,0.12,0.0,0.5,1.3,2.0,1.0,0.05,0,-0.04358,0.84358,0.0
326,2026-04-27T08:14:44.561Z,S20260427_091422,SC01,AUTO,6.9353,21.9519,0.0594,accel_1,1,1500,VIDE,0.0,0.12,0.0,0.4745,-0.698132,0.0,1,0,17.222,19.402,0.0,0.12,0.0,0.5,1.3,2.0,1.0,0.05,0,-0.0255,0.8255,0.0
327,2026-04-27T08:14:44.627Z,S20260427_091422,SC01,AUTO,7.0007,22.0173,0.0654,accel_1,1,1500,VIDE,0.0,0.12,0.0,0.492578,-0.698132,0.0,1,0,20.458,19.138,0.0,0.12,0.0,0.5,1.3,2.0,1.0,0.05,0,-0.00742,0.80742,0.0
328,2026-04-27T08:14:44.682Z,S20260427_091422,SC01,AUTO,7.0559,22.0725,0.0552,accel_1,1,1500,VIDE,0.0,0.12,0.0,0.504632,-0.698132,0.0,1,0,39.826,29.172,0.0,0.12,0.0,0.5,1.3,2.0,1.0,0.05,1,0.00463,0.79537,0.0
329,2026-04-27T08:14:44.752Z,S20260427_091422,SC01,AUTO,7.1257,22.1423,0.0698,accel_1,1,1500,VIDE,0.0,0.12,0.0,0.528741,-0.698132,-0.0,1,0,21.438,20.16,0.0,0.12,0.0,0.5,1.3,2.0,1.0,0.05,1,0.02874,0.77126,0.0
330,2026-04-27T08:14:44.813Z,S20260427_091422,SC01,AUTO,7.1874,22.204,0.0617,accel_1,1,1500,VIDE,0.0,0.12,0.0,0.546824,-0.698132,0.0,1,0,23.403,19.498,0.0,0.12,0.0,0.5,1.3,2.0,1.0,0.05,1,0.04682,0.75318,0.0
331,2026-04-27T08:14:44.876Z,S20260427_091422,SC01,AUTO,7.2497,22.2663,0.0623,accel_1,1,1500,VIDE,0.0,0.12,0.0,0.564907,-0.698132,0.0,1,0,27.228,19.734,0.0,0.12,0.0,0.5,1.3,2.0,1.0,0.05,1,0.06491,0.73509,0.0
332,2026-04-27T08:14:44.938Z,S20260427_091422,SC01,AUTO,7.3122,22.3288,0.0626,accel_1,1,1500,VIDE,0.0,0.12,0.0,0.582992,-0.698132,-0.0,1,0,29.438,20.248,0.0,0.12,0.0,0.5,1.3,2.0,1.0,0.05,1,0.08299,0.71701,0.0
333,2026-04-27T08:14:44.999Z,S20260427_091422,SC01,AUTO,7.3733,22.3899,0.0611,accel_1,1,1500,VIDE,0.0,0.12,0.0,0.601076,-0.698132,-0.0,1,0,12.668,20.093,0.0,0.12,0.0,0.5,1.3,2.0,1.0,0.05,1,0.10108,0.69892,0.0
334,2026-04-27T08:14:45.055Z,S20260427_091422,SC01,AUTO,7.4296,22.4461,0.0562,accel_1,1,1500,VIDE,0.0,0.12,0.0,0.610118,-0.698132,0.0,1,0,21.457,22.214,0.0,0.12,0.0,0.5,1.3,2.0,1.0,0.05,1,0.11012,0.68988,0.0
335,2026-04-27T08:14:45.121Z,S20260427_091422,SC01,AUTO,7.4955,22.5121,0.066,accel_1,1,1500,VIDE,0.0,0.12,0.0,0.637244,-0.698132,-0.0,1,0,16.533,19.022,0.0,0.12,0.0,0.5,1.3,2.0,1.0,0.05,1,0.13724,0.66276,0.0
336,2026-04-27T08:14:45.182Z,S20260427_091422,SC01,AUTO,7.5563,22.5729,0.0608,accel_1,1,1500,VIDE,0.0,0.12,0.0,0.655328,-0.698132,0.0,1,0,19.165,18.736,0.0,0.12,0.0,0.5,1.3,2.0,1.0,0.05,1,0.15533,0.64467,0.0
337,2026-04-27T08:14:45.249Z,S20260427_091422,SC01,AUTO,7.6229,22.6395,0.0666,accel_1,1,1500,VIDE,0.0,0.12,0.0,0.673411,-0.698132,-0.0,1,0,20.412,18.898,0.0,0.12,0.0,0.5,1.3,2.0,1.0,0.05,1,0.17341,0.62659,0.0
338,2026-04-27T08:14:45.310Z,S20260427_091422,SC01,AUTO,7.6846,22.7012,0.0617,accel_1,1,1500,VIDE,0.0,0.12,0.0,0.691494,-0.698132,-0.0,1,0,23.871,19.595,0.0,0.12,0.0,0.5,1.3,2.0,1.0,0.05,1,0.19149,0.60851,0.0
339,2026-04-27T08:14:45.370Z,S20260427_091422,SC01,AUTO,7.7445,22.7611,0.0599,accel_1,1,1500,VIDE,0.0,0.12,0.0,0.709576,-0.698132,-0.0,1,0,26.66,18.923,0.0,0.12,0.0,0.5,1.3,2.0,1.0,0.05,1,0.20958,0.59042,0.0
340,2026-04-27T08:14:45.437Z,S20260427_091422,SC01,AUTO,7.8114,22.828,0.0669,accel_1,1,1500,VIDE,0.0,0.12,0.0,0.727658,-0.698132,0.0,1,0,28.175,19.316,0.0,0.12,0.0,0.5,1.3,2.0,1.0,0.05,1,0.22766,0.57234,0.0
341,2026-04-27T08:14:45.499Z,S20260427_091422,SC01,AUTO,7.8735,22.8901,0.0621,accel_1,1,1500,VIDE,0.0,0.12,0.0,0.745739,-0.698132,0.0,1,0,28.25,18.846,0.0,0.12,0.0,0.5,1.3,2.0,1.0,0.05,1,0.24574,0.55426,0.0
342,2026-04-27T08:14:45.560Z,S20260427_091422,SC01,AUTO,7.9345,22.951,0.0609,accel_1,1,1500,VIDE,0.0,0.12,0.0,0.76382,-0.698132,-0.0,1,0,31.822,16.572,0.0,0.12,0.0,0.5,1.3,2.0,1.0,0.05,1,0.26382,0.53618,0.0
343,2026-04-27T08:14:45.622Z,S20260427_091422,SC01,AUTO,7.9967,23.0132,0.0622,accel_1,1,1500,VIDE,0.0,0.12,0.0,0.781899,-0.698132,-0.0,1,0,13.883,18.931,0.0,0.12,0.0,0.5,1.3,2.0,1.0,0.05,1,0.2819,0.5181,0.0
344,2026-04-27T08:14:45.682Z,S20260427_091422,SC01,AUTO,8.056,23.0726,0.0594,accel_1,1,1500,VIDE,0.0,0.12,0.0,0.799978,-0.698132,-0.0,1,0,15.754,19.471,0.0,0.12,0.0,0.5,1.3,2.0,1.0,0.05,1,0.29998,0.50002,0.0
345,2026-04-27T08:14:45.748Z,S20260427_091422,SC01,AUTO,8.1219,23.1385,0.0658,accel_1,1,1500,VIDE,0.0,0.12,0.0,0.818057,-0.698132,-0.0,1,0,16.509,20.33,0.0,0.12,0.0,0.5,1.3,2.0,1.0,0.05,1,0.31806,0.48194,0.0
346,2026-04-27T08:14:45.809Z,S20260427_091422,SC01,AUTO,8.1836,23.2001,0.0617,accel_1,1,1500,VIDE,0.0,0.12,0.0,0.836134,-0.698132,-0.0,1,0,18.615,19.961,0.0,0.12,0.0,0.5,1.3,2.0,1.0,0.05,1,0.33613,0.46387,0.0
347,2026-04-27T08:14:45.872Z,S20260427_091422,SC01,AUTO,8.2457,23.2622,0.0621,accel_1,1,1500,VIDE,0.0,0.12,0.0,0.854211,-0.698132,0.0,1,0,19.9,19.885,0.0,0.12,0.0,0.5,1.3,2.0,1.0,0.05,1,0.35421,0.44579,0.0
348,2026-04-27T08:14:45.935Z,S20260427_091422,SC01,AUTO,8.3087,23.3253,0.063,accel_1,1,1500,VIDE,0.0,0.12,0.0,0.872286,-0.698132,0.0,1,0,21.084,19.609,0.0,0.12,0.0,0.5,1.3,2.0,1.0,0.05,1,0.37229,0.42771,0.0
349,2026-04-27T08:14:45.998Z,S20260427_091422,SC01,AUTO,8.372,23.3886,0.0634,accel_1,1,1500,VIDE,0.0,0.12,0.0,0.890361,-0.698132,-0.0,1,0,20.171,20.13,0.0,0.12,0.0,0.5,1.3,2.0,1.0,0.05,1,0.39036,0.40964,0.0
350,2026-04-27T08:14:46.060Z,S20260427_091422,SC01,AUTO,8.4341,23.4506,0.062,accel_1,1,1500,VIDE,0.0,0.12,0.0,0.908436,-0.698132,-0.0,1,0,22.099,16.092,0.0,0.12,0.0,0.5,1.3,2.0,1.0,0.05,1,0.40844,0.39156,0.0
351,2026-04-27T08:14:46.122Z,S20260427_091422,SC01,AUTO,8.4965,23.513,0.0624,accel_1,1,1500,VIDE,0.0,0.12,0.0,0.926509,-0.698132,0.0,1,0,24.239,14.478,0.0,0.12,0.0,0.5,1.3,2.0,1.0,0.05,1,0.42651,0.37349,0.0
352,2026-04-27T08:14:46.182Z,S20260427_091422,SC01,AUTO,8.5557,23.5722,0.0592,accel_1,1,1500,VIDE,0.0,0.12,0.0,0.944582,-0.698132,0.0,1,0,27.885,18.096,0.0,0.12,0.0,0.5,1.3,2.0,1.0,0.05,1,0.44458,0.35542,0.0
353,2026-04-27T08:14:46.245Z,S20260427_091422,SC01,AUTO,8.6195,23.6361,0.0638,accel_1,1,1500,VIDE,0.0,0.12,0.0,0.962653,-0.698132,0.0,1,0,27.814,19.094,0.0,0.12,0.0,0.5,1.3,2.0,1.0,0.05,1,0.46265,0.33735,0.0
354,2026-04-27T08:14:46.309Z,S20260427_091422,SC01,AUTO,8.6829,23.6995,0.0634,accel_1,1,1500,VIDE,0.0,0.12,0.0,0.980724,-0.698132,-0.0,1,0,29.194,18.922,0.0,0.12,0.0,0.5,1.3,2.0,1.0,0.05,1,0.48072,0.31928,0.0
355,2026-04-27T08:14:46.371Z,S20260427_091422,SC01,AUTO,8.7452,23.7618,0.0623,accel_1,1,1500,VIDE,0.0,0.12,0.0,0.998794,-0.698132,-0.0,1,0,10.73,19.388,0.0,0.12,0.0,0.5,1.3,2.0,1.0,0.05,1,0.49879,0.30121,0.0
356,2026-04-27T08:14:46.432Z,S20260427_091422,SC01,AUTO,8.8064,23.823,0.0613,accel_1,1,1500,VIDE,0.0,0.12,0.0,1.016863,-0.698132,0.0,1,0,16.111,19.797,0.0,0.12,0.0,0.5,1.3,2.0,1.0,0.05,1,0.51686,0.28314,0.0
357,2026-04-27T08:14:46.494Z,S20260427_091422,SC01,AUTO,8.8686,23.8851,0.0621,accel_1,1,1500,VIDE,0.0,0.12,0.0,1.034931,-0.698132,0.0,1,0,15.836,19.892,0.0,0.12,0.0,0.5,1.3,2.0,1.0,0.05,1,0.53493,0.26507,0.0
358,2026-04-27T08:14:46.556Z,S20260427_091422,SC01,AUTO,8.9301,23.9466,0.0616,accel_1,1,1500,VIDE,0.0,0.12,0.0,1.052998,-0.698132,-0.0,1,0,18.18,19.253,0.0,0.12,0.0,0.5,1.3,2.0,1.0,0.05,1,0.553,0.247,0.0
359,2026-04-27T08:14:46.623Z,S20260427_091422,SC01,AUTO,8.9971,24.0137,0.067,accel_1,1,1500,VIDE,0.0,0.12,0.0,1.071064,-0.698132,0.0,1,0,19.731,18.786,0.0,0.12,0.0,0.5,1.3,2.0,1.0,0.05,1,0.57106,0.22894,0.0
360,2026-04-27T08:14:46.681Z,S20260427_091422,SC01,AUTO,9.0552,24.0717,0.0581,accel_1,1,1500,VIDE,0.0,0.12,0.0,1.089129,-0.698132,0.0,1,0,22.789,16.572,0.0,0.12,0.0,0.5,1.3,2.0,1.0,0.05,1,0.58913,0.21087,0.0
361,2026-04-27T08:14:46.744Z,S20260427_091422,SC01,AUTO,9.1179,24.1344,0.0627,accel_1,1,1500,VIDE,0.0,0.12,0.0,1.107193,-0.698132,-0.0,1,0,23.682,18.834,0.0,0.12,0.0,0.5,1.3,2.0,1.0,0.05,1,0.60719,0.19281,0.0
362,2026-04-27T08:14:46.806Z,S20260427_091422,SC01,AUTO,9.1806,24.1972,0.0627,accel_1,1,1500,VIDE,0.0,0.12,0.0,1.125257,-0.698132,-0.0,1,0,25.92,20.078,0.0,0.12,0.0,0.5,1.3,2.0,1.0,0.05,1,0.62526,0.17474,0.0
363,2026-04-27T08:14:46.869Z,S20260427_091422,SC01,AUTO,9.2435,24.26,0.0629,accel_1,1,1500,VIDE,0.0,0.12,0.0,1.143319,-0.698132,0.0,1,0,27.294,19.07,0.0,0.12,0.0,0.5,1.3,2.0,1.0,0.05,1,0.64332,0.15668,0.0
364,2026-04-27T08:14:46.931Z,S20260427_091422,SC01,AUTO,9.3056,24.3221,0.0622,accel_1,1,1500,VIDE,0.0,0.12,0.0,1.161381,-0.698132,0.0,1,0,11.653,19.48,0.0,0.12,0.0,0.5,1.3,2.0,1.0,0.05,1,0.66138,0.13862,0.0
365,2026-04-27T08:14:46.994Z,S20260427_091422,SC01,AUTO,9.3683,24.3849,0.0627,accel_1,1,1500,VIDE,0.0,0.12,0.0,1.179441,-0.698132,-0.0,1,0,14.278,19.445,0.0,0.12,0.0,0.5,1.3,2.0,1.0,0.05,1,0.67944,0.12056,0.0
366,2026-04-27T08:14:47.056Z,S20260427_091422,SC01,AUTO,9.4299,24.4465,0.0615,accel_1,1,1500,VIDE,0.0,0.12,0.0,1.1975,-0.698132,0.0,1,0,16.532,18.961,0.0,0.12,0.0,0.5,1.3,2.0,1.0,0.05,1,0.6975,0.1025,0.0
367,2026-04-27T08:14:47.120Z,S20260427_091422,SC01,AUTO,9.4944,24.5109,0.0644,accel_1,1,1500,VIDE,0.0,0.12,0.0,1.215559,-0.698132,-0.0,1,0,16.768,18.577,0.0,0.12,0.0,0.5,1.3,2.0,1.0,0.05,1,0.71556,0.08444,0.0
368,2026-04-27T08:14:47.182Z,S20260427_091422,SC01,AUTO,9.5561,24.5726,0.0618,accel_1,1,1500,VIDE,0.0,0.12,0.0,1.233616,-0.698132,-0.0,1,0,18.054,14.467,0.0,0.12,0.0,0.5,1.3,2.0,1.0,0.05,1,0.73362,0.06638,0.0
369,2026-04-27T08:14:47.244Z,S20260427_091422,SC01,AUTO,9.6182,24.6348,0.0621,accel_1,1,1500,VIDE,0.0,0.12,0.0,1.251672,-0.698132,0.0,1,0,19.772,17.902,0.0,0.12,0.0,0.5,1.3,2.0,1.0,0.05,1,0.75167,0.04833,0.0
370,2026-04-27T08:14:47.308Z,S20260427_091422,SC01,AUTO,9.6817,24.6983,0.0635,accel_1,1,1500,VIDE,0.0,0.12,0.0,1.269727,-0.698132,0.0,1,0,21.439,18.631,0.0,0.12,0.0,0.5,1.3,2.0,1.0,0.05,1,0.76973,0.03027,0.0
371,2026-04-27T08:14:47.369Z,S20260427_091422,SC01,AUTO,9.7437,24.7602,0.062,accel_1,1,1500,VIDE,0.0,0.12,0.0,1.287782,-0.698132,-0.0,1,0,22.715,20.398,0.0,0.12,0.0,0.5,1.3,2.0,1.0,0.05,1,0.78778,0.01222,0.0
372,2026-04-27T08:14:47.431Z,S20260427_091422,SC01,AUTO,9.8052,24.8217,0.0615,accel_1,1,1500,VIDE,0.0,0.12,0.0,1.305835,-0.698132,-0.0,1,0,25.549,18.882,0.0,0.12,0.0,0.5,1.3,2.0,1.0,0.05,0,0.80583,-0.00583,0.0
373,2026-04-27T08:14:47.502Z,S20260427_091422,SC01,AUTO,9.8757,24.8922,0.0705,accel_1,1,1500,VIDE,0.0,0.12,0.0,1.332912,-0.698132,0.0,1,0,15.867,19.577,0.0,0.12,0.0,0.5,1.3,2.0,1.0,0.05,0,0.83291,-0.03291,0.0
374,2026-04-27T08:14:47.562Z,S20260427_091422,SC01,AUTO,9.9361,24.9526,0.0604,accel_1,1,1500,VIDE,0.0,0.12,0.0,1.350963,-0.698132,0.0,1,0,17.354,19.116,0.0,0.12,0.0,0.5,1.3,2.0,1.0,0.05,0,0.85096,-0.05096,0.0
375,2026-04-27T08:14:47.625Z,S20260427_091422,SC01,AUTO,9.9991,25.0156,0.063,accel_1,1,1500,VIDE,0.0,0.12,0.0,1.369012,-0.698132,-0.0,1,0,20.193,19.681,0.0,0.12,0.0,0.5,1.3,2.0,1.0,0.05,0,0.86901,-0.06901,0.0
376,2026-04-27T08:14:47.682Z,S20260427_091422,SC01,AUTO,10.0561,25.0727,0.057,accel_2,1,1500,VIDE,0.0,0.2,0.0,1.381265,-0.698132,0.0,1,0,39.632,29.367,0.0,0.2,0.0,1.1,3.3,2.0,1.0,0.05,1,0.28127,1.91873,0.0
377,2026-04-27T08:14:47.744Z,S20260427_091422,SC01,AUTO,10.1186,25.1351,0.0625,accel_2,1,1500,VIDE,0.0,0.2,0.0,1.402364,-0.698132,0.0,1,0,43.217,30.585,0.0,0.2,0.0,1.1,3.3,2.0,1.0,0.05,1,0.30236,1.89764,0.0
378,2026-04-27T08:14:47.807Z,S20260427_091422,SC01,AUTO,10.181,25.1975,0.0624,accel_2,1,1500,VIDE,0.0,0.2,0.0,1.422253,-0.698132,-0.0,1,0,14.949,19.684,0.0,0.2,0.0,1.1,3.3,2.0,1.0,0.05,1,0.32225,1.87775,0.0
379,2026-04-27T08:14:47.880Z,S20260427_091422,SC01,AUTO,10.2542,25.2707,0.0732,accel_2,1,1500,VIDE,0.0,0.2,0.0,1.462096,-0.698132,-0.0,1,0,26.012,19.155,0.0,0.2,0.0,1.1,3.3,2.0,1.0,0.05,1,0.3621,1.8379,0.0
380,2026-04-27T08:14:47.942Z,S20260427_091422,SC01,AUTO,10.3159,25.3325,0.0617,accel_2,1,1500,VIDE,0.0,0.2,0.0,1.490865,-0.698132,0.0,1,0,23.666,16.098,0.0,0.2,0.0,1.1,3.3,2.0,1.0,0.05,1,0.39086,1.80914,0.0
381,2026-04-27T08:14:48.002Z,S20260427_091422,SC01,AUTO,10.376,25.3926,0.0601,accel_2,1,1500,VIDE,0.0,0.2,0.0,1.520959,-0.698132,-0.0,1,0,27.684,18.097,0.0,0.2,0.0,1.1,3.3,2.0,1.0,0.05,1,0.42096,1.77904,0.0
382,2026-04-27T08:14:48.061Z,S20260427_091422,SC01,AUTO,10.4353,25.4518,0.0593,accel_2,1,1500,VIDE,0.0,0.2,0.0,1.552092,-0.698132,-0.0,1,0,28.371,19.183,0.0,0.2,0.0,1.1,3.3,2.0,1.0,0.05,1,0.45209,1.74791,0.0
383,2026-04-27T08:14:48.122Z,S20260427_091422,SC01,AUTO,10.4958,25.5124,0.0605,accel_2,1,1500,VIDE,0.0,0.2,0.0,1.584039,-0.698132,0.0,1,0,28.433,19.696,0.0,0.2,0.0,1.1,3.3,2.0,1.0,0.05,1,0.48404,1.71596,0.0
384,2026-04-27T08:14:48.181Z,S20260427_091422,SC01,AUTO,10.5555,25.572,0.0596,accel_2,1,1500,VIDE,0.0,0.2,0.0,1.616625,-0.698132,0.0,1,0,28.834,19.705,0.0,0.2,0.0,1.1,3.3,2.0,1.0,0.05,1,0.51662,1.68338,0.0
385,2026-04-27T08:14:48.255Z,S20260427_091422,SC01,AUTO,10.6292,25.6458,0.0738,accel_2,1,1500,VIDE,0.0,0.2,0.0,1.649711,-0.698132,0.0,1,0,29.256,20.177,0.0,0.2,0.0,1.1,3.3,2.0,1.0,0.05,1,0.54971,1.65029,0.0
386,2026-04-27T08:14:48.318Z,S20260427_091422,SC01,AUTO,10.6917,25.7083,0.0624,accel_2,1,1500,VIDE,0.0,0.2,0.0,1.683189,-0.698132,0.0,1,0,8.98,20.772,0.0,0.2,0.0,1.1,3.3,2.0,1.0,0.05,1,0.58319,1.61681,0.0
387,2026-04-27T08:14:48.379Z,S20260427_091422,SC01,AUTO,10.7527,25.7693,0.0611,accel_2,1,1500,VIDE,0.0,0.2,0.0,1.716974,-0.698132,0.0,1,0,31.344,21.589,0.0,0.2,0.0,1.1,3.3,2.0,1.0,0.05,1,0.61697,1.58303,0.0
388,2026-04-27T08:14:48.441Z,S20260427_091422,SC01,AUTO,10.8147,25.8312,0.0619,accel_2,1,1500,VIDE,0.0,0.2,0.0,1.750998,-0.698132,0.0,1,0,29.772,23.13,0.0,0.2,0.0,1.1,3.3,2.0,1.0,0.05,1,0.651,1.549,0.0
389,2026-04-27T08:14:48.501Z,S20260427_091422,SC01,AUTO,10.8756,25.8921,0.0609,accel_2,1,1500,VIDE,0.0,0.2,0.0,1.785211,-0.698132,0.0,1,0,14.993,18.749,0.0,0.2,0.0,1.1,3.3,2.0,1.0,0.05,1,0.68521,1.51479,0.0
390,2026-04-27T08:14:48.561Z,S20260427_091422,SC01,AUTO,10.9355,25.952,0.0599,accel_2,1,1500,VIDE,0.0,0.2,0.0,1.81957,-0.698132,0.0,1,0,16.154,19.537,0.0,0.2,0.0,1.1,3.3,2.0,1.0,0.05,1,0.71957,1.48043,0.0
391,2026-04-27T08:14:48.633Z,S20260427_091422,SC01,AUTO,11.0076,26.0241,0.0721,accel_2,1,1500,VIDE,0.0,0.2,0.0,1.871315,-0.698132,0.0,1,0,26.378,19.179,0.0,0.2,0.0,1.1,3.3,2.0,1.0,0.05,1,0.77132,1.42868,0.0
392,2026-04-27T08:14:48.682Z,S20260427_091422,SC01,AUTO,11.056,26.0726,0.0485,accel_2,1,1500,VIDE,0.0,0.2,0.0,1.888607,-0.698132,0.0,1,0,14.757,19.477,0.0,0.2,0.0,1.1,3.3,2.0,1.0,0.05,1,0.78861,1.41139,0.0
393,2026-04-27T08:14:48.753Z,S20260427_091422,SC01,AUTO,11.1267,26.1432,0.0706,accel_2,1,1500,VIDE,0.0,0.2,0.0,1.940576,-0.698132,0.0,1,0,25.723,19.844,0.0,0.2,0.0,1.1,3.3,2.0,1.0,0.05,1,0.84058,1.35942,0.0
394,2026-04-27T08:14:48.815Z,S20260427_091422,SC01,AUTO,11.1892,26.2057,0.0625,accel_2,1,1500,VIDE,0.0,0.2,0.0,1.975284,-0.698132,0.0,1,0,27.82,18.988,0.0,0.2,0.0,1.1,3.3,2.0,1.0,0.05,1,0.87528,1.32472,0.0
395,2026-04-27T08:14:48.877Z,S20260427_091422,SC01,AUTO,11.2515,26.2681,0.0624,accel_2,1,1500,VIDE,0.0,0.2,0.0,2.010028,-0.698132,0.0,1,0,27.856,19.44,0.0,0.2,0.0,1.1,3.3,2.0,1.0,0.05,1,0.91003,1.28997,0.0
396,2026-04-27T08:14:48.939Z,S20260427_091422,SC01,AUTO,11.3131,26.3297,0.0616,accel_2,1,1500,VIDE,0.0,0.2,0.0,2.044801,-0.698132,0.0,1,0,28.766,19.096,0.0,0.2,0.0,1.1,3.3,2.0,1.0,0.05,1,0.9448,1.2552,0.0
397,2026-04-27T08:14:49.002Z,S20260427_091422,SC01,AUTO,11.3759,26.3924,0.0627,accel_2,1,1500,VIDE,0.0,0.2,0.0,2.079595,-0.698132,0.0,1,0,9.291,20.085,0.0,0.2,0.0,1.1,3.3,2.0,1.0,0.05,1,0.97959,1.22041,0.0
398,2026-04-27T08:14:49.061Z,S20260427_091422,SC01,AUTO,11.4354,26.4519,0.0595,accel_2,1,1500,VIDE,0.0,0.2,0.0,2.114404,-0.698132,-0.0,1,0,8.465,19.564,0.0,0.2,0.0,1.1,3.3,2.0,1.0,0.05,1,1.0144,1.1856,0.0
399,2026-04-27T08:14:49.122Z,S20260427_091422,SC01,AUTO,11.4957,26.5122,0.0603,accel_2,1,1500,VIDE,0.0,0.2,0.0,2.149226,-0.698132,-0.0,1,0,28.853,19.867,0.0,0.2,0.0,1.1,3.3,2.0,1.0,0.05,1,1.04923,1.15077,0.0
400,2026-04-27T08:14:49.182Z,S20260427_091422,SC01,AUTO,11.5558,26.5723,0.0601,accel_2,1,1500,VIDE,0.0,0.2,0.0,2.184056,-0.698132,0.0,1,0,27.875,19.651,0.0,0.2,0.0,1.1,3.3,2.0,1.0,0.05,1,1.08406,1.11594,0.0
401,2026-04-27T08:14:49.252Z,S20260427_091422,SC01,AUTO,11.626,26.6426,0.0702,accel_2,1,1500,VIDE,0.0,0.2,0.0,2.218893,-0.698132,0.0,1,0,26.365,19.704,0.0,0.2,0.0,1.1,3.3,2.0,1.0,0.05,1,1.11889,1.08111,0.0
402,2026-04-27T08:14:49.314Z,S20260427_091422,SC01,AUTO,11.6881,26.7047,0.0622,accel_2,1,1500,VIDE,0.0,0.2,0.0,2.253733,-0.698132,-0.0,1,0,11.43,18.712,0.0,0.2,0.0,1.1,3.3,2.0,1.0,0.05,1,1.15373,1.04627,0.0
403,2026-04-27T08:14:49.377Z,S20260427_091422,SC01,AUTO,11.7516,26.7682,0.0635,accel_2,1,1500,VIDE,0.0,0.2,0.0,2.288576,-0.698132,-0.0,1,0,13.444,19.139,0.0,0.2,0.0,1.1,3.3,2.0,1.0,0.05,1,1.18858,1.01142,0.0
404,2026-04-27T08:14:49.438Z,S20260427_091422,SC01,AUTO,11.8126,26.8292,0.061,accel_2,1,1500,VIDE,0.0,0.2,0.0,2.323421,-0.698132,0.0,1,0,13.936,17.842,0.0,0.2,0.0,1.1,3.3,2.0,1.0,0.05,1,1.22342,0.97658,0.0
405,2026-04-27T08:14:49.502Z,S20260427_091422,SC01,AUTO,11.8763,26.8928,0.0637,accel_2,1,1500,VIDE,0.0,0.2,0.0,2.358265,-0.698132,0.0,1,0,13.302,16.665,0.0,0.2,0.0,1.1,3.3,2.0,1.0,0.05,1,1.25827,0.94173,0.0
406,2026-04-27T08:14:49.562Z,S20260427_091422,SC01,AUTO,11.9358,26.9523,0.0595,accel_2,1,1500,VIDE,0.0,0.2,0.0,2.39311,-0.698132,-0.0,1,0,17.161,17.497,0.0,0.2,0.0,1.1,3.3,2.0,1.0,0.05,1,1.29311,0.90689,0.0
407,2026-04-27T08:14:49.632Z,S20260427_091422,SC01,AUTO,12.0066,27.0232,0.0709,accel_2,1,1500,VIDE,0.0,0.2,0.0,2.445374,-0.698132,-0.0,1,0,26.794,19.899,0.0,0.2,0.0,1.1,3.3,2.0,1.0,0.05,1,1.34537,0.85463,0.0
408,2026-04-27T08:14:49.681Z,S20260427_091422,SC01,AUTO,12.0555,27.0721,0.0489,accel_2,1,1500,VIDE,0.0,0.2,0.0,2.462794,-0.698132,0.0,1,0,18.582,19.934,0.0,0.2,0.0,1.1,3.3,2.0,1.0,0.05,1,1.36279,0.83721,0.0
409,2026-04-27T08:14:49.751Z,S20260427_091422,SC01,AUTO,12.125,27.1416,0.0695,accel_2,1,1500,VIDE,0.0,0.2,0.0,2.509246,-0.698132,0.0,1,0,28.418,0.585,0.0,0.2,0.0,1.1,3.3,2.0,1.0,0.05,1,1.40925,0.79075,0.0
410,2026-04-27T08:14:49.813Z,S20260427_091422,SC01,AUTO,12.1876,27.2042,0.0626,accel_2,1,1500,VIDE,0.0,0.2,0.0,2.549888,-0.698132,-0.0,1,0,30.404,19.782,0.0,0.2,0.0,1.1,3.3,2.0,1.0,0.05,1,1.44989,0.75011,0.0
411,2026-04-27T08:14:49.876Z,S20260427_091422,SC01,AUTO,12.2503,27.2669,0.0627,accel_2,1,1500,VIDE,0.0,0.2,0.0,2.584721,-0.698132,0.0,1,0,11.214,18.708,0.0,0.2,0.0,1.1,3.3,2.0,1.0,0.05,1,1.48472,0.71528,0.0
412,2026-04-27T08:14:49.938Z,S20260427_091422,SC01,AUTO,12.3124,27.3289,0.0621,accel_2,1,1500,VIDE,0.0,0.2,0.0,2.619551,-0.698132,-0.0,1,0,12.407,19.267,0.0,0.2,0.0,1.1,3.3,2.0,1.0,0.05,1,1.51955,0.68045,0.0
413,2026-04-27T08:14:49.999Z,S20260427_091422,SC01,AUTO,12.3735,27.3901,0.0611,accel_2,1,1500,VIDE,0.0,0.2,0.0,2.654379,-0.698132,-0.0,1,0,14.75,19.924,0.0,0.2,0.0,1.1,3.3,2.0,1.0,0.05,1,1.55438,0.64562,0.0
414,2026-04-27T08:14:50.062Z,S20260427_091422,SC01,AUTO,12.4361,27.4526,0.0625,accel_2,1,1500,VIDE,0.0,0.2,0.0,2.689203,-0.698132,-0.0,1,0,16.106,19.948,0.0,0.2,0.0,1.1,3.3,2.0,1.0,0.05,1,1.5892,0.6108,0.0
415,2026-04-27T08:14:50.122Z,S20260427_091422,SC01,AUTO,12.4965,27.513,0.0604,accel_2,1,1500,VIDE,0.0,0.2,0.0,2.724023,-0.698132,-0.0,1,0,18.183,19.415,0.0,0.2,0.0,1.1,3.3,2.0,1.0,0.05,1,1.62402,0.57598,0.0
416,2026-04-27T08:14:50.181Z,S20260427_091422,SC01,AUTO,12.5553,27.5719,0.0588,accel_2,1,1500,VIDE,0.0,0.2,0.0,2.758841,-0.698132,-0.0,1,0,19.04,18.965,0.0,0.2,0.0,1.1,3.3,2.0,1.0,0.05,1,1.65884,0.54116,0.0
417,2026-04-27T08:14:50.249Z,S20260427_091422,SC01,AUTO,12.6232,27.6398,0.0679,accel_2,1,1500,VIDE,0.0,0.2,0.0,2.793654,-0.698132,-0.0,1,0,18.887,19.261,0.0,0.2,0.0,1.1,3.3,2.0,1.0,0.05,1,1.69365,0.50635,0.0
418,2026-04-27T08:14:50.311Z,S20260427_091422,SC01,AUTO,12.6855,27.7021,0.0622,accel_2,1,1500,VIDE,0.0,0.2,0.0,2.828465,-0.698132,-0.0,1,0,23.212,18.763,0.0,0.2,0.0,1.1,3.3,2.0,1.0,0.05,1,1.72846,0.47154,0.0
419,2026-04-27T08:14:50.373Z,S20260427_091422,SC01,AUTO,12.7476,27.7641,0.0621,accel_2,1,1500,VIDE,0.0,0.2,0.0,2.863271,-0.698132,-0.0,1,0,24.951,19.89,0.0,0.2,0.0,1.1,3.3,2.0,1.0,0.05,1,1.76327,0.43673,0.0
420,2026-04-27T08:14:50.434Z,S20260427_091422,SC01,AUTO,12.8084,27.8249,0.0608,accel_2,1,1500,VIDE,0.0,0.2,0.0,2.898074,-0.698132,-0.0,1,0,28.777,20.077,0.0,0.2,0.0,1.1,3.3,2.0,1.0,0.05,1,1.79807,0.40193,0.0
421,2026-04-27T08:14:50.497Z,S20260427_091422,SC01,AUTO,12.8708,27.8873,0.0624,accel_2,1,1500,VIDE,0.0,0.2,0.0,2.932874,-0.698132,-0.0,1,0,27.164,20.62,0.0,0.2,0.0,1.1,3.3,2.0,1.0,0.05,1,1.83287,0.36713,0.0
422,2026-04-27T08:14:50.559Z,S20260427_091422,SC01,AUTO,12.9328,27.9493,0.062,accel_2,1,1500,VIDE,0.0,0.2,0.0,2.967669,-0.698132,0.0,1,0,28.72,19.444,0.0,0.2,0.0,1.1,3.3,2.0,1.0,0.05,1,1.86767,0.33233,0.0
423,2026-04-27T08:14:50.621Z,S20260427_091422,SC01,AUTO,12.9956,28.0121,0.0628,accel_2,1,1500,VIDE,0.0,0.2,0.0,3.002461,-0.698132,-0.0,1,0,29.469,16.54,0.0,0.2,0.0,1.1,3.3,2.0,1.0,0.05,1,1.90246,0.29754,0.0
424,2026-04-27T08:14:50.681Z,S20260427_091422,SC01,AUTO,13.0554,28.072,0.0599,accel_2,1,1500,VIDE,0.0,0.2,0.0,3.037249,-0.698132,0.0,1,0,27.223,19.025,0.0,0.2,0.0,1.1,3.3,2.0,1.0,0.05,1,1.93725,0.26275,0.0
425,2026-04-27T08:14:50.746Z,S20260427_091422,SC01,AUTO,13.1199,28.1365,0.0645,accel_2,1,1500,VIDE,0.0,0.2,0.0,3.072033,-0.698132,-0.0,1,0,28.004,19.446,0.0,0.2,0.0,1.1,3.3,2.0,1.0,0.05,1,1.97203,0.22797,0.0
426,2026-04-27T08:14:50.807Z,S20260427_091422,SC01,AUTO,13.1812,28.1978,0.0613,accel_2,1,1500,VIDE,0.0,0.2,0.0,3.106813,-0.698132,-0.0,1,0,27.241,19.851,0.0,0.2,0.0,1.1,3.3,2.0,1.0,0.05,1,2.00681,0.19319,0.0
427,2026-04-27T08:14:50.870Z,S20260427_091422,SC01,AUTO,13.2441,28.2607,0.0629,accel_2,1,1500,VIDE,0.0,0.2,0.0,3.141589,-0.698132,0.0,1,0,8.89,20.103,0.0,0.2,0.0,1.1,3.3,2.0,1.0,0.05,1,2.04159,0.15841,0.0
428,2026-04-27T08:14:50.932Z,S20260427_091422,SC01,AUTO,13.3062,28.3228,0.0621,accel_2,1,1500,VIDE,0.0,0.2,0.0,3.176361,-0.698132,-0.0,1,0,10.844,19.812,0.0,0.2,0.0,1.1,3.3,2.0,1.0,0.05,1,2.07636,0.12364,0.0
429,2026-04-27T08:14:50.994Z,S20260427_091422,SC01,AUTO,13.3682,28.3847,0.062,accel_2,1,1500,VIDE,0.0,0.2,0.0,3.211129,-0.698132,-0.0,1,0,10.816,19.643,0.0,0.2,0.0,1.1,3.3,2.0,1.0,0.05,1,2.11113,0.08887,0.0
430,2026-04-27T08:14:51.057Z,S20260427_091422,SC01,AUTO,13.4311,28.4476,0.0628,accel_2,1,1500,VIDE,0.0,0.2,0.0,3.245893,-0.698132,-0.0,1,0,12.115,19.236,0.0,0.2,0.0,1.1,3.3,2.0,1.0,0.05,1,2.14589,0.05411,0.0
431,2026-04-27T08:14:51.119Z,S20260427_091422,SC01,AUTO,13.4935,28.51,0.0625,accel_2,1,1500,VIDE,0.0,0.2,0.0,3.280653,-0.698132,-0.0,1,0,13.622,17.852,0.0,0.2,0.0,1.1,3.3,2.0,1.0,0.05,1,2.18065,0.01935,0.0
432,2026-04-27T08:14:51.181Z,S20260427_091422,SC01,AUTO,13.5556,28.5721,0.0621,accel_2,1,1500,VIDE,0.0,0.2,0.0,3.3212,-0.698132,-0.0,1,0,39.696,27.598,0.0,0.2,0.0,1.1,3.3,2.0,1.0,0.05,0,2.2212,-0.0212,0.0
433,2026-04-27T08:14:51.246Z,S20260427_091422,SC01,AUTO,13.6197,28.6363,0.0641,accel_2,1,1500,VIDE,0.0,0.2,0.0,3.367534,-0.698132,0.0,1,0,23.098,19.317,0.0,0.2,0.0,1.1,3.3,2.0,1.0,0.05,0,2.26753,-0.06753,0.0
434,2026-04-27T08:14:51.307Z,S20260427_091422,SC01,AUTO,13.6814,28.698,0.0618,accel_2,1,1500,VIDE,0.0,0.2,0.0,3.390697,-0.698132,-0.0,1,0,44.528,31.896,0.0,0.2,0.0,1.1,3.3,2.0,1.0,0.05,0,2.2907,-0.0907,0.0
435,2026-04-27T08:14:51.370Z,S20260427_091422,SC01,AUTO,13.7438,28.7603,0.0623,accel_2,1,1500,VIDE,0.0,0.2,0.0,3.41965,-0.698132,-0.0,1,0,20.541,19.687,0.0,0.2,0.0,1.1,3.3,2.0,1.0,0.05,0,2.31965,-0.11965,0.0
436,2026-04-27T08:14:51.431Z,S20260427_091422,SC01,AUTO,13.8048,28.8213,0.0611,accel_2,1,1500,VIDE,0.0,0.2,0.0,3.454388,-0.698132,0.0,1,0,24.096,19.452,0.0,0.2,0.0,1.1,3.3,2.0,1.0,0.05,0,2.35439,-0.15439,0.0
437,2026-04-27T08:14:51.502Z,S20260427_091422,SC01,AUTO,13.8757,28.8922,0.0709,accel_2,1,1500,VIDE,0.0,0.2,0.0,3.506488,-0.698132,-0.0,1,0,16.047,18.375,0.0,0.2,0.0,1.1,3.3,2.0,1.0,0.05,0,2.40649,-0.20649,0.0
438,2026-04-27T08:14:51.562Z,S20260427_091422,SC01,AUTO,13.936,28.9526,0.0604,accel_2,1,1500,VIDE,0.0,0.2,0.0,3.541215,-0.698132,0.0,1,0,14.364,18.889,0.0,0.2,0.0,1.1,3.3,2.0,1.0,0.05,0,2.44122,-0.24122,0.0
439,2026-04-27T08:14:51.622Z,S20260427_091422,SC01,AUTO,13.9962,29.0128,0.0602,accel_2,1,1500,VIDE,0.0,0.2,0.0,3.575938,-0.698132,-0.0,1,0,13.596,19.506,0.0,0.2,0.0,1.1,3.3,2.0,1.0,0.05,0,2.47594,-0.27594,0.0
440,2026-04-27T08:14:51.682Z,S20260427_091422,SC01,AUTO,14.0559,29.0725,0.0597,stabilize,1,1500,VIDE,0.0,0.09,0.0,3.611769,-0.698132,-0.0,1,0,15.974,0.314,0.0,0.09,0.0,3.5,4.9,2.0,0.5,0.05,1,0.11177,1.28823,0.0
441,2026-04-27T08:14:51.745Z,S20260427_091422,SC01,AUTO,14.1191,29.1357,0.0631,stabilize,1,1500,VIDE,0.0,0.09,0.0,3.639761,-0.698132,-0.0,1,0,19.656,19.473,0.0,0.09,0.0,3.5,4.9,2.0,0.5,0.05,1,0.13976,1.26024,0.0
442,2026-04-27T08:14:51.820Z,S20260427_091422,SC01,AUTO,14.1941,29.2107,0.075,stabilize,1,1500,VIDE,0.0,0.09,0.0,3.66559,-0.698132,0.0,1,0,22.273,19.353,0.0,0.09,0.0,3.5,4.9,2.0,0.5,0.05,1,0.16559,1.23441,0.0
443,2026-04-27T08:14:51.882Z,S20260427_091422,SC01,AUTO,14.2562,29.2728,0.0621,stabilize,1,1500,VIDE,0.0,0.09,0.0,3.688326,-0.698132,-0.0,1,0,21.919,19.945,0.0,0.09,0.0,3.5,4.9,2.0,0.5,0.05,1,0.18833,1.21167,0.0
444,2026-04-27T08:14:51.942Z,S20260427_091422,SC01,AUTO,14.3157,29.3322,0.0595,stabilize,1,1500,VIDE,0.0,0.09,0.0,3.708636,-0.698132,-0.0,1,0,22.624,17.645,0.0,0.09,0.0,3.5,4.9,2.0,0.5,0.05,1,0.20864,1.19136,0.0
445,2026-04-27T08:14:52.002Z,S20260427_091422,SC01,AUTO,14.3764,29.393,0.0607,stabilize,1,1500,VIDE,0.0,0.09,0.0,3.727043,-0.698132,0.0,1,0,25.697,18.971,0.0,0.09,0.0,3.5,4.9,2.0,0.5,0.05,1,0.22704,1.17296,0.0
446,2026-04-27T08:14:52.061Z,S20260427_091422,SC01,AUTO,14.4352,29.4518,0.0588,stabilize,1,1500,VIDE,0.0,0.09,0.0,3.743956,-0.698132,-0.0,1,0,25.449,18.895,0.0,0.09,0.0,3.5,4.9,2.0,0.5,0.05,1,0.24396,1.15604,0.0
447,2026-04-27T08:14:52.122Z,S20260427_091422,SC01,AUTO,14.4957,29.5123,0.0606,stabilize,1,1500,VIDE,0.0,0.09,0.0,3.759699,-0.698132,-0.0,1,0,25.604,20.731,0.0,0.09,0.0,3.5,4.9,2.0,0.5,0.05,1,0.2597,1.1403,0.0
448,2026-04-27T08:14:52.181Z,S20260427_091422,SC01,AUTO,14.5557,29.5722,0.0599,stabilize,1,1500,VIDE,0.0,0.09,0.0,3.774522,-0.698132,-0.0,1,0,25.591,19.715,0.0,0.09,0.0,3.5,4.9,2.0,0.5,0.05,1,0.27452,1.12548,0.0
449,2026-04-27T08:14:52.257Z,S20260427_091422,SC01,AUTO,14.6309,29.6474,0.0751,stabilize,1,1500,VIDE,0.0,0.09,0.0,3.795453,-0.698132,-0.0,1,0,13.477,19.048,0.0,0.09,0.0,3.5,4.9,2.0,0.5,0.05,1,0.29545,1.10455,0.0
450,2026-04-27T08:14:52.318Z,S20260427_091422,SC01,AUTO,14.6925,29.709,0.0617,stabilize,1,1500,VIDE,0.0,0.09,0.0,3.808753,-0.698132,-0.0,1,0,11.549,19.302,0.0,0.09,0.0,3.5,4.9,2.0,0.5,0.05,1,0.30875,1.09125,0.0
451,2026-04-27T08:14:52.380Z,S20260427_091422,SC01,AUTO,14.7546,29.7712,0.0621,stabilize,1,1500,VIDE,0.0,0.09,0.0,3.821659,-0.698132,-0.0,1,0,15.14,18.681,0.0,0.09,0.0,3.5,4.9,2.0,0.5,0.05,1,0.32166,1.07834,0.0
452,2026-04-27T08:14:52.441Z,S20260427_091422,SC01,AUTO,14.8154,29.8319,0.0608,stabilize,1,1500,VIDE,0.0,0.09,0.0,3.834256,-0.698132,-0.0,1,0,15.489,18.521,0.0,0.09,0.0,3.5,4.9,2.0,0.5,0.05,1,0.33426,1.06574,0.0
453,2026-04-27T08:14:52.501Z,S20260427_091422,SC01,AUTO,14.8751,29.8917,0.0597,stabilize,1,1500,VIDE,0.0,0.09,0.0,3.84661,-0.698132,-0.0,1,0,13.73,19.172,0.0,0.09,0.0,3.5,4.9,2.0,0.5,0.05,1,0.34661,1.05339,0.0
454,2026-04-27T08:14:52.561Z,S20260427_091422,SC01,AUTO,14.9352,29.9517,0.0601,stabilize,1,1500,VIDE,0.0,0.09,0.0,3.858773,-0.698132,-0.0,1,0,13.478,20.278,0.0,0.09,0.0,3.5,4.9,2.0,0.5,0.05,1,0.35877,1.04123,0.0
455,2026-04-27T08:14:52.622Z,S20260427_091422,SC01,AUTO,14.9961,30.0127,0.0609,stabilize,1,1500,VIDE,0.0,0.09,0.0,3.870786,-0.698132,-0.0,1,0,14.458,18.845,0.0,0.09,0.0,3.5,4.9,2.0,0.5,0.05,1,0.37079,1.02921,0.0
456,2026-04-27T08:14:52.682Z,S20260427_091422,SC01,AUTO,15.0558,30.0724,0.0597,stabilize,1,1500,VIDE,0.0,0.09,0.0,3.882681,-0.698132,-0.0,1,0,15.568,19.036,0.0,0.09,0.0,3.5,4.9,2.0,0.5,0.05,1,0.38268,1.01732,0.0
457,2026-04-27T08:14:52.755Z,S20260427_091422,SC01,AUTO,15.1292,30.1457,0.0734,stabilize,1,1500,VIDE,0.0,0.09,0.0,3.894483,-0.698132,0.0,1,0,16.062,19.413,0.0,0.09,0.0,3.5,4.9,2.0,0.5,0.05,1,0.39448,1.00552,0.0
458,2026-04-27T08:14:52.818Z,S20260427_091422,SC01,AUTO,15.1917,30.2082,0.0625,stabilize,1,1500,VIDE,0.0,0.09,0.0,3.906211,-0.698132,-0.0,1,0,15.048,18.446,0.0,0.09,0.0,3.5,4.9,2.0,0.5,0.05,1,0.40621,0.99379,0.0
459,2026-04-27T08:14:52.878Z,S20260427_091422,SC01,AUTO,15.2521,30.2686,0.0604,stabilize,1,1500,VIDE,0.0,0.09,0.0,3.917882,-0.698132,0.0,1,0,16.11,16.658,0.0,0.09,0.0,3.5,4.9,2.0,0.5,0.05,1,0.41788,0.98212,0.0
460,2026-04-27T08:14:52.939Z,S20260427_091422,SC01,AUTO,15.3131,30.3296,0.061,stabilize,1,1500,VIDE,0.0,0.09,0.0,3.929507,-0.698132,-0.0,1,0,17.623,16.679,0.0,0.09,0.0,3.5,4.9,2.0,0.5,0.05,1,0.42951,0.97049,0.0
461,2026-04-27T08:14:53.002Z,S20260427_091422,SC01,AUTO,15.3766,30.3931,0.0633,stabilize,1,1500,VIDE,0.0,0.09,0.0,3.941096,-0.698132,-0.0,1,0,18.912,15.504,0.0,0.09,0.0,3.5,4.9,2.0,0.5,0.05,1,0.4411,0.9589,0.0
462,2026-04-27T08:14:53.062Z,S20260427_091422,SC01,AUTO,15.4357,30.4523,0.0594,stabilize,1,1500,VIDE,0.0,0.09,0.0,3.952657,-0.698132,-0.0,1,0,21.351,17.31,0.0,0.09,0.0,3.5,4.9,2.0,0.5,0.05,1,0.45266,0.94734,0.0
463,2026-04-27T08:14:53.121Z,S20260427_091422,SC01,AUTO,15.4955,30.5121,0.0598,stabilize,1,1500,VIDE,0.0,0.09,0.0,3.964194,-0.698132,-0.0,1,0,23.744,19.131,0.0,0.09,0.0,3.5,4.9,2.0,0.5,0.05,1,0.46419,0.93581,0.0
464,2026-04-27T08:14:53.182Z,S20260427_091422,SC01,AUTO,15.5559,30.5724,0.0603,stabilize,1,1500,VIDE,0.0,0.09,0.0,3.975713,-0.698132,-0.0,1,0,25.184,19.783,0.0,0.09,0.0,3.5,4.9,2.0,0.5,0.05,1,0.47571,0.92429,0.0
465,2026-04-27T08:14:53.250Z,S20260427_091422,SC01,AUTO,15.6239,30.6404,0.068,stabilize,1,1500,VIDE,0.0,0.09,0.0,3.987218,-0.698132,0.0,1,0,28.012,19.509,0.0,0.09,0.0,3.5,4.9,2.0,0.5,0.05,1,0.48722,0.91278,0.0
466,2026-04-27T08:14:53.312Z,S20260427_091422,SC01,AUTO,15.6859,30.7025,0.0622,stabilize,1,1500,VIDE,0.0,0.09,0.0,3.99871,-0.698132,-0.0,1,0,30.92,19.217,0.0,0.09,0.0,3.5,4.9,2.0,0.5,0.05,1,0.49871,0.90129,0.0
467,2026-04-27T08:14:53.374Z,S20260427_091422,SC01,AUTO,15.7486,30.7652,0.0626,stabilize,1,1500,VIDE,0.0,0.09,0.0,4.010193,-0.698132,-0.0,1,0,30.021,19.892,0.0,0.09,0.0,3.5,4.9,2.0,0.5,0.05,1,0.51019,0.88981,0.0
468,2026-04-27T08:14:53.436Z,S20260427_091422,SC01,AUTO,15.8104,30.8269,0.0618,stabilize,1,1500,VIDE,0.0,0.09,0.0,4.021668,-0.698132,-0.0,1,0,9.984,19.04,0.0,0.09,0.0,3.5,4.9,2.0,0.5,0.05,1,0.52167,0.87833,0.0
469,2026-04-27T08:14:53.498Z,S20260427_091422,SC01,AUTO,15.8718,30.8884,0.0614,stabilize,1,1500,VIDE,0.0,0.09,0.0,4.035047,-0.698132,-0.0,1,0,35.354,7.131,0.0,0.09,0.0,3.5,4.9,2.0,0.5,0.05,1,0.53505,0.86495,0.0
470,2026-04-27T08:14:53.559Z,S20260427_091422,SC01,AUTO,15.9333,30.9498,0.0614,stabilize,1,1500,VIDE,0.0,0.09,0.0,4.050329,-0.698132,-0.0,1,0,17.375,19.107,0.0,0.09,0.0,3.5,4.9,2.0,0.5,0.05,1,0.55033,0.84967,0.0
471,2026-04-27T08:14:53.622Z,S20260427_091422,SC01,AUTO,15.9964,31.0129,0.0632,stabilize,1,1500,VIDE,0.0,0.09,0.0,4.061785,-0.698132,-0.0,1,0,15.865,19.216,0.0,0.09,0.0,3.5,4.9,2.0,0.5,0.05,1,0.56178,0.83822,0.0
472,2026-04-27T08:14:53.682Z,S20260427_091422,SC01,AUTO,16.0558,31.0723,0.0594,stabilize,1,1500,VIDE,0.0,0.09,0.0,4.073237,-0.698132,-0.0,1,0,17.316,19.226,0.0,0.09,0.0,3.5,4.9,2.0,0.5,0.05,1,0.57324,0.82676,0.0
473,2026-04-27T08:14:53.744Z,S20260427_091422,SC01,AUTO,16.1178,31.1344,0.062,stabilize,1,1500,VIDE,0.0,0.09,0.0,4.084686,-0.698132,-0.0,1,0,17.283,19.336,0.0,0.09,0.0,3.5,4.9,2.0,0.5,0.05,1,0.58469,0.81531,0.0
474,2026-04-27T08:14:53.807Z,S20260427_091422,SC01,AUTO,16.1813,31.1979,0.0635,stabilize,1,1500,VIDE,0.0,0.09,0.0,4.096132,-0.698132,0.0,1,0,20.975,19.158,0.0,0.09,0.0,3.5,4.9,2.0,0.5,0.05,1,0.59613,0.80387,0.0
475,2026-04-27T08:14:53.869Z,S20260427_091422,SC01,AUTO,16.243,31.2596,0.0617,stabilize,1,1500,VIDE,0.0,0.09,0.0,4.107576,-0.698132,0.0,1,0,21.483,18.522,0.0,0.09,0.0,3.5,4.9,2.0,0.5,0.05,1,0.60758,0.79242,0.0
476,2026-04-27T08:14:53.931Z,S20260427_091422,SC01,AUTO,16.3051,31.3217,0.0621,stabilize,1,1500,VIDE,0.0,0.09,0.0,4.119017,-0.698132,-0.0,1,0,19.449,19.171,0.0,0.09,0.0,3.5,4.9,2.0,0.5,0.05,1,0.61902,0.78098,0.0
477,2026-04-27T08:14:53.993Z,S20260427_091422,SC01,AUTO,16.3675,31.384,0.0624,stabilize,1,1500,VIDE,0.0,0.09,0.0,4.130455,-0.698132,-0.0,1,0,21.26,20.048,0.0,0.09,0.0,3.5,4.9,2.0,0.5,0.05,1,0.63046,0.76954,0.0
478,2026-04-27T08:14:54.057Z,S20260427_091422,SC01,AUTO,16.431,31.4476,0.0635,stabilize,1,1500,VIDE,0.0,0.09,0.0,4.141892,-0.698132,-0.0,1,0,20.691,19.727,0.0,0.09,0.0,3.5,4.9,2.0,0.5,0.05,1,0.64189,0.75811,0.0
479,2026-04-27T08:14:54.119Z,S20260427_091422,SC01,AUTO,16.4933,31.5098,0.0622,stabilize,1,1500,VIDE,0.0,0.09,0.0,4.153327,-0.698132,0.0,1,0,19.842,18.16,0.0,0.09,0.0,3.5,4.9,2.0,0.5,0.05,1,0.65333,0.74667,0.0
480,2026-04-27T08:14:54.181Z,S20260427_091422,SC01,AUTO,16.5549,31.5715,0.0616,stabilize,1,1500,VIDE,0.0,0.09,0.0,4.164759,-0.698132,-0.0,1,0,19.449,14.942,0.0,0.09,0.0,3.5,4.9,2.0,0.5,0.05,1,0.66476,0.73524,0.0
481,2026-04-27T08:14:54.257Z,S20260427_091422,SC01,AUTO,16.6314,31.6479,0.0765,stabilize,1,1500,VIDE,0.0,0.09,0.0,4.181904,-0.698132,-0.0,1,0,26.658,20.205,0.0,0.09,0.0,3.5,4.9,2.0,0.5,0.05,1,0.6819,0.7181,0.0
482,2026-04-27T08:14:54.307Z,S20260427_091422,SC01,AUTO,16.6809,31.6974,0.0495,stabilize,1,1500,VIDE,0.0,0.09,0.0,4.189523,-0.698132,-0.0,1,0,43.227,27.461,0.0,0.09,0.0,3.5,4.9,2.0,0.5,0.05,1,0.68952,0.71048,0.0
483,2026-04-27T08:14:54.368Z,S20260427_091422,SC01,AUTO,16.7422,31.7588,0.0613,stabilize,1,1500,VIDE,0.0,0.09,0.0,4.202854,-0.698132,-0.0,1,0,45.963,1.678,0.0,0.09,0.0,3.5,4.9,2.0,0.5,0.05,1,0.70285,0.69715,0.0
484,2026-04-27T08:14:54.441Z,S20260427_091422,SC01,AUTO,16.8154,31.832,0.0732,stabilize,1,1500,VIDE,0.0,0.09,0.0,4.216182,-0.698132,-0.0,1,0,25.305,19.236,0.0,0.09,0.0,3.5,4.9,2.0,0.5,0.05,1,0.71618,0.68382,0.0
485,2026-04-27T08:14:54.502Z,S20260427_091422,SC01,AUTO,16.8762,31.8928,0.0608,stabilize,1,1500,VIDE,0.0,0.09,0.0,4.227605,-0.698132,-0.0,1,0,23.217,19.684,0.0,0.09,0.0,3.5,4.9,2.0,0.5,0.05,1,0.7276,0.6724,0.0
486,2026-04-27T08:14:54.562Z,S20260427_091422,SC01,AUTO,16.9362,31.9528,0.06,stabilize,1,1500,VIDE,0.0,0.09,0.0,4.239026,-0.698132,-0.0,1,0,22.623,19.114,0.0,0.09,0.0,3.5,4.9,2.0,0.5,0.05,1,0.73903,0.66097,0.0
487,2026-04-27T08:14:54.636Z,S20260427_091422,SC01,AUTO,17.0099,32.0264,0.0737,stabilize,1,1500,VIDE,0.0,0.09,0.0,4.256153,-0.698132,-0.0,1,0,9.94,19.039,0.0,0.09,0.0,3.5,4.9,2.0,0.5,0.05,1,0.75615,0.64385,0.0
488,2026-04-27T08:14:54.682Z,S20260427_091422,SC01,AUTO,17.0565,32.073,0.0466,stabilize,1,1500,VIDE,0.0,0.09,0.0,4.261862,-0.698132,-0.0,1,0,20.791,19.451,0.0,0.09,0.0,3.5,4.9,2.0,0.5,0.05,1,0.76186,0.63814,0.0
489,2026-04-27T08:14:54.743Z,S20260427_091422,SC01,AUTO,17.1175,32.134,0.061,stabilize,1,1500,VIDE,0.0,0.09,0.0,4.273277,-0.698132,0.0,1,0,18.036,18.456,0.0,0.09,0.0,3.5,4.9,2.0,0.5,0.05,1,0.77328,0.62672,0.0
490,2026-04-27T08:14:54.819Z,S20260427_091422,SC01,AUTO,17.1929,32.2095,0.0754,stabilize,1,1500,VIDE,0.0,0.09,0.0,4.290397,-0.698132,-0.0,1,0,27.706,19.345,0.0,0.09,0.0,3.5,4.9,2.0,0.5,0.05,1,0.7904,0.6096,0.0
491,2026-04-27T08:14:54.881Z,S20260427_091422,SC01,AUTO,17.2551,32.2716,0.0621,stabilize,1,1500,VIDE,0.0,0.09,0.0,4.301808,-0.698132,-0.0,1,0,26.491,16.538,0.0,0.09,0.0,3.5,4.9,2.0,0.5,0.05,1,0.80181,0.59819,0.0
492,2026-04-27T08:14:54.942Z,S20260427_091422,SC01,AUTO,17.3164,32.333,0.0613,stabilize,1,1500,VIDE,0.0,0.09,0.0,4.313218,-0.698132,0.0,1,0,7.506,18.754,0.0,0.09,0.0,3.5,4.9,2.0,0.5,0.05,1,0.81322,0.58678,0.0
493,2026-04-27T08:14:55.001Z,S20260427_091422,SC01,AUTO,17.3752,32.3918,0.0589,stabilize,1,1500,VIDE,0.0,0.09,0.0,4.324625,-0.698132,-0.0,1,0,27.713,18.923,0.0,0.09,0.0,3.5,4.9,2.0,0.5,0.05,1,0.82463,0.57537,0.0
494,2026-04-27T08:14:55.062Z,S20260427_091422,SC01,AUTO,17.436,32.4525,0.0607,stabilize,1,1500,VIDE,0.0,0.09,0.0,4.336032,-0.698132,-0.0,1,0,24.936,19.489,0.0,0.09,0.0,3.5,4.9,2.0,0.5,0.05,1,0.83603,0.56397,0.0
495,2026-04-27T08:14:55.121Z,S20260427_091422,SC01,AUTO,17.4956,32.5121,0.0596,stabilize,1,1500,VIDE,0.0,0.09,0.0,4.347436,-0.698132,-0.0,1,0,23.153,20.299,0.0,0.09,0.0,3.5,4.9,2.0,0.5,0.05,1,0.84744,0.55256,0.0
496,2026-04-27T08:14:55.182Z,S20260427_091422,SC01,AUTO,17.5557,32.5722,0.0601,stabilize,1,1500,VIDE,0.0,0.09,0.0,4.358839,-0.698132,-0.0,1,0,23.082,19.527,0.0,0.09,0.0,3.5,4.9,2.0,0.5,0.05,1,0.85884,0.54116,0.0
497,2026-04-27T08:14:55.255Z,S20260427_091422,SC01,AUTO,17.6294,32.6459,0.0738,stabilize,1,1500,VIDE,0.0,0.09,0.0,4.375939,-0.698132,-0.0,1,0,9.617,20.497,0.0,0.09,0.0,3.5,4.9,2.0,0.5,0.05,1,0.87594,0.52406,0.0
498,2026-04-27T08:14:55.317Z,S20260427_091422,SC01,AUTO,17.6916,32.7082,0.0623,stabilize,1,1500,VIDE,0.0,0.09,0.0,4.387337,-0.698132,-0.0,1,0,7.381,19.797,0.0,0.09,0.0,3.5,4.9,2.0,0.5,0.05,1,0.88734,0.51266,0.0
499,2026-04-27T08:14:55.380Z,S20260427_091422,SC01,AUTO,17.7542,32.7708,0.0625,stabilize,1,1500,VIDE,0.0,0.09,0.0,4.398734,-0.698132,0.0,1,0,24.74,18.649,0.0,0.09,0.0,3.5,4.9,2.0,0.5,0.05,1,0.89873,0.50127,0.0
500,2026-04-27T08:14:55.442Z,S20260427_091422,SC01,AUTO,17.8164,32.833,0.0622,stabilize,1,1500,VIDE,0.0,0.09,0.0,4.410129,-0.698132,-0.0,1,0,24.01,14.716,0.0,0.09,0.0,3.5,4.9,2.0,0.5,0.05,1,0.91013,0.48987,0.0
501,2026-04-27T08:14:55.501Z,S20260427_091422,SC01,AUTO,17.8755,32.892,0.0591,stabilize,1,1500,VIDE,0.0,0.09,0.0,4.421522,-0.698132,-0.0,1,0,23.768,18.422,0.0,0.09,0.0,3.5,4.9,2.0,0.5,0.05,1,0.92152,0.47848,0.0
502,2026-04-27T08:14:55.561Z,S20260427_091422,SC01,AUTO,17.9352,32.9517,0.0597,stabilize,1,1500,VIDE,0.0,0.09,0.0,4.432913,-0.698132,0.0,1,0,27.841,20.117,0.0,0.09,0.0,3.5,4.9,2.0,0.5,0.05,1,0.93291,0.46709,0.0
503,2026-04-27T08:14:55.626Z,S20260427_091422,SC01,AUTO,18.0005,33.017,0.0653,stabilize,1,1500,VIDE,0.0,0.09,0.0,4.444303,-0.698132,0.0,1,0,25.713,19.995,0.0,0.09,0.0,3.5,4.9,2.0,0.5,0.05,1,0.9443,0.4557,0.0
504,2026-04-27T08:14:55.681Z,S20260427_091422,SC01,AUTO,18.0556,33.0721,0.055,stabilize,1,1500,VIDE,0.0,0.09,0.0,4.45569,-0.698132,-0.0,1,0,23.115,19.869,0.0,0.09,0.0,3.5,4.9,2.0,0.5,0.05,1,0.95569,0.44431,0.0
505,2026-04-27T08:14:55.755Z,S20260427_091422,SC01,AUTO,18.1293,33.1458,0.0737,stabilize,1,1500,VIDE,0.0,0.09,0.0,4.472768,-0.698132,-0.0,1,0,12.622,19.224,0.0,0.09,0.0,3.5,4.9,2.0,0.5,0.05,1,0.97277,0.42723,0.0
506,2026-04-27T08:14:55.816Z,S20260427_091422,SC01,AUTO,18.1906,33.2071,0.0614,stabilize,1,1500,VIDE,0.0,0.09,0.0,4.484152,-0.698132,0.0,1,0,9.345,19.88,0.0,0.09,0.0,3.5,4.9,2.0,0.5,0.05,1,0.98415,0.41585,0.0
507,2026-04-27T08:14:55.880Z,S20260427_091422,SC01,AUTO,18.2536,33.2702,0.0631,stabilize,1,1500,VIDE,0.0,0.09,0.0,4.495533,-0.698132,0.0,1,0,9.293,20.991,0.0,0.09,0.0,3.5,4.9,2.0,0.5,0.05,1,0.99553,0.40447,0.0
508,2026-04-27T08:14:55.942Z,S20260427_091422,SC01,AUTO,18.3165,33.3331,0.0628,stabilize,1,1500,VIDE,0.0,0.09,0.0,4.506913,-0.698132,-0.0,1,0,26.406,16.547,0.0,0.09,0.0,3.5,4.9,2.0,0.5,0.05,1,1.00691,0.39309,0.0
509,2026-04-27T08:14:56.002Z,S20260427_091422,SC01,AUTO,18.3757,33.3923,0.0593,stabilize,1,1500,VIDE,0.0,0.09,0.0,4.518291,-0.698132,0.0,1,0,25.764,17.497,0.0,0.09,0.0,3.5,4.9,2.0,0.5,0.05,1,1.01829,0.38171,0.0
510,2026-04-27T08:14:56.062Z,S20260427_091422,SC01,AUTO,18.4357,33.4523,0.06,stabilize,1,1500,VIDE,0.0,0.09,0.0,4.529667,-0.698132,0.0,1,0,22.991,19.599,0.0,0.09,0.0,3.5,4.9,2.0,0.5,0.05,1,1.02967,0.37033,0.0
511,2026-04-27T08:14:56.122Z,S20260427_091422,SC01,AUTO,18.4967,33.5132,0.0609,stabilize,1,1500,VIDE,0.0,0.09,0.0,4.541041,-0.698132,-0.0,1,0,20.249,19.721,0.0,0.09,0.0,3.5,4.9,2.0,0.5,0.05,1,1.04104,0.35896,0.0
512,2026-04-27T08:14:56.182Z,S20260427_091422,SC01,AUTO,18.5557,33.5722,0.059,stabilize,1,1500,VIDE,0.0,0.09,0.0,4.552414,-0.698132,-0.0,1,0,17.083,19.473,0.0,0.09,0.0,3.5,4.9,2.0,0.5,0.05,1,1.05241,0.34759,0.0
513,2026-04-27T08:14:56.252Z,S20260427_091422,SC01,AUTO,18.6258,33.6423,0.0701,stabilize,1,1500,VIDE,0.0,0.09,0.0,4.56947,-0.698132,-0.0,1,0,25.445,20.036,0.0,0.09,0.0,3.5,4.9,2.0,0.5,0.05,1,1.06947,0.33053,0.0
514,2026-04-27T08:14:56.315Z,S20260427_091422,SC01,AUTO,18.6889,33.7054,0.0631,stabilize,1,1500,VIDE,0.0,0.09,0.0,4.580838,-0.698132,-0.0,1,0,23.297,20.145,0.0,0.09,0.0,3.5,4.9,2.0,0.5,0.05,1,1.08084,0.31916,0.0
515,2026-04-27T08:14:56.376Z,S20260427_091422,SC01,AUTO,18.7505,33.767,0.0616,stabilize,1,1500,VIDE,0.0,0.09,0.0,4.592204,-0.698132,0.0,1,0,20.573,19.13,0.0,0.09,0.0,3.5,4.9,2.0,0.5,0.05,1,1.0922,0.3078,0.0
516,2026-04-27T08:14:56.438Z,S20260427_091422,SC01,AUTO,18.812,33.8286,0.0615,stabilize,1,1500,VIDE,0.0,0.09,0.0,4.603569,-0.698132,0.0,1,0,17.281,18.14,0.0,0.09,0.0,3.5,4.9,2.0,0.5,0.05,1,1.10357,0.29643,0.0
517,2026-04-27T08:14:56.500Z,S20260427_091422,SC01,AUTO,18.8745,33.891,0.0624,stabilize,1,1500,VIDE,0.0,0.09,0.0,4.614932,-0.698132,0.0,1,0,14.173,17.632,0.0,0.09,0.0,3.5,4.9,2.0,0.5,0.05,1,1.11493,0.28507,0.0
518,2026-04-27T08:14:56.561Z,S20260427_091422,SC01,AUTO,18.9355,33.952,0.0611,stabilize,1,1500,VIDE,0.0,0.09,0.0,4.631972,-0.698132,-0.0,1,0,19.979,19.306,0.0,0.09,0.0,3.5,4.9,2.0,0.5,0.05,1,1.13197,0.26803,0.0
519,2026-04-27T08:14:56.628Z,S20260427_091422,SC01,AUTO,19.0017,34.0183,0.0662,stabilize,1,1500,VIDE,0.0,0.09,0.0,4.64333,-0.698132,0.0,1,0,21.775,20.087,0.0,0.09,0.0,3.5,4.9,2.0,0.5,0.05,1,1.14333,0.25667,0.0
520,2026-04-27T08:14:56.682Z,S20260427_091422,SC01,AUTO,19.056,34.0726,0.0543,stabilize,1,1500,VIDE,0.0,0.09,0.0,4.649009,-0.698132,-0.0,1,0,12.491,19.569,0.0,0.09,0.0,3.5,4.9,2.0,0.5,0.05,1,1.14901,0.25099,0.0
521,2026-04-27T08:14:56.750Z,S20260427_091422,SC01,AUTO,19.1244,34.1409,0.0683,stabilize,1,1500,VIDE,0.0,0.09,0.0,4.666041,-0.698132,-0.0,1,0,27.096,20.172,0.0,0.09,0.0,3.5,4.9,2.0,0.5,0.05,1,1.16604,0.23396,0.0
522,2026-04-27T08:14:56.813Z,S20260427_091422,SC01,AUTO,19.1869,34.2034,0.0625,stabilize,1,1500,VIDE,0.0,0.09,0.0,4.677394,-0.698132,-0.0,1,0,7.202,18.349,0.0,0.09,0.0,3.5,4.9,2.0,0.5,0.05,1,1.17739,0.22261,0.0
523,2026-04-27T08:14:56.875Z,S20260427_091422,SC01,AUTO,19.249,34.2656,0.0622,stabilize,1,1500,VIDE,0.0,0.09,0.0,4.688745,-0.698132,-0.0,1,0,27.419,19.067,0.0,0.09,0.0,3.5,4.9,2.0,0.5,0.05,1,1.18874,0.21126,0.0
524,2026-04-27T08:14:56.936Z,S20260427_091422,SC01,AUTO,19.3104,34.3269,0.0613,stabilize,1,1500,VIDE,0.0,0.09,0.0,4.700094,-0.698132,0.0,1,0,30.033,19.093,0.0,0.09,0.0,3.5,4.9,2.0,0.5,0.05,1,1.20009,0.19991,0.0
525,2026-04-27T08:14:56.999Z,S20260427_091422,SC01,AUTO,19.3728,34.3893,0.0624,stabilize,1,1500,VIDE,0.0,0.09,0.0,4.711441,-0.698132,-0.0,1,0,27.736,18.95,0.0,0.09,0.0,3.5,4.9,2.0,0.5,0.05,1,1.21144,0.18856,0.0
526,2026-04-27T08:14:57.060Z,S20260427_091422,SC01,AUTO,19.4344,34.451,0.0617,stabilize,1,1500,VIDE,0.0,0.09,0.0,4.722786,-0.698132,-0.0,1,0,27.273,16.786,0.0,0.09,0.0,3.5,4.9,2.0,0.5,0.05,1,1.22279,0.17721,0.0
527,2026-04-27T08:14:57.121Z,S20260427_091422,SC01,AUTO,19.4955,34.5121,0.0611,stabilize,1,1500,VIDE,0.0,0.09,0.0,4.73413,-0.698132,0.0,1,0,21.966,19.889,0.0,0.09,0.0,3.5,4.9,2.0,0.5,0.05,1,1.23413,0.16587,0.0
528,2026-04-27T08:14:57.182Z,S20260427_091422,SC01,AUTO,19.556,34.5725,0.0604,stabilize,1,1500,VIDE,0.0,0.09,0.0,4.745471,-0.698132,-0.0,1,0,21.957,19.862,0.0,0.09,0.0,3.5,4.9,2.0,0.5,0.05,1,1.24547,0.15453,0.0
529,2026-04-27T08:14:57.248Z,S20260427_091422,SC01,AUTO,19.622,34.6386,0.066,stabilize,1,1500,VIDE,0.0,0.09,0.0,4.756811,-0.698132,0.0,1,0,21.841,19.343,0.0,0.09,0.0,3.5,4.9,2.0,0.5,0.05,1,1.25681,0.14319,0.0
530,2026-04-27T08:14:57.311Z,S20260427_091422,SC01,AUTO,19.6857,34.7022,0.0637,stabilize,1,1500,VIDE,0.0,0.09,0.0,4.773818,-0.698132,-0.0,1,0,7.862,19.606,0.0,0.09,0.0,3.5,4.9,2.0,0.5,0.05,1,1.27382,0.12618,0.0
531,2026-04-27T08:14:57.374Z,S20260427_091422,SC01,AUTO,19.748,34.7645,0.0624,stabilize,1,1500,VIDE,0.0,0.09,0.0,4.785152,-0.698132,0.0,1,0,27.619,19.314,0.0,0.09,0.0,3.5,4.9,2.0,0.5,0.05,1,1.28515,0.11485,0.0
532,2026-04-27T08:14:57.437Z,S20260427_091422,SC01,AUTO,19.8115,34.8281,0.0635,stabilize,1,1500,VIDE,0.0,0.09,0.0,4.796486,-0.698132,-0.0,1,0,24.047,20.052,0.0,0.09,0.0,3.5,4.9,2.0,0.5,0.05,1,1.29649,0.10351,0.0
533,2026-04-27T08:14:57.500Z,S20260427_091422,SC01,AUTO,19.8739,34.8905,0.0624,stabilize,1,1500,VIDE,0.0,0.09,0.0,4.807817,-0.698132,0.0,1,0,20.885,18.562,0.0,0.09,0.0,3.5,4.9,2.0,0.5,0.05,1,1.30782,0.09218,0.0
534,2026-04-27T08:14:57.562Z,S20260427_091422,SC01,AUTO,19.936,34.9526,0.0621,stabilize,1,1500,VIDE,0.0,0.09,0.0,4.819147,-0.698132,-0.0,1,0,18.645,13.804,0.0,0.09,0.0,3.5,4.9,2.0,0.5,0.05,1,1.31915,0.08085,0.0
535,2026-04-27T08:14:57.633Z,S20260427_091422,SC01,AUTO,20.0074,35.0239,0.0715,stabilize,1,1500,VIDE,0.0,0.09,0.0,4.836137,-0.698132,0.0,1,0,26.764,20.428,0.0,0.09,0.0,3.5,4.9,2.0,0.5,0.05,1,1.33614,0.06386,0.0
536,2026-04-27T08:14:57.682Z,S20260427_091422,SC01,AUTO,20.0563,35.0728,0.0489,stabilize,1,1500,VIDE,0.0,0.09,0.0,4.8418,-0.698132,0.0,1,0,22.392,31.728,0.0,0.09,0.0,3.5,4.9,2.0,0.5,0.05,1,1.3418,0.0582,0.0
537,2026-04-27T08:14:57.745Z,S20260427_091422,SC01,AUTO,20.1194,35.136,0.0631,stabilize,1,1500,VIDE,0.0,0.09,0.0,4.858785,-0.698132,0.0,1,0,22.688,19.494,0.0,0.09,0.0,3.5,4.9,2.0,0.5,0.05,1,1.35879,0.04121,0.0
538,2026-04-27T08:14:57.807Z,S20260427_091422,SC01,AUTO,20.1814,35.1979,0.062,stabilize,1,1500,VIDE,0.0,0.09,0.0,4.870106,-0.698132,0.0,1,0,20.094,20.093,0.0,0.09,0.0,3.5,4.9,2.0,0.5,0.05,1,1.37011,0.02989,0.0
539,2026-04-27T08:14:57.869Z,S20260427_091422,SC01,AUTO,20.2428,35.2594,0.0615,stabilize,1,1500,VIDE,0.0,0.09,0.0,4.881425,-0.698132,-0.0,1,0,16.479,19.826,0.0,0.09,0.0,3.5,4.9,2.0,0.5,0.05,1,1.38143,0.01857,0.0
540,2026-04-27T08:14:57.932Z,S20260427_091422,SC01,AUTO,20.3063,35.3228,0.0634,stabilize,1,1500,VIDE,0.0,0.09,0.0,4.892743,-0.698132,0.0,1,0,11.894,19.415,0.0,0.09,0.0,3.5,4.9,2.0,0.5,0.05,1,1.39274,0.00726,0.0
541,2026-04-27T08:14:57.995Z,S20260427_091422,SC01,AUTO,20.3688,35.3854,0.0625,stabilize,1,1500,VIDE,0.0,0.09,0.0,4.904058,-0.698132,0.0,1,0,9.53,19.244,0.0,0.09,0.0,3.5,4.9,2.0,0.5,0.05,0,1.40406,-0.00406,0.0
542,2026-04-27T08:14:58.057Z,S20260427_091422,SC01,AUTO,20.431,35.4475,0.0622,stabilize,1,1500,VIDE,0.0,0.09,0.0,4.921027,-0.698132,-0.0,1,0,13.967,19.5,0.0,0.09,0.0,3.5,4.9,2.0,0.5,0.05,0,1.42103,-0.02103,0.0
543,2026-04-27T08:14:58.118Z,S20260427_091422,SC01,AUTO,20.4927,35.5092,0.0616,stabilize,1,1500,VIDE,0.0,0.09,0.0,4.932338,-0.698132,-0.0,1,0,11.721,19.393,0.0,0.09,0.0,3.5,4.9,2.0,0.5,0.05,0,1.43234,-0.03234,0.0
544,2026-04-27T08:14:58.182Z,S20260427_091422,SC01,AUTO,20.5563,35.5728,0.0637,stabilize,1,1500,VIDE,0.0,0.09,0.0,4.943646,-0.698132,0.0,1,0,8.052,18.994,0.0,0.09,0.0,3.5,4.9,2.0,0.5,0.05,0,1.44365,-0.04365,0.0
545,2026-04-27T08:14:58.258Z,S20260427_091422,SC01,AUTO,20.632,35.6486,0.0758,stabilize,1,1500,VIDE,0.0,0.09,0.0,4.960606,-0.698132,-0.0,1,0,12.165,19.902,0.0,0.09,0.0,3.5,4.9,2.0,0.5,0.05,0,1.46061,-0.06061,0.0
546,2026-04-27T08:14:58.320Z,S20260427_091422,SC01,AUTO,20.6941,35.7107,0.0621,stabilize,1,1500,VIDE,0.0,0.09,0.0,4.97191,-0.698132,0.0,1,0,10.015,19.487,0.0,0.09,0.0,3.5,4.9,2.0,0.5,0.05,0,1.47191,-0.07191,0.0
547,2026-04-27T08:14:58.381Z,S20260427_091422,SC01,AUTO,20.7552,35.7718,0.0611,stabilize,1,1500,VIDE,0.0,0.09,0.0,4.983212,-0.698132,-0.0,1,0,22.623,16.329,0.0,0.09,0.0,3.5,4.9,2.0,0.5,0.05,0,1.48321,-0.08321,0.0
548,2026-04-27T08:14:58.442Z,S20260427_091422,SC01,AUTO,20.8162,35.8328,0.061,stabilize,1,1500,VIDE,0.0,0.09,0.0,4.994512,-0.698132,-0.0,1,0,22.249,18.228,0.0,0.09,0.0,3.5,4.9,2.0,0.5,0.05,0,1.49451,-0.09451,0.0
549,2026-04-27T08:14:58.501Z,S20260427_091422,SC01,AUTO,20.8755,35.8921,0.0593,stabilize,1,1500,VIDE,0.0,0.09,0.0,5.00581,-0.698132,-0.0,1,0,15.554,18.512,0.0,0.09,0.0,3.5,4.9,2.0,0.5,0.05,0,1.50581,-0.10581,0.0
550,2026-04-27T08:14:58.562Z,S20260427_091422,SC01,AUTO,20.9357,35.9523,0.0602,stabilize,1,1500,VIDE,0.0,0.09,0.0,5.022753,-0.698132,0.0,1,0,18.703,20.101,0.0,0.09,0.0,3.5,4.9,2.0,0.5,0.05,0,1.52275,-0.12275,0.0
551,2026-04-27T08:14:58.622Z,S20260427_091422,SC01,AUTO,20.9965,36.013,0.0608,stabilize,1,1500,VIDE,0.0,0.09,0.0,5.034047,-0.698132,0.0,1,0,14.766,18.581,0.0,0.09,0.0,3.5,4.9,2.0,0.5,0.05,0,1.53405,-0.13405,0.0
552,2026-04-27T08:14:58.682Z,S20260427_091422,SC01,AUTO,21.0557,36.0723,0.0592,stabilize,1,1500,VIDE,0.0,0.09,0.0,5.045338,-0.698132,-0.0,1,0,9.227,19.448,0.0,0.09,0.0,3.5,4.9,2.0,0.5,0.05,0,1.54534,-0.14534,0.0
553,2026-04-27T08:14:58.747Z,S20260427_091422,SC01,AUTO,21.1212,36.1377,0.0655,stabilize,1,1500,VIDE,0.0,0.09,0.0,5.056627,-0.698132,-0.0,1,0,23.703,19.622,0.0,0.09,0.0,3.5,4.9,2.0,0.5,0.05,0,1.55663,-0.15663,0.0
554,2026-04-27T08:14:58.821Z,S20260427_091422,SC01,AUTO,21.1949,36.2115,0.0737,stabilize,1,1500,VIDE,0.0,0.09,0.0,5.073557,-0.698132,0.0,1,0,13.161,19.889,0.0,0.09,0.0,3.5,4.9,2.0,0.5,0.05,0,1.57356,-0.17356,0.0
555,2026-04-27T08:14:58.883Z,S20260427_091422,SC01,AUTO,21.2569,36.2735,0.062,stabilize,1,1500,VIDE,0.0,0.09,0.0,5.084842,-0.698132,0.0,1,0,7.377,20.256,0.0,0.09,0.0,3.5,4.9,2.0,0.5,0.05,0,1.58484,-0.18484,0.0
556,2026-04-27T08:14:58.941Z,S20260427_091422,SC01,AUTO,21.3155,36.3321,0.0587,stabilize,1,1500,VIDE,0.0,0.09,0.0,5.096124,-0.698132,0.0,1,0,24.555,16.529,0.0,0.09,0.0,3.5,4.9,2.0,0.5,0.05,0,1.59612,-0.19612,0.0
557,2026-04-27T08:14:59.002Z,S20260427_091422,SC01,AUTO,21.3766,36.3932,0.061,stabilize,1,1500,VIDE,0.0,0.09,0.0,5.107405,-0.698132,0.0,1,0,24.266,18.897,0.0,0.09,0.0,3.5,4.9,2.0,0.5,0.05,0,1.6074,-0.2074,0.0
558,2026-04-27T08:14:59.062Z,S20260427_091422,SC01,AUTO,21.4359,36.4525,0.0594,stabilize,1,1500,VIDE,0.0,0.09,0.0,5.118683,-0.698132,0.0,1,0,18.269,19.034,0.0,0.09,0.0,3.5,4.9,2.0,0.5,0.05,0,1.61868,-0.21868,0.0
559,2026-04-27T08:14:59.122Z,S20260427_091422,SC01,AUTO,21.4957,36.5123,0.0597,stabilize,1,1500,VIDE,0.0,0.09,0.0,5.12996,-0.698132,-0.0,1,0,14.67,19.057,0.0,0.09,0.0,3.5,4.9,2.0,0.5,0.05,0,1.62996,-0.22996,0.0
560,2026-04-27T08:14:59.182Z,S20260427_091422,SC01,AUTO,21.5561,36.5726,0.0604,stabilize,1,1500,VIDE,0.0,0.09,0.0,5.146871,-0.698132,0.0,1,0,15.516,19.331,0.0,0.09,0.0,3.5,4.9,2.0,0.5,0.05,0,1.64687,-0.24687,0.0
561,2026-04-27T08:14:59.255Z,S20260427_091422,SC01,AUTO,21.6289,36.6455,0.0728,stabilize,1,1500,VIDE,0.0,0.09,0.0,5.158143,-0.698132,0.0,1,0,12.351,18.82,0.0,0.09,0.0,3.5,4.9,2.0,0.5,0.05,0,1.65814,-0.25814,0.0
562,2026-04-27T08:14:59.317Z,S20260427_091422,SC01,AUTO,21.6907,36.7073,0.0618,stabilize,1,1500,VIDE,0.0,0.09,0.0,5.175046,-0.698132,0.0,1,0,14.249,18.789,0.0,0.09,0.0,3.5,4.9,2.0,0.5,0.05,0,1.67505,-0.27505,0.0
563,2026-04-27T08:14:59.379Z,S20260427_091422,SC01,AUTO,21.7527,36.7693,0.062,stabilize,1,1500,VIDE,0.0,0.09,0.0,5.186313,-0.698132,0.0,1,0,7.584,19.966,0.0,0.09,0.0,3.5,4.9,2.0,0.5,0.05,0,1.68631,-0.28631,0.0
564,2026-04-27T08:14:59.441Z,S20260427_091422,SC01,AUTO,21.8156,36.8322,0.0629,stabilize,1,1500,VIDE,0.0,0.09,0.0,5.197577,-0.698132,0.0,1,0,23.155,16.919,0.0,0.09,0.0,3.5,4.9,2.0,0.5,0.05,0,1.69758,-0.29758,0.0
565,2026-04-27T08:14:59.502Z,S20260427_091422,SC01,AUTO,21.8764,36.893,0.0607,stabilize,1,1500,VIDE,0.0,0.09,0.0,5.20884,-0.698132,-0.0,1,0,17.963,18.923,0.0,0.09,0.0,3.5,4.9,2.0,0.5,0.05,0,1.70884,-0.30884,0.0
566,2026-04-27T08:14:59.562Z,S20260427_091422,SC01,AUTO,21.9358,36.9524,0.0595,stabilize,1,1500,VIDE,0.0,0.09,0.0,5.22573,-0.698132,-0.0,1,0,19.496,20.3,0.0,0.09,0.0,3.5,4.9,2.0,0.5,0.05,0,1.72573,-0.32573,0.0
567,2026-04-27T08:14:59.622Z,S20260427_091422,SC01,AUTO,21.9962,37.0127,0.0604,stabilize,1,1500,VIDE,0.0,0.09,0.0,5.236988,-0.698132,-0.0,1,0,14.741,19.748,0.0,0.09,0.0,3.5,4.9,2.0,0.5,0.05,0,1.73699,-0.33699,0.0
568,2026-04-27T08:14:59.681Z,S20260427_091422,SC01,AUTO,22.0556,37.0722,0.0594,hold,1,1500,VIDE,0.0,0.03,0.0,5.247883,-0.698132,0.0,1,0,7.876,19.942,0.0,0.03,0.0,4.2,4.9,2.0,0.5,0.05,0,1.04788,-0.34788,0.0
569,2026-04-27T08:14:59.755Z,S20260427_091422,SC01,AUTO,22.1291,37.1457,0.0735,hold,1,1500,VIDE,0.0,0.03,0.0,5.25989,-0.698132,0.0,1,0,12.351,19.998,0.0,0.03,0.0,4.2,4.9,2.0,0.5,0.05,0,1.05989,-0.35989,0.0
570,2026-04-27T08:14:59.808Z,S20260427_091422,SC01,AUTO,22.1817,37.1983,0.0526,hold,1,1500,VIDE,0.0,0.03,0.0,5.26286,-0.698132,0.0,1,0,21.508,19.388,0.0,0.03,0.0,4.2,4.9,2.0,0.5,0.05,0,1.06286,-0.36286,0.0
571,2026-04-27T08:14:59.880Z,S20260427_091422,SC01,AUTO,22.2541,37.2706,0.0723,hold,1,1500,VIDE,0.0,0.03,0.0,5.269437,-0.698132,-0.0,1,0,20.602,20.333,0.0,0.03,0.0,4.2,4.9,2.0,0.5,0.05,0,1.06944,-0.36944,0.0
572,2026-04-27T08:14:59.942Z,S20260427_091422,SC01,AUTO,22.3162,37.3328,0.0622,hold,1,1500,VIDE,0.0,0.03,0.0,5.272294,-0.698132,-0.0,1,0,18.005,14.35,0.0,0.03,0.0,4.2,4.9,2.0,0.5,0.05,0,1.07229,-0.37229,0.0
573,2026-04-27T08:15:00.001Z,S20260427_091422,SC01,AUTO,22.3754,37.392,0.0592,hold,1,1500,VIDE,0.0,0.03,0.0,5.27492,-0.698132,-0.0,1,0,18.988,20.804,0.0,0.03,0.0,4.2,4.9,2.0,0.5,0.05,0,1.07492,-0.37492,0.0
574,2026-04-27T08:15:00.061Z,S20260427_091422,SC01,AUTO,22.4354,37.452,0.0601,hold,1,1500,VIDE,0.0,0.03,0.0,5.275837,-0.698132,-0.0,1,0,17.32,19.299,0.0,0.03,0.0,4.2,4.9,2.0,0.5,0.05,0,1.07584,-0.37584,0.0
575,2026-04-27T08:15:00.123Z,S20260427_091422,SC01,AUTO,22.4972,37.5137,0.0616,hold,1,1500,VIDE,0.0,0.03,0.0,5.276101,-0.698132,-0.0,1,0,27.759,19.053,0.0,0.03,0.0,4.2,4.9,2.0,0.5,0.05,0,1.0761,-0.3761,0.0
576,2026-04-27T08:15:00.181Z,S20260427_091422,SC01,AUTO,22.5553,37.5719,0.0582,hold,1,1500,VIDE,0.0,0.03,0.0,5.276309,-0.698132,-0.0,1,0,39.916,26.504,0.0,0.03,0.0,4.2,4.9,2.0,0.5,0.05,0,1.07631,-0.37631,0.0
577,2026-04-27T08:15:00.253Z,S20260427_091422,SC01,AUTO,22.6269,37.6435,0.0716,hold,1,1500,VIDE,0.0,0.03,0.0,5.275996,-0.698132,-0.0,1,0,16.544,19.465,0.0,0.03,0.0,4.2,4.9,2.0,0.5,0.05,0,1.076,-0.376,0.0
578,2026-04-27T08:15:00.315Z,S20260427_091422,SC01,AUTO,22.6891,37.7057,0.0622,hold,1,1500,VIDE,0.0,0.03,0.0,5.275472,-0.698132,-0.0,1,0,9.516,20.698,0.0,0.03,0.0,4.2,4.9,2.0,0.5,0.05,0,1.07547,-0.37547,0.0
579,2026-04-27T08:15:00.377Z,S20260427_091422,SC01,AUTO,22.7515,37.7681,0.0624,hold,1,1500,VIDE,0.0,0.03,0.0,5.274344,-0.698132,-0.0,1,0,13.878,19.383,0.0,0.03,0.0,4.2,4.9,2.0,0.5,0.05,0,1.07434,-0.37434,0.0
580,2026-04-27T08:15:00.440Z,S20260427_091422,SC01,AUTO,22.8142,37.8307,0.0626,hold,1,1500,VIDE,0.0,0.03,0.0,5.27342,-0.698132,-0.0,1,0,9.455,19.586,0.0,0.03,0.0,4.2,4.9,2.0,0.5,0.05,0,1.07342,-0.37342,0.0
581,2026-04-27T08:15:00.502Z,S20260427_091422,SC01,AUTO,22.8764,37.8929,0.0622,hold,1,1500,VIDE,0.0,0.03,0.0,5.272394,-0.698132,-0.0,1,0,21.171,20.431,0.0,0.03,0.0,4.2,4.9,2.0,0.5,0.05,0,1.07239,-0.37239,0.0
582,2026-04-27T08:15:00.562Z,S20260427_091422,SC01,AUTO,22.936,37.9526,0.0597,hold,1,1500,VIDE,0.0,0.03,0.0,5.271286,-0.698132,0.0,1,0,18.606,17.087,0.0,0.03,0.0,4.2,4.9,2.0,0.5,0.05,0,1.07129,-0.37129,0.0
583,2026-04-27T08:15:00.625Z,S20260427_091422,SC01,AUTO,22.9988,38.0154,0.0628,hold,1,1500,VIDE,0.0,0.03,0.0,5.269511,-0.698132,-0.0,1,0,18.711,19.774,0.0,0.03,0.0,4.2,4.9,2.0,0.5,0.05,0,1.06951,-0.36951,0.0
584,2026-04-27T08:15:00.682Z,S20260427_091422,SC01,AUTO,23.0561,38.0727,0.0573,hold,1,1500,VIDE,0.0,0.03,0.0,5.26827,-0.698132,-0.0,1,0,10.353,19.527,0.0,0.03,0.0,4.2,4.9,2.0,0.5,0.05,0,1.06827,-0.36827,0.0
585,2026-04-27T08:15:00.751Z,S20260427_091422,SC01,AUTO,23.1248,38.1414,0.0687,hold,1,1500,VIDE,0.0,0.03,0.0,5.26678,-0.698132,-0.0,1,0,28.399,4.89,0.0,0.03,0.0,4.2,4.9,2.0,0.5,0.05,0,1.06678,-0.36678,0.0
586,2026-04-27T08:15:00.813Z,S20260427_091422,SC01,AUTO,23.1875,38.2041,0.0627,hold,1,1500,VIDE,0.0,0.03,0.0,5.265034,-0.698132,-0.0,1,0,24.352,20.249,0.0,0.03,0.0,4.2,4.9,2.0,0.5,0.05,0,1.06503,-0.36503,0.0
587,2026-04-27T08:15:00.875Z,S20260427_091422,SC01,AUTO,23.2495,38.266,0.0619,hold,1,1500,VIDE,0.0,0.03,0.0,5.263702,-0.698132,0.0,1,0,19.515,19.406,0.0,0.03,0.0,4.2,4.9,2.0,0.5,0.05,0,1.0637,-0.3637,0.0
588,2026-04-27T08:15:00.938Z,S20260427_091422,SC01,AUTO,23.3118,38.3284,0.0623,hold,1,1500,VIDE,0.0,0.03,0.0,5.262355,-0.698132,-0.0,1,0,15.058,18.735,0.0,0.03,0.0,4.2,4.9,2.0,0.5,0.05,0,1.06236,-0.36236,0.0
589,2026-04-27T08:15:00.999Z,S20260427_091422,SC01,AUTO,23.3731,38.3896,0.0613,hold,1,1500,VIDE,0.0,0.03,0.0,5.260315,-0.698132,-0.0,1,0,14.28,18.632,0.0,0.03,0.0,4.2,4.9,2.0,0.5,0.05,0,1.06031,-0.36031,0.0
590,2026-04-27T08:15:01.061Z,S20260427_091422,SC01,AUTO,23.4347,38.4513,0.0617,hold,1,1500,VIDE,0.0,0.03,0.0,5.258945,-0.698132,-0.0,1,0,9.082,18.852,0.0,0.03,0.0,4.2,4.9,2.0,0.5,0.05,0,1.05894,-0.35894,0.0
591,2026-04-27T08:15:01.122Z,S20260427_091422,SC01,AUTO,23.4964,38.5129,0.0616,hold,1,1500,VIDE,0.0,0.03,0.0,5.257568,-0.698132,-0.0,1,0,21.261,19.059,0.0,0.03,0.0,4.2,4.9,2.0,0.5,0.05,0,1.05757,-0.35757,0.0
592,2026-04-27T08:15:01.181Z,S20260427_091422,SC01,AUTO,23.5553,38.5718,0.059,hold,1,1500,VIDE,0.0,0.03,0.0,5.255957,-0.698132,-0.0,1,0,39.731,22.242,0.0,0.03,0.0,4.2,4.9,2.0,0.5,0.05,0,1.05596,-0.35596,0.0
593,2026-04-27T08:15:01.250Z,S20260427_091422,SC01,AUTO,23.6242,38.6407,0.0689,hold,1,1500,VIDE,0.0,0.03,0.0,5.254109,-0.698132,-0.0,1,0,15.398,19.282,0.0,0.03,0.0,4.2,4.9,2.0,0.5,0.05,0,1.05411,-0.35411,0.0
594,2026-04-27T08:15:01.313Z,S20260427_091422,SC01,AUTO,23.687,38.7036,0.0628,hold,1,1500,VIDE,0.0,0.03,0.0,5.25272,-0.698132,0.0,1,0,14.674,20.184,0.0,0.03,0.0,4.2,4.9,2.0,0.5,0.05,0,1.05272,-0.35272,0.0
595,2026-04-27T08:15:01.375Z,S20260427_091422,SC01,AUTO,23.7493,38.7658,0.0622,hold,1,1500,VIDE,0.0,0.03,0.0,5.251098,-0.698132,0.0,1,0,33.143,23.592,0.0,0.03,0.0,4.2,4.9,2.0,0.5,0.05,0,1.0511,-0.3511,0.0
596,2026-04-27T08:15:01.436Z,S20260427_091422,SC01,AUTO,23.8105,38.8271,0.0612,hold,1,1500,VIDE,0.0,0.03,0.0,5.249241,-0.698132,0.0,1,0,9.434,19.116,0.0,0.03,0.0,4.2,4.9,2.0,0.5,0.05,0,1.04924,-0.34924,0.0
597,2026-04-27T08:15:01.499Z,S20260427_091422,SC01,AUTO,23.8734,38.89,0.0629,hold,1,1500,VIDE,0.0,0.03,0.0,5.247848,-0.698132,-0.0,1,0,22.987,19.439,0.0,0.03,0.0,4.2,4.9,2.0,0.5,0.05,0,1.04785,-0.34785,0.0
598,2026-04-27T08:15:01.563Z,S20260427_091422,SC01,AUTO,23.9371,38.9536,0.0636,hold,1,1500,VIDE,0.0,0.03,0.0,5.246454,-0.698132,0.0,1,0,18.097,15.371,0.0,0.03,0.0,4.2,4.9,2.0,0.5,0.05,0,1.04645,-0.34645,0.0
599,2026-04-27T08:15:01.625Z,S20260427_091422,SC01,AUTO,23.9989,39.0154,0.0619,hold,1,1500,VIDE,0.0,0.03,0.0,5.244361,-0.698132,0.0,1,0,19.701,18.848,0.0,0.03,0.0,4.2,4.9,2.0,0.5,0.05,0,1.04436,-0.34436,0.0
600,2026-04-27T08:15:01.682Z,S20260427_091422,SC01,AUTO,24.0558,39.0723,0.0569,hold,1,1500,VIDE,0.0,0.03,0.0,5.242967,-0.698132,0.0,1,0,12.876,18.701,0.0,0.03,0.0,4.2,4.9,2.0,0.5,0.05,0,1.04297,-0.34297,0.0
601,2026-04-27T08:15:01.747Z,S20260427_091422,SC01,AUTO,24.1211,39.1377,0.0651,hold,1,1500,VIDE,0.0,0.03,0.0,5.241571,-0.698132,0.0,1,0,26.075,19.355,0.0,0.03,0.0,4.2,4.9,2.0,0.5,0.05,0,1.04157,-0.34157,0.0
602,2026-04-27T08:15:01.810Z,S20260427_091422,SC01,AUTO,24.184,39.2005,0.0631,hold,1,1500,VIDE,0.0,0.03,0.0,5.239479,-0.698132,0.0,1,0,4.566,19.415,0.0,0.03,0.0,4.2,4.9,2.0,0.5,0.05,0,1.03948,-0.33948,0.0
603,2026-04-27T08:15:01.872Z,S20260427_091422,SC01,AUTO,24.246,39.2625,0.062,hold,1,1500,VIDE,0.0,0.03,0.0,5.238083,-0.698132,-0.0,1,0,19.753,20.116,0.0,0.03,0.0,4.2,4.9,2.0,0.5,0.05,0,1.03808,-0.33808,0.0
604,2026-04-27T08:15:01.935Z,S20260427_091422,SC01,AUTO,24.3096,39.3261,0.0636,hold,1,1500,VIDE,0.0,0.03,0.0,5.236688,-0.698132,-0.0,1,0,13.462,20.041,0.0,0.03,0.0,4.2,4.9,2.0,0.5,0.05,0,1.03669,-0.33669,0.0
605,2026-04-27T08:15:01.998Z,S20260427_091422,SC01,AUTO,24.3725,39.389,0.063,hold,1,1500,VIDE,0.0,0.03,0.0,5.234596,-0.698132,0.0,1,0,15.763,18.78,0.0,0.03,0.0,4.2,4.9,2.0,0.5,0.05,0,1.0346,-0.3346,0.0
606,2026-04-27T08:15:02.060Z,S20260427_091422,SC01,AUTO,24.4346,39.4512,0.0622,hold,1,1500,VIDE,0.0,0.03,0.0,5.233201,-0.698132,-0.0,1,0,9.218,19.641,0.0,0.03,0.0,4.2,4.9,2.0,0.5,0.05,0,1.0332,-0.3332,0.0
607,2026-04-27T08:15:02.122Z,S20260427_091422,SC01,AUTO,24.4963,39.5129,0.0617,hold,1,1500,VIDE,0.0,0.03,0.0,5.231806,-0.698132,-0.0,1,0,22.6,18.889,0.0,0.03,0.0,4.2,4.9,2.0,0.5,0.05,0,1.03181,-0.33181,0.0
608,2026-04-27T08:15:02.182Z,S20260427_091422,SC01,AUTO,24.5563,39.5729,0.06,hold,1,1500,VIDE,0.0,0.03,0.0,5.230412,-0.698132,-0.0,1,0,18.073,19.267,0.0,0.03,0.0,4.2,4.9,2.0,0.5,0.05,0,1.03041,-0.33041,0.0
609,2026-04-27T08:15:02.248Z,S20260427_091422,SC01,AUTO,24.6217,39.6382,0.0653,hold,1,1500,VIDE,0.0,0.03,0.0,5.228321,-0.698132,0.0,1,0,19.009,19.947,0.0,0.03,0.0,4.2,4.9,2.0,0.5,0.05,0,1.02832,-0.32832,0.0
610,2026-04-27T08:15:02.311Z,S20260427_091422,SC01,AUTO,24.6848,39.7013,0.0631,hold,1,1500,VIDE,0.0,0.03,0.0,5.226927,-0.698132,-0.0,1,0,9.64,19.398,0.0,0.03,0.0,4.2,4.9,2.0,0.5,0.05,0,1.02693,-0.32693,0.0
611,2026-04-27T08:15:02.373Z,S20260427_091422,SC01,AUTO,24.7472,39.7638,0.0625,hold,1,1500,VIDE,0.0,0.03,0.0,5.224837,-0.698132,0.0,1,0,11.503,19.237,0.0,0.03,0.0,4.2,4.9,2.0,0.5,0.05,0,1.02484,-0.32484,0.0
612,2026-04-27T08:15:02.435Z,S20260427_091422,SC01,AUTO,24.8089,39.8255,0.0617,hold,1,1500,VIDE,0.0,0.03,0.0,5.223444,-0.698132,-0.0,1,0,8.45,19.084,0.0,0.03,0.0,4.2,4.9,2.0,0.5,0.05,0,1.02344,-0.32344,0.0
613,2026-04-27T08:15:02.495Z,S20260427_091422,SC01,AUTO,24.8691,39.8857,0.0602,hold,1,1500,VIDE,0.0,0.03,0.0,5.22205,-0.698132,-0.0,1,0,21.77,19.119,0.0,0.03,0.0,4.2,4.9,2.0,0.5,0.05,0,1.02205,-0.32205,0.0
614,2026-04-27T08:15:02.556Z,S20260427_091422,SC01,AUTO,24.9306,39.9472,0.0615,hold,1,1500,VIDE,0.0,0.03,0.0,5.220657,-0.698132,0.0,1,0,15.218,19.111,0.0,0.03,0.0,4.2,4.9,2.0,0.5,0.05,0,1.02066,-0.32066,0.0
615,2026-04-27T08:15:02.633Z,S20260427_091422,SC01,AUTO,25.0075,40.0241,0.077,hold,1,1500,VIDE,0.0,0.03,0.0,5.218569,-0.698132,-0.0,1,0,27.69,19.266,0.0,0.03,0.0,4.2,4.9,2.0,0.5,0.05,0,1.01857,-0.31857,0.0
616,2026-04-27T08:15:02.681Z,S20260427_091422,SC01,AUTO,25.0549,40.0715,0.0474,hold,1,1500,VIDE,0.0,0.03,0.0,5.217409,-0.698132,0.0,1,0,38.959,1.134,0.0,0.03,0.0,4.2,4.9,2.0,0.5,0.05,0,1.01741,-0.31741,0.0
617,2026-04-27T08:15:02.744Z,S20260427_091422,SC01,AUTO,25.1183,40.1349,0.0635,hold,1,1500,VIDE,0.0,0.03,0.0,5.215785,-0.698132,-0.0,1,0,14.672,18.989,0.0,0.03,0.0,4.2,4.9,2.0,0.5,0.05,0,1.01578,-0.31578,0.0
618,2026-04-27T08:15:02.813Z,S20260427_091422,SC01,AUTO,25.1869,40.2035,0.0686,hold,1,1500,VIDE,0.0,0.03,0.0,5.214393,-0.698132,0.0,1,0,8.533,20.13,0.0,0.03,0.0,4.2,4.9,2.0,0.5,0.05,0,1.01439,-0.31439,0.0
619,2026-04-27T08:15:02.880Z,S20260427_091422,SC01,AUTO,25.2537,40.2703,0.0668,hold,1,1500,VIDE,0.0,0.03,0.0,5.212306,-0.698132,-0.0,1,0,7.101,20.39,0.0,0.03,0.0,4.2,4.9,2.0,0.5,0.05,0,1.01231,-0.31231,0.0
620,2026-04-27T08:15:02.942Z,S20260427_091422,SC01,AUTO,25.3164,40.3329,0.0626,hold,1,1500,VIDE,0.0,0.03,0.0,5.210915,-0.698132,-0.0,1,0,21.882,16.995,0.0,0.03,0.0,4.2,4.9,2.0,0.5,0.05,0,1.01091,-0.31091,0.0
621,2026-04-27T08:15:03.002Z,S20260427_091422,SC01,AUTO,25.3762,40.3927,0.0598,hold,1,1500,VIDE,0.0,0.03,0.0,5.209524,-0.698132,-0.0,1,0,15.384,18.047,0.0,0.03,0.0,4.2,4.9,2.0,0.5,0.05,0,1.00952,-0.30952,0.0
622,2026-04-27T08:15:03.061Z,S20260427_091422,SC01,AUTO,25.4353,40.4518,0.0591,hold,1,1500,VIDE,0.0,0.03,0.0,5.207438,-0.698132,-0.0,1,0,19.159,19.311,0.0,0.03,0.0,4.2,4.9,2.0,0.5,0.05,0,1.00744,-0.30744,0.0
623,2026-04-27T08:15:03.121Z,S20260427_091422,SC01,AUTO,25.4954,40.5119,0.0601,hold,1,1500,VIDE,0.0,0.03,0.0,5.206048,-0.698132,-0.0,1,0,9.4,19.504,0.0,0.03,0.0,4.2,4.9,2.0,0.5,0.05,0,1.00605,-0.30605,0.0
624,2026-04-27T08:15:03.182Z,S20260427_091422,SC01,AUTO,25.5563,40.5728,0.0608,hold,1,1500,VIDE,0.0,0.03,0.0,5.204658,-0.698132,-0.0,1,0,23.226,19.969,0.0,0.03,0.0,4.2,4.9,2.0,0.5,0.05,0,1.00466,-0.30466,0.0
625,2026-04-27T08:15:03.245Z,S20260427_091422,SC01,AUTO,25.6194,40.6359,0.0632,hold,1,1500,VIDE,0.0,0.03,0.0,5.202805,-0.698132,-0.0,1,0,43.001,1.137,0.0,0.03,0.0,4.2,4.9,2.0,0.5,0.05,0,1.0028,-0.3028,0.0
626,2026-04-27T08:15:03.319Z,S20260427_091422,SC01,AUTO,25.6928,40.7094,0.0734,hold,1,1500,VIDE,0.0,0.03,0.0,5.201183,-0.698132,-0.0,1,0,14.223,19.289,0.0,0.03,0.0,4.2,4.9,2.0,0.5,0.05,0,1.00118,-0.30118,0.0
627,2026-04-27T08:15:03.382Z,S20260427_091422,SC01,AUTO,25.7557,40.7723,0.0629,hold,1,1500,VIDE,0.0,0.03,0.0,5.1991,-0.698132,-0.0,1,0,13.892,19.537,0.0,0.03,0.0,4.2,4.9,2.0,0.5,0.05,0,0.9991,-0.2991,0.0
628,2026-04-27T08:15:03.430Z,S20260427_091422,SC01,AUTO,25.8044,40.8209,0.0486,hold,1,1500,VIDE,0.0,0.03,0.0,5.197711,-0.698132,0.0,1,0,6.366,19.178,0.0,0.03,0.0,4.2,4.9,2.0,0.5,0.05,0,0.99771,-0.29771,0.0
629,2026-04-27T08:15:03.502Z,S20260427_091422,SC01,AUTO,25.8766,40.8931,0.0722,hold,1,1500,VIDE,0.0,0.03,0.0,5.196322,-0.698132,0.0,1,0,21.651,19.602,0.0,0.03,0.0,4.2,4.9,2.0,0.5,0.05,0,0.99632,-0.29632,0.0
630,2026-04-27T08:15:03.562Z,S20260427_091422,SC01,AUTO,25.9358,40.9524,0.0592,hold,1,1500,VIDE,0.0,0.03,0.0,5.194934,-0.698132,0.0,1,0,17.567,18.166,0.0,0.03,0.0,4.2,4.9,2.0,0.5,0.05,0,0.99493,-0.29493,0.0
631,2026-04-27T08:15:03.622Z,S20260427_091422,SC01,AUTO,25.9963,41.0129,0.0606,hold,1,1500,VIDE,0.0,0.03,0.0,5.192852,-0.698132,-0.0,1,0,18.194,19.132,0.0,0.03,0.0,4.2,4.9,2.0,0.5,0.05,0,0.99285,-0.29285,0.0
632,2026-04-27T08:15:03.681Z,S20260427_091422,SC01,AUTO,26.0553,41.0718,0.0589,hold,1,1500,VIDE,0.0,0.03,0.0,5.191464,-0.698132,0.0,1,0,8.568,19.859,0.0,0.03,0.0,4.2,4.9,2.0,0.5,0.05,0,0.99146,-0.29146,0.0
633,2026-04-27T08:15:03.754Z,S20260427_091422,SC01,AUTO,26.1282,41.1448,0.0729,hold,1,1500,VIDE,0.0,0.03,0.0,5.189384,-0.698132,0.0,1,0,7.74,19.598,0.0,0.03,0.0,4.2,4.9,2.0,0.5,0.05,0,0.98938,-0.28938,0.0
634,2026-04-27T08:15:03.810Z,S20260427_091422,SC01,AUTO,26.1842,41.2008,0.0561,hold,1,1500,VIDE,0.0,0.03,0.0,5.187996,-0.698132,-0.0,1,0,19.949,18.985,0.0,0.03,0.0,4.2,4.9,2.0,0.5,0.05,0,0.988,-0.288,0.0
635,2026-04-27T08:15:03.879Z,S20260427_091422,SC01,AUTO,26.2534,41.27,0.0691,hold,1,1500,VIDE,0.0,0.03,0.0,5.185916,-0.698132,-0.0,1,0,17.895,18.595,0.0,0.03,0.0,4.2,4.9,2.0,0.5,0.05,0,0.98592,-0.28592,0.0
636,2026-04-27T08:15:03.941Z,S20260427_091422,SC01,AUTO,26.3155,41.3321,0.0621,hold,1,1500,VIDE,0.0,0.03,0.0,5.18453,-0.698132,0.0,1,0,9.969,19.94,0.0,0.03,0.0,4.2,4.9,2.0,0.5,0.05,0,0.98453,-0.28453,0.0
637,2026-04-27T08:15:04.001Z,S20260427_091422,SC01,AUTO,26.3755,41.3921,0.06,hold,1,1500,VIDE,0.0,0.03,0.0,5.183144,-0.698132,0.0,1,0,22.856,18.919,0.0,0.03,0.0,4.2,4.9,2.0,0.5,0.05,0,0.98314,-0.28314,0.0
638,2026-04-27T08:15:04.062Z,S20260427_091422,SC01,AUTO,26.4358,41.4524,0.0603,hold,1,1500,VIDE,0.0,0.03,0.0,5.181757,-0.698132,0.0,1,0,17.838,19.785,0.0,0.03,0.0,4.2,4.9,2.0,0.5,0.05,0,0.98176,-0.28176,0.0
639,2026-04-27T08:15:04.122Z,S20260427_091422,SC01,AUTO,26.4958,41.5124,0.0601,hold,1,1500,VIDE,0.0,0.03,0.0,5.179679,-0.698132,0.0,1,0,19.129,17.481,0.0,0.03,0.0,4.2,4.9,2.0,0.5,0.05,0,0.97968,-0.27968,0.0
640,2026-04-27T08:15:04.182Z,S20260427_091422,SC01,AUTO,26.5559,41.5724,0.0599,hold,1,1500,VIDE,0.0,0.03,0.0,5.178294,-0.698132,0.0,1,0,9.335,19.662,0.0,0.03,0.0,4.2,4.9,2.0,0.5,0.05,0,0.97829,-0.27829,0.0
641,2026-04-27T08:15:04.253Z,S20260427_091422,SC01,AUTO,26.6272,41.6437,0.0714,hold,1,1500,VIDE,0.0,0.03,0.0,5.176216,-0.698132,0.0,1,0,7.772,19.278,0.0,0.03,0.0,4.2,4.9,2.0,0.5,0.05,0,0.97622,-0.27622,0.0
642,2026-04-27T08:15:04.307Z,S20260427_091422,SC01,AUTO,26.6813,41.6979,0.0541,hold,1,1500,VIDE,0.0,0.03,0.0,5.174831,-0.698132,0.0,1,0,18.537,20.157,0.0,0.03,0.0,4.2,4.9,2.0,0.5,0.05,0,0.97483,-0.27483,0.0
643,2026-04-27T08:15:04.379Z,S20260427_091422,SC01,AUTO,26.753,41.7696,0.0717,hold,1,1500,VIDE,0.0,0.03,0.0,5.172755,-0.698132,0.0,1,0,16.6,17.891,0.0,0.03,0.0,4.2,4.9,2.0,0.5,0.05,0,0.97275,-0.27275,0.0
644,2026-04-27T08:15:04.441Z,S20260427_091422,SC01,AUTO,26.8151,41.8316,0.062,hold,1,1500,VIDE,0.0,0.03,0.0,5.171371,-0.698132,0.0,1,0,8.561,18.355,0.0,0.03,0.0,4.2,4.9,2.0,0.5,0.05,0,0.97137,-0.27137,0.0
645,2026-04-27T08:15:04.502Z,S20260427_091422,SC01,AUTO,26.8762,41.8927,0.0612,hold,1,1500,VIDE,0.0,0.03,0.0,5.169987,-0.698132,-0.0,1,0,13.168,18.223,0.0,0.03,0.0,4.2,4.9,2.0,0.5,0.05,0,0.96999,-0.26999,0.0
646,2026-04-27T08:15:04.562Z,S20260427_091422,SC01,AUTO,26.9357,41.9522,0.0595,hold,1,1500,VIDE,0.0,0.03,0.0,5.168603,-0.698132,0.0,1,0,6.835,19.828,0.0,0.03,0.0,4.2,4.9,2.0,0.5,0.05,0,0.9686,-0.2686,0.0
647,2026-04-27T08:15:04.630Z,S20260427_091422,SC01,AUTO,27.0041,42.0206,0.0684,hold,1,1500,VIDE,0.0,0.03,0.0,5.166528,-0.698132,-0.0,1,0,4.109,20.361,0.0,0.03,0.0,4.2,4.9,2.0,0.5,0.05,0,0.96653,-0.26653,0.0
648,2026-04-27T08:15:04.682Z,S20260427_091422,SC01,AUTO,27.0557,42.0723,0.0516,hold,1,1500,VIDE,0.0,0.03,0.0,5.165145,-0.698132,-0.0,1,0,19.465,19.483,0.0,0.03,0.0,4.2,4.9,2.0,0.5,0.05,0,0.96514,-0.26514,0.0
649,2026-04-27T08:15:04.752Z,S20260427_091422,SC01,AUTO,27.1264,42.143,0.0707,hold,1,1500,VIDE,0.0,0.03,0.0,5.163762,-0.698132,0.0,1,0,10.379,19.48,0.0,0.03,0.0,4.2,4.9,2.0,0.5,0.05,0,0.96376,-0.26376,0.0
650,2026-04-27T08:15:04.814Z,S20260427_091422,SC01,AUTO,27.1883,42.2048,0.0618,hold,1,1500,VIDE,0.0,0.03,0.0,5.161688,-0.698132,0.0,1,0,11.404,19.05,0.0,0.03,0.0,4.2,4.9,2.0,0.5,0.05,0,0.96169,-0.26169,0.0
651,2026-04-27T08:15:04.876Z,S20260427_091422,SC01,AUTO,27.2499,42.2665,0.0616,hold,1,1500,VIDE,0.0,0.03,0.0,5.160306,-0.698132,-0.0,1,0,8.284,19.337,0.0,0.03,0.0,4.2,4.9,2.0,0.5,0.05,0,0.96031,-0.26031,0.0
652,2026-04-27T08:15:04.937Z,S20260427_091422,SC01,AUTO,27.3115,42.3281,0.0615,hold,1,1500,VIDE,0.0,0.03,0.0,5.158924,-0.698132,0.0,1,0,17.8,20.643,0.0,0.03,0.0,4.2,4.9,2.0,0.5,0.05,0,0.95892,-0.25892,0.0
653,2026-04-27T08:15:04.999Z,S20260427_091422,SC01,AUTO,27.373,42.3895,0.0616,hold,1,1500,VIDE,0.0,0.03,0.0,5.157543,-0.698132,-0.0,1,0,14.219,17.458,0.0,0.03,0.0,4.2,4.9,2.0,0.5,0.05,0,0.95754,-0.25754,0.0
654,2026-04-27T08:15:05.060Z,S20260427_091422,SC01,AUTO,27.4343,42.4509,0.0613,hold,1,1500,VIDE,0.0,0.03,0.0,5.15547,-0.698132,0.0,1,0,13.668,19.062,0.0,0.03,0.0,4.2,4.9,2.0,0.5,0.05,0,0.95547,-0.25547,0.0
655,2026-04-27T08:15:05.122Z,S20260427_091422,SC01,AUTO,27.4961,42.5127,0.0618,hold,1,1500,VIDE,0.0,0.03,0.0,5.154089,-0.698132,-0.0,1,0,5.036,19.354,0.0,0.03,0.0,4.2,4.9,2.0,0.5,0.05,0,0.95409,-0.25409,0.0
656,2026-04-27T08:15:05.182Z,S20260427_091422,SC01,AUTO,27.5565,42.5731,0.0604,hold,1,1500,VIDE,0.0,0.03,0.0,5.152709,-0.698132,0.0,1,0,18.42,17.391,0.0,0.03,0.0,4.2,4.9,2.0,0.5,0.05,0,0.95271,-0.25271,0.0
657,2026-04-27T08:15:05.246Z,S20260427_091422,SC01,AUTO,27.6197,42.6363,0.0633,hold,1,1500,VIDE,0.0,0.03,0.0,5.150638,-0.698132,0.0,1,0,18.21,19.071,0.0,0.03,0.0,4.2,4.9,2.0,0.5,0.05,0,0.95064,-0.25064,0.0
658,2026-04-27T08:15:05.308Z,S20260427_091422,SC01,AUTO,27.6824,42.699,0.0626,hold,1,1500,VIDE,0.0,0.03,0.0,5.149257,-0.698132,-0.0,1,0,10.175,18.532,0.0,0.03,0.0,4.2,4.9,2.0,0.5,0.05,0,0.94926,-0.24926,0.0
659,2026-04-27T08:15:05.370Z,S20260427_091422,SC01,AUTO,27.7439,42.7604,0.0615,hold,1,1500,VIDE,0.0,0.03,0.0,5.147418,-0.698132,-0.0,1,0,27.672,0.946,0.0,0.03,0.0,4.2,4.9,2.0,0.5,0.05,0,0.94742,-0.24742,0.0
660,2026-04-27T08:15:05.431Z,S20260427_091422,SC01,AUTO,27.8055,42.8221,0.0617,hold,1,1500,VIDE,0.0,0.03,0.0,5.145808,-0.698132,-0.0,1,0,21.226,19.253,0.0,0.03,0.0,4.2,4.9,2.0,0.5,0.05,0,0.94581,-0.24581,0.0
661,2026-04-27T08:15:05.494Z,S20260427_091422,SC01,AUTO,27.8679,42.8845,0.0623,hold,1,1500,VIDE,0.0,0.03,0.0,5.144428,-0.698132,0.0,1,0,13.721,20.668,0.0,0.03,0.0,4.2,4.9,2.0,0.5,0.05,0,0.94443,-0.24443,0.0
662,2026-04-27T08:15:05.562Z,S20260427_091422,SC01,AUTO,27.9358,42.9524,0.0679,hold,1,1500,VIDE,0.0,0.03,0.0,5.14236,-0.698132,-0.0,1,0,13.157,19.363,0.0,0.03,0.0,4.2,4.9,2.0,0.5,0.05,0,0.94236,-0.24236,0.0
663,2026-04-27T08:15:05.620Z,S20260427_091422,SC01,AUTO,27.9938,43.0103,0.058,hold,1,1500,VIDE,0.0,0.03,0.0,5.140981,-0.698132,-0.0,1,0,7.824,19.843,0.0,0.03,0.0,4.2,4.9,2.0,0.5,0.05,0,0.94098,-0.24098,0.0
664,2026-04-27T08:15:05.682Z,S20260427_091422,SC01,AUTO,28.0559,43.0725,0.0621,hold,1,1500,VIDE,0.0,0.03,0.0,5.139602,-0.698132,-0.0,1,0,20.029,16.751,0.0,0.03,0.0,4.2,4.9,2.0,0.5,0.05,0,0.9396,-0.2396,0.0
665,2026-04-27T08:15:05.746Z,S20260427_091422,SC01,AUTO,28.1199,43.1365,0.064,hold,1,1500,VIDE,0.0,0.03,0.0,5.137535,-0.698132,0.0,1,0,20.789,19.987,0.0,0.03,0.0,4.2,4.9,2.0,0.5,0.05,0,0.93753,-0.23753,0.0
666,2026-04-27T08:15:05.806Z,S20260427_091422,SC01,AUTO,28.1802,43.1968,0.0603,hold,1,1500,VIDE,0.0,0.03,0.0,5.136157,-0.698132,0.0,1,0,12.228,18.994,0.0,0.03,0.0,4.2,4.9,2.0,0.5,0.05,0,0.93616,-0.23616,0.0
667,2026-04-27T08:15:05.869Z,S20260427_091422,SC01,AUTO,28.2429,43.2594,0.0627,hold,1,1500,VIDE,0.0,0.03,0.0,5.134779,-0.698132,0.0,1,0,26.441,19.649,0.0,0.03,0.0,4.2,4.9,2.0,0.5,0.05,0,0.93478,-0.23478,0.0
668,2026-04-27T08:15:05.931Z,S20260427_091422,SC01,AUTO,28.3054,43.322,0.0625,hold,1,1500,VIDE,0.0,0.03,0.0,5.132713,-0.698132,-0.0,1,0,6.701,19.049,0.0,0.03,0.0,4.2,4.9,2.0,0.5,0.05,0,0.93271,-0.23271,0.0
669,2026-04-27T08:15:05.995Z,S20260427_091422,SC01,AUTO,28.3692,43.3857,0.0638,hold,1,1500,VIDE,0.0,0.03,0.0,5.131336,-0.698132,-0.0,1,0,23.048,19.284,0.0,0.03,0.0,4.2,4.9,2.0,0.5,0.05,0,0.93134,-0.23134,0.0
670,2026-04-27T08:15:06.058Z,S20260427_091422,SC01,AUTO,28.4324,43.4489,0.0632,hold,1,1500,VIDE,0.0,0.03,0.0,5.129959,-0.698132,0.0,1,0,18.306,18.993,0.0,0.03,0.0,4.2,4.9,2.0,0.5,0.05,0,0.92996,-0.22996,0.0
671,2026-04-27T08:15:06.121Z,S20260427_091422,SC01,AUTO,28.4956,43.5121,0.0632,hold,1,1500,VIDE,0.0,0.03,0.0,5.127894,-0.698132,0.0,1,0,18.608,19.78,0.0,0.03,0.0,4.2,4.9,2.0,0.5,0.05,0,0.92789,-0.22789,0.0
672,2026-04-27T08:15:06.181Z,S20260427_091422,SC01,AUTO,28.5556,43.5721,0.0601,hold,1,1500,VIDE,0.0,0.03,0.0,5.126518,-0.698132,-0.0,1,0,13.3,18.988,0.0,0.03,0.0,4.2,4.9,2.0,0.5,0.05,0,0.92652,-0.22652,0.0
673,2026-04-27T08:15:06.245Z,S20260427_091422,SC01,AUTO,28.6196,43.6362,0.064,hold,1,1500,VIDE,0.0,0.03,0.0,5.125142,-0.698132,-0.0,1,0,7.336,19.926,0.0,0.03,0.0,4.2,4.9,2.0,0.5,0.05,0,0.92514,-0.22514,0.0
674,2026-04-27T08:15:06.308Z,S20260427_091422,SC01,AUTO,28.682,43.6985,0.0623,hold,1,1500,VIDE,0.0,0.03,0.0,5.123766,-0.698132,-0.0,1,0,22.306,19.177,0.0,0.03,0.0,4.2,4.9,2.0,0.5,0.05,0,0.92377,-0.22377,0.0
675,2026-04-27T08:15:06.370Z,S20260427_091422,SC01,AUTO,28.744,43.7606,0.0622,hold,1,1500,VIDE,0.0,0.03,0.0,5.121703,-0.698132,0.0,1,0,22.299,19.45,0.0,0.03,0.0,4.2,4.9,2.0,0.5,0.05,0,0.9217,-0.2217,0.0
676,2026-04-27T08:15:06.431Z,S20260427_091422,SC01,AUTO,28.8052,43.8218,0.0611,hold,1,1500,VIDE,0.0,0.03,0.0,5.120327,-0.698132,-0.0,1,0,15.143,18.793,0.0,0.03,0.0,4.2,4.9,2.0,0.5,0.05,0,0.92033,-0.22033,0.0
677,2026-04-27T08:15:06.495Z,S20260427_091422,SC01,AUTO,28.8692,43.8857,0.064,hold,1,1500,VIDE,0.0,0.03,0.0,5.118953,-0.698132,-0.0,1,0,10.261,20.11,0.0,0.03,0.0,4.2,4.9,2.0,0.5,0.05,0,0.91895,-0.21895,0.0
678,2026-04-27T08:15:06.559Z,S20260427_091422,SC01,AUTO,28.9327,43.9492,0.0635,hold,1,1500,VIDE,0.0,0.03,0.0,5.11689,-0.698132,0.0,1,0,11.652,18.978,0.0,0.03,0.0,4.2,4.9,2.0,0.5,0.05,0,0.91689,-0.21689,0.0
679,2026-04-27T08:15:06.621Z,S20260427_091422,SC01,AUTO,28.9948,44.0113,0.0621,hold,1,1500,VIDE,0.0,0.03,0.0,5.115516,-0.698132,-0.0,1,0,6.54,20.163,0.0,0.03,0.0,4.2,4.9,2.0,0.5,0.05,0,0.91552,-0.21552,0.0
680,2026-04-27T08:15:06.681Z,S20260427_091422,SC01,AUTO,29.0548,44.0714,0.06,hold,1,1500,VIDE,0.0,0.03,0.0,5.114142,-0.698132,0.0,1,0,22.777,18.513,0.0,0.03,0.0,4.2,4.9,2.0,0.5,0.05,0,0.91414,-0.21414,0.0
681,2026-04-27T08:15:06.744Z,S20260427_091422,SC01,AUTO,29.1184,44.1349,0.0636,hold,1,1500,VIDE,0.0,0.03,0.0,5.112768,-0.698132,-0.0,1,0,19.433,13.861,0.0,0.03,0.0,4.2,4.9,2.0,0.5,0.05,0,0.91277,-0.21277,0.0
682,2026-04-27T08:15:06.821Z,S20260427_091422,SC01,AUTO,29.1957,44.2122,0.0773,hold,1,1500,VIDE,0.0,0.03,0.0,5.110708,-0.698132,-0.0,1,0,22.321,19.238,0.0,0.03,0.0,4.2,4.9,2.0,0.5,0.05,0,0.91071,-0.21071,0.0
683,2026-04-27T08:15:06.899Z,S20260427_091422,SC01,AUTO,29.2729,44.2895,0.0772,hold,1,1500,VIDE,0.0,0.03,0.0,5.108648,-0.698132,0.0,1,0,23.985,20.959,0.0,0.03,0.0,4.2,4.9,2.0,0.5,0.05,0,0.90865,-0.20865,0.0
684,2026-04-27T08:15:06.961Z,S20260427_091422,SC01,AUTO,29.3348,44.3514,0.062,hold,1,1500,VIDE,0.0,0.03,0.0,5.107275,-0.698132,0.0,1,0,21.301,16.359,0.0,0.03,0.0,4.2,4.9,2.0,0.5,0.05,0,0.90728,-0.20728,0.0
685,2026-04-27T08:15:07.022Z,S20260427_091422,SC01,AUTO,29.3963,44.4129,0.0615,hold,1,1500,VIDE,0.0,0.03,0.0,5.105902,-0.698132,-0.0,1,0,15.389,19.278,0.0,0.03,0.0,4.2,4.9,2.0,0.5,0.05,0,0.9059,-0.2059,0.0
686,2026-04-27T08:15:07.081Z,S20260427_091422,SC01,AUTO,29.4552,44.4718,0.059,hold,1,1500,VIDE,0.0,0.03,0.0,5.104073,-0.698132,-0.0,1,0,39.214,1.089,0.0,0.03,0.0,4.2,4.9,2.0,0.5,0.05,0,0.90407,-0.20407,0.0
687,2026-04-27T08:15:07.141Z,S20260427_091422,SC01,AUTO,29.5155,44.532,0.0603,hold,1,1500,VIDE,0.0,0.03,0.0,5.102929,-0.698132,0.0,1,0,38.338,26.107,0.0,0.03,0.0,4.2,4.9,2.0,0.5,0.05,0,0.90293,-0.20293,0.0
688,2026-04-27T08:15:07.202Z,S20260427_091422,SC01,AUTO,29.5761,44.5926,0.0606,hold,1,1500,VIDE,0.0,0.03,0.0,5.1011,-0.698132,-0.0,1,0,16.608,19.386,0.0,0.03,0.0,4.2,4.9,2.0,0.5,0.05,0,0.9011,-0.2011,0.0
689,2026-04-27T08:15:07.261Z,S20260427_091422,SC01,AUTO,29.6355,44.6521,0.0595,hold,1,1500,VIDE,0.0,0.03,0.0,5.099728,-0.698132,-0.0,1,0,13.375,18.795,0.0,0.03,0.0,4.2,4.9,2.0,0.5,0.05,0,0.89973,-0.19973,0.0
690,2026-04-27T08:15:07.321Z,S20260427_091422,SC01,AUTO,29.6951,44.7116,0.0595,hold,1,1500,VIDE,0.0,0.03,0.0,5.098357,-0.698132,0.0,1,0,8.56,20.062,0.0,0.03,0.0,4.2,4.9,2.0,0.5,0.05,0,0.89836,-0.19836,0.0
691,2026-04-27T08:15:07.397Z,S20260427_091422,SC01,AUTO,29.7707,44.7872,0.0756,hold,1,1500,VIDE,0.0,0.03,0.0,5.0963,-0.698132,-0.0,1,0,12.542,19.567,0.0,0.03,0.0,4.2,4.9,2.0,0.5,0.05,0,0.8963,-0.1963,0.0
692,2026-04-27T08:15:07.448Z,S20260427_091422,SC01,AUTO,29.8224,44.8389,0.0517,hold,1,1500,VIDE,0.0,0.03,0.0,5.095615,-0.698132,-0.0,1,0,20.152,20.016,0.0,0.03,0.0,4.2,4.9,2.0,0.5,0.05,0,0.89561,-0.19561,0.0
693,2026-04-27T08:15:07.520Z,S20260427_091422,SC01,AUTO,29.8938,44.9103,0.0714,hold,1,1500,VIDE,0.0,0.03,0.0,5.093559,-0.698132,0.0,1,0,27.729,18.869,0.0,0.03,0.0,4.2,4.9,2.0,0.5,0.05,0,0.89356,-0.19356,0.0
694,2026-04-27T08:15:07.582Z,S20260427_091422,SC01,AUTO,29.9562,44.9728,0.0623,hold,1,1500,VIDE,0.0,0.03,0.0,5.092188,-0.698132,-0.0,1,0,22.811,15.294,0.0,0.03,0.0,4.2,4.9,2.0,0.5,0.05,0,0.89219,-0.19219,0.0
695,2026-04-27T08:15:07.641Z,S20260427_091422,SC01,AUTO,30.0154,45.0319,0.0593,hold,1,1500,VIDE,0.0,0.03,0.0,5.090818,-0.698132,-0.0,1,0,20.305,17.281,0.0,0.03,0.0,4.2,4.9,2.0,0.5,0.05,0,0.89082,-0.19082,0.0
696,2026-04-27T08:15:07.702Z,S20260427_091422,SC01,AUTO,30.0763,45.0929,0.0609,hold,1,1500,VIDE,0.0,0.03,0.0,5.089448,-0.698132,-0.0,1,0,17.353,20.032,0.0,0.03,0.0,4.2,4.9,2.0,0.5,0.05,0,0.88945,-0.18945,0.0
697,2026-04-27T08:15:07.761Z,S20260427_091422,SC01,AUTO,30.1351,45.1516,0.0588,hold,1,1500,VIDE,0.0,0.03,0.0,5.087623,-0.698132,0.0,1,0,39.198,1.075,0.0,0.03,0.0,4.2,4.9,2.0,0.5,0.05,0,0.88762,-0.18762,0.0
698,2026-04-27T08:15:07.822Z,S20260427_091422,SC01,AUTO,30.196,45.2125,0.0609,hold,1,1500,VIDE,0.0,0.03,0.0,5.086025,-0.698132,-0.0,1,0,18.644,18.616,0.0,0.03,0.0,4.2,4.9,2.0,0.5,0.05,0,0.88603,-0.18603,0.0
699,2026-04-27T08:15:07.894Z,S20260427_091422,SC01,AUTO,30.2686,45.2852,0.0726,hold,1,1500,VIDE,0.0,0.03,0.0,5.084656,-0.698132,-0.0,1,0,13.955,20.273,0.0,0.03,0.0,4.2,4.9,2.0,0.5,0.05,0,0.88466,-0.18466,0.0
700,2026-04-27T08:15:07.957Z,S20260427_091422,SC01,AUTO,30.3313,45.3479,0.0627,hold,1,1500,VIDE,0.0,0.03,0.0,5.083287,-0.698132,-0.0,1,0,11.949,19.732,0.0,0.03,0.0,4.2,4.9,2.0,0.5,0.05,0,0.88329,-0.18329,0.0
701,2026-04-27T08:15:08.018Z,S20260427_091422,SC01,AUTO,30.392,45.4085,0.0606,hold,1,1500,VIDE,0.0,0.03,0.0,5.081234,-0.698132,0.0,1,0,14.206,19.355,0.0,0.03,0.0,4.2,4.9,2.0,0.5,0.05,0,0.88123,-0.18123,0.0
702,2026-04-27T08:15:08.080Z,S20260427_091422,SC01,AUTO,30.4537,45.4703,0.0618,hold,1,1500,VIDE,0.0,0.03,0.0,5.079866,-0.698132,0.0,1,0,9.032,18.838,0.0,0.03,0.0,4.2,4.9,2.0,0.5,0.05,0,0.87987,-0.17987,0.0
703,2026-04-27T08:15:08.141Z,S20260427_091422,SC01,AUTO,30.5153,45.5319,0.0616,hold,1,1500,VIDE,0.0,0.03,0.0,5.078498,-0.698132,-0.0,1,0,23.893,15.283,0.0,0.03,0.0,4.2,4.9,2.0,0.5,0.05,0,0.8785,-0.1785,0.0
704,2026-04-27T08:15:08.202Z,S20260427_091422,SC01,AUTO,30.5757,45.5922,0.0604,hold,1,1500,VIDE,0.0,0.03,0.0,5.077131,-0.698132,0.0,1,0,20.335,20.456,0.0,0.03,0.0,4.2,4.9,2.0,0.5,0.05,0,0.87713,-0.17713,0.0
705,2026-04-27T08:15:08.262Z,S20260427_091422,SC01,AUTO,30.6365,45.6531,0.0608,hold,1,1500,VIDE,0.0,0.03,0.0,5.075763,-0.698132,0.0,1,0,18.929,19.044,0.0,0.03,0.0,4.2,4.9,2.0,0.5,0.05,0,0.87576,-0.17576,0.0
706,2026-04-27T08:15:08.322Z,S20260427_091422,SC01,AUTO,30.6959,45.7124,0.0594,hold,1,1500,VIDE,0.0,0.03,0.0,5.074168,-0.698132,0.0,1,0,39.721,26.548,0.0,0.03,0.0,4.2,4.9,2.0,0.5,0.05,0,0.87417,-0.17417,0.0
707,2026-04-27T08:15:08.389Z,S20260427_091422,SC01,AUTO,30.7634,45.7799,0.0675,hold,1,1500,VIDE,0.0,0.03,0.0,5.072346,-0.698132,-0.0,1,0,16.55,19.055,0.0,0.03,0.0,4.2,4.9,2.0,0.5,0.05,0,0.87235,-0.17235,0.0
708,2026-04-27T08:15:08.452Z,S20260427_091422,SC01,AUTO,30.8261,45.8427,0.0627,hold,1,1500,VIDE,0.0,0.03,0.0,5.070979,-0.698132,-0.0,1,0,10.815,19.52,0.0,0.03,0.0,4.2,4.9,2.0,0.5,0.05,0,0.87098,-0.17098,0.0
709,2026-04-27T08:15:08.513Z,S20260427_091422,SC01,AUTO,30.8876,45.9041,0.0615,hold,1,1500,VIDE,0.0,0.03,0.0,5.069385,-0.698132,0.0,1,0,31.002,5.835,0.0,0.03,0.0,4.2,4.9,2.0,0.5,0.05,0,0.86939,-0.16939,0.0
710,2026-04-27T08:15:08.575Z,S20260427_091422,SC01,AUTO,30.9496,45.9661,0.062,hold,1,1500,VIDE,0.0,0.03,0.0,5.067564,-0.698132,0.0,1,0,8.519,18.95,0.0,0.03,0.0,4.2,4.9,2.0,0.5,0.05,0,0.86756,-0.16756,0.0
711,2026-04-27T08:15:08.638Z,S20260427_091422,SC01,AUTO,31.0119,46.0285,0.0623,hold,1,1500,VIDE,0.0,0.03,0.0,5.066198,-0.698132,0.0,1,0,23.343,20.418,0.0,0.03,0.0,4.2,4.9,2.0,0.5,0.05,0,0.8662,-0.1662,0.0
712,2026-04-27T08:15:08.699Z,S20260427_091422,SC01,AUTO,31.0733,46.0899,0.0614,hold,1,1500,VIDE,0.0,0.03,0.0,5.064832,-0.698132,0.0,1,0,19.626,16.961,0.0,0.03,0.0,4.2,4.9,2.0,0.5,0.05,0,0.86483,-0.16483,0.0
713,2026-04-27T08:15:08.762Z,S20260427_091422,SC01,AUTO,31.1361,46.1527,0.0629,hold,1,1500,VIDE,0.0,0.03,0.0,5.063467,-0.698132,0.0,1,0,14.226,15.824,0.0,0.03,0.0,4.2,4.9,2.0,0.5,0.05,0,0.86347,-0.16347,0.0
714,2026-04-27T08:15:08.822Z,S20260427_091422,SC01,AUTO,31.1963,46.2128,0.0602,hold,1,1500,VIDE,0.0,0.03,0.0,5.061419,-0.698132,-0.0,1,0,18.028,18.328,0.0,0.03,0.0,4.2,4.9,2.0,0.5,0.05,0,0.86142,-0.16142,0.0
715,2026-04-27T08:15:08.888Z,S20260427_091422,SC01,AUTO,31.2622,46.2787,0.0659,hold,1,1500,VIDE,0.0,0.03,0.0,5.060054,-0.698132,0.0,1,0,11.807,19.573,0.0,0.03,0.0,4.2,4.9,2.0,0.5,0.05,0,0.86005,-0.16005,0.0
716,2026-04-27T08:15:08.950Z,S20260427_091422,SC01,AUTO,31.3244,46.3409,0.0622,hold,1,1500,VIDE,0.0,0.03,0.0,5.05869,-0.698132,-0.0,1,0,8.604,19.568,0.0,0.03,0.0,4.2,4.9,2.0,0.5,0.05,0,0.85869,-0.15869,0.0
717,2026-04-27T08:15:09.013Z,S20260427_091422,SC01,AUTO,31.3871,46.4037,0.0627,hold,1,1500,VIDE,0.0,0.03,0.0,5.056643,-0.698132,0.0,1,0,9.429,19.315,0.0,0.03,0.0,4.2,4.9,2.0,0.5,0.05,0,0.85664,-0.15664,0.0
718,2026-04-27T08:15:09.073Z,S20260427_091422,SC01,AUTO,31.4471,46.4636,0.06,hold,1,1500,VIDE,0.0,0.03,0.0,5.05528,-0.698132,0.0,1,0,27.388,19.852,0.0,0.03,0.0,4.2,4.9,2.0,0.5,0.05,0,0.85528,-0.15528,0.0
719,2026-04-27T08:15:09.137Z,S20260427_091422,SC01,AUTO,31.5108,46.5273,0.0637,hold,1,1500,VIDE,0.0,0.03,0.0,5.053916,-0.698132,0.0,1,0,20.917,19.402,0.0,0.03,0.0,4.2,4.9,2.0,0.5,0.05,0,0.85392,-0.15392,0.0
720,2026-04-27T08:15:09.200Z,S20260427_091422,SC01,AUTO,31.5744,46.591,0.0636,hold,1,1500,VIDE,0.0,0.03,0.0,5.052553,-0.698132,0.0,1,0,15.838,17.984,0.0,0.03,0.0,4.2,4.9,2.0,0.5,0.05,0,0.85255,-0.15255,0.0
721,2026-04-27T08:15:09.262Z,S20260427_091422,SC01,AUTO,31.6365,46.653,0.062,hold,1,1500,VIDE,0.0,0.03,0.0,5.050508,-0.698132,0.0,1,0,19.994,19.09,0.0,0.03,0.0,4.2,4.9,2.0,0.5,0.05,0,0.85051,-0.15051,0.0
722,2026-04-27T08:15:09.322Z,S20260427_091422,SC01,AUTO,31.6957,46.7122,0.0593,hold,1,1500,VIDE,0.0,0.03,0.0,5.049145,-0.698132,-0.0,1,0,15.791,19.549,0.0,0.03,0.0,4.2,4.9,2.0,0.5,0.05,0,0.84915,-0.14915,0.0
723,2026-04-27T08:15:09.386Z,S20260427_091422,SC01,AUTO,31.7601,46.7767,0.0644,hold,1,1500,VIDE,0.0,0.03,0.0,5.047782,-0.698132,0.0,1,0,8.617,19.706,0.0,0.03,0.0,4.2,4.9,2.0,0.5,0.05,0,0.84778,-0.14778,0.0
724,2026-04-27T08:15:09.449Z,S20260427_091422,SC01,AUTO,31.8229,46.8394,0.0627,hold,1,1500,VIDE,0.0,0.03,0.0,5.04642,-0.698132,-0.0,1,0,23.339,20.446,0.0,0.03,0.0,4.2,4.9,2.0,0.5,0.05,0,0.84642,-0.14642,0.0
725,2026-04-27T08:15:09.510Z,S20260427_091422,SC01,AUTO,31.884,46.9006,0.0612,hold,1,1500,VIDE,0.0,0.03,0.0,5.044377,-0.698132,0.0,1,0,26.389,19.536,0.0,0.03,0.0,4.2,4.9,2.0,0.5,0.05,0,0.84438,-0.14438,0.0
726,2026-04-27T08:15:09.571Z,S20260427_091422,SC01,AUTO,31.9451,46.9616,0.0611,hold,1,1500,VIDE,0.0,0.03,0.0,5.043015,-0.698132,0.0,1,0,21.559,19.427,0.0,0.03,0.0,4.2,4.9,2.0,0.5,0.05,0,0.84302,-0.14302,0.0
727,2026-04-27T08:15:09.642Z,S20260427_091422,SC01,AUTO,32.0157,47.0323,0.0706,hold,1,1500,VIDE,0.0,0.03,0.0,5.041654,-0.698132,0.0,1,0,16.56,19.529,0.0,0.03,0.0,4.2,4.9,2.0,0.5,0.05,0,0.84165,-0.14165,0.0
728,2026-04-27T08:15:09.701Z,S20260427_091422,SC01,AUTO,32.0755,47.0921,0.0599,hold,1,1500,VIDE,0.0,0.03,0.0,5.040292,-0.698132,0.0,1,0,13.186,19.265,0.0,0.03,0.0,4.2,4.9,2.0,0.5,0.05,0,0.84029,-0.14029,0.0
729,2026-04-27T08:15:09.761Z,S20260427_091422,SC01,AUTO,32.1356,47.1522,0.0601,hold,1,1500,VIDE,0.0,0.03,0.0,5.03825,-0.698132,-0.0,1,0,15.265,19.308,0.0,0.03,0.0,4.2,4.9,2.0,0.5,0.05,0,0.83825,-0.13825,0.0
730,2026-04-27T08:15:09.821Z,S20260427_091422,SC01,AUTO,32.1951,47.2117,0.0595,hold,1,1500,VIDE,0.0,0.03,0.0,5.03689,-0.698132,0.0,1,0,10.2,19.907,0.0,0.03,0.0,4.2,4.9,2.0,0.5,0.05,0,0.83689,-0.13689,0.0
731,2026-04-27T08:15:09.896Z,S20260427_091422,SC01,AUTO,32.2705,47.287,0.0753,hold,1,1500,VIDE,0.0,0.03,0.0,5.035303,-0.698132,-0.0,1,0,33.542,23.697,0.0,0.03,0.0,4.2,4.9,2.0,0.5,0.05,0,0.8353,-0.1353,0.0
732,2026-04-27T08:15:09.957Z,S20260427_091422,SC01,AUTO,32.3309,47.3475,0.0605,hold,1,1500,VIDE,0.0,0.03,0.0,5.033489,-0.698132,-0.0,1,0,8.502,20.009,0.0,0.03,0.0,4.2,4.9,2.0,0.5,0.05,0,0.83349,-0.13349,0.0
733,2026-04-27T08:15:10.018Z,S20260427_091422,SC01,AUTO,32.3926,47.4091,0.0616,hold,1,1500,VIDE,0.0,0.03,0.0,5.032129,-0.698132,0.0,1,0,23.41,18.956,0.0,0.03,0.0,4.2,4.9,2.0,0.5,0.05,0,0.83213,-0.13213,0.0
734,2026-04-27T08:15:10.080Z,S20260427_091422,SC01,AUTO,32.4547,47.4712,0.0621,hold,1,1500,VIDE,0.0,0.03,0.0,5.030769,-0.698132,0.0,1,0,19.82,16.335,0.0,0.03,0.0,4.2,4.9,2.0,0.5,0.05,0,0.83077,-0.13077,0.0
735,2026-04-27T08:15:10.143Z,S20260427_091422,SC01,AUTO,32.5167,47.5333,0.062,hold,1,1500,VIDE,0.0,0.03,0.0,5.02873,-0.698132,-0.0,1,0,19.838,20.484,0.0,0.03,0.0,4.2,4.9,2.0,0.5,0.05,0,0.82873,-0.12873,0.0
736,2026-04-27T08:15:10.201Z,S20260427_091422,SC01,AUTO,32.5754,47.5919,0.0587,hold,1,1500,VIDE,0.0,0.03,0.0,5.027371,-0.698132,0.0,1,0,18.729,18.946,0.0,0.03,0.0,4.2,4.9,2.0,0.5,0.05,0,0.82737,-0.12737,0.0
737,2026-04-27T08:15:10.262Z,S20260427_091422,SC01,AUTO,32.6362,47.6528,0.0609,hold,1,1500,VIDE,0.0,0.03,0.0,5.026012,-0.698132,0.0,1,0,14.761,19.293,0.0,0.03,0.0,4.2,4.9,2.0,0.5,0.05,0,0.82601,-0.12601,0.0
738,2026-04-27T08:15:10.322Z,S20260427_091422,SC01,AUTO,32.6958,47.7123,0.0596,hold,1,1500,VIDE,0.0,0.03,0.0,5.024653,-0.698132,0.0,1,0,8.914,19.998,0.0,0.03,0.0,4.2,4.9,2.0,0.5,0.05,0,0.82465,-0.12465,0.0
739,2026-04-27T08:15:10.394Z,S20260427_091422,SC01,AUTO,32.7682,47.7848,0.0724,hold,1,1500,VIDE,0.0,0.03,0.0,5.022616,-0.698132,-0.0,1,0,10.012,18.725,0.0,0.03,0.0,4.2,4.9,2.0,0.5,0.05,0,0.82262,-0.12262,0.0
740,2026-04-27T08:15:10.457Z,S20260427_091422,SC01,AUTO,32.8309,47.8474,0.0626,hold,1,1500,VIDE,0.0,0.03,0.0,5.021258,-0.698132,0.0,1,0,23.919,18.93,0.0,0.03,0.0,4.2,4.9,2.0,0.5,0.05,0,0.82126,-0.12126,0.0
741,2026-04-27T08:15:10.519Z,S20260427_091422,SC01,AUTO,32.8934,47.91,0.0626,hold,1,1500,VIDE,0.0,0.03,0.0,5.0199,-0.698132,-0.0,1,0,17.319,17.953,0.0,0.03,0.0,4.2,4.9,2.0,0.5,0.05,0,0.8199,-0.1199,0.0
742,2026-04-27T08:15:10.581Z,S20260427_091422,SC01,AUTO,32.9548,47.9713,0.0614,hold,1,1500,VIDE,0.0,0.03,0.0,5.017864,-0.698132,-0.0,1,0,17.676,20.084,0.0,0.03,0.0,4.2,4.9,2.0,0.5,0.05,0,0.81786,-0.11786,0.0
743,2026-04-27T08:15:10.634Z,S20260427_091422,SC01,AUTO,33.0086,48.0252,0.0538,hold,1,1500,VIDE,0.0,0.03,0.0,5.016733,-0.698132,0.0,1,0,31.91,0.91,0.0,0.03,0.0,4.2,4.9,2.0,0.5,0.05,0,0.81673,-0.11673,0.0
744,2026-04-27T08:15:10.702Z,S20260427_091422,SC01,AUTO,33.0759,48.0925,0.0673,hold,1,1500,VIDE,0.0,0.03,0.0,5.015149,-0.698132,-0.0,1,0,25.817,20.441,0.0,0.03,0.0,4.2,4.9,2.0,0.5,0.05,0,0.81515,-0.11515,0.0
745,2026-04-27T08:15:10.761Z,S20260427_091422,SC01,AUTO,33.1355,48.1521,0.0596,hold,1,1500,VIDE,0.0,0.03,0.0,5.013793,-0.698132,0.0,1,0,19.649,19.785,0.0,0.03,0.0,4.2,4.9,2.0,0.5,0.05,0,0.81379,-0.11379,0.0
746,2026-04-27T08:15:10.821Z,S20260427_091422,SC01,AUTO,33.1955,48.2121,0.0599,hold,1,1500,VIDE,0.0,0.03,0.0,5.012436,-0.698132,0.0,1,0,19.573,19.584,0.0,0.03,0.0,4.2,4.9,2.0,0.5,0.05,0,0.81244,-0.11244,0.0
747,2026-04-27T08:15:10.894Z,S20260427_091422,SC01,AUTO,33.268,48.2845,0.0725,hold,1,1500,VIDE,0.0,0.03,0.0,5.010402,-0.698132,-0.0,1,0,25.117,19.868,0.0,0.03,0.0,4.2,4.9,2.0,0.5,0.05,0,0.8104,-0.1104,0.0
748,2026-04-27T08:15:10.956Z,S20260427_091422,SC01,AUTO,33.3304,48.347,0.0624,hold,1,1500,VIDE,0.0,0.03,0.0,5.009046,-0.698132,0.0,1,0,20.308,19.36,0.0,0.03,0.0,4.2,4.9,2.0,0.5,0.05,0,0.80905,-0.10905,0.0
749,2026-04-27T08:15:11.018Z,S20260427_091422,SC01,AUTO,33.3924,48.4089,0.062,hold,1,1500,VIDE,0.0,0.03,0.0,5.00769,-0.698132,0.0,1,0,14.158,17.722,0.0,0.03,0.0,4.2,4.9,2.0,0.5,0.05,0,0.80769,-0.10769,0.0
750,2026-04-27T08:15:11.080Z,S20260427_091422,SC01,AUTO,33.454,48.4706,0.0616,hold,1,1500,VIDE,0.0,0.03,0.0,5.005657,-0.698132,-0.0,1,0,14.465,19.983,0.0,0.03,0.0,4.2,4.9,2.0,0.5,0.05,0,0.80566,-0.10566,0.0
751,2026-04-27T08:15:11.142Z,S20260427_091422,SC01,AUTO,33.5158,48.5323,0.0618,hold,1,1500,VIDE,0.0,0.03,0.0,5.004302,-0.698132,0.0,1,0,7.392,19.06,0.0,0.03,0.0,4.2,4.9,2.0,0.5,0.05,0,0.8043,-0.1043,0.0
752,2026-04-27T08:15:11.202Z,S20260427_091422,SC01,AUTO,33.5767,48.5932,0.0609,hold,1,1500,VIDE,0.0,0.03,0.0,5.002946,-0.698132,0.0,1,0,22.379,18.928,0.0,0.03,0.0,4.2,4.9,2.0,0.5,0.05,0,0.80295,-0.10295,0.0
753,2026-04-27T08:15:11.262Z,S20260427_091422,SC01,AUTO,33.6357,48.6523,0.0591,hold,1,1500,VIDE,0.0,0.03,0.0,5.001592,-0.698132,-0.0,1,0,16.989,18.86,0.0,0.03,0.0,4.2,4.9,2.0,0.5,0.05,0,0.80159,-0.10159,0.0
754,2026-04-27T08:15:11.322Z,S20260427_091422,SC01,AUTO,33.6957,48.7123,0.06,hold,1,1500,VIDE,0.0,0.03,0.0,4.99956,-0.698132,0.0,1,0,17.819,19.416,0.0,0.03,0.0,4.2,4.9,2.0,0.5,0.05,0,0.79956,-0.09956,0.0
755,2026-04-27T08:15:11.393Z,S20260427_091422,SC01,AUTO,33.7671,48.7837,0.0714,hold,1,1500,VIDE,0.0,0.03,0.0,4.998206,-0.698132,0.0,1,0,11.382,19.945,0.0,0.03,0.0,4.2,4.9,2.0,0.5,0.05,0,0.79821,-0.09821,0.0
756,2026-04-27T08:15:11.456Z,S20260427_091422,SC01,AUTO,33.8302,48.8468,0.0631,hold,1,1500,VIDE,0.0,0.03,0.0,4.996175,-0.698132,-0.0,1,0,12.851,18.538,0.0,0.03,0.0,4.2,4.9,2.0,0.5,0.05,0,0.79618,-0.09618,0.0
757,2026-04-27T08:15:11.513Z,S20260427_091422,SC01,AUTO,33.8875,48.904,0.0573,hold,1,1500,VIDE,0.0,0.03,0.0,4.994822,-0.698132,-0.0,1,0,24.84,19.618,0.0,0.03,0.0,4.2,4.9,2.0,0.5,0.05,0,0.79482,-0.09482,0.0
758,2026-04-27T08:15:11.580Z,S20260427_091422,SC01,AUTO,33.9545,48.9711,0.067,hold,1,1500,VIDE,0.0,0.03,0.0,4.993468,-0.698132,-0.0,1,0,17.461,20.389,0.0,0.03,0.0,4.2,4.9,2.0,0.5,0.05,0,0.79347,-0.09347,0.0
759,2026-04-27T08:15:11.642Z,S20260427_091422,SC01,AUTO,34.0166,49.0332,0.0621,hold,1,1500,VIDE,0.0,0.03,0.0,4.991439,-0.698132,0.0,1,0,18.826,19.224,0.0,0.03,0.0,4.2,4.9,2.0,0.5,0.05,0,0.79144,-0.09144,0.0
760,2026-04-27T08:15:11.701Z,S20260427_091422,SC01,AUTO,34.0753,49.0919,0.0587,hold,1,1500,VIDE,0.0,0.03,0.0,4.990086,-0.698132,-0.0,1,0,12.499,20.951,0.0,0.03,0.0,4.2,4.9,2.0,0.5,0.05,0,0.79009,-0.09009,0.0
761,2026-04-27T08:15:11.761Z,S20260427_091422,SC01,AUTO,34.1354,49.1519,0.0601,hold,1,1500,VIDE,0.0,0.03,0.0,4.988734,-0.698132,0.0,1,0,6.525,19.387,0.0,0.03,0.0,4.2,4.9,2.0,0.5,0.05,0,0.78873,-0.08873,0.0
762,2026-04-27T08:15:11.822Z,S20260427_091422,SC01,AUTO,34.196,49.2126,0.0606,hold,1,1500,VIDE,0.0,0.03,0.0,4.987381,-0.698132,-0.0,1,0,21.19,18.944,0.0,0.03,0.0,4.2,4.9,2.0,0.5,0.05,0,0.78738,-0.08738,0.0
763,2026-04-27T08:15:11.891Z,S20260427_091422,SC01,AUTO,34.2656,49.2822,0.0696,hold,1,1500,VIDE,0.0,0.03,0.0,4.985353,-0.698132,-0.0,1,0,23.297,19.304,0.0,0.03,0.0,4.2,4.9,2.0,0.5,0.05,0,0.78535,-0.08535,0.0
764,2026-04-27T08:15:11.954Z,S20260427_091422,SC01,AUTO,34.3281,49.3446,0.0624,hold,1,1500,VIDE,0.0,0.03,0.0,4.984002,-0.698132,0.0,1,0,24.742,19.018,0.0,0.03,0.0,4.2,4.9,2.0,0.5,0.05,0,0.784,-0.084,0.0
765,2026-04-27T08:15:12.016Z,S20260427_091422,SC01,AUTO,34.3901,49.4066,0.062,hold,1,1500,VIDE,0.0,0.03,0.0,4.98265,-0.698132,-0.0,1,0,21.62,19.068,0.0,0.03,0.0,4.2,4.9,2.0,0.5,0.05,0,0.78265,-0.08265,0.0
766,2026-04-27T08:15:12.080Z,S20260427_091422,SC01,AUTO,34.4544,49.4709,0.0642,hold,1,1500,VIDE,0.0,0.03,0.0,4.981299,-0.698132,0.0,1,0,16.861,18.816,0.0,0.03,0.0,4.2,4.9,2.0,0.5,0.05,0,0.7813,-0.0813,0.0
767,2026-04-27T08:15:12.141Z,S20260427_091422,SC01,AUTO,34.5152,49.5317,0.0608,hold,1,1500,VIDE,0.0,0.03,0.0,4.979272,-0.698132,-0.0,1,0,13.255,19.531,0.0,0.03,0.0,4.2,4.9,2.0,0.5,0.05,0,0.77927,-0.07927,0.0
768,2026-04-27T08:15:12.202Z,S20260427_091422,SC01,AUTO,34.5761,49.5926,0.0609,hold,1,1500,VIDE,0.0,0.03,0.0,4.977921,-0.698132,0.0,1,0,25.08,19.686,0.0,0.03,0.0,4.2,4.9,2.0,0.5,0.05,0,0.77792,-0.07792,0.0
769,2026-04-27T08:15:12.262Z,S20260427_091422,SC01,AUTO,34.6358,49.6523,0.0597,hold,1,1500,VIDE,0.0,0.03,0.0,4.976571,-0.698132,0.0,1,0,18.881,19.062,0.0,0.03,0.0,4.2,4.9,2.0,0.5,0.05,0,0.77657,-0.07657,0.0
770,2026-04-27T08:15:12.322Z,S20260427_091422,SC01,AUTO,34.696,49.7125,0.0602,hold,1,1500,VIDE,0.0,0.03,0.0,4.974546,-0.698132,-0.0,1,0,16.256,18.398,0.0,0.03,0.0,4.2,4.9,2.0,0.5,0.05,0,0.77455,-0.07455,0.0
771,2026-04-27T08:15:12.393Z,S20260427_091422,SC01,AUTO,34.7674,49.784,0.0715,hold,1,1500,VIDE,0.0,0.03,0.0,4.973196,-0.698132,-0.0,1,0,8.341,19.043,0.0,0.03,0.0,4.2,4.9,2.0,0.5,0.05,0,0.7732,-0.0732,0.0
772,2026-04-27T08:15:12.455Z,S20260427_091422,SC01,AUTO,34.8291,49.8457,0.0617,hold,1,1500,VIDE,0.0,0.03,0.0,4.971172,-0.698132,0.0,1,0,25.801,19.115,0.0,0.03,0.0,4.2,4.9,2.0,0.5,0.05,0,0.77117,-0.07117,0.0
773,2026-04-27T08:15:12.517Z,S20260427_091422,SC01,AUTO,34.8912,49.9077,0.062,hold,1,1500,VIDE,0.0,0.03,0.0,4.969822,-0.698132,-0.0,1,0,20.488,19.622,0.0,0.03,0.0,4.2,4.9,2.0,0.5,0.05,0,0.76982,-0.06982,0.0
774,2026-04-27T08:15:12.580Z,S20260427_091422,SC01,AUTO,34.9539,49.9705,0.0627,hold,1,1500,VIDE,0.0,0.03,0.0,4.968473,-0.698132,0.0,1,0,16.189,18.455,0.0,0.03,0.0,4.2,4.9,2.0,0.5,0.05,0,0.76847,-0.06847,0.0
775,2026-04-27T08:15:12.642Z,S20260427_091422,SC01,AUTO,35.0162,50.0327,0.0623,hold,1,1500,VIDE,0.0,0.03,0.0,4.96645,-0.698132,-0.0,1,0,16.919,18.803,0.0,0.03,0.0,4.2,4.9,2.0,0.5,0.05,0,0.76645,-0.06645,0.0
776,2026-04-27T08:15:12.701Z,S20260427_091422,SC01,AUTO,35.0753,50.0919,0.0591,hold,1,1500,VIDE,0.0,0.03,0.0,4.965102,-0.698132,-0.0,1,0,8.863,19.987,0.0,0.03,0.0,4.2,4.9,2.0,0.5,0.05,0,0.7651,-0.0651,0.0
777,2026-04-27T08:15:12.762Z,S20260427_091422,SC01,AUTO,35.1365,50.1531,0.0613,hold,1,1500,VIDE,0.0,0.03,0.0,4.963753,-0.698132,0.0,1,0,22.234,19.926,0.0,0.03,0.0,4.2,4.9,2.0,0.5,0.05,0,0.76375,-0.06375,0.0
778,2026-04-27T08:15:12.821Z,S20260427_091422,SC01,AUTO,35.1955,50.2121,0.059,hold,1,1500,VIDE,0.0,0.03,0.0,4.961731,-0.698132,0.0,1,0,19.479,19.971,0.0,0.03,0.0,4.2,4.9,2.0,0.5,0.05,0,0.76173,-0.06173,0.0
779,2026-04-27T08:15:12.895Z,S20260427_091422,SC01,AUTO,35.2691,50.2856,0.0734,hold,1,1500,VIDE,0.0,0.03,0.0,4.960384,-0.698132,-0.0,1,0,14.092,20.109,0.0,0.03,0.0,4.2,4.9,2.0,0.5,0.05,0,0.76038,-0.06038,0.0
780,2026-04-27T08:15:12.957Z,S20260427_091422,SC01,AUTO,35.331,50.3476,0.0621,hold,1,1500,VIDE,0.0,0.03,0.0,4.958363,-0.698132,0.0,1,0,8.084,19.702,0.0,0.03,0.0,4.2,4.9,2.0,0.5,0.05,0,0.75836,-0.05836,0.0
781,2026-04-27T08:15:13.020Z,S20260427_091422,SC01,AUTO,35.3942,50.4108,0.0631,hold,1,1500,VIDE,0.0,0.03,0.0,4.957016,-0.698132,0.0,1,0,18.588,19.089,0.0,0.03,0.0,4.2,4.9,2.0,0.5,0.05,0,0.75702,-0.05702,0.0
782,2026-04-27T08:15:13.081Z,S20260427_091422,SC01,AUTO,35.4554,50.4719,0.0612,hold,1,1500,VIDE,0.0,0.03,0.0,4.954995,-0.698132,0.0,1,0,18.06,19.583,0.0,0.03,0.0,4.2,4.9,2.0,0.5,0.05,0,0.755,-0.055,0.0
783,2026-04-27T08:15:13.142Z,S20260427_091422,SC01,AUTO,35.5159,50.5325,0.0606,hold,1,1500,VIDE,0.0,0.03,0.0,4.953649,-0.698132,0.0,1,0,10.006,18.952,0.0,0.03,0.0,4.2,4.9,2.0,0.5,0.05,0,0.75365,-0.05365,0.0
784,2026-04-27T08:15:13.201Z,S20260427_091422,SC01,AUTO,35.5756,50.5921,0.0597,hold,1,1500,VIDE,0.0,0.03,0.0,4.952302,-0.698132,-0.0,1,0,21.948,18.9,0.0,0.03,0.0,4.2,4.9,2.0,0.5,0.05,0,0.7523,-0.0523,0.0
785,2026-04-27T08:15:13.262Z,S20260427_091422,SC01,AUTO,35.6361,50.6527,0.0605,hold,1,1500,VIDE,0.0,0.03,0.0,4.950283,-0.698132,0.0,1,0,19.356,18.445,0.0,0.03,0.0,4.2,4.9,2.0,0.5,0.05,0,0.75028,-0.05028,0.0
786,2026-04-27T08:15:13.321Z,S20260427_091422,SC01,AUTO,35.6955,50.712,0.0594,hold,1,1500,VIDE,0.0,0.03,0.0,4.948937,-0.698132,0.0,1,0,11.389,19.514,0.0,0.03,0.0,4.2,4.9,2.0,0.5,0.05,0,0.74894,-0.04894,0.0
787,2026-04-27T08:15:13.394Z,S20260427_091422,SC01,AUTO,35.7681,50.7846,0.0726,hold,1,1500,VIDE,0.0,0.03,0.0,4.946919,-0.698132,0.0,1,0,6.686,18.807,0.0,0.03,0.0,4.2,4.9,2.0,0.5,0.05,0,0.74692,-0.04692,0.0
788,2026-04-27T08:15:13.456Z,S20260427_091422,SC01,AUTO,35.8303,50.8469,0.0622,hold,1,1500,VIDE,0.0,0.03,0.0,4.945574,-0.698132,0.0,1,0,17.644,18.881,0.0,0.03,0.0,4.2,4.9,2.0,0.5,0.05,0,0.74557,-0.04557,0.0
789,2026-04-27T08:15:13.519Z,S20260427_091422,SC01,AUTO,35.8935,50.91,0.0632,hold,1,1500,VIDE,0.0,0.03,0.0,4.943557,-0.698132,0.0,1,0,14.953,19.198,0.0,0.03,0.0,4.2,4.9,2.0,0.5,0.05,0,0.74356,-0.04356,0.0
790,2026-04-27T08:15:13.576Z,S20260427_091422,SC01,AUTO,35.9504,50.967,0.0569,hold,1,1500,VIDE,0.0,0.03,0.0,4.942212,-0.698132,-0.0,1,0,4.335,20.298,0.0,0.03,0.0,4.2,4.9,2.0,0.5,0.05,0,0.74221,-0.04221,0.0
791,2026-04-27T08:15:13.641Z,S20260427_091422,SC01,AUTO,36.0153,51.0319,0.0649,end,1,1500,VIDE,0.0,0.0,0.8,4.940868,-0.698132,-0.0,1,0,19.227,19.027,0.0,0.0,0.8,0.0,5.0,2.0,1.0,0.05,1,4.94087,0.05913,0.0
792,2026-04-27T08:15:13.702Z,S20260427_091422,SC01,AUTO,36.0758,51.0923,0.0605,end,1,1500,VIDE,0.0,0.0,0.8,4.940196,-0.698132,-0.0,1,0,56.831,12.705,0.0,0.0,0.8,0.0,5.0,2.0,1.0,0.05,1,4.9402,0.0598,0.0
793,2026-04-27T08:15:13.762Z,S20260427_091422,SC01,AUTO,36.1359,51.1524,0.0601,end,1,1500,VIDE,0.0,0.0,0.8,4.607431,-0.698132,0.0,1,0,10.728,18.479,0.0,0.0,0.8,0.0,5.0,2.0,1.0,0.05,1,4.60743,0.39257,0.0
794,2026-04-27T08:15:13.822Z,S20260427_091422,SC01,AUTO,36.1958,51.2123,0.0599,end,1,1500,VIDE,0.0,0.0,0.8,4.002942,-0.698132,0.0,1,0,19.113,0.379,0.0,0.0,0.8,0.0,5.0,2.0,1.0,0.05,1,4.00294,0.99706,0.0
795,2026-04-27T08:15:13.895Z,S20260427_091422,SC01,AUTO,36.2696,51.2861,0.0737,end,1,1500,VIDE,0.0,0.0,0.8,3.443827,-0.698132,0.0,1,0,12.141,19.887,0.0,0.0,0.8,0.0,5.0,2.0,1.0,0.05,1,3.44383,1.55617,0.0
796,2026-04-27T08:15:13.958Z,S20260427_091422,SC01,AUTO,36.332,51.3486,0.0625,end,1,1500,VIDE,0.0,0.0,0.8,3.035653,-0.698132,0.0,1,0,25.281,20.023,0.0,0.0,0.8,0.0,5.0,2.0,1.0,0.05,1,3.03565,1.96435,0.0
797,2026-04-27T08:15:14.020Z,S20260427_091422,SC01,AUTO,36.3943,51.4108,0.0622,end,1,1500,VIDE,0.0,0.0,0.8,2.627322,-0.698132,0.0,1,0,12.855,16.711,0.0,0.0,0.8,0.0,5.0,2.0,1.0,0.05,1,2.62732,2.37268,0.0
798,2026-04-27T08:15:14.081Z,S20260427_091422,SC01,AUTO,36.4553,51.4719,0.0611,end,1,1500,VIDE,0.0,0.0,0.8,2.01468,-0.698132,0.0,1,0,14.533,19.182,0.0,0.0,0.8,0.0,5.0,2.0,1.0,0.05,1,2.01468,2.98532,0.0
799,2026-04-27T08:15:14.142Z,S20260427_091422,SC01,AUTO,36.5165,51.5331,0.0612,end,1,1500,VIDE,0.0,0.0,0.8,1.606008,-0.698132,0.0,1,0,24.38,20.165,0.0,0.0,0.8,0.0,5.0,2.0,1.0,0.05,1,1.60601,3.39399,0.0
800,2026-04-27T08:15:14.202Z,S20260427_091422,SC01,AUTO,36.5761,51.5926,0.0595,end,1,1500,VIDE,0.0,0.0,0.8,0.992225,-0.698132,0.0,1,0,19.253,20.561,0.0,0.0,0.8,0.0,5.0,2.0,1.0,0.05,1,0.99222,4.00778,0.0
801,2026-04-27T08:15:14.262Z,S20260427_091422,SC01,AUTO,36.636,51.6526,0.0599,end,1,1500,VIDE,0.0,0.0,0.8,0.581789,-0.698132,0.0,1,0,11.458,18.626,0.0,0.0,0.8,0.0,5.0,2.0,1.0,0.05,1,0.58179,4.41821,0.0
802,2026-04-27T08:15:14.322Z,S20260427_091422,SC01,AUTO,36.6961,51.7126,0.0601,end,1,1500,VIDE,0.0,0.0,0.8,0.166356,-0.698132,-0.0,1,0,20.716,19.72,0.0,0.0,0.8,0.0,5.0,2.0,1.0,0.05,1,0.16636,4.83364,0.0
803,2026-04-27T08:15:14.394Z,S20260427_091422,SC01,AUTO,36.7682,51.7848,0.072,end,1,1500,VIDE,0.0,0.0,0.8,0.0,-0.698132,0.0,1,0,47.097,0.312,0.0,0.0,0.8,0.0,5.0,2.0,1.0,0.05,1,0.0,5.0,0.0
804,2026-04-27T08:15:14.456Z,S20260427_091422,SC01,AUTO,36.8303,51.8469,0.0622,end,1,1500,VIDE,0.0,0.0,0.8,0.0,-0.698132,0.0,1,0,11.295,19.203,0.0,0.0,0.8,0.0,5.0,2.0,1.0,0.05,1,0.0,5.0,0.0
805,2026-04-27T08:15:14.519Z,S20260427_091422,SC01,AUTO,36.8934,51.91,0.0631,end,1,1500,VIDE,0.0,0.0,0.8,0.0,-0.698132,0.0,1,0,26.364,19.274,0.0,0.0,0.8,0.0,5.0,2.0,1.0,0.05,1,0.0,5.0,0.0
806,2026-04-27T08:15:14.582Z,S20260427_091422,SC01,AUTO,36.9558,51.9723,0.0624,end,1,1500,VIDE,0.0,0.0,0.8,0.0,-0.698132,0.0,1,0,18.463,18.88,0.0,0.0,0.8,0.0,5.0,2.0,1.0,0.05,1,0.0,5.0,0.0
807,2026-04-27T08:15:14.635Z,S20260427_091422,SC01,AUTO,37.0088,52.0253,0.053,end,1,1500,VIDE,0.0,0.0,0.8,0.0,-0.698132,-0.0,1,0,8.044,19.412,0.0,0.0,0.8,0.0,5.0,2.0,1.0,0.05,1,0.0,5.0,0.0
808,2026-04-27T08:15:14.702Z,S20260427_091422,SC01,AUTO,37.0759,52.0925,0.0671,end,1,1500,VIDE,0.0,0.0,0.8,0.0,-0.698132,0.0,1,0,19.436,18.993,0.0,0.0,0.8,0.0,5.0,2.0,1.0,0.05,1,0.0,5.0,0.0
809,2026-04-27T08:15:14.762Z,S20260427_091422,SC01,AUTO,37.1361,52.1526,0.0602,end,1,1500,VIDE,0.0,0.0,0.8,0.0,-0.698132,-0.0,1,0,12.602,19.636,0.0,0.0,0.8,0.0,5.0,2.0,1.0,0.05,1,0.0,5.0,0.0
810,2026-04-27T08:15:14.821Z,S20260427_091422,SC01,AUTO,37.1954,52.212,0.0593,end,1,1500,VIDE,0.0,0.0,0.8,0.0,-0.698132,-0.0,1,0,23.039,19.181,0.0,0.0,0.8,0.0,5.0,2.0,1.0,0.05,1,0.0,5.0,0.0
811,2026-04-27T08:15:14.894Z,S20260427_091422,SC01,AUTO,37.268,52.2846,0.0726,end,1,1500,VIDE,0.0,0.0,0.8,0.0,-0.698132,0.0,1,0,16.583,19.593,0.0,0.0,0.8,0.0,5.0,2.0,1.0,0.05,1,0.0,5.0,0.0
812,2026-04-27T08:15:14.956Z,S20260427_091422,SC01,AUTO,37.3297,52.3463,0.0617,end,1,1500,VIDE,0.0,0.0,0.8,0.0,-0.698132,0.0,1,0,12.498,18.708,0.0,0.0,0.8,0.0,5.0,2.0,1.0,0.05,1,0.0,5.0,0.0
813,2026-04-27T08:15:15.018Z,S20260427_091422,SC01,AUTO,37.3926,52.4092,0.0629,end,1,1500,VIDE,0.0,0.0,0.8,0.0,-0.698132,-0.0,1,0,21.054,19.149,0.0,0.0,0.8,0.0,5.0,2.0,1.0,0.05,1,0.0,5.0,0.0
814,2026-04-27T08:15:15.082Z,S20260427_091422,SC01,AUTO,37.456,52.4726,0.0634,end,1,1500,VIDE,0.0,0.0,0.8,0.0,-0.698132,-0.0,1,0,17.529,18.866,0.0,0.0,0.8,0.0,5.0,2.0,1.0,0.05,1,0.0,5.0,0.0
815,2026-04-27T08:15:15.142Z,S20260427_091422,SC01,AUTO,37.5159,52.5324,0.0598,end,1,1500,VIDE,0.0,0.0,0.8,0.0,-0.698132,0.0,1,0,6.245,19.176,0.0,0.0,0.8,0.0,5.0,2.0,1.0,0.05,1,0.0,5.0,0.0
816,2026-04-27T08:15:15.202Z,S20260427_091422,SC01,AUTO,37.576,52.5925,0.0601,end,1,1500,VIDE,0.0,0.0,0.8,0.0,-0.698132,-0.0,1,0,20.089,19.434,0.0,0.0,0.8,0.0,5.0,2.0,1.0,0.05,1,0.0,5.0,0.0
817,2026-04-27T08:15:15.262Z,S20260427_091422,SC01,AUTO,37.6359,52.6525,0.0599,end,1,1500,VIDE,0.0,0.0,0.8,0.0,-0.698132,0.0,1,0,10.414,19.876,0.0,0.0,0.8,0.0,5.0,2.0,1.0,0.05,1,0.0,5.0,0.0
818,2026-04-27T08:15:15.322Z,S20260427_091422,SC01,AUTO,37.6957,52.7122,0.0597,end,1,1500,VIDE,0.0,0.0,0.8,0.0,-0.698132,-0.0,1,0,20.054,19.471,0.0,0.0,0.8,0.0,5.0,2.0,1.0,0.05,1,0.0,5.0,0.0
819,2026-04-27T08:15:15.392Z,S20260427_091422,SC01,AUTO,37.766,52.7826,0.0702,end,1,1500,VIDE,0.0,0.0,0.8,0.0,-0.698132,-0.0,1,0,15.011,18.676,0.0,0.0,0.8,0.0,5.0,2.0,1.0,0.05,1,0.0,5.0,0.0
820,2026-04-27T08:15:15.454Z,S20260427_091422,SC01,AUTO,37.8282,52.8447,0.0623,end,1,1500,VIDE,0.0,0.0,0.8,0.0,-0.698132,-0.0,1,0,9.359,19.653,0.0,0.0,0.8,0.0,5.0,2.0,1.0,0.05,1,0.0,5.0,0.0
821,2026-04-27T08:15:15.516Z,S20260427_091422,SC01,AUTO,37.8898,52.9064,0.0616,end,1,1500,VIDE,0.0,0.0,0.8,0.0,-0.698132,-0.0,1,0,19.33,19.6,0.0,0.0,0.8,0.0,5.0,2.0,1.0,0.05,1,0.0,5.0,0.0
822,2026-04-27T08:15:15.579Z,S20260427_091422,SC01,AUTO,37.9534,52.9699,0.0636,end,1,1500,VIDE,0.0,0.0,0.8,0.0,-0.698132,0.0,1,0,14.127,18.424,0.0,0.0,0.8,0.0,5.0,2.0,1.0,0.05,1,0.0,5.0,0.0
823,2026-04-27T08:15:15.642Z,S20260427_091422,SC01,AUTO,38.0165,53.0331,0.0631,end,1,1500,VIDE,0.0,0.0,0.8,0.0,-0.698132,-0.0,1,0,22.407,17.211,0.0,0.0,0.8,0.0,5.0,2.0,1.0,0.05,1,0.0,5.0,0.0
824,2026-04-27T08:15:15.696Z,S20260427_091422,SC01,AUTO,38.0704,53.0869,0.0539,end,1,1500,VIDE,0.0,0.0,0.8,0.0,-0.698132,-0.0,1,0,13.009,17.538,0.0,0.0,0.8,0.0,5.0,2.0,1.0,0.05,1,0.0,5.0,0.0
825,2026-04-27T08:15:15.762Z,S20260427_091422,SC01,AUTO,38.1357,53.1523,0.0654,end,1,1500,VIDE,0.0,0.0,0.8,0.0,-0.698132,-0.0,1,0,7.887,18.919,0.0,0.0,0.8,0.0,5.0,2.0,1.0,0.05,1,0.0,5.0,0.0
826,2026-04-27T08:15:15.822Z,S20260427_091422,SC01,AUTO,38.1962,53.2127,0.0605,end,1,1500,VIDE,0.0,0.0,0.8,0.0,-0.698132,-0.0,1,0,16.672,20.13,0.0,0.0,0.8,0.0,5.0,2.0,1.0,0.05,1,0.0,5.0,0.0
827,2026-04-27T08:15:15.892Z,S20260427_091422,SC01,AUTO,38.2658,53.2823,0.0695,end,1,1500,VIDE,0.0,0.0,0.8,0.0,-0.698132,-0.0,1,0,14.497,18.62,0.0,0.0,0.8,0.0,5.0,2.0,1.0,0.05,1,0.0,5.0,0.0
828,2026-04-27T08:15:15.947Z,S20260427_091422,SC01,AUTO,38.3211,53.3376,0.0553,end,1,1500,VIDE,0.0,0.0,0.8,0.0,-0.698132,-0.0,1,0,22.305,19.373,0.0,0.0,0.8,0.0,5.0,2.0,1.0,0.05,1,0.0,5.0,0.0
829,2026-04-27T08:15:16.015Z,S20260427_091422,SC01,AUTO,38.3891,53.4056,0.068,end,1,1500,VIDE,0.0,0.0,0.8,0.0,-0.698132,-0.0,1,0,15.872,19.498,0.0,0.0,0.8,0.0,5.0,2.0,1.0,0.05,1,0.0,5.0,0.0
830,2026-04-27T08:15:16.078Z,S20260427_091422,SC01,AUTO,38.452,53.4686,0.063,end,1,1500,VIDE,0.0,0.0,0.8,0.0,-0.698132,-0.0,1,0,11.702,19.298,0.0,0.0,0.8,0.0,5.0,2.0,1.0,0.05,1,0.0,5.0,0.0
831,2026-04-27T08:15:16.140Z,S20260427_091422,SC01,AUTO,38.5146,53.5312,0.0626,end,1,1500,VIDE,0.0,0.0,0.8,0.0,-0.698132,-0.0,1,0,21.866,17.751,0.0,0.0,0.8,0.0,5.0,2.0,1.0,0.05,1,0.0,5.0,0.0
832,2026-04-27T08:15:16.201Z,S20260427_091422,SC01,AUTO,38.5756,53.5922,0.061,end,1,1500,VIDE,0.0,0.0,0.8,0.0,-0.698132,0.0,1,0,16.682,19.288,0.0,0.0,0.8,0.0,5.0,2.0,1.0,0.05,1,0.0,5.0,0.0
833,2026-04-27T08:15:16.262Z,S20260427_091422,SC01,AUTO,38.6365,53.6531,0.0609,end,1,1500,VIDE,0.0,0.0,0.8,0.0,-0.698132,-0.0,1,0,6.167,19.328,0.0,0.0,0.8,0.0,5.0,2.0,1.0,0.05,1,0.0,5.0,0.0
834,2026-04-27T08:15:16.322Z,S20260427_091422,SC01,AUTO,38.6961,53.7126,0.0595,end,1,1500,VIDE,0.0,0.0,0.8,0.0,-0.698132,0.0,1,0,20.23,18.536,0.0,0.0,0.8,0.0,5.0,2.0,1.0,0.05,1,0.0,5.0,0.0
835,2026-04-27T08:15:16.392Z,S20260427_091422,SC01,AUTO,38.7657,53.7822,0.0696,end,1,1500,VIDE,0.0,0.0,0.8,0.0,-0.698132,-0.0,1,0,9.195,19.87,0.0,0.0,0.8,0.0,5.0,2.0,1.0,0.05,1,0.0,5.0,0.0
836,2026-04-27T08:15:16.452Z,S20260427_091422,SC01,AUTO,38.8266,53.8431,0.0609,end,1,1500,VIDE,0.0,0.0,0.8,0.0,-0.698132,-0.0,1,0,4.074,19.522,0.0,0.0,0.8,0.0,5.0,2.0,1.0,0.05,1,0.0,5.0,0.0
837,2026-04-27T08:15:16.515Z,S20260427_091422,SC01,AUTO,38.8887,53.9053,0.0621,end,1,1500,VIDE,0.0,0.0,0.8,0.0,-0.698132,-0.0,1,0,13.043,19.544,0.0,0.0,0.8,0.0,5.0,2.0,1.0,0.05,1,0.0,5.0,0.0
838,2026-04-27T08:15:16.576Z,S20260427_091422,SC01,AUTO,38.9506,53.9671,0.0619,end,1,1500,VIDE,0.0,0.0,0.8,0.0,-0.698132,0.0,1,0,11.522,19.54,0.0,0.0,0.8,0.0,5.0,2.0,1.0,0.05,1,0.0,5.0,0.0
839,2026-04-27T08:15:16.638Z,S20260427_091422,SC01,AUTO,39.0123,54.0289,0.0617,end,1,1500,VIDE,0.0,0.0,0.8,0.0,-0.698132,0.0,1,0,19.067,19.477,0.0,0.0,0.8,0.0,5.0,2.0,1.0,0.05,1,0.0,5.0,0.0
840,2026-04-27T08:15:16.701Z,S20260427_091422,SC01,AUTO,39.0749,54.0914,0.0625,end,1,1500,VIDE,0.0,0.0,0.8,0.0,-0.698132,0.0,1,0,14.893,19.182,0.0,0.0,0.8,0.0,5.0,2.0,1.0,0.05,1,0.0,5.0,0.0
841,2026-04-27T08:15:16.762Z,S20260427_091422,SC01,AUTO,39.136,54.1525,0.0611,end,1,1500,VIDE,0.0,0.0,0.8,0.0,-0.698132,0.0,1,0,23.852,19.336,0.0,0.0,0.8,0.0,5.0,2.0,1.0,0.05,1,0.0,5.0,0.0
842,2026-04-27T08:15:16.821Z,S20260427_091422,SC01,AUTO,39.1954,54.212,0.0595,end,1,1500,VIDE,0.0,0.0,0.8,0.0,-0.698132,0.0,1,0,40.271,1.164,0.0,0.0,0.8,0.0,5.0,2.0,1.0,0.05,1,0.0,5.0,0.0
843,2026-04-27T08:15:16.884Z,S20260427_091422,SC01,AUTO,39.2585,54.275,0.0631,end,1,1500,VIDE,0.0,0.0,0.8,0.0,-0.698132,0.0,1,0,12.291,18.851,0.0,0.0,0.8,0.0,5.0,2.0,1.0,0.05,1,0.0,5.0,0.0
844,2026-04-27T08:15:16.946Z,S20260427_091422,SC01,AUTO,39.3205,54.3371,0.0621,end,1,1500,VIDE,0.0,0.0,0.8,0.0,-0.698132,0.0,1,0,21.271,20.738,0.0,0.0,0.8,0.0,5.0,2.0,1.0,0.05,1,0.0,5.0,0.0
845,2026-04-27T08:15:17.010Z,S20260427_091422,SC01,AUTO,39.3837,54.4003,0.0632,end,1,1500,VIDE,0.0,0.0,0.8,0.0,-0.698132,0.0,1,0,15.555,18.896,0.0,0.0,0.8,0.0,5.0,2.0,1.0,0.05,1,0.0,5.0,0.0
846,2026-04-27T08:15:17.072Z,S20260427_091422,SC01,AUTO,39.446,54.4626,0.0623,end,1,1500,VIDE,0.0,0.0,0.8,0.0,-0.698132,0.0,1,0,30.24,23.451,0.0,0.0,0.8,0.0,5.0,2.0,1.0,0.05,1,0.0,5.0,0.0
847,2026-04-27T08:15:17.135Z,S20260427_091422,SC01,AUTO,39.5087,54.5252,0.0626,end,1,1500,VIDE,0.0,0.0,0.8,0.0,-0.698132,0.0,1,0,21.385,19.434,0.0,0.0,0.8,0.0,5.0,2.0,1.0,0.05,1,0.0,5.0,0.0
848,2026-04-27T08:15:17.197Z,S20260427_091422,SC01,AUTO,39.5709,54.5874,0.0622,end,1,1500,VIDE,0.0,0.0,0.8,0.0,-0.698132,0.0,1,0,34.797,22.087,0.0,0.0,0.8,0.0,5.0,2.0,1.0,0.05,1,0.0,5.0,0.0
849,2026-04-27T08:15:17.259Z,S20260427_091422,SC01,AUTO,39.6328,54.6494,0.062,end,1,1500,VIDE,0.0,0.0,0.8,0.0,-0.698132,0.0,1,0,7.089,19.895,0.0,0.0,0.8,0.0,5.0,2.0,1.0,0.05,1,0.0,5.0,0.0
850,2026-04-27T08:15:17.321Z,S20260427_091422,SC01,AUTO,39.6956,54.7121,0.0627,end,1,1500,VIDE,0.0,0.0,0.8,0.0,-0.698132,0.0,1,0,39.754,21.618,0.0,0.0,0.8,0.0,5.0,2.0,1.0,0.05,1,0.0,5.0,0.0
851,2026-04-27T08:15:17.398Z,S20260427_091422,SC01,AUTO,39.7724,54.789,0.0768,end,1,1500,VIDE,0.0,0.0,0.8,0.0,-0.698132,0.0,1,0,35.406,23.404,0.0,0.0,0.8,0.0,5.0,2.0,1.0,0.05,1,0.0,5.0,0.0
852,2026-04-27T08:15:17.461Z,S20260427_091422,SC01,AUTO,39.835,54.8515,0.0625,end,1,1500,VIDE,0.0,0.0,0.8,0.0,-0.698132,0.0,1,0,7.215,19.684,0.0,0.0,0.8,0.0,5.0,2.0,1.0,0.05,1,0.0,5.0,0.0
853,2026-04-27T08:15:17.522Z,S20260427_091422,SC01,AUTO,39.8963,54.9128,0.0612,end,1,1500,VIDE,0.0,0.0,0.8,0.0,-0.698132,0.0,1,0,40.401,22.302,0.0,0.0,0.8,0.0,5.0,2.0,1.0,0.05,1,0.0,5.0,0.0
854,2026-04-27T08:15:17.581Z,S20260427_091422,SC01,AUTO,39.9556,54.9721,0.0594,end,1,1500,VIDE,0.0,0.0,0.8,0.0,-0.698132,0.0,1,0,13.042,19.137,0.0,0.0,0.8,0.0,5.0,2.0,1.0,0.05,1,0.0,5.0,0.0
855,2026-04-27T08:15:17.641Z,S20260427_091422,SC01,AUTO,40.0155,55.032,0.0599,end,1,1500,VIDE,0.0,0.0,0.8,0.0,-0.698132,0.0,1,0,21.576,20.44,0.0,0.0,0.8,0.0,5.0,2.0,1.0,0.05,1,0.0,5.0,0.0
856,2026-04-27T08:15:17.702Z,S20260427_091422,SC01,AUTO,40.0762,55.0927,0.0607,end,1,1500,VIDE,0.0,0.0,0.8,0.0,-0.698132,0.0,1,0,18.912,19.646,0.0,0.0,0.8,0.0,5.0,2.0,1.0,0.05,1,0.0,5.0,0.0
857,2026-04-27T08:15:17.762Z,S20260427_091422,SC01,AUTO,40.1359,55.1525,0.0598,end,1,1500,VIDE,0.0,0.0,0.8,0.0,-0.698132,0.0,1,0,8.11,20.026,0.0,0.0,0.8,0.0,5.0,2.0,1.0,0.05,1,0.0,5.0,0.0
858,2026-04-27T08:15:17.821Z,S20260427_091422,SC01,AUTO,40.1955,55.2121,0.0596,end,1,1500,VIDE,0.0,0.0,0.8,0.0,-0.698132,0.0,1,0,19.998,19.115,0.0,0.0,0.8,0.0,5.0,2.0,1.0,0.05,1,0.0,5.0,0.0
859,2026-04-27T08:15:17.898Z,S20260427_091422,SC01,AUTO,40.2717,55.2883,0.0762,end,1,1500,VIDE,0.0,0.0,0.8,0.0,-0.698132,0.0,1,0,16.759,19.221,0.0,0.0,0.8,0.0,5.0,2.0,1.0,0.05,1,0.0,5.0,0.0
860,2026-04-27T08:15:17.960Z,S20260427_091422,SC01,AUTO,40.3342,55.3507,0.0624,end,1,1500,VIDE,0.0,0.0,0.8,0.0,-0.698132,0.0,1,0,12.297,19.641,0.0,0.0,0.8,0.0,5.0,2.0,1.0,0.05,1,0.0,5.0,0.0
861,2026-04-27T08:15:18.023Z,S20260427_091422,SC01,AUTO,40.3968,55.4133,0.0626,end,1,1500,VIDE,0.0,0.0,0.8,0.0,-0.698132,0.0,1,0,20.763,16.178,0.0,0.0,0.8,0.0,5.0,2.0,1.0,0.05,1,0.0,5.0,0.0
862,2026-04-27T08:15:18.082Z,S20260427_091422,SC01,AUTO,40.4564,55.473,0.0596,end,1,1500,VIDE,0.0,0.0,0.8,0.0,-0.698132,0.0,1,0,17.362,19.301,0.0,0.0,0.8,0.0,5.0,2.0,1.0,0.05,1,0.0,5.0,0.0
863,2026-04-27T08:15:18.142Z,S20260427_091422,SC01,AUTO,40.5158,55.5324,0.0594,end,1,1500,VIDE,0.0,0.0,0.8,0.0,-0.698132,0.0,1,0,6.758,19.24,0.0,0.0,0.8,0.0,5.0,2.0,1.0,0.05,1,0.0,5.0,0.0
864,2026-04-27T08:15:18.202Z,S20260427_091422,SC01,AUTO,40.5762,55.5927,0.0604,end,1,1500,VIDE,0.0,0.0,0.8,0.0,-0.698132,0.0,1,0,40.826,0.886,0.0,0.0,0.8,0.0,5.0,2.0,1.0,0.05,1,0.0,5.0,0.0
865,2026-04-27T08:15:18.262Z,S20260427_091422,SC01,AUTO,40.6363,55.6529,0.0602,end,1,1500,VIDE,0.0,0.0,0.8,0.0,-0.698132,0.0,1,0,8.357,19.5,0.0,0.0,0.8,0.0,5.0,2.0,1.0,0.05,1,0.0,5.0,0.0
866,2026-04-27T08:15:18.321Z,S20260427_091422,SC01,AUTO,40.6955,55.712,0.0591,end,1,1500,VIDE,0.0,0.0,0.8,0.0,-0.698132,0.0,1,0,20.043,18.654,0.0,0.0,0.8,0.0,5.0,2.0,1.0,0.05,1,0.0,5.0,0.0
867,2026-04-27T08:15:18.398Z,S20260427_091422,SC01,AUTO,40.7724,55.7889,0.0769,end,1,1500,VIDE,0.0,0.0,0.8,0.0,-0.698132,0.0,1,0,16.797,19.531,0.0,0.0,0.8,0.0,5.0,2.0,1.0,0.05,1,0.0,5.0,0.0
868,2026-04-27T08:15:18.460Z,S20260427_091422,SC01,AUTO,40.8346,55.8511,0.0622,end,1,1500,VIDE,0.0,0.0,0.8,0.0,-0.698132,0.0,1,0,8.144,18.715,0.0,0.0,0.8,0.0,5.0,2.0,1.0,0.05,1,0.0,5.0,0.0
869,2026-04-27T08:15:18.521Z,S20260427_091422,SC01,AUTO,40.8956,55.9121,0.0611,end,1,1500,VIDE,0.0,0.0,0.8,0.0,-0.698132,0.0,1,0,39.364,21.077,0.0,0.0,0.8,0.0,5.0,2.0,1.0,0.05,1,0.0,5.0,0.0
870,2026-04-27T08:15:18.582Z,S20260427_091422,SC01,AUTO,40.956,55.9725,0.0604,end,1,1500,VIDE,0.0,0.0,0.8,0.0,-0.698132,0.0,1,0,10.93,19.315,0.0,0.0,0.8,0.0,5.0,2.0,1.0,0.05,1,0.0,5.0,0.0
871,2026-04-27T08:15:18.642Z,S20260427_091422,SC01,AUTO,41.0165,56.0331,0.0606,end,1,1500,VIDE,0.0,0.0,0.8,0.0,-0.698132,0.0,1,0,40.759,21.927,0.0,0.0,0.8,0.0,5.0,2.0,1.0,0.05,1,0.0,5.0,0.0
872,2026-04-27T08:15:18.701Z,S20260427_091422,SC01,AUTO,41.0753,56.0919,0.0588,end,1,1500,VIDE,0.0,0.0,0.8,0.0,-0.698132,0.0,1,0,11.318,18.54,0.0,0.0,0.8,0.0,5.0,2.0,1.0,0.05,1,0.0,5.0,0.0
873,2026-04-27T08:15:18.762Z,S20260427_091422,SC01,AUTO,41.1364,56.153,0.0611,end,1,1500,VIDE,0.0,0.0,0.8,0.0,-0.698132,0.0,1,0,20.521,19.56,0.0,0.0,0.8,0.0,5.0,2.0,1.0,0.05,1,0.0,5.0,0.0
874,2026-04-27T08:15:18.822Z,S20260427_091422,SC01,AUTO,41.1959,56.2125,0.0595,end,1,1500,VIDE,0.0,0.0,0.8,0.0,-0.698132,0.0,1,0,13.741,20.34,0.0,0.0,0.8,0.0,5.0,2.0,1.0,0.05,1,0.0,5.0,0.0
875,2026-04-27T08:15:18.895Z,S20260427_091422,SC01,AUTO,41.2695,56.286,0.0735,end,1,1500,VIDE,0.0,0.0,0.8,0.0,-0.698132,0.0,1,0,8.086,20.048,0.0,0.0,0.8,0.0,5.0,2.0,1.0,0.05,1,0.0,5.0,0.0
876,2026-04-27T08:15:18.957Z,S20260427_091422,SC01,AUTO,41.3314,56.3479,0.0619,end,1,1500,VIDE,0.0,0.0,0.8,0.0,-0.698132,0.0,1,0,20.517,20.602,0.0,0.0,0.8,0.0,5.0,2.0,1.0,0.05,1,0.0,5.0,0.0
877,2026-04-27T08:15:19.019Z,S20260427_091422,SC01,AUTO,41.3928,56.4093,0.0614,end,1,1500,VIDE,0.0,0.0,0.8,0.0,-0.698132,0.0,1,0,14.415,19.076,0.0,0.0,0.8,0.0,5.0,2.0,1.0,0.05,1,0.0,5.0,0.0
878,2026-04-27T08:15:19.080Z,S20260427_091422,SC01,AUTO,41.4544,56.4709,0.0616,end,1,1500,VIDE,0.0,0.0,0.8,0.0,-0.698132,0.0,1,0,4.358,19.376,0.0,0.0,0.8,0.0,5.0,2.0,1.0,0.05,1,0.0,5.0,0.0
879,2026-04-27T08:15:19.143Z,S20260427_091422,SC01,AUTO,41.5168,56.5333,0.0624,end,1,1500,VIDE,0.0,0.0,0.8,0.0,-0.698132,0.0,1,0,20.53,19.535,0.0,0.0,0.8,0.0,5.0,2.0,1.0,0.05,1,0.0,5.0,0.0
880,2026-04-27T08:15:19.202Z,S20260427_091422,SC01,AUTO,41.5765,56.5931,0.0598,end,1,1500,VIDE,0.0,0.0,0.8,0.0,-0.698132,0.0,1,0,10.529,18.767,0.0,0.0,0.8,0.0,5.0,2.0,1.0,0.05,1,0.0,5.0,0.0
881,2026-04-27T08:15:19.262Z,S20260427_091422,SC01,AUTO,41.6359,56.6524,0.0594,end,1,1500,VIDE,0.0,0.0,0.8,0.0,-0.698132,0.0,1,0,20.223,19.022,0.0,0.0,0.8,0.0,5.0,2.0,1.0,0.05,1,0.0,5.0,0.0
882,2026-04-27T08:15:19.322Z,S20260427_091422,SC01,AUTO,41.6958,56.7123,0.0599,end,1,1500,VIDE,0.0,0.0,0.8,0.0,-0.698132,0.0,1,0,15.734,19.654,0.0,0.0,0.8,0.0,5.0,2.0,1.0,0.05,1,0.0,5.0,0.0
883,2026-04-27T08:15:19.391Z,S20260427_091422,SC01,AUTO,41.7655,56.7821,0.0697,end,1,1500,VIDE,0.0,0.0,0.8,0.0,-0.698132,0.0,1,0,8.688,18.89,0.0,0.0,0.8,0.0,5.0,2.0,1.0,0.05,1,0.0,5.0,0.0
884,2026-04-27T08:15:19.454Z,S20260427_091422,SC01,AUTO,41.8281,56.8446,0.0625,end,1,1500,VIDE,0.0,0.0,0.8,0.0,-0.698132,0.0,1,0,17.213,20.006,0.0,0.0,0.8,0.0,5.0,2.0,1.0,0.05,1,0.0,5.0,0.0
885,2026-04-27T08:15:19.516Z,S20260427_091422,SC01,AUTO,41.8899,56.9065,0.0619,end,1,1500,VIDE,0.0,0.0,0.8,0.0,-0.698132,0.0,1,0,12.379,19.761,0.0,0.0,0.8,0.0,5.0,2.0,1.0,0.05,1,0.0,5.0,0.0
886,2026-04-27T08:15:19.576Z,S20260427_091422,SC01,AUTO,41.9501,56.9667,0.0602,end,1,1500,VIDE,0.0,0.0,0.8,0.0,-0.698132,0.0,1,0,23.38,18.989,0.0,0.0,0.8,0.0,5.0,2.0,1.0,0.05,1,0.0,5.0,0.0
887,2026-04-27T08:15:19.638Z,S20260427_091422,SC01,AUTO,42.012,57.0286,0.0619,end,1,1500,VIDE,0.0,0.0,0.8,0.0,-0.698132,0.0,1,0,35.666,23.259,0.0,0.0,0.8,0.0,5.0,2.0,1.0,0.05,1,0.0,5.0,0.0
888,2026-04-27T08:15:19.702Z,S20260427_091422,SC01,AUTO,42.0758,57.0924,0.0638,end,1,1500,VIDE,0.0,0.0,0.8,0.0,-0.698132,0.0,1,0,10.126,19.665,0.0,0.0,0.8,0.0,5.0,2.0,1.0,0.05,1,0.0,5.0,0.0
889,2026-04-27T08:15:19.761Z,S20260427_091422,SC01,AUTO,42.1356,57.1521,0.0598,end,1,1500,VIDE,0.0,0.0,0.8,0.0,-0.698132,0.0,1,0,22.659,19.308,0.0,0.0,0.8,0.0,5.0,2.0,1.0,0.05,1,0.0,5.0,0.0
890,2026-04-27T08:15:19.822Z,S20260427_091422,SC01,AUTO,42.1958,57.2124,0.0601,end,1,1500,VIDE,0.0,0.0,0.8,0.0,-0.698132,0.0,1,0,40.315,0.811,0.0,0.0,0.8,0.0,5.0,2.0,1.0,0.05,1,0.0,5.0,0.0
891,2026-04-27T08:15:19.888Z,S20260427_091422,SC01,AUTO,42.2625,57.2791,0.0667,end,1,1500,VIDE,0.0,0.0,0.8,0.0,-0.698132,0.0,1,0,13.347,18.53,0.0,0.0,0.8,0.0,5.0,2.0,1.0,0.05,1,0.0,5.0,0.0
892,2026-04-27T08:15:19.950Z,S20260427_091422,SC01,AUTO,42.3241,57.3406,0.0616,end,1,1500,VIDE,0.0,0.0,0.8,0.0,-0.698132,0.0,1,0,6.173,18.986,0.0,0.0,0.8,0.0,5.0,2.0,1.0,0.05,1,0.0,5.0,0.0
893,2026-04-27T08:15:20.014Z,S20260427_091422,SC01,AUTO,42.3878,57.4043,0.0637,end,1,1500,VIDE,0.0,0.0,0.8,0.0,-0.698132,0.0,1,0,15.561,19.45,0.0,0.0,0.8,0.0,5.0,2.0,1.0,0.05,1,0.0,5.0,0.0
894,2026-04-27T08:15:20.076Z,S20260427_091422,SC01,AUTO,42.4506,57.4671,0.0628,end,1,1500,VIDE,0.0,0.0,0.8,0.0,-0.698132,0.0,1,0,10.882,19.217,0.0,0.0,0.8,0.0,5.0,2.0,1.0,0.05,1,0.0,5.0,0.0
895,2026-04-27T08:15:20.138Z,S20260427_091422,SC01,AUTO,42.5127,57.5292,0.062,end,1,1500,VIDE,0.0,0.0,0.8,0.0,-0.698132,0.0,1,0,21.588,18.297,0.0,0.0,0.8,0.0,5.0,2.0,1.0,0.05,1,0.0,5.0,0.0
896,2026-04-27T08:15:20.200Z,S20260427_091422,SC01,AUTO,42.5745,57.5911,0.0619,end,1,1500,VIDE,0.0,0.0,0.8,0.0,-0.698132,0.0,1,0,16.224,19.439,0.0,0.0,0.8,0.0,5.0,2.0,1.0,0.05,1,0.0,5.0,0.0
897,2026-04-27T08:15:20.262Z,S20260427_091422,SC01,AUTO,42.6362,57.6528,0.0617,end,1,1500,VIDE,0.0,0.0,0.8,0.0,-0.698132,0.0,1,0,8.008,19.35,0.0,0.0,0.8,0.0,5.0,2.0,1.0,0.05,1,0.0,5.0,0.0
898,2026-04-27T08:15:20.322Z,S20260427_091422,SC01,AUTO,42.6959,57.7125,0.0597,end,1,1500,VIDE,0.0,0.0,0.8,0.0,-0.698132,0.0,1,0,18.919,18.813,0.0,0.0,0.8,0.0,5.0,2.0,1.0,0.05,1,0.0,5.0,0.0
899,2026-04-27T08:15:20.389Z,S20260427_091422,SC01,AUTO,42.7634,57.7799,0.0674,end,1,1500,VIDE,0.0,0.0,0.8,0.0,-0.698132,0.0,1,0,10.966,19.543,0.0,0.0,0.8,0.0,5.0,2.0,1.0,0.05,1,0.0,5.0,0.0
900,2026-04-27T08:15:20.452Z,S20260427_091422,SC01,AUTO,42.8258,57.8424,0.0625,end,1,1500,VIDE,0.0,0.0,0.8,0.0,-0.698132,0.0,1,0,5.219,20.047,0.0,0.0,0.8,0.0,5.0,2.0,1.0,0.05,1,0.0,5.0,0.0
901,2026-04-27T08:15:20.514Z,S20260427_091422,SC01,AUTO,42.8882,57.9048,0.0624,end,1,1500,VIDE,0.0,0.0,0.8,0.0,-0.698132,0.0,1,0,16.642,18.707,0.0,0.0,0.8,0.0,5.0,2.0,1.0,0.05,1,0.0,5.0,0.0
902,2026-04-27T08:15:20.573Z,S20260427_091422,SC01,AUTO,42.9474,57.964,0.0592,end,1,1500,VIDE,0.0,0.0,0.8,0.0,-0.698132,0.0,1,0,6.816,19.48,0.0,0.0,0.8,0.0,5.0,2.0,1.0,0.05,1,0.0,5.0,0.0
903,2026-04-27T08:15:20.639Z,S20260427_091422,SC01,AUTO,43.0135,58.0301,0.0661,end,1,1500,VIDE,0.0,0.0,0.8,0.0,-0.698132,0.0,1,0,21.335,19.813,0.0,0.0,0.8,0.0,5.0,2.0,1.0,0.05,1,0.0,5.0,0.0
904,2026-04-27T08:15:20.701Z,S20260427_091422,SC01,AUTO,43.0754,58.092,0.0619,end,1,1500,VIDE,0.0,0.0,0.8,0.0,-0.698132,0.0,1,0,16.347,19.406,0.0,0.0,0.8,0.0,5.0,2.0,1.0,0.05,1,0.0,5.0,0.0
905,2026-04-27T08:15:20.762Z,S20260427_091422,SC01,AUTO,43.1359,58.1525,0.0605,end,1,1500,VIDE,0.0,0.0,0.8,0.0,-0.698132,0.0,1,0,4.124,19.865,0.0,0.0,0.8,0.0,5.0,2.0,1.0,0.05,1,0.0,5.0,0.0
906,2026-04-27T08:15:20.822Z,S20260427_091422,SC01,AUTO,43.1958,58.2124,0.06,end,1,1500,VIDE,0.0,0.0,0.8,0.0,-0.698132,0.0,1,0,16.243,19.753,0.0,0.0,0.8,0.0,5.0,2.0,1.0,0.05,1,0.0,5.0,0.0
907,2026-04-27T08:15:20.888Z,S20260427_091422,SC01,AUTO,43.2626,58.2791,0.0667,end,1,1500,VIDE,0.0,0.0,0.8,0.0,-0.698132,0.0,1,0,11.375,19.13,0.0,0.0,0.8,0.0,5.0,2.0,1.0,0.05,1,0.0,5.0,0.0
908,2026-04-27T08:15:20.950Z,S20260427_091422,SC01,AUTO,43.3244,58.341,0.0619,end,1,1500,VIDE,0.0,0.0,0.8,0.0,-0.698132,0.0,1,0,7.676,18.702,0.0,0.0,0.8,0.0,5.0,2.0,1.0,0.05,1,0.0,5.0,0.0
909,2026-04-27T08:15:21.012Z,S20260427_091422,SC01,AUTO,43.3867,58.4033,0.0622,end,1,1500,VIDE,0.0,0.0,0.8,0.0,-0.698132,0.0,1,0,16.091,19.409,0.0,0.0,0.8,0.0,5.0,2.0,1.0,0.05,1,0.0,5.0,0.0
910,2026-04-27T08:15:21.075Z,S20260427_091422,SC01,AUTO,43.4494,58.466,0.0628,end,1,1500,VIDE,0.0,0.0,0.8,0.0,-0.698132,0.0,1,0,11.021,19.594,0.0,0.0,0.8,0.0,5.0,2.0,1.0,0.05,1,0.0,5.0,0.0
911,2026-04-27T08:15:21.138Z,S20260427_091422,SC01,AUTO,43.5125,58.529,0.0631,end,1,1500,VIDE,0.0,0.0,0.8,0.0,-0.698132,0.0,1,0,21.412,19.316,0.0,0.0,0.8,0.0,5.0,2.0,1.0,0.05,1,0.0,5.0,0.0
912,2026-04-27T08:15:21.200Z,S20260427_091422,SC01,AUTO,43.5743,58.5909,0.0619,end,1,1500,VIDE,0.0,0.0,0.8,0.0,-0.698132,0.0,1,0,16.447,19.579,0.0,0.0,0.8,0.0,5.0,2.0,1.0,0.05,1,0.0,5.0,0.0
913,2026-04-27T08:15:21.262Z,S20260427_091422,SC01,AUTO,43.636,58.6526,0.0616,end,1,1500,VIDE,0.0,0.0,0.8,0.0,-0.698132,0.0,1,0,6.723,19.546,0.0,0.0,0.8,0.0,5.0,2.0,1.0,0.05,1,0.0,5.0,0.0
914,2026-04-27T08:15:21.322Z,S20260427_091422,SC01,AUTO,43.6962,58.7128,0.0603,end,1,1500,VIDE,0.0,0.0,0.8,0.0,-0.698132,0.0,1,0,39.359,22.23,0.0,0.0,0.8,0.0,5.0,2.0,1.0,0.05,1,0.0,5.0,0.0
915,2026-04-27T08:15:21.388Z,S20260427_091422,SC01,AUTO,43.7624,58.7789,0.0661,end,1,1500,VIDE,0.0,0.0,0.8,0.0,-0.698132,0.0,1,0,9.042,19.56,0.0,0.0,0.8,0.0,5.0,2.0,1.0,0.05,1,0.0,5.0,0.0
916,2026-04-27T08:15:21.450Z,S20260427_091422,SC01,AUTO,43.8246,58.8412,0.0624,end,1,1500,VIDE,0.0,0.0,0.8,0.0,-0.698132,0.0,1,0,24.429,20.128,0.0,0.0,0.8,0.0,5.0,2.0,1.0,0.05,1,0.0,5.0,0.0
917,2026-04-27T08:15:21.512Z,S20260427_091422,SC01,AUTO,43.8865,58.9031,0.0617,end,1,1500,VIDE,0.0,0.0,0.8,0.0,-0.698132,0.0,1,0,13.122,20.03,0.0,0.0,0.8,0.0,5.0,2.0,1.0,0.05,1,0.0,5.0,0.0
918,2026-04-27T08:15:21.575Z,S20260427_091422,SC01,AUTO,43.9493,58.9659,0.0629,end,1,1500,VIDE,0.0,0.0,0.8,0.0,-0.698132,0.0,1,0,8.769,18.648,0.0,0.0,0.8,0.0,5.0,2.0,1.0,0.05,1,0.0,5.0,0.0
919,2026-04-27T08:15:21.638Z,S20260427_091422,SC01,AUTO,44.0124,59.0289,0.063,end,1,1500,VIDE,0.0,0.0,0.8,0.0,-0.698132,0.0,1,0,18.972,19.862,0.0,0.0,0.8,0.0,5.0,2.0,1.0,0.05,1,0.0,5.0,0.0
920,2026-04-27T08:15:21.701Z,S20260427_091422,SC01,AUTO,44.075,59.0915,0.0626,end,1,1500,VIDE,0.0,0.0,0.8,0.0,-0.698132,0.0,1,0,12.972,19.112,0.0,0.0,0.8,0.0,5.0,2.0,1.0,0.05,1,0.0,5.0,0.0
921,2026-04-27T08:15:21.763Z,S20260427_091422,SC01,AUTO,44.1368,59.1533,0.0618,end,1,1500,VIDE,0.0,0.0,0.8,0.0,-0.698132,0.0,1,0,20.15,18.245,0.0,0.0,0.8,0.0,5.0,2.0,1.0,0.05,1,0.0,5.0,0.0
922,2026-04-27T08:15:21.822Z,S20260427_091422,SC01,AUTO,44.1961,59.2127,0.0594,end,1,1500,VIDE,0.0,0.0,0.8,0.0,-0.698132,0.0,1,0,16.232,19.651,0.0,0.0,0.8,0.0,5.0,2.0,1.0,0.05,1,0.0,5.0,0.0
923,2026-04-27T08:15:21.888Z,S20260427_091422,SC01,AUTO,44.2618,59.2784,0.0656,end,1,1500,VIDE,0.0,0.0,0.8,0.0,-0.698132,0.0,1,0,6.461,19.324,0.0,0.0,0.8,0.0,5.0,2.0,1.0,0.05,1,0.0,5.0,0.0
924,2026-04-27T08:15:21.949Z,S20260427_091422,SC01,AUTO,44.3231,59.3397,0.0614,end,1,1500,VIDE,0.0,0.0,0.8,0.0,-0.698132,0.0,1,0,20.246,19.443,0.0,0.0,0.8,0.0,5.0,2.0,1.0,0.05,1,0.0,5.0,0.0
925,2026-04-27T08:15:22.011Z,S20260427_091422,SC01,AUTO,44.3848,59.4014,0.0616,end,1,1500,VIDE,0.0,0.0,0.8,0.0,-0.698132,0.0,1,0,10.52,19.215,0.0,0.0,0.8,0.0,5.0,2.0,1.0,0.05,1,0.0,5.0,0.0
926,2026-04-27T08:15:22.073Z,S20260427_091422,SC01,AUTO,44.4471,59.4637,0.0624,end,1,1500,VIDE,0.0,0.0,0.8,0.0,-0.698132,0.0,1,0,24.968,19.003,0.0,0.0,0.8,0.0,5.0,2.0,1.0,0.05,1,0.0,5.0,0.0
927,2026-04-27T08:15:22.135Z,S20260427_091422,SC01,AUTO,44.5094,59.5259,0.0622,end,1,1500,VIDE,0.0,0.0,0.8,0.0,-0.698132,0.0,1,0,15.175,18.878,0.0,0.0,0.8,0.0,5.0,2.0,1.0,0.05,1,0.0,5.0,0.0
928,2026-04-27T08:15:22.198Z,S20260427_091422,SC01,AUTO,44.5725,59.589,0.0631,end,1,1500,VIDE,0.0,0.0,0.8,0.0,-0.698132,0.0,1,0,8.877,19.877,0.0,0.0,0.8,0.0,5.0,2.0,1.0,0.05,1,0.0,5.0,0.0
929,2026-04-27T08:15:22.261Z,S20260427_091422,SC01,AUTO,44.6347,59.6513,0.0622,end,1,1500,VIDE,0.0,0.0,0.8,0.0,-0.698132,0.0,1,0,18.446,17.735,0.0,0.0,0.8,0.0,5.0,2.0,1.0,0.05,1,0.0,5.0,0.0
930,2026-04-27T08:15:22.322Z,S20260427_091422,SC01,AUTO,44.6959,59.7125,0.0612,end,1,1500,VIDE,0.0,0.0,0.8,0.0,-0.698132,0.0,1,0,12.301,19.405,0.0,0.0,0.8,0.0,5.0,2.0,1.0,0.05,1,0.0,5.0,0.0
931,2026-04-27T08:15:22.384Z,S20260427_091422,SC01,AUTO,44.7583,59.7749,0.0624,end,1,1500,VIDE,0.0,0.0,0.8,0.0,-0.698132,0.0,1,0,21.0,17.568,0.0,0.0,0.8,0.0,5.0,2.0,1.0,0.05,1,0.0,5.0,0.0
932,2026-04-27T08:15:22.446Z,S20260427_091422,SC01,AUTO,44.8201,59.8367,0.0618,end,1,1500,VIDE,0.0,0.0,0.8,0.0,-0.698132,0.0,1,0,15.742,19.555,0.0,0.0,0.8,0.0,5.0,2.0,1.0,0.05,1,0.0,5.0,0.0
933,2026-04-27T08:15:22.513Z,S20260427_091422,SC01,AUTO,44.8875,59.9041,0.0674,end,1,1500,VIDE,0.0,0.0,0.8,0.0,-0.698132,0.0,1,0,8.657,20.524,0.0,0.0,0.8,0.0,5.0,2.0,1.0,0.05,1,0.0,5.0,0.0
934,2026-04-27T08:15:22.572Z,S20260427_091422,SC01,AUTO,44.9459,59.9624,0.0582,end,1,1500,VIDE,0.0,0.0,0.8,0.0,-0.698132,0.0,1,0,19.478,20.095,0.0,0.0,0.8,0.0,5.0,2.0,1.0,0.05,1,0.0,5.0,0.0
935,2026-04-27T08:15:22.636Z,S20260427_091422,SC01,AUTO,45.01,60.0266,0.0643,end,1,1500,VIDE,0.0,0.0,0.8,0.0,-0.698132,0.0,1,0,11.786,19.408,0.0,0.0,0.8,0.0,5.0,2.0,1.0,0.05,1,0.0,5.0,0.0
936,2026-04-27T08:15:22.697Z,S20260427_091422,SC01,AUTO,45.0712,60.0877,0.0612,end,1,1500,VIDE,0.0,0.0,0.8,0.0,-0.698132,0.0,1,0,6.289,20.317,0.0,0.0,0.8,0.0,5.0,2.0,1.0,0.05,1,0.0,5.0,0.0
937,2026-04-27T08:15:22.760Z,S20260427_091422,SC01,AUTO,45.1343,60.1509,0.0631,end,1,1500,VIDE,0.0,0.0,0.8,0.0,-0.698132,0.0,1,0,18.353,17.172,0.0,0.0,0.8,0.0,5.0,2.0,1.0,0.05,1,0.0,5.0,0.0
938,2026-04-27T08:15:22.821Z,S20260427_091422,SC01,AUTO,45.1956,60.2122,0.0614,end,1,1500,VIDE,0.0,0.0,0.8,0.0,-0.698132,0.0,1,0,14.897,19.32,0.0,0.0,0.8,0.0,5.0,2.0,1.0,0.05,1,0.0,5.0,0.0
939,2026-04-27T08:15:22.887Z,S20260427_091422,SC01,AUTO,45.2607,60.2773,0.0651,end,1,1500,VIDE,0.0,0.0,0.8,0.0,-0.698132,0.0,1,0,22.916,19.756,0.0,0.0,0.8,0.0,5.0,2.0,1.0,0.05,1,0.0,5.0,0.0
940,2026-04-27T08:15:22.948Z,S20260427_091422,SC01,AUTO,45.3225,60.3391,0.0618,end,1,1500,VIDE,0.0,0.0,0.8,0.0,-0.698132,0.0,1,0,17.198,18.449,0.0,0.0,0.8,0.0,5.0,2.0,1.0,0.05,1,0.0,5.0,0.0
941,2026-04-27T08:15:23.010Z,S20260427_091422,SC01,AUTO,45.3847,60.4012,0.0621,end,1,1500,VIDE,0.0,0.0,0.8,0.0,-0.698132,0.0,1,0,28.928,22.389,0.0,0.0,0.8,0.0,5.0,2.0,1.0,0.05,1,0.0,5.0,0.0
942,2026-04-27T08:15:23.073Z,S20260427_091422,SC01,AUTO,45.4472,60.4637,0.0626,end,1,1500,VIDE,0.0,0.0,0.8,0.0,-0.698132,0.0,1,0,20.128,19.739,0.0,0.0,0.8,0.0,5.0,2.0,1.0,0.05,1,0.0,5.0,0.0
943,2026-04-27T08:15:23.136Z,S20260427_091422,SC01,AUTO,45.5099,60.5265,0.0627,end,1,1500,VIDE,0.0,0.0,0.8,0.0,-0.698132,0.0,1,0,12.971,19.019,0.0,0.0,0.8,0.0,5.0,2.0,1.0,0.05,1,0.0,5.0,0.0
944,2026-04-27T08:15:23.198Z,S20260427_091422,SC01,AUTO,45.5725,60.5891,0.0626,end,1,1500,VIDE,0.0,0.0,0.8,0.0,-0.698132,0.0,1,0,21.615,19.535,0.0,0.0,0.8,0.0,5.0,2.0,1.0,0.05,1,0.0,5.0,0.0
945,2026-04-27T08:15:23.260Z,S20260427_091422,SC01,AUTO,45.6346,60.6511,0.0621,end,1,1500,VIDE,0.0,0.0,0.8,0.0,-0.698132,0.0,1,0,16.552,20.031,0.0,0.0,0.8,0.0,5.0,2.0,1.0,0.05,1,0.0,5.0,0.0
946,2026-04-27T08:15:23.321Z,S20260427_091422,SC01,AUTO,45.6956,60.7121,0.061,end,1,1500,VIDE,0.0,0.0,0.8,0.0,-0.698132,0.0,1,0,6.059,19.222,0.0,0.0,0.8,0.0,5.0,2.0,1.0,0.05,1,0.0,5.0,0.0
947,2026-04-27T08:15:23.384Z,S20260427_091422,SC01,AUTO,45.7583,60.7748,0.0627,end,1,1500,VIDE,0.0,0.0,0.8,0.0,-0.698132,0.0,1,0,20.029,20.247,0.0,0.0,0.8,0.0,5.0,2.0,1.0,0.05,1,0.0,5.0,0.0
948,2026-04-27T08:15:23.447Z,S20260427_091422,SC01,AUTO,45.8211,60.8376,0.0628,end,1,1500,VIDE,0.0,0.0,0.8,0.0,-0.698132,0.0,1,0,8.082,19.232,0.0,0.0,0.8,0.0,5.0,2.0,1.0,0.05,1,0.0,5.0,0.0
949,2026-04-27T08:15:23.510Z,S20260427_091422,SC01,AUTO,45.8844,60.9009,0.0633,end,1,1500,VIDE,0.0,0.0,0.8,0.0,-0.698132,0.0,1,0,24.874,20.409,0.0,0.0,0.8,0.0,5.0,2.0,1.0,0.05,1,0.0,5.0,0.0
950,2026-04-27T08:15:23.573Z,S20260427_091422,SC01,AUTO,45.9473,60.9638,0.0629,end,1,1500,VIDE,0.0,0.0,0.8,0.0,-0.698132,0.0,1,0,13.017,19.508,0.0,0.0,0.8,0.0,5.0,2.0,1.0,0.05,1,0.0,5.0,0.0
951,2026-04-27T08:15:23.635Z,S20260427_091422,SC01,AUTO,46.0094,61.026,0.0622,end,1,1500,VIDE,0.0,0.0,0.8,0.0,-0.698132,0.0,1,0,9.058,20.032,0.0,0.0,0.8,0.0,5.0,2.0,1.0,0.05,1,0.0,5.0,0.0
952,2026-04-27T08:15:23.697Z,S20260427_091422,SC01,AUTO,46.0711,61.0876,0.0616,end,1,1500,VIDE,0.0,0.0,0.8,0.0,-0.698132,0.0,1,0,19.471,18.99,0.0,0.0,0.8,0.0,5.0,2.0,1.0,0.05,1,0.0,5.0,0.0
953,2026-04-27T08:15:23.760Z,S20260427_091422,SC01,AUTO,46.1337,61.1503,0.0627,end,1,1500,VIDE,0.0,0.0,0.8,0.0,-0.698132,0.0,1,0,37.392,23.18,0.0,0.0,0.8,0.0,5.0,2.0,1.0,0.05,1,0.0,5.0,0.0
954,2026-04-27T08:15:23.822Z,S20260427_091422,SC01,AUTO,46.1961,61.2127,0.0624,end,1,1500,VIDE,0.0,0.0,0.8,0.0,-0.698132,0.0,1,0,10.896,18.782,0.0,0.0,0.8,0.0,5.0,2.0,1.0,0.05,1,0.0,5.0,0.0
955,2026-04-27T08:15:23.884Z,S20260427_091422,SC01,AUTO,46.2586,61.2751,0.0625,end,1,1500,VIDE,0.0,0.0,0.8,0.0,-0.698132,0.0,1,0,2.324,19.916,0.0,0.0,0.8,0.0,5.0,2.0,1.0,0.05,1,0.0,5.0,0.0
956,2026-04-27T08:15:23.946Z,S20260427_091422,SC01,AUTO,46.3201,61.3367,0.0616,end,1,1500,VIDE,0.0,0.0,0.8,0.0,-0.698132,0.0,1,0,12.757,19.098,0.0,0.0,0.8,0.0,5.0,2.0,1.0,0.05,1,0.0,5.0,0.0
957,2026-04-27T08:15:24.021Z,S20260427_091422,SC01,AUTO,46.3953,61.4119,0.0752,end,1,1500,VIDE,0.0,0.0,0.8,0.0,-0.698132,0.0,1,0,5.971,19.966,0.0,0.0,0.8,0.0,5.0,2.0,1.0,0.05,1,0.0,5.0,0.0
958,2026-04-27T08:15:24.081Z,S20260427_091422,SC01,AUTO,46.4554,61.4719,0.06,end,1,1500,VIDE,0.0,0.0,0.8,0.0,-0.698132,0.0,1,0,18.109,19.405,0.0,0.0,0.8,0.0,5.0,2.0,1.0,0.05,1,0.0,5.0,0.0
959,2026-04-27T08:15:24.141Z,S20260427_091422,SC01,AUTO,46.5153,61.5319,0.06,end,1,1500,VIDE,0.0,0.0,0.8,0.0,-0.698132,0.0,1,0,11.598,18.922,0.0,0.0,0.8,0.0,5.0,2.0,1.0,0.05,1,0.0,5.0,0.0
960,2026-04-27T08:15:24.196Z,S20260427_091422,SC01,AUTO,46.5706,61.5871,0.0552,end,1,1500,VIDE,0.0,0.0,0.8,0.0,-0.698132,0.0,1,0,20.374,19.996,0.0,0.0,0.8,0.0,5.0,2.0,1.0,0.05,1,0.0,5.0,0.0
961,2026-04-27T08:15:24.262Z,S20260427_091422,SC01,AUTO,46.6362,61.6528,0.0656,end,1,1500,VIDE,0.0,0.0,0.8,0.0,-0.698132,0.0,1,0,16.086,19.784,0.0,0.0,0.8,0.0,5.0,2.0,1.0,0.05,1,0.0,5.0,0.0
962,2026-04-27T08:15:24.322Z,S20260427_091422,SC01,AUTO,46.6959,61.7124,0.0597,end,1,1500,VIDE,0.0,0.0,0.8,0.0,-0.698132,0.0,1,0,8.155,19.143,0.0,0.0,0.8,0.0,5.0,2.0,1.0,0.05,1,0.0,5.0,0.0
963,2026-04-27T08:15:24.396Z,S20260427_091422,SC01,AUTO,46.7704,61.787,0.0745,end,1,1500,VIDE,0.0,0.0,0.8,0.0,-0.698132,0.0,1,0,21.315,19.437,0.0,0.0,0.8,0.0,5.0,2.0,1.0,0.05,1,0.0,5.0,0.0
964,2026-04-27T08:15:24.459Z,S20260427_091422,SC01,AUTO,46.8328,61.8494,0.0623,end,1,1500,VIDE,0.0,0.0,0.8,0.0,-0.698132,0.0,1,0,36.537,1.236,0.0,0.0,0.8,0.0,5.0,2.0,1.0,0.05,1,0.0,5.0,0.0
965,2026-04-27T08:15:24.520Z,S20260427_091422,SC01,AUTO,46.8946,61.9112,0.0619,end,1,1500,VIDE,0.0,0.0,0.8,0.0,-0.698132,0.0,1,0,8.542,19.473,0.0,0.0,0.8,0.0,5.0,2.0,1.0,0.05,1,0.0,5.0,0.0
966,2026-04-27T08:15:24.582Z,S20260427_091422,SC01,AUTO,46.9557,61.9723,0.0611,end,1,1500,VIDE,0.0,0.0,0.8,0.0,-0.698132,0.0,1,0,40.334,22.591,0.0,0.0,0.8,0.0,5.0,2.0,1.0,0.05,1,0.0,5.0,0.0
967,2026-04-27T08:15:24.641Z,S20260427_091422,SC01,AUTO,47.0153,62.0319,0.0596,end,1,1500,VIDE,0.0,0.0,0.8,0.0,-0.698132,0.0,1,0,12.718,18.622,0.0,0.0,0.8,0.0,5.0,2.0,1.0,0.05,1,0.0,5.0,0.0
968,2026-04-27T08:15:24.701Z,S20260427_091422,SC01,AUTO,47.0756,62.0922,0.0602,end,1,1500,VIDE,0.0,0.0,0.8,0.0,-0.698132,0.0,1,0,21.035,20.426,0.0,0.0,0.8,0.0,5.0,2.0,1.0,0.05,1,0.0,5.0,0.0
969,2026-04-27T08:15:24.761Z,S20260427_091422,SC01,AUTO,47.1353,62.1519,0.0597,end,1,1500,VIDE,0.0,0.0,0.8,0.0,-0.698132,0.0,1,0,17.308,20.121,0.0,0.0,0.8,0.0,5.0,2.0,1.0,0.05,1,0.0,5.0,0.0
970,2026-04-27T08:15:24.822Z,S20260427_091422,SC01,AUTO,47.1959,62.2125,0.0606,end,1,1500,VIDE,0.0,0.0,0.8,0.0,-0.698132,0.0,1,0,8.429,19.38,0.0,0.0,0.8,0.0,5.0,2.0,1.0,0.05,1,0.0,5.0,0.0
971,2026-04-27T08:15:24.896Z,S20260427_091422,SC01,AUTO,47.2699,62.2865,0.074,end,1,1500,VIDE,0.0,0.0,0.8,0.0,-0.698132,0.0,1,0,20.969,19.422,0.0,0.0,0.8,0.0,5.0,2.0,1.0,0.05,1,0.0,5.0,0.0
972,2026-04-27T08:15:24.959Z,S20260427_091422,SC01,AUTO,47.3332,62.3498,0.0632,end,1,1500,VIDE,0.0,0.0,0.8,0.0,-0.698132,0.0,1,0,14.983,20.227,0.0,0.0,0.8,0.0,5.0,2.0,1.0,0.05,1,0.0,5.0,0.0
973,2026-04-27T08:15:25.022Z,S20260427_091422,SC01,AUTO,47.3966,62.4132,0.0634,end,1,1500,VIDE,0.0,0.0,0.8,0.0,-0.698132,0.0,1,0,23.59,17.051,0.0,0.0,0.8,0.0,5.0,2.0,1.0,0.05,1,0.0,5.0,0.0
974,2026-04-27T08:15:25.081Z,S20260427_091422,SC01,AUTO,47.4553,62.4719,0.0587,end,1,1500,VIDE,0.0,0.0,0.8,0.0,-0.698132,0.0,1,0,40.091,1.143,0.0,0.0,0.8,0.0,5.0,2.0,1.0,0.05,1,0.0,5.0,0.0
975,2026-04-27T08:15:25.141Z,S20260427_091422,SC01,AUTO,47.5156,62.5322,0.0603,end,1,1500,VIDE,0.0,0.0,0.8,0.0,-0.698132,0.0,1,0,13.607,18.714,0.0,0.0,0.8,0.0,5.0,2.0,1.0,0.05,1,0.0,5.0,0.0
976,2026-04-27T08:15:25.202Z,S20260427_091422,SC01,AUTO,47.5762,62.5927,0.0605,end,1,1500,VIDE,0.0,0.0,0.8,0.0,-0.698132,0.0,1,0,20.642,19.539,0.0,0.0,0.8,0.0,5.0,2.0,1.0,0.05,1,0.0,5.0,0.0
977,2026-04-27T08:15:25.260Z,S20260427_091422,SC01,AUTO,47.6342,62.6508,0.0581,end,1,1500,VIDE,0.0,0.0,0.8,0.0,-0.698132,0.0,1,0,16.135,19.313,0.0,0.0,0.8,0.0,5.0,2.0,1.0,0.05,1,0.0,5.0,0.0
978,2026-04-27T08:15:25.321Z,S20260427_091422,SC01,AUTO,47.6956,62.7121,0.0613,end,1,1500,VIDE,0.0,0.0,0.8,0.0,-0.698132,0.0,1,0,5.514,19.321,0.0,0.0,0.8,0.0,5.0,2.0,1.0,0.05,1,0.0,5.0,0.0
979,2026-04-27T08:15:25.398Z,S20260427_091422,SC01,AUTO,47.7722,62.7888,0.0766,end,1,1500,VIDE,0.0,0.0,0.8,0.0,-0.698132,0.0,1,0,20.801,19.531,0.0,0.0,0.8,0.0,5.0,2.0,1.0,0.05,1,0.0,5.0,0.0
980,2026-04-27T08:15:25.452Z,S20260427_091422,SC01,AUTO,47.8261,62.8426,0.0539,end,1,1500,VIDE,0.0,0.0,0.8,0.0,-0.698132,0.0,1,0,8.691,16.856,0.0,0.0,0.8,0.0,5.0,2.0,1.0,0.05,1,0.0,5.0,0.0
981,2026-04-27T08:15:25.509Z,S20260427_091422,SC01,AUTO,47.8833,62.8999,0.0572,end,1,1500,VIDE,0.0,0.0,0.8,0.0,-0.698132,0.0,1,0,23.783,18.634,0.0,0.0,0.8,0.0,5.0,2.0,1.0,0.05,1,0.0,5.0,0.0
982,2026-04-27T08:15:25.572Z,S20260427_091422,SC01,AUTO,47.9464,62.963,0.0631,end,1,1500,VIDE,0.0,0.0,0.8,0.0,-0.698132,0.0,1,0,13.697,19.127,0.0,0.0,0.8,0.0,5.0,2.0,1.0,0.05,1,0.0,5.0,0.0
983,2026-04-27T08:15:25.636Z,S20260427_091422,SC01,AUTO,48.0098,63.0263,0.0634,end,1,1500,VIDE,0.0,0.0,0.8,0.0,-0.698132,0.0,1,0,8.245,20.215,0.0,0.0,0.8,0.0,5.0,2.0,1.0,0.05,1,0.0,5.0,0.0
984,2026-04-27T08:15:25.697Z,S20260427_091422,SC01,AUTO,48.0712,63.0878,0.0613,end,1,1500,VIDE,0.0,0.0,0.8,0.0,-0.698132,0.0,1,0,17.991,19.639,0.0,0.0,0.8,0.0,5.0,2.0,1.0,0.05,1,0.0,5.0,0.0
985,2026-04-27T08:15:25.760Z,S20260427_091422,SC01,AUTO,48.1338,63.1504,0.0627,end,1,1500,VIDE,0.0,0.0,0.8,0.0,-0.698132,0.0,1,0,11.284,18.799,0.0,0.0,0.8,0.0,5.0,2.0,1.0,0.05,1,0.0,5.0,0.0
986,2026-04-27T08:15:25.822Z,S20260427_091422,SC01,AUTO,48.196,63.2125,0.0621,end,1,1500,VIDE,0.0,0.0,0.8,0.0,-0.698132,0.0,1,0,19.981,16.247,0.0,0.0,0.8,0.0,5.0,2.0,1.0,0.05,1,0.0,5.0,0.0
987,2026-04-27T08:15:25.898Z,S20260427_091422,SC01,AUTO,48.2727,63.2892,0.0767,end,1,1500,VIDE,0.0,0.0,0.8,0.0,-0.698132,0.0,1,0,15.944,19.477,0.0,0.0,0.8,0.0,5.0,2.0,1.0,0.05,1,0.0,5.0,0.0
988,2026-04-27T08:15:25.961Z,S20260427_091422,SC01,AUTO,48.3355,63.3521,0.0629,end,1,1500,VIDE,0.0,0.0,0.8,0.0,-0.698132,0.0,1,0,5.564,19.861,0.0,0.0,0.8,0.0,5.0,2.0,1.0,0.05,1,0.0,5.0,0.0
989,2026-04-27T08:15:26.009Z,S20260427_091422,SC01,AUTO,48.3829,63.3995,0.0474,end,1,1500,VIDE,0.0,0.0,0.8,0.0,-0.698132,0.0,1,0,14.433,18.414,0.0,0.0,0.8,0.0,5.0,2.0,1.0,0.05,1,0.0,5.0,0.0
990,2026-04-27T08:15:26.072Z,S20260427_091422,SC01,AUTO,48.4457,63.4622,0.0628,end,1,1500,VIDE,0.0,0.0,0.8,0.0,-0.698132,0.0,1,0,8.828,19.455,0.0,0.0,0.8,0.0,5.0,2.0,1.0,0.05,1,0.0,5.0,0.0
991,2026-04-27T08:15:26.141Z,S20260427_091422,SC01,AUTO,48.5156,63.5321,0.0699,end,1,1500,VIDE,0.0,0.0,0.8,0.0,-0.698132,0.0,1,0,18.936,19.36,0.0,0.0,0.8,0.0,5.0,2.0,1.0,0.05,1,0.0,5.0,0.0
992,2026-04-27T08:15:26.197Z,S20260427_091422,SC01,AUTO,48.5716,63.5882,0.056,end,1,1500,VIDE,0.0,0.0,0.8,0.0,-0.698132,0.0,1,0,13.84,18.758,0.0,0.0,0.8,0.0,5.0,2.0,1.0,0.05,1,0.0,5.0,0.0
993,2026-04-27T08:15:26.261Z,S20260427_091422,SC01,AUTO,48.6356,63.6521,0.0639,end,1,1500,VIDE,0.0,0.0,0.8,0.0,-0.698132,0.0,1,0,21.746,17.652,0.0,0.0,0.8,0.0,5.0,2.0,1.0,0.05,1,0.0,5.0,0.0
994,2026-04-27T08:15:26.322Z,S20260427_091422,SC01,AUTO,48.6961,63.7127,0.0606,end,1,1500,VIDE,0.0,0.0,0.8,0.0,-0.698132,0.0,1,0,15.423,19.92,0.0,0.0,0.8,0.0,5.0,2.0,1.0,0.05,1,0.0,5.0,0.0
995,2026-04-27T08:15:26.390Z,S20260427_091422,SC01,AUTO,48.7639,63.7805,0.0678,end,1,1500,VIDE,0.0,0.0,0.8,0.0,-0.698132,0.0,1,0,5.944,19.34,0.0,0.0,0.8,0.0,5.0,2.0,1.0,0.05,1,0.0,5.0,0.0
996,2026-04-27T08:15:26.454Z,S20260427_091422,SC01,AUTO,48.8276,63.8442,0.0637,end,1,1500,VIDE,0.0,0.0,0.8,0.0,-0.698132,0.0,1,0,18.713,19.755,0.0,0.0,0.8,0.0,5.0,2.0,1.0,0.05,1,0.0,5.0,0.0
997,2026-04-27T08:15:26.517Z,S20260427_091422,SC01,AUTO,48.8916,63.9082,0.0639,end,1,1500,VIDE,0.0,0.0,0.8,0.0,-0.698132,0.0,1,0,13.197,20.076,0.0,0.0,0.8,0.0,5.0,2.0,1.0,0.05,1,0.0,5.0,0.0
998,2026-04-27T08:15:26.573Z,S20260427_091422,SC01,AUTO,48.9475,63.9641,0.056,end,1,1500,VIDE,0.0,0.0,0.8,0.0,-0.698132,0.0,1,0,21.858,18.4,0.0,0.0,0.8,0.0,5.0,2.0,1.0,0.05,1,0.0,5.0,0.0
999,2026-04-27T08:15:26.638Z,S20260427_091422,SC01,AUTO,49.0118,64.0284,0.0643,end,1,1500,VIDE,0.0,0.0,0.8,0.0,-0.698132,0.0,1,0,36.446,1.125,0.0,0.0,0.8,0.0,5.0,2.0,1.0,0.05,1,0.0,5.0,0.0
1000,2026-04-27T08:15:26.702Z,S20260427_091422,SC01,AUTO,49.0758,64.0923,0.0638,end,1,1500,VIDE,0.0,0.0,0.8,0.0,-0.698132,0.0,1,0,5.454,20.291,0.0,0.0,0.8,0.0,5.0,2.0,1.0,0.05,1,0.0,5.0,0.0
1001,2026-04-27T08:15:26.761Z,S20260427_091422,SC01,AUTO,49.1356,64.1521,0.0599,end,1,1500,VIDE,0.0,0.0,0.8,0.0,-0.698132,0.0,1,0,18.268,20.142,0.0,0.0,0.8,0.0,5.0,2.0,1.0,0.05,1,0.0,5.0,0.0
1002,2026-04-27T08:15:26.821Z,S20260427_091422,SC01,AUTO,49.1956,64.2121,0.06,end,1,1500,VIDE,0.0,0.0,0.8,0.0,-0.698132,0.0,1,0,6.546,21.007,0.0,0.0,0.8,0.0,5.0,2.0,1.0,0.05,1,0.0,5.0,0.0
1003,2026-04-27T08:15:26.897Z,S20260427_091422,SC01,AUTO,49.2712,64.2878,0.0757,end,1,1500,VIDE,0.0,0.0,0.8,0.0,-0.698132,0.0,1,0,20.974,18.938,0.0,0.0,0.8,0.0,5.0,2.0,1.0,0.05,1,0.0,5.0,0.0
1004,2026-04-27T08:15:26.950Z,S20260427_091422,SC01,AUTO,49.324,64.3406,0.0528,end,1,1500,VIDE,0.0,0.0,0.8,0.0,-0.698132,0.0,1,0,12.343,17.387,0.0,0.0,0.8,0.0,5.0,2.0,1.0,0.05,1,0.0,5.0,0.0
1005,2026-04-27T08:15:27.014Z,S20260427_091422,SC01,AUTO,49.3877,64.4043,0.0637,end,1,1500,VIDE,0.0,0.0,0.8,0.0,-0.698132,0.0,1,0,9.668,19.714,0.0,0.0,0.8,0.0,5.0,2.0,1.0,0.05,1,0.0,5.0,0.0
1006,2026-04-27T08:15:27.081Z,S20260427_091422,SC01,AUTO,49.4554,64.472,0.0677,end,1,1500,VIDE,0.0,0.0,0.8,0.0,-0.698132,0.0,1,0,20.042,19.943,0.0,0.0,0.8,0.0,5.0,2.0,1.0,0.05,1,0.0,5.0,0.0
1007,2026-04-27T08:15:27.141Z,S20260427_091422,SC01,AUTO,49.5154,64.532,0.06,end,1,1500,VIDE,0.0,0.0,0.8,0.0,-0.698132,0.0,1,0,17.607,19.411,0.0,0.0,0.8,0.0,5.0,2.0,1.0,0.05,1,0.0,5.0,0.0
1008,2026-04-27T08:15:27.303Z,S20260427_091422,SC01,AUTO,49.6774,64.694,0.1619,end,1,1500,VIDE,0.0,0.0,0.8,0.0,-0.698132,0.0,1,0,107.28,0.576,0.0,0.0,0.8,0.0,5.0,2.0,1.0,0.05,1,0.0,5.0,0.0
