row_id,wall_time_utc,session_id,scenario_id,execution_mode,scenario_time_s,program_time_s,sample_dt_s,phase,scenario_started,vehicle_mass_kg,mass_label,steer_cmd_deg,throttle_cmd,brake_cmd,speed_mps,yaw_rad,yaw_rate_rps,mode_id,fault_flag,rtt_ms,jitter_ms,steer_ref_deg,throttle_ref,brake_ref,speed_min_mps,speed_max_mps,tol_steer_deg,tol_throttle,tol_brake,speed_in_corridor,e_speed_low,e_speed_high,e_steer_actual
1,2026-04-23T08:21:39.058Z,S20260423_092137,N/A,AUTO,,1.1817,1.1762,N/A,0,1500,VIDE,0.0,0.0,0.0,0.0,0.0,0.0,0,0,0.0,0.0,,,,,,,,,,,,
2,2026-04-23T08:21:39.120Z,S20260423_092137,N/A,AUTO,,1.2434,0.0617,N/A,0,1500,VIDE,0.0,0.0,0.0,0.0,0.0,0.0,0,0,0.0,0.0,,,,,,,,,,,,
3,2026-04-23T08:21:39.184Z,S20260423_092137,N/A,AUTO,,1.3076,0.0642,N/A,0,1500,VIDE,0.0,0.0,0.0,0.0,0.0,0.0,0,0,0.0,0.0,,,,,,,,,,,,
4,2026-04-23T08:21:39.244Z,S20260423_092137,N/A,AUTO,,1.3677,0.0601,N/A,0,1500,VIDE,0.0,0.0,0.0,0.0,0.0,0.0,0,0,0.0,0.0,,,,,,,,,,,,
5,2026-04-23T08:21:39.305Z,S20260423_092137,N/A,AUTO,,1.4292,0.0615,N/A,0,1500,VIDE,0.0,0.0,0.0,0.0,0.0,0.0,0,0,0.0,0.0,,,,,,,,,,,,
6,2026-04-23T08:21:39.368Z,S20260423_092137,N/A,AUTO,,1.4914,0.0622,N/A,0,1500,VIDE,0.0,0.0,0.0,0.0,0.0,0.0,0,0,0.0,0.0,,,,,,,,,,,,
7,2026-04-23T08:21:39.432Z,S20260423_092137,N/A,AUTO,,1.5552,0.0638,N/A,0,1500,VIDE,0.0,0.0,0.0,0.0,0.0,0.0,0,0,0.0,0.0,,,,,,,,,,,,
8,2026-04-23T08:21:39.494Z,S20260423_092137,N/A,AUTO,,1.6174,0.0622,N/A,0,1500,VIDE,0.0,0.0,0.0,0.0,0.0,0.0,0,0,0.0,0.0,,,,,,,,,,,,
9,2026-04-23T08:21:39.559Z,S20260423_092137,N/A,AUTO,,1.6823,0.0649,N/A,0,1500,VIDE,0.0,0.0,0.0,0.0,0.0,0.0,0,0,0.0,0.0,,,,,,,,,,,,
10,2026-04-23T08:21:39.615Z,S20260423_092137,N/A,AUTO,,1.7391,0.0568,N/A,0,1500,VIDE,0.0,0.0,0.0,0.0,0.0,0.0,0,0,0.0,0.0,,,,,,,,,,,,
11,2026-04-23T08:21:39.679Z,S20260423_092137,N/A,AUTO,,1.8027,0.0635,N/A,0,1500,VIDE,0.0,0.0,0.0,0.0,0.0,0.0,0,0,0.0,0.0,,,,,,,,,,,,
12,2026-04-23T08:21:39.744Z,S20260423_092137,N/A,AUTO,,1.8673,0.0647,N/A,0,1500,VIDE,0.0,0.0,0.0,0.0,0.0,0.0,0,0,0.0,0.0,,,,,,,,,,,,
13,2026-04-23T08:21:39.808Z,S20260423_092137,N/A,AUTO,,1.9312,0.0639,N/A,0,1500,VIDE,0.0,0.0,0.0,0.0,0.0,0.0,0,0,0.0,0.0,,,,,,,,,,,,
14,2026-04-23T08:21:39.872Z,S20260423_092137,N/A,AUTO,,1.9952,0.064,N/A,0,1500,VIDE,0.0,0.0,0.0,0.0,0.0,0.0,0,0,0.0,0.0,,,,,,,,,,,,
15,2026-04-23T08:21:39.936Z,S20260423_092137,N/A,AUTO,,2.0598,0.0646,N/A,0,1500,VIDE,0.0,0.0,0.0,0.0,0.0,0.0,0,0,0.0,0.0,,,,,,,,,,,,
16,2026-04-23T08:21:39.999Z,S20260423_092137,N/A,AUTO,,2.1224,0.0626,N/A,0,1500,VIDE,0.0,0.0,0.0,0.0,0.0,0.0,0,0,0.0,0.0,,,,,,,,,,,,
17,2026-04-23T08:21:40.058Z,S20260423_092137,N/A,AUTO,,2.1821,0.0597,N/A,0,1500,VIDE,0.0,0.0,0.0,0.0,0.0,0.0,0,0,0.0,0.0,,,,,,,,,,,,
18,2026-04-23T08:21:40.116Z,S20260423_092137,N/A,AUTO,,2.2393,0.0572,N/A,0,1500,VIDE,0.0,0.0,0.0,0.0,0.0,0.0,0,0,0.0,0.0,,,,,,,,,,,,
19,2026-04-23T08:21:40.185Z,S20260423_092137,N/A,AUTO,,2.3084,0.0691,N/A,0,1500,VIDE,0.0,0.0,0.0,0.0,0.0,0.0,0,0,0.0,0.0,,,,,,,,,,,,
20,2026-04-23T08:21:40.240Z,S20260423_092137,N/A,AUTO,,2.3638,0.0553,N/A,0,1500,VIDE,0.0,0.0,0.0,0.0,0.0,0.0,0,0,0.0,0.0,,,,,,,,,,,,
21,2026-04-23T08:21:40.304Z,S20260423_092137,N/A,AUTO,,2.4276,0.0638,N/A,0,1500,VIDE,0.0,0.0,0.0,0.0,0.0,0.0,0,0,0.0,0.0,,,,,,,,,,,,
22,2026-04-23T08:21:40.366Z,S20260423_092137,N/A,AUTO,,2.4894,0.0618,N/A,0,1500,VIDE,0.0,0.0,0.0,0.0,0.0,0.0,0,0,0.0,0.0,,,,,,,,,,,,
23,2026-04-23T08:21:40.431Z,S20260423_092137,N/A,AUTO,,2.5548,0.0654,N/A,0,1500,VIDE,0.0,0.0,0.0,0.0,0.0,0.0,0,0,0.0,0.0,,,,,,,,,,,,
24,2026-04-23T08:21:40.493Z,S20260423_092137,N/A,AUTO,,2.6167,0.062,N/A,0,1500,VIDE,0.0,0.0,0.0,0.0,0.0,0.0,0,0,0.0,0.0,,,,,,,,,,,,
25,2026-04-23T08:21:40.553Z,S20260423_092137,N/A,AUTO,,2.6766,0.0599,N/A,0,1500,VIDE,0.0,0.0,0.0,0.0,0.0,0.0,0,0,0.0,0.0,,,,,,,,,,,,
26,2026-04-23T08:21:40.617Z,S20260423_092137,N/A,AUTO,,2.741,0.0644,N/A,0,1500,VIDE,0.0,0.0,0.0,0.0,0.0,0.0,0,0,0.0,0.0,,,,,,,,,,,,
27,2026-04-23T08:21:40.678Z,S20260423_092137,N/A,AUTO,,2.8018,0.0608,N/A,0,1500,VIDE,0.0,0.0,0.0,0.0,0.0,0.0,0,0,0.0,0.0,,,,,,,,,,,,
28,2026-04-23T08:21:40.740Z,S20260423_092137,N/A,AUTO,,2.8637,0.0619,N/A,0,1500,VIDE,0.0,0.0,0.0,0.0,0.0,0.0,0,0,0.0,0.0,,,,,,,,,,,,
29,2026-04-23T08:21:40.804Z,S20260423_092137,N/A,AUTO,,2.9274,0.0636,N/A,0,1500,VIDE,0.0,0.0,0.0,0.0,0.0,0.0,0,0,0.0,0.0,,,,,,,,,,,,
30,2026-04-23T08:21:40.866Z,S20260423_092137,N/A,AUTO,,2.9894,0.0621,N/A,0,1500,VIDE,0.0,0.0,0.0,0.0,0.0,0.0,0,0,0.0,0.0,,,,,,,,,,,,
31,2026-04-23T08:21:40.929Z,S20260423_092137,N/A,AUTO,,3.0523,0.0629,N/A,0,1500,VIDE,0.0,0.0,0.0,0.0,0.0,0.0,0,0,0.0,0.0,,,,,,,,,,,,
32,2026-04-23T08:21:40.991Z,S20260423_092137,N/A,AUTO,,3.1144,0.0621,N/A,0,1500,VIDE,0.0,0.0,0.0,0.0,0.0,0.0,0,0,0.0,0.0,,,,,,,,,,,,
33,2026-04-23T08:21:41.052Z,S20260423_092137,N/A,AUTO,,3.1761,0.0617,N/A,0,1500,VIDE,0.0,0.0,0.0,0.0,0.0,0.0,0,0,0.0,0.0,,,,,,,,,,,,
34,2026-04-23T08:21:41.120Z,S20260423_092137,N/A,AUTO,,3.2434,0.0673,N/A,0,1500,VIDE,0.0,0.0,0.0,0.0,0.0,0.0,0,0,0.0,0.0,,,,,,,,,,,,
35,2026-04-23T08:21:41.178Z,S20260423_092137,N/A,AUTO,,3.3013,0.058,N/A,0,1500,VIDE,0.0,0.0,0.0,0.0,0.0,0.0,0,0,0.0,0.0,,,,,,,,,,,,
36,2026-04-23T08:21:41.242Z,S20260423_092137,N/A,AUTO,,3.3652,0.0638,N/A,0,1500,VIDE,0.0,0.0,0.0,0.0,0.0,0.0,0,0,0.0,0.0,,,,,,,,,,,,
37,2026-04-23T08:21:41.302Z,S20260423_092137,N/A,AUTO,,3.4258,0.0606,N/A,0,1500,VIDE,0.0,0.0,0.0,0.0,0.0,0.0,0,0,0.0,0.0,,,,,,,,,,,,
38,2026-04-23T08:21:41.368Z,S20260423_092137,N/A,AUTO,,3.4912,0.0654,N/A,0,1500,VIDE,0.0,0.0,0.0,0.0,0.0,0.0,0,0,0.0,0.0,,,,,,,,,,,,
39,2026-04-23T08:21:41.432Z,S20260423_092137,N/A,AUTO,,3.5554,0.0642,N/A,0,1500,VIDE,0.0,0.0,0.0,0.0,0.0,0.0,0,0,0.0,0.0,,,,,,,,,,,,
40,2026-04-23T08:21:41.498Z,S20260423_092137,N/A,AUTO,,3.6213,0.0659,N/A,0,1500,VIDE,0.0,0.0,0.0,0.0,0.0,0.0,0,0,0.0,0.0,,,,,,,,,,,,
41,2026-04-23T08:21:41.555Z,S20260423_092137,N/A,AUTO,,3.6785,0.0572,N/A,0,1500,VIDE,0.0,0.0,0.0,0.0,0.0,0.0,0,0,0.0,0.0,,,,,,,,,,,,
42,2026-04-23T08:21:41.621Z,S20260423_092137,N/A,AUTO,,3.7448,0.0663,N/A,0,1500,VIDE,0.0,0.0,0.0,0.0,0.0,0.0,0,0,0.0,0.0,,,,,,,,,,,,
43,2026-04-23T08:21:41.685Z,S20260423_092137,N/A,AUTO,,3.8087,0.0639,N/A,0,1500,VIDE,0.0,0.0,0.0,0.0,0.0,0.0,0,0,0.0,0.0,,,,,,,,,,,,
44,2026-04-23T08:21:41.748Z,S20260423_092137,N/A,AUTO,,3.872,0.0634,N/A,0,1500,VIDE,0.0,0.0,0.0,0.0,0.0,0.0,0,0,0.0,0.0,,,,,,,,,,,,
45,2026-04-23T08:21:41.804Z,S20260423_092137,N/A,AUTO,,3.9276,0.0556,N/A,0,1500,VIDE,0.0,0.0,0.0,0.0,0.0,0.0,0,0,0.0,0.0,,,,,,,,,,,,
46,2026-04-23T08:21:41.866Z,S20260423_092137,N/A,AUTO,,3.9894,0.0618,N/A,0,1500,VIDE,0.0,0.0,0.0,0.0,0.0,0.0,0,0,0.0,0.0,,,,,,,,,,,,
47,2026-04-23T08:21:41.928Z,S20260423_092137,N/A,AUTO,,4.0521,0.0628,N/A,0,1500,VIDE,0.0,0.0,0.0,0.0,0.0,0.0,0,0,0.0,0.0,,,,,,,,,,,,
48,2026-04-23T08:21:41.993Z,S20260423_092137,N/A,AUTO,,4.117,0.0649,N/A,0,1500,VIDE,0.0,0.0,0.0,0.0,0.0,0.0,0,0,0.0,0.0,,,,,,,,,,,,
49,2026-04-23T08:21:42.053Z,S20260423_092137,N/A,AUTO,,4.1764,0.0593,N/A,0,1500,VIDE,0.0,0.0,0.0,0.0,0.0,0.0,0,0,0.0,0.0,,,,,,,,,,,,
50,2026-04-23T08:21:42.122Z,S20260423_092137,N/A,AUTO,,4.2456,0.0692,N/A,0,1500,VIDE,0.0,0.0,0.0,0.0,0.0,0.0,0,0,0.0,0.0,,,,,,,,,,,,
51,2026-04-23T08:21:42.180Z,S20260423_092137,N/A,AUTO,,4.3041,0.0585,N/A,0,1500,VIDE,0.0,0.0,0.0,0.0,0.0,0.0,0,0,0.0,0.0,,,,,,,,,,,,
52,2026-04-23T08:21:42.244Z,S20260423_092137,N/A,AUTO,,4.3679,0.0638,N/A,0,1500,VIDE,0.0,0.0,0.0,0.0,0.0,0.0,0,0,0.0,0.0,,,,,,,,,,,,
53,2026-04-23T08:21:42.304Z,S20260423_092137,N/A,AUTO,,4.4273,0.0594,N/A,0,1500,VIDE,0.0,0.0,0.0,0.0,0.0,0.0,0,0,0.0,0.0,,,,,,,,,,,,
54,2026-04-23T08:21:42.368Z,S20260423_092137,N/A,AUTO,,4.492,0.0646,N/A,0,1500,VIDE,0.0,0.0,0.0,0.0,0.0,0.0,0,0,0.0,0.0,,,,,,,,,,,,
55,2026-04-23T08:21:42.432Z,S20260423_092137,N/A,AUTO,,4.5555,0.0635,N/A,0,1500,VIDE,0.0,0.0,0.0,0.0,0.0,0.0,0,0,0.0,0.0,,,,,,,,,,,,
56,2026-04-23T08:21:42.494Z,S20260423_092137,N/A,AUTO,,4.6179,0.0624,N/A,0,1500,VIDE,0.0,0.0,0.0,0.0,0.0,0.0,0,0,0.0,0.0,,,,,,,,,,,,
57,2026-04-23T08:21:42.554Z,S20260423_092137,N/A,AUTO,,4.6773,0.0594,N/A,0,1500,VIDE,0.0,0.0,0.0,0.0,0.0,0.0,0,0,0.0,0.0,,,,,,,,,,,,
58,2026-04-23T08:21:42.616Z,S20260423_092137,N/A,AUTO,,4.7392,0.0619,N/A,0,1500,VIDE,0.0,0.0,0.0,0.0,0.0,0.0,0,0,0.0,0.0,,,,,,,,,,,,
59,2026-04-23T08:21:42.680Z,S20260423_092137,N/A,AUTO,,4.8031,0.0639,N/A,0,1500,VIDE,0.0,0.0,0.0,0.0,0.0,0.0,0,0,0.0,0.0,,,,,,,,,,,,
60,2026-04-23T08:21:42.743Z,S20260423_092137,N/A,AUTO,,4.8669,0.0638,N/A,0,1500,VIDE,0.0,0.0,0.0,0.0,0.0,0.0,0,0,0.0,0.0,,,,,,,,,,,,
61,2026-04-23T08:21:42.802Z,S20260423_092137,N/A,AUTO,,4.926,0.0591,N/A,0,1500,VIDE,0.0,0.0,0.0,0.0,0.0,0.0,0,0,0.0,0.0,,,,,,,,,,,,
62,2026-04-23T08:21:42.868Z,S20260423_092137,N/A,AUTO,,4.9913,0.0652,N/A,0,1500,VIDE,0.0,0.0,0.0,0.0,0.0,0.0,0,0,0.0,0.0,,,,,,,,,,,,
63,2026-04-23T08:21:42.930Z,S20260423_092137,N/A,AUTO,,5.0541,0.0628,N/A,0,1500,VIDE,0.0,0.0,0.0,0.0,0.0,0.0,0,0,0.0,0.0,,,,,,,,,,,,
64,2026-04-23T08:21:42.992Z,S20260423_092137,N/A,AUTO,,5.1161,0.062,N/A,0,1500,VIDE,0.0,0.0,0.0,0.0,0.0,0.0,0,0,0.0,0.0,,,,,,,,,,,,
65,2026-04-23T08:21:43.150Z,S20260423_092137,N/A,AUTO,,5.2733,0.1571,N/A,0,1500,VIDE,0.0,0.0,0.0,0.0,0.0,0.0,0,0,0.0,0.0,,,,,,,,,,,,
66,2026-04-23T08:21:43.184Z,S20260423_092137,N/A,AUTO,,5.3073,0.0341,N/A,0,1500,VIDE,0.0,0.0,0.0,0.0,0.0,0.0,0,0,0.0,0.0,,,,,,,,,,,,
67,2026-04-23T08:21:43.245Z,S20260423_092137,N/A,AUTO,,5.3686,0.0613,N/A,0,1500,VIDE,0.0,0.0,0.0,0.0,0.0,0.0,0,0,0.0,0.0,,,,,,,,,,,,
68,2026-04-23T08:21:43.304Z,S20260423_092137,N/A,AUTO,,5.428,0.0594,N/A,0,1500,VIDE,0.0,0.0,0.0,0.0,0.0,0.0,0,0,0.0,0.0,,,,,,,,,,,,
69,2026-04-23T08:21:43.367Z,S20260423_092137,N/A,AUTO,,5.4909,0.0629,N/A,0,1500,VIDE,0.0,0.0,0.0,0.0,0.0,0.0,0,0,0.0,0.0,,,,,,,,,,,,
70,2026-04-23T08:21:43.432Z,S20260423_092137,N/A,AUTO,,5.5553,0.0644,N/A,0,1500,VIDE,0.0,0.0,0.0,0.0,0.0,0.0,0,0,0.0,0.0,,,,,,,,,,,,
71,2026-04-23T08:21:43.498Z,S20260423_092137,N/A,AUTO,,5.6221,0.0668,N/A,0,1500,VIDE,0.0,0.0,0.0,0.0,0.0,0.0,0,0,0.0,0.0,,,,,,,,,,,,
72,2026-04-23T08:21:43.554Z,S20260423_092137,N/A,AUTO,,5.6772,0.0551,N/A,0,1500,VIDE,0.0,0.0,0.0,0.0,0.0,0.0,0,0,0.0,0.0,,,,,,,,,,,,
73,2026-04-23T08:21:43.619Z,S20260423_092137,N/A,AUTO,,5.7426,0.0654,N/A,0,1500,VIDE,0.0,0.0,0.0,0.0,0.0,0.0,0,0,0.0,0.0,,,,,,,,,,,,
74,2026-04-23T08:21:43.683Z,S20260423_092137,N/A,AUTO,,5.8063,0.0637,N/A,0,1500,VIDE,0.0,0.0,0.0,0.0,0.0,0.0,0,0,0.0,0.0,,,,,,,,,,,,
75,2026-04-23T08:21:43.744Z,S20260423_092137,N/A,AUTO,,5.8673,0.061,N/A,0,1500,VIDE,0.0,0.0,0.0,0.0,0.0,0.0,0,0,0.0,0.0,,,,,,,,,,,,
76,2026-04-23T08:21:43.803Z,S20260423_092137,N/A,AUTO,,5.9267,0.0594,N/A,0,1500,VIDE,0.0,0.0,0.0,0.0,0.0,0.0,0,0,0.0,0.0,,,,,,,,,,,,
77,2026-04-23T08:21:43.871Z,S20260423_092137,N/A,AUTO,,5.9945,0.0678,N/A,0,1500,VIDE,0.0,0.0,0.0,0.0,0.0,0.0,0,0,0.0,0.0,,,,,,,,,,,,
78,2026-04-23T08:21:43.934Z,S20260423_092137,N/A,AUTO,,6.058,0.0635,N/A,0,1500,VIDE,0.0,0.0,0.0,0.0,0.0,0.0,0,0,0.0,0.0,,,,,,,,,,,,
79,2026-04-23T08:21:43.991Z,S20260423_092137,N/A,AUTO,,6.1151,0.0571,N/A,0,1500,VIDE,0.0,0.0,0.0,0.0,0.0,0.0,0,0,0.0,0.0,,,,,,,,,,,,
80,2026-04-23T08:21:44.055Z,S20260423_092137,N/A,AUTO,,6.179,0.0639,N/A,0,1500,VIDE,0.0,0.0,0.0,0.0,0.0,0.0,0,0,0.0,0.0,,,,,,,,,,,,
81,2026-04-23T08:21:44.119Z,S20260423_092137,N/A,AUTO,,6.2426,0.0636,N/A,0,1500,VIDE,0.0,0.0,0.0,0.0,0.0,0.0,0,0,0.0,0.0,,,,,,,,,,,,
82,2026-04-23T08:21:44.181Z,S20260423_092137,N/A,AUTO,,6.3047,0.0622,N/A,0,1500,VIDE,0.0,0.0,0.0,0.0,0.0,0.0,0,0,0.0,0.0,,,,,,,,,,,,
83,2026-04-23T08:21:44.243Z,S20260423_092137,N/A,AUTO,,6.367,0.0623,N/A,0,1500,VIDE,0.0,0.0,0.0,0.0,0.0,0.0,0,0,0.0,0.0,,,,,,,,,,,,
84,2026-04-23T08:21:44.303Z,S20260423_092137,N/A,AUTO,,6.4269,0.0599,N/A,0,1500,VIDE,0.0,0.0,0.0,0.0,0.0,0.0,0,0,0.0,0.0,,,,,,,,,,,,
85,2026-04-23T08:21:44.369Z,S20260423_092137,N/A,AUTO,,6.4931,0.0662,N/A,0,1500,VIDE,0.0,0.0,0.0,0.0,0.0,0.0,0,0,0.0,0.0,,,,,,,,,,,,
86,2026-04-23T08:21:44.432Z,S20260423_092137,N/A,AUTO,,6.5561,0.063,N/A,0,1500,VIDE,0.0,0.0,0.0,0.0,0.0,0.0,0,0,0.0,0.0,,,,,,,,,,,,
87,2026-04-23T08:21:44.493Z,S20260423_092137,N/A,AUTO,,6.6171,0.061,N/A,0,1500,VIDE,0.0,0.0,0.0,0.0,0.0,0.0,0,0,0.0,0.0,,,,,,,,,,,,
88,2026-04-23T08:21:44.553Z,S20260423_092137,N/A,AUTO,,6.6771,0.06,N/A,0,1500,VIDE,0.0,0.0,0.0,0.0,0.0,0.0,0,0,0.0,0.0,,,,,,,,,,,,
89,2026-04-23T08:21:44.618Z,S20260423_092137,N/A,AUTO,,6.7412,0.0641,N/A,0,1500,VIDE,0.0,0.0,0.0,0.0,0.0,0.0,0,0,0.0,0.0,,,,,,,,,,,,
90,2026-04-23T08:21:44.680Z,S20260423_092137,N/A,AUTO,,6.8034,0.0622,N/A,0,1500,VIDE,0.0,0.0,0.0,0.0,0.0,0.0,0,0,0.0,0.0,,,,,,,,,,,,
91,2026-04-23T08:21:44.742Z,S20260423_092137,N/A,AUTO,,6.8657,0.0623,N/A,0,1500,VIDE,0.0,0.0,0.0,0.0,0.0,0.0,0,0,0.0,0.0,,,,,,,,,,,,
92,2026-04-23T08:21:44.803Z,S20260423_092137,N/A,AUTO,,6.9271,0.0614,N/A,0,1500,VIDE,0.0,0.0,0.0,0.0,0.0,0.0,0,0,0.0,0.0,,,,,,,,,,,,
93,2026-04-23T08:21:44.868Z,S20260423_092137,N/A,AUTO,,6.9914,0.0643,N/A,0,1500,VIDE,0.0,0.0,0.0,0.0,0.0,0.0,0,0,0.0,0.0,,,,,,,,,,,,
94,2026-04-23T08:21:44.930Z,S20260423_092137,N/A,AUTO,,7.054,0.0626,N/A,0,1500,VIDE,0.0,0.0,0.0,0.0,0.0,0.0,0,0,0.0,0.0,,,,,,,,,,,,
95,2026-04-23T08:21:44.991Z,S20260423_092137,N/A,AUTO,,7.1146,0.0605,N/A,0,1500,VIDE,0.0,0.0,0.0,0.0,0.0,0.0,0,0,0.0,0.0,,,,,,,,,,,,
96,2026-04-23T08:21:45.053Z,S20260423_092137,N/A,AUTO,,7.177,0.0624,N/A,0,1500,VIDE,0.0,0.0,0.0,0.0,0.0,0.0,0,0,0.0,0.0,,,,,,,,,,,,
97,2026-04-23T08:21:45.116Z,S20260423_092137,N/A,AUTO,,7.2392,0.0622,N/A,0,1500,VIDE,0.0,0.0,0.0,0.0,0.0,0.0,0,0,0.0,0.0,,,,,,,,,,,,
98,2026-04-23T08:21:45.180Z,S20260423_092137,N/A,AUTO,,7.3033,0.0641,N/A,0,1500,VIDE,0.0,0.0,0.0,0.0,0.0,0.0,0,0,0.0,0.0,,,,,,,,,,,,
99,2026-04-23T08:21:45.242Z,S20260423_092137,N/A,AUTO,,7.3655,0.0622,N/A,0,1500,VIDE,0.0,0.0,0.0,0.0,0.0,0.0,0,0,0.0,0.0,,,,,,,,,,,,
100,2026-04-23T08:21:45.304Z,S20260423_092137,N/A,AUTO,,7.4273,0.0618,N/A,0,1500,VIDE,0.0,0.0,0.0,0.0,0.0,0.0,0,0,0.0,0.0,,,,,,,,,,,,
101,2026-04-23T08:21:45.366Z,S20260423_092137,N/A,AUTO,,7.4892,0.0619,N/A,0,1500,VIDE,0.0,0.0,0.0,0.0,0.0,0.0,0,0,0.0,0.0,,,,,,,,,,,,
102,2026-04-23T08:21:45.429Z,S20260423_092137,N/A,AUTO,,7.5528,0.0636,N/A,0,1500,VIDE,0.0,0.0,0.0,0.0,0.0,0.0,0,0,0.0,0.0,,,,,,,,,,,,
103,2026-04-23T08:21:45.492Z,S20260423_092137,N/A,AUTO,,7.616,0.0632,N/A,0,1500,VIDE,0.0,0.0,0.0,0.0,0.0,0.0,0,0,0.0,0.0,,,,,,,,,,,,
104,2026-04-23T08:21:45.553Z,S20260423_092137,N/A,AUTO,,7.6763,0.0603,N/A,0,1500,VIDE,0.0,0.0,0.0,0.0,0.0,0.0,0,0,0.0,0.0,,,,,,,,,,,,
105,2026-04-23T08:21:45.616Z,S20260423_092137,N/A,AUTO,,7.74,0.0637,N/A,0,1500,VIDE,0.0,0.0,0.0,0.0,0.0,0.0,0,0,0.0,0.0,,,,,,,,,,,,
106,2026-04-23T08:21:45.679Z,S20260423_092137,N/A,AUTO,,7.8026,0.0626,N/A,0,1500,VIDE,0.0,0.0,0.0,0.0,0.0,0.0,0,0,0.0,0.0,,,,,,,,,,,,
107,2026-04-23T08:21:45.743Z,S20260423_092137,N/A,AUTO,,7.8662,0.0636,N/A,0,1500,VIDE,0.0,0.0,0.0,0.0,0.0,0.0,0,0,0.0,0.0,,,,,,,,,,,,
108,2026-04-23T08:21:45.802Z,S20260423_092137,N/A,AUTO,,7.9261,0.0599,N/A,0,1500,VIDE,0.0,0.0,0.0,0.0,0.0,0.0,0,0,0.0,0.0,,,,,,,,,,,,
109,2026-04-23T08:21:45.866Z,S20260423_092137,N/A,AUTO,,7.9892,0.0631,N/A,0,1500,VIDE,0.0,0.0,0.0,0.0,0.0,0.0,0,0,0.0,0.0,,,,,,,,,,,,
110,2026-04-23T08:21:45.929Z,S20260423_092137,N/A,AUTO,,8.0527,0.0635,N/A,0,1500,VIDE,0.0,0.0,0.0,0.0,0.0,0.0,0,0,0.0,0.0,,,,,,,,,,,,
111,2026-04-23T08:21:45.990Z,S20260423_092137,N/A,AUTO,,8.1137,0.0609,N/A,0,1500,VIDE,0.0,0.0,0.0,0.0,0.0,0.0,0,0,0.0,0.0,,,,,,,,,,,,
112,2026-04-23T08:21:46.053Z,S20260423_092137,N/A,AUTO,,8.1769,0.0633,N/A,0,1500,VIDE,0.0,0.0,0.0,0.0,0.0,0.0,0,0,0.0,0.0,,,,,,,,,,,,
113,2026-04-23T08:21:46.115Z,S20260423_092137,N/A,AUTO,,8.239,0.0621,N/A,0,1500,VIDE,0.0,0.0,0.0,0.0,0.0,0.0,0,0,0.0,0.0,,,,,,,,,,,,
114,2026-04-23T08:21:46.177Z,S20260423_092137,N/A,AUTO,,8.3009,0.0618,N/A,0,1500,VIDE,0.0,0.0,0.0,0.0,0.0,0.0,0,0,0.0,0.0,,,,,,,,,,,,
115,2026-04-23T08:21:46.243Z,S20260423_092137,N/A,AUTO,,8.367,0.0662,N/A,0,1500,VIDE,0.0,0.0,0.0,0.0,0.0,0.0,0,0,0.0,0.0,,,,,,,,,,,,
116,2026-04-23T08:21:46.302Z,S20260423_092137,N/A,AUTO,,8.4261,0.059,N/A,0,1500,VIDE,0.0,0.0,0.0,0.0,0.0,0.0,0,0,0.0,0.0,,,,,,,,,,,,
117,2026-04-23T08:21:46.371Z,S20260423_092137,N/A,AUTO,,8.4944,0.0684,N/A,0,1500,VIDE,0.0,0.0,0.0,0.0,0.0,0.0,0,0,0.0,0.0,,,,,,,,,,,,
118,2026-04-23T08:21:46.436Z,S20260423_092137,N/A,AUTO,,8.5597,0.0653,N/A,0,1500,VIDE,0.0,0.0,0.0,0.0,0.0,0.0,0,0,0.0,0.0,,,,,,,,,,,,
119,2026-04-23T08:21:46.502Z,S20260423_092137,N/A,AUTO,,8.626,0.0663,N/A,0,1500,VIDE,0.0,0.0,0.0,0.0,0.0,0.0,0,0,0.0,0.0,,,,,,,,,,,,
120,2026-04-23T08:21:46.552Z,S20260423_092137,N/A,AUTO,,8.676,0.05,N/A,0,1500,VIDE,0.0,0.0,0.0,0.0,0.0,0.0,0,0,0.0,0.0,,,,,,,,,,,,
121,2026-04-23T08:21:46.618Z,S20260423_092137,N/A,AUTO,,8.7413,0.0653,N/A,0,1500,VIDE,0.0,0.0,0.0,0.0,0.0,0.0,0,0,0.0,0.0,,,,,,,,,,,,
122,2026-04-23T08:21:46.685Z,S20260423_092137,N/A,AUTO,,8.8083,0.0671,N/A,0,1500,VIDE,0.0,0.0,0.0,0.0,0.0,0.0,0,0,0.0,0.0,,,,,,,,,,,,
123,2026-04-23T08:21:46.744Z,S20260423_092137,N/A,AUTO,,8.8673,0.0589,N/A,0,1500,VIDE,0.0,0.0,0.0,0.0,0.0,0.0,0,0,0.0,0.0,,,,,,,,,,,,
124,2026-04-23T08:21:46.802Z,S20260423_092137,N/A,AUTO,,8.9261,0.0588,N/A,0,1500,VIDE,0.0,0.0,0.0,0.0,0.0,0.0,0,0,0.0,0.0,,,,,,,,,,,,
125,2026-04-23T08:21:46.865Z,S20260423_092137,N/A,AUTO,,8.9884,0.0623,N/A,0,1500,VIDE,0.0,0.0,0.0,0.0,0.0,0.0,0,0,0.0,0.0,,,,,,,,,,,,
126,2026-04-23T08:21:46.936Z,S20260423_092137,N/A,AUTO,,9.0598,0.0714,N/A,0,1500,VIDE,0.0,0.0,0.0,0.0,0.0,0.0,0,0,0.0,0.0,,,,,,,,,,,,
127,2026-04-23T08:21:46.996Z,S20260423_092137,N/A,AUTO,,9.12,0.0602,N/A,0,1500,VIDE,0.0,0.0,0.0,0.0,0.0,0.0,0,0,0.0,0.0,,,,,,,,,,,,
128,2026-04-23T08:21:47.053Z,S20260423_092137,N/A,AUTO,,9.177,0.057,N/A,0,1500,VIDE,0.0,0.0,0.0,0.0,0.0,0.0,0,0,0.0,0.0,,,,,,,,,,,,
129,2026-04-23T08:21:47.120Z,S20260423_092137,N/A,AUTO,,9.2435,0.0666,N/A,0,1500,VIDE,0.0,0.0,0.0,0.0,0.0,0.0,0,0,0.0,0.0,,,,,,,,,,,,
130,2026-04-23T08:21:47.183Z,S20260423_092137,N/A,AUTO,,9.3072,0.0636,N/A,0,1500,VIDE,0.0,0.0,0.0,0.0,0.0,0.0,0,0,0.0,0.0,,,,,,,,,,,,
131,2026-04-23T08:21:47.244Z,S20260423_092137,N/A,AUTO,,9.3672,0.0601,N/A,0,1500,VIDE,0.0,0.0,0.0,0.0,0.0,0.0,0,0,0.0,0.0,,,,,,,,,,,,
132,2026-04-23T08:21:47.302Z,S20260423_092137,N/A,AUTO,,9.4261,0.0589,N/A,0,1500,VIDE,0.0,0.0,0.0,0.0,0.0,0.0,0,0,0.0,0.0,,,,,,,,,,,,
133,2026-04-23T08:21:47.370Z,S20260423_092137,N/A,AUTO,,9.4939,0.0677,N/A,0,1500,VIDE,0.0,0.0,0.0,0.0,0.0,0.0,0,0,0.0,0.0,,,,,,,,,,,,
134,2026-04-23T08:21:47.435Z,S20260423_092137,N/A,AUTO,,9.5584,0.0645,N/A,0,1500,VIDE,0.0,0.0,0.0,0.0,0.0,0.0,0,0,0.0,0.0,,,,,,,,,,,,
135,2026-04-23T08:21:47.497Z,S20260423_092137,N/A,AUTO,,9.621,0.0626,N/A,0,1500,VIDE,0.0,0.0,0.0,0.0,0.0,0.0,0,0,0.0,0.0,,,,,,,,,,,,
136,2026-04-23T08:21:47.553Z,S20260423_092137,N/A,AUTO,,9.6763,0.0554,N/A,0,1500,VIDE,0.0,0.0,0.0,0.0,0.0,0.0,0,0,0.0,0.0,,,,,,,,,,,,
137,2026-04-23T08:21:47.620Z,S20260423_092137,N/A,AUTO,,9.7433,0.067,N/A,0,1500,VIDE,0.0,0.0,0.0,0.0,0.0,0.0,0,0,0.0,0.0,,,,,,,,,,,,
138,2026-04-23T08:21:47.684Z,S20260423_092137,N/A,AUTO,,9.8071,0.0639,N/A,0,1500,VIDE,0.0,0.0,0.0,0.0,0.0,0.0,0,0,0.0,0.0,,,,,,,,,,,,
139,2026-04-23T08:21:47.744Z,S20260423_092137,N/A,AUTO,,9.8679,0.0607,N/A,0,1500,VIDE,0.0,0.0,0.0,0.0,0.0,0.0,0,0,0.0,0.0,,,,,,,,,,,,
140,2026-04-23T08:21:47.804Z,S20260423_092137,N/A,AUTO,,9.9279,0.0601,N/A,0,1500,VIDE,0.0,0.0,0.0,0.0,0.0,0.0,0,0,0.0,0.0,,,,,,,,,,,,
141,2026-04-23T08:21:47.869Z,S20260423_092137,N/A,AUTO,,9.9925,0.0646,N/A,0,1500,VIDE,0.0,0.0,0.0,0.0,0.0,0.0,0,0,0.0,0.0,,,,,,,,,,,,
142,2026-04-23T08:21:47.934Z,S20260423_092137,N/A,AUTO,,10.0576,0.0651,N/A,0,1500,VIDE,0.0,0.0,0.0,0.0,0.0,0.0,0,0,0.0,0.0,,,,,,,,,,,,
143,2026-04-23T08:21:47.996Z,S20260423_092137,N/A,AUTO,,10.1193,0.0617,N/A,0,1500,VIDE,0.0,0.0,0.0,0.0,0.0,0.0,0,0,0.0,0.0,,,,,,,,,,,,
144,2026-04-23T08:21:48.053Z,S20260423_092137,N/A,AUTO,,10.1771,0.0578,N/A,0,1500,VIDE,0.0,0.0,0.0,0.0,0.0,0.0,0,0,0.0,0.0,,,,,,,,,,,,
145,2026-04-23T08:21:48.118Z,S20260423_092137,N/A,AUTO,,10.2417,0.0646,N/A,0,1500,VIDE,0.0,0.0,0.0,0.0,0.0,0.0,0,0,0.0,0.0,,,,,,,,,,,,
146,2026-04-23T08:21:48.184Z,S20260423_092137,N/A,AUTO,,10.3072,0.0655,N/A,0,1500,VIDE,0.0,0.0,0.0,0.0,0.0,0.0,0,0,0.0,0.0,,,,,,,,,,,,
147,2026-04-23T08:21:48.243Z,S20260423_092137,N/A,AUTO,,10.3671,0.0599,N/A,0,1500,VIDE,0.0,0.0,0.0,0.0,0.0,0.0,0,0,0.0,0.0,,,,,,,,,,,,
148,2026-04-23T08:21:48.303Z,S20260423_092137,N/A,AUTO,,10.4271,0.06,N/A,0,1500,VIDE,0.0,0.0,0.0,0.0,0.0,0.0,0,0,0.0,0.0,,,,,,,,,,,,
149,2026-04-23T08:21:48.370Z,S20260423_092137,N/A,AUTO,,10.4933,0.0662,N/A,0,1500,VIDE,0.0,0.0,0.0,0.0,0.0,0.0,0,0,0.0,0.0,,,,,,,,,,,,
150,2026-04-23T08:21:48.431Z,S20260423_092137,N/A,AUTO,,10.5542,0.0609,N/A,0,1500,VIDE,0.0,0.0,0.0,0.0,0.0,0.0,0,0,0.0,0.0,,,,,,,,,,,,
151,2026-04-23T08:21:48.494Z,S20260423_092137,N/A,AUTO,,10.6173,0.0631,N/A,0,1500,VIDE,0.0,0.0,0.0,0.0,0.0,0.0,0,0,0.0,0.0,,,,,,,,,,,,
152,2026-04-23T08:21:48.553Z,S20260423_092137,N/A,AUTO,,10.6764,0.0591,N/A,0,1500,VIDE,0.0,0.0,0.0,0.0,0.0,0.0,0,0,0.0,0.0,,,,,,,,,,,,
153,2026-04-23T08:21:48.619Z,S20260423_092137,N/A,AUTO,,10.7423,0.0659,N/A,0,1500,VIDE,0.0,0.0,0.0,0.0,0.0,0.0,0,0,0.0,0.0,,,,,,,,,,,,
154,2026-04-23T08:21:48.681Z,S20260423_092137,N/A,AUTO,,10.8047,0.0623,N/A,0,1500,VIDE,0.0,0.0,0.0,0.0,0.0,0.0,0,0,0.0,0.0,,,,,,,,,,,,
155,2026-04-23T08:21:48.743Z,S20260423_092137,N/A,AUTO,,10.8671,0.0624,N/A,0,1500,VIDE,0.0,0.0,0.0,0.0,0.0,0.0,0,0,0.0,0.0,,,,,,,,,,,,
156,2026-04-23T08:21:48.804Z,S20260423_092137,N/A,AUTO,,10.9281,0.0611,N/A,0,1500,VIDE,0.0,0.0,0.0,0.0,0.0,0.0,0,0,0.0,0.0,,,,,,,,,,,,
157,2026-04-23T08:21:48.867Z,S20260423_092137,N/A,AUTO,,10.9905,0.0624,N/A,0,1500,VIDE,0.0,0.0,0.0,0.0,0.0,0.0,0,0,0.0,0.0,,,,,,,,,,,,
158,2026-04-23T08:21:48.930Z,S20260423_092137,N/A,AUTO,,11.0535,0.063,N/A,0,1500,VIDE,0.0,0.0,0.0,0.0,0.0,0.0,0,0,0.0,0.0,,,,,,,,,,,,
159,2026-04-23T08:21:48.992Z,S20260423_092137,N/A,AUTO,,11.1156,0.0621,N/A,0,1500,VIDE,0.0,0.0,0.0,0.0,0.0,0.0,0,0,0.0,0.0,,,,,,,,,,,,
160,2026-04-23T08:21:49.055Z,S20260423_092137,N/A,AUTO,,11.1783,0.0626,N/A,0,1500,VIDE,0.0,0.0,0.0,0.0,0.0,0.0,0,0,0.0,0.0,,,,,,,,,,,,
161,2026-04-23T08:21:49.116Z,S20260423_092137,N/A,AUTO,,11.2392,0.061,N/A,0,1500,VIDE,0.0,0.0,0.0,0.0,0.0,0.0,0,0,0.0,0.0,,,,,,,,,,,,
162,2026-04-23T08:21:49.179Z,S20260423_092137,N/A,AUTO,,11.3025,0.0632,N/A,0,1500,VIDE,0.0,0.0,0.0,0.0,0.0,0.0,0,0,0.0,0.0,,,,,,,,,,,,
163,2026-04-23T08:21:49.242Z,S20260423_092137,N/A,AUTO,,11.3652,0.0628,N/A,0,1500,VIDE,0.0,0.0,0.0,0.0,0.0,0.0,0,0,0.0,0.0,,,,,,,,,,,,
164,2026-04-23T08:21:49.304Z,S20260423_092137,N/A,AUTO,,11.4273,0.062,N/A,0,1500,VIDE,0.0,0.0,0.0,0.0,0.0,0.0,0,0,0.0,0.0,,,,,,,,,,,,
165,2026-04-23T08:21:49.369Z,S20260423_092137,N/A,AUTO,,11.4923,0.065,N/A,0,1500,VIDE,0.0,0.0,0.0,0.0,0.0,0.0,0,0,0.0,0.0,,,,,,,,,,,,
166,2026-04-23T08:21:49.427Z,S20260423_092137,N/A,AUTO,,11.5511,0.0588,N/A,0,1500,VIDE,0.0,0.0,0.0,0.0,0.0,0.0,0,0,0.0,0.0,,,,,,,,,,,,
167,2026-04-23T08:21:49.490Z,S20260423_092137,N/A,AUTO,,11.6133,0.0622,N/A,0,1500,VIDE,0.0,0.0,0.0,0.0,0.0,0.0,0,0,0.0,0.0,,,,,,,,,,,,
168,2026-04-23T08:21:49.554Z,S20260423_092137,N/A,AUTO,,11.6773,0.0639,N/A,0,1500,VIDE,0.0,0.0,0.0,0.0,0.0,0.0,0,0,0.0,0.0,,,,,,,,,,,,
169,2026-04-23T08:21:49.615Z,S20260423_092137,N/A,AUTO,,11.7388,0.0615,N/A,0,1500,VIDE,0.0,0.0,0.0,0.0,0.0,0.0,0,0,0.0,0.0,,,,,,,,,,,,
170,2026-04-23T08:21:49.684Z,S20260423_092137,N/A,AUTO,,11.8076,0.0688,N/A,0,1500,VIDE,0.0,0.0,0.0,0.0,0.0,0.0,0,0,0.0,0.0,,,,,,,,,,,,
171,2026-04-23T08:21:49.744Z,S20260423_092137,N/A,AUTO,,11.868,0.0605,N/A,0,1500,VIDE,0.0,0.0,0.0,0.0,0.0,0.0,0,0,0.0,0.0,,,,,,,,,,,,
172,2026-04-23T08:21:49.803Z,S20260423_092137,N/A,AUTO,,11.9271,0.0591,N/A,0,1500,VIDE,0.0,0.0,0.0,0.0,0.0,0.0,0,0,0.0,0.0,,,,,,,,,,,,
173,2026-04-23T08:21:49.870Z,S20260423_092137,N/A,AUTO,,11.9936,0.0665,N/A,0,1500,VIDE,0.0,0.0,0.0,0.0,0.0,0.0,0,0,0.0,0.0,,,,,,,,,,,,
174,2026-04-23T08:21:49.937Z,S20260423_092137,N/A,AUTO,,12.0608,0.0672,N/A,0,1500,VIDE,0.0,0.0,0.0,0.0,0.0,0.0,0,0,0.0,0.0,,,,,,,,,,,,
175,2026-04-23T08:21:50.000Z,S20260423_092137,N/A,AUTO,,12.1239,0.0631,N/A,0,1500,VIDE,0.0,0.0,0.0,0.0,0.0,0.0,0,0,0.0,0.0,,,,,,,,,,,,
176,2026-04-23T08:21:50.054Z,S20260423_092137,N/A,AUTO,,12.1774,0.0535,N/A,0,1500,VIDE,0.0,0.0,0.0,0.0,0.0,0.0,0,0,0.0,0.0,,,,,,,,,,,,
177,2026-04-23T08:21:50.119Z,S20260423_092137,N/A,AUTO,,12.2426,0.0653,N/A,0,1500,VIDE,0.0,0.0,0.0,0.0,0.0,0.0,0,0,0.0,0.0,,,,,,,,,,,,
178,2026-04-23T08:21:50.184Z,S20260423_092137,N/A,AUTO,,12.3081,0.0655,N/A,0,1500,VIDE,0.0,0.0,0.0,0.0,0.0,0.0,0,0,0.0,0.0,,,,,,,,,,,,
179,2026-04-23T08:21:50.244Z,S20260423_092137,N/A,AUTO,,12.3674,0.0593,N/A,0,1500,VIDE,0.0,0.0,0.0,0.0,0.0,0.0,0,0,0.0,0.0,,,,,,,,,,,,
180,2026-04-23T08:21:50.304Z,S20260423_092137,N/A,AUTO,,12.4277,0.0603,N/A,0,1500,VIDE,0.0,0.0,0.0,0.0,0.0,0.0,0,0,0.0,0.0,,,,,,,,,,,,
181,2026-04-23T08:21:50.370Z,S20260423_092137,N/A,AUTO,,12.4932,0.0655,N/A,0,1500,VIDE,0.0,0.0,0.0,0.0,0.0,0.0,0,0,0.0,0.0,,,,,,,,,,,,
182,2026-04-23T08:21:50.435Z,S20260423_092137,N/A,AUTO,,12.5591,0.0659,N/A,0,1500,VIDE,0.0,0.0,0.0,0.0,0.0,0.0,0,0,0.0,0.0,,,,,,,,,,,,
183,2026-04-23T08:21:50.498Z,S20260423_092137,N/A,AUTO,,12.6214,0.0623,N/A,0,1500,VIDE,0.0,0.0,0.0,0.0,0.0,0.0,0,0,0.0,0.0,,,,,,,,,,,,
184,2026-04-23T08:21:50.553Z,S20260423_092137,N/A,AUTO,,12.6767,0.0553,N/A,0,1500,VIDE,0.0,0.0,0.0,0.0,0.0,0.0,0,0,0.0,0.0,,,,,,,,,,,,
185,2026-04-23T08:21:50.620Z,S20260423_092137,N/A,AUTO,,12.7435,0.0668,N/A,0,1500,VIDE,0.0,0.0,0.0,0.0,0.0,0.0,0,0,0.0,0.0,,,,,,,,,,,,
186,2026-04-23T08:21:50.683Z,S20260423_092137,N/A,AUTO,,12.8062,0.0628,N/A,0,1500,VIDE,0.0,0.0,0.0,0.0,0.0,0.0,0,0,0.0,0.0,,,,,,,,,,,,
187,2026-04-23T08:21:50.744Z,S20260423_092137,N/A,AUTO,,12.8673,0.0611,N/A,0,1500,VIDE,0.0,0.0,0.0,0.0,0.0,0.0,0,0,0.0,0.0,,,,,,,,,,,,
188,2026-04-23T08:21:50.804Z,S20260423_092137,N/A,AUTO,,12.9272,0.0599,N/A,0,1500,VIDE,0.0,0.0,0.0,0.0,0.0,0.0,0,0,0.0,0.0,,,,,,,,,,,,
189,2026-04-23T08:21:50.867Z,S20260423_092137,N/A,AUTO,,12.991,0.0637,N/A,0,1500,VIDE,0.0,0.0,0.0,0.0,0.0,0.0,0,0,0.0,0.0,,,,,,,,,,,,
190,2026-04-23T08:21:50.931Z,S20260423_092137,N/A,AUTO,,13.0543,0.0633,N/A,0,1500,VIDE,0.0,0.0,0.0,0.0,0.0,0.0,0,0,0.0,0.0,,,,,,,,,,,,
191,2026-04-23T08:21:50.991Z,S20260423_092137,N/A,AUTO,,13.1151,0.0609,N/A,0,1500,VIDE,0.0,0.0,0.0,0.0,0.0,0.0,0,0,0.0,0.0,,,,,,,,,,,,
192,2026-04-23T08:21:51.052Z,S20260423_092137,N/A,AUTO,,13.1758,0.0606,N/A,0,1500,VIDE,0.0,0.0,0.0,0.0,0.0,0.0,0,0,0.0,0.0,,,,,,,,,,,,
193,2026-04-23T08:21:51.118Z,S20260423_092137,N/A,AUTO,,13.2413,0.0656,N/A,0,1500,VIDE,0.0,0.0,0.0,0.0,0.0,0.0,0,0,0.0,0.0,,,,,,,,,,,,
194,2026-04-23T08:21:51.181Z,S20260423_092137,N/A,AUTO,,13.3043,0.063,N/A,0,1500,VIDE,0.0,0.0,0.0,0.0,0.0,0.0,0,0,0.0,0.0,,,,,,,,,,,,
195,2026-04-23T08:21:51.241Z,S20260423_092137,N/A,AUTO,,13.3649,0.0607,N/A,0,1500,VIDE,0.0,0.0,0.0,0.0,0.0,0.0,0,0,0.0,0.0,,,,,,,,,,,,
196,2026-04-23T08:21:51.303Z,S20260423_092137,N/A,AUTO,,13.4263,0.0613,N/A,0,1500,VIDE,0.0,0.0,0.0,0.0,0.0,0.0,0,0,0.0,0.0,,,,,,,,,,,,
197,2026-04-23T08:21:51.365Z,S20260423_092137,N/A,AUTO,,13.4884,0.0621,N/A,0,1500,VIDE,0.0,0.0,0.0,0.0,0.0,0.0,0,0,0.0,0.0,,,,,,,,,,,,
198,2026-04-23T08:21:51.436Z,S20260423_092137,N/A,AUTO,,13.5593,0.0709,N/A,0,1500,VIDE,0.0,0.0,0.0,0.0,0.0,0.0,0,0,0.0,0.0,,,,,,,,,,,,
199,2026-04-23T08:21:51.503Z,S20260423_092137,N/A,AUTO,,13.6271,0.0678,N/A,0,1500,VIDE,0.0,0.0,0.0,0.0,0.0,0.0,0,0,0.0,0.0,,,,,,,,,,,,
200,2026-04-23T08:21:51.553Z,S20260423_092137,N/A,AUTO,,13.6765,0.0494,N/A,0,1500,VIDE,0.0,0.0,0.0,0.0,0.0,0.0,0,0,0.0,0.0,,,,,,,,,,,,
201,2026-04-23T08:21:51.620Z,S20260423_092137,N/A,AUTO,,13.7439,0.0674,N/A,0,1500,VIDE,0.0,0.0,0.0,0.0,0.0,0.0,0,0,0.0,0.0,,,,,,,,,,,,
202,2026-04-23T08:21:51.684Z,S20260423_092137,N/A,AUTO,,13.8072,0.0633,N/A,0,1500,VIDE,0.0,0.0,0.0,0.0,0.0,0.0,0,0,0.0,0.0,,,,,,,,,,,,
203,2026-04-23T08:21:51.743Z,S20260423_092137,N/A,AUTO,,13.8671,0.0599,N/A,0,1500,VIDE,0.0,0.0,0.0,0.0,0.0,0.0,0,0,0.0,0.0,,,,,,,,,,,,
204,2026-04-23T08:21:51.804Z,S20260423_092137,N/A,AUTO,,13.9272,0.0601,N/A,0,1500,VIDE,0.0,0.0,0.0,0.0,0.0,0.0,0,0,0.0,0.0,,,,,,,,,,,,
205,2026-04-23T08:21:51.869Z,S20260423_092137,N/A,AUTO,,13.9925,0.0653,N/A,0,1500,VIDE,0.0,0.0,0.0,0.0,0.0,0.0,0,0,0.0,0.0,,,,,,,,,,,,
206,2026-04-23T08:21:51.937Z,S20260423_092137,N/A,AUTO,,14.0605,0.068,N/A,0,1500,VIDE,0.0,0.0,0.0,0.0,0.0,0.0,0,0,0.0,0.0,,,,,,,,,,,,
207,2026-04-23T08:21:52.002Z,S20260423_092137,N/A,AUTO,,14.1258,0.0652,N/A,0,1500,VIDE,0.0,0.0,0.0,0.0,0.0,0.0,0,0,0.0,0.0,,,,,,,,,,,,
208,2026-04-23T08:21:52.053Z,S20260423_092137,N/A,AUTO,,14.1762,0.0504,N/A,0,1500,VIDE,0.0,0.0,0.0,0.0,0.0,0.0,0,0,0.0,0.0,,,,,,,,,,,,
209,2026-04-23T08:21:52.118Z,S20260423_092137,N/A,AUTO,,14.2414,0.0653,N/A,0,1500,VIDE,0.0,0.0,0.0,0.0,0.0,0.0,0,0,0.0,0.0,,,,,,,,,,,,
210,2026-04-23T08:21:52.185Z,S20260423_092137,N/A,AUTO,,14.3085,0.0671,N/A,0,1500,VIDE,0.0,0.0,0.0,0.0,0.0,0.0,0,0,0.0,0.0,,,,,,,,,,,,
211,2026-04-23T08:21:52.244Z,S20260423_092137,N/A,AUTO,,14.3672,0.0586,N/A,0,1500,VIDE,0.0,0.0,0.0,0.0,0.0,0.0,0,0,0.0,0.0,,,,,,,,,,,,
212,2026-04-23T08:21:52.303Z,S20260423_092137,N/A,AUTO,,14.4271,0.0599,N/A,0,1500,VIDE,0.0,0.0,0.0,0.0,0.0,0.0,0,0,0.0,0.0,,,,,,,,,,,,
213,2026-04-23T08:21:52.371Z,S20260423_092137,N/A,AUTO,,14.4949,0.0678,N/A,0,1500,VIDE,0.0,0.0,0.0,0.0,0.0,0.0,0,0,0.0,0.0,,,,,,,,,,,,
214,2026-04-23T08:21:52.435Z,S20260423_092137,N/A,AUTO,,14.5591,0.0642,N/A,0,1500,VIDE,0.0,0.0,0.0,0.0,0.0,0.0,0,0,0.0,0.0,,,,,,,,,,,,
215,2026-04-23T08:21:52.500Z,S20260423_092137,N/A,AUTO,,14.6235,0.0644,N/A,0,1500,VIDE,0.0,0.0,0.0,0.0,0.0,0.0,0,0,0.0,0.0,,,,,,,,,,,,
216,2026-04-23T08:21:52.561Z,S20260423_092137,N/A,AUTO,,14.6847,0.0612,N/A,0,1500,VIDE,0.0,0.0,0.0,0.0,0.0,0.0,0,0,0.0,0.0,,,,,,,,,,,,
217,2026-04-23T08:21:52.619Z,S20260423_092137,N/A,AUTO,,14.7423,0.0576,N/A,0,1500,VIDE,0.0,0.0,0.0,0.0,0.0,0.0,0,0,0.0,0.0,,,,,,,,,,,,
218,2026-04-23T08:21:52.683Z,S20260423_092137,N/A,AUTO,,14.8071,0.0647,N/A,0,1500,VIDE,0.0,0.0,0.0,0.0,0.0,0.0,0,0,0.0,0.0,,,,,,,,,,,,
219,2026-04-23T08:21:52.744Z,S20260423_092137,N/A,AUTO,,14.8674,0.0603,N/A,0,1500,VIDE,0.0,0.0,0.0,0.0,0.0,0.0,0,0,0.0,0.0,,,,,,,,,,,,
220,2026-04-23T08:21:52.803Z,S20260423_092137,N/A,AUTO,,14.9265,0.0591,N/A,0,1500,VIDE,0.0,0.0,0.0,0.0,0.0,0.0,0,0,0.0,0.0,,,,,,,,,,,,
221,2026-04-23T08:21:52.869Z,S20260423_092137,N/A,AUTO,,14.9926,0.0661,N/A,0,1500,VIDE,0.0,0.0,0.0,0.0,0.0,0.0,0,0,0.0,0.0,,,,,,,,,,,,
222,2026-04-23T08:21:52.935Z,S20260423_092137,N/A,AUTO,,15.0591,0.0665,N/A,0,1500,VIDE,0.0,0.0,0.0,0.0,0.0,0.0,0,0,0.0,0.0,,,,,,,,,,,,
223,2026-04-23T08:21:52.996Z,S20260423_092137,N/A,AUTO,,15.1201,0.061,N/A,0,1500,VIDE,0.0,0.0,0.0,0.0,0.0,0.0,0,0,0.0,0.0,,,,,,,,,,,,
224,2026-04-23T08:21:53.054Z,S20260423_092137,N/A,AUTO,,15.1773,0.0573,N/A,0,1500,VIDE,0.0,0.0,0.0,0.0,0.0,0.0,0,0,0.0,0.0,,,,,,,,,,,,
225,2026-04-23T08:21:53.120Z,S20260423_092137,N/A,AUTO,,15.2435,0.0662,N/A,0,1500,VIDE,0.0,0.0,0.0,0.0,0.0,0.0,0,0,0.0,0.0,,,,,,,,,,,,
226,2026-04-23T08:21:53.183Z,S20260423_092137,N/A,AUTO,,15.3071,0.0636,N/A,0,1500,VIDE,0.0,0.0,0.0,0.0,0.0,0.0,0,0,0.0,0.0,,,,,,,,,,,,
227,2026-04-23T08:21:53.243Z,S20260423_092137,N/A,AUTO,,15.3671,0.06,N/A,0,1500,VIDE,0.0,0.0,0.0,0.0,0.0,0.0,0,0,0.0,0.0,,,,,,,,,,,,
228,2026-04-23T08:21:53.303Z,S20260423_092137,N/A,AUTO,,15.4267,0.0596,N/A,0,1500,VIDE,0.0,0.0,0.0,0.0,0.0,0.0,0,0,0.0,0.0,,,,,,,,,,,,
229,2026-04-23T08:21:53.370Z,S20260423_092137,N/A,AUTO,,15.4934,0.0666,N/A,0,1500,VIDE,0.0,0.0,0.0,0.0,0.0,0.0,0,0,0.0,0.0,,,,,,,,,,,,
230,2026-04-23T08:21:53.430Z,S20260423_092137,N/A,AUTO,,15.5539,0.0606,N/A,0,1500,VIDE,0.0,0.0,0.0,0.0,0.0,0.0,0,0,0.0,0.0,,,,,,,,,,,,
231,2026-04-23T08:21:53.493Z,S20260423_092137,N/A,AUTO,,15.6163,0.0623,N/A,0,1500,VIDE,0.0,0.0,0.0,0.0,0.0,0.0,0,0,0.0,0.0,,,,,,,,,,,,
232,2026-04-23T08:21:53.555Z,S20260423_092137,N/A,AUTO,,15.6786,0.0623,N/A,0,1500,VIDE,0.0,0.0,0.0,0.0,0.0,0.0,0,0,0.0,0.0,,,,,,,,,,,,
233,2026-04-23T08:21:53.618Z,S20260423_092137,N/A,AUTO,,15.7413,0.0627,N/A,0,1500,VIDE,0.0,0.0,0.0,0.0,0.0,0.0,0,0,0.0,0.0,,,,,,,,,,,,
234,2026-04-23T08:21:53.679Z,S20260423_092137,N/A,AUTO,,15.8025,0.0613,N/A,0,1500,VIDE,0.0,0.0,0.0,0.0,0.0,0.0,0,0,0.0,0.0,,,,,,,,,,,,
235,2026-04-23T08:21:53.741Z,S20260423_092137,N/A,AUTO,,15.8643,0.0617,N/A,0,1500,VIDE,0.0,0.0,0.0,0.0,0.0,0.0,0,0,0.0,0.0,,,,,,,,,,,,
236,2026-04-23T08:21:53.803Z,S20260423_092137,N/A,AUTO,,15.9268,0.0625,N/A,0,1500,VIDE,0.0,0.0,0.0,0.0,0.0,0.0,0,0,0.0,0.0,,,,,,,,,,,,
237,2026-04-23T08:21:53.866Z,S20260423_092137,N/A,AUTO,,15.9894,0.0626,N/A,0,1500,VIDE,0.0,0.0,0.0,0.0,0.0,0.0,0,0,0.0,0.0,,,,,,,,,,,,
238,2026-04-23T08:21:53.929Z,S20260423_092137,N/A,AUTO,,16.0522,0.0627,N/A,0,1500,VIDE,0.0,0.0,0.0,0.0,0.0,0.0,0,0,0.0,0.0,,,,,,,,,,,,
239,2026-04-23T08:21:53.992Z,S20260423_092137,N/A,AUTO,,16.1155,0.0633,N/A,0,1500,VIDE,0.0,0.0,0.0,0.0,0.0,0.0,0,0,0.0,0.0,,,,,,,,,,,,
240,2026-04-23T08:21:54.054Z,S20260423_092137,N/A,AUTO,,16.1774,0.0618,N/A,0,1500,VIDE,0.0,0.0,0.0,0.0,0.0,0.0,0,0,0.0,0.0,,,,,,,,,,,,
241,2026-04-23T08:21:54.115Z,S20260423_092137,N/A,AUTO,,16.239,0.0616,N/A,0,1500,VIDE,0.0,0.0,0.0,0.0,0.0,0.0,0,0,0.0,0.0,,,,,,,,,,,,
242,2026-04-23T08:21:54.178Z,S20260423_092137,N/A,AUTO,,16.3019,0.0629,N/A,0,1500,VIDE,0.0,0.0,0.0,0.0,0.0,0.0,0,0,0.0,0.0,,,,,,,,,,,,
243,2026-04-23T08:21:54.240Z,S20260423_092137,N/A,AUTO,,16.3637,0.0618,N/A,0,1500,VIDE,0.0,0.0,0.0,0.0,0.0,0.0,0,0,0.0,0.0,,,,,,,,,,,,
244,2026-04-23T08:21:54.303Z,S20260423_092137,N/A,AUTO,,16.4268,0.0631,N/A,0,1500,VIDE,0.0,0.0,0.0,0.0,0.0,0.0,0,0,0.0,0.0,,,,,,,,,,,,
245,2026-04-23T08:21:54.369Z,S20260423_092137,N/A,AUTO,,16.4928,0.066,N/A,0,1500,VIDE,0.0,0.0,0.0,0.0,0.0,0.0,0,0,0.0,0.0,,,,,,,,,,,,
246,2026-04-23T08:21:54.436Z,S20260423_092137,N/A,AUTO,,16.5594,0.0667,N/A,0,1500,VIDE,0.0,0.0,0.0,0.0,0.0,0.0,0,0,0.0,0.0,,,,,,,,,,,,
247,2026-04-23T08:21:54.501Z,S20260423_092137,N/A,AUTO,,16.6245,0.0651,N/A,0,1500,VIDE,0.0,0.0,0.0,0.0,0.0,0.0,0,0,0.0,0.0,,,,,,,,,,,,
248,2026-04-23T08:21:54.553Z,S20260423_092137,N/A,AUTO,,16.677,0.0525,N/A,0,1500,VIDE,0.0,0.0,0.0,0.0,0.0,0.0,0,0,0.0,0.0,,,,,,,,,,,,
249,2026-04-23T08:21:54.620Z,S20260423_092137,N/A,AUTO,,16.7436,0.0665,N/A,0,1500,VIDE,0.0,0.0,0.0,0.0,0.0,0.0,0,0,0.0,0.0,,,,,,,,,,,,
250,2026-04-23T08:21:54.684Z,S20260423_092137,N/A,AUTO,,16.8075,0.0639,N/A,0,1500,VIDE,0.0,0.0,0.0,0.0,0.0,0.0,0,0,0.0,0.0,,,,,,,,,,,,
251,2026-04-23T08:21:54.741Z,S20260423_092137,N/A,AUTO,,16.8649,0.0574,N/A,0,1500,VIDE,0.0,0.0,0.0,0.0,0.0,0.0,0,0,0.0,0.0,,,,,,,,,,,,
252,2026-04-23T08:21:54.804Z,S20260423_092137,N/A,AUTO,,16.9275,0.0626,N/A,0,1500,VIDE,0.0,0.0,0.0,0.0,0.0,0.0,0,0,0.0,0.0,,,,,,,,,,,,
253,2026-04-23T08:21:54.869Z,S20260423_092137,N/A,AUTO,,16.9922,0.0647,N/A,0,1500,VIDE,0.0,0.0,0.0,0.0,0.0,0.0,0,0,0.0,0.0,,,,,,,,,,,,
254,2026-04-23T08:21:54.929Z,S20260423_092137,N/A,AUTO,,17.0527,0.0605,N/A,0,1500,VIDE,0.0,0.0,0.0,0.0,0.0,0.0,0,0,0.0,0.0,,,,,,,,,,,,
255,2026-04-23T08:21:55.001Z,S20260423_092137,N/A,AUTO,,17.1246,0.0719,N/A,0,1500,VIDE,0.0,0.0,0.0,0.0,0.0,0.0,0,0,0.0,0.0,,,,,,,,,,,,
256,2026-04-23T08:21:55.063Z,S20260423_092137,N/A,AUTO,,17.1866,0.062,N/A,0,1500,VIDE,0.0,0.0,0.0,0.0,0.0,0.0,0,0,0.0,0.0,,,,,,,,,,,,
257,2026-04-23T08:21:55.119Z,S20260423_092137,N/A,AUTO,,17.2427,0.056,N/A,0,1500,VIDE,0.0,0.0,0.0,0.0,0.0,0.0,0,0,0.0,0.0,,,,,,,,,,,,
258,2026-04-23T08:21:55.184Z,S20260423_092137,N/A,AUTO,,17.308,0.0653,N/A,0,1500,VIDE,0.0,0.0,0.0,0.0,0.0,0.0,0,0,0.0,0.0,,,,,,,,,,,,
259,2026-04-23T08:21:55.244Z,S20260423_092137,N/A,AUTO,,17.3674,0.0594,N/A,0,1500,VIDE,0.0,0.0,0.0,0.0,0.0,0.0,0,0,0.0,0.0,,,,,,,,,,,,
260,2026-04-23T08:21:55.303Z,S20260423_092137,N/A,AUTO,,17.427,0.0597,N/A,0,1500,VIDE,0.0,0.0,0.0,0.0,0.0,0.0,0,0,0.0,0.0,,,,,,,,,,,,
261,2026-04-23T08:21:55.369Z,S20260423_092137,N/A,AUTO,,17.4923,0.0653,N/A,0,1500,VIDE,0.0,0.0,0.0,0.0,0.0,0.0,0,0,0.0,0.0,,,,,,,,,,,,
262,2026-04-23T08:21:55.435Z,S20260423_092137,N/A,AUTO,,17.5586,0.0663,N/A,0,1500,VIDE,0.0,0.0,0.0,0.0,0.0,0.0,0,0,0.0,0.0,,,,,,,,,,,,
263,2026-04-23T08:21:55.501Z,S20260423_092137,N/A,AUTO,,17.6247,0.0661,N/A,0,1500,VIDE,0.0,0.0,0.0,0.0,0.0,0.0,0,0,0.0,0.0,,,,,,,,,,,,
264,2026-04-23T08:21:55.562Z,S20260423_092137,N/A,AUTO,,17.686,0.0613,N/A,0,1500,VIDE,0.0,0.0,0.0,0.0,0.0,0.0,0,0,0.0,0.0,,,,,,,,,,,,
265,2026-04-23T08:21:55.618Z,S20260423_092137,N/A,AUTO,,17.7417,0.0557,N/A,0,1500,VIDE,0.0,0.0,0.0,0.0,0.0,0.0,0,0,0.0,0.0,,,,,,,,,,,,
266,2026-04-23T08:21:55.684Z,S20260423_092137,N/A,AUTO,,17.8076,0.0659,N/A,0,1500,VIDE,0.0,0.0,0.0,0.0,0.0,0.0,0,0,0.0,0.0,,,,,,,,,,,,
267,2026-04-23T08:21:55.744Z,S20260423_092137,N/A,AUTO,,17.8675,0.0599,N/A,0,1500,VIDE,0.0,0.0,0.0,0.0,0.0,0.0,0,0,0.0,0.0,,,,,,,,,,,,
268,2026-04-23T08:21:55.803Z,S20260423_092137,N/A,AUTO,,17.9264,0.0589,N/A,0,1500,VIDE,0.0,0.0,0.0,0.0,0.0,0.0,0,0,0.0,0.0,,,,,,,,,,,,
269,2026-04-23T08:21:55.869Z,S20260423_092137,N/A,AUTO,,17.9925,0.0662,N/A,0,1500,VIDE,0.0,0.0,0.0,0.0,0.0,0.0,0,0,0.0,0.0,,,,,,,,,,,,
270,2026-04-23T08:21:55.929Z,S20260423_092137,N/A,AUTO,,18.053,0.0604,N/A,0,1500,VIDE,0.0,0.0,0.0,0.0,0.0,0.0,0,0,0.0,0.0,,,,,,,,,,,,
271,2026-04-23T08:21:56.000Z,S20260423_092137,N/A,AUTO,,18.1239,0.0709,N/A,0,1500,VIDE,0.0,0.0,0.0,0.0,0.0,0.0,0,0,0.0,0.0,,,,,,,,,,,,
272,2026-04-23T08:21:56.054Z,S20260423_092137,N/A,AUTO,,18.1774,0.0535,N/A,0,1500,VIDE,0.0,0.0,0.0,0.0,0.0,0.0,0,0,0.0,0.0,,,,,,,,,,,,
273,2026-04-23T08:21:56.120Z,S20260423_092137,N/A,AUTO,,18.2438,0.0664,N/A,0,1500,VIDE,0.0,0.0,0.0,0.0,0.0,0.0,0,0,0.0,0.0,,,,,,,,,,,,
274,2026-04-23T08:21:56.184Z,S20260423_092137,N/A,AUTO,,18.3074,0.0636,N/A,0,1500,VIDE,0.0,0.0,0.0,0.0,0.0,0.0,0,0,0.0,0.0,,,,,,,,,,,,
275,2026-04-23T08:21:56.243Z,S20260423_092137,N/A,AUTO,,18.3671,0.0597,N/A,0,1500,VIDE,0.0,0.0,0.0,0.0,0.0,0.0,0,0,0.0,0.0,,,,,,,,,,,,
276,2026-04-23T08:21:56.304Z,S20260423_092137,N/A,AUTO,,18.4272,0.0601,N/A,0,1500,VIDE,0.0,0.0,0.0,0.0,0.0,0.0,0,0,0.0,0.0,,,,,,,,,,,,
277,2026-04-23T08:21:56.367Z,S20260423_092137,N/A,AUTO,,18.4906,0.0634,N/A,0,1500,VIDE,0.0,0.0,0.0,0.0,0.0,0.0,0,0,0.0,0.0,,,,,,,,,,,,
278,2026-04-23T08:21:56.432Z,S20260423_092137,N/A,AUTO,,18.5556,0.065,N/A,0,1500,VIDE,0.0,0.0,0.0,0.0,0.0,0.0,0,0,0.0,0.0,,,,,,,,,,,,
279,2026-04-23T08:21:56.496Z,S20260423_092137,N/A,AUTO,,18.6193,0.0637,N/A,0,1500,VIDE,0.0,0.0,0.0,0.0,0.0,0.0,0,0,0.0,0.0,,,,,,,,,,,,
280,2026-04-23T08:21:56.560Z,S20260423_092137,N/A,AUTO,,18.6833,0.064,N/A,0,1500,VIDE,0.0,0.0,0.0,0.0,0.0,0.0,0,0,0.0,0.0,,,,,,,,,,,,
281,2026-04-23T08:21:56.618Z,S20260423_092137,N/A,AUTO,,18.742,0.0587,N/A,0,1500,VIDE,0.0,0.0,0.0,0.0,0.0,0.0,0,0,0.0,0.0,,,,,,,,,,,,
282,2026-04-23T08:21:56.684Z,S20260423_092137,N/A,AUTO,,18.8077,0.0656,N/A,0,1500,VIDE,0.0,0.0,0.0,0.0,0.0,0.0,0,0,0.0,0.0,,,,,,,,,,,,
283,2026-04-23T08:21:56.744Z,S20260423_092137,N/A,AUTO,,18.8675,0.0598,N/A,0,1500,VIDE,0.0,0.0,0.0,0.0,0.0,0.0,0,0,0.0,0.0,,,,,,,,,,,,
284,2026-04-23T08:21:56.804Z,S20260423_092137,N/A,AUTO,,18.9275,0.06,N/A,0,1500,VIDE,0.0,0.0,0.0,0.0,0.0,0.0,0,0,0.0,0.0,,,,,,,,,,,,
285,2026-04-23T08:21:56.868Z,S20260423_092137,N/A,AUTO,,18.9917,0.0641,N/A,0,1500,VIDE,0.0,0.0,0.0,0.0,0.0,0.0,0,0,0.0,0.0,,,,,,,,,,,,
286,2026-04-23T08:21:56.928Z,S20260423_092137,N/A,AUTO,,19.0517,0.06,N/A,0,1500,VIDE,0.0,0.0,0.0,0.0,0.0,0.0,0,0,0.0,0.0,,,,,,,,,,,,
287,2026-04-23T08:21:56.992Z,S20260423_092137,N/A,AUTO,,19.1156,0.0639,N/A,0,1500,VIDE,0.0,0.0,0.0,0.0,0.0,0.0,0,0,0.0,0.0,,,,,,,,,,,,
288,2026-04-23T08:21:57.054Z,S20260423_092137,N/A,AUTO,,19.1773,0.0617,N/A,0,1500,VIDE,0.0,0.0,0.0,0.0,0.0,0.0,0,0,0.0,0.0,,,,,,,,,,,,
289,2026-04-23T08:21:57.118Z,S20260423_092137,N/A,AUTO,,19.2418,0.0645,N/A,0,1500,VIDE,0.0,0.0,0.0,0.0,0.0,0.0,0,0,0.0,0.0,,,,,,,,,,,,
290,2026-04-23T08:21:57.184Z,S20260423_092137,N/A,AUTO,,19.3074,0.0655,N/A,0,1500,VIDE,0.0,0.0,0.0,0.0,0.0,0.0,0,0,0.0,0.0,,,,,,,,,,,,
291,2026-04-23T08:21:57.244Z,S20260423_092137,N/A,AUTO,,19.3674,0.06,N/A,0,1500,VIDE,0.0,0.0,0.0,0.0,0.0,0.0,0,0,0.0,0.0,,,,,,,,,,,,
292,2026-04-23T08:21:57.304Z,S20260423_092137,N/A,AUTO,,19.4275,0.0601,N/A,0,1500,VIDE,0.0,0.0,0.0,0.0,0.0,0.0,0,0,0.0,0.0,,,,,,,,,,,,
293,2026-04-23T08:21:57.368Z,S20260423_092137,N/A,AUTO,,19.4913,0.0638,N/A,0,1500,VIDE,0.0,0.0,0.0,0.0,0.0,0.0,0,0,0.0,0.0,,,,,,,,,,,,
294,2026-04-23T08:21:57.434Z,S20260423_092137,N/A,AUTO,,19.5578,0.0665,N/A,0,1500,VIDE,0.0,0.0,0.0,0.0,0.0,0.0,0,0,0.0,0.0,,,,,,,,,,,,
295,2026-04-23T08:21:57.496Z,S20260423_092137,N/A,AUTO,,19.6197,0.062,N/A,0,1500,VIDE,0.0,0.0,0.0,0.0,0.0,0.0,0,0,0.0,0.0,,,,,,,,,,,,
296,2026-04-23T08:21:57.559Z,S20260423_092137,N/A,AUTO,,19.6825,0.0627,N/A,0,1500,VIDE,0.0,0.0,0.0,0.0,0.0,0.0,0,0,0.0,0.0,,,,,,,,,,,,
297,2026-04-23T08:21:57.616Z,S20260423_092137,N/A,AUTO,,19.7398,0.0573,N/A,0,1500,VIDE,0.0,0.0,0.0,0.0,0.0,0.0,0,0,0.0,0.0,,,,,,,,,,,,
298,2026-04-23T08:21:57.680Z,S20260423_092137,N/A,AUTO,,19.8035,0.0637,N/A,0,1500,VIDE,0.0,0.0,0.0,0.0,0.0,0.0,0,0,0.0,0.0,,,,,,,,,,,,
299,2026-04-23T08:21:57.744Z,S20260423_092137,N/A,AUTO,,19.8679,0.0644,N/A,0,1500,VIDE,0.0,0.0,0.0,0.0,0.0,0.0,0,0,0.0,0.0,,,,,,,,,,,,
300,2026-04-23T08:21:57.804Z,S20260423_092137,N/A,AUTO,,19.9275,0.0596,N/A,0,1500,VIDE,0.0,0.0,0.0,0.0,0.0,0.0,0,0,0.0,0.0,,,,,,,,,,,,
301,2026-04-23T08:21:57.868Z,S20260423_092137,N/A,AUTO,,19.9916,0.0642,N/A,0,1500,VIDE,0.0,0.0,0.0,0.0,0.0,0.0,0,0,0.0,0.0,,,,,,,,,,,,
302,2026-04-23T08:21:57.933Z,S20260423_092137,N/A,AUTO,,20.0568,0.0652,N/A,0,1500,VIDE,0.0,0.0,0.0,0.0,0.0,0.0,0,0,0.0,0.0,,,,,,,,,,,,
303,2026-04-23T08:21:57.994Z,S20260423_092137,N/A,AUTO,,20.1172,0.0604,N/A,0,1500,VIDE,0.0,0.0,0.0,0.0,0.0,0.0,0,0,0.0,0.0,,,,,,,,,,,,
304,2026-04-23T08:21:58.057Z,S20260423_092137,N/A,AUTO,,20.1803,0.0631,N/A,0,1500,VIDE,0.0,0.0,0.0,0.0,0.0,0.0,0,0,0.0,0.0,,,,,,,,,,,,
305,2026-04-23T08:21:58.119Z,S20260423_092137,N/A,AUTO,,20.2426,0.0622,N/A,0,1500,VIDE,0.0,0.0,0.0,0.0,0.0,0.0,0,0,0.0,0.0,,,,,,,,,,,,
306,2026-04-23T08:21:58.182Z,S20260423_092137,N/A,AUTO,,20.3053,0.0627,N/A,0,1500,VIDE,0.0,0.0,0.0,0.0,0.0,0.0,0,0,0.0,0.0,,,,,,,,,,,,
307,2026-04-23T08:21:58.243Z,S20260423_092137,N/A,AUTO,,20.3665,0.0612,N/A,0,1500,VIDE,0.0,0.0,0.0,0.0,0.0,0.0,0,0,0.0,0.0,,,,,,,,,,,,
308,2026-04-23T08:21:58.303Z,S20260423_092137,N/A,AUTO,,20.4268,0.0603,N/A,0,1500,VIDE,0.0,0.0,0.0,0.0,0.0,0.0,0,0,0.0,0.0,,,,,,,,,,,,
309,2026-04-23T08:21:58.367Z,S20260423_092137,N/A,AUTO,,20.4905,0.0637,N/A,0,1500,VIDE,0.0,0.0,0.0,0.0,0.0,0.0,0,0,0.0,0.0,,,,,,,,,,,,
310,2026-04-23T08:21:58.427Z,S20260423_092137,N/A,AUTO,,20.5511,0.0606,N/A,0,1500,VIDE,0.0,0.0,0.0,0.0,0.0,0.0,0,0,0.0,0.0,,,,,,,,,,,,
311,2026-04-23T08:21:58.490Z,S20260423_092137,N/A,AUTO,,20.6137,0.0627,N/A,0,1500,VIDE,0.0,0.0,0.0,0.0,0.0,0.0,0,0,0.0,0.0,,,,,,,,,,,,
312,2026-04-23T08:21:58.554Z,S20260423_092137,N/A,AUTO,,20.6775,0.0638,N/A,0,1500,VIDE,0.0,0.0,0.0,0.0,0.0,0.0,0,0,0.0,0.0,,,,,,,,,,,,
313,2026-04-23T08:21:58.616Z,S20260423_092137,N/A,AUTO,,20.7394,0.0619,N/A,0,1500,VIDE,0.0,0.0,0.0,0.0,0.0,0.0,0,0,0.0,0.0,,,,,,,,,,,,
314,2026-04-23T08:21:58.679Z,S20260423_092137,N/A,AUTO,,20.8026,0.0631,N/A,0,1500,VIDE,0.0,0.0,0.0,0.0,0.0,0.0,0,0,0.0,0.0,,,,,,,,,,,,
315,2026-04-23T08:21:58.742Z,S20260423_092137,N/A,AUTO,,20.8661,0.0636,N/A,0,1500,VIDE,0.0,0.0,0.0,0.0,0.0,0.0,0,0,0.0,0.0,,,,,,,,,,,,
316,2026-04-23T08:21:58.804Z,S20260423_092137,N/A,AUTO,,20.9273,0.0611,N/A,0,1500,VIDE,0.0,0.0,0.0,0.0,0.0,0.0,0,0,0.0,0.0,,,,,,,,,,,,
317,2026-04-23T08:21:58.866Z,S20260423_092137,N/A,AUTO,,20.9895,0.0622,N/A,0,1500,VIDE,0.0,0.0,0.0,0.0,0.0,0.0,0,0,0.0,0.0,,,,,,,,,,,,
318,2026-04-23T08:21:58.928Z,S20260423_092137,N/A,AUTO,,21.0518,0.0623,N/A,0,1500,VIDE,0.0,0.0,0.0,0.0,0.0,0.0,0,0,0.0,0.0,,,,,,,,,,,,
319,2026-04-23T08:21:58.991Z,S20260423_092137,N/A,AUTO,,21.1145,0.0626,N/A,0,1500,VIDE,0.0,0.0,0.0,0.0,0.0,0.0,0,0,0.0,0.0,,,,,,,,,,,,
320,2026-04-23T08:21:59.054Z,S20260423_092137,N/A,AUTO,,21.1775,0.0631,N/A,0,1500,VIDE,0.0,0.0,0.0,0.0,0.0,0.0,0,0,0.0,0.0,,,,,,,,,,,,
321,2026-04-23T08:21:59.116Z,S20260423_092137,N/A,AUTO,,21.2394,0.0619,N/A,0,1500,VIDE,0.0,0.0,0.0,0.0,0.0,0.0,0,0,0.0,0.0,,,,,,,,,,,,
322,2026-04-23T08:21:59.178Z,S20260423_092137,N/A,AUTO,,21.3016,0.0622,N/A,0,1500,VIDE,0.0,0.0,0.0,0.0,0.0,0.0,0,0,0.0,0.0,,,,,,,,,,,,
323,2026-04-23T08:21:59.241Z,S20260423_092137,N/A,AUTO,,21.3648,0.0632,N/A,0,1500,VIDE,0.0,0.0,0.0,0.0,0.0,0.0,0,0,0.0,0.0,,,,,,,,,,,,
324,2026-04-23T08:21:59.304Z,S20260423_092137,N/A,AUTO,,21.4275,0.0627,N/A,0,1500,VIDE,0.0,0.0,0.0,0.0,0.0,0.0,0,0,0.0,0.0,,,,,,,,,,,,
325,2026-04-23T08:21:59.365Z,S20260423_092137,N/A,AUTO,,21.4884,0.0609,N/A,0,1500,VIDE,0.0,0.0,0.0,0.0,0.0,0.0,0,0,0.0,0.0,,,,,,,,,,,,
326,2026-04-23T08:21:59.436Z,S20260423_092137,N/A,AUTO,,21.5598,0.0714,N/A,0,1500,VIDE,0.0,0.0,0.0,0.0,0.0,0.0,0,0,0.0,0.0,,,,,,,,,,,,
327,2026-04-23T08:21:59.501Z,S20260423_092137,N/A,AUTO,,21.6249,0.0651,N/A,0,1500,VIDE,0.0,0.0,0.0,0.0,0.0,0.0,0,0,0.0,0.0,,,,,,,,,,,,
328,2026-04-23T08:21:59.553Z,S20260423_092137,N/A,AUTO,,21.6766,0.0517,N/A,0,1500,VIDE,0.0,0.0,0.0,0.0,0.0,0.0,0,0,0.0,0.0,,,,,,,,,,,,
329,2026-04-23T08:21:59.615Z,S20260423_092137,N/A,AUTO,,21.7387,0.0622,N/A,0,1500,VIDE,0.0,0.0,0.0,0.0,0.0,0.0,0,0,0.0,0.0,,,,,,,,,,,,
330,2026-04-23T08:21:59.684Z,S20260423_092137,N/A,AUTO,,21.8077,0.069,N/A,0,1500,VIDE,0.0,0.0,0.0,0.0,0.0,0.0,0,0,0.0,0.0,,,,,,,,,,,,
331,2026-04-23T08:21:59.741Z,S20260423_092137,N/A,AUTO,,21.8643,0.0566,N/A,0,1500,VIDE,0.0,0.0,0.0,0.0,0.0,0.0,0,0,0.0,0.0,,,,,,,,,,,,
332,2026-04-23T08:21:59.804Z,S20260423_092137,N/A,AUTO,,21.9279,0.0635,N/A,0,1500,VIDE,0.0,0.0,0.0,0.0,0.0,0.0,0,0,0.0,0.0,,,,,,,,,,,,
333,2026-04-23T08:21:59.866Z,S20260423_092137,N/A,AUTO,,21.9892,0.0613,N/A,0,1500,VIDE,0.0,0.0,0.0,0.0,0.0,0.0,0,0,0.0,0.0,,,,,,,,,,,,
334,2026-04-23T08:21:59.929Z,S20260423_092137,N/A,AUTO,,22.0524,0.0632,N/A,0,1500,VIDE,0.0,0.0,0.0,0.0,0.0,0.0,0,0,0.0,0.0,,,,,,,,,,,,
335,2026-04-23T08:21:59.990Z,S20260423_092137,N/A,AUTO,,22.1141,0.0617,N/A,0,1500,VIDE,0.0,0.0,0.0,0.0,0.0,0.0,0,0,0.0,0.0,,,,,,,,,,,,
336,2026-04-23T08:22:00.052Z,S20260423_092137,N/A,AUTO,,22.1757,0.0616,N/A,0,1500,VIDE,0.0,0.0,0.0,0.0,0.0,0.0,0,0,0.0,0.0,,,,,,,,,,,,
337,2026-04-23T08:22:00.124Z,S20260423_092137,N/A,AUTO,,22.2475,0.0718,N/A,0,1500,VIDE,0.0,0.0,0.0,0.0,0.0,0.0,0,0,0.0,0.0,,,,,,,,,,,,
338,2026-04-23T08:22:00.184Z,S20260423_092137,N/A,AUTO,,22.3074,0.0599,N/A,0,1500,VIDE,0.0,0.0,0.0,0.0,0.0,0.0,0,0,0.0,0.0,,,,,,,,,,,,
339,2026-04-23T08:22:00.243Z,S20260423_092137,N/A,AUTO,,22.3671,0.0597,N/A,0,1500,VIDE,0.0,0.0,0.0,0.0,0.0,0.0,0,0,0.0,0.0,,,,,,,,,,,,
340,2026-04-23T08:22:00.304Z,S20260423_092137,N/A,AUTO,,22.4274,0.0602,N/A,0,1500,VIDE,0.0,0.0,0.0,0.0,0.0,0.0,0,0,0.0,0.0,,,,,,,,,,,,
341,2026-04-23T08:22:00.377Z,S20260423_092137,N/A,AUTO,,22.5006,0.0732,N/A,0,1500,VIDE,0.0,0.0,0.0,0.0,0.0,0.0,0,0,0.0,0.0,,,,,,,,,,,,
342,2026-04-23T08:22:00.439Z,S20260423_092137,N/A,AUTO,,22.5631,0.0625,N/A,0,1500,VIDE,0.0,0.0,0.0,0.0,0.0,0.0,0,0,0.0,0.0,,,,,,,,,,,,
343,2026-04-23T08:22:00.502Z,S20260423_092137,N/A,AUTO,,22.6255,0.0624,N/A,0,1500,VIDE,0.0,0.0,0.0,0.0,0.0,0.0,0,0,0.0,0.0,,,,,,,,,,,,
344,2026-04-23T08:22:00.564Z,S20260423_092137,N/A,AUTO,,22.6877,0.0621,N/A,0,1500,VIDE,0.0,0.0,0.0,0.0,0.0,0.0,0,0,0.0,0.0,,,,,,,,,,,,
345,2026-04-23T08:22:00.624Z,S20260423_092137,N/A,AUTO,,22.7475,0.0599,N/A,0,1500,VIDE,0.0,0.0,0.0,0.0,0.0,0.0,0,0,0.0,0.0,,,,,,,,,,,,
346,2026-04-23T08:22:00.684Z,S20260423_092137,N/A,AUTO,,22.8073,0.0597,N/A,0,1500,VIDE,0.0,0.0,0.0,0.0,0.0,0.0,0,0,0.0,0.0,,,,,,,,,,,,
347,2026-04-23T08:22:00.744Z,S20260423_092137,N/A,AUTO,,22.8675,0.0602,N/A,0,1500,VIDE,0.0,0.0,0.0,0.0,0.0,0.0,0,0,0.0,0.0,,,,,,,,,,,,
348,2026-04-23T08:22:00.804Z,S20260423_092137,N/A,AUTO,,22.9275,0.06,N/A,0,1500,VIDE,0.0,0.0,0.0,0.0,0.0,0.0,0,0,0.0,0.0,,,,,,,,,,,,
349,2026-04-23T08:22:00.876Z,S20260423_092137,N/A,AUTO,,22.9995,0.072,N/A,0,1500,VIDE,0.0,0.0,0.0,0.0,0.0,0.0,0,0,0.0,0.0,,,,,,,,,,,,
350,2026-04-23T08:22:00.939Z,S20260423_092137,N/A,AUTO,,23.0624,0.0629,N/A,0,1500,VIDE,0.0,0.0,0.0,0.0,0.0,0.0,0,0,0.0,0.0,,,,,,,,,,,,
351,2026-04-23T08:22:00.993Z,S20260423_092137,N/A,AUTO,,23.1163,0.0538,N/A,0,1500,VIDE,0.0,0.0,0.0,0.0,0.0,0.0,0,0,0.0,0.0,,,,,,,,,,,,
352,2026-04-23T08:22:01.064Z,S20260423_092137,N/A,AUTO,,23.1875,0.0712,N/A,0,1500,VIDE,0.0,0.0,0.0,0.0,0.0,0.0,0,0,0.0,0.0,,,,,,,,,,,,
353,2026-04-23T08:22:01.124Z,S20260423_092137,N/A,AUTO,,23.2475,0.06,N/A,0,1500,VIDE,0.0,0.0,0.0,0.0,0.0,0.0,0,0,0.0,0.0,,,,,,,,,,,,
354,2026-04-23T08:22:01.184Z,S20260423_092137,N/A,AUTO,,23.3076,0.0602,N/A,0,1500,VIDE,0.0,0.0,0.0,0.0,0.0,0.0,0,0,0.0,0.0,,,,,,,,,,,,
355,2026-04-23T08:22:01.244Z,S20260423_092137,N/A,AUTO,,23.3674,0.0598,N/A,0,1500,VIDE,0.0,0.0,0.0,0.0,0.0,0.0,0,0,0.0,0.0,,,,,,,,,,,,
356,2026-04-23T08:22:01.304Z,S20260423_092137,N/A,AUTO,,23.4272,0.0598,N/A,0,1500,VIDE,0.0,0.0,0.0,0.0,0.0,0.0,0,0,0.0,0.0,,,,,,,,,,,,
357,2026-04-23T08:22:01.375Z,S20260423_092137,N/A,AUTO,,23.4985,0.0713,N/A,0,1500,VIDE,0.0,0.0,0.0,0.0,0.0,0.0,0,0,0.0,0.0,,,,,,,,,,,,
358,2026-04-23T08:22:01.437Z,S20260423_092137,N/A,AUTO,,23.5608,0.0622,N/A,0,1500,VIDE,0.0,0.0,0.0,0.0,0.0,0.0,0,0,0.0,0.0,,,,,,,,,,,,
359,2026-04-23T08:22:01.497Z,S20260423_092137,N/A,AUTO,,23.621,0.0603,N/A,0,1500,VIDE,0.0,0.0,0.0,0.0,0.0,0.0,0,0,0.0,0.0,,,,,,,,,,,,
360,2026-04-23T08:22:01.561Z,S20260423_092137,N/A,AUTO,,23.6844,0.0634,N/A,0,1500,VIDE,0.0,0.0,0.0,0.0,0.0,0.0,0,0,0.0,0.0,,,,,,,,,,,,
361,2026-04-23T08:22:01.624Z,S20260423_092137,N/A,AUTO,,23.7475,0.0632,N/A,0,1500,VIDE,0.0,0.0,0.0,0.0,0.0,0.0,0,0,0.0,0.0,,,,,,,,,,,,
362,2026-04-23T08:22:01.684Z,S20260423_092137,N/A,AUTO,,23.8078,0.0602,N/A,0,1500,VIDE,0.0,0.0,0.0,0.0,0.0,0.0,0,0,0.0,0.0,,,,,,,,,,,,
363,2026-04-23T08:22:01.744Z,S20260423_092137,N/A,AUTO,,23.8675,0.0597,N/A,0,1500,VIDE,0.0,0.0,0.0,0.0,0.0,0.0,0,0,0.0,0.0,,,,,,,,,,,,
364,2026-04-23T08:22:01.804Z,S20260423_092137,N/A,AUTO,,23.9276,0.0601,N/A,0,1500,VIDE,0.0,0.0,0.0,0.0,0.0,0.0,0,0,0.0,0.0,,,,,,,,,,,,
365,2026-04-23T08:22:01.874Z,S20260423_092137,N/A,AUTO,,23.9974,0.0698,N/A,0,1500,VIDE,0.0,0.0,0.0,0.0,0.0,0.0,0,0,0.0,0.0,,,,,,,,,,,,
366,2026-04-23T08:22:01.937Z,S20260423_092137,N/A,AUTO,,24.0603,0.0629,N/A,0,1500,VIDE,0.0,0.0,0.0,0.0,0.0,0.0,0,0,0.0,0.0,,,,,,,,,,,,
367,2026-04-23T08:22:01.999Z,S20260423_092137,N/A,AUTO,,24.1222,0.0619,N/A,0,1500,VIDE,0.0,0.0,0.0,0.0,0.0,0.0,0,0,0.0,0.0,,,,,,,,,,,,
368,2026-04-23T08:22:02.061Z,S20260423_092137,N/A,AUTO,,24.1843,0.0621,N/A,0,1500,VIDE,0.0,0.0,0.0,0.0,0.0,0.0,0,0,0.0,0.0,,,,,,,,,,,,
369,2026-04-23T08:22:02.121Z,S20260423_092137,N/A,AUTO,,24.2451,0.0608,N/A,0,1500,VIDE,0.0,0.0,0.0,0.0,0.0,0.0,0,0,0.0,0.0,,,,,,,,,,,,
370,2026-04-23T08:22:02.184Z,S20260423_092137,N/A,AUTO,,24.3076,0.0625,N/A,0,1500,VIDE,0.0,0.0,0.0,0.0,0.0,0.0,0,0,0.0,0.0,,,,,,,,,,,,
371,2026-04-23T08:22:02.243Z,S20260423_092137,N/A,AUTO,,24.3671,0.0595,N/A,0,1500,VIDE,0.0,0.0,0.0,0.0,0.0,0.0,0,0,0.0,0.0,,,,,,,,,,,,
372,2026-04-23T08:22:02.304Z,S20260423_092137,N/A,AUTO,,24.4276,0.0605,N/A,0,1500,VIDE,0.0,0.0,0.0,0.0,0.0,0.0,0,0,0.0,0.0,,,,,,,,,,,,
373,2026-04-23T08:22:02.371Z,S20260423_092137,N/A,AUTO,,24.4944,0.0668,N/A,0,1500,VIDE,0.0,0.0,0.0,0.0,0.0,0.0,0,0,0.0,0.0,,,,,,,,,,,,
374,2026-04-23T08:22:02.433Z,S20260423_092137,N/A,AUTO,,24.5568,0.0624,N/A,0,1500,VIDE,0.0,0.0,0.0,0.0,0.0,0.0,0,0,0.0,0.0,,,,,,,,,,,,
375,2026-04-23T08:22:02.496Z,S20260423_092137,N/A,AUTO,,24.6194,0.0626,N/A,0,1500,VIDE,0.0,0.0,0.0,0.0,0.0,0.0,0,0,0.0,0.0,,,,,,,,,,,,
376,2026-04-23T08:22:02.559Z,S20260423_092137,N/A,AUTO,,24.6826,0.0632,N/A,0,1500,VIDE,0.0,0.0,0.0,0.0,0.0,0.0,0,0,0.0,0.0,,,,,,,,,,,,
377,2026-04-23T08:22:02.622Z,S20260423_092137,N/A,AUTO,,24.7453,0.0627,N/A,0,1500,VIDE,0.0,0.0,0.0,0.0,0.0,0.0,0,0,0.0,0.0,,,,,,,,,,,,
378,2026-04-23T08:22:02.684Z,S20260423_092137,N/A,AUTO,,24.8076,0.0623,N/A,0,1500,VIDE,0.0,0.0,0.0,0.0,0.0,0.0,0,0,0.0,0.0,,,,,,,,,,,,
379,2026-04-23T08:22:02.744Z,S20260423_092137,N/A,AUTO,,24.8673,0.0597,N/A,0,1500,VIDE,0.0,0.0,0.0,0.0,0.0,0.0,0,0,0.0,0.0,,,,,,,,,,,,
380,2026-04-23T08:22:02.804Z,S20260423_092137,N/A,AUTO,,24.9274,0.0601,N/A,0,1500,VIDE,0.0,0.0,0.0,0.0,0.0,0.0,0,0,0.0,0.0,,,,,,,,,,,,
381,2026-04-23T08:22:02.874Z,S20260423_092137,N/A,AUTO,,24.9975,0.0701,N/A,0,1500,VIDE,0.0,0.0,0.0,0.0,0.0,0.0,0,0,0.0,0.0,,,,,,,,,,,,
382,2026-04-23T08:22:02.938Z,S20260423_092137,N/A,AUTO,,25.0612,0.0637,N/A,0,1500,VIDE,0.0,0.0,0.0,0.0,0.0,0.0,0,0,0.0,0.0,,,,,,,,,,,,
383,2026-04-23T08:22:03.001Z,S20260423_092137,N/A,AUTO,,25.1242,0.063,N/A,0,1500,VIDE,0.0,0.0,0.0,0.0,0.0,0.0,0,0,0.0,0.0,,,,,,,,,,,,
384,2026-04-23T08:22:03.061Z,S20260423_092137,N/A,AUTO,,25.1846,0.0604,N/A,0,1500,VIDE,0.0,0.0,0.0,0.0,0.0,0.0,0,0,0.0,0.0,,,,,,,,,,,,
385,2026-04-23T08:22:03.124Z,S20260423_092137,N/A,AUTO,,25.2473,0.0627,N/A,0,1500,VIDE,0.0,0.0,0.0,0.0,0.0,0.0,0,0,0.0,0.0,,,,,,,,,,,,
386,2026-04-23T08:22:03.184Z,S20260423_092137,N/A,AUTO,,25.3077,0.0604,N/A,0,1500,VIDE,0.0,0.0,0.0,0.0,0.0,0.0,0,0,0.0,0.0,,,,,,,,,,,,
387,2026-04-23T08:22:03.244Z,S20260423_092137,N/A,AUTO,,25.3676,0.0599,N/A,0,1500,VIDE,0.0,0.0,0.0,0.0,0.0,0.0,0,0,0.0,0.0,,,,,,,,,,,,
388,2026-04-23T08:22:03.304Z,S20260423_092137,N/A,AUTO,,25.4278,0.0601,N/A,0,1500,VIDE,0.0,0.0,0.0,0.0,0.0,0.0,0,0,0.0,0.0,,,,,,,,,,,,
389,2026-04-23T08:22:03.371Z,S20260423_092137,N/A,AUTO,,25.4945,0.0667,N/A,0,1500,VIDE,0.0,0.0,0.0,0.0,0.0,0.0,0,0,0.0,0.0,,,,,,,,,,,,
390,2026-04-23T08:22:03.433Z,S20260423_092137,N/A,AUTO,,25.5568,0.0623,N/A,0,1500,VIDE,0.0,0.0,0.0,0.0,0.0,0.0,0,0,0.0,0.0,,,,,,,,,,,,
391,2026-04-23T08:22:03.497Z,S20260423_092137,N/A,AUTO,,25.6203,0.0635,N/A,0,1500,VIDE,0.0,0.0,0.0,0.0,0.0,0.0,0,0,0.0,0.0,,,,,,,,,,,,
392,2026-04-23T08:22:03.558Z,S20260423_092137,N/A,AUTO,,25.6821,0.0618,N/A,0,1500,VIDE,0.0,0.0,0.0,0.0,0.0,0.0,0,0,0.0,0.0,,,,,,,,,,,,
393,2026-04-23T08:22:03.620Z,S20260423_092137,N/A,AUTO,,25.7436,0.0615,N/A,0,1500,VIDE,0.0,0.0,0.0,0.0,0.0,0.0,0,0,0.0,0.0,,,,,,,,,,,,
394,2026-04-23T08:22:03.683Z,S20260423_092137,N/A,AUTO,,25.8067,0.0631,N/A,0,1500,VIDE,0.0,0.0,0.0,0.0,0.0,0.0,0,0,0.0,0.0,,,,,,,,,,,,
395,2026-04-23T08:22:03.744Z,S20260423_092137,N/A,AUTO,,25.8672,0.0605,N/A,0,1500,VIDE,0.0,0.0,0.0,0.0,0.0,0.0,0,0,0.0,0.0,,,,,,,,,,,,
396,2026-04-23T08:22:03.804Z,S20260423_092137,N/A,AUTO,,25.9276,0.0604,N/A,0,1500,VIDE,0.0,0.0,0.0,0.0,0.0,0.0,0,0,0.0,0.0,,,,,,,,,,,,
397,2026-04-23T08:22:03.868Z,S20260423_092137,N/A,AUTO,,25.992,0.0645,N/A,0,1500,VIDE,0.0,0.0,0.0,0.0,0.0,0.0,0,0,0.0,0.0,,,,,,,,,,,,
398,2026-04-23T08:22:03.932Z,S20260423_092137,N/A,AUTO,,26.0552,0.0631,N/A,0,1500,VIDE,0.0,0.0,0.0,0.0,0.0,0.0,0,0,0.0,0.0,,,,,,,,,,,,
399,2026-04-23T08:22:03.992Z,S20260423_092137,N/A,AUTO,,26.1159,0.0607,N/A,0,1500,VIDE,0.0,0.0,0.0,0.0,0.0,0.0,0,0,0.0,0.0,,,,,,,,,,,,
400,2026-04-23T08:22:04.055Z,S20260423_092137,N/A,AUTO,,26.1784,0.0625,N/A,0,1500,VIDE,0.0,0.0,0.0,0.0,0.0,0.0,0,0,0.0,0.0,,,,,,,,,,,,
401,2026-04-23T08:22:04.117Z,S20260423_092137,N/A,AUTO,,26.2407,0.0623,N/A,0,1500,VIDE,0.0,0.0,0.0,0.0,0.0,0.0,0,0,0.0,0.0,,,,,,,,,,,,
402,2026-04-23T08:22:04.180Z,S20260423_092137,N/A,AUTO,,26.3033,0.0626,N/A,0,1500,VIDE,0.0,0.0,0.0,0.0,0.0,0.0,0,0,0.0,0.0,,,,,,,,,,,,
403,2026-04-23T08:22:04.241Z,S20260423_092137,N/A,AUTO,,26.365,0.0617,N/A,0,1500,VIDE,0.0,0.0,0.0,0.0,0.0,0.0,0,0,0.0,0.0,,,,,,,,,,,,
404,2026-04-23T08:22:04.304Z,S20260423_092137,N/A,AUTO,,26.4275,0.0625,N/A,0,1500,VIDE,0.0,0.0,0.0,0.0,0.0,0.0,0,0,0.0,0.0,,,,,,,,,,,,
405,2026-04-23T08:22:04.366Z,S20260423_092137,N/A,AUTO,,26.4895,0.062,N/A,0,1500,VIDE,0.0,0.0,0.0,0.0,0.0,0.0,0,0,0.0,0.0,,,,,,,,,,,,
406,2026-04-23T08:22:04.428Z,S20260423_092137,N/A,AUTO,,26.5516,0.0621,N/A,0,1500,VIDE,0.0,0.0,0.0,0.0,0.0,0.0,0,0,0.0,0.0,,,,,,,,,,,,
407,2026-04-23T08:22:04.490Z,S20260423_092137,N/A,AUTO,,26.6138,0.0621,N/A,0,1500,VIDE,0.0,0.0,0.0,0.0,0.0,0.0,0,0,0.0,0.0,,,,,,,,,,,,
408,2026-04-23T08:22:04.554Z,S20260423_092137,N/A,AUTO,,26.6773,0.0636,N/A,0,1500,VIDE,0.0,0.0,0.0,0.0,0.0,0.0,0,0,0.0,0.0,,,,,,,,,,,,
409,2026-04-23T08:22:04.616Z,S20260423_092137,N/A,AUTO,,26.7397,0.0623,N/A,0,1500,VIDE,0.0,0.0,0.0,0.0,0.0,0.0,0,0,0.0,0.0,,,,,,,,,,,,
410,2026-04-23T08:22:04.680Z,S20260423_092137,N/A,AUTO,,26.8033,0.0636,N/A,0,1500,VIDE,0.0,0.0,0.0,0.0,0.0,0.0,0,0,0.0,0.0,,,,,,,,,,,,
411,2026-04-23T08:22:04.742Z,S20260423_092137,N/A,AUTO,,26.8659,0.0626,N/A,0,1500,VIDE,0.0,0.0,0.0,0.0,0.0,0.0,0,0,0.0,0.0,,,,,,,,,,,,
412,2026-04-23T08:22:04.804Z,S20260423_092137,N/A,AUTO,,26.9277,0.0618,N/A,0,1500,VIDE,0.0,0.0,0.0,0.0,0.0,0.0,0,0,0.0,0.0,,,,,,,,,,,,
413,2026-04-23T08:22:04.869Z,S20260423_092137,N/A,AUTO,,26.9925,0.0648,N/A,0,1500,VIDE,0.0,0.0,0.0,0.0,0.0,0.0,0,0,0.0,0.0,,,,,,,,,,,,
414,2026-04-23T08:22:04.932Z,S20260423_092137,N/A,AUTO,,27.0561,0.0636,N/A,0,1500,VIDE,0.0,0.0,0.0,0.0,0.0,0.0,0,0,0.0,0.0,,,,,,,,,,,,
415,2026-04-23T08:22:04.992Z,S20260423_092137,N/A,AUTO,,27.1157,0.0596,N/A,0,1500,VIDE,0.0,0.0,0.0,0.0,0.0,0.0,0,0,0.0,0.0,,,,,,,,,,,,
416,2026-04-23T08:22:05.055Z,S20260423_092137,N/A,AUTO,,27.1785,0.0628,N/A,0,1500,VIDE,0.0,0.0,0.0,0.0,0.0,0.0,0,0,0.0,0.0,,,,,,,,,,,,
417,2026-04-23T08:22:05.117Z,S20260423_092137,N/A,AUTO,,27.2406,0.0621,N/A,0,1500,VIDE,0.0,0.0,0.0,0.0,0.0,0.0,0,0,0.0,0.0,,,,,,,,,,,,
418,2026-04-23T08:22:05.179Z,S20260423_092137,N/A,AUTO,,27.3027,0.0621,N/A,0,1500,VIDE,0.0,0.0,0.0,0.0,0.0,0.0,0,0,0.0,0.0,,,,,,,,,,,,
419,2026-04-23T08:22:05.240Z,S20260423_092137,N/A,AUTO,,27.3637,0.061,N/A,0,1500,VIDE,0.0,0.0,0.0,0.0,0.0,0.0,0,0,0.0,0.0,,,,,,,,,,,,
420,2026-04-23T08:22:05.304Z,S20260423_092137,N/A,AUTO,,27.4278,0.0641,N/A,0,1500,VIDE,0.0,0.0,0.0,0.0,0.0,0.0,0,0,0.0,0.0,,,,,,,,,,,,
421,2026-04-23T08:22:05.366Z,S20260423_092137,N/A,AUTO,,27.4893,0.0615,N/A,0,1500,VIDE,0.0,0.0,0.0,0.0,0.0,0.0,0,0,0.0,0.0,,,,,,,,,,,,
422,2026-04-23T08:22:05.432Z,S20260423_092137,N/A,AUTO,,27.5559,0.0666,N/A,0,1500,VIDE,0.0,0.0,0.0,0.0,0.0,0.0,0,0,0.0,0.0,,,,,,,,,,,,
423,2026-04-23T08:22:05.491Z,S20260423_092137,N/A,AUTO,,27.6144,0.0585,N/A,0,1500,VIDE,0.0,0.0,0.0,0.0,0.0,0.0,0,0,0.0,0.0,,,,,,,,,,,,
424,2026-04-23T08:22:05.554Z,S20260423_092137,N/A,AUTO,,27.6775,0.0631,N/A,0,1500,VIDE,0.0,0.0,0.0,0.0,0.0,0.0,0,0,0.0,0.0,,,,,,,,,,,,
425,2026-04-23T08:22:05.616Z,S20260423_092137,N/A,AUTO,,27.7395,0.062,N/A,0,1500,VIDE,0.0,0.0,0.0,0.0,0.0,0.0,0,0,0.0,0.0,,,,,,,,,,,,
426,2026-04-23T08:22:05.678Z,S20260423_092137,N/A,AUTO,,27.8021,0.0626,N/A,0,1500,VIDE,0.0,0.0,0.0,0.0,0.0,0.0,0,0,0.0,0.0,,,,,,,,,,,,
427,2026-04-23T08:22:05.740Z,S20260423_092137,N/A,AUTO,,27.8639,0.0617,N/A,0,1500,VIDE,0.0,0.0,0.0,0.0,0.0,0.0,0,0,0.0,0.0,,,,,,,,,,,,
428,2026-04-23T08:22:05.803Z,S20260423_092137,N/A,AUTO,,27.9265,0.0626,N/A,0,1500,VIDE,0.0,0.0,0.0,0.0,0.0,0.0,0,0,0.0,0.0,,,,,,,,,,,,
429,2026-04-23T08:22:05.865Z,S20260423_092137,N/A,AUTO,,27.9888,0.0624,N/A,0,1500,VIDE,0.0,0.0,0.0,0.0,0.0,0.0,0,0,0.0,0.0,,,,,,,,,,,,
430,2026-04-23T08:22:05.928Z,S20260423_092137,N/A,AUTO,,28.0521,0.0633,N/A,0,1500,VIDE,0.0,0.0,0.0,0.0,0.0,0.0,0,0,0.0,0.0,,,,,,,,,,,,
431,2026-04-23T08:22:05.992Z,S20260423_092137,N/A,AUTO,,28.1155,0.0635,N/A,0,1500,VIDE,0.0,0.0,0.0,0.0,0.0,0.0,0,0,0.0,0.0,,,,,,,,,,,,
432,2026-04-23T08:22:06.056Z,S20260423_092137,N/A,AUTO,,28.1797,0.0642,N/A,0,1500,VIDE,0.0,0.0,0.0,0.0,0.0,0.0,0,0,0.0,0.0,,,,,,,,,,,,
433,2026-04-23T08:22:06.120Z,S20260423_092137,N/A,AUTO,,28.2437,0.064,N/A,0,1500,VIDE,0.0,0.0,0.0,0.0,0.0,0.0,0,0,0.0,0.0,,,,,,,,,,,,
434,2026-04-23T08:22:06.184Z,S20260423_092137,N/A,AUTO,,28.308,0.0643,N/A,0,1500,VIDE,0.0,0.0,0.0,0.0,0.0,0.0,0,0,0.0,0.0,,,,,,,,,,,,
435,2026-04-23T08:22:06.240Z,S20260423_092137,N/A,AUTO,,28.3639,0.0559,N/A,0,1500,VIDE,0.0,0.0,0.0,0.0,0.0,0.0,0,0,0.0,0.0,,,,,,,,,,,,
436,2026-04-23T08:22:06.304Z,S20260423_092137,N/A,AUTO,,28.4276,0.0636,N/A,0,1500,VIDE,0.0,0.0,0.0,0.0,0.0,0.0,0,0,0.0,0.0,,,,,,,,,,,,
437,2026-04-23T08:22:06.368Z,S20260423_092137,N/A,AUTO,,28.4917,0.0641,N/A,0,1500,VIDE,0.0,0.0,0.0,0.0,0.0,0.0,0,0,0.0,0.0,,,,,,,,,,,,
438,2026-04-23T08:22:06.432Z,S20260423_092137,N/A,AUTO,,28.5556,0.0639,N/A,0,1500,VIDE,0.0,0.0,0.0,0.0,0.0,0.0,0,0,0.0,0.0,,,,,,,,,,,,
439,2026-04-23T08:22:06.496Z,S20260423_092137,N/A,AUTO,,28.6198,0.0642,N/A,0,1500,VIDE,0.0,0.0,0.0,0.0,0.0,0.0,0,0,0.0,0.0,,,,,,,,,,,,
440,2026-04-23T08:22:06.553Z,S20260423_092137,N/A,AUTO,,28.6764,0.0566,N/A,0,1500,VIDE,0.0,0.0,0.0,0.0,0.0,0.0,0,0,0.0,0.0,,,,,,,,,,,,
441,2026-04-23T08:22:06.616Z,S20260423_092137,N/A,AUTO,,28.7397,0.0632,N/A,0,1500,VIDE,0.0,0.0,0.0,0.0,0.0,0.0,0,0,0.0,0.0,,,,,,,,,,,,
442,2026-04-23T08:22:06.680Z,S20260423_092137,N/A,AUTO,,28.8037,0.0641,N/A,0,1500,VIDE,0.0,0.0,0.0,0.0,0.0,0.0,0,0,0.0,0.0,,,,,,,,,,,,
443,2026-04-23T08:22:06.744Z,S20260423_092137,N/A,AUTO,,28.8679,0.0642,N/A,0,1500,VIDE,0.0,0.0,0.0,0.0,0.0,0.0,0,0,0.0,0.0,,,,,,,,,,,,
444,2026-04-23T08:22:06.804Z,S20260423_092137,N/A,AUTO,,28.9276,0.0597,N/A,0,1500,VIDE,0.0,0.0,0.0,0.0,0.0,0.0,0,0,0.0,0.0,,,,,,,,,,,,
445,2026-04-23T08:22:06.872Z,S20260423_092137,N/A,AUTO,,28.9956,0.0679,N/A,0,1500,VIDE,0.0,0.0,0.0,0.0,0.0,0.0,0,0,0.0,0.0,,,,,,,,,,,,
446,2026-04-23T08:22:06.929Z,S20260423_092137,N/A,AUTO,,29.0524,0.0568,N/A,0,1500,VIDE,0.0,0.0,0.0,0.0,0.0,0.0,0,0,0.0,0.0,,,,,,,,,,,,
447,2026-04-23T08:22:06.992Z,S20260423_092137,N/A,AUTO,,29.1157,0.0634,N/A,0,1500,VIDE,0.0,0.0,0.0,0.0,0.0,0.0,0,0,0.0,0.0,,,,,,,,,,,,
448,2026-04-23T08:22:07.056Z,S20260423_092137,N/A,AUTO,,29.1796,0.0639,N/A,0,1500,VIDE,0.0,0.0,0.0,0.0,0.0,0.0,0,0,0.0,0.0,,,,,,,,,,,,
449,2026-04-23T08:22:07.124Z,S20260423_092137,N/A,AUTO,,29.2481,0.0684,N/A,0,1500,VIDE,0.0,0.0,0.0,0.0,0.0,0.0,0,0,0.0,0.0,,,,,,,,,,,,
450,2026-04-23T08:22:07.184Z,S20260423_092137,N/A,AUTO,,29.3079,0.0599,N/A,0,1500,VIDE,0.0,0.0,0.0,0.0,0.0,0.0,0,0,0.0,0.0,,,,,,,,,,,,
451,2026-04-23T08:22:07.244Z,S20260423_092137,N/A,AUTO,,29.3675,0.0595,N/A,0,1500,VIDE,0.0,0.0,0.0,0.0,0.0,0.0,0,0,0.0,0.0,,,,,,,,,,,,
452,2026-04-23T08:22:07.304Z,S20260423_092137,N/A,AUTO,,29.4278,0.0604,N/A,0,1500,VIDE,0.0,0.0,0.0,0.0,0.0,0.0,0,0,0.0,0.0,,,,,,,,,,,,
453,2026-04-23T08:22:07.368Z,S20260423_092137,N/A,AUTO,,29.4918,0.0639,N/A,0,1500,VIDE,0.0,0.0,0.0,0.0,0.0,0.0,0,0,0.0,0.0,,,,,,,,,,,,
454,2026-04-23T08:22:07.432Z,S20260423_092137,N/A,AUTO,,29.5558,0.0641,N/A,0,1500,VIDE,0.0,0.0,0.0,0.0,0.0,0.0,0,0,0.0,0.0,,,,,,,,,,,,
455,2026-04-23T08:22:07.496Z,S20260423_092137,N/A,AUTO,,29.6197,0.0639,N/A,0,1500,VIDE,0.0,0.0,0.0,0.0,0.0,0.0,0,0,0.0,0.0,,,,,,,,,,,,
456,2026-04-23T08:22:07.560Z,S20260423_092137,N/A,AUTO,,29.6838,0.0641,N/A,0,1500,VIDE,0.0,0.0,0.0,0.0,0.0,0.0,0,0,0.0,0.0,,,,,,,,,,,,
457,2026-04-23T08:22:07.616Z,S20260423_092137,N/A,AUTO,,29.7396,0.0559,N/A,0,1500,VIDE,0.0,0.0,0.0,0.0,0.0,0.0,0,0,0.0,0.0,,,,,,,,,,,,
458,2026-04-23T08:22:07.680Z,S20260423_092137,N/A,AUTO,,29.8035,0.0639,N/A,0,1500,VIDE,0.0,0.0,0.0,0.0,0.0,0.0,0,0,0.0,0.0,,,,,,,,,,,,
459,2026-04-23T08:22:07.744Z,S20260423_092137,N/A,AUTO,,29.8679,0.0644,N/A,0,1500,VIDE,0.0,0.0,0.0,0.0,0.0,0.0,0,0,0.0,0.0,,,,,,,,,,,,
460,2026-04-23T08:22:07.804Z,S20260423_092137,N/A,AUTO,,29.9277,0.0598,N/A,0,1500,VIDE,0.0,0.0,0.0,0.0,0.0,0.0,0,0,0.0,0.0,,,,,,,,,,,,
461,2026-04-23T08:22:07.874Z,S20260423_092137,N/A,AUTO,,29.9976,0.0699,N/A,0,1500,VIDE,0.0,0.0,0.0,0.0,0.0,0.0,0,0,0.0,0.0,,,,,,,,,,,,
462,2026-04-23T08:22:07.929Z,S20260423_092137,N/A,AUTO,,30.0522,0.0546,N/A,0,1500,VIDE,0.0,0.0,0.0,0.0,0.0,0.0,0,0,0.0,0.0,,,,,,,,,,,,
463,2026-04-23T08:22:07.992Z,S20260423_092137,N/A,AUTO,,30.1159,0.0637,N/A,0,1500,VIDE,0.0,0.0,0.0,0.0,0.0,0.0,0,0,0.0,0.0,,,,,,,,,,,,
464,2026-04-23T08:22:08.054Z,S20260423_092137,N/A,AUTO,,30.1773,0.0614,N/A,0,1500,VIDE,0.0,0.0,0.0,0.0,0.0,0.0,0,0,0.0,0.0,,,,,,,,,,,,
465,2026-04-23T08:22:08.120Z,S20260423_092137,N/A,AUTO,,30.2437,0.0664,N/A,0,1500,VIDE,0.0,0.0,0.0,0.0,0.0,0.0,0,0,0.0,0.0,,,,,,,,,,,,
466,2026-04-23T08:22:08.184Z,S20260423_092137,N/A,AUTO,,30.3074,0.0638,N/A,0,1500,VIDE,0.0,0.0,0.0,0.0,0.0,0.0,0,0,0.0,0.0,,,,,,,,,,,,
467,2026-04-23T08:22:08.240Z,S20260423_092137,N/A,AUTO,,30.3638,0.0564,N/A,0,1500,VIDE,0.0,0.0,0.0,0.0,0.0,0.0,0,0,0.0,0.0,,,,,,,,,,,,
468,2026-04-23T08:22:08.304Z,S20260423_092137,N/A,AUTO,,30.4276,0.0638,N/A,0,1500,VIDE,0.0,0.0,0.0,0.0,0.0,0.0,0,0,0.0,0.0,,,,,,,,,,,,
469,2026-04-23T08:22:08.374Z,S20260423_092137,N/A,AUTO,,30.4977,0.0701,N/A,0,1500,VIDE,0.0,0.0,0.0,0.0,0.0,0.0,0,0,0.0,0.0,,,,,,,,,,,,
470,2026-04-23T08:22:08.436Z,S20260423_092137,N/A,AUTO,,30.5601,0.0624,N/A,0,1500,VIDE,0.0,0.0,0.0,0.0,0.0,0.0,0,0,0.0,0.0,,,,,,,,,,,,
471,2026-04-23T08:22:08.490Z,S20260423_092137,N/A,AUTO,,30.614,0.0539,N/A,0,1500,VIDE,0.0,0.0,0.0,0.0,0.0,0.0,0,0,0.0,0.0,,,,,,,,,,,,
472,2026-04-23T08:22:08.553Z,S20260423_092137,N/A,AUTO,,30.6768,0.0628,N/A,0,1500,VIDE,0.0,0.0,0.0,0.0,0.0,0.0,0,0,0.0,0.0,,,,,,,,,,,,
473,2026-04-23T08:22:08.617Z,S20260423_092137,N/A,AUTO,,30.7405,0.0636,N/A,0,1500,VIDE,0.0,0.0,0.0,0.0,0.0,0.0,0,0,0.0,0.0,,,,,,,,,,,,
474,2026-04-23T08:22:08.680Z,S20260423_092137,N/A,AUTO,,30.8039,0.0634,N/A,0,1500,VIDE,0.0,0.0,0.0,0.0,0.0,0.0,0,0,0.0,0.0,,,,,,,,,,,,
475,2026-04-23T08:22:08.744Z,S20260423_092137,N/A,AUTO,,30.8681,0.0642,N/A,0,1500,VIDE,0.0,0.0,0.0,0.0,0.0,0.0,0,0,0.0,0.0,,,,,,,,,,,,
476,2026-04-23T08:22:08.804Z,S20260423_092137,N/A,AUTO,,30.9278,0.0597,N/A,0,1500,VIDE,0.0,0.0,0.0,0.0,0.0,0.0,0,0,0.0,0.0,,,,,,,,,,,,
477,2026-04-23T08:22:08.872Z,S20260423_092137,N/A,AUTO,,30.996,0.0683,N/A,0,1500,VIDE,0.0,0.0,0.0,0.0,0.0,0.0,0,0,0.0,0.0,,,,,,,,,,,,
478,2026-04-23T08:22:08.936Z,S20260423_092137,N/A,AUTO,,31.0594,0.0634,N/A,0,1500,VIDE,0.0,0.0,0.0,0.0,0.0,0.0,0,0,0.0,0.0,,,,,,,,,,,,
479,2026-04-23T08:22:08.997Z,S20260423_092137,N/A,AUTO,,31.1209,0.0615,N/A,0,1500,VIDE,0.0,0.0,0.0,0.0,0.0,0.0,0,0,0.0,0.0,,,,,,,,,,,,
480,2026-04-23T08:22:09.059Z,S20260423_092137,N/A,AUTO,,31.1825,0.0616,N/A,0,1500,VIDE,0.0,0.0,0.0,0.0,0.0,0.0,0,0,0.0,0.0,,,,,,,,,,,,
481,2026-04-23T08:22:09.121Z,S20260423_092137,N/A,AUTO,,31.2448,0.0623,N/A,0,1500,VIDE,0.0,0.0,0.0,0.0,0.0,0.0,0,0,0.0,0.0,,,,,,,,,,,,
482,2026-04-23T08:22:09.183Z,S20260423_092137,N/A,AUTO,,31.3068,0.062,N/A,0,1500,VIDE,0.0,0.0,0.0,0.0,0.0,0.0,0,0,0.0,0.0,,,,,,,,,,,,
483,2026-04-23T08:22:09.244Z,S20260423_092137,N/A,AUTO,,31.3677,0.0609,N/A,0,1500,VIDE,0.0,0.0,0.0,0.0,0.0,0.0,0,0,0.0,0.0,,,,,,,,,,,,
484,2026-04-23T08:22:09.304Z,S20260423_092137,N/A,AUTO,,31.4278,0.0601,N/A,0,1500,VIDE,0.0,0.0,0.0,0.0,0.0,0.0,0,0,0.0,0.0,,,,,,,,,,,,
485,2026-04-23T08:22:09.370Z,S20260423_092137,N/A,AUTO,,31.4932,0.0654,N/A,0,1500,VIDE,0.0,0.0,0.0,0.0,0.0,0.0,0,0,0.0,0.0,,,,,,,,,,,,
486,2026-04-23T08:22:09.432Z,S20260423_092137,N/A,AUTO,,31.5558,0.0626,N/A,0,1500,VIDE,0.0,0.0,0.0,0.0,0.0,0.0,0,0,0.0,0.0,,,,,,,,,,,,
487,2026-04-23T08:22:09.494Z,S20260423_092137,N/A,AUTO,,31.6178,0.062,N/A,0,1500,VIDE,0.0,0.0,0.0,0.0,0.0,0.0,0,0,0.0,0.0,,,,,,,,,,,,
488,2026-04-23T08:22:09.557Z,S20260423_092137,N/A,AUTO,,31.6805,0.0627,N/A,0,1500,VIDE,0.0,0.0,0.0,0.0,0.0,0.0,0,0,0.0,0.0,,,,,,,,,,,,
489,2026-04-23T08:22:09.619Z,S20260423_092137,N/A,AUTO,,31.7427,0.0623,N/A,0,1500,VIDE,0.0,0.0,0.0,0.0,0.0,0.0,0,0,0.0,0.0,,,,,,,,,,,,
490,2026-04-23T08:22:09.680Z,S20260423_092137,N/A,AUTO,,31.8037,0.061,N/A,0,1500,VIDE,0.0,0.0,0.0,0.0,0.0,0.0,0,0,0.0,0.0,,,,,,,,,,,,
491,2026-04-23T08:22:09.744Z,S20260423_092137,N/A,AUTO,,31.8681,0.0643,N/A,0,1500,VIDE,0.0,0.0,0.0,0.0,0.0,0.0,0,0,0.0,0.0,,,,,,,,,,,,
492,2026-04-23T08:22:09.804Z,S20260423_092137,N/A,AUTO,,31.9276,0.0595,N/A,0,1500,VIDE,0.0,0.0,0.0,0.0,0.0,0.0,0,0,0.0,0.0,,,,,,,,,,,,
493,2026-04-23T08:22:09.867Z,S20260423_092137,N/A,AUTO,,31.991,0.0635,N/A,0,1500,VIDE,0.0,0.0,0.0,0.0,0.0,0.0,0,0,0.0,0.0,,,,,,,,,,,,
494,2026-04-23T08:22:09.929Z,S20260423_092137,N/A,AUTO,,32.0526,0.0616,N/A,0,1500,VIDE,0.0,0.0,0.0,0.0,0.0,0.0,0,0,0.0,0.0,,,,,,,,,,,,
495,2026-04-23T08:22:09.992Z,S20260423_092137,N/A,AUTO,,32.1155,0.0628,N/A,0,1500,VIDE,0.0,0.0,0.0,0.0,0.0,0.0,0,0,0.0,0.0,,,,,,,,,,,,
496,2026-04-23T08:22:10.054Z,S20260423_092137,N/A,AUTO,,32.1777,0.0623,N/A,0,1500,VIDE,0.0,0.0,0.0,0.0,0.0,0.0,0,0,0.0,0.0,,,,,,,,,,,,
497,2026-04-23T08:22:10.117Z,S20260423_092137,N/A,AUTO,,32.2406,0.0629,N/A,0,1500,VIDE,0.0,0.0,0.0,0.0,0.0,0.0,0,0,0.0,0.0,,,,,,,,,,,,
498,2026-04-23T08:22:10.180Z,S20260423_092137,N/A,AUTO,,32.3035,0.0629,N/A,0,1500,VIDE,0.0,0.0,0.0,0.0,0.0,0.0,0,0,0.0,0.0,,,,,,,,,,,,
499,2026-04-23T08:22:10.242Z,S20260423_092137,N/A,AUTO,,32.3659,0.0624,N/A,0,1500,VIDE,0.0,0.0,0.0,0.0,0.0,0.0,0,0,0.0,0.0,,,,,,,,,,,,
500,2026-04-23T08:22:10.304Z,S20260423_092137,N/A,AUTO,,32.4277,0.0618,N/A,0,1500,VIDE,0.0,0.0,0.0,0.0,0.0,0.0,0,0,0.0,0.0,,,,,,,,,,,,
501,2026-04-23T08:22:10.367Z,S20260423_092137,N/A,AUTO,,32.4906,0.0629,N/A,0,1500,VIDE,0.0,0.0,0.0,0.0,0.0,0.0,0,0,0.0,0.0,,,,,,,,,,,,
502,2026-04-23T08:22:10.430Z,S20260423_092137,N/A,AUTO,,32.5539,0.0633,N/A,0,1500,VIDE,0.0,0.0,0.0,0.0,0.0,0.0,0,0,0.0,0.0,,,,,,,,,,,,
503,2026-04-23T08:22:10.492Z,S20260423_092137,N/A,AUTO,,32.6157,0.0619,N/A,0,1500,VIDE,0.0,0.0,0.0,0.0,0.0,0.0,0,0,0.0,0.0,,,,,,,,,,,,
504,2026-04-23T08:22:10.556Z,S20260423_092137,N/A,AUTO,,32.6794,0.0637,N/A,0,1500,VIDE,0.0,0.0,0.0,0.0,0.0,0.0,0,0,0.0,0.0,,,,,,,,,,,,
505,2026-04-23T08:22:10.619Z,S20260423_092137,N/A,AUTO,,32.7424,0.063,N/A,0,1500,VIDE,0.0,0.0,0.0,0.0,0.0,0.0,0,0,0.0,0.0,,,,,,,,,,,,
506,2026-04-23T08:22:10.681Z,S20260423_092137,N/A,AUTO,,32.8046,0.0622,N/A,0,1500,VIDE,0.0,0.0,0.0,0.0,0.0,0.0,0,0,0.0,0.0,,,,,,,,,,,,
507,2026-04-23T08:22:10.742Z,S20260423_092137,N/A,AUTO,,32.8661,0.0615,N/A,0,1500,VIDE,0.0,0.0,0.0,0.0,0.0,0.0,0,0,0.0,0.0,,,,,,,,,,,,
508,2026-04-23T08:22:10.804Z,S20260423_092137,N/A,AUTO,,32.928,0.0618,N/A,0,1500,VIDE,0.0,0.0,0.0,0.0,0.0,0.0,0,0,0.0,0.0,,,,,,,,,,,,
509,2026-04-23T08:22:10.866Z,S20260423_092137,N/A,AUTO,,32.9899,0.062,N/A,0,1500,VIDE,0.0,0.0,0.0,0.0,0.0,0.0,0,0,0.0,0.0,,,,,,,,,,,,
510,2026-04-23T08:22:10.929Z,S20260423_092137,N/A,AUTO,,33.0527,0.0628,N/A,0,1500,VIDE,0.0,0.0,0.0,0.0,0.0,0.0,0,0,0.0,0.0,,,,,,,,,,,,
511,2026-04-23T08:22:10.991Z,S20260423_092137,N/A,AUTO,,33.1149,0.0622,N/A,0,1500,VIDE,0.0,0.0,0.0,0.0,0.0,0.0,0,0,0.0,0.0,,,,,,,,,,,,
512,2026-04-23T08:22:11.053Z,S20260423_092137,N/A,AUTO,,33.1767,0.0618,N/A,0,1500,VIDE,0.0,0.0,0.0,0.0,0.0,0.0,0,0,0.0,0.0,,,,,,,,,,,,
513,2026-04-23T08:22:11.116Z,S20260423_092137,N/A,AUTO,,33.2394,0.0627,N/A,0,1500,VIDE,0.0,0.0,0.0,0.0,0.0,0.0,0,0,0.0,0.0,,,,,,,,,,,,
514,2026-04-23T08:22:11.178Z,S20260423_092137,N/A,AUTO,,33.3018,0.0624,N/A,0,1500,VIDE,0.0,0.0,0.0,0.0,0.0,0.0,0,0,0.0,0.0,,,,,,,,,,,,
515,2026-04-23T08:22:11.241Z,S20260423_092137,N/A,AUTO,,33.3645,0.0627,N/A,0,1500,VIDE,0.0,0.0,0.0,0.0,0.0,0.0,0,0,0.0,0.0,,,,,,,,,,,,
516,2026-04-23T08:22:11.303Z,S20260423_092137,N/A,AUTO,,33.4271,0.0626,N/A,0,1500,VIDE,0.0,0.0,0.0,0.0,0.0,0.0,0,0,0.0,0.0,,,,,,,,,,,,
517,2026-04-23T08:22:11.365Z,S20260423_092137,N/A,AUTO,,33.4888,0.0617,N/A,0,1500,VIDE,0.0,0.0,0.0,0.0,0.0,0.0,0,0,0.0,0.0,,,,,,,,,,,,
518,2026-04-23T08:22:11.427Z,S20260423_092137,N/A,AUTO,,33.5508,0.062,N/A,0,1500,VIDE,0.0,0.0,0.0,0.0,0.0,0.0,0,0,0.0,0.0,,,,,,,,,,,,
519,2026-04-23T08:22:11.490Z,S20260423_092137,N/A,AUTO,,33.6137,0.0629,N/A,0,1500,VIDE,0.0,0.0,0.0,0.0,0.0,0.0,0,0,0.0,0.0,,,,,,,,,,,,
520,2026-04-23T08:22:11.552Z,S20260423_092137,N/A,AUTO,,33.6758,0.0621,N/A,0,1500,VIDE,0.0,0.0,0.0,0.0,0.0,0.0,0,0,0.0,0.0,,,,,,,,,,,,
521,2026-04-23T08:22:11.616Z,S20260423_092137,N/A,AUTO,,33.7394,0.0636,N/A,0,1500,VIDE,0.0,0.0,0.0,0.0,0.0,0.0,0,0,0.0,0.0,,,,,,,,,,,,
522,2026-04-23T08:22:11.679Z,S20260423_092137,N/A,AUTO,,33.8026,0.0632,N/A,0,1500,VIDE,0.0,0.0,0.0,0.0,0.0,0.0,0,0,0.0,0.0,,,,,,,,,,,,
523,2026-04-23T08:22:11.742Z,S20260423_092137,N/A,AUTO,,33.8658,0.0633,N/A,0,1500,VIDE,0.0,0.0,0.0,0.0,0.0,0.0,0,0,0.0,0.0,,,,,,,,,,,,
524,2026-04-23T08:22:11.804Z,S20260423_092137,N/A,AUTO,,33.9279,0.0621,N/A,0,1500,VIDE,0.0,0.0,0.0,0.0,0.0,0.0,0,0,0.0,0.0,,,,,,,,,,,,
525,2026-04-23T08:22:11.865Z,S20260423_092137,N/A,AUTO,,33.9891,0.0612,N/A,0,1500,VIDE,0.0,0.0,0.0,0.0,0.0,0.0,0,0,0.0,0.0,,,,,,,,,,,,
526,2026-04-23T08:22:11.930Z,S20260423_092137,N/A,AUTO,,34.0536,0.0645,N/A,0,1500,VIDE,0.0,0.0,0.0,0.0,0.0,0.0,0,0,0.0,0.0,,,,,,,,,,,,
527,2026-04-23T08:22:12.002Z,S20260423_092137,N/A,AUTO,,34.1255,0.0719,N/A,0,1500,VIDE,0.0,0.0,0.0,0.0,0.0,0.0,0,0,0.0,0.0,,,,,,,,,,,,
528,2026-04-23T08:22:12.063Z,S20260423_092137,N/A,AUTO,,34.1869,0.0614,N/A,0,1500,VIDE,0.0,0.0,0.0,0.0,0.0,0.0,0,0,0.0,0.0,,,,,,,,,,,,
529,2026-04-23T08:22:12.125Z,S20260423_092137,N/A,AUTO,,34.2484,0.0615,N/A,0,1500,VIDE,0.0,0.0,0.0,0.0,0.0,0.0,0,0,0.0,0.0,,,,,,,,,,,,
530,2026-04-23T08:22:12.185Z,S20260423_092137,N/A,AUTO,,34.3082,0.0599,N/A,0,1500,VIDE,0.0,0.0,0.0,0.0,0.0,0.0,0,0,0.0,0.0,,,,,,,,,,,,
531,2026-04-23T08:22:12.244Z,S20260423_092137,N/A,AUTO,,34.3678,0.0595,N/A,0,1500,VIDE,0.0,0.0,0.0,0.0,0.0,0.0,0,0,0.0,0.0,,,,,,,,,,,,
532,2026-04-23T08:22:12.304Z,S20260423_092137,N/A,AUTO,,34.4276,0.0598,N/A,0,1500,VIDE,0.0,0.0,0.0,0.0,0.0,0.0,0,0,0.0,0.0,,,,,,,,,,,,
533,2026-04-23T08:22:12.375Z,S20260423_092137,N/A,AUTO,,34.499,0.0715,N/A,0,1500,VIDE,0.0,0.0,0.0,0.0,0.0,0.0,0,0,0.0,0.0,,,,,,,,,,,,
534,2026-04-23T08:22:12.438Z,S20260423_092137,N/A,AUTO,,34.5616,0.0626,N/A,0,1500,VIDE,0.0,0.0,0.0,0.0,0.0,0.0,0,0,0.0,0.0,,,,,,,,,,,,
535,2026-04-23T08:22:12.501Z,S20260423_092137,N/A,AUTO,,34.6251,0.0635,N/A,0,1500,VIDE,0.0,0.0,0.0,0.0,0.0,0.0,0,0,0.0,0.0,,,,,,,,,,,,
536,2026-04-23T08:22:12.564Z,S20260423_092137,N/A,AUTO,,34.688,0.0629,N/A,0,1500,VIDE,0.0,0.0,0.0,0.0,0.0,0.0,0,0,0.0,0.0,,,,,,,,,,,,
537,2026-04-23T08:22:12.624Z,S20260423_092137,N/A,AUTO,,34.7477,0.0597,N/A,0,1500,VIDE,0.0,0.0,0.0,0.0,0.0,0.0,0,0,0.0,0.0,,,,,,,,,,,,
538,2026-04-23T08:22:12.684Z,S20260423_092137,N/A,AUTO,,34.8078,0.0601,N/A,0,1500,VIDE,0.0,0.0,0.0,0.0,0.0,0.0,0,0,0.0,0.0,,,,,,,,,,,,
539,2026-04-23T08:22:12.744Z,S20260423_092137,N/A,AUTO,,34.8676,0.0599,N/A,0,1500,VIDE,0.0,0.0,0.0,0.0,0.0,0.0,0,0,0.0,0.0,,,,,,,,,,,,
540,2026-04-23T08:22:12.804Z,S20260423_092137,N/A,AUTO,,34.928,0.0603,N/A,0,1500,VIDE,0.0,0.0,0.0,0.0,0.0,0.0,0,0,0.0,0.0,,,,,,,,,,,,
541,2026-04-23T08:22:12.876Z,S20260423_092137,N/A,AUTO,,34.9996,0.0716,N/A,0,1500,VIDE,0.0,0.0,0.0,0.0,0.0,0.0,0,0,0.0,0.0,,,,,,,,,,,,
542,2026-04-23T08:22:12.935Z,S20260423_092137,N/A,AUTO,,35.0591,0.0595,N/A,0,1500,VIDE,0.0,0.0,0.0,0.0,0.0,0.0,0,0,0.0,0.0,,,,,,,,,,,,
543,2026-04-23T08:22:13.001Z,S20260423_092137,N/A,AUTO,,35.1246,0.0655,N/A,0,1500,VIDE,0.0,0.0,0.0,0.0,0.0,0.0,0,0,0.0,0.0,,,,,,,,,,,,
544,2026-04-23T08:22:13.063Z,S20260423_092137,N/A,AUTO,,35.1865,0.0619,N/A,0,1500,VIDE,0.0,0.0,0.0,0.0,0.0,0.0,0,0,0.0,0.0,,,,,,,,,,,,
545,2026-04-23T08:22:13.118Z,S20260423_092137,N/A,AUTO,,35.242,0.0555,N/A,0,1500,VIDE,0.0,0.0,0.0,0.0,0.0,0.0,0,0,0.0,0.0,,,,,,,,,,,,
546,2026-04-23T08:22:13.184Z,S20260423_092137,N/A,AUTO,,35.3078,0.0657,N/A,0,1500,VIDE,0.0,0.0,0.0,0.0,0.0,0.0,0,0,0.0,0.0,,,,,,,,,,,,
547,2026-04-23T08:22:13.244Z,S20260423_092137,N/A,AUTO,,35.3678,0.06,N/A,0,1500,VIDE,0.0,0.0,0.0,0.0,0.0,0.0,0,0,0.0,0.0,,,,,,,,,,,,
548,2026-04-23T08:22:13.304Z,S20260423_092137,N/A,AUTO,,35.4279,0.0601,N/A,0,1500,VIDE,0.0,0.0,0.0,0.0,0.0,0.0,0,0,0.0,0.0,,,,,,,,,,,,
549,2026-04-23T08:22:13.375Z,S20260423_092137,N/A,AUTO,,35.4987,0.0709,N/A,0,1500,VIDE,0.0,0.0,0.0,0.0,0.0,0.0,0,0,0.0,0.0,,,,,,,,,,,,
550,2026-04-23T08:22:13.437Z,S20260423_092137,N/A,AUTO,,35.5611,0.0623,N/A,0,1500,VIDE,0.0,0.0,0.0,0.0,0.0,0.0,0,0,0.0,0.0,,,,,,,,,,,,
551,2026-04-23T08:22:13.500Z,S20260423_092137,N/A,AUTO,,35.6239,0.0628,N/A,0,1500,VIDE,0.0,0.0,0.0,0.0,0.0,0.0,0,0,0.0,0.0,,,,,,,,,,,,
552,2026-04-23T08:22:13.561Z,S20260423_092137,N/A,AUTO,,35.6849,0.061,N/A,0,1500,VIDE,0.0,0.0,0.0,0.0,0.0,0.0,0,0,0.0,0.0,,,,,,,,,,,,
553,2026-04-23T08:22:13.624Z,S20260423_092137,N/A,AUTO,,35.7478,0.063,N/A,0,1500,VIDE,0.0,0.0,0.0,0.0,0.0,0.0,0,0,0.0,0.0,,,,,,,,,,,,
554,2026-04-23T08:22:13.683Z,S20260423_092137,N/A,AUTO,,35.8072,0.0593,N/A,0,1500,VIDE,0.0,0.0,0.0,0.0,0.0,0.0,0,0,0.0,0.0,,,,,,,,,,,,
555,2026-04-23T08:22:13.744Z,S20260423_092137,N/A,AUTO,,35.8676,0.0605,N/A,0,1500,VIDE,0.0,0.0,0.0,0.0,0.0,0.0,0,0,0.0,0.0,,,,,,,,,,,,
556,2026-04-23T08:22:13.804Z,S20260423_092137,N/A,AUTO,,35.9279,0.0603,N/A,0,1500,VIDE,0.0,0.0,0.0,0.0,0.0,0.0,0,0,0.0,0.0,,,,,,,,,,,,
557,2026-04-23T08:22:13.872Z,S20260423_092137,N/A,AUTO,,35.9954,0.0675,N/A,0,1500,VIDE,0.0,0.0,0.0,0.0,0.0,0.0,0,0,0.0,0.0,,,,,,,,,,,,
558,2026-04-23T08:22:13.929Z,S20260423_092137,N/A,AUTO,,36.0527,0.0574,N/A,0,1500,VIDE,0.0,0.0,0.0,0.0,0.0,0.0,0,0,0.0,0.0,,,,,,,,,,,,
559,2026-04-23T08:22:13.992Z,S20260423_092137,N/A,AUTO,,36.1161,0.0634,N/A,0,1500,VIDE,0.0,0.0,0.0,0.0,0.0,0.0,0,0,0.0,0.0,,,,,,,,,,,,
560,2026-04-23T08:22:14.056Z,S20260423_092137,N/A,AUTO,,36.1799,0.0638,N/A,0,1500,VIDE,0.0,0.0,0.0,0.0,0.0,0.0,0,0,0.0,0.0,,,,,,,,,,,,
561,2026-04-23T08:22:14.120Z,S20260423_092137,N/A,AUTO,,36.244,0.0642,N/A,0,1500,VIDE,0.0,0.0,0.0,0.0,0.0,0.0,0,0,0.0,0.0,,,,,,,,,,,,
562,2026-04-23T08:22:14.185Z,S20260423_092137,N/A,AUTO,,36.3082,0.0642,N/A,0,1500,VIDE,0.0,0.0,0.0,0.0,0.0,0.0,0,0,0.0,0.0,,,,,,,,,,,,
563,2026-04-23T08:22:14.244Z,S20260423_092137,N/A,AUTO,,36.3679,0.0596,N/A,0,1500,VIDE,0.0,0.0,0.0,0.0,0.0,0.0,0,0,0.0,0.0,,,,,,,,,,,,
564,2026-04-23T08:22:14.304Z,S20260423_092137,N/A,AUTO,,36.428,0.0602,N/A,0,1500,VIDE,0.0,0.0,0.0,0.0,0.0,0.0,0,0,0.0,0.0,,,,,,,,,,,,
565,2026-04-23T08:22:14.369Z,S20260423_092137,N/A,AUTO,,36.4922,0.0641,N/A,0,1500,VIDE,0.0,0.0,0.0,0.0,0.0,0.0,0,0,0.0,0.0,,,,,,,,,,,,
566,2026-04-23T08:22:14.432Z,S20260423_092137,N/A,AUTO,,36.5561,0.064,N/A,0,1500,VIDE,0.0,0.0,0.0,0.0,0.0,0.0,0,0,0.0,0.0,,,,,,,,,,,,
567,2026-04-23T08:22:14.496Z,S20260423_092137,N/A,AUTO,,36.6193,0.0632,N/A,0,1500,VIDE,0.0,0.0,0.0,0.0,0.0,0.0,0,0,0.0,0.0,,,,,,,,,,,,
568,2026-04-23T08:22:14.557Z,S20260423_092137,N/A,AUTO,,36.681,0.0616,N/A,0,1500,VIDE,0.0,0.0,0.0,0.0,0.0,0.0,0,0,0.0,0.0,,,,,,,,,,,,
569,2026-04-23T08:22:14.616Z,S20260423_092137,N/A,AUTO,,36.7399,0.059,N/A,0,1500,VIDE,0.0,0.0,0.0,0.0,0.0,0.0,0,0,0.0,0.0,,,,,,,,,,,,
570,2026-04-23T08:22:14.682Z,S20260423_092137,N/A,AUTO,,36.8056,0.0657,N/A,0,1500,VIDE,0.0,0.0,0.0,0.0,0.0,0.0,0,0,0.0,0.0,,,,,,,,,,,,
571,2026-04-23T08:22:14.742Z,S20260423_092137,N/A,AUTO,,36.8659,0.0603,N/A,0,1500,VIDE,0.0,0.0,0.0,0.0,0.0,0.0,0,0,0.0,0.0,,,,,,,,,,,,
572,2026-04-23T08:22:14.804Z,S20260423_092137,N/A,AUTO,,36.9274,0.0615,N/A,0,1500,VIDE,0.0,0.0,0.0,0.0,0.0,0.0,0,0,0.0,0.0,,,,,,,,,,,,
573,2026-04-23T08:22:14.868Z,S20260423_092137,N/A,AUTO,,36.9912,0.0638,N/A,0,1500,VIDE,0.0,0.0,0.0,0.0,0.0,0.0,0,0,0.0,0.0,,,,,,,,,,,,
574,2026-04-23T08:22:14.930Z,S20260423_092137,N/A,AUTO,,37.0532,0.062,N/A,0,1500,VIDE,0.0,0.0,0.0,0.0,0.0,0.0,0,0,0.0,0.0,,,,,,,,,,,,
575,2026-04-23T08:22:14.994Z,S20260423_092137,N/A,AUTO,,37.1179,0.0647,N/A,0,1500,VIDE,0.0,0.0,0.0,0.0,0.0,0.0,0,0,0.0,0.0,,,,,,,,,,,,
576,2026-04-23T08:22:15.056Z,S20260423_092137,N/A,AUTO,,37.18,0.0621,N/A,0,1500,VIDE,0.0,0.0,0.0,0.0,0.0,0.0,0,0,0.0,0.0,,,,,,,,,,,,
577,2026-04-23T08:22:15.120Z,S20260423_092137,N/A,AUTO,,37.2434,0.0634,N/A,0,1500,VIDE,0.0,0.0,0.0,0.0,0.0,0.0,0,0,0.0,0.0,,,,,,,,,,,,
578,2026-04-23T08:22:15.182Z,S20260423_092137,N/A,AUTO,,37.3052,0.0618,N/A,0,1500,VIDE,0.0,0.0,0.0,0.0,0.0,0.0,0,0,0.0,0.0,,,,,,,,,,,,
579,2026-04-23T08:22:15.240Z,S20260423_092137,N/A,AUTO,,37.3641,0.0589,N/A,0,1500,VIDE,0.0,0.0,0.0,0.0,0.0,0.0,0,0,0.0,0.0,,,,,,,,,,,,
580,2026-04-23T08:22:15.305Z,S20260423_092137,N/A,AUTO,,37.4282,0.0641,N/A,0,1500,VIDE,0.0,0.0,0.0,0.0,0.0,0.0,0,0,0.0,0.0,,,,,,,,,,,,
581,2026-04-23T08:22:15.365Z,S20260423_092137,N/A,AUTO,,37.4889,0.0607,N/A,0,1500,VIDE,0.0,0.0,0.0,0.0,0.0,0.0,0,0,0.0,0.0,,,,,,,,,,,,
582,2026-04-23T08:22:15.427Z,S20260423_092137,N/A,AUTO,,37.551,0.0621,N/A,0,1500,VIDE,0.0,0.0,0.0,0.0,0.0,0.0,0,0,0.0,0.0,,,,,,,,,,,,
583,2026-04-23T08:22:15.504Z,S20260423_092137,N/A,AUTO,,37.6274,0.0765,N/A,0,1500,VIDE,0.0,0.0,0.0,0.0,0.0,0.0,0,0,0.0,0.0,,,,,,,,,,,,
584,2026-04-23T08:22:15.552Z,S20260423_092137,N/A,AUTO,,37.6761,0.0486,N/A,0,1500,VIDE,0.0,0.0,0.0,0.0,0.0,0.0,0,0,0.0,0.0,,,,,,,,,,,,
585,2026-04-23T08:22:15.615Z,S20260423_092137,N/A,AUTO,,37.7387,0.0627,N/A,0,1500,VIDE,0.0,0.0,0.0,0.0,0.0,0.0,0,0,0.0,0.0,,,,,,,,,,,,
586,2026-04-23T08:22:15.680Z,S20260423_092137,N/A,AUTO,,37.8039,0.0652,N/A,0,1500,VIDE,0.0,0.0,0.0,0.0,0.0,0.0,0,0,0.0,0.0,,,,,,,,,,,,
587,2026-04-23T08:22:15.744Z,S20260423_092137,N/A,AUTO,,37.8679,0.064,N/A,0,1500,VIDE,0.0,0.0,0.0,0.0,0.0,0.0,0,0,0.0,0.0,,,,,,,,,,,,
588,2026-04-23T08:22:15.804Z,S20260423_092137,N/A,AUTO,,37.9281,0.0601,N/A,0,1500,VIDE,0.0,0.0,0.0,0.0,0.0,0.0,0,0,0.0,0.0,,,,,,,,,,,,
589,2026-04-23T08:22:15.872Z,S20260423_092137,N/A,AUTO,,37.996,0.068,N/A,0,1500,VIDE,0.0,0.0,0.0,0.0,0.0,0.0,0,0,0.0,0.0,,,,,,,,,,,,
590,2026-04-23T08:22:15.929Z,S20260423_092137,N/A,AUTO,,38.0527,0.0567,N/A,0,1500,VIDE,0.0,0.0,0.0,0.0,0.0,0.0,0,0,0.0,0.0,,,,,,,,,,,,
591,2026-04-23T08:22:16.002Z,S20260423_092137,N/A,AUTO,,38.126,0.0733,N/A,0,1500,VIDE,0.0,0.0,0.0,0.0,0.0,0.0,0,0,0.0,0.0,,,,,,,,,,,,
592,2026-04-23T08:22:16.063Z,S20260423_092137,N/A,AUTO,,38.187,0.061,N/A,0,1500,VIDE,0.0,0.0,0.0,0.0,0.0,0.0,0,0,0.0,0.0,,,,,,,,,,,,
593,2026-04-23T08:22:16.124Z,S20260423_092137,N/A,AUTO,,38.248,0.061,N/A,0,1500,VIDE,0.0,0.0,0.0,0.0,0.0,0.0,0,0,0.0,0.0,,,,,,,,,,,,
594,2026-04-23T08:22:16.185Z,S20260423_092137,N/A,AUTO,,38.3083,0.0603,N/A,0,1500,VIDE,0.0,0.0,0.0,0.0,0.0,0.0,0,0,0.0,0.0,,,,,,,,,,,,
595,2026-04-23T08:22:16.244Z,S20260423_092137,N/A,AUTO,,38.3681,0.0598,N/A,0,1500,VIDE,0.0,0.0,0.0,0.0,0.0,0.0,0,0,0.0,0.0,,,,,,,,,,,,
596,2026-04-23T08:22:16.304Z,S20260423_092137,N/A,AUTO,,38.4281,0.06,N/A,0,1500,VIDE,0.0,0.0,0.0,0.0,0.0,0.0,0,0,0.0,0.0,,,,,,,,,,,,
597,2026-04-23T08:22:16.368Z,S20260423_092137,N/A,AUTO,,38.4919,0.0638,N/A,0,1500,VIDE,0.0,0.0,0.0,0.0,0.0,0.0,0,0,0.0,0.0,,,,,,,,,,,,
598,2026-04-23T08:22:16.433Z,S20260423_092137,N/A,AUTO,,38.5562,0.0642,N/A,0,1500,VIDE,0.0,0.0,0.0,0.0,0.0,0.0,0,0,0.0,0.0,,,,,,,,,,,,
599,2026-04-23T08:22:16.497Z,S20260423_092137,N/A,AUTO,,38.6203,0.0641,N/A,0,1500,VIDE,0.0,0.0,0.0,0.0,0.0,0.0,0,0,0.0,0.0,,,,,,,,,,,,
600,2026-04-23T08:22:16.552Z,S20260423_092137,N/A,AUTO,,38.6759,0.0557,N/A,0,1500,VIDE,0.0,0.0,0.0,0.0,0.0,0.0,0,0,0.0,0.0,,,,,,,,,,,,
601,2026-04-23T08:22:16.624Z,S20260423_092137,N/A,AUTO,,38.7478,0.0719,N/A,0,1500,VIDE,0.0,0.0,0.0,0.0,0.0,0.0,0,0,0.0,0.0,,,,,,,,,,,,
602,2026-04-23T08:22:16.680Z,S20260423_092137,N/A,AUTO,,38.804,0.0561,N/A,0,1500,VIDE,0.0,0.0,0.0,0.0,0.0,0.0,0,0,0.0,0.0,,,,,,,,,,,,
603,2026-04-23T08:22:16.744Z,S20260423_092137,N/A,AUTO,,38.8679,0.0639,N/A,0,1500,VIDE,0.0,0.0,0.0,0.0,0.0,0.0,0,0,0.0,0.0,,,,,,,,,,,,
604,2026-04-23T08:22:16.802Z,S20260423_092137,N/A,AUTO,,38.9256,0.0578,N/A,0,1500,VIDE,0.0,0.0,0.0,0.0,0.0,0.0,0,0,0.0,0.0,,,,,,,,,,,,
605,2026-04-23T08:22:16.872Z,S20260423_092137,N/A,AUTO,,38.996,0.0704,N/A,0,1500,VIDE,0.0,0.0,0.0,0.0,0.0,0.0,0,0,0.0,0.0,,,,,,,,,,,,
606,2026-04-23T08:22:16.929Z,S20260423_092137,N/A,AUTO,,39.0528,0.0568,N/A,0,1500,VIDE,0.0,0.0,0.0,0.0,0.0,0.0,0,0,0.0,0.0,,,,,,,,,,,,
607,2026-04-23T08:22:17.001Z,S20260423_092137,N/A,AUTO,,39.125,0.0721,N/A,0,1500,VIDE,0.0,0.0,0.0,0.0,0.0,0.0,0,0,0.0,0.0,,,,,,,,,,,,
608,2026-04-23T08:22:17.062Z,S20260423_092137,N/A,AUTO,,39.186,0.061,N/A,0,1500,VIDE,0.0,0.0,0.0,0.0,0.0,0.0,0,0,0.0,0.0,,,,,,,,,,,,
609,2026-04-23T08:22:17.124Z,S20260423_092137,N/A,AUTO,,39.2479,0.0619,N/A,0,1500,VIDE,0.0,0.0,0.0,0.0,0.0,0.0,0,0,0.0,0.0,,,,,,,,,,,,
610,2026-04-23T08:22:17.184Z,S20260423_092137,N/A,AUTO,,39.3076,0.0597,N/A,0,1500,VIDE,0.0,0.0,0.0,0.0,0.0,0.0,0,0,0.0,0.0,,,,,,,,,,,,
611,2026-04-23T08:22:17.241Z,S20260423_092137,N/A,AUTO,,39.3646,0.057,N/A,0,1500,VIDE,0.0,0.0,0.0,0.0,0.0,0.0,0,0,0.0,0.0,,,,,,,,,,,,
612,2026-04-23T08:22:17.304Z,S20260423_092137,N/A,AUTO,,39.4277,0.0631,N/A,0,1500,VIDE,0.0,0.0,0.0,0.0,0.0,0.0,0,0,0.0,0.0,,,,,,,,,,,,
613,2026-04-23T08:22:17.374Z,S20260423_092137,N/A,AUTO,,39.4981,0.0704,N/A,0,1500,VIDE,0.0,0.0,0.0,0.0,0.0,0.0,0,0,0.0,0.0,,,,,,,,,,,,
614,2026-04-23T08:22:17.437Z,S20260423_092137,N/A,AUTO,,39.5604,0.0623,N/A,0,1500,VIDE,0.0,0.0,0.0,0.0,0.0,0.0,0,0,0.0,0.0,,,,,,,,,,,,
615,2026-04-23T08:22:17.496Z,S20260423_092137,N/A,AUTO,,39.62,0.0596,N/A,0,1500,VIDE,0.0,0.0,0.0,0.0,0.0,0.0,0,0,0.0,0.0,,,,,,,,,,,,
616,2026-04-23T08:22:17.552Z,S20260423_092137,N/A,AUTO,,39.6758,0.0558,N/A,0,1500,VIDE,0.0,0.0,0.0,0.0,0.0,0.0,0,0,0.0,0.0,,,,,,,,,,,,
617,2026-04-23T08:22:17.622Z,S20260423_092137,N/A,AUTO,,39.7454,0.0696,N/A,0,1500,VIDE,0.0,0.0,0.0,0.0,0.0,0.0,0,0,0.0,0.0,,,,,,,,,,,,
618,2026-04-23T08:22:17.683Z,S20260423_092137,N/A,AUTO,,39.807,0.0615,N/A,0,1500,VIDE,0.0,0.0,0.0,0.0,0.0,0.0,0,0,0.0,0.0,,,,,,,,,,,,
619,2026-04-23T08:22:17.744Z,S20260423_092137,N/A,AUTO,,39.8672,0.0602,N/A,0,1500,VIDE,0.0,0.0,0.0,0.0,0.0,0.0,0,0,0.0,0.0,,,,,,,,,,,,
620,2026-04-23T08:22:17.804Z,S20260423_092137,N/A,AUTO,,39.9281,0.0609,N/A,0,1500,VIDE,0.0,0.0,0.0,0.0,0.0,0.0,0,0,0.0,0.0,,,,,,,,,,,,
621,2026-04-23T08:22:17.871Z,S20260423_092137,N/A,AUTO,,39.9947,0.0667,N/A,0,1500,VIDE,0.0,0.0,0.0,0.0,0.0,0.0,0,0,0.0,0.0,,,,,,,,,,,,
622,2026-04-23T08:22:17.935Z,S20260423_092137,N/A,AUTO,,40.0585,0.0638,N/A,0,1500,VIDE,0.0,0.0,0.0,0.0,0.0,0.0,0,0,0.0,0.0,,,,,,,,,,,,
623,2026-04-23T08:22:17.997Z,S20260423_092137,N/A,AUTO,,40.1202,0.0616,N/A,0,1500,VIDE,0.0,0.0,0.0,0.0,0.0,0.0,0,0,0.0,0.0,,,,,,,,,,,,
624,2026-04-23T08:22:18.058Z,S20260423_092137,N/A,AUTO,,40.182,0.0619,N/A,0,1500,VIDE,0.0,0.0,0.0,0.0,0.0,0.0,0,0,0.0,0.0,,,,,,,,,,,,
625,2026-04-23T08:22:18.122Z,S20260423_092137,N/A,AUTO,,40.2455,0.0634,N/A,0,1500,VIDE,0.0,0.0,0.0,0.0,0.0,0.0,0,0,0.0,0.0,,,,,,,,,,,,
626,2026-04-23T08:22:18.184Z,S20260423_092137,N/A,AUTO,,40.3075,0.062,N/A,0,1500,VIDE,0.0,0.0,0.0,0.0,0.0,0.0,0,0,0.0,0.0,,,,,,,,,,,,
627,2026-04-23T08:22:18.241Z,S20260423_092137,N/A,AUTO,,40.3642,0.0567,N/A,0,1500,VIDE,0.0,0.0,0.0,0.0,0.0,0.0,0,0,0.0,0.0,,,,,,,,,,,,
628,2026-04-23T08:22:18.304Z,S20260423_092137,N/A,AUTO,,40.4273,0.0631,N/A,0,1500,VIDE,0.0,0.0,0.0,0.0,0.0,0.0,0,0,0.0,0.0,,,,,,,,,,,,
629,2026-04-23T08:22:18.371Z,S20260423_092137,N/A,AUTO,,40.4951,0.0677,N/A,0,1500,VIDE,0.0,0.0,0.0,0.0,0.0,0.0,0,0,0.0,0.0,,,,,,,,,,,,
630,2026-04-23T08:22:18.433Z,S20260423_092137,N/A,AUTO,,40.5564,0.0614,N/A,0,1500,VIDE,0.0,0.0,0.0,0.0,0.0,0.0,0,0,0.0,0.0,,,,,,,,,,,,
631,2026-04-23T08:22:18.494Z,S20260423_092137,N/A,AUTO,,40.6178,0.0613,N/A,0,1500,VIDE,0.0,0.0,0.0,0.0,0.0,0.0,0,0,0.0,0.0,,,,,,,,,,,,
632,2026-04-23T08:22:18.552Z,S20260423_092137,N/A,AUTO,,40.6759,0.0581,N/A,0,1500,VIDE,0.0,0.0,0.0,0.0,0.0,0.0,0,0,0.0,0.0,,,,,,,,,,,,
633,2026-04-23T08:22:18.616Z,S20260423_092137,N/A,AUTO,,40.7399,0.064,N/A,0,1500,VIDE,0.0,0.0,0.0,0.0,0.0,0.0,0,0,0.0,0.0,,,,,,,,,,,,
634,2026-04-23T08:22:18.680Z,S20260423_092137,N/A,AUTO,,40.8032,0.0633,N/A,0,1500,VIDE,0.0,0.0,0.0,0.0,0.0,0.0,0,0,0.0,0.0,,,,,,,,,,,,
635,2026-04-23T08:22:18.744Z,S20260423_092137,N/A,AUTO,,40.8679,0.0647,N/A,0,1500,VIDE,0.0,0.0,0.0,0.0,0.0,0.0,0,0,0.0,0.0,,,,,,,,,,,,
636,2026-04-23T08:22:18.804Z,S20260423_092137,N/A,AUTO,,40.9272,0.0593,N/A,0,1500,VIDE,0.0,0.0,0.0,0.0,0.0,0.0,0,0,0.0,0.0,,,,,,,,,,,,
637,2026-04-23T08:22:18.865Z,S20260423_092137,N/A,AUTO,,40.9889,0.0617,N/A,0,1500,VIDE,0.0,0.0,0.0,0.0,0.0,0.0,0,0,0.0,0.0,,,,,,,,,,,,
638,2026-04-23T08:22:18.932Z,S20260423_092137,N/A,AUTO,,41.0554,0.0665,N/A,0,1500,VIDE,0.0,0.0,0.0,0.0,0.0,0.0,0,0,0.0,0.0,,,,,,,,,,,,
639,2026-04-23T08:22:18.992Z,S20260423_092137,N/A,AUTO,,41.116,0.0606,N/A,0,1500,VIDE,0.0,0.0,0.0,0.0,0.0,0.0,0,0,0.0,0.0,,,,,,,,,,,,
640,2026-04-23T08:22:19.057Z,S20260423_092137,N/A,AUTO,,41.181,0.065,N/A,0,1500,VIDE,0.0,0.0,0.0,0.0,0.0,0.0,0,0,0.0,0.0,,,,,,,,,,,,
641,2026-04-23T08:22:19.121Z,S20260423_092137,N/A,AUTO,,41.245,0.064,N/A,0,1500,VIDE,0.0,0.0,0.0,0.0,0.0,0.0,0,0,0.0,0.0,,,,,,,,,,,,
642,2026-04-23T08:22:19.183Z,S20260423_092137,N/A,AUTO,,41.3068,0.0618,N/A,0,1500,VIDE,0.0,0.0,0.0,0.0,0.0,0.0,0,0,0.0,0.0,,,,,,,,,,,,
643,2026-04-23T08:22:19.243Z,S20260423_092137,N/A,AUTO,,41.367,0.0602,N/A,0,1500,VIDE,0.0,0.0,0.0,0.0,0.0,0.0,0,0,0.0,0.0,,,,,,,,,,,,
644,2026-04-23T08:22:19.304Z,S20260423_092137,N/A,AUTO,,41.4278,0.0608,N/A,0,1500,VIDE,0.0,0.0,0.0,0.0,0.0,0.0,0,0,0.0,0.0,,,,,,,,,,,,
645,2026-04-23T08:22:19.372Z,S20260423_092137,N/A,AUTO,,41.4954,0.0676,N/A,0,1500,VIDE,0.0,0.0,0.0,0.0,0.0,0.0,0,0,0.0,0.0,,,,,,,,,,,,
646,2026-04-23T08:22:19.433Z,S20260423_092137,N/A,AUTO,,41.5562,0.0608,N/A,0,1500,VIDE,0.0,0.0,0.0,0.0,0.0,0.0,0,0,0.0,0.0,,,,,,,,,,,,
647,2026-04-23T08:22:19.496Z,S20260423_092137,N/A,AUTO,,41.62,0.0638,N/A,0,1500,VIDE,0.0,0.0,0.0,0.0,0.0,0.0,0,0,0.0,0.0,,,,,,,,,,,,
648,2026-04-23T08:22:19.559Z,S20260423_092137,N/A,AUTO,,41.683,0.063,N/A,0,1500,VIDE,0.0,0.0,0.0,0.0,0.0,0.0,0,0,0.0,0.0,,,,,,,,,,,,
649,2026-04-23T08:22:19.616Z,S20260423_092137,N/A,AUTO,,41.74,0.057,N/A,0,1500,VIDE,0.0,0.0,0.0,0.0,0.0,0.0,0,0,0.0,0.0,,,,,,,,,,,,
650,2026-04-23T08:22:19.681Z,S20260423_092137,N/A,AUTO,,41.8042,0.0642,N/A,0,1500,VIDE,0.0,0.0,0.0,0.0,0.0,0.0,0,0,0.0,0.0,,,,,,,,,,,,
651,2026-04-23T08:22:19.744Z,S20260423_092137,N/A,AUTO,,41.8673,0.0631,N/A,0,1500,VIDE,0.0,0.0,0.0,0.0,0.0,0.0,0,0,0.0,0.0,,,,,,,,,,,,
652,2026-04-23T08:22:19.805Z,S20260423_092137,N/A,AUTO,,41.9282,0.0609,N/A,0,1500,VIDE,0.0,0.0,0.0,0.0,0.0,0.0,0,0,0.0,0.0,,,,,,,,,,,,
653,2026-04-23T08:22:19.870Z,S20260423_092137,N/A,AUTO,,41.9934,0.0652,N/A,0,1500,VIDE,0.0,0.0,0.0,0.0,0.0,0.0,0,0,0.0,0.0,,,,,,,,,,,,
654,2026-04-23T08:22:19.929Z,S20260423_092137,N/A,AUTO,,42.0528,0.0594,N/A,0,1500,VIDE,0.0,0.0,0.0,0.0,0.0,0.0,0,0,0.0,0.0,,,,,,,,,,,,
655,2026-04-23T08:22:19.993Z,S20260423_092137,N/A,AUTO,,42.1162,0.0634,N/A,0,1500,VIDE,0.0,0.0,0.0,0.0,0.0,0.0,0,0,0.0,0.0,,,,,,,,,,,,
656,2026-04-23T08:22:20.056Z,S20260423_092137,N/A,AUTO,,42.1801,0.0639,N/A,0,1500,VIDE,0.0,0.0,0.0,0.0,0.0,0.0,0,0,0.0,0.0,,,,,,,,,,,,
657,2026-04-23T08:22:20.121Z,S20260423_092137,N/A,AUTO,,42.2445,0.0643,N/A,0,1500,VIDE,0.0,0.0,0.0,0.0,0.0,0.0,0,0,0.0,0.0,,,,,,,,,,,,
658,2026-04-23T08:22:20.183Z,S20260423_092137,N/A,AUTO,,42.3066,0.0622,N/A,0,1500,VIDE,0.0,0.0,0.0,0.0,0.0,0.0,0,0,0.0,0.0,,,,,,,,,,,,
659,2026-04-23T08:22:20.243Z,S20260423_092137,N/A,AUTO,,42.3667,0.0601,N/A,0,1500,VIDE,0.0,0.0,0.0,0.0,0.0,0.0,0,0,0.0,0.0,,,,,,,,,,,,
660,2026-04-23T08:22:20.304Z,S20260423_092137,N/A,AUTO,,42.428,0.0613,N/A,0,1500,VIDE,0.0,0.0,0.0,0.0,0.0,0.0,0,0,0.0,0.0,,,,,,,,,,,,
661,2026-04-23T08:22:20.369Z,S20260423_092137,N/A,AUTO,,42.4927,0.0647,N/A,0,1500,VIDE,0.0,0.0,0.0,0.0,0.0,0.0,0,0,0.0,0.0,,,,,,,,,,,,
662,2026-04-23T08:22:20.431Z,S20260423_092137,N/A,AUTO,,42.5546,0.0619,N/A,0,1500,VIDE,0.0,0.0,0.0,0.0,0.0,0.0,0,0,0.0,0.0,,,,,,,,,,,,
663,2026-04-23T08:22:20.493Z,S20260423_092137,N/A,AUTO,,42.6163,0.0617,N/A,0,1500,VIDE,0.0,0.0,0.0,0.0,0.0,0.0,0,0,0.0,0.0,,,,,,,,,,,,
664,2026-04-23T08:22:20.555Z,S20260423_092137,N/A,AUTO,,42.6787,0.0624,N/A,0,1500,VIDE,0.0,0.0,0.0,0.0,0.0,0.0,0,0,0.0,0.0,,,,,,,,,,,,
665,2026-04-23T08:22:20.618Z,S20260423_092137,N/A,AUTO,,42.7421,0.0634,N/A,0,1500,VIDE,0.0,0.0,0.0,0.0,0.0,0.0,0,0,0.0,0.0,,,,,,,,,,,,
666,2026-04-23T08:22:20.682Z,S20260423_092137,N/A,AUTO,,42.8054,0.0633,N/A,0,1500,VIDE,0.0,0.0,0.0,0.0,0.0,0.0,0,0,0.0,0.0,,,,,,,,,,,,
667,2026-04-23T08:22:20.744Z,S20260423_092137,N/A,AUTO,,42.8672,0.0618,N/A,0,1500,VIDE,0.0,0.0,0.0,0.0,0.0,0.0,0,0,0.0,0.0,,,,,,,,,,,,
668,2026-04-23T08:22:20.804Z,S20260423_092137,N/A,AUTO,,42.9281,0.0609,N/A,0,1500,VIDE,0.0,0.0,0.0,0.0,0.0,0.0,0,0,0.0,0.0,,,,,,,,,,,,
669,2026-04-23T08:22:20.870Z,S20260423_092137,N/A,AUTO,,42.9934,0.0652,N/A,0,1500,VIDE,0.0,0.0,0.0,0.0,0.0,0.0,0,0,0.0,0.0,,,,,,,,,,,,
670,2026-04-23T08:22:20.931Z,S20260423_092137,N/A,AUTO,,43.0545,0.0612,N/A,0,1500,VIDE,0.0,0.0,0.0,0.0,0.0,0.0,0,0,0.0,0.0,,,,,,,,,,,,
671,2026-04-23T08:22:20.992Z,S20260423_092137,N/A,AUTO,,43.1161,0.0616,N/A,0,1500,VIDE,0.0,0.0,0.0,0.0,0.0,0.0,0,0,0.0,0.0,,,,,,,,,,,,
672,2026-04-23T08:22:21.053Z,S20260423_092137,N/A,AUTO,,43.1765,0.0604,N/A,0,1500,VIDE,0.0,0.0,0.0,0.0,0.0,0.0,0,0,0.0,0.0,,,,,,,,,,,,
673,2026-04-23T08:22:21.124Z,S20260423_092137,N/A,AUTO,,43.2478,0.0713,N/A,0,1500,VIDE,0.0,0.0,0.0,0.0,0.0,0.0,0,0,0.0,0.0,,,,,,,,,,,,
674,2026-04-23T08:22:21.177Z,S20260423_092137,N/A,AUTO,,43.3008,0.053,N/A,0,1500,VIDE,0.0,0.0,0.0,0.0,0.0,0.0,0,0,0.0,0.0,,,,,,,,,,,,
675,2026-04-23T08:22:21.245Z,S20260423_092137,N/A,AUTO,,43.3683,0.0674,N/A,0,1500,VIDE,0.0,0.0,0.0,0.0,0.0,0.0,0,0,0.0,0.0,,,,,,,,,,,,
676,2026-04-23T08:22:21.302Z,S20260423_092137,N/A,AUTO,,43.4259,0.0576,N/A,0,1500,VIDE,0.0,0.0,0.0,0.0,0.0,0.0,0,0,0.0,0.0,,,,,,,,,,,,
677,2026-04-23T08:22:21.382Z,S20260423_092137,N/A,AUTO,,43.5052,0.0793,N/A,0,1500,VIDE,0.0,0.0,0.0,0.0,0.0,0.0,0,0,0.0,0.0,,,,,,,,,,,,
678,2026-04-23T08:22:21.443Z,S20260423_092137,N/A,AUTO,,43.5664,0.0612,N/A,0,1500,VIDE,0.0,0.0,0.0,0.0,0.0,0.0,0,0,0.0,0.0,,,,,,,,,,,,
679,2026-04-23T08:22:21.505Z,S20260423_092137,N/A,AUTO,,43.6288,0.0624,N/A,0,1500,VIDE,0.0,0.0,0.0,0.0,0.0,0.0,0,0,0.0,0.0,,,,,,,,,,,,
680,2026-04-23T08:22:21.576Z,S20260423_092137,N/A,AUTO,,43.7,0.0711,N/A,0,1500,VIDE,0.0,0.0,0.0,0.0,0.0,0.0,0,0,0.0,0.0,,,,,,,,,,,,
681,2026-04-23T08:22:21.633Z,S20260423_092137,N/A,AUTO,,43.757,0.057,N/A,0,1500,VIDE,0.0,0.0,0.0,0.0,0.0,0.0,0,0,0.0,0.0,,,,,,,,,,,,
682,2026-04-23T08:22:21.696Z,S20260423_092137,N/A,AUTO,,43.8201,0.0631,N/A,0,1500,VIDE,0.0,0.0,0.0,0.0,0.0,0.0,0,0,0.0,0.0,,,,,,,,,,,,
683,2026-04-23T08:22:21.760Z,S20260423_092137,N/A,AUTO,,43.8837,0.0637,N/A,0,1500,VIDE,0.0,0.0,0.0,0.0,0.0,0.0,0,0,0.0,0.0,,,,,,,,,,,,
684,2026-04-23T08:22:21.824Z,S20260423_092137,N/A,AUTO,,43.9472,0.0634,N/A,0,1500,VIDE,0.0,0.0,0.0,0.0,0.0,0.0,0,0,0.0,0.0,,,,,,,,,,,,
685,2026-04-23T08:22:21.886Z,S20260423_092137,N/A,AUTO,,44.0092,0.062,N/A,0,1500,VIDE,0.0,0.0,0.0,0.0,0.0,0.0,0,0,0.0,0.0,,,,,,,,,,,,
686,2026-04-23T08:22:21.944Z,S20260423_092137,N/A,AUTO,,44.0678,0.0586,N/A,0,1500,VIDE,0.0,0.0,0.0,0.0,0.0,0.0,0,0,0.0,0.0,,,,,,,,,,,,
687,2026-04-23T08:22:22.009Z,S20260423_092137,N/A,AUTO,,44.1327,0.0648,N/A,0,1500,VIDE,0.0,0.0,0.0,0.0,0.0,0.0,0,0,0.0,0.0,,,,,,,,,,,,
688,2026-04-23T08:22:22.072Z,S20260423_092137,N/A,AUTO,,44.1955,0.0629,N/A,0,1500,VIDE,0.0,0.0,0.0,0.0,0.0,0.0,0,0,0.0,0.0,,,,,,,,,,,,
689,2026-04-23T08:22:22.132Z,S20260423_092137,N/A,AUTO,,44.2557,0.0602,N/A,0,1500,VIDE,0.0,0.0,0.0,0.0,0.0,0.0,0,0,0.0,0.0,,,,,,,,,,,,
690,2026-04-23T08:22:22.201Z,S20260423_092137,N/A,AUTO,,44.3244,0.0687,N/A,0,1500,VIDE,0.0,0.0,0.0,0.0,0.0,0.0,0,0,0.0,0.0,,,,,,,,,,,,
691,2026-04-23T08:22:22.263Z,S20260423_092137,N/A,AUTO,,44.3864,0.062,N/A,0,1500,VIDE,0.0,0.0,0.0,0.0,0.0,0.0,0,0,0.0,0.0,,,,,,,,,,,,
692,2026-04-23T08:22:22.324Z,S20260423_092137,N/A,AUTO,,44.448,0.0616,N/A,0,1500,VIDE,0.0,0.0,0.0,0.0,0.0,0.0,0,0,0.0,0.0,,,,,,,,,,,,
693,2026-04-23T08:22:22.385Z,S20260423_092137,N/A,AUTO,,44.5086,0.0605,N/A,0,1500,VIDE,0.0,0.0,0.0,0.0,0.0,0.0,0,0,0.0,0.0,,,,,,,,,,,,
694,2026-04-23T08:22:22.445Z,S20260423_092137,N/A,AUTO,,44.5684,0.0597,N/A,0,1500,VIDE,0.0,0.0,0.0,0.0,0.0,0.0,0,0,0.0,0.0,,,,,,,,,,,,
695,2026-04-23T08:22:22.513Z,S20260423_092137,N/A,AUTO,,44.6363,0.068,N/A,0,1500,VIDE,0.0,0.0,0.0,0.0,0.0,0.0,0,0,0.0,0.0,,,,,,,,,,,,
696,2026-04-23T08:22:22.577Z,S20260423_092137,N/A,AUTO,,44.7011,0.0648,N/A,0,1500,VIDE,0.0,0.0,0.0,0.0,0.0,0.0,0,0,0.0,0.0,,,,,,,,,,,,
697,2026-04-23T08:22:22.640Z,S20260423_092137,N/A,AUTO,,44.7641,0.0631,N/A,0,1500,VIDE,0.0,0.0,0.0,0.0,0.0,0.0,0,0,0.0,0.0,,,,,,,,,,,,
698,2026-04-23T08:22:22.703Z,S20260423_092137,N/A,AUTO,,44.8264,0.0623,N/A,0,1500,VIDE,0.0,0.0,0.0,0.0,0.0,0.0,0,0,0.0,0.0,,,,,,,,,,,,
699,2026-04-23T08:22:22.756Z,S20260423_092137,N/A,AUTO,,44.8793,0.0528,N/A,0,1500,VIDE,0.0,0.0,0.0,0.0,0.0,0.0,0,0,0.0,0.0,,,,,,,,,,,,
700,2026-04-23T08:22:22.824Z,S20260423_092137,N/A,AUTO,,44.9475,0.0683,N/A,0,1500,VIDE,0.0,0.0,0.0,0.0,0.0,0.0,0,0,0.0,0.0,,,,,,,,,,,,
701,2026-04-23T08:22:22.880Z,S20260423_092137,N/A,AUTO,,45.0041,0.0566,N/A,0,1500,VIDE,0.0,0.0,0.0,0.0,0.0,0.0,0,0,0.0,0.0,,,,,,,,,,,,
702,2026-04-23T08:22:22.945Z,S20260423_092137,N/A,AUTO,,45.0683,0.0642,N/A,0,1500,VIDE,0.0,0.0,0.0,0.0,0.0,0.0,0,0,0.0,0.0,,,,,,,,,,,,
703,2026-04-23T08:22:23.009Z,S20260423_092137,N/A,AUTO,,45.1322,0.0639,N/A,0,1500,VIDE,0.0,0.0,0.0,0.0,0.0,0.0,0,0,0.0,0.0,,,,,,,,,,,,
704,2026-04-23T08:22:23.077Z,S20260423_092137,N/A,AUTO,,45.2004,0.0682,N/A,0,1500,VIDE,0.0,0.0,0.0,0.0,0.0,0.0,0,0,0.0,0.0,,,,,,,,,,,,
705,2026-04-23T08:22:23.134Z,S20260423_092137,N/A,AUTO,,45.2579,0.0575,N/A,0,1500,VIDE,0.0,0.0,0.0,0.0,0.0,0.0,0,0,0.0,0.0,,,,,,,,,,,,
706,2026-04-23T08:22:23.200Z,S20260423_092137,N/A,AUTO,,45.3237,0.0658,N/A,0,1500,VIDE,0.0,0.0,0.0,0.0,0.0,0.0,0,0,0.0,0.0,,,,,,,,,,,,
707,2026-04-23T08:22:23.264Z,S20260423_092137,N/A,AUTO,,45.3881,0.0644,N/A,0,1500,VIDE,0.0,0.0,0.0,0.0,0.0,0.0,0,0,0.0,0.0,,,,,,,,,,,,
708,2026-04-23T08:22:23.324Z,S20260423_092137,N/A,AUTO,,45.4479,0.0598,N/A,0,1500,VIDE,0.0,0.0,0.0,0.0,0.0,0.0,0,0,0.0,0.0,,,,,,,,,,,,
709,2026-04-23T08:22:23.385Z,S20260423_092137,N/A,AUTO,,45.5083,0.0604,N/A,0,1500,VIDE,0.0,0.0,0.0,0.0,0.0,0.0,0,0,0.0,0.0,,,,,,,,,,,,
710,2026-04-23T08:22:23.444Z,S20260423_092137,N/A,AUTO,,45.5674,0.0591,N/A,0,1500,VIDE,0.0,0.0,0.0,0.0,0.0,0.0,0,0,0.0,0.0,,,,,,,,,,,,
711,2026-04-23T08:22:23.515Z,S20260423_092137,N/A,AUTO,,45.6383,0.0709,N/A,0,1500,VIDE,0.0,0.0,0.0,0.0,0.0,0.0,0,0,0.0,0.0,,,,,,,,,,,,
712,2026-04-23T08:22:23.577Z,S20260423_092137,N/A,AUTO,,45.7005,0.0622,N/A,0,1500,VIDE,0.0,0.0,0.0,0.0,0.0,0.0,0,0,0.0,0.0,,,,,,,,,,,,
713,2026-04-23T08:22:23.634Z,S20260423_092137,N/A,AUTO,,45.7576,0.0572,N/A,0,1500,VIDE,0.0,0.0,0.0,0.0,0.0,0.0,0,0,0.0,0.0,,,,,,,,,,,,
714,2026-04-23T08:22:23.696Z,S20260423_092137,N/A,AUTO,,45.8199,0.0623,N/A,0,1500,VIDE,0.0,0.0,0.0,0.0,0.0,0.0,0,0,0.0,0.0,,,,,,,,,,,,
715,2026-04-23T08:22:23.765Z,S20260423_092137,N/A,AUTO,,45.8883,0.0684,N/A,0,1500,VIDE,0.0,0.0,0.0,0.0,0.0,0.0,0,0,0.0,0.0,,,,,,,,,,,,
716,2026-04-23T08:22:23.824Z,S20260423_092137,N/A,AUTO,,45.9474,0.0591,N/A,0,1500,VIDE,0.0,0.0,0.0,0.0,0.0,0.0,0,0,0.0,0.0,,,,,,,,,,,,
717,2026-04-23T08:22:23.885Z,S20260423_092137,N/A,AUTO,,46.0085,0.061,N/A,0,1500,VIDE,0.0,0.0,0.0,0.0,0.0,0.0,0,0,0.0,0.0,,,,,,,,,,,,
718,2026-04-23T08:22:23.944Z,S20260423_092137,N/A,AUTO,,46.068,0.0596,N/A,0,1500,VIDE,0.0,0.0,0.0,0.0,0.0,0.0,0,0,0.0,0.0,,,,,,,,,,,,
719,2026-04-23T08:22:24.014Z,S20260423_092137,N/A,AUTO,,46.1381,0.0701,N/A,0,1500,VIDE,0.0,0.0,0.0,0.0,0.0,0.0,0,0,0.0,0.0,,,,,,,,,,,,
720,2026-04-23T08:22:24.076Z,S20260423_092137,N/A,AUTO,,46.2,0.0619,N/A,0,1500,VIDE,0.0,0.0,0.0,0.0,0.0,0.0,0,0,0.0,0.0,,,,,,,,,,,,
721,2026-04-23T08:22:24.140Z,S20260423_092137,N/A,AUTO,,46.264,0.064,N/A,0,1500,VIDE,0.0,0.0,0.0,0.0,0.0,0.0,0,0,0.0,0.0,,,,,,,,,,,,
722,2026-04-23T08:22:24.202Z,S20260423_092137,N/A,AUTO,,46.3258,0.0617,N/A,0,1500,VIDE,0.0,0.0,0.0,0.0,0.0,0.0,0,0,0.0,0.0,,,,,,,,,,,,
723,2026-04-23T08:22:24.264Z,S20260423_092137,N/A,AUTO,,46.3872,0.0615,N/A,0,1500,VIDE,0.0,0.0,0.0,0.0,0.0,0.0,0,0,0.0,0.0,,,,,,,,,,,,
724,2026-04-23T08:22:24.323Z,S20260423_092137,N/A,AUTO,,46.4471,0.0598,N/A,0,1500,VIDE,0.0,0.0,0.0,0.0,0.0,0.0,0,0,0.0,0.0,,,,,,,,,,,,
725,2026-04-23T08:22:24.385Z,S20260423_092137,N/A,AUTO,,46.5083,0.0613,N/A,0,1500,VIDE,0.0,0.0,0.0,0.0,0.0,0.0,0,0,0.0,0.0,,,,,,,,,,,,
726,2026-04-23T08:22:24.444Z,S20260423_092137,N/A,AUTO,,46.568,0.0597,N/A,0,1500,VIDE,0.0,0.0,0.0,0.0,0.0,0.0,0,0,0.0,0.0,,,,,,,,,,,,
727,2026-04-23T08:22:24.511Z,S20260423_092137,N/A,AUTO,,46.6349,0.0669,N/A,0,1500,VIDE,0.0,0.0,0.0,0.0,0.0,0.0,0,0,0.0,0.0,,,,,,,,,,,,
728,2026-04-23T08:22:24.574Z,S20260423_092137,N/A,AUTO,,46.6979,0.063,N/A,0,1500,VIDE,0.0,0.0,0.0,0.0,0.0,0.0,0,0,0.0,0.0,,,,,,,,,,,,
729,2026-04-23T08:22:24.636Z,S20260423_092137,N/A,AUTO,,46.7596,0.0617,N/A,0,1500,VIDE,0.0,0.0,0.0,0.0,0.0,0.0,0,0,0.0,0.0,,,,,,,,,,,,
730,2026-04-23T08:22:24.697Z,S20260423_092137,N/A,AUTO,,46.8202,0.0606,N/A,0,1500,VIDE,0.0,0.0,0.0,0.0,0.0,0.0,0,0,0.0,0.0,,,,,,,,,,,,
731,2026-04-23T08:22:24.760Z,S20260423_092137,N/A,AUTO,,46.8837,0.0635,N/A,0,1500,VIDE,0.0,0.0,0.0,0.0,0.0,0.0,0,0,0.0,0.0,,,,,,,,,,,,
732,2026-04-23T08:22:24.822Z,S20260423_092137,N/A,AUTO,,46.9461,0.0623,N/A,0,1500,VIDE,0.0,0.0,0.0,0.0,0.0,0.0,0,0,0.0,0.0,,,,,,,,,,,,
733,2026-04-23T08:22:24.881Z,S20260423_092137,N/A,AUTO,,47.0043,0.0582,N/A,0,1500,VIDE,0.0,0.0,0.0,0.0,0.0,0.0,0,0,0.0,0.0,,,,,,,,,,,,
734,2026-04-23T08:22:24.944Z,S20260423_092137,N/A,AUTO,,47.0676,0.0634,N/A,0,1500,VIDE,0.0,0.0,0.0,0.0,0.0,0.0,0,0,0.0,0.0,,,,,,,,,,,,
735,2026-04-23T08:22:25.009Z,S20260423_092137,N/A,AUTO,,47.1322,0.0645,N/A,0,1500,VIDE,0.0,0.0,0.0,0.0,0.0,0.0,0,0,0.0,0.0,,,,,,,,,,,,
736,2026-04-23T08:22:25.073Z,S20260423_092137,N/A,AUTO,,47.1963,0.0641,N/A,0,1500,VIDE,0.0,0.0,0.0,0.0,0.0,0.0,0,0,0.0,0.0,,,,,,,,,,,,
737,2026-04-23T08:22:25.131Z,S20260423_092137,N/A,AUTO,,47.2545,0.0582,N/A,0,1500,VIDE,0.0,0.0,0.0,0.0,0.0,0.0,0,0,0.0,0.0,,,,,,,,,,,,
738,2026-04-23T08:22:25.194Z,S20260423_092137,N/A,AUTO,,47.3179,0.0634,N/A,0,1500,VIDE,0.0,0.0,0.0,0.0,0.0,0.0,0,0,0.0,0.0,,,,,,,,,,,,
739,2026-04-23T08:22:25.257Z,S20260423_092137,N/A,AUTO,,47.3802,0.0623,N/A,0,1500,VIDE,0.0,0.0,0.0,0.0,0.0,0.0,0,0,0.0,0.0,,,,,,,,,,,,
740,2026-04-23T08:22:25.321Z,S20260423_092137,N/A,AUTO,,47.4444,0.0642,N/A,0,1500,VIDE,0.0,0.0,0.0,0.0,0.0,0.0,0,0,0.0,0.0,,,,,,,,,,,,
741,2026-04-23T08:22:25.385Z,S20260423_092137,N/A,AUTO,,47.5087,0.0642,N/A,0,1500,VIDE,0.0,0.0,0.0,0.0,0.0,0.0,0,0,0.0,0.0,,,,,,,,,,,,
742,2026-04-23T08:22:25.444Z,S20260423_092137,N/A,AUTO,,47.5672,0.0585,N/A,0,1500,VIDE,0.0,0.0,0.0,0.0,0.0,0.0,0,0,0.0,0.0,,,,,,,,,,,,
743,2026-04-23T08:22:25.512Z,S20260423_092137,N/A,AUTO,,47.6355,0.0683,N/A,0,1500,VIDE,0.0,0.0,0.0,0.0,0.0,0.0,0,0,0.0,0.0,,,,,,,,,,,,
744,2026-04-23T08:22:25.568Z,S20260423_092137,N/A,AUTO,,47.6921,0.0567,N/A,0,1500,VIDE,0.0,0.0,0.0,0.0,0.0,0.0,0,0,0.0,0.0,,,,,,,,,,,,
745,2026-04-23T08:22:25.638Z,S20260423_092137,N/A,AUTO,,47.7613,0.0692,N/A,0,1500,VIDE,0.0,0.0,0.0,0.0,0.0,0.0,0,0,0.0,0.0,,,,,,,,,,,,
746,2026-04-23T08:22:25.697Z,S20260423_092137,N/A,AUTO,,47.8203,0.059,N/A,0,1500,VIDE,0.0,0.0,0.0,0.0,0.0,0.0,0,0,0.0,0.0,,,,,,,,,,,,
747,2026-04-23T08:22:25.763Z,S20260423_092137,N/A,AUTO,,47.8867,0.0664,N/A,0,1500,VIDE,0.0,0.0,0.0,0.0,0.0,0.0,0,0,0.0,0.0,,,,,,,,,,,,
748,2026-04-23T08:22:25.818Z,S20260423_092137,N/A,AUTO,,47.9415,0.0549,N/A,0,1500,VIDE,0.0,0.0,0.0,0.0,0.0,0.0,0,0,0.0,0.0,,,,,,,,,,,,
749,2026-04-23T08:22:25.881Z,S20260423_092137,N/A,AUTO,,48.0042,0.0627,N/A,0,1500,VIDE,0.0,0.0,0.0,0.0,0.0,0.0,0,0,0.0,0.0,,,,,,,,,,,,
750,2026-04-23T08:22:25.945Z,S20260423_092137,N/A,AUTO,,48.0684,0.0642,N/A,0,1500,VIDE,0.0,0.0,0.0,0.0,0.0,0.0,0,0,0.0,0.0,,,,,,,,,,,,
751,2026-04-23T08:22:26.012Z,S20260423_092137,N/A,AUTO,,48.1361,0.0678,N/A,0,1500,VIDE,0.0,0.0,0.0,0.0,0.0,0.0,0,0,0.0,0.0,,,,,,,,,,,,
752,2026-04-23T08:22:26.073Z,S20260423_092137,N/A,AUTO,,48.1968,0.0606,N/A,0,1500,VIDE,0.0,0.0,0.0,0.0,0.0,0.0,0,0,0.0,0.0,,,,,,,,,,,,
753,2026-04-23T08:22:26.136Z,S20260423_092137,N/A,AUTO,,48.2596,0.0628,N/A,0,1500,VIDE,0.0,0.0,0.0,0.0,0.0,0.0,0,0,0.0,0.0,,,,,,,,,,,,
754,2026-04-23T08:22:26.193Z,S20260423_092137,N/A,AUTO,,48.3168,0.0571,N/A,0,1500,VIDE,0.0,0.0,0.0,0.0,0.0,0.0,0,0,0.0,0.0,,,,,,,,,,,,
755,2026-04-23T08:22:26.257Z,S20260423_092137,N/A,AUTO,,48.3803,0.0635,N/A,0,1500,VIDE,0.0,0.0,0.0,0.0,0.0,0.0,0,0,0.0,0.0,,,,,,,,,,,,
756,2026-04-23T08:22:26.321Z,S20260423_092137,N/A,AUTO,,48.4443,0.064,N/A,0,1500,VIDE,0.0,0.0,0.0,0.0,0.0,0.0,0,0,0.0,0.0,,,,,,,,,,,,
757,2026-04-23T08:22:26.384Z,S20260423_092137,N/A,AUTO,,48.5074,0.0632,N/A,0,1500,VIDE,0.0,0.0,0.0,0.0,0.0,0.0,0,0,0.0,0.0,,,,,,,,,,,,
758,2026-04-23T08:22:26.445Z,S20260423_092137,N/A,AUTO,,48.5684,0.061,N/A,0,1500,VIDE,0.0,0.0,0.0,0.0,0.0,0.0,0,0,0.0,0.0,,,,,,,,,,,,
759,2026-04-23T08:22:26.509Z,S20260423_092137,N/A,AUTO,,48.6325,0.064,N/A,0,1500,VIDE,0.0,0.0,0.0,0.0,0.0,0.0,0,0,0.0,0.0,,,,,,,,,,,,
760,2026-04-23T08:22:26.569Z,S20260423_092137,N/A,AUTO,,48.6923,0.0599,N/A,0,1500,VIDE,0.0,0.0,0.0,0.0,0.0,0.0,0,0,0.0,0.0,,,,,,,,,,,,
761,2026-04-23T08:22:26.633Z,S20260423_092137,N/A,AUTO,,48.7563,0.064,N/A,0,1500,VIDE,0.0,0.0,0.0,0.0,0.0,0.0,0,0,0.0,0.0,,,,,,,,,,,,
762,2026-04-23T08:22:26.695Z,S20260423_092137,N/A,AUTO,,48.8189,0.0624,N/A,0,1500,VIDE,0.0,0.0,0.0,0.0,0.0,0.0,0,0,0.0,0.0,,,,,,,,,,,,
763,2026-04-23T08:22:26.760Z,S20260423_092137,N/A,AUTO,,48.8841,0.0653,N/A,0,1500,VIDE,0.0,0.0,0.0,0.0,0.0,0.0,0,0,0.0,0.0,,,,,,,,,,,,
764,2026-04-23T08:22:26.822Z,S20260423_092137,N/A,AUTO,,48.9452,0.0611,N/A,0,1500,VIDE,0.0,0.0,0.0,0.0,0.0,0.0,0,0,0.0,0.0,,,,,,,,,,,,
765,2026-04-23T08:22:26.884Z,S20260423_092137,N/A,AUTO,,49.0074,0.0622,N/A,0,1500,VIDE,0.0,0.0,0.0,0.0,0.0,0.0,0,0,0.0,0.0,,,,,,,,,,,,
766,2026-04-23T08:22:26.944Z,S20260423_092137,N/A,AUTO,,49.068,0.0606,N/A,0,1500,VIDE,0.0,0.0,0.0,0.0,0.0,0.0,0,0,0.0,0.0,,,,,,,,,,,,
767,2026-04-23T08:22:27.011Z,S20260423_092137,N/A,AUTO,,49.1342,0.0662,N/A,0,1500,VIDE,0.0,0.0,0.0,0.0,0.0,0.0,0,0,0.0,0.0,,,,,,,,,,,,
768,2026-04-23T08:22:27.073Z,S20260423_092137,N/A,AUTO,,49.1968,0.0626,N/A,0,1500,VIDE,0.0,0.0,0.0,0.0,0.0,0.0,0,0,0.0,0.0,,,,,,,,,,,,
769,2026-04-23T08:22:27.135Z,S20260423_092137,N/A,AUTO,,49.2587,0.0619,N/A,0,1500,VIDE,0.0,0.0,0.0,0.0,0.0,0.0,0,0,0.0,0.0,,,,,,,,,,,,
770,2026-04-23T08:22:27.197Z,S20260423_092137,N/A,AUTO,,49.3207,0.062,N/A,0,1500,VIDE,0.0,0.0,0.0,0.0,0.0,0.0,0,0,0.0,0.0,,,,,,,,,,,,
771,2026-04-23T08:22:27.258Z,S20260423_092137,N/A,AUTO,,49.3821,0.0615,N/A,0,1500,VIDE,0.0,0.0,0.0,0.0,0.0,0.0,0,0,0.0,0.0,,,,,,,,,,,,
772,2026-04-23T08:22:27.321Z,S20260423_092137,N/A,AUTO,,49.4446,0.0625,N/A,0,1500,VIDE,0.0,0.0,0.0,0.0,0.0,0.0,0,0,0.0,0.0,,,,,,,,,,,,
773,2026-04-23T08:22:27.384Z,S20260423_092137,N/A,AUTO,,49.5073,0.0626,N/A,0,1500,VIDE,0.0,0.0,0.0,0.0,0.0,0.0,0,0,0.0,0.0,,,,,,,,,,,,
774,2026-04-23T08:22:27.444Z,S20260423_092137,N/A,AUTO,,49.5674,0.0601,N/A,0,1500,VIDE,0.0,0.0,0.0,0.0,0.0,0.0,0,0,0.0,0.0,,,,,,,,,,,,
775,2026-04-23T08:22:27.508Z,S20260423_092137,N/A,AUTO,,49.632,0.0646,N/A,0,1500,VIDE,0.0,0.0,0.0,0.0,0.0,0.0,0,0,0.0,0.0,,,,,,,,,,,,
776,2026-04-23T08:22:27.570Z,S20260423_092137,N/A,AUTO,,49.6937,0.0617,N/A,0,1500,VIDE,0.0,0.0,0.0,0.0,0.0,0.0,0,0,0.0,0.0,,,,,,,,,,,,
777,2026-04-23T08:22:27.633Z,S20260423_092137,N/A,AUTO,,49.7571,0.0634,N/A,0,1500,VIDE,0.0,0.0,0.0,0.0,0.0,0.0,0,0,0.0,0.0,,,,,,,,,,,,
778,2026-04-23T08:22:27.696Z,S20260423_092137,N/A,AUTO,,49.8198,0.0627,N/A,0,1500,VIDE,0.0,0.0,0.0,0.0,0.0,0.0,0,0,0.0,0.0,,,,,,,,,,,,
779,2026-04-23T08:22:27.759Z,S20260423_092137,N/A,AUTO,,49.8825,0.0627,N/A,0,1500,VIDE,0.0,0.0,0.0,0.0,0.0,0.0,0,0,0.0,0.0,,,,,,,,,,,,
780,2026-04-23T08:22:27.822Z,S20260423_092137,N/A,AUTO,,49.9452,0.0627,N/A,0,1500,VIDE,0.0,0.0,0.0,0.0,0.0,0.0,0,0,0.0,0.0,,,,,,,,,,,,
781,2026-04-23T08:22:27.882Z,S20260423_092137,N/A,AUTO,,50.0052,0.06,N/A,0,1500,VIDE,0.0,0.0,0.0,0.0,0.0,0.0,0,0,0.0,0.0,,,,,,,,,,,,
782,2026-04-23T08:22:27.945Z,S20260423_092137,N/A,AUTO,,50.0683,0.0631,N/A,0,1500,VIDE,0.0,0.0,0.0,0.0,0.0,0.0,0,0,0.0,0.0,,,,,,,,,,,,
783,2026-04-23T08:22:28.009Z,S20260423_092137,N/A,AUTO,,50.1326,0.0642,N/A,0,1500,VIDE,0.0,0.0,0.0,0.0,0.0,0.0,0,0,0.0,0.0,,,,,,,,,,,,
784,2026-04-23T08:22:28.071Z,S20260423_092137,N/A,AUTO,,50.1942,0.0616,N/A,0,1500,VIDE,0.0,0.0,0.0,0.0,0.0,0.0,0,0,0.0,0.0,,,,,,,,,,,,
785,2026-04-23T08:22:28.132Z,S20260423_092137,N/A,AUTO,,50.2555,0.0614,N/A,0,1500,VIDE,0.0,0.0,0.0,0.0,0.0,0.0,0,0,0.0,0.0,,,,,,,,,,,,
786,2026-04-23T08:22:28.193Z,S20260423_092137,N/A,AUTO,,50.3164,0.0608,N/A,0,1500,VIDE,0.0,0.0,0.0,0.0,0.0,0.0,0,0,0.0,0.0,,,,,,,,,,,,
787,2026-04-23T08:22:28.256Z,S20260423_092137,N/A,AUTO,,50.3801,0.0637,N/A,0,1500,VIDE,0.0,0.0,0.0,0.0,0.0,0.0,0,0,0.0,0.0,,,,,,,,,,,,
788,2026-04-23T08:22:28.319Z,S20260423_092137,N/A,AUTO,,50.443,0.0629,N/A,0,1500,VIDE,0.0,0.0,0.0,0.0,0.0,0.0,0,0,0.0,0.0,,,,,,,,,,,,
789,2026-04-23T08:22:28.381Z,S20260423_092137,N/A,AUTO,,50.5049,0.0619,N/A,0,1500,VIDE,0.0,0.0,0.0,0.0,0.0,0.0,0,0,0.0,0.0,,,,,,,,,,,,
790,2026-04-23T08:22:28.444Z,S20260423_092137,N/A,AUTO,,50.5675,0.0626,N/A,0,1500,VIDE,0.0,0.0,0.0,0.0,0.0,0.0,0,0,0.0,0.0,,,,,,,,,,,,
791,2026-04-23T08:22:28.508Z,S20260423_092137,N/A,AUTO,,50.6316,0.0641,N/A,0,1500,VIDE,0.0,0.0,0.0,0.0,0.0,0.0,0,0,0.0,0.0,,,,,,,,,,,,
792,2026-04-23T08:22:28.569Z,S20260423_092137,N/A,AUTO,,50.6926,0.0611,N/A,0,1500,VIDE,0.0,0.0,0.0,0.0,0.0,0.0,0,0,0.0,0.0,,,,,,,,,,,,
793,2026-04-23T08:22:28.632Z,S20260423_092137,N/A,AUTO,,50.7554,0.0628,N/A,0,1500,VIDE,0.0,0.0,0.0,0.0,0.0,0.0,0,0,0.0,0.0,,,,,,,,,,,,
794,2026-04-23T08:22:28.693Z,S20260423_092137,N/A,AUTO,,50.8169,0.0615,N/A,0,1500,VIDE,0.0,0.0,0.0,0.0,0.0,0.0,0,0,0.0,0.0,,,,,,,,,,,,
795,2026-04-23T08:22:28.756Z,S20260423_092137,N/A,AUTO,,50.8796,0.0628,N/A,0,1500,VIDE,0.0,0.0,0.0,0.0,0.0,0.0,0,0,0.0,0.0,,,,,,,,,,,,
796,2026-04-23T08:22:28.824Z,S20260423_092137,N/A,AUTO,,50.9473,0.0677,N/A,0,1500,VIDE,0.0,0.0,0.0,0.0,0.0,0.0,0,0,0.0,0.0,,,,,,,,,,,,
797,2026-04-23T08:22:28.882Z,S20260423_092137,N/A,AUTO,,51.0054,0.058,N/A,0,1500,VIDE,0.0,0.0,0.0,0.0,0.0,0.0,0,0,0.0,0.0,,,,,,,,,,,,
798,2026-04-23T08:22:28.943Z,S20260423_092137,N/A,AUTO,,51.0668,0.0615,N/A,0,1500,VIDE,0.0,0.0,0.0,0.0,0.0,0.0,0,0,0.0,0.0,,,,,,,,,,,,
799,2026-04-23T08:22:29.018Z,S20260423_092137,N/A,AUTO,,51.1419,0.0751,N/A,0,1500,VIDE,0.0,0.0,0.0,0.0,0.0,0.0,0,0,0.0,0.0,,,,,,,,,,,,
800,2026-04-23T08:22:29.082Z,S20260423_092137,N/A,AUTO,,51.2055,0.0635,N/A,0,1500,VIDE,0.0,0.0,0.0,0.0,0.0,0.0,0,0,0.0,0.0,,,,,,,,,,,,
801,2026-04-23T08:22:29.145Z,S20260423_092137,N/A,AUTO,,51.2683,0.0628,N/A,0,1500,VIDE,0.0,0.0,0.0,0.0,0.0,0.0,0,0,0.0,0.0,,,,,,,,,,,,
802,2026-04-23T08:22:29.204Z,S20260423_092137,N/A,AUTO,,51.3274,0.0592,N/A,0,1500,VIDE,0.0,0.0,0.0,0.0,0.0,0.0,0,0,0.0,0.0,,,,,,,,,,,,
803,2026-04-23T08:22:29.264Z,S20260423_092137,N/A,AUTO,,51.3876,0.0601,N/A,0,1500,VIDE,0.0,0.0,0.0,0.0,0.0,0.0,0,0,0.0,0.0,,,,,,,,,,,,
804,2026-04-23T08:22:29.324Z,S20260423_092137,N/A,AUTO,,51.4472,0.0596,N/A,0,1500,VIDE,0.0,0.0,0.0,0.0,0.0,0.0,0,0,0.0,0.0,,,,,,,,,,,,
805,2026-04-23T08:22:29.385Z,S20260423_092137,N/A,AUTO,,51.5084,0.0612,N/A,0,1500,VIDE,0.0,0.0,0.0,0.0,0.0,0.0,0,0,0.0,0.0,,,,,,,,,,,,
806,2026-04-23T08:22:29.444Z,S20260423_092137,N/A,AUTO,,51.5677,0.0593,N/A,0,1500,VIDE,0.0,0.0,0.0,0.0,0.0,0.0,0,0,0.0,0.0,,,,,,,,,,,,
807,2026-04-23T08:22:29.517Z,S20260423_092137,N/A,AUTO,,51.6407,0.073,N/A,0,1500,VIDE,0.0,0.0,0.0,0.0,0.0,0.0,0,0,0.0,0.0,,,,,,,,,,,,
808,2026-04-23T08:22:29.580Z,S20260423_092137,N/A,AUTO,,51.7035,0.0629,N/A,0,1500,VIDE,0.0,0.0,0.0,0.0,0.0,0.0,0,0,0.0,0.0,,,,,,,,,,,,
809,2026-04-23T08:22:29.642Z,S20260423_092137,N/A,AUTO,,51.7652,0.0617,N/A,0,1500,VIDE,0.0,0.0,0.0,0.0,0.0,0.0,0,0,0.0,0.0,,,,,,,,,,,,
810,2026-04-23T08:22:29.705Z,S20260423_092137,N/A,AUTO,,51.8288,0.0635,N/A,0,1500,VIDE,0.0,0.0,0.0,0.0,0.0,0.0,0,0,0.0,0.0,,,,,,,,,,,,
811,2026-04-23T08:22:29.765Z,S20260423_092137,N/A,AUTO,,51.8884,0.0597,N/A,0,1500,VIDE,0.0,0.0,0.0,0.0,0.0,0.0,0,0,0.0,0.0,,,,,,,,,,,,
812,2026-04-23T08:22:29.824Z,S20260423_092137,N/A,AUTO,,51.9472,0.0588,N/A,0,1500,VIDE,0.0,0.0,0.0,0.0,0.0,0.0,0,0,0.0,0.0,,,,,,,,,,,,
813,2026-04-23T08:22:29.883Z,S20260423_092137,N/A,AUTO,,52.007,0.0598,N/A,0,1500,VIDE,0.0,0.0,0.0,0.0,0.0,0.0,0,0,0.0,0.0,,,,,,,,,,,,
814,2026-04-23T08:22:29.945Z,S20260423_092137,N/A,AUTO,,52.0685,0.0615,N/A,0,1500,VIDE,0.0,0.0,0.0,0.0,0.0,0.0,0,0,0.0,0.0,,,,,,,,,,,,
815,2026-04-23T08:22:30.009Z,S20260423_092137,N/A,AUTO,,52.1324,0.0639,N/A,0,1500,VIDE,0.0,0.0,0.0,0.0,0.0,0.0,0,0,0.0,0.0,,,,,,,,,,,,
816,2026-04-23T08:22:30.078Z,S20260423_092137,N/A,AUTO,,52.2015,0.0691,N/A,0,1500,VIDE,0.0,0.0,0.0,0.0,0.0,0.0,0,0,0.0,0.0,,,,,,,,,,,,
817,2026-04-23T08:22:30.141Z,S20260423_092137,N/A,AUTO,,52.2645,0.063,N/A,0,1500,VIDE,0.0,0.0,0.0,0.0,0.0,0.0,0,0,0.0,0.0,,,,,,,,,,,,
818,2026-04-23T08:22:30.202Z,S20260423_092137,N/A,AUTO,,52.3252,0.0607,N/A,0,1500,VIDE,0.0,0.0,0.0,0.0,0.0,0.0,0,0,0.0,0.0,,,,,,,,,,,,
819,2026-04-23T08:22:30.264Z,S20260423_092137,N/A,AUTO,,52.3876,0.0624,N/A,0,1500,VIDE,0.0,0.0,0.0,0.0,0.0,0.0,0,0,0.0,0.0,,,,,,,,,,,,
820,2026-04-23T08:22:30.318Z,S20260423_092137,N/A,AUTO,,52.4418,0.0542,N/A,0,1500,VIDE,0.0,0.0,0.0,0.0,0.0,0.0,0,0,0.0,0.0,,,,,,,,,,,,
821,2026-04-23T08:22:30.385Z,S20260423_092137,N/A,AUTO,,52.5086,0.0668,N/A,0,1500,VIDE,0.0,0.0,0.0,0.0,0.0,0.0,0,0,0.0,0.0,,,,,,,,,,,,
822,2026-04-23T08:22:30.444Z,S20260423_092137,N/A,AUTO,,52.5679,0.0594,N/A,0,1500,VIDE,0.0,0.0,0.0,0.0,0.0,0.0,0,0,0.0,0.0,,,,,,,,,,,,
823,2026-04-23T08:22:30.513Z,S20260423_092137,N/A,AUTO,,52.6362,0.0683,N/A,0,1500,VIDE,0.0,0.0,0.0,0.0,0.0,0.0,0,0,0.0,0.0,,,,,,,,,,,,
824,2026-04-23T08:22:30.575Z,S20260423_092137,N/A,AUTO,,52.6982,0.062,N/A,0,1500,VIDE,0.0,0.0,0.0,0.0,0.0,0.0,0,0,0.0,0.0,,,,,,,,,,,,
825,2026-04-23T08:22:30.638Z,S20260423_092137,N/A,AUTO,,52.7615,0.0633,N/A,0,1500,VIDE,0.0,0.0,0.0,0.0,0.0,0.0,0,0,0.0,0.0,,,,,,,,,,,,
826,2026-04-23T08:22:30.700Z,S20260423_092137,N/A,AUTO,,52.8234,0.0619,N/A,0,1500,VIDE,0.0,0.0,0.0,0.0,0.0,0.0,0,0,0.0,0.0,,,,,,,,,,,,
827,2026-04-23T08:22:30.761Z,S20260423_092137,N/A,AUTO,,52.8843,0.0609,N/A,0,1500,VIDE,0.0,0.0,0.0,0.0,0.0,0.0,0,0,0.0,0.0,,,,,,,,,,,,
828,2026-04-23T08:22:30.823Z,S20260423_092137,N/A,AUTO,,52.9465,0.0622,N/A,0,1500,VIDE,0.0,0.0,0.0,0.0,0.0,0.0,0,0,0.0,0.0,,,,,,,,,,,,
829,2026-04-23T08:22:30.885Z,S20260423_092137,N/A,AUTO,,53.0085,0.062,N/A,0,1500,VIDE,0.0,0.0,0.0,0.0,0.0,0.0,0,0,0.0,0.0,,,,,,,,,,,,
830,2026-04-23T08:22:30.945Z,S20260423_092137,N/A,AUTO,,53.0682,0.0597,N/A,0,1500,VIDE,0.0,0.0,0.0,0.0,0.0,0.0,0,0,0.0,0.0,,,,,,,,,,,,
831,2026-04-23T08:22:31.011Z,S20260423_092137,N/A,AUTO,,53.1344,0.0662,N/A,0,1500,VIDE,0.0,0.0,0.0,0.0,0.0,0.0,0,0,0.0,0.0,,,,,,,,,,,,
832,2026-04-23T08:22:31.071Z,S20260423_092137,N/A,AUTO,,53.1946,0.0602,N/A,0,1500,VIDE,0.0,0.0,0.0,0.0,0.0,0.0,0,0,0.0,0.0,,,,,,,,,,,,
833,2026-04-23T08:22:31.133Z,S20260423_092137,N/A,AUTO,,53.2568,0.0622,N/A,0,1500,VIDE,0.0,0.0,0.0,0.0,0.0,0.0,0,0,0.0,0.0,,,,,,,,,,,,
834,2026-04-23T08:22:31.194Z,S20260423_092137,N/A,AUTO,,53.3173,0.0605,N/A,0,1500,VIDE,0.0,0.0,0.0,0.0,0.0,0.0,0,0,0.0,0.0,,,,,,,,,,,,
835,2026-04-23T08:22:31.257Z,S20260423_092137,N/A,AUTO,,53.3805,0.0632,N/A,0,1500,VIDE,0.0,0.0,0.0,0.0,0.0,0.0,0,0,0.0,0.0,,,,,,,,,,,,
836,2026-04-23T08:22:31.321Z,S20260423_092137,N/A,AUTO,,53.445,0.0646,N/A,0,1500,VIDE,0.0,0.0,0.0,0.0,0.0,0.0,0,0,0.0,0.0,,,,,,,,,,,,
837,2026-04-23T08:22:31.383Z,S20260423_092137,N/A,AUTO,,53.5069,0.0619,N/A,0,1500,VIDE,0.0,0.0,0.0,0.0,0.0,0.0,0,0,0.0,0.0,,,,,,,,,,,,
838,2026-04-23T08:22:31.444Z,S20260423_092137,N/A,AUTO,,53.5681,0.0612,N/A,0,1500,VIDE,0.0,0.0,0.0,0.0,0.0,0.0,0,0,0.0,0.0,,,,,,,,,,,,
839,2026-04-23T08:22:31.508Z,S20260423_092137,N/A,AUTO,,53.6317,0.0636,N/A,0,1500,VIDE,0.0,0.0,0.0,0.0,0.0,0.0,0,0,0.0,0.0,,,,,,,,,,,,
840,2026-04-23T08:22:31.569Z,S20260423_092137,N/A,AUTO,,53.6923,0.0606,N/A,0,1500,VIDE,0.0,0.0,0.0,0.0,0.0,0.0,0,0,0.0,0.0,,,,,,,,,,,,
841,2026-04-23T08:22:31.632Z,S20260423_092137,N/A,AUTO,,53.7556,0.0633,N/A,0,1500,VIDE,0.0,0.0,0.0,0.0,0.0,0.0,0,0,0.0,0.0,,,,,,,,,,,,
842,2026-04-23T08:22:31.695Z,S20260423_092137,N/A,AUTO,,53.8186,0.0629,N/A,0,1500,VIDE,0.0,0.0,0.0,0.0,0.0,0.0,0,0,0.0,0.0,,,,,,,,,,,,
843,2026-04-23T08:22:31.757Z,S20260423_092137,N/A,AUTO,,53.8805,0.0619,N/A,0,1500,VIDE,0.0,0.0,0.0,0.0,0.0,0.0,0,0,0.0,0.0,,,,,,,,,,,,
844,2026-04-23T08:22:31.819Z,S20260423_092137,N/A,AUTO,,53.9428,0.0623,N/A,0,1500,VIDE,0.0,0.0,0.0,0.0,0.0,0.0,0,0,0.0,0.0,,,,,,,,,,,,
845,2026-04-23T08:22:31.882Z,S20260423_092137,N/A,AUTO,,54.0054,0.0626,N/A,0,1500,VIDE,0.0,0.0,0.0,0.0,0.0,0.0,0,0,0.0,0.0,,,,,,,,,,,,
846,2026-04-23T08:22:31.944Z,S20260423_092137,N/A,AUTO,,54.0672,0.0618,N/A,0,1500,VIDE,0.0,0.0,0.0,0.0,0.0,0.0,0,0,0.0,0.0,,,,,,,,,,,,
847,2026-04-23T08:22:32.008Z,S20260423_092137,N/A,AUTO,,54.1312,0.064,N/A,0,1500,VIDE,0.0,0.0,0.0,0.0,0.0,0.0,0,0,0.0,0.0,,,,,,,,,,,,
848,2026-04-23T08:22:32.069Z,S20260423_092137,N/A,AUTO,,54.193,0.0618,N/A,0,1500,VIDE,0.0,0.0,0.0,0.0,0.0,0.0,0,0,0.0,0.0,,,,,,,,,,,,
849,2026-04-23T08:22:32.131Z,S20260423_092137,N/A,AUTO,,54.2544,0.0614,N/A,0,1500,VIDE,0.0,0.0,0.0,0.0,0.0,0.0,0,0,0.0,0.0,,,,,,,,,,,,
850,2026-04-23T08:22:32.204Z,S20260423_092137,N/A,AUTO,,54.3273,0.0729,N/A,0,1500,VIDE,0.0,0.0,0.0,0.0,0.0,0.0,0,0,0.0,0.0,,,,,,,,,,,,
851,2026-04-23T08:22:32.256Z,S20260423_092137,N/A,AUTO,,54.3794,0.0521,N/A,0,1500,VIDE,0.0,0.0,0.0,0.0,0.0,0.0,0,0,0.0,0.0,,,,,,,,,,,,
852,2026-04-23T08:22:32.324Z,S20260423_092137,N/A,AUTO,,54.4476,0.0682,N/A,0,1500,VIDE,0.0,0.0,0.0,0.0,0.0,0.0,0,0,0.0,0.0,,,,,,,,,,,,
853,2026-04-23T08:22:32.384Z,S20260423_092137,N/A,AUTO,,54.5077,0.0601,N/A,0,1500,VIDE,0.0,0.0,0.0,0.0,0.0,0.0,0,0,0.0,0.0,,,,,,,,,,,,
854,2026-04-23T08:22:32.445Z,S20260423_092137,N/A,AUTO,,54.5683,0.0605,N/A,0,1500,VIDE,0.0,0.0,0.0,0.0,0.0,0.0,0,0,0.0,0.0,,,,,,,,,,,,
855,2026-04-23T08:22:32.513Z,S20260423_092137,N/A,AUTO,,54.6363,0.068,N/A,0,1500,VIDE,0.0,0.0,0.0,0.0,0.0,0.0,0,0,0.0,0.0,,,,,,,,,,,,
856,2026-04-23T08:22:32.569Z,S20260423_092137,N/A,AUTO,,54.6924,0.0562,N/A,0,1500,VIDE,0.0,0.0,0.0,0.0,0.0,0.0,0,0,0.0,0.0,,,,,,,,,,,,
857,2026-04-23T08:22:32.633Z,S20260423_092137,N/A,AUTO,,54.7562,0.0638,N/A,0,1500,VIDE,0.0,0.0,0.0,0.0,0.0,0.0,0,0,0.0,0.0,,,,,,,,,,,,
858,2026-04-23T08:22:32.697Z,S20260423_092137,N/A,AUTO,,54.8204,0.0641,N/A,0,1500,VIDE,0.0,0.0,0.0,0.0,0.0,0.0,0,0,0.0,0.0,,,,,,,,,,,,
859,2026-04-23T08:22:32.761Z,S20260423_092137,N/A,AUTO,,54.8846,0.0642,N/A,0,1500,VIDE,0.0,0.0,0.0,0.0,0.0,0.0,0,0,0.0,0.0,,,,,,,,,,,,
860,2026-04-23T08:22:32.825Z,S20260423_092137,N/A,AUTO,,54.9484,0.0638,N/A,0,1500,VIDE,0.0,0.0,0.0,0.0,0.0,0.0,0,0,0.0,0.0,,,,,,,,,,,,
861,2026-04-23T08:22:32.884Z,S20260423_092137,N/A,AUTO,,55.0076,0.0592,N/A,0,1500,VIDE,0.0,0.0,0.0,0.0,0.0,0.0,0,0,0.0,0.0,,,,,,,,,,,,
862,2026-04-23T08:22:32.944Z,S20260423_092137,N/A,AUTO,,55.068,0.0604,N/A,0,1500,VIDE,0.0,0.0,0.0,0.0,0.0,0.0,0,0,0.0,0.0,,,,,,,,,,,,
863,2026-04-23T08:22:33.013Z,S20260423_092137,N/A,AUTO,,55.1366,0.0686,N/A,0,1500,VIDE,0.0,0.0,0.0,0.0,0.0,0.0,0,0,0.0,0.0,,,,,,,,,,,,
864,2026-04-23T08:22:33.073Z,S20260423_092137,N/A,AUTO,,55.1966,0.0599,N/A,0,1500,VIDE,0.0,0.0,0.0,0.0,0.0,0.0,0,0,0.0,0.0,,,,,,,,,,,,
865,2026-04-23T08:22:33.137Z,S20260423_092137,N/A,AUTO,,55.2603,0.0638,N/A,0,1500,VIDE,0.0,0.0,0.0,0.0,0.0,0.0,0,0,0.0,0.0,,,,,,,,,,,,
866,2026-04-23T08:22:33.199Z,S20260423_092137,N/A,AUTO,,55.323,0.0626,N/A,0,1500,VIDE,0.0,0.0,0.0,0.0,0.0,0.0,0,0,0.0,0.0,,,,,,,,,,,,
867,2026-04-23T08:22:33.257Z,S20260423_092137,N/A,AUTO,,55.3806,0.0576,N/A,0,1500,VIDE,0.0,0.0,0.0,0.0,0.0,0.0,0,0,0.0,0.0,,,,,,,,,,,,
868,2026-04-23T08:22:33.324Z,S20260423_092137,N/A,AUTO,,55.4474,0.0668,N/A,0,1500,VIDE,0.0,0.0,0.0,0.0,0.0,0.0,0,0,0.0,0.0,,,,,,,,,,,,
869,2026-04-23T08:22:33.384Z,S20260423_092137,N/A,AUTO,,55.5074,0.06,N/A,0,1500,VIDE,0.0,0.0,0.0,0.0,0.0,0.0,0,0,0.0,0.0,,,,,,,,,,,,
870,2026-04-23T08:22:33.445Z,S20260423_092137,N/A,AUTO,,55.5687,0.0612,N/A,0,1500,VIDE,0.0,0.0,0.0,0.0,0.0,0.0,0,0,0.0,0.0,,,,,,,,,,,,
871,2026-04-23T08:22:33.513Z,S20260423_092137,N/A,AUTO,,55.6364,0.0677,N/A,0,1500,VIDE,0.0,0.0,0.0,0.0,0.0,0.0,0,0,0.0,0.0,,,,,,,,,,,,
872,2026-04-23T08:22:33.569Z,S20260423_092137,N/A,AUTO,,55.6927,0.0563,N/A,0,1500,VIDE,0.0,0.0,0.0,0.0,0.0,0.0,0,0,0.0,0.0,,,,,,,,,,,,
873,2026-04-23T08:22:33.633Z,S20260423_092137,N/A,AUTO,,55.7566,0.064,N/A,0,1500,VIDE,0.0,0.0,0.0,0.0,0.0,0.0,0,0,0.0,0.0,,,,,,,,,,,,
874,2026-04-23T08:22:33.701Z,S20260423_092137,N/A,AUTO,,55.8245,0.0679,N/A,0,1500,VIDE,0.0,0.0,0.0,0.0,0.0,0.0,0,0,0.0,0.0,,,,,,,,,,,,
875,2026-04-23T08:22:33.763Z,S20260423_092137,N/A,AUTO,,55.8866,0.0621,N/A,0,1500,VIDE,0.0,0.0,0.0,0.0,0.0,0.0,0,0,0.0,0.0,,,,,,,,,,,,
876,2026-04-23T08:22:33.824Z,S20260423_092137,N/A,AUTO,,55.9477,0.0611,N/A,0,1500,VIDE,0.0,0.0,0.0,0.0,0.0,0.0,0,0,0.0,0.0,,,,,,,,,,,,
877,2026-04-23T08:22:33.884Z,S20260423_092137,N/A,AUTO,,56.0073,0.0596,N/A,0,1500,VIDE,0.0,0.0,0.0,0.0,0.0,0.0,0,0,0.0,0.0,,,,,,,,,,,,
878,2026-04-23T08:22:33.944Z,S20260423_092137,N/A,AUTO,,56.068,0.0606,N/A,0,1500,VIDE,0.0,0.0,0.0,0.0,0.0,0.0,0,0,0.0,0.0,,,,,,,,,,,,
879,2026-04-23T08:22:34.009Z,S20260423_092137,N/A,AUTO,,56.133,0.065,N/A,0,1500,VIDE,0.0,0.0,0.0,0.0,0.0,0.0,0,0,0.0,0.0,,,,,,,,,,,,
880,2026-04-23T08:22:34.072Z,S20260423_092137,N/A,AUTO,,56.1958,0.0629,N/A,0,1500,VIDE,0.0,0.0,0.0,0.0,0.0,0.0,0,0,0.0,0.0,,,,,,,,,,,,
881,2026-04-23T08:22:34.135Z,S20260423_092137,N/A,AUTO,,56.2589,0.063,N/A,0,1500,VIDE,0.0,0.0,0.0,0.0,0.0,0.0,0,0,0.0,0.0,,,,,,,,,,,,
882,2026-04-23T08:22:34.197Z,S20260423_092137,N/A,AUTO,,56.3211,0.0622,N/A,0,1500,VIDE,0.0,0.0,0.0,0.0,0.0,0.0,0,0,0.0,0.0,,,,,,,,,,,,
883,2026-04-23T08:22:34.261Z,S20260423_092137,N/A,AUTO,,56.3843,0.0632,N/A,0,1500,VIDE,0.0,0.0,0.0,0.0,0.0,0.0,0,0,0.0,0.0,,,,,,,,,,,,
884,2026-04-23T08:22:34.321Z,S20260423_092137,N/A,AUTO,,56.4444,0.0601,N/A,0,1500,VIDE,0.0,0.0,0.0,0.0,0.0,0.0,0,0,0.0,0.0,,,,,,,,,,,,
885,2026-04-23T08:22:34.384Z,S20260423_092137,N/A,AUTO,,56.5079,0.0635,N/A,0,1500,VIDE,0.0,0.0,0.0,0.0,0.0,0.0,0,0,0.0,0.0,,,,,,,,,,,,
886,2026-04-23T08:22:34.444Z,S20260423_092137,N/A,AUTO,,56.5674,0.0595,N/A,0,1500,VIDE,0.0,0.0,0.0,0.0,0.0,0.0,0,0,0.0,0.0,,,,,,,,,,,,
887,2026-04-23T08:22:34.507Z,S20260423_092137,N/A,AUTO,,56.631,0.0635,N/A,0,1500,VIDE,0.0,0.0,0.0,0.0,0.0,0.0,0,0,0.0,0.0,,,,,,,,,,,,
888,2026-04-23T08:22:34.569Z,S20260423_092137,N/A,AUTO,,56.693,0.062,N/A,0,1500,VIDE,0.0,0.0,0.0,0.0,0.0,0.0,0,0,0.0,0.0,,,,,,,,,,,,
889,2026-04-23T08:22:34.635Z,S20260423_092137,N/A,AUTO,,56.7585,0.0656,N/A,0,1500,VIDE,0.0,0.0,0.0,0.0,0.0,0.0,0,0,0.0,0.0,,,,,,,,,,,,
890,2026-04-23T08:22:34.697Z,S20260423_092137,N/A,AUTO,,56.8208,0.0623,N/A,0,1500,VIDE,0.0,0.0,0.0,0.0,0.0,0.0,0,0,0.0,0.0,,,,,,,,,,,,
891,2026-04-23T08:22:34.760Z,S20260423_092137,N/A,AUTO,,56.8835,0.0628,N/A,0,1500,VIDE,0.0,0.0,0.0,0.0,0.0,0.0,0,0,0.0,0.0,,,,,,,,,,,,
892,2026-04-23T08:22:34.822Z,S20260423_092137,N/A,AUTO,,56.9459,0.0623,N/A,0,1500,VIDE,0.0,0.0,0.0,0.0,0.0,0.0,0,0,0.0,0.0,,,,,,,,,,,,
893,2026-04-23T08:22:34.881Z,S20260423_092137,N/A,AUTO,,57.0049,0.059,N/A,0,1500,VIDE,0.0,0.0,0.0,0.0,0.0,0.0,0,0,0.0,0.0,,,,,,,,,,,,
894,2026-04-23T08:22:34.944Z,S20260423_092137,N/A,AUTO,,57.0673,0.0624,N/A,0,1500,VIDE,0.0,0.0,0.0,0.0,0.0,0.0,0,0,0.0,0.0,,,,,,,,,,,,
895,2026-04-23T08:22:35.009Z,S20260423_092137,N/A,AUTO,,57.1323,0.0651,N/A,0,1500,VIDE,0.0,0.0,0.0,0.0,0.0,0.0,0,0,0.0,0.0,,,,,,,,,,,,
896,2026-04-23T08:22:35.068Z,S20260423_092137,N/A,AUTO,,57.1917,0.0594,N/A,0,1500,VIDE,0.0,0.0,0.0,0.0,0.0,0.0,0,0,0.0,0.0,,,,,,,,,,,,
897,2026-04-23T08:22:35.132Z,S20260423_092137,N/A,AUTO,,57.2557,0.0639,N/A,0,1500,VIDE,0.0,0.0,0.0,0.0,0.0,0.0,0,0,0.0,0.0,,,,,,,,,,,,
898,2026-04-23T08:22:35.193Z,S20260423_092137,N/A,AUTO,,57.3165,0.0608,N/A,0,1500,VIDE,0.0,0.0,0.0,0.0,0.0,0.0,0,0,0.0,0.0,,,,,,,,,,,,
899,2026-04-23T08:22:35.257Z,S20260423_092137,N/A,AUTO,,57.3807,0.0641,N/A,0,1500,VIDE,0.0,0.0,0.0,0.0,0.0,0.0,0,0,0.0,0.0,,,,,,,,,,,,
900,2026-04-23T08:22:35.319Z,S20260423_092137,N/A,AUTO,,57.4428,0.0621,N/A,0,1500,VIDE,0.0,0.0,0.0,0.0,0.0,0.0,0,0,0.0,0.0,,,,,,,,,,,,
901,2026-04-23T08:22:35.382Z,S20260423_092137,N/A,AUTO,,57.5054,0.0625,N/A,0,1500,VIDE,0.0,0.0,0.0,0.0,0.0,0.0,0,0,0.0,0.0,,,,,,,,,,,,
902,2026-04-23T08:22:35.444Z,S20260423_092137,N/A,AUTO,,57.5681,0.0627,N/A,0,1500,VIDE,0.0,0.0,0.0,0.0,0.0,0.0,0,0,0.0,0.0,,,,,,,,,,,,
903,2026-04-23T08:22:35.506Z,S20260423_092137,N/A,AUTO,,57.6301,0.062,N/A,0,1500,VIDE,0.0,0.0,0.0,0.0,0.0,0.0,0,0,0.0,0.0,,,,,,,,,,,,
904,2026-04-23T08:22:35.568Z,S20260423_092137,N/A,AUTO,,57.692,0.0619,N/A,0,1500,VIDE,0.0,0.0,0.0,0.0,0.0,0.0,0,0,0.0,0.0,,,,,,,,,,,,
905,2026-04-23T08:22:35.631Z,S20260423_092137,N/A,AUTO,,57.7547,0.0628,N/A,0,1500,VIDE,0.0,0.0,0.0,0.0,0.0,0.0,0,0,0.0,0.0,,,,,,,,,,,,
906,2026-04-23T08:22:35.693Z,S20260423_092137,N/A,AUTO,,57.8169,0.0622,N/A,0,1500,VIDE,0.0,0.0,0.0,0.0,0.0,0.0,0,0,0.0,0.0,,,,,,,,,,,,
907,2026-04-23T08:22:35.756Z,S20260423_092137,N/A,AUTO,,57.8796,0.0626,N/A,0,1500,VIDE,0.0,0.0,0.0,0.0,0.0,0.0,0,0,0.0,0.0,,,,,,,,,,,,
908,2026-04-23T08:22:35.818Z,S20260423_092137,N/A,AUTO,,57.9418,0.0622,N/A,0,1500,VIDE,0.0,0.0,0.0,0.0,0.0,0.0,0,0,0.0,0.0,,,,,,,,,,,,
909,2026-04-23T08:22:35.885Z,S20260423_092137,N/A,AUTO,,58.0082,0.0664,N/A,0,1500,VIDE,0.0,0.0,0.0,0.0,0.0,0.0,0,0,0.0,0.0,,,,,,,,,,,,
910,2026-04-23T08:22:35.944Z,S20260423_092137,N/A,AUTO,,58.0673,0.0591,N/A,0,1500,VIDE,0.0,0.0,0.0,0.0,0.0,0.0,0,0,0.0,0.0,,,,,,,,,,,,
911,2026-04-23T08:22:36.008Z,S20260423_092137,N/A,AUTO,,58.1321,0.0648,N/A,0,1500,VIDE,0.0,0.0,0.0,0.0,0.0,0.0,0,0,0.0,0.0,,,,,,,,,,,,
912,2026-04-23T08:22:36.083Z,S20260423_092137,N/A,AUTO,,58.2065,0.0745,N/A,0,1500,VIDE,0.0,0.0,0.0,0.0,0.0,0.0,0,0,0.0,0.0,,,,,,,,,,,,
913,2026-04-23T08:22:36.144Z,S20260423_092137,N/A,AUTO,,58.2674,0.0608,N/A,0,1500,VIDE,0.0,0.0,0.0,0.0,0.0,0.0,0,0,0.0,0.0,,,,,,,,,,,,
914,2026-04-23T08:22:36.204Z,S20260423_092137,N/A,AUTO,,58.3278,0.0605,N/A,0,1500,VIDE,0.0,0.0,0.0,0.0,0.0,0.0,0,0,0.0,0.0,,,,,,,,,,,,
915,2026-04-23T08:22:36.261Z,S20260423_092137,N/A,AUTO,,58.3849,0.057,N/A,0,1500,VIDE,0.0,0.0,0.0,0.0,0.0,0.0,0,0,0.0,0.0,,,,,,,,,,,,
916,2026-04-23T08:22:36.324Z,S20260423_092137,N/A,AUTO,,58.4473,0.0624,N/A,0,1500,VIDE,0.0,0.0,0.0,0.0,0.0,0.0,0,0,0.0,0.0,,,,,,,,,,,,
917,2026-04-23T08:22:36.382Z,S20260423_092137,N/A,AUTO,,58.5057,0.0584,N/A,0,1500,VIDE,0.0,0.0,0.0,0.0,0.0,0.0,0,0,0.0,0.0,,,,,,,,,,,,
918,2026-04-23T08:22:36.444Z,S20260423_092137,N/A,AUTO,,58.5676,0.0619,N/A,0,1500,VIDE,0.0,0.0,0.0,0.0,0.0,0.0,0,0,0.0,0.0,,,,,,,,,,,,
919,2026-04-23T08:22:36.506Z,S20260423_092137,N/A,AUTO,,58.6302,0.0626,N/A,0,1500,VIDE,0.0,0.0,0.0,0.0,0.0,0.0,0,0,0.0,0.0,,,,,,,,,,,,
920,2026-04-23T08:22:36.569Z,S20260423_092137,N/A,AUTO,,58.6925,0.0624,N/A,0,1500,VIDE,0.0,0.0,0.0,0.0,0.0,0.0,0,0,0.0,0.0,,,,,,,,,,,,
921,2026-04-23T08:22:36.642Z,S20260423_092137,N/A,AUTO,,58.7654,0.0729,N/A,0,1500,VIDE,0.0,0.0,0.0,0.0,0.0,0.0,0,0,0.0,0.0,,,,,,,,,,,,
922,2026-04-23T08:22:36.699Z,S20260423_092137,N/A,AUTO,,58.8227,0.0573,N/A,0,1500,VIDE,0.0,0.0,0.0,0.0,0.0,0.0,0,0,0.0,0.0,,,,,,,,,,,,
923,2026-04-23T08:22:36.761Z,S20260423_092137,N/A,AUTO,,58.8843,0.0616,N/A,0,1500,VIDE,0.0,0.0,0.0,0.0,0.0,0.0,0,0,0.0,0.0,,,,,,,,,,,,
924,2026-04-23T08:22:36.819Z,S20260423_092137,N/A,AUTO,,58.9423,0.058,N/A,0,1500,VIDE,0.0,0.0,0.0,0.0,0.0,0.0,0,0,0.0,0.0,,,,,,,,,,,,
925,2026-04-23T08:22:36.883Z,S20260423_092137,N/A,AUTO,,59.007,0.0647,N/A,0,1500,VIDE,0.0,0.0,0.0,0.0,0.0,0.0,0,0,0.0,0.0,,,,,,,,,,,,
926,2026-04-23T08:22:36.945Z,S20260423_092137,N/A,AUTO,,59.0688,0.0618,N/A,0,1500,VIDE,0.0,0.0,0.0,0.0,0.0,0.0,0,0,0.0,0.0,,,,,,,,,,,,
927,2026-04-23T08:22:37.017Z,S20260423_092137,N/A,AUTO,,59.141,0.0722,N/A,0,1500,VIDE,0.0,0.0,0.0,0.0,0.0,0.0,0,0,0.0,0.0,,,,,,,,,,,,
928,2026-04-23T08:22:37.080Z,S20260423_092137,N/A,AUTO,,59.2038,0.0628,N/A,0,1500,VIDE,0.0,0.0,0.0,0.0,0.0,0.0,0,0,0.0,0.0,,,,,,,,,,,,
929,2026-04-23T08:22:37.143Z,S20260423_092137,N/A,AUTO,,59.267,0.0632,N/A,0,1500,VIDE,0.0,0.0,0.0,0.0,0.0,0.0,0,0,0.0,0.0,,,,,,,,,,,,
930,2026-04-23T08:22:37.200Z,S20260423_092137,N/A,AUTO,,59.3232,0.0562,N/A,0,1500,VIDE,0.0,0.0,0.0,0.0,0.0,0.0,0,0,0.0,0.0,,,,,,,,,,,,
931,2026-04-23T08:22:37.264Z,S20260423_092137,N/A,AUTO,,59.3872,0.064,N/A,0,1500,VIDE,0.0,0.0,0.0,0.0,0.0,0.0,0,0,0.0,0.0,,,,,,,,,,,,
932,2026-04-23T08:22:37.321Z,S20260423_092137,N/A,AUTO,,59.4443,0.057,N/A,0,1500,VIDE,0.0,0.0,0.0,0.0,0.0,0.0,0,0,0.0,0.0,,,,,,,,,,,,
933,2026-04-23T08:22:37.382Z,S20260423_092137,N/A,AUTO,,59.5056,0.0614,N/A,0,1500,VIDE,0.0,0.0,0.0,0.0,0.0,0.0,0,0,0.0,0.0,,,,,,,,,,,,
934,2026-04-23T08:22:37.444Z,S20260423_092137,N/A,AUTO,,59.5677,0.0621,N/A,0,1500,VIDE,0.0,0.0,0.0,0.0,0.0,0.0,0,0,0.0,0.0,,,,,,,,,,,,
935,2026-04-23T08:22:37.516Z,S20260423_092137,N/A,AUTO,,59.64,0.0724,N/A,0,1500,VIDE,0.0,0.0,0.0,0.0,0.0,0.0,0,0,0.0,0.0,,,,,,,,,,,,
936,2026-04-23T08:22:37.579Z,S20260423_092137,N/A,AUTO,,59.7024,0.0624,N/A,0,1500,VIDE,0.0,0.0,0.0,0.0,0.0,0.0,0,0,0.0,0.0,,,,,,,,,,,,
937,2026-04-23T08:22:37.643Z,S20260423_092137,N/A,AUTO,,59.7669,0.0645,N/A,0,1500,VIDE,0.0,0.0,0.0,0.0,0.0,0.0,0,0,0.0,0.0,,,,,,,,,,,,
938,2026-04-23T08:22:37.704Z,S20260423_092137,N/A,AUTO,,59.8273,0.0604,N/A,0,1500,VIDE,0.0,0.0,0.0,0.0,0.0,0.0,0,0,0.0,0.0,,,,,,,,,,,,
939,2026-04-23T08:22:37.764Z,S20260423_092137,N/A,AUTO,,59.8878,0.0605,N/A,0,1500,VIDE,0.0,0.0,0.0,0.0,0.0,0.0,0,0,0.0,0.0,,,,,,,,,,,,
940,2026-04-23T08:22:37.823Z,S20260423_092137,N/A,AUTO,,59.9471,0.0593,N/A,0,1500,VIDE,0.0,0.0,0.0,0.0,0.0,0.0,0,0,0.0,0.0,,,,,,,,,,,,
941,2026-04-23T08:22:37.884Z,S20260423_092137,N/A,AUTO,,60.008,0.0609,N/A,0,1500,VIDE,0.0,0.0,0.0,0.0,0.0,0.0,0,0,0.0,0.0,,,,,,,,,,,,
942,2026-04-23T08:22:37.943Z,S20260423_092137,N/A,AUTO,,60.0666,0.0586,N/A,0,1500,VIDE,0.0,0.0,0.0,0.0,0.0,0.0,0,0,0.0,0.0,,,,,,,,,,,,
943,2026-04-23T08:22:38.006Z,S20260423_092137,N/A,AUTO,,60.1295,0.0629,N/A,0,1500,VIDE,0.0,0.0,0.0,0.0,0.0,0.0,0,0,0.0,0.0,,,,,,,,,,,,
944,2026-04-23T08:22:38.068Z,S20260423_092137,N/A,AUTO,,60.192,0.0625,N/A,0,1500,VIDE,0.0,0.0,0.0,0.0,0.0,0.0,0,0,0.0,0.0,,,,,,,,,,,,
945,2026-04-23T08:22:38.132Z,S20260423_092137,N/A,AUTO,,60.2556,0.0636,N/A,0,1500,VIDE,0.0,0.0,0.0,0.0,0.0,0.0,0,0,0.0,0.0,,,,,,,,,,,,
946,2026-04-23T08:22:38.193Z,S20260423_092137,N/A,AUTO,,60.3171,0.0615,N/A,0,1500,VIDE,0.0,0.0,0.0,0.0,0.0,0.0,0,0,0.0,0.0,,,,,,,,,,,,
947,2026-04-23T08:22:38.264Z,S20260423_092137,N/A,AUTO,,60.3872,0.0701,N/A,0,1500,VIDE,0.0,0.0,0.0,0.0,0.0,0.0,0,0,0.0,0.0,,,,,,,,,,,,
948,2026-04-23T08:22:38.324Z,S20260423_092137,N/A,AUTO,,60.4475,0.0603,N/A,0,1500,VIDE,0.0,0.0,0.0,0.0,0.0,0.0,0,0,0.0,0.0,,,,,,,,,,,,
949,2026-04-23T08:22:38.384Z,S20260423_092137,N/A,AUTO,,60.508,0.0605,N/A,0,1500,VIDE,0.0,0.0,0.0,0.0,0.0,0.0,0,0,0.0,0.0,,,,,,,,,,,,
950,2026-04-23T08:22:38.444Z,S20260423_092137,N/A,AUTO,,60.5672,0.0591,N/A,0,1500,VIDE,0.0,0.0,0.0,0.0,0.0,0.0,0,0,0.0,0.0,,,,,,,,,,,,
951,2026-04-23T08:22:38.508Z,S20260423_092137,N/A,AUTO,,60.6313,0.0642,N/A,0,1500,VIDE,0.0,0.0,0.0,0.0,0.0,0.0,0,0,0.0,0.0,,,,,,,,,,,,
952,2026-04-23T08:22:38.581Z,S20260423_092137,N/A,AUTO,,60.7044,0.0731,N/A,0,1500,VIDE,0.0,0.0,0.0,0.0,0.0,0.0,0,0,0.0,0.0,,,,,,,,,,,,
953,2026-04-23T08:22:38.642Z,S20260423_092137,N/A,AUTO,,60.7661,0.0617,N/A,0,1500,VIDE,0.0,0.0,0.0,0.0,0.0,0.0,0,0,0.0,0.0,,,,,,,,,,,,
954,2026-04-23T08:22:38.705Z,S20260423_092137,N/A,AUTO,,60.8286,0.0625,N/A,0,1500,VIDE,0.0,0.0,0.0,0.0,0.0,0.0,0,0,0.0,0.0,,,,,,,,,,,,
955,2026-04-23T08:22:38.758Z,S20260423_092137,N/A,AUTO,,60.8819,0.0532,N/A,0,1500,VIDE,0.0,0.0,0.0,0.0,0.0,0.0,0,0,0.0,0.0,,,,,,,,,,,,
956,2026-04-23T08:22:38.825Z,S20260423_092137,N/A,AUTO,,60.9484,0.0666,N/A,0,1500,VIDE,0.0,0.0,0.0,0.0,0.0,0.0,0,0,0.0,0.0,,,,,,,,,,,,
957,2026-04-23T08:22:38.885Z,S20260423_092137,N/A,AUTO,,61.0088,0.0604,N/A,0,1500,VIDE,0.0,0.0,0.0,0.0,0.0,0.0,0,0,0.0,0.0,,,,,,,,,,,,
958,2026-04-23T08:22:38.945Z,S20260423_092137,N/A,AUTO,,61.0687,0.0598,N/A,0,1500,VIDE,0.0,0.0,0.0,0.0,0.0,0.0,0,0,0.0,0.0,,,,,,,,,,,,
959,2026-04-23T08:22:39.006Z,S20260423_092137,N/A,AUTO,,61.1295,0.0609,N/A,0,1500,VIDE,0.0,0.0,0.0,0.0,0.0,0.0,0,0,0.0,0.0,,,,,,,,,,,,
960,2026-04-23T08:22:39.073Z,S20260423_092137,N/A,AUTO,,61.1966,0.067,N/A,0,1500,VIDE,0.0,0.0,0.0,0.0,0.0,0.0,0,0,0.0,0.0,,,,,,,,,,,,
961,2026-04-23T08:22:39.137Z,S20260423_092137,N/A,AUTO,,61.2606,0.064,N/A,0,1500,VIDE,0.0,0.0,0.0,0.0,0.0,0.0,0,0,0.0,0.0,,,,,,,,,,,,
962,2026-04-23T08:22:39.202Z,S20260423_092137,N/A,AUTO,,61.326,0.0655,N/A,0,1500,VIDE,0.0,0.0,0.0,0.0,0.0,0.0,0,0,0.0,0.0,,,,,,,,,,,,
963,2026-04-23T08:22:39.264Z,S20260423_092137,N/A,AUTO,,61.3875,0.0615,N/A,0,1500,VIDE,0.0,0.0,0.0,0.0,0.0,0.0,0,0,0.0,0.0,,,,,,,,,,,,
964,2026-04-23T08:22:39.325Z,S20260423_092137,N/A,AUTO,,61.4483,0.0608,N/A,0,1500,VIDE,0.0,0.0,0.0,0.0,0.0,0.0,0,0,0.0,0.0,,,,,,,,,,,,
965,2026-04-23T08:22:39.384Z,S20260423_092137,N/A,AUTO,,61.5077,0.0594,N/A,0,1500,VIDE,0.0,0.0,0.0,0.0,0.0,0.0,0,0,0.0,0.0,,,,,,,,,,,,
966,2026-04-23T08:22:39.443Z,S20260423_092137,N/A,AUTO,,61.5667,0.059,N/A,0,1500,VIDE,0.0,0.0,0.0,0.0,0.0,0.0,0,0,0.0,0.0,,,,,,,,,,,,
967,2026-04-23T08:22:39.507Z,S20260423_092137,N/A,AUTO,,61.6307,0.064,N/A,0,1500,VIDE,0.0,0.0,0.0,0.0,0.0,0.0,0,0,0.0,0.0,,,,,,,,,,,,
968,2026-04-23T08:22:39.570Z,S20260423_092137,N/A,AUTO,,61.694,0.0633,N/A,0,1500,VIDE,0.0,0.0,0.0,0.0,0.0,0.0,0,0,0.0,0.0,,,,,,,,,,,,
969,2026-04-23T08:22:39.635Z,S20260423_092137,N/A,AUTO,,61.7588,0.0647,N/A,0,1500,VIDE,0.0,0.0,0.0,0.0,0.0,0.0,0,0,0.0,0.0,,,,,,,,,,,,
970,2026-04-23T08:22:39.699Z,S20260423_092137,N/A,AUTO,,61.8227,0.064,N/A,0,1500,VIDE,0.0,0.0,0.0,0.0,0.0,0.0,0,0,0.0,0.0,,,,,,,,,,,,
971,2026-04-23T08:22:39.762Z,S20260423_092137,N/A,AUTO,,61.8859,0.0632,N/A,0,1500,VIDE,0.0,0.0,0.0,0.0,0.0,0.0,0,0,0.0,0.0,,,,,,,,,,,,
972,2026-04-23T08:22:39.824Z,S20260423_092137,N/A,AUTO,,61.9481,0.0622,N/A,0,1500,VIDE,0.0,0.0,0.0,0.0,0.0,0.0,0,0,0.0,0.0,,,,,,,,,,,,
973,2026-04-23T08:22:39.881Z,S20260423_092137,N/A,AUTO,,62.0047,0.0567,N/A,0,1500,VIDE,0.0,0.0,0.0,0.0,0.0,0.0,0,0,0.0,0.0,,,,,,,,,,,,
974,2026-04-23T08:22:39.944Z,S20260423_092137,N/A,AUTO,,62.0675,0.0628,N/A,0,1500,VIDE,0.0,0.0,0.0,0.0,0.0,0.0,0,0,0.0,0.0,,,,,,,,,,,,
975,2026-04-23T08:22:40.005Z,S20260423_092137,N/A,AUTO,,62.1291,0.0615,N/A,0,1500,VIDE,0.0,0.0,0.0,0.0,0.0,0.0,0,0,0.0,0.0,,,,,,,,,,,,
976,2026-04-23T08:22:40.074Z,S20260423_092137,N/A,AUTO,,62.1972,0.0682,N/A,0,1500,VIDE,0.0,0.0,0.0,0.0,0.0,0.0,0,0,0.0,0.0,,,,,,,,,,,,
977,2026-04-23T08:22:40.131Z,S20260423_092137,N/A,AUTO,,62.2548,0.0576,N/A,0,1500,VIDE,0.0,0.0,0.0,0.0,0.0,0.0,0,0,0.0,0.0,,,,,,,,,,,,
978,2026-04-23T08:22:40.195Z,S20260423_092137,N/A,AUTO,,62.319,0.0642,N/A,0,1500,VIDE,0.0,0.0,0.0,0.0,0.0,0.0,0,0,0.0,0.0,,,,,,,,,,,,
979,2026-04-23T08:22:40.259Z,S20260423_092137,N/A,AUTO,,62.3825,0.0635,N/A,0,1500,VIDE,0.0,0.0,0.0,0.0,0.0,0.0,0,0,0.0,0.0,,,,,,,,,,,,
980,2026-04-23T08:22:40.322Z,S20260423_092137,N/A,AUTO,,62.4452,0.0626,N/A,0,1500,VIDE,0.0,0.0,0.0,0.0,0.0,0.0,0,0,0.0,0.0,,,,,,,,,,,,
981,2026-04-23T08:22:40.384Z,S20260423_092137,N/A,AUTO,,62.5078,0.0627,N/A,0,1500,VIDE,0.0,0.0,0.0,0.0,0.0,0.0,0,0,0.0,0.0,,,,,,,,,,,,
982,2026-04-23T08:22:40.445Z,S20260423_092137,N/A,AUTO,,62.5686,0.0608,N/A,0,1500,VIDE,0.0,0.0,0.0,0.0,0.0,0.0,0,0,0.0,0.0,,,,,,,,,,,,
983,2026-04-23T08:22:40.510Z,S20260423_092137,N/A,AUTO,,62.6337,0.065,N/A,0,1500,VIDE,0.0,0.0,0.0,0.0,0.0,0.0,0,0,0.0,0.0,,,,,,,,,,,,
984,2026-04-23T08:22:40.569Z,S20260423_092137,N/A,AUTO,,62.6926,0.059,N/A,0,1500,VIDE,0.0,0.0,0.0,0.0,0.0,0.0,0,0,0.0,0.0,,,,,,,,,,,,
985,2026-04-23T08:22:40.633Z,S20260423_092137,N/A,AUTO,,62.757,0.0644,N/A,0,1500,VIDE,0.0,0.0,0.0,0.0,0.0,0.0,0,0,0.0,0.0,,,,,,,,,,,,
986,2026-04-23T08:22:40.697Z,S20260423_092137,N/A,AUTO,,62.8204,0.0634,N/A,0,1500,VIDE,0.0,0.0,0.0,0.0,0.0,0.0,0,0,0.0,0.0,,,,,,,,,,,,
987,2026-04-23T08:22:40.758Z,S20260423_092137,N/A,AUTO,,62.882,0.0615,N/A,0,1500,VIDE,0.0,0.0,0.0,0.0,0.0,0.0,0,0,0.0,0.0,,,,,,,,,,,,
988,2026-04-23T08:22:40.819Z,S20260423_092137,N/A,AUTO,,62.943,0.061,N/A,0,1500,VIDE,0.0,0.0,0.0,0.0,0.0,0.0,0,0,0.0,0.0,,,,,,,,,,,,
989,2026-04-23T08:22:40.884Z,S20260423_092137,N/A,AUTO,,63.0072,0.0642,N/A,0,1500,VIDE,0.0,0.0,0.0,0.0,0.0,0.0,0,0,0.0,0.0,,,,,,,,,,,,
990,2026-04-23T08:22:40.944Z,S20260423_092137,N/A,AUTO,,63.0679,0.0607,N/A,0,1500,VIDE,0.0,0.0,0.0,0.0,0.0,0.0,0,0,0.0,0.0,,,,,,,,,,,,
991,2026-04-23T08:22:41.008Z,S20260423_092137,N/A,AUTO,,63.1319,0.064,N/A,0,1500,VIDE,0.0,0.0,0.0,0.0,0.0,0.0,0,0,0.0,0.0,,,,,,,,,,,,
992,2026-04-23T08:22:41.070Z,S20260423_092137,N/A,AUTO,,63.1938,0.0619,N/A,0,1500,VIDE,0.0,0.0,0.0,0.0,0.0,0.0,0,0,0.0,0.0,,,,,,,,,,,,
993,2026-04-23T08:22:41.133Z,S20260423_092137,N/A,AUTO,,63.2564,0.0626,N/A,0,1500,VIDE,0.0,0.0,0.0,0.0,0.0,0.0,0,0,0.0,0.0,,,,,,,,,,,,
994,2026-04-23T08:22:41.196Z,S20260423_092137,N/A,AUTO,,63.3192,0.0628,N/A,0,1500,VIDE,0.0,0.0,0.0,0.0,0.0,0.0,0,0,0.0,0.0,,,,,,,,,,,,
995,2026-04-23T08:22:41.258Z,S20260423_092137,N/A,AUTO,,63.3818,0.0626,N/A,0,1500,VIDE,0.0,0.0,0.0,0.0,0.0,0.0,0,0,0.0,0.0,,,,,,,,,,,,
996,2026-04-23T08:22:41.321Z,S20260423_092137,N/A,AUTO,,63.4448,0.063,N/A,0,1500,VIDE,0.0,0.0,0.0,0.0,0.0,0.0,0,0,0.0,0.0,,,,,,,,,,,,
997,2026-04-23T08:22:41.383Z,S20260423_092137,N/A,AUTO,,63.5063,0.0615,N/A,0,1500,VIDE,0.0,0.0,0.0,0.0,0.0,0.0,0,0,0.0,0.0,,,,,,,,,,,,
998,2026-04-23T08:22:41.443Z,S20260423_092137,N/A,AUTO,,63.5667,0.0604,N/A,0,1500,VIDE,0.0,0.0,0.0,0.0,0.0,0.0,0,0,0.0,0.0,,,,,,,,,,,,
999,2026-04-23T08:22:41.507Z,S20260423_092137,N/A,AUTO,,63.6311,0.0644,N/A,0,1500,VIDE,0.0,0.0,0.0,0.0,0.0,0.0,0,0,0.0,0.0,,,,,,,,,,,,
1000,2026-04-23T08:22:41.571Z,S20260423_092137,N/A,AUTO,,63.695,0.0639,N/A,0,1500,VIDE,0.0,0.0,0.0,0.0,0.0,0.0,0,0,0.0,0.0,,,,,,,,,,,,
1001,2026-04-23T08:22:41.635Z,S20260423_092137,N/A,AUTO,,63.7586,0.0636,N/A,0,1500,VIDE,0.0,0.0,0.0,0.0,0.0,0.0,0,0,0.0,0.0,,,,,,,,,,,,
1002,2026-04-23T08:22:41.697Z,S20260423_092137,N/A,AUTO,,63.8209,0.0624,N/A,0,1500,VIDE,0.0,0.0,0.0,0.0,0.0,0.0,0,0,0.0,0.0,,,,,,,,,,,,
1003,2026-04-23T08:22:41.760Z,S20260423_092137,N/A,AUTO,,63.884,0.063,N/A,0,1500,VIDE,0.0,0.0,0.0,0.0,0.0,0.0,0,0,0.0,0.0,,,,,,,,,,,,
1004,2026-04-23T08:22:41.822Z,S20260423_092137,N/A,AUTO,,63.9456,0.0616,N/A,0,1500,VIDE,0.0,0.0,0.0,0.0,0.0,0.0,0,0,0.0,0.0,,,,,,,,,,,,
1005,2026-04-23T08:22:41.885Z,S20260423_092137,N/A,AUTO,,64.0087,0.0631,N/A,0,1500,VIDE,0.0,0.0,0.0,0.0,0.0,0.0,0,0,0.0,0.0,,,,,,,,,,,,
1006,2026-04-23T08:22:41.944Z,S20260423_092137,N/A,AUTO,,64.0673,0.0585,N/A,0,1500,VIDE,0.0,0.0,0.0,0.0,0.0,0.0,0,0,0.0,0.0,,,,,,,,,,,,
1007,2026-04-23T08:22:42.005Z,S20260423_092137,N/A,AUTO,,64.1291,0.0618,N/A,0,1500,VIDE,0.0,0.0,0.0,0.0,0.0,0.0,0,0,0.0,0.0,,,,,,,,,,,,
1008,2026-04-23T08:22:42.074Z,S20260423_092137,N/A,AUTO,,64.1977,0.0686,N/A,0,1500,VIDE,0.0,0.0,0.0,0.0,0.0,0.0,0,0,0.0,0.0,,,,,,,,,,,,
1009,2026-04-23T08:22:42.131Z,S20260423_092137,N/A,AUTO,,64.2548,0.0572,N/A,0,1500,VIDE,0.0,0.0,0.0,0.0,0.0,0.0,0,0,0.0,0.0,,,,,,,,,,,,
1010,2026-04-23T08:22:42.195Z,S20260423_092137,N/A,AUTO,,64.3191,0.0643,N/A,0,1500,VIDE,0.0,0.0,0.0,0.0,0.0,0.0,0,0,0.0,0.0,,,,,,,,,,,,
1011,2026-04-23T08:22:42.260Z,S20260423_092137,N/A,AUTO,,64.3836,0.0644,N/A,0,1500,VIDE,0.0,0.0,0.0,0.0,0.0,0.0,0,0,0.0,0.0,,,,,,,,,,,,
1012,2026-04-23T08:22:42.324Z,S20260423_092137,N/A,AUTO,,64.4479,0.0642,N/A,0,1500,VIDE,0.0,0.0,0.0,0.0,0.0,0.0,0,0,0.0,0.0,,,,,,,,,,,,
1013,2026-04-23T08:22:42.384Z,S20260423_092137,N/A,AUTO,,64.5076,0.0599,N/A,0,1500,VIDE,0.0,0.0,0.0,0.0,0.0,0.0,0,0,0.0,0.0,,,,,,,,,,,,
1014,2026-04-23T08:22:42.445Z,S20260423_092137,N/A,AUTO,,64.5686,0.061,N/A,0,1500,VIDE,0.0,0.0,0.0,0.0,0.0,0.0,0,0,0.0,0.0,,,,,,,,,,,,
1015,2026-04-23T08:22:42.511Z,S20260423_092137,N/A,AUTO,,64.6351,0.0664,N/A,0,1500,VIDE,0.0,0.0,0.0,0.0,0.0,0.0,0,0,0.0,0.0,,,,,,,,,,,,
1016,2026-04-23T08:22:42.574Z,S20260423_092137,N/A,AUTO,,64.6975,0.0624,N/A,0,1500,VIDE,0.0,0.0,0.0,0.0,0.0,0.0,0,0,0.0,0.0,,,,,,,,,,,,
1017,2026-04-23T08:22:42.637Z,S20260423_092137,N/A,AUTO,,64.7605,0.0631,N/A,0,1500,VIDE,0.0,0.0,0.0,0.0,0.0,0.0,0,0,0.0,0.0,,,,,,,,,,,,
1018,2026-04-23T08:22:42.699Z,S20260423_092137,N/A,AUTO,,64.8228,0.0623,N/A,0,1500,VIDE,0.0,0.0,0.0,0.0,0.0,0.0,0,0,0.0,0.0,,,,,,,,,,,,
1019,2026-04-23T08:22:42.756Z,S20260423_092137,N/A,AUTO,,64.8798,0.057,N/A,0,1500,VIDE,0.0,0.0,0.0,0.0,0.0,0.0,0,0,0.0,0.0,,,,,,,,,,,,
1020,2026-04-23T08:22:42.819Z,S20260423_092137,N/A,AUTO,,64.943,0.0632,N/A,0,1500,VIDE,0.0,0.0,0.0,0.0,0.0,0.0,0,0,0.0,0.0,,,,,,,,,,,,
1021,2026-04-23T08:22:42.884Z,S20260423_092137,N/A,AUTO,,65.0073,0.0643,N/A,0,1500,VIDE,0.0,0.0,0.0,0.0,0.0,0.0,0,0,0.0,0.0,,,,,,,,,,,,
1022,2026-04-23T08:22:42.944Z,S20260423_092137,N/A,AUTO,,65.0678,0.0605,N/A,0,1500,VIDE,0.0,0.0,0.0,0.0,0.0,0.0,0,0,0.0,0.0,,,,,,,,,,,,
1023,2026-04-23T08:22:43.011Z,S20260423_092137,N/A,AUTO,,65.1351,0.0673,N/A,0,1500,VIDE,0.0,0.0,0.0,0.0,0.0,0.0,0,0,0.0,0.0,,,,,,,,,,,,
1024,2026-04-23T08:22:43.074Z,S20260423_092137,N/A,AUTO,,65.1974,0.0623,N/A,0,1500,VIDE,0.0,0.0,0.0,0.0,0.0,0.0,0,0,0.0,0.0,,,,,,,,,,,,
1025,2026-04-23T08:22:43.136Z,S20260423_092137,N/A,AUTO,,65.2595,0.0621,N/A,0,1500,VIDE,0.0,0.0,0.0,0.0,0.0,0.0,0,0,0.0,0.0,,,,,,,,,,,,
1026,2026-04-23T08:22:43.197Z,S20260423_092137,N/A,AUTO,,65.321,0.0615,N/A,0,1500,VIDE,0.0,0.0,0.0,0.0,0.0,0.0,0,0,0.0,0.0,,,,,,,,,,,,
1027,2026-04-23T08:22:43.260Z,S20260423_092137,N/A,AUTO,,65.3839,0.0629,N/A,0,1500,VIDE,0.0,0.0,0.0,0.0,0.0,0.0,0,0,0.0,0.0,,,,,,,,,,,,
1028,2026-04-23T08:22:43.323Z,S20260423_092137,N/A,AUTO,,65.447,0.0631,N/A,0,1500,VIDE,0.0,0.0,0.0,0.0,0.0,0.0,0,0,0.0,0.0,,,,,,,,,,,,
1029,2026-04-23T08:22:43.384Z,S20260423_092137,N/A,AUTO,,65.5078,0.0608,N/A,0,1500,VIDE,0.0,0.0,0.0,0.0,0.0,0.0,0,0,0.0,0.0,,,,,,,,,,,,
1030,2026-04-23T08:22:43.443Z,S20260423_092137,N/A,AUTO,,65.5671,0.0593,N/A,0,1500,VIDE,0.0,0.0,0.0,0.0,0.0,0.0,0,0,0.0,0.0,,,,,,,,,,,,
1031,2026-04-23T08:22:43.507Z,S20260423_092137,N/A,AUTO,,65.6311,0.064,N/A,0,1500,VIDE,0.0,0.0,0.0,0.0,0.0,0.0,0,0,0.0,0.0,,,,,,,,,,,,
1032,2026-04-23T08:22:43.572Z,S20260423_092137,N/A,AUTO,,65.6954,0.0642,N/A,0,1500,VIDE,0.0,0.0,0.0,0.0,0.0,0.0,0,0,0.0,0.0,,,,,,,,,,,,
1033,2026-04-23T08:22:43.636Z,S20260423_092137,N/A,AUTO,,65.7599,0.0646,N/A,0,1500,VIDE,0.0,0.0,0.0,0.0,0.0,0.0,0,0,0.0,0.0,,,,,,,,,,,,
1034,2026-04-23T08:22:43.699Z,S20260423_092137,N/A,AUTO,,65.8225,0.0625,N/A,0,1500,VIDE,0.0,0.0,0.0,0.0,0.0,0.0,0,0,0.0,0.0,,,,,,,,,,,,
1035,2026-04-23T08:22:43.761Z,S20260423_092137,N/A,AUTO,,65.8845,0.062,N/A,0,1500,VIDE,0.0,0.0,0.0,0.0,0.0,0.0,0,0,0.0,0.0,,,,,,,,,,,,
1036,2026-04-23T08:22:43.823Z,S20260423_092137,N/A,AUTO,,65.947,0.0625,N/A,0,1500,VIDE,0.0,0.0,0.0,0.0,0.0,0.0,0,0,0.0,0.0,,,,,,,,,,,,
1037,2026-04-23T08:22:43.884Z,S20260423_092137,N/A,AUTO,,66.0078,0.0608,N/A,0,1500,VIDE,0.0,0.0,0.0,0.0,0.0,0.0,0,0,0.0,0.0,,,,,,,,,,,,
1038,2026-04-23T08:22:43.945Z,S20260423_092137,N/A,AUTO,,66.0689,0.0611,N/A,0,1500,VIDE,0.0,0.0,0.0,0.0,0.0,0.0,0,0,0.0,0.0,,,,,,,,,,,,
1039,2026-04-23T08:22:44.010Z,S20260423_092137,N/A,AUTO,,66.1339,0.065,N/A,0,1500,VIDE,0.0,0.0,0.0,0.0,0.0,0.0,0,0,0.0,0.0,,,,,,,,,,,,
1040,2026-04-23T08:22:44.068Z,S20260423_092137,N/A,AUTO,,66.1919,0.058,N/A,0,1500,VIDE,0.0,0.0,0.0,0.0,0.0,0.0,0,0,0.0,0.0,,,,,,,,,,,,
1041,2026-04-23T08:22:44.132Z,S20260423_092137,N/A,AUTO,,66.2559,0.064,N/A,0,1500,VIDE,0.0,0.0,0.0,0.0,0.0,0.0,0,0,0.0,0.0,,,,,,,,,,,,
1042,2026-04-23T08:22:44.196Z,S20260423_092137,N/A,AUTO,,66.3201,0.0642,N/A,0,1500,VIDE,0.0,0.0,0.0,0.0,0.0,0.0,0,0,0.0,0.0,,,,,,,,,,,,
1043,2026-04-23T08:22:44.260Z,S20260423_092137,N/A,AUTO,,66.3834,0.0633,N/A,0,1500,VIDE,0.0,0.0,0.0,0.0,0.0,0.0,0,0,0.0,0.0,,,,,,,,,,,,
1044,2026-04-23T08:22:44.322Z,S20260423_092137,N/A,AUTO,,66.4456,0.0622,N/A,0,1500,VIDE,0.0,0.0,0.0,0.0,0.0,0.0,0,0,0.0,0.0,,,,,,,,,,,,
1045,2026-04-23T08:22:44.383Z,S20260423_092137,N/A,AUTO,,66.5068,0.0612,N/A,0,1500,VIDE,0.0,0.0,0.0,0.0,0.0,0.0,0,0,0.0,0.0,,,,,,,,,,,,
1046,2026-04-23T08:22:44.444Z,S20260423_092137,N/A,AUTO,,66.5672,0.0604,N/A,0,1500,VIDE,0.0,0.0,0.0,0.0,0.0,0.0,0,0,0.0,0.0,,,,,,,,,,,,
1047,2026-04-23T08:22:44.509Z,S20260423_092137,N/A,AUTO,,66.6326,0.0654,N/A,0,1500,VIDE,0.0,0.0,0.0,0.0,0.0,0.0,0,0,0.0,0.0,,,,,,,,,,,,
1048,2026-04-23T08:22:44.572Z,S20260423_092137,N/A,AUTO,,66.6954,0.0628,N/A,0,1500,VIDE,0.0,0.0,0.0,0.0,0.0,0.0,0,0,0.0,0.0,,,,,,,,,,,,
1049,2026-04-23T08:22:44.633Z,S20260423_092137,N/A,AUTO,,66.757,0.0616,N/A,0,1500,VIDE,0.0,0.0,0.0,0.0,0.0,0.0,0,0,0.0,0.0,,,,,,,,,,,,
1050,2026-04-23T08:22:44.696Z,S20260423_092137,N/A,AUTO,,66.8198,0.0628,N/A,0,1500,VIDE,0.0,0.0,0.0,0.0,0.0,0.0,0,0,0.0,0.0,,,,,,,,,,,,
1051,2026-04-23T08:22:44.756Z,S20260423_092137,N/A,AUTO,,66.8797,0.0598,N/A,0,1500,VIDE,0.0,0.0,0.0,0.0,0.0,0.0,0,0,0.0,0.0,,,,,,,,,,,,
1052,2026-04-23T08:22:44.820Z,S20260423_092137,N/A,AUTO,,66.9435,0.0637,N/A,0,1500,VIDE,0.0,0.0,0.0,0.0,0.0,0.0,0,0,0.0,0.0,,,,,,,,,,,,
1053,2026-04-23T08:22:44.882Z,S20260423_092137,N/A,AUTO,,67.0061,0.0627,N/A,0,1500,VIDE,0.0,0.0,0.0,0.0,0.0,0.0,0,0,0.0,0.0,,,,,,,,,,,,
1054,2026-04-23T08:22:44.944Z,S20260423_092137,N/A,AUTO,,67.0678,0.0616,N/A,0,1500,VIDE,0.0,0.0,0.0,0.0,0.0,0.0,0,0,0.0,0.0,,,,,,,,,,,,
1055,2026-04-23T08:22:45.012Z,S20260423_092137,N/A,AUTO,,67.1355,0.0677,N/A,0,1500,VIDE,0.0,0.0,0.0,0.0,0.0,0.0,0,0,0.0,0.0,,,,,,,,,,,,
1056,2026-04-23T08:22:45.076Z,S20260423_092137,N/A,AUTO,,67.1999,0.0644,N/A,0,1500,VIDE,0.0,0.0,0.0,0.0,0.0,0.0,0,0,0.0,0.0,,,,,,,,,,,,
1057,2026-04-23T08:22:45.141Z,S20260423_092137,N/A,AUTO,,67.2642,0.0643,N/A,0,1500,VIDE,0.0,0.0,0.0,0.0,0.0,0.0,0,0,0.0,0.0,,,,,,,,,,,,
1058,2026-04-23T08:22:45.204Z,S20260423_092137,N/A,AUTO,,67.3272,0.063,N/A,0,1500,VIDE,0.0,0.0,0.0,0.0,0.0,0.0,0,0,0.0,0.0,,,,,,,,,,,,
1059,2026-04-23T08:22:45.265Z,S20260423_092137,N/A,AUTO,,67.3885,0.0612,N/A,0,1500,VIDE,0.0,0.0,0.0,0.0,0.0,0.0,0,0,0.0,0.0,,,,,,,,,,,,
1060,2026-04-23T08:22:45.324Z,S20260423_092137,N/A,AUTO,,67.4472,0.0587,N/A,0,1500,VIDE,0.0,0.0,0.0,0.0,0.0,0.0,0,0,0.0,0.0,,,,,,,,,,,,
1061,2026-04-23T08:22:45.385Z,S20260423_092137,N/A,AUTO,,67.5085,0.0613,N/A,0,1500,VIDE,0.0,0.0,0.0,0.0,0.0,0.0,0,0,0.0,0.0,,,,,,,,,,,,
1062,2026-04-23T08:22:45.444Z,S20260423_092137,N/A,AUTO,,67.5673,0.0588,N/A,0,1500,VIDE,0.0,0.0,0.0,0.0,0.0,0.0,0,0,0.0,0.0,,,,,,,,,,,,
1063,2026-04-23T08:22:45.508Z,S20260423_092137,N/A,AUTO,,67.6317,0.0643,N/A,0,1500,VIDE,0.0,0.0,0.0,0.0,0.0,0.0,0,0,0.0,0.0,,,,,,,,,,,,
1064,2026-04-23T08:22:45.573Z,S20260423_092137,N/A,AUTO,,67.6963,0.0647,N/A,0,1500,VIDE,0.0,0.0,0.0,0.0,0.0,0.0,0,0,0.0,0.0,,,,,,,,,,,,
1065,2026-04-23T08:22:45.636Z,S20260423_092137,N/A,AUTO,,67.7598,0.0635,N/A,0,1500,VIDE,0.0,0.0,0.0,0.0,0.0,0.0,0,0,0.0,0.0,,,,,,,,,,,,
1066,2026-04-23T08:22:45.700Z,S20260423_092137,N/A,AUTO,,67.8237,0.0639,N/A,0,1500,VIDE,0.0,0.0,0.0,0.0,0.0,0.0,0,0,0.0,0.0,,,,,,,,,,,,
1067,2026-04-23T08:22:45.765Z,S20260423_092137,N/A,AUTO,,67.8888,0.0651,N/A,0,1500,VIDE,0.0,0.0,0.0,0.0,0.0,0.0,0,0,0.0,0.0,,,,,,,,,,,,
1068,2026-04-23T08:22:45.824Z,S20260423_092137,N/A,AUTO,,67.9478,0.0591,N/A,0,1500,VIDE,0.0,0.0,0.0,0.0,0.0,0.0,0,0,0.0,0.0,,,,,,,,,,,,
1069,2026-04-23T08:22:45.885Z,S20260423_092137,N/A,AUTO,,68.0088,0.061,N/A,0,1500,VIDE,0.0,0.0,0.0,0.0,0.0,0.0,0,0,0.0,0.0,,,,,,,,,,,,
1070,2026-04-23T08:22:45.944Z,S20260423_092137,N/A,AUTO,,68.068,0.0591,N/A,0,1500,VIDE,0.0,0.0,0.0,0.0,0.0,0.0,0,0,0.0,0.0,,,,,,,,,,,,
1071,2026-04-23T08:22:46.012Z,S20260423_092137,N/A,AUTO,,68.1361,0.0681,N/A,0,1500,VIDE,0.0,0.0,0.0,0.0,0.0,0.0,0,0,0.0,0.0,,,,,,,,,,,,
1072,2026-04-23T08:22:46.068Z,S20260423_092137,N/A,AUTO,,68.1918,0.0557,N/A,0,1500,VIDE,0.0,0.0,0.0,0.0,0.0,0.0,0,0,0.0,0.0,,,,,,,,,,,,
1073,2026-04-23T08:22:46.132Z,S20260423_092137,N/A,AUTO,,68.2556,0.0638,N/A,0,1500,VIDE,0.0,0.0,0.0,0.0,0.0,0.0,0,0,0.0,0.0,,,,,,,,,,,,
1074,2026-04-23T08:22:46.197Z,S20260423_092137,N/A,AUTO,,68.3202,0.0646,N/A,0,1500,VIDE,0.0,0.0,0.0,0.0,0.0,0.0,0,0,0.0,0.0,,,,,,,,,,,,
1075,2026-04-23T08:22:46.257Z,S20260423_092137,N/A,AUTO,,68.3807,0.0605,N/A,0,1500,VIDE,0.0,0.0,0.0,0.0,0.0,0.0,0,0,0.0,0.0,,,,,,,,,,,,
1076,2026-04-23T08:22:46.322Z,S20260423_092137,N/A,AUTO,,68.4453,0.0646,N/A,0,1500,VIDE,0.0,0.0,0.0,0.0,0.0,0.0,0,0,0.0,0.0,,,,,,,,,,,,
1077,2026-04-23T08:22:46.384Z,S20260423_092137,N/A,AUTO,,68.5074,0.0621,N/A,0,1500,VIDE,0.0,0.0,0.0,0.0,0.0,0.0,0,0,0.0,0.0,,,,,,,,,,,,
1078,2026-04-23T08:22:46.444Z,S20260423_092137,N/A,AUTO,,68.568,0.0606,N/A,0,1500,VIDE,0.0,0.0,0.0,0.0,0.0,0.0,0,0,0.0,0.0,,,,,,,,,,,,
1079,2026-04-23T08:22:46.507Z,S20260423_092137,N/A,AUTO,,68.6311,0.0632,N/A,0,1500,VIDE,0.0,0.0,0.0,0.0,0.0,0.0,0,0,0.0,0.0,,,,,,,,,,,,
1080,2026-04-23T08:22:46.569Z,S20260423_092137,N/A,AUTO,,68.693,0.0619,N/A,0,1500,VIDE,0.0,0.0,0.0,0.0,0.0,0.0,0,0,0.0,0.0,,,,,,,,,,,,
1081,2026-04-23T08:22:46.632Z,S20260423_092137,N/A,AUTO,,68.7556,0.0627,N/A,0,1500,VIDE,0.0,0.0,0.0,0.0,0.0,0.0,0,0,0.0,0.0,,,,,,,,,,,,
1082,2026-04-23T08:22:46.693Z,S20260423_092137,N/A,AUTO,,68.8168,0.0612,N/A,0,1500,VIDE,0.0,0.0,0.0,0.0,0.0,0.0,0,0,0.0,0.0,,,,,,,,,,,,
1083,2026-04-23T08:22:46.755Z,S20260423_092137,N/A,AUTO,,68.8789,0.062,N/A,0,1500,VIDE,0.0,0.0,0.0,0.0,0.0,0.0,0,0,0.0,0.0,,,,,,,,,,,,
1084,2026-04-23T08:22:46.820Z,S20260423_092137,N/A,AUTO,,68.9441,0.0653,N/A,0,1500,VIDE,0.0,0.0,0.0,0.0,0.0,0.0,0,0,0.0,0.0,,,,,,,,,,,,
1085,2026-04-23T08:22:46.881Z,S20260423_092137,N/A,AUTO,,69.0048,0.0606,N/A,0,1500,VIDE,0.0,0.0,0.0,0.0,0.0,0.0,0,0,0.0,0.0,,,,,,,,,,,,
1086,2026-04-23T08:22:46.943Z,S20260423_092137,N/A,AUTO,,69.0664,0.0616,N/A,0,1500,VIDE,0.0,0.0,0.0,0.0,0.0,0.0,0,0,0.0,0.0,,,,,,,,,,,,
1087,2026-04-23T08:22:47.005Z,S20260423_092137,N/A,AUTO,,69.1289,0.0625,N/A,0,1500,VIDE,0.0,0.0,0.0,0.0,0.0,0.0,0,0,0.0,0.0,,,,,,,,,,,,
1088,2026-04-23T08:22:47.073Z,S20260423_092137,N/A,AUTO,,69.1968,0.0679,N/A,0,1500,VIDE,0.0,0.0,0.0,0.0,0.0,0.0,0,0,0.0,0.0,,,,,,,,,,,,
1089,2026-04-23T08:22:47.141Z,S20260423_092137,N/A,AUTO,,69.2643,0.0675,N/A,0,1500,VIDE,0.0,0.0,0.0,0.0,0.0,0.0,0,0,0.0,0.0,,,,,,,,,,,,
1090,2026-04-23T08:22:47.196Z,S20260423_092137,N/A,AUTO,,69.3198,0.0555,N/A,0,1500,VIDE,0.0,0.0,0.0,0.0,0.0,0.0,0,0,0.0,0.0,,,,,,,,,,,,
1091,2026-04-23T08:22:47.264Z,S20260423_092137,N/A,AUTO,,69.3877,0.0679,N/A,0,1500,VIDE,0.0,0.0,0.0,0.0,0.0,0.0,0,0,0.0,0.0,,,,,,,,,,,,
1092,2026-04-23T08:22:47.324Z,S20260423_092137,N/A,AUTO,,69.448,0.0603,N/A,0,1500,VIDE,0.0,0.0,0.0,0.0,0.0,0.0,0,0,0.0,0.0,,,,,,,,,,,,
1093,2026-04-23T08:22:47.381Z,S20260423_092137,N/A,AUTO,,69.5045,0.0565,N/A,0,1500,VIDE,0.0,0.0,0.0,0.0,0.0,0.0,0,0,0.0,0.0,,,,,,,,,,,,
1094,2026-04-23T08:22:47.444Z,S20260423_092137,N/A,AUTO,,69.5675,0.0631,N/A,0,1500,VIDE,0.0,0.0,0.0,0.0,0.0,0.0,0,0,0.0,0.0,,,,,,,,,,,,
1095,2026-04-23T08:22:47.508Z,S20260423_092137,N/A,AUTO,,69.6321,0.0645,N/A,0,1500,VIDE,0.0,0.0,0.0,0.0,0.0,0.0,0,0,0.0,0.0,,,,,,,,,,,,
1096,2026-04-23T08:22:47.569Z,S20260423_092137,N/A,AUTO,,69.6929,0.0609,N/A,0,1500,VIDE,0.0,0.0,0.0,0.0,0.0,0.0,0,0,0.0,0.0,,,,,,,,,,,,
1097,2026-04-23T08:22:47.633Z,S20260423_092137,N/A,AUTO,,69.7568,0.0639,N/A,0,1500,VIDE,0.0,0.0,0.0,0.0,0.0,0.0,0,0,0.0,0.0,,,,,,,,,,,,
1098,2026-04-23T08:22:47.701Z,S20260423_092137,N/A,AUTO,,69.8244,0.0676,N/A,0,1500,VIDE,0.0,0.0,0.0,0.0,0.0,0.0,0,0,0.0,0.0,,,,,,,,,,,,
1099,2026-04-23T08:22:47.764Z,S20260423_092137,N/A,AUTO,,69.8876,0.0632,N/A,0,1500,VIDE,0.0,0.0,0.0,0.0,0.0,0.0,0,0,0.0,0.0,,,,,,,,,,,,
1100,2026-04-23T08:22:47.824Z,S20260423_092137,N/A,AUTO,,69.9481,0.0605,N/A,0,1500,VIDE,0.0,0.0,0.0,0.0,0.0,0.0,0,0,0.0,0.0,,,,,,,,,,,,
1101,2026-04-23T08:22:47.881Z,S20260423_092137,N/A,AUTO,,70.0048,0.0566,N/A,0,1500,VIDE,0.0,0.0,0.0,0.0,0.0,0.0,0,0,0.0,0.0,,,,,,,,,,,,
1102,2026-04-23T08:22:47.944Z,S20260423_092137,N/A,AUTO,,70.0675,0.0628,N/A,0,1500,VIDE,0.0,0.0,0.0,0.0,0.0,0.0,0,0,0.0,0.0,,,,,,,,,,,,
1103,2026-04-23T08:22:48.014Z,S20260423_092137,N/A,AUTO,,70.1375,0.07,N/A,0,1500,VIDE,0.0,0.0,0.0,0.0,0.0,0.0,0,0,0.0,0.0,,,,,,,,,,,,
1104,2026-04-23T08:22:48.070Z,S20260423_092137,N/A,AUTO,,70.1932,0.0557,N/A,0,1500,VIDE,0.0,0.0,0.0,0.0,0.0,0.0,0,0,0.0,0.0,,,,,,,,,,,,
1105,2026-04-23T08:22:48.133Z,S20260423_092137,N/A,AUTO,,70.2567,0.0635,N/A,0,1500,VIDE,0.0,0.0,0.0,0.0,0.0,0.0,0,0,0.0,0.0,,,,,,,,,,,,
1106,2026-04-23T08:22:48.198Z,S20260423_092137,N/A,AUTO,,70.3212,0.0645,N/A,0,1500,VIDE,0.0,0.0,0.0,0.0,0.0,0.0,0,0,0.0,0.0,,,,,,,,,,,,
1107,2026-04-23T08:22:48.261Z,S20260423_092137,N/A,AUTO,,70.3846,0.0634,N/A,0,1500,VIDE,0.0,0.0,0.0,0.0,0.0,0.0,0,0,0.0,0.0,,,,,,,,,,,,
1108,2026-04-23T08:22:48.324Z,S20260423_092137,N/A,AUTO,,70.4481,0.0635,N/A,0,1500,VIDE,0.0,0.0,0.0,0.0,0.0,0.0,0,0,0.0,0.0,,,,,,,,,,,,
1109,2026-04-23T08:22:48.384Z,S20260423_092137,N/A,AUTO,,70.5081,0.0599,N/A,0,1500,VIDE,0.0,0.0,0.0,0.0,0.0,0.0,0,0,0.0,0.0,,,,,,,,,,,,
1110,2026-04-23T08:22:48.445Z,S20260423_092137,N/A,AUTO,,70.5686,0.0606,N/A,0,1500,VIDE,0.0,0.0,0.0,0.0,0.0,0.0,0,0,0.0,0.0,,,,,,,,,,,,
1111,2026-04-23T08:22:48.513Z,S20260423_092137,N/A,AUTO,,70.637,0.0684,N/A,0,1500,VIDE,0.0,0.0,0.0,0.0,0.0,0.0,0,0,0.0,0.0,,,,,,,,,,,,
1112,2026-04-23T08:22:48.569Z,S20260423_092137,N/A,AUTO,,70.6929,0.0559,N/A,0,1500,VIDE,0.0,0.0,0.0,0.0,0.0,0.0,0,0,0.0,0.0,,,,,,,,,,,,
1113,2026-04-23T08:22:48.639Z,S20260423_092137,N/A,AUTO,,70.7623,0.0694,N/A,0,1500,VIDE,0.0,0.0,0.0,0.0,0.0,0.0,0,0,0.0,0.0,,,,,,,,,,,,
1114,2026-04-23T08:22:48.693Z,S20260423_092137,N/A,AUTO,,70.8166,0.0542,N/A,0,1500,VIDE,0.0,0.0,0.0,0.0,0.0,0.0,0,0,0.0,0.0,,,,,,,,,,,,
1115,2026-04-23T08:22:48.757Z,S20260423_092137,N/A,AUTO,,70.8808,0.0643,N/A,0,1500,VIDE,0.0,0.0,0.0,0.0,0.0,0.0,0,0,0.0,0.0,,,,,,,,,,,,
1116,2026-04-23T08:22:48.821Z,S20260423_092137,N/A,AUTO,,70.9448,0.064,N/A,0,1500,VIDE,0.0,0.0,0.0,0.0,0.0,0.0,0,0,0.0,0.0,,,,,,,,,,,,
1117,2026-04-23T08:22:48.884Z,S20260423_092137,N/A,AUTO,,71.0081,0.0632,N/A,0,1500,VIDE,0.0,0.0,0.0,0.0,0.0,0.0,0,0,0.0,0.0,,,,,,,,,,,,
1118,2026-04-23T08:22:48.944Z,S20260423_092137,N/A,AUTO,,71.0679,0.0598,N/A,0,1500,VIDE,0.0,0.0,0.0,0.0,0.0,0.0,0,0,0.0,0.0,,,,,,,,,,,,
1119,2026-04-23T08:22:49.005Z,S20260423_092137,N/A,AUTO,,71.1287,0.0608,N/A,0,1500,VIDE,0.0,0.0,0.0,0.0,0.0,0.0,0,0,0.0,0.0,,,,,,,,,,,,
1120,2026-04-23T08:22:49.073Z,S20260423_092137,N/A,AUTO,,71.1971,0.0684,N/A,0,1500,VIDE,0.0,0.0,0.0,0.0,0.0,0.0,0,0,0.0,0.0,,,,,,,,,,,,
1121,2026-04-23T08:22:49.137Z,S20260423_092137,N/A,AUTO,,71.2607,0.0637,N/A,0,1500,VIDE,0.0,0.0,0.0,0.0,0.0,0.0,0,0,0.0,0.0,,,,,,,,,,,,
1122,2026-04-23T08:22:49.201Z,S20260423_092137,N/A,AUTO,,71.3244,0.0637,N/A,0,1500,VIDE,0.0,0.0,0.0,0.0,0.0,0.0,0,0,0.0,0.0,,,,,,,,,,,,
1123,2026-04-23T08:22:49.263Z,S20260423_092137,N/A,AUTO,,71.3868,0.0624,N/A,0,1500,VIDE,0.0,0.0,0.0,0.0,0.0,0.0,0,0,0.0,0.0,,,,,,,,,,,,
1124,2026-04-23T08:22:49.324Z,S20260423_092137,N/A,AUTO,,71.448,0.0613,N/A,0,1500,VIDE,0.0,0.0,0.0,0.0,0.0,0.0,0,0,0.0,0.0,,,,,,,,,,,,
1125,2026-04-23T08:22:49.381Z,S20260423_092137,N/A,AUTO,,71.5044,0.0564,N/A,0,1500,VIDE,0.0,0.0,0.0,0.0,0.0,0.0,0,0,0.0,0.0,,,,,,,,,,,,
1126,2026-04-23T08:22:49.444Z,S20260423_092137,N/A,AUTO,,71.5679,0.0634,N/A,0,1500,VIDE,0.0,0.0,0.0,0.0,0.0,0.0,0,0,0.0,0.0,,,,,,,,,,,,
1127,2026-04-23T08:22:49.506Z,S20260423_092137,N/A,AUTO,,71.6293,0.0614,N/A,0,1500,VIDE,0.0,0.0,0.0,0.0,0.0,0.0,0,0,0.0,0.0,,,,,,,,,,,,
1128,2026-04-23T08:22:49.569Z,S20260423_092137,N/A,AUTO,,71.693,0.0637,N/A,0,1500,VIDE,0.0,0.0,0.0,0.0,0.0,0.0,0,0,0.0,0.0,,,,,,,,,,,,
1129,2026-04-23T08:22:49.633Z,S20260423_092137,N/A,AUTO,,71.757,0.064,N/A,0,1500,VIDE,0.0,0.0,0.0,0.0,0.0,0.0,0,0,0.0,0.0,,,,,,,,,,,,
1130,2026-04-23T08:22:49.701Z,S20260423_092137,N/A,AUTO,,71.8247,0.0677,N/A,0,1500,VIDE,0.0,0.0,0.0,0.0,0.0,0.0,0,0,0.0,0.0,,,,,,,,,,,,
1131,2026-04-23T08:22:49.762Z,S20260423_092137,N/A,AUTO,,71.8861,0.0614,N/A,0,1500,VIDE,0.0,0.0,0.0,0.0,0.0,0.0,0,0,0.0,0.0,,,,,,,,,,,,
1132,2026-04-23T08:22:49.824Z,S20260423_092137,N/A,AUTO,,71.9481,0.062,N/A,0,1500,VIDE,0.0,0.0,0.0,0.0,0.0,0.0,0,0,0.0,0.0,,,,,,,,,,,,
1133,2026-04-23T08:22:49.885Z,S20260423_092137,N/A,AUTO,,72.0088,0.0607,N/A,0,1500,VIDE,0.0,0.0,0.0,0.0,0.0,0.0,0,0,0.0,0.0,,,,,,,,,,,,
1134,2026-04-23T08:22:49.944Z,S20260423_092137,N/A,AUTO,,72.0672,0.0584,N/A,0,1500,VIDE,0.0,0.0,0.0,0.0,0.0,0.0,0,0,0.0,0.0,,,,,,,,,,,,
1135,2026-04-23T08:22:50.015Z,S20260423_092137,N/A,AUTO,,72.1386,0.0714,N/A,0,1500,VIDE,0.0,0.0,0.0,0.0,0.0,0.0,0,0,0.0,0.0,,,,,,,,,,,,
1136,2026-04-23T08:22:50.069Z,S20260423_092137,N/A,AUTO,,72.1926,0.054,N/A,0,1500,VIDE,0.0,0.0,0.0,0.0,0.0,0.0,0,0,0.0,0.0,,,,,,,,,,,,
1137,2026-04-23T08:22:50.133Z,S20260423_092137,N/A,AUTO,,72.2565,0.0638,N/A,0,1500,VIDE,0.0,0.0,0.0,0.0,0.0,0.0,0,0,0.0,0.0,,,,,,,,,,,,
1138,2026-04-23T08:22:50.197Z,S20260423_092137,N/A,AUTO,,72.3202,0.0638,N/A,0,1500,VIDE,0.0,0.0,0.0,0.0,0.0,0.0,0,0,0.0,0.0,,,,,,,,,,,,
1139,2026-04-23T08:22:50.257Z,S20260423_092137,N/A,AUTO,,72.381,0.0608,N/A,0,1500,VIDE,0.0,0.0,0.0,0.0,0.0,0.0,0,0,0.0,0.0,,,,,,,,,,,,
1140,2026-04-23T08:22:50.324Z,S20260423_092137,N/A,AUTO,,72.4479,0.0669,N/A,0,1500,VIDE,0.0,0.0,0.0,0.0,0.0,0.0,0,0,0.0,0.0,,,,,,,,,,,,
1141,2026-04-23T08:22:50.384Z,S20260423_092137,N/A,AUTO,,72.5077,0.0598,N/A,0,1500,VIDE,0.0,0.0,0.0,0.0,0.0,0.0,0,0,0.0,0.0,,,,,,,,,,,,
1142,2026-04-23T08:22:50.444Z,S20260423_092137,N/A,AUTO,,72.5673,0.0596,N/A,0,1500,VIDE,0.0,0.0,0.0,0.0,0.0,0.0,0,0,0.0,0.0,,,,,,,,,,,,
1143,2026-04-23T08:22:50.511Z,S20260423_092137,N/A,AUTO,,72.6351,0.0678,N/A,0,1500,VIDE,0.0,0.0,0.0,0.0,0.0,0.0,0,0,0.0,0.0,,,,,,,,,,,,
1144,2026-04-23T08:22:50.569Z,S20260423_092137,N/A,AUTO,,72.6928,0.0578,N/A,0,1500,VIDE,0.0,0.0,0.0,0.0,0.0,0.0,0,0,0.0,0.0,,,,,,,,,,,,
1145,2026-04-23T08:22:50.633Z,S20260423_092137,N/A,AUTO,,72.7569,0.0641,N/A,0,1500,VIDE,0.0,0.0,0.0,0.0,0.0,0.0,0,0,0.0,0.0,,,,,,,,,,,,
1146,2026-04-23T08:22:50.693Z,S20260423_092137,N/A,AUTO,,72.8168,0.0599,N/A,0,1500,VIDE,0.0,0.0,0.0,0.0,0.0,0.0,0,0,0.0,0.0,,,,,,,,,,,,
1147,2026-04-23T08:22:50.757Z,S20260423_092137,N/A,AUTO,,72.8804,0.0636,N/A,0,1500,VIDE,0.0,0.0,0.0,0.0,0.0,0.0,0,0,0.0,0.0,,,,,,,,,,,,
1148,2026-04-23T08:22:50.821Z,S20260423_092137,N/A,AUTO,,72.9447,0.0644,N/A,0,1500,VIDE,0.0,0.0,0.0,0.0,0.0,0.0,0,0,0.0,0.0,,,,,,,,,,,,
1149,2026-04-23T08:22:50.883Z,S20260423_092137,N/A,AUTO,,73.0067,0.062,N/A,0,1500,VIDE,0.0,0.0,0.0,0.0,0.0,0.0,0,0,0.0,0.0,,,,,,,,,,,,
1150,2026-04-23T08:22:50.944Z,S20260423_092137,N/A,AUTO,,73.0672,0.0605,N/A,0,1500,VIDE,0.0,0.0,0.0,0.0,0.0,0.0,0,0,0.0,0.0,,,,,,,,,,,,
1151,2026-04-23T08:22:51.009Z,S20260423_092137,N/A,AUTO,,73.133,0.0657,N/A,0,1500,VIDE,0.0,0.0,0.0,0.0,0.0,0.0,0,0,0.0,0.0,,,,,,,,,,,,
1152,2026-04-23T08:22:51.073Z,S20260423_092137,N/A,AUTO,,73.197,0.064,N/A,0,1500,VIDE,0.0,0.0,0.0,0.0,0.0,0.0,0,0,0.0,0.0,,,,,,,,,,,,
1153,2026-04-23T08:22:51.136Z,S20260423_092137,N/A,AUTO,,73.2594,0.0624,N/A,0,1500,VIDE,0.0,0.0,0.0,0.0,0.0,0.0,0,0,0.0,0.0,,,,,,,,,,,,
1154,2026-04-23T08:22:51.193Z,S20260423_092137,N/A,AUTO,,73.3172,0.0578,N/A,0,1500,VIDE,0.0,0.0,0.0,0.0,0.0,0.0,0,0,0.0,0.0,,,,,,,,,,,,
1155,2026-04-23T08:22:51.257Z,S20260423_092137,N/A,AUTO,,73.381,0.0638,N/A,0,1500,VIDE,0.0,0.0,0.0,0.0,0.0,0.0,0,0,0.0,0.0,,,,,,,,,,,,
1156,2026-04-23T08:22:51.324Z,S20260423_092137,N/A,AUTO,,73.4472,0.0662,N/A,0,1500,VIDE,0.0,0.0,0.0,0.0,0.0,0.0,0,0,0.0,0.0,,,,,,,,,,,,
1157,2026-04-23T08:22:51.381Z,S20260423_092137,N/A,AUTO,,73.5046,0.0574,N/A,0,1500,VIDE,0.0,0.0,0.0,0.0,0.0,0.0,0,0,0.0,0.0,,,,,,,,,,,,
1158,2026-04-23T08:22:51.444Z,S20260423_092137,N/A,AUTO,,73.5674,0.0628,N/A,0,1500,VIDE,0.0,0.0,0.0,0.0,0.0,0.0,0,0,0.0,0.0,,,,,,,,,,,,
1159,2026-04-23T08:22:51.509Z,S20260423_092137,N/A,AUTO,,73.6328,0.0654,N/A,0,1500,VIDE,0.0,0.0,0.0,0.0,0.0,0.0,0,0,0.0,0.0,,,,,,,,,,,,
1160,2026-04-23T08:22:51.573Z,S20260423_092137,N/A,AUTO,,73.6971,0.0642,N/A,0,1500,VIDE,0.0,0.0,0.0,0.0,0.0,0.0,0,0,0.0,0.0,,,,,,,,,,,,
1161,2026-04-23T08:22:51.640Z,S20260423_092137,N/A,AUTO,,73.7635,0.0663,N/A,0,1500,VIDE,0.0,0.0,0.0,0.0,0.0,0.0,0,0,0.0,0.0,,,,,,,,,,,,
1162,2026-04-23T08:22:51.697Z,S20260423_092137,N/A,AUTO,,73.8211,0.0578,N/A,0,1500,VIDE,0.0,0.0,0.0,0.0,0.0,0.0,0,0,0.0,0.0,,,,,,,,,,,,
1163,2026-04-23T08:22:51.761Z,S20260423_092137,N/A,AUTO,,73.885,0.0639,N/A,0,1500,VIDE,0.0,0.0,0.0,0.0,0.0,0.0,0,0,0.0,0.0,,,,,,,,,,,,
1164,2026-04-23T08:22:51.824Z,S20260423_092137,N/A,AUTO,,73.9472,0.0622,N/A,0,1500,VIDE,0.0,0.0,0.0,0.0,0.0,0.0,0,0,0.0,0.0,,,,,,,,,,,,
1165,2026-04-23T08:22:51.881Z,S20260423_092137,N/A,AUTO,,74.005,0.0578,N/A,0,1500,VIDE,0.0,0.0,0.0,0.0,0.0,0.0,0,0,0.0,0.0,,,,,,,,,,,,
1166,2026-04-23T08:22:51.944Z,S20260423_092137,N/A,AUTO,,74.0673,0.0623,N/A,0,1500,VIDE,0.0,0.0,0.0,0.0,0.0,0.0,0,0,0.0,0.0,,,,,,,,,,,,
1167,2026-04-23T08:22:52.009Z,S20260423_092137,N/A,AUTO,,74.1331,0.0659,N/A,0,1500,VIDE,0.0,0.0,0.0,0.0,0.0,0.0,0,0,0.0,0.0,,,,,,,,,,,,
1168,2026-04-23T08:22:52.073Z,S20260423_092137,N/A,AUTO,,74.1971,0.064,N/A,0,1500,VIDE,0.0,0.0,0.0,0.0,0.0,0.0,0,0,0.0,0.0,,,,,,,,,,,,
1169,2026-04-23T08:22:52.136Z,S20260423_092137,N/A,AUTO,,74.2597,0.0626,N/A,0,1500,VIDE,0.0,0.0,0.0,0.0,0.0,0.0,0,0,0.0,0.0,,,,,,,,,,,,
1170,2026-04-23T08:22:52.194Z,S20260423_092137,N/A,AUTO,,74.3172,0.0575,N/A,0,1500,VIDE,0.0,0.0,0.0,0.0,0.0,0.0,0,0,0.0,0.0,,,,,,,,,,,,
1171,2026-04-23T08:22:52.257Z,S20260423_092137,N/A,AUTO,,74.381,0.0638,N/A,0,1500,VIDE,0.0,0.0,0.0,0.0,0.0,0.0,0,0,0.0,0.0,,,,,,,,,,,,
1172,2026-04-23T08:22:52.321Z,S20260423_092137,N/A,AUTO,,74.4451,0.0641,N/A,0,1500,VIDE,0.0,0.0,0.0,0.0,0.0,0.0,0,0,0.0,0.0,,,,,,,,,,,,
1173,2026-04-23T08:22:52.384Z,S20260423_092137,N/A,AUTO,,74.5082,0.0631,N/A,0,1500,VIDE,0.0,0.0,0.0,0.0,0.0,0.0,0,0,0.0,0.0,,,,,,,,,,,,
1174,2026-04-23T08:22:52.444Z,S20260423_092137,N/A,AUTO,,74.5678,0.0597,N/A,0,1500,VIDE,0.0,0.0,0.0,0.0,0.0,0.0,0,0,0.0,0.0,,,,,,,,,,,,
1175,2026-04-23T08:22:52.506Z,S20260423_092137,N/A,AUTO,,74.6292,0.0614,N/A,0,1500,VIDE,0.0,0.0,0.0,0.0,0.0,0.0,0,0,0.0,0.0,,,,,,,,,,,,
1176,2026-04-23T08:22:52.569Z,S20260423_092137,N/A,AUTO,,74.6929,0.0637,N/A,0,1500,VIDE,0.0,0.0,0.0,0.0,0.0,0.0,0,0,0.0,0.0,,,,,,,,,,,,
1177,2026-04-23T08:22:52.635Z,S20260423_092137,N/A,AUTO,,74.7591,0.0662,N/A,0,1500,VIDE,0.0,0.0,0.0,0.0,0.0,0.0,0,0,0.0,0.0,,,,,,,,,,,,
1178,2026-04-23T08:22:52.698Z,S20260423_092137,N/A,AUTO,,74.8212,0.0621,N/A,0,1500,VIDE,0.0,0.0,0.0,0.0,0.0,0.0,0,0,0.0,0.0,,,,,,,,,,,,
1179,2026-04-23T08:22:52.760Z,S20260423_092137,N/A,AUTO,,74.8837,0.0625,N/A,0,1500,VIDE,0.0,0.0,0.0,0.0,0.0,0.0,0,0,0.0,0.0,,,,,,,,,,,,
1180,2026-04-23T08:22:52.822Z,S20260423_092137,N/A,AUTO,,74.9455,0.0617,N/A,0,1500,VIDE,0.0,0.0,0.0,0.0,0.0,0.0,0,0,0.0,0.0,,,,,,,,,,,,
1181,2026-04-23T08:22:52.883Z,S20260423_092137,N/A,AUTO,,75.007,0.0615,N/A,0,1500,VIDE,0.0,0.0,0.0,0.0,0.0,0.0,0,0,0.0,0.0,,,,,,,,,,,,
1182,2026-04-23T08:22:52.944Z,S20260423_092137,N/A,AUTO,,75.0682,0.0611,N/A,0,1500,VIDE,0.0,0.0,0.0,0.0,0.0,0.0,0,0,0.0,0.0,,,,,,,,,,,,
1183,2026-04-23T08:22:53.008Z,S20260423_092137,N/A,AUTO,,75.1319,0.0638,N/A,0,1500,VIDE,0.0,0.0,0.0,0.0,0.0,0.0,0,0,0.0,0.0,,,,,,,,,,,,
1184,2026-04-23T08:22:53.071Z,S20260423_092137,N/A,AUTO,,75.1951,0.0632,N/A,0,1500,VIDE,0.0,0.0,0.0,0.0,0.0,0.0,0,0,0.0,0.0,,,,,,,,,,,,
1185,2026-04-23T08:22:53.133Z,S20260423_092137,N/A,AUTO,,75.2567,0.0616,N/A,0,1500,VIDE,0.0,0.0,0.0,0.0,0.0,0.0,0,0,0.0,0.0,,,,,,,,,,,,
1186,2026-04-23T08:22:53.193Z,S20260423_092137,N/A,AUTO,,75.3171,0.0605,N/A,0,1500,VIDE,0.0,0.0,0.0,0.0,0.0,0.0,0,0,0.0,0.0,,,,,,,,,,,,
1187,2026-04-23T08:22:53.257Z,S20260423_092137,N/A,AUTO,,75.3809,0.0638,N/A,0,1500,VIDE,0.0,0.0,0.0,0.0,0.0,0.0,0,0,0.0,0.0,,,,,,,,,,,,
1188,2026-04-23T08:22:53.320Z,S20260423_092137,N/A,AUTO,,75.4434,0.0625,N/A,0,1500,VIDE,0.0,0.0,0.0,0.0,0.0,0.0,0,0,0.0,0.0,,,,,,,,,,,,
1189,2026-04-23T08:22:53.381Z,S20260423_092137,N/A,AUTO,,75.5043,0.0609,N/A,0,1500,VIDE,0.0,0.0,0.0,0.0,0.0,0.0,0,0,0.0,0.0,,,,,,,,,,,,
1190,2026-04-23T08:22:53.444Z,S20260423_092137,N/A,AUTO,,75.5676,0.0633,N/A,0,1500,VIDE,0.0,0.0,0.0,0.0,0.0,0.0,0,0,0.0,0.0,,,,,,,,,,,,
1191,2026-04-23T08:22:53.505Z,S20260423_092137,N/A,AUTO,,75.6288,0.0612,N/A,0,1500,VIDE,0.0,0.0,0.0,0.0,0.0,0.0,0,0,0.0,0.0,,,,,,,,,,,,
1192,2026-04-23T08:22:53.569Z,S20260423_092137,N/A,AUTO,,75.693,0.0642,N/A,0,1500,VIDE,0.0,0.0,0.0,0.0,0.0,0.0,0,0,0.0,0.0,,,,,,,,,,,,
1193,2026-04-23T08:22:53.633Z,S20260423_092137,N/A,AUTO,,75.7571,0.0641,N/A,0,1500,VIDE,0.0,0.0,0.0,0.0,0.0,0.0,0,0,0.0,0.0,,,,,,,,,,,,
1194,2026-04-23T08:22:53.698Z,S20260423_092137,N/A,AUTO,,75.8215,0.0644,N/A,0,1500,VIDE,0.0,0.0,0.0,0.0,0.0,0.0,0,0,0.0,0.0,,,,,,,,,,,,
1195,2026-04-23T08:22:53.764Z,S20260423_092137,N/A,AUTO,,75.888,0.0665,N/A,0,1500,VIDE,0.0,0.0,0.0,0.0,0.0,0.0,0,0,0.0,0.0,,,,,,,,,,,,
1196,2026-04-23T08:22:53.824Z,S20260423_092137,N/A,AUTO,,75.9476,0.0596,N/A,0,1500,VIDE,0.0,0.0,0.0,0.0,0.0,0.0,0,0,0.0,0.0,,,,,,,,,,,,
1197,2026-04-23T08:22:53.884Z,S20260423_092137,N/A,AUTO,,76.0081,0.0605,N/A,0,1500,VIDE,0.0,0.0,0.0,0.0,0.0,0.0,0,0,0.0,0.0,,,,,,,,,,,,
1198,2026-04-23T08:22:53.945Z,S20260423_092137,N/A,AUTO,,76.0683,0.0601,N/A,0,1500,VIDE,0.0,0.0,0.0,0.0,0.0,0.0,0,0,0.0,0.0,,,,,,,,,,,,
1199,2026-04-23T08:22:54.015Z,S20260423_092137,N/A,AUTO,,76.1392,0.0708,N/A,0,1500,VIDE,0.0,0.0,0.0,0.0,0.0,0.0,0,0,0.0,0.0,,,,,,,,,,,,
1200,2026-04-23T08:22:54.077Z,S20260423_092137,N/A,AUTO,,76.2008,0.0617,N/A,0,1500,VIDE,0.0,0.0,0.0,0.0,0.0,0.0,0,0,0.0,0.0,,,,,,,,,,,,
1201,2026-04-23T08:22:54.134Z,S20260423_092137,N/A,AUTO,,76.2581,0.0573,N/A,0,1500,VIDE,0.0,0.0,0.0,0.0,0.0,0.0,0,0,0.0,0.0,,,,,,,,,,,,
1202,2026-04-23T08:22:54.201Z,S20260423_092137,N/A,AUTO,,76.3248,0.0667,N/A,0,1500,VIDE,0.0,0.0,0.0,0.0,0.0,0.0,0,0,0.0,0.0,,,,,,,,,,,,
1203,2026-04-23T08:22:54.257Z,S20260423_092137,N/A,AUTO,,76.3811,0.0563,N/A,0,1500,VIDE,0.0,0.0,0.0,0.0,0.0,0.0,0,0,0.0,0.0,,,,,,,,,,,,
1204,2026-04-23T08:22:54.321Z,S20260423_092137,N/A,AUTO,,76.445,0.0639,N/A,0,1500,VIDE,0.0,0.0,0.0,0.0,0.0,0.0,0,0,0.0,0.0,,,,,,,,,,,,
1205,2026-04-23T08:22:54.384Z,S20260423_092137,N/A,AUTO,,76.508,0.063,N/A,0,1500,VIDE,0.0,0.0,0.0,0.0,0.0,0.0,0,0,0.0,0.0,,,,,,,,,,,,
1206,2026-04-23T08:22:54.443Z,S20260423_092137,N/A,AUTO,,76.5671,0.0591,N/A,0,1500,VIDE,0.0,0.0,0.0,0.0,0.0,0.0,0,0,0.0,0.0,,,,,,,,,,,,
1207,2026-04-23T08:22:54.514Z,S20260423_092137,N/A,AUTO,,76.638,0.0709,N/A,0,1500,VIDE,0.0,0.0,0.0,0.0,0.0,0.0,0,0,0.0,0.0,,,,,,,,,,,,
1208,2026-04-23T08:22:54.577Z,S20260423_092137,N/A,AUTO,,76.7005,0.0625,N/A,0,1500,VIDE,0.0,0.0,0.0,0.0,0.0,0.0,0,0,0.0,0.0,,,,,,,,,,,,
1209,2026-04-23T08:22:54.638Z,S20260423_092137,N/A,AUTO,,76.7613,0.0608,N/A,0,1500,VIDE,0.0,0.0,0.0,0.0,0.0,0.0,0,0,0.0,0.0,,,,,,,,,,,,
1210,2026-04-23T08:22:54.700Z,S20260423_092137,N/A,AUTO,,76.8237,0.0624,N/A,0,1500,VIDE,0.0,0.0,0.0,0.0,0.0,0.0,0,0,0.0,0.0,,,,,,,,,,,,
1211,2026-04-23T08:22:54.761Z,S20260423_092137,N/A,AUTO,,76.8851,0.0614,N/A,0,1500,VIDE,0.0,0.0,0.0,0.0,0.0,0.0,0,0,0.0,0.0,,,,,,,,,,,,
1212,2026-04-23T08:22:54.824Z,S20260423_092137,N/A,AUTO,,76.9475,0.0625,N/A,0,1500,VIDE,0.0,0.0,0.0,0.0,0.0,0.0,0,0,0.0,0.0,,,,,,,,,,,,
1213,2026-04-23T08:22:54.884Z,S20260423_092137,N/A,AUTO,,77.0074,0.0599,N/A,0,1500,VIDE,0.0,0.0,0.0,0.0,0.0,0.0,0,0,0.0,0.0,,,,,,,,,,,,
1214,2026-04-23T08:22:54.944Z,S20260423_092137,N/A,AUTO,,77.0678,0.0604,N/A,0,1500,VIDE,0.0,0.0,0.0,0.0,0.0,0.0,0,0,0.0,0.0,,,,,,,,,,,,
1215,2026-04-23T08:22:55.012Z,S20260423_092137,N/A,AUTO,,77.1354,0.0676,N/A,0,1500,VIDE,0.0,0.0,0.0,0.0,0.0,0.0,0,0,0.0,0.0,,,,,,,,,,,,
1216,2026-04-23T08:22:55.074Z,S20260423_092137,N/A,AUTO,,77.1974,0.0619,N/A,0,1500,VIDE,0.0,0.0,0.0,0.0,0.0,0.0,0,0,0.0,0.0,,,,,,,,,,,,
1217,2026-04-23T08:22:55.136Z,S20260423_092137,N/A,AUTO,,77.2592,0.0618,N/A,0,1500,VIDE,0.0,0.0,0.0,0.0,0.0,0.0,0,0,0.0,0.0,,,,,,,,,,,,
1218,2026-04-23T08:22:55.199Z,S20260423_092137,N/A,AUTO,,77.3229,0.0637,N/A,0,1500,VIDE,0.0,0.0,0.0,0.0,0.0,0.0,0,0,0.0,0.0,,,,,,,,,,,,
1219,2026-04-23T08:22:55.259Z,S20260423_092137,N/A,AUTO,,77.383,0.0601,N/A,0,1500,VIDE,0.0,0.0,0.0,0.0,0.0,0.0,0,0,0.0,0.0,,,,,,,,,,,,
1220,2026-04-23T08:22:55.322Z,S20260423_092137,N/A,AUTO,,77.4452,0.0622,N/A,0,1500,VIDE,0.0,0.0,0.0,0.0,0.0,0.0,0,0,0.0,0.0,,,,,,,,,,,,
1221,2026-04-23T08:22:55.384Z,S20260423_092137,N/A,AUTO,,77.5075,0.0623,N/A,0,1500,VIDE,0.0,0.0,0.0,0.0,0.0,0.0,0,0,0.0,0.0,,,,,,,,,,,,
1222,2026-04-23T08:22:55.444Z,S20260423_092137,N/A,AUTO,,77.5674,0.0599,N/A,0,1500,VIDE,0.0,0.0,0.0,0.0,0.0,0.0,0,0,0.0,0.0,,,,,,,,,,,,
1223,2026-04-23T08:22:55.508Z,S20260423_092137,N/A,AUTO,,77.6312,0.0638,N/A,0,1500,VIDE,0.0,0.0,0.0,0.0,0.0,0.0,0,0,0.0,0.0,,,,,,,,,,,,
1224,2026-04-23T08:22:55.569Z,S20260423_092137,N/A,AUTO,,77.6931,0.0619,N/A,0,1500,VIDE,0.0,0.0,0.0,0.0,0.0,0.0,0,0,0.0,0.0,,,,,,,,,,,,
1225,2026-04-23T08:22:55.633Z,S20260423_092137,N/A,AUTO,,77.7562,0.0632,N/A,0,1500,VIDE,0.0,0.0,0.0,0.0,0.0,0.0,0,0,0.0,0.0,,,,,,,,,,,,
1226,2026-04-23T08:22:55.697Z,S20260423_092137,N/A,AUTO,,77.8211,0.0649,N/A,0,1500,VIDE,0.0,0.0,0.0,0.0,0.0,0.0,0,0,0.0,0.0,,,,,,,,,,,,
1227,2026-04-23T08:22:55.755Z,S20260423_092137,N/A,AUTO,,77.879,0.0579,N/A,0,1500,VIDE,0.0,0.0,0.0,0.0,0.0,0.0,0,0,0.0,0.0,,,,,,,,,,,,
1228,2026-04-23T08:22:55.824Z,S20260423_092137,N/A,AUTO,,77.9479,0.0689,N/A,0,1500,VIDE,0.0,0.0,0.0,0.0,0.0,0.0,0,0,0.0,0.0,,,,,,,,,,,,
1229,2026-04-23T08:22:55.881Z,S20260423_092137,N/A,AUTO,,78.0044,0.0565,N/A,0,1500,VIDE,0.0,0.0,0.0,0.0,0.0,0.0,0,0,0.0,0.0,,,,,,,,,,,,
1230,2026-04-23T08:22:55.944Z,S20260423_092137,N/A,AUTO,,78.0675,0.0631,N/A,0,1500,VIDE,0.0,0.0,0.0,0.0,0.0,0.0,0,0,0.0,0.0,,,,,,,,,,,,
1231,2026-04-23T08:22:56.006Z,S20260423_092137,N/A,AUTO,,78.13,0.0624,N/A,0,1500,VIDE,0.0,0.0,0.0,0.0,0.0,0.0,0,0,0.0,0.0,,,,,,,,,,,,
1232,2026-04-23T08:22:56.068Z,S20260423_092137,N/A,AUTO,,78.1921,0.0621,N/A,0,1500,VIDE,0.0,0.0,0.0,0.0,0.0,0.0,0,0,0.0,0.0,,,,,,,,,,,,
1233,2026-04-23T08:22:56.137Z,S20260423_092137,N/A,AUTO,,78.2609,0.0688,N/A,0,1500,VIDE,0.0,0.0,0.0,0.0,0.0,0.0,0,0,0.0,0.0,,,,,,,,,,,,
1234,2026-04-23T08:22:56.194Z,S20260423_092137,N/A,AUTO,,78.3172,0.0563,N/A,0,1500,VIDE,0.0,0.0,0.0,0.0,0.0,0.0,0,0,0.0,0.0,,,,,,,,,,,,
1235,2026-04-23T08:22:56.264Z,S20260423_092137,N/A,AUTO,,78.3878,0.0706,N/A,0,1500,VIDE,0.0,0.0,0.0,0.0,0.0,0.0,0,0,0.0,0.0,,,,,,,,,,,,
1236,2026-04-23T08:22:56.324Z,S20260423_092137,N/A,AUTO,,78.4474,0.0596,N/A,0,1500,VIDE,0.0,0.0,0.0,0.0,0.0,0.0,0,0,0.0,0.0,,,,,,,,,,,,
1237,2026-04-23T08:22:56.384Z,S20260423_092137,N/A,AUTO,,78.5081,0.0607,N/A,0,1500,VIDE,0.0,0.0,0.0,0.0,0.0,0.0,0,0,0.0,0.0,,,,,,,,,,,,
1238,2026-04-23T08:22:56.444Z,S20260423_092137,N/A,AUTO,,78.5679,0.0598,N/A,0,1500,VIDE,0.0,0.0,0.0,0.0,0.0,0.0,0,0,0.0,0.0,,,,,,,,,,,,
1239,2026-04-23T08:22:56.505Z,S20260423_092137,N/A,AUTO,,78.6291,0.0612,N/A,0,1500,VIDE,0.0,0.0,0.0,0.0,0.0,0.0,0,0,0.0,0.0,,,,,,,,,,,,
1240,2026-04-23T08:22:56.572Z,S20260423_092137,N/A,AUTO,,78.6952,0.0661,N/A,0,1500,VIDE,0.0,0.0,0.0,0.0,0.0,0.0,0,0,0.0,0.0,,,,,,,,,,,,
1241,2026-04-23T08:22:56.633Z,S20260423_092137,N/A,AUTO,,78.7571,0.0619,N/A,0,1500,VIDE,0.0,0.0,0.0,0.0,0.0,0.0,0,0,0.0,0.0,,,,,,,,,,,,
1242,2026-04-23T08:22:56.697Z,S20260423_092137,N/A,AUTO,,78.8209,0.0638,N/A,0,1500,VIDE,0.0,0.0,0.0,0.0,0.0,0.0,0,0,0.0,0.0,,,,,,,,,,,,
1243,2026-04-23T08:22:56.762Z,S20260423_092137,N/A,AUTO,,78.8852,0.0643,N/A,0,1500,VIDE,0.0,0.0,0.0,0.0,0.0,0.0,0,0,0.0,0.0,,,,,,,,,,,,
1244,2026-04-23T08:22:56.824Z,S20260423_092137,N/A,AUTO,,78.9476,0.0624,N/A,0,1500,VIDE,0.0,0.0,0.0,0.0,0.0,0.0,0,0,0.0,0.0,,,,,,,,,,,,
1245,2026-04-23T08:22:56.882Z,S20260423_092137,N/A,AUTO,,79.0053,0.0577,N/A,0,1500,VIDE,0.0,0.0,0.0,0.0,0.0,0.0,0,0,0.0,0.0,,,,,,,,,,,,
1246,2026-04-23T08:22:56.944Z,S20260423_092137,N/A,AUTO,,79.0681,0.0628,N/A,0,1500,VIDE,0.0,0.0,0.0,0.0,0.0,0.0,0,0,0.0,0.0,,,,,,,,,,,,
1247,2026-04-23T08:22:57.013Z,S20260423_092137,N/A,AUTO,,79.1368,0.0687,N/A,0,1500,VIDE,0.0,0.0,0.0,0.0,0.0,0.0,0,0,0.0,0.0,,,,,,,,,,,,
1248,2026-04-23T08:22:57.076Z,S20260423_092137,N/A,AUTO,,79.1994,0.0625,N/A,0,1500,VIDE,0.0,0.0,0.0,0.0,0.0,0.0,0,0,0.0,0.0,,,,,,,,,,,,
1249,2026-04-23T08:22:57.137Z,S20260423_092137,N/A,AUTO,,79.2612,0.0618,N/A,0,1500,VIDE,0.0,0.0,0.0,0.0,0.0,0.0,0,0,0.0,0.0,,,,,,,,,,,,
1250,2026-04-23T08:22:57.194Z,S20260423_092137,N/A,AUTO,,79.3175,0.0563,N/A,0,1500,VIDE,0.0,0.0,0.0,0.0,0.0,0.0,0,0,0.0,0.0,,,,,,,,,,,,
1251,2026-04-23T08:22:57.264Z,S20260423_092137,N/A,AUTO,,79.3875,0.0701,N/A,0,1500,VIDE,0.0,0.0,0.0,0.0,0.0,0.0,0,0,0.0,0.0,,,,,,,,,,,,
1252,2026-04-23T08:22:57.322Z,S20260423_092137,N/A,AUTO,,79.4454,0.0578,N/A,0,1500,VIDE,0.0,0.0,0.0,0.0,0.0,0.0,0,0,0.0,0.0,,,,,,,,,,,,
1253,2026-04-23T08:22:57.384Z,S20260423_092137,N/A,AUTO,,79.5074,0.062,N/A,0,1500,VIDE,0.0,0.0,0.0,0.0,0.0,0.0,0,0,0.0,0.0,,,,,,,,,,,,
1254,2026-04-23T08:22:57.444Z,S20260423_092137,N/A,AUTO,,79.5674,0.06,N/A,0,1500,VIDE,0.0,0.0,0.0,0.0,0.0,0.0,0,0,0.0,0.0,,,,,,,,,,,,
1255,2026-04-23T08:22:57.516Z,S20260423_092137,N/A,AUTO,,79.6397,0.0723,N/A,0,1500,VIDE,0.0,0.0,0.0,0.0,0.0,0.0,0,0,0.0,0.0,,,,,,,,,,,,
1256,2026-04-23T08:22:57.570Z,S20260423_092137,N/A,AUTO,,79.6934,0.0537,N/A,0,1500,VIDE,0.0,0.0,0.0,0.0,0.0,0.0,0,0,0.0,0.0,,,,,,,,,,,,
1257,2026-04-23T08:22:57.641Z,S20260423_092137,N/A,AUTO,,79.7645,0.0711,N/A,0,1500,VIDE,0.0,0.0,0.0,0.0,0.0,0.0,0,0,0.0,0.0,,,,,,,,,,,,
1258,2026-04-23T08:22:57.703Z,S20260423_092137,N/A,AUTO,,79.8265,0.0621,N/A,0,1500,VIDE,0.0,0.0,0.0,0.0,0.0,0.0,0,0,0.0,0.0,,,,,,,,,,,,
1259,2026-04-23T08:22:57.764Z,S20260423_092137,N/A,AUTO,,79.8878,0.0612,N/A,0,1500,VIDE,0.0,0.0,0.0,0.0,0.0,0.0,0,0,0.0,0.0,,,,,,,,,,,,
1260,2026-04-23T08:22:57.824Z,S20260423_092137,N/A,AUTO,,79.9478,0.0601,N/A,0,1500,VIDE,0.0,0.0,0.0,0.0,0.0,0.0,0,0,0.0,0.0,,,,,,,,,,,,
1261,2026-04-23T08:22:57.883Z,S20260423_092137,N/A,AUTO,,80.0071,0.0592,N/A,0,1500,VIDE,0.0,0.0,0.0,0.0,0.0,0.0,0,0,0.0,0.0,,,,,,,,,,,,
1262,2026-04-23T08:22:57.943Z,S20260423_092137,N/A,AUTO,,80.0671,0.0601,N/A,0,1500,VIDE,0.0,0.0,0.0,0.0,0.0,0.0,0,0,0.0,0.0,,,,,,,,,,,,
1263,2026-04-23T08:22:58.016Z,S20260423_092137,N/A,AUTO,,80.1399,0.0728,N/A,0,1500,VIDE,0.0,0.0,0.0,0.0,0.0,0.0,0,0,0.0,0.0,,,,,,,,,,,,
1264,2026-04-23T08:22:58.079Z,S20260423_092137,N/A,AUTO,,80.2025,0.0626,N/A,0,1500,VIDE,0.0,0.0,0.0,0.0,0.0,0.0,0,0,0.0,0.0,,,,,,,,,,,,
1265,2026-04-23T08:22:58.138Z,S20260423_092137,N/A,AUTO,,80.2621,0.0596,N/A,0,1500,VIDE,0.0,0.0,0.0,0.0,0.0,0.0,0,0,0.0,0.0,,,,,,,,,,,,
1266,2026-04-23T08:22:58.205Z,S20260423_092137,N/A,AUTO,,80.3283,0.0662,N/A,0,1500,VIDE,0.0,0.0,0.0,0.0,0.0,0.0,0,0,0.0,0.0,,,,,,,,,,,,
1267,2026-04-23T08:22:58.264Z,S20260423_092137,N/A,AUTO,,80.3879,0.0596,N/A,0,1500,VIDE,0.0,0.0,0.0,0.0,0.0,0.0,0,0,0.0,0.0,,,,,,,,,,,,
1268,2026-04-23T08:22:58.324Z,S20260423_092137,N/A,AUTO,,80.4476,0.0597,N/A,0,1500,VIDE,0.0,0.0,0.0,0.0,0.0,0.0,0,0,0.0,0.0,,,,,,,,,,,,
1269,2026-04-23T08:22:58.382Z,S20260423_092137,N/A,AUTO,,80.5057,0.058,N/A,0,1500,VIDE,0.0,0.0,0.0,0.0,0.0,0.0,0,0,0.0,0.0,,,,,,,,,,,,
1270,2026-04-23T08:22:58.445Z,S20260423_092137,N/A,AUTO,,80.569,0.0634,N/A,0,1500,VIDE,0.0,0.0,0.0,0.0,0.0,0.0,0,0,0.0,0.0,,,,,,,,,,,,
1271,2026-04-23T08:22:58.505Z,S20260423_092137,N/A,AUTO,,80.6288,0.0598,N/A,0,1500,VIDE,0.0,0.0,0.0,0.0,0.0,0.0,0,0,0.0,0.0,,,,,,,,,,,,
1272,2026-04-23T08:22:58.569Z,S20260423_092137,N/A,AUTO,,80.6923,0.0635,N/A,0,1500,VIDE,0.0,0.0,0.0,0.0,0.0,0.0,0,0,0.0,0.0,,,,,,,,,,,,
1273,2026-04-23T08:22:58.632Z,S20260423_092137,N/A,AUTO,,80.7553,0.063,N/A,0,1500,VIDE,0.0,0.0,0.0,0.0,0.0,0.0,0,0,0.0,0.0,,,,,,,,,,,,
1274,2026-04-23T08:22:58.694Z,S20260423_092137,N/A,AUTO,,80.8177,0.0624,N/A,0,1500,VIDE,0.0,0.0,0.0,0.0,0.0,0.0,0,0,0.0,0.0,,,,,,,,,,,,
1275,2026-04-23T08:22:58.757Z,S20260423_092137,N/A,AUTO,,80.8802,0.0625,N/A,0,1500,VIDE,0.0,0.0,0.0,0.0,0.0,0.0,0,0,0.0,0.0,,,,,,,,,,,,
1276,2026-04-23T08:22:58.818Z,S20260423_092137,N/A,AUTO,,80.942,0.0617,N/A,0,1500,VIDE,0.0,0.0,0.0,0.0,0.0,0.0,0,0,0.0,0.0,,,,,,,,,,,,
1277,2026-04-23T08:22:58.884Z,S20260423_092137,N/A,AUTO,,81.0074,0.0655,N/A,0,1500,VIDE,0.0,0.0,0.0,0.0,0.0,0.0,0,0,0.0,0.0,,,,,,,,,,,,
1278,2026-04-23T08:22:58.944Z,S20260423_092137,N/A,AUTO,,81.0681,0.0606,N/A,0,1500,VIDE,0.0,0.0,0.0,0.0,0.0,0.0,0,0,0.0,0.0,,,,,,,,,,,,
1279,2026-04-23T08:22:59.005Z,S20260423_092137,N/A,AUTO,,81.129,0.0609,N/A,0,1500,VIDE,0.0,0.0,0.0,0.0,0.0,0.0,0,0,0.0,0.0,,,,,,,,,,,,
1280,2026-04-23T08:22:59.072Z,S20260423_092137,N/A,AUTO,,81.1953,0.0664,N/A,0,1500,VIDE,0.0,0.0,0.0,0.0,0.0,0.0,0,0,0.0,0.0,,,,,,,,,,,,
1281,2026-04-23T08:22:59.137Z,S20260423_092137,N/A,AUTO,,81.261,0.0656,N/A,0,1500,VIDE,0.0,0.0,0.0,0.0,0.0,0.0,0,0,0.0,0.0,,,,,,,,,,,,
1282,2026-04-23T08:22:59.193Z,S20260423_092137,N/A,AUTO,,81.3169,0.0559,N/A,0,1500,VIDE,0.0,0.0,0.0,0.0,0.0,0.0,0,0,0.0,0.0,,,,,,,,,,,,
1283,2026-04-23T08:22:59.255Z,S20260423_092137,N/A,AUTO,,81.3789,0.0621,N/A,0,1500,VIDE,0.0,0.0,0.0,0.0,0.0,0.0,0,0,0.0,0.0,,,,,,,,,,,,
1284,2026-04-23T08:22:59.322Z,S20260423_092137,N/A,AUTO,,81.4453,0.0664,N/A,0,1500,VIDE,0.0,0.0,0.0,0.0,0.0,0.0,0,0,0.0,0.0,,,,,,,,,,,,
1285,2026-04-23T08:22:59.385Z,S20260423_092137,N/A,AUTO,,81.5083,0.063,N/A,0,1500,VIDE,0.0,0.0,0.0,0.0,0.0,0.0,0,0,0.0,0.0,,,,,,,,,,,,
1286,2026-04-23T08:22:59.444Z,S20260423_092137,N/A,AUTO,,81.5679,0.0597,N/A,0,1500,VIDE,0.0,0.0,0.0,0.0,0.0,0.0,0,0,0.0,0.0,,,,,,,,,,,,
1287,2026-04-23T08:22:59.506Z,S20260423_092137,N/A,AUTO,,81.6297,0.0617,N/A,0,1500,VIDE,0.0,0.0,0.0,0.0,0.0,0.0,0,0,0.0,0.0,,,,,,,,,,,,
1288,2026-04-23T08:22:59.571Z,S20260423_092137,N/A,AUTO,,81.6944,0.0647,N/A,0,1500,VIDE,0.0,0.0,0.0,0.0,0.0,0.0,0,0,0.0,0.0,,,,,,,,,,,,
1289,2026-04-23T08:22:59.631Z,S20260423_092137,N/A,AUTO,,81.755,0.0606,N/A,0,1500,VIDE,0.0,0.0,0.0,0.0,0.0,0.0,0,0,0.0,0.0,,,,,,,,,,,,
1290,2026-04-23T08:22:59.694Z,S20260423_092137,N/A,AUTO,,81.8178,0.0628,N/A,0,1500,VIDE,0.0,0.0,0.0,0.0,0.0,0.0,0,0,0.0,0.0,,,,,,,,,,,,
1291,2026-04-23T08:22:59.756Z,S20260423_092137,N/A,AUTO,,81.8793,0.0614,N/A,0,1500,VIDE,0.0,0.0,0.0,0.0,0.0,0.0,0,0,0.0,0.0,,,,,,,,,,,,
1292,2026-04-23T08:22:59.818Z,S20260423_092137,N/A,AUTO,,81.9421,0.0629,N/A,0,1500,VIDE,0.0,0.0,0.0,0.0,0.0,0.0,0,0,0.0,0.0,,,,,,,,,,,,
1293,2026-04-23T08:22:59.882Z,S20260423_092137,N/A,AUTO,,82.0055,0.0634,N/A,0,1500,VIDE,0.0,0.0,0.0,0.0,0.0,0.0,0,0,0.0,0.0,,,,,,,,,,,,
1294,2026-04-23T08:22:59.943Z,S20260423_092137,N/A,AUTO,,82.067,0.0615,N/A,0,1500,VIDE,0.0,0.0,0.0,0.0,0.0,0.0,0,0,0.0,0.0,,,,,,,,,,,,
1295,2026-04-23T08:23:00.006Z,S20260423_092137,N/A,AUTO,,82.1292,0.0622,N/A,0,1500,VIDE,0.0,0.0,0.0,0.0,0.0,0.0,0,0,0.0,0.0,,,,,,,,,,,,
1296,2026-04-23T08:23:00.073Z,S20260423_092137,N/A,AUTO,,82.197,0.0678,N/A,0,1500,VIDE,0.0,0.0,0.0,0.0,0.0,0.0,0,0,0.0,0.0,,,,,,,,,,,,
1297,2026-04-23T08:23:00.137Z,S20260423_092137,N/A,AUTO,,82.2611,0.0641,N/A,0,1500,VIDE,0.0,0.0,0.0,0.0,0.0,0.0,0,0,0.0,0.0,,,,,,,,,,,,
1298,2026-04-23T08:23:00.196Z,S20260423_092137,N/A,AUTO,,82.3201,0.059,N/A,0,1500,VIDE,0.0,0.0,0.0,0.0,0.0,0.0,0,0,0.0,0.0,,,,,,,,,,,,
1299,2026-04-23T08:23:00.257Z,S20260423_092137,N/A,AUTO,,82.3805,0.0602,N/A,0,1500,VIDE,0.0,0.0,0.0,0.0,0.0,0.0,0,0,0.0,0.0,,,,,,,,,,,,
1300,2026-04-23T08:23:00.322Z,S20260423_092137,N/A,AUTO,,82.446,0.0656,N/A,0,1500,VIDE,0.0,0.0,0.0,0.0,0.0,0.0,0,0,0.0,0.0,,,,,,,,,,,,
1301,2026-04-23T08:23:00.386Z,S20260423_092137,N/A,AUTO,,82.5099,0.0638,N/A,0,1500,VIDE,0.0,0.0,0.0,0.0,0.0,0.0,0,0,0.0,0.0,,,,,,,,,,,,
1302,2026-04-23T08:23:00.444Z,S20260423_092137,N/A,AUTO,,82.5677,0.0579,N/A,0,1500,VIDE,0.0,0.0,0.0,0.0,0.0,0.0,0,0,0.0,0.0,,,,,,,,,,,,
1303,2026-04-23T08:23:00.505Z,S20260423_092137,N/A,AUTO,,82.6288,0.0612,N/A,0,1500,VIDE,0.0,0.0,0.0,0.0,0.0,0.0,0,0,0.0,0.0,,,,,,,,,,,,
1304,2026-04-23T08:23:00.570Z,S20260423_092137,N/A,AUTO,,82.6939,0.0651,N/A,0,1500,VIDE,0.0,0.0,0.0,0.0,0.0,0.0,0,0,0.0,0.0,,,,,,,,,,,,
1305,2026-04-23T08:23:00.635Z,S20260423_092137,N/A,AUTO,,82.7587,0.0648,N/A,0,1500,VIDE,0.0,0.0,0.0,0.0,0.0,0.0,0,0,0.0,0.0,,,,,,,,,,,,
1306,2026-04-23T08:23:00.700Z,S20260423_092137,N/A,AUTO,,82.8234,0.0647,N/A,0,1500,VIDE,0.0,0.0,0.0,0.0,0.0,0.0,0,0,0.0,0.0,,,,,,,,,,,,
1307,2026-04-23T08:23:00.764Z,S20260423_092137,N/A,AUTO,,82.8875,0.0641,N/A,0,1500,VIDE,0.0,0.0,0.0,0.0,0.0,0.0,0,0,0.0,0.0,,,,,,,,,,,,
1308,2026-04-23T08:23:00.824Z,S20260423_092137,N/A,AUTO,,82.9474,0.0599,N/A,0,1500,VIDE,0.0,0.0,0.0,0.0,0.0,0.0,0,0,0.0,0.0,,,,,,,,,,,,
1309,2026-04-23T08:23:00.882Z,S20260423_092137,N/A,AUTO,,83.0058,0.0584,N/A,0,1500,VIDE,0.0,0.0,0.0,0.0,0.0,0.0,0,0,0.0,0.0,,,,,,,,,,,,
1310,2026-04-23T08:23:00.944Z,S20260423_092137,N/A,AUTO,,83.068,0.0622,N/A,0,1500,VIDE,0.0,0.0,0.0,0.0,0.0,0.0,0,0,0.0,0.0,,,,,,,,,,,,
1311,2026-04-23T08:23:01.010Z,S20260423_092137,N/A,AUTO,,83.134,0.066,N/A,0,1500,VIDE,0.0,0.0,0.0,0.0,0.0,0.0,0,0,0.0,0.0,,,,,,,,,,,,
1312,2026-04-23T08:23:01.071Z,S20260423_092137,N/A,AUTO,,83.1945,0.0605,N/A,0,1500,VIDE,0.0,0.0,0.0,0.0,0.0,0.0,0,0,0.0,0.0,,,,,,,,,,,,
1313,2026-04-23T08:23:01.132Z,S20260423_092137,N/A,AUTO,,83.2562,0.0617,N/A,0,1500,VIDE,0.0,0.0,0.0,0.0,0.0,0.0,0,0,0.0,0.0,,,,,,,,,,,,
1314,2026-04-23T08:23:01.196Z,S20260423_092137,N/A,AUTO,,83.3197,0.0635,N/A,0,1500,VIDE,0.0,0.0,0.0,0.0,0.0,0.0,0,0,0.0,0.0,,,,,,,,,,,,
1315,2026-04-23T08:23:01.258Z,S20260423_092137,N/A,AUTO,,83.382,0.0623,N/A,0,1500,VIDE,0.0,0.0,0.0,0.0,0.0,0.0,0,0,0.0,0.0,,,,,,,,,,,,
1316,2026-04-23T08:23:01.324Z,S20260423_092137,N/A,AUTO,,83.4479,0.0659,N/A,0,1500,VIDE,0.0,0.0,0.0,0.0,0.0,0.0,0,0,0.0,0.0,,,,,,,,,,,,
1317,2026-04-23T08:23:01.382Z,S20260423_092137,N/A,AUTO,,83.5055,0.0576,N/A,0,1500,VIDE,0.0,0.0,0.0,0.0,0.0,0.0,0,0,0.0,0.0,,,,,,,,,,,,
1318,2026-04-23T08:23:01.444Z,S20260423_092137,N/A,AUTO,,83.5678,0.0624,N/A,0,1500,VIDE,0.0,0.0,0.0,0.0,0.0,0.0,0,0,0.0,0.0,,,,,,,,,,,,
1319,2026-04-23T08:23:01.508Z,S20260423_092137,N/A,AUTO,,83.6318,0.064,N/A,0,1500,VIDE,0.0,0.0,0.0,0.0,0.0,0.0,0,0,0.0,0.0,,,,,,,,,,,,
1320,2026-04-23T08:23:01.570Z,S20260423_092137,N/A,AUTO,,83.6937,0.062,N/A,0,1500,VIDE,0.0,0.0,0.0,0.0,0.0,0.0,0,0,0.0,0.0,,,,,,,,,,,,
1321,2026-04-23T08:23:01.634Z,S20260423_092137,N/A,AUTO,,83.7579,0.0641,N/A,0,1500,VIDE,0.0,0.0,0.0,0.0,0.0,0.0,0,0,0.0,0.0,,,,,,,,,,,,
1322,2026-04-23T08:23:01.698Z,S20260423_092137,N/A,AUTO,,83.8213,0.0635,N/A,0,1500,VIDE,0.0,0.0,0.0,0.0,0.0,0.0,0,0,0.0,0.0,,,,,,,,,,,,
1323,2026-04-23T08:23:01.755Z,S20260423_092137,N/A,AUTO,,83.8789,0.0576,N/A,0,1500,VIDE,0.0,0.0,0.0,0.0,0.0,0.0,0,0,0.0,0.0,,,,,,,,,,,,
1324,2026-04-23T08:23:01.819Z,S20260423_092137,N/A,AUTO,,83.9428,0.0639,N/A,0,1500,VIDE,0.0,0.0,0.0,0.0,0.0,0.0,0,0,0.0,0.0,,,,,,,,,,,,
1325,2026-04-23T08:23:01.882Z,S20260423_092137,N/A,AUTO,,84.0059,0.0631,N/A,0,1500,VIDE,0.0,0.0,0.0,0.0,0.0,0.0,0,0,0.0,0.0,,,,,,,,,,,,
1326,2026-04-23T08:23:01.944Z,S20260423_092137,N/A,AUTO,,84.0672,0.0613,N/A,0,1500,VIDE,0.0,0.0,0.0,0.0,0.0,0.0,0,0,0.0,0.0,,,,,,,,,,,,
1327,2026-04-23T08:23:02.010Z,S20260423_092137,N/A,AUTO,,84.1334,0.0662,N/A,0,1500,VIDE,0.0,0.0,0.0,0.0,0.0,0.0,0,0,0.0,0.0,,,,,,,,,,,,
1328,2026-04-23T08:23:02.074Z,S20260423_092137,N/A,AUTO,,84.1973,0.0639,N/A,0,1500,VIDE,0.0,0.0,0.0,0.0,0.0,0.0,0,0,0.0,0.0,,,,,,,,,,,,
1329,2026-04-23T08:23:02.137Z,S20260423_092137,N/A,AUTO,,84.2611,0.0638,N/A,0,1500,VIDE,0.0,0.0,0.0,0.0,0.0,0.0,0,0,0.0,0.0,,,,,,,,,,,,
1330,2026-04-23T08:23:02.193Z,S20260423_092137,N/A,AUTO,,84.3171,0.0559,N/A,0,1500,VIDE,0.0,0.0,0.0,0.0,0.0,0.0,0,0,0.0,0.0,,,,,,,,,,,,
1331,2026-04-23T08:23:02.258Z,S20260423_092137,N/A,AUTO,,84.3816,0.0645,N/A,0,1500,VIDE,0.0,0.0,0.0,0.0,0.0,0.0,0,0,0.0,0.0,,,,,,,,,,,,
1332,2026-04-23T08:23:02.322Z,S20260423_092137,N/A,AUTO,,84.4456,0.064,N/A,0,1500,VIDE,0.0,0.0,0.0,0.0,0.0,0.0,0,0,0.0,0.0,,,,,,,,,,,,
1333,2026-04-23T08:23:02.384Z,S20260423_092137,N/A,AUTO,,84.5073,0.0617,N/A,0,1500,VIDE,0.0,0.0,0.0,0.0,0.0,0.0,0,0,0.0,0.0,,,,,,,,,,,,
1334,2026-04-23T08:23:02.443Z,S20260423_092137,N/A,AUTO,,84.5664,0.059,N/A,0,1500,VIDE,0.0,0.0,0.0,0.0,0.0,0.0,0,0,0.0,0.0,,,,,,,,,,,,
1335,2026-04-23T08:23:02.506Z,S20260423_092137,N/A,AUTO,,84.6293,0.0629,N/A,0,1500,VIDE,0.0,0.0,0.0,0.0,0.0,0.0,0,0,0.0,0.0,,,,,,,,,,,,
1336,2026-04-23T08:23:02.569Z,S20260423_092137,N/A,AUTO,,84.6931,0.0638,N/A,0,1500,VIDE,0.0,0.0,0.0,0.0,0.0,0.0,0,0,0.0,0.0,,,,,,,,,,,,
1337,2026-04-23T08:23:02.635Z,S20260423_092137,N/A,AUTO,,84.7591,0.066,N/A,0,1500,VIDE,0.0,0.0,0.0,0.0,0.0,0.0,0,0,0.0,0.0,,,,,,,,,,,,
1338,2026-04-23T08:23:02.700Z,S20260423_092137,N/A,AUTO,,84.8234,0.0643,N/A,0,1500,VIDE,0.0,0.0,0.0,0.0,0.0,0.0,0,0,0.0,0.0,,,,,,,,,,,,
1339,2026-04-23T08:23:02.762Z,S20260423_092137,N/A,AUTO,,84.8852,0.0618,N/A,0,1500,VIDE,0.0,0.0,0.0,0.0,0.0,0.0,0,0,0.0,0.0,,,,,,,,,,,,
1340,2026-04-23T08:23:02.818Z,S20260423_092137,N/A,AUTO,,84.9416,0.0564,N/A,0,1500,VIDE,0.0,0.0,0.0,0.0,0.0,0.0,0,0,0.0,0.0,,,,,,,,,,,,
1341,2026-04-23T08:23:02.882Z,S20260423_092137,N/A,AUTO,,85.0054,0.0638,N/A,0,1500,VIDE,0.0,0.0,0.0,0.0,0.0,0.0,0,0,0.0,0.0,,,,,,,,,,,,
1342,2026-04-23T08:23:02.944Z,S20260423_092137,N/A,AUTO,,85.0676,0.0622,N/A,0,1500,VIDE,0.0,0.0,0.0,0.0,0.0,0.0,0,0,0.0,0.0,,,,,,,,,,,,
1343,2026-04-23T08:23:03.010Z,S20260423_092137,N/A,AUTO,,85.1335,0.0658,N/A,0,1500,VIDE,0.0,0.0,0.0,0.0,0.0,0.0,0,0,0.0,0.0,,,,,,,,,,,,
1344,2026-04-23T08:23:03.074Z,S20260423_092137,N/A,AUTO,,85.1975,0.0641,N/A,0,1500,VIDE,0.0,0.0,0.0,0.0,0.0,0.0,0,0,0.0,0.0,,,,,,,,,,,,
1345,2026-04-23T08:23:03.131Z,S20260423_092137,N/A,AUTO,,85.2552,0.0576,N/A,0,1500,VIDE,0.0,0.0,0.0,0.0,0.0,0.0,0,0,0.0,0.0,,,,,,,,,,,,
1346,2026-04-23T08:23:03.194Z,S20260423_092137,N/A,AUTO,,85.3173,0.0621,N/A,0,1500,VIDE,0.0,0.0,0.0,0.0,0.0,0.0,0,0,0.0,0.0,,,,,,,,,,,,
1347,2026-04-23T08:23:03.258Z,S20260423_092137,N/A,AUTO,,85.3814,0.0641,N/A,0,1500,VIDE,0.0,0.0,0.0,0.0,0.0,0.0,0,0,0.0,0.0,,,,,,,,,,,,
1348,2026-04-23T08:23:03.322Z,S20260423_092137,N/A,AUTO,,85.4453,0.0639,N/A,0,1500,VIDE,0.0,0.0,0.0,0.0,0.0,0.0,0,0,0.0,0.0,,,,,,,,,,,,
1349,2026-04-23T08:23:03.384Z,S20260423_092137,N/A,AUTO,,85.5072,0.062,N/A,0,1500,VIDE,0.0,0.0,0.0,0.0,0.0,0.0,0,0,0.0,0.0,,,,,,,,,,,,
1350,2026-04-23T08:23:03.443Z,S20260423_092137,N/A,AUTO,,85.5671,0.0599,N/A,0,1500,VIDE,0.0,0.0,0.0,0.0,0.0,0.0,0,0,0.0,0.0,,,,,,,,,,,,
1351,2026-04-23T08:23:03.512Z,S20260423_092137,N/A,AUTO,,85.6355,0.0684,N/A,0,1500,VIDE,0.0,0.0,0.0,0.0,0.0,0.0,0,0,0.0,0.0,,,,,,,,,,,,
1352,2026-04-23T08:23:03.570Z,S20260423_092137,N/A,AUTO,,85.6932,0.0576,N/A,0,1500,VIDE,0.0,0.0,0.0,0.0,0.0,0.0,0,0,0.0,0.0,,,,,,,,,,,,
1353,2026-04-23T08:23:03.634Z,S20260423_092137,N/A,AUTO,,85.7574,0.0642,N/A,0,1500,VIDE,0.0,0.0,0.0,0.0,0.0,0.0,0,0,0.0,0.0,,,,,,,,,,,,
1354,2026-04-23T08:23:03.698Z,S20260423_092137,N/A,AUTO,,85.8214,0.064,N/A,0,1500,VIDE,0.0,0.0,0.0,0.0,0.0,0.0,0,0,0.0,0.0,,,,,,,,,,,,
1355,2026-04-23T08:23:03.755Z,S20260423_092137,N/A,AUTO,,85.8789,0.0576,N/A,0,1500,VIDE,0.0,0.0,0.0,0.0,0.0,0.0,0,0,0.0,0.0,,,,,,,,,,,,
1356,2026-04-23T08:23:03.820Z,S20260423_092137,N/A,AUTO,,85.9433,0.0644,N/A,0,1500,VIDE,0.0,0.0,0.0,0.0,0.0,0.0,0,0,0.0,0.0,,,,,,,,,,,,
1357,2026-04-23T08:23:03.881Z,S20260423_092137,N/A,AUTO,,86.0051,0.0618,N/A,0,1500,VIDE,0.0,0.0,0.0,0.0,0.0,0.0,0,0,0.0,0.0,,,,,,,,,,,,
1358,2026-04-23T08:23:03.944Z,S20260423_092137,N/A,AUTO,,86.0679,0.0628,N/A,0,1500,VIDE,0.0,0.0,0.0,0.0,0.0,0.0,0,0,0.0,0.0,,,,,,,,,,,,
1359,2026-04-23T08:23:04.010Z,S20260423_092137,N/A,AUTO,,86.1333,0.0654,N/A,0,1500,VIDE,0.0,0.0,0.0,0.0,0.0,0.0,0,0,0.0,0.0,,,,,,,,,,,,
1360,2026-04-23T08:23:04.074Z,S20260423_092137,N/A,AUTO,,86.1972,0.0638,N/A,0,1500,VIDE,0.0,0.0,0.0,0.0,0.0,0.0,0,0,0.0,0.0,,,,,,,,,,,,
1361,2026-04-23T08:23:04.135Z,S20260423_092137,N/A,AUTO,,86.2582,0.0611,N/A,0,1500,VIDE,0.0,0.0,0.0,0.0,0.0,0.0,0,0,0.0,0.0,,,,,,,,,,,,
1362,2026-04-23T08:23:04.194Z,S20260423_092137,N/A,AUTO,,86.3173,0.0591,N/A,0,1500,VIDE,0.0,0.0,0.0,0.0,0.0,0.0,0,0,0.0,0.0,,,,,,,,,,,,
1363,2026-04-23T08:23:04.258Z,S20260423_092137,N/A,AUTO,,86.3813,0.064,N/A,0,1500,VIDE,0.0,0.0,0.0,0.0,0.0,0.0,0,0,0.0,0.0,,,,,,,,,,,,
1364,2026-04-23T08:23:04.323Z,S20260423_092137,N/A,AUTO,,86.4466,0.0652,N/A,0,1500,VIDE,0.0,0.0,0.0,0.0,0.0,0.0,0,0,0.0,0.0,,,,,,,,,,,,
1365,2026-04-23T08:23:04.384Z,S20260423_092137,N/A,AUTO,,86.5076,0.061,N/A,0,1500,VIDE,0.0,0.0,0.0,0.0,0.0,0.0,0,0,0.0,0.0,,,,,,,,,,,,
1366,2026-04-23T08:23:04.443Z,S20260423_092137,N/A,AUTO,,86.567,0.0594,N/A,0,1500,VIDE,0.0,0.0,0.0,0.0,0.0,0.0,0,0,0.0,0.0,,,,,,,,,,,,
1367,2026-04-23T08:23:04.506Z,S20260423_092137,N/A,AUTO,,86.6293,0.0624,N/A,0,1500,VIDE,0.0,0.0,0.0,0.0,0.0,0.0,0,0,0.0,0.0,,,,,,,,,,,,
1368,2026-04-23T08:23:04.568Z,S20260423_092137,N/A,AUTO,,86.6918,0.0624,N/A,0,1500,VIDE,0.0,0.0,0.0,0.0,0.0,0.0,0,0,0.0,0.0,,,,,,,,,,,,
1369,2026-04-23T08:23:04.630Z,S20260423_092137,N/A,AUTO,,86.754,0.0623,N/A,0,1500,VIDE,0.0,0.0,0.0,0.0,0.0,0.0,0,0,0.0,0.0,,,,,,,,,,,,
1370,2026-04-23T08:23:04.700Z,S20260423_092137,N/A,AUTO,,86.8232,0.0692,N/A,0,1500,VIDE,0.0,0.0,0.0,0.0,0.0,0.0,0,0,0.0,0.0,,,,,,,,,,,,
1371,2026-04-23T08:23:04.762Z,S20260423_092137,N/A,AUTO,,86.8854,0.0622,N/A,0,1500,VIDE,0.0,0.0,0.0,0.0,0.0,0.0,0,0,0.0,0.0,,,,,,,,,,,,
1372,2026-04-23T08:23:04.824Z,S20260423_092137,N/A,AUTO,,86.9474,0.062,N/A,0,1500,VIDE,0.0,0.0,0.0,0.0,0.0,0.0,0,0,0.0,0.0,,,,,,,,,,,,
1373,2026-04-23T08:23:04.882Z,S20260423_092137,N/A,AUTO,,87.0057,0.0583,N/A,0,1500,VIDE,0.0,0.0,0.0,0.0,0.0,0.0,0,0,0.0,0.0,,,,,,,,,,,,
1374,2026-04-23T08:23:04.944Z,S20260423_092137,N/A,AUTO,,87.0677,0.062,N/A,0,1500,VIDE,0.0,0.0,0.0,0.0,0.0,0.0,0,0,0.0,0.0,,,,,,,,,,,,
1375,2026-04-23T08:23:05.010Z,S20260423_092137,N/A,AUTO,,87.1335,0.0657,N/A,0,1500,VIDE,0.0,0.0,0.0,0.0,0.0,0.0,0,0,0.0,0.0,,,,,,,,,,,,
1376,2026-04-23T08:23:05.068Z,S20260423_092137,N/A,AUTO,,87.1916,0.0582,N/A,0,1500,VIDE,0.0,0.0,0.0,0.0,0.0,0.0,0,0,0.0,0.0,,,,,,,,,,,,
1377,2026-04-23T08:23:05.132Z,S20260423_092137,N/A,AUTO,,87.2554,0.0638,N/A,0,1500,VIDE,0.0,0.0,0.0,0.0,0.0,0.0,0,0,0.0,0.0,,,,,,,,,,,,
1378,2026-04-23T08:23:05.195Z,S20260423_092137,N/A,AUTO,,87.3191,0.0637,N/A,0,1500,VIDE,0.0,0.0,0.0,0.0,0.0,0.0,0,0,0.0,0.0,,,,,,,,,,,,
1379,2026-04-23T08:23:05.260Z,S20260423_092137,N/A,AUTO,,87.3838,0.0647,N/A,0,1500,VIDE,0.0,0.0,0.0,0.0,0.0,0.0,0,0,0.0,0.0,,,,,,,,,,,,
1380,2026-04-23T08:23:05.324Z,S20260423_092137,N/A,AUTO,,87.4477,0.0639,N/A,0,1500,VIDE,0.0,0.0,0.0,0.0,0.0,0.0,0,0,0.0,0.0,,,,,,,,,,,,
1381,2026-04-23T08:23:05.384Z,S20260423_092137,N/A,AUTO,,87.5075,0.0599,N/A,0,1500,VIDE,0.0,0.0,0.0,0.0,0.0,0.0,0,0,0.0,0.0,,,,,,,,,,,,
1382,2026-04-23T08:23:05.444Z,S20260423_092137,N/A,AUTO,,87.5677,0.0601,N/A,0,1500,VIDE,0.0,0.0,0.0,0.0,0.0,0.0,0,0,0.0,0.0,,,,,,,,,,,,
1383,2026-04-23T08:23:05.506Z,S20260423_092137,N/A,AUTO,,87.6293,0.0617,N/A,0,1500,VIDE,0.0,0.0,0.0,0.0,0.0,0.0,0,0,0.0,0.0,,,,,,,,,,,,
1384,2026-04-23T08:23:05.570Z,S20260423_092137,N/A,AUTO,,87.6932,0.0639,N/A,0,1500,VIDE,0.0,0.0,0.0,0.0,0.0,0.0,0,0,0.0,0.0,,,,,,,,,,,,
1385,2026-04-23T08:23:05.634Z,S20260423_092137,N/A,AUTO,,87.7572,0.064,N/A,0,1500,VIDE,0.0,0.0,0.0,0.0,0.0,0.0,0,0,0.0,0.0,,,,,,,,,,,,
1386,2026-04-23T08:23:05.698Z,S20260423_092137,N/A,AUTO,,87.8213,0.064,N/A,0,1500,VIDE,0.0,0.0,0.0,0.0,0.0,0.0,0,0,0.0,0.0,,,,,,,,,,,,
1387,2026-04-23T08:23:05.756Z,S20260423_092137,N/A,AUTO,,87.8792,0.0579,N/A,0,1500,VIDE,0.0,0.0,0.0,0.0,0.0,0.0,0,0,0.0,0.0,,,,,,,,,,,,
1388,2026-04-23T08:23:05.818Z,S20260423_092137,N/A,AUTO,,87.942,0.0628,N/A,0,1500,VIDE,0.0,0.0,0.0,0.0,0.0,0.0,0,0,0.0,0.0,,,,,,,,,,,,
1389,2026-04-23T08:23:05.882Z,S20260423_092137,N/A,AUTO,,88.0054,0.0634,N/A,0,1500,VIDE,0.0,0.0,0.0,0.0,0.0,0.0,0,0,0.0,0.0,,,,,,,,,,,,
1390,2026-04-23T08:23:05.944Z,S20260423_092137,N/A,AUTO,,88.0674,0.062,N/A,0,1500,VIDE,0.0,0.0,0.0,0.0,0.0,0.0,0,0,0.0,0.0,,,,,,,,,,,,
1391,2026-04-23T08:23:06.010Z,S20260423_092137,N/A,AUTO,,88.1335,0.0661,N/A,0,1500,VIDE,0.0,0.0,0.0,0.0,0.0,0.0,0,0,0.0,0.0,,,,,,,,,,,,
1392,2026-04-23T08:23:06.074Z,S20260423_092137,N/A,AUTO,,88.1974,0.0638,N/A,0,1500,VIDE,0.0,0.0,0.0,0.0,0.0,0.0,0,0,0.0,0.0,,,,,,,,,,,,
1393,2026-04-23T08:23:06.132Z,S20260423_092137,N/A,AUTO,,88.2553,0.0579,N/A,0,1500,VIDE,0.0,0.0,0.0,0.0,0.0,0.0,0,0,0.0,0.0,,,,,,,,,,,,
1394,2026-04-23T08:23:06.194Z,S20260423_092137,N/A,AUTO,,88.3175,0.0622,N/A,0,1500,VIDE,0.0,0.0,0.0,0.0,0.0,0.0,0,0,0.0,0.0,,,,,,,,,,,,
1395,2026-04-23T08:23:06.258Z,S20260423_092137,N/A,AUTO,,88.3813,0.0638,N/A,0,1500,VIDE,0.0,0.0,0.0,0.0,0.0,0.0,0,0,0.0,0.0,,,,,,,,,,,,
1396,2026-04-23T08:23:06.322Z,S20260423_092137,N/A,AUTO,,88.4454,0.0641,N/A,0,1500,VIDE,0.0,0.0,0.0,0.0,0.0,0.0,0,0,0.0,0.0,,,,,,,,,,,,
1397,2026-04-23T08:23:06.383Z,S20260423_092137,N/A,AUTO,,88.507,0.0616,N/A,0,1500,VIDE,0.0,0.0,0.0,0.0,0.0,0.0,0,0,0.0,0.0,,,,,,,,,,,,
1398,2026-04-23T08:23:06.444Z,S20260423_092137,N/A,AUTO,,88.5677,0.0607,N/A,0,1500,VIDE,0.0,0.0,0.0,0.0,0.0,0.0,0,0,0.0,0.0,,,,,,,,,,,,
1399,2026-04-23T08:23:06.508Z,S20260423_092137,N/A,AUTO,,88.6314,0.0637,N/A,0,1500,VIDE,0.0,0.0,0.0,0.0,0.0,0.0,0,0,0.0,0.0,,,,,,,,,,,,
1400,2026-04-23T08:23:06.572Z,S20260423_092137,N/A,AUTO,,88.6953,0.0639,N/A,0,1500,VIDE,0.0,0.0,0.0,0.0,0.0,0.0,0,0,0.0,0.0,,,,,,,,,,,,
1401,2026-04-23T08:23:06.634Z,S20260423_092137,N/A,AUTO,,88.7574,0.0621,N/A,0,1500,VIDE,0.0,0.0,0.0,0.0,0.0,0.0,0,0,0.0,0.0,,,,,,,,,,,,
1402,2026-04-23T08:23:06.698Z,S20260423_092137,N/A,AUTO,,88.8216,0.0641,N/A,0,1500,VIDE,0.0,0.0,0.0,0.0,0.0,0.0,0,0,0.0,0.0,,,,,,,,,,,,
1403,2026-04-23T08:23:06.760Z,S20260423_092137,N/A,AUTO,,88.8841,0.0625,N/A,0,1500,VIDE,0.0,0.0,0.0,0.0,0.0,0.0,0,0,0.0,0.0,,,,,,,,,,,,
1404,2026-04-23T08:23:06.824Z,S20260423_092137,N/A,AUTO,,88.9473,0.0632,N/A,0,1500,VIDE,0.0,0.0,0.0,0.0,0.0,0.0,0,0,0.0,0.0,,,,,,,,,,,,
1405,2026-04-23T08:23:06.882Z,S20260423_092137,N/A,AUTO,,89.0057,0.0583,N/A,0,1500,VIDE,0.0,0.0,0.0,0.0,0.0,0.0,0,0,0.0,0.0,,,,,,,,,,,,
1406,2026-04-23T08:23:06.944Z,S20260423_092137,N/A,AUTO,,89.0673,0.0616,N/A,0,1500,VIDE,0.0,0.0,0.0,0.0,0.0,0.0,0,0,0.0,0.0,,,,,,,,,,,,
1407,2026-04-23T08:23:07.010Z,S20260423_092137,N/A,AUTO,,89.1332,0.0659,N/A,0,1500,VIDE,0.0,0.0,0.0,0.0,0.0,0.0,0,0,0.0,0.0,,,,,,,,,,,,
1408,2026-04-23T08:23:07.068Z,S20260423_092137,N/A,AUTO,,89.1919,0.0587,N/A,0,1500,VIDE,0.0,0.0,0.0,0.0,0.0,0.0,0,0,0.0,0.0,,,,,,,,,,,,
1409,2026-04-23T08:23:07.133Z,S20260423_092137,N/A,AUTO,,89.2563,0.0644,N/A,0,1500,VIDE,0.0,0.0,0.0,0.0,0.0,0.0,0,0,0.0,0.0,,,,,,,,,,,,
1410,2026-04-23T08:23:07.197Z,S20260423_092137,N/A,AUTO,,89.3204,0.0641,N/A,0,1500,VIDE,0.0,0.0,0.0,0.0,0.0,0.0,0,0,0.0,0.0,,,,,,,,,,,,
1411,2026-04-23T08:23:07.260Z,S20260423_092137,N/A,AUTO,,89.3833,0.0629,N/A,0,1500,VIDE,0.0,0.0,0.0,0.0,0.0,0.0,0,0,0.0,0.0,,,,,,,,,,,,
1412,2026-04-23T08:23:07.322Z,S20260423_092137,N/A,AUTO,,89.4455,0.0622,N/A,0,1500,VIDE,0.0,0.0,0.0,0.0,0.0,0.0,0,0,0.0,0.0,,,,,,,,,,,,
1413,2026-04-23T08:23:07.383Z,S20260423_092137,N/A,AUTO,,89.507,0.0616,N/A,0,1500,VIDE,0.0,0.0,0.0,0.0,0.0,0.0,0,0,0.0,0.0,,,,,,,,,,,,
1414,2026-04-23T08:23:07.444Z,S20260423_092137,N/A,AUTO,,89.5673,0.0603,N/A,0,1500,VIDE,0.0,0.0,0.0,0.0,0.0,0.0,0,0,0.0,0.0,,,,,,,,,,,,
1415,2026-04-23T08:23:07.511Z,S20260423_092137,N/A,AUTO,,89.6344,0.0671,N/A,0,1500,VIDE,0.0,0.0,0.0,0.0,0.0,0.0,0,0,0.0,0.0,,,,,,,,,,,,
1416,2026-04-23T08:23:07.570Z,S20260423_092137,N/A,AUTO,,89.6932,0.0587,N/A,0,1500,VIDE,0.0,0.0,0.0,0.0,0.0,0.0,0,0,0.0,0.0,,,,,,,,,,,,
1417,2026-04-23T08:23:07.633Z,S20260423_092137,N/A,AUTO,,89.7569,0.0637,N/A,0,1500,VIDE,0.0,0.0,0.0,0.0,0.0,0.0,0,0,0.0,0.0,,,,,,,,,,,,
1418,2026-04-23T08:23:07.697Z,S20260423_092137,N/A,AUTO,,89.8204,0.0635,N/A,0,1500,VIDE,0.0,0.0,0.0,0.0,0.0,0.0,0,0,0.0,0.0,,,,,,,,,,,,
1419,2026-04-23T08:23:07.756Z,S20260423_092137,N/A,AUTO,,89.8793,0.059,N/A,0,1500,VIDE,0.0,0.0,0.0,0.0,0.0,0.0,0,0,0.0,0.0,,,,,,,,,,,,
1420,2026-04-23T08:23:07.820Z,S20260423_092137,N/A,AUTO,,89.9436,0.0643,N/A,0,1500,VIDE,0.0,0.0,0.0,0.0,0.0,0.0,0,0,0.0,0.0,,,,,,,,,,,,
1421,2026-04-23T08:23:07.883Z,S20260423_092137,N/A,AUTO,,90.0062,0.0626,N/A,0,1500,VIDE,0.0,0.0,0.0,0.0,0.0,0.0,0,0,0.0,0.0,,,,,,,,,,,,
1422,2026-04-23T08:23:07.944Z,S20260423_092137,N/A,AUTO,,90.0676,0.0614,N/A,0,1500,VIDE,0.0,0.0,0.0,0.0,0.0,0.0,0,0,0.0,0.0,,,,,,,,,,,,
1423,2026-04-23T08:23:08.008Z,S20260423_092137,N/A,AUTO,,90.1313,0.0637,N/A,0,1500,VIDE,0.0,0.0,0.0,0.0,0.0,0.0,0,0,0.0,0.0,,,,,,,,,,,,
1424,2026-04-23T08:23:08.070Z,S20260423_092137,N/A,AUTO,,90.194,0.0627,N/A,0,1500,VIDE,0.0,0.0,0.0,0.0,0.0,0.0,0,0,0.0,0.0,,,,,,,,,,,,
1425,2026-04-23T08:23:08.134Z,S20260423_092137,N/A,AUTO,,90.258,0.064,N/A,0,1500,VIDE,0.0,0.0,0.0,0.0,0.0,0.0,0,0,0.0,0.0,,,,,,,,,,,,
1426,2026-04-23T08:23:08.198Z,S20260423_092137,N/A,AUTO,,90.3215,0.0635,N/A,0,1500,VIDE,0.0,0.0,0.0,0.0,0.0,0.0,0,0,0.0,0.0,,,,,,,,,,,,
1427,2026-04-23T08:23:08.260Z,S20260423_092137,N/A,AUTO,,90.3841,0.0626,N/A,0,1500,VIDE,0.0,0.0,0.0,0.0,0.0,0.0,0,0,0.0,0.0,,,,,,,,,,,,
1428,2026-04-23T08:23:08.322Z,S20260423_092137,N/A,AUTO,,90.4452,0.061,N/A,0,1500,VIDE,0.0,0.0,0.0,0.0,0.0,0.0,0,0,0.0,0.0,,,,,,,,,,,,
1429,2026-04-23T08:23:08.384Z,S20260423_092137,N/A,AUTO,,90.5075,0.0623,N/A,0,1500,VIDE,0.0,0.0,0.0,0.0,0.0,0.0,0,0,0.0,0.0,,,,,,,,,,,,
1430,2026-04-23T08:23:08.444Z,S20260423_092137,N/A,AUTO,,90.5676,0.0601,N/A,0,1500,VIDE,0.0,0.0,0.0,0.0,0.0,0.0,0,0,0.0,0.0,,,,,,,,,,,,
1431,2026-04-23T08:23:08.509Z,S20260423_092137,N/A,AUTO,,90.6324,0.0649,N/A,0,1500,VIDE,0.0,0.0,0.0,0.0,0.0,0.0,0,0,0.0,0.0,,,,,,,,,,,,
1432,2026-04-23T08:23:08.570Z,S20260423_092137,N/A,AUTO,,90.6939,0.0615,N/A,0,1500,VIDE,0.0,0.0,0.0,0.0,0.0,0.0,0,0,0.0,0.0,,,,,,,,,,,,
1433,2026-04-23T08:23:08.633Z,S20260423_092137,N/A,AUTO,,90.7566,0.0627,N/A,0,1500,VIDE,0.0,0.0,0.0,0.0,0.0,0.0,0,0,0.0,0.0,,,,,,,,,,,,
1434,2026-04-23T08:23:08.695Z,S20260423_092137,N/A,AUTO,,90.8184,0.0618,N/A,0,1500,VIDE,0.0,0.0,0.0,0.0,0.0,0.0,0,0,0.0,0.0,,,,,,,,,,,,
1435,2026-04-23T08:23:08.757Z,S20260423_092137,N/A,AUTO,,90.8809,0.0624,N/A,0,1500,VIDE,0.0,0.0,0.0,0.0,0.0,0.0,0,0,0.0,0.0,,,,,,,,,,,,
1436,2026-04-23T08:23:08.819Z,S20260423_092137,N/A,AUTO,,90.9431,0.0623,N/A,0,1500,VIDE,0.0,0.0,0.0,0.0,0.0,0.0,0,0,0.0,0.0,,,,,,,,,,,,
1437,2026-04-23T08:23:08.882Z,S20260423_092137,N/A,AUTO,,91.0061,0.063,N/A,0,1500,VIDE,0.0,0.0,0.0,0.0,0.0,0.0,0,0,0.0,0.0,,,,,,,,,,,,
1438,2026-04-23T08:23:08.944Z,S20260423_092137,N/A,AUTO,,91.0676,0.0615,N/A,0,1500,VIDE,0.0,0.0,0.0,0.0,0.0,0.0,0,0,0.0,0.0,,,,,,,,,,,,
1439,2026-04-23T08:23:09.007Z,S20260423_092137,N/A,AUTO,,91.1307,0.0631,N/A,0,1500,VIDE,0.0,0.0,0.0,0.0,0.0,0.0,0,0,0.0,0.0,,,,,,,,,,,,
1440,2026-04-23T08:23:09.070Z,S20260423_092137,N/A,AUTO,,91.1933,0.0627,N/A,0,1500,VIDE,0.0,0.0,0.0,0.0,0.0,0.0,0,0,0.0,0.0,,,,,,,,,,,,
1441,2026-04-23T08:23:09.144Z,S20260423_092137,N/A,AUTO,,91.2674,0.0741,N/A,0,1500,VIDE,0.0,0.0,0.0,0.0,0.0,0.0,0,0,0.0,0.0,,,,,,,,,,,,
1442,2026-04-23T08:23:09.194Z,S20260423_092137,N/A,AUTO,,91.3176,0.0501,N/A,0,1500,VIDE,0.0,0.0,0.0,0.0,0.0,0.0,0,0,0.0,0.0,,,,,,,,,,,,
1443,2026-04-23T08:23:09.256Z,S20260423_092137,N/A,AUTO,,91.3793,0.0616,N/A,0,1500,VIDE,0.0,0.0,0.0,0.0,0.0,0.0,0,0,0.0,0.0,,,,,,,,,,,,
1444,2026-04-23T08:23:09.318Z,S20260423_092137,N/A,AUTO,,91.4416,0.0624,N/A,0,1500,VIDE,0.0,0.0,0.0,0.0,0.0,0.0,0,0,0.0,0.0,,,,,,,,,,,,
1445,2026-04-23T08:23:09.384Z,S20260423_092137,N/A,AUTO,,91.5074,0.0659,N/A,0,1500,VIDE,0.0,0.0,0.0,0.0,0.0,0.0,0,0,0.0,0.0,,,,,,,,,,,,
1446,2026-04-23T08:23:09.444Z,S20260423_092137,N/A,AUTO,,91.5676,0.0601,N/A,0,1500,VIDE,0.0,0.0,0.0,0.0,0.0,0.0,0,0,0.0,0.0,,,,,,,,,,,,
1447,2026-04-23T08:23:09.520Z,S20260423_092137,N/A,AUTO,,91.6434,0.0758,N/A,0,1500,VIDE,0.0,0.0,0.0,0.0,0.0,0.0,0,0,0.0,0.0,,,,,,,,,,,,
1448,2026-04-23T08:23:09.582Z,S20260423_092137,N/A,AUTO,,91.7054,0.062,N/A,0,1500,VIDE,0.0,0.0,0.0,0.0,0.0,0.0,0,0,0.0,0.0,,,,,,,,,,,,
1449,2026-04-23T08:23:09.637Z,S20260423_092137,N/A,AUTO,,91.7607,0.0554,N/A,0,1500,VIDE,0.0,0.0,0.0,0.0,0.0,0.0,0,0,0.0,0.0,,,,,,,,,,,,
1450,2026-04-23T08:23:09.694Z,S20260423_092137,N/A,AUTO,,91.8175,0.0567,N/A,0,1500,VIDE,0.0,0.0,0.0,0.0,0.0,0.0,0,0,0.0,0.0,,,,,,,,,,,,
1451,2026-04-23T08:23:09.762Z,S20260423_092137,N/A,AUTO,,91.8854,0.0679,N/A,0,1500,VIDE,0.0,0.0,0.0,0.0,0.0,0.0,0,0,0.0,0.0,,,,,,,,,,,,
1452,2026-04-23T08:23:09.824Z,S20260423_092137,N/A,AUTO,,91.9478,0.0624,N/A,0,1500,VIDE,0.0,0.0,0.0,0.0,0.0,0.0,0,0,0.0,0.0,,,,,,,,,,,,
1453,2026-04-23T08:23:09.884Z,S20260423_092137,N/A,AUTO,,92.0074,0.0596,N/A,0,1500,VIDE,0.0,0.0,0.0,0.0,0.0,0.0,0,0,0.0,0.0,,,,,,,,,,,,
1454,2026-04-23T08:23:09.944Z,S20260423_092137,N/A,AUTO,,92.0674,0.0599,N/A,0,1500,VIDE,0.0,0.0,0.0,0.0,0.0,0.0,0,0,0.0,0.0,,,,,,,,,,,,
1455,2026-04-23T08:23:10.017Z,S20260423_092137,N/A,AUTO,,92.1405,0.0732,N/A,0,1500,VIDE,0.0,0.0,0.0,0.0,0.0,0.0,0,0,0.0,0.0,,,,,,,,,,,,
1456,2026-04-23T08:23:10.078Z,S20260423_092137,N/A,AUTO,,92.2015,0.061,N/A,0,1500,VIDE,0.0,0.0,0.0,0.0,0.0,0.0,0,0,0.0,0.0,,,,,,,,,,,,
1457,2026-04-23T08:23:10.140Z,S20260423_092137,N/A,AUTO,,92.2638,0.0623,N/A,0,1500,VIDE,0.0,0.0,0.0,0.0,0.0,0.0,0,0,0.0,0.0,,,,,,,,,,,,
1458,2026-04-23T08:23:10.202Z,S20260423_092137,N/A,AUTO,,92.3255,0.0617,N/A,0,1500,VIDE,0.0,0.0,0.0,0.0,0.0,0.0,0,0,0.0,0.0,,,,,,,,,,,,
1459,2026-04-23T08:23:10.264Z,S20260423_092137,N/A,AUTO,,92.3876,0.0621,N/A,0,1500,VIDE,0.0,0.0,0.0,0.0,0.0,0.0,0,0,0.0,0.0,,,,,,,,,,,,
1460,2026-04-23T08:23:10.324Z,S20260423_092137,N/A,AUTO,,92.448,0.0604,N/A,0,1500,VIDE,0.0,0.0,0.0,0.0,0.0,0.0,0,0,0.0,0.0,,,,,,,,,,,,
1461,2026-04-23T08:23:10.384Z,S20260423_092137,N/A,AUTO,,92.5078,0.0598,N/A,0,1500,VIDE,0.0,0.0,0.0,0.0,0.0,0.0,0,0,0.0,0.0,,,,,,,,,,,,
1462,2026-04-23T08:23:10.444Z,S20260423_092137,N/A,AUTO,,92.5681,0.0603,N/A,0,1500,VIDE,0.0,0.0,0.0,0.0,0.0,0.0,0,0,0.0,0.0,,,,,,,,,,,,
1463,2026-04-23T08:23:10.510Z,S20260423_092137,N/A,AUTO,,92.6338,0.0657,N/A,0,1500,VIDE,0.0,0.0,0.0,0.0,0.0,0.0,0,0,0.0,0.0,,,,,,,,,,,,
1464,2026-04-23T08:23:10.570Z,S20260423_092137,N/A,AUTO,,92.6938,0.06,N/A,0,1500,VIDE,0.0,0.0,0.0,0.0,0.0,0.0,0,0,0.0,0.0,,,,,,,,,,,,
1465,2026-04-23T08:23:10.634Z,S20260423_092137,N/A,AUTO,,92.7574,0.0637,N/A,0,1500,VIDE,0.0,0.0,0.0,0.0,0.0,0.0,0,0,0.0,0.0,,,,,,,,,,,,
1466,2026-04-23T08:23:10.698Z,S20260423_092137,N/A,AUTO,,92.8215,0.0641,N/A,0,1500,VIDE,0.0,0.0,0.0,0.0,0.0,0.0,0,0,0.0,0.0,,,,,,,,,,,,
1467,2026-04-23T08:23:10.762Z,S20260423_092137,N/A,AUTO,,92.8857,0.0642,N/A,0,1500,VIDE,0.0,0.0,0.0,0.0,0.0,0.0,0,0,0.0,0.0,,,,,,,,,,,,
1468,2026-04-23T08:23:10.818Z,S20260423_092137,N/A,AUTO,,92.9416,0.0559,N/A,0,1500,VIDE,0.0,0.0,0.0,0.0,0.0,0.0,0,0,0.0,0.0,,,,,,,,,,,,
1469,2026-04-23T08:23:10.882Z,S20260423_092137,N/A,AUTO,,93.0055,0.0639,N/A,0,1500,VIDE,0.0,0.0,0.0,0.0,0.0,0.0,0,0,0.0,0.0,,,,,,,,,,,,
1470,2026-04-23T08:23:10.943Z,S20260423_092137,N/A,AUTO,,93.067,0.0615,N/A,0,1500,VIDE,0.0,0.0,0.0,0.0,0.0,0.0,0,0,0.0,0.0,,,,,,,,,,,,
1471,2026-04-23T08:23:11.012Z,S20260423_092137,N/A,AUTO,,93.1353,0.0683,N/A,0,1500,VIDE,0.0,0.0,0.0,0.0,0.0,0.0,0,0,0.0,0.0,,,,,,,,,,,,
1472,2026-04-23T08:23:11.069Z,S20260423_092137,N/A,AUTO,,93.1927,0.0574,N/A,0,1500,VIDE,0.0,0.0,0.0,0.0,0.0,0.0,0,0,0.0,0.0,,,,,,,,,,,,
1473,2026-04-23T08:23:11.134Z,S20260423_092137,N/A,AUTO,,93.2579,0.0652,N/A,0,1500,VIDE,0.0,0.0,0.0,0.0,0.0,0.0,0,0,0.0,0.0,,,,,,,,,,,,
1474,2026-04-23T08:23:11.196Z,S20260423_092137,N/A,AUTO,,93.3196,0.0618,N/A,0,1500,VIDE,0.0,0.0,0.0,0.0,0.0,0.0,0,0,0.0,0.0,,,,,,,,,,,,
1475,2026-04-23T08:23:11.259Z,S20260423_092137,N/A,AUTO,,93.3823,0.0626,N/A,0,1500,VIDE,0.0,0.0,0.0,0.0,0.0,0.0,0,0,0.0,0.0,,,,,,,,,,,,
1476,2026-04-23T08:23:11.322Z,S20260423_092137,N/A,AUTO,,93.4456,0.0633,N/A,0,1500,VIDE,0.0,0.0,0.0,0.0,0.0,0.0,0,0,0.0,0.0,,,,,,,,,,,,
1477,2026-04-23T08:23:11.383Z,S20260423_092137,N/A,AUTO,,93.5063,0.0607,N/A,0,1500,VIDE,0.0,0.0,0.0,0.0,0.0,0.0,0,0,0.0,0.0,,,,,,,,,,,,
1478,2026-04-23T08:23:11.443Z,S20260423_092137,N/A,AUTO,,93.5669,0.0606,N/A,0,1500,VIDE,0.0,0.0,0.0,0.0,0.0,0.0,0,0,0.0,0.0,,,,,,,,,,,,
1479,2026-04-23T08:23:11.506Z,S20260423_092137,N/A,AUTO,,93.6295,0.0626,N/A,0,1500,VIDE,0.0,0.0,0.0,0.0,0.0,0.0,0,0,0.0,0.0,,,,,,,,,,,,
1480,2026-04-23T08:23:11.570Z,S20260423_092137,N/A,AUTO,,93.6935,0.0639,N/A,0,1500,VIDE,0.0,0.0,0.0,0.0,0.0,0.0,0,0,0.0,0.0,,,,,,,,,,,,
1481,2026-04-23T08:23:11.633Z,S20260423_092137,N/A,AUTO,,93.7566,0.0631,N/A,0,1500,VIDE,0.0,0.0,0.0,0.0,0.0,0.0,0,0,0.0,0.0,,,,,,,,,,,,
1482,2026-04-23T08:23:11.694Z,S20260423_092137,N/A,AUTO,,93.8179,0.0613,N/A,0,1500,VIDE,0.0,0.0,0.0,0.0,0.0,0.0,0,0,0.0,0.0,,,,,,,,,,,,
1483,2026-04-23T08:23:11.757Z,S20260423_092137,N/A,AUTO,,93.8804,0.0625,N/A,0,1500,VIDE,0.0,0.0,0.0,0.0,0.0,0.0,0,0,0.0,0.0,,,,,,,,,,,,
1484,2026-04-23T08:23:11.820Z,S20260423_092137,N/A,AUTO,,93.9438,0.0634,N/A,0,1500,VIDE,0.0,0.0,0.0,0.0,0.0,0.0,0,0,0.0,0.0,,,,,,,,,,,,
1485,2026-04-23T08:23:11.883Z,S20260423_092137,N/A,AUTO,,94.0072,0.0633,N/A,0,1500,VIDE,0.0,0.0,0.0,0.0,0.0,0.0,0,0,0.0,0.0,,,,,,,,,,,,
1486,2026-04-23T08:23:11.944Z,S20260423_092137,N/A,AUTO,,94.0676,0.0605,N/A,0,1500,VIDE,0.0,0.0,0.0,0.0,0.0,0.0,0,0,0.0,0.0,,,,,,,,,,,,
1487,2026-04-23T08:23:12.008Z,S20260423_092137,N/A,AUTO,,94.1314,0.0638,N/A,0,1500,VIDE,0.0,0.0,0.0,0.0,0.0,0.0,0,0,0.0,0.0,,,,,,,,,,,,
1488,2026-04-23T08:23:12.071Z,S20260423_092137,N/A,AUTO,,94.1947,0.0633,N/A,0,1500,VIDE,0.0,0.0,0.0,0.0,0.0,0.0,0,0,0.0,0.0,,,,,,,,,,,,
1489,2026-04-23T08:23:12.133Z,S20260423_092137,N/A,AUTO,,94.2568,0.062,N/A,0,1500,VIDE,0.0,0.0,0.0,0.0,0.0,0.0,0,0,0.0,0.0,,,,,,,,,,,,
1490,2026-04-23T08:23:12.194Z,S20260423_092137,N/A,AUTO,,94.3181,0.0614,N/A,0,1500,VIDE,0.0,0.0,0.0,0.0,0.0,0.0,0,0,0.0,0.0,,,,,,,,,,,,
1491,2026-04-23T08:23:12.257Z,S20260423_092137,N/A,AUTO,,94.3809,0.0628,N/A,0,1500,VIDE,0.0,0.0,0.0,0.0,0.0,0.0,0,0,0.0,0.0,,,,,,,,,,,,
1492,2026-04-23T08:23:12.320Z,S20260423_092137,N/A,AUTO,,94.4435,0.0626,N/A,0,1500,VIDE,0.0,0.0,0.0,0.0,0.0,0.0,0,0,0.0,0.0,,,,,,,,,,,,
1493,2026-04-23T08:23:12.382Z,S20260423_092137,N/A,AUTO,,94.5052,0.0617,N/A,0,1500,VIDE,0.0,0.0,0.0,0.0,0.0,0.0,0,0,0.0,0.0,,,,,,,,,,,,
1494,2026-04-23T08:23:12.445Z,S20260423_092137,N/A,AUTO,,94.5684,0.0633,N/A,0,1500,VIDE,0.0,0.0,0.0,0.0,0.0,0.0,0,0,0.0,0.0,,,,,,,,,,,,
1495,2026-04-23T08:23:12.507Z,S20260423_092137,N/A,AUTO,,94.6305,0.062,N/A,0,1500,VIDE,0.0,0.0,0.0,0.0,0.0,0.0,0,0,0.0,0.0,,,,,,,,,,,,
1496,2026-04-23T08:23:12.569Z,S20260423_092137,N/A,AUTO,,94.6925,0.062,N/A,0,1500,VIDE,0.0,0.0,0.0,0.0,0.0,0.0,0,0,0.0,0.0,,,,,,,,,,,,
1497,2026-04-23T08:23:12.632Z,S20260423_092137,N/A,AUTO,,94.7557,0.0632,N/A,0,1500,VIDE,0.0,0.0,0.0,0.0,0.0,0.0,0,0,0.0,0.0,,,,,,,,,,,,
1498,2026-04-23T08:23:12.694Z,S20260423_092137,N/A,AUTO,,94.8174,0.0617,N/A,0,1500,VIDE,0.0,0.0,0.0,0.0,0.0,0.0,0,0,0.0,0.0,,,,,,,,,,,,
1499,2026-04-23T08:23:12.756Z,S20260423_092137,N/A,AUTO,,94.8793,0.0619,N/A,0,1500,VIDE,0.0,0.0,0.0,0.0,0.0,0.0,0,0,0.0,0.0,,,,,,,,,,,,
1500,2026-04-23T08:23:12.819Z,S20260423_092137,N/A,AUTO,,94.9425,0.0632,N/A,0,1500,VIDE,0.0,0.0,0.0,0.0,0.0,0.0,0,0,0.0,0.0,,,,,,,,,,,,
1501,2026-04-23T08:23:12.882Z,S20260423_092137,N/A,AUTO,,95.0052,0.0626,N/A,0,1500,VIDE,0.0,0.0,0.0,0.0,0.0,0.0,0,0,0.0,0.0,,,,,,,,,,,,
1502,2026-04-23T08:23:12.944Z,S20260423_092137,N/A,AUTO,,95.0677,0.0625,N/A,0,1500,VIDE,0.0,0.0,0.0,0.0,0.0,0.0,0,0,0.0,0.0,,,,,,,,,,,,
1503,2026-04-23T08:23:13.006Z,S20260423_092137,N/A,AUTO,,95.1294,0.0617,N/A,0,1500,VIDE,0.0,0.0,0.0,0.0,0.0,0.0,0,0,0.0,0.0,,,,,,,,,,,,
1504,2026-04-23T08:23:13.068Z,S20260423_092137,N/A,AUTO,,95.1919,0.0625,N/A,0,1500,VIDE,0.0,0.0,0.0,0.0,0.0,0.0,0,0,0.0,0.0,,,,,,,,,,,,
1505,2026-04-23T08:23:13.131Z,S20260423_092137,N/A,AUTO,,95.2547,0.0628,N/A,0,1500,VIDE,0.0,0.0,0.0,0.0,0.0,0.0,0,0,0.0,0.0,,,,,,,,,,,,
1506,2026-04-23T08:23:13.194Z,S20260423_092137,N/A,AUTO,,95.3181,0.0634,N/A,0,1500,VIDE,0.0,0.0,0.0,0.0,0.0,0.0,0,0,0.0,0.0,,,,,,,,,,,,
1507,2026-04-23T08:23:13.256Z,S20260423_092137,N/A,AUTO,,95.3793,0.0612,N/A,0,1500,VIDE,0.0,0.0,0.0,0.0,0.0,0.0,0,0,0.0,0.0,,,,,,,,,,,,
1508,2026-04-23T08:23:13.318Z,S20260423_092137,N/A,AUTO,,95.4416,0.0623,N/A,0,1500,VIDE,0.0,0.0,0.0,0.0,0.0,0.0,0,0,0.0,0.0,,,,,,,,,,,,
1509,2026-04-23T08:23:13.384Z,S20260423_092137,N/A,AUTO,,95.5074,0.0659,N/A,0,1500,VIDE,0.0,0.0,0.0,0.0,0.0,0.0,0,0,0.0,0.0,,,,,,,,,,,,
1510,2026-04-23T08:23:13.443Z,S20260423_092137,N/A,AUTO,,95.567,0.0596,N/A,0,1500,VIDE,0.0,0.0,0.0,0.0,0.0,0.0,0,0,0.0,0.0,,,,,,,,,,,,
1511,2026-04-23T08:23:13.519Z,S20260423_092137,N/A,AUTO,,95.6431,0.076,N/A,0,1500,VIDE,0.0,0.0,0.0,0.0,0.0,0.0,0,0,0.0,0.0,,,,,,,,,,,,
1512,2026-04-23T08:23:13.581Z,S20260423_092137,N/A,AUTO,,95.7043,0.0612,N/A,0,1500,VIDE,0.0,0.0,0.0,0.0,0.0,0.0,0,0,0.0,0.0,,,,,,,,,,,,
1513,2026-04-23T08:23:13.644Z,S20260423_092137,N/A,AUTO,,95.7673,0.0629,N/A,0,1500,VIDE,0.0,0.0,0.0,0.0,0.0,0.0,0,0,0.0,0.0,,,,,,,,,,,,
1514,2026-04-23T08:23:13.704Z,S20260423_092137,N/A,AUTO,,95.8279,0.0607,N/A,0,1500,VIDE,0.0,0.0,0.0,0.0,0.0,0.0,0,0,0.0,0.0,,,,,,,,,,,,
1515,2026-04-23T08:23:13.764Z,S20260423_092137,N/A,AUTO,,95.8877,0.0598,N/A,0,1500,VIDE,0.0,0.0,0.0,0.0,0.0,0.0,0,0,0.0,0.0,,,,,,,,,,,,
1516,2026-04-23T08:23:13.824Z,S20260423_092137,N/A,AUTO,,95.9478,0.0602,N/A,0,1500,VIDE,0.0,0.0,0.0,0.0,0.0,0.0,0,0,0.0,0.0,,,,,,,,,,,,
1517,2026-04-23T08:23:13.884Z,S20260423_092137,N/A,AUTO,,96.0075,0.0597,N/A,0,1500,VIDE,0.0,0.0,0.0,0.0,0.0,0.0,0,0,0.0,0.0,,,,,,,,,,,,
1518,2026-04-23T08:23:13.944Z,S20260423_092137,N/A,AUTO,,96.0672,0.0597,N/A,0,1500,VIDE,0.0,0.0,0.0,0.0,0.0,0.0,0,0,0.0,0.0,,,,,,,,,,,,
1519,2026-04-23T08:23:14.018Z,S20260423_092137,N/A,AUTO,,96.1414,0.0742,N/A,0,1500,VIDE,0.0,0.0,0.0,0.0,0.0,0.0,0,0,0.0,0.0,,,,,,,,,,,,
1520,2026-04-23T08:23:14.080Z,S20260423_092137,N/A,AUTO,,96.2037,0.0623,N/A,0,1500,VIDE,0.0,0.0,0.0,0.0,0.0,0.0,0,0,0.0,0.0,,,,,,,,,,,,
1521,2026-04-23T08:23:14.144Z,S20260423_092137,N/A,AUTO,,96.2677,0.0641,N/A,0,1500,VIDE,0.0,0.0,0.0,0.0,0.0,0.0,0,0,0.0,0.0,,,,,,,,,,,,
1522,2026-04-23T08:23:14.204Z,S20260423_092137,N/A,AUTO,,96.3279,0.0602,N/A,0,1500,VIDE,0.0,0.0,0.0,0.0,0.0,0.0,0,0,0.0,0.0,,,,,,,,,,,,
1523,2026-04-23T08:23:14.264Z,S20260423_092137,N/A,AUTO,,96.3873,0.0594,N/A,0,1500,VIDE,0.0,0.0,0.0,0.0,0.0,0.0,0,0,0.0,0.0,,,,,,,,,,,,
1524,2026-04-23T08:23:14.324Z,S20260423_092137,N/A,AUTO,,96.4473,0.06,N/A,0,1500,VIDE,0.0,0.0,0.0,0.0,0.0,0.0,0,0,0.0,0.0,,,,,,,,,,,,
1525,2026-04-23T08:23:14.384Z,S20260423_092137,N/A,AUTO,,96.5075,0.0602,N/A,0,1500,VIDE,0.0,0.0,0.0,0.0,0.0,0.0,0,0,0.0,0.0,,,,,,,,,,,,
1526,2026-04-23T08:23:14.444Z,S20260423_092137,N/A,AUTO,,96.5675,0.06,N/A,0,1500,VIDE,0.0,0.0,0.0,0.0,0.0,0.0,0,0,0.0,0.0,,,,,,,,,,,,
1527,2026-04-23T08:23:14.519Z,S20260423_092137,N/A,AUTO,,96.6429,0.0754,N/A,0,1500,VIDE,0.0,0.0,0.0,0.0,0.0,0.0,0,0,0.0,0.0,,,,,,,,,,,,
1528,2026-04-23T08:23:14.581Z,S20260423_092137,N/A,AUTO,,96.7048,0.0619,N/A,0,1500,VIDE,0.0,0.0,0.0,0.0,0.0,0.0,0,0,0.0,0.0,,,,,,,,,,,,
1529,2026-04-23T08:23:14.644Z,S20260423_092137,N/A,AUTO,,96.7672,0.0625,N/A,0,1500,VIDE,0.0,0.0,0.0,0.0,0.0,0.0,0,0,0.0,0.0,,,,,,,,,,,,
1530,2026-04-23T08:23:14.705Z,S20260423_092137,N/A,AUTO,,96.8286,0.0614,N/A,0,1500,VIDE,0.0,0.0,0.0,0.0,0.0,0.0,0,0,0.0,0.0,,,,,,,,,,,,
1531,2026-04-23T08:23:14.759Z,S20260423_092137,N/A,AUTO,,96.8826,0.054,N/A,0,1500,VIDE,0.0,0.0,0.0,0.0,0.0,0.0,0,0,0.0,0.0,,,,,,,,,,,,
1532,2026-04-23T08:23:14.824Z,S20260423_092137,N/A,AUTO,,96.9472,0.0645,N/A,0,1500,VIDE,0.0,0.0,0.0,0.0,0.0,0.0,0,0,0.0,0.0,,,,,,,,,,,,
1533,2026-04-23T08:23:14.885Z,S20260423_092137,N/A,AUTO,,97.0084,0.0612,N/A,0,1500,VIDE,0.0,0.0,0.0,0.0,0.0,0.0,0,0,0.0,0.0,,,,,,,,,,,,
1534,2026-04-23T08:23:14.943Z,S20260423_092137,N/A,AUTO,,97.0669,0.0585,N/A,0,1500,VIDE,0.0,0.0,0.0,0.0,0.0,0.0,0,0,0.0,0.0,,,,,,,,,,,,
1535,2026-04-23T08:23:15.021Z,S20260423_092137,N/A,AUTO,,97.1446,0.0777,N/A,0,1500,VIDE,0.0,0.0,0.0,0.0,0.0,0.0,0,0,0.0,0.0,,,,,,,,,,,,
1536,2026-04-23T08:23:15.082Z,S20260423_092137,N/A,AUTO,,97.2059,0.0613,N/A,0,1500,VIDE,0.0,0.0,0.0,0.0,0.0,0.0,0,0,0.0,0.0,,,,,,,,,,,,
1537,2026-04-23T08:23:15.144Z,S20260423_092137,N/A,AUTO,,97.2675,0.0616,N/A,0,1500,VIDE,0.0,0.0,0.0,0.0,0.0,0.0,0,0,0.0,0.0,,,,,,,,,,,,
1538,2026-04-23T08:23:15.204Z,S20260423_092137,N/A,AUTO,,97.3279,0.0604,N/A,0,1500,VIDE,0.0,0.0,0.0,0.0,0.0,0.0,0,0,0.0,0.0,,,,,,,,,,,,
1539,2026-04-23T08:23:15.264Z,S20260423_092137,N/A,AUTO,,97.3872,0.0593,N/A,0,1500,VIDE,0.0,0.0,0.0,0.0,0.0,0.0,0,0,0.0,0.0,,,,,,,,,,,,
1540,2026-04-23T08:23:15.324Z,S20260423_092137,N/A,AUTO,,97.4472,0.06,N/A,0,1500,VIDE,0.0,0.0,0.0,0.0,0.0,0.0,0,0,0.0,0.0,,,,,,,,,,,,
1541,2026-04-23T08:23:15.384Z,S20260423_092137,N/A,AUTO,,97.5076,0.0603,N/A,0,1500,VIDE,0.0,0.0,0.0,0.0,0.0,0.0,0,0,0.0,0.0,,,,,,,,,,,,
1542,2026-04-23T08:23:15.444Z,S20260423_092137,N/A,AUTO,,97.5674,0.0598,N/A,0,1500,VIDE,0.0,0.0,0.0,0.0,0.0,0.0,0,0,0.0,0.0,,,,,,,,,,,,
1543,2026-04-23T08:23:15.517Z,S20260423_092137,N/A,AUTO,,97.6405,0.0731,N/A,0,1500,VIDE,0.0,0.0,0.0,0.0,0.0,0.0,0,0,0.0,0.0,,,,,,,,,,,,
1544,2026-04-23T08:23:15.579Z,S20260423_092137,N/A,AUTO,,97.7028,0.0624,N/A,0,1500,VIDE,0.0,0.0,0.0,0.0,0.0,0.0,0,0,0.0,0.0,,,,,,,,,,,,
1545,2026-04-23T08:23:15.643Z,S20260423_092137,N/A,AUTO,,97.7665,0.0637,N/A,0,1500,VIDE,0.0,0.0,0.0,0.0,0.0,0.0,0,0,0.0,0.0,,,,,,,,,,,,
1546,2026-04-23T08:23:15.704Z,S20260423_092137,N/A,AUTO,,97.8276,0.0611,N/A,0,1500,VIDE,0.0,0.0,0.0,0.0,0.0,0.0,0,0,0.0,0.0,,,,,,,,,,,,
1547,2026-04-23T08:23:15.765Z,S20260423_092137,N/A,AUTO,,97.8882,0.0606,N/A,0,1500,VIDE,0.0,0.0,0.0,0.0,0.0,0.0,0,0,0.0,0.0,,,,,,,,,,,,
1548,2026-04-23T08:23:15.824Z,S20260423_092137,N/A,AUTO,,97.948,0.0598,N/A,0,1500,VIDE,0.0,0.0,0.0,0.0,0.0,0.0,0,0,0.0,0.0,,,,,,,,,,,,
1549,2026-04-23T08:23:15.884Z,S20260423_092137,N/A,AUTO,,98.008,0.06,N/A,0,1500,VIDE,0.0,0.0,0.0,0.0,0.0,0.0,0,0,0.0,0.0,,,,,,,,,,,,
1550,2026-04-23T08:23:15.944Z,S20260423_092137,N/A,AUTO,,98.0678,0.0598,N/A,0,1500,VIDE,0.0,0.0,0.0,0.0,0.0,0.0,0,0,0.0,0.0,,,,,,,,,,,,
1551,2026-04-23T08:23:16.017Z,S20260423_092137,N/A,AUTO,,98.1405,0.0727,N/A,0,1500,VIDE,0.0,0.0,0.0,0.0,0.0,0.0,0,0,0.0,0.0,,,,,,,,,,,,
1552,2026-04-23T08:23:16.078Z,S20260423_092137,N/A,AUTO,,98.2017,0.0611,N/A,0,1500,VIDE,0.0,0.0,0.0,0.0,0.0,0.0,0,0,0.0,0.0,,,,,,,,,,,,
1553,2026-04-23T08:23:16.140Z,S20260423_092137,N/A,AUTO,,98.2637,0.0621,N/A,0,1500,VIDE,0.0,0.0,0.0,0.0,0.0,0.0,0,0,0.0,0.0,,,,,,,,,,,,
1554,2026-04-23T08:23:16.204Z,S20260423_092137,N/A,AUTO,,98.3274,0.0637,N/A,0,1500,VIDE,0.0,0.0,0.0,0.0,0.0,0.0,0,0,0.0,0.0,,,,,,,,,,,,
1555,2026-04-23T08:23:16.264Z,S20260423_092137,N/A,AUTO,,98.3873,0.0599,N/A,0,1500,VIDE,0.0,0.0,0.0,0.0,0.0,0.0,0,0,0.0,0.0,,,,,,,,,,,,
1556,2026-04-23T08:23:16.324Z,S20260423_092137,N/A,AUTO,,98.4481,0.0608,N/A,0,1500,VIDE,0.0,0.0,0.0,0.0,0.0,0.0,0,0,0.0,0.0,,,,,,,,,,,,
1557,2026-04-23T08:23:16.384Z,S20260423_092137,N/A,AUTO,,98.5074,0.0594,N/A,0,1500,VIDE,0.0,0.0,0.0,0.0,0.0,0.0,0,0,0.0,0.0,,,,,,,,,,,,
1558,2026-04-23T08:23:16.444Z,S20260423_092137,N/A,AUTO,,98.5675,0.06,N/A,0,1500,VIDE,0.0,0.0,0.0,0.0,0.0,0.0,0,0,0.0,0.0,,,,,,,,,,,,
1559,2026-04-23T08:23:16.514Z,S20260423_092137,N/A,AUTO,,98.6372,0.0698,N/A,0,1500,VIDE,0.0,0.0,0.0,0.0,0.0,0.0,0,0,0.0,0.0,,,,,,,,,,,,
1560,2026-04-23T08:23:16.576Z,S20260423_092137,N/A,AUTO,,98.6999,0.0626,N/A,0,1500,VIDE,0.0,0.0,0.0,0.0,0.0,0.0,0,0,0.0,0.0,,,,,,,,,,,,
1561,2026-04-23T08:23:16.638Z,S20260423_092137,N/A,AUTO,,98.7617,0.0619,N/A,0,1500,VIDE,0.0,0.0,0.0,0.0,0.0,0.0,0,0,0.0,0.0,,,,,,,,,,,,
1562,2026-04-23T08:23:16.700Z,S20260423_092137,N/A,AUTO,,98.8241,0.0624,N/A,0,1500,VIDE,0.0,0.0,0.0,0.0,0.0,0.0,0,0,0.0,0.0,,,,,,,,,,,,
1563,2026-04-23T08:23:16.760Z,S20260423_092137,N/A,AUTO,,98.8835,0.0594,N/A,0,1500,VIDE,0.0,0.0,0.0,0.0,0.0,0.0,0,0,0.0,0.0,,,,,,,,,,,,
1564,2026-04-23T08:23:16.821Z,S20260423_092137,N/A,AUTO,,98.9448,0.0613,N/A,0,1500,VIDE,0.0,0.0,0.0,0.0,0.0,0.0,0,0,0.0,0.0,,,,,,,,,,,,
1565,2026-04-23T08:23:16.884Z,S20260423_092137,N/A,AUTO,,99.0081,0.0633,N/A,0,1500,VIDE,0.0,0.0,0.0,0.0,0.0,0.0,0,0,0.0,0.0,,,,,,,,,,,,
1566,2026-04-23T08:23:16.944Z,S20260423_092137,N/A,AUTO,,99.0675,0.0595,N/A,0,1500,VIDE,0.0,0.0,0.0,0.0,0.0,0.0,0,0,0.0,0.0,,,,,,,,,,,,
1567,2026-04-23T08:23:17.009Z,S20260423_092137,N/A,AUTO,,99.1329,0.0654,N/A,0,1500,VIDE,0.0,0.0,0.0,0.0,0.0,0.0,0,0,0.0,0.0,,,,,,,,,,,,
1568,2026-04-23T08:23:17.073Z,S20260423_092137,N/A,AUTO,,99.1966,0.0637,N/A,0,1500,VIDE,0.0,0.0,0.0,0.0,0.0,0.0,0,0,0.0,0.0,,,,,,,,,,,,
1569,2026-04-23T08:23:17.136Z,S20260423_092137,N/A,AUTO,,99.2596,0.0631,N/A,0,1500,VIDE,0.0,0.0,0.0,0.0,0.0,0.0,0,0,0.0,0.0,,,,,,,,,,,,
1570,2026-04-23T08:23:17.198Z,S20260423_092137,N/A,AUTO,,99.322,0.0623,N/A,0,1500,VIDE,0.0,0.0,0.0,0.0,0.0,0.0,0,0,0.0,0.0,,,,,,,,,,,,
1571,2026-04-23T08:23:17.261Z,S20260423_092137,N/A,AUTO,,99.3846,0.0626,N/A,0,1500,VIDE,0.0,0.0,0.0,0.0,0.0,0.0,0,0,0.0,0.0,,,,,,,,,,,,
1572,2026-04-23T08:23:17.324Z,S20260423_092137,N/A,AUTO,,99.4478,0.0632,N/A,0,1500,VIDE,0.0,0.0,0.0,0.0,0.0,0.0,0,0,0.0,0.0,,,,,,,,,,,,
1573,2026-04-23T08:23:17.384Z,S20260423_092137,N/A,AUTO,,99.5077,0.0599,N/A,0,1500,VIDE,0.0,0.0,0.0,0.0,0.0,0.0,0,0,0.0,0.0,,,,,,,,,,,,
1574,2026-04-23T08:23:17.444Z,S20260423_092137,N/A,AUTO,,99.5678,0.0601,N/A,0,1500,VIDE,0.0,0.0,0.0,0.0,0.0,0.0,0,0,0.0,0.0,,,,,,,,,,,,
1575,2026-04-23T08:23:17.512Z,S20260423_092137,N/A,AUTO,,99.6358,0.068,N/A,0,1500,VIDE,0.0,0.0,0.0,0.0,0.0,0.0,0,0,0.0,0.0,,,,,,,,,,,,
1576,2026-04-23T08:23:17.574Z,S20260423_092137,N/A,AUTO,,99.6979,0.0621,N/A,0,1500,VIDE,0.0,0.0,0.0,0.0,0.0,0.0,0,0,0.0,0.0,,,,,,,,,,,,
1577,2026-04-23T08:23:17.636Z,S20260423_092137,N/A,AUTO,,99.7598,0.0619,N/A,0,1500,VIDE,0.0,0.0,0.0,0.0,0.0,0.0,0,0,0.0,0.0,,,,,,,,,,,,
1578,2026-04-23T08:23:17.698Z,S20260423_092137,N/A,AUTO,,99.8218,0.062,N/A,0,1500,VIDE,0.0,0.0,0.0,0.0,0.0,0.0,0,0,0.0,0.0,,,,,,,,,,,,
1579,2026-04-23T08:23:17.761Z,S20260423_092137,N/A,AUTO,,99.8845,0.0627,N/A,0,1500,VIDE,0.0,0.0,0.0,0.0,0.0,0.0,0,0,0.0,0.0,,,,,,,,,,,,
1580,2026-04-23T08:23:17.823Z,S20260423_092137,N/A,AUTO,,99.9469,0.0624,N/A,0,1500,VIDE,0.0,0.0,0.0,0.0,0.0,0.0,0,0,0.0,0.0,,,,,,,,,,,,
1581,2026-04-23T08:23:17.883Z,S20260423_092137,N/A,AUTO,,100.0069,0.06,N/A,0,1500,VIDE,0.0,0.0,0.0,0.0,0.0,0.0,0,0,0.0,0.0,,,,,,,,,,,,
1582,2026-04-23T08:23:17.944Z,S20260423_092137,N/A,AUTO,,100.0677,0.0607,N/A,0,1500,VIDE,0.0,0.0,0.0,0.0,0.0,0.0,0,0,0.0,0.0,,,,,,,,,,,,
1583,2026-04-23T08:23:18.009Z,S20260423_092137,N/A,AUTO,,100.1329,0.0653,N/A,0,1500,VIDE,0.0,0.0,0.0,0.0,0.0,0.0,0,0,0.0,0.0,,,,,,,,,,,,
1584,2026-04-23T08:23:18.072Z,S20260423_092137,N/A,AUTO,,100.1955,0.0626,N/A,0,1500,VIDE,0.0,0.0,0.0,0.0,0.0,0.0,0,0,0.0,0.0,,,,,,,,,,,,
1585,2026-04-23T08:23:18.133Z,S20260423_092137,N/A,AUTO,,100.2564,0.0608,N/A,0,1500,VIDE,0.0,0.0,0.0,0.0,0.0,0.0,0,0,0.0,0.0,,,,,,,,,,,,
1586,2026-04-23T08:23:18.195Z,S20260423_092137,N/A,AUTO,,100.3184,0.0621,N/A,0,1500,VIDE,0.0,0.0,0.0,0.0,0.0,0.0,0,0,0.0,0.0,,,,,,,,,,,,
1587,2026-04-23T08:23:18.256Z,S20260423_092137,N/A,AUTO,,100.3799,0.0615,N/A,0,1500,VIDE,0.0,0.0,0.0,0.0,0.0,0.0,0,0,0.0,0.0,,,,,,,,,,,,
1588,2026-04-23T08:23:18.318Z,S20260423_092137,N/A,AUTO,,100.4416,0.0617,N/A,0,1500,VIDE,0.0,0.0,0.0,0.0,0.0,0.0,0,0,0.0,0.0,,,,,,,,,,,,
1589,2026-04-23T08:23:18.382Z,S20260423_092137,N/A,AUTO,,100.5052,0.0635,N/A,0,1500,VIDE,0.0,0.0,0.0,0.0,0.0,0.0,0,0,0.0,0.0,,,,,,,,,,,,
1590,2026-04-23T08:23:18.443Z,S20260423_092137,N/A,AUTO,,100.5664,0.0612,N/A,0,1500,VIDE,0.0,0.0,0.0,0.0,0.0,0.0,0,0,0.0,0.0,,,,,,,,,,,,
1591,2026-04-23T08:23:18.506Z,S20260423_092137,N/A,AUTO,,100.6297,0.0633,N/A,0,1500,VIDE,0.0,0.0,0.0,0.0,0.0,0.0,0,0,0.0,0.0,,,,,,,,,,,,
1592,2026-04-23T08:23:18.569Z,S20260423_092137,N/A,AUTO,,100.6924,0.0627,N/A,0,1500,VIDE,0.0,0.0,0.0,0.0,0.0,0.0,0,0,0.0,0.0,,,,,,,,,,,,
1593,2026-04-23T08:23:18.644Z,S20260423_092137,N/A,AUTO,,100.7677,0.0753,N/A,0,1500,VIDE,0.0,0.0,0.0,0.0,0.0,0.0,0,0,0.0,0.0,,,,,,,,,,,,
1594,2026-04-23T08:23:18.704Z,S20260423_092137,N/A,AUTO,,100.8274,0.0597,N/A,0,1500,VIDE,0.0,0.0,0.0,0.0,0.0,0.0,0,0,0.0,0.0,,,,,,,,,,,,
1595,2026-04-23T08:23:18.756Z,S20260423_092137,N/A,AUTO,,100.8793,0.0519,N/A,0,1500,VIDE,0.0,0.0,0.0,0.0,0.0,0.0,0,0,0.0,0.0,,,,,,,,,,,,
1596,2026-04-23T08:23:18.818Z,S20260423_092137,N/A,AUTO,,100.9418,0.0625,N/A,0,1500,VIDE,0.0,0.0,0.0,0.0,0.0,0.0,0,0,0.0,0.0,,,,,,,,,,,,
1597,2026-04-23T08:23:18.884Z,S20260423_092137,N/A,AUTO,,101.0077,0.0659,N/A,0,1500,VIDE,0.0,0.0,0.0,0.0,0.0,0.0,0,0,0.0,0.0,,,,,,,,,,,,
1598,2026-04-23T08:23:18.944Z,S20260423_092137,N/A,AUTO,,101.0677,0.06,N/A,0,1500,VIDE,0.0,0.0,0.0,0.0,0.0,0.0,0,0,0.0,0.0,,,,,,,,,,,,
1599,2026-04-23T08:23:19.020Z,S20260423_092137,N/A,AUTO,,101.1434,0.0758,N/A,0,1500,VIDE,0.0,0.0,0.0,0.0,0.0,0.0,0,0,0.0,0.0,,,,,,,,,,,,
1600,2026-04-23T08:23:19.083Z,S20260423_092137,N/A,AUTO,,101.2064,0.0629,N/A,0,1500,VIDE,0.0,0.0,0.0,0.0,0.0,0.0,0,0,0.0,0.0,,,,,,,,,,,,
1601,2026-04-23T08:23:19.144Z,S20260423_092137,N/A,AUTO,,101.2679,0.0615,N/A,0,1500,VIDE,0.0,0.0,0.0,0.0,0.0,0.0,0,0,0.0,0.0,,,,,,,,,,,,
1602,2026-04-23T08:23:19.204Z,S20260423_092137,N/A,AUTO,,101.3278,0.0599,N/A,0,1500,VIDE,0.0,0.0,0.0,0.0,0.0,0.0,0,0,0.0,0.0,,,,,,,,,,,,
1603,2026-04-23T08:23:19.264Z,S20260423_092137,N/A,AUTO,,101.3877,0.0599,N/A,0,1500,VIDE,0.0,0.0,0.0,0.0,0.0,0.0,0,0,0.0,0.0,,,,,,,,,,,,
1604,2026-04-23T08:23:19.324Z,S20260423_092137,N/A,AUTO,,101.4474,0.0598,N/A,0,1500,VIDE,0.0,0.0,0.0,0.0,0.0,0.0,0,0,0.0,0.0,,,,,,,,,,,,
1605,2026-04-23T08:23:19.383Z,S20260423_092137,N/A,AUTO,,101.507,0.0596,N/A,0,1500,VIDE,0.0,0.0,0.0,0.0,0.0,0.0,0,0,0.0,0.0,,,,,,,,,,,,
1606,2026-04-23T08:23:19.444Z,S20260423_092137,N/A,AUTO,,101.5672,0.0602,N/A,0,1500,VIDE,0.0,0.0,0.0,0.0,0.0,0.0,0,0,0.0,0.0,,,,,,,,,,,,
1607,2026-04-23T08:23:19.517Z,S20260423_092137,N/A,AUTO,,101.6404,0.0732,N/A,0,1500,VIDE,0.0,0.0,0.0,0.0,0.0,0.0,0,0,0.0,0.0,,,,,,,,,,,,
1608,2026-04-23T08:23:19.579Z,S20260423_092137,N/A,AUTO,,101.7024,0.062,N/A,0,1500,VIDE,0.0,0.0,0.0,0.0,0.0,0.0,0,0,0.0,0.0,,,,,,,,,,,,
1609,2026-04-23T08:23:19.640Z,S20260423_092137,N/A,AUTO,,101.7639,0.0615,N/A,0,1500,VIDE,0.0,0.0,0.0,0.0,0.0,0.0,0,0,0.0,0.0,,,,,,,,,,,,
1610,2026-04-23T08:23:19.703Z,S20260423_092137,N/A,AUTO,,101.8264,0.0625,N/A,0,1500,VIDE,0.0,0.0,0.0,0.0,0.0,0.0,0,0,0.0,0.0,,,,,,,,,,,,
1611,2026-04-23T08:23:19.764Z,S20260423_092137,N/A,AUTO,,101.8872,0.0608,N/A,0,1500,VIDE,0.0,0.0,0.0,0.0,0.0,0.0,0,0,0.0,0.0,,,,,,,,,,,,
1612,2026-04-23T08:23:19.824Z,S20260423_092137,N/A,AUTO,,101.9478,0.0606,N/A,0,1500,VIDE,0.0,0.0,0.0,0.0,0.0,0.0,0,0,0.0,0.0,,,,,,,,,,,,
1613,2026-04-23T08:23:19.884Z,S20260423_092137,N/A,AUTO,,102.0078,0.06,N/A,0,1500,VIDE,0.0,0.0,0.0,0.0,0.0,0.0,0,0,0.0,0.0,,,,,,,,,,,,
1614,2026-04-23T08:23:19.944Z,S20260423_092137,N/A,AUTO,,102.0673,0.0596,N/A,0,1500,VIDE,0.0,0.0,0.0,0.0,0.0,0.0,0,0,0.0,0.0,,,,,,,,,,,,
1615,2026-04-23T08:23:20.013Z,S20260423_092137,N/A,AUTO,,102.137,0.0697,N/A,0,1500,VIDE,0.0,0.0,0.0,0.0,0.0,0.0,0,0,0.0,0.0,,,,,,,,,,,,
1616,2026-04-23T08:23:20.076Z,S20260423_092137,N/A,AUTO,,102.1995,0.0624,N/A,0,1500,VIDE,0.0,0.0,0.0,0.0,0.0,0.0,0,0,0.0,0.0,,,,,,,,,,,,
1617,2026-04-23T08:23:20.138Z,S20260423_092137,N/A,AUTO,,102.2619,0.0624,N/A,0,1500,VIDE,0.0,0.0,0.0,0.0,0.0,0.0,0,0,0.0,0.0,,,,,,,,,,,,
1618,2026-04-23T08:23:20.195Z,S20260423_092137,N/A,AUTO,,102.3189,0.057,N/A,0,1500,VIDE,0.0,0.0,0.0,0.0,0.0,0.0,0,0,0.0,0.0,,,,,,,,,,,,
1619,2026-04-23T08:23:20.263Z,S20260423_092137,N/A,AUTO,,102.3863,0.0674,N/A,0,1500,VIDE,0.0,0.0,0.0,0.0,0.0,0.0,0,0,0.0,0.0,,,,,,,,,,,,
1620,2026-04-23T08:23:20.324Z,S20260423_092137,N/A,AUTO,,102.448,0.0617,N/A,0,1500,VIDE,0.0,0.0,0.0,0.0,0.0,0.0,0,0,0.0,0.0,,,,,,,,,,,,
1621,2026-04-23T08:23:20.383Z,S20260423_092137,N/A,AUTO,,102.5069,0.0589,N/A,0,1500,VIDE,0.0,0.0,0.0,0.0,0.0,0.0,0,0,0.0,0.0,,,,,,,,,,,,
1622,2026-04-23T08:23:20.443Z,S20260423_092137,N/A,AUTO,,102.5671,0.0601,N/A,0,1500,VIDE,0.0,0.0,0.0,0.0,0.0,0.0,0,0,0.0,0.0,,,,,,,,,,,,
1623,2026-04-23T08:23:20.513Z,S20260423_092137,N/A,AUTO,,102.6366,0.0695,N/A,0,1500,VIDE,0.0,0.0,0.0,0.0,0.0,0.0,0,0,0.0,0.0,,,,,,,,,,,,
1624,2026-04-23T08:23:20.577Z,S20260423_092137,N/A,AUTO,,102.7003,0.0637,N/A,0,1500,VIDE,0.0,0.0,0.0,0.0,0.0,0.0,0,0,0.0,0.0,,,,,,,,,,,,
1625,2026-04-23T08:23:20.637Z,S20260423_092137,N/A,AUTO,,102.7609,0.0606,N/A,0,1500,VIDE,0.0,0.0,0.0,0.0,0.0,0.0,0,0,0.0,0.0,,,,,,,,,,,,
1626,2026-04-23T08:23:20.699Z,S20260423_092137,N/A,AUTO,,102.8229,0.062,N/A,0,1500,VIDE,0.0,0.0,0.0,0.0,0.0,0.0,0,0,0.0,0.0,,,,,,,,,,,,
1627,2026-04-23T08:23:20.761Z,S20260423_092137,N/A,AUTO,,102.8848,0.0619,N/A,0,1500,VIDE,0.0,0.0,0.0,0.0,0.0,0.0,0,0,0.0,0.0,,,,,,,,,,,,
1628,2026-04-23T08:23:20.822Z,S20260423_092137,N/A,AUTO,,102.9457,0.0609,N/A,0,1500,VIDE,0.0,0.0,0.0,0.0,0.0,0.0,0,0,0.0,0.0,,,,,,,,,,,,
1629,2026-04-23T08:23:20.883Z,S20260423_092137,N/A,AUTO,,103.007,0.0613,N/A,0,1500,VIDE,0.0,0.0,0.0,0.0,0.0,0.0,0,0,0.0,0.0,,,,,,,,,,,,
1630,2026-04-23T08:23:20.944Z,S20260423_092137,N/A,AUTO,,103.0676,0.0606,N/A,0,1500,VIDE,0.0,0.0,0.0,0.0,0.0,0.0,0,0,0.0,0.0,,,,,,,,,,,,
1631,2026-04-23T08:23:21.010Z,S20260423_092137,N/A,AUTO,,103.1338,0.0662,N/A,0,1500,VIDE,0.0,0.0,0.0,0.0,0.0,0.0,0,0,0.0,0.0,,,,,,,,,,,,
1632,2026-04-23T08:23:21.072Z,S20260423_092137,N/A,AUTO,,103.1961,0.0622,N/A,0,1500,VIDE,0.0,0.0,0.0,0.0,0.0,0.0,0,0,0.0,0.0,,,,,,,,,,,,
1633,2026-04-23T08:23:21.135Z,S20260423_092137,N/A,AUTO,,103.2589,0.0628,N/A,0,1500,VIDE,0.0,0.0,0.0,0.0,0.0,0.0,0,0,0.0,0.0,,,,,,,,,,,,
1634,2026-04-23T08:23:21.200Z,S20260423_092137,N/A,AUTO,,103.3232,0.0643,N/A,0,1500,VIDE,0.0,0.0,0.0,0.0,0.0,0.0,0,0,0.0,0.0,,,,,,,,,,,,
1635,2026-04-23T08:23:21.260Z,S20260423_092137,N/A,AUTO,,103.3838,0.0606,N/A,0,1500,VIDE,0.0,0.0,0.0,0.0,0.0,0.0,0,0,0.0,0.0,,,,,,,,,,,,
1636,2026-04-23T08:23:21.319Z,S20260423_092137,N/A,AUTO,,103.4423,0.0584,N/A,0,1500,VIDE,0.0,0.0,0.0,0.0,0.0,0.0,0,0,0.0,0.0,,,,,,,,,,,,
1637,2026-04-23T08:23:21.382Z,S20260423_092137,N/A,AUTO,,103.5057,0.0634,N/A,0,1500,VIDE,0.0,0.0,0.0,0.0,0.0,0.0,0,0,0.0,0.0,,,,,,,,,,,,
1638,2026-04-23T08:23:21.444Z,S20260423_092137,N/A,AUTO,,103.5678,0.0621,N/A,0,1500,VIDE,0.0,0.0,0.0,0.0,0.0,0.0,0,0,0.0,0.0,,,,,,,,,,,,
1639,2026-04-23T08:23:21.519Z,S20260423_092137,N/A,AUTO,,103.643,0.0752,N/A,0,1500,VIDE,0.0,0.0,0.0,0.0,0.0,0.0,0,0,0.0,0.0,,,,,,,,,,,,
1640,2026-04-23T08:23:21.581Z,S20260423_092137,N/A,AUTO,,103.7044,0.0613,N/A,0,1500,VIDE,0.0,0.0,0.0,0.0,0.0,0.0,0,0,0.0,0.0,,,,,,,,,,,,
1641,2026-04-23T08:23:21.642Z,S20260423_092137,N/A,AUTO,,103.766,0.0616,N/A,0,1500,VIDE,0.0,0.0,0.0,0.0,0.0,0.0,0,0,0.0,0.0,,,,,,,,,,,,
1642,2026-04-23T08:23:21.704Z,S20260423_092137,N/A,AUTO,,103.8276,0.0616,N/A,0,1500,VIDE,0.0,0.0,0.0,0.0,0.0,0.0,0,0,0.0,0.0,,,,,,,,,,,,
1643,2026-04-23T08:23:21.764Z,S20260423_092137,N/A,AUTO,,103.8872,0.0595,N/A,0,1500,VIDE,0.0,0.0,0.0,0.0,0.0,0.0,0,0,0.0,0.0,,,,,,,,,,,,
1644,2026-04-23T08:23:21.823Z,S20260423_092137,N/A,AUTO,,103.9471,0.0599,N/A,0,1500,VIDE,0.0,0.0,0.0,0.0,0.0,0.0,0,0,0.0,0.0,,,,,,,,,,,,
1645,2026-04-23T08:23:21.884Z,S20260423_092137,N/A,AUTO,,104.0079,0.0608,N/A,0,1500,VIDE,0.0,0.0,0.0,0.0,0.0,0.0,0,0,0.0,0.0,,,,,,,,,,,,
1646,2026-04-23T08:23:21.944Z,S20260423_092137,N/A,AUTO,,104.068,0.0601,N/A,0,1500,VIDE,0.0,0.0,0.0,0.0,0.0,0.0,0,0,0.0,0.0,,,,,,,,,,,,
1647,2026-04-23T08:23:22.016Z,S20260423_092137,N/A,AUTO,,104.1396,0.0715,N/A,0,1500,VIDE,0.0,0.0,0.0,0.0,0.0,0.0,0,0,0.0,0.0,,,,,,,,,,,,
1648,2026-04-23T08:23:22.079Z,S20260423_092137,N/A,AUTO,,104.2024,0.0628,N/A,0,1500,VIDE,0.0,0.0,0.0,0.0,0.0,0.0,0,0,0.0,0.0,,,,,,,,,,,,
1649,2026-04-23T08:23:22.140Z,S20260423_092137,N/A,AUTO,,104.264,0.0616,N/A,0,1500,VIDE,0.0,0.0,0.0,0.0,0.0,0.0,0,0,0.0,0.0,,,,,,,,,,,,
1650,2026-04-23T08:23:22.203Z,S20260423_092137,N/A,AUTO,,104.3269,0.0629,N/A,0,1500,VIDE,0.0,0.0,0.0,0.0,0.0,0.0,0,0,0.0,0.0,,,,,,,,,,,,
1651,2026-04-23T08:23:22.258Z,S20260423_092137,N/A,AUTO,,104.3817,0.0548,N/A,0,1500,VIDE,0.0,0.0,0.0,0.0,0.0,0.0,0,0,0.0,0.0,,,,,,,,,,,,
1652,2026-04-23T08:23:22.324Z,S20260423_092137,N/A,AUTO,,104.448,0.0663,N/A,0,1500,VIDE,0.0,0.0,0.0,0.0,0.0,0.0,0,0,0.0,0.0,,,,,,,,,,,,
1653,2026-04-23T08:23:22.384Z,S20260423_092137,N/A,AUTO,,104.5076,0.0596,N/A,0,1500,VIDE,0.0,0.0,0.0,0.0,0.0,0.0,0,0,0.0,0.0,,,,,,,,,,,,
1654,2026-04-23T08:23:22.444Z,S20260423_092137,N/A,AUTO,,104.5679,0.0603,N/A,0,1500,VIDE,0.0,0.0,0.0,0.0,0.0,0.0,0,0,0.0,0.0,,,,,,,,,,,,
1655,2026-04-23T08:23:22.515Z,S20260423_092137,N/A,AUTO,,104.6387,0.0709,N/A,0,1500,VIDE,0.0,0.0,0.0,0.0,0.0,0.0,0,0,0.0,0.0,,,,,,,,,,,,
1656,2026-04-23T08:23:22.577Z,S20260423_092137,N/A,AUTO,,104.701,0.0623,N/A,0,1500,VIDE,0.0,0.0,0.0,0.0,0.0,0.0,0,0,0.0,0.0,,,,,,,,,,,,
1657,2026-04-23T08:23:22.640Z,S20260423_092137,N/A,AUTO,,104.7641,0.0631,N/A,0,1500,VIDE,0.0,0.0,0.0,0.0,0.0,0.0,0,0,0.0,0.0,,,,,,,,,,,,
1658,2026-04-23T08:23:22.703Z,S20260423_092137,N/A,AUTO,,104.8267,0.0626,N/A,0,1500,VIDE,0.0,0.0,0.0,0.0,0.0,0.0,0,0,0.0,0.0,,,,,,,,,,,,
1659,2026-04-23T08:23:22.764Z,S20260423_092137,N/A,AUTO,,104.8878,0.0611,N/A,0,1500,VIDE,0.0,0.0,0.0,0.0,0.0,0.0,0,0,0.0,0.0,,,,,,,,,,,,
1660,2026-04-23T08:23:22.824Z,S20260423_092137,N/A,AUTO,,104.9479,0.0601,N/A,0,1500,VIDE,0.0,0.0,0.0,0.0,0.0,0.0,0,0,0.0,0.0,,,,,,,,,,,,
1661,2026-04-23T08:23:22.884Z,S20260423_092137,N/A,AUTO,,105.0073,0.0595,N/A,0,1500,VIDE,0.0,0.0,0.0,0.0,0.0,0.0,0,0,0.0,0.0,,,,,,,,,,,,
1662,2026-04-23T08:23:22.944Z,S20260423_092137,N/A,AUTO,,105.0677,0.0604,N/A,0,1500,VIDE,0.0,0.0,0.0,0.0,0.0,0.0,0,0,0.0,0.0,,,,,,,,,,,,
1663,2026-04-23T08:23:23.014Z,S20260423_092137,N/A,AUTO,,105.1379,0.0702,N/A,0,1500,VIDE,0.0,0.0,0.0,0.0,0.0,0.0,0,0,0.0,0.0,,,,,,,,,,,,
1664,2026-04-23T08:23:23.077Z,S20260423_092137,N/A,AUTO,,105.2011,0.0632,N/A,0,1500,VIDE,0.0,0.0,0.0,0.0,0.0,0.0,0,0,0.0,0.0,,,,,,,,,,,,
1665,2026-04-23T08:23:23.139Z,S20260423_092137,N/A,AUTO,,105.2628,0.0616,N/A,0,1500,VIDE,0.0,0.0,0.0,0.0,0.0,0.0,0,0,0.0,0.0,,,,,,,,,,,,
1666,2026-04-23T08:23:23.202Z,S20260423_092137,N/A,AUTO,,105.3253,0.0625,N/A,0,1500,VIDE,0.0,0.0,0.0,0.0,0.0,0.0,0,0,0.0,0.0,,,,,,,,,,,,
1667,2026-04-23T08:23:23.265Z,S20260423_092137,N/A,AUTO,,105.3882,0.0629,N/A,0,1500,VIDE,0.0,0.0,0.0,0.0,0.0,0.0,0,0,0.0,0.0,,,,,,,,,,,,
1668,2026-04-23T08:23:23.324Z,S20260423_092137,N/A,AUTO,,105.4473,0.0591,N/A,0,1500,VIDE,0.0,0.0,0.0,0.0,0.0,0.0,0,0,0.0,0.0,,,,,,,,,,,,
1669,2026-04-23T08:23:23.384Z,S20260423_092137,N/A,AUTO,,105.508,0.0608,N/A,0,1500,VIDE,0.0,0.0,0.0,0.0,0.0,0.0,0,0,0.0,0.0,,,,,,,,,,,,
1670,2026-04-23T08:23:23.444Z,S20260423_092137,N/A,AUTO,,105.5679,0.0599,N/A,0,1500,VIDE,0.0,0.0,0.0,0.0,0.0,0.0,0,0,0.0,0.0,,,,,,,,,,,,
1671,2026-04-23T08:23:23.514Z,S20260423_092137,N/A,AUTO,,105.6378,0.0698,N/A,0,1500,VIDE,0.0,0.0,0.0,0.0,0.0,0.0,0,0,0.0,0.0,,,,,,,,,,,,
1672,2026-04-23T08:23:23.576Z,S20260423_092137,N/A,AUTO,,105.6994,0.0617,N/A,0,1500,VIDE,0.0,0.0,0.0,0.0,0.0,0.0,0,0,0.0,0.0,,,,,,,,,,,,
1673,2026-04-23T08:23:23.638Z,S20260423_092137,N/A,AUTO,,105.762,0.0626,N/A,0,1500,VIDE,0.0,0.0,0.0,0.0,0.0,0.0,0,0,0.0,0.0,,,,,,,,,,,,
1674,2026-04-23T08:23:23.700Z,S20260423_092137,N/A,AUTO,,105.824,0.062,N/A,0,1500,VIDE,0.0,0.0,0.0,0.0,0.0,0.0,0,0,0.0,0.0,,,,,,,,,,,,
1675,2026-04-23T08:23:23.762Z,S20260423_092137,N/A,AUTO,,105.8855,0.0614,N/A,0,1500,VIDE,0.0,0.0,0.0,0.0,0.0,0.0,0,0,0.0,0.0,,,,,,,,,,,,
1676,2026-04-23T08:23:23.819Z,S20260423_092137,N/A,AUTO,,105.9422,0.0567,N/A,0,1500,VIDE,0.0,0.0,0.0,0.0,0.0,0.0,0,0,0.0,0.0,,,,,,,,,,,,
1677,2026-04-23T08:23:23.884Z,S20260423_092137,N/A,AUTO,,106.0074,0.0651,N/A,0,1500,VIDE,0.0,0.0,0.0,0.0,0.0,0.0,0,0,0.0,0.0,,,,,,,,,,,,
1678,2026-04-23T08:23:23.944Z,S20260423_092137,N/A,AUTO,,106.0676,0.0603,N/A,0,1500,VIDE,0.0,0.0,0.0,0.0,0.0,0.0,0,0,0.0,0.0,,,,,,,,,,,,
1679,2026-04-23T08:23:24.011Z,S20260423_092137,N/A,AUTO,,106.1346,0.067,N/A,0,1500,VIDE,0.0,0.0,0.0,0.0,0.0,0.0,0,0,0.0,0.0,,,,,,,,,,,,
1680,2026-04-23T08:23:24.075Z,S20260423_092137,N/A,AUTO,,106.1986,0.064,N/A,0,1500,VIDE,0.0,0.0,0.0,0.0,0.0,0.0,0,0,0.0,0.0,,,,,,,,,,,,
1681,2026-04-23T08:23:24.137Z,S20260423_092137,N/A,AUTO,,106.2608,0.0622,N/A,0,1500,VIDE,0.0,0.0,0.0,0.0,0.0,0.0,0,0,0.0,0.0,,,,,,,,,,,,
1682,2026-04-23T08:23:24.200Z,S20260423_092137,N/A,AUTO,,106.3232,0.0624,N/A,0,1500,VIDE,0.0,0.0,0.0,0.0,0.0,0.0,0,0,0.0,0.0,,,,,,,,,,,,
1683,2026-04-23T08:23:24.262Z,S20260423_092137,N/A,AUTO,,106.3853,0.0621,N/A,0,1500,VIDE,0.0,0.0,0.0,0.0,0.0,0.0,0,0,0.0,0.0,,,,,,,,,,,,
1684,2026-04-23T08:23:24.324Z,S20260423_092137,N/A,AUTO,,106.4477,0.0624,N/A,0,1500,VIDE,0.0,0.0,0.0,0.0,0.0,0.0,0,0,0.0,0.0,,,,,,,,,,,,
1685,2026-04-23T08:23:24.384Z,S20260423_092137,N/A,AUTO,,106.5072,0.0595,N/A,0,1500,VIDE,0.0,0.0,0.0,0.0,0.0,0.0,0,0,0.0,0.0,,,,,,,,,,,,
1686,2026-04-23T08:23:24.444Z,S20260423_092137,N/A,AUTO,,106.5673,0.0601,N/A,0,1500,VIDE,0.0,0.0,0.0,0.0,0.0,0.0,0,0,0.0,0.0,,,,,,,,,,,,
1687,2026-04-23T08:23:24.510Z,S20260423_092137,N/A,AUTO,,106.634,0.0667,N/A,0,1500,VIDE,0.0,0.0,0.0,0.0,0.0,0.0,0,0,0.0,0.0,,,,,,,,,,,,
1688,2026-04-23T08:23:24.571Z,S20260423_092137,N/A,AUTO,,106.6948,0.0609,N/A,0,1500,VIDE,0.0,0.0,0.0,0.0,0.0,0.0,0,0,0.0,0.0,,,,,,,,,,,,
1689,2026-04-23T08:23:24.633Z,S20260423_092137,N/A,AUTO,,106.757,0.0621,N/A,0,1500,VIDE,0.0,0.0,0.0,0.0,0.0,0.0,0,0,0.0,0.0,,,,,,,,,,,,
1690,2026-04-23T08:23:24.694Z,S20260423_092137,N/A,AUTO,,106.8179,0.0609,N/A,0,1500,VIDE,0.0,0.0,0.0,0.0,0.0,0.0,0,0,0.0,0.0,,,,,,,,,,,,
1691,2026-04-23T08:23:24.756Z,S20260423_092137,N/A,AUTO,,106.8796,0.0617,N/A,0,1500,VIDE,0.0,0.0,0.0,0.0,0.0,0.0,0,0,0.0,0.0,,,,,,,,,,,,
1692,2026-04-23T08:23:24.820Z,S20260423_092137,N/A,AUTO,,106.9438,0.0642,N/A,0,1500,VIDE,0.0,0.0,0.0,0.0,0.0,0.0,0,0,0.0,0.0,,,,,,,,,,,,
1693,2026-04-23T08:23:24.882Z,S20260423_092137,N/A,AUTO,,107.0054,0.0617,N/A,0,1500,VIDE,0.0,0.0,0.0,0.0,0.0,0.0,0,0,0.0,0.0,,,,,,,,,,,,
1694,2026-04-23T08:23:24.944Z,S20260423_092137,N/A,AUTO,,107.0677,0.0623,N/A,0,1500,VIDE,0.0,0.0,0.0,0.0,0.0,0.0,0,0,0.0,0.0,,,,,,,,,,,,
1695,2026-04-23T08:23:25.016Z,S20260423_092137,N/A,AUTO,,107.1392,0.0715,N/A,0,1500,VIDE,0.0,0.0,0.0,0.0,0.0,0.0,0,0,0.0,0.0,,,,,,,,,,,,
1696,2026-04-23T08:23:25.082Z,S20260423_092137,N/A,AUTO,,107.206,0.0668,N/A,0,1500,VIDE,0.0,0.0,0.0,0.0,0.0,0.0,0,0,0.0,0.0,,,,,,,,,,,,
1697,2026-04-23T08:23:25.143Z,S20260423_092137,N/A,AUTO,,107.2671,0.0611,N/A,0,1500,VIDE,0.0,0.0,0.0,0.0,0.0,0.0,0,0,0.0,0.0,,,,,,,,,,,,
1698,2026-04-23T08:23:25.204Z,S20260423_092137,N/A,AUTO,,107.3273,0.0601,N/A,0,1500,VIDE,0.0,0.0,0.0,0.0,0.0,0.0,0,0,0.0,0.0,,,,,,,,,,,,
1699,2026-04-23T08:23:25.264Z,S20260423_092137,N/A,AUTO,,107.3876,0.0604,N/A,0,1500,VIDE,0.0,0.0,0.0,0.0,0.0,0.0,0,0,0.0,0.0,,,,,,,,,,,,
1700,2026-04-23T08:23:25.324Z,S20260423_092137,N/A,AUTO,,107.4478,0.0601,N/A,0,1500,VIDE,0.0,0.0,0.0,0.0,0.0,0.0,0,0,0.0,0.0,,,,,,,,,,,,
1701,2026-04-23T08:23:25.384Z,S20260423_092137,N/A,AUTO,,107.5079,0.0601,N/A,0,1500,VIDE,0.0,0.0,0.0,0.0,0.0,0.0,0,0,0.0,0.0,,,,,,,,,,,,
1702,2026-04-23T08:23:25.444Z,S20260423_092137,N/A,AUTO,,107.5681,0.0602,N/A,0,1500,VIDE,0.0,0.0,0.0,0.0,0.0,0.0,0,0,0.0,0.0,,,,,,,,,,,,
1703,2026-04-23T08:23:25.519Z,S20260423_092137,N/A,AUTO,,107.6427,0.0746,N/A,0,1500,VIDE,0.0,0.0,0.0,0.0,0.0,0.0,0,0,0.0,0.0,,,,,,,,,,,,
1704,2026-04-23T08:23:25.582Z,S20260423_092137,N/A,AUTO,,107.7052,0.0625,N/A,0,1500,VIDE,0.0,0.0,0.0,0.0,0.0,0.0,0,0,0.0,0.0,,,,,,,,,,,,
1705,2026-04-23T08:23:25.647Z,S20260423_092137,N/A,AUTO,,107.771,0.0658,N/A,0,1500,VIDE,0.0,0.0,0.0,0.0,0.0,0.0,0,0,0.0,0.0,,,,,,,,,,,,
1706,2026-04-23T08:23:25.723Z,S20260423_092137,N/A,AUTO,,107.8469,0.0759,N/A,0,1500,VIDE,0.0,0.0,0.0,0.0,0.0,0.0,0,0,0.0,0.0,,,,,,,,,,,,
1707,2026-04-23T08:23:25.784Z,S20260423_092137,N/A,AUTO,,107.9077,0.0608,N/A,0,1500,VIDE,0.0,0.0,0.0,0.0,0.0,0.0,0,0,0.0,0.0,,,,,,,,,,,,
1708,2026-04-23T08:23:25.835Z,S20260423_092137,N/A,AUTO,,107.9587,0.051,N/A,0,1500,VIDE,0.0,0.0,0.0,0.0,0.0,0.0,0,0,0.0,0.0,,,,,,,,,,,,
1709,2026-04-23T08:23:25.904Z,S20260423_092137,N/A,AUTO,,108.0279,0.0692,N/A,0,1500,VIDE,0.0,0.0,0.0,0.0,0.0,0.0,0,0,0.0,0.0,,,,,,,,,,,,
1710,2026-04-23T08:23:25.964Z,S20260423_092137,N/A,AUTO,,108.0874,0.0595,N/A,0,1500,VIDE,0.0,0.0,0.0,0.0,0.0,0.0,0,0,0.0,0.0,,,,,,,,,,,,
1711,2026-04-23T08:23:26.024Z,S20260423_092137,N/A,AUTO,,108.1477,0.0602,N/A,0,1500,VIDE,0.0,0.0,0.0,0.0,0.0,0.0,0,0,0.0,0.0,,,,,,,,,,,,
1712,2026-04-23T08:23:26.084Z,S20260423_092137,N/A,AUTO,,108.2081,0.0604,N/A,0,1500,VIDE,0.0,0.0,0.0,0.0,0.0,0.0,0,0,0.0,0.0,,,,,,,,,,,,
1713,2026-04-23T08:23:26.156Z,S20260423_092137,N/A,AUTO,,108.2797,0.0717,N/A,0,1500,VIDE,0.0,0.0,0.0,0.0,0.0,0.0,0,0,0.0,0.0,,,,,,,,,,,,
1714,2026-04-23T08:23:26.218Z,S20260423_092137,N/A,AUTO,,108.342,0.0622,N/A,0,1500,VIDE,0.0,0.0,0.0,0.0,0.0,0.0,0,0,0.0,0.0,,,,,,,,,,,,
1715,2026-04-23T08:23:26.280Z,S20260423_092137,N/A,AUTO,,108.4033,0.0613,N/A,0,1500,VIDE,0.0,0.0,0.0,0.0,0.0,0.0,0,0,0.0,0.0,,,,,,,,,,,,
1716,2026-04-23T08:23:26.342Z,S20260423_092137,N/A,AUTO,,108.4658,0.0625,N/A,0,1500,VIDE,0.0,0.0,0.0,0.0,0.0,0.0,0,0,0.0,0.0,,,,,,,,,,,,
1717,2026-04-23T08:23:26.403Z,S20260423_092137,N/A,AUTO,,108.5269,0.061,N/A,0,1500,VIDE,0.0,0.0,0.0,0.0,0.0,0.0,0,0,0.0,0.0,,,,,,,,,,,,
1718,2026-04-23T08:23:26.464Z,S20260423_092137,N/A,AUTO,,108.5877,0.0608,N/A,0,1500,VIDE,0.0,0.0,0.0,0.0,0.0,0.0,0,0,0.0,0.0,,,,,,,,,,,,
1719,2026-04-23T08:23:26.524Z,S20260423_092137,N/A,AUTO,,108.6478,0.0601,N/A,0,1500,VIDE,0.0,0.0,0.0,0.0,0.0,0.0,0,0,0.0,0.0,,,,,,,,,,,,
1720,2026-04-23T08:23:26.584Z,S20260423_092137,N/A,AUTO,,108.7075,0.0597,N/A,0,1500,VIDE,0.0,0.0,0.0,0.0,0.0,0.0,0,0,0.0,0.0,,,,,,,,,,,,
1721,2026-04-23T08:23:26.652Z,S20260423_092137,N/A,AUTO,,108.776,0.0685,N/A,0,1500,VIDE,0.0,0.0,0.0,0.0,0.0,0.0,0,0,0.0,0.0,,,,,,,,,,,,
1722,2026-04-23T08:23:26.715Z,S20260423_092137,N/A,AUTO,,108.8386,0.0626,N/A,0,1500,VIDE,0.0,0.0,0.0,0.0,0.0,0.0,0,0,0.0,0.0,,,,,,,,,,,,
1723,2026-04-23T08:23:26.778Z,S20260423_092137,N/A,AUTO,,108.9021,0.0635,N/A,0,1500,VIDE,0.0,0.0,0.0,0.0,0.0,0.0,0,0,0.0,0.0,,,,,,,,,,,,
1724,2026-04-23T08:23:26.841Z,S20260423_092137,N/A,AUTO,,108.9642,0.062,N/A,0,1500,VIDE,0.0,0.0,0.0,0.0,0.0,0.0,0,0,0.0,0.0,,,,,,,,,,,,
1725,2026-04-23T08:23:26.900Z,S20260423_092137,N/A,AUTO,,109.0232,0.059,N/A,0,1500,VIDE,0.0,0.0,0.0,0.0,0.0,0.0,0,0,0.0,0.0,,,,,,,,,,,,
1726,2026-04-23T08:23:26.963Z,S20260423_092137,N/A,AUTO,,109.0866,0.0634,N/A,0,1500,VIDE,0.0,0.0,0.0,0.0,0.0,0.0,0,0,0.0,0.0,,,,,,,,,,,,
1727,2026-04-23T08:23:27.024Z,S20260423_092137,N/A,AUTO,,109.1476,0.061,N/A,0,1500,VIDE,0.0,0.0,0.0,0.0,0.0,0.0,0,0,0.0,0.0,,,,,,,,,,,,
1728,2026-04-23T08:23:27.083Z,S20260423_092137,N/A,AUTO,,109.2071,0.0596,N/A,0,1500,VIDE,0.0,0.0,0.0,0.0,0.0,0.0,0,0,0.0,0.0,,,,,,,,,,,,
1729,2026-04-23T08:23:27.146Z,S20260423_092137,N/A,AUTO,,109.2699,0.0628,N/A,0,1500,VIDE,0.0,0.0,0.0,0.0,0.0,0.0,0,0,0.0,0.0,,,,,,,,,,,,
1730,2026-04-23T08:23:27.210Z,S20260423_092137,N/A,AUTO,,109.334,0.0641,N/A,0,1500,VIDE,0.0,0.0,0.0,0.0,0.0,0.0,0,0,0.0,0.0,,,,,,,,,,,,
1731,2026-04-23T08:23:27.275Z,S20260423_092137,N/A,AUTO,,109.3983,0.0643,N/A,0,1500,VIDE,0.0,0.0,0.0,0.0,0.0,0.0,0,0,0.0,0.0,,,,,,,,,,,,
1732,2026-04-23T08:23:27.334Z,S20260423_092137,N/A,AUTO,,109.458,0.0597,N/A,0,1500,VIDE,0.0,0.0,0.0,0.0,0.0,0.0,0,0,0.0,0.0,,,,,,,,,,,,
1733,2026-04-23T08:23:27.398Z,S20260423_092137,N/A,AUTO,,109.5218,0.0638,N/A,0,1500,VIDE,0.0,0.0,0.0,0.0,0.0,0.0,0,0,0.0,0.0,,,,,,,,,,,,
1734,2026-04-23T08:23:27.463Z,S20260423_092137,N/A,AUTO,,109.5866,0.0649,N/A,0,1500,VIDE,0.0,0.0,0.0,0.0,0.0,0.0,0,0,0.0,0.0,,,,,,,,,,,,
1735,2026-04-23T08:23:27.522Z,S20260423_092137,N/A,AUTO,,109.6458,0.0592,N/A,0,1500,VIDE,0.0,0.0,0.0,0.0,0.0,0.0,0,0,0.0,0.0,,,,,,,,,,,,
1736,2026-04-23T08:23:27.584Z,S20260423_092137,N/A,AUTO,,109.7075,0.0618,N/A,0,1500,VIDE,0.0,0.0,0.0,0.0,0.0,0.0,0,0,0.0,0.0,,,,,,,,,,,,
1737,2026-04-23T08:23:27.650Z,S20260423_092137,N/A,AUTO,,109.7738,0.0663,N/A,0,1500,VIDE,0.0,0.0,0.0,0.0,0.0,0.0,0,0,0.0,0.0,,,,,,,,,,,,
1738,2026-04-23T08:23:27.714Z,S20260423_092137,N/A,AUTO,,109.8377,0.0639,N/A,0,1500,VIDE,0.0,0.0,0.0,0.0,0.0,0.0,0,0,0.0,0.0,,,,,,,,,,,,
1739,2026-04-23T08:23:27.777Z,S20260423_092137,N/A,AUTO,,109.9002,0.0624,N/A,0,1500,VIDE,0.0,0.0,0.0,0.0,0.0,0.0,0,0,0.0,0.0,,,,,,,,,,,,
1740,2026-04-23T08:23:27.834Z,S20260423_092137,N/A,AUTO,,109.9578,0.0576,N/A,0,1500,VIDE,0.0,0.0,0.0,0.0,0.0,0.0,0,0,0.0,0.0,,,,,,,,,,,,
1741,2026-04-23T08:23:27.899Z,S20260423_092137,N/A,AUTO,,110.0222,0.0644,N/A,0,1500,VIDE,0.0,0.0,0.0,0.0,0.0,0.0,0,0,0.0,0.0,,,,,,,,,,,,
1742,2026-04-23T08:23:27.960Z,S20260423_092137,N/A,AUTO,,110.0834,0.0612,N/A,0,1500,VIDE,0.0,0.0,0.0,0.0,0.0,0.0,0,0,0.0,0.0,,,,,,,,,,,,
1743,2026-04-23T08:23:28.022Z,S20260423_092137,N/A,AUTO,,110.1459,0.0625,N/A,0,1500,VIDE,0.0,0.0,0.0,0.0,0.0,0.0,0,0,0.0,0.0,,,,,,,,,,,,
1744,2026-04-23T08:23:28.084Z,S20260423_092137,N/A,AUTO,,110.2076,0.0618,N/A,0,1500,VIDE,0.0,0.0,0.0,0.0,0.0,0.0,0,0,0.0,0.0,,,,,,,,,,,,
1745,2026-04-23T08:23:28.146Z,S20260423_092137,N/A,AUTO,,110.2701,0.0624,N/A,0,1500,VIDE,0.0,0.0,0.0,0.0,0.0,0.0,0,0,0.0,0.0,,,,,,,,,,,,
1746,2026-04-23T08:23:28.210Z,S20260423_092137,N/A,AUTO,,110.3339,0.0639,N/A,0,1500,VIDE,0.0,0.0,0.0,0.0,0.0,0.0,0,0,0.0,0.0,,,,,,,,,,,,
1747,2026-04-23T08:23:28.274Z,S20260423_092137,N/A,AUTO,,110.3981,0.0641,N/A,0,1500,VIDE,0.0,0.0,0.0,0.0,0.0,0.0,0,0,0.0,0.0,,,,,,,,,,,,
1748,2026-04-23T08:23:28.338Z,S20260423_092137,N/A,AUTO,,110.4621,0.0641,N/A,0,1500,VIDE,0.0,0.0,0.0,0.0,0.0,0.0,0,0,0.0,0.0,,,,,,,,,,,,
1749,2026-04-23T08:23:28.399Z,S20260423_092137,N/A,AUTO,,110.5231,0.0609,N/A,0,1500,VIDE,0.0,0.0,0.0,0.0,0.0,0.0,0,0,0.0,0.0,,,,,,,,,,,,
1750,2026-04-23T08:23:28.462Z,S20260423_092137,N/A,AUTO,,110.5858,0.0627,N/A,0,1500,VIDE,0.0,0.0,0.0,0.0,0.0,0.0,0,0,0.0,0.0,,,,,,,,,,,,
1751,2026-04-23T08:23:28.522Z,S20260423_092137,N/A,AUTO,,110.6458,0.06,N/A,0,1500,VIDE,0.0,0.0,0.0,0.0,0.0,0.0,0,0,0.0,0.0,,,,,,,,,,,,
1752,2026-04-23T08:23:28.584Z,S20260423_092137,N/A,AUTO,,110.7076,0.0618,N/A,0,1500,VIDE,0.0,0.0,0.0,0.0,0.0,0.0,0,0,0.0,0.0,,,,,,,,,,,,
1753,2026-04-23T08:23:28.647Z,S20260423_092137,N/A,AUTO,,110.7702,0.0626,N/A,0,1500,VIDE,0.0,0.0,0.0,0.0,0.0,0.0,0,0,0.0,0.0,,,,,,,,,,,,
1754,2026-04-23T08:23:28.709Z,S20260423_092137,N/A,AUTO,,110.8328,0.0626,N/A,0,1500,VIDE,0.0,0.0,0.0,0.0,0.0,0.0,0,0,0.0,0.0,,,,,,,,,,,,
1755,2026-04-23T08:23:28.775Z,S20260423_092137,N/A,AUTO,,110.8984,0.0655,N/A,0,1500,VIDE,0.0,0.0,0.0,0.0,0.0,0.0,0,0,0.0,0.0,,,,,,,,,,,,
1756,2026-04-23T08:23:28.834Z,S20260423_092137,N/A,AUTO,,110.9574,0.059,N/A,0,1500,VIDE,0.0,0.0,0.0,0.0,0.0,0.0,0,0,0.0,0.0,,,,,,,,,,,,
1757,2026-04-23T08:23:28.902Z,S20260423_092137,N/A,AUTO,,111.026,0.0687,N/A,0,1500,VIDE,0.0,0.0,0.0,0.0,0.0,0.0,0,0,0.0,0.0,,,,,,,,,,,,
1758,2026-04-23T08:23:28.960Z,S20260423_092137,N/A,AUTO,,111.0832,0.0571,N/A,0,1500,VIDE,0.0,0.0,0.0,0.0,0.0,0.0,0,0,0.0,0.0,,,,,,,,,,,,
1759,2026-04-23T08:23:29.023Z,S20260423_092137,N/A,AUTO,,111.1463,0.0631,N/A,0,1500,VIDE,0.0,0.0,0.0,0.0,0.0,0.0,0,0,0.0,0.0,,,,,,,,,,,,
1760,2026-04-23T08:23:29.083Z,S20260423_092137,N/A,AUTO,,111.2069,0.0607,N/A,0,1500,VIDE,0.0,0.0,0.0,0.0,0.0,0.0,0,0,0.0,0.0,,,,,,,,,,,,
1761,2026-04-23T08:23:29.146Z,S20260423_092137,N/A,AUTO,,111.2699,0.063,N/A,0,1500,VIDE,0.0,0.0,0.0,0.0,0.0,0.0,0,0,0.0,0.0,,,,,,,,,,,,
1762,2026-04-23T08:23:29.211Z,S20260423_092137,N/A,AUTO,,111.3344,0.0645,N/A,0,1500,VIDE,0.0,0.0,0.0,0.0,0.0,0.0,0,0,0.0,0.0,,,,,,,,,,,,
1763,2026-04-23T08:23:29.271Z,S20260423_092137,N/A,AUTO,,111.3946,0.0602,N/A,0,1500,VIDE,0.0,0.0,0.0,0.0,0.0,0.0,0,0,0.0,0.0,,,,,,,,,,,,
1764,2026-04-23T08:23:29.334Z,S20260423_092137,N/A,AUTO,,111.4581,0.0635,N/A,0,1500,VIDE,0.0,0.0,0.0,0.0,0.0,0.0,0,0,0.0,0.0,,,,,,,,,,,,
1765,2026-04-23T08:23:29.398Z,S20260423_092137,N/A,AUTO,,111.522,0.0639,N/A,0,1500,VIDE,0.0,0.0,0.0,0.0,0.0,0.0,0,0,0.0,0.0,,,,,,,,,,,,
1766,2026-04-23T08:23:29.460Z,S20260423_092137,N/A,AUTO,,111.5839,0.0619,N/A,0,1500,VIDE,0.0,0.0,0.0,0.0,0.0,0.0,0,0,0.0,0.0,,,,,,,,,,,,
1767,2026-04-23T08:23:29.522Z,S20260423_092137,N/A,AUTO,,111.6461,0.0622,N/A,0,1500,VIDE,0.0,0.0,0.0,0.0,0.0,0.0,0,0,0.0,0.0,,,,,,,,,,,,
1768,2026-04-23T08:23:29.584Z,S20260423_092137,N/A,AUTO,,111.7072,0.0611,N/A,0,1500,VIDE,0.0,0.0,0.0,0.0,0.0,0.0,0,0,0.0,0.0,,,,,,,,,,,,
1769,2026-04-23T08:23:29.647Z,S20260423_092137,N/A,AUTO,,111.7704,0.0632,N/A,0,1500,VIDE,0.0,0.0,0.0,0.0,0.0,0.0,0,0,0.0,0.0,,,,,,,,,,,,
1770,2026-04-23T08:23:29.710Z,S20260423_092137,N/A,AUTO,,111.8333,0.0629,N/A,0,1500,VIDE,0.0,0.0,0.0,0.0,0.0,0.0,0,0,0.0,0.0,,,,,,,,,,,,
1771,2026-04-23T08:23:29.772Z,S20260423_092137,N/A,AUTO,,111.8961,0.0627,N/A,0,1500,VIDE,0.0,0.0,0.0,0.0,0.0,0.0,0,0,0.0,0.0,,,,,,,,,,,,
1772,2026-04-23T08:23:29.834Z,S20260423_092137,N/A,AUTO,,111.9581,0.062,N/A,0,1500,VIDE,0.0,0.0,0.0,0.0,0.0,0.0,0,0,0.0,0.0,,,,,,,,,,,,
1773,2026-04-23T08:23:29.896Z,S20260423_092137,N/A,AUTO,,112.0198,0.0618,N/A,0,1500,VIDE,0.0,0.0,0.0,0.0,0.0,0.0,0,0,0.0,0.0,,,,,,,,,,,,
1774,2026-04-23T08:23:29.964Z,S20260423_092137,N/A,AUTO,,112.0873,0.0675,N/A,0,1500,VIDE,0.0,0.0,0.0,0.0,0.0,0.0,0,0,0.0,0.0,,,,,,,,,,,,
1775,2026-04-23T08:23:30.024Z,S20260423_092137,N/A,AUTO,,112.1477,0.0604,N/A,0,1500,VIDE,0.0,0.0,0.0,0.0,0.0,0.0,0,0,0.0,0.0,,,,,,,,,,,,
1776,2026-04-23T08:23:30.084Z,S20260423_092137,N/A,AUTO,,112.2079,0.0602,N/A,0,1500,VIDE,0.0,0.0,0.0,0.0,0.0,0.0,0,0,0.0,0.0,,,,,,,,,,,,
1777,2026-04-23T08:23:30.147Z,S20260423_092137,N/A,AUTO,,112.2703,0.0624,N/A,0,1500,VIDE,0.0,0.0,0.0,0.0,0.0,0.0,0,0,0.0,0.0,,,,,,,,,,,,
1778,2026-04-23T08:23:30.210Z,S20260423_092137,N/A,AUTO,,112.3332,0.0629,N/A,0,1500,VIDE,0.0,0.0,0.0,0.0,0.0,0.0,0,0,0.0,0.0,,,,,,,,,,,,
1779,2026-04-23T08:23:30.274Z,S20260423_092137,N/A,AUTO,,112.398,0.0648,N/A,0,1500,VIDE,0.0,0.0,0.0,0.0,0.0,0.0,0,0,0.0,0.0,,,,,,,,,,,,
1780,2026-04-23T08:23:30.338Z,S20260423_092137,N/A,AUTO,,112.462,0.064,N/A,0,1500,VIDE,0.0,0.0,0.0,0.0,0.0,0.0,0,0,0.0,0.0,,,,,,,,,,,,
1781,2026-04-23T08:23:30.402Z,S20260423_092137,N/A,AUTO,,112.5259,0.0639,N/A,0,1500,VIDE,0.0,0.0,0.0,0.0,0.0,0.0,0,0,0.0,0.0,,,,,,,,,,,,
1782,2026-04-23T08:23:30.464Z,S20260423_092137,N/A,AUTO,,112.5878,0.0618,N/A,0,1500,VIDE,0.0,0.0,0.0,0.0,0.0,0.0,0,0,0.0,0.0,,,,,,,,,,,,
1783,2026-04-23T08:23:30.525Z,S20260423_092137,N/A,AUTO,,112.6482,0.0604,N/A,0,1500,VIDE,0.0,0.0,0.0,0.0,0.0,0.0,0,0,0.0,0.0,,,,,,,,,,,,
1784,2026-04-23T08:23:30.584Z,S20260423_092137,N/A,AUTO,,112.7075,0.0594,N/A,0,1500,VIDE,0.0,0.0,0.0,0.0,0.0,0.0,0,0,0.0,0.0,,,,,,,,,,,,
1785,2026-04-23T08:23:30.657Z,S20260423_092137,N/A,AUTO,,112.7805,0.073,N/A,0,1500,VIDE,0.0,0.0,0.0,0.0,0.0,0.0,0,0,0.0,0.0,,,,,,,,,,,,
1786,2026-04-23T08:23:30.719Z,S20260423_092137,N/A,AUTO,,112.843,0.0625,N/A,0,1500,VIDE,0.0,0.0,0.0,0.0,0.0,0.0,0,0,0.0,0.0,,,,,,,,,,,,
1787,2026-04-23T08:23:30.781Z,S20260423_092137,N/A,AUTO,,112.9051,0.0621,N/A,0,1500,VIDE,0.0,0.0,0.0,0.0,0.0,0.0,0,0,0.0,0.0,,,,,,,,,,,,
1788,2026-04-23T08:23:30.844Z,S20260423_092137,N/A,AUTO,,112.9677,0.0626,N/A,0,1500,VIDE,0.0,0.0,0.0,0.0,0.0,0.0,0,0,0.0,0.0,,,,,,,,,,,,
1789,2026-04-23T08:23:30.897Z,S20260423_092137,N/A,AUTO,,113.0203,0.0527,N/A,0,1500,VIDE,0.0,0.0,0.0,0.0,0.0,0.0,0,0,0.0,0.0,,,,,,,,,,,,
1790,2026-04-23T08:23:30.964Z,S20260423_092137,N/A,AUTO,,113.0875,0.0671,N/A,0,1500,VIDE,0.0,0.0,0.0,0.0,0.0,0.0,0,0,0.0,0.0,,,,,,,,,,,,
1791,2026-04-23T08:23:31.024Z,S20260423_092137,N/A,AUTO,,113.1472,0.0598,N/A,0,1500,VIDE,0.0,0.0,0.0,0.0,0.0,0.0,0,0,0.0,0.0,,,,,,,,,,,,
1792,2026-04-23T08:23:31.084Z,S20260423_092137,N/A,AUTO,,113.2075,0.0602,N/A,0,1500,VIDE,0.0,0.0,0.0,0.0,0.0,0.0,0,0,0.0,0.0,,,,,,,,,,,,
1793,2026-04-23T08:23:31.160Z,S20260423_092137,N/A,AUTO,,113.2836,0.0762,N/A,0,1500,VIDE,0.0,0.0,0.0,0.0,0.0,0.0,0,0,0.0,0.0,,,,,,,,,,,,
1794,2026-04-23T08:23:31.210Z,S20260423_092137,N/A,AUTO,,113.3339,0.0503,N/A,0,1500,VIDE,0.0,0.0,0.0,0.0,0.0,0.0,0,0,0.0,0.0,,,,,,,,,,,,
1795,2026-04-23T08:23:31.284Z,S20260423_092137,N/A,AUTO,,113.4077,0.0738,N/A,0,1500,VIDE,0.0,0.0,0.0,0.0,0.0,0.0,0,0,0.0,0.0,,,,,,,,,,,,
1796,2026-04-23T08:23:31.339Z,S20260423_092137,N/A,AUTO,,113.4629,0.0552,N/A,0,1500,VIDE,0.0,0.0,0.0,0.0,0.0,0.0,0,0,0.0,0.0,,,,,,,,,,,,
1797,2026-04-23T08:23:31.399Z,S20260423_092137,N/A,AUTO,,113.5226,0.0596,N/A,0,1500,VIDE,0.0,0.0,0.0,0.0,0.0,0.0,0,0,0.0,0.0,,,,,,,,,,,,
1798,2026-04-23T08:23:31.461Z,S20260423_092137,N/A,AUTO,,113.5842,0.0616,N/A,0,1500,VIDE,0.0,0.0,0.0,0.0,0.0,0.0,0,0,0.0,0.0,,,,,,,,,,,,
1799,2026-04-23T08:23:31.522Z,S20260423_092137,N/A,AUTO,,113.646,0.0618,N/A,0,1500,VIDE,0.0,0.0,0.0,0.0,0.0,0.0,0,0,0.0,0.0,,,,,,,,,,,,
1800,2026-04-23T08:23:31.584Z,S20260423_092137,N/A,AUTO,,113.7078,0.0619,N/A,0,1500,VIDE,0.0,0.0,0.0,0.0,0.0,0.0,0,0,0.0,0.0,,,,,,,,,,,,
1801,2026-04-23T08:23:31.649Z,S20260423_092137,N/A,AUTO,,113.7725,0.0646,N/A,0,1500,VIDE,0.0,0.0,0.0,0.0,0.0,0.0,0,0,0.0,0.0,,,,,,,,,,,,
1802,2026-04-23T08:23:31.710Z,S20260423_092137,N/A,AUTO,,113.8338,0.0613,N/A,0,1500,VIDE,0.0,0.0,0.0,0.0,0.0,0.0,0,0,0.0,0.0,,,,,,,,,,,,
1803,2026-04-23T08:23:31.773Z,S20260423_092137,N/A,AUTO,,113.8967,0.0628,N/A,0,1500,VIDE,0.0,0.0,0.0,0.0,0.0,0.0,0,0,0.0,0.0,,,,,,,,,,,,
1804,2026-04-23T08:23:31.835Z,S20260423_092137,N/A,AUTO,,113.9583,0.0617,N/A,0,1500,VIDE,0.0,0.0,0.0,0.0,0.0,0.0,0,0,0.0,0.0,,,,,,,,,,,,
1805,2026-04-23T08:23:31.899Z,S20260423_092137,N/A,AUTO,,114.0225,0.0641,N/A,0,1500,VIDE,0.0,0.0,0.0,0.0,0.0,0.0,0,0,0.0,0.0,,,,,,,,,,,,
1806,2026-04-23T08:23:31.960Z,S20260423_092137,N/A,AUTO,,114.0834,0.061,N/A,0,1500,VIDE,0.0,0.0,0.0,0.0,0.0,0.0,0,0,0.0,0.0,,,,,,,,,,,,
1807,2026-04-23T08:23:32.024Z,S20260423_092137,N/A,AUTO,,114.1479,0.0644,N/A,0,1500,VIDE,0.0,0.0,0.0,0.0,0.0,0.0,0,0,0.0,0.0,,,,,,,,,,,,
1808,2026-04-23T08:23:32.084Z,S20260423_092137,N/A,AUTO,,114.2076,0.0597,N/A,0,1500,VIDE,0.0,0.0,0.0,0.0,0.0,0.0,0,0,0.0,0.0,,,,,,,,,,,,
1809,2026-04-23T08:23:32.146Z,S20260423_092137,N/A,AUTO,,114.2701,0.0625,N/A,0,1500,VIDE,0.0,0.0,0.0,0.0,0.0,0.0,0,0,0.0,0.0,,,,,,,,,,,,
1810,2026-04-23T08:23:32.211Z,S20260423_092137,N/A,AUTO,,114.3343,0.0641,N/A,0,1500,VIDE,0.0,0.0,0.0,0.0,0.0,0.0,0,0,0.0,0.0,,,,,,,,,,,,
1811,2026-04-23T08:23:32.275Z,S20260423_092137,N/A,AUTO,,114.3984,0.0642,N/A,0,1500,VIDE,0.0,0.0,0.0,0.0,0.0,0.0,0,0,0.0,0.0,,,,,,,,,,,,
1812,2026-04-23T08:23:32.338Z,S20260423_092137,N/A,AUTO,,114.462,0.0636,N/A,0,1500,VIDE,0.0,0.0,0.0,0.0,0.0,0.0,0,0,0.0,0.0,,,,,,,,,,,,
1813,2026-04-23T08:23:32.404Z,S20260423_092137,N/A,AUTO,,114.5272,0.0652,N/A,0,1500,VIDE,0.0,0.0,0.0,0.0,0.0,0.0,0,0,0.0,0.0,,,,,,,,,,,,
1814,2026-04-23T08:23:32.464Z,S20260423_092137,N/A,AUTO,,114.5881,0.0609,N/A,0,1500,VIDE,0.0,0.0,0.0,0.0,0.0,0.0,0,0,0.0,0.0,,,,,,,,,,,,
1815,2026-04-23T08:23:32.522Z,S20260423_092137,N/A,AUTO,,114.646,0.058,N/A,0,1500,VIDE,0.0,0.0,0.0,0.0,0.0,0.0,0,0,0.0,0.0,,,,,,,,,,,,
1816,2026-04-23T08:23:32.585Z,S20260423_092137,N/A,AUTO,,114.7084,0.0623,N/A,0,1500,VIDE,0.0,0.0,0.0,0.0,0.0,0.0,0,0,0.0,0.0,,,,,,,,,,,,
1817,2026-04-23T08:23:32.655Z,S20260423_092137,N/A,AUTO,,114.7784,0.0701,N/A,0,1500,VIDE,0.0,0.0,0.0,0.0,0.0,0.0,0,0,0.0,0.0,,,,,,,,,,,,
1818,2026-04-23T08:23:32.718Z,S20260423_092137,N/A,AUTO,,114.842,0.0636,N/A,0,1500,VIDE,0.0,0.0,0.0,0.0,0.0,0.0,0,0,0.0,0.0,,,,,,,,,,,,
1819,2026-04-23T08:23:32.778Z,S20260423_092137,N/A,AUTO,,114.9019,0.0599,N/A,0,1500,VIDE,0.0,0.0,0.0,0.0,0.0,0.0,0,0,0.0,0.0,,,,,,,,,,,,
1820,2026-04-23T08:23:32.835Z,S20260423_092137,N/A,AUTO,,114.9586,0.0567,N/A,0,1500,VIDE,0.0,0.0,0.0,0.0,0.0,0.0,0,0,0.0,0.0,,,,,,,,,,,,
1821,2026-04-23T08:23:32.898Z,S20260423_092137,N/A,AUTO,,115.0221,0.0635,N/A,0,1500,VIDE,0.0,0.0,0.0,0.0,0.0,0.0,0,0,0.0,0.0,,,,,,,,,,,,
1822,2026-04-23T08:23:32.958Z,S20260423_092137,N/A,AUTO,,115.0821,0.06,N/A,0,1500,VIDE,0.0,0.0,0.0,0.0,0.0,0.0,0,0,0.0,0.0,,,,,,,,,,,,
1823,2026-04-23T08:23:33.024Z,S20260423_092137,N/A,AUTO,,115.1474,0.0653,N/A,0,1500,VIDE,0.0,0.0,0.0,0.0,0.0,0.0,0,0,0.0,0.0,,,,,,,,,,,,
1824,2026-04-23T08:23:33.084Z,S20260423_092137,N/A,AUTO,,115.2074,0.0599,N/A,0,1500,VIDE,0.0,0.0,0.0,0.0,0.0,0.0,0,0,0.0,0.0,,,,,,,,,,,,
1825,2026-04-23T08:23:33.147Z,S20260423_092137,N/A,AUTO,,115.2703,0.063,N/A,0,1500,VIDE,0.0,0.0,0.0,0.0,0.0,0.0,0,0,0.0,0.0,,,,,,,,,,,,
1826,2026-04-23T08:23:33.211Z,S20260423_092137,N/A,AUTO,,115.3342,0.0639,N/A,0,1500,VIDE,0.0,0.0,0.0,0.0,0.0,0.0,0,0,0.0,0.0,,,,,,,,,,,,
1827,2026-04-23T08:23:33.275Z,S20260423_092137,N/A,AUTO,,115.3982,0.0639,N/A,0,1500,VIDE,0.0,0.0,0.0,0.0,0.0,0.0,0,0,0.0,0.0,,,,,,,,,,,,
1828,2026-04-23T08:23:33.338Z,S20260423_092137,N/A,AUTO,,115.462,0.0639,N/A,0,1500,VIDE,0.0,0.0,0.0,0.0,0.0,0.0,0,0,0.0,0.0,,,,,,,,,,,,
1829,2026-04-23T08:23:33.402Z,S20260423_092137,N/A,AUTO,,115.526,0.0639,N/A,0,1500,VIDE,0.0,0.0,0.0,0.0,0.0,0.0,0,0,0.0,0.0,,,,,,,,,,,,
1830,2026-04-23T08:23:33.460Z,S20260423_092137,N/A,AUTO,,115.5834,0.0574,N/A,0,1500,VIDE,0.0,0.0,0.0,0.0,0.0,0.0,0,0,0.0,0.0,,,,,,,,,,,,
1831,2026-04-23T08:23:33.522Z,S20260423_092137,N/A,AUTO,,115.6456,0.0622,N/A,0,1500,VIDE,0.0,0.0,0.0,0.0,0.0,0.0,0,0,0.0,0.0,,,,,,,,,,,,
1832,2026-04-23T08:23:33.584Z,S20260423_092137,N/A,AUTO,,115.7081,0.0625,N/A,0,1500,VIDE,0.0,0.0,0.0,0.0,0.0,0.0,0,0,0.0,0.0,,,,,,,,,,,,
1833,2026-04-23T08:23:33.651Z,S20260423_092137,N/A,AUTO,,115.7742,0.0661,N/A,0,1500,VIDE,0.0,0.0,0.0,0.0,0.0,0.0,0,0,0.0,0.0,,,,,,,,,,,,
1834,2026-04-23T08:23:33.710Z,S20260423_092137,N/A,AUTO,,115.834,0.0598,N/A,0,1500,VIDE,0.0,0.0,0.0,0.0,0.0,0.0,0,0,0.0,0.0,,,,,,,,,,,,
1835,2026-04-23T08:23:33.774Z,S20260423_092137,N/A,AUTO,,115.8973,0.0633,N/A,0,1500,VIDE,0.0,0.0,0.0,0.0,0.0,0.0,0,0,0.0,0.0,,,,,,,,,,,,
1836,2026-04-23T08:23:33.842Z,S20260423_092137,N/A,AUTO,,115.9656,0.0683,N/A,0,1500,VIDE,0.0,0.0,0.0,0.0,0.0,0.0,0,0,0.0,0.0,,,,,,,,,,,,
1837,2026-04-23T08:23:33.898Z,S20260423_092137,N/A,AUTO,,116.0221,0.0565,N/A,0,1500,VIDE,0.0,0.0,0.0,0.0,0.0,0.0,0,0,0.0,0.0,,,,,,,,,,,,
1838,2026-04-23T08:23:33.963Z,S20260423_092137,N/A,AUTO,,116.0862,0.0641,N/A,0,1500,VIDE,0.0,0.0,0.0,0.0,0.0,0.0,0,0,0.0,0.0,,,,,,,,,,,,
1839,2026-04-23T08:23:34.024Z,S20260423_092137,N/A,AUTO,,116.1479,0.0617,N/A,0,1500,VIDE,0.0,0.0,0.0,0.0,0.0,0.0,0,0,0.0,0.0,,,,,,,,,,,,
1840,2026-04-23T08:23:34.083Z,S20260423_092137,N/A,AUTO,,116.207,0.0591,N/A,0,1500,VIDE,0.0,0.0,0.0,0.0,0.0,0.0,0,0,0.0,0.0,,,,,,,,,,,,
1841,2026-04-23T08:23:34.155Z,S20260423_092137,N/A,AUTO,,116.2787,0.0718,N/A,0,1500,VIDE,0.0,0.0,0.0,0.0,0.0,0.0,0,0,0.0,0.0,,,,,,,,,,,,
1842,2026-04-23T08:23:34.216Z,S20260423_092137,N/A,AUTO,,116.3401,0.0614,N/A,0,1500,VIDE,0.0,0.0,0.0,0.0,0.0,0.0,0,0,0.0,0.0,,,,,,,,,,,,
1843,2026-04-23T08:23:34.277Z,S20260423_092137,N/A,AUTO,,116.401,0.0608,N/A,0,1500,VIDE,0.0,0.0,0.0,0.0,0.0,0.0,0,0,0.0,0.0,,,,,,,,,,,,
1844,2026-04-23T08:23:34.337Z,S20260423_092137,N/A,AUTO,,116.4604,0.0595,N/A,0,1500,VIDE,0.0,0.0,0.0,0.0,0.0,0.0,0,0,0.0,0.0,,,,,,,,,,,,
1845,2026-04-23T08:23:34.398Z,S20260423_092137,N/A,AUTO,,116.522,0.0615,N/A,0,1500,VIDE,0.0,0.0,0.0,0.0,0.0,0.0,0,0,0.0,0.0,,,,,,,,,,,,
1846,2026-04-23T08:23:34.464Z,S20260423_092137,N/A,AUTO,,116.5879,0.0659,N/A,0,1500,VIDE,0.0,0.0,0.0,0.0,0.0,0.0,0,0,0.0,0.0,,,,,,,,,,,,
1847,2026-04-23T08:23:34.522Z,S20260423_092137,N/A,AUTO,,116.6456,0.0577,N/A,0,1500,VIDE,0.0,0.0,0.0,0.0,0.0,0.0,0,0,0.0,0.0,,,,,,,,,,,,
1848,2026-04-23T08:23:34.584Z,S20260423_092137,N/A,AUTO,,116.7072,0.0616,N/A,0,1500,VIDE,0.0,0.0,0.0,0.0,0.0,0.0,0,0,0.0,0.0,,,,,,,,,,,,
1849,2026-04-23T08:23:34.648Z,S20260423_092137,N/A,AUTO,,116.7715,0.0643,N/A,0,1500,VIDE,0.0,0.0,0.0,0.0,0.0,0.0,0,0,0.0,0.0,,,,,,,,,,,,
1850,2026-04-23T08:23:34.712Z,S20260423_092137,N/A,AUTO,,116.8354,0.0639,N/A,0,1500,VIDE,0.0,0.0,0.0,0.0,0.0,0.0,0,0,0.0,0.0,,,,,,,,,,,,
1851,2026-04-23T08:23:34.775Z,S20260423_092137,N/A,AUTO,,116.8989,0.0635,N/A,0,1500,VIDE,0.0,0.0,0.0,0.0,0.0,0.0,0,0,0.0,0.0,,,,,,,,,,,,
1852,2026-04-23T08:23:34.837Z,S20260423_092137,N/A,AUTO,,116.9608,0.062,N/A,0,1500,VIDE,0.0,0.0,0.0,0.0,0.0,0.0,0,0,0.0,0.0,,,,,,,,,,,,
1853,2026-04-23T08:23:34.899Z,S20260423_092137,N/A,AUTO,,117.0224,0.0615,N/A,0,1500,VIDE,0.0,0.0,0.0,0.0,0.0,0.0,0,0,0.0,0.0,,,,,,,,,,,,
1854,2026-04-23T08:23:34.961Z,S20260423_092137,N/A,AUTO,,117.0851,0.0626,N/A,0,1500,VIDE,0.0,0.0,0.0,0.0,0.0,0.0,0,0,0.0,0.0,,,,,,,,,,,,
1855,2026-04-23T08:23:35.023Z,S20260423_092137,N/A,AUTO,,117.1462,0.0612,N/A,0,1500,VIDE,0.0,0.0,0.0,0.0,0.0,0.0,0,0,0.0,0.0,,,,,,,,,,,,
1856,2026-04-23T08:23:35.084Z,S20260423_092137,N/A,AUTO,,117.2072,0.061,N/A,0,1500,VIDE,0.0,0.0,0.0,0.0,0.0,0.0,0,0,0.0,0.0,,,,,,,,,,,,
1857,2026-04-23T08:23:35.147Z,S20260423_092137,N/A,AUTO,,117.2705,0.0633,N/A,0,1500,VIDE,0.0,0.0,0.0,0.0,0.0,0.0,0,0,0.0,0.0,,,,,,,,,,,,
1858,2026-04-23T08:23:35.209Z,S20260423_092137,N/A,AUTO,,117.3325,0.062,N/A,0,1500,VIDE,0.0,0.0,0.0,0.0,0.0,0.0,0,0,0.0,0.0,,,,,,,,,,,,
1859,2026-04-23T08:23:35.272Z,S20260423_092137,N/A,AUTO,,117.3953,0.0628,N/A,0,1500,VIDE,0.0,0.0,0.0,0.0,0.0,0.0,0,0,0.0,0.0,,,,,,,,,,,,
1860,2026-04-23T08:23:35.334Z,S20260423_092137,N/A,AUTO,,117.458,0.0627,N/A,0,1500,VIDE,0.0,0.0,0.0,0.0,0.0,0.0,0,0,0.0,0.0,,,,,,,,,,,,
1861,2026-04-23T08:23:35.397Z,S20260423_092137,N/A,AUTO,,117.521,0.063,N/A,0,1500,VIDE,0.0,0.0,0.0,0.0,0.0,0.0,0,0,0.0,0.0,,,,,,,,,,,,
1862,2026-04-23T08:23:35.459Z,S20260423_092137,N/A,AUTO,,117.5828,0.0618,N/A,0,1500,VIDE,0.0,0.0,0.0,0.0,0.0,0.0,0,0,0.0,0.0,,,,,,,,,,,,
1863,2026-04-23T08:23:35.524Z,S20260423_092137,N/A,AUTO,,117.6475,0.0647,N/A,0,1500,VIDE,0.0,0.0,0.0,0.0,0.0,0.0,0,0,0.0,0.0,,,,,,,,,,,,
1864,2026-04-23T08:23:35.585Z,S20260423_092137,N/A,AUTO,,117.709,0.0615,N/A,0,1500,VIDE,0.0,0.0,0.0,0.0,0.0,0.0,0,0,0.0,0.0,,,,,,,,,,,,
1865,2026-04-23T08:23:35.647Z,S20260423_092137,N/A,AUTO,,117.7707,0.0617,N/A,0,1500,VIDE,0.0,0.0,0.0,0.0,0.0,0.0,0,0,0.0,0.0,,,,,,,,,,,,
1866,2026-04-23T08:23:35.709Z,S20260423_092137,N/A,AUTO,,117.8324,0.0617,N/A,0,1500,VIDE,0.0,0.0,0.0,0.0,0.0,0.0,0,0,0.0,0.0,,,,,,,,,,,,
1867,2026-04-23T08:23:35.784Z,S20260423_092137,N/A,AUTO,,117.9079,0.0756,N/A,0,1500,VIDE,0.0,0.0,0.0,0.0,0.0,0.0,0,0,0.0,0.0,,,,,,,,,,,,
1868,2026-04-23T08:23:35.844Z,S20260423_092137,N/A,AUTO,,117.9673,0.0594,N/A,0,1500,VIDE,0.0,0.0,0.0,0.0,0.0,0.0,0,0,0.0,0.0,,,,,,,,,,,,
1869,2026-04-23T08:23:35.904Z,S20260423_092137,N/A,AUTO,,118.0279,0.0606,N/A,0,1500,VIDE,0.0,0.0,0.0,0.0,0.0,0.0,0,0,0.0,0.0,,,,,,,,,,,,
1870,2026-04-23T08:23:35.959Z,S20260423_092137,N/A,AUTO,,118.0823,0.0544,N/A,0,1500,VIDE,0.0,0.0,0.0,0.0,0.0,0.0,0,0,0.0,0.0,,,,,,,,,,,,
1871,2026-04-23T08:23:36.024Z,S20260423_092137,N/A,AUTO,,118.1473,0.065,N/A,0,1500,VIDE,0.0,0.0,0.0,0.0,0.0,0.0,0,0,0.0,0.0,,,,,,,,,,,,
1872,2026-04-23T08:23:36.084Z,S20260423_092137,N/A,AUTO,,118.2072,0.0599,N/A,0,1500,VIDE,0.0,0.0,0.0,0.0,0.0,0.0,0,0,0.0,0.0,,,,,,,,,,,,
1873,2026-04-23T08:23:36.160Z,S20260423_092137,N/A,AUTO,,118.2834,0.0761,N/A,0,1500,VIDE,0.0,0.0,0.0,0.0,0.0,0.0,0,0,0.0,0.0,,,,,,,,,,,,
1874,2026-04-23T08:23:36.222Z,S20260423_092137,N/A,AUTO,,118.3452,0.0619,N/A,0,1500,VIDE,0.0,0.0,0.0,0.0,0.0,0.0,0,0,0.0,0.0,,,,,,,,,,,,
1875,2026-04-23T08:23:36.275Z,S20260423_092137,N/A,AUTO,,118.3985,0.0533,N/A,0,1500,VIDE,0.0,0.0,0.0,0.0,0.0,0.0,0,0,0.0,0.0,,,,,,,,,,,,
1876,2026-04-23T08:23:36.343Z,S20260423_092137,N/A,AUTO,,118.4671,0.0686,N/A,0,1500,VIDE,0.0,0.0,0.0,0.0,0.0,0.0,0,0,0.0,0.0,,,,,,,,,,,,
1877,2026-04-23T08:23:36.403Z,S20260423_092137,N/A,AUTO,,118.5271,0.06,N/A,0,1500,VIDE,0.0,0.0,0.0,0.0,0.0,0.0,0,0,0.0,0.0,,,,,,,,,,,,
1878,2026-04-23T08:23:36.464Z,S20260423_092137,N/A,AUTO,,118.5873,0.0602,N/A,0,1500,VIDE,0.0,0.0,0.0,0.0,0.0,0.0,0,0,0.0,0.0,,,,,,,,,,,,
1879,2026-04-23T08:23:36.524Z,S20260423_092137,N/A,AUTO,,118.6472,0.0599,N/A,0,1500,VIDE,0.0,0.0,0.0,0.0,0.0,0.0,0,0,0.0,0.0,,,,,,,,,,,,
1880,2026-04-23T08:23:36.584Z,S20260423_092137,N/A,AUTO,,118.7073,0.0601,N/A,0,1500,VIDE,0.0,0.0,0.0,0.0,0.0,0.0,0,0,0.0,0.0,,,,,,,,,,,,
1881,2026-04-23T08:23:36.656Z,S20260423_092137,N/A,AUTO,,118.7799,0.0726,N/A,0,1500,VIDE,0.0,0.0,0.0,0.0,0.0,0.0,0,0,0.0,0.0,,,,,,,,,,,,
1882,2026-04-23T08:23:36.710Z,S20260423_092137,N/A,AUTO,,118.8334,0.0534,N/A,0,1500,VIDE,0.0,0.0,0.0,0.0,0.0,0.0,0,0,0.0,0.0,,,,,,,,,,,,
1883,2026-04-23T08:23:36.780Z,S20260423_092137,N/A,AUTO,,118.9041,0.0708,N/A,0,1500,VIDE,0.0,0.0,0.0,0.0,0.0,0.0,0,0,0.0,0.0,,,,,,,,,,,,
1884,2026-04-23T08:23:36.843Z,S20260423_092137,N/A,AUTO,,118.9671,0.063,N/A,0,1500,VIDE,0.0,0.0,0.0,0.0,0.0,0.0,0,0,0.0,0.0,,,,,,,,,,,,
1885,2026-04-23T08:23:36.903Z,S20260423_092137,N/A,AUTO,,119.027,0.0599,N/A,0,1500,VIDE,0.0,0.0,0.0,0.0,0.0,0.0,0,0,0.0,0.0,,,,,,,,,,,,
1886,2026-04-23T08:23:36.964Z,S20260423_092137,N/A,AUTO,,119.0879,0.0608,N/A,0,1500,VIDE,0.0,0.0,0.0,0.0,0.0,0.0,0,0,0.0,0.0,,,,,,,,,,,,
1887,2026-04-23T08:23:37.024Z,S20260423_092137,N/A,AUTO,,119.1476,0.0598,N/A,0,1500,VIDE,0.0,0.0,0.0,0.0,0.0,0.0,0,0,0.0,0.0,,,,,,,,,,,,
1888,2026-04-23T08:23:37.084Z,S20260423_092137,N/A,AUTO,,119.2072,0.0596,N/A,0,1500,VIDE,0.0,0.0,0.0,0.0,0.0,0.0,0,0,0.0,0.0,,,,,,,,,,,,
1889,2026-04-23T08:23:37.154Z,S20260423_092137,N/A,AUTO,,119.2777,0.0705,N/A,0,1500,VIDE,0.0,0.0,0.0,0.0,0.0,0.0,0,0,0.0,0.0,,,,,,,,,,,,
1890,2026-04-23T08:23:37.215Z,S20260423_092137,N/A,AUTO,,119.3386,0.0608,N/A,0,1500,VIDE,0.0,0.0,0.0,0.0,0.0,0.0,0,0,0.0,0.0,,,,,,,,,,,,
1891,2026-04-23T08:23:37.275Z,S20260423_092137,N/A,AUTO,,119.3985,0.06,N/A,0,1500,VIDE,0.0,0.0,0.0,0.0,0.0,0.0,0,0,0.0,0.0,,,,,,,,,,,,
1892,2026-04-23T08:23:37.338Z,S20260423_092137,N/A,AUTO,,119.4621,0.0636,N/A,0,1500,VIDE,0.0,0.0,0.0,0.0,0.0,0.0,0,0,0.0,0.0,,,,,,,,,,,,
1893,2026-04-23T08:23:37.403Z,S20260423_092137,N/A,AUTO,,119.5262,0.0641,N/A,0,1500,VIDE,0.0,0.0,0.0,0.0,0.0,0.0,0,0,0.0,0.0,,,,,,,,,,,,
1894,2026-04-23T08:23:37.464Z,S20260423_092137,N/A,AUTO,,119.5877,0.0615,N/A,0,1500,VIDE,0.0,0.0,0.0,0.0,0.0,0.0,0,0,0.0,0.0,,,,,,,,,,,,
1895,2026-04-23T08:23:37.522Z,S20260423_092137,N/A,AUTO,,119.646,0.0583,N/A,0,1500,VIDE,0.0,0.0,0.0,0.0,0.0,0.0,0,0,0.0,0.0,,,,,,,,,,,,
1896,2026-04-23T08:23:37.583Z,S20260423_092137,N/A,AUTO,,119.7068,0.0608,N/A,0,1500,VIDE,0.0,0.0,0.0,0.0,0.0,0.0,0,0,0.0,0.0,,,,,,,,,,,,
1897,2026-04-23T08:23:37.653Z,S20260423_092137,N/A,AUTO,,119.7767,0.0699,N/A,0,1500,VIDE,0.0,0.0,0.0,0.0,0.0,0.0,0,0,0.0,0.0,,,,,,,,,,,,
1898,2026-04-23T08:23:37.715Z,S20260423_092137,N/A,AUTO,,119.8383,0.0615,N/A,0,1500,VIDE,0.0,0.0,0.0,0.0,0.0,0.0,0,0,0.0,0.0,,,,,,,,,,,,
1899,2026-04-23T08:23:37.777Z,S20260423_092137,N/A,AUTO,,119.9011,0.0628,N/A,0,1500,VIDE,0.0,0.0,0.0,0.0,0.0,0.0,0,0,0.0,0.0,,,,,,,,,,,,
1900,2026-04-23T08:23:37.839Z,S20260423_092137,N/A,AUTO,,119.9631,0.062,N/A,0,1500,VIDE,0.0,0.0,0.0,0.0,0.0,0.0,0,0,0.0,0.0,,,,,,,,,,,,
1901,2026-04-23T08:23:37.898Z,S20260423_092137,N/A,AUTO,,120.0221,0.059,N/A,0,1500,VIDE,0.0,0.0,0.0,0.0,0.0,0.0,0,0,0.0,0.0,,,,,,,,,,,,
1902,2026-04-23T08:23:37.963Z,S20260423_092137,N/A,AUTO,,120.0863,0.0643,N/A,0,1500,VIDE,0.0,0.0,0.0,0.0,0.0,0.0,0,0,0.0,0.0,,,,,,,,,,,,
1903,2026-04-23T08:23:38.024Z,S20260423_092137,N/A,AUTO,,120.1472,0.0608,N/A,0,1500,VIDE,0.0,0.0,0.0,0.0,0.0,0.0,0,0,0.0,0.0,,,,,,,,,,,,
1904,2026-04-23T08:23:38.084Z,S20260423_092137,N/A,AUTO,,120.2073,0.0601,N/A,0,1500,VIDE,0.0,0.0,0.0,0.0,0.0,0.0,0,0,0.0,0.0,,,,,,,,,,,,
1905,2026-04-23T08:23:38.147Z,S20260423_092137,N/A,AUTO,,120.2704,0.0631,N/A,0,1500,VIDE,0.0,0.0,0.0,0.0,0.0,0.0,0,0,0.0,0.0,,,,,,,,,,,,
1906,2026-04-23T08:23:38.211Z,S20260423_092137,N/A,AUTO,,120.3344,0.064,N/A,0,1500,VIDE,0.0,0.0,0.0,0.0,0.0,0.0,0,0,0.0,0.0,,,,,,,,,,,,
1907,2026-04-23T08:23:38.275Z,S20260423_092137,N/A,AUTO,,120.3982,0.0638,N/A,0,1500,VIDE,0.0,0.0,0.0,0.0,0.0,0.0,0,0,0.0,0.0,,,,,,,,,,,,
1908,2026-04-23T08:23:38.338Z,S20260423_092137,N/A,AUTO,,120.4621,0.0638,N/A,0,1500,VIDE,0.0,0.0,0.0,0.0,0.0,0.0,0,0,0.0,0.0,,,,,,,,,,,,
1909,2026-04-23T08:23:38.403Z,S20260423_092137,N/A,AUTO,,120.5264,0.0644,N/A,0,1500,VIDE,0.0,0.0,0.0,0.0,0.0,0.0,0,0,0.0,0.0,,,,,,,,,,,,
1910,2026-04-23T08:23:38.464Z,S20260423_092137,N/A,AUTO,,120.5873,0.0609,N/A,0,1500,VIDE,0.0,0.0,0.0,0.0,0.0,0.0,0,0,0.0,0.0,,,,,,,,,,,,
1911,2026-04-23T08:23:38.524Z,S20260423_092137,N/A,AUTO,,120.6474,0.0601,N/A,0,1500,VIDE,0.0,0.0,0.0,0.0,0.0,0.0,0,0,0.0,0.0,,,,,,,,,,,,
1912,2026-04-23T08:23:38.584Z,S20260423_092137,N/A,AUTO,,120.7074,0.06,N/A,0,1500,VIDE,0.0,0.0,0.0,0.0,0.0,0.0,0,0,0.0,0.0,,,,,,,,,,,,
1913,2026-04-23T08:23:38.653Z,S20260423_092137,N/A,AUTO,,120.7769,0.0695,N/A,0,1500,VIDE,0.0,0.0,0.0,0.0,0.0,0.0,0,0,0.0,0.0,,,,,,,,,,,,
1914,2026-04-23T08:23:38.715Z,S20260423_092137,N/A,AUTO,,120.8383,0.0614,N/A,0,1500,VIDE,0.0,0.0,0.0,0.0,0.0,0.0,0,0,0.0,0.0,,,,,,,,,,,,
1915,2026-04-23T08:23:38.776Z,S20260423_092137,N/A,AUTO,,120.8999,0.0617,N/A,0,1500,VIDE,0.0,0.0,0.0,0.0,0.0,0.0,0,0,0.0,0.0,,,,,,,,,,,,
1916,2026-04-23T08:23:38.839Z,S20260423_092137,N/A,AUTO,,120.9622,0.0623,N/A,0,1500,VIDE,0.0,0.0,0.0,0.0,0.0,0.0,0,0,0.0,0.0,,,,,,,,,,,,
1917,2026-04-23T08:23:38.901Z,S20260423_092137,N/A,AUTO,,121.0249,0.0627,N/A,0,1500,VIDE,0.0,0.0,0.0,0.0,0.0,0.0,0,0,0.0,0.0,,,,,,,,,,,,
1918,2026-04-23T08:23:38.963Z,S20260423_092137,N/A,AUTO,,121.087,0.0621,N/A,0,1500,VIDE,0.0,0.0,0.0,0.0,0.0,0.0,0,0,0.0,0.0,,,,,,,,,,,,
1919,2026-04-23T08:23:39.023Z,S20260423_092137,N/A,AUTO,,121.147,0.0601,N/A,0,1500,VIDE,0.0,0.0,0.0,0.0,0.0,0.0,0,0,0.0,0.0,,,,,,,,,,,,
1920,2026-04-23T08:23:39.083Z,S20260423_092137,N/A,AUTO,,121.207,0.06,N/A,0,1500,VIDE,0.0,0.0,0.0,0.0,0.0,0.0,0,0,0.0,0.0,,,,,,,,,,,,
1921,2026-04-23T08:23:39.153Z,S20260423_092137,N/A,AUTO,,121.2764,0.0694,N/A,0,1500,VIDE,0.0,0.0,0.0,0.0,0.0,0.0,0,0,0.0,0.0,,,,,,,,,,,,
1922,2026-04-23T08:23:39.217Z,S20260423_092137,N/A,AUTO,,121.3404,0.064,N/A,0,1500,VIDE,0.0,0.0,0.0,0.0,0.0,0.0,0,0,0.0,0.0,,,,,,,,,,,,
1923,2026-04-23T08:23:39.278Z,S20260423_092137,N/A,AUTO,,121.4014,0.061,N/A,0,1500,VIDE,0.0,0.0,0.0,0.0,0.0,0.0,0,0,0.0,0.0,,,,,,,,,,,,
1924,2026-04-23T08:23:39.340Z,S20260423_092137,N/A,AUTO,,121.464,0.0626,N/A,0,1500,VIDE,0.0,0.0,0.0,0.0,0.0,0.0,0,0,0.0,0.0,,,,,,,,,,,,
1925,2026-04-23T08:23:39.404Z,S20260423_092137,N/A,AUTO,,121.5279,0.0639,N/A,0,1500,VIDE,0.0,0.0,0.0,0.0,0.0,0.0,0,0,0.0,0.0,,,,,,,,,,,,
1926,2026-04-23T08:23:39.464Z,S20260423_092137,N/A,AUTO,,121.588,0.0601,N/A,0,1500,VIDE,0.0,0.0,0.0,0.0,0.0,0.0,0,0,0.0,0.0,,,,,,,,,,,,
1927,2026-04-23T08:23:39.524Z,S20260423_092137,N/A,AUTO,,121.6474,0.0594,N/A,0,1500,VIDE,0.0,0.0,0.0,0.0,0.0,0.0,0,0,0.0,0.0,,,,,,,,,,,,
1928,2026-04-23T08:23:39.584Z,S20260423_092137,N/A,AUTO,,121.7073,0.0599,N/A,0,1500,VIDE,0.0,0.0,0.0,0.0,0.0,0.0,0,0,0.0,0.0,,,,,,,,,,,,
1929,2026-04-23T08:23:39.654Z,S20260423_092137,N/A,AUTO,,121.7781,0.0708,N/A,0,1500,VIDE,0.0,0.0,0.0,0.0,0.0,0.0,0,0,0.0,0.0,,,,,,,,,,,,
1930,2026-04-23T08:23:39.715Z,S20260423_092137,N/A,AUTO,,121.839,0.0609,N/A,0,1500,VIDE,0.0,0.0,0.0,0.0,0.0,0.0,0,0,0.0,0.0,,,,,,,,,,,,
1931,2026-04-23T08:23:39.778Z,S20260423_092137,N/A,AUTO,,121.9012,0.0622,N/A,0,1500,VIDE,0.0,0.0,0.0,0.0,0.0,0.0,0,0,0.0,0.0,,,,,,,,,,,,
1932,2026-04-23T08:23:39.840Z,S20260423_092137,N/A,AUTO,,121.964,0.0629,N/A,0,1500,VIDE,0.0,0.0,0.0,0.0,0.0,0.0,0,0,0.0,0.0,,,,,,,,,,,,
1933,2026-04-23T08:23:39.902Z,S20260423_092137,N/A,AUTO,,122.0261,0.0621,N/A,0,1500,VIDE,0.0,0.0,0.0,0.0,0.0,0.0,0,0,0.0,0.0,,,,,,,,,,,,
1934,2026-04-23T08:23:39.964Z,S20260423_092137,N/A,AUTO,,122.0871,0.061,N/A,0,1500,VIDE,0.0,0.0,0.0,0.0,0.0,0.0,0,0,0.0,0.0,,,,,,,,,,,,
1935,2026-04-23T08:23:40.022Z,S20260423_092137,N/A,AUTO,,122.1452,0.058,N/A,0,1500,VIDE,0.0,0.0,0.0,0.0,0.0,0.0,0,0,0.0,0.0,,,,,,,,,,,,
1936,2026-04-23T08:23:40.083Z,S20260423_092137,N/A,AUTO,,122.207,0.0618,N/A,0,1500,VIDE,0.0,0.0,0.0,0.0,0.0,0.0,0,0,0.0,0.0,,,,,,,,,,,,
1937,2026-04-23T08:23:40.155Z,S20260423_092137,N/A,AUTO,,122.279,0.072,N/A,0,1500,VIDE,0.0,0.0,0.0,0.0,0.0,0.0,0,0,0.0,0.0,,,,,,,,,,,,
1938,2026-04-23T08:23:40.218Z,S20260423_092137,N/A,AUTO,,122.3416,0.0626,N/A,0,1500,VIDE,0.0,0.0,0.0,0.0,0.0,0.0,0,0,0.0,0.0,,,,,,,,,,,,
1939,2026-04-23T08:23:40.279Z,S20260423_092137,N/A,AUTO,,122.4028,0.0612,N/A,0,1500,VIDE,0.0,0.0,0.0,0.0,0.0,0.0,0,0,0.0,0.0,,,,,,,,,,,,
1940,2026-04-23T08:23:40.340Z,S20260423_092137,N/A,AUTO,,122.464,0.0612,N/A,0,1500,VIDE,0.0,0.0,0.0,0.0,0.0,0.0,0,0,0.0,0.0,,,,,,,,,,,,
1941,2026-04-23T08:23:40.402Z,S20260423_092137,N/A,AUTO,,122.5258,0.0618,N/A,0,1500,VIDE,0.0,0.0,0.0,0.0,0.0,0.0,0,0,0.0,0.0,,,,,,,,,,,,
1942,2026-04-23T08:23:40.464Z,S20260423_092137,N/A,AUTO,,122.5872,0.0614,N/A,0,1500,VIDE,0.0,0.0,0.0,0.0,0.0,0.0,0,0,0.0,0.0,,,,,,,,,,,,
1943,2026-04-23T08:23:40.524Z,S20260423_092137,N/A,AUTO,,122.6474,0.0602,N/A,0,1500,VIDE,0.0,0.0,0.0,0.0,0.0,0.0,0,0,0.0,0.0,,,,,,,,,,,,
1944,2026-04-23T08:23:40.584Z,S20260423_092137,N/A,AUTO,,122.7079,0.0604,N/A,0,1500,VIDE,0.0,0.0,0.0,0.0,0.0,0.0,0,0,0.0,0.0,,,,,,,,,,,,
1945,2026-04-23T08:23:40.650Z,S20260423_092137,N/A,AUTO,,122.7739,0.0661,N/A,0,1500,VIDE,0.0,0.0,0.0,0.0,0.0,0.0,0,0,0.0,0.0,,,,,,,,,,,,
1946,2026-04-23T08:23:40.711Z,S20260423_092137,N/A,AUTO,,122.8351,0.0611,N/A,0,1500,VIDE,0.0,0.0,0.0,0.0,0.0,0.0,0,0,0.0,0.0,,,,,,,,,,,,
1947,2026-04-23T08:23:40.774Z,S20260423_092137,N/A,AUTO,,122.8973,0.0622,N/A,0,1500,VIDE,0.0,0.0,0.0,0.0,0.0,0.0,0,0,0.0,0.0,,,,,,,,,,,,
1948,2026-04-23T08:23:40.836Z,S20260423_092137,N/A,AUTO,,122.9601,0.0628,N/A,0,1500,VIDE,0.0,0.0,0.0,0.0,0.0,0.0,0,0,0.0,0.0,,,,,,,,,,,,
1949,2026-04-23T08:23:40.899Z,S20260423_092137,N/A,AUTO,,123.0222,0.0622,N/A,0,1500,VIDE,0.0,0.0,0.0,0.0,0.0,0.0,0,0,0.0,0.0,,,,,,,,,,,,
1950,2026-04-23T08:23:40.961Z,S20260423_092137,N/A,AUTO,,123.0847,0.0625,N/A,0,1500,VIDE,0.0,0.0,0.0,0.0,0.0,0.0,0,0,0.0,0.0,,,,,,,,,,,,
1951,2026-04-23T08:23:41.023Z,S20260423_092137,N/A,AUTO,,123.1466,0.0619,N/A,0,1500,VIDE,0.0,0.0,0.0,0.0,0.0,0.0,0,0,0.0,0.0,,,,,,,,,,,,
1952,2026-04-23T08:23:41.084Z,S20260423_092137,N/A,AUTO,,123.2072,0.0606,N/A,0,1500,VIDE,0.0,0.0,0.0,0.0,0.0,0.0,0,0,0.0,0.0,,,,,,,,,,,,
1953,2026-04-23T08:23:41.150Z,S20260423_092137,N/A,AUTO,,123.2732,0.066,N/A,0,1500,VIDE,0.0,0.0,0.0,0.0,0.0,0.0,0,0,0.0,0.0,,,,,,,,,,,,
1954,2026-04-23T08:23:41.213Z,S20260423_092137,N/A,AUTO,,123.3362,0.063,N/A,0,1500,VIDE,0.0,0.0,0.0,0.0,0.0,0.0,0,0,0.0,0.0,,,,,,,,,,,,
1955,2026-04-23T08:23:41.273Z,S20260423_092137,N/A,AUTO,,123.397,0.0608,N/A,0,1500,VIDE,0.0,0.0,0.0,0.0,0.0,0.0,0,0,0.0,0.0,,,,,,,,,,,,
1956,2026-04-23T08:23:41.336Z,S20260423_092137,N/A,AUTO,,123.4599,0.0629,N/A,0,1500,VIDE,0.0,0.0,0.0,0.0,0.0,0.0,0,0,0.0,0.0,,,,,,,,,,,,
1957,2026-04-23T08:23:41.399Z,S20260423_092137,N/A,AUTO,,123.5224,0.0624,N/A,0,1500,VIDE,0.0,0.0,0.0,0.0,0.0,0.0,0,0,0.0,0.0,,,,,,,,,,,,
1958,2026-04-23T08:23:41.461Z,S20260423_092137,N/A,AUTO,,123.5846,0.0622,N/A,0,1500,VIDE,0.0,0.0,0.0,0.0,0.0,0.0,0,0,0.0,0.0,,,,,,,,,,,,
1959,2026-04-23T08:23:41.523Z,S20260423_092137,N/A,AUTO,,123.6471,0.0626,N/A,0,1500,VIDE,0.0,0.0,0.0,0.0,0.0,0.0,0,0,0.0,0.0,,,,,,,,,,,,
1960,2026-04-23T08:23:41.584Z,S20260423_092137,N/A,AUTO,,123.7072,0.0601,N/A,0,1500,VIDE,0.0,0.0,0.0,0.0,0.0,0.0,0,0,0.0,0.0,,,,,,,,,,,,
1961,2026-04-23T08:23:41.647Z,S20260423_092137,N/A,AUTO,,123.7702,0.063,N/A,0,1500,VIDE,0.0,0.0,0.0,0.0,0.0,0.0,0,0,0.0,0.0,,,,,,,,,,,,
1962,2026-04-23T08:23:41.709Z,S20260423_092137,N/A,AUTO,,123.8322,0.0621,N/A,0,1500,VIDE,0.0,0.0,0.0,0.0,0.0,0.0,0,0,0.0,0.0,,,,,,,,,,,,
1963,2026-04-23T08:23:41.772Z,S20260423_092137,N/A,AUTO,,123.8956,0.0634,N/A,0,1500,VIDE,0.0,0.0,0.0,0.0,0.0,0.0,0,0,0.0,0.0,,,,,,,,,,,,
1964,2026-04-23T08:23:41.834Z,S20260423_092137,N/A,AUTO,,123.9573,0.0617,N/A,0,1500,VIDE,0.0,0.0,0.0,0.0,0.0,0.0,0,0,0.0,0.0,,,,,,,,,,,,
1965,2026-04-23T08:23:41.897Z,S20260423_092137,N/A,AUTO,,124.0211,0.0638,N/A,0,1500,VIDE,0.0,0.0,0.0,0.0,0.0,0.0,0,0,0.0,0.0,,,,,,,,,,,,
1966,2026-04-23T08:23:41.961Z,S20260423_092137,N/A,AUTO,,124.0842,0.0631,N/A,0,1500,VIDE,0.0,0.0,0.0,0.0,0.0,0.0,0,0,0.0,0.0,,,,,,,,,,,,
1967,2026-04-23T08:23:42.023Z,S20260423_092137,N/A,AUTO,,124.1471,0.0629,N/A,0,1500,VIDE,0.0,0.0,0.0,0.0,0.0,0.0,0,0,0.0,0.0,,,,,,,,,,,,
1968,2026-04-23T08:23:42.083Z,S20260423_092137,N/A,AUTO,,124.2071,0.06,N/A,0,1500,VIDE,0.0,0.0,0.0,0.0,0.0,0.0,0,0,0.0,0.0,,,,,,,,,,,,
1969,2026-04-23T08:23:42.151Z,S20260423_092137,N/A,AUTO,,124.2746,0.0675,N/A,0,1500,VIDE,0.0,0.0,0.0,0.0,0.0,0.0,0,0,0.0,0.0,,,,,,,,,,,,
1970,2026-04-23T08:23:42.213Z,S20260423_092137,N/A,AUTO,,124.3367,0.0621,N/A,0,1500,VIDE,0.0,0.0,0.0,0.0,0.0,0.0,0,0,0.0,0.0,,,,,,,,,,,,
1971,2026-04-23T08:23:42.274Z,S20260423_092137,N/A,AUTO,,124.3979,0.0613,N/A,0,1500,VIDE,0.0,0.0,0.0,0.0,0.0,0.0,0,0,0.0,0.0,,,,,,,,,,,,
1972,2026-04-23T08:23:42.337Z,S20260423_092137,N/A,AUTO,,124.4603,0.0624,N/A,0,1500,VIDE,0.0,0.0,0.0,0.0,0.0,0.0,0,0,0.0,0.0,,,,,,,,,,,,
1973,2026-04-23T08:23:42.399Z,S20260423_092137,N/A,AUTO,,124.5224,0.0621,N/A,0,1500,VIDE,0.0,0.0,0.0,0.0,0.0,0.0,0,0,0.0,0.0,,,,,,,,,,,,
1974,2026-04-23T08:23:42.461Z,S20260423_092137,N/A,AUTO,,124.5842,0.0619,N/A,0,1500,VIDE,0.0,0.0,0.0,0.0,0.0,0.0,0,0,0.0,0.0,,,,,,,,,,,,
1975,2026-04-23T08:23:42.523Z,S20260423_092137,N/A,AUTO,,124.6463,0.0621,N/A,0,1500,VIDE,0.0,0.0,0.0,0.0,0.0,0.0,0,0,0.0,0.0,,,,,,,,,,,,
1976,2026-04-23T08:23:42.584Z,S20260423_092137,N/A,AUTO,,124.7074,0.0611,N/A,0,1500,VIDE,0.0,0.0,0.0,0.0,0.0,0.0,0,0,0.0,0.0,,,,,,,,,,,,
1977,2026-04-23T08:23:42.649Z,S20260423_092137,N/A,AUTO,,124.7723,0.0649,N/A,0,1500,VIDE,0.0,0.0,0.0,0.0,0.0,0.0,0,0,0.0,0.0,,,,,,,,,,,,
1978,2026-04-23T08:23:42.711Z,S20260423_092137,N/A,AUTO,,124.835,0.0627,N/A,0,1500,VIDE,0.0,0.0,0.0,0.0,0.0,0.0,0,0,0.0,0.0,,,,,,,,,,,,
1979,2026-04-23T08:23:42.775Z,S20260423_092137,N/A,AUTO,,124.8986,0.0636,N/A,0,1500,VIDE,0.0,0.0,0.0,0.0,0.0,0.0,0,0,0.0,0.0,,,,,,,,,,,,
1980,2026-04-23T08:23:42.837Z,S20260423_092137,N/A,AUTO,,124.9611,0.0625,N/A,0,1500,VIDE,0.0,0.0,0.0,0.0,0.0,0.0,0,0,0.0,0.0,,,,,,,,,,,,
1981,2026-04-23T08:23:42.899Z,S20260423_092137,N/A,AUTO,,125.0228,0.0618,N/A,0,1500,VIDE,0.0,0.0,0.0,0.0,0.0,0.0,0,0,0.0,0.0,,,,,,,,,,,,
1982,2026-04-23T08:23:42.962Z,S20260423_092137,N/A,AUTO,,125.0861,0.0632,N/A,0,1500,VIDE,0.0,0.0,0.0,0.0,0.0,0.0,0,0,0.0,0.0,,,,,,,,,,,,
1983,2026-04-23T08:23:43.024Z,S20260423_092137,N/A,AUTO,,125.1475,0.0614,N/A,0,1500,VIDE,0.0,0.0,0.0,0.0,0.0,0.0,0,0,0.0,0.0,,,,,,,,,,,,
1984,2026-04-23T08:23:43.084Z,S20260423_092137,N/A,AUTO,,125.2075,0.06,N/A,0,1500,VIDE,0.0,0.0,0.0,0.0,0.0,0.0,0,0,0.0,0.0,,,,,,,,,,,,
1985,2026-04-23T08:23:43.149Z,S20260423_092137,N/A,AUTO,,125.2722,0.0647,N/A,0,1500,VIDE,0.0,0.0,0.0,0.0,0.0,0.0,0,0,0.0,0.0,,,,,,,,,,,,
1986,2026-04-23T08:23:43.212Z,S20260423_092137,N/A,AUTO,,125.3353,0.0632,N/A,0,1500,VIDE,0.0,0.0,0.0,0.0,0.0,0.0,0,0,0.0,0.0,,,,,,,,,,,,
1987,2026-04-23T08:23:43.274Z,S20260423_092137,N/A,AUTO,,125.3976,0.0623,N/A,0,1500,VIDE,0.0,0.0,0.0,0.0,0.0,0.0,0,0,0.0,0.0,,,,,,,,,,,,
1988,2026-04-23T08:23:43.336Z,S20260423_092137,N/A,AUTO,,125.4601,0.0625,N/A,0,1500,VIDE,0.0,0.0,0.0,0.0,0.0,0.0,0,0,0.0,0.0,,,,,,,,,,,,
1989,2026-04-23T08:23:43.399Z,S20260423_092137,N/A,AUTO,,125.5224,0.0623,N/A,0,1500,VIDE,0.0,0.0,0.0,0.0,0.0,0.0,0,0,0.0,0.0,,,,,,,,,,,,
1990,2026-04-23T08:23:43.461Z,S20260423_092137,N/A,AUTO,,125.5849,0.0625,N/A,0,1500,VIDE,0.0,0.0,0.0,0.0,0.0,0.0,0,0,0.0,0.0,,,,,,,,,,,,
1991,2026-04-23T08:23:43.522Z,S20260423_092137,N/A,AUTO,,125.6461,0.0612,N/A,0,1500,VIDE,0.0,0.0,0.0,0.0,0.0,0.0,0,0,0.0,0.0,,,,,,,,,,,,
1992,2026-04-23T08:23:43.584Z,S20260423_092137,N/A,AUTO,,125.7076,0.0615,N/A,0,1500,VIDE,0.0,0.0,0.0,0.0,0.0,0.0,0,0,0.0,0.0,,,,,,,,,,,,
1993,2026-04-23T08:23:43.647Z,S20260423_092137,N/A,AUTO,,125.7704,0.0627,N/A,0,1500,VIDE,0.0,0.0,0.0,0.0,0.0,0.0,0,0,0.0,0.0,,,,,,,,,,,,
1994,2026-04-23T08:23:43.708Z,S20260423_092137,N/A,AUTO,,125.8321,0.0617,N/A,0,1500,VIDE,0.0,0.0,0.0,0.0,0.0,0.0,0,0,0.0,0.0,,,,,,,,,,,,
1995,2026-04-23T08:23:43.784Z,S20260423_092137,N/A,AUTO,,125.9072,0.0752,N/A,0,1500,VIDE,0.0,0.0,0.0,0.0,0.0,0.0,0,0,0.0,0.0,,,,,,,,,,,,
1996,2026-04-23T08:23:43.835Z,S20260423_092137,N/A,AUTO,,125.9586,0.0513,N/A,0,1500,VIDE,0.0,0.0,0.0,0.0,0.0,0.0,0,0,0.0,0.0,,,,,,,,,,,,
1997,2026-04-23T08:23:43.898Z,S20260423_092137,N/A,AUTO,,126.0212,0.0626,N/A,0,1500,VIDE,0.0,0.0,0.0,0.0,0.0,0.0,0,0,0.0,0.0,,,,,,,,,,,,
1998,2026-04-23T08:23:43.961Z,S20260423_092137,N/A,AUTO,,126.0846,0.0635,N/A,0,1500,VIDE,0.0,0.0,0.0,0.0,0.0,0.0,0,0,0.0,0.0,,,,,,,,,,,,
1999,2026-04-23T08:23:44.023Z,S20260423_092137,N/A,AUTO,,126.1469,0.0623,N/A,0,1500,VIDE,0.0,0.0,0.0,0.0,0.0,0.0,0,0,0.0,0.0,,,,,,,,,,,,
2000,2026-04-23T08:23:44.084Z,S20260423_092137,N/A,AUTO,,126.2073,0.0604,N/A,0,1500,VIDE,0.0,0.0,0.0,0.0,0.0,0.0,0,0,0.0,0.0,,,,,,,,,,,,
2001,2026-04-23T08:23:44.147Z,S20260423_092137,N/A,AUTO,,126.2704,0.0631,N/A,0,1500,VIDE,0.0,0.0,0.0,0.0,0.0,0.0,0,0,0.0,0.0,,,,,,,,,,,,
2002,2026-04-23T08:23:44.209Z,S20260423_092137,N/A,AUTO,,126.3325,0.0621,N/A,0,1500,VIDE,0.0,0.0,0.0,0.0,0.0,0.0,0,0,0.0,0.0,,,,,,,,,,,,
2003,2026-04-23T08:23:44.272Z,S20260423_092137,N/A,AUTO,,126.396,0.0635,N/A,0,1500,VIDE,0.0,0.0,0.0,0.0,0.0,0.0,0,0,0.0,0.0,,,,,,,,,,,,
2004,2026-04-23T08:23:44.335Z,S20260423_092137,N/A,AUTO,,126.4587,0.0627,N/A,0,1500,VIDE,0.0,0.0,0.0,0.0,0.0,0.0,0,0,0.0,0.0,,,,,,,,,,,,
2005,2026-04-23T08:23:44.397Z,S20260423_092137,N/A,AUTO,,126.5211,0.0624,N/A,0,1500,VIDE,0.0,0.0,0.0,0.0,0.0,0.0,0,0,0.0,0.0,,,,,,,,,,,,
2006,2026-04-23T08:23:44.460Z,S20260423_092137,N/A,AUTO,,126.5833,0.0621,N/A,0,1500,VIDE,0.0,0.0,0.0,0.0,0.0,0.0,0,0,0.0,0.0,,,,,,,,,,,,
2007,2026-04-23T08:23:44.522Z,S20260423_092137,N/A,AUTO,,126.6452,0.0619,N/A,0,1500,VIDE,0.0,0.0,0.0,0.0,0.0,0.0,0,0,0.0,0.0,,,,,,,,,,,,
2008,2026-04-23T08:23:44.584Z,S20260423_092137,N/A,AUTO,,126.7074,0.0622,N/A,0,1500,VIDE,0.0,0.0,0.0,0.0,0.0,0.0,0,0,0.0,0.0,,,,,,,,,,,,
2009,2026-04-23T08:23:44.661Z,S20260423_092137,N/A,AUTO,,126.7849,0.0776,N/A,0,1500,VIDE,0.0,0.0,0.0,0.0,0.0,0.0,0,0,0.0,0.0,,,,,,,,,,,,
2010,2026-04-23T08:23:44.708Z,S20260423_092137,N/A,AUTO,,126.8321,0.0472,N/A,0,1500,VIDE,0.0,0.0,0.0,0.0,0.0,0.0,0,0,0.0,0.0,,,,,,,,,,,,
2011,2026-04-23T08:23:44.783Z,S20260423_092137,N/A,AUTO,,126.907,0.0749,N/A,0,1500,VIDE,0.0,0.0,0.0,0.0,0.0,0.0,0,0,0.0,0.0,,,,,,,,,,,,
2012,2026-04-23T08:23:44.834Z,S20260423_092137,N/A,AUTO,,126.9574,0.0504,N/A,0,1500,VIDE,0.0,0.0,0.0,0.0,0.0,0.0,0,0,0.0,0.0,,,,,,,,,,,,
2013,2026-04-23T08:23:44.899Z,S20260423_092137,N/A,AUTO,,127.0224,0.065,N/A,0,1500,VIDE,0.0,0.0,0.0,0.0,0.0,0.0,0,0,0.0,0.0,,,,,,,,,,,,
2014,2026-04-23T08:23:44.961Z,S20260423_092137,N/A,AUTO,,127.0842,0.0618,N/A,0,1500,VIDE,0.0,0.0,0.0,0.0,0.0,0.0,0,0,0.0,0.0,,,,,,,,,,,,
2015,2026-04-23T08:23:45.024Z,S20260423_092137,N/A,AUTO,,127.1478,0.0636,N/A,0,1500,VIDE,0.0,0.0,0.0,0.0,0.0,0.0,0,0,0.0,0.0,,,,,,,,,,,,
2016,2026-04-23T08:23:45.084Z,S20260423_092137,N/A,AUTO,,127.2075,0.0596,N/A,0,1500,VIDE,0.0,0.0,0.0,0.0,0.0,0.0,0,0,0.0,0.0,,,,,,,,,,,,
2017,2026-04-23T08:23:45.147Z,S20260423_092137,N/A,AUTO,,127.2705,0.063,N/A,0,1500,VIDE,0.0,0.0,0.0,0.0,0.0,0.0,0,0,0.0,0.0,,,,,,,,,,,,
2018,2026-04-23T08:23:45.222Z,S20260423_092137,N/A,AUTO,,127.3454,0.0748,N/A,0,1500,VIDE,0.0,0.0,0.0,0.0,0.0,0.0,0,0,0.0,0.0,,,,,,,,,,,,
2019,2026-04-23T08:23:45.283Z,S20260423_092137,N/A,AUTO,,127.4066,0.0613,N/A,0,1500,VIDE,0.0,0.0,0.0,0.0,0.0,0.0,0,0,0.0,0.0,,,,,,,,,,,,
2020,2026-04-23T08:23:45.343Z,S20260423_092137,N/A,AUTO,,127.4671,0.0605,N/A,0,1500,VIDE,0.0,0.0,0.0,0.0,0.0,0.0,0,0,0.0,0.0,,,,,,,,,,,,
2021,2026-04-23T08:23:45.403Z,S20260423_092137,N/A,AUTO,,127.527,0.0599,N/A,0,1500,VIDE,0.0,0.0,0.0,0.0,0.0,0.0,0,0,0.0,0.0,,,,,,,,,,,,
2022,2026-04-23T08:23:45.463Z,S20260423_092137,N/A,AUTO,,127.5871,0.0601,N/A,0,1500,VIDE,0.0,0.0,0.0,0.0,0.0,0.0,0,0,0.0,0.0,,,,,,,,,,,,
2023,2026-04-23T08:23:45.523Z,S20260423_092137,N/A,AUTO,,127.6463,0.0592,N/A,0,1500,VIDE,0.0,0.0,0.0,0.0,0.0,0.0,0,0,0.0,0.0,,,,,,,,,,,,
2024,2026-04-23T08:23:45.583Z,S20260423_092137,N/A,AUTO,,127.707,0.0607,N/A,0,1500,VIDE,0.0,0.0,0.0,0.0,0.0,0.0,0,0,0.0,0.0,,,,,,,,,,,,
2025,2026-04-23T08:23:45.651Z,S20260423_092137,N/A,AUTO,,127.7742,0.0671,N/A,0,1500,VIDE,0.0,0.0,0.0,0.0,0.0,0.0,0,0,0.0,0.0,,,,,,,,,,,,
2026,2026-04-23T08:23:45.715Z,S20260423_092137,N/A,AUTO,,127.8383,0.0641,N/A,0,1500,VIDE,0.0,0.0,0.0,0.0,0.0,0.0,0,0,0.0,0.0,,,,,,,,,,,,
2027,2026-04-23T08:23:45.772Z,S20260423_092137,N/A,AUTO,,127.8955,0.0572,N/A,0,1500,VIDE,0.0,0.0,0.0,0.0,0.0,0.0,0,0,0.0,0.0,,,,,,,,,,,,
2028,2026-04-23T08:23:45.835Z,S20260423_092137,N/A,AUTO,,127.9586,0.0631,N/A,0,1500,VIDE,0.0,0.0,0.0,0.0,0.0,0.0,0,0,0.0,0.0,,,,,,,,,,,,
2029,2026-04-23T08:23:45.899Z,S20260423_092137,N/A,AUTO,,128.0223,0.0636,N/A,0,1500,VIDE,0.0,0.0,0.0,0.0,0.0,0.0,0,0,0.0,0.0,,,,,,,,,,,,
2030,2026-04-23T08:23:45.963Z,S20260423_092137,N/A,AUTO,,128.0867,0.0644,N/A,0,1500,VIDE,0.0,0.0,0.0,0.0,0.0,0.0,0,0,0.0,0.0,,,,,,,,,,,,
2031,2026-04-23T08:23:46.024Z,S20260423_092137,N/A,AUTO,,128.1471,0.0605,N/A,0,1500,VIDE,0.0,0.0,0.0,0.0,0.0,0.0,0,0,0.0,0.0,,,,,,,,,,,,
2032,2026-04-23T08:23:46.084Z,S20260423_092137,N/A,AUTO,,128.2073,0.0601,N/A,0,1500,VIDE,0.0,0.0,0.0,0.0,0.0,0.0,0,0,0.0,0.0,,,,,,,,,,,,
2033,2026-04-23T08:23:46.154Z,S20260423_092137,N/A,AUTO,,128.2773,0.0701,N/A,0,1500,VIDE,0.0,0.0,0.0,0.0,0.0,0.0,0,0,0.0,0.0,,,,,,,,,,,,
2034,2026-04-23T08:23:46.215Z,S20260423_092137,N/A,AUTO,,128.3386,0.0612,N/A,0,1500,VIDE,0.0,0.0,0.0,0.0,0.0,0.0,0,0,0.0,0.0,,,,,,,,,,,,
2035,2026-04-23T08:23:46.277Z,S20260423_092137,N/A,AUTO,,128.4002,0.0616,N/A,0,1500,VIDE,0.0,0.0,0.0,0.0,0.0,0.0,0,0,0.0,0.0,,,,,,,,,,,,
2036,2026-04-23T08:23:46.334Z,S20260423_092137,N/A,AUTO,,128.4579,0.0577,N/A,0,1500,VIDE,0.0,0.0,0.0,0.0,0.0,0.0,0,0,0.0,0.0,,,,,,,,,,,,
2037,2026-04-23T08:23:46.402Z,S20260423_092137,N/A,AUTO,,128.5253,0.0674,N/A,0,1500,VIDE,0.0,0.0,0.0,0.0,0.0,0.0,0,0,0.0,0.0,,,,,,,,,,,,
2038,2026-04-23T08:23:46.459Z,S20260423_092137,N/A,AUTO,,128.5823,0.0571,N/A,0,1500,VIDE,0.0,0.0,0.0,0.0,0.0,0.0,0,0,0.0,0.0,,,,,,,,,,,,
2039,2026-04-23T08:23:46.523Z,S20260423_092137,N/A,AUTO,,128.6464,0.0641,N/A,0,1500,VIDE,0.0,0.0,0.0,0.0,0.0,0.0,0,0,0.0,0.0,,,,,,,,,,,,
2040,2026-04-23T08:23:46.584Z,S20260423_092137,N/A,AUTO,,128.7074,0.061,N/A,0,1500,VIDE,0.0,0.0,0.0,0.0,0.0,0.0,0,0,0.0,0.0,,,,,,,,,,,,
2041,2026-04-23T08:23:46.651Z,S20260423_092137,N/A,AUTO,,128.7743,0.0669,N/A,0,1500,VIDE,0.0,0.0,0.0,0.0,0.0,0.0,0,0,0.0,0.0,,,,,,,,,,,,
2042,2026-04-23T08:23:46.714Z,S20260423_092137,N/A,AUTO,,128.8378,0.0634,N/A,0,1500,VIDE,0.0,0.0,0.0,0.0,0.0,0.0,0,0,0.0,0.0,,,,,,,,,,,,
2043,2026-04-23T08:23:46.772Z,S20260423_092137,N/A,AUTO,,128.8952,0.0575,N/A,0,1500,VIDE,0.0,0.0,0.0,0.0,0.0,0.0,0,0,0.0,0.0,,,,,,,,,,,,
2044,2026-04-23T08:23:46.835Z,S20260423_092137,N/A,AUTO,,128.9586,0.0634,N/A,0,1500,VIDE,0.0,0.0,0.0,0.0,0.0,0.0,0,0,0.0,0.0,,,,,,,,,,,,
2045,2026-04-23T08:23:46.899Z,S20260423_092137,N/A,AUTO,,129.0226,0.064,N/A,0,1500,VIDE,0.0,0.0,0.0,0.0,0.0,0.0,0,0,0.0,0.0,,,,,,,,,,,,
2046,2026-04-23T08:23:46.959Z,S20260423_092137,N/A,AUTO,,129.0826,0.0601,N/A,0,1500,VIDE,0.0,0.0,0.0,0.0,0.0,0.0,0,0,0.0,0.0,,,,,,,,,,,,
2047,2026-04-23T08:23:47.024Z,S20260423_092137,N/A,AUTO,,129.1478,0.0652,N/A,0,1500,VIDE,0.0,0.0,0.0,0.0,0.0,0.0,0,0,0.0,0.0,,,,,,,,,,,,
2048,2026-04-23T08:23:47.084Z,S20260423_092137,N/A,AUTO,,129.2078,0.0599,N/A,0,1500,VIDE,0.0,0.0,0.0,0.0,0.0,0.0,0,0,0.0,0.0,,,,,,,,,,,,
2049,2026-04-23T08:23:47.150Z,S20260423_092137,N/A,AUTO,,129.2734,0.0656,N/A,0,1500,VIDE,0.0,0.0,0.0,0.0,0.0,0.0,0,0,0.0,0.0,,,,,,,,,,,,
2050,2026-04-23T08:23:47.211Z,S20260423_092137,N/A,AUTO,,129.3345,0.0611,N/A,0,1500,VIDE,0.0,0.0,0.0,0.0,0.0,0.0,0,0,0.0,0.0,,,,,,,,,,,,
2051,2026-04-23T08:23:47.275Z,S20260423_092137,N/A,AUTO,,129.3985,0.064,N/A,0,1500,VIDE,0.0,0.0,0.0,0.0,0.0,0.0,0,0,0.0,0.0,,,,,,,,,,,,
2052,2026-04-23T08:23:47.338Z,S20260423_092137,N/A,AUTO,,129.4612,0.0627,N/A,0,1500,VIDE,0.0,0.0,0.0,0.0,0.0,0.0,0,0,0.0,0.0,,,,,,,,,,,,
2053,2026-04-23T08:23:47.399Z,S20260423_092137,N/A,AUTO,,129.5229,0.0616,N/A,0,1500,VIDE,0.0,0.0,0.0,0.0,0.0,0.0,0,0,0.0,0.0,,,,,,,,,,,,
2054,2026-04-23T08:23:47.459Z,S20260423_092137,N/A,AUTO,,129.5827,0.0599,N/A,0,1500,VIDE,0.0,0.0,0.0,0.0,0.0,0.0,0,0,0.0,0.0,,,,,,,,,,,,
2055,2026-04-23T08:23:47.523Z,S20260423_092137,N/A,AUTO,,129.6467,0.064,N/A,0,1500,VIDE,0.0,0.0,0.0,0.0,0.0,0.0,0,0,0.0,0.0,,,,,,,,,,,,
2056,2026-04-23T08:23:47.584Z,S20260423_092137,N/A,AUTO,,129.7076,0.0609,N/A,0,1500,VIDE,0.0,0.0,0.0,0.0,0.0,0.0,0,0,0.0,0.0,,,,,,,,,,,,
2057,2026-04-23T08:23:47.647Z,S20260423_092137,N/A,AUTO,,129.7711,0.0635,N/A,0,1500,VIDE,0.0,0.0,0.0,0.0,0.0,0.0,0,0,0.0,0.0,,,,,,,,,,,,
2058,2026-04-23T08:23:47.710Z,S20260423_092137,N/A,AUTO,,129.8339,0.0628,N/A,0,1500,VIDE,0.0,0.0,0.0,0.0,0.0,0.0,0,0,0.0,0.0,,,,,,,,,,,,
2059,2026-04-23T08:23:47.774Z,S20260423_092137,N/A,AUTO,,129.8979,0.064,N/A,0,1500,VIDE,0.0,0.0,0.0,0.0,0.0,0.0,0,0,0.0,0.0,,,,,,,,,,,,
2060,2026-04-23T08:23:47.836Z,S20260423_092137,N/A,AUTO,,129.9601,0.0622,N/A,0,1500,VIDE,0.0,0.0,0.0,0.0,0.0,0.0,0,0,0.0,0.0,,,,,,,,,,,,
2061,2026-04-23T08:23:47.898Z,S20260423_092137,N/A,AUTO,,130.0216,0.0615,N/A,0,1500,VIDE,0.0,0.0,0.0,0.0,0.0,0.0,0,0,0.0,0.0,,,,,,,,,,,,
2062,2026-04-23T08:23:47.960Z,S20260423_092137,N/A,AUTO,,130.0832,0.0615,N/A,0,1500,VIDE,0.0,0.0,0.0,0.0,0.0,0.0,0,0,0.0,0.0,,,,,,,,,,,,
2063,2026-04-23T08:23:48.022Z,S20260423_092137,N/A,AUTO,,130.1456,0.0625,N/A,0,1500,VIDE,0.0,0.0,0.0,0.0,0.0,0.0,0,0,0.0,0.0,,,,,,,,,,,,
2064,2026-04-23T08:23:48.083Z,S20260423_092137,N/A,AUTO,,130.207,0.0614,N/A,0,1500,VIDE,0.0,0.0,0.0,0.0,0.0,0.0,0,0,0.0,0.0,,,,,,,,,,,,
2065,2026-04-23T08:23:48.147Z,S20260423_092137,N/A,AUTO,,130.2703,0.0633,N/A,0,1500,VIDE,0.0,0.0,0.0,0.0,0.0,0.0,0,0,0.0,0.0,,,,,,,,,,,,
2066,2026-04-23T08:23:48.209Z,S20260423_092137,N/A,AUTO,,130.3324,0.0621,N/A,0,1500,VIDE,0.0,0.0,0.0,0.0,0.0,0.0,0,0,0.0,0.0,,,,,,,,,,,,
2067,2026-04-23T08:23:48.272Z,S20260423_092137,N/A,AUTO,,130.3952,0.0628,N/A,0,1500,VIDE,0.0,0.0,0.0,0.0,0.0,0.0,0,0,0.0,0.0,,,,,,,,,,,,
2068,2026-04-23T08:23:48.339Z,S20260423_092137,N/A,AUTO,,130.4624,0.0672,N/A,0,1500,VIDE,0.0,0.0,0.0,0.0,0.0,0.0,0,0,0.0,0.0,,,,,,,,,,,,
2069,2026-04-23T08:23:48.404Z,S20260423_092137,N/A,AUTO,,130.5274,0.065,N/A,0,1500,VIDE,0.0,0.0,0.0,0.0,0.0,0.0,0,0,0.0,0.0,,,,,,,,,,,,
2070,2026-04-23T08:23:48.464Z,S20260423_092137,N/A,AUTO,,130.5879,0.0605,N/A,0,1500,VIDE,0.0,0.0,0.0,0.0,0.0,0.0,0,0,0.0,0.0,,,,,,,,,,,,
2071,2026-04-23T08:23:48.524Z,S20260423_092137,N/A,AUTO,,130.6478,0.0599,N/A,0,1500,VIDE,0.0,0.0,0.0,0.0,0.0,0.0,0,0,0.0,0.0,,,,,,,,,,,,
2072,2026-04-23T08:23:48.583Z,S20260423_092137,N/A,AUTO,,130.7071,0.0593,N/A,0,1500,VIDE,0.0,0.0,0.0,0.0,0.0,0.0,0,0,0.0,0.0,,,,,,,,,,,,
2073,2026-04-23T08:23:48.660Z,S20260423_092137,N/A,AUTO,,130.7839,0.0768,N/A,0,1500,VIDE,0.0,0.0,0.0,0.0,0.0,0.0,0,0,0.0,0.0,,,,,,,,,,,,
2074,2026-04-23T08:23:48.722Z,S20260423_092137,N/A,AUTO,,130.8456,0.0617,N/A,0,1500,VIDE,0.0,0.0,0.0,0.0,0.0,0.0,0,0,0.0,0.0,,,,,,,,,,,,
2075,2026-04-23T08:23:48.779Z,S20260423_092137,N/A,AUTO,,130.903,0.0574,N/A,0,1500,VIDE,0.0,0.0,0.0,0.0,0.0,0.0,0,0,0.0,0.0,,,,,,,,,,,,
2076,2026-04-23T08:23:48.834Z,S20260423_092137,N/A,AUTO,,130.9576,0.0546,N/A,0,1500,VIDE,0.0,0.0,0.0,0.0,0.0,0.0,0,0,0.0,0.0,,,,,,,,,,,,
2077,2026-04-23T08:23:48.897Z,S20260423_092137,N/A,AUTO,,131.0211,0.0635,N/A,0,1500,VIDE,0.0,0.0,0.0,0.0,0.0,0.0,0,0,0.0,0.0,,,,,,,,,,,,
2078,2026-04-23T08:23:48.964Z,S20260423_092137,N/A,AUTO,,131.0877,0.0666,N/A,0,1500,VIDE,0.0,0.0,0.0,0.0,0.0,0.0,0,0,0.0,0.0,,,,,,,,,,,,
2079,2026-04-23T08:23:49.025Z,S20260423_092137,N/A,AUTO,,131.1491,0.0614,N/A,0,1500,VIDE,0.0,0.0,0.0,0.0,0.0,0.0,0,0,0.0,0.0,,,,,,,,,,,,
2080,2026-04-23T08:23:49.086Z,S20260423_092137,N/A,AUTO,,131.2093,0.0602,N/A,0,1500,VIDE,0.0,0.0,0.0,0.0,0.0,0.0,0,0,0.0,0.0,,,,,,,,,,,,
2081,2026-04-23T08:23:49.158Z,S20260423_092137,N/A,AUTO,,131.2814,0.0721,N/A,0,1500,VIDE,0.0,0.0,0.0,0.0,0.0,0.0,0,0,0.0,0.0,,,,,,,,,,,,
2082,2026-04-23T08:23:49.219Z,S20260423_092137,N/A,AUTO,,131.3428,0.0613,N/A,0,1500,VIDE,0.0,0.0,0.0,0.0,0.0,0.0,0,0,0.0,0.0,,,,,,,,,,,,
2083,2026-04-23T08:23:49.283Z,S20260423_092137,N/A,AUTO,,131.4069,0.0642,N/A,0,1500,VIDE,0.0,0.0,0.0,0.0,0.0,0.0,0,0,0.0,0.0,,,,,,,,,,,,
2084,2026-04-23T08:23:49.344Z,S20260423_092137,N/A,AUTO,,131.468,0.0611,N/A,0,1500,VIDE,0.0,0.0,0.0,0.0,0.0,0.0,0,0,0.0,0.0,,,,,,,,,,,,
2085,2026-04-23T08:23:49.404Z,S20260423_092137,N/A,AUTO,,131.5276,0.0596,N/A,0,1500,VIDE,0.0,0.0,0.0,0.0,0.0,0.0,0,0,0.0,0.0,,,,,,,,,,,,
2086,2026-04-23T08:23:49.460Z,S20260423_092137,N/A,AUTO,,131.5835,0.0559,N/A,0,1500,VIDE,0.0,0.0,0.0,0.0,0.0,0.0,0,0,0.0,0.0,,,,,,,,,,,,
2087,2026-04-23T08:23:49.523Z,S20260423_092137,N/A,AUTO,,131.6469,0.0635,N/A,0,1500,VIDE,0.0,0.0,0.0,0.0,0.0,0.0,0,0,0.0,0.0,,,,,,,,,,,,
2088,2026-04-23T08:23:49.585Z,S20260423_092137,N/A,AUTO,,131.7082,0.0612,N/A,0,1500,VIDE,0.0,0.0,0.0,0.0,0.0,0.0,0,0,0.0,0.0,,,,,,,,,,,,
2089,2026-04-23T08:23:49.652Z,S20260423_092137,N/A,AUTO,,131.7762,0.0679,N/A,0,1500,VIDE,0.0,0.0,0.0,0.0,0.0,0.0,0,0,0.0,0.0,,,,,,,,,,,,
2090,2026-04-23T08:23:49.715Z,S20260423_092137,N/A,AUTO,,131.8387,0.0626,N/A,0,1500,VIDE,0.0,0.0,0.0,0.0,0.0,0.0,0,0,0.0,0.0,,,,,,,,,,,,
2091,2026-04-23T08:23:49.771Z,S20260423_092137,N/A,AUTO,,131.8951,0.0564,N/A,0,1500,VIDE,0.0,0.0,0.0,0.0,0.0,0.0,0,0,0.0,0.0,,,,,,,,,,,,
2092,2026-04-23T08:23:49.844Z,S20260423_092137,N/A,AUTO,,131.9678,0.0726,N/A,0,1500,VIDE,0.0,0.0,0.0,0.0,0.0,0.0,0,0,0.0,0.0,,,,,,,,,,,,
2093,2026-04-23T08:23:49.900Z,S20260423_092137,N/A,AUTO,,132.0239,0.0561,N/A,0,1500,VIDE,0.0,0.0,0.0,0.0,0.0,0.0,0,0,0.0,0.0,,,,,,,,,,,,
2094,2026-04-23T08:23:49.964Z,S20260423_092137,N/A,AUTO,,132.0874,0.0635,N/A,0,1500,VIDE,0.0,0.0,0.0,0.0,0.0,0.0,0,0,0.0,0.0,,,,,,,,,,,,
2095,2026-04-23T08:23:50.025Z,S20260423_092137,N/A,AUTO,,132.1491,0.0617,N/A,0,1500,VIDE,0.0,0.0,0.0,0.0,0.0,0.0,0,0,0.0,0.0,,,,,,,,,,,,
2096,2026-04-23T08:23:50.085Z,S20260423_092137,N/A,AUTO,,132.2082,0.0591,N/A,0,1500,VIDE,0.0,0.0,0.0,0.0,0.0,0.0,0,0,0.0,0.0,,,,,,,,,,,,
2097,2026-04-23T08:23:50.148Z,S20260423_092137,N/A,AUTO,,132.2714,0.0632,N/A,0,1500,VIDE,0.0,0.0,0.0,0.0,0.0,0.0,0,0,0.0,0.0,,,,,,,,,,,,
2098,2026-04-23T08:23:50.211Z,S20260423_092137,N/A,AUTO,,132.3348,0.0634,N/A,0,1500,VIDE,0.0,0.0,0.0,0.0,0.0,0.0,0,0,0.0,0.0,,,,,,,,,,,,
2099,2026-04-23T08:23:50.274Z,S20260423_092137,N/A,AUTO,,132.3974,0.0626,N/A,0,1500,VIDE,0.0,0.0,0.0,0.0,0.0,0.0,0,0,0.0,0.0,,,,,,,,,,,,
2100,2026-04-23T08:23:50.339Z,S20260423_092137,N/A,AUTO,,132.4628,0.0654,N/A,0,1500,VIDE,0.0,0.0,0.0,0.0,0.0,0.0,0,0,0.0,0.0,,,,,,,,,,,,
2101,2026-04-23T08:23:50.403Z,S20260423_092137,N/A,AUTO,,132.5271,0.0643,N/A,0,1500,VIDE,0.0,0.0,0.0,0.0,0.0,0.0,0,0,0.0,0.0,,,,,,,,,,,,
2102,2026-04-23T08:23:50.463Z,S20260423_092137,N/A,AUTO,,132.5867,0.0596,N/A,0,1500,VIDE,0.0,0.0,0.0,0.0,0.0,0.0,0,0,0.0,0.0,,,,,,,,,,,,
2103,2026-04-23T08:23:50.524Z,S20260423_092137,N/A,AUTO,,132.6477,0.061,N/A,0,1500,VIDE,0.0,0.0,0.0,0.0,0.0,0.0,0,0,0.0,0.0,,,,,,,,,,,,
2104,2026-04-23T08:23:50.584Z,S20260423_092137,N/A,AUTO,,132.7081,0.0605,N/A,0,1500,VIDE,0.0,0.0,0.0,0.0,0.0,0.0,0,0,0.0,0.0,,,,,,,,,,,,
2105,2026-04-23T08:23:50.651Z,S20260423_092137,N/A,AUTO,,132.7744,0.0662,N/A,0,1500,VIDE,0.0,0.0,0.0,0.0,0.0,0.0,0,0,0.0,0.0,,,,,,,,,,,,
2106,2026-04-23T08:23:50.715Z,S20260423_092137,N/A,AUTO,,132.8391,0.0647,N/A,0,1500,VIDE,0.0,0.0,0.0,0.0,0.0,0.0,0,0,0.0,0.0,,,,,,,,,,,,
2107,2026-04-23T08:23:50.772Z,S20260423_092137,N/A,AUTO,,132.8955,0.0565,N/A,0,1500,VIDE,0.0,0.0,0.0,0.0,0.0,0.0,0,0,0.0,0.0,,,,,,,,,,,,
2108,2026-04-23T08:23:50.836Z,S20260423_092137,N/A,AUTO,,132.9596,0.0641,N/A,0,1500,VIDE,0.0,0.0,0.0,0.0,0.0,0.0,0,0,0.0,0.0,,,,,,,,,,,,
2109,2026-04-23T08:23:50.899Z,S20260423_092137,N/A,AUTO,,133.0231,0.0635,N/A,0,1500,VIDE,0.0,0.0,0.0,0.0,0.0,0.0,0,0,0.0,0.0,,,,,,,,,,,,
2110,2026-04-23T08:23:50.964Z,S20260423_092137,N/A,AUTO,,133.0872,0.0641,N/A,0,1500,VIDE,0.0,0.0,0.0,0.0,0.0,0.0,0,0,0.0,0.0,,,,,,,,,,,,
2111,2026-04-23T08:23:51.024Z,S20260423_092137,N/A,AUTO,,133.148,0.0607,N/A,0,1500,VIDE,0.0,0.0,0.0,0.0,0.0,0.0,0,0,0.0,0.0,,,,,,,,,,,,
2112,2026-04-23T08:23:51.084Z,S20260423_092137,N/A,AUTO,,133.2081,0.0601,N/A,0,1500,VIDE,0.0,0.0,0.0,0.0,0.0,0.0,0,0,0.0,0.0,,,,,,,,,,,,
2113,2026-04-23T08:23:51.147Z,S20260423_092137,N/A,AUTO,,133.2707,0.0626,N/A,0,1500,VIDE,0.0,0.0,0.0,0.0,0.0,0.0,0,0,0.0,0.0,,,,,,,,,,,,
2114,2026-04-23T08:23:51.211Z,S20260423_092137,N/A,AUTO,,133.3344,0.0638,N/A,0,1500,VIDE,0.0,0.0,0.0,0.0,0.0,0.0,0,0,0.0,0.0,,,,,,,,,,,,
2115,2026-04-23T08:23:51.275Z,S20260423_092137,N/A,AUTO,,133.3984,0.064,N/A,0,1500,VIDE,0.0,0.0,0.0,0.0,0.0,0.0,0,0,0.0,0.0,,,,,,,,,,,,
2116,2026-04-23T08:23:51.339Z,S20260423_092137,N/A,AUTO,,133.4624,0.064,N/A,0,1500,VIDE,0.0,0.0,0.0,0.0,0.0,0.0,0,0,0.0,0.0,,,,,,,,,,,,
2117,2026-04-23T08:23:51.396Z,S20260423_092137,N/A,AUTO,,133.5196,0.0571,N/A,0,1500,VIDE,0.0,0.0,0.0,0.0,0.0,0.0,0,0,0.0,0.0,,,,,,,,,,,,
2118,2026-04-23T08:23:51.460Z,S20260423_092137,N/A,AUTO,,133.5839,0.0643,N/A,0,1500,VIDE,0.0,0.0,0.0,0.0,0.0,0.0,0,0,0.0,0.0,,,,,,,,,,,,
2119,2026-04-23T08:23:51.523Z,S20260423_092137,N/A,AUTO,,133.6468,0.0629,N/A,0,1500,VIDE,0.0,0.0,0.0,0.0,0.0,0.0,0,0,0.0,0.0,,,,,,,,,,,,
2120,2026-04-23T08:23:51.584Z,S20260423_092137,N/A,AUTO,,133.7073,0.0605,N/A,0,1500,VIDE,0.0,0.0,0.0,0.0,0.0,0.0,0,0,0.0,0.0,,,,,,,,,,,,
2121,2026-04-23T08:23:51.651Z,S20260423_092137,N/A,AUTO,,133.7751,0.0678,N/A,0,1500,VIDE,0.0,0.0,0.0,0.0,0.0,0.0,0,0,0.0,0.0,,,,,,,,,,,,
2122,2026-04-23T08:23:51.716Z,S20260423_092137,N/A,AUTO,,133.8394,0.0643,N/A,0,1500,VIDE,0.0,0.0,0.0,0.0,0.0,0.0,0,0,0.0,0.0,,,,,,,,,,,,
2123,2026-04-23T08:23:51.779Z,S20260423_092137,N/A,AUTO,,133.9031,0.0637,N/A,0,1500,VIDE,0.0,0.0,0.0,0.0,0.0,0.0,0,0,0.0,0.0,,,,,,,,,,,,
2124,2026-04-23T08:23:51.843Z,S20260423_092137,N/A,AUTO,,133.967,0.0639,N/A,0,1500,VIDE,0.0,0.0,0.0,0.0,0.0,0.0,0,0,0.0,0.0,,,,,,,,,,,,
2125,2026-04-23T08:23:51.904Z,S20260423_092137,N/A,AUTO,,134.0276,0.0606,N/A,0,1500,VIDE,0.0,0.0,0.0,0.0,0.0,0.0,0,0,0.0,0.0,,,,,,,,,,,,
2126,2026-04-23T08:23:51.964Z,S20260423_092137,N/A,AUTO,,134.0873,0.0597,N/A,0,1500,VIDE,0.0,0.0,0.0,0.0,0.0,0.0,0,0,0.0,0.0,,,,,,,,,,,,
2127,2026-04-23T08:23:52.024Z,S20260423_092137,N/A,AUTO,,134.1476,0.0603,N/A,0,1500,VIDE,0.0,0.0,0.0,0.0,0.0,0.0,0,0,0.0,0.0,,,,,,,,,,,,
2128,2026-04-23T08:23:52.084Z,S20260423_092137,N/A,AUTO,,134.2074,0.0598,N/A,0,1500,VIDE,0.0,0.0,0.0,0.0,0.0,0.0,0,0,0.0,0.0,,,,,,,,,,,,
2129,2026-04-23T08:23:52.147Z,S20260423_092137,N/A,AUTO,,134.2703,0.0629,N/A,0,1500,VIDE,0.0,0.0,0.0,0.0,0.0,0.0,0,0,0.0,0.0,,,,,,,,,,,,
2130,2026-04-23T08:23:52.212Z,S20260423_092137,N/A,AUTO,,134.3353,0.065,N/A,0,1500,VIDE,0.0,0.0,0.0,0.0,0.0,0.0,0,0,0.0,0.0,,,,,,,,,,,,
2131,2026-04-23T08:23:52.275Z,S20260423_092137,N/A,AUTO,,134.3989,0.0636,N/A,0,1500,VIDE,0.0,0.0,0.0,0.0,0.0,0.0,0,0,0.0,0.0,,,,,,,,,,,,
2132,2026-04-23T08:23:52.339Z,S20260423_092137,N/A,AUTO,,134.463,0.0642,N/A,0,1500,VIDE,0.0,0.0,0.0,0.0,0.0,0.0,0,0,0.0,0.0,,,,,,,,,,,,
2133,2026-04-23T08:23:52.403Z,S20260423_092137,N/A,AUTO,,134.5271,0.0641,N/A,0,1500,VIDE,0.0,0.0,0.0,0.0,0.0,0.0,0,0,0.0,0.0,,,,,,,,,,,,
2134,2026-04-23T08:23:52.464Z,S20260423_092137,N/A,AUTO,,134.5877,0.0606,N/A,0,1500,VIDE,0.0,0.0,0.0,0.0,0.0,0.0,0,0,0.0,0.0,,,,,,,,,,,,
2135,2026-04-23T08:23:52.524Z,S20260423_092137,N/A,AUTO,,134.6473,0.0596,N/A,0,1500,VIDE,0.0,0.0,0.0,0.0,0.0,0.0,0,0,0.0,0.0,,,,,,,,,,,,
2136,2026-04-23T08:23:52.584Z,S20260423_092137,N/A,AUTO,,134.7075,0.0601,N/A,0,1500,VIDE,0.0,0.0,0.0,0.0,0.0,0.0,0,0,0.0,0.0,,,,,,,,,,,,
2137,2026-04-23T08:23:52.654Z,S20260423_092137,N/A,AUTO,,134.7776,0.0701,N/A,0,1500,VIDE,0.0,0.0,0.0,0.0,0.0,0.0,0,0,0.0,0.0,,,,,,,,,,,,
2138,2026-04-23T08:23:52.714Z,S20260423_092137,N/A,AUTO,,134.8378,0.0603,N/A,0,1500,VIDE,0.0,0.0,0.0,0.0,0.0,0.0,0,0,0.0,0.0,,,,,,,,,,,,
2139,2026-04-23T08:23:52.772Z,S20260423_092137,N/A,AUTO,,134.8952,0.0574,N/A,0,1500,VIDE,0.0,0.0,0.0,0.0,0.0,0.0,0,0,0.0,0.0,,,,,,,,,,,,
2140,2026-04-23T08:23:52.836Z,S20260423_092137,N/A,AUTO,,134.9596,0.0643,N/A,0,1500,VIDE,0.0,0.0,0.0,0.0,0.0,0.0,0,0,0.0,0.0,,,,,,,,,,,,
2141,2026-04-23T08:23:52.899Z,S20260423_092137,N/A,AUTO,,135.0228,0.0632,N/A,0,1500,VIDE,0.0,0.0,0.0,0.0,0.0,0.0,0,0,0.0,0.0,,,,,,,,,,,,
2142,2026-04-23T08:23:52.959Z,S20260423_092137,N/A,AUTO,,135.0829,0.0601,N/A,0,1500,VIDE,0.0,0.0,0.0,0.0,0.0,0.0,0,0,0.0,0.0,,,,,,,,,,,,
2143,2026-04-23T08:23:53.021Z,S20260423_092137,N/A,AUTO,,135.1447,0.0618,N/A,0,1500,VIDE,0.0,0.0,0.0,0.0,0.0,0.0,0,0,0.0,0.0,,,,,,,,,,,,
2144,2026-04-23T08:23:53.084Z,S20260423_092137,N/A,AUTO,,135.2073,0.0626,N/A,0,1500,VIDE,0.0,0.0,0.0,0.0,0.0,0.0,0,0,0.0,0.0,,,,,,,,,,,,
2145,2026-04-23T08:23:53.148Z,S20260423_092137,N/A,AUTO,,135.2717,0.0644,N/A,0,1500,VIDE,0.0,0.0,0.0,0.0,0.0,0.0,0,0,0.0,0.0,,,,,,,,,,,,
2146,2026-04-23T08:23:53.210Z,S20260423_092137,N/A,AUTO,,135.3341,0.0624,N/A,0,1500,VIDE,0.0,0.0,0.0,0.0,0.0,0.0,0,0,0.0,0.0,,,,,,,,,,,,
2147,2026-04-23T08:23:53.285Z,S20260423_092137,N/A,AUTO,,135.4082,0.0741,N/A,0,1500,VIDE,0.0,0.0,0.0,0.0,0.0,0.0,0,0,0.0,0.0,,,,,,,,,,,,
2148,2026-04-23T08:23:53.344Z,S20260423_092137,N/A,AUTO,,135.4679,0.0597,N/A,0,1500,VIDE,0.0,0.0,0.0,0.0,0.0,0.0,0,0,0.0,0.0,,,,,,,,,,,,
2149,2026-04-23T08:23:53.397Z,S20260423_092137,N/A,AUTO,,135.5208,0.0529,N/A,0,1500,VIDE,0.0,0.0,0.0,0.0,0.0,0.0,0,0,0.0,0.0,,,,,,,,,,,,
2150,2026-04-23T08:23:53.460Z,S20260423_092137,N/A,AUTO,,135.5836,0.0628,N/A,0,1500,VIDE,0.0,0.0,0.0,0.0,0.0,0.0,0,0,0.0,0.0,,,,,,,,,,,,
2151,2026-04-23T08:23:53.523Z,S20260423_092137,N/A,AUTO,,135.6472,0.0635,N/A,0,1500,VIDE,0.0,0.0,0.0,0.0,0.0,0.0,0,0,0.0,0.0,,,,,,,,,,,,
2152,2026-04-23T08:23:53.583Z,S20260423_092137,N/A,AUTO,,135.707,0.0599,N/A,0,1500,VIDE,0.0,0.0,0.0,0.0,0.0,0.0,0,0,0.0,0.0,,,,,,,,,,,,
2153,2026-04-23T08:23:53.652Z,S20260423_092137,N/A,AUTO,,135.7761,0.0692,N/A,0,1500,VIDE,0.0,0.0,0.0,0.0,0.0,0.0,0,0,0.0,0.0,,,,,,,,,,,,
2154,2026-04-23T08:23:53.717Z,S20260423_092137,N/A,AUTO,,135.8408,0.0647,N/A,0,1500,VIDE,0.0,0.0,0.0,0.0,0.0,0.0,0,0,0.0,0.0,,,,,,,,,,,,
2155,2026-04-23T08:23:53.771Z,S20260423_092137,N/A,AUTO,,135.895,0.0542,N/A,0,1500,VIDE,0.0,0.0,0.0,0.0,0.0,0.0,0,0,0.0,0.0,,,,,,,,,,,,
2156,2026-04-23T08:23:53.842Z,S20260423_092137,N/A,AUTO,,135.9659,0.0709,N/A,0,1500,VIDE,0.0,0.0,0.0,0.0,0.0,0.0,0,0,0.0,0.0,,,,,,,,,,,,
2157,2026-04-23T08:23:53.904Z,S20260423_092137,N/A,AUTO,,136.028,0.0621,N/A,0,1500,VIDE,0.0,0.0,0.0,0.0,0.0,0.0,0,0,0.0,0.0,,,,,,,,,,,,
2158,2026-04-23T08:23:53.962Z,S20260423_092137,N/A,AUTO,,136.0855,0.0574,N/A,0,1500,VIDE,0.0,0.0,0.0,0.0,0.0,0.0,0,0,0.0,0.0,,,,,,,,,,,,
2159,2026-04-23T08:23:54.023Z,S20260423_092137,N/A,AUTO,,136.147,0.0616,N/A,0,1500,VIDE,0.0,0.0,0.0,0.0,0.0,0.0,0,0,0.0,0.0,,,,,,,,,,,,
2160,2026-04-23T08:23:54.084Z,S20260423_092137,N/A,AUTO,,136.2074,0.0604,N/A,0,1500,VIDE,0.0,0.0,0.0,0.0,0.0,0.0,0,0,0.0,0.0,,,,,,,,,,,,
2161,2026-04-23T08:23:54.149Z,S20260423_092137,N/A,AUTO,,136.2723,0.0649,N/A,0,1500,VIDE,0.0,0.0,0.0,0.0,0.0,0.0,0,0,0.0,0.0,,,,,,,,,,,,
2162,2026-04-23T08:23:54.212Z,S20260423_092137,N/A,AUTO,,136.3358,0.0635,N/A,0,1500,VIDE,0.0,0.0,0.0,0.0,0.0,0.0,0,0,0.0,0.0,,,,,,,,,,,,
2163,2026-04-23T08:23:54.276Z,S20260423_092137,N/A,AUTO,,136.3994,0.0636,N/A,0,1500,VIDE,0.0,0.0,0.0,0.0,0.0,0.0,0,0,0.0,0.0,,,,,,,,,,,,
2164,2026-04-23T08:23:54.341Z,S20260423_092137,N/A,AUTO,,136.4645,0.065,N/A,0,1500,VIDE,0.0,0.0,0.0,0.0,0.0,0.0,0,0,0.0,0.0,,,,,,,,,,,,
2165,2026-04-23T08:23:54.404Z,S20260423_092137,N/A,AUTO,,136.5276,0.0631,N/A,0,1500,VIDE,0.0,0.0,0.0,0.0,0.0,0.0,0,0,0.0,0.0,,,,,,,,,,,,
2166,2026-04-23T08:23:54.464Z,S20260423_092137,N/A,AUTO,,136.588,0.0604,N/A,0,1500,VIDE,0.0,0.0,0.0,0.0,0.0,0.0,0,0,0.0,0.0,,,,,,,,,,,,
2167,2026-04-23T08:23:54.524Z,S20260423_092137,N/A,AUTO,,136.6475,0.0595,N/A,0,1500,VIDE,0.0,0.0,0.0,0.0,0.0,0.0,0,0,0.0,0.0,,,,,,,,,,,,
2168,2026-04-23T08:23:54.584Z,S20260423_092137,N/A,AUTO,,136.7074,0.0599,N/A,0,1500,VIDE,0.0,0.0,0.0,0.0,0.0,0.0,0,0,0.0,0.0,,,,,,,,,,,,
2169,2026-04-23T08:23:54.654Z,S20260423_092137,N/A,AUTO,,136.7775,0.07,N/A,0,1500,VIDE,0.0,0.0,0.0,0.0,0.0,0.0,0,0,0.0,0.0,,,,,,,,,,,,
2170,2026-04-23T08:23:54.717Z,S20260423_092137,N/A,AUTO,,136.8408,0.0633,N/A,0,1500,VIDE,0.0,0.0,0.0,0.0,0.0,0.0,0,0,0.0,0.0,,,,,,,,,,,,
2171,2026-04-23T08:23:54.772Z,S20260423_092137,N/A,AUTO,,136.896,0.0553,N/A,0,1500,VIDE,0.0,0.0,0.0,0.0,0.0,0.0,0,0,0.0,0.0,,,,,,,,,,,,
2172,2026-04-23T08:23:54.836Z,S20260423_092137,N/A,AUTO,,136.9595,0.0635,N/A,0,1500,VIDE,0.0,0.0,0.0,0.0,0.0,0.0,0,0,0.0,0.0,,,,,,,,,,,,
2173,2026-04-23T08:23:54.901Z,S20260423_092137,N/A,AUTO,,137.0242,0.0647,N/A,0,1500,VIDE,0.0,0.0,0.0,0.0,0.0,0.0,0,0,0.0,0.0,,,,,,,,,,,,
2174,2026-04-23T08:23:54.964Z,S20260423_092137,N/A,AUTO,,137.0877,0.0635,N/A,0,1500,VIDE,0.0,0.0,0.0,0.0,0.0,0.0,0,0,0.0,0.0,,,,,,,,,,,,
2175,2026-04-23T08:23:55.024Z,S20260423_092137,N/A,AUTO,,137.1481,0.0604,N/A,0,1500,VIDE,0.0,0.0,0.0,0.0,0.0,0.0,0,0,0.0,0.0,,,,,,,,,,,,
2176,2026-04-23T08:23:55.084Z,S20260423_092137,N/A,AUTO,,137.208,0.0599,N/A,0,1500,VIDE,0.0,0.0,0.0,0.0,0.0,0.0,0,0,0.0,0.0,,,,,,,,,,,,
2177,2026-04-23T08:23:55.151Z,S20260423_092137,N/A,AUTO,,137.2744,0.0665,N/A,0,1500,VIDE,0.0,0.0,0.0,0.0,0.0,0.0,0,0,0.0,0.0,,,,,,,,,,,,
2178,2026-04-23T08:23:55.211Z,S20260423_092137,N/A,AUTO,,137.3348,0.0604,N/A,0,1500,VIDE,0.0,0.0,0.0,0.0,0.0,0.0,0,0,0.0,0.0,,,,,,,,,,,,
2179,2026-04-23T08:23:55.274Z,S20260423_092137,N/A,AUTO,,137.398,0.0632,N/A,0,1500,VIDE,0.0,0.0,0.0,0.0,0.0,0.0,0,0,0.0,0.0,,,,,,,,,,,,
2180,2026-04-23T08:23:55.338Z,S20260423_092137,N/A,AUTO,,137.4614,0.0633,N/A,0,1500,VIDE,0.0,0.0,0.0,0.0,0.0,0.0,0,0,0.0,0.0,,,,,,,,,,,,
2181,2026-04-23T08:23:55.397Z,S20260423_092137,N/A,AUTO,,137.5206,0.0592,N/A,0,1500,VIDE,0.0,0.0,0.0,0.0,0.0,0.0,0,0,0.0,0.0,,,,,,,,,,,,
2182,2026-04-23T08:23:55.460Z,S20260423_092137,N/A,AUTO,,137.5839,0.0633,N/A,0,1500,VIDE,0.0,0.0,0.0,0.0,0.0,0.0,0,0,0.0,0.0,,,,,,,,,,,,
2183,2026-04-23T08:23:55.524Z,S20260423_092137,N/A,AUTO,,137.6475,0.0637,N/A,0,1500,VIDE,0.0,0.0,0.0,0.0,0.0,0.0,0,0,0.0,0.0,,,,,,,,,,,,
2184,2026-04-23T08:23:55.584Z,S20260423_092137,N/A,AUTO,,137.7074,0.0598,N/A,0,1500,VIDE,0.0,0.0,0.0,0.0,0.0,0.0,0,0,0.0,0.0,,,,,,,,,,,,
2185,2026-04-23T08:23:55.649Z,S20260423_092137,N/A,AUTO,,137.7731,0.0657,N/A,0,1500,VIDE,0.0,0.0,0.0,0.0,0.0,0.0,0,0,0.0,0.0,,,,,,,,,,,,
2186,2026-04-23T08:23:55.712Z,S20260423_092137,N/A,AUTO,,137.8358,0.0627,N/A,0,1500,VIDE,0.0,0.0,0.0,0.0,0.0,0.0,0,0,0.0,0.0,,,,,,,,,,,,
2187,2026-04-23T08:23:55.775Z,S20260423_092137,N/A,AUTO,,137.8983,0.0625,N/A,0,1500,VIDE,0.0,0.0,0.0,0.0,0.0,0.0,0,0,0.0,0.0,,,,,,,,,,,,
2188,2026-04-23T08:23:55.839Z,S20260423_092137,N/A,AUTO,,137.9631,0.0648,N/A,0,1500,VIDE,0.0,0.0,0.0,0.0,0.0,0.0,0,0,0.0,0.0,,,,,,,,,,,,
2189,2026-04-23T08:23:55.899Z,S20260423_092137,N/A,AUTO,,138.0229,0.0598,N/A,0,1500,VIDE,0.0,0.0,0.0,0.0,0.0,0.0,0,0,0.0,0.0,,,,,,,,,,,,
2190,2026-04-23T08:23:55.963Z,S20260423_092137,N/A,AUTO,,138.0867,0.0638,N/A,0,1500,VIDE,0.0,0.0,0.0,0.0,0.0,0.0,0,0,0.0,0.0,,,,,,,,,,,,
2191,2026-04-23T08:23:56.024Z,S20260423_092137,N/A,AUTO,,138.1475,0.0608,N/A,0,1500,VIDE,0.0,0.0,0.0,0.0,0.0,0.0,0,0,0.0,0.0,,,,,,,,,,,,
2192,2026-04-23T08:23:56.083Z,S20260423_092137,N/A,AUTO,,138.2071,0.0596,N/A,0,1500,VIDE,0.0,0.0,0.0,0.0,0.0,0.0,0,0,0.0,0.0,,,,,,,,,,,,
2193,2026-04-23T08:23:56.148Z,S20260423_092137,N/A,AUTO,,138.2715,0.0644,N/A,0,1500,VIDE,0.0,0.0,0.0,0.0,0.0,0.0,0,0,0.0,0.0,,,,,,,,,,,,
2194,2026-04-23T08:23:56.212Z,S20260423_092137,N/A,AUTO,,138.3356,0.0641,N/A,0,1500,VIDE,0.0,0.0,0.0,0.0,0.0,0.0,0,0,0.0,0.0,,,,,,,,,,,,
2195,2026-04-23T08:23:56.275Z,S20260423_092137,N/A,AUTO,,138.3989,0.0633,N/A,0,1500,VIDE,0.0,0.0,0.0,0.0,0.0,0.0,0,0,0.0,0.0,,,,,,,,,,,,
2196,2026-04-23T08:23:56.339Z,S20260423_092137,N/A,AUTO,,138.4628,0.0639,N/A,0,1500,VIDE,0.0,0.0,0.0,0.0,0.0,0.0,0,0,0.0,0.0,,,,,,,,,,,,
2197,2026-04-23T08:23:56.403Z,S20260423_092137,N/A,AUTO,,138.5268,0.064,N/A,0,1500,VIDE,0.0,0.0,0.0,0.0,0.0,0.0,0,0,0.0,0.0,,,,,,,,,,,,
2198,2026-04-23T08:23:56.459Z,S20260423_092137,N/A,AUTO,,138.5827,0.0559,N/A,0,1500,VIDE,0.0,0.0,0.0,0.0,0.0,0.0,0,0,0.0,0.0,,,,,,,,,,,,
2199,2026-04-23T08:23:56.523Z,S20260423_092137,N/A,AUTO,,138.6466,0.0639,N/A,0,1500,VIDE,0.0,0.0,0.0,0.0,0.0,0.0,0,0,0.0,0.0,,,,,,,,,,,,
2200,2026-04-23T08:23:56.585Z,S20260423_092137,N/A,AUTO,,138.7082,0.0615,N/A,0,1500,VIDE,0.0,0.0,0.0,0.0,0.0,0.0,0,0,0.0,0.0,,,,,,,,,,,,
2201,2026-04-23T08:23:56.651Z,S20260423_092137,N/A,AUTO,,138.7746,0.0664,N/A,0,1500,VIDE,0.0,0.0,0.0,0.0,0.0,0.0,0,0,0.0,0.0,,,,,,,,,,,,
2202,2026-04-23T08:23:56.715Z,S20260423_092137,N/A,AUTO,,138.8391,0.0645,N/A,0,1500,VIDE,0.0,0.0,0.0,0.0,0.0,0.0,0,0,0.0,0.0,,,,,,,,,,,,
2203,2026-04-23T08:23:56.772Z,S20260423_092137,N/A,AUTO,,138.8959,0.0568,N/A,0,1500,VIDE,0.0,0.0,0.0,0.0,0.0,0.0,0,0,0.0,0.0,,,,,,,,,,,,
2204,2026-04-23T08:23:56.837Z,S20260423_092137,N/A,AUTO,,138.9604,0.0645,N/A,0,1500,VIDE,0.0,0.0,0.0,0.0,0.0,0.0,0,0,0.0,0.0,,,,,,,,,,,,
2205,2026-04-23T08:23:56.898Z,S20260423_092137,N/A,AUTO,,139.022,0.0615,N/A,0,1500,VIDE,0.0,0.0,0.0,0.0,0.0,0.0,0,0,0.0,0.0,,,,,,,,,,,,
2206,2026-04-23T08:23:56.964Z,S20260423_092137,N/A,AUTO,,139.088,0.0661,N/A,0,1500,VIDE,0.0,0.0,0.0,0.0,0.0,0.0,0,0,0.0,0.0,,,,,,,,,,,,
2207,2026-04-23T08:23:57.022Z,S20260423_092137,N/A,AUTO,,139.146,0.058,N/A,0,1500,VIDE,0.0,0.0,0.0,0.0,0.0,0.0,0,0,0.0,0.0,,,,,,,,,,,,
2208,2026-04-23T08:23:57.084Z,S20260423_092137,N/A,AUTO,,139.2078,0.0618,N/A,0,1500,VIDE,0.0,0.0,0.0,0.0,0.0,0.0,0,0,0.0,0.0,,,,,,,,,,,,
2209,2026-04-23T08:23:57.147Z,S20260423_092137,N/A,AUTO,,139.2707,0.0629,N/A,0,1500,VIDE,0.0,0.0,0.0,0.0,0.0,0.0,0,0,0.0,0.0,,,,,,,,,,,,
2210,2026-04-23T08:23:57.211Z,S20260423_092137,N/A,AUTO,,139.3351,0.0644,N/A,0,1500,VIDE,0.0,0.0,0.0,0.0,0.0,0.0,0,0,0.0,0.0,,,,,,,,,,,,
2211,2026-04-23T08:23:57.274Z,S20260423_092137,N/A,AUTO,,139.3977,0.0626,N/A,0,1500,VIDE,0.0,0.0,0.0,0.0,0.0,0.0,0,0,0.0,0.0,,,,,,,,,,,,
2212,2026-04-23T08:23:57.336Z,S20260423_092137,N/A,AUTO,,139.4596,0.062,N/A,0,1500,VIDE,0.0,0.0,0.0,0.0,0.0,0.0,0,0,0.0,0.0,,,,,,,,,,,,
2213,2026-04-23T08:23:57.397Z,S20260423_092137,N/A,AUTO,,139.5204,0.0608,N/A,0,1500,VIDE,0.0,0.0,0.0,0.0,0.0,0.0,0,0,0.0,0.0,,,,,,,,,,,,
2214,2026-04-23T08:23:57.459Z,S20260423_092137,N/A,AUTO,,139.5827,0.0623,N/A,0,1500,VIDE,0.0,0.0,0.0,0.0,0.0,0.0,0,0,0.0,0.0,,,,,,,,,,,,
2215,2026-04-23T08:23:57.523Z,S20260423_092137,N/A,AUTO,,139.6466,0.0639,N/A,0,1500,VIDE,0.0,0.0,0.0,0.0,0.0,0.0,0,0,0.0,0.0,,,,,,,,,,,,
2216,2026-04-23T08:23:57.583Z,S20260423_092137,N/A,AUTO,,139.707,0.0604,N/A,0,1500,VIDE,0.0,0.0,0.0,0.0,0.0,0.0,0,0,0.0,0.0,,,,,,,,,,,,
2217,2026-04-23T08:23:57.650Z,S20260423_092137,N/A,AUTO,,139.7739,0.0669,N/A,0,1500,VIDE,0.0,0.0,0.0,0.0,0.0,0.0,0,0,0.0,0.0,,,,,,,,,,,,
2218,2026-04-23T08:23:57.712Z,S20260423_092137,N/A,AUTO,,139.8358,0.0619,N/A,0,1500,VIDE,0.0,0.0,0.0,0.0,0.0,0.0,0,0,0.0,0.0,,,,,,,,,,,,
2219,2026-04-23T08:23:57.775Z,S20260423_092137,N/A,AUTO,,139.8985,0.0626,N/A,0,1500,VIDE,0.0,0.0,0.0,0.0,0.0,0.0,0,0,0.0,0.0,,,,,,,,,,,,
2220,2026-04-23T08:23:57.835Z,S20260423_092137,N/A,AUTO,,139.9587,0.0602,N/A,0,1500,VIDE,0.0,0.0,0.0,0.0,0.0,0.0,0,0,0.0,0.0,,,,,,,,,,,,
2221,2026-04-23T08:23:57.899Z,S20260423_092137,N/A,AUTO,,140.0226,0.0639,N/A,0,1500,VIDE,0.0,0.0,0.0,0.0,0.0,0.0,0,0,0.0,0.0,,,,,,,,,,,,
2222,2026-04-23T08:23:57.962Z,S20260423_092137,N/A,AUTO,,140.0858,0.0632,N/A,0,1500,VIDE,0.0,0.0,0.0,0.0,0.0,0.0,0,0,0.0,0.0,,,,,,,,,,,,
2223,2026-04-23T08:23:58.024Z,S20260423_092137,N/A,AUTO,,140.1474,0.0616,N/A,0,1500,VIDE,0.0,0.0,0.0,0.0,0.0,0.0,0,0,0.0,0.0,,,,,,,,,,,,
2224,2026-04-23T08:23:58.085Z,S20260423_092137,N/A,AUTO,,140.2083,0.0609,N/A,0,1500,VIDE,0.0,0.0,0.0,0.0,0.0,0.0,0,0,0.0,0.0,,,,,,,,,,,,
2225,2026-04-23T08:23:58.148Z,S20260423_092137,N/A,AUTO,,140.2718,0.0636,N/A,0,1500,VIDE,0.0,0.0,0.0,0.0,0.0,0.0,0,0,0.0,0.0,,,,,,,,,,,,
2226,2026-04-23T08:23:58.213Z,S20260423_092137,N/A,AUTO,,140.3365,0.0647,N/A,0,1500,VIDE,0.0,0.0,0.0,0.0,0.0,0.0,0,0,0.0,0.0,,,,,,,,,,,,
2227,2026-04-23T08:23:58.274Z,S20260423_092137,N/A,AUTO,,140.3977,0.0612,N/A,0,1500,VIDE,0.0,0.0,0.0,0.0,0.0,0.0,0,0,0.0,0.0,,,,,,,,,,,,
2228,2026-04-23T08:23:58.336Z,S20260423_092137,N/A,AUTO,,140.4599,0.0621,N/A,0,1500,VIDE,0.0,0.0,0.0,0.0,0.0,0.0,0,0,0.0,0.0,,,,,,,,,,,,
2229,2026-04-23T08:23:58.396Z,S20260423_092137,N/A,AUTO,,140.5196,0.0598,N/A,0,1500,VIDE,0.0,0.0,0.0,0.0,0.0,0.0,0,0,0.0,0.0,,,,,,,,,,,,
2230,2026-04-23T08:23:58.461Z,S20260423_092137,N/A,AUTO,,140.5844,0.0648,N/A,0,1500,VIDE,0.0,0.0,0.0,0.0,0.0,0.0,0,0,0.0,0.0,,,,,,,,,,,,
2231,2026-04-23T08:23:58.524Z,S20260423_092137,N/A,AUTO,,140.6472,0.0627,N/A,0,1500,VIDE,0.0,0.0,0.0,0.0,0.0,0.0,0,0,0.0,0.0,,,,,,,,,,,,
2232,2026-04-23T08:23:58.585Z,S20260423_092137,N/A,AUTO,,140.7085,0.0613,N/A,0,1500,VIDE,0.0,0.0,0.0,0.0,0.0,0.0,0,0,0.0,0.0,,,,,,,,,,,,
2233,2026-04-23T08:23:58.649Z,S20260423_092137,N/A,AUTO,,140.7729,0.0645,N/A,0,1500,VIDE,0.0,0.0,0.0,0.0,0.0,0.0,0,0,0.0,0.0,,,,,,,,,,,,
2234,2026-04-23T08:23:58.712Z,S20260423_092137,N/A,AUTO,,140.8356,0.0628,N/A,0,1500,VIDE,0.0,0.0,0.0,0.0,0.0,0.0,0,0,0.0,0.0,,,,,,,,,,,,
2235,2026-04-23T08:23:58.773Z,S20260423_092137,N/A,AUTO,,140.8967,0.061,N/A,0,1500,VIDE,0.0,0.0,0.0,0.0,0.0,0.0,0,0,0.0,0.0,,,,,,,,,,,,
2236,2026-04-23T08:23:58.834Z,S20260423_092137,N/A,AUTO,,140.9578,0.0612,N/A,0,1500,VIDE,0.0,0.0,0.0,0.0,0.0,0.0,0,0,0.0,0.0,,,,,,,,,,,,
2237,2026-04-23T08:23:58.897Z,S20260423_092137,N/A,AUTO,,141.0207,0.0629,N/A,0,1500,VIDE,0.0,0.0,0.0,0.0,0.0,0.0,0,0,0.0,0.0,,,,,,,,,,,,
2238,2026-04-23T08:23:58.959Z,S20260423_092137,N/A,AUTO,,141.083,0.0622,N/A,0,1500,VIDE,0.0,0.0,0.0,0.0,0.0,0.0,0,0,0.0,0.0,,,,,,,,,,,,
2239,2026-04-23T08:23:59.021Z,S20260423_092137,N/A,AUTO,,141.145,0.062,N/A,0,1500,VIDE,0.0,0.0,0.0,0.0,0.0,0.0,0,0,0.0,0.0,,,,,,,,,,,,
2240,2026-04-23T08:23:59.084Z,S20260423_092137,N/A,AUTO,,141.2078,0.0628,N/A,0,1500,VIDE,0.0,0.0,0.0,0.0,0.0,0.0,0,0,0.0,0.0,,,,,,,,,,,,
2241,2026-04-23T08:23:59.147Z,S20260423_092137,N/A,AUTO,,141.2707,0.0629,N/A,0,1500,VIDE,0.0,0.0,0.0,0.0,0.0,0.0,0,0,0.0,0.0,,,,,,,,,,,,
2242,2026-04-23T08:23:59.209Z,S20260423_092137,N/A,AUTO,,141.3325,0.0618,N/A,0,1500,VIDE,0.0,0.0,0.0,0.0,0.0,0.0,0,0,0.0,0.0,,,,,,,,,,,,
2243,2026-04-23T08:23:59.271Z,S20260423_092137,N/A,AUTO,,141.3951,0.0625,N/A,0,1500,VIDE,0.0,0.0,0.0,0.0,0.0,0.0,0,0,0.0,0.0,,,,,,,,,,,,
2244,2026-04-23T08:23:59.334Z,S20260423_092137,N/A,AUTO,,141.4577,0.0627,N/A,0,1500,VIDE,0.0,0.0,0.0,0.0,0.0,0.0,0,0,0.0,0.0,,,,,,,,,,,,
2245,2026-04-23T08:23:59.397Z,S20260423_092137,N/A,AUTO,,141.5209,0.0632,N/A,0,1500,VIDE,0.0,0.0,0.0,0.0,0.0,0.0,0,0,0.0,0.0,,,,,,,,,,,,
2246,2026-04-23T08:23:59.459Z,S20260423_092137,N/A,AUTO,,141.5825,0.0616,N/A,0,1500,VIDE,0.0,0.0,0.0,0.0,0.0,0.0,0,0,0.0,0.0,,,,,,,,,,,,
2247,2026-04-23T08:23:59.521Z,S20260423_092137,N/A,AUTO,,141.6446,0.0621,N/A,0,1500,VIDE,0.0,0.0,0.0,0.0,0.0,0.0,0,0,0.0,0.0,,,,,,,,,,,,
2248,2026-04-23T08:23:59.585Z,S20260423_092137,N/A,AUTO,,141.7084,0.0637,N/A,0,1500,VIDE,0.0,0.0,0.0,0.0,0.0,0.0,0,0,0.0,0.0,,,,,,,,,,,,
2249,2026-04-23T08:23:59.660Z,S20260423_092137,N/A,AUTO,,141.7837,0.0753,N/A,0,1500,VIDE,0.0,0.0,0.0,0.0,0.0,0.0,0,0,0.0,0.0,,,,,,,,,,,,
2250,2026-04-23T08:23:59.709Z,S20260423_092137,N/A,AUTO,,141.8324,0.0488,N/A,0,1500,VIDE,0.0,0.0,0.0,0.0,0.0,0.0,0,0,0.0,0.0,,,,,,,,,,,,
2251,2026-04-23T08:23:59.772Z,S20260423_092137,N/A,AUTO,,141.8953,0.0629,N/A,0,1500,VIDE,0.0,0.0,0.0,0.0,0.0,0.0,0,0,0.0,0.0,,,,,,,,,,,,
2252,2026-04-23T08:23:59.843Z,S20260423_092137,N/A,AUTO,,141.9671,0.0718,N/A,0,1500,VIDE,0.0,0.0,0.0,0.0,0.0,0.0,0,0,0.0,0.0,,,,,,,,,,,,
2253,2026-04-23T08:23:59.904Z,S20260423_092137,N/A,AUTO,,142.0279,0.0608,N/A,0,1500,VIDE,0.0,0.0,0.0,0.0,0.0,0.0,0,0,0.0,0.0,,,,,,,,,,,,
2254,2026-04-23T08:23:59.964Z,S20260423_092137,N/A,AUTO,,142.088,0.0601,N/A,0,1500,VIDE,0.0,0.0,0.0,0.0,0.0,0.0,0,0,0.0,0.0,,,,,,,,,,,,
2255,2026-04-23T08:24:00.024Z,S20260423_092137,N/A,AUTO,,142.1477,0.0596,N/A,0,1500,VIDE,0.0,0.0,0.0,0.0,0.0,0.0,0,0,0.0,0.0,,,,,,,,,,,,
2256,2026-04-23T08:24:00.084Z,S20260423_092137,N/A,AUTO,,142.2072,0.0596,N/A,0,1500,VIDE,0.0,0.0,0.0,0.0,0.0,0.0,0,0,0.0,0.0,,,,,,,,,,,,
2257,2026-04-23T08:24:00.147Z,S20260423_092137,N/A,AUTO,,142.2708,0.0636,N/A,0,1500,VIDE,0.0,0.0,0.0,0.0,0.0,0.0,0,0,0.0,0.0,,,,,,,,,,,,
2258,2026-04-23T08:24:00.211Z,S20260423_092137,N/A,AUTO,,142.3345,0.0637,N/A,0,1500,VIDE,0.0,0.0,0.0,0.0,0.0,0.0,0,0,0.0,0.0,,,,,,,,,,,,
2259,2026-04-23T08:24:00.275Z,S20260423_092137,N/A,AUTO,,142.3987,0.0643,N/A,0,1500,VIDE,0.0,0.0,0.0,0.0,0.0,0.0,0,0,0.0,0.0,,,,,,,,,,,,
2260,2026-04-23T08:24:00.339Z,S20260423_092137,N/A,AUTO,,142.4628,0.0641,N/A,0,1500,VIDE,0.0,0.0,0.0,0.0,0.0,0.0,0,0,0.0,0.0,,,,,,,,,,,,
2261,2026-04-23T08:24:00.403Z,S20260423_092137,N/A,AUTO,,142.5268,0.0639,N/A,0,1500,VIDE,0.0,0.0,0.0,0.0,0.0,0.0,0,0,0.0,0.0,,,,,,,,,,,,
2262,2026-04-23T08:24:00.459Z,S20260423_092137,N/A,AUTO,,142.5827,0.0559,N/A,0,1500,VIDE,0.0,0.0,0.0,0.0,0.0,0.0,0,0,0.0,0.0,,,,,,,,,,,,
2263,2026-04-23T08:24:00.523Z,S20260423_092137,N/A,AUTO,,142.6467,0.064,N/A,0,1500,VIDE,0.0,0.0,0.0,0.0,0.0,0.0,0,0,0.0,0.0,,,,,,,,,,,,
2264,2026-04-23T08:24:00.584Z,S20260423_092137,N/A,AUTO,,142.7073,0.0606,N/A,0,1500,VIDE,0.0,0.0,0.0,0.0,0.0,0.0,0,0,0.0,0.0,,,,,,,,,,,,
2265,2026-04-23T08:24:00.651Z,S20260423_092137,N/A,AUTO,,142.7746,0.0673,N/A,0,1500,VIDE,0.0,0.0,0.0,0.0,0.0,0.0,0,0,0.0,0.0,,,,,,,,,,,,
2266,2026-04-23T08:24:00.721Z,S20260423_092137,N/A,AUTO,,142.8448,0.0703,N/A,0,1500,VIDE,0.0,0.0,0.0,0.0,0.0,0.0,0,0,0.0,0.0,,,,,,,,,,,,
2267,2026-04-23T08:24:00.779Z,S20260423_092137,N/A,AUTO,,142.9028,0.058,N/A,0,1500,VIDE,0.0,0.0,0.0,0.0,0.0,0.0,0,0,0.0,0.0,,,,,,,,,,,,
2268,2026-04-23T08:24:00.835Z,S20260423_092137,N/A,AUTO,,142.9588,0.056,N/A,0,1500,VIDE,0.0,0.0,0.0,0.0,0.0,0.0,0,0,0.0,0.0,,,,,,,,,,,,
2269,2026-04-23T08:24:00.899Z,S20260423_092137,N/A,AUTO,,143.0227,0.0639,N/A,0,1500,VIDE,0.0,0.0,0.0,0.0,0.0,0.0,0,0,0.0,0.0,,,,,,,,,,,,
2270,2026-04-23T08:24:00.964Z,S20260423_092137,N/A,AUTO,,143.0874,0.0647,N/A,0,1500,VIDE,0.0,0.0,0.0,0.0,0.0,0.0,0,0,0.0,0.0,,,,,,,,,,,,
2271,2026-04-23T08:24:01.024Z,S20260423_092137,N/A,AUTO,,143.1479,0.0605,N/A,0,1500,VIDE,0.0,0.0,0.0,0.0,0.0,0.0,0,0,0.0,0.0,,,,,,,,,,,,
2272,2026-04-23T08:24:01.084Z,S20260423_092137,N/A,AUTO,,143.2076,0.0597,N/A,0,1500,VIDE,0.0,0.0,0.0,0.0,0.0,0.0,0,0,0.0,0.0,,,,,,,,,,,,
2273,2026-04-23T08:24:01.148Z,S20260423_092137,N/A,AUTO,,143.2712,0.0636,N/A,0,1500,VIDE,0.0,0.0,0.0,0.0,0.0,0.0,0,0,0.0,0.0,,,,,,,,,,,,
2274,2026-04-23T08:24:01.219Z,S20260423_092137,N/A,AUTO,,143.3423,0.0711,N/A,0,1500,VIDE,0.0,0.0,0.0,0.0,0.0,0.0,0,0,0.0,0.0,,,,,,,,,,,,
2275,2026-04-23T08:24:01.280Z,S20260423_092137,N/A,AUTO,,143.4033,0.061,N/A,0,1500,VIDE,0.0,0.0,0.0,0.0,0.0,0.0,0,0,0.0,0.0,,,,,,,,,,,,
2276,2026-04-23T08:24:01.343Z,S20260423_092137,N/A,AUTO,,143.4665,0.0633,N/A,0,1500,VIDE,0.0,0.0,0.0,0.0,0.0,0.0,0,0,0.0,0.0,,,,,,,,,,,,
2277,2026-04-23T08:24:01.403Z,S20260423_092137,N/A,AUTO,,143.5268,0.0603,N/A,0,1500,VIDE,0.0,0.0,0.0,0.0,0.0,0.0,0,0,0.0,0.0,,,,,,,,,,,,
2278,2026-04-23T08:24:01.464Z,S20260423_092137,N/A,AUTO,,143.5873,0.0606,N/A,0,1500,VIDE,0.0,0.0,0.0,0.0,0.0,0.0,0,0,0.0,0.0,,,,,,,,,,,,
2279,2026-04-23T08:24:01.524Z,S20260423_092137,N/A,AUTO,,143.6479,0.0605,N/A,0,1500,VIDE,0.0,0.0,0.0,0.0,0.0,0.0,0,0,0.0,0.0,,,,,,,,,,,,
2280,2026-04-23T08:24:01.584Z,S20260423_092137,N/A,AUTO,,143.7074,0.0596,N/A,0,1500,VIDE,0.0,0.0,0.0,0.0,0.0,0.0,0,0,0.0,0.0,,,,,,,,,,,,
2281,2026-04-23T08:24:01.656Z,S20260423_092137,N/A,AUTO,,143.7799,0.0725,N/A,0,1500,VIDE,0.0,0.0,0.0,0.0,0.0,0.0,0,0,0.0,0.0,,,,,,,,,,,,
2282,2026-04-23T08:24:01.715Z,S20260423_092137,N/A,AUTO,,143.8387,0.0588,N/A,0,1500,VIDE,0.0,0.0,0.0,0.0,0.0,0.0,0,0,0.0,0.0,,,,,,,,,,,,
2283,2026-04-23T08:24:01.771Z,S20260423_092137,N/A,AUTO,,143.8948,0.0561,N/A,0,1500,VIDE,0.0,0.0,0.0,0.0,0.0,0.0,0,0,0.0,0.0,,,,,,,,,,,,
2284,2026-04-23T08:24:01.835Z,S20260423_092137,N/A,AUTO,,143.9588,0.064,N/A,0,1500,VIDE,0.0,0.0,0.0,0.0,0.0,0.0,0,0,0.0,0.0,,,,,,,,,,,,
2285,2026-04-23T08:24:01.903Z,S20260423_092137,N/A,AUTO,,144.027,0.0682,N/A,0,1500,VIDE,0.0,0.0,0.0,0.0,0.0,0.0,0,0,0.0,0.0,,,,,,,,,,,,
2286,2026-04-23T08:24:01.963Z,S20260423_092137,N/A,AUTO,,144.0871,0.06,N/A,0,1500,VIDE,0.0,0.0,0.0,0.0,0.0,0.0,0,0,0.0,0.0,,,,,,,,,,,,
2287,2026-04-23T08:24:02.024Z,S20260423_092137,N/A,AUTO,,144.1474,0.0603,N/A,0,1500,VIDE,0.0,0.0,0.0,0.0,0.0,0.0,0,0,0.0,0.0,,,,,,,,,,,,
2288,2026-04-23T08:24:02.084Z,S20260423_092137,N/A,AUTO,,144.2072,0.0598,N/A,0,1500,VIDE,0.0,0.0,0.0,0.0,0.0,0.0,0,0,0.0,0.0,,,,,,,,,,,,
2289,2026-04-23T08:24:02.154Z,S20260423_092137,N/A,AUTO,,144.2781,0.0709,N/A,0,1500,VIDE,0.0,0.0,0.0,0.0,0.0,0.0,0,0,0.0,0.0,,,,,,,,,,,,
2290,2026-04-23T08:24:02.217Z,S20260423_092137,N/A,AUTO,,144.3407,0.0627,N/A,0,1500,VIDE,0.0,0.0,0.0,0.0,0.0,0.0,0,0,0.0,0.0,,,,,,,,,,,,
2291,2026-04-23T08:24:02.280Z,S20260423_092137,N/A,AUTO,,144.4037,0.0629,N/A,0,1500,VIDE,0.0,0.0,0.0,0.0,0.0,0.0,0,0,0.0,0.0,,,,,,,,,,,,
2292,2026-04-23T08:24:02.342Z,S20260423_092137,N/A,AUTO,,144.4661,0.0624,N/A,0,1500,VIDE,0.0,0.0,0.0,0.0,0.0,0.0,0,0,0.0,0.0,,,,,,,,,,,,
2293,2026-04-23T08:24:02.404Z,S20260423_092137,N/A,AUTO,,144.5272,0.0611,N/A,0,1500,VIDE,0.0,0.0,0.0,0.0,0.0,0.0,0,0,0.0,0.0,,,,,,,,,,,,
2294,2026-04-23T08:24:02.460Z,S20260423_092137,N/A,AUTO,,144.5833,0.0561,N/A,0,1500,VIDE,0.0,0.0,0.0,0.0,0.0,0.0,0,0,0.0,0.0,,,,,,,,,,,,
2295,2026-04-23T08:24:02.525Z,S20260423_092137,N/A,AUTO,,144.6482,0.0649,N/A,0,1500,VIDE,0.0,0.0,0.0,0.0,0.0,0.0,0,0,0.0,0.0,,,,,,,,,,,,
2296,2026-04-23T08:24:02.584Z,S20260423_092137,N/A,AUTO,,144.7076,0.0593,N/A,0,1500,VIDE,0.0,0.0,0.0,0.0,0.0,0.0,0,0,0.0,0.0,,,,,,,,,,,,
2297,2026-04-23T08:24:02.658Z,S20260423_092137,N/A,AUTO,,144.7816,0.074,N/A,0,1500,VIDE,0.0,0.0,0.0,0.0,0.0,0.0,0,0,0.0,0.0,,,,,,,,,,,,
2298,2026-04-23T08:24:02.712Z,S20260423_092137,N/A,AUTO,,144.8356,0.054,N/A,0,1500,VIDE,0.0,0.0,0.0,0.0,0.0,0.0,0,0,0.0,0.0,,,,,,,,,,,,
2299,2026-04-23T08:24:02.774Z,S20260423_092137,N/A,AUTO,,144.8977,0.0621,N/A,0,1500,VIDE,0.0,0.0,0.0,0.0,0.0,0.0,0,0,0.0,0.0,,,,,,,,,,,,
2300,2026-04-23T08:24:02.836Z,S20260423_092137,N/A,AUTO,,144.9595,0.0618,N/A,0,1500,VIDE,0.0,0.0,0.0,0.0,0.0,0.0,0,0,0.0,0.0,,,,,,,,,,,,
2301,2026-04-23T08:24:02.900Z,S20260423_092137,N/A,AUTO,,145.0232,0.0638,N/A,0,1500,VIDE,0.0,0.0,0.0,0.0,0.0,0.0,0,0,0.0,0.0,,,,,,,,,,,,
2302,2026-04-23T08:24:02.964Z,S20260423_092137,N/A,AUTO,,145.088,0.0647,N/A,0,1500,VIDE,0.0,0.0,0.0,0.0,0.0,0.0,0,0,0.0,0.0,,,,,,,,,,,,
2303,2026-04-23T08:24:03.024Z,S20260423_092137,N/A,AUTO,,145.1472,0.0593,N/A,0,1500,VIDE,0.0,0.0,0.0,0.0,0.0,0.0,0,0,0.0,0.0,,,,,,,,,,,,
2304,2026-04-23T08:24:03.085Z,S20260423_092137,N/A,AUTO,,145.2086,0.0613,N/A,0,1500,VIDE,0.0,0.0,0.0,0.0,0.0,0.0,0,0,0.0,0.0,,,,,,,,,,,,
2305,2026-04-23T08:24:03.155Z,S20260423_092137,N/A,AUTO,,145.2787,0.0702,N/A,0,1500,VIDE,0.0,0.0,0.0,0.0,0.0,0.0,0,0,0.0,0.0,,,,,,,,,,,,
2306,2026-04-23T08:24:03.218Z,S20260423_092137,N/A,AUTO,,145.3413,0.0626,N/A,0,1500,VIDE,0.0,0.0,0.0,0.0,0.0,0.0,0,0,0.0,0.0,,,,,,,,,,,,
2307,2026-04-23T08:24:03.275Z,S20260423_092137,N/A,AUTO,,145.3988,0.0575,N/A,0,1500,VIDE,0.0,0.0,0.0,0.0,0.0,0.0,0,0,0.0,0.0,,,,,,,,,,,,
2308,2026-04-23T08:24:03.338Z,S20260423_092137,N/A,AUTO,,145.4621,0.0633,N/A,0,1500,VIDE,0.0,0.0,0.0,0.0,0.0,0.0,0,0,0.0,0.0,,,,,,,,,,,,
2309,2026-04-23T08:24:03.403Z,S20260423_092137,N/A,AUTO,,145.5269,0.0649,N/A,0,1500,VIDE,0.0,0.0,0.0,0.0,0.0,0.0,0,0,0.0,0.0,,,,,,,,,,,,
2310,2026-04-23T08:24:03.459Z,S20260423_092137,N/A,AUTO,,145.5826,0.0557,N/A,0,1500,VIDE,0.0,0.0,0.0,0.0,0.0,0.0,0,0,0.0,0.0,,,,,,,,,,,,
2311,2026-04-23T08:24:03.523Z,S20260423_092137,N/A,AUTO,,145.6465,0.0638,N/A,0,1500,VIDE,0.0,0.0,0.0,0.0,0.0,0.0,0,0,0.0,0.0,,,,,,,,,,,,
2312,2026-04-23T08:24:03.583Z,S20260423_092137,N/A,AUTO,,145.7071,0.0606,N/A,0,1500,VIDE,0.0,0.0,0.0,0.0,0.0,0.0,0,0,0.0,0.0,,,,,,,,,,,,
2313,2026-04-23T08:24:03.652Z,S20260423_092137,N/A,AUTO,,145.7752,0.0682,N/A,0,1500,VIDE,0.0,0.0,0.0,0.0,0.0,0.0,0,0,0.0,0.0,,,,,,,,,,,,
2314,2026-04-23T08:24:03.715Z,S20260423_092137,N/A,AUTO,,145.8388,0.0636,N/A,0,1500,VIDE,0.0,0.0,0.0,0.0,0.0,0.0,0,0,0.0,0.0,,,,,,,,,,,,
2315,2026-04-23T08:24:03.773Z,S20260423_092137,N/A,AUTO,,145.8964,0.0576,N/A,0,1500,VIDE,0.0,0.0,0.0,0.0,0.0,0.0,0,0,0.0,0.0,,,,,,,,,,,,
2316,2026-04-23T08:24:03.835Z,S20260423_092137,N/A,AUTO,,145.9582,0.0618,N/A,0,1500,VIDE,0.0,0.0,0.0,0.0,0.0,0.0,0,0,0.0,0.0,,,,,,,,,,,,
2317,2026-04-23T08:24:03.905Z,S20260423_092137,N/A,AUTO,,146.0283,0.0701,N/A,0,1500,VIDE,0.0,0.0,0.0,0.0,0.0,0.0,0,0,0.0,0.0,,,,,,,,,,,,
2318,2026-04-23T08:24:03.965Z,S20260423_092137,N/A,AUTO,,146.0886,0.0603,N/A,0,1500,VIDE,0.0,0.0,0.0,0.0,0.0,0.0,0,0,0.0,0.0,,,,,,,,,,,,
2319,2026-04-23T08:24:04.025Z,S20260423_092137,N/A,AUTO,,146.1487,0.0602,N/A,0,1500,VIDE,0.0,0.0,0.0,0.0,0.0,0.0,0,0,0.0,0.0,,,,,,,,,,,,
2320,2026-04-23T08:24:04.085Z,S20260423_092137,N/A,AUTO,,146.2082,0.0594,N/A,0,1500,VIDE,0.0,0.0,0.0,0.0,0.0,0.0,0,0,0.0,0.0,,,,,,,,,,,,
2321,2026-04-23T08:24:04.147Z,S20260423_092137,N/A,AUTO,,146.2711,0.0629,N/A,0,1500,VIDE,0.0,0.0,0.0,0.0,0.0,0.0,0,0,0.0,0.0,,,,,,,,,,,,
2322,2026-04-23T08:24:04.212Z,S20260423_092137,N/A,AUTO,,146.3362,0.0651,N/A,0,1500,VIDE,0.0,0.0,0.0,0.0,0.0,0.0,0,0,0.0,0.0,,,,,,,,,,,,
2323,2026-04-23T08:24:04.273Z,S20260423_092137,N/A,AUTO,,146.397,0.0608,N/A,0,1500,VIDE,0.0,0.0,0.0,0.0,0.0,0.0,0,0,0.0,0.0,,,,,,,,,,,,
2324,2026-04-23T08:24:04.336Z,S20260423_092137,N/A,AUTO,,146.4592,0.0622,N/A,0,1500,VIDE,0.0,0.0,0.0,0.0,0.0,0.0,0,0,0.0,0.0,,,,,,,,,,,,
2325,2026-04-23T08:24:04.398Z,S20260423_092137,N/A,AUTO,,146.5212,0.062,N/A,0,1500,VIDE,0.0,0.0,0.0,0.0,0.0,0.0,0,0,0.0,0.0,,,,,,,,,,,,
2326,2026-04-23T08:24:04.461Z,S20260423_092137,N/A,AUTO,,146.5845,0.0632,N/A,0,1500,VIDE,0.0,0.0,0.0,0.0,0.0,0.0,0,0,0.0,0.0,,,,,,,,,,,,
2327,2026-04-23T08:24:04.522Z,S20260423_092137,N/A,AUTO,,146.6461,0.0617,N/A,0,1500,VIDE,0.0,0.0,0.0,0.0,0.0,0.0,0,0,0.0,0.0,,,,,,,,,,,,
2328,2026-04-23T08:24:04.584Z,S20260423_092137,N/A,AUTO,,146.7079,0.0617,N/A,0,1500,VIDE,0.0,0.0,0.0,0.0,0.0,0.0,0,0,0.0,0.0,,,,,,,,,,,,
2329,2026-04-23T08:24:04.657Z,S20260423_092137,N/A,AUTO,,146.7803,0.0724,N/A,0,1500,VIDE,0.0,0.0,0.0,0.0,0.0,0.0,0,0,0.0,0.0,,,,,,,,,,,,
2330,2026-04-23T08:24:04.709Z,S20260423_092137,N/A,AUTO,,146.8323,0.052,N/A,0,1500,VIDE,0.0,0.0,0.0,0.0,0.0,0.0,0,0,0.0,0.0,,,,,,,,,,,,
2331,2026-04-23T08:24:04.771Z,S20260423_092137,N/A,AUTO,,146.8951,0.0628,N/A,0,1500,VIDE,0.0,0.0,0.0,0.0,0.0,0.0,0,0,0.0,0.0,,,,,,,,,,,,
2332,2026-04-23T08:24:04.834Z,S20260423_092137,N/A,AUTO,,146.958,0.0629,N/A,0,1500,VIDE,0.0,0.0,0.0,0.0,0.0,0.0,0,0,0.0,0.0,,,,,,,,,,,,
2333,2026-04-23T08:24:04.896Z,S20260423_092137,N/A,AUTO,,147.0201,0.0621,N/A,0,1500,VIDE,0.0,0.0,0.0,0.0,0.0,0.0,0,0,0.0,0.0,,,,,,,,,,,,
2334,2026-04-23T08:24:04.964Z,S20260423_092137,N/A,AUTO,,147.0875,0.0674,N/A,0,1500,VIDE,0.0,0.0,0.0,0.0,0.0,0.0,0,0,0.0,0.0,,,,,,,,,,,,
2335,2026-04-23T08:24:05.021Z,S20260423_092137,N/A,AUTO,,147.1451,0.0575,N/A,0,1500,VIDE,0.0,0.0,0.0,0.0,0.0,0.0,0,0,0.0,0.0,,,,,,,,,,,,
2336,2026-04-23T08:24:05.084Z,S20260423_092137,N/A,AUTO,,147.2073,0.0623,N/A,0,1500,VIDE,0.0,0.0,0.0,0.0,0.0,0.0,0,0,0.0,0.0,,,,,,,,,,,,
2337,2026-04-23T08:24:05.148Z,S20260423_092137,N/A,AUTO,,147.2713,0.064,N/A,0,1500,VIDE,0.0,0.0,0.0,0.0,0.0,0.0,0,0,0.0,0.0,,,,,,,,,,,,
2338,2026-04-23T08:24:05.220Z,S20260423_092137,N/A,AUTO,,147.3436,0.0723,N/A,0,1500,VIDE,0.0,0.0,0.0,0.0,0.0,0.0,0,0,0.0,0.0,,,,,,,,,,,,
2339,2026-04-23T08:24:05.281Z,S20260423_092137,N/A,AUTO,,147.4049,0.0613,N/A,0,1500,VIDE,0.0,0.0,0.0,0.0,0.0,0.0,0,0,0.0,0.0,,,,,,,,,,,,
2340,2026-04-23T08:24:05.333Z,S20260423_092137,N/A,AUTO,,147.4577,0.0523,N/A,0,1500,VIDE,0.0,0.0,0.0,0.0,0.0,0.0,0,0,0.0,0.0,,,,,,,,,,,,
2341,2026-04-23T08:24:05.397Z,S20260423_092137,N/A,AUTO,,147.5208,0.0636,N/A,0,1500,VIDE,0.0,0.0,0.0,0.0,0.0,0.0,0,0,0.0,0.0,,,,,,,,,,,,
2342,2026-04-23T08:24:05.461Z,S20260423_092137,N/A,AUTO,,147.5844,0.0636,N/A,0,1500,VIDE,0.0,0.0,0.0,0.0,0.0,0.0,0,0,0.0,0.0,,,,,,,,,,,,
2343,2026-04-23T08:24:05.523Z,S20260423_092137,N/A,AUTO,,147.647,0.0627,N/A,0,1500,VIDE,0.0,0.0,0.0,0.0,0.0,0.0,0,0,0.0,0.0,,,,,,,,,,,,
2344,2026-04-23T08:24:05.584Z,S20260423_092137,N/A,AUTO,,147.708,0.0609,N/A,0,1500,VIDE,0.0,0.0,0.0,0.0,0.0,0.0,0,0,0.0,0.0,,,,,,,,,,,,
2345,2026-04-23T08:24:05.653Z,S20260423_092137,N/A,AUTO,,147.7765,0.0685,N/A,0,1500,VIDE,0.0,0.0,0.0,0.0,0.0,0.0,0,0,0.0,0.0,,,,,,,,,,,,
2346,2026-04-23T08:24:05.717Z,S20260423_092137,N/A,AUTO,,147.8406,0.0641,N/A,0,1500,VIDE,0.0,0.0,0.0,0.0,0.0,0.0,0,0,0.0,0.0,,,,,,,,,,,,
2347,2026-04-23T08:24:05.780Z,S20260423_092137,N/A,AUTO,,147.9037,0.0631,N/A,0,1500,VIDE,0.0,0.0,0.0,0.0,0.0,0.0,0,0,0.0,0.0,,,,,,,,,,,,
2348,2026-04-23T08:24:05.835Z,S20260423_092137,N/A,AUTO,,147.9591,0.0555,N/A,0,1500,VIDE,0.0,0.0,0.0,0.0,0.0,0.0,0,0,0.0,0.0,,,,,,,,,,,,
2349,2026-04-23T08:24:05.899Z,S20260423_092137,N/A,AUTO,,148.023,0.0639,N/A,0,1500,VIDE,0.0,0.0,0.0,0.0,0.0,0.0,0,0,0.0,0.0,,,,,,,,,,,,
2350,2026-04-23T08:24:05.963Z,S20260423_092137,N/A,AUTO,,148.0869,0.064,N/A,0,1500,VIDE,0.0,0.0,0.0,0.0,0.0,0.0,0,0,0.0,0.0,,,,,,,,,,,,
2351,2026-04-23T08:24:06.021Z,S20260423_092137,N/A,AUTO,,148.1449,0.058,N/A,0,1500,VIDE,0.0,0.0,0.0,0.0,0.0,0.0,0,0,0.0,0.0,,,,,,,,,,,,
2352,2026-04-23T08:24:06.083Z,S20260423_092137,N/A,AUTO,,148.207,0.0621,N/A,0,1500,VIDE,0.0,0.0,0.0,0.0,0.0,0.0,0,0,0.0,0.0,,,,,,,,,,,,
2353,2026-04-23T08:24:06.149Z,S20260423_092137,N/A,AUTO,,148.2727,0.0657,N/A,0,1500,VIDE,0.0,0.0,0.0,0.0,0.0,0.0,0,0,0.0,0.0,,,,,,,,,,,,
2354,2026-04-23T08:24:06.213Z,S20260423_092137,N/A,AUTO,,148.3368,0.0641,N/A,0,1500,VIDE,0.0,0.0,0.0,0.0,0.0,0.0,0,0,0.0,0.0,,,,,,,,,,,,
2355,2026-04-23T08:24:06.272Z,S20260423_092137,N/A,AUTO,,148.3959,0.0591,N/A,0,1500,VIDE,0.0,0.0,0.0,0.0,0.0,0.0,0,0,0.0,0.0,,,,,,,,,,,,
2356,2026-04-23T08:24:06.339Z,S20260423_092137,N/A,AUTO,,148.4629,0.067,N/A,0,1500,VIDE,0.0,0.0,0.0,0.0,0.0,0.0,0,0,0.0,0.0,,,,,,,,,,,,
2357,2026-04-23T08:24:06.403Z,S20260423_092137,N/A,AUTO,,148.5271,0.0642,N/A,0,1500,VIDE,0.0,0.0,0.0,0.0,0.0,0.0,0,0,0.0,0.0,,,,,,,,,,,,
2358,2026-04-23T08:24:06.464Z,S20260423_092137,N/A,AUTO,,148.5875,0.0605,N/A,0,1500,VIDE,0.0,0.0,0.0,0.0,0.0,0.0,0,0,0.0,0.0,,,,,,,,,,,,
2359,2026-04-23T08:24:06.524Z,S20260423_092137,N/A,AUTO,,148.6474,0.0599,N/A,0,1500,VIDE,0.0,0.0,0.0,0.0,0.0,0.0,0,0,0.0,0.0,,,,,,,,,,,,
2360,2026-04-23T08:24:06.584Z,S20260423_092137,N/A,AUTO,,148.7078,0.0603,N/A,0,1500,VIDE,0.0,0.0,0.0,0.0,0.0,0.0,0,0,0.0,0.0,,,,,,,,,,,,
2361,2026-04-23T08:24:06.653Z,S20260423_092137,N/A,AUTO,,148.7771,0.0693,N/A,0,1500,VIDE,0.0,0.0,0.0,0.0,0.0,0.0,0,0,0.0,0.0,,,,,,,,,,,,
2362,2026-04-23T08:24:06.709Z,S20260423_092137,N/A,AUTO,,148.8328,0.0557,N/A,0,1500,VIDE,0.0,0.0,0.0,0.0,0.0,0.0,0,0,0.0,0.0,,,,,,,,,,,,
2363,2026-04-23T08:24:06.773Z,S20260423_092137,N/A,AUTO,,148.8968,0.064,N/A,0,1500,VIDE,0.0,0.0,0.0,0.0,0.0,0.0,0,0,0.0,0.0,,,,,,,,,,,,
2364,2026-04-23T08:24:06.837Z,S20260423_092137,N/A,AUTO,,148.9606,0.0638,N/A,0,1500,VIDE,0.0,0.0,0.0,0.0,0.0,0.0,0,0,0.0,0.0,,,,,,,,,,,,
2365,2026-04-23T08:24:06.902Z,S20260423_092137,N/A,AUTO,,149.0256,0.065,N/A,0,1500,VIDE,0.0,0.0,0.0,0.0,0.0,0.0,0,0,0.0,0.0,,,,,,,,,,,,
2366,2026-04-23T08:24:06.963Z,S20260423_092137,N/A,AUTO,,149.0871,0.0616,N/A,0,1500,VIDE,0.0,0.0,0.0,0.0,0.0,0.0,0,0,0.0,0.0,,,,,,,,,,,,
2367,2026-04-23T08:24:07.024Z,S20260423_092137,N/A,AUTO,,149.1477,0.0606,N/A,0,1500,VIDE,0.0,0.0,0.0,0.0,0.0,0.0,0,0,0.0,0.0,,,,,,,,,,,,
2368,2026-04-23T08:24:07.084Z,S20260423_092137,N/A,AUTO,,149.2075,0.0598,N/A,0,1500,VIDE,0.0,0.0,0.0,0.0,0.0,0.0,0,0,0.0,0.0,,,,,,,,,,,,
2369,2026-04-23T08:24:07.153Z,S20260423_092137,N/A,AUTO,,149.2769,0.0694,N/A,0,1500,VIDE,0.0,0.0,0.0,0.0,0.0,0.0,0,0,0.0,0.0,,,,,,,,,,,,
2370,2026-04-23T08:24:07.216Z,S20260423_092137,N/A,AUTO,,149.3394,0.0625,N/A,0,1500,VIDE,0.0,0.0,0.0,0.0,0.0,0.0,0,0,0.0,0.0,,,,,,,,,,,,
2371,2026-04-23T08:24:07.278Z,S20260423_092137,N/A,AUTO,,149.4019,0.0624,N/A,0,1500,VIDE,0.0,0.0,0.0,0.0,0.0,0.0,0,0,0.0,0.0,,,,,,,,,,,,
2372,2026-04-23T08:24:07.333Z,S20260423_092137,N/A,AUTO,,149.4569,0.055,N/A,0,1500,VIDE,0.0,0.0,0.0,0.0,0.0,0.0,0,0,0.0,0.0,,,,,,,,,,,,
2373,2026-04-23T08:24:07.397Z,S20260423_092137,N/A,AUTO,,149.521,0.0641,N/A,0,1500,VIDE,0.0,0.0,0.0,0.0,0.0,0.0,0,0,0.0,0.0,,,,,,,,,,,,
2374,2026-04-23T08:24:07.461Z,S20260423_092137,N/A,AUTO,,149.585,0.064,N/A,0,1500,VIDE,0.0,0.0,0.0,0.0,0.0,0.0,0,0,0.0,0.0,,,,,,,,,,,,
2375,2026-04-23T08:24:07.523Z,S20260423_092137,N/A,AUTO,,149.6468,0.0618,N/A,0,1500,VIDE,0.0,0.0,0.0,0.0,0.0,0.0,0,0,0.0,0.0,,,,,,,,,,,,
2376,2026-04-23T08:24:07.584Z,S20260423_092137,N/A,AUTO,,149.7079,0.0611,N/A,0,1500,VIDE,0.0,0.0,0.0,0.0,0.0,0.0,0,0,0.0,0.0,,,,,,,,,,,,
2377,2026-04-23T08:24:07.650Z,S20260423_092137,N/A,AUTO,,149.7739,0.0661,N/A,0,1500,VIDE,0.0,0.0,0.0,0.0,0.0,0.0,0,0,0.0,0.0,,,,,,,,,,,,
2378,2026-04-23T08:24:07.713Z,S20260423_092137,N/A,AUTO,,149.8367,0.0628,N/A,0,1500,VIDE,0.0,0.0,0.0,0.0,0.0,0.0,0,0,0.0,0.0,,,,,,,,,,,,
2379,2026-04-23T08:24:07.772Z,S20260423_092137,N/A,AUTO,,149.8953,0.0586,N/A,0,1500,VIDE,0.0,0.0,0.0,0.0,0.0,0.0,0,0,0.0,0.0,,,,,,,,,,,,
2380,2026-04-23T08:24:07.838Z,S20260423_092137,N/A,AUTO,,149.9612,0.0659,N/A,0,1500,VIDE,0.0,0.0,0.0,0.0,0.0,0.0,0,0,0.0,0.0,,,,,,,,,,,,
2381,2026-04-23T08:24:07.899Z,S20260423_092137,N/A,AUTO,,150.0228,0.0616,N/A,0,1500,VIDE,0.0,0.0,0.0,0.0,0.0,0.0,0,0,0.0,0.0,,,,,,,,,,,,
2382,2026-04-23T08:24:07.961Z,S20260423_092137,N/A,AUTO,,150.0845,0.0617,N/A,0,1500,VIDE,0.0,0.0,0.0,0.0,0.0,0.0,0,0,0.0,0.0,,,,,,,,,,,,
2383,2026-04-23T08:24:08.021Z,S20260423_092137,N/A,AUTO,,150.1445,0.06,N/A,0,1500,VIDE,0.0,0.0,0.0,0.0,0.0,0.0,0,0,0.0,0.0,,,,,,,,,,,,
2384,2026-04-23T08:24:08.084Z,S20260423_092137,N/A,AUTO,,150.2072,0.0627,N/A,0,1500,VIDE,0.0,0.0,0.0,0.0,0.0,0.0,0,0,0.0,0.0,,,,,,,,,,,,
2385,2026-04-23T08:24:08.150Z,S20260423_092137,N/A,AUTO,,150.2732,0.066,N/A,0,1500,VIDE,0.0,0.0,0.0,0.0,0.0,0.0,0,0,0.0,0.0,,,,,,,,,,,,
2386,2026-04-23T08:24:08.212Z,S20260423_092137,N/A,AUTO,,150.3359,0.0627,N/A,0,1500,VIDE,0.0,0.0,0.0,0.0,0.0,0.0,0,0,0.0,0.0,,,,,,,,,,,,
2387,2026-04-23T08:24:08.275Z,S20260423_092137,N/A,AUTO,,150.3986,0.0628,N/A,0,1500,VIDE,0.0,0.0,0.0,0.0,0.0,0.0,0,0,0.0,0.0,,,,,,,,,,,,
2388,2026-04-23T08:24:08.337Z,S20260423_092137,N/A,AUTO,,150.4608,0.0622,N/A,0,1500,VIDE,0.0,0.0,0.0,0.0,0.0,0.0,0,0,0.0,0.0,,,,,,,,,,,,
2389,2026-04-23T08:24:08.399Z,S20260423_092137,N/A,AUTO,,150.5227,0.0618,N/A,0,1500,VIDE,0.0,0.0,0.0,0.0,0.0,0.0,0,0,0.0,0.0,,,,,,,,,,,,
2390,2026-04-23T08:24:08.461Z,S20260423_092137,N/A,AUTO,,150.5849,0.0622,N/A,0,1500,VIDE,0.0,0.0,0.0,0.0,0.0,0.0,0,0,0.0,0.0,,,,,,,,,,,,
2391,2026-04-23T08:24:08.523Z,S20260423_092137,N/A,AUTO,,150.6469,0.062,N/A,0,1500,VIDE,0.0,0.0,0.0,0.0,0.0,0.0,0,0,0.0,0.0,,,,,,,,,,,,
2392,2026-04-23T08:24:08.584Z,S20260423_092137,N/A,AUTO,,150.7079,0.0609,N/A,0,1500,VIDE,0.0,0.0,0.0,0.0,0.0,0.0,0,0,0.0,0.0,,,,,,,,,,,,
2393,2026-04-23T08:24:08.650Z,S20260423_092137,N/A,AUTO,,150.7732,0.0653,N/A,0,1500,VIDE,0.0,0.0,0.0,0.0,0.0,0.0,0,0,0.0,0.0,,,,,,,,,,,,
2394,2026-04-23T08:24:08.709Z,S20260423_092137,N/A,AUTO,,150.8326,0.0594,N/A,0,1500,VIDE,0.0,0.0,0.0,0.0,0.0,0.0,0,0,0.0,0.0,,,,,,,,,,,,
2395,2026-04-23T08:24:08.771Z,S20260423_092137,N/A,AUTO,,150.895,0.0624,N/A,0,1500,VIDE,0.0,0.0,0.0,0.0,0.0,0.0,0,0,0.0,0.0,,,,,,,,,,,,
2396,2026-04-23T08:24:08.835Z,S20260423_092137,N/A,AUTO,,150.9591,0.064,N/A,0,1500,VIDE,0.0,0.0,0.0,0.0,0.0,0.0,0,0,0.0,0.0,,,,,,,,,,,,
2397,2026-04-23T08:24:08.899Z,S20260423_092137,N/A,AUTO,,151.0223,0.0633,N/A,0,1500,VIDE,0.0,0.0,0.0,0.0,0.0,0.0,0,0,0.0,0.0,,,,,,,,,,,,
2398,2026-04-23T08:24:08.961Z,S20260423_092137,N/A,AUTO,,151.0849,0.0626,N/A,0,1500,VIDE,0.0,0.0,0.0,0.0,0.0,0.0,0,0,0.0,0.0,,,,,,,,,,,,
2399,2026-04-23T08:24:09.025Z,S20260423_092137,N/A,AUTO,,151.1484,0.0635,N/A,0,1500,VIDE,0.0,0.0,0.0,0.0,0.0,0.0,0,0,0.0,0.0,,,,,,,,,,,,
2400,2026-04-23T08:24:09.084Z,S20260423_092137,N/A,AUTO,,151.208,0.0596,N/A,0,1500,VIDE,0.0,0.0,0.0,0.0,0.0,0.0,0,0,0.0,0.0,,,,,,,,,,,,
2401,2026-04-23T08:24:09.149Z,S20260423_092137,N/A,AUTO,,151.2723,0.0644,N/A,0,1500,VIDE,0.0,0.0,0.0,0.0,0.0,0.0,0,0,0.0,0.0,,,,,,,,,,,,
2402,2026-04-23T08:24:09.211Z,S20260423_092137,N/A,AUTO,,151.335,0.0626,N/A,0,1500,VIDE,0.0,0.0,0.0,0.0,0.0,0.0,0,0,0.0,0.0,,,,,,,,,,,,
2403,2026-04-23T08:24:09.271Z,S20260423_092137,N/A,AUTO,,151.3949,0.0599,N/A,0,1500,VIDE,0.0,0.0,0.0,0.0,0.0,0.0,0,0,0.0,0.0,,,,,,,,,,,,
2404,2026-04-23T08:24:09.335Z,S20260423_092137,N/A,AUTO,,151.4588,0.064,N/A,0,1500,VIDE,0.0,0.0,0.0,0.0,0.0,0.0,0,0,0.0,0.0,,,,,,,,,,,,
2405,2026-04-23T08:24:09.399Z,S20260423_092137,N/A,AUTO,,151.5227,0.0639,N/A,0,1500,VIDE,0.0,0.0,0.0,0.0,0.0,0.0,0,0,0.0,0.0,,,,,,,,,,,,
2406,2026-04-23T08:24:09.461Z,S20260423_092137,N/A,AUTO,,151.5847,0.062,N/A,0,1500,VIDE,0.0,0.0,0.0,0.0,0.0,0.0,0,0,0.0,0.0,,,,,,,,,,,,
2407,2026-04-23T08:24:09.523Z,S20260423_092137,N/A,AUTO,,151.6467,0.0621,N/A,0,1500,VIDE,0.0,0.0,0.0,0.0,0.0,0.0,0,0,0.0,0.0,,,,,,,,,,,,
2408,2026-04-23T08:24:09.584Z,S20260423_092137,N/A,AUTO,,151.708,0.0612,N/A,0,1500,VIDE,0.0,0.0,0.0,0.0,0.0,0.0,0,0,0.0,0.0,,,,,,,,,,,,
2409,2026-04-23T08:24:09.647Z,S20260423_092137,N/A,AUTO,,151.7711,0.0631,N/A,0,1500,VIDE,0.0,0.0,0.0,0.0,0.0,0.0,0,0,0.0,0.0,,,,,,,,,,,,
2410,2026-04-23T08:24:09.715Z,S20260423_092137,N/A,AUTO,,151.839,0.0679,N/A,0,1500,VIDE,0.0,0.0,0.0,0.0,0.0,0.0,0,0,0.0,0.0,,,,,,,,,,,,
2411,2026-04-23T08:24:09.771Z,S20260423_092137,N/A,AUTO,,151.8951,0.0561,N/A,0,1500,VIDE,0.0,0.0,0.0,0.0,0.0,0.0,0,0,0.0,0.0,,,,,,,,,,,,
2412,2026-04-23T08:24:09.835Z,S20260423_092137,N/A,AUTO,,151.959,0.0639,N/A,0,1500,VIDE,0.0,0.0,0.0,0.0,0.0,0.0,0,0,0.0,0.0,,,,,,,,,,,,
2413,2026-04-23T08:24:09.904Z,S20260423_092137,N/A,AUTO,,152.0277,0.0687,N/A,0,1500,VIDE,0.0,0.0,0.0,0.0,0.0,0.0,0,0,0.0,0.0,,,,,,,,,,,,
2414,2026-04-23T08:24:09.959Z,S20260423_092137,N/A,AUTO,,152.0826,0.0549,N/A,0,1500,VIDE,0.0,0.0,0.0,0.0,0.0,0.0,0,0,0.0,0.0,,,,,,,,,,,,
2415,2026-04-23T08:24:10.024Z,S20260423_092137,N/A,AUTO,,152.1476,0.065,N/A,0,1500,VIDE,0.0,0.0,0.0,0.0,0.0,0.0,0,0,0.0,0.0,,,,,,,,,,,,
2416,2026-04-23T08:24:10.083Z,S20260423_092137,N/A,AUTO,,152.2071,0.0595,N/A,0,1500,VIDE,0.0,0.0,0.0,0.0,0.0,0.0,0,0,0.0,0.0,,,,,,,,,,,,
2417,2026-04-23T08:24:10.146Z,S20260423_092137,N/A,AUTO,,152.2696,0.0625,N/A,0,1500,VIDE,0.0,0.0,0.0,0.0,0.0,0.0,0,0,0.0,0.0,,,,,,,,,,,,
2418,2026-04-23T08:24:10.209Z,S20260423_092137,N/A,AUTO,,152.3324,0.0628,N/A,0,1500,VIDE,0.0,0.0,0.0,0.0,0.0,0.0,0,0,0.0,0.0,,,,,,,,,,,,
2419,2026-04-23T08:24:10.272Z,S20260423_092137,N/A,AUTO,,152.396,0.0636,N/A,0,1500,VIDE,0.0,0.0,0.0,0.0,0.0,0.0,0,0,0.0,0.0,,,,,,,,,,,,
2420,2026-04-23T08:24:10.344Z,S20260423_092137,N/A,AUTO,,152.4678,0.0718,N/A,0,1500,VIDE,0.0,0.0,0.0,0.0,0.0,0.0,0,0,0.0,0.0,,,,,,,,,,,,
2421,2026-04-23T08:24:10.404Z,S20260423_092137,N/A,AUTO,,152.5272,0.0594,N/A,0,1500,VIDE,0.0,0.0,0.0,0.0,0.0,0.0,0,0,0.0,0.0,,,,,,,,,,,,
2422,2026-04-23T08:24:10.464Z,S20260423_092137,N/A,AUTO,,152.588,0.0608,N/A,0,1500,VIDE,0.0,0.0,0.0,0.0,0.0,0.0,0,0,0.0,0.0,,,,,,,,,,,,
2423,2026-04-23T08:24:10.524Z,S20260423_092137,N/A,AUTO,,152.6479,0.0598,N/A,0,1500,VIDE,0.0,0.0,0.0,0.0,0.0,0.0,0,0,0.0,0.0,,,,,,,,,,,,
2424,2026-04-23T08:24:10.583Z,S20260423_092137,N/A,AUTO,,152.7071,0.0592,N/A,0,1500,VIDE,0.0,0.0,0.0,0.0,0.0,0.0,0,0,0.0,0.0,,,,,,,,,,,,
2425,2026-04-23T08:24:10.648Z,S20260423_092137,N/A,AUTO,,152.7714,0.0642,N/A,0,1500,VIDE,0.0,0.0,0.0,0.0,0.0,0.0,0,0,0.0,0.0,,,,,,,,,,,,
2426,2026-04-23T08:24:10.712Z,S20260423_092137,N/A,AUTO,,152.8353,0.0639,N/A,0,1500,VIDE,0.0,0.0,0.0,0.0,0.0,0.0,0,0,0.0,0.0,,,,,,,,,,,,
2427,2026-04-23T08:24:10.771Z,S20260423_092137,N/A,AUTO,,152.8951,0.0598,N/A,0,1500,VIDE,0.0,0.0,0.0,0.0,0.0,0.0,0,0,0.0,0.0,,,,,,,,,,,,
2428,2026-04-23T08:24:10.835Z,S20260423_092137,N/A,AUTO,,152.959,0.0639,N/A,0,1500,VIDE,0.0,0.0,0.0,0.0,0.0,0.0,0,0,0.0,0.0,,,,,,,,,,,,
2429,2026-04-23T08:24:10.900Z,S20260423_092137,N/A,AUTO,,153.0232,0.0642,N/A,0,1500,VIDE,0.0,0.0,0.0,0.0,0.0,0.0,0,0,0.0,0.0,,,,,,,,,,,,
2430,2026-04-23T08:24:10.964Z,S20260423_092137,N/A,AUTO,,153.0872,0.064,N/A,0,1500,VIDE,0.0,0.0,0.0,0.0,0.0,0.0,0,0,0.0,0.0,,,,,,,,,,,,
2431,2026-04-23T08:24:11.024Z,S20260423_092137,N/A,AUTO,,153.148,0.0608,N/A,0,1500,VIDE,0.0,0.0,0.0,0.0,0.0,0.0,0,0,0.0,0.0,,,,,,,,,,,,
2432,2026-04-23T08:24:11.084Z,S20260423_092137,N/A,AUTO,,153.2074,0.0594,N/A,0,1500,VIDE,0.0,0.0,0.0,0.0,0.0,0.0,0,0,0.0,0.0,,,,,,,,,,,,
2433,2026-04-23T08:24:11.148Z,S20260423_092137,N/A,AUTO,,153.2712,0.0638,N/A,0,1500,VIDE,0.0,0.0,0.0,0.0,0.0,0.0,0,0,0.0,0.0,,,,,,,,,,,,
2434,2026-04-23T08:24:11.213Z,S20260423_092137,N/A,AUTO,,153.337,0.0659,N/A,0,1500,VIDE,0.0,0.0,0.0,0.0,0.0,0.0,0,0,0.0,0.0,,,,,,,,,,,,
2435,2026-04-23T08:24:11.271Z,S20260423_092137,N/A,AUTO,,153.395,0.058,N/A,0,1500,VIDE,0.0,0.0,0.0,0.0,0.0,0.0,0,0,0.0,0.0,,,,,,,,,,,,
2436,2026-04-23T08:24:11.336Z,S20260423_092137,N/A,AUTO,,153.4597,0.0646,N/A,0,1500,VIDE,0.0,0.0,0.0,0.0,0.0,0.0,0,0,0.0,0.0,,,,,,,,,,,,
2437,2026-04-23T08:24:11.400Z,S20260423_092137,N/A,AUTO,,153.5232,0.0636,N/A,0,1500,VIDE,0.0,0.0,0.0,0.0,0.0,0.0,0,0,0.0,0.0,,,,,,,,,,,,
2438,2026-04-23T08:24:11.459Z,S20260423_092137,N/A,AUTO,,153.5831,0.0598,N/A,0,1500,VIDE,0.0,0.0,0.0,0.0,0.0,0.0,0,0,0.0,0.0,,,,,,,,,,,,
2439,2026-04-23T08:24:11.523Z,S20260423_092137,N/A,AUTO,,153.647,0.064,N/A,0,1500,VIDE,0.0,0.0,0.0,0.0,0.0,0.0,0,0,0.0,0.0,,,,,,,,,,,,
2440,2026-04-23T08:24:11.583Z,S20260423_092137,N/A,AUTO,,153.7071,0.0601,N/A,0,1500,VIDE,0.0,0.0,0.0,0.0,0.0,0.0,0,0,0.0,0.0,,,,,,,,,,,,
2441,2026-04-23T08:24:11.652Z,S20260423_092137,N/A,AUTO,,153.7758,0.0687,N/A,0,1500,VIDE,0.0,0.0,0.0,0.0,0.0,0.0,0,0,0.0,0.0,,,,,,,,,,,,
2442,2026-04-23T08:24:11.714Z,S20260423_092137,N/A,AUTO,,153.8378,0.062,N/A,0,1500,VIDE,0.0,0.0,0.0,0.0,0.0,0.0,0,0,0.0,0.0,,,,,,,,,,,,
2443,2026-04-23T08:24:11.771Z,S20260423_092137,N/A,AUTO,,153.895,0.0573,N/A,0,1500,VIDE,0.0,0.0,0.0,0.0,0.0,0.0,0,0,0.0,0.0,,,,,,,,,,,,
2444,2026-04-23T08:24:11.835Z,S20260423_092137,N/A,AUTO,,153.9591,0.0641,N/A,0,1500,VIDE,0.0,0.0,0.0,0.0,0.0,0.0,0,0,0.0,0.0,,,,,,,,,,,,
2445,2026-04-23T08:24:11.896Z,S20260423_092137,N/A,AUTO,,154.02,0.0609,N/A,0,1500,VIDE,0.0,0.0,0.0,0.0,0.0,0.0,0,0,0.0,0.0,,,,,,,,,,,,
2446,2026-04-23T08:24:11.960Z,S20260423_092137,N/A,AUTO,,154.0831,0.0631,N/A,0,1500,VIDE,0.0,0.0,0.0,0.0,0.0,0.0,0,0,0.0,0.0,,,,,,,,,,,,
2447,2026-04-23T08:24:12.024Z,S20260423_092137,N/A,AUTO,,154.148,0.0648,N/A,0,1500,VIDE,0.0,0.0,0.0,0.0,0.0,0.0,0,0,0.0,0.0,,,,,,,,,,,,
2448,2026-04-23T08:24:12.084Z,S20260423_092137,N/A,AUTO,,154.2079,0.0599,N/A,0,1500,VIDE,0.0,0.0,0.0,0.0,0.0,0.0,0,0,0.0,0.0,,,,,,,,,,,,
2449,2026-04-23T08:24:12.147Z,S20260423_092137,N/A,AUTO,,154.2711,0.0632,N/A,0,1500,VIDE,0.0,0.0,0.0,0.0,0.0,0.0,0,0,0.0,0.0,,,,,,,,,,,,
2450,2026-04-23T08:24:12.214Z,S20260423_092137,N/A,AUTO,,154.3381,0.067,N/A,0,1500,VIDE,0.0,0.0,0.0,0.0,0.0,0.0,0,0,0.0,0.0,,,,,,,,,,,,
2451,2026-04-23T08:24:12.278Z,S20260423_092137,N/A,AUTO,,154.4013,0.0632,N/A,0,1500,VIDE,0.0,0.0,0.0,0.0,0.0,0.0,0,0,0.0,0.0,,,,,,,,,,,,
2452,2026-04-23T08:24:12.340Z,S20260423_092137,N/A,AUTO,,154.4638,0.0625,N/A,0,1500,VIDE,0.0,0.0,0.0,0.0,0.0,0.0,0,0,0.0,0.0,,,,,,,,,,,,
2453,2026-04-23T08:24:12.397Z,S20260423_092137,N/A,AUTO,,154.5205,0.0567,N/A,0,1500,VIDE,0.0,0.0,0.0,0.0,0.0,0.0,0,0,0.0,0.0,,,,,,,,,,,,
2454,2026-04-23T08:24:12.464Z,S20260423_092137,N/A,AUTO,,154.5875,0.067,N/A,0,1500,VIDE,0.0,0.0,0.0,0.0,0.0,0.0,0,0,0.0,0.0,,,,,,,,,,,,
2455,2026-04-23T08:24:12.524Z,S20260423_092137,N/A,AUTO,,154.6474,0.0599,N/A,0,1500,VIDE,0.0,0.0,0.0,0.0,0.0,0.0,0,0,0.0,0.0,,,,,,,,,,,,
2456,2026-04-23T08:24:12.584Z,S20260423_092137,N/A,AUTO,,154.7072,0.0598,N/A,0,1500,VIDE,0.0,0.0,0.0,0.0,0.0,0.0,0,0,0.0,0.0,,,,,,,,,,,,
2457,2026-04-23T08:24:12.648Z,S20260423_092137,N/A,AUTO,,154.7714,0.0642,N/A,0,1500,VIDE,0.0,0.0,0.0,0.0,0.0,0.0,0,0,0.0,0.0,,,,,,,,,,,,
2458,2026-04-23T08:24:12.712Z,S20260423_092137,N/A,AUTO,,154.8355,0.0641,N/A,0,1500,VIDE,0.0,0.0,0.0,0.0,0.0,0.0,0,0,0.0,0.0,,,,,,,,,,,,
2459,2026-04-23T08:24:12.774Z,S20260423_092137,N/A,AUTO,,154.8974,0.0619,N/A,0,1500,VIDE,0.0,0.0,0.0,0.0,0.0,0.0,0,0,0.0,0.0,,,,,,,,,,,,
2460,2026-04-23T08:24:12.834Z,S20260423_092137,N/A,AUTO,,154.9581,0.0607,N/A,0,1500,VIDE,0.0,0.0,0.0,0.0,0.0,0.0,0,0,0.0,0.0,,,,,,,,,,,,
2461,2026-04-23T08:24:12.904Z,S20260423_092137,N/A,AUTO,,155.0276,0.0695,N/A,0,1500,VIDE,0.0,0.0,0.0,0.0,0.0,0.0,0,0,0.0,0.0,,,,,,,,,,,,
2462,2026-04-23T08:24:12.965Z,S20260423_092137,N/A,AUTO,,155.0883,0.0607,N/A,0,1500,VIDE,0.0,0.0,0.0,0.0,0.0,0.0,0,0,0.0,0.0,,,,,,,,,,,,
2463,2026-04-23T08:24:13.024Z,S20260423_092137,N/A,AUTO,,155.1481,0.0598,N/A,0,1500,VIDE,0.0,0.0,0.0,0.0,0.0,0.0,0,0,0.0,0.0,,,,,,,,,,,,
2464,2026-04-23T08:24:13.086Z,S20260423_092137,N/A,AUTO,,155.2092,0.0611,N/A,0,1500,VIDE,0.0,0.0,0.0,0.0,0.0,0.0,0,0,0.0,0.0,,,,,,,,,,,,
2465,2026-04-23T08:24:13.159Z,S20260423_092137,N/A,AUTO,,155.2824,0.0732,N/A,0,1500,VIDE,0.0,0.0,0.0,0.0,0.0,0.0,0,0,0.0,0.0,,,,,,,,,,,,
2466,2026-04-23T08:24:13.210Z,S20260423_092137,N/A,AUTO,,155.3333,0.0509,N/A,0,1500,VIDE,0.0,0.0,0.0,0.0,0.0,0.0,0,0,0.0,0.0,,,,,,,,,,,,
2467,2026-04-23T08:24:13.283Z,S20260423_092137,N/A,AUTO,,155.4066,0.0733,N/A,0,1500,VIDE,0.0,0.0,0.0,0.0,0.0,0.0,0,0,0.0,0.0,,,,,,,,,,,,
2468,2026-04-23T08:24:13.345Z,S20260423_092137,N/A,AUTO,,155.4686,0.062,N/A,0,1500,VIDE,0.0,0.0,0.0,0.0,0.0,0.0,0,0,0.0,0.0,,,,,,,,,,,,
2469,2026-04-23T08:24:13.404Z,S20260423_092137,N/A,AUTO,,155.5273,0.0587,N/A,0,1500,VIDE,0.0,0.0,0.0,0.0,0.0,0.0,0,0,0.0,0.0,,,,,,,,,,,,
2470,2026-04-23T08:24:13.460Z,S20260423_092137,N/A,AUTO,,155.5838,0.0565,N/A,0,1500,VIDE,0.0,0.0,0.0,0.0,0.0,0.0,0,0,0.0,0.0,,,,,,,,,,,,
2471,2026-04-23T08:24:13.524Z,S20260423_092137,N/A,AUTO,,155.6479,0.064,N/A,0,1500,VIDE,0.0,0.0,0.0,0.0,0.0,0.0,0,0,0.0,0.0,,,,,,,,,,,,
2472,2026-04-23T08:24:13.584Z,S20260423_092137,N/A,AUTO,,155.7074,0.0596,N/A,0,1500,VIDE,0.0,0.0,0.0,0.0,0.0,0.0,0,0,0.0,0.0,,,,,,,,,,,,
2473,2026-04-23T08:24:13.651Z,S20260423_092137,N/A,AUTO,,155.775,0.0676,N/A,0,1500,VIDE,0.0,0.0,0.0,0.0,0.0,0.0,0,0,0.0,0.0,,,,,,,,,,,,
2474,2026-04-23T08:24:13.716Z,S20260423_092137,N/A,AUTO,,155.8394,0.0644,N/A,0,1500,VIDE,0.0,0.0,0.0,0.0,0.0,0.0,0,0,0.0,0.0,,,,,,,,,,,,
2475,2026-04-23T08:24:13.780Z,S20260423_092137,N/A,AUTO,,155.9032,0.0638,N/A,0,1500,VIDE,0.0,0.0,0.0,0.0,0.0,0.0,0,0,0.0,0.0,,,,,,,,,,,,
2476,2026-04-23T08:24:13.843Z,S20260423_092137,N/A,AUTO,,155.9662,0.0629,N/A,0,1500,VIDE,0.0,0.0,0.0,0.0,0.0,0.0,0,0,0.0,0.0,,,,,,,,,,,,
2477,2026-04-23T08:24:13.898Z,S20260423_092137,N/A,AUTO,,156.0217,0.0555,N/A,0,1500,VIDE,0.0,0.0,0.0,0.0,0.0,0.0,0,0,0.0,0.0,,,,,,,,,,,,
2478,2026-04-23T08:24:13.964Z,S20260423_092137,N/A,AUTO,,156.0873,0.0657,N/A,0,1500,VIDE,0.0,0.0,0.0,0.0,0.0,0.0,0,0,0.0,0.0,,,,,,,,,,,,
2479,2026-04-23T08:24:14.025Z,S20260423_092137,N/A,AUTO,,156.1483,0.061,N/A,0,1500,VIDE,0.0,0.0,0.0,0.0,0.0,0.0,0,0,0.0,0.0,,,,,,,,,,,,
2480,2026-04-23T08:24:14.084Z,S20260423_092137,N/A,AUTO,,156.2078,0.0595,N/A,0,1500,VIDE,0.0,0.0,0.0,0.0,0.0,0.0,0,0,0.0,0.0,,,,,,,,,,,,
2481,2026-04-23T08:24:14.146Z,S20260423_092137,N/A,AUTO,,156.2701,0.0623,N/A,0,1500,VIDE,0.0,0.0,0.0,0.0,0.0,0.0,0,0,0.0,0.0,,,,,,,,,,,,
2482,2026-04-23T08:24:14.212Z,S20260423_092137,N/A,AUTO,,156.3359,0.0658,N/A,0,1500,VIDE,0.0,0.0,0.0,0.0,0.0,0.0,0,0,0.0,0.0,,,,,,,,,,,,
2483,2026-04-23T08:24:14.276Z,S20260423_092137,N/A,AUTO,,156.3995,0.0635,N/A,0,1500,VIDE,0.0,0.0,0.0,0.0,0.0,0.0,0,0,0.0,0.0,,,,,,,,,,,,
2484,2026-04-23T08:24:14.340Z,S20260423_092137,N/A,AUTO,,156.4633,0.0638,N/A,0,1500,VIDE,0.0,0.0,0.0,0.0,0.0,0.0,0,0,0.0,0.0,,,,,,,,,,,,
2485,2026-04-23T08:24:14.403Z,S20260423_092137,N/A,AUTO,,156.5262,0.0629,N/A,0,1500,VIDE,0.0,0.0,0.0,0.0,0.0,0.0,0,0,0.0,0.0,,,,,,,,,,,,
2486,2026-04-23T08:24:14.465Z,S20260423_092137,N/A,AUTO,,156.5891,0.0629,N/A,0,1500,VIDE,0.0,0.0,0.0,0.0,0.0,0.0,0,0,0.0,0.0,,,,,,,,,,,,
2487,2026-04-23T08:24:14.528Z,S20260423_092137,N/A,AUTO,,156.6512,0.0621,N/A,0,1500,VIDE,0.0,0.0,0.0,0.0,0.0,0.0,0,0,0.0,0.0,,,,,,,,,,,,
2488,2026-04-23T08:24:14.590Z,S20260423_092137,N/A,AUTO,,156.7135,0.0623,N/A,0,1500,VIDE,0.0,0.0,0.0,0.0,0.0,0.0,0,0,0.0,0.0,,,,,,,,,,,,
2489,2026-04-23T08:24:14.653Z,S20260423_092137,N/A,AUTO,,156.7765,0.063,N/A,0,1500,VIDE,0.0,0.0,0.0,0.0,0.0,0.0,0,0,0.0,0.0,,,,,,,,,,,,
2490,2026-04-23T08:24:14.715Z,S20260423_092137,N/A,AUTO,,156.8388,0.0623,N/A,0,1500,VIDE,0.0,0.0,0.0,0.0,0.0,0.0,0,0,0.0,0.0,,,,,,,,,,,,
2491,2026-04-23T08:24:14.772Z,S20260423_092137,N/A,AUTO,,156.8956,0.0567,N/A,0,1500,VIDE,0.0,0.0,0.0,0.0,0.0,0.0,0,0,0.0,0.0,,,,,,,,,,,,
2492,2026-04-23T08:24:14.836Z,S20260423_092137,N/A,AUTO,,156.9592,0.0637,N/A,0,1500,VIDE,0.0,0.0,0.0,0.0,0.0,0.0,0,0,0.0,0.0,,,,,,,,,,,,
2493,2026-04-23T08:24:14.900Z,S20260423_092137,N/A,AUTO,,157.0238,0.0645,N/A,0,1500,VIDE,0.0,0.0,0.0,0.0,0.0,0.0,0,0,0.0,0.0,,,,,,,,,,,,
2494,2026-04-23T08:24:14.964Z,S20260423_092137,N/A,AUTO,,157.0882,0.0643,N/A,0,1500,VIDE,0.0,0.0,0.0,0.0,0.0,0.0,0,0,0.0,0.0,,,,,,,,,,,,
2495,2026-04-23T08:24:15.029Z,S20260423_092137,N/A,AUTO,,157.1522,0.0641,N/A,0,1500,VIDE,0.0,0.0,0.0,0.0,0.0,0.0,0,0,0.0,0.0,,,,,,,,,,,,
2496,2026-04-23T08:24:15.090Z,S20260423_092137,N/A,AUTO,,157.2134,0.0612,N/A,0,1500,VIDE,0.0,0.0,0.0,0.0,0.0,0.0,0,0,0.0,0.0,,,,,,,,,,,,
2497,2026-04-23T08:24:15.151Z,S20260423_092137,N/A,AUTO,,157.2751,0.0616,N/A,0,1500,VIDE,0.0,0.0,0.0,0.0,0.0,0.0,0,0,0.0,0.0,,,,,,,,,,,,
2498,2026-04-23T08:24:15.212Z,S20260423_092137,N/A,AUTO,,157.3358,0.0607,N/A,0,1500,VIDE,0.0,0.0,0.0,0.0,0.0,0.0,0,0,0.0,0.0,,,,,,,,,,,,
2499,2026-04-23T08:24:15.272Z,S20260423_092137,N/A,AUTO,,157.3956,0.0598,N/A,0,1500,VIDE,0.0,0.0,0.0,0.0,0.0,0.0,0,0,0.0,0.0,,,,,,,,,,,,
2500,2026-04-23T08:24:15.334Z,S20260423_092137,N/A,AUTO,,157.4577,0.0623,N/A,0,1500,VIDE,0.0,0.0,0.0,0.0,0.0,0.0,0,0,0.0,0.0,,,,,,,,,,,,
2501,2026-04-23T08:24:15.412Z,S20260423_092137,N/A,AUTO,,157.5353,0.0775,N/A,0,1500,VIDE,0.0,0.0,0.0,0.0,0.0,0.0,0,0,0.0,0.0,,,,,,,,,,,,
2502,2026-04-23T08:24:15.468Z,S20260423_092137,N/A,AUTO,,157.5912,0.056,N/A,0,1500,VIDE,0.0,0.0,0.0,0.0,0.0,0.0,0,0,0.0,0.0,,,,,,,,,,,,
2503,2026-04-23T08:24:15.534Z,S20260423_092137,N/A,AUTO,,157.6574,0.0661,N/A,0,1500,VIDE,0.0,0.0,0.0,0.0,0.0,0.0,0,0,0.0,0.0,,,,,,,,,,,,
2504,2026-04-23T08:24:15.590Z,S20260423_092137,N/A,AUTO,,157.7136,0.0562,N/A,0,1500,VIDE,0.0,0.0,0.0,0.0,0.0,0.0,0,0,0.0,0.0,,,,,,,,,,,,
2505,2026-04-23T08:24:15.658Z,S20260423_092137,N/A,AUTO,,157.782,0.0684,N/A,0,1500,VIDE,0.0,0.0,0.0,0.0,0.0,0.0,0,0,0.0,0.0,,,,,,,,,,,,
2506,2026-04-23T08:24:15.715Z,S20260423_092137,N/A,AUTO,,157.8391,0.0571,N/A,0,1500,VIDE,0.0,0.0,0.0,0.0,0.0,0.0,0,0,0.0,0.0,,,,,,,,,,,,
2507,2026-04-23T08:24:15.782Z,S20260423_092137,N/A,AUTO,,157.906,0.0668,N/A,0,1500,VIDE,0.0,0.0,0.0,0.0,0.0,0.0,0,0,0.0,0.0,,,,,,,,,,,,
2508,2026-04-23T08:24:15.844Z,S20260423_092137,N/A,AUTO,,157.9682,0.0621,N/A,0,1500,VIDE,0.0,0.0,0.0,0.0,0.0,0.0,0,0,0.0,0.0,,,,,,,,,,,,
2509,2026-04-23T08:24:15.905Z,S20260423_092137,N/A,AUTO,,158.0287,0.0605,N/A,0,1500,VIDE,0.0,0.0,0.0,0.0,0.0,0.0,0,0,0.0,0.0,,,,,,,,,,,,
2510,2026-04-23T08:24:15.966Z,S20260423_092137,N/A,AUTO,,158.0895,0.0608,N/A,0,1500,VIDE,0.0,0.0,0.0,0.0,0.0,0.0,0,0,0.0,0.0,,,,,,,,,,,,
2511,2026-04-23T08:24:16.025Z,S20260423_092137,N/A,AUTO,,158.1486,0.0591,N/A,0,1500,VIDE,0.0,0.0,0.0,0.0,0.0,0.0,0,0,0.0,0.0,,,,,,,,,,,,
2512,2026-04-23T08:24:16.092Z,S20260423_092137,N/A,AUTO,,158.2157,0.0672,N/A,0,1500,VIDE,0.0,0.0,0.0,0.0,0.0,0.0,0,0,0.0,0.0,,,,,,,,,,,,
2513,2026-04-23T08:24:16.153Z,S20260423_092137,N/A,AUTO,,158.2771,0.0614,N/A,0,1500,VIDE,0.0,0.0,0.0,0.0,0.0,0.0,0,0,0.0,0.0,,,,,,,,,,,,
2514,2026-04-23T08:24:16.217Z,S20260423_092137,N/A,AUTO,,158.3411,0.064,N/A,0,1500,VIDE,0.0,0.0,0.0,0.0,0.0,0.0,0,0,0.0,0.0,,,,,,,,,,,,
2515,2026-04-23T08:24:16.279Z,S20260423_092137,N/A,AUTO,,158.4026,0.0615,N/A,0,1500,VIDE,0.0,0.0,0.0,0.0,0.0,0.0,0,0,0.0,0.0,,,,,,,,,,,,
2516,2026-04-23T08:24:16.341Z,S20260423_092137,N/A,AUTO,,158.4642,0.0616,N/A,0,1500,VIDE,0.0,0.0,0.0,0.0,0.0,0.0,0,0,0.0,0.0,,,,,,,,,,,,
2517,2026-04-23T08:24:16.404Z,S20260423_092137,N/A,AUTO,,158.5273,0.0632,N/A,0,1500,VIDE,0.0,0.0,0.0,0.0,0.0,0.0,0,0,0.0,0.0,,,,,,,,,,,,
2518,2026-04-23T08:24:16.459Z,S20260423_092137,N/A,AUTO,,158.5831,0.0557,N/A,0,1500,VIDE,0.0,0.0,0.0,0.0,0.0,0.0,0,0,0.0,0.0,,,,,,,,,,,,
2519,2026-04-23T08:24:16.528Z,S20260423_092137,N/A,AUTO,,158.6516,0.0685,N/A,0,1500,VIDE,0.0,0.0,0.0,0.0,0.0,0.0,0,0,0.0,0.0,,,,,,,,,,,,
2520,2026-04-23T08:24:16.590Z,S20260423_092137,N/A,AUTO,,158.7135,0.062,N/A,0,1500,VIDE,0.0,0.0,0.0,0.0,0.0,0.0,0,0,0.0,0.0,,,,,,,,,,,,
2521,2026-04-23T08:24:16.653Z,S20260423_092137,N/A,AUTO,,158.7765,0.063,N/A,0,1500,VIDE,0.0,0.0,0.0,0.0,0.0,0.0,0,0,0.0,0.0,,,,,,,,,,,,
2522,2026-04-23T08:24:16.716Z,S20260423_092137,N/A,AUTO,,158.8395,0.063,N/A,0,1500,VIDE,0.0,0.0,0.0,0.0,0.0,0.0,0,0,0.0,0.0,,,,,,,,,,,,
2523,2026-04-23T08:24:16.772Z,S20260423_092137,N/A,AUTO,,158.8955,0.0559,N/A,0,1500,VIDE,0.0,0.0,0.0,0.0,0.0,0.0,0,0,0.0,0.0,,,,,,,,,,,,
2524,2026-04-23T08:24:16.840Z,S20260423_092137,N/A,AUTO,,158.9635,0.0681,N/A,0,1500,VIDE,0.0,0.0,0.0,0.0,0.0,0.0,0,0,0.0,0.0,,,,,,,,,,,,
2525,2026-04-23T08:24:16.901Z,S20260423_092137,N/A,AUTO,,159.0245,0.0609,N/A,0,1500,VIDE,0.0,0.0,0.0,0.0,0.0,0.0,0,0,0.0,0.0,,,,,,,,,,,,
2526,2026-04-23T08:24:16.963Z,S20260423_092137,N/A,AUTO,,159.0867,0.0622,N/A,0,1500,VIDE,0.0,0.0,0.0,0.0,0.0,0.0,0,0,0.0,0.0,,,,,,,,,,,,
2527,2026-04-23T08:24:17.024Z,S20260423_092137,N/A,AUTO,,159.1472,0.0605,N/A,0,1500,VIDE,0.0,0.0,0.0,0.0,0.0,0.0,0,0,0.0,0.0,,,,,,,,,,,,
2528,2026-04-23T08:24:17.087Z,S20260423_092137,N/A,AUTO,,159.211,0.0638,N/A,0,1500,VIDE,0.0,0.0,0.0,0.0,0.0,0.0,0,0,0.0,0.0,,,,,,,,,,,,
2529,2026-04-23T08:24:17.148Z,S20260423_092137,N/A,AUTO,,159.2718,0.0608,N/A,0,1500,VIDE,0.0,0.0,0.0,0.0,0.0,0.0,0,0,0.0,0.0,,,,,,,,,,,,
2530,2026-04-23T08:24:17.212Z,S20260423_092137,N/A,AUTO,,159.3354,0.0636,N/A,0,1500,VIDE,0.0,0.0,0.0,0.0,0.0,0.0,0,0,0.0,0.0,,,,,,,,,,,,
2531,2026-04-23T08:24:17.272Z,S20260423_092137,N/A,AUTO,,159.3956,0.0601,N/A,0,1500,VIDE,0.0,0.0,0.0,0.0,0.0,0.0,0,0,0.0,0.0,,,,,,,,,,,,
2532,2026-04-23T08:24:17.334Z,S20260423_092137,N/A,AUTO,,159.4581,0.0626,N/A,0,1500,VIDE,0.0,0.0,0.0,0.0,0.0,0.0,0,0,0.0,0.0,,,,,,,,,,,,
2533,2026-04-23T08:24:17.410Z,S20260423_092137,N/A,AUTO,,159.5334,0.0753,N/A,0,1500,VIDE,0.0,0.0,0.0,0.0,0.0,0.0,0,0,0.0,0.0,,,,,,,,,,,,
2534,2026-04-23T08:24:17.472Z,S20260423_092137,N/A,AUTO,,159.5959,0.0625,N/A,0,1500,VIDE,0.0,0.0,0.0,0.0,0.0,0.0,0,0,0.0,0.0,,,,,,,,,,,,
2535,2026-04-23T08:24:17.534Z,S20260423_092137,N/A,AUTO,,159.6572,0.0613,N/A,0,1500,VIDE,0.0,0.0,0.0,0.0,0.0,0.0,0,0,0.0,0.0,,,,,,,,,,,,
2536,2026-04-23T08:24:17.588Z,S20260423_092137,N/A,AUTO,,159.7114,0.0542,N/A,0,1500,VIDE,0.0,0.0,0.0,0.0,0.0,0.0,0,0,0.0,0.0,,,,,,,,,,,,
2537,2026-04-23T08:24:17.657Z,S20260423_092137,N/A,AUTO,,159.7803,0.0689,N/A,0,1500,VIDE,0.0,0.0,0.0,0.0,0.0,0.0,0,0,0.0,0.0,,,,,,,,,,,,
2538,2026-04-23T08:24:17.720Z,S20260423_092137,N/A,AUTO,,159.8437,0.0634,N/A,0,1500,VIDE,0.0,0.0,0.0,0.0,0.0,0.0,0,0,0.0,0.0,,,,,,,,,,,,
2539,2026-04-23T08:24:17.784Z,S20260423_092137,N/A,AUTO,,159.908,0.0643,N/A,0,1500,VIDE,0.0,0.0,0.0,0.0,0.0,0.0,0,0,0.0,0.0,,,,,,,,,,,,
2540,2026-04-23T08:24:17.846Z,S20260423_092137,N/A,AUTO,,159.9693,0.0613,N/A,0,1500,VIDE,0.0,0.0,0.0,0.0,0.0,0.0,0,0,0.0,0.0,,,,,,,,,,,,
2541,2026-04-23T08:24:17.897Z,S20260423_092137,N/A,AUTO,,160.0209,0.0516,N/A,0,1500,VIDE,0.0,0.0,0.0,0.0,0.0,0.0,0,0,0.0,0.0,,,,,,,,,,,,
2542,2026-04-23T08:24:17.964Z,S20260423_092137,N/A,AUTO,,160.0881,0.0672,N/A,0,1500,VIDE,0.0,0.0,0.0,0.0,0.0,0.0,0,0,0.0,0.0,,,,,,,,,,,,
2543,2026-04-23T08:24:18.033Z,S20260423_092137,N/A,AUTO,,160.1568,0.0687,N/A,0,1500,VIDE,0.0,0.0,0.0,0.0,0.0,0.0,0,0,0.0,0.0,,,,,,,,,,,,
2544,2026-04-23T08:24:18.095Z,S20260423_092137,N/A,AUTO,,160.219,0.0622,N/A,0,1500,VIDE,0.0,0.0,0.0,0.0,0.0,0.0,0,0,0.0,0.0,,,,,,,,,,,,
2545,2026-04-23T08:24:18.158Z,S20260423_092137,N/A,AUTO,,160.2817,0.0626,N/A,0,1500,VIDE,0.0,0.0,0.0,0.0,0.0,0.0,0,0,0.0,0.0,,,,,,,,,,,,
2546,2026-04-23T08:24:18.219Z,S20260423_092137,N/A,AUTO,,160.343,0.0613,N/A,0,1500,VIDE,0.0,0.0,0.0,0.0,0.0,0.0,0,0,0.0,0.0,,,,,,,,,,,,
2547,2026-04-23T08:24:18.281Z,S20260423_092137,N/A,AUTO,,160.4049,0.062,N/A,0,1500,VIDE,0.0,0.0,0.0,0.0,0.0,0.0,0,0,0.0,0.0,,,,,,,,,,,,
2548,2026-04-23T08:24:18.344Z,S20260423_092137,N/A,AUTO,,160.468,0.063,N/A,0,1500,VIDE,0.0,0.0,0.0,0.0,0.0,0.0,0,0,0.0,0.0,,,,,,,,,,,,
2549,2026-04-23T08:24:18.398Z,S20260423_092137,N/A,AUTO,,160.5213,0.0534,N/A,0,1500,VIDE,0.0,0.0,0.0,0.0,0.0,0.0,0,0,0.0,0.0,,,,,,,,,,,,
2550,2026-04-23T08:24:18.465Z,S20260423_092137,N/A,AUTO,,160.5883,0.067,N/A,0,1500,VIDE,0.0,0.0,0.0,0.0,0.0,0.0,0,0,0.0,0.0,,,,,,,,,,,,
2551,2026-04-23T08:24:18.526Z,S20260423_092137,N/A,AUTO,,160.65,0.0618,N/A,0,1500,VIDE,0.0,0.0,0.0,0.0,0.0,0.0,0,0,0.0,0.0,,,,,,,,,,,,
2552,2026-04-23T08:24:18.592Z,S20260423_092137,N/A,AUTO,,160.7158,0.0658,N/A,0,1500,VIDE,0.0,0.0,0.0,0.0,0.0,0.0,0,0,0.0,0.0,,,,,,,,,,,,
2553,2026-04-23T08:24:18.654Z,S20260423_092137,N/A,AUTO,,160.7781,0.0623,N/A,0,1500,VIDE,0.0,0.0,0.0,0.0,0.0,0.0,0,0,0.0,0.0,,,,,,,,,,,,
2554,2026-04-23T08:24:18.717Z,S20260423_092137,N/A,AUTO,,160.8405,0.0625,N/A,0,1500,VIDE,0.0,0.0,0.0,0.0,0.0,0.0,0,0,0.0,0.0,,,,,,,,,,,,
2555,2026-04-23T08:24:18.780Z,S20260423_092137,N/A,AUTO,,160.9039,0.0633,N/A,0,1500,VIDE,0.0,0.0,0.0,0.0,0.0,0.0,0,0,0.0,0.0,,,,,,,,,,,,
2556,2026-04-23T08:24:18.842Z,S20260423_092137,N/A,AUTO,,160.966,0.0622,N/A,0,1500,VIDE,0.0,0.0,0.0,0.0,0.0,0.0,0,0,0.0,0.0,,,,,,,,,,,,
2557,2026-04-23T08:24:18.903Z,S20260423_092137,N/A,AUTO,,161.027,0.061,N/A,0,1500,VIDE,0.0,0.0,0.0,0.0,0.0,0.0,0,0,0.0,0.0,,,,,,,,,,,,
2558,2026-04-23T08:24:18.964Z,S20260423_092137,N/A,AUTO,,161.0881,0.061,N/A,0,1500,VIDE,0.0,0.0,0.0,0.0,0.0,0.0,0,0,0.0,0.0,,,,,,,,,,,,
2559,2026-04-23T08:24:19.027Z,S20260423_092137,N/A,AUTO,,161.1512,0.063,N/A,0,1500,VIDE,0.0,0.0,0.0,0.0,0.0,0.0,0,0,0.0,0.0,,,,,,,,,,,,
2560,2026-04-23T08:24:19.090Z,S20260423_092137,N/A,AUTO,,161.2138,0.0628,N/A,0,1500,VIDE,0.0,0.0,0.0,0.0,0.0,0.0,0,0,0.0,0.0,,,,,,,,,,,,
2561,2026-04-23T08:24:19.153Z,S20260423_092137,N/A,AUTO,,161.2767,0.0629,N/A,0,1500,VIDE,0.0,0.0,0.0,0.0,0.0,0.0,0,0,0.0,0.0,,,,,,,,,,,,
2562,2026-04-23T08:24:19.215Z,S20260423_092137,N/A,AUTO,,161.339,0.0623,N/A,0,1500,VIDE,0.0,0.0,0.0,0.0,0.0,0.0,0,0,0.0,0.0,,,,,,,,,,,,
2563,2026-04-23T08:24:19.277Z,S20260423_092137,N/A,AUTO,,161.4009,0.0618,N/A,0,1500,VIDE,0.0,0.0,0.0,0.0,0.0,0.0,0,0,0.0,0.0,,,,,,,,,,,,
2564,2026-04-23T08:24:19.340Z,S20260423_092137,N/A,AUTO,,161.4636,0.0628,N/A,0,1500,VIDE,0.0,0.0,0.0,0.0,0.0,0.0,0,0,0.0,0.0,,,,,,,,,,,,
2565,2026-04-23T08:24:19.401Z,S20260423_092137,N/A,AUTO,,161.5243,0.0608,N/A,0,1500,VIDE,0.0,0.0,0.0,0.0,0.0,0.0,0,0,0.0,0.0,,,,,,,,,,,,
2566,2026-04-23T08:24:19.462Z,S20260423_092137,N/A,AUTO,,161.5856,0.0613,N/A,0,1500,VIDE,0.0,0.0,0.0,0.0,0.0,0.0,0,0,0.0,0.0,,,,,,,,,,,,
2567,2026-04-23T08:24:19.525Z,S20260423_092137,N/A,AUTO,,161.6482,0.0626,N/A,0,1500,VIDE,0.0,0.0,0.0,0.0,0.0,0.0,0,0,0.0,0.0,,,,,,,,,,,,
2568,2026-04-23T08:24:19.589Z,S20260423_092137,N/A,AUTO,,161.7122,0.064,N/A,0,1500,VIDE,0.0,0.0,0.0,0.0,0.0,0.0,0,0,0.0,0.0,,,,,,,,,,,,
2569,2026-04-23T08:24:19.651Z,S20260423_092137,N/A,AUTO,,161.7747,0.0625,N/A,0,1500,VIDE,0.0,0.0,0.0,0.0,0.0,0.0,0,0,0.0,0.0,,,,,,,,,,,,
2570,2026-04-23T08:24:19.715Z,S20260423_092137,N/A,AUTO,,161.839,0.0643,N/A,0,1500,VIDE,0.0,0.0,0.0,0.0,0.0,0.0,0,0,0.0,0.0,,,,,,,,,,,,
2571,2026-04-23T08:24:19.781Z,S20260423_092137,N/A,AUTO,,161.9042,0.0651,N/A,0,1500,VIDE,0.0,0.0,0.0,0.0,0.0,0.0,0,0,0.0,0.0,,,,,,,,,,,,
2572,2026-04-23T08:24:19.844Z,S20260423_092137,N/A,AUTO,,161.9673,0.0631,N/A,0,1500,VIDE,0.0,0.0,0.0,0.0,0.0,0.0,0,0,0.0,0.0,,,,,,,,,,,,
2573,2026-04-23T08:24:19.906Z,S20260423_092137,N/A,AUTO,,162.0296,0.0623,N/A,0,1500,VIDE,0.0,0.0,0.0,0.0,0.0,0.0,0,0,0.0,0.0,,,,,,,,,,,,
2574,2026-04-23T08:24:19.969Z,S20260423_092137,N/A,AUTO,,162.0929,0.0633,N/A,0,1500,VIDE,0.0,0.0,0.0,0.0,0.0,0.0,0,0,0.0,0.0,,,,,,,,,,,,
2575,2026-04-23T08:24:20.033Z,S20260423_092137,N/A,AUTO,,162.1569,0.064,N/A,0,1500,VIDE,0.0,0.0,0.0,0.0,0.0,0.0,0,0,0.0,0.0,,,,,,,,,,,,
2576,2026-04-23T08:24:20.094Z,S20260423_092137,N/A,AUTO,,162.2176,0.0607,N/A,0,1500,VIDE,0.0,0.0,0.0,0.0,0.0,0.0,0,0,0.0,0.0,,,,,,,,,,,,
2577,2026-04-23T08:24:20.155Z,S20260423_092137,N/A,AUTO,,162.2785,0.0609,N/A,0,1500,VIDE,0.0,0.0,0.0,0.0,0.0,0.0,0,0,0.0,0.0,,,,,,,,,,,,
2578,2026-04-23T08:24:20.218Z,S20260423_092137,N/A,AUTO,,162.3415,0.063,N/A,0,1500,VIDE,0.0,0.0,0.0,0.0,0.0,0.0,0,0,0.0,0.0,,,,,,,,,,,,
2579,2026-04-23T08:24:20.280Z,S20260423_092137,N/A,AUTO,,162.4038,0.0622,N/A,0,1500,VIDE,0.0,0.0,0.0,0.0,0.0,0.0,0,0,0.0,0.0,,,,,,,,,,,,
2580,2026-04-23T08:24:20.341Z,S20260423_092137,N/A,AUTO,,162.4643,0.0605,N/A,0,1500,VIDE,0.0,0.0,0.0,0.0,0.0,0.0,0,0,0.0,0.0,,,,,,,,,,,,
2581,2026-04-23T08:24:20.404Z,S20260423_092137,N/A,AUTO,,162.5273,0.063,N/A,0,1500,VIDE,0.0,0.0,0.0,0.0,0.0,0.0,0,0,0.0,0.0,,,,,,,,,,,,
2582,2026-04-23T08:24:20.465Z,S20260423_092137,N/A,AUTO,,162.5882,0.0609,N/A,0,1500,VIDE,0.0,0.0,0.0,0.0,0.0,0.0,0,0,0.0,0.0,,,,,,,,,,,,
2583,2026-04-23T08:24:20.526Z,S20260423_092137,N/A,AUTO,,162.6497,0.0616,N/A,0,1500,VIDE,0.0,0.0,0.0,0.0,0.0,0.0,0,0,0.0,0.0,,,,,,,,,,,,
2584,2026-04-23T08:24:20.588Z,S20260423_092137,N/A,AUTO,,162.7114,0.0617,N/A,0,1500,VIDE,0.0,0.0,0.0,0.0,0.0,0.0,0,0,0.0,0.0,,,,,,,,,,,,
2585,2026-04-23T08:24:20.650Z,S20260423_092137,N/A,AUTO,,162.7737,0.0623,N/A,0,1500,VIDE,0.0,0.0,0.0,0.0,0.0,0.0,0,0,0.0,0.0,,,,,,,,,,,,
2586,2026-04-23T08:24:20.711Z,S20260423_092137,N/A,AUTO,,162.835,0.0613,N/A,0,1500,VIDE,0.0,0.0,0.0,0.0,0.0,0.0,0,0,0.0,0.0,,,,,,,,,,,,
2587,2026-04-23T08:24:20.774Z,S20260423_092137,N/A,AUTO,,162.8982,0.0631,N/A,0,1500,VIDE,0.0,0.0,0.0,0.0,0.0,0.0,0,0,0.0,0.0,,,,,,,,,,,,
2588,2026-04-23T08:24:20.838Z,S20260423_092137,N/A,AUTO,,162.9613,0.0632,N/A,0,1500,VIDE,0.0,0.0,0.0,0.0,0.0,0.0,0,0,0.0,0.0,,,,,,,,,,,,
2589,2026-04-23T08:24:20.901Z,S20260423_092137,N/A,AUTO,,163.025,0.0637,N/A,0,1500,VIDE,0.0,0.0,0.0,0.0,0.0,0.0,0,0,0.0,0.0,,,,,,,,,,,,
2590,2026-04-23T08:24:20.964Z,S20260423_092137,N/A,AUTO,,163.0877,0.0627,N/A,0,1500,VIDE,0.0,0.0,0.0,0.0,0.0,0.0,0,0,0.0,0.0,,,,,,,,,,,,
2591,2026-04-23T08:24:21.026Z,S20260423_092137,N/A,AUTO,,163.1497,0.062,N/A,0,1500,VIDE,0.0,0.0,0.0,0.0,0.0,0.0,0,0,0.0,0.0,,,,,,,,,,,,
2592,2026-04-23T08:24:21.088Z,S20260423_092137,N/A,AUTO,,163.2113,0.0616,N/A,0,1500,VIDE,0.0,0.0,0.0,0.0,0.0,0.0,0,0,0.0,0.0,,,,,,,,,,,,
2593,2026-04-23T08:24:21.150Z,S20260423_092137,N/A,AUTO,,163.2738,0.0625,N/A,0,1500,VIDE,0.0,0.0,0.0,0.0,0.0,0.0,0,0,0.0,0.0,,,,,,,,,,,,
2594,2026-04-23T08:24:21.212Z,S20260423_092137,N/A,AUTO,,163.3354,0.0616,N/A,0,1500,VIDE,0.0,0.0,0.0,0.0,0.0,0.0,0,0,0.0,0.0,,,,,,,,,,,,
2595,2026-04-23T08:24:21.273Z,S20260423_092137,N/A,AUTO,,163.3964,0.061,N/A,0,1500,VIDE,0.0,0.0,0.0,0.0,0.0,0.0,0,0,0.0,0.0,,,,,,,,,,,,
2596,2026-04-23T08:24:21.335Z,S20260423_092137,N/A,AUTO,,163.4585,0.0622,N/A,0,1500,VIDE,0.0,0.0,0.0,0.0,0.0,0.0,0,0,0.0,0.0,,,,,,,,,,,,
2597,2026-04-23T08:24:21.397Z,S20260423_092137,N/A,AUTO,,163.5203,0.0617,N/A,0,1500,VIDE,0.0,0.0,0.0,0.0,0.0,0.0,0,0,0.0,0.0,,,,,,,,,,,,
2598,2026-04-23T08:24:21.474Z,S20260423_092137,N/A,AUTO,,163.5975,0.0772,N/A,0,1500,VIDE,0.0,0.0,0.0,0.0,0.0,0.0,0,0,0.0,0.0,,,,,,,,,,,,
2599,2026-04-23T08:24:21.521Z,S20260423_092137,N/A,AUTO,,163.6447,0.0472,N/A,0,1500,VIDE,0.0,0.0,0.0,0.0,0.0,0.0,0,0,0.0,0.0,,,,,,,,,,,,
2600,2026-04-23T08:24:21.584Z,S20260423_092137,N/A,AUTO,,163.7074,0.0627,N/A,0,1500,VIDE,0.0,0.0,0.0,0.0,0.0,0.0,0,0,0.0,0.0,,,,,,,,,,,,
2601,2026-04-23T08:24:21.647Z,S20260423_092137,N/A,AUTO,,163.7703,0.0628,N/A,0,1500,VIDE,0.0,0.0,0.0,0.0,0.0,0.0,0,0,0.0,0.0,,,,,,,,,,,,
2602,2026-04-23T08:24:21.725Z,S20260423_092137,N/A,AUTO,,163.8484,0.0781,N/A,0,1500,VIDE,0.0,0.0,0.0,0.0,0.0,0.0,0,0,0.0,0.0,,,,,,,,,,,,
2603,2026-04-23T08:24:21.786Z,S20260423_092137,N/A,AUTO,,163.9101,0.0617,N/A,0,1500,VIDE,0.0,0.0,0.0,0.0,0.0,0.0,0,0,0.0,0.0,,,,,,,,,,,,
2604,2026-04-23T08:24:21.848Z,S20260423_092137,N/A,AUTO,,163.9719,0.0618,N/A,0,1500,VIDE,0.0,0.0,0.0,0.0,0.0,0.0,0,0,0.0,0.0,,,,,,,,,,,,
2605,2026-04-23T08:24:21.911Z,S20260423_092137,N/A,AUTO,,164.0343,0.0624,N/A,0,1500,VIDE,0.0,0.0,0.0,0.0,0.0,0.0,0,0,0.0,0.0,,,,,,,,,,,,
2606,2026-04-23T08:24:21.973Z,S20260423_092137,N/A,AUTO,,164.0967,0.0624,N/A,0,1500,VIDE,0.0,0.0,0.0,0.0,0.0,0.0,0,0,0.0,0.0,,,,,,,,,,,,
2607,2026-04-23T08:24:22.034Z,S20260423_092137,N/A,AUTO,,164.1576,0.061,N/A,0,1500,VIDE,0.0,0.0,0.0,0.0,0.0,0.0,0,0,0.0,0.0,,,,,,,,,,,,
2608,2026-04-23T08:24:22.097Z,S20260423_092137,N/A,AUTO,,164.221,0.0632,N/A,0,1500,VIDE,0.0,0.0,0.0,0.0,0.0,0.0,0,0,0.0,0.0,,,,,,,,,,,,
2609,2026-04-23T08:24:22.160Z,S20260423_092137,N/A,AUTO,,164.2833,0.0625,N/A,0,1500,VIDE,0.0,0.0,0.0,0.0,0.0,0.0,0,0,0.0,0.0,,,,,,,,,,,,
2610,2026-04-23T08:24:22.221Z,S20260423_092137,N/A,AUTO,,164.3447,0.0614,N/A,0,1500,VIDE,0.0,0.0,0.0,0.0,0.0,0.0,0,0,0.0,0.0,,,,,,,,,,,,
2611,2026-04-23T08:24:22.284Z,S20260423_092137,N/A,AUTO,,164.4081,0.0634,N/A,0,1500,VIDE,0.0,0.0,0.0,0.0,0.0,0.0,0,0,0.0,0.0,,,,,,,,,,,,
2612,2026-04-23T08:24:22.346Z,S20260423_092137,N/A,AUTO,,164.4694,0.0614,N/A,0,1500,VIDE,0.0,0.0,0.0,0.0,0.0,0.0,0,0,0.0,0.0,,,,,,,,,,,,
2613,2026-04-23T08:24:22.407Z,S20260423_092137,N/A,AUTO,,164.5305,0.061,N/A,0,1500,VIDE,0.0,0.0,0.0,0.0,0.0,0.0,0,0,0.0,0.0,,,,,,,,,,,,
2614,2026-04-23T08:24:22.470Z,S20260423_092137,N/A,AUTO,,164.5932,0.0627,N/A,0,1500,VIDE,0.0,0.0,0.0,0.0,0.0,0.0,0,0,0.0,0.0,,,,,,,,,,,,
2615,2026-04-23T08:24:22.531Z,S20260423_092137,N/A,AUTO,,164.6543,0.0612,N/A,0,1500,VIDE,0.0,0.0,0.0,0.0,0.0,0.0,0,0,0.0,0.0,,,,,,,,,,,,
2616,2026-04-23T08:24:22.594Z,S20260423_092137,N/A,AUTO,,164.7179,0.0635,N/A,0,1500,VIDE,0.0,0.0,0.0,0.0,0.0,0.0,0,0,0.0,0.0,,,,,,,,,,,,
2617,2026-04-23T08:24:22.656Z,S20260423_092137,N/A,AUTO,,164.7794,0.0615,N/A,0,1500,VIDE,0.0,0.0,0.0,0.0,0.0,0.0,0,0,0.0,0.0,,,,,,,,,,,,
2618,2026-04-23T08:24:22.718Z,S20260423_092137,N/A,AUTO,,164.8414,0.062,N/A,0,1500,VIDE,0.0,0.0,0.0,0.0,0.0,0.0,0,0,0.0,0.0,,,,,,,,,,,,
2619,2026-04-23T08:24:22.779Z,S20260423_092137,N/A,AUTO,,164.9026,0.0612,N/A,0,1500,VIDE,0.0,0.0,0.0,0.0,0.0,0.0,0,0,0.0,0.0,,,,,,,,,,,,
2620,2026-04-23T08:24:22.842Z,S20260423_092137,N/A,AUTO,,164.9654,0.0628,N/A,0,1500,VIDE,0.0,0.0,0.0,0.0,0.0,0.0,0,0,0.0,0.0,,,,,,,,,,,,
2621,2026-04-23T08:24:22.904Z,S20260423_092137,N/A,AUTO,,165.0274,0.0621,N/A,0,1500,VIDE,0.0,0.0,0.0,0.0,0.0,0.0,0,0,0.0,0.0,,,,,,,,,,,,
2622,2026-04-23T08:24:22.966Z,S20260423_092137,N/A,AUTO,,165.0892,0.0617,N/A,0,1500,VIDE,0.0,0.0,0.0,0.0,0.0,0.0,0,0,0.0,0.0,,,,,,,,,,,,
2623,2026-04-23T08:24:23.029Z,S20260423_092137,N/A,AUTO,,165.1522,0.063,N/A,0,1500,VIDE,0.0,0.0,0.0,0.0,0.0,0.0,0,0,0.0,0.0,,,,,,,,,,,,
2624,2026-04-23T08:24:23.091Z,S20260423_092137,N/A,AUTO,,165.215,0.0628,N/A,0,1500,VIDE,0.0,0.0,0.0,0.0,0.0,0.0,0,0,0.0,0.0,,,,,,,,,,,,
2625,2026-04-23T08:24:23.153Z,S20260423_092137,N/A,AUTO,,165.277,0.062,N/A,0,1500,VIDE,0.0,0.0,0.0,0.0,0.0,0.0,0,0,0.0,0.0,,,,,,,,,,,,
2626,2026-04-23T08:24:23.215Z,S20260423_092137,N/A,AUTO,,165.3389,0.0619,N/A,0,1500,VIDE,0.0,0.0,0.0,0.0,0.0,0.0,0,0,0.0,0.0,,,,,,,,,,,,
2627,2026-04-23T08:24:23.276Z,S20260423_092137,N/A,AUTO,,165.3998,0.0609,N/A,0,1500,VIDE,0.0,0.0,0.0,0.0,0.0,0.0,0,0,0.0,0.0,,,,,,,,,,,,
2628,2026-04-23T08:24:23.338Z,S20260423_092137,N/A,AUTO,,165.4615,0.0617,N/A,0,1500,VIDE,0.0,0.0,0.0,0.0,0.0,0.0,0,0,0.0,0.0,,,,,,,,,,,,
2629,2026-04-23T08:24:23.401Z,S20260423_092137,N/A,AUTO,,165.5247,0.0632,N/A,0,1500,VIDE,0.0,0.0,0.0,0.0,0.0,0.0,0,0,0.0,0.0,,,,,,,,,,,,
2630,2026-04-23T08:24:23.464Z,S20260423_092137,N/A,AUTO,,165.5874,0.0628,N/A,0,1500,VIDE,0.0,0.0,0.0,0.0,0.0,0.0,0,0,0.0,0.0,,,,,,,,,,,,
2631,2026-04-23T08:24:23.525Z,S20260423_092137,N/A,AUTO,,165.6487,0.0613,N/A,0,1500,VIDE,0.0,0.0,0.0,0.0,0.0,0.0,0,0,0.0,0.0,,,,,,,,,,,,
2632,2026-04-23T08:24:23.589Z,S20260423_092137,N/A,AUTO,,165.7124,0.0637,N/A,0,1500,VIDE,0.0,0.0,0.0,0.0,0.0,0.0,0,0,0.0,0.0,,,,,,,,,,,,
2633,2026-04-23T08:24:23.651Z,S20260423_092137,N/A,AUTO,,165.7749,0.0625,N/A,0,1500,VIDE,0.0,0.0,0.0,0.0,0.0,0.0,0,0,0.0,0.0,,,,,,,,,,,,
2634,2026-04-23T08:24:23.713Z,S20260423_092137,N/A,AUTO,,165.8366,0.0617,N/A,0,1500,VIDE,0.0,0.0,0.0,0.0,0.0,0.0,0,0,0.0,0.0,,,,,,,,,,,,
2635,2026-04-23T08:24:23.776Z,S20260423_092137,N/A,AUTO,,165.9001,0.0635,N/A,0,1500,VIDE,0.0,0.0,0.0,0.0,0.0,0.0,0,0,0.0,0.0,,,,,,,,,,,,
2636,2026-04-23T08:24:23.838Z,S20260423_092137,N/A,AUTO,,165.9616,0.0614,N/A,0,1500,VIDE,0.0,0.0,0.0,0.0,0.0,0.0,0,0,0.0,0.0,,,,,,,,,,,,
2637,2026-04-23T08:24:23.901Z,S20260423_092137,N/A,AUTO,,166.0246,0.063,N/A,0,1500,VIDE,0.0,0.0,0.0,0.0,0.0,0.0,0,0,0.0,0.0,,,,,,,,,,,,
2638,2026-04-23T08:24:23.963Z,S20260423_092137,N/A,AUTO,,166.0868,0.0622,N/A,0,1500,VIDE,0.0,0.0,0.0,0.0,0.0,0.0,0,0,0.0,0.0,,,,,,,,,,,,
2639,2026-04-23T08:24:24.024Z,S20260423_092137,N/A,AUTO,,166.1482,0.0614,N/A,0,1500,VIDE,0.0,0.0,0.0,0.0,0.0,0.0,0,0,0.0,0.0,,,,,,,,,,,,
2640,2026-04-23T08:24:24.086Z,S20260423_092137,N/A,AUTO,,166.2099,0.0617,N/A,0,1500,VIDE,0.0,0.0,0.0,0.0,0.0,0.0,0,0,0.0,0.0,,,,,,,,,,,,
2641,2026-04-23T08:24:24.148Z,S20260423_092137,N/A,AUTO,,166.2721,0.0623,N/A,0,1500,VIDE,0.0,0.0,0.0,0.0,0.0,0.0,0,0,0.0,0.0,,,,,,,,,,,,
2642,2026-04-23T08:24:24.212Z,S20260423_092137,N/A,AUTO,,166.3358,0.0637,N/A,0,1500,VIDE,0.0,0.0,0.0,0.0,0.0,0.0,0,0,0.0,0.0,,,,,,,,,,,,
2643,2026-04-23T08:24:24.276Z,S20260423_092137,N/A,AUTO,,166.3992,0.0634,N/A,0,1500,VIDE,0.0,0.0,0.0,0.0,0.0,0.0,0,0,0.0,0.0,,,,,,,,,,,,
2644,2026-04-23T08:24:24.338Z,S20260423_092137,N/A,AUTO,,166.4613,0.0621,N/A,0,1500,VIDE,0.0,0.0,0.0,0.0,0.0,0.0,0,0,0.0,0.0,,,,,,,,,,,,
2645,2026-04-23T08:24:24.400Z,S20260423_092137,N/A,AUTO,,166.524,0.0627,N/A,0,1500,VIDE,0.0,0.0,0.0,0.0,0.0,0.0,0,0,0.0,0.0,,,,,,,,,,,,
2646,2026-04-23T08:24:24.459Z,S20260423_092137,N/A,AUTO,,166.5831,0.0591,N/A,0,1500,VIDE,0.0,0.0,0.0,0.0,0.0,0.0,0,0,0.0,0.0,,,,,,,,,,,,
2647,2026-04-23T08:24:24.525Z,S20260423_092137,N/A,AUTO,,166.6484,0.0653,N/A,0,1500,VIDE,0.0,0.0,0.0,0.0,0.0,0.0,0,0,0.0,0.0,,,,,,,,,,,,
2648,2026-04-23T08:24:24.587Z,S20260423_092137,N/A,AUTO,,166.7108,0.0625,N/A,0,1500,VIDE,0.0,0.0,0.0,0.0,0.0,0.0,0,0,0.0,0.0,,,,,,,,,,,,
2649,2026-04-23T08:24:24.649Z,S20260423_092137,N/A,AUTO,,166.7727,0.0618,N/A,0,1500,VIDE,0.0,0.0,0.0,0.0,0.0,0.0,0,0,0.0,0.0,,,,,,,,,,,,
2650,2026-04-23T08:24:24.710Z,S20260423_092137,N/A,AUTO,,166.8338,0.0612,N/A,0,1500,VIDE,0.0,0.0,0.0,0.0,0.0,0.0,0,0,0.0,0.0,,,,,,,,,,,,
2651,2026-04-23T08:24:24.773Z,S20260423_092137,N/A,AUTO,,166.8965,0.0627,N/A,0,1500,VIDE,0.0,0.0,0.0,0.0,0.0,0.0,0,0,0.0,0.0,,,,,,,,,,,,
2652,2026-04-23T08:24:24.849Z,S20260423_092137,N/A,AUTO,,166.9722,0.0757,N/A,0,1500,VIDE,0.0,0.0,0.0,0.0,0.0,0.0,0,0,0.0,0.0,,,,,,,,,,,,
2653,2026-04-23T08:24:24.909Z,S20260423_092137,N/A,AUTO,,167.0331,0.0608,N/A,0,1500,VIDE,0.0,0.0,0.0,0.0,0.0,0.0,0,0,0.0,0.0,,,,,,,,,,,,
2654,2026-04-23T08:24:24.971Z,S20260423_092137,N/A,AUTO,,167.0943,0.0612,N/A,0,1500,VIDE,0.0,0.0,0.0,0.0,0.0,0.0,0,0,0.0,0.0,,,,,,,,,,,,
2655,2026-04-23T08:24:25.032Z,S20260423_092137,N/A,AUTO,,167.156,0.0617,N/A,0,1500,VIDE,0.0,0.0,0.0,0.0,0.0,0.0,0,0,0.0,0.0,,,,,,,,,,,,
2656,2026-04-23T08:24:25.097Z,S20260423_092137,N/A,AUTO,,167.2207,0.0647,N/A,0,1500,VIDE,0.0,0.0,0.0,0.0,0.0,0.0,0,0,0.0,0.0,,,,,,,,,,,,
2657,2026-04-23T08:24:25.160Z,S20260423_092137,N/A,AUTO,,167.2832,0.0625,N/A,0,1500,VIDE,0.0,0.0,0.0,0.0,0.0,0.0,0,0,0.0,0.0,,,,,,,,,,,,
2658,2026-04-23T08:24:25.222Z,S20260423_092137,N/A,AUTO,,167.346,0.0628,N/A,0,1500,VIDE,0.0,0.0,0.0,0.0,0.0,0.0,0,0,0.0,0.0,,,,,,,,,,,,
2659,2026-04-23T08:24:25.285Z,S20260423_092137,N/A,AUTO,,167.4084,0.0624,N/A,0,1500,VIDE,0.0,0.0,0.0,0.0,0.0,0.0,0,0,0.0,0.0,,,,,,,,,,,,
2660,2026-04-23T08:24:25.348Z,S20260423_092137,N/A,AUTO,,167.472,0.0636,N/A,0,1500,VIDE,0.0,0.0,0.0,0.0,0.0,0.0,0,0,0.0,0.0,,,,,,,,,,,,
2661,2026-04-23T08:24:25.411Z,S20260423_092137,N/A,AUTO,,167.5349,0.0627,N/A,0,1500,VIDE,0.0,0.0,0.0,0.0,0.0,0.0,0,0,0.0,0.0,,,,,,,,,,,,
2662,2026-04-23T08:24:25.462Z,S20260423_092137,N/A,AUTO,,167.586,0.0512,N/A,0,1500,VIDE,0.0,0.0,0.0,0.0,0.0,0.0,0,0,0.0,0.0,,,,,,,,,,,,
2663,2026-04-23T08:24:25.534Z,S20260423_092137,N/A,AUTO,,167.6573,0.0713,N/A,0,1500,VIDE,0.0,0.0,0.0,0.0,0.0,0.0,0,0,0.0,0.0,,,,,,,,,,,,
2664,2026-04-23T08:24:25.596Z,S20260423_092137,N/A,AUTO,,167.7193,0.062,N/A,0,1500,VIDE,0.0,0.0,0.0,0.0,0.0,0.0,0,0,0.0,0.0,,,,,,,,,,,,
2665,2026-04-23T08:24:25.657Z,S20260423_092137,N/A,AUTO,,167.7806,0.0613,N/A,0,1500,VIDE,0.0,0.0,0.0,0.0,0.0,0.0,0,0,0.0,0.0,,,,,,,,,,,,
2666,2026-04-23T08:24:25.717Z,S20260423_092137,N/A,AUTO,,167.8411,0.0604,N/A,0,1500,VIDE,0.0,0.0,0.0,0.0,0.0,0.0,0,0,0.0,0.0,,,,,,,,,,,,
2667,2026-04-23T08:24:25.780Z,S20260423_092137,N/A,AUTO,,167.9036,0.0625,N/A,0,1500,VIDE,0.0,0.0,0.0,0.0,0.0,0.0,0,0,0.0,0.0,,,,,,,,,,,,
2668,2026-04-23T08:24:25.842Z,S20260423_092137,N/A,AUTO,,167.9659,0.0623,N/A,0,1500,VIDE,0.0,0.0,0.0,0.0,0.0,0.0,0,0,0.0,0.0,,,,,,,,,,,,
2669,2026-04-23T08:24:25.904Z,S20260423_092137,N/A,AUTO,,168.0276,0.0617,N/A,0,1500,VIDE,0.0,0.0,0.0,0.0,0.0,0.0,0,0,0.0,0.0,,,,,,,,,,,,
2670,2026-04-23T08:24:25.966Z,S20260423_092137,N/A,AUTO,,168.0897,0.062,N/A,0,1500,VIDE,0.0,0.0,0.0,0.0,0.0,0.0,0,0,0.0,0.0,,,,,,,,,,,,
2671,2026-04-23T08:24:26.029Z,S20260423_092137,N/A,AUTO,,168.1523,0.0627,N/A,0,1500,VIDE,0.0,0.0,0.0,0.0,0.0,0.0,0,0,0.0,0.0,,,,,,,,,,,,
2672,2026-04-23T08:24:26.092Z,S20260423_092137,N/A,AUTO,,168.2161,0.0637,N/A,0,1500,VIDE,0.0,0.0,0.0,0.0,0.0,0.0,0,0,0.0,0.0,,,,,,,,,,,,
2673,2026-04-23T08:24:26.154Z,S20260423_092137,N/A,AUTO,,168.2772,0.0612,N/A,0,1500,VIDE,0.0,0.0,0.0,0.0,0.0,0.0,0,0,0.0,0.0,,,,,,,,,,,,
2674,2026-04-23T08:24:26.216Z,S20260423_092137,N/A,AUTO,,168.3398,0.0624,N/A,0,1500,VIDE,0.0,0.0,0.0,0.0,0.0,0.0,0,0,0.0,0.0,,,,,,,,,,,,
2675,2026-04-23T08:24:26.278Z,S20260423_092137,N/A,AUTO,,168.4021,0.0624,N/A,0,1500,VIDE,0.0,0.0,0.0,0.0,0.0,0.0,0,0,0.0,0.0,,,,,,,,,,,,
2676,2026-04-23T08:24:26.338Z,S20260423_092137,N/A,AUTO,,168.4615,0.0592,N/A,0,1500,VIDE,0.0,0.0,0.0,0.0,0.0,0.0,0,0,0.0,0.0,,,,,,,,,,,,
2677,2026-04-23T08:24:26.403Z,S20260423_092137,N/A,AUTO,,168.5269,0.0656,N/A,0,1500,VIDE,0.0,0.0,0.0,0.0,0.0,0.0,0,0,0.0,0.0,,,,,,,,,,,,
2678,2026-04-23T08:24:26.465Z,S20260423_092137,N/A,AUTO,,168.589,0.0621,N/A,0,1500,VIDE,0.0,0.0,0.0,0.0,0.0,0.0,0,0,0.0,0.0,,,,,,,,,,,,
2679,2026-04-23T08:24:26.527Z,S20260423_092137,N/A,AUTO,,168.6508,0.0618,N/A,0,1500,VIDE,0.0,0.0,0.0,0.0,0.0,0.0,0,0,0.0,0.0,,,,,,,,,,,,
2680,2026-04-23T08:24:26.590Z,S20260423_092137,N/A,AUTO,,168.7134,0.0626,N/A,0,1500,VIDE,0.0,0.0,0.0,0.0,0.0,0.0,0,0,0.0,0.0,,,,,,,,,,,,
2681,2026-04-23T08:24:26.652Z,S20260423_092137,N/A,AUTO,,168.7761,0.0627,N/A,0,1500,VIDE,0.0,0.0,0.0,0.0,0.0,0.0,0,0,0.0,0.0,,,,,,,,,,,,
2682,2026-04-23T08:24:26.713Z,S20260423_092137,N/A,AUTO,,168.837,0.0609,N/A,0,1500,VIDE,0.0,0.0,0.0,0.0,0.0,0.0,0,0,0.0,0.0,,,,,,,,,,,,
2683,2026-04-23T08:24:26.775Z,S20260423_092137,N/A,AUTO,,168.8991,0.0621,N/A,0,1500,VIDE,0.0,0.0,0.0,0.0,0.0,0.0,0,0,0.0,0.0,,,,,,,,,,,,
2684,2026-04-23T08:24:26.838Z,S20260423_092137,N/A,AUTO,,168.962,0.0629,N/A,0,1500,VIDE,0.0,0.0,0.0,0.0,0.0,0.0,0,0,0.0,0.0,,,,,,,,,,,,
2685,2026-04-23T08:24:26.900Z,S20260423_092137,N/A,AUTO,,169.0236,0.0615,N/A,0,1500,VIDE,0.0,0.0,0.0,0.0,0.0,0.0,0,0,0.0,0.0,,,,,,,,,,,,
2686,2026-04-23T08:24:26.962Z,S20260423_092137,N/A,AUTO,,169.0854,0.062,N/A,0,1500,VIDE,0.0,0.0,0.0,0.0,0.0,0.0,0,0,0.0,0.0,,,,,,,,,,,,
2687,2026-04-23T08:24:27.023Z,S20260423_092137,N/A,AUTO,,169.147,0.0616,N/A,0,1500,VIDE,0.0,0.0,0.0,0.0,0.0,0.0,0,0,0.0,0.0,,,,,,,,,,,,
2688,2026-04-23T08:24:27.085Z,S20260423_092137,N/A,AUTO,,169.2082,0.0612,N/A,0,1500,VIDE,0.0,0.0,0.0,0.0,0.0,0.0,0,0,0.0,0.0,,,,,,,,,,,,
2689,2026-04-23T08:24:27.161Z,S20260423_092137,N/A,AUTO,,169.2844,0.0762,N/A,0,1500,VIDE,0.0,0.0,0.0,0.0,0.0,0.0,0,0,0.0,0.0,,,,,,,,,,,,
2690,2026-04-23T08:24:27.211Z,S20260423_092137,N/A,AUTO,,169.3344,0.05,N/A,0,1500,VIDE,0.0,0.0,0.0,0.0,0.0,0.0,0,0,0.0,0.0,,,,,,,,,,,,
2691,2026-04-23T08:24:27.286Z,S20260423_092137,N/A,AUTO,,169.41,0.0756,N/A,0,1500,VIDE,0.0,0.0,0.0,0.0,0.0,0.0,0,0,0.0,0.0,,,,,,,,,,,,
2692,2026-04-23T08:24:27.348Z,S20260423_092137,N/A,AUTO,,169.4718,0.0618,N/A,0,1500,VIDE,0.0,0.0,0.0,0.0,0.0,0.0,0,0,0.0,0.0,,,,,,,,,,,,
2693,2026-04-23T08:24:27.411Z,S20260423_092137,N/A,AUTO,,169.5347,0.0628,N/A,0,1500,VIDE,0.0,0.0,0.0,0.0,0.0,0.0,0,0,0.0,0.0,,,,,,,,,,,,
2694,2026-04-23T08:24:27.471Z,S20260423_092137,N/A,AUTO,,169.595,0.0602,N/A,0,1500,VIDE,0.0,0.0,0.0,0.0,0.0,0.0,0,0,0.0,0.0,,,,,,,,,,,,
2695,2026-04-23T08:24:27.534Z,S20260423_092137,N/A,AUTO,,169.6575,0.0626,N/A,0,1500,VIDE,0.0,0.0,0.0,0.0,0.0,0.0,0,0,0.0,0.0,,,,,,,,,,,,
2696,2026-04-23T08:24:27.595Z,S20260423_092137,N/A,AUTO,,169.7191,0.0617,N/A,0,1500,VIDE,0.0,0.0,0.0,0.0,0.0,0.0,0,0,0.0,0.0,,,,,,,,,,,,
2697,2026-04-23T08:24:27.659Z,S20260423_092137,N/A,AUTO,,169.783,0.0639,N/A,0,1500,VIDE,0.0,0.0,0.0,0.0,0.0,0.0,0,0,0.0,0.0,,,,,,,,,,,,
2698,2026-04-23T08:24:27.722Z,S20260423_092137,N/A,AUTO,,169.846,0.063,N/A,0,1500,VIDE,0.0,0.0,0.0,0.0,0.0,0.0,0,0,0.0,0.0,,,,,,,,,,,,
2699,2026-04-23T08:24:27.783Z,S20260423_092137,N/A,AUTO,,169.9062,0.0602,N/A,0,1500,VIDE,0.0,0.0,0.0,0.0,0.0,0.0,0,0,0.0,0.0,,,,,,,,,,,,
2700,2026-04-23T08:24:27.845Z,S20260423_092137,N/A,AUTO,,169.9684,0.0622,N/A,0,1500,VIDE,0.0,0.0,0.0,0.0,0.0,0.0,0,0,0.0,0.0,,,,,,,,,,,,
2701,2026-04-23T08:24:27.907Z,S20260423_092137,N/A,AUTO,,170.0305,0.0621,N/A,0,1500,VIDE,0.0,0.0,0.0,0.0,0.0,0.0,0,0,0.0,0.0,,,,,,,,,,,,
2702,2026-04-23T08:24:27.968Z,S20260423_092137,N/A,AUTO,,170.0914,0.0609,N/A,0,1500,VIDE,0.0,0.0,0.0,0.0,0.0,0.0,0,0,0.0,0.0,,,,,,,,,,,,
2703,2026-04-23T08:24:28.030Z,S20260423_092137,N/A,AUTO,,170.1542,0.0628,N/A,0,1500,VIDE,0.0,0.0,0.0,0.0,0.0,0.0,0,0,0.0,0.0,,,,,,,,,,,,
2704,2026-04-23T08:24:28.093Z,S20260423_092137,N/A,AUTO,,170.2162,0.0621,N/A,0,1500,VIDE,0.0,0.0,0.0,0.0,0.0,0.0,0,0,0.0,0.0,,,,,,,,,,,,
2705,2026-04-23T08:24:28.156Z,S20260423_092137,N/A,AUTO,,170.2794,0.0631,N/A,0,1500,VIDE,0.0,0.0,0.0,0.0,0.0,0.0,0,0,0.0,0.0,,,,,,,,,,,,
2706,2026-04-23T08:24:28.217Z,S20260423_092137,N/A,AUTO,,170.3404,0.061,N/A,0,1500,VIDE,0.0,0.0,0.0,0.0,0.0,0.0,0,0,0.0,0.0,,,,,,,,,,,,
2707,2026-04-23T08:24:28.279Z,S20260423_092137,N/A,AUTO,,170.4024,0.062,N/A,0,1500,VIDE,0.0,0.0,0.0,0.0,0.0,0.0,0,0,0.0,0.0,,,,,,,,,,,,
2708,2026-04-23T08:24:28.339Z,S20260423_092137,N/A,AUTO,,170.463,0.0607,N/A,0,1500,VIDE,0.0,0.0,0.0,0.0,0.0,0.0,0,0,0.0,0.0,,,,,,,,,,,,
2709,2026-04-23T08:24:28.401Z,S20260423_092137,N/A,AUTO,,170.5242,0.0612,N/A,0,1500,VIDE,0.0,0.0,0.0,0.0,0.0,0.0,0,0,0.0,0.0,,,,,,,,,,,,
2710,2026-04-23T08:24:28.462Z,S20260423_092137,N/A,AUTO,,170.5857,0.0615,N/A,0,1500,VIDE,0.0,0.0,0.0,0.0,0.0,0.0,0,0,0.0,0.0,,,,,,,,,,,,
2711,2026-04-23T08:24:28.525Z,S20260423_092137,N/A,AUTO,,170.6487,0.063,N/A,0,1500,VIDE,0.0,0.0,0.0,0.0,0.0,0.0,0,0,0.0,0.0,,,,,,,,,,,,
2712,2026-04-23T08:24:28.586Z,S20260423_092137,N/A,AUTO,,170.71,0.0613,N/A,0,1500,VIDE,0.0,0.0,0.0,0.0,0.0,0.0,0,0,0.0,0.0,,,,,,,,,,,,
2713,2026-04-23T08:24:28.649Z,S20260423_092137,N/A,AUTO,,170.7728,0.0629,N/A,0,1500,VIDE,0.0,0.0,0.0,0.0,0.0,0.0,0,0,0.0,0.0,,,,,,,,,,,,
2714,2026-04-23T08:24:28.711Z,S20260423_092137,N/A,AUTO,,170.8351,0.0623,N/A,0,1500,VIDE,0.0,0.0,0.0,0.0,0.0,0.0,0,0,0.0,0.0,,,,,,,,,,,,
2715,2026-04-23T08:24:28.774Z,S20260423_092137,N/A,AUTO,,170.8973,0.0622,N/A,0,1500,VIDE,0.0,0.0,0.0,0.0,0.0,0.0,0,0,0.0,0.0,,,,,,,,,,,,
2716,2026-04-23T08:24:28.837Z,S20260423_092137,N/A,AUTO,,170.9604,0.0631,N/A,0,1500,VIDE,0.0,0.0,0.0,0.0,0.0,0.0,0,0,0.0,0.0,,,,,,,,,,,,
2717,2026-04-23T08:24:28.898Z,S20260423_092137,N/A,AUTO,,171.022,0.0616,N/A,0,1500,VIDE,0.0,0.0,0.0,0.0,0.0,0.0,0,0,0.0,0.0,,,,,,,,,,,,
2718,2026-04-23T08:24:28.960Z,S20260423_092137,N/A,AUTO,,171.0833,0.0613,N/A,0,1500,VIDE,0.0,0.0,0.0,0.0,0.0,0.0,0,0,0.0,0.0,,,,,,,,,,,,
2719,2026-04-23T08:24:29.024Z,S20260423_092137,N/A,AUTO,,171.1484,0.0647,N/A,0,1500,VIDE,0.0,0.0,0.0,0.0,0.0,0.0,0,0,0.0,0.0,,,,,,,,,,,,
2720,2026-04-23T08:24:29.098Z,S20260423_092137,N/A,AUTO,,171.2217,0.0736,N/A,0,1500,VIDE,0.0,0.0,0.0,0.0,0.0,0.0,0,0,0.0,0.0,,,,,,,,,,,,
2721,2026-04-23T08:24:29.160Z,S20260423_092137,N/A,AUTO,,171.2834,0.0617,N/A,0,1500,VIDE,0.0,0.0,0.0,0.0,0.0,0.0,0,0,0.0,0.0,,,,,,,,,,,,
2722,2026-04-23T08:24:29.222Z,S20260423_092137,N/A,AUTO,,171.346,0.0625,N/A,0,1500,VIDE,0.0,0.0,0.0,0.0,0.0,0.0,0,0,0.0,0.0,,,,,,,,,,,,
2723,2026-04-23T08:24:29.284Z,S20260423_092137,N/A,AUTO,,171.4079,0.0619,N/A,0,1500,VIDE,0.0,0.0,0.0,0.0,0.0,0.0,0,0,0.0,0.0,,,,,,,,,,,,
2724,2026-04-23T08:24:29.345Z,S20260423_092137,N/A,AUTO,,171.4685,0.0606,N/A,0,1500,VIDE,0.0,0.0,0.0,0.0,0.0,0.0,0,0,0.0,0.0,,,,,,,,,,,,
2725,2026-04-23T08:24:29.406Z,S20260423_092137,N/A,AUTO,,171.5301,0.0616,N/A,0,1500,VIDE,0.0,0.0,0.0,0.0,0.0,0.0,0,0,0.0,0.0,,,,,,,,,,,,
2726,2026-04-23T08:24:29.468Z,S20260423_092137,N/A,AUTO,,171.5918,0.0617,N/A,0,1500,VIDE,0.0,0.0,0.0,0.0,0.0,0.0,0,0,0.0,0.0,,,,,,,,,,,,
2727,2026-04-23T08:24:29.529Z,S20260423_092137,N/A,AUTO,,171.6528,0.061,N/A,0,1500,VIDE,0.0,0.0,0.0,0.0,0.0,0.0,0,0,0.0,0.0,,,,,,,,,,,,
2728,2026-04-23T08:24:29.590Z,S20260423_092137,N/A,AUTO,,171.7136,0.0608,N/A,0,1500,VIDE,0.0,0.0,0.0,0.0,0.0,0.0,0,0,0.0,0.0,,,,,,,,,,,,
2729,2026-04-23T08:24:29.652Z,S20260423_092137,N/A,AUTO,,171.7759,0.0623,N/A,0,1500,VIDE,0.0,0.0,0.0,0.0,0.0,0.0,0,0,0.0,0.0,,,,,,,,,,,,
2730,2026-04-23T08:24:29.714Z,S20260423_092137,N/A,AUTO,,171.8379,0.062,N/A,0,1500,VIDE,0.0,0.0,0.0,0.0,0.0,0.0,0,0,0.0,0.0,,,,,,,,,,,,
2731,2026-04-23T08:24:29.778Z,S20260423_092137,N/A,AUTO,,171.9018,0.0638,N/A,0,1500,VIDE,0.0,0.0,0.0,0.0,0.0,0.0,0,0,0.0,0.0,,,,,,,,,,,,
2732,2026-04-23T08:24:29.838Z,S20260423_092137,N/A,AUTO,,171.9615,0.0598,N/A,0,1500,VIDE,0.0,0.0,0.0,0.0,0.0,0.0,0,0,0.0,0.0,,,,,,,,,,,,
2733,2026-04-23T08:24:29.900Z,S20260423_092137,N/A,AUTO,,172.024,0.0625,N/A,0,1500,VIDE,0.0,0.0,0.0,0.0,0.0,0.0,0,0,0.0,0.0,,,,,,,,,,,,
2734,2026-04-23T08:24:29.962Z,S20260423_092137,N/A,AUTO,,172.0853,0.0613,N/A,0,1500,VIDE,0.0,0.0,0.0,0.0,0.0,0.0,0,0,0.0,0.0,,,,,,,,,,,,
2735,2026-04-23T08:24:30.025Z,S20260423_092137,N/A,AUTO,,172.1488,0.0634,N/A,0,1500,VIDE,0.0,0.0,0.0,0.0,0.0,0.0,0,0,0.0,0.0,,,,,,,,,,,,
2736,2026-04-23T08:24:30.086Z,S20260423_092137,N/A,AUTO,,172.2098,0.0609,N/A,0,1500,VIDE,0.0,0.0,0.0,0.0,0.0,0.0,0,0,0.0,0.0,,,,,,,,,,,,
2737,2026-04-23T08:24:30.148Z,S20260423_092137,N/A,AUTO,,172.2716,0.0619,N/A,0,1500,VIDE,0.0,0.0,0.0,0.0,0.0,0.0,0,0,0.0,0.0,,,,,,,,,,,,
2738,2026-04-23T08:24:30.211Z,S20260423_092137,N/A,AUTO,,172.3345,0.0627,N/A,0,1500,VIDE,0.0,0.0,0.0,0.0,0.0,0.0,0,0,0.0,0.0,,,,,,,,,,,,
2739,2026-04-23T08:24:30.287Z,S20260423_092137,N/A,AUTO,,172.4107,0.0762,N/A,0,1500,VIDE,0.0,0.0,0.0,0.0,0.0,0.0,0,0,0.0,0.0,,,,,,,,,,,,
2740,2026-04-23T08:24:30.349Z,S20260423_092137,N/A,AUTO,,172.4724,0.0619,N/A,0,1500,VIDE,0.0,0.0,0.0,0.0,0.0,0.0,0,0,0.0,0.0,,,,,,,,,,,,
2741,2026-04-23T08:24:30.408Z,S20260423_092137,N/A,AUTO,,172.5322,0.0596,N/A,0,1500,VIDE,0.0,0.0,0.0,0.0,0.0,0.0,0,0,0.0,0.0,,,,,,,,,,,,
2742,2026-04-23T08:24:30.465Z,S20260423_092137,N/A,AUTO,,172.5892,0.0569,N/A,0,1500,VIDE,0.0,0.0,0.0,0.0,0.0,0.0,0,0,0.0,0.0,,,,,,,,,,,,
2743,2026-04-23T08:24:30.534Z,S20260423_092137,N/A,AUTO,,172.6578,0.069,N/A,0,1500,VIDE,0.0,0.0,0.0,0.0,0.0,0.0,0,0,0.0,0.0,,,,,,,,,,,,
2744,2026-04-23T08:24:30.596Z,S20260423_092137,N/A,AUTO,,172.7192,0.0614,N/A,0,1500,VIDE,0.0,0.0,0.0,0.0,0.0,0.0,0,0,0.0,0.0,,,,,,,,,,,,
2745,2026-04-23T08:24:30.658Z,S20260423_092137,N/A,AUTO,,172.7818,0.0626,N/A,0,1500,VIDE,0.0,0.0,0.0,0.0,0.0,0.0,0,0,0.0,0.0,,,,,,,,,,,,
2746,2026-04-23T08:24:30.719Z,S20260423_092137,N/A,AUTO,,172.8432,0.0613,N/A,0,1500,VIDE,0.0,0.0,0.0,0.0,0.0,0.0,0,0,0.0,0.0,,,,,,,,,,,,
2747,2026-04-23T08:24:30.783Z,S20260423_092137,N/A,AUTO,,172.9064,0.0632,N/A,0,1500,VIDE,0.0,0.0,0.0,0.0,0.0,0.0,0,0,0.0,0.0,,,,,,,,,,,,
2748,2026-04-23T08:24:30.844Z,S20260423_092137,N/A,AUTO,,172.9677,0.0613,N/A,0,1500,VIDE,0.0,0.0,0.0,0.0,0.0,0.0,0,0,0.0,0.0,,,,,,,,,,,,
2749,2026-04-23T08:24:30.907Z,S20260423_092137,N/A,AUTO,,173.031,0.0633,N/A,0,1500,VIDE,0.0,0.0,0.0,0.0,0.0,0.0,0,0,0.0,0.0,,,,,,,,,,,,
2750,2026-04-23T08:24:30.969Z,S20260423_092137,N/A,AUTO,,173.093,0.062,N/A,0,1500,VIDE,0.0,0.0,0.0,0.0,0.0,0.0,0,0,0.0,0.0,,,,,,,,,,,,
2751,2026-04-23T08:24:31.031Z,S20260423_092137,N/A,AUTO,,173.1543,0.0613,N/A,0,1500,VIDE,0.0,0.0,0.0,0.0,0.0,0.0,0,0,0.0,0.0,,,,,,,,,,,,
2752,2026-04-23T08:24:31.092Z,S20260423_092137,N/A,AUTO,,173.2156,0.0612,N/A,0,1500,VIDE,0.0,0.0,0.0,0.0,0.0,0.0,0,0,0.0,0.0,,,,,,,,,,,,
2753,2026-04-23T08:24:31.156Z,S20260423_092137,N/A,AUTO,,173.2795,0.064,N/A,0,1500,VIDE,0.0,0.0,0.0,0.0,0.0,0.0,0,0,0.0,0.0,,,,,,,,,,,,
2754,2026-04-23T08:24:31.218Z,S20260423_092137,N/A,AUTO,,173.3417,0.0622,N/A,0,1500,VIDE,0.0,0.0,0.0,0.0,0.0,0.0,0,0,0.0,0.0,,,,,,,,,,,,
2755,2026-04-23T08:24:31.280Z,S20260423_092137,N/A,AUTO,,173.4037,0.062,N/A,0,1500,VIDE,0.0,0.0,0.0,0.0,0.0,0.0,0,0,0.0,0.0,,,,,,,,,,,,
2756,2026-04-23T08:24:31.342Z,S20260423_092137,N/A,AUTO,,173.4656,0.062,N/A,0,1500,VIDE,0.0,0.0,0.0,0.0,0.0,0.0,0,0,0.0,0.0,,,,,,,,,,,,
2757,2026-04-23T08:24:31.404Z,S20260423_092137,N/A,AUTO,,173.5277,0.0621,N/A,0,1500,VIDE,0.0,0.0,0.0,0.0,0.0,0.0,0,0,0.0,0.0,,,,,,,,,,,,
2758,2026-04-23T08:24:31.466Z,S20260423_092137,N/A,AUTO,,173.5893,0.0616,N/A,0,1500,VIDE,0.0,0.0,0.0,0.0,0.0,0.0,0,0,0.0,0.0,,,,,,,,,,,,
2759,2026-04-23T08:24:31.529Z,S20260423_092137,N/A,AUTO,,173.6529,0.0636,N/A,0,1500,VIDE,0.0,0.0,0.0,0.0,0.0,0.0,0,0,0.0,0.0,,,,,,,,,,,,
2760,2026-04-23T08:24:31.591Z,S20260423_092137,N/A,AUTO,,173.7143,0.0614,N/A,0,1500,VIDE,0.0,0.0,0.0,0.0,0.0,0.0,0,0,0.0,0.0,,,,,,,,,,,,
2761,2026-04-23T08:24:31.654Z,S20260423_092137,N/A,AUTO,,173.7773,0.063,N/A,0,1500,VIDE,0.0,0.0,0.0,0.0,0.0,0.0,0,0,0.0,0.0,,,,,,,,,,,,
2762,2026-04-23T08:24:31.715Z,S20260423_092137,N/A,AUTO,,173.8386,0.0613,N/A,0,1500,VIDE,0.0,0.0,0.0,0.0,0.0,0.0,0,0,0.0,0.0,,,,,,,,,,,,
2763,2026-04-23T08:24:31.778Z,S20260423_092137,N/A,AUTO,,173.902,0.0633,N/A,0,1500,VIDE,0.0,0.0,0.0,0.0,0.0,0.0,0,0,0.0,0.0,,,,,,,,,,,,
2764,2026-04-23T08:24:31.839Z,S20260423_092137,N/A,AUTO,,173.9629,0.0609,N/A,0,1500,VIDE,0.0,0.0,0.0,0.0,0.0,0.0,0,0,0.0,0.0,,,,,,,,,,,,
2765,2026-04-23T08:24:31.902Z,S20260423_092137,N/A,AUTO,,174.0253,0.0625,N/A,0,1500,VIDE,0.0,0.0,0.0,0.0,0.0,0.0,0,0,0.0,0.0,,,,,,,,,,,,
2766,2026-04-23T08:24:31.965Z,S20260423_092137,N/A,AUTO,,174.0885,0.0631,N/A,0,1500,VIDE,0.0,0.0,0.0,0.0,0.0,0.0,0,0,0.0,0.0,,,,,,,,,,,,
2767,2026-04-23T08:24:32.026Z,S20260423_092137,N/A,AUTO,,174.15,0.0614,N/A,0,1500,VIDE,0.0,0.0,0.0,0.0,0.0,0.0,0,0,0.0,0.0,,,,,,,,,,,,
2768,2026-04-23T08:24:32.088Z,S20260423_092137,N/A,AUTO,,174.2118,0.062,N/A,0,1500,VIDE,0.0,0.0,0.0,0.0,0.0,0.0,0,0,0.0,0.0,,,,,,,,,,,,
2769,2026-04-23T08:24:32.151Z,S20260423_092137,N/A,AUTO,,174.2748,0.063,N/A,0,1500,VIDE,0.0,0.0,0.0,0.0,0.0,0.0,0,0,0.0,0.0,,,,,,,,,,,,
2770,2026-04-23T08:24:32.215Z,S20260423_092137,N/A,AUTO,,174.3384,0.0636,N/A,0,1500,VIDE,0.0,0.0,0.0,0.0,0.0,0.0,0,0,0.0,0.0,,,,,,,,,,,,
2771,2026-04-23T08:24:32.276Z,S20260423_092137,N/A,AUTO,,174.3996,0.0612,N/A,0,1500,VIDE,0.0,0.0,0.0,0.0,0.0,0.0,0,0,0.0,0.0,,,,,,,,,,,,
2772,2026-04-23T08:24:32.338Z,S20260423_092137,N/A,AUTO,,174.4619,0.0622,N/A,0,1500,VIDE,0.0,0.0,0.0,0.0,0.0,0.0,0,0,0.0,0.0,,,,,,,,,,,,
2773,2026-04-23T08:24:32.400Z,S20260423_092137,N/A,AUTO,,174.5241,0.0623,N/A,0,1500,VIDE,0.0,0.0,0.0,0.0,0.0,0.0,0,0,0.0,0.0,,,,,,,,,,,,
2774,2026-04-23T08:24:32.462Z,S20260423_092137,N/A,AUTO,,174.5859,0.0618,N/A,0,1500,VIDE,0.0,0.0,0.0,0.0,0.0,0.0,0,0,0.0,0.0,,,,,,,,,,,,
2775,2026-04-23T08:24:32.524Z,S20260423_092137,N/A,AUTO,,174.6474,0.0615,N/A,0,1500,VIDE,0.0,0.0,0.0,0.0,0.0,0.0,0,0,0.0,0.0,,,,,,,,,,,,
2776,2026-04-23T08:24:32.586Z,S20260423_092137,N/A,AUTO,,174.7093,0.0619,N/A,0,1500,VIDE,0.0,0.0,0.0,0.0,0.0,0.0,0,0,0.0,0.0,,,,,,,,,,,,
2777,2026-04-23T08:24:32.648Z,S20260423_092137,N/A,AUTO,,174.7719,0.0625,N/A,0,1500,VIDE,0.0,0.0,0.0,0.0,0.0,0.0,0,0,0.0,0.0,,,,,,,,,,,,
2778,2026-04-23T08:24:32.709Z,S20260423_092137,N/A,AUTO,,174.8329,0.061,N/A,0,1500,VIDE,0.0,0.0,0.0,0.0,0.0,0.0,0,0,0.0,0.0,,,,,,,,,,,,
2779,2026-04-23T08:24:32.787Z,S20260423_092137,N/A,AUTO,,174.9105,0.0776,N/A,0,1500,VIDE,0.0,0.0,0.0,0.0,0.0,0.0,0,0,0.0,0.0,,,,,,,,,,,,
2780,2026-04-23T08:24:32.849Z,S20260423_092137,N/A,AUTO,,174.9722,0.0617,N/A,0,1500,VIDE,0.0,0.0,0.0,0.0,0.0,0.0,0,0,0.0,0.0,,,,,,,,,,,,
2781,2026-04-23T08:24:32.910Z,S20260423_092137,N/A,AUTO,,175.0332,0.0609,N/A,0,1500,VIDE,0.0,0.0,0.0,0.0,0.0,0.0,0,0,0.0,0.0,,,,,,,,,,,,
2782,2026-04-23T08:24:32.971Z,S20260423_092137,N/A,AUTO,,175.095,0.0618,N/A,0,1500,VIDE,0.0,0.0,0.0,0.0,0.0,0.0,0,0,0.0,0.0,,,,,,,,,,,,
2783,2026-04-23T08:24:33.034Z,S20260423_092137,N/A,AUTO,,175.1577,0.0627,N/A,0,1500,VIDE,0.0,0.0,0.0,0.0,0.0,0.0,0,0,0.0,0.0,,,,,,,,,,,,
2784,2026-04-23T08:24:33.097Z,S20260423_092137,N/A,AUTO,,175.221,0.0633,N/A,0,1500,VIDE,0.0,0.0,0.0,0.0,0.0,0.0,0,0,0.0,0.0,,,,,,,,,,,,
2785,2026-04-23T08:24:33.159Z,S20260423_092137,N/A,AUTO,,175.2827,0.0618,N/A,0,1500,VIDE,0.0,0.0,0.0,0.0,0.0,0.0,0,0,0.0,0.0,,,,,,,,,,,,
2786,2026-04-23T08:24:33.222Z,S20260423_092137,N/A,AUTO,,175.3457,0.0629,N/A,0,1500,VIDE,0.0,0.0,0.0,0.0,0.0,0.0,0,0,0.0,0.0,,,,,,,,,,,,
2787,2026-04-23T08:24:33.282Z,S20260423_092137,N/A,AUTO,,175.4057,0.0601,N/A,0,1500,VIDE,0.0,0.0,0.0,0.0,0.0,0.0,0,0,0.0,0.0,,,,,,,,,,,,
2788,2026-04-23T08:24:33.346Z,S20260423_092137,N/A,AUTO,,175.4696,0.0639,N/A,0,1500,VIDE,0.0,0.0,0.0,0.0,0.0,0.0,0,0,0.0,0.0,,,,,,,,,,,,
2789,2026-04-23T08:24:33.408Z,S20260423_092137,N/A,AUTO,,175.5316,0.062,N/A,0,1500,VIDE,0.0,0.0,0.0,0.0,0.0,0.0,0,0,0.0,0.0,,,,,,,,,,,,
2790,2026-04-23T08:24:33.470Z,S20260423_092137,N/A,AUTO,,175.5934,0.0618,N/A,0,1500,VIDE,0.0,0.0,0.0,0.0,0.0,0.0,0,0,0.0,0.0,,,,,,,,,,,,
2791,2026-04-23T08:24:33.523Z,S20260423_092137,N/A,AUTO,,175.6464,0.053,N/A,0,1500,VIDE,0.0,0.0,0.0,0.0,0.0,0.0,0,0,0.0,0.0,,,,,,,,,,,,
2792,2026-04-23T08:24:33.593Z,S20260423_092137,N/A,AUTO,,175.7165,0.0701,N/A,0,1500,VIDE,0.0,0.0,0.0,0.0,0.0,0.0,0,0,0.0,0.0,,,,,,,,,,,,
2793,2026-04-23T08:24:33.655Z,S20260423_092137,N/A,AUTO,,175.7788,0.0623,N/A,0,1500,VIDE,0.0,0.0,0.0,0.0,0.0,0.0,0,0,0.0,0.0,,,,,,,,,,,,
2794,2026-04-23T08:24:33.718Z,S20260423_092137,N/A,AUTO,,175.8415,0.0627,N/A,0,1500,VIDE,0.0,0.0,0.0,0.0,0.0,0.0,0,0,0.0,0.0,,,,,,,,,,,,
2795,2026-04-23T08:24:33.781Z,S20260423_092137,N/A,AUTO,,175.9046,0.0629,N/A,0,1500,VIDE,0.0,0.0,0.0,0.0,0.0,0.0,0,0,0.0,0.0,,,,,,,,,,,,
2796,2026-04-23T08:24:33.838Z,S20260423_092137,N/A,AUTO,,175.9618,0.0572,N/A,0,1500,VIDE,0.0,0.0,0.0,0.0,0.0,0.0,0,0,0.0,0.0,,,,,,,,,,,,
2797,2026-04-23T08:24:33.904Z,S20260423_092137,N/A,AUTO,,176.0279,0.0663,N/A,0,1500,VIDE,0.0,0.0,0.0,0.0,0.0,0.0,0,0,0.0,0.0,,,,,,,,,,,,
2798,2026-04-23T08:24:33.967Z,S20260423_092137,N/A,AUTO,,176.0911,0.0632,N/A,0,1500,VIDE,0.0,0.0,0.0,0.0,0.0,0.0,0,0,0.0,0.0,,,,,,,,,,,,
2799,2026-04-23T08:24:34.030Z,S20260423_092137,N/A,AUTO,,176.1533,0.0621,N/A,0,1500,VIDE,0.0,0.0,0.0,0.0,0.0,0.0,0,0,0.0,0.0,,,,,,,,,,,,
2800,2026-04-23T08:24:34.093Z,S20260423_092137,N/A,AUTO,,176.2163,0.063,N/A,0,1500,VIDE,0.0,0.0,0.0,0.0,0.0,0.0,0,0,0.0,0.0,,,,,,,,,,,,
2801,2026-04-23T08:24:34.153Z,S20260423_092137,N/A,AUTO,,176.2771,0.0609,N/A,0,1500,VIDE,0.0,0.0,0.0,0.0,0.0,0.0,0,0,0.0,0.0,,,,,,,,,,,,
2802,2026-04-23T08:24:34.215Z,S20260423_092137,N/A,AUTO,,176.3386,0.0615,N/A,0,1500,VIDE,0.0,0.0,0.0,0.0,0.0,0.0,0,0,0.0,0.0,,,,,,,,,,,,
2803,2026-04-23T08:24:34.279Z,S20260423_092137,N/A,AUTO,,176.4023,0.0636,N/A,0,1500,VIDE,0.0,0.0,0.0,0.0,0.0,0.0,0,0,0.0,0.0,,,,,,,,,,,,
2804,2026-04-23T08:24:34.339Z,S20260423_092137,N/A,AUTO,,176.4628,0.0605,N/A,0,1500,VIDE,0.0,0.0,0.0,0.0,0.0,0.0,0,0,0.0,0.0,,,,,,,,,,,,
2805,2026-04-23T08:24:34.406Z,S20260423_092137,N/A,AUTO,,176.5295,0.0666,N/A,0,1500,VIDE,0.0,0.0,0.0,0.0,0.0,0.0,0,0,0.0,0.0,,,,,,,,,,,,
2806,2026-04-23T08:24:34.463Z,S20260423_092137,N/A,AUTO,,176.5862,0.0569,N/A,0,1500,VIDE,0.0,0.0,0.0,0.0,0.0,0.0,0,0,0.0,0.0,,,,,,,,,,,,
2807,2026-04-23T08:24:34.523Z,S20260423_092137,N/A,AUTO,,176.6471,0.0609,N/A,0,1500,VIDE,0.0,0.0,0.0,0.0,0.0,0.0,0,0,0.0,0.0,,,,,,,,,,,,
2808,2026-04-23T08:24:34.586Z,S20260423_092137,N/A,AUTO,,176.7099,0.0627,N/A,0,1500,VIDE,0.0,0.0,0.0,0.0,0.0,0.0,0,0,0.0,0.0,,,,,,,,,,,,
2809,2026-04-23T08:24:34.649Z,S20260423_092137,N/A,AUTO,,176.7725,0.0626,N/A,0,1500,VIDE,0.0,0.0,0.0,0.0,0.0,0.0,0,0,0.0,0.0,,,,,,,,,,,,
2810,2026-04-23T08:24:34.711Z,S20260423_092137,N/A,AUTO,,176.835,0.0625,N/A,0,1500,VIDE,0.0,0.0,0.0,0.0,0.0,0.0,0,0,0.0,0.0,,,,,,,,,,,,
2811,2026-04-23T08:24:34.773Z,S20260423_092137,N/A,AUTO,,176.8971,0.0621,N/A,0,1500,VIDE,0.0,0.0,0.0,0.0,0.0,0.0,0,0,0.0,0.0,,,,,,,,,,,,
2812,2026-04-23T08:24:34.835Z,S20260423_092137,N/A,AUTO,,176.9582,0.061,N/A,0,1500,VIDE,0.0,0.0,0.0,0.0,0.0,0.0,0,0,0.0,0.0,,,,,,,,,,,,
2813,2026-04-23T08:24:34.896Z,S20260423_092137,N/A,AUTO,,177.0201,0.0618,N/A,0,1500,VIDE,0.0,0.0,0.0,0.0,0.0,0.0,0,0,0.0,0.0,,,,,,,,,,,,
2814,2026-04-23T08:24:34.974Z,S20260423_092137,N/A,AUTO,,177.0974,0.0774,N/A,0,1500,VIDE,0.0,0.0,0.0,0.0,0.0,0.0,0,0,0.0,0.0,,,,,,,,,,,,
2815,2026-04-23T08:24:35.037Z,S20260423_092137,N/A,AUTO,,177.1612,0.0637,N/A,0,1500,VIDE,0.0,0.0,0.0,0.0,0.0,0.0,0,0,0.0,0.0,,,,,,,,,,,,
2816,2026-04-23T08:24:35.084Z,S20260423_092137,N/A,AUTO,,177.2081,0.0469,N/A,0,1500,VIDE,0.0,0.0,0.0,0.0,0.0,0.0,0,0,0.0,0.0,,,,,,,,,,,,
2817,2026-04-23T08:24:35.146Z,S20260423_092137,N/A,AUTO,,177.2698,0.0617,N/A,0,1500,VIDE,0.0,0.0,0.0,0.0,0.0,0.0,0,0,0.0,0.0,,,,,,,,,,,,
2818,2026-04-23T08:24:35.211Z,S20260423_092137,N/A,AUTO,,177.335,0.0652,N/A,0,1500,VIDE,0.0,0.0,0.0,0.0,0.0,0.0,0,0,0.0,0.0,,,,,,,,,,,,
2819,2026-04-23T08:24:35.282Z,S20260423_092137,N/A,AUTO,,177.4062,0.0711,N/A,0,1500,VIDE,0.0,0.0,0.0,0.0,0.0,0.0,0,0,0.0,0.0,,,,,,,,,,,,
2820,2026-04-23T08:24:35.349Z,S20260423_092137,N/A,AUTO,,177.4726,0.0665,N/A,0,1500,VIDE,0.0,0.0,0.0,0.0,0.0,0.0,0,0,0.0,0.0,,,,,,,,,,,,
2821,2026-04-23T08:24:35.412Z,S20260423_092137,N/A,AUTO,,177.5355,0.0629,N/A,0,1500,VIDE,0.0,0.0,0.0,0.0,0.0,0.0,0,0,0.0,0.0,,,,,,,,,,,,
2822,2026-04-23T08:24:35.473Z,S20260423_092137,N/A,AUTO,,177.5969,0.0614,N/A,0,1500,VIDE,0.0,0.0,0.0,0.0,0.0,0.0,0,0,0.0,0.0,,,,,,,,,,,,
2823,2026-04-23T08:24:35.535Z,S20260423_092137,N/A,AUTO,,177.6591,0.0622,N/A,0,1500,VIDE,0.0,0.0,0.0,0.0,0.0,0.0,0,0,0.0,0.0,,,,,,,,,,,,
2824,2026-04-23T08:24:35.597Z,S20260423_092137,N/A,AUTO,,177.7209,0.0618,N/A,0,1500,VIDE,0.0,0.0,0.0,0.0,0.0,0.0,0,0,0.0,0.0,,,,,,,,,,,,
2825,2026-04-23T08:24:35.660Z,S20260423_092137,N/A,AUTO,,177.7832,0.0623,N/A,0,1500,VIDE,0.0,0.0,0.0,0.0,0.0,0.0,0,0,0.0,0.0,,,,,,,,,,,,
2826,2026-04-23T08:24:35.722Z,S20260423_092137,N/A,AUTO,,177.846,0.0628,N/A,0,1500,VIDE,0.0,0.0,0.0,0.0,0.0,0.0,0,0,0.0,0.0,,,,,,,,,,,,
2827,2026-04-23T08:24:35.784Z,S20260423_092137,N/A,AUTO,,177.9081,0.0621,N/A,0,1500,VIDE,0.0,0.0,0.0,0.0,0.0,0.0,0,0,0.0,0.0,,,,,,,,,,,,
2828,2026-04-23T08:24:35.848Z,S20260423_092137,N/A,AUTO,,177.9713,0.0631,N/A,0,1500,VIDE,0.0,0.0,0.0,0.0,0.0,0.0,0,0,0.0,0.0,,,,,,,,,,,,
2829,2026-04-23T08:24:35.909Z,S20260423_092137,N/A,AUTO,,178.0331,0.0618,N/A,0,1500,VIDE,0.0,0.0,0.0,0.0,0.0,0.0,0,0,0.0,0.0,,,,,,,,,,,,
2830,2026-04-23T08:24:35.959Z,S20260423_092137,N/A,AUTO,,178.0831,0.05,N/A,0,1500,VIDE,0.0,0.0,0.0,0.0,0.0,0.0,0,0,0.0,0.0,,,,,,,,,,,,
2831,2026-04-23T08:24:36.035Z,S20260423_092137,N/A,AUTO,,178.1584,0.0753,N/A,0,1500,VIDE,0.0,0.0,0.0,0.0,0.0,0.0,0,0,0.0,0.0,,,,,,,,,,,,
2832,2026-04-23T08:24:36.096Z,S20260423_092137,N/A,AUTO,,178.2196,0.0612,N/A,0,1500,VIDE,0.0,0.0,0.0,0.0,0.0,0.0,0,0,0.0,0.0,,,,,,,,,,,,
2833,2026-04-23T08:24:36.157Z,S20260423_092137,N/A,AUTO,,178.2805,0.0609,N/A,0,1500,VIDE,0.0,0.0,0.0,0.0,0.0,0.0,0,0,0.0,0.0,,,,,,,,,,,,
2834,2026-04-23T08:24:36.218Z,S20260423_092137,N/A,AUTO,,178.342,0.0615,N/A,0,1500,VIDE,0.0,0.0,0.0,0.0,0.0,0.0,0,0,0.0,0.0,,,,,,,,,,,,
2835,2026-04-23T08:24:36.281Z,S20260423_092137,N/A,AUTO,,178.4048,0.0628,N/A,0,1500,VIDE,0.0,0.0,0.0,0.0,0.0,0.0,0,0,0.0,0.0,,,,,,,,,,,,
2836,2026-04-23T08:24:36.342Z,S20260423_092137,N/A,AUTO,,178.4654,0.0605,N/A,0,1500,VIDE,0.0,0.0,0.0,0.0,0.0,0.0,0,0,0.0,0.0,,,,,,,,,,,,
2837,2026-04-23T08:24:36.404Z,S20260423_092137,N/A,AUTO,,178.5275,0.0622,N/A,0,1500,VIDE,0.0,0.0,0.0,0.0,0.0,0.0,0,0,0.0,0.0,,,,,,,,,,,,
2838,2026-04-23T08:24:36.466Z,S20260423_092137,N/A,AUTO,,178.5893,0.0617,N/A,0,1500,VIDE,0.0,0.0,0.0,0.0,0.0,0.0,0,0,0.0,0.0,,,,,,,,,,,,
2839,2026-04-23T08:24:36.526Z,S20260423_092137,N/A,AUTO,,178.6499,0.0607,N/A,0,1500,VIDE,0.0,0.0,0.0,0.0,0.0,0.0,0,0,0.0,0.0,,,,,,,,,,,,
2840,2026-04-23T08:24:36.588Z,S20260423_092137,N/A,AUTO,,178.7119,0.0619,N/A,0,1500,VIDE,0.0,0.0,0.0,0.0,0.0,0.0,0,0,0.0,0.0,,,,,,,,,,,,
2841,2026-04-23T08:24:36.650Z,S20260423_092137,N/A,AUTO,,178.7738,0.0619,N/A,0,1500,VIDE,0.0,0.0,0.0,0.0,0.0,0.0,0,0,0.0,0.0,,,,,,,,,,,,
2842,2026-04-23T08:24:36.712Z,S20260423_092137,N/A,AUTO,,178.8358,0.0621,N/A,0,1500,VIDE,0.0,0.0,0.0,0.0,0.0,0.0,0,0,0.0,0.0,,,,,,,,,,,,
2843,2026-04-23T08:24:36.775Z,S20260423_092137,N/A,AUTO,,178.8986,0.0627,N/A,0,1500,VIDE,0.0,0.0,0.0,0.0,0.0,0.0,0,0,0.0,0.0,,,,,,,,,,,,
2844,2026-04-23T08:24:36.837Z,S20260423_092137,N/A,AUTO,,178.9605,0.0619,N/A,0,1500,VIDE,0.0,0.0,0.0,0.0,0.0,0.0,0,0,0.0,0.0,,,,,,,,,,,,
2845,2026-04-23T08:24:36.898Z,S20260423_092137,N/A,AUTO,,179.0214,0.0609,N/A,0,1500,VIDE,0.0,0.0,0.0,0.0,0.0,0.0,0,0,0.0,0.0,,,,,,,,,,,,
2846,2026-04-23T08:24:36.960Z,S20260423_092137,N/A,AUTO,,179.0838,0.0624,N/A,0,1500,VIDE,0.0,0.0,0.0,0.0,0.0,0.0,0,0,0.0,0.0,,,,,,,,,,,,
2847,2026-04-23T08:24:37.023Z,S20260423_092137,N/A,AUTO,,179.1466,0.0626,N/A,0,1500,VIDE,0.0,0.0,0.0,0.0,0.0,0.0,0,0,0.0,0.0,,,,,,,,,,,,
2848,2026-04-23T08:24:37.084Z,S20260423_092137,N/A,AUTO,,179.2081,0.0617,N/A,0,1500,VIDE,0.0,0.0,0.0,0.0,0.0,0.0,0,0,0.0,0.0,,,,,,,,,,,,
2849,2026-04-23T08:24:37.162Z,S20260423_092137,N/A,AUTO,,179.2855,0.0774,N/A,0,1500,VIDE,0.0,0.0,0.0,0.0,0.0,0.0,0,0,0.0,0.0,,,,,,,,,,,,
2850,2026-04-23T08:24:37.211Z,S20260423_092137,N/A,AUTO,,179.3352,0.0496,N/A,0,1500,VIDE,0.0,0.0,0.0,0.0,0.0,0.0,0,0,0.0,0.0,,,,,,,,,,,,
2851,2026-04-23T08:24:37.272Z,S20260423_092137,N/A,AUTO,,179.3959,0.0607,N/A,0,1500,VIDE,0.0,0.0,0.0,0.0,0.0,0.0,0,0,0.0,0.0,,,,,,,,,,,,
2852,2026-04-23T08:24:37.348Z,S20260423_092137,N/A,AUTO,,179.472,0.0762,N/A,0,1500,VIDE,0.0,0.0,0.0,0.0,0.0,0.0,0,0,0.0,0.0,,,,,,,,,,,,
2853,2026-04-23T08:24:37.410Z,S20260423_092137,N/A,AUTO,,179.5338,0.0618,N/A,0,1500,VIDE,0.0,0.0,0.0,0.0,0.0,0.0,0,0,0.0,0.0,,,,,,,,,,,,
2854,2026-04-23T08:24:37.473Z,S20260423_092137,N/A,AUTO,,179.5971,0.0629,N/A,0,1500,VIDE,0.0,0.0,0.0,0.0,0.0,0.0,0,0,0.0,0.0,,,,,,,,,,,,
2855,2026-04-23T08:24:37.534Z,S20260423_092137,N/A,AUTO,,179.6574,0.0607,N/A,0,1500,VIDE,0.0,0.0,0.0,0.0,0.0,0.0,0,0,0.0,0.0,,,,,,,,,,,,
2856,2026-04-23T08:24:37.596Z,S20260423_092137,N/A,AUTO,,179.7193,0.0619,N/A,0,1500,VIDE,0.0,0.0,0.0,0.0,0.0,0.0,0,0,0.0,0.0,,,,,,,,,,,,
2857,2026-04-23T08:24:37.657Z,S20260423_092137,N/A,AUTO,,179.7803,0.0611,N/A,0,1500,VIDE,0.0,0.0,0.0,0.0,0.0,0.0,0,0,0.0,0.0,,,,,,,,,,,,
2858,2026-04-23T08:24:37.719Z,S20260423_092137,N/A,AUTO,,179.8426,0.0623,N/A,0,1500,VIDE,0.0,0.0,0.0,0.0,0.0,0.0,0,0,0.0,0.0,,,,,,,,,,,,
2859,2026-04-23T08:24:37.777Z,S20260423_092137,N/A,AUTO,,179.9003,0.0576,N/A,0,1500,VIDE,0.0,0.0,0.0,0.0,0.0,0.0,0,0,0.0,0.0,,,,,,,,,,,,
2860,2026-04-23T08:24:37.838Z,S20260423_092137,N/A,AUTO,,179.9614,0.0611,N/A,0,1500,VIDE,0.0,0.0,0.0,0.0,0.0,0.0,0,0,0.0,0.0,,,,,,,,,,,,
2861,2026-04-23T08:24:37.901Z,S20260423_092137,N/A,AUTO,,180.0249,0.0635,N/A,0,1500,VIDE,0.0,0.0,0.0,0.0,0.0,0.0,0,0,0.0,0.0,,,,,,,,,,,,
2862,2026-04-23T08:24:37.965Z,S20260423_092137,N/A,AUTO,,180.0886,0.0637,N/A,0,1500,VIDE,0.0,0.0,0.0,0.0,0.0,0.0,0,0,0.0,0.0,,,,,,,,,,,,
2863,2026-04-23T08:24:38.022Z,S20260423_092137,N/A,AUTO,,180.1454,0.0567,N/A,0,1500,VIDE,0.0,0.0,0.0,0.0,0.0,0.0,0,0,0.0,0.0,,,,,,,,,,,,
2864,2026-04-23T08:24:38.091Z,S20260423_092137,N/A,AUTO,,180.2142,0.0689,N/A,0,1500,VIDE,0.0,0.0,0.0,0.0,0.0,0.0,0,0,0.0,0.0,,,,,,,,,,,,
2865,2026-04-23T08:24:38.150Z,S20260423_092137,N/A,AUTO,,180.2736,0.0593,N/A,0,1500,VIDE,0.0,0.0,0.0,0.0,0.0,0.0,0,0,0.0,0.0,,,,,,,,,,,,
2866,2026-04-23T08:24:38.215Z,S20260423_092137,N/A,AUTO,,180.3385,0.0649,N/A,0,1500,VIDE,0.0,0.0,0.0,0.0,0.0,0.0,0,0,0.0,0.0,,,,,,,,,,,,
2867,2026-04-23T08:24:38.276Z,S20260423_092137,N/A,AUTO,,180.4,0.0615,N/A,0,1500,VIDE,0.0,0.0,0.0,0.0,0.0,0.0,0,0,0.0,0.0,,,,,,,,,,,,
2868,2026-04-23T08:24:38.339Z,S20260423_092137,N/A,AUTO,,180.4629,0.0628,N/A,0,1500,VIDE,0.0,0.0,0.0,0.0,0.0,0.0,0,0,0.0,0.0,,,,,,,,,,,,
2869,2026-04-23T08:24:38.397Z,S20260423_092137,N/A,AUTO,,180.5203,0.0574,N/A,0,1500,VIDE,0.0,0.0,0.0,0.0,0.0,0.0,0,0,0.0,0.0,,,,,,,,,,,,
2870,2026-04-23T08:24:38.462Z,S20260423_092137,N/A,AUTO,,180.5854,0.065,N/A,0,1500,VIDE,0.0,0.0,0.0,0.0,0.0,0.0,0,0,0.0,0.0,,,,,,,,,,,,
2871,2026-04-23T08:24:38.524Z,S20260423_092137,N/A,AUTO,,180.6477,0.0625,N/A,0,1500,VIDE,0.0,0.0,0.0,0.0,0.0,0.0,0,0,0.0,0.0,,,,,,,,,,,,
2872,2026-04-23T08:24:38.589Z,S20260423_092137,N/A,AUTO,,180.7122,0.0645,N/A,0,1500,VIDE,0.0,0.0,0.0,0.0,0.0,0.0,0,0,0.0,0.0,,,,,,,,,,,,
2873,2026-04-23T08:24:38.652Z,S20260423_092137,N/A,AUTO,,180.776,0.0638,N/A,0,1500,VIDE,0.0,0.0,0.0,0.0,0.0,0.0,0,0,0.0,0.0,,,,,,,,,,,,
2874,2026-04-23T08:24:38.716Z,S20260423_092137,N/A,AUTO,,180.8399,0.0639,N/A,0,1500,VIDE,0.0,0.0,0.0,0.0,0.0,0.0,0,0,0.0,0.0,,,,,,,,,,,,
2875,2026-04-23T08:24:38.779Z,S20260423_092137,N/A,AUTO,,180.9031,0.0632,N/A,0,1500,VIDE,0.0,0.0,0.0,0.0,0.0,0.0,0,0,0.0,0.0,,,,,,,,,,,,
2876,2026-04-23T08:24:38.841Z,S20260423_092137,N/A,AUTO,,180.9648,0.0617,N/A,0,1500,VIDE,0.0,0.0,0.0,0.0,0.0,0.0,0,0,0.0,0.0,,,,,,,,,,,,
2877,2026-04-23T08:24:38.901Z,S20260423_092137,N/A,AUTO,,181.0248,0.06,N/A,0,1500,VIDE,0.0,0.0,0.0,0.0,0.0,0.0,0,0,0.0,0.0,,,,,,,,,,,,
2878,2026-04-23T08:24:38.965Z,S20260423_092137,N/A,AUTO,,181.0885,0.0637,N/A,0,1500,VIDE,0.0,0.0,0.0,0.0,0.0,0.0,0,0,0.0,0.0,,,,,,,,,,,,
2879,2026-04-23T08:24:39.029Z,S20260423_092137,N/A,AUTO,,181.1527,0.0642,N/A,0,1500,VIDE,0.0,0.0,0.0,0.0,0.0,0.0,0,0,0.0,0.0,,,,,,,,,,,,
2880,2026-04-23T08:24:39.085Z,S20260423_092137,N/A,AUTO,,181.2086,0.0559,N/A,0,1500,VIDE,0.0,0.0,0.0,0.0,0.0,0.0,0,0,0.0,0.0,,,,,,,,,,,,
2881,2026-04-23T08:24:39.154Z,S20260423_092137,N/A,AUTO,,181.2775,0.0689,N/A,0,1500,VIDE,0.0,0.0,0.0,0.0,0.0,0.0,0,0,0.0,0.0,,,,,,,,,,,,
2882,2026-04-23T08:24:39.215Z,S20260423_092137,N/A,AUTO,,181.3388,0.0613,N/A,0,1500,VIDE,0.0,0.0,0.0,0.0,0.0,0.0,0,0,0.0,0.0,,,,,,,,,,,,
2883,2026-04-23T08:24:39.276Z,S20260423_092137,N/A,AUTO,,181.3999,0.0611,N/A,0,1500,VIDE,0.0,0.0,0.0,0.0,0.0,0.0,0,0,0.0,0.0,,,,,,,,,,,,
2884,2026-04-23T08:24:39.340Z,S20260423_092137,N/A,AUTO,,181.4636,0.0637,N/A,0,1500,VIDE,0.0,0.0,0.0,0.0,0.0,0.0,0,0,0.0,0.0,,,,,,,,,,,,
2885,2026-04-23T08:24:39.396Z,S20260423_092137,N/A,AUTO,,181.52,0.0564,N/A,0,1500,VIDE,0.0,0.0,0.0,0.0,0.0,0.0,0,0,0.0,0.0,,,,,,,,,,,,
2886,2026-04-23T08:24:39.461Z,S20260423_092137,N/A,AUTO,,181.5849,0.0648,N/A,0,1500,VIDE,0.0,0.0,0.0,0.0,0.0,0.0,0,0,0.0,0.0,,,,,,,,,,,,
2887,2026-04-23T08:24:39.522Z,S20260423_092137,N/A,AUTO,,181.646,0.0613,N/A,0,1500,VIDE,0.0,0.0,0.0,0.0,0.0,0.0,0,0,0.0,0.0,,,,,,,,,,,,
2888,2026-04-23T08:24:39.586Z,S20260423_092137,N/A,AUTO,,181.7094,0.0634,N/A,0,1500,VIDE,0.0,0.0,0.0,0.0,0.0,0.0,0,0,0.0,0.0,,,,,,,,,,,,
2889,2026-04-23T08:24:39.648Z,S20260423_092137,N/A,AUTO,,181.7716,0.0622,N/A,0,1500,VIDE,0.0,0.0,0.0,0.0,0.0,0.0,0,0,0.0,0.0,,,,,,,,,,,,
2890,2026-04-23T08:24:39.709Z,S20260423_092137,N/A,AUTO,,181.8326,0.0611,N/A,0,1500,VIDE,0.0,0.0,0.0,0.0,0.0,0.0,0,0,0.0,0.0,,,,,,,,,,,,
2891,2026-04-23T08:24:39.782Z,S20260423_092137,N/A,AUTO,,181.9052,0.0725,N/A,0,1500,VIDE,0.0,0.0,0.0,0.0,0.0,0.0,0,0,0.0,0.0,,,,,,,,,,,,
2892,2026-04-23T08:24:39.845Z,S20260423_092137,N/A,AUTO,,181.9687,0.0635,N/A,0,1500,VIDE,0.0,0.0,0.0,0.0,0.0,0.0,0,0,0.0,0.0,,,,,,,,,,,,
2893,2026-04-23T08:24:39.908Z,S20260423_092137,N/A,AUTO,,182.0319,0.0631,N/A,0,1500,VIDE,0.0,0.0,0.0,0.0,0.0,0.0,0,0,0.0,0.0,,,,,,,,,,,,
2894,2026-04-23T08:24:39.970Z,S20260423_092137,N/A,AUTO,,182.094,0.0622,N/A,0,1500,VIDE,0.0,0.0,0.0,0.0,0.0,0.0,0,0,0.0,0.0,,,,,,,,,,,,
2895,2026-04-23T08:24:40.031Z,S20260423_092137,N/A,AUTO,,182.1549,0.0609,N/A,0,1500,VIDE,0.0,0.0,0.0,0.0,0.0,0.0,0,0,0.0,0.0,,,,,,,,,,,,
2896,2026-04-23T08:24:40.093Z,S20260423_092137,N/A,AUTO,,182.2162,0.0613,N/A,0,1500,VIDE,0.0,0.0,0.0,0.0,0.0,0.0,0,0,0.0,0.0,,,,,,,,,,,,
2897,2026-04-23T08:24:40.155Z,S20260423_092137,N/A,AUTO,,182.2791,0.0628,N/A,0,1500,VIDE,0.0,0.0,0.0,0.0,0.0,0.0,0,0,0.0,0.0,,,,,,,,,,,,
2898,2026-04-23T08:24:40.217Z,S20260423_092137,N/A,AUTO,,182.3403,0.0612,N/A,0,1500,VIDE,0.0,0.0,0.0,0.0,0.0,0.0,0,0,0.0,0.0,,,,,,,,,,,,
2899,2026-04-23T08:24:40.276Z,S20260423_092137,N/A,AUTO,,182.4001,0.0598,N/A,0,1500,VIDE,0.0,0.0,0.0,0.0,0.0,0.0,0,0,0.0,0.0,,,,,,,,,,,,
2900,2026-04-23T08:24:40.341Z,S20260423_092137,N/A,AUTO,,182.4643,0.0643,N/A,0,1500,VIDE,0.0,0.0,0.0,0.0,0.0,0.0,0,0,0.0,0.0,,,,,,,,,,,,
2901,2026-04-23T08:24:40.404Z,S20260423_092137,N/A,AUTO,,182.528,0.0636,N/A,0,1500,VIDE,0.0,0.0,0.0,0.0,0.0,0.0,0,0,0.0,0.0,,,,,,,,,,,,
2902,2026-04-23T08:24:40.461Z,S20260423_092137,N/A,AUTO,,182.5846,0.0566,N/A,0,1500,VIDE,0.0,0.0,0.0,0.0,0.0,0.0,0,0,0.0,0.0,,,,,,,,,,,,
2903,2026-04-23T08:24:40.524Z,S20260423_092137,N/A,AUTO,,182.6479,0.0634,N/A,0,1500,VIDE,0.0,0.0,0.0,0.0,0.0,0.0,0,0,0.0,0.0,,,,,,,,,,,,
2904,2026-04-23T08:24:40.588Z,S20260423_092137,N/A,AUTO,,182.712,0.0641,N/A,0,1500,VIDE,0.0,0.0,0.0,0.0,0.0,0.0,0,0,0.0,0.0,,,,,,,,,,,,
2905,2026-04-23T08:24:40.649Z,S20260423_092137,N/A,AUTO,,182.773,0.0609,N/A,0,1500,VIDE,0.0,0.0,0.0,0.0,0.0,0.0,0,0,0.0,0.0,,,,,,,,,,,,
2906,2026-04-23T08:24:40.713Z,S20260423_092137,N/A,AUTO,,182.837,0.064,N/A,0,1500,VIDE,0.0,0.0,0.0,0.0,0.0,0.0,0,0,0.0,0.0,,,,,,,,,,,,
2907,2026-04-23T08:24:40.776Z,S20260423_092137,N/A,AUTO,,182.8994,0.0623,N/A,0,1500,VIDE,0.0,0.0,0.0,0.0,0.0,0.0,0,0,0.0,0.0,,,,,,,,,,,,
2908,2026-04-23T08:24:40.837Z,S20260423_092137,N/A,AUTO,,182.961,0.0616,N/A,0,1500,VIDE,0.0,0.0,0.0,0.0,0.0,0.0,0,0,0.0,0.0,,,,,,,,,,,,
2909,2026-04-23T08:24:40.900Z,S20260423_092137,N/A,AUTO,,183.0238,0.0622,N/A,0,1500,VIDE,0.0,0.0,0.0,0.0,0.0,0.0,0,0,0.0,0.0,,,,,,,,,,,,
2910,2026-04-23T08:24:40.960Z,S20260423_092137,N/A,AUTO,,183.0832,0.06,N/A,0,1500,VIDE,0.0,0.0,0.0,0.0,0.0,0.0,0,0,0.0,0.0,,,,,,,,,,,,
2911,2026-04-23T08:24:41.024Z,S20260423_092137,N/A,AUTO,,183.1478,0.0646,N/A,0,1500,VIDE,0.0,0.0,0.0,0.0,0.0,0.0,0,0,0.0,0.0,,,,,,,,,,,,
2912,2026-04-23T08:24:41.086Z,S20260423_092137,N/A,AUTO,,183.2092,0.0614,N/A,0,1500,VIDE,0.0,0.0,0.0,0.0,0.0,0.0,0,0,0.0,0.0,,,,,,,,,,,,
2913,2026-04-23T08:24:41.148Z,S20260423_092137,N/A,AUTO,,183.272,0.0629,N/A,0,1500,VIDE,0.0,0.0,0.0,0.0,0.0,0.0,0,0,0.0,0.0,,,,,,,,,,,,
2914,2026-04-23T08:24:41.212Z,S20260423_092137,N/A,AUTO,,183.3355,0.0633,N/A,0,1500,VIDE,0.0,0.0,0.0,0.0,0.0,0.0,0,0,0.0,0.0,,,,,,,,,,,,
2915,2026-04-23T08:24:41.271Z,S20260423_092137,N/A,AUTO,,183.3948,0.0594,N/A,0,1500,VIDE,0.0,0.0,0.0,0.0,0.0,0.0,0,0,0.0,0.0,,,,,,,,,,,,
2916,2026-04-23T08:24:41.343Z,S20260423_092137,N/A,AUTO,,183.4666,0.0719,N/A,0,1500,VIDE,0.0,0.0,0.0,0.0,0.0,0.0,0,0,0.0,0.0,,,,,,,,,,,,
2917,2026-04-23T08:24:41.407Z,S20260423_092137,N/A,AUTO,,183.531,0.0643,N/A,0,1500,VIDE,0.0,0.0,0.0,0.0,0.0,0.0,0,0,0.0,0.0,,,,,,,,,,,,
2918,2026-04-23T08:24:41.471Z,S20260423_092137,N/A,AUTO,,183.5944,0.0634,N/A,0,1500,VIDE,0.0,0.0,0.0,0.0,0.0,0.0,0,0,0.0,0.0,,,,,,,,,,,,
2919,2026-04-23T08:24:41.534Z,S20260423_092137,N/A,AUTO,,183.6572,0.0628,N/A,0,1500,VIDE,0.0,0.0,0.0,0.0,0.0,0.0,0,0,0.0,0.0,,,,,,,,,,,,
2920,2026-04-23T08:24:41.584Z,S20260423_092137,N/A,AUTO,,183.7074,0.0502,N/A,0,1500,VIDE,0.0,0.0,0.0,0.0,0.0,0.0,0,0,0.0,0.0,,,,,,,,,,,,
2921,2026-04-23T08:24:41.647Z,S20260423_092137,N/A,AUTO,,183.7707,0.0633,N/A,0,1500,VIDE,0.0,0.0,0.0,0.0,0.0,0.0,0,0,0.0,0.0,,,,,,,,,,,,
2922,2026-04-23T08:24:41.712Z,S20260423_092137,N/A,AUTO,,183.8352,0.0645,N/A,0,1500,VIDE,0.0,0.0,0.0,0.0,0.0,0.0,0,0,0.0,0.0,,,,,,,,,,,,
2923,2026-04-23T08:24:41.776Z,S20260423_092137,N/A,AUTO,,183.8993,0.064,N/A,0,1500,VIDE,0.0,0.0,0.0,0.0,0.0,0.0,0,0,0.0,0.0,,,,,,,,,,,,
2924,2026-04-23T08:24:41.839Z,S20260423_092137,N/A,AUTO,,183.9631,0.0639,N/A,0,1500,VIDE,0.0,0.0,0.0,0.0,0.0,0.0,0,0,0.0,0.0,,,,,,,,,,,,
2925,2026-04-23T08:24:41.898Z,S20260423_092137,N/A,AUTO,,184.0221,0.059,N/A,0,1500,VIDE,0.0,0.0,0.0,0.0,0.0,0.0,0,0,0.0,0.0,,,,,,,,,,,,
2926,2026-04-23T08:24:41.968Z,S20260423_092137,N/A,AUTO,,184.092,0.0699,N/A,0,1500,VIDE,0.0,0.0,0.0,0.0,0.0,0.0,0,0,0.0,0.0,,,,,,,,,,,,
2927,2026-04-23T08:24:42.032Z,S20260423_092137,N/A,AUTO,,184.1552,0.0632,N/A,0,1500,VIDE,0.0,0.0,0.0,0.0,0.0,0.0,0,0,0.0,0.0,,,,,,,,,,,,
2928,2026-04-23T08:24:42.095Z,S20260423_092137,N/A,AUTO,,184.2188,0.0636,N/A,0,1500,VIDE,0.0,0.0,0.0,0.0,0.0,0.0,0,0,0.0,0.0,,,,,,,,,,,,
2929,2026-04-23T08:24:42.157Z,S20260423_092137,N/A,AUTO,,184.2805,0.0616,N/A,0,1500,VIDE,0.0,0.0,0.0,0.0,0.0,0.0,0,0,0.0,0.0,,,,,,,,,,,,
2930,2026-04-23T08:24:42.210Z,S20260423_092137,N/A,AUTO,,184.3341,0.0536,N/A,0,1500,VIDE,0.0,0.0,0.0,0.0,0.0,0.0,0,0,0.0,0.0,,,,,,,,,,,,
2931,2026-04-23T08:24:42.271Z,S20260423_092137,N/A,AUTO,,184.3951,0.0611,N/A,0,1500,VIDE,0.0,0.0,0.0,0.0,0.0,0.0,0,0,0.0,0.0,,,,,,,,,,,,
2932,2026-04-23T08:24:42.335Z,S20260423_092137,N/A,AUTO,,184.4589,0.0638,N/A,0,1500,VIDE,0.0,0.0,0.0,0.0,0.0,0.0,0,0,0.0,0.0,,,,,,,,,,,,
2933,2026-04-23T08:24:42.399Z,S20260423_092137,N/A,AUTO,,184.5231,0.0642,N/A,0,1500,VIDE,0.0,0.0,0.0,0.0,0.0,0.0,0,0,0.0,0.0,,,,,,,,,,,,
2934,2026-04-23T08:24:42.464Z,S20260423_092137,N/A,AUTO,,184.5873,0.0642,N/A,0,1500,VIDE,0.0,0.0,0.0,0.0,0.0,0.0,0,0,0.0,0.0,,,,,,,,,,,,
2935,2026-04-23T08:24:42.528Z,S20260423_092137,N/A,AUTO,,184.6519,0.0647,N/A,0,1500,VIDE,0.0,0.0,0.0,0.0,0.0,0.0,0,0,0.0,0.0,,,,,,,,,,,,
2936,2026-04-23T08:24:42.591Z,S20260423_092137,N/A,AUTO,,184.715,0.0631,N/A,0,1500,VIDE,0.0,0.0,0.0,0.0,0.0,0.0,0,0,0.0,0.0,,,,,,,,,,,,
2937,2026-04-23T08:24:42.653Z,S20260423_092137,N/A,AUTO,,184.7769,0.0619,N/A,0,1500,VIDE,0.0,0.0,0.0,0.0,0.0,0.0,0,0,0.0,0.0,,,,,,,,,,,,
2938,2026-04-23T08:24:42.716Z,S20260423_092137,N/A,AUTO,,184.8399,0.0631,N/A,0,1500,VIDE,0.0,0.0,0.0,0.0,0.0,0.0,0,0,0.0,0.0,,,,,,,,,,,,
2939,2026-04-23T08:24:42.776Z,S20260423_092137,N/A,AUTO,,184.8998,0.0599,N/A,0,1500,VIDE,0.0,0.0,0.0,0.0,0.0,0.0,0,0,0.0,0.0,,,,,,,,,,,,
2940,2026-04-23T08:24:42.841Z,S20260423_092137,N/A,AUTO,,184.9642,0.0644,N/A,0,1500,VIDE,0.0,0.0,0.0,0.0,0.0,0.0,0,0,0.0,0.0,,,,,,,,,,,,
2941,2026-04-23T08:24:42.897Z,S20260423_092137,N/A,AUTO,,185.0205,0.0562,N/A,0,1500,VIDE,0.0,0.0,0.0,0.0,0.0,0.0,0,0,0.0,0.0,,,,,,,,,,,,
2942,2026-04-23T08:24:42.961Z,S20260423_092137,N/A,AUTO,,185.0844,0.0638,N/A,0,1500,VIDE,0.0,0.0,0.0,0.0,0.0,0.0,0,0,0.0,0.0,,,,,,,,,,,,
2943,2026-04-23T08:24:43.024Z,S20260423_092137,N/A,AUTO,,185.1482,0.0638,N/A,0,1500,VIDE,0.0,0.0,0.0,0.0,0.0,0.0,0,0,0.0,0.0,,,,,,,,,,,,
2944,2026-04-23T08:24:43.088Z,S20260423_092137,N/A,AUTO,,185.212,0.0639,N/A,0,1500,VIDE,0.0,0.0,0.0,0.0,0.0,0.0,0,0,0.0,0.0,,,,,,,,,,,,
2945,2026-04-23T08:24:43.150Z,S20260423_092137,N/A,AUTO,,185.2737,0.0616,N/A,0,1500,VIDE,0.0,0.0,0.0,0.0,0.0,0.0,0,0,0.0,0.0,,,,,,,,,,,,
2946,2026-04-23T08:24:43.212Z,S20260423_092137,N/A,AUTO,,185.3359,0.0623,N/A,0,1500,VIDE,0.0,0.0,0.0,0.0,0.0,0.0,0,0,0.0,0.0,,,,,,,,,,,,
2947,2026-04-23T08:24:43.275Z,S20260423_092137,N/A,AUTO,,185.3989,0.0629,N/A,0,1500,VIDE,0.0,0.0,0.0,0.0,0.0,0.0,0,0,0.0,0.0,,,,,,,,,,,,
2948,2026-04-23T08:24:43.337Z,S20260423_092137,N/A,AUTO,,185.4608,0.0619,N/A,0,1500,VIDE,0.0,0.0,0.0,0.0,0.0,0.0,0,0,0.0,0.0,,,,,,,,,,,,
2949,2026-04-23T08:24:43.399Z,S20260423_092137,N/A,AUTO,,185.5222,0.0615,N/A,0,1500,VIDE,0.0,0.0,0.0,0.0,0.0,0.0,0,0,0.0,0.0,,,,,,,,,,,,
2950,2026-04-23T08:24:43.462Z,S20260423_092137,N/A,AUTO,,185.5853,0.0631,N/A,0,1500,VIDE,0.0,0.0,0.0,0.0,0.0,0.0,0,0,0.0,0.0,,,,,,,,,,,,
2951,2026-04-23T08:24:43.524Z,S20260423_092137,N/A,AUTO,,185.6472,0.0619,N/A,0,1500,VIDE,0.0,0.0,0.0,0.0,0.0,0.0,0,0,0.0,0.0,,,,,,,,,,,,
2952,2026-04-23T08:24:43.584Z,S20260423_092137,N/A,AUTO,,185.708,0.0608,N/A,0,1500,VIDE,0.0,0.0,0.0,0.0,0.0,0.0,0,0,0.0,0.0,,,,,,,,,,,,
2953,2026-04-23T08:24:43.647Z,S20260423_092137,N/A,AUTO,,185.7711,0.0631,N/A,0,1500,VIDE,0.0,0.0,0.0,0.0,0.0,0.0,0,0,0.0,0.0,,,,,,,,,,,,
2954,2026-04-23T08:24:43.709Z,S20260423_092137,N/A,AUTO,,185.833,0.062,N/A,0,1500,VIDE,0.0,0.0,0.0,0.0,0.0,0.0,0,0,0.0,0.0,,,,,,,,,,,,
2955,2026-04-23T08:24:43.772Z,S20260423_092137,N/A,AUTO,,185.8957,0.0627,N/A,0,1500,VIDE,0.0,0.0,0.0,0.0,0.0,0.0,0,0,0.0,0.0,,,,,,,,,,,,
2956,2026-04-23T08:24:43.835Z,S20260423_092137,N/A,AUTO,,185.9588,0.0631,N/A,0,1500,VIDE,0.0,0.0,0.0,0.0,0.0,0.0,0,0,0.0,0.0,,,,,,,,,,,,
2957,2026-04-23T08:24:43.897Z,S20260423_092137,N/A,AUTO,,186.0209,0.0621,N/A,0,1500,VIDE,0.0,0.0,0.0,0.0,0.0,0.0,0,0,0.0,0.0,,,,,,,,,,,,
2958,2026-04-23T08:24:43.969Z,S20260423_092137,N/A,AUTO,,186.0922,0.0714,N/A,0,1500,VIDE,0.0,0.0,0.0,0.0,0.0,0.0,0,0,0.0,0.0,,,,,,,,,,,,
2959,2026-04-23T08:24:44.034Z,S20260423_092137,N/A,AUTO,,186.1574,0.065,N/A,0,1500,VIDE,0.0,0.0,0.0,0.0,0.0,0.0,0,0,0.0,0.0,,,,,,,,,,,,
2960,2026-04-23T08:24:44.097Z,S20260423_092137,N/A,AUTO,,186.2203,0.0631,N/A,0,1500,VIDE,0.0,0.0,0.0,0.0,0.0,0.0,0,0,0.0,0.0,,,,,,,,,,,,
2961,2026-04-23T08:24:44.161Z,S20260423_092137,N/A,AUTO,,186.2842,0.0639,N/A,0,1500,VIDE,0.0,0.0,0.0,0.0,0.0,0.0,0,0,0.0,0.0,,,,,,,,,,,,
2962,2026-04-23T08:24:44.210Z,S20260423_092137,N/A,AUTO,,186.334,0.0498,N/A,0,1500,VIDE,0.0,0.0,0.0,0.0,0.0,0.0,0,0,0.0,0.0,,,,,,,,,,,,
2963,2026-04-23T08:24:44.272Z,S20260423_092137,N/A,AUTO,,186.3955,0.0614,N/A,0,1500,VIDE,0.0,0.0,0.0,0.0,0.0,0.0,0,0,0.0,0.0,,,,,,,,,,,,
2964,2026-04-23T08:24:44.335Z,S20260423_092137,N/A,AUTO,,186.4587,0.0633,N/A,0,1500,VIDE,0.0,0.0,0.0,0.0,0.0,0.0,0,0,0.0,0.0,,,,,,,,,,,,
2965,2026-04-23T08:24:44.396Z,S20260423_092137,N/A,AUTO,,186.5197,0.061,N/A,0,1500,VIDE,0.0,0.0,0.0,0.0,0.0,0.0,0,0,0.0,0.0,,,,,,,,,,,,
2966,2026-04-23T08:24:44.465Z,S20260423_092137,N/A,AUTO,,186.5891,0.0694,N/A,0,1500,VIDE,0.0,0.0,0.0,0.0,0.0,0.0,0,0,0.0,0.0,,,,,,,,,,,,
2967,2026-04-23T08:24:44.528Z,S20260423_092137,N/A,AUTO,,186.6516,0.0625,N/A,0,1500,VIDE,0.0,0.0,0.0,0.0,0.0,0.0,0,0,0.0,0.0,,,,,,,,,,,,
2968,2026-04-23T08:24:44.592Z,S20260423_092137,N/A,AUTO,,186.7158,0.0642,N/A,0,1500,VIDE,0.0,0.0,0.0,0.0,0.0,0.0,0,0,0.0,0.0,,,,,,,,,,,,
2969,2026-04-23T08:24:44.656Z,S20260423_092137,N/A,AUTO,,186.78,0.0642,N/A,0,1500,VIDE,0.0,0.0,0.0,0.0,0.0,0.0,0,0,0.0,0.0,,,,,,,,,,,,
2970,2026-04-23T08:24:44.711Z,S20260423_092137,N/A,AUTO,,186.8344,0.0545,N/A,0,1500,VIDE,0.0,0.0,0.0,0.0,0.0,0.0,0,0,0.0,0.0,,,,,,,,,,,,
2971,2026-04-23T08:24:44.785Z,S20260423_092137,N/A,AUTO,,186.9083,0.0739,N/A,0,1500,VIDE,0.0,0.0,0.0,0.0,0.0,0.0,0,0,0.0,0.0,,,,,,,,,,,,
2972,2026-04-23T08:24:44.847Z,S20260423_092137,N/A,AUTO,,186.971,0.0625,N/A,0,1500,VIDE,0.0,0.0,0.0,0.0,0.0,0.0,0,0,0.0,0.0,,,,,,,,,,,,
2973,2026-04-23T08:24:44.898Z,S20260423_092137,N/A,AUTO,,187.0213,0.0505,N/A,0,1500,VIDE,0.0,0.0,0.0,0.0,0.0,0.0,0,0,0.0,0.0,,,,,,,,,,,,
2974,2026-04-23T08:24:44.961Z,S20260423_092137,N/A,AUTO,,187.0851,0.0638,N/A,0,1500,VIDE,0.0,0.0,0.0,0.0,0.0,0.0,0,0,0.0,0.0,,,,,,,,,,,,
2975,2026-04-23T08:24:45.025Z,S20260423_092137,N/A,AUTO,,187.1487,0.0636,N/A,0,1500,VIDE,0.0,0.0,0.0,0.0,0.0,0.0,0,0,0.0,0.0,,,,,,,,,,,,
2976,2026-04-23T08:24:45.089Z,S20260423_092137,N/A,AUTO,,187.2125,0.0638,N/A,0,1500,VIDE,0.0,0.0,0.0,0.0,0.0,0.0,0,0,0.0,0.0,,,,,,,,,,,,
2977,2026-04-23T08:24:45.153Z,S20260423_092137,N/A,AUTO,,187.2769,0.0644,N/A,0,1500,VIDE,0.0,0.0,0.0,0.0,0.0,0.0,0,0,0.0,0.0,,,,,,,,,,,,
2978,2026-04-23T08:24:45.212Z,S20260423_092137,N/A,AUTO,,187.3356,0.0587,N/A,0,1500,VIDE,0.0,0.0,0.0,0.0,0.0,0.0,0,0,0.0,0.0,,,,,,,,,,,,
2979,2026-04-23T08:24:45.272Z,S20260423_092137,N/A,AUTO,,187.3957,0.0601,N/A,0,1500,VIDE,0.0,0.0,0.0,0.0,0.0,0.0,0,0,0.0,0.0,,,,,,,,,,,,
2980,2026-04-23T08:24:45.334Z,S20260423_092137,N/A,AUTO,,187.4579,0.0622,N/A,0,1500,VIDE,0.0,0.0,0.0,0.0,0.0,0.0,0,0,0.0,0.0,,,,,,,,,,,,
2981,2026-04-23T08:24:45.396Z,S20260423_092137,N/A,AUTO,,187.5198,0.0619,N/A,0,1500,VIDE,0.0,0.0,0.0,0.0,0.0,0.0,0,0,0.0,0.0,,,,,,,,,,,,
2982,2026-04-23T08:24:45.474Z,S20260423_092137,N/A,AUTO,,187.5972,0.0774,N/A,0,1500,VIDE,0.0,0.0,0.0,0.0,0.0,0.0,0,0,0.0,0.0,,,,,,,,,,,,
2983,2026-04-23T08:24:45.521Z,S20260423_092137,N/A,AUTO,,187.6446,0.0474,N/A,0,1500,VIDE,0.0,0.0,0.0,0.0,0.0,0.0,0,0,0.0,0.0,,,,,,,,,,,,
2984,2026-04-23T08:24:45.584Z,S20260423_092137,N/A,AUTO,,187.7081,0.0636,N/A,0,1500,VIDE,0.0,0.0,0.0,0.0,0.0,0.0,0,0,0.0,0.0,,,,,,,,,,,,
2985,2026-04-23T08:24:45.648Z,S20260423_092137,N/A,AUTO,,187.7719,0.0638,N/A,0,1500,VIDE,0.0,0.0,0.0,0.0,0.0,0.0,0,0,0.0,0.0,,,,,,,,,,,,
2986,2026-04-23T08:24:45.713Z,S20260423_092137,N/A,AUTO,,187.8364,0.0645,N/A,0,1500,VIDE,0.0,0.0,0.0,0.0,0.0,0.0,0,0,0.0,0.0,,,,,,,,,,,,
2987,2026-04-23T08:24:45.776Z,S20260423_092137,N/A,AUTO,,187.9001,0.0637,N/A,0,1500,VIDE,0.0,0.0,0.0,0.0,0.0,0.0,0,0,0.0,0.0,,,,,,,,,,,,
2988,2026-04-23T08:24:45.841Z,S20260423_092137,N/A,AUTO,,187.9645,0.0643,N/A,0,1500,VIDE,0.0,0.0,0.0,0.0,0.0,0.0,0,0,0.0,0.0,,,,,,,,,,,,
2989,2026-04-23T08:24:45.905Z,S20260423_092137,N/A,AUTO,,188.0291,0.0647,N/A,0,1500,VIDE,0.0,0.0,0.0,0.0,0.0,0.0,0,0,0.0,0.0,,,,,,,,,,,,
2990,2026-04-23T08:24:45.965Z,S20260423_092137,N/A,AUTO,,188.0885,0.0594,N/A,0,1500,VIDE,0.0,0.0,0.0,0.0,0.0,0.0,0,0,0.0,0.0,,,,,,,,,,,,
2991,2026-04-23T08:24:46.032Z,S20260423_092137,N/A,AUTO,,188.1555,0.0669,N/A,0,1500,VIDE,0.0,0.0,0.0,0.0,0.0,0.0,0,0,0.0,0.0,,,,,,,,,,,,
2992,2026-04-23T08:24:46.085Z,S20260423_092137,N/A,AUTO,,188.2086,0.0532,N/A,0,1500,VIDE,0.0,0.0,0.0,0.0,0.0,0.0,0,0,0.0,0.0,,,,,,,,,,,,
2993,2026-04-23T08:24:46.149Z,S20260423_092137,N/A,AUTO,,188.2722,0.0636,N/A,0,1500,VIDE,0.0,0.0,0.0,0.0,0.0,0.0,0,0,0.0,0.0,,,,,,,,,,,,
2994,2026-04-23T08:24:46.212Z,S20260423_092137,N/A,AUTO,,188.3361,0.0639,N/A,0,1500,VIDE,0.0,0.0,0.0,0.0,0.0,0.0,0,0,0.0,0.0,,,,,,,,,,,,
2995,2026-04-23T08:24:46.273Z,S20260423_092137,N/A,AUTO,,188.3964,0.0603,N/A,0,1500,VIDE,0.0,0.0,0.0,0.0,0.0,0.0,0,0,0.0,0.0,,,,,,,,,,,,
2996,2026-04-23T08:24:46.334Z,S20260423_092137,N/A,AUTO,,188.4578,0.0614,N/A,0,1500,VIDE,0.0,0.0,0.0,0.0,0.0,0.0,0,0,0.0,0.0,,,,,,,,,,,,
2997,2026-04-23T08:24:46.397Z,S20260423_092137,N/A,AUTO,,188.5204,0.0625,N/A,0,1500,VIDE,0.0,0.0,0.0,0.0,0.0,0.0,0,0,0.0,0.0,,,,,,,,,,,,
2998,2026-04-23T08:24:46.460Z,S20260423_092137,N/A,AUTO,,188.5841,0.0638,N/A,0,1500,VIDE,0.0,0.0,0.0,0.0,0.0,0.0,0,0,0.0,0.0,,,,,,,,,,,,
2999,2026-04-23T08:24:46.525Z,S20260423_092137,N/A,AUTO,,188.6482,0.0641,N/A,0,1500,VIDE,0.0,0.0,0.0,0.0,0.0,0.0,0,0,0.0,0.0,,,,,,,,,,,,
3000,2026-04-23T08:24:46.589Z,S20260423_092137,N/A,AUTO,,188.7124,0.0642,N/A,0,1500,VIDE,0.0,0.0,0.0,0.0,0.0,0.0,0,0,0.0,0.0,,,,,,,,,,,,
3001,2026-04-23T08:24:46.647Z,S20260423_092137,N/A,AUTO,,188.7709,0.0585,N/A,0,1500,VIDE,0.0,0.0,0.0,0.0,0.0,0.0,0,0,0.0,0.0,,,,,,,,,,,,
3002,2026-04-23T08:24:46.715Z,S20260423_092137,N/A,AUTO,,188.8386,0.0678,N/A,0,1500,VIDE,0.0,0.0,0.0,0.0,0.0,0.0,0,0,0.0,0.0,,,,,,,,,,,,
3003,2026-04-23T08:24:46.773Z,S20260423_092137,N/A,AUTO,,188.8968,0.0581,N/A,0,1500,VIDE,0.0,0.0,0.0,0.0,0.0,0.0,0,0,0.0,0.0,,,,,,,,,,,,
3004,2026-04-23T08:24:46.834Z,S20260423_092137,N/A,AUTO,,188.9576,0.0608,N/A,0,1500,VIDE,0.0,0.0,0.0,0.0,0.0,0.0,0,0,0.0,0.0,,,,,,,,,,,,
3005,2026-04-23T08:24:46.899Z,S20260423_092137,N/A,AUTO,,189.0224,0.0649,N/A,0,1500,VIDE,0.0,0.0,0.0,0.0,0.0,0.0,0,0,0.0,0.0,,,,,,,,,,,,
3006,2026-04-23T08:24:46.962Z,S20260423_092137,N/A,AUTO,,189.0857,0.0632,N/A,0,1500,VIDE,0.0,0.0,0.0,0.0,0.0,0.0,0,0,0.0,0.0,,,,,,,,,,,,
3007,2026-04-23T08:24:47.026Z,S20260423_092137,N/A,AUTO,,189.1498,0.0641,N/A,0,1500,VIDE,0.0,0.0,0.0,0.0,0.0,0.0,0,0,0.0,0.0,,,,,,,,,,,,
3008,2026-04-23T08:24:47.085Z,S20260423_092137,N/A,AUTO,,189.2092,0.0594,N/A,0,1500,VIDE,0.0,0.0,0.0,0.0,0.0,0.0,0,0,0.0,0.0,,,,,,,,,,,,
3009,2026-04-23T08:24:47.147Z,S20260423_092137,N/A,AUTO,,189.2712,0.062,N/A,0,1500,VIDE,0.0,0.0,0.0,0.0,0.0,0.0,0,0,0.0,0.0,,,,,,,,,,,,
3010,2026-04-23T08:24:47.213Z,S20260423_092137,N/A,AUTO,,189.3365,0.0654,N/A,0,1500,VIDE,0.0,0.0,0.0,0.0,0.0,0.0,0,0,0.0,0.0,,,,,,,,,,,,
3011,2026-04-23T08:24:47.272Z,S20260423_092137,N/A,AUTO,,189.3953,0.0588,N/A,0,1500,VIDE,0.0,0.0,0.0,0.0,0.0,0.0,0,0,0.0,0.0,,,,,,,,,,,,
3012,2026-04-23T08:24:47.334Z,S20260423_092137,N/A,AUTO,,189.458,0.0627,N/A,0,1500,VIDE,0.0,0.0,0.0,0.0,0.0,0.0,0,0,0.0,0.0,,,,,,,,,,,,
3013,2026-04-23T08:24:47.396Z,S20260423_092137,N/A,AUTO,,189.5202,0.0621,N/A,0,1500,VIDE,0.0,0.0,0.0,0.0,0.0,0.0,0,0,0.0,0.0,,,,,,,,,,,,
3014,2026-04-23T08:24:47.461Z,S20260423_092137,N/A,AUTO,,189.5843,0.0641,N/A,0,1500,VIDE,0.0,0.0,0.0,0.0,0.0,0.0,0,0,0.0,0.0,,,,,,,,,,,,
3015,2026-04-23T08:24:47.521Z,S20260423_092137,N/A,AUTO,,189.645,0.0608,N/A,0,1500,VIDE,0.0,0.0,0.0,0.0,0.0,0.0,0,0,0.0,0.0,,,,,,,,,,,,
3016,2026-04-23T08:24:47.586Z,S20260423_092137,N/A,AUTO,,189.7095,0.0645,N/A,0,1500,VIDE,0.0,0.0,0.0,0.0,0.0,0.0,0,0,0.0,0.0,,,,,,,,,,,,
3017,2026-04-23T08:24:47.649Z,S20260423_092137,N/A,AUTO,,189.7732,0.0636,N/A,0,1500,VIDE,0.0,0.0,0.0,0.0,0.0,0.0,0,0,0.0,0.0,,,,,,,,,,,,
3018,2026-04-23T08:24:47.712Z,S20260423_092137,N/A,AUTO,,189.8358,0.0627,N/A,0,1500,VIDE,0.0,0.0,0.0,0.0,0.0,0.0,0,0,0.0,0.0,,,,,,,,,,,,
3019,2026-04-23T08:24:47.774Z,S20260423_092137,N/A,AUTO,,189.8973,0.0616,N/A,0,1500,VIDE,0.0,0.0,0.0,0.0,0.0,0.0,0,0,0.0,0.0,,,,,,,,,,,,
3020,2026-04-23T08:24:47.834Z,S20260423_092137,N/A,AUTO,,189.9576,0.0602,N/A,0,1500,VIDE,0.0,0.0,0.0,0.0,0.0,0.0,0,0,0.0,0.0,,,,,,,,,,,,
3021,2026-04-23T08:24:47.896Z,S20260423_092137,N/A,AUTO,,190.0196,0.0621,N/A,0,1500,VIDE,0.0,0.0,0.0,0.0,0.0,0.0,0,0,0.0,0.0,,,,,,,,,,,,
3022,2026-04-23T08:24:47.975Z,S20260423_092137,N/A,AUTO,,190.0986,0.0789,N/A,0,1500,VIDE,0.0,0.0,0.0,0.0,0.0,0.0,0,0,0.0,0.0,,,,,,,,,,,,
3023,2026-04-23T08:24:48.037Z,S20260423_092137,N/A,AUTO,,190.161,0.0624,N/A,0,1500,VIDE,0.0,0.0,0.0,0.0,0.0,0.0,0,0,0.0,0.0,,,,,,,,,,,,
3024,2026-04-23T08:24:48.102Z,S20260423_092137,N/A,AUTO,,190.2254,0.0644,N/A,0,1500,VIDE,0.0,0.0,0.0,0.0,0.0,0.0,0,0,0.0,0.0,,,,,,,,,,,,
3025,2026-04-23T08:24:48.163Z,S20260423_092137,N/A,AUTO,,190.2867,0.0613,N/A,0,1500,VIDE,0.0,0.0,0.0,0.0,0.0,0.0,0,0,0.0,0.0,,,,,,,,,,,,
3026,2026-04-23T08:24:48.226Z,S20260423_092137,N/A,AUTO,,190.35,0.0632,N/A,0,1500,VIDE,0.0,0.0,0.0,0.0,0.0,0.0,0,0,0.0,0.0,,,,,,,,,,,,
3027,2026-04-23T08:24:48.303Z,S20260423_092137,N/A,AUTO,,190.4273,0.0772,N/A,0,1500,VIDE,0.0,0.0,0.0,0.0,0.0,0.0,0,0,0.0,0.0,,,,,,,,,,,,
3028,2026-04-23T08:24:48.350Z,S20260423_092137,N/A,AUTO,,190.4744,0.0463,N/A,0,1500,VIDE,0.0,0.0,0.0,0.0,0.0,0.0,0,0,0.0,0.0,,,,,,,,,,,,
3029,2026-04-23T08:24:48.414Z,S20260423_092137,N/A,AUTO,,190.5379,0.0643,N/A,0,1500,VIDE,0.0,0.0,0.0,0.0,0.0,0.0,0,0,0.0,0.0,,,,,,,,,,,,
3030,2026-04-23T08:24:48.477Z,S20260423_092137,N/A,AUTO,,190.6009,0.063,N/A,0,1500,VIDE,0.0,0.0,0.0,0.0,0.0,0.0,0,0,0.0,0.0,,,,,,,,,,,,
3031,2026-04-23T08:24:48.538Z,S20260423_092137,N/A,AUTO,,190.6621,0.0614,N/A,0,1500,VIDE,0.0,0.0,0.0,0.0,0.0,0.0,0,0,0.0,0.0,,,,,,,,,,,,
3032,2026-04-23T08:24:48.601Z,S20260423_092137,N/A,AUTO,,190.725,0.063,N/A,0,1500,VIDE,0.0,0.0,0.0,0.0,0.0,0.0,0,0,0.0,0.0,,,,,,,,,,,,
3033,2026-04-23T08:24:48.664Z,S20260423_092137,N/A,AUTO,,190.7877,0.0627,N/A,0,1500,VIDE,0.0,0.0,0.0,0.0,0.0,0.0,0,0,0.0,0.0,,,,,,,,,,,,
3034,2026-04-23T08:24:48.725Z,S20260423_092137,N/A,AUTO,,190.849,0.0613,N/A,0,1500,VIDE,0.0,0.0,0.0,0.0,0.0,0.0,0,0,0.0,0.0,,,,,,,,,,,,
3035,2026-04-23T08:24:48.788Z,S20260423_092137,N/A,AUTO,,190.9113,0.0623,N/A,0,1500,VIDE,0.0,0.0,0.0,0.0,0.0,0.0,0,0,0.0,0.0,,,,,,,,,,,,
3036,2026-04-23T08:24:48.864Z,S20260423_092137,N/A,AUTO,,190.9877,0.0764,N/A,0,1500,VIDE,0.0,0.0,0.0,0.0,0.0,0.0,0,0,0.0,0.0,,,,,,,,,,,,
3037,2026-04-23T08:24:48.917Z,S20260423_092137,N/A,AUTO,,191.0405,0.0528,N/A,0,1500,VIDE,0.0,0.0,0.0,0.0,0.0,0.0,0,0,0.0,0.0,,,,,,,,,,,,
3038,2026-04-23T08:24:48.981Z,S20260423_092137,N/A,AUTO,,191.1045,0.0639,N/A,0,1500,VIDE,0.0,0.0,0.0,0.0,0.0,0.0,0,0,0.0,0.0,,,,,,,,,,,,
3039,2026-04-23T08:24:49.045Z,S20260423_092137,N/A,AUTO,,191.1685,0.064,N/A,0,1500,VIDE,0.0,0.0,0.0,0.0,0.0,0.0,0,0,0.0,0.0,,,,,,,,,,,,
3040,2026-04-23T08:24:49.109Z,S20260423_092137,N/A,AUTO,,191.2331,0.0647,N/A,0,1500,VIDE,0.0,0.0,0.0,0.0,0.0,0.0,0,0,0.0,0.0,,,,,,,,,,,,
3041,2026-04-23T08:24:49.165Z,S20260423_092137,N/A,AUTO,,191.2885,0.0554,N/A,0,1500,VIDE,0.0,0.0,0.0,0.0,0.0,0.0,0,0,0.0,0.0,,,,,,,,,,,,
3042,2026-04-23T08:24:49.234Z,S20260423_092137,N/A,AUTO,,191.3574,0.0689,N/A,0,1500,VIDE,0.0,0.0,0.0,0.0,0.0,0.0,0,0,0.0,0.0,,,,,,,,,,,,
3043,2026-04-23T08:24:49.293Z,S20260423_092137,N/A,AUTO,,191.4164,0.059,N/A,0,1500,VIDE,0.0,0.0,0.0,0.0,0.0,0.0,0,0,0.0,0.0,,,,,,,,,,,,
3044,2026-04-23T08:24:49.357Z,S20260423_092137,N/A,AUTO,,191.4805,0.0641,N/A,0,1500,VIDE,0.0,0.0,0.0,0.0,0.0,0.0,0,0,0.0,0.0,,,,,,,,,,,,
3045,2026-04-23T08:24:49.413Z,S20260423_092137,N/A,AUTO,,191.5363,0.0558,N/A,0,1500,VIDE,0.0,0.0,0.0,0.0,0.0,0.0,0,0,0.0,0.0,,,,,,,,,,,,
3046,2026-04-23T08:24:49.483Z,S20260423_092137,N/A,AUTO,,191.6062,0.07,N/A,0,1500,VIDE,0.0,0.0,0.0,0.0,0.0,0.0,0,0,0.0,0.0,,,,,,,,,,,,
3047,2026-04-23T08:24:49.545Z,S20260423_092137,N/A,AUTO,,191.6687,0.0625,N/A,0,1500,VIDE,0.0,0.0,0.0,0.0,0.0,0.0,0,0,0.0,0.0,,,,,,,,,,,,
3048,2026-04-23T08:24:49.605Z,S20260423_092137,N/A,AUTO,,191.7286,0.0599,N/A,0,1500,VIDE,0.0,0.0,0.0,0.0,0.0,0.0,0,0,0.0,0.0,,,,,,,,,,,,
3049,2026-04-23T08:24:49.663Z,S20260423_092137,N/A,AUTO,,191.7866,0.058,N/A,0,1500,VIDE,0.0,0.0,0.0,0.0,0.0,0.0,0,0,0.0,0.0,,,,,,,,,,,,
3050,2026-04-23T08:24:49.725Z,S20260423_092137,N/A,AUTO,,191.8486,0.0619,N/A,0,1500,VIDE,0.0,0.0,0.0,0.0,0.0,0.0,0,0,0.0,0.0,,,,,,,,,,,,
3051,2026-04-23T08:24:49.789Z,S20260423_092137,N/A,AUTO,,191.9132,0.0645,N/A,0,1500,VIDE,0.0,0.0,0.0,0.0,0.0,0.0,0,0,0.0,0.0,,,,,,,,,,,,
3052,2026-04-23T08:24:49.854Z,S20260423_092137,N/A,AUTO,,191.9776,0.0644,N/A,0,1500,VIDE,0.0,0.0,0.0,0.0,0.0,0.0,0,0,0.0,0.0,,,,,,,,,,,,
3053,2026-04-23T08:24:49.917Z,S20260423_092137,N/A,AUTO,,192.0407,0.0632,N/A,0,1500,VIDE,0.0,0.0,0.0,0.0,0.0,0.0,0,0,0.0,0.0,,,,,,,,,,,,
3054,2026-04-23T08:24:49.980Z,S20260423_092137,N/A,AUTO,,192.1032,0.0625,N/A,0,1500,VIDE,0.0,0.0,0.0,0.0,0.0,0.0,0,0,0.0,0.0,,,,,,,,,,,,
3055,2026-04-23T08:24:50.037Z,S20260423_092137,N/A,AUTO,,192.1605,0.0573,N/A,0,1500,VIDE,0.0,0.0,0.0,0.0,0.0,0.0,0,0,0.0,0.0,,,,,,,,,,,,
3056,2026-04-23T08:24:50.101Z,S20260423_092137,N/A,AUTO,,192.2247,0.0642,N/A,0,1500,VIDE,0.0,0.0,0.0,0.0,0.0,0.0,0,0,0.0,0.0,,,,,,,,,,,,
3057,2026-04-23T08:24:50.165Z,S20260423_092137,N/A,AUTO,,192.2889,0.0642,N/A,0,1500,VIDE,0.0,0.0,0.0,0.0,0.0,0.0,0,0,0.0,0.0,,,,,,,,,,,,
3058,2026-04-23T08:24:50.229Z,S20260423_092137,N/A,AUTO,,192.3529,0.064,N/A,0,1500,VIDE,0.0,0.0,0.0,0.0,0.0,0.0,0,0,0.0,0.0,,,,,,,,,,,,
3059,2026-04-23T08:24:50.292Z,S20260423_092137,N/A,AUTO,,192.4159,0.0629,N/A,0,1500,VIDE,0.0,0.0,0.0,0.0,0.0,0.0,0,0,0.0,0.0,,,,,,,,,,,,
3060,2026-04-23T08:24:50.350Z,S20260423_092137,N/A,AUTO,,192.4733,0.0574,N/A,0,1500,VIDE,0.0,0.0,0.0,0.0,0.0,0.0,0,0,0.0,0.0,,,,,,,,,,,,
3061,2026-04-23T08:24:50.413Z,S20260423_092137,N/A,AUTO,,192.5363,0.063,N/A,0,1500,VIDE,0.0,0.0,0.0,0.0,0.0,0.0,0,0,0.0,0.0,,,,,,,,,,,,
3062,2026-04-23T08:24:50.476Z,S20260423_092137,N/A,AUTO,,192.5999,0.0637,N/A,0,1500,VIDE,0.0,0.0,0.0,0.0,0.0,0.0,0,0,0.0,0.0,,,,,,,,,,,,
3063,2026-04-23T08:24:50.539Z,S20260423_092137,N/A,AUTO,,192.6624,0.0625,N/A,0,1500,VIDE,0.0,0.0,0.0,0.0,0.0,0.0,0,0,0.0,0.0,,,,,,,,,,,,
3064,2026-04-23T08:24:50.602Z,S20260423_092137,N/A,AUTO,,192.7254,0.063,N/A,0,1500,VIDE,0.0,0.0,0.0,0.0,0.0,0.0,0,0,0.0,0.0,,,,,,,,,,,,
3065,2026-04-23T08:24:50.664Z,S20260423_092137,N/A,AUTO,,192.7876,0.0622,N/A,0,1500,VIDE,0.0,0.0,0.0,0.0,0.0,0.0,0,0,0.0,0.0,,,,,,,,,,,,
3066,2026-04-23T08:24:50.725Z,S20260423_092137,N/A,AUTO,,192.8488,0.0612,N/A,0,1500,VIDE,0.0,0.0,0.0,0.0,0.0,0.0,0,0,0.0,0.0,,,,,,,,,,,,
3067,2026-04-23T08:24:50.789Z,S20260423_092137,N/A,AUTO,,192.9126,0.0637,N/A,0,1500,VIDE,0.0,0.0,0.0,0.0,0.0,0.0,0,0,0.0,0.0,,,,,,,,,,,,
3068,2026-04-23T08:24:50.851Z,S20260423_092137,N/A,AUTO,,192.9751,0.0626,N/A,0,1500,VIDE,0.0,0.0,0.0,0.0,0.0,0.0,0,0,0.0,0.0,,,,,,,,,,,,
3069,2026-04-23T08:24:50.912Z,S20260423_092137,N/A,AUTO,,193.0361,0.061,N/A,0,1500,VIDE,0.0,0.0,0.0,0.0,0.0,0.0,0,0,0.0,0.0,,,,,,,,,,,,
3070,2026-04-23T08:24:50.981Z,S20260423_092137,N/A,AUTO,,193.1048,0.0687,N/A,0,1500,VIDE,0.0,0.0,0.0,0.0,0.0,0.0,0,0,0.0,0.0,,,,,,,,,,,,
3071,2026-04-23T08:24:51.037Z,S20260423_092137,N/A,AUTO,,193.1607,0.0559,N/A,0,1500,VIDE,0.0,0.0,0.0,0.0,0.0,0.0,0,0,0.0,0.0,,,,,,,,,,,,
3072,2026-04-23T08:24:51.113Z,S20260423_092137,N/A,AUTO,,193.2362,0.0755,N/A,0,1500,VIDE,0.0,0.0,0.0,0.0,0.0,0.0,0,0,0.0,0.0,,,,,,,,,,,,
3073,2026-04-23T08:24:51.174Z,S20260423_092137,N/A,AUTO,,193.2973,0.0611,N/A,0,1500,VIDE,0.0,0.0,0.0,0.0,0.0,0.0,0,0,0.0,0.0,,,,,,,,,,,,
3074,2026-04-23T08:24:51.236Z,S20260423_092137,N/A,AUTO,,193.3592,0.0619,N/A,0,1500,VIDE,0.0,0.0,0.0,0.0,0.0,0.0,0,0,0.0,0.0,,,,,,,,,,,,
3075,2026-04-23T08:24:51.293Z,S20260423_092137,N/A,AUTO,,193.4165,0.0573,N/A,0,1500,VIDE,0.0,0.0,0.0,0.0,0.0,0.0,0,0,0.0,0.0,,,,,,,,,,,,
3076,2026-04-23T08:24:51.357Z,S20260423_092137,N/A,AUTO,,193.4804,0.064,N/A,0,1500,VIDE,0.0,0.0,0.0,0.0,0.0,0.0,0,0,0.0,0.0,,,,,,,,,,,,
3077,2026-04-23T08:24:51.422Z,S20260423_092137,N/A,AUTO,,193.5454,0.0649,N/A,0,1500,VIDE,0.0,0.0,0.0,0.0,0.0,0.0,0,0,0.0,0.0,,,,,,,,,,,,
3078,2026-04-23T08:24:51.477Z,S20260423_092137,N/A,AUTO,,193.6002,0.0549,N/A,0,1500,VIDE,0.0,0.0,0.0,0.0,0.0,0.0,0,0,0.0,0.0,,,,,,,,,,,,
3079,2026-04-23T08:24:51.538Z,S20260423_092137,N/A,AUTO,,193.6614,0.0612,N/A,0,1500,VIDE,0.0,0.0,0.0,0.0,0.0,0.0,0,0,0.0,0.0,,,,,,,,,,,,
3080,2026-04-23T08:24:51.605Z,S20260423_092137,N/A,AUTO,,193.7282,0.0668,N/A,0,1500,VIDE,0.0,0.0,0.0,0.0,0.0,0.0,0,0,0.0,0.0,,,,,,,,,,,,
3081,2026-04-23T08:24:51.669Z,S20260423_092137,N/A,AUTO,,193.7923,0.0641,N/A,0,1500,VIDE,0.0,0.0,0.0,0.0,0.0,0.0,0,0,0.0,0.0,,,,,,,,,,,,
3082,2026-04-23T08:24:51.725Z,S20260423_092137,N/A,AUTO,,193.8488,0.0565,N/A,0,1500,VIDE,0.0,0.0,0.0,0.0,0.0,0.0,0,0,0.0,0.0,,,,,,,,,,,,
3083,2026-04-23T08:24:51.789Z,S20260423_092137,N/A,AUTO,,193.9122,0.0634,N/A,0,1500,VIDE,0.0,0.0,0.0,0.0,0.0,0.0,0,0,0.0,0.0,,,,,,,,,,,,
3084,2026-04-23T08:24:51.853Z,S20260423_092137,N/A,AUTO,,193.9767,0.0644,N/A,0,1500,VIDE,0.0,0.0,0.0,0.0,0.0,0.0,0,0,0.0,0.0,,,,,,,,,,,,
3085,2026-04-23T08:24:51.915Z,S20260423_092137,N/A,AUTO,,194.0387,0.0621,N/A,0,1500,VIDE,0.0,0.0,0.0,0.0,0.0,0.0,0,0,0.0,0.0,,,,,,,,,,,,
3086,2026-04-23T08:24:51.977Z,S20260423_092137,N/A,AUTO,,194.1004,0.0617,N/A,0,1500,VIDE,0.0,0.0,0.0,0.0,0.0,0.0,0,0,0.0,0.0,,,,,,,,,,,,
3087,2026-04-23T08:24:52.038Z,S20260423_092137,N/A,AUTO,,194.1613,0.0608,N/A,0,1500,VIDE,0.0,0.0,0.0,0.0,0.0,0.0,0,0,0.0,0.0,,,,,,,,,,,,
3088,2026-04-23T08:24:52.103Z,S20260423_092137,N/A,AUTO,,194.2266,0.0653,N/A,0,1500,VIDE,0.0,0.0,0.0,0.0,0.0,0.0,0,0,0.0,0.0,,,,,,,,,,,,
3089,2026-04-23T08:24:52.165Z,S20260423_092137,N/A,AUTO,,194.2889,0.0623,N/A,0,1500,VIDE,0.0,0.0,0.0,0.0,0.0,0.0,0,0,0.0,0.0,,,,,,,,,,,,
3090,2026-04-23T08:24:52.227Z,S20260423_092137,N/A,AUTO,,194.3508,0.0619,N/A,0,1500,VIDE,0.0,0.0,0.0,0.0,0.0,0.0,0,0,0.0,0.0,,,,,,,,,,,,
3091,2026-04-23T08:24:52.289Z,S20260423_092137,N/A,AUTO,,194.4132,0.0623,N/A,0,1500,VIDE,0.0,0.0,0.0,0.0,0.0,0.0,0,0,0.0,0.0,,,,,,,,,,,,
3092,2026-04-23T08:24:52.351Z,S20260423_092137,N/A,AUTO,,194.4751,0.062,N/A,0,1500,VIDE,0.0,0.0,0.0,0.0,0.0,0.0,0,0,0.0,0.0,,,,,,,,,,,,
3093,2026-04-23T08:24:52.414Z,S20260423_092137,N/A,AUTO,,194.5381,0.063,N/A,0,1500,VIDE,0.0,0.0,0.0,0.0,0.0,0.0,0,0,0.0,0.0,,,,,,,,,,,,
3094,2026-04-23T08:24:52.475Z,S20260423_092137,N/A,AUTO,,194.5991,0.0609,N/A,0,1500,VIDE,0.0,0.0,0.0,0.0,0.0,0.0,0,0,0.0,0.0,,,,,,,,,,,,
3095,2026-04-23T08:24:52.539Z,S20260423_092137,N/A,AUTO,,194.6622,0.0632,N/A,0,1500,VIDE,0.0,0.0,0.0,0.0,0.0,0.0,0,0,0.0,0.0,,,,,,,,,,,,
3096,2026-04-23T08:24:52.600Z,S20260423_092137,N/A,AUTO,,194.7234,0.0612,N/A,0,1500,VIDE,0.0,0.0,0.0,0.0,0.0,0.0,0,0,0.0,0.0,,,,,,,,,,,,
3097,2026-04-23T08:24:52.662Z,S20260423_092137,N/A,AUTO,,194.7852,0.0618,N/A,0,1500,VIDE,0.0,0.0,0.0,0.0,0.0,0.0,0,0,0.0,0.0,,,,,,,,,,,,
3098,2026-04-23T08:24:52.725Z,S20260423_092137,N/A,AUTO,,194.8489,0.0637,N/A,0,1500,VIDE,0.0,0.0,0.0,0.0,0.0,0.0,0,0,0.0,0.0,,,,,,,,,,,,
3099,2026-04-23T08:24:52.789Z,S20260423_092137,N/A,AUTO,,194.9124,0.0635,N/A,0,1500,VIDE,0.0,0.0,0.0,0.0,0.0,0.0,0,0,0.0,0.0,,,,,,,,,,,,
3100,2026-04-23T08:24:52.852Z,S20260423_092137,N/A,AUTO,,194.9753,0.0629,N/A,0,1500,VIDE,0.0,0.0,0.0,0.0,0.0,0.0,0,0,0.0,0.0,,,,,,,,,,,,
3101,2026-04-23T08:24:52.912Z,S20260423_092137,N/A,AUTO,,195.0358,0.0605,N/A,0,1500,VIDE,0.0,0.0,0.0,0.0,0.0,0.0,0,0,0.0,0.0,,,,,,,,,,,,
3102,2026-04-23T08:24:52.990Z,S20260423_092137,N/A,AUTO,,195.1139,0.0781,N/A,0,1500,VIDE,0.0,0.0,0.0,0.0,0.0,0.0,0,0,0.0,0.0,,,,,,,,,,,,
3103,2026-04-23T08:24:53.054Z,S20260423_092137,N/A,AUTO,,195.1775,0.0636,N/A,0,1500,VIDE,0.0,0.0,0.0,0.0,0.0,0.0,0,0,0.0,0.0,,,,,,,,,,,,
3104,2026-04-23T08:24:53.117Z,S20260423_092137,N/A,AUTO,,195.241,0.0633,N/A,0,1500,VIDE,0.0,0.0,0.0,0.0,0.0,0.0,0,0,0.0,0.0,,,,,,,,,,,,
3105,2026-04-23T08:24:53.179Z,S20260423_092137,N/A,AUTO,,195.3027,0.0619,N/A,0,1500,VIDE,0.0,0.0,0.0,0.0,0.0,0.0,0,0,0.0,0.0,,,,,,,,,,,,
3106,2026-04-23T08:24:53.241Z,S20260423_092137,N/A,AUTO,,195.3643,0.0616,N/A,0,1500,VIDE,0.0,0.0,0.0,0.0,0.0,0.0,0,0,0.0,0.0,,,,,,,,,,,,
3107,2026-04-23T08:24:53.317Z,S20260423_092137,N/A,AUTO,,195.4409,0.0767,N/A,0,1500,VIDE,0.0,0.0,0.0,0.0,0.0,0.0,0,0,0.0,0.0,,,,,,,,,,,,
3108,2026-04-23T08:24:53.379Z,S20260423_092137,N/A,AUTO,,195.5031,0.0622,N/A,0,1500,VIDE,0.0,0.0,0.0,0.0,0.0,0.0,0,0,0.0,0.0,,,,,,,,,,,,
3109,2026-04-23T08:24:53.443Z,S20260423_092137,N/A,AUTO,,195.5663,0.0632,N/A,0,1500,VIDE,0.0,0.0,0.0,0.0,0.0,0.0,0,0,0.0,0.0,,,,,,,,,,,,
3110,2026-04-23T08:24:53.503Z,S20260423_092137,N/A,AUTO,,195.6271,0.0608,N/A,0,1500,VIDE,0.0,0.0,0.0,0.0,0.0,0.0,0,0,0.0,0.0,,,,,,,,,,,,
3111,2026-04-23T08:24:53.565Z,S20260423_092137,N/A,AUTO,,195.6891,0.062,N/A,0,1500,VIDE,0.0,0.0,0.0,0.0,0.0,0.0,0,0,0.0,0.0,,,,,,,,,,,,
3112,2026-04-23T08:24:53.628Z,S20260423_092137,N/A,AUTO,,195.7515,0.0624,N/A,0,1500,VIDE,0.0,0.0,0.0,0.0,0.0,0.0,0,0,0.0,0.0,,,,,,,,,,,,
3113,2026-04-23T08:24:53.690Z,S20260423_092137,N/A,AUTO,,195.8132,0.0617,N/A,0,1500,VIDE,0.0,0.0,0.0,0.0,0.0,0.0,0,0,0.0,0.0,,,,,,,,,,,,
3114,2026-04-23T08:24:53.751Z,S20260423_092137,N/A,AUTO,,195.8745,0.0613,N/A,0,1500,VIDE,0.0,0.0,0.0,0.0,0.0,0.0,0,0,0.0,0.0,,,,,,,,,,,,
3115,2026-04-23T08:24:53.813Z,S20260423_092137,N/A,AUTO,,195.9362,0.0617,N/A,0,1500,VIDE,0.0,0.0,0.0,0.0,0.0,0.0,0,0,0.0,0.0,,,,,,,,,,,,
3116,2026-04-23T08:24:53.873Z,S20260423_092137,N/A,AUTO,,195.9971,0.0609,N/A,0,1500,VIDE,0.0,0.0,0.0,0.0,0.0,0.0,0,0,0.0,0.0,,,,,,,,,,,,
3117,2026-04-23T08:24:53.935Z,S20260423_092137,N/A,AUTO,,196.0591,0.062,N/A,0,1500,VIDE,0.0,0.0,0.0,0.0,0.0,0.0,0,0,0.0,0.0,,,,,,,,,,,,
3118,2026-04-23T08:24:53.996Z,S20260423_092137,N/A,AUTO,,196.1198,0.0607,N/A,0,1500,VIDE,0.0,0.0,0.0,0.0,0.0,0.0,0,0,0.0,0.0,,,,,,,,,,,,
3119,2026-04-23T08:24:54.058Z,S20260423_092137,N/A,AUTO,,196.1816,0.0617,N/A,0,1500,VIDE,0.0,0.0,0.0,0.0,0.0,0.0,0,0,0.0,0.0,,,,,,,,,,,,
3120,2026-04-23T08:24:54.120Z,S20260423_092137,N/A,AUTO,,196.2435,0.0619,N/A,0,1500,VIDE,0.0,0.0,0.0,0.0,0.0,0.0,0,0,0.0,0.0,,,,,,,,,,,,
3121,2026-04-23T08:24:54.180Z,S20260423_092137,N/A,AUTO,,196.3041,0.0606,N/A,0,1500,VIDE,0.0,0.0,0.0,0.0,0.0,0.0,0,0,0.0,0.0,,,,,,,,,,,,
3122,2026-04-23T08:24:54.243Z,S20260423_092137,N/A,AUTO,,196.3667,0.0627,N/A,0,1500,VIDE,0.0,0.0,0.0,0.0,0.0,0.0,0,0,0.0,0.0,,,,,,,,,,,,
3123,2026-04-23T08:24:54.305Z,S20260423_092137,N/A,AUTO,,196.4282,0.0614,N/A,0,1500,VIDE,0.0,0.0,0.0,0.0,0.0,0.0,0,0,0.0,0.0,,,,,,,,,,,,
3124,2026-04-23T08:24:54.365Z,S20260423_092137,N/A,AUTO,,196.489,0.0608,N/A,0,1500,VIDE,0.0,0.0,0.0,0.0,0.0,0.0,0,0,0.0,0.0,,,,,,,,,,,,
3125,2026-04-23T08:24:54.443Z,S20260423_092137,N/A,AUTO,,196.5667,0.0777,N/A,0,1500,VIDE,0.0,0.0,0.0,0.0,0.0,0.0,0,0,0.0,0.0,,,,,,,,,,,,
3126,2026-04-23T08:24:54.490Z,S20260423_092137,N/A,AUTO,,196.6137,0.0471,N/A,0,1500,VIDE,0.0,0.0,0.0,0.0,0.0,0.0,0,0,0.0,0.0,,,,,,,,,,,,
3127,2026-04-23T08:24:54.554Z,S20260423_092137,N/A,AUTO,,196.6777,0.0639,N/A,0,1500,VIDE,0.0,0.0,0.0,0.0,0.0,0.0,0,0,0.0,0.0,,,,,,,,,,,,
3128,2026-04-23T08:24:54.616Z,S20260423_092137,N/A,AUTO,,196.74,0.0623,N/A,0,1500,VIDE,0.0,0.0,0.0,0.0,0.0,0.0,0,0,0.0,0.0,,,,,,,,,,,,
3129,2026-04-23T08:24:54.679Z,S20260423_092137,N/A,AUTO,,196.8023,0.0623,N/A,0,1500,VIDE,0.0,0.0,0.0,0.0,0.0,0.0,0,0,0.0,0.0,,,,,,,,,,,,
3130,2026-04-23T08:24:54.740Z,S20260423_092137,N/A,AUTO,,196.8638,0.0615,N/A,0,1500,VIDE,0.0,0.0,0.0,0.0,0.0,0.0,0,0,0.0,0.0,,,,,,,,,,,,
3131,2026-04-23T08:24:54.803Z,S20260423_092137,N/A,AUTO,,196.9264,0.0625,N/A,0,1500,VIDE,0.0,0.0,0.0,0.0,0.0,0.0,0,0,0.0,0.0,,,,,,,,,,,,
3132,2026-04-23T08:24:54.869Z,S20260423_092137,N/A,AUTO,,196.9923,0.066,N/A,0,1500,VIDE,0.0,0.0,0.0,0.0,0.0,0.0,0,0,0.0,0.0,,,,,,,,,,,,
3133,2026-04-23T08:24:54.927Z,S20260423_092137,N/A,AUTO,,197.0512,0.0588,N/A,0,1500,VIDE,0.0,0.0,0.0,0.0,0.0,0.0,0,0,0.0,0.0,,,,,,,,,,,,
3134,2026-04-23T08:24:55.004Z,S20260423_092137,N/A,AUTO,,197.1279,0.0768,N/A,0,1500,VIDE,0.0,0.0,0.0,0.0,0.0,0.0,0,0,0.0,0.0,,,,,,,,,,,,
3135,2026-04-23T08:24:55.061Z,S20260423_092137,N/A,AUTO,,197.1845,0.0565,N/A,0,1500,VIDE,0.0,0.0,0.0,0.0,0.0,0.0,0,0,0.0,0.0,,,,,,,,,,,,
3136,2026-04-23T08:24:55.117Z,S20260423_092137,N/A,AUTO,,197.2406,0.0562,N/A,0,1500,VIDE,0.0,0.0,0.0,0.0,0.0,0.0,0,0,0.0,0.0,,,,,,,,,,,,
3137,2026-04-23T08:24:55.181Z,S20260423_092137,N/A,AUTO,,197.3046,0.0639,N/A,0,1500,VIDE,0.0,0.0,0.0,0.0,0.0,0.0,0,0,0.0,0.0,,,,,,,,,,,,
3138,2026-04-23T08:24:55.245Z,S20260423_092137,N/A,AUTO,,197.3685,0.0639,N/A,0,1500,VIDE,0.0,0.0,0.0,0.0,0.0,0.0,0,0,0.0,0.0,,,,,,,,,,,,
3139,2026-04-23T08:24:55.309Z,S20260423_092137,N/A,AUTO,,197.4327,0.0643,N/A,0,1500,VIDE,0.0,0.0,0.0,0.0,0.0,0.0,0,0,0.0,0.0,,,,,,,,,,,,
3140,2026-04-23T08:24:55.366Z,S20260423_092137,N/A,AUTO,,197.4897,0.0569,N/A,0,1500,VIDE,0.0,0.0,0.0,0.0,0.0,0.0,0,0,0.0,0.0,,,,,,,,,,,,
3141,2026-04-23T08:24:55.429Z,S20260423_092137,N/A,AUTO,,197.5528,0.0632,N/A,0,1500,VIDE,0.0,0.0,0.0,0.0,0.0,0.0,0,0,0.0,0.0,,,,,,,,,,,,
3142,2026-04-23T08:24:55.493Z,S20260423_092137,N/A,AUTO,,197.6162,0.0635,N/A,0,1500,VIDE,0.0,0.0,0.0,0.0,0.0,0.0,0,0,0.0,0.0,,,,,,,,,,,,
3143,2026-04-23T08:24:55.556Z,S20260423_092137,N/A,AUTO,,197.6801,0.0639,N/A,0,1500,VIDE,0.0,0.0,0.0,0.0,0.0,0.0,0,0,0.0,0.0,,,,,,,,,,,,
3144,2026-04-23T08:24:55.621Z,S20260423_092137,N/A,AUTO,,197.7442,0.0641,N/A,0,1500,VIDE,0.0,0.0,0.0,0.0,0.0,0.0,0,0,0.0,0.0,,,,,,,,,,,,
3145,2026-04-23T08:24:55.685Z,S20260423_092137,N/A,AUTO,,197.8082,0.064,N/A,0,1500,VIDE,0.0,0.0,0.0,0.0,0.0,0.0,0,0,0.0,0.0,,,,,,,,,,,,
3146,2026-04-23T08:24:55.741Z,S20260423_092137,N/A,AUTO,,197.8644,0.0562,N/A,0,1500,VIDE,0.0,0.0,0.0,0.0,0.0,0.0,0,0,0.0,0.0,,,,,,,,,,,,
3147,2026-04-23T08:24:55.812Z,S20260423_092137,N/A,AUTO,,197.936,0.0716,N/A,0,1500,VIDE,0.0,0.0,0.0,0.0,0.0,0.0,0,0,0.0,0.0,,,,,,,,,,,,
3148,2026-04-23T08:24:55.873Z,S20260423_092137,N/A,AUTO,,197.997,0.061,N/A,0,1500,VIDE,0.0,0.0,0.0,0.0,0.0,0.0,0,0,0.0,0.0,,,,,,,,,,,,
3149,2026-04-23T08:24:55.933Z,S20260423_092137,N/A,AUTO,,198.0566,0.0596,N/A,0,1500,VIDE,0.0,0.0,0.0,0.0,0.0,0.0,0,0,0.0,0.0,,,,,,,,,,,,
3150,2026-04-23T08:24:55.997Z,S20260423_092137,N/A,AUTO,,198.1203,0.0638,N/A,0,1500,VIDE,0.0,0.0,0.0,0.0,0.0,0.0,0,0,0.0,0.0,,,,,,,,,,,,
3151,2026-04-23T08:24:56.059Z,S20260423_092137,N/A,AUTO,,198.1826,0.0623,N/A,0,1500,VIDE,0.0,0.0,0.0,0.0,0.0,0.0,0,0,0.0,0.0,,,,,,,,,,,,
3152,2026-04-23T08:24:56.120Z,S20260423_092137,N/A,AUTO,,198.2438,0.0612,N/A,0,1500,VIDE,0.0,0.0,0.0,0.0,0.0,0.0,0,0,0.0,0.0,,,,,,,,,,,,
3153,2026-04-23T08:24:56.182Z,S20260423_092137,N/A,AUTO,,198.3062,0.0623,N/A,0,1500,VIDE,0.0,0.0,0.0,0.0,0.0,0.0,0,0,0.0,0.0,,,,,,,,,,,,
3154,2026-04-23T08:24:56.245Z,S20260423_092137,N/A,AUTO,,198.3685,0.0623,N/A,0,1500,VIDE,0.0,0.0,0.0,0.0,0.0,0.0,0,0,0.0,0.0,,,,,,,,,,,,
3155,2026-04-23T08:24:56.307Z,S20260423_092137,N/A,AUTO,,198.4309,0.0624,N/A,0,1500,VIDE,0.0,0.0,0.0,0.0,0.0,0.0,0,0,0.0,0.0,,,,,,,,,,,,
3156,2026-04-23T08:24:56.366Z,S20260423_092137,N/A,AUTO,,198.4895,0.0586,N/A,0,1500,VIDE,0.0,0.0,0.0,0.0,0.0,0.0,0,0,0.0,0.0,,,,,,,,,,,,
3157,2026-04-23T08:24:56.429Z,S20260423_092137,N/A,AUTO,,198.5527,0.0633,N/A,0,1500,VIDE,0.0,0.0,0.0,0.0,0.0,0.0,0,0,0.0,0.0,,,,,,,,,,,,
3158,2026-04-23T08:24:56.493Z,S20260423_092137,N/A,AUTO,,198.6166,0.0639,N/A,0,1500,VIDE,0.0,0.0,0.0,0.0,0.0,0.0,0,0,0.0,0.0,,,,,,,,,,,,
3159,2026-04-23T08:24:56.557Z,S20260423_092137,N/A,AUTO,,198.6803,0.0637,N/A,0,1500,VIDE,0.0,0.0,0.0,0.0,0.0,0.0,0,0,0.0,0.0,,,,,,,,,,,,
3160,2026-04-23T08:24:56.619Z,S20260423_092137,N/A,AUTO,,198.7423,0.0619,N/A,0,1500,VIDE,0.0,0.0,0.0,0.0,0.0,0.0,0,0,0.0,0.0,,,,,,,,,,,,
3161,2026-04-23T08:24:56.682Z,S20260423_092137,N/A,AUTO,,198.8056,0.0634,N/A,0,1500,VIDE,0.0,0.0,0.0,0.0,0.0,0.0,0,0,0.0,0.0,,,,,,,,,,,,
3162,2026-04-23T08:24:56.745Z,S20260423_092137,N/A,AUTO,,198.8688,0.0631,N/A,0,1500,VIDE,0.0,0.0,0.0,0.0,0.0,0.0,0,0,0.0,0.0,,,,,,,,,,,,
3163,2026-04-23T08:24:56.806Z,S20260423_092137,N/A,AUTO,,198.9299,0.061,N/A,0,1500,VIDE,0.0,0.0,0.0,0.0,0.0,0.0,0,0,0.0,0.0,,,,,,,,,,,,
3164,2026-04-23T08:24:56.867Z,S20260423_092137,N/A,AUTO,,198.991,0.0612,N/A,0,1500,VIDE,0.0,0.0,0.0,0.0,0.0,0.0,0,0,0.0,0.0,,,,,,,,,,,,
3165,2026-04-23T08:24:56.929Z,S20260423_092137,N/A,AUTO,,199.0531,0.0621,N/A,0,1500,VIDE,0.0,0.0,0.0,0.0,0.0,0.0,0,0,0.0,0.0,,,,,,,,,,,,
3166,2026-04-23T08:24:56.992Z,S20260423_092137,N/A,AUTO,,199.1156,0.0625,N/A,0,1500,VIDE,0.0,0.0,0.0,0.0,0.0,0.0,0,0,0.0,0.0,,,,,,,,,,,,
3167,2026-04-23T08:24:57.053Z,S20260423_092137,N/A,AUTO,,199.177,0.0614,N/A,0,1500,VIDE,0.0,0.0,0.0,0.0,0.0,0.0,0,0,0.0,0.0,,,,,,,,,,,,
3168,2026-04-23T08:24:57.116Z,S20260423_092137,N/A,AUTO,,199.2399,0.0628,N/A,0,1500,VIDE,0.0,0.0,0.0,0.0,0.0,0.0,0,0,0.0,0.0,,,,,,,,,,,,
3169,2026-04-23T08:24:57.179Z,S20260423_092137,N/A,AUTO,,199.3028,0.063,N/A,0,1500,VIDE,0.0,0.0,0.0,0.0,0.0,0.0,0,0,0.0,0.0,,,,,,,,,,,,
3170,2026-04-23T08:24:57.255Z,S20260423_092137,N/A,AUTO,,199.3791,0.0762,N/A,0,1500,VIDE,0.0,0.0,0.0,0.0,0.0,0.0,0,0,0.0,0.0,,,,,,,,,,,,
3171,2026-04-23T08:24:57.333Z,S20260423_092137,N/A,AUTO,,199.4565,0.0774,N/A,0,1500,VIDE,0.0,0.0,0.0,0.0,0.0,0.0,0,0,0.0,0.0,,,,,,,,,,,,
3172,2026-04-23T08:24:57.394Z,S20260423_092137,N/A,AUTO,,199.518,0.0615,N/A,0,1500,VIDE,0.0,0.0,0.0,0.0,0.0,0.0,0,0,0.0,0.0,,,,,,,,,,,,
3173,2026-04-23T08:24:57.457Z,S20260423_092137,N/A,AUTO,,199.5804,0.0624,N/A,0,1500,VIDE,0.0,0.0,0.0,0.0,0.0,0.0,0,0,0.0,0.0,,,,,,,,,,,,
3174,2026-04-23T08:24:57.518Z,S20260423_092137,N/A,AUTO,,199.6416,0.0612,N/A,0,1500,VIDE,0.0,0.0,0.0,0.0,0.0,0.0,0,0,0.0,0.0,,,,,,,,,,,,
3175,2026-04-23T08:24:57.581Z,S20260423_092137,N/A,AUTO,,199.7044,0.0628,N/A,0,1500,VIDE,0.0,0.0,0.0,0.0,0.0,0.0,0,0,0.0,0.0,,,,,,,,,,,,
3176,2026-04-23T08:24:57.643Z,S20260423_092137,N/A,AUTO,,199.7665,0.0621,N/A,0,1500,VIDE,0.0,0.0,0.0,0.0,0.0,0.0,0,0,0.0,0.0,,,,,,,,,,,,
3177,2026-04-23T08:24:57.706Z,S20260423_092137,N/A,AUTO,,199.8292,0.0627,N/A,0,1500,VIDE,0.0,0.0,0.0,0.0,0.0,0.0,0,0,0.0,0.0,,,,,,,,,,,,
3178,2026-04-23T08:24:57.768Z,S20260423_092137,N/A,AUTO,,199.8914,0.0622,N/A,0,1500,VIDE,0.0,0.0,0.0,0.0,0.0,0.0,0,0,0.0,0.0,,,,,,,,,,,,
3179,2026-04-23T08:24:57.830Z,S20260423_092137,N/A,AUTO,,199.9539,0.0625,N/A,0,1500,VIDE,0.0,0.0,0.0,0.0,0.0,0.0,0,0,0.0,0.0,,,,,,,,,,,,
3180,2026-04-23T08:24:57.892Z,S20260423_092137,N/A,AUTO,,200.0162,0.0622,N/A,0,1500,VIDE,0.0,0.0,0.0,0.0,0.0,0.0,0,0,0.0,0.0,,,,,,,,,,,,
3181,2026-04-23T08:24:57.954Z,S20260423_092137,N/A,AUTO,,200.078,0.062,N/A,0,1500,VIDE,0.0,0.0,0.0,0.0,0.0,0.0,0,0,0.0,0.0,,,,,,,,,,,,
3182,2026-04-23T08:24:58.015Z,S20260423_092137,N/A,AUTO,,200.1391,0.0611,N/A,0,1500,VIDE,0.0,0.0,0.0,0.0,0.0,0.0,0,0,0.0,0.0,,,,,,,,,,,,
3183,2026-04-23T08:24:58.079Z,S20260423_092137,N/A,AUTO,,200.2023,0.0632,N/A,0,1500,VIDE,0.0,0.0,0.0,0.0,0.0,0.0,0,0,0.0,0.0,,,,,,,,,,,,
3184,2026-04-23T08:24:58.140Z,S20260423_092137,N/A,AUTO,,200.2636,0.0613,N/A,0,1500,VIDE,0.0,0.0,0.0,0.0,0.0,0.0,0,0,0.0,0.0,,,,,,,,,,,,
3185,2026-04-23T08:24:58.201Z,S20260423_092137,N/A,AUTO,,200.3247,0.0611,N/A,0,1500,VIDE,0.0,0.0,0.0,0.0,0.0,0.0,0,0,0.0,0.0,,,,,,,,,,,,
3186,2026-04-23T08:24:58.264Z,S20260423_092137,N/A,AUTO,,200.3876,0.0629,N/A,0,1500,VIDE,0.0,0.0,0.0,0.0,0.0,0.0,0,0,0.0,0.0,,,,,,,,,,,,
3187,2026-04-23T08:24:58.324Z,S20260423_092137,N/A,AUTO,,200.4479,0.0603,N/A,0,1500,VIDE,0.0,0.0,0.0,0.0,0.0,0.0,0,0,0.0,0.0,,,,,,,,,,,,
3188,2026-04-23T08:24:58.385Z,S20260423_092137,N/A,AUTO,,200.5085,0.0606,N/A,0,1500,VIDE,0.0,0.0,0.0,0.0,0.0,0.0,0,0,0.0,0.0,,,,,,,,,,,,
3189,2026-04-23T08:24:58.446Z,S20260423_092137,N/A,AUTO,,200.5699,0.0614,N/A,0,1500,VIDE,0.0,0.0,0.0,0.0,0.0,0.0,0,0,0.0,0.0,,,,,,,,,,,,
3190,2026-04-23T08:24:58.509Z,S20260423_092137,N/A,AUTO,,200.6325,0.0626,N/A,0,1500,VIDE,0.0,0.0,0.0,0.0,0.0,0.0,0,0,0.0,0.0,,,,,,,,,,,,
3191,2026-04-23T08:24:58.572Z,S20260423_092137,N/A,AUTO,,200.6952,0.0627,N/A,0,1500,VIDE,0.0,0.0,0.0,0.0,0.0,0.0,0,0,0.0,0.0,,,,,,,,,,,,
3192,2026-04-23T08:24:58.632Z,S20260423_092137,N/A,AUTO,,200.7561,0.0609,N/A,0,1500,VIDE,0.0,0.0,0.0,0.0,0.0,0.0,0,0,0.0,0.0,,,,,,,,,,,,
3193,2026-04-23T08:24:58.696Z,S20260423_092137,N/A,AUTO,,200.82,0.0639,N/A,0,1500,VIDE,0.0,0.0,0.0,0.0,0.0,0.0,0,0,0.0,0.0,,,,,,,,,,,,
3194,2026-04-23T08:24:58.759Z,S20260423_092137,N/A,AUTO,,200.8824,0.0623,N/A,0,1500,VIDE,0.0,0.0,0.0,0.0,0.0,0.0,0,0,0.0,0.0,,,,,,,,,,,,
3195,2026-04-23T08:24:58.819Z,S20260423_092137,N/A,AUTO,,200.9427,0.0602,N/A,0,1500,VIDE,0.0,0.0,0.0,0.0,0.0,0.0,0,0,0.0,0.0,,,,,,,,,,,,
3196,2026-04-23T08:24:58.881Z,S20260423_092137,N/A,AUTO,,201.0046,0.062,N/A,0,1500,VIDE,0.0,0.0,0.0,0.0,0.0,0.0,0,0,0.0,0.0,,,,,,,,,,,,
3197,2026-04-23T08:24:58.958Z,S20260423_092137,N/A,AUTO,,201.0817,0.0771,N/A,0,1500,VIDE,0.0,0.0,0.0,0.0,0.0,0.0,0,0,0.0,0.0,,,,,,,,,,,,
3198,2026-04-23T08:24:59.018Z,S20260423_092137,N/A,AUTO,,201.142,0.0603,N/A,0,1500,VIDE,0.0,0.0,0.0,0.0,0.0,0.0,0,0,0.0,0.0,,,,,,,,,,,,
3199,2026-04-23T08:24:59.080Z,S20260423_092137,N/A,AUTO,,201.2033,0.0614,N/A,0,1500,VIDE,0.0,0.0,0.0,0.0,0.0,0.0,0,0,0.0,0.0,,,,,,,,,,,,
3200,2026-04-23T08:24:59.143Z,S20260423_092137,N/A,AUTO,,201.2663,0.0629,N/A,0,1500,VIDE,0.0,0.0,0.0,0.0,0.0,0.0,0,0,0.0,0.0,,,,,,,,,,,,
3201,2026-04-23T08:24:59.207Z,S20260423_092137,N/A,AUTO,,201.3305,0.0642,N/A,0,1500,VIDE,0.0,0.0,0.0,0.0,0.0,0.0,0,0,0.0,0.0,,,,,,,,,,,,
3202,2026-04-23T08:24:59.268Z,S20260423_092137,N/A,AUTO,,201.3913,0.0608,N/A,0,1500,VIDE,0.0,0.0,0.0,0.0,0.0,0.0,0,0,0.0,0.0,,,,,,,,,,,,
3203,2026-04-23T08:24:59.330Z,S20260423_092137,N/A,AUTO,,201.4541,0.0627,N/A,0,1500,VIDE,0.0,0.0,0.0,0.0,0.0,0.0,0,0,0.0,0.0,,,,,,,,,,,,
3204,2026-04-23T08:24:59.392Z,S20260423_092137,N/A,AUTO,,201.5154,0.0613,N/A,0,1500,VIDE,0.0,0.0,0.0,0.0,0.0,0.0,0,0,0.0,0.0,,,,,,,,,,,,
3205,2026-04-23T08:24:59.454Z,S20260423_092137,N/A,AUTO,,201.5777,0.0624,N/A,0,1500,VIDE,0.0,0.0,0.0,0.0,0.0,0.0,0,0,0.0,0.0,,,,,,,,,,,,
3206,2026-04-23T08:24:59.515Z,S20260423_092137,N/A,AUTO,,201.6382,0.0605,N/A,0,1500,VIDE,0.0,0.0,0.0,0.0,0.0,0.0,0,0,0.0,0.0,,,,,,,,,,,,
3207,2026-04-23T08:24:59.577Z,S20260423_092137,N/A,AUTO,,201.7005,0.0624,N/A,0,1500,VIDE,0.0,0.0,0.0,0.0,0.0,0.0,0,0,0.0,0.0,,,,,,,,,,,,
3208,2026-04-23T08:24:59.637Z,S20260423_092137,N/A,AUTO,,201.7605,0.0599,N/A,0,1500,VIDE,0.0,0.0,0.0,0.0,0.0,0.0,0,0,0.0,0.0,,,,,,,,,,,,
3209,2026-04-23T08:24:59.693Z,S20260423_092137,N/A,AUTO,,201.8166,0.0561,N/A,0,1500,VIDE,0.0,0.0,0.0,0.0,0.0,0.0,0,0,0.0,0.0,,,,,,,,,,,,
3210,2026-04-23T08:24:59.757Z,S20260423_092137,N/A,AUTO,,201.8802,0.0636,N/A,0,1500,VIDE,0.0,0.0,0.0,0.0,0.0,0.0,0,0,0.0,0.0,,,,,,,,,,,,
3211,2026-04-23T08:24:59.821Z,S20260423_092137,N/A,AUTO,,201.9445,0.0642,N/A,0,1500,VIDE,0.0,0.0,0.0,0.0,0.0,0.0,0,0,0.0,0.0,,,,,,,,,,,,
3212,2026-04-23T08:24:59.885Z,S20260423_092137,N/A,AUTO,,202.0086,0.0642,N/A,0,1500,VIDE,0.0,0.0,0.0,0.0,0.0,0.0,0,0,0.0,0.0,,,,,,,,,,,,
3213,2026-04-23T08:24:59.950Z,S20260423_092137,N/A,AUTO,,202.0736,0.065,N/A,0,1500,VIDE,0.0,0.0,0.0,0.0,0.0,0.0,0,0,0.0,0.0,,,,,,,,,,,,
3214,2026-04-23T08:25:00.007Z,S20260423_092137,N/A,AUTO,,202.1306,0.057,N/A,0,1500,VIDE,0.0,0.0,0.0,0.0,0.0,0.0,0,0,0.0,0.0,,,,,,,,,,,,
3215,2026-04-23T08:25:00.069Z,S20260423_092137,N/A,AUTO,,202.1929,0.0622,N/A,0,1500,VIDE,0.0,0.0,0.0,0.0,0.0,0.0,0,0,0.0,0.0,,,,,,,,,,,,
3216,2026-04-23T08:25:00.138Z,S20260423_092137,N/A,AUTO,,202.2617,0.0688,N/A,0,1500,VIDE,0.0,0.0,0.0,0.0,0.0,0.0,0,0,0.0,0.0,,,,,,,,,,,,
3217,2026-04-23T08:25:00.201Z,S20260423_092137,N/A,AUTO,,202.3244,0.0627,N/A,0,1500,VIDE,0.0,0.0,0.0,0.0,0.0,0.0,0,0,0.0,0.0,,,,,,,,,,,,
3218,2026-04-23T08:25:00.262Z,S20260423_092137,N/A,AUTO,,202.386,0.0616,N/A,0,1500,VIDE,0.0,0.0,0.0,0.0,0.0,0.0,0,0,0.0,0.0,,,,,,,,,,,,
3219,2026-04-23T08:25:00.323Z,S20260423_092137,N/A,AUTO,,202.4471,0.061,N/A,0,1500,VIDE,0.0,0.0,0.0,0.0,0.0,0.0,0,0,0.0,0.0,,,,,,,,,,,,
3220,2026-04-23T08:25:00.385Z,S20260423_092137,N/A,AUTO,,202.5091,0.062,N/A,0,1500,VIDE,0.0,0.0,0.0,0.0,0.0,0.0,0,0,0.0,0.0,,,,,,,,,,,,
3221,2026-04-23T08:25:00.449Z,S20260423_092137,N/A,AUTO,,202.5722,0.0631,N/A,0,1500,VIDE,0.0,0.0,0.0,0.0,0.0,0.0,0,0,0.0,0.0,,,,,,,,,,,,
3222,2026-04-23T08:25:00.511Z,S20260423_092137,N/A,AUTO,,202.6343,0.0621,N/A,0,1500,VIDE,0.0,0.0,0.0,0.0,0.0,0.0,0,0,0.0,0.0,,,,,,,,,,,,
3223,2026-04-23T08:25:00.573Z,S20260423_092137,N/A,AUTO,,202.6966,0.0623,N/A,0,1500,VIDE,0.0,0.0,0.0,0.0,0.0,0.0,0,0,0.0,0.0,,,,,,,,,,,,
3224,2026-04-23T08:25:00.634Z,S20260423_092137,N/A,AUTO,,202.7581,0.0615,N/A,0,1500,VIDE,0.0,0.0,0.0,0.0,0.0,0.0,0,0,0.0,0.0,,,,,,,,,,,,
3225,2026-04-23T08:25:00.698Z,S20260423_092137,N/A,AUTO,,202.8212,0.0631,N/A,0,1500,VIDE,0.0,0.0,0.0,0.0,0.0,0.0,0,0,0.0,0.0,,,,,,,,,,,,
3226,2026-04-23T08:25:00.761Z,S20260423_092137,N/A,AUTO,,202.8844,0.0632,N/A,0,1500,VIDE,0.0,0.0,0.0,0.0,0.0,0.0,0,0,0.0,0.0,,,,,,,,,,,,
3227,2026-04-23T08:25:00.820Z,S20260423_092137,N/A,AUTO,,202.9441,0.0598,N/A,0,1500,VIDE,0.0,0.0,0.0,0.0,0.0,0.0,0,0,0.0,0.0,,,,,,,,,,,,
3228,2026-04-23T08:25:00.887Z,S20260423_092137,N/A,AUTO,,203.0104,0.0663,N/A,0,1500,VIDE,0.0,0.0,0.0,0.0,0.0,0.0,0,0,0.0,0.0,,,,,,,,,,,,
3229,2026-04-23T08:25:00.949Z,S20260423_092137,N/A,AUTO,,203.0731,0.0627,N/A,0,1500,VIDE,0.0,0.0,0.0,0.0,0.0,0.0,0,0,0.0,0.0,,,,,,,,,,,,
3230,2026-04-23T08:25:01.012Z,S20260423_092137,N/A,AUTO,,203.1352,0.0622,N/A,0,1500,VIDE,0.0,0.0,0.0,0.0,0.0,0.0,0,0,0.0,0.0,,,,,,,,,,,,
3231,2026-04-23T08:25:01.073Z,S20260423_092137,N/A,AUTO,,203.1968,0.0616,N/A,0,1500,VIDE,0.0,0.0,0.0,0.0,0.0,0.0,0,0,0.0,0.0,,,,,,,,,,,,
3232,2026-04-23T08:25:01.135Z,S20260423_092137,N/A,AUTO,,203.2585,0.0617,N/A,0,1500,VIDE,0.0,0.0,0.0,0.0,0.0,0.0,0,0,0.0,0.0,,,,,,,,,,,,
3233,2026-04-23T08:25:01.197Z,S20260423_092137,N/A,AUTO,,203.3206,0.062,N/A,0,1500,VIDE,0.0,0.0,0.0,0.0,0.0,0.0,0,0,0.0,0.0,,,,,,,,,,,,
3234,2026-04-23T08:25:01.258Z,S20260423_092137,N/A,AUTO,,203.3816,0.061,N/A,0,1500,VIDE,0.0,0.0,0.0,0.0,0.0,0.0,0,0,0.0,0.0,,,,,,,,,,,,
3235,2026-04-23T08:25:01.321Z,S20260423_092137,N/A,AUTO,,203.4447,0.0631,N/A,0,1500,VIDE,0.0,0.0,0.0,0.0,0.0,0.0,0,0,0.0,0.0,,,,,,,,,,,,
3236,2026-04-23T08:25:01.382Z,S20260423_092137,N/A,AUTO,,203.5056,0.0609,N/A,0,1500,VIDE,0.0,0.0,0.0,0.0,0.0,0.0,0,0,0.0,0.0,,,,,,,,,,,,
3237,2026-04-23T08:25:01.443Z,S20260423_092137,N/A,AUTO,,203.567,0.0614,N/A,0,1500,VIDE,0.0,0.0,0.0,0.0,0.0,0.0,0,0,0.0,0.0,,,,,,,,,,,,
3238,2026-04-23T08:25:01.521Z,S20260423_092137,N/A,AUTO,,203.6442,0.0773,N/A,0,1500,VIDE,0.0,0.0,0.0,0.0,0.0,0.0,0,0,0.0,0.0,,,,,,,,,,,,
3239,2026-04-23T08:25:01.583Z,S20260423_092137,N/A,AUTO,,203.7065,0.0623,N/A,0,1500,VIDE,0.0,0.0,0.0,0.0,0.0,0.0,0,0,0.0,0.0,,,,,,,,,,,,
3240,2026-04-23T08:25:01.646Z,S20260423_092137,N/A,AUTO,,203.7692,0.0627,N/A,0,1500,VIDE,0.0,0.0,0.0,0.0,0.0,0.0,0,0,0.0,0.0,,,,,,,,,,,,
3241,2026-04-23T08:25:01.707Z,S20260423_092137,N/A,AUTO,,203.8308,0.0615,N/A,0,1500,VIDE,0.0,0.0,0.0,0.0,0.0,0.0,0,0,0.0,0.0,,,,,,,,,,,,
3242,2026-04-23T08:25:01.770Z,S20260423_092137,N/A,AUTO,,203.8938,0.063,N/A,0,1500,VIDE,0.0,0.0,0.0,0.0,0.0,0.0,0,0,0.0,0.0,,,,,,,,,,,,
3243,2026-04-23T08:25:01.830Z,S20260423_092137,N/A,AUTO,,203.954,0.0602,N/A,0,1500,VIDE,0.0,0.0,0.0,0.0,0.0,0.0,0,0,0.0,0.0,,,,,,,,,,,,
3244,2026-04-23T08:25:01.891Z,S20260423_092137,N/A,AUTO,,204.0149,0.0608,N/A,0,1500,VIDE,0.0,0.0,0.0,0.0,0.0,0.0,0,0,0.0,0.0,,,,,,,,,,,,
3245,2026-04-23T08:25:01.954Z,S20260423_092137,N/A,AUTO,,204.0781,0.0633,N/A,0,1500,VIDE,0.0,0.0,0.0,0.0,0.0,0.0,0,0,0.0,0.0,,,,,,,,,,,,
3246,2026-04-23T08:25:02.015Z,S20260423_092137,N/A,AUTO,,204.1387,0.0606,N/A,0,1500,VIDE,0.0,0.0,0.0,0.0,0.0,0.0,0,0,0.0,0.0,,,,,,,,,,,,
3247,2026-04-23T08:25:02.078Z,S20260423_092137,N/A,AUTO,,204.2015,0.0627,N/A,0,1500,VIDE,0.0,0.0,0.0,0.0,0.0,0.0,0,0,0.0,0.0,,,,,,,,,,,,
3248,2026-04-23T08:25:02.140Z,S20260423_092137,N/A,AUTO,,204.2639,0.0625,N/A,0,1500,VIDE,0.0,0.0,0.0,0.0,0.0,0.0,0,0,0.0,0.0,,,,,,,,,,,,
3249,2026-04-23T08:25:02.203Z,S20260423_092137,N/A,AUTO,,204.3268,0.0629,N/A,0,1500,VIDE,0.0,0.0,0.0,0.0,0.0,0.0,0,0,0.0,0.0,,,,,,,,,,,,
3250,2026-04-23T08:25:02.265Z,S20260423_092137,N/A,AUTO,,204.3891,0.0623,N/A,0,1500,VIDE,0.0,0.0,0.0,0.0,0.0,0.0,0,0,0.0,0.0,,,,,,,,,,,,
3251,2026-04-23T08:25:02.327Z,S20260423_092137,N/A,AUTO,,204.4505,0.0614,N/A,0,1500,VIDE,0.0,0.0,0.0,0.0,0.0,0.0,0,0,0.0,0.0,,,,,,,,,,,,
3252,2026-04-23T08:25:02.390Z,S20260423_092137,N/A,AUTO,,204.5132,0.0626,N/A,0,1500,VIDE,0.0,0.0,0.0,0.0,0.0,0.0,0,0,0.0,0.0,,,,,,,,,,,,
3253,2026-04-23T08:25:02.451Z,S20260423_092137,N/A,AUTO,,204.5751,0.0619,N/A,0,1500,VIDE,0.0,0.0,0.0,0.0,0.0,0.0,0,0,0.0,0.0,,,,,,,,,,,,
3254,2026-04-23T08:25:02.512Z,S20260423_092137,N/A,AUTO,,204.6361,0.061,N/A,0,1500,VIDE,0.0,0.0,0.0,0.0,0.0,0.0,0,0,0.0,0.0,,,,,,,,,,,,
3255,2026-04-23T08:25:02.576Z,S20260423_092137,N/A,AUTO,,204.6995,0.0634,N/A,0,1500,VIDE,0.0,0.0,0.0,0.0,0.0,0.0,0,0,0.0,0.0,,,,,,,,,,,,
3256,2026-04-23T08:25:02.639Z,S20260423_092137,N/A,AUTO,,204.7626,0.0631,N/A,0,1500,VIDE,0.0,0.0,0.0,0.0,0.0,0.0,0,0,0.0,0.0,,,,,,,,,,,,
3257,2026-04-23T08:25:02.701Z,S20260423_092137,N/A,AUTO,,204.8249,0.0623,N/A,0,1500,VIDE,0.0,0.0,0.0,0.0,0.0,0.0,0,0,0.0,0.0,,,,,,,,,,,,
3258,2026-04-23T08:25:02.765Z,S20260423_092137,N/A,AUTO,,204.8882,0.0634,N/A,0,1500,VIDE,0.0,0.0,0.0,0.0,0.0,0.0,0,0,0.0,0.0,,,,,,,,,,,,
3259,2026-04-23T08:25:02.825Z,S20260423_092137,N/A,AUTO,,204.9488,0.0605,N/A,0,1500,VIDE,0.0,0.0,0.0,0.0,0.0,0.0,0,0,0.0,0.0,,,,,,,,,,,,
3260,2026-04-23T08:25:02.886Z,S20260423_092137,N/A,AUTO,,205.0099,0.0611,N/A,0,1500,VIDE,0.0,0.0,0.0,0.0,0.0,0.0,0,0,0.0,0.0,,,,,,,,,,,,
3261,2026-04-23T08:25:02.949Z,S20260423_092137,N/A,AUTO,,205.0729,0.063,N/A,0,1500,VIDE,0.0,0.0,0.0,0.0,0.0,0.0,0,0,0.0,0.0,,,,,,,,,,,,
3262,2026-04-23T08:25:03.009Z,S20260423_092137,N/A,AUTO,,205.1326,0.0597,N/A,0,1500,VIDE,0.0,0.0,0.0,0.0,0.0,0.0,0,0,0.0,0.0,,,,,,,,,,,,
3263,2026-04-23T08:25:03.071Z,S20260423_092137,N/A,AUTO,,205.1945,0.0619,N/A,0,1500,VIDE,0.0,0.0,0.0,0.0,0.0,0.0,0,0,0.0,0.0,,,,,,,,,,,,
3264,2026-04-23T08:25:03.132Z,S20260423_092137,N/A,AUTO,,205.2556,0.0611,N/A,0,1500,VIDE,0.0,0.0,0.0,0.0,0.0,0.0,0,0,0.0,0.0,,,,,,,,,,,,
3265,2026-04-23T08:25:03.195Z,S20260423_092137,N/A,AUTO,,205.3188,0.0632,N/A,0,1500,VIDE,0.0,0.0,0.0,0.0,0.0,0.0,0,0,0.0,0.0,,,,,,,,,,,,
3266,2026-04-23T08:25:03.271Z,S20260423_092137,N/A,AUTO,,205.3947,0.0759,N/A,0,1500,VIDE,0.0,0.0,0.0,0.0,0.0,0.0,0,0,0.0,0.0,,,,,,,,,,,,
3267,2026-04-23T08:25:03.347Z,S20260423_092137,N/A,AUTO,,205.4705,0.0758,N/A,0,1500,VIDE,0.0,0.0,0.0,0.0,0.0,0.0,0,0,0.0,0.0,,,,,,,,,,,,
3268,2026-04-23T08:25:03.409Z,S20260423_092137,N/A,AUTO,,205.5327,0.0623,N/A,0,1500,VIDE,0.0,0.0,0.0,0.0,0.0,0.0,0,0,0.0,0.0,,,,,,,,,,,,
3269,2026-04-23T08:25:03.471Z,S20260423_092137,N/A,AUTO,,205.5947,0.062,N/A,0,1500,VIDE,0.0,0.0,0.0,0.0,0.0,0.0,0,0,0.0,0.0,,,,,,,,,,,,
3270,2026-04-23T08:25:03.532Z,S20260423_092137,N/A,AUTO,,205.6557,0.061,N/A,0,1500,VIDE,0.0,0.0,0.0,0.0,0.0,0.0,0,0,0.0,0.0,,,,,,,,,,,,
3271,2026-04-23T08:25:03.594Z,S20260423_092137,N/A,AUTO,,205.7174,0.0617,N/A,0,1500,VIDE,0.0,0.0,0.0,0.0,0.0,0.0,0,0,0.0,0.0,,,,,,,,,,,,
3272,2026-04-23T08:25:03.656Z,S20260423_092137,N/A,AUTO,,205.7794,0.062,N/A,0,1500,VIDE,0.0,0.0,0.0,0.0,0.0,0.0,0,0,0.0,0.0,,,,,,,,,,,,
3273,2026-04-23T08:25:03.717Z,S20260423_092137,N/A,AUTO,,205.8411,0.0617,N/A,0,1500,VIDE,0.0,0.0,0.0,0.0,0.0,0.0,0,0,0.0,0.0,,,,,,,,,,,,
3274,2026-04-23T08:25:03.780Z,S20260423_092137,N/A,AUTO,,205.904,0.0628,N/A,0,1500,VIDE,0.0,0.0,0.0,0.0,0.0,0.0,0,0,0.0,0.0,,,,,,,,,,,,
3275,2026-04-23T08:25:03.837Z,S20260423_092137,N/A,AUTO,,205.9608,0.0568,N/A,0,1500,VIDE,0.0,0.0,0.0,0.0,0.0,0.0,0,0,0.0,0.0,,,,,,,,,,,,
3276,2026-04-23T08:25:03.901Z,S20260423_092137,N/A,AUTO,,206.0248,0.064,N/A,0,1500,VIDE,0.0,0.0,0.0,0.0,0.0,0.0,0,0,0.0,0.0,,,,,,,,,,,,
3277,2026-04-23T08:25:03.966Z,S20260423_092137,N/A,AUTO,,206.0895,0.0646,N/A,0,1500,VIDE,0.0,0.0,0.0,0.0,0.0,0.0,0,0,0.0,0.0,,,,,,,,,,,,
3278,2026-04-23T08:25:04.029Z,S20260423_092137,N/A,AUTO,,206.1527,0.0633,N/A,0,1500,VIDE,0.0,0.0,0.0,0.0,0.0,0.0,0,0,0.0,0.0,,,,,,,,,,,,
3279,2026-04-23T08:25:04.085Z,S20260423_092137,N/A,AUTO,,206.2087,0.056,N/A,0,1500,VIDE,0.0,0.0,0.0,0.0,0.0,0.0,0,0,0.0,0.0,,,,,,,,,,,,
3280,2026-04-23T08:25:04.149Z,S20260423_092137,N/A,AUTO,,206.2726,0.0639,N/A,0,1500,VIDE,0.0,0.0,0.0,0.0,0.0,0.0,0,0,0.0,0.0,,,,,,,,,,,,
3281,2026-04-23T08:25:04.213Z,S20260423_092137,N/A,AUTO,,206.3366,0.0639,N/A,0,1500,VIDE,0.0,0.0,0.0,0.0,0.0,0.0,0,0,0.0,0.0,,,,,,,,,,,,
3282,2026-04-23T08:25:04.277Z,S20260423_092137,N/A,AUTO,,206.4007,0.0641,N/A,0,1500,VIDE,0.0,0.0,0.0,0.0,0.0,0.0,0,0,0.0,0.0,,,,,,,,,,,,
3283,2026-04-23T08:25:04.334Z,S20260423_092137,N/A,AUTO,,206.4581,0.0574,N/A,0,1500,VIDE,0.0,0.0,0.0,0.0,0.0,0.0,0,0,0.0,0.0,,,,,,,,,,,,
3284,2026-04-23T08:25:04.397Z,S20260423_092137,N/A,AUTO,,206.5209,0.0628,N/A,0,1500,VIDE,0.0,0.0,0.0,0.0,0.0,0.0,0,0,0.0,0.0,,,,,,,,,,,,
3285,2026-04-23T08:25:04.461Z,S20260423_092137,N/A,AUTO,,206.5849,0.0639,N/A,0,1500,VIDE,0.0,0.0,0.0,0.0,0.0,0.0,0,0,0.0,0.0,,,,,,,,,,,,
3286,2026-04-23T08:25:04.525Z,S20260423_092137,N/A,AUTO,,206.6487,0.0639,N/A,0,1500,VIDE,0.0,0.0,0.0,0.0,0.0,0.0,0,0,0.0,0.0,,,,,,,,,,,,
3287,2026-04-23T08:25:04.588Z,S20260423_092137,N/A,AUTO,,206.7114,0.0627,N/A,0,1500,VIDE,0.0,0.0,0.0,0.0,0.0,0.0,0,0,0.0,0.0,,,,,,,,,,,,
3288,2026-04-23T08:25:04.646Z,S20260423_092137,N/A,AUTO,,206.7699,0.0585,N/A,0,1500,VIDE,0.0,0.0,0.0,0.0,0.0,0.0,0,0,0.0,0.0,,,,,,,,,,,,
3289,2026-04-23T08:25:04.712Z,S20260423_092137,N/A,AUTO,,206.8353,0.0654,N/A,0,1500,VIDE,0.0,0.0,0.0,0.0,0.0,0.0,0,0,0.0,0.0,,,,,,,,,,,,
3290,2026-04-23T08:25:04.775Z,S20260423_092137,N/A,AUTO,,206.8985,0.0631,N/A,0,1500,VIDE,0.0,0.0,0.0,0.0,0.0,0.0,0,0,0.0,0.0,,,,,,,,,,,,
3291,2026-04-23T08:25:04.837Z,S20260423_092137,N/A,AUTO,,206.9609,0.0624,N/A,0,1500,VIDE,0.0,0.0,0.0,0.0,0.0,0.0,0,0,0.0,0.0,,,,,,,,,,,,
3292,2026-04-23T08:25:04.898Z,S20260423_092137,N/A,AUTO,,207.0217,0.0609,N/A,0,1500,VIDE,0.0,0.0,0.0,0.0,0.0,0.0,0,0,0.0,0.0,,,,,,,,,,,,
3293,2026-04-23T08:25:04.959Z,S20260423_092137,N/A,AUTO,,207.0829,0.0612,N/A,0,1500,VIDE,0.0,0.0,0.0,0.0,0.0,0.0,0,0,0.0,0.0,,,,,,,,,,,,
3294,2026-04-23T08:25:05.023Z,S20260423_092137,N/A,AUTO,,207.1468,0.0639,N/A,0,1500,VIDE,0.0,0.0,0.0,0.0,0.0,0.0,0,0,0.0,0.0,,,,,,,,,,,,
3295,2026-04-23T08:25:05.097Z,S20260423_092137,N/A,AUTO,,207.2205,0.0736,N/A,0,1500,VIDE,0.0,0.0,0.0,0.0,0.0,0.0,0,0,0.0,0.0,,,,,,,,,,,,
3296,2026-04-23T08:25:05.157Z,S20260423_092137,N/A,AUTO,,207.2809,0.0605,N/A,0,1500,VIDE,0.0,0.0,0.0,0.0,0.0,0.0,0,0,0.0,0.0,,,,,,,,,,,,
3297,2026-04-23T08:25:05.213Z,S20260423_092137,N/A,AUTO,,207.3367,0.0558,N/A,0,1500,VIDE,0.0,0.0,0.0,0.0,0.0,0.0,0,0,0.0,0.0,,,,,,,,,,,,
3298,2026-04-23T08:25:05.277Z,S20260423_092137,N/A,AUTO,,207.4006,0.0639,N/A,0,1500,VIDE,0.0,0.0,0.0,0.0,0.0,0.0,0,0,0.0,0.0,,,,,,,,,,,,
3299,2026-04-23T08:25:05.342Z,S20260423_092137,N/A,AUTO,,207.466,0.0654,N/A,0,1500,VIDE,0.0,0.0,0.0,0.0,0.0,0.0,0,0,0.0,0.0,,,,,,,,,,,,
3300,2026-04-23T08:25:05.406Z,S20260423_092137,N/A,AUTO,,207.5296,0.0635,N/A,0,1500,VIDE,0.0,0.0,0.0,0.0,0.0,0.0,0,0,0.0,0.0,,,,,,,,,,,,
3301,2026-04-23T08:25:05.469Z,S20260423_092137,N/A,AUTO,,207.5928,0.0632,N/A,0,1500,VIDE,0.0,0.0,0.0,0.0,0.0,0.0,0,0,0.0,0.0,,,,,,,,,,,,
3302,2026-04-23T08:25:05.525Z,S20260423_092137,N/A,AUTO,,207.6486,0.0559,N/A,0,1500,VIDE,0.0,0.0,0.0,0.0,0.0,0.0,0,0,0.0,0.0,,,,,,,,,,,,
3303,2026-04-23T08:25:05.595Z,S20260423_092137,N/A,AUTO,,207.7186,0.07,N/A,0,1500,VIDE,0.0,0.0,0.0,0.0,0.0,0.0,0,0,0.0,0.0,,,,,,,,,,,,
3304,2026-04-23T08:25:05.653Z,S20260423_092137,N/A,AUTO,,207.7768,0.0582,N/A,0,1500,VIDE,0.0,0.0,0.0,0.0,0.0,0.0,0,0,0.0,0.0,,,,,,,,,,,,
3305,2026-04-23T08:25:05.721Z,S20260423_092137,N/A,AUTO,,207.8449,0.068,N/A,0,1500,VIDE,0.0,0.0,0.0,0.0,0.0,0.0,0,0,0.0,0.0,,,,,,,,,,,,
3306,2026-04-23T08:25:05.783Z,S20260423_092137,N/A,AUTO,,207.9069,0.062,N/A,0,1500,VIDE,0.0,0.0,0.0,0.0,0.0,0.0,0,0,0.0,0.0,,,,,,,,,,,,
3307,2026-04-23T08:25:05.845Z,S20260423_092137,N/A,AUTO,,207.9685,0.0616,N/A,0,1500,VIDE,0.0,0.0,0.0,0.0,0.0,0.0,0,0,0.0,0.0,,,,,,,,,,,,
3308,2026-04-23T08:25:05.901Z,S20260423_092137,N/A,AUTO,,208.0249,0.0564,N/A,0,1500,VIDE,0.0,0.0,0.0,0.0,0.0,0.0,0,0,0.0,0.0,,,,,,,,,,,,
3309,2026-04-23T08:25:05.965Z,S20260423_092137,N/A,AUTO,,208.0889,0.0641,N/A,0,1500,VIDE,0.0,0.0,0.0,0.0,0.0,0.0,0,0,0.0,0.0,,,,,,,,,,,,
3310,2026-04-23T08:25:06.027Z,S20260423_092137,N/A,AUTO,,208.1508,0.0618,N/A,0,1500,VIDE,0.0,0.0,0.0,0.0,0.0,0.0,0,0,0.0,0.0,,,,,,,,,,,,
3311,2026-04-23T08:25:06.085Z,S20260423_092137,N/A,AUTO,,208.2087,0.0579,N/A,0,1500,VIDE,0.0,0.0,0.0,0.0,0.0,0.0,0,0,0.0,0.0,,,,,,,,,,,,
3312,2026-04-23T08:25:06.149Z,S20260423_092137,N/A,AUTO,,208.2727,0.064,N/A,0,1500,VIDE,0.0,0.0,0.0,0.0,0.0,0.0,0,0,0.0,0.0,,,,,,,,,,,,
3313,2026-04-23T08:25:06.213Z,S20260423_092137,N/A,AUTO,,208.3366,0.0639,N/A,0,1500,VIDE,0.0,0.0,0.0,0.0,0.0,0.0,0,0,0.0,0.0,,,,,,,,,,,,
3314,2026-04-23T08:25:06.277Z,S20260423_092137,N/A,AUTO,,208.4008,0.0642,N/A,0,1500,VIDE,0.0,0.0,0.0,0.0,0.0,0.0,0,0,0.0,0.0,,,,,,,,,,,,
3315,2026-04-23T08:25:06.334Z,S20260423_092137,N/A,AUTO,,208.458,0.0573,N/A,0,1500,VIDE,0.0,0.0,0.0,0.0,0.0,0.0,0,0,0.0,0.0,,,,,,,,,,,,
3316,2026-04-23T08:25:06.397Z,S20260423_092137,N/A,AUTO,,208.5208,0.0628,N/A,0,1500,VIDE,0.0,0.0,0.0,0.0,0.0,0.0,0,0,0.0,0.0,,,,,,,,,,,,
3317,2026-04-23T08:25:06.461Z,S20260423_092137,N/A,AUTO,,208.5847,0.0639,N/A,0,1500,VIDE,0.0,0.0,0.0,0.0,0.0,0.0,0,0,0.0,0.0,,,,,,,,,,,,
3318,2026-04-23T08:25:06.525Z,S20260423_092137,N/A,AUTO,,208.6487,0.064,N/A,0,1500,VIDE,0.0,0.0,0.0,0.0,0.0,0.0,0,0,0.0,0.0,,,,,,,,,,,,
3319,2026-04-23T08:25:06.589Z,S20260423_092137,N/A,AUTO,,208.713,0.0643,N/A,0,1500,VIDE,0.0,0.0,0.0,0.0,0.0,0.0,0,0,0.0,0.0,,,,,,,,,,,,
3320,2026-04-23T08:25:06.646Z,S20260423_092137,N/A,AUTO,,208.7698,0.0568,N/A,0,1500,VIDE,0.0,0.0,0.0,0.0,0.0,0.0,0,0,0.0,0.0,,,,,,,,,,,,
3321,2026-04-23T08:25:06.709Z,S20260423_092137,N/A,AUTO,,208.8327,0.0629,N/A,0,1500,VIDE,0.0,0.0,0.0,0.0,0.0,0.0,0,0,0.0,0.0,,,,,,,,,,,,
3322,2026-04-23T08:25:06.773Z,S20260423_092137,N/A,AUTO,,208.8971,0.0644,N/A,0,1500,VIDE,0.0,0.0,0.0,0.0,0.0,0.0,0,0,0.0,0.0,,,,,,,,,,,,
3323,2026-04-23T08:25:06.839Z,S20260423_092137,N/A,AUTO,,208.9624,0.0653,N/A,0,1500,VIDE,0.0,0.0,0.0,0.0,0.0,0.0,0,0,0.0,0.0,,,,,,,,,,,,
3324,2026-04-23T08:25:06.901Z,S20260423_092137,N/A,AUTO,,209.025,0.0626,N/A,0,1500,VIDE,0.0,0.0,0.0,0.0,0.0,0.0,0,0,0.0,0.0,,,,,,,,,,,,
3325,2026-04-23T08:25:06.964Z,S20260423_092137,N/A,AUTO,,209.0882,0.0631,N/A,0,1500,VIDE,0.0,0.0,0.0,0.0,0.0,0.0,0,0,0.0,0.0,,,,,,,,,,,,
3326,2026-04-23T08:25:07.027Z,S20260423_092137,N/A,AUTO,,209.1504,0.0622,N/A,0,1500,VIDE,0.0,0.0,0.0,0.0,0.0,0.0,0,0,0.0,0.0,,,,,,,,,,,,
3327,2026-04-23T08:25:07.088Z,S20260423_092137,N/A,AUTO,,209.2115,0.0612,N/A,0,1500,VIDE,0.0,0.0,0.0,0.0,0.0,0.0,0,0,0.0,0.0,,,,,,,,,,,,
3328,2026-04-23T08:25:07.150Z,S20260423_092137,N/A,AUTO,,209.2741,0.0626,N/A,0,1500,VIDE,0.0,0.0,0.0,0.0,0.0,0.0,0,0,0.0,0.0,,,,,,,,,,,,
3329,2026-04-23T08:25:07.212Z,S20260423_092137,N/A,AUTO,,209.3353,0.0612,N/A,0,1500,VIDE,0.0,0.0,0.0,0.0,0.0,0.0,0,0,0.0,0.0,,,,,,,,,,,,
3330,2026-04-23T08:25:07.273Z,S20260423_092137,N/A,AUTO,,209.3971,0.0619,N/A,0,1500,VIDE,0.0,0.0,0.0,0.0,0.0,0.0,0,0,0.0,0.0,,,,,,,,,,,,
3331,2026-04-23T08:25:07.335Z,S20260423_092137,N/A,AUTO,,209.4588,0.0616,N/A,0,1500,VIDE,0.0,0.0,0.0,0.0,0.0,0.0,0,0,0.0,0.0,,,,,,,,,,,,
3332,2026-04-23T08:25:07.398Z,S20260423_092137,N/A,AUTO,,209.5218,0.0629,N/A,0,1500,VIDE,0.0,0.0,0.0,0.0,0.0,0.0,0,0,0.0,0.0,,,,,,,,,,,,
3333,2026-04-23T08:25:07.462Z,S20260423_092137,N/A,AUTO,,209.586,0.0643,N/A,0,1500,VIDE,0.0,0.0,0.0,0.0,0.0,0.0,0,0,0.0,0.0,,,,,,,,,,,,
3334,2026-04-23T08:25:07.524Z,S20260423_092137,N/A,AUTO,,209.6476,0.0616,N/A,0,1500,VIDE,0.0,0.0,0.0,0.0,0.0,0.0,0,0,0.0,0.0,,,,,,,,,,,,
3335,2026-04-23T08:25:07.587Z,S20260423_092137,N/A,AUTO,,209.7102,0.0626,N/A,0,1500,VIDE,0.0,0.0,0.0,0.0,0.0,0.0,0,0,0.0,0.0,,,,,,,,,,,,
3336,2026-04-23T08:25:07.648Z,S20260423_092137,N/A,AUTO,,209.7713,0.0612,N/A,0,1500,VIDE,0.0,0.0,0.0,0.0,0.0,0.0,0,0,0.0,0.0,,,,,,,,,,,,
3337,2026-04-23T08:25:07.710Z,S20260423_092137,N/A,AUTO,,209.8339,0.0625,N/A,0,1500,VIDE,0.0,0.0,0.0,0.0,0.0,0.0,0,0,0.0,0.0,,,,,,,,,,,,
3338,2026-04-23T08:25:07.772Z,S20260423_092137,N/A,AUTO,,209.8956,0.0616,N/A,0,1500,VIDE,0.0,0.0,0.0,0.0,0.0,0.0,0,0,0.0,0.0,,,,,,,,,,,,
3339,2026-04-23T08:25:07.835Z,S20260423_092137,N/A,AUTO,,209.9586,0.063,N/A,0,1500,VIDE,0.0,0.0,0.0,0.0,0.0,0.0,0,0,0.0,0.0,,,,,,,,,,,,
3340,2026-04-23T08:25:07.897Z,S20260423_092137,N/A,AUTO,,210.0206,0.062,N/A,0,1500,VIDE,0.0,0.0,0.0,0.0,0.0,0.0,0,0,0.0,0.0,,,,,,,,,,,,
3341,2026-04-23T08:25:07.960Z,S20260423_092137,N/A,AUTO,,210.0832,0.0627,N/A,0,1500,VIDE,0.0,0.0,0.0,0.0,0.0,0.0,0,0,0.0,0.0,,,,,,,,,,,,
3342,2026-04-23T08:25:08.021Z,S20260423_092137,N/A,AUTO,,210.1451,0.0618,N/A,0,1500,VIDE,0.0,0.0,0.0,0.0,0.0,0.0,0,0,0.0,0.0,,,,,,,,,,,,
3343,2026-04-23T08:25:08.084Z,S20260423_092137,N/A,AUTO,,210.2079,0.0628,N/A,0,1500,VIDE,0.0,0.0,0.0,0.0,0.0,0.0,0,0,0.0,0.0,,,,,,,,,,,,
3344,2026-04-23T08:25:08.148Z,S20260423_092137,N/A,AUTO,,210.2712,0.0634,N/A,0,1500,VIDE,0.0,0.0,0.0,0.0,0.0,0.0,0,0,0.0,0.0,,,,,,,,,,,,
3345,2026-04-23T08:25:08.209Z,S20260423_092137,N/A,AUTO,,210.3328,0.0616,N/A,0,1500,VIDE,0.0,0.0,0.0,0.0,0.0,0.0,0,0,0.0,0.0,,,,,,,,,,,,
3346,2026-04-23T08:25:08.271Z,S20260423_092137,N/A,AUTO,,210.3947,0.0619,N/A,0,1500,VIDE,0.0,0.0,0.0,0.0,0.0,0.0,0,0,0.0,0.0,,,,,,,,,,,,
3347,2026-04-23T08:25:08.349Z,S20260423_092137,N/A,AUTO,,210.4723,0.0776,N/A,0,1500,VIDE,0.0,0.0,0.0,0.0,0.0,0.0,0,0,0.0,0.0,,,,,,,,,,,,
3348,2026-04-23T08:25:08.397Z,S20260423_092137,N/A,AUTO,,210.5207,0.0483,N/A,0,1500,VIDE,0.0,0.0,0.0,0.0,0.0,0.0,0,0,0.0,0.0,,,,,,,,,,,,
3349,2026-04-23T08:25:08.461Z,S20260423_092137,N/A,AUTO,,210.5849,0.0642,N/A,0,1500,VIDE,0.0,0.0,0.0,0.0,0.0,0.0,0,0,0.0,0.0,,,,,,,,,,,,
3350,2026-04-23T08:25:08.532Z,S20260423_092137,N/A,AUTO,,210.6559,0.0711,N/A,0,1500,VIDE,0.0,0.0,0.0,0.0,0.0,0.0,0,0,0.0,0.0,,,,,,,,,,,,
3351,2026-04-23T08:25:08.595Z,S20260423_092137,N/A,AUTO,,210.7186,0.0627,N/A,0,1500,VIDE,0.0,0.0,0.0,0.0,0.0,0.0,0,0,0.0,0.0,,,,,,,,,,,,
3352,2026-04-23T08:25:08.658Z,S20260423_092137,N/A,AUTO,,210.7818,0.0632,N/A,0,1500,VIDE,0.0,0.0,0.0,0.0,0.0,0.0,0,0,0.0,0.0,,,,,,,,,,,,
3353,2026-04-23T08:25:08.722Z,S20260423_092137,N/A,AUTO,,210.8454,0.0635,N/A,0,1500,VIDE,0.0,0.0,0.0,0.0,0.0,0.0,0,0,0.0,0.0,,,,,,,,,,,,
3354,2026-04-23T08:25:08.783Z,S20260423_092137,N/A,AUTO,,210.9067,0.0613,N/A,0,1500,VIDE,0.0,0.0,0.0,0.0,0.0,0.0,0,0,0.0,0.0,,,,,,,,,,,,
3355,2026-04-23T08:25:08.836Z,S20260423_092137,N/A,AUTO,,210.9594,0.0526,N/A,0,1500,VIDE,0.0,0.0,0.0,0.0,0.0,0.0,0,0,0.0,0.0,,,,,,,,,,,,
3356,2026-04-23T08:25:08.910Z,S20260423_092137,N/A,AUTO,,211.0335,0.0741,N/A,0,1500,VIDE,0.0,0.0,0.0,0.0,0.0,0.0,0,0,0.0,0.0,,,,,,,,,,,,
3357,2026-04-23T08:25:08.971Z,S20260423_092137,N/A,AUTO,,211.0944,0.0609,N/A,0,1500,VIDE,0.0,0.0,0.0,0.0,0.0,0.0,0,0,0.0,0.0,,,,,,,,,,,,
3358,2026-04-23T08:25:09.021Z,S20260423_092137,N/A,AUTO,,211.1449,0.0505,N/A,0,1500,VIDE,0.0,0.0,0.0,0.0,0.0,0.0,0,0,0.0,0.0,,,,,,,,,,,,
3359,2026-04-23T08:25:09.095Z,S20260423_092137,N/A,AUTO,,211.2186,0.0737,N/A,0,1500,VIDE,0.0,0.0,0.0,0.0,0.0,0.0,0,0,0.0,0.0,,,,,,,,,,,,
3360,2026-04-23T08:25:09.149Z,S20260423_092137,N/A,AUTO,,211.2727,0.0541,N/A,0,1500,VIDE,0.0,0.0,0.0,0.0,0.0,0.0,0,0,0.0,0.0,,,,,,,,,,,,
3361,2026-04-23T08:25:09.221Z,S20260423_092137,N/A,AUTO,,211.3444,0.0717,N/A,0,1500,VIDE,0.0,0.0,0.0,0.0,0.0,0.0,0,0,0.0,0.0,,,,,,,,,,,,
3362,2026-04-23T08:25:09.283Z,S20260423_092137,N/A,AUTO,,211.4064,0.062,N/A,0,1500,VIDE,0.0,0.0,0.0,0.0,0.0,0.0,0,0,0.0,0.0,,,,,,,,,,,,
3363,2026-04-23T08:25:09.341Z,S20260423_092137,N/A,AUTO,,211.4649,0.0585,N/A,0,1500,VIDE,0.0,0.0,0.0,0.0,0.0,0.0,0,0,0.0,0.0,,,,,,,,,,,,
3364,2026-04-23T08:25:09.409Z,S20260423_092137,N/A,AUTO,,211.5322,0.0673,N/A,0,1500,VIDE,0.0,0.0,0.0,0.0,0.0,0.0,0,0,0.0,0.0,,,,,,,,,,,,
3365,2026-04-23T08:25:09.469Z,S20260423_092137,N/A,AUTO,,211.5932,0.0609,N/A,0,1500,VIDE,0.0,0.0,0.0,0.0,0.0,0.0,0,0,0.0,0.0,,,,,,,,,,,,
3366,2026-04-23T08:25:09.525Z,S20260423_092137,N/A,AUTO,,211.649,0.0559,N/A,0,1500,VIDE,0.0,0.0,0.0,0.0,0.0,0.0,0,0,0.0,0.0,,,,,,,,,,,,
3367,2026-04-23T08:25:09.593Z,S20260423_092137,N/A,AUTO,,211.7169,0.0679,N/A,0,1500,VIDE,0.0,0.0,0.0,0.0,0.0,0.0,0,0,0.0,0.0,,,,,,,,,,,,
3368,2026-04-23T08:25:09.649Z,S20260423_092137,N/A,AUTO,,211.7722,0.0554,N/A,0,1500,VIDE,0.0,0.0,0.0,0.0,0.0,0.0,0,0,0.0,0.0,,,,,,,,,,,,
3369,2026-04-23T08:25:09.711Z,S20260423_092137,N/A,AUTO,,211.8349,0.0626,N/A,0,1500,VIDE,0.0,0.0,0.0,0.0,0.0,0.0,0,0,0.0,0.0,,,,,,,,,,,,
3370,2026-04-23T08:25:09.775Z,S20260423_092137,N/A,AUTO,,211.8982,0.0633,N/A,0,1500,VIDE,0.0,0.0,0.0,0.0,0.0,0.0,0,0,0.0,0.0,,,,,,,,,,,,
3371,2026-04-23T08:25:09.836Z,S20260423_092137,N/A,AUTO,,211.9599,0.0617,N/A,0,1500,VIDE,0.0,0.0,0.0,0.0,0.0,0.0,0,0,0.0,0.0,,,,,,,,,,,,
3372,2026-04-23T08:25:09.902Z,S20260423_092137,N/A,AUTO,,212.0254,0.0656,N/A,0,1500,VIDE,0.0,0.0,0.0,0.0,0.0,0.0,0,0,0.0,0.0,,,,,,,,,,,,
3373,2026-04-23T08:25:09.964Z,S20260423_092137,N/A,AUTO,,212.0883,0.0627,N/A,0,1500,VIDE,0.0,0.0,0.0,0.0,0.0,0.0,0,0,0.0,0.0,,,,,,,,,,,,
3374,2026-04-23T08:25:10.021Z,S20260423_092137,N/A,AUTO,,212.1451,0.0569,N/A,0,1500,VIDE,0.0,0.0,0.0,0.0,0.0,0.0,0,0,0.0,0.0,,,,,,,,,,,,
3375,2026-04-23T08:25:10.086Z,S20260423_092137,N/A,AUTO,,212.2092,0.0641,N/A,0,1500,VIDE,0.0,0.0,0.0,0.0,0.0,0.0,0,0,0.0,0.0,,,,,,,,,,,,
3376,2026-04-23T08:25:10.149Z,S20260423_092137,N/A,AUTO,,212.2729,0.0637,N/A,0,1500,VIDE,0.0,0.0,0.0,0.0,0.0,0.0,0,0,0.0,0.0,,,,,,,,,,,,
3377,2026-04-23T08:25:10.218Z,S20260423_092137,N/A,AUTO,,212.3418,0.0689,N/A,0,1500,VIDE,0.0,0.0,0.0,0.0,0.0,0.0,0,0,0.0,0.0,,,,,,,,,,,,
3378,2026-04-23T08:25:10.281Z,S20260423_092137,N/A,AUTO,,212.4045,0.0627,N/A,0,1500,VIDE,0.0,0.0,0.0,0.0,0.0,0.0,0,0,0.0,0.0,,,,,,,,,,,,
3379,2026-04-23T08:25:10.343Z,S20260423_092137,N/A,AUTO,,212.4667,0.0622,N/A,0,1500,VIDE,0.0,0.0,0.0,0.0,0.0,0.0,0,0,0.0,0.0,,,,,,,,,,,,
3380,2026-04-23T08:25:10.406Z,S20260423_092137,N/A,AUTO,,212.5303,0.0635,N/A,0,1500,VIDE,0.0,0.0,0.0,0.0,0.0,0.0,0,0,0.0,0.0,,,,,,,,,,,,
3381,2026-04-23T08:25:10.463Z,S20260423_092137,N/A,AUTO,,212.5871,0.0569,N/A,0,1500,VIDE,0.0,0.0,0.0,0.0,0.0,0.0,0,0,0.0,0.0,,,,,,,,,,,,
3382,2026-04-23T08:25:10.521Z,S20260423_092137,N/A,AUTO,,212.6444,0.0574,N/A,0,1500,VIDE,0.0,0.0,0.0,0.0,0.0,0.0,0,0,0.0,0.0,,,,,,,,,,,,
3383,2026-04-23T08:25:10.592Z,S20260423_092137,N/A,AUTO,,212.7157,0.0713,N/A,0,1500,VIDE,0.0,0.0,0.0,0.0,0.0,0.0,0,0,0.0,0.0,,,,,,,,,,,,
3384,2026-04-23T08:25:10.655Z,S20260423_092137,N/A,AUTO,,212.7784,0.0627,N/A,0,1500,VIDE,0.0,0.0,0.0,0.0,0.0,0.0,0,0,0.0,0.0,,,,,,,,,,,,
3385,2026-04-23T08:25:10.719Z,S20260423_092137,N/A,AUTO,,212.843,0.0646,N/A,0,1500,VIDE,0.0,0.0,0.0,0.0,0.0,0.0,0,0,0.0,0.0,,,,,,,,,,,,
3386,2026-04-23T08:25:10.782Z,S20260423_092137,N/A,AUTO,,212.9055,0.0625,N/A,0,1500,VIDE,0.0,0.0,0.0,0.0,0.0,0.0,0,0,0.0,0.0,,,,,,,,,,,,
3387,2026-04-23T08:25:10.843Z,S20260423_092137,N/A,AUTO,,212.9664,0.0609,N/A,0,1500,VIDE,0.0,0.0,0.0,0.0,0.0,0.0,0,0,0.0,0.0,,,,,,,,,,,,
3388,2026-04-23T08:25:10.905Z,S20260423_092137,N/A,AUTO,,213.0283,0.0619,N/A,0,1500,VIDE,0.0,0.0,0.0,0.0,0.0,0.0,0,0,0.0,0.0,,,,,,,,,,,,
3389,2026-04-23T08:25:10.967Z,S20260423_092137,N/A,AUTO,,213.0905,0.0621,N/A,0,1500,VIDE,0.0,0.0,0.0,0.0,0.0,0.0,0,0,0.0,0.0,,,,,,,,,,,,
3390,2026-04-23T08:25:11.028Z,S20260423_092137,N/A,AUTO,,213.1518,0.0613,N/A,0,1500,VIDE,0.0,0.0,0.0,0.0,0.0,0.0,0,0,0.0,0.0,,,,,,,,,,,,
3391,2026-04-23T08:25:11.089Z,S20260423_092137,N/A,AUTO,,213.2132,0.0613,N/A,0,1500,VIDE,0.0,0.0,0.0,0.0,0.0,0.0,0,0,0.0,0.0,,,,,,,,,,,,
3392,2026-04-23T08:25:11.149Z,S20260423_092137,N/A,AUTO,,213.2727,0.0596,N/A,0,1500,VIDE,0.0,0.0,0.0,0.0,0.0,0.0,0,0,0.0,0.0,,,,,,,,,,,,
3393,2026-04-23T08:25:11.212Z,S20260423_092137,N/A,AUTO,,213.3356,0.0629,N/A,0,1500,VIDE,0.0,0.0,0.0,0.0,0.0,0.0,0,0,0.0,0.0,,,,,,,,,,,,
3394,2026-04-23T08:25:11.272Z,S20260423_092137,N/A,AUTO,,213.396,0.0603,N/A,0,1500,VIDE,0.0,0.0,0.0,0.0,0.0,0.0,0,0,0.0,0.0,,,,,,,,,,,,
3395,2026-04-23T08:25:11.334Z,S20260423_092137,N/A,AUTO,,213.458,0.0621,N/A,0,1500,VIDE,0.0,0.0,0.0,0.0,0.0,0.0,0,0,0.0,0.0,,,,,,,,,,,,
3396,2026-04-23T08:25:11.397Z,S20260423_092137,N/A,AUTO,,213.5212,0.0631,N/A,0,1500,VIDE,0.0,0.0,0.0,0.0,0.0,0.0,0,0,0.0,0.0,,,,,,,,,,,,
3397,2026-04-23T08:25:11.460Z,S20260423_092137,N/A,AUTO,,213.5837,0.0625,N/A,0,1500,VIDE,0.0,0.0,0.0,0.0,0.0,0.0,0,0,0.0,0.0,,,,,,,,,,,,
3398,2026-04-23T08:25:11.523Z,S20260423_092137,N/A,AUTO,,213.6465,0.0629,N/A,0,1500,VIDE,0.0,0.0,0.0,0.0,0.0,0.0,0,0,0.0,0.0,,,,,,,,,,,,
3399,2026-04-23T08:25:11.584Z,S20260423_092137,N/A,AUTO,,213.7081,0.0616,N/A,0,1500,VIDE,0.0,0.0,0.0,0.0,0.0,0.0,0,0,0.0,0.0,,,,,,,,,,,,
3400,2026-04-23T08:25:11.646Z,S20260423_092137,N/A,AUTO,,213.7697,0.0616,N/A,0,1500,VIDE,0.0,0.0,0.0,0.0,0.0,0.0,0,0,0.0,0.0,,,,,,,,,,,,
3401,2026-04-23T08:25:11.709Z,S20260423_092137,N/A,AUTO,,213.8328,0.0631,N/A,0,1500,VIDE,0.0,0.0,0.0,0.0,0.0,0.0,0,0,0.0,0.0,,,,,,,,,,,,
3402,2026-04-23T08:25:11.771Z,S20260423_092137,N/A,AUTO,,213.895,0.0622,N/A,0,1500,VIDE,0.0,0.0,0.0,0.0,0.0,0.0,0,0,0.0,0.0,,,,,,,,,,,,
3403,2026-04-23T08:25:11.838Z,S20260423_092137,N/A,AUTO,,213.9613,0.0661,N/A,0,1500,VIDE,0.0,0.0,0.0,0.0,0.0,0.0,0,0,0.0,0.0,,,,,,,,,,,,
3404,2026-04-23T08:25:11.897Z,S20260423_092137,N/A,AUTO,,214.0208,0.0596,N/A,0,1500,VIDE,0.0,0.0,0.0,0.0,0.0,0.0,0,0,0.0,0.0,,,,,,,,,,,,
3405,2026-04-23T08:25:11.960Z,S20260423_092137,N/A,AUTO,,214.0834,0.0627,N/A,0,1500,VIDE,0.0,0.0,0.0,0.0,0.0,0.0,0,0,0.0,0.0,,,,,,,,,,,,
3406,2026-04-23T08:25:12.021Z,S20260423_092137,N/A,AUTO,,214.145,0.0616,N/A,0,1500,VIDE,0.0,0.0,0.0,0.0,0.0,0.0,0,0,0.0,0.0,,,,,,,,,,,,
3407,2026-04-23T08:25:12.084Z,S20260423_092137,N/A,AUTO,,214.2082,0.0632,N/A,0,1500,VIDE,0.0,0.0,0.0,0.0,0.0,0.0,0,0,0.0,0.0,,,,,,,,,,,,
3408,2026-04-23T08:25:12.146Z,S20260423_092137,N/A,AUTO,,214.2697,0.0616,N/A,0,1500,VIDE,0.0,0.0,0.0,0.0,0.0,0.0,0,0,0.0,0.0,,,,,,,,,,,,
3409,2026-04-23T08:25:12.210Z,S20260423_092137,N/A,AUTO,,214.3339,0.0641,N/A,0,1500,VIDE,0.0,0.0,0.0,0.0,0.0,0.0,0,0,0.0,0.0,,,,,,,,,,,,
3410,2026-04-23T08:25:12.277Z,S20260423_092137,N/A,AUTO,,214.4008,0.0669,N/A,0,1500,VIDE,0.0,0.0,0.0,0.0,0.0,0.0,0,0,0.0,0.0,,,,,,,,,,,,
3411,2026-04-23T08:25:12.341Z,S20260423_092137,N/A,AUTO,,214.4647,0.064,N/A,0,1500,VIDE,0.0,0.0,0.0,0.0,0.0,0.0,0,0,0.0,0.0,,,,,,,,,,,,
3412,2026-04-23T08:25:12.397Z,S20260423_092137,N/A,AUTO,,214.5208,0.056,N/A,0,1500,VIDE,0.0,0.0,0.0,0.0,0.0,0.0,0,0,0.0,0.0,,,,,,,,,,,,
3413,2026-04-23T08:25:12.471Z,S20260423_092137,N/A,AUTO,,214.5948,0.074,N/A,0,1500,VIDE,0.0,0.0,0.0,0.0,0.0,0.0,0,0,0.0,0.0,,,,,,,,,,,,
3414,2026-04-23T08:25:12.534Z,S20260423_092137,N/A,AUTO,,214.6579,0.0631,N/A,0,1500,VIDE,0.0,0.0,0.0,0.0,0.0,0.0,0,0,0.0,0.0,,,,,,,,,,,,
3415,2026-04-23T08:25:12.584Z,S20260423_092137,N/A,AUTO,,214.7078,0.0499,N/A,0,1500,VIDE,0.0,0.0,0.0,0.0,0.0,0.0,0,0,0.0,0.0,,,,,,,,,,,,
3416,2026-04-23T08:25:12.648Z,S20260423_092137,N/A,AUTO,,214.7717,0.0639,N/A,0,1500,VIDE,0.0,0.0,0.0,0.0,0.0,0.0,0,0,0.0,0.0,,,,,,,,,,,,
3417,2026-04-23T08:25:12.709Z,S20260423_092137,N/A,AUTO,,214.8328,0.0611,N/A,0,1500,VIDE,0.0,0.0,0.0,0.0,0.0,0.0,0,0,0.0,0.0,,,,,,,,,,,,
3418,2026-04-23T08:25:12.773Z,S20260423_092137,N/A,AUTO,,214.8971,0.0643,N/A,0,1500,VIDE,0.0,0.0,0.0,0.0,0.0,0.0,0,0,0.0,0.0,,,,,,,,,,,,
3419,2026-04-23T08:25:12.844Z,S20260423_092137,N/A,AUTO,,214.9678,0.0706,N/A,0,1500,VIDE,0.0,0.0,0.0,0.0,0.0,0.0,0,0,0.0,0.0,,,,,,,,,,,,
3420,2026-04-23T08:25:12.905Z,S20260423_092137,N/A,AUTO,,215.0283,0.0606,N/A,0,1500,VIDE,0.0,0.0,0.0,0.0,0.0,0.0,0,0,0.0,0.0,,,,,,,,,,,,
3421,2026-04-23T08:25:12.969Z,S20260423_092137,N/A,AUTO,,215.0924,0.0641,N/A,0,1500,VIDE,0.0,0.0,0.0,0.0,0.0,0.0,0,0,0.0,0.0,,,,,,,,,,,,
3422,2026-04-23T08:25:13.029Z,S20260423_092137,N/A,AUTO,,215.1529,0.0605,N/A,0,1500,VIDE,0.0,0.0,0.0,0.0,0.0,0.0,0,0,0.0,0.0,,,,,,,,,,,,
3423,2026-04-23T08:25:13.096Z,S20260423_092137,N/A,AUTO,,215.2194,0.0665,N/A,0,1500,VIDE,0.0,0.0,0.0,0.0,0.0,0.0,0,0,0.0,0.0,,,,,,,,,,,,
3424,2026-04-23T08:25:13.157Z,S20260423_092137,N/A,AUTO,,215.2809,0.0615,N/A,0,1500,VIDE,0.0,0.0,0.0,0.0,0.0,0.0,0,0,0.0,0.0,,,,,,,,,,,,
3425,2026-04-23T08:25:13.209Z,S20260423_092137,N/A,AUTO,,215.3331,0.0522,N/A,0,1500,VIDE,0.0,0.0,0.0,0.0,0.0,0.0,0,0,0.0,0.0,,,,,,,,,,,,
3426,2026-04-23T08:25:13.273Z,S20260423_092137,N/A,AUTO,,215.3963,0.0631,N/A,0,1500,VIDE,0.0,0.0,0.0,0.0,0.0,0.0,0,0,0.0,0.0,,,,,,,,,,,,
3427,2026-04-23T08:25:13.337Z,S20260423_092137,N/A,AUTO,,215.4606,0.0644,N/A,0,1500,VIDE,0.0,0.0,0.0,0.0,0.0,0.0,0,0,0.0,0.0,,,,,,,,,,,,
3428,2026-04-23T08:25:13.397Z,S20260423_092137,N/A,AUTO,,215.5211,0.0605,N/A,0,1500,VIDE,0.0,0.0,0.0,0.0,0.0,0.0,0,0,0.0,0.0,,,,,,,,,,,,
3429,2026-04-23T08:25:13.462Z,S20260423_092137,N/A,AUTO,,215.5852,0.0641,N/A,0,1500,VIDE,0.0,0.0,0.0,0.0,0.0,0.0,0,0,0.0,0.0,,,,,,,,,,,,
3430,2026-04-23T08:25:13.528Z,S20260423_092137,N/A,AUTO,,215.6519,0.0667,N/A,0,1500,VIDE,0.0,0.0,0.0,0.0,0.0,0.0,0,0,0.0,0.0,,,,,,,,,,,,
3431,2026-04-23T08:25:13.594Z,S20260423_092137,N/A,AUTO,,215.7173,0.0654,N/A,0,1500,VIDE,0.0,0.0,0.0,0.0,0.0,0.0,0,0,0.0,0.0,,,,,,,,,,,,
3432,2026-04-23T08:25:13.653Z,S20260423_092137,N/A,AUTO,,215.7762,0.0589,N/A,0,1500,VIDE,0.0,0.0,0.0,0.0,0.0,0.0,0,0,0.0,0.0,,,,,,,,,,,,
3433,2026-04-23T08:25:13.709Z,S20260423_092137,N/A,AUTO,,215.8328,0.0566,N/A,0,1500,VIDE,0.0,0.0,0.0,0.0,0.0,0.0,0,0,0.0,0.0,,,,,,,,,,,,
3434,2026-04-23T08:25:13.773Z,S20260423_092137,N/A,AUTO,,215.897,0.0642,N/A,0,1500,VIDE,0.0,0.0,0.0,0.0,0.0,0.0,0,0,0.0,0.0,,,,,,,,,,,,
3435,2026-04-23T08:25:13.837Z,S20260423_092137,N/A,AUTO,,215.961,0.0639,N/A,0,1500,VIDE,0.0,0.0,0.0,0.0,0.0,0.0,0,0,0.0,0.0,,,,,,,,,,,,
3436,2026-04-23T08:25:13.896Z,S20260423_092137,N/A,AUTO,,216.0197,0.0587,N/A,0,1500,VIDE,0.0,0.0,0.0,0.0,0.0,0.0,0,0,0.0,0.0,,,,,,,,,,,,
3437,2026-04-23T08:25:13.960Z,S20260423_092137,N/A,AUTO,,216.0837,0.0641,N/A,0,1500,VIDE,0.0,0.0,0.0,0.0,0.0,0.0,0,0,0.0,0.0,,,,,,,,,,,,
3438,2026-04-23T08:25:14.025Z,S20260423_092137,N/A,AUTO,,216.1488,0.065,N/A,0,1500,VIDE,0.0,0.0,0.0,0.0,0.0,0.0,0,0,0.0,0.0,,,,,,,,,,,,
3439,2026-04-23T08:25:14.085Z,S20260423_092137,N/A,AUTO,,216.2089,0.0602,N/A,0,1500,VIDE,0.0,0.0,0.0,0.0,0.0,0.0,0,0,0.0,0.0,,,,,,,,,,,,
3440,2026-04-23T08:25:14.152Z,S20260423_092137,N/A,AUTO,,216.2757,0.0668,N/A,0,1500,VIDE,0.0,0.0,0.0,0.0,0.0,0.0,0,0,0.0,0.0,,,,,,,,,,,,
3441,2026-04-23T08:25:14.213Z,S20260423_092137,N/A,AUTO,,216.337,0.0612,N/A,0,1500,VIDE,0.0,0.0,0.0,0.0,0.0,0.0,0,0,0.0,0.0,,,,,,,,,,,,
3442,2026-04-23T08:25:14.276Z,S20260423_092137,N/A,AUTO,,216.3997,0.0627,N/A,0,1500,VIDE,0.0,0.0,0.0,0.0,0.0,0.0,0,0,0.0,0.0,,,,,,,,,,,,
3443,2026-04-23T08:25:14.340Z,S20260423_092137,N/A,AUTO,,216.4632,0.0636,N/A,0,1500,VIDE,0.0,0.0,0.0,0.0,0.0,0.0,0,0,0.0,0.0,,,,,,,,,,,,
3444,2026-04-23T08:25:14.397Z,S20260423_092137,N/A,AUTO,,216.521,0.0578,N/A,0,1500,VIDE,0.0,0.0,0.0,0.0,0.0,0.0,0,0,0.0,0.0,,,,,,,,,,,,
3445,2026-04-23T08:25:14.462Z,S20260423_092137,N/A,AUTO,,216.5859,0.065,N/A,0,1500,VIDE,0.0,0.0,0.0,0.0,0.0,0.0,0,0,0.0,0.0,,,,,,,,,,,,
3446,2026-04-23T08:25:14.525Z,S20260423_092137,N/A,AUTO,,216.6483,0.0624,N/A,0,1500,VIDE,0.0,0.0,0.0,0.0,0.0,0.0,0,0,0.0,0.0,,,,,,,,,,,,
3447,2026-04-23T08:25:14.584Z,S20260423_092137,N/A,AUTO,,216.7079,0.0596,N/A,0,1500,VIDE,0.0,0.0,0.0,0.0,0.0,0.0,0,0,0.0,0.0,,,,,,,,,,,,
3448,2026-04-23T08:25:14.649Z,S20260423_092137,N/A,AUTO,,216.7729,0.065,N/A,0,1500,VIDE,0.0,0.0,0.0,0.0,0.0,0.0,0,0,0.0,0.0,,,,,,,,,,,,
3449,2026-04-23T08:25:14.711Z,S20260423_092137,N/A,AUTO,,216.8351,0.0621,N/A,0,1500,VIDE,0.0,0.0,0.0,0.0,0.0,0.0,0,0,0.0,0.0,,,,,,,,,,,,
3450,2026-04-23T08:25:14.775Z,S20260423_092137,N/A,AUTO,,216.8984,0.0633,N/A,0,1500,VIDE,0.0,0.0,0.0,0.0,0.0,0.0,0,0,0.0,0.0,,,,,,,,,,,,
3451,2026-04-23T08:25:14.837Z,S20260423_092137,N/A,AUTO,,216.9606,0.0622,N/A,0,1500,VIDE,0.0,0.0,0.0,0.0,0.0,0.0,0,0,0.0,0.0,,,,,,,,,,,,
3452,2026-04-23T08:25:14.899Z,S20260423_092137,N/A,AUTO,,217.0225,0.0619,N/A,0,1500,VIDE,0.0,0.0,0.0,0.0,0.0,0.0,0,0,0.0,0.0,,,,,,,,,,,,
3453,2026-04-23T08:25:14.960Z,S20260423_092137,N/A,AUTO,,217.0833,0.0609,N/A,0,1500,VIDE,0.0,0.0,0.0,0.0,0.0,0.0,0,0,0.0,0.0,,,,,,,,,,,,
3454,2026-04-23T08:25:15.024Z,S20260423_092137,N/A,AUTO,,217.1472,0.0638,N/A,0,1500,VIDE,0.0,0.0,0.0,0.0,0.0,0.0,0,0,0.0,0.0,,,,,,,,,,,,
3455,2026-04-23T08:25:15.085Z,S20260423_092137,N/A,AUTO,,217.209,0.0618,N/A,0,1500,VIDE,0.0,0.0,0.0,0.0,0.0,0.0,0,0,0.0,0.0,,,,,,,,,,,,
3456,2026-04-23T08:25:15.149Z,S20260423_092137,N/A,AUTO,,217.2724,0.0634,N/A,0,1500,VIDE,0.0,0.0,0.0,0.0,0.0,0.0,0,0,0.0,0.0,,,,,,,,,,,,
3457,2026-04-23T08:25:15.212Z,S20260423_092137,N/A,AUTO,,217.3357,0.0633,N/A,0,1500,VIDE,0.0,0.0,0.0,0.0,0.0,0.0,0,0,0.0,0.0,,,,,,,,,,,,
3458,2026-04-23T08:25:15.274Z,S20260423_092137,N/A,AUTO,,217.3974,0.0617,N/A,0,1500,VIDE,0.0,0.0,0.0,0.0,0.0,0.0,0,0,0.0,0.0,,,,,,,,,,,,
3459,2026-04-23T08:25:15.336Z,S20260423_092137,N/A,AUTO,,217.4599,0.0624,N/A,0,1500,VIDE,0.0,0.0,0.0,0.0,0.0,0.0,0,0,0.0,0.0,,,,,,,,,,,,
3460,2026-04-23T08:25:15.397Z,S20260423_092137,N/A,AUTO,,217.5211,0.0612,N/A,0,1500,VIDE,0.0,0.0,0.0,0.0,0.0,0.0,0,0,0.0,0.0,,,,,,,,,,,,
3461,2026-04-23T08:25:15.462Z,S20260423_092137,N/A,AUTO,,217.5852,0.0641,N/A,0,1500,VIDE,0.0,0.0,0.0,0.0,0.0,0.0,0,0,0.0,0.0,,,,,,,,,,,,
3462,2026-04-23T08:25:15.522Z,S20260423_092137,N/A,AUTO,,217.646,0.0609,N/A,0,1500,VIDE,0.0,0.0,0.0,0.0,0.0,0.0,0,0,0.0,0.0,,,,,,,,,,,,
3463,2026-04-23T08:25:15.586Z,S20260423_092137,N/A,AUTO,,217.71,0.0639,N/A,0,1500,VIDE,0.0,0.0,0.0,0.0,0.0,0.0,0,0,0.0,0.0,,,,,,,,,,,,
3464,2026-04-23T08:25:15.649Z,S20260423_092137,N/A,AUTO,,217.7728,0.0628,N/A,0,1500,VIDE,0.0,0.0,0.0,0.0,0.0,0.0,0,0,0.0,0.0,,,,,,,,,,,,
3465,2026-04-23T08:25:15.709Z,S20260423_092137,N/A,AUTO,,217.8327,0.0599,N/A,0,1500,VIDE,0.0,0.0,0.0,0.0,0.0,0.0,0,0,0.0,0.0,,,,,,,,,,,,
3466,2026-04-23T08:25:15.773Z,S20260423_092137,N/A,AUTO,,217.8969,0.0641,N/A,0,1500,VIDE,0.0,0.0,0.0,0.0,0.0,0.0,0,0,0.0,0.0,,,,,,,,,,,,
3467,2026-04-23T08:25:15.835Z,S20260423_092137,N/A,AUTO,,217.9587,0.062,N/A,0,1500,VIDE,0.0,0.0,0.0,0.0,0.0,0.0,0,0,0.0,0.0,,,,,,,,,,,,
3468,2026-04-23T08:25:15.898Z,S20260423_092137,N/A,AUTO,,218.0217,0.0629,N/A,0,1500,VIDE,0.0,0.0,0.0,0.0,0.0,0.0,0,0,0.0,0.0,,,,,,,,,,,,
3469,2026-04-23T08:25:15.962Z,S20260423_092137,N/A,AUTO,,218.086,0.0643,N/A,0,1500,VIDE,0.0,0.0,0.0,0.0,0.0,0.0,0,0,0.0,0.0,,,,,,,,,,,,
3470,2026-04-23T08:25:16.024Z,S20260423_092137,N/A,AUTO,,218.1478,0.0618,N/A,0,1500,VIDE,0.0,0.0,0.0,0.0,0.0,0.0,0,0,0.0,0.0,,,,,,,,,,,,
3471,2026-04-23T08:25:16.087Z,S20260423_092137,N/A,AUTO,,218.2111,0.0633,N/A,0,1500,VIDE,0.0,0.0,0.0,0.0,0.0,0.0,0,0,0.0,0.0,,,,,,,,,,,,
3472,2026-04-23T08:25:16.149Z,S20260423_092137,N/A,AUTO,,218.2723,0.0611,N/A,0,1500,VIDE,0.0,0.0,0.0,0.0,0.0,0.0,0,0,0.0,0.0,,,,,,,,,,,,
3473,2026-04-23T08:25:16.210Z,S20260423_092137,N/A,AUTO,,218.3339,0.0616,N/A,0,1500,VIDE,0.0,0.0,0.0,0.0,0.0,0.0,0,0,0.0,0.0,,,,,,,,,,,,
3474,2026-04-23T08:25:16.273Z,S20260423_092137,N/A,AUTO,,218.3969,0.063,N/A,0,1500,VIDE,0.0,0.0,0.0,0.0,0.0,0.0,0,0,0.0,0.0,,,,,,,,,,,,
3475,2026-04-23T08:25:16.337Z,S20260423_092137,N/A,AUTO,,218.4604,0.0634,N/A,0,1500,VIDE,0.0,0.0,0.0,0.0,0.0,0.0,0,0,0.0,0.0,,,,,,,,,,,,
3476,2026-04-23T08:25:16.398Z,S20260423_092137,N/A,AUTO,,218.5216,0.0613,N/A,0,1500,VIDE,0.0,0.0,0.0,0.0,0.0,0.0,0,0,0.0,0.0,,,,,,,,,,,,
3477,2026-04-23T08:25:16.460Z,S20260423_092137,N/A,AUTO,,218.584,0.0624,N/A,0,1500,VIDE,0.0,0.0,0.0,0.0,0.0,0.0,0,0,0.0,0.0,,,,,,,,,,,,
3478,2026-04-23T08:25:16.523Z,S20260423_092137,N/A,AUTO,,218.6469,0.0629,N/A,0,1500,VIDE,0.0,0.0,0.0,0.0,0.0,0.0,0,0,0.0,0.0,,,,,,,,,,,,
3479,2026-04-23T08:25:16.586Z,S20260423_092137,N/A,AUTO,,218.7096,0.0625,N/A,0,1500,VIDE,0.0,0.0,0.0,0.0,0.0,0.0,0,0,0.0,0.0,,,,,,,,,,,,
3480,2026-04-23T08:25:16.649Z,S20260423_092137,N/A,AUTO,,218.7725,0.063,N/A,0,1500,VIDE,0.0,0.0,0.0,0.0,0.0,0.0,0,0,0.0,0.0,,,,,,,,,,,,
3481,2026-04-23T08:25:16.710Z,S20260423_092137,N/A,AUTO,,218.8336,0.0611,N/A,0,1500,VIDE,0.0,0.0,0.0,0.0,0.0,0.0,0,0,0.0,0.0,,,,,,,,,,,,
3482,2026-04-23T08:25:16.774Z,S20260423_092137,N/A,AUTO,,218.8972,0.0636,N/A,0,1500,VIDE,0.0,0.0,0.0,0.0,0.0,0.0,0,0,0.0,0.0,,,,,,,,,,,,
3483,2026-04-23T08:25:16.835Z,S20260423_092137,N/A,AUTO,,218.959,0.0618,N/A,0,1500,VIDE,0.0,0.0,0.0,0.0,0.0,0.0,0,0,0.0,0.0,,,,,,,,,,,,
3484,2026-04-23T08:25:16.898Z,S20260423_092137,N/A,AUTO,,219.0217,0.0626,N/A,0,1500,VIDE,0.0,0.0,0.0,0.0,0.0,0.0,0,0,0.0,0.0,,,,,,,,,,,,
3485,2026-04-23T08:25:16.961Z,S20260423_092137,N/A,AUTO,,219.0846,0.0629,N/A,0,1500,VIDE,0.0,0.0,0.0,0.0,0.0,0.0,0,0,0.0,0.0,,,,,,,,,,,,
3486,2026-04-23T08:25:17.021Z,S20260423_092137,N/A,AUTO,,219.1449,0.0603,N/A,0,1500,VIDE,0.0,0.0,0.0,0.0,0.0,0.0,0,0,0.0,0.0,,,,,,,,,,,,
3487,2026-04-23T08:25:17.086Z,S20260423_092137,N/A,AUTO,,219.2093,0.0643,N/A,0,1500,VIDE,0.0,0.0,0.0,0.0,0.0,0.0,0,0,0.0,0.0,,,,,,,,,,,,
3488,2026-04-23T08:25:17.146Z,S20260423_092137,N/A,AUTO,,219.2699,0.0607,N/A,0,1500,VIDE,0.0,0.0,0.0,0.0,0.0,0.0,0,0,0.0,0.0,,,,,,,,,,,,
3489,2026-04-23T08:25:17.210Z,S20260423_092137,N/A,AUTO,,219.3337,0.0638,N/A,0,1500,VIDE,0.0,0.0,0.0,0.0,0.0,0.0,0,0,0.0,0.0,,,,,,,,,,,,
3490,2026-04-23T08:25:17.277Z,S20260423_092137,N/A,AUTO,,219.4008,0.0671,N/A,0,1500,VIDE,0.0,0.0,0.0,0.0,0.0,0.0,0,0,0.0,0.0,,,,,,,,,,,,
3491,2026-04-23T08:25:17.341Z,S20260423_092137,N/A,AUTO,,219.4648,0.064,N/A,0,1500,VIDE,0.0,0.0,0.0,0.0,0.0,0.0,0,0,0.0,0.0,,,,,,,,,,,,
3492,2026-04-23T08:25:17.398Z,S20260423_092137,N/A,AUTO,,219.5212,0.0564,N/A,0,1500,VIDE,0.0,0.0,0.0,0.0,0.0,0.0,0,0,0.0,0.0,,,,,,,,,,,,
3493,2026-04-23T08:25:17.462Z,S20260423_092137,N/A,AUTO,,219.5855,0.0643,N/A,0,1500,VIDE,0.0,0.0,0.0,0.0,0.0,0.0,0,0,0.0,0.0,,,,,,,,,,,,
3494,2026-04-23T08:25:17.526Z,S20260423_092137,N/A,AUTO,,219.6492,0.0638,N/A,0,1500,VIDE,0.0,0.0,0.0,0.0,0.0,0.0,0,0,0.0,0.0,,,,,,,,,,,,
3495,2026-04-23T08:25:17.589Z,S20260423_092137,N/A,AUTO,,219.7131,0.0639,N/A,0,1500,VIDE,0.0,0.0,0.0,0.0,0.0,0.0,0,0,0.0,0.0,,,,,,,,,,,,
3496,2026-04-23T08:25:17.653Z,S20260423_092137,N/A,AUTO,,219.7768,0.0637,N/A,0,1500,VIDE,0.0,0.0,0.0,0.0,0.0,0.0,0,0,0.0,0.0,,,,,,,,,,,,
3497,2026-04-23T08:25:17.719Z,S20260423_092137,N/A,AUTO,,219.843,0.0662,N/A,0,1500,VIDE,0.0,0.0,0.0,0.0,0.0,0.0,0,0,0.0,0.0,,,,,,,,,,,,
3498,2026-04-23T08:25:17.774Z,S20260423_092137,N/A,AUTO,,219.8975,0.0545,N/A,0,1500,VIDE,0.0,0.0,0.0,0.0,0.0,0.0,0,0,0.0,0.0,,,,,,,,,,,,
3499,2026-04-23T08:25:17.838Z,S20260423_092137,N/A,AUTO,,219.9615,0.064,N/A,0,1500,VIDE,0.0,0.0,0.0,0.0,0.0,0.0,0,0,0.0,0.0,,,,,,,,,,,,
3500,2026-04-23T08:25:17.901Z,S20260423_092137,N/A,AUTO,,220.0251,0.0637,N/A,0,1500,VIDE,0.0,0.0,0.0,0.0,0.0,0.0,0,0,0.0,0.0,,,,,,,,,,,,
3501,2026-04-23T08:25:17.966Z,S20260423_092137,N/A,AUTO,,220.0895,0.0643,N/A,0,1500,VIDE,0.0,0.0,0.0,0.0,0.0,0.0,0,0,0.0,0.0,,,,,,,,,,,,
3502,2026-04-23T08:25:18.021Z,S20260423_092137,N/A,AUTO,,220.1451,0.0556,N/A,0,1500,VIDE,0.0,0.0,0.0,0.0,0.0,0.0,0,0,0.0,0.0,,,,,,,,,,,,
3503,2026-04-23T08:25:18.086Z,S20260423_092137,N/A,AUTO,,220.2092,0.0641,N/A,0,1500,VIDE,0.0,0.0,0.0,0.0,0.0,0.0,0,0,0.0,0.0,,,,,,,,,,,,
3504,2026-04-23T08:25:18.149Z,S20260423_092137,N/A,AUTO,,220.2729,0.0637,N/A,0,1500,VIDE,0.0,0.0,0.0,0.0,0.0,0.0,0,0,0.0,0.0,,,,,,,,,,,,
3505,2026-04-23T08:25:18.213Z,S20260423_092137,N/A,AUTO,,220.337,0.0641,N/A,0,1500,VIDE,0.0,0.0,0.0,0.0,0.0,0.0,0,0,0.0,0.0,,,,,,,,,,,,
3506,2026-04-23T08:25:18.277Z,S20260423_092137,N/A,AUTO,,220.401,0.064,N/A,0,1500,VIDE,0.0,0.0,0.0,0.0,0.0,0.0,0,0,0.0,0.0,,,,,,,,,,,,
3507,2026-04-23T08:25:18.340Z,S20260423_092137,N/A,AUTO,,220.4641,0.0631,N/A,0,1500,VIDE,0.0,0.0,0.0,0.0,0.0,0.0,0,0,0.0,0.0,,,,,,,,,,,,
3508,2026-04-23T08:25:18.398Z,S20260423_092137,N/A,AUTO,,220.5213,0.0572,N/A,0,1500,VIDE,0.0,0.0,0.0,0.0,0.0,0.0,0,0,0.0,0.0,,,,,,,,,,,,
3509,2026-04-23T08:25:18.466Z,S20260423_092137,N/A,AUTO,,220.5899,0.0686,N/A,0,1500,VIDE,0.0,0.0,0.0,0.0,0.0,0.0,0,0,0.0,0.0,,,,,,,,,,,,
3510,2026-04-23T08:25:18.529Z,S20260423_092137,N/A,AUTO,,220.6529,0.063,N/A,0,1500,VIDE,0.0,0.0,0.0,0.0,0.0,0.0,0,0,0.0,0.0,,,,,,,,,,,,
3511,2026-04-23T08:25:18.590Z,S20260423_092137,N/A,AUTO,,220.7135,0.0606,N/A,0,1500,VIDE,0.0,0.0,0.0,0.0,0.0,0.0,0,0,0.0,0.0,,,,,,,,,,,,
3512,2026-04-23T08:25:18.653Z,S20260423_092137,N/A,AUTO,,220.777,0.0635,N/A,0,1500,VIDE,0.0,0.0,0.0,0.0,0.0,0.0,0,0,0.0,0.0,,,,,,,,,,,,
3513,2026-04-23T08:25:18.710Z,S20260423_092137,N/A,AUTO,,220.8333,0.0562,N/A,0,1500,VIDE,0.0,0.0,0.0,0.0,0.0,0.0,0,0,0.0,0.0,,,,,,,,,,,,
3514,2026-04-23T08:25:18.774Z,S20260423_092137,N/A,AUTO,,220.8979,0.0647,N/A,0,1500,VIDE,0.0,0.0,0.0,0.0,0.0,0.0,0,0,0.0,0.0,,,,,,,,,,,,
3515,2026-04-23T08:25:18.838Z,S20260423_092137,N/A,AUTO,,220.9618,0.0638,N/A,0,1500,VIDE,0.0,0.0,0.0,0.0,0.0,0.0,0,0,0.0,0.0,,,,,,,,,,,,
3516,2026-04-23T08:25:18.902Z,S20260423_092137,N/A,AUTO,,221.0253,0.0636,N/A,0,1500,VIDE,0.0,0.0,0.0,0.0,0.0,0.0,0,0,0.0,0.0,,,,,,,,,,,,
3517,2026-04-23T08:25:18.960Z,S20260423_092137,N/A,AUTO,,221.0835,0.0583,N/A,0,1500,VIDE,0.0,0.0,0.0,0.0,0.0,0.0,0,0,0.0,0.0,,,,,,,,,,,,
3518,2026-04-23T08:25:19.022Z,S20260423_092137,N/A,AUTO,,221.1457,0.0622,N/A,0,1500,VIDE,0.0,0.0,0.0,0.0,0.0,0.0,0,0,0.0,0.0,,,,,,,,,,,,
3519,2026-04-23T08:25:19.086Z,S20260423_092137,N/A,AUTO,,221.2092,0.0635,N/A,0,1500,VIDE,0.0,0.0,0.0,0.0,0.0,0.0,0,0,0.0,0.0,,,,,,,,,,,,
3520,2026-04-23T08:25:19.149Z,S20260423_092137,N/A,AUTO,,221.2731,0.0639,N/A,0,1500,VIDE,0.0,0.0,0.0,0.0,0.0,0.0,0,0,0.0,0.0,,,,,,,,,,,,
3521,2026-04-23T08:25:19.214Z,S20260423_092137,N/A,AUTO,,221.3372,0.064,N/A,0,1500,VIDE,0.0,0.0,0.0,0.0,0.0,0.0,0,0,0.0,0.0,,,,,,,,,,,,
3522,2026-04-23T08:25:19.277Z,S20260423_092137,N/A,AUTO,,221.4008,0.0636,N/A,0,1500,VIDE,0.0,0.0,0.0,0.0,0.0,0.0,0,0,0.0,0.0,,,,,,,,,,,,
3523,2026-04-23T08:25:19.334Z,S20260423_092137,N/A,AUTO,,221.4581,0.0573,N/A,0,1500,VIDE,0.0,0.0,0.0,0.0,0.0,0.0,0,0,0.0,0.0,,,,,,,,,,,,
3524,2026-04-23T08:25:19.398Z,S20260423_092137,N/A,AUTO,,221.5218,0.0637,N/A,0,1500,VIDE,0.0,0.0,0.0,0.0,0.0,0.0,0,0,0.0,0.0,,,,,,,,,,,,
3525,2026-04-23T08:25:19.462Z,S20260423_092137,N/A,AUTO,,221.5857,0.0639,N/A,0,1500,VIDE,0.0,0.0,0.0,0.0,0.0,0.0,0,0,0.0,0.0,,,,,,,,,,,,
3526,2026-04-23T08:25:19.524Z,S20260423_092137,N/A,AUTO,,221.6476,0.062,N/A,0,1500,VIDE,0.0,0.0,0.0,0.0,0.0,0.0,0,0,0.0,0.0,,,,,,,,,,,,
3527,2026-04-23T08:25:19.586Z,S20260423_092137,N/A,AUTO,,221.7101,0.0625,N/A,0,1500,VIDE,0.0,0.0,0.0,0.0,0.0,0.0,0,0,0.0,0.0,,,,,,,,,,,,
3528,2026-04-23T08:25:19.649Z,S20260423_092137,N/A,AUTO,,221.7727,0.0626,N/A,0,1500,VIDE,0.0,0.0,0.0,0.0,0.0,0.0,0,0,0.0,0.0,,,,,,,,,,,,
3529,2026-04-23T08:25:19.711Z,S20260423_092137,N/A,AUTO,,221.8351,0.0623,N/A,0,1500,VIDE,0.0,0.0,0.0,0.0,0.0,0.0,0,0,0.0,0.0,,,,,,,,,,,,
3530,2026-04-23T08:25:19.774Z,S20260423_092137,N/A,AUTO,,221.8981,0.0629,N/A,0,1500,VIDE,0.0,0.0,0.0,0.0,0.0,0.0,0,0,0.0,0.0,,,,,,,,,,,,
3531,2026-04-23T08:25:19.835Z,S20260423_092137,N/A,AUTO,,221.9588,0.0607,N/A,0,1500,VIDE,0.0,0.0,0.0,0.0,0.0,0.0,0,0,0.0,0.0,,,,,,,,,,,,
3532,2026-04-23T08:25:19.896Z,S20260423_092137,N/A,AUTO,,222.0198,0.061,N/A,0,1500,VIDE,0.0,0.0,0.0,0.0,0.0,0.0,0,0,0.0,0.0,,,,,,,,,,,,
3533,2026-04-23T08:25:19.960Z,S20260423_092137,N/A,AUTO,,222.0834,0.0636,N/A,0,1500,VIDE,0.0,0.0,0.0,0.0,0.0,0.0,0,0,0.0,0.0,,,,,,,,,,,,
3534,2026-04-23T08:25:20.021Z,S20260423_092137,N/A,AUTO,,222.1447,0.0613,N/A,0,1500,VIDE,0.0,0.0,0.0,0.0,0.0,0.0,0,0,0.0,0.0,,,,,,,,,,,,
3535,2026-04-23T08:25:20.098Z,S20260423_092137,N/A,AUTO,,222.2221,0.0773,N/A,0,1500,VIDE,0.0,0.0,0.0,0.0,0.0,0.0,0,0,0.0,0.0,,,,,,,,,,,,
3536,2026-04-23T08:25:20.160Z,S20260423_092137,N/A,AUTO,,222.2837,0.0616,N/A,0,1500,VIDE,0.0,0.0,0.0,0.0,0.0,0.0,0,0,0.0,0.0,,,,,,,,,,,,
3537,2026-04-23T08:25:20.214Z,S20260423_092137,N/A,AUTO,,222.3378,0.054,N/A,0,1500,VIDE,0.0,0.0,0.0,0.0,0.0,0.0,0,0,0.0,0.0,,,,,,,,,,,,
3538,2026-04-23T08:25:20.282Z,S20260423_092137,N/A,AUTO,,222.406,0.0683,N/A,0,1500,VIDE,0.0,0.0,0.0,0.0,0.0,0.0,0,0,0.0,0.0,,,,,,,,,,,,
3539,2026-04-23T08:25:20.343Z,S20260423_092137,N/A,AUTO,,222.467,0.061,N/A,0,1500,VIDE,0.0,0.0,0.0,0.0,0.0,0.0,0,0,0.0,0.0,,,,,,,,,,,,
3540,2026-04-23T08:25:20.397Z,S20260423_092137,N/A,AUTO,,222.5208,0.0538,N/A,0,1500,VIDE,0.0,0.0,0.0,0.0,0.0,0.0,0,0,0.0,0.0,,,,,,,,,,,,
3541,2026-04-23T08:25:20.463Z,S20260423_092137,N/A,AUTO,,222.5866,0.0658,N/A,0,1500,VIDE,0.0,0.0,0.0,0.0,0.0,0.0,0,0,0.0,0.0,,,,,,,,,,,,
3542,2026-04-23T08:25:20.521Z,S20260423_092137,N/A,AUTO,,222.6448,0.0582,N/A,0,1500,VIDE,0.0,0.0,0.0,0.0,0.0,0.0,0,0,0.0,0.0,,,,,,,,,,,,
3543,2026-04-23T08:25:20.584Z,S20260423_092137,N/A,AUTO,,222.708,0.0633,N/A,0,1500,VIDE,0.0,0.0,0.0,0.0,0.0,0.0,0,0,0.0,0.0,,,,,,,,,,,,
3544,2026-04-23T08:25:20.649Z,S20260423_092137,N/A,AUTO,,222.773,0.065,N/A,0,1500,VIDE,0.0,0.0,0.0,0.0,0.0,0.0,0,0,0.0,0.0,,,,,,,,,,,,
3545,2026-04-23T08:25:20.710Z,S20260423_092137,N/A,AUTO,,222.8333,0.0603,N/A,0,1500,VIDE,0.0,0.0,0.0,0.0,0.0,0.0,0,0,0.0,0.0,,,,,,,,,,,,
3546,2026-04-23T08:25:20.774Z,S20260423_092137,N/A,AUTO,,222.8976,0.0642,N/A,0,1500,VIDE,0.0,0.0,0.0,0.0,0.0,0.0,0,0,0.0,0.0,,,,,,,,,,,,
3547,2026-04-23T08:25:20.838Z,S20260423_092137,N/A,AUTO,,222.9619,0.0644,N/A,0,1500,VIDE,0.0,0.0,0.0,0.0,0.0,0.0,0,0,0.0,0.0,,,,,,,,,,,,
3548,2026-04-23T08:25:20.902Z,S20260423_092137,N/A,AUTO,,223.0258,0.0639,N/A,0,1500,VIDE,0.0,0.0,0.0,0.0,0.0,0.0,0,0,0.0,0.0,,,,,,,,,,,,
3549,2026-04-23T08:25:20.967Z,S20260423_092137,N/A,AUTO,,223.0907,0.0647,N/A,0,1500,VIDE,0.0,0.0,0.0,0.0,0.0,0.0,0,0,0.0,0.0,,,,,,,,,,,,
3550,2026-04-23T08:25:21.022Z,S20260423_092137,N/A,AUTO,,223.1455,0.0549,N/A,0,1500,VIDE,0.0,0.0,0.0,0.0,0.0,0.0,0,0,0.0,0.0,,,,,,,,,,,,
3551,2026-04-23T08:25:21.087Z,S20260423_092137,N/A,AUTO,,223.2103,0.0647,N/A,0,1500,VIDE,0.0,0.0,0.0,0.0,0.0,0.0,0,0,0.0,0.0,,,,,,,,,,,,
3552,2026-04-23T08:25:21.158Z,S20260423_092137,N/A,AUTO,,223.2814,0.0712,N/A,0,1500,VIDE,0.0,0.0,0.0,0.0,0.0,0.0,0,0,0.0,0.0,,,,,,,,,,,,
3553,2026-04-23T08:25:21.212Z,S20260423_092137,N/A,AUTO,,223.3353,0.0539,N/A,0,1500,VIDE,0.0,0.0,0.0,0.0,0.0,0.0,0,0,0.0,0.0,,,,,,,,,,,,
3554,2026-04-23T08:25:21.280Z,S20260423_092137,N/A,AUTO,,223.4034,0.0678,N/A,0,1500,VIDE,0.0,0.0,0.0,0.0,0.0,0.0,0,0,0.0,0.0,,,,,,,,,,,,
3555,2026-04-23T08:25:21.342Z,S20260423_092137,N/A,AUTO,,223.4653,0.0622,N/A,0,1500,VIDE,0.0,0.0,0.0,0.0,0.0,0.0,0,0,0.0,0.0,,,,,,,,,,,,
3556,2026-04-23T08:25:21.406Z,S20260423_092137,N/A,AUTO,,223.5298,0.0645,N/A,0,1500,VIDE,0.0,0.0,0.0,0.0,0.0,0.0,0,0,0.0,0.0,,,,,,,,,,,,
3557,2026-04-23T08:25:21.462Z,S20260423_092137,N/A,AUTO,,223.586,0.0563,N/A,0,1500,VIDE,0.0,0.0,0.0,0.0,0.0,0.0,0,0,0.0,0.0,,,,,,,,,,,,
3558,2026-04-23T08:25:21.526Z,S20260423_092137,N/A,AUTO,,223.6493,0.0633,N/A,0,1500,VIDE,0.0,0.0,0.0,0.0,0.0,0.0,0,0,0.0,0.0,,,,,,,,,,,,
3559,2026-04-23T08:25:21.589Z,S20260423_092137,N/A,AUTO,,223.7123,0.063,N/A,0,1500,VIDE,0.0,0.0,0.0,0.0,0.0,0.0,0,0,0.0,0.0,,,,,,,,,,,,
3560,2026-04-23T08:25:21.653Z,S20260423_092137,N/A,AUTO,,223.777,0.0648,N/A,0,1500,VIDE,0.0,0.0,0.0,0.0,0.0,0.0,0,0,0.0,0.0,,,,,,,,,,,,
3561,2026-04-23T08:25:21.709Z,S20260423_092137,N/A,AUTO,,223.833,0.056,N/A,0,1500,VIDE,0.0,0.0,0.0,0.0,0.0,0.0,0,0,0.0,0.0,,,,,,,,,,,,
3562,2026-04-23T08:25:21.772Z,S20260423_092137,N/A,AUTO,,223.896,0.0629,N/A,0,1500,VIDE,0.0,0.0,0.0,0.0,0.0,0.0,0,0,0.0,0.0,,,,,,,,,,,,
3563,2026-04-23T08:25:21.839Z,S20260423_092137,N/A,AUTO,,223.9623,0.0662,N/A,0,1500,VIDE,0.0,0.0,0.0,0.0,0.0,0.0,0,0,0.0,0.0,,,,,,,,,,,,
3564,2026-04-23T08:25:21.906Z,S20260423_092137,N/A,AUTO,,224.0297,0.0675,N/A,0,1500,VIDE,0.0,0.0,0.0,0.0,0.0,0.0,0,0,0.0,0.0,,,,,,,,,,,,
3565,2026-04-23T08:25:21.969Z,S20260423_092137,N/A,AUTO,,224.0931,0.0634,N/A,0,1500,VIDE,0.0,0.0,0.0,0.0,0.0,0.0,0,0,0.0,0.0,,,,,,,,,,,,
3566,2026-04-23T08:25:22.031Z,S20260423_092137,N/A,AUTO,,224.1551,0.062,N/A,0,1500,VIDE,0.0,0.0,0.0,0.0,0.0,0.0,0,0,0.0,0.0,,,,,,,,,,,,
3567,2026-04-23T08:25:22.093Z,S20260423_092137,N/A,AUTO,,224.2168,0.0617,N/A,0,1500,VIDE,0.0,0.0,0.0,0.0,0.0,0.0,0,0,0.0,0.0,,,,,,,,,,,,
3568,2026-04-23T08:25:22.150Z,S20260423_092137,N/A,AUTO,,224.2733,0.0565,N/A,0,1500,VIDE,0.0,0.0,0.0,0.0,0.0,0.0,0,0,0.0,0.0,,,,,,,,,,,,
3569,2026-04-23T08:25:22.213Z,S20260423_092137,N/A,AUTO,,224.3371,0.0639,N/A,0,1500,VIDE,0.0,0.0,0.0,0.0,0.0,0.0,0,0,0.0,0.0,,,,,,,,,,,,
3570,2026-04-23T08:25:22.273Z,S20260423_092137,N/A,AUTO,,224.3963,0.0592,N/A,0,1500,VIDE,0.0,0.0,0.0,0.0,0.0,0.0,0,0,0.0,0.0,,,,,,,,,,,,
3571,2026-04-23T08:25:22.339Z,S20260423_092137,N/A,AUTO,,224.4626,0.0663,N/A,0,1500,VIDE,0.0,0.0,0.0,0.0,0.0,0.0,0,0,0.0,0.0,,,,,,,,,,,,
3572,2026-04-23T08:25:22.403Z,S20260423_092137,N/A,AUTO,,224.5263,0.0637,N/A,0,1500,VIDE,0.0,0.0,0.0,0.0,0.0,0.0,0,0,0.0,0.0,,,,,,,,,,,,
3573,2026-04-23T08:25:22.465Z,S20260423_092137,N/A,AUTO,,224.589,0.0628,N/A,0,1500,VIDE,0.0,0.0,0.0,0.0,0.0,0.0,0,0,0.0,0.0,,,,,,,,,,,,
3574,2026-04-23T08:25:22.522Z,S20260423_092137,N/A,AUTO,,224.6453,0.0563,N/A,0,1500,VIDE,0.0,0.0,0.0,0.0,0.0,0.0,0,0,0.0,0.0,,,,,,,,,,,,
3575,2026-04-23T08:25:22.588Z,S20260423_092137,N/A,AUTO,,224.7116,0.0663,N/A,0,1500,VIDE,0.0,0.0,0.0,0.0,0.0,0.0,0,0,0.0,0.0,,,,,,,,,,,,
3576,2026-04-23T08:25:22.651Z,S20260423_092137,N/A,AUTO,,224.7749,0.0633,N/A,0,1500,VIDE,0.0,0.0,0.0,0.0,0.0,0.0,0,0,0.0,0.0,,,,,,,,,,,,
3577,2026-04-23T08:25:22.709Z,S20260423_092137,N/A,AUTO,,224.8331,0.0582,N/A,0,1500,VIDE,0.0,0.0,0.0,0.0,0.0,0.0,0,0,0.0,0.0,,,,,,,,,,,,
3578,2026-04-23T08:25:22.774Z,S20260423_092137,N/A,AUTO,,224.898,0.0649,N/A,0,1500,VIDE,0.0,0.0,0.0,0.0,0.0,0.0,0,0,0.0,0.0,,,,,,,,,,,,
3579,2026-04-23T08:25:22.838Z,S20260423_092137,N/A,AUTO,,224.9619,0.0639,N/A,0,1500,VIDE,0.0,0.0,0.0,0.0,0.0,0.0,0,0,0.0,0.0,,,,,,,,,,,,
3580,2026-04-23T08:25:22.901Z,S20260423_092137,N/A,AUTO,,225.0251,0.0632,N/A,0,1500,VIDE,0.0,0.0,0.0,0.0,0.0,0.0,0,0,0.0,0.0,,,,,,,,,,,,
3581,2026-04-23T08:25:22.960Z,S20260423_092137,N/A,AUTO,,225.0836,0.0585,N/A,0,1500,VIDE,0.0,0.0,0.0,0.0,0.0,0.0,0,0,0.0,0.0,,,,,,,,,,,,
3582,2026-04-23T08:25:23.025Z,S20260423_092137,N/A,AUTO,,225.149,0.0654,N/A,0,1500,VIDE,0.0,0.0,0.0,0.0,0.0,0.0,0,0,0.0,0.0,,,,,,,,,,,,
3583,2026-04-23T08:25:23.087Z,S20260423_092137,N/A,AUTO,,225.2109,0.0619,N/A,0,1500,VIDE,0.0,0.0,0.0,0.0,0.0,0.0,0,0,0.0,0.0,,,,,,,,,,,,
3584,2026-04-23T08:25:23.150Z,S20260423_092137,N/A,AUTO,,225.2735,0.0625,N/A,0,1500,VIDE,0.0,0.0,0.0,0.0,0.0,0.0,0,0,0.0,0.0,,,,,,,,,,,,
3585,2026-04-23T08:25:23.213Z,S20260423_092137,N/A,AUTO,,225.3364,0.0629,N/A,0,1500,VIDE,0.0,0.0,0.0,0.0,0.0,0.0,0,0,0.0,0.0,,,,,,,,,,,,
3586,2026-04-23T08:25:23.275Z,S20260423_092137,N/A,AUTO,,225.3986,0.0623,N/A,0,1500,VIDE,0.0,0.0,0.0,0.0,0.0,0.0,0,0,0.0,0.0,,,,,,,,,,,,
3587,2026-04-23T08:25:23.337Z,S20260423_092137,N/A,AUTO,,225.4603,0.0616,N/A,0,1500,VIDE,0.0,0.0,0.0,0.0,0.0,0.0,0,0,0.0,0.0,,,,,,,,,,,,
3588,2026-04-23T08:25:23.398Z,S20260423_092137,N/A,AUTO,,225.5218,0.0615,N/A,0,1500,VIDE,0.0,0.0,0.0,0.0,0.0,0.0,0,0,0.0,0.0,,,,,,,,,,,,
3589,2026-04-23T08:25:23.460Z,S20260423_092137,N/A,AUTO,,225.5838,0.0621,N/A,0,1500,VIDE,0.0,0.0,0.0,0.0,0.0,0.0,0,0,0.0,0.0,,,,,,,,,,,,
3590,2026-04-23T08:25:23.522Z,S20260423_092137,N/A,AUTO,,225.6452,0.0614,N/A,0,1500,VIDE,0.0,0.0,0.0,0.0,0.0,0.0,0,0,0.0,0.0,,,,,,,,,,,,
3591,2026-04-23T08:25:23.590Z,S20260423_092137,N/A,AUTO,,225.7133,0.068,N/A,0,1500,VIDE,0.0,0.0,0.0,0.0,0.0,0.0,0,0,0.0,0.0,,,,,,,,,,,,
3592,2026-04-23T08:25:23.661Z,S20260423_092137,N/A,AUTO,,225.7843,0.071,N/A,0,1500,VIDE,0.0,0.0,0.0,0.0,0.0,0.0,0,0,0.0,0.0,,,,,,,,,,,,
3593,2026-04-23T08:25:23.722Z,S20260423_092137,N/A,AUTO,,225.8458,0.0615,N/A,0,1500,VIDE,0.0,0.0,0.0,0.0,0.0,0.0,0,0,0.0,0.0,,,,,,,,,,,,
3594,2026-04-23T08:25:23.774Z,S20260423_092137,N/A,AUTO,,225.8975,0.0516,N/A,0,1500,VIDE,0.0,0.0,0.0,0.0,0.0,0.0,0,0,0.0,0.0,,,,,,,,,,,,
3595,2026-04-23T08:25:23.848Z,S20260423_092137,N/A,AUTO,,225.9714,0.074,N/A,0,1500,VIDE,0.0,0.0,0.0,0.0,0.0,0.0,0,0,0.0,0.0,,,,,,,,,,,,
3596,2026-04-23T08:25:23.910Z,S20260423_092137,N/A,AUTO,,226.0339,0.0625,N/A,0,1500,VIDE,0.0,0.0,0.0,0.0,0.0,0.0,0,0,0.0,0.0,,,,,,,,,,,,
3597,2026-04-23T08:25:23.959Z,S20260423_092137,N/A,AUTO,,226.083,0.049,N/A,0,1500,VIDE,0.0,0.0,0.0,0.0,0.0,0.0,0,0,0.0,0.0,,,,,,,,,,,,
3598,2026-04-23T08:25:24.028Z,S20260423_092137,N/A,AUTO,,226.1518,0.0689,N/A,0,1500,VIDE,0.0,0.0,0.0,0.0,0.0,0.0,0,0,0.0,0.0,,,,,,,,,,,,
3599,2026-04-23T08:25:24.094Z,S20260423_092137,N/A,AUTO,,226.2181,0.0662,N/A,0,1500,VIDE,0.0,0.0,0.0,0.0,0.0,0.0,0,0,0.0,0.0,,,,,,,,,,,,
3600,2026-04-23T08:25:24.158Z,S20260423_092137,N/A,AUTO,,226.2821,0.0641,N/A,0,1500,VIDE,0.0,0.0,0.0,0.0,0.0,0.0,0,0,0.0,0.0,,,,,,,,,,,,
3601,2026-04-23T08:25:24.213Z,S20260423_092137,N/A,AUTO,,226.3365,0.0545,N/A,0,1500,VIDE,0.0,0.0,0.0,0.0,0.0,0.0,0,0,0.0,0.0,,,,,,,,,,,,
3602,2026-04-23T08:25:24.280Z,S20260423_092137,N/A,AUTO,,226.4033,0.0667,N/A,0,1500,VIDE,0.0,0.0,0.0,0.0,0.0,0.0,0,0,0.0,0.0,,,,,,,,,,,,
3603,2026-04-23T08:25:24.344Z,S20260423_092137,N/A,AUTO,,226.4673,0.064,N/A,0,1500,VIDE,0.0,0.0,0.0,0.0,0.0,0.0,0,0,0.0,0.0,,,,,,,,,,,,
3604,2026-04-23T08:25:24.406Z,S20260423_092137,N/A,AUTO,,226.5298,0.0626,N/A,0,1500,VIDE,0.0,0.0,0.0,0.0,0.0,0.0,0,0,0.0,0.0,,,,,,,,,,,,
3605,2026-04-23T08:25:24.463Z,S20260423_092137,N/A,AUTO,,226.5865,0.0567,N/A,0,1500,VIDE,0.0,0.0,0.0,0.0,0.0,0.0,0,0,0.0,0.0,,,,,,,,,,,,
3606,2026-04-23T08:25:24.526Z,S20260423_092137,N/A,AUTO,,226.6497,0.0632,N/A,0,1500,VIDE,0.0,0.0,0.0,0.0,0.0,0.0,0,0,0.0,0.0,,,,,,,,,,,,
3607,2026-04-23T08:25:24.592Z,S20260423_092137,N/A,AUTO,,226.7154,0.0657,N/A,0,1500,VIDE,0.0,0.0,0.0,0.0,0.0,0.0,0,0,0.0,0.0,,,,,,,,,,,,
3608,2026-04-23T08:25:24.647Z,S20260423_092137,N/A,AUTO,,226.7702,0.0548,N/A,0,1500,VIDE,0.0,0.0,0.0,0.0,0.0,0.0,0,0,0.0,0.0,,,,,,,,,,,,
3609,2026-04-23T08:25:24.711Z,S20260423_092137,N/A,AUTO,,226.8346,0.0644,N/A,0,1500,VIDE,0.0,0.0,0.0,0.0,0.0,0.0,0,0,0.0,0.0,,,,,,,,,,,,
3610,2026-04-23T08:25:24.776Z,S20260423_092137,N/A,AUTO,,226.9,0.0653,N/A,0,1500,VIDE,0.0,0.0,0.0,0.0,0.0,0.0,0,0,0.0,0.0,,,,,,,,,,,,
3611,2026-04-23T08:25:24.840Z,S20260423_092137,N/A,AUTO,,226.9637,0.0638,N/A,0,1500,VIDE,0.0,0.0,0.0,0.0,0.0,0.0,0,0,0.0,0.0,,,,,,,,,,,,
3612,2026-04-23T08:25:24.901Z,S20260423_092137,N/A,AUTO,,227.025,0.0613,N/A,0,1500,VIDE,0.0,0.0,0.0,0.0,0.0,0.0,0,0,0.0,0.0,,,,,,,,,,,,
3613,2026-04-23T08:25:24.963Z,S20260423_092137,N/A,AUTO,,227.0863,0.0614,N/A,0,1500,VIDE,0.0,0.0,0.0,0.0,0.0,0.0,0,0,0.0,0.0,,,,,,,,,,,,
3614,2026-04-23T08:25:25.026Z,S20260423_092137,N/A,AUTO,,227.1493,0.0628,N/A,0,1500,VIDE,0.0,0.0,0.0,0.0,0.0,0.0,0,0,0.0,0.0,,,,,,,,,,,,
3615,2026-04-23T08:25:25.089Z,S20260423_092137,N/A,AUTO,,227.2136,0.0638,N/A,0,1500,VIDE,0.0,0.0,0.0,0.0,0.0,0.0,0,0,0.0,0.0,,,,,,,,,,,,
3616,2026-04-23T08:25:25.151Z,S20260423_092137,N/A,AUTO,,227.2747,0.0616,N/A,0,1500,VIDE,0.0,0.0,0.0,0.0,0.0,0.0,0,0,0.0,0.0,,,,,,,,,,,,
3617,2026-04-23T08:25:25.212Z,S20260423_092137,N/A,AUTO,,227.3359,0.0612,N/A,0,1500,VIDE,0.0,0.0,0.0,0.0,0.0,0.0,0,0,0.0,0.0,,,,,,,,,,,,
3618,2026-04-23T08:25:25.275Z,S20260423_092137,N/A,AUTO,,227.3983,0.0624,N/A,0,1500,VIDE,0.0,0.0,0.0,0.0,0.0,0.0,0,0,0.0,0.0,,,,,,,,,,,,
3619,2026-04-23T08:25:25.335Z,S20260423_092137,N/A,AUTO,,227.4586,0.0604,N/A,0,1500,VIDE,0.0,0.0,0.0,0.0,0.0,0.0,0,0,0.0,0.0,,,,,,,,,,,,
3620,2026-04-23T08:25:25.399Z,S20260423_092137,N/A,AUTO,,227.5225,0.0638,N/A,0,1500,VIDE,0.0,0.0,0.0,0.0,0.0,0.0,0,0,0.0,0.0,,,,,,,,,,,,
3621,2026-04-23T08:25:25.462Z,S20260423_092137,N/A,AUTO,,227.5859,0.0635,N/A,0,1500,VIDE,0.0,0.0,0.0,0.0,0.0,0.0,0,0,0.0,0.0,,,,,,,,,,,,
3622,2026-04-23T08:25:25.525Z,S20260423_092137,N/A,AUTO,,227.6488,0.0629,N/A,0,1500,VIDE,0.0,0.0,0.0,0.0,0.0,0.0,0,0,0.0,0.0,,,,,,,,,,,,
3623,2026-04-23T08:25:25.588Z,S20260423_092137,N/A,AUTO,,227.7112,0.0624,N/A,0,1500,VIDE,0.0,0.0,0.0,0.0,0.0,0.0,0,0,0.0,0.0,,,,,,,,,,,,
3624,2026-04-23T08:25:25.651Z,S20260423_092137,N/A,AUTO,,227.7742,0.063,N/A,0,1500,VIDE,0.0,0.0,0.0,0.0,0.0,0.0,0,0,0.0,0.0,,,,,,,,,,,,
3625,2026-04-23T08:25:25.712Z,S20260423_092137,N/A,AUTO,,227.8354,0.0612,N/A,0,1500,VIDE,0.0,0.0,0.0,0.0,0.0,0.0,0,0,0.0,0.0,,,,,,,,,,,,
3626,2026-04-23T08:25:25.776Z,S20260423_092137,N/A,AUTO,,227.8995,0.0641,N/A,0,1500,VIDE,0.0,0.0,0.0,0.0,0.0,0.0,0,0,0.0,0.0,,,,,,,,,,,,
3627,2026-04-23T08:25:25.836Z,S20260423_092137,N/A,AUTO,,227.9596,0.0601,N/A,0,1500,VIDE,0.0,0.0,0.0,0.0,0.0,0.0,0,0,0.0,0.0,,,,,,,,,,,,
3628,2026-04-23T08:25:25.897Z,S20260423_092137,N/A,AUTO,,228.0202,0.0607,N/A,0,1500,VIDE,0.0,0.0,0.0,0.0,0.0,0.0,0,0,0.0,0.0,,,,,,,,,,,,
3629,2026-04-23T08:25:25.960Z,S20260423_092137,N/A,AUTO,,228.0834,0.0632,N/A,0,1500,VIDE,0.0,0.0,0.0,0.0,0.0,0.0,0,0,0.0,0.0,,,,,,,,,,,,
3630,2026-04-23T08:25:26.021Z,S20260423_092137,N/A,AUTO,,228.145,0.0615,N/A,0,1500,VIDE,0.0,0.0,0.0,0.0,0.0,0.0,0,0,0.0,0.0,,,,,,,,,,,,
3631,2026-04-23T08:25:26.088Z,S20260423_092137,N/A,AUTO,,228.2117,0.0666,N/A,0,1500,VIDE,0.0,0.0,0.0,0.0,0.0,0.0,0,0,0.0,0.0,,,,,,,,,,,,
3632,2026-04-23T08:25:26.151Z,S20260423_092137,N/A,AUTO,,228.2746,0.0631,N/A,0,1500,VIDE,0.0,0.0,0.0,0.0,0.0,0.0,0,0,0.0,0.0,,,,,,,,,,,,
3633,2026-04-23T08:25:26.213Z,S20260423_092137,N/A,AUTO,,228.3366,0.0619,N/A,0,1500,VIDE,0.0,0.0,0.0,0.0,0.0,0.0,0,0,0.0,0.0,,,,,,,,,,,,
3634,2026-04-23T08:25:26.279Z,S20260423_092137,N/A,AUTO,,228.4026,0.066,N/A,0,1500,VIDE,0.0,0.0,0.0,0.0,0.0,0.0,0,0,0.0,0.0,,,,,,,,,,,,
3635,2026-04-23T08:25:26.343Z,S20260423_092137,N/A,AUTO,,228.467,0.0644,N/A,0,1500,VIDE,0.0,0.0,0.0,0.0,0.0,0.0,0,0,0.0,0.0,,,,,,,,,,,,
3636,2026-04-23T08:25:26.407Z,S20260423_092137,N/A,AUTO,,228.5311,0.0641,N/A,0,1500,VIDE,0.0,0.0,0.0,0.0,0.0,0.0,0,0,0.0,0.0,,,,,,,,,,,,
3637,2026-04-23T08:25:26.460Z,S20260423_092137,N/A,AUTO,,228.5841,0.053,N/A,0,1500,VIDE,0.0,0.0,0.0,0.0,0.0,0.0,0,0,0.0,0.0,,,,,,,,,,,,
3638,2026-04-23T08:25:26.526Z,S20260423_092137,N/A,AUTO,,228.6494,0.0653,N/A,0,1500,VIDE,0.0,0.0,0.0,0.0,0.0,0.0,0,0,0.0,0.0,,,,,,,,,,,,
3639,2026-04-23T08:25:26.595Z,S20260423_092137,N/A,AUTO,,228.7184,0.069,N/A,0,1500,VIDE,0.0,0.0,0.0,0.0,0.0,0.0,0,0,0.0,0.0,,,,,,,,,,,,
3640,2026-04-23T08:25:26.647Z,S20260423_092137,N/A,AUTO,,228.7703,0.0519,N/A,0,1500,VIDE,0.0,0.0,0.0,0.0,0.0,0.0,0,0,0.0,0.0,,,,,,,,,,,,
3641,2026-04-23T08:25:26.712Z,S20260423_092137,N/A,AUTO,,228.8352,0.0649,N/A,0,1500,VIDE,0.0,0.0,0.0,0.0,0.0,0.0,0,0,0.0,0.0,,,,,,,,,,,,
3642,2026-04-23T08:25:26.775Z,S20260423_092137,N/A,AUTO,,228.8992,0.064,N/A,0,1500,VIDE,0.0,0.0,0.0,0.0,0.0,0.0,0,0,0.0,0.0,,,,,,,,,,,,
3643,2026-04-23T08:25:26.840Z,S20260423_092137,N/A,AUTO,,228.964,0.0647,N/A,0,1500,VIDE,0.0,0.0,0.0,0.0,0.0,0.0,0,0,0.0,0.0,,,,,,,,,,,,
3644,2026-04-23T08:25:26.904Z,S20260423_092137,N/A,AUTO,,229.0276,0.0637,N/A,0,1500,VIDE,0.0,0.0,0.0,0.0,0.0,0.0,0,0,0.0,0.0,,,,,,,,,,,,
3645,2026-04-23T08:25:26.961Z,S20260423_092137,N/A,AUTO,,229.0851,0.0574,N/A,0,1500,VIDE,0.0,0.0,0.0,0.0,0.0,0.0,0,0,0.0,0.0,,,,,,,,,,,,
3646,2026-04-23T08:25:27.031Z,S20260423_092137,N/A,AUTO,,229.1552,0.07,N/A,0,1500,VIDE,0.0,0.0,0.0,0.0,0.0,0.0,0,0,0.0,0.0,,,,,,,,,,,,
3647,2026-04-23T08:25:27.094Z,S20260423_092137,N/A,AUTO,,229.2175,0.0625,N/A,0,1500,VIDE,0.0,0.0,0.0,0.0,0.0,0.0,0,0,0.0,0.0,,,,,,,,,,,,
3648,2026-04-23T08:25:27.158Z,S20260423_092137,N/A,AUTO,,229.282,0.0645,N/A,0,1500,VIDE,0.0,0.0,0.0,0.0,0.0,0.0,0,0,0.0,0.0,,,,,,,,,,,,
3649,2026-04-23T08:25:27.211Z,S20260423_092137,N/A,AUTO,,229.3345,0.0525,N/A,0,1500,VIDE,0.0,0.0,0.0,0.0,0.0,0.0,0,0,0.0,0.0,,,,,,,,,,,,
3650,2026-04-23T08:25:27.272Z,S20260423_092137,N/A,AUTO,,229.3953,0.0608,N/A,0,1500,VIDE,0.0,0.0,0.0,0.0,0.0,0.0,0,0,0.0,0.0,,,,,,,,,,,,
3651,2026-04-23T08:25:27.335Z,S20260423_092137,N/A,AUTO,,229.4583,0.0631,N/A,0,1500,VIDE,0.0,0.0,0.0,0.0,0.0,0.0,0,0,0.0,0.0,,,,,,,,,,,,
3652,2026-04-23T08:25:27.399Z,S20260423_092137,N/A,AUTO,,229.5226,0.0643,N/A,0,1500,VIDE,0.0,0.0,0.0,0.0,0.0,0.0,0,0,0.0,0.0,,,,,,,,,,,,
3653,2026-04-23T08:25:27.461Z,S20260423_092137,N/A,AUTO,,229.5843,0.0617,N/A,0,1500,VIDE,0.0,0.0,0.0,0.0,0.0,0.0,0,0,0.0,0.0,,,,,,,,,,,,
3654,2026-04-23T08:25:27.526Z,S20260423_092137,N/A,AUTO,,229.6492,0.065,N/A,0,1500,VIDE,0.0,0.0,0.0,0.0,0.0,0.0,0,0,0.0,0.0,,,,,,,,,,,,
3655,2026-04-23T08:25:27.590Z,S20260423_092137,N/A,AUTO,,229.7134,0.0641,N/A,0,1500,VIDE,0.0,0.0,0.0,0.0,0.0,0.0,0,0,0.0,0.0,,,,,,,,,,,,
3656,2026-04-23T08:25:27.648Z,S20260423_092137,N/A,AUTO,,229.7716,0.0583,N/A,0,1500,VIDE,0.0,0.0,0.0,0.0,0.0,0.0,0,0,0.0,0.0,,,,,,,,,,,,
3657,2026-04-23T08:25:27.710Z,S20260423_092137,N/A,AUTO,,229.8335,0.0619,N/A,0,1500,VIDE,0.0,0.0,0.0,0.0,0.0,0.0,0,0,0.0,0.0,,,,,,,,,,,,
3658,2026-04-23T08:25:27.779Z,S20260423_092137,N/A,AUTO,,229.9023,0.0687,N/A,0,1500,VIDE,0.0,0.0,0.0,0.0,0.0,0.0,0,0,0.0,0.0,,,,,,,,,,,,
3659,2026-04-23T08:25:27.841Z,S20260423_092137,N/A,AUTO,,229.9645,0.0623,N/A,0,1500,VIDE,0.0,0.0,0.0,0.0,0.0,0.0,0,0,0.0,0.0,,,,,,,,,,,,
3660,2026-04-23T08:25:27.903Z,S20260423_092137,N/A,AUTO,,230.0268,0.0622,N/A,0,1500,VIDE,0.0,0.0,0.0,0.0,0.0,0.0,0,0,0.0,0.0,,,,,,,,,,,,
3661,2026-04-23T08:25:27.959Z,S20260423_092137,N/A,AUTO,,230.0825,0.0557,N/A,0,1500,VIDE,0.0,0.0,0.0,0.0,0.0,0.0,0,0,0.0,0.0,,,,,,,,,,,,
3662,2026-04-23T08:25:28.024Z,S20260423_092137,N/A,AUTO,,230.1473,0.0649,N/A,0,1500,VIDE,0.0,0.0,0.0,0.0,0.0,0.0,0,0,0.0,0.0,,,,,,,,,,,,
3663,2026-04-23T08:25:28.088Z,S20260423_092137,N/A,AUTO,,230.2116,0.0642,N/A,0,1500,VIDE,0.0,0.0,0.0,0.0,0.0,0.0,0,0,0.0,0.0,,,,,,,,,,,,
3664,2026-04-23T08:25:28.150Z,S20260423_092137,N/A,AUTO,,230.2737,0.0621,N/A,0,1500,VIDE,0.0,0.0,0.0,0.0,0.0,0.0,0,0,0.0,0.0,,,,,,,,,,,,
3665,2026-04-23T08:25:28.210Z,S20260423_092137,N/A,AUTO,,230.3338,0.06,N/A,0,1500,VIDE,0.0,0.0,0.0,0.0,0.0,0.0,0,0,0.0,0.0,,,,,,,,,,,,
3666,2026-04-23T08:25:28.274Z,S20260423_092137,N/A,AUTO,,230.3975,0.0639,N/A,0,1500,VIDE,0.0,0.0,0.0,0.0,0.0,0.0,0,0,0.0,0.0,,,,,,,,,,,,
3667,2026-04-23T08:25:28.337Z,S20260423_092137,N/A,AUTO,,230.4609,0.0634,N/A,0,1500,VIDE,0.0,0.0,0.0,0.0,0.0,0.0,0,0,0.0,0.0,,,,,,,,,,,,
3668,2026-04-23T08:25:28.398Z,S20260423_092137,N/A,AUTO,,230.522,0.0612,N/A,0,1500,VIDE,0.0,0.0,0.0,0.0,0.0,0.0,0,0,0.0,0.0,,,,,,,,,,,,
3669,2026-04-23T08:25:28.461Z,S20260423_092137,N/A,AUTO,,230.585,0.0629,N/A,0,1500,VIDE,0.0,0.0,0.0,0.0,0.0,0.0,0,0,0.0,0.0,,,,,,,,,,,,
3670,2026-04-23T08:25:28.524Z,S20260423_092137,N/A,AUTO,,230.6474,0.0625,N/A,0,1500,VIDE,0.0,0.0,0.0,0.0,0.0,0.0,0,0,0.0,0.0,,,,,,,,,,,,
3671,2026-04-23T08:25:28.586Z,S20260423_092137,N/A,AUTO,,230.7101,0.0627,N/A,0,1500,VIDE,0.0,0.0,0.0,0.0,0.0,0.0,0,0,0.0,0.0,,,,,,,,,,,,
3672,2026-04-23T08:25:28.647Z,S20260423_092137,N/A,AUTO,,230.7703,0.0602,N/A,0,1500,VIDE,0.0,0.0,0.0,0.0,0.0,0.0,0,0,0.0,0.0,,,,,,,,,,,,
3673,2026-04-23T08:25:28.710Z,S20260423_092137,N/A,AUTO,,230.8337,0.0634,N/A,0,1500,VIDE,0.0,0.0,0.0,0.0,0.0,0.0,0,0,0.0,0.0,,,,,,,,,,,,
3674,2026-04-23T08:25:28.773Z,S20260423_092137,N/A,AUTO,,230.8967,0.0629,N/A,0,1500,VIDE,0.0,0.0,0.0,0.0,0.0,0.0,0,0,0.0,0.0,,,,,,,,,,,,
3675,2026-04-23T08:25:28.836Z,S20260423_092137,N/A,AUTO,,230.9599,0.0631,N/A,0,1500,VIDE,0.0,0.0,0.0,0.0,0.0,0.0,0,0,0.0,0.0,,,,,,,,,,,,
3676,2026-04-23T08:25:28.899Z,S20260423_092137,N/A,AUTO,,231.0231,0.0633,N/A,0,1500,VIDE,0.0,0.0,0.0,0.0,0.0,0.0,0,0,0.0,0.0,,,,,,,,,,,,
3677,2026-04-23T08:25:28.961Z,S20260423_092137,N/A,AUTO,,231.0844,0.0613,N/A,0,1500,VIDE,0.0,0.0,0.0,0.0,0.0,0.0,0,0,0.0,0.0,,,,,,,,,,,,
3678,2026-04-23T08:25:29.022Z,S20260423_092137,N/A,AUTO,,231.1455,0.061,N/A,0,1500,VIDE,0.0,0.0,0.0,0.0,0.0,0.0,0,0,0.0,0.0,,,,,,,,,,,,
3679,2026-04-23T08:25:29.085Z,S20260423_092137,N/A,AUTO,,231.2089,0.0635,N/A,0,1500,VIDE,0.0,0.0,0.0,0.0,0.0,0.0,0,0,0.0,0.0,,,,,,,,,,,,
3680,2026-04-23T08:25:29.147Z,S20260423_092137,N/A,AUTO,,231.2704,0.0615,N/A,0,1500,VIDE,0.0,0.0,0.0,0.0,0.0,0.0,0,0,0.0,0.0,,,,,,,,,,,,
3681,2026-04-23T08:25:29.210Z,S20260423_092137,N/A,AUTO,,231.3333,0.0628,N/A,0,1500,VIDE,0.0,0.0,0.0,0.0,0.0,0.0,0,0,0.0,0.0,,,,,,,,,,,,
3682,2026-04-23T08:25:29.278Z,S20260423_092137,N/A,AUTO,,231.402,0.0687,N/A,0,1500,VIDE,0.0,0.0,0.0,0.0,0.0,0.0,0,0,0.0,0.0,,,,,,,,,,,,
3683,2026-04-23T08:25:29.335Z,S20260423_092137,N/A,AUTO,,231.4592,0.0572,N/A,0,1500,VIDE,0.0,0.0,0.0,0.0,0.0,0.0,0,0,0.0,0.0,,,,,,,,,,,,
3684,2026-04-23T08:25:29.400Z,S20260423_092137,N/A,AUTO,,231.5237,0.0645,N/A,0,1500,VIDE,0.0,0.0,0.0,0.0,0.0,0.0,0,0,0.0,0.0,,,,,,,,,,,,
3685,2026-04-23T08:25:29.462Z,S20260423_092137,N/A,AUTO,,231.5854,0.0618,N/A,0,1500,VIDE,0.0,0.0,0.0,0.0,0.0,0.0,0,0,0.0,0.0,,,,,,,,,,,,
3686,2026-04-23T08:25:29.526Z,S20260423_092137,N/A,AUTO,,231.6496,0.0643,N/A,0,1500,VIDE,0.0,0.0,0.0,0.0,0.0,0.0,0,0,0.0,0.0,,,,,,,,,,,,
3687,2026-04-23T08:25:29.590Z,S20260423_092137,N/A,AUTO,,231.7137,0.0641,N/A,0,1500,VIDE,0.0,0.0,0.0,0.0,0.0,0.0,0,0,0.0,0.0,,,,,,,,,,,,
3688,2026-04-23T08:25:29.649Z,S20260423_092137,N/A,AUTO,,231.7725,0.0588,N/A,0,1500,VIDE,0.0,0.0,0.0,0.0,0.0,0.0,0,0,0.0,0.0,,,,,,,,,,,,
3689,2026-04-23T08:25:29.709Z,S20260423_092137,N/A,AUTO,,231.8331,0.0606,N/A,0,1500,VIDE,0.0,0.0,0.0,0.0,0.0,0.0,0,0,0.0,0.0,,,,,,,,,,,,
3690,2026-04-23T08:25:29.777Z,S20260423_092137,N/A,AUTO,,231.9012,0.068,N/A,0,1500,VIDE,0.0,0.0,0.0,0.0,0.0,0.0,0,0,0.0,0.0,,,,,,,,,,,,
3691,2026-04-23T08:25:29.844Z,S20260423_092137,N/A,AUTO,,231.9678,0.0666,N/A,0,1500,VIDE,0.0,0.0,0.0,0.0,0.0,0.0,0,0,0.0,0.0,,,,,,,,,,,,
3692,2026-04-23T08:25:29.903Z,S20260423_092137,N/A,AUTO,,232.0267,0.0588,N/A,0,1500,VIDE,0.0,0.0,0.0,0.0,0.0,0.0,0,0,0.0,0.0,,,,,,,,,,,,
3693,2026-04-23T08:25:29.960Z,S20260423_092137,N/A,AUTO,,232.0838,0.0572,N/A,0,1500,VIDE,0.0,0.0,0.0,0.0,0.0,0.0,0,0,0.0,0.0,,,,,,,,,,,,
3694,2026-04-23T08:25:30.024Z,S20260423_092137,N/A,AUTO,,232.1472,0.0634,N/A,0,1500,VIDE,0.0,0.0,0.0,0.0,0.0,0.0,0,0,0.0,0.0,,,,,,,,,,,,
3695,2026-04-23T08:25:30.088Z,S20260423_092137,N/A,AUTO,,232.2114,0.0642,N/A,0,1500,VIDE,0.0,0.0,0.0,0.0,0.0,0.0,0,0,0.0,0.0,,,,,,,,,,,,
3696,2026-04-23T08:25:30.151Z,S20260423_092137,N/A,AUTO,,232.2746,0.0632,N/A,0,1500,VIDE,0.0,0.0,0.0,0.0,0.0,0.0,0,0,0.0,0.0,,,,,,,,,,,,
3697,2026-04-23T08:25:30.212Z,S20260423_092137,N/A,AUTO,,232.3354,0.0607,N/A,0,1500,VIDE,0.0,0.0,0.0,0.0,0.0,0.0,0,0,0.0,0.0,,,,,,,,,,,,
3698,2026-04-23T08:25:30.280Z,S20260423_092137,N/A,AUTO,,232.4034,0.0682,N/A,0,1500,VIDE,0.0,0.0,0.0,0.0,0.0,0.0,0,0,0.0,0.0,,,,,,,,,,,,
3699,2026-04-23T08:25:30.343Z,S20260423_092137,N/A,AUTO,,232.4663,0.0628,N/A,0,1500,VIDE,0.0,0.0,0.0,0.0,0.0,0.0,0,0,0.0,0.0,,,,,,,,,,,,
3700,2026-04-23T08:25:30.404Z,S20260423_092137,N/A,AUTO,,232.5279,0.0616,N/A,0,1500,VIDE,0.0,0.0,0.0,0.0,0.0,0.0,0,0,0.0,0.0,,,,,,,,,,,,
3701,2026-04-23T08:25:30.463Z,S20260423_092137,N/A,AUTO,,232.5862,0.0584,N/A,0,1500,VIDE,0.0,0.0,0.0,0.0,0.0,0.0,0,0,0.0,0.0,,,,,,,,,,,,
3702,2026-04-23T08:25:30.526Z,S20260423_092137,N/A,AUTO,,232.6498,0.0636,N/A,0,1500,VIDE,0.0,0.0,0.0,0.0,0.0,0.0,0,0,0.0,0.0,,,,,,,,,,,,
3703,2026-04-23T08:25:30.590Z,S20260423_092137,N/A,AUTO,,232.7139,0.0641,N/A,0,1500,VIDE,0.0,0.0,0.0,0.0,0.0,0.0,0,0,0.0,0.0,,,,,,,,,,,,
3704,2026-04-23T08:25:30.647Z,S20260423_092137,N/A,AUTO,,232.7704,0.0564,N/A,0,1500,VIDE,0.0,0.0,0.0,0.0,0.0,0.0,0,0,0.0,0.0,,,,,,,,,,,,
3705,2026-04-23T08:25:30.710Z,S20260423_092137,N/A,AUTO,,232.8336,0.0633,N/A,0,1500,VIDE,0.0,0.0,0.0,0.0,0.0,0.0,0,0,0.0,0.0,,,,,,,,,,,,
3706,2026-04-23T08:25:30.775Z,S20260423_092137,N/A,AUTO,,232.8989,0.0651,N/A,0,1500,VIDE,0.0,0.0,0.0,0.0,0.0,0.0,0,0,0.0,0.0,,,,,,,,,,,,
3707,2026-04-23T08:25:30.840Z,S20260423_092137,N/A,AUTO,,232.964,0.0651,N/A,0,1500,VIDE,0.0,0.0,0.0,0.0,0.0,0.0,0,0,0.0,0.0,,,,,,,,,,,,
3708,2026-04-23T08:25:30.903Z,S20260423_092137,N/A,AUTO,,233.0263,0.0623,N/A,0,1500,VIDE,0.0,0.0,0.0,0.0,0.0,0.0,0,0,0.0,0.0,,,,,,,,,,,,
3709,2026-04-23T08:25:30.963Z,S20260423_092137,N/A,AUTO,,233.0867,0.0604,N/A,0,1500,VIDE,0.0,0.0,0.0,0.0,0.0,0.0,0,0,0.0,0.0,,,,,,,,,,,,
3710,2026-04-23T08:25:31.025Z,S20260423_092137,N/A,AUTO,,233.149,0.0623,N/A,0,1500,VIDE,0.0,0.0,0.0,0.0,0.0,0.0,0,0,0.0,0.0,,,,,,,,,,,,
3711,2026-04-23T08:25:31.089Z,S20260423_092137,N/A,AUTO,,233.2122,0.0632,N/A,0,1500,VIDE,0.0,0.0,0.0,0.0,0.0,0.0,0,0,0.0,0.0,,,,,,,,,,,,
3712,2026-04-23T08:25:31.147Z,S20260423_092137,N/A,AUTO,,233.2704,0.0582,N/A,0,1500,VIDE,0.0,0.0,0.0,0.0,0.0,0.0,0,0,0.0,0.0,,,,,,,,,,,,
3713,2026-04-23T08:25:31.212Z,S20260423_092137,N/A,AUTO,,233.3357,0.0651,N/A,0,1500,VIDE,0.0,0.0,0.0,0.0,0.0,0.0,0,0,0.0,0.0,,,,,,,,,,,,
3714,2026-04-23T08:25:31.271Z,S20260423_092137,N/A,AUTO,,233.3951,0.0594,N/A,0,1500,VIDE,0.0,0.0,0.0,0.0,0.0,0.0,0,0,0.0,0.0,,,,,,,,,,,,
3715,2026-04-23T08:25:31.335Z,S20260423_092137,N/A,AUTO,,233.459,0.064,N/A,0,1500,VIDE,0.0,0.0,0.0,0.0,0.0,0.0,0,0,0.0,0.0,,,,,,,,,,,,
3716,2026-04-23T08:25:31.398Z,S20260423_092137,N/A,AUTO,,233.522,0.063,N/A,0,1500,VIDE,0.0,0.0,0.0,0.0,0.0,0.0,0,0,0.0,0.0,,,,,,,,,,,,
3717,2026-04-23T08:25:31.463Z,S20260423_092137,N/A,AUTO,,233.5863,0.0643,N/A,0,1500,VIDE,0.0,0.0,0.0,0.0,0.0,0.0,0,0,0.0,0.0,,,,,,,,,,,,
3718,2026-04-23T08:25:31.524Z,S20260423_092137,N/A,AUTO,,233.6479,0.0616,N/A,0,1500,VIDE,0.0,0.0,0.0,0.0,0.0,0.0,0,0,0.0,0.0,,,,,,,,,,,,
3719,2026-04-23T08:25:31.583Z,S20260423_092137,N/A,AUTO,,233.707,0.0592,N/A,0,1500,VIDE,0.0,0.0,0.0,0.0,0.0,0.0,0,0,0.0,0.0,,,,,,,,,,,,
3720,2026-04-23T08:25:31.654Z,S20260423_092137,N/A,AUTO,,233.7772,0.0702,N/A,0,1500,VIDE,0.0,0.0,0.0,0.0,0.0,0.0,0,0,0.0,0.0,,,,,,,,,,,,
3721,2026-04-23T08:25:31.711Z,S20260423_092137,N/A,AUTO,,233.8348,0.0575,N/A,0,1500,VIDE,0.0,0.0,0.0,0.0,0.0,0.0,0,0,0.0,0.0,,,,,,,,,,,,
3722,2026-04-23T08:25:31.778Z,S20260423_092137,N/A,AUTO,,233.9014,0.0666,N/A,0,1500,VIDE,0.0,0.0,0.0,0.0,0.0,0.0,0,0,0.0,0.0,,,,,,,,,,,,
3723,2026-04-23T08:25:31.838Z,S20260423_092137,N/A,AUTO,,233.9618,0.0605,N/A,0,1500,VIDE,0.0,0.0,0.0,0.0,0.0,0.0,0,0,0.0,0.0,,,,,,,,,,,,
3724,2026-04-23T08:25:31.902Z,S20260423_092137,N/A,AUTO,,234.0256,0.0638,N/A,0,1500,VIDE,0.0,0.0,0.0,0.0,0.0,0.0,0,0,0.0,0.0,,,,,,,,,,,,
3725,2026-04-23T08:25:31.960Z,S20260423_092137,N/A,AUTO,,234.0835,0.0579,N/A,0,1500,VIDE,0.0,0.0,0.0,0.0,0.0,0.0,0,0,0.0,0.0,,,,,,,,,,,,
3726,2026-04-23T08:25:32.024Z,S20260423_092137,N/A,AUTO,,234.1473,0.0637,N/A,0,1500,VIDE,0.0,0.0,0.0,0.0,0.0,0.0,0,0,0.0,0.0,,,,,,,,,,,,
3727,2026-04-23T08:25:32.084Z,S20260423_092137,N/A,AUTO,,234.2081,0.0609,N/A,0,1500,VIDE,0.0,0.0,0.0,0.0,0.0,0.0,0,0,0.0,0.0,,,,,,,,,,,,
3728,2026-04-23T08:25:32.151Z,S20260423_092137,N/A,AUTO,,234.2749,0.0668,N/A,0,1500,VIDE,0.0,0.0,0.0,0.0,0.0,0.0,0,0,0.0,0.0,,,,,,,,,,,,
3729,2026-04-23T08:25:32.210Z,S20260423_092137,N/A,AUTO,,234.3341,0.0592,N/A,0,1500,VIDE,0.0,0.0,0.0,0.0,0.0,0.0,0,0,0.0,0.0,,,,,,,,,,,,
3730,2026-04-23T08:25:32.279Z,S20260423_092137,N/A,AUTO,,234.4024,0.0682,N/A,0,1500,VIDE,0.0,0.0,0.0,0.0,0.0,0.0,0,0,0.0,0.0,,,,,,,,,,,,
3731,2026-04-23T08:25:32.343Z,S20260423_092137,N/A,AUTO,,234.4667,0.0644,N/A,0,1500,VIDE,0.0,0.0,0.0,0.0,0.0,0.0,0,0,0.0,0.0,,,,,,,,,,,,
3732,2026-04-23T08:25:32.404Z,S20260423_092137,N/A,AUTO,,234.528,0.0613,N/A,0,1500,VIDE,0.0,0.0,0.0,0.0,0.0,0.0,0,0,0.0,0.0,,,,,,,,,,,,
3733,2026-04-23T08:25:32.463Z,S20260423_092137,N/A,AUTO,,234.5866,0.0586,N/A,0,1500,VIDE,0.0,0.0,0.0,0.0,0.0,0.0,0,0,0.0,0.0,,,,,,,,,,,,
3734,2026-04-23T08:25:32.524Z,S20260423_092137,N/A,AUTO,,234.6476,0.061,N/A,0,1500,VIDE,0.0,0.0,0.0,0.0,0.0,0.0,0,0,0.0,0.0,,,,,,,,,,,,
3735,2026-04-23T08:25:32.583Z,S20260423_092137,N/A,AUTO,,234.707,0.0594,N/A,0,1500,VIDE,0.0,0.0,0.0,0.0,0.0,0.0,0,0,0.0,0.0,,,,,,,,,,,,
3736,2026-04-23T08:25:32.647Z,S20260423_092137,N/A,AUTO,,234.7708,0.0638,N/A,0,1500,VIDE,0.0,0.0,0.0,0.0,0.0,0.0,0,0,0.0,0.0,,,,,,,,,,,,
3737,2026-04-23T08:25:32.710Z,S20260423_092137,N/A,AUTO,,234.8333,0.0625,N/A,0,1500,VIDE,0.0,0.0,0.0,0.0,0.0,0.0,0,0,0.0,0.0,,,,,,,,,,,,
3738,2026-04-23T08:25:32.775Z,S20260423_092137,N/A,AUTO,,234.8985,0.0651,N/A,0,1500,VIDE,0.0,0.0,0.0,0.0,0.0,0.0,0,0,0.0,0.0,,,,,,,,,,,,
3739,2026-04-23T08:25:32.839Z,S20260423_092137,N/A,AUTO,,234.9627,0.0642,N/A,0,1500,VIDE,0.0,0.0,0.0,0.0,0.0,0.0,0,0,0.0,0.0,,,,,,,,,,,,
3740,2026-04-23T08:25:32.903Z,S20260423_092137,N/A,AUTO,,235.0272,0.0644,N/A,0,1500,VIDE,0.0,0.0,0.0,0.0,0.0,0.0,0,0,0.0,0.0,,,,,,,,,,,,
3741,2026-04-23T08:25:32.963Z,S20260423_092137,N/A,AUTO,,235.0869,0.0599,N/A,0,1500,VIDE,0.0,0.0,0.0,0.0,0.0,0.0,0,0,0.0,0.0,,,,,,,,,,,,
3742,2026-04-23T08:25:33.025Z,S20260423_092137,N/A,AUTO,,235.1484,0.0614,N/A,0,1500,VIDE,0.0,0.0,0.0,0.0,0.0,0.0,0,0,0.0,0.0,,,,,,,,,,,,
3743,2026-04-23T08:25:33.085Z,S20260423_092137,N/A,AUTO,,235.2085,0.0602,N/A,0,1500,VIDE,0.0,0.0,0.0,0.0,0.0,0.0,0,0,0.0,0.0,,,,,,,,,,,,
3744,2026-04-23T08:25:33.147Z,S20260423_092137,N/A,AUTO,,235.2711,0.0624,N/A,0,1500,VIDE,0.0,0.0,0.0,0.0,0.0,0.0,0,0,0.0,0.0,,,,,,,,,,,,
3745,2026-04-23T08:25:33.213Z,S20260423_092137,N/A,AUTO,,235.3371,0.0662,N/A,0,1500,VIDE,0.0,0.0,0.0,0.0,0.0,0.0,0,0,0.0,0.0,,,,,,,,,,,,
3746,2026-04-23T08:25:33.280Z,S20260423_092137,N/A,AUTO,,235.4035,0.0663,N/A,0,1500,VIDE,0.0,0.0,0.0,0.0,0.0,0.0,0,0,0.0,0.0,,,,,,,,,,,,
3747,2026-04-23T08:25:33.335Z,S20260423_092137,N/A,AUTO,,235.4586,0.0551,N/A,0,1500,VIDE,0.0,0.0,0.0,0.0,0.0,0.0,0,0,0.0,0.0,,,,,,,,,,,,
3748,2026-04-23T08:25:33.400Z,S20260423_092137,N/A,AUTO,,235.5235,0.0649,N/A,0,1500,VIDE,0.0,0.0,0.0,0.0,0.0,0.0,0,0,0.0,0.0,,,,,,,,,,,,
3749,2026-04-23T08:25:33.463Z,S20260423_092137,N/A,AUTO,,235.5864,0.0627,N/A,0,1500,VIDE,0.0,0.0,0.0,0.0,0.0,0.0,0,0,0.0,0.0,,,,,,,,,,,,
3750,2026-04-23T08:25:33.524Z,S20260423_092137,N/A,AUTO,,235.6473,0.0611,N/A,0,1500,VIDE,0.0,0.0,0.0,0.0,0.0,0.0,0,0,0.0,0.0,,,,,,,,,,,,
3751,2026-04-23T08:25:33.584Z,S20260423_092137,N/A,AUTO,,235.7075,0.0602,N/A,0,1500,VIDE,0.0,0.0,0.0,0.0,0.0,0.0,0,0,0.0,0.0,,,,,,,,,,,,
3752,2026-04-23T08:25:33.651Z,S20260423_092137,N/A,AUTO,,235.7743,0.0668,N/A,0,1500,VIDE,0.0,0.0,0.0,0.0,0.0,0.0,0,0,0.0,0.0,,,,,,,,,,,,
3753,2026-04-23T08:25:33.709Z,S20260423_092137,N/A,AUTO,,235.8331,0.0588,N/A,0,1500,VIDE,0.0,0.0,0.0,0.0,0.0,0.0,0,0,0.0,0.0,,,,,,,,,,,,
3754,2026-04-23T08:25:33.777Z,S20260423_092137,N/A,AUTO,,235.9007,0.0675,N/A,0,1500,VIDE,0.0,0.0,0.0,0.0,0.0,0.0,0,0,0.0,0.0,,,,,,,,,,,,
3755,2026-04-23T08:25:33.837Z,S20260423_092137,N/A,AUTO,,235.9608,0.0602,N/A,0,1500,VIDE,0.0,0.0,0.0,0.0,0.0,0.0,0,0,0.0,0.0,,,,,,,,,,,,
3756,2026-04-23T08:25:33.899Z,S20260423_092137,N/A,AUTO,,236.0224,0.0616,N/A,0,1500,VIDE,0.0,0.0,0.0,0.0,0.0,0.0,0,0,0.0,0.0,,,,,,,,,,,,
3757,2026-04-23T08:25:33.961Z,S20260423_092137,N/A,AUTO,,236.0845,0.062,N/A,0,1500,VIDE,0.0,0.0,0.0,0.0,0.0,0.0,0,0,0.0,0.0,,,,,,,,,,,,
3758,2026-04-23T08:25:34.022Z,S20260423_092137,N/A,AUTO,,236.1455,0.061,N/A,0,1500,VIDE,0.0,0.0,0.0,0.0,0.0,0.0,0,0,0.0,0.0,,,,,,,,,,,,
3759,2026-04-23T08:25:34.084Z,S20260423_092137,N/A,AUTO,,236.2078,0.0623,N/A,0,1500,VIDE,0.0,0.0,0.0,0.0,0.0,0.0,0,0,0.0,0.0,,,,,,,,,,,,
3760,2026-04-23T08:25:34.151Z,S20260423_092137,N/A,AUTO,,236.2751,0.0674,N/A,0,1500,VIDE,0.0,0.0,0.0,0.0,0.0,0.0,0,0,0.0,0.0,,,,,,,,,,,,
3761,2026-04-23T08:25:34.213Z,S20260423_092137,N/A,AUTO,,236.3363,0.0611,N/A,0,1500,VIDE,0.0,0.0,0.0,0.0,0.0,0.0,0,0,0.0,0.0,,,,,,,,,,,,
3762,2026-04-23T08:25:34.277Z,S20260423_092137,N/A,AUTO,,236.4009,0.0647,N/A,0,1500,VIDE,0.0,0.0,0.0,0.0,0.0,0.0,0,0,0.0,0.0,,,,,,,,,,,,
3763,2026-04-23T08:25:34.344Z,S20260423_092137,N/A,AUTO,,236.4674,0.0665,N/A,0,1500,VIDE,0.0,0.0,0.0,0.0,0.0,0.0,0,0,0.0,0.0,,,,,,,,,,,,
3764,2026-04-23T08:25:34.404Z,S20260423_092137,N/A,AUTO,,236.5279,0.0606,N/A,0,1500,VIDE,0.0,0.0,0.0,0.0,0.0,0.0,0,0,0.0,0.0,,,,,,,,,,,,
3765,2026-04-23T08:25:34.465Z,S20260423_092137,N/A,AUTO,,236.5884,0.0604,N/A,0,1500,VIDE,0.0,0.0,0.0,0.0,0.0,0.0,0,0,0.0,0.0,,,,,,,,,,,,
3766,2026-04-23T08:25:34.524Z,S20260423_092137,N/A,AUTO,,236.6479,0.0596,N/A,0,1500,VIDE,0.0,0.0,0.0,0.0,0.0,0.0,0,0,0.0,0.0,,,,,,,,,,,,
3767,2026-04-23T08:25:34.584Z,S20260423_092137,N/A,AUTO,,236.7075,0.0596,N/A,0,1500,VIDE,0.0,0.0,0.0,0.0,0.0,0.0,0,0,0.0,0.0,,,,,,,,,,,,
3768,2026-04-23T08:25:34.647Z,S20260423_092137,N/A,AUTO,,236.7707,0.0632,N/A,0,1500,VIDE,0.0,0.0,0.0,0.0,0.0,0.0,0,0,0.0,0.0,,,,,,,,,,,,
3769,2026-04-23T08:25:34.711Z,S20260423_092137,N/A,AUTO,,236.8343,0.0636,N/A,0,1500,VIDE,0.0,0.0,0.0,0.0,0.0,0.0,0,0,0.0,0.0,,,,,,,,,,,,
3770,2026-04-23T08:25:34.772Z,S20260423_092137,N/A,AUTO,,236.8954,0.0611,N/A,0,1500,VIDE,0.0,0.0,0.0,0.0,0.0,0.0,0,0,0.0,0.0,,,,,,,,,,,,
3771,2026-04-23T08:25:34.841Z,S20260423_092137,N/A,AUTO,,236.9645,0.0689,N/A,0,1500,VIDE,0.0,0.0,0.0,0.0,0.0,0.0,0,0,0.0,0.0,,,,,,,,,,,,
3772,2026-04-23T08:25:34.903Z,S20260423_092137,N/A,AUTO,,237.0265,0.0622,N/A,0,1500,VIDE,0.0,0.0,0.0,0.0,0.0,0.0,0,0,0.0,0.0,,,,,,,,,,,,
3773,2026-04-23T08:25:34.961Z,S20260423_092137,N/A,AUTO,,237.0846,0.0581,N/A,0,1500,VIDE,0.0,0.0,0.0,0.0,0.0,0.0,0,0,0.0,0.0,,,,,,,,,,,,
3774,2026-04-23T08:25:35.024Z,S20260423_092137,N/A,AUTO,,237.1476,0.063,N/A,0,1500,VIDE,0.0,0.0,0.0,0.0,0.0,0.0,0,0,0.0,0.0,,,,,,,,,,,,
3775,2026-04-23T08:25:35.084Z,S20260423_092137,N/A,AUTO,,237.2079,0.0602,N/A,0,1500,VIDE,0.0,0.0,0.0,0.0,0.0,0.0,0,0,0.0,0.0,,,,,,,,,,,,
3776,2026-04-23T08:25:35.157Z,S20260423_092137,N/A,AUTO,,237.2808,0.073,N/A,0,1500,VIDE,0.0,0.0,0.0,0.0,0.0,0.0,0,0,0.0,0.0,,,,,,,,,,,,
3777,2026-04-23T08:25:35.212Z,S20260423_092137,N/A,AUTO,,237.3356,0.0548,N/A,0,1500,VIDE,0.0,0.0,0.0,0.0,0.0,0.0,0,0,0.0,0.0,,,,,,,,,,,,
3778,2026-04-23T08:25:35.271Z,S20260423_092137,N/A,AUTO,,237.3947,0.0591,N/A,0,1500,VIDE,0.0,0.0,0.0,0.0,0.0,0.0,0,0,0.0,0.0,,,,,,,,,,,,
3779,2026-04-23T08:25:35.335Z,S20260423_092137,N/A,AUTO,,237.4587,0.064,N/A,0,1500,VIDE,0.0,0.0,0.0,0.0,0.0,0.0,0,0,0.0,0.0,,,,,,,,,,,,
3780,2026-04-23T08:25:35.397Z,S20260423_092137,N/A,AUTO,,237.5212,0.0623,N/A,0,1500,VIDE,0.0,0.0,0.0,0.0,0.0,0.0,0,0,0.0,0.0,,,,,,,,,,,,
3781,2026-04-23T08:25:35.463Z,S20260423_092137,N/A,AUTO,,237.5871,0.066,N/A,0,1500,VIDE,0.0,0.0,0.0,0.0,0.0,0.0,0,0,0.0,0.0,,,,,,,,,,,,
3782,2026-04-23T08:25:35.524Z,S20260423_092137,N/A,AUTO,,237.6476,0.0605,N/A,0,1500,VIDE,0.0,0.0,0.0,0.0,0.0,0.0,0,0,0.0,0.0,,,,,,,,,,,,
3783,2026-04-23T08:25:35.584Z,S20260423_092137,N/A,AUTO,,237.7072,0.0596,N/A,0,1500,VIDE,0.0,0.0,0.0,0.0,0.0,0.0,0,0,0.0,0.0,,,,,,,,,,,,
3784,2026-04-23T08:25:35.655Z,S20260423_092137,N/A,AUTO,,237.7783,0.071,N/A,0,1500,VIDE,0.0,0.0,0.0,0.0,0.0,0.0,0,0,0.0,0.0,,,,,,,,,,,,
3785,2026-04-23T08:25:35.716Z,S20260423_092137,N/A,AUTO,,237.8397,0.0614,N/A,0,1500,VIDE,0.0,0.0,0.0,0.0,0.0,0.0,0,0,0.0,0.0,,,,,,,,,,,,
3786,2026-04-23T08:25:35.777Z,S20260423_092137,N/A,AUTO,,237.9009,0.0611,N/A,0,1500,VIDE,0.0,0.0,0.0,0.0,0.0,0.0,0,0,0.0,0.0,,,,,,,,,,,,
3787,2026-04-23T08:25:35.841Z,S20260423_092137,N/A,AUTO,,237.9643,0.0634,N/A,0,1500,VIDE,0.0,0.0,0.0,0.0,0.0,0.0,0,0,0.0,0.0,,,,,,,,,,,,
3788,2026-04-23T08:25:35.897Z,S20260423_092137,N/A,AUTO,,238.0206,0.0563,N/A,0,1500,VIDE,0.0,0.0,0.0,0.0,0.0,0.0,0,0,0.0,0.0,,,,,,,,,,,,
3789,2026-04-23T08:25:35.960Z,S20260423_092137,N/A,AUTO,,238.084,0.0634,N/A,0,1500,VIDE,0.0,0.0,0.0,0.0,0.0,0.0,0,0,0.0,0.0,,,,,,,,,,,,
3790,2026-04-23T08:25:36.023Z,S20260423_092137,N/A,AUTO,,238.1471,0.0632,N/A,0,1500,VIDE,0.0,0.0,0.0,0.0,0.0,0.0,0,0,0.0,0.0,,,,,,,,,,,,
3791,2026-04-23T08:25:36.084Z,S20260423_092137,N/A,AUTO,,238.2075,0.0604,N/A,0,1500,VIDE,0.0,0.0,0.0,0.0,0.0,0.0,0,0,0.0,0.0,,,,,,,,,,,,
3792,2026-04-23T08:25:36.149Z,S20260423_092137,N/A,AUTO,,238.2726,0.0651,N/A,0,1500,VIDE,0.0,0.0,0.0,0.0,0.0,0.0,0,0,0.0,0.0,,,,,,,,,,,,
3793,2026-04-23T08:25:36.210Z,S20260423_092137,N/A,AUTO,,238.3337,0.0611,N/A,0,1500,VIDE,0.0,0.0,0.0,0.0,0.0,0.0,0,0,0.0,0.0,,,,,,,,,,,,
3794,2026-04-23T08:25:36.272Z,S20260423_092137,N/A,AUTO,,238.3955,0.0617,N/A,0,1500,VIDE,0.0,0.0,0.0,0.0,0.0,0.0,0,0,0.0,0.0,,,,,,,,,,,,
3795,2026-04-23T08:25:36.336Z,S20260423_092137,N/A,AUTO,,238.4592,0.0637,N/A,0,1500,VIDE,0.0,0.0,0.0,0.0,0.0,0.0,0,0,0.0,0.0,,,,,,,,,,,,
3796,2026-04-23T08:25:36.396Z,S20260423_092137,N/A,AUTO,,238.52,0.0609,N/A,0,1500,VIDE,0.0,0.0,0.0,0.0,0.0,0.0,0,0,0.0,0.0,,,,,,,,,,,,
3797,2026-04-23T08:25:36.463Z,S20260423_092137,N/A,AUTO,,238.5863,0.0663,N/A,0,1500,VIDE,0.0,0.0,0.0,0.0,0.0,0.0,0,0,0.0,0.0,,,,,,,,,,,,
3798,2026-04-23T08:25:36.522Z,S20260423_092137,N/A,AUTO,,238.6459,0.0595,N/A,0,1500,VIDE,0.0,0.0,0.0,0.0,0.0,0.0,0,0,0.0,0.0,,,,,,,,,,,,
3799,2026-04-23T08:25:36.584Z,S20260423_092137,N/A,AUTO,,238.708,0.0621,N/A,0,1500,VIDE,0.0,0.0,0.0,0.0,0.0,0.0,0,0,0.0,0.0,,,,,,,,,,,,
3800,2026-04-23T08:25:36.647Z,S20260423_092137,N/A,AUTO,,238.7702,0.0623,N/A,0,1500,VIDE,0.0,0.0,0.0,0.0,0.0,0.0,0,0,0.0,0.0,,,,,,,,,,,,
3801,2026-04-23T08:25:36.710Z,S20260423_092137,N/A,AUTO,,238.8333,0.063,N/A,0,1500,VIDE,0.0,0.0,0.0,0.0,0.0,0.0,0,0,0.0,0.0,,,,,,,,,,,,
3802,2026-04-23T08:25:36.773Z,S20260423_092137,N/A,AUTO,,238.8963,0.063,N/A,0,1500,VIDE,0.0,0.0,0.0,0.0,0.0,0.0,0,0,0.0,0.0,,,,,,,,,,,,
3803,2026-04-23T08:25:36.839Z,S20260423_092137,N/A,AUTO,,238.9629,0.0666,N/A,0,1500,VIDE,0.0,0.0,0.0,0.0,0.0,0.0,0,0,0.0,0.0,,,,,,,,,,,,
3804,2026-04-23T08:25:36.903Z,S20260423_092137,N/A,AUTO,,239.0267,0.0639,N/A,0,1500,VIDE,0.0,0.0,0.0,0.0,0.0,0.0,0,0,0.0,0.0,,,,,,,,,,,,
3805,2026-04-23T08:25:36.961Z,S20260423_092137,N/A,AUTO,,239.0842,0.0576,N/A,0,1500,VIDE,0.0,0.0,0.0,0.0,0.0,0.0,0,0,0.0,0.0,,,,,,,,,,,,
3806,2026-04-23T08:25:37.025Z,S20260423_092137,N/A,AUTO,,239.1482,0.0639,N/A,0,1500,VIDE,0.0,0.0,0.0,0.0,0.0,0.0,0,0,0.0,0.0,,,,,,,,,,,,
3807,2026-04-23T08:25:37.085Z,S20260423_092137,N/A,AUTO,,239.2084,0.0602,N/A,0,1500,VIDE,0.0,0.0,0.0,0.0,0.0,0.0,0,0,0.0,0.0,,,,,,,,,,,,
3808,2026-04-23T08:25:37.146Z,S20260423_092137,N/A,AUTO,,239.2702,0.0617,N/A,0,1500,VIDE,0.0,0.0,0.0,0.0,0.0,0.0,0,0,0.0,0.0,,,,,,,,,,,,
3809,2026-04-23T08:25:37.214Z,S20260423_092137,N/A,AUTO,,239.3375,0.0674,N/A,0,1500,VIDE,0.0,0.0,0.0,0.0,0.0,0.0,0,0,0.0,0.0,,,,,,,,,,,,
3810,2026-04-23T08:25:37.279Z,S20260423_092137,N/A,AUTO,,239.4029,0.0654,N/A,0,1500,VIDE,0.0,0.0,0.0,0.0,0.0,0.0,0,0,0.0,0.0,,,,,,,,,,,,
3811,2026-04-23T08:25:37.335Z,S20260423_092137,N/A,AUTO,,239.4583,0.0554,N/A,0,1500,VIDE,0.0,0.0,0.0,0.0,0.0,0.0,0,0,0.0,0.0,,,,,,,,,,,,
3812,2026-04-23T08:25:37.397Z,S20260423_092137,N/A,AUTO,,239.5207,0.0624,N/A,0,1500,VIDE,0.0,0.0,0.0,0.0,0.0,0.0,0,0,0.0,0.0,,,,,,,,,,,,
3813,2026-04-23T08:25:37.463Z,S20260423_092137,N/A,AUTO,,239.5871,0.0664,N/A,0,1500,VIDE,0.0,0.0,0.0,0.0,0.0,0.0,0,0,0.0,0.0,,,,,,,,,,,,
3814,2026-04-23T08:25:37.524Z,S20260423_092137,N/A,AUTO,,239.6481,0.0611,N/A,0,1500,VIDE,0.0,0.0,0.0,0.0,0.0,0.0,0,0,0.0,0.0,,,,,,,,,,,,
3815,2026-04-23T08:25:37.584Z,S20260423_092137,N/A,AUTO,,239.7079,0.0598,N/A,0,1500,VIDE,0.0,0.0,0.0,0.0,0.0,0.0,0,0,0.0,0.0,,,,,,,,,,,,
3816,2026-04-23T08:25:37.655Z,S20260423_092137,N/A,AUTO,,239.7782,0.0704,N/A,0,1500,VIDE,0.0,0.0,0.0,0.0,0.0,0.0,0,0,0.0,0.0,,,,,,,,,,,,
3817,2026-04-23T08:25:37.710Z,S20260423_092137,N/A,AUTO,,239.8332,0.0549,N/A,0,1500,VIDE,0.0,0.0,0.0,0.0,0.0,0.0,0,0,0.0,0.0,,,,,,,,,,,,
3818,2026-04-23T08:25:37.779Z,S20260423_092137,N/A,AUTO,,239.9031,0.0699,N/A,0,1500,VIDE,0.0,0.0,0.0,0.0,0.0,0.0,0,0,0.0,0.0,,,,,,,,,,,,
3819,2026-04-23T08:25:37.844Z,S20260423_092137,N/A,AUTO,,239.9673,0.0642,N/A,0,1500,VIDE,0.0,0.0,0.0,0.0,0.0,0.0,0,0,0.0,0.0,,,,,,,,,,,,
3820,2026-04-23T08:25:37.905Z,S20260423_092137,N/A,AUTO,,240.0284,0.0611,N/A,0,1500,VIDE,0.0,0.0,0.0,0.0,0.0,0.0,0,0,0.0,0.0,,,,,,,,,,,,
3821,2026-04-23T08:25:37.959Z,S20260423_092137,N/A,AUTO,,240.0826,0.0542,N/A,0,1500,VIDE,0.0,0.0,0.0,0.0,0.0,0.0,0,0,0.0,0.0,,,,,,,,,,,,
3822,2026-04-23T08:25:38.024Z,S20260423_092137,N/A,AUTO,,240.1475,0.065,N/A,0,1500,VIDE,0.0,0.0,0.0,0.0,0.0,0.0,0,0,0.0,0.0,,,,,,,,,,,,
3823,2026-04-23T08:25:38.084Z,S20260423_092137,N/A,AUTO,,240.2074,0.0598,N/A,0,1500,VIDE,0.0,0.0,0.0,0.0,0.0,0.0,0,0,0.0,0.0,,,,,,,,,,,,
3824,2026-04-23T08:25:38.147Z,S20260423_092137,N/A,AUTO,,240.2702,0.0629,N/A,0,1500,VIDE,0.0,0.0,0.0,0.0,0.0,0.0,0,0,0.0,0.0,,,,,,,,,,,,
3825,2026-04-23T08:25:38.213Z,S20260423_092137,N/A,AUTO,,240.3365,0.0663,N/A,0,1500,VIDE,0.0,0.0,0.0,0.0,0.0,0.0,0,0,0.0,0.0,,,,,,,,,,,,
3826,2026-04-23T08:25:38.279Z,S20260423_092137,N/A,AUTO,,240.4031,0.0666,N/A,0,1500,VIDE,0.0,0.0,0.0,0.0,0.0,0.0,0,0,0.0,0.0,,,,,,,,,,,,
3827,2026-04-23T08:25:38.341Z,S20260423_092137,N/A,AUTO,,240.4651,0.062,N/A,0,1500,VIDE,0.0,0.0,0.0,0.0,0.0,0.0,0,0,0.0,0.0,,,,,,,,,,,,
3828,2026-04-23T08:25:38.399Z,S20260423_092137,N/A,AUTO,,240.5224,0.0572,N/A,0,1500,VIDE,0.0,0.0,0.0,0.0,0.0,0.0,0,0,0.0,0.0,,,,,,,,,,,,
3829,2026-04-23T08:25:38.463Z,S20260423_092137,N/A,AUTO,,240.587,0.0647,N/A,0,1500,VIDE,0.0,0.0,0.0,0.0,0.0,0.0,0,0,0.0,0.0,,,,,,,,,,,,
3830,2026-04-23T08:25:38.524Z,S20260423_092137,N/A,AUTO,,240.648,0.061,N/A,0,1500,VIDE,0.0,0.0,0.0,0.0,0.0,0.0,0,0,0.0,0.0,,,,,,,,,,,,
3831,2026-04-23T08:25:38.584Z,S20260423_092137,N/A,AUTO,,240.7075,0.0596,N/A,0,1500,VIDE,0.0,0.0,0.0,0.0,0.0,0.0,0,0,0.0,0.0,,,,,,,,,,,,
3832,2026-04-23T08:25:38.646Z,S20260423_092137,N/A,AUTO,,240.7699,0.0624,N/A,0,1500,VIDE,0.0,0.0,0.0,0.0,0.0,0.0,0,0,0.0,0.0,,,,,,,,,,,,
3833,2026-04-23T08:25:38.711Z,S20260423_092137,N/A,AUTO,,240.8343,0.0645,N/A,0,1500,VIDE,0.0,0.0,0.0,0.0,0.0,0.0,0,0,0.0,0.0,,,,,,,,,,,,
3834,2026-04-23T08:25:38.775Z,S20260423_092137,N/A,AUTO,,240.8986,0.0642,N/A,0,1500,VIDE,0.0,0.0,0.0,0.0,0.0,0.0,0,0,0.0,0.0,,,,,,,,,,,,
3835,2026-04-23T08:25:38.838Z,S20260423_092137,N/A,AUTO,,240.9617,0.0632,N/A,0,1500,VIDE,0.0,0.0,0.0,0.0,0.0,0.0,0,0,0.0,0.0,,,,,,,,,,,,
3836,2026-04-23T08:25:38.897Z,S20260423_092137,N/A,AUTO,,241.0204,0.0586,N/A,0,1500,VIDE,0.0,0.0,0.0,0.0,0.0,0.0,0,0,0.0,0.0,,,,,,,,,,,,
3837,2026-04-23T08:25:38.963Z,S20260423_092137,N/A,AUTO,,241.0868,0.0664,N/A,0,1500,VIDE,0.0,0.0,0.0,0.0,0.0,0.0,0,0,0.0,0.0,,,,,,,,,,,,
3838,2026-04-23T08:25:39.024Z,S20260423_092137,N/A,AUTO,,241.1481,0.0613,N/A,0,1500,VIDE,0.0,0.0,0.0,0.0,0.0,0.0,0,0,0.0,0.0,,,,,,,,,,,,
3839,2026-04-23T08:25:39.085Z,S20260423_092137,N/A,AUTO,,241.2084,0.0604,N/A,0,1500,VIDE,0.0,0.0,0.0,0.0,0.0,0.0,0,0,0.0,0.0,,,,,,,,,,,,
3840,2026-04-23T08:25:39.149Z,S20260423_092137,N/A,AUTO,,241.2723,0.0637,N/A,0,1500,VIDE,0.0,0.0,0.0,0.0,0.0,0.0,0,0,0.0,0.0,,,,,,,,,,,,
3841,2026-04-23T08:25:39.214Z,S20260423_092137,N/A,AUTO,,241.3378,0.0655,N/A,0,1500,VIDE,0.0,0.0,0.0,0.0,0.0,0.0,0,0,0.0,0.0,,,,,,,,,,,,
3842,2026-04-23T08:25:39.272Z,S20260423_092137,N/A,AUTO,,241.3952,0.0575,N/A,0,1500,VIDE,0.0,0.0,0.0,0.0,0.0,0.0,0,0,0.0,0.0,,,,,,,,,,,,
3843,2026-04-23T08:25:39.335Z,S20260423_092137,N/A,AUTO,,241.4587,0.0635,N/A,0,1500,VIDE,0.0,0.0,0.0,0.0,0.0,0.0,0,0,0.0,0.0,,,,,,,,,,,,
3844,2026-04-23T08:25:39.399Z,S20260423_092137,N/A,AUTO,,241.5224,0.0637,N/A,0,1500,VIDE,0.0,0.0,0.0,0.0,0.0,0.0,0,0,0.0,0.0,,,,,,,,,,,,
3845,2026-04-23T08:25:39.463Z,S20260423_092137,N/A,AUTO,,241.5866,0.0642,N/A,0,1500,VIDE,0.0,0.0,0.0,0.0,0.0,0.0,0,0,0.0,0.0,,,,,,,,,,,,
3846,2026-04-23T08:25:39.524Z,S20260423_092137,N/A,AUTO,,241.6474,0.0609,N/A,0,1500,VIDE,0.0,0.0,0.0,0.0,0.0,0.0,0,0,0.0,0.0,,,,,,,,,,,,
3847,2026-04-23T08:25:39.584Z,S20260423_092137,N/A,AUTO,,241.708,0.0606,N/A,0,1500,VIDE,0.0,0.0,0.0,0.0,0.0,0.0,0,0,0.0,0.0,,,,,,,,,,,,
3848,2026-04-23T08:25:39.649Z,S20260423_092137,N/A,AUTO,,241.7722,0.0642,N/A,0,1500,VIDE,0.0,0.0,0.0,0.0,0.0,0.0,0,0,0.0,0.0,,,,,,,,,,,,
3849,2026-04-23T08:25:39.710Z,S20260423_092137,N/A,AUTO,,241.8341,0.0619,N/A,0,1500,VIDE,0.0,0.0,0.0,0.0,0.0,0.0,0,0,0.0,0.0,,,,,,,,,,,,
3850,2026-04-23T08:25:39.772Z,S20260423_092137,N/A,AUTO,,241.8961,0.0618,N/A,0,1500,VIDE,0.0,0.0,0.0,0.0,0.0,0.0,0,0,0.0,0.0,,,,,,,,,,,,
3851,2026-04-23T08:25:39.844Z,S20260423_092137,N/A,AUTO,,241.9677,0.0718,N/A,0,1500,VIDE,0.0,0.0,0.0,0.0,0.0,0.0,0,0,0.0,0.0,,,,,,,,,,,,
3852,2026-04-23T08:25:39.898Z,S20260423_092137,N/A,AUTO,,242.0213,0.0535,N/A,0,1500,VIDE,0.0,0.0,0.0,0.0,0.0,0.0,0,0,0.0,0.0,,,,,,,,,,,,
3853,2026-04-23T08:25:39.961Z,S20260423_092137,N/A,AUTO,,242.0843,0.0631,N/A,0,1500,VIDE,0.0,0.0,0.0,0.0,0.0,0.0,0,0,0.0,0.0,,,,,,,,,,,,
3854,2026-04-23T08:25:40.023Z,S20260423_092137,N/A,AUTO,,242.147,0.0627,N/A,0,1500,VIDE,0.0,0.0,0.0,0.0,0.0,0.0,0,0,0.0,0.0,,,,,,,,,,,,
3855,2026-04-23T08:25:40.084Z,S20260423_092137,N/A,AUTO,,242.2079,0.0608,N/A,0,1500,VIDE,0.0,0.0,0.0,0.0,0.0,0.0,0,0,0.0,0.0,,,,,,,,,,,,
3856,2026-04-23T08:25:40.147Z,S20260423_092137,N/A,AUTO,,242.2709,0.063,N/A,0,1500,VIDE,0.0,0.0,0.0,0.0,0.0,0.0,0,0,0.0,0.0,,,,,,,,,,,,
3857,2026-04-23T08:25:40.213Z,S20260423_092137,N/A,AUTO,,242.3369,0.0661,N/A,0,1500,VIDE,0.0,0.0,0.0,0.0,0.0,0.0,0,0,0.0,0.0,,,,,,,,,,,,
3858,2026-04-23T08:25:40.280Z,S20260423_092137,N/A,AUTO,,242.4037,0.0667,N/A,0,1500,VIDE,0.0,0.0,0.0,0.0,0.0,0.0,0,0,0.0,0.0,,,,,,,,,,,,
3859,2026-04-23T08:25:40.341Z,S20260423_092137,N/A,AUTO,,242.4643,0.0606,N/A,0,1500,VIDE,0.0,0.0,0.0,0.0,0.0,0.0,0,0,0.0,0.0,,,,,,,,,,,,
3860,2026-04-23T08:25:40.398Z,S20260423_092137,N/A,AUTO,,242.5214,0.0571,N/A,0,1500,VIDE,0.0,0.0,0.0,0.0,0.0,0.0,0,0,0.0,0.0,,,,,,,,,,,,
3861,2026-04-23T08:25:40.463Z,S20260423_092137,N/A,AUTO,,242.5867,0.0654,N/A,0,1500,VIDE,0.0,0.0,0.0,0.0,0.0,0.0,0,0,0.0,0.0,,,,,,,,,,,,
3862,2026-04-23T08:25:40.525Z,S20260423_092137,N/A,AUTO,,242.6488,0.062,N/A,0,1500,VIDE,0.0,0.0,0.0,0.0,0.0,0.0,0,0,0.0,0.0,,,,,,,,,,,,
3863,2026-04-23T08:25:40.584Z,S20260423_092137,N/A,AUTO,,242.7079,0.0592,N/A,0,1500,VIDE,0.0,0.0,0.0,0.0,0.0,0.0,0,0,0.0,0.0,,,,,,,,,,,,
3864,2026-04-23T08:25:40.647Z,S20260423_092137,N/A,AUTO,,242.7707,0.0628,N/A,0,1500,VIDE,0.0,0.0,0.0,0.0,0.0,0.0,0,0,0.0,0.0,,,,,,,,,,,,
3865,2026-04-23T08:25:40.710Z,S20260423_092137,N/A,AUTO,,242.8338,0.063,N/A,0,1500,VIDE,0.0,0.0,0.0,0.0,0.0,0.0,0,0,0.0,0.0,,,,,,,,,,,,
3866,2026-04-23T08:25:40.775Z,S20260423_092137,N/A,AUTO,,242.8986,0.0648,N/A,0,1500,VIDE,0.0,0.0,0.0,0.0,0.0,0.0,0,0,0.0,0.0,,,,,,,,,,,,
3867,2026-04-23T08:25:40.836Z,S20260423_092137,N/A,AUTO,,242.9597,0.0611,N/A,0,1500,VIDE,0.0,0.0,0.0,0.0,0.0,0.0,0,0,0.0,0.0,,,,,,,,,,,,
3868,2026-04-23T08:25:40.897Z,S20260423_092137,N/A,AUTO,,243.0202,0.0605,N/A,0,1500,VIDE,0.0,0.0,0.0,0.0,0.0,0.0,0,0,0.0,0.0,,,,,,,,,,,,
3869,2026-04-23T08:25:40.959Z,S20260423_092137,N/A,AUTO,,243.0828,0.0625,N/A,0,1500,VIDE,0.0,0.0,0.0,0.0,0.0,0.0,0,0,0.0,0.0,,,,,,,,,,,,
3870,2026-04-23T08:25:41.024Z,S20260423_092137,N/A,AUTO,,243.148,0.0654,N/A,0,1500,VIDE,0.0,0.0,0.0,0.0,0.0,0.0,0,0,0.0,0.0,,,,,,,,,,,,
3871,2026-04-23T08:25:41.085Z,S20260423_092137,N/A,AUTO,,243.2088,0.0607,N/A,0,1500,VIDE,0.0,0.0,0.0,0.0,0.0,0.0,0,0,0.0,0.0,,,,,,,,,,,,
3872,2026-04-23T08:25:41.149Z,S20260423_092137,N/A,AUTO,,243.2731,0.0643,N/A,0,1500,VIDE,0.0,0.0,0.0,0.0,0.0,0.0,0,0,0.0,0.0,,,,,,,,,,,,
3873,2026-04-23T08:25:41.212Z,S20260423_092137,N/A,AUTO,,243.3355,0.0623,N/A,0,1500,VIDE,0.0,0.0,0.0,0.0,0.0,0.0,0,0,0.0,0.0,,,,,,,,,,,,
3874,2026-04-23T08:25:41.279Z,S20260423_092137,N/A,AUTO,,243.4027,0.0673,N/A,0,1500,VIDE,0.0,0.0,0.0,0.0,0.0,0.0,0,0,0.0,0.0,,,,,,,,,,,,
3875,2026-04-23T08:25:41.335Z,S20260423_092137,N/A,AUTO,,243.4587,0.056,N/A,0,1500,VIDE,0.0,0.0,0.0,0.0,0.0,0.0,0,0,0.0,0.0,,,,,,,,,,,,
3876,2026-04-23T08:25:41.399Z,S20260423_092137,N/A,AUTO,,243.5227,0.0639,N/A,0,1500,VIDE,0.0,0.0,0.0,0.0,0.0,0.0,0,0,0.0,0.0,,,,,,,,,,,,
3877,2026-04-23T08:25:41.464Z,S20260423_092137,N/A,AUTO,,243.5873,0.0646,N/A,0,1500,VIDE,0.0,0.0,0.0,0.0,0.0,0.0,0,0,0.0,0.0,,,,,,,,,,,,
3878,2026-04-23T08:25:41.524Z,S20260423_092137,N/A,AUTO,,243.6474,0.0601,N/A,0,1500,VIDE,0.0,0.0,0.0,0.0,0.0,0.0,0,0,0.0,0.0,,,,,,,,,,,,
3879,2026-04-23T08:25:41.584Z,S20260423_092137,N/A,AUTO,,243.7075,0.0601,N/A,0,1500,VIDE,0.0,0.0,0.0,0.0,0.0,0.0,0,0,0.0,0.0,,,,,,,,,,,,
3880,2026-04-23T08:25:41.653Z,S20260423_092137,N/A,AUTO,,243.7766,0.0691,N/A,0,1500,VIDE,0.0,0.0,0.0,0.0,0.0,0.0,0,0,0.0,0.0,,,,,,,,,,,,
3881,2026-04-23T08:25:41.711Z,S20260423_092137,N/A,AUTO,,243.8342,0.0576,N/A,0,1500,VIDE,0.0,0.0,0.0,0.0,0.0,0.0,0,0,0.0,0.0,,,,,,,,,,,,
3882,2026-04-23T08:25:41.779Z,S20260423_092137,N/A,AUTO,,243.9029,0.0686,N/A,0,1500,VIDE,0.0,0.0,0.0,0.0,0.0,0.0,0,0,0.0,0.0,,,,,,,,,,,,
3883,2026-04-23T08:25:41.841Z,S20260423_092137,N/A,AUTO,,243.9646,0.0619,N/A,0,1500,VIDE,0.0,0.0,0.0,0.0,0.0,0.0,0,0,0.0,0.0,,,,,,,,,,,,
3884,2026-04-23T08:25:41.897Z,S20260423_092137,N/A,AUTO,,244.0202,0.0556,N/A,0,1500,VIDE,0.0,0.0,0.0,0.0,0.0,0.0,0,0,0.0,0.0,,,,,,,,,,,,
3885,2026-04-23T08:25:41.960Z,S20260423_092137,N/A,AUTO,,244.0832,0.063,N/A,0,1500,VIDE,0.0,0.0,0.0,0.0,0.0,0.0,0,0,0.0,0.0,,,,,,,,,,,,
3886,2026-04-23T08:25:42.023Z,S20260423_092137,N/A,AUTO,,244.1468,0.0635,N/A,0,1500,VIDE,0.0,0.0,0.0,0.0,0.0,0.0,0,0,0.0,0.0,,,,,,,,,,,,
3887,2026-04-23T08:25:42.084Z,S20260423_092137,N/A,AUTO,,244.2081,0.0614,N/A,0,1500,VIDE,0.0,0.0,0.0,0.0,0.0,0.0,0,0,0.0,0.0,,,,,,,,,,,,
3888,2026-04-23T08:25:42.150Z,S20260423_092137,N/A,AUTO,,244.2732,0.0651,N/A,0,1500,VIDE,0.0,0.0,0.0,0.0,0.0,0.0,0,0,0.0,0.0,,,,,,,,,,,,
3889,2026-04-23T08:25:42.213Z,S20260423_092137,N/A,AUTO,,244.3366,0.0635,N/A,0,1500,VIDE,0.0,0.0,0.0,0.0,0.0,0.0,0,0,0.0,0.0,,,,,,,,,,,,
3890,2026-04-23T08:25:42.276Z,S20260423_092137,N/A,AUTO,,244.3994,0.0627,N/A,0,1500,VIDE,0.0,0.0,0.0,0.0,0.0,0.0,0,0,0.0,0.0,,,,,,,,,,,,
3891,2026-04-23T08:25:42.338Z,S20260423_092137,N/A,AUTO,,244.4616,0.0622,N/A,0,1500,VIDE,0.0,0.0,0.0,0.0,0.0,0.0,0,0,0.0,0.0,,,,,,,,,,,,
3892,2026-04-23T08:25:42.400Z,S20260423_092137,N/A,AUTO,,244.524,0.0624,N/A,0,1500,VIDE,0.0,0.0,0.0,0.0,0.0,0.0,0,0,0.0,0.0,,,,,,,,,,,,
3893,2026-04-23T08:25:42.461Z,S20260423_092137,N/A,AUTO,,244.5852,0.0612,N/A,0,1500,VIDE,0.0,0.0,0.0,0.0,0.0,0.0,0,0,0.0,0.0,,,,,,,,,,,,
3894,2026-04-23T08:25:42.524Z,S20260423_092137,N/A,AUTO,,244.648,0.0629,N/A,0,1500,VIDE,0.0,0.0,0.0,0.0,0.0,0.0,0,0,0.0,0.0,,,,,,,,,,,,
3895,2026-04-23T08:25:42.583Z,S20260423_092137,N/A,AUTO,,244.7071,0.0591,N/A,0,1500,VIDE,0.0,0.0,0.0,0.0,0.0,0.0,0,0,0.0,0.0,,,,,,,,,,,,
3896,2026-04-23T08:25:42.646Z,S20260423_092137,N/A,AUTO,,244.7698,0.0627,N/A,0,1500,VIDE,0.0,0.0,0.0,0.0,0.0,0.0,0,0,0.0,0.0,,,,,,,,,,,,
3897,2026-04-23T08:25:42.709Z,S20260423_092137,N/A,AUTO,,244.833,0.0632,N/A,0,1500,VIDE,0.0,0.0,0.0,0.0,0.0,0.0,0,0,0.0,0.0,,,,,,,,,,,,
3898,2026-04-23T08:25:42.774Z,S20260423_092137,N/A,AUTO,,244.898,0.065,N/A,0,1500,VIDE,0.0,0.0,0.0,0.0,0.0,0.0,0,0,0.0,0.0,,,,,,,,,,,,
3899,2026-04-23T08:25:42.837Z,S20260423_092137,N/A,AUTO,,244.9603,0.0622,N/A,0,1500,VIDE,0.0,0.0,0.0,0.0,0.0,0.0,0,0,0.0,0.0,,,,,,,,,,,,
3900,2026-04-23T08:25:42.897Z,S20260423_092137,N/A,AUTO,,245.021,0.0607,N/A,0,1500,VIDE,0.0,0.0,0.0,0.0,0.0,0.0,0,0,0.0,0.0,,,,,,,,,,,,
3901,2026-04-23T08:25:42.960Z,S20260423_092137,N/A,AUTO,,245.0837,0.0627,N/A,0,1500,VIDE,0.0,0.0,0.0,0.0,0.0,0.0,0,0,0.0,0.0,,,,,,,,,,,,
3902,2026-04-23T08:25:43.023Z,S20260423_092137,N/A,AUTO,,245.1467,0.0629,N/A,0,1500,VIDE,0.0,0.0,0.0,0.0,0.0,0.0,0,0,0.0,0.0,,,,,,,,,,,,
3903,2026-04-23T08:25:43.085Z,S20260423_092137,N/A,AUTO,,245.2091,0.0624,N/A,0,1500,VIDE,0.0,0.0,0.0,0.0,0.0,0.0,0,0,0.0,0.0,,,,,,,,,,,,
3904,2026-04-23T08:25:43.151Z,S20260423_092137,N/A,AUTO,,245.2751,0.0661,N/A,0,1500,VIDE,0.0,0.0,0.0,0.0,0.0,0.0,0,0,0.0,0.0,,,,,,,,,,,,
3905,2026-04-23T08:25:43.211Z,S20260423_092137,N/A,AUTO,,245.3343,0.0593,N/A,0,1500,VIDE,0.0,0.0,0.0,0.0,0.0,0.0,0,0,0.0,0.0,,,,,,,,,,,,
3906,2026-04-23T08:25:43.281Z,S20260423_092137,N/A,AUTO,,245.4047,0.0703,N/A,0,1500,VIDE,0.0,0.0,0.0,0.0,0.0,0.0,0,0,0.0,0.0,,,,,,,,,,,,
3907,2026-04-23T08:25:43.335Z,S20260423_092137,N/A,AUTO,,245.4591,0.0545,N/A,0,1500,VIDE,0.0,0.0,0.0,0.0,0.0,0.0,0,0,0.0,0.0,,,,,,,,,,,,
3908,2026-04-23T08:25:43.399Z,S20260423_092137,N/A,AUTO,,245.5225,0.0635,N/A,0,1500,VIDE,0.0,0.0,0.0,0.0,0.0,0.0,0,0,0.0,0.0,,,,,,,,,,,,
3909,2026-04-23T08:25:43.463Z,S20260423_092137,N/A,AUTO,,245.5867,0.0642,N/A,0,1500,VIDE,0.0,0.0,0.0,0.0,0.0,0.0,0,0,0.0,0.0,,,,,,,,,,,,
3910,2026-04-23T08:25:43.524Z,S20260423_092137,N/A,AUTO,,245.6476,0.0609,N/A,0,1500,VIDE,0.0,0.0,0.0,0.0,0.0,0.0,0,0,0.0,0.0,,,,,,,,,,,,
3911,2026-04-23T08:25:43.584Z,S20260423_092137,N/A,AUTO,,245.7079,0.0603,N/A,0,1500,VIDE,0.0,0.0,0.0,0.0,0.0,0.0,0,0,0.0,0.0,,,,,,,,,,,,
3912,2026-04-23T08:25:43.654Z,S20260423_092137,N/A,AUTO,,245.7781,0.0702,N/A,0,1500,VIDE,0.0,0.0,0.0,0.0,0.0,0.0,0,0,0.0,0.0,,,,,,,,,,,,
3913,2026-04-23T08:25:43.710Z,S20260423_092137,N/A,AUTO,,245.8336,0.0555,N/A,0,1500,VIDE,0.0,0.0,0.0,0.0,0.0,0.0,0,0,0.0,0.0,,,,,,,,,,,,
3914,2026-04-23T08:25:43.780Z,S20260423_092137,N/A,AUTO,,245.9032,0.0695,N/A,0,1500,VIDE,0.0,0.0,0.0,0.0,0.0,0.0,0,0,0.0,0.0,,,,,,,,,,,,
3915,2026-04-23T08:25:43.844Z,S20260423_092137,N/A,AUTO,,245.9681,0.0649,N/A,0,1500,VIDE,0.0,0.0,0.0,0.0,0.0,0.0,0,0,0.0,0.0,,,,,,,,,,,,
3916,2026-04-23T08:25:43.896Z,S20260423_092137,N/A,AUTO,,246.02,0.0519,N/A,0,1500,VIDE,0.0,0.0,0.0,0.0,0.0,0.0,0,0,0.0,0.0,,,,,,,,,,,,
3917,2026-04-23T08:25:43.960Z,S20260423_092137,N/A,AUTO,,246.0833,0.0632,N/A,0,1500,VIDE,0.0,0.0,0.0,0.0,0.0,0.0,0,0,0.0,0.0,,,,,,,,,,,,
3918,2026-04-23T08:25:44.023Z,S20260423_092137,N/A,AUTO,,246.1464,0.0631,N/A,0,1500,VIDE,0.0,0.0,0.0,0.0,0.0,0.0,0,0,0.0,0.0,,,,,,,,,,,,
3919,2026-04-23T08:25:44.084Z,S20260423_092137,N/A,AUTO,,246.2077,0.0614,N/A,0,1500,VIDE,0.0,0.0,0.0,0.0,0.0,0.0,0,0,0.0,0.0,,,,,,,,,,,,
3920,2026-04-23T08:25:44.151Z,S20260423_092137,N/A,AUTO,,246.275,0.0673,N/A,0,1500,VIDE,0.0,0.0,0.0,0.0,0.0,0.0,0,0,0.0,0.0,,,,,,,,,,,,
3921,2026-04-23T08:25:44.213Z,S20260423_092137,N/A,AUTO,,246.3362,0.0613,N/A,0,1500,VIDE,0.0,0.0,0.0,0.0,0.0,0.0,0,0,0.0,0.0,,,,,,,,,,,,
3922,2026-04-23T08:25:44.279Z,S20260423_092137,N/A,AUTO,,246.4028,0.0666,N/A,0,1500,VIDE,0.0,0.0,0.0,0.0,0.0,0.0,0,0,0.0,0.0,,,,,,,,,,,,
3923,2026-04-23T08:25:44.341Z,S20260423_092137,N/A,AUTO,,246.4647,0.0619,N/A,0,1500,VIDE,0.0,0.0,0.0,0.0,0.0,0.0,0,0,0.0,0.0,,,,,,,,,,,,
3924,2026-04-23T08:25:44.404Z,S20260423_092137,N/A,AUTO,,246.5281,0.0634,N/A,0,1500,VIDE,0.0,0.0,0.0,0.0,0.0,0.0,0,0,0.0,0.0,,,,,,,,,,,,
3925,2026-04-23T08:25:44.463Z,S20260423_092137,N/A,AUTO,,246.5864,0.0583,N/A,0,1500,VIDE,0.0,0.0,0.0,0.0,0.0,0.0,0,0,0.0,0.0,,,,,,,,,,,,
3926,2026-04-23T08:25:44.525Z,S20260423_092137,N/A,AUTO,,246.6485,0.0621,N/A,0,1500,VIDE,0.0,0.0,0.0,0.0,0.0,0.0,0,0,0.0,0.0,,,,,,,,,,,,
3927,2026-04-23T08:25:44.584Z,S20260423_092137,N/A,AUTO,,246.7078,0.0593,N/A,0,1500,VIDE,0.0,0.0,0.0,0.0,0.0,0.0,0,0,0.0,0.0,,,,,,,,,,,,
3928,2026-04-23T08:25:44.647Z,S20260423_092137,N/A,AUTO,,246.7709,0.0631,N/A,0,1500,VIDE,0.0,0.0,0.0,0.0,0.0,0.0,0,0,0.0,0.0,,,,,,,,,,,,
3929,2026-04-23T08:25:44.711Z,S20260423_092137,N/A,AUTO,,246.8343,0.0634,N/A,0,1500,VIDE,0.0,0.0,0.0,0.0,0.0,0.0,0,0,0.0,0.0,,,,,,,,,,,,
3930,2026-04-23T08:25:44.775Z,S20260423_092137,N/A,AUTO,,246.8988,0.0644,N/A,0,1500,VIDE,0.0,0.0,0.0,0.0,0.0,0.0,0,0,0.0,0.0,,,,,,,,,,,,
3931,2026-04-23T08:25:44.840Z,S20260423_092137,N/A,AUTO,,246.9635,0.0647,N/A,0,1500,VIDE,0.0,0.0,0.0,0.0,0.0,0.0,0,0,0.0,0.0,,,,,,,,,,,,
3932,2026-04-23T08:25:44.902Z,S20260423_092137,N/A,AUTO,,247.0257,0.0623,N/A,0,1500,VIDE,0.0,0.0,0.0,0.0,0.0,0.0,0,0,0.0,0.0,,,,,,,,,,,,
3933,2026-04-23T08:25:44.961Z,S20260423_092137,N/A,AUTO,,247.0852,0.0594,N/A,0,1500,VIDE,0.0,0.0,0.0,0.0,0.0,0.0,0,0,0.0,0.0,,,,,,,,,,,,
3934,2026-04-23T08:25:45.024Z,S20260423_092137,N/A,AUTO,,247.148,0.0629,N/A,0,1500,VIDE,0.0,0.0,0.0,0.0,0.0,0.0,0,0,0.0,0.0,,,,,,,,,,,,
3935,2026-04-23T08:25:45.084Z,S20260423_092137,N/A,AUTO,,247.2075,0.0595,N/A,0,1500,VIDE,0.0,0.0,0.0,0.0,0.0,0.0,0,0,0.0,0.0,,,,,,,,,,,,
3936,2026-04-23T08:25:45.147Z,S20260423_092137,N/A,AUTO,,247.271,0.0635,N/A,0,1500,VIDE,0.0,0.0,0.0,0.0,0.0,0.0,0,0,0.0,0.0,,,,,,,,,,,,
3937,2026-04-23T08:25:45.210Z,S20260423_092137,N/A,AUTO,,247.3341,0.0631,N/A,0,1500,VIDE,0.0,0.0,0.0,0.0,0.0,0.0,0,0,0.0,0.0,,,,,,,,,,,,
3938,2026-04-23T08:25:45.271Z,S20260423_092137,N/A,AUTO,,247.3948,0.0607,N/A,0,1500,VIDE,0.0,0.0,0.0,0.0,0.0,0.0,0,0,0.0,0.0,,,,,,,,,,,,
3939,2026-04-23T08:25:45.335Z,S20260423_092137,N/A,AUTO,,247.4584,0.0636,N/A,0,1500,VIDE,0.0,0.0,0.0,0.0,0.0,0.0,0,0,0.0,0.0,,,,,,,,,,,,
3940,2026-04-23T08:25:45.399Z,S20260423_092137,N/A,AUTO,,247.5225,0.0641,N/A,0,1500,VIDE,0.0,0.0,0.0,0.0,0.0,0.0,0,0,0.0,0.0,,,,,,,,,,,,
3941,2026-04-23T08:25:45.461Z,S20260423_092137,N/A,AUTO,,247.5852,0.0626,N/A,0,1500,VIDE,0.0,0.0,0.0,0.0,0.0,0.0,0,0,0.0,0.0,,,,,,,,,,,,
3942,2026-04-23T08:25:45.523Z,S20260423_092137,N/A,AUTO,,247.6467,0.0616,N/A,0,1500,VIDE,0.0,0.0,0.0,0.0,0.0,0.0,0,0,0.0,0.0,,,,,,,,,,,,
3943,2026-04-23T08:25:45.584Z,S20260423_092137,N/A,AUTO,,247.7076,0.0609,N/A,0,1500,VIDE,0.0,0.0,0.0,0.0,0.0,0.0,0,0,0.0,0.0,,,,,,,,,,,,
3944,2026-04-23T08:25:45.650Z,S20260423_092137,N/A,AUTO,,247.7736,0.066,N/A,0,1500,VIDE,0.0,0.0,0.0,0.0,0.0,0.0,0,0,0.0,0.0,,,,,,,,,,,,
3945,2026-04-23T08:25:45.710Z,S20260423_092137,N/A,AUTO,,247.8336,0.06,N/A,0,1500,VIDE,0.0,0.0,0.0,0.0,0.0,0.0,0,0,0.0,0.0,,,,,,,,,,,,
3946,2026-04-23T08:25:45.775Z,S20260423_092137,N/A,AUTO,,247.8983,0.0647,N/A,0,1500,VIDE,0.0,0.0,0.0,0.0,0.0,0.0,0,0,0.0,0.0,,,,,,,,,,,,
3947,2026-04-23T08:25:45.837Z,S20260423_092137,N/A,AUTO,,247.9611,0.0627,N/A,0,1500,VIDE,0.0,0.0,0.0,0.0,0.0,0.0,0,0,0.0,0.0,,,,,,,,,,,,
3948,2026-04-23T08:25:45.897Z,S20260423_092137,N/A,AUTO,,248.0205,0.0595,N/A,0,1500,VIDE,0.0,0.0,0.0,0.0,0.0,0.0,0,0,0.0,0.0,,,,,,,,,,,,
3949,2026-04-23T08:25:45.959Z,S20260423_092137,N/A,AUTO,,248.0826,0.0621,N/A,0,1500,VIDE,0.0,0.0,0.0,0.0,0.0,0.0,0,0,0.0,0.0,,,,,,,,,,,,
3950,2026-04-23T08:25:46.024Z,S20260423_092137,N/A,AUTO,,248.1474,0.0648,N/A,0,1500,VIDE,0.0,0.0,0.0,0.0,0.0,0.0,0,0,0.0,0.0,,,,,,,,,,,,
3951,2026-04-23T08:25:46.085Z,S20260423_092137,N/A,AUTO,,248.2085,0.0611,N/A,0,1500,VIDE,0.0,0.0,0.0,0.0,0.0,0.0,0,0,0.0,0.0,,,,,,,,,,,,
3952,2026-04-23T08:25:46.147Z,S20260423_092137,N/A,AUTO,,248.2707,0.0622,N/A,0,1500,VIDE,0.0,0.0,0.0,0.0,0.0,0.0,0,0,0.0,0.0,,,,,,,,,,,,
3953,2026-04-23T08:25:46.209Z,S20260423_092137,N/A,AUTO,,248.3327,0.0619,N/A,0,1500,VIDE,0.0,0.0,0.0,0.0,0.0,0.0,0,0,0.0,0.0,,,,,,,,,,,,
3954,2026-04-23T08:25:46.273Z,S20260423_092137,N/A,AUTO,,248.3968,0.064,N/A,0,1500,VIDE,0.0,0.0,0.0,0.0,0.0,0.0,0,0,0.0,0.0,,,,,,,,,,,,
3955,2026-04-23T08:25:46.335Z,S20260423_092137,N/A,AUTO,,248.459,0.0623,N/A,0,1500,VIDE,0.0,0.0,0.0,0.0,0.0,0.0,0,0,0.0,0.0,,,,,,,,,,,,
3956,2026-04-23T08:25:46.397Z,S20260423_092137,N/A,AUTO,,248.5209,0.0618,N/A,0,1500,VIDE,0.0,0.0,0.0,0.0,0.0,0.0,0,0,0.0,0.0,,,,,,,,,,,,
3957,2026-04-23T08:25:46.463Z,S20260423_092137,N/A,AUTO,,248.5868,0.0659,N/A,0,1500,VIDE,0.0,0.0,0.0,0.0,0.0,0.0,0,0,0.0,0.0,,,,,,,,,,,,
3958,2026-04-23T08:25:46.521Z,S20260423_092137,N/A,AUTO,,248.6445,0.0577,N/A,0,1500,VIDE,0.0,0.0,0.0,0.0,0.0,0.0,0,0,0.0,0.0,,,,,,,,,,,,
3959,2026-04-23T08:25:46.584Z,S20260423_092137,N/A,AUTO,,248.7076,0.0631,N/A,0,1500,VIDE,0.0,0.0,0.0,0.0,0.0,0.0,0,0,0.0,0.0,,,,,,,,,,,,
3960,2026-04-23T08:25:46.646Z,S20260423_092137,N/A,AUTO,,248.7698,0.0623,N/A,0,1500,VIDE,0.0,0.0,0.0,0.0,0.0,0.0,0,0,0.0,0.0,,,,,,,,,,,,
3961,2026-04-23T08:25:46.710Z,S20260423_092137,N/A,AUTO,,248.8341,0.0642,N/A,0,1500,VIDE,0.0,0.0,0.0,0.0,0.0,0.0,0,0,0.0,0.0,,,,,,,,,,,,
3962,2026-04-23T08:25:46.775Z,S20260423_092137,N/A,AUTO,,248.8982,0.0641,N/A,0,1500,VIDE,0.0,0.0,0.0,0.0,0.0,0.0,0,0,0.0,0.0,,,,,,,,,,,,
3963,2026-04-23T08:25:46.839Z,S20260423_092137,N/A,AUTO,,248.9625,0.0642,N/A,0,1500,VIDE,0.0,0.0,0.0,0.0,0.0,0.0,0,0,0.0,0.0,,,,,,,,,,,,
3964,2026-04-23T08:25:46.903Z,S20260423_092137,N/A,AUTO,,249.0269,0.0645,N/A,0,1500,VIDE,0.0,0.0,0.0,0.0,0.0,0.0,0,0,0.0,0.0,,,,,,,,,,,,
3965,2026-04-23T08:25:46.963Z,S20260423_092137,N/A,AUTO,,249.087,0.0601,N/A,0,1500,VIDE,0.0,0.0,0.0,0.0,0.0,0.0,0,0,0.0,0.0,,,,,,,,,,,,
3966,2026-04-23T08:25:47.024Z,S20260423_092137,N/A,AUTO,,249.148,0.0611,N/A,0,1500,VIDE,0.0,0.0,0.0,0.0,0.0,0.0,0,0,0.0,0.0,,,,,,,,,,,,
3967,2026-04-23T08:25:47.084Z,S20260423_092137,N/A,AUTO,,249.2082,0.0601,N/A,0,1500,VIDE,0.0,0.0,0.0,0.0,0.0,0.0,0,0,0.0,0.0,,,,,,,,,,,,
3968,2026-04-23T08:25:47.148Z,S20260423_092137,N/A,AUTO,,249.272,0.0638,N/A,0,1500,VIDE,0.0,0.0,0.0,0.0,0.0,0.0,0,0,0.0,0.0,,,,,,,,,,,,
3969,2026-04-23T08:25:47.213Z,S20260423_092137,N/A,AUTO,,249.3371,0.0652,N/A,0,1500,VIDE,0.0,0.0,0.0,0.0,0.0,0.0,0,0,0.0,0.0,,,,,,,,,,,,
3970,2026-04-23T08:25:47.272Z,S20260423_092137,N/A,AUTO,,249.3954,0.0583,N/A,0,1500,VIDE,0.0,0.0,0.0,0.0,0.0,0.0,0,0,0.0,0.0,,,,,,,,,,,,
3971,2026-04-23T08:25:47.336Z,S20260423_092137,N/A,AUTO,,249.4593,0.0639,N/A,0,1500,VIDE,0.0,0.0,0.0,0.0,0.0,0.0,0,0,0.0,0.0,,,,,,,,,,,,
3972,2026-04-23T08:25:47.396Z,S20260423_092137,N/A,AUTO,,249.5201,0.0608,N/A,0,1500,VIDE,0.0,0.0,0.0,0.0,0.0,0.0,0,0,0.0,0.0,,,,,,,,,,,,
3973,2026-04-23T08:25:47.461Z,S20260423_092137,N/A,AUTO,,249.5843,0.0642,N/A,0,1500,VIDE,0.0,0.0,0.0,0.0,0.0,0.0,0,0,0.0,0.0,,,,,,,,,,,,
3974,2026-04-23T08:25:47.524Z,S20260423_092137,N/A,AUTO,,249.6481,0.0638,N/A,0,1500,VIDE,0.0,0.0,0.0,0.0,0.0,0.0,0,0,0.0,0.0,,,,,,,,,,,,
3975,2026-04-23T08:25:47.584Z,S20260423_092137,N/A,AUTO,,249.7077,0.0596,N/A,0,1500,VIDE,0.0,0.0,0.0,0.0,0.0,0.0,0,0,0.0,0.0,,,,,,,,,,,,
3976,2026-04-23T08:25:47.652Z,S20260423_092137,N/A,AUTO,,249.7753,0.0676,N/A,0,1500,VIDE,0.0,0.0,0.0,0.0,0.0,0.0,0,0,0.0,0.0,,,,,,,,,,,,
3977,2026-04-23T08:25:47.710Z,S20260423_092137,N/A,AUTO,,249.8341,0.0588,N/A,0,1500,VIDE,0.0,0.0,0.0,0.0,0.0,0.0,0,0,0.0,0.0,,,,,,,,,,,,
3978,2026-04-23T08:25:47.774Z,S20260423_092137,N/A,AUTO,,249.8981,0.0639,N/A,0,1500,VIDE,0.0,0.0,0.0,0.0,0.0,0.0,0,0,0.0,0.0,,,,,,,,,,,,
3979,2026-04-23T08:25:47.837Z,S20260423_092137,N/A,AUTO,,249.9602,0.0621,N/A,0,1500,VIDE,0.0,0.0,0.0,0.0,0.0,0.0,0,0,0.0,0.0,,,,,,,,,,,,
3980,2026-04-23T08:25:47.897Z,S20260423_092137,N/A,AUTO,,250.0205,0.0603,N/A,0,1500,VIDE,0.0,0.0,0.0,0.0,0.0,0.0,0,0,0.0,0.0,,,,,,,,,,,,
3981,2026-04-23T08:25:47.959Z,S20260423_092137,N/A,AUTO,,250.0824,0.0619,N/A,0,1500,VIDE,0.0,0.0,0.0,0.0,0.0,0.0,0,0,0.0,0.0,,,,,,,,,,,,
3982,2026-04-23T08:25:48.022Z,S20260423_092137,N/A,AUTO,,250.1454,0.063,N/A,0,1500,VIDE,0.0,0.0,0.0,0.0,0.0,0.0,0,0,0.0,0.0,,,,,,,,,,,,
3983,2026-04-23T08:25:48.084Z,S20260423_092137,N/A,AUTO,,250.2074,0.062,N/A,0,1500,VIDE,0.0,0.0,0.0,0.0,0.0,0.0,0,0,0.0,0.0,,,,,,,,,,,,
3984,2026-04-23T08:25:48.150Z,S20260423_092137,N/A,AUTO,,250.2742,0.0667,N/A,0,1500,VIDE,0.0,0.0,0.0,0.0,0.0,0.0,0,0,0.0,0.0,,,,,,,,,,,,
3985,2026-04-23T08:25:48.212Z,S20260423_092137,N/A,AUTO,,250.3357,0.0615,N/A,0,1500,VIDE,0.0,0.0,0.0,0.0,0.0,0.0,0,0,0.0,0.0,,,,,,,,,,,,
3986,2026-04-23T08:25:48.272Z,S20260423_092137,N/A,AUTO,,250.3954,0.0598,N/A,0,1500,VIDE,0.0,0.0,0.0,0.0,0.0,0.0,0,0,0.0,0.0,,,,,,,,,,,,
3987,2026-04-23T08:25:48.335Z,S20260423_092137,N/A,AUTO,,250.4584,0.0629,N/A,0,1500,VIDE,0.0,0.0,0.0,0.0,0.0,0.0,0,0,0.0,0.0,,,,,,,,,,,,
3988,2026-04-23T08:25:48.396Z,S20260423_092137,N/A,AUTO,,250.5202,0.0618,N/A,0,1500,VIDE,0.0,0.0,0.0,0.0,0.0,0.0,0,0,0.0,0.0,,,,,,,,,,,,
3989,2026-04-23T08:25:48.463Z,S20260423_092137,N/A,AUTO,,250.5871,0.067,N/A,0,1500,VIDE,0.0,0.0,0.0,0.0,0.0,0.0,0,0,0.0,0.0,,,,,,,,,,,,
3990,2026-04-23T08:25:48.524Z,S20260423_092137,N/A,AUTO,,250.6477,0.0607,N/A,0,1500,VIDE,0.0,0.0,0.0,0.0,0.0,0.0,0,0,0.0,0.0,,,,,,,,,,,,
3991,2026-04-23T08:25:48.584Z,S20260423_092137,N/A,AUTO,,250.7079,0.0602,N/A,0,1500,VIDE,0.0,0.0,0.0,0.0,0.0,0.0,0,0,0.0,0.0,,,,,,,,,,,,
3992,2026-04-23T08:25:48.646Z,S20260423_092137,N/A,AUTO,,250.7699,0.062,N/A,0,1500,VIDE,0.0,0.0,0.0,0.0,0.0,0.0,0,0,0.0,0.0,,,,,,,,,,,,
3993,2026-04-23T08:25:48.710Z,S20260423_092137,N/A,AUTO,,250.8337,0.0639,N/A,0,1500,VIDE,0.0,0.0,0.0,0.0,0.0,0.0,0,0,0.0,0.0,,,,,,,,,,,,
3994,2026-04-23T08:25:48.775Z,S20260423_092137,N/A,AUTO,,250.8982,0.0644,N/A,0,1500,VIDE,0.0,0.0,0.0,0.0,0.0,0.0,0,0,0.0,0.0,,,,,,,,,,,,
3995,2026-04-23T08:25:48.838Z,S20260423_092137,N/A,AUTO,,250.9622,0.064,N/A,0,1500,VIDE,0.0,0.0,0.0,0.0,0.0,0.0,0,0,0.0,0.0,,,,,,,,,,,,
3996,2026-04-23T08:25:48.904Z,S20260423_092137,N/A,AUTO,,251.0274,0.0651,N/A,0,1500,VIDE,0.0,0.0,0.0,0.0,0.0,0.0,0,0,0.0,0.0,,,,,,,,,,,,
3997,2026-04-23T08:25:48.963Z,S20260423_092137,N/A,AUTO,,251.0867,0.0594,N/A,0,1500,VIDE,0.0,0.0,0.0,0.0,0.0,0.0,0,0,0.0,0.0,,,,,,,,,,,,
3998,2026-04-23T08:25:49.024Z,S20260423_092137,N/A,AUTO,,251.1476,0.0609,N/A,0,1500,VIDE,0.0,0.0,0.0,0.0,0.0,0.0,0,0,0.0,0.0,,,,,,,,,,,,
3999,2026-04-23T08:25:49.084Z,S20260423_092137,N/A,AUTO,,251.2078,0.0601,N/A,0,1500,VIDE,0.0,0.0,0.0,0.0,0.0,0.0,0,0,0.0,0.0,,,,,,,,,,,,
4000,2026-04-23T08:25:49.158Z,S20260423_092137,N/A,AUTO,,251.2813,0.0736,N/A,0,1500,VIDE,0.0,0.0,0.0,0.0,0.0,0.0,0,0,0.0,0.0,,,,,,,,,,,,
4001,2026-04-23T08:25:49.214Z,S20260423_092137,N/A,AUTO,,251.3382,0.0568,N/A,0,1500,VIDE,0.0,0.0,0.0,0.0,0.0,0.0,0,0,0.0,0.0,,,,,,,,,,,,
4002,2026-04-23T08:25:49.272Z,S20260423_092137,N/A,AUTO,,251.3952,0.0572,N/A,0,1500,VIDE,0.0,0.0,0.0,0.0,0.0,0.0,0,0,0.0,0.0,,,,,,,,,,,,
4003,2026-04-23T08:25:49.335Z,S20260423_092137,N/A,AUTO,,251.4589,0.0636,N/A,0,1500,VIDE,0.0,0.0,0.0,0.0,0.0,0.0,0,0,0.0,0.0,,,,,,,,,,,,
4004,2026-04-23T08:25:49.399Z,S20260423_092137,N/A,AUTO,,251.5225,0.0636,N/A,0,1500,VIDE,0.0,0.0,0.0,0.0,0.0,0.0,0,0,0.0,0.0,,,,,,,,,,,,
4005,2026-04-23T08:25:49.463Z,S20260423_092137,N/A,AUTO,,251.5871,0.0646,N/A,0,1500,VIDE,0.0,0.0,0.0,0.0,0.0,0.0,0,0,0.0,0.0,,,,,,,,,,,,
4006,2026-04-23T08:25:49.524Z,S20260423_092137,N/A,AUTO,,251.6477,0.0606,N/A,0,1500,VIDE,0.0,0.0,0.0,0.0,0.0,0.0,0,0,0.0,0.0,,,,,,,,,,,,
4007,2026-04-23T08:25:49.584Z,S20260423_092137,N/A,AUTO,,251.7078,0.0602,N/A,0,1500,VIDE,0.0,0.0,0.0,0.0,0.0,0.0,0,0,0.0,0.0,,,,,,,,,,,,
4008,2026-04-23T08:25:49.646Z,S20260423_092137,N/A,AUTO,,251.7701,0.0622,N/A,0,1500,VIDE,0.0,0.0,0.0,0.0,0.0,0.0,0,0,0.0,0.0,,,,,,,,,,,,
4009,2026-04-23T08:25:49.710Z,S20260423_092137,N/A,AUTO,,251.8337,0.0636,N/A,0,1500,VIDE,0.0,0.0,0.0,0.0,0.0,0.0,0,0,0.0,0.0,,,,,,,,,,,,
4010,2026-04-23T08:25:49.775Z,S20260423_092137,N/A,AUTO,,251.8982,0.0645,N/A,0,1500,VIDE,0.0,0.0,0.0,0.0,0.0,0.0,0,0,0.0,0.0,,,,,,,,,,,,
4011,2026-04-23T08:25:49.839Z,S20260423_092137,N/A,AUTO,,251.9625,0.0643,N/A,0,1500,VIDE,0.0,0.0,0.0,0.0,0.0,0.0,0,0,0.0,0.0,,,,,,,,,,,,
4012,2026-04-23T08:25:49.903Z,S20260423_092137,N/A,AUTO,,252.0269,0.0643,N/A,0,1500,VIDE,0.0,0.0,0.0,0.0,0.0,0.0,0,0,0.0,0.0,,,,,,,,,,,,
4013,2026-04-23T08:25:49.960Z,S20260423_092137,N/A,AUTO,,252.0834,0.0566,N/A,0,1500,VIDE,0.0,0.0,0.0,0.0,0.0,0.0,0,0,0.0,0.0,,,,,,,,,,,,
4014,2026-04-23T08:25:50.024Z,S20260423_092137,N/A,AUTO,,252.1474,0.064,N/A,0,1500,VIDE,0.0,0.0,0.0,0.0,0.0,0.0,0,0,0.0,0.0,,,,,,,,,,,,
4015,2026-04-23T08:25:50.084Z,S20260423_092137,N/A,AUTO,,252.2081,0.0606,N/A,0,1500,VIDE,0.0,0.0,0.0,0.0,0.0,0.0,0,0,0.0,0.0,,,,,,,,,,,,
4016,2026-04-23T08:25:50.147Z,S20260423_092137,N/A,AUTO,,252.2707,0.0627,N/A,0,1500,VIDE,0.0,0.0,0.0,0.0,0.0,0.0,0,0,0.0,0.0,,,,,,,,,,,,
4017,2026-04-23T08:25:50.213Z,S20260423_092137,N/A,AUTO,,252.3368,0.0661,N/A,0,1500,VIDE,0.0,0.0,0.0,0.0,0.0,0.0,0,0,0.0,0.0,,,,,,,,,,,,
4018,2026-04-23T08:25:50.277Z,S20260423_092137,N/A,AUTO,,252.4008,0.064,N/A,0,1500,VIDE,0.0,0.0,0.0,0.0,0.0,0.0,0,0,0.0,0.0,,,,,,,,,,,,
4019,2026-04-23T08:25:50.341Z,S20260423_092137,N/A,AUTO,,252.4644,0.0636,N/A,0,1500,VIDE,0.0,0.0,0.0,0.0,0.0,0.0,0,0,0.0,0.0,,,,,,,,,,,,
4020,2026-04-23T08:25:50.403Z,S20260423_092137,N/A,AUTO,,252.5263,0.0619,N/A,0,1500,VIDE,0.0,0.0,0.0,0.0,0.0,0.0,0,0,0.0,0.0,,,,,,,,,,,,
4021,2026-04-23T08:25:50.460Z,S20260423_092137,N/A,AUTO,,252.5839,0.0576,N/A,0,1500,VIDE,0.0,0.0,0.0,0.0,0.0,0.0,0,0,0.0,0.0,,,,,,,,,,,,
4022,2026-04-23T08:25:50.525Z,S20260423_092137,N/A,AUTO,,252.6483,0.0644,N/A,0,1500,VIDE,0.0,0.0,0.0,0.0,0.0,0.0,0,0,0.0,0.0,,,,,,,,,,,,
4023,2026-04-23T08:25:50.584Z,S20260423_092137,N/A,AUTO,,252.7077,0.0594,N/A,0,1500,VIDE,0.0,0.0,0.0,0.0,0.0,0.0,0,0,0.0,0.0,,,,,,,,,,,,
4024,2026-04-23T08:25:50.647Z,S20260423_092137,N/A,AUTO,,252.7708,0.0631,N/A,0,1500,VIDE,0.0,0.0,0.0,0.0,0.0,0.0,0,0,0.0,0.0,,,,,,,,,,,,
4025,2026-04-23T08:25:50.710Z,S20260423_092137,N/A,AUTO,,252.8334,0.0625,N/A,0,1500,VIDE,0.0,0.0,0.0,0.0,0.0,0.0,0,0,0.0,0.0,,,,,,,,,,,,
4026,2026-04-23T08:25:50.776Z,S20260423_092137,N/A,AUTO,,252.8993,0.0658,N/A,0,1500,VIDE,0.0,0.0,0.0,0.0,0.0,0.0,0,0,0.0,0.0,,,,,,,,,,,,
4027,2026-04-23T08:25:50.840Z,S20260423_092137,N/A,AUTO,,252.9639,0.0648,N/A,0,1500,VIDE,0.0,0.0,0.0,0.0,0.0,0.0,0,0,0.0,0.0,,,,,,,,,,,,
4028,2026-04-23T08:25:50.903Z,S20260423_092137,N/A,AUTO,,253.0265,0.0625,N/A,0,1500,VIDE,0.0,0.0,0.0,0.0,0.0,0.0,0,0,0.0,0.0,,,,,,,,,,,,
4029,2026-04-23T08:25:50.963Z,S20260423_092137,N/A,AUTO,,253.0869,0.0604,N/A,0,1500,VIDE,0.0,0.0,0.0,0.0,0.0,0.0,0,0,0.0,0.0,,,,,,,,,,,,
4030,2026-04-23T08:25:51.024Z,S20260423_092137,N/A,AUTO,,253.1477,0.0608,N/A,0,1500,VIDE,0.0,0.0,0.0,0.0,0.0,0.0,0,0,0.0,0.0,,,,,,,,,,,,
4031,2026-04-23T08:25:51.085Z,S20260423_092137,N/A,AUTO,,253.2085,0.0609,N/A,0,1500,VIDE,0.0,0.0,0.0,0.0,0.0,0.0,0,0,0.0,0.0,,,,,,,,,,,,
4032,2026-04-23T08:25:51.149Z,S20260423_092137,N/A,AUTO,,253.2728,0.0642,N/A,0,1500,VIDE,0.0,0.0,0.0,0.0,0.0,0.0,0,0,0.0,0.0,,,,,,,,,,,,
4033,2026-04-23T08:25:51.214Z,S20260423_092137,N/A,AUTO,,253.3372,0.0645,N/A,0,1500,VIDE,0.0,0.0,0.0,0.0,0.0,0.0,0,0,0.0,0.0,,,,,,,,,,,,
4034,2026-04-23T08:25:51.271Z,S20260423_092137,N/A,AUTO,,253.3949,0.0577,N/A,0,1500,VIDE,0.0,0.0,0.0,0.0,0.0,0.0,0,0,0.0,0.0,,,,,,,,,,,,
4035,2026-04-23T08:25:51.335Z,S20260423_092137,N/A,AUTO,,253.4589,0.064,N/A,0,1500,VIDE,0.0,0.0,0.0,0.0,0.0,0.0,0,0,0.0,0.0,,,,,,,,,,,,
4036,2026-04-23T08:25:51.399Z,S20260423_092137,N/A,AUTO,,253.5227,0.0638,N/A,0,1500,VIDE,0.0,0.0,0.0,0.0,0.0,0.0,0,0,0.0,0.0,,,,,,,,,,,,
4037,2026-04-23T08:25:51.462Z,S20260423_092137,N/A,AUTO,,253.5852,0.0625,N/A,0,1500,VIDE,0.0,0.0,0.0,0.0,0.0,0.0,0,0,0.0,0.0,,,,,,,,,,,,
4038,2026-04-23T08:25:51.523Z,S20260423_092137,N/A,AUTO,,253.6471,0.062,N/A,0,1500,VIDE,0.0,0.0,0.0,0.0,0.0,0.0,0,0,0.0,0.0,,,,,,,,,,,,
4039,2026-04-23T08:25:51.585Z,S20260423_092137,N/A,AUTO,,253.7082,0.0611,N/A,0,1500,VIDE,0.0,0.0,0.0,0.0,0.0,0.0,0,0,0.0,0.0,,,,,,,,,,,,
4040,2026-04-23T08:25:51.650Z,S20260423_092137,N/A,AUTO,,253.7738,0.0656,N/A,0,1500,VIDE,0.0,0.0,0.0,0.0,0.0,0.0,0,0,0.0,0.0,,,,,,,,,,,,
4041,2026-04-23T08:25:51.710Z,S20260423_092137,N/A,AUTO,,253.834,0.0601,N/A,0,1500,VIDE,0.0,0.0,0.0,0.0,0.0,0.0,0,0,0.0,0.0,,,,,,,,,,,,
4042,2026-04-23T08:25:51.774Z,S20260423_092137,N/A,AUTO,,253.8981,0.0641,N/A,0,1500,VIDE,0.0,0.0,0.0,0.0,0.0,0.0,0,0,0.0,0.0,,,,,,,,,,,,
4043,2026-04-23T08:25:51.838Z,S20260423_092137,N/A,AUTO,,253.9619,0.0638,N/A,0,1500,VIDE,0.0,0.0,0.0,0.0,0.0,0.0,0,0,0.0,0.0,,,,,,,,,,,,
4044,2026-04-23T08:25:51.899Z,S20260423_092137,N/A,AUTO,,254.0231,0.0612,N/A,0,1500,VIDE,0.0,0.0,0.0,0.0,0.0,0.0,0,0,0.0,0.0,,,,,,,,,,,,
4045,2026-04-23T08:25:51.959Z,S20260423_092137,N/A,AUTO,,254.0827,0.0595,N/A,0,1500,VIDE,0.0,0.0,0.0,0.0,0.0,0.0,0,0,0.0,0.0,,,,,,,,,,,,
4046,2026-04-23T08:25:52.023Z,S20260423_092137,N/A,AUTO,,254.1471,0.0644,N/A,0,1500,VIDE,0.0,0.0,0.0,0.0,0.0,0.0,0,0,0.0,0.0,,,,,,,,,,,,
4047,2026-04-23T08:25:52.085Z,S20260423_092137,N/A,AUTO,,254.2083,0.0612,N/A,0,1500,VIDE,0.0,0.0,0.0,0.0,0.0,0.0,0,0,0.0,0.0,,,,,,,,,,,,
4048,2026-04-23T08:25:52.148Z,S20260423_092137,N/A,AUTO,,254.2714,0.0631,N/A,0,1500,VIDE,0.0,0.0,0.0,0.0,0.0,0.0,0,0,0.0,0.0,,,,,,,,,,,,
4049,2026-04-23T08:25:52.210Z,S20260423_092137,N/A,AUTO,,254.3333,0.0618,N/A,0,1500,VIDE,0.0,0.0,0.0,0.0,0.0,0.0,0,0,0.0,0.0,,,,,,,,,,,,
4050,2026-04-23T08:25:52.274Z,S20260423_092137,N/A,AUTO,,254.3973,0.0641,N/A,0,1500,VIDE,0.0,0.0,0.0,0.0,0.0,0.0,0,0,0.0,0.0,,,,,,,,,,,,
4051,2026-04-23T08:25:52.344Z,S20260423_092137,N/A,AUTO,,254.4679,0.0707,N/A,0,1500,VIDE,0.0,0.0,0.0,0.0,0.0,0.0,0,0,0.0,0.0,,,,,,,,,,,,
4052,2026-04-23T08:25:52.405Z,S20260423_092137,N/A,AUTO,,254.5287,0.0608,N/A,0,1500,VIDE,0.0,0.0,0.0,0.0,0.0,0.0,0,0,0.0,0.0,,,,,,,,,,,,
4053,2026-04-23T08:25:52.462Z,S20260423_092137,N/A,AUTO,,254.5861,0.0572,N/A,0,1500,VIDE,0.0,0.0,0.0,0.0,0.0,0.0,0,0,0.0,0.0,,,,,,,,,,,,
4054,2026-04-23T08:25:52.524Z,S20260423_092137,N/A,AUTO,,254.648,0.062,N/A,0,1500,VIDE,0.0,0.0,0.0,0.0,0.0,0.0,0,0,0.0,0.0,,,,,,,,,,,,
4055,2026-04-23T08:25:52.585Z,S20260423_092137,N/A,AUTO,,254.7082,0.0603,N/A,0,1500,VIDE,0.0,0.0,0.0,0.0,0.0,0.0,0,0,0.0,0.0,,,,,,,,,,,,
4056,2026-04-23T08:25:52.648Z,S20260423_092137,N/A,AUTO,,254.7713,0.063,N/A,0,1500,VIDE,0.0,0.0,0.0,0.0,0.0,0.0,0,0,0.0,0.0,,,,,,,,,,,,
4057,2026-04-23T08:25:52.710Z,S20260423_092137,N/A,AUTO,,254.8341,0.0629,N/A,0,1500,VIDE,0.0,0.0,0.0,0.0,0.0,0.0,0,0,0.0,0.0,,,,,,,,,,,,
4058,2026-04-23T08:25:52.776Z,S20260423_092137,N/A,AUTO,,254.8999,0.0657,N/A,0,1500,VIDE,0.0,0.0,0.0,0.0,0.0,0.0,0,0,0.0,0.0,,,,,,,,,,,,
4059,2026-04-23T08:25:52.840Z,S20260423_092137,N/A,AUTO,,254.964,0.0641,N/A,0,1500,VIDE,0.0,0.0,0.0,0.0,0.0,0.0,0,0,0.0,0.0,,,,,,,,,,,,
4060,2026-04-23T08:25:52.904Z,S20260423_092137,N/A,AUTO,,255.0276,0.0636,N/A,0,1500,VIDE,0.0,0.0,0.0,0.0,0.0,0.0,0,0,0.0,0.0,,,,,,,,,,,,
4061,2026-04-23T08:25:52.964Z,S20260423_092137,N/A,AUTO,,255.0875,0.0599,N/A,0,1500,VIDE,0.0,0.0,0.0,0.0,0.0,0.0,0,0,0.0,0.0,,,,,,,,,,,,
4062,2026-04-23T08:25:53.024Z,S20260423_092137,N/A,AUTO,,255.1478,0.0604,N/A,0,1500,VIDE,0.0,0.0,0.0,0.0,0.0,0.0,0,0,0.0,0.0,,,,,,,,,,,,
4063,2026-04-23T08:25:53.084Z,S20260423_092137,N/A,AUTO,,255.2079,0.06,N/A,0,1500,VIDE,0.0,0.0,0.0,0.0,0.0,0.0,0,0,0.0,0.0,,,,,,,,,,,,
4064,2026-04-23T08:25:53.147Z,S20260423_092137,N/A,AUTO,,255.2707,0.0628,N/A,0,1500,VIDE,0.0,0.0,0.0,0.0,0.0,0.0,0,0,0.0,0.0,,,,,,,,,,,,
4065,2026-04-23T08:25:53.213Z,S20260423_092137,N/A,AUTO,,255.3369,0.0663,N/A,0,1500,VIDE,0.0,0.0,0.0,0.0,0.0,0.0,0,0,0.0,0.0,,,,,,,,,,,,
4066,2026-04-23T08:25:53.271Z,S20260423_092137,N/A,AUTO,,255.395,0.0581,N/A,0,1500,VIDE,0.0,0.0,0.0,0.0,0.0,0.0,0,0,0.0,0.0,,,,,,,,,,,,
4067,2026-04-23T08:25:53.336Z,S20260423_092137,N/A,AUTO,,255.4594,0.0644,N/A,0,1500,VIDE,0.0,0.0,0.0,0.0,0.0,0.0,0,0,0.0,0.0,,,,,,,,,,,,
4068,2026-04-23T08:25:53.399Z,S20260423_092137,N/A,AUTO,,255.5231,0.0637,N/A,0,1500,VIDE,0.0,0.0,0.0,0.0,0.0,0.0,0,0,0.0,0.0,,,,,,,,,,,,
4069,2026-04-23T08:25:53.462Z,S20260423_092137,N/A,AUTO,,255.5859,0.0627,N/A,0,1500,VIDE,0.0,0.0,0.0,0.0,0.0,0.0,0,0,0.0,0.0,,,,,,,,,,,,
4070,2026-04-23T08:25:53.524Z,S20260423_092137,N/A,AUTO,,255.6476,0.0618,N/A,0,1500,VIDE,0.0,0.0,0.0,0.0,0.0,0.0,0,0,0.0,0.0,,,,,,,,,,,,
4071,2026-04-23T08:25:53.584Z,S20260423_092137,N/A,AUTO,,255.7074,0.0598,N/A,0,1500,VIDE,0.0,0.0,0.0,0.0,0.0,0.0,0,0,0.0,0.0,,,,,,,,,,,,
4072,2026-04-23T08:25:53.650Z,S20260423_092137,N/A,AUTO,,255.7738,0.0664,N/A,0,1500,VIDE,0.0,0.0,0.0,0.0,0.0,0.0,0,0,0.0,0.0,,,,,,,,,,,,
4073,2026-04-23T08:25:53.710Z,S20260423_092137,N/A,AUTO,,255.8334,0.0597,N/A,0,1500,VIDE,0.0,0.0,0.0,0.0,0.0,0.0,0,0,0.0,0.0,,,,,,,,,,,,
4074,2026-04-23T08:25:53.775Z,S20260423_092137,N/A,AUTO,,255.8984,0.0649,N/A,0,1500,VIDE,0.0,0.0,0.0,0.0,0.0,0.0,0,0,0.0,0.0,,,,,,,,,,,,
4075,2026-04-23T08:25:53.837Z,S20260423_092137,N/A,AUTO,,255.9605,0.0621,N/A,0,1500,VIDE,0.0,0.0,0.0,0.0,0.0,0.0,0,0,0.0,0.0,,,,,,,,,,,,
4076,2026-04-23T08:25:53.899Z,S20260423_092137,N/A,AUTO,,256.0231,0.0627,N/A,0,1500,VIDE,0.0,0.0,0.0,0.0,0.0,0.0,0,0,0.0,0.0,,,,,,,,,,,,
4077,2026-04-23T08:25:53.960Z,S20260423_092137,N/A,AUTO,,256.0842,0.0608,N/A,0,1500,VIDE,0.0,0.0,0.0,0.0,0.0,0.0,0,0,0.0,0.0,,,,,,,,,,,,
4078,2026-04-23T08:25:54.022Z,S20260423_092137,N/A,AUTO,,256.1458,0.0617,N/A,0,1500,VIDE,0.0,0.0,0.0,0.0,0.0,0.0,0,0,0.0,0.0,,,,,,,,,,,,
4079,2026-04-23T08:25:54.084Z,S20260423_092137,N/A,AUTO,,256.2076,0.0618,N/A,0,1500,VIDE,0.0,0.0,0.0,0.0,0.0,0.0,0,0,0.0,0.0,,,,,,,,,,,,
4080,2026-04-23T08:25:54.150Z,S20260423_092137,N/A,AUTO,,256.2741,0.0664,N/A,0,1500,VIDE,0.0,0.0,0.0,0.0,0.0,0.0,0,0,0.0,0.0,,,,,,,,,,,,
4081,2026-04-23T08:25:54.212Z,S20260423_092137,N/A,AUTO,,256.3354,0.0613,N/A,0,1500,VIDE,0.0,0.0,0.0,0.0,0.0,0.0,0,0,0.0,0.0,,,,,,,,,,,,
4082,2026-04-23T08:25:54.280Z,S20260423_092137,N/A,AUTO,,256.4034,0.0681,N/A,0,1500,VIDE,0.0,0.0,0.0,0.0,0.0,0.0,0,0,0.0,0.0,,,,,,,,,,,,
4083,2026-04-23T08:25:54.335Z,S20260423_092137,N/A,AUTO,,256.4582,0.0548,N/A,0,1500,VIDE,0.0,0.0,0.0,0.0,0.0,0.0,0,0,0.0,0.0,,,,,,,,,,,,
4084,2026-04-23T08:25:54.399Z,S20260423_092137,N/A,AUTO,,256.5224,0.0642,N/A,0,1500,VIDE,0.0,0.0,0.0,0.0,0.0,0.0,0,0,0.0,0.0,,,,,,,,,,,,
4085,2026-04-23T08:25:54.464Z,S20260423_092137,N/A,AUTO,,256.5874,0.065,N/A,0,1500,VIDE,0.0,0.0,0.0,0.0,0.0,0.0,0,0,0.0,0.0,,,,,,,,,,,,
4086,2026-04-23T08:25:54.524Z,S20260423_092137,N/A,AUTO,,256.6478,0.0604,N/A,0,1500,VIDE,0.0,0.0,0.0,0.0,0.0,0.0,0,0,0.0,0.0,,,,,,,,,,,,
4087,2026-04-23T08:25:54.584Z,S20260423_092137,N/A,AUTO,,256.7078,0.0601,N/A,0,1500,VIDE,0.0,0.0,0.0,0.0,0.0,0.0,0,0,0.0,0.0,,,,,,,,,,,,
4088,2026-04-23T08:25:54.647Z,S20260423_092137,N/A,AUTO,,256.7706,0.0628,N/A,0,1500,VIDE,0.0,0.0,0.0,0.0,0.0,0.0,0,0,0.0,0.0,,,,,,,,,,,,
4089,2026-04-23T08:25:54.711Z,S20260423_092137,N/A,AUTO,,256.8345,0.0639,N/A,0,1500,VIDE,0.0,0.0,0.0,0.0,0.0,0.0,0,0,0.0,0.0,,,,,,,,,,,,
4090,2026-04-23T08:25:54.776Z,S20260423_092137,N/A,AUTO,,256.8995,0.065,N/A,0,1500,VIDE,0.0,0.0,0.0,0.0,0.0,0.0,0,0,0.0,0.0,,,,,,,,,,,,
4091,2026-04-23T08:25:54.836Z,S20260423_092137,N/A,AUTO,,256.9593,0.0597,N/A,0,1500,VIDE,0.0,0.0,0.0,0.0,0.0,0.0,0,0,0.0,0.0,,,,,,,,,,,,
4092,2026-04-23T08:25:54.896Z,S20260423_092137,N/A,AUTO,,257.0201,0.0609,N/A,0,1500,VIDE,0.0,0.0,0.0,0.0,0.0,0.0,0,0,0.0,0.0,,,,,,,,,,,,
4093,2026-04-23T08:25:54.962Z,S20260423_092137,N/A,AUTO,,257.086,0.0658,N/A,0,1500,VIDE,0.0,0.0,0.0,0.0,0.0,0.0,0,0,0.0,0.0,,,,,,,,,,,,
4094,2026-04-23T08:25:55.024Z,S20260423_092137,N/A,AUTO,,257.1477,0.0618,N/A,0,1500,VIDE,0.0,0.0,0.0,0.0,0.0,0.0,0,0,0.0,0.0,,,,,,,,,,,,
4095,2026-04-23T08:25:55.085Z,S20260423_092137,N/A,AUTO,,257.2086,0.0609,N/A,0,1500,VIDE,0.0,0.0,0.0,0.0,0.0,0.0,0,0,0.0,0.0,,,,,,,,,,,,
4096,2026-04-23T08:25:55.147Z,S20260423_092137,N/A,AUTO,,257.2705,0.0619,N/A,0,1500,VIDE,0.0,0.0,0.0,0.0,0.0,0.0,0,0,0.0,0.0,,,,,,,,,,,,
4097,2026-04-23T08:25:55.214Z,S20260423_092137,N/A,AUTO,,257.3378,0.0673,N/A,0,1500,VIDE,0.0,0.0,0.0,0.0,0.0,0.0,0,0,0.0,0.0,,,,,,,,,,,,
4098,2026-04-23T08:25:55.272Z,S20260423_092137,N/A,AUTO,,257.3956,0.0579,N/A,0,1500,VIDE,0.0,0.0,0.0,0.0,0.0,0.0,0,0,0.0,0.0,,,,,,,,,,,,
4099,2026-04-23T08:25:55.336Z,S20260423_092137,N/A,AUTO,,257.4592,0.0635,N/A,0,1500,VIDE,0.0,0.0,0.0,0.0,0.0,0.0,0,0,0.0,0.0,,,,,,,,,,,,
4100,2026-04-23T08:25:55.397Z,S20260423_092137,N/A,AUTO,,257.5212,0.0619,N/A,0,1500,VIDE,0.0,0.0,0.0,0.0,0.0,0.0,0,0,0.0,0.0,,,,,,,,,,,,
4101,2026-04-23T08:25:55.462Z,S20260423_092137,N/A,AUTO,,257.586,0.0648,N/A,0,1500,VIDE,0.0,0.0,0.0,0.0,0.0,0.0,0,0,0.0,0.0,,,,,,,,,,,,
4102,2026-04-23T08:25:55.524Z,S20260423_092137,N/A,AUTO,,257.6472,0.0613,N/A,0,1500,VIDE,0.0,0.0,0.0,0.0,0.0,0.0,0,0,0.0,0.0,,,,,,,,,,,,
4103,2026-04-23T08:25:55.584Z,S20260423_092137,N/A,AUTO,,257.7079,0.0607,N/A,0,1500,VIDE,0.0,0.0,0.0,0.0,0.0,0.0,0,0,0.0,0.0,,,,,,,,,,,,
4104,2026-04-23T08:25:55.650Z,S20260423_092137,N/A,AUTO,,257.7741,0.0661,N/A,0,1500,VIDE,0.0,0.0,0.0,0.0,0.0,0.0,0,0,0.0,0.0,,,,,,,,,,,,
4105,2026-04-23T08:25:55.713Z,S20260423_092137,N/A,AUTO,,257.8362,0.0622,N/A,0,1500,VIDE,0.0,0.0,0.0,0.0,0.0,0.0,0,0,0.0,0.0,,,,,,,,,,,,
4106,2026-04-23T08:25:55.778Z,S20260423_092137,N/A,AUTO,,257.9012,0.065,N/A,0,1500,VIDE,0.0,0.0,0.0,0.0,0.0,0.0,0,0,0.0,0.0,,,,,,,,,,,,
4107,2026-04-23T08:25:55.841Z,S20260423_092137,N/A,AUTO,,257.9644,0.0632,N/A,0,1500,VIDE,0.0,0.0,0.0,0.0,0.0,0.0,0,0,0.0,0.0,,,,,,,,,,,,
4108,2026-04-23T08:25:55.897Z,S20260423_092137,N/A,AUTO,,258.0212,0.0567,N/A,0,1500,VIDE,0.0,0.0,0.0,0.0,0.0,0.0,0,0,0.0,0.0,,,,,,,,,,,,
4109,2026-04-23T08:25:55.961Z,S20260423_092137,N/A,AUTO,,258.0848,0.0636,N/A,0,1500,VIDE,0.0,0.0,0.0,0.0,0.0,0.0,0,0,0.0,0.0,,,,,,,,,,,,
4110,2026-04-23T08:25:56.023Z,S20260423_092137,N/A,AUTO,,258.1466,0.0618,N/A,0,1500,VIDE,0.0,0.0,0.0,0.0,0.0,0.0,0,0,0.0,0.0,,,,,,,,,,,,
4111,2026-04-23T08:25:56.084Z,S20260423_092137,N/A,AUTO,,258.2081,0.0615,N/A,0,1500,VIDE,0.0,0.0,0.0,0.0,0.0,0.0,0,0,0.0,0.0,,,,,,,,,,,,
4112,2026-04-23T08:25:56.151Z,S20260423_092137,N/A,AUTO,,258.275,0.0668,N/A,0,1500,VIDE,0.0,0.0,0.0,0.0,0.0,0.0,0,0,0.0,0.0,,,,,,,,,,,,
4113,2026-04-23T08:25:56.213Z,S20260423_092137,N/A,AUTO,,258.3371,0.0622,N/A,0,1500,VIDE,0.0,0.0,0.0,0.0,0.0,0.0,0,0,0.0,0.0,,,,,,,,,,,,
4114,2026-04-23T08:25:56.277Z,S20260423_092137,N/A,AUTO,,258.4004,0.0633,N/A,0,1500,VIDE,0.0,0.0,0.0,0.0,0.0,0.0,0,0,0.0,0.0,,,,,,,,,,,,
4115,2026-04-23T08:25:56.339Z,S20260423_092137,N/A,AUTO,,258.4623,0.0619,N/A,0,1500,VIDE,0.0,0.0,0.0,0.0,0.0,0.0,0,0,0.0,0.0,,,,,,,,,,,,
4116,2026-04-23T08:25:56.400Z,S20260423_092137,N/A,AUTO,,258.5233,0.061,N/A,0,1500,VIDE,0.0,0.0,0.0,0.0,0.0,0.0,0,0,0.0,0.0,,,,,,,,,,,,
4117,2026-04-23T08:25:56.463Z,S20260423_092137,N/A,AUTO,,258.5863,0.0628,N/A,0,1500,VIDE,0.0,0.0,0.0,0.0,0.0,0.0,0,0,0.0,0.0,,,,,,,,,,,,
4118,2026-04-23T08:25:56.524Z,S20260423_092137,N/A,AUTO,,258.6473,0.0611,N/A,0,1500,VIDE,0.0,0.0,0.0,0.0,0.0,0.0,0,0,0.0,0.0,,,,,,,,,,,,
4119,2026-04-23T08:25:56.586Z,S20260423_092137,N/A,AUTO,,258.7092,0.062,N/A,0,1500,VIDE,0.0,0.0,0.0,0.0,0.0,0.0,0,0,0.0,0.0,,,,,,,,,,,,
4120,2026-04-23T08:25:56.646Z,S20260423_092137,N/A,AUTO,,258.7698,0.0606,N/A,0,1500,VIDE,0.0,0.0,0.0,0.0,0.0,0.0,0,0,0.0,0.0,,,,,,,,,,,,
4121,2026-04-23T08:25:56.709Z,S20260423_092137,N/A,AUTO,,258.833,0.0632,N/A,0,1500,VIDE,0.0,0.0,0.0,0.0,0.0,0.0,0,0,0.0,0.0,,,,,,,,,,,,
4122,2026-04-23T08:25:56.771Z,S20260423_092137,N/A,AUTO,,258.8951,0.062,N/A,0,1500,VIDE,0.0,0.0,0.0,0.0,0.0,0.0,0,0,0.0,0.0,,,,,,,,,,,,
4123,2026-04-23T08:25:56.834Z,S20260423_092137,N/A,AUTO,,258.9581,0.0629,N/A,0,1500,VIDE,0.0,0.0,0.0,0.0,0.0,0.0,0,0,0.0,0.0,,,,,,,,,,,,
4124,2026-04-23T08:25:56.896Z,S20260423_092137,N/A,AUTO,,259.0199,0.0619,N/A,0,1500,VIDE,0.0,0.0,0.0,0.0,0.0,0.0,0,0,0.0,0.0,,,,,,,,,,,,
4125,2026-04-23T08:25:56.961Z,S20260423_092137,N/A,AUTO,,259.0845,0.0646,N/A,0,1500,VIDE,0.0,0.0,0.0,0.0,0.0,0.0,0,0,0.0,0.0,,,,,,,,,,,,
4126,2026-04-23T08:25:57.024Z,S20260423_092137,N/A,AUTO,,259.1476,0.0631,N/A,0,1500,VIDE,0.0,0.0,0.0,0.0,0.0,0.0,0,0,0.0,0.0,,,,,,,,,,,,
4127,2026-04-23T08:25:57.085Z,S20260423_092137,N/A,AUTO,,259.2088,0.0612,N/A,0,1500,VIDE,0.0,0.0,0.0,0.0,0.0,0.0,0,0,0.0,0.0,,,,,,,,,,,,
4128,2026-04-23T08:25:57.146Z,S20260423_092137,N/A,AUTO,,259.2699,0.0611,N/A,0,1500,VIDE,0.0,0.0,0.0,0.0,0.0,0.0,0,0,0.0,0.0,,,,,,,,,,,,
4129,2026-04-23T08:25:57.212Z,S20260423_092137,N/A,AUTO,,259.3356,0.0656,N/A,0,1500,VIDE,0.0,0.0,0.0,0.0,0.0,0.0,0,0,0.0,0.0,,,,,,,,,,,,
4130,2026-04-23T08:25:57.272Z,S20260423_092137,N/A,AUTO,,259.3952,0.0597,N/A,0,1500,VIDE,0.0,0.0,0.0,0.0,0.0,0.0,0,0,0.0,0.0,,,,,,,,,,,,
4131,2026-04-23T08:25:57.336Z,S20260423_092137,N/A,AUTO,,259.4596,0.0644,N/A,0,1500,VIDE,0.0,0.0,0.0,0.0,0.0,0.0,0,0,0.0,0.0,,,,,,,,,,,,
4132,2026-04-23T08:25:57.399Z,S20260423_092137,N/A,AUTO,,259.5229,0.0633,N/A,0,1500,VIDE,0.0,0.0,0.0,0.0,0.0,0.0,0,0,0.0,0.0,,,,,,,,,,,,
4133,2026-04-23T08:25:57.463Z,S20260423_092137,N/A,AUTO,,259.5864,0.0635,N/A,0,1500,VIDE,0.0,0.0,0.0,0.0,0.0,0.0,0,0,0.0,0.0,,,,,,,,,,,,
4134,2026-04-23T08:25:57.524Z,S20260423_092137,N/A,AUTO,,259.6479,0.0616,N/A,0,1500,VIDE,0.0,0.0,0.0,0.0,0.0,0.0,0,0,0.0,0.0,,,,,,,,,,,,
4135,2026-04-23T08:25:57.584Z,S20260423_092137,N/A,AUTO,,259.7081,0.0602,N/A,0,1500,VIDE,0.0,0.0,0.0,0.0,0.0,0.0,0,0,0.0,0.0,,,,,,,,,,,,
4136,2026-04-23T08:25:57.654Z,S20260423_092137,N/A,AUTO,,259.7779,0.0698,N/A,0,1500,VIDE,0.0,0.0,0.0,0.0,0.0,0.0,0,0,0.0,0.0,,,,,,,,,,,,
4137,2026-04-23T08:25:57.709Z,S20260423_092137,N/A,AUTO,,259.8327,0.0548,N/A,0,1500,VIDE,0.0,0.0,0.0,0.0,0.0,0.0,0,0,0.0,0.0,,,,,,,,,,,,
4138,2026-04-23T08:25:57.780Z,S20260423_092137,N/A,AUTO,,259.9034,0.0707,N/A,0,1500,VIDE,0.0,0.0,0.0,0.0,0.0,0.0,0,0,0.0,0.0,,,,,,,,,,,,
4139,2026-04-23T08:25:57.844Z,S20260423_092137,N/A,AUTO,,259.968,0.0646,N/A,0,1500,VIDE,0.0,0.0,0.0,0.0,0.0,0.0,0,0,0.0,0.0,,,,,,,,,,,,
4140,2026-04-23T08:25:57.897Z,S20260423_092137,N/A,AUTO,,260.0203,0.0523,N/A,0,1500,VIDE,0.0,0.0,0.0,0.0,0.0,0.0,0,0,0.0,0.0,,,,,,,,,,,,
4141,2026-04-23T08:25:57.960Z,S20260423_092137,N/A,AUTO,,260.0836,0.0633,N/A,0,1500,VIDE,0.0,0.0,0.0,0.0,0.0,0.0,0,0,0.0,0.0,,,,,,,,,,,,
4142,2026-04-23T08:25:58.024Z,S20260423_092137,N/A,AUTO,,260.1472,0.0636,N/A,0,1500,VIDE,0.0,0.0,0.0,0.0,0.0,0.0,0,0,0.0,0.0,,,,,,,,,,,,
4143,2026-04-23T08:25:58.084Z,S20260423_092137,N/A,AUTO,,260.2075,0.0603,N/A,0,1500,VIDE,0.0,0.0,0.0,0.0,0.0,0.0,0,0,0.0,0.0,,,,,,,,,,,,
4144,2026-04-23T08:25:58.151Z,S20260423_092137,N/A,AUTO,,260.275,0.0676,N/A,0,1500,VIDE,0.0,0.0,0.0,0.0,0.0,0.0,0,0,0.0,0.0,,,,,,,,,,,,
4145,2026-04-23T08:25:58.213Z,S20260423_092137,N/A,AUTO,,260.3366,0.0616,N/A,0,1500,VIDE,0.0,0.0,0.0,0.0,0.0,0.0,0,0,0.0,0.0,,,,,,,,,,,,
4146,2026-04-23T08:25:58.279Z,S20260423_092137,N/A,AUTO,,260.4026,0.0659,N/A,0,1500,VIDE,0.0,0.0,0.0,0.0,0.0,0.0,0,0,0.0,0.0,,,,,,,,,,,,
4147,2026-04-23T08:25:58.335Z,S20260423_092137,N/A,AUTO,,260.4591,0.0566,N/A,0,1500,VIDE,0.0,0.0,0.0,0.0,0.0,0.0,0,0,0.0,0.0,,,,,,,,,,,,
4148,2026-04-23T08:25:58.396Z,S20260423_092137,N/A,AUTO,,260.52,0.0609,N/A,0,1500,VIDE,0.0,0.0,0.0,0.0,0.0,0.0,0,0,0.0,0.0,,,,,,,,,,,,
4149,2026-04-23T08:25:58.462Z,S20260423_092137,N/A,AUTO,,260.5861,0.0661,N/A,0,1500,VIDE,0.0,0.0,0.0,0.0,0.0,0.0,0,0,0.0,0.0,,,,,,,,,,,,
4150,2026-04-23T08:25:58.524Z,S20260423_092137,N/A,AUTO,,260.6477,0.0616,N/A,0,1500,VIDE,0.0,0.0,0.0,0.0,0.0,0.0,0,0,0.0,0.0,,,,,,,,,,,,
4151,2026-04-23T08:25:58.584Z,S20260423_092137,N/A,AUTO,,260.7073,0.0596,N/A,0,1500,VIDE,0.0,0.0,0.0,0.0,0.0,0.0,0,0,0.0,0.0,,,,,,,,,,,,
4152,2026-04-23T08:25:58.647Z,S20260423_092137,N/A,AUTO,,260.7702,0.0629,N/A,0,1500,VIDE,0.0,0.0,0.0,0.0,0.0,0.0,0,0,0.0,0.0,,,,,,,,,,,,
4153,2026-04-23T08:25:58.711Z,S20260423_092137,N/A,AUTO,,260.8347,0.0644,N/A,0,1500,VIDE,0.0,0.0,0.0,0.0,0.0,0.0,0,0,0.0,0.0,,,,,,,,,,,,
4154,2026-04-23T08:25:58.775Z,S20260423_092137,N/A,AUTO,,260.8984,0.0638,N/A,0,1500,VIDE,0.0,0.0,0.0,0.0,0.0,0.0,0,0,0.0,0.0,,,,,,,,,,,,
4155,2026-04-23T08:25:58.839Z,S20260423_092137,N/A,AUTO,,260.9622,0.0638,N/A,0,1500,VIDE,0.0,0.0,0.0,0.0,0.0,0.0,0,0,0.0,0.0,,,,,,,,,,,,
4156,2026-04-23T08:25:58.899Z,S20260423_092137,N/A,AUTO,,261.0228,0.0606,N/A,0,1500,VIDE,0.0,0.0,0.0,0.0,0.0,0.0,0,0,0.0,0.0,,,,,,,,,,,,
4157,2026-04-23T08:25:58.961Z,S20260423_092137,N/A,AUTO,,261.0845,0.0617,N/A,0,1500,VIDE,0.0,0.0,0.0,0.0,0.0,0.0,0,0,0.0,0.0,,,,,,,,,,,,
4158,2026-04-23T08:25:59.023Z,S20260423_092137,N/A,AUTO,,261.1465,0.062,N/A,0,1500,VIDE,0.0,0.0,0.0,0.0,0.0,0.0,0,0,0.0,0.0,,,,,,,,,,,,
4159,2026-04-23T08:25:59.085Z,S20260423_092137,N/A,AUTO,,261.2083,0.0617,N/A,0,1500,VIDE,0.0,0.0,0.0,0.0,0.0,0.0,0,0,0.0,0.0,,,,,,,,,,,,
4160,2026-04-23T08:25:59.159Z,S20260423_092137,N/A,AUTO,,261.2828,0.0746,N/A,0,1500,VIDE,0.0,0.0,0.0,0.0,0.0,0.0,0,0,0.0,0.0,,,,,,,,,,,,
4161,2026-04-23T08:25:59.213Z,S20260423_092137,N/A,AUTO,,261.3366,0.0539,N/A,0,1500,VIDE,0.0,0.0,0.0,0.0,0.0,0.0,0,0,0.0,0.0,,,,,,,,,,,,
4162,2026-04-23T08:25:59.278Z,S20260423_092137,N/A,AUTO,,261.4018,0.0651,N/A,0,1500,VIDE,0.0,0.0,0.0,0.0,0.0,0.0,0,0,0.0,0.0,,,,,,,,,,,,
4163,2026-04-23T08:25:59.335Z,S20260423_092137,N/A,AUTO,,261.4591,0.0574,N/A,0,1500,VIDE,0.0,0.0,0.0,0.0,0.0,0.0,0,0,0.0,0.0,,,,,,,,,,,,
4164,2026-04-23T08:25:59.399Z,S20260423_092137,N/A,AUTO,,261.5226,0.0636,N/A,0,1500,VIDE,0.0,0.0,0.0,0.0,0.0,0.0,0,0,0.0,0.0,,,,,,,,,,,,
4165,2026-04-23T08:25:59.462Z,S20260423_092137,N/A,AUTO,,261.5861,0.0635,N/A,0,1500,VIDE,0.0,0.0,0.0,0.0,0.0,0.0,0,0,0.0,0.0,,,,,,,,,,,,
4166,2026-04-23T08:25:59.524Z,S20260423_092137,N/A,AUTO,,261.6476,0.0615,N/A,0,1500,VIDE,0.0,0.0,0.0,0.0,0.0,0.0,0,0,0.0,0.0,,,,,,,,,,,,
4167,2026-04-23T08:25:59.585Z,S20260423_092137,N/A,AUTO,,261.7082,0.0606,N/A,0,1500,VIDE,0.0,0.0,0.0,0.0,0.0,0.0,0,0,0.0,0.0,,,,,,,,,,,,
4168,2026-04-23T08:25:59.655Z,S20260423_092137,N/A,AUTO,,261.7783,0.0701,N/A,0,1500,VIDE,0.0,0.0,0.0,0.0,0.0,0.0,0,0,0.0,0.0,,,,,,,,,,,,
4169,2026-04-23T08:25:59.710Z,S20260423_092137,N/A,AUTO,,261.8336,0.0554,N/A,0,1500,VIDE,0.0,0.0,0.0,0.0,0.0,0.0,0,0,0.0,0.0,,,,,,,,,,,,
4170,2026-04-23T08:25:59.778Z,S20260423_092137,N/A,AUTO,,261.9013,0.0677,N/A,0,1500,VIDE,0.0,0.0,0.0,0.0,0.0,0.0,0,0,0.0,0.0,,,,,,,,,,,,
4171,2026-04-23T08:25:59.845Z,S20260423_092137,N/A,AUTO,,261.9685,0.0671,N/A,0,1500,VIDE,0.0,0.0,0.0,0.0,0.0,0.0,0,0,0.0,0.0,,,,,,,,,,,,
4172,2026-04-23T08:25:59.904Z,S20260423_092137,N/A,AUTO,,262.0281,0.0597,N/A,0,1500,VIDE,0.0,0.0,0.0,0.0,0.0,0.0,0,0,0.0,0.0,,,,,,,,,,,,
4173,2026-04-23T08:25:59.959Z,S20260423_092137,N/A,AUTO,,262.0832,0.0551,N/A,0,1500,VIDE,0.0,0.0,0.0,0.0,0.0,0.0,0,0,0.0,0.0,,,,,,,,,,,,
4174,2026-04-23T08:26:00.023Z,S20260423_092137,N/A,AUTO,,262.1466,0.0635,N/A,0,1500,VIDE,0.0,0.0,0.0,0.0,0.0,0.0,0,0,0.0,0.0,,,,,,,,,,,,
4175,2026-04-23T08:26:00.084Z,S20260423_092137,N/A,AUTO,,262.2081,0.0615,N/A,0,1500,VIDE,0.0,0.0,0.0,0.0,0.0,0.0,0,0,0.0,0.0,,,,,,,,,,,,
4176,2026-04-23T08:26:00.150Z,S20260423_092137,N/A,AUTO,,262.2739,0.0657,N/A,0,1500,VIDE,0.0,0.0,0.0,0.0,0.0,0.0,0,0,0.0,0.0,,,,,,,,,,,,
4177,2026-04-23T08:26:00.211Z,S20260423_092137,N/A,AUTO,,262.3345,0.0606,N/A,0,1500,VIDE,0.0,0.0,0.0,0.0,0.0,0.0,0,0,0.0,0.0,,,,,,,,,,,,
4178,2026-04-23T08:26:00.278Z,S20260423_092137,N/A,AUTO,,262.4018,0.0672,N/A,0,1500,VIDE,0.0,0.0,0.0,0.0,0.0,0.0,0,0,0.0,0.0,,,,,,,,,,,,
4179,2026-04-23T08:26:00.339Z,S20260423_092137,N/A,AUTO,,262.4632,0.0614,N/A,0,1500,VIDE,0.0,0.0,0.0,0.0,0.0,0.0,0,0,0.0,0.0,,,,,,,,,,,,
4180,2026-04-23T08:26:00.400Z,S20260423_092137,N/A,AUTO,,262.524,0.0609,N/A,0,1500,VIDE,0.0,0.0,0.0,0.0,0.0,0.0,0,0,0.0,0.0,,,,,,,,,,,,
4181,2026-04-23T08:26:00.462Z,S20260423_092137,N/A,AUTO,,262.5859,0.0618,N/A,0,1500,VIDE,0.0,0.0,0.0,0.0,0.0,0.0,0,0,0.0,0.0,,,,,,,,,,,,
4182,2026-04-23T08:26:00.524Z,S20260423_092137,N/A,AUTO,,262.648,0.0622,N/A,0,1500,VIDE,0.0,0.0,0.0,0.0,0.0,0.0,0,0,0.0,0.0,,,,,,,,,,,,
4183,2026-04-23T08:26:00.584Z,S20260423_092137,N/A,AUTO,,262.7074,0.0595,N/A,0,1500,VIDE,0.0,0.0,0.0,0.0,0.0,0.0,0,0,0.0,0.0,,,,,,,,,,,,
4184,2026-04-23T08:26:00.647Z,S20260423_092137,N/A,AUTO,,262.7708,0.0634,N/A,0,1500,VIDE,0.0,0.0,0.0,0.0,0.0,0.0,0,0,0.0,0.0,,,,,,,,,,,,
4185,2026-04-23T08:26:00.710Z,S20260423_092137,N/A,AUTO,,262.8341,0.0632,N/A,0,1500,VIDE,0.0,0.0,0.0,0.0,0.0,0.0,0,0,0.0,0.0,,,,,,,,,,,,
4186,2026-04-23T08:26:00.774Z,S20260423_092137,N/A,AUTO,,262.8976,0.0635,N/A,0,1500,VIDE,0.0,0.0,0.0,0.0,0.0,0.0,0,0,0.0,0.0,,,,,,,,,,,,
4187,2026-04-23T08:26:00.836Z,S20260423_092137,N/A,AUTO,,262.9595,0.0619,N/A,0,1500,VIDE,0.0,0.0,0.0,0.0,0.0,0.0,0,0,0.0,0.0,,,,,,,,,,,,
4188,2026-04-23T08:26:00.898Z,S20260423_092137,N/A,AUTO,,263.0215,0.062,N/A,0,1500,VIDE,0.0,0.0,0.0,0.0,0.0,0.0,0,0,0.0,0.0,,,,,,,,,,,,
4189,2026-04-23T08:26:00.961Z,S20260423_092137,N/A,AUTO,,263.0844,0.063,N/A,0,1500,VIDE,0.0,0.0,0.0,0.0,0.0,0.0,0,0,0.0,0.0,,,,,,,,,,,,
4190,2026-04-23T08:26:01.023Z,S20260423_092137,N/A,AUTO,,263.1464,0.0618,N/A,0,1500,VIDE,0.0,0.0,0.0,0.0,0.0,0.0,0,0,0.0,0.0,,,,,,,,,,,,
4191,2026-04-23T08:26:01.085Z,S20260423_092137,N/A,AUTO,,263.2085,0.0621,N/A,0,1500,VIDE,0.0,0.0,0.0,0.0,0.0,0.0,0,0,0.0,0.0,,,,,,,,,,,,
4192,2026-04-23T08:26:01.146Z,S20260423_092137,N/A,AUTO,,263.27,0.0615,N/A,0,1500,VIDE,0.0,0.0,0.0,0.0,0.0,0.0,0,0,0.0,0.0,,,,,,,,,,,,
4193,2026-04-23T08:26:01.209Z,S20260423_092137,N/A,AUTO,,263.3328,0.0628,N/A,0,1500,VIDE,0.0,0.0,0.0,0.0,0.0,0.0,0,0,0.0,0.0,,,,,,,,,,,,
4194,2026-04-23T08:26:01.272Z,S20260423_092137,N/A,AUTO,,263.3954,0.0627,N/A,0,1500,VIDE,0.0,0.0,0.0,0.0,0.0,0.0,0,0,0.0,0.0,,,,,,,,,,,,
4195,2026-04-23T08:26:01.335Z,S20260423_092137,N/A,AUTO,,263.4582,0.0628,N/A,0,1500,VIDE,0.0,0.0,0.0,0.0,0.0,0.0,0,0,0.0,0.0,,,,,,,,,,,,
4196,2026-04-23T08:26:01.397Z,S20260423_092137,N/A,AUTO,,263.5203,0.0621,N/A,0,1500,VIDE,0.0,0.0,0.0,0.0,0.0,0.0,0,0,0.0,0.0,,,,,,,,,,,,
4197,2026-04-23T08:26:01.460Z,S20260423_092137,N/A,AUTO,,263.5834,0.063,N/A,0,1500,VIDE,0.0,0.0,0.0,0.0,0.0,0.0,0,0,0.0,0.0,,,,,,,,,,,,
4198,2026-04-23T08:26:01.524Z,S20260423_092137,N/A,AUTO,,263.6472,0.0639,N/A,0,1500,VIDE,0.0,0.0,0.0,0.0,0.0,0.0,0,0,0.0,0.0,,,,,,,,,,,,
4199,2026-04-23T08:26:01.585Z,S20260423_092137,N/A,AUTO,,263.7082,0.0611,N/A,0,1500,VIDE,0.0,0.0,0.0,0.0,0.0,0.0,0,0,0.0,0.0,,,,,,,,,,,,
4200,2026-04-23T08:26:01.654Z,S20260423_092137,N/A,AUTO,,263.778,0.0698,N/A,0,1500,VIDE,0.0,0.0,0.0,0.0,0.0,0.0,0,0,0.0,0.0,,,,,,,,,,,,
4201,2026-04-23T08:26:01.710Z,S20260423_092137,N/A,AUTO,,263.8336,0.0556,N/A,0,1500,VIDE,0.0,0.0,0.0,0.0,0.0,0.0,0,0,0.0,0.0,,,,,,,,,,,,
4202,2026-04-23T08:26:01.780Z,S20260423_092137,N/A,AUTO,,263.9037,0.0701,N/A,0,1500,VIDE,0.0,0.0,0.0,0.0,0.0,0.0,0,0,0.0,0.0,,,,,,,,,,,,
4203,2026-04-23T08:26:01.845Z,S20260423_092137,N/A,AUTO,,263.9683,0.0645,N/A,0,1500,VIDE,0.0,0.0,0.0,0.0,0.0,0.0,0,0,0.0,0.0,,,,,,,,,,,,
4204,2026-04-23T08:26:01.904Z,S20260423_092137,N/A,AUTO,,264.0276,0.0593,N/A,0,1500,VIDE,0.0,0.0,0.0,0.0,0.0,0.0,0,0,0.0,0.0,,,,,,,,,,,,
4205,2026-04-23T08:26:01.960Z,S20260423_092137,N/A,AUTO,,264.0837,0.0561,N/A,0,1500,VIDE,0.0,0.0,0.0,0.0,0.0,0.0,0,0,0.0,0.0,,,,,,,,,,,,
4206,2026-04-23T08:26:02.024Z,S20260423_092137,N/A,AUTO,,264.1473,0.0636,N/A,0,1500,VIDE,0.0,0.0,0.0,0.0,0.0,0.0,0,0,0.0,0.0,,,,,,,,,,,,
4207,2026-04-23T08:26:02.084Z,S20260423_092137,N/A,AUTO,,264.2077,0.0604,N/A,0,1500,VIDE,0.0,0.0,0.0,0.0,0.0,0.0,0,0,0.0,0.0,,,,,,,,,,,,
4208,2026-04-23T08:26:02.152Z,S20260423_092137,N/A,AUTO,,264.2754,0.0677,N/A,0,1500,VIDE,0.0,0.0,0.0,0.0,0.0,0.0,0,0,0.0,0.0,,,,,,,,,,,,
4209,2026-04-23T08:26:02.211Z,S20260423_092137,N/A,AUTO,,264.3346,0.0592,N/A,0,1500,VIDE,0.0,0.0,0.0,0.0,0.0,0.0,0,0,0.0,0.0,,,,,,,,,,,,
4210,2026-04-23T08:26:02.277Z,S20260423_092137,N/A,AUTO,,264.401,0.0663,N/A,0,1500,VIDE,0.0,0.0,0.0,0.0,0.0,0.0,0,0,0.0,0.0,,,,,,,,,,,,
4211,2026-04-23T08:26:02.344Z,S20260423_092137,N/A,AUTO,,264.4674,0.0664,N/A,0,1500,VIDE,0.0,0.0,0.0,0.0,0.0,0.0,0,0,0.0,0.0,,,,,,,,,,,,
4212,2026-04-23T08:26:02.405Z,S20260423_092137,N/A,AUTO,,264.5284,0.061,N/A,0,1500,VIDE,0.0,0.0,0.0,0.0,0.0,0.0,0,0,0.0,0.0,,,,,,,,,,,,
4213,2026-04-23T08:26:02.462Z,S20260423_092137,N/A,AUTO,,264.5862,0.0577,N/A,0,1500,VIDE,0.0,0.0,0.0,0.0,0.0,0.0,0,0,0.0,0.0,,,,,,,,,,,,
4214,2026-04-23T08:26:02.524Z,S20260423_092137,N/A,AUTO,,264.6473,0.0612,N/A,0,1500,VIDE,0.0,0.0,0.0,0.0,0.0,0.0,0,0,0.0,0.0,,,,,,,,,,,,
4215,2026-04-23T08:26:02.584Z,S20260423_092137,N/A,AUTO,,264.7073,0.06,N/A,0,1500,VIDE,0.0,0.0,0.0,0.0,0.0,0.0,0,0,0.0,0.0,,,,,,,,,,,,
4216,2026-04-23T08:26:02.646Z,S20260423_092137,N/A,AUTO,,264.7699,0.0626,N/A,0,1500,VIDE,0.0,0.0,0.0,0.0,0.0,0.0,0,0,0.0,0.0,,,,,,,,,,,,
4217,2026-04-23T08:26:02.709Z,S20260423_092137,N/A,AUTO,,264.8328,0.0629,N/A,0,1500,VIDE,0.0,0.0,0.0,0.0,0.0,0.0,0,0,0.0,0.0,,,,,,,,,,,,
4218,2026-04-23T08:26:02.775Z,S20260423_092137,N/A,AUTO,,264.8984,0.0656,N/A,0,1500,VIDE,0.0,0.0,0.0,0.0,0.0,0.0,0,0,0.0,0.0,,,,,,,,,,,,
4219,2026-04-23T08:26:02.840Z,S20260423_092137,N/A,AUTO,,264.9632,0.0647,N/A,0,1500,VIDE,0.0,0.0,0.0,0.0,0.0,0.0,0,0,0.0,0.0,,,,,,,,,,,,
4220,2026-04-23T08:26:02.899Z,S20260423_092137,N/A,AUTO,,265.0225,0.0593,N/A,0,1500,VIDE,0.0,0.0,0.0,0.0,0.0,0.0,0,0,0.0,0.0,,,,,,,,,,,,
4221,2026-04-23T08:26:02.964Z,S20260423_092137,N/A,AUTO,,265.0881,0.0655,N/A,0,1500,VIDE,0.0,0.0,0.0,0.0,0.0,0.0,0,0,0.0,0.0,,,,,,,,,,,,
4222,2026-04-23T08:26:03.025Z,S20260423_092137,N/A,AUTO,,265.1482,0.0603,N/A,0,1500,VIDE,0.0,0.0,0.0,0.0,0.0,0.0,0,0,0.0,0.0,,,,,,,,,,,,
4223,2026-04-23T08:26:03.085Z,S20260423_092137,N/A,AUTO,,265.2086,0.0603,N/A,0,1500,VIDE,0.0,0.0,0.0,0.0,0.0,0.0,0,0,0.0,0.0,,,,,,,,,,,,
4224,2026-04-23T08:26:03.152Z,S20260423_092137,N/A,AUTO,,265.2757,0.0672,N/A,0,1500,VIDE,0.0,0.0,0.0,0.0,0.0,0.0,0,0,0.0,0.0,,,,,,,,,,,,
4225,2026-04-23T08:26:03.212Z,S20260423_092137,N/A,AUTO,,265.3361,0.0603,N/A,0,1500,VIDE,0.0,0.0,0.0,0.0,0.0,0.0,0,0,0.0,0.0,,,,,,,,,,,,
4226,2026-04-23T08:26:03.276Z,S20260423_092137,N/A,AUTO,,265.4,0.064,N/A,0,1500,VIDE,0.0,0.0,0.0,0.0,0.0,0.0,0,0,0.0,0.0,,,,,,,,,,,,
4227,2026-04-23T08:26:03.335Z,S20260423_092137,N/A,AUTO,,265.4591,0.0591,N/A,0,1500,VIDE,0.0,0.0,0.0,0.0,0.0,0.0,0,0,0.0,0.0,,,,,,,,,,,,
4228,2026-04-23T08:26:03.399Z,S20260423_092137,N/A,AUTO,,265.5229,0.0638,N/A,0,1500,VIDE,0.0,0.0,0.0,0.0,0.0,0.0,0,0,0.0,0.0,,,,,,,,,,,,
4229,2026-04-23T08:26:03.463Z,S20260423_092137,N/A,AUTO,,265.587,0.0642,N/A,0,1500,VIDE,0.0,0.0,0.0,0.0,0.0,0.0,0,0,0.0,0.0,,,,,,,,,,,,
4230,2026-04-23T08:26:03.524Z,S20260423_092137,N/A,AUTO,,265.6474,0.0604,N/A,0,1500,VIDE,0.0,0.0,0.0,0.0,0.0,0.0,0,0,0.0,0.0,,,,,,,,,,,,
4231,2026-04-23T08:26:03.584Z,S20260423_092137,N/A,AUTO,,265.7075,0.06,N/A,0,1500,VIDE,0.0,0.0,0.0,0.0,0.0,0.0,0,0,0.0,0.0,,,,,,,,,,,,
4232,2026-04-23T08:26:03.649Z,S20260423_092137,N/A,AUTO,,265.7726,0.0651,N/A,0,1500,VIDE,0.0,0.0,0.0,0.0,0.0,0.0,0,0,0.0,0.0,,,,,,,,,,,,
4233,2026-04-23T08:26:03.710Z,S20260423_092137,N/A,AUTO,,265.8334,0.0609,N/A,0,1500,VIDE,0.0,0.0,0.0,0.0,0.0,0.0,0,0,0.0,0.0,,,,,,,,,,,,
4234,2026-04-23T08:26:03.776Z,S20260423_092137,N/A,AUTO,,265.8998,0.0663,N/A,0,1500,VIDE,0.0,0.0,0.0,0.0,0.0,0.0,0,0,0.0,0.0,,,,,,,,,,,,
4235,2026-04-23T08:26:03.839Z,S20260423_092137,N/A,AUTO,,265.9622,0.0624,N/A,0,1500,VIDE,0.0,0.0,0.0,0.0,0.0,0.0,0,0,0.0,0.0,,,,,,,,,,,,
4236,2026-04-23T08:26:03.899Z,S20260423_092137,N/A,AUTO,,266.023,0.0609,N/A,0,1500,VIDE,0.0,0.0,0.0,0.0,0.0,0.0,0,0,0.0,0.0,,,,,,,,,,,,
4237,2026-04-23T08:26:03.959Z,S20260423_092137,N/A,AUTO,,266.0831,0.0599,N/A,0,1500,VIDE,0.0,0.0,0.0,0.0,0.0,0.0,0,0,0.0,0.0,,,,,,,,,,,,
4238,2026-04-23T08:26:04.023Z,S20260423_092137,N/A,AUTO,,266.1464,0.0633,N/A,0,1500,VIDE,0.0,0.0,0.0,0.0,0.0,0.0,0,0,0.0,0.0,,,,,,,,,,,,
4239,2026-04-23T08:26:04.084Z,S20260423_092137,N/A,AUTO,,266.2074,0.0611,N/A,0,1500,VIDE,0.0,0.0,0.0,0.0,0.0,0.0,0,0,0.0,0.0,,,,,,,,,,,,
4240,2026-04-23T08:26:04.147Z,S20260423_092137,N/A,AUTO,,266.2702,0.0628,N/A,0,1500,VIDE,0.0,0.0,0.0,0.0,0.0,0.0,0,0,0.0,0.0,,,,,,,,,,,,
4241,2026-04-23T08:26:04.211Z,S20260423_092137,N/A,AUTO,,266.3347,0.0645,N/A,0,1500,VIDE,0.0,0.0,0.0,0.0,0.0,0.0,0,0,0.0,0.0,,,,,,,,,,,,
4242,2026-04-23T08:26:04.278Z,S20260423_092137,N/A,AUTO,,266.4013,0.0666,N/A,0,1500,VIDE,0.0,0.0,0.0,0.0,0.0,0.0,0,0,0.0,0.0,,,,,,,,,,,,
4243,2026-04-23T08:26:04.345Z,S20260423_092137,N/A,AUTO,,266.4683,0.0669,N/A,0,1500,VIDE,0.0,0.0,0.0,0.0,0.0,0.0,0,0,0.0,0.0,,,,,,,,,,,,
4244,2026-04-23T08:26:04.405Z,S20260423_092137,N/A,AUTO,,266.5286,0.0603,N/A,0,1500,VIDE,0.0,0.0,0.0,0.0,0.0,0.0,0,0,0.0,0.0,,,,,,,,,,,,
4245,2026-04-23T08:26:04.461Z,S20260423_092137,N/A,AUTO,,266.5851,0.0565,N/A,0,1500,VIDE,0.0,0.0,0.0,0.0,0.0,0.0,0,0,0.0,0.0,,,,,,,,,,,,
4246,2026-04-23T08:26:04.523Z,S20260423_092137,N/A,AUTO,,266.6471,0.062,N/A,0,1500,VIDE,0.0,0.0,0.0,0.0,0.0,0.0,0,0,0.0,0.0,,,,,,,,,,,,
4247,2026-04-23T08:26:04.584Z,S20260423_092137,N/A,AUTO,,266.7072,0.0601,N/A,0,1500,VIDE,0.0,0.0,0.0,0.0,0.0,0.0,0,0,0.0,0.0,,,,,,,,,,,,
4248,2026-04-23T08:26:04.646Z,S20260423_092137,N/A,AUTO,,266.7698,0.0627,N/A,0,1500,VIDE,0.0,0.0,0.0,0.0,0.0,0.0,0,0,0.0,0.0,,,,,,,,,,,,
4249,2026-04-23T08:26:04.709Z,S20260423_092137,N/A,AUTO,,266.8327,0.0629,N/A,0,1500,VIDE,0.0,0.0,0.0,0.0,0.0,0.0,0,0,0.0,0.0,,,,,,,,,,,,
4250,2026-04-23T08:26:04.775Z,S20260423_092137,N/A,AUTO,,266.8986,0.0659,N/A,0,1500,VIDE,0.0,0.0,0.0,0.0,0.0,0.0,0,0,0.0,0.0,,,,,,,,,,,,
4251,2026-04-23T08:26:04.839Z,S20260423_092137,N/A,AUTO,,266.9631,0.0644,N/A,0,1500,VIDE,0.0,0.0,0.0,0.0,0.0,0.0,0,0,0.0,0.0,,,,,,,,,,,,
4252,2026-04-23T08:26:04.903Z,S20260423_092137,N/A,AUTO,,267.0262,0.0631,N/A,0,1500,VIDE,0.0,0.0,0.0,0.0,0.0,0.0,0,0,0.0,0.0,,,,,,,,,,,,
4253,2026-04-23T08:26:04.961Z,S20260423_092137,N/A,AUTO,,267.0847,0.0586,N/A,0,1500,VIDE,0.0,0.0,0.0,0.0,0.0,0.0,0,0,0.0,0.0,,,,,,,,,,,,
4254,2026-04-23T08:26:05.025Z,S20260423_092137,N/A,AUTO,,267.1483,0.0636,N/A,0,1500,VIDE,0.0,0.0,0.0,0.0,0.0,0.0,0,0,0.0,0.0,,,,,,,,,,,,
4255,2026-04-23T08:26:05.084Z,S20260423_092137,N/A,AUTO,,267.2081,0.0598,N/A,0,1500,VIDE,0.0,0.0,0.0,0.0,0.0,0.0,0,0,0.0,0.0,,,,,,,,,,,,
4256,2026-04-23T08:26:05.158Z,S20260423_092137,N/A,AUTO,,267.2815,0.0734,N/A,0,1500,VIDE,0.0,0.0,0.0,0.0,0.0,0.0,0,0,0.0,0.0,,,,,,,,,,,,
4257,2026-04-23T08:26:05.211Z,S20260423_092137,N/A,AUTO,,267.3348,0.0532,N/A,0,1500,VIDE,0.0,0.0,0.0,0.0,0.0,0.0,0,0,0.0,0.0,,,,,,,,,,,,
4258,2026-04-23T08:26:05.271Z,S20260423_092137,N/A,AUTO,,267.3951,0.0603,N/A,0,1500,VIDE,0.0,0.0,0.0,0.0,0.0,0.0,0,0,0.0,0.0,,,,,,,,,,,,
4259,2026-04-23T08:26:05.335Z,S20260423_092137,N/A,AUTO,,267.459,0.0638,N/A,0,1500,VIDE,0.0,0.0,0.0,0.0,0.0,0.0,0,0,0.0,0.0,,,,,,,,,,,,
4260,2026-04-23T08:26:05.399Z,S20260423_092137,N/A,AUTO,,267.5225,0.0636,N/A,0,1500,VIDE,0.0,0.0,0.0,0.0,0.0,0.0,0,0,0.0,0.0,,,,,,,,,,,,
4261,2026-04-23T08:26:05.460Z,S20260423_092137,N/A,AUTO,,267.5838,0.0613,N/A,0,1500,VIDE,0.0,0.0,0.0,0.0,0.0,0.0,0,0,0.0,0.0,,,,,,,,,,,,
4262,2026-04-23T08:26:05.524Z,S20260423_092137,N/A,AUTO,,267.6478,0.064,N/A,0,1500,VIDE,0.0,0.0,0.0,0.0,0.0,0.0,0,0,0.0,0.0,,,,,,,,,,,,
4263,2026-04-23T08:26:05.585Z,S20260423_092137,N/A,AUTO,,267.7084,0.0605,N/A,0,1500,VIDE,0.0,0.0,0.0,0.0,0.0,0.0,0,0,0.0,0.0,,,,,,,,,,,,
4264,2026-04-23T08:26:05.655Z,S20260423_092137,N/A,AUTO,,267.7784,0.07,N/A,0,1500,VIDE,0.0,0.0,0.0,0.0,0.0,0.0,0,0,0.0,0.0,,,,,,,,,,,,
4265,2026-04-23T08:26:05.718Z,S20260423_092137,N/A,AUTO,,267.8421,0.0637,N/A,0,1500,VIDE,0.0,0.0,0.0,0.0,0.0,0.0,0,0,0.0,0.0,,,,,,,,,,,,
4266,2026-04-23T08:26:05.777Z,S20260423_092137,N/A,AUTO,,267.9004,0.0583,N/A,0,1500,VIDE,0.0,0.0,0.0,0.0,0.0,0.0,0,0,0.0,0.0,,,,,,,,,,,,
4267,2026-04-23T08:26:05.844Z,S20260423_092137,N/A,AUTO,,267.968,0.0676,N/A,0,1500,VIDE,0.0,0.0,0.0,0.0,0.0,0.0,0,0,0.0,0.0,,,,,,,,,,,,
4268,2026-04-23T08:26:05.905Z,S20260423_092137,N/A,AUTO,,268.0283,0.0603,N/A,0,1500,VIDE,0.0,0.0,0.0,0.0,0.0,0.0,0,0,0.0,0.0,,,,,,,,,,,,
4269,2026-04-23T08:26:05.960Z,S20260423_092137,N/A,AUTO,,268.0839,0.0556,N/A,0,1500,VIDE,0.0,0.0,0.0,0.0,0.0,0.0,0,0,0.0,0.0,,,,,,,,,,,,
4270,2026-04-23T08:26:06.024Z,S20260423_092137,N/A,AUTO,,268.1473,0.0634,N/A,0,1500,VIDE,0.0,0.0,0.0,0.0,0.0,0.0,0,0,0.0,0.0,,,,,,,,,,,,
4271,2026-04-23T08:26:06.085Z,S20260423_092137,N/A,AUTO,,268.2085,0.0611,N/A,0,1500,VIDE,0.0,0.0,0.0,0.0,0.0,0.0,0,0,0.0,0.0,,,,,,,,,,,,
4272,2026-04-23T08:26:06.151Z,S20260423_092137,N/A,AUTO,,268.2746,0.0661,N/A,0,1500,VIDE,0.0,0.0,0.0,0.0,0.0,0.0,0,0,0.0,0.0,,,,,,,,,,,,
4273,2026-04-23T08:26:06.211Z,S20260423_092137,N/A,AUTO,,268.3347,0.0601,N/A,0,1500,VIDE,0.0,0.0,0.0,0.0,0.0,0.0,0,0,0.0,0.0,,,,,,,,,,,,
4274,2026-04-23T08:26:06.277Z,S20260423_092137,N/A,AUTO,,268.4006,0.0659,N/A,0,1500,VIDE,0.0,0.0,0.0,0.0,0.0,0.0,0,0,0.0,0.0,,,,,,,,,,,,
4275,2026-04-23T08:26:06.342Z,S20260423_092137,N/A,AUTO,,268.4657,0.065,N/A,0,1500,VIDE,0.0,0.0,0.0,0.0,0.0,0.0,0,0,0.0,0.0,,,,,,,,,,,,
4276,2026-04-23T08:26:06.404Z,S20260423_092137,N/A,AUTO,,268.5272,0.0615,N/A,0,1500,VIDE,0.0,0.0,0.0,0.0,0.0,0.0,0,0,0.0,0.0,,,,,,,,,,,,
4277,2026-04-23T08:26:06.462Z,S20260423_092137,N/A,AUTO,,268.5857,0.0585,N/A,0,1500,VIDE,0.0,0.0,0.0,0.0,0.0,0.0,0,0,0.0,0.0,,,,,,,,,,,,
4278,2026-04-23T08:26:06.525Z,S20260423_092137,N/A,AUTO,,268.6483,0.0627,N/A,0,1500,VIDE,0.0,0.0,0.0,0.0,0.0,0.0,0,0,0.0,0.0,,,,,,,,,,,,
4279,2026-04-23T08:26:06.584Z,S20260423_092137,N/A,AUTO,,268.7075,0.0592,N/A,0,1500,VIDE,0.0,0.0,0.0,0.0,0.0,0.0,0,0,0.0,0.0,,,,,,,,,,,,
4280,2026-04-23T08:26:06.647Z,S20260423_092137,N/A,AUTO,,268.7702,0.0627,N/A,0,1500,VIDE,0.0,0.0,0.0,0.0,0.0,0.0,0,0,0.0,0.0,,,,,,,,,,,,
4281,2026-04-23T08:26:06.710Z,S20260423_092137,N/A,AUTO,,268.8332,0.063,N/A,0,1500,VIDE,0.0,0.0,0.0,0.0,0.0,0.0,0,0,0.0,0.0,,,,,,,,,,,,
4282,2026-04-23T08:26:06.775Z,S20260423_092137,N/A,AUTO,,268.8988,0.0656,N/A,0,1500,VIDE,0.0,0.0,0.0,0.0,0.0,0.0,0,0,0.0,0.0,,,,,,,,,,,,
4283,2026-04-23T08:26:06.839Z,S20260423_092137,N/A,AUTO,,268.9624,0.0636,N/A,0,1500,VIDE,0.0,0.0,0.0,0.0,0.0,0.0,0,0,0.0,0.0,,,,,,,,,,,,
4284,2026-04-23T08:26:06.899Z,S20260423_092137,N/A,AUTO,,269.0231,0.0607,N/A,0,1500,VIDE,0.0,0.0,0.0,0.0,0.0,0.0,0,0,0.0,0.0,,,,,,,,,,,,
4285,2026-04-23T08:26:06.961Z,S20260423_092137,N/A,AUTO,,269.0847,0.0615,N/A,0,1500,VIDE,0.0,0.0,0.0,0.0,0.0,0.0,0,0,0.0,0.0,,,,,,,,,,,,
4286,2026-04-23T08:26:07.023Z,S20260423_092137,N/A,AUTO,,269.147,0.0623,N/A,0,1500,VIDE,0.0,0.0,0.0,0.0,0.0,0.0,0,0,0.0,0.0,,,,,,,,,,,,
4287,2026-04-23T08:26:07.084Z,S20260423_092137,N/A,AUTO,,269.208,0.0609,N/A,0,1500,VIDE,0.0,0.0,0.0,0.0,0.0,0.0,0,0,0.0,0.0,,,,,,,,,,,,
4288,2026-04-23T08:26:07.147Z,S20260423_092137,N/A,AUTO,,269.2704,0.0625,N/A,0,1500,VIDE,0.0,0.0,0.0,0.0,0.0,0.0,0,0,0.0,0.0,,,,,,,,,,,,
4289,2026-04-23T08:26:07.209Z,S20260423_092137,N/A,AUTO,,269.3327,0.0622,N/A,0,1500,VIDE,0.0,0.0,0.0,0.0,0.0,0.0,0,0,0.0,0.0,,,,,,,,,,,,
4290,2026-04-23T08:26:07.272Z,S20260423_092137,N/A,AUTO,,269.3954,0.0629,N/A,0,1500,VIDE,0.0,0.0,0.0,0.0,0.0,0.0,0,0,0.0,0.0,,,,,,,,,,,,
4291,2026-04-23T08:26:07.336Z,S20260423_092137,N/A,AUTO,,269.4596,0.0642,N/A,0,1500,VIDE,0.0,0.0,0.0,0.0,0.0,0.0,0,0,0.0,0.0,,,,,,,,,,,,
4292,2026-04-23T08:26:07.400Z,S20260423_092137,N/A,AUTO,,269.5232,0.0636,N/A,0,1500,VIDE,0.0,0.0,0.0,0.0,0.0,0.0,0,0,0.0,0.0,,,,,,,,,,,,
4293,2026-04-23T08:26:07.461Z,S20260423_092137,N/A,AUTO,,269.5842,0.061,N/A,0,1500,VIDE,0.0,0.0,0.0,0.0,0.0,0.0,0,0,0.0,0.0,,,,,,,,,,,,
4294,2026-04-23T08:26:07.524Z,S20260423_092137,N/A,AUTO,,269.6478,0.0636,N/A,0,1500,VIDE,0.0,0.0,0.0,0.0,0.0,0.0,0,0,0.0,0.0,,,,,,,,,,,,
4295,2026-04-23T08:26:07.584Z,S20260423_092137,N/A,AUTO,,269.7079,0.06,N/A,0,1500,VIDE,0.0,0.0,0.0,0.0,0.0,0.0,0,0,0.0,0.0,,,,,,,,,,,,
4296,2026-04-23T08:26:07.650Z,S20260423_092137,N/A,AUTO,,269.774,0.0661,N/A,0,1500,VIDE,0.0,0.0,0.0,0.0,0.0,0.0,0,0,0.0,0.0,,,,,,,,,,,,
4297,2026-04-23T08:26:07.710Z,S20260423_092137,N/A,AUTO,,269.8337,0.0597,N/A,0,1500,VIDE,0.0,0.0,0.0,0.0,0.0,0.0,0,0,0.0,0.0,,,,,,,,,,,,
4298,2026-04-23T08:26:07.777Z,S20260423_092137,N/A,AUTO,,269.9003,0.0666,N/A,0,1500,VIDE,0.0,0.0,0.0,0.0,0.0,0.0,0,0,0.0,0.0,,,,,,,,,,,,
4299,2026-04-23T08:26:07.839Z,S20260423_092137,N/A,AUTO,,269.9626,0.0623,N/A,0,1500,VIDE,0.0,0.0,0.0,0.0,0.0,0.0,0,0,0.0,0.0,,,,,,,,,,,,
4300,2026-04-23T08:26:07.900Z,S20260423_092137,N/A,AUTO,,270.0238,0.0612,N/A,0,1500,VIDE,0.0,0.0,0.0,0.0,0.0,0.0,0,0,0.0,0.0,,,,,,,,,,,,
4301,2026-04-23T08:26:07.960Z,S20260423_092137,N/A,AUTO,,270.0834,0.0596,N/A,0,1500,VIDE,0.0,0.0,0.0,0.0,0.0,0.0,0,0,0.0,0.0,,,,,,,,,,,,
4302,2026-04-23T08:26:08.024Z,S20260423_092137,N/A,AUTO,,270.1473,0.064,N/A,0,1500,VIDE,0.0,0.0,0.0,0.0,0.0,0.0,0,0,0.0,0.0,,,,,,,,,,,,
4303,2026-04-23T08:26:08.085Z,S20260423_092137,N/A,AUTO,,270.2086,0.0613,N/A,0,1500,VIDE,0.0,0.0,0.0,0.0,0.0,0.0,0,0,0.0,0.0,,,,,,,,,,,,
4304,2026-04-23T08:26:08.146Z,S20260423_092137,N/A,AUTO,,270.2701,0.0615,N/A,0,1500,VIDE,0.0,0.0,0.0,0.0,0.0,0.0,0,0,0.0,0.0,,,,,,,,,,,,
4305,2026-04-23T08:26:08.210Z,S20260423_092137,N/A,AUTO,,270.3337,0.0635,N/A,0,1500,VIDE,0.0,0.0,0.0,0.0,0.0,0.0,0,0,0.0,0.0,,,,,,,,,,,,
4306,2026-04-23T08:26:08.280Z,S20260423_092137,N/A,AUTO,,270.4033,0.0697,N/A,0,1500,VIDE,0.0,0.0,0.0,0.0,0.0,0.0,0,0,0.0,0.0,,,,,,,,,,,,
4307,2026-04-23T08:26:08.344Z,S20260423_092137,N/A,AUTO,,270.4682,0.0649,N/A,0,1500,VIDE,0.0,0.0,0.0,0.0,0.0,0.0,0,0,0.0,0.0,,,,,,,,,,,,
4308,2026-04-23T08:26:08.405Z,S20260423_092137,N/A,AUTO,,270.5285,0.0604,N/A,0,1500,VIDE,0.0,0.0,0.0,0.0,0.0,0.0,0,0,0.0,0.0,,,,,,,,,,,,
4309,2026-04-23T08:26:08.463Z,S20260423_092137,N/A,AUTO,,270.5866,0.0581,N/A,0,1500,VIDE,0.0,0.0,0.0,0.0,0.0,0.0,0,0,0.0,0.0,,,,,,,,,,,,
4310,2026-04-23T08:26:08.524Z,S20260423_092137,N/A,AUTO,,270.648,0.0613,N/A,0,1500,VIDE,0.0,0.0,0.0,0.0,0.0,0.0,0,0,0.0,0.0,,,,,,,,,,,,
4311,2026-04-23T08:26:08.585Z,S20260423_092137,N/A,AUTO,,270.7083,0.0603,N/A,0,1500,VIDE,0.0,0.0,0.0,0.0,0.0,0.0,0,0,0.0,0.0,,,,,,,,,,,,
4312,2026-04-23T08:26:08.647Z,S20260423_092137,N/A,AUTO,,270.7702,0.0619,N/A,0,1500,VIDE,0.0,0.0,0.0,0.0,0.0,0.0,0,0,0.0,0.0,,,,,,,,,,,,
4313,2026-04-23T08:26:08.711Z,S20260423_092137,N/A,AUTO,,270.8345,0.0642,N/A,0,1500,VIDE,0.0,0.0,0.0,0.0,0.0,0.0,0,0,0.0,0.0,,,,,,,,,,,,
4314,2026-04-23T08:26:08.775Z,S20260423_092137,N/A,AUTO,,270.8982,0.0637,N/A,0,1500,VIDE,0.0,0.0,0.0,0.0,0.0,0.0,0,0,0.0,0.0,,,,,,,,,,,,
4315,2026-04-23T08:26:08.839Z,S20260423_092137,N/A,AUTO,,270.9628,0.0645,N/A,0,1500,VIDE,0.0,0.0,0.0,0.0,0.0,0.0,0,0,0.0,0.0,,,,,,,,,,,,
4316,2026-04-23T08:26:08.903Z,S20260423_092137,N/A,AUTO,,271.0271,0.0643,N/A,0,1500,VIDE,0.0,0.0,0.0,0.0,0.0,0.0,0,0,0.0,0.0,,,,,,,,,,,,
4317,2026-04-23T08:26:08.965Z,S20260423_092137,N/A,AUTO,,271.0884,0.0613,N/A,0,1500,VIDE,0.0,0.0,0.0,0.0,0.0,0.0,0,0,0.0,0.0,,,,,,,,,,,,
4318,2026-04-23T08:26:09.026Z,S20260423_092137,N/A,AUTO,,271.1494,0.061,N/A,0,1500,VIDE,0.0,0.0,0.0,0.0,0.0,0.0,0,0,0.0,0.0,,,,,,,,,,,,
4319,2026-04-23T08:26:09.085Z,S20260423_092137,N/A,AUTO,,271.2087,0.0593,N/A,0,1500,VIDE,0.0,0.0,0.0,0.0,0.0,0.0,0,0,0.0,0.0,,,,,,,,,,,,
4320,2026-04-23T08:26:09.160Z,S20260423_092137,N/A,AUTO,,271.2837,0.0749,N/A,0,1500,VIDE,0.0,0.0,0.0,0.0,0.0,0.0,0,0,0.0,0.0,,,,,,,,,,,,
4321,2026-04-23T08:26:09.211Z,S20260423_092137,N/A,AUTO,,271.3344,0.0508,N/A,0,1500,VIDE,0.0,0.0,0.0,0.0,0.0,0.0,0,0,0.0,0.0,,,,,,,,,,,,
4322,2026-04-23T08:26:09.277Z,S20260423_092137,N/A,AUTO,,271.4006,0.0662,N/A,0,1500,VIDE,0.0,0.0,0.0,0.0,0.0,0.0,0,0,0.0,0.0,,,,,,,,,,,,
4323,2026-04-23T08:26:09.336Z,S20260423_092137,N/A,AUTO,,271.4597,0.0591,N/A,0,1500,VIDE,0.0,0.0,0.0,0.0,0.0,0.0,0,0,0.0,0.0,,,,,,,,,,,,
4324,2026-04-23T08:26:09.399Z,S20260423_092137,N/A,AUTO,,271.5224,0.0627,N/A,0,1500,VIDE,0.0,0.0,0.0,0.0,0.0,0.0,0,0,0.0,0.0,,,,,,,,,,,,
4325,2026-04-23T08:26:09.462Z,S20260423_092137,N/A,AUTO,,271.5854,0.0629,N/A,0,1500,VIDE,0.0,0.0,0.0,0.0,0.0,0.0,0,0,0.0,0.0,,,,,,,,,,,,
4326,2026-04-23T08:26:09.524Z,S20260423_092137,N/A,AUTO,,271.6479,0.0625,N/A,0,1500,VIDE,0.0,0.0,0.0,0.0,0.0,0.0,0,0,0.0,0.0,,,,,,,,,,,,
4327,2026-04-23T08:26:09.585Z,S20260423_092137,N/A,AUTO,,271.7084,0.0606,N/A,0,1500,VIDE,0.0,0.0,0.0,0.0,0.0,0.0,0,0,0.0,0.0,,,,,,,,,,,,
4328,2026-04-23T08:26:09.655Z,S20260423_092137,N/A,AUTO,,271.7785,0.0701,N/A,0,1500,VIDE,0.0,0.0,0.0,0.0,0.0,0.0,0,0,0.0,0.0,,,,,,,,,,,,
4329,2026-04-23T08:26:09.709Z,S20260423_092137,N/A,AUTO,,271.8331,0.0546,N/A,0,1500,VIDE,0.0,0.0,0.0,0.0,0.0,0.0,0,0,0.0,0.0,,,,,,,,,,,,
4330,2026-04-23T08:26:09.779Z,S20260423_092137,N/A,AUTO,,271.9024,0.0692,N/A,0,1500,VIDE,0.0,0.0,0.0,0.0,0.0,0.0,0,0,0.0,0.0,,,,,,,,,,,,
4331,2026-04-23T08:26:09.844Z,S20260423_092137,N/A,AUTO,,271.9681,0.0657,N/A,0,1500,VIDE,0.0,0.0,0.0,0.0,0.0,0.0,0,0,0.0,0.0,,,,,,,,,,,,
4332,2026-04-23T08:26:09.905Z,S20260423_092137,N/A,AUTO,,272.0287,0.0606,N/A,0,1500,VIDE,0.0,0.0,0.0,0.0,0.0,0.0,0,0,0.0,0.0,,,,,,,,,,,,
4333,2026-04-23T08:26:09.960Z,S20260423_092137,N/A,AUTO,,272.0833,0.0546,N/A,0,1500,VIDE,0.0,0.0,0.0,0.0,0.0,0.0,0,0,0.0,0.0,,,,,,,,,,,,
4334,2026-04-23T08:26:10.023Z,S20260423_092137,N/A,AUTO,,272.1463,0.063,N/A,0,1500,VIDE,0.0,0.0,0.0,0.0,0.0,0.0,0,0,0.0,0.0,,,,,,,,,,,,
4335,2026-04-23T08:26:10.084Z,S20260423_092137,N/A,AUTO,,272.2081,0.0618,N/A,0,1500,VIDE,0.0,0.0,0.0,0.0,0.0,0.0,0,0,0.0,0.0,,,,,,,,,,,,
4336,2026-04-23T08:26:10.151Z,S20260423_092137,N/A,AUTO,,272.2743,0.0662,N/A,0,1500,VIDE,0.0,0.0,0.0,0.0,0.0,0.0,0,0,0.0,0.0,,,,,,,,,,,,
4337,2026-04-23T08:26:10.213Z,S20260423_092137,N/A,AUTO,,272.3365,0.0622,N/A,0,1500,VIDE,0.0,0.0,0.0,0.0,0.0,0.0,0,0,0.0,0.0,,,,,,,,,,,,
4338,2026-04-23T08:26:10.277Z,S20260423_092137,N/A,AUTO,,272.4009,0.0645,N/A,0,1500,VIDE,0.0,0.0,0.0,0.0,0.0,0.0,0,0,0.0,0.0,,,,,,,,,,,,
4339,2026-04-23T08:26:10.341Z,S20260423_092137,N/A,AUTO,,272.4644,0.0635,N/A,0,1500,VIDE,0.0,0.0,0.0,0.0,0.0,0.0,0,0,0.0,0.0,,,,,,,,,,,,
4340,2026-04-23T08:26:10.402Z,S20260423_092137,N/A,AUTO,,272.5261,0.0616,N/A,0,1500,VIDE,0.0,0.0,0.0,0.0,0.0,0.0,0,0,0.0,0.0,,,,,,,,,,,,
4341,2026-04-23T08:26:10.461Z,S20260423_092137,N/A,AUTO,,272.5848,0.0587,N/A,0,1500,VIDE,0.0,0.0,0.0,0.0,0.0,0.0,0,0,0.0,0.0,,,,,,,,,,,,
4342,2026-04-23T08:26:10.524Z,S20260423_092137,N/A,AUTO,,272.6476,0.0628,N/A,0,1500,VIDE,0.0,0.0,0.0,0.0,0.0,0.0,0,0,0.0,0.0,,,,,,,,,,,,
4343,2026-04-23T08:26:10.584Z,S20260423_092137,N/A,AUTO,,272.7075,0.0599,N/A,0,1500,VIDE,0.0,0.0,0.0,0.0,0.0,0.0,0,0,0.0,0.0,,,,,,,,,,,,
4344,2026-04-23T08:26:10.647Z,S20260423_092137,N/A,AUTO,,272.7702,0.0628,N/A,0,1500,VIDE,0.0,0.0,0.0,0.0,0.0,0.0,0,0,0.0,0.0,,,,,,,,,,,,
4345,2026-04-23T08:26:10.711Z,S20260423_092137,N/A,AUTO,,272.8342,0.064,N/A,0,1500,VIDE,0.0,0.0,0.0,0.0,0.0,0.0,0,0,0.0,0.0,,,,,,,,,,,,
4346,2026-04-23T08:26:10.774Z,S20260423_092137,N/A,AUTO,,272.898,0.0638,N/A,0,1500,VIDE,0.0,0.0,0.0,0.0,0.0,0.0,0,0,0.0,0.0,,,,,,,,,,,,
4347,2026-04-23T08:26:10.838Z,S20260423_092137,N/A,AUTO,,272.9619,0.0639,N/A,0,1500,VIDE,0.0,0.0,0.0,0.0,0.0,0.0,0,0,0.0,0.0,,,,,,,,,,,,
4348,2026-04-23T08:26:10.902Z,S20260423_092137,N/A,AUTO,,273.0255,0.0635,N/A,0,1500,VIDE,0.0,0.0,0.0,0.0,0.0,0.0,0,0,0.0,0.0,,,,,,,,,,,,
4349,2026-04-23T08:26:10.960Z,S20260423_092137,N/A,AUTO,,273.0838,0.0583,N/A,0,1500,VIDE,0.0,0.0,0.0,0.0,0.0,0.0,0,0,0.0,0.0,,,,,,,,,,,,
4350,2026-04-23T08:26:11.024Z,S20260423_092137,N/A,AUTO,,273.1476,0.0638,N/A,0,1500,VIDE,0.0,0.0,0.0,0.0,0.0,0.0,0,0,0.0,0.0,,,,,,,,,,,,
4351,2026-04-23T08:26:11.084Z,S20260423_092137,N/A,AUTO,,273.2077,0.0601,N/A,0,1500,VIDE,0.0,0.0,0.0,0.0,0.0,0.0,0,0,0.0,0.0,,,,,,,,,,,,
4352,2026-04-23T08:26:11.152Z,S20260423_092137,N/A,AUTO,,273.2758,0.0682,N/A,0,1500,VIDE,0.0,0.0,0.0,0.0,0.0,0.0,0,0,0.0,0.0,,,,,,,,,,,,
4353,2026-04-23T08:26:11.211Z,S20260423_092137,N/A,AUTO,,273.3347,0.0588,N/A,0,1500,VIDE,0.0,0.0,0.0,0.0,0.0,0.0,0,0,0.0,0.0,,,,,,,,,,,,
4354,2026-04-23T08:26:11.277Z,S20260423_092137,N/A,AUTO,,273.4008,0.0661,N/A,0,1500,VIDE,0.0,0.0,0.0,0.0,0.0,0.0,0,0,0.0,0.0,,,,,,,,,,,,
4355,2026-04-23T08:26:11.336Z,S20260423_092137,N/A,AUTO,,273.4597,0.0589,N/A,0,1500,VIDE,0.0,0.0,0.0,0.0,0.0,0.0,0,0,0.0,0.0,,,,,,,,,,,,
4356,2026-04-23T08:26:11.399Z,S20260423_092137,N/A,AUTO,,273.5227,0.063,N/A,0,1500,VIDE,0.0,0.0,0.0,0.0,0.0,0.0,0,0,0.0,0.0,,,,,,,,,,,,
4357,2026-04-23T08:26:11.462Z,S20260423_092137,N/A,AUTO,,273.5854,0.0625,N/A,0,1500,VIDE,0.0,0.0,0.0,0.0,0.0,0.0,0,0,0.0,0.0,,,,,,,,,,,,
4358,2026-04-23T08:26:11.523Z,S20260423_092137,N/A,AUTO,,273.6468,0.0616,N/A,0,1500,VIDE,0.0,0.0,0.0,0.0,0.0,0.0,0,0,0.0,0.0,,,,,,,,,,,,
4359,2026-04-23T08:26:11.584Z,S20260423_092137,N/A,AUTO,,273.7076,0.0607,N/A,0,1500,VIDE,0.0,0.0,0.0,0.0,0.0,0.0,0,0,0.0,0.0,,,,,,,,,,,,
4360,2026-04-23T08:26:11.649Z,S20260423_092137,N/A,AUTO,,273.7722,0.0646,N/A,0,1500,VIDE,0.0,0.0,0.0,0.0,0.0,0.0,0,0,0.0,0.0,,,,,,,,,,,,
4361,2026-04-23T08:26:11.710Z,S20260423_092137,N/A,AUTO,,273.8337,0.0615,N/A,0,1500,VIDE,0.0,0.0,0.0,0.0,0.0,0.0,0,0,0.0,0.0,,,,,,,,,,,,
4362,2026-04-23T08:26:11.774Z,S20260423_092137,N/A,AUTO,,273.898,0.0639,N/A,0,1500,VIDE,0.0,0.0,0.0,0.0,0.0,0.0,0,0,0.0,0.0,,,,,,,,,,,,
4363,2026-04-23T08:26:11.837Z,S20260423_092137,N/A,AUTO,,273.9603,0.0626,N/A,0,1500,VIDE,0.0,0.0,0.0,0.0,0.0,0.0,0,0,0.0,0.0,,,,,,,,,,,,
4364,2026-04-23T08:26:11.905Z,S20260423_092137,N/A,AUTO,,274.0284,0.0683,N/A,0,1500,VIDE,0.0,0.0,0.0,0.0,0.0,0.0,0,0,0.0,0.0,,,,,,,,,,,,
4365,2026-04-23T08:26:11.960Z,S20260423_092137,N/A,AUTO,,274.0836,0.0551,N/A,0,1500,VIDE,0.0,0.0,0.0,0.0,0.0,0.0,0,0,0.0,0.0,,,,,,,,,,,,
4366,2026-04-23T08:26:12.022Z,S20260423_092137,N/A,AUTO,,274.1455,0.0619,N/A,0,1500,VIDE,0.0,0.0,0.0,0.0,0.0,0.0,0,0,0.0,0.0,,,,,,,,,,,,
4367,2026-04-23T08:26:12.085Z,S20260423_092137,N/A,AUTO,,274.2083,0.0628,N/A,0,1500,VIDE,0.0,0.0,0.0,0.0,0.0,0.0,0,0,0.0,0.0,,,,,,,,,,,,
4368,2026-04-23T08:26:12.146Z,S20260423_092137,N/A,AUTO,,274.2701,0.0619,N/A,0,1500,VIDE,0.0,0.0,0.0,0.0,0.0,0.0,0,0,0.0,0.0,,,,,,,,,,,,
4369,2026-04-23T08:26:12.210Z,S20260423_092137,N/A,AUTO,,274.3334,0.0632,N/A,0,1500,VIDE,0.0,0.0,0.0,0.0,0.0,0.0,0,0,0.0,0.0,,,,,,,,,,,,
4370,2026-04-23T08:26:12.278Z,S20260423_092137,N/A,AUTO,,274.4014,0.0681,N/A,0,1500,VIDE,0.0,0.0,0.0,0.0,0.0,0.0,0,0,0.0,0.0,,,,,,,,,,,,
4371,2026-04-23T08:26:12.344Z,S20260423_092137,N/A,AUTO,,274.4673,0.0658,N/A,0,1500,VIDE,0.0,0.0,0.0,0.0,0.0,0.0,0,0,0.0,0.0,,,,,,,,,,,,
4372,2026-04-23T08:26:12.405Z,S20260423_092137,N/A,AUTO,,274.5289,0.0617,N/A,0,1500,VIDE,0.0,0.0,0.0,0.0,0.0,0.0,0,0,0.0,0.0,,,,,,,,,,,,
4373,2026-04-23T08:26:12.461Z,S20260423_092137,N/A,AUTO,,274.5847,0.0558,N/A,0,1500,VIDE,0.0,0.0,0.0,0.0,0.0,0.0,0,0,0.0,0.0,,,,,,,,,,,,
4374,2026-04-23T08:26:12.524Z,S20260423_092137,N/A,AUTO,,274.6478,0.0631,N/A,0,1500,VIDE,0.0,0.0,0.0,0.0,0.0,0.0,0,0,0.0,0.0,,,,,,,,,,,,
4375,2026-04-23T08:26:12.584Z,S20260423_092137,N/A,AUTO,,274.7076,0.0598,N/A,0,1500,VIDE,0.0,0.0,0.0,0.0,0.0,0.0,0,0,0.0,0.0,,,,,,,,,,,,
4376,2026-04-23T08:26:12.647Z,S20260423_092137,N/A,AUTO,,274.7706,0.063,N/A,0,1500,VIDE,0.0,0.0,0.0,0.0,0.0,0.0,0,0,0.0,0.0,,,,,,,,,,,,
4377,2026-04-23T08:26:12.710Z,S20260423_092137,N/A,AUTO,,274.8339,0.0633,N/A,0,1500,VIDE,0.0,0.0,0.0,0.0,0.0,0.0,0,0,0.0,0.0,,,,,,,,,,,,
4378,2026-04-23T08:26:12.775Z,S20260423_092137,N/A,AUTO,,274.8991,0.0652,N/A,0,1500,VIDE,0.0,0.0,0.0,0.0,0.0,0.0,0,0,0.0,0.0,,,,,,,,,,,,
4379,2026-04-23T08:26:12.839Z,S20260423_092137,N/A,AUTO,,274.9627,0.0636,N/A,0,1500,VIDE,0.0,0.0,0.0,0.0,0.0,0.0,0,0,0.0,0.0,,,,,,,,,,,,
4380,2026-04-23T08:26:12.903Z,S20260423_092137,N/A,AUTO,,275.0263,0.0636,N/A,0,1500,VIDE,0.0,0.0,0.0,0.0,0.0,0.0,0,0,0.0,0.0,,,,,,,,,,,,
4381,2026-04-23T08:26:12.960Z,S20260423_092137,N/A,AUTO,,275.084,0.0577,N/A,0,1500,VIDE,0.0,0.0,0.0,0.0,0.0,0.0,0,0,0.0,0.0,,,,,,,,,,,,
4382,2026-04-23T08:26:13.024Z,S20260423_092137,N/A,AUTO,,275.1479,0.0639,N/A,0,1500,VIDE,0.0,0.0,0.0,0.0,0.0,0.0,0,0,0.0,0.0,,,,,,,,,,,,
4383,2026-04-23T08:26:13.085Z,S20260423_092137,N/A,AUTO,,275.2086,0.0606,N/A,0,1500,VIDE,0.0,0.0,0.0,0.0,0.0,0.0,0,0,0.0,0.0,,,,,,,,,,,,
4384,2026-04-23T08:26:13.151Z,S20260423_092137,N/A,AUTO,,275.2751,0.0665,N/A,0,1500,VIDE,0.0,0.0,0.0,0.0,0.0,0.0,0,0,0.0,0.0,,,,,,,,,,,,
4385,2026-04-23T08:26:13.210Z,S20260423_092137,N/A,AUTO,,275.3339,0.0589,N/A,0,1500,VIDE,0.0,0.0,0.0,0.0,0.0,0.0,0,0,0.0,0.0,,,,,,,,,,,,
4386,2026-04-23T08:26:13.274Z,S20260423_092137,N/A,AUTO,,275.3981,0.0642,N/A,0,1500,VIDE,0.0,0.0,0.0,0.0,0.0,0.0,0,0,0.0,0.0,,,,,,,,,,,,
4387,2026-04-23T08:26:13.336Z,S20260423_092137,N/A,AUTO,,275.4592,0.0611,N/A,0,1500,VIDE,0.0,0.0,0.0,0.0,0.0,0.0,0,0,0.0,0.0,,,,,,,,,,,,
4388,2026-04-23T08:26:13.400Z,S20260423_092137,N/A,AUTO,,275.5232,0.064,N/A,0,1500,VIDE,0.0,0.0,0.0,0.0,0.0,0.0,0,0,0.0,0.0,,,,,,,,,,,,
4389,2026-04-23T08:26:13.461Z,S20260423_092137,N/A,AUTO,,275.5846,0.0614,N/A,0,1500,VIDE,0.0,0.0,0.0,0.0,0.0,0.0,0,0,0.0,0.0,,,,,,,,,,,,
4390,2026-04-23T08:26:13.521Z,S20260423_092137,N/A,AUTO,,275.6451,0.0605,N/A,0,1500,VIDE,0.0,0.0,0.0,0.0,0.0,0.0,0,0,0.0,0.0,,,,,,,,,,,,
4391,2026-04-23T08:26:13.585Z,S20260423_092137,N/A,AUTO,,275.7083,0.0631,N/A,0,1500,VIDE,0.0,0.0,0.0,0.0,0.0,0.0,0,0,0.0,0.0,,,,,,,,,,,,
4392,2026-04-23T08:26:13.655Z,S20260423_092137,N/A,AUTO,,275.7788,0.0705,N/A,0,1500,VIDE,0.0,0.0,0.0,0.0,0.0,0.0,0,0,0.0,0.0,,,,,,,,,,,,
4393,2026-04-23T08:26:13.709Z,S20260423_092137,N/A,AUTO,,275.8331,0.0543,N/A,0,1500,VIDE,0.0,0.0,0.0,0.0,0.0,0.0,0,0,0.0,0.0,,,,,,,,,,,,
4394,2026-04-23T08:26:13.777Z,S20260423_092137,N/A,AUTO,,275.9011,0.068,N/A,0,1500,VIDE,0.0,0.0,0.0,0.0,0.0,0.0,0,0,0.0,0.0,,,,,,,,,,,,
4395,2026-04-23T08:26:13.844Z,S20260423_092137,N/A,AUTO,,275.9679,0.0668,N/A,0,1500,VIDE,0.0,0.0,0.0,0.0,0.0,0.0,0,0,0.0,0.0,,,,,,,,,,,,
4396,2026-04-23T08:26:13.905Z,S20260423_092137,N/A,AUTO,,276.0282,0.0602,N/A,0,1500,VIDE,0.0,0.0,0.0,0.0,0.0,0.0,0,0,0.0,0.0,,,,,,,,,,,,
4397,2026-04-23T08:26:13.959Z,S20260423_092137,N/A,AUTO,,276.0826,0.0544,N/A,0,1500,VIDE,0.0,0.0,0.0,0.0,0.0,0.0,0,0,0.0,0.0,,,,,,,,,,,,
4398,2026-04-23T08:26:14.024Z,S20260423_092137,N/A,AUTO,,276.1472,0.0646,N/A,0,1500,VIDE,0.0,0.0,0.0,0.0,0.0,0.0,0,0,0.0,0.0,,,,,,,,,,,,
4399,2026-04-23T08:26:14.084Z,S20260423_092137,N/A,AUTO,,276.2077,0.0606,N/A,0,1500,VIDE,0.0,0.0,0.0,0.0,0.0,0.0,0,0,0.0,0.0,,,,,,,,,,,,
4400,2026-04-23T08:26:14.151Z,S20260423_092137,N/A,AUTO,,276.2743,0.0665,N/A,0,1500,VIDE,0.0,0.0,0.0,0.0,0.0,0.0,0,0,0.0,0.0,,,,,,,,,,,,
4401,2026-04-23T08:26:14.211Z,S20260423_092137,N/A,AUTO,,276.3346,0.0604,N/A,0,1500,VIDE,0.0,0.0,0.0,0.0,0.0,0.0,0,0,0.0,0.0,,,,,,,,,,,,
4402,2026-04-23T08:26:14.277Z,S20260423_092137,N/A,AUTO,,276.4009,0.0663,N/A,0,1500,VIDE,0.0,0.0,0.0,0.0,0.0,0.0,0,0,0.0,0.0,,,,,,,,,,,,
4403,2026-04-23T08:26:14.344Z,S20260423_092137,N/A,AUTO,,276.4681,0.0672,N/A,0,1500,VIDE,0.0,0.0,0.0,0.0,0.0,0.0,0,0,0.0,0.0,,,,,,,,,,,,
4404,2026-04-23T08:26:14.396Z,S20260423_092137,N/A,AUTO,,276.5201,0.052,N/A,0,1500,VIDE,0.0,0.0,0.0,0.0,0.0,0.0,0,0,0.0,0.0,,,,,,,,,,,,
4405,2026-04-23T08:26:14.461Z,S20260423_092137,N/A,AUTO,,276.5848,0.0647,N/A,0,1500,VIDE,0.0,0.0,0.0,0.0,0.0,0.0,0,0,0.0,0.0,,,,,,,,,,,,
4406,2026-04-23T08:26:14.524Z,S20260423_092137,N/A,AUTO,,276.648,0.0632,N/A,0,1500,VIDE,0.0,0.0,0.0,0.0,0.0,0.0,0,0,0.0,0.0,,,,,,,,,,,,
4407,2026-04-23T08:26:14.584Z,S20260423_092137,N/A,AUTO,,276.7079,0.0599,N/A,0,1500,VIDE,0.0,0.0,0.0,0.0,0.0,0.0,0,0,0.0,0.0,,,,,,,,,,,,
4408,2026-04-23T08:26:14.647Z,S20260423_092137,N/A,AUTO,,276.7705,0.0626,N/A,0,1500,VIDE,0.0,0.0,0.0,0.0,0.0,0.0,0,0,0.0,0.0,,,,,,,,,,,,
4409,2026-04-23T08:26:14.709Z,S20260423_092137,N/A,AUTO,,276.8329,0.0624,N/A,0,1500,VIDE,0.0,0.0,0.0,0.0,0.0,0.0,0,0,0.0,0.0,,,,,,,,,,,,
4410,2026-04-23T08:26:14.775Z,S20260423_092137,N/A,AUTO,,276.8992,0.0662,N/A,0,1500,VIDE,0.0,0.0,0.0,0.0,0.0,0.0,0,0,0.0,0.0,,,,,,,,,,,,
4411,2026-04-23T08:26:14.840Z,S20260423_092137,N/A,AUTO,,276.9639,0.0647,N/A,0,1500,VIDE,0.0,0.0,0.0,0.0,0.0,0.0,0,0,0.0,0.0,,,,,,,,,,,,
4412,2026-04-23T08:26:14.903Z,S20260423_092137,N/A,AUTO,,277.0262,0.0624,N/A,0,1500,VIDE,0.0,0.0,0.0,0.0,0.0,0.0,0,0,0.0,0.0,,,,,,,,,,,,
4413,2026-04-23T08:26:14.963Z,S20260423_092137,N/A,AUTO,,277.087,0.0608,N/A,0,1500,VIDE,0.0,0.0,0.0,0.0,0.0,0.0,0,0,0.0,0.0,,,,,,,,,,,,
4414,2026-04-23T08:26:15.024Z,S20260423_092137,N/A,AUTO,,277.1477,0.0607,N/A,0,1500,VIDE,0.0,0.0,0.0,0.0,0.0,0.0,0,0,0.0,0.0,,,,,,,,,,,,
4415,2026-04-23T08:26:15.085Z,S20260423_092137,N/A,AUTO,,277.209,0.0613,N/A,0,1500,VIDE,0.0,0.0,0.0,0.0,0.0,0.0,0,0,0.0,0.0,,,,,,,,,,,,
4416,2026-04-23T08:26:15.147Z,S20260423_092137,N/A,AUTO,,277.2702,0.0612,N/A,0,1500,VIDE,0.0,0.0,0.0,0.0,0.0,0.0,0,0,0.0,0.0,,,,,,,,,,,,
4417,2026-04-23T08:26:15.211Z,S20260423_092137,N/A,AUTO,,277.3344,0.0643,N/A,0,1500,VIDE,0.0,0.0,0.0,0.0,0.0,0.0,0,0,0.0,0.0,,,,,,,,,,,,
4418,2026-04-23T08:26:15.271Z,S20260423_092137,N/A,AUTO,,277.3951,0.0607,N/A,0,1500,VIDE,0.0,0.0,0.0,0.0,0.0,0.0,0,0,0.0,0.0,,,,,,,,,,,,
4419,2026-04-23T08:26:15.336Z,S20260423_092137,N/A,AUTO,,277.4592,0.0641,N/A,0,1500,VIDE,0.0,0.0,0.0,0.0,0.0,0.0,0,0,0.0,0.0,,,,,,,,,,,,
4420,2026-04-23T08:26:15.398Z,S20260423_092137,N/A,AUTO,,277.5219,0.0626,N/A,0,1500,VIDE,0.0,0.0,0.0,0.0,0.0,0.0,0,0,0.0,0.0,,,,,,,,,,,,
4421,2026-04-23T08:26:15.460Z,S20260423_092137,N/A,AUTO,,277.5834,0.0615,N/A,0,1500,VIDE,0.0,0.0,0.0,0.0,0.0,0.0,0,0,0.0,0.0,,,,,,,,,,,,
4422,2026-04-23T08:26:15.521Z,S20260423_092137,N/A,AUTO,,277.6445,0.0611,N/A,0,1500,VIDE,0.0,0.0,0.0,0.0,0.0,0.0,0,0,0.0,0.0,,,,,,,,,,,,
4423,2026-04-23T08:26:15.584Z,S20260423_092137,N/A,AUTO,,277.708,0.0635,N/A,0,1500,VIDE,0.0,0.0,0.0,0.0,0.0,0.0,0,0,0.0,0.0,,,,,,,,,,,,
4424,2026-04-23T08:26:15.647Z,S20260423_092137,N/A,AUTO,,277.7702,0.0622,N/A,0,1500,VIDE,0.0,0.0,0.0,0.0,0.0,0.0,0,0,0.0,0.0,,,,,,,,,,,,
4425,2026-04-23T08:26:15.709Z,S20260423_092137,N/A,AUTO,,277.8329,0.0627,N/A,0,1500,VIDE,0.0,0.0,0.0,0.0,0.0,0.0,0,0,0.0,0.0,,,,,,,,,,,,
4426,2026-04-23T08:26:15.777Z,S20260423_092137,N/A,AUTO,,277.9007,0.0678,N/A,0,1500,VIDE,0.0,0.0,0.0,0.0,0.0,0.0,0,0,0.0,0.0,,,,,,,,,,,,
4427,2026-04-23T08:26:15.845Z,S20260423_092137,N/A,AUTO,,277.9689,0.0682,N/A,0,1500,VIDE,0.0,0.0,0.0,0.0,0.0,0.0,0,0,0.0,0.0,,,,,,,,,,,,
4428,2026-04-23T08:26:15.897Z,S20260423_092137,N/A,AUTO,,278.0205,0.0516,N/A,0,1500,VIDE,0.0,0.0,0.0,0.0,0.0,0.0,0,0,0.0,0.0,,,,,,,,,,,,
4429,2026-04-23T08:26:15.959Z,S20260423_092137,N/A,AUTO,,278.0829,0.0623,N/A,0,1500,VIDE,0.0,0.0,0.0,0.0,0.0,0.0,0,0,0.0,0.0,,,,,,,,,,,,
4430,2026-04-23T08:26:16.023Z,S20260423_092137,N/A,AUTO,,278.1466,0.0637,N/A,0,1500,VIDE,0.0,0.0,0.0,0.0,0.0,0.0,0,0,0.0,0.0,,,,,,,,,,,,
4431,2026-04-23T08:26:16.084Z,S20260423_092137,N/A,AUTO,,278.208,0.0615,N/A,0,1500,VIDE,0.0,0.0,0.0,0.0,0.0,0.0,0,0,0.0,0.0,,,,,,,,,,,,
4432,2026-04-23T08:26:16.151Z,S20260423_092137,N/A,AUTO,,278.2746,0.0665,N/A,0,1500,VIDE,0.0,0.0,0.0,0.0,0.0,0.0,0,0,0.0,0.0,,,,,,,,,,,,
4433,2026-04-23T08:26:16.211Z,S20260423_092137,N/A,AUTO,,278.3343,0.0597,N/A,0,1500,VIDE,0.0,0.0,0.0,0.0,0.0,0.0,0,0,0.0,0.0,,,,,,,,,,,,
4434,2026-04-23T08:26:16.277Z,S20260423_092137,N/A,AUTO,,278.4009,0.0666,N/A,0,1500,VIDE,0.0,0.0,0.0,0.0,0.0,0.0,0,0,0.0,0.0,,,,,,,,,,,,
4435,2026-04-23T08:26:16.342Z,S20260423_092137,N/A,AUTO,,278.4652,0.0643,N/A,0,1500,VIDE,0.0,0.0,0.0,0.0,0.0,0.0,0,0,0.0,0.0,,,,,,,,,,,,
4436,2026-04-23T08:26:16.403Z,S20260423_092137,N/A,AUTO,,278.5264,0.0612,N/A,0,1500,VIDE,0.0,0.0,0.0,0.0,0.0,0.0,0,0,0.0,0.0,,,,,,,,,,,,
4437,2026-04-23T08:26:16.461Z,S20260423_092137,N/A,AUTO,,278.5851,0.0588,N/A,0,1500,VIDE,0.0,0.0,0.0,0.0,0.0,0.0,0,0,0.0,0.0,,,,,,,,,,,,
4438,2026-04-23T08:26:16.524Z,S20260423_092137,N/A,AUTO,,278.6475,0.0624,N/A,0,1500,VIDE,0.0,0.0,0.0,0.0,0.0,0.0,0,0,0.0,0.0,,,,,,,,,,,,
4439,2026-04-23T08:26:16.584Z,S20260423_092137,N/A,AUTO,,278.7075,0.0599,N/A,0,1500,VIDE,0.0,0.0,0.0,0.0,0.0,0.0,0,0,0.0,0.0,,,,,,,,,,,,
4440,2026-04-23T08:26:16.647Z,S20260423_092137,N/A,AUTO,,278.7704,0.0629,N/A,0,1500,VIDE,0.0,0.0,0.0,0.0,0.0,0.0,0,0,0.0,0.0,,,,,,,,,,,,
4441,2026-04-23T08:26:16.708Z,S20260423_092137,N/A,AUTO,,278.8321,0.0617,N/A,0,1500,VIDE,0.0,0.0,0.0,0.0,0.0,0.0,0,0,0.0,0.0,,,,,,,,,,,,
4442,2026-04-23T08:26:16.775Z,S20260423_092137,N/A,AUTO,,278.8985,0.0663,N/A,0,1500,VIDE,0.0,0.0,0.0,0.0,0.0,0.0,0,0,0.0,0.0,,,,,,,,,,,,
4443,2026-04-23T08:26:16.839Z,S20260423_092137,N/A,AUTO,,278.9626,0.0641,N/A,0,1500,VIDE,0.0,0.0,0.0,0.0,0.0,0.0,0,0,0.0,0.0,,,,,,,,,,,,
4444,2026-04-23T08:26:16.902Z,S20260423_092137,N/A,AUTO,,279.0256,0.063,N/A,0,1500,VIDE,0.0,0.0,0.0,0.0,0.0,0.0,0,0,0.0,0.0,,,,,,,,,,,,
4445,2026-04-23T08:26:16.961Z,S20260423_092137,N/A,AUTO,,279.0846,0.0589,N/A,0,1500,VIDE,0.0,0.0,0.0,0.0,0.0,0.0,0,0,0.0,0.0,,,,,,,,,,,,
4446,2026-04-23T08:26:17.025Z,S20260423_092137,N/A,AUTO,,279.1482,0.0636,N/A,0,1500,VIDE,0.0,0.0,0.0,0.0,0.0,0.0,0,0,0.0,0.0,,,,,,,,,,,,
4447,2026-04-23T08:26:17.084Z,S20260423_092137,N/A,AUTO,,279.2074,0.0592,N/A,0,1500,VIDE,0.0,0.0,0.0,0.0,0.0,0.0,0,0,0.0,0.0,,,,,,,,,,,,
4448,2026-04-23T08:26:17.153Z,S20260423_092137,N/A,AUTO,,279.2763,0.0689,N/A,0,1500,VIDE,0.0,0.0,0.0,0.0,0.0,0.0,0,0,0.0,0.0,,,,,,,,,,,,
4449,2026-04-23T08:26:17.212Z,S20260423_092137,N/A,AUTO,,279.3359,0.0596,N/A,0,1500,VIDE,0.0,0.0,0.0,0.0,0.0,0.0,0,0,0.0,0.0,,,,,,,,,,,,
4450,2026-04-23T08:26:17.277Z,S20260423_092137,N/A,AUTO,,279.4007,0.0648,N/A,0,1500,VIDE,0.0,0.0,0.0,0.0,0.0,0.0,0,0,0.0,0.0,,,,,,,,,,,,
4451,2026-04-23T08:26:17.336Z,S20260423_092137,N/A,AUTO,,279.4593,0.0586,N/A,0,1500,VIDE,0.0,0.0,0.0,0.0,0.0,0.0,0,0,0.0,0.0,,,,,,,,,,,,
4452,2026-04-23T08:26:17.399Z,S20260423_092137,N/A,AUTO,,279.5227,0.0635,N/A,0,1500,VIDE,0.0,0.0,0.0,0.0,0.0,0.0,0,0,0.0,0.0,,,,,,,,,,,,
4453,2026-04-23T08:26:17.464Z,S20260423_092137,N/A,AUTO,,279.5873,0.0646,N/A,0,1500,VIDE,0.0,0.0,0.0,0.0,0.0,0.0,0,0,0.0,0.0,,,,,,,,,,,,
4454,2026-04-23T08:26:17.524Z,S20260423_092137,N/A,AUTO,,279.6481,0.0609,N/A,0,1500,VIDE,0.0,0.0,0.0,0.0,0.0,0.0,0,0,0.0,0.0,,,,,,,,,,,,
4455,2026-04-23T08:26:17.585Z,S20260423_092137,N/A,AUTO,,279.7085,0.0604,N/A,0,1500,VIDE,0.0,0.0,0.0,0.0,0.0,0.0,0,0,0.0,0.0,,,,,,,,,,,,
4456,2026-04-23T08:26:17.652Z,S20260423_092137,N/A,AUTO,,279.7761,0.0676,N/A,0,1500,VIDE,0.0,0.0,0.0,0.0,0.0,0.0,0,0,0.0,0.0,,,,,,,,,,,,
4457,2026-04-23T08:26:17.710Z,S20260423_092137,N/A,AUTO,,279.8335,0.0573,N/A,0,1500,VIDE,0.0,0.0,0.0,0.0,0.0,0.0,0,0,0.0,0.0,,,,,,,,,,,,
4458,2026-04-23T08:26:17.777Z,S20260423_092137,N/A,AUTO,,279.9007,0.0672,N/A,0,1500,VIDE,0.0,0.0,0.0,0.0,0.0,0.0,0,0,0.0,0.0,,,,,,,,,,,,
4459,2026-04-23T08:26:17.840Z,S20260423_092137,N/A,AUTO,,279.9635,0.0627,N/A,0,1500,VIDE,0.0,0.0,0.0,0.0,0.0,0.0,0,0,0.0,0.0,,,,,,,,,,,,
4460,2026-04-23T08:26:17.901Z,S20260423_092137,N/A,AUTO,,280.0249,0.0615,N/A,0,1500,VIDE,0.0,0.0,0.0,0.0,0.0,0.0,0,0,0.0,0.0,,,,,,,,,,,,
4461,2026-04-23T08:26:17.959Z,S20260423_092137,N/A,AUTO,,280.083,0.058,N/A,0,1500,VIDE,0.0,0.0,0.0,0.0,0.0,0.0,0,0,0.0,0.0,,,,,,,,,,,,
4462,2026-04-23T08:26:18.023Z,S20260423_092137,N/A,AUTO,,280.147,0.064,N/A,0,1500,VIDE,0.0,0.0,0.0,0.0,0.0,0.0,0,0,0.0,0.0,,,,,,,,,,,,
4463,2026-04-23T08:26:18.086Z,S20260423_092137,N/A,AUTO,,280.2092,0.0623,N/A,0,1500,VIDE,0.0,0.0,0.0,0.0,0.0,0.0,0,0,0.0,0.0,,,,,,,,,,,,
4464,2026-04-23T08:26:18.150Z,S20260423_092137,N/A,AUTO,,280.2733,0.0641,N/A,0,1500,VIDE,0.0,0.0,0.0,0.0,0.0,0.0,0,0,0.0,0.0,,,,,,,,,,,,
4465,2026-04-23T08:26:18.213Z,S20260423_092137,N/A,AUTO,,280.3367,0.0632,N/A,0,1500,VIDE,0.0,0.0,0.0,0.0,0.0,0.0,0,0,0.0,0.0,,,,,,,,,,,,
4466,2026-04-23T08:26:18.275Z,S20260423_092137,N/A,AUTO,,280.3982,0.0617,N/A,0,1500,VIDE,0.0,0.0,0.0,0.0,0.0,0.0,0,0,0.0,0.0,,,,,,,,,,,,
4467,2026-04-23T08:26:18.339Z,S20260423_092137,N/A,AUTO,,280.4628,0.0645,N/A,0,1500,VIDE,0.0,0.0,0.0,0.0,0.0,0.0,0,0,0.0,0.0,,,,,,,,,,,,
4468,2026-04-23T08:26:18.400Z,S20260423_092137,N/A,AUTO,,280.5234,0.0606,N/A,0,1500,VIDE,0.0,0.0,0.0,0.0,0.0,0.0,0,0,0.0,0.0,,,,,,,,,,,,
4469,2026-04-23T08:26:18.461Z,S20260423_092137,N/A,AUTO,,280.5845,0.0611,N/A,0,1500,VIDE,0.0,0.0,0.0,0.0,0.0,0.0,0,0,0.0,0.0,,,,,,,,,,,,
4470,2026-04-23T08:26:18.523Z,S20260423_092137,N/A,AUTO,,280.6464,0.0619,N/A,0,1500,VIDE,0.0,0.0,0.0,0.0,0.0,0.0,0,0,0.0,0.0,,,,,,,,,,,,
4471,2026-04-23T08:26:18.584Z,S20260423_092137,N/A,AUTO,,280.708,0.0616,N/A,0,1500,VIDE,0.0,0.0,0.0,0.0,0.0,0.0,0,0,0.0,0.0,,,,,,,,,,,,
4472,2026-04-23T08:26:18.646Z,S20260423_092137,N/A,AUTO,,280.7699,0.0618,N/A,0,1500,VIDE,0.0,0.0,0.0,0.0,0.0,0.0,0,0,0.0,0.0,,,,,,,,,,,,
4473,2026-04-23T08:26:18.711Z,S20260423_092137,N/A,AUTO,,280.8342,0.0643,N/A,0,1500,VIDE,0.0,0.0,0.0,0.0,0.0,0.0,0,0,0.0,0.0,,,,,,,,,,,,
4474,2026-04-23T08:26:18.772Z,S20260423_092137,N/A,AUTO,,280.8962,0.0619,N/A,0,1500,VIDE,0.0,0.0,0.0,0.0,0.0,0.0,0,0,0.0,0.0,,,,,,,,,,,,
4475,2026-04-23T08:26:18.835Z,S20260423_092137,N/A,AUTO,,280.9583,0.0621,N/A,0,1500,VIDE,0.0,0.0,0.0,0.0,0.0,0.0,0,0,0.0,0.0,,,,,,,,,,,,
4476,2026-04-23T08:26:18.903Z,S20260423_092137,N/A,AUTO,,281.0263,0.0681,N/A,0,1500,VIDE,0.0,0.0,0.0,0.0,0.0,0.0,0,0,0.0,0.0,,,,,,,,,,,,
4477,2026-04-23T08:26:18.963Z,S20260423_092137,N/A,AUTO,,281.0866,0.0602,N/A,0,1500,VIDE,0.0,0.0,0.0,0.0,0.0,0.0,0,0,0.0,0.0,,,,,,,,,,,,
4478,2026-04-23T08:26:19.025Z,S20260423_092137,N/A,AUTO,,281.1482,0.0617,N/A,0,1500,VIDE,0.0,0.0,0.0,0.0,0.0,0.0,0,0,0.0,0.0,,,,,,,,,,,,
4479,2026-04-23T08:26:19.084Z,S20260423_092137,N/A,AUTO,,281.2076,0.0593,N/A,0,1500,VIDE,0.0,0.0,0.0,0.0,0.0,0.0,0,0,0.0,0.0,,,,,,,,,,,,
4480,2026-04-23T08:26:19.157Z,S20260423_092137,N/A,AUTO,,281.2803,0.0727,N/A,0,1500,VIDE,0.0,0.0,0.0,0.0,0.0,0.0,0,0,0.0,0.0,,,,,,,,,,,,
4481,2026-04-23T08:26:19.211Z,S20260423_092137,N/A,AUTO,,281.3343,0.054,N/A,0,1500,VIDE,0.0,0.0,0.0,0.0,0.0,0.0,0,0,0.0,0.0,,,,,,,,,,,,
4482,2026-04-23T08:26:19.280Z,S20260423_092137,N/A,AUTO,,281.4039,0.0696,N/A,0,1500,VIDE,0.0,0.0,0.0,0.0,0.0,0.0,0,0,0.0,0.0,,,,,,,,,,,,
4483,2026-04-23T08:26:19.336Z,S20260423_092137,N/A,AUTO,,281.4594,0.0555,N/A,0,1500,VIDE,0.0,0.0,0.0,0.0,0.0,0.0,0,0,0.0,0.0,,,,,,,,,,,,
4484,2026-04-23T08:26:19.399Z,S20260423_092137,N/A,AUTO,,281.5229,0.0635,N/A,0,1500,VIDE,0.0,0.0,0.0,0.0,0.0,0.0,0,0,0.0,0.0,,,,,,,,,,,,
4485,2026-04-23T08:26:19.460Z,S20260423_092137,N/A,AUTO,,281.5837,0.0608,N/A,0,1500,VIDE,0.0,0.0,0.0,0.0,0.0,0.0,0,0,0.0,0.0,,,,,,,,,,,,
4486,2026-04-23T08:26:19.524Z,S20260423_092137,N/A,AUTO,,281.648,0.0643,N/A,0,1500,VIDE,0.0,0.0,0.0,0.0,0.0,0.0,0,0,0.0,0.0,,,,,,,,,,,,
4487,2026-04-23T08:26:19.584Z,S20260423_092137,N/A,AUTO,,281.7076,0.0596,N/A,0,1500,VIDE,0.0,0.0,0.0,0.0,0.0,0.0,0,0,0.0,0.0,,,,,,,,,,,,
4488,2026-04-23T08:26:19.654Z,S20260423_092137,N/A,AUTO,,281.7778,0.0702,N/A,0,1500,VIDE,0.0,0.0,0.0,0.0,0.0,0.0,0,0,0.0,0.0,,,,,,,,,,,,
4489,2026-04-23T08:26:19.709Z,S20260423_092137,N/A,AUTO,,281.8326,0.0548,N/A,0,1500,VIDE,0.0,0.0,0.0,0.0,0.0,0.0,0,0,0.0,0.0,,,,,,,,,,,,
4490,2026-04-23T08:26:19.777Z,S20260423_092137,N/A,AUTO,,281.901,0.0684,N/A,0,1500,VIDE,0.0,0.0,0.0,0.0,0.0,0.0,0,0,0.0,0.0,,,,,,,,,,,,
4491,2026-04-23T08:26:19.841Z,S20260423_092137,N/A,AUTO,,281.9651,0.0641,N/A,0,1500,VIDE,0.0,0.0,0.0,0.0,0.0,0.0,0,0,0.0,0.0,,,,,,,,,,,,
4492,2026-04-23T08:26:19.902Z,S20260423_092137,N/A,AUTO,,282.0257,0.0607,N/A,0,1500,VIDE,0.0,0.0,0.0,0.0,0.0,0.0,0,0,0.0,0.0,,,,,,,,,,,,
4493,2026-04-23T08:26:19.959Z,S20260423_092137,N/A,AUTO,,282.0826,0.0568,N/A,0,1500,VIDE,0.0,0.0,0.0,0.0,0.0,0.0,0,0,0.0,0.0,,,,,,,,,,,,
4494,2026-04-23T08:26:20.022Z,S20260423_092137,N/A,AUTO,,282.146,0.0635,N/A,0,1500,VIDE,0.0,0.0,0.0,0.0,0.0,0.0,0,0,0.0,0.0,,,,,,,,,,,,
4495,2026-04-23T08:26:20.086Z,S20260423_092137,N/A,AUTO,,282.2094,0.0633,N/A,0,1500,VIDE,0.0,0.0,0.0,0.0,0.0,0.0,0,0,0.0,0.0,,,,,,,,,,,,
4496,2026-04-23T08:26:20.150Z,S20260423_092137,N/A,AUTO,,282.2734,0.064,N/A,0,1500,VIDE,0.0,0.0,0.0,0.0,0.0,0.0,0,0,0.0,0.0,,,,,,,,,,,,
4497,2026-04-23T08:26:20.211Z,S20260423_092137,N/A,AUTO,,282.3347,0.0613,N/A,0,1500,VIDE,0.0,0.0,0.0,0.0,0.0,0.0,0,0,0.0,0.0,,,,,,,,,,,,
4498,2026-04-23T08:26:20.272Z,S20260423_092137,N/A,AUTO,,282.396,0.0613,N/A,0,1500,VIDE,0.0,0.0,0.0,0.0,0.0,0.0,0,0,0.0,0.0,,,,,,,,,,,,
4499,2026-04-23T08:26:20.335Z,S20260423_092137,N/A,AUTO,,282.4586,0.0625,N/A,0,1500,VIDE,0.0,0.0,0.0,0.0,0.0,0.0,0,0,0.0,0.0,,,,,,,,,,,,
4500,2026-04-23T08:26:20.397Z,S20260423_092137,N/A,AUTO,,282.5204,0.0619,N/A,0,1500,VIDE,0.0,0.0,0.0,0.0,0.0,0.0,0,0,0.0,0.0,,,,,,,,,,,,
4501,2026-04-23T08:26:20.461Z,S20260423_092137,N/A,AUTO,,282.5842,0.0638,N/A,0,1500,VIDE,0.0,0.0,0.0,0.0,0.0,0.0,0,0,0.0,0.0,,,,,,,,,,,,
4502,2026-04-23T08:26:20.524Z,S20260423_092137,N/A,AUTO,,282.6475,0.0633,N/A,0,1500,VIDE,0.0,0.0,0.0,0.0,0.0,0.0,0,0,0.0,0.0,,,,,,,,,,,,
4503,2026-04-23T08:26:20.585Z,S20260423_092137,N/A,AUTO,,282.7085,0.061,N/A,0,1500,VIDE,0.0,0.0,0.0,0.0,0.0,0.0,0,0,0.0,0.0,,,,,,,,,,,,
4504,2026-04-23T08:26:20.646Z,S20260423_092137,N/A,AUTO,,282.77,0.0615,N/A,0,1500,VIDE,0.0,0.0,0.0,0.0,0.0,0.0,0,0,0.0,0.0,,,,,,,,,,,,
4505,2026-04-23T08:26:20.709Z,S20260423_092137,N/A,AUTO,,282.8323,0.0623,N/A,0,1500,VIDE,0.0,0.0,0.0,0.0,0.0,0.0,0,0,0.0,0.0,,,,,,,,,,,,
4506,2026-04-23T08:26:20.775Z,S20260423_092137,N/A,AUTO,,282.8983,0.066,N/A,0,1500,VIDE,0.0,0.0,0.0,0.0,0.0,0.0,0,0,0.0,0.0,,,,,,,,,,,,
4507,2026-04-23T08:26:20.840Z,S20260423_092137,N/A,AUTO,,282.9634,0.065,N/A,0,1500,VIDE,0.0,0.0,0.0,0.0,0.0,0.0,0,0,0.0,0.0,,,,,,,,,,,,
4508,2026-04-23T08:26:20.903Z,S20260423_092137,N/A,AUTO,,283.0265,0.0633,N/A,0,1500,VIDE,0.0,0.0,0.0,0.0,0.0,0.0,0,0,0.0,0.0,,,,,,,,,,,,
4509,2026-04-23T08:26:20.960Z,S20260423_092137,N/A,AUTO,,283.0839,0.0573,N/A,0,1500,VIDE,0.0,0.0,0.0,0.0,0.0,0.0,0,0,0.0,0.0,,,,,,,,,,,,
4510,2026-04-23T08:26:21.025Z,S20260423_092137,N/A,AUTO,,283.1484,0.0646,N/A,0,1500,VIDE,0.0,0.0,0.0,0.0,0.0,0.0,0,0,0.0,0.0,,,,,,,,,,,,
4511,2026-04-23T08:26:21.084Z,S20260423_092137,N/A,AUTO,,283.2074,0.0589,N/A,0,1500,VIDE,0.0,0.0,0.0,0.0,0.0,0.0,0,0,0.0,0.0,,,,,,,,,,,,
4512,2026-04-23T08:26:21.156Z,S20260423_092137,N/A,AUTO,,283.2792,0.0719,N/A,0,1500,VIDE,0.0,0.0,0.0,0.0,0.0,0.0,0,0,0.0,0.0,,,,,,,,,,,,
4513,2026-04-23T08:26:21.210Z,S20260423_092137,N/A,AUTO,,283.334,0.0547,N/A,0,1500,VIDE,0.0,0.0,0.0,0.0,0.0,0.0,0,0,0.0,0.0,,,,,,,,,,,,
4514,2026-04-23T08:26:21.271Z,S20260423_092137,N/A,AUTO,,283.3951,0.0611,N/A,0,1500,VIDE,0.0,0.0,0.0,0.0,0.0,0.0,0,0,0.0,0.0,,,,,,,,,,,,
4515,2026-04-23T08:26:21.336Z,S20260423_092137,N/A,AUTO,,283.4597,0.0646,N/A,0,1500,VIDE,0.0,0.0,0.0,0.0,0.0,0.0,0,0,0.0,0.0,,,,,,,,,,,,
4516,2026-04-23T08:26:21.400Z,S20260423_092137,N/A,AUTO,,283.5233,0.0637,N/A,0,1500,VIDE,0.0,0.0,0.0,0.0,0.0,0.0,0,0,0.0,0.0,,,,,,,,,,,,
4517,2026-04-23T08:26:21.460Z,S20260423_092137,N/A,AUTO,,283.5838,0.0605,N/A,0,1500,VIDE,0.0,0.0,0.0,0.0,0.0,0.0,0,0,0.0,0.0,,,,,,,,,,,,
4518,2026-04-23T08:26:21.524Z,S20260423_092137,N/A,AUTO,,283.6477,0.0639,N/A,0,1500,VIDE,0.0,0.0,0.0,0.0,0.0,0.0,0,0,0.0,0.0,,,,,,,,,,,,
4519,2026-04-23T08:26:21.584Z,S20260423_092137,N/A,AUTO,,283.708,0.0603,N/A,0,1500,VIDE,0.0,0.0,0.0,0.0,0.0,0.0,0,0,0.0,0.0,,,,,,,,,,,,
4520,2026-04-23T08:26:21.654Z,S20260423_092137,N/A,AUTO,,283.7781,0.0701,N/A,0,1500,VIDE,0.0,0.0,0.0,0.0,0.0,0.0,0,0,0.0,0.0,,,,,,,,,,,,
4521,2026-04-23T08:26:21.717Z,S20260423_092137,N/A,AUTO,,283.8407,0.0626,N/A,0,1500,VIDE,0.0,0.0,0.0,0.0,0.0,0.0,0,0,0.0,0.0,,,,,,,,,,,,
4522,2026-04-23T08:26:21.778Z,S20260423_092137,N/A,AUTO,,283.9012,0.0605,N/A,0,1500,VIDE,0.0,0.0,0.0,0.0,0.0,0.0,0,0,0.0,0.0,,,,,,,,,,,,
4523,2026-04-23T08:26:21.842Z,S20260423_092137,N/A,AUTO,,283.9654,0.0643,N/A,0,1500,VIDE,0.0,0.0,0.0,0.0,0.0,0.0,0,0,0.0,0.0,,,,,,,,,,,,
4524,2026-04-23T08:26:21.903Z,S20260423_092137,N/A,AUTO,,284.0264,0.0609,N/A,0,1500,VIDE,0.0,0.0,0.0,0.0,0.0,0.0,0,0,0.0,0.0,,,,,,,,,,,,
4525,2026-04-23T08:26:21.959Z,S20260423_092137,N/A,AUTO,,284.0822,0.0558,N/A,0,1500,VIDE,0.0,0.0,0.0,0.0,0.0,0.0,0,0,0.0,0.0,,,,,,,,,,,,
4526,2026-04-23T08:26:22.024Z,S20260423_092137,N/A,AUTO,,284.1473,0.0651,N/A,0,1500,VIDE,0.0,0.0,0.0,0.0,0.0,0.0,0,0,0.0,0.0,,,,,,,,,,,,
4527,2026-04-23T08:26:22.084Z,S20260423_092137,N/A,AUTO,,284.2078,0.0604,N/A,0,1500,VIDE,0.0,0.0,0.0,0.0,0.0,0.0,0,0,0.0,0.0,,,,,,,,,,,,
4528,2026-04-23T08:26:22.147Z,S20260423_092137,N/A,AUTO,,284.2708,0.063,N/A,0,1500,VIDE,0.0,0.0,0.0,0.0,0.0,0.0,0,0,0.0,0.0,,,,,,,,,,,,
4529,2026-04-23T08:26:22.211Z,S20260423_092137,N/A,AUTO,,284.3348,0.064,N/A,0,1500,VIDE,0.0,0.0,0.0,0.0,0.0,0.0,0,0,0.0,0.0,,,,,,,,,,,,
4530,2026-04-23T08:26:22.274Z,S20260423_092137,N/A,AUTO,,284.3979,0.063,N/A,0,1500,VIDE,0.0,0.0,0.0,0.0,0.0,0.0,0,0,0.0,0.0,,,,,,,,,,,,
4531,2026-04-23T08:26:22.338Z,S20260423_092137,N/A,AUTO,,284.4613,0.0634,N/A,0,1500,VIDE,0.0,0.0,0.0,0.0,0.0,0.0,0,0,0.0,0.0,,,,,,,,,,,,
4532,2026-04-23T08:26:22.398Z,S20260423_092137,N/A,AUTO,,284.5219,0.0606,N/A,0,1500,VIDE,0.0,0.0,0.0,0.0,0.0,0.0,0,0,0.0,0.0,,,,,,,,,,,,
4533,2026-04-23T08:26:22.460Z,S20260423_092137,N/A,AUTO,,284.5838,0.0619,N/A,0,1500,VIDE,0.0,0.0,0.0,0.0,0.0,0.0,0,0,0.0,0.0,,,,,,,,,,,,
4534,2026-04-23T08:26:22.522Z,S20260423_092137,N/A,AUTO,,284.646,0.0622,N/A,0,1500,VIDE,0.0,0.0,0.0,0.0,0.0,0.0,0,0,0.0,0.0,,,,,,,,,,,,
4535,2026-04-23T08:26:22.584Z,S20260423_092137,N/A,AUTO,,284.7078,0.0618,N/A,0,1500,VIDE,0.0,0.0,0.0,0.0,0.0,0.0,0,0,0.0,0.0,,,,,,,,,,,,
4536,2026-04-23T08:26:22.647Z,S20260423_092137,N/A,AUTO,,284.7705,0.0627,N/A,0,1500,VIDE,0.0,0.0,0.0,0.0,0.0,0.0,0,0,0.0,0.0,,,,,,,,,,,,
4537,2026-04-23T08:26:22.709Z,S20260423_092137,N/A,AUTO,,284.8331,0.0626,N/A,0,1500,VIDE,0.0,0.0,0.0,0.0,0.0,0.0,0,0,0.0,0.0,,,,,,,,,,,,
4538,2026-04-23T08:26:22.776Z,S20260423_092137,N/A,AUTO,,284.8993,0.0661,N/A,0,1500,VIDE,0.0,0.0,0.0,0.0,0.0,0.0,0,0,0.0,0.0,,,,,,,,,,,,
4539,2026-04-23T08:26:22.839Z,S20260423_092137,N/A,AUTO,,284.9631,0.0638,N/A,0,1500,VIDE,0.0,0.0,0.0,0.0,0.0,0.0,0,0,0.0,0.0,,,,,,,,,,,,
4540,2026-04-23T08:26:22.903Z,S20260423_092137,N/A,AUTO,,285.0271,0.064,N/A,0,1500,VIDE,0.0,0.0,0.0,0.0,0.0,0.0,0,0,0.0,0.0,,,,,,,,,,,,
4541,2026-04-23T08:26:22.961Z,S20260423_092137,N/A,AUTO,,285.0846,0.0576,N/A,0,1500,VIDE,0.0,0.0,0.0,0.0,0.0,0.0,0,0,0.0,0.0,,,,,,,,,,,,
4542,2026-04-23T08:26:23.025Z,S20260423_092137,N/A,AUTO,,285.1485,0.0638,N/A,0,1500,VIDE,0.0,0.0,0.0,0.0,0.0,0.0,0,0,0.0,0.0,,,,,,,,,,,,
4543,2026-04-23T08:26:23.085Z,S20260423_092137,N/A,AUTO,,285.2088,0.0604,N/A,0,1500,VIDE,0.0,0.0,0.0,0.0,0.0,0.0,0,0,0.0,0.0,,,,,,,,,,,,
4544,2026-04-23T08:26:23.148Z,S20260423_092137,N/A,AUTO,,285.2715,0.0625,N/A,0,1500,VIDE,0.0,0.0,0.0,0.0,0.0,0.0,0,0,0.0,0.0,,,,,,,,,,,,
4545,2026-04-23T08:26:23.211Z,S20260423_092137,N/A,AUTO,,285.3347,0.0633,N/A,0,1500,VIDE,0.0,0.0,0.0,0.0,0.0,0.0,0,0,0.0,0.0,,,,,,,,,,,,
4546,2026-04-23T08:26:23.281Z,S20260423_092137,N/A,AUTO,,285.4049,0.0701,N/A,0,1500,VIDE,0.0,0.0,0.0,0.0,0.0,0.0,0,0,0.0,0.0,,,,,,,,,,,,
4547,2026-04-23T08:26:23.337Z,S20260423_092137,N/A,AUTO,,285.4608,0.0558,N/A,0,1500,VIDE,0.0,0.0,0.0,0.0,0.0,0.0,0,0,0.0,0.0,,,,,,,,,,,,
4548,2026-04-23T08:26:23.398Z,S20260423_092137,N/A,AUTO,,285.5213,0.0607,N/A,0,1500,VIDE,0.0,0.0,0.0,0.0,0.0,0.0,0,0,0.0,0.0,,,,,,,,,,,,
4549,2026-04-23T08:26:23.461Z,S20260423_092137,N/A,AUTO,,285.5843,0.0631,N/A,0,1500,VIDE,0.0,0.0,0.0,0.0,0.0,0.0,0,0,0.0,0.0,,,,,,,,,,,,
4550,2026-04-23T08:26:23.522Z,S20260423_092137,N/A,AUTO,,285.6454,0.0611,N/A,0,1500,VIDE,0.0,0.0,0.0,0.0,0.0,0.0,0,0,0.0,0.0,,,,,,,,,,,,
4551,2026-04-23T08:26:23.585Z,S20260423_092137,N/A,AUTO,,285.7086,0.0633,N/A,0,1500,VIDE,0.0,0.0,0.0,0.0,0.0,0.0,0,0,0.0,0.0,,,,,,,,,,,,
4552,2026-04-23T08:26:23.651Z,S20260423_092137,N/A,AUTO,,285.7744,0.0658,N/A,0,1500,VIDE,0.0,0.0,0.0,0.0,0.0,0.0,0,0,0.0,0.0,,,,,,,,,,,,
4553,2026-04-23T08:26:23.709Z,S20260423_092137,N/A,AUTO,,285.833,0.0586,N/A,0,1500,VIDE,0.0,0.0,0.0,0.0,0.0,0.0,0,0,0.0,0.0,,,,,,,,,,,,
4554,2026-04-23T08:26:23.773Z,S20260423_092137,N/A,AUTO,,285.8964,0.0634,N/A,0,1500,VIDE,0.0,0.0,0.0,0.0,0.0,0.0,0,0,0.0,0.0,,,,,,,,,,,,
4555,2026-04-23T08:26:23.836Z,S20260423_092137,N/A,AUTO,,285.96,0.0636,N/A,0,1500,VIDE,0.0,0.0,0.0,0.0,0.0,0.0,0,0,0.0,0.0,,,,,,,,,,,,
4556,2026-04-23T08:26:23.897Z,S20260423_092137,N/A,AUTO,,286.0207,0.0608,N/A,0,1500,VIDE,0.0,0.0,0.0,0.0,0.0,0.0,0,0,0.0,0.0,,,,,,,,,,,,
4557,2026-04-23T08:26:23.961Z,S20260423_092137,N/A,AUTO,,286.0843,0.0635,N/A,0,1500,VIDE,0.0,0.0,0.0,0.0,0.0,0.0,0,0,0.0,0.0,,,,,,,,,,,,
4558,2026-04-23T08:26:24.022Z,S20260423_092137,N/A,AUTO,,286.1455,0.0612,N/A,0,1500,VIDE,0.0,0.0,0.0,0.0,0.0,0.0,0,0,0.0,0.0,,,,,,,,,,,,
4559,2026-04-23T08:26:24.086Z,S20260423_092137,N/A,AUTO,,286.2094,0.0639,N/A,0,1500,VIDE,0.0,0.0,0.0,0.0,0.0,0.0,0,0,0.0,0.0,,,,,,,,,,,,
4560,2026-04-23T08:26:24.147Z,S20260423_092137,N/A,AUTO,,286.2708,0.0614,N/A,0,1500,VIDE,0.0,0.0,0.0,0.0,0.0,0.0,0,0,0.0,0.0,,,,,,,,,,,,
4561,2026-04-23T08:26:24.209Z,S20260423_092137,N/A,AUTO,,286.3327,0.0618,N/A,0,1500,VIDE,0.0,0.0,0.0,0.0,0.0,0.0,0,0,0.0,0.0,,,,,,,,,,,,
4562,2026-04-23T08:26:24.272Z,S20260423_092137,N/A,AUTO,,286.3955,0.0629,N/A,0,1500,VIDE,0.0,0.0,0.0,0.0,0.0,0.0,0,0,0.0,0.0,,,,,,,,,,,,
4563,2026-04-23T08:26:24.345Z,S20260423_092137,N/A,AUTO,,286.4682,0.0727,N/A,0,1500,VIDE,0.0,0.0,0.0,0.0,0.0,0.0,0,0,0.0,0.0,,,,,,,,,,,,
4564,2026-04-23T08:26:24.397Z,S20260423_092137,N/A,AUTO,,286.5204,0.0521,N/A,0,1500,VIDE,0.0,0.0,0.0,0.0,0.0,0.0,0,0,0.0,0.0,,,,,,,,,,,,
4565,2026-04-23T08:26:24.461Z,S20260423_092137,N/A,AUTO,,286.5847,0.0643,N/A,0,1500,VIDE,0.0,0.0,0.0,0.0,0.0,0.0,0,0,0.0,0.0,,,,,,,,,,,,
4566,2026-04-23T08:26:24.524Z,S20260423_092137,N/A,AUTO,,286.6479,0.0632,N/A,0,1500,VIDE,0.0,0.0,0.0,0.0,0.0,0.0,0,0,0.0,0.0,,,,,,,,,,,,
4567,2026-04-23T08:26:24.585Z,S20260423_092137,N/A,AUTO,,286.7082,0.0604,N/A,0,1500,VIDE,0.0,0.0,0.0,0.0,0.0,0.0,0,0,0.0,0.0,,,,,,,,,,,,
4568,2026-04-23T08:26:24.659Z,S20260423_092137,N/A,AUTO,,286.7823,0.074,N/A,0,1500,VIDE,0.0,0.0,0.0,0.0,0.0,0.0,0,0,0.0,0.0,,,,,,,,,,,,
4569,2026-04-23T08:26:24.724Z,S20260423_092137,N/A,AUTO,,286.8474,0.065,N/A,0,1500,VIDE,0.0,0.0,0.0,0.0,0.0,0.0,0,0,0.0,0.0,,,,,,,,,,,,
4570,2026-04-23T08:26:24.777Z,S20260423_092137,N/A,AUTO,,286.9012,0.0538,N/A,0,1500,VIDE,0.0,0.0,0.0,0.0,0.0,0.0,0,0,0.0,0.0,,,,,,,,,,,,
4571,2026-04-23T08:26:24.844Z,S20260423_092137,N/A,AUTO,,286.9682,0.067,N/A,0,1500,VIDE,0.0,0.0,0.0,0.0,0.0,0.0,0,0,0.0,0.0,,,,,,,,,,,,
4572,2026-04-23T08:26:24.904Z,S20260423_092137,N/A,AUTO,,287.0277,0.0596,N/A,0,1500,VIDE,0.0,0.0,0.0,0.0,0.0,0.0,0,0,0.0,0.0,,,,,,,,,,,,
4573,2026-04-23T08:26:24.961Z,S20260423_092137,N/A,AUTO,,287.0844,0.0567,N/A,0,1500,VIDE,0.0,0.0,0.0,0.0,0.0,0.0,0,0,0.0,0.0,,,,,,,,,,,,
4574,2026-04-23T08:26:25.025Z,S20260423_092137,N/A,AUTO,,287.1485,0.0641,N/A,0,1500,VIDE,0.0,0.0,0.0,0.0,0.0,0.0,0,0,0.0,0.0,,,,,,,,,,,,
4575,2026-04-23T08:26:25.084Z,S20260423_092137,N/A,AUTO,,287.2079,0.0594,N/A,0,1500,VIDE,0.0,0.0,0.0,0.0,0.0,0.0,0,0,0.0,0.0,,,,,,,,,,,,
4576,2026-04-23T08:26:25.155Z,S20260423_092137,N/A,AUTO,,287.2786,0.0708,N/A,0,1500,VIDE,0.0,0.0,0.0,0.0,0.0,0.0,0,0,0.0,0.0,,,,,,,,,,,,
4577,2026-04-23T08:26:25.211Z,S20260423_092137,N/A,AUTO,,287.3342,0.0556,N/A,0,1500,VIDE,0.0,0.0,0.0,0.0,0.0,0.0,0,0,0.0,0.0,,,,,,,,,,,,
4578,2026-04-23T08:26:25.277Z,S20260423_092137,N/A,AUTO,,287.4011,0.0668,N/A,0,1500,VIDE,0.0,0.0,0.0,0.0,0.0,0.0,0,0,0.0,0.0,,,,,,,,,,,,
4579,2026-04-23T08:26:25.345Z,S20260423_092137,N/A,AUTO,,287.4684,0.0673,N/A,0,1500,VIDE,0.0,0.0,0.0,0.0,0.0,0.0,0,0,0.0,0.0,,,,,,,,,,,,
4580,2026-04-23T08:26:25.405Z,S20260423_092137,N/A,AUTO,,287.5285,0.0602,N/A,0,1500,VIDE,0.0,0.0,0.0,0.0,0.0,0.0,0,0,0.0,0.0,,,,,,,,,,,,
4581,2026-04-23T08:26:25.460Z,S20260423_092137,N/A,AUTO,,287.5841,0.0555,N/A,0,1500,VIDE,0.0,0.0,0.0,0.0,0.0,0.0,0,0,0.0,0.0,,,,,,,,,,,,
4582,2026-04-23T08:26:25.524Z,S20260423_092137,N/A,AUTO,,287.6474,0.0634,N/A,0,1500,VIDE,0.0,0.0,0.0,0.0,0.0,0.0,0,0,0.0,0.0,,,,,,,,,,,,
4583,2026-04-23T08:26:25.584Z,S20260423_092137,N/A,AUTO,,287.708,0.0606,N/A,0,1500,VIDE,0.0,0.0,0.0,0.0,0.0,0.0,0,0,0.0,0.0,,,,,,,,,,,,
4584,2026-04-23T08:26:25.655Z,S20260423_092137,N/A,AUTO,,287.7787,0.0707,N/A,0,1500,VIDE,0.0,0.0,0.0,0.0,0.0,0.0,0,0,0.0,0.0,,,,,,,,,,,,
4585,2026-04-23T08:26:25.709Z,S20260423_092137,N/A,AUTO,,287.8322,0.0535,N/A,0,1500,VIDE,0.0,0.0,0.0,0.0,0.0,0.0,0,0,0.0,0.0,,,,,,,,,,,,
4586,2026-04-23T08:26:25.779Z,S20260423_092137,N/A,AUTO,,287.9025,0.0703,N/A,0,1500,VIDE,0.0,0.0,0.0,0.0,0.0,0.0,0,0,0.0,0.0,,,,,,,,,,,,
4587,2026-04-23T08:26:25.843Z,S20260423_092137,N/A,AUTO,,287.9666,0.064,N/A,0,1500,VIDE,0.0,0.0,0.0,0.0,0.0,0.0,0,0,0.0,0.0,,,,,,,,,,,,
4588,2026-04-23T08:26:25.905Z,S20260423_092137,N/A,AUTO,,288.0284,0.0619,N/A,0,1500,VIDE,0.0,0.0,0.0,0.0,0.0,0.0,0,0,0.0,0.0,,,,,,,,,,,,
4589,2026-04-23T08:26:25.962Z,S20260423_092137,N/A,AUTO,,288.0859,0.0574,N/A,0,1500,VIDE,0.0,0.0,0.0,0.0,0.0,0.0,0,0,0.0,0.0,,,,,,,,,,,,
4590,2026-04-23T08:26:26.025Z,S20260423_092137,N/A,AUTO,,288.1484,0.0626,N/A,0,1500,VIDE,0.0,0.0,0.0,0.0,0.0,0.0,0,0,0.0,0.0,,,,,,,,,,,,
4591,2026-04-23T08:26:26.085Z,S20260423_092137,N/A,AUTO,,288.2083,0.0598,N/A,0,1500,VIDE,0.0,0.0,0.0,0.0,0.0,0.0,0,0,0.0,0.0,,,,,,,,,,,,
4592,2026-04-23T08:26:26.155Z,S20260423_092137,N/A,AUTO,,288.2787,0.0704,N/A,0,1500,VIDE,0.0,0.0,0.0,0.0,0.0,0.0,0,0,0.0,0.0,,,,,,,,,,,,
4593,2026-04-23T08:26:26.211Z,S20260423_092137,N/A,AUTO,,288.3343,0.0556,N/A,0,1500,VIDE,0.0,0.0,0.0,0.0,0.0,0.0,0,0,0.0,0.0,,,,,,,,,,,,
4594,2026-04-23T08:26:26.277Z,S20260423_092137,N/A,AUTO,,288.4006,0.0663,N/A,0,1500,VIDE,0.0,0.0,0.0,0.0,0.0,0.0,0,0,0.0,0.0,,,,,,,,,,,,
4595,2026-04-23T08:26:26.342Z,S20260423_092137,N/A,AUTO,,288.4656,0.065,N/A,0,1500,VIDE,0.0,0.0,0.0,0.0,0.0,0.0,0,0,0.0,0.0,,,,,,,,,,,,
4596,2026-04-23T08:26:26.404Z,S20260423_092137,N/A,AUTO,,288.5276,0.062,N/A,0,1500,VIDE,0.0,0.0,0.0,0.0,0.0,0.0,0,0,0.0,0.0,,,,,,,,,,,,
4597,2026-04-23T08:26:26.461Z,S20260423_092137,N/A,AUTO,,288.585,0.0575,N/A,0,1500,VIDE,0.0,0.0,0.0,0.0,0.0,0.0,0,0,0.0,0.0,,,,,,,,,,,,
4598,2026-04-23T08:26:26.524Z,S20260423_092137,N/A,AUTO,,288.6479,0.0629,N/A,0,1500,VIDE,0.0,0.0,0.0,0.0,0.0,0.0,0,0,0.0,0.0,,,,,,,,,,,,
4599,2026-04-23T08:26:26.585Z,S20260423_092137,N/A,AUTO,,288.7084,0.0605,N/A,0,1500,VIDE,0.0,0.0,0.0,0.0,0.0,0.0,0,0,0.0,0.0,,,,,,,,,,,,
4600,2026-04-23T08:26:26.654Z,S20260423_092137,N/A,AUTO,,288.7775,0.0691,N/A,0,1500,VIDE,0.0,0.0,0.0,0.0,0.0,0.0,0,0,0.0,0.0,,,,,,,,,,,,
4601,2026-04-23T08:26:26.709Z,S20260423_092137,N/A,AUTO,,288.8323,0.0549,N/A,0,1500,VIDE,0.0,0.0,0.0,0.0,0.0,0.0,0,0,0.0,0.0,,,,,,,,,,,,
4602,2026-04-23T08:26:26.777Z,S20260423_092137,N/A,AUTO,,288.9008,0.0684,N/A,0,1500,VIDE,0.0,0.0,0.0,0.0,0.0,0.0,0,0,0.0,0.0,,,,,,,,,,,,
4603,2026-04-23T08:26:26.841Z,S20260423_092137,N/A,AUTO,,288.9651,0.0644,N/A,0,1500,VIDE,0.0,0.0,0.0,0.0,0.0,0.0,0,0,0.0,0.0,,,,,,,,,,,,
4604,2026-04-23T08:26:26.905Z,S20260423_092137,N/A,AUTO,,289.0288,0.0637,N/A,0,1500,VIDE,0.0,0.0,0.0,0.0,0.0,0.0,0,0,0.0,0.0,,,,,,,,,,,,
4605,2026-04-23T08:26:26.961Z,S20260423_092137,N/A,AUTO,,289.0849,0.0561,N/A,0,1500,VIDE,0.0,0.0,0.0,0.0,0.0,0.0,0,0,0.0,0.0,,,,,,,,,,,,
4606,2026-04-23T08:26:27.025Z,S20260423_092137,N/A,AUTO,,289.1483,0.0633,N/A,0,1500,VIDE,0.0,0.0,0.0,0.0,0.0,0.0,0,0,0.0,0.0,,,,,,,,,,,,
4607,2026-04-23T08:26:27.084Z,S20260423_092137,N/A,AUTO,,289.2078,0.0595,N/A,0,1500,VIDE,0.0,0.0,0.0,0.0,0.0,0.0,0,0,0.0,0.0,,,,,,,,,,,,
4608,2026-04-23T08:26:27.152Z,S20260423_092137,N/A,AUTO,,289.2761,0.0684,N/A,0,1500,VIDE,0.0,0.0,0.0,0.0,0.0,0.0,0,0,0.0,0.0,,,,,,,,,,,,
4609,2026-04-23T08:26:27.210Z,S20260423_092137,N/A,AUTO,,289.3336,0.0575,N/A,0,1500,VIDE,0.0,0.0,0.0,0.0,0.0,0.0,0,0,0.0,0.0,,,,,,,,,,,,
4610,2026-04-23T08:26:27.277Z,S20260423_092137,N/A,AUTO,,289.4008,0.0672,N/A,0,1500,VIDE,0.0,0.0,0.0,0.0,0.0,0.0,0,0,0.0,0.0,,,,,,,,,,,,
4611,2026-04-23T08:26:27.341Z,S20260423_092137,N/A,AUTO,,289.4645,0.0637,N/A,0,1500,VIDE,0.0,0.0,0.0,0.0,0.0,0.0,0,0,0.0,0.0,,,,,,,,,,,,
4612,2026-04-23T08:26:27.404Z,S20260423_092137,N/A,AUTO,,289.5278,0.0633,N/A,0,1500,VIDE,0.0,0.0,0.0,0.0,0.0,0.0,0,0,0.0,0.0,,,,,,,,,,,,
4613,2026-04-23T08:26:27.460Z,S20260423_092137,N/A,AUTO,,289.5841,0.0563,N/A,0,1500,VIDE,0.0,0.0,0.0,0.0,0.0,0.0,0,0,0.0,0.0,,,,,,,,,,,,
4614,2026-04-23T08:26:27.524Z,S20260423_092137,N/A,AUTO,,289.6477,0.0637,N/A,0,1500,VIDE,0.0,0.0,0.0,0.0,0.0,0.0,0,0,0.0,0.0,,,,,,,,,,,,
4615,2026-04-23T08:26:27.585Z,S20260423_092137,N/A,AUTO,,289.7083,0.0606,N/A,0,1500,VIDE,0.0,0.0,0.0,0.0,0.0,0.0,0,0,0.0,0.0,,,,,,,,,,,,
4616,2026-04-23T08:26:27.649Z,S20260423_092137,N/A,AUTO,,289.7729,0.0646,N/A,0,1500,VIDE,0.0,0.0,0.0,0.0,0.0,0.0,0,0,0.0,0.0,,,,,,,,,,,,
4617,2026-04-23T08:26:27.713Z,S20260423_092137,N/A,AUTO,,289.837,0.0641,N/A,0,1500,VIDE,0.0,0.0,0.0,0.0,0.0,0.0,0,0,0.0,0.0,,,,,,,,,,,,
4618,2026-04-23T08:26:27.776Z,S20260423_092137,N/A,AUTO,,289.9002,0.063,N/A,0,1500,VIDE,0.0,0.0,0.0,0.0,0.0,0.0,0,0,0.0,0.0,,,,,,,,,,,,
4619,2026-04-23T08:26:27.840Z,S20260423_092137,N/A,AUTO,,289.9634,0.0633,N/A,0,1500,VIDE,0.0,0.0,0.0,0.0,0.0,0.0,0,0,0.0,0.0,,,,,,,,,,,,
4620,2026-04-23T08:26:27.902Z,S20260423_092137,N/A,AUTO,,290.0259,0.0626,N/A,0,1500,VIDE,0.0,0.0,0.0,0.0,0.0,0.0,0,0,0.0,0.0,,,,,,,,,,,,
4621,2026-04-23T08:26:27.961Z,S20260423_092137,N/A,AUTO,,290.0844,0.0585,N/A,0,1500,VIDE,0.0,0.0,0.0,0.0,0.0,0.0,0,0,0.0,0.0,,,,,,,,,,,,
4622,2026-04-23T08:26:28.025Z,S20260423_092137,N/A,AUTO,,290.1484,0.064,N/A,0,1500,VIDE,0.0,0.0,0.0,0.0,0.0,0.0,0,0,0.0,0.0,,,,,,,,,,,,
4623,2026-04-23T08:26:28.084Z,S20260423_092137,N/A,AUTO,,290.2078,0.0594,N/A,0,1500,VIDE,0.0,0.0,0.0,0.0,0.0,0.0,0,0,0.0,0.0,,,,,,,,,,,,
4624,2026-04-23T08:26:28.151Z,S20260423_092137,N/A,AUTO,,290.2747,0.0668,N/A,0,1500,VIDE,0.0,0.0,0.0,0.0,0.0,0.0,0,0,0.0,0.0,,,,,,,,,,,,
4625,2026-04-23T08:26:28.211Z,S20260423_092137,N/A,AUTO,,290.3349,0.0603,N/A,0,1500,VIDE,0.0,0.0,0.0,0.0,0.0,0.0,0,0,0.0,0.0,,,,,,,,,,,,
4626,2026-04-23T08:26:28.275Z,S20260423_092137,N/A,AUTO,,290.3989,0.0639,N/A,0,1500,VIDE,0.0,0.0,0.0,0.0,0.0,0.0,0,0,0.0,0.0,,,,,,,,,,,,
4627,2026-04-23T08:26:28.338Z,S20260423_092137,N/A,AUTO,,290.4616,0.0627,N/A,0,1500,VIDE,0.0,0.0,0.0,0.0,0.0,0.0,0,0,0.0,0.0,,,,,,,,,,,,
4628,2026-04-23T08:26:28.400Z,S20260423_092137,N/A,AUTO,,290.5235,0.0619,N/A,0,1500,VIDE,0.0,0.0,0.0,0.0,0.0,0.0,0,0,0.0,0.0,,,,,,,,,,,,
4629,2026-04-23T08:26:28.460Z,S20260423_092137,N/A,AUTO,,290.5836,0.06,N/A,0,1500,VIDE,0.0,0.0,0.0,0.0,0.0,0.0,0,0,0.0,0.0,,,,,,,,,,,,
4630,2026-04-23T08:26:28.524Z,S20260423_092137,N/A,AUTO,,290.6476,0.0641,N/A,0,1500,VIDE,0.0,0.0,0.0,0.0,0.0,0.0,0,0,0.0,0.0,,,,,,,,,,,,
4631,2026-04-23T08:26:28.584Z,S20260423_092137,N/A,AUTO,,290.708,0.0604,N/A,0,1500,VIDE,0.0,0.0,0.0,0.0,0.0,0.0,0,0,0.0,0.0,,,,,,,,,,,,
4632,2026-04-23T08:26:28.650Z,S20260423_092137,N/A,AUTO,,290.7733,0.0653,N/A,0,1500,VIDE,0.0,0.0,0.0,0.0,0.0,0.0,0,0,0.0,0.0,,,,,,,,,,,,
4633,2026-04-23T08:26:28.713Z,S20260423_092137,N/A,AUTO,,290.8366,0.0633,N/A,0,1500,VIDE,0.0,0.0,0.0,0.0,0.0,0.0,0,0,0.0,0.0,,,,,,,,,,,,
4634,2026-04-23T08:26:28.777Z,S20260423_092137,N/A,AUTO,,290.9011,0.0645,N/A,0,1500,VIDE,0.0,0.0,0.0,0.0,0.0,0.0,0,0,0.0,0.0,,,,,,,,,,,,
4635,2026-04-23T08:26:28.838Z,S20260423_092137,N/A,AUTO,,290.9614,0.0603,N/A,0,1500,VIDE,0.0,0.0,0.0,0.0,0.0,0.0,0,0,0.0,0.0,,,,,,,,,,,,
4636,2026-04-23T08:26:28.899Z,S20260423_092137,N/A,AUTO,,291.0229,0.0615,N/A,0,1500,VIDE,0.0,0.0,0.0,0.0,0.0,0.0,0,0,0.0,0.0,,,,,,,,,,,,
4637,2026-04-23T08:26:28.961Z,S20260423_092137,N/A,AUTO,,291.0842,0.0613,N/A,0,1500,VIDE,0.0,0.0,0.0,0.0,0.0,0.0,0,0,0.0,0.0,,,,,,,,,,,,
4638,2026-04-23T08:26:29.023Z,S20260423_092137,N/A,AUTO,,291.1466,0.0624,N/A,0,1500,VIDE,0.0,0.0,0.0,0.0,0.0,0.0,0,0,0.0,0.0,,,,,,,,,,,,
4639,2026-04-23T08:26:29.084Z,S20260423_092137,N/A,AUTO,,291.2079,0.0613,N/A,0,1500,VIDE,0.0,0.0,0.0,0.0,0.0,0.0,0,0,0.0,0.0,,,,,,,,,,,,
4640,2026-04-23T08:26:29.149Z,S20260423_092137,N/A,AUTO,,291.2726,0.0647,N/A,0,1500,VIDE,0.0,0.0,0.0,0.0,0.0,0.0,0,0,0.0,0.0,,,,,,,,,,,,
4641,2026-04-23T08:26:29.210Z,S20260423_092137,N/A,AUTO,,291.3339,0.0613,N/A,0,1500,VIDE,0.0,0.0,0.0,0.0,0.0,0.0,0,0,0.0,0.0,,,,,,,,,,,,
4642,2026-04-23T08:26:29.274Z,S20260423_092137,N/A,AUTO,,291.3981,0.0642,N/A,0,1500,VIDE,0.0,0.0,0.0,0.0,0.0,0.0,0,0,0.0,0.0,,,,,,,,,,,,
4643,2026-04-23T08:26:29.336Z,S20260423_092137,N/A,AUTO,,291.4597,0.0616,N/A,0,1500,VIDE,0.0,0.0,0.0,0.0,0.0,0.0,0,0,0.0,0.0,,,,,,,,,,,,
4644,2026-04-23T08:26:29.397Z,S20260423_092137,N/A,AUTO,,291.521,0.0614,N/A,0,1500,VIDE,0.0,0.0,0.0,0.0,0.0,0.0,0,0,0.0,0.0,,,,,,,,,,,,
4645,2026-04-23T08:26:29.462Z,S20260423_092137,N/A,AUTO,,291.5854,0.0642,N/A,0,1500,VIDE,0.0,0.0,0.0,0.0,0.0,0.0,0,0,0.0,0.0,,,,,,,,,,,,
4646,2026-04-23T08:26:29.524Z,S20260423_092137,N/A,AUTO,,291.6481,0.0628,N/A,0,1500,VIDE,0.0,0.0,0.0,0.0,0.0,0.0,0,0,0.0,0.0,,,,,,,,,,,,
4647,2026-04-23T08:26:29.585Z,S20260423_092137,N/A,AUTO,,291.7083,0.0602,N/A,0,1500,VIDE,0.0,0.0,0.0,0.0,0.0,0.0,0,0,0.0,0.0,,,,,,,,,,,,
4648,2026-04-23T08:26:29.660Z,S20260423_092137,N/A,AUTO,,291.7835,0.0752,N/A,0,1500,VIDE,0.0,0.0,0.0,0.0,0.0,0.0,0,0,0.0,0.0,,,,,,,,,,,,
4649,2026-04-23T08:26:29.710Z,S20260423_092137,N/A,AUTO,,291.8337,0.0502,N/A,0,1500,VIDE,0.0,0.0,0.0,0.0,0.0,0.0,0,0,0.0,0.0,,,,,,,,,,,,
4650,2026-04-23T08:26:29.777Z,S20260423_092137,N/A,AUTO,,291.9005,0.0668,N/A,0,1500,VIDE,0.0,0.0,0.0,0.0,0.0,0.0,0,0,0.0,0.0,,,,,,,,,,,,
4651,2026-04-23T08:26:29.844Z,S20260423_092137,N/A,AUTO,,291.9681,0.0676,N/A,0,1500,VIDE,0.0,0.0,0.0,0.0,0.0,0.0,0,0,0.0,0.0,,,,,,,,,,,,
4652,2026-04-23T08:26:29.905Z,S20260423_092137,N/A,AUTO,,292.0288,0.0607,N/A,0,1500,VIDE,0.0,0.0,0.0,0.0,0.0,0.0,0,0,0.0,0.0,,,,,,,,,,,,
4653,2026-04-23T08:26:29.961Z,S20260423_092137,N/A,AUTO,,292.0842,0.0554,N/A,0,1500,VIDE,0.0,0.0,0.0,0.0,0.0,0.0,0,0,0.0,0.0,,,,,,,,,,,,
4654,2026-04-23T08:26:30.024Z,S20260423_092137,N/A,AUTO,,292.1478,0.0636,N/A,0,1500,VIDE,0.0,0.0,0.0,0.0,0.0,0.0,0,0,0.0,0.0,,,,,,,,,,,,
4655,2026-04-23T08:26:30.084Z,S20260423_092137,N/A,AUTO,,292.2081,0.0603,N/A,0,1500,VIDE,0.0,0.0,0.0,0.0,0.0,0.0,0,0,0.0,0.0,,,,,,,,,,,,
4656,2026-04-23T08:26:30.156Z,S20260423_092137,N/A,AUTO,,292.2792,0.0711,N/A,0,1500,VIDE,0.0,0.0,0.0,0.0,0.0,0.0,0,0,0.0,0.0,,,,,,,,,,,,
4657,2026-04-23T08:26:30.213Z,S20260423_092137,N/A,AUTO,,292.3369,0.0577,N/A,0,1500,VIDE,0.0,0.0,0.0,0.0,0.0,0.0,0,0,0.0,0.0,,,,,,,,,,,,
4658,2026-04-23T08:26:30.278Z,S20260423_092137,N/A,AUTO,,292.4019,0.0649,N/A,0,1500,VIDE,0.0,0.0,0.0,0.0,0.0,0.0,0,0,0.0,0.0,,,,,,,,,,,,
4659,2026-04-23T08:26:30.344Z,S20260423_092137,N/A,AUTO,,292.4672,0.0653,N/A,0,1500,VIDE,0.0,0.0,0.0,0.0,0.0,0.0,0,0,0.0,0.0,,,,,,,,,,,,
4660,2026-04-23T08:26:30.404Z,S20260423_092137,N/A,AUTO,,292.5278,0.0605,N/A,0,1500,VIDE,0.0,0.0,0.0,0.0,0.0,0.0,0,0,0.0,0.0,,,,,,,,,,,,
4661,2026-04-23T08:26:30.464Z,S20260423_092137,N/A,AUTO,,292.5873,0.0596,N/A,0,1500,VIDE,0.0,0.0,0.0,0.0,0.0,0.0,0,0,0.0,0.0,,,,,,,,,,,,
4662,2026-04-23T08:26:30.524Z,S20260423_092137,N/A,AUTO,,292.6479,0.0606,N/A,0,1500,VIDE,0.0,0.0,0.0,0.0,0.0,0.0,0,0,0.0,0.0,,,,,,,,,,,,
4663,2026-04-23T08:26:30.585Z,S20260423_092137,N/A,AUTO,,292.7087,0.0608,N/A,0,1500,VIDE,0.0,0.0,0.0,0.0,0.0,0.0,0,0,0.0,0.0,,,,,,,,,,,,
4664,2026-04-23T08:26:30.654Z,S20260423_092137,N/A,AUTO,,292.7773,0.0686,N/A,0,1500,VIDE,0.0,0.0,0.0,0.0,0.0,0.0,0,0,0.0,0.0,,,,,,,,,,,,
4665,2026-04-23T08:26:30.710Z,S20260423_092137,N/A,AUTO,,292.8337,0.0564,N/A,0,1500,VIDE,0.0,0.0,0.0,0.0,0.0,0.0,0,0,0.0,0.0,,,,,,,,,,,,
4666,2026-04-23T08:26:30.780Z,S20260423_092137,N/A,AUTO,,292.9041,0.0703,N/A,0,1500,VIDE,0.0,0.0,0.0,0.0,0.0,0.0,0,0,0.0,0.0,,,,,,,,,,,,
4667,2026-04-23T08:26:30.836Z,S20260423_092137,N/A,AUTO,,292.9601,0.056,N/A,0,1500,VIDE,0.0,0.0,0.0,0.0,0.0,0.0,0,0,0.0,0.0,,,,,,,,,,,,
4668,2026-04-23T08:26:30.904Z,S20260423_092137,N/A,AUTO,,293.0276,0.0674,N/A,0,1500,VIDE,0.0,0.0,0.0,0.0,0.0,0.0,0,0,0.0,0.0,,,,,,,,,,,,
4669,2026-04-23T08:26:30.965Z,S20260423_092137,N/A,AUTO,,293.0884,0.0609,N/A,0,1500,VIDE,0.0,0.0,0.0,0.0,0.0,0.0,0,0,0.0,0.0,,,,,,,,,,,,
4670,2026-04-23T08:26:31.024Z,S20260423_092137,N/A,AUTO,,293.1481,0.0596,N/A,0,1500,VIDE,0.0,0.0,0.0,0.0,0.0,0.0,0,0,0.0,0.0,,,,,,,,,,,,
4671,2026-04-23T08:26:31.086Z,S20260423_092137,N/A,AUTO,,293.2099,0.0618,N/A,0,1500,VIDE,0.0,0.0,0.0,0.0,0.0,0.0,0,0,0.0,0.0,,,,,,,,,,,,
4672,2026-04-23T08:26:31.153Z,S20260423_092137,N/A,AUTO,,293.2765,0.0666,N/A,0,1500,VIDE,0.0,0.0,0.0,0.0,0.0,0.0,0,0,0.0,0.0,,,,,,,,,,,,
4673,2026-04-23T08:26:31.214Z,S20260423_092137,N/A,AUTO,,293.3382,0.0616,N/A,0,1500,VIDE,0.0,0.0,0.0,0.0,0.0,0.0,0,0,0.0,0.0,,,,,,,,,,,,
4674,2026-04-23T08:26:31.277Z,S20260423_092137,N/A,AUTO,,293.401,0.0626,N/A,0,1500,VIDE,0.0,0.0,0.0,0.0,0.0,0.0,0,0,0.0,0.0,,,,,,,,,,,,
4675,2026-04-23T08:26:31.340Z,S20260423_092137,N/A,AUTO,,293.4636,0.0629,N/A,0,1500,VIDE,0.0,0.0,0.0,0.0,0.0,0.0,0,0,0.0,0.0,,,,,,,,,,,,
4676,2026-04-23T08:26:31.397Z,S20260423_092137,N/A,AUTO,,293.5207,0.0572,N/A,0,1500,VIDE,0.0,0.0,0.0,0.0,0.0,0.0,0,0,0.0,0.0,,,,,,,,,,,,
4677,2026-04-23T08:26:31.462Z,S20260423_092137,N/A,AUTO,,293.5856,0.0648,N/A,0,1500,VIDE,0.0,0.0,0.0,0.0,0.0,0.0,0,0,0.0,0.0,,,,,,,,,,,,
4678,2026-04-23T08:26:31.525Z,S20260423_092137,N/A,AUTO,,293.6484,0.0629,N/A,0,1500,VIDE,0.0,0.0,0.0,0.0,0.0,0.0,0,0,0.0,0.0,,,,,,,,,,,,
4679,2026-04-23T08:26:31.585Z,S20260423_092137,N/A,AUTO,,293.7085,0.06,N/A,0,1500,VIDE,0.0,0.0,0.0,0.0,0.0,0.0,0,0,0.0,0.0,,,,,,,,,,,,
4680,2026-04-23T08:26:31.650Z,S20260423_092137,N/A,AUTO,,293.7733,0.0649,N/A,0,1500,VIDE,0.0,0.0,0.0,0.0,0.0,0.0,0,0,0.0,0.0,,,,,,,,,,,,
4681,2026-04-23T08:26:31.709Z,S20260423_092137,N/A,AUTO,,293.8325,0.0592,N/A,0,1500,VIDE,0.0,0.0,0.0,0.0,0.0,0.0,0,0,0.0,0.0,,,,,,,,,,,,
4682,2026-04-23T08:26:31.773Z,S20260423_092137,N/A,AUTO,,293.8966,0.0639,N/A,0,1500,VIDE,0.0,0.0,0.0,0.0,0.0,0.0,0,0,0.0,0.0,,,,,,,,,,,,
4683,2026-04-23T08:26:31.836Z,S20260423_092137,N/A,AUTO,,293.96,0.0635,N/A,0,1500,VIDE,0.0,0.0,0.0,0.0,0.0,0.0,0,0,0.0,0.0,,,,,,,,,,,,
4684,2026-04-23T08:26:31.898Z,S20260423_092137,N/A,AUTO,,294.0217,0.0616,N/A,0,1500,VIDE,0.0,0.0,0.0,0.0,0.0,0.0,0,0,0.0,0.0,,,,,,,,,,,,
4685,2026-04-23T08:26:31.960Z,S20260423_092137,N/A,AUTO,,294.0834,0.0616,N/A,0,1500,VIDE,0.0,0.0,0.0,0.0,0.0,0.0,0,0,0.0,0.0,,,,,,,,,,,,
4686,2026-04-23T08:26:32.023Z,S20260423_092137,N/A,AUTO,,294.1465,0.0632,N/A,0,1500,VIDE,0.0,0.0,0.0,0.0,0.0,0.0,0,0,0.0,0.0,,,,,,,,,,,,
4687,2026-04-23T08:26:32.086Z,S20260423_092137,N/A,AUTO,,294.2092,0.0627,N/A,0,1500,VIDE,0.0,0.0,0.0,0.0,0.0,0.0,0,0,0.0,0.0,,,,,,,,,,,,
4688,2026-04-23T08:26:32.148Z,S20260423_092137,N/A,AUTO,,294.2722,0.0629,N/A,0,1500,VIDE,0.0,0.0,0.0,0.0,0.0,0.0,0,0,0.0,0.0,,,,,,,,,,,,
4689,2026-04-23T08:26:32.210Z,S20260423_092137,N/A,AUTO,,294.3342,0.062,N/A,0,1500,VIDE,0.0,0.0,0.0,0.0,0.0,0.0,0,0,0.0,0.0,,,,,,,,,,,,
4690,2026-04-23T08:26:32.272Z,S20260423_092137,N/A,AUTO,,294.396,0.0618,N/A,0,1500,VIDE,0.0,0.0,0.0,0.0,0.0,0.0,0,0,0.0,0.0,,,,,,,,,,,,
4691,2026-04-23T08:26:32.336Z,S20260423_092137,N/A,AUTO,,294.4593,0.0633,N/A,0,1500,VIDE,0.0,0.0,0.0,0.0,0.0,0.0,0,0,0.0,0.0,,,,,,,,,,,,
4692,2026-04-23T08:26:32.397Z,S20260423_092137,N/A,AUTO,,294.5207,0.0615,N/A,0,1500,VIDE,0.0,0.0,0.0,0.0,0.0,0.0,0,0,0.0,0.0,,,,,,,,,,,,
4693,2026-04-23T08:26:32.460Z,S20260423_092137,N/A,AUTO,,294.5837,0.0629,N/A,0,1500,VIDE,0.0,0.0,0.0,0.0,0.0,0.0,0,0,0.0,0.0,,,,,,,,,,,,
4694,2026-04-23T08:26:32.521Z,S20260423_092137,N/A,AUTO,,294.6447,0.0611,N/A,0,1500,VIDE,0.0,0.0,0.0,0.0,0.0,0.0,0,0,0.0,0.0,,,,,,,,,,,,
4695,2026-04-23T08:26:32.584Z,S20260423_092137,N/A,AUTO,,294.7077,0.063,N/A,0,1500,VIDE,0.0,0.0,0.0,0.0,0.0,0.0,0,0,0.0,0.0,,,,,,,,,,,,
4696,2026-04-23T08:26:32.659Z,S20260423_092137,N/A,AUTO,,294.783,0.0753,N/A,0,1500,VIDE,0.0,0.0,0.0,0.0,0.0,0.0,0,0,0.0,0.0,,,,,,,,,,,,
4697,2026-04-23T08:26:32.722Z,S20260423_092137,N/A,AUTO,,294.8457,0.0627,N/A,0,1500,VIDE,0.0,0.0,0.0,0.0,0.0,0.0,0,0,0.0,0.0,,,,,,,,,,,,
4698,2026-04-23T08:26:32.777Z,S20260423_092137,N/A,AUTO,,294.9005,0.0547,N/A,0,1500,VIDE,0.0,0.0,0.0,0.0,0.0,0.0,0,0,0.0,0.0,,,,,,,,,,,,
4699,2026-04-23T08:26:32.845Z,S20260423_092137,N/A,AUTO,,294.9683,0.0679,N/A,0,1500,VIDE,0.0,0.0,0.0,0.0,0.0,0.0,0,0,0.0,0.0,,,,,,,,,,,,
4700,2026-04-23T08:26:32.904Z,S20260423_092137,N/A,AUTO,,295.0274,0.0591,N/A,0,1500,VIDE,0.0,0.0,0.0,0.0,0.0,0.0,0,0,0.0,0.0,,,,,,,,,,,,
4701,2026-04-23T08:26:32.961Z,S20260423_092137,N/A,AUTO,,295.0847,0.0573,N/A,0,1500,VIDE,0.0,0.0,0.0,0.0,0.0,0.0,0,0,0.0,0.0,,,,,,,,,,,,
4702,2026-04-23T08:26:33.025Z,S20260423_092137,N/A,AUTO,,295.1485,0.0637,N/A,0,1500,VIDE,0.0,0.0,0.0,0.0,0.0,0.0,0,0,0.0,0.0,,,,,,,,,,,,
4703,2026-04-23T08:26:33.085Z,S20260423_092137,N/A,AUTO,,295.2085,0.06,N/A,0,1500,VIDE,0.0,0.0,0.0,0.0,0.0,0.0,0,0,0.0,0.0,,,,,,,,,,,,
4704,2026-04-23T08:26:33.160Z,S20260423_092137,N/A,AUTO,,295.2837,0.0751,N/A,0,1500,VIDE,0.0,0.0,0.0,0.0,0.0,0.0,0,0,0.0,0.0,,,,,,,,,,,,
4705,2026-04-23T08:26:33.214Z,S20260423_092137,N/A,AUTO,,295.3372,0.0536,N/A,0,1500,VIDE,0.0,0.0,0.0,0.0,0.0,0.0,0,0,0.0,0.0,,,,,,,,,,,,
4706,2026-04-23T08:26:33.278Z,S20260423_092137,N/A,AUTO,,295.4022,0.0649,N/A,0,1500,VIDE,0.0,0.0,0.0,0.0,0.0,0.0,0,0,0.0,0.0,,,,,,,,,,,,
4707,2026-04-23T08:26:33.345Z,S20260423_092137,N/A,AUTO,,295.4684,0.0662,N/A,0,1500,VIDE,0.0,0.0,0.0,0.0,0.0,0.0,0,0,0.0,0.0,,,,,,,,,,,,
4708,2026-04-23T08:26:33.405Z,S20260423_092137,N/A,AUTO,,295.529,0.0606,N/A,0,1500,VIDE,0.0,0.0,0.0,0.0,0.0,0.0,0,0,0.0,0.0,,,,,,,,,,,,
4709,2026-04-23T08:26:33.461Z,S20260423_092137,N/A,AUTO,,295.5848,0.0558,N/A,0,1500,VIDE,0.0,0.0,0.0,0.0,0.0,0.0,0,0,0.0,0.0,,,,,,,,,,,,
4710,2026-04-23T08:26:33.524Z,S20260423_092137,N/A,AUTO,,295.6473,0.0626,N/A,0,1500,VIDE,0.0,0.0,0.0,0.0,0.0,0.0,0,0,0.0,0.0,,,,,,,,,,,,
4711,2026-04-23T08:26:33.585Z,S20260423_092137,N/A,AUTO,,295.7082,0.0609,N/A,0,1500,VIDE,0.0,0.0,0.0,0.0,0.0,0.0,0,0,0.0,0.0,,,,,,,,,,,,
4712,2026-04-23T08:26:33.655Z,S20260423_092137,N/A,AUTO,,295.7787,0.0705,N/A,0,1500,VIDE,0.0,0.0,0.0,0.0,0.0,0.0,0,0,0.0,0.0,,,,,,,,,,,,
4713,2026-04-23T08:26:33.717Z,S20260423_092137,N/A,AUTO,,295.8407,0.062,N/A,0,1500,VIDE,0.0,0.0,0.0,0.0,0.0,0.0,0,0,0.0,0.0,,,,,,,,,,,,
4714,2026-04-23T08:26:33.778Z,S20260423_092137,N/A,AUTO,,295.9012,0.0605,N/A,0,1500,VIDE,0.0,0.0,0.0,0.0,0.0,0.0,0,0,0.0,0.0,,,,,,,,,,,,
4715,2026-04-23T08:26:33.843Z,S20260423_092137,N/A,AUTO,,295.9671,0.0658,N/A,0,1500,VIDE,0.0,0.0,0.0,0.0,0.0,0.0,0,0,0.0,0.0,,,,,,,,,,,,
4716,2026-04-23T08:26:33.904Z,S20260423_092137,N/A,AUTO,,296.0279,0.0609,N/A,0,1500,VIDE,0.0,0.0,0.0,0.0,0.0,0.0,0,0,0.0,0.0,,,,,,,,,,,,
4717,2026-04-23T08:26:33.962Z,S20260423_092137,N/A,AUTO,,296.0852,0.0573,N/A,0,1500,VIDE,0.0,0.0,0.0,0.0,0.0,0.0,0,0,0.0,0.0,,,,,,,,,,,,
4718,2026-04-23T08:26:34.025Z,S20260423_092137,N/A,AUTO,,296.1482,0.0631,N/A,0,1500,VIDE,0.0,0.0,0.0,0.0,0.0,0.0,0,0,0.0,0.0,,,,,,,,,,,,
4719,2026-04-23T08:26:34.085Z,S20260423_092137,N/A,AUTO,,296.2088,0.0606,N/A,0,1500,VIDE,0.0,0.0,0.0,0.0,0.0,0.0,0,0,0.0,0.0,,,,,,,,,,,,
4720,2026-04-23T08:26:34.158Z,S20260423_092137,N/A,AUTO,,296.2816,0.0728,N/A,0,1500,VIDE,0.0,0.0,0.0,0.0,0.0,0.0,0,0,0.0,0.0,,,,,,,,,,,,
4721,2026-04-23T08:26:34.212Z,S20260423_092137,N/A,AUTO,,296.3352,0.0535,N/A,0,1500,VIDE,0.0,0.0,0.0,0.0,0.0,0.0,0,0,0.0,0.0,,,,,,,,,,,,
4722,2026-04-23T08:26:34.278Z,S20260423_092137,N/A,AUTO,,296.4016,0.0664,N/A,0,1500,VIDE,0.0,0.0,0.0,0.0,0.0,0.0,0,0,0.0,0.0,,,,,,,,,,,,
4723,2026-04-23T08:26:34.345Z,S20260423_092137,N/A,AUTO,,296.4691,0.0675,N/A,0,1500,VIDE,0.0,0.0,0.0,0.0,0.0,0.0,0,0,0.0,0.0,,,,,,,,,,,,
4724,2026-04-23T08:26:34.404Z,S20260423_092137,N/A,AUTO,,296.5279,0.0587,N/A,0,1500,VIDE,0.0,0.0,0.0,0.0,0.0,0.0,0,0,0.0,0.0,,,,,,,,,,,,
4725,2026-04-23T08:26:34.462Z,S20260423_092137,N/A,AUTO,,296.5852,0.0574,N/A,0,1500,VIDE,0.0,0.0,0.0,0.0,0.0,0.0,0,0,0.0,0.0,,,,,,,,,,,,
4726,2026-04-23T08:26:34.524Z,S20260423_092137,N/A,AUTO,,296.6476,0.0625,N/A,0,1500,VIDE,0.0,0.0,0.0,0.0,0.0,0.0,0,0,0.0,0.0,,,,,,,,,,,,
4727,2026-04-23T08:26:34.585Z,S20260423_092137,N/A,AUTO,,296.7083,0.0607,N/A,0,1500,VIDE,0.0,0.0,0.0,0.0,0.0,0.0,0,0,0.0,0.0,,,,,,,,,,,,
4728,2026-04-23T08:26:34.656Z,S20260423_092137,N/A,AUTO,,296.78,0.0717,N/A,0,1500,VIDE,0.0,0.0,0.0,0.0,0.0,0.0,0,0,0.0,0.0,,,,,,,,,,,,
4729,2026-04-23T08:26:34.710Z,S20260423_092137,N/A,AUTO,,296.8333,0.0533,N/A,0,1500,VIDE,0.0,0.0,0.0,0.0,0.0,0.0,0,0,0.0,0.0,,,,,,,,,,,,
4730,2026-04-23T08:26:34.779Z,S20260423_092137,N/A,AUTO,,296.9028,0.0693,N/A,0,1500,VIDE,0.0,0.0,0.0,0.0,0.0,0.0,0,0,0.0,0.0,,,,,,,,,,,,
4731,2026-04-23T08:26:34.843Z,S20260423_092137,N/A,AUTO,,296.9671,0.0643,N/A,0,1500,VIDE,0.0,0.0,0.0,0.0,0.0,0.0,0,0,0.0,0.0,,,,,,,,,,,,
4732,2026-04-23T08:26:34.905Z,S20260423_092137,N/A,AUTO,,297.0287,0.0617,N/A,0,1500,VIDE,0.0,0.0,0.0,0.0,0.0,0.0,0,0,0.0,0.0,,,,,,,,,,,,
4733,2026-04-23T08:26:34.961Z,S20260423_092137,N/A,AUTO,,297.0849,0.0562,N/A,0,1500,VIDE,0.0,0.0,0.0,0.0,0.0,0.0,0,0,0.0,0.0,,,,,,,,,,,,
4734,2026-04-23T08:26:35.025Z,S20260423_092137,N/A,AUTO,,297.1486,0.0637,N/A,0,1500,VIDE,0.0,0.0,0.0,0.0,0.0,0.0,0,0,0.0,0.0,,,,,,,,,,,,
4735,2026-04-23T08:26:35.084Z,S20260423_092137,N/A,AUTO,,297.2074,0.0588,N/A,0,1500,VIDE,0.0,0.0,0.0,0.0,0.0,0.0,0,0,0.0,0.0,,,,,,,,,,,,
4736,2026-04-23T08:26:35.156Z,S20260423_092137,N/A,AUTO,,297.2793,0.072,N/A,0,1500,VIDE,0.0,0.0,0.0,0.0,0.0,0.0,0,0,0.0,0.0,,,,,,,,,,,,
4737,2026-04-23T08:26:35.211Z,S20260423_092137,N/A,AUTO,,297.3344,0.055,N/A,0,1500,VIDE,0.0,0.0,0.0,0.0,0.0,0.0,0,0,0.0,0.0,,,,,,,,,,,,
4738,2026-04-23T08:26:35.279Z,S20260423_092137,N/A,AUTO,,297.4031,0.0685,N/A,0,1500,VIDE,0.0,0.0,0.0,0.0,0.0,0.0,0,0,0.0,0.0,,,,,,,,,,,,
4739,2026-04-23T08:26:35.342Z,S20260423_092137,N/A,AUTO,,297.4658,0.0628,N/A,0,1500,VIDE,0.0,0.0,0.0,0.0,0.0,0.0,0,0,0.0,0.0,,,,,,,,,,,,
4740,2026-04-23T08:26:35.403Z,S20260423_092137,N/A,AUTO,,297.5269,0.0612,N/A,0,1500,VIDE,0.0,0.0,0.0,0.0,0.0,0.0,0,0,0.0,0.0,,,,,,,,,,,,
4741,2026-04-23T08:26:35.461Z,S20260423_092137,N/A,AUTO,,297.5845,0.0576,N/A,0,1500,VIDE,0.0,0.0,0.0,0.0,0.0,0.0,0,0,0.0,0.0,,,,,,,,,,,,
4742,2026-04-23T08:26:35.525Z,S20260423_092137,N/A,AUTO,,297.6485,0.064,N/A,0,1500,VIDE,0.0,0.0,0.0,0.0,0.0,0.0,0,0,0.0,0.0,,,,,,,,,,,,
4743,2026-04-23T08:26:35.585Z,S20260423_092137,N/A,AUTO,,297.7082,0.0598,N/A,0,1500,VIDE,0.0,0.0,0.0,0.0,0.0,0.0,0,0,0.0,0.0,,,,,,,,,,,,
4744,2026-04-23T08:26:35.653Z,S20260423_092137,N/A,AUTO,,297.7763,0.0681,N/A,0,1500,VIDE,0.0,0.0,0.0,0.0,0.0,0.0,0,0,0.0,0.0,,,,,,,,,,,,
4745,2026-04-23T08:26:35.710Z,S20260423_092137,N/A,AUTO,,297.8335,0.0571,N/A,0,1500,VIDE,0.0,0.0,0.0,0.0,0.0,0.0,0,0,0.0,0.0,,,,,,,,,,,,
4746,2026-04-23T08:26:35.777Z,S20260423_092137,N/A,AUTO,,297.9011,0.0676,N/A,0,1500,VIDE,0.0,0.0,0.0,0.0,0.0,0.0,0,0,0.0,0.0,,,,,,,,,,,,
4747,2026-04-23T08:26:35.840Z,S20260423_092137,N/A,AUTO,,297.964,0.0629,N/A,0,1500,VIDE,0.0,0.0,0.0,0.0,0.0,0.0,0,0,0.0,0.0,,,,,,,,,,,,
4748,2026-04-23T08:26:35.901Z,S20260423_092137,N/A,AUTO,,298.0251,0.0611,N/A,0,1500,VIDE,0.0,0.0,0.0,0.0,0.0,0.0,0,0,0.0,0.0,,,,,,,,,,,,
4749,2026-04-23T08:26:40.383Z,S20260423_092137,N/A,AUTO,,302.5062,4.4812,N/A,0,1500,VIDE,0.0,0.0,0.0,0.0,0.0,0.0,0,0,0.0,0.0,,,,,,,,,,,,
4750,2026-04-23T08:26:40.404Z,S20260423_092137,N/A,AUTO,,302.5281,0.0218,N/A,0,1500,VIDE,0.0,0.0,0.0,0.0,0.0,0.0,0,0,0.0,0.0,,,,,,,,,,,,
4751,2026-04-23T08:26:40.459Z,S20260423_092137,N/A,AUTO,,302.583,0.055,N/A,0,1500,VIDE,0.0,0.0,0.0,0.0,0.0,0.0,0,0,0.0,0.0,,,,,,,,,,,,
4752,2026-04-23T08:26:40.523Z,S20260423_092137,N/A,AUTO,,302.6471,0.0641,N/A,0,1500,VIDE,0.0,0.0,0.0,0.0,0.0,0.0,0,0,0.0,0.0,,,,,,,,,,,,
4753,2026-04-23T08:26:40.584Z,S20260423_092137,N/A,AUTO,,302.7079,0.0608,N/A,0,1500,VIDE,0.0,0.0,0.0,0.0,0.0,0.0,0,0,0.0,0.0,,,,,,,,,,,,
4754,2026-04-23T08:26:40.647Z,S20260423_092137,N/A,AUTO,,302.7711,0.0632,N/A,0,1500,VIDE,0.0,0.0,0.0,0.0,0.0,0.0,0,0,0.0,0.0,,,,,,,,,,,,
4755,2026-04-23T08:26:40.719Z,S20260423_092137,N/A,AUTO,,302.8429,0.0718,N/A,0,1500,VIDE,0.0,0.0,0.0,0.0,0.0,0.0,0,0,0.0,0.0,,,,,,,,,,,,
4756,2026-04-23T08:26:40.777Z,S20260423_092137,N/A,AUTO,,302.9005,0.0576,N/A,0,1500,VIDE,0.0,0.0,0.0,0.0,0.0,0.0,0,0,0.0,0.0,,,,,,,,,,,,
4757,2026-04-23T08:26:40.843Z,S20260423_092137,N/A,AUTO,,302.9663,0.0658,N/A,0,1500,VIDE,0.0,0.0,0.0,0.0,0.0,0.0,0,0,0.0,0.0,,,,,,,,,,,,
4758,2026-04-23T08:26:40.905Z,S20260423_092137,N/A,AUTO,,303.0284,0.0622,N/A,0,1500,VIDE,0.0,0.0,0.0,0.0,0.0,0.0,0,0,0.0,0.0,,,,,,,,,,,,
4759,2026-04-23T08:26:40.961Z,S20260423_092137,N/A,AUTO,,303.0847,0.0562,N/A,0,1500,VIDE,0.0,0.0,0.0,0.0,0.0,0.0,0,0,0.0,0.0,,,,,,,,,,,,
4760,2026-04-23T08:26:41.024Z,S20260423_092137,N/A,AUTO,,303.148,0.0633,N/A,0,1500,VIDE,0.0,0.0,0.0,0.0,0.0,0.0,0,0,0.0,0.0,,,,,,,,,,,,
4761,2026-04-23T08:26:41.086Z,S20260423_092137,N/A,AUTO,,303.2098,0.0618,N/A,0,1500,VIDE,0.0,0.0,0.0,0.0,0.0,0.0,0,0,0.0,0.0,,,,,,,,,,,,
4762,2026-04-23T08:26:41.156Z,S20260423_092137,N/A,AUTO,,303.2796,0.0698,N/A,0,1500,VIDE,0.0,0.0,0.0,0.0,0.0,0.0,0,0,0.0,0.0,,,,,,,,,,,,
4763,2026-04-23T08:26:41.212Z,S20260423_092137,N/A,AUTO,,303.3359,0.0564,N/A,0,1500,VIDE,0.0,0.0,0.0,0.0,0.0,0.0,0,0,0.0,0.0,,,,,,,,,,,,
4764,2026-04-23T08:26:41.279Z,S20260423_092137,N/A,AUTO,,303.4027,0.0666,N/A,0,1500,VIDE,0.0,0.0,0.0,0.0,0.0,0.0,0,0,0.0,0.0,,,,,,,,,,,,
4765,2026-04-23T08:26:41.342Z,S20260423_092137,N/A,AUTO,,303.4659,0.0632,N/A,0,1500,VIDE,0.0,0.0,0.0,0.0,0.0,0.0,0,0,0.0,0.0,,,,,,,,,,,,
4766,2026-04-23T08:26:41.403Z,S20260423_092137,N/A,AUTO,,303.5269,0.061,N/A,0,1500,VIDE,0.0,0.0,0.0,0.0,0.0,0.0,0,0,0.0,0.0,,,,,,,,,,,,
4767,2026-04-23T08:26:41.466Z,S20260423_092137,N/A,AUTO,,303.5897,0.0627,N/A,0,1500,VIDE,0.0,0.0,0.0,0.0,0.0,0.0,0,0,0.0,0.0,,,,,,,,,,,,
4768,2026-04-23T08:26:41.524Z,S20260423_092137,N/A,AUTO,,303.6481,0.0586,N/A,0,1500,VIDE,0.0,0.0,0.0,0.0,0.0,0.0,0,0,0.0,0.0,,,,,,,,,,,,
4769,2026-04-23T08:26:41.585Z,S20260423_092137,N/A,AUTO,,303.7088,0.0607,N/A,0,1500,VIDE,0.0,0.0,0.0,0.0,0.0,0.0,0,0,0.0,0.0,,,,,,,,,,,,
4770,2026-04-23T08:26:41.653Z,S20260423_092137,N/A,AUTO,,303.7763,0.0675,N/A,0,1500,VIDE,0.0,0.0,0.0,0.0,0.0,0.0,0,0,0.0,0.0,,,,,,,,,,,,
4771,2026-04-23T08:26:41.714Z,S20260423_092137,N/A,AUTO,,303.8377,0.0614,N/A,0,1500,VIDE,0.0,0.0,0.0,0.0,0.0,0.0,0,0,0.0,0.0,,,,,,,,,,,,
4772,2026-04-23T08:26:41.775Z,S20260423_092137,N/A,AUTO,,303.8991,0.0613,N/A,0,1500,VIDE,0.0,0.0,0.0,0.0,0.0,0.0,0,0,0.0,0.0,,,,,,,,,,,,
4773,2026-04-23T08:26:41.839Z,S20260423_092137,N/A,AUTO,,303.9628,0.0637,N/A,0,1500,VIDE,0.0,0.0,0.0,0.0,0.0,0.0,0,0,0.0,0.0,,,,,,,,,,,,
4774,2026-04-23T08:26:41.902Z,S20260423_092137,N/A,AUTO,,304.0256,0.0628,N/A,0,1500,VIDE,0.0,0.0,0.0,0.0,0.0,0.0,0,0,0.0,0.0,,,,,,,,,,,,
4775,2026-04-23T08:26:41.962Z,S20260423_092137,N/A,AUTO,,304.0855,0.0599,N/A,0,1500,VIDE,0.0,0.0,0.0,0.0,0.0,0.0,0,0,0.0,0.0,,,,,,,,,,,,
4776,2026-04-23T08:26:42.023Z,S20260423_092137,N/A,AUTO,,304.1463,0.0609,N/A,0,1500,VIDE,0.0,0.0,0.0,0.0,0.0,0.0,0,0,0.0,0.0,,,,,,,,,,,,
4777,2026-04-23T08:26:42.087Z,S20260423_092137,N/A,AUTO,,304.2103,0.0639,N/A,0,1500,VIDE,0.0,0.0,0.0,0.0,0.0,0.0,0,0,0.0,0.0,,,,,,,,,,,,
4778,2026-04-23T08:26:42.148Z,S20260423_092137,N/A,AUTO,,304.2715,0.0611,N/A,0,1500,VIDE,0.0,0.0,0.0,0.0,0.0,0.0,0,0,0.0,0.0,,,,,,,,,,,,
4779,2026-04-23T08:26:42.211Z,S20260423_092137,N/A,AUTO,,304.335,0.0635,N/A,0,1500,VIDE,0.0,0.0,0.0,0.0,0.0,0.0,0,0,0.0,0.0,,,,,,,,,,,,
4780,2026-04-23T08:26:42.282Z,S20260423_092137,N/A,AUTO,,304.4056,0.0706,N/A,0,1500,VIDE,0.0,0.0,0.0,0.0,0.0,0.0,0,0,0.0,0.0,,,,,,,,,,,,
4781,2026-04-23T08:26:42.346Z,S20260423_092137,N/A,AUTO,,304.4694,0.0639,N/A,0,1500,VIDE,0.0,0.0,0.0,0.0,0.0,0.0,0,0,0.0,0.0,,,,,,,,,,,,
4782,2026-04-23T08:26:42.404Z,S20260423_092137,N/A,AUTO,,304.528,0.0586,N/A,0,1500,VIDE,0.0,0.0,0.0,0.0,0.0,0.0,0,0,0.0,0.0,,,,,,,,,,,,
4783,2026-04-23T08:26:42.460Z,S20260423_092137,N/A,AUTO,,304.5832,0.0551,N/A,0,1500,VIDE,0.0,0.0,0.0,0.0,0.0,0.0,0,0,0.0,0.0,,,,,,,,,,,,
4784,2026-04-23T08:26:42.524Z,S20260423_092137,N/A,AUTO,,304.6472,0.0641,N/A,0,1500,VIDE,0.0,0.0,0.0,0.0,0.0,0.0,0,0,0.0,0.0,,,,,,,,,,,,
4785,2026-04-23T08:26:42.585Z,S20260423_092137,N/A,AUTO,,304.7083,0.061,N/A,0,1500,VIDE,0.0,0.0,0.0,0.0,0.0,0.0,0,0,0.0,0.0,,,,,,,,,,,,
4786,2026-04-23T08:26:42.658Z,S20260423_092137,N/A,AUTO,,304.7819,0.0737,N/A,0,1500,VIDE,0.0,0.0,0.0,0.0,0.0,0.0,0,0,0.0,0.0,,,,,,,,,,,,
4787,2026-04-23T08:26:42.720Z,S20260423_092137,N/A,AUTO,,304.8436,0.0617,N/A,0,1500,VIDE,0.0,0.0,0.0,0.0,0.0,0.0,0,0,0.0,0.0,,,,,,,,,,,,
4788,2026-04-23T08:26:42.772Z,S20260423_092137,N/A,AUTO,,304.8956,0.052,N/A,0,1500,VIDE,0.0,0.0,0.0,0.0,0.0,0.0,0,0,0.0,0.0,,,,,,,,,,,,
4789,2026-04-23T08:26:42.845Z,S20260423_092137,N/A,AUTO,,304.9685,0.0728,N/A,0,1500,VIDE,0.0,0.0,0.0,0.0,0.0,0.0,0,0,0.0,0.0,,,,,,,,,,,,
4790,2026-04-23T08:26:42.904Z,S20260423_092137,N/A,AUTO,,305.0277,0.0592,N/A,0,1500,VIDE,0.0,0.0,0.0,0.0,0.0,0.0,0,0,0.0,0.0,,,,,,,,,,,,
4791,2026-04-23T08:26:53.786Z,S20260423_092137,N/A,AUTO,,315.9101,10.8824,N/A,0,1500,VIDE,0.0,0.0,0.0,0.0,0.0,0.0,0,0,0.0,0.0,,,,,,,,,,,,
4792,2026-04-23T08:26:53.837Z,S20260423_092137,N/A,AUTO,,315.9603,0.0501,N/A,0,1500,VIDE,0.0,0.0,0.0,0.0,0.0,0.0,0,0,0.0,0.0,,,,,,,,,,,,
4793,2026-04-23T08:26:53.904Z,S20260423_092137,N/A,AUTO,,316.0279,0.0676,N/A,0,1500,VIDE,0.0,0.0,0.0,0.0,0.0,0.0,0,0,0.0,0.0,,,,,,,,,,,,
4794,2026-04-23T08:26:54.525Z,S20260423_092137,N/A,AUTO,,316.6484,0.6206,N/A,0,1500,VIDE,0.0,0.0,0.0,0.0,-0.698132,0.0,1,0,30016.791,16.708,,,,,,,,,,,,
4795,2026-04-23T08:26:54.584Z,S20260423_092137,N/A,AUTO,,316.7081,0.0597,N/A,0,1500,VIDE,0.0,0.0,0.0,0.0,-0.698132,0.0,1,0,30052.834,19.045,,,,,,,,,,,,
4796,2026-04-23T08:26:54.650Z,S20260423_092137,N/A,AUTO,,316.7737,0.0657,N/A,0,1500,VIDE,0.0,0.0,0.0,0.0,-0.698132,0.0,1,0,30045.344,20.176,,,,,,,,,,,,
4797,2026-04-23T08:26:54.714Z,S20260423_092137,N/A,AUTO,,316.8372,0.0634,N/A,0,1500,VIDE,0.0,0.0,0.0,0.0,-0.698132,0.0,1,0,30044.002,18.668,,,,,,,,,,,,
4798,2026-04-23T08:26:54.777Z,S20260423_092137,N/A,AUTO,,316.9012,0.064,N/A,0,1500,VIDE,0.0,0.0,0.0,0.0,-0.698132,0.0,1,0,30044.002,18.668,,,,,,,,,,,,
4799,2026-04-23T08:26:54.843Z,S20260423_092137,N/A,AUTO,,316.9666,0.0653,N/A,0,1500,VIDE,0.0,0.0,0.0,0.0,-0.698132,-0.0,1,0,30118.977,18.91,,,,,,,,,,,,
4800,2026-04-23T08:26:54.901Z,S20260423_092137,N/A,AUTO,,317.0242,0.0577,N/A,0,1500,VIDE,0.0,0.0,0.0,0.0,-0.698132,0.0,1,0,30105.541,18.978,,,,,,,,,,,,
4801,2026-04-23T08:26:54.973Z,S20260423_092137,N/A,AUTO,,317.0967,0.0723,N/A,0,1500,VIDE,0.0,0.0,0.0,0.0,-0.698132,-0.0,1,0,30108.466,20.032,,,,,,,,,,,,
4802,2026-04-23T08:26:55.025Z,S20260423_092137,N/A,AUTO,,317.1491,0.0526,N/A,0,1500,VIDE,0.0,0.0,0.0,0.0,-0.698132,0.0,1,0,30113.9,19.353,,,,,,,,,,,,
4803,2026-04-23T08:26:55.084Z,S20260423_092137,N/A,AUTO,,317.2082,0.059,N/A,0,1500,VIDE,0.0,0.0,0.0,0.0,-0.698132,-0.0,1,0,30119.702,19.504,,,,,,,,,,,,
4804,2026-04-23T08:26:55.150Z,S20260423_092137,N/A,AUTO,,317.2738,0.0656,N/A,0,1500,VIDE,0.0,0.0,0.0,0.0,-0.698132,0.0,1,0,30127.995,19.772,,,,,,,,,,,,
4805,2026-04-23T08:26:55.210Z,S20260423_092137,N/A,AUTO,,317.3341,0.0602,N/A,0,1500,VIDE,0.0,0.0,0.0,0.0,-0.698132,0.0,1,0,30127.995,19.772,,,,,,,,,,,,
4806,2026-04-23T08:26:55.274Z,S20260423_092137,N/A,AUTO,,317.3973,0.0632,N/A,0,1500,VIDE,0.0,0.0,0.0,0.0,-0.698132,-0.0,1,0,30194.882,18.334,,,,,,,,,,,,
4807,2026-04-23T08:26:55.336Z,S20260423_092137,N/A,AUTO,,317.4594,0.0621,N/A,0,1500,VIDE,0.0,0.0,0.0,0.0,-0.698132,-0.0,1,0,30194.882,18.334,,,,,,,,,,,,
4808,2026-04-23T08:26:55.403Z,S20260423_092137,N/A,AUTO,,317.5264,0.0671,N/A,0,1500,VIDE,0.0,0.0,0.0,0.0,-0.698132,0.0,1,0,30225.951,19.533,,,,,,,,,,,,
4809,2026-04-23T08:26:55.462Z,S20260423_092137,N/A,AUTO,,317.5853,0.0589,N/A,0,1500,VIDE,0.0,0.0,0.0,0.0,-0.698132,-0.0,1,0,30263.275,19.129,,,,,,,,,,,,
4810,2026-04-23T08:26:55.524Z,S20260423_092137,N/A,AUTO,,317.6481,0.0628,N/A,0,1500,VIDE,0.0,0.0,0.0,0.0,-0.698132,0.0,1,0,30250.782,20.379,,,,,,,,,,,,
4811,2026-04-23T08:26:55.585Z,S20260423_092137,N/A,AUTO,0.0009,317.7085,0.0604,N/A,1,1500,VIDE,0.0,0.0,0.0,0.0,-0.698132,0.0,1,0,30207.622,18.066,,,,,,,,,,,,
4812,2026-04-23T08:26:55.653Z,S20260423_092137,N/A,AUTO,0.0693,317.777,0.0685,N/A,1,1500,VIDE,0.0,0.0,0.0,0.0,-0.698132,-0.0,1,0,30195.956,18.614,,,,,,,,,,,,
4813,2026-04-23T08:26:55.711Z,S20260423_092137,N/A,AUTO,0.1267,317.8343,0.0573,N/A,1,1500,VIDE,0.0,0.0,0.0,0.0,-0.698132,0.0,1,0,30195.009,18.55,,,,,,,,,,,,
4814,2026-04-23T08:26:55.779Z,S20260423_092137,N/A,AUTO,0.1951,317.9028,0.0683,N/A,1,1500,VIDE,0.0,0.0,0.0,0.0,-0.698132,-0.0,1,0,30173.344,19.118,,,,,,,,,,,,
4815,2026-04-23T08:26:55.841Z,S20260423_092137,N/A,AUTO,0.2576,317.9653,0.0625,N/A,1,1500,VIDE,0.0,0.0,0.0,0.0,-0.698132,0.0,1,0,30188.931,18.429,,,,,,,,,,,,
4816,2026-04-23T08:26:55.898Z,S20260423_092137,N/A,AUTO,0.3136,318.0213,0.0562,N/A,1,1500,VIDE,0.0,0.0,0.0,0.0,-0.698132,0.0,1,0,30188.931,18.429,,,,,,,,,,,,
4817,2026-04-23T08:26:55.988Z,S20260423_092137,N/A,AUTO,0.4038,318.1115,0.0901,N/A,1,1500,VIDE,0.0,0.0,0.0,0.0,-0.698132,-0.0,1,0,30314.39,18.813,,,,,,,,,,,,
4818,2026-04-23T08:26:56.025Z,S20260423_092137,N/A,AUTO,0.4414,318.1491,0.0376,N/A,1,1500,VIDE,0.0,0.0,0.0,0.0,-0.698132,-0.0,1,0,30319.886,18.621,,,,,,,,,,,,
4819,2026-04-23T08:26:56.084Z,S20260423_092137,N/A,AUTO,0.5006,318.2082,0.0591,N/A,1,1500,VIDE,0.0,0.0,0.0,0.0,-0.698132,0.0,1,0,30301.826,18.061,,,,,,,,,,,,
4820,2026-04-23T08:26:56.153Z,S20260423_092137,N/A,AUTO,0.5687,318.2763,0.068,N/A,1,1500,VIDE,0.0,0.0,0.0,0.0,-0.698132,-0.0,1,0,30317.518,19.39,,,,,,,,,,,,
4821,2026-04-23T08:26:56.215Z,S20260423_092137,N/A,AUTO,0.6307,318.3384,0.0622,N/A,1,1500,VIDE,0.0,0.0,0.0,0.0,-0.698132,0.0,1,0,30348.335,18.623,,,,,,,,,,,,
4822,2026-04-23T08:26:56.279Z,S20260423_092137,N/A,AUTO,0.6947,318.4024,0.0639,N/A,1,1500,VIDE,0.0,0.0,0.0,0.0,-0.698132,0.0,1,0,30348.335,18.623,,,,,,,,,,,,
4823,2026-04-23T08:26:56.339Z,S20260423_092137,N/A,AUTO,0.7555,318.4632,0.0609,N/A,1,1500,VIDE,0.0,0.0,0.0,0.0,-0.698132,-0.0,1,0,30376.588,21.21,,,,,,,,,,,,
4824,2026-04-23T08:26:56.399Z,S20260423_092137,N/A,AUTO,0.815,318.5226,0.0595,N/A,1,1500,VIDE,0.0,0.0,0.0,0.0,-0.698132,0.0,1,0,30379.667,21.485,,,,,,,,,,,,
4825,2026-04-23T08:26:56.462Z,S20260423_092137,N/A,AUTO,0.8784,318.586,0.0633,N/A,1,1500,VIDE,0.0,0.0,0.0,0.0,-0.698132,-0.0,1,0,30394.757,19.128,,,,,,,,,,,,
4826,2026-04-23T08:26:56.525Z,S20260423_092137,N/A,AUTO,0.9406,318.6482,0.0623,N/A,1,1500,VIDE,0.0,0.0,0.0,0.0,-0.698132,-0.0,1,0,30375.614,18.706,,,,,,,,,,,,
4827,2026-04-23T08:26:56.584Z,S20260423_092137,N/A,AUTO,1.0004,318.7081,0.0598,N/A,1,1500,VIDE,0.0,0.0,0.0,0.0,-0.698132,0.0,1,0,30350.95,18.732,,,,,,,,,,,,
4828,2026-04-23T08:26:56.649Z,S20260423_092137,N/A,AUTO,1.065,318.7726,0.0645,N/A,1,1500,VIDE,0.0,0.0,0.0,0.0,-0.698132,0.0,1,0,30304.921,20.186,,,,,,,,,,,,
4829,2026-04-23T08:26:56.713Z,S20260423_092137,N/A,AUTO,1.1291,318.8368,0.0642,N/A,1,1500,VIDE,0.0,0.0,0.0,0.0,-0.698132,0.0,1,0,30258.632,20.354,,,,,,,,,,,,
4830,2026-04-23T08:26:56.777Z,S20260423_092137,N/A,AUTO,1.1931,318.9008,0.0638,N/A,1,1500,VIDE,0.0,0.0,0.0,0.0,-0.698132,-0.0,1,0,30242.838,19.926,,,,,,,,,,,,
4831,2026-04-23T08:26:56.839Z,S20260423_092137,N/A,AUTO,1.2546,318.9623,0.0617,N/A,1,1500,VIDE,0.0,0.0,0.0,0.0,-0.698132,0.0,1,0,30243.761,18.815,,,,,,,,,,,,
4832,2026-04-23T08:26:56.900Z,S20260423_092137,N/A,AUTO,1.3163,319.024,0.0617,N/A,1,1500,VIDE,0.0,0.0,0.0,0.0,-0.698132,-0.0,1,0,30240.316,18.783,,,,,,,,,,,,
4833,2026-04-23T08:26:56.970Z,S20260423_092137,N/A,AUTO,1.3862,319.0938,0.0697,N/A,1,1500,VIDE,0.0,0.0,0.0,0.0,-0.698132,0.0,1,0,30251.484,19.021,,,,,,,,,,,,
4834,2026-04-23T08:26:57.025Z,S20260423_092137,N/A,AUTO,1.4408,319.1485,0.0547,N/A,1,1500,VIDE,0.0,0.0,0.0,0.0,-0.698132,-0.0,1,0,30250.314,19.138,,,,,,,,,,,,
4835,2026-04-23T08:26:57.085Z,S20260423_092137,N/A,AUTO,1.5013,319.2089,0.0604,N/A,1,1500,VIDE,0.0,0.0,0.0,0.0,-0.698132,0.0,1,0,30251.834,20.176,,,,,,,,,,,,
4836,2026-04-23T08:26:57.148Z,S20260423_092137,N/A,AUTO,1.5645,319.2721,0.0633,N/A,1,1500,VIDE,0.0,0.0,0.0,0.0,-0.698132,-0.0,1,0,30257.185,15.627,,,,,,,,,,,,
4837,2026-04-23T08:26:57.209Z,S20260423_092137,N/A,AUTO,1.625,319.3327,0.0606,N/A,1,1500,VIDE,0.0,0.0,0.0,0.0,-0.698132,0.0,1,0,30260.82,18.332,,,,,,,,,,,,
4838,2026-04-23T08:26:57.273Z,S20260423_092137,N/A,AUTO,1.6885,319.3962,0.0636,N/A,1,1500,VIDE,0.0,0.0,0.0,0.0,-0.698132,-0.0,1,0,30268.724,15.992,,,,,,,,,,,,
4839,2026-04-23T08:26:57.336Z,S20260423_092137,N/A,AUTO,1.7516,319.4593,0.0631,N/A,1,1500,VIDE,0.0,0.0,0.0,0.0,-0.698132,0.0,1,0,30269.588,19.953,,,,,,,,,,,,
4840,2026-04-23T08:26:57.398Z,S20260423_092137,N/A,AUTO,1.8137,319.5213,0.062,N/A,1,1500,VIDE,0.0,0.0,0.0,0.0,-0.698132,-0.0,1,0,30270.017,19.607,,,,,,,,,,,,
4841,2026-04-23T08:26:57.461Z,S20260423_092137,N/A,AUTO,1.8767,319.5843,0.063,N/A,1,1500,VIDE,0.0,0.0,0.0,0.0,-0.698132,0.0,1,0,30274.642,20.056,,,,,,,,,,,,
4842,2026-04-23T08:26:57.522Z,S20260423_092137,N/A,AUTO,1.9381,319.6457,0.0614,N/A,1,1500,VIDE,0.0,0.0,0.0,0.0,-0.698132,-0.0,1,0,30269.863,19.037,,,,,,,,,,,,
4843,2026-04-23T08:26:57.584Z,S20260423_092137,N/A,AUTO,1.9996,319.7073,0.0615,N/A,1,1500,VIDE,0.0,0.0,0.0,0.0,-0.698132,-0.0,1,0,30220.809,20.335,,,,,,,,,,,,
4844,2026-04-23T08:26:57.647Z,S20260423_092137,N/A,AUTO,2.0634,319.771,0.0638,N/A,1,1500,VIDE,0.0,0.0,0.0,0.0,-0.698132,-0.0,1,0,30168.383,21.661,,,,,,,,,,,,
4845,2026-04-23T08:26:57.709Z,S20260423_092137,N/A,AUTO,2.1253,319.8329,0.0618,N/A,1,1500,VIDE,0.0,0.0,0.0,0.0,-0.698132,-0.0,1,0,30120.383,19.888,,,,,,,,,,,,
4846,2026-04-23T08:26:57.777Z,S20260423_092137,N/A,AUTO,2.1933,319.901,0.0681,N/A,1,1500,VIDE,0.0,0.0,0.0,0.0,-0.698132,0.0,1,0,30113.82,18.661,,,,,,,,,,,,
4847,2026-04-23T08:26:57.842Z,S20260423_092137,N/A,AUTO,2.2581,319.9658,0.0648,N/A,1,1500,VIDE,0.0,0.0,0.0,0.0,-0.698132,-0.0,1,0,30119.357,19.574,,,,,,,,,,,,
4848,2026-04-23T08:26:57.898Z,S20260423_092137,N/A,AUTO,2.3138,320.0214,0.0556,N/A,1,1500,VIDE,0.0,0.0,0.0,0.0,-0.698132,0.0,1,0,30120.587,17.679,,,,,,,,,,,,
4849,2026-04-23T08:26:57.960Z,S20260423_092137,N/A,AUTO,2.3764,320.084,0.0626,N/A,1,1500,VIDE,0.0,0.0,0.0,0.0,-0.698132,-0.0,1,0,30119.815,18.959,,,,,,,,,,,,
4850,2026-04-23T08:26:58.025Z,S20260423_092137,N/A,AUTO,2.4414,320.149,0.065,N/A,1,1500,VIDE,0.0,0.0,0.0,0.0,-0.698132,0.0,1,0,30115.696,19.637,,,,,,,,,,,,
4851,2026-04-23T08:26:58.086Z,S20260423_092137,N/A,AUTO,2.5016,320.2093,0.0602,N/A,1,1500,VIDE,0.0,0.0,0.0,0.0,-0.698132,-0.0,1,0,30118.777,19.15,,,,,,,,,,,,
4852,2026-04-23T08:26:58.154Z,S20260423_092137,N/A,AUTO,2.5701,320.2778,0.0685,N/A,1,1500,VIDE,0.0,0.0,0.0,0.0,-0.698132,0.0,1,0,30116.166,18.763,,,,,,,,,,,,
4853,2026-04-23T08:26:58.214Z,S20260423_092137,N/A,AUTO,2.6302,320.3378,0.0601,N/A,1,1500,VIDE,0.0,0.0,0.0,0.0,-0.698132,-0.0,1,0,30113.386,18.965,,,,,,,,,,,,
4854,2026-04-23T08:26:58.280Z,S20260423_092137,N/A,AUTO,2.6962,320.4039,0.0659,N/A,1,1500,VIDE,0.0,0.0,0.0,0.0,-0.698132,0.0,1,0,30114.298,19.988,,,,,,,,,,,,
4855,2026-04-23T08:26:58.342Z,S20260423_092137,N/A,AUTO,2.7585,320.4662,0.0624,N/A,1,1500,VIDE,0.0,0.0,0.0,0.0,-0.698132,-0.0,1,0,4543.058,25590.3,,,,,,,,,,,,
4856,2026-04-23T08:26:58.405Z,S20260423_092137,N/A,AUTO,2.8215,320.5292,0.0631,N/A,1,1500,VIDE,0.0,0.0,0.0,0.000407,-0.698132,-0.0,2,0,3831.152,19.528,,,,,,,,,,,,
4857,2026-04-23T08:26:58.462Z,S20260423_092137,N/A,AUTO,2.8783,320.586,0.0568,N/A,1,1500,VIDE,0.0,0.0,0.0,0.002366,-0.698132,0.0,2,0,3829.451,18.869,,,,,,,,,,,,
4858,2026-04-23T08:26:58.522Z,S20260423_092137,N/A,AUTO,2.9376,320.6453,0.0594,N/A,1,1500,VIDE,0.0,0.0,0.0,0.005618,-0.698132,-0.0,2,0,3809.943,19.31,,,,,,,,,,,,
4859,2026-04-23T08:26:58.584Z,S20260423_092137,N/A,AUTO,2.9999,320.7076,0.0623,N/A,1,1500,VIDE,0.0,0.0,0.0,0.014876,-0.698132,-0.0,2,0,3703.935,18.289,,,,,,,,,,,,
4860,2026-04-23T08:26:58.649Z,S20260423_092137,N/A,AUTO,3.0651,320.7728,0.0652,N/A,1,1500,VIDE,0.0,0.0,0.0,0.02663,-0.698132,-0.0,2,0,3654.508,9.282,,,,,,,,,,,,
4861,2026-04-23T08:26:58.711Z,S20260423_092137,N/A,AUTO,3.1265,320.8342,0.0614,N/A,1,1500,VIDE,0.0,0.0,0.0,0.040271,-0.698132,0.0,2,0,3598.096,19.761,,,,,,,,,,,,
4862,2026-04-23T08:26:58.776Z,S20260423_092137,N/A,AUTO,3.1921,320.8997,0.0655,N/A,1,1500,VIDE,0.0,0.0,0.0,0.04775,-0.698132,-0.0,2,0,3570.394,18.305,,,,,,,,,,,,
4863,2026-04-23T08:26:58.842Z,S20260423_092137,N/A,AUTO,3.258,320.9657,0.066,N/A,1,1500,VIDE,0.0,0.0,0.0,0.055655,-0.698132,0.0,2,0,3511.97,20.44,,,,,,,,,,,,
4864,2026-04-23T08:26:58.905Z,S20260423_092137,N/A,AUTO,3.3215,321.0292,0.0635,N/A,1,1500,VIDE,0.0,0.0,0.0,0.063972,-0.698132,-0.0,2,0,3471.163,26.604,,,,,,,,,,,,
4865,2026-04-23T08:26:58.964Z,S20260423_092137,N/A,AUTO,3.3801,321.0878,0.0586,N/A,1,1500,VIDE,0.0,0.0,0.0,0.072683,-0.698132,0.0,2,0,3445.751,19.639,,,,,,,,,,,,
4866,2026-04-23T08:26:59.025Z,S20260423_092137,N/A,AUTO,3.441,321.1486,0.0607,N/A,1,1500,VIDE,0.0,0.0,0.0,0.081762,-0.698132,-0.0,2,0,3436.736,19.221,,,,,,,,,,,,
4867,2026-04-23T08:26:59.085Z,S20260423_092137,N/A,AUTO,3.5006,321.2083,0.0597,N/A,1,1500,VIDE,0.0,0.0,0.0,0.091178,-0.698132,0.0,2,0,3440.569,18.325,,,,,,,,,,,,
4868,2026-04-23T08:26:59.156Z,S20260423_092137,N/A,AUTO,3.5724,321.28,0.0718,N/A,1,1500,VIDE,0.0,0.0,0.0,0.100903,-0.698132,-0.0,2,0,3436.021,19.375,,,,,,,,,,,,
4869,2026-04-23T08:26:59.209Z,S20260423_092137,N/A,AUTO,3.6255,321.3331,0.053,N/A,1,1500,VIDE,0.0,0.0,0.0,0.113148,-0.698132,-0.0,2,0,3420.109,0.43,,,,,,,,,,,,
4870,2026-04-23T08:26:59.273Z,S20260423_092137,N/A,AUTO,3.689,321.3967,0.0636,N/A,1,1500,VIDE,0.0,0.0,0.0,0.124281,-0.698132,0.0,2,0,3428.75,0.715,,,,,,,,,,,,
4871,2026-04-23T08:26:59.338Z,S20260423_092137,N/A,AUTO,3.7544,321.462,0.0651,N/A,1,1500,VIDE,0.0,0.0,0.0,0.131632,-0.698132,-0.0,2,0,3453.195,0.804,,,,,,,,,,,,
4872,2026-04-23T08:26:59.403Z,S20260423_092137,N/A,AUTO,3.8192,321.5268,0.065,N/A,1,1500,VIDE,0.0,0.0,0.0,0.142305,-0.698132,-0.0,2,0,3448.728,20.183,,,,,,,,,,,,
4873,2026-04-23T08:26:59.461Z,S20260423_092137,N/A,AUTO,3.8772,321.5848,0.058,N/A,1,1500,VIDE,0.0,0.0,0.0,0.153153,-0.698132,-0.0,2,0,3416.151,18.041,,,,,,,,,,,,
4874,2026-04-23T08:26:59.525Z,S20260423_092137,N/A,AUTO,3.9406,321.6483,0.0634,N/A,1,1500,VIDE,0.0,0.0,0.0,0.175299,-0.698132,0.0,2,0,3379.971,19.09,,,,,,,,,,,,
4875,2026-04-23T08:26:59.585Z,S20260423_092137,N/A,AUTO,4.0007,321.7084,0.0601,N/A,1,1500,VIDE,0.0,0.0,0.0,0.186563,-0.698132,-0.0,2,0,3316.686,20.532,,,,,,,,,,,,
4876,2026-04-23T08:26:59.652Z,S20260423_092137,N/A,AUTO,4.0684,321.7761,0.0677,N/A,1,1500,VIDE,0.0,0.0,0.0,0.209406,-0.698132,-0.0,2,0,3246.072,19.787,,,,,,,,,,,,
4877,2026-04-23T08:26:59.715Z,S20260423_092137,N/A,AUTO,4.1313,321.839,0.0629,N/A,1,1500,VIDE,0.0,0.0,0.0,0.23259,-0.698132,-0.0,2,0,3180.141,19.589,,,,,,,,,,,,
4878,2026-04-23T08:26:59.778Z,S20260423_092137,N/A,AUTO,4.1944,321.9021,0.063,N/A,1,1500,VIDE,0.0,0.0,0.0,0.244287,-0.698132,-0.0,2,0,3163.615,19.411,,,,,,,,,,,,
4879,2026-04-23T08:26:59.839Z,S20260423_092137,N/A,AUTO,4.2548,321.9624,0.0603,N/A,1,1500,VIDE,0.0,0.0,0.0,0.256043,-0.698132,-0.0,2,0,3177.256,18.392,,,,,,,,,,,,
4880,2026-04-23T08:26:59.898Z,S20260423_092137,N/A,AUTO,4.3135,322.0212,0.0589,N/A,1,1500,VIDE,0.0,0.0,0.0,0.26785,-0.698132,-0.0,2,0,3174.738,18.026,,,,,,,,,,,,
4881,2026-04-23T08:26:59.961Z,S20260423_092137,N/A,AUTO,4.3773,322.0849,0.0638,N/A,1,1500,VIDE,0.0,0.0,0.0,0.279705,-0.698132,-0.0,2,0,3179.983,18.657,,,,,,,,,,,,
4882,2026-04-23T08:27:00.025Z,S20260423_092137,N/A,AUTO,4.4408,322.1485,0.0634,N/A,1,1500,VIDE,0.0,0.0,0.0,0.2916,-0.698132,0.0,2,0,3178.557,19.697,,,,,,,,,,,,
4883,2026-04-23T08:27:00.085Z,S20260423_092137,N/A,AUTO,4.501,322.2087,0.0602,N/A,1,1500,VIDE,0.0,0.0,0.0,0.303532,-0.698132,-0.0,2,0,3197.342,19.234,,,,,,,,,,,,
4884,2026-04-23T08:27:00.151Z,S20260423_092137,N/A,AUTO,4.5668,322.2744,0.0658,N/A,1,1500,VIDE,0.0,0.0,0.0,0.315495,-0.698132,-0.0,2,0,3190.656,18.534,,,,,,,,,,,,
4885,2026-04-23T08:27:00.212Z,S20260423_092137,N/A,AUTO,4.6276,322.3353,0.0609,N/A,1,1500,VIDE,0.0,0.0,0.0,0.327487,-0.698132,-0.0,2,0,3194.36,19.303,,,,,,,,,,,,
4886,2026-04-23T08:27:00.275Z,S20260423_092137,N/A,AUTO,4.6916,322.3992,0.0638,N/A,1,1500,VIDE,0.0,0.0,0.0,0.339504,-0.698132,0.0,2,0,3208.316,17.899,,,,,,,,,,,,
4887,2026-04-23T08:27:00.336Z,S20260423_092137,N/A,AUTO,4.7525,322.4601,0.061,N/A,1,1500,VIDE,0.0,0.0,0.0,0.347528,-0.698132,-0.0,2,0,3231.458,15.07,,,,,,,,,,,,
4888,2026-04-23T08:27:00.400Z,S20260423_092137,N/A,AUTO,4.8164,322.524,0.0639,N/A,1,1500,VIDE,0.0,0.0,0.0,0.363603,-0.698132,-0.0,2,0,3210.84,17.944,,,,,,,,,,,,
4889,2026-04-23T08:27:00.462Z,S20260423_092137,N/A,AUTO,4.8779,322.5856,0.0614,N/A,1,1500,VIDE,0.0,0.0,0.0,0.37568,-0.698132,-0.0,2,0,3212.228,19.189,,,,,,,,,,,,
4890,2026-04-23T08:27:00.522Z,S20260423_092137,N/A,AUTO,4.9379,322.6455,0.0599,N/A,1,1500,VIDE,0.0,0.0,0.0,0.387771,-0.698132,0.0,2,0,3195.9,19.236,,,,,,,,,,,,
4891,2026-04-23T08:27:00.584Z,S20260423_092137,N/A,AUTO,4.9997,322.7074,0.0619,N/A,1,1500,VIDE,0.0,0.0,0.0,0.411995,-0.698132,-0.0,2,0,3151.308,17.563,,,,,,,,,,,,
4892,2026-04-23T08:27:00.648Z,S20260423_092137,N/A,AUTO,5.0637,322.7713,0.064,N/A,1,1500,VIDE,0.0,0.0,0.0,0.43626,-0.698132,-0.0,2,0,3103.289,15.332,,,,,,,,,,,,
4893,2026-04-23T08:27:00.710Z,S20260423_092137,N/A,AUTO,5.1265,322.8341,0.0628,N/A,1,1500,VIDE,0.0,0.0,0.0,0.448406,-0.698132,0.0,2,0,3100.592,20.013,,,,,,,,,,,,
4894,2026-04-23T08:27:00.773Z,S20260423_092137,N/A,AUTO,5.1893,322.897,0.0628,N/A,1,1500,VIDE,0.0,0.0,0.0,0.460559,-0.698132,-0.0,2,0,3070.48,19.624,,,,,,,,,,,,
4895,2026-04-23T08:27:00.835Z,S20260423_092137,N/A,AUTO,5.2512,322.9588,0.0619,N/A,1,1500,VIDE,0.0,0.0,0.0,0.472719,-0.698132,-0.0,2,0,3094.611,19.617,,,,,,,,,,,,
4896,2026-04-23T08:27:00.897Z,S20260423_092137,N/A,AUTO,5.3133,323.0209,0.0622,N/A,1,1500,VIDE,0.0,0.0,0.0,0.484884,-0.698132,0.0,2,0,3101.671,19.413,,,,,,,,,,,,
4897,2026-04-23T08:27:00.962Z,S20260423_092137,N/A,AUTO,5.378,323.0857,0.0646,N/A,1,1500,VIDE,0.0,0.0,0.0,0.497055,-0.698132,-0.0,2,0,3096.985,23.226,,,,,,,,,,,,
4898,2026-04-23T08:27:01.023Z,S20260423_092137,N/A,AUTO,5.439,323.1466,0.0609,N/A,1,1500,VIDE,0.0,0.0,0.0,0.509229,-0.698132,0.0,2,0,3109.403,16.988,,,,,,,,,,,,
4899,2026-04-23T08:27:01.084Z,S20260423_092137,N/A,AUTO,5.5004,323.208,0.0614,N/A,1,1500,VIDE,0.0,0.0,0.0,0.521408,-0.698132,-0.0,2,0,3115.81,22.353,,,,,,,,,,,,
4900,2026-04-23T08:27:01.147Z,S20260423_092137,N/A,AUTO,5.5633,323.2709,0.0629,N/A,1,1500,VIDE,0.0,0.0,0.0,0.525468,-0.698132,-0.0,2,0,3156.992,41.182,,,,,,,,,,,,
4901,2026-04-23T08:27:01.210Z,S20260423_092137,N/A,AUTO,5.626,323.3336,0.0626,N/A,1,1500,VIDE,0.0,0.0,0.0,0.53359,-0.698132,0.0,2,0,3123.237,20.393,,,,,,,,,,,,
4902,2026-04-23T08:27:01.273Z,S20260423_092137,N/A,AUTO,5.6889,323.3966,0.0631,N/A,1,1500,VIDE,0.0,0.0,0.0,0.545775,-0.698132,0.0,2,0,3131.454,19.934,,,,,,,,,,,,
4903,2026-04-23T08:27:01.337Z,S20260423_092137,N/A,AUTO,5.7529,323.4606,0.064,N/A,1,1500,VIDE,0.0,0.0,0.0,0.557962,-0.698132,-0.0,2,0,3137.291,18.959,,,,,,,,,,,,
4904,2026-04-23T08:27:01.398Z,S20260423_092137,N/A,AUTO,5.814,323.5216,0.0611,N/A,1,1500,VIDE,0.0,0.0,0.0,0.570152,-0.698132,0.0,2,0,3154.043,18.317,,,,,,,,,,,,
4905,2026-04-23T08:27:01.460Z,S20260423_092137,N/A,AUTO,5.8765,323.5841,0.0624,N/A,1,1500,VIDE,0.0,0.0,0.0,0.582344,-0.698132,-0.0,2,0,3170.606,19.091,,,,,,,,,,,,
4906,2026-04-23T08:27:01.525Z,S20260423_092137,N/A,AUTO,5.9408,323.6484,0.0644,N/A,1,1500,VIDE,0.0,0.0,0.0,0.594538,-0.698132,0.0,2,0,3169.945,19.473,,,,,,,,,,,,
4907,2026-04-23T08:27:01.584Z,S20260423_092137,N/A,AUTO,6.0002,323.7079,0.0595,N/A,1,1500,VIDE,0.0,0.0,0.0,0.61893,-0.698132,0.0,2,0,3126.492,18.526,,,,,,,,,,,,
4908,2026-04-23T08:27:01.648Z,S20260423_092137,N/A,AUTO,6.0635,323.7712,0.0633,N/A,1,1500,VIDE,0.0,0.0,0.0,0.643326,-0.698132,0.0,2,0,3078.267,20.088,,,,,,,,,,,,
4909,2026-04-23T08:27:01.710Z,S20260423_092137,N/A,AUTO,6.126,323.8337,0.0624,N/A,1,1500,VIDE,0.0,0.0,0.0,0.655525,-0.698132,-0.0,2,0,3062.923,16.424,,,,,,,,,,,,
4910,2026-04-23T08:27:01.773Z,S20260423_092137,N/A,AUTO,6.1886,323.8963,0.0626,N/A,1,1500,VIDE,0.0,0.0,0.0,0.667725,-0.698132,0.0,2,0,3035.611,19.978,,,,,,,,,,,,
4911,2026-04-23T08:27:01.835Z,S20260423_092137,N/A,AUTO,6.2515,323.9592,0.0627,N/A,1,1500,VIDE,0.0,0.0,0.0,0.679926,-0.698132,-0.0,2,0,3032.976,17.586,,,,,,,,,,,,
4912,2026-04-23T08:27:01.898Z,S20260423_092137,N/A,AUTO,6.3141,324.0217,0.0626,N/A,1,1500,VIDE,0.0,0.0,0.0,0.692127,-0.698132,-0.0,2,0,3038.24,18.615,,,,,,,,,,,,
4913,2026-04-23T08:27:01.981Z,S20260423_092137,N/A,AUTO,6.397,324.1046,0.0831,N/A,1,1500,VIDE,0.0,0.0,0.0,0.716531,-0.698132,-0.0,2,0,3046.764,18.985,,,,,,,,,,,,
4914,2026-04-23T08:27:02.026Z,S20260423_092137,N/A,AUTO,6.4416,324.1493,0.0446,N/A,1,1500,VIDE,0.0,0.0,0.0,0.716531,-0.698132,-0.0,2,0,3046.764,18.985,,,,,,,,,,,,
4915,2026-04-23T08:27:02.085Z,S20260423_092137,N/A,AUTO,6.5014,324.209,0.0596,N/A,1,1500,VIDE,0.0,0.0,0.0,0.728733,-0.698132,0.0,2,0,3049.657,18.513,,,,,,,,,,,,
4916,2026-04-23T08:27:02.147Z,S20260423_092137,N/A,AUTO,6.5634,324.2711,0.0621,N/A,1,1500,VIDE,0.0,0.0,0.0,0.740936,-0.698132,-0.0,2,0,3059.0,19.341,,,,,,,,,,,,
4917,2026-04-23T08:27:02.210Z,S20260423_092137,N/A,AUTO,6.6263,324.3339,0.0628,N/A,1,1500,VIDE,0.0,0.0,0.0,0.753138,-0.698132,0.0,2,0,3060.275,19.544,,,,,,,,,,,,
4918,2026-04-23T08:27:02.274Z,S20260423_092137,N/A,AUTO,6.6897,324.3974,0.0635,N/A,1,1500,VIDE,0.0,0.0,0.0,0.765341,-0.698132,-0.0,2,0,3071.009,20.95,,,,,,,,,,,,
4919,2026-04-23T08:27:02.336Z,S20260423_092137,N/A,AUTO,6.7522,324.4599,0.0625,N/A,1,1500,VIDE,0.0,0.0,0.0,0.777544,-0.698132,0.0,2,0,3069.887,18.399,,,,,,,,,,,,
4920,2026-04-23T08:27:02.398Z,S20260423_092137,N/A,AUTO,6.814,324.5217,0.0618,N/A,1,1500,VIDE,0.0,0.0,0.0,0.789747,-0.698132,0.0,2,0,3075.032,19.211,,,,,,,,,,,,
4921,2026-04-23T08:27:02.462Z,S20260423_092137,N/A,AUTO,6.878,324.5856,0.064,N/A,1,1500,VIDE,0.0,0.0,0.0,0.801949,-0.698132,-0.0,2,0,3077.406,22.089,,,,,,,,,,,,
4922,2026-04-23T08:27:02.524Z,S20260423_092137,N/A,AUTO,6.9397,324.6473,0.0617,N/A,1,1500,VIDE,0.0,0.0,0.0,0.826355,-0.698132,-0.0,2,0,3048.68,23.553,,,,,,,,,,,,
4923,2026-04-23T08:27:02.585Z,S20260423_092137,N/A,AUTO,7.0007,324.7083,0.061,N/A,1,1500,VIDE,0.0,0.0,0.0,0.838557,-0.698132,-0.0,2,0,3030.727,20.001,,,,,,,,,,,,
4924,2026-04-23T08:27:02.650Z,S20260423_092137,N/A,AUTO,7.0659,324.7736,0.0651,N/A,1,1500,VIDE,0.0,0.0,0.0,0.862962,-0.698132,-0.0,2,0,2985.072,19.791,,,,,,,,,,,,
4925,2026-04-23T08:27:02.709Z,S20260423_092137,N/A,AUTO,7.1247,324.8324,0.059,N/A,1,1500,VIDE,0.0,0.0,0.0,0.887366,-0.698132,0.0,2,0,2937.085,19.439,,,,,,,,,,,,
4926,2026-04-23T08:27:02.773Z,S20260423_092137,N/A,AUTO,7.1888,324.8965,0.064,N/A,1,1500,VIDE,0.0,0.0,0.0,0.899567,-0.698132,-0.0,2,0,2926.714,19.1,,,,,,,,,,,,
4927,2026-04-23T08:27:02.842Z,S20260423_092137,N/A,AUTO,7.2583,324.9659,0.0694,N/A,1,1500,VIDE,0.0,0.0,0.0,0.911769,-0.698132,0.0,2,0,2939.421,18.686,,,,,,,,,,,,
4928,2026-04-23T08:27:02.905Z,S20260423_092137,N/A,AUTO,7.3209,325.0286,0.0628,N/A,1,1500,VIDE,0.0,0.0,0.0,0.92397,-0.698132,-0.0,2,0,2929.682,19.309,,,,,,,,,,,,
4929,2026-04-23T08:27:02.963Z,S20260423_092137,N/A,AUTO,7.379,325.0866,0.058,N/A,1,1500,VIDE,0.0,0.0,0.0,0.936171,-0.698132,0.0,2,0,2935.496,19.19,,,,,,,,,,,,
4930,2026-04-23T08:27:03.025Z,S20260423_092137,N/A,AUTO,7.4411,325.1487,0.0621,N/A,1,1500,VIDE,0.0,0.0,0.0,0.948372,-0.698132,-0.0,2,0,2941.658,19.455,,,,,,,,,,,,
4931,2026-04-23T08:27:03.084Z,S20260423_092137,N/A,AUTO,7.4999,325.2075,0.0588,N/A,1,1500,VIDE,0.0,0.0,0.0,0.960573,-0.698132,-0.0,2,0,2941.996,19.289,,,,,,,,,,,,
4932,2026-04-23T08:27:03.162Z,S20260423_092137,N/A,AUTO,7.5777,325.2854,0.0778,N/A,1,1500,VIDE,0.0,0.0,0.0,0.972773,-0.698132,0.0,2,0,2947.278,18.426,,,,,,,,,,,,
4933,2026-04-23T08:27:03.209Z,S20260423_092137,N/A,AUTO,7.6254,325.3331,0.0476,N/A,1,1500,VIDE,0.0,0.0,0.0,0.984973,-0.698132,-0.0,2,0,2948.043,19.819,,,,,,,,,,,,
4934,2026-04-23T08:27:03.273Z,S20260423_092137,N/A,AUTO,7.6894,325.397,0.064,N/A,1,1500,VIDE,0.0,0.0,0.0,0.997173,-0.698132,0.0,2,0,2953.314,18.61,,,,,,,,,,,,
4935,2026-04-23T08:27:03.337Z,S20260423_092137,N/A,AUTO,7.7533,325.461,0.064,N/A,1,1500,VIDE,0.0,0.0,0.0,1.009372,-0.698132,0.0,2,0,2959.735,18.94,,,,,,,,,,,,
4936,2026-04-23T08:27:03.402Z,S20260423_092137,N/A,AUTO,7.818,325.5257,0.0646,N/A,1,1500,VIDE,0.0,0.0,0.0,1.021572,-0.698132,-0.0,2,0,2964.255,17.507,,,,,,,,,,,,
4937,2026-04-23T08:27:03.463Z,S20260423_092137,N/A,AUTO,7.8789,325.5865,0.0608,N/A,1,1500,VIDE,0.0,0.0,0.0,1.033771,-0.698132,0.0,2,0,2967.46,12.457,,,,,,,,,,,,
4938,2026-04-23T08:27:03.524Z,S20260423_092137,N/A,AUTO,7.9401,325.6478,0.0614,N/A,1,1500,VIDE,0.0,0.0,0.0,1.045969,-0.698132,-0.0,2,0,2955.743,14.473,,,,,,,,,,,,
4939,2026-04-23T08:27:03.584Z,S20260423_092137,N/A,AUTO,8.0002,325.7079,0.0602,N/A,1,1500,VIDE,0.0,0.0,0.0,1.070366,-0.698132,-0.0,2,0,2906.254,20.111,,,,,,,,,,,,
4940,2026-04-23T08:27:03.656Z,S20260423_092137,N/A,AUTO,8.0725,325.7801,0.0723,N/A,1,1500,VIDE,0.0,0.0,0.0,1.094761,-0.698132,0.0,2,0,2859.809,18.906,,,,,,,,,,,,
4941,2026-04-23T08:27:03.713Z,S20260423_092137,N/A,AUTO,8.129,325.8366,0.0565,N/A,1,1500,VIDE,0.0,0.0,0.0,1.106958,-0.698132,-0.0,2,0,2833.321,20.288,,,,,,,,,,,,
4942,2026-04-23T08:27:03.780Z,S20260423_092137,N/A,AUTO,8.1964,325.904,0.0674,N/A,1,1500,VIDE,0.0,0.0,0.0,1.131351,-0.698132,0.0,2,0,2807.931,25.284,,,,,,,,,,,,
4943,2026-04-23T08:27:03.845Z,S20260423_092137,N/A,AUTO,8.2613,325.969,0.065,N/A,1,1500,VIDE,0.0,0.0,0.0,1.131351,-0.698132,0.0,2,0,2807.931,25.284,,,,,,,,,,,,
4944,2026-04-23T08:27:03.898Z,S20260423_092137,N/A,AUTO,8.3137,326.0214,0.0524,N/A,1,1500,VIDE,0.0,0.0,0.0,1.143548,-0.698132,-0.0,2,0,2830.351,18.014,,,,,,,,,,,,
4945,2026-04-23T08:27:03.986Z,S20260423_092137,N/A,AUTO,8.4017,326.1093,0.088,N/A,1,1500,VIDE,0.0,0.0,0.0,1.167939,-0.698132,0.0,2,0,2833.206,18.739,,,,,,,,,,,,
4946,2026-04-23T08:27:04.026Z,S20260423_092137,N/A,AUTO,8.442,326.1497,0.0403,N/A,1,1500,VIDE,0.0,0.0,0.0,1.167939,-0.698132,0.0,2,0,2833.206,18.739,,,,,,,,,,,,
4947,2026-04-23T08:27:04.085Z,S20260423_092137,N/A,AUTO,8.5014,326.2091,0.0594,N/A,1,1500,VIDE,0.0,0.0,0.0,1.180134,-0.698132,-0.0,2,0,2835.525,17.283,,,,,,,,,,,,
4948,2026-04-23T08:27:04.153Z,S20260423_092137,N/A,AUTO,8.5695,326.2771,0.0681,N/A,1,1500,VIDE,0.0,0.0,0.0,1.192329,-0.698132,0.0,2,0,2837.975,19.667,,,,,,,,,,,,
4949,2026-04-23T08:27:04.215Z,S20260423_092137,N/A,AUTO,8.6311,326.3387,0.0616,N/A,1,1500,VIDE,0.0,0.0,0.0,1.204524,-0.698132,-0.0,2,0,2845.662,18.849,,,,,,,,,,,,
4950,2026-04-23T08:27:04.275Z,S20260423_092137,N/A,AUTO,8.691,326.3986,0.06,N/A,1,1500,VIDE,0.0,0.0,0.0,1.216718,-0.698132,-0.0,2,0,2850.714,18.529,,,,,,,,,,,,
4951,2026-04-23T08:27:04.338Z,S20260423_092137,N/A,AUTO,8.7543,326.462,0.0632,N/A,1,1500,VIDE,0.0,0.0,0.0,1.228912,-0.698132,0.0,2,0,2849.306,18.618,,,,,,,,,,,,
4952,2026-04-23T08:27:04.401Z,S20260423_092137,N/A,AUTO,8.8173,326.5249,0.063,N/A,1,1500,VIDE,0.0,0.0,0.0,1.241105,-0.698132,-0.0,2,0,2851.999,20.43,,,,,,,,,,,,
4953,2026-04-23T08:27:04.464Z,S20260423_092137,N/A,AUTO,8.8804,326.588,0.0632,N/A,1,1500,VIDE,0.0,0.0,0.0,1.253298,-0.698132,-0.0,2,0,2860.993,18.987,,,,,,,,,,,,
4954,2026-04-23T08:27:04.524Z,S20260423_092137,N/A,AUTO,8.9402,326.6478,0.0598,N/A,1,1500,VIDE,0.0,0.0,0.0,1.277683,-0.698132,-0.0,2,0,2831.679,20.402,,,,,,,,,,,,
4955,2026-04-23T08:27:04.584Z,S20260423_092137,N/A,AUTO,9.0002,326.7078,0.06,N/A,1,1500,VIDE,0.0,0.0,0.0,1.289875,-0.698132,0.0,2,0,2807.402,20.013,,,,,,,,,,,,
4956,2026-04-23T08:27:04.650Z,S20260423_092137,N/A,AUTO,9.0657,326.7734,0.0656,N/A,1,1500,VIDE,0.0,0.0,0.0,1.314258,-0.698132,-0.0,2,0,2757.29,18.171,,,,,,,,,,,,
4957,2026-04-23T08:27:04.714Z,S20260423_092137,N/A,AUTO,9.1298,326.8374,0.064,N/A,1,1500,VIDE,0.0,0.0,0.0,1.33864,-0.698132,0.0,2,0,2701.862,7.069,,,,,,,,,,,,
4958,2026-04-23T08:27:04.779Z,S20260423_092137,N/A,AUTO,9.1949,326.9026,0.065,N/A,1,1500,VIDE,0.0,0.0,0.0,1.35083,-0.698132,-0.0,2,0,2687.834,17.951,,,,,,,,,,,,
4959,2026-04-23T08:27:04.842Z,S20260423_092137,N/A,AUTO,9.2579,326.9656,0.063,N/A,1,1500,VIDE,0.0,0.0,0.0,1.36302,-0.698132,-0.0,2,0,2699.191,18.919,,,,,,,,,,,,
4960,2026-04-23T08:27:04.903Z,S20260423_092137,N/A,AUTO,9.3195,327.0272,0.0616,N/A,1,1500,VIDE,0.0,0.0,0.0,1.37521,-0.698132,0.0,2,0,2703.855,18.832,,,,,,,,,,,,
4961,2026-04-23T08:27:04.964Z,S20260423_092137,N/A,AUTO,9.3802,327.0879,0.0608,N/A,1,1500,VIDE,0.0,0.0,0.0,1.387399,-0.698132,0.0,2,0,2715.543,19.326,,,,,,,,,,,,
4962,2026-04-23T08:27:05.025Z,S20260423_092137,N/A,AUTO,9.4409,327.1486,0.0607,N/A,1,1500,VIDE,0.0,0.0,0.0,1.399588,-0.698132,-0.0,2,0,2722.195,18.24,,,,,,,,,,,,
4963,2026-04-23T08:27:05.084Z,S20260423_092137,N/A,AUTO,9.5004,327.2081,0.0595,N/A,1,1500,VIDE,0.0,0.0,0.0,1.411776,-0.698132,0.0,2,0,2732.982,23.443,,,,,,,,,,,,
4964,2026-04-23T08:27:05.151Z,S20260423_092137,N/A,AUTO,9.5667,327.2743,0.0663,N/A,1,1500,VIDE,0.0,0.0,0.0,1.423964,-0.698132,0.0,2,0,2735.836,23.651,,,,,,,,,,,,
4965,2026-04-23T08:27:05.211Z,S20260423_092137,N/A,AUTO,9.6271,327.3347,0.0603,N/A,1,1500,VIDE,0.0,0.0,0.0,1.428027,-0.698132,-0.0,2,0,2784.732,48.896,,,,,,,,,,,,
4966,2026-04-23T08:27:05.275Z,S20260423_092137,N/A,AUTO,9.6915,327.3991,0.0645,N/A,1,1500,VIDE,0.0,0.0,0.0,1.440214,-0.698132,-0.0,2,0,2789.292,48.018,,,,,,,,,,,,
4967,2026-04-23T08:27:05.339Z,S20260423_092137,N/A,AUTO,9.755,327.4627,0.0635,N/A,1,1500,VIDE,0.0,0.0,0.0,1.448339,-0.698132,0.0,2,0,2751.896,20.708,,,,,,,,,,,,
4968,2026-04-23T08:27:05.401Z,S20260423_092137,N/A,AUTO,9.8169,327.5246,0.062,N/A,1,1500,VIDE,0.0,0.0,0.0,1.460526,-0.698132,-0.0,2,0,2767.03,19.717,,,,,,,,,,,,
4969,2026-04-23T08:27:05.463Z,S20260423_092137,N/A,AUTO,9.879,327.5867,0.0618,N/A,1,1500,VIDE,0.0,0.0,0.0,1.472712,-0.698132,-0.0,2,0,2773.495,18.185,,,,,,,,,,,,
4970,2026-04-23T08:27:05.525Z,S20260423_092137,N/A,AUTO,9.9408,327.6485,0.062,N/A,1,1500,VIDE,0.0,0.0,0.0,1.497084,-0.698132,-0.0,2,0,2756.661,18.558,,,,,,,,,,,,
4971,2026-04-23T08:27:05.585Z,S20260423_092137,N/A,AUTO,10.0008,327.7085,0.06,N/A,1,1500,VIDE,0.0,0.0,0.0,1.509269,-0.698132,-0.0,2,0,2740.912,19.745,,,,,,,,,,,,
4972,2026-04-23T08:27:05.649Z,S20260423_092137,N/A,AUTO,10.0649,327.7725,0.0641,N/A,1,1500,VIDE,0.0,0.0,0.0,1.533638,-0.698132,-0.0,2,0,2693.436,19.683,,,,,,,,,,,,
4973,2026-04-23T08:27:05.712Z,S20260423_092137,N/A,AUTO,10.1283,327.836,0.0634,N/A,1,1500,VIDE,0.0,0.0,0.0,1.545822,-0.698132,-0.0,2,0,2670.33,19.499,,,,,,,,,,,,
4974,2026-04-23T08:27:05.772Z,S20260423_092137,N/A,AUTO,10.1879,327.8956,0.0596,N/A,1,1500,VIDE,0.0,0.0,0.0,1.558006,-0.698132,0.0,2,0,2659.501,17.521,,,,,,,,,,,,
4975,2026-04-23T08:27:05.840Z,S20260423_092137,N/A,AUTO,10.2558,327.9635,0.0679,N/A,1,1500,VIDE,0.0,0.0,0.0,1.570189,-0.698132,0.0,2,0,2685.83,18.189,,,,,,,,,,,,
4976,2026-04-23T08:27:05.897Z,S20260423_092137,N/A,AUTO,10.313,328.0207,0.0573,N/A,1,1500,VIDE,0.0,0.0,0.0,1.582372,-0.698132,-0.0,2,0,2698.855,11.356,,,,,,,,,,,,
4977,2026-04-23T08:27:05.964Z,S20260423_092137,N/A,AUTO,10.38,328.0877,0.067,N/A,1,1500,VIDE,0.0,0.0,0.0,1.594554,-0.698132,-0.0,2,0,2693.961,19.292,,,,,,,,,,,,
4978,2026-04-23T08:27:06.025Z,S20260423_092137,N/A,AUTO,10.4407,328.1484,0.0607,N/A,1,1500,VIDE,0.0,0.0,0.0,1.606736,-0.698132,0.0,2,0,2699.366,19.022,,,,,,,,,,,,
4979,2026-04-23T08:27:06.085Z,S20260423_092137,N/A,AUTO,10.5009,328.2086,0.0601,N/A,1,1500,VIDE,0.0,0.0,0.0,1.618918,-0.698132,0.0,2,0,2698.03,18.09,,,,,,,,,,,,
4980,2026-04-23T08:27:06.149Z,S20260423_092137,N/A,AUTO,10.5654,328.2731,0.0645,N/A,1,1500,VIDE,0.0,0.0,0.0,1.631099,-0.698132,-0.0,2,0,2699.944,13.534,,,,,,,,,,,,
4981,2026-04-23T08:27:06.212Z,S20260423_092137,N/A,AUTO,10.6286,328.3362,0.0631,N/A,1,1500,VIDE,0.0,0.0,0.0,1.64328,-0.698132,-0.0,2,0,2706.362,12.938,,,,,,,,,,,,
4982,2026-04-23T08:27:06.274Z,S20260423_092137,N/A,AUTO,10.6898,328.3974,0.0612,N/A,1,1500,VIDE,0.0,0.0,0.0,1.65546,-0.698132,0.0,2,0,2704.629,19.329,,,,,,,,,,,,
4983,2026-04-23T08:27:06.336Z,S20260423_092137,N/A,AUTO,10.7522,328.4599,0.0626,N/A,1,1500,VIDE,0.0,0.0,0.0,1.66764,-0.698132,-0.0,2,0,2707.656,18.618,,,,,,,,,,,,
4984,2026-04-23T08:27:06.398Z,S20260423_092137,N/A,AUTO,10.8139,328.5216,0.0616,N/A,1,1500,VIDE,0.0,0.0,0.0,1.679819,-0.698132,-0.0,2,0,2709.338,19.7,,,,,,,,,,,,
4985,2026-04-23T08:27:06.461Z,S20260423_092137,N/A,AUTO,10.8774,328.585,0.0636,N/A,1,1500,VIDE,0.0,0.0,0.0,1.691998,-0.698132,0.0,2,0,2714.033,18.285,,,,,,,,,,,,
4986,2026-04-23T08:27:06.523Z,S20260423_092137,N/A,AUTO,10.9388,328.6465,0.0614,N/A,1,1500,VIDE,0.0,0.0,0.0,1.704177,-0.698132,0.0,2,0,2700.367,26.627,,,,,,,,,,,,
4987,2026-04-23T08:27:06.584Z,S20260423_092137,N/A,AUTO,11.0001,328.7077,0.0613,N/A,1,1500,VIDE,0.0,0.0,0.0,1.728533,-0.698132,-0.0,2,0,2655.999,22.779,,,,,,,,,,,,
4988,2026-04-23T08:27:06.649Z,S20260423_092137,N/A,AUTO,11.0647,328.7723,0.0646,N/A,1,1500,VIDE,0.0,0.0,0.0,1.752887,-0.698132,0.0,2,0,2590.154,18.948,,,,,,,,,,,,
4989,2026-04-23T08:27:06.711Z,S20260423_092137,N/A,AUTO,11.127,328.8347,0.0623,N/A,1,1500,VIDE,0.0,0.0,0.0,1.777239,-0.698132,-0.0,2,0,2541.943,20.05,,,,,,,,,,,,
4990,2026-04-23T08:27:06.775Z,S20260423_092137,N/A,AUTO,11.1908,328.8984,0.0637,N/A,1,1500,VIDE,0.0,0.0,0.0,1.789414,-0.698132,0.0,2,0,2526.769,19.966,,,,,,,,,,,,
4991,2026-04-23T08:27:06.836Z,S20260423_092137,N/A,AUTO,11.2519,328.9595,0.0611,N/A,1,1500,VIDE,0.0,0.0,0.0,1.801589,-0.698132,-0.0,2,0,2528.111,20.73,,,,,,,,,,,,
4992,2026-04-23T08:27:06.898Z,S20260423_092137,N/A,AUTO,11.3139,329.0215,0.0621,N/A,1,1500,VIDE,0.0,0.0,0.0,1.813764,-0.698132,-0.0,2,0,2532.77,21.724,,,,,,,,,,,,
4993,2026-04-23T08:27:06.964Z,S20260423_092137,N/A,AUTO,11.3797,329.0873,0.0658,N/A,1,1500,VIDE,0.0,0.0,0.0,1.825938,-0.698132,0.0,2,0,2529.413,27.026,,,,,,,,,,,,
4994,2026-04-23T08:27:07.025Z,S20260423_092137,N/A,AUTO,11.4414,329.149,0.0617,N/A,1,1500,VIDE,0.0,0.0,0.0,1.838112,-0.698132,0.0,2,0,2548.274,20.634,,,,,,,,,,,,
4995,2026-04-23T08:27:07.084Z,S20260423_092137,N/A,AUTO,11.5001,329.2077,0.0587,N/A,1,1500,VIDE,0.0,0.0,0.0,1.850285,-0.698132,-0.0,2,0,2551.298,19.018,,,,,,,,,,,,
4996,2026-04-23T08:27:07.159Z,S20260423_092137,N/A,AUTO,11.5745,329.2822,0.0745,N/A,1,1500,VIDE,0.0,0.0,0.0,1.862457,-0.698132,-0.0,2,0,2558.775,19.72,,,,,,,,,,,,
4997,2026-04-23T08:27:07.209Z,S20260423_092137,N/A,AUTO,11.6254,329.3331,0.0509,N/A,1,1500,VIDE,0.0,0.0,0.0,1.87463,-0.698132,0.0,2,0,2561.175,19.532,,,,,,,,,,,,
4998,2026-04-23T08:27:07.273Z,S20260423_092137,N/A,AUTO,11.6889,329.3966,0.0635,N/A,1,1500,VIDE,0.0,0.0,0.0,1.886801,-0.698132,-0.0,2,0,2561.005,19.851,,,,,,,,,,,,
4999,2026-04-23T08:27:07.338Z,S20260423_092137,N/A,AUTO,11.754,329.4616,0.0648,N/A,1,1500,VIDE,0.0,0.0,0.0,1.898973,-0.698132,-0.0,2,0,2561.695,17.984,,,,,,,,,,,,
5000,2026-04-23T08:27:07.401Z,S20260423_092137,N/A,AUTO,11.8169,329.5245,0.0631,N/A,1,1500,VIDE,0.0,0.0,0.0,1.911144,-0.698132,0.0,2,0,2563.139,19.322,,,,,,,,,,,,
5001,2026-04-23T08:27:07.462Z,S20260423_092137,N/A,AUTO,11.8784,329.586,0.0614,N/A,1,1500,VIDE,0.0,0.0,0.0,1.923314,-0.698132,0.0,2,0,2565.963,18.997,,,,,,,,,,,,
5002,2026-04-23T08:27:07.525Z,S20260423_092137,N/A,AUTO,11.9405,329.6482,0.0623,N/A,1,1500,VIDE,0.0,0.0,0.0,1.935484,-0.698132,-0.0,2,0,2554.806,19.16,,,,,,,,,,,,
5003,2026-04-23T08:27:07.584Z,S20260423_092137,N/A,AUTO,12.0003,329.7079,0.0597,N/A,1,1500,VIDE,0.0,0.0,0.0,1.959822,-0.698132,0.0,2,0,2507.275,18.933,,,,,,,,,,,,
5004,2026-04-23T08:27:07.649Z,S20260423_092137,N/A,AUTO,12.0645,329.7722,0.0643,N/A,1,1500,VIDE,0.0,0.0,0.0,1.984158,-0.698132,0.0,2,0,2454.605,19.12,,,,,,,,,,,,
5005,2026-04-23T08:27:07.710Z,S20260423_092137,N/A,AUTO,12.1259,329.8335,0.0613,N/A,1,1500,VIDE,0.0,0.0,0.0,1.996326,-0.698132,0.0,2,0,2435.062,19.365,,,,,,,,,,,,
5006,2026-04-23T08:27:07.778Z,S20260423_092137,N/A,AUTO,12.1935,329.9012,0.0677,N/A,1,1500,VIDE,0.0,0.0,0.0,2.020659,-0.698132,0.0,2,0,2399.602,14.658,,,,,,,,,,,,
5007,2026-04-23T08:27:07.835Z,S20260423_092137,N/A,AUTO,12.2515,329.9592,0.0577,N/A,1,1500,VIDE,0.0,0.0,0.0,2.020659,-0.698132,0.0,2,0,2399.602,14.658,,,,,,,,,,,,
5008,2026-04-23T08:27:07.898Z,S20260423_092137,N/A,AUTO,12.3137,330.0214,0.0624,N/A,1,1500,VIDE,0.0,0.0,0.0,2.032825,-0.698132,0.0,2,0,2461.374,13.577,,,,,,,,,,,,
5009,2026-04-23T08:27:07.965Z,S20260423_092137,N/A,AUTO,12.3807,330.0883,0.0669,N/A,1,1500,VIDE,0.0,0.0,0.0,2.044991,-0.698132,-0.0,2,0,2443.872,17.397,,,,,,,,,,,,
5010,2026-04-23T08:27:08.026Z,S20260423_092137,N/A,AUTO,12.4421,330.1498,0.0615,N/A,1,1500,VIDE,0.0,0.0,0.0,2.057156,-0.698132,-0.0,2,0,2444.633,16.903,,,,,,,,,,,,
5011,2026-04-23T08:27:08.085Z,S20260423_092137,N/A,AUTO,12.5015,330.2092,0.0594,N/A,1,1500,VIDE,0.0,0.0,0.0,2.06932,-0.698132,0.0,2,0,2454.692,18.594,,,,,,,,,,,,
5012,2026-04-23T08:27:08.154Z,S20260423_092137,N/A,AUTO,12.5701,330.2778,0.0686,N/A,1,1500,VIDE,0.0,0.0,0.0,2.081484,-0.698132,0.0,2,0,2461.694,19.537,,,,,,,,,,,,
5013,2026-04-23T08:27:08.212Z,S20260423_092137,N/A,AUTO,12.6278,330.3354,0.0577,N/A,1,1500,VIDE,0.0,0.0,0.0,2.093648,-0.698132,-0.0,2,0,2462.268,20.341,,,,,,,,,,,,
5014,2026-04-23T08:27:08.277Z,S20260423_092137,N/A,AUTO,12.6928,330.4004,0.0648,N/A,1,1500,VIDE,0.0,0.0,0.0,2.105811,-0.698132,-0.0,2,0,2464.635,18.568,,,,,,,,,,,,
5015,2026-04-23T08:27:08.338Z,S20260423_092137,N/A,AUTO,12.7542,330.4619,0.0614,N/A,1,1500,VIDE,0.0,0.0,0.0,2.117973,-0.698132,-0.0,2,0,2455.872,23.85,,,,,,,,,,,,
5016,2026-04-23T08:27:08.401Z,S20260423_092137,N/A,AUTO,12.8172,330.5249,0.063,N/A,1,1500,VIDE,0.0,0.0,0.0,2.130135,-0.698132,0.0,2,0,2465.674,17.915,,,,,,,,,,,,
5017,2026-04-23T08:27:08.463Z,S20260423_092137,N/A,AUTO,12.8789,330.5866,0.0619,N/A,1,1500,VIDE,0.0,0.0,0.0,2.142296,-0.698132,0.0,2,0,2466.021,19.854,,,,,,,,,,,,
5018,2026-04-23T08:27:08.522Z,S20260423_092137,N/A,AUTO,12.938,330.6456,0.0591,N/A,1,1500,VIDE,0.0,0.0,0.0,2.142296,-0.698132,0.0,2,0,2466.021,19.854,,,,,,,,,,,,
5019,2026-04-23T08:27:08.584Z,S20260423_092137,N/A,AUTO,13.0002,330.7078,0.0621,N/A,1,1500,VIDE,0.0,0.0,0.0,2.166618,-0.698132,-0.0,2,0,2475.647,19.985,,,,,,,,,,,,
5020,2026-04-23T08:27:08.649Z,S20260423_092137,N/A,AUTO,13.0653,330.773,0.0652,N/A,1,1500,VIDE,0.0,0.0,0.0,2.190937,-0.698132,0.0,2,0,2429.056,19.188,,,,,,,,,,,,
5021,2026-04-23T08:27:08.712Z,S20260423_092137,N/A,AUTO,13.1285,330.8362,0.0631,N/A,1,1500,VIDE,0.0,0.0,0.0,2.215254,-0.698132,-0.0,2,0,2380.024,19.179,,,,,,,,,,,,
5022,2026-04-23T08:27:08.777Z,S20260423_092137,N/A,AUTO,13.1933,330.901,0.0648,N/A,1,1500,VIDE,0.0,0.0,0.0,2.227412,-0.698132,0.0,2,0,2367.795,18.627,,,,,,,,,,,,
5023,2026-04-23T08:27:08.842Z,S20260423_092137,N/A,AUTO,13.2576,330.9653,0.0643,N/A,1,1500,VIDE,0.0,0.0,0.0,2.239569,-0.698132,-0.0,2,0,2374.904,20.054,,,,,,,,,,,,
5024,2026-04-23T08:27:08.897Z,S20260423_092137,N/A,AUTO,13.3127,331.0203,0.0551,N/A,1,1500,VIDE,0.0,0.0,0.0,2.251725,-0.698132,-0.0,2,0,2375.375,18.894,,,,,,,,,,,,
5025,2026-04-23T08:27:08.963Z,S20260423_092137,N/A,AUTO,13.3793,331.0869,0.0666,N/A,1,1500,VIDE,0.0,0.0,0.0,2.263882,-0.698132,0.0,2,0,2374.001,18.781,,,,,,,,,,,,
5026,2026-04-23T08:27:09.025Z,S20260423_092137,N/A,AUTO,13.4411,331.1487,0.0619,N/A,1,1500,VIDE,0.0,0.0,0.0,2.276037,-0.698132,0.0,2,0,2381.333,19.138,,,,,,,,,,,,
5027,2026-04-23T08:27:09.085Z,S20260423_092137,N/A,AUTO,13.5014,331.209,0.0602,N/A,1,1500,VIDE,0.0,0.0,0.0,2.288192,-0.698132,-0.0,2,0,2391.067,18.366,,,,,,,,,,,,
5028,2026-04-23T08:27:09.159Z,S20260423_092137,N/A,AUTO,13.5748,331.2824,0.0735,N/A,1,1500,VIDE,0.0,0.0,0.0,2.300347,-0.698132,0.0,2,0,2390.26,18.737,,,,,,,,,,,,
5029,2026-04-23T08:27:09.210Z,S20260423_092137,N/A,AUTO,13.6264,331.3341,0.0515,N/A,1,1500,VIDE,0.0,0.0,0.0,2.312501,-0.698132,0.0,2,0,2399.331,19.943,,,,,,,,,,,,
5030,2026-04-23T08:27:09.274Z,S20260423_092137,N/A,AUTO,13.69,331.3977,0.0636,N/A,1,1500,VIDE,0.0,0.0,0.0,2.324654,-0.698132,-0.0,2,0,2400.08,16.775,,,,,,,,,,,,
5031,2026-04-23T08:27:09.337Z,S20260423_092137,N/A,AUTO,13.7533,331.461,0.0634,N/A,1,1500,VIDE,0.0,0.0,0.0,2.336807,-0.698132,-0.0,2,0,2405.608,19.172,,,,,,,,,,,,
5032,2026-04-23T08:27:09.398Z,S20260423_092137,N/A,AUTO,13.8136,331.5213,0.0604,N/A,1,1500,VIDE,0.0,0.0,0.0,2.348959,-0.698132,0.0,2,0,2408.341,17.752,,,,,,,,,,,,
5033,2026-04-23T08:27:09.462Z,S20260423_092137,N/A,AUTO,13.8781,331.5857,0.0644,N/A,1,1500,VIDE,0.0,0.0,0.0,2.361111,-0.698132,0.0,2,0,2408.451,16.879,,,,,,,,,,,,
5034,2026-04-23T08:27:09.524Z,S20260423_092137,N/A,AUTO,13.9403,331.6479,0.0623,N/A,1,1500,VIDE,0.0,0.0,0.0,2.373262,-0.698132,0.0,2,0,2395.626,19.187,,,,,,,,,,,,
5035,2026-04-23T08:27:09.584Z,S20260423_092137,N/A,AUTO,14.0002,331.7079,0.06,N/A,1,1500,VIDE,0.0,0.0,0.0,2.397563,-0.698132,-0.0,2,0,2347.632,20.048,,,,,,,,,,,,
5036,2026-04-23T08:27:09.648Z,S20260423_092137,N/A,AUTO,14.0642,331.7718,0.064,N/A,1,1500,VIDE,0.0,0.0,0.0,2.421862,-0.698132,0.0,2,0,2296.972,20.61,,,,,,,,,,,,
5037,2026-04-23T08:27:09.718Z,S20260423_092137,N/A,AUTO,14.1339,331.8415,0.0697,N/A,1,1500,VIDE,0.0,0.0,0.0,2.446158,-0.698132,-0.0,2,0,2244.155,23.438,,,,,,,,,,,,
5038,2026-04-23T08:27:09.777Z,S20260423_092137,N/A,AUTO,14.1931,331.9008,0.0593,N/A,1,1500,VIDE,0.0,0.0,0.0,2.458305,-0.698132,0.0,2,0,2242.375,19.186,,,,,,,,,,,,
5039,2026-04-23T08:27:09.841Z,S20260423_092137,N/A,AUTO,14.2574,331.9651,0.0642,N/A,1,1500,VIDE,0.0,0.0,0.0,2.470452,-0.698132,0.0,2,0,2246.029,19.8,,,,,,,,,,,,
5040,2026-04-23T08:27:09.898Z,S20260423_092137,N/A,AUTO,14.3137,332.0213,0.0564,N/A,1,1500,VIDE,0.0,0.0,0.0,2.482598,-0.698132,-0.0,2,0,2251.442,19.542,,,,,,,,,,,,
5041,2026-04-23T08:27:09.966Z,S20260423_092137,N/A,AUTO,14.3816,332.0893,0.0678,N/A,1,1500,VIDE,0.0,0.0,0.0,2.494743,-0.698132,-0.0,2,0,2253.383,17.419,,,,,,,,,,,,
5042,2026-04-23T08:27:10.025Z,S20260423_092137,N/A,AUTO,14.4414,332.1491,0.0599,N/A,1,1500,VIDE,0.0,0.0,0.0,2.506888,-0.698132,-0.0,2,0,2253.699,19.413,,,,,,,,,,,,
5043,2026-04-23T08:27:10.085Z,S20260423_092137,N/A,AUTO,14.5007,332.2083,0.0591,N/A,1,1500,VIDE,0.0,0.0,0.0,2.519033,-0.698132,0.0,2,0,2256.495,19.024,,,,,,,,,,,,
5044,2026-04-23T08:27:10.147Z,S20260423_092137,N/A,AUTO,14.5632,332.2709,0.0625,N/A,1,1500,VIDE,0.0,0.0,0.0,2.523081,-0.698132,0.0,2,0,2298.006,41.512,,,,,,,,,,,,
5045,2026-04-23T08:27:10.210Z,S20260423_092137,N/A,AUTO,14.6264,332.3341,0.0632,N/A,1,1500,VIDE,0.0,0.0,0.0,2.543319,-0.698132,-0.0,2,0,2263.012,19.31,,,,,,,,,,,,
5046,2026-04-23T08:27:10.274Z,S20260423_092137,N/A,AUTO,14.6905,332.3982,0.064,N/A,1,1500,VIDE,0.0,0.0,0.0,2.555462,-0.698132,-0.0,2,0,2264.939,19.682,,,,,,,,,,,,
5047,2026-04-23T08:27:10.338Z,S20260423_092137,N/A,AUTO,14.7539,332.4615,0.0634,N/A,1,1500,VIDE,0.0,0.0,0.0,2.567604,-0.698132,-0.0,2,0,2271.469,19.439,,,,,,,,,,,,
5048,2026-04-23T08:27:10.404Z,S20260423_092137,N/A,AUTO,14.8201,332.5277,0.0661,N/A,1,1500,VIDE,0.0,0.0,0.0,2.579746,-0.698132,0.0,2,0,2279.674,15.068,,,,,,,,,,,,
5049,2026-04-23T08:27:10.461Z,S20260423_092137,N/A,AUTO,14.8772,332.5849,0.0574,N/A,1,1500,VIDE,0.0,0.0,0.0,2.591886,-0.698132,0.0,2,0,2273.863,19.134,,,,,,,,,,,,
5050,2026-04-23T08:27:10.522Z,S20260423_092137,N/A,AUTO,14.938,332.6456,0.0606,N/A,1,1500,VIDE,0.0,0.0,0.0,2.604027,-0.698132,-0.0,2,0,2256.647,19.758,,,,,,,,,,,,
5051,2026-04-23T08:27:10.585Z,S20260423_092137,N/A,AUTO,15.0007,332.7084,0.0628,N/A,1,1500,VIDE,0.0,0.0,0.0,2.628305,-0.698132,-0.0,2,0,2207.118,11.804,,,,,,,,,,,,
5052,2026-04-23T08:27:10.649Z,S20260423_092137,N/A,AUTO,15.0651,332.7728,0.0644,N/A,1,1500,VIDE,0.0,0.0,0.0,2.652581,-0.698132,0.0,2,0,2155.316,18.417,,,,,,,,,,,,
5053,2026-04-23T08:27:10.714Z,S20260423_092137,N/A,AUTO,15.1298,332.8374,0.0647,N/A,1,1500,VIDE,0.0,0.0,0.0,2.676855,-0.698132,-0.0,2,0,2107.465,19.303,,,,,,,,,,,,
5054,2026-04-23T08:27:10.775Z,S20260423_092137,N/A,AUTO,15.1911,332.8988,0.0612,N/A,1,1500,VIDE,0.0,0.0,0.0,2.688991,-0.698132,-0.0,2,0,2099.703,19.674,,,,,,,,,,,,
5055,2026-04-23T08:27:10.835Z,S20260423_092137,N/A,AUTO,15.2509,332.9585,0.0597,N/A,1,1500,VIDE,0.0,0.0,0.0,2.701126,-0.698132,0.0,2,0,2099.943,19.356,,,,,,,,,,,,
5056,2026-04-23T08:27:10.898Z,S20260423_092137,N/A,AUTO,15.3142,333.0219,0.0635,N/A,1,1500,VIDE,0.0,0.0,0.0,2.713261,-0.698132,-0.0,2,0,2110.74,20.095,,,,,,,,,,,,
5057,2026-04-23T08:27:10.970Z,S20260423_092137,N/A,AUTO,15.3859,333.0936,0.0717,N/A,1,1500,VIDE,0.0,0.0,0.0,2.725395,-0.698132,-0.0,2,0,2113.17,24.099,,,,,,,,,,,,
5058,2026-04-23T08:27:11.024Z,S20260423_092137,N/A,AUTO,15.4397,333.1473,0.0537,N/A,1,1500,VIDE,0.0,0.0,0.0,2.737529,-0.698132,0.0,2,0,2116.741,18.112,,,,,,,,,,,,
5059,2026-04-23T08:27:11.085Z,S20260423_092137,N/A,AUTO,15.5012,333.2088,0.0613,N/A,1,1500,VIDE,0.0,0.0,0.0,2.737529,-0.698132,0.0,2,0,2116.741,18.112,,,,,,,,,,,,
5060,2026-04-23T08:27:11.149Z,S20260423_092137,N/A,AUTO,15.5652,333.2729,0.0642,N/A,1,1500,VIDE,0.0,0.0,0.0,2.761794,-0.698132,0.0,2,0,2124.293,18.715,,,,,,,,,,,,
5061,2026-04-23T08:27:11.210Z,S20260423_092137,N/A,AUTO,15.6257,333.3334,0.0606,N/A,1,1500,VIDE,0.0,0.0,0.0,2.765837,-0.698132,-0.0,2,0,2164.328,40.035,,,,,,,,,,,,
5062,2026-04-23T08:27:11.275Z,S20260423_092137,N/A,AUTO,15.6908,333.3984,0.0649,N/A,1,1500,VIDE,0.0,0.0,0.0,2.786056,-0.698132,-0.0,2,0,2128.512,18.679,,,,,,,,,,,,
5063,2026-04-23T08:27:11.336Z,S20260423_092137,N/A,AUTO,15.7523,333.46,0.0617,N/A,1,1500,VIDE,0.0,0.0,0.0,2.798186,-0.698132,0.0,2,0,2127.903,18.52,,,,,,,,,,,,
5064,2026-04-23T08:27:11.397Z,S20260423_092137,N/A,AUTO,15.8133,333.521,0.061,N/A,1,1500,VIDE,0.0,0.0,0.0,2.810316,-0.698132,0.0,2,0,2130.687,18.877,,,,,,,,,,,,
5065,2026-04-23T08:27:11.462Z,S20260423_092137,N/A,AUTO,15.8782,333.5859,0.065,N/A,1,1500,VIDE,0.0,0.0,0.0,2.822445,-0.698132,0.0,2,0,2131.711,20.025,,,,,,,,,,,,
5066,2026-04-23T08:27:11.524Z,S20260423_092137,N/A,AUTO,15.9401,333.6478,0.0618,N/A,1,1500,VIDE,0.0,0.0,0.0,2.834574,-0.698132,-0.0,2,0,2116.639,19.308,,,,,,,,,,,,
5067,2026-04-23T08:27:11.585Z,S20260423_092137,N/A,AUTO,16.0006,333.7083,0.0605,N/A,1,1500,VIDE,0.0,0.0,0.0,2.858828,-0.698132,0.0,2,0,2069.447,18.324,,,,,,,,,,,,
5068,2026-04-23T08:27:11.647Z,S20260423_092137,N/A,AUTO,16.0628,333.7705,0.0623,N/A,1,1500,VIDE,0.0,0.0,0.0,2.88308,-0.698132,0.0,2,0,2018.725,19.705,,,,,,,,,,,,
5069,2026-04-23T08:27:11.709Z,S20260423_092137,N/A,AUTO,16.1253,333.833,0.0625,N/A,1,1500,VIDE,0.0,0.0,0.0,2.895206,-0.698132,-0.0,2,0,1994.388,19.007,,,,,,,,,,,,
5070,2026-04-23T08:27:11.772Z,S20260423_092137,N/A,AUTO,16.1884,333.8961,0.063,N/A,1,1500,VIDE,0.0,0.0,0.0,2.919454,-0.698132,0.0,2,0,1962.343,19.257,,,,,,,,,,,,
5071,2026-04-23T08:27:11.838Z,S20260423_092137,N/A,AUTO,16.2542,333.9618,0.0657,N/A,1,1500,VIDE,0.0,0.0,0.0,2.923495,-0.698132,0.0,2,0,2008.796,46.453,,,,,,,,,,,,
5072,2026-04-23T08:27:11.898Z,S20260423_092137,N/A,AUTO,16.3136,334.0213,0.0596,N/A,1,1500,VIDE,0.0,0.0,0.0,2.9437,-0.698132,-0.0,2,0,1967.617,16.808,,,,,,,,,,,,
5073,2026-04-23T08:27:11.964Z,S20260423_092137,N/A,AUTO,16.3799,334.0875,0.0662,N/A,1,1500,VIDE,0.0,0.0,0.0,2.955822,-0.698132,-0.0,2,0,1970.258,17.034,,,,,,,,,,,,
5074,2026-04-23T08:27:12.025Z,S20260423_092137,N/A,AUTO,16.4406,334.1482,0.0607,N/A,1,1500,VIDE,0.0,0.0,0.0,2.967943,-0.698132,0.0,2,0,1974.793,18.629,,,,,,,,,,,,
5075,2026-04-23T08:27:12.085Z,S20260423_092137,N/A,AUTO,16.5009,334.2086,0.0604,N/A,1,1500,VIDE,0.0,0.0,0.0,2.967943,-0.698132,0.0,2,0,1974.793,18.629,,,,,,,,,,,,
5076,2026-04-23T08:27:12.154Z,S20260423_092137,N/A,AUTO,16.5697,334.2773,0.0688,N/A,1,1500,VIDE,0.0,0.0,0.0,2.980063,-0.698132,0.0,2,0,2002.87,13.017,,,,,,,,,,,,
5077,2026-04-23T08:27:12.218Z,S20260423_092137,N/A,AUTO,16.634,334.3417,0.0643,N/A,1,1500,VIDE,0.0,0.0,0.0,2.992183,-0.698132,0.0,2,0,2035.562,18.225,,,,,,,,,,,,
5078,2026-04-23T08:27:12.280Z,S20260423_092137,N/A,AUTO,16.6964,334.404,0.0623,N/A,1,1500,VIDE,0.0,0.0,0.0,2.992183,-0.698132,0.0,2,0,2035.562,18.225,,,,,,,,,,,,
5079,2026-04-23T08:27:12.345Z,S20260423_092137,N/A,AUTO,16.7614,334.469,0.065,N/A,1,1500,VIDE,0.0,0.0,0.0,3.004302,-0.698132,-0.0,2,0,2062.96,18.317,,,,,,,,,,,,
5080,2026-04-23T08:27:12.397Z,S20260423_092137,N/A,AUTO,16.8133,334.5209,0.052,N/A,1,1500,VIDE,0.0,0.0,0.0,3.016421,-0.698132,-0.0,2,0,2064.993,18.476,,,,,,,,,,,,
5081,2026-04-23T08:27:12.464Z,S20260423_092137,N/A,AUTO,16.8802,334.5879,0.0669,N/A,1,1500,VIDE,0.0,0.0,0.0,3.028539,-0.698132,-0.0,2,0,2071.164,21.305,,,,,,,,,,,,
5082,2026-04-23T08:27:12.522Z,S20260423_092137,N/A,AUTO,16.9383,334.646,0.0582,N/A,1,1500,VIDE,0.0,0.0,0.0,3.052772,-0.698132,0.0,2,0,2040.445,24.482,,,,,,,,,,,,
5083,2026-04-23T08:27:12.585Z,S20260423_092137,N/A,AUTO,17.0012,334.7089,0.0629,N/A,1,1500,VIDE,0.0,0.0,0.0,3.077003,-0.698132,-0.0,2,0,1997.201,20.472,,,,,,,,,,,,
5084,2026-04-23T08:27:12.650Z,S20260423_092137,N/A,AUTO,17.0662,334.7738,0.0649,N/A,1,1500,VIDE,0.0,0.0,0.0,3.089118,-0.698132,-0.0,2,0,1971.932,19.509,,,,,,,,,,,,
5085,2026-04-23T08:27:12.714Z,S20260423_092137,N/A,AUTO,17.1296,334.8373,0.0635,N/A,1,1500,VIDE,0.0,0.0,0.0,3.113344,-0.698132,0.0,2,0,1924.898,19.648,,,,,,,,,,,,
5086,2026-04-23T08:27:12.778Z,S20260423_092137,N/A,AUTO,17.1935,334.9012,0.0639,N/A,1,1500,VIDE,0.0,0.0,0.0,3.125457,-0.698132,0.0,2,0,1897.565,18.783,,,,,,,,,,,,
5087,2026-04-23T08:27:12.843Z,S20260423_092137,N/A,AUTO,17.2595,334.9672,0.066,N/A,1,1500,VIDE,0.0,0.0,0.0,3.137568,-0.698132,0.0,2,0,1900.819,18.482,,,,,,,,,,,,
5088,2026-04-23T08:27:12.905Z,S20260423_092137,N/A,AUTO,17.3212,335.0288,0.0615,N/A,1,1500,VIDE,0.0,0.0,0.0,3.149679,-0.698132,-0.0,2,0,1911.262,18.354,,,,,,,,,,,,
5089,2026-04-23T08:27:12.966Z,S20260423_092137,N/A,AUTO,17.3825,335.0901,0.0613,N/A,1,1500,VIDE,0.0,0.0,0.0,3.161789,-0.698132,-0.0,2,0,1919.865,17.714,,,,,,,,,,,,
5090,2026-04-23T08:27:13.026Z,S20260423_092137,N/A,AUTO,17.4422,335.1499,0.0597,N/A,1,1500,VIDE,0.0,0.0,0.0,3.173899,-0.698132,-0.0,2,0,1932.206,18.64,,,,,,,,,,,,
5091,2026-04-23T08:27:13.084Z,S20260423_092137,N/A,AUTO,17.5006,335.2082,0.0584,N/A,1,1500,VIDE,0.0,0.0,0.0,3.186008,-0.698132,-0.0,2,0,1938.351,19.627,,,,,,,,,,,,
5092,2026-04-23T08:27:13.156Z,S20260423_092137,N/A,AUTO,17.5719,335.2796,0.0714,N/A,1,1500,VIDE,0.0,0.0,0.0,3.198116,-0.698132,0.0,2,0,1951.279,18.559,,,,,,,,,,,,
5093,2026-04-23T08:27:13.210Z,S20260423_092137,N/A,AUTO,17.6256,335.3333,0.0536,N/A,1,1500,VIDE,0.0,0.0,0.0,3.210223,-0.698132,0.0,2,0,1957.217,19.344,,,,,,,,,,,,
5094,2026-04-23T08:27:13.275Z,S20260423_092137,N/A,AUTO,17.6915,335.3992,0.0659,N/A,1,1500,VIDE,0.0,0.0,0.0,3.214259,-0.698132,0.0,2,0,2008.909,51.693,,,,,,,,,,,,
5095,2026-04-23T08:27:13.337Z,S20260423_092137,N/A,AUTO,17.7536,335.4613,0.062,N/A,1,1500,VIDE,0.0,0.0,0.0,3.234436,-0.698132,-0.0,2,0,1969.065,17.525,,,,,,,,,,,,
5096,2026-04-23T08:27:13.399Z,S20260423_092137,N/A,AUTO,17.8154,335.523,0.0618,N/A,1,1500,VIDE,0.0,0.0,0.0,3.238471,-0.698132,-0.0,2,0,2010.423,41.357,,,,,,,,,,,,
5097,2026-04-23T08:27:13.464Z,S20260423_092137,N/A,AUTO,17.8804,335.588,0.0651,N/A,1,1500,VIDE,0.0,0.0,0.0,3.246542,-0.698132,-0.0,2,0,1977.658,18.586,,,,,,,,,,,,
5098,2026-04-23T08:27:13.525Z,S20260423_092137,N/A,AUTO,17.941,335.6486,0.0607,N/A,1,1500,VIDE,0.0,0.0,0.0,3.266715,-0.698132,0.0,2,0,1999.309,19.613,,,,,,,,,,,,
5099,2026-04-23T08:27:13.585Z,S20260423_092137,N/A,AUTO,18.0006,335.7082,0.0596,N/A,1,1500,VIDE,0.0,0.0,0.0,3.282853,-0.698132,0.0,2,0,1960.134,19.568,,,,,,,,,,,,
5100,2026-04-23T08:27:13.652Z,S20260423_092137,N/A,AUTO,18.0677,335.7754,0.0671,N/A,1,1500,VIDE,0.0,0.0,0.0,3.307057,-0.698132,-0.0,2,0,1919.887,19.112,,,,,,,,,,,,
5101,2026-04-23T08:27:13.715Z,S20260423_092137,N/A,AUTO,18.1311,335.8388,0.0632,N/A,1,1500,VIDE,0.0,0.0,0.0,3.319158,-0.698132,-0.0,2,0,1899.756,20.093,,,,,,,,,,,,
5102,2026-04-23T08:27:13.776Z,S20260423_092137,N/A,AUTO,18.1924,335.9001,0.0614,N/A,1,1500,VIDE,0.0,0.0,0.0,3.331258,-0.698132,0.0,2,0,1884.899,22.392,,,,,,,,,,,,
5103,2026-04-23T08:27:13.834Z,S20260423_092137,N/A,AUTO,18.2501,335.9578,0.0579,N/A,1,1500,VIDE,0.0,0.0,0.0,3.343358,-0.698132,0.0,2,0,1901.998,20.319,,,,,,,,,,,,
5104,2026-04-23T08:27:13.898Z,S20260423_092137,N/A,AUTO,18.3139,336.0215,0.0638,N/A,1,1500,VIDE,0.0,0.0,0.0,3.355456,-0.698132,0.0,2,0,1905.675,19.2,,,,,,,,,,,,
5105,2026-04-23T08:27:13.965Z,S20260423_092137,N/A,AUTO,18.3812,336.0888,0.0673,N/A,1,1500,VIDE,0.0,0.0,0.0,3.367554,-0.698132,-0.0,2,0,1910.234,19.06,,,,,,,,,,,,
5106,2026-04-23T08:27:14.025Z,S20260423_092137,N/A,AUTO,18.4406,336.1483,0.0594,N/A,1,1500,VIDE,0.0,0.0,0.0,3.379652,-0.698132,-0.0,2,0,1914.02,19.816,,,,,,,,,,,,
5107,2026-04-23T08:27:14.085Z,S20260423_092137,N/A,AUTO,18.5012,336.2089,0.0606,N/A,1,1500,VIDE,0.0,0.0,0.0,3.391748,-0.698132,-0.0,2,0,1918.414,19.62,,,,,,,,,,,,
5108,2026-04-23T08:27:14.153Z,S20260423_092137,N/A,AUTO,18.5694,336.277,0.0681,N/A,1,1500,VIDE,0.0,0.0,0.0,3.403844,-0.698132,0.0,2,0,1913.722,20.005,,,,,,,,,,,,
5109,2026-04-23T08:27:14.210Z,S20260423_092137,N/A,AUTO,18.6257,336.3334,0.0564,N/A,1,1500,VIDE,0.0,0.0,0.0,3.415939,-0.698132,0.0,2,0,1922.747,18.97,,,,,,,,,,,,
5110,2026-04-23T08:27:14.278Z,S20260423_092137,N/A,AUTO,18.6937,336.4014,0.0679,N/A,1,1500,VIDE,0.0,0.0,0.0,3.428033,-0.698132,0.0,2,0,1919.605,20.203,,,,,,,,,,,,
5111,2026-04-23T08:27:14.340Z,S20260423_092137,N/A,AUTO,18.7562,336.4639,0.0625,N/A,1,1500,VIDE,0.0,0.0,0.0,3.440127,-0.698132,0.0,2,0,1925.167,19.264,,,,,,,,,,,,
5112,2026-04-23T08:27:14.402Z,S20260423_092137,N/A,AUTO,18.8179,336.5255,0.0616,N/A,1,1500,VIDE,0.0,0.0,0.0,3.452219,-0.698132,-0.0,2,0,1928.319,21.035,,,,,,,,,,,,
5113,2026-04-23T08:27:14.462Z,S20260423_092137,N/A,AUTO,18.8782,336.5859,0.0605,N/A,1,1500,VIDE,0.0,0.0,0.0,3.464312,-0.698132,-0.0,2,0,1926.426,19.202,,,,,,,,,,,,
5114,2026-04-23T08:27:14.522Z,S20260423_092137,N/A,AUTO,18.9377,336.6454,0.0595,N/A,1,1500,VIDE,0.0,0.0,0.0,3.488493,-0.698132,0.0,2,0,1893.976,20.181,,,,,,,,,,,,
5115,2026-04-23T08:27:14.584Z,S20260423_092137,N/A,AUTO,19.0005,336.7082,0.0629,N/A,1,1500,VIDE,0.0,0.0,0.0,3.500583,-0.698132,0.0,2,0,1876.308,18.952,,,,,,,,,,,,
5116,2026-04-23T08:27:14.649Z,S20260423_092137,N/A,AUTO,19.0651,336.7727,0.0645,N/A,1,1500,VIDE,0.0,0.0,0.0,3.52476,-0.698132,0.0,2,0,1826.76,15.851,,,,,,,,,,,,
5117,2026-04-23T08:27:14.711Z,S20260423_092137,N/A,AUTO,19.1267,336.8344,0.0617,N/A,1,1500,VIDE,0.0,0.0,0.0,3.548934,-0.698132,-0.0,2,0,1776.834,20.143,,,,,,,,,,,,
5118,2026-04-23T08:27:14.774Z,S20260423_092137,N/A,AUTO,19.1897,336.8974,0.0629,N/A,1,1500,VIDE,0.0,0.0,0.0,3.56102,-0.698132,-0.0,2,0,1762.924,16.096,,,,,,,,,,,,
5119,2026-04-23T08:27:14.837Z,S20260423_092137,N/A,AUTO,19.2526,336.9602,0.0629,N/A,1,1500,VIDE,0.0,0.0,0.0,3.573105,-0.698132,0.0,2,0,1769.846,18.566,,,,,,,,,,,,
5120,2026-04-23T08:27:14.901Z,S20260423_092137,N/A,AUTO,19.3166,337.0242,0.064,N/A,1,1500,VIDE,0.0,0.0,0.0,3.58519,-0.698132,0.0,2,0,1767.258,19.33,,,,,,,,,,,,
5121,2026-04-23T08:27:14.963Z,S20260423_092137,N/A,AUTO,19.3792,337.0869,0.0627,N/A,1,1500,VIDE,0.0,0.0,0.0,3.597273,-0.698132,0.0,2,0,1772.973,19.445,,,,,,,,,,,,
5122,2026-04-23T08:27:15.024Z,S20260423_092137,N/A,AUTO,19.4404,337.1481,0.0611,N/A,1,1500,VIDE,0.0,0.0,0.0,3.609356,-0.698132,-0.0,2,0,1770.588,19.621,,,,,,,,,,,,
5123,2026-04-23T08:27:15.084Z,S20260423_092137,N/A,AUTO,19.5002,337.2079,0.0599,N/A,1,1500,VIDE,0.0,0.0,0.0,3.621438,-0.698132,-0.0,2,0,1765.838,20.395,,,,,,,,,,,,
5124,2026-04-23T08:27:15.150Z,S20260423_092137,N/A,AUTO,19.5662,337.2738,0.0658,N/A,1,1500,VIDE,0.0,0.0,0.0,3.633519,-0.698132,0.0,2,0,1765.336,21.833,,,,,,,,,,,,
5125,2026-04-23T08:27:15.211Z,S20260423_092137,N/A,AUTO,19.6274,337.3351,0.0613,N/A,1,1500,VIDE,0.0,0.0,0.0,3.6456,-0.698132,0.0,2,0,1722.903,64.793,,,,,,,,,,,,
5126,2026-04-23T08:27:15.273Z,S20260423_092137,N/A,AUTO,19.6895,337.3971,0.062,N/A,1,1500,VIDE,0.0,0.0,0.0,3.657679,-0.698132,0.0,2,0,1738.411,17.781,,,,,,,,,,,,
5127,2026-04-23T08:27:15.335Z,S20260423_092137,N/A,AUTO,19.7511,337.4588,0.0616,N/A,1,1500,VIDE,0.0,0.0,0.0,3.669758,-0.698132,-0.0,2,0,1738.865,18.556,,,,,,,,,,,,
5128,2026-04-23T08:27:15.401Z,S20260423_092137,N/A,AUTO,19.8173,337.5249,0.0662,N/A,1,1500,VIDE,0.0,0.0,0.0,3.681836,-0.698132,-0.0,2,0,1732.69,19.805,,,,,,,,,,,,
5129,2026-04-23T08:27:15.462Z,S20260423_092137,N/A,AUTO,19.8776,337.5852,0.0605,N/A,1,1500,VIDE,0.0,0.0,0.0,3.693914,-0.698132,-0.0,2,0,1736.04,19.679,,,,,,,,,,,,
5130,2026-04-23T08:27:15.523Z,S20260423_092137,N/A,AUTO,19.9392,337.6469,0.0617,N/A,1,1500,VIDE,0.0,0.0,0.0,3.718066,-0.698132,0.0,2,0,1709.77,16.054,,,,,,,,,,,,
5131,2026-04-23T08:27:15.584Z,S20260423_092137,N/A,AUTO,19.9998,337.7075,0.0605,N/A,1,1500,VIDE,0.0,0.0,0.0,3.742215,-0.698132,-0.0,2,0,1658.381,17.423,,,,,,,,,,,,
5132,2026-04-23T08:27:15.647Z,S20260423_092137,N/A,AUTO,20.0628,337.7705,0.0631,N/A,1,1500,VIDE,0.0,0.0,0.0,3.754288,-0.698132,0.0,2,0,1632.841,17.126,,,,,,,,,,,,
5133,2026-04-23T08:27:15.722Z,S20260423_092137,N/A,AUTO,20.138,337.8457,0.0752,N/A,1,1500,VIDE,0.0,0.0,0.0,3.790503,-0.698132,-0.0,2,0,1554.479,20.379,,,,,,,,,,,,
5134,2026-04-23T08:27:15.772Z,S20260423_092137,N/A,AUTO,20.1881,337.8957,0.0499,N/A,1,1500,VIDE,0.0,0.0,0.0,3.790503,-0.698132,-0.0,2,0,1554.479,20.379,,,,,,,,,,,,
5135,2026-04-23T08:27:15.835Z,S20260423_092137,N/A,AUTO,20.2508,337.9585,0.0627,N/A,1,1500,VIDE,0.0,0.0,0.0,3.802573,-0.698132,-0.0,2,0,1555.701,20.589,,,,,,,,,,,,
5136,2026-04-23T08:27:15.897Z,S20260423_092137,N/A,AUTO,20.3135,338.0212,0.0628,N/A,1,1500,VIDE,0.0,0.0,0.0,3.814642,-0.698132,0.0,2,0,1550.107,21.883,,,,,,,,,,,,
5137,2026-04-23T08:27:15.977Z,S20260423_092137,N/A,AUTO,20.3934,338.1011,0.0798,N/A,1,1500,VIDE,0.0,0.0,0.0,3.838778,-0.698132,0.0,2,0,1556.366,26.96,,,,,,,,,,,,
5138,2026-04-23T08:27:16.023Z,S20260423_092137,N/A,AUTO,20.4393,338.147,0.0459,N/A,1,1500,VIDE,0.0,0.0,0.0,3.838778,-0.698132,0.0,2,0,1556.366,26.96,,,,,,,,,,,,
5139,2026-04-23T08:27:16.084Z,S20260423_092137,N/A,AUTO,20.5003,338.2079,0.061,N/A,1,1500,VIDE,0.0,0.0,0.0,3.850845,-0.698132,-0.0,2,0,1562.923,25.227,,,,,,,,,,,,
5140,2026-04-23T08:27:16.154Z,S20260423_092137,N/A,AUTO,20.5699,338.2776,0.0696,N/A,1,1500,VIDE,0.0,0.0,0.0,3.874975,-0.698132,0.0,2,0,1565.979,19.279,,,,,,,,,,,,
5141,2026-04-23T08:27:16.213Z,S20260423_092137,N/A,AUTO,20.6296,338.3372,0.0596,N/A,1,1500,VIDE,0.0,0.0,0.0,3.88704,-0.698132,0.0,2,0,1567.442,18.672,,,,,,,,,,,,
5142,2026-04-23T08:27:16.280Z,S20260423_092137,N/A,AUTO,20.6963,338.404,0.0668,N/A,1,1500,VIDE,0.0,0.0,0.0,3.899103,-0.698132,0.0,2,0,1567.795,19.257,,,,,,,,,,,,
5143,2026-04-23T08:27:16.344Z,S20260423_092137,N/A,AUTO,20.7605,338.4682,0.0642,N/A,1,1500,VIDE,0.0,0.0,0.0,3.911166,-0.698132,-0.0,2,0,1574.082,18.39,,,,,,,,,,,,
5144,2026-04-23T08:27:16.398Z,S20260423_092137,N/A,AUTO,20.8142,338.5219,0.0536,N/A,1,1500,VIDE,0.0,0.0,0.0,3.911166,-0.698132,-0.0,2,0,1574.082,18.39,,,,,,,,,,,,
5145,2026-04-23T08:27:16.462Z,S20260423_092137,N/A,AUTO,20.8779,338.5856,0.0638,N/A,1,1500,VIDE,0.0,0.0,0.0,3.923227,-0.698132,-0.0,2,0,1584.881,19.533,,,,,,,,,,,,
5146,2026-04-23T08:27:16.525Z,S20260423_092137,N/A,AUTO,20.9406,338.6482,0.0627,N/A,1,1500,VIDE,0.0,0.0,0.0,3.947348,-0.698132,0.0,2,0,1561.299,20.247,,,,,,,,,,,,
5147,2026-04-23T08:27:16.584Z,S20260423_092137,N/A,AUTO,20.9999,338.7076,0.0594,N/A,1,1500,VIDE,0.0,0.0,0.0,3.971466,-0.698132,0.0,2,0,1511.403,19.963,,,,,,,,,,,,
5148,2026-04-23T08:27:16.649Z,S20260423_092137,N/A,AUTO,21.0653,338.773,0.0654,N/A,1,1500,VIDE,0.0,0.0,0.0,3.99558,-0.698132,-0.0,2,0,1465.195,18.751,,,,,,,,,,,,
5149,2026-04-23T08:27:16.713Z,S20260423_092137,N/A,AUTO,21.1293,338.837,0.064,N/A,1,1500,VIDE,0.0,0.0,0.0,4.007636,-0.698132,-0.0,2,0,1439.354,19.705,,,,,,,,,,,,
5150,2026-04-23T08:27:16.777Z,S20260423_092137,N/A,AUTO,21.1935,338.9012,0.0641,N/A,1,1500,VIDE,0.0,0.0,0.0,4.031745,-0.698132,0.0,2,0,1410.081,17.121,,,,,,,,,,,,
5151,2026-04-23T08:27:16.842Z,S20260423_092137,N/A,AUTO,21.2581,338.9658,0.0646,N/A,1,1500,VIDE,0.0,0.0,0.0,4.043798,-0.698132,0.0,2,0,1409.614,11.756,,,,,,,,,,,,
5152,2026-04-23T08:27:16.898Z,S20260423_092137,N/A,AUTO,21.3136,339.0213,0.0555,N/A,1,1500,VIDE,0.0,0.0,0.0,4.055851,-0.698132,-0.0,2,0,1411.204,12.362,,,,,,,,,,,,
5153,2026-04-23T08:27:16.963Z,S20260423_092137,N/A,AUTO,21.3788,339.0865,0.0651,N/A,1,1500,VIDE,0.0,0.0,0.0,4.067902,-0.698132,-0.0,2,0,1410.031,18.192,,,,,,,,,,,,
5154,2026-04-23T08:27:17.024Z,S20260423_092137,N/A,AUTO,21.4405,339.1482,0.0618,N/A,1,1500,VIDE,0.0,0.0,0.0,4.079953,-0.698132,0.0,2,0,1415.178,18.119,,,,,,,,,,,,
5155,2026-04-23T08:27:17.085Z,S20260423_092137,N/A,AUTO,21.5008,339.2084,0.0602,N/A,1,1500,VIDE,0.0,0.0,0.0,4.092002,-0.698132,0.0,2,0,1412.923,18.032,,,,,,,,,,,,
5156,2026-04-23T08:27:17.147Z,S20260423_092137,N/A,AUTO,21.5633,339.271,0.0627,N/A,1,1500,VIDE,0.0,0.0,0.0,4.104051,-0.698132,0.0,2,0,1413.574,23.261,,,,,,,,,,,,
5157,2026-04-23T08:27:17.210Z,S20260423_092137,N/A,AUTO,21.6261,339.3338,0.0625,N/A,1,1500,VIDE,0.0,0.0,0.0,4.112083,-0.698132,-0.0,2,0,1444.894,11.794,,,,,,,,,,,,
5158,2026-04-23T08:27:17.275Z,S20260423_092137,N/A,AUTO,21.6914,339.399,0.0655,N/A,1,1500,VIDE,0.0,0.0,0.0,4.128147,-0.698132,-0.0,2,0,1426.694,19.746,,,,,,,,,,,,
5159,2026-04-23T08:27:17.338Z,S20260423_092137,N/A,AUTO,21.7541,339.4618,0.0627,N/A,1,1500,VIDE,0.0,0.0,0.0,4.128147,-0.698132,-0.0,2,0,1426.694,19.746,,,,,,,,,,,,
5160,2026-04-23T08:27:17.400Z,S20260423_092137,N/A,AUTO,21.8164,339.5241,0.0624,N/A,1,1500,VIDE,0.0,0.0,0.0,4.140193,-0.698132,-0.0,2,0,1436.702,19.576,,,,,,,,,,,,
5161,2026-04-23T08:27:17.464Z,S20260423_092137,N/A,AUTO,21.8799,339.5875,0.0633,N/A,1,1500,VIDE,0.0,0.0,0.0,4.152238,-0.698132,0.0,2,0,1433.192,32.54,,,,,,,,,,,,
5162,2026-04-23T08:27:17.523Z,S20260423_092137,N/A,AUTO,21.939,339.6467,0.0593,N/A,1,1500,VIDE,0.0,0.0,0.0,4.176326,-0.698132,0.0,2,0,1425.834,20.858,,,,,,,,,,,,
5163,2026-04-23T08:27:17.584Z,S20260423_092137,N/A,AUTO,21.9998,339.7075,0.0609,N/A,1,1500,VIDE,0.0,0.0,0.0,4.200411,-0.698132,-0.0,2,0,1376.185,18.964,,,,,,,,,,,,
5164,2026-04-23T08:27:17.648Z,S20260423_092137,N/A,AUTO,22.0638,339.7715,0.064,N/A,1,1500,VIDE,0.0,0.0,0.0,4.212452,-0.698132,-0.0,2,0,1351.09,20.169,,,,,,,,,,,,
5165,2026-04-23T08:27:17.711Z,S20260423_092137,N/A,AUTO,22.1274,339.8351,0.0636,N/A,1,1500,VIDE,0.0,0.0,0.0,4.236531,-0.698132,0.0,2,0,1299.56,20.208,,,,,,,,,,,,
5166,2026-04-23T08:27:17.775Z,S20260423_092137,N/A,AUTO,22.1914,339.8991,0.0639,N/A,1,1500,VIDE,0.0,0.0,0.0,4.252582,-0.698132,-0.0,2,0,1301.997,29.633,,,,,,,,,,,,
5167,2026-04-23T08:27:17.834Z,S20260423_092137,N/A,AUTO,22.2506,339.9582,0.0591,N/A,1,1500,VIDE,0.0,0.0,0.0,4.268631,-0.698132,-0.0,2,0,1290.024,17.567,,,,,,,,,,,,
5168,2026-04-23T08:27:17.898Z,S20260423_092137,N/A,AUTO,22.3144,340.0221,0.0639,N/A,1,1500,VIDE,0.0,0.0,0.0,4.284679,-0.698132,0.0,2,0,1270.77,18.759,,,,,,,,,,,,
5169,2026-04-23T08:27:17.962Z,S20260423_092137,N/A,AUTO,22.378,340.0857,0.0636,N/A,1,1500,VIDE,0.0,0.0,0.0,4.296714,-0.698132,0.0,2,0,1271.315,19.515,,,,,,,,,,,,
5170,2026-04-23T08:27:18.026Z,S20260423_092137,N/A,AUTO,22.442,340.1496,0.0639,N/A,1,1500,VIDE,0.0,0.0,0.0,4.308747,-0.698132,0.0,2,0,1278.725,18.087,,,,,,,,,,,,
5171,2026-04-23T08:27:18.084Z,S20260423_092137,N/A,AUTO,22.5006,340.2083,0.0586,N/A,1,1500,VIDE,0.0,0.0,0.0,4.32078,-0.698132,-0.0,2,0,1277.492,17.657,,,,,,,,,,,,
5172,2026-04-23T08:27:18.147Z,S20260423_092137,N/A,AUTO,22.5631,340.2708,0.0627,N/A,1,1500,VIDE,0.0,0.0,0.0,4.332812,-0.698132,-0.0,2,0,1276.075,15.498,,,,,,,,,,,,
5173,2026-04-23T08:27:18.211Z,S20260423_092137,N/A,AUTO,22.6269,340.3346,0.0637,N/A,1,1500,VIDE,0.0,0.0,0.0,4.344843,-0.698132,-0.0,2,0,1275.291,16.778,,,,,,,,,,,,
5174,2026-04-23T08:27:18.278Z,S20260423_092137,N/A,AUTO,22.6937,340.4014,0.0669,N/A,1,1500,VIDE,0.0,0.0,0.0,4.356874,-0.698132,0.0,2,0,1275.41,18.852,,,,,,,,,,,,
5175,2026-04-23T08:27:18.345Z,S20260423_092137,N/A,AUTO,22.7607,340.4683,0.0669,N/A,1,1500,VIDE,0.0,0.0,0.0,4.368903,-0.698132,0.0,2,0,1275.239,18.743,,,,,,,,,,,,
5176,2026-04-23T08:27:18.406Z,S20260423_092137,N/A,AUTO,22.8217,340.5294,0.0609,N/A,1,1500,VIDE,0.0,0.0,0.0,4.380931,-0.698132,0.0,2,0,1281.053,19.035,,,,,,,,,,,,
5177,2026-04-23T08:27:18.462Z,S20260423_092137,N/A,AUTO,22.8776,340.5853,0.056,N/A,1,1500,VIDE,0.0,0.0,0.0,4.392959,-0.698132,-0.0,2,0,1278.751,18.906,,,,,,,,,,,,
5178,2026-04-23T08:27:18.521Z,S20260423_092137,N/A,AUTO,22.9371,340.6447,0.0594,N/A,1,1500,VIDE,0.0,0.0,0.0,4.404985,-0.698132,-0.0,2,0,1267.663,18.76,,,,,,,,,,,,
5179,2026-04-23T08:27:18.584Z,S20260423_092137,N/A,AUTO,23.0004,340.7081,0.0634,N/A,1,1500,VIDE,0.0,0.0,0.0,4.429035,-0.698132,0.0,2,0,1214.862,21.877,,,,,,,,,,,,
5180,2026-04-23T08:27:18.649Z,S20260423_092137,N/A,AUTO,23.0652,340.7729,0.0648,N/A,1,1500,VIDE,0.0,0.0,0.0,4.453082,-0.698132,-0.0,2,0,1164.467,20.995,,,,,,,,,,,,
5181,2026-04-23T08:27:18.713Z,S20260423_092137,N/A,AUTO,23.1295,340.8371,0.0643,N/A,1,1500,VIDE,0.0,0.0,0.0,4.477124,-0.698132,-0.0,2,0,1115.141,19.487,,,,,,,,,,,,
5182,2026-04-23T08:27:18.778Z,S20260423_092137,N/A,AUTO,23.1944,340.9021,0.0648,N/A,1,1500,VIDE,0.0,0.0,0.0,4.489144,-0.698132,0.0,2,0,1096.413,19.617,,,,,,,,,,,,
5183,2026-04-23T08:27:18.843Z,S20260423_092137,N/A,AUTO,23.2586,340.9663,0.0642,N/A,1,1500,VIDE,0.0,0.0,0.0,4.501163,-0.698132,0.0,2,0,1099.653,17.491,,,,,,,,,,,,
5184,2026-04-23T08:27:18.904Z,S20260423_092137,N/A,AUTO,23.3203,341.0279,0.0616,N/A,1,1500,VIDE,0.0,0.0,0.0,4.513181,-0.698132,0.0,2,0,1097.544,18.525,,,,,,,,,,,,
5185,2026-04-23T08:27:18.988Z,S20260423_092137,N/A,AUTO,23.4036,341.1113,0.0833,N/A,1,1500,VIDE,0.0,0.0,0.0,4.537215,-0.698132,-0.0,2,0,1096.363,19.301,,,,,,,,,,,,
5186,2026-04-23T08:27:19.027Z,S20260423_092137,N/A,AUTO,23.4427,341.1504,0.0391,N/A,1,1500,VIDE,0.0,0.0,0.0,4.537215,-0.698132,-0.0,2,0,1096.363,19.301,,,,,,,,,,,,
5187,2026-04-23T08:27:19.084Z,S20260423_092137,N/A,AUTO,23.5003,341.2079,0.0576,N/A,1,1500,VIDE,0.0,0.0,0.0,4.54923,-0.698132,-0.0,2,0,1097.364,18.492,,,,,,,,,,,,
5188,2026-04-23T08:27:19.148Z,S20260423_092137,N/A,AUTO,23.5637,341.2714,0.0635,N/A,1,1500,VIDE,0.0,0.0,0.0,4.561244,-0.698132,0.0,2,0,1095.249,19.539,,,,,,,,,,,,
5189,2026-04-23T08:27:19.210Z,S20260423_092137,N/A,AUTO,23.6266,341.3342,0.0627,N/A,1,1500,VIDE,0.0,0.0,0.0,4.573257,-0.698132,0.0,2,0,1099.152,16.821,,,,,,,,,,,,
5190,2026-04-23T08:27:19.274Z,S20260423_092137,N/A,AUTO,23.6899,341.3976,0.0634,N/A,1,1500,VIDE,0.0,0.0,0.0,4.58527,-0.698132,0.0,2,0,1101.512,17.979,,,,,,,,,,,,
5191,2026-04-23T08:27:19.338Z,S20260423_092137,N/A,AUTO,23.7541,341.4617,0.064,N/A,1,1500,VIDE,0.0,0.0,0.0,4.597281,-0.698132,-0.0,2,0,1098.544,19.308,,,,,,,,,,,,
5192,2026-04-23T08:27:19.402Z,S20260423_092137,N/A,AUTO,23.8183,341.526,0.0643,N/A,1,1500,VIDE,0.0,0.0,0.0,4.621301,-0.698132,0.0,2,0,1097.167,18.896,,,,,,,,,,,,
5193,2026-04-23T08:27:19.463Z,S20260423_092137,N/A,AUTO,23.8788,341.5864,0.0606,N/A,1,1500,VIDE,0.0,0.0,0.0,4.621301,-0.698132,0.0,2,0,1097.167,18.896,,,,,,,,,,,,
5194,2026-04-23T08:27:19.524Z,S20260423_092137,N/A,AUTO,23.94,341.6477,0.0613,N/A,1,1500,VIDE,0.0,0.0,0.0,4.645317,-0.698132,0.0,2,0,1079.742,19.465,,,,,,,,,,,,
5195,2026-04-23T08:27:19.584Z,S20260423_092137,N/A,AUTO,24.0004,341.7081,0.0604,N/A,1,1500,VIDE,0.0,0.0,0.0,4.669329,-0.698132,-0.0,2,0,1030.159,15.826,,,,,,,,,,,,
5196,2026-04-23T08:27:19.655Z,S20260423_092137,N/A,AUTO,24.0709,341.7785,0.0704,N/A,1,1500,VIDE,0.0,0.0,0.0,4.693337,-0.698132,0.0,2,0,977.111,18.579,,,,,,,,,,,,
5197,2026-04-23T08:27:19.717Z,S20260423_092137,N/A,AUTO,24.133,341.8406,0.0621,N/A,1,1500,VIDE,0.0,0.0,0.0,4.717342,-0.698132,0.0,2,0,925.063,22.022,,,,,,,,,,,,
5198,2026-04-23T08:27:19.780Z,S20260423_092137,N/A,AUTO,24.1959,341.9035,0.0628,N/A,1,1500,VIDE,0.0,0.0,0.0,4.717342,-0.698132,0.0,2,0,925.063,22.022,,,,,,,,,,,,
5199,2026-04-23T08:27:19.836Z,S20260423_092137,N/A,AUTO,24.2517,341.9594,0.0558,N/A,1,1500,VIDE,0.0,0.0,0.0,4.717342,-0.698132,0.0,2,0,925.063,22.022,,,,,,,,,,,,
5200,2026-04-23T08:27:19.899Z,S20260423_092137,N/A,AUTO,24.3148,342.0224,0.0631,N/A,1,1500,VIDE,0.0,0.0,0.0,4.729343,-0.698132,-0.0,2,0,1027.499,18.833,,,,,,,,,,,,
5201,2026-04-23T08:27:19.968Z,S20260423_092137,N/A,AUTO,24.3837,342.0913,0.069,N/A,1,1500,VIDE,0.0,0.0,0.0,4.741343,-0.698132,-0.0,2,0,1052.753,18.931,,,,,,,,,,,,
5202,2026-04-23T08:27:20.027Z,S20260423_092137,N/A,AUTO,24.4431,342.1507,0.0593,N/A,1,1500,VIDE,0.0,0.0,0.0,4.741343,-0.698132,-0.0,2,0,1052.753,18.931,,,,,,,,,,,,
5203,2026-04-23T08:27:20.086Z,S20260423_092137,N/A,AUTO,24.502,342.2096,0.0589,N/A,1,1500,VIDE,0.0,0.0,0.0,4.753341,-0.698132,-0.0,2,0,1058.128,42.219,,,,,,,,,,,,
5204,2026-04-23T08:27:20.149Z,S20260423_092137,N/A,AUTO,24.5646,342.2722,0.0626,N/A,1,1500,VIDE,0.0,0.0,0.0,4.765339,-0.698132,0.0,2,0,1097.499,18.11,,,,,,,,,,,,
5205,2026-04-23T08:27:20.216Z,S20260423_092137,N/A,AUTO,24.632,342.3397,0.0674,N/A,1,1500,VIDE,0.0,0.0,0.0,4.765339,-0.698132,0.0,2,0,1097.499,18.11,,,,,,,,,,,,
5206,2026-04-23T08:27:20.280Z,S20260423_092137,N/A,AUTO,24.6956,342.4032,0.0636,N/A,1,1500,VIDE,0.0,0.0,0.0,4.777336,-0.698132,0.0,2,0,1132.008,18.067,,,,,,,,,,,,
5207,2026-04-23T08:27:20.340Z,S20260423_092137,N/A,AUTO,24.7557,342.4634,0.0602,N/A,1,1500,VIDE,0.0,0.0,0.0,4.789332,-0.698132,0.0,2,0,1156.898,18.784,,,,,,,,,,,,
5208,2026-04-23T08:27:20.403Z,S20260423_092137,N/A,AUTO,24.8186,342.5262,0.0628,N/A,1,1500,VIDE,0.0,0.0,0.0,4.801327,-0.698132,-0.0,2,0,1175.11,18.919,,,,,,,,,,,,
5209,2026-04-23T08:27:20.465Z,S20260423_092137,N/A,AUTO,24.8816,342.5893,0.0629,N/A,1,1500,VIDE,0.0,0.0,0.0,4.801327,-0.698132,-0.0,2,0,1175.11,18.919,,,,,,,,,,,,
5210,2026-04-23T08:27:20.523Z,S20260423_092137,N/A,AUTO,24.9389,342.6466,0.0574,N/A,1,1500,VIDE,0.0,0.0,0.0,4.81332,-0.698132,-0.0,2,0,1196.143,18.422,,,,,,,,,,,,
5211,2026-04-23T08:27:20.584Z,S20260423_092137,N/A,AUTO,25.0005,342.7081,0.0616,N/A,1,1500,VIDE,0.0,0.0,0.0,4.837305,-0.698132,-0.0,2,0,1169.724,26.556,,,,,,,,,,,,
5212,2026-04-23T08:27:20.650Z,S20260423_092137,N/A,AUTO,25.0657,342.7734,0.0652,N/A,1,1500,VIDE,0.0,0.0,0.0,4.849296,-0.698132,0.0,2,0,1159.802,26.526,,,,,,,,,,,,
5213,2026-04-23T08:27:20.711Z,S20260423_092137,N/A,AUTO,25.1266,342.8342,0.0608,N/A,1,1500,VIDE,0.0,0.0,0.0,4.861286,-0.698132,0.0,2,0,1156.083,20.255,,,,,,,,,,,,
5214,2026-04-23T08:27:20.776Z,S20260423_092137,N/A,AUTO,25.1919,342.8996,0.0654,N/A,1,1500,VIDE,0.0,0.0,0.0,4.873274,-0.698132,0.0,2,0,1152.508,19.85,,,,,,,,,,,,
5215,2026-04-23T08:27:20.838Z,S20260423_092137,N/A,AUTO,25.2545,342.9622,0.0624,N/A,1,1500,VIDE,0.0,0.0,0.0,4.885262,-0.698132,-0.0,2,0,1177.122,18.897,,,,,,,,,,,,
5216,2026-04-23T08:27:20.901Z,S20260423_092137,N/A,AUTO,25.3171,343.0248,0.0627,N/A,1,1500,VIDE,0.0,0.0,0.0,4.897249,-0.698132,-0.0,2,0,1190.33,19.063,,,,,,,,,,,,
5217,2026-04-23T08:27:20.980Z,S20260423_092137,N/A,AUTO,25.3964,343.104,0.0792,N/A,1,1500,VIDE,0.0,0.0,0.0,4.909235,-0.698132,-0.0,2,0,1207.225,19.152,,,,,,,,,,,,
5218,2026-04-23T08:27:21.024Z,S20260423_092137,N/A,AUTO,25.4405,343.1481,0.0441,N/A,1,1500,VIDE,0.0,0.0,0.0,4.909235,-0.698132,-0.0,2,0,1207.225,19.152,,,,,,,,,,,,
5219,2026-04-23T08:27:21.085Z,S20260423_092137,N/A,AUTO,25.5008,343.2085,0.0603,N/A,1,1500,VIDE,0.0,0.0,0.0,4.92122,-0.698132,0.0,2,0,1213.986,20.082,,,,,,,,,,,,
5220,2026-04-23T08:27:21.151Z,S20260423_092137,N/A,AUTO,25.5669,343.2745,0.0662,N/A,1,1500,VIDE,0.0,0.0,0.0,4.933203,-0.698132,0.0,2,0,1232.974,19.017,,,,,,,,,,,,
5221,2026-04-23T08:27:21.210Z,S20260423_092137,N/A,AUTO,25.6261,343.3338,0.0591,N/A,1,1500,VIDE,0.0,0.0,0.0,4.945186,-0.698132,0.0,2,0,1245.001,19.755,,,,,,,,,,,,
5222,2026-04-23T08:27:21.275Z,S20260423_092137,N/A,AUTO,25.6912,343.3988,0.0651,N/A,1,1500,VIDE,0.0,0.0,0.0,4.957168,-0.698132,-0.0,2,0,1262.955,19.508,,,,,,,,,,,,
5223,2026-04-23T08:27:21.338Z,S20260423_092137,N/A,AUTO,25.7539,343.4615,0.0627,N/A,1,1500,VIDE,0.0,0.0,0.0,4.969149,-0.698132,-0.0,2,0,1270.327,18.585,,,,,,,,,,,,
5224,2026-04-23T08:27:21.400Z,S20260423_092137,N/A,AUTO,25.8163,343.524,0.0627,N/A,1,1500,VIDE,0.0,0.0,0.0,4.969149,-0.698132,-0.0,2,0,1270.327,18.585,,,,,,,,,,,,
5225,2026-04-23T08:27:21.462Z,S20260423_092137,N/A,AUTO,25.8786,343.5863,0.0621,N/A,1,1500,VIDE,0.0,0.0,0.0,4.981128,-0.698132,-0.0,2,0,1284.256,18.341,,,,,,,,,,,,
5226,2026-04-23T08:27:21.524Z,S20260423_092137,N/A,AUTO,25.9398,343.6475,0.0613,N/A,1,1500,VIDE,0.0,0.0,0.0,5.005085,-0.698132,0.0,2,0,1276.56,15.088,,,,,,,,,,,,
5227,2026-04-23T08:27:21.584Z,S20260423_092137,N/A,AUTO,26.0002,343.7079,0.0604,N/A,1,1500,VIDE,0.0,0.0,0.0,5.017061,-0.698132,0.0,2,0,1257.072,13.27,,,,,,,,,,,,
5228,2026-04-23T08:27:21.647Z,S20260423_092137,N/A,AUTO,26.0631,343.7707,0.0629,N/A,1,1500,VIDE,0.0,0.0,0.0,5.041011,-0.698132,-0.0,2,0,1218.152,18.179,,,,,,,,,,,,
5229,2026-04-23T08:27:21.709Z,S20260423_092137,N/A,AUTO,26.1252,343.8329,0.0621,N/A,1,1500,VIDE,0.0,0.0,0.0,5.052985,-0.698132,0.0,2,0,1193.701,16.708,,,,,,,,,,,,
5230,2026-04-23T08:27:21.781Z,S20260423_092137,N/A,AUTO,26.1967,343.9044,0.0714,N/A,1,1500,VIDE,0.0,0.0,0.0,5.064957,-0.698132,0.0,2,0,1172.707,18.711,,,,,,,,,,,,
5231,2026-04-23T08:27:21.836Z,S20260423_092137,N/A,AUTO,26.252,343.9596,0.0551,N/A,1,1500,VIDE,0.0,0.0,0.0,5.076928,-0.698132,0.0,2,0,1185.373,19.306,,,,,,,,,,,,
5232,2026-04-23T08:27:21.898Z,S20260423_092137,N/A,AUTO,26.3137,344.0213,0.062,N/A,1,1500,VIDE,0.0,0.0,0.0,5.088899,-0.698132,-0.0,2,0,1190.364,19.676,,,,,,,,,,,,
5233,2026-04-23T08:27:21.996Z,S20260423_092137,N/A,AUTO,26.4118,344.1195,0.0981,N/A,1,1500,VIDE,0.0,0.0,0.0,5.112836,-0.698132,-0.0,2,0,1199.968,20.049,,,,,,,,,,,,
5234,2026-04-23T08:27:22.024Z,S20260423_092137,N/A,AUTO,26.4399,344.1476,0.0281,N/A,1,1500,VIDE,0.0,0.0,0.0,5.112836,-0.698132,-0.0,2,0,1199.968,20.049,,,,,,,,,,,,
5235,2026-04-23T08:27:22.085Z,S20260423_092137,N/A,AUTO,26.5008,344.2085,0.0608,N/A,1,1500,VIDE,0.0,0.0,0.0,5.124804,-0.698132,0.0,2,0,1224.83,21.875,,,,,,,,,,,,
5236,2026-04-23T08:27:22.148Z,S20260423_092137,N/A,AUTO,26.5637,344.2714,0.063,N/A,1,1500,VIDE,0.0,0.0,0.0,5.13677,-0.698132,0.0,2,0,1231.813,23.628,,,,,,,,,,,,
5237,2026-04-23T08:27:22.210Z,S20260423_092137,N/A,AUTO,26.6262,344.3338,0.0623,N/A,1,1500,VIDE,0.0,0.0,0.0,5.144746,-0.698132,0.0,2,0,1264.668,18.868,,,,,,,,,,,,
5238,2026-04-23T08:27:22.272Z,S20260423_092137,N/A,AUTO,26.6885,344.3961,0.0624,N/A,1,1500,VIDE,0.0,0.0,0.0,5.148735,-0.698132,0.0,2,0,1229.547,35.121,,,,,,,,,,,,
5239,2026-04-23T08:27:22.335Z,S20260423_092137,N/A,AUTO,26.7512,344.4589,0.0626,N/A,1,1500,VIDE,0.0,0.0,0.0,5.160699,-0.698132,-0.0,2,0,1256.671,19.802,,,,,,,,,,,,
5240,2026-04-23T08:27:22.398Z,S20260423_092137,N/A,AUTO,26.8143,344.522,0.0632,N/A,1,1500,VIDE,0.0,0.0,0.0,5.172662,-0.698132,-0.0,2,0,1272.239,18.313,,,,,,,,,,,,
5241,2026-04-23T08:27:22.462Z,S20260423_092137,N/A,AUTO,26.8779,344.5856,0.0635,N/A,1,1500,VIDE,0.0,0.0,0.0,5.184624,-0.698132,-0.0,2,0,1279.554,18.311,,,,,,,,,,,,
5242,2026-04-23T08:27:22.521Z,S20260423_092137,N/A,AUTO,26.9373,344.645,0.0595,N/A,1,1500,VIDE,0.0,0.0,0.0,5.196585,-0.698132,0.0,2,0,1288.561,19.819,,,,,,,,,,,,
5243,2026-04-23T08:27:22.584Z,S20260423_092137,N/A,AUTO,27.0004,344.7081,0.0631,N/A,1,1500,VIDE,0.0,0.0,0.0,5.220503,-0.698132,0.0,2,0,1250.62,18.301,,,,,,,,,,,,
5244,2026-04-23T08:27:22.650Z,S20260423_092137,N/A,AUTO,27.0662,344.7738,0.0658,N/A,1,1500,VIDE,0.0,0.0,0.0,5.23246,-0.698132,-0.0,2,0,1229.935,20.093,,,,,,,,,,,,
5245,2026-04-23T08:27:22.714Z,S20260423_092137,N/A,AUTO,27.1299,344.8375,0.0637,N/A,1,1500,VIDE,0.0,0.0,0.0,5.256373,-0.698132,0.0,2,0,1191.39,19.073,,,,,,,,,,,,
5246,2026-04-23T08:27:22.778Z,S20260423_092137,N/A,AUTO,27.1941,344.9017,0.0642,N/A,1,1500,VIDE,0.0,0.0,0.0,5.268327,-0.698132,0.0,2,0,1184.362,18.613,,,,,,,,,,,,
5247,2026-04-23T08:27:22.842Z,S20260423_092137,N/A,AUTO,27.2583,344.966,0.0642,N/A,1,1500,VIDE,0.0,0.0,0.0,5.280281,-0.698132,0.0,2,0,1188.961,18.72,,,,,,,,,,,,
5248,2026-04-23T08:27:22.904Z,S20260423_092137,N/A,AUTO,27.3206,345.0283,0.0621,N/A,1,1500,VIDE,0.0,0.0,0.0,5.292233,-0.698132,-0.0,2,0,1196.867,20.573,,,,,,,,,,,,
5249,2026-04-23T08:27:22.961Z,S20260423_092137,N/A,AUTO,27.3769,345.0846,0.0565,N/A,1,1500,VIDE,0.0,0.0,0.0,5.304184,-0.698132,-0.0,2,0,1196.285,19.151,,,,,,,,,,,,
5250,2026-04-23T08:27:23.025Z,S20260423_092137,N/A,AUTO,27.4407,345.1484,0.0636,N/A,1,1500,VIDE,0.0,0.0,0.0,5.316134,-0.698132,-0.0,2,0,1206.099,11.123,,,,,,,,,,,,
5251,2026-04-23T08:27:23.084Z,S20260423_092137,N/A,AUTO,27.5002,345.2078,0.0596,N/A,1,1500,VIDE,0.0,0.0,0.0,5.328084,-0.698132,-0.0,2,0,1215.997,16.86,,,,,,,,,,,,
5252,2026-04-23T08:27:23.155Z,S20260423_092137,N/A,AUTO,27.5707,345.2783,0.0704,N/A,1,1500,VIDE,0.0,0.0,0.0,5.340031,-0.698132,0.0,2,0,1227.694,17.073,,,,,,,,,,,,
5253,2026-04-23T08:27:23.211Z,S20260423_092137,N/A,AUTO,27.6268,345.3344,0.056,N/A,1,1500,VIDE,0.0,0.0,0.0,5.340031,-0.698132,0.0,2,0,1227.694,17.073,,,,,,,,,,,,
5254,2026-04-23T08:27:23.273Z,S20260423_092137,N/A,AUTO,27.6893,345.397,0.0628,N/A,1,1500,VIDE,0.0,0.0,0.0,5.351978,-0.698132,0.0,2,0,1210.468,6.34,,,,,,,,,,,,
5255,2026-04-23T08:27:23.339Z,S20260423_092137,N/A,AUTO,27.7549,345.4626,0.0656,N/A,1,1500,VIDE,0.0,0.0,0.0,5.363924,-0.698132,0.0,2,0,1224.862,19.508,,,,,,,,,,,,
5256,2026-04-23T08:27:23.398Z,S20260423_092137,N/A,AUTO,27.8141,345.5218,0.0592,N/A,1,1500,VIDE,0.0,0.0,0.0,5.375869,-0.698132,-0.0,2,0,1232.36,19.203,,,,,,,,,,,,
5257,2026-04-23T08:27:23.464Z,S20260423_092137,N/A,AUTO,27.8802,345.5879,0.0661,N/A,1,1500,VIDE,0.0,0.0,0.0,5.387812,-0.698132,-0.0,2,0,1247.872,19.644,,,,,,,,,,,,
5258,2026-04-23T08:27:23.524Z,S20260423_092137,N/A,AUTO,27.9405,345.6481,0.0603,N/A,1,1500,VIDE,0.0,0.0,0.0,5.411696,-0.698132,0.0,2,0,1217.209,19.728,,,,,,,,,,,,
5259,2026-04-23T08:27:23.585Z,S20260423_092137,N/A,AUTO,28.001,345.7087,0.0605,N/A,1,1500,VIDE,0.0,0.0,0.0,5.423636,-0.698132,0.0,2,0,1196.731,18.128,,,,,,,,,,,,
5260,2026-04-23T08:27:23.653Z,S20260423_092137,N/A,AUTO,28.0688,345.7765,0.0678,N/A,1,1500,VIDE,0.0,0.0,0.0,5.447514,-0.698132,0.0,2,0,1153.589,11.759,,,,,,,,,,,,
5261,2026-04-23T08:27:23.710Z,S20260423_092137,N/A,AUTO,28.1256,345.8333,0.0568,N/A,1,1500,VIDE,0.0,0.0,0.0,5.459451,-0.698132,-0.0,2,0,1132.57,15.031,,,,,,,,,,,,
5262,2026-04-23T08:27:23.779Z,S20260423_092137,N/A,AUTO,28.1947,345.9023,0.0689,N/A,1,1500,VIDE,0.0,0.0,0.0,5.475365,-0.698132,-0.0,2,0,1152.634,39.548,,,,,,,,,,,,
5263,2026-04-23T08:27:23.835Z,S20260423_092137,N/A,AUTO,28.2507,345.9584,0.0561,N/A,1,1500,VIDE,0.0,0.0,0.0,5.483321,-0.698132,-0.0,2,0,1117.938,17.576,,,,,,,,,,,,
5264,2026-04-23T08:27:23.897Z,S20260423_092137,N/A,AUTO,28.3135,346.0212,0.0628,N/A,1,1500,VIDE,0.0,0.0,0.0,5.495255,-0.698132,0.0,2,0,1121.635,19.459,,,,,,,,,,,,
5265,2026-04-23T08:27:23.994Z,S20260423_092137,N/A,AUTO,28.4099,346.1176,0.0964,N/A,1,1500,VIDE,0.0,0.0,0.0,5.519119,-0.698132,0.0,2,0,1130.417,31.301,,,,,,,,,,,,
5266,2026-04-23T08:27:24.025Z,S20260423_092137,N/A,AUTO,28.4416,346.1493,0.0316,N/A,1,1500,VIDE,0.0,0.0,0.0,5.519119,-0.698132,0.0,2,0,1130.417,31.301,,,,,,,,,,,,
5267,2026-04-23T08:27:24.084Z,S20260423_092137,N/A,AUTO,28.5003,346.208,0.0589,N/A,1,1500,VIDE,0.0,0.0,0.0,5.531049,-0.698132,-0.0,2,0,1142.975,20.053,,,,,,,,,,,,
5268,2026-04-23T08:27:24.154Z,S20260423_092137,N/A,AUTO,28.57,346.2776,0.0696,N/A,1,1500,VIDE,0.0,0.0,0.0,5.542978,-0.698132,-0.0,2,0,1157.796,24.219,,,,,,,,,,,,
5269,2026-04-23T08:27:24.213Z,S20260423_092137,N/A,AUTO,28.629,346.3367,0.0589,N/A,1,1500,VIDE,0.0,0.0,0.0,5.554906,-0.698132,-0.0,2,0,1165.601,18.213,,,,,,,,,,,,
5270,2026-04-23T08:27:24.279Z,S20260423_092137,N/A,AUTO,28.6946,346.4022,0.0657,N/A,1,1500,VIDE,0.0,0.0,0.0,5.566833,-0.698132,-0.0,2,0,1179.284,19.19,,,,,,,,,,,,
5271,2026-04-23T08:27:24.341Z,S20260423_092137,N/A,AUTO,28.7567,346.4643,0.062,N/A,1,1500,VIDE,0.0,0.0,0.0,5.578759,-0.698132,0.0,2,0,1186.041,18.808,,,,,,,,,,,,
5272,2026-04-23T08:27:24.400Z,S20260423_092137,N/A,AUTO,28.8157,346.5233,0.059,N/A,1,1500,VIDE,0.0,0.0,0.0,5.578759,-0.698132,0.0,2,0,1186.041,18.808,,,,,,,,,,,,
5273,2026-04-23T08:27:24.465Z,S20260423_092137,N/A,AUTO,28.8808,346.5884,0.0651,N/A,1,1500,VIDE,0.0,0.0,0.0,5.590683,-0.698132,0.0,2,0,1197.89,18.799,,,,,,,,,,,,
5274,2026-04-23T08:27:24.523Z,S20260423_092137,N/A,AUTO,28.9388,346.6464,0.0581,N/A,1,1500,VIDE,0.0,0.0,0.0,5.614529,-0.698132,-0.0,2,0,1183.698,19.313,,,,,,,,,,,,
5275,2026-04-23T08:27:24.584Z,S20260423_092137,N/A,AUTO,28.9999,346.7076,0.0612,N/A,1,1500,VIDE,0.0,0.0,0.0,5.638371,-0.698132,-0.0,2,0,1138.188,19.15,,,,,,,,,,,,
5276,2026-04-23T08:27:24.649Z,S20260423_092137,N/A,AUTO,29.0648,346.7725,0.0649,N/A,1,1500,VIDE,0.0,0.0,0.0,5.65029,-0.698132,0.0,2,0,1116.548,18.887,,,,,,,,,,,,
5277,2026-04-23T08:27:24.714Z,S20260423_092137,N/A,AUTO,29.1301,346.8378,0.0652,N/A,1,1500,VIDE,0.0,0.0,0.0,5.674124,-0.698132,0.0,2,0,1066.987,19.455,,,,,,,,,,,,
5278,2026-04-23T08:27:24.779Z,S20260423_092137,N/A,AUTO,29.1952,346.9029,0.0649,N/A,1,1500,VIDE,0.0,0.0,0.0,5.686039,-0.698132,-0.0,2,0,1050.949,19.247,,,,,,,,,,,,
5279,2026-04-23T08:27:24.841Z,S20260423_092137,N/A,AUTO,29.257,346.9647,0.0619,N/A,1,1500,VIDE,0.0,0.0,0.0,5.697954,-0.698132,-0.0,2,0,1059.167,18.853,,,,,,,,,,,,
5280,2026-04-23T08:27:24.904Z,S20260423_092137,N/A,AUTO,29.3203,347.0279,0.0633,N/A,1,1500,VIDE,0.0,0.0,0.0,5.709867,-0.698132,-0.0,2,0,1061.534,13.953,,,,,,,,,,,,
5281,2026-04-23T08:27:24.965Z,S20260423_092137,N/A,AUTO,29.3814,347.0891,0.0611,N/A,1,1500,VIDE,0.0,0.0,0.0,5.721779,-0.698132,0.0,2,0,1066.86,18.098,,,,,,,,,,,,
5282,2026-04-23T08:27:25.025Z,S20260423_092137,N/A,AUTO,29.4413,347.149,0.06,N/A,1,1500,VIDE,0.0,0.0,0.0,5.73369,-0.698132,0.0,2,0,1070.891,19.5,,,,,,,,,,,,
5283,2026-04-23T08:27:25.085Z,S20260423_092137,N/A,AUTO,29.5017,347.2094,0.06,N/A,1,1500,VIDE,0.0,0.0,0.0,5.7456,-0.698132,0.0,2,0,1066.948,8.061,,,,,,,,,,,,
5284,2026-04-23T08:27:25.154Z,S20260423_092137,N/A,AUTO,29.5704,347.278,0.069,N/A,1,1500,VIDE,0.0,0.0,0.0,5.757509,-0.698132,-0.0,2,0,1065.611,19.891,,,,,,,,,,,,
5285,2026-04-23T08:27:25.210Z,S20260423_092137,N/A,AUTO,29.6259,347.3336,0.0555,N/A,1,1500,VIDE,0.0,0.0,0.0,5.769416,-0.698132,-0.0,2,0,1074.628,16.769,,,,,,,,,,,,
5286,2026-04-23T08:27:25.273Z,S20260423_092137,N/A,AUTO,29.6896,347.3973,0.0637,N/A,1,1500,VIDE,0.0,0.0,0.0,5.781322,-0.698132,-0.0,2,0,1076.551,18.473,,,,,,,,,,,,
5287,2026-04-23T08:27:25.338Z,S20260423_092137,N/A,AUTO,29.7538,347.4615,0.0642,N/A,1,1500,VIDE,0.0,0.0,0.0,5.793227,-0.698132,0.0,2,0,1082.7,19.138,,,,,,,,,,,,
5288,2026-04-23T08:27:25.402Z,S20260423_092137,N/A,AUTO,29.8177,347.5254,0.064,N/A,1,1500,VIDE,0.0,0.0,0.0,5.805131,-0.698132,0.0,2,0,1094.049,14.443,,,,,,,,,,,,
5289,2026-04-23T08:27:25.463Z,S20260423_092137,N/A,AUTO,29.8789,347.5866,0.0612,N/A,1,1500,VIDE,0.0,0.0,0.0,5.817034,-0.698132,0.0,2,0,1096.543,13.388,,,,,,,,,,,,
5290,2026-04-23T08:27:25.525Z,S20260423_092137,N/A,AUTO,29.9409,347.6485,0.062,N/A,1,1500,VIDE,0.0,0.0,0.0,5.828936,-0.698132,-0.0,2,0,1079.315,13.368,,,,,,,,,,,,
5291,2026-04-23T08:27:25.584Z,S20260423_092137,N/A,AUTO,30.0005,347.7082,0.0596,N/A,1,1500,VIDE,0.0,0.0,0.0,5.852736,-0.698132,-0.0,2,0,1027.971,18.34,,,,,,,,,,,,
5292,2026-04-23T08:27:25.656Z,S20260423_092137,N/A,AUTO,30.0717,347.7794,0.0712,N/A,1,1500,VIDE,0.0,0.0,0.0,5.87653,-0.698132,0.0,2,0,975.649,19.686,,,,,,,,,,,,
5293,2026-04-23T08:27:25.718Z,S20260423_092137,N/A,AUTO,30.1344,347.842,0.0626,N/A,1,1500,VIDE,0.0,0.0,0.0,5.900321,-0.698132,-0.0,2,0,921.446,22.829,,,,,,,,,,,,
5294,2026-04-23T08:27:25.778Z,S20260423_092137,N/A,AUTO,30.1944,347.902,0.06,N/A,1,1500,VIDE,0.0,0.0,0.0,5.912214,-0.698132,-0.0,2,0,912.063,22.467,,,,,,,,,,,,
5295,2026-04-23T08:27:25.835Z,S20260423_092137,N/A,AUTO,30.2508,347.9584,0.0563,N/A,1,1500,VIDE,0.0,0.0,0.0,5.924106,-0.698132,0.0,2,0,920.206,21.69,,,,,,,,,,,,
5296,2026-04-23T08:27:25.898Z,S20260423_092137,N/A,AUTO,30.3137,348.0214,0.0631,N/A,1,1500,VIDE,0.0,0.0,0.0,5.924106,-0.698132,0.0,2,0,920.206,21.69,,,,,,,,,,,,
5297,2026-04-23T08:27:25.974Z,S20260423_092137,N/A,AUTO,30.3903,348.098,0.0766,N/A,1,1500,VIDE,0.0,0.0,0.0,5.947887,-0.698132,0.0,2,0,942.085,19.764,,,,,,,,,,,,
5298,2026-04-23T08:27:26.026Z,S20260423_092137,N/A,AUTO,30.4419,348.1496,0.0516,N/A,1,1500,VIDE,0.0,0.0,0.0,5.947887,-0.698132,0.0,2,0,942.085,19.764,,,,,,,,,,,,
5299,2026-04-23T08:27:26.084Z,S20260423_092137,N/A,AUTO,30.4999,348.2076,0.058,N/A,1,1500,VIDE,0.0,0.0,0.0,5.959775,-0.698132,-0.0,2,0,948.944,18.263,,,,,,,,,,,,
5300,2026-04-23T08:27:26.155Z,S20260423_092137,N/A,AUTO,30.5708,348.2784,0.0708,N/A,1,1500,VIDE,0.0,0.0,0.0,5.975625,-0.698132,-0.0,2,0,989.106,38.675,,,,,,,,,,,,
5301,2026-04-23T08:27:26.215Z,S20260423_092137,N/A,AUTO,30.6311,348.3388,0.0603,N/A,1,1500,VIDE,0.0,0.0,0.0,5.987511,-0.698132,-0.0,2,0,989.061,36.366,,,,,,,,,,,,
5302,2026-04-23T08:27:26.280Z,S20260423_092137,N/A,AUTO,30.6961,348.4038,0.0649,N/A,1,1500,VIDE,0.0,0.0,0.0,5.995434,-0.698132,-0.0,2,0,955.733,18.989,,,,,,,,,,,,
5303,2026-04-23T08:27:26.342Z,S20260423_092137,N/A,AUTO,30.7584,348.4661,0.0626,N/A,1,1500,VIDE,0.0,0.0,0.0,6.007318,-0.698132,0.0,2,0,963.603,19.515,,,,,,,,,,,,
5304,2026-04-23T08:27:26.404Z,S20260423_092137,N/A,AUTO,30.8203,348.5279,0.0617,N/A,1,1500,VIDE,0.0,0.0,0.0,6.0192,-0.698132,0.0,2,0,974.233,17.848,,,,,,,,,,,,
5305,2026-04-23T08:27:26.463Z,S20260423_092137,N/A,AUTO,30.8789,348.5866,0.0588,N/A,1,1500,VIDE,0.0,0.0,0.0,6.031082,-0.698132,0.0,2,0,973.371,18.508,,,,,,,,,,,,
5306,2026-04-23T08:27:26.522Z,S20260423_092137,N/A,AUTO,30.9378,348.6455,0.0589,N/A,1,1500,VIDE,0.0,0.0,0.0,6.054841,-0.698132,-0.0,2,0,950.38,19.234,,,,,,,,,,,,
5307,2026-04-23T08:27:26.584Z,S20260423_092137,N/A,AUTO,30.9999,348.7076,0.0621,N/A,1,1500,VIDE,0.0,0.0,0.0,6.070677,-0.698132,-0.0,2,0,939.91,10.629,,,,,,,,,,,,
5308,2026-04-23T08:27:26.649Z,S20260423_092137,N/A,AUTO,31.0649,348.7726,0.065,N/A,1,1500,VIDE,0.0,0.0,0.0,6.09047,-0.698132,-0.0,2,0,878.208,18.971,,,,,,,,,,,,
5309,2026-04-23T08:27:26.714Z,S20260423_092137,N/A,AUTO,31.1303,348.8379,0.0654,N/A,1,1500,VIDE,0.0,0.0,0.0,6.114217,-0.698132,0.0,2,0,827.208,18.712,,,,,,,,,,,,
5310,2026-04-23T08:27:26.778Z,S20260423_092137,N/A,AUTO,31.1945,348.9021,0.0642,N/A,1,1500,VIDE,0.0,0.0,0.0,6.126089,-0.698132,0.0,2,0,803.575,17.015,,,,,,,,,,,,
5311,2026-04-23T08:27:26.840Z,S20260423_092137,N/A,AUTO,31.2563,348.964,0.0619,N/A,1,1500,VIDE,0.0,0.0,0.0,6.137959,-0.698132,-0.0,2,0,811.679,7.708,,,,,,,,,,,,
5312,2026-04-23T08:27:26.903Z,S20260423_092137,N/A,AUTO,31.3195,349.0272,0.0631,N/A,1,1500,VIDE,0.0,0.0,0.0,6.149828,-0.698132,-0.0,2,0,817.877,19.11,,,,,,,,,,,,
5313,2026-04-23T08:27:26.962Z,S20260423_092137,N/A,AUTO,31.3779,349.0856,0.0585,N/A,1,1500,VIDE,0.0,0.0,0.0,6.161696,-0.698132,-0.0,2,0,823.284,19.664,,,,,,,,,,,,
5314,2026-04-23T08:27:27.025Z,S20260423_092137,N/A,AUTO,31.441,349.1487,0.0627,N/A,1,1500,VIDE,0.0,0.0,0.0,6.173563,-0.698132,0.0,2,0,823.438,19.834,,,,,,,,,,,,
5315,2026-04-23T08:27:27.085Z,S20260423_092137,N/A,AUTO,31.5011,349.2088,0.0603,N/A,1,1500,VIDE,0.0,0.0,0.0,6.185429,-0.698132,0.0,2,0,842.844,19.896,,,,,,,,,,,,
5316,2026-04-23T08:27:27.148Z,S20260423_092137,N/A,AUTO,31.5641,349.2718,0.0631,N/A,1,1500,VIDE,0.0,0.0,0.0,6.197293,-0.698132,0.0,2,0,841.53,24.788,,,,,,,,,,,,
5317,2026-04-23T08:27:27.210Z,S20260423_092137,N/A,AUTO,31.6262,349.3339,0.0621,N/A,1,1500,VIDE,0.0,0.0,0.0,6.201247,-0.698132,0.0,2,0,902.549,61.018,,,,,,,,,,,,
5318,2026-04-23T08:27:27.274Z,S20260423_092137,N/A,AUTO,31.6901,349.3978,0.0639,N/A,1,1500,VIDE,0.0,0.0,0.0,6.217064,-0.698132,-0.0,2,0,888.718,18.424,,,,,,,,,,,,
5319,2026-04-23T08:27:27.338Z,S20260423_092137,N/A,AUTO,31.7538,349.4615,0.0637,N/A,1,1500,VIDE,0.0,0.0,0.0,6.224971,-0.698132,-0.0,2,0,912.349,43.933,,,,,,,,,,,,
5320,2026-04-23T08:27:27.401Z,S20260423_092137,N/A,AUTO,31.8175,349.5251,0.0636,N/A,1,1500,VIDE,0.0,0.0,0.0,6.244738,-0.698132,0.0,2,0,874.448,21.013,,,,,,,,,,,,
5321,2026-04-23T08:27:27.463Z,S20260423_092137,N/A,AUTO,31.879,349.5867,0.0615,N/A,1,1500,VIDE,0.0,0.0,0.0,6.244738,-0.698132,0.0,2,0,874.448,21.013,,,,,,,,,,,,
5322,2026-04-23T08:27:27.525Z,S20260423_092137,N/A,AUTO,31.9405,349.6482,0.0617,N/A,1,1500,VIDE,0.0,0.0,0.0,6.268453,-0.698132,0.0,2,0,864.402,19.569,,,,,,,,,,,,
5323,2026-04-23T08:27:27.585Z,S20260423_092137,N/A,AUTO,32.0008,349.7084,0.0602,N/A,1,1500,VIDE,0.0,0.0,0.0,6.292162,-0.698132,-0.0,2,0,816.076,19.625,,,,,,,,,,,,
5324,2026-04-23T08:27:27.653Z,S20260423_092137,N/A,AUTO,32.0694,349.777,0.0686,N/A,1,1500,VIDE,0.0,0.0,0.0,6.315867,-0.698132,0.0,2,0,768.249,18.584,,,,,,,,,,,,
5325,2026-04-23T08:27:27.715Z,S20260423_092137,N/A,AUTO,32.1306,349.8383,0.0613,N/A,1,1500,VIDE,0.0,0.0,0.0,6.327718,-0.698132,0.0,2,0,745.118,18.855,,,,,,,,,,,,
5326,2026-04-23T08:27:27.778Z,S20260423_092137,N/A,AUTO,32.1938,349.9015,0.0632,N/A,1,1500,VIDE,0.0,0.0,0.0,6.339567,-0.698132,-0.0,2,0,719.901,18.382,,,,,,,,,,,,
5327,2026-04-23T08:27:27.840Z,S20260423_092137,N/A,AUTO,32.2558,349.9635,0.0619,N/A,1,1500,VIDE,0.0,0.0,0.0,6.351415,-0.698132,-0.0,2,0,728.256,19.186,,,,,,,,,,,,
5328,2026-04-23T08:27:27.898Z,S20260423_092137,N/A,AUTO,32.3141,350.0218,0.0584,N/A,1,1500,VIDE,0.0,0.0,0.0,6.363262,-0.698132,-0.0,2,0,733.42,17.767,,,,,,,,,,,,
5329,2026-04-23T08:27:27.982Z,S20260423_092137,N/A,AUTO,32.398,350.1057,0.0838,N/A,1,1500,VIDE,0.0,0.0,0.0,6.386951,-0.698132,0.0,2,0,730.398,19.614,,,,,,,,,,,,
5330,2026-04-23T08:27:28.025Z,S20260423_092137,N/A,AUTO,32.4411,350.1487,0.043,N/A,1,1500,VIDE,0.0,0.0,0.0,6.386951,-0.698132,0.0,2,0,730.398,19.614,,,,,,,,,,,,
5331,2026-04-23T08:27:28.084Z,S20260423_092137,N/A,AUTO,32.5005,350.2082,0.0594,N/A,1,1500,VIDE,0.0,0.0,0.0,6.398795,-0.698132,0.0,2,0,730.787,18.216,,,,,,,,,,,,
5332,2026-04-23T08:27:28.149Z,S20260423_092137,N/A,AUTO,32.5649,350.2726,0.0644,N/A,1,1500,VIDE,0.0,0.0,0.0,6.410636,-0.698132,-0.0,2,0,743.221,14.265,,,,,,,,,,,,
5333,2026-04-23T08:27:28.212Z,S20260423_092137,N/A,AUTO,32.6285,350.3361,0.0635,N/A,1,1500,VIDE,0.0,0.0,0.0,6.422477,-0.698132,-0.0,2,0,756.51,10.373,,,,,,,,,,,,
5334,2026-04-23T08:27:28.273Z,S20260423_092137,N/A,AUTO,32.6891,350.3968,0.0608,N/A,1,1500,VIDE,0.0,0.0,0.0,6.434316,-0.698132,0.0,2,0,771.63,17.805,,,,,,,,,,,,
5335,2026-04-23T08:27:28.336Z,S20260423_092137,N/A,AUTO,32.7516,350.4593,0.0624,N/A,1,1500,VIDE,0.0,0.0,0.0,6.446154,-0.698132,0.0,2,0,781.494,18.502,,,,,,,,,,,,
5336,2026-04-23T08:27:28.397Z,S20260423_092137,N/A,AUTO,32.8131,350.5208,0.0614,N/A,1,1500,VIDE,0.0,0.0,0.0,6.45799,-0.698132,0.0,2,0,789.529,18.194,,,,,,,,,,,,
5337,2026-04-23T08:27:28.460Z,S20260423_092137,N/A,AUTO,32.8762,350.5839,0.063,N/A,1,1500,VIDE,0.0,0.0,0.0,6.469826,-0.698132,-0.0,2,0,794.73,18.351,,,,,,,,,,,,
5338,2026-04-23T08:27:28.522Z,S20260423_092137,N/A,AUTO,32.9379,350.6456,0.0618,N/A,1,1500,VIDE,0.0,0.0,0.0,6.481659,-0.698132,-0.0,2,0,773.4,19.537,,,,,,,,,,,,
5339,2026-04-23T08:27:28.584Z,S20260423_092137,N/A,AUTO,33.0002,350.7079,0.0624,N/A,1,1500,VIDE,0.0,0.0,0.0,6.505324,-0.698132,0.0,2,0,717.784,24.096,,,,,,,,,,,,
5340,2026-04-23T08:27:28.647Z,S20260423_092137,N/A,AUTO,33.0627,350.7704,0.0626,N/A,1,1500,VIDE,0.0,0.0,0.0,6.528983,-0.698132,-0.0,2,0,652.826,38.628,,,,,,,,,,,,
5341,2026-04-23T08:27:28.713Z,S20260423_092137,N/A,AUTO,33.1295,350.8371,0.0668,N/A,1,1500,VIDE,0.0,0.0,0.0,6.552637,-0.698132,-0.0,2,0,620.118,19.313,,,,,,,,,,,,
5342,2026-04-23T08:27:28.778Z,S20260423_092137,N/A,AUTO,33.1941,350.9017,0.0645,N/A,1,1500,VIDE,0.0,0.0,0.0,6.564462,-0.698132,-0.0,2,0,611.682,19.757,,,,,,,,,,,,
5343,2026-04-23T08:27:28.835Z,S20260423_092137,N/A,AUTO,33.2507,350.9584,0.0565,N/A,1,1500,VIDE,0.0,0.0,0.0,6.576285,-0.698132,0.0,2,0,610.182,19.001,,,,,,,,,,,,
5344,2026-04-23T08:27:28.905Z,S20260423_092137,N/A,AUTO,33.3212,351.0289,0.0702,N/A,1,1500,VIDE,0.0,0.0,0.0,6.588108,-0.698132,0.0,2,0,613.388,18.913,,,,,,,,,,,,
5345,2026-04-23T08:27:28.973Z,S20260423_092137,N/A,AUTO,33.3892,351.0969,0.0684,N/A,1,1500,VIDE,0.0,0.0,0.0,6.599929,-0.698132,0.0,2,0,612.429,18.336,,,,,,,,,,,,
5346,2026-04-23T08:27:29.024Z,S20260423_092137,N/A,AUTO,33.4406,351.1483,0.0513,N/A,1,1500,VIDE,0.0,0.0,0.0,6.611749,-0.698132,-0.0,2,0,616.068,18.752,,,,,,,,,,,,
5347,2026-04-23T08:27:29.086Z,S20260423_092137,N/A,AUTO,33.5017,351.2094,0.0611,N/A,1,1500,VIDE,0.0,0.0,0.0,6.623567,-0.698132,-0.0,2,0,621.299,18.438,,,,,,,,,,,,
5348,2026-04-23T08:27:29.159Z,S20260423_092137,N/A,AUTO,33.5752,351.2829,0.0736,N/A,1,1500,VIDE,0.0,0.0,0.0,6.635384,-0.698132,-0.0,2,0,627.548,20.216,,,,,,,,,,,,
5349,2026-04-23T08:27:29.209Z,S20260423_092137,N/A,AUTO,33.6253,351.3329,0.0501,N/A,1,1500,VIDE,0.0,0.0,0.0,6.6472,-0.698132,0.0,2,0,635.066,18.573,,,,,,,,,,,,
5350,2026-04-23T08:27:29.274Z,S20260423_092137,N/A,AUTO,33.69,351.3976,0.0645,N/A,1,1500,VIDE,0.0,0.0,0.0,6.659015,-0.698132,0.0,2,0,643.087,19.011,,,,,,,,,,,,
5351,2026-04-23T08:27:29.338Z,S20260423_092137,N/A,AUTO,33.7544,351.462,0.0645,N/A,1,1500,VIDE,0.0,0.0,0.0,6.66689,-0.698132,0.0,2,0,673.062,14.22,,,,,,,,,,,,
5352,2026-04-23T08:27:29.398Z,S20260423_092137,N/A,AUTO,33.8138,351.5214,0.0593,N/A,1,1500,VIDE,0.0,0.0,0.0,6.670828,-0.698132,0.0,2,0,655.401,17.661,,,,,,,,,,,,
5353,2026-04-23T08:27:29.462Z,S20260423_092137,N/A,AUTO,33.8787,351.5864,0.0649,N/A,1,1500,VIDE,0.0,0.0,0.0,6.68264,-0.698132,-0.0,2,0,655.815,19.141,,,,,,,,,,,,
5354,2026-04-23T08:27:29.523Z,S20260423_092137,N/A,AUTO,33.939,351.6466,0.0605,N/A,1,1500,VIDE,0.0,0.0,0.0,6.70626,-0.698132,-0.0,2,0,642.022,19.621,,,,,,,,,,,,
5355,2026-04-23T08:27:29.584Z,S20260423_092137,N/A,AUTO,34.0003,351.7079,0.0613,N/A,1,1500,VIDE,0.0,0.0,0.0,6.729874,-0.698132,0.0,2,0,590.755,9.113,,,,,,,,,,,,
5356,2026-04-23T08:27:29.652Z,S20260423_092137,N/A,AUTO,34.0677,351.7754,0.0674,N/A,1,1500,VIDE,0.0,0.0,0.0,6.753483,-0.698132,-0.0,2,0,541.652,18.896,,,,,,,,,,,,
5357,2026-04-23T08:27:29.715Z,S20260423_092137,N/A,AUTO,34.131,351.8386,0.0632,N/A,1,1500,VIDE,0.0,0.0,0.0,6.777088,-0.698132,-0.0,2,0,489.293,19.849,,,,,,,,,,,,
5358,2026-04-23T08:27:29.778Z,S20260423_092137,N/A,AUTO,34.1945,351.9022,0.0635,N/A,1,1500,VIDE,0.0,0.0,0.0,6.788888,-0.698132,0.0,2,0,488.672,17.621,,,,,,,,,,,,
5359,2026-04-23T08:27:29.841Z,S20260423_092137,N/A,AUTO,34.2569,351.9645,0.0623,N/A,1,1500,VIDE,0.0,0.0,0.0,6.800686,-0.698132,0.0,2,0,484.481,22.969,,,,,,,,,,,,
5360,2026-04-23T08:27:29.898Z,S20260423_092137,N/A,AUTO,34.3136,352.0212,0.0568,N/A,1,1500,VIDE,0.0,0.0,0.0,6.812483,-0.698132,0.0,2,0,489.3,22.439,,,,,,,,,,,,
5361,2026-04-23T08:27:29.966Z,S20260423_092137,N/A,AUTO,34.3819,352.0895,0.0682,N/A,1,1500,VIDE,0.0,0.0,0.0,6.824279,-0.698132,0.0,2,0,480.979,30.25,,,,,,,,,,,,
5362,2026-04-23T08:27:30.025Z,S20260423_092137,N/A,AUTO,34.4411,352.1487,0.0591,N/A,1,1500,VIDE,0.0,0.0,0.0,6.836074,-0.698132,-0.0,2,0,487.045,24.452,,,,,,,,,,,,
5363,2026-04-23T08:27:30.085Z,S20260423_092137,N/A,AUTO,34.501,352.2086,0.0599,N/A,1,1500,VIDE,0.0,0.0,0.0,6.840005,-0.698132,-0.0,2,0,539.758,52.713,,,,,,,,,,,,
5364,2026-04-23T08:27:30.152Z,S20260423_092137,N/A,AUTO,34.5677,352.2753,0.0667,N/A,1,1500,VIDE,0.0,0.0,0.0,6.847867,-0.698132,-0.0,2,0,502.986,19.307,,,,,,,,,,,,
5365,2026-04-23T08:27:30.213Z,S20260423_092137,N/A,AUTO,34.6292,352.3368,0.0615,N/A,1,1500,VIDE,0.0,0.0,0.0,6.859659,-0.698132,-0.0,2,0,514.994,19.724,,,,,,,,,,,,
5366,2026-04-23T08:27:30.272Z,S20260423_092137,N/A,AUTO,34.6885,352.3961,0.0593,N/A,1,1500,VIDE,0.0,0.0,0.0,6.871449,-0.698132,0.0,2,0,518.498,18.636,,,,,,,,,,,,
5367,2026-04-23T08:27:30.340Z,S20260423_092137,N/A,AUTO,34.7564,352.4641,0.0678,N/A,1,1500,VIDE,0.0,0.0,0.0,6.883239,-0.698132,0.0,2,0,522.979,18.585,,,,,,,,,,,,
5368,2026-04-23T08:27:30.398Z,S20260423_092137,N/A,AUTO,34.8144,352.5221,0.0582,N/A,1,1500,VIDE,0.0,0.0,0.0,6.895027,-0.698132,0.0,2,0,524.786,19.118,,,,,,,,,,,,
5369,2026-04-23T08:27:30.463Z,S20260423_092137,N/A,AUTO,34.8791,352.5868,0.0646,N/A,1,1500,VIDE,0.0,0.0,0.0,6.906813,-0.698132,-0.0,2,0,534.411,19.195,,,,,,,,,,,,
5370,2026-04-23T08:27:30.522Z,S20260423_092137,N/A,AUTO,34.9377,352.6454,0.0588,N/A,1,1500,VIDE,0.0,0.0,0.0,6.930382,-0.698132,-0.0,2,0,502.784,18.787,,,,,,,,,,,,
5371,2026-04-23T08:27:30.584Z,S20260423_092137,N/A,AUTO,35.0,352.7077,0.0623,N/A,1,1500,VIDE,0.0,0.0,0.0,6.953946,-0.698132,0.0,2,0,450.936,19.467,,,,,,,,,,,,
5372,2026-04-23T08:27:30.649Z,S20260423_092137,N/A,AUTO,35.0647,352.7724,0.0647,N/A,1,1500,VIDE,0.0,0.0,0.0,6.977504,-0.698132,-0.0,2,0,400.631,18.7,,,,,,,,,,,,
5373,2026-04-23T08:27:30.713Z,S20260423_092137,N/A,AUTO,35.1293,352.837,0.0646,N/A,1,1500,VIDE,0.0,0.0,0.0,7.001056,-0.698132,-0.0,2,0,346.019,10.757,,,,,,,,,,,,
5374,2026-04-23T08:27:30.777Z,S20260423_092137,N/A,AUTO,35.1928,352.9005,0.0634,N/A,1,1500,VIDE,0.0,0.0,0.0,7.012831,-0.698132,0.0,2,0,339.211,16.199,,,,,,,,,,,,
5375,2026-04-23T08:27:30.841Z,S20260423_092137,N/A,AUTO,35.2575,352.9651,0.0646,N/A,1,1500,VIDE,0.0,0.0,0.0,7.024603,-0.698132,0.0,2,0,338.517,17.713,,,,,,,,,,,,
5376,2026-04-23T08:27:30.904Z,S20260423_092137,N/A,AUTO,35.3204,353.028,0.0629,N/A,1,1500,VIDE,0.0,0.0,0.0,7.036375,-0.698132,0.0,2,0,346.181,14.206,,,,,,,,,,,,
5377,2026-04-23T08:27:30.975Z,S20260423_092137,N/A,AUTO,35.3909,353.0986,0.0706,N/A,1,1500,VIDE,0.0,0.0,0.0,7.048145,-0.698132,-0.0,2,0,340.025,18.834,,,,,,,,,,,,
5378,2026-04-23T08:27:31.025Z,S20260423_092137,N/A,AUTO,35.4413,353.149,0.0505,N/A,1,1500,VIDE,0.0,0.0,0.0,7.059914,-0.698132,-0.0,2,0,339.728,19.185,,,,,,,,,,,,
5379,2026-04-23T08:27:31.084Z,S20260423_092137,N/A,AUTO,35.5006,353.2082,0.0592,N/A,1,1500,VIDE,0.0,0.0,0.0,7.071681,-0.698132,-0.0,2,0,346.238,18.758,,,,,,,,,,,,
5380,2026-04-23T08:27:31.153Z,S20260423_092137,N/A,AUTO,35.5691,353.2768,0.0686,N/A,1,1500,VIDE,0.0,0.0,0.0,7.083447,-0.698132,-0.0,2,0,349.186,22.512,,,,,,,,,,,,
5381,2026-04-23T08:27:31.210Z,S20260423_092137,N/A,AUTO,35.6262,353.3339,0.0571,N/A,1,1500,VIDE,0.0,0.0,0.0,7.09129,-0.698132,0.0,2,0,383.816,13.445,,,,,,,,,,,,
5382,2026-04-23T08:27:31.274Z,S20260423_092137,N/A,AUTO,35.69,353.3977,0.0636,N/A,1,1500,VIDE,0.0,0.0,0.0,7.106975,-0.698132,0.0,2,0,363.871,19.888,,,,,,,,,,,,
5383,2026-04-23T08:27:31.338Z,S20260423_092137,N/A,AUTO,35.7537,353.4614,0.0639,N/A,1,1500,VIDE,0.0,0.0,0.0,7.118737,-0.698132,0.0,2,0,358.583,31.058,,,,,,,,,,,,
5384,2026-04-23T08:27:31.400Z,S20260423_092137,N/A,AUTO,35.8156,353.5233,0.0619,N/A,1,1500,VIDE,0.0,0.0,0.0,7.130497,-0.698132,-0.0,2,0,370.973,18.892,,,,,,,,,,,,
5385,2026-04-23T08:27:31.462Z,S20260423_092137,N/A,AUTO,35.8784,353.586,0.0627,N/A,1,1500,VIDE,0.0,0.0,0.0,7.142256,-0.698132,-0.0,2,0,370.447,19.546,,,,,,,,,,,,
5386,2026-04-23T08:27:31.523Z,S20260423_092137,N/A,AUTO,35.9394,353.647,0.061,N/A,1,1500,VIDE,0.0,0.0,0.0,7.154014,-0.698132,-0.0,2,0,358.35,19.007,,,,,,,,,,,,
5387,2026-04-23T08:27:31.584Z,S20260423_092137,N/A,AUTO,36.0002,353.7078,0.0609,N/A,1,1500,VIDE,0.0,0.0,0.0,7.177525,-0.698132,0.0,2,0,300.669,19.595,,,,,,,,,,,,
5388,2026-04-23T08:27:31.647Z,S20260423_092137,N/A,AUTO,36.0633,353.771,0.0632,N/A,1,1500,VIDE,0.0,0.0,0.0,7.20103,-0.698132,-0.0,2,0,250.733,19.069,,,,,,,,,,,,
5389,2026-04-23T08:27:31.710Z,S20260423_092137,N/A,AUTO,36.1258,353.8335,0.0625,N/A,1,1500,VIDE,0.0,0.0,0.0,7.22453,-0.698132,-0.0,2,0,200.645,19.564,,,,,,,,,,,,
5390,2026-04-23T08:27:31.773Z,S20260423_092137,N/A,AUTO,36.1889,353.8965,0.063,N/A,1,1500,VIDE,0.0,0.0,0.0,7.236278,-0.698132,0.0,2,0,192.113,15.6,,,,,,,,,,,,
5391,2026-04-23T08:27:31.834Z,S20260423_092137,N/A,AUTO,36.2503,353.958,0.0615,N/A,1,1500,VIDE,0.0,0.0,0.0,7.248024,-0.698132,0.0,2,0,197.565,18.402,,,,,,,,,,,,
5392,2026-04-23T08:27:31.897Z,S20260423_092137,N/A,AUTO,36.3133,354.021,0.0628,N/A,1,1500,VIDE,0.0,0.0,0.0,7.251939,-0.698132,0.0,2,0,251.376,53.811,,,,,,,,,,,,
5393,2026-04-23T08:27:32.004Z,S20260423_092137,N/A,AUTO,36.4203,354.1279,0.1071,N/A,1,1500,VIDE,0.0,0.0,0.0,7.271513,-0.698132,-0.0,1,0,253.719,9.693,,,,,,,,,,,,
5394,2026-04-23T08:27:32.027Z,S20260423_092137,N/A,AUTO,36.4427,354.1504,0.0224,N/A,1,1500,VIDE,0.0,0.0,0.0,7.271513,-0.698132,-0.0,1,0,253.719,9.693,,,,,,,,,,,,
5395,2026-04-23T08:27:32.085Z,S20260423_092137,N/A,AUTO,36.5009,354.2085,0.0582,N/A,1,1500,VIDE,0.0,0.0,0.0,7.282339,-0.698132,0.0,1,0,260.707,18.865,,,,,,,,,,,,
5396,2026-04-23T08:27:32.148Z,S20260423_092137,N/A,AUTO,36.5642,354.2718,0.0633,N/A,1,1500,VIDE,0.0,0.0,0.0,7.29148,-0.698132,0.0,1,0,259.835,17.892,,,,,,,,,,,,
5397,2026-04-23T08:27:32.215Z,S20260423_092137,N/A,AUTO,36.6315,354.3392,0.0674,N/A,1,1500,VIDE,0.0,0.0,0.0,7.299126,-0.698132,0.0,1,0,275.021,15.866,,,,,,,,,,,,
5398,2026-04-23T08:27:32.282Z,S20260423_092137,N/A,AUTO,36.698,354.4057,0.0666,N/A,1,1500,VIDE,0.0,0.0,0.0,7.305433,-0.698132,0.0,1,0,246.671,16.481,,,,,,,,,,,,
5399,2026-04-23T08:27:32.345Z,S20260423_092137,N/A,AUTO,36.761,354.4686,0.063,N/A,1,1500,VIDE,0.0,0.0,0.0,7.310541,-0.698132,-0.0,1,0,251.543,19.171,,,,,,,,,,,,
5400,2026-04-23T08:27:32.405Z,S20260423_092137,N/A,AUTO,36.8207,354.5283,0.0596,N/A,1,1500,VIDE,0.0,0.0,0.0,7.314578,-0.698132,-0.0,1,0,249.971,19.695,,,,,,,,,,,,
5401,2026-04-23T08:27:32.463Z,S20260423_092137,N/A,AUTO,36.879,354.5867,0.0583,N/A,1,1500,VIDE,0.0,0.0,0.0,7.317677,-0.698132,-0.0,1,0,255.839,19.143,,,,,,,,,,,,
5402,2026-04-23T08:27:32.525Z,S20260423_092137,N/A,AUTO,36.9407,354.6483,0.0616,N/A,1,1500,VIDE,0.0,0.0,0.0,7.319963,-0.698132,0.0,1,0,236.058,18.944,,,,,,,,,,,,
5403,2026-04-23T08:27:32.585Z,S20260423_092137,N/A,AUTO,37.0006,354.7083,0.0601,N/A,1,1500,VIDE,0.0,0.0,0.0,7.322483,-0.698132,0.0,1,0,183.628,19.373,,,,,,,,,,,,
5404,2026-04-23T08:27:32.650Z,S20260423_092137,N/A,AUTO,37.0664,354.774,0.0657,N/A,1,1500,VIDE,0.0,0.0,0.0,7.322691,-0.698132,-0.0,1,0,130.798,19.388,,,,,,,,,,,,
5405,2026-04-23T08:27:32.713Z,S20260423_092137,N/A,AUTO,37.129,354.8367,0.0627,N/A,1,1500,VIDE,0.0,0.0,0.0,7.32105,-0.698132,-0.0,1,0,79.148,20.119,,,,,,,,,,,,
5406,2026-04-23T08:27:32.778Z,S20260423_092137,N/A,AUTO,37.1943,354.9019,0.0652,N/A,1,1500,VIDE,0.0,0.0,0.0,7.319695,-0.698132,0.0,1,0,72.657,18.922,,,,,,,,,,,,
5407,2026-04-23T08:27:32.842Z,S20260423_092137,N/A,AUTO,37.2583,354.966,0.064,N/A,1,1500,VIDE,0.0,0.0,0.0,7.318045,-0.698132,0.0,1,0,72.388,20.484,,,,,,,,,,,,
5408,2026-04-23T08:27:32.906Z,S20260423_092137,N/A,AUTO,37.3222,355.0298,0.0638,N/A,1,1500,VIDE,0.0,0.0,0.0,7.31612,-0.698132,0.0,1,0,74.837,15.027,,,,,,,,,,,,
5409,2026-04-23T08:27:32.961Z,S20260423_092137,N/A,AUTO,37.3774,355.085,0.0552,N/A,1,1500,VIDE,0.0,0.0,0.0,7.313939,-0.698132,-0.0,1,0,82.192,11.429,,,,,,,,,,,,
5410,2026-04-23T08:27:33.026Z,S20260423_092137,N/A,AUTO,37.4416,355.1493,0.0643,N/A,1,1500,VIDE,0.0,0.0,0.0,7.311526,-0.698132,-0.0,1,0,80.534,18.225,,,,,,,,,,,,
5411,2026-04-23T08:27:33.085Z,S20260423_092137,N/A,AUTO,37.5008,355.2085,0.0591,N/A,1,1500,VIDE,0.0,0.0,0.0,7.30892,-0.698132,-0.0,1,0,74.159,15.089,,,,,,,,,,,,
5412,2026-04-23T08:27:33.160Z,S20260423_092137,N/A,AUTO,37.5759,355.2836,0.0751,N/A,1,1500,VIDE,0.0,0.0,0.0,7.306156,-0.698132,-0.0,1,0,73.535,19.101,,,,,,,,,,,,
5413,2026-04-23T08:27:33.210Z,S20260423_092137,N/A,AUTO,37.6265,355.3342,0.0505,N/A,1,1500,VIDE,0.0,0.0,0.0,7.303254,-0.698132,0.0,1,0,71.993,19.278,,,,,,,,,,,,
5414,2026-04-23T08:27:33.273Z,S20260423_092137,N/A,AUTO,37.6893,355.397,0.0628,N/A,1,1500,VIDE,0.0,0.0,0.0,7.300222,-0.698132,0.0,1,0,60.645,23.123,,,,,,,,,,,,
5415,2026-04-23T08:27:33.338Z,S20260423_092137,N/A,AUTO,37.7538,355.4614,0.0645,N/A,1,1500,VIDE,0.0,0.0,0.0,7.297066,-0.698132,0.0,1,0,63.157,19.086,,,,,,,,,,,,
5416,2026-04-23T08:27:33.402Z,S20260423_092137,N/A,AUTO,37.8183,355.526,0.0645,N/A,1,1500,VIDE,0.0,0.0,0.0,7.290425,-0.698132,-0.0,1,0,50.257,21.962,,,,,,,,,,,,
5417,2026-04-23T08:27:33.464Z,S20260423_092137,N/A,AUTO,37.8805,355.5881,0.0622,N/A,1,1500,VIDE,0.0,0.0,0.0,7.286976,-0.698132,-0.0,1,0,54.746,18.775,,,,,,,,,,,,
5418,2026-04-23T08:27:33.524Z,S20260423_092137,N/A,AUTO,37.9401,355.6477,0.0596,N/A,1,1500,VIDE,0.0,0.0,0.0,7.283465,-0.698132,0.0,1,0,27.746,20.973,,,,,,,,,,,,
5419,2026-04-23T08:27:33.585Z,S20260423_092137,N/A,AUTO,38.0008,355.7085,0.0608,N/A,1,1500,VIDE,0.0,0.0,0.0,7.276278,-0.698132,0.0,1,0,15.411,19.857,,,,,,,,,,,,
5420,2026-04-23T08:27:33.655Z,S20260423_092137,N/A,AUTO,38.071,355.7787,0.0702,N/A,1,1500,VIDE,0.0,0.0,0.0,7.265088,-0.698132,-0.0,1,0,28.324,19.194,,,,,,,,,,,,
5421,2026-04-23T08:27:33.717Z,S20260423_092137,N/A,AUTO,38.1328,355.8404,0.0618,N/A,1,1500,VIDE,0.0,0.0,0.0,7.257459,-0.698132,0.0,1,0,31.136,18.956,,,,,,,,,,,,
5422,2026-04-23T08:27:33.779Z,S20260423_092137,N/A,AUTO,38.1952,355.9029,0.0623,N/A,1,1500,VIDE,0.0,0.0,0.0,7.253611,-0.698132,0.0,1,0,43.84,19.424,,,,,,,,,,,,
5423,2026-04-23T08:27:33.838Z,S20260423_092137,N/A,AUTO,38.2546,355.9623,0.0593,N/A,1,1500,VIDE,0.0,0.0,0.0,7.249735,-0.698132,0.0,1,0,47.496,22.045,,,,,,,,,,,,
5424,2026-04-23T08:27:33.898Z,S20260423_092137,N/A,AUTO,38.3139,356.0215,0.0595,N/A,1,1500,VIDE,0.0,0.0,0.0,7.245831,-0.698132,-0.0,1,0,44.067,22.822,,,,,,,,,,,,
5425,2026-04-23T08:27:33.962Z,S20260423_092137,N/A,AUTO,38.3777,356.0853,0.0638,N/A,1,1500,VIDE,0.0,0.0,0.0,7.241902,-0.698132,-0.0,1,0,39.104,21.585,,,,,,,,,,,,
5426,2026-04-23T08:27:34.025Z,S20260423_092137,N/A,AUTO,38.4413,356.1489,0.0636,N/A,1,1500,VIDE,0.0,0.0,0.0,7.237957,-0.698132,-0.0,1,0,33.303,23.474,,,,,,,,,,,,
5427,2026-04-23T08:27:34.085Z,S20260423_092137,N/A,AUTO,38.5008,356.2084,0.0594,N/A,1,1500,VIDE,0.0,0.0,0.0,7.234004,-0.698132,-0.0,1,0,68.572,18.735,,,,,,,,,,,,
5428,2026-04-23T08:27:34.148Z,S20260423_092137,N/A,AUTO,38.5643,356.2719,0.0635,N/A,1,1500,VIDE,0.0,0.0,0.0,7.234004,-0.698132,-0.0,1,0,68.572,18.735,,,,,,,,,,,,
5429,2026-04-23T08:27:34.215Z,S20260423_092137,N/A,AUTO,38.6307,356.3383,0.0665,N/A,1,1500,VIDE,0.0,0.0,0.0,7.228723,-0.698132,0.0,1,0,129.358,31.55,,,,,,,,,,,,
5430,2026-04-23T08:27:34.280Z,S20260423_092137,N/A,AUTO,38.6958,356.4035,0.065,N/A,1,1500,VIDE,0.0,0.0,0.0,7.224751,-0.698132,0.0,1,0,131.295,39.98,,,,,,,,,,,,
5431,2026-04-23T08:27:34.342Z,S20260423_092137,N/A,AUTO,38.7576,356.4653,0.0618,N/A,1,1500,VIDE,0.0,0.0,0.0,7.218096,-0.698132,-0.0,1,0,95.531,16.775,,,,,,,,,,,,
5432,2026-04-23T08:27:34.402Z,S20260423_092137,N/A,AUTO,38.8179,356.5256,0.0604,N/A,1,1500,VIDE,0.0,0.0,0.0,7.214086,-0.698132,-0.0,1,0,93.515,15.453,,,,,,,,,,,,
5433,2026-04-23T08:27:34.461Z,S20260423_092137,N/A,AUTO,38.877,356.5847,0.0591,N/A,1,1500,VIDE,0.0,0.0,0.0,7.210072,-0.698132,-0.0,1,0,88.829,13.209,,,,,,,,,,,,
5434,2026-04-23T08:27:34.522Z,S20260423_092137,N/A,AUTO,38.9378,356.6455,0.0608,N/A,1,1500,VIDE,0.0,0.0,0.0,7.20472,-0.698132,0.0,1,0,76.779,9.101,,,,,,,,,,,,
5435,2026-04-23T08:27:34.584Z,S20260423_092137,N/A,AUTO,39.0004,356.7081,0.0626,N/A,1,1500,VIDE,0.0,0.0,0.0,7.193996,-0.698132,0.0,1,0,19.136,19.332,,,,,,,,,,,,
5436,2026-04-23T08:27:34.650Z,S20260423_092137,N/A,AUTO,39.0661,356.7737,0.0653,N/A,1,1500,VIDE,0.0,0.0,0.0,7.185918,-0.698132,-0.0,1,0,22.658,19.825,,,,,,,,,,,,
5437,2026-04-23T08:27:34.710Z,S20260423_092137,N/A,AUTO,39.1262,356.8338,0.0604,N/A,1,1500,VIDE,0.0,0.0,0.0,7.180532,-0.698132,-0.0,1,0,44.51,31.299,,,,,,,,,,,,
5438,2026-04-23T08:27:34.774Z,S20260423_092137,N/A,AUTO,39.1899,356.8975,0.0637,N/A,1,1500,VIDE,0.0,0.0,0.0,7.176496,-0.698132,-0.0,1,0,68.877,38.628,,,,,,,,,,,,
5439,2026-04-23T08:27:34.835Z,S20260423_092137,N/A,AUTO,39.2516,356.9592,0.0617,N/A,1,1500,VIDE,0.0,0.0,0.0,7.169758,-0.698132,0.0,1,0,49.751,19.948,,,,,,,,,,,,
5440,2026-04-23T08:27:34.897Z,S20260423_092137,N/A,AUTO,39.3133,357.021,0.0618,N/A,1,1500,VIDE,0.0,0.0,0.0,7.165713,-0.698132,0.0,1,0,46.486,18.427,,,,,,,,,,,,
5441,2026-04-23T08:27:34.964Z,S20260423_092137,N/A,AUTO,39.38,357.0877,0.0667,N/A,1,1500,VIDE,0.0,0.0,0.0,7.161667,-0.698132,0.0,1,0,30.093,18.945,,,,,,,,,,,,
5442,2026-04-23T08:27:35.024Z,S20260423_092137,N/A,AUTO,39.4396,357.1473,0.0595,N/A,1,1500,VIDE,0.0,0.0,0.0,7.157619,-0.698132,0.0,1,0,45.55,19.286,,,,,,,,,,,,
5443,2026-04-23T08:27:35.084Z,S20260423_092137,N/A,AUTO,39.5005,357.2082,0.0609,N/A,1,1500,VIDE,0.0,0.0,0.0,7.153571,-0.698132,-0.0,1,0,37.346,19.348,,,,,,,,,,,,
5444,2026-04-23T08:27:35.147Z,S20260423_092137,N/A,AUTO,39.5628,357.2705,0.0624,N/A,1,1500,VIDE,0.0,0.0,0.0,7.148172,-0.698132,-0.0,1,0,81.851,28.576,,,,,,,,,,,,
5445,2026-04-23T08:27:35.210Z,S20260423_092137,N/A,AUTO,39.6267,357.3344,0.0632,N/A,1,1500,VIDE,0.0,0.0,0.0,7.141423,-0.698132,-0.0,1,0,35.897,18.295,,,,,,,,,,,,
5446,2026-04-23T08:27:35.273Z,S20260423_092137,N/A,AUTO,39.689,357.3967,0.063,N/A,1,1500,VIDE,0.0,0.0,0.0,7.137372,-0.698132,-0.0,1,0,60.677,19.672,,,,,,,,,,,,
5447,2026-04-23T08:27:35.338Z,S20260423_092137,N/A,AUTO,39.7544,357.462,0.0652,N/A,1,1500,VIDE,0.0,0.0,0.0,7.133322,-0.698132,0.0,1,0,50.823,18.147,,,,,,,,,,,,
5448,2026-04-23T08:27:35.397Z,S20260423_092137,N/A,AUTO,39.8134,357.5211,0.0591,N/A,1,1500,VIDE,0.0,0.0,0.0,7.129272,-0.698132,0.0,1,0,53.879,19.885,,,,,,,,,,,,
5449,2026-04-23T08:27:35.461Z,S20260423_092137,N/A,AUTO,39.8773,357.5849,0.0639,N/A,1,1500,VIDE,0.0,0.0,0.0,7.125221,-0.698132,-0.0,1,0,48.67,18.162,,,,,,,,,,,,
5450,2026-04-23T08:27:35.523Z,S20260423_092137,N/A,AUTO,39.9392,357.6469,0.0619,N/A,1,1500,VIDE,0.0,0.0,0.0,7.117119,-0.698132,0.0,1,0,26.437,14.409,,,,,,,,,,,,
5451,2026-04-23T08:27:35.584Z,S20260423_092137,N/A,AUTO,40.0003,357.708,0.0612,N/A,1,1500,VIDE,0.0,0.0,0.0,7.109018,-0.698132,-0.0,1,0,29.239,18.133,,,,,,,,,,,,
5452,2026-04-23T08:27:35.646Z,S20260423_092137,N/A,AUTO,40.0625,357.7701,0.0622,N/A,1,1500,VIDE,0.0,0.0,0.0,7.100917,-0.698132,0.0,1,0,31.212,20.1,,,,,,,,,,,,
5453,2026-04-23T08:27:35.709Z,S20260423_092137,N/A,AUTO,40.1248,357.8324,0.0623,N/A,1,1500,VIDE,0.0,0.0,0.0,7.092818,-0.698132,0.0,1,0,12.196,19.476,,,,,,,,,,,,
5454,2026-04-23T08:27:35.778Z,S20260423_092137,N/A,AUTO,40.1945,357.9022,0.0697,N/A,1,1500,VIDE,0.0,0.0,0.0,7.088768,-0.698132,0.0,1,0,26.636,19.385,,,,,,,,,,,,
5455,2026-04-23T08:27:35.845Z,S20260423_092137,N/A,AUTO,40.2608,357.9685,0.0663,N/A,1,1500,VIDE,0.0,0.0,0.0,7.08067,-0.698132,-0.0,1,0,52.379,22.408,,,,,,,,,,,,
5456,2026-04-23T08:27:35.899Z,S20260423_092137,N/A,AUTO,40.3146,358.0223,0.0538,N/A,1,1500,VIDE,0.0,0.0,0.0,7.079321,-0.698132,0.0,1,0,89.886,37.506,,,,,,,,,,,,
5457,2026-04-23T08:27:35.962Z,S20260423_092137,N/A,AUTO,40.3779,358.0856,0.0634,N/A,1,1500,VIDE,0.0,0.0,0.0,7.072574,-0.698132,-0.0,1,0,40.41,20.194,,,,,,,,,,,,
5458,2026-04-23T08:27:36.026Z,S20260423_092137,N/A,AUTO,40.4416,358.1493,0.0637,N/A,1,1500,VIDE,0.0,0.0,0.0,7.068526,-0.698132,0.0,1,0,33.895,23.784,,,,,,,,,,,,
5459,2026-04-23T08:27:36.084Z,S20260423_092137,N/A,AUTO,40.5004,358.208,0.0588,N/A,1,1500,VIDE,0.0,0.0,0.0,7.064479,-0.698132,0.0,1,0,61.069,19.429,,,,,,,,,,,,
5460,2026-04-23T08:27:36.154Z,S20260423_092137,N/A,AUTO,40.57,358.2777,0.0695,N/A,1,1500,VIDE,0.0,0.0,0.0,7.060432,-0.698132,0.0,1,0,52.873,19.074,,,,,,,,,,,,
5461,2026-04-23T08:27:36.212Z,S20260423_092137,N/A,AUTO,40.6276,358.3353,0.0577,N/A,1,1500,VIDE,0.0,0.0,0.0,7.056386,-0.698132,0.0,1,0,57.33,19.883,,,,,,,,,,,,
5462,2026-04-23T08:27:36.281Z,S20260423_092137,N/A,AUTO,40.6972,358.4048,0.0696,N/A,1,1500,VIDE,0.0,0.0,0.0,7.05234,-0.698132,-0.0,1,0,57.514,18.946,,,,,,,,,,,,
5463,2026-04-23T08:27:36.335Z,S20260423_092137,N/A,AUTO,40.7509,358.4585,0.0536,N/A,1,1500,VIDE,0.0,0.0,0.0,7.048294,-0.698132,-0.0,1,0,49.733,17.518,,,,,,,,,,,,
5464,2026-04-23T08:27:36.399Z,S20260423_092137,N/A,AUTO,40.8154,358.523,0.0645,N/A,1,1500,VIDE,0.0,0.0,0.0,7.044249,-0.698132,0.0,1,0,53.508,11.864,,,,,,,,,,,,
5465,2026-04-23T08:27:36.465Z,S20260423_092137,N/A,AUTO,40.8806,358.5883,0.0652,N/A,1,1500,VIDE,0.0,0.0,0.0,7.040204,-0.698132,0.0,1,0,57.07,19.431,,,,,,,,,,,,
5466,2026-04-23T08:27:36.522Z,S20260423_092137,N/A,AUTO,40.9377,358.6453,0.057,N/A,1,1500,VIDE,0.0,0.0,0.0,7.032115,-0.698132,-0.0,1,0,35.737,19.641,,,,,,,,,,,,
5467,2026-04-23T08:27:36.584Z,S20260423_092137,N/A,AUTO,41.0003,358.708,0.0628,N/A,1,1500,VIDE,0.0,0.0,0.0,7.026724,-0.698132,0.0,1,0,40.171,12.138,,,,,,,,,,,,
5468,2026-04-23T08:27:36.649Z,S20260423_092137,N/A,AUTO,41.0654,358.7731,0.0651,N/A,1,1500,VIDE,0.0,0.0,0.0,7.019986,-0.698132,-0.0,1,0,15.951,19.024,,,,,,,,,,,,
5469,2026-04-23T08:27:36.713Z,S20260423_092137,N/A,AUTO,41.1292,358.8368,0.0638,N/A,1,1500,VIDE,0.0,0.0,0.0,7.011902,-0.698132,0.0,1,0,20.694,20.45,,,,,,,,,,,,
5470,2026-04-23T08:27:36.778Z,S20260423_092137,N/A,AUTO,41.1942,358.9019,0.0651,N/A,1,1500,VIDE,0.0,0.0,0.0,7.00382,-0.698132,-0.0,1,0,44.09,19.417,,,,,,,,,,,,
5471,2026-04-23T08:27:36.842Z,S20260423_092137,N/A,AUTO,41.258,358.9657,0.0637,N/A,1,1500,VIDE,0.0,0.0,0.0,6.99978,-0.698132,0.0,1,0,43.108,19.135,,,,,,,,,,,,
5472,2026-04-23T08:27:36.906Z,S20260423_092137,N/A,AUTO,41.3217,359.0294,0.0637,N/A,1,1500,VIDE,0.0,0.0,0.0,6.995739,-0.698132,-0.0,1,0,35.03,22.611,,,,,,,,,,,,
5473,2026-04-23T08:27:36.964Z,S20260423_092137,N/A,AUTO,41.3805,359.0882,0.0588,N/A,1,1500,VIDE,0.0,0.0,0.0,6.9917,-0.698132,0.0,1,0,54.873,19.631,,,,,,,,,,,,
5474,2026-04-23T08:27:37.026Z,S20260423_092137,N/A,AUTO,41.4417,359.1494,0.0612,N/A,1,1500,VIDE,0.0,0.0,0.0,6.987661,-0.698132,0.0,1,0,48.999,19.912,,,,,,,,,,,,
5475,2026-04-23T08:27:37.085Z,S20260423_092137,N/A,AUTO,41.5009,359.2085,0.0591,N/A,1,1500,VIDE,0.0,0.0,0.0,6.983623,-0.698132,-0.0,1,0,45.658,19.85,,,,,,,,,,,,
5476,2026-04-23T08:27:37.156Z,S20260423_092137,N/A,AUTO,41.5722,359.2799,0.0714,N/A,1,1500,VIDE,0.0,0.0,0.0,6.975547,-0.698132,0.0,1,0,43.147,19.45,,,,,,,,,,,,
5477,2026-04-23T08:27:37.210Z,S20260423_092137,N/A,AUTO,41.6259,359.3335,0.0536,N/A,1,1500,VIDE,0.0,0.0,0.0,6.975547,-0.698132,0.0,1,0,43.147,19.45,,,,,,,,,,,,
5478,2026-04-23T08:27:37.273Z,S20260423_092137,N/A,AUTO,41.689,359.3967,0.0632,N/A,1,1500,VIDE,0.0,0.0,0.0,6.967473,-0.698132,0.0,1,0,39.885,19.756,,,,,,,,,,,,
5479,2026-04-23T08:27:37.337Z,S20260423_092137,N/A,AUTO,41.7533,359.4609,0.0642,N/A,1,1500,VIDE,0.0,0.0,0.0,6.963437,-0.698132,-0.0,1,0,47.893,18.686,,,,,,,,,,,,
5480,2026-04-23T08:27:37.403Z,S20260423_092137,N/A,AUTO,41.8186,359.5263,0.0653,N/A,1,1500,VIDE,0.0,0.0,0.0,6.959401,-0.698132,0.0,1,0,39.492,19.954,,,,,,,,,,,,
5481,2026-04-23T08:27:37.461Z,S20260423_092137,N/A,AUTO,41.8769,359.5845,0.0582,N/A,1,1500,VIDE,0.0,0.0,0.0,6.955366,-0.698132,-0.0,1,0,32.807,25.373,,,,,,,,,,,,
5482,2026-04-23T08:27:37.524Z,S20260423_092137,N/A,AUTO,41.9401,359.6477,0.0632,N/A,1,1500,VIDE,0.0,0.0,0.0,6.947296,-0.698132,0.0,1,0,17.176,19.155,,,,,,,,,,,,
5483,2026-04-23T08:27:37.584Z,S20260423_092137,N/A,AUTO,42.0001,359.7078,0.0601,N/A,1,1500,VIDE,0.0,0.0,0.0,6.943262,-0.698132,0.0,1,0,30.764,20.46,,,,,,,,,,,,
5484,2026-04-23T08:27:37.657Z,S20260423_092137,N/A,AUTO,42.0729,359.7806,0.0727,N/A,1,1500,VIDE,0.0,0.0,0.0,6.931163,-0.698132,-0.0,1,0,27.904,18.853,,,,,,,,,,,,
5485,2026-04-23T08:27:37.714Z,S20260423_092137,N/A,AUTO,42.1295,359.8372,0.0567,N/A,1,1500,VIDE,0.0,0.0,0.0,6.927131,-0.698132,0.0,1,0,20.497,19.101,,,,,,,,,,,,
5486,2026-04-23T08:27:37.780Z,S20260423_092137,N/A,AUTO,42.196,359.9036,0.0664,N/A,1,1500,VIDE,0.0,0.0,0.0,6.919068,-0.698132,0.0,1,0,44.022,19.503,,,,,,,,,,,,
5487,2026-04-23T08:27:37.844Z,S20260423_092137,N/A,AUTO,42.2599,359.9676,0.0639,N/A,1,1500,VIDE,0.0,0.0,0.0,6.915038,-0.698132,-0.0,1,0,36.058,23.298,,,,,,,,,,,,
5488,2026-04-23T08:27:37.898Z,S20260423_092137,N/A,AUTO,42.3141,360.0218,0.0543,N/A,1,1500,VIDE,0.0,0.0,0.0,6.911007,-0.698132,-0.0,1,0,40.859,20.968,,,,,,,,,,,,
5489,2026-04-23T08:27:37.962Z,S20260423_092137,N/A,AUTO,42.3785,360.0861,0.0644,N/A,1,1500,VIDE,0.0,0.0,0.0,6.906978,-0.698132,0.0,1,0,29.045,19.635,,,,,,,,,,,,
5490,2026-04-23T08:27:38.025Z,S20260423_092137,N/A,AUTO,42.4411,360.1488,0.0627,N/A,1,1500,VIDE,0.0,0.0,0.0,6.902948,-0.698132,0.0,1,0,47.939,17.851,,,,,,,,,,,,
5491,2026-04-23T08:27:38.086Z,S20260423_092137,N/A,AUTO,42.5019,360.2096,0.0606,N/A,1,1500,VIDE,0.0,0.0,0.0,6.898919,-0.698132,0.0,1,0,43.556,19.444,,,,,,,,,,,,
5492,2026-04-23T08:27:38.154Z,S20260423_092137,N/A,AUTO,42.5703,360.278,0.0684,N/A,1,1500,VIDE,0.0,0.0,0.0,6.894891,-0.698132,-0.0,1,0,50.57,19.494,,,,,,,,,,,,
5493,2026-04-23T08:27:38.213Z,S20260423_092137,N/A,AUTO,42.6296,360.3372,0.0591,N/A,1,1500,VIDE,0.0,0.0,0.0,6.890863,-0.698132,-0.0,1,0,59.478,19.435,,,,,,,,,,,,
5494,2026-04-23T08:27:38.277Z,S20260423_092137,N/A,AUTO,42.6929,360.4006,0.0635,N/A,1,1500,VIDE,0.0,0.0,0.0,6.886835,-0.698132,0.0,1,0,55.29,18.264,,,,,,,,,,,,
5495,2026-04-23T08:27:38.338Z,S20260423_092137,N/A,AUTO,42.7545,360.4622,0.0616,N/A,1,1500,VIDE,0.0,0.0,0.0,6.882808,-0.698132,0.0,1,0,55.499,19.408,,,,,,,,,,,,
5496,2026-04-23T08:27:38.402Z,S20260423_092137,N/A,AUTO,42.8178,360.5254,0.0633,N/A,1,1500,VIDE,0.0,0.0,0.0,6.878782,-0.698132,-0.0,1,0,54.386,17.126,,,,,,,,,,,,
5497,2026-04-23T08:27:38.462Z,S20260423_092137,N/A,AUTO,42.8786,360.5862,0.0608,N/A,1,1500,VIDE,0.0,0.0,0.0,6.874755,-0.698132,-0.0,1,0,51.495,13.791,,,,,,,,,,,,
5498,2026-04-23T08:27:38.522Z,S20260423_092137,N/A,AUTO,42.9377,360.6454,0.0592,N/A,1,1500,VIDE,0.0,0.0,0.0,6.866704,-0.698132,-0.0,1,0,24.308,18.541,,,,,,,,,,,,
5499,2026-04-23T08:27:38.584Z,S20260423_092137,N/A,AUTO,43.0002,360.7079,0.0626,N/A,1,1500,VIDE,0.0,0.0,0.0,6.858655,-0.698132,-0.0,1,0,31.158,16.115,,,,,,,,,,,,
5500,2026-04-23T08:27:38.647Z,S20260423_092137,N/A,AUTO,43.0632,360.7709,0.063,N/A,1,1500,VIDE,0.0,0.0,0.0,6.850608,-0.698132,0.0,1,0,13.434,18.728,,,,,,,,,,,,
5501,2026-04-23T08:27:38.710Z,S20260423_092137,N/A,AUTO,43.1257,360.8334,0.0625,N/A,1,1500,VIDE,0.0,0.0,0.0,6.842563,-0.698132,0.0,1,0,15.906,19.846,,,,,,,,,,,,
5502,2026-04-23T08:27:38.774Z,S20260423_092137,N/A,AUTO,43.1905,360.8981,0.0647,N/A,1,1500,VIDE,0.0,0.0,0.0,6.838541,-0.698132,0.0,1,0,55.468,18.274,,,,,,,,,,,,
5503,2026-04-23T08:27:38.835Z,S20260423_092137,N/A,AUTO,43.2512,360.9589,0.0607,N/A,1,1500,VIDE,0.0,0.0,0.0,6.834519,-0.698132,-0.0,1,0,48.296,19.798,,,,,,,,,,,,
5504,2026-04-23T08:27:38.897Z,S20260423_092137,N/A,AUTO,43.3129,361.0206,0.0617,N/A,1,1500,VIDE,0.0,0.0,0.0,6.830498,-0.698132,0.0,1,0,41.496,19.429,,,,,,,,,,,,
5505,2026-04-23T08:27:38.986Z,S20260423_092137,N/A,AUTO,43.4021,361.1097,0.0891,N/A,1,1500,VIDE,0.0,0.0,0.0,6.822457,-0.698132,0.0,1,0,54.199,19.45,,,,,,,,,,,,
5506,2026-04-23T08:27:39.026Z,S20260423_092137,N/A,AUTO,43.4415,361.1492,0.0396,N/A,1,1500,VIDE,0.0,0.0,0.0,6.822457,-0.698132,0.0,1,0,54.199,19.45,,,,,,,,,,,,
5507,2026-04-23T08:27:39.085Z,S20260423_092137,N/A,AUTO,43.501,361.2086,0.0593,N/A,1,1500,VIDE,0.0,0.0,0.0,6.818438,-0.698132,-0.0,1,0,52.818,41.717,,,,,,,,,,,,
5508,2026-04-23T08:27:39.160Z,S20260423_092137,N/A,AUTO,43.5764,361.2841,0.0756,N/A,1,1500,VIDE,0.0,0.0,0.0,6.8104,-0.698132,-0.0,1,0,50.668,19.119,,,,,,,,,,,,
5509,2026-04-23T08:27:39.210Z,S20260423_092137,N/A,AUTO,43.6263,361.334,0.0498,N/A,1,1500,VIDE,0.0,0.0,0.0,6.8104,-0.698132,-0.0,1,0,50.668,19.119,,,,,,,,,,,,
5510,2026-04-23T08:27:39.274Z,S20260423_092137,N/A,AUTO,43.6897,361.3974,0.0634,N/A,1,1500,VIDE,0.0,0.0,0.0,6.805042,-0.698132,0.0,1,0,87.521,39.876,,,,,,,,,,,,
5511,2026-04-23T08:27:39.338Z,S20260423_092137,N/A,AUTO,43.7538,361.4615,0.0642,N/A,1,1500,VIDE,0.0,0.0,0.0,6.798346,-0.698132,-0.0,1,0,51.633,19.691,,,,,,,,,,,,
5512,2026-04-23T08:27:39.397Z,S20260423_092137,N/A,AUTO,43.8132,361.5208,0.0594,N/A,1,1500,VIDE,0.0,0.0,0.0,6.794329,-0.698132,-0.0,1,0,42.79,19.936,,,,,,,,,,,,
5513,2026-04-23T08:27:39.462Z,S20260423_092137,N/A,AUTO,43.8776,361.5853,0.0645,N/A,1,1500,VIDE,0.0,0.0,0.0,6.790312,-0.698132,0.0,1,0,38.75,18.691,,,,,,,,,,,,
5514,2026-04-23T08:27:39.524Z,S20260423_092137,N/A,AUTO,43.9404,361.6481,0.0628,N/A,1,1500,VIDE,0.0,0.0,0.0,6.78228,-0.698132,-0.0,1,0,18.573,18.777,,,,,,,,,,,,
5515,2026-04-23T08:27:39.584Z,S20260423_092137,N/A,AUTO,44.0002,361.7079,0.0598,N/A,1,1500,VIDE,0.0,0.0,0.0,6.778265,-0.698132,0.0,1,0,32.773,19.659,,,,,,,,,,,,
5516,2026-04-23T08:27:39.658Z,S20260423_092137,N/A,AUTO,44.0736,361.7813,0.0734,N/A,1,1500,VIDE,0.0,0.0,0.0,6.766222,-0.698132,-0.0,1,0,29.64,18.787,,,,,,,,,,,,
5517,2026-04-23T08:27:39.720Z,S20260423_092137,N/A,AUTO,44.1363,361.8439,0.0627,N/A,1,1500,VIDE,0.0,0.0,0.0,6.758195,-0.698132,0.0,1,0,12.992,19.388,,,,,,,,,,,,
5518,2026-04-23T08:27:39.778Z,S20260423_092137,N/A,AUTO,44.1941,361.9017,0.0577,N/A,1,1500,VIDE,0.0,0.0,0.0,6.754183,-0.698132,-0.0,1,0,47.305,22.52,,,,,,,,,,,,
5519,2026-04-23T08:27:39.845Z,S20260423_092137,N/A,AUTO,44.2614,361.9691,0.0674,N/A,1,1500,VIDE,0.0,0.0,0.0,6.750171,-0.698132,-0.0,1,0,43.592,22.524,,,,,,,,,,,,
5520,2026-04-23T08:27:39.897Z,S20260423_092137,N/A,AUTO,44.3133,362.0209,0.0518,N/A,1,1500,VIDE,0.0,0.0,0.0,6.746159,-0.698132,0.0,1,0,43.755,21.153,,,,,,,,,,,,
5521,2026-04-23T08:27:39.968Z,S20260423_092137,N/A,AUTO,44.384,362.0917,0.0707,N/A,1,1500,VIDE,0.0,0.0,0.0,6.742148,-0.698132,-0.0,1,0,32.934,18.687,,,,,,,,,,,,
5522,2026-04-23T08:27:40.026Z,S20260423_092137,N/A,AUTO,44.4421,362.1498,0.0581,N/A,1,1500,VIDE,0.0,0.0,0.0,6.738137,-0.698132,0.0,1,0,45.536,18.767,,,,,,,,,,,,
5523,2026-04-23T08:27:40.085Z,S20260423_092137,N/A,AUTO,44.5014,362.2091,0.0592,N/A,1,1500,VIDE,0.0,0.0,0.0,6.734127,-0.698132,0.0,1,0,51.756,17.987,,,,,,,,,,,,
5524,2026-04-23T08:27:40.154Z,S20260423_092137,N/A,AUTO,44.5701,362.2778,0.0688,N/A,1,1500,VIDE,0.0,0.0,0.0,6.730117,-0.698132,-0.0,1,0,47.421,18.666,,,,,,,,,,,,
5525,2026-04-23T08:27:40.213Z,S20260423_092137,N/A,AUTO,44.6291,362.3367,0.0589,N/A,1,1500,VIDE,0.0,0.0,0.0,6.726108,-0.698132,0.0,1,0,47.337,19.221,,,,,,,,,,,,
5526,2026-04-23T08:27:40.280Z,S20260423_092137,N/A,AUTO,44.6957,362.4034,0.0666,N/A,1,1500,VIDE,0.0,0.0,0.0,6.722099,-0.698132,0.0,1,0,47.782,19.486,,,,,,,,,,,,
5527,2026-04-23T08:27:40.343Z,S20260423_092137,N/A,AUTO,44.7588,362.4664,0.0632,N/A,1,1500,VIDE,0.0,0.0,0.0,6.718091,-0.698132,-0.0,1,0,53.391,19.513,,,,,,,,,,,,
5528,2026-04-23T08:27:40.397Z,S20260423_092137,N/A,AUTO,44.8134,362.5211,0.0545,N/A,1,1500,VIDE,0.0,0.0,0.0,6.714082,-0.698132,0.0,1,0,50.177,13.04,,,,,,,,,,,,
5529,2026-04-23T08:27:40.462Z,S20260423_092137,N/A,AUTO,44.8778,362.5855,0.0646,N/A,1,1500,VIDE,0.0,0.0,0.0,6.710075,-0.698132,0.0,1,0,47.654,18.206,,,,,,,,,,,,
5530,2026-04-23T08:27:40.521Z,S20260423_092137,N/A,AUTO,44.9371,362.6448,0.0593,N/A,1,1500,VIDE,0.0,0.0,0.0,6.702061,-0.698132,-0.0,1,0,21.764,12.13,,,,,,,,,,,,
5531,2026-04-23T08:27:40.585Z,S20260423_092137,N/A,AUTO,45.0009,362.7085,0.0638,N/A,1,1500,VIDE,0.0,0.0,0.0,6.694049,-0.698132,-0.0,1,0,25.99,16.332,,,,,,,,,,,,
5532,2026-04-23T08:27:40.650Z,S20260423_092137,N/A,AUTO,45.0659,362.7736,0.065,N/A,1,1500,VIDE,0.0,0.0,0.0,6.686038,-0.698132,-0.0,1,0,28.398,19.309,,,,,,,,,,,,
5533,2026-04-23T08:27:40.713Z,S20260423_092137,N/A,AUTO,45.1293,362.837,0.0634,N/A,1,1500,VIDE,0.0,0.0,0.0,6.67803,-0.698132,-0.0,1,0,15.922,19.792,,,,,,,,,,,,
5534,2026-04-23T08:27:40.778Z,S20260423_092137,N/A,AUTO,45.1943,362.902,0.065,N/A,1,1500,VIDE,0.0,0.0,0.0,6.674026,-0.698132,-0.0,1,0,37.185,18.554,,,,,,,,,,,,
5535,2026-04-23T08:27:40.840Z,S20260423_092137,N/A,AUTO,45.256,362.9637,0.0617,N/A,1,1500,VIDE,0.0,0.0,0.0,6.670023,-0.698132,-0.0,1,0,56.562,17.677,,,,,,,,,,,,
5536,2026-04-23T08:27:40.902Z,S20260423_092137,N/A,AUTO,45.3185,363.0261,0.0625,N/A,1,1500,VIDE,0.0,0.0,0.0,6.66602,-0.698132,0.0,1,0,60.69,13.485,,,,,,,,,,,,
5537,2026-04-23T08:27:40.981Z,S20260423_092137,N/A,AUTO,45.3974,363.1051,0.079,N/A,1,1500,VIDE,0.0,0.0,0.0,6.658016,-0.698132,-0.0,1,0,47.537,14.376,,,,,,,,,,,,
5538,2026-04-23T08:27:41.026Z,S20260423_092137,N/A,AUTO,45.4417,363.1494,0.0442,N/A,1,1500,VIDE,0.0,0.0,0.0,6.656682,-0.698132,-0.0,1,0,78.72,31.183,,,,,,,,,,,,
5539,2026-04-23T08:27:41.085Z,S20260423_092137,N/A,AUTO,45.5006,363.2082,0.0589,N/A,1,1500,VIDE,0.0,0.0,0.0,6.650014,-0.698132,-0.0,1,0,55.463,19.012,,,,,,,,,,,,
5540,2026-04-23T08:27:41.152Z,S20260423_092137,N/A,AUTO,45.5685,363.2762,0.068,N/A,1,1500,VIDE,0.0,0.0,0.0,6.646014,-0.698132,-0.0,1,0,55.799,19.826,,,,,,,,,,,,
5541,2026-04-23T08:27:41.210Z,S20260423_092137,N/A,AUTO,45.6262,363.3339,0.0576,N/A,1,1500,VIDE,0.0,0.0,0.0,6.642014,-0.698132,-0.0,1,0,56.921,19.962,,,,,,,,,,,,
5542,2026-04-23T08:27:41.273Z,S20260423_092137,N/A,AUTO,45.6893,363.3969,0.0631,N/A,1,1500,VIDE,0.0,0.0,0.0,6.638014,-0.698132,0.0,1,0,53.391,20.227,,,,,,,,,,,,
5543,2026-04-23T08:27:41.338Z,S20260423_092137,N/A,AUTO,45.7542,363.4618,0.0648,N/A,1,1500,VIDE,0.0,0.0,0.0,6.634015,-0.698132,-0.0,1,0,54.316,18.311,,,,,,,,,,,,
5544,2026-04-23T08:27:41.397Z,S20260423_092137,N/A,AUTO,45.8134,363.5211,0.0594,N/A,1,1500,VIDE,0.0,0.0,0.0,6.630016,-0.698132,-0.0,1,0,47.045,19.802,,,,,,,,,,,,
5545,2026-04-23T08:27:41.462Z,S20260423_092137,N/A,AUTO,45.878,363.5857,0.0645,N/A,1,1500,VIDE,0.0,0.0,0.0,6.626018,-0.698132,0.0,1,0,41.676,20.242,,,,,,,,,,,,
5546,2026-04-23T08:27:41.524Z,S20260423_092137,N/A,AUTO,45.9397,363.6474,0.0618,N/A,1,1500,VIDE,0.0,0.0,0.0,6.618022,-0.698132,0.0,1,0,28.52,11.065,,,,,,,,,,,,
5547,2026-04-23T08:27:41.585Z,S20260423_092137,N/A,AUTO,46.0009,363.7086,0.0611,N/A,1,1500,VIDE,0.0,0.0,0.0,6.614026,-0.698132,0.0,1,0,28.494,18.924,,,,,,,,,,,,
5548,2026-04-23T08:27:41.653Z,S20260423_092137,N/A,AUTO,46.069,363.7767,0.0682,N/A,1,1500,VIDE,0.0,0.0,0.0,6.604701,-0.698132,0.0,1,0,47.921,29.325,,,,,,,,,,,,
5549,2026-04-23T08:27:41.715Z,S20260423_092137,N/A,AUTO,46.1307,363.8384,0.0617,N/A,1,1500,VIDE,0.0,0.0,0.0,6.598042,-0.698132,0.0,1,0,24.635,19.27,,,,,,,,,,,,
5550,2026-04-23T08:27:41.779Z,S20260423_092137,N/A,AUTO,46.195,363.9027,0.0642,N/A,1,1500,VIDE,0.0,0.0,0.0,6.591384,-0.698132,-0.0,1,0,72.13,1.902,,,,,,,,,,,,
5551,2026-04-23T08:27:41.841Z,S20260423_092137,N/A,AUTO,46.2569,363.9645,0.0619,N/A,1,1500,VIDE,0.0,0.0,0.0,6.586059,-0.698132,0.0,1,0,49.766,23.569,,,,,,,,,,,,
5552,2026-04-23T08:27:41.897Z,S20260423_092137,N/A,AUTO,46.3135,364.0212,0.0567,N/A,1,1500,VIDE,0.0,0.0,0.0,6.582065,-0.698132,0.0,1,0,48.308,23.602,,,,,,,,,,,,
5553,2026-04-23T08:27:41.968Z,S20260423_092137,N/A,AUTO,46.3842,364.0918,0.0706,N/A,1,1500,VIDE,0.0,0.0,0.0,6.578072,-0.698132,-0.0,1,0,52.01,20.902,,,,,,,,,,,,
5554,2026-04-23T08:27:42.025Z,S20260423_092137,N/A,AUTO,46.4408,364.1485,0.0566,N/A,1,1500,VIDE,0.0,0.0,0.0,6.57408,-0.698132,-0.0,1,0,50.054,23.567,,,,,,,,,,,,
5555,2026-04-23T08:27:42.084Z,S20260423_092137,N/A,AUTO,46.5003,364.208,0.0596,N/A,1,1500,VIDE,0.0,0.0,0.0,6.570087,-0.698132,-0.0,1,0,48.932,18.899,,,,,,,,,,,,
5556,2026-04-23T08:27:42.147Z,S20260423_092137,N/A,AUTO,46.5627,364.2704,0.0622,N/A,1,1500,VIDE,0.0,0.0,0.0,6.566096,-0.698132,-0.0,1,0,46.998,19.77,,,,,,,,,,,,
5557,2026-04-23T08:27:42.210Z,S20260423_092137,N/A,AUTO,46.6259,364.3335,0.0632,N/A,1,1500,VIDE,0.0,0.0,0.0,6.562104,-0.698132,0.0,1,0,40.176,19.342,,,,,,,,,,,,
5558,2026-04-23T08:27:42.276Z,S20260423_092137,N/A,AUTO,46.6922,364.3998,0.0664,N/A,1,1500,VIDE,0.0,0.0,0.0,6.558114,-0.698132,0.0,1,0,47.865,19.047,,,,,,,,,,,,
5559,2026-04-23T08:27:42.337Z,S20260423_092137,N/A,AUTO,46.7529,364.4606,0.0608,N/A,1,1500,VIDE,0.0,0.0,0.0,6.554123,-0.698132,-0.0,1,0,52.502,18.879,,,,,,,,,,,,
5560,2026-04-23T08:27:42.399Z,S20260423_092137,N/A,AUTO,46.8148,364.5224,0.0617,N/A,1,1500,VIDE,0.0,0.0,0.0,6.550133,-0.698132,0.0,1,0,41.965,19.84,,,,,,,,,,,,
5561,2026-04-23T08:27:42.463Z,S20260423_092137,N/A,AUTO,46.8787,364.5863,0.0639,N/A,1,1500,VIDE,0.0,0.0,0.0,6.546144,-0.698132,-0.0,1,0,48.691,19.042,,,,,,,,,,,,
5562,2026-04-23T08:27:42.523Z,S20260423_092137,N/A,AUTO,46.9393,364.647,0.0607,N/A,1,1500,VIDE,0.0,0.0,0.0,6.538166,-0.698132,-0.0,1,0,27.256,13.213,,,,,,,,,,,,
5563,2026-04-23T08:27:42.584Z,S20260423_092137,N/A,AUTO,46.9996,364.7073,0.0603,N/A,1,1500,VIDE,0.0,0.0,0.0,6.53019,-0.698132,0.0,1,0,30.816,16.148,,,,,,,,,,,,
5564,2026-04-23T08:27:42.647Z,S20260423_092137,N/A,AUTO,47.0633,364.7709,0.0637,N/A,1,1500,VIDE,0.0,0.0,0.0,6.522215,-0.698132,0.0,1,0,15.551,18.307,,,,,,,,,,,,
5565,2026-04-23T08:27:42.709Z,S20260423_092137,N/A,AUTO,47.1247,364.8324,0.0615,N/A,1,1500,VIDE,0.0,0.0,0.0,6.514243,-0.698132,-0.0,1,0,18.258,19.419,,,,,,,,,,,,
5566,2026-04-23T08:27:42.774Z,S20260423_092137,N/A,AUTO,47.19,364.8976,0.065,N/A,1,1500,VIDE,0.0,0.0,0.0,6.510257,-0.698132,0.0,1,0,37.86,19.128,,,,,,,,,,,,
5567,2026-04-23T08:27:42.836Z,S20260423_092137,N/A,AUTO,47.2517,364.9593,0.0617,N/A,1,1500,VIDE,0.0,0.0,0.0,6.506272,-0.698132,0.0,1,0,55.668,18.155,,,,,,,,,,,,
5568,2026-04-23T08:27:42.898Z,S20260423_092137,N/A,AUTO,47.3143,365.0219,0.0627,N/A,1,1500,VIDE,0.0,0.0,0.0,6.502287,-0.698132,-0.0,1,0,63.037,17.524,,,,,,,,,,,,
5569,2026-04-23T08:27:42.985Z,S20260423_092137,N/A,AUTO,47.4014,365.1091,0.087,N/A,1,1500,VIDE,0.0,0.0,0.0,6.494318,-0.698132,0.0,1,0,54.447,16.142,,,,,,,,,,,,
5570,2026-04-23T08:27:43.024Z,S20260423_092137,N/A,AUTO,47.4405,365.1481,0.0391,N/A,1,1500,VIDE,0.0,0.0,0.0,6.494318,-0.698132,0.0,1,0,54.447,16.142,,,,,,,,,,,,
5571,2026-04-23T08:27:43.085Z,S20260423_092137,N/A,AUTO,47.5009,365.2086,0.0604,N/A,1,1500,VIDE,0.0,0.0,0.0,6.490335,-0.698132,0.0,1,0,48.401,41.325,,,,,,,,,,,,
5572,2026-04-23T08:27:43.147Z,S20260423_092137,N/A,AUTO,47.5626,365.2702,0.0617,N/A,1,1500,VIDE,0.0,0.0,0.0,6.485024,-0.698132,0.0,1,0,79.851,32.067,,,,,,,,,,,,
5573,2026-04-23T08:27:43.210Z,S20260423_092137,N/A,AUTO,47.626,365.3337,0.0634,N/A,1,1500,VIDE,0.0,0.0,0.0,6.478387,-0.698132,0.0,1,0,43.181,17.714,,,,,,,,,,,,
5574,2026-04-23T08:27:43.273Z,S20260423_092137,N/A,AUTO,47.6889,365.3965,0.0629,N/A,1,1500,VIDE,0.0,0.0,0.0,6.474405,-0.698132,0.0,1,0,40.683,20.768,,,,,,,,,,,,
5575,2026-04-23T08:27:43.334Z,S20260423_092137,N/A,AUTO,47.7501,365.4577,0.0613,N/A,1,1500,VIDE,0.0,0.0,0.0,6.470424,-0.698132,0.0,1,0,31.034,18.821,,,,,,,,,,,,
5576,2026-04-23T08:27:43.402Z,S20260423_092137,N/A,AUTO,47.8185,365.5261,0.0683,N/A,1,1500,VIDE,0.0,0.0,0.0,6.466443,-0.698132,0.0,1,0,51.363,19.25,,,,,,,,,,,,
5577,2026-04-23T08:27:43.461Z,S20260423_092137,N/A,AUTO,47.8776,365.5852,0.0589,N/A,1,1500,VIDE,0.0,0.0,0.0,6.462462,-0.698132,0.0,1,0,48.662,19.475,,,,,,,,,,,,
5578,2026-04-23T08:27:43.523Z,S20260423_092137,N/A,AUTO,47.9389,365.6465,0.0616,N/A,1,1500,VIDE,0.0,0.0,0.0,6.454503,-0.698132,0.0,1,0,12.092,19.903,,,,,,,,,,,,
5579,2026-04-23T08:27:43.584Z,S20260423_092137,N/A,AUTO,47.9998,365.7075,0.0609,N/A,1,1500,VIDE,0.0,0.0,0.0,6.446545,-0.698132,-0.0,1,0,15.056,18.998,,,,,,,,,,,,
5580,2026-04-23T08:27:43.647Z,S20260423_092137,N/A,AUTO,48.0626,365.7702,0.0627,N/A,1,1500,VIDE,0.0,0.0,0.0,6.438589,-0.698132,-0.0,1,0,17.04,19.046,,,,,,,,,,,,
5581,2026-04-23T08:27:43.709Z,S20260423_092137,N/A,AUTO,48.1248,365.8325,0.0623,N/A,1,1500,VIDE,0.0,0.0,0.0,6.430634,-0.698132,-0.0,1,0,19.415,19.069,,,,,,,,,,,,
5582,2026-04-23T08:27:43.774Z,S20260423_092137,N/A,AUTO,48.19,365.8977,0.0651,N/A,1,1500,VIDE,0.0,0.0,0.0,6.426657,-0.698132,-0.0,1,0,40.488,18.997,,,,,,,,,,,,
5583,2026-04-23T08:27:43.846Z,S20260423_092137,N/A,AUTO,48.2616,365.9693,0.0716,N/A,1,1500,VIDE,0.0,0.0,0.0,6.422681,-0.698132,-0.0,1,0,35.052,20.284,,,,,,,,,,,,
5584,2026-04-23T08:27:43.898Z,S20260423_092137,N/A,AUTO,48.3144,366.0221,0.0528,N/A,1,1500,VIDE,0.0,0.0,0.0,6.418705,-0.698132,-0.0,1,0,58.182,19.035,,,,,,,,,,,,
5585,2026-04-23T08:27:43.985Z,S20260423_092137,N/A,AUTO,48.4009,366.1085,0.0865,N/A,1,1500,VIDE,0.0,0.0,0.0,6.410755,-0.698132,-0.0,1,0,51.408,16.636,,,,,,,,,,,,
5586,2026-04-23T08:27:44.025Z,S20260423_092137,N/A,AUTO,48.441,366.1486,0.04,N/A,1,1500,VIDE,0.0,0.0,0.0,6.408105,-0.698132,-0.0,1,0,80.391,1.875,,,,,,,,,,,,
5587,2026-04-23T08:27:44.085Z,S20260423_092137,N/A,AUTO,48.5008,366.2085,0.0599,N/A,1,1500,VIDE,0.0,0.0,0.0,6.405456,-0.698132,-0.0,1,0,75.633,35.566,,,,,,,,,,,,
5588,2026-04-23T08:27:44.154Z,S20260423_092137,N/A,AUTO,48.5699,366.2776,0.0692,N/A,1,1500,VIDE,0.0,0.0,0.0,6.398832,-0.698132,-0.0,1,0,32.497,19.552,,,,,,,,,,,,
5589,2026-04-23T08:27:44.214Z,S20260423_092137,N/A,AUTO,48.6298,366.3374,0.0598,N/A,1,1500,VIDE,0.0,0.0,0.0,6.394859,-0.698132,0.0,1,0,59.675,19.672,,,,,,,,,,,,
5590,2026-04-23T08:27:44.276Z,S20260423_092137,N/A,AUTO,48.6919,366.3996,0.0622,N/A,1,1500,VIDE,0.0,0.0,0.0,6.390886,-0.698132,-0.0,1,0,51.886,18.57,,,,,,,,,,,,
5591,2026-04-23T08:27:44.346Z,S20260423_092137,N/A,AUTO,48.7626,366.4703,0.0705,N/A,1,1500,VIDE,0.0,0.0,0.0,6.386914,-0.698132,-0.0,1,0,55.848,18.175,,,,,,,,,,,,
5592,2026-04-23T08:27:44.405Z,S20260423_092137,N/A,AUTO,48.8207,366.5283,0.0581,N/A,1,1500,VIDE,0.0,0.0,0.0,6.382942,-0.698132,-0.0,1,0,58.25,17.943,,,,,,,,,,,,
5593,2026-04-23T08:27:44.461Z,S20260423_092137,N/A,AUTO,48.8772,366.5849,0.0565,N/A,1,1500,VIDE,0.0,0.0,0.0,6.37897,-0.698132,-0.0,1,0,53.345,19.672,,,,,,,,,,,,
5594,2026-04-23T08:27:44.521Z,S20260423_092137,N/A,AUTO,48.937,366.6446,0.06,N/A,1,1500,VIDE,0.0,0.0,0.0,6.371028,-0.698132,-0.0,1,0,10.108,20.184,,,,,,,,,,,,
5595,2026-04-23T08:27:44.585Z,S20260423_092137,N/A,AUTO,49.0008,366.7085,0.0638,N/A,1,1500,VIDE,0.0,0.0,0.0,6.363088,-0.698132,0.0,1,0,11.914,20.376,,,,,,,,,,,,
5596,2026-04-23T08:27:44.649Z,S20260423_092137,N/A,AUTO,49.0655,366.7732,0.0647,N/A,1,1500,VIDE,0.0,0.0,0.0,6.35515,-0.698132,0.0,1,0,13.432,19.462,,,,,,,,,,,,
5597,2026-04-23T08:27:44.714Z,S20260423_092137,N/A,AUTO,49.1297,366.8373,0.0642,N/A,1,1500,VIDE,0.0,0.0,0.0,6.347213,-0.698132,-0.0,1,0,14.011,18.967,,,,,,,,,,,,
5598,2026-04-23T08:27:44.778Z,S20260423_092137,N/A,AUTO,49.1939,366.9015,0.0641,N/A,1,1500,VIDE,0.0,0.0,0.0,6.343245,-0.698132,0.0,1,0,29.973,20.139,,,,,,,,,,,,
5599,2026-04-23T08:27:44.842Z,S20260423_092137,N/A,AUTO,49.2585,366.9662,0.0647,N/A,1,1500,VIDE,0.0,0.0,0.0,6.339278,-0.698132,-0.0,1,0,49.938,18.7,,,,,,,,,,,,
5600,2026-04-23T08:27:44.904Z,S20260423_092137,N/A,AUTO,49.3199,367.0276,0.0615,N/A,1,1500,VIDE,0.0,0.0,0.0,6.33531,-0.698132,0.0,1,0,64.291,16.154,,,,,,,,,,,,
5601,2026-04-23T08:27:44.965Z,S20260423_092137,N/A,AUTO,49.3813,367.0889,0.0613,N/A,1,1500,VIDE,0.0,0.0,0.0,6.331344,-0.698132,0.0,1,0,77.503,17.537,,,,,,,,,,,,
5602,2026-04-23T08:27:45.025Z,S20260423_092137,N/A,AUTO,49.4416,367.1492,0.0601,N/A,1,1500,VIDE,0.0,0.0,0.0,6.327378,-0.698132,0.0,1,0,68.969,19.069,,,,,,,,,,,,
5603,2026-04-23T08:27:45.086Z,S20260423_092137,N/A,AUTO,49.5021,367.2097,0.0606,N/A,1,1500,VIDE,0.0,0.0,0.0,6.323412,-0.698132,-0.0,1,0,68.742,17.662,,,,,,,,,,,,
5604,2026-04-23T08:27:45.155Z,S20260423_092137,N/A,AUTO,49.5714,367.2791,0.0694,N/A,1,1500,VIDE,0.0,0.0,0.0,6.319447,-0.698132,0.0,1,0,69.792,18.727,,,,,,,,,,,,
5605,2026-04-23T08:27:45.210Z,S20260423_092137,N/A,AUTO,49.6259,367.3336,0.0545,N/A,1,1500,VIDE,0.0,0.0,0.0,6.315482,-0.698132,0.0,1,0,61.754,17.775,,,,,,,,,,,,
5606,2026-04-23T08:27:45.274Z,S20260423_092137,N/A,AUTO,49.69,367.3977,0.0642,N/A,1,1500,VIDE,0.0,0.0,0.0,6.311518,-0.698132,0.0,1,0,70.885,19.381,,,,,,,,,,,,
5607,2026-04-23T08:27:45.338Z,S20260423_092137,N/A,AUTO,49.7538,367.4615,0.0637,N/A,1,1500,VIDE,0.0,0.0,0.0,6.307554,-0.698132,0.0,1,0,71.147,19.892,,,,,,,,,,,,
5608,2026-04-23T08:27:45.402Z,S20260423_092137,N/A,AUTO,49.8177,367.5254,0.0639,N/A,1,1500,VIDE,0.0,0.0,0.0,6.30359,-0.698132,-0.0,1,0,64.409,18.233,,,,,,,,,,,,
5609,2026-04-23T08:27:45.464Z,S20260423_092137,N/A,AUTO,49.8804,367.5881,0.0626,N/A,1,1500,VIDE,0.0,0.0,0.0,6.299627,-0.698132,-0.0,1,0,57.547,25.596,,,,,,,,,,,,
5610,2026-04-23T08:27:45.524Z,S20260423_092137,N/A,AUTO,49.9401,367.6478,0.0598,N/A,1,1500,VIDE,0.0,0.0,0.0,6.291702,-0.698132,-0.0,1,0,37.238,20.335,,,,,,,,,,,,
5611,2026-04-23T08:27:45.584Z,S20260423_092137,N/A,AUTO,50.0003,367.7079,0.0602,N/A,1,1500,VIDE,0.0,0.0,0.0,6.283778,-0.698132,-0.0,1,0,19.455,20.375,,,,,,,,,,,,
5612,2026-04-23T08:27:45.653Z,S20260423_092137,N/A,AUTO,50.0693,367.777,0.069,N/A,1,1500,VIDE,0.0,0.0,0.0,6.275856,-0.698132,-0.0,1,0,21.821,20.149,,,,,,,,,,,,
5613,2026-04-23T08:27:45.714Z,S20260423_092137,N/A,AUTO,50.1303,367.8379,0.0609,N/A,1,1500,VIDE,0.0,0.0,0.0,6.267936,-0.698132,0.0,1,0,23.15,19.029,,,,,,,,,,,,
5614,2026-04-23T08:27:45.777Z,S20260423_092137,N/A,AUTO,50.1935,367.9011,0.0631,N/A,1,1500,VIDE,0.0,0.0,0.0,6.260017,-0.698132,0.0,1,0,43.932,19.858,,,,,,,,,,,,
5615,2026-04-23T08:27:45.843Z,S20260423_092137,N/A,AUTO,50.2592,367.9668,0.0657,N/A,1,1500,VIDE,0.0,0.0,0.0,6.256059,-0.698132,-0.0,1,0,31.015,18.814,,,,,,,,,,,,
5616,2026-04-23T08:27:45.897Z,S20260423_092137,N/A,AUTO,50.3131,368.0208,0.0541,N/A,1,1500,VIDE,0.0,0.0,0.0,6.2521,-0.698132,-0.0,1,0,53.545,17.868,,,,,,,,,,,,
5617,2026-04-23T08:27:45.987Z,S20260423_092137,N/A,AUTO,50.4028,368.1105,0.0897,N/A,1,1500,VIDE,0.0,0.0,0.0,6.244185,-0.698132,-0.0,1,0,34.428,20.451,,,,,,,,,,,,
5618,2026-04-23T08:27:46.025Z,S20260423_092137,N/A,AUTO,50.441,368.1486,0.0379,N/A,1,1500,VIDE,0.0,0.0,0.0,6.244185,-0.698132,-0.0,1,0,34.428,20.451,,,,,,,,,,,,
5619,2026-04-23T08:27:46.086Z,S20260423_092137,N/A,AUTO,50.5018,368.2094,0.0609,N/A,1,1500,VIDE,0.0,0.0,0.0,6.240229,-0.698132,0.0,1,0,56.688,41.322,,,,,,,,,,,,
5620,2026-04-23T08:27:46.151Z,S20260423_092137,N/A,AUTO,50.5672,368.2748,0.0655,N/A,1,1500,VIDE,0.0,0.0,0.0,6.232316,-0.698132,0.0,1,0,39.138,18.386,,,,,,,,,,,,
5621,2026-04-23T08:27:46.215Z,S20260423_092137,N/A,AUTO,50.631,368.3387,0.0637,N/A,1,1500,VIDE,0.0,0.0,0.0,6.232316,-0.698132,0.0,1,0,39.138,18.386,,,,,,,,,,,,
5622,2026-04-23T08:27:46.277Z,S20260423_092137,N/A,AUTO,50.6931,368.4008,0.0622,N/A,1,1500,VIDE,0.0,0.0,0.0,6.22836,-0.698132,-0.0,1,0,78.267,18.914,,,,,,,,,,,,
5623,2026-04-23T08:27:46.339Z,S20260423_092137,N/A,AUTO,50.7552,368.4628,0.062,N/A,1,1500,VIDE,0.0,0.0,0.0,6.224405,-0.698132,0.0,1,0,94.717,19.075,,,,,,,,,,,,
5624,2026-04-23T08:27:46.399Z,S20260423_092137,N/A,AUTO,50.8152,368.5229,0.06,N/A,1,1500,VIDE,0.0,0.0,0.0,6.22045,-0.698132,-0.0,1,0,109.895,18.519,,,,,,,,,,,,
5625,2026-04-23T08:27:46.459Z,S20260423_092137,N/A,AUTO,50.8754,368.5831,0.0604,N/A,1,1500,VIDE,0.0,0.0,0.0,6.216495,-0.698132,0.0,1,0,107.787,18.793,,,,,,,,,,,,
5626,2026-04-23T08:27:46.521Z,S20260423_092137,N/A,AUTO,50.9372,368.6449,0.0618,N/A,1,1500,VIDE,0.0,0.0,0.0,6.208587,-0.698132,0.0,1,0,70.012,18.607,,,,,,,,,,,,
5627,2026-04-23T08:27:46.585Z,S20260423_092137,N/A,AUTO,51.0005,368.7082,0.0633,N/A,1,1500,VIDE,0.0,0.0,0.0,6.200681,-0.698132,-0.0,1,0,9.316,19.828,,,,,,,,,,,,
5628,2026-04-23T08:27:46.650Z,S20260423_092137,N/A,AUTO,51.0664,368.774,0.0658,N/A,1,1500,VIDE,0.0,0.0,0.0,6.192777,-0.698132,0.0,1,0,9.77,18.953,,,,,,,,,,,,
5629,2026-04-23T08:27:46.712Z,S20260423_092137,N/A,AUTO,51.1279,368.8355,0.0615,N/A,1,1500,VIDE,0.0,0.0,0.0,6.184874,-0.698132,0.0,1,0,9.583,19.755,,,,,,,,,,,,
5630,2026-04-23T08:27:46.774Z,S20260423_092137,N/A,AUTO,51.1901,368.8978,0.0622,N/A,1,1500,VIDE,0.0,0.0,0.0,6.176972,-0.698132,0.0,1,0,46.548,19.684,,,,,,,,,,,,
5631,2026-04-23T08:27:46.837Z,S20260423_092137,N/A,AUTO,51.2531,368.9607,0.063,N/A,1,1500,VIDE,0.0,0.0,0.0,6.173022,-0.698132,-0.0,1,0,41.478,19.083,,,,,,,,,,,,
5632,2026-04-23T08:27:46.898Z,S20260423_092137,N/A,AUTO,51.3141,369.0218,0.0611,N/A,1,1500,VIDE,0.0,0.0,0.0,6.169073,-0.698132,0.0,1,0,34.721,20.936,,,,,,,,,,,,
5633,2026-04-23T08:27:46.988Z,S20260423_092137,N/A,AUTO,51.4036,369.1113,0.0894,N/A,1,1500,VIDE,0.0,0.0,0.0,6.161175,-0.698132,-0.0,1,0,36.759,18.734,,,,,,,,,,,,
5634,2026-04-23T08:27:47.022Z,S20260423_092137,N/A,AUTO,51.4384,369.1461,0.0348,N/A,1,1500,VIDE,0.0,0.0,0.0,6.161175,-0.698132,-0.0,1,0,36.759,18.734,,,,,,,,,,,,
5635,2026-04-23T08:27:47.086Z,S20260423_092137,N/A,AUTO,51.5019,369.2096,0.0635,N/A,1,1500,VIDE,0.0,0.0,0.0,6.15591,-0.698132,0.0,1,0,78.372,33.65,,,,,,,,,,,,
5636,2026-04-23T08:27:47.147Z,S20260423_092137,N/A,AUTO,51.5629,369.2706,0.0611,N/A,1,1500,VIDE,0.0,0.0,0.0,6.149331,-0.698132,-0.0,1,0,30.403,16.009,,,,,,,,,,,,
5637,2026-04-23T08:27:47.210Z,S20260423_092137,N/A,AUTO,51.6265,369.3342,0.0634,N/A,1,1500,VIDE,0.0,0.0,0.0,6.145384,-0.698132,0.0,1,0,47.409,19.49,,,,,,,,,,,,
5638,2026-04-23T08:27:47.274Z,S20260423_092137,N/A,AUTO,51.6904,369.3981,0.064,N/A,1,1500,VIDE,0.0,0.0,0.0,6.141437,-0.698132,0.0,1,0,43.994,18.949,,,,,,,,,,,,
5639,2026-04-23T08:27:47.337Z,S20260423_092137,N/A,AUTO,51.7534,369.4611,0.0631,N/A,1,1500,VIDE,0.0,0.0,0.0,6.13749,-0.698132,-0.0,1,0,37.214,19.018,,,,,,,,,,,,
5640,2026-04-23T08:27:47.403Z,S20260423_092137,N/A,AUTO,51.8193,369.527,0.0659,N/A,1,1500,VIDE,0.0,0.0,0.0,6.133544,-0.698132,-0.0,1,0,53.297,19.805,,,,,,,,,,,,
5641,2026-04-23T08:27:47.461Z,S20260423_092137,N/A,AUTO,51.8775,369.5851,0.058,N/A,1,1500,VIDE,0.0,0.0,0.0,6.128284,-0.698132,-0.0,1,0,74.85,27.154,,,,,,,,,,,,
5642,2026-04-23T08:27:47.525Z,S20260423_092137,N/A,AUTO,51.9407,369.6483,0.0634,N/A,1,1500,VIDE,0.0,0.0,0.0,6.121709,-0.698132,0.0,1,0,28.048,28.021,,,,,,,,,,,,
5643,2026-04-23T08:27:47.584Z,S20260423_092137,N/A,AUTO,52.0002,369.7079,0.0596,N/A,1,1500,VIDE,0.0,0.0,0.0,6.113821,-0.698132,-0.0,1,0,27.617,19.362,,,,,,,,,,,,
5644,2026-04-23T08:27:47.657Z,S20260423_092137,N/A,AUTO,52.0732,369.7809,0.0729,N/A,1,1500,VIDE,0.0,0.0,0.0,6.105934,-0.698132,-0.0,1,0,28.335,19.226,,,,,,,,,,,,
5645,2026-04-23T08:27:47.718Z,S20260423_092137,N/A,AUTO,52.1343,369.8419,0.061,N/A,1,1500,VIDE,0.0,0.0,0.0,6.098049,-0.698132,-0.0,1,0,16.7,19.797,,,,,,,,,,,,
5646,2026-04-23T08:27:47.778Z,S20260423_092137,N/A,AUTO,52.1941,369.9018,0.0599,N/A,1,1500,VIDE,0.0,0.0,0.0,6.094107,-0.698132,0.0,1,0,34.418,18.437,,,,,,,,,,,,
5647,2026-04-23T08:27:47.835Z,S20260423_092137,N/A,AUTO,52.2509,369.9586,0.0568,N/A,1,1500,VIDE,0.0,0.0,0.0,6.090166,-0.698132,-0.0,1,0,60.038,14.987,,,,,,,,,,,,
5648,2026-04-23T08:27:47.897Z,S20260423_092137,N/A,AUTO,52.3134,370.0211,0.0625,N/A,1,1500,VIDE,0.0,0.0,0.0,6.086225,-0.698132,-0.0,1,0,65.345,13.936,,,,,,,,,,,,
5649,2026-04-23T08:27:47.989Z,S20260423_092137,N/A,AUTO,52.4051,370.1127,0.0916,N/A,1,1500,VIDE,0.0,0.0,0.0,6.078343,-0.698132,0.0,1,0,56.06,16.914,,,,,,,,,,,,
5650,2026-04-23T08:27:48.026Z,S20260423_092137,N/A,AUTO,52.4419,370.1496,0.0369,N/A,1,1500,VIDE,0.0,0.0,0.0,6.078343,-0.698132,0.0,1,0,56.06,16.914,,,,,,,,,,,,
5651,2026-04-23T08:27:48.085Z,S20260423_092137,N/A,AUTO,52.5008,370.2085,0.0589,N/A,1,1500,VIDE,0.0,0.0,0.0,6.074403,-0.698132,0.0,1,0,49.392,44.76,,,,,,,,,,,,
5652,2026-04-23T08:27:48.156Z,S20260423_092137,N/A,AUTO,52.5724,370.28,0.0712,N/A,1,1500,VIDE,0.0,0.0,0.0,6.070464,-0.698132,0.0,1,0,56.078,17.786,,,,,,,,,,,,
5653,2026-04-23T08:27:48.213Z,S20260423_092137,N/A,AUTO,52.6295,370.3372,0.0573,N/A,1,1500,VIDE,0.0,0.0,0.0,6.066525,-0.698132,0.0,1,0,58.917,19.44,,,,,,,,,,,,
5654,2026-04-23T08:27:48.279Z,S20260423_092137,N/A,AUTO,52.6956,370.4032,0.0661,N/A,1,1500,VIDE,0.0,0.0,0.0,6.062586,-0.698132,0.0,1,0,64.448,21.208,,,,,,,,,,,,
5655,2026-04-23T08:27:48.339Z,S20260423_092137,N/A,AUTO,52.7548,370.4625,0.0592,N/A,1,1500,VIDE,0.0,0.0,0.0,6.058648,-0.698132,-0.0,1,0,79.851,19.312,,,,,,,,,,,,
5656,2026-04-23T08:27:48.400Z,S20260423_092137,N/A,AUTO,52.8166,370.5243,0.0618,N/A,1,1500,VIDE,0.0,0.0,0.0,6.058648,-0.698132,-0.0,1,0,79.851,19.312,,,,,,,,,,,,
5657,2026-04-23T08:27:48.464Z,S20260423_092137,N/A,AUTO,52.8798,370.5875,0.0633,N/A,1,1500,VIDE,0.0,0.0,0.0,6.05471,-0.698132,-0.0,1,0,120.645,26.783,,,,,,,,,,,,
5658,2026-04-23T08:27:48.521Z,S20260423_092137,N/A,AUTO,52.9372,370.6448,0.0575,N/A,1,1500,VIDE,0.0,0.0,0.0,6.046835,-0.698132,-0.0,1,0,96.831,28.074,,,,,,,,,,,,
5659,2026-04-23T08:27:48.584Z,S20260423_092137,N/A,AUTO,53.0003,370.708,0.0632,N/A,1,1500,VIDE,0.0,0.0,0.0,6.038962,-0.698132,-0.0,1,0,50.48,21.618,,,,,,,,,,,,
5660,2026-04-23T08:27:48.649Z,S20260423_092137,N/A,AUTO,53.0649,370.7726,0.0646,N/A,1,1500,VIDE,0.0,0.0,0.0,6.03109,-0.698132,0.0,1,0,18.571,19.339,,,,,,,,,,,,
5661,2026-04-23T08:27:48.709Z,S20260423_092137,N/A,AUTO,53.1254,370.8331,0.0605,N/A,1,1500,VIDE,0.0,0.0,0.0,6.023221,-0.698132,-0.0,1,0,21.818,18.644,,,,,,,,,,,,
5662,2026-04-23T08:27:48.776Z,S20260423_092137,N/A,AUTO,53.1923,370.9,0.0669,N/A,1,1500,VIDE,0.0,0.0,0.0,6.019286,-0.698132,0.0,1,0,30.828,18.331,,,,,,,,,,,,
5663,2026-04-23T08:27:48.840Z,S20260423_092137,N/A,AUTO,53.2565,370.9642,0.0641,N/A,1,1500,VIDE,0.0,0.0,0.0,6.015352,-0.698132,0.0,1,0,50.326,19.374,,,,,,,,,,,,
5664,2026-04-23T08:27:48.903Z,S20260423_092137,N/A,AUTO,53.3187,371.0263,0.0622,N/A,1,1500,VIDE,0.0,0.0,0.0,6.011419,-0.698132,0.0,1,0,43.884,19.189,,,,,,,,,,,,
5665,2026-04-23T08:27:48.991Z,S20260423_092137,N/A,AUTO,53.4075,371.1151,0.0888,N/A,1,1500,VIDE,0.0,0.0,0.0,6.003553,-0.698132,-0.0,1,0,40.128,19.284,,,,,,,,,,,,
5666,2026-04-23T08:27:49.025Z,S20260423_092137,N/A,AUTO,53.4407,371.1483,0.0332,N/A,1,1500,VIDE,0.0,0.0,0.0,6.003553,-0.698132,-0.0,1,0,40.128,19.284,,,,,,,,,,,,
5667,2026-04-23T08:27:49.086Z,S20260423_092137,N/A,AUTO,53.5017,371.2093,0.061,N/A,1,1500,VIDE,0.0,0.0,0.0,5.99962,-0.698132,-0.0,1,0,61.461,46.343,,,,,,,,,,,,
5668,2026-04-23T08:27:49.148Z,S20260423_092137,N/A,AUTO,53.5643,371.272,0.0628,N/A,1,1500,VIDE,0.0,0.0,0.0,5.995688,-0.698132,-0.0,1,0,60.5,19.309,,,,,,,,,,,,
5669,2026-04-23T08:27:49.210Z,S20260423_092137,N/A,AUTO,53.6262,371.3338,0.0618,N/A,1,1500,VIDE,0.0,0.0,0.0,5.991757,-0.698132,0.0,1,0,62.763,18.184,,,,,,,,,,,,
5670,2026-04-23T08:27:49.273Z,S20260423_092137,N/A,AUTO,53.6895,371.3971,0.0634,N/A,1,1500,VIDE,0.0,0.0,0.0,5.987825,-0.698132,-0.0,1,0,56.181,19.445,,,,,,,,,,,,
5671,2026-04-23T08:27:49.338Z,S20260423_092137,N/A,AUTO,53.7543,371.462,0.0648,N/A,1,1500,VIDE,0.0,0.0,0.0,5.981275,-0.698132,-0.0,1,0,73.151,14.513,,,,,,,,,,,,
5672,2026-04-23T08:27:49.400Z,S20260423_092137,N/A,AUTO,53.8161,371.5238,0.0619,N/A,1,1500,VIDE,0.0,0.0,0.0,5.976034,-0.698132,0.0,1,0,44.936,27.628,,,,,,,,,,,,
5673,2026-04-23T08:27:49.465Z,S20260423_092137,N/A,AUTO,53.8811,371.5888,0.065,N/A,1,1500,VIDE,0.0,0.0,0.0,5.972105,-0.698132,-0.0,1,0,36.366,23.915,,,,,,,,,,,,
5674,2026-04-23T08:27:49.525Z,S20260423_092137,N/A,AUTO,53.9409,371.6485,0.0598,N/A,1,1500,VIDE,0.0,0.0,0.0,5.966866,-0.698132,0.0,1,0,40.296,11.806,,,,,,,,,,,,
5675,2026-04-23T08:27:49.585Z,S20260423_092137,N/A,AUTO,54.0007,371.7083,0.0598,N/A,1,1500,VIDE,0.0,0.0,0.0,5.960318,-0.698132,0.0,1,0,12.634,16.719,,,,,,,,,,,,
5676,2026-04-23T08:27:49.647Z,S20260423_092137,N/A,AUTO,54.0636,371.7712,0.0628,N/A,1,1500,VIDE,0.0,0.0,0.0,5.952463,-0.698132,-0.0,1,0,16.954,18.946,,,,,,,,,,,,
5677,2026-04-23T08:27:49.714Z,S20260423_092137,N/A,AUTO,54.1296,371.8373,0.0662,N/A,1,1500,VIDE,0.0,0.0,0.0,5.944608,-0.698132,-0.0,1,0,23.969,18.9,,,,,,,,,,,,
5678,2026-04-23T08:27:49.779Z,S20260423_092137,N/A,AUTO,54.1949,371.9025,0.0652,N/A,1,1500,VIDE,0.0,0.0,0.0,5.940682,-0.698132,-0.0,1,0,25.516,19.492,,,,,,,,,,,,
5679,2026-04-23T08:27:49.834Z,S20260423_092137,N/A,AUTO,54.2505,371.9582,0.0557,N/A,1,1500,VIDE,0.0,0.0,0.0,5.936756,-0.698132,-0.0,1,0,48.815,18.35,,,,,,,,,,,,
5680,2026-04-23T08:27:49.898Z,S20260423_092137,N/A,AUTO,54.3143,372.0219,0.0638,N/A,1,1500,VIDE,0.0,0.0,0.0,5.93283,-0.698132,-0.0,1,0,50.191,18.948,,,,,,,,,,,,
5681,2026-04-23T08:27:49.991Z,S20260423_092137,N/A,AUTO,54.4072,372.1148,0.0927,N/A,1,1500,VIDE,0.0,0.0,0.0,5.92498,-0.698132,-0.0,1,0,37.93,18.689,,,,,,,,,,,,
5682,2026-04-23T08:27:50.026Z,S20260423_092137,N/A,AUTO,54.4425,372.1501,0.0354,N/A,1,1500,VIDE,0.0,0.0,0.0,5.92498,-0.698132,-0.0,1,0,37.93,18.689,,,,,,,,,,,,
5683,2026-04-23T08:27:50.085Z,S20260423_092137,N/A,AUTO,54.5006,372.2083,0.0582,N/A,1,1500,VIDE,0.0,0.0,0.0,5.921055,-0.698132,0.0,1,0,53.969,47.04,,,,,,,,,,,,
5684,2026-04-23T08:27:50.151Z,S20260423_092137,N/A,AUTO,54.5675,372.2751,0.0669,N/A,1,1500,VIDE,0.0,0.0,0.0,5.917131,-0.698132,-0.0,1,0,57.803,15.472,,,,,,,,,,,,
5685,2026-04-23T08:27:50.214Z,S20260423_092137,N/A,AUTO,54.6298,372.3375,0.0621,N/A,1,1500,VIDE,0.0,0.0,0.0,5.913208,-0.698132,-0.0,1,0,63.101,19.302,,,,,,,,,,,,
5686,2026-04-23T08:27:50.276Z,S20260423_092137,N/A,AUTO,54.6922,372.3999,0.0626,N/A,1,1500,VIDE,0.0,0.0,0.0,5.909284,-0.698132,-0.0,1,0,60.767,19.406,,,,,,,,,,,,
5687,2026-04-23T08:27:50.338Z,S20260423_092137,N/A,AUTO,54.754,372.4616,0.0617,N/A,1,1500,VIDE,0.0,0.0,0.0,5.905361,-0.698132,0.0,1,0,59.381,20.222,,,,,,,,,,,,
5688,2026-04-23T08:27:50.396Z,S20260423_092137,N/A,AUTO,54.8124,372.5201,0.0585,N/A,1,1500,VIDE,0.0,0.0,0.0,5.900131,-0.698132,0.0,1,0,90.863,30.987,,,,,,,,,,,,
5689,2026-04-23T08:27:50.460Z,S20260423_092137,N/A,AUTO,54.8761,372.5838,0.0637,N/A,1,1500,VIDE,0.0,0.0,0.0,5.893595,-0.698132,-0.0,1,0,49.478,19.764,,,,,,,,,,,,
5690,2026-04-23T08:27:50.522Z,S20260423_092137,N/A,AUTO,54.9377,372.6454,0.0617,N/A,1,1500,VIDE,0.0,0.0,0.0,5.885752,-0.698132,-0.0,1,0,15.674,19.143,,,,,,,,,,,,
5691,2026-04-23T08:27:50.584Z,S20260423_092137,N/A,AUTO,55.0002,372.7079,0.0626,N/A,1,1500,VIDE,0.0,0.0,0.0,5.877911,-0.698132,0.0,1,0,9.254,19.398,,,,,,,,,,,,
5692,2026-04-23T08:27:50.649Z,S20260423_092137,N/A,AUTO,55.0651,372.7728,0.0648,N/A,1,1500,VIDE,0.0,0.0,0.0,5.870072,-0.698132,0.0,1,0,24.488,19.593,,,,,,,,,,,,
5693,2026-04-23T08:27:50.712Z,S20260423_092137,N/A,AUTO,55.1276,372.8353,0.0625,N/A,1,1500,VIDE,0.0,0.0,0.0,5.862234,-0.698132,0.0,1,0,20.235,19.533,,,,,,,,,,,,
5694,2026-04-23T08:27:50.776Z,S20260423_092137,N/A,AUTO,55.1916,372.8993,0.064,N/A,1,1500,VIDE,0.0,0.0,0.0,5.854398,-0.698132,-0.0,1,0,33.425,19.496,,,,,,,,,,,,
5695,2026-04-23T08:27:50.837Z,S20260423_092137,N/A,AUTO,55.2535,372.9611,0.0618,N/A,1,1500,VIDE,0.0,0.0,0.0,5.85048,-0.698132,-0.0,1,0,48.16,18.586,,,,,,,,,,,,
5696,2026-04-23T08:27:50.898Z,S20260423_092137,N/A,AUTO,55.3145,373.0222,0.0611,N/A,1,1500,VIDE,0.0,0.0,0.0,5.846563,-0.698132,-0.0,1,0,31.596,18.248,,,,,,,,,,,,
5697,2026-04-23T08:27:50.971Z,S20260423_092137,N/A,AUTO,55.3869,373.0945,0.0723,N/A,1,1500,VIDE,0.0,0.0,0.0,5.83873,-0.698132,-0.0,1,0,40.089,22.049,,,,,,,,,,,,
5698,2026-04-23T08:27:51.024Z,S20260423_092137,N/A,AUTO,55.4405,373.1482,0.0536,N/A,1,1500,VIDE,0.0,0.0,0.0,5.834814,-0.698132,-0.0,1,0,29.908,25.709,,,,,,,,,,,,
5699,2026-04-23T08:27:51.084Z,S20260423_092137,N/A,AUTO,55.5004,373.2081,0.0601,N/A,1,1500,VIDE,0.0,0.0,0.0,5.830898,-0.698132,-0.0,1,0,44.696,19.05,,,,,,,,,,,,
5700,2026-04-23T08:27:51.148Z,S20260423_092137,N/A,AUTO,55.5643,373.272,0.0638,N/A,1,1500,VIDE,0.0,0.0,0.0,5.823068,-0.698132,-0.0,1,0,38.083,19.832,,,,,,,,,,,,
5701,2026-04-23T08:27:51.210Z,S20260423_092137,N/A,AUTO,55.6262,373.3338,0.0618,N/A,1,1500,VIDE,0.0,0.0,0.0,5.819153,-0.698132,-0.0,1,0,52.216,20.287,,,,,,,,,,,,
5702,2026-04-23T08:27:51.274Z,S20260423_092137,N/A,AUTO,55.69,373.3976,0.0639,N/A,1,1500,VIDE,0.0,0.0,0.0,5.815239,-0.698132,0.0,1,0,40.754,20.177,,,,,,,,,,,,
5703,2026-04-23T08:27:51.338Z,S20260423_092137,N/A,AUTO,55.7541,373.4618,0.0641,N/A,1,1500,VIDE,0.0,0.0,0.0,5.811326,-0.698132,-0.0,1,0,30.359,20.317,,,,,,,,,,,,
5704,2026-04-23T08:27:51.398Z,S20260423_092137,N/A,AUTO,55.8142,373.5219,0.0603,N/A,1,1500,VIDE,0.0,0.0,0.0,5.803499,-0.698132,-0.0,1,0,28.105,16.204,,,,,,,,,,,,
5705,2026-04-23T08:27:51.460Z,S20260423_092137,N/A,AUTO,55.8757,373.5834,0.0614,N/A,1,1500,VIDE,0.0,0.0,0.0,5.799587,-0.698132,-0.0,1,0,33.712,20.282,,,,,,,,,,,,
5706,2026-04-23T08:27:51.525Z,S20260423_092137,N/A,AUTO,55.9409,373.6486,0.0652,N/A,1,1500,VIDE,0.0,0.0,0.0,5.791763,-0.698132,0.0,1,0,9.444,19.5,,,,,,,,,,,,
5707,2026-04-23T08:27:51.584Z,S20260423_092137,N/A,AUTO,56.0003,373.708,0.0594,N/A,1,1500,VIDE,0.0,0.0,0.0,5.78394,-0.698132,-0.0,1,0,23.881,18.399,,,,,,,,,,,,
5708,2026-04-23T08:27:51.657Z,S20260423_092137,N/A,AUTO,56.073,373.7807,0.0727,N/A,1,1500,VIDE,0.0,0.0,0.0,5.772209,-0.698132,-0.0,1,0,23.866,17.922,,,,,,,,,,,,
5709,2026-04-23T08:27:51.719Z,S20260423_092137,N/A,AUTO,56.1349,373.8425,0.0618,N/A,1,1500,VIDE,0.0,0.0,0.0,5.76439,-0.698132,-0.0,1,0,21.25,19.565,,,,,,,,,,,,
5710,2026-04-23T08:27:51.779Z,S20260423_092137,N/A,AUTO,56.1954,373.9031,0.0605,N/A,1,1500,VIDE,0.0,0.0,0.0,5.760482,-0.698132,0.0,1,0,16.906,21.714,,,,,,,,,,,,
5711,2026-04-23T08:27:51.834Z,S20260423_092137,N/A,AUTO,56.2503,373.9579,0.0549,N/A,1,1500,VIDE,0.0,0.0,0.0,5.756573,-0.698132,-0.0,1,0,47.731,16.855,,,,,,,,,,,,
5712,2026-04-23T08:27:51.897Z,S20260423_092137,N/A,AUTO,56.3133,374.021,0.0631,N/A,1,1500,VIDE,0.0,0.0,0.0,5.748758,-0.698132,-0.0,1,0,24.864,18.704,,,,,,,,,,,,
5713,2026-04-23T08:27:51.993Z,S20260423_092137,N/A,AUTO,56.409,374.1167,0.0956,N/A,1,1500,VIDE,0.0,0.0,0.0,5.740943,-0.698132,0.0,1,0,39.123,19.784,,,,,,,,,,,,
5714,2026-04-23T08:27:52.025Z,S20260423_092137,N/A,AUTO,56.4409,374.1486,0.0319,N/A,1,1500,VIDE,0.0,0.0,0.0,5.740943,-0.698132,0.0,1,0,39.123,19.784,,,,,,,,,,,,
5715,2026-04-23T08:27:52.085Z,S20260423_092137,N/A,AUTO,56.5013,374.209,0.0604,N/A,1,1500,VIDE,0.0,0.0,0.0,5.733131,-0.698132,-0.0,1,0,35.315,19.282,,,,,,,,,,,,
5716,2026-04-23T08:27:52.154Z,S20260423_092137,N/A,AUTO,56.5705,374.2782,0.0693,N/A,1,1500,VIDE,0.0,0.0,0.0,5.729225,-0.698132,-0.0,1,0,48.93,20.233,,,,,,,,,,,,
5717,2026-04-23T08:27:52.212Z,S20260423_092137,N/A,AUTO,56.6282,374.3358,0.0577,N/A,1,1500,VIDE,0.0,0.0,0.0,5.725319,-0.698132,-0.0,1,0,32.915,19.56,,,,,,,,,,,,
5718,2026-04-23T08:27:52.276Z,S20260423_092137,N/A,AUTO,56.692,374.3997,0.0638,N/A,1,1500,VIDE,0.0,0.0,0.0,5.71751,-0.698132,-0.0,1,0,46.148,20.384,,,,,,,,,,,,
5719,2026-04-23T08:27:52.337Z,S20260423_092137,N/A,AUTO,56.7531,374.4608,0.0611,N/A,1,1500,VIDE,0.0,0.0,0.0,5.713606,-0.698132,-0.0,1,0,41.16,19.849,,,,,,,,,,,,
5720,2026-04-23T08:27:52.401Z,S20260423_092137,N/A,AUTO,56.8166,374.5243,0.0635,N/A,1,1500,VIDE,0.0,0.0,0.0,5.709702,-0.698132,0.0,1,0,21.721,20.856,,,,,,,,,,,,
5721,2026-04-23T08:27:52.460Z,S20260423_092137,N/A,AUTO,56.8756,374.5833,0.059,N/A,1,1500,VIDE,0.0,0.0,0.0,5.705798,-0.698132,0.0,1,0,36.58,19.596,,,,,,,,,,,,
5722,2026-04-23T08:27:52.521Z,S20260423_092137,N/A,AUTO,56.9374,374.645,0.0618,N/A,1,1500,VIDE,0.0,0.0,0.0,5.697992,-0.698132,-0.0,1,0,30.079,23.807,,,,,,,,,,,,
5723,2026-04-23T08:27:52.584Z,S20260423_092137,N/A,AUTO,57.0002,374.7078,0.0629,N/A,1,1500,VIDE,0.0,0.0,0.0,5.686286,-0.698132,-0.0,1,0,18.288,18.35,,,,,,,,,,,,
5724,2026-04-23T08:27:52.649Z,S20260423_092137,N/A,AUTO,57.0648,374.7725,0.0645,N/A,1,1500,VIDE,0.0,0.0,0.0,5.678484,-0.698132,0.0,1,0,13.73,20.018,,,,,,,,,,,,
5725,2026-04-23T08:27:52.711Z,S20260423_092137,N/A,AUTO,57.1272,374.8348,0.0625,N/A,1,1500,VIDE,0.0,0.0,0.0,5.670683,-0.698132,0.0,1,0,13.168,19.441,,,,,,,,,,,,
5726,2026-04-23T08:27:52.774Z,S20260423_092137,N/A,AUTO,57.1904,374.8981,0.0631,N/A,1,1500,VIDE,0.0,0.0,0.0,5.665484,-0.698132,0.0,1,0,49.362,26.793,,,,,,,,,,,,
5727,2026-04-23T08:27:52.839Z,S20260423_092137,N/A,AUTO,57.2554,374.9631,0.0652,N/A,1,1500,VIDE,0.0,0.0,0.0,5.658985,-0.698132,-0.0,1,0,35.746,19.32,,,,,,,,,,,,
5728,2026-04-23T08:27:52.900Z,S20260423_092137,N/A,AUTO,57.3163,375.024,0.0608,N/A,1,1500,VIDE,0.0,0.0,0.0,5.655087,-0.698132,-0.0,1,0,44.134,18.186,,,,,,,,,,,,
5729,2026-04-23T08:27:52.972Z,S20260423_092137,N/A,AUTO,57.3881,375.0958,0.0717,N/A,1,1500,VIDE,0.0,0.0,0.0,5.64729,-0.698132,-0.0,1,0,17.698,19.824,,,,,,,,,,,,
5730,2026-04-23T08:27:53.023Z,S20260423_092137,N/A,AUTO,57.4395,375.1471,0.0515,N/A,1,1500,VIDE,0.0,0.0,0.0,5.643393,-0.698132,-0.0,1,0,40.447,27.758,,,,,,,,,,,,
5731,2026-04-23T08:27:53.085Z,S20260423_092137,N/A,AUTO,57.501,375.2086,0.0614,N/A,1,1500,VIDE,0.0,0.0,0.0,5.639495,-0.698132,0.0,1,0,40.373,19.709,,,,,,,,,,,,
5732,2026-04-23T08:27:53.150Z,S20260423_092137,N/A,AUTO,57.5656,375.2733,0.0647,N/A,1,1500,VIDE,0.0,0.0,0.0,5.635599,-0.698132,-0.0,1,0,33.535,18.548,,,,,,,,,,,,
5733,2026-04-23T08:27:53.210Z,S20260423_092137,N/A,AUTO,57.6256,375.3333,0.0601,N/A,1,1500,VIDE,0.0,0.0,0.0,5.630404,-0.698132,-0.0,1,0,65.927,25.616,,,,,,,,,,,,
5734,2026-04-23T08:27:53.274Z,S20260423_092137,N/A,AUTO,57.6901,375.3977,0.0643,N/A,1,1500,VIDE,0.0,0.0,0.0,5.62391,-0.698132,-0.0,1,0,39.259,18.657,,,,,,,,,,,,
5735,2026-04-23T08:27:53.337Z,S20260423_092137,N/A,AUTO,57.7534,375.4611,0.0634,N/A,1,1500,VIDE,0.0,0.0,0.0,5.620015,-0.698132,0.0,1,0,45.366,18.388,,,,,,,,,,,,
5736,2026-04-23T08:27:53.400Z,S20260423_092137,N/A,AUTO,57.8164,375.5241,0.063,N/A,1,1500,VIDE,0.0,0.0,0.0,5.61612,-0.698132,0.0,1,0,41.609,17.724,,,,,,,,,,,,
5737,2026-04-23T08:27:53.461Z,S20260423_092137,N/A,AUTO,57.8775,375.5852,0.061,N/A,1,1500,VIDE,0.0,0.0,0.0,5.612226,-0.698132,-0.0,1,0,34.45,19.614,,,,,,,,,,,,
5738,2026-04-23T08:27:53.523Z,S20260423_092137,N/A,AUTO,57.9394,375.6471,0.0619,N/A,1,1500,VIDE,0.0,0.0,0.0,5.601842,-0.698132,-0.0,1,0,38.197,1.25,,,,,,,,,,,,
5739,2026-04-23T08:27:53.584Z,S20260423_092137,N/A,AUTO,58.0002,375.7079,0.061,N/A,1,1500,VIDE,0.0,0.0,0.0,5.592758,-0.698132,-0.0,1,0,13.227,19.042,,,,,,,,,,,,
5740,2026-04-23T08:27:53.648Z,S20260423_092137,N/A,AUTO,58.0641,375.7718,0.0638,N/A,1,1500,VIDE,0.0,0.0,0.0,5.584974,-0.698132,-0.0,1,0,6.595,19.465,,,,,,,,,,,,
5741,2026-04-23T08:27:53.711Z,S20260423_092137,N/A,AUTO,58.1271,375.8348,0.063,N/A,1,1500,VIDE,0.0,0.0,0.0,5.5733,-0.698132,0.0,1,0,26.791,19.547,,,,,,,,,,,,
5742,2026-04-23T08:27:53.773Z,S20260423_092137,N/A,AUTO,58.1887,375.8963,0.0614,N/A,1,1500,VIDE,0.0,0.0,0.0,5.569409,-0.698132,0.0,1,0,25.524,18.815,,,,,,,,,,,,
5743,2026-04-23T08:27:53.845Z,S20260423_092137,N/A,AUTO,58.2611,375.9688,0.0725,N/A,1,1500,VIDE,0.0,0.0,0.0,5.564222,-0.698132,0.0,1,0,59.728,29.327,,,,,,,,,,,,
5744,2026-04-23T08:27:53.898Z,S20260423_092137,N/A,AUTO,58.3145,376.0222,0.0534,N/A,1,1500,VIDE,0.0,0.0,0.0,5.55774,-0.698132,-0.0,1,0,26.144,17.738,,,,,,,,,,,,
5745,2026-04-23T08:27:53.990Z,S20260423_092137,N/A,AUTO,58.406,376.1136,0.0915,N/A,1,1500,VIDE,0.0,0.0,0.0,5.549962,-0.698132,-0.0,1,0,37.532,19.263,,,,,,,,,,,,
5746,2026-04-23T08:27:54.026Z,S20260423_092137,N/A,AUTO,58.4416,376.1493,0.0356,N/A,1,1500,VIDE,0.0,0.0,0.0,5.549962,-0.698132,-0.0,1,0,37.532,19.263,,,,,,,,,,,,
5747,2026-04-23T08:27:54.084Z,S20260423_092137,N/A,AUTO,58.5005,376.2082,0.0588,N/A,1,1500,VIDE,0.0,0.0,0.0,5.542185,-0.698132,0.0,1,0,31.265,17.29,,,,,,,,,,,,
5748,2026-04-23T08:27:54.155Z,S20260423_092137,N/A,AUTO,58.5712,376.2789,0.0706,N/A,1,1500,VIDE,0.0,0.0,0.0,5.538298,-0.698132,-0.0,1,0,45.534,18.434,,,,,,,,,,,,
5749,2026-04-23T08:27:54.215Z,S20260423_092137,N/A,AUTO,58.6312,376.3388,0.06,N/A,1,1500,VIDE,0.0,0.0,0.0,5.53441,-0.698132,-0.0,1,0,37.986,20.274,,,,,,,,,,,,
5750,2026-04-23T08:27:54.279Z,S20260423_092137,N/A,AUTO,58.6946,376.4022,0.0634,N/A,1,1500,VIDE,0.0,0.0,0.0,5.530523,-0.698132,0.0,1,0,52.82,18.884,,,,,,,,,,,,
5751,2026-04-23T08:27:54.344Z,S20260423_092137,N/A,AUTO,58.7604,376.468,0.0657,N/A,1,1500,VIDE,0.0,0.0,0.0,5.522751,-0.698132,-0.0,1,0,50.803,24.206,,,,,,,,,,,,
5752,2026-04-23T08:27:54.404Z,S20260423_092137,N/A,AUTO,58.8201,376.5277,0.0599,N/A,1,1500,VIDE,0.0,0.0,0.0,5.518865,-0.698132,-0.0,1,0,45.197,20.942,,,,,,,,,,,,
5753,2026-04-23T08:27:54.463Z,S20260423_092137,N/A,AUTO,58.879,376.5867,0.0589,N/A,1,1500,VIDE,0.0,0.0,0.0,5.514979,-0.698132,-0.0,1,0,36.119,18.178,,,,,,,,,,,,
5754,2026-04-23T08:27:54.522Z,S20260423_092137,N/A,AUTO,58.9384,376.6461,0.0595,N/A,1,1500,VIDE,0.0,0.0,0.0,5.50721,-0.698132,0.0,1,0,4.967,21.072,,,,,,,,,,,,
5755,2026-04-23T08:27:54.585Z,S20260423_092137,N/A,AUTO,59.0009,376.7085,0.0625,N/A,1,1500,VIDE,0.0,0.0,0.0,5.499441,-0.698132,-0.0,1,0,19.561,20.275,,,,,,,,,,,,
5756,2026-04-23T08:27:54.650Z,S20260423_092137,N/A,AUTO,59.0657,376.7733,0.0648,N/A,1,1500,VIDE,0.0,0.0,0.0,5.487791,-0.698132,0.0,1,0,19.047,19.053,,,,,,,,,,,,
5757,2026-04-23T08:27:54.714Z,S20260423_092137,N/A,AUTO,59.1303,376.838,0.0646,N/A,1,1500,VIDE,0.0,0.0,0.0,5.480026,-0.698132,0.0,1,0,13.461,18.55,,,,,,,,,,,,
5758,2026-04-23T08:27:54.778Z,S20260423_092137,N/A,AUTO,59.1938,376.9014,0.0634,N/A,1,1500,VIDE,0.0,0.0,0.0,5.472263,-0.698132,-0.0,1,0,25.136,19.1,,,,,,,,,,,,
5759,2026-04-23T08:27:54.843Z,S20260423_092137,N/A,AUTO,59.2587,376.9664,0.065,N/A,1,1500,VIDE,0.0,0.0,0.0,5.468382,-0.698132,0.0,1,0,34.011,19.782,,,,,,,,,,,,
5760,2026-04-23T08:27:54.905Z,S20260423_092137,N/A,AUTO,59.3207,377.0284,0.0621,N/A,1,1500,VIDE,0.0,0.0,0.0,5.464501,-0.698132,-0.0,1,0,46.876,18.859,,,,,,,,,,,,
5761,2026-04-23T08:27:54.968Z,S20260423_092137,N/A,AUTO,59.3842,377.0918,0.0634,N/A,1,1500,VIDE,0.0,0.0,0.0,5.45674,-0.698132,0.0,1,0,36.027,19.646,,,,,,,,,,,,
5762,2026-04-23T08:27:55.025Z,S20260423_092137,N/A,AUTO,59.4411,377.1488,0.0569,N/A,1,1500,VIDE,0.0,0.0,0.0,5.452861,-0.698132,-0.0,1,0,35.948,24.368,,,,,,,,,,,,
5763,2026-04-23T08:27:55.084Z,S20260423_092137,N/A,AUTO,59.5005,377.2081,0.0595,N/A,1,1500,VIDE,0.0,0.0,0.0,5.448981,-0.698132,0.0,1,0,30.641,19.758,,,,,,,,,,,,
5764,2026-04-23T08:27:55.148Z,S20260423_092137,N/A,AUTO,59.5637,377.2713,0.0631,N/A,1,1500,VIDE,0.0,0.0,0.0,5.44381,-0.698132,0.0,1,0,58.598,24.873,,,,,,,,,,,,
5765,2026-04-23T08:27:55.209Z,S20260423_092137,N/A,AUTO,59.6255,377.3332,0.062,N/A,1,1500,VIDE,0.0,0.0,0.0,5.437346,-0.698132,-0.0,1,0,32.072,19.022,,,,,,,,,,,,
5766,2026-04-23T08:27:55.274Z,S20260423_092137,N/A,AUTO,59.6903,377.3979,0.0647,N/A,1,1500,VIDE,0.0,0.0,0.0,5.433467,-0.698132,-0.0,1,0,37.167,19.474,,,,,,,,,,,,
5767,2026-04-23T08:27:55.338Z,S20260423_092137,N/A,AUTO,59.7541,377.4618,0.0639,N/A,1,1500,VIDE,0.0,0.0,0.0,5.425713,-0.698132,0.0,1,0,26.406,19.728,,,,,,,,,,,,
5768,2026-04-23T08:27:55.402Z,S20260423_092137,N/A,AUTO,59.8178,377.5254,0.0636,N/A,1,1500,VIDE,0.0,0.0,0.0,5.421836,-0.698132,0.0,1,0,34.883,19.838,,,,,,,,,,,,
5769,2026-04-23T08:27:55.462Z,S20260423_092137,N/A,AUTO,59.8782,377.5858,0.0605,N/A,1,1500,VIDE,0.0,0.0,0.0,5.417959,-0.698132,-0.0,1,0,44.228,20.293,,,,,,,,,,,,
5770,2026-04-23T08:27:55.523Z,S20260423_092137,N/A,AUTO,59.9394,377.647,0.0612,N/A,1,1500,VIDE,0.0,0.0,0.0,5.410207,-0.698132,0.0,1,0,20.624,11.39,,,,,,,,,,,,
5771,2026-04-23T08:27:55.584Z,S20260423_092137,N/A,AUTO,60.0003,377.7079,0.0609,N/A,1,1500,VIDE,0.0,0.0,0.0,5.398582,-0.698132,-0.0,1,0,18.445,19.686,,,,,,,,,,,,
5772,2026-04-23T08:27:55.654Z,S20260423_092137,N/A,AUTO,60.0699,377.7776,0.0696,N/A,1,1500,VIDE,0.0,0.0,0.0,5.390833,-0.698132,-0.0,1,0,7.699,19.359,,,,,,,,,,,,
5773,2026-04-23T08:27:55.715Z,S20260423_092137,N/A,AUTO,60.1315,377.8392,0.0616,N/A,1,1500,VIDE,0.0,0.0,0.0,5.379213,-0.698132,-0.0,1,0,6.397,19.526,,,,,,,,,,,,
5774,2026-04-23T08:27:55.778Z,S20260423_092137,N/A,AUTO,60.1938,377.9014,0.0622,N/A,1,1500,VIDE,0.0,0.0,0.0,5.375341,-0.698132,0.0,1,0,22.998,20.389,,,,,,,,,,,,
5775,2026-04-23T08:27:55.834Z,S20260423_092137,N/A,AUTO,60.2503,377.958,0.0567,N/A,1,1500,VIDE,0.0,0.0,0.0,5.371469,-0.698132,0.0,1,0,30.804,18.957,,,,,,,,,,,,
5776,2026-04-23T08:27:55.898Z,S20260423_092137,N/A,AUTO,60.3141,378.0218,0.0637,N/A,1,1500,VIDE,0.0,0.0,0.0,5.363725,-0.698132,-0.0,1,0,44.105,21.047,,,,,,,,,,,,
5777,2026-04-23T08:27:55.990Z,S20260423_092137,N/A,AUTO,60.406,378.1136,0.0918,N/A,1,1500,VIDE,0.0,0.0,0.0,5.355983,-0.698132,-0.0,1,0,37.386,18.328,,,,,,,,,,,,
5778,2026-04-23T08:27:56.026Z,S20260423_092137,N/A,AUTO,60.4426,378.1502,0.0365,N/A,1,1500,VIDE,0.0,0.0,0.0,5.355983,-0.698132,-0.0,1,0,37.386,18.328,,,,,,,,,,,,
5779,2026-04-23T08:27:56.084Z,S20260423_092137,N/A,AUTO,60.5002,378.2079,0.0578,N/A,1,1500,VIDE,0.0,0.0,0.0,5.348242,-0.698132,0.0,1,0,35.186,17.624,,,,,,,,,,,,
5780,2026-04-23T08:27:56.149Z,S20260423_092137,N/A,AUTO,60.5655,378.2732,0.0653,N/A,1,1500,VIDE,0.0,0.0,0.0,5.344372,-0.698132,0.0,1,0,41.217,17.593,,,,,,,,,,,,
5781,2026-04-23T08:27:56.212Z,S20260423_092137,N/A,AUTO,60.6276,378.3353,0.0621,N/A,1,1500,VIDE,0.0,0.0,0.0,5.340503,-0.698132,0.0,1,0,31.795,18.467,,,,,,,,,,,,
5782,2026-04-23T08:27:56.274Z,S20260423_092137,N/A,AUTO,60.6903,378.3979,0.0627,N/A,1,1500,VIDE,0.0,0.0,0.0,5.336634,-0.698132,-0.0,1,0,49.957,18.57,,,,,,,,,,,,
5783,2026-04-23T08:27:56.336Z,S20260423_092137,N/A,AUTO,60.752,378.4597,0.0617,N/A,1,1500,VIDE,0.0,0.0,0.0,5.332765,-0.698132,0.0,1,0,45.548,18.182,,,,,,,,,,,,
5784,2026-04-23T08:27:56.397Z,S20260423_092137,N/A,AUTO,60.8132,378.5208,0.0612,N/A,1,1500,VIDE,0.0,0.0,0.0,5.325028,-0.698132,-0.0,1,0,46.651,22.384,,,,,,,,,,,,
5785,2026-04-23T08:27:56.460Z,S20260423_092137,N/A,AUTO,60.8764,378.5841,0.0631,N/A,1,1500,VIDE,0.0,0.0,0.0,5.321161,-0.698132,0.0,1,0,46.295,19.204,,,,,,,,,,,,
5786,2026-04-23T08:27:56.521Z,S20260423_092137,N/A,AUTO,60.9373,378.645,0.061,N/A,1,1500,VIDE,0.0,0.0,0.0,5.313426,-0.698132,0.0,1,0,13.045,20.17,,,,,,,,,,,,
5787,2026-04-23T08:27:56.584Z,S20260423_092137,N/A,AUTO,61.0001,378.7077,0.0628,N/A,1,1500,VIDE,0.0,0.0,0.0,5.305694,-0.698132,-0.0,1,0,12.45,19.75,,,,,,,,,,,,
5788,2026-04-23T08:27:56.649Z,S20260423_092137,N/A,AUTO,61.0651,378.7727,0.0649,N/A,1,1500,VIDE,0.0,0.0,0.0,5.297962,-0.698132,0.0,1,0,7.154,19.52,,,,,,,,,,,,
5789,2026-04-23T08:27:56.714Z,S20260423_092137,N/A,AUTO,61.1296,378.8372,0.0646,N/A,1,1500,VIDE,0.0,0.0,0.0,5.286367,-0.698132,-0.0,1,0,8.489,19.381,,,,,,,,,,,,
5790,2026-04-23T08:27:56.778Z,S20260423_092137,N/A,AUTO,61.1942,378.9018,0.0645,N/A,1,1500,VIDE,0.0,0.0,0.0,5.282503,-0.698132,0.0,1,0,26.682,20.371,,,,,,,,,,,,
5791,2026-04-23T08:27:56.842Z,S20260423_092137,N/A,AUTO,61.2579,378.9656,0.0638,N/A,1,1500,VIDE,0.0,0.0,0.0,5.277351,-0.698132,-0.0,1,0,51.64,15.705,,,,,,,,,,,,
5792,2026-04-23T08:27:56.905Z,S20260423_092137,N/A,AUTO,61.3214,379.029,0.0633,N/A,1,1500,VIDE,0.0,0.0,0.0,5.270912,-0.698132,-0.0,1,0,36.409,26.451,,,,,,,,,,,,
5793,2026-04-23T08:27:56.992Z,S20260423_092137,N/A,AUTO,61.4079,379.1155,0.0866,N/A,1,1500,VIDE,0.0,0.0,0.0,5.263186,-0.698132,-0.0,1,0,39.482,19.391,,,,,,,,,,,,
5794,2026-04-23T08:27:57.024Z,S20260423_092137,N/A,AUTO,61.4405,379.1482,0.0327,N/A,1,1500,VIDE,0.0,0.0,0.0,5.263186,-0.698132,-0.0,1,0,39.482,19.391,,,,,,,,,,,,
5795,2026-04-23T08:27:57.085Z,S20260423_092137,N/A,AUTO,61.5014,379.209,0.0608,N/A,1,1500,VIDE,0.0,0.0,0.0,5.259325,-0.698132,0.0,1,0,42.421,48.014,,,,,,,,,,,,
5796,2026-04-23T08:27:57.158Z,S20260423_092137,N/A,AUTO,61.5739,379.2815,0.0724,N/A,1,1500,VIDE,0.0,0.0,0.0,5.251601,-0.698132,0.0,1,0,31.379,17.827,,,,,,,,,,,,
5797,2026-04-23T08:27:57.210Z,S20260423_092137,N/A,AUTO,61.6265,379.3342,0.0527,N/A,1,1500,VIDE,0.0,0.0,0.0,5.24774,-0.698132,-0.0,1,0,39.878,20.467,,,,,,,,,,,,
5798,2026-04-23T08:27:57.274Z,S20260423_092137,N/A,AUTO,61.6903,379.398,0.0639,N/A,1,1500,VIDE,0.0,0.0,0.0,5.243879,-0.698132,0.0,1,0,27.271,19.253,,,,,,,,,,,,
5799,2026-04-23T08:27:57.338Z,S20260423_092137,N/A,AUTO,61.7539,379.4616,0.0635,N/A,1,1500,VIDE,0.0,0.0,0.0,5.240019,-0.698132,0.0,1,0,55.33,19.732,,,,,,,,,,,,
5800,2026-04-23T08:27:57.401Z,S20260423_092137,N/A,AUTO,61.8175,379.5251,0.0636,N/A,1,1500,VIDE,0.0,0.0,0.0,5.232299,-0.698132,-0.0,1,0,44.175,24.969,,,,,,,,,,,,
5801,2026-04-23T08:27:57.460Z,S20260423_092137,N/A,AUTO,61.8756,379.5833,0.0583,N/A,1,1500,VIDE,0.0,0.0,0.0,5.228439,-0.698132,-0.0,1,0,32.996,24.485,,,,,,,,,,,,
5802,2026-04-23T08:27:57.522Z,S20260423_092137,N/A,AUTO,61.9382,379.6459,0.0626,N/A,1,1500,VIDE,0.0,0.0,0.0,5.220721,-0.698132,-0.0,1,0,6.307,19.171,,,,,,,,,,,,
5803,2026-04-23T08:27:57.584Z,S20260423_092137,N/A,AUTO,62.0,379.7076,0.0618,N/A,1,1500,VIDE,0.0,0.0,0.0,5.213005,-0.698132,-0.0,1,0,18.446,15.788,,,,,,,,,,,,
5804,2026-04-23T08:27:57.653Z,S20260423_092137,N/A,AUTO,62.0691,379.7768,0.0692,N/A,1,1500,VIDE,0.0,0.0,0.0,5.201433,-0.698132,-0.0,1,0,13.848,19.911,,,,,,,,,,,,
5805,2026-04-23T08:27:57.716Z,S20260423_092137,N/A,AUTO,62.1322,379.8399,0.0631,N/A,1,1500,VIDE,0.0,0.0,0.0,5.19372,-0.698132,0.0,1,0,9.359,19.212,,,,,,,,,,,,
5806,2026-04-23T08:27:57.777Z,S20260423_092137,N/A,AUTO,62.1929,379.9006,0.0605,N/A,1,1500,VIDE,0.0,0.0,0.0,5.186008,-0.698132,0.0,1,0,36.613,19.397,,,,,,,,,,,,
5807,2026-04-23T08:27:57.834Z,S20260423_092137,N/A,AUTO,62.2503,379.958,0.0576,N/A,1,1500,VIDE,0.0,0.0,0.0,5.182153,-0.698132,-0.0,1,0,52.114,14.905,,,,,,,,,,,,
5808,2026-04-23T08:27:57.899Z,S20260423_092137,N/A,AUTO,62.315,380.0227,0.0646,N/A,1,1500,VIDE,0.0,0.0,0.0,5.178298,-0.698132,-0.0,1,0,34.726,19.544,,,,,,,,,,,,
5809,2026-04-23T08:27:57.961Z,S20260423_092137,N/A,AUTO,62.3775,380.0851,0.0625,N/A,1,1500,VIDE,0.0,0.0,0.0,5.170588,-0.698132,0.0,1,0,33.667,22.258,,,,,,,,,,,,
5810,2026-04-23T08:27:58.025Z,S20260423_092137,N/A,AUTO,62.4408,380.1484,0.0633,N/A,1,1500,VIDE,0.0,0.0,0.0,5.166735,-0.698132,-0.0,1,0,44.704,18.343,,,,,,,,,,,,
5811,2026-04-23T08:27:58.085Z,S20260423_092137,N/A,AUTO,62.5011,380.2088,0.0603,N/A,1,1500,VIDE,0.0,0.0,0.0,5.159028,-0.698132,0.0,1,0,37.707,19.037,,,,,,,,,,,,
5812,2026-04-23T08:27:58.154Z,S20260423_092137,N/A,AUTO,62.57,380.2777,0.0689,N/A,1,1500,VIDE,0.0,0.0,0.0,5.155175,-0.698132,-0.0,1,0,47.6,18.814,,,,,,,,,,,,
5813,2026-04-23T08:27:58.212Z,S20260423_092137,N/A,AUTO,62.6283,380.336,0.0583,N/A,1,1500,VIDE,0.0,0.0,0.0,5.151322,-0.698132,0.0,1,0,36.785,19.752,,,,,,,,,,,,
5814,2026-04-23T08:27:58.279Z,S20260423_092137,N/A,AUTO,62.6955,380.4032,0.0672,N/A,1,1500,VIDE,0.0,0.0,0.0,5.143618,-0.698132,-0.0,1,0,31.571,18.755,,,,,,,,,,,,
5815,2026-04-23T08:27:58.341Z,S20260423_092137,N/A,AUTO,62.7575,380.4652,0.0619,N/A,1,1500,VIDE,0.0,0.0,0.0,5.139766,-0.698132,-0.0,1,0,44.664,21.974,,,,,,,,,,,,
5816,2026-04-23T08:27:58.402Z,S20260423_092137,N/A,AUTO,62.8179,380.5255,0.0604,N/A,1,1500,VIDE,0.0,0.0,0.0,5.135915,-0.698132,-0.0,1,0,26.956,22.748,,,,,,,,,,,,
5817,2026-04-23T08:27:58.461Z,S20260423_092137,N/A,AUTO,62.8769,380.5846,0.059,N/A,1,1500,VIDE,0.0,0.0,0.0,5.132064,-0.698132,-0.0,1,0,43.996,20.103,,,,,,,,,,,,
5818,2026-04-23T08:27:58.523Z,S20260423_092137,N/A,AUTO,62.9386,380.6463,0.0618,N/A,1,1500,VIDE,0.0,0.0,0.0,5.124363,-0.698132,-0.0,1,0,16.747,12.51,,,,,,,,,,,,
5819,2026-04-23T08:27:58.584Z,S20260423_092137,N/A,AUTO,62.9997,380.7074,0.0611,N/A,1,1500,VIDE,0.0,0.0,0.0,5.112814,-0.698132,0.0,1,0,14.303,20.039,,,,,,,,,,,,
5820,2026-04-23T08:27:58.649Z,S20260423_092137,N/A,AUTO,63.0655,380.7731,0.0657,N/A,1,1500,VIDE,0.0,0.0,0.0,5.105116,-0.698132,0.0,1,0,4.692,19.739,,,,,,,,,,,,
5821,2026-04-23T08:27:58.713Z,S20260423_092137,N/A,AUTO,63.1287,380.8363,0.0632,N/A,1,1500,VIDE,0.0,0.0,0.0,5.093573,-0.698132,-0.0,1,0,23.147,19.614,,,,,,,,,,,,
5822,2026-04-23T08:27:58.777Z,S20260423_092137,N/A,AUTO,63.1926,380.9003,0.0639,N/A,1,1500,VIDE,0.0,0.0,0.0,5.089725,-0.698132,0.0,1,0,15.327,18.707,,,,,,,,,,,,
5823,2026-04-23T08:27:58.838Z,S20260423_092137,N/A,AUTO,63.2542,380.9618,0.0615,N/A,1,1500,VIDE,0.0,0.0,0.0,5.082032,-0.698132,-0.0,1,0,41.912,20.388,,,,,,,,,,,,
5824,2026-04-23T08:27:58.901Z,S20260423_092137,N/A,AUTO,63.3176,381.0252,0.0634,N/A,1,1500,VIDE,0.0,0.0,0.0,5.078186,-0.698132,-0.0,1,0,31.058,20.989,,,,,,,,,,,,
5825,2026-04-23T08:27:58.972Z,S20260423_092137,N/A,AUTO,63.3879,381.0956,0.0704,N/A,1,1500,VIDE,0.0,0.0,0.0,5.070494,-0.698132,-0.0,1,0,38.852,10.013,,,,,,,,,,,,
5826,2026-04-23T08:27:59.025Z,S20260423_092137,N/A,AUTO,63.4411,381.1488,0.0532,N/A,1,1500,VIDE,0.0,0.0,0.0,5.066648,-0.698132,-0.0,1,0,38.515,26.62,,,,,,,,,,,,
5827,2026-04-23T08:27:59.085Z,S20260423_092137,N/A,AUTO,63.5009,381.2086,0.0598,N/A,1,1500,VIDE,0.0,0.0,0.0,5.062804,-0.698132,-0.0,1,0,30.436,19.935,,,,,,,,,,,,
5828,2026-04-23T08:27:59.154Z,S20260423_092137,N/A,AUTO,63.5698,381.2774,0.0689,N/A,1,1500,VIDE,0.0,0.0,0.0,5.055115,-0.698132,0.0,1,0,43.162,18.683,,,,,,,,,,,,
5829,2026-04-23T08:27:59.210Z,S20260423_092137,N/A,AUTO,63.6258,381.3334,0.056,N/A,1,1500,VIDE,0.0,0.0,0.0,5.051271,-0.698132,0.0,1,0,39.497,18.843,,,,,,,,,,,,
5830,2026-04-23T08:27:59.275Z,S20260423_092137,N/A,AUTO,63.6907,381.3984,0.0648,N/A,1,1500,VIDE,0.0,0.0,0.0,5.047427,-0.698132,0.0,1,0,43.892,19.062,,,,,,,,,,,,
5831,2026-04-23T08:27:59.338Z,S20260423_092137,N/A,AUTO,63.7546,381.4622,0.0639,N/A,1,1500,VIDE,0.0,0.0,0.0,5.042303,-0.698132,0.0,1,0,52.832,20.963,,,,,,,,,,,,
5832,2026-04-23T08:27:59.400Z,S20260423_092137,N/A,AUTO,63.8165,381.5242,0.062,N/A,1,1500,VIDE,0.0,0.0,0.0,5.035898,-0.698132,-0.0,1,0,40.636,24.091,,,,,,,,,,,,
5833,2026-04-23T08:27:59.462Z,S20260423_092137,N/A,AUTO,63.8782,381.5858,0.0617,N/A,1,1500,VIDE,0.0,0.0,0.0,5.032056,-0.698132,0.0,1,0,25.83,25.14,,,,,,,,,,,,
5834,2026-04-23T08:27:59.523Z,S20260423_092137,N/A,AUTO,63.9391,381.6468,0.0609,N/A,1,1500,VIDE,0.0,0.0,0.0,5.024373,-0.698132,-0.0,1,0,22.713,18.997,,,,,,,,,,,,
5835,2026-04-23T08:27:59.584Z,S20260423_092137,N/A,AUTO,63.9999,381.7076,0.0608,N/A,1,1500,VIDE,0.0,0.0,0.0,5.012849,-0.698132,-0.0,1,0,18.554,19.52,,,,,,,,,,,,
5836,2026-04-23T08:27:59.647Z,S20260423_092137,N/A,AUTO,64.0631,381.7708,0.0632,N/A,1,1500,VIDE,0.0,0.0,0.0,5.005169,-0.698132,-0.0,1,0,7.491,19.281,,,,,,,,,,,,
5837,2026-04-23T08:27:59.722Z,S20260423_092137,N/A,AUTO,64.1379,381.8455,0.0747,N/A,1,1500,VIDE,0.0,0.0,0.0,4.993651,-0.698132,0.0,1,0,7.529,19.512,,,,,,,,,,,,
5838,2026-04-23T08:27:59.772Z,S20260423_092137,N/A,AUTO,64.1879,381.8956,0.0499,N/A,1,1500,VIDE,0.0,0.0,0.0,4.989812,-0.698132,0.0,1,0,14.824,25.789,,,,,,,,,,,,
5839,2026-04-23T08:27:59.835Z,S20260423_092137,N/A,AUTO,64.2512,381.9589,0.0634,N/A,1,1500,VIDE,0.0,0.0,0.0,4.983415,-0.698132,-0.0,1,0,50.639,1.633,,,,,,,,,,,,
5840,2026-04-23T08:27:59.898Z,S20260423_092137,N/A,AUTO,64.3145,382.0221,0.0633,N/A,1,1500,VIDE,0.0,0.0,0.0,4.978298,-0.698132,-0.0,1,0,37.254,21.201,,,,,,,,,,,,
5841,2026-04-23T08:27:59.982Z,S20260423_092137,N/A,AUTO,64.3985,382.1061,0.0839,N/A,1,1500,VIDE,0.0,0.0,0.0,4.970623,-0.698132,0.0,1,0,31.631,18.025,,,,,,,,,,,,
5842,2026-04-23T08:28:00.026Z,S20260423_092137,N/A,AUTO,64.442,382.1497,0.0436,N/A,1,1500,VIDE,0.0,0.0,0.0,4.970623,-0.698132,0.0,1,0,31.631,18.025,,,,,,,,,,,,
5843,2026-04-23T08:28:00.085Z,S20260423_092137,N/A,AUTO,64.501,382.2087,0.059,N/A,1,1500,VIDE,0.0,0.0,0.0,4.96295,-0.698132,-0.0,1,0,36.48,19.881,,,,,,,,,,,,
5844,2026-04-23T08:28:00.154Z,S20260423_092137,N/A,AUTO,64.5699,382.2776,0.0689,N/A,1,1500,VIDE,0.0,0.0,0.0,4.959115,-0.698132,0.0,1,0,48.304,19.193,,,,,,,,,,,,
5845,2026-04-23T08:28:00.212Z,S20260423_092137,N/A,AUTO,64.6279,382.3355,0.0579,N/A,1,1500,VIDE,0.0,0.0,0.0,4.955278,-0.698132,-0.0,1,0,43.974,18.947,,,,,,,,,,,,
5846,2026-04-23T08:28:00.279Z,S20260423_092137,N/A,AUTO,64.6954,382.4031,0.0676,N/A,1,1500,VIDE,0.0,0.0,0.0,4.951443,-0.698132,-0.0,1,0,33.469,19.23,,,,,,,,,,,,
5847,2026-04-23T08:28:00.344Z,S20260423_092137,N/A,AUTO,64.7605,382.4682,0.065,N/A,1,1500,VIDE,0.0,0.0,0.0,4.943773,-0.698132,0.0,1,0,41.218,27.938,,,,,,,,,,,,
5848,2026-04-23T08:28:00.404Z,S20260423_092137,N/A,AUTO,64.8205,382.5281,0.06,N/A,1,1500,VIDE,0.0,0.0,0.0,4.939939,-0.698132,0.0,1,0,38.699,20.67,,,,,,,,,,,,
5849,2026-04-23T08:28:00.462Z,S20260423_092137,N/A,AUTO,64.8781,382.5858,0.0577,N/A,1,1500,VIDE,0.0,0.0,0.0,4.936105,-0.698132,0.0,1,0,26.482,19.061,,,,,,,,,,,,
5850,2026-04-23T08:28:00.521Z,S20260423_092137,N/A,AUTO,64.9375,382.6451,0.0593,N/A,1,1500,VIDE,0.0,0.0,0.0,4.928437,-0.698132,-0.0,1,0,19.431,14.099,,,,,,,,,,,,
5851,2026-04-23T08:28:00.584Z,S20260423_092137,N/A,AUTO,65.0001,382.7078,0.0626,N/A,1,1500,VIDE,0.0,0.0,0.0,4.916939,-0.698132,-0.0,1,0,19.284,19.141,,,,,,,,,,,,
5852,2026-04-23T08:28:00.649Z,S20260423_092137,N/A,AUTO,65.065,382.7726,0.0649,N/A,1,1500,VIDE,0.0,0.0,0.0,4.909275,-0.698132,-0.0,1,0,11.95,19.496,,,,,,,,,,,,
5853,2026-04-23T08:28:00.714Z,S20260423_092137,N/A,AUTO,65.1299,382.8376,0.0649,N/A,1,1500,VIDE,0.0,0.0,0.0,4.901612,-0.698132,-0.0,1,0,27.284,20.541,,,,,,,,,,,,
5854,2026-04-23T08:28:00.778Z,S20260423_092137,N/A,AUTO,65.1939,382.9016,0.064,N/A,1,1500,VIDE,0.0,0.0,0.0,4.89395,-0.698132,-0.0,1,0,40.284,18.966,,,,,,,,,,,,
5855,2026-04-23T08:28:00.843Z,S20260423_092137,N/A,AUTO,65.2589,382.9666,0.065,N/A,1,1500,VIDE,0.0,0.0,0.0,4.89012,-0.698132,-0.0,1,0,30.423,21.41,,,,,,,,,,,,
5856,2026-04-23T08:28:00.905Z,S20260423_092137,N/A,AUTO,65.3214,383.0291,0.0624,N/A,1,1500,VIDE,0.0,0.0,0.0,4.88629,-0.698132,-0.0,1,0,41.231,19.441,,,,,,,,,,,,
5857,2026-04-23T08:28:00.966Z,S20260423_092137,N/A,AUTO,65.3816,383.0893,0.0604,N/A,1,1500,VIDE,0.0,0.0,0.0,4.878631,-0.698132,-0.0,1,0,32.538,19.116,,,,,,,,,,,,
5858,2026-04-23T08:28:01.024Z,S20260423_092137,N/A,AUTO,65.4403,383.148,0.0586,N/A,1,1500,VIDE,0.0,0.0,0.0,4.874802,-0.698132,-0.0,1,0,38.811,22.047,,,,,,,,,,,,
5859,2026-04-23T08:28:01.085Z,S20260423_092137,N/A,AUTO,65.501,383.2086,0.0608,N/A,1,1500,VIDE,0.0,0.0,0.0,4.870973,-0.698132,0.0,1,0,29.774,18.687,,,,,,,,,,,,
5860,2026-04-23T08:28:01.159Z,S20260423_092137,N/A,AUTO,65.5751,383.2827,0.0741,N/A,1,1500,VIDE,0.0,0.0,0.0,4.863317,-0.698132,0.0,1,0,43.824,18.659,,,,,,,,,,,,
5861,2026-04-23T08:28:01.211Z,S20260423_092137,N/A,AUTO,65.6268,383.3345,0.0514,N/A,1,1500,VIDE,0.0,0.0,0.0,4.859489,-0.698132,0.0,1,0,31.133,20.805,,,,,,,,,,,,
5862,2026-04-23T08:28:01.274Z,S20260423_092137,N/A,AUTO,65.6905,383.3982,0.0639,N/A,1,1500,VIDE,0.0,0.0,0.0,4.855661,-0.698132,0.0,1,0,55.39,19.114,,,,,,,,,,,,
5863,2026-04-23T08:28:01.338Z,S20260423_092137,N/A,AUTO,65.7537,383.4613,0.0632,N/A,1,1500,VIDE,0.0,0.0,0.0,4.851834,-0.698132,0.0,1,0,46.387,19.514,,,,,,,,,,,,
5864,2026-04-23T08:28:01.402Z,S20260423_092137,N/A,AUTO,65.8184,383.526,0.0647,N/A,1,1500,VIDE,0.0,0.0,0.0,4.844181,-0.698132,0.0,1,0,36.914,18.105,,,,,,,,,,,,
5865,2026-04-23T08:28:01.462Z,S20260423_092137,N/A,AUTO,65.8776,383.5852,0.0593,N/A,1,1500,VIDE,0.0,0.0,0.0,4.840355,-0.698132,0.0,1,0,43.883,19.266,,,,,,,,,,,,
5866,2026-04-23T08:28:01.523Z,S20260423_092137,N/A,AUTO,65.9387,383.6463,0.0612,N/A,1,1500,VIDE,0.0,0.0,0.0,4.832704,-0.698132,0.0,1,0,10.974,19.298,,,,,,,,,,,,
5867,2026-04-23T08:28:01.585Z,S20260423_092137,N/A,AUTO,66.0007,383.7084,0.062,N/A,1,1500,VIDE,0.0,0.0,0.0,4.825053,-0.698132,0.0,1,0,24.32,19.092,,,,,,,,,,,,
5868,2026-04-23T08:28:01.656Z,S20260423_092137,N/A,AUTO,66.0723,383.78,0.0716,N/A,1,1500,VIDE,0.0,0.0,0.0,4.813581,-0.698132,-0.0,1,0,23.039,19.397,,,,,,,,,,,,
5869,2026-04-23T08:28:01.721Z,S20260423_092137,N/A,AUTO,66.1375,383.8451,0.0651,N/A,1,1500,VIDE,0.0,0.0,0.0,4.805933,-0.698132,-0.0,1,0,13.519,18.122,,,,,,,,,,,,
5870,2026-04-23T08:28:01.778Z,S20260423_092137,N/A,AUTO,66.1945,383.9021,0.057,N/A,1,1500,VIDE,0.0,0.0,0.0,4.798288,-0.698132,-0.0,1,0,41.18,24.55,,,,,,,,,,,,
5871,2026-04-23T08:28:01.843Z,S20260423_092137,N/A,AUTO,66.2588,383.9665,0.0643,N/A,1,1500,VIDE,0.0,0.0,0.0,4.794466,-0.698132,-0.0,1,0,36.345,16.903,,,,,,,,,,,,
5872,2026-04-23T08:28:01.898Z,S20260423_092137,N/A,AUTO,66.3142,384.0219,0.0554,N/A,1,1500,VIDE,0.0,0.0,0.0,4.790644,-0.698132,-0.0,1,0,41.574,19.066,,,,,,,,,,,,
5873,2026-04-23T08:28:01.969Z,S20260423_092137,N/A,AUTO,66.3854,384.0931,0.0712,N/A,1,1500,VIDE,0.0,0.0,0.0,4.783,-0.698132,-0.0,1,0,38.062,17.831,,,,,,,,,,,,
5874,2026-04-23T08:28:02.023Z,S20260423_092137,N/A,AUTO,66.4386,384.1463,0.0531,N/A,1,1500,VIDE,0.0,0.0,0.0,4.779179,-0.698132,-0.0,1,0,36.157,25.418,,,,,,,,,,,,
5875,2026-04-23T08:28:02.085Z,S20260423_092137,N/A,AUTO,66.5006,384.2082,0.062,N/A,1,1500,VIDE,0.0,0.0,0.0,4.775358,-0.698132,-0.0,1,0,31.12,19.383,,,,,,,,,,,,
5876,2026-04-23T08:28:02.154Z,S20260423_092137,N/A,AUTO,66.57,384.2777,0.0694,N/A,1,1500,VIDE,0.0,0.0,0.0,4.767718,-0.698132,0.0,1,0,39.767,17.575,,,,,,,,,,,,
5877,2026-04-23T08:28:02.211Z,S20260423_092137,N/A,AUTO,66.627,384.3347,0.0568,N/A,1,1500,VIDE,0.0,0.0,0.0,4.763898,-0.698132,-0.0,1,0,26.613,19.419,,,,,,,,,,,,
5878,2026-04-23T08:28:02.283Z,S20260423_092137,N/A,AUTO,66.6987,384.4064,0.0716,N/A,1,1500,VIDE,0.0,0.0,0.0,4.760078,-0.698132,-0.0,1,0,30.156,18.98,,,,,,,,,,,,
5879,2026-04-23T08:28:02.346Z,S20260423_092137,N/A,AUTO,66.7622,384.4698,0.0636,N/A,1,1500,VIDE,0.0,0.0,0.0,4.756259,-0.698132,-0.0,1,0,61.79,18.935,,,,,,,,,,,,
5880,2026-04-23T08:28:02.404Z,S20260423_092137,N/A,AUTO,66.8203,384.528,0.0582,N/A,1,1500,VIDE,0.0,0.0,0.0,4.75244,-0.698132,-0.0,1,0,62.43,7.538,,,,,,,,,,,,
5881,2026-04-23T08:28:02.464Z,S20260423_092137,N/A,AUTO,66.8805,384.5881,0.0602,N/A,1,1500,VIDE,0.0,0.0,0.0,4.744803,-0.698132,-0.0,1,0,36.435,18.832,,,,,,,,,,,,
5882,2026-04-23T08:28:02.522Z,S20260423_092137,N/A,AUTO,66.9378,384.6455,0.0574,N/A,1,1500,VIDE,0.0,0.0,0.0,4.737167,-0.698132,0.0,1,0,13.097,20.91,,,,,,,,,,,,
5883,2026-04-23T08:28:02.584Z,S20260423_092137,N/A,AUTO,67.0003,384.708,0.0624,N/A,1,1500,VIDE,0.0,0.0,0.0,4.729533,-0.698132,0.0,1,0,5.475,19.769,,,,,,,,,,,,
5884,2026-04-23T08:28:02.649Z,S20260423_092137,N/A,AUTO,67.065,384.7727,0.0647,N/A,1,1500,VIDE,0.0,0.0,0.0,4.7219,-0.698132,0.0,1,0,13.759,19.444,,,,,,,,,,,,
5885,2026-04-23T08:28:02.715Z,S20260423_092137,N/A,AUTO,67.1308,384.8385,0.0658,N/A,1,1500,VIDE,0.0,0.0,0.0,4.714268,-0.698132,0.0,1,0,18.346,19.018,,,,,,,,,,,,
5886,2026-04-23T08:28:02.776Z,S20260423_092137,N/A,AUTO,67.1921,384.8998,0.0613,N/A,1,1500,VIDE,0.0,0.0,0.0,4.710452,-0.698132,-0.0,1,0,45.352,19.824,,,,,,,,,,,,
5887,2026-04-23T08:28:02.842Z,S20260423_092137,N/A,AUTO,67.2577,384.9653,0.0655,N/A,1,1500,VIDE,0.0,0.0,0.0,4.706637,-0.698132,-0.0,1,0,31.856,19.211,,,,,,,,,,,,
5888,2026-04-23T08:28:02.905Z,S20260423_092137,N/A,AUTO,67.321,385.0287,0.0633,N/A,1,1500,VIDE,0.0,0.0,0.0,4.699008,-0.698132,0.0,1,0,50.464,26.943,,,,,,,,,,,,
5889,2026-04-23T08:28:02.969Z,S20260423_092137,N/A,AUTO,67.3847,385.0923,0.0637,N/A,1,1500,VIDE,0.0,0.0,0.0,4.695193,-0.698132,0.0,1,0,46.65,18.952,,,,,,,,,,,,
5890,2026-04-23T08:28:03.025Z,S20260423_092137,N/A,AUTO,67.4413,385.1489,0.0567,N/A,1,1500,VIDE,0.0,0.0,0.0,4.691379,-0.698132,-0.0,1,0,23.231,25.015,,,,,,,,,,,,
5891,2026-04-23T08:28:03.085Z,S20260423_092137,N/A,AUTO,67.5012,385.2088,0.0599,N/A,1,1500,VIDE,0.0,0.0,0.0,4.683752,-0.698132,0.0,1,0,41.031,18.003,,,,,,,,,,,,
5892,2026-04-23T08:28:03.155Z,S20260423_092137,N/A,AUTO,67.5712,385.2788,0.07,N/A,1,1500,VIDE,0.0,0.0,0.0,4.679939,-0.698132,-0.0,1,0,25.691,18.56,,,,,,,,,,,,
5893,2026-04-23T08:28:03.210Z,S20260423_092137,N/A,AUTO,67.6261,385.3338,0.0549,N/A,1,1500,VIDE,0.0,0.0,0.0,4.676126,-0.698132,-0.0,1,0,37.69,20.522,,,,,,,,,,,,
5894,2026-04-23T08:28:03.273Z,S20260423_092137,N/A,AUTO,67.6894,385.397,0.0634,N/A,1,1500,VIDE,0.0,0.0,0.0,4.668501,-0.698132,-0.0,1,0,22.768,19.291,,,,,,,,,,,,
5895,2026-04-23T08:28:03.338Z,S20260423_092137,N/A,AUTO,67.7542,385.4618,0.0647,N/A,1,1500,VIDE,0.0,0.0,0.0,4.66469,-0.698132,-0.0,1,0,27.019,18.988,,,,,,,,,,,,
5896,2026-04-23T08:28:03.401Z,S20260423_092137,N/A,AUTO,67.8175,385.5251,0.0633,N/A,1,1500,VIDE,0.0,0.0,0.0,4.658337,-0.698132,0.0,1,0,53.387,1.489,,,,,,,,,,,,
5897,2026-04-23T08:28:03.461Z,S20260423_092137,N/A,AUTO,67.8766,385.5843,0.0592,N/A,1,1500,VIDE,0.0,0.0,0.0,4.653256,-0.698132,-0.0,1,0,45.303,25.052,,,,,,,,,,,,
5898,2026-04-23T08:28:03.524Z,S20260423_092137,N/A,AUTO,67.9404,385.648,0.0638,N/A,1,1500,VIDE,0.0,0.0,0.0,4.645635,-0.698132,0.0,1,0,10.244,19.353,,,,,,,,,,,,
5899,2026-04-23T08:28:03.584Z,S20260423_092137,N/A,AUTO,67.9997,385.7073,0.0593,N/A,1,1500,VIDE,0.0,0.0,0.0,4.638015,-0.698132,0.0,1,0,22.017,17.706,,,,,,,,,,,,
5900,2026-04-23T08:28:03.654Z,S20260423_092137,N/A,AUTO,68.0699,385.7775,0.0702,N/A,1,1500,VIDE,0.0,0.0,0.0,4.626588,-0.698132,0.0,1,0,16.379,19.176,,,,,,,,,,,,
5901,2026-04-23T08:28:03.716Z,S20260423_092137,N/A,AUTO,68.1324,385.8401,0.0626,N/A,1,1500,VIDE,0.0,0.0,0.0,4.616433,-0.698132,0.0,1,0,32.283,2.281,,,,,,,,,,,,
5902,2026-04-23T08:28:03.778Z,S20260423_092137,N/A,AUTO,68.1943,385.9019,0.0617,N/A,1,1500,VIDE,0.0,0.0,0.0,4.611356,-0.698132,0.0,1,0,33.309,19.347,,,,,,,,,,,,
5903,2026-04-23T08:28:03.834Z,S20260423_092137,N/A,AUTO,68.2505,385.9581,0.0563,N/A,1,1500,VIDE,0.0,0.0,0.0,4.607548,-0.698132,0.0,1,0,38.622,20.421,,,,,,,,,,,,
5904,2026-04-23T08:28:03.898Z,S20260423_092137,N/A,AUTO,68.3142,386.0219,0.0638,N/A,1,1500,VIDE,0.0,0.0,0.0,4.599935,-0.698132,0.0,1,0,33.745,18.811,,,,,,,,,,,,
5905,2026-04-23T08:28:03.968Z,S20260423_092137,N/A,AUTO,68.3843,386.092,0.0701,N/A,1,1500,VIDE,0.0,0.0,0.0,4.596128,-0.698132,0.0,1,0,41.044,22.613,,,,,,,,,,,,
5906,2026-04-23T08:28:04.025Z,S20260423_092137,N/A,AUTO,68.4407,386.1483,0.0562,N/A,1,1500,VIDE,0.0,0.0,0.0,4.592322,-0.698132,0.0,1,0,26.771,24.968,,,,,,,,,,,,
5907,2026-04-23T08:28:04.085Z,S20260423_092137,N/A,AUTO,68.5008,386.2084,0.0601,N/A,1,1500,VIDE,0.0,0.0,0.0,4.585979,-0.698132,0.0,1,0,60.138,1.756,,,,,,,,,,,,
5908,2026-04-23T08:28:04.154Z,S20260423_092137,N/A,AUTO,68.5699,386.2776,0.0691,N/A,1,1500,VIDE,0.0,0.0,0.0,4.580906,-0.698132,0.0,1,0,28.149,19.286,,,,,,,,,,,,
5909,2026-04-23T08:28:04.216Z,S20260423_092137,N/A,AUTO,68.6323,386.34,0.0622,N/A,1,1500,VIDE,0.0,0.0,0.0,4.577101,-0.698132,0.0,1,0,35.159,18.809,,,,,,,,,,,,
5910,2026-04-23T08:28:04.276Z,S20260423_092137,N/A,AUTO,68.6921,386.3998,0.0601,N/A,1,1500,VIDE,0.0,0.0,0.0,4.569492,-0.698132,0.0,1,0,47.03,22.208,,,,,,,,,,,,
5911,2026-04-23T08:28:04.338Z,S20260423_092137,N/A,AUTO,68.754,386.4617,0.0618,N/A,1,1500,VIDE,0.0,0.0,0.0,4.565688,-0.698132,0.0,1,0,32.338,19.495,,,,,,,,,,,,
5912,2026-04-23T08:28:04.401Z,S20260423_092137,N/A,AUTO,68.8166,386.5243,0.0626,N/A,1,1500,VIDE,0.0,0.0,0.0,4.561884,-0.698132,0.0,1,0,40.92,19.427,,,,,,,,,,,,
5913,2026-04-23T08:28:04.462Z,S20260423_092137,N/A,AUTO,68.8782,386.5859,0.0616,N/A,1,1500,VIDE,0.0,0.0,0.0,4.554278,-0.698132,0.0,1,0,40.305,23.623,,,,,,,,,,,,
5914,2026-04-23T08:28:04.521Z,S20260423_092137,N/A,AUTO,68.9371,386.6448,0.0589,N/A,1,1500,VIDE,0.0,0.0,0.0,4.546672,-0.698132,0.0,1,0,10.338,19.262,,,,,,,,,,,,
5915,2026-04-23T08:28:04.584Z,S20260423_092137,N/A,AUTO,68.9997,386.7074,0.0627,N/A,1,1500,VIDE,0.0,0.0,0.0,4.539068,-0.698132,0.0,1,0,23.312,16.916,,,,,,,,,,,,
5916,2026-04-23T08:28:04.650Z,S20260423_092137,N/A,AUTO,69.0661,386.7737,0.0662,N/A,1,1500,VIDE,0.0,0.0,0.0,4.527665,-0.698132,0.0,1,0,15.4,19.458,,,,,,,,,,,,
5917,2026-04-23T08:28:04.711Z,S20260423_092137,N/A,AUTO,69.1273,386.835,0.0614,N/A,1,1500,VIDE,0.0,0.0,0.0,4.520063,-0.698132,0.0,1,0,5.38,19.437,,,,,,,,,,,,
5918,2026-04-23T08:28:04.774Z,S20260423_092137,N/A,AUTO,69.1903,386.8979,0.0628,N/A,1,1500,VIDE,0.0,0.0,0.0,4.512463,-0.698132,0.0,1,0,31.604,20.408,,,,,,,,,,,,
5919,2026-04-23T08:28:04.836Z,S20260423_092137,N/A,AUTO,69.2522,386.9598,0.062,N/A,1,1500,VIDE,0.0,0.0,0.0,4.508664,-0.698132,0.0,1,0,42.713,16.809,,,,,,,,,,,,
5920,2026-04-23T08:28:04.898Z,S20260423_092137,N/A,AUTO,69.3144,387.0221,0.0622,N/A,1,1500,VIDE,0.0,0.0,0.0,4.501066,-0.698132,0.0,1,0,27.326,19.567,,,,,,,,,,,,
5921,2026-04-23T08:28:04.984Z,S20260423_092137,N/A,AUTO,69.4,387.1077,0.0857,N/A,1,1500,VIDE,0.0,0.0,0.0,4.493469,-0.698132,0.0,1,0,33.362,19.179,,,,,,,,,,,,
5922,2026-04-23T08:28:05.026Z,S20260423_092137,N/A,AUTO,69.4417,387.1493,0.0415,N/A,1,1500,VIDE,0.0,0.0,0.0,4.493469,-0.698132,0.0,1,0,33.362,19.179,,,,,,,,,,,,
5923,2026-04-23T08:28:05.085Z,S20260423_092137,N/A,AUTO,69.5014,387.209,0.0598,N/A,1,1500,VIDE,0.0,0.0,0.0,4.489671,-0.698132,0.0,1,0,75.667,33.633,,,,,,,,,,,,
5924,2026-04-23T08:28:05.160Z,S20260423_092137,N/A,AUTO,69.5765,387.2841,0.075,N/A,1,1500,VIDE,0.0,0.0,0.0,4.485873,-0.698132,0.0,1,0,78.49,18.661,,,,,,,,,,,,
5925,2026-04-23T08:28:05.211Z,S20260423_092137,N/A,AUTO,69.6272,387.3349,0.0506,N/A,1,1500,VIDE,0.0,0.0,0.0,4.48081,-0.698132,0.0,1,0,86.012,24.357,,,,,,,,,,,,
5926,2026-04-23T08:28:05.273Z,S20260423_092137,N/A,AUTO,69.6893,387.397,0.0624,N/A,1,1500,VIDE,0.0,0.0,0.0,4.474481,-0.698132,0.0,1,0,33.372,18.953,,,,,,,,,,,,
5927,2026-04-23T08:28:05.338Z,S20260423_092137,N/A,AUTO,69.7536,387.4613,0.0642,N/A,1,1500,VIDE,0.0,0.0,0.0,4.470685,-0.698132,0.0,1,0,40.077,19.252,,,,,,,,,,,,
5928,2026-04-23T08:28:05.403Z,S20260423_092137,N/A,AUTO,69.8191,387.5267,0.0654,N/A,1,1500,VIDE,0.0,0.0,0.0,4.463092,-0.698132,0.0,1,0,29.601,16.668,,,,,,,,,,,,
5929,2026-04-23T08:28:05.460Z,S20260423_092137,N/A,AUTO,69.876,387.5836,0.0569,N/A,1,1500,VIDE,0.0,0.0,0.0,4.459297,-0.698132,0.0,1,0,31.932,19.344,,,,,,,,,,,,
5930,2026-04-23T08:28:05.523Z,S20260423_092137,N/A,AUTO,69.9396,387.6472,0.0637,N/A,1,1500,VIDE,0.0,0.0,0.0,4.451706,-0.698132,0.0,1,0,21.892,15.061,,,,,,,,,,,,
5931,2026-04-23T08:28:05.584Z,S20260423_092137,N/A,AUTO,70.0001,387.7077,0.0606,N/A,1,1500,VIDE,0.0,0.0,0.0,4.440322,-0.698132,0.0,1,0,19.573,18.788,,,,,,,,,,,,
5932,2026-04-23T08:28:05.657Z,S20260423_092137,N/A,AUTO,70.0733,387.7809,0.073,N/A,1,1500,VIDE,0.0,0.0,0.0,4.436528,-0.698132,0.0,1,0,32.328,19.741,,,,,,,,,,,,
5933,2026-04-23T08:28:05.714Z,S20260423_092137,N/A,AUTO,70.1302,387.8378,0.057,N/A,1,1500,VIDE,0.0,0.0,0.0,4.428941,-0.698132,0.0,1,0,19.19,17.146,,,,,,,,,,,,
5934,2026-04-23T08:28:05.777Z,S20260423_092137,N/A,AUTO,70.1931,387.9007,0.0627,N/A,1,1500,VIDE,0.0,0.0,0.0,4.425148,-0.698132,0.0,1,0,59.89,19.63,,,,,,,,,,,,
5935,2026-04-23T08:28:05.844Z,S20260423_092137,N/A,AUTO,70.2601,387.9678,0.0671,N/A,1,1500,VIDE,0.0,0.0,0.0,4.421355,-0.698132,-0.0,1,0,53.542,17.902,,,,,,,,,,,,
5936,2026-04-23T08:28:05.899Z,S20260423_092137,N/A,AUTO,70.315,388.0227,0.055,N/A,1,1500,VIDE,0.0,0.0,0.0,4.417563,-0.698132,-0.0,1,0,48.755,19.349,,,,,,,,,,,,
5937,2026-04-23T08:28:05.978Z,S20260423_092137,N/A,AUTO,70.394,388.1017,0.0789,N/A,1,1500,VIDE,0.0,0.0,0.0,4.409979,-0.698132,0.0,1,0,45.811,13.815,,,,,,,,,,,,
5938,2026-04-23T08:28:06.024Z,S20260423_092137,N/A,AUTO,70.4402,388.1479,0.0462,N/A,1,1500,VIDE,0.0,0.0,0.0,4.406187,-0.698132,-0.0,1,0,40.614,32.628,,,,,,,,,,,,
5939,2026-04-23T08:28:06.085Z,S20260423_092137,N/A,AUTO,70.5011,388.2087,0.0609,N/A,1,1500,VIDE,0.0,0.0,0.0,4.402395,-0.698132,-0.0,1,0,44.536,18.683,,,,,,,,,,,,
5940,2026-04-23T08:28:06.155Z,S20260423_092137,N/A,AUTO,70.5708,388.2785,0.0697,N/A,1,1500,VIDE,0.0,0.0,0.0,4.398605,-0.698132,0.0,1,0,40.473,15.779,,,,,,,,,,,,
5941,2026-04-23T08:28:06.212Z,S20260423_092137,N/A,AUTO,70.6282,388.3358,0.0575,N/A,1,1500,VIDE,0.0,0.0,0.0,4.394814,-0.698132,0.0,1,0,29.039,18.588,,,,,,,,,,,,
5942,2026-04-23T08:28:06.278Z,S20260423_092137,N/A,AUTO,70.6939,388.4015,0.0657,N/A,1,1500,VIDE,0.0,0.0,0.0,4.387233,-0.698132,0.0,1,0,32.421,17.414,,,,,,,,,,,,
5943,2026-04-23T08:28:06.335Z,S20260423_092137,N/A,AUTO,70.7516,388.4593,0.0576,N/A,1,1500,VIDE,0.0,0.0,0.0,4.387233,-0.698132,0.0,1,0,32.421,17.414,,,,,,,,,,,,
5944,2026-04-23T08:28:06.398Z,S20260423_092137,N/A,AUTO,70.8143,388.5219,0.0628,N/A,1,1500,VIDE,0.0,0.0,0.0,4.379653,-0.698132,-0.0,1,0,47.201,19.501,,,,,,,,,,,,
5945,2026-04-23T08:28:06.462Z,S20260423_092137,N/A,AUTO,70.8784,388.586,0.064,N/A,1,1500,VIDE,0.0,0.0,0.0,4.375865,-0.698132,0.0,1,0,31.089,23.91,,,,,,,,,,,,
5946,2026-04-23T08:28:06.524Z,S20260423_092137,N/A,AUTO,70.9398,388.6475,0.0615,N/A,1,1500,VIDE,0.0,0.0,0.0,4.368286,-0.698132,-0.0,1,0,6.609,19.117,,,,,,,,,,,,
5947,2026-04-23T08:28:06.584Z,S20260423_092137,N/A,AUTO,71.0,388.7077,0.0602,N/A,1,1500,VIDE,0.0,0.0,0.0,4.36071,-0.698132,-0.0,1,0,17.923,17.665,,,,,,,,,,,,
5948,2026-04-23T08:28:06.648Z,S20260423_092137,N/A,AUTO,71.0644,388.7721,0.0645,N/A,1,1500,VIDE,0.0,0.0,0.0,4.353134,-0.698132,-0.0,1,0,34.587,19.633,,,,,,,,,,,,
5949,2026-04-23T08:28:06.713Z,S20260423_092137,N/A,AUTO,71.1292,388.8368,0.0647,N/A,1,1500,VIDE,0.0,0.0,0.0,4.349347,-0.698132,-0.0,1,0,44.205,19.585,,,,,,,,,,,,
5950,2026-04-23T08:28:06.776Z,S20260423_092137,N/A,AUTO,71.1921,388.8998,0.063,N/A,1,1500,VIDE,0.0,0.0,0.0,4.341773,-0.698132,-0.0,1,0,38.784,19.236,,,,,,,,,,,,
5951,2026-04-23T08:28:06.842Z,S20260423_092137,N/A,AUTO,71.258,388.9656,0.0657,N/A,1,1500,VIDE,0.0,0.0,0.0,4.336725,-0.698132,0.0,1,0,55.329,16.236,,,,,,,,,,,,
5952,2026-04-23T08:28:06.905Z,S20260423_092137,N/A,AUTO,71.321,389.0287,0.0631,N/A,1,1500,VIDE,0.0,0.0,0.0,4.330414,-0.698132,-0.0,1,0,35.532,24.524,,,,,,,,,,,,
5953,2026-04-23T08:28:06.970Z,S20260423_092137,N/A,AUTO,71.3865,389.0941,0.0655,N/A,1,1500,VIDE,0.0,0.0,0.0,4.322843,-0.698132,-0.0,1,0,20.939,19.184,,,,,,,,,,,,
5954,2026-04-23T08:28:07.025Z,S20260423_092137,N/A,AUTO,71.441,389.1487,0.0545,N/A,1,1500,VIDE,0.0,0.0,0.0,4.319058,-0.698132,0.0,1,0,22.381,19.752,,,,,,,,,,,,
5955,2026-04-23T08:28:07.085Z,S20260423_092137,N/A,AUTO,71.501,389.2087,0.06,N/A,1,1500,VIDE,0.0,0.0,0.0,4.315273,-0.698132,-0.0,1,0,21.628,19.115,,,,,,,,,,,,
5956,2026-04-23T08:28:07.158Z,S20260423_092137,N/A,AUTO,71.5736,389.2813,0.0726,N/A,1,1500,VIDE,0.0,0.0,0.0,4.307704,-0.698132,-0.0,1,0,29.023,18.767,,,,,,,,,,,,
5957,2026-04-23T08:28:07.210Z,S20260423_092137,N/A,AUTO,71.6255,389.3332,0.052,N/A,1,1500,VIDE,0.0,0.0,0.0,4.303921,-0.698132,0.0,1,0,51.539,18.183,,,,,,,,,,,,
5958,2026-04-23T08:28:07.275Z,S20260423_092137,N/A,AUTO,71.6915,389.3992,0.0659,N/A,1,1500,VIDE,0.0,0.0,0.0,4.300137,-0.698132,-0.0,1,0,38.903,18.869,,,,,,,,,,,,
5959,2026-04-23T08:28:07.337Z,S20260423_092137,N/A,AUTO,71.7534,389.461,0.0619,N/A,1,1500,VIDE,0.0,0.0,0.0,4.292571,-0.698132,0.0,1,0,41.673,18.905,,,,,,,,,,,,
5960,2026-04-23T08:28:07.402Z,S20260423_092137,N/A,AUTO,71.8178,389.5254,0.0644,N/A,1,1500,VIDE,0.0,0.0,0.0,4.288788,-0.698132,0.0,1,0,18.397,22.176,,,,,,,,,,,,
5961,2026-04-23T08:28:07.461Z,S20260423_092137,N/A,AUTO,71.8766,389.5843,0.0589,N/A,1,1500,VIDE,0.0,0.0,0.0,4.281223,-0.698132,0.0,1,0,30.585,11.455,,,,,,,,,,,,
5962,2026-04-23T08:28:07.523Z,S20260423_092137,N/A,AUTO,71.9387,389.6464,0.0621,N/A,1,1500,VIDE,0.0,0.0,0.0,4.27366,-0.698132,0.0,1,0,10.67,19.391,,,,,,,,,,,,
5963,2026-04-23T08:28:07.584Z,S20260423_092137,N/A,AUTO,72.0001,389.7078,0.0614,N/A,1,1500,VIDE,0.0,0.0,0.0,4.266097,-0.698132,0.0,1,0,19.537,15.051,,,,,,,,,,,,
5964,2026-04-23T08:28:07.653Z,S20260423_092137,N/A,AUTO,72.0694,389.777,0.0692,N/A,1,1500,VIDE,0.0,0.0,0.0,4.254755,-0.698132,0.0,1,0,8.417,19.57,,,,,,,,,,,,
5965,2026-04-23T08:28:07.717Z,S20260423_092137,N/A,AUTO,72.1326,389.8403,0.0632,N/A,1,1500,VIDE,0.0,0.0,0.0,4.243416,-0.698132,0.0,1,0,2.911,19.209,,,,,,,,,,,,
5966,2026-04-23T08:28:07.775Z,S20260423_092137,N/A,AUTO,72.1916,389.8993,0.0588,N/A,1,1500,VIDE,0.0,0.0,0.0,4.239637,-0.698132,0.0,1,0,13.649,18.74,,,,,,,,,,,,
5967,2026-04-23T08:28:07.843Z,S20260423_092137,N/A,AUTO,72.2586,389.9663,0.0672,N/A,1,1500,VIDE,0.0,0.0,0.0,4.232079,-0.698132,-0.0,1,0,40.699,19.675,,,,,,,,,,,,
5968,2026-04-23T08:28:07.898Z,S20260423_092137,N/A,AUTO,72.3139,390.0216,0.0553,N/A,1,1500,VIDE,0.0,0.0,0.0,4.228302,-0.698132,0.0,1,0,23.05,19.919,,,,,,,,,,,,
5969,2026-04-23T08:28:07.962Z,S20260423_092137,N/A,AUTO,72.3781,390.0858,0.0641,N/A,1,1500,VIDE,0.0,0.0,0.0,4.220745,-0.698132,0.0,1,0,30.045,16.379,,,,,,,,,,,,
5970,2026-04-23T08:28:08.025Z,S20260423_092137,N/A,AUTO,72.4408,390.1484,0.0626,N/A,1,1500,VIDE,0.0,0.0,0.0,4.216968,-0.698132,-0.0,1,0,29.285,24.846,,,,,,,,,,,,
5971,2026-04-23T08:28:08.085Z,S20260423_092137,N/A,AUTO,72.5005,390.2082,0.0599,N/A,1,1500,VIDE,0.0,0.0,0.0,4.209414,-0.698132,-0.0,1,0,36.613,19.152,,,,,,,,,,,,
5972,2026-04-23T08:28:08.155Z,S20260423_092137,N/A,AUTO,72.5707,390.2784,0.0702,N/A,1,1500,VIDE,0.0,0.0,0.0,4.205637,-0.698132,0.0,1,0,40.155,18.652,,,,,,,,,,,,
5973,2026-04-23T08:28:08.212Z,S20260423_092137,N/A,AUTO,72.628,390.3356,0.0572,N/A,1,1500,VIDE,0.0,0.0,0.0,4.200602,-0.698132,0.0,1,0,66.828,47.132,,,,,,,,,,,,
5974,2026-04-23T08:28:08.277Z,S20260423_092137,N/A,AUTO,72.6931,390.4008,0.0651,N/A,1,1500,VIDE,0.0,0.0,0.0,4.194308,-0.698132,-0.0,1,0,30.864,18.829,,,,,,,,,,,,
5975,2026-04-23T08:28:08.338Z,S20260423_092137,N/A,AUTO,72.7538,390.4615,0.0607,N/A,1,1500,VIDE,0.0,0.0,0.0,4.190532,-0.698132,-0.0,1,0,39.433,19.497,,,,,,,,,,,,
5976,2026-04-23T08:28:08.401Z,S20260423_092137,N/A,AUTO,72.8172,390.5248,0.0629,N/A,1,1500,VIDE,0.0,0.0,0.0,4.182982,-0.698132,0.0,1,0,41.203,31.952,,,,,,,,,,,,
5977,2026-04-23T08:28:08.460Z,S20260423_092137,N/A,AUTO,72.8763,390.5839,0.0595,N/A,1,1500,VIDE,0.0,0.0,0.0,4.179208,-0.698132,-0.0,1,0,33.524,26.643,,,,,,,,,,,,
5978,2026-04-23T08:28:08.522Z,S20260423_092137,N/A,AUTO,72.9382,390.6459,0.0621,N/A,1,1500,VIDE,0.0,0.0,0.0,4.171659,-0.698132,-0.0,1,0,5.493,19.536,,,,,,,,,,,,
5979,2026-04-23T08:28:08.584Z,S20260423_092137,N/A,AUTO,73.0001,390.7078,0.0618,N/A,1,1500,VIDE,0.0,0.0,0.0,4.160338,-0.698132,0.0,1,0,15.912,19.338,,,,,,,,,,,,
5980,2026-04-23T08:28:08.650Z,S20260423_092137,N/A,AUTO,73.0661,390.7738,0.0661,N/A,1,1500,VIDE,0.0,0.0,0.0,4.150277,-0.698132,0.0,1,0,25.592,1.228,,,,,,,,,,,,
5981,2026-04-23T08:28:08.712Z,S20260423_092137,N/A,AUTO,73.1276,390.8353,0.0615,N/A,1,1500,VIDE,0.0,0.0,0.0,4.141475,-0.698132,-0.0,1,0,15.069,19.282,,,,,,,,,,,,
5982,2026-04-23T08:28:08.773Z,S20260423_092137,N/A,AUTO,73.1895,390.8972,0.0618,N/A,1,1500,VIDE,0.0,0.0,0.0,4.133932,-0.698132,-0.0,1,0,20.791,18.902,,,,,,,,,,,,
5983,2026-04-23T08:28:08.836Z,S20260423_092137,N/A,AUTO,73.2517,390.9594,0.0622,N/A,1,1500,VIDE,0.0,0.0,0.0,4.130161,-0.698132,0.0,1,0,29.654,19.409,,,,,,,,,,,,
5984,2026-04-23T08:28:08.905Z,S20260423_092137,N/A,AUTO,73.3208,391.0284,0.0691,N/A,1,1500,VIDE,0.0,0.0,0.0,4.122619,-0.698132,-0.0,1,0,38.999,17.168,,,,,,,,,,,,
5985,2026-04-23T08:28:08.993Z,S20260423_092137,N/A,AUTO,73.4091,391.1168,0.0884,N/A,1,1500,VIDE,0.0,0.0,0.0,4.115079,-0.698132,0.0,1,0,20.378,18.736,,,,,,,,,,,,
5986,2026-04-23T08:28:09.025Z,S20260423_092137,N/A,AUTO,73.4409,391.1486,0.0316,N/A,1,1500,VIDE,0.0,0.0,0.0,4.115079,-0.698132,0.0,1,0,20.378,18.736,,,,,,,,,,,,
5987,2026-04-23T08:28:09.084Z,S20260423_092137,N/A,AUTO,73.5005,391.2081,0.0598,N/A,1,1500,VIDE,0.0,0.0,0.0,4.10754,-0.698132,0.0,1,0,31.51,18.763,,,,,,,,,,,,
5988,2026-04-23T08:28:09.160Z,S20260423_092137,N/A,AUTO,73.5759,391.2836,0.0753,N/A,1,1500,VIDE,0.0,0.0,0.0,4.100001,-0.698132,0.0,1,0,34.957,19.086,,,,,,,,,,,,
5989,2026-04-23T08:28:09.210Z,S20260423_092137,N/A,AUTO,73.6259,391.3335,0.05,N/A,1,1500,VIDE,0.0,0.0,0.0,4.096232,-0.698132,-0.0,1,0,30.113,22.522,,,,,,,,,,,,
5990,2026-04-23T08:28:09.275Z,S20260423_092137,N/A,AUTO,73.6907,391.3984,0.0649,N/A,1,1500,VIDE,0.0,0.0,0.0,4.092464,-0.698132,0.0,1,0,44.163,19.015,,,,,,,,,,,,
5991,2026-04-23T08:28:09.338Z,S20260423_092137,N/A,AUTO,73.7537,391.4614,0.063,N/A,1,1500,VIDE,0.0,0.0,0.0,4.084928,-0.698132,-0.0,1,0,29.437,19.155,,,,,,,,,,,,
5992,2026-04-23T08:28:09.402Z,S20260423_092137,N/A,AUTO,73.818,391.5256,0.0642,N/A,1,1500,VIDE,0.0,0.0,0.0,4.08116,-0.698132,0.0,1,0,32.014,22.599,,,,,,,,,,,,
5993,2026-04-23T08:28:09.463Z,S20260423_092137,N/A,AUTO,73.8788,391.5865,0.0608,N/A,1,1500,VIDE,0.0,0.0,0.0,4.077393,-0.698132,-0.0,1,0,45.349,18.729,,,,,,,,,,,,
5994,2026-04-23T08:28:09.524Z,S20260423_092137,N/A,AUTO,73.9398,391.6475,0.0611,N/A,1,1500,VIDE,0.0,0.0,0.0,4.066092,-0.698132,0.0,1,0,19.601,19.168,,,,,,,,,,,,
5995,2026-04-23T08:28:09.584Z,S20260423_092137,N/A,AUTO,74.0001,391.7078,0.0603,N/A,1,1500,VIDE,0.0,0.0,0.0,4.058559,-0.698132,-0.0,1,0,7.1,19.105,,,,,,,,,,,,
5996,2026-04-23T08:28:09.656Z,S20260423_092137,N/A,AUTO,74.0725,391.7802,0.0724,N/A,1,1500,VIDE,0.0,0.0,0.0,4.047263,-0.698132,-0.0,1,0,19.507,19.356,,,,,,,,,,,,
5997,2026-04-23T08:28:09.720Z,S20260423_092137,N/A,AUTO,74.1364,391.8441,0.064,N/A,1,1500,VIDE,0.0,0.0,0.0,4.035968,-0.698132,-0.0,1,0,10.043,19.681,,,,,,,,,,,,
5998,2026-04-23T08:28:09.779Z,S20260423_092137,N/A,AUTO,74.1951,391.9028,0.0585,N/A,1,1500,VIDE,0.0,0.0,0.0,4.032204,-0.698132,-0.0,1,0,24.35,21.805,,,,,,,,,,,,
5999,2026-04-23T08:28:09.835Z,S20260423_092137,N/A,AUTO,74.251,391.9586,0.056,N/A,1,1500,VIDE,0.0,0.0,0.0,4.025931,-0.698132,-0.0,1,0,47.665,1.487,,,,,,,,,,,,
6000,2026-04-23T08:28:09.899Z,S20260423_092137,N/A,AUTO,74.3147,392.0224,0.0637,N/A,1,1500,VIDE,0.0,0.0,0.0,4.020913,-0.698132,-0.0,1,0,35.923,19.433,,,,,,,,,,,,
6001,2026-04-23T08:28:09.972Z,S20260423_092137,N/A,AUTO,74.3877,392.0954,0.073,N/A,1,1500,VIDE,0.0,0.0,0.0,4.013387,-0.698132,0.0,1,0,40.713,13.828,,,,,,,,,,,,
6002,2026-04-23T08:28:10.024Z,S20260423_092137,N/A,AUTO,74.4403,392.148,0.0525,N/A,1,1500,VIDE,0.0,0.0,0.0,4.009624,-0.698132,0.0,1,0,37.943,26.569,,,,,,,,,,,,
6003,2026-04-23T08:28:10.085Z,S20260423_092137,N/A,AUTO,74.5011,392.2087,0.0608,N/A,1,1500,VIDE,0.0,0.0,0.0,4.005862,-0.698132,-0.0,1,0,29.692,18.272,,,,,,,,,,,,
6004,2026-04-23T08:28:10.155Z,S20260423_092137,N/A,AUTO,74.5707,392.2784,0.0696,N/A,1,1500,VIDE,0.0,0.0,0.0,3.998338,-0.698132,0.0,1,0,36.469,19.011,,,,,,,,,,,,
6005,2026-04-23T08:28:10.210Z,S20260423_092137,N/A,AUTO,74.626,392.3337,0.0554,N/A,1,1500,VIDE,0.0,0.0,0.0,3.994576,-0.698132,0.0,1,0,38.513,19.03,,,,,,,,,,,,
6006,2026-04-23T08:28:10.277Z,S20260423_092137,N/A,AUTO,74.6934,392.401,0.0673,N/A,1,1500,VIDE,0.0,0.0,0.0,3.987054,-0.698132,0.0,1,0,39.919,19.637,,,,,,,,,,,,
6007,2026-04-23T08:28:10.344Z,S20260423_092137,N/A,AUTO,74.76,392.4676,0.0665,N/A,1,1500,VIDE,0.0,0.0,0.0,3.983293,-0.698132,-0.0,1,0,23.658,22.777,,,,,,,,,,,,
6008,2026-04-23T08:28:10.404Z,S20260423_092137,N/A,AUTO,74.8196,392.5272,0.0598,N/A,1,1500,VIDE,0.0,0.0,0.0,3.975772,-0.698132,0.0,1,0,32.527,18.521,,,,,,,,,,,,
6009,2026-04-23T08:28:10.460Z,S20260423_092137,N/A,AUTO,74.8763,392.584,0.0566,N/A,1,1500,VIDE,0.0,0.0,0.0,3.972012,-0.698132,-0.0,1,0,35.406,18.919,,,,,,,,,,,,
6010,2026-04-23T08:28:10.522Z,S20260423_092137,N/A,AUTO,74.9381,392.6457,0.0618,N/A,1,1500,VIDE,0.0,0.0,0.0,3.964493,-0.698132,-0.0,1,0,21.484,11.533,,,,,,,,,,,,
6011,2026-04-23T08:28:10.584Z,S20260423_092137,N/A,AUTO,75.0,392.7077,0.0619,N/A,1,1500,VIDE,0.0,0.0,0.0,3.953216,-0.698132,0.0,1,0,11.944,18.881,,,,,,,,,,,,
6012,2026-04-23T08:28:10.649Z,S20260423_092137,N/A,AUTO,75.0651,392.7727,0.0651,N/A,1,1500,VIDE,0.0,0.0,0.0,3.941942,-0.698132,-0.0,1,0,25.091,18.942,,,,,,,,,,,,
6013,2026-04-23T08:28:10.714Z,S20260423_092137,N/A,AUTO,75.1305,392.8381,0.0654,N/A,1,1500,VIDE,0.0,0.0,0.0,3.934426,-0.698132,-0.0,1,0,13.047,19.259,,,,,,,,,,,,
6014,2026-04-23T08:28:10.778Z,S20260423_092137,N/A,AUTO,75.1938,392.9015,0.0632,N/A,1,1500,VIDE,0.0,0.0,0.0,3.926912,-0.698132,-0.0,1,0,21.583,19.317,,,,,,,,,,,,
6015,2026-04-23T08:28:10.840Z,S20260423_092137,N/A,AUTO,75.2565,392.9642,0.0628,N/A,1,1500,VIDE,0.0,0.0,0.0,3.923156,-0.698132,0.0,1,0,26.718,21.649,,,,,,,,,,,,
6016,2026-04-23T08:28:10.897Z,S20260423_092137,N/A,AUTO,75.3134,393.021,0.0568,N/A,1,1500,VIDE,0.0,0.0,0.0,3.915644,-0.698132,-0.0,1,0,32.43,15.103,,,,,,,,,,,,
6017,2026-04-23T08:28:10.981Z,S20260423_092137,N/A,AUTO,75.3974,393.1051,0.0842,N/A,1,1500,VIDE,0.0,0.0,0.0,3.908132,-0.698132,0.0,1,0,30.665,19.25,,,,,,,,,,,,
6018,2026-04-23T08:28:11.026Z,S20260423_092137,N/A,AUTO,75.4416,393.1492,0.0441,N/A,1,1500,VIDE,0.0,0.0,0.0,3.904377,-0.698132,0.0,1,0,33.159,37.493,,,,,,,,,,,,
6019,2026-04-23T08:28:11.085Z,S20260423_092137,N/A,AUTO,75.5008,393.2085,0.0593,N/A,1,1500,VIDE,0.0,0.0,0.0,3.900624,-0.698132,-0.0,1,0,31.82,19.284,,,,,,,,,,,,
6020,2026-04-23T08:28:11.153Z,S20260423_092137,N/A,AUTO,75.5695,393.2772,0.0687,N/A,1,1500,VIDE,0.0,0.0,0.0,3.893112,-0.698132,-0.0,1,0,34.561,18.637,,,,,,,,,,,,
6021,2026-04-23T08:28:11.211Z,S20260423_092137,N/A,AUTO,75.6267,393.3344,0.0572,N/A,1,1500,VIDE,0.0,0.0,0.0,3.889357,-0.698132,0.0,1,0,41.242,15.669,,,,,,,,,,,,
6022,2026-04-23T08:28:11.274Z,S20260423_092137,N/A,AUTO,75.6896,393.3973,0.063,N/A,1,1500,VIDE,0.0,0.0,0.0,3.88185,-0.698132,0.0,1,0,26.823,18.386,,,,,,,,,,,,
6023,2026-04-23T08:28:11.338Z,S20260423_092137,N/A,AUTO,75.7541,393.4617,0.0643,N/A,1,1500,VIDE,0.0,0.0,0.0,3.878097,-0.698132,-0.0,1,0,31.712,18.97,,,,,,,,,,,,
6024,2026-04-23T08:28:11.401Z,S20260423_092137,N/A,AUTO,75.8167,393.5243,0.0627,N/A,1,1500,VIDE,0.0,0.0,0.0,3.874343,-0.698132,-0.0,1,0,41.539,18.802,,,,,,,,,,,,
6025,2026-04-23T08:28:11.463Z,S20260423_092137,N/A,AUTO,75.879,393.5866,0.0623,N/A,1,1500,VIDE,0.0,0.0,0.0,3.866838,-0.698132,0.0,1,0,36.735,14.532,,,,,,,,,,,,
6026,2026-04-23T08:28:11.523Z,S20260423_092137,N/A,AUTO,75.939,393.6467,0.0602,N/A,1,1500,VIDE,0.0,0.0,0.0,3.859333,-0.698132,-0.0,1,0,11.279,19.405,,,,,,,,,,,,
6027,2026-04-23T08:28:11.584Z,S20260423_092137,N/A,AUTO,76.0001,393.7077,0.061,N/A,1,1500,VIDE,0.0,0.0,0.0,3.850578,-0.698132,0.0,1,0,40.282,21.065,,,,,,,,,,,,
6028,2026-04-23T08:28:11.650Z,S20260423_092137,N/A,AUTO,76.0656,393.7733,0.0655,N/A,1,1500,VIDE,0.0,0.0,0.0,3.840575,-0.698132,0.0,1,0,7.712,18.998,,,,,,,,,,,,
6029,2026-04-23T08:28:11.713Z,S20260423_092137,N/A,AUTO,76.1289,393.8366,0.0633,N/A,1,1500,VIDE,0.0,0.0,0.0,3.829324,-0.698132,0.0,1,0,17.823,18.951,,,,,,,,,,,,
6030,2026-04-23T08:28:11.777Z,S20260423_092137,N/A,AUTO,76.1932,393.9009,0.0643,N/A,1,1500,VIDE,0.0,0.0,0.0,3.821824,-0.698132,-0.0,1,0,27.532,18.938,,,,,,,,,,,,
6031,2026-04-23T08:28:11.838Z,S20260423_092137,N/A,AUTO,76.2539,393.9616,0.0606,N/A,1,1500,VIDE,0.0,0.0,0.0,3.818074,-0.698132,-0.0,1,0,21.343,20.759,,,,,,,,,,,,
6032,2026-04-23T08:28:11.898Z,S20260423_092137,N/A,AUTO,76.3139,394.0216,0.0601,N/A,1,1500,VIDE,0.0,0.0,0.0,3.810576,-0.698132,0.0,1,0,32.513,17.156,,,,,,,,,,,,
6033,2026-04-23T08:28:11.993Z,S20260423_092137,N/A,AUTO,76.4087,394.1164,0.0947,N/A,1,1500,VIDE,0.0,0.0,0.0,3.803079,-0.698132,-0.0,1,0,38.729,16.511,,,,,,,,,,,,
6034,2026-04-23T08:28:12.025Z,S20260423_092137,N/A,AUTO,76.4409,394.1486,0.0322,N/A,1,1500,VIDE,0.0,0.0,0.0,3.803079,-0.698132,-0.0,1,0,38.729,16.511,,,,,,,,,,,,
6035,2026-04-23T08:28:12.085Z,S20260423_092137,N/A,AUTO,76.5015,394.2092,0.0607,N/A,1,1500,VIDE,0.0,0.0,0.0,3.798081,-0.698132,0.0,1,0,81.082,37.168,,,,,,,,,,,,
6036,2026-04-23T08:28:12.150Z,S20260423_092137,N/A,AUTO,76.5656,394.2733,0.0641,N/A,1,1500,VIDE,0.0,0.0,0.0,3.791835,-0.698132,-0.0,1,0,34.124,17.625,,,,,,,,,,,,
6037,2026-04-23T08:28:12.211Z,S20260423_092137,N/A,AUTO,76.6274,394.3351,0.0617,N/A,1,1500,VIDE,0.0,0.0,0.0,3.788088,-0.698132,-0.0,1,0,43.712,18.694,,,,,,,,,,,,
6038,2026-04-23T08:28:12.275Z,S20260423_092137,N/A,AUTO,76.6908,394.3985,0.0635,N/A,1,1500,VIDE,0.0,0.0,0.0,3.78434,-0.698132,0.0,1,0,34.091,19.104,,,,,,,,,,,,
6039,2026-04-23T08:28:12.339Z,S20260423_092137,N/A,AUTO,76.7556,394.4632,0.0648,N/A,1,1500,VIDE,0.0,0.0,0.0,3.780593,-0.698132,-0.0,1,0,48.197,18.185,,,,,,,,,,,,
6040,2026-04-23T08:28:12.398Z,S20260423_092137,N/A,AUTO,76.8142,394.5218,0.0585,N/A,1,1500,VIDE,0.0,0.0,0.0,3.776847,-0.698132,-0.0,1,0,44.348,16.136,,,,,,,,,,,,
6041,2026-04-23T08:28:12.462Z,S20260423_092137,N/A,AUTO,76.8785,394.5862,0.0645,N/A,1,1500,VIDE,0.0,0.0,0.0,3.7731,-0.698132,-0.0,1,0,72.554,26.581,,,,,,,,,,,,
6042,2026-04-23T08:28:12.522Z,S20260423_092137,N/A,AUTO,76.9378,394.6454,0.0593,N/A,1,1500,VIDE,0.0,0.0,0.0,3.765608,-0.698132,-0.0,1,0,52.878,20.653,,,,,,,,,,,,
6043,2026-04-23T08:28:12.584Z,S20260423_092137,N/A,AUTO,77.0003,394.7079,0.0625,N/A,1,1500,VIDE,0.0,0.0,0.0,3.758117,-0.698132,-0.0,1,0,11.596,19.191,,,,,,,,,,,,
6044,2026-04-23T08:28:12.651Z,S20260423_092137,N/A,AUTO,77.0667,394.7744,0.0664,N/A,1,1500,VIDE,0.0,0.0,0.0,3.750627,-0.698132,0.0,1,0,8.109,18.819,,,,,,,,,,,,
6045,2026-04-23T08:28:12.712Z,S20260423_092137,N/A,AUTO,77.1279,394.8356,0.0613,N/A,1,1500,VIDE,0.0,0.0,0.0,3.743137,-0.698132,0.0,1,0,7.249,19.243,,,,,,,,,,,,
6046,2026-04-23T08:28:12.775Z,S20260423_092137,N/A,AUTO,77.1915,394.8991,0.0634,N/A,1,1500,VIDE,0.0,0.0,0.0,3.735649,-0.698132,-0.0,1,0,47.94,18.892,,,,,,,,,,,,
6047,2026-04-23T08:28:12.838Z,S20260423_092137,N/A,AUTO,77.2541,394.9618,0.0626,N/A,1,1500,VIDE,0.0,0.0,0.0,3.731905,-0.698132,0.0,1,0,43.68,18.43,,,,,,,,,,,,
6048,2026-04-23T08:28:12.900Z,S20260423_092137,N/A,AUTO,77.316,395.0237,0.062,N/A,1,1500,VIDE,0.0,0.0,0.0,3.728162,-0.698132,0.0,1,0,33.421,21.28,,,,,,,,,,,,
6049,2026-04-23T08:28:12.972Z,S20260423_092137,N/A,AUTO,77.3883,395.096,0.0722,N/A,1,1500,VIDE,0.0,0.0,0.0,3.720676,-0.698132,-0.0,1,0,20.638,18.732,,,,,,,,,,,,
6050,2026-04-23T08:28:13.023Z,S20260423_092137,N/A,AUTO,77.4397,395.1474,0.0513,N/A,1,1500,VIDE,0.0,0.0,0.0,3.716933,-0.698132,0.0,1,0,42.371,28.657,,,,,,,,,,,,
6051,2026-04-23T08:28:13.085Z,S20260423_092137,N/A,AUTO,77.501,395.2086,0.0615,N/A,1,1500,VIDE,0.0,0.0,0.0,3.713191,-0.698132,0.0,1,0,52.247,23.048,,,,,,,,,,,,
6052,2026-04-23T08:28:13.150Z,S20260423_092137,N/A,AUTO,77.5662,395.2738,0.065,N/A,1,1500,VIDE,0.0,0.0,0.0,3.709448,-0.698132,0.0,1,0,52.098,19.334,,,,,,,,,,,,
6053,2026-04-23T08:28:13.217Z,S20260423_092137,N/A,AUTO,77.6336,395.3412,0.0676,N/A,1,1500,VIDE,0.0,0.0,0.0,3.705706,-0.698132,-0.0,1,0,53.091,19.511,,,,,,,,,,,,
6054,2026-04-23T08:28:13.300Z,S20260423_092137,N/A,AUTO,77.7164,395.4241,0.0828,N/A,1,1500,VIDE,0.0,0.0,0.0,3.701964,-0.698132,-0.0,1,0,60.948,18.717,,,,,,,,,,,,
6055,2026-04-23T08:28:13.338Z,S20260423_092137,N/A,AUTO,77.7541,395.4618,0.0377,N/A,1,1500,VIDE,0.0,0.0,0.0,3.700717,-0.698132,-0.0,1,0,126.872,65.924,,,,,,,,,,,,
6056,2026-04-23T08:28:13.400Z,S20260423_092137,N/A,AUTO,77.8157,395.5233,0.0616,N/A,1,1500,VIDE,0.0,0.0,0.0,3.698223,-0.698132,-0.0,1,0,36.091,98.369,,,,,,,,,,,,
6057,2026-04-23T08:28:13.462Z,S20260423_092137,N/A,AUTO,77.8781,395.5858,0.0624,N/A,1,1500,VIDE,0.0,0.0,0.0,3.694482,-0.698132,-0.0,1,0,57.728,21.909,,,,,,,,,,,,
6058,2026-04-23T08:28:13.524Z,S20260423_092137,N/A,AUTO,77.9402,395.6478,0.0622,N/A,1,1500,VIDE,0.0,0.0,0.0,3.687,-0.698132,0.0,1,0,29.502,28.324,,,,,,,,,,,,
6059,2026-04-23T08:28:13.584Z,S20260423_092137,N/A,AUTO,78.0004,395.708,0.0602,N/A,1,1500,VIDE,0.0,0.0,0.0,3.679519,-0.698132,-0.0,1,0,28.68,17.404,,,,,,,,,,,,
6060,2026-04-23T08:28:13.648Z,S20260423_092137,N/A,AUTO,78.064,395.7716,0.0636,N/A,1,1500,VIDE,0.0,0.0,0.0,3.672039,-0.698132,-0.0,1,0,10.527,19.767,,,,,,,,,,,,
6061,2026-04-23T08:28:13.712Z,S20260423_092137,N/A,AUTO,78.1284,395.836,0.0643,N/A,1,1500,VIDE,0.0,0.0,0.0,3.66456,-0.698132,-0.0,1,0,11.374,18.595,,,,,,,,,,,,
6062,2026-04-23T08:28:13.775Z,S20260423_092137,N/A,AUTO,78.1908,395.8985,0.0625,N/A,1,1500,VIDE,0.0,0.0,0.0,3.657082,-0.698132,-0.0,1,0,16.649,19.452,,,,,,,,,,,,
6063,2026-04-23T08:28:13.838Z,S20260423_092137,N/A,AUTO,78.2538,395.9615,0.063,N/A,1,1500,VIDE,0.0,0.0,0.0,3.649605,-0.698132,0.0,1,0,32.595,18.255,,,,,,,,,,,,
6064,2026-04-23T08:28:13.898Z,S20260423_092137,N/A,AUTO,78.3144,396.022,0.0605,N/A,1,1500,VIDE,0.0,0.0,0.0,3.645867,-0.698132,-0.0,1,0,32.356,19.488,,,,,,,,,,,,
6065,2026-04-23T08:28:13.966Z,S20260423_092137,N/A,AUTO,78.3821,396.0897,0.0677,N/A,1,1500,VIDE,0.0,0.0,0.0,3.638391,-0.698132,0.0,1,0,26.747,16.674,,,,,,,,,,,,
6066,2026-04-23T08:28:14.023Z,S20260423_092137,N/A,AUTO,78.4395,396.1472,0.0573,N/A,1,1500,VIDE,0.0,0.0,0.0,3.634654,-0.698132,0.0,1,0,23.626,22.219,,,,,,,,,,,,
6067,2026-04-23T08:28:14.085Z,S20260423_092137,N/A,AUTO,78.5015,396.2091,0.0619,N/A,1,1500,VIDE,0.0,0.0,0.0,3.630917,-0.698132,0.0,1,0,44.653,17.937,,,,,,,,,,,,
6068,2026-04-23T08:28:14.149Z,S20260423_092137,N/A,AUTO,78.5648,396.2724,0.0634,N/A,1,1500,VIDE,0.0,0.0,0.0,3.625934,-0.698132,0.0,1,0,61.828,27.889,,,,,,,,,,,,
6069,2026-04-23T08:28:14.210Z,S20260423_092137,N/A,AUTO,78.6261,396.3337,0.0612,N/A,1,1500,VIDE,0.0,0.0,0.0,3.619707,-0.698132,0.0,1,0,41.942,19.861,,,,,,,,,,,,
6070,2026-04-23T08:28:14.273Z,S20260423_092137,N/A,AUTO,78.6891,396.3968,0.063,N/A,1,1500,VIDE,0.0,0.0,0.0,3.615971,-0.698132,-0.0,1,0,37.009,19.144,,,,,,,,,,,,
6071,2026-04-23T08:28:14.335Z,S20260423_092137,N/A,AUTO,78.7514,396.4591,0.0623,N/A,1,1500,VIDE,0.0,0.0,0.0,3.612235,-0.698132,0.0,1,0,48.563,18.783,,,,,,,,,,,,
6072,2026-04-23T08:28:14.398Z,S20260423_092137,N/A,AUTO,78.814,396.5216,0.0625,N/A,1,1500,VIDE,0.0,0.0,0.0,3.608499,-0.698132,0.0,1,0,42.573,18.444,,,,,,,,,,,,
6073,2026-04-23T08:28:14.460Z,S20260423_092137,N/A,AUTO,78.8763,396.584,0.0623,N/A,1,1500,VIDE,0.0,0.0,0.0,3.604764,-0.698132,-0.0,1,0,41.753,18.416,,,,,,,,,,,,
6074,2026-04-23T08:28:14.522Z,S20260423_092137,N/A,AUTO,78.9378,396.6455,0.0616,N/A,1,1500,VIDE,0.0,0.0,0.0,3.597293,-0.698132,0.0,1,0,23.97,13.813,,,,,,,,,,,,
6075,2026-04-23T08:28:14.584Z,S20260423_092137,N/A,AUTO,79.0003,396.7079,0.0624,N/A,1,1500,VIDE,0.0,0.0,0.0,3.589824,-0.698132,-0.0,1,0,18.72,15.756,,,,,,,,,,,,
6076,2026-04-23T08:28:14.649Z,S20260423_092137,N/A,AUTO,79.065,396.7726,0.0646,N/A,1,1500,VIDE,0.0,0.0,0.0,3.578622,-0.698132,-0.0,1,0,15.857,19.853,,,,,,,,,,,,
6077,2026-04-23T08:28:14.713Z,S20260423_092137,N/A,AUTO,79.1291,396.8367,0.0642,N/A,1,1500,VIDE,0.0,0.0,0.0,3.571155,-0.698132,-0.0,1,0,7.724,19.526,,,,,,,,,,,,
6078,2026-04-23T08:28:14.777Z,S20260423_092137,N/A,AUTO,79.1927,396.9004,0.0636,N/A,1,1500,VIDE,0.0,0.0,0.0,3.563689,-0.698132,-0.0,1,0,36.714,19.754,,,,,,,,,,,,
6079,2026-04-23T08:28:14.842Z,S20260423_092137,N/A,AUTO,79.2582,396.9659,0.0654,N/A,1,1500,VIDE,0.0,0.0,0.0,3.559956,-0.698132,-0.0,1,0,43.7,18.707,,,,,,,,,,,,
6080,2026-04-23T08:28:14.904Z,S20260423_092137,N/A,AUTO,79.3198,397.0275,0.0617,N/A,1,1500,VIDE,0.0,0.0,0.0,3.552492,-0.698132,-0.0,1,0,47.96,26.883,,,,,,,,,,,,
6081,2026-04-23T08:28:14.966Z,S20260423_092137,N/A,AUTO,79.3816,397.0892,0.0617,N/A,1,1500,VIDE,0.0,0.0,0.0,3.54876,-0.698132,-0.0,1,0,43.434,18.677,,,,,,,,,,,,
6082,2026-04-23T08:28:15.025Z,S20260423_092137,N/A,AUTO,79.4413,397.149,0.0597,N/A,1,1500,VIDE,0.0,0.0,0.0,3.545028,-0.698132,0.0,1,0,26.266,19.429,,,,,,,,,,,,
6083,2026-04-23T08:28:15.084Z,S20260423_092137,N/A,AUTO,79.5002,397.2079,0.0589,N/A,1,1500,VIDE,0.0,0.0,0.0,3.537565,-0.698132,-0.0,1,0,32.758,18.5,,,,,,,,,,,,
6084,2026-04-23T08:28:15.160Z,S20260423_092137,N/A,AUTO,79.5762,397.2838,0.0759,N/A,1,1500,VIDE,0.0,0.0,0.0,3.533834,-0.698132,-0.0,1,0,41.638,18.998,,,,,,,,,,,,
6085,2026-04-23T08:28:15.211Z,S20260423_092137,N/A,AUTO,79.6267,397.3344,0.0505,N/A,1,1500,VIDE,0.0,0.0,0.0,3.530104,-0.698132,0.0,1,0,23.499,19.035,,,,,,,,,,,,
6086,2026-04-23T08:28:15.273Z,S20260423_092137,N/A,AUTO,79.6893,397.397,0.0628,N/A,1,1500,VIDE,0.0,0.0,0.0,3.522643,-0.698132,-0.0,1,0,37.122,19.61,,,,,,,,,,,,
6087,2026-04-23T08:28:15.338Z,S20260423_092137,N/A,AUTO,79.7536,397.4613,0.0642,N/A,1,1500,VIDE,0.0,0.0,0.0,3.518913,-0.698132,0.0,1,0,46.254,18.987,,,,,,,,,,,,
6088,2026-04-23T08:28:15.403Z,S20260423_092137,N/A,AUTO,79.8189,397.5266,0.0653,N/A,1,1500,VIDE,0.0,0.0,0.0,3.511453,-0.698132,-0.0,1,0,35.517,16.26,,,,,,,,,,,,
6089,2026-04-23T08:28:15.460Z,S20260423_092137,N/A,AUTO,79.8756,397.5832,0.0567,N/A,1,1500,VIDE,0.0,0.0,0.0,3.507724,-0.698132,0.0,1,0,40.982,19.787,,,,,,,,,,,,
6090,2026-04-23T08:28:15.522Z,S20260423_092137,N/A,AUTO,79.9384,397.6461,0.0628,N/A,1,1500,VIDE,0.0,0.0,0.0,3.500266,-0.698132,-0.0,1,0,7.118,19.278,,,,,,,,,,,,
6091,2026-04-23T08:28:15.585Z,S20260423_092137,N/A,AUTO,80.0005,397.7082,0.0621,N/A,1,1500,VIDE,0.0,0.0,0.0,3.492809,-0.698132,-0.0,1,0,19.018,15.712,,,,,,,,,,,,
6092,2026-04-23T08:28:15.655Z,S20260423_092137,N/A,AUTO,80.0709,397.7785,0.0703,N/A,1,1500,VIDE,0.0,0.0,0.0,3.481625,-0.698132,-0.0,1,0,18.304,19.643,,,,,,,,,,,,
6093,2026-04-23T08:28:15.720Z,S20260423_092137,N/A,AUTO,80.1356,397.8433,0.0647,N/A,1,1500,VIDE,0.0,0.0,0.0,3.470443,-0.698132,0.0,1,0,11.274,19.619,,,,,,,,,,,,
6094,2026-04-23T08:28:15.773Z,S20260423_092137,N/A,AUTO,80.1893,397.8969,0.0537,N/A,1,1500,VIDE,0.0,0.0,0.0,3.466717,-0.698132,0.0,1,0,33.655,20.806,,,,,,,,,,,,
6095,2026-04-23T08:28:15.835Z,S20260423_092137,N/A,AUTO,80.2506,397.9583,0.0614,N/A,1,1500,VIDE,0.0,0.0,0.0,3.46299,-0.698132,-0.0,1,0,46.304,18.252,,,,,,,,,,,,
6096,2026-04-23T08:28:15.898Z,S20260423_092137,N/A,AUTO,80.3135,398.0212,0.0629,N/A,1,1500,VIDE,0.0,0.0,0.0,3.455538,-0.698132,0.0,1,0,24.029,19.21,,,,,,,,,,,,
6097,2026-04-23T08:28:15.964Z,S20260423_092137,N/A,AUTO,80.3802,398.0879,0.0666,N/A,1,1500,VIDE,0.0,0.0,0.0,3.451812,-0.698132,0.0,1,0,38.369,19.545,,,,,,,,,,,,
6098,2026-04-23T08:28:16.026Z,S20260423_092137,N/A,AUTO,80.442,398.1497,0.0618,N/A,1,1500,VIDE,0.0,0.0,0.0,3.448086,-0.698132,-0.0,1,0,55.308,16.858,,,,,,,,,,,,
6099,2026-04-23T08:28:16.084Z,S20260423_092137,N/A,AUTO,80.5003,398.208,0.0584,N/A,1,1500,VIDE,0.0,0.0,0.0,3.444361,-0.698132,-0.0,1,0,52.739,19.062,,,,,,,,,,,,
6100,2026-04-23T08:28:16.151Z,S20260423_092137,N/A,AUTO,80.5669,398.2746,0.0665,N/A,1,1500,VIDE,0.0,0.0,0.0,3.440635,-0.698132,0.0,1,0,45.168,18.619,,,,,,,,,,,,
6101,2026-04-23T08:28:16.213Z,S20260423_092137,N/A,AUTO,80.6286,398.3363,0.0619,N/A,1,1500,VIDE,0.0,0.0,0.0,3.43691,-0.698132,0.0,1,0,43.091,18.942,,,,,,,,,,,,
6102,2026-04-23T08:28:16.280Z,S20260423_092137,N/A,AUTO,80.6958,398.4035,0.0671,N/A,1,1500,VIDE,0.0,0.0,0.0,3.429461,-0.698132,0.0,1,0,50.035,19.195,,,,,,,,,,,,
6103,2026-04-23T08:28:16.335Z,S20260423_092137,N/A,AUTO,80.7511,398.4587,0.0553,N/A,1,1500,VIDE,0.0,0.0,0.0,3.42822,-0.698132,-0.0,1,0,89.053,39.018,,,,,,,,,,,,
6104,2026-04-23T08:28:16.398Z,S20260423_092137,N/A,AUTO,80.8143,398.522,0.0633,N/A,1,1500,VIDE,0.0,0.0,0.0,3.422013,-0.698132,0.0,1,0,51.86,19.205,,,,,,,,,,,,
6105,2026-04-23T08:28:16.459Z,S20260423_092137,N/A,AUTO,80.8755,398.5831,0.0612,N/A,1,1500,VIDE,0.0,0.0,0.0,3.418289,-0.698132,-0.0,1,0,42.643,21.289,,,,,,,,,,,,
6106,2026-04-23T08:28:16.522Z,S20260423_092137,N/A,AUTO,80.9377,398.6454,0.0622,N/A,1,1500,VIDE,0.0,0.0,0.0,3.410842,-0.698132,0.0,1,0,17.287,19.299,,,,,,,,,,,,
6107,2026-04-23T08:28:16.585Z,S20260423_092137,N/A,AUTO,81.0006,398.7082,0.0629,N/A,1,1500,VIDE,0.0,0.0,0.0,3.407119,-0.698132,-0.0,1,0,26.224,23.868,,,,,,,,,,,,
6108,2026-04-23T08:28:16.650Z,S20260423_092137,N/A,AUTO,81.0661,398.7738,0.0655,N/A,1,1500,VIDE,0.0,0.0,0.0,3.399673,-0.698132,-0.0,1,0,15.354,18.783,,,,,,,,,,,,
6109,2026-04-23T08:28:16.714Z,S20260423_092137,N/A,AUTO,81.1305,398.8381,0.0644,N/A,1,1500,VIDE,0.0,0.0,0.0,3.390988,-0.698132,-0.0,1,0,29.987,7.797,,,,,,,,,,,,
6110,2026-04-23T08:28:16.777Z,S20260423_092137,N/A,AUTO,81.1935,398.9012,0.063,N/A,1,1500,VIDE,0.0,0.0,0.0,3.384785,-0.698132,-0.0,1,0,39.888,19.718,,,,,,,,,,,,
6111,2026-04-23T08:28:16.841Z,S20260423_092137,N/A,AUTO,81.2571,398.9647,0.0636,N/A,1,1500,VIDE,0.0,0.0,0.0,3.381063,-0.698132,-0.0,1,0,25.912,22.387,,,,,,,,,,,,
6112,2026-04-23T08:28:16.901Z,S20260423_092137,N/A,AUTO,81.3174,399.025,0.0603,N/A,1,1500,VIDE,0.0,0.0,0.0,3.378582,-0.698132,-0.0,1,0,95.235,5.409,,,,,,,,,,,,
6113,2026-04-23T08:28:16.976Z,S20260423_092137,N/A,AUTO,81.3926,399.1003,0.0751,N/A,1,1500,VIDE,0.0,0.0,0.0,3.373621,-0.698132,0.0,1,0,83.563,18.442,,,,,,,,,,,,
6114,2026-04-23T08:28:17.025Z,S20260423_092137,N/A,AUTO,81.441,399.1487,0.0484,N/A,1,1500,VIDE,0.0,0.0,0.0,3.3699,-0.698132,0.0,1,0,75.586,19.682,,,,,,,,,,,,
6115,2026-04-23T08:28:17.085Z,S20260423_092137,N/A,AUTO,81.5007,399.2084,0.0599,N/A,1,1500,VIDE,0.0,0.0,0.0,3.366179,-0.698132,-0.0,1,0,69.026,17.885,,,,,,,,,,,,
6116,2026-04-23T08:28:17.147Z,S20260423_092137,N/A,AUTO,81.5629,399.2706,0.062,N/A,1,1500,VIDE,0.0,0.0,0.0,3.362459,-0.698132,0.0,1,0,67.954,19.491,,,,,,,,,,,,
6117,2026-04-23T08:28:17.212Z,S20260423_092137,N/A,AUTO,81.6281,399.3357,0.0652,N/A,1,1500,VIDE,0.0,0.0,0.0,3.358739,-0.698132,-0.0,1,0,64.094,18.472,,,,,,,,,,,,
6118,2026-04-23T08:28:17.273Z,S20260423_092137,N/A,AUTO,81.6891,399.3968,0.0611,N/A,1,1500,VIDE,0.0,0.0,0.0,3.355019,-0.698132,0.0,1,0,56.299,19.006,,,,,,,,,,,,
6119,2026-04-23T08:28:17.336Z,S20260423_092137,N/A,AUTO,81.7516,399.4593,0.0624,N/A,1,1500,VIDE,0.0,0.0,0.0,3.351299,-0.698132,0.0,1,0,48.241,19.287,,,,,,,,,,,,
6120,2026-04-23T08:28:17.399Z,S20260423_092137,N/A,AUTO,81.8151,399.5227,0.0635,N/A,1,1500,VIDE,0.0,0.0,0.0,3.34758,-0.698132,-0.0,1,0,46.602,17.484,,,,,,,,,,,,
6121,2026-04-23T08:28:17.465Z,S20260423_092137,N/A,AUTO,81.8808,399.5885,0.0656,N/A,1,1500,VIDE,0.0,0.0,0.0,3.34386,-0.698132,0.0,1,0,44.733,14.968,,,,,,,,,,,,
6122,2026-04-23T08:28:17.522Z,S20260423_092137,N/A,AUTO,81.9381,399.6458,0.0575,N/A,1,1500,VIDE,0.0,0.0,0.0,3.336422,-0.698132,0.0,1,0,37.912,0.733,,,,,,,,,,,,
6123,2026-04-23T08:28:17.585Z,S20260423_092137,N/A,AUTO,82.0011,399.7087,0.0629,N/A,1,1500,VIDE,0.0,0.0,0.0,3.332704,-0.698132,-0.0,1,0,55.719,51.071,,,,,,,,,,,,
6124,2026-04-23T08:28:17.655Z,S20260423_092137,N/A,AUTO,82.0709,399.7785,0.0698,N/A,1,1500,VIDE,0.0,0.0,0.0,3.328985,-0.698132,-0.0,1,0,52.171,18.655,,,,,,,,,,,,
6125,2026-04-23T08:28:17.711Z,S20260423_092137,N/A,AUTO,82.1272,399.8348,0.0563,N/A,1,1500,VIDE,0.0,0.0,0.0,3.321549,-0.698132,-0.0,1,0,36.936,0.778,,,,,,,,,,,,
6126,2026-04-23T08:28:17.777Z,S20260423_092137,N/A,AUTO,82.193,399.9007,0.0658,N/A,1,1500,VIDE,0.0,0.0,0.0,3.321549,-0.698132,-0.0,1,0,36.936,0.778,,,,,,,,,,,,
6127,2026-04-23T08:28:17.841Z,S20260423_092137,N/A,AUTO,82.2572,399.9649,0.0642,N/A,1,1500,VIDE,0.0,0.0,0.0,3.317831,-0.698132,0.0,1,0,134.293,0.445,,,,,,,,,,,,
6128,2026-04-23T08:28:17.898Z,S20260423_092137,N/A,AUTO,82.3143,400.0219,0.0569,N/A,1,1500,VIDE,0.0,0.0,0.0,3.317831,-0.698132,0.0,1,0,134.293,0.445,,,,,,,,,,,,
6129,2026-04-23T08:28:18.047Z,S20260423_092137,N/A,AUTO,82.4632,400.1709,0.149,N/A,1,1500,VIDE,0.0,0.0,0.0,3.310396,-0.698132,0.0,1,0,216.515,19.04,,,,,,,,,,,,
6130,2026-04-23T08:28:18.085Z,S20260423_092137,N/A,AUTO,82.5011,400.2087,0.0379,N/A,1,1500,VIDE,0.0,0.0,0.0,3.310396,-0.698132,0.0,1,0,216.515,19.04,,,,,,,,,,,,
6131,2026-04-23T08:28:18.152Z,S20260423_092137,N/A,AUTO,82.5684,400.2761,0.0672,N/A,1,1500,VIDE,0.0,0.0,0.0,3.306679,-0.698132,-0.0,1,0,256.102,18.927,,,,,,,,,,,,
6132,2026-04-23T08:28:18.216Z,S20260423_092137,N/A,AUTO,82.6317,400.3393,0.0633,N/A,1,1500,VIDE,0.0,0.0,0.0,3.306679,-0.698132,-0.0,1,0,256.102,18.927,,,,,,,,,,,,
6133,2026-04-23T08:28:18.277Z,S20260423_092137,N/A,AUTO,82.6934,400.4011,0.0618,N/A,1,1500,VIDE,0.0,0.0,0.0,3.302963,-0.698132,0.0,1,0,287.152,15.623,,,,,,,,,,,,
6134,2026-04-23T08:28:18.341Z,S20260423_092137,N/A,AUTO,82.7574,400.4651,0.0639,N/A,1,1500,VIDE,0.0,0.0,0.0,3.299246,-0.698132,0.0,1,0,221.76,18.753,,,,,,,,,,,,
6135,2026-04-23T08:28:18.402Z,S20260423_092137,N/A,AUTO,82.8183,400.526,0.061,N/A,1,1500,VIDE,0.0,0.0,0.0,3.29553,-0.698132,-0.0,1,0,242.58,18.31,,,,,,,,,,,,
6136,2026-04-23T08:28:18.462Z,S20260423_092137,N/A,AUTO,82.8779,400.5856,0.0595,N/A,1,1500,VIDE,0.0,0.0,0.0,3.29553,-0.698132,-0.0,1,0,242.58,18.31,,,,,,,,,,,,
6137,2026-04-23T08:28:18.522Z,S20260423_092137,N/A,AUTO,82.9379,400.6456,0.0601,N/A,1,1500,VIDE,0.0,0.0,0.0,3.288097,-0.698132,0.0,1,0,249.981,18.692,,,,,,,,,,,,
6138,2026-04-23T08:28:18.585Z,S20260423_092137,N/A,AUTO,83.0007,400.7084,0.0628,N/A,1,1500,VIDE,0.0,0.0,0.0,3.284382,-0.698132,-0.0,1,0,236.995,19.347,,,,,,,,,,,,
6139,2026-04-23T08:28:18.648Z,S20260423_092137,N/A,AUTO,83.0643,400.772,0.0636,N/A,1,1500,VIDE,0.0,0.0,0.0,3.280666,-0.698132,0.0,1,0,255.672,19.17,,,,,,,,,,,,
6140,2026-04-23T08:28:18.710Z,S20260423_092137,N/A,AUTO,83.1255,400.8332,0.0613,N/A,1,1500,VIDE,0.0,0.0,0.0,3.280666,-0.698132,0.0,1,0,255.672,19.17,,,,,,,,,,,,
6141,2026-04-23T08:28:18.774Z,S20260423_092137,N/A,AUTO,83.19,400.8976,0.0643,N/A,1,1500,VIDE,0.0,0.0,0.0,3.279428,-0.698132,0.0,1,0,309.548,53.876,,,,,,,,,,,,
6142,2026-04-23T08:28:18.836Z,S20260423_092137,N/A,AUTO,83.252,400.9597,0.062,N/A,1,1500,VIDE,0.0,0.0,0.0,3.276951,-0.698132,0.0,1,0,342.592,19.884,,,,,,,,,,,,
6143,2026-04-23T08:28:18.899Z,S20260423_092137,N/A,AUTO,83.3149,401.0226,0.0629,N/A,1,1500,VIDE,0.0,0.0,0.0,3.273236,-0.698132,-0.0,1,0,352.565,18.694,,,,,,,,,,,,
6144,2026-04-23T08:28:18.965Z,S20260423_092137,N/A,AUTO,83.3813,401.0889,0.0665,N/A,1,1500,VIDE,0.0,0.0,0.0,3.265806,-0.698132,-0.0,1,0,295.566,18.316,,,,,,,,,,,,
6145,2026-04-23T08:28:19.022Z,S20260423_092137,N/A,AUTO,83.4386,401.1463,0.0571,N/A,1,1500,VIDE,0.0,0.0,0.0,3.262092,-0.698132,0.0,1,0,282.23,19.435,,,,,,,,,,,,
6146,2026-04-23T08:28:19.085Z,S20260423_092137,N/A,AUTO,83.5005,401.2082,0.0622,N/A,1,1500,VIDE,0.0,0.0,0.0,3.258377,-0.698132,0.0,1,0,290.282,19.236,,,,,,,,,,,,
6147,2026-04-23T08:28:19.148Z,S20260423_092137,N/A,AUTO,83.5643,401.2719,0.0636,N/A,1,1500,VIDE,0.0,0.0,0.0,3.254663,-0.698132,0.0,1,0,276.624,18.732,,,,,,,,,,,,
6148,2026-04-23T08:28:19.211Z,S20260423_092137,N/A,AUTO,83.6267,401.3344,0.0626,N/A,1,1500,VIDE,0.0,0.0,0.0,3.247236,-0.698132,-0.0,1,0,241.174,21.018,,,,,,,,,,,,
6149,2026-04-23T08:28:19.274Z,S20260423_092137,N/A,AUTO,83.6896,401.3972,0.0629,N/A,1,1500,VIDE,0.0,0.0,0.0,3.243523,-0.698132,-0.0,1,0,223.189,27.848,,,,,,,,,,,,
6150,2026-04-23T08:28:19.335Z,S20260423_092137,N/A,AUTO,83.7509,401.4586,0.0613,N/A,1,1500,VIDE,0.0,0.0,0.0,3.23981,-0.698132,-0.0,1,0,217.818,18.909,,,,,,,,,,,,
6151,2026-04-23T08:28:19.399Z,S20260423_092137,N/A,AUTO,83.8147,401.5224,0.0638,N/A,1,1500,VIDE,0.0,0.0,0.0,3.236097,-0.698132,-0.0,1,0,212.861,19.839,,,,,,,,,,,,
6152,2026-04-23T08:28:19.459Z,S20260423_092137,N/A,AUTO,83.8754,401.583,0.0607,N/A,1,1500,VIDE,0.0,0.0,0.0,3.228671,-0.698132,0.0,1,0,191.123,18.342,,,,,,,,,,,,
6153,2026-04-23T08:28:19.522Z,S20260423_092137,N/A,AUTO,83.9384,401.6461,0.0631,N/A,1,1500,VIDE,0.0,0.0,0.0,3.221247,-0.698132,-0.0,1,0,131.564,19.409,,,,,,,,,,,,
6154,2026-04-23T08:28:19.585Z,S20260423_092137,N/A,AUTO,84.0005,401.7082,0.0621,N/A,1,1500,VIDE,0.0,0.0,0.0,3.213824,-0.698132,-0.0,1,0,63.912,19.379,,,,,,,,,,,,
6155,2026-04-23T08:28:19.648Z,S20260423_092137,N/A,AUTO,84.0636,401.7713,0.0631,N/A,1,1500,VIDE,0.0,0.0,0.0,3.20269,-0.698132,0.0,1,0,22.061,19.885,,,,,,,,,,,,
6156,2026-04-23T08:28:19.722Z,S20260423_092137,N/A,AUTO,84.1376,401.8453,0.0739,N/A,1,1500,VIDE,0.0,0.0,0.0,3.195269,-0.698132,-0.0,1,0,14.896,19.277,,,,,,,,,,,,
6157,2026-04-23T08:28:19.776Z,S20260423_092137,N/A,AUTO,84.1917,401.8993,0.0541,N/A,1,1500,VIDE,0.0,0.0,0.0,3.187848,-0.698132,0.0,1,0,43.526,25.731,,,,,,,,,,,,
6158,2026-04-23T08:28:19.843Z,S20260423_092137,N/A,AUTO,84.2588,401.9665,0.0671,N/A,1,1500,VIDE,0.0,0.0,0.0,3.184138,-0.698132,-0.0,1,0,36.634,19.162,,,,,,,,,,,,
6159,2026-04-23T08:28:19.899Z,S20260423_092137,N/A,AUTO,84.315,402.0227,0.0562,N/A,1,1500,VIDE,0.0,0.0,0.0,3.180429,-0.698132,-0.0,1,0,42.927,19.167,,,,,,,,,,,,
6160,2026-04-23T08:28:19.962Z,S20260423_092137,N/A,AUTO,84.3779,402.0856,0.063,N/A,1,1500,VIDE,0.0,0.0,0.0,3.17301,-0.698132,-0.0,1,0,26.358,14.437,,,,,,,,,,,,
6161,2026-04-23T08:28:20.025Z,S20260423_092137,N/A,AUTO,84.441,402.1487,0.063,N/A,1,1500,VIDE,0.0,0.0,0.0,3.169301,-0.698132,-0.0,1,0,27.711,23.253,,,,,,,,,,,,
6162,2026-04-23T08:28:20.085Z,S20260423_092137,N/A,AUTO,84.5007,402.2083,0.0597,N/A,1,1500,VIDE,0.0,0.0,0.0,3.161883,-0.698132,0.0,1,0,38.936,19.476,,,,,,,,,,,,
6163,2026-04-23T08:28:20.148Z,S20260423_092137,N/A,AUTO,84.5639,402.2716,0.0633,N/A,1,1500,VIDE,0.0,0.0,0.0,3.158175,-0.698132,0.0,1,0,44.473,19.424,,,,,,,,,,,,
6164,2026-04-23T08:28:20.210Z,S20260423_092137,N/A,AUTO,84.626,402.3336,0.062,N/A,1,1500,VIDE,0.0,0.0,0.0,3.154467,-0.698132,-0.0,1,0,35.111,19.287,,,,,,,,,,,,
6165,2026-04-23T08:28:20.273Z,S20260423_092137,N/A,AUTO,84.6895,402.3972,0.0636,N/A,1,1500,VIDE,0.0,0.0,0.0,3.150759,-0.698132,0.0,1,0,45.033,18.952,,,,,,,,,,,,
6166,2026-04-23T08:28:20.340Z,S20260423_092137,N/A,AUTO,84.7557,402.4634,0.0662,N/A,1,1500,VIDE,0.0,0.0,0.0,3.143343,-0.698132,0.0,1,0,35.872,19.272,,,,,,,,,,,,
6167,2026-04-23T08:28:20.403Z,S20260423_092137,N/A,AUTO,84.8192,402.5269,0.0635,N/A,1,1500,VIDE,0.0,0.0,0.0,3.139636,-0.698132,0.0,1,0,41.405,17.94,,,,,,,,,,,,
6168,2026-04-23T08:28:20.459Z,S20260423_092137,N/A,AUTO,84.8754,402.5831,0.0562,N/A,1,1500,VIDE,0.0,0.0,0.0,3.133457,-0.698132,-0.0,1,0,52.024,4.082,,,,,,,,,,,,
6169,2026-04-23T08:28:20.522Z,S20260423_092137,N/A,AUTO,84.9377,402.6454,0.0623,N/A,1,1500,VIDE,0.0,0.0,0.0,3.124809,-0.698132,0.0,1,0,12.895,19.147,,,,,,,,,,,,
6170,2026-04-23T08:28:20.584Z,S20260423_092137,N/A,AUTO,85.0004,402.708,0.0627,N/A,1,1500,VIDE,0.0,0.0,0.0,3.117396,-0.698132,-0.0,1,0,24.499,16.186,,,,,,,,,,,,
6171,2026-04-23T08:28:20.650Z,S20260423_092137,N/A,AUTO,85.0656,402.7733,0.0652,N/A,1,1500,VIDE,0.0,0.0,0.0,3.109984,-0.698132,0.0,1,0,22.718,19.872,,,,,,,,,,,,
6172,2026-04-23T08:28:20.713Z,S20260423_092137,N/A,AUTO,85.1293,402.837,0.0637,N/A,1,1500,VIDE,0.0,0.0,0.0,3.098869,-0.698132,0.0,1,0,8.169,20.125,,,,,,,,,,,,
6173,2026-04-23T08:28:20.778Z,S20260423_092137,N/A,AUTO,85.1939,402.9015,0.0644,N/A,1,1500,VIDE,0.0,0.0,0.0,3.095164,-0.698132,0.0,1,0,24.933,19.066,,,,,,,,,,,,
6174,2026-04-23T08:28:20.836Z,S20260423_092137,N/A,AUTO,85.2519,402.9596,0.0582,N/A,1,1500,VIDE,0.0,0.0,0.0,3.091459,-0.698132,-0.0,1,0,36.819,18.968,,,,,,,,,,,,
6175,2026-04-23T08:28:20.905Z,S20260423_092137,N/A,AUTO,85.3212,403.0288,0.0692,N/A,1,1500,VIDE,0.0,0.0,0.0,3.084051,-0.698132,0.0,1,0,35.314,18.993,,,,,,,,,,,,
6176,2026-04-23T08:28:20.969Z,S20260423_092137,N/A,AUTO,85.3848,403.0925,0.0637,N/A,1,1500,VIDE,0.0,0.0,0.0,3.080347,-0.698132,0.0,1,0,44.664,19.531,,,,,,,,,,,,
6177,2026-04-23T08:28:21.026Z,S20260423_092137,N/A,AUTO,85.442,403.1497,0.0572,N/A,1,1500,VIDE,0.0,0.0,0.0,3.076643,-0.698132,0.0,1,0,26.112,25.285,,,,,,,,,,,,
6178,2026-04-23T08:28:21.085Z,S20260423_092137,N/A,AUTO,85.5015,403.2092,0.0594,N/A,1,1500,VIDE,0.0,0.0,0.0,3.072939,-0.698132,0.0,1,0,35.147,18.805,,,,,,,,,,,,
6179,2026-04-23T08:28:21.150Z,S20260423_092137,N/A,AUTO,85.5661,403.2738,0.0644,N/A,1,1500,VIDE,0.0,0.0,0.0,3.065532,-0.698132,0.0,1,0,28.862,16.875,,,,,,,,,,,,
6180,2026-04-23T08:28:21.210Z,S20260423_092137,N/A,AUTO,85.6257,403.3334,0.0599,N/A,1,1500,VIDE,0.0,0.0,0.0,3.058127,-0.698132,-0.0,1,0,23.353,19.342,,,,,,,,,,,,
6181,2026-04-23T08:28:21.274Z,S20260423_092137,N/A,AUTO,85.69,403.3976,0.0642,N/A,1,1500,VIDE,0.0,0.0,0.0,3.054424,-0.698132,0.0,1,0,24.966,19.082,,,,,,,,,,,,
6182,2026-04-23T08:28:21.339Z,S20260423_092137,N/A,AUTO,85.7546,403.4622,0.0646,N/A,1,1500,VIDE,0.0,0.0,0.0,3.04702,-0.698132,-0.0,1,0,15.011,19.721,,,,,,,,,,,,
6183,2026-04-23T08:28:21.398Z,S20260423_092137,N/A,AUTO,85.8142,403.5218,0.0596,N/A,1,1500,VIDE,0.0,0.0,0.0,3.039616,-0.698132,-0.0,1,0,28.045,22.019,,,,,,,,,,,,
6184,2026-04-23T08:28:21.466Z,S20260423_092137,N/A,AUTO,85.8824,403.5901,0.0683,N/A,1,1500,VIDE,0.0,0.0,0.0,3.032213,-0.698132,0.0,1,0,27.799,27.431,,,,,,,,,,,,
6185,2026-04-23T08:28:21.523Z,S20260423_092137,N/A,AUTO,85.9393,403.647,0.0569,N/A,1,1500,VIDE,0.0,0.0,0.0,3.024811,-0.698132,-0.0,1,0,21.995,28.37,,,,,,,,,,,,
6186,2026-04-23T08:28:21.590Z,S20260423_092137,N/A,AUTO,86.0058,403.7134,0.0664,N/A,1,1500,VIDE,0.0,0.0,0.0,3.01741,-0.698132,-0.0,1,0,30.109,0.511,,,,,,,,,,,,
6187,2026-04-23T08:28:21.655Z,S20260423_092137,N/A,AUTO,86.0706,403.7782,0.0647,N/A,1,1500,VIDE,0.0,0.0,0.0,3.010009,-0.698132,-0.0,1,0,25.913,15.049,,,,,,,,,,,,
6188,2026-04-23T08:28:21.718Z,S20260423_092137,N/A,AUTO,86.1338,403.8415,0.0633,N/A,1,1500,VIDE,0.0,0.0,0.0,3.00261,-0.698132,0.0,1,0,25.372,13.422,,,,,,,,,,,,
6189,2026-04-23T08:28:21.776Z,S20260423_092137,N/A,AUTO,86.1918,403.8995,0.0579,N/A,1,1500,VIDE,0.0,0.0,0.0,2.997677,-0.698132,0.0,1,0,40.063,25.71,,,,,,,,,,,,
6190,2026-04-23T08:28:21.834Z,S20260423_092137,N/A,AUTO,86.2502,403.9578,0.0584,N/A,1,1500,VIDE,0.0,0.0,0.0,2.991512,-0.698132,0.0,1,0,37.642,34.303,,,,,,,,,,,,
6191,2026-04-23T08:28:21.899Z,S20260423_092137,N/A,AUTO,86.315,404.0226,0.0645,N/A,1,1500,VIDE,0.0,0.0,0.0,2.987813,-0.698132,-0.0,1,0,36.392,14.573,,,,,,,,,,,,
6192,2026-04-23T08:28:21.962Z,S20260423_092137,N/A,AUTO,86.3784,404.0861,0.0638,N/A,1,1500,VIDE,0.0,0.0,0.0,2.984114,-0.698132,0.0,1,0,78.097,13.603,,,,,,,,,,,,
6193,2026-04-23T08:28:22.027Z,S20260423_092137,N/A,AUTO,86.4427,404.1504,0.0639,N/A,1,1500,VIDE,0.0,0.0,0.0,2.980416,-0.698132,0.0,1,0,57.525,8.226,,,,,,,,,,,,
6194,2026-04-23T08:28:22.093Z,S20260423_092137,N/A,AUTO,86.5087,404.2163,0.0663,N/A,1,1500,VIDE,0.0,0.0,0.0,2.976717,-0.698132,-0.0,1,0,50.124,13.479,,,,,,,,,,,,
6195,2026-04-23T08:28:22.156Z,S20260423_092137,N/A,AUTO,86.5723,404.28,0.0636,N/A,1,1500,VIDE,0.0,0.0,0.0,2.973019,-0.698132,-0.0,1,0,33.719,13.793,,,,,,,,,,,,
6196,2026-04-23T08:28:22.213Z,S20260423_092137,N/A,AUTO,86.6288,404.3365,0.0567,N/A,1,1500,VIDE,0.0,0.0,0.0,2.969321,-0.698132,-0.0,1,0,30.483,27.908,,,,,,,,,,,,
6197,2026-04-23T08:28:22.277Z,S20260423_092137,N/A,AUTO,86.6928,404.4005,0.064,N/A,1,1500,VIDE,0.0,0.0,0.0,2.961926,-0.698132,0.0,1,0,41.173,2.849,,,,,,,,,,,,
6198,2026-04-23T08:28:22.341Z,S20260423_092137,N/A,AUTO,86.7568,404.4645,0.0639,N/A,1,1500,VIDE,0.0,0.0,0.0,2.958229,-0.698132,0.0,1,0,38.433,31.7,,,,,,,,,,,,
6199,2026-04-23T08:28:22.404Z,S20260423_092137,N/A,AUTO,86.8196,404.5272,0.0628,N/A,1,1500,VIDE,0.0,0.0,0.0,2.950835,-0.698132,0.0,1,0,29.844,15.141,,,,,,,,,,,,
6200,2026-04-23T08:28:22.466Z,S20260423_092137,N/A,AUTO,86.8816,404.5892,0.062,N/A,1,1500,VIDE,0.0,0.0,0.0,2.947138,-0.698132,0.0,1,0,27.569,30.979,,,,,,,,,,,,
6201,2026-04-23T08:28:22.522Z,S20260423_092137,N/A,AUTO,86.9378,404.6454,0.0562,N/A,1,1500,VIDE,0.0,0.0,0.0,2.939745,-0.698132,-0.0,1,0,17.063,28.378,,,,,,,,,,,,
6202,2026-04-23T08:28:22.585Z,S20260423_092137,N/A,AUTO,87.0013,404.709,0.0636,N/A,1,1500,VIDE,0.0,0.0,0.0,2.932353,-0.698132,-0.0,1,0,6.815,26.87,,,,,,,,,,,,
6203,2026-04-23T08:28:22.650Z,S20260423_092137,N/A,AUTO,87.0663,404.774,0.065,N/A,1,1500,VIDE,0.0,0.0,0.0,2.921267,-0.698132,0.0,1,0,20.131,26.009,,,,,,,,,,,,
6204,2026-04-23T08:28:22.712Z,S20260423_092137,N/A,AUTO,87.128,404.8357,0.0617,N/A,1,1500,VIDE,0.0,0.0,0.0,2.912645,-0.698132,-0.0,1,0,45.729,22.791,,,,,,,,,,,,
6205,2026-04-23T08:28:22.775Z,S20260423_092137,N/A,AUTO,87.1908,404.8985,0.0627,N/A,1,1500,VIDE,0.0,0.0,0.0,2.906488,-0.698132,0.0,1,0,22.38,13.919,,,,,,,,,,,,
6206,2026-04-23T08:28:22.836Z,S20260423_092137,N/A,AUTO,87.2522,404.9599,0.0614,N/A,1,1500,VIDE,0.0,0.0,0.0,2.901562,-0.698132,-0.0,1,0,58.551,23.62,,,,,,,,,,,,
6207,2026-04-23T08:28:22.899Z,S20260423_092137,N/A,AUTO,87.3152,405.0229,0.0631,N/A,1,1500,VIDE,0.0,0.0,0.0,2.895406,-0.698132,-0.0,1,0,34.721,13.024,,,,,,,,,,,,
6208,2026-04-23T08:28:22.977Z,S20260423_092137,N/A,AUTO,87.3934,405.1011,0.0781,N/A,1,1500,VIDE,0.0,0.0,0.0,2.888018,-0.698132,0.0,1,0,38.615,13.555,,,,,,,,,,,,
6209,2026-04-23T08:28:23.025Z,S20260423_092137,N/A,AUTO,87.4411,405.1487,0.0476,N/A,1,1500,VIDE,0.0,0.0,0.0,2.884325,-0.698132,-0.0,1,0,33.622,31.969,,,,,,,,,,,,
6210,2026-04-23T08:28:23.088Z,S20260423_092137,N/A,AUTO,87.5045,405.2122,0.0634,N/A,1,1500,VIDE,0.0,0.0,0.0,2.880632,-0.698132,0.0,1,0,25.901,16.588,,,,,,,,,,,,
6211,2026-04-23T08:28:23.151Z,S20260423_092137,N/A,AUTO,87.5671,405.2747,0.0627,N/A,1,1500,VIDE,0.0,0.0,0.0,2.873246,-0.698132,0.0,1,0,40.51,13.242,,,,,,,,,,,,
6212,2026-04-23T08:28:23.210Z,S20260423_092137,N/A,AUTO,87.6262,405.3338,0.059,N/A,1,1500,VIDE,0.0,0.0,0.0,2.869554,-0.698132,0.0,1,0,34.613,15.174,,,,,,,,,,,,
6213,2026-04-23T08:28:23.274Z,S20260423_092137,N/A,AUTO,87.6901,405.3977,0.0639,N/A,1,1500,VIDE,0.0,0.0,0.0,2.862169,-0.698132,0.0,1,0,24.289,15.044,,,,,,,,,,,,
6214,2026-04-23T08:28:23.339Z,S20260423_092137,N/A,AUTO,87.7552,405.4629,0.065,N/A,1,1500,VIDE,0.0,0.0,0.0,2.858477,-0.698132,0.0,1,0,27.436,37.212,,,,,,,,,,,,
6215,2026-04-23T08:28:23.401Z,S20260423_092137,N/A,AUTO,87.8174,405.5251,0.0624,N/A,1,1500,VIDE,0.0,0.0,0.0,2.851094,-0.698132,0.0,1,0,27.93,14.849,,,,,,,,,,,,
6216,2026-04-23T08:28:23.463Z,S20260423_092137,N/A,AUTO,87.8785,405.5862,0.0611,N/A,1,1500,VIDE,0.0,0.0,0.0,2.847402,-0.698132,0.0,1,0,21.131,31.7,,,,,,,,,,,,
6217,2026-04-23T08:28:23.523Z,S20260423_092137,N/A,AUTO,87.9389,405.6466,0.0603,N/A,1,1500,VIDE,0.0,0.0,0.0,2.84002,-0.698132,0.0,1,0,22.469,30.145,,,,,,,,,,,,
6218,2026-04-23T08:28:23.586Z,S20260423_092137,N/A,AUTO,88.0021,405.7098,0.0632,N/A,1,1500,VIDE,0.0,0.0,0.0,2.828948,-0.698132,0.0,1,0,21.99,15.339,,,,,,,,,,,,
6219,2026-04-23T08:28:23.649Z,S20260423_092137,N/A,AUTO,88.0648,405.7725,0.0627,N/A,1,1500,VIDE,0.0,0.0,0.0,2.821568,-0.698132,0.0,1,0,13.873,28.635,,,,,,,,,,,,
6220,2026-04-23T08:28:23.710Z,S20260423_092137,N/A,AUTO,88.1263,405.8339,0.0614,N/A,1,1500,VIDE,0.0,0.0,0.0,2.814188,-0.698132,0.0,1,0,30.268,27.91,,,,,,,,,,,,
6221,2026-04-23T08:28:23.773Z,S20260423_092137,N/A,AUTO,88.1888,405.8965,0.0626,N/A,1,1500,VIDE,0.0,0.0,0.0,2.809269,-0.698132,0.0,1,0,45.871,17.41,,,,,,,,,,,,
6222,2026-04-23T08:28:23.835Z,S20260423_092137,N/A,AUTO,88.2511,405.9587,0.0622,N/A,1,1500,VIDE,0.0,0.0,0.0,2.803121,-0.698132,0.0,1,0,25.053,13.854,,,,,,,,,,,,
6223,2026-04-23T08:28:23.898Z,S20260423_092137,N/A,AUTO,88.3143,406.022,0.0633,N/A,1,1500,VIDE,0.0,0.0,0.0,2.798202,-0.698132,0.0,1,0,60.163,19.342,,,,,,,,,,,,
6224,2026-04-23T08:28:23.971Z,S20260423_092137,N/A,AUTO,88.3873,406.095,0.0729,N/A,1,1500,VIDE,0.0,0.0,0.0,2.792055,-0.698132,-0.0,1,0,40.617,14.395,,,,,,,,,,,,
6225,2026-04-23T08:28:24.026Z,S20260423_092137,N/A,AUTO,88.4426,406.1502,0.0552,N/A,1,1500,VIDE,0.0,0.0,0.0,2.788366,-0.698132,-0.0,1,0,38.422,28.796,,,,,,,,,,,,
6226,2026-04-23T08:28:24.086Z,S20260423_092137,N/A,AUTO,88.5016,406.2093,0.0592,N/A,1,1500,VIDE,0.0,0.0,0.0,2.784678,-0.698132,-0.0,1,0,30.276,28.984,,,,,,,,,,,,
6227,2026-04-23T08:28:24.154Z,S20260423_092137,N/A,AUTO,88.5697,406.2774,0.068,N/A,1,1500,VIDE,0.0,0.0,0.0,2.777303,-0.698132,-0.0,1,0,23.602,48.825,,,,,,,,,,,,
6228,2026-04-23T08:28:24.210Z,S20260423_092137,N/A,AUTO,88.6263,406.334,0.0567,N/A,1,1500,VIDE,0.0,0.0,0.0,2.773615,-0.698132,-0.0,1,0,32.489,19.055,,,,,,,,,,,,
6229,2026-04-23T08:28:24.279Z,S20260423_092137,N/A,AUTO,88.6948,406.4024,0.0684,N/A,1,1500,VIDE,0.0,0.0,0.0,2.766241,-0.698132,-0.0,1,0,47.229,19.431,,,,,,,,,,,,
6230,2026-04-23T08:28:24.341Z,S20260423_092137,N/A,AUTO,88.7571,406.4648,0.0623,N/A,1,1500,VIDE,0.0,0.0,0.0,2.762553,-0.698132,-0.0,1,0,51.979,22.398,,,,,,,,,,,,
6231,2026-04-23T08:28:24.404Z,S20260423_092137,N/A,AUTO,88.8196,406.5273,0.0626,N/A,1,1500,VIDE,0.0,0.0,0.0,2.762553,-0.698132,-0.0,1,0,51.979,22.398,,,,,,,,,,,,
6232,2026-04-23T08:28:24.464Z,S20260423_092137,N/A,AUTO,88.8796,406.5873,0.0599,N/A,1,1500,VIDE,0.0,0.0,0.0,2.762553,-0.698132,-0.0,1,0,51.979,22.398,,,,,,,,,,,,
6233,2026-04-23T08:28:24.522Z,S20260423_092137,N/A,AUTO,88.9378,406.6455,0.0583,N/A,1,1500,VIDE,0.0,0.0,0.0,2.758867,-0.698132,-0.0,1,0,128.493,19.152,,,,,,,,,,,,
6234,2026-04-23T08:28:24.585Z,S20260423_092137,N/A,AUTO,89.0007,406.7083,0.0629,N/A,1,1500,VIDE,0.0,0.0,0.0,2.751494,-0.698132,-0.0,1,0,89.568,19.837,,,,,,,,,,,,
6235,2026-04-23T08:28:24.649Z,S20260423_092137,N/A,AUTO,89.0647,406.7724,0.0641,N/A,1,1500,VIDE,0.0,0.0,0.0,2.740436,-0.698132,0.0,1,0,18.281,19.322,,,,,,,,,,,,
6236,2026-04-23T08:28:24.713Z,S20260423_092137,N/A,AUTO,89.1295,406.8372,0.0647,N/A,1,1500,VIDE,0.0,0.0,0.0,2.733064,-0.698132,0.0,1,0,13.784,19.589,,,,,,,,,,,,
6237,2026-04-23T08:28:24.773Z,S20260423_092137,N/A,AUTO,89.1895,406.8971,0.0601,N/A,1,1500,VIDE,0.0,0.0,0.0,2.725694,-0.698132,0.0,1,0,45.458,19.433,,,,,,,,,,,,
6238,2026-04-23T08:28:24.836Z,S20260423_092137,N/A,AUTO,89.2518,406.9594,0.0622,N/A,1,1500,VIDE,0.0,0.0,0.0,2.722009,-0.698132,0.0,1,0,37.977,19.391,,,,,,,,,,,,
6239,2026-04-23T08:28:24.900Z,S20260423_092137,N/A,AUTO,89.3159,407.0236,0.0641,N/A,1,1500,VIDE,0.0,0.0,0.0,2.718324,-0.698132,-0.0,1,0,42.748,19.649,,,,,,,,,,,,
6240,2026-04-23T08:28:24.972Z,S20260423_092137,N/A,AUTO,89.3877,407.0954,0.0718,N/A,1,1500,VIDE,0.0,0.0,0.0,2.710955,-0.698132,-0.0,1,0,38.432,14.022,,,,,,,,,,,,
6241,2026-04-23T08:28:25.024Z,S20260423_092137,N/A,AUTO,89.4403,407.1479,0.0526,N/A,1,1500,VIDE,0.0,0.0,0.0,2.707271,-0.698132,0.0,1,0,37.507,27.4,,,,,,,,,,,,
6242,2026-04-23T08:28:25.085Z,S20260423_092137,N/A,AUTO,89.5008,407.2085,0.0606,N/A,1,1500,VIDE,0.0,0.0,0.0,2.703587,-0.698132,-0.0,1,0,31.891,20.48,,,,,,,,,,,,
6243,2026-04-23T08:28:25.147Z,S20260423_092137,N/A,AUTO,89.5632,407.2709,0.0623,N/A,1,1500,VIDE,0.0,0.0,0.0,2.699903,-0.698132,-0.0,1,0,38.097,18.229,,,,,,,,,,,,
6244,2026-04-23T08:28:25.211Z,S20260423_092137,N/A,AUTO,89.6273,407.335,0.064,N/A,1,1500,VIDE,0.0,0.0,0.0,2.692537,-0.698132,0.0,1,0,26.778,19.124,,,,,,,,,,,,
6245,2026-04-23T08:28:25.274Z,S20260423_092137,N/A,AUTO,89.6903,407.398,0.0631,N/A,1,1500,VIDE,0.0,0.0,0.0,2.688853,-0.698132,-0.0,1,0,38.252,18.253,,,,,,,,,,,,
6246,2026-04-23T08:28:25.336Z,S20260423_092137,N/A,AUTO,89.7525,407.4602,0.0622,N/A,1,1500,VIDE,0.0,0.0,0.0,2.681487,-0.698132,-0.0,1,0,48.3,19.039,,,,,,,,,,,,
6247,2026-04-23T08:28:25.399Z,S20260423_092137,N/A,AUTO,89.8156,407.5232,0.063,N/A,1,1500,VIDE,0.0,0.0,0.0,2.677804,-0.698132,-0.0,1,0,33.83,18.644,,,,,,,,,,,,
6248,2026-04-23T08:28:25.462Z,S20260423_092137,N/A,AUTO,89.8778,407.5855,0.0624,N/A,1,1500,VIDE,0.0,0.0,0.0,2.674122,-0.698132,-0.0,1,0,37.759,19.108,,,,,,,,,,,,
6249,2026-04-23T08:28:25.524Z,S20260423_092137,N/A,AUTO,89.9398,407.6474,0.0619,N/A,1,1500,VIDE,0.0,0.0,0.0,2.666758,-0.698132,0.0,1,0,40.712,25.83,,,,,,,,,,,,
6250,2026-04-23T08:28:25.584Z,S20260423_092137,N/A,AUTO,90.0004,407.7081,0.0607,N/A,1,1500,VIDE,0.0,0.0,0.0,2.663076,-0.698132,0.0,1,0,32.352,19.725,,,,,,,,,,,,
6251,2026-04-23T08:28:25.652Z,S20260423_092137,N/A,AUTO,90.0681,407.7757,0.0675,N/A,1,1500,VIDE,0.0,0.0,0.0,2.655712,-0.698132,-0.0,1,0,45.148,19.589,,,,,,,,,,,,
6252,2026-04-23T08:28:25.710Z,S20260423_092137,N/A,AUTO,90.126,407.8337,0.0581,N/A,1,1500,VIDE,0.0,0.0,0.0,2.652031,-0.698132,0.0,1,0,36.091,19.179,,,,,,,,,,,,
6253,2026-04-23T08:28:25.773Z,S20260423_092137,N/A,AUTO,90.1886,407.8963,0.0626,N/A,1,1500,VIDE,0.0,0.0,0.0,2.64835,-0.698132,0.0,1,0,41.092,18.631,,,,,,,,,,,,
6254,2026-04-23T08:28:25.835Z,S20260423_092137,N/A,AUTO,90.2512,407.9588,0.0625,N/A,1,1500,VIDE,0.0,0.0,0.0,2.640987,-0.698132,-0.0,1,0,26.734,19.431,,,,,,,,,,,,
6255,2026-04-23T08:28:25.896Z,S20260423_092137,N/A,AUTO,90.3126,408.0202,0.0614,N/A,1,1500,VIDE,0.0,0.0,0.0,2.637307,-0.698132,-0.0,1,0,37.591,18.052,,,,,,,,,,,,
6256,2026-04-23T08:28:25.986Z,S20260423_092137,N/A,AUTO,90.4025,408.1101,0.0898,N/A,1,1500,VIDE,0.0,0.0,0.0,2.629946,-0.698132,-0.0,1,0,31.523,19.412,,,,,,,,,,,,
6257,2026-04-23T08:28:26.023Z,S20260423_092137,N/A,AUTO,90.4392,408.1468,0.0368,N/A,1,1500,VIDE,0.0,0.0,0.0,2.629946,-0.698132,-0.0,1,0,31.523,19.412,,,,,,,,,,,,
6258,2026-04-23T08:28:26.085Z,S20260423_092137,N/A,AUTO,90.5006,408.2082,0.0615,N/A,1,1500,VIDE,0.0,0.0,0.0,2.622586,-0.698132,0.0,1,0,27.522,18.518,,,,,,,,,,,,
6259,2026-04-23T08:28:26.155Z,S20260423_092137,N/A,AUTO,90.5706,408.2782,0.07,N/A,1,1500,VIDE,0.0,0.0,0.0,2.618906,-0.698132,0.0,1,0,34.379,20.618,,,,,,,,,,,,
6260,2026-04-23T08:28:26.210Z,S20260423_092137,N/A,AUTO,90.6261,408.3338,0.0555,N/A,1,1500,VIDE,0.0,0.0,0.0,2.615226,-0.698132,-0.0,1,0,49.841,19.52,,,,,,,,,,,,
6261,2026-04-23T08:28:26.272Z,S20260423_092137,N/A,AUTO,90.6877,408.3954,0.0617,N/A,1,1500,VIDE,0.0,0.0,0.0,2.607868,-0.698132,0.0,1,0,44.859,18.906,,,,,,,,,,,,
6262,2026-04-23T08:28:26.335Z,S20260423_092137,N/A,AUTO,90.7507,408.4583,0.0629,N/A,1,1500,VIDE,0.0,0.0,0.0,2.604189,-0.698132,-0.0,1,0,30.944,18.976,,,,,,,,,,,,
6263,2026-04-23T08:28:26.400Z,S20260423_092137,N/A,AUTO,90.8157,408.5234,0.065,N/A,1,1500,VIDE,0.0,0.0,0.0,2.60051,-0.698132,-0.0,1,0,38.743,19.404,,,,,,,,,,,,
6264,2026-04-23T08:28:26.460Z,S20260423_092137,N/A,AUTO,90.8759,408.5835,0.0601,N/A,1,1500,VIDE,0.0,0.0,0.0,2.596831,-0.698132,-0.0,1,0,55.542,20.814,,,,,,,,,,,,
6265,2026-04-23T08:28:26.525Z,S20260423_092137,N/A,AUTO,90.9418,408.6495,0.0657,N/A,1,1500,VIDE,0.0,0.0,0.0,2.589475,-0.698132,0.0,1,0,29.802,14.306,,,,,,,,,,,,
6266,2026-04-23T08:28:26.585Z,S20260423_092137,N/A,AUTO,91.0011,408.7087,0.0595,N/A,1,1500,VIDE,0.0,0.0,0.0,2.585796,-0.698132,-0.0,1,0,39.522,19.103,,,,,,,,,,,,
6267,2026-04-23T08:28:26.648Z,S20260423_092137,N/A,AUTO,91.0642,408.7718,0.0631,N/A,1,1500,VIDE,0.0,0.0,0.0,2.582118,-0.698132,0.0,1,0,44.354,19.233,,,,,,,,,,,,
6268,2026-04-23T08:28:26.711Z,S20260423_092137,N/A,AUTO,91.1268,408.8344,0.0625,N/A,1,1500,VIDE,0.0,0.0,0.0,2.578441,-0.698132,0.0,1,0,31.184,19.266,,,,,,,,,,,,
6269,2026-04-23T08:28:26.776Z,S20260423_092137,N/A,AUTO,91.1926,408.9003,0.0659,N/A,1,1500,VIDE,0.0,0.0,0.0,2.574763,-0.698132,-0.0,1,0,70.507,11.476,,,,,,,,,,,,
6270,2026-04-23T08:28:26.837Z,S20260423_092137,N/A,AUTO,91.2534,408.9611,0.0609,N/A,1,1500,VIDE,0.0,0.0,0.0,2.571085,-0.698132,0.0,1,0,75.148,19.599,,,,,,,,,,,,
6271,2026-04-23T08:28:26.899Z,S20260423_092137,N/A,AUTO,91.3149,409.0226,0.0615,N/A,1,1500,VIDE,0.0,0.0,0.0,2.567408,-0.698132,-0.0,1,0,77.132,24.467,,,,,,,,,,,,
6272,2026-04-23T08:28:26.996Z,S20260423_092137,N/A,AUTO,91.4118,409.1195,0.097,N/A,1,1500,VIDE,0.0,0.0,0.0,2.560054,-0.698132,-0.0,1,0,76.25,26.949,,,,,,,,,,,,
6273,2026-04-23T08:28:27.052Z,S20260423_092137,N/A,AUTO,91.468,409.1757,0.0561,N/A,1,1500,VIDE,0.0,0.0,0.0,2.556377,-0.698132,-0.0,1,0,42.574,52.509,,,,,,,,,,,,
6274,2026-04-23T08:28:27.085Z,S20260423_092137,N/A,AUTO,91.5012,409.2089,0.0332,N/A,1,1500,VIDE,0.0,0.0,0.0,2.556377,-0.698132,-0.0,1,0,42.574,52.509,,,,,,,,,,,,
6275,2026-04-23T08:28:27.146Z,S20260423_092137,N/A,AUTO,91.5622,409.2699,0.0609,N/A,1,1500,VIDE,0.0,0.0,0.0,2.549024,-0.698132,-0.0,1,0,33.985,16.283,,,,,,,,,,,,
6276,2026-04-23T08:28:27.209Z,S20260423_092137,N/A,AUTO,91.6253,409.3329,0.0632,N/A,1,1500,VIDE,0.0,0.0,0.0,2.541672,-0.698132,-0.0,1,0,17.005,19.046,,,,,,,,,,,,
6277,2026-04-23T08:28:27.272Z,S20260423_092137,N/A,AUTO,91.6883,409.396,0.0631,N/A,1,1500,VIDE,0.0,0.0,0.0,2.534321,-0.698132,0.0,1,0,24.153,19.562,,,,,,,,,,,,
6278,2026-04-23T08:28:27.337Z,S20260423_092137,N/A,AUTO,91.7525,409.4602,0.0642,N/A,1,1500,VIDE,0.0,0.0,0.0,2.52697,-0.698132,0.0,1,0,26.379,19.129,,,,,,,,,,,,
6279,2026-04-23T08:28:27.399Z,S20260423_092137,N/A,AUTO,91.8152,409.5229,0.0626,N/A,1,1500,VIDE,0.0,0.0,0.0,2.519619,-0.698132,0.0,1,0,25.955,18.663,,,,,,,,,,,,
6280,2026-04-23T08:28:27.463Z,S20260423_092137,N/A,AUTO,91.879,409.5867,0.0638,N/A,1,1500,VIDE,0.0,0.0,0.0,2.51227,-0.698132,0.0,1,0,21.568,19.326,,,,,,,,,,,,
6281,2026-04-23T08:28:27.523Z,S20260423_092137,N/A,AUTO,91.9392,409.6469,0.0602,N/A,1,1500,VIDE,0.0,0.0,0.0,2.504921,-0.698132,0.0,1,0,19.0,12.573,,,,,,,,,,,,
6282,2026-04-23T08:28:27.584Z,S20260423_092137,N/A,AUTO,92.0005,409.7081,0.0613,N/A,1,1500,VIDE,0.0,0.0,0.0,2.493899,-0.698132,0.0,1,0,13.891,19.459,,,,,,,,,,,,
6283,2026-04-23T08:28:27.648Z,S20260423_092137,N/A,AUTO,92.0643,409.772,0.0639,N/A,1,1500,VIDE,0.0,0.0,0.0,2.486552,-0.698132,-0.0,1,0,23.602,19.671,,,,,,,,,,,,
6284,2026-04-23T08:28:27.711Z,S20260423_092137,N/A,AUTO,92.1269,409.8345,0.0625,N/A,1,1500,VIDE,0.0,0.0,0.0,2.475533,-0.698132,-0.0,1,0,14.746,18.721,,,,,,,,,,,,
6285,2026-04-23T08:28:27.774Z,S20260423_092137,N/A,AUTO,92.1898,409.8975,0.063,N/A,1,1500,VIDE,0.0,0.0,0.0,2.468187,-0.698132,-0.0,1,0,23.095,18.846,,,,,,,,,,,,
6286,2026-04-23T08:28:27.836Z,S20260423_092137,N/A,AUTO,92.2522,409.9599,0.0623,N/A,1,1500,VIDE,0.0,0.0,0.0,2.460843,-0.698132,-0.0,1,0,25.34,19.506,,,,,,,,,,,,
6287,2026-04-23T08:28:27.897Z,S20260423_092137,N/A,AUTO,92.3133,410.021,0.0611,N/A,1,1500,VIDE,0.0,0.0,0.0,2.457171,-0.698132,0.0,1,0,30.321,20.129,,,,,,,,,,,,
6288,2026-04-23T08:28:27.966Z,S20260423_092137,N/A,AUTO,92.3824,410.09,0.0691,N/A,1,1500,VIDE,0.0,0.0,0.0,2.449827,-0.698132,0.0,1,0,35.08,15.595,,,,,,,,,,,,
6289,2026-04-23T08:28:28.022Z,S20260423_092137,N/A,AUTO,92.4384,410.1461,0.0559,N/A,1,1500,VIDE,0.0,0.0,0.0,2.446156,-0.698132,-0.0,1,0,37.207,22.422,,,,,,,,,,,,
6290,2026-04-23T08:28:28.085Z,S20260423_092137,N/A,AUTO,92.5014,410.209,0.0629,N/A,1,1500,VIDE,0.0,0.0,0.0,2.438813,-0.698132,-0.0,1,0,19.495,19.097,,,,,,,,,,,,
6291,2026-04-23T08:28:28.149Z,S20260423_092137,N/A,AUTO,92.5648,410.2725,0.0635,N/A,1,1500,VIDE,0.0,0.0,0.0,2.435142,-0.698132,-0.0,1,0,40.906,21.661,,,,,,,,,,,,
6292,2026-04-23T08:28:28.210Z,S20260423_092137,N/A,AUTO,92.6262,410.3338,0.0614,N/A,1,1500,VIDE,0.0,0.0,0.0,2.431471,-0.698132,-0.0,1,0,30.964,19.371,,,,,,,,,,,,
6293,2026-04-23T08:28:28.273Z,S20260423_092137,N/A,AUTO,92.6894,410.397,0.0633,N/A,1,1500,VIDE,0.0,0.0,0.0,2.42413,-0.698132,-0.0,1,0,39.039,19.507,,,,,,,,,,,,
6294,2026-04-23T08:28:28.336Z,S20260423_092137,N/A,AUTO,92.7517,410.4594,0.0622,N/A,1,1500,VIDE,0.0,0.0,0.0,2.42046,-0.698132,0.0,1,0,44.556,19.211,,,,,,,,,,,,
6295,2026-04-23T08:28:28.400Z,S20260423_092137,N/A,AUTO,92.8158,410.5235,0.0642,N/A,1,1500,VIDE,0.0,0.0,0.0,2.41312,-0.698132,0.0,1,0,33.406,19.171,,,,,,,,,,,,
6296,2026-04-23T08:28:28.462Z,S20260423_092137,N/A,AUTO,92.8782,410.5859,0.0622,N/A,1,1500,VIDE,0.0,0.0,0.0,2.40945,-0.698132,-0.0,1,0,38.561,19.904,,,,,,,,,,,,
6297,2026-04-23T08:28:28.521Z,S20260423_092137,N/A,AUTO,92.9372,410.6448,0.0591,N/A,1,1500,VIDE,0.0,0.0,0.0,2.40211,-0.698132,-0.0,1,0,6.904,19.002,,,,,,,,,,,,
6298,2026-04-23T08:28:28.584Z,S20260423_092137,N/A,AUTO,93.0005,410.7081,0.0633,N/A,1,1500,VIDE,0.0,0.0,0.0,2.391103,-0.698132,0.0,1,0,18.415,18.541,,,,,,,,,,,,
6299,2026-04-23T08:28:28.649Z,S20260423_092137,N/A,AUTO,93.0652,410.7729,0.0646,N/A,1,1500,VIDE,0.0,0.0,0.0,2.383765,-0.698132,0.0,1,0,9.374,19.345,,,,,,,,,,,,
6300,2026-04-23T08:28:28.715Z,S20260423_092137,N/A,AUTO,93.1311,410.8387,0.066,N/A,1,1500,VIDE,0.0,0.0,0.0,2.37276,-0.698132,-0.0,1,0,5.049,18.628,,,,,,,,,,,,
6301,2026-04-23T08:28:28.777Z,S20260423_092137,N/A,AUTO,93.1934,410.9011,0.0622,N/A,1,1500,VIDE,0.0,0.0,0.0,2.369092,-0.698132,0.0,1,0,22.03,19.378,,,,,,,,,,,,
6302,2026-04-23T08:28:28.838Z,S20260423_092137,N/A,AUTO,93.2537,410.9614,0.0603,N/A,1,1500,VIDE,0.0,0.0,0.0,2.364202,-0.698132,0.0,1,0,47.93,19.939,,,,,,,,,,,,
6303,2026-04-23T08:28:28.905Z,S20260423_092137,N/A,AUTO,93.3209,411.0286,0.0672,N/A,1,1500,VIDE,0.0,0.0,0.0,2.358089,-0.698132,-0.0,1,0,42.994,20.727,,,,,,,,,,,,
6304,2026-04-23T08:28:28.981Z,S20260423_092137,N/A,AUTO,93.397,411.1046,0.0762,N/A,1,1500,VIDE,0.0,0.0,0.0,2.350755,-0.698132,-0.0,1,0,30.988,18.532,,,,,,,,,,,,
6305,2026-04-23T08:28:29.024Z,S20260423_092137,N/A,AUTO,93.4405,411.1482,0.0435,N/A,1,1500,VIDE,0.0,0.0,0.0,2.347088,-0.698132,-0.0,1,0,34.367,37.277,,,,,,,,,,,,
6306,2026-04-23T08:28:29.085Z,S20260423_092137,N/A,AUTO,93.5014,411.209,0.0609,N/A,1,1500,VIDE,0.0,0.0,0.0,2.343421,-0.698132,0.0,1,0,34.254,18.938,,,,,,,,,,,,
6307,2026-04-23T08:28:29.148Z,S20260423_092137,N/A,AUTO,93.5643,411.272,0.0629,N/A,1,1500,VIDE,0.0,0.0,0.0,2.337309,-0.698132,-0.0,1,0,62.844,3.653,,,,,,,,,,,,
6308,2026-04-23T08:28:29.212Z,S20260423_092137,N/A,AUTO,93.6278,411.3355,0.0635,N/A,1,1500,VIDE,0.0,0.0,0.0,2.332421,-0.698132,-0.0,1,0,29.379,19.413,,,,,,,,,,,,
6309,2026-04-23T08:28:29.273Z,S20260423_092137,N/A,AUTO,93.6893,411.397,0.0615,N/A,1,1500,VIDE,0.0,0.0,0.0,2.328755,-0.698132,-0.0,1,0,35.517,19.158,,,,,,,,,,,,
6310,2026-04-23T08:28:29.338Z,S20260423_092137,N/A,AUTO,93.7537,411.4614,0.0644,N/A,1,1500,VIDE,0.0,0.0,0.0,2.321423,-0.698132,0.0,1,0,23.892,18.846,,,,,,,,,,,,
6311,2026-04-23T08:28:29.402Z,S20260423_092137,N/A,AUTO,93.8182,411.5259,0.0643,N/A,1,1500,VIDE,0.0,0.0,0.0,2.317757,-0.698132,-0.0,1,0,30.939,21.635,,,,,,,,,,,,
6312,2026-04-23T08:28:29.460Z,S20260423_092137,N/A,AUTO,93.8757,411.5833,0.0575,N/A,1,1500,VIDE,0.0,0.0,0.0,2.314092,-0.698132,-0.0,1,0,43.224,18.87,,,,,,,,,,,,
6313,2026-04-23T08:28:29.523Z,S20260423_092137,N/A,AUTO,93.9386,411.6463,0.063,N/A,1,1500,VIDE,0.0,0.0,0.0,2.303096,-0.698132,-0.0,1,0,15.572,19.502,,,,,,,,,,,,
6314,2026-04-23T08:28:29.584Z,S20260423_092137,N/A,AUTO,94.0002,411.7079,0.0616,N/A,1,1500,VIDE,0.0,0.0,0.0,2.295766,-0.698132,0.0,1,0,6.292,19.129,,,,,,,,,,,,
6315,2026-04-23T08:28:29.651Z,S20260423_092137,N/A,AUTO,94.0666,411.7743,0.0664,N/A,1,1500,VIDE,0.0,0.0,0.0,2.284773,-0.698132,0.0,1,0,19.261,20.491,,,,,,,,,,,,
6316,2026-04-23T08:28:29.716Z,S20260423_092137,N/A,AUTO,94.1318,411.8395,0.0652,N/A,1,1500,VIDE,0.0,0.0,0.0,2.277445,-0.698132,-0.0,1,0,13.734,19.957,,,,,,,,,,,,
6317,2026-04-23T08:28:29.772Z,S20260423_092137,N/A,AUTO,94.1877,411.8954,0.0558,N/A,1,1500,VIDE,0.0,0.0,0.0,2.270118,-0.698132,0.0,1,0,25.033,19.449,,,,,,,,,,,,
6318,2026-04-23T08:28:29.836Z,S20260423_092137,N/A,AUTO,94.2518,411.9595,0.0641,N/A,1,1500,VIDE,0.0,0.0,0.0,2.266454,-0.698132,0.0,1,0,33.953,19.09,,,,,,,,,,,,
6319,2026-04-23T08:28:29.898Z,S20260423_092137,N/A,AUTO,94.3139,412.0216,0.0621,N/A,1,1500,VIDE,0.0,0.0,0.0,2.262791,-0.698132,-0.0,1,0,34.836,18.469,,,,,,,,,,,,
6320,2026-04-23T08:28:29.971Z,S20260423_092137,N/A,AUTO,94.3869,412.0945,0.073,N/A,1,1500,VIDE,0.0,0.0,0.0,2.255465,-0.698132,-0.0,1,0,45.618,16.91,,,,,,,,,,,,
6321,2026-04-23T08:28:30.026Z,S20260423_092137,N/A,AUTO,94.4423,412.15,0.0555,N/A,1,1500,VIDE,0.0,0.0,0.0,2.251802,-0.698132,0.0,1,0,24.568,26.406,,,,,,,,,,,,
6322,2026-04-23T08:28:30.085Z,S20260423_092137,N/A,AUTO,94.5013,412.2089,0.0589,N/A,1,1500,VIDE,0.0,0.0,0.0,2.245698,-0.698132,-0.0,1,0,40.884,17.105,,,,,,,,,,,,
6323,2026-04-23T08:28:30.154Z,S20260423_092137,N/A,AUTO,94.5701,412.2778,0.0689,N/A,1,1500,VIDE,0.0,0.0,0.0,2.240814,-0.698132,0.0,1,0,28.078,19.058,,,,,,,,,,,,
6324,2026-04-23T08:28:30.216Z,S20260423_092137,N/A,AUTO,94.6319,412.3396,0.0618,N/A,1,1500,VIDE,0.0,0.0,0.0,2.234711,-0.698132,0.0,1,0,51.17,3.403,,,,,,,,,,,,
6325,2026-04-23T08:28:30.278Z,S20260423_092137,N/A,AUTO,94.6938,412.4015,0.0618,N/A,1,1500,VIDE,0.0,0.0,0.0,2.229828,-0.698132,0.0,1,0,34.755,19.2,,,,,,,,,,,,
6326,2026-04-23T08:28:30.340Z,S20260423_092137,N/A,AUTO,94.7565,412.4641,0.0627,N/A,1,1500,VIDE,0.0,0.0,0.0,2.226167,-0.698132,0.0,1,0,45.809,19.541,,,,,,,,,,,,
6327,2026-04-23T08:28:30.404Z,S20260423_092137,N/A,AUTO,94.8196,412.5273,0.0632,N/A,1,1500,VIDE,0.0,0.0,0.0,2.218844,-0.698132,-0.0,1,0,31.159,13.847,,,,,,,,,,,,
6328,2026-04-23T08:28:30.465Z,S20260423_092137,N/A,AUTO,94.881,412.5887,0.0614,N/A,1,1500,VIDE,0.0,0.0,0.0,2.215183,-0.698132,0.0,1,0,33.143,19.062,,,,,,,,,,,,
6329,2026-04-23T08:28:30.521Z,S20260423_092137,N/A,AUTO,94.9371,412.6448,0.0561,N/A,1,1500,VIDE,0.0,0.0,0.0,2.20786,-0.698132,-0.0,1,0,20.53,17.589,,,,,,,,,,,,
6330,2026-04-23T08:28:30.584Z,S20260423_092137,N/A,AUTO,95.0002,412.7079,0.0631,N/A,1,1500,VIDE,0.0,0.0,0.0,2.196879,-0.698132,0.0,1,0,12.47,18.277,,,,,,,,,,,,
6331,2026-04-23T08:28:30.650Z,S20260423_092137,N/A,AUTO,95.0655,412.7732,0.0653,N/A,1,1500,VIDE,0.0,0.0,0.0,2.185898,-0.698132,-0.0,1,0,2.699,20.191,,,,,,,,,,,,
6332,2026-04-23T08:28:30.714Z,S20260423_092137,N/A,AUTO,95.1301,412.8378,0.0646,N/A,1,1500,VIDE,0.0,0.0,0.0,2.178579,-0.698132,0.0,1,0,11.807,19.702,,,,,,,,,,,,
6333,2026-04-23T08:28:30.774Z,S20260423_092137,N/A,AUTO,95.1897,412.8974,0.0596,N/A,1,1500,VIDE,0.0,0.0,0.0,2.17126,-0.698132,0.0,1,0,23.164,19.105,,,,,,,,,,,,
6334,2026-04-23T08:28:30.842Z,S20260423_092137,N/A,AUTO,95.2584,412.966,0.0686,N/A,1,1500,VIDE,0.0,0.0,0.0,2.167601,-0.698132,-0.0,1,0,28.984,18.936,,,,,,,,,,,,
6335,2026-04-23T08:28:30.903Z,S20260423_092137,N/A,AUTO,95.3196,413.0273,0.0611,N/A,1,1500,VIDE,0.0,0.0,0.0,2.162722,-0.698132,-0.0,1,0,52.907,19.721,,,,,,,,,,,,
6336,2026-04-23T08:28:30.973Z,S20260423_092137,N/A,AUTO,95.3891,413.0968,0.0696,N/A,1,1500,VIDE,0.0,0.0,0.0,2.156624,-0.698132,-0.0,1,0,23.812,17.969,,,,,,,,,,,,
6337,2026-04-23T08:28:31.025Z,S20260423_092137,N/A,AUTO,95.4407,413.1484,0.0515,N/A,1,1500,VIDE,0.0,0.0,0.0,2.152965,-0.698132,0.0,1,0,26.562,28.614,,,,,,,,,,,,
6338,2026-04-23T08:28:31.086Z,S20260423_092137,N/A,AUTO,95.5016,413.2093,0.061,N/A,1,1500,VIDE,0.0,0.0,0.0,2.146868,-0.698132,-0.0,1,0,40.499,16.496,,,,,,,,,,,,
6339,2026-04-23T08:28:31.152Z,S20260423_092137,N/A,AUTO,95.5678,413.2755,0.0662,N/A,1,1500,VIDE,0.0,0.0,0.0,2.14199,-0.698132,0.0,1,0,25.647,18.62,,,,,,,,,,,,
6340,2026-04-23T08:28:31.210Z,S20260423_092137,N/A,AUTO,95.6264,413.334,0.0586,N/A,1,1500,VIDE,0.0,0.0,0.0,2.138332,-0.698132,-0.0,1,0,25.238,19.67,,,,,,,,,,,,
6341,2026-04-23T08:28:31.274Z,S20260423_092137,N/A,AUTO,95.6905,413.3982,0.0639,N/A,1,1500,VIDE,0.0,0.0,0.0,2.133455,-0.698132,0.0,1,0,67.507,35.693,,,,,,,,,,,,
6342,2026-04-23T08:28:31.339Z,S20260423_092137,N/A,AUTO,95.7548,413.4624,0.0644,N/A,1,1500,VIDE,0.0,0.0,0.0,2.129798,-0.698132,-0.0,1,0,88.539,37.086,,,,,,,,,,,,
6343,2026-04-23T08:28:31.401Z,S20260423_092137,N/A,AUTO,95.8174,413.5251,0.0627,N/A,1,1500,VIDE,0.0,0.0,0.0,2.123702,-0.698132,0.0,1,0,35.135,24.647,,,,,,,,,,,,
6344,2026-04-23T08:28:31.462Z,S20260423_092137,N/A,AUTO,95.8777,413.5854,0.0601,N/A,1,1500,VIDE,0.0,0.0,0.0,2.120045,-0.698132,-0.0,1,0,17.115,25.29,,,,,,,,,,,,
6345,2026-04-23T08:28:31.523Z,S20260423_092137,N/A,AUTO,95.9392,413.6469,0.0617,N/A,1,1500,VIDE,0.0,0.0,0.0,2.112731,-0.698132,-0.0,1,0,17.515,13.907,,,,,,,,,,,,
6346,2026-04-23T08:28:31.585Z,S20260423_092137,N/A,AUTO,96.0007,413.7084,0.0615,N/A,1,1500,VIDE,0.0,0.0,0.0,2.101761,-0.698132,-0.0,1,0,7.45,19.459,,,,,,,,,,,,
6347,2026-04-23T08:28:31.648Z,S20260423_092137,N/A,AUTO,96.0637,413.7714,0.063,N/A,1,1500,VIDE,0.0,0.0,0.0,2.090792,-0.698132,0.0,1,0,20.317,19.856,,,,,,,,,,,,
6348,2026-04-23T08:28:31.711Z,S20260423_092137,N/A,AUTO,96.1274,413.8351,0.0637,N/A,1,1500,VIDE,0.0,0.0,0.0,2.083481,-0.698132,0.0,1,0,7.481,19.439,,,,,,,,,,,,
6349,2026-04-23T08:28:31.792Z,S20260423_092137,N/A,AUTO,96.2084,413.9161,0.0809,N/A,1,1500,VIDE,0.0,0.0,1.0,2.064152,-0.698132,0.0,5,1,62.61,2.833,,,,,,,,,,,,
6350,2026-04-23T08:28:31.840Z,S20260423_092137,N/A,AUTO,96.2559,413.9636,0.0474,N/A,1,1500,VIDE,0.0,0.0,1.0,2.064152,-0.698132,0.0,5,1,62.61,2.833,,,,,,,,,,,,
6351,2026-04-23T08:28:31.982Z,S20260423_092137,N/A,AUTO,96.3981,414.1058,0.1424,N/A,1,1500,VIDE,0.0,0.0,1.0,1.567384,-0.698132,0.0,5,1,58.699,0.007,,,,,,,,,,,,
6352,2026-04-23T08:28:32.054Z,S20260423_092137,N/A,AUTO,96.4703,414.178,0.0722,N/A,1,1500,VIDE,0.0,0.0,1.0,1.20696,-0.698132,0.0,5,1,42.986,117.271,,,,,,,,,,,,
6353,2026-04-23T08:28:32.104Z,S20260423_092137,N/A,AUTO,96.5197,414.2273,0.0492,N/A,1,1500,VIDE,0.0,0.0,1.0,1.00327,-0.698132,0.0,5,1,39.493,51.473,,,,,,,,,,,,
6354,2026-04-23T08:28:32.154Z,S20260423_092137,N/A,AUTO,96.5702,414.2779,0.0507,N/A,1,1500,VIDE,0.0,0.0,1.0,0.799857,-0.698132,0.0,5,1,41.584,49.644,,,,,,,,,,,,
6355,2026-04-23T08:28:32.211Z,S20260423_092137,N/A,AUTO,96.6271,414.3347,0.0569,N/A,1,1500,VIDE,0.0,0.0,1.0,0.596117,-0.698132,0.0,5,1,44.227,50.864,,,,,,,,,,,,
6356,2026-04-23T08:28:32.314Z,S20260423_092137,N/A,AUTO,96.7303,414.438,0.1031,N/A,1,1500,VIDE,0.0,0.0,1.0,0.188717,-0.698132,0.0,5,1,43.858,55.53,,,,,,,,,,,,
6357,2026-04-23T08:28:32.367Z,S20260423_092137,N/A,AUTO,96.7831,414.4908,0.0529,N/A,1,1500,VIDE,0.0,0.0,1.0,0.000877,-0.698132,0.0,5,1,49.942,0.428,,,,,,,,,,,,
6358,2026-04-23T08:28:32.411Z,S20260423_092137,N/A,AUTO,96.8273,414.535,0.0441,N/A,1,1500,VIDE,0.0,0.0,1.0,0.0,-0.698132,0.0,5,1,88.509,0.009,,,,,,,,,,,,
6359,2026-04-23T08:28:32.461Z,S20260423_092137,N/A,AUTO,96.8771,414.5848,0.0499,N/A,1,1500,VIDE,0.0,0.0,1.0,0.0,-0.698132,0.0,5,1,91.958,1.049,,,,,,,,,,,,
6360,2026-04-23T08:28:32.532Z,S20260423_092137,N/A,AUTO,96.9478,414.6554,0.0708,N/A,1,1500,VIDE,0.0,0.0,1.0,0.0,-0.698132,0.0,5,1,31.533,0.007,,,,,,,,,,,,
6361,2026-04-23T08:28:32.601Z,S20260423_092137,N/A,AUTO,97.0173,414.7249,0.0695,N/A,1,1500,VIDE,0.0,0.0,1.0,0.0,-0.698132,-0.0,5,1,27.941,38.751,,,,,,,,,,,,
6362,2026-04-23T08:28:32.677Z,S20260423_092137,N/A,AUTO,97.0935,414.8012,0.0762,N/A,1,1500,VIDE,0.0,0.0,1.0,0.0,-0.698132,-0.0,5,1,32.44,0.846,,,,,,,,,,,,
6363,2026-04-23T08:28:32.714Z,S20260423_092137,N/A,AUTO,97.1299,414.8376,0.0364,N/A,1,1500,VIDE,0.0,0.0,1.0,0.0,-0.698132,-0.0,5,1,31.174,34.141,,,,,,,,,,,,
6364,2026-04-23T08:28:32.791Z,S20260423_092137,N/A,AUTO,97.2067,414.9143,0.0768,N/A,1,1500,VIDE,0.0,0.0,1.0,0.0,-0.698132,-0.0,5,1,31.174,34.141,,,,,,,,,,,,
6365,2026-04-23T08:28:32.853Z,S20260423_092137,N/A,AUTO,97.269,414.9766,0.0623,N/A,1,1500,VIDE,0.0,0.0,1.0,0.0,-0.698132,0.0,5,1,128.456,36.668,,,,,,,,,,,,
6366,2026-04-23T08:28:32.913Z,S20260423_092137,N/A,AUTO,97.329,415.0367,0.06,N/A,1,1500,VIDE,0.0,0.0,1.0,0.0,-0.698132,0.0,5,1,50.114,62.582,,,,,,,,,,,,
6367,2026-04-23T08:28:32.987Z,S20260423_092137,N/A,AUTO,97.4033,415.111,0.0744,N/A,1,1500,VIDE,0.0,0.0,1.0,0.0,-0.698132,-0.0,5,1,54.777,60.378,,,,,,,,,,,,
6368,2026-04-23T08:28:33.048Z,S20260423_092137,N/A,AUTO,97.4636,415.1713,0.0603,N/A,1,1500,VIDE,0.0,0.0,1.0,0.0,-0.698132,-0.0,5,1,47.772,72.876,,,,,,,,,,,,
6369,2026-04-23T08:28:33.108Z,S20260423_092137,N/A,AUTO,97.5243,415.2319,0.0606,N/A,1,1500,VIDE,0.0,0.0,1.0,0.0,-0.698132,0.0,5,1,48.651,59.931,,,,,,,,,,,,
6370,2026-04-23T08:28:33.169Z,S20260423_092137,N/A,AUTO,97.585,415.2927,0.0608,N/A,1,1500,VIDE,0.0,0.0,1.0,0.0,-0.698132,-0.0,5,1,55.094,0.958,,,,,,,,,,,,
6371,2026-04-23T08:28:33.229Z,S20260423_092137,N/A,AUTO,97.6448,415.3525,0.0598,N/A,1,1500,VIDE,0.0,0.0,1.0,0.0,-0.698132,-0.0,5,1,46.471,60.567,,,,,,,,,,,,
6372,2026-04-23T08:28:33.292Z,S20260423_092137,N/A,AUTO,97.7084,415.4161,0.0636,N/A,1,1500,VIDE,0.0,0.0,1.0,0.0,-0.698132,0.0,5,1,49.427,59.196,,,,,,,,,,,,
6373,2026-04-23T08:28:33.355Z,S20260423_092137,N/A,AUTO,97.7712,415.4789,0.0628,N/A,1,1500,VIDE,0.0,0.0,1.0,0.0,-0.698132,0.0,5,1,48.331,64.503,,,,,,,,,,,,
6374,2026-04-23T08:28:33.418Z,S20260423_092137,N/A,AUTO,97.8342,415.5419,0.063,N/A,1,1500,VIDE,0.0,0.0,1.0,0.0,-0.698132,-0.0,5,1,52.033,31.563,,,,,,,,,,,,
6375,2026-04-23T08:28:33.479Z,S20260423_092137,N/A,AUTO,97.8949,415.6025,0.0608,N/A,1,1500,VIDE,0.0,0.0,1.0,0.0,-0.698132,0.0,5,1,55.836,0.508,,,,,,,,,,,,
6376,2026-04-23T08:28:33.549Z,S20260423_092137,N/A,AUTO,97.9645,415.6722,0.0696,N/A,1,1500,VIDE,0.0,0.0,1.0,0.0,-0.698132,-0.0,5,1,24.292,34.506,,,,,,,,,,,,
6377,2026-04-23T08:28:33.590Z,S20260423_092137,N/A,AUTO,98.0062,415.7138,0.0416,N/A,1,1500,VIDE,0.0,0.0,1.0,0.0,-0.698132,0.0,5,1,40.072,0.842,,,,,,,,,,,,
6378,2026-04-23T08:28:33.662Z,S20260423_092137,N/A,AUTO,98.0777,415.7854,0.0717,N/A,1,1500,VIDE,0.0,0.0,1.0,0.0,-0.698132,0.0,5,1,31.115,34.041,,,,,,,,,,,,
6379,2026-04-23T08:28:33.743Z,S20260423_092137,N/A,AUTO,98.1593,415.867,0.0815,N/A,1,1500,VIDE,0.0,0.0,1.0,0.0,-0.698132,0.0,5,1,76.915,37.093,,,,,,,,,,,,
6380,2026-04-23T08:28:34.045Z,S20260423_092137,N/A,AUTO,98.4613,416.169,0.302,N/A,1,1500,VIDE,0.0,0.0,1.0,0.0,-0.698132,0.0,5,1,248.305,0.025,,,,,,,,,,,,
6381,2026-04-23T08:28:34.111Z,S20260423_092137,N/A,AUTO,98.5267,416.2344,0.0654,N/A,1,1500,VIDE,0.0,0.0,1.0,0.0,-0.698132,0.0,5,1,62.886,300.253,,,,,,,,,,,,
6382,2026-04-23T08:28:34.170Z,S20260423_092137,N/A,AUTO,98.5865,416.2941,0.0597,N/A,1,1500,VIDE,0.0,0.0,1.0,0.0,-0.698132,0.0,5,1,56.386,64.313,,,,,,,,,,,,
6383,2026-04-23T08:28:34.220Z,S20260423_092137,N/A,AUTO,98.6361,416.3438,0.0496,N/A,1,1500,VIDE,0.0,0.0,1.0,0.0,-0.698132,0.0,5,1,40.226,59.401,,,,,,,,,,,,
6384,2026-04-23T08:28:34.300Z,S20260423_092137,N/A,AUTO,98.7163,416.424,0.0802,N/A,1,1500,VIDE,0.0,0.0,1.0,0.0,-0.698132,0.0,5,1,42.576,47.295,,,,,,,,,,,,
6385,2026-04-23T08:28:34.350Z,S20260423_092137,N/A,AUTO,98.7658,416.4735,0.0497,N/A,1,1500,VIDE,0.0,0.0,1.0,0.0,-0.698132,0.0,5,1,46.32,43.945,,,,,,,,,,,,
6386,2026-04-23T08:28:34.430Z,S20260423_092137,N/A,AUTO,98.8456,416.5533,0.0798,N/A,1,1500,VIDE,0.0,0.0,1.0,0.0,-0.698132,0.0,5,1,31.276,35.872,,,,,,,,,,,,
6387,2026-04-23T08:28:34.483Z,S20260423_092137,N/A,AUTO,98.8991,416.6068,0.0535,N/A,1,1500,VIDE,0.0,0.0,1.0,0.0,-0.698132,0.0,5,1,31.168,33.911,,,,,,,,,,,,
6388,2026-04-23T08:28:34.543Z,S20260423_092137,N/A,AUTO,98.9592,416.6668,0.0601,N/A,1,1500,VIDE,0.0,0.0,1.0,0.0,-0.698132,0.0,5,1,26.488,30.606,,,,,,,,,,,,
6389,2026-04-23T08:28:34.610Z,S20260423_092137,N/A,AUTO,99.0261,416.7338,0.0669,N/A,1,1500,VIDE,0.0,0.0,1.0,0.0,-0.698132,0.0,5,1,28.338,36.305,,,,,,,,,,,,
6390,2026-04-23T08:28:34.679Z,S20260423_092137,N/A,AUTO,99.095,416.8026,0.0689,N/A,1,1500,VIDE,0.0,0.0,1.0,0.0,-0.698132,0.0,5,1,31.099,29.816,,,,,,,,,,,,
6391,2026-04-23T08:28:34.723Z,S20260423_092137,N/A,AUTO,99.1394,416.847,0.0444,N/A,1,1500,VIDE,0.0,0.0,1.0,0.0,-0.698132,0.0,5,1,39.133,0.343,,,,,,,,,,,,
6392,2026-04-23T08:28:34.801Z,S20260423_092137,N/A,AUTO,99.2168,416.9244,0.0775,N/A,1,1500,VIDE,0.0,0.0,1.0,0.0,-0.698132,0.0,5,1,33.963,40.761,,,,,,,,,,,,
6393,2026-04-23T08:28:34.849Z,S20260423_092137,N/A,AUTO,99.2654,416.9731,0.0485,N/A,1,1500,VIDE,0.0,0.0,1.0,0.0,-0.698132,0.0,5,1,41.084,36.397,,,,,,,,,,,,
6394,2026-04-23T08:28:34.898Z,S20260423_092137,N/A,AUTO,99.3145,417.0222,0.0491,N/A,1,1500,VIDE,0.0,0.0,1.0,0.0,-0.698132,0.0,5,1,38.851,48.94,,,,,,,,,,,,
6395,2026-04-23T08:28:34.999Z,S20260423_092137,N/A,AUTO,99.4149,417.1225,0.1003,N/A,1,1500,VIDE,0.0,0.0,1.0,0.0,-0.698132,0.0,5,1,46.965,0.657,,,,,,,,,,,,
6396,2026-04-23T08:28:35.053Z,S20260423_092137,N/A,AUTO,99.469,417.1766,0.0541,N/A,1,1500,VIDE,0.0,0.0,1.0,0.0,-0.698132,0.0,5,1,42.988,55.626,,,,,,,,,,,,
6397,2026-04-23T08:28:35.103Z,S20260423_092137,N/A,AUTO,99.5186,417.2263,0.0497,N/A,1,1500,VIDE,0.0,0.0,1.0,0.0,-0.698132,0.0,5,1,39.727,53.397,,,,,,,,,,,,
6398,2026-04-23T08:28:35.290Z,S20260423_092137,N/A,AUTO,99.7062,417.4139,0.1876,N/A,1,1500,VIDE,0.0,0.0,1.0,0.0,-0.698132,0.0,5,1,167.909,0.746,,,,,,,,,,,,
6399,2026-04-23T08:28:35.368Z,S20260423_092137,N/A,AUTO,99.7839,417.4915,0.0776,N/A,1,1500,VIDE,0.0,0.0,1.0,0.0,-0.698132,0.0,5,1,167.909,0.746,,,,,,,,,,,,
6400,2026-04-23T08:28:35.428Z,S20260423_092137,N/A,AUTO,99.8441,417.5518,0.0603,N/A,1,1500,VIDE,0.0,0.0,1.0,0.0,-0.698132,0.0,5,1,81.712,186.454,,,,,,,,,,,,
6401,2026-04-23T08:28:35.480Z,S20260423_092137,N/A,AUTO,99.8956,417.6032,0.0514,N/A,1,1500,VIDE,0.0,0.0,1.0,0.0,-0.698132,0.0,5,1,34.13,37.653,,,,,,,,,,,,
6402,2026-04-23T08:28:35.542Z,S20260423_092137,N/A,AUTO,99.9577,417.6654,0.0622,N/A,1,1500,VIDE,0.0,0.0,1.0,0.0,-0.698132,0.0,5,1,24.709,27.938,,,,,,,,,,,,
6403,2026-04-23T08:28:35.599Z,S20260423_092137,N/A,AUTO,100.0153,417.7229,0.0576,N/A,1,1500,VIDE,0.0,0.0,1.0,0.0,-0.698132,0.0,5,1,24.298,31.547,,,,,,,,,,,,
6404,2026-04-23T08:28:35.660Z,S20260423_092137,N/A,AUTO,100.0756,417.7833,0.0603,N/A,1,1500,VIDE,0.0,0.0,1.0,0.0,-0.698132,0.0,5,1,31.67,18.658,,,,,,,,,,,,
6405,2026-04-23T08:28:35.734Z,S20260423_092137,N/A,AUTO,100.1498,417.8574,0.0741,N/A,1,1500,VIDE,0.0,0.0,1.0,0.0,-0.698132,0.0,5,1,43.013,0.008,,,,,,,,,,,,
6406,2026-04-23T08:28:35.781Z,S20260423_092137,N/A,AUTO,100.1968,417.9044,0.0469,N/A,1,1500,VIDE,0.0,0.0,1.0,0.0,-0.698132,0.0,5,1,39.923,46.095,,,,,,,,,,,,
6407,2026-04-23T08:28:35.868Z,S20260423_092137,N/A,AUTO,100.2841,417.9918,0.0875,N/A,1,1500,VIDE,0.0,0.0,1.0,0.0,-0.698132,0.0,5,1,41.955,47.234,,,,,,,,,,,,
6408,2026-04-23T08:28:35.913Z,S20260423_092137,N/A,AUTO,100.3286,418.0363,0.0445,N/A,1,1500,VIDE,0.0,0.0,1.0,0.0,-0.698132,0.0,5,1,73.946,43.078,,,,,,,,,,,,
6409,2026-04-23T08:28:35.995Z,S20260423_092137,N/A,AUTO,100.4115,418.1191,0.0829,N/A,1,1500,VIDE,0.0,0.0,1.0,0.0,-0.698132,0.0,5,1,34.415,42.68,,,,,,,,,,,,
6410,2026-04-23T08:28:36.047Z,S20260423_092137,N/A,AUTO,100.4632,418.1709,0.0516,N/A,1,1500,VIDE,0.0,0.0,1.0,0.0,-0.698132,0.0,5,1,39.51,38.843,,,,,,,,,,,,
6411,2026-04-23T08:28:36.090Z,S20260423_092137,N/A,AUTO,100.5065,418.2141,0.0433,N/A,1,1500,VIDE,0.0,0.0,1.0,0.0,-0.698132,0.0,5,1,34.354,51.78,,,,,,,,,,,,
6412,2026-04-23T08:28:36.174Z,S20260423_092137,N/A,AUTO,100.5898,418.2974,0.0834,N/A,1,1500,VIDE,0.0,0.0,1.0,0.0,-0.698132,0.0,5,1,42.199,43.043,,,,,,,,,,,,
6413,2026-04-23T08:28:36.218Z,S20260423_092137,N/A,AUTO,100.6338,418.3414,0.044,N/A,1,1500,VIDE,0.0,0.0,1.0,0.0,-0.698132,0.0,5,1,71.917,28.905,,,,,,,,,,,,
6414,2026-04-23T08:28:36.304Z,S20260423_092137,N/A,AUTO,100.7199,418.4276,0.0862,N/A,1,1500,VIDE,0.0,0.0,1.0,0.0,-0.698132,0.0,5,1,36.067,45.305,,,,,,,,,,,,
6415,2026-04-23T08:28:36.349Z,S20260423_092137,N/A,AUTO,100.7654,418.4731,0.0455,N/A,1,1500,VIDE,0.0,0.0,1.0,0.0,-0.698132,0.0,5,1,37.108,38.6,,,,,,,,,,,,
6416,2026-04-23T08:28:36.427Z,S20260423_092137,N/A,AUTO,100.8427,418.5504,0.0773,N/A,1,1500,VIDE,0.0,0.0,1.0,0.0,-0.698132,0.0,5,1,45.008,44.693,,,,,,,,,,,,
6417,2026-04-23T08:28:36.470Z,S20260423_092137,N/A,AUTO,100.8862,418.5939,0.0435,N/A,1,1500,VIDE,0.0,0.0,1.0,0.0,-0.698132,0.0,5,1,34.119,20.556,,,,,,,,,,,,
6418,2026-04-23T08:28:36.534Z,S20260423_092137,N/A,AUTO,100.9497,418.6574,0.0636,N/A,1,1500,VIDE,0.0,0.0,1.0,0.0,-0.698132,0.0,5,1,17.372,27.641,,,,,,,,,,,,
6419,2026-04-23T08:28:36.586Z,S20260423_092137,N/A,AUTO,101.0016,418.7093,0.0518,N/A,1,1500,VIDE,0.0,0.0,1.0,0.0,-0.698132,0.0,5,1,18.412,14.571,,,,,,,,,,,,
6420,2026-04-23T08:28:36.649Z,S20260423_092137,N/A,AUTO,101.0652,418.7729,0.0636,N/A,1,1500,VIDE,0.0,0.0,1.0,0.0,-0.698132,0.0,5,1,24.686,8.262,,,,,,,,,,,,
6421,2026-04-23T08:28:36.717Z,S20260423_092137,N/A,AUTO,101.1332,418.8409,0.0681,N/A,1,1500,VIDE,0.0,0.0,1.0,0.0,-0.698132,0.0,5,1,12.013,19.86,,,,,,,,,,,,
6422,2026-04-23T08:28:36.800Z,S20260423_092137,N/A,AUTO,101.2158,418.9234,0.0824,N/A,1,1500,VIDE,0.0,0.0,1.0,0.0,-0.698132,0.0,5,1,73.83,5.606,,,,,,,,,,,,
6423,2026-04-23T08:28:36.847Z,S20260423_092137,N/A,AUTO,101.2626,418.9703,0.0469,N/A,1,1500,VIDE,0.0,0.0,1.0,0.0,-0.698132,0.0,5,1,37.837,38.413,,,,,,,,,,,,
6424,2026-04-23T08:28:36.929Z,S20260423_092137,N/A,AUTO,101.3454,419.0531,0.0827,N/A,1,1500,VIDE,0.0,0.0,1.0,0.0,-0.698132,0.0,5,1,37.392,46.928,,,,,,,,,,,,
6425,2026-04-23T08:28:36.991Z,S20260423_092137,N/A,AUTO,101.4067,419.1144,0.0613,N/A,1,1500,VIDE,0.0,0.0,1.0,0.0,-0.698132,0.0,5,1,53.088,0.861,,,,,,,,,,,,
6426,2026-04-23T08:28:37.028Z,S20260423_092137,N/A,AUTO,101.4445,419.1521,0.0378,N/A,1,1500,VIDE,0.0,0.0,1.0,0.0,-0.698132,0.0,5,1,94.867,41.779,,,,,,,,,,,,
6427,2026-04-23T08:28:37.128Z,S20260423_092137,N/A,AUTO,101.5444,419.252,0.0999,N/A,1,1500,VIDE,0.0,0.0,1.0,0.0,-0.698132,0.0,5,1,83.094,23.578,,,,,,,,,,,,
6428,2026-04-23T08:28:37.183Z,S20260423_092137,N/A,AUTO,101.5987,419.3064,0.0543,N/A,1,1500,VIDE,0.0,0.0,1.0,0.0,-0.698132,0.0,5,1,41.403,50.762,,,,,,,,,,,,
6429,2026-04-23T08:28:37.236Z,S20260423_092137,N/A,AUTO,101.6525,419.3601,0.0537,N/A,1,1500,VIDE,0.0,0.0,1.0,0.0,-0.698132,0.0,5,1,41.968,54.337,,,,,,,,,,,,
6430,2026-04-23T08:28:37.295Z,S20260423_092137,N/A,AUTO,101.7111,419.4188,0.0587,N/A,1,1500,VIDE,0.0,0.0,1.0,0.0,-0.698132,0.0,5,1,45.527,53.529,,,,,,,,,,,,
6431,2026-04-23T08:28:37.346Z,S20260423_092137,N/A,AUTO,101.7625,419.4702,0.0514,N/A,1,1500,VIDE,0.0,0.0,1.0,0.0,-0.698132,0.0,5,1,43.824,58.829,,,,,,,,,,,,
6432,2026-04-23T08:28:37.399Z,S20260423_092137,N/A,AUTO,101.8155,419.5232,0.053,N/A,1,1500,VIDE,0.0,0.0,1.0,0.0,-0.698132,0.0,5,1,99.008,55.185,,,,,,,,,,,,
6433,2026-04-23T08:28:37.476Z,S20260423_092137,N/A,AUTO,101.8916,419.5993,0.0762,N/A,1,1500,VIDE,0.0,0.0,1.0,0.0,-0.698132,0.0,5,1,7.491,39.452,,,,,,,,,,,,
6434,2026-04-23T08:28:37.532Z,S20260423_092137,N/A,AUTO,101.948,419.6557,0.0564,N/A,1,1500,VIDE,0.0,0.0,1.0,0.0,-0.698132,0.0,5,1,27.182,27.428,,,,,,,,,,,,
6435,2026-04-23T08:28:37.597Z,S20260423_092137,N/A,AUTO,102.0132,419.7208,0.0651,N/A,1,1500,VIDE,0.0,0.0,1.0,0.0,-0.698132,0.0,5,1,33.283,29.441,,,,,,,,,,,,
6436,2026-04-23T08:28:37.656Z,S20260423_092137,N/A,AUTO,102.0719,419.7795,0.0587,N/A,1,1500,VIDE,0.0,0.0,1.0,0.0,-0.698132,0.0,5,1,27.955,0.641,,,,,,,,,,,,
6437,2026-04-23T08:28:37.722Z,S20260423_092137,N/A,AUTO,102.1381,419.8458,0.0662,N/A,1,1500,VIDE,0.0,0.0,1.0,0.0,-0.698132,0.0,5,1,32.701,23.826,,,,,,,,,,,,
6438,2026-04-23T08:28:37.776Z,S20260423_092137,N/A,AUTO,102.1921,419.8997,0.054,N/A,1,1500,VIDE,0.0,0.0,1.0,0.0,-0.698132,0.0,5,1,22.166,33.435,,,,,,,,,,,,
6439,2026-04-23T08:28:37.870Z,S20260423_092137,N/A,AUTO,102.2857,419.9933,0.0936,N/A,1,1500,VIDE,0.0,0.0,1.0,0.0,-0.698132,0.0,5,1,39.307,45.368,,,,,,,,,,,,
6440,2026-04-23T08:28:37.919Z,S20260423_092137,N/A,AUTO,102.3346,420.0423,0.0489,N/A,1,1500,VIDE,0.0,0.0,1.0,0.0,-0.698132,0.0,5,1,39.541,43.724,,,,,,,,,,,,
6441,2026-04-23T08:28:37.967Z,S20260423_092137,N/A,AUTO,102.3828,420.0904,0.0481,N/A,1,1500,VIDE,0.0,0.0,1.0,0.0,-0.698132,0.0,5,1,37.613,49.187,,,,,,,,,,,,
6442,2026-04-23T08:28:38.047Z,S20260423_092137,N/A,AUTO,102.4633,420.171,0.0807,N/A,1,1500,VIDE,0.0,0.0,1.0,0.0,-0.698132,0.0,5,1,45.478,47.036,,,,,,,,,,,,
6443,2026-04-23T08:28:38.089Z,S20260423_092137,N/A,AUTO,102.5053,420.213,0.042,N/A,1,1500,VIDE,0.0,0.0,1.0,0.0,-0.698132,0.0,5,1,47.993,43.284,,,,,,,,,,,,
6444,2026-04-23T08:28:38.172Z,S20260423_092137,N/A,AUTO,102.588,420.2957,0.0827,N/A,1,1500,VIDE,0.0,0.0,1.0,0.0,-0.698132,0.0,5,1,36.634,41.801,,,,,,,,,,,,
6445,2026-04-23T08:28:38.219Z,S20260423_092137,N/A,AUTO,102.6352,420.3429,0.0472,N/A,1,1500,VIDE,0.0,0.0,1.0,0.0,-0.698132,0.0,5,1,41.29,40.481,,,,,,,,,,,,
6446,2026-04-23T08:28:38.310Z,S20260423_092137,N/A,AUTO,102.7261,420.4338,0.0909,N/A,1,1500,VIDE,0.0,0.0,1.0,0.0,-0.698132,0.0,5,1,47.622,45.825,,,,,,,,,,,,
6447,2026-04-23T08:28:38.362Z,S20260423_092137,N/A,AUTO,102.778,420.4857,0.0518,N/A,1,1500,VIDE,0.0,0.0,1.0,0.0,-0.698132,0.0,5,1,32.14,34.852,,,,,,,,,,,,
6448,2026-04-23T08:28:38.413Z,S20260423_092137,N/A,AUTO,102.8286,420.5363,0.0507,N/A,1,1500,VIDE,0.0,0.0,1.0,0.0,-0.698132,0.0,5,1,34.502,47.138,,,,,,,,,,,,
6449,2026-04-23T08:28:38.487Z,S20260423_092137,N/A,AUTO,102.9034,420.6111,0.0748,N/A,1,1500,VIDE,0.0,0.0,1.0,0.0,-0.698132,0.0,5,1,72.07,36.988,,,,,,,,,,,,
6450,2026-04-23T08:28:38.532Z,S20260423_092137,N/A,AUTO,102.9485,420.6561,0.0451,N/A,1,1500,VIDE,0.0,0.0,1.0,0.0,-0.698132,0.0,5,1,25.486,0.722,,,,,,,,,,,,
6451,2026-04-23T08:28:38.584Z,S20260423_092137,N/A,AUTO,103.0,420.7077,0.0515,N/A,1,1500,VIDE,0.0,0.0,1.0,0.0,-0.698132,0.0,5,1,8.621,23.418,,,,,,,,,,,,
6452,2026-04-23T08:28:38.648Z,S20260423_092137,N/A,AUTO,103.0641,420.7717,0.064,N/A,1,1500,VIDE,0.0,0.0,1.0,0.0,-0.698132,0.0,5,1,23.148,6.133,,,,,,,,,,,,
6453,2026-04-23T08:28:38.717Z,S20260423_092137,N/A,AUTO,103.1329,420.8405,0.0687,N/A,1,1500,VIDE,0.0,0.0,1.0,0.0,-0.698132,0.0,5,1,31.513,0.07,,,,,,,,,,,,
6454,2026-04-23T08:28:38.798Z,S20260423_092137,N/A,AUTO,103.2144,420.922,0.0815,N/A,1,1500,VIDE,0.0,0.0,1.0,0.0,-0.698132,0.0,5,1,43.366,33.2,,,,,,,,,,,,
6455,2026-04-23T08:28:38.846Z,S20260423_092137,N/A,AUTO,103.2622,420.9699,0.0478,N/A,1,1500,VIDE,0.0,0.0,1.0,0.0,-0.698132,0.0,5,1,69.429,40.423,,,,,,,,,,,,
6456,2026-04-23T08:28:38.930Z,S20260423_092137,N/A,AUTO,103.3465,421.0542,0.0843,N/A,1,1500,VIDE,0.0,0.0,1.0,0.0,-0.698132,0.0,5,1,39.623,40.886,,,,,,,,,,,,
6457,2026-04-23T08:28:38.980Z,S20260423_092137,N/A,AUTO,103.3964,421.1041,0.0495,N/A,1,1500,VIDE,0.0,0.0,1.0,0.0,-0.698132,0.0,5,1,40.191,42.496,,,,,,,,,,,,
6458,2026-04-23T08:28:39.028Z,S20260423_092137,N/A,AUTO,103.4436,421.1513,0.0475,N/A,1,1500,VIDE,0.0,0.0,1.0,0.0,-0.698132,0.0,5,1,89.725,49.534,,,,,,,,,,,,
6459,2026-04-23T08:28:39.101Z,S20260423_092137,N/A,AUTO,103.5175,421.2252,0.074,N/A,1,1500,VIDE,0.0,0.0,1.0,0.0,-0.698132,0.0,5,1,50.535,40.612,,,,,,,,,,,,
6460,2026-04-23T08:28:39.149Z,S20260423_092137,N/A,AUTO,103.5648,421.2725,0.0473,N/A,1,1500,VIDE,0.0,0.0,1.0,0.0,-0.698132,0.0,5,1,34.9,27.886,,,,,,,,,,,,
6461,2026-04-23T08:28:39.226Z,S20260423_092137,N/A,AUTO,103.6424,421.35,0.0776,N/A,1,1500,VIDE,0.0,0.0,1.0,0.0,-0.698132,0.0,5,1,30.705,43.233,,,,,,,,,,,,
6462,2026-04-23T08:28:39.300Z,S20260423_092137,N/A,AUTO,103.7161,421.4238,0.0737,N/A,1,1500,VIDE,0.0,0.0,1.0,0.0,-0.698132,0.0,5,1,35.762,33.958,,,,,,,,,,,,
6463,2026-04-23T08:28:39.348Z,S20260423_092137,N/A,AUTO,103.764,421.4716,0.0479,N/A,1,1500,VIDE,0.0,0.0,1.0,0.0,-0.698132,0.0,5,1,38.207,40.246,,,,,,,,,,,,
6464,2026-04-23T08:28:39.432Z,S20260423_092137,N/A,AUTO,103.8476,421.5553,0.0836,N/A,1,1500,VIDE,0.0,0.0,1.0,0.0,-0.698132,0.0,5,1,6.146,43.736,,,,,,,,,,,,
6465,2026-04-23T08:28:39.481Z,S20260423_092137,N/A,AUTO,103.8968,421.6044,0.0491,N/A,1,1500,VIDE,0.0,0.0,1.0,0.0,-0.698132,0.0,5,1,20.154,35.87,,,,,,,,,,,,
6466,2026-04-23T08:28:39.547Z,S20260423_092137,N/A,AUTO,103.9627,421.6704,0.066,N/A,1,1500,VIDE,0.0,0.0,0.0,0.0,-0.698132,0.0,5,1,24.307,34.02,,,,,,,,,,,,
6467,2026-04-23T08:28:39.591Z,S20260423_092137,N/A,AUTO,104.0066,421.7142,0.0438,N/A,1,1500,VIDE,0.0,0.0,0.0,0.0,-0.698132,0.0,5,1,26.87,24.98,,,,,,,,,,,,
6468,2026-04-23T08:28:39.658Z,S20260423_092137,N/A,AUTO,104.0741,421.7817,0.0675,N/A,1,1500,VIDE,0.0,0.0,0.0,0.0,-0.698132,0.0,5,1,46.798,0.798,,,,,,,,,,,,
6469,2026-04-23T08:28:39.716Z,S20260423_092137,N/A,AUTO,104.1316,421.8392,0.0575,N/A,1,1500,VIDE,0.0,0.0,0.0,0.0,-0.698132,0.0,5,1,27.104,27.184,,,,,,,,,,,,
6470,2026-04-23T08:28:39.804Z,S20260423_092137,N/A,AUTO,104.2203,421.9279,0.0886,N/A,1,1500,VIDE,0.0,0.0,0.0,0.0,-0.698132,0.0,5,1,44.539,39.64,,,,,,,,,,,,
6471,2026-04-23T08:28:39.860Z,S20260423_092137,N/A,AUTO,104.2762,421.9838,0.0559,N/A,1,1500,VIDE,0.0,0.0,0.0,0.0,-0.698132,0.0,5,1,49.628,48.484,,,,,,,,,,,,
6472,2026-04-23T08:28:39.913Z,S20260423_092137,N/A,AUTO,104.3288,422.0365,0.0527,N/A,1,1500,VIDE,0.0,0.0,0.0,0.0,-0.698132,-0.0,5,1,49.686,0.602,,,,,,,,,,,,
6473,2026-04-23T08:28:39.981Z,S20260423_092137,N/A,AUTO,104.3967,422.1043,0.0677,N/A,1,1500,VIDE,0.0,0.0,0.0,0.0,-0.698132,-0.0,5,1,55.411,52.061,,,,,,,,,,,,
6474,2026-04-23T08:28:40.047Z,S20260423_092137,N/A,AUTO,104.4629,422.1706,0.0663,N/A,1,1500,VIDE,0.0,0.0,0.0,0.0,-0.698132,-0.0,5,1,55.176,68.156,,,,,,,,,,,,
6475,2026-04-23T08:28:40.116Z,S20260423_092137,N/A,AUTO,104.5323,422.24,0.0694,N/A,1,1500,VIDE,0.0,0.0,0.0,0.0,-0.698132,-0.0,5,1,55.307,65.6,,,,,,,,,,,,
6476,2026-04-23T08:28:40.176Z,S20260423_092137,N/A,AUTO,104.5923,422.2999,0.06,N/A,1,1500,VIDE,0.0,0.0,0.0,0.0,-0.698132,-0.0,5,1,47.938,69.745,,,,,,,,,,,,
6477,2026-04-23T08:28:40.245Z,S20260423_092137,N/A,AUTO,104.6611,422.3688,0.0688,N/A,1,1500,VIDE,0.0,0.0,0.0,0.0,-0.698132,-0.0,5,1,54.318,59.619,,,,,,,,,,,,
6478,2026-04-23T08:28:40.305Z,S20260423_092137,N/A,AUTO,104.7214,422.429,0.0602,N/A,1,1500,VIDE,0.0,0.0,0.0,0.0,-0.698132,-0.0,5,1,36.735,63.407,,,,,,,,,,,,
6479,2026-04-23T08:28:40.368Z,S20260423_092137,N/A,AUTO,104.7838,422.4915,0.0625,N/A,1,1500,VIDE,0.0,0.0,0.0,0.0,-0.698132,-0.0,5,1,59.503,23.896,,,,,,,,,,,,
6480,2026-04-23T08:28:40.436Z,S20260423_092137,N/A,AUTO,104.8519,422.5596,0.0681,N/A,1,1500,VIDE,0.0,0.0,0.0,0.0,-0.698132,-0.0,5,1,62.705,0.814,,,,,,,,,,,,
6481,2026-04-23T08:28:40.486Z,S20260423_092137,N/A,AUTO,104.9023,422.61,0.0504,N/A,1,1500,VIDE,0.0,0.0,0.0,0.0,-0.698132,-0.0,5,1,43.522,68.107,,,,,,,,,,,,
6482,2026-04-23T08:28:40.528Z,S20260423_092137,N/A,AUTO,104.944,422.6516,0.0417,N/A,1,1500,VIDE,0.0,0.0,0.0,0.0,-0.698132,-0.0,5,1,33.948,50.01,,,,,,,,,,,,
6483,2026-04-23T08:28:40.597Z,S20260423_092137,N/A,AUTO,105.0129,422.7206,0.0689,N/A,1,1500,VIDE,0.0,0.0,0.0,0.0,-0.698132,-0.0,5,1,29.078,0.006,,,,,,,,,,,,
6484,2026-04-23T08:28:40.673Z,S20260423_092137,N/A,AUTO,105.0894,422.7971,0.0765,N/A,1,1500,VIDE,0.0,0.0,0.0,0.0,-0.698132,-0.0,5,1,33.803,0.005,,,,,,,,,,,,
6485,2026-04-23T08:28:40.710Z,S20260423_092137,N/A,AUTO,105.126,422.8337,0.0366,N/A,1,1500,VIDE,0.0,0.0,0.0,0.0,-0.698132,-0.0,5,1,29.353,36.4,,,,,,,,,,,,
6486,2026-04-23T08:28:40.831Z,S20260423_092137,N/A,AUTO,105.2466,422.9542,0.1205,N/A,1,1500,VIDE,0.0,0.0,0.0,0.0,-0.698132,-0.0,5,1,64.185,42.306,,,,,,,,,,,,
6487,2026-04-23T08:28:40.884Z,S20260423_092137,N/A,AUTO,105.2997,423.0073,0.0529,N/A,1,1500,VIDE,0.0,0.0,0.0,0.000843,-0.698132,-9.2e-05,1,0,43.019,0.007,,,,,,,,,,,,
6488,2026-04-23T08:28:40.915Z,S20260423_092137,N/A,AUTO,105.3313,423.0389,0.0318,N/A,1,1500,VIDE,0.0,0.0,0.0,0.000843,-0.698132,-9.2e-05,1,0,43.019,0.007,,,,,,,,,,,,
6489,2026-04-23T08:28:41.419Z,S20260423_092137,N/A,AUTO,105.8346,423.5423,0.5033,N/A,1,1500,VIDE,0.0,0.0,0.0,0.000584,-0.698132,-0.0,1,0,496.039,0.37,,,,,,,,,,,,
6490,2026-04-23T08:28:41.460Z,S20260423_092137,N/A,AUTO,105.876,423.5836,0.0413,N/A,1,1500,VIDE,0.0,0.0,0.0,0.000583,-0.698132,-0.0,1,0,539.896,43.857,,,,,,,,,,,,
6491,2026-04-23T08:28:41.523Z,S20260423_092137,N/A,AUTO,105.9387,423.6464,0.0628,N/A,1,1500,VIDE,0.0,0.0,0.0,0.000483,-0.698132,-0.0,1,0,72.114,6.956,,,,,,,,,,,,
6492,2026-04-23T08:28:41.584Z,S20260423_092137,N/A,AUTO,106.0,423.7076,0.0612,N/A,1,1500,VIDE,0.0,0.0,0.0,0.001042,-0.698132,0.0,1,0,19.246,16.4,,,,,,,,,,,,
6493,2026-04-23T08:28:41.651Z,S20260423_092137,N/A,AUTO,106.0669,423.7745,0.0669,N/A,1,1500,VIDE,0.0,0.0,0.0,0.001929,-0.698132,0.0,1,0,8.107,19.255,,,,,,,,,,,,
6494,2026-04-23T08:28:41.715Z,S20260423_092137,N/A,AUTO,106.1311,423.8388,0.0642,N/A,1,1500,VIDE,0.0,0.0,0.0,0.002198,-0.698132,-0.0,1,0,19.101,19.175,,,,,,,,,,,,
6495,2026-04-23T08:28:41.771Z,S20260423_092137,N/A,AUTO,106.1875,423.8951,0.0563,N/A,1,1500,VIDE,0.0,0.0,0.0,0.002204,-0.698132,0.0,1,0,33.447,19.682,,,,,,,,,,,,
6496,2026-04-23T08:28:41.835Z,S20260423_092137,N/A,AUTO,106.2509,423.9586,0.0635,N/A,1,1500,VIDE,0.0,0.0,0.0,0.002138,-0.698132,-0.0,1,0,46.332,18.773,,,,,,,,,,,,
6497,2026-04-23T08:28:41.898Z,S20260423_092137,N/A,AUTO,106.3138,424.0215,0.0628,N/A,1,1500,VIDE,0.0,0.0,0.0,0.002077,-0.698132,-0.0,1,0,32.299,19.791,,,,,,,,,,,,
6498,2026-04-23T08:28:41.966Z,S20260423_092137,N/A,AUTO,106.3822,424.0899,0.0684,N/A,1,1500,VIDE,0.0,0.0,0.0,0.001921,-0.698132,-0.0,1,0,36.934,14.686,,,,,,,,,,,,
6499,2026-04-23T08:28:42.023Z,S20260423_092137,N/A,AUTO,106.4388,424.1465,0.0566,N/A,1,1500,VIDE,0.0,0.0,0.0,0.001832,-0.698132,-0.0,1,0,41.28,22.506,,,,,,,,,,,,
6500,2026-04-23T08:28:42.086Z,S20260423_092137,N/A,AUTO,106.5021,424.2098,0.0633,N/A,1,1500,VIDE,0.0,0.0,0.0,0.001739,-0.698132,0.0,1,0,30.417,17.781,,,,,,,,,,,,
6501,2026-04-23T08:28:42.293Z,S20260423_092137,N/A,AUTO,106.7086,424.4163,0.2065,N/A,1,1500,VIDE,0.0,0.0,0.0,0.001273,-0.698132,0.0,1,0,169.264,0.547,,,,,,,,,,,,
6502,2026-04-23T08:28:42.340Z,S20260423_092137,N/A,AUTO,106.7562,424.4639,0.0477,N/A,1,1500,VIDE,0.0,0.0,0.0,0.001186,-0.698132,0.0,1,0,8.19,208.029,,,,,,,,,,,,
6503,2026-04-23T08:28:42.403Z,S20260423_092137,N/A,AUTO,106.8189,424.5265,0.0626,N/A,1,1500,VIDE,0.0,0.0,0.0,0.001186,-0.698132,0.0,1,0,8.19,208.029,,,,,,,,,,,,
6504,2026-04-23T08:28:42.461Z,S20260423_092137,N/A,AUTO,106.8773,424.5849,0.0585,N/A,1,1500,VIDE,0.0,0.0,0.0,0.001024,-0.698132,0.0,1,0,92.676,15.021,,,,,,,,,,,,
6505,2026-04-23T08:28:42.522Z,S20260423_092137,N/A,AUTO,106.9379,424.6455,0.0605,N/A,1,1500,VIDE,0.0,0.0,0.0,0.000949,-0.698132,0.0,1,0,73.079,19.035,,,,,,,,,,,,
6506,2026-04-23T08:28:42.584Z,S20260423_092137,N/A,AUTO,107.0004,424.7081,0.0626,N/A,1,1500,VIDE,0.0,0.0,0.0,0.000748,-0.698132,-0.0,1,0,7.459,19.793,,,,,,,,,,,,
6507,2026-04-23T08:28:42.649Z,S20260423_092137,N/A,AUTO,107.0647,424.7724,0.0643,N/A,1,1500,VIDE,0.0,0.0,0.0,0.000583,-0.698132,-0.0,1,0,20.726,19.074,,,,,,,,,,,,
6508,2026-04-23T08:28:42.712Z,S20260423_092137,N/A,AUTO,107.1277,424.8354,0.063,N/A,1,1500,VIDE,0.0,0.0,0.0,0.000491,-0.698132,-0.0,1,0,6.897,18.286,,,,,,,,,,,,
6509,2026-04-23T08:28:42.774Z,S20260423_092137,N/A,AUTO,107.1903,424.8979,0.0624,N/A,1,1500,VIDE,0.0,0.0,0.0,0.000412,-0.698132,0.0,1,0,26.022,18.545,,,,,,,,,,,,
6510,2026-04-23T08:28:42.839Z,S20260423_092137,N/A,AUTO,107.2549,424.9626,0.0646,N/A,1,1500,VIDE,0.0,0.0,0.0,0.000377,-0.698132,0.0,1,0,27.647,19.259,,,,,,,,,,,,
6511,2026-04-23T08:28:42.900Z,S20260423_092137,N/A,AUTO,107.3157,425.0234,0.0609,N/A,1,1500,VIDE,0.0,0.0,0.0,0.000314,-0.698132,-0.0,1,0,36.906,20.619,,,,,,,,,,,,
6512,2026-04-23T08:28:42.968Z,S20260423_092137,N/A,AUTO,107.3845,425.0921,0.0688,N/A,1,1500,VIDE,0.0,0.0,0.0,0.000262,-0.698132,-0.0,1,0,38.073,13.802,,,,,,,,,,,,
6513,2026-04-23T08:28:43.024Z,S20260423_092137,N/A,AUTO,107.4399,425.1475,0.0554,N/A,1,1500,VIDE,0.0,0.0,0.0,0.000238,-0.698132,-0.0,1,0,32.847,24.968,,,,,,,,,,,,
6514,2026-04-23T08:28:43.085Z,S20260423_092137,N/A,AUTO,107.5012,425.2089,0.0614,N/A,1,1500,VIDE,0.0,0.0,0.0,0.000198,-0.698132,-0.0,1,0,37.724,17.694,,,,,,,,,,,,
6515,2026-04-23T08:28:43.148Z,S20260423_092137,N/A,AUTO,107.5642,425.2719,0.0629,N/A,1,1500,VIDE,0.0,0.0,0.0,0.00018,-0.698132,-0.0,1,0,43.428,20.148,,,,,,,,,,,,
6516,2026-04-23T08:28:43.211Z,S20260423_092137,N/A,AUTO,107.6268,425.3345,0.0626,N/A,1,1500,VIDE,0.0,0.0,0.0,0.000164,-0.698132,-0.0,1,0,25.432,18.754,,,,,,,,,,,,
6517,2026-04-23T08:28:43.274Z,S20260423_092137,N/A,AUTO,107.6903,425.398,0.0635,N/A,1,1500,VIDE,0.0,0.0,0.0,0.000135,-0.698132,0.0,1,0,29.426,18.602,,,,,,,,,,,,
6518,2026-04-23T08:28:43.338Z,S20260423_092137,N/A,AUTO,107.7538,425.4614,0.0636,N/A,1,1500,VIDE,0.0,0.0,0.0,0.000111,-0.698132,0.0,1,0,26.854,20.985,,,,,,,,,,,,
6519,2026-04-23T08:28:43.396Z,S20260423_092137,N/A,AUTO,107.8124,425.5201,0.0585,N/A,1,1500,VIDE,0.0,0.0,0.0,0.000101,-0.698132,-0.0,1,0,27.768,20.482,,,,,,,,,,,,
6520,2026-04-23T08:28:43.461Z,S20260423_092137,N/A,AUTO,107.877,425.5846,0.0645,N/A,1,1500,VIDE,0.0,0.0,0.0,0.0,-0.698132,-0.0,1,0,32.427,16.138,,,,,,,,,,,,
6521,2026-04-23T08:28:43.521Z,S20260423_092137,N/A,AUTO,107.937,425.6446,0.0601,N/A,1,1500,VIDE,0.0,0.0,0.0,0.0,-0.698132,-0.0,1,0,11.452,19.561,,,,,,,,,,,,
6522,2026-04-23T08:28:43.709Z,S20260423_092137,N/A,AUTO,108.1253,425.833,0.1884,N/A,1,1500,VIDE,0.0,0.0,0.0,0.0,-0.698132,-0.0,3,0,164.01,20.041,,,,,,,,,,,,
6523,2026-04-23T08:28:43.715Z,S20260423_092137,N/A,AUTO,108.1312,425.8388,0.0058,N/A,1,1500,VIDE,0.0,0.0,0.0,0.0,-0.698132,0.0,3,0,166.84,0.129,,,,,,,,,,,,
6524,2026-04-23T08:28:43.776Z,S20260423_092137,N/A,AUTO,108.1924,425.9,0.0612,N/A,1,1500,VIDE,0.0,0.0,0.0,0.0,-0.698132,0.0,1,0,62.853,0.161,,,,,,,,,,,,
6525,2026-04-23T08:28:43.837Z,S20260423_092137,N/A,AUTO,108.253,425.9606,0.0606,N/A,1,1500,VIDE,0.0,0.0,0.0,0.0,-0.698132,0.0,1,0,126.305,0.604,,,,,,,,,,,,
6526,2026-04-23T08:28:43.897Z,S20260423_092137,N/A,AUTO,108.3134,426.021,0.0604,N/A,1,1500,VIDE,0.0,0.0,0.0,0.0,-0.698132,0.0,1,0,186.44,0.435,,,,,,,,,,,,
6527,2026-04-23T08:28:44.146Z,S20260423_092137,N/A,AUTO,108.5615,426.2692,0.2482,N/A,1,1500,VIDE,0.0,0.0,0.0,0.0,-0.698132,0.0,1,0,394.236,0.377,,,,,,,,,,,,
6528,2026-04-23T08:28:44.153Z,S20260423_092137,N/A,AUTO,108.5695,426.2772,0.0079,N/A,1,1500,VIDE,0.0,0.0,0.0,0.0,-0.698132,0.0,1,0,394.236,0.377,,,,,,,,,,,,
6529,2026-04-23T08:28:44.212Z,S20260423_092137,N/A,AUTO,108.628,426.3356,0.0583,N/A,1,1500,VIDE,0.0,0.0,0.0,0.0,-0.698132,-0.0,1,0,400.559,7.787,,,,,,,,,,,,
6530,2026-04-23T08:28:44.273Z,S20260423_092137,N/A,AUTO,108.6888,426.3965,0.061,N/A,1,1500,VIDE,0.0,0.0,0.0,0.0,-0.698132,-0.0,1,0,388.815,18.965,,,,,,,,,,,,
6531,2026-04-23T08:28:44.337Z,S20260423_092137,N/A,AUTO,108.7528,426.4605,0.0639,N/A,1,1500,VIDE,0.0,0.0,0.0,0.0,-0.698132,0.0,1,0,173.133,200.862,,,,,,,,,,,,
6532,2026-04-23T08:28:44.400Z,S20260423_092137,N/A,AUTO,108.8157,426.5234,0.0628,N/A,1,1500,VIDE,0.0,0.0,0.0,0.0,-0.698132,-0.0,1,0,159.089,19.482,,,,,,,,,,,,
6533,2026-04-23T08:28:44.461Z,S20260423_092137,N/A,AUTO,108.8769,426.5846,0.0613,N/A,1,1500,VIDE,0.0,0.0,0.0,0.0,-0.698132,0.0,1,0,123.984,17.988,,,,,,,,,,,,
6534,2026-04-23T08:28:44.521Z,S20260423_092137,N/A,AUTO,108.9375,426.6452,0.0606,N/A,1,1500,VIDE,0.0,0.0,0.0,0.0,-0.698132,-0.0,1,0,65.685,18.761,,,,,,,,,,,,
6535,2026-04-23T08:28:44.584Z,S20260423_092137,N/A,AUTO,108.9998,426.7074,0.0623,N/A,1,1500,VIDE,0.0,0.0,0.0,0.0,-0.698132,-0.0,1,0,12.787,20.271,,,,,,,,,,,,
6536,2026-04-23T08:28:44.647Z,S20260423_092137,N/A,AUTO,109.0628,426.7704,0.063,N/A,1,1500,VIDE,0.0,0.0,0.0,0.0,-0.698132,0.0,1,0,22.392,0.858,,,,,,,,,,,,
6537,2026-04-23T08:28:44.709Z,S20260423_092137,N/A,AUTO,109.1254,426.833,0.0626,N/A,1,1500,VIDE,0.0,0.0,0.0,0.0,-0.698132,0.0,1,0,6.932,20.891,,,,,,,,,,,,
6538,2026-04-23T08:28:44.772Z,S20260423_092137,N/A,AUTO,109.1882,426.8958,0.0626,N/A,1,1500,VIDE,0.0,0.0,0.0,0.0,-0.698132,0.0,1,0,27.061,20.257,,,,,,,,,,,,
6539,2026-04-23T08:28:44.836Z,S20260423_092137,N/A,AUTO,109.2526,426.9603,0.0644,N/A,1,1500,VIDE,0.0,0.0,0.0,0.0,-0.698132,0.0,1,0,30.845,18.145,,,,,,,,,,,,
6540,2026-04-23T08:28:44.899Z,S20260423_092137,N/A,AUTO,109.3147,427.0223,0.0622,N/A,1,1500,VIDE,0.0,0.0,0.0,0.0,-0.698132,0.0,1,0,73.216,18.228,,,,,,,,,,,,
6541,2026-04-23T08:28:44.982Z,S20260423_092137,N/A,AUTO,109.398,427.1057,0.0834,N/A,1,1500,VIDE,0.0,0.0,0.0,0.0,-0.698132,0.0,1,0,51.624,16.298,,,,,,,,,,,,
6542,2026-04-23T08:28:45.023Z,S20260423_092137,N/A,AUTO,109.4388,427.1464,0.0407,N/A,1,1500,VIDE,0.0,0.0,0.0,0.0,-0.698132,0.0,1,0,36.766,37.596,,,,,,,,,,,,
6543,2026-04-23T08:28:45.085Z,S20260423_092137,N/A,AUTO,109.5006,427.2082,0.0619,N/A,1,1500,VIDE,0.0,0.0,0.0,0.0,-0.698132,0.0,1,0,35.295,24.292,,,,,,,,,,,,
6544,2026-04-23T08:28:45.147Z,S20260423_092137,N/A,AUTO,109.5628,427.2704,0.0621,N/A,1,1500,VIDE,0.0,0.0,0.0,0.0,-0.698132,0.0,1,0,37.362,18.572,,,,,,,,,,,,
6545,2026-04-23T08:28:45.210Z,S20260423_092137,N/A,AUTO,109.6258,427.3334,0.063,N/A,1,1500,VIDE,0.0,0.0,0.0,0.0,-0.698132,0.0,1,0,42.689,18.201,,,,,,,,,,,,
6546,2026-04-23T08:28:45.274Z,S20260423_092137,N/A,AUTO,109.6903,427.398,0.0645,N/A,1,1500,VIDE,0.0,0.0,0.0,0.0,-0.698132,0.0,1,0,48.94,27.334,,,,,,,,,,,,
6547,2026-04-23T08:28:45.338Z,S20260423_092137,N/A,AUTO,109.7542,427.4619,0.064,N/A,1,1500,VIDE,0.0,0.0,0.0,0.0,-0.698132,0.0,1,0,36.028,18.235,,,,,,,,,,,,
6548,2026-04-23T08:28:45.402Z,S20260423_092137,N/A,AUTO,109.8184,427.526,0.0642,N/A,1,1500,VIDE,0.0,0.0,0.0,0.0,-0.698132,0.0,1,0,53.818,17.929,,,,,,,,,,,,
6549,2026-04-23T08:28:45.460Z,S20260423_092137,N/A,AUTO,109.8758,427.5835,0.0575,N/A,1,1500,VIDE,0.0,0.0,0.0,0.0,-0.698132,0.0,1,0,36.909,24.087,,,,,,,,,,,,
6550,2026-04-23T08:28:45.523Z,S20260423_092137,N/A,AUTO,109.9392,427.6469,0.0634,N/A,1,1500,VIDE,0.0,0.0,0.0,0.0,-0.698132,0.0,1,0,4.613,19.124,,,,,,,,,,,,
6551,2026-04-23T08:28:45.585Z,S20260423_092137,N/A,AUTO,110.0009,427.7086,0.0617,N/A,1,1500,VIDE,0.0,0.0,0.0,0.0,-0.698132,0.0,1,0,15.962,18.402,,,,,,,,,,,,
6552,2026-04-23T08:28:45.651Z,S20260423_092137,N/A,AUTO,110.0675,427.7751,0.0664,N/A,1,1500,VIDE,0.0,0.0,0.0,0.0,-0.698132,0.0,1,0,6.107,19.76,,,,,,,,,,,,
6553,2026-04-23T08:28:45.717Z,S20260423_092137,N/A,AUTO,110.1328,427.8405,0.0654,N/A,1,1500,VIDE,0.0,0.0,0.0,0.0,-0.698132,0.0,1,0,12.168,19.965,,,,,,,,,,,,
6554,2026-04-23T08:28:45.774Z,S20260423_092137,N/A,AUTO,110.1904,427.8981,0.0575,N/A,1,1500,VIDE,0.0,0.0,0.0,0.0,-0.698132,0.0,1,0,43.865,18.431,,,,,,,,,,,,
6555,2026-04-23T08:28:45.841Z,S20260423_092137,N/A,AUTO,110.2573,427.9649,0.0668,N/A,1,1500,VIDE,0.0,0.0,0.0,0.0,-0.698132,0.0,1,0,27.338,19.34,,,,,,,,,,,,
6556,2026-04-23T08:28:45.897Z,S20260423_092137,N/A,AUTO,110.3135,428.0212,0.0563,N/A,1,1500,VIDE,0.0,0.0,0.0,0.0,-0.698132,0.0,1,0,29.096,15.386,,,,,,,,,,,,
6557,2026-04-23T08:28:45.986Z,S20260423_092137,N/A,AUTO,110.4022,428.1099,0.0887,N/A,1,1500,VIDE,0.0,0.0,0.0,0.0,-0.698132,0.0,1,0,34.199,19.954,,,,,,,,,,,,
6558,2026-04-23T08:28:46.133Z,S20260423_092137,N/A,AUTO,110.549,428.2567,0.1468,N/A,1,1500,VIDE,0.0,0.0,0.0,0.0,-0.698132,0.0,1,0,94.756,0.52,,,,,,,,,,,,
