row_id,wall_time_utc,session_id,scenario_id,execution_mode,scenario_time_s,program_time_s,sample_dt_s,phase,scenario_started,vehicle_mass_kg,mass_label,steer_cmd_deg,throttle_cmd,brake_cmd,speed_mps,yaw_rad,yaw_rate_rps,mode_id,fault_flag,rtt_ms,jitter_ms,steer_ref_deg,throttle_ref,brake_ref,speed_ref_mps,tol_steer_deg,tol_throttle,tol_brake,tol_speed_mps,e_speed_actual,e_steer_actual,speed_in_tol,speed_min_mps,speed_max_mps,speed_in_corridor,e_speed_low,e_speed_high
1,2026-04-22T14:22:30.013Z,S20260422_152229,SC01,AUTO,,0.5468,0.5416,start,0,1500,VIDE,0.0,0.0,0.0,0.0,0.0,0.0,0,0,0.0,0.0,0.0,0.0,0.0,0.0,2.0,1.0,0.05,0.8,0.0,0.0,1,0.0,0.2,1,0.0,0.2
2,2026-04-22T14:22:30.039Z,S20260422_152229,SC01,AUTO,,0.5729,0.0261,start,0,1500,VIDE,0.0,0.0,0.0,0.0,0.0,0.0,0,0,0.0,0.0,0.0,0.0,0.0,0.0,2.0,1.0,0.05,0.8,0.0,0.0,1,0.0,0.2,1,0.0,0.2
3,2026-04-22T14:22:30.100Z,S20260422_152229,SC01,AUTO,,0.6339,0.0609,start,0,1500,VIDE,0.0,0.0,0.0,0.0,0.0,0.0,0,0,0.0,0.0,0.0,0.0,0.0,0.0,2.0,1.0,0.05,0.8,0.0,0.0,1,0.0,0.2,1,0.0,0.2
4,2026-04-22T14:22:30.160Z,S20260422_152229,SC01,AUTO,,0.6943,0.0605,start,0,1500,VIDE,0.0,0.0,0.0,0.0,0.0,0.0,0,0,0.0,0.0,0.0,0.0,0.0,0.0,2.0,1.0,0.05,0.8,0.0,0.0,1,0.0,0.2,1,0.0,0.2
5,2026-04-22T14:22:30.223Z,S20260422_152229,SC01,AUTO,,0.7569,0.0624,start,0,1500,VIDE,0.0,0.0,0.0,0.0,0.0,0.0,0,0,0.0,0.0,0.0,0.0,0.0,0.0,2.0,1.0,0.05,0.8,0.0,0.0,1,0.0,0.2,1,0.0,0.2
6,2026-04-22T14:22:30.289Z,S20260422_152229,SC01,AUTO,,0.8235,0.0667,start,0,1500,VIDE,0.0,0.0,0.0,0.0,0.0,0.0,0,0,0.0,0.0,0.0,0.0,0.0,0.0,2.0,1.0,0.05,0.8,0.0,0.0,1,0.0,0.2,1,0.0,0.2
7,2026-04-22T14:22:30.350Z,S20260422_152229,SC01,AUTO,,0.8843,0.0608,start,0,1500,VIDE,0.0,0.0,0.0,0.0,0.0,0.0,0,0,0.0,0.0,0.0,0.0,0.0,0.0,2.0,1.0,0.05,0.8,0.0,0.0,1,0.0,0.2,1,0.0,0.2
8,2026-04-22T14:22:30.414Z,S20260422_152229,SC01,AUTO,,0.9481,0.0638,start,0,1500,VIDE,0.0,0.0,0.0,0.0,0.0,0.0,0,0,0.0,0.0,0.0,0.0,0.0,0.0,2.0,1.0,0.05,0.8,0.0,0.0,1,0.0,0.2,1,0.0,0.2
9,2026-04-22T14:22:30.475Z,S20260422_152229,SC01,AUTO,,1.0086,0.0605,start,0,1500,VIDE,0.0,0.0,0.0,0.0,0.0,0.0,0,0,0.0,0.0,0.0,0.0,0.0,0.0,2.0,1.0,0.05,0.8,0.0,0.0,1,0.0,0.2,1,0.0,0.2
10,2026-04-22T14:22:30.538Z,S20260422_152229,SC01,AUTO,,1.072,0.0634,start,0,1500,VIDE,0.0,0.0,0.0,0.0,0.0,0.0,0,0,0.0,0.0,0.0,0.0,0.0,0.0,2.0,1.0,0.05,0.8,0.0,0.0,1,0.0,0.2,1,0.0,0.2
11,2026-04-22T14:22:30.599Z,S20260422_152229,SC01,AUTO,,1.133,0.0611,start,0,1500,VIDE,0.0,0.0,0.0,0.0,0.0,0.0,0,0,0.0,0.0,0.0,0.0,0.0,0.0,2.0,1.0,0.05,0.8,0.0,0.0,1,0.0,0.2,1,0.0,0.2
12,2026-04-22T14:22:30.660Z,S20260422_152229,SC01,AUTO,,1.1945,0.0614,start,0,1500,VIDE,0.0,0.0,0.0,0.0,0.0,0.0,0,0,0.0,0.0,0.0,0.0,0.0,0.0,2.0,1.0,0.05,0.8,0.0,0.0,1,0.0,0.2,1,0.0,0.2
13,2026-04-22T14:22:30.725Z,S20260422_152229,SC01,AUTO,,1.2589,0.0644,start,0,1500,VIDE,0.0,0.0,0.0,0.0,0.0,0.0,0,0,0.0,0.0,0.0,0.0,0.0,0.0,2.0,1.0,0.05,0.8,0.0,0.0,1,0.0,0.2,1,0.0,0.2
14,2026-04-22T14:22:30.787Z,S20260422_152229,SC01,AUTO,,1.3212,0.0624,start,0,1500,VIDE,0.0,0.0,0.0,0.0,0.0,0.0,0,0,0.0,0.0,0.0,0.0,0.0,0.0,2.0,1.0,0.05,0.8,0.0,0.0,1,0.0,0.2,1,0.0,0.2
15,2026-04-22T14:22:30.850Z,S20260422_152229,SC01,AUTO,,1.3839,0.0627,start,0,1500,VIDE,0.0,0.0,0.0,0.0,0.0,0.0,0,0,0.0,0.0,0.0,0.0,0.0,0.0,2.0,1.0,0.05,0.8,0.0,0.0,1,0.0,0.2,1,0.0,0.2
16,2026-04-22T14:22:30.912Z,S20260422_152229,SC01,AUTO,,1.4463,0.0624,start,0,1500,VIDE,0.0,0.0,0.0,0.0,0.0,0.0,0,0,0.0,0.0,0.0,0.0,0.0,0.0,2.0,1.0,0.05,0.8,0.0,0.0,1,0.0,0.2,1,0.0,0.2
17,2026-04-22T14:22:30.973Z,S20260422_152229,SC01,AUTO,,1.5072,0.0609,start,0,1500,VIDE,0.0,0.0,0.0,0.0,0.0,0.0,0,0,0.0,0.0,0.0,0.0,0.0,0.0,2.0,1.0,0.05,0.8,0.0,0.0,1,0.0,0.2,1,0.0,0.2
18,2026-04-22T14:22:31.036Z,S20260422_152229,SC01,AUTO,,1.5703,0.0631,start,0,1500,VIDE,0.0,0.0,0.0,0.0,0.0,0.0,0,0,0.0,0.0,0.0,0.0,0.0,0.0,2.0,1.0,0.05,0.8,0.0,0.0,1,0.0,0.2,1,0.0,0.2
19,2026-04-22T14:22:31.098Z,S20260422_152229,SC01,AUTO,,1.6321,0.0618,start,0,1500,VIDE,0.0,0.0,0.0,0.0,0.0,0.0,0,0,0.0,0.0,0.0,0.0,0.0,0.0,2.0,1.0,0.05,0.8,0.0,0.0,1,0.0,0.2,1,0.0,0.2
20,2026-04-22T14:22:31.175Z,S20260422_152229,SC01,AUTO,,1.7094,0.0773,start,0,1500,VIDE,0.0,0.0,0.0,0.0,0.0,0.0,0,0,0.0,0.0,0.0,0.0,0.0,0.0,2.0,1.0,0.05,0.8,0.0,0.0,1,0.0,0.2,1,0.0,0.2
21,2026-04-22T14:22:31.238Z,S20260422_152229,SC01,AUTO,,1.7719,0.0625,start,0,1500,VIDE,0.0,0.0,0.0,0.0,0.0,0.0,0,0,0.0,0.0,0.0,0.0,0.0,0.0,2.0,1.0,0.05,0.8,0.0,0.0,1,0.0,0.2,1,0.0,0.2
22,2026-04-22T14:22:31.301Z,S20260422_152229,SC01,AUTO,,1.8355,0.0636,start,0,1500,VIDE,0.0,0.0,0.0,0.0,0.0,0.0,0,0,0.0,0.0,0.0,0.0,0.0,0.0,2.0,1.0,0.05,0.8,0.0,0.0,1,0.0,0.2,1,0.0,0.2
23,2026-04-22T14:22:31.374Z,S20260422_152229,SC01,AUTO,,1.9075,0.0721,start,0,1500,VIDE,0.0,0.0,0.0,0.0,0.0,0.0,0,0,0.0,0.0,0.0,0.0,0.0,0.0,2.0,1.0,0.05,0.8,0.0,0.0,1,0.0,0.2,1,0.0,0.2
24,2026-04-22T14:22:31.439Z,S20260422_152229,SC01,AUTO,,1.9732,0.0656,start,0,1500,VIDE,0.0,0.0,0.0,0.0,0.0,0.0,0,0,0.0,0.0,0.0,0.0,0.0,0.0,2.0,1.0,0.05,0.8,0.0,0.0,1,0.0,0.2,1,0.0,0.2
25,2026-04-22T14:22:31.500Z,S20260422_152229,SC01,AUTO,,2.0338,0.0607,start,0,1500,VIDE,0.0,0.0,0.0,0.0,0.0,0.0,0,0,0.0,0.0,0.0,0.0,0.0,0.0,2.0,1.0,0.05,0.8,0.0,0.0,1,0.0,0.2,1,0.0,0.2
26,2026-04-22T14:22:31.559Z,S20260422_152229,SC01,AUTO,,2.0932,0.0593,start,0,1500,VIDE,0.0,0.0,0.0,0.0,0.0,0.0,0,0,0.0,0.0,0.0,0.0,0.0,0.0,2.0,1.0,0.05,0.8,0.0,0.0,1,0.0,0.2,1,0.0,0.2
27,2026-04-22T14:22:31.620Z,S20260422_152229,SC01,AUTO,,2.1539,0.0607,start,0,1500,VIDE,0.0,0.0,0.0,0.0,0.0,0.0,0,0,0.0,0.0,0.0,0.0,0.0,0.0,2.0,1.0,0.05,0.8,0.0,0.0,1,0.0,0.2,1,0.0,0.2
28,2026-04-22T14:22:31.680Z,S20260422_152229,SC01,AUTO,,2.2143,0.0604,start,0,1500,VIDE,0.0,0.0,0.0,0.0,0.0,0.0,0,0,0.0,0.0,0.0,0.0,0.0,0.0,2.0,1.0,0.05,0.8,0.0,0.0,1,0.0,0.2,1,0.0,0.2
29,2026-04-22T14:22:31.739Z,S20260422_152229,SC01,AUTO,,2.2731,0.0589,start,0,1500,VIDE,0.0,0.0,0.0,0.0,0.0,0.0,0,0,0.0,0.0,0.0,0.0,0.0,0.0,2.0,1.0,0.05,0.8,0.0,0.0,1,0.0,0.2,1,0.0,0.2
30,2026-04-22T14:22:31.806Z,S20260422_152229,SC01,AUTO,,2.3398,0.0667,start,0,1500,VIDE,0.0,0.0,0.0,0.0,0.0,0.0,0,0,0.0,0.0,0.0,0.0,0.0,0.0,2.0,1.0,0.05,0.8,0.0,0.0,1,0.0,0.2,1,0.0,0.2
31,2026-04-22T14:22:31.870Z,S20260422_152229,SC01,AUTO,,2.4039,0.064,start,0,1500,VIDE,0.0,0.0,0.0,0.0,0.0,0.0,0,0,0.0,0.0,0.0,0.0,0.0,0.0,2.0,1.0,0.05,0.8,0.0,0.0,1,0.0,0.2,1,0.0,0.2
32,2026-04-22T14:22:31.926Z,S20260422_152229,SC01,AUTO,,2.4597,0.0558,start,0,1500,VIDE,0.0,0.0,0.0,0.0,0.0,0.0,0,0,0.0,0.0,0.0,0.0,0.0,0.0,2.0,1.0,0.05,0.8,0.0,0.0,1,0.0,0.2,1,0.0,0.2
33,2026-04-22T14:22:31.990Z,S20260422_152229,SC01,AUTO,,2.5236,0.0639,start,0,1500,VIDE,0.0,0.0,0.0,0.0,0.0,0.0,0,0,0.0,0.0,0.0,0.0,0.0,0.0,2.0,1.0,0.05,0.8,0.0,0.0,1,0.0,0.2,1,0.0,0.2
34,2026-04-22T14:22:32.059Z,S20260422_152229,SC01,AUTO,,2.5927,0.069,start,0,1500,VIDE,0.0,0.0,0.0,0.0,0.0,0.0,0,0,0.0,0.0,0.0,0.0,0.0,0.0,2.0,1.0,0.05,0.8,0.0,0.0,1,0.0,0.2,1,0.0,0.2
35,2026-04-22T14:22:32.120Z,S20260422_152229,SC01,AUTO,,2.654,0.0613,start,0,1500,VIDE,0.0,0.0,0.0,0.0,0.0,0.0,0,0,0.0,0.0,0.0,0.0,0.0,0.0,2.0,1.0,0.05,0.8,0.0,0.0,1,0.0,0.2,1,0.0,0.2
36,2026-04-22T14:22:32.180Z,S20260422_152229,SC01,AUTO,,2.7141,0.0601,start,0,1500,VIDE,0.0,0.0,0.0,0.0,0.0,0.0,0,0,0.0,0.0,0.0,0.0,0.0,0.0,2.0,1.0,0.05,0.8,0.0,0.0,1,0.0,0.2,1,0.0,0.2
37,2026-04-22T14:22:32.333Z,S20260422_152229,SC01,AUTO,,2.8675,0.1533,start,0,1500,VIDE,0.0,0.0,0.0,0.0,0.0,0.0,0,0,0.0,0.0,0.0,0.0,0.0,0.0,2.0,1.0,0.05,0.8,0.0,0.0,1,0.0,0.2,1,0.0,0.2
38,2026-04-22T14:22:32.367Z,S20260422_152229,SC01,AUTO,,2.9008,0.0333,start,0,1500,VIDE,0.0,0.0,0.0,0.0,0.0,0.0,0,0,0.0,0.0,0.0,0.0,0.0,0.0,2.0,1.0,0.05,0.8,0.0,0.0,1,0.0,0.2,1,0.0,0.2
39,2026-04-22T14:22:32.428Z,S20260422_152229,SC01,AUTO,,2.9624,0.0616,start,0,1500,VIDE,0.0,0.0,0.0,0.0,0.0,0.0,0,0,0.0,0.0,0.0,0.0,0.0,0.0,2.0,1.0,0.05,0.8,0.0,0.0,1,0.0,0.2,1,0.0,0.2
40,2026-04-22T14:22:32.492Z,S20260422_152229,SC01,AUTO,,3.0258,0.0635,start,0,1500,VIDE,0.0,0.0,0.0,0.0,0.0,0.0,0,0,0.0,0.0,0.0,0.0,0.0,0.0,2.0,1.0,0.05,0.8,0.0,0.0,1,0.0,0.2,1,0.0,0.2
41,2026-04-22T14:22:32.553Z,S20260422_152229,SC01,AUTO,,3.0871,0.0613,start,0,1500,VIDE,0.0,0.0,0.0,0.0,0.0,0.0,0,0,0.0,0.0,0.0,0.0,0.0,0.0,2.0,1.0,0.05,0.8,0.0,0.0,1,0.0,0.2,1,0.0,0.2
42,2026-04-22T14:22:32.614Z,S20260422_152229,SC01,AUTO,,3.1476,0.0605,start,0,1500,VIDE,0.0,0.0,0.0,0.0,0.0,0.0,0,0,0.0,0.0,0.0,0.0,0.0,0.0,2.0,1.0,0.05,0.8,0.0,0.0,1,0.0,0.2,1,0.0,0.2
43,2026-04-22T14:22:32.678Z,S20260422_152229,SC01,AUTO,,3.2122,0.0646,start,0,1500,VIDE,0.0,0.0,0.0,0.0,0.0,0.0,0,0,0.0,0.0,0.0,0.0,0.0,0.0,2.0,1.0,0.05,0.8,0.0,0.0,1,0.0,0.2,1,0.0,0.2
44,2026-04-22T14:22:32.741Z,S20260422_152229,SC01,AUTO,,3.2748,0.0626,start,0,1500,VIDE,0.0,0.0,0.0,0.0,0.0,0.0,0,0,0.0,0.0,0.0,0.0,0.0,0.0,2.0,1.0,0.05,0.8,0.0,0.0,1,0.0,0.2,1,0.0,0.2
45,2026-04-22T14:22:32.801Z,S20260422_152229,SC01,AUTO,,3.3345,0.0597,start,0,1500,VIDE,0.0,0.0,0.0,0.0,0.0,0.0,0,0,0.0,0.0,0.0,0.0,0.0,0.0,2.0,1.0,0.05,0.8,0.0,0.0,1,0.0,0.2,1,0.0,0.2
46,2026-04-22T14:22:32.864Z,S20260422_152229,SC01,AUTO,,3.3982,0.0636,start,0,1500,VIDE,0.0,0.0,0.0,0.0,0.0,0.0,0,0,0.0,0.0,0.0,0.0,0.0,0.0,2.0,1.0,0.05,0.8,0.0,0.0,1,0.0,0.2,1,0.0,0.2
47,2026-04-22T14:22:32.927Z,S20260422_152229,SC01,AUTO,,3.4612,0.0631,start,0,1500,VIDE,0.0,0.0,0.0,0.0,0.0,0.0,0,0,0.0,0.0,0.0,0.0,0.0,0.0,2.0,1.0,0.05,0.8,0.0,0.0,1,0.0,0.2,1,0.0,0.2
48,2026-04-22T14:22:32.999Z,S20260422_152229,SC01,AUTO,,3.5335,0.0722,start,0,1500,VIDE,0.0,0.0,0.0,0.0,0.0,0.0,0,0,0.0,0.0,0.0,0.0,0.0,0.0,2.0,1.0,0.05,0.8,0.0,0.0,1,0.0,0.2,1,0.0,0.2
49,2026-04-22T14:22:33.059Z,S20260422_152229,SC01,AUTO,,3.5934,0.0599,start,0,1500,VIDE,0.0,0.0,0.0,0.0,0.0,0.0,0,0,0.0,0.0,0.0,0.0,0.0,0.0,2.0,1.0,0.05,0.8,0.0,0.0,1,0.0,0.2,1,0.0,0.2
50,2026-04-22T14:22:33.119Z,S20260422_152229,SC01,AUTO,,3.6533,0.0599,start,0,1500,VIDE,0.0,0.0,0.0,0.0,0.0,0.0,0,0,0.0,0.0,0.0,0.0,0.0,0.0,2.0,1.0,0.05,0.8,0.0,0.0,1,0.0,0.2,1,0.0,0.2
51,2026-04-22T14:22:33.179Z,S20260422_152229,SC01,AUTO,,3.7131,0.0597,start,0,1500,VIDE,0.0,0.0,0.0,0.0,0.0,0.0,0,0,0.0,0.0,0.0,0.0,0.0,0.0,2.0,1.0,0.05,0.8,0.0,0.0,1,0.0,0.2,1,0.0,0.2
52,2026-04-22T14:22:33.239Z,S20260422_152229,SC01,AUTO,,3.7731,0.0601,start,0,1500,VIDE,0.0,0.0,0.0,0.0,0.0,0.0,0,0,0.0,0.0,0.0,0.0,0.0,0.0,2.0,1.0,0.05,0.8,0.0,0.0,1,0.0,0.2,1,0.0,0.2
53,2026-04-22T14:22:33.301Z,S20260422_152229,SC01,AUTO,,3.8354,0.0622,start,0,1500,VIDE,0.0,0.0,0.0,0.0,0.0,0.0,0,0,0.0,0.0,0.0,0.0,0.0,0.0,2.0,1.0,0.05,0.8,0.0,0.0,1,0.0,0.2,1,0.0,0.2
54,2026-04-22T14:22:33.365Z,S20260422_152229,SC01,AUTO,,3.8986,0.0633,start,0,1500,VIDE,0.0,0.0,0.0,0.0,0.0,0.0,0,0,0.0,0.0,0.0,0.0,0.0,0.0,2.0,1.0,0.05,0.8,0.0,0.0,1,0.0,0.2,1,0.0,0.2
55,2026-04-22T14:22:33.430Z,S20260422_152229,SC01,AUTO,,3.964,0.0653,start,0,1500,VIDE,0.0,0.0,0.0,0.0,0.0,0.0,0,0,0.0,0.0,0.0,0.0,0.0,0.0,2.0,1.0,0.05,0.8,0.0,0.0,1,0.0,0.2,1,0.0,0.2
56,2026-04-22T14:22:33.489Z,S20260422_152229,SC01,AUTO,,4.0231,0.0591,start,0,1500,VIDE,0.0,0.0,0.0,0.0,0.0,0.0,0,0,0.0,0.0,0.0,0.0,0.0,0.0,2.0,1.0,0.05,0.8,0.0,0.0,1,0.0,0.2,1,0.0,0.2
57,2026-04-22T14:22:33.558Z,S20260422_152229,SC01,AUTO,,4.0918,0.0687,start,0,1500,VIDE,0.0,0.0,0.0,0.0,0.0,0.0,0,0,0.0,0.0,0.0,0.0,0.0,0.0,2.0,1.0,0.05,0.8,0.0,0.0,1,0.0,0.2,1,0.0,0.2
58,2026-04-22T14:22:33.619Z,S20260422_152229,SC01,AUTO,,4.1533,0.0615,start,0,1500,VIDE,0.0,0.0,0.0,0.0,0.0,0.0,0,0,0.0,0.0,0.0,0.0,0.0,0.0,2.0,1.0,0.05,0.8,0.0,0.0,1,0.0,0.2,1,0.0,0.2
59,2026-04-22T14:22:33.679Z,S20260422_152229,SC01,AUTO,,4.2132,0.0599,start,0,1500,VIDE,0.0,0.0,0.0,0.0,0.0,0.0,0,0,0.0,0.0,0.0,0.0,0.0,0.0,2.0,1.0,0.05,0.8,0.0,0.0,1,0.0,0.2,1,0.0,0.2
60,2026-04-22T14:22:33.740Z,S20260422_152229,SC01,AUTO,,4.2741,0.0609,start,0,1500,VIDE,0.0,0.0,0.0,0.0,0.0,0.0,0,0,0.0,0.0,0.0,0.0,0.0,0.0,2.0,1.0,0.05,0.8,0.0,0.0,1,0.0,0.2,1,0.0,0.2
61,2026-04-22T14:22:33.803Z,S20260422_152229,SC01,AUTO,,4.337,0.0629,start,0,1500,VIDE,0.0,0.0,0.0,0.0,0.0,0.0,0,0,0.0,0.0,0.0,0.0,0.0,0.0,2.0,1.0,0.05,0.8,0.0,0.0,1,0.0,0.2,1,0.0,0.2
62,2026-04-22T14:22:33.864Z,S20260422_152229,SC01,AUTO,,4.398,0.061,start,0,1500,VIDE,0.0,0.0,0.0,0.0,0.0,0.0,0,0,0.0,0.0,0.0,0.0,0.0,0.0,2.0,1.0,0.05,0.8,0.0,0.0,1,0.0,0.2,1,0.0,0.2
63,2026-04-22T14:22:33.928Z,S20260422_152229,SC01,AUTO,,4.4621,0.0641,start,0,1500,VIDE,0.0,0.0,0.0,0.0,0.0,0.0,0,0,0.0,0.0,0.0,0.0,0.0,0.0,2.0,1.0,0.05,0.8,0.0,0.0,1,0.0,0.2,1,0.0,0.2
64,2026-04-22T14:22:33.990Z,S20260422_152229,SC01,AUTO,,4.5238,0.0618,start,0,1500,VIDE,0.0,0.0,0.0,0.0,0.0,0.0,0,0,0.0,0.0,0.0,0.0,0.0,0.0,2.0,1.0,0.05,0.8,0.0,0.0,1,0.0,0.2,1,0.0,0.2
65,2026-04-22T14:22:34.054Z,S20260422_152229,SC01,AUTO,,4.5878,0.064,start,0,1500,VIDE,0.0,0.0,0.0,0.0,0.0,0.0,0,0,0.0,0.0,0.0,0.0,0.0,0.0,2.0,1.0,0.05,0.8,0.0,0.0,1,0.0,0.2,1,0.0,0.2
66,2026-04-22T14:22:34.118Z,S20260422_152229,SC01,AUTO,,4.6519,0.0641,start,0,1500,VIDE,0.0,0.0,0.0,0.0,0.0,0.0,0,0,0.0,0.0,0.0,0.0,0.0,0.0,2.0,1.0,0.05,0.8,0.0,0.0,1,0.0,0.2,1,0.0,0.2
67,2026-04-22T14:22:34.179Z,S20260422_152229,SC01,AUTO,,4.7132,0.0613,start,0,1500,VIDE,0.0,0.0,0.0,0.0,0.0,0.0,0,0,0.0,0.0,0.0,0.0,0.0,0.0,2.0,1.0,0.05,0.8,0.0,0.0,1,0.0,0.2,1,0.0,0.2
68,2026-04-22T14:22:34.239Z,S20260422_152229,SC01,AUTO,,4.7731,0.0599,start,0,1500,VIDE,0.0,0.0,0.0,0.0,0.0,0.0,0,0,0.0,0.0,0.0,0.0,0.0,0.0,2.0,1.0,0.05,0.8,0.0,0.0,1,0.0,0.2,1,0.0,0.2
69,2026-04-22T14:22:34.302Z,S20260422_152229,SC01,AUTO,,4.836,0.0629,start,0,1500,VIDE,0.0,0.0,0.0,0.0,0.0,0.0,0,0,0.0,0.0,0.0,0.0,0.0,0.0,2.0,1.0,0.05,0.8,0.0,0.0,1,0.0,0.2,1,0.0,0.2
70,2026-04-22T14:22:34.369Z,S20260422_152229,SC01,AUTO,,4.903,0.0671,start,0,1500,VIDE,0.0,0.0,0.0,0.0,0.0,0.0,0,0,0.0,0.0,0.0,0.0,0.0,0.0,2.0,1.0,0.05,0.8,0.0,0.0,1,0.0,0.2,1,0.0,0.2
71,2026-04-22T14:22:34.434Z,S20260422_152229,SC01,AUTO,,4.9683,0.0653,start,0,1500,VIDE,0.0,0.0,0.0,0.0,0.0,0.0,0,0,0.0,0.0,0.0,0.0,0.0,0.0,2.0,1.0,0.05,0.8,0.0,0.0,1,0.0,0.2,1,0.0,0.2
72,2026-04-22T14:22:34.495Z,S20260422_152229,SC01,AUTO,,5.0288,0.0604,start,0,1500,VIDE,0.0,0.0,0.0,0.0,0.0,0.0,0,0,0.0,0.0,0.0,0.0,0.0,0.0,2.0,1.0,0.05,0.8,0.0,0.0,1,0.0,0.2,1,0.0,0.2
73,2026-04-22T14:22:34.552Z,S20260422_152229,SC01,AUTO,,5.0861,0.0574,start,0,1500,VIDE,0.0,0.0,0.0,0.0,0.0,0.0,0,0,0.0,0.0,0.0,0.0,0.0,0.0,2.0,1.0,0.05,0.8,0.0,0.0,1,0.0,0.2,1,0.0,0.2
74,2026-04-22T14:22:34.615Z,S20260422_152229,SC01,AUTO,,5.1486,0.0625,start,0,1500,VIDE,0.0,0.0,0.0,0.0,0.0,0.0,0,0,0.0,0.0,0.0,0.0,0.0,0.0,2.0,1.0,0.05,0.8,0.0,0.0,1,0.0,0.2,1,0.0,0.2
75,2026-04-22T14:22:34.679Z,S20260422_152229,SC01,AUTO,,5.2131,0.0644,start,0,1500,VIDE,0.0,0.0,0.0,0.0,0.0,0.0,0,0,0.0,0.0,0.0,0.0,0.0,0.0,2.0,1.0,0.05,0.8,0.0,0.0,1,0.0,0.2,1,0.0,0.2
76,2026-04-22T14:22:34.740Z,S20260422_152229,SC01,AUTO,,5.2742,0.0611,start,0,1500,VIDE,0.0,0.0,0.0,0.0,0.0,0.0,0,0,0.0,0.0,0.0,0.0,0.0,0.0,2.0,1.0,0.05,0.8,0.0,0.0,1,0.0,0.2,1,0.0,0.2
77,2026-04-22T14:22:34.804Z,S20260422_152229,SC01,AUTO,,5.3382,0.0641,start,0,1500,VIDE,0.0,0.0,0.0,0.0,0.0,0.0,0,0,0.0,0.0,0.0,0.0,0.0,0.0,2.0,1.0,0.05,0.8,0.0,0.0,1,0.0,0.2,1,0.0,0.2
78,2026-04-22T14:22:34.866Z,S20260422_152229,SC01,AUTO,,5.4001,0.0619,start,0,1500,VIDE,0.0,0.0,0.0,0.0,0.0,0.0,0,0,0.0,0.0,0.0,0.0,0.0,0.0,2.0,1.0,0.05,0.8,0.0,0.0,1,0.0,0.2,1,0.0,0.2
79,2026-04-22T14:22:34.926Z,S20260422_152229,SC01,AUTO,,5.4602,0.06,start,0,1500,VIDE,0.0,0.0,0.0,0.0,0.0,0.0,0,0,0.0,0.0,0.0,0.0,0.0,0.0,2.0,1.0,0.05,0.8,0.0,0.0,1,0.0,0.2,1,0.0,0.2
80,2026-04-22T14:22:34.990Z,S20260422_152229,SC01,AUTO,,5.5239,0.0638,start,0,1500,VIDE,0.0,0.0,0.0,0.0,0.0,0.0,0,0,0.0,0.0,0.0,0.0,0.0,0.0,2.0,1.0,0.05,0.8,0.0,0.0,1,0.0,0.2,1,0.0,0.2
81,2026-04-22T14:22:35.053Z,S20260422_152229,SC01,AUTO,,5.5873,0.0634,start,0,1500,VIDE,0.0,0.0,0.0,0.0,0.0,0.0,0,0,0.0,0.0,0.0,0.0,0.0,0.0,2.0,1.0,0.05,0.8,0.0,0.0,1,0.0,0.2,1,0.0,0.2
82,2026-04-22T14:22:35.115Z,S20260422_152229,SC01,AUTO,,5.6491,0.0618,start,0,1500,VIDE,0.0,0.0,0.0,0.0,0.0,0.0,0,0,0.0,0.0,0.0,0.0,0.0,0.0,2.0,1.0,0.05,0.8,0.0,0.0,1,0.0,0.2,1,0.0,0.2
83,2026-04-22T14:22:35.178Z,S20260422_152229,SC01,AUTO,,5.7118,0.0627,start,0,1500,VIDE,0.0,0.0,0.0,0.0,0.0,0.0,0,0,0.0,0.0,0.0,0.0,0.0,0.0,2.0,1.0,0.05,0.8,0.0,0.0,1,0.0,0.2,1,0.0,0.2
84,2026-04-22T14:22:35.239Z,S20260422_152229,SC01,AUTO,,5.7733,0.0615,start,0,1500,VIDE,0.0,0.0,0.0,0.0,0.0,0.0,0,0,0.0,0.0,0.0,0.0,0.0,0.0,2.0,1.0,0.05,0.8,0.0,0.0,1,0.0,0.2,1,0.0,0.2
85,2026-04-22T14:22:35.302Z,S20260422_152229,SC01,AUTO,,5.8357,0.0624,start,0,1500,VIDE,0.0,0.0,0.0,0.0,0.0,0.0,0,0,0.0,0.0,0.0,0.0,0.0,0.0,2.0,1.0,0.05,0.8,0.0,0.0,1,0.0,0.2,1,0.0,0.2
86,2026-04-22T14:22:35.378Z,S20260422_152229,SC01,AUTO,,5.9122,0.0765,start,0,1500,VIDE,0.0,0.0,0.0,0.0,0.0,0.0,0,0,0.0,0.0,0.0,0.0,0.0,0.0,2.0,1.0,0.05,0.8,0.0,0.0,1,0.0,0.2,1,0.0,0.2
87,2026-04-22T14:22:35.440Z,S20260422_152229,SC01,AUTO,,5.9741,0.062,start,0,1500,VIDE,0.0,0.0,0.0,0.0,0.0,0.0,0,0,0.0,0.0,0.0,0.0,0.0,0.0,2.0,1.0,0.05,0.8,0.0,0.0,1,0.0,0.2,1,0.0,0.2
88,2026-04-22T14:22:35.489Z,S20260422_152229,SC01,AUTO,,6.0229,0.0488,start,0,1500,VIDE,0.0,0.0,0.0,0.0,0.0,0.0,0,0,0.0,0.0,0.0,0.0,0.0,0.0,2.0,1.0,0.05,0.8,0.0,0.0,1,0.0,0.2,1,0.0,0.2
89,2026-04-22T14:22:35.551Z,S20260422_152229,SC01,AUTO,,6.0846,0.0617,start,0,1500,VIDE,0.0,0.0,0.0,0.0,0.0,0.0,0,0,0.0,0.0,0.0,0.0,0.0,0.0,2.0,1.0,0.05,0.8,0.0,0.0,1,0.0,0.2,1,0.0,0.2
90,2026-04-22T14:22:35.614Z,S20260422_152229,SC01,AUTO,,6.1476,0.063,start,0,1500,VIDE,0.0,0.0,0.0,0.0,0.0,0.0,0,0,0.0,0.0,0.0,0.0,0.0,0.0,2.0,1.0,0.05,0.8,0.0,0.0,1,0.0,0.2,1,0.0,0.2
91,2026-04-22T14:22:35.676Z,S20260422_152229,SC01,AUTO,,6.2101,0.0625,start,0,1500,VIDE,0.0,0.0,0.0,0.0,0.0,0.0,0,0,0.0,0.0,0.0,0.0,0.0,0.0,2.0,1.0,0.05,0.8,0.0,0.0,1,0.0,0.2,1,0.0,0.2
92,2026-04-22T14:22:35.738Z,S20260422_152229,SC01,AUTO,,6.2723,0.0622,start,0,1500,VIDE,0.0,0.0,0.0,0.0,0.0,0.0,0,0,0.0,0.0,0.0,0.0,0.0,0.0,2.0,1.0,0.05,0.8,0.0,0.0,1,0.0,0.2,1,0.0,0.2
93,2026-04-22T14:22:35.802Z,S20260422_152229,SC01,AUTO,,6.3357,0.0633,start,0,1500,VIDE,0.0,0.0,0.0,0.0,0.0,0.0,0,0,0.0,0.0,0.0,0.0,0.0,0.0,2.0,1.0,0.05,0.8,0.0,0.0,1,0.0,0.2,1,0.0,0.2
94,2026-04-22T14:22:35.863Z,S20260422_152229,SC01,AUTO,,6.3971,0.0615,start,0,1500,VIDE,0.0,0.0,0.0,0.0,0.0,0.0,0,0,0.0,0.0,0.0,0.0,0.0,0.0,2.0,1.0,0.05,0.8,0.0,0.0,1,0.0,0.2,1,0.0,0.2
95,2026-04-22T14:22:35.926Z,S20260422_152229,SC01,AUTO,,6.4601,0.0629,start,0,1500,VIDE,0.0,0.0,0.0,0.0,0.0,0.0,0,0,0.0,0.0,0.0,0.0,0.0,0.0,2.0,1.0,0.05,0.8,0.0,0.0,1,0.0,0.2,1,0.0,0.2
96,2026-04-22T14:22:35.990Z,S20260422_152229,SC01,AUTO,,6.5239,0.0638,start,0,1500,VIDE,0.0,0.0,0.0,0.0,0.0,0.0,0,0,0.0,0.0,0.0,0.0,0.0,0.0,2.0,1.0,0.05,0.8,0.0,0.0,1,0.0,0.2,1,0.0,0.2
97,2026-04-22T14:22:36.052Z,S20260422_152229,SC01,AUTO,,6.5861,0.0622,start,0,1500,VIDE,0.0,0.0,0.0,0.0,0.0,0.0,0,0,0.0,0.0,0.0,0.0,0.0,0.0,2.0,1.0,0.05,0.8,0.0,0.0,1,0.0,0.2,1,0.0,0.2
98,2026-04-22T14:22:36.113Z,S20260422_152229,SC01,AUTO,,6.647,0.0609,start,0,1500,VIDE,0.0,0.0,0.0,0.0,0.0,0.0,0,0,0.0,0.0,0.0,0.0,0.0,0.0,2.0,1.0,0.05,0.8,0.0,0.0,1,0.0,0.2,1,0.0,0.2
99,2026-04-22T14:22:36.176Z,S20260422_152229,SC01,AUTO,,6.7099,0.0629,start,0,1500,VIDE,0.0,0.0,0.0,0.0,0.0,0.0,0,0,0.0,0.0,0.0,0.0,0.0,0.0,2.0,1.0,0.05,0.8,0.0,0.0,1,0.0,0.2,1,0.0,0.2
100,2026-04-22T14:22:36.238Z,S20260422_152229,SC01,AUTO,,6.7722,0.0623,start,0,1500,VIDE,0.0,0.0,0.0,0.0,0.0,0.0,0,0,0.0,0.0,0.0,0.0,0.0,0.0,2.0,1.0,0.05,0.8,0.0,0.0,1,0.0,0.2,1,0.0,0.2
101,2026-04-22T14:22:36.301Z,S20260422_152229,SC01,AUTO,,6.8354,0.0632,start,0,1500,VIDE,0.0,0.0,0.0,0.0,0.0,0.0,0,0,0.0,0.0,0.0,0.0,0.0,0.0,2.0,1.0,0.05,0.8,0.0,0.0,1,0.0,0.2,1,0.0,0.2
102,2026-04-22T14:22:36.363Z,S20260422_152229,SC01,AUTO,,6.8975,0.0621,start,0,1500,VIDE,0.0,0.0,0.0,0.0,0.0,0.0,0,0,0.0,0.0,0.0,0.0,0.0,0.0,2.0,1.0,0.05,0.8,0.0,0.0,1,0.0,0.2,1,0.0,0.2
103,2026-04-22T14:22:36.426Z,S20260422_152229,SC01,AUTO,,6.9602,0.0628,start,0,1500,VIDE,0.0,0.0,0.0,0.0,0.0,0.0,0,0,0.0,0.0,0.0,0.0,0.0,0.0,2.0,1.0,0.05,0.8,0.0,0.0,1,0.0,0.2,1,0.0,0.2
104,2026-04-22T14:22:36.489Z,S20260422_152229,SC01,AUTO,,7.0228,0.0626,start,0,1500,VIDE,0.0,0.0,0.0,0.0,0.0,0.0,0,0,0.0,0.0,0.0,0.0,0.0,0.0,2.0,1.0,0.05,0.8,0.0,0.0,1,0.0,0.2,1,0.0,0.2
105,2026-04-22T14:22:36.550Z,S20260422_152229,SC01,AUTO,,7.0844,0.0615,start,0,1500,VIDE,0.0,0.0,0.0,0.0,0.0,0.0,0,0,0.0,0.0,0.0,0.0,0.0,0.0,2.0,1.0,0.05,0.8,0.0,0.0,1,0.0,0.2,1,0.0,0.2
106,2026-04-22T14:22:36.614Z,S20260422_152229,SC01,AUTO,,7.1476,0.0632,start,0,1500,VIDE,0.0,0.0,0.0,0.0,0.0,0.0,0,0,0.0,0.0,0.0,0.0,0.0,0.0,2.0,1.0,0.05,0.8,0.0,0.0,1,0.0,0.2,1,0.0,0.2
107,2026-04-22T14:22:36.679Z,S20260422_152229,SC01,AUTO,,7.2135,0.0659,start,0,1500,VIDE,0.0,0.0,0.0,0.0,0.0,0.0,0,0,0.0,0.0,0.0,0.0,0.0,0.0,2.0,1.0,0.05,0.8,0.0,0.0,1,0.0,0.2,1,0.0,0.2
108,2026-04-22T14:22:36.738Z,S20260422_152229,SC01,AUTO,,7.272,0.0585,start,0,1500,VIDE,0.0,0.0,0.0,0.0,0.0,0.0,0,0,0.0,0.0,0.0,0.0,0.0,0.0,2.0,1.0,0.05,0.8,0.0,0.0,1,0.0,0.2,1,0.0,0.2
109,2026-04-22T14:22:36.801Z,S20260422_152229,SC01,AUTO,,7.3354,0.0634,start,0,1500,VIDE,0.0,0.0,0.0,0.0,0.0,0.0,0,0,0.0,0.0,0.0,0.0,0.0,0.0,2.0,1.0,0.05,0.8,0.0,0.0,1,0.0,0.2,1,0.0,0.2
110,2026-04-22T14:22:36.871Z,S20260422_152229,SC01,AUTO,,7.4053,0.0699,start,0,1500,VIDE,0.0,0.0,0.0,0.0,0.0,0.0,0,0,0.0,0.0,0.0,0.0,0.0,0.0,2.0,1.0,0.05,0.8,0.0,0.0,1,0.0,0.2,1,0.0,0.2
111,2026-04-22T14:22:36.936Z,S20260422_152229,SC01,AUTO,,7.4696,0.0643,start,0,1500,VIDE,0.0,0.0,0.0,0.0,0.0,0.0,0,0,0.0,0.0,0.0,0.0,0.0,0.0,2.0,1.0,0.05,0.8,0.0,0.0,1,0.0,0.2,1,0.0,0.2
112,2026-04-22T14:22:37.000Z,S20260422_152229,SC01,AUTO,,7.5341,0.0645,start,0,1500,VIDE,0.0,0.0,0.0,0.0,0.0,0.0,0,0,0.0,0.0,0.0,0.0,0.0,0.0,2.0,1.0,0.05,0.8,0.0,0.0,1,0.0,0.2,1,0.0,0.2
113,2026-04-22T14:22:37.050Z,S20260422_152229,SC01,AUTO,,7.5842,0.0502,start,0,1500,VIDE,0.0,0.0,0.0,0.0,0.0,0.0,0,0,0.0,0.0,0.0,0.0,0.0,0.0,2.0,1.0,0.05,0.8,0.0,0.0,1,0.0,0.2,1,0.0,0.2
114,2026-04-22T14:22:37.113Z,S20260422_152229,SC01,AUTO,,7.6473,0.0631,start,0,1500,VIDE,0.0,0.0,0.0,0.0,0.0,0.0,0,0,0.0,0.0,0.0,0.0,0.0,0.0,2.0,1.0,0.05,0.8,0.0,0.0,1,0.0,0.2,1,0.0,0.2
115,2026-04-22T14:22:37.178Z,S20260422_152229,SC01,AUTO,,7.712,0.0647,start,0,1500,VIDE,0.0,0.0,0.0,0.0,0.0,0.0,0,0,0.0,0.0,0.0,0.0,0.0,0.0,2.0,1.0,0.05,0.8,0.0,0.0,1,0.0,0.2,1,0.0,0.2
116,2026-04-22T14:22:37.239Z,S20260422_152229,SC01,AUTO,,7.7733,0.0612,start,0,1500,VIDE,0.0,0.0,0.0,0.0,0.0,0.0,0,0,0.0,0.0,0.0,0.0,0.0,0.0,2.0,1.0,0.05,0.8,0.0,0.0,1,0.0,0.2,1,0.0,0.2
117,2026-04-22T14:22:37.304Z,S20260422_152229,SC01,AUTO,,7.8384,0.0652,start,0,1500,VIDE,0.0,0.0,0.0,0.0,0.0,0.0,0,0,0.0,0.0,0.0,0.0,0.0,0.0,2.0,1.0,0.05,0.8,0.0,0.0,1,0.0,0.2,1,0.0,0.2
118,2026-04-22T14:22:37.366Z,S20260422_152229,SC01,AUTO,,7.9,0.0616,start,0,1500,VIDE,0.0,0.0,0.0,0.0,0.0,0.0,0,0,0.0,0.0,0.0,0.0,0.0,0.0,2.0,1.0,0.05,0.8,0.0,0.0,1,0.0,0.2,1,0.0,0.2
119,2026-04-22T14:22:37.428Z,S20260422_152229,SC01,AUTO,,7.9621,0.062,start,0,1500,VIDE,0.0,0.0,0.0,0.0,0.0,0.0,0,0,0.0,0.0,0.0,0.0,0.0,0.0,2.0,1.0,0.05,0.8,0.0,0.0,1,0.0,0.2,1,0.0,0.2
120,2026-04-22T14:22:37.495Z,S20260422_152229,SC01,AUTO,,8.0286,0.0665,start,0,1500,VIDE,0.0,0.0,0.0,0.0,0.0,0.0,0,0,0.0,0.0,0.0,0.0,0.0,0.0,2.0,1.0,0.05,0.8,0.0,0.0,1,0.0,0.2,1,0.0,0.2
121,2026-04-22T14:22:37.555Z,S20260422_152229,SC01,AUTO,,8.0888,0.0602,start,0,1500,VIDE,0.0,0.0,0.0,0.0,0.0,0.0,0,0,0.0,0.0,0.0,0.0,0.0,0.0,2.0,1.0,0.05,0.8,0.0,0.0,1,0.0,0.2,1,0.0,0.2
122,2026-04-22T14:22:37.614Z,S20260422_152229,SC01,AUTO,,8.1478,0.059,start,0,1500,VIDE,0.0,0.0,0.0,0.0,0.0,0.0,0,0,0.0,0.0,0.0,0.0,0.0,0.0,2.0,1.0,0.05,0.8,0.0,0.0,1,0.0,0.2,1,0.0,0.2
123,2026-04-22T14:22:37.679Z,S20260422_152229,SC01,AUTO,,8.2126,0.0648,start,0,1500,VIDE,0.0,0.0,0.0,0.0,0.0,0.0,0,0,0.0,0.0,0.0,0.0,0.0,0.0,2.0,1.0,0.05,0.8,0.0,0.0,1,0.0,0.2,1,0.0,0.2
124,2026-04-22T14:22:37.739Z,S20260422_152229,SC01,AUTO,,8.2732,0.0607,start,0,1500,VIDE,0.0,0.0,0.0,0.0,0.0,0.0,0,0,0.0,0.0,0.0,0.0,0.0,0.0,2.0,1.0,0.05,0.8,0.0,0.0,1,0.0,0.2,1,0.0,0.2
125,2026-04-22T14:22:37.802Z,S20260422_152229,SC01,AUTO,,8.3357,0.0624,start,0,1500,VIDE,0.0,0.0,0.0,0.0,0.0,0.0,0,0,0.0,0.0,0.0,0.0,0.0,0.0,2.0,1.0,0.05,0.8,0.0,0.0,1,0.0,0.2,1,0.0,0.2
126,2026-04-22T14:22:37.870Z,S20260422_152229,SC01,AUTO,,8.4038,0.0681,start,0,1500,VIDE,0.0,0.0,0.0,0.0,0.0,0.0,0,0,0.0,0.0,0.0,0.0,0.0,0.0,2.0,1.0,0.05,0.8,0.0,0.0,1,0.0,0.2,1,0.0,0.2
127,2026-04-22T14:22:37.933Z,S20260422_152229,SC01,AUTO,,8.4668,0.063,start,0,1500,VIDE,0.0,0.0,0.0,0.0,0.0,0.0,0,0,0.0,0.0,0.0,0.0,0.0,0.0,2.0,1.0,0.05,0.8,0.0,0.0,1,0.0,0.2,1,0.0,0.2
128,2026-04-22T14:22:37.995Z,S20260422_152229,SC01,AUTO,,8.5285,0.0617,start,0,1500,VIDE,0.0,0.0,0.0,0.0,0.0,0.0,0,0,0.0,0.0,0.0,0.0,0.0,0.0,2.0,1.0,0.05,0.8,0.0,0.0,1,0.0,0.2,1,0.0,0.2
129,2026-04-22T14:22:38.053Z,S20260422_152229,SC01,AUTO,,8.5871,0.0586,start,0,1500,VIDE,0.0,0.0,0.0,0.0,0.0,0.0,0,0,0.0,0.0,0.0,0.0,0.0,0.0,2.0,1.0,0.05,0.8,0.0,0.0,1,0.0,0.2,1,0.0,0.2
130,2026-04-22T14:22:38.114Z,S20260422_152229,SC01,AUTO,,8.6479,0.0608,start,0,1500,VIDE,0.0,0.0,0.0,0.0,0.0,0.0,0,0,0.0,0.0,0.0,0.0,0.0,0.0,2.0,1.0,0.05,0.8,0.0,0.0,1,0.0,0.2,1,0.0,0.2
131,2026-04-22T14:22:38.180Z,S20260422_152229,SC01,AUTO,,8.7135,0.0656,start,0,1500,VIDE,0.0,0.0,0.0,0.0,0.0,0.0,0,0,0.0,0.0,0.0,0.0,0.0,0.0,2.0,1.0,0.05,0.8,0.0,0.0,1,0.0,0.2,1,0.0,0.2
132,2026-04-22T14:22:38.240Z,S20260422_152229,SC01,AUTO,,8.7735,0.06,start,0,1500,VIDE,0.0,0.0,0.0,0.0,0.0,0.0,0,0,0.0,0.0,0.0,0.0,0.0,0.0,2.0,1.0,0.05,0.8,0.0,0.0,1,0.0,0.2,1,0.0,0.2
133,2026-04-22T14:22:38.303Z,S20260422_152229,SC01,AUTO,,8.8373,0.0638,start,0,1500,VIDE,0.0,0.0,0.0,0.0,0.0,0.0,0,0,0.0,0.0,0.0,0.0,0.0,0.0,2.0,1.0,0.05,0.8,0.0,0.0,1,0.0,0.2,1,0.0,0.2
134,2026-04-22T14:22:38.369Z,S20260422_152229,SC01,AUTO,,8.9032,0.0659,start,0,1500,VIDE,0.0,0.0,0.0,0.0,0.0,0.0,0,0,0.0,0.0,0.0,0.0,0.0,0.0,2.0,1.0,0.05,0.8,0.0,0.0,1,0.0,0.2,1,0.0,0.2
135,2026-04-22T14:22:38.427Z,S20260422_152229,SC01,AUTO,,8.9612,0.058,start,0,1500,VIDE,0.0,0.0,0.0,0.0,0.0,0.0,0,0,0.0,0.0,0.0,0.0,0.0,0.0,2.0,1.0,0.05,0.8,0.0,0.0,1,0.0,0.2,1,0.0,0.2
136,2026-04-22T14:22:38.494Z,S20260422_152229,SC01,AUTO,,9.0282,0.0671,start,0,1500,VIDE,0.0,0.0,0.0,0.0,0.0,0.0,0,0,0.0,0.0,0.0,0.0,0.0,0.0,2.0,1.0,0.05,0.8,0.0,0.0,1,0.0,0.2,1,0.0,0.2
137,2026-04-22T14:22:38.552Z,S20260422_152229,SC01,AUTO,,9.0861,0.0579,start,0,1500,VIDE,0.0,0.0,0.0,0.0,0.0,0.0,0,0,0.0,0.0,0.0,0.0,0.0,0.0,2.0,1.0,0.05,0.8,0.0,0.0,1,0.0,0.2,1,0.0,0.2
138,2026-04-22T14:22:38.615Z,S20260422_152229,SC01,AUTO,,9.1488,0.0627,start,0,1500,VIDE,0.0,0.0,0.0,0.0,0.0,0.0,0,0,0.0,0.0,0.0,0.0,0.0,0.0,2.0,1.0,0.05,0.8,0.0,0.0,1,0.0,0.2,1,0.0,0.2
139,2026-04-22T14:22:38.679Z,S20260422_152229,SC01,AUTO,,9.2128,0.064,start,0,1500,VIDE,0.0,0.0,0.0,0.0,0.0,0.0,0,0,0.0,0.0,0.0,0.0,0.0,0.0,2.0,1.0,0.05,0.8,0.0,0.0,1,0.0,0.2,1,0.0,0.2
140,2026-04-22T14:22:38.740Z,S20260422_152229,SC01,AUTO,,9.2736,0.0608,start,0,1500,VIDE,0.0,0.0,0.0,0.0,0.0,0.0,0,0,0.0,0.0,0.0,0.0,0.0,0.0,2.0,1.0,0.05,0.8,0.0,0.0,1,0.0,0.2,1,0.0,0.2
141,2026-04-22T14:22:38.802Z,S20260422_152229,SC01,AUTO,,9.3361,0.0625,start,0,1500,VIDE,0.0,0.0,0.0,0.0,0.0,0.0,0,0,0.0,0.0,0.0,0.0,0.0,0.0,2.0,1.0,0.05,0.8,0.0,0.0,1,0.0,0.2,1,0.0,0.2
142,2026-04-22T14:22:38.865Z,S20260422_152229,SC01,AUTO,,9.3988,0.0627,start,0,1500,VIDE,0.0,0.0,0.0,0.0,0.0,0.0,0,0,0.0,0.0,0.0,0.0,0.0,0.0,2.0,1.0,0.05,0.8,0.0,0.0,1,0.0,0.2,1,0.0,0.2
143,2026-04-22T14:22:38.926Z,S20260422_152229,SC01,AUTO,,9.4604,0.0616,start,0,1500,VIDE,0.0,0.0,0.0,0.0,0.0,0.0,0,0,0.0,0.0,0.0,0.0,0.0,0.0,2.0,1.0,0.05,0.8,0.0,0.0,1,0.0,0.2,1,0.0,0.2
144,2026-04-22T14:22:38.990Z,S20260422_152229,SC01,AUTO,,9.5236,0.0632,start,0,1500,VIDE,0.0,0.0,0.0,0.0,0.0,0.0,0,0,0.0,0.0,0.0,0.0,0.0,0.0,2.0,1.0,0.05,0.8,0.0,0.0,1,0.0,0.2,1,0.0,0.2
145,2026-04-22T14:22:39.051Z,S20260422_152229,SC01,AUTO,,9.5854,0.0618,start,0,1500,VIDE,0.0,0.0,0.0,0.0,0.0,0.0,0,0,0.0,0.0,0.0,0.0,0.0,0.0,2.0,1.0,0.05,0.8,0.0,0.0,1,0.0,0.2,1,0.0,0.2
146,2026-04-22T14:22:39.114Z,S20260422_152229,SC01,AUTO,,9.6479,0.0625,start,0,1500,VIDE,0.0,0.0,0.0,0.0,0.0,0.0,0,0,0.0,0.0,0.0,0.0,0.0,0.0,2.0,1.0,0.05,0.8,0.0,0.0,1,0.0,0.2,1,0.0,0.2
147,2026-04-22T14:22:39.177Z,S20260422_152229,SC01,AUTO,,9.7107,0.0628,start,0,1500,VIDE,0.0,0.0,0.0,0.0,0.0,0.0,0,0,0.0,0.0,0.0,0.0,0.0,0.0,2.0,1.0,0.05,0.8,0.0,0.0,1,0.0,0.2,1,0.0,0.2
148,2026-04-22T14:22:39.239Z,S20260422_152229,SC01,AUTO,,9.7728,0.0621,start,0,1500,VIDE,0.0,0.0,0.0,0.0,0.0,0.0,0,0,0.0,0.0,0.0,0.0,0.0,0.0,2.0,1.0,0.05,0.8,0.0,0.0,1,0.0,0.2,1,0.0,0.2
149,2026-04-22T14:22:39.310Z,S20260422_152229,SC01,AUTO,,9.8442,0.0715,start,0,1500,VIDE,0.0,0.0,0.0,0.0,0.0,0.0,0,0,0.0,0.0,0.0,0.0,0.0,0.0,2.0,1.0,0.05,0.8,0.0,0.0,1,0.0,0.2,1,0.0,0.2
150,2026-04-22T14:22:39.366Z,S20260422_152229,SC01,AUTO,,9.8999,0.0557,start,0,1500,VIDE,0.0,0.0,0.0,0.0,0.0,0.0,0,0,0.0,0.0,0.0,0.0,0.0,0.0,2.0,1.0,0.05,0.8,0.0,0.0,1,0.0,0.2,1,0.0,0.2
151,2026-04-22T14:22:39.440Z,S20260422_152229,SC01,AUTO,,9.974,0.0741,start,0,1500,VIDE,0.0,0.0,0.0,0.0,0.0,0.0,0,0,0.0,0.0,0.0,0.0,0.0,0.0,2.0,1.0,0.05,0.8,0.0,0.0,1,0.0,0.2,1,0.0,0.2
152,2026-04-22T14:22:39.500Z,S20260422_152229,SC01,AUTO,,10.0341,0.0601,start,0,1500,VIDE,0.0,0.0,0.0,0.0,0.0,0.0,0,0,0.0,0.0,0.0,0.0,0.0,0.0,2.0,1.0,0.05,0.8,0.0,0.0,1,0.0,0.2,1,0.0,0.2
153,2026-04-22T14:22:39.560Z,S20260422_152229,SC01,AUTO,,10.0937,0.0596,start,0,1500,VIDE,0.0,0.0,0.0,0.0,0.0,0.0,0,0,0.0,0.0,0.0,0.0,0.0,0.0,2.0,1.0,0.05,0.8,0.0,0.0,1,0.0,0.2,1,0.0,0.2
154,2026-04-22T14:22:39.619Z,S20260422_152229,SC01,AUTO,,10.1533,0.0596,start,0,1500,VIDE,0.0,0.0,0.0,0.0,0.0,0.0,0,0,0.0,0.0,0.0,0.0,0.0,0.0,2.0,1.0,0.05,0.8,0.0,0.0,1,0.0,0.2,1,0.0,0.2
155,2026-04-22T14:22:39.679Z,S20260422_152229,SC01,AUTO,,10.2132,0.0599,start,0,1500,VIDE,0.0,0.0,0.0,0.0,0.0,0.0,0,0,0.0,0.0,0.0,0.0,0.0,0.0,2.0,1.0,0.05,0.8,0.0,0.0,1,0.0,0.2,1,0.0,0.2
156,2026-04-22T14:22:39.739Z,S20260422_152229,SC01,AUTO,,10.2732,0.06,start,0,1500,VIDE,0.0,0.0,0.0,0.0,0.0,0.0,0,0,0.0,0.0,0.0,0.0,0.0,0.0,2.0,1.0,0.05,0.8,0.0,0.0,1,0.0,0.2,1,0.0,0.2
157,2026-04-22T14:22:39.813Z,S20260422_152229,SC01,AUTO,,10.3472,0.0739,start,0,1500,VIDE,0.0,0.0,0.0,0.0,0.0,0.0,0,0,0.0,0.0,0.0,0.0,0.0,0.0,2.0,1.0,0.05,0.8,0.0,0.0,1,0.0,0.2,1,0.0,0.2
158,2026-04-22T14:22:39.870Z,S20260422_152229,SC01,AUTO,,10.4044,0.0574,start,0,1500,VIDE,0.0,0.0,0.0,0.0,0.0,0.0,0,0,0.0,0.0,0.0,0.0,0.0,0.0,2.0,1.0,0.05,0.8,0.0,0.0,1,0.0,0.2,1,0.0,0.2
159,2026-04-22T14:22:39.939Z,S20260422_152229,SC01,AUTO,,10.4735,0.069,start,0,1500,VIDE,0.0,0.0,0.0,0.0,0.0,0.0,0,0,0.0,0.0,0.0,0.0,0.0,0.0,2.0,1.0,0.05,0.8,0.0,0.0,1,0.0,0.2,1,0.0,0.2
160,2026-04-22T14:22:40.000Z,S20260422_152229,SC01,AUTO,,10.5339,0.0604,start,0,1500,VIDE,0.0,0.0,0.0,0.0,0.0,0.0,0,0,0.0,0.0,0.0,0.0,0.0,0.0,2.0,1.0,0.05,0.8,0.0,0.0,1,0.0,0.2,1,0.0,0.2
161,2026-04-22T14:22:40.059Z,S20260422_152229,SC01,AUTO,,10.5933,0.0594,start,0,1500,VIDE,0.0,0.0,0.0,0.0,0.0,0.0,0,0,0.0,0.0,0.0,0.0,0.0,0.0,2.0,1.0,0.05,0.8,0.0,0.0,1,0.0,0.2,1,0.0,0.2
162,2026-04-22T14:22:40.119Z,S20260422_152229,SC01,AUTO,,10.6534,0.06,start,0,1500,VIDE,0.0,0.0,0.0,0.0,0.0,0.0,0,0,0.0,0.0,0.0,0.0,0.0,0.0,2.0,1.0,0.05,0.8,0.0,0.0,1,0.0,0.2,1,0.0,0.2
163,2026-04-22T14:22:40.179Z,S20260422_152229,SC01,AUTO,,10.7135,0.0602,start,0,1500,VIDE,0.0,0.0,0.0,0.0,0.0,0.0,0,0,0.0,0.0,0.0,0.0,0.0,0.0,2.0,1.0,0.05,0.8,0.0,0.0,1,0.0,0.2,1,0.0,0.2
164,2026-04-22T14:22:40.240Z,S20260422_152229,SC01,AUTO,,10.7741,0.0607,start,0,1500,VIDE,0.0,0.0,0.0,0.0,0.0,0.0,0,0,0.0,0.0,0.0,0.0,0.0,0.0,2.0,1.0,0.05,0.8,0.0,0.0,1,0.0,0.2,1,0.0,0.2
165,2026-04-22T14:22:40.316Z,S20260422_152229,SC01,AUTO,,10.8498,0.0756,start,0,1500,VIDE,0.0,0.0,0.0,0.0,0.0,0.0,0,0,0.0,0.0,0.0,0.0,0.0,0.0,2.0,1.0,0.05,0.8,0.0,0.0,1,0.0,0.2,1,0.0,0.2
166,2026-04-22T14:22:40.366Z,S20260422_152229,SC01,AUTO,,10.9001,0.0504,start,0,1500,VIDE,0.0,0.0,0.0,0.0,0.0,0.0,0,0,0.0,0.0,0.0,0.0,0.0,0.0,2.0,1.0,0.05,0.8,0.0,0.0,1,0.0,0.2,1,0.0,0.2
167,2026-04-22T14:22:40.430Z,S20260422_152229,SC01,AUTO,,10.9643,0.0642,start,0,1500,VIDE,0.0,0.0,0.0,0.0,0.0,0.0,0,0,0.0,0.0,0.0,0.0,0.0,0.0,2.0,1.0,0.05,0.8,0.0,0.0,1,0.0,0.2,1,0.0,0.2
168,2026-04-22T14:22:40.495Z,S20260422_152229,SC01,AUTO,,11.0288,0.0645,start,0,1500,VIDE,0.0,0.0,0.0,0.0,0.0,0.0,0,0,0.0,0.0,0.0,0.0,0.0,0.0,2.0,1.0,0.05,0.8,0.0,0.0,1,0.0,0.2,1,0.0,0.2
169,2026-04-22T14:22:40.558Z,S20260422_152229,SC01,AUTO,,11.092,0.0632,start,0,1500,VIDE,0.0,0.0,0.0,0.0,0.0,0.0,0,0,0.0,0.0,0.0,0.0,0.0,0.0,2.0,1.0,0.05,0.8,0.0,0.0,1,0.0,0.2,1,0.0,0.2
170,2026-04-22T14:22:40.614Z,S20260422_152229,SC01,AUTO,,11.1479,0.0559,start,0,1500,VIDE,0.0,0.0,0.0,0.0,0.0,0.0,0,0,0.0,0.0,0.0,0.0,0.0,0.0,2.0,1.0,0.05,0.8,0.0,0.0,1,0.0,0.2,1,0.0,0.2
171,2026-04-22T14:22:40.678Z,S20260422_152229,SC01,AUTO,,11.212,0.0641,start,0,1500,VIDE,0.0,0.0,0.0,0.0,0.0,0.0,0,0,0.0,0.0,0.0,0.0,0.0,0.0,2.0,1.0,0.05,0.8,0.0,0.0,1,0.0,0.2,1,0.0,0.2
172,2026-04-22T14:22:40.739Z,S20260422_152229,SC01,AUTO,,11.2732,0.0612,start,0,1500,VIDE,0.0,0.0,0.0,0.0,0.0,0.0,0,0,0.0,0.0,0.0,0.0,0.0,0.0,2.0,1.0,0.05,0.8,0.0,0.0,1,0.0,0.2,1,0.0,0.2
173,2026-04-22T14:22:40.806Z,S20260422_152229,SC01,AUTO,,11.34,0.0668,start,0,1500,VIDE,0.0,0.0,0.0,0.0,0.0,0.0,0,0,0.0,0.0,0.0,0.0,0.0,0.0,2.0,1.0,0.05,0.8,0.0,0.0,1,0.0,0.2,1,0.0,0.2
174,2026-04-22T14:22:40.870Z,S20260422_152229,SC01,AUTO,,11.4045,0.0644,start,0,1500,VIDE,0.0,0.0,0.0,0.0,0.0,0.0,0,0,0.0,0.0,0.0,0.0,0.0,0.0,2.0,1.0,0.05,0.8,0.0,0.0,1,0.0,0.2,1,0.0,0.2
175,2026-04-22T14:22:40.926Z,S20260422_152229,SC01,AUTO,,11.4599,0.0555,start,0,1500,VIDE,0.0,0.0,0.0,0.0,0.0,0.0,0,0,0.0,0.0,0.0,0.0,0.0,0.0,2.0,1.0,0.05,0.8,0.0,0.0,1,0.0,0.2,1,0.0,0.2
176,2026-04-22T14:22:40.990Z,S20260422_152229,SC01,AUTO,,11.5242,0.0643,start,0,1500,VIDE,0.0,0.0,0.0,0.0,0.0,0.0,0,0,0.0,0.0,0.0,0.0,0.0,0.0,2.0,1.0,0.05,0.8,0.0,0.0,1,0.0,0.2,1,0.0,0.2
177,2026-04-22T14:22:41.059Z,S20260422_152229,SC01,AUTO,,11.5932,0.069,start,0,1500,VIDE,0.0,0.0,0.0,0.0,0.0,0.0,0,0,0.0,0.0,0.0,0.0,0.0,0.0,2.0,1.0,0.05,0.8,0.0,0.0,1,0.0,0.2,1,0.0,0.2
178,2026-04-22T14:22:41.119Z,S20260422_152229,SC01,AUTO,,11.6535,0.0602,start,0,1500,VIDE,0.0,0.0,0.0,0.0,0.0,0.0,0,0,0.0,0.0,0.0,0.0,0.0,0.0,2.0,1.0,0.05,0.8,0.0,0.0,1,0.0,0.2,1,0.0,0.2
179,2026-04-22T14:22:41.179Z,S20260422_152229,SC01,AUTO,,11.7132,0.0597,start,0,1500,VIDE,0.0,0.0,0.0,0.0,0.0,0.0,0,0,0.0,0.0,0.0,0.0,0.0,0.0,2.0,1.0,0.05,0.8,0.0,0.0,1,0.0,0.2,1,0.0,0.2
180,2026-04-22T14:22:41.239Z,S20260422_152229,SC01,AUTO,,11.7734,0.0602,start,0,1500,VIDE,0.0,0.0,0.0,0.0,0.0,0.0,0,0,0.0,0.0,0.0,0.0,0.0,0.0,2.0,1.0,0.05,0.8,0.0,0.0,1,0.0,0.2,1,0.0,0.2
181,2026-04-22T14:22:41.308Z,S20260422_152229,SC01,AUTO,,11.8417,0.0683,start,0,1500,VIDE,0.0,0.0,0.0,0.0,0.0,0.0,0,0,0.0,0.0,0.0,0.0,0.0,0.0,2.0,1.0,0.05,0.8,0.0,0.0,1,0.0,0.2,1,0.0,0.2
182,2026-04-22T14:22:41.370Z,S20260422_152229,SC01,AUTO,,11.9044,0.0628,start,0,1500,VIDE,0.0,0.0,0.0,0.0,0.0,0.0,0,0,0.0,0.0,0.0,0.0,0.0,0.0,2.0,1.0,0.05,0.8,0.0,0.0,1,0.0,0.2,1,0.0,0.2
183,2026-04-22T14:22:41.432Z,S20260422_152229,SC01,AUTO,,11.9662,0.0617,start,0,1500,VIDE,0.0,0.0,0.0,0.0,0.0,0.0,0,0,0.0,0.0,0.0,0.0,0.0,0.0,2.0,1.0,0.05,0.8,0.0,0.0,1,0.0,0.2,1,0.0,0.2
184,2026-04-22T14:22:41.495Z,S20260422_152229,SC01,AUTO,,12.0287,0.0625,start,0,1500,VIDE,0.0,0.0,0.0,0.0,0.0,0.0,0,0,0.0,0.0,0.0,0.0,0.0,0.0,2.0,1.0,0.05,0.8,0.0,0.0,1,0.0,0.2,1,0.0,0.2
185,2026-04-22T14:22:41.556Z,S20260422_152229,SC01,AUTO,,12.0903,0.0616,start,0,1500,VIDE,0.0,0.0,0.0,0.0,0.0,0.0,0,0,0.0,0.0,0.0,0.0,0.0,0.0,2.0,1.0,0.05,0.8,0.0,0.0,1,0.0,0.2,1,0.0,0.2
186,2026-04-22T14:22:41.614Z,S20260422_152229,SC01,AUTO,,12.1479,0.0577,start,0,1500,VIDE,0.0,0.0,0.0,0.0,0.0,0.0,0,0,0.0,0.0,0.0,0.0,0.0,0.0,2.0,1.0,0.05,0.8,0.0,0.0,1,0.0,0.2,1,0.0,0.2
187,2026-04-22T14:22:41.679Z,S20260422_152229,SC01,AUTO,,12.2135,0.0655,start,0,1500,VIDE,0.0,0.0,0.0,0.0,0.0,0.0,0,0,0.0,0.0,0.0,0.0,0.0,0.0,2.0,1.0,0.05,0.8,0.0,0.0,1,0.0,0.2,1,0.0,0.2
188,2026-04-22T14:22:41.740Z,S20260422_152229,SC01,AUTO,,12.2736,0.0602,start,0,1500,VIDE,0.0,0.0,0.0,0.0,0.0,0.0,0,0,0.0,0.0,0.0,0.0,0.0,0.0,2.0,1.0,0.05,0.8,0.0,0.0,1,0.0,0.2,1,0.0,0.2
189,2026-04-22T14:22:41.805Z,S20260422_152229,SC01,AUTO,,12.3387,0.065,start,0,1500,VIDE,0.0,0.0,0.0,0.0,0.0,0.0,0,0,0.0,0.0,0.0,0.0,0.0,0.0,2.0,1.0,0.05,0.8,0.0,0.0,1,0.0,0.2,1,0.0,0.2
190,2026-04-22T14:22:41.866Z,S20260422_152229,SC01,AUTO,,12.4002,0.0616,start,0,1500,VIDE,0.0,0.0,0.0,0.0,0.0,0.0,0,0,0.0,0.0,0.0,0.0,0.0,0.0,2.0,1.0,0.05,0.8,0.0,0.0,1,0.0,0.2,1,0.0,0.2
191,2026-04-22T14:22:41.929Z,S20260422_152229,SC01,AUTO,,12.4625,0.0623,start,0,1500,VIDE,0.0,0.0,0.0,0.0,0.0,0.0,0,0,0.0,0.0,0.0,0.0,0.0,0.0,2.0,1.0,0.05,0.8,0.0,0.0,1,0.0,0.2,1,0.0,0.2
192,2026-04-22T14:22:41.991Z,S20260422_152229,SC01,AUTO,,12.5254,0.0629,start,0,1500,VIDE,0.0,0.0,0.0,0.0,0.0,0.0,0,0,0.0,0.0,0.0,0.0,0.0,0.0,2.0,1.0,0.05,0.8,0.0,0.0,1,0.0,0.2,1,0.0,0.2
193,2026-04-22T14:22:42.054Z,S20260422_152229,SC01,AUTO,,12.5885,0.0631,start,0,1500,VIDE,0.0,0.0,0.0,0.0,0.0,0.0,0,0,0.0,0.0,0.0,0.0,0.0,0.0,2.0,1.0,0.05,0.8,0.0,0.0,1,0.0,0.2,1,0.0,0.2
194,2026-04-22T14:22:42.117Z,S20260422_152229,SC01,AUTO,,12.6506,0.0622,start,0,1500,VIDE,0.0,0.0,0.0,0.0,0.0,0.0,0,0,0.0,0.0,0.0,0.0,0.0,0.0,2.0,1.0,0.05,0.8,0.0,0.0,1,0.0,0.2,1,0.0,0.2
195,2026-04-22T14:22:42.180Z,S20260422_152229,SC01,AUTO,,12.7142,0.0635,start,0,1500,VIDE,0.0,0.0,0.0,0.0,0.0,0.0,0,0,0.0,0.0,0.0,0.0,0.0,0.0,2.0,1.0,0.05,0.8,0.0,0.0,1,0.0,0.2,1,0.0,0.2
196,2026-04-22T14:22:42.239Z,S20260422_152229,SC01,AUTO,,12.7732,0.0591,start,0,1500,VIDE,0.0,0.0,0.0,0.0,0.0,0.0,0,0,0.0,0.0,0.0,0.0,0.0,0.0,2.0,1.0,0.05,0.8,0.0,0.0,1,0.0,0.2,1,0.0,0.2
197,2026-04-22T14:22:42.304Z,S20260422_152229,SC01,AUTO,,12.8378,0.0646,start,0,1500,VIDE,0.0,0.0,0.0,0.0,0.0,0.0,0,0,0.0,0.0,0.0,0.0,0.0,0.0,2.0,1.0,0.05,0.8,0.0,0.0,1,0.0,0.2,1,0.0,0.2
198,2026-04-22T14:22:42.366Z,S20260422_152229,SC01,AUTO,,12.8999,0.062,start,0,1500,VIDE,0.0,0.0,0.0,0.0,0.0,0.0,0,0,0.0,0.0,0.0,0.0,0.0,0.0,2.0,1.0,0.05,0.8,0.0,0.0,1,0.0,0.2,1,0.0,0.2
199,2026-04-22T14:22:42.428Z,S20260422_152229,SC01,AUTO,,12.9622,0.0624,start,0,1500,VIDE,0.0,0.0,0.0,0.0,0.0,0.0,0,0,0.0,0.0,0.0,0.0,0.0,0.0,2.0,1.0,0.05,0.8,0.0,0.0,1,0.0,0.2,1,0.0,0.2
200,2026-04-22T14:22:42.490Z,S20260422_152229,SC01,AUTO,,13.0238,0.0616,start,0,1500,VIDE,0.0,0.0,0.0,0.0,0.0,0.0,0,0,0.0,0.0,0.0,0.0,0.0,0.0,2.0,1.0,0.05,0.8,0.0,0.0,1,0.0,0.2,1,0.0,0.2
201,2026-04-22T14:22:42.551Z,S20260422_152229,SC01,AUTO,,13.0853,0.0615,start,0,1500,VIDE,0.0,0.0,0.0,0.0,0.0,0.0,0,0,0.0,0.0,0.0,0.0,0.0,0.0,2.0,1.0,0.05,0.8,0.0,0.0,1,0.0,0.2,1,0.0,0.2
202,2026-04-22T14:22:42.619Z,S20260422_152229,SC01,AUTO,,13.1533,0.0679,start,0,1500,VIDE,0.0,0.0,0.0,0.0,0.0,0.0,0,0,0.0,0.0,0.0,0.0,0.0,0.0,2.0,1.0,0.05,0.8,0.0,0.0,1,0.0,0.2,1,0.0,0.2
203,2026-04-22T14:22:42.680Z,S20260422_152229,SC01,AUTO,,13.2137,0.0604,start,0,1500,VIDE,0.0,0.0,0.0,0.0,0.0,0.0,0,0,0.0,0.0,0.0,0.0,0.0,0.0,2.0,1.0,0.05,0.8,0.0,0.0,1,0.0,0.2,1,0.0,0.2
204,2026-04-22T14:22:42.739Z,S20260422_152229,SC01,AUTO,,13.2735,0.0598,start,0,1500,VIDE,0.0,0.0,0.0,0.0,0.0,0.0,0,0,0.0,0.0,0.0,0.0,0.0,0.0,2.0,1.0,0.05,0.8,0.0,0.0,1,0.0,0.2,1,0.0,0.2
205,2026-04-22T14:22:42.813Z,S20260422_152229,SC01,AUTO,,13.3468,0.0732,start,0,1500,VIDE,0.0,0.0,0.0,0.0,0.0,0.0,0,0,0.0,0.0,0.0,0.0,0.0,0.0,2.0,1.0,0.05,0.8,0.0,0.0,1,0.0,0.2,1,0.0,0.2
206,2026-04-22T14:22:42.876Z,S20260422_152229,SC01,AUTO,,13.4095,0.0628,start,0,1500,VIDE,0.0,0.0,0.0,0.0,0.0,0.0,0,0,0.0,0.0,0.0,0.0,0.0,0.0,2.0,1.0,0.05,0.8,0.0,0.0,1,0.0,0.2,1,0.0,0.2
207,2026-04-22T14:22:42.939Z,S20260422_152229,SC01,AUTO,,13.4726,0.0631,start,0,1500,VIDE,0.0,0.0,0.0,0.0,0.0,0.0,0,0,0.0,0.0,0.0,0.0,0.0,0.0,2.0,1.0,0.05,0.8,0.0,0.0,1,0.0,0.2,1,0.0,0.2
208,2026-04-22T14:22:42.999Z,S20260422_152229,SC01,AUTO,,13.5334,0.0608,start,0,1500,VIDE,0.0,0.0,0.0,0.0,0.0,0.0,0,0,0.0,0.0,0.0,0.0,0.0,0.0,2.0,1.0,0.05,0.8,0.0,0.0,1,0.0,0.2,1,0.0,0.2
209,2026-04-22T14:22:43.060Z,S20260422_152229,SC01,AUTO,,13.5938,0.0603,start,0,1500,VIDE,0.0,0.0,0.0,0.0,0.0,0.0,0,0,0.0,0.0,0.0,0.0,0.0,0.0,2.0,1.0,0.05,0.8,0.0,0.0,1,0.0,0.2,1,0.0,0.2
210,2026-04-22T14:22:43.120Z,S20260422_152229,SC01,AUTO,,13.6535,0.0597,start,0,1500,VIDE,0.0,0.0,0.0,0.0,0.0,0.0,0,0,0.0,0.0,0.0,0.0,0.0,0.0,2.0,1.0,0.05,0.8,0.0,0.0,1,0.0,0.2,1,0.0,0.2
211,2026-04-22T14:22:43.180Z,S20260422_152229,SC01,AUTO,,13.7136,0.0601,start,0,1500,VIDE,0.0,0.0,0.0,0.0,0.0,0.0,0,0,0.0,0.0,0.0,0.0,0.0,0.0,2.0,1.0,0.05,0.8,0.0,0.0,1,0.0,0.2,1,0.0,0.2
212,2026-04-22T14:22:43.239Z,S20260422_152229,SC01,AUTO,,13.7735,0.0598,start,0,1500,VIDE,0.0,0.0,0.0,0.0,0.0,0.0,0,0,0.0,0.0,0.0,0.0,0.0,0.0,2.0,1.0,0.05,0.8,0.0,0.0,1,0.0,0.2,1,0.0,0.2
213,2026-04-22T14:22:43.314Z,S20260422_152229,SC01,AUTO,,13.8479,0.0744,start,0,1500,VIDE,0.0,0.0,0.0,0.0,0.0,0.0,0,0,0.0,0.0,0.0,0.0,0.0,0.0,2.0,1.0,0.05,0.8,0.0,0.0,1,0.0,0.2,1,0.0,0.2
214,2026-04-22T14:22:43.364Z,S20260422_152229,SC01,AUTO,,13.8977,0.0498,start,0,1500,VIDE,0.0,0.0,0.0,0.0,0.0,0.0,0,0,0.0,0.0,0.0,0.0,0.0,0.0,2.0,1.0,0.05,0.8,0.0,0.0,1,0.0,0.2,1,0.0,0.2
215,2026-04-22T14:22:43.439Z,S20260422_152229,SC01,AUTO,,13.9732,0.0755,start,0,1500,VIDE,0.0,0.0,0.0,0.0,0.0,0.0,0,0,0.0,0.0,0.0,0.0,0.0,0.0,2.0,1.0,0.05,0.8,0.0,0.0,1,0.0,0.2,1,0.0,0.2
216,2026-04-22T14:22:43.501Z,S20260422_152229,SC01,AUTO,,14.0346,0.0614,start,0,1500,VIDE,0.0,0.0,0.0,0.0,0.0,0.0,0,0,0.0,0.0,0.0,0.0,0.0,0.0,2.0,1.0,0.05,0.8,0.0,0.0,1,0.0,0.2,1,0.0,0.2
217,2026-04-22T14:22:43.559Z,S20260422_152229,SC01,AUTO,,14.0933,0.0588,start,0,1500,VIDE,0.0,0.0,0.0,0.0,0.0,0.0,0,0,0.0,0.0,0.0,0.0,0.0,0.0,2.0,1.0,0.05,0.8,0.0,0.0,1,0.0,0.2,1,0.0,0.2
218,2026-04-22T14:22:43.620Z,S20260422_152229,SC01,AUTO,,14.1536,0.0603,start,0,1500,VIDE,0.0,0.0,0.0,0.0,0.0,0.0,0,0,0.0,0.0,0.0,0.0,0.0,0.0,2.0,1.0,0.05,0.8,0.0,0.0,1,0.0,0.2,1,0.0,0.2
219,2026-04-22T14:22:43.680Z,S20260422_152229,SC01,AUTO,,14.2136,0.06,start,0,1500,VIDE,0.0,0.0,0.0,0.0,0.0,0.0,0,0,0.0,0.0,0.0,0.0,0.0,0.0,2.0,1.0,0.05,0.8,0.0,0.0,1,0.0,0.2,1,0.0,0.2
220,2026-04-22T14:22:43.740Z,S20260422_152229,SC01,AUTO,,14.2739,0.0604,start,0,1500,VIDE,0.0,0.0,0.0,0.0,0.0,0.0,0,0,0.0,0.0,0.0,0.0,0.0,0.0,2.0,1.0,0.05,0.8,0.0,0.0,1,0.0,0.2,1,0.0,0.2
221,2026-04-22T14:22:43.815Z,S20260422_152229,SC01,AUTO,,14.3494,0.0755,start,0,1500,VIDE,0.0,0.0,0.0,0.0,0.0,0.0,0,0,0.0,0.0,0.0,0.0,0.0,0.0,2.0,1.0,0.05,0.8,0.0,0.0,1,0.0,0.2,1,0.0,0.2
222,2026-04-22T14:22:43.878Z,S20260422_152229,SC01,AUTO,,14.4116,0.0622,start,0,1500,VIDE,0.0,0.0,0.0,0.0,0.0,0.0,0,0,0.0,0.0,0.0,0.0,0.0,0.0,2.0,1.0,0.05,0.8,0.0,0.0,1,0.0,0.2,1,0.0,0.2
223,2026-04-22T14:22:43.926Z,S20260422_152229,SC01,AUTO,,14.4597,0.0481,start,0,1500,VIDE,0.0,0.0,0.0,0.0,0.0,0.0,0,0,0.0,0.0,0.0,0.0,0.0,0.0,2.0,1.0,0.05,0.8,0.0,0.0,1,0.0,0.2,1,0.0,0.2
224,2026-04-22T14:22:44.000Z,S20260422_152229,SC01,AUTO,,14.5336,0.0739,start,0,1500,VIDE,0.0,0.0,0.0,0.0,0.0,0.0,0,0,0.0,0.0,0.0,0.0,0.0,0.0,2.0,1.0,0.05,0.8,0.0,0.0,1,0.0,0.2,1,0.0,0.2
225,2026-04-22T14:22:44.051Z,S20260422_152229,SC01,AUTO,,14.5847,0.0511,start,0,1500,VIDE,0.0,0.0,0.0,0.0,0.0,0.0,0,0,0.0,0.0,0.0,0.0,0.0,0.0,2.0,1.0,0.05,0.8,0.0,0.0,1,0.0,0.2,1,0.0,0.2
226,2026-04-22T14:22:44.114Z,S20260422_152229,SC01,AUTO,,14.6484,0.0638,start,0,1500,VIDE,0.0,0.0,0.0,0.0,0.0,0.0,0,0,0.0,0.0,0.0,0.0,0.0,0.0,2.0,1.0,0.05,0.8,0.0,0.0,1,0.0,0.2,1,0.0,0.2
227,2026-04-22T14:22:44.175Z,S20260422_152229,SC01,AUTO,,14.7095,0.061,start,0,1500,VIDE,0.0,0.0,0.0,0.0,0.0,0.0,0,0,0.0,0.0,0.0,0.0,0.0,0.0,2.0,1.0,0.05,0.8,0.0,0.0,1,0.0,0.2,1,0.0,0.2
228,2026-04-22T14:22:44.238Z,S20260422_152229,SC01,AUTO,,14.772,0.0625,start,0,1500,VIDE,0.0,0.0,0.0,0.0,0.0,0.0,0,0,0.0,0.0,0.0,0.0,0.0,0.0,2.0,1.0,0.05,0.8,0.0,0.0,1,0.0,0.2,1,0.0,0.2
229,2026-04-22T14:22:44.301Z,S20260422_152229,SC01,AUTO,,14.8347,0.0627,start,0,1500,VIDE,0.0,0.0,0.0,0.0,0.0,0.0,0,0,0.0,0.0,0.0,0.0,0.0,0.0,2.0,1.0,0.05,0.8,0.0,0.0,1,0.0,0.2,1,0.0,0.2
230,2026-04-22T14:22:44.367Z,S20260422_152229,SC01,AUTO,,14.9006,0.0659,start,0,1500,VIDE,0.0,0.0,0.0,0.0,0.0,0.0,0,0,0.0,0.0,0.0,0.0,0.0,0.0,2.0,1.0,0.05,0.8,0.0,0.0,1,0.0,0.2,1,0.0,0.2
231,2026-04-22T14:22:44.427Z,S20260422_152229,SC01,AUTO,,14.9609,0.0603,start,0,1500,VIDE,0.0,0.0,0.0,0.0,0.0,0.0,0,0,0.0,0.0,0.0,0.0,0.0,0.0,2.0,1.0,0.05,0.8,0.0,0.0,1,0.0,0.2,1,0.0,0.2
232,2026-04-22T14:22:44.492Z,S20260422_152229,SC01,AUTO,,15.0259,0.065,start,0,1500,VIDE,0.0,0.0,0.0,0.0,0.0,0.0,0,0,0.0,0.0,0.0,0.0,0.0,0.0,2.0,1.0,0.05,0.8,0.0,0.0,1,0.0,0.2,1,0.0,0.2
233,2026-04-22T14:22:44.553Z,S20260422_152229,SC01,AUTO,,15.087,0.0611,start,0,1500,VIDE,0.0,0.0,0.0,0.0,0.0,0.0,0,0,0.0,0.0,0.0,0.0,0.0,0.0,2.0,1.0,0.05,0.8,0.0,0.0,1,0.0,0.2,1,0.0,0.2
234,2026-04-22T14:22:44.616Z,S20260422_152229,SC01,AUTO,,15.1496,0.0625,start,0,1500,VIDE,0.0,0.0,0.0,0.0,0.0,0.0,0,0,0.0,0.0,0.0,0.0,0.0,0.0,2.0,1.0,0.05,0.8,0.0,0.0,1,0.0,0.2,1,0.0,0.2
235,2026-04-22T14:22:44.678Z,S20260422_152229,SC01,AUTO,,15.2116,0.062,start,0,1500,VIDE,0.0,0.0,0.0,0.0,0.0,0.0,0,0,0.0,0.0,0.0,0.0,0.0,0.0,2.0,1.0,0.05,0.8,0.0,0.0,1,0.0,0.2,1,0.0,0.2
236,2026-04-22T14:22:44.740Z,S20260422_152229,SC01,AUTO,,15.274,0.0625,start,0,1500,VIDE,0.0,0.0,0.0,0.0,0.0,0.0,0,0,0.0,0.0,0.0,0.0,0.0,0.0,2.0,1.0,0.05,0.8,0.0,0.0,1,0.0,0.2,1,0.0,0.2
237,2026-04-22T14:22:44.803Z,S20260422_152229,SC01,AUTO,,15.3366,0.0626,start,0,1500,VIDE,0.0,0.0,0.0,0.0,0.0,0.0,0,0,0.0,0.0,0.0,0.0,0.0,0.0,2.0,1.0,0.05,0.8,0.0,0.0,1,0.0,0.2,1,0.0,0.2
238,2026-04-22T14:22:44.865Z,S20260422_152229,SC01,AUTO,,15.3992,0.0626,start,0,1500,VIDE,0.0,0.0,0.0,0.0,0.0,0.0,0,0,0.0,0.0,0.0,0.0,0.0,0.0,2.0,1.0,0.05,0.8,0.0,0.0,1,0.0,0.2,1,0.0,0.2
239,2026-04-22T14:22:44.927Z,S20260422_152229,SC01,AUTO,,15.4615,0.0622,start,0,1500,VIDE,0.0,0.0,0.0,0.0,0.0,0.0,0,0,0.0,0.0,0.0,0.0,0.0,0.0,2.0,1.0,0.05,0.8,0.0,0.0,1,0.0,0.2,1,0.0,0.2
240,2026-04-22T14:22:44.990Z,S20260422_152229,SC01,AUTO,,15.5236,0.0621,start,0,1500,VIDE,0.0,0.0,0.0,0.0,0.0,0.0,0,0,0.0,0.0,0.0,0.0,0.0,0.0,2.0,1.0,0.05,0.8,0.0,0.0,1,0.0,0.2,1,0.0,0.2
241,2026-04-22T14:22:45.053Z,S20260422_152229,SC01,AUTO,,15.5866,0.0629,start,0,1500,VIDE,0.0,0.0,0.0,0.0,0.0,0.0,0,0,0.0,0.0,0.0,0.0,0.0,0.0,2.0,1.0,0.05,0.8,0.0,0.0,1,0.0,0.2,1,0.0,0.2
242,2026-04-22T14:22:45.115Z,S20260422_152229,SC01,AUTO,,15.6486,0.062,start,0,1500,VIDE,0.0,0.0,0.0,0.0,0.0,0.0,0,0,0.0,0.0,0.0,0.0,0.0,0.0,2.0,1.0,0.05,0.8,0.0,0.0,1,0.0,0.2,1,0.0,0.2
243,2026-04-22T14:22:45.178Z,S20260422_152229,SC01,AUTO,,15.7117,0.0631,start,0,1500,VIDE,0.0,0.0,0.0,0.0,0.0,0.0,0,0,0.0,0.0,0.0,0.0,0.0,0.0,2.0,1.0,0.05,0.8,0.0,0.0,1,0.0,0.2,1,0.0,0.2
244,2026-04-22T14:22:45.239Z,S20260422_152229,SC01,AUTO,,15.7735,0.0617,start,0,1500,VIDE,0.0,0.0,0.0,0.0,0.0,0.0,0,0,0.0,0.0,0.0,0.0,0.0,0.0,2.0,1.0,0.05,0.8,0.0,0.0,1,0.0,0.2,1,0.0,0.2
245,2026-04-22T14:22:45.303Z,S20260422_152229,SC01,AUTO,,15.837,0.0636,start,0,1500,VIDE,0.0,0.0,0.0,0.0,0.0,0.0,0,0,0.0,0.0,0.0,0.0,0.0,0.0,2.0,1.0,0.05,0.8,0.0,0.0,1,0.0,0.2,1,0.0,0.2
246,2026-04-22T14:22:45.365Z,S20260422_152229,SC01,AUTO,,15.899,0.062,start,0,1500,VIDE,0.0,0.0,0.0,0.0,0.0,0.0,0,0,0.0,0.0,0.0,0.0,0.0,0.0,2.0,1.0,0.05,0.8,0.0,0.0,1,0.0,0.2,1,0.0,0.2
247,2026-04-22T14:22:45.427Z,S20260422_152229,SC01,AUTO,,15.9607,0.0617,start,0,1500,VIDE,0.0,0.0,0.0,0.0,0.0,0.0,0,0,0.0,0.0,0.0,0.0,0.0,0.0,2.0,1.0,0.05,0.8,0.0,0.0,1,0.0,0.2,1,0.0,0.2
248,2026-04-22T14:22:45.489Z,S20260422_152229,SC01,AUTO,,16.0228,0.0621,start,0,1500,VIDE,0.0,0.0,0.0,0.0,0.0,0.0,0,0,0.0,0.0,0.0,0.0,0.0,0.0,2.0,1.0,0.05,0.8,0.0,0.0,1,0.0,0.2,1,0.0,0.2
249,2026-04-22T14:22:45.551Z,S20260422_152229,SC01,AUTO,,16.0847,0.0619,start,0,1500,VIDE,0.0,0.0,0.0,0.0,0.0,0.0,0,0,0.0,0.0,0.0,0.0,0.0,0.0,2.0,1.0,0.05,0.8,0.0,0.0,1,0.0,0.2,1,0.0,0.2
250,2026-04-22T14:22:45.620Z,S20260422_152229,SC01,AUTO,,16.1536,0.069,start,0,1500,VIDE,0.0,0.0,0.0,0.0,0.0,0.0,0,0,0.0,0.0,0.0,0.0,0.0,0.0,2.0,1.0,0.05,0.8,0.0,0.0,1,0.0,0.2,1,0.0,0.2
251,2026-04-22T14:22:45.680Z,S20260422_152229,SC01,AUTO,,16.2135,0.0599,start,0,1500,VIDE,0.0,0.0,0.0,0.0,0.0,0.0,0,0,0.0,0.0,0.0,0.0,0.0,0.0,2.0,1.0,0.05,0.8,0.0,0.0,1,0.0,0.2,1,0.0,0.2
252,2026-04-22T14:22:45.740Z,S20260422_152229,SC01,AUTO,,16.2737,0.0601,start,0,1500,VIDE,0.0,0.0,0.0,0.0,0.0,0.0,0,0,0.0,0.0,0.0,0.0,0.0,0.0,2.0,1.0,0.05,0.8,0.0,0.0,1,0.0,0.2,1,0.0,0.2
253,2026-04-22T14:22:45.815Z,S20260422_152229,SC01,AUTO,,16.3485,0.0749,start,0,1500,VIDE,0.0,0.0,0.0,0.0,0.0,0.0,0,0,0.0,0.0,0.0,0.0,0.0,0.0,2.0,1.0,0.05,0.8,0.0,0.0,1,0.0,0.2,1,0.0,0.2
254,2026-04-22T14:22:45.871Z,S20260422_152229,SC01,AUTO,,16.4049,0.0564,start,0,1500,VIDE,0.0,0.0,0.0,0.0,0.0,0.0,0,0,0.0,0.0,0.0,0.0,0.0,0.0,2.0,1.0,0.05,0.8,0.0,0.0,1,0.0,0.2,1,0.0,0.2
255,2026-04-22T14:22:45.939Z,S20260422_152229,SC01,AUTO,,16.4729,0.068,start,0,1500,VIDE,0.0,0.0,0.0,0.0,0.0,0.0,0,0,0.0,0.0,0.0,0.0,0.0,0.0,2.0,1.0,0.05,0.8,0.0,0.0,1,0.0,0.2,1,0.0,0.2
256,2026-04-22T14:22:45.999Z,S20260422_152229,SC01,AUTO,,16.5334,0.0605,start,0,1500,VIDE,0.0,0.0,0.0,0.0,0.0,0.0,0,0,0.0,0.0,0.0,0.0,0.0,0.0,2.0,1.0,0.05,0.8,0.0,0.0,1,0.0,0.2,1,0.0,0.2
257,2026-04-22T14:22:46.060Z,S20260422_152229,SC01,AUTO,,16.5939,0.0605,start,0,1500,VIDE,0.0,0.0,0.0,0.0,0.0,0.0,0,0,0.0,0.0,0.0,0.0,0.0,0.0,2.0,1.0,0.05,0.8,0.0,0.0,1,0.0,0.2,1,0.0,0.2
258,2026-04-22T14:22:46.119Z,S20260422_152229,SC01,AUTO,,16.6534,0.0594,start,0,1500,VIDE,0.0,0.0,0.0,0.0,0.0,0.0,0,0,0.0,0.0,0.0,0.0,0.0,0.0,2.0,1.0,0.05,0.8,0.0,0.0,1,0.0,0.2,1,0.0,0.2
259,2026-04-22T14:22:46.179Z,S20260422_152229,SC01,AUTO,,16.7135,0.0601,start,0,1500,VIDE,0.0,0.0,0.0,0.0,0.0,0.0,0,0,0.0,0.0,0.0,0.0,0.0,0.0,2.0,1.0,0.05,0.8,0.0,0.0,1,0.0,0.2,1,0.0,0.2
260,2026-04-22T14:22:46.240Z,S20260422_152229,SC01,AUTO,,16.7738,0.0604,start,0,1500,VIDE,0.0,0.0,0.0,0.0,0.0,0.0,0,0,0.0,0.0,0.0,0.0,0.0,0.0,2.0,1.0,0.05,0.8,0.0,0.0,1,0.0,0.2,1,0.0,0.2
261,2026-04-22T14:22:46.311Z,S20260422_152229,SC01,AUTO,,16.8446,0.0708,start,0,1500,VIDE,0.0,0.0,0.0,0.0,0.0,0.0,0,0,0.0,0.0,0.0,0.0,0.0,0.0,2.0,1.0,0.05,0.8,0.0,0.0,1,0.0,0.2,1,0.0,0.2
262,2026-04-22T14:22:46.373Z,S20260422_152229,SC01,AUTO,,16.9067,0.0621,start,0,1500,VIDE,0.0,0.0,0.0,0.0,0.0,0.0,0,0,0.0,0.0,0.0,0.0,0.0,0.0,2.0,1.0,0.05,0.8,0.0,0.0,1,0.0,0.2,1,0.0,0.2
263,2026-04-22T14:22:46.434Z,S20260422_152229,SC01,AUTO,,16.9676,0.0609,start,0,1500,VIDE,0.0,0.0,0.0,0.0,0.0,0.0,0,0,0.0,0.0,0.0,0.0,0.0,0.0,2.0,1.0,0.05,0.8,0.0,0.0,1,0.0,0.2,1,0.0,0.2
264,2026-04-22T14:22:46.498Z,S20260422_152229,SC01,AUTO,,17.0319,0.0643,start,0,1500,VIDE,0.0,0.0,0.0,0.0,0.0,0.0,0,0,0.0,0.0,0.0,0.0,0.0,0.0,2.0,1.0,0.05,0.8,0.0,0.0,1,0.0,0.2,1,0.0,0.2
265,2026-04-22T14:22:46.558Z,S20260422_152229,SC01,AUTO,,17.0921,0.0601,start,0,1500,VIDE,0.0,0.0,0.0,0.0,0.0,0.0,0,0,0.0,0.0,0.0,0.0,0.0,0.0,2.0,1.0,0.05,0.8,0.0,0.0,1,0.0,0.2,1,0.0,0.2
266,2026-04-22T14:22:46.619Z,S20260422_152229,SC01,AUTO,,17.1534,0.0615,start,0,1500,VIDE,0.0,0.0,0.0,0.0,0.0,0.0,0,0,0.0,0.0,0.0,0.0,0.0,0.0,2.0,1.0,0.05,0.8,0.0,0.0,1,0.0,0.2,1,0.0,0.2
267,2026-04-22T14:22:46.680Z,S20260422_152229,SC01,AUTO,,17.2136,0.0601,start,0,1500,VIDE,0.0,0.0,0.0,0.0,0.0,0.0,0,0,0.0,0.0,0.0,0.0,0.0,0.0,2.0,1.0,0.05,0.8,0.0,0.0,1,0.0,0.2,1,0.0,0.2
268,2026-04-22T14:22:46.740Z,S20260422_152229,SC01,AUTO,,17.2736,0.06,start,0,1500,VIDE,0.0,0.0,0.0,0.0,0.0,0.0,0,0,0.0,0.0,0.0,0.0,0.0,0.0,2.0,1.0,0.05,0.8,0.0,0.0,1,0.0,0.2,1,0.0,0.2
269,2026-04-22T14:22:46.807Z,S20260422_152229,SC01,AUTO,,17.3412,0.0676,start,0,1500,VIDE,0.0,0.0,0.0,0.0,0.0,0.0,0,0,0.0,0.0,0.0,0.0,0.0,0.0,2.0,1.0,0.05,0.8,0.0,0.0,1,0.0,0.2,1,0.0,0.2
270,2026-04-22T14:22:46.870Z,S20260422_152229,SC01,AUTO,,17.4041,0.0629,start,0,1500,VIDE,0.0,0.0,0.0,0.0,0.0,0.0,0,0,0.0,0.0,0.0,0.0,0.0,0.0,2.0,1.0,0.05,0.8,0.0,0.0,1,0.0,0.2,1,0.0,0.2
271,2026-04-22T14:22:46.931Z,S20260422_152229,SC01,AUTO,,17.4653,0.0613,start,0,1500,VIDE,0.0,0.0,0.0,0.0,0.0,0.0,0,0,0.0,0.0,0.0,0.0,0.0,0.0,2.0,1.0,0.05,0.8,0.0,0.0,1,0.0,0.2,1,0.0,0.2
272,2026-04-22T14:22:46.994Z,S20260422_152229,SC01,AUTO,,17.5279,0.0626,start,0,1500,VIDE,0.0,0.0,0.0,0.0,0.0,0.0,0,0,0.0,0.0,0.0,0.0,0.0,0.0,2.0,1.0,0.05,0.8,0.0,0.0,1,0.0,0.2,1,0.0,0.2
273,2026-04-22T14:22:47.057Z,S20260422_152229,SC01,AUTO,,17.5906,0.0627,start,0,1500,VIDE,0.0,0.0,0.0,0.0,0.0,0.0,0,0,0.0,0.0,0.0,0.0,0.0,0.0,2.0,1.0,0.05,0.8,0.0,0.0,1,0.0,0.2,1,0.0,0.2
274,2026-04-22T14:22:47.118Z,S20260422_152229,SC01,AUTO,,17.6518,0.0612,start,0,1500,VIDE,0.0,0.0,0.0,0.0,0.0,0.0,0,0,0.0,0.0,0.0,0.0,0.0,0.0,2.0,1.0,0.05,0.8,0.0,0.0,1,0.0,0.2,1,0.0,0.2
275,2026-04-22T14:22:47.180Z,S20260422_152229,SC01,AUTO,,17.7139,0.0621,start,0,1500,VIDE,0.0,0.0,0.0,0.0,0.0,0.0,0,0,0.0,0.0,0.0,0.0,0.0,0.0,2.0,1.0,0.05,0.8,0.0,0.0,1,0.0,0.2,1,0.0,0.2
276,2026-04-22T14:22:47.240Z,S20260422_152229,SC01,AUTO,,17.7736,0.0597,start,0,1500,VIDE,0.0,0.0,0.0,0.0,0.0,0.0,0,0,0.0,0.0,0.0,0.0,0.0,0.0,2.0,1.0,0.05,0.8,0.0,0.0,1,0.0,0.2,1,0.0,0.2
277,2026-04-22T14:22:47.304Z,S20260422_152229,SC01,AUTO,,17.8375,0.0639,start,0,1500,VIDE,0.0,0.0,0.0,0.0,0.0,0.0,0,0,0.0,0.0,0.0,0.0,0.0,0.0,2.0,1.0,0.05,0.8,0.0,0.0,1,0.0,0.2,1,0.0,0.2
278,2026-04-22T14:22:47.366Z,S20260422_152229,SC01,AUTO,,17.9004,0.0629,start,0,1500,VIDE,0.0,0.0,0.0,0.0,0.0,0.0,0,0,0.0,0.0,0.0,0.0,0.0,0.0,2.0,1.0,0.05,0.8,0.0,0.0,1,0.0,0.2,1,0.0,0.2
279,2026-04-22T14:22:47.428Z,S20260422_152229,SC01,AUTO,,17.9616,0.0612,start,0,1500,VIDE,0.0,0.0,0.0,0.0,0.0,0.0,0,0,0.0,0.0,0.0,0.0,0.0,0.0,2.0,1.0,0.05,0.8,0.0,0.0,1,0.0,0.2,1,0.0,0.2
280,2026-04-22T14:22:47.491Z,S20260422_152229,SC01,AUTO,,18.0247,0.0631,start,0,1500,VIDE,0.0,0.0,0.0,0.0,0.0,0.0,0,0,0.0,0.0,0.0,0.0,0.0,0.0,2.0,1.0,0.05,0.8,0.0,0.0,1,0.0,0.2,1,0.0,0.2
281,2026-04-22T14:22:47.553Z,S20260422_152229,SC01,AUTO,,18.087,0.0624,start,0,1500,VIDE,0.0,0.0,0.0,0.0,0.0,0.0,0,0,0.0,0.0,0.0,0.0,0.0,0.0,2.0,1.0,0.05,0.8,0.0,0.0,1,0.0,0.2,1,0.0,0.2
282,2026-04-22T14:22:47.615Z,S20260422_152229,SC01,AUTO,,18.1493,0.0623,start,0,1500,VIDE,0.0,0.0,0.0,0.0,0.0,0.0,0,0,0.0,0.0,0.0,0.0,0.0,0.0,2.0,1.0,0.05,0.8,0.0,0.0,1,0.0,0.2,1,0.0,0.2
283,2026-04-22T14:22:47.678Z,S20260422_152229,SC01,AUTO,,18.2125,0.0632,start,0,1500,VIDE,0.0,0.0,0.0,0.0,0.0,0.0,0,0,0.0,0.0,0.0,0.0,0.0,0.0,2.0,1.0,0.05,0.8,0.0,0.0,1,0.0,0.2,1,0.0,0.2
284,2026-04-22T14:22:47.739Z,S20260422_152229,SC01,AUTO,,18.2732,0.0608,start,0,1500,VIDE,0.0,0.0,0.0,0.0,0.0,0.0,0,0,0.0,0.0,0.0,0.0,0.0,0.0,2.0,1.0,0.05,0.8,0.0,0.0,1,0.0,0.2,1,0.0,0.2
285,2026-04-22T14:22:47.804Z,S20260422_152229,SC01,AUTO,,18.3376,0.0644,start,0,1500,VIDE,0.0,0.0,0.0,0.0,0.0,0.0,0,0,0.0,0.0,0.0,0.0,0.0,0.0,2.0,1.0,0.05,0.8,0.0,0.0,1,0.0,0.2,1,0.0,0.2
286,2026-04-22T14:22:47.867Z,S20260422_152229,SC01,AUTO,,18.4008,0.0631,start,0,1500,VIDE,0.0,0.0,0.0,0.0,0.0,0.0,0,0,0.0,0.0,0.0,0.0,0.0,0.0,2.0,1.0,0.05,0.8,0.0,0.0,1,0.0,0.2,1,0.0,0.2
287,2026-04-22T14:22:47.928Z,S20260422_152229,SC01,AUTO,,18.462,0.0611,start,0,1500,VIDE,0.0,0.0,0.0,0.0,0.0,0.0,0,0,0.0,0.0,0.0,0.0,0.0,0.0,2.0,1.0,0.05,0.8,0.0,0.0,1,0.0,0.2,1,0.0,0.2
288,2026-04-22T14:22:47.990Z,S20260422_152229,SC01,AUTO,,18.5236,0.0616,start,0,1500,VIDE,0.0,0.0,0.0,0.0,0.0,0.0,0,0,0.0,0.0,0.0,0.0,0.0,0.0,2.0,1.0,0.05,0.8,0.0,0.0,1,0.0,0.2,1,0.0,0.2
289,2026-04-22T14:22:48.051Z,S20260422_152229,SC01,AUTO,,18.5853,0.0618,start,0,1500,VIDE,0.0,0.0,0.0,0.0,0.0,0.0,0,0,0.0,0.0,0.0,0.0,0.0,0.0,2.0,1.0,0.05,0.8,0.0,0.0,1,0.0,0.2,1,0.0,0.2
290,2026-04-22T14:22:48.114Z,S20260422_152229,SC01,AUTO,,18.6482,0.0629,start,0,1500,VIDE,0.0,0.0,0.0,0.0,0.0,0.0,0,0,0.0,0.0,0.0,0.0,0.0,0.0,2.0,1.0,0.05,0.8,0.0,0.0,1,0.0,0.2,1,0.0,0.2
291,2026-04-22T14:22:48.180Z,S20260422_152229,SC01,AUTO,,18.7139,0.0656,start,0,1500,VIDE,0.0,0.0,0.0,0.0,0.0,0.0,0,0,0.0,0.0,0.0,0.0,0.0,0.0,2.0,1.0,0.05,0.8,0.0,0.0,1,0.0,0.2,1,0.0,0.2
292,2026-04-22T14:22:48.240Z,S20260422_152229,SC01,AUTO,,18.7736,0.0598,start,0,1500,VIDE,0.0,0.0,0.0,0.0,0.0,0.0,0,0,0.0,0.0,0.0,0.0,0.0,0.0,2.0,1.0,0.05,0.8,0.0,0.0,1,0.0,0.2,1,0.0,0.2
293,2026-04-22T14:22:48.302Z,S20260422_152229,SC01,AUTO,,18.8363,0.0626,start,0,1500,VIDE,0.0,0.0,0.0,0.0,0.0,0.0,0,0,0.0,0.0,0.0,0.0,0.0,0.0,2.0,1.0,0.05,0.8,0.0,0.0,1,0.0,0.2,1,0.0,0.2
294,2026-04-22T14:22:48.366Z,S20260422_152229,SC01,AUTO,,18.9,0.0638,start,0,1500,VIDE,0.0,0.0,0.0,0.0,0.0,0.0,0,0,0.0,0.0,0.0,0.0,0.0,0.0,2.0,1.0,0.05,0.8,0.0,0.0,1,0.0,0.2,1,0.0,0.2
295,2026-04-22T14:22:48.426Z,S20260422_152229,SC01,AUTO,,18.9596,0.0596,start,0,1500,VIDE,0.0,0.0,0.0,0.0,0.0,0.0,0,0,0.0,0.0,0.0,0.0,0.0,0.0,2.0,1.0,0.05,0.8,0.0,0.0,1,0.0,0.2,1,0.0,0.2
296,2026-04-22T14:22:48.490Z,S20260422_152229,SC01,AUTO,,19.0242,0.0646,start,0,1500,VIDE,0.0,0.0,0.0,0.0,0.0,0.0,0,0,0.0,0.0,0.0,0.0,0.0,0.0,2.0,1.0,0.05,0.8,0.0,0.0,1,0.0,0.2,1,0.0,0.2
297,2026-04-22T14:22:48.550Z,S20260422_152229,SC01,AUTO,,19.0844,0.0602,start,0,1500,VIDE,0.0,0.0,0.0,0.0,0.0,0.0,0,0,0.0,0.0,0.0,0.0,0.0,0.0,2.0,1.0,0.05,0.8,0.0,0.0,1,0.0,0.2,1,0.0,0.2
298,2026-04-22T14:22:48.618Z,S20260422_152229,SC01,AUTO,,19.152,0.0675,start,0,1500,VIDE,0.0,0.0,0.0,0.0,0.0,0.0,0,0,0.0,0.0,0.0,0.0,0.0,0.0,2.0,1.0,0.05,0.8,0.0,0.0,1,0.0,0.2,1,0.0,0.2
299,2026-04-22T14:22:48.678Z,S20260422_152229,SC01,AUTO,,19.2122,0.0603,start,0,1500,VIDE,0.0,0.0,0.0,0.0,0.0,0.0,0,0,0.0,0.0,0.0,0.0,0.0,0.0,2.0,1.0,0.05,0.8,0.0,0.0,1,0.0,0.2,1,0.0,0.2
300,2026-04-22T14:22:48.740Z,S20260422_152229,SC01,AUTO,,19.2738,0.0616,start,0,1500,VIDE,0.0,0.0,0.0,0.0,0.0,0.0,0,0,0.0,0.0,0.0,0.0,0.0,0.0,2.0,1.0,0.05,0.8,0.0,0.0,1,0.0,0.2,1,0.0,0.2
301,2026-04-22T14:22:48.806Z,S20260422_152229,SC01,AUTO,,19.3405,0.0666,start,0,1500,VIDE,0.0,0.0,0.0,0.0,0.0,0.0,0,0,0.0,0.0,0.0,0.0,0.0,0.0,2.0,1.0,0.05,0.8,0.0,0.0,1,0.0,0.2,1,0.0,0.2
302,2026-04-22T14:22:48.870Z,S20260422_152229,SC01,AUTO,,19.4044,0.064,start,0,1500,VIDE,0.0,0.0,0.0,0.0,0.0,0.0,0,0,0.0,0.0,0.0,0.0,0.0,0.0,2.0,1.0,0.05,0.8,0.0,0.0,1,0.0,0.2,1,0.0,0.2
303,2026-04-22T14:22:48.926Z,S20260422_152229,SC01,AUTO,,19.4601,0.0557,start,0,1500,VIDE,0.0,0.0,0.0,0.0,0.0,0.0,0,0,0.0,0.0,0.0,0.0,0.0,0.0,2.0,1.0,0.05,0.8,0.0,0.0,1,0.0,0.2,1,0.0,0.2
304,2026-04-22T14:22:48.990Z,S20260422_152229,SC01,AUTO,,19.5242,0.0641,start,0,1500,VIDE,0.0,0.0,0.0,0.0,0.0,0.0,0,0,0.0,0.0,0.0,0.0,0.0,0.0,2.0,1.0,0.05,0.8,0.0,0.0,1,0.0,0.2,1,0.0,0.2
305,2026-04-22T14:22:49.060Z,S20260422_152229,SC01,AUTO,,19.5936,0.0694,start,0,1500,VIDE,0.0,0.0,0.0,0.0,0.0,0.0,0,0,0.0,0.0,0.0,0.0,0.0,0.0,2.0,1.0,0.05,0.8,0.0,0.0,1,0.0,0.2,1,0.0,0.2
306,2026-04-22T14:22:49.118Z,S20260422_152229,SC01,AUTO,,19.6523,0.0587,start,0,1500,VIDE,0.0,0.0,0.0,0.0,0.0,0.0,0,0,0.0,0.0,0.0,0.0,0.0,0.0,2.0,1.0,0.05,0.8,0.0,0.0,1,0.0,0.2,1,0.0,0.2
307,2026-04-22T14:22:49.179Z,S20260422_152229,SC01,AUTO,,19.7134,0.0611,start,0,1500,VIDE,0.0,0.0,0.0,0.0,0.0,0.0,0,0,0.0,0.0,0.0,0.0,0.0,0.0,2.0,1.0,0.05,0.8,0.0,0.0,1,0.0,0.2,1,0.0,0.2
308,2026-04-22T14:22:49.240Z,S20260422_152229,SC01,AUTO,,19.7736,0.0602,start,0,1500,VIDE,0.0,0.0,0.0,0.0,0.0,0.0,0,0,0.0,0.0,0.0,0.0,0.0,0.0,2.0,1.0,0.05,0.8,0.0,0.0,1,0.0,0.2,1,0.0,0.2
309,2026-04-22T14:22:49.302Z,S20260422_152229,SC01,AUTO,,19.8364,0.0628,start,0,1500,VIDE,0.0,0.0,0.0,0.0,0.0,0.0,0,0,0.0,0.0,0.0,0.0,0.0,0.0,2.0,1.0,0.05,0.8,0.0,0.0,1,0.0,0.2,1,0.0,0.2
310,2026-04-22T14:22:49.366Z,S20260422_152229,SC01,AUTO,,19.9,0.0637,start,0,1500,VIDE,0.0,0.0,0.0,0.0,0.0,0.0,0,0,0.0,0.0,0.0,0.0,0.0,0.0,2.0,1.0,0.05,0.8,0.0,0.0,1,0.0,0.2,1,0.0,0.2
311,2026-04-22T14:22:49.430Z,S20260422_152229,SC01,AUTO,,19.9645,0.0644,start,0,1500,VIDE,0.0,0.0,0.0,0.0,0.0,0.0,0,0,0.0,0.0,0.0,0.0,0.0,0.0,2.0,1.0,0.05,0.8,0.0,0.0,1,0.0,0.2,1,0.0,0.2
312,2026-04-22T14:22:49.496Z,S20260422_152229,SC01,AUTO,,20.0297,0.0652,start,0,1500,VIDE,0.0,0.0,0.0,0.0,0.0,0.0,0,0,0.0,0.0,0.0,0.0,0.0,0.0,2.0,1.0,0.05,0.8,0.0,0.0,1,0.0,0.2,1,0.0,0.2
313,2026-04-22T14:22:49.556Z,S20260422_152229,SC01,AUTO,,20.09,0.0603,start,0,1500,VIDE,0.0,0.0,0.0,0.0,0.0,0.0,0,0,0.0,0.0,0.0,0.0,0.0,0.0,2.0,1.0,0.05,0.8,0.0,0.0,1,0.0,0.2,1,0.0,0.2
314,2026-04-22T14:22:49.614Z,S20260422_152229,SC01,AUTO,,20.1481,0.0581,start,0,1500,VIDE,0.0,0.0,0.0,0.0,0.0,0.0,0,0,0.0,0.0,0.0,0.0,0.0,0.0,2.0,1.0,0.05,0.8,0.0,0.0,1,0.0,0.2,1,0.0,0.2
315,2026-04-22T14:22:49.680Z,S20260422_152229,SC01,AUTO,,20.2137,0.0656,start,0,1500,VIDE,0.0,0.0,0.0,0.0,0.0,0.0,0,0,0.0,0.0,0.0,0.0,0.0,0.0,2.0,1.0,0.05,0.8,0.0,0.0,1,0.0,0.2,1,0.0,0.2
316,2026-04-22T14:22:49.739Z,S20260422_152229,SC01,AUTO,,20.2734,0.0596,start,0,1500,VIDE,0.0,0.0,0.0,0.0,0.0,0.0,0,0,0.0,0.0,0.0,0.0,0.0,0.0,2.0,1.0,0.05,0.8,0.0,0.0,1,0.0,0.2,1,0.0,0.2
317,2026-04-22T14:22:49.805Z,S20260422_152229,SC01,AUTO,,20.3394,0.066,start,0,1500,VIDE,0.0,0.0,0.0,0.0,0.0,0.0,0,0,0.0,0.0,0.0,0.0,0.0,0.0,2.0,1.0,0.05,0.8,0.0,0.0,1,0.0,0.2,1,0.0,0.2
318,2026-04-22T14:22:49.865Z,S20260422_152229,SC01,AUTO,,20.3993,0.0599,start,0,1500,VIDE,0.0,0.0,0.0,0.0,0.0,0.0,0,0,0.0,0.0,0.0,0.0,0.0,0.0,2.0,1.0,0.05,0.8,0.0,0.0,1,0.0,0.2,1,0.0,0.2
319,2026-04-22T14:22:49.926Z,S20260422_152229,SC01,AUTO,,20.4598,0.0605,start,0,1500,VIDE,0.0,0.0,0.0,0.0,0.0,0.0,0,0,0.0,0.0,0.0,0.0,0.0,0.0,2.0,1.0,0.05,0.8,0.0,0.0,1,0.0,0.2,1,0.0,0.2
320,2026-04-22T14:22:49.989Z,S20260422_152229,SC01,AUTO,,20.5235,0.0637,start,0,1500,VIDE,0.0,0.0,0.0,0.0,0.0,0.0,0,0,0.0,0.0,0.0,0.0,0.0,0.0,2.0,1.0,0.05,0.8,0.0,0.0,1,0.0,0.2,1,0.0,0.2
321,2026-04-22T14:22:50.052Z,S20260422_152229,SC01,AUTO,,20.586,0.0625,start,0,1500,VIDE,0.0,0.0,0.0,0.0,0.0,0.0,0,0,0.0,0.0,0.0,0.0,0.0,0.0,2.0,1.0,0.05,0.8,0.0,0.0,1,0.0,0.2,1,0.0,0.2
322,2026-04-22T14:22:50.115Z,S20260422_152229,SC01,AUTO,,20.6487,0.0627,start,0,1500,VIDE,0.0,0.0,0.0,0.0,0.0,0.0,0,0,0.0,0.0,0.0,0.0,0.0,0.0,2.0,1.0,0.05,0.8,0.0,0.0,1,0.0,0.2,1,0.0,0.2
323,2026-04-22T14:22:50.178Z,S20260422_152229,SC01,AUTO,,20.7117,0.063,start,0,1500,VIDE,0.0,0.0,0.0,0.0,0.0,0.0,0,0,0.0,0.0,0.0,0.0,0.0,0.0,2.0,1.0,0.05,0.8,0.0,0.0,1,0.0,0.2,1,0.0,0.2
324,2026-04-22T14:22:50.239Z,S20260422_152229,SC01,AUTO,,20.7734,0.0618,start,0,1500,VIDE,0.0,0.0,0.0,0.0,0.0,0.0,0,0,0.0,0.0,0.0,0.0,0.0,0.0,2.0,1.0,0.05,0.8,0.0,0.0,1,0.0,0.2,1,0.0,0.2
325,2026-04-22T14:22:50.303Z,S20260422_152229,SC01,AUTO,,20.8366,0.0631,start,0,1500,VIDE,0.0,0.0,0.0,0.0,0.0,0.0,0,0,0.0,0.0,0.0,0.0,0.0,0.0,2.0,1.0,0.05,0.8,0.0,0.0,1,0.0,0.2,1,0.0,0.2
326,2026-04-22T14:22:50.365Z,S20260422_152229,SC01,AUTO,,20.8994,0.0628,start,0,1500,VIDE,0.0,0.0,0.0,0.0,0.0,0.0,0,0,0.0,0.0,0.0,0.0,0.0,0.0,2.0,1.0,0.05,0.8,0.0,0.0,1,0.0,0.2,1,0.0,0.2
327,2026-04-22T14:22:50.427Z,S20260422_152229,SC01,AUTO,,20.9612,0.0618,start,0,1500,VIDE,0.0,0.0,0.0,0.0,0.0,0.0,0,0,0.0,0.0,0.0,0.0,0.0,0.0,2.0,1.0,0.05,0.8,0.0,0.0,1,0.0,0.2,1,0.0,0.2
328,2026-04-22T14:22:50.491Z,S20260422_152229,SC01,AUTO,,21.0245,0.0634,start,0,1500,VIDE,0.0,0.0,0.0,0.0,0.0,0.0,0,0,0.0,0.0,0.0,0.0,0.0,0.0,2.0,1.0,0.05,0.8,0.0,0.0,1,0.0,0.2,1,0.0,0.2
329,2026-04-22T14:22:50.554Z,S20260422_152229,SC01,AUTO,,21.0882,0.0637,start,0,1500,VIDE,0.0,0.0,0.0,0.0,0.0,0.0,0,0,0.0,0.0,0.0,0.0,0.0,0.0,2.0,1.0,0.05,0.8,0.0,0.0,1,0.0,0.2,1,0.0,0.2
330,2026-04-22T14:22:50.614Z,S20260422_152229,SC01,AUTO,,21.1483,0.06,start,0,1500,VIDE,0.0,0.0,0.0,0.0,0.0,0.0,0,0,0.0,0.0,0.0,0.0,0.0,0.0,2.0,1.0,0.05,0.8,0.0,0.0,1,0.0,0.2,1,0.0,0.2
331,2026-04-22T14:22:50.678Z,S20260422_152229,SC01,AUTO,,21.2121,0.0638,start,0,1500,VIDE,0.0,0.0,0.0,0.0,0.0,0.0,0,0,0.0,0.0,0.0,0.0,0.0,0.0,2.0,1.0,0.05,0.8,0.0,0.0,1,0.0,0.2,1,0.0,0.2
332,2026-04-22T14:22:50.740Z,S20260422_152229,SC01,AUTO,,21.2737,0.0616,start,0,1500,VIDE,0.0,0.0,0.0,0.0,0.0,0.0,0,0,0.0,0.0,0.0,0.0,0.0,0.0,2.0,1.0,0.05,0.8,0.0,0.0,1,0.0,0.2,1,0.0,0.2
333,2026-04-22T14:22:50.804Z,S20260422_152229,SC01,AUTO,,21.3379,0.0641,start,0,1500,VIDE,0.0,0.0,0.0,0.0,0.0,0.0,0,0,0.0,0.0,0.0,0.0,0.0,0.0,2.0,1.0,0.05,0.8,0.0,0.0,1,0.0,0.2,1,0.0,0.2
334,2026-04-22T14:22:50.866Z,S20260422_152229,SC01,AUTO,,21.4003,0.0625,start,0,1500,VIDE,0.0,0.0,0.0,0.0,0.0,0.0,0,0,0.0,0.0,0.0,0.0,0.0,0.0,2.0,1.0,0.05,0.8,0.0,0.0,1,0.0,0.2,1,0.0,0.2
335,2026-04-22T14:22:50.929Z,S20260422_152229,SC01,AUTO,,21.4627,0.0623,start,0,1500,VIDE,0.0,0.0,0.0,0.0,0.0,0.0,0,0,0.0,0.0,0.0,0.0,0.0,0.0,2.0,1.0,0.05,0.8,0.0,0.0,1,0.0,0.2,1,0.0,0.2
336,2026-04-22T14:22:50.990Z,S20260422_152229,SC01,AUTO,,21.5245,0.0618,start,0,1500,VIDE,0.0,0.0,0.0,0.0,0.0,0.0,0,0,0.0,0.0,0.0,0.0,0.0,0.0,2.0,1.0,0.05,0.8,0.0,0.0,1,0.0,0.2,1,0.0,0.2
337,2026-04-22T14:22:51.053Z,S20260422_152229,SC01,AUTO,,21.5866,0.0621,start,0,1500,VIDE,0.0,0.0,0.0,0.0,0.0,0.0,0,0,0.0,0.0,0.0,0.0,0.0,0.0,2.0,1.0,0.05,0.8,0.0,0.0,1,0.0,0.2,1,0.0,0.2
338,2026-04-22T14:22:51.115Z,S20260422_152229,SC01,AUTO,,21.649,0.0624,start,0,1500,VIDE,0.0,0.0,0.0,0.0,0.0,0.0,0,0,0.0,0.0,0.0,0.0,0.0,0.0,2.0,1.0,0.05,0.8,0.0,0.0,1,0.0,0.2,1,0.0,0.2
339,2026-04-22T14:22:51.178Z,S20260422_152229,SC01,AUTO,,21.7118,0.0628,start,0,1500,VIDE,0.0,0.0,0.0,0.0,0.0,0.0,0,0,0.0,0.0,0.0,0.0,0.0,0.0,2.0,1.0,0.05,0.8,0.0,0.0,1,0.0,0.2,1,0.0,0.2
340,2026-04-22T14:22:51.238Z,S20260422_152229,SC01,AUTO,,21.7724,0.0607,start,0,1500,VIDE,0.0,0.0,0.0,0.0,0.0,0.0,0,0,0.0,0.0,0.0,0.0,0.0,0.0,2.0,1.0,0.05,0.8,0.0,0.0,1,0.0,0.2,1,0.0,0.2
341,2026-04-22T14:22:51.301Z,S20260422_152229,SC01,AUTO,,21.8348,0.0624,start,0,1500,VIDE,0.0,0.0,0.0,0.0,0.0,0.0,0,0,0.0,0.0,0.0,0.0,0.0,0.0,2.0,1.0,0.05,0.8,0.0,0.0,1,0.0,0.2,1,0.0,0.2
342,2026-04-22T14:22:51.367Z,S20260422_152229,SC01,AUTO,,21.9008,0.066,start,0,1500,VIDE,0.0,0.0,0.0,0.0,0.0,0.0,0,0,0.0,0.0,0.0,0.0,0.0,0.0,2.0,1.0,0.05,0.8,0.0,0.0,1,0.0,0.2,1,0.0,0.2
343,2026-04-22T14:22:51.426Z,S20260422_152229,SC01,AUTO,,21.9599,0.0591,start,0,1500,VIDE,0.0,0.0,0.0,0.0,0.0,0.0,0,0,0.0,0.0,0.0,0.0,0.0,0.0,2.0,1.0,0.05,0.8,0.0,0.0,1,0.0,0.2,1,0.0,0.2
344,2026-04-22T14:22:51.489Z,S20260422_152229,SC01,AUTO,,22.0232,0.0633,start,0,1500,VIDE,0.0,0.0,0.0,0.0,0.0,0.0,0,0,0.0,0.0,0.0,0.0,0.0,0.0,2.0,1.0,0.05,0.8,0.0,0.0,1,0.0,0.2,1,0.0,0.2
345,2026-04-22T14:22:51.559Z,S20260422_152229,SC01,AUTO,,22.0933,0.0702,start,0,1500,VIDE,0.0,0.0,0.0,0.0,0.0,0.0,0,0,0.0,0.0,0.0,0.0,0.0,0.0,2.0,1.0,0.05,0.8,0.0,0.0,1,0.0,0.2,1,0.0,0.2
346,2026-04-22T14:22:51.614Z,S20260422_152229,SC01,AUTO,,22.1482,0.0549,start,0,1500,VIDE,0.0,0.0,0.0,0.0,0.0,0.0,0,0,0.0,0.0,0.0,0.0,0.0,0.0,2.0,1.0,0.05,0.8,0.0,0.0,1,0.0,0.2,1,0.0,0.2
347,2026-04-22T14:22:51.679Z,S20260422_152229,SC01,AUTO,,22.2125,0.0642,start,0,1500,VIDE,0.0,0.0,0.0,0.0,0.0,0.0,0,0,0.0,0.0,0.0,0.0,0.0,0.0,2.0,1.0,0.05,0.8,0.0,0.0,1,0.0,0.2,1,0.0,0.2
348,2026-04-22T14:22:51.740Z,S20260422_152229,SC01,AUTO,,22.2739,0.0614,start,0,1500,VIDE,0.0,0.0,0.0,0.0,0.0,0.0,0,0,0.0,0.0,0.0,0.0,0.0,0.0,2.0,1.0,0.05,0.8,0.0,0.0,1,0.0,0.2,1,0.0,0.2
349,2026-04-22T14:22:51.813Z,S20260422_152229,SC01,AUTO,,22.3468,0.0729,start,0,1500,VIDE,0.0,0.0,0.0,0.0,0.0,0.0,0,0,0.0,0.0,0.0,0.0,0.0,0.0,2.0,1.0,0.05,0.8,0.0,0.0,1,0.0,0.2,1,0.0,0.2
350,2026-04-22T14:22:51.876Z,S20260422_152229,SC01,AUTO,,22.4099,0.0631,start,0,1500,VIDE,0.0,0.0,0.0,0.0,0.0,0.0,0,0,0.0,0.0,0.0,0.0,0.0,0.0,2.0,1.0,0.05,0.8,0.0,0.0,1,0.0,0.2,1,0.0,0.2
351,2026-04-22T14:22:51.927Z,S20260422_152229,SC01,AUTO,,22.4608,0.0508,start,0,1500,VIDE,0.0,0.0,0.0,0.0,0.0,0.0,0,0,0.0,0.0,0.0,0.0,0.0,0.0,2.0,1.0,0.05,0.8,0.0,0.0,1,0.0,0.2,1,0.0,0.2
352,2026-04-22T14:22:51.994Z,S20260422_152229,SC01,AUTO,,22.5277,0.067,start,0,1500,VIDE,0.0,0.0,0.0,0.0,0.0,0.0,0,0,0.0,0.0,0.0,0.0,0.0,0.0,2.0,1.0,0.05,0.8,0.0,0.0,1,0.0,0.2,1,0.0,0.2
353,2026-04-22T14:22:52.054Z,S20260422_152229,SC01,AUTO,,22.5883,0.0606,start,0,1500,VIDE,0.0,0.0,0.0,0.0,0.0,0.0,0,0,0.0,0.0,0.0,0.0,0.0,0.0,2.0,1.0,0.05,0.8,0.0,0.0,1,0.0,0.2,1,0.0,0.2
354,2026-04-22T14:22:52.118Z,S20260422_152229,SC01,AUTO,,22.6523,0.064,start,0,1500,VIDE,0.0,0.0,0.0,0.0,0.0,0.0,0,0,0.0,0.0,0.0,0.0,0.0,0.0,2.0,1.0,0.05,0.8,0.0,0.0,1,0.0,0.2,1,0.0,0.2
355,2026-04-22T14:22:52.180Z,S20260422_152229,SC01,AUTO,,22.7137,0.0614,start,0,1500,VIDE,0.0,0.0,0.0,0.0,0.0,0.0,0,0,0.0,0.0,0.0,0.0,0.0,0.0,2.0,1.0,0.05,0.8,0.0,0.0,1,0.0,0.2,1,0.0,0.2
356,2026-04-22T14:22:52.238Z,S20260422_152229,SC01,AUTO,,22.7724,0.0587,start,0,1500,VIDE,0.0,0.0,0.0,0.0,0.0,0.0,0,0,0.0,0.0,0.0,0.0,0.0,0.0,2.0,1.0,0.05,0.8,0.0,0.0,1,0.0,0.2,1,0.0,0.2
357,2026-04-22T14:22:52.311Z,S20260422_152229,SC01,AUTO,,22.8447,0.0724,start,0,1500,VIDE,0.0,0.0,0.0,0.0,0.0,0.0,0,0,0.0,0.0,0.0,0.0,0.0,0.0,2.0,1.0,0.05,0.8,0.0,0.0,1,0.0,0.2,1,0.0,0.2
358,2026-04-22T14:22:52.373Z,S20260422_152229,SC01,AUTO,,22.9071,0.0623,start,0,1500,VIDE,0.0,0.0,0.0,0.0,0.0,0.0,0,0,0.0,0.0,0.0,0.0,0.0,0.0,2.0,1.0,0.05,0.8,0.0,0.0,1,0.0,0.2,1,0.0,0.2
359,2026-04-22T14:22:52.431Z,S20260422_152229,SC01,AUTO,,22.9649,0.0578,start,0,1500,VIDE,0.0,0.0,0.0,0.0,0.0,0.0,0,0,0.0,0.0,0.0,0.0,0.0,0.0,2.0,1.0,0.05,0.8,0.0,0.0,1,0.0,0.2,1,0.0,0.2
360,2026-04-22T14:22:52.495Z,S20260422_152229,SC01,AUTO,,23.029,0.0642,start,0,1500,VIDE,0.0,0.0,0.0,0.0,0.0,0.0,0,0,0.0,0.0,0.0,0.0,0.0,0.0,2.0,1.0,0.05,0.8,0.0,0.0,1,0.0,0.2,1,0.0,0.2
361,2026-04-22T14:22:52.557Z,S20260422_152229,SC01,AUTO,,23.0907,0.0616,start,0,1500,VIDE,0.0,0.0,0.0,0.0,0.0,0.0,0,0,0.0,0.0,0.0,0.0,0.0,0.0,2.0,1.0,0.05,0.8,0.0,0.0,1,0.0,0.2,1,0.0,0.2
362,2026-04-22T14:22:52.620Z,S20260422_152229,SC01,AUTO,,23.1538,0.0631,start,0,1500,VIDE,0.0,0.0,0.0,0.0,0.0,0.0,0,0,0.0,0.0,0.0,0.0,0.0,0.0,2.0,1.0,0.05,0.8,0.0,0.0,1,0.0,0.2,1,0.0,0.2
363,2026-04-22T14:22:52.680Z,S20260422_152229,SC01,AUTO,,23.2141,0.0604,start,0,1500,VIDE,0.0,0.0,0.0,0.0,0.0,0.0,0,0,0.0,0.0,0.0,0.0,0.0,0.0,2.0,1.0,0.05,0.8,0.0,0.0,1,0.0,0.2,1,0.0,0.2
364,2026-04-22T14:22:52.740Z,S20260422_152229,SC01,AUTO,,23.2736,0.0595,start,0,1500,VIDE,0.0,0.0,0.0,0.0,0.0,0.0,0,0,0.0,0.0,0.0,0.0,0.0,0.0,2.0,1.0,0.05,0.8,0.0,0.0,1,0.0,0.2,1,0.0,0.2
365,2026-04-22T14:22:52.806Z,S20260422_152229,SC01,AUTO,,23.3402,0.0665,start,0,1500,VIDE,0.0,0.0,0.0,0.0,0.0,0.0,0,0,0.0,0.0,0.0,0.0,0.0,0.0,2.0,1.0,0.05,0.8,0.0,0.0,1,0.0,0.2,1,0.0,0.2
366,2026-04-22T14:22:52.867Z,S20260422_152229,SC01,AUTO,,23.4013,0.0611,start,0,1500,VIDE,0.0,0.0,0.0,0.0,0.0,0.0,0,0,0.0,0.0,0.0,0.0,0.0,0.0,2.0,1.0,0.05,0.8,0.0,0.0,1,0.0,0.2,1,0.0,0.2
367,2026-04-22T14:22:52.927Z,S20260422_152229,SC01,AUTO,,23.4605,0.0592,start,0,1500,VIDE,0.0,0.0,0.0,0.0,0.0,0.0,0,0,0.0,0.0,0.0,0.0,0.0,0.0,2.0,1.0,0.05,0.8,0.0,0.0,1,0.0,0.2,1,0.0,0.2
368,2026-04-22T14:22:52.992Z,S20260422_152229,SC01,AUTO,,23.5258,0.0653,start,0,1500,VIDE,0.0,0.0,0.0,0.0,0.0,0.0,0,0,0.0,0.0,0.0,0.0,0.0,0.0,2.0,1.0,0.05,0.8,0.0,0.0,1,0.0,0.2,1,0.0,0.2
369,2026-04-22T14:22:53.054Z,S20260422_152229,SC01,AUTO,,23.5884,0.0626,start,0,1500,VIDE,0.0,0.0,0.0,0.0,0.0,0.0,0,0,0.0,0.0,0.0,0.0,0.0,0.0,2.0,1.0,0.05,0.8,0.0,0.0,1,0.0,0.2,1,0.0,0.2
370,2026-04-22T14:22:53.116Z,S20260422_152229,SC01,AUTO,,23.6502,0.0617,start,0,1500,VIDE,0.0,0.0,0.0,0.0,0.0,0.0,0,0,0.0,0.0,0.0,0.0,0.0,0.0,2.0,1.0,0.05,0.8,0.0,0.0,1,0.0,0.2,1,0.0,0.2
371,2026-04-22T14:22:53.179Z,S20260422_152229,SC01,AUTO,,23.7126,0.0625,start,0,1500,VIDE,0.0,0.0,0.0,0.0,0.0,0.0,0,0,0.0,0.0,0.0,0.0,0.0,0.0,2.0,1.0,0.05,0.8,0.0,0.0,1,0.0,0.2,1,0.0,0.2
372,2026-04-22T14:22:53.240Z,S20260422_152229,SC01,AUTO,,23.7738,0.0612,start,0,1500,VIDE,0.0,0.0,0.0,0.0,0.0,0.0,0,0,0.0,0.0,0.0,0.0,0.0,0.0,2.0,1.0,0.05,0.8,0.0,0.0,1,0.0,0.2,1,0.0,0.2
373,2026-04-22T14:22:53.303Z,S20260422_152229,SC01,AUTO,,23.8372,0.0634,start,0,1500,VIDE,0.0,0.0,0.0,0.0,0.0,0.0,0,0,0.0,0.0,0.0,0.0,0.0,0.0,2.0,1.0,0.05,0.8,0.0,0.0,1,0.0,0.2,1,0.0,0.2
374,2026-04-22T14:22:53.364Z,S20260422_152229,SC01,AUTO,,23.898,0.0607,start,0,1500,VIDE,0.0,0.0,0.0,0.0,0.0,0.0,0,0,0.0,0.0,0.0,0.0,0.0,0.0,2.0,1.0,0.05,0.8,0.0,0.0,1,0.0,0.2,1,0.0,0.2
375,2026-04-22T14:22:53.426Z,S20260422_152229,SC01,AUTO,,23.9601,0.0622,start,0,1500,VIDE,0.0,0.0,0.0,0.0,0.0,0.0,0,0,0.0,0.0,0.0,0.0,0.0,0.0,2.0,1.0,0.05,0.8,0.0,0.0,1,0.0,0.2,1,0.0,0.2
376,2026-04-22T14:22:53.495Z,S20260422_152229,SC01,AUTO,,24.0293,0.0691,start,0,1500,VIDE,0.0,0.0,0.0,0.0,0.0,0.0,0,0,0.0,0.0,0.0,0.0,0.0,0.0,2.0,1.0,0.05,0.8,0.0,0.0,1,0.0,0.2,1,0.0,0.2
377,2026-04-22T14:22:53.560Z,S20260422_152229,SC01,AUTO,,24.0936,0.0643,start,0,1500,VIDE,0.0,0.0,0.0,0.0,0.0,0.0,0,0,0.0,0.0,0.0,0.0,0.0,0.0,2.0,1.0,0.05,0.8,0.0,0.0,1,0.0,0.2,1,0.0,0.2
378,2026-04-22T14:22:53.620Z,S20260422_152229,SC01,AUTO,,24.1535,0.0599,start,0,1500,VIDE,0.0,0.0,0.0,0.0,0.0,0.0,0,0,0.0,0.0,0.0,0.0,0.0,0.0,2.0,1.0,0.05,0.8,0.0,0.0,1,0.0,0.2,1,0.0,0.2
379,2026-04-22T14:22:53.681Z,S20260422_152229,SC01,AUTO,,24.2147,0.0611,start,0,1500,VIDE,0.0,0.0,0.0,0.0,0.0,0.0,0,0,0.0,0.0,0.0,0.0,0.0,0.0,2.0,1.0,0.05,0.8,0.0,0.0,1,0.0,0.2,1,0.0,0.2
380,2026-04-22T14:22:53.740Z,S20260422_152229,SC01,AUTO,,24.2738,0.0592,start,0,1500,VIDE,0.0,0.0,0.0,0.0,0.0,0.0,0,0,0.0,0.0,0.0,0.0,0.0,0.0,2.0,1.0,0.05,0.8,0.0,0.0,1,0.0,0.2,1,0.0,0.2
381,2026-04-22T14:22:53.814Z,S20260422_152229,SC01,AUTO,,24.3478,0.074,start,0,1500,VIDE,0.0,0.0,0.0,0.0,0.0,0.0,0,0,0.0,0.0,0.0,0.0,0.0,0.0,2.0,1.0,0.05,0.8,0.0,0.0,1,0.0,0.2,1,0.0,0.2
382,2026-04-22T14:22:53.877Z,S20260422_152229,SC01,AUTO,,24.4111,0.0633,start,0,1500,VIDE,0.0,0.0,0.0,0.0,0.0,0.0,0,0,0.0,0.0,0.0,0.0,0.0,0.0,2.0,1.0,0.05,0.8,0.0,0.0,1,0.0,0.2,1,0.0,0.2
383,2026-04-22T14:22:53.939Z,S20260422_152229,SC01,AUTO,,24.4727,0.0616,start,0,1500,VIDE,0.0,0.0,0.0,0.0,0.0,0.0,0,0,0.0,0.0,0.0,0.0,0.0,0.0,2.0,1.0,0.05,0.8,0.0,0.0,1,0.0,0.2,1,0.0,0.2
384,2026-04-22T14:22:54.000Z,S20260422_152229,SC01,AUTO,,24.5338,0.0611,start,0,1500,VIDE,0.0,0.0,0.0,0.0,0.0,0.0,0,0,0.0,0.0,0.0,0.0,0.0,0.0,2.0,1.0,0.05,0.8,0.0,0.0,1,0.0,0.2,1,0.0,0.2
385,2026-04-22T14:22:54.060Z,S20260422_152229,SC01,AUTO,,24.5936,0.0598,start,0,1500,VIDE,0.0,0.0,0.0,0.0,0.0,0.0,0,0,0.0,0.0,0.0,0.0,0.0,0.0,2.0,1.0,0.05,0.8,0.0,0.0,1,0.0,0.2,1,0.0,0.2
386,2026-04-22T14:22:54.118Z,S20260422_152229,SC01,AUTO,,24.6525,0.0589,start,0,1500,VIDE,0.0,0.0,0.0,0.0,0.0,0.0,0,0,0.0,0.0,0.0,0.0,0.0,0.0,2.0,1.0,0.05,0.8,0.0,0.0,1,0.0,0.2,1,0.0,0.2
387,2026-04-22T14:22:54.179Z,S20260422_152229,SC01,AUTO,,24.7131,0.0607,start,0,1500,VIDE,0.0,0.0,0.0,0.0,0.0,0.0,0,0,0.0,0.0,0.0,0.0,0.0,0.0,2.0,1.0,0.05,0.8,0.0,0.0,1,0.0,0.2,1,0.0,0.2
388,2026-04-22T14:22:54.240Z,S20260422_152229,SC01,AUTO,,24.7736,0.0605,start,0,1500,VIDE,0.0,0.0,0.0,0.0,0.0,0.0,0,0,0.0,0.0,0.0,0.0,0.0,0.0,2.0,1.0,0.05,0.8,0.0,0.0,1,0.0,0.2,1,0.0,0.2
389,2026-04-22T14:22:54.302Z,S20260422_152229,SC01,AUTO,,24.8364,0.0627,start,0,1500,VIDE,0.0,0.0,0.0,0.0,0.0,0.0,0,0,0.0,0.0,0.0,0.0,0.0,0.0,2.0,1.0,0.05,0.8,0.0,0.0,1,0.0,0.2,1,0.0,0.2
390,2026-04-22T14:22:54.366Z,S20260422_152229,SC01,AUTO,,24.9003,0.0639,start,0,1500,VIDE,0.0,0.0,0.0,0.0,0.0,0.0,0,0,0.0,0.0,0.0,0.0,0.0,0.0,2.0,1.0,0.05,0.8,0.0,0.0,1,0.0,0.2,1,0.0,0.2
391,2026-04-22T14:22:54.431Z,S20260422_152229,SC01,AUTO,,24.9646,0.0643,start,0,1500,VIDE,0.0,0.0,0.0,0.0,0.0,0.0,0,0,0.0,0.0,0.0,0.0,0.0,0.0,2.0,1.0,0.05,0.8,0.0,0.0,1,0.0,0.2,1,0.0,0.2
392,2026-04-22T14:22:54.491Z,S20260422_152229,SC01,AUTO,,25.0247,0.0602,start,0,1500,VIDE,0.0,0.0,0.0,0.0,0.0,0.0,0,0,0.0,0.0,0.0,0.0,0.0,0.0,2.0,1.0,0.05,0.8,0.0,0.0,1,0.0,0.2,1,0.0,0.2
393,2026-04-22T14:22:54.551Z,S20260422_152229,SC01,AUTO,,25.0853,0.0606,start,0,1500,VIDE,0.0,0.0,0.0,0.0,0.0,0.0,0,0,0.0,0.0,0.0,0.0,0.0,0.0,2.0,1.0,0.05,0.8,0.0,0.0,1,0.0,0.2,1,0.0,0.2
394,2026-04-22T14:22:54.614Z,S20260422_152229,SC01,AUTO,,25.1479,0.0626,start,0,1500,VIDE,0.0,0.0,0.0,0.0,0.0,0.0,0,0,0.0,0.0,0.0,0.0,0.0,0.0,2.0,1.0,0.05,0.8,0.0,0.0,1,0.0,0.2,1,0.0,0.2
395,2026-04-22T14:22:54.678Z,S20260422_152229,SC01,AUTO,,25.2124,0.0645,start,0,1500,VIDE,0.0,0.0,0.0,0.0,0.0,0.0,0,0,0.0,0.0,0.0,0.0,0.0,0.0,2.0,1.0,0.05,0.8,0.0,0.0,1,0.0,0.2,1,0.0,0.2
396,2026-04-22T14:22:54.740Z,S20260422_152229,SC01,AUTO,,25.274,0.0615,start,0,1500,VIDE,0.0,0.0,0.0,0.0,0.0,0.0,0,0,0.0,0.0,0.0,0.0,0.0,0.0,2.0,1.0,0.05,0.8,0.0,0.0,1,0.0,0.2,1,0.0,0.2
397,2026-04-22T14:22:54.806Z,S20260422_152229,SC01,AUTO,,25.3404,0.0665,start,0,1500,VIDE,0.0,0.0,0.0,0.0,0.0,0.0,0,0,0.0,0.0,0.0,0.0,0.0,0.0,2.0,1.0,0.05,0.8,0.0,0.0,1,0.0,0.2,1,0.0,0.2
398,2026-04-22T14:22:54.863Z,S20260422_152229,SC01,AUTO,,25.3968,0.0564,start,0,1500,VIDE,0.0,0.0,0.0,0.0,0.0,0.0,0,0,0.0,0.0,0.0,0.0,0.0,0.0,2.0,1.0,0.05,0.8,0.0,0.0,1,0.0,0.2,1,0.0,0.2
399,2026-04-22T14:22:54.926Z,S20260422_152229,SC01,AUTO,,25.4603,0.0634,start,0,1500,VIDE,0.0,0.0,0.0,0.0,0.0,0.0,0,0,0.0,0.0,0.0,0.0,0.0,0.0,2.0,1.0,0.05,0.8,0.0,0.0,1,0.0,0.2,1,0.0,0.2
400,2026-04-22T14:22:54.991Z,S20260422_152229,SC01,AUTO,,25.5247,0.0645,start,0,1500,VIDE,0.0,0.0,0.0,0.0,0.0,0.0,0,0,0.0,0.0,0.0,0.0,0.0,0.0,2.0,1.0,0.05,0.8,0.0,0.0,1,0.0,0.2,1,0.0,0.2
401,2026-04-22T14:22:55.054Z,S20260422_152229,SC01,AUTO,,25.5883,0.0635,start,0,1500,VIDE,0.0,0.0,0.0,0.0,0.0,0.0,0,0,0.0,0.0,0.0,0.0,0.0,0.0,2.0,1.0,0.05,0.8,0.0,0.0,1,0.0,0.2,1,0.0,0.2
402,2026-04-22T14:22:55.118Z,S20260422_152229,SC01,AUTO,,25.6521,0.0638,start,0,1500,VIDE,0.0,0.0,0.0,0.0,0.0,0.0,0,0,0.0,0.0,0.0,0.0,0.0,0.0,2.0,1.0,0.05,0.8,0.0,0.0,1,0.0,0.2,1,0.0,0.2
403,2026-04-22T14:22:55.179Z,S20260422_152229,SC01,AUTO,,25.7131,0.061,start,0,1500,VIDE,0.0,0.0,0.0,0.0,0.0,0.0,0,0,0.0,0.0,0.0,0.0,0.0,0.0,2.0,1.0,0.05,0.8,0.0,0.0,1,0.0,0.2,1,0.0,0.2
404,2026-04-22T14:22:55.239Z,S20260422_152229,SC01,AUTO,,25.7728,0.0597,start,0,1500,VIDE,0.0,0.0,0.0,0.0,0.0,0.0,0,0,0.0,0.0,0.0,0.0,0.0,0.0,2.0,1.0,0.05,0.8,0.0,0.0,1,0.0,0.2,1,0.0,0.2
405,2026-04-22T14:22:55.302Z,S20260422_152229,SC01,AUTO,,25.8362,0.0634,start,0,1500,VIDE,0.0,0.0,0.0,0.0,0.0,0.0,0,0,0.0,0.0,0.0,0.0,0.0,0.0,2.0,1.0,0.05,0.8,0.0,0.0,1,0.0,0.2,1,0.0,0.2
406,2026-04-22T14:22:55.366Z,S20260422_152229,SC01,AUTO,,25.9002,0.064,start,0,1500,VIDE,0.0,0.0,0.0,0.0,0.0,0.0,0,0,0.0,0.0,0.0,0.0,0.0,0.0,2.0,1.0,0.05,0.8,0.0,0.0,1,0.0,0.2,1,0.0,0.2
407,2026-04-22T14:22:55.431Z,S20260422_152229,SC01,AUTO,,25.9648,0.0646,start,0,1500,VIDE,0.0,0.0,0.0,0.0,0.0,0.0,0,0,0.0,0.0,0.0,0.0,0.0,0.0,2.0,1.0,0.05,0.8,0.0,0.0,1,0.0,0.2,1,0.0,0.2
408,2026-04-22T14:22:55.495Z,S20260422_152229,SC01,AUTO,,26.0292,0.0644,start,0,1500,VIDE,0.0,0.0,0.0,0.0,0.0,0.0,0,0,0.0,0.0,0.0,0.0,0.0,0.0,2.0,1.0,0.05,0.8,0.0,0.0,1,0.0,0.2,1,0.0,0.2
409,2026-04-22T14:22:55.551Z,S20260422_152229,SC01,AUTO,,26.085,0.0558,start,0,1500,VIDE,0.0,0.0,0.0,0.0,0.0,0.0,0,0,0.0,0.0,0.0,0.0,0.0,0.0,2.0,1.0,0.05,0.8,0.0,0.0,1,0.0,0.2,1,0.0,0.2
410,2026-04-22T14:22:55.614Z,S20260422_152229,SC01,AUTO,,26.1484,0.0634,start,0,1500,VIDE,0.0,0.0,0.0,0.0,0.0,0.0,0,0,0.0,0.0,0.0,0.0,0.0,0.0,2.0,1.0,0.05,0.8,0.0,0.0,1,0.0,0.2,1,0.0,0.2
411,2026-04-22T14:22:55.678Z,S20260422_152229,SC01,AUTO,,26.2124,0.064,start,0,1500,VIDE,0.0,0.0,0.0,0.0,0.0,0.0,0,0,0.0,0.0,0.0,0.0,0.0,0.0,2.0,1.0,0.05,0.8,0.0,0.0,1,0.0,0.2,1,0.0,0.2
412,2026-04-22T14:22:55.740Z,S20260422_152229,SC01,AUTO,,26.2736,0.0612,start,0,1500,VIDE,0.0,0.0,0.0,0.0,0.0,0.0,0,0,0.0,0.0,0.0,0.0,0.0,0.0,2.0,1.0,0.05,0.8,0.0,0.0,1,0.0,0.2,1,0.0,0.2
413,2026-04-22T14:22:55.801Z,S20260422_152229,SC01,AUTO,,26.3351,0.0616,start,0,1500,VIDE,0.0,0.0,0.0,0.0,0.0,0.0,0,0,0.0,0.0,0.0,0.0,0.0,0.0,2.0,1.0,0.05,0.8,0.0,0.0,1,0.0,0.2,1,0.0,0.2
414,2026-04-22T14:22:55.871Z,S20260422_152229,SC01,AUTO,,26.4052,0.0701,start,0,1500,VIDE,0.0,0.0,0.0,0.0,0.0,0.0,0,0,0.0,0.0,0.0,0.0,0.0,0.0,2.0,1.0,0.05,0.8,0.0,0.0,1,0.0,0.2,1,0.0,0.2
415,2026-04-22T14:22:55.934Z,S20260422_152229,SC01,AUTO,,26.4685,0.0633,start,0,1500,VIDE,0.0,0.0,0.0,0.0,0.0,0.0,0,0,0.0,0.0,0.0,0.0,0.0,0.0,2.0,1.0,0.05,0.8,0.0,0.0,1,0.0,0.2,1,0.0,0.2
416,2026-04-22T14:22:55.996Z,S20260422_152229,SC01,AUTO,,26.53,0.0616,start,0,1500,VIDE,0.0,0.0,0.0,0.0,0.0,0.0,0,0,0.0,0.0,0.0,0.0,0.0,0.0,2.0,1.0,0.05,0.8,0.0,0.0,1,0.0,0.2,1,0.0,0.2
417,2026-04-22T14:22:56.059Z,S20260422_152229,SC01,AUTO,,26.5931,0.063,start,0,1500,VIDE,0.0,0.0,0.0,0.0,0.0,0.0,0,0,0.0,0.0,0.0,0.0,0.0,0.0,2.0,1.0,0.05,0.8,0.0,0.0,1,0.0,0.2,1,0.0,0.2
418,2026-04-22T14:22:56.120Z,S20260422_152229,SC01,AUTO,,26.654,0.0608,start,0,1500,VIDE,0.0,0.0,0.0,0.0,0.0,0.0,0,0,0.0,0.0,0.0,0.0,0.0,0.0,2.0,1.0,0.05,0.8,0.0,0.0,1,0.0,0.2,1,0.0,0.2
419,2026-04-22T14:22:56.180Z,S20260422_152229,SC01,AUTO,,26.7142,0.0603,start,0,1500,VIDE,0.0,0.0,0.0,0.0,0.0,0.0,0,0,0.0,0.0,0.0,0.0,0.0,0.0,2.0,1.0,0.05,0.8,0.0,0.0,1,0.0,0.2,1,0.0,0.2
420,2026-04-22T14:22:56.240Z,S20260422_152229,SC01,AUTO,,26.7737,0.0595,start,0,1500,VIDE,0.0,0.0,0.0,0.0,0.0,0.0,0,0,0.0,0.0,0.0,0.0,0.0,0.0,2.0,1.0,0.05,0.8,0.0,0.0,1,0.0,0.2,1,0.0,0.2
421,2026-04-22T14:22:56.307Z,S20260422_152229,SC01,AUTO,,26.8415,0.0677,start,0,1500,VIDE,0.0,0.0,0.0,0.0,0.0,0.0,0,0,0.0,0.0,0.0,0.0,0.0,0.0,2.0,1.0,0.05,0.8,0.0,0.0,1,0.0,0.2,1,0.0,0.2
422,2026-04-22T14:22:56.369Z,S20260422_152229,SC01,AUTO,,26.9032,0.0617,start,0,1500,VIDE,0.0,0.0,0.0,0.0,0.0,0.0,0,0,0.0,0.0,0.0,0.0,0.0,0.0,2.0,1.0,0.05,0.8,0.0,0.0,1,0.0,0.2,1,0.0,0.2
423,2026-04-22T14:22:56.426Z,S20260422_152229,SC01,AUTO,,26.9598,0.0567,start,0,1500,VIDE,0.0,0.0,0.0,0.0,0.0,0.0,0,0,0.0,0.0,0.0,0.0,0.0,0.0,2.0,1.0,0.05,0.8,0.0,0.0,1,0.0,0.2,1,0.0,0.2
424,2026-04-22T14:22:56.494Z,S20260422_152229,SC01,AUTO,,27.0276,0.0678,start,0,1500,VIDE,0.0,0.0,0.0,0.0,0.0,0.0,0,0,0.0,0.0,0.0,0.0,0.0,0.0,2.0,1.0,0.05,0.8,0.0,0.0,1,0.0,0.2,1,0.0,0.2
425,2026-04-22T14:22:56.556Z,S20260422_152229,SC01,AUTO,,27.0898,0.0622,start,0,1500,VIDE,0.0,0.0,0.0,0.0,0.0,0.0,0,0,0.0,0.0,0.0,0.0,0.0,0.0,2.0,1.0,0.05,0.8,0.0,0.0,1,0.0,0.2,1,0.0,0.2
426,2026-04-22T14:22:56.617Z,S20260422_152229,SC01,AUTO,,27.1509,0.0611,start,0,1500,VIDE,0.0,0.0,0.0,0.0,0.0,0.0,0,0,0.0,0.0,0.0,0.0,0.0,0.0,2.0,1.0,0.05,0.8,0.0,0.0,1,0.0,0.2,1,0.0,0.2
427,2026-04-22T14:22:56.679Z,S20260422_152229,SC01,AUTO,,27.213,0.0621,start,0,1500,VIDE,0.0,0.0,0.0,0.0,0.0,0.0,0,0,0.0,0.0,0.0,0.0,0.0,0.0,2.0,1.0,0.05,0.8,0.0,0.0,1,0.0,0.2,1,0.0,0.2
428,2026-04-22T14:22:56.740Z,S20260422_152229,SC01,AUTO,,27.2742,0.0612,start,0,1500,VIDE,0.0,0.0,0.0,0.0,0.0,0.0,0,0,0.0,0.0,0.0,0.0,0.0,0.0,2.0,1.0,0.05,0.8,0.0,0.0,1,0.0,0.2,1,0.0,0.2
429,2026-04-22T14:22:56.803Z,S20260422_152229,SC01,AUTO,,27.3369,0.0627,start,0,1500,VIDE,0.0,0.0,0.0,0.0,0.0,0.0,0,0,0.0,0.0,0.0,0.0,0.0,0.0,2.0,1.0,0.05,0.8,0.0,0.0,1,0.0,0.2,1,0.0,0.2
430,2026-04-22T14:22:56.865Z,S20260422_152229,SC01,AUTO,,27.3988,0.0619,start,0,1500,VIDE,0.0,0.0,0.0,0.0,0.0,0.0,0,0,0.0,0.0,0.0,0.0,0.0,0.0,2.0,1.0,0.05,0.8,0.0,0.0,1,0.0,0.2,1,0.0,0.2
431,2026-04-22T14:22:56.929Z,S20260422_152229,SC01,AUTO,,27.463,0.0642,start,0,1500,VIDE,0.0,0.0,0.0,0.0,0.0,0.0,0,0,0.0,0.0,0.0,0.0,0.0,0.0,2.0,1.0,0.05,0.8,0.0,0.0,1,0.0,0.2,1,0.0,0.2
432,2026-04-22T14:22:56.992Z,S20260422_152229,SC01,AUTO,,27.5258,0.0628,start,0,1500,VIDE,0.0,0.0,0.0,0.0,0.0,0.0,0,0,0.0,0.0,0.0,0.0,0.0,0.0,2.0,1.0,0.05,0.8,0.0,0.0,1,0.0,0.2,1,0.0,0.2
433,2026-04-22T14:22:57.053Z,S20260422_152229,SC01,AUTO,,27.5867,0.0609,start,0,1500,VIDE,0.0,0.0,0.0,0.0,0.0,0.0,0,0,0.0,0.0,0.0,0.0,0.0,0.0,2.0,1.0,0.05,0.8,0.0,0.0,1,0.0,0.2,1,0.0,0.2
434,2026-04-22T14:22:57.115Z,S20260422_152229,SC01,AUTO,,27.6487,0.062,start,0,1500,VIDE,0.0,0.0,0.0,0.0,0.0,0.0,0,0,0.0,0.0,0.0,0.0,0.0,0.0,2.0,1.0,0.05,0.8,0.0,0.0,1,0.0,0.2,1,0.0,0.2
435,2026-04-22T14:22:57.177Z,S20260422_152229,SC01,AUTO,,27.711,0.0623,start,0,1500,VIDE,0.0,0.0,0.0,0.0,0.0,0.0,0,0,0.0,0.0,0.0,0.0,0.0,0.0,2.0,1.0,0.05,0.8,0.0,0.0,1,0.0,0.2,1,0.0,0.2
436,2026-04-22T14:22:57.240Z,S20260422_152229,SC01,AUTO,,27.7737,0.0627,start,0,1500,VIDE,0.0,0.0,0.0,0.0,0.0,0.0,0,0,0.0,0.0,0.0,0.0,0.0,0.0,2.0,1.0,0.05,0.8,0.0,0.0,1,0.0,0.2,1,0.0,0.2
437,2026-04-22T14:22:57.302Z,S20260422_152229,SC01,AUTO,,27.8363,0.0627,start,0,1500,VIDE,0.0,0.0,0.0,0.0,0.0,0.0,0,0,0.0,0.0,0.0,0.0,0.0,0.0,2.0,1.0,0.05,0.8,0.0,0.0,1,0.0,0.2,1,0.0,0.2
438,2026-04-22T14:22:57.365Z,S20260422_152229,SC01,AUTO,,27.8992,0.0628,start,0,1500,VIDE,0.0,0.0,0.0,0.0,0.0,0.0,0,0,0.0,0.0,0.0,0.0,0.0,0.0,2.0,1.0,0.05,0.8,0.0,0.0,1,0.0,0.2,1,0.0,0.2
439,2026-04-22T14:22:57.426Z,S20260422_152229,SC01,AUTO,,27.9601,0.061,start,0,1500,VIDE,0.0,0.0,0.0,0.0,0.0,0.0,0,0,0.0,0.0,0.0,0.0,0.0,0.0,2.0,1.0,0.05,0.8,0.0,0.0,1,0.0,0.2,1,0.0,0.2
440,2026-04-22T14:22:57.490Z,S20260422_152229,SC01,AUTO,,28.024,0.0639,start,0,1500,VIDE,0.0,0.0,0.0,0.0,0.0,0.0,0,0,0.0,0.0,0.0,0.0,0.0,0.0,2.0,1.0,0.05,0.8,0.0,0.0,1,0.0,0.2,1,0.0,0.2
441,2026-04-22T14:22:57.552Z,S20260422_152229,SC01,AUTO,,28.0864,0.0624,start,0,1500,VIDE,0.0,0.0,0.0,0.0,0.0,0.0,0,0,0.0,0.0,0.0,0.0,0.0,0.0,2.0,1.0,0.05,0.8,0.0,0.0,1,0.0,0.2,1,0.0,0.2
442,2026-04-22T14:22:57.614Z,S20260422_152229,SC01,AUTO,,28.148,0.0616,start,0,1500,VIDE,0.0,0.0,0.0,0.0,0.0,0.0,0,0,0.0,0.0,0.0,0.0,0.0,0.0,2.0,1.0,0.05,0.8,0.0,0.0,1,0.0,0.2,1,0.0,0.2
443,2026-04-22T14:22:57.680Z,S20260422_152229,SC01,AUTO,,28.214,0.0659,start,0,1500,VIDE,0.0,0.0,0.0,0.0,0.0,0.0,0,0,0.0,0.0,0.0,0.0,0.0,0.0,2.0,1.0,0.05,0.8,0.0,0.0,1,0.0,0.2,1,0.0,0.2
444,2026-04-22T14:22:57.739Z,S20260422_152229,SC01,AUTO,,28.273,0.059,start,0,1500,VIDE,0.0,0.0,0.0,0.0,0.0,0.0,0,0,0.0,0.0,0.0,0.0,0.0,0.0,2.0,1.0,0.05,0.8,0.0,0.0,1,0.0,0.2,1,0.0,0.2
445,2026-04-22T14:22:57.803Z,S20260422_152229,SC01,AUTO,,28.3365,0.0635,start,0,1500,VIDE,0.0,0.0,0.0,0.0,0.0,0.0,0,0,0.0,0.0,0.0,0.0,0.0,0.0,2.0,1.0,0.05,0.8,0.0,0.0,1,0.0,0.2,1,0.0,0.2
446,2026-04-22T14:22:57.864Z,S20260422_152229,SC01,AUTO,,28.3981,0.0616,start,0,1500,VIDE,0.0,0.0,0.0,0.0,0.0,0.0,0,0,0.0,0.0,0.0,0.0,0.0,0.0,2.0,1.0,0.05,0.8,0.0,0.0,1,0.0,0.2,1,0.0,0.2
447,2026-04-22T14:22:57.927Z,S20260422_152229,SC01,AUTO,,28.4612,0.0631,start,0,1500,VIDE,0.0,0.0,0.0,0.0,0.0,0.0,0,0,0.0,0.0,0.0,0.0,0.0,0.0,2.0,1.0,0.05,0.8,0.0,0.0,1,0.0,0.2,1,0.0,0.2
448,2026-04-22T14:22:57.999Z,S20260422_152229,SC01,AUTO,,28.5334,0.0722,start,0,1500,VIDE,0.0,0.0,0.0,0.0,0.0,0.0,0,0,0.0,0.0,0.0,0.0,0.0,0.0,2.0,1.0,0.05,0.8,0.0,0.0,1,0.0,0.2,1,0.0,0.2
449,2026-04-22T14:22:58.060Z,S20260422_152229,SC01,AUTO,,28.5944,0.061,start,0,1500,VIDE,0.0,0.0,0.0,0.0,0.0,0.0,0,0,0.0,0.0,0.0,0.0,0.0,0.0,2.0,1.0,0.05,0.8,0.0,0.0,1,0.0,0.2,1,0.0,0.2
450,2026-04-22T14:22:58.120Z,S20260422_152229,SC01,AUTO,,28.6538,0.0594,start,0,1500,VIDE,0.0,0.0,0.0,0.0,0.0,0.0,0,0,0.0,0.0,0.0,0.0,0.0,0.0,2.0,1.0,0.05,0.8,0.0,0.0,1,0.0,0.2,1,0.0,0.2
451,2026-04-22T14:22:58.179Z,S20260422_152229,SC01,AUTO,,28.7132,0.0594,start,0,1500,VIDE,0.0,0.0,0.0,0.0,0.0,0.0,0,0,0.0,0.0,0.0,0.0,0.0,0.0,2.0,1.0,0.05,0.8,0.0,0.0,1,0.0,0.2,1,0.0,0.2
452,2026-04-22T14:22:58.240Z,S20260422_152229,SC01,AUTO,,28.7738,0.0606,start,0,1500,VIDE,0.0,0.0,0.0,0.0,0.0,0.0,0,0,0.0,0.0,0.0,0.0,0.0,0.0,2.0,1.0,0.05,0.8,0.0,0.0,1,0.0,0.2,1,0.0,0.2
453,2026-04-22T14:22:58.313Z,S20260422_152229,SC01,AUTO,,28.8468,0.073,start,0,1500,VIDE,0.0,0.0,0.0,0.0,0.0,0.0,0,0,0.0,0.0,0.0,0.0,0.0,0.0,2.0,1.0,0.05,0.8,0.0,0.0,1,0.0,0.2,1,0.0,0.2
454,2026-04-22T14:22:58.366Z,S20260422_152229,SC01,AUTO,,28.8998,0.053,start,0,1500,VIDE,0.0,0.0,0.0,0.0,0.0,0.0,0,0,0.0,0.0,0.0,0.0,0.0,0.0,2.0,1.0,0.05,0.8,0.0,0.0,1,0.0,0.2,1,0.0,0.2
455,2026-04-22T14:22:58.438Z,S20260422_152229,SC01,AUTO,,28.9717,0.0719,start,0,1500,VIDE,0.0,0.0,0.0,0.0,0.0,0.0,0,0,0.0,0.0,0.0,0.0,0.0,0.0,2.0,1.0,0.05,0.8,0.0,0.0,1,0.0,0.2,1,0.0,0.2
456,2026-04-22T14:22:58.490Z,S20260422_152229,SC01,AUTO,,29.0237,0.052,start,0,1500,VIDE,0.0,0.0,0.0,0.0,0.0,0.0,0,0,0.0,0.0,0.0,0.0,0.0,0.0,2.0,1.0,0.05,0.8,0.0,0.0,1,0.0,0.2,1,0.0,0.2
457,2026-04-22T14:22:58.559Z,S20260422_152229,SC01,AUTO,,29.0926,0.0689,start,0,1500,VIDE,0.0,0.0,0.0,0.0,0.0,0.0,0,0,0.0,0.0,0.0,0.0,0.0,0.0,2.0,1.0,0.05,0.8,0.0,0.0,1,0.0,0.2,1,0.0,0.2
458,2026-04-22T14:22:58.615Z,S20260422_152229,SC01,AUTO,,29.1485,0.0559,start,0,1500,VIDE,0.0,0.0,0.0,0.0,0.0,0.0,0,0,0.0,0.0,0.0,0.0,0.0,0.0,2.0,1.0,0.05,0.8,0.0,0.0,1,0.0,0.2,1,0.0,0.2
459,2026-04-22T14:22:58.678Z,S20260422_152229,SC01,AUTO,,29.2124,0.0639,start,0,1500,VIDE,0.0,0.0,0.0,0.0,0.0,0.0,0,0,0.0,0.0,0.0,0.0,0.0,0.0,2.0,1.0,0.05,0.8,0.0,0.0,1,0.0,0.2,1,0.0,0.2
460,2026-04-22T14:22:58.740Z,S20260422_152229,SC01,AUTO,,29.2741,0.0617,start,0,1500,VIDE,0.0,0.0,0.0,0.0,0.0,0.0,0,0,0.0,0.0,0.0,0.0,0.0,0.0,2.0,1.0,0.05,0.8,0.0,0.0,1,0.0,0.2,1,0.0,0.2
461,2026-04-22T14:22:58.806Z,S20260422_152229,SC01,AUTO,,29.3404,0.0663,start,0,1500,VIDE,0.0,0.0,0.0,0.0,0.0,0.0,0,0,0.0,0.0,0.0,0.0,0.0,0.0,2.0,1.0,0.05,0.8,0.0,0.0,1,0.0,0.2,1,0.0,0.2
462,2026-04-22T14:22:58.870Z,S20260422_152229,SC01,AUTO,,29.4043,0.064,start,0,1500,VIDE,0.0,0.0,0.0,0.0,0.0,0.0,0,0,0.0,0.0,0.0,0.0,0.0,0.0,2.0,1.0,0.05,0.8,0.0,0.0,1,0.0,0.2,1,0.0,0.2
463,2026-04-22T14:22:58.927Z,S20260422_152229,SC01,AUTO,,29.4606,0.0563,start,0,1500,VIDE,0.0,0.0,0.0,0.0,0.0,0.0,0,0,0.0,0.0,0.0,0.0,0.0,0.0,2.0,1.0,0.05,0.8,0.0,0.0,1,0.0,0.2,1,0.0,0.2
464,2026-04-22T14:22:58.990Z,S20260422_152229,SC01,AUTO,,29.5244,0.0638,start,0,1500,VIDE,0.0,0.0,0.0,0.0,0.0,0.0,0,0,0.0,0.0,0.0,0.0,0.0,0.0,2.0,1.0,0.05,0.8,0.0,0.0,1,0.0,0.2,1,0.0,0.2
465,2026-04-22T14:22:59.054Z,S20260422_152229,SC01,AUTO,,29.5883,0.064,start,0,1500,VIDE,0.0,0.0,0.0,0.0,0.0,0.0,0,0,0.0,0.0,0.0,0.0,0.0,0.0,2.0,1.0,0.05,0.8,0.0,0.0,1,0.0,0.2,1,0.0,0.2
466,2026-04-22T14:22:59.120Z,S20260422_152229,SC01,AUTO,,29.6537,0.0654,start,0,1500,VIDE,0.0,0.0,0.0,0.0,0.0,0.0,0,0,0.0,0.0,0.0,0.0,0.0,0.0,2.0,1.0,0.05,0.8,0.0,0.0,1,0.0,0.2,1,0.0,0.2
467,2026-04-22T14:22:59.180Z,S20260422_152229,SC01,AUTO,,29.7141,0.0603,start,0,1500,VIDE,0.0,0.0,0.0,0.0,0.0,0.0,0,0,0.0,0.0,0.0,0.0,0.0,0.0,2.0,1.0,0.05,0.8,0.0,0.0,1,0.0,0.2,1,0.0,0.2
468,2026-04-22T14:22:59.240Z,S20260422_152229,SC01,AUTO,,29.7743,0.0602,start,0,1500,VIDE,0.0,0.0,0.0,0.0,0.0,0.0,0,0,0.0,0.0,0.0,0.0,0.0,0.0,2.0,1.0,0.05,0.8,0.0,0.0,1,0.0,0.2,1,0.0,0.2
469,2026-04-22T14:22:59.302Z,S20260422_152229,SC01,AUTO,,29.8361,0.0619,start,0,1500,VIDE,0.0,0.0,0.0,0.0,0.0,0.0,0,0,0.0,0.0,0.0,0.0,0.0,0.0,2.0,1.0,0.05,0.8,0.0,0.0,1,0.0,0.2,1,0.0,0.2
470,2026-04-22T14:22:59.372Z,S20260422_152229,SC01,AUTO,,29.906,0.0699,start,0,1500,VIDE,0.0,0.0,0.0,0.0,0.0,0.0,0,0,0.0,0.0,0.0,0.0,0.0,0.0,2.0,1.0,0.05,0.8,0.0,0.0,1,0.0,0.2,1,0.0,0.2
471,2026-04-22T14:22:59.431Z,S20260422_152229,SC01,AUTO,,29.9651,0.059,start,0,1500,VIDE,0.0,0.0,0.0,0.0,0.0,0.0,0,0,0.0,0.0,0.0,0.0,0.0,0.0,2.0,1.0,0.05,0.8,0.0,0.0,1,0.0,0.2,1,0.0,0.2
472,2026-04-22T14:22:59.498Z,S20260422_152229,SC01,AUTO,,30.0316,0.0666,start,0,1500,VIDE,0.0,0.0,0.0,0.0,0.0,0.0,0,0,0.0,0.0,0.0,0.0,0.0,0.0,2.0,1.0,0.05,0.8,0.0,0.0,1,0.0,0.2,1,0.0,0.2
473,2026-04-22T14:22:59.554Z,S20260422_152229,SC01,AUTO,,30.0884,0.0568,start,0,1500,VIDE,0.0,0.0,0.0,0.0,0.0,0.0,0,0,0.0,0.0,0.0,0.0,0.0,0.0,2.0,1.0,0.05,0.8,0.0,0.0,1,0.0,0.2,1,0.0,0.2
474,2026-04-22T14:22:59.620Z,S20260422_152229,SC01,AUTO,,30.1537,0.0652,start,0,1500,VIDE,0.0,0.0,0.0,0.0,0.0,0.0,0,0,0.0,0.0,0.0,0.0,0.0,0.0,2.0,1.0,0.05,0.8,0.0,0.0,1,0.0,0.2,1,0.0,0.2
475,2026-04-22T14:22:59.680Z,S20260422_152229,SC01,AUTO,,30.214,0.0603,start,0,1500,VIDE,0.0,0.0,0.0,0.0,0.0,0.0,0,0,0.0,0.0,0.0,0.0,0.0,0.0,2.0,1.0,0.05,0.8,0.0,0.0,1,0.0,0.2,1,0.0,0.2
476,2026-04-22T14:22:59.739Z,S20260422_152229,SC01,AUTO,,30.2732,0.0593,start,0,1500,VIDE,0.0,0.0,0.0,0.0,0.0,0.0,0,0,0.0,0.0,0.0,0.0,0.0,0.0,2.0,1.0,0.05,0.8,0.0,0.0,1,0.0,0.2,1,0.0,0.2
477,2026-04-22T14:22:59.806Z,S20260422_152229,SC01,AUTO,,30.3398,0.0665,start,0,1500,VIDE,0.0,0.0,0.0,0.0,0.0,0.0,0,0,0.0,0.0,0.0,0.0,0.0,0.0,2.0,1.0,0.05,0.8,0.0,0.0,1,0.0,0.2,1,0.0,0.2
478,2026-04-22T14:22:59.866Z,S20260422_152229,SC01,AUTO,,30.4001,0.0603,start,0,1500,VIDE,0.0,0.0,0.0,0.0,0.0,0.0,0,0,0.0,0.0,0.0,0.0,0.0,0.0,2.0,1.0,0.05,0.8,0.0,0.0,1,0.0,0.2,1,0.0,0.2
479,2026-04-22T14:22:59.926Z,S20260422_152229,SC01,AUTO,,30.4604,0.0602,start,0,1500,VIDE,0.0,0.0,0.0,0.0,0.0,0.0,0,0,0.0,0.0,0.0,0.0,0.0,0.0,2.0,1.0,0.05,0.8,0.0,0.0,1,0.0,0.2,1,0.0,0.2
480,2026-04-22T14:22:59.989Z,S20260422_152229,SC01,AUTO,,30.5231,0.0626,start,0,1500,VIDE,0.0,0.0,0.0,0.0,0.0,0.0,0,0,0.0,0.0,0.0,0.0,0.0,0.0,2.0,1.0,0.05,0.8,0.0,0.0,1,0.0,0.2,1,0.0,0.2
481,2026-04-22T14:23:00.051Z,S20260422_152229,SC01,AUTO,,30.585,0.0619,start,0,1500,VIDE,0.0,0.0,0.0,0.0,0.0,0.0,0,0,0.0,0.0,0.0,0.0,0.0,0.0,2.0,1.0,0.05,0.8,0.0,0.0,1,0.0,0.2,1,0.0,0.2
482,2026-04-22T14:23:00.113Z,S20260422_152229,SC01,AUTO,,30.6471,0.0622,start,0,1500,VIDE,0.0,0.0,0.0,0.0,0.0,0.0,0,0,0.0,0.0,0.0,0.0,0.0,0.0,2.0,1.0,0.05,0.8,0.0,0.0,1,0.0,0.2,1,0.0,0.2
483,2026-04-22T14:23:00.180Z,S20260422_152229,SC01,AUTO,,30.7138,0.0667,start,0,1500,VIDE,0.0,0.0,0.0,0.0,0.0,0.0,0,0,0.0,0.0,0.0,0.0,0.0,0.0,2.0,1.0,0.05,0.8,0.0,0.0,1,0.0,0.2,1,0.0,0.2
484,2026-04-22T14:23:00.240Z,S20260422_152229,SC01,AUTO,,30.774,0.0602,start,0,1500,VIDE,0.0,0.0,0.0,0.0,0.0,0.0,0,0,0.0,0.0,0.0,0.0,0.0,0.0,2.0,1.0,0.05,0.8,0.0,0.0,1,0.0,0.2,1,0.0,0.2
485,2026-04-22T14:23:00.314Z,S20260422_152229,SC01,AUTO,,30.8479,0.074,start,0,1500,VIDE,0.0,0.0,0.0,0.0,0.0,0.0,0,0,0.0,0.0,0.0,0.0,0.0,0.0,2.0,1.0,0.05,0.8,0.0,0.0,1,0.0,0.2,1,0.0,0.2
486,2026-04-22T14:23:00.364Z,S20260422_152229,SC01,AUTO,,30.8977,0.0497,start,0,1500,VIDE,0.0,0.0,0.0,0.0,0.0,0.0,0,0,0.0,0.0,0.0,0.0,0.0,0.0,2.0,1.0,0.05,0.8,0.0,0.0,1,0.0,0.2,1,0.0,0.2
487,2026-04-22T14:23:00.438Z,S20260422_152229,SC01,AUTO,,30.9715,0.0738,start,0,1500,VIDE,0.0,0.0,0.0,0.0,0.0,0.0,0,0,0.0,0.0,0.0,0.0,0.0,0.0,2.0,1.0,0.05,0.8,0.0,0.0,1,0.0,0.2,1,0.0,0.2
488,2026-04-22T14:23:00.501Z,S20260422_152229,SC01,AUTO,,31.0348,0.0633,start,0,1500,VIDE,0.0,0.0,0.0,0.0,0.0,0.0,0,0,0.0,0.0,0.0,0.0,0.0,0.0,2.0,1.0,0.05,0.8,0.0,0.0,1,0.0,0.2,1,0.0,0.2
489,2026-04-22T14:23:00.560Z,S20260422_152229,SC01,AUTO,,31.0942,0.0594,start,0,1500,VIDE,0.0,0.0,0.0,0.0,0.0,0.0,0,0,0.0,0.0,0.0,0.0,0.0,0.0,2.0,1.0,0.05,0.8,0.0,0.0,1,0.0,0.2,1,0.0,0.2
490,2026-04-22T14:23:00.620Z,S20260422_152229,SC01,AUTO,,31.1541,0.0599,start,0,1500,VIDE,0.0,0.0,0.0,0.0,0.0,0.0,0,0,0.0,0.0,0.0,0.0,0.0,0.0,2.0,1.0,0.05,0.8,0.0,0.0,1,0.0,0.2,1,0.0,0.2
491,2026-04-22T14:23:00.678Z,S20260422_152229,SC01,AUTO,,31.2124,0.0584,start,0,1500,VIDE,0.0,0.0,0.0,0.0,0.0,0.0,0,0,0.0,0.0,0.0,0.0,0.0,0.0,2.0,1.0,0.05,0.8,0.0,0.0,1,0.0,0.2,1,0.0,0.2
492,2026-04-22T14:23:00.740Z,S20260422_152229,SC01,AUTO,,31.274,0.0616,start,0,1500,VIDE,0.0,0.0,0.0,0.0,0.0,0.0,0,0,0.0,0.0,0.0,0.0,0.0,0.0,2.0,1.0,0.05,0.8,0.0,0.0,1,0.0,0.2,1,0.0,0.2
493,2026-04-22T14:23:00.810Z,S20260422_152229,SC01,AUTO,,31.3438,0.0698,start,0,1500,VIDE,0.0,0.0,0.0,0.0,0.0,0.0,0,0,0.0,0.0,0.0,0.0,0.0,0.0,2.0,1.0,0.05,0.8,0.0,0.0,1,0.0,0.2,1,0.0,0.2
494,2026-04-22T14:23:00.872Z,S20260422_152229,SC01,AUTO,,31.4062,0.0624,start,0,1500,VIDE,0.0,0.0,0.0,0.0,0.0,0.0,0,0,0.0,0.0,0.0,0.0,0.0,0.0,2.0,1.0,0.05,0.8,0.0,0.0,1,0.0,0.2,1,0.0,0.2
495,2026-04-22T14:23:00.934Z,S20260422_152229,SC01,AUTO,,31.4684,0.0621,start,0,1500,VIDE,0.0,0.0,0.0,0.0,0.0,0.0,0,0,0.0,0.0,0.0,0.0,0.0,0.0,2.0,1.0,0.05,0.8,0.0,0.0,1,0.0,0.2,1,0.0,0.2
496,2026-04-22T14:23:00.996Z,S20260422_152229,SC01,AUTO,,31.5304,0.0621,start,0,1500,VIDE,0.0,0.0,0.0,0.0,0.0,0.0,0,0,0.0,0.0,0.0,0.0,0.0,0.0,2.0,1.0,0.05,0.8,0.0,0.0,1,0.0,0.2,1,0.0,0.2
497,2026-04-22T14:23:01.060Z,S20260422_152229,SC01,AUTO,,31.594,0.0636,start,0,1500,VIDE,0.0,0.0,0.0,0.0,0.0,0.0,0,0,0.0,0.0,0.0,0.0,0.0,0.0,2.0,1.0,0.05,0.8,0.0,0.0,1,0.0,0.2,1,0.0,0.2
498,2026-04-22T14:23:01.114Z,S20260422_152229,SC01,AUTO,,31.6483,0.0543,start,0,1500,VIDE,0.0,0.0,0.0,0.0,0.0,0.0,0,0,0.0,0.0,0.0,0.0,0.0,0.0,2.0,1.0,0.05,0.8,0.0,0.0,1,0.0,0.2,1,0.0,0.2
499,2026-04-22T14:23:01.186Z,S20260422_152229,SC01,AUTO,,31.7201,0.0717,start,0,1500,VIDE,0.0,0.0,0.0,0.0,0.0,0.0,0,0,0.0,0.0,0.0,0.0,0.0,0.0,2.0,1.0,0.05,0.8,0.0,0.0,1,0.0,0.2,1,0.0,0.2
500,2026-04-22T14:23:01.247Z,S20260422_152229,SC01,AUTO,,31.7811,0.0611,start,0,1500,VIDE,0.0,0.0,0.0,0.0,0.0,0.0,0,0,0.0,0.0,0.0,0.0,0.0,0.0,2.0,1.0,0.05,0.8,0.0,0.0,1,0.0,0.2,1,0.0,0.2
501,2026-04-22T14:23:01.310Z,S20260422_152229,SC01,AUTO,,31.8445,0.0633,start,0,1500,VIDE,0.0,0.0,0.0,0.0,0.0,0.0,0,0,0.0,0.0,0.0,0.0,0.0,0.0,2.0,1.0,0.05,0.8,0.0,0.0,1,0.0,0.2,1,0.0,0.2
502,2026-04-22T14:23:01.373Z,S20260422_152229,SC01,AUTO,,31.907,0.0625,start,0,1500,VIDE,0.0,0.0,0.0,0.0,0.0,0.0,0,0,0.0,0.0,0.0,0.0,0.0,0.0,2.0,1.0,0.05,0.8,0.0,0.0,1,0.0,0.2,1,0.0,0.2
503,2026-04-22T14:23:01.426Z,S20260422_152229,SC01,AUTO,,31.9601,0.0531,start,0,1500,VIDE,0.0,0.0,0.0,0.0,0.0,0.0,0,0,0.0,0.0,0.0,0.0,0.0,0.0,2.0,1.0,0.05,0.8,0.0,0.0,1,0.0,0.2,1,0.0,0.2
504,2026-04-22T14:23:01.498Z,S20260422_152229,SC01,AUTO,,32.0319,0.0719,start,0,1500,VIDE,0.0,0.0,0.0,0.0,0.0,0.0,0,0,0.0,0.0,0.0,0.0,0.0,0.0,2.0,1.0,0.05,0.8,0.0,0.0,1,0.0,0.2,1,0.0,0.2
505,2026-04-22T14:23:01.553Z,S20260422_152229,SC01,AUTO,,32.0874,0.0555,start,0,1500,VIDE,0.0,0.0,0.0,0.0,0.0,0.0,0,0,0.0,0.0,0.0,0.0,0.0,0.0,2.0,1.0,0.05,0.8,0.0,0.0,1,0.0,0.2,1,0.0,0.2
506,2026-04-22T14:23:01.620Z,S20260422_152229,SC01,AUTO,,32.1538,0.0664,start,0,1500,VIDE,0.0,0.0,0.0,0.0,0.0,0.0,0,0,0.0,0.0,0.0,0.0,0.0,0.0,2.0,1.0,0.05,0.8,0.0,0.0,1,0.0,0.2,1,0.0,0.2
507,2026-04-22T14:23:01.677Z,S20260422_152229,SC01,AUTO,,32.2108,0.057,start,0,1500,VIDE,0.0,0.0,0.0,0.0,0.0,0.0,0,0,0.0,0.0,0.0,0.0,0.0,0.0,2.0,1.0,0.05,0.8,0.0,0.0,1,0.0,0.2,1,0.0,0.2
508,2026-04-22T14:23:01.745Z,S20260422_152229,SC01,AUTO,,32.2786,0.0678,start,0,1500,VIDE,0.0,0.0,0.0,0.0,0.0,0.0,0,0,0.0,0.0,0.0,0.0,0.0,0.0,2.0,1.0,0.05,0.8,0.0,0.0,1,0.0,0.2,1,0.0,0.2
509,2026-04-22T14:23:01.806Z,S20260422_152229,SC01,AUTO,,32.3403,0.0617,start,0,1500,VIDE,0.0,0.0,0.0,0.0,0.0,0.0,0,0,0.0,0.0,0.0,0.0,0.0,0.0,2.0,1.0,0.05,0.8,0.0,0.0,1,0.0,0.2,1,0.0,0.2
510,2026-04-22T14:23:01.870Z,S20260422_152229,SC01,AUTO,,32.4044,0.0641,start,0,1500,VIDE,0.0,0.0,0.0,0.0,0.0,0.0,0,0,0.0,0.0,0.0,0.0,0.0,0.0,2.0,1.0,0.05,0.8,0.0,0.0,1,0.0,0.2,1,0.0,0.2
511,2026-04-22T14:23:01.932Z,S20260422_152229,SC01,AUTO,,32.4661,0.0617,start,0,1500,VIDE,0.0,0.0,0.0,0.0,0.0,0.0,0,0,0.0,0.0,0.0,0.0,0.0,0.0,2.0,1.0,0.05,0.8,0.0,0.0,1,0.0,0.2,1,0.0,0.2
512,2026-04-22T14:23:01.993Z,S20260422_152229,SC01,AUTO,,32.5266,0.0605,start,0,1500,VIDE,0.0,0.0,0.0,0.0,0.0,0.0,0,0,0.0,0.0,0.0,0.0,0.0,0.0,2.0,1.0,0.05,0.8,0.0,0.0,1,0.0,0.2,1,0.0,0.2
513,2026-04-22T14:23:02.055Z,S20260422_152229,SC01,AUTO,,32.5888,0.0621,start,0,1500,VIDE,0.0,0.0,0.0,0.0,0.0,0.0,0,0,0.0,0.0,0.0,0.0,0.0,0.0,2.0,1.0,0.05,0.8,0.0,0.0,1,0.0,0.2,1,0.0,0.2
514,2026-04-22T14:23:02.116Z,S20260422_152229,SC01,AUTO,,32.6499,0.0612,start,0,1500,VIDE,0.0,0.0,0.0,0.0,0.0,0.0,0,0,0.0,0.0,0.0,0.0,0.0,0.0,2.0,1.0,0.05,0.8,0.0,0.0,1,0.0,0.2,1,0.0,0.2
515,2026-04-22T14:23:02.177Z,S20260422_152229,SC01,AUTO,,32.7111,0.0612,start,0,1500,VIDE,0.0,0.0,0.0,0.0,0.0,0.0,0,0,0.0,0.0,0.0,0.0,0.0,0.0,2.0,1.0,0.05,0.8,0.0,0.0,1,0.0,0.2,1,0.0,0.2
516,2026-04-22T14:23:02.239Z,S20260422_152229,SC01,AUTO,,32.7732,0.0621,start,0,1500,VIDE,0.0,0.0,0.0,0.0,0.0,0.0,0,0,0.0,0.0,0.0,0.0,0.0,0.0,2.0,1.0,0.05,0.8,0.0,0.0,1,0.0,0.2,1,0.0,0.2
517,2026-04-22T14:23:02.303Z,S20260422_152229,SC01,AUTO,,32.8372,0.064,start,0,1500,VIDE,0.0,0.0,0.0,0.0,0.0,0.0,0,0,0.0,0.0,0.0,0.0,0.0,0.0,2.0,1.0,0.05,0.8,0.0,0.0,1,0.0,0.2,1,0.0,0.2
518,2026-04-22T14:23:02.367Z,S20260422_152229,SC01,AUTO,,32.9007,0.0635,start,0,1500,VIDE,0.0,0.0,0.0,0.0,0.0,0.0,0,0,0.0,0.0,0.0,0.0,0.0,0.0,2.0,1.0,0.05,0.8,0.0,0.0,1,0.0,0.2,1,0.0,0.2
519,2026-04-22T14:23:02.431Z,S20260422_152229,SC01,AUTO,,32.9652,0.0645,start,0,1500,VIDE,0.0,0.0,0.0,0.0,0.0,0.0,0,0,0.0,0.0,0.0,0.0,0.0,0.0,2.0,1.0,0.05,0.8,0.0,0.0,1,0.0,0.2,1,0.0,0.2
520,2026-04-22T14:23:02.495Z,S20260422_152229,SC01,AUTO,,33.0294,0.0642,start,0,1500,VIDE,0.0,0.0,0.0,0.0,0.0,0.0,0,0,0.0,0.0,0.0,0.0,0.0,0.0,2.0,1.0,0.05,0.8,0.0,0.0,1,0.0,0.2,1,0.0,0.2
521,2026-04-22T14:23:02.562Z,S20260422_152229,SC01,AUTO,,33.0959,0.0666,start,0,1500,VIDE,0.0,0.0,0.0,0.0,0.0,0.0,0,0,0.0,0.0,0.0,0.0,0.0,0.0,2.0,1.0,0.05,0.8,0.0,0.0,1,0.0,0.2,1,0.0,0.2
522,2026-04-22T14:23:02.615Z,S20260422_152229,SC01,AUTO,,33.1489,0.053,start,0,1500,VIDE,0.0,0.0,0.0,0.0,0.0,0.0,0,0,0.0,0.0,0.0,0.0,0.0,0.0,2.0,1.0,0.05,0.8,0.0,0.0,1,0.0,0.2,1,0.0,0.2
523,2026-04-22T14:23:02.679Z,S20260422_152229,SC01,AUTO,,33.2128,0.0638,start,0,1500,VIDE,0.0,0.0,0.0,0.0,0.0,0.0,0,0,0.0,0.0,0.0,0.0,0.0,0.0,2.0,1.0,0.05,0.8,0.0,0.0,1,0.0,0.2,1,0.0,0.2
524,2026-04-22T14:23:02.742Z,S20260422_152229,SC01,AUTO,,33.2763,0.0636,start,0,1500,VIDE,0.0,0.0,0.0,0.0,0.0,0.0,0,0,0.0,0.0,0.0,0.0,0.0,0.0,2.0,1.0,0.05,0.8,0.0,0.0,1,0.0,0.2,1,0.0,0.2
525,2026-04-22T14:23:02.810Z,S20260422_152229,SC01,AUTO,,33.3443,0.068,start,0,1500,VIDE,0.0,0.0,0.0,0.0,0.0,0.0,0,0,0.0,0.0,0.0,0.0,0.0,0.0,2.0,1.0,0.05,0.8,0.0,0.0,1,0.0,0.2,1,0.0,0.2
526,2026-04-22T14:23:02.873Z,S20260422_152229,SC01,AUTO,,33.4071,0.0628,start,0,1500,VIDE,0.0,0.0,0.0,0.0,0.0,0.0,0,0,0.0,0.0,0.0,0.0,0.0,0.0,2.0,1.0,0.05,0.8,0.0,0.0,1,0.0,0.2,1,0.0,0.2
527,2026-04-22T14:23:02.935Z,S20260422_152229,SC01,AUTO,,33.4689,0.0618,start,0,1500,VIDE,0.0,0.0,0.0,0.0,0.0,0.0,0,0,0.0,0.0,0.0,0.0,0.0,0.0,2.0,1.0,0.05,0.8,0.0,0.0,1,0.0,0.2,1,0.0,0.2
528,2026-04-22T14:23:02.991Z,S20260422_152229,SC01,AUTO,,33.5246,0.0557,start,0,1500,VIDE,0.0,0.0,0.0,0.0,0.0,0.0,0,0,0.0,0.0,0.0,0.0,0.0,0.0,2.0,1.0,0.05,0.8,0.0,0.0,1,0.0,0.2,1,0.0,0.2
529,2026-04-22T14:23:03.055Z,S20260422_152229,SC01,AUTO,,33.5886,0.064,start,0,1500,VIDE,0.0,0.0,0.0,0.0,0.0,0.0,0,0,0.0,0.0,0.0,0.0,0.0,0.0,2.0,1.0,0.05,0.8,0.0,0.0,1,0.0,0.2,1,0.0,0.2
530,2026-04-22T14:23:03.119Z,S20260422_152229,SC01,AUTO,,33.6526,0.064,start,0,1500,VIDE,0.0,0.0,0.0,0.0,0.0,0.0,0,0,0.0,0.0,0.0,0.0,0.0,0.0,2.0,1.0,0.05,0.8,0.0,0.0,1,0.0,0.2,1,0.0,0.2
531,2026-04-22T14:23:03.183Z,S20260422_152229,SC01,AUTO,,33.7165,0.064,start,0,1500,VIDE,0.0,0.0,0.0,0.0,0.0,0.0,0,0,0.0,0.0,0.0,0.0,0.0,0.0,2.0,1.0,0.05,0.8,0.0,0.0,1,0.0,0.2,1,0.0,0.2
532,2026-04-22T14:23:03.247Z,S20260422_152229,SC01,AUTO,,33.7808,0.0642,start,0,1500,VIDE,0.0,0.0,0.0,0.0,0.0,0.0,0,0,0.0,0.0,0.0,0.0,0.0,0.0,2.0,1.0,0.05,0.8,0.0,0.0,1,0.0,0.2,1,0.0,0.2
533,2026-04-22T14:23:03.310Z,S20260422_152229,SC01,AUTO,,33.8439,0.0632,start,0,1500,VIDE,0.0,0.0,0.0,0.0,0.0,0.0,0,0,0.0,0.0,0.0,0.0,0.0,0.0,2.0,1.0,0.05,0.8,0.0,0.0,1,0.0,0.2,1,0.0,0.2
534,2026-04-22T14:23:03.371Z,S20260422_152229,SC01,AUTO,,33.9052,0.0613,start,0,1500,VIDE,0.0,0.0,0.0,0.0,0.0,0.0,0,0,0.0,0.0,0.0,0.0,0.0,0.0,2.0,1.0,0.05,0.8,0.0,0.0,1,0.0,0.2,1,0.0,0.2
535,2026-04-22T14:23:03.431Z,S20260422_152229,SC01,AUTO,,33.9646,0.0594,start,0,1500,VIDE,0.0,0.0,0.0,0.0,0.0,0.0,0,0,0.0,0.0,0.0,0.0,0.0,0.0,2.0,1.0,0.05,0.8,0.0,0.0,1,0.0,0.2,1,0.0,0.2
536,2026-04-22T14:23:03.495Z,S20260422_152229,SC01,AUTO,,34.0293,0.0646,start,0,1500,VIDE,0.0,0.0,0.0,0.0,0.0,0.0,0,0,0.0,0.0,0.0,0.0,0.0,0.0,2.0,1.0,0.05,0.8,0.0,0.0,1,0.0,0.2,1,0.0,0.2
537,2026-04-22T14:23:03.551Z,S20260422_152229,SC01,AUTO,,34.0849,0.0556,start,0,1500,VIDE,0.0,0.0,0.0,0.0,0.0,0.0,0,0,0.0,0.0,0.0,0.0,0.0,0.0,2.0,1.0,0.05,0.8,0.0,0.0,1,0.0,0.2,1,0.0,0.2
538,2026-04-22T14:23:03.615Z,S20260422_152229,SC01,AUTO,,34.1489,0.064,start,0,1500,VIDE,0.0,0.0,0.0,0.0,0.0,0.0,0,0,0.0,0.0,0.0,0.0,0.0,0.0,2.0,1.0,0.05,0.8,0.0,0.0,1,0.0,0.2,1,0.0,0.2
539,2026-04-22T14:23:03.679Z,S20260422_152229,SC01,AUTO,,34.2126,0.0638,start,0,1500,VIDE,0.0,0.0,0.0,0.0,0.0,0.0,0,0,0.0,0.0,0.0,0.0,0.0,0.0,2.0,1.0,0.05,0.8,0.0,0.0,1,0.0,0.2,1,0.0,0.2
540,2026-04-22T14:23:03.743Z,S20260422_152229,SC01,AUTO,,34.2769,0.0642,start,0,1500,VIDE,0.0,0.0,0.0,0.0,0.0,0.0,0,0,0.0,0.0,0.0,0.0,0.0,0.0,2.0,1.0,0.05,0.8,0.0,0.0,1,0.0,0.2,1,0.0,0.2
541,2026-04-22T14:23:03.807Z,S20260422_152229,SC01,AUTO,,34.3406,0.0638,start,0,1500,VIDE,0.0,0.0,0.0,0.0,0.0,0.0,0,0,0.0,0.0,0.0,0.0,0.0,0.0,2.0,1.0,0.05,0.8,0.0,0.0,1,0.0,0.2,1,0.0,0.2
542,2026-04-22T14:23:03.871Z,S20260422_152229,SC01,AUTO,,34.4052,0.0646,start,0,1500,VIDE,0.0,0.0,0.0,0.0,0.0,0.0,0,0,0.0,0.0,0.0,0.0,0.0,0.0,2.0,1.0,0.05,0.8,0.0,0.0,1,0.0,0.2,1,0.0,0.2
543,2026-04-22T14:23:03.927Z,S20260422_152229,SC01,AUTO,,34.461,0.0558,start,0,1500,VIDE,0.0,0.0,0.0,0.0,0.0,0.0,0,0,0.0,0.0,0.0,0.0,0.0,0.0,2.0,1.0,0.05,0.8,0.0,0.0,1,0.0,0.2,1,0.0,0.2
544,2026-04-22T14:23:03.991Z,S20260422_152229,SC01,AUTO,,34.5247,0.0637,start,0,1500,VIDE,0.0,0.0,0.0,0.0,0.0,0.0,0,0,0.0,0.0,0.0,0.0,0.0,0.0,2.0,1.0,0.05,0.8,0.0,0.0,1,0.0,0.2,1,0.0,0.2
545,2026-04-22T14:23:04.055Z,S20260422_152229,SC01,AUTO,,34.5887,0.064,start,0,1500,VIDE,0.0,0.0,0.0,0.0,0.0,0.0,0,0,0.0,0.0,0.0,0.0,0.0,0.0,2.0,1.0,0.05,0.8,0.0,0.0,1,0.0,0.2,1,0.0,0.2
546,2026-04-22T14:23:04.120Z,S20260422_152229,SC01,AUTO,,34.6535,0.0648,start,0,1500,VIDE,0.0,0.0,0.0,0.0,0.0,0.0,0,0,0.0,0.0,0.0,0.0,0.0,0.0,2.0,1.0,0.05,0.8,0.0,0.0,1,0.0,0.2,1,0.0,0.2
547,2026-04-22T14:23:04.181Z,S20260422_152229,SC01,AUTO,,34.7152,0.0617,start,0,1500,VIDE,0.0,0.0,0.0,0.0,0.0,0.0,0,0,0.0,0.0,0.0,0.0,0.0,0.0,2.0,1.0,0.05,0.8,0.0,0.0,1,0.0,0.2,1,0.0,0.2
548,2026-04-22T14:23:04.239Z,S20260422_152229,SC01,AUTO,,34.7728,0.0576,start,0,1500,VIDE,0.0,0.0,0.0,0.0,0.0,0.0,0,0,0.0,0.0,0.0,0.0,0.0,0.0,2.0,1.0,0.05,0.8,0.0,0.0,1,0.0,0.2,1,0.0,0.2
549,2026-04-22T14:23:04.303Z,S20260422_152229,SC01,AUTO,,34.8367,0.0639,start,0,1500,VIDE,0.0,0.0,0.0,0.0,0.0,0.0,0,0,0.0,0.0,0.0,0.0,0.0,0.0,2.0,1.0,0.05,0.8,0.0,0.0,1,0.0,0.2,1,0.0,0.2
550,2026-04-22T14:23:04.367Z,S20260422_152229,SC01,AUTO,,34.9007,0.064,start,0,1500,VIDE,0.0,0.0,0.0,0.0,0.0,0.0,0,0,0.0,0.0,0.0,0.0,0.0,0.0,2.0,1.0,0.05,0.8,0.0,0.0,1,0.0,0.2,1,0.0,0.2
551,2026-04-22T14:23:04.431Z,S20260422_152229,SC01,AUTO,,34.965,0.0643,start,0,1500,VIDE,0.0,0.0,0.0,0.0,0.0,0.0,0,0,0.0,0.0,0.0,0.0,0.0,0.0,2.0,1.0,0.05,0.8,0.0,0.0,1,0.0,0.2,1,0.0,0.2
552,2026-04-22T14:23:04.495Z,S20260422_152229,SC01,AUTO,,35.029,0.064,start,0,1500,VIDE,0.0,0.0,0.0,0.0,0.0,0.0,0,0,0.0,0.0,0.0,0.0,0.0,0.0,2.0,1.0,0.05,0.8,0.0,0.0,1,0.0,0.2,1,0.0,0.2
553,2026-04-22T14:23:04.557Z,S20260422_152229,SC01,AUTO,,35.091,0.0618,start,0,1500,VIDE,0.0,0.0,0.0,0.0,0.0,0.0,0,0,0.0,0.0,0.0,0.0,0.0,0.0,2.0,1.0,0.05,0.8,0.0,0.0,1,0.0,0.2,1,0.0,0.2
554,2026-04-22T14:23:04.619Z,S20260422_152229,SC01,AUTO,,35.1531,0.0623,start,0,1500,VIDE,0.0,0.0,0.0,0.0,0.0,0.0,0,0,0.0,0.0,0.0,0.0,0.0,0.0,2.0,1.0,0.05,0.8,0.0,0.0,1,0.0,0.2,1,0.0,0.2
555,2026-04-22T14:23:04.678Z,S20260422_152229,SC01,AUTO,,35.2125,0.0594,start,0,1500,VIDE,0.0,0.0,0.0,0.0,0.0,0.0,0,0,0.0,0.0,0.0,0.0,0.0,0.0,2.0,1.0,0.05,0.8,0.0,0.0,1,0.0,0.2,1,0.0,0.2
556,2026-04-22T14:23:04.742Z,S20260422_152229,SC01,AUTO,,35.2765,0.064,start,0,1500,VIDE,0.0,0.0,0.0,0.0,0.0,0.0,0,0,0.0,0.0,0.0,0.0,0.0,0.0,2.0,1.0,0.05,0.8,0.0,0.0,1,0.0,0.2,1,0.0,0.2
557,2026-04-22T14:23:04.803Z,S20260422_152229,SC01,AUTO,,35.3371,0.0606,start,0,1500,VIDE,0.0,0.0,0.0,0.0,0.0,0.0,0,0,0.0,0.0,0.0,0.0,0.0,0.0,2.0,1.0,0.05,0.8,0.0,0.0,1,0.0,0.2,1,0.0,0.2
558,2026-04-22T14:23:04.865Z,S20260422_152229,SC01,AUTO,,35.399,0.0619,start,0,1500,VIDE,0.0,0.0,0.0,0.0,0.0,0.0,0,0,0.0,0.0,0.0,0.0,0.0,0.0,2.0,1.0,0.05,0.8,0.0,0.0,1,0.0,0.2,1,0.0,0.2
559,2026-04-22T14:23:04.927Z,S20260422_152229,SC01,AUTO,,35.4612,0.0622,start,0,1500,VIDE,0.0,0.0,0.0,0.0,0.0,0.0,0,0,0.0,0.0,0.0,0.0,0.0,0.0,2.0,1.0,0.05,0.8,0.0,0.0,1,0.0,0.2,1,0.0,0.2
560,2026-04-22T14:23:04.991Z,S20260422_152229,SC01,AUTO,,35.5246,0.0634,start,0,1500,VIDE,0.0,0.0,0.0,0.0,0.0,0.0,0,0,0.0,0.0,0.0,0.0,0.0,0.0,2.0,1.0,0.05,0.8,0.0,0.0,1,0.0,0.2,1,0.0,0.2
561,2026-04-22T14:23:05.052Z,S20260422_152229,SC01,AUTO,,35.5863,0.0617,start,0,1500,VIDE,0.0,0.0,0.0,0.0,0.0,0.0,0,0,0.0,0.0,0.0,0.0,0.0,0.0,2.0,1.0,0.05,0.8,0.0,0.0,1,0.0,0.2,1,0.0,0.2
562,2026-04-22T14:23:05.114Z,S20260422_152229,SC01,AUTO,,35.6481,0.0618,start,0,1500,VIDE,0.0,0.0,0.0,0.0,0.0,0.0,0,0,0.0,0.0,0.0,0.0,0.0,0.0,2.0,1.0,0.05,0.8,0.0,0.0,1,0.0,0.2,1,0.0,0.2
563,2026-04-22T14:23:05.178Z,S20260422_152229,SC01,AUTO,,35.712,0.0638,start,0,1500,VIDE,0.0,0.0,0.0,0.0,0.0,0.0,0,0,0.0,0.0,0.0,0.0,0.0,0.0,2.0,1.0,0.05,0.8,0.0,0.0,1,0.0,0.2,1,0.0,0.2
564,2026-04-22T14:23:05.240Z,S20260422_152229,SC01,AUTO,,35.774,0.0621,start,0,1500,VIDE,0.0,0.0,0.0,0.0,0.0,0.0,0,0,0.0,0.0,0.0,0.0,0.0,0.0,2.0,1.0,0.05,0.8,0.0,0.0,1,0.0,0.2,1,0.0,0.2
565,2026-04-22T14:23:05.301Z,S20260422_152229,SC01,AUTO,,35.835,0.061,start,0,1500,VIDE,0.0,0.0,0.0,0.0,0.0,0.0,0,0,0.0,0.0,0.0,0.0,0.0,0.0,2.0,1.0,0.05,0.8,0.0,0.0,1,0.0,0.2,1,0.0,0.2
566,2026-04-22T14:23:05.363Z,S20260422_152229,SC01,AUTO,,35.8974,0.0624,start,0,1500,VIDE,0.0,0.0,0.0,0.0,0.0,0.0,0,0,0.0,0.0,0.0,0.0,0.0,0.0,2.0,1.0,0.05,0.8,0.0,0.0,1,0.0,0.2,1,0.0,0.2
567,2026-04-22T14:23:05.427Z,S20260422_152229,SC01,AUTO,,35.9612,0.0638,start,0,1500,VIDE,0.0,0.0,0.0,0.0,0.0,0.0,0,0,0.0,0.0,0.0,0.0,0.0,0.0,2.0,1.0,0.05,0.8,0.0,0.0,1,0.0,0.2,1,0.0,0.2
568,2026-04-22T14:23:05.491Z,S20260422_152229,SC01,AUTO,,36.0251,0.0638,start,0,1500,VIDE,0.0,0.0,0.0,0.0,0.0,0.0,0,0,0.0,0.0,0.0,0.0,0.0,0.0,2.0,1.0,0.05,0.8,0.0,0.0,1,0.0,0.2,1,0.0,0.2
569,2026-04-22T14:23:05.553Z,S20260422_152229,SC01,AUTO,,36.0868,0.0617,start,0,1500,VIDE,0.0,0.0,0.0,0.0,0.0,0.0,0,0,0.0,0.0,0.0,0.0,0.0,0.0,2.0,1.0,0.05,0.8,0.0,0.0,1,0.0,0.2,1,0.0,0.2
570,2026-04-22T14:23:05.616Z,S20260422_152229,SC01,AUTO,,36.1499,0.0631,start,0,1500,VIDE,0.0,0.0,0.0,0.0,0.0,0.0,0,0,0.0,0.0,0.0,0.0,0.0,0.0,2.0,1.0,0.05,0.8,0.0,0.0,1,0.0,0.2,1,0.0,0.2
571,2026-04-22T14:23:05.676Z,S20260422_152229,SC01,AUTO,,36.2101,0.0602,start,0,1500,VIDE,0.0,0.0,0.0,0.0,0.0,0.0,0,0,0.0,0.0,0.0,0.0,0.0,0.0,2.0,1.0,0.05,0.8,0.0,0.0,1,0.0,0.2,1,0.0,0.2
572,2026-04-22T14:23:05.740Z,S20260422_152229,SC01,AUTO,,36.2738,0.0637,start,0,1500,VIDE,0.0,0.0,0.0,0.0,0.0,0.0,0,0,0.0,0.0,0.0,0.0,0.0,0.0,2.0,1.0,0.05,0.8,0.0,0.0,1,0.0,0.2,1,0.0,0.2
573,2026-04-22T14:23:05.801Z,S20260422_152229,SC01,AUTO,,36.3349,0.0611,start,0,1500,VIDE,0.0,0.0,0.0,0.0,0.0,0.0,0,0,0.0,0.0,0.0,0.0,0.0,0.0,2.0,1.0,0.05,0.8,0.0,0.0,1,0.0,0.2,1,0.0,0.2
574,2026-04-22T14:23:05.879Z,S20260422_152229,SC01,AUTO,,36.4126,0.0777,start,0,1500,VIDE,0.0,0.0,0.0,0.0,0.0,0.0,0,0,0.0,0.0,0.0,0.0,0.0,0.0,2.0,1.0,0.05,0.8,0.0,0.0,1,0.0,0.2,1,0.0,0.2
575,2026-04-22T14:23:05.956Z,S20260422_152229,SC01,AUTO,,36.4901,0.0775,start,0,1500,VIDE,0.0,0.0,0.0,0.0,0.0,0.0,0,0,0.0,0.0,0.0,0.0,0.0,0.0,2.0,1.0,0.05,0.8,0.0,0.0,1,0.0,0.2,1,0.0,0.2
576,2026-04-22T14:23:06.019Z,S20260422_152229,SC01,AUTO,,36.5527,0.0627,start,0,1500,VIDE,0.0,0.0,0.0,0.0,0.0,0.0,0,0,0.0,0.0,0.0,0.0,0.0,0.0,2.0,1.0,0.05,0.8,0.0,0.0,1,0.0,0.2,1,0.0,0.2
577,2026-04-22T14:23:06.080Z,S20260422_152229,SC01,AUTO,,36.6139,0.0612,start,0,1500,VIDE,0.0,0.0,0.0,0.0,0.0,0.0,0,0,0.0,0.0,0.0,0.0,0.0,0.0,2.0,1.0,0.05,0.8,0.0,0.0,1,0.0,0.2,1,0.0,0.2
578,2026-04-22T14:23:06.143Z,S20260422_152229,SC01,AUTO,,36.6773,0.0634,start,0,1500,VIDE,0.0,0.0,0.0,0.0,0.0,0.0,0,0,0.0,0.0,0.0,0.0,0.0,0.0,2.0,1.0,0.05,0.8,0.0,0.0,1,0.0,0.2,1,0.0,0.2
579,2026-04-22T14:23:06.206Z,S20260422_152229,SC01,AUTO,,36.7398,0.0625,start,0,1500,VIDE,0.0,0.0,0.0,0.0,0.0,0.0,0,0,0.0,0.0,0.0,0.0,0.0,0.0,2.0,1.0,0.05,0.8,0.0,0.0,1,0.0,0.2,1,0.0,0.2
580,2026-04-22T14:23:06.267Z,S20260422_152229,SC01,AUTO,,36.8009,0.0611,start,0,1500,VIDE,0.0,0.0,0.0,0.0,0.0,0.0,0,0,0.0,0.0,0.0,0.0,0.0,0.0,2.0,1.0,0.05,0.8,0.0,0.0,1,0.0,0.2,1,0.0,0.2
581,2026-04-22T14:23:06.330Z,S20260422_152229,SC01,AUTO,,36.8644,0.0636,start,0,1500,VIDE,0.0,0.0,0.0,0.0,0.0,0.0,0,0,0.0,0.0,0.0,0.0,0.0,0.0,2.0,1.0,0.05,0.8,0.0,0.0,1,0.0,0.2,1,0.0,0.2
582,2026-04-22T14:23:06.392Z,S20260422_152229,SC01,AUTO,,36.9263,0.0619,start,0,1500,VIDE,0.0,0.0,0.0,0.0,0.0,0.0,0,0,0.0,0.0,0.0,0.0,0.0,0.0,2.0,1.0,0.05,0.8,0.0,0.0,1,0.0,0.2,1,0.0,0.2
583,2026-04-22T14:23:06.454Z,S20260422_152229,SC01,AUTO,,36.9877,0.0614,start,0,1500,VIDE,0.0,0.0,0.0,0.0,0.0,0.0,0,0,0.0,0.0,0.0,0.0,0.0,0.0,2.0,1.0,0.05,0.8,0.0,0.0,1,0.0,0.2,1,0.0,0.2
584,2026-04-22T14:23:06.516Z,S20260422_152229,SC01,AUTO,,37.05,0.0623,start,0,1500,VIDE,0.0,0.0,0.0,0.0,0.0,0.0,0,0,0.0,0.0,0.0,0.0,0.0,0.0,2.0,1.0,0.05,0.8,0.0,0.0,1,0.0,0.2,1,0.0,0.2
585,2026-04-22T14:23:06.579Z,S20260422_152229,SC01,AUTO,,37.1129,0.0629,start,0,1500,VIDE,0.0,0.0,0.0,0.0,0.0,0.0,0,0,0.0,0.0,0.0,0.0,0.0,0.0,2.0,1.0,0.05,0.8,0.0,0.0,1,0.0,0.2,1,0.0,0.2
586,2026-04-22T14:23:06.633Z,S20260422_152229,SC01,AUTO,,37.1667,0.0538,start,0,1500,VIDE,0.0,0.0,0.0,0.0,0.0,0.0,0,0,0.0,0.0,0.0,0.0,0.0,0.0,2.0,1.0,0.05,0.8,0.0,0.0,1,0.0,0.2,1,0.0,0.2
587,2026-04-22T14:23:06.695Z,S20260422_152229,SC01,AUTO,,37.2293,0.0625,start,0,1500,VIDE,0.0,0.0,0.0,0.0,0.0,0.0,0,0,0.0,0.0,0.0,0.0,0.0,0.0,2.0,1.0,0.05,0.8,0.0,0.0,1,0.0,0.2,1,0.0,0.2
588,2026-04-22T14:23:06.760Z,S20260422_152229,SC01,AUTO,,37.2937,0.0644,start,0,1500,VIDE,0.0,0.0,0.0,0.0,0.0,0.0,0,0,0.0,0.0,0.0,0.0,0.0,0.0,2.0,1.0,0.05,0.8,0.0,0.0,1,0.0,0.2,1,0.0,0.2
589,2026-04-22T14:23:06.821Z,S20260422_152229,SC01,AUTO,,37.3546,0.0609,start,0,1500,VIDE,0.0,0.0,0.0,0.0,0.0,0.0,0,0,0.0,0.0,0.0,0.0,0.0,0.0,2.0,1.0,0.05,0.8,0.0,0.0,1,0.0,0.2,1,0.0,0.2
590,2026-04-22T14:23:06.880Z,S20260422_152229,SC01,AUTO,,37.4135,0.059,start,0,1500,VIDE,0.0,0.0,0.0,0.0,0.0,0.0,0,0,0.0,0.0,0.0,0.0,0.0,0.0,2.0,1.0,0.05,0.8,0.0,0.0,1,0.0,0.2,1,0.0,0.2
591,2026-04-22T14:23:06.946Z,S20260422_152229,SC01,AUTO,,37.4797,0.0662,start,0,1500,VIDE,0.0,0.0,0.0,0.0,0.0,0.0,0,0,0.0,0.0,0.0,0.0,0.0,0.0,2.0,1.0,0.05,0.8,0.0,0.0,1,0.0,0.2,1,0.0,0.2
592,2026-04-22T14:23:07.013Z,S20260422_152229,SC01,AUTO,,37.5467,0.067,start,0,1500,VIDE,0.0,0.0,0.0,0.0,0.0,0.0,0,0,0.0,0.0,0.0,0.0,0.0,0.0,2.0,1.0,0.05,0.8,0.0,0.0,1,0.0,0.2,1,0.0,0.2
593,2026-04-22T14:23:07.071Z,S20260422_152229,SC01,AUTO,,37.6047,0.058,start,0,1500,VIDE,0.0,0.0,0.0,0.0,0.0,0.0,0,0,0.0,0.0,0.0,0.0,0.0,0.0,2.0,1.0,0.05,0.8,0.0,0.0,1,0.0,0.2,1,0.0,0.2
594,2026-04-22T14:23:07.138Z,S20260422_152229,SC01,AUTO,,37.6717,0.067,start,0,1500,VIDE,0.0,0.0,0.0,0.0,0.0,0.0,0,0,0.0,0.0,0.0,0.0,0.0,0.0,2.0,1.0,0.05,0.8,0.0,0.0,1,0.0,0.2,1,0.0,0.2
595,2026-04-22T14:23:07.200Z,S20260422_152229,SC01,AUTO,,37.734,0.0623,start,0,1500,VIDE,0.0,0.0,0.0,0.0,0.0,0.0,0,0,0.0,0.0,0.0,0.0,0.0,0.0,2.0,1.0,0.05,0.8,0.0,0.0,1,0.0,0.2,1,0.0,0.2
596,2026-04-22T14:23:07.260Z,S20260422_152229,SC01,AUTO,,37.7939,0.06,start,0,1500,VIDE,0.0,0.0,0.0,0.0,0.0,0.0,0,0,0.0,0.0,0.0,0.0,0.0,0.0,2.0,1.0,0.05,0.8,0.0,0.0,1,0.0,0.2,1,0.0,0.2
597,2026-04-22T14:23:07.317Z,S20260422_152229,SC01,AUTO,,37.8509,0.0569,start,0,1500,VIDE,0.0,0.0,0.0,0.0,0.0,0.0,0,0,0.0,0.0,0.0,0.0,0.0,0.0,2.0,1.0,0.05,0.8,0.0,0.0,1,0.0,0.2,1,0.0,0.2
598,2026-04-22T14:23:07.389Z,S20260422_152229,SC01,AUTO,,37.9233,0.0725,start,0,1500,VIDE,0.0,0.0,0.0,0.0,0.0,0.0,0,0,0.0,0.0,0.0,0.0,0.0,0.0,2.0,1.0,0.05,0.8,0.0,0.0,1,0.0,0.2,1,0.0,0.2
599,2026-04-22T14:23:07.451Z,S20260422_152229,SC01,AUTO,,37.9855,0.0622,start,0,1500,VIDE,0.0,0.0,0.0,0.0,0.0,0.0,0,0,0.0,0.0,0.0,0.0,0.0,0.0,2.0,1.0,0.05,0.8,0.0,0.0,1,0.0,0.2,1,0.0,0.2
600,2026-04-22T14:23:07.513Z,S20260422_152229,SC01,AUTO,,38.047,0.0616,start,0,1500,VIDE,0.0,0.0,0.0,0.0,0.0,0.0,0,0,0.0,0.0,0.0,0.0,0.0,0.0,2.0,1.0,0.05,0.8,0.0,0.0,1,0.0,0.2,1,0.0,0.2
601,2026-04-22T14:23:07.576Z,S20260422_152229,SC01,AUTO,,38.1097,0.0627,start,0,1500,VIDE,0.0,0.0,0.0,0.0,0.0,0.0,0,0,0.0,0.0,0.0,0.0,0.0,0.0,2.0,1.0,0.05,0.8,0.0,0.0,1,0.0,0.2,1,0.0,0.2
602,2026-04-22T14:23:07.633Z,S20260422_152229,SC01,AUTO,,38.1666,0.0568,start,0,1500,VIDE,0.0,0.0,0.0,0.0,0.0,0.0,0,0,0.0,0.0,0.0,0.0,0.0,0.0,2.0,1.0,0.05,0.8,0.0,0.0,1,0.0,0.2,1,0.0,0.2
603,2026-04-22T14:23:07.699Z,S20260422_152229,SC01,AUTO,,38.2333,0.0667,start,0,1500,VIDE,0.0,0.0,0.0,0.0,0.0,0.0,0,0,0.0,0.0,0.0,0.0,0.0,0.0,2.0,1.0,0.05,0.8,0.0,0.0,1,0.0,0.2,1,0.0,0.2
604,2026-04-22T14:23:07.759Z,S20260422_152229,SC01,AUTO,,38.2934,0.0602,start,0,1500,VIDE,0.0,0.0,0.0,0.0,0.0,0.0,0,0,0.0,0.0,0.0,0.0,0.0,0.0,2.0,1.0,0.05,0.8,0.0,0.0,1,0.0,0.2,1,0.0,0.2
605,2026-04-22T14:23:07.823Z,S20260422_152229,SC01,AUTO,,38.3568,0.0634,start,0,1500,VIDE,0.0,0.0,0.0,0.0,0.0,0.0,0,0,0.0,0.0,0.0,0.0,0.0,0.0,2.0,1.0,0.05,0.8,0.0,0.0,1,0.0,0.2,1,0.0,0.2
606,2026-04-22T14:23:07.886Z,S20260422_152229,SC01,AUTO,,38.4196,0.0628,start,0,1500,VIDE,0.0,0.0,0.0,0.0,0.0,0.0,0,0,0.0,0.0,0.0,0.0,0.0,0.0,2.0,1.0,0.05,0.8,0.0,0.0,1,0.0,0.2,1,0.0,0.2
607,2026-04-22T14:23:07.948Z,S20260422_152229,SC01,AUTO,,38.4824,0.0627,start,0,1500,VIDE,0.0,0.0,0.0,0.0,0.0,0.0,0,0,0.0,0.0,0.0,0.0,0.0,0.0,2.0,1.0,0.05,0.8,0.0,0.0,1,0.0,0.2,1,0.0,0.2
608,2026-04-22T14:23:08.010Z,S20260422_152229,SC01,AUTO,,38.544,0.0617,start,0,1500,VIDE,0.0,0.0,0.0,0.0,0.0,0.0,0,0,0.0,0.0,0.0,0.0,0.0,0.0,2.0,1.0,0.05,0.8,0.0,0.0,1,0.0,0.2,1,0.0,0.2
609,2026-04-22T14:23:08.068Z,S20260422_152229,SC01,AUTO,,38.6015,0.0575,start,0,1500,VIDE,0.0,0.0,0.0,0.0,0.0,0.0,0,0,0.0,0.0,0.0,0.0,0.0,0.0,2.0,1.0,0.05,0.8,0.0,0.0,1,0.0,0.2,1,0.0,0.2
610,2026-04-22T14:23:08.135Z,S20260422_152229,SC01,AUTO,,38.6687,0.0672,start,0,1500,VIDE,0.0,0.0,0.0,0.0,0.0,0.0,0,0,0.0,0.0,0.0,0.0,0.0,0.0,2.0,1.0,0.05,0.8,0.0,0.0,1,0.0,0.2,1,0.0,0.2
611,2026-04-22T14:23:08.197Z,S20260422_152229,SC01,AUTO,,38.7309,0.0621,start,0,1500,VIDE,0.0,0.0,0.0,0.0,0.0,0.0,0,0,0.0,0.0,0.0,0.0,0.0,0.0,2.0,1.0,0.05,0.8,0.0,0.0,1,0.0,0.2,1,0.0,0.2
612,2026-04-22T14:23:08.259Z,S20260422_152229,SC01,AUTO,,38.7928,0.062,start,0,1500,VIDE,0.0,0.0,0.0,0.0,0.0,0.0,0,0,0.0,0.0,0.0,0.0,0.0,0.0,2.0,1.0,0.05,0.8,0.0,0.0,1,0.0,0.2,1,0.0,0.2
613,2026-04-22T14:23:08.320Z,S20260422_152229,SC01,AUTO,,38.8544,0.0616,start,0,1500,VIDE,0.0,0.0,0.0,0.0,0.0,0.0,0,0,0.0,0.0,0.0,0.0,0.0,0.0,2.0,1.0,0.05,0.8,0.0,0.0,1,0.0,0.2,1,0.0,0.2
614,2026-04-22T14:23:08.383Z,S20260422_152229,SC01,AUTO,,38.9167,0.0623,start,0,1500,VIDE,0.0,0.0,0.0,0.0,0.0,0.0,0,0,0.0,0.0,0.0,0.0,0.0,0.0,2.0,1.0,0.05,0.8,0.0,0.0,1,0.0,0.2,1,0.0,0.2
615,2026-04-22T14:23:08.445Z,S20260422_152229,SC01,AUTO,,38.9793,0.0626,start,0,1500,VIDE,0.0,0.0,0.0,0.0,0.0,0.0,0,0,0.0,0.0,0.0,0.0,0.0,0.0,2.0,1.0,0.05,0.8,0.0,0.0,1,0.0,0.2,1,0.0,0.2
616,2026-04-22T14:23:08.507Z,S20260422_152229,SC01,AUTO,,39.0411,0.0618,start,0,1500,VIDE,0.0,0.0,0.0,0.0,0.0,0.0,0,0,0.0,0.0,0.0,0.0,0.0,0.0,2.0,1.0,0.05,0.8,0.0,0.0,1,0.0,0.2,1,0.0,0.2
617,2026-04-22T14:23:08.569Z,S20260422_152229,SC01,AUTO,,39.1029,0.0617,start,0,1500,VIDE,0.0,0.0,0.0,0.0,0.0,0.0,0,0,0.0,0.0,0.0,0.0,0.0,0.0,2.0,1.0,0.05,0.8,0.0,0.0,1,0.0,0.2,1,0.0,0.2
618,2026-04-22T14:23:08.631Z,S20260422_152229,SC01,AUTO,,39.1653,0.0625,start,0,1500,VIDE,0.0,0.0,0.0,0.0,0.0,0.0,0,0,0.0,0.0,0.0,0.0,0.0,0.0,2.0,1.0,0.05,0.8,0.0,0.0,1,0.0,0.2,1,0.0,0.2
619,2026-04-22T14:23:08.694Z,S20260422_152229,SC01,AUTO,,39.2284,0.0631,start,0,1500,VIDE,0.0,0.0,0.0,0.0,0.0,0.0,0,0,0.0,0.0,0.0,0.0,0.0,0.0,2.0,1.0,0.05,0.8,0.0,0.0,1,0.0,0.2,1,0.0,0.2
620,2026-04-22T14:23:08.757Z,S20260422_152229,SC01,AUTO,,39.2913,0.0628,start,0,1500,VIDE,0.0,0.0,0.0,0.0,0.0,0.0,0,0,0.0,0.0,0.0,0.0,0.0,0.0,2.0,1.0,0.05,0.8,0.0,0.0,1,0.0,0.2,1,0.0,0.2
621,2026-04-22T14:23:08.820Z,S20260422_152229,SC01,AUTO,,39.3543,0.063,start,0,1500,VIDE,0.0,0.0,0.0,0.0,0.0,0.0,0,0,0.0,0.0,0.0,0.0,0.0,0.0,2.0,1.0,0.05,0.8,0.0,0.0,1,0.0,0.2,1,0.0,0.2
622,2026-04-22T14:23:08.882Z,S20260422_152229,SC01,AUTO,,39.4158,0.0615,start,0,1500,VIDE,0.0,0.0,0.0,0.0,0.0,0.0,0,0,0.0,0.0,0.0,0.0,0.0,0.0,2.0,1.0,0.05,0.8,0.0,0.0,1,0.0,0.2,1,0.0,0.2
623,2026-04-22T14:23:08.944Z,S20260422_152229,SC01,AUTO,,39.4777,0.0619,start,0,1500,VIDE,0.0,0.0,0.0,0.0,0.0,0.0,0,0,0.0,0.0,0.0,0.0,0.0,0.0,2.0,1.0,0.05,0.8,0.0,0.0,1,0.0,0.2,1,0.0,0.2
624,2026-04-22T14:23:09.006Z,S20260422_152229,SC01,AUTO,,39.54,0.0622,start,0,1500,VIDE,0.0,0.0,0.0,0.0,0.0,0.0,0,0,0.0,0.0,0.0,0.0,0.0,0.0,2.0,1.0,0.05,0.8,0.0,0.0,1,0.0,0.2,1,0.0,0.2
625,2026-04-22T14:23:09.067Z,S20260422_152229,SC01,AUTO,,39.601,0.0611,start,0,1500,VIDE,0.0,0.0,0.0,0.0,0.0,0.0,0,0,0.0,0.0,0.0,0.0,0.0,0.0,2.0,1.0,0.05,0.8,0.0,0.0,1,0.0,0.2,1,0.0,0.2
626,2026-04-22T14:23:09.129Z,S20260422_152229,SC01,AUTO,,39.6635,0.0624,start,0,1500,VIDE,0.0,0.0,0.0,0.0,0.0,0.0,0,0,0.0,0.0,0.0,0.0,0.0,0.0,2.0,1.0,0.05,0.8,0.0,0.0,1,0.0,0.2,1,0.0,0.2
627,2026-04-22T14:23:09.192Z,S20260422_152229,SC01,AUTO,,39.7258,0.0624,start,0,1500,VIDE,0.0,0.0,0.0,0.0,0.0,0.0,0,0,0.0,0.0,0.0,0.0,0.0,0.0,2.0,1.0,0.05,0.8,0.0,0.0,1,0.0,0.2,1,0.0,0.2
628,2026-04-22T14:23:09.254Z,S20260422_152229,SC01,AUTO,,39.7883,0.0624,start,0,1500,VIDE,0.0,0.0,0.0,0.0,0.0,0.0,0,0,0.0,0.0,0.0,0.0,0.0,0.0,2.0,1.0,0.05,0.8,0.0,0.0,1,0.0,0.2,1,0.0,0.2
629,2026-04-22T14:23:09.332Z,S20260422_152229,SC01,AUTO,,39.8661,0.0779,start,0,1500,VIDE,0.0,0.0,0.0,0.0,0.0,0.0,0,0,0.0,0.0,0.0,0.0,0.0,0.0,2.0,1.0,0.05,0.8,0.0,0.0,1,0.0,0.2,1,0.0,0.2
630,2026-04-22T14:23:09.409Z,S20260422_152229,SC01,AUTO,,39.943,0.0769,start,0,1500,VIDE,0.0,0.0,0.0,0.0,0.0,0.0,0,0,0.0,0.0,0.0,0.0,0.0,0.0,2.0,1.0,0.05,0.8,0.0,0.0,1,0.0,0.2,1,0.0,0.2
631,2026-04-22T14:23:09.470Z,S20260422_152229,SC01,AUTO,,40.0044,0.0613,start,0,1500,VIDE,0.0,0.0,0.0,0.0,0.0,0.0,0,0,0.0,0.0,0.0,0.0,0.0,0.0,2.0,1.0,0.05,0.8,0.0,0.0,1,0.0,0.2,1,0.0,0.2
632,2026-04-22T14:23:09.533Z,S20260422_152229,SC01,AUTO,,40.0671,0.0627,start,0,1500,VIDE,0.0,0.0,0.0,0.0,0.0,0.0,0,0,0.0,0.0,0.0,0.0,0.0,0.0,2.0,1.0,0.05,0.8,0.0,0.0,1,0.0,0.2,1,0.0,0.2
633,2026-04-22T14:23:09.597Z,S20260422_152229,SC01,AUTO,,40.1314,0.0643,start,0,1500,VIDE,0.0,0.0,0.0,0.0,0.0,0.0,0,0,0.0,0.0,0.0,0.0,0.0,0.0,2.0,1.0,0.05,0.8,0.0,0.0,1,0.0,0.2,1,0.0,0.2
634,2026-04-22T14:23:09.675Z,S20260422_152229,SC01,AUTO,,40.2089,0.0774,start,0,1500,VIDE,0.0,0.0,0.0,0.0,0.0,0.0,0,0,0.0,0.0,0.0,0.0,0.0,0.0,2.0,1.0,0.05,0.8,0.0,0.0,1,0.0,0.2,1,0.0,0.2
635,2026-04-22T14:23:09.738Z,S20260422_152229,SC01,AUTO,,40.2715,0.0627,start,0,1500,VIDE,0.0,0.0,0.0,0.0,0.0,0.0,0,0,0.0,0.0,0.0,0.0,0.0,0.0,2.0,1.0,0.05,0.8,0.0,0.0,1,0.0,0.2,1,0.0,0.2
636,2026-04-22T14:23:09.801Z,S20260422_152229,SC01,AUTO,,40.3349,0.0633,start,0,1500,VIDE,0.0,0.0,0.0,0.0,0.0,0.0,0,0,0.0,0.0,0.0,0.0,0.0,0.0,2.0,1.0,0.05,0.8,0.0,0.0,1,0.0,0.2,1,0.0,0.2
637,2026-04-22T14:23:09.863Z,S20260422_152229,SC01,AUTO,,40.3966,0.0618,start,0,1500,VIDE,0.0,0.0,0.0,0.0,0.0,0.0,0,0,0.0,0.0,0.0,0.0,0.0,0.0,2.0,1.0,0.05,0.8,0.0,0.0,1,0.0,0.2,1,0.0,0.2
638,2026-04-22T14:23:09.922Z,S20260422_152229,SC01,AUTO,,40.4556,0.059,start,0,1500,VIDE,0.0,0.0,0.0,0.0,0.0,0.0,0,0,0.0,0.0,0.0,0.0,0.0,0.0,2.0,1.0,0.05,0.8,0.0,0.0,1,0.0,0.2,1,0.0,0.2
639,2026-04-22T14:23:09.985Z,S20260422_152229,SC01,AUTO,,40.5194,0.0637,start,0,1500,VIDE,0.0,0.0,0.0,0.0,0.0,0.0,0,0,0.0,0.0,0.0,0.0,0.0,0.0,2.0,1.0,0.05,0.8,0.0,0.0,1,0.0,0.2,1,0.0,0.2
640,2026-04-22T14:23:10.048Z,S20260422_152229,SC01,AUTO,,40.5824,0.063,start,0,1500,VIDE,0.0,0.0,0.0,0.0,0.0,0.0,0,0,0.0,0.0,0.0,0.0,0.0,0.0,2.0,1.0,0.05,0.8,0.0,0.0,1,0.0,0.2,1,0.0,0.2
641,2026-04-22T14:23:10.110Z,S20260422_152229,SC01,AUTO,,40.6441,0.0618,start,0,1500,VIDE,0.0,0.0,0.0,0.0,0.0,0.0,0,0,0.0,0.0,0.0,0.0,0.0,0.0,2.0,1.0,0.05,0.8,0.0,0.0,1,0.0,0.2,1,0.0,0.2
642,2026-04-22T14:23:10.172Z,S20260422_152229,SC01,AUTO,,40.7064,0.0622,start,0,1500,VIDE,0.0,0.0,0.0,0.0,0.0,0.0,0,0,0.0,0.0,0.0,0.0,0.0,0.0,2.0,1.0,0.05,0.8,0.0,0.0,1,0.0,0.2,1,0.0,0.2
643,2026-04-22T14:23:10.235Z,S20260422_152229,SC01,AUTO,,40.7687,0.0623,start,0,1500,VIDE,0.0,0.0,0.0,0.0,0.0,0.0,0,0,0.0,0.0,0.0,0.0,0.0,0.0,2.0,1.0,0.05,0.8,0.0,0.0,1,0.0,0.2,1,0.0,0.2
644,2026-04-22T14:23:10.297Z,S20260422_152229,SC01,AUTO,,40.831,0.0623,start,0,1500,VIDE,0.0,0.0,0.0,0.0,0.0,0.0,0,0,0.0,0.0,0.0,0.0,0.0,0.0,2.0,1.0,0.05,0.8,0.0,0.0,1,0.0,0.2,1,0.0,0.2
645,2026-04-22T14:23:10.359Z,S20260422_152229,SC01,AUTO,,40.8926,0.0616,start,0,1500,VIDE,0.0,0.0,0.0,0.0,0.0,0.0,0,0,0.0,0.0,0.0,0.0,0.0,0.0,2.0,1.0,0.05,0.8,0.0,0.0,1,0.0,0.2,1,0.0,0.2
646,2026-04-22T14:23:10.422Z,S20260422_152229,SC01,AUTO,,40.9563,0.0637,start,0,1500,VIDE,0.0,0.0,0.0,0.0,0.0,0.0,0,0,0.0,0.0,0.0,0.0,0.0,0.0,2.0,1.0,0.05,0.8,0.0,0.0,1,0.0,0.2,1,0.0,0.2
647,2026-04-22T14:23:10.484Z,S20260422_152229,SC01,AUTO,,41.0184,0.0621,start,0,1500,VIDE,0.0,0.0,0.0,0.0,0.0,0.0,0,0,0.0,0.0,0.0,0.0,0.0,0.0,2.0,1.0,0.05,0.8,0.0,0.0,1,0.0,0.2,1,0.0,0.2
648,2026-04-22T14:23:10.545Z,S20260422_152229,SC01,AUTO,,41.0791,0.0607,start,0,1500,VIDE,0.0,0.0,0.0,0.0,0.0,0.0,0,0,0.0,0.0,0.0,0.0,0.0,0.0,2.0,1.0,0.05,0.8,0.0,0.0,1,0.0,0.2,1,0.0,0.2
649,2026-04-22T14:23:10.608Z,S20260422_152229,SC01,AUTO,,41.1423,0.0632,start,0,1500,VIDE,0.0,0.0,0.0,0.0,0.0,0.0,0,0,0.0,0.0,0.0,0.0,0.0,0.0,2.0,1.0,0.05,0.8,0.0,0.0,1,0.0,0.2,1,0.0,0.2
650,2026-04-22T14:23:10.671Z,S20260422_152229,SC01,AUTO,,41.2053,0.063,start,0,1500,VIDE,0.0,0.0,0.0,0.0,0.0,0.0,0,0,0.0,0.0,0.0,0.0,0.0,0.0,2.0,1.0,0.05,0.8,0.0,0.0,1,0.0,0.2,1,0.0,0.2
651,2026-04-22T14:23:10.733Z,S20260422_152229,SC01,AUTO,,41.2672,0.0619,start,0,1500,VIDE,0.0,0.0,0.0,0.0,0.0,0.0,0,0,0.0,0.0,0.0,0.0,0.0,0.0,2.0,1.0,0.05,0.8,0.0,0.0,1,0.0,0.2,1,0.0,0.2
652,2026-04-22T14:23:10.797Z,S20260422_152229,SC01,AUTO,,41.331,0.0637,start,0,1500,VIDE,0.0,0.0,0.0,0.0,0.0,0.0,0,0,0.0,0.0,0.0,0.0,0.0,0.0,2.0,1.0,0.05,0.8,0.0,0.0,1,0.0,0.2,1,0.0,0.2
653,2026-04-22T14:23:10.859Z,S20260422_152229,SC01,AUTO,,41.393,0.062,start,0,1500,VIDE,0.0,0.0,0.0,0.0,0.0,0.0,0,0,0.0,0.0,0.0,0.0,0.0,0.0,2.0,1.0,0.05,0.8,0.0,0.0,1,0.0,0.2,1,0.0,0.2
654,2026-04-22T14:23:10.922Z,S20260422_152229,SC01,AUTO,,41.4555,0.0625,start,0,1500,VIDE,0.0,0.0,0.0,0.0,0.0,0.0,0,0,0.0,0.0,0.0,0.0,0.0,0.0,2.0,1.0,0.05,0.8,0.0,0.0,1,0.0,0.2,1,0.0,0.2
655,2026-04-22T14:23:10.984Z,S20260422_152229,SC01,AUTO,,41.5176,0.062,start,0,1500,VIDE,0.0,0.0,0.0,0.0,0.0,0.0,0,0,0.0,0.0,0.0,0.0,0.0,0.0,2.0,1.0,0.05,0.8,0.0,0.0,1,0.0,0.2,1,0.0,0.2
656,2026-04-22T14:23:11.045Z,S20260422_152229,SC01,AUTO,,41.5791,0.0615,start,0,1500,VIDE,0.0,0.0,0.0,0.0,0.0,0.0,0,0,0.0,0.0,0.0,0.0,0.0,0.0,2.0,1.0,0.05,0.8,0.0,0.0,1,0.0,0.2,1,0.0,0.2
657,2026-04-22T14:23:11.107Z,S20260422_152229,SC01,AUTO,,41.6408,0.0617,start,0,1500,VIDE,0.0,0.0,0.0,0.0,0.0,0.0,0,0,0.0,0.0,0.0,0.0,0.0,0.0,2.0,1.0,0.05,0.8,0.0,0.0,1,0.0,0.2,1,0.0,0.2
658,2026-04-22T14:23:11.169Z,S20260422_152229,SC01,AUTO,,41.7028,0.062,start,0,1500,VIDE,0.0,0.0,0.0,0.0,0.0,0.0,0,0,0.0,0.0,0.0,0.0,0.0,0.0,2.0,1.0,0.05,0.8,0.0,0.0,1,0.0,0.2,1,0.0,0.2
659,2026-04-22T14:23:11.232Z,S20260422_152229,SC01,AUTO,,41.766,0.0632,start,0,1500,VIDE,0.0,0.0,0.0,0.0,0.0,0.0,0,0,0.0,0.0,0.0,0.0,0.0,0.0,2.0,1.0,0.05,0.8,0.0,0.0,1,0.0,0.2,1,0.0,0.2
660,2026-04-22T14:23:11.295Z,S20260422_152229,SC01,AUTO,,41.8291,0.0631,start,0,1500,VIDE,0.0,0.0,0.0,0.0,0.0,0.0,0,0,0.0,0.0,0.0,0.0,0.0,0.0,2.0,1.0,0.05,0.8,0.0,0.0,1,0.0,0.2,1,0.0,0.2
661,2026-04-22T14:23:11.357Z,S20260422_152229,SC01,AUTO,,41.8909,0.0618,start,0,1500,VIDE,0.0,0.0,0.0,0.0,0.0,0.0,0,0,0.0,0.0,0.0,0.0,0.0,0.0,2.0,1.0,0.05,0.8,0.0,0.0,1,0.0,0.2,1,0.0,0.2
662,2026-04-22T14:23:11.419Z,S20260422_152229,SC01,AUTO,,41.9531,0.0623,start,0,1500,VIDE,0.0,0.0,0.0,0.0,0.0,0.0,0,0,0.0,0.0,0.0,0.0,0.0,0.0,2.0,1.0,0.05,0.8,0.0,0.0,1,0.0,0.2,1,0.0,0.2
663,2026-04-22T14:23:11.479Z,S20260422_152229,SC01,AUTO,,42.0134,0.0603,start,0,1500,VIDE,0.0,0.0,0.0,0.0,0.0,0.0,0,0,0.0,0.0,0.0,0.0,0.0,0.0,2.0,1.0,0.05,0.8,0.0,0.0,1,0.0,0.2,1,0.0,0.2
664,2026-04-22T14:23:11.541Z,S20260422_152229,SC01,AUTO,,42.0751,0.0617,start,0,1500,VIDE,0.0,0.0,0.0,0.0,0.0,0.0,0,0,0.0,0.0,0.0,0.0,0.0,0.0,2.0,1.0,0.05,0.8,0.0,0.0,1,0.0,0.2,1,0.0,0.2
665,2026-04-22T14:23:11.603Z,S20260422_152229,SC01,AUTO,,42.1374,0.0623,start,0,1500,VIDE,0.0,0.0,0.0,0.0,0.0,0.0,0,0,0.0,0.0,0.0,0.0,0.0,0.0,2.0,1.0,0.05,0.8,0.0,0.0,1,0.0,0.2,1,0.0,0.2
666,2026-04-22T14:23:11.665Z,S20260422_152229,SC01,AUTO,,42.1986,0.0612,start,0,1500,VIDE,0.0,0.0,0.0,0.0,0.0,0.0,0,0,0.0,0.0,0.0,0.0,0.0,0.0,2.0,1.0,0.05,0.8,0.0,0.0,1,0.0,0.2,1,0.0,0.2
667,2026-04-22T14:23:11.728Z,S20260422_152229,SC01,AUTO,,42.2619,0.0633,start,0,1500,VIDE,0.0,0.0,0.0,0.0,0.0,0.0,0,0,0.0,0.0,0.0,0.0,0.0,0.0,2.0,1.0,0.05,0.8,0.0,0.0,1,0.0,0.2,1,0.0,0.2
668,2026-04-22T14:23:11.790Z,S20260422_152229,SC01,AUTO,,42.3242,0.0623,start,0,1500,VIDE,0.0,0.0,0.0,0.0,0.0,0.0,0,0,0.0,0.0,0.0,0.0,0.0,0.0,2.0,1.0,0.05,0.8,0.0,0.0,1,0.0,0.2,1,0.0,0.2
669,2026-04-22T14:23:11.853Z,S20260422_152229,SC01,AUTO,,42.3866,0.0624,start,0,1500,VIDE,0.0,0.0,0.0,0.0,0.0,0.0,0,0,0.0,0.0,0.0,0.0,0.0,0.0,2.0,1.0,0.05,0.8,0.0,0.0,1,0.0,0.2,1,0.0,0.2
670,2026-04-22T14:23:11.915Z,S20260422_152229,SC01,AUTO,,42.4495,0.0629,start,0,1500,VIDE,0.0,0.0,0.0,0.0,0.0,0.0,0,0,0.0,0.0,0.0,0.0,0.0,0.0,2.0,1.0,0.05,0.8,0.0,0.0,1,0.0,0.2,1,0.0,0.2
671,2026-04-22T14:23:11.978Z,S20260422_152229,SC01,AUTO,,42.5117,0.0622,start,0,1500,VIDE,0.0,0.0,0.0,0.0,0.0,0.0,0,0,0.0,0.0,0.0,0.0,0.0,0.0,2.0,1.0,0.05,0.8,0.0,0.0,1,0.0,0.2,1,0.0,0.2
672,2026-04-22T14:23:12.035Z,S20260422_152229,SC01,AUTO,,42.5691,0.0574,start,0,1500,VIDE,0.0,0.0,0.0,0.0,0.0,0.0,0,0,0.0,0.0,0.0,0.0,0.0,0.0,2.0,1.0,0.05,0.8,0.0,0.0,1,0.0,0.2,1,0.0,0.2
673,2026-04-22T14:23:12.103Z,S20260422_152229,SC01,AUTO,,42.6372,0.0681,start,0,1500,VIDE,0.0,0.0,0.0,0.0,0.0,0.0,0,0,0.0,0.0,0.0,0.0,0.0,0.0,2.0,1.0,0.05,0.8,0.0,0.0,1,0.0,0.2,1,0.0,0.2
674,2026-04-22T14:23:12.165Z,S20260422_152229,SC01,AUTO,,42.6985,0.0613,start,0,1500,VIDE,0.0,0.0,0.0,0.0,0.0,0.0,0,0,0.0,0.0,0.0,0.0,0.0,0.0,2.0,1.0,0.05,0.8,0.0,0.0,1,0.0,0.2,1,0.0,0.2
675,2026-04-22T14:23:12.227Z,S20260422_152229,SC01,AUTO,,42.7609,0.0624,start,0,1500,VIDE,0.0,0.0,0.0,0.0,0.0,0.0,0,0,0.0,0.0,0.0,0.0,0.0,0.0,2.0,1.0,0.05,0.8,0.0,0.0,1,0.0,0.2,1,0.0,0.2
676,2026-04-22T14:23:12.288Z,S20260422_152229,SC01,AUTO,,42.8225,0.0616,start,0,1500,VIDE,0.0,0.0,0.0,0.0,0.0,0.0,0,0,0.0,0.0,0.0,0.0,0.0,0.0,2.0,1.0,0.05,0.8,0.0,0.0,1,0.0,0.2,1,0.0,0.2
677,2026-04-22T14:23:12.351Z,S20260422_152229,SC01,AUTO,,42.8852,0.0628,start,0,1500,VIDE,0.0,0.0,0.0,0.0,0.0,0.0,0,0,0.0,0.0,0.0,0.0,0.0,0.0,2.0,1.0,0.05,0.8,0.0,0.0,1,0.0,0.2,1,0.0,0.2
678,2026-04-22T14:23:12.412Z,S20260422_152229,SC01,AUTO,,42.9462,0.061,start,0,1500,VIDE,0.0,0.0,0.0,0.0,0.0,0.0,0,0,0.0,0.0,0.0,0.0,0.0,0.0,2.0,1.0,0.05,0.8,0.0,0.0,1,0.0,0.2,1,0.0,0.2
679,2026-04-22T14:23:12.474Z,S20260422_152229,SC01,AUTO,,43.0085,0.0622,start,0,1500,VIDE,0.0,0.0,0.0,0.0,0.0,0.0,0,0,0.0,0.0,0.0,0.0,0.0,0.0,2.0,1.0,0.05,0.8,0.0,0.0,1,0.0,0.2,1,0.0,0.2
680,2026-04-22T14:23:12.536Z,S20260422_152229,SC01,AUTO,,43.0703,0.0618,start,0,1500,VIDE,0.0,0.0,0.0,0.0,0.0,0.0,0,0,0.0,0.0,0.0,0.0,0.0,0.0,2.0,1.0,0.05,0.8,0.0,0.0,1,0.0,0.2,1,0.0,0.2
681,2026-04-22T14:23:12.599Z,S20260422_152229,SC01,AUTO,,43.1326,0.0623,start,0,1500,VIDE,0.0,0.0,0.0,0.0,0.0,0.0,0,0,0.0,0.0,0.0,0.0,0.0,0.0,2.0,1.0,0.05,0.8,0.0,0.0,1,0.0,0.2,1,0.0,0.2
682,2026-04-22T14:23:12.676Z,S20260422_152229,SC01,AUTO,,43.2095,0.0769,start,0,1500,VIDE,0.0,0.0,0.0,0.0,0.0,0.0,0,0,0.0,0.0,0.0,0.0,0.0,0.0,2.0,1.0,0.05,0.8,0.0,0.0,1,0.0,0.2,1,0.0,0.2
683,2026-04-22T14:23:12.738Z,S20260422_152229,SC01,AUTO,,43.2717,0.0622,start,0,1500,VIDE,0.0,0.0,0.0,0.0,0.0,0.0,0,0,0.0,0.0,0.0,0.0,0.0,0.0,2.0,1.0,0.05,0.8,0.0,0.0,1,0.0,0.2,1,0.0,0.2
684,2026-04-22T14:23:12.801Z,S20260422_152229,SC01,AUTO,,43.3346,0.0629,start,0,1500,VIDE,0.0,0.0,0.0,0.0,0.0,0.0,0,0,0.0,0.0,0.0,0.0,0.0,0.0,2.0,1.0,0.05,0.8,0.0,0.0,1,0.0,0.2,1,0.0,0.2
685,2026-04-22T14:23:12.864Z,S20260422_152229,SC01,AUTO,,43.3976,0.063,start,0,1500,VIDE,0.0,0.0,0.0,0.0,0.0,0.0,0,0,0.0,0.0,0.0,0.0,0.0,0.0,2.0,1.0,0.05,0.8,0.0,0.0,1,0.0,0.2,1,0.0,0.2
686,2026-04-22T14:23:12.927Z,S20260422_152229,SC01,AUTO,,43.4605,0.063,start,0,1500,VIDE,0.0,0.0,0.0,0.0,0.0,0.0,0,0,0.0,0.0,0.0,0.0,0.0,0.0,2.0,1.0,0.05,0.8,0.0,0.0,1,0.0,0.2,1,0.0,0.2
687,2026-04-22T14:23:12.988Z,S20260422_152229,SC01,AUTO,,43.5224,0.0618,start,0,1500,VIDE,0.0,0.0,0.0,0.0,0.0,0.0,0,0,0.0,0.0,0.0,0.0,0.0,0.0,2.0,1.0,0.05,0.8,0.0,0.0,1,0.0,0.2,1,0.0,0.2
688,2026-04-22T14:23:13.051Z,S20260422_152229,SC01,AUTO,,43.5848,0.0624,start,0,1500,VIDE,0.0,0.0,0.0,0.0,0.0,0.0,0,0,0.0,0.0,0.0,0.0,0.0,0.0,2.0,1.0,0.05,0.8,0.0,0.0,1,0.0,0.2,1,0.0,0.2
689,2026-04-22T14:23:13.129Z,S20260422_152229,SC01,AUTO,,43.6626,0.0778,start,0,1500,VIDE,0.0,0.0,0.0,0.0,0.0,0.0,0,0,0.0,0.0,0.0,0.0,0.0,0.0,2.0,1.0,0.05,0.8,0.0,0.0,1,0.0,0.2,1,0.0,0.2
690,2026-04-22T14:23:13.190Z,S20260422_152229,SC01,AUTO,,43.7241,0.0615,start,0,1500,VIDE,0.0,0.0,0.0,0.0,0.0,0.0,0,0,0.0,0.0,0.0,0.0,0.0,0.0,2.0,1.0,0.05,0.8,0.0,0.0,1,0.0,0.2,1,0.0,0.2
691,2026-04-22T14:23:13.253Z,S20260422_152229,SC01,AUTO,,43.7866,0.0625,start,0,1500,VIDE,0.0,0.0,0.0,0.0,0.0,0.0,0,0,0.0,0.0,0.0,0.0,0.0,0.0,2.0,1.0,0.05,0.8,0.0,0.0,1,0.0,0.2,1,0.0,0.2
692,2026-04-22T14:23:13.314Z,S20260422_152229,SC01,AUTO,,43.8485,0.0619,start,0,1500,VIDE,0.0,0.0,0.0,0.0,0.0,0.0,0,0,0.0,0.0,0.0,0.0,0.0,0.0,2.0,1.0,0.05,0.8,0.0,0.0,1,0.0,0.2,1,0.0,0.2
693,2026-04-22T14:23:13.377Z,S20260422_152229,SC01,AUTO,,43.9113,0.0628,start,0,1500,VIDE,0.0,0.0,0.0,0.0,0.0,0.0,0,0,0.0,0.0,0.0,0.0,0.0,0.0,2.0,1.0,0.05,0.8,0.0,0.0,1,0.0,0.2,1,0.0,0.2
694,2026-04-22T14:23:13.440Z,S20260422_152229,SC01,AUTO,,43.9735,0.0622,start,0,1500,VIDE,0.0,0.0,0.0,0.0,0.0,0.0,0,0,0.0,0.0,0.0,0.0,0.0,0.0,2.0,1.0,0.05,0.8,0.0,0.0,1,0.0,0.2,1,0.0,0.2
695,2026-04-22T14:23:13.503Z,S20260422_152229,SC01,AUTO,,44.037,0.0635,start,0,1500,VIDE,0.0,0.0,0.0,0.0,0.0,0.0,0,0,0.0,0.0,0.0,0.0,0.0,0.0,2.0,1.0,0.05,0.8,0.0,0.0,1,0.0,0.2,1,0.0,0.2
696,2026-04-22T14:23:13.564Z,S20260422_152229,SC01,AUTO,,44.0975,0.0605,start,0,1500,VIDE,0.0,0.0,0.0,0.0,0.0,0.0,0,0,0.0,0.0,0.0,0.0,0.0,0.0,2.0,1.0,0.05,0.8,0.0,0.0,1,0.0,0.2,1,0.0,0.2
697,2026-04-22T14:23:13.627Z,S20260422_152229,SC01,AUTO,,44.1606,0.0631,start,0,1500,VIDE,0.0,0.0,0.0,0.0,0.0,0.0,0,0,0.0,0.0,0.0,0.0,0.0,0.0,2.0,1.0,0.05,0.8,0.0,0.0,1,0.0,0.2,1,0.0,0.2
698,2026-04-22T14:23:13.689Z,S20260422_152229,SC01,AUTO,,44.223,0.0623,start,0,1500,VIDE,0.0,0.0,0.0,0.0,0.0,0.0,0,0,0.0,0.0,0.0,0.0,0.0,0.0,2.0,1.0,0.05,0.8,0.0,0.0,1,0.0,0.2,1,0.0,0.2
699,2026-04-22T14:23:13.751Z,S20260422_152229,SC01,AUTO,,44.2851,0.0621,start,0,1500,VIDE,0.0,0.0,0.0,0.0,0.0,0.0,0,0,0.0,0.0,0.0,0.0,0.0,0.0,2.0,1.0,0.05,0.8,0.0,0.0,1,0.0,0.2,1,0.0,0.2
700,2026-04-22T14:23:13.814Z,S20260422_152229,SC01,AUTO,,44.3476,0.0625,start,0,1500,VIDE,0.0,0.0,0.0,0.0,0.0,0.0,0,0,0.0,0.0,0.0,0.0,0.0,0.0,2.0,1.0,0.05,0.8,0.0,0.0,1,0.0,0.2,1,0.0,0.2
701,2026-04-22T14:23:13.877Z,S20260422_152229,SC01,AUTO,,44.4113,0.0637,start,0,1500,VIDE,0.0,0.0,0.0,0.0,0.0,0.0,0,0,0.0,0.0,0.0,0.0,0.0,0.0,2.0,1.0,0.05,0.8,0.0,0.0,1,0.0,0.2,1,0.0,0.2
702,2026-04-22T14:23:13.940Z,S20260422_152229,SC01,AUTO,,44.4736,0.0623,start,0,1500,VIDE,0.0,0.0,0.0,0.0,0.0,0.0,0,0,0.0,0.0,0.0,0.0,0.0,0.0,2.0,1.0,0.05,0.8,0.0,0.0,1,0.0,0.2,1,0.0,0.2
703,2026-04-22T14:23:14.001Z,S20260422_152229,SC01,AUTO,,44.5352,0.0616,start,0,1500,VIDE,0.0,0.0,0.0,0.0,0.0,0.0,0,0,0.0,0.0,0.0,0.0,0.0,0.0,2.0,1.0,0.05,0.8,0.0,0.0,1,0.0,0.2,1,0.0,0.2
704,2026-04-22T14:23:14.064Z,S20260422_152229,SC01,AUTO,,44.5976,0.0623,start,0,1500,VIDE,0.0,0.0,0.0,0.0,0.0,0.0,0,0,0.0,0.0,0.0,0.0,0.0,0.0,2.0,1.0,0.05,0.8,0.0,0.0,1,0.0,0.2,1,0.0,0.2
705,2026-04-22T14:23:14.125Z,S20260422_152229,SC01,AUTO,,44.6591,0.0615,start,0,1500,VIDE,0.0,0.0,0.0,0.0,0.0,0.0,0,0,0.0,0.0,0.0,0.0,0.0,0.0,2.0,1.0,0.05,0.8,0.0,0.0,1,0.0,0.2,1,0.0,0.2
706,2026-04-22T14:23:14.187Z,S20260422_152229,SC01,AUTO,,44.7211,0.062,start,0,1500,VIDE,0.0,0.0,0.0,0.0,0.0,0.0,0,0,0.0,0.0,0.0,0.0,0.0,0.0,2.0,1.0,0.05,0.8,0.0,0.0,1,0.0,0.2,1,0.0,0.2
707,2026-04-22T14:23:14.249Z,S20260422_152229,SC01,AUTO,,44.7832,0.0621,start,0,1500,VIDE,0.0,0.0,0.0,0.0,0.0,0.0,0,0,0.0,0.0,0.0,0.0,0.0,0.0,2.0,1.0,0.05,0.8,0.0,0.0,1,0.0,0.2,1,0.0,0.2
708,2026-04-22T14:23:14.311Z,S20260422_152229,SC01,AUTO,,44.8454,0.0622,start,0,1500,VIDE,0.0,0.0,0.0,0.0,0.0,0.0,0,0,0.0,0.0,0.0,0.0,0.0,0.0,2.0,1.0,0.05,0.8,0.0,0.0,1,0.0,0.2,1,0.0,0.2
709,2026-04-22T14:23:14.375Z,S20260422_152229,SC01,AUTO,,44.9088,0.0634,start,0,1500,VIDE,0.0,0.0,0.0,0.0,0.0,0.0,0,0,0.0,0.0,0.0,0.0,0.0,0.0,2.0,1.0,0.05,0.8,0.0,0.0,1,0.0,0.2,1,0.0,0.2
710,2026-04-22T14:23:14.437Z,S20260422_152229,SC01,AUTO,,44.9714,0.0626,start,0,1500,VIDE,0.0,0.0,0.0,0.0,0.0,0.0,0,0,0.0,0.0,0.0,0.0,0.0,0.0,2.0,1.0,0.05,0.8,0.0,0.0,1,0.0,0.2,1,0.0,0.2
711,2026-04-22T14:23:14.500Z,S20260422_152229,SC01,AUTO,,45.0341,0.0627,start,0,1500,VIDE,0.0,0.0,0.0,0.0,0.0,0.0,0,0,0.0,0.0,0.0,0.0,0.0,0.0,2.0,1.0,0.05,0.8,0.0,0.0,1,0.0,0.2,1,0.0,0.2
712,2026-04-22T14:23:14.562Z,S20260422_152229,SC01,AUTO,,45.0956,0.0614,start,0,1500,VIDE,0.0,0.0,0.0,0.0,0.0,0.0,0,0,0.0,0.0,0.0,0.0,0.0,0.0,2.0,1.0,0.05,0.8,0.0,0.0,1,0.0,0.2,1,0.0,0.2
713,2026-04-22T14:23:14.624Z,S20260422_152229,SC01,AUTO,,45.1579,0.0623,start,0,1500,VIDE,0.0,0.0,0.0,0.0,0.0,0.0,0,0,0.0,0.0,0.0,0.0,0.0,0.0,2.0,1.0,0.05,0.8,0.0,0.0,1,0.0,0.2,1,0.0,0.2
714,2026-04-22T14:23:14.678Z,S20260422_152229,SC01,AUTO,,45.2119,0.0541,start,0,1500,VIDE,0.0,0.0,0.0,0.0,0.0,0.0,0,0,0.0,0.0,0.0,0.0,0.0,0.0,2.0,1.0,0.05,0.8,0.0,0.0,1,0.0,0.2,1,0.0,0.2
715,2026-04-22T14:23:14.749Z,S20260422_152229,SC01,AUTO,,45.2829,0.0709,start,0,1500,VIDE,0.0,0.0,0.0,0.0,0.0,0.0,0,0,0.0,0.0,0.0,0.0,0.0,0.0,2.0,1.0,0.05,0.8,0.0,0.0,1,0.0,0.2,1,0.0,0.2
716,2026-04-22T14:23:14.811Z,S20260422_152229,SC01,AUTO,,45.3452,0.0623,start,0,1500,VIDE,0.0,0.0,0.0,0.0,0.0,0.0,0,0,0.0,0.0,0.0,0.0,0.0,0.0,2.0,1.0,0.05,0.8,0.0,0.0,1,0.0,0.2,1,0.0,0.2
717,2026-04-22T14:23:14.873Z,S20260422_152229,SC01,AUTO,,45.4067,0.0615,start,0,1500,VIDE,0.0,0.0,0.0,0.0,0.0,0.0,0,0,0.0,0.0,0.0,0.0,0.0,0.0,2.0,1.0,0.05,0.8,0.0,0.0,1,0.0,0.2,1,0.0,0.2
718,2026-04-22T14:23:14.935Z,S20260422_152229,SC01,AUTO,,45.4692,0.0625,start,0,1500,VIDE,0.0,0.0,0.0,0.0,0.0,0.0,0,0,0.0,0.0,0.0,0.0,0.0,0.0,2.0,1.0,0.05,0.8,0.0,0.0,1,0.0,0.2,1,0.0,0.2
719,2026-04-22T14:23:14.997Z,S20260422_152229,SC01,AUTO,,45.5313,0.0621,start,0,1500,VIDE,0.0,0.0,0.0,0.0,0.0,0.0,0,0,0.0,0.0,0.0,0.0,0.0,0.0,2.0,1.0,0.05,0.8,0.0,0.0,1,0.0,0.2,1,0.0,0.2
720,2026-04-22T14:23:15.059Z,S20260422_152229,SC01,AUTO,,45.5934,0.0621,start,0,1500,VIDE,0.0,0.0,0.0,0.0,0.0,0.0,0,0,0.0,0.0,0.0,0.0,0.0,0.0,2.0,1.0,0.05,0.8,0.0,0.0,1,0.0,0.2,1,0.0,0.2
721,2026-04-22T14:23:15.122Z,S20260422_152229,SC01,AUTO,,45.6565,0.0631,start,0,1500,VIDE,0.0,0.0,0.0,0.0,0.0,0.0,0,0,0.0,0.0,0.0,0.0,0.0,0.0,2.0,1.0,0.05,0.8,0.0,0.0,1,0.0,0.2,1,0.0,0.2
722,2026-04-22T14:23:15.185Z,S20260422_152229,SC01,AUTO,,45.7188,0.0623,start,0,1500,VIDE,0.0,0.0,0.0,0.0,0.0,0.0,0,0,0.0,0.0,0.0,0.0,0.0,0.0,2.0,1.0,0.05,0.8,0.0,0.0,1,0.0,0.2,1,0.0,0.2
723,2026-04-22T14:23:15.247Z,S20260422_152229,SC01,AUTO,,45.7812,0.0624,start,0,1500,VIDE,0.0,0.0,0.0,0.0,0.0,0.0,0,0,0.0,0.0,0.0,0.0,0.0,0.0,2.0,1.0,0.05,0.8,0.0,0.0,1,0.0,0.2,1,0.0,0.2
724,2026-04-22T14:23:15.309Z,S20260422_152229,SC01,AUTO,,45.8425,0.0613,start,0,1500,VIDE,0.0,0.0,0.0,0.0,0.0,0.0,0,0,0.0,0.0,0.0,0.0,0.0,0.0,2.0,1.0,0.05,0.8,0.0,0.0,1,0.0,0.2,1,0.0,0.2
725,2026-04-22T14:23:15.372Z,S20260422_152229,SC01,AUTO,,45.9056,0.0631,start,0,1500,VIDE,0.0,0.0,0.0,0.0,0.0,0.0,0,0,0.0,0.0,0.0,0.0,0.0,0.0,2.0,1.0,0.05,0.8,0.0,0.0,1,0.0,0.2,1,0.0,0.2
726,2026-04-22T14:23:15.434Z,S20260422_152229,SC01,AUTO,,45.9685,0.0629,start,0,1500,VIDE,0.0,0.0,0.0,0.0,0.0,0.0,0,0,0.0,0.0,0.0,0.0,0.0,0.0,2.0,1.0,0.05,0.8,0.0,0.0,1,0.0,0.2,1,0.0,0.2
727,2026-04-22T14:23:15.498Z,S20260422_152229,SC01,AUTO,,46.0321,0.0637,start,0,1500,VIDE,0.0,0.0,0.0,0.0,0.0,0.0,0,0,0.0,0.0,0.0,0.0,0.0,0.0,2.0,1.0,0.05,0.8,0.0,0.0,1,0.0,0.2,1,0.0,0.2
728,2026-04-22T14:23:15.559Z,S20260422_152229,SC01,AUTO,,46.0927,0.0606,start,0,1500,VIDE,0.0,0.0,0.0,0.0,0.0,0.0,0,0,0.0,0.0,0.0,0.0,0.0,0.0,2.0,1.0,0.05,0.8,0.0,0.0,1,0.0,0.2,1,0.0,0.2
729,2026-04-22T14:23:15.620Z,S20260422_152229,SC01,AUTO,,46.1541,0.0614,start,0,1500,VIDE,0.0,0.0,0.0,0.0,0.0,0.0,0,0,0.0,0.0,0.0,0.0,0.0,0.0,2.0,1.0,0.05,0.8,0.0,0.0,1,0.0,0.2,1,0.0,0.2
730,2026-04-22T14:23:15.683Z,S20260422_152229,SC01,AUTO,,46.2171,0.063,start,0,1500,VIDE,0.0,0.0,0.0,0.0,0.0,0.0,0,0,0.0,0.0,0.0,0.0,0.0,0.0,2.0,1.0,0.05,0.8,0.0,0.0,1,0.0,0.2,1,0.0,0.2
731,2026-04-22T14:23:15.745Z,S20260422_152229,SC01,AUTO,,46.2791,0.062,start,0,1500,VIDE,0.0,0.0,0.0,0.0,0.0,0.0,0,0,0.0,0.0,0.0,0.0,0.0,0.0,2.0,1.0,0.05,0.8,0.0,0.0,1,0.0,0.2,1,0.0,0.2
732,2026-04-22T14:23:15.807Z,S20260422_152229,SC01,AUTO,,46.3409,0.0619,start,0,1500,VIDE,0.0,0.0,0.0,0.0,0.0,0.0,0,0,0.0,0.0,0.0,0.0,0.0,0.0,2.0,1.0,0.05,0.8,0.0,0.0,1,0.0,0.2,1,0.0,0.2
733,2026-04-22T14:23:15.868Z,S20260422_152229,SC01,AUTO,,46.4022,0.0613,start,0,1500,VIDE,0.0,0.0,0.0,0.0,0.0,0.0,0,0,0.0,0.0,0.0,0.0,0.0,0.0,2.0,1.0,0.05,0.8,0.0,0.0,1,0.0,0.2,1,0.0,0.2
734,2026-04-22T14:23:15.930Z,S20260422_152229,SC01,AUTO,,46.4644,0.0621,start,0,1500,VIDE,0.0,0.0,0.0,0.0,0.0,0.0,0,0,0.0,0.0,0.0,0.0,0.0,0.0,2.0,1.0,0.05,0.8,0.0,0.0,1,0.0,0.2,1,0.0,0.2
735,2026-04-22T14:23:15.992Z,S20260422_152229,SC01,AUTO,,46.5264,0.062,start,0,1500,VIDE,0.0,0.0,0.0,0.0,0.0,0.0,0,0,0.0,0.0,0.0,0.0,0.0,0.0,2.0,1.0,0.05,0.8,0.0,0.0,1,0.0,0.2,1,0.0,0.2
736,2026-04-22T14:23:16.055Z,S20260422_152229,SC01,AUTO,,46.5886,0.0622,start,0,1500,VIDE,0.0,0.0,0.0,0.0,0.0,0.0,0,0,0.0,0.0,0.0,0.0,0.0,0.0,2.0,1.0,0.05,0.8,0.0,0.0,1,0.0,0.2,1,0.0,0.2
737,2026-04-22T14:23:16.117Z,S20260422_152229,SC01,AUTO,,46.6509,0.0623,start,0,1500,VIDE,0.0,0.0,0.0,0.0,0.0,0.0,0,0,0.0,0.0,0.0,0.0,0.0,0.0,2.0,1.0,0.05,0.8,0.0,0.0,1,0.0,0.2,1,0.0,0.2
738,2026-04-22T14:23:16.180Z,S20260422_152229,SC01,AUTO,,46.7136,0.0626,start,0,1500,VIDE,0.0,0.0,0.0,0.0,0.0,0.0,0,0,0.0,0.0,0.0,0.0,0.0,0.0,2.0,1.0,0.05,0.8,0.0,0.0,1,0.0,0.2,1,0.0,0.2
739,2026-04-22T14:23:16.242Z,S20260422_152229,SC01,AUTO,,46.7757,0.0621,start,0,1500,VIDE,0.0,0.0,0.0,0.0,0.0,0.0,0,0,0.0,0.0,0.0,0.0,0.0,0.0,2.0,1.0,0.05,0.8,0.0,0.0,1,0.0,0.2,1,0.0,0.2
740,2026-04-22T14:23:16.304Z,S20260422_152229,SC01,AUTO,,46.8376,0.0619,start,0,1500,VIDE,0.0,0.0,0.0,0.0,0.0,0.0,0,0,0.0,0.0,0.0,0.0,0.0,0.0,2.0,1.0,0.05,0.8,0.0,0.0,1,0.0,0.2,1,0.0,0.2
741,2026-04-22T14:23:16.365Z,S20260422_152229,SC01,AUTO,,46.899,0.0613,start,0,1500,VIDE,0.0,0.0,0.0,0.0,0.0,0.0,0,0,0.0,0.0,0.0,0.0,0.0,0.0,2.0,1.0,0.05,0.8,0.0,0.0,1,0.0,0.2,1,0.0,0.2
742,2026-04-22T14:23:16.427Z,S20260422_152229,SC01,AUTO,,46.9615,0.0625,start,0,1500,VIDE,0.0,0.0,0.0,0.0,0.0,0.0,0,0,0.0,0.0,0.0,0.0,0.0,0.0,2.0,1.0,0.05,0.8,0.0,0.0,1,0.0,0.2,1,0.0,0.2
743,2026-04-22T14:23:16.491Z,S20260422_152229,SC01,AUTO,,47.0249,0.0634,start,0,1500,VIDE,0.0,0.0,0.0,0.0,0.0,0.0,0,0,0.0,0.0,0.0,0.0,0.0,0.0,2.0,1.0,0.05,0.8,0.0,0.0,1,0.0,0.2,1,0.0,0.2
744,2026-04-22T14:23:16.552Z,S20260422_152229,SC01,AUTO,,47.0865,0.0616,start,0,1500,VIDE,0.0,0.0,0.0,0.0,0.0,0.0,0,0,0.0,0.0,0.0,0.0,0.0,0.0,2.0,1.0,0.05,0.8,0.0,0.0,1,0.0,0.2,1,0.0,0.2
745,2026-04-22T14:23:16.615Z,S20260422_152229,SC01,AUTO,,47.1486,0.0622,start,0,1500,VIDE,0.0,0.0,0.0,0.0,0.0,0.0,0,0,0.0,0.0,0.0,0.0,0.0,0.0,2.0,1.0,0.05,0.8,0.0,0.0,1,0.0,0.2,1,0.0,0.2
746,2026-04-22T14:23:16.676Z,S20260422_152229,SC01,AUTO,,47.2102,0.0616,start,0,1500,VIDE,0.0,0.0,0.0,0.0,0.0,0.0,0,0,0.0,0.0,0.0,0.0,0.0,0.0,2.0,1.0,0.05,0.8,0.0,0.0,1,0.0,0.2,1,0.0,0.2
747,2026-04-22T14:23:16.740Z,S20260422_152229,SC01,AUTO,,47.274,0.0638,start,0,1500,VIDE,0.0,0.0,0.0,0.0,0.0,0.0,0,0,0.0,0.0,0.0,0.0,0.0,0.0,2.0,1.0,0.05,0.8,0.0,0.0,1,0.0,0.2,1,0.0,0.2
748,2026-04-22T14:23:16.802Z,S20260422_152229,SC01,AUTO,,47.3357,0.0616,start,0,1500,VIDE,0.0,0.0,0.0,0.0,0.0,0.0,0,0,0.0,0.0,0.0,0.0,0.0,0.0,2.0,1.0,0.05,0.8,0.0,0.0,1,0.0,0.2,1,0.0,0.2
749,2026-04-22T14:23:16.863Z,S20260422_152229,SC01,AUTO,,47.3972,0.0616,start,0,1500,VIDE,0.0,0.0,0.0,0.0,0.0,0.0,0,0,0.0,0.0,0.0,0.0,0.0,0.0,2.0,1.0,0.05,0.8,0.0,0.0,1,0.0,0.2,1,0.0,0.2
750,2026-04-22T14:23:16.926Z,S20260422_152229,SC01,AUTO,,47.4597,0.0624,start,0,1500,VIDE,0.0,0.0,0.0,0.0,0.0,0.0,0,0,0.0,0.0,0.0,0.0,0.0,0.0,2.0,1.0,0.05,0.8,0.0,0.0,1,0.0,0.2,1,0.0,0.2
751,2026-04-22T14:23:16.989Z,S20260422_152229,SC01,AUTO,,47.5226,0.0629,start,0,1500,VIDE,0.0,0.0,0.0,0.0,0.0,0.0,0,0,0.0,0.0,0.0,0.0,0.0,0.0,2.0,1.0,0.05,0.8,0.0,0.0,1,0.0,0.2,1,0.0,0.2
752,2026-04-22T14:23:17.051Z,S20260422_152229,SC01,AUTO,,47.5847,0.0621,start,0,1500,VIDE,0.0,0.0,0.0,0.0,0.0,0.0,0,0,0.0,0.0,0.0,0.0,0.0,0.0,2.0,1.0,0.05,0.8,0.0,0.0,1,0.0,0.2,1,0.0,0.2
753,2026-04-22T14:23:17.114Z,S20260422_152229,SC01,AUTO,,47.6477,0.063,start,0,1500,VIDE,0.0,0.0,0.0,0.0,0.0,0.0,0,0,0.0,0.0,0.0,0.0,0.0,0.0,2.0,1.0,0.05,0.8,0.0,0.0,1,0.0,0.2,1,0.0,0.2
754,2026-04-22T14:23:17.176Z,S20260422_152229,SC01,AUTO,,47.7095,0.0619,start,0,1500,VIDE,0.0,0.0,0.0,0.0,0.0,0.0,0,0,0.0,0.0,0.0,0.0,0.0,0.0,2.0,1.0,0.05,0.8,0.0,0.0,1,0.0,0.2,1,0.0,0.2
755,2026-04-22T14:23:17.239Z,S20260422_152229,SC01,AUTO,,47.7727,0.0632,start,0,1500,VIDE,0.0,0.0,0.0,0.0,0.0,0.0,0,0,0.0,0.0,0.0,0.0,0.0,0.0,2.0,1.0,0.05,0.8,0.0,0.0,1,0.0,0.2,1,0.0,0.2
756,2026-04-22T14:23:17.315Z,S20260422_152229,SC01,AUTO,,47.8485,0.0758,start,0,1500,VIDE,0.0,0.0,0.0,0.0,0.0,0.0,0,0,0.0,0.0,0.0,0.0,0.0,0.0,2.0,1.0,0.05,0.8,0.0,0.0,1,0.0,0.2,1,0.0,0.2
757,2026-04-22T14:23:17.377Z,S20260422_152229,SC01,AUTO,,47.9114,0.0629,start,0,1500,VIDE,0.0,0.0,0.0,0.0,0.0,0.0,0,0,0.0,0.0,0.0,0.0,0.0,0.0,2.0,1.0,0.05,0.8,0.0,0.0,1,0.0,0.2,1,0.0,0.2
758,2026-04-22T14:23:17.440Z,S20260422_152229,SC01,AUTO,,47.9743,0.0629,start,0,1500,VIDE,0.0,0.0,0.0,0.0,0.0,0.0,0,0,0.0,0.0,0.0,0.0,0.0,0.0,2.0,1.0,0.05,0.8,0.0,0.0,1,0.0,0.2,1,0.0,0.2
759,2026-04-22T14:23:17.503Z,S20260422_152229,SC01,AUTO,,48.0365,0.0622,start,0,1500,VIDE,0.0,0.0,0.0,0.0,0.0,0.0,0,0,0.0,0.0,0.0,0.0,0.0,0.0,2.0,1.0,0.05,0.8,0.0,0.0,1,0.0,0.2,1,0.0,0.2
760,2026-04-22T14:23:17.564Z,S20260422_152229,SC01,AUTO,,48.0976,0.0611,start,0,1500,VIDE,0.0,0.0,0.0,0.0,0.0,0.0,0,0,0.0,0.0,0.0,0.0,0.0,0.0,2.0,1.0,0.05,0.8,0.0,0.0,1,0.0,0.2,1,0.0,0.2
761,2026-04-22T14:23:17.626Z,S20260422_152229,SC01,AUTO,,48.1597,0.0621,start,0,1500,VIDE,0.0,0.0,0.0,0.0,0.0,0.0,0,0,0.0,0.0,0.0,0.0,0.0,0.0,2.0,1.0,0.05,0.8,0.0,0.0,1,0.0,0.2,1,0.0,0.2
762,2026-04-22T14:23:17.689Z,S20260422_152229,SC01,AUTO,,48.2229,0.0631,start,0,1500,VIDE,0.0,0.0,0.0,0.0,0.0,0.0,0,0,0.0,0.0,0.0,0.0,0.0,0.0,2.0,1.0,0.05,0.8,0.0,0.0,1,0.0,0.2,1,0.0,0.2
763,2026-04-22T14:23:17.751Z,S20260422_152229,SC01,AUTO,,48.2847,0.0618,start,0,1500,VIDE,0.0,0.0,0.0,0.0,0.0,0.0,0,0,0.0,0.0,0.0,0.0,0.0,0.0,2.0,1.0,0.05,0.8,0.0,0.0,1,0.0,0.2,1,0.0,0.2
764,2026-04-22T14:23:17.813Z,S20260422_152229,SC01,AUTO,,48.3468,0.0621,start,0,1500,VIDE,0.0,0.0,0.0,0.0,0.0,0.0,0,0,0.0,0.0,0.0,0.0,0.0,0.0,2.0,1.0,0.05,0.8,0.0,0.0,1,0.0,0.2,1,0.0,0.2
765,2026-04-22T14:23:17.877Z,S20260422_152229,SC01,AUTO,,48.411,0.0642,start,0,1500,VIDE,0.0,0.0,0.0,0.0,0.0,0.0,0,0,0.0,0.0,0.0,0.0,0.0,0.0,2.0,1.0,0.05,0.8,0.0,0.0,1,0.0,0.2,1,0.0,0.2
766,2026-04-22T14:23:17.938Z,S20260422_152229,SC01,AUTO,,48.4724,0.0615,start,0,1500,VIDE,0.0,0.0,0.0,0.0,0.0,0.0,0,0,0.0,0.0,0.0,0.0,0.0,0.0,2.0,1.0,0.05,0.8,0.0,0.0,1,0.0,0.2,1,0.0,0.2
767,2026-04-22T14:23:18.001Z,S20260422_152229,SC01,AUTO,,48.5352,0.0628,start,0,1500,VIDE,0.0,0.0,0.0,0.0,0.0,0.0,0,0,0.0,0.0,0.0,0.0,0.0,0.0,2.0,1.0,0.05,0.8,0.0,0.0,1,0.0,0.2,1,0.0,0.2
768,2026-04-22T14:23:18.064Z,S20260422_152229,SC01,AUTO,,48.5976,0.0624,start,0,1500,VIDE,0.0,0.0,0.0,0.0,0.0,0.0,0,0,0.0,0.0,0.0,0.0,0.0,0.0,2.0,1.0,0.05,0.8,0.0,0.0,1,0.0,0.2,1,0.0,0.2
769,2026-04-22T14:23:18.125Z,S20260422_152229,SC01,AUTO,,48.659,0.0613,start,0,1500,VIDE,0.0,0.0,0.0,0.0,0.0,0.0,0,0,0.0,0.0,0.0,0.0,0.0,0.0,2.0,1.0,0.05,0.8,0.0,0.0,1,0.0,0.2,1,0.0,0.2
770,2026-04-22T14:23:18.187Z,S20260422_152229,SC01,AUTO,,48.7213,0.0623,start,0,1500,VIDE,0.0,0.0,0.0,0.0,0.0,0.0,0,0,0.0,0.0,0.0,0.0,0.0,0.0,2.0,1.0,0.05,0.8,0.0,0.0,1,0.0,0.2,1,0.0,0.2
771,2026-04-22T14:23:18.250Z,S20260422_152229,SC01,AUTO,,48.7839,0.0626,start,0,1500,VIDE,0.0,0.0,0.0,0.0,0.0,0.0,0,0,0.0,0.0,0.0,0.0,0.0,0.0,2.0,1.0,0.05,0.8,0.0,0.0,1,0.0,0.2,1,0.0,0.2
772,2026-04-22T14:23:18.311Z,S20260422_152229,SC01,AUTO,,48.8448,0.0609,start,0,1500,VIDE,0.0,0.0,0.0,0.0,0.0,0.0,0,0,0.0,0.0,0.0,0.0,0.0,0.0,2.0,1.0,0.05,0.8,0.0,0.0,1,0.0,0.2,1,0.0,0.2
773,2026-04-22T14:23:18.373Z,S20260422_152229,SC01,AUTO,,48.9065,0.0617,start,0,1500,VIDE,0.0,0.0,0.0,0.0,0.0,0.0,0,0,0.0,0.0,0.0,0.0,0.0,0.0,2.0,1.0,0.05,0.8,0.0,0.0,1,0.0,0.2,1,0.0,0.2
774,2026-04-22T14:23:18.435Z,S20260422_152229,SC01,AUTO,,48.9686,0.0621,start,0,1500,VIDE,0.0,0.0,0.0,0.0,0.0,0.0,0,0,0.0,0.0,0.0,0.0,0.0,0.0,2.0,1.0,0.05,0.8,0.0,0.0,1,0.0,0.2,1,0.0,0.2
775,2026-04-22T14:23:18.498Z,S20260422_152229,SC01,AUTO,,49.032,0.0634,start,0,1500,VIDE,0.0,0.0,0.0,0.0,0.0,0.0,0,0,0.0,0.0,0.0,0.0,0.0,0.0,2.0,1.0,0.05,0.8,0.0,0.0,1,0.0,0.2,1,0.0,0.2
776,2026-04-22T14:23:18.559Z,S20260422_152229,SC01,AUTO,,49.0931,0.0612,start,0,1500,VIDE,0.0,0.0,0.0,0.0,0.0,0.0,0,0,0.0,0.0,0.0,0.0,0.0,0.0,2.0,1.0,0.05,0.8,0.0,0.0,1,0.0,0.2,1,0.0,0.2
777,2026-04-22T14:23:18.621Z,S20260422_152229,SC01,AUTO,,49.1552,0.0621,start,0,1500,VIDE,0.0,0.0,0.0,0.0,0.0,0.0,0,0,0.0,0.0,0.0,0.0,0.0,0.0,2.0,1.0,0.05,0.8,0.0,0.0,1,0.0,0.2,1,0.0,0.2
778,2026-04-22T14:23:18.683Z,S20260422_152229,SC01,AUTO,,49.2166,0.0614,start,0,1500,VIDE,0.0,0.0,0.0,0.0,0.0,0.0,0,0,0.0,0.0,0.0,0.0,0.0,0.0,2.0,1.0,0.05,0.8,0.0,0.0,1,0.0,0.2,1,0.0,0.2
779,2026-04-22T14:23:18.746Z,S20260422_152229,SC01,AUTO,,49.2804,0.0638,start,0,1500,VIDE,0.0,0.0,0.0,0.0,0.0,0.0,0,0,0.0,0.0,0.0,0.0,0.0,0.0,2.0,1.0,0.05,0.8,0.0,0.0,1,0.0,0.2,1,0.0,0.2
780,2026-04-22T14:23:18.808Z,S20260422_152229,SC01,AUTO,,49.3415,0.0611,start,0,1500,VIDE,0.0,0.0,0.0,0.0,0.0,0.0,0,0,0.0,0.0,0.0,0.0,0.0,0.0,2.0,1.0,0.05,0.8,0.0,0.0,1,0.0,0.2,1,0.0,0.2
781,2026-04-22T14:23:18.870Z,S20260422_152229,SC01,AUTO,,49.4044,0.0629,start,0,1500,VIDE,0.0,0.0,0.0,0.0,0.0,0.0,0,0,0.0,0.0,0.0,0.0,0.0,0.0,2.0,1.0,0.05,0.8,0.0,0.0,1,0.0,0.2,1,0.0,0.2
782,2026-04-22T14:23:18.933Z,S20260422_152229,SC01,AUTO,,49.4669,0.0625,start,0,1500,VIDE,0.0,0.0,0.0,0.0,0.0,0.0,0,0,0.0,0.0,0.0,0.0,0.0,0.0,2.0,1.0,0.05,0.8,0.0,0.0,1,0.0,0.2,1,0.0,0.2
783,2026-04-22T14:23:18.996Z,S20260422_152229,SC01,AUTO,,49.5304,0.0634,start,0,1500,VIDE,0.0,0.0,0.0,0.0,0.0,0.0,0,0,0.0,0.0,0.0,0.0,0.0,0.0,2.0,1.0,0.05,0.8,0.0,0.0,1,0.0,0.2,1,0.0,0.2
784,2026-04-22T14:23:19.058Z,S20260422_152229,SC01,AUTO,,49.592,0.0616,start,0,1500,VIDE,0.0,0.0,0.0,0.0,0.0,0.0,0,0,0.0,0.0,0.0,0.0,0.0,0.0,2.0,1.0,0.05,0.8,0.0,0.0,1,0.0,0.2,1,0.0,0.2
785,2026-04-22T14:23:19.119Z,S20260422_152229,SC01,AUTO,,49.6531,0.0611,start,0,1500,VIDE,0.0,0.0,0.0,0.0,0.0,0.0,0,0,0.0,0.0,0.0,0.0,0.0,0.0,2.0,1.0,0.05,0.8,0.0,0.0,1,0.0,0.2,1,0.0,0.2
786,2026-04-22T14:23:19.181Z,S20260422_152229,SC01,AUTO,,49.7147,0.0616,start,0,1500,VIDE,0.0,0.0,0.0,0.0,0.0,0.0,0,0,0.0,0.0,0.0,0.0,0.0,0.0,2.0,1.0,0.05,0.8,0.0,0.0,1,0.0,0.2,1,0.0,0.2
787,2026-04-22T14:23:19.243Z,S20260422_152229,SC01,AUTO,,49.7771,0.0624,start,0,1500,VIDE,0.0,0.0,0.0,0.0,0.0,0.0,0,0,0.0,0.0,0.0,0.0,0.0,0.0,2.0,1.0,0.05,0.8,0.0,0.0,1,0.0,0.2,1,0.0,0.2
788,2026-04-22T14:23:19.306Z,S20260422_152229,SC01,AUTO,,49.8395,0.0625,start,0,1500,VIDE,0.0,0.0,0.0,0.0,0.0,0.0,0,0,0.0,0.0,0.0,0.0,0.0,0.0,2.0,1.0,0.05,0.8,0.0,0.0,1,0.0,0.2,1,0.0,0.2
789,2026-04-22T14:23:19.367Z,S20260422_152229,SC01,AUTO,,49.9012,0.0617,start,0,1500,VIDE,0.0,0.0,0.0,0.0,0.0,0.0,0,0,0.0,0.0,0.0,0.0,0.0,0.0,2.0,1.0,0.05,0.8,0.0,0.0,1,0.0,0.2,1,0.0,0.2
790,2026-04-22T14:23:19.429Z,S20260422_152229,SC01,AUTO,,49.963,0.0618,start,0,1500,VIDE,0.0,0.0,0.0,0.0,0.0,0.0,0,0,0.0,0.0,0.0,0.0,0.0,0.0,2.0,1.0,0.05,0.8,0.0,0.0,1,0.0,0.2,1,0.0,0.2
791,2026-04-22T14:23:19.493Z,S20260422_152229,SC01,AUTO,,50.0269,0.0638,start,0,1500,VIDE,0.0,0.0,0.0,0.0,0.0,0.0,0,0,0.0,0.0,0.0,0.0,0.0,0.0,2.0,1.0,0.05,0.8,0.0,0.0,1,0.0,0.2,1,0.0,0.2
792,2026-04-22T14:23:19.555Z,S20260422_152229,SC01,AUTO,,50.0886,0.0616,start,0,1500,VIDE,0.0,0.0,0.0,0.0,0.0,0.0,0,0,0.0,0.0,0.0,0.0,0.0,0.0,2.0,1.0,0.05,0.8,0.0,0.0,1,0.0,0.2,1,0.0,0.2
793,2026-04-22T14:23:19.619Z,S20260422_152229,SC01,AUTO,,50.1526,0.064,start,0,1500,VIDE,0.0,0.0,0.0,0.0,0.0,0.0,0,0,0.0,0.0,0.0,0.0,0.0,0.0,2.0,1.0,0.05,0.8,0.0,0.0,1,0.0,0.2,1,0.0,0.2
794,2026-04-22T14:23:19.682Z,S20260422_152229,SC01,AUTO,,50.2155,0.0629,start,0,1500,VIDE,0.0,0.0,0.0,0.0,0.0,0.0,0,0,0.0,0.0,0.0,0.0,0.0,0.0,2.0,1.0,0.05,0.8,0.0,0.0,1,0.0,0.2,1,0.0,0.2
795,2026-04-22T14:23:19.739Z,S20260422_152229,SC01,AUTO,,50.273,0.0575,start,0,1500,VIDE,0.0,0.0,0.0,0.0,0.0,0.0,0,0,0.0,0.0,0.0,0.0,0.0,0.0,2.0,1.0,0.05,0.8,0.0,0.0,1,0.0,0.2,1,0.0,0.2
796,2026-04-22T14:23:19.806Z,S20260422_152229,SC01,AUTO,,50.3404,0.0674,start,0,1500,VIDE,0.0,0.0,0.0,0.0,0.0,0.0,0,0,0.0,0.0,0.0,0.0,0.0,0.0,2.0,1.0,0.05,0.8,0.0,0.0,1,0.0,0.2,1,0.0,0.2
797,2026-04-22T14:23:19.868Z,S20260422_152229,SC01,AUTO,,50.4019,0.0614,start,0,1500,VIDE,0.0,0.0,0.0,0.0,0.0,0.0,0,0,0.0,0.0,0.0,0.0,0.0,0.0,2.0,1.0,0.05,0.8,0.0,0.0,1,0.0,0.2,1,0.0,0.2
798,2026-04-22T14:23:19.930Z,S20260422_152229,SC01,AUTO,,50.4636,0.0617,start,0,1500,VIDE,0.0,0.0,0.0,0.0,0.0,0.0,0,0,0.0,0.0,0.0,0.0,0.0,0.0,2.0,1.0,0.05,0.8,0.0,0.0,1,0.0,0.2,1,0.0,0.2
799,2026-04-22T14:23:19.991Z,S20260422_152229,SC01,AUTO,,50.5251,0.0615,start,0,1500,VIDE,0.0,0.0,0.0,0.0,0.0,0.0,0,0,0.0,0.0,0.0,0.0,0.0,0.0,2.0,1.0,0.05,0.8,0.0,0.0,1,0.0,0.2,1,0.0,0.2
800,2026-04-22T14:23:20.055Z,S20260422_152229,SC01,AUTO,,50.5893,0.0642,start,0,1500,VIDE,0.0,0.0,0.0,0.0,0.0,0.0,0,0,0.0,0.0,0.0,0.0,0.0,0.0,2.0,1.0,0.05,0.8,0.0,0.0,1,0.0,0.2,1,0.0,0.2
801,2026-04-22T14:23:20.116Z,S20260422_152229,SC01,AUTO,,50.6504,0.0611,start,0,1500,VIDE,0.0,0.0,0.0,0.0,0.0,0.0,0,0,0.0,0.0,0.0,0.0,0.0,0.0,2.0,1.0,0.05,0.8,0.0,0.0,1,0.0,0.2,1,0.0,0.2
802,2026-04-22T14:23:20.180Z,S20260422_152229,SC01,AUTO,,50.7137,0.0633,start,0,1500,VIDE,0.0,0.0,0.0,0.0,0.0,0.0,0,0,0.0,0.0,0.0,0.0,0.0,0.0,2.0,1.0,0.05,0.8,0.0,0.0,1,0.0,0.2,1,0.0,0.2
803,2026-04-22T14:23:20.243Z,S20260422_152229,SC01,AUTO,,50.7768,0.0632,start,0,1500,VIDE,0.0,0.0,0.0,0.0,0.0,0.0,0,0,0.0,0.0,0.0,0.0,0.0,0.0,2.0,1.0,0.05,0.8,0.0,0.0,1,0.0,0.2,1,0.0,0.2
804,2026-04-22T14:23:20.304Z,S20260422_152229,SC01,AUTO,,50.8384,0.0616,start,0,1500,VIDE,0.0,0.0,0.0,0.0,0.0,0.0,0,0,0.0,0.0,0.0,0.0,0.0,0.0,2.0,1.0,0.05,0.8,0.0,0.0,1,0.0,0.2,1,0.0,0.2
805,2026-04-22T14:23:20.367Z,S20260422_152229,SC01,AUTO,,50.9013,0.0629,start,0,1500,VIDE,0.0,0.0,0.0,0.0,0.0,0.0,0,0,0.0,0.0,0.0,0.0,0.0,0.0,2.0,1.0,0.05,0.8,0.0,0.0,1,0.0,0.2,1,0.0,0.2
806,2026-04-22T14:23:20.431Z,S20260422_152229,SC01,AUTO,,50.9646,0.0633,start,0,1500,VIDE,0.0,0.0,0.0,0.0,0.0,0.0,0,0,0.0,0.0,0.0,0.0,0.0,0.0,2.0,1.0,0.05,0.8,0.0,0.0,1,0.0,0.2,1,0.0,0.2
807,2026-04-22T14:23:20.493Z,S20260422_152229,SC01,AUTO,,51.0266,0.062,start,0,1500,VIDE,0.0,0.0,0.0,0.0,0.0,0.0,0,0,0.0,0.0,0.0,0.0,0.0,0.0,2.0,1.0,0.05,0.8,0.0,0.0,1,0.0,0.2,1,0.0,0.2
808,2026-04-22T14:23:20.553Z,S20260422_152229,SC01,AUTO,,51.0867,0.06,start,0,1500,VIDE,0.0,0.0,0.0,0.0,0.0,0.0,0,0,0.0,0.0,0.0,0.0,0.0,0.0,2.0,1.0,0.05,0.8,0.0,0.0,1,0.0,0.2,1,0.0,0.2
809,2026-04-22T14:23:20.614Z,S20260422_152229,SC01,AUTO,,51.1478,0.0611,start,0,1500,VIDE,0.0,0.0,0.0,0.0,0.0,0.0,0,0,0.0,0.0,0.0,0.0,0.0,0.0,2.0,1.0,0.05,0.8,0.0,0.0,1,0.0,0.2,1,0.0,0.2
810,2026-04-22T14:23:20.677Z,S20260422_152229,SC01,AUTO,,51.2105,0.0628,start,0,1500,VIDE,0.0,0.0,0.0,0.0,0.0,0.0,0,0,0.0,0.0,0.0,0.0,0.0,0.0,2.0,1.0,0.05,0.8,0.0,0.0,1,0.0,0.2,1,0.0,0.2
811,2026-04-22T14:23:20.739Z,S20260422_152229,SC01,AUTO,,51.273,0.0624,start,0,1500,VIDE,0.0,0.0,0.0,0.0,0.0,0.0,0,0,0.0,0.0,0.0,0.0,0.0,0.0,2.0,1.0,0.05,0.8,0.0,0.0,1,0.0,0.2,1,0.0,0.2
812,2026-04-22T14:23:20.802Z,S20260422_152229,SC01,AUTO,,51.3358,0.0628,start,0,1500,VIDE,0.0,0.0,0.0,0.0,0.0,0.0,0,0,0.0,0.0,0.0,0.0,0.0,0.0,2.0,1.0,0.05,0.8,0.0,0.0,1,0.0,0.2,1,0.0,0.2
813,2026-04-22T14:23:20.863Z,S20260422_152229,SC01,AUTO,,51.3975,0.0617,start,0,1500,VIDE,0.0,0.0,0.0,0.0,0.0,0.0,0,0,0.0,0.0,0.0,0.0,0.0,0.0,2.0,1.0,0.05,0.8,0.0,0.0,1,0.0,0.2,1,0.0,0.2
814,2026-04-22T14:23:20.927Z,S20260422_152229,SC01,AUTO,,51.4605,0.063,start,0,1500,VIDE,0.0,0.0,0.0,0.0,0.0,0.0,0,0,0.0,0.0,0.0,0.0,0.0,0.0,2.0,1.0,0.05,0.8,0.0,0.0,1,0.0,0.2,1,0.0,0.2
815,2026-04-22T14:23:20.989Z,S20260422_152229,SC01,AUTO,,51.5234,0.0629,start,0,1500,VIDE,0.0,0.0,0.0,0.0,0.0,0.0,0,0,0.0,0.0,0.0,0.0,0.0,0.0,2.0,1.0,0.05,0.8,0.0,0.0,1,0.0,0.2,1,0.0,0.2
816,2026-04-22T14:23:21.052Z,S20260422_152229,SC01,AUTO,,51.5855,0.0621,start,0,1500,VIDE,0.0,0.0,0.0,0.0,0.0,0.0,0,0,0.0,0.0,0.0,0.0,0.0,0.0,2.0,1.0,0.05,0.8,0.0,0.0,1,0.0,0.2,1,0.0,0.2
817,2026-04-22T14:23:21.114Z,S20260422_152229,SC01,AUTO,,51.6479,0.0624,start,0,1500,VIDE,0.0,0.0,0.0,0.0,0.0,0.0,0,0,0.0,0.0,0.0,0.0,0.0,0.0,2.0,1.0,0.05,0.8,0.0,0.0,1,0.0,0.2,1,0.0,0.2
818,2026-04-22T14:23:21.191Z,S20260422_152229,SC01,AUTO,,51.7247,0.0768,start,0,1500,VIDE,0.0,0.0,0.0,0.0,0.0,0.0,0,0,0.0,0.0,0.0,0.0,0.0,0.0,2.0,1.0,0.05,0.8,0.0,0.0,1,0.0,0.2,1,0.0,0.2
819,2026-04-22T14:23:21.251Z,S20260422_152229,SC01,AUTO,,51.7847,0.06,start,0,1500,VIDE,0.0,0.0,0.0,0.0,0.0,0.0,0,0,0.0,0.0,0.0,0.0,0.0,0.0,2.0,1.0,0.05,0.8,0.0,0.0,1,0.0,0.2,1,0.0,0.2
820,2026-04-22T14:23:21.311Z,S20260422_152229,SC01,AUTO,,51.8453,0.0607,start,0,1500,VIDE,0.0,0.0,0.0,0.0,0.0,0.0,0,0,0.0,0.0,0.0,0.0,0.0,0.0,2.0,1.0,0.05,0.8,0.0,0.0,1,0.0,0.2,1,0.0,0.2
821,2026-04-22T14:23:21.373Z,S20260422_152229,SC01,AUTO,,51.907,0.0616,start,0,1500,VIDE,0.0,0.0,0.0,0.0,0.0,0.0,0,0,0.0,0.0,0.0,0.0,0.0,0.0,2.0,1.0,0.05,0.8,0.0,0.0,1,0.0,0.2,1,0.0,0.2
822,2026-04-22T14:23:21.435Z,S20260422_152229,SC01,AUTO,,51.9688,0.0618,start,0,1500,VIDE,0.0,0.0,0.0,0.0,0.0,0.0,0,0,0.0,0.0,0.0,0.0,0.0,0.0,2.0,1.0,0.05,0.8,0.0,0.0,1,0.0,0.2,1,0.0,0.2
823,2026-04-22T14:23:21.498Z,S20260422_152229,SC01,AUTO,,52.0316,0.0628,start,0,1500,VIDE,0.0,0.0,0.0,0.0,0.0,0.0,0,0,0.0,0.0,0.0,0.0,0.0,0.0,2.0,1.0,0.05,0.8,0.0,0.0,1,0.0,0.2,1,0.0,0.2
824,2026-04-22T14:23:21.559Z,S20260422_152229,SC01,AUTO,,52.0932,0.0616,start,0,1500,VIDE,0.0,0.0,0.0,0.0,0.0,0.0,0,0,0.0,0.0,0.0,0.0,0.0,0.0,2.0,1.0,0.05,0.8,0.0,0.0,1,0.0,0.2,1,0.0,0.2
825,2026-04-22T14:23:21.622Z,S20260422_152229,SC01,AUTO,,52.1557,0.0625,start,0,1500,VIDE,0.0,0.0,0.0,0.0,0.0,0.0,0,0,0.0,0.0,0.0,0.0,0.0,0.0,2.0,1.0,0.05,0.8,0.0,0.0,1,0.0,0.2,1,0.0,0.2
826,2026-04-22T14:23:21.681Z,S20260422_152229,SC01,AUTO,,52.2154,0.0598,start,0,1500,VIDE,0.0,0.0,0.0,0.0,0.0,0.0,0,0,0.0,0.0,0.0,0.0,0.0,0.0,2.0,1.0,0.05,0.8,0.0,0.0,1,0.0,0.2,1,0.0,0.2
827,2026-04-22T14:23:21.743Z,S20260422_152229,SC01,AUTO,,52.277,0.0616,start,0,1500,VIDE,0.0,0.0,0.0,0.0,0.0,0.0,0,0,0.0,0.0,0.0,0.0,0.0,0.0,2.0,1.0,0.05,0.8,0.0,0.0,1,0.0,0.2,1,0.0,0.2
828,2026-04-22T14:23:21.805Z,S20260422_152229,SC01,AUTO,,52.3391,0.0621,start,0,1500,VIDE,0.0,0.0,0.0,0.0,0.0,0.0,0,0,0.0,0.0,0.0,0.0,0.0,0.0,2.0,1.0,0.05,0.8,0.0,0.0,1,0.0,0.2,1,0.0,0.2
829,2026-04-22T14:23:21.868Z,S20260422_152229,SC01,AUTO,,52.4016,0.0625,start,0,1500,VIDE,0.0,0.0,0.0,0.0,0.0,0.0,0,0,0.0,0.0,0.0,0.0,0.0,0.0,2.0,1.0,0.05,0.8,0.0,0.0,1,0.0,0.2,1,0.0,0.2
830,2026-04-22T14:23:21.929Z,S20260422_152229,SC01,AUTO,,52.463,0.0614,start,0,1500,VIDE,0.0,0.0,0.0,0.0,0.0,0.0,0,0,0.0,0.0,0.0,0.0,0.0,0.0,2.0,1.0,0.05,0.8,0.0,0.0,1,0.0,0.2,1,0.0,0.2
831,2026-04-22T14:23:21.992Z,S20260422_152229,SC01,AUTO,,52.5261,0.0631,start,0,1500,VIDE,0.0,0.0,0.0,0.0,0.0,0.0,0,0,0.0,0.0,0.0,0.0,0.0,0.0,2.0,1.0,0.05,0.8,0.0,0.0,1,0.0,0.2,1,0.0,0.2
832,2026-04-22T14:23:22.055Z,S20260422_152229,SC01,AUTO,,52.5887,0.0626,start,0,1500,VIDE,0.0,0.0,0.0,0.0,0.0,0.0,0,0,0.0,0.0,0.0,0.0,0.0,0.0,2.0,1.0,0.05,0.8,0.0,0.0,1,0.0,0.2,1,0.0,0.2
833,2026-04-22T14:23:22.116Z,S20260422_152229,SC01,AUTO,,52.6502,0.0615,start,0,1500,VIDE,0.0,0.0,0.0,0.0,0.0,0.0,0,0,0.0,0.0,0.0,0.0,0.0,0.0,2.0,1.0,0.05,0.8,0.0,0.0,1,0.0,0.2,1,0.0,0.2
834,2026-04-22T14:23:22.178Z,S20260422_152229,SC01,AUTO,,52.7122,0.0621,start,0,1500,VIDE,0.0,0.0,0.0,0.0,0.0,0.0,0,0,0.0,0.0,0.0,0.0,0.0,0.0,2.0,1.0,0.05,0.8,0.0,0.0,1,0.0,0.2,1,0.0,0.2
835,2026-04-22T14:23:22.240Z,S20260422_152229,SC01,AUTO,,52.7745,0.0622,start,0,1500,VIDE,0.0,0.0,0.0,0.0,0.0,0.0,0,0,0.0,0.0,0.0,0.0,0.0,0.0,2.0,1.0,0.05,0.8,0.0,0.0,1,0.0,0.2,1,0.0,0.2
836,2026-04-22T14:23:22.302Z,S20260422_152229,SC01,AUTO,,52.8358,0.0614,start,0,1500,VIDE,0.0,0.0,0.0,0.0,0.0,0.0,0,0,0.0,0.0,0.0,0.0,0.0,0.0,2.0,1.0,0.05,0.8,0.0,0.0,1,0.0,0.2,1,0.0,0.2
837,2026-04-22T14:23:22.364Z,S20260422_152229,SC01,AUTO,,52.8983,0.0624,start,0,1500,VIDE,0.0,0.0,0.0,0.0,0.0,0.0,0,0,0.0,0.0,0.0,0.0,0.0,0.0,2.0,1.0,0.05,0.8,0.0,0.0,1,0.0,0.2,1,0.0,0.2
838,2026-04-22T14:23:22.426Z,S20260422_152229,SC01,AUTO,,52.9602,0.0619,start,0,1500,VIDE,0.0,0.0,0.0,0.0,0.0,0.0,0,0,0.0,0.0,0.0,0.0,0.0,0.0,2.0,1.0,0.05,0.8,0.0,0.0,1,0.0,0.2,1,0.0,0.2
839,2026-04-22T14:23:22.490Z,S20260422_152229,SC01,AUTO,,53.0243,0.0642,start,0,1500,VIDE,0.0,0.0,0.0,0.0,0.0,0.0,0,0,0.0,0.0,0.0,0.0,0.0,0.0,2.0,1.0,0.05,0.8,0.0,0.0,1,0.0,0.2,1,0.0,0.2
840,2026-04-22T14:23:22.552Z,S20260422_152229,SC01,AUTO,,53.0858,0.0615,start,0,1500,VIDE,0.0,0.0,0.0,0.0,0.0,0.0,0,0,0.0,0.0,0.0,0.0,0.0,0.0,2.0,1.0,0.05,0.8,0.0,0.0,1,0.0,0.2,1,0.0,0.2
841,2026-04-22T14:23:22.615Z,S20260422_152229,SC01,AUTO,,53.1492,0.0635,start,0,1500,VIDE,0.0,0.0,0.0,0.0,0.0,0.0,0,0,0.0,0.0,0.0,0.0,0.0,0.0,2.0,1.0,0.05,0.8,0.0,0.0,1,0.0,0.2,1,0.0,0.2
842,2026-04-22T14:23:22.677Z,S20260422_152229,SC01,AUTO,,53.2115,0.0622,start,0,1500,VIDE,0.0,0.0,0.0,0.0,0.0,0.0,0,0,0.0,0.0,0.0,0.0,0.0,0.0,2.0,1.0,0.05,0.8,0.0,0.0,1,0.0,0.2,1,0.0,0.2
843,2026-04-22T14:23:22.740Z,S20260422_152229,SC01,AUTO,,53.2741,0.0626,start,0,1500,VIDE,0.0,0.0,0.0,0.0,0.0,0.0,0,0,0.0,0.0,0.0,0.0,0.0,0.0,2.0,1.0,0.05,0.8,0.0,0.0,1,0.0,0.2,1,0.0,0.2
844,2026-04-22T14:23:22.816Z,S20260422_152229,SC01,AUTO,,53.3504,0.0763,start,0,1500,VIDE,0.0,0.0,0.0,0.0,0.0,0.0,0,0,0.0,0.0,0.0,0.0,0.0,0.0,2.0,1.0,0.05,0.8,0.0,0.0,1,0.0,0.2,1,0.0,0.2
845,2026-04-22T14:23:22.879Z,S20260422_152229,SC01,AUTO,,53.4126,0.0623,start,0,1500,VIDE,0.0,0.0,0.0,0.0,0.0,0.0,0,0,0.0,0.0,0.0,0.0,0.0,0.0,2.0,1.0,0.05,0.8,0.0,0.0,1,0.0,0.2,1,0.0,0.2
846,2026-04-22T14:23:22.942Z,S20260422_152229,SC01,AUTO,,53.4759,0.0633,start,0,1500,VIDE,0.0,0.0,0.0,0.0,0.0,0.0,0,0,0.0,0.0,0.0,0.0,0.0,0.0,2.0,1.0,0.05,0.8,0.0,0.0,1,0.0,0.2,1,0.0,0.2
847,2026-04-22T14:23:23.018Z,S20260422_152229,SC01,AUTO,,53.5524,0.0765,start,0,1500,VIDE,0.0,0.0,0.0,0.0,0.0,0.0,0,0,0.0,0.0,0.0,0.0,0.0,0.0,2.0,1.0,0.05,0.8,0.0,0.0,1,0.0,0.2,1,0.0,0.2
848,2026-04-22T14:23:23.080Z,S20260422_152229,SC01,AUTO,,53.614,0.0615,start,0,1500,VIDE,0.0,0.0,0.0,0.0,0.0,0.0,0,0,0.0,0.0,0.0,0.0,0.0,0.0,2.0,1.0,0.05,0.8,0.0,0.0,1,0.0,0.2,1,0.0,0.2
849,2026-04-22T14:23:23.143Z,S20260422_152229,SC01,AUTO,,53.6765,0.0625,start,0,1500,VIDE,0.0,0.0,0.0,0.0,0.0,0.0,0,0,0.0,0.0,0.0,0.0,0.0,0.0,2.0,1.0,0.05,0.8,0.0,0.0,1,0.0,0.2,1,0.0,0.2
850,2026-04-22T14:23:23.205Z,S20260422_152229,SC01,AUTO,,53.7387,0.0622,start,0,1500,VIDE,0.0,0.0,0.0,0.0,0.0,0.0,0,0,0.0,0.0,0.0,0.0,0.0,0.0,2.0,1.0,0.05,0.8,0.0,0.0,1,0.0,0.2,1,0.0,0.2
851,2026-04-22T14:23:23.267Z,S20260422_152229,SC01,AUTO,,53.8012,0.0625,start,0,1500,VIDE,0.0,0.0,0.0,0.0,0.0,0.0,0,0,0.0,0.0,0.0,0.0,0.0,0.0,2.0,1.0,0.05,0.8,0.0,0.0,1,0.0,0.2,1,0.0,0.2
852,2026-04-22T14:23:23.331Z,S20260422_152229,SC01,AUTO,,53.8647,0.0636,start,0,1500,VIDE,0.0,0.0,0.0,0.0,0.0,0.0,0,0,0.0,0.0,0.0,0.0,0.0,0.0,2.0,1.0,0.05,0.8,0.0,0.0,1,0.0,0.2,1,0.0,0.2
853,2026-04-22T14:23:23.394Z,S20260422_152229,SC01,AUTO,,53.9281,0.0634,start,0,1500,VIDE,0.0,0.0,0.0,0.0,0.0,0.0,0,0,0.0,0.0,0.0,0.0,0.0,0.0,2.0,1.0,0.05,0.8,0.0,0.0,1,0.0,0.2,1,0.0,0.2
854,2026-04-22T14:23:23.456Z,S20260422_152229,SC01,AUTO,,53.9901,0.062,start,0,1500,VIDE,0.0,0.0,0.0,0.0,0.0,0.0,0,0,0.0,0.0,0.0,0.0,0.0,0.0,2.0,1.0,0.05,0.8,0.0,0.0,1,0.0,0.2,1,0.0,0.2
855,2026-04-22T14:23:23.505Z,S20260422_152229,SC01,AUTO,,54.0389,0.0488,start,0,1500,VIDE,0.0,0.0,0.0,0.0,0.0,0.0,0,0,0.0,0.0,0.0,0.0,0.0,0.0,2.0,1.0,0.05,0.8,0.0,0.0,1,0.0,0.2,1,0.0,0.2
856,2026-04-22T14:23:23.581Z,S20260422_152229,SC01,AUTO,,54.1147,0.0758,start,0,1500,VIDE,0.0,0.0,0.0,0.0,0.0,0.0,0,0,0.0,0.0,0.0,0.0,0.0,0.0,2.0,1.0,0.05,0.8,0.0,0.0,1,0.0,0.2,1,0.0,0.2
857,2026-04-22T14:23:23.643Z,S20260422_152229,SC01,AUTO,,54.177,0.0623,start,0,1500,VIDE,0.0,0.0,0.0,0.0,0.0,0.0,0,0,0.0,0.0,0.0,0.0,0.0,0.0,2.0,1.0,0.05,0.8,0.0,0.0,1,0.0,0.2,1,0.0,0.2
858,2026-04-22T14:23:23.706Z,S20260422_152229,SC01,AUTO,,54.2403,0.0632,start,0,1500,VIDE,0.0,0.0,0.0,0.0,0.0,0.0,0,0,0.0,0.0,0.0,0.0,0.0,0.0,2.0,1.0,0.05,0.8,0.0,0.0,1,0.0,0.2,1,0.0,0.2
859,2026-04-22T14:23:23.768Z,S20260422_152229,SC01,AUTO,,54.3024,0.0622,start,0,1500,VIDE,0.0,0.0,0.0,0.0,0.0,0.0,0,0,0.0,0.0,0.0,0.0,0.0,0.0,2.0,1.0,0.05,0.8,0.0,0.0,1,0.0,0.2,1,0.0,0.2
860,2026-04-22T14:23:23.830Z,S20260422_152229,SC01,AUTO,,54.3638,0.0613,start,0,1500,VIDE,0.0,0.0,0.0,0.0,0.0,0.0,0,0,0.0,0.0,0.0,0.0,0.0,0.0,2.0,1.0,0.05,0.8,0.0,0.0,1,0.0,0.2,1,0.0,0.2
861,2026-04-22T14:23:23.891Z,S20260422_152229,SC01,AUTO,,54.425,0.0613,start,0,1500,VIDE,0.0,0.0,0.0,0.0,0.0,0.0,0,0,0.0,0.0,0.0,0.0,0.0,0.0,2.0,1.0,0.05,0.8,0.0,0.0,1,0.0,0.2,1,0.0,0.2
862,2026-04-22T14:23:23.954Z,S20260422_152229,SC01,AUTO,,54.4876,0.0626,start,0,1500,VIDE,0.0,0.0,0.0,0.0,0.0,0.0,0,0,0.0,0.0,0.0,0.0,0.0,0.0,2.0,1.0,0.05,0.8,0.0,0.0,1,0.0,0.2,1,0.0,0.2
863,2026-04-22T14:23:24.016Z,S20260422_152229,SC01,AUTO,,54.5504,0.0628,start,0,1500,VIDE,0.0,0.0,0.0,0.0,0.0,0.0,0,0,0.0,0.0,0.0,0.0,0.0,0.0,2.0,1.0,0.05,0.8,0.0,0.0,1,0.0,0.2,1,0.0,0.2
864,2026-04-22T14:23:24.078Z,S20260422_152229,SC01,AUTO,,54.6119,0.0616,start,0,1500,VIDE,0.0,0.0,0.0,0.0,0.0,0.0,0,0,0.0,0.0,0.0,0.0,0.0,0.0,2.0,1.0,0.05,0.8,0.0,0.0,1,0.0,0.2,1,0.0,0.2
865,2026-04-22T14:23:24.141Z,S20260422_152229,SC01,AUTO,,54.675,0.063,start,0,1500,VIDE,0.0,0.0,0.0,0.0,0.0,0.0,0,0,0.0,0.0,0.0,0.0,0.0,0.0,2.0,1.0,0.05,0.8,0.0,0.0,1,0.0,0.2,1,0.0,0.2
866,2026-04-22T14:23:24.203Z,S20260422_152229,SC01,AUTO,,54.7369,0.062,start,0,1500,VIDE,0.0,0.0,0.0,0.0,0.0,0.0,0,0,0.0,0.0,0.0,0.0,0.0,0.0,2.0,1.0,0.05,0.8,0.0,0.0,1,0.0,0.2,1,0.0,0.2
867,2026-04-22T14:23:24.265Z,S20260422_152229,SC01,AUTO,,54.7992,0.0623,start,0,1500,VIDE,0.0,0.0,0.0,0.0,0.0,0.0,0,0,0.0,0.0,0.0,0.0,0.0,0.0,2.0,1.0,0.05,0.8,0.0,0.0,1,0.0,0.2,1,0.0,0.2
868,2026-04-22T14:23:24.317Z,S20260422_152229,SC01,AUTO,,54.8508,0.0515,start,0,1500,VIDE,0.0,0.0,0.0,0.0,0.0,0.0,0,0,0.0,0.0,0.0,0.0,0.0,0.0,2.0,1.0,0.05,0.8,0.0,0.0,1,0.0,0.2,1,0.0,0.2
869,2026-04-22T14:23:24.388Z,S20260422_152229,SC01,AUTO,,54.9225,0.0717,start,0,1500,VIDE,0.0,0.0,0.0,0.0,0.0,0.0,0,0,0.0,0.0,0.0,0.0,0.0,0.0,2.0,1.0,0.05,0.8,0.0,0.0,1,0.0,0.2,1,0.0,0.2
870,2026-04-22T14:23:24.449Z,S20260422_152229,SC01,AUTO,,54.9834,0.0609,start,0,1500,VIDE,0.0,0.0,0.0,0.0,0.0,0.0,0,0,0.0,0.0,0.0,0.0,0.0,0.0,2.0,1.0,0.05,0.8,0.0,0.0,1,0.0,0.2,1,0.0,0.2
871,2026-04-22T14:23:24.512Z,S20260422_152229,SC01,AUTO,,55.0457,0.0623,start,0,1500,VIDE,0.0,0.0,0.0,0.0,0.0,0.0,0,0,0.0,0.0,0.0,0.0,0.0,0.0,2.0,1.0,0.05,0.8,0.0,0.0,1,0.0,0.2,1,0.0,0.2
872,2026-04-22T14:23:24.574Z,S20260422_152229,SC01,AUTO,,55.1077,0.062,start,0,1500,VIDE,0.0,0.0,0.0,0.0,0.0,0.0,0,0,0.0,0.0,0.0,0.0,0.0,0.0,2.0,1.0,0.05,0.8,0.0,0.0,1,0.0,0.2,1,0.0,0.2
873,2026-04-22T14:23:24.636Z,S20260422_152229,SC01,AUTO,,55.1699,0.0622,start,0,1500,VIDE,0.0,0.0,0.0,0.0,0.0,0.0,0,0,0.0,0.0,0.0,0.0,0.0,0.0,2.0,1.0,0.05,0.8,0.0,0.0,1,0.0,0.2,1,0.0,0.2
874,2026-04-22T14:23:24.698Z,S20260422_152229,SC01,AUTO,,55.2323,0.0624,start,0,1500,VIDE,0.0,0.0,0.0,0.0,0.0,0.0,0,0,0.0,0.0,0.0,0.0,0.0,0.0,2.0,1.0,0.05,0.8,0.0,0.0,1,0.0,0.2,1,0.0,0.2
875,2026-04-22T14:23:24.761Z,S20260422_152229,SC01,AUTO,,55.2952,0.0629,start,0,1500,VIDE,0.0,0.0,0.0,0.0,0.0,0.0,0,0,0.0,0.0,0.0,0.0,0.0,0.0,2.0,1.0,0.05,0.8,0.0,0.0,1,0.0,0.2,1,0.0,0.2
876,2026-04-22T14:23:24.824Z,S20260422_152229,SC01,AUTO,,55.3577,0.0625,start,0,1500,VIDE,0.0,0.0,0.0,0.0,0.0,0.0,0,0,0.0,0.0,0.0,0.0,0.0,0.0,2.0,1.0,0.05,0.8,0.0,0.0,1,0.0,0.2,1,0.0,0.2
877,2026-04-22T14:23:24.884Z,S20260422_152229,SC01,AUTO,,55.4185,0.0607,start,0,1500,VIDE,0.0,0.0,0.0,0.0,0.0,0.0,0,0,0.0,0.0,0.0,0.0,0.0,0.0,2.0,1.0,0.05,0.8,0.0,0.0,1,0.0,0.2,1,0.0,0.2
878,2026-04-22T14:23:24.946Z,S20260422_152229,SC01,AUTO,,55.4804,0.0619,start,0,1500,VIDE,0.0,0.0,0.0,0.0,0.0,0.0,0,0,0.0,0.0,0.0,0.0,0.0,0.0,2.0,1.0,0.05,0.8,0.0,0.0,1,0.0,0.2,1,0.0,0.2
879,2026-04-22T14:23:25.009Z,S20260422_152229,SC01,AUTO,,55.5434,0.063,start,0,1500,VIDE,0.0,0.0,0.0,0.0,0.0,0.0,0,0,0.0,0.0,0.0,0.0,0.0,0.0,2.0,1.0,0.05,0.8,0.0,0.0,1,0.0,0.2,1,0.0,0.2
880,2026-04-22T14:23:25.072Z,S20260422_152229,SC01,AUTO,,55.6063,0.063,start,0,1500,VIDE,0.0,0.0,0.0,0.0,0.0,0.0,0,0,0.0,0.0,0.0,0.0,0.0,0.0,2.0,1.0,0.05,0.8,0.0,0.0,1,0.0,0.2,1,0.0,0.2
881,2026-04-22T14:23:25.134Z,S20260422_152229,SC01,AUTO,,55.6683,0.0619,start,0,1500,VIDE,0.0,0.0,0.0,0.0,0.0,0.0,0,0,0.0,0.0,0.0,0.0,0.0,0.0,2.0,1.0,0.05,0.8,0.0,0.0,1,0.0,0.2,1,0.0,0.2
882,2026-04-22T14:23:25.196Z,S20260422_152229,SC01,AUTO,,55.7302,0.0619,start,0,1500,VIDE,0.0,0.0,0.0,0.0,0.0,0.0,0,0,0.0,0.0,0.0,0.0,0.0,0.0,2.0,1.0,0.05,0.8,0.0,0.0,1,0.0,0.2,1,0.0,0.2
883,2026-04-22T14:23:25.257Z,S20260422_152229,SC01,AUTO,,55.7908,0.0606,start,0,1500,VIDE,0.0,0.0,0.0,0.0,0.0,0.0,0,0,0.0,0.0,0.0,0.0,0.0,0.0,2.0,1.0,0.05,0.8,0.0,0.0,1,0.0,0.2,1,0.0,0.2
884,2026-04-22T14:23:25.318Z,S20260422_152229,SC01,AUTO,,55.8521,0.0613,start,0,1500,VIDE,0.0,0.0,0.0,0.0,0.0,0.0,0,0,0.0,0.0,0.0,0.0,0.0,0.0,2.0,1.0,0.05,0.8,0.0,0.0,1,0.0,0.2,1,0.0,0.2
885,2026-04-22T14:23:25.380Z,S20260422_152229,SC01,AUTO,,55.9138,0.0617,start,0,1500,VIDE,0.0,0.0,0.0,0.0,0.0,0.0,0,0,0.0,0.0,0.0,0.0,0.0,0.0,2.0,1.0,0.05,0.8,0.0,0.0,1,0.0,0.2,1,0.0,0.2
886,2026-04-22T14:23:25.443Z,S20260422_152229,SC01,AUTO,,55.9766,0.0628,start,0,1500,VIDE,0.0,0.0,0.0,0.0,0.0,0.0,0,0,0.0,0.0,0.0,0.0,0.0,0.0,2.0,1.0,0.05,0.8,0.0,0.0,1,0.0,0.2,1,0.0,0.2
887,2026-04-22T14:23:25.505Z,S20260422_152229,SC01,AUTO,,56.0392,0.0626,start,0,1500,VIDE,0.0,0.0,0.0,0.0,0.0,0.0,0,0,0.0,0.0,0.0,0.0,0.0,0.0,2.0,1.0,0.05,0.8,0.0,0.0,1,0.0,0.2,1,0.0,0.2
888,2026-04-22T14:23:25.581Z,S20260422_152229,SC01,AUTO,,56.115,0.0758,start,0,1500,VIDE,0.0,0.0,0.0,0.0,0.0,0.0,0,0,0.0,0.0,0.0,0.0,0.0,0.0,2.0,1.0,0.05,0.8,0.0,0.0,1,0.0,0.2,1,0.0,0.2
889,2026-04-22T14:23:25.642Z,S20260422_152229,SC01,AUTO,,56.1759,0.061,start,0,1500,VIDE,0.0,0.0,0.0,0.0,0.0,0.0,0,0,0.0,0.0,0.0,0.0,0.0,0.0,2.0,1.0,0.05,0.8,0.0,0.0,1,0.0,0.2,1,0.0,0.2
890,2026-04-22T14:23:25.704Z,S20260422_152229,SC01,AUTO,,56.2379,0.0619,start,0,1500,VIDE,0.0,0.0,0.0,0.0,0.0,0.0,0,0,0.0,0.0,0.0,0.0,0.0,0.0,2.0,1.0,0.05,0.8,0.0,0.0,1,0.0,0.2,1,0.0,0.2
891,2026-04-22T14:23:25.766Z,S20260422_152229,SC01,AUTO,,56.3002,0.0623,start,0,1500,VIDE,0.0,0.0,0.0,0.0,0.0,0.0,0,0,0.0,0.0,0.0,0.0,0.0,0.0,2.0,1.0,0.05,0.8,0.0,0.0,1,0.0,0.2,1,0.0,0.2
892,2026-04-22T14:23:25.828Z,S20260422_152229,SC01,AUTO,,56.3625,0.0623,start,0,1500,VIDE,0.0,0.0,0.0,0.0,0.0,0.0,0,0,0.0,0.0,0.0,0.0,0.0,0.0,2.0,1.0,0.05,0.8,0.0,0.0,1,0.0,0.2,1,0.0,0.2
893,2026-04-22T14:23:25.889Z,S20260422_152229,SC01,AUTO,,56.4235,0.061,start,0,1500,VIDE,0.0,0.0,0.0,0.0,0.0,0.0,0,0,0.0,0.0,0.0,0.0,0.0,0.0,2.0,1.0,0.05,0.8,0.0,0.0,1,0.0,0.2,1,0.0,0.2
894,2026-04-22T14:23:25.952Z,S20260422_152229,SC01,AUTO,,56.4856,0.0621,start,0,1500,VIDE,0.0,0.0,0.0,0.0,0.0,0.0,0,0,0.0,0.0,0.0,0.0,0.0,0.0,2.0,1.0,0.05,0.8,0.0,0.0,1,0.0,0.2,1,0.0,0.2
895,2026-04-22T14:23:26.015Z,S20260422_152229,SC01,AUTO,,56.549,0.0635,start,0,1500,VIDE,0.0,0.0,0.0,0.0,0.0,0.0,0,0,0.0,0.0,0.0,0.0,0.0,0.0,2.0,1.0,0.05,0.8,0.0,0.0,1,0.0,0.2,1,0.0,0.2
896,2026-04-22T14:23:26.078Z,S20260422_152229,SC01,AUTO,,56.6118,0.0627,start,0,1500,VIDE,0.0,0.0,0.0,0.0,0.0,0.0,0,0,0.0,0.0,0.0,0.0,0.0,0.0,2.0,1.0,0.05,0.8,0.0,0.0,1,0.0,0.2,1,0.0,0.2
897,2026-04-22T14:23:26.139Z,S20260422_152229,SC01,AUTO,,56.6733,0.0616,start,0,1500,VIDE,0.0,0.0,0.0,0.0,0.0,0.0,0,0,0.0,0.0,0.0,0.0,0.0,0.0,2.0,1.0,0.05,0.8,0.0,0.0,1,0.0,0.2,1,0.0,0.2
898,2026-04-22T14:23:26.203Z,S20260422_152229,SC01,AUTO,,56.7366,0.0633,start,0,1500,VIDE,0.0,0.0,0.0,0.0,0.0,0.0,0,0,0.0,0.0,0.0,0.0,0.0,0.0,2.0,1.0,0.05,0.8,0.0,0.0,1,0.0,0.2,1,0.0,0.2
899,2026-04-22T14:23:26.265Z,S20260422_152229,SC01,AUTO,,56.7993,0.0627,start,0,1500,VIDE,0.0,0.0,0.0,0.0,0.0,0.0,0,0,0.0,0.0,0.0,0.0,0.0,0.0,2.0,1.0,0.05,0.8,0.0,0.0,1,0.0,0.2,1,0.0,0.2
900,2026-04-22T14:23:26.328Z,S20260422_152229,SC01,AUTO,,56.8619,0.0625,start,0,1500,VIDE,0.0,0.0,0.0,0.0,0.0,0.0,0,0,0.0,0.0,0.0,0.0,0.0,0.0,2.0,1.0,0.05,0.8,0.0,0.0,1,0.0,0.2,1,0.0,0.2
901,2026-04-22T14:23:26.390Z,S20260422_152229,SC01,AUTO,,56.9237,0.0618,start,0,1500,VIDE,0.0,0.0,0.0,0.0,0.0,0.0,0,0,0.0,0.0,0.0,0.0,0.0,0.0,2.0,1.0,0.05,0.8,0.0,0.0,1,0.0,0.2,1,0.0,0.2
902,2026-04-22T14:23:26.451Z,S20260422_152229,SC01,AUTO,,56.985,0.0613,start,0,1500,VIDE,0.0,0.0,0.0,0.0,0.0,0.0,0,0,0.0,0.0,0.0,0.0,0.0,0.0,2.0,1.0,0.05,0.8,0.0,0.0,1,0.0,0.2,1,0.0,0.2
903,2026-04-22T14:23:26.512Z,S20260422_152229,SC01,AUTO,,57.0455,0.0605,start,0,1500,VIDE,0.0,0.0,0.0,0.0,0.0,0.0,0,0,0.0,0.0,0.0,0.0,0.0,0.0,2.0,1.0,0.05,0.8,0.0,0.0,1,0.0,0.2,1,0.0,0.2
904,2026-04-22T14:23:26.573Z,S20260422_152229,SC01,AUTO,,57.1073,0.0618,start,0,1500,VIDE,0.0,0.0,0.0,0.0,0.0,0.0,0,0,0.0,0.0,0.0,0.0,0.0,0.0,2.0,1.0,0.05,0.8,0.0,0.0,1,0.0,0.2,1,0.0,0.2
905,2026-04-22T14:23:26.636Z,S20260422_152229,SC01,AUTO,,57.17,0.0627,start,0,1500,VIDE,0.0,0.0,0.0,0.0,0.0,0.0,0,0,0.0,0.0,0.0,0.0,0.0,0.0,2.0,1.0,0.05,0.8,0.0,0.0,1,0.0,0.2,1,0.0,0.2
906,2026-04-22T14:23:26.697Z,S20260422_152229,SC01,AUTO,,57.231,0.061,start,0,1500,VIDE,0.0,0.0,0.0,0.0,0.0,0.0,0,0,0.0,0.0,0.0,0.0,0.0,0.0,2.0,1.0,0.05,0.8,0.0,0.0,1,0.0,0.2,1,0.0,0.2
907,2026-04-22T14:23:26.760Z,S20260422_152229,SC01,AUTO,,57.2945,0.0635,start,0,1500,VIDE,0.0,0.0,0.0,0.0,0.0,0.0,0,0,0.0,0.0,0.0,0.0,0.0,0.0,2.0,1.0,0.05,0.8,0.0,0.0,1,0.0,0.2,1,0.0,0.2
908,2026-04-22T14:23:26.822Z,S20260422_152229,SC01,AUTO,,57.356,0.0615,start,0,1500,VIDE,0.0,0.0,0.0,0.0,0.0,0.0,0,0,0.0,0.0,0.0,0.0,0.0,0.0,2.0,1.0,0.05,0.8,0.0,0.0,1,0.0,0.2,1,0.0,0.2
909,2026-04-22T14:23:26.884Z,S20260422_152229,SC01,AUTO,,57.4176,0.0617,start,0,1500,VIDE,0.0,0.0,0.0,0.0,0.0,0.0,0,0,0.0,0.0,0.0,0.0,0.0,0.0,2.0,1.0,0.05,0.8,0.0,0.0,1,0.0,0.2,1,0.0,0.2
910,2026-04-22T14:23:26.942Z,S20260422_152229,SC01,AUTO,,57.4763,0.0586,start,0,1500,VIDE,0.0,0.0,0.0,0.0,0.0,0.0,0,0,0.0,0.0,0.0,0.0,0.0,0.0,2.0,1.0,0.05,0.8,0.0,0.0,1,0.0,0.2,1,0.0,0.2
911,2026-04-22T14:23:27.009Z,S20260422_152229,SC01,AUTO,,57.543,0.0667,start,0,1500,VIDE,0.0,0.0,0.0,0.0,0.0,0.0,0,0,0.0,0.0,0.0,0.0,0.0,0.0,2.0,1.0,0.05,0.8,0.0,0.0,1,0.0,0.2,1,0.0,0.2
912,2026-04-22T14:23:27.072Z,S20260422_152229,SC01,AUTO,,57.6058,0.0628,start,0,1500,VIDE,0.0,0.0,0.0,0.0,0.0,0.0,0,0,0.0,0.0,0.0,0.0,0.0,0.0,2.0,1.0,0.05,0.8,0.0,0.0,1,0.0,0.2,1,0.0,0.2
913,2026-04-22T14:23:27.133Z,S20260422_152229,SC01,AUTO,,57.6674,0.0616,start,0,1500,VIDE,0.0,0.0,0.0,0.0,0.0,0.0,0,0,0.0,0.0,0.0,0.0,0.0,0.0,2.0,1.0,0.05,0.8,0.0,0.0,1,0.0,0.2,1,0.0,0.2
914,2026-04-22T14:23:27.196Z,S20260422_152229,SC01,AUTO,,57.7299,0.0625,start,0,1500,VIDE,0.0,0.0,0.0,0.0,0.0,0.0,0,0,0.0,0.0,0.0,0.0,0.0,0.0,2.0,1.0,0.05,0.8,0.0,0.0,1,0.0,0.2,1,0.0,0.2
915,2026-04-22T14:23:27.257Z,S20260422_152229,SC01,AUTO,,57.7907,0.0608,start,0,1500,VIDE,0.0,0.0,0.0,0.0,0.0,0.0,0,0,0.0,0.0,0.0,0.0,0.0,0.0,2.0,1.0,0.05,0.8,0.0,0.0,1,0.0,0.2,1,0.0,0.2
916,2026-04-22T14:23:27.320Z,S20260422_152229,SC01,AUTO,,57.8536,0.0629,start,0,1500,VIDE,0.0,0.0,0.0,0.0,0.0,0.0,0,0,0.0,0.0,0.0,0.0,0.0,0.0,2.0,1.0,0.05,0.8,0.0,0.0,1,0.0,0.2,1,0.0,0.2
917,2026-04-22T14:23:27.382Z,S20260422_152229,SC01,AUTO,,57.9155,0.0619,start,0,1500,VIDE,0.0,0.0,0.0,0.0,0.0,0.0,0,0,0.0,0.0,0.0,0.0,0.0,0.0,2.0,1.0,0.05,0.8,0.0,0.0,1,0.0,0.2,1,0.0,0.2
918,2026-04-22T14:23:27.445Z,S20260422_152229,SC01,AUTO,,57.9786,0.0631,start,0,1500,VIDE,0.0,0.0,0.0,0.0,0.0,0.0,0,0,0.0,0.0,0.0,0.0,0.0,0.0,2.0,1.0,0.05,0.8,0.0,0.0,1,0.0,0.2,1,0.0,0.2
919,2026-04-22T14:23:27.508Z,S20260422_152229,SC01,AUTO,,58.0418,0.0632,start,0,1500,VIDE,0.0,0.0,0.0,0.0,0.0,0.0,0,0,0.0,0.0,0.0,0.0,0.0,0.0,2.0,1.0,0.05,0.8,0.0,0.0,1,0.0,0.2,1,0.0,0.2
920,2026-04-22T14:23:27.568Z,S20260422_152229,SC01,AUTO,,58.1018,0.06,start,0,1500,VIDE,0.0,0.0,0.0,0.0,0.0,0.0,0,0,0.0,0.0,0.0,0.0,0.0,0.0,2.0,1.0,0.05,0.8,0.0,0.0,1,0.0,0.2,1,0.0,0.2
921,2026-04-22T14:23:27.629Z,S20260422_152229,SC01,AUTO,,58.1631,0.0613,start,0,1500,VIDE,0.0,0.0,0.0,0.0,0.0,0.0,0,0,0.0,0.0,0.0,0.0,0.0,0.0,2.0,1.0,0.05,0.8,0.0,0.0,1,0.0,0.2,1,0.0,0.2
922,2026-04-22T14:23:27.693Z,S20260422_152229,SC01,AUTO,,58.2268,0.0637,start,0,1500,VIDE,0.0,0.0,0.0,0.0,0.0,0.0,0,0,0.0,0.0,0.0,0.0,0.0,0.0,2.0,1.0,0.05,0.8,0.0,0.0,1,0.0,0.2,1,0.0,0.2
923,2026-04-22T14:23:27.769Z,S20260422_152229,SC01,AUTO,,58.303,0.0763,start,0,1500,VIDE,0.0,0.0,0.0,0.0,0.0,0.0,0,0,0.0,0.0,0.0,0.0,0.0,0.0,2.0,1.0,0.05,0.8,0.0,0.0,1,0.0,0.2,1,0.0,0.2
924,2026-04-22T14:23:27.831Z,S20260422_152229,SC01,AUTO,,58.3653,0.0623,start,0,1500,VIDE,0.0,0.0,0.0,0.0,0.0,0.0,0,0,0.0,0.0,0.0,0.0,0.0,0.0,2.0,1.0,0.05,0.8,0.0,0.0,1,0.0,0.2,1,0.0,0.2
925,2026-04-22T14:23:27.893Z,S20260422_152229,SC01,AUTO,,58.4275,0.0621,start,0,1500,VIDE,0.0,0.0,0.0,0.0,0.0,0.0,0,0,0.0,0.0,0.0,0.0,0.0,0.0,2.0,1.0,0.05,0.8,0.0,0.0,1,0.0,0.2,1,0.0,0.2
926,2026-04-22T14:23:27.957Z,S20260422_152229,SC01,AUTO,,58.4906,0.0631,start,0,1500,VIDE,0.0,0.0,0.0,0.0,0.0,0.0,0,0,0.0,0.0,0.0,0.0,0.0,0.0,2.0,1.0,0.05,0.8,0.0,0.0,1,0.0,0.2,1,0.0,0.2
927,2026-04-22T14:23:28.005Z,S20260422_152229,SC01,AUTO,,58.5386,0.048,start,0,1500,VIDE,0.0,0.0,0.0,0.0,0.0,0.0,0,0,0.0,0.0,0.0,0.0,0.0,0.0,2.0,1.0,0.05,0.8,0.0,0.0,1,0.0,0.2,1,0.0,0.2
928,2026-04-22T14:23:28.067Z,S20260422_152229,SC01,AUTO,,58.6008,0.0623,start,0,1500,VIDE,0.0,0.0,0.0,0.0,0.0,0.0,0,0,0.0,0.0,0.0,0.0,0.0,0.0,2.0,1.0,0.05,0.8,0.0,0.0,1,0.0,0.2,1,0.0,0.2
929,2026-04-22T14:23:28.130Z,S20260422_152229,SC01,AUTO,,58.6636,0.0627,start,0,1500,VIDE,0.0,0.0,0.0,0.0,0.0,0.0,0,0,0.0,0.0,0.0,0.0,0.0,0.0,2.0,1.0,0.05,0.8,0.0,0.0,1,0.0,0.2,1,0.0,0.2
930,2026-04-22T14:23:28.192Z,S20260422_152229,SC01,AUTO,,58.7258,0.0622,start,0,1500,VIDE,0.0,0.0,0.0,0.0,0.0,0.0,0,0,0.0,0.0,0.0,0.0,0.0,0.0,2.0,1.0,0.05,0.8,0.0,0.0,1,0.0,0.2,1,0.0,0.2
931,2026-04-22T14:23:28.256Z,S20260422_152229,SC01,AUTO,,58.7897,0.0639,start,0,1500,VIDE,0.0,0.0,0.0,0.0,0.0,0.0,0,0,0.0,0.0,0.0,0.0,0.0,0.0,2.0,1.0,0.05,0.8,0.0,0.0,1,0.0,0.2,1,0.0,0.2
932,2026-04-22T14:23:28.319Z,S20260422_152229,SC01,AUTO,,58.8526,0.0629,start,0,1500,VIDE,0.0,0.0,0.0,0.0,0.0,0.0,0,0,0.0,0.0,0.0,0.0,0.0,0.0,2.0,1.0,0.05,0.8,0.0,0.0,1,0.0,0.2,1,0.0,0.2
933,2026-04-22T14:23:28.381Z,S20260422_152229,SC01,AUTO,,58.915,0.0625,start,0,1500,VIDE,0.0,0.0,0.0,0.0,0.0,0.0,0,0,0.0,0.0,0.0,0.0,0.0,0.0,2.0,1.0,0.05,0.8,0.0,0.0,1,0.0,0.2,1,0.0,0.2
934,2026-04-22T14:23:28.442Z,S20260422_152229,SC01,AUTO,,58.9761,0.0611,start,0,1500,VIDE,0.0,0.0,0.0,0.0,0.0,0.0,0,0,0.0,0.0,0.0,0.0,0.0,0.0,2.0,1.0,0.05,0.8,0.0,0.0,1,0.0,0.2,1,0.0,0.2
935,2026-04-22T14:23:28.505Z,S20260422_152229,SC01,AUTO,,59.0393,0.0631,start,0,1500,VIDE,0.0,0.0,0.0,0.0,0.0,0.0,0,0,0.0,0.0,0.0,0.0,0.0,0.0,2.0,1.0,0.05,0.8,0.0,0.0,1,0.0,0.2,1,0.0,0.2
936,2026-04-22T14:23:28.567Z,S20260422_152229,SC01,AUTO,,59.1009,0.0616,start,0,1500,VIDE,0.0,0.0,0.0,0.0,0.0,0.0,0,0,0.0,0.0,0.0,0.0,0.0,0.0,2.0,1.0,0.05,0.8,0.0,0.0,1,0.0,0.2,1,0.0,0.2
937,2026-04-22T14:23:28.629Z,S20260422_152229,SC01,AUTO,,59.1628,0.0619,start,0,1500,VIDE,0.0,0.0,0.0,0.0,0.0,0.0,0,0,0.0,0.0,0.0,0.0,0.0,0.0,2.0,1.0,0.05,0.8,0.0,0.0,1,0.0,0.2,1,0.0,0.2
938,2026-04-22T14:23:28.706Z,S20260422_152229,SC01,AUTO,,59.2403,0.0775,start,0,1500,VIDE,0.0,0.0,0.0,0.0,0.0,0.0,0,0,0.0,0.0,0.0,0.0,0.0,0.0,2.0,1.0,0.05,0.8,0.0,0.0,1,0.0,0.2,1,0.0,0.2
939,2026-04-22T14:23:28.754Z,S20260422_152229,SC01,AUTO,,59.2882,0.0479,start,0,1500,VIDE,0.0,0.0,0.0,0.0,0.0,0.0,0,0,0.0,0.0,0.0,0.0,0.0,0.0,2.0,1.0,0.05,0.8,0.0,0.0,1,0.0,0.2,1,0.0,0.2
940,2026-04-22T14:23:28.816Z,S20260422_152229,SC01,AUTO,,59.3501,0.0619,start,0,1500,VIDE,0.0,0.0,0.0,0.0,0.0,0.0,0,0,0.0,0.0,0.0,0.0,0.0,0.0,2.0,1.0,0.05,0.8,0.0,0.0,1,0.0,0.2,1,0.0,0.2
941,2026-04-22T14:23:28.879Z,S20260422_152229,SC01,AUTO,,59.4134,0.0633,start,0,1500,VIDE,0.0,0.0,0.0,0.0,0.0,0.0,0,0,0.0,0.0,0.0,0.0,0.0,0.0,2.0,1.0,0.05,0.8,0.0,0.0,1,0.0,0.2,1,0.0,0.2
942,2026-04-22T14:23:28.943Z,S20260422_152229,SC01,AUTO,,59.4765,0.0631,start,0,1500,VIDE,0.0,0.0,0.0,0.0,0.0,0.0,0,0,0.0,0.0,0.0,0.0,0.0,0.0,2.0,1.0,0.05,0.8,0.0,0.0,1,0.0,0.2,1,0.0,0.2
943,2026-04-22T14:23:29.004Z,S20260422_152229,SC01,AUTO,,59.5377,0.0612,start,0,1500,VIDE,0.0,0.0,0.0,0.0,0.0,0.0,0,0,0.0,0.0,0.0,0.0,0.0,0.0,2.0,1.0,0.05,0.8,0.0,0.0,1,0.0,0.2,1,0.0,0.2
944,2026-04-22T14:23:29.067Z,S20260422_152229,SC01,AUTO,,59.6006,0.0629,start,0,1500,VIDE,0.0,0.0,0.0,0.0,0.0,0.0,0,0,0.0,0.0,0.0,0.0,0.0,0.0,2.0,1.0,0.05,0.8,0.0,0.0,1,0.0,0.2,1,0.0,0.2
945,2026-04-22T14:23:29.130Z,S20260422_152229,SC01,AUTO,,59.6636,0.063,start,0,1500,VIDE,0.0,0.0,0.0,0.0,0.0,0.0,0,0,0.0,0.0,0.0,0.0,0.0,0.0,2.0,1.0,0.05,0.8,0.0,0.0,1,0.0,0.2,1,0.0,0.2
946,2026-04-22T14:23:29.193Z,S20260422_152229,SC01,AUTO,,59.7272,0.0636,start,0,1500,VIDE,0.0,0.0,0.0,0.0,0.0,0.0,0,0,0.0,0.0,0.0,0.0,0.0,0.0,2.0,1.0,0.05,0.8,0.0,0.0,1,0.0,0.2,1,0.0,0.2
947,2026-04-22T14:23:29.256Z,S20260422_152229,SC01,AUTO,,59.79,0.0628,start,0,1500,VIDE,0.0,0.0,0.0,0.0,0.0,0.0,0,0,0.0,0.0,0.0,0.0,0.0,0.0,2.0,1.0,0.05,0.8,0.0,0.0,1,0.0,0.2,1,0.0,0.2
948,2026-04-22T14:23:29.318Z,S20260422_152229,SC01,AUTO,,59.8517,0.0617,start,0,1500,VIDE,0.0,0.0,0.0,0.0,0.0,0.0,0,0,0.0,0.0,0.0,0.0,0.0,0.0,2.0,1.0,0.05,0.8,0.0,0.0,1,0.0,0.2,1,0.0,0.2
949,2026-04-22T14:23:29.380Z,S20260422_152229,SC01,AUTO,,59.9137,0.062,start,0,1500,VIDE,0.0,0.0,0.0,0.0,0.0,0.0,0,0,0.0,0.0,0.0,0.0,0.0,0.0,2.0,1.0,0.05,0.8,0.0,0.0,1,0.0,0.2,1,0.0,0.2
950,2026-04-22T14:23:29.442Z,S20260422_152229,SC01,AUTO,,59.9763,0.0626,start,0,1500,VIDE,0.0,0.0,0.0,0.0,0.0,0.0,0,0,0.0,0.0,0.0,0.0,0.0,0.0,2.0,1.0,0.05,0.8,0.0,0.0,1,0.0,0.2,1,0.0,0.2
951,2026-04-22T14:23:29.505Z,S20260422_152229,SC01,AUTO,,60.0387,0.0624,start,0,1500,VIDE,0.0,0.0,0.0,0.0,0.0,0.0,0,0,0.0,0.0,0.0,0.0,0.0,0.0,2.0,1.0,0.05,0.8,0.0,0.0,1,0.0,0.2,1,0.0,0.2
952,2026-04-22T14:23:29.580Z,S20260422_152229,SC01,AUTO,,60.1139,0.0752,start,0,1500,VIDE,0.0,0.0,0.0,0.0,0.0,0.0,0,0,0.0,0.0,0.0,0.0,0.0,0.0,2.0,1.0,0.05,0.8,0.0,0.0,1,0.0,0.2,1,0.0,0.2
953,2026-04-22T14:23:29.642Z,S20260422_152229,SC01,AUTO,,60.1757,0.0618,start,0,1500,VIDE,0.0,0.0,0.0,0.0,0.0,0.0,0,0,0.0,0.0,0.0,0.0,0.0,0.0,2.0,1.0,0.05,0.8,0.0,0.0,1,0.0,0.2,1,0.0,0.2
954,2026-04-22T14:23:29.705Z,S20260422_152229,SC01,AUTO,,60.2387,0.063,start,0,1500,VIDE,0.0,0.0,0.0,0.0,0.0,0.0,0,0,0.0,0.0,0.0,0.0,0.0,0.0,2.0,1.0,0.05,0.8,0.0,0.0,1,0.0,0.2,1,0.0,0.2
955,2026-04-22T14:23:29.768Z,S20260422_152229,SC01,AUTO,,60.302,0.0633,start,0,1500,VIDE,0.0,0.0,0.0,0.0,0.0,0.0,0,0,0.0,0.0,0.0,0.0,0.0,0.0,2.0,1.0,0.05,0.8,0.0,0.0,1,0.0,0.2,1,0.0,0.2
956,2026-04-22T14:23:29.817Z,S20260422_152229,SC01,AUTO,,60.351,0.0491,start,0,1500,VIDE,0.0,0.0,0.0,0.0,0.0,0.0,0,0,0.0,0.0,0.0,0.0,0.0,0.0,2.0,1.0,0.05,0.8,0.0,0.0,1,0.0,0.2,1,0.0,0.2
957,2026-04-22T14:23:29.892Z,S20260422_152229,SC01,AUTO,,60.4256,0.0746,start,0,1500,VIDE,0.0,0.0,0.0,0.0,0.0,0.0,0,0,0.0,0.0,0.0,0.0,0.0,0.0,2.0,1.0,0.05,0.8,0.0,0.0,1,0.0,0.2,1,0.0,0.2
958,2026-04-22T14:23:29.953Z,S20260422_152229,SC01,AUTO,,60.4873,0.0616,start,0,1500,VIDE,0.0,0.0,0.0,0.0,0.0,0.0,0,0,0.0,0.0,0.0,0.0,0.0,0.0,2.0,1.0,0.05,0.8,0.0,0.0,1,0.0,0.2,1,0.0,0.2
959,2026-04-22T14:23:30.015Z,S20260422_152229,SC01,AUTO,,60.5492,0.0619,start,0,1500,VIDE,0.0,0.0,0.0,0.0,0.0,0.0,0,0,0.0,0.0,0.0,0.0,0.0,0.0,2.0,1.0,0.05,0.8,0.0,0.0,1,0.0,0.2,1,0.0,0.2
960,2026-04-22T14:23:30.078Z,S20260422_152229,SC01,AUTO,,60.6116,0.0625,start,0,1500,VIDE,0.0,0.0,0.0,0.0,0.0,0.0,0,0,0.0,0.0,0.0,0.0,0.0,0.0,2.0,1.0,0.05,0.8,0.0,0.0,1,0.0,0.2,1,0.0,0.2
961,2026-04-22T14:23:30.140Z,S20260422_152229,SC01,AUTO,,60.6735,0.0619,start,0,1500,VIDE,0.0,0.0,0.0,0.0,0.0,0.0,0,0,0.0,0.0,0.0,0.0,0.0,0.0,2.0,1.0,0.05,0.8,0.0,0.0,1,0.0,0.2,1,0.0,0.2
962,2026-04-22T14:23:30.203Z,S20260422_152229,SC01,AUTO,,60.7375,0.064,start,0,1500,VIDE,0.0,0.0,0.0,0.0,0.0,0.0,0,0,0.0,0.0,0.0,0.0,0.0,0.0,2.0,1.0,0.05,0.8,0.0,0.0,1,0.0,0.2,1,0.0,0.2
963,2026-04-22T14:23:30.266Z,S20260422_152229,SC01,AUTO,,60.8,0.0626,start,0,1500,VIDE,0.0,0.0,0.0,0.0,0.0,0.0,0,0,0.0,0.0,0.0,0.0,0.0,0.0,2.0,1.0,0.05,0.8,0.0,0.0,1,0.0,0.2,1,0.0,0.2
964,2026-04-22T14:23:30.328Z,S20260422_152229,SC01,AUTO,,60.8622,0.0622,start,0,1500,VIDE,0.0,0.0,0.0,0.0,0.0,0.0,0,0,0.0,0.0,0.0,0.0,0.0,0.0,2.0,1.0,0.05,0.8,0.0,0.0,1,0.0,0.2,1,0.0,0.2
965,2026-04-22T14:23:30.392Z,S20260422_152229,SC01,AUTO,,60.9259,0.0637,start,0,1500,VIDE,0.0,0.0,0.0,0.0,0.0,0.0,0,0,0.0,0.0,0.0,0.0,0.0,0.0,2.0,1.0,0.05,0.8,0.0,0.0,1,0.0,0.2,1,0.0,0.2
966,2026-04-22T14:23:30.455Z,S20260422_152229,SC01,AUTO,,60.9889,0.063,start,0,1500,VIDE,0.0,0.0,0.0,0.0,0.0,0.0,0,0,0.0,0.0,0.0,0.0,0.0,0.0,2.0,1.0,0.05,0.8,0.0,0.0,1,0.0,0.2,1,0.0,0.2
967,2026-04-22T14:23:30.518Z,S20260422_152229,SC01,AUTO,,61.0517,0.0628,start,0,1500,VIDE,0.0,0.0,0.0,0.0,0.0,0.0,0,0,0.0,0.0,0.0,0.0,0.0,0.0,2.0,1.0,0.05,0.8,0.0,0.0,1,0.0,0.2,1,0.0,0.2
968,2026-04-22T14:23:30.580Z,S20260422_152229,SC01,AUTO,,61.1135,0.0618,start,0,1500,VIDE,0.0,0.0,0.0,0.0,0.0,0.0,0,0,0.0,0.0,0.0,0.0,0.0,0.0,2.0,1.0,0.05,0.8,0.0,0.0,1,0.0,0.2,1,0.0,0.2
969,2026-04-22T14:23:30.643Z,S20260422_152229,SC01,AUTO,,61.1769,0.0634,start,0,1500,VIDE,0.0,0.0,0.0,0.0,0.0,0.0,0,0,0.0,0.0,0.0,0.0,0.0,0.0,2.0,1.0,0.05,0.8,0.0,0.0,1,0.0,0.2,1,0.0,0.2
970,2026-04-22T14:23:30.706Z,S20260422_152229,SC01,AUTO,,61.2399,0.063,start,0,1500,VIDE,0.0,0.0,0.0,0.0,0.0,0.0,0,0,0.0,0.0,0.0,0.0,0.0,0.0,2.0,1.0,0.05,0.8,0.0,0.0,1,0.0,0.2,1,0.0,0.2
971,2026-04-22T14:23:30.769Z,S20260422_152229,SC01,AUTO,,61.3033,0.0634,start,0,1500,VIDE,0.0,0.0,0.0,0.0,0.0,0.0,0,0,0.0,0.0,0.0,0.0,0.0,0.0,2.0,1.0,0.05,0.8,0.0,0.0,1,0.0,0.2,1,0.0,0.2
972,2026-04-22T14:23:30.816Z,S20260422_152229,SC01,AUTO,,61.3497,0.0464,start,0,1500,VIDE,0.0,0.0,0.0,0.0,0.0,0.0,0,0,0.0,0.0,0.0,0.0,0.0,0.0,2.0,1.0,0.05,0.8,0.0,0.0,1,0.0,0.2,1,0.0,0.2
973,2026-04-22T14:23:30.893Z,S20260422_152229,SC01,AUTO,,61.4267,0.077,start,0,1500,VIDE,0.0,0.0,0.0,0.0,0.0,0.0,0,0,0.0,0.0,0.0,0.0,0.0,0.0,2.0,1.0,0.05,0.8,0.0,0.0,1,0.0,0.2,1,0.0,0.2
974,2026-04-22T14:23:30.954Z,S20260422_152229,SC01,AUTO,,61.4884,0.0617,start,0,1500,VIDE,0.0,0.0,0.0,0.0,0.0,0.0,0,0,0.0,0.0,0.0,0.0,0.0,0.0,2.0,1.0,0.05,0.8,0.0,0.0,1,0.0,0.2,1,0.0,0.2
975,2026-04-22T14:23:31.008Z,S20260422_152229,SC01,AUTO,,61.5425,0.0541,start,0,1500,VIDE,0.0,0.0,0.0,0.0,0.0,0.0,0,0,0.0,0.0,0.0,0.0,0.0,0.0,2.0,1.0,0.05,0.8,0.0,0.0,1,0.0,0.2,1,0.0,0.2
976,2026-04-22T14:23:31.079Z,S20260422_152229,SC01,AUTO,,61.6126,0.0701,start,0,1500,VIDE,0.0,0.0,0.0,0.0,0.0,0.0,0,0,0.0,0.0,0.0,0.0,0.0,0.0,2.0,1.0,0.05,0.8,0.0,0.0,1,0.0,0.2,1,0.0,0.2
977,2026-04-22T14:23:31.141Z,S20260422_152229,SC01,AUTO,,61.6745,0.0619,start,0,1500,VIDE,0.0,0.0,0.0,0.0,0.0,0.0,0,0,0.0,0.0,0.0,0.0,0.0,0.0,2.0,1.0,0.05,0.8,0.0,0.0,1,0.0,0.2,1,0.0,0.2
978,2026-04-22T14:23:31.199Z,S20260422_152229,SC01,AUTO,,61.7331,0.0586,start,0,1500,VIDE,0.0,0.0,0.0,0.0,0.0,0.0,0,0,0.0,0.0,0.0,0.0,0.0,0.0,2.0,1.0,0.05,0.8,0.0,0.0,1,0.0,0.2,1,0.0,0.2
979,2026-04-22T14:23:31.255Z,S20260422_152229,SC01,AUTO,,61.7893,0.0562,start,0,1500,VIDE,0.0,0.0,0.0,0.0,0.0,0.0,0,0,0.0,0.0,0.0,0.0,0.0,0.0,2.0,1.0,0.05,0.8,0.0,0.0,1,0.0,0.2,1,0.0,0.2
980,2026-04-22T14:23:31.320Z,S20260422_152229,SC01,AUTO,,61.8535,0.0642,start,0,1500,VIDE,0.0,0.0,0.0,0.0,0.0,0.0,0,0,0.0,0.0,0.0,0.0,0.0,0.0,2.0,1.0,0.05,0.8,0.0,0.0,1,0.0,0.2,1,0.0,0.2
981,2026-04-22T14:23:31.379Z,S20260422_152229,SC01,AUTO,,61.9132,0.0596,start,0,1500,VIDE,0.0,0.0,0.0,0.0,0.0,0.0,0,0,0.0,0.0,0.0,0.0,0.0,0.0,2.0,1.0,0.05,0.8,0.0,0.0,1,0.0,0.2,1,0.0,0.2
982,2026-04-22T14:23:31.447Z,S20260422_152229,SC01,AUTO,,61.9811,0.0679,start,0,1500,VIDE,0.0,0.0,0.0,0.0,0.0,0.0,0,0,0.0,0.0,0.0,0.0,0.0,0.0,2.0,1.0,0.05,0.8,0.0,0.0,1,0.0,0.2,1,0.0,0.2
983,2026-04-22T14:23:31.512Z,S20260422_152229,SC01,AUTO,,62.0461,0.065,start,0,1500,VIDE,0.0,0.0,0.0,0.0,0.0,0.0,0,0,0.0,0.0,0.0,0.0,0.0,0.0,2.0,1.0,0.05,0.8,0.0,0.0,1,0.0,0.2,1,0.0,0.2
984,2026-04-22T14:23:31.568Z,S20260422_152229,SC01,AUTO,,62.1018,0.0557,start,0,1500,VIDE,0.0,0.0,0.0,0.0,0.0,0.0,0,0,0.0,0.0,0.0,0.0,0.0,0.0,2.0,1.0,0.05,0.8,0.0,0.0,1,0.0,0.2,1,0.0,0.2
985,2026-04-22T14:23:31.640Z,S20260422_152229,SC01,AUTO,,62.1739,0.0721,start,0,1500,VIDE,0.0,0.0,0.0,0.0,0.0,0.0,0,0,0.0,0.0,0.0,0.0,0.0,0.0,2.0,1.0,0.05,0.8,0.0,0.0,1,0.0,0.2,1,0.0,0.2
986,2026-04-22T14:23:31.699Z,S20260422_152229,SC01,AUTO,,62.2332,0.0593,start,0,1500,VIDE,0.0,0.0,0.0,0.0,0.0,0.0,0,0,0.0,0.0,0.0,0.0,0.0,0.0,2.0,1.0,0.05,0.8,0.0,0.0,1,0.0,0.2,1,0.0,0.2
987,2026-04-22T14:23:31.759Z,S20260422_152229,SC01,AUTO,,62.2934,0.0602,start,0,1500,VIDE,0.0,0.0,0.0,0.0,0.0,0.0,0,0,0.0,0.0,0.0,0.0,0.0,0.0,2.0,1.0,0.05,0.8,0.0,0.0,1,0.0,0.2,1,0.0,0.2
988,2026-04-22T14:23:31.821Z,S20260422_152229,SC01,AUTO,,62.3548,0.0613,start,0,1500,VIDE,0.0,0.0,0.0,0.0,0.0,0.0,0,0,0.0,0.0,0.0,0.0,0.0,0.0,2.0,1.0,0.05,0.8,0.0,0.0,1,0.0,0.2,1,0.0,0.2
989,2026-04-22T14:23:31.879Z,S20260422_152229,SC01,AUTO,,62.4132,0.0585,start,0,1500,VIDE,0.0,0.0,0.0,0.0,0.0,0.0,0,0,0.0,0.0,0.0,0.0,0.0,0.0,2.0,1.0,0.05,0.8,0.0,0.0,1,0.0,0.2,1,0.0,0.2
990,2026-04-22T14:23:31.951Z,S20260422_152229,SC01,AUTO,,62.4848,0.0716,start,0,1500,VIDE,0.0,0.0,0.0,0.0,0.0,0.0,0,0,0.0,0.0,0.0,0.0,0.0,0.0,2.0,1.0,0.05,0.8,0.0,0.0,1,0.0,0.2,1,0.0,0.2
