row_id,wall_time_utc,session_id,scenario_id,execution_mode,scenario_time_s,program_time_s,sample_dt_s,phase,scenario_started,vehicle_mass_kg,mass_label,steer_cmd_deg,throttle_cmd,brake_cmd,speed_mps,yaw_rad,yaw_rate_rps,mode_id,fault_flag,rtt_ms,jitter_ms,steer_ref_deg,throttle_ref,brake_ref,speed_ref_mps,tol_steer_deg,tol_throttle,tol_brake,tol_speed_mps,e_speed_actual,e_steer_actual,speed_in_tol
1,2026-04-22T08:34:15.491Z,S20260422_093415,SC01,AUTO,,0.4706,0.4664,start,0,1500,VIDE,0.0,0.0,0.0,0.0,0.0,0.0,0,0,0.0,0.0,0.0,0.0,0.0,0.0,2.0,1.0,0.05,0.8,0.0,0.0,1
2,2026-04-22T08:34:15.521Z,S20260422_093415,SC01,AUTO,,0.501,0.0305,start,0,1500,VIDE,0.0,0.0,0.0,0.0,0.0,0.0,0,0,0.0,0.0,0.0,0.0,0.0,0.0,2.0,1.0,0.05,0.8,0.0,0.0,1
3,2026-04-22T08:34:15.583Z,S20260422_093415,SC01,AUTO,,0.5632,0.0622,start,0,1500,VIDE,0.0,0.0,0.0,0.0,0.0,0.0,0,0,0.0,0.0,0.0,0.0,0.0,0.0,2.0,1.0,0.05,0.8,0.0,0.0,1
4,2026-04-22T08:34:15.646Z,S20260422_093415,SC01,AUTO,,0.6258,0.0626,start,0,1500,VIDE,0.0,0.0,0.0,0.0,0.0,0.0,0,0,0.0,0.0,0.0,0.0,0.0,0.0,2.0,1.0,0.05,0.8,0.0,0.0,1
5,2026-04-22T08:34:15.709Z,S20260422_093415,SC01,AUTO,,0.6886,0.0627,start,0,1500,VIDE,0.0,0.0,0.0,0.0,0.0,0.0,0,0,0.0,0.0,0.0,0.0,0.0,0.0,2.0,1.0,0.05,0.8,0.0,0.0,1
6,2026-04-22T08:34:15.771Z,S20260422_093415,SC01,AUTO,,0.7511,0.0625,start,0,1500,VIDE,0.0,0.0,0.0,0.0,0.0,0.0,0,0,0.0,0.0,0.0,0.0,0.0,0.0,2.0,1.0,0.05,0.8,0.0,0.0,1
7,2026-04-22T08:34:15.832Z,S20260422_093415,SC01,AUTO,,0.8121,0.061,start,0,1500,VIDE,0.0,0.0,0.0,0.0,0.0,0.0,0,0,0.0,0.0,0.0,0.0,0.0,0.0,2.0,1.0,0.05,0.8,0.0,0.0,1
8,2026-04-22T08:34:15.896Z,S20260422_093415,SC01,AUTO,,0.876,0.0639,start,0,1500,VIDE,0.0,0.0,0.0,0.0,0.0,0.0,0,0,0.0,0.0,0.0,0.0,0.0,0.0,2.0,1.0,0.05,0.8,0.0,0.0,1
9,2026-04-22T08:34:15.958Z,S20260422_093415,SC01,AUTO,,0.9377,0.0618,start,0,1500,VIDE,0.0,0.0,0.0,0.0,0.0,0.0,0,0,0.0,0.0,0.0,0.0,0.0,0.0,2.0,1.0,0.05,0.8,0.0,0.0,1
10,2026-04-22T08:34:16.026Z,S20260422_093415,SC01,AUTO,,1.0064,0.0687,start,0,1500,VIDE,0.0,0.0,0.0,0.0,0.0,0.0,0,0,0.0,0.0,0.0,0.0,0.0,0.0,2.0,1.0,0.05,0.8,0.0,0.0,1
11,2026-04-22T08:34:16.083Z,S20260422_093415,SC01,AUTO,,1.0628,0.0564,start,0,1500,VIDE,0.0,0.0,0.0,0.0,0.0,0.0,0,0,0.0,0.0,0.0,0.0,0.0,0.0,2.0,1.0,0.05,0.8,0.0,0.0,1
12,2026-04-22T08:34:16.145Z,S20260422_093415,SC01,AUTO,,1.1246,0.0618,start,0,1500,VIDE,0.0,0.0,0.0,0.0,0.0,0.0,0,0,0.0,0.0,0.0,0.0,0.0,0.0,2.0,1.0,0.05,0.8,0.0,0.0,1
13,2026-04-22T08:34:16.208Z,S20260422_093415,SC01,AUTO,,1.1877,0.0631,start,0,1500,VIDE,0.0,0.0,0.0,0.0,0.0,0.0,0,0,0.0,0.0,0.0,0.0,0.0,0.0,2.0,1.0,0.05,0.8,0.0,0.0,1
14,2026-04-22T08:34:16.270Z,S20260422_093415,SC01,AUTO,,1.2496,0.0619,start,0,1500,VIDE,0.0,0.0,0.0,0.0,0.0,0.0,0,0,0.0,0.0,0.0,0.0,0.0,0.0,2.0,1.0,0.05,0.8,0.0,0.0,1
15,2026-04-22T08:34:16.333Z,S20260422_093415,SC01,AUTO,,1.3126,0.0629,start,0,1500,VIDE,0.0,0.0,0.0,0.0,0.0,0.0,0,0,0.0,0.0,0.0,0.0,0.0,0.0,2.0,1.0,0.05,0.8,0.0,0.0,1
16,2026-04-22T08:34:16.396Z,S20260422_093415,SC01,AUTO,,1.376,0.0635,start,0,1500,VIDE,0.0,0.0,0.0,0.0,0.0,0.0,0,0,0.0,0.0,0.0,0.0,0.0,0.0,2.0,1.0,0.05,0.8,0.0,0.0,1
17,2026-04-22T08:34:16.458Z,S20260422_093415,SC01,AUTO,,1.4376,0.0616,start,0,1500,VIDE,0.0,0.0,0.0,0.0,0.0,0.0,0,0,0.0,0.0,0.0,0.0,0.0,0.0,2.0,1.0,0.05,0.8,0.0,0.0,1
18,2026-04-22T08:34:16.521Z,S20260422_093415,SC01,AUTO,,1.5006,0.063,start,0,1500,VIDE,0.0,0.0,0.0,0.0,0.0,0.0,0,0,0.0,0.0,0.0,0.0,0.0,0.0,2.0,1.0,0.05,0.8,0.0,0.0,1
19,2026-04-22T08:34:16.583Z,S20260422_093415,SC01,AUTO,,1.5629,0.0623,start,0,1500,VIDE,0.0,0.0,0.0,0.0,0.0,0.0,0,0,0.0,0.0,0.0,0.0,0.0,0.0,2.0,1.0,0.05,0.8,0.0,0.0,1
20,2026-04-22T08:34:16.646Z,S20260422_093415,SC01,AUTO,,1.6256,0.0627,start,0,1500,VIDE,0.0,0.0,0.0,0.0,0.0,0.0,0,0,0.0,0.0,0.0,0.0,0.0,0.0,2.0,1.0,0.05,0.8,0.0,0.0,1
21,2026-04-22T08:34:16.709Z,S20260422_093415,SC01,AUTO,,1.6888,0.0632,start,0,1500,VIDE,0.0,0.0,0.0,0.0,0.0,0.0,0,0,0.0,0.0,0.0,0.0,0.0,0.0,2.0,1.0,0.05,0.8,0.0,0.0,1
22,2026-04-22T08:34:16.770Z,S20260422_093415,SC01,AUTO,,1.7496,0.0608,start,0,1500,VIDE,0.0,0.0,0.0,0.0,0.0,0.0,0,0,0.0,0.0,0.0,0.0,0.0,0.0,2.0,1.0,0.05,0.8,0.0,0.0,1
23,2026-04-22T08:34:16.832Z,S20260422_093415,SC01,AUTO,,1.812,0.0624,start,0,1500,VIDE,0.0,0.0,0.0,0.0,0.0,0.0,0,0,0.0,0.0,0.0,0.0,0.0,0.0,2.0,1.0,0.05,0.8,0.0,0.0,1
24,2026-04-22T08:34:16.896Z,S20260422_093415,SC01,AUTO,,1.8763,0.0643,start,0,1500,VIDE,0.0,0.0,0.0,0.0,0.0,0.0,0,0,0.0,0.0,0.0,0.0,0.0,0.0,2.0,1.0,0.05,0.8,0.0,0.0,1
25,2026-04-22T08:34:16.959Z,S20260422_093415,SC01,AUTO,,1.9387,0.0623,start,0,1500,VIDE,0.0,0.0,0.0,0.0,0.0,0.0,0,0,0.0,0.0,0.0,0.0,0.0,0.0,2.0,1.0,0.05,0.8,0.0,0.0,1
26,2026-04-22T08:34:17.022Z,S20260422_093415,SC01,AUTO,,2.002,0.0634,start,0,1500,VIDE,0.0,0.0,0.0,0.0,0.0,0.0,0,0,0.0,0.0,0.0,0.0,0.0,0.0,2.0,1.0,0.05,0.8,0.0,0.0,1
27,2026-04-22T08:34:17.085Z,S20260422_093415,SC01,AUTO,,2.0647,0.0627,start,0,1500,VIDE,0.0,0.0,0.0,0.0,0.0,0.0,0,0,0.0,0.0,0.0,0.0,0.0,0.0,2.0,1.0,0.05,0.8,0.0,0.0,1
28,2026-04-22T08:34:17.147Z,S20260422_093415,SC01,AUTO,,2.1266,0.0619,start,0,1500,VIDE,0.0,0.0,0.0,0.0,0.0,0.0,0,0,0.0,0.0,0.0,0.0,0.0,0.0,2.0,1.0,0.05,0.8,0.0,0.0,1
29,2026-04-22T08:34:17.260Z,S20260422_093415,SC01,AUTO,,2.2397,0.1131,start,0,1500,VIDE,0.0,0.0,0.0,0.0,0.0,0.0,0,0,0.0,0.0,0.0,0.0,0.0,0.0,2.0,1.0,0.05,0.8,0.0,0.0,1
30,2026-04-22T08:34:17.272Z,S20260422_093415,SC01,AUTO,,2.2523,0.0125,start,0,1500,VIDE,0.0,0.0,0.0,0.0,0.0,0.0,0,0,0.0,0.0,0.0,0.0,0.0,0.0,2.0,1.0,0.05,0.8,0.0,0.0,1
31,2026-04-22T08:34:17.332Z,S20260422_093415,SC01,AUTO,,2.3119,0.0597,start,0,1500,VIDE,0.0,0.0,0.0,0.0,0.0,0.0,0,0,0.0,0.0,0.0,0.0,0.0,0.0,2.0,1.0,0.05,0.8,0.0,0.0,1
32,2026-04-22T08:34:17.395Z,S20260422_093415,SC01,AUTO,,2.3746,0.0626,start,0,1500,VIDE,0.0,0.0,0.0,0.0,0.0,0.0,0,0,0.0,0.0,0.0,0.0,0.0,0.0,2.0,1.0,0.05,0.8,0.0,0.0,1
33,2026-04-22T08:34:17.457Z,S20260422_093415,SC01,AUTO,,2.4373,0.0627,start,0,1500,VIDE,0.0,0.0,0.0,0.0,0.0,0.0,0,0,0.0,0.0,0.0,0.0,0.0,0.0,2.0,1.0,0.05,0.8,0.0,0.0,1
34,2026-04-22T08:34:17.519Z,S20260422_093415,SC01,AUTO,,2.4994,0.0621,start,0,1500,VIDE,0.0,0.0,0.0,0.0,0.0,0.0,0,0,0.0,0.0,0.0,0.0,0.0,0.0,2.0,1.0,0.05,0.8,0.0,0.0,1
35,2026-04-22T08:34:17.586Z,S20260422_093415,SC01,AUTO,,2.5657,0.0663,start,0,1500,VIDE,0.0,0.0,0.0,0.0,0.0,0.0,0,0,0.0,0.0,0.0,0.0,0.0,0.0,2.0,1.0,0.05,0.8,0.0,0.0,1
36,2026-04-22T08:34:17.649Z,S20260422_093415,SC01,AUTO,,2.6294,0.0638,start,0,1500,VIDE,0.0,0.0,0.0,0.0,0.0,0.0,0,0,0.0,0.0,0.0,0.0,0.0,0.0,2.0,1.0,0.05,0.8,0.0,0.0,1
37,2026-04-22T08:34:17.712Z,S20260422_093415,SC01,AUTO,,2.6917,0.0623,start,0,1500,VIDE,0.0,0.0,0.0,0.0,0.0,0.0,0,0,0.0,0.0,0.0,0.0,0.0,0.0,2.0,1.0,0.05,0.8,0.0,0.0,1
38,2026-04-22T08:34:17.770Z,S20260422_093415,SC01,AUTO,,2.7496,0.0579,start,0,1500,VIDE,0.0,0.0,0.0,0.0,0.0,0.0,0,0,0.0,0.0,0.0,0.0,0.0,0.0,2.0,1.0,0.05,0.8,0.0,0.0,1
39,2026-04-22T08:34:17.832Z,S20260422_093415,SC01,AUTO,,2.8124,0.0628,start,0,1500,VIDE,0.0,0.0,0.0,0.0,0.0,0.0,0,0,0.0,0.0,0.0,0.0,0.0,0.0,2.0,1.0,0.05,0.8,0.0,0.0,1
40,2026-04-22T08:34:17.898Z,S20260422_093415,SC01,AUTO,,2.8777,0.0653,start,0,1500,VIDE,0.0,0.0,0.0,0.0,0.0,0.0,0,0,0.0,0.0,0.0,0.0,0.0,0.0,2.0,1.0,0.05,0.8,0.0,0.0,1
41,2026-04-22T08:34:17.962Z,S20260422_093415,SC01,AUTO,,2.9419,0.0641,start,0,1500,VIDE,0.0,0.0,0.0,0.0,0.0,0.0,0,0,0.0,0.0,0.0,0.0,0.0,0.0,2.0,1.0,0.05,0.8,0.0,0.0,1
42,2026-04-22T08:34:18.033Z,S20260422_093415,SC01,AUTO,,3.0125,0.0706,start,0,1500,VIDE,0.0,0.0,0.0,0.0,0.0,0.0,0,0,0.0,0.0,0.0,0.0,0.0,0.0,2.0,1.0,0.05,0.8,0.0,0.0,1
43,2026-04-22T08:34:18.082Z,S20260422_093415,SC01,AUTO,,3.0622,0.0497,start,0,1500,VIDE,0.0,0.0,0.0,0.0,0.0,0.0,0,0,0.0,0.0,0.0,0.0,0.0,0.0,2.0,1.0,0.05,0.8,0.0,0.0,1
44,2026-04-22T08:34:18.152Z,S20260422_093415,SC01,AUTO,,3.1319,0.0697,start,0,1500,VIDE,0.0,0.0,0.0,0.0,0.0,0.0,0,0,0.0,0.0,0.0,0.0,0.0,0.0,2.0,1.0,0.05,0.8,0.0,0.0,1
45,2026-04-22T08:34:18.212Z,S20260422_093415,SC01,AUTO,,3.1915,0.0597,start,0,1500,VIDE,0.0,0.0,0.0,0.0,0.0,0.0,0,0,0.0,0.0,0.0,0.0,0.0,0.0,2.0,1.0,0.05,0.8,0.0,0.0,1
46,2026-04-22T08:34:18.272Z,S20260422_093415,SC01,AUTO,,3.2519,0.0604,start,0,1500,VIDE,0.0,0.0,0.0,0.0,0.0,0.0,0,0,0.0,0.0,0.0,0.0,0.0,0.0,2.0,1.0,0.05,0.8,0.0,0.0,1
47,2026-04-22T08:34:18.332Z,S20260422_093415,SC01,AUTO,,3.3117,0.0598,start,0,1500,VIDE,0.0,0.0,0.0,0.0,0.0,0.0,0,0,0.0,0.0,0.0,0.0,0.0,0.0,2.0,1.0,0.05,0.8,0.0,0.0,1
48,2026-04-22T08:34:18.402Z,S20260422_093415,SC01,AUTO,,3.3816,0.0699,start,0,1500,VIDE,0.0,0.0,0.0,0.0,0.0,0.0,0,0,0.0,0.0,0.0,0.0,0.0,0.0,2.0,1.0,0.05,0.8,0.0,0.0,1
49,2026-04-22T08:34:18.458Z,S20260422_093415,SC01,AUTO,,3.4377,0.0561,start,0,1500,VIDE,0.0,0.0,0.0,0.0,0.0,0.0,0,0,0.0,0.0,0.0,0.0,0.0,0.0,2.0,1.0,0.05,0.8,0.0,0.0,1
50,2026-04-22T08:34:18.522Z,S20260422_093415,SC01,AUTO,,3.5016,0.064,start,0,1500,VIDE,0.0,0.0,0.0,0.0,0.0,0.0,0,0,0.0,0.0,0.0,0.0,0.0,0.0,2.0,1.0,0.05,0.8,0.0,0.0,1
51,2026-04-22T08:34:18.586Z,S20260422_093415,SC01,AUTO,,3.5657,0.0641,start,0,1500,VIDE,0.0,0.0,0.0,0.0,0.0,0.0,0,0,0.0,0.0,0.0,0.0,0.0,0.0,2.0,1.0,0.05,0.8,0.0,0.0,1
52,2026-04-22T08:34:18.650Z,S20260422_093415,SC01,AUTO,,3.6296,0.0639,start,0,1500,VIDE,0.0,0.0,0.0,0.0,0.0,0.0,0,0,0.0,0.0,0.0,0.0,0.0,0.0,2.0,1.0,0.05,0.8,0.0,0.0,1
53,2026-04-22T08:34:18.712Z,S20260422_093415,SC01,AUTO,,3.6917,0.0621,start,0,1500,VIDE,0.0,0.0,0.0,0.0,0.0,0.0,0,0,0.0,0.0,0.0,0.0,0.0,0.0,2.0,1.0,0.05,0.8,0.0,0.0,1
54,2026-04-22T08:34:18.770Z,S20260422_093415,SC01,AUTO,,3.7497,0.058,start,0,1500,VIDE,0.0,0.0,0.0,0.0,0.0,0.0,0,0,0.0,0.0,0.0,0.0,0.0,0.0,2.0,1.0,0.05,0.8,0.0,0.0,1
55,2026-04-22T08:34:18.832Z,S20260422_093415,SC01,AUTO,,3.8122,0.0625,start,0,1500,VIDE,0.0,0.0,0.0,0.0,0.0,0.0,0,0,0.0,0.0,0.0,0.0,0.0,0.0,2.0,1.0,0.05,0.8,0.0,0.0,1
56,2026-04-22T08:34:18.898Z,S20260422_093415,SC01,AUTO,,3.878,0.0657,start,0,1500,VIDE,0.0,0.0,0.0,0.0,0.0,0.0,0,0,0.0,0.0,0.0,0.0,0.0,0.0,2.0,1.0,0.05,0.8,0.0,0.0,1
57,2026-04-22T08:34:18.961Z,S20260422_093415,SC01,AUTO,,3.9407,0.0627,start,0,1500,VIDE,0.0,0.0,0.0,0.0,0.0,0.0,0,0,0.0,0.0,0.0,0.0,0.0,0.0,2.0,1.0,0.05,0.8,0.0,0.0,1
58,2026-04-22T08:34:19.027Z,S20260422_093415,SC01,AUTO,,4.007,0.0664,start,0,1500,VIDE,0.0,0.0,0.0,0.0,0.0,0.0,0,0,0.0,0.0,0.0,0.0,0.0,0.0,2.0,1.0,0.05,0.8,0.0,0.0,1
59,2026-04-22T08:34:19.082Z,S20260422_093415,SC01,AUTO,,4.0621,0.0551,start,0,1500,VIDE,0.0,0.0,0.0,0.0,0.0,0.0,0,0,0.0,0.0,0.0,0.0,0.0,0.0,2.0,1.0,0.05,0.8,0.0,0.0,1
60,2026-04-22T08:34:19.146Z,S20260422_093415,SC01,AUTO,,4.126,0.0639,start,0,1500,VIDE,0.0,0.0,0.0,0.0,0.0,0.0,0,0,0.0,0.0,0.0,0.0,0.0,0.0,2.0,1.0,0.05,0.8,0.0,0.0,1
61,2026-04-22T08:34:19.210Z,S20260422_093415,SC01,AUTO,,4.19,0.064,start,0,1500,VIDE,0.0,0.0,0.0,0.0,0.0,0.0,0,0,0.0,0.0,0.0,0.0,0.0,0.0,2.0,1.0,0.05,0.8,0.0,0.0,1
62,2026-04-22T08:34:19.272Z,S20260422_093415,SC01,AUTO,,4.2519,0.062,start,0,1500,VIDE,0.0,0.0,0.0,0.0,0.0,0.0,0,0,0.0,0.0,0.0,0.0,0.0,0.0,2.0,1.0,0.05,0.8,0.0,0.0,1
63,2026-04-22T08:34:19.333Z,S20260422_093415,SC01,AUTO,,4.3127,0.0608,start,0,1500,VIDE,0.0,0.0,0.0,0.0,0.0,0.0,0,0,0.0,0.0,0.0,0.0,0.0,0.0,2.0,1.0,0.05,0.8,0.0,0.0,1
64,2026-04-22T08:34:19.400Z,S20260422_093415,SC01,AUTO,,4.3798,0.067,start,0,1500,VIDE,0.0,0.0,0.0,0.0,0.0,0.0,0,0,0.0,0.0,0.0,0.0,0.0,0.0,2.0,1.0,0.05,0.8,0.0,0.0,1
65,2026-04-22T08:34:19.458Z,S20260422_093415,SC01,AUTO,,4.438,0.0582,start,0,1500,VIDE,0.0,0.0,0.0,0.0,0.0,0.0,0,0,0.0,0.0,0.0,0.0,0.0,0.0,2.0,1.0,0.05,0.8,0.0,0.0,1
66,2026-04-22T08:34:19.522Z,S20260422_093415,SC01,AUTO,,4.5018,0.0638,start,0,1500,VIDE,0.0,0.0,0.0,0.0,0.0,0.0,0,0,0.0,0.0,0.0,0.0,0.0,0.0,2.0,1.0,0.05,0.8,0.0,0.0,1
67,2026-04-22T08:34:19.586Z,S20260422_093415,SC01,AUTO,,4.5661,0.0643,start,0,1500,VIDE,0.0,0.0,0.0,0.0,0.0,0.0,0,0,0.0,0.0,0.0,0.0,0.0,0.0,2.0,1.0,0.05,0.8,0.0,0.0,1
68,2026-04-22T08:34:19.650Z,S20260422_093415,SC01,AUTO,,4.63,0.0639,start,0,1500,VIDE,0.0,0.0,0.0,0.0,0.0,0.0,0,0,0.0,0.0,0.0,0.0,0.0,0.0,2.0,1.0,0.05,0.8,0.0,0.0,1
69,2026-04-22T08:34:19.712Z,S20260422_093415,SC01,AUTO,,4.6918,0.0618,start,0,1500,VIDE,0.0,0.0,0.0,0.0,0.0,0.0,0,0,0.0,0.0,0.0,0.0,0.0,0.0,2.0,1.0,0.05,0.8,0.0,0.0,1
70,2026-04-22T08:34:19.770Z,S20260422_093415,SC01,AUTO,,4.7498,0.058,start,0,1500,VIDE,0.0,0.0,0.0,0.0,0.0,0.0,0,0,0.0,0.0,0.0,0.0,0.0,0.0,2.0,1.0,0.05,0.8,0.0,0.0,1
71,2026-04-22T08:34:19.832Z,S20260422_093415,SC01,AUTO,,4.8119,0.0621,start,0,1500,VIDE,0.0,0.0,0.0,0.0,0.0,0.0,0,0,0.0,0.0,0.0,0.0,0.0,0.0,2.0,1.0,0.05,0.8,0.0,0.0,1
72,2026-04-22T08:34:19.902Z,S20260422_093415,SC01,AUTO,,4.8821,0.0702,start,0,1500,VIDE,0.0,0.0,0.0,0.0,0.0,0.0,0,0,0.0,0.0,0.0,0.0,0.0,0.0,2.0,1.0,0.05,0.8,0.0,0.0,1
73,2026-04-22T08:34:19.962Z,S20260422_093415,SC01,AUTO,,4.9423,0.0602,start,0,1500,VIDE,0.0,0.0,0.0,0.0,0.0,0.0,0,0,0.0,0.0,0.0,0.0,0.0,0.0,2.0,1.0,0.05,0.8,0.0,0.0,1
74,2026-04-22T08:34:20.027Z,S20260422_093415,SC01,AUTO,,5.0066,0.0643,start,0,1500,VIDE,0.0,0.0,0.0,0.0,0.0,0.0,0,0,0.0,0.0,0.0,0.0,0.0,0.0,2.0,1.0,0.05,0.8,0.0,0.0,1
75,2026-04-22T08:34:20.088Z,S20260422_093415,SC01,AUTO,,5.0682,0.0616,start,0,1500,VIDE,0.0,0.0,0.0,0.0,0.0,0.0,0,0,0.0,0.0,0.0,0.0,0.0,0.0,2.0,1.0,0.05,0.8,0.0,0.0,1
76,2026-04-22T08:34:20.150Z,S20260422_093415,SC01,AUTO,,5.1301,0.0618,start,0,1500,VIDE,0.0,0.0,0.0,0.0,0.0,0.0,0,0,0.0,0.0,0.0,0.0,0.0,0.0,2.0,1.0,0.05,0.8,0.0,0.0,1
77,2026-04-22T08:34:20.208Z,S20260422_093415,SC01,AUTO,,5.1876,0.0576,start,0,1500,VIDE,0.0,0.0,0.0,0.0,0.0,0.0,0,0,0.0,0.0,0.0,0.0,0.0,0.0,2.0,1.0,0.05,0.8,0.0,0.0,1
78,2026-04-22T08:34:20.273Z,S20260422_093415,SC01,AUTO,,5.2526,0.0649,start,0,1500,VIDE,0.0,0.0,0.0,0.0,0.0,0.0,0,0,0.0,0.0,0.0,0.0,0.0,0.0,2.0,1.0,0.05,0.8,0.0,0.0,1
79,2026-04-22T08:34:20.332Z,S20260422_093415,SC01,AUTO,,5.3124,0.06,start,0,1500,VIDE,0.0,0.0,0.0,0.0,0.0,0.0,0,0,0.0,0.0,0.0,0.0,0.0,0.0,2.0,1.0,0.05,0.8,0.0,0.0,1
80,2026-04-22T08:34:20.400Z,S20260422_093415,SC01,AUTO,,5.3797,0.0673,start,0,1500,VIDE,0.0,0.0,0.0,0.0,0.0,0.0,0,0,0.0,0.0,0.0,0.0,0.0,0.0,2.0,1.0,0.05,0.8,0.0,0.0,1
81,2026-04-22T08:34:20.463Z,S20260422_093415,SC01,AUTO,,5.4428,0.063,start,0,1500,VIDE,0.0,0.0,0.0,0.0,0.0,0.0,0,0,0.0,0.0,0.0,0.0,0.0,0.0,2.0,1.0,0.05,0.8,0.0,0.0,1
82,2026-04-22T08:34:20.521Z,S20260422_093415,SC01,AUTO,,5.5014,0.0586,start,0,1500,VIDE,0.0,0.0,0.0,0.0,0.0,0.0,0,0,0.0,0.0,0.0,0.0,0.0,0.0,2.0,1.0,0.05,0.8,0.0,0.0,1
83,2026-04-22T08:34:20.586Z,S20260422_093415,SC01,AUTO,,5.5664,0.0651,start,0,1500,VIDE,0.0,0.0,0.0,0.0,0.0,0.0,0,0,0.0,0.0,0.0,0.0,0.0,0.0,2.0,1.0,0.05,0.8,0.0,0.0,1
84,2026-04-22T08:34:20.647Z,S20260422_093415,SC01,AUTO,,5.6273,0.0609,start,0,1500,VIDE,0.0,0.0,0.0,0.0,0.0,0.0,0,0,0.0,0.0,0.0,0.0,0.0,0.0,2.0,1.0,0.05,0.8,0.0,0.0,1
85,2026-04-22T08:34:20.712Z,S20260422_093415,SC01,AUTO,,5.6915,0.0642,start,0,1500,VIDE,0.0,0.0,0.0,0.0,0.0,0.0,0,0,0.0,0.0,0.0,0.0,0.0,0.0,2.0,1.0,0.05,0.8,0.0,0.0,1
86,2026-04-22T08:34:20.772Z,S20260422_093415,SC01,AUTO,,5.7524,0.0608,start,0,1500,VIDE,0.0,0.0,0.0,0.0,0.0,0.0,0,0,0.0,0.0,0.0,0.0,0.0,0.0,2.0,1.0,0.05,0.8,0.0,0.0,1
87,2026-04-22T08:34:20.832Z,S20260422_093415,SC01,AUTO,,5.8121,0.0598,start,0,1500,VIDE,0.0,0.0,0.0,0.0,0.0,0.0,0,0,0.0,0.0,0.0,0.0,0.0,0.0,2.0,1.0,0.05,0.8,0.0,0.0,1
88,2026-04-22T08:34:20.897Z,S20260422_093415,SC01,AUTO,,5.8775,0.0653,start,0,1500,VIDE,0.0,0.0,0.0,0.0,0.0,0.0,0,0,0.0,0.0,0.0,0.0,0.0,0.0,2.0,1.0,0.05,0.8,0.0,0.0,1
89,2026-04-22T08:34:20.960Z,S20260422_093415,SC01,AUTO,,5.9404,0.063,start,0,1500,VIDE,0.0,0.0,0.0,0.0,0.0,0.0,0,0,0.0,0.0,0.0,0.0,0.0,0.0,2.0,1.0,0.05,0.8,0.0,0.0,1
90,2026-04-22T08:34:21.022Z,S20260422_093415,SC01,AUTO,,6.0022,0.0617,start,0,1500,VIDE,0.0,0.0,0.0,0.0,0.0,0.0,0,0,0.0,0.0,0.0,0.0,0.0,0.0,2.0,1.0,0.05,0.8,0.0,0.0,1
91,2026-04-22T08:34:21.083Z,S20260422_093415,SC01,AUTO,,6.0634,0.0612,start,0,1500,VIDE,0.0,0.0,0.0,0.0,0.0,0.0,0,0,0.0,0.0,0.0,0.0,0.0,0.0,2.0,1.0,0.05,0.8,0.0,0.0,1
92,2026-04-22T08:34:21.146Z,S20260422_093415,SC01,AUTO,,6.1255,0.0621,start,0,1500,VIDE,0.0,0.0,0.0,0.0,0.0,0.0,0,0,0.0,0.0,0.0,0.0,0.0,0.0,2.0,1.0,0.05,0.8,0.0,0.0,1
93,2026-04-22T08:34:21.207Z,S20260422_093415,SC01,AUTO,,6.1868,0.0613,start,0,1500,VIDE,0.0,0.0,0.0,0.0,0.0,0.0,0,0,0.0,0.0,0.0,0.0,0.0,0.0,2.0,1.0,0.05,0.8,0.0,0.0,1
94,2026-04-22T08:34:21.271Z,S20260422_093415,SC01,AUTO,,6.2506,0.0638,start,0,1500,VIDE,0.0,0.0,0.0,0.0,0.0,0.0,0,0,0.0,0.0,0.0,0.0,0.0,0.0,2.0,1.0,0.05,0.8,0.0,0.0,1
95,2026-04-22T08:34:21.332Z,S20260422_093415,SC01,AUTO,,6.3124,0.0618,start,0,1500,VIDE,0.0,0.0,0.0,0.0,0.0,0.0,0,0,0.0,0.0,0.0,0.0,0.0,0.0,2.0,1.0,0.05,0.8,0.0,0.0,1
96,2026-04-22T08:34:21.396Z,S20260422_093415,SC01,AUTO,,6.376,0.0636,start,0,1500,VIDE,0.0,0.0,0.0,0.0,0.0,0.0,0,0,0.0,0.0,0.0,0.0,0.0,0.0,2.0,1.0,0.05,0.8,0.0,0.0,1
97,2026-04-22T08:34:21.458Z,S20260422_093415,SC01,AUTO,,6.4378,0.0618,start,0,1500,VIDE,0.0,0.0,0.0,0.0,0.0,0.0,0,0,0.0,0.0,0.0,0.0,0.0,0.0,2.0,1.0,0.05,0.8,0.0,0.0,1
98,2026-04-22T08:34:21.521Z,S20260422_093415,SC01,AUTO,,6.5009,0.063,start,0,1500,VIDE,0.0,0.0,0.0,0.0,0.0,0.0,0,0,0.0,0.0,0.0,0.0,0.0,0.0,2.0,1.0,0.05,0.8,0.0,0.0,1
99,2026-04-22T08:34:21.584Z,S20260422_093415,SC01,AUTO,,6.5636,0.0626,start,0,1500,VIDE,0.0,0.0,0.0,0.0,0.0,0.0,0,0,0.0,0.0,0.0,0.0,0.0,0.0,2.0,1.0,0.05,0.8,0.0,0.0,1
100,2026-04-22T08:34:21.645Z,S20260422_093415,SC01,AUTO,,6.6251,0.0615,start,0,1500,VIDE,0.0,0.0,0.0,0.0,0.0,0.0,0,0,0.0,0.0,0.0,0.0,0.0,0.0,2.0,1.0,0.05,0.8,0.0,0.0,1
101,2026-04-22T08:34:21.708Z,S20260422_093415,SC01,AUTO,,6.688,0.063,start,0,1500,VIDE,0.0,0.0,0.0,0.0,0.0,0.0,0,0,0.0,0.0,0.0,0.0,0.0,0.0,2.0,1.0,0.05,0.8,0.0,0.0,1
102,2026-04-22T08:34:21.772Z,S20260422_093415,SC01,AUTO,,6.7521,0.064,start,0,1500,VIDE,0.0,0.0,0.0,0.0,0.0,0.0,0,0,0.0,0.0,0.0,0.0,0.0,0.0,2.0,1.0,0.05,0.8,0.0,0.0,1
103,2026-04-22T08:34:21.832Z,S20260422_093415,SC01,AUTO,,6.8119,0.0599,start,0,1500,VIDE,0.0,0.0,0.0,0.0,0.0,0.0,0,0,0.0,0.0,0.0,0.0,0.0,0.0,2.0,1.0,0.05,0.8,0.0,0.0,1
104,2026-04-22T08:34:21.895Z,S20260422_093415,SC01,AUTO,,6.8748,0.0629,start,0,1500,VIDE,0.0,0.0,0.0,0.0,0.0,0.0,0,0,0.0,0.0,0.0,0.0,0.0,0.0,2.0,1.0,0.05,0.8,0.0,0.0,1
105,2026-04-22T08:34:21.959Z,S20260422_093415,SC01,AUTO,,6.9391,0.0643,start,0,1500,VIDE,0.0,0.0,0.0,0.0,0.0,0.0,0,0,0.0,0.0,0.0,0.0,0.0,0.0,2.0,1.0,0.05,0.8,0.0,0.0,1
106,2026-04-22T08:34:22.022Z,S20260422_093415,SC01,AUTO,,7.0021,0.0631,start,0,1500,VIDE,0.0,0.0,0.0,0.0,0.0,0.0,0,0,0.0,0.0,0.0,0.0,0.0,0.0,2.0,1.0,0.05,0.8,0.0,0.0,1
107,2026-04-22T08:34:22.085Z,S20260422_093415,SC01,AUTO,,7.0646,0.0625,start,0,1500,VIDE,0.0,0.0,0.0,0.0,0.0,0.0,0,0,0.0,0.0,0.0,0.0,0.0,0.0,2.0,1.0,0.05,0.8,0.0,0.0,1
108,2026-04-22T08:34:22.148Z,S20260422_093415,SC01,AUTO,,7.1278,0.0632,start,0,1500,VIDE,0.0,0.0,0.0,0.0,0.0,0.0,0,0,0.0,0.0,0.0,0.0,0.0,0.0,2.0,1.0,0.05,0.8,0.0,0.0,1
109,2026-04-22T08:34:22.210Z,S20260422_093415,SC01,AUTO,,7.1904,0.0626,start,0,1500,VIDE,0.0,0.0,0.0,0.0,0.0,0.0,0,0,0.0,0.0,0.0,0.0,0.0,0.0,2.0,1.0,0.05,0.8,0.0,0.0,1
110,2026-04-22T08:34:22.272Z,S20260422_093415,SC01,AUTO,,7.2518,0.0614,start,0,1500,VIDE,0.0,0.0,0.0,0.0,0.0,0.0,0,0,0.0,0.0,0.0,0.0,0.0,0.0,2.0,1.0,0.05,0.8,0.0,0.0,1
111,2026-04-22T08:34:22.332Z,S20260422_093415,SC01,AUTO,,7.3118,0.06,start,0,1500,VIDE,0.0,0.0,0.0,0.0,0.0,0.0,0,0,0.0,0.0,0.0,0.0,0.0,0.0,2.0,1.0,0.05,0.8,0.0,0.0,1
112,2026-04-22T08:34:22.395Z,S20260422_093415,SC01,AUTO,,7.3748,0.063,start,0,1500,VIDE,0.0,0.0,0.0,0.0,0.0,0.0,0,0,0.0,0.0,0.0,0.0,0.0,0.0,2.0,1.0,0.05,0.8,0.0,0.0,1
113,2026-04-22T08:34:22.461Z,S20260422_093415,SC01,AUTO,,7.4405,0.0658,start,0,1500,VIDE,0.0,0.0,0.0,0.0,0.0,0.0,0,0,0.0,0.0,0.0,0.0,0.0,0.0,2.0,1.0,0.05,0.8,0.0,0.0,1
114,2026-04-22T08:34:22.519Z,S20260422_093415,SC01,AUTO,,7.4993,0.0588,start,0,1500,VIDE,0.0,0.0,0.0,0.0,0.0,0.0,0,0,0.0,0.0,0.0,0.0,0.0,0.0,2.0,1.0,0.05,0.8,0.0,0.0,1
115,2026-04-22T08:34:22.583Z,S20260422_093415,SC01,AUTO,,7.5631,0.0637,start,0,1500,VIDE,0.0,0.0,0.0,0.0,0.0,0.0,0,0,0.0,0.0,0.0,0.0,0.0,0.0,2.0,1.0,0.05,0.8,0.0,0.0,1
116,2026-04-22T08:34:22.647Z,S20260422_093415,SC01,AUTO,,7.6269,0.0638,start,0,1500,VIDE,0.0,0.0,0.0,0.0,0.0,0.0,0,0,0.0,0.0,0.0,0.0,0.0,0.0,2.0,1.0,0.05,0.8,0.0,0.0,1
117,2026-04-22T08:34:22.708Z,S20260422_093415,SC01,AUTO,,7.688,0.0612,start,0,1500,VIDE,0.0,0.0,0.0,0.0,0.0,0.0,0,0,0.0,0.0,0.0,0.0,0.0,0.0,2.0,1.0,0.05,0.8,0.0,0.0,1
118,2026-04-22T08:34:22.771Z,S20260422_093415,SC01,AUTO,,7.7508,0.0628,start,0,1500,VIDE,0.0,0.0,0.0,0.0,0.0,0.0,0,0,0.0,0.0,0.0,0.0,0.0,0.0,2.0,1.0,0.05,0.8,0.0,0.0,1
119,2026-04-22T08:34:22.832Z,S20260422_093415,SC01,AUTO,,7.8123,0.0616,start,0,1500,VIDE,0.0,0.0,0.0,0.0,0.0,0.0,0,0,0.0,0.0,0.0,0.0,0.0,0.0,2.0,1.0,0.05,0.8,0.0,0.0,1
120,2026-04-22T08:34:22.896Z,S20260422_093415,SC01,AUTO,,7.8759,0.0636,start,0,1500,VIDE,0.0,0.0,0.0,0.0,0.0,0.0,0,0,0.0,0.0,0.0,0.0,0.0,0.0,2.0,1.0,0.05,0.8,0.0,0.0,1
121,2026-04-22T08:34:22.957Z,S20260422_093415,SC01,AUTO,,7.937,0.0611,start,0,1500,VIDE,0.0,0.0,0.0,0.0,0.0,0.0,0,0,0.0,0.0,0.0,0.0,0.0,0.0,2.0,1.0,0.05,0.8,0.0,0.0,1
122,2026-04-22T08:34:23.023Z,S20260422_093415,SC01,AUTO,,8.0029,0.0659,start,0,1500,VIDE,0.0,0.0,0.0,0.0,0.0,0.0,0,0,0.0,0.0,0.0,0.0,0.0,0.0,2.0,1.0,0.05,0.8,0.0,0.0,1
123,2026-04-22T08:34:23.085Z,S20260422_093415,SC01,AUTO,,8.0648,0.0619,start,0,1500,VIDE,0.0,0.0,0.0,0.0,0.0,0.0,0,0,0.0,0.0,0.0,0.0,0.0,0.0,2.0,1.0,0.05,0.8,0.0,0.0,1
124,2026-04-22T08:34:23.147Z,S20260422_093415,SC01,AUTO,,8.1266,0.0618,start,0,1500,VIDE,0.0,0.0,0.0,0.0,0.0,0.0,0,0,0.0,0.0,0.0,0.0,0.0,0.0,2.0,1.0,0.05,0.8,0.0,0.0,1
125,2026-04-22T08:34:23.209Z,S20260422_093415,SC01,AUTO,,8.1889,0.0623,start,0,1500,VIDE,0.0,0.0,0.0,0.0,0.0,0.0,0,0,0.0,0.0,0.0,0.0,0.0,0.0,2.0,1.0,0.05,0.8,0.0,0.0,1
126,2026-04-22T08:34:23.272Z,S20260422_093415,SC01,AUTO,,8.2517,0.0627,start,0,1500,VIDE,0.0,0.0,0.0,0.0,0.0,0.0,0,0,0.0,0.0,0.0,0.0,0.0,0.0,2.0,1.0,0.05,0.8,0.0,0.0,1
127,2026-04-22T08:34:23.332Z,S20260422_093415,SC01,AUTO,,8.3118,0.0602,start,0,1500,VIDE,0.0,0.0,0.0,0.0,0.0,0.0,0,0,0.0,0.0,0.0,0.0,0.0,0.0,2.0,1.0,0.05,0.8,0.0,0.0,1
128,2026-04-22T08:34:23.397Z,S20260422_093415,SC01,AUTO,,8.3772,0.0654,start,0,1500,VIDE,0.0,0.0,0.0,0.0,0.0,0.0,0,0,0.0,0.0,0.0,0.0,0.0,0.0,2.0,1.0,0.05,0.8,0.0,0.0,1
129,2026-04-22T08:34:23.459Z,S20260422_093415,SC01,AUTO,,8.4393,0.0621,start,0,1500,VIDE,0.0,0.0,0.0,0.0,0.0,0.0,0,0,0.0,0.0,0.0,0.0,0.0,0.0,2.0,1.0,0.05,0.8,0.0,0.0,1
130,2026-04-22T08:34:23.522Z,S20260422_093415,SC01,AUTO,,8.5018,0.0625,start,0,1500,VIDE,0.0,0.0,0.0,0.0,0.0,0.0,0,0,0.0,0.0,0.0,0.0,0.0,0.0,2.0,1.0,0.05,0.8,0.0,0.0,1
131,2026-04-22T08:34:23.585Z,S20260422_093415,SC01,AUTO,,8.565,0.0631,start,0,1500,VIDE,0.0,0.0,0.0,0.0,0.0,0.0,0,0,0.0,0.0,0.0,0.0,0.0,0.0,2.0,1.0,0.05,0.8,0.0,0.0,1
132,2026-04-22T08:34:23.647Z,S20260422_093415,SC01,AUTO,,8.6269,0.0619,start,0,1500,VIDE,0.0,0.0,0.0,0.0,0.0,0.0,0,0,0.0,0.0,0.0,0.0,0.0,0.0,2.0,1.0,0.05,0.8,0.0,0.0,1
133,2026-04-22T08:34:23.708Z,S20260422_093415,SC01,AUTO,,8.688,0.0611,start,0,1500,VIDE,0.0,0.0,0.0,0.0,0.0,0.0,0,0,0.0,0.0,0.0,0.0,0.0,0.0,2.0,1.0,0.05,0.8,0.0,0.0,1
134,2026-04-22T08:34:23.770Z,S20260422_093415,SC01,AUTO,,8.75,0.062,start,0,1500,VIDE,0.0,0.0,0.0,0.0,0.0,0.0,0,0,0.0,0.0,0.0,0.0,0.0,0.0,2.0,1.0,0.05,0.8,0.0,0.0,1
135,2026-04-22T08:34:23.832Z,S20260422_093415,SC01,AUTO,,8.8122,0.0622,start,0,1500,VIDE,0.0,0.0,0.0,0.0,0.0,0.0,0,0,0.0,0.0,0.0,0.0,0.0,0.0,2.0,1.0,0.05,0.8,0.0,0.0,1
136,2026-04-22T08:34:23.907Z,S20260422_093415,SC01,AUTO,,8.8874,0.0752,start,0,1500,VIDE,0.0,0.0,0.0,0.0,0.0,0.0,0,0,0.0,0.0,0.0,0.0,0.0,0.0,2.0,1.0,0.05,0.8,0.0,0.0,1
137,2026-04-22T08:34:23.958Z,S20260422_093415,SC01,AUTO,,8.9381,0.0507,start,0,1500,VIDE,0.0,0.0,0.0,0.0,0.0,0.0,0,0,0.0,0.0,0.0,0.0,0.0,0.0,2.0,1.0,0.05,0.8,0.0,0.0,1
138,2026-04-22T08:34:24.022Z,S20260422_093415,SC01,AUTO,,9.002,0.0639,start,0,1500,VIDE,0.0,0.0,0.0,0.0,0.0,0.0,0,0,0.0,0.0,0.0,0.0,0.0,0.0,2.0,1.0,0.05,0.8,0.0,0.0,1
139,2026-04-22T08:34:24.082Z,S20260422_093415,SC01,AUTO,,9.0622,0.0602,start,0,1500,VIDE,0.0,0.0,0.0,0.0,0.0,0.0,0,0,0.0,0.0,0.0,0.0,0.0,0.0,2.0,1.0,0.05,0.8,0.0,0.0,1
140,2026-04-22T08:34:24.145Z,S20260422_093415,SC01,AUTO,,9.1254,0.0632,start,0,1500,VIDE,0.0,0.0,0.0,0.0,0.0,0.0,0,0,0.0,0.0,0.0,0.0,0.0,0.0,2.0,1.0,0.05,0.8,0.0,0.0,1
141,2026-04-22T08:34:24.209Z,S20260422_093415,SC01,AUTO,,9.1886,0.0631,start,0,1500,VIDE,0.0,0.0,0.0,0.0,0.0,0.0,0,0,0.0,0.0,0.0,0.0,0.0,0.0,2.0,1.0,0.05,0.8,0.0,0.0,1
142,2026-04-22T08:34:24.270Z,S20260422_093415,SC01,AUTO,,9.2502,0.0616,start,0,1500,VIDE,0.0,0.0,0.0,0.0,0.0,0.0,0,0,0.0,0.0,0.0,0.0,0.0,0.0,2.0,1.0,0.05,0.8,0.0,0.0,1
143,2026-04-22T08:34:24.333Z,S20260422_093415,SC01,AUTO,,9.313,0.0628,start,0,1500,VIDE,0.0,0.0,0.0,0.0,0.0,0.0,0,0,0.0,0.0,0.0,0.0,0.0,0.0,2.0,1.0,0.05,0.8,0.0,0.0,1
144,2026-04-22T08:34:24.395Z,S20260422_093415,SC01,AUTO,,9.3749,0.0619,start,0,1500,VIDE,0.0,0.0,0.0,0.0,0.0,0.0,0,0,0.0,0.0,0.0,0.0,0.0,0.0,2.0,1.0,0.05,0.8,0.0,0.0,1
145,2026-04-22T08:34:24.458Z,S20260422_093415,SC01,AUTO,,9.4375,0.0626,start,0,1500,VIDE,0.0,0.0,0.0,0.0,0.0,0.0,0,0,0.0,0.0,0.0,0.0,0.0,0.0,2.0,1.0,0.05,0.8,0.0,0.0,1
146,2026-04-22T08:34:24.523Z,S20260422_093415,SC01,AUTO,,9.5026,0.0652,start,0,1500,VIDE,0.0,0.0,0.0,0.0,0.0,0.0,0,0,0.0,0.0,0.0,0.0,0.0,0.0,2.0,1.0,0.05,0.8,0.0,0.0,1
147,2026-04-22T08:34:24.590Z,S20260422_093415,SC01,AUTO,,9.5696,0.0669,start,0,1500,VIDE,0.0,0.0,0.0,0.0,0.0,0.0,0,0,0.0,0.0,0.0,0.0,0.0,0.0,2.0,1.0,0.05,0.8,0.0,0.0,1
148,2026-04-22T08:34:24.652Z,S20260422_093415,SC01,AUTO,,9.632,0.0624,start,0,1500,VIDE,0.0,0.0,0.0,0.0,0.0,0.0,0,0,0.0,0.0,0.0,0.0,0.0,0.0,2.0,1.0,0.05,0.8,0.0,0.0,1
149,2026-04-22T08:34:24.712Z,S20260422_093415,SC01,AUTO,,9.6923,0.0603,start,0,1500,VIDE,0.0,0.0,0.0,0.0,0.0,0.0,0,0,0.0,0.0,0.0,0.0,0.0,0.0,2.0,1.0,0.05,0.8,0.0,0.0,1
150,2026-04-22T08:34:24.772Z,S20260422_093415,SC01,AUTO,,9.7521,0.0598,start,0,1500,VIDE,0.0,0.0,0.0,0.0,0.0,0.0,0,0,0.0,0.0,0.0,0.0,0.0,0.0,2.0,1.0,0.05,0.8,0.0,0.0,1
151,2026-04-22T08:34:24.833Z,S20260422_093415,SC01,AUTO,,9.8125,0.0603,start,0,1500,VIDE,0.0,0.0,0.0,0.0,0.0,0.0,0,0,0.0,0.0,0.0,0.0,0.0,0.0,2.0,1.0,0.05,0.8,0.0,0.0,1
152,2026-04-22T08:34:24.905Z,S20260422_093415,SC01,AUTO,,9.8845,0.0721,start,0,1500,VIDE,0.0,0.0,0.0,0.0,0.0,0.0,0,0,0.0,0.0,0.0,0.0,0.0,0.0,2.0,1.0,0.05,0.8,0.0,0.0,1
153,2026-04-22T08:34:24.970Z,S20260422_093415,SC01,AUTO,,9.95,0.0654,start,0,1500,VIDE,0.0,0.0,0.0,0.0,0.0,0.0,0,0,0.0,0.0,0.0,0.0,0.0,0.0,2.0,1.0,0.05,0.8,0.0,0.0,1
154,2026-04-22T08:34:25.024Z,S20260422_093415,SC01,AUTO,,10.0037,0.0537,start,0,1500,VIDE,0.0,0.0,0.0,0.0,0.0,0.0,0,0,0.0,0.0,0.0,0.0,0.0,0.0,2.0,1.0,0.05,0.8,0.0,0.0,1
155,2026-04-22T08:34:25.092Z,S20260422_093415,SC01,AUTO,,10.0722,0.0685,start,0,1500,VIDE,0.0,0.0,0.0,0.0,0.0,0.0,0,0,0.0,0.0,0.0,0.0,0.0,0.0,2.0,1.0,0.05,0.8,0.0,0.0,1
156,2026-04-22T08:34:25.145Z,S20260422_093415,SC01,AUTO,,10.1253,0.053,start,0,1500,VIDE,0.0,0.0,0.0,0.0,0.0,0.0,0,0,0.0,0.0,0.0,0.0,0.0,0.0,2.0,1.0,0.05,0.8,0.0,0.0,1
157,2026-04-22T08:34:25.208Z,S20260422_093415,SC01,AUTO,,10.188,0.0628,start,0,1500,VIDE,0.0,0.0,0.0,0.0,0.0,0.0,0,0,0.0,0.0,0.0,0.0,0.0,0.0,2.0,1.0,0.05,0.8,0.0,0.0,1
158,2026-04-22T08:34:25.273Z,S20260422_093415,SC01,AUTO,,10.2526,0.0647,start,0,1500,VIDE,0.0,0.0,0.0,0.0,0.0,0.0,0,0,0.0,0.0,0.0,0.0,0.0,0.0,2.0,1.0,0.05,0.8,0.0,0.0,1
159,2026-04-22T08:34:25.333Z,S20260422_093415,SC01,AUTO,,10.313,0.0604,start,0,1500,VIDE,0.0,0.0,0.0,0.0,0.0,0.0,0,0,0.0,0.0,0.0,0.0,0.0,0.0,2.0,1.0,0.05,0.8,0.0,0.0,1
160,2026-04-22T08:34:25.406Z,S20260422_093415,SC01,AUTO,,10.386,0.073,start,0,1500,VIDE,0.0,0.0,0.0,0.0,0.0,0.0,0,0,0.0,0.0,0.0,0.0,0.0,0.0,2.0,1.0,0.05,0.8,0.0,0.0,1
161,2026-04-22T08:34:25.468Z,S20260422_093415,SC01,AUTO,,10.4484,0.0624,start,0,1500,VIDE,0.0,0.0,0.0,0.0,0.0,0.0,0,0,0.0,0.0,0.0,0.0,0.0,0.0,2.0,1.0,0.05,0.8,0.0,0.0,1
162,2026-04-22T08:34:25.525Z,S20260422_093415,SC01,AUTO,,10.5046,0.0562,start,0,1500,VIDE,0.0,0.0,0.0,0.0,0.0,0.0,0,0,0.0,0.0,0.0,0.0,0.0,0.0,2.0,1.0,0.05,0.8,0.0,0.0,1
163,2026-04-22T08:34:25.591Z,S20260422_093415,SC01,AUTO,,10.571,0.0664,start,0,1500,VIDE,0.0,0.0,0.0,0.0,0.0,0.0,0,0,0.0,0.0,0.0,0.0,0.0,0.0,2.0,1.0,0.05,0.8,0.0,0.0,1
164,2026-04-22T08:34:25.650Z,S20260422_093415,SC01,AUTO,,10.6295,0.0585,start,0,1500,VIDE,0.0,0.0,0.0,0.0,0.0,0.0,0,0,0.0,0.0,0.0,0.0,0.0,0.0,2.0,1.0,0.05,0.8,0.0,0.0,1
165,2026-04-22T08:34:25.713Z,S20260422_093415,SC01,AUTO,,10.6931,0.0636,start,0,1500,VIDE,0.0,0.0,0.0,0.0,0.0,0.0,0,0,0.0,0.0,0.0,0.0,0.0,0.0,2.0,1.0,0.05,0.8,0.0,0.0,1
166,2026-04-22T08:34:25.774Z,S20260422_093415,SC01,AUTO,,10.7542,0.0611,start,0,1500,VIDE,0.0,0.0,0.0,0.0,0.0,0.0,0,0,0.0,0.0,0.0,0.0,0.0,0.0,2.0,1.0,0.05,0.8,0.0,0.0,1
167,2026-04-22T08:34:25.833Z,S20260422_093415,SC01,AUTO,,10.8135,0.0593,start,0,1500,VIDE,0.0,0.0,0.0,0.0,0.0,0.0,0,0,0.0,0.0,0.0,0.0,0.0,0.0,2.0,1.0,0.05,0.8,0.0,0.0,1
168,2026-04-22T08:34:25.902Z,S20260422_093415,SC01,AUTO,,10.8822,0.0687,start,0,1500,VIDE,0.0,0.0,0.0,0.0,0.0,0.0,0,0,0.0,0.0,0.0,0.0,0.0,0.0,2.0,1.0,0.05,0.8,0.0,0.0,1
169,2026-04-22T08:34:25.959Z,S20260422_093415,SC01,AUTO,,10.9388,0.0567,start,0,1500,VIDE,0.0,0.0,0.0,0.0,0.0,0.0,0,0,0.0,0.0,0.0,0.0,0.0,0.0,2.0,1.0,0.05,0.8,0.0,0.0,1
170,2026-04-22T08:34:27.008Z,S20260422_093415,SC01,AUTO,,11.9878,1.0489,start,0,1500,VIDE,0.0,0.0,0.0,0.0,0.0,0.0,0,0,0.0,0.0,0.0,0.0,0.0,0.0,2.0,1.0,0.05,0.8,0.0,0.0,1
171,2026-04-22T08:34:27.025Z,S20260422_093415,SC01,AUTO,,12.0051,0.0173,start,0,1500,VIDE,0.0,0.0,0.0,0.0,0.0,0.0,0,0,0.0,0.0,0.0,0.0,0.0,0.0,2.0,1.0,0.05,0.8,0.0,0.0,1
172,2026-04-22T08:34:27.083Z,S20260422_093415,SC01,AUTO,,12.0626,0.0575,start,0,1500,VIDE,0.0,0.0,0.0,0.0,0.0,0.0,0,0,0.0,0.0,0.0,0.0,0.0,0.0,2.0,1.0,0.05,0.8,0.0,0.0,1
173,2026-04-22T08:34:27.146Z,S20260422_093415,SC01,AUTO,,12.1264,0.0638,start,0,1500,VIDE,0.0,0.0,0.0,0.0,0.0,0.0,0,0,0.0,0.0,0.0,0.0,0.0,0.0,2.0,1.0,0.05,0.8,0.0,0.0,1
174,2026-04-22T08:34:27.207Z,S20260422_093415,SC01,AUTO,,12.1872,0.0607,start,0,1500,VIDE,0.0,0.0,0.0,0.0,0.0,0.0,0,0,0.0,0.0,0.0,0.0,0.0,0.0,2.0,1.0,0.05,0.8,0.0,0.0,1
175,2026-04-22T08:34:27.271Z,S20260422_093415,SC01,AUTO,,12.251,0.0638,start,0,1500,VIDE,0.0,0.0,0.0,0.0,0.0,0.0,0,0,0.0,0.0,0.0,0.0,0.0,0.0,2.0,1.0,0.05,0.8,0.0,0.0,1
176,2026-04-22T08:34:27.333Z,S20260422_093415,SC01,AUTO,,12.3125,0.0615,start,0,1500,VIDE,0.0,0.0,0.0,0.0,0.0,0.0,0,0,0.0,0.0,0.0,0.0,0.0,0.0,2.0,1.0,0.05,0.8,0.0,0.0,1
177,2026-04-22T08:34:27.402Z,S20260422_093415,SC01,AUTO,,12.3821,0.0696,start,0,1500,VIDE,0.0,0.0,0.0,0.0,0.0,0.0,0,0,0.0,0.0,0.0,0.0,0.0,0.0,2.0,1.0,0.05,0.8,0.0,0.0,1
178,2026-04-22T08:34:27.458Z,S20260422_093415,SC01,AUTO,,12.4381,0.0561,start,0,1500,VIDE,0.0,0.0,0.0,0.0,0.0,0.0,0,0,0.0,0.0,0.0,0.0,0.0,0.0,2.0,1.0,0.05,0.8,0.0,0.0,1
179,2026-04-22T08:34:27.522Z,S20260422_093415,SC01,AUTO,,12.5017,0.0636,start,0,1500,VIDE,0.0,0.0,0.0,0.0,0.0,0.0,0,0,0.0,0.0,0.0,0.0,0.0,0.0,2.0,1.0,0.05,0.8,0.0,0.0,1
180,2026-04-22T08:34:27.587Z,S20260422_093415,SC01,AUTO,,12.5673,0.0656,start,0,1500,VIDE,0.0,0.0,0.0,0.0,0.0,0.0,0,0,0.0,0.0,0.0,0.0,0.0,0.0,2.0,1.0,0.05,0.8,0.0,0.0,1
181,2026-04-22T08:34:27.646Z,S20260422_093415,SC01,AUTO,,12.6256,0.0583,start,0,1500,VIDE,0.0,0.0,0.0,0.0,0.0,0.0,0,0,0.0,0.0,0.0,0.0,0.0,0.0,2.0,1.0,0.05,0.8,0.0,0.0,1
182,2026-04-22T08:34:27.713Z,S20260422_093415,SC01,AUTO,,12.6925,0.0669,start,0,1500,VIDE,0.0,0.0,0.0,0.0,0.0,0.0,0,0,0.0,0.0,0.0,0.0,0.0,0.0,2.0,1.0,0.05,0.8,0.0,0.0,1
183,2026-04-22T08:34:27.773Z,S20260422_093415,SC01,AUTO,,12.7534,0.0609,start,0,1500,VIDE,0.0,0.0,0.0,0.0,0.0,0.0,0,0,0.0,0.0,0.0,0.0,0.0,0.0,2.0,1.0,0.05,0.8,0.0,0.0,1
184,2026-04-22T08:34:27.833Z,S20260422_093415,SC01,AUTO,,12.8126,0.0593,start,0,1500,VIDE,0.0,0.0,0.0,0.0,0.0,0.0,0,0,0.0,0.0,0.0,0.0,0.0,0.0,2.0,1.0,0.05,0.8,0.0,0.0,1
185,2026-04-22T08:34:27.899Z,S20260422_093415,SC01,AUTO,,12.8794,0.0667,start,0,1500,VIDE,0.0,0.0,0.0,0.0,0.0,0.0,0,0,0.0,0.0,0.0,0.0,0.0,0.0,2.0,1.0,0.05,0.8,0.0,0.0,1
186,2026-04-22T08:34:27.963Z,S20260422_093415,SC01,AUTO,,12.9428,0.0635,start,0,1500,VIDE,0.0,0.0,0.0,0.0,0.0,0.0,0,0,0.0,0.0,0.0,0.0,0.0,0.0,2.0,1.0,0.05,0.8,0.0,0.0,1
187,2026-04-22T08:34:28.025Z,S20260422_093415,SC01,AUTO,,13.0047,0.0619,start,0,1500,VIDE,0.0,0.0,0.0,0.0,0.0,0.0,0,0,0.0,0.0,0.0,0.0,0.0,0.0,2.0,1.0,0.05,0.8,0.0,0.0,1
188,2026-04-22T08:34:28.090Z,S20260422_093415,SC01,AUTO,,13.0696,0.0649,start,0,1500,VIDE,0.0,0.0,0.0,0.0,0.0,0.0,0,0,0.0,0.0,0.0,0.0,0.0,0.0,2.0,1.0,0.05,0.8,0.0,0.0,1
189,2026-04-22T08:34:28.147Z,S20260422_093415,SC01,AUTO,,13.1269,0.0571,start,0,1500,VIDE,0.0,0.0,0.0,0.0,0.0,0.0,0,0,0.0,0.0,0.0,0.0,0.0,0.0,2.0,1.0,0.05,0.8,0.0,0.0,1
190,2026-04-22T08:34:28.212Z,S20260422_093415,SC01,AUTO,,13.1923,0.0656,start,0,1500,VIDE,0.0,0.0,0.0,0.0,0.0,0.0,0,0,0.0,0.0,0.0,0.0,0.0,0.0,2.0,1.0,0.05,0.8,0.0,0.0,1
191,2026-04-22T08:34:28.273Z,S20260422_093415,SC01,AUTO,,13.2532,0.0609,start,0,1500,VIDE,0.0,0.0,0.0,0.0,0.0,0.0,0,0,0.0,0.0,0.0,0.0,0.0,0.0,2.0,1.0,0.05,0.8,0.0,0.0,1
192,2026-04-22T08:34:28.341Z,S20260422_093415,SC01,AUTO,,13.3211,0.068,start,0,1500,VIDE,0.0,0.0,0.0,0.0,0.0,0.0,0,0,0.0,0.0,0.0,0.0,0.0,0.0,2.0,1.0,0.05,0.8,0.0,0.0,1
193,2026-04-22T08:34:28.403Z,S20260422_093415,SC01,AUTO,,13.3828,0.0616,start,0,1500,VIDE,0.0,0.0,0.0,0.0,0.0,0.0,0,0,0.0,0.0,0.0,0.0,0.0,0.0,2.0,1.0,0.05,0.8,0.0,0.0,1
194,2026-04-22T08:34:28.459Z,S20260422_093415,SC01,AUTO,,13.4394,0.0566,start,0,1500,VIDE,0.0,0.0,0.0,0.0,0.0,0.0,0,0,0.0,0.0,0.0,0.0,0.0,0.0,2.0,1.0,0.05,0.8,0.0,0.0,1
195,2026-04-22T08:34:28.527Z,S20260422_093415,SC01,AUTO,,13.5071,0.0677,start,0,1500,VIDE,0.0,0.0,0.0,0.0,0.0,0.0,0,0,0.0,0.0,0.0,0.0,0.0,0.0,2.0,1.0,0.05,0.8,0.0,0.0,1
196,2026-04-22T08:34:28.589Z,S20260422_093415,SC01,AUTO,,13.5694,0.0624,start,0,1500,VIDE,0.0,0.0,0.0,0.0,0.0,0.0,0,0,0.0,0.0,0.0,0.0,0.0,0.0,2.0,1.0,0.05,0.8,0.0,0.0,1
197,2026-04-22T08:34:28.652Z,S20260422_093415,SC01,AUTO,,13.632,0.0626,start,0,1500,VIDE,0.0,0.0,0.0,0.0,0.0,0.0,0,0,0.0,0.0,0.0,0.0,0.0,0.0,2.0,1.0,0.05,0.8,0.0,0.0,1
198,2026-04-22T08:34:28.708Z,S20260422_093415,SC01,AUTO,,13.6883,0.0563,start,0,1500,VIDE,0.0,0.0,0.0,0.0,0.0,0.0,0,0,0.0,0.0,0.0,0.0,0.0,0.0,2.0,1.0,0.05,0.8,0.0,0.0,1
199,2026-04-22T08:34:28.772Z,S20260422_093415,SC01,AUTO,,13.7524,0.0641,start,0,1500,VIDE,0.0,0.0,0.0,0.0,0.0,0.0,0,0,0.0,0.0,0.0,0.0,0.0,0.0,2.0,1.0,0.05,0.8,0.0,0.0,1
200,2026-04-22T08:34:28.833Z,S20260422_093415,SC01,AUTO,,13.8127,0.0604,start,0,1500,VIDE,0.0,0.0,0.0,0.0,0.0,0.0,0,0,0.0,0.0,0.0,0.0,0.0,0.0,2.0,1.0,0.05,0.8,0.0,0.0,1
201,2026-04-22T08:34:28.899Z,S20260422_093415,SC01,AUTO,,13.8793,0.0665,start,0,1500,VIDE,0.0,0.0,0.0,0.0,0.0,0.0,0,0,0.0,0.0,0.0,0.0,0.0,0.0,2.0,1.0,0.05,0.8,0.0,0.0,1
202,2026-04-22T08:34:28.963Z,S20260422_093415,SC01,AUTO,,13.9428,0.0636,start,0,1500,VIDE,0.0,0.0,0.0,0.0,-0.698132,-0.0,1,0,5711.404,0.554,0.0,0.0,0.0,0.0,2.0,1.0,0.05,0.8,0.0,0.0,1
203,2026-04-22T08:34:29.076Z,S20260422_093415,SC01,AUTO,,14.0564,0.1135,start,0,1500,VIDE,0.0,0.0,0.0,0.0,-0.698132,0.0,1,0,5740.602,19.388,0.0,0.0,0.0,0.0,2.0,1.0,0.05,0.8,0.0,0.0,1
204,2026-04-22T08:34:29.084Z,S20260422_093415,SC01,AUTO,,14.0637,0.0074,start,0,1500,VIDE,0.0,0.0,0.0,0.0,-0.698132,0.0,1,0,5740.602,19.388,0.0,0.0,0.0,0.0,2.0,1.0,0.05,0.8,0.0,0.0,1
205,2026-04-22T08:34:29.146Z,S20260422_093415,SC01,AUTO,,14.1262,0.0624,start,0,1500,VIDE,0.0,0.0,0.0,0.0,-0.698132,0.0,1,0,5686.059,18.939,0.0,0.0,0.0,0.0,2.0,1.0,0.05,0.8,0.0,0.0,1
206,2026-04-22T08:34:29.210Z,S20260422_093415,SC01,AUTO,,14.1898,0.0636,start,0,1500,VIDE,0.0,0.0,0.0,0.0,-0.698132,0.0,1,0,5626.19,19.801,0.0,0.0,0.0,0.0,2.0,1.0,0.05,0.8,0.0,0.0,1
207,2026-04-22T08:34:29.273Z,S20260422_093415,SC01,AUTO,,14.2528,0.0631,start,0,1500,VIDE,0.0,0.0,0.0,0.0,-0.698132,0.0,1,0,5571.737,19.158,0.0,0.0,0.0,0.0,2.0,1.0,0.05,0.8,0.0,0.0,1
208,2026-04-22T08:34:29.333Z,S20260422_093415,SC01,AUTO,,14.3129,0.06,start,0,1500,VIDE,0.0,0.0,0.0,0.0,-0.698132,0.0,1,0,5517.858,19.993,0.0,0.0,0.0,0.0,2.0,1.0,0.05,0.8,0.0,0.0,1
209,2026-04-22T08:34:29.398Z,S20260422_093415,SC01,AUTO,,14.3781,0.0652,start,0,1500,VIDE,0.0,0.0,0.0,0.0,-0.698132,0.0,1,0,5503.043,9.626,0.0,0.0,0.0,0.0,2.0,1.0,0.05,0.8,0.0,0.0,1
210,2026-04-22T08:34:29.458Z,S20260422_093415,SC01,AUTO,,14.4375,0.0595,start,0,1500,VIDE,0.0,0.0,0.0,0.0,-0.698132,-0.0,1,0,5437.186,16.761,0.0,0.0,0.0,0.0,2.0,1.0,0.05,0.8,0.0,0.0,1
211,2026-04-22T08:34:29.523Z,S20260422_093415,SC01,AUTO,,14.5031,0.0656,start,0,1500,VIDE,0.0,0.0,0.0,0.0,-0.698132,-0.0,1,0,5389.715,19.909,0.0,0.0,0.0,0.0,2.0,1.0,0.05,0.8,0.0,0.0,1
212,2026-04-22T08:34:29.584Z,S20260422_093415,SC01,AUTO,,14.564,0.0609,start,0,1500,VIDE,0.0,0.0,0.0,0.0,-0.698132,-0.0,1,0,5341.836,17.93,0.0,0.0,0.0,0.0,2.0,1.0,0.05,0.8,0.0,0.0,1
213,2026-04-22T08:34:29.647Z,S20260422_093415,SC01,AUTO,,14.6273,0.0633,start,0,1500,VIDE,0.0,0.0,0.0,0.0,-0.698132,-0.0,1,0,5294.244,17.5,0.0,0.0,0.0,0.0,2.0,1.0,0.05,0.8,0.0,0.0,1
214,2026-04-22T08:34:29.708Z,S20260422_093415,SC01,AUTO,,14.6876,0.0603,start,0,1500,VIDE,0.0,0.0,0.0,0.0,-0.698132,0.0,1,0,5278.883,19.198,0.0,0.0,0.0,0.0,2.0,1.0,0.05,0.8,0.0,0.0,1
215,2026-04-22T08:34:29.771Z,S20260422_093415,SC01,AUTO,,14.7505,0.0629,start,0,1500,VIDE,0.0,0.0,0.0,0.0,-0.698132,0.0,1,0,5224.431,19.46,0.0,0.0,0.0,0.0,2.0,1.0,0.05,0.8,0.0,0.0,1
216,2026-04-22T08:34:29.833Z,S20260422_093415,SC01,AUTO,,14.813,0.0624,start,0,1500,VIDE,0.0,0.0,0.0,0.0,-0.698132,0.0,1,0,5177.001,19.062,0.0,0.0,0.0,0.0,2.0,1.0,0.05,0.8,0.0,0.0,1
217,2026-04-22T08:34:29.899Z,S20260422_093415,SC01,AUTO,,14.8786,0.0656,start,0,1500,VIDE,0.0,0.0,0.0,0.0,-0.698132,0.0,1,0,5126.011,19.434,0.0,0.0,0.0,0.0,2.0,1.0,0.05,0.8,0.0,0.0,1
218,2026-04-22T08:34:29.963Z,S20260422_093415,SC01,AUTO,,14.9425,0.0639,start,0,1500,VIDE,0.0,0.0,0.0,0.0,-0.698132,-0.0,1,0,5104.081,19.853,0.0,0.0,0.0,0.0,2.0,1.0,0.05,0.8,0.0,0.0,1
219,2026-04-22T08:34:30.023Z,S20260422_093415,SC01,AUTO,0.0006,15.0026,0.0601,start,1,1500,VIDE,0.0,0.0,0.0,0.0,-0.698132,-0.0,1,0,5055.164,19.36,0.0,0.0,0.0,0.0,2.0,1.0,0.05,0.8,0.0,0.0,1
220,2026-04-22T08:34:30.090Z,S20260422_093415,SC01,AUTO,0.0677,15.0696,0.0671,start,1,1500,VIDE,0.0,0.0,0.0,0.0,-0.698132,-0.0,1,0,5011.051,18.802,0.0,0.0,0.0,0.0,2.0,1.0,0.05,0.8,0.0,0.0,1
221,2026-04-22T08:34:30.152Z,S20260422_093415,SC01,AUTO,0.13,15.132,0.0623,start,1,1500,VIDE,0.0,0.0,0.0,0.0,-0.698132,-0.0,1,0,4953.172,19.357,0.0,0.0,0.0,0.0,2.0,1.0,0.05,0.8,0.0,0.0,1
222,2026-04-22T08:34:30.209Z,S20260422_093415,SC01,AUTO,0.1873,15.1893,0.0573,start,1,1500,VIDE,0.0,0.0,0.0,0.0,-0.698132,0.0,1,0,4925.479,19.702,0.0,0.0,0.0,0.0,2.0,1.0,0.05,0.8,0.0,0.0,1
223,2026-04-22T08:34:30.272Z,S20260422_093415,SC01,AUTO,0.2498,15.2518,0.0625,start,1,1500,VIDE,0.0,0.0,0.0,0.0,-0.698132,0.0,1,0,4871.964,19.953,0.0,0.0,0.0,0.0,2.0,1.0,0.05,0.8,0.0,0.0,1
224,2026-04-22T08:34:30.332Z,S20260422_093415,SC01,AUTO,0.3104,15.3123,0.0605,start,1,1500,VIDE,0.0,0.0,0.0,0.0,-0.698132,0.0,1,0,4818.183,17.377,0.0,0.0,0.0,0.0,2.0,1.0,0.05,0.8,0.0,0.0,1
225,2026-04-22T08:34:30.395Z,S20260422_093415,SC01,AUTO,0.3734,15.3753,0.063,start,1,1500,VIDE,0.0,0.0,0.0,0.0,-0.698132,0.0,1,0,4761.223,19.446,0.0,0.0,0.0,0.0,2.0,1.0,0.05,0.8,0.0,0.0,1
226,2026-04-22T08:34:30.458Z,S20260422_093415,SC01,AUTO,0.4364,15.4384,0.0631,start,1,1500,VIDE,0.0,0.0,0.0,0.0,-0.698132,0.0,1,0,4706.237,18.845,0.0,0.0,0.0,0.0,2.0,1.0,0.05,0.8,0.0,0.0,1
227,2026-04-22T08:34:30.522Z,S20260422_093415,SC01,AUTO,0.5001,15.502,0.0637,start,1,1500,VIDE,0.0,0.0,0.0,0.0,-0.698132,0.0,1,0,4650.57,18.802,0.0,0.0,0.0,0.0,2.0,1.0,0.05,0.8,0.0,0.0,1
228,2026-04-22T08:34:30.586Z,S20260422_093415,SC01,AUTO,0.5641,15.5661,0.064,start,1,1500,VIDE,0.0,0.0,0.0,0.0,-0.698132,0.0,1,0,4598.761,20.682,0.0,0.0,0.0,0.0,2.0,1.0,0.05,0.8,0.0,0.0,1
229,2026-04-22T08:34:30.650Z,S20260422_093415,SC01,AUTO,0.6283,15.6302,0.0642,start,1,1500,VIDE,0.0,0.0,0.0,0.0,-0.698132,0.0,1,0,3590.974,20.013,0.0,0.0,0.0,0.0,2.0,1.0,0.05,0.8,0.0,0.0,1
230,2026-04-22T08:34:30.707Z,S20260422_093415,SC01,AUTO,0.6853,15.6872,0.057,start,1,1500,VIDE,0.0,0.0,0.0,0.0,-0.698132,-0.0,1,0,3570.173,18.923,0.0,0.0,0.0,0.0,2.0,1.0,0.05,0.8,0.0,0.0,1
231,2026-04-22T08:34:30.773Z,S20260422_093415,SC01,AUTO,0.7505,15.7525,0.0653,start,1,1500,VIDE,0.0,0.0,0.0,0.0,-0.698132,-0.0,1,0,3522.863,16.321,0.0,0.0,0.0,0.0,2.0,1.0,0.05,0.8,0.0,0.0,1
232,2026-04-22T08:34:30.832Z,S20260422_093415,SC01,AUTO,0.8105,15.8124,0.0599,start,1,1500,VIDE,0.0,0.0,0.0,0.0,-0.698132,-0.0,1,0,3475.166,19.426,0.0,0.0,0.0,0.0,2.0,1.0,0.05,0.8,0.0,0.0,1
233,2026-04-22T08:34:30.906Z,S20260422_093415,SC01,AUTO,0.8844,15.8864,0.0739,start,1,1500,VIDE,0.0,0.0,0.0,0.0,-0.698132,-0.0,1,0,3425.383,20.54,0.0,0.0,0.0,0.0,2.0,1.0,0.05,0.8,0.0,0.0,1
234,2026-04-22T08:34:30.959Z,S20260422_093415,SC01,AUTO,0.9373,15.9392,0.0529,start,1,1500,VIDE,0.0,0.0,0.0,0.0,-0.698132,0.0,1,0,3404.314,20.158,0.0,0.0,0.0,0.0,2.0,1.0,0.05,0.8,0.0,0.0,1
235,2026-04-22T08:34:31.030Z,S20260422_093415,SC01,AUTO,1.008,16.0099,0.0707,start,1,1500,VIDE,0.0,0.0,0.0,0.0,-0.698132,0.0,1,0,3350.832,27.428,0.0,0.0,0.0,0.0,2.0,1.0,0.05,0.8,0.0,0.0,1
236,2026-04-22T08:34:31.089Z,S20260422_093415,SC01,AUTO,1.0673,16.0692,0.0593,start,1,1500,VIDE,0.0,0.0,0.0,0.0,-0.698132,0.0,1,0,3305.036,19.964,0.0,0.0,0.0,0.0,2.0,1.0,0.05,0.8,0.0,0.0,1
237,2026-04-22T08:34:31.147Z,S20260422_093415,SC01,AUTO,1.125,16.1269,0.0576,start,1,1500,VIDE,0.0,0.0,0.0,0.0,-0.698132,-0.0,1,0,3282.223,17.63,0.0,0.0,0.0,0.0,2.0,1.0,0.05,0.8,0.0,0.0,1
238,2026-04-22T08:34:31.208Z,S20260422_093415,SC01,AUTO,1.1856,16.1875,0.0606,start,1,1500,VIDE,0.0,0.0,0.0,0.0,-0.698132,-0.0,1,0,2312.391,939.561,0.0,0.0,0.0,0.0,2.0,1.0,0.05,0.8,0.0,0.0,1
239,2026-04-22T08:34:31.273Z,S20260422_093415,SC01,AUTO,1.2506,16.2525,0.065,start,1,1500,VIDE,0.0,0.0,0.0,0.002366,-0.698132,0.0,2,0,2106.977,19.344,0.0,0.0,0.0,0.0,2.0,1.0,0.05,0.8,0.00237,0.0,1
240,2026-04-22T08:34:31.332Z,S20260422_093415,SC01,AUTO,1.3102,16.3121,0.0595,start,1,1500,VIDE,0.0,0.0,0.0,0.009864,-0.698132,0.0,2,0,2056.629,20.396,0.0,0.0,0.0,0.0,2.0,1.0,0.05,0.8,0.00986,0.0,1
241,2026-04-22T08:34:31.402Z,S20260422_093415,SC01,AUTO,1.3801,16.3821,0.07,start,1,1500,VIDE,0.0,0.0,0.0,0.020496,-0.698132,-0.0,2,0,2003.827,18.584,0.0,0.0,0.0,0.0,2.0,1.0,0.05,0.8,0.0205,0.0,1
242,2026-04-22T08:34:31.465Z,S20260422_093415,SC01,AUTO,1.4432,16.4452,0.0631,start,1,1500,VIDE,0.0,0.0,0.0,0.033228,-0.698132,-0.0,2,0,1948.911,19.646,0.0,0.0,0.0,0.0,2.0,1.0,0.05,0.8,0.03323,0.0,1
243,2026-04-22T08:34:31.523Z,S20260422_093415,SC01,AUTO,1.5011,16.5031,0.0579,start,1,1500,VIDE,0.0,0.0,0.0,0.040271,-0.698132,0.0,2,0,1922.269,19.334,0.0,0.0,0.0,0.0,2.0,1.0,0.05,0.8,0.04027,0.0,1
244,2026-04-22T08:34:31.590Z,S20260422_093415,SC01,AUTO,1.5678,16.5698,0.0667,start,1,1500,VIDE,0.0,0.0,0.0,0.055655,-0.698132,0.0,2,0,1870.535,19.519,0.0,0.0,0.0,0.0,2.0,1.0,0.05,0.8,0.05565,0.0,1
245,2026-04-22T08:34:31.652Z,S20260422_093415,SC01,AUTO,1.6302,16.6322,0.0624,start,1,1500,VIDE,0.0,0.0,0.0,0.072683,-0.698132,0.0,2,0,1816.078,18.814,0.0,0.0,0.0,0.0,2.0,1.0,0.05,0.8,0.07268,0.0,1
246,2026-04-22T08:34:31.707Z,S20260422_093415,SC01,AUTO,1.6851,16.687,0.0548,start,1,1500,VIDE,0.0,0.0,0.0,0.091178,-0.698132,0.0,2,0,1759.205,20.124,0.0,0.0,0.0,0.0,2.0,1.0,0.05,0.8,0.09118,0.0,1
247,2026-04-22T08:34:31.771Z,S20260422_093415,SC01,AUTO,1.7487,16.7507,0.0637,start,1,1500,VIDE,0.0,0.0,0.0,0.113148,-0.698132,-0.0,2,0,1685.964,0.392,0.0,0.0,0.0,0.0,2.0,1.0,0.05,0.8,0.11315,0.0,1
248,2026-04-22T08:34:31.832Z,S20260422_093415,SC01,AUTO,1.8103,16.8123,0.0616,start,1,1500,VIDE,0.0,0.0,0.0,0.131632,-0.698132,-0.0,2,0,1651.604,0.361,0.0,0.0,0.0,0.0,2.0,1.0,0.05,0.8,0.13163,0.0,1
249,2026-04-22T08:34:31.898Z,S20260422_093415,SC01,AUTO,1.8763,16.8782,0.0659,start,1,1500,VIDE,0.0,0.0,0.0,0.153153,-0.698132,-0.0,2,0,1595.091,18.561,0.0,0.0,0.0,0.0,2.0,1.0,0.05,0.8,0.15315,0.0,1
250,2026-04-22T08:34:31.962Z,S20260422_093415,SC01,AUTO,1.9397,16.9416,0.0634,start,1,1500,VIDE,0.0,0.0,0.0,0.175299,-0.698132,0.0,2,0,1536.545,19.419,0.0,0.0,0.0,0.0,2.0,1.0,0.05,0.8,0.1753,0.0,1
251,2026-04-22T08:34:32.025Z,S20260422_093415,SC01,AUTO,2.0027,17.0047,0.0631,start,1,1500,VIDE,0.0,0.0,0.0,0.197937,-0.698132,-0.0,2,0,1483.602,20.334,0.0,0.0,0.0,0.0,2.0,1.0,0.05,0.8,0.19794,0.0,1
252,2026-04-22T08:34:32.089Z,S20260422_093415,SC01,AUTO,2.0667,17.0687,0.064,start,1,1500,VIDE,0.0,0.0,0.0,0.22096,-0.698132,-0.0,2,0,1424.585,23.492,0.0,0.0,0.0,0.0,2.0,1.0,0.05,0.8,0.22096,0.0,1
253,2026-04-22T08:34:32.151Z,S20260422_093415,SC01,AUTO,2.1293,17.1312,0.0625,start,1,1500,VIDE,0.0,0.0,0.0,0.244287,-0.698132,-0.0,2,0,1369.646,20.551,0.0,0.0,0.0,0.0,2.0,1.0,0.05,0.8,0.24429,0.0,1
254,2026-04-22T08:34:32.212Z,S20260422_093415,SC01,AUTO,2.1899,17.1918,0.0606,start,1,1500,VIDE,0.0,0.0,0.0,0.26785,-0.698132,-0.0,2,0,1312.245,19.216,0.0,0.0,0.0,0.0,2.0,1.0,0.05,0.8,0.26785,0.0,1
255,2026-04-22T08:34:32.272Z,S20260422_093415,SC01,AUTO,2.2504,17.2523,0.0605,start,1,1500,VIDE,0.0,0.0,0.0,0.2916,-0.698132,0.0,2,0,1257.511,19.807,0.0,0.0,0.0,0.0,2.0,1.0,0.05,0.8,0.2916,0.0,1
256,2026-04-22T08:34:32.332Z,S20260422_093415,SC01,AUTO,2.3103,17.3122,0.06,start,1,1500,VIDE,0.0,0.0,0.0,0.307516,-0.698132,0.0,2,0,1236.589,8.595,0.0,0.0,0.0,0.0,2.0,1.0,0.05,0.8,0.30752,0.0,1
257,2026-04-22T08:34:32.395Z,S20260422_093415,SC01,AUTO,2.3731,17.3751,0.0628,start,1,1500,VIDE,0.0,0.0,0.0,0.327487,-0.698132,-0.0,2,0,1173.093,20.076,0.0,0.0,0.0,0.0,2.0,1.0,0.05,0.8,0.32749,0.0,1
258,2026-04-22T08:34:32.458Z,S20260422_093415,SC01,AUTO,2.4359,17.4378,0.0628,start,1,1500,VIDE,0.0,0.0,0.0,0.351544,-0.698132,-0.0,2,0,1116.596,19.371,0.0,0.0,0.0,0.0,2.0,1.0,0.05,0.8,0.35154,0.0,1
259,2026-04-22T08:34:32.522Z,S20260422_093415,SC01,AUTO,2.5001,17.5021,0.0643,start,1,1500,VIDE,0.0,0.0,0.0,0.37568,-0.698132,-0.0,2,0,1062.816,19.826,0.0,0.0,0.0,0.0,2.0,1.0,0.05,0.8,0.37568,0.0,1
260,2026-04-22T08:34:32.587Z,S20260422_093415,SC01,AUTO,2.5646,17.5666,0.0645,start,1,1500,VIDE,0.0,0.0,0.0,0.399877,-0.698132,-0.0,2,0,1006.952,20.227,0.0,0.0,0.0,0.0,2.0,1.0,0.05,0.8,0.39988,0.0,1
261,2026-04-22T08:34:32.650Z,S20260422_093415,SC01,AUTO,2.6277,17.6297,0.0631,start,1,1500,VIDE,0.0,0.0,0.0,0.424123,-0.698132,0.0,2,0,952.88,18.453,0.0,0.0,0.0,0.0,2.0,1.0,0.05,0.8,0.42412,0.0,1
262,2026-04-22T08:34:32.707Z,S20260422_093415,SC01,AUTO,2.6852,17.6871,0.0574,start,1,1500,VIDE,0.0,0.0,0.0,0.448406,-0.698132,0.0,2,0,899.195,14.86,0.0,0.0,0.0,0.0,2.0,1.0,0.05,0.8,0.44841,0.0,1
263,2026-04-22T08:34:32.772Z,S20260422_093415,SC01,AUTO,2.7499,17.7518,0.0647,start,1,1500,VIDE,0.0,0.0,0.0,0.472719,-0.698132,-0.0,2,0,844.915,19.572,0.0,0.0,0.0,0.0,2.0,1.0,0.05,0.8,0.47272,0.0,1
264,2026-04-22T08:34:32.832Z,S20260422_093415,SC01,AUTO,2.8104,17.8123,0.0605,start,1,1500,VIDE,0.0,0.0,0.0,0.497055,-0.698132,-0.0,2,0,787.603,19.146,0.0,0.0,0.0,0.0,2.0,1.0,0.05,0.8,0.49705,0.0,1
265,2026-04-22T08:34:32.900Z,S20260422_093415,SC01,AUTO,2.8784,17.8803,0.068,start,1,1500,VIDE,0.0,0.0,0.0,0.521408,-0.698132,-0.0,2,0,730.267,19.15,0.0,0.0,0.0,0.0,2.0,1.0,0.05,0.8,0.52141,0.0,1
266,2026-04-22T08:34:32.962Z,S20260422_093415,SC01,AUTO,2.9399,17.9418,0.0616,start,1,1500,VIDE,0.0,0.0,0.0,0.545775,-0.698132,0.0,2,0,675.934,19.803,0.0,0.0,0.0,0.0,2.0,1.0,0.05,0.8,0.54577,0.0,1
267,2026-04-22T08:34:33.022Z,S20260422_093415,SC01,AUTO,3.0001,18.002,0.0602,start,1,1500,VIDE,0.0,0.0,0.0,0.570152,-0.698132,0.0,2,0,620.405,19.942,0.0,0.0,0.0,0.0,2.0,1.0,0.05,0.8,0.57015,0.0,1
268,2026-04-22T08:34:33.082Z,S20260422_093415,SC01,AUTO,3.0601,18.062,0.06,start,1,1500,VIDE,0.0,0.0,0.0,0.594538,-0.698132,0.0,2,0,565.027,18.72,0.0,0.0,0.0,0.0,2.0,1.0,0.05,0.8,0.59454,0.0,1
269,2026-04-22T08:34:33.146Z,S20260422_093415,SC01,AUTO,3.1244,18.1263,0.0643,start,1,1500,VIDE,0.0,0.0,0.0,0.61893,-0.698132,0.0,2,0,511.769,19.833,0.0,0.0,0.0,0.0,2.0,1.0,0.05,0.8,0.61893,0.0,1
270,2026-04-22T08:34:33.208Z,S20260422_093415,SC01,AUTO,3.1858,18.1877,0.0614,start,1,1500,VIDE,0.0,0.0,0.0,0.635193,-0.698132,0.0,2,0,494.241,6.634,0.0,0.0,0.0,0.0,2.0,1.0,0.05,0.8,0.63519,0.0,1
271,2026-04-22T08:34:33.273Z,S20260422_093415,SC01,AUTO,3.2509,18.2528,0.0651,start,1,1500,VIDE,0.0,0.0,0.0,0.655525,-0.698132,-0.0,2,0,431.68,19.392,0.0,0.0,0.0,0.0,2.0,1.0,0.05,0.8,0.65553,0.0,1
272,2026-04-22T08:34:33.333Z,S20260422_093415,SC01,AUTO,3.3111,18.3131,0.0602,start,1,1500,VIDE,0.0,0.0,0.0,0.679926,-0.698132,-0.0,2,0,379.385,19.186,0.0,0.0,0.0,0.0,2.0,1.0,0.05,0.8,0.67993,0.0,1
273,2026-04-22T08:34:33.402Z,S20260422_093415,SC01,AUTO,3.3797,18.3816,0.0685,start,1,1500,VIDE,0.0,0.0,0.0,0.704329,-0.698132,0.0,2,0,323.168,20.026,0.0,0.0,0.0,0.0,2.0,1.0,0.05,0.8,0.70433,0.0,1
274,2026-04-22T08:34:33.466Z,S20260422_093415,SC01,AUTO,3.4438,18.4458,0.0642,start,1,1500,VIDE,0.0,0.0,0.0,0.728733,-0.698132,0.0,2,0,269.997,20.747,0.0,0.0,0.0,0.0,2.0,1.0,0.05,0.8,0.72873,0.0,1
275,2026-04-22T08:34:33.522Z,S20260422_093415,SC01,AUTO,3.5003,18.5022,0.0565,start,1,1500,VIDE,0.0,0.0,0.0,0.753138,-0.698132,0.0,2,0,216.439,19.466,0.0,0.0,0.0,0.0,2.0,1.0,0.05,0.8,0.75314,0.0,1
276,2026-04-22T08:34:33.588Z,S20260422_093415,SC01,AUTO,3.5663,18.5683,0.066,start,1,1500,VIDE,0.0,0.0,0.0,0.777544,-0.698132,0.0,2,0,163.612,19.016,0.0,0.0,0.0,0.0,2.0,1.0,0.05,0.8,0.77754,0.0,1
277,2026-04-22T08:34:33.652Z,S20260422_093415,SC01,AUTO,3.6296,18.6315,0.0633,start,1,1500,VIDE,0.0,0.0,0.0,0.801949,-0.698132,-0.0,1,0,105.772,18.73,0.0,0.0,0.0,0.0,2.0,1.0,0.05,0.8,0.80195,0.0,0
278,2026-04-22T08:34:33.713Z,S20260422_093415,SC01,AUTO,3.6909,18.6928,0.0614,start,1,1500,VIDE,0.0,0.0,0.0,0.824319,-0.698132,0.0,1,0,34.862,18.954,0.0,0.0,0.0,0.0,2.0,1.0,0.05,0.8,0.82432,0.0,0
279,2026-04-22T08:34:33.770Z,S20260422_093415,SC01,AUTO,3.7478,18.7498,0.0569,start,1,1500,VIDE,0.0,0.0,0.0,0.837615,-0.698132,0.0,1,0,12.806,20.019,0.0,0.0,0.0,0.0,2.0,1.0,0.05,0.8,0.83761,0.0,0
280,2026-04-22T08:34:33.832Z,S20260422_093415,SC01,AUTO,3.8098,18.8117,0.062,start,1,1500,VIDE,0.0,0.0,0.0,0.846273,-0.698132,-0.0,1,0,39.166,0.87,0.0,0.0,0.0,0.0,2.0,1.0,0.05,0.8,0.84627,0.0,0
281,2026-04-22T08:34:33.898Z,S20260422_093415,SC01,AUTO,3.8761,18.878,0.0662,start,1,1500,VIDE,0.0,0.0,0.0,0.853988,-0.698132,0.0,1,0,24.541,18.832,0.0,0.0,0.0,0.0,2.0,1.0,0.05,0.8,0.85399,0.0,0
282,2026-04-22T08:34:33.957Z,S20260422_093415,SC01,AUTO,3.9351,18.9371,0.0591,start,1,1500,VIDE,0.0,0.0,0.0,0.85601,-0.698132,-0.0,1,0,16.075,19.634,0.0,0.0,0.0,0.0,2.0,1.0,0.05,0.8,0.85601,0.0,0
283,2026-04-22T08:34:34.028Z,S20260422_093415,SC01,AUTO,4.0058,19.0078,0.0707,start,1,1500,VIDE,0.0,0.0,0.0,0.858494,-0.698132,0.0,1,0,29.995,19.018,0.0,0.0,0.0,0.0,2.0,1.0,0.05,0.8,0.85849,0.0,0
284,2026-04-22T08:34:34.083Z,S20260422_093415,SC01,AUTO,4.0613,19.0633,0.0554,start,1,1500,VIDE,0.0,0.0,0.0,0.858347,-0.698132,-0.0,1,0,19.935,20.058,0.0,0.0,0.0,0.0,2.0,1.0,0.05,0.8,0.85835,0.0,0
285,2026-04-22T08:34:34.148Z,S20260422_093415,SC01,AUTO,4.1263,19.1283,0.0651,start,1,1500,VIDE,0.0,0.0,0.0,0.856537,-0.698132,-0.0,1,0,34.296,10.337,0.0,0.0,0.0,0.0,2.0,1.0,0.05,0.8,0.85654,0.0,0
286,2026-04-22T08:34:34.211Z,S20260422_093415,SC01,AUTO,4.1892,19.1912,0.0629,start,1,1500,VIDE,0.0,0.0,0.0,0.854218,-0.698132,0.0,1,0,26.906,22.473,0.0,0.0,0.0,0.0,2.0,1.0,0.05,0.8,0.85422,0.0,0
287,2026-04-22T08:34:34.272Z,S20260422_093415,SC01,AUTO,4.2505,19.2524,0.0613,start,1,1500,VIDE,0.0,0.0,0.0,0.850549,-0.698132,0.0,1,0,16.691,18.76,0.0,0.0,0.0,0.0,2.0,1.0,0.05,0.8,0.85055,0.0,0
288,2026-04-22T08:34:34.332Z,S20260422_093415,SC01,AUTO,4.3097,19.3116,0.0592,start,1,1500,VIDE,0.0,0.0,0.0,0.846112,-0.698132,-0.0,1,0,22.262,18.129,0.0,0.0,0.0,0.0,2.0,1.0,0.05,0.8,0.84611,0.0,0
289,2026-04-22T08:34:34.394Z,S20260422_093415,SC01,AUTO,4.3722,19.3741,0.0625,start,1,1500,VIDE,0.0,0.0,0.0,0.841072,-0.698132,0.0,1,0,28.682,20.131,0.0,0.0,0.0,0.0,2.0,1.0,0.05,0.8,0.84107,0.0,0
290,2026-04-22T08:34:34.459Z,S20260422_093415,SC01,AUTO,4.4366,19.4385,0.0643,start,1,1500,VIDE,0.0,0.0,0.0,0.835559,-0.698132,0.0,1,0,13.134,18.209,0.0,0.0,0.0,0.0,2.0,1.0,0.05,0.8,0.83556,0.0,0
291,2026-04-22T08:34:34.522Z,S20260422_093415,SC01,AUTO,4.4997,19.5017,0.0632,start,1,1500,VIDE,0.0,0.0,0.0,0.829676,-0.698132,-0.0,1,0,20.111,18.02,0.0,0.0,0.0,0.0,2.0,1.0,0.05,0.8,0.82968,0.0,0
292,2026-04-22T08:34:34.584Z,S20260422_093415,SC01,AUTO,4.5616,19.5636,0.0619,start,1,1500,VIDE,0.0,0.0,0.0,0.823502,-0.698132,0.0,1,0,28.127,19.693,0.0,0.0,0.0,0.0,2.0,1.0,0.05,0.8,0.8235,0.0,0
293,2026-04-22T08:34:34.645Z,S20260422_093415,SC01,AUTO,4.623,19.6249,0.0613,start,1,1500,VIDE,0.0,0.0,0.0,0.8171,-0.698132,-0.0,1,0,30.966,19.333,0.0,0.0,0.0,0.0,2.0,1.0,0.05,0.8,0.8171,0.0,0
294,2026-04-22T08:34:34.707Z,S20260422_093415,SC01,AUTO,4.6854,19.6874,0.0625,start,1,1500,VIDE,0.0,0.0,0.0,0.813829,-0.698132,0.0,1,0,28.645,20.659,0.0,0.0,0.0,0.0,2.0,1.0,0.05,0.8,0.81383,0.0,0
295,2026-04-22T08:34:34.769Z,S20260422_093415,SC01,AUTO,4.7475,19.7495,0.0621,start,1,1500,VIDE,0.0,0.0,0.0,0.807174,-0.698132,-0.0,1,0,15.296,17.887,0.0,0.0,0.0,0.0,2.0,1.0,0.05,0.8,0.80717,0.0,0
296,2026-04-22T08:34:34.832Z,S20260422_093415,SC01,AUTO,4.8101,19.812,0.0626,start,1,1500,VIDE,0.0,0.0,0.0,0.800395,-0.698132,0.0,1,0,22.64,16.536,0.0,0.0,0.0,0.0,2.0,1.0,0.05,0.8,0.80039,0.0,0
297,2026-04-22T08:34:34.906Z,S20260422_093415,SC01,AUTO,4.8843,19.8862,0.0742,start,1,1500,VIDE,0.0,0.0,0.0,0.793519,-0.698132,-0.0,1,0,27.423,18.901,0.0,0.0,0.0,0.0,2.0,1.0,0.05,0.8,0.79352,0.0,1
298,2026-04-22T08:34:34.971Z,S20260422_093415,SC01,AUTO,4.9496,19.9515,0.0652,start,1,1500,VIDE,0.0,0.0,0.0,0.786566,-0.698132,0.0,1,0,18.398,19.731,0.0,0.0,0.0,0.0,2.0,1.0,0.05,0.8,0.78657,0.0,1
299,2026-04-22T08:34:35.022Z,S20260422_093415,SC01,AUTO,5.0002,20.0021,0.0507,accel_1,1,1500,VIDE,0.0,0.12,0.0,0.779554,-0.698132,0.0,1,0,19.663,18.607,0.0,0.0,0.0,0.0,2.0,1.0,0.05,0.8,0.77955,0.0,1
300,2026-04-22T08:34:35.083Z,S20260422_093415,SC01,AUTO,5.0611,20.063,0.0608,accel_1,1,1500,VIDE,0.0,0.12,0.0,0.77303,-0.698132,0.0,1,0,7.606,20.226,0.0,0.12,0.0,1.8,2.0,1.0,0.05,0.8,-1.02697,0.0,0
301,2026-04-22T08:34:35.146Z,S20260422_093415,SC01,AUTO,5.1244,20.1263,0.0633,accel_1,1,1500,VIDE,0.0,0.12,0.0,0.771535,-0.698132,-0.0,1,0,11.48,20.18,0.0,0.12,0.0,1.8,2.0,1.0,0.05,0.8,-1.02846,0.0,0
302,2026-04-22T08:34:35.210Z,S20260422_093415,SC01,AUTO,5.1878,20.1897,0.0633,accel_1,1,1500,VIDE,0.0,0.12,0.0,0.772835,-0.698132,-0.0,1,0,35.978,11.57,0.0,0.12,0.0,1.8,2.0,1.0,0.05,0.8,-1.02717,0.0,0
303,2026-04-22T08:34:35.270Z,S20260422_093415,SC01,AUTO,5.2479,20.2499,0.0601,accel_1,1,1500,VIDE,0.0,0.12,0.0,0.77669,-0.698132,-0.0,1,0,27.385,22.614,0.0,0.12,0.0,1.8,2.0,1.0,0.05,0.8,-1.02331,0.0,0
304,2026-04-22T08:34:35.332Z,S20260422_093415,SC01,AUTO,5.3101,20.3121,0.0623,accel_1,1,1500,VIDE,0.0,0.12,0.0,0.783993,-0.698132,-0.0,1,0,34.754,23.351,0.0,0.12,0.0,1.8,2.0,1.0,0.05,0.8,-1.01601,0.0,0
305,2026-04-22T08:34:35.397Z,S20260422_093415,SC01,AUTO,5.3751,20.377,0.065,accel_1,1,1500,VIDE,0.0,0.12,0.0,0.793618,-0.698132,-0.0,1,0,26.281,20.007,0.0,0.12,0.0,1.8,2.0,1.0,0.05,0.8,-1.00638,0.0,0
306,2026-04-22T08:34:35.457Z,S20260422_093415,SC01,AUTO,5.435,20.4369,0.0599,accel_1,1,1500,VIDE,0.0,0.12,0.0,0.805065,-0.698132,-0.0,1,0,28.823,19.444,0.0,0.12,0.0,1.8,2.0,1.0,0.05,0.8,-0.99493,0.0,0
307,2026-04-22T08:34:35.522Z,S20260422_093415,SC01,AUTO,5.5004,20.5023,0.0653,accel_1,1,1500,VIDE,0.0,0.12,0.0,0.817942,-0.698132,-0.0,1,0,13.005,19.058,0.0,0.12,0.0,1.8,2.0,1.0,0.05,0.8,-0.98206,0.0,0
308,2026-04-22T08:34:35.584Z,S20260422_093415,SC01,AUTO,5.5622,20.5641,0.0619,accel_1,1,1500,VIDE,0.0,0.12,0.0,0.831939,-0.698132,0.0,1,0,17.406,19.161,0.0,0.12,0.0,1.8,2.0,1.0,0.05,0.8,-0.96806,0.0,0
309,2026-04-22T08:34:35.646Z,S20260422_093415,SC01,AUTO,5.6242,20.6261,0.062,accel_1,1,1500,VIDE,0.0,0.12,0.0,0.846815,-0.698132,-0.0,1,0,22.989,19.638,0.0,0.12,0.0,1.8,2.0,1.0,0.05,0.8,-0.95318,0.0,0
310,2026-04-22T08:34:35.708Z,S20260422_093415,SC01,AUTO,5.6863,20.6883,0.0621,accel_1,1,1500,VIDE,0.0,0.12,0.0,0.862381,-0.698132,0.0,1,0,23.982,18.774,0.0,0.12,0.0,1.8,2.0,1.0,0.05,0.8,-0.93762,0.0,0
311,2026-04-22T08:34:35.770Z,S20260422_093415,SC01,AUTO,5.7479,20.7498,0.0615,accel_1,1,1500,VIDE,0.0,0.12,0.0,0.878487,-0.698132,-0.0,1,0,7.684,20.088,0.0,0.12,0.0,1.8,2.0,1.0,0.05,0.8,-0.92151,0.0,0
312,2026-04-22T08:34:35.833Z,S20260422_093415,SC01,AUTO,5.8106,20.8125,0.0627,accel_1,1,1500,VIDE,0.0,0.12,0.0,0.895017,-0.698132,0.0,1,0,13.765,20.324,0.0,0.12,0.0,1.8,2.0,1.0,0.05,0.8,-0.90498,0.0,0
313,2026-04-22T08:34:35.895Z,S20260422_093415,SC01,AUTO,5.8733,20.8753,0.0627,accel_1,1,1500,VIDE,0.0,0.12,0.0,0.911879,-0.698132,-0.0,1,0,20.69,19.85,0.0,0.12,0.0,1.8,2.0,1.0,0.05,0.8,-0.88812,0.0,0
314,2026-04-22T08:34:35.957Z,S20260422_093415,SC01,AUTO,5.9354,20.9373,0.0621,accel_1,1,1500,VIDE,0.0,0.12,0.0,0.929002,-0.698132,0.0,1,0,20.788,19.36,0.0,0.12,0.0,1.8,2.0,1.0,0.05,0.8,-0.871,0.0,0
315,2026-04-22T08:34:36.022Z,S20260422_093415,SC01,AUTO,5.9998,21.0017,0.0644,accel_1,1,1500,VIDE,0.0,0.12,0.0,0.946329,-0.698132,-0.0,1,0,25.168,19.726,0.0,0.12,0.0,1.8,2.0,1.0,0.05,0.8,-0.85367,0.0,0
316,2026-04-22T08:34:36.083Z,S20260422_093415,SC01,AUTO,6.0611,21.063,0.0613,accel_1,1,1500,VIDE,0.0,0.12,0.0,0.963816,-0.698132,0.0,1,0,26.992,19.749,0.0,0.12,0.0,1.8,2.0,1.0,0.05,0.8,-0.83618,0.0,0
317,2026-04-22T08:34:36.147Z,S20260422_093415,SC01,AUTO,6.1246,21.1266,0.0635,accel_1,1,1500,VIDE,0.0,0.12,0.0,0.972608,-0.698132,-0.0,1,0,22.447,19.903,0.0,0.12,0.0,1.8,2.0,1.0,0.05,0.8,-0.82739,0.0,0
318,2026-04-22T08:34:36.208Z,S20260422_093415,SC01,AUTO,6.1864,21.1883,0.0618,accel_1,1,1500,VIDE,0.0,0.12,0.0,0.990272,-0.698132,0.0,1,0,25.99,19.765,0.0,0.12,0.0,1.8,2.0,1.0,0.05,0.8,-0.80973,0.0,0
319,2026-04-22T08:34:36.271Z,S20260422_093415,SC01,AUTO,6.2493,21.2512,0.0628,accel_1,1,1500,VIDE,0.0,0.12,0.0,1.008023,-0.698132,-0.0,1,0,33.358,21.584,0.0,0.12,0.0,1.8,2.0,1.0,0.05,0.8,-0.79198,0.0,1
320,2026-04-22T08:34:36.333Z,S20260422_093415,SC01,AUTO,6.3108,21.3127,0.0616,accel_1,1,1500,VIDE,0.0,0.12,0.0,1.025841,-0.698132,0.0,1,0,16.619,19.056,0.0,0.12,0.0,1.8,2.0,1.0,0.05,0.8,-0.77416,0.0,1
321,2026-04-22T08:34:36.395Z,S20260422_093415,SC01,AUTO,6.3731,21.375,0.0623,accel_1,1,1500,VIDE,0.0,0.12,0.0,1.043713,-0.698132,-0.0,1,0,24.489,18.39,0.0,0.12,0.0,1.8,2.0,1.0,0.05,0.8,-0.75629,0.0,1
322,2026-04-22T08:34:36.458Z,S20260422_093415,SC01,AUTO,6.4362,21.4381,0.0631,accel_1,1,1500,VIDE,0.0,0.12,0.0,1.061625,-0.698132,0.0,1,0,27.806,19.775,0.0,0.12,0.0,1.8,2.0,1.0,0.05,0.8,-0.73837,0.0,1
323,2026-04-22T08:34:36.522Z,S20260422_093415,SC01,AUTO,6.5,21.5019,0.0638,accel_1,1,1500,VIDE,0.0,0.12,0.0,1.079571,-0.698132,0.0,1,0,18.676,19.728,0.0,0.12,0.0,1.8,2.0,1.0,0.05,0.8,-0.72043,0.0,1
324,2026-04-22T08:34:36.585Z,S20260422_093415,SC01,AUTO,6.5629,21.5648,0.0629,accel_1,1,1500,VIDE,0.0,0.12,0.0,1.097541,-0.698132,-0.0,1,0,21.374,19.924,0.0,0.12,0.0,1.8,2.0,1.0,0.05,0.8,-0.70246,0.0,1
325,2026-04-22T08:34:36.647Z,S20260422_093415,SC01,AUTO,6.6254,21.6273,0.0625,accel_1,1,1500,VIDE,0.0,0.12,0.0,1.11553,-0.698132,0.0,1,0,24.722,19.143,0.0,0.12,0.0,1.8,2.0,1.0,0.05,0.8,-0.68447,0.0,1
326,2026-04-22T08:34:36.707Z,S20260422_093415,SC01,AUTO,6.685,21.6869,0.0596,accel_1,1,1500,VIDE,0.0,0.12,0.0,1.133535,-0.698132,-0.0,1,0,27.694,19.025,0.0,0.12,0.0,1.8,2.0,1.0,0.05,0.8,-0.66647,0.0,1
327,2026-04-22T08:34:36.772Z,S20260422_093415,SC01,AUTO,6.7505,21.7524,0.0655,accel_1,1,1500,VIDE,0.0,0.12,0.0,1.151551,-0.698132,0.0,1,0,15.073,19.668,0.0,0.12,0.0,1.8,2.0,1.0,0.05,0.8,-0.64845,0.0,1
328,2026-04-22T08:34:36.832Z,S20260422_093415,SC01,AUTO,6.8098,21.8117,0.0593,accel_1,1,1500,VIDE,0.0,0.12,0.0,1.169576,-0.698132,-0.0,1,0,16.126,19.093,0.0,0.12,0.0,1.8,2.0,1.0,0.05,0.8,-0.63042,0.0,1
329,2026-04-22T08:34:36.898Z,S20260422_093415,SC01,AUTO,6.8762,21.8782,0.0665,accel_1,1,1500,VIDE,0.0,0.12,0.0,1.187608,-0.698132,0.0,1,0,20.566,19.436,0.0,0.12,0.0,1.8,2.0,1.0,0.05,0.8,-0.61239,0.0,1
330,2026-04-22T08:34:36.961Z,S20260422_093415,SC01,AUTO,6.939,21.941,0.0628,accel_1,1,1500,VIDE,0.0,0.12,0.0,1.205645,-0.698132,-0.0,1,0,23.712,19.994,0.0,0.12,0.0,1.8,2.0,1.0,0.05,0.8,-0.59436,0.0,1
331,2026-04-22T08:34:37.028Z,S20260422_093415,SC01,AUTO,7.0061,22.008,0.0671,accel_1,1,1500,VIDE,0.0,0.12,0.0,1.223686,-0.698132,-0.0,1,0,31.77,20.904,0.0,0.12,0.0,1.8,2.0,1.0,0.05,0.8,-0.57631,0.0,1
332,2026-04-22T08:34:37.082Z,S20260422_093415,SC01,AUTO,7.0598,22.0618,0.0537,accel_1,1,1500,VIDE,0.0,0.12,0.0,1.235714,-0.698132,-0.0,1,0,48.552,29.3,0.0,0.12,0.0,1.8,2.0,1.0,0.05,0.8,-0.56429,0.0,1
333,2026-04-22T08:34:37.147Z,S20260422_093415,SC01,AUTO,7.1247,22.1266,0.0648,accel_1,1,1500,VIDE,0.0,0.12,0.0,1.250751,-0.698132,0.0,1,0,23.603,19.569,0.0,0.12,0.0,1.8,2.0,1.0,0.05,0.8,-0.54925,0.0,1
334,2026-04-22T08:34:37.210Z,S20260422_093415,SC01,AUTO,7.1883,22.1902,0.0636,accel_1,1,1500,VIDE,0.0,0.12,0.0,1.268797,-0.698132,0.0,1,0,31.169,20.596,0.0,0.12,0.0,1.8,2.0,1.0,0.05,0.8,-0.5312,0.0,1
335,2026-04-22T08:34:37.272Z,S20260422_093415,SC01,AUTO,7.2502,22.2521,0.0619,accel_1,1,1500,VIDE,0.0,0.12,0.0,1.286844,-0.698132,0.0,1,0,28.21,23.342,0.0,0.12,0.0,1.8,2.0,1.0,0.05,0.8,-0.51316,0.0,1
336,2026-04-22T08:34:37.332Z,S20260422_093415,SC01,AUTO,7.3104,22.3124,0.0602,accel_1,1,1500,VIDE,0.0,0.12,0.0,1.304891,-0.698132,0.0,1,0,17.771,18.622,0.0,0.12,0.0,1.8,2.0,1.0,0.05,0.8,-0.49511,0.0,1
337,2026-04-22T08:34:37.396Z,S20260422_093415,SC01,AUTO,7.3744,22.3764,0.064,accel_1,1,1500,VIDE,0.0,0.12,0.0,1.322939,-0.698132,0.0,1,0,24.157,19.385,0.0,0.12,0.0,1.8,2.0,1.0,0.05,0.8,-0.47706,0.0,1
338,2026-04-22T08:34:37.459Z,S20260422_093415,SC01,AUTO,7.4373,22.4392,0.0629,accel_1,1,1500,VIDE,0.0,0.12,0.0,1.340986,-0.698132,0.0,1,0,32.467,19.068,0.0,0.12,0.0,1.8,2.0,1.0,0.05,0.8,-0.45901,0.0,1
339,2026-04-22T08:34:37.521Z,S20260422_093415,SC01,AUTO,7.4992,22.5011,0.0619,accel_1,1,1500,VIDE,0.0,0.12,0.0,1.359034,-0.698132,0.0,1,0,12.775,19.183,0.0,0.12,0.0,1.8,2.0,1.0,0.05,0.8,-0.44097,0.0,1
340,2026-04-22T08:34:37.582Z,S20260422_093415,SC01,AUTO,7.5602,22.5621,0.061,accel_1,1,1500,VIDE,0.0,0.12,0.0,1.37708,-0.698132,0.0,1,0,19.502,19.014,0.0,0.12,0.0,1.8,2.0,1.0,0.05,0.8,-0.42292,0.0,1
341,2026-04-22T08:34:37.645Z,S20260422_093415,SC01,AUTO,7.623,22.625,0.0629,accel_1,1,1500,VIDE,0.0,0.12,0.0,1.395126,-0.698132,0.0,1,0,19.789,20.042,0.0,0.12,0.0,1.8,2.0,1.0,0.05,0.8,-0.40487,0.0,1
342,2026-04-22T08:34:37.707Z,S20260422_093415,SC01,AUTO,7.6852,22.6871,0.0621,accel_1,1,1500,VIDE,0.0,0.12,0.0,1.413172,-0.698132,-0.0,1,0,25.975,19.357,0.0,0.12,0.0,1.8,2.0,1.0,0.05,0.8,-0.38683,0.0,1
343,2026-04-22T08:34:37.770Z,S20260422_093415,SC01,AUTO,7.7481,22.7501,0.063,accel_1,1,1500,VIDE,0.0,0.12,0.0,1.431216,-0.698132,0.0,1,0,30.615,19.207,0.0,0.12,0.0,1.8,2.0,1.0,0.05,0.8,-0.36878,0.0,1
344,2026-04-22T08:34:37.832Z,S20260422_093415,SC01,AUTO,7.8103,22.8123,0.0622,accel_1,1,1500,VIDE,0.0,0.12,0.0,1.449259,-0.698132,0.0,1,0,15.167,19.573,0.0,0.12,0.0,1.8,2.0,1.0,0.05,0.8,-0.35074,0.0,1
345,2026-04-22T08:34:37.898Z,S20260422_093415,SC01,AUTO,7.8762,22.8781,0.0658,accel_1,1,1500,VIDE,0.0,0.12,0.0,1.467302,-0.698132,0.0,1,0,19.216,20.093,0.0,0.12,0.0,1.8,2.0,1.0,0.05,0.8,-0.3327,0.0,1
346,2026-04-22T08:34:37.958Z,S20260422_093415,SC01,AUTO,7.9359,22.9378,0.0597,accel_1,1,1500,VIDE,0.0,0.12,0.0,1.47933,-0.698132,-0.0,1,0,45.335,11.667,0.0,0.12,0.0,1.8,2.0,1.0,0.05,0.8,-0.32067,0.0,1
347,2026-04-22T08:34:38.023Z,S20260422_093415,SC01,AUTO,8.0014,23.0033,0.0654,accel_1,1,1500,VIDE,0.0,0.12,0.0,1.503384,-0.698132,-0.0,1,0,26.589,20.181,0.0,0.12,0.0,1.8,2.0,1.0,0.05,0.8,-0.29662,0.0,1
348,2026-04-22T08:34:38.089Z,S20260422_093415,SC01,AUTO,8.0674,23.0693,0.066,accel_1,1,1500,VIDE,0.0,0.12,0.0,1.521423,-0.698132,-0.0,1,0,8.356,19.641,0.0,0.12,0.0,1.8,2.0,1.0,0.05,0.8,-0.27858,0.0,1
349,2026-04-22T08:34:38.145Z,S20260422_093415,SC01,AUTO,8.1231,23.1251,0.0558,accel_1,1,1500,VIDE,0.0,0.12,0.0,1.533449,-0.698132,-0.0,1,0,50.945,33.236,0.0,0.12,0.0,1.8,2.0,1.0,0.05,0.8,-0.26655,0.0,1
350,2026-04-22T08:34:38.207Z,S20260422_093415,SC01,AUTO,8.1854,23.1874,0.0623,accel_1,1,1500,VIDE,0.0,0.12,0.0,1.54848,-0.698132,0.0,1,0,26.531,20.258,0.0,0.12,0.0,1.8,2.0,1.0,0.05,0.8,-0.25152,0.0,1
351,2026-04-22T08:34:38.269Z,S20260422_093415,SC01,AUTO,8.2475,23.2494,0.062,accel_1,1,1500,VIDE,0.0,0.12,0.0,1.566517,-0.698132,0.0,1,0,28.754,20.839,0.0,0.12,0.0,1.8,2.0,1.0,0.05,0.8,-0.23348,0.0,1
352,2026-04-22T08:34:38.333Z,S20260422_093415,SC01,AUTO,8.3114,23.3133,0.0639,accel_1,1,1500,VIDE,0.0,0.12,0.0,1.584552,-0.698132,0.0,1,0,37.117,23.664,0.0,0.12,0.0,1.8,2.0,1.0,0.05,0.8,-0.21545,0.0,1
353,2026-04-22T08:34:38.406Z,S20260422_093415,SC01,AUTO,8.384,23.3859,0.0726,accel_1,1,1500,VIDE,0.0,0.12,0.0,1.611603,-0.698132,0.0,1,0,11.262,18.849,0.0,0.12,0.0,1.8,2.0,1.0,0.05,0.8,-0.1884,0.0,1
354,2026-04-22T08:34:38.459Z,S20260422_093415,SC01,AUTO,8.4367,23.4386,0.0527,accel_1,1,1500,VIDE,0.0,0.12,0.0,1.620619,-0.698132,0.0,1,0,24.528,20.034,0.0,0.12,0.0,1.8,2.0,1.0,0.05,0.8,-0.17938,0.0,1
355,2026-04-22T08:34:38.522Z,S20260422_093415,SC01,AUTO,8.5003,23.5022,0.0636,accel_1,1,1500,VIDE,0.0,0.12,0.0,1.638651,-0.698132,0.0,1,0,8.17,19.614,0.0,0.12,0.0,1.8,2.0,1.0,0.05,0.8,-0.16135,0.0,1
356,2026-04-22T08:34:38.587Z,S20260422_093415,SC01,AUTO,8.5653,23.5672,0.065,accel_1,1,1500,VIDE,0.0,0.12,0.0,1.656682,-0.698132,-0.0,1,0,18.443,19.888,0.0,0.12,0.0,1.8,2.0,1.0,0.05,0.8,-0.14332,0.0,1
357,2026-04-22T08:34:38.651Z,S20260422_093415,SC01,AUTO,8.6287,23.6307,0.0634,accel_1,1,1500,VIDE,0.0,0.12,0.0,1.674711,-0.698132,-0.0,1,0,19.197,17.34,0.0,0.12,0.0,1.8,2.0,1.0,0.05,0.8,-0.12529,0.0,1
358,2026-04-22T08:34:38.711Z,S20260422_093415,SC01,AUTO,8.6895,23.6914,0.0608,accel_1,1,1500,VIDE,0.0,0.12,0.0,1.692739,-0.698132,-0.0,1,0,24.011,13.938,0.0,0.12,0.0,1.8,2.0,1.0,0.05,0.8,-0.10726,0.0,1
359,2026-04-22T08:34:38.772Z,S20260422_093415,SC01,AUTO,8.7497,23.7516,0.0602,accel_1,1,1500,VIDE,0.0,0.12,0.0,1.710765,-0.698132,0.0,1,0,25.576,19.964,0.0,0.12,0.0,1.8,2.0,1.0,0.05,0.8,-0.08923,0.0,1
360,2026-04-22T08:34:38.833Z,S20260422_093415,SC01,AUTO,8.8107,23.8126,0.061,accel_1,1,1500,VIDE,0.0,0.12,0.0,1.728791,-0.698132,-0.0,1,0,35.831,19.233,0.0,0.12,0.0,1.8,2.0,1.0,0.05,0.8,-0.07121,0.0,1
361,2026-04-22T08:34:38.906Z,S20260422_093415,SC01,AUTO,8.8844,23.8864,0.0738,accel_1,1,1500,VIDE,0.0,0.12,0.0,1.746815,-0.698132,0.0,1,0,17.788,19.303,0.0,0.12,0.0,1.8,2.0,1.0,0.05,0.8,-0.05319,0.0,1
362,2026-04-22T08:34:38.970Z,S20260422_093415,SC01,AUTO,8.9479,23.9499,0.0635,accel_1,1,1500,VIDE,0.0,0.12,0.0,1.764838,-0.698132,-0.0,1,0,20.945,20.424,0.0,0.12,0.0,1.8,2.0,1.0,0.05,0.8,-0.03516,0.0,1
363,2026-04-22T08:34:39.026Z,S20260422_093415,SC01,AUTO,9.0038,24.0058,0.056,accel_1,1,1500,VIDE,0.0,0.12,0.0,1.782859,-0.698132,0.0,1,0,25.757,15.514,0.0,0.12,0.0,1.8,2.0,1.0,0.05,0.8,-0.01714,0.0,1
364,2026-04-22T08:34:39.083Z,S20260422_093415,SC01,AUTO,9.0608,24.0627,0.0569,accel_1,1,1500,VIDE,0.0,0.12,0.0,1.794873,-0.698132,0.0,1,0,48.906,32.167,0.0,0.12,0.0,1.8,2.0,1.0,0.05,0.8,-0.00513,0.0,1
365,2026-04-22T08:34:39.146Z,S20260422_093415,SC01,AUTO,9.1245,24.1264,0.0638,accel_1,1,1500,VIDE,0.0,0.12,0.0,1.818898,-0.698132,0.0,1,0,14.612,19.504,0.0,0.12,0.0,1.8,2.0,1.0,0.05,0.8,0.0189,0.0,1
366,2026-04-22T08:34:39.208Z,S20260422_093415,SC01,AUTO,9.1863,24.1882,0.0617,accel_1,1,1500,VIDE,0.0,0.12,0.0,1.827907,-0.698132,0.0,1,0,26.339,20.582,0.0,0.12,0.0,1.8,2.0,1.0,0.05,0.8,0.02791,0.0,1
367,2026-04-22T08:34:39.269Z,S20260422_093415,SC01,AUTO,9.2472,24.2491,0.0609,accel_1,1,1500,VIDE,0.0,0.12,0.0,1.845924,-0.698132,0.0,1,0,30.378,21.395,0.0,0.12,0.0,1.8,2.0,1.0,0.05,0.8,0.04592,0.0,1
368,2026-04-22T08:34:39.332Z,S20260422_093415,SC01,AUTO,9.3105,24.3124,0.0633,accel_1,1,1500,VIDE,0.0,0.12,0.0,1.863939,-0.698132,-0.0,1,0,29.671,22.885,0.0,0.12,0.0,1.8,2.0,1.0,0.05,0.8,0.06394,0.0,1
369,2026-04-22T08:34:39.402Z,S20260422_093415,SC01,AUTO,9.3802,24.3821,0.0697,accel_1,1,1500,VIDE,0.0,0.12,0.0,1.89096,-0.698132,-0.0,1,0,27.768,18.58,0.0,0.12,0.0,1.8,2.0,1.0,0.05,0.8,0.09096,0.0,1
370,2026-04-22T08:34:39.458Z,S20260422_093415,SC01,AUTO,9.4363,24.4382,0.0561,accel_1,1,1500,VIDE,0.0,0.12,0.0,1.899966,-0.698132,0.0,1,0,19.061,19.577,0.0,0.12,0.0,1.8,2.0,1.0,0.05,0.8,0.09997,0.0,1
371,2026-04-22T08:34:39.523Z,S20260422_093415,SC01,AUTO,9.5013,24.5032,0.065,accel_1,1,1500,VIDE,0.0,0.12,0.0,1.917977,-0.698132,0.0,1,0,26.24,19.169,0.0,0.12,0.0,1.8,2.0,1.0,0.05,0.8,0.11798,0.0,1
372,2026-04-22T08:34:39.590Z,S20260422_093415,SC01,AUTO,9.5681,24.5701,0.0669,accel_1,1,1500,VIDE,0.0,0.12,0.0,1.935987,-0.698132,-0.0,1,0,28.32,19.734,0.0,0.12,0.0,1.8,2.0,1.0,0.05,0.8,0.13599,0.0,1
373,2026-04-22T08:34:39.652Z,S20260422_093415,SC01,AUTO,9.6303,24.6322,0.0621,accel_1,1,1500,VIDE,0.0,0.12,0.0,1.953996,-0.698132,-0.0,1,0,12.257,15.398,0.0,0.12,0.0,1.8,2.0,1.0,0.05,0.8,0.154,0.0,1
374,2026-04-22T08:34:39.713Z,S20260422_093415,SC01,AUTO,9.6907,24.6926,0.0603,accel_1,1,1500,VIDE,0.0,0.12,0.0,1.972003,-0.698132,0.0,1,0,16.903,18.603,0.0,0.12,0.0,1.8,2.0,1.0,0.05,0.8,0.172,0.0,1
375,2026-04-22T08:34:39.770Z,S20260422_093415,SC01,AUTO,9.7484,24.7504,0.0578,accel_1,1,1500,VIDE,0.0,0.12,0.0,1.990008,-0.698132,-0.0,1,0,21.124,18.509,0.0,0.12,0.0,1.8,2.0,1.0,0.05,0.8,0.19001,0.0,1
376,2026-04-22T08:34:39.832Z,S20260422_093415,SC01,AUTO,9.8102,24.8121,0.0618,accel_1,1,1500,VIDE,0.0,0.12,0.0,2.008013,-0.698132,-0.0,1,0,21.15,14.381,0.0,0.12,0.0,1.8,2.0,1.0,0.05,0.8,0.20801,0.0,1
377,2026-04-22T08:34:39.898Z,S20260422_093415,SC01,AUTO,9.8759,24.8778,0.0657,accel_1,1,1500,VIDE,0.0,0.12,0.0,2.026015,-0.698132,-0.0,1,0,28.652,19.44,0.0,0.12,0.0,1.8,2.0,1.0,0.05,0.8,0.22602,0.0,1
378,2026-04-22T08:34:39.962Z,S20260422_093415,SC01,AUTO,9.9398,24.9417,0.0639,accel_1,1,1500,VIDE,0.0,0.12,0.0,2.044016,-0.698132,-0.0,1,0,30.054,19.237,0.0,0.12,0.0,1.8,2.0,1.0,0.05,0.8,0.24402,0.0,1
379,2026-04-22T08:34:40.026Z,S20260422_093415,SC01,AUTO,10.0041,25.006,0.0643,accel_2,1,1500,VIDE,0.0,0.2,0.0,2.062016,-0.698132,-0.0,1,0,16.285,19.614,0.0,0.2,0.0,4.0,2.0,1.0,0.05,0.8,-1.93798,0.0,0
380,2026-04-22T08:34:40.090Z,S20260422_093415,SC01,AUTO,10.0678,25.0697,0.0637,accel_2,1,1500,VIDE,0.0,0.2,0.0,2.080502,-0.698132,0.0,1,0,16.161,16.668,0.0,0.2,0.0,4.0,2.0,1.0,0.05,0.8,-1.9195,0.0,0
381,2026-04-22T08:34:40.153Z,S20260422_093415,SC01,AUTO,10.1309,25.1329,0.0632,accel_2,1,1500,VIDE,0.0,0.2,0.0,2.102098,-0.698132,-0.0,1,0,23.742,16.315,0.0,0.2,0.0,4.0,2.0,1.0,0.05,0.8,-1.8979,0.0,0
382,2026-04-22T08:34:40.212Z,S20260422_093415,SC01,AUTO,10.1901,25.192,0.0592,accel_2,1,1500,VIDE,0.0,0.2,0.0,2.126555,-0.698132,0.0,1,0,24.384,18.776,0.0,0.2,0.0,4.0,2.0,1.0,0.05,0.8,-1.87345,0.0,0
383,2026-04-22T08:34:40.272Z,S20260422_093415,SC01,AUTO,10.2501,25.2521,0.0601,accel_2,1,1500,VIDE,0.0,0.2,0.0,2.153256,-0.698132,-0.0,1,0,31.74,19.183,0.0,0.2,0.0,4.0,2.0,1.0,0.05,0.8,-1.84674,0.0,0
384,2026-04-22T08:34:40.332Z,S20260422_093415,SC01,AUTO,10.3103,25.3123,0.0602,accel_2,1,1500,VIDE,0.0,0.2,0.0,2.181717,-0.698132,0.0,1,0,11.004,19.78,0.0,0.2,0.0,4.0,2.0,1.0,0.05,0.8,-1.81828,0.0,0
385,2026-04-22T08:34:40.406Z,S20260422_093415,SC01,AUTO,10.3836,25.3855,0.0732,accel_2,1,1500,VIDE,0.0,0.2,0.0,2.211558,-0.698132,0.0,1,0,18.777,18.086,0.0,0.2,0.0,4.0,2.0,1.0,0.05,0.8,-1.78844,0.0,0
386,2026-04-22T08:34:40.458Z,S20260422_093415,SC01,AUTO,10.436,25.4379,0.0524,accel_2,1,1500,VIDE,0.0,0.2,0.0,2.24248,-0.698132,0.0,1,0,15.11,19.989,0.0,0.2,0.0,4.0,2.0,1.0,0.05,0.8,-1.75752,0.0,0
387,2026-04-22T08:34:40.522Z,S20260422_093415,SC01,AUTO,10.5003,25.5023,0.0643,accel_2,1,1500,VIDE,0.0,0.2,0.0,2.27425,-0.698132,0.0,1,0,22.735,19.309,0.0,0.2,0.0,4.0,2.0,1.0,0.05,0.8,-1.72575,0.0,0
388,2026-04-22T08:34:40.586Z,S20260422_093415,SC01,AUTO,10.5643,25.5663,0.064,accel_2,1,1500,VIDE,0.0,0.2,0.0,2.306684,-0.698132,0.0,1,0,23.116,20.039,0.0,0.2,0.0,4.0,2.0,1.0,0.05,0.8,-1.69332,0.0,0
389,2026-04-22T08:34:40.650Z,S20260422_093415,SC01,AUTO,10.6284,25.6303,0.0641,accel_2,1,1500,VIDE,0.0,0.2,0.0,2.339639,-0.698132,0.0,1,0,29.377,17.864,0.0,0.2,0.0,4.0,2.0,1.0,0.05,0.8,-1.66036,0.0,0
390,2026-04-22T08:34:40.707Z,S20260422_093415,SC01,AUTO,10.6855,25.6874,0.0571,accel_2,1,1500,VIDE,0.0,0.2,0.0,2.373001,-0.698132,0.0,1,0,26.321,15.81,0.0,0.2,0.0,4.0,2.0,1.0,0.05,0.8,-1.627,0.0,0
391,2026-04-22T08:34:40.772Z,S20260422_093415,SC01,AUTO,10.75,25.752,0.0645,accel_2,1,1500,VIDE,0.0,0.2,0.0,2.406682,-0.698132,0.0,1,0,31.074,19.981,0.0,0.2,0.0,4.0,2.0,1.0,0.05,0.8,-1.59332,0.0,0
392,2026-04-22T08:34:40.832Z,S20260422_093415,SC01,AUTO,10.8098,25.8117,0.0597,accel_2,1,1500,VIDE,0.0,0.2,0.0,2.440613,-0.698132,-0.0,1,0,12.781,19.216,0.0,0.2,0.0,4.0,2.0,1.0,0.05,0.8,-1.55939,0.0,0
393,2026-04-22T08:34:40.906Z,S20260422_093415,SC01,AUTO,10.884,25.8859,0.0742,accel_2,1,1500,VIDE,0.0,0.2,0.0,2.474738,-0.698132,0.0,1,0,21.232,20.283,0.0,0.2,0.0,4.0,2.0,1.0,0.05,0.8,-1.52526,0.0,0
394,2026-04-22T08:34:40.969Z,S20260422_093415,SC01,AUTO,10.9468,25.9487,0.0628,accel_2,1,1500,VIDE,0.0,0.2,0.0,2.509016,-0.698132,0.0,1,0,19.447,20.401,0.0,0.2,0.0,4.0,2.0,1.0,0.05,0.8,-1.49098,0.0,0
395,2026-04-22T08:34:41.024Z,S20260422_093415,SC01,AUTO,11.002,26.004,0.0552,accel_2,1,1500,VIDE,0.0,0.2,0.0,2.543412,-0.698132,0.0,1,0,25.257,17.693,0.0,0.2,0.0,4.0,2.0,1.0,0.05,0.8,-1.45659,0.0,0
396,2026-04-22T08:34:41.082Z,S20260422_093415,SC01,AUTO,11.0601,26.062,0.058,accel_2,1,1500,VIDE,0.0,0.2,0.0,2.577901,-0.698132,0.0,1,0,25.751,20.405,0.0,0.2,0.0,4.0,2.0,1.0,0.05,0.8,-1.4221,0.0,0
397,2026-04-22T08:34:41.146Z,S20260422_093415,SC01,AUTO,11.1238,26.1258,0.0637,accel_2,1,1500,VIDE,0.0,0.2,0.0,2.606696,-0.698132,0.0,1,0,53.638,1.422,0.0,0.2,0.0,4.0,2.0,1.0,0.05,0.8,-1.3933,0.0,0
398,2026-04-22T08:34:41.207Z,S20260422_093415,SC01,AUTO,11.1851,26.1871,0.0613,accel_2,1,1500,VIDE,0.0,0.2,0.0,2.641304,-0.698132,0.0,1,0,34.746,0.957,0.0,0.2,0.0,4.0,2.0,1.0,0.05,0.8,-1.3587,0.0,0
399,2026-04-22T08:34:41.271Z,S20260422_093415,SC01,AUTO,11.2486,26.2505,0.0634,accel_2,1,1500,VIDE,0.0,0.2,0.0,2.6644,-0.698132,0.0,1,0,28.609,20.478,0.0,0.2,0.0,4.0,2.0,1.0,0.05,0.8,-1.3356,0.0,0
400,2026-04-22T08:34:41.332Z,S20260422_093415,SC01,AUTO,11.3099,26.3118,0.0613,accel_2,1,1500,VIDE,0.0,0.2,0.0,2.699076,-0.698132,-0.0,1,0,28.531,24.105,0.0,0.2,0.0,4.0,2.0,1.0,0.05,0.8,-1.30092,0.0,0
401,2026-04-22T08:34:41.397Z,S20260422_093415,SC01,AUTO,11.3755,26.3774,0.0656,accel_2,1,1500,VIDE,0.0,0.2,0.0,2.73378,-0.698132,-0.0,1,0,16.157,20.041,0.0,0.2,0.0,4.0,2.0,1.0,0.05,0.8,-1.26622,0.0,0
402,2026-04-22T08:34:41.467Z,S20260422_093415,SC01,AUTO,11.4446,26.4466,0.0692,accel_2,1,1500,VIDE,0.0,0.2,0.0,2.785875,-0.698132,0.0,1,0,28.809,19.616,0.0,0.2,0.0,4.0,2.0,1.0,0.05,0.8,-1.21413,0.0,0
403,2026-04-22T08:34:41.523Z,S20260422_093415,SC01,AUTO,11.5012,26.5031,0.0566,accel_2,1,1500,VIDE,0.0,0.2,0.0,2.803247,-0.698132,0.0,1,0,21.297,19.911,0.0,0.2,0.0,4.0,2.0,1.0,0.05,0.8,-1.19675,0.0,0
404,2026-04-22T08:34:41.589Z,S20260422_093415,SC01,AUTO,11.5672,26.5692,0.0661,accel_2,1,1500,VIDE,0.0,0.2,0.0,2.855381,-0.698132,0.0,1,0,16.958,19.45,0.0,0.2,0.0,4.0,2.0,1.0,0.05,0.8,-1.14462,0.0,0
405,2026-04-22T08:34:41.652Z,S20260422_093415,SC01,AUTO,11.6302,26.6321,0.0629,accel_2,1,1500,VIDE,0.0,0.2,0.0,2.872762,-0.698132,0.0,1,0,27.737,21.861,0.0,0.2,0.0,4.0,2.0,1.0,0.05,0.8,-1.12724,0.0,0
406,2026-04-22T08:34:41.712Z,S20260422_093415,SC01,AUTO,11.6902,26.6921,0.06,accel_2,1,1500,VIDE,0.0,0.2,0.0,2.90753,-0.698132,0.0,1,0,14.659,19.753,0.0,0.2,0.0,4.0,2.0,1.0,0.05,0.8,-1.09247,0.0,0
407,2026-04-22T08:34:41.771Z,S20260422_093415,SC01,AUTO,11.7486,26.7505,0.0584,accel_2,1,1500,VIDE,0.0,0.2,0.0,2.942302,-0.698132,-0.0,1,0,18.746,19.298,0.0,0.2,0.0,4.0,2.0,1.0,0.05,0.8,-1.0577,0.0,0
408,2026-04-22T08:34:41.832Z,S20260422_093415,SC01,AUTO,11.8101,26.8121,0.0615,accel_2,1,1500,VIDE,0.0,0.2,0.0,2.977075,-0.698132,-0.0,1,0,21.022,14.349,0.0,0.2,0.0,4.0,2.0,1.0,0.05,0.8,-1.02293,0.0,0
409,2026-04-22T08:34:41.899Z,S20260422_093415,SC01,AUTO,11.8768,26.8787,0.0666,accel_2,1,1500,VIDE,0.0,0.2,0.0,3.011849,-0.698132,0.0,1,0,27.028,19.668,0.0,0.2,0.0,4.0,2.0,1.0,0.05,0.8,-0.98815,0.0,0
410,2026-04-22T08:34:41.963Z,S20260422_093415,SC01,AUTO,11.9407,26.9426,0.0639,accel_2,1,1500,VIDE,0.0,0.2,0.0,3.046623,-0.698132,-0.0,1,0,14.916,19.504,0.0,0.2,0.0,4.0,2.0,1.0,0.05,0.8,-0.95338,0.0,0
411,2026-04-22T08:34:42.024Z,S20260422_093415,SC01,AUTO,12.0017,27.0036,0.0611,accel_2,1,1500,VIDE,0.0,0.2,0.0,3.081396,-0.698132,0.0,1,0,20.149,20.102,0.0,0.2,0.0,4.0,2.0,1.0,0.05,0.8,-0.9186,0.0,0
412,2026-04-22T08:34:42.088Z,S20260422_093415,SC01,AUTO,12.0662,27.0682,0.0645,accel_2,1,1500,VIDE,0.0,0.2,0.0,3.116167,-0.698132,0.0,1,0,22.686,19.292,0.0,0.2,0.0,4.0,2.0,1.0,0.05,0.8,-0.88383,0.0,0
413,2026-04-22T08:34:42.150Z,S20260422_093415,SC01,AUTO,12.1284,27.1304,0.0622,accel_2,1,1500,VIDE,0.0,0.2,0.0,3.150935,-0.698132,-0.0,1,0,23.124,18.918,0.0,0.2,0.0,4.0,2.0,1.0,0.05,0.8,-0.84906,0.0,0
414,2026-04-22T08:34:42.212Z,S20260422_093415,SC01,AUTO,12.1898,27.1917,0.0613,accel_2,1,1500,VIDE,0.0,0.2,0.0,3.185701,-0.698132,0.0,1,0,7.011,20.004,0.0,0.2,0.0,4.0,2.0,1.0,0.05,0.8,-0.8143,0.0,0
415,2026-04-22T08:34:42.273Z,S20260422_093415,SC01,AUTO,12.2506,27.2525,0.0608,accel_2,1,1500,VIDE,0.0,0.2,0.0,3.220464,-0.698132,0.0,1,0,11.508,19.239,0.0,0.2,0.0,4.0,2.0,1.0,0.05,0.8,-0.77954,0.0,1
416,2026-04-22T08:34:42.338Z,S20260422_093415,SC01,AUTO,12.3163,27.3182,0.0657,accel_2,1,1500,VIDE,0.0,0.2,0.0,3.255224,-0.698132,0.0,1,0,15.363,20.296,0.0,0.2,0.0,4.0,2.0,1.0,0.05,0.8,-0.74478,0.0,1
417,2026-04-22T08:34:42.402Z,S20260422_093415,SC01,AUTO,12.3796,27.3815,0.0633,accel_2,1,1500,VIDE,0.0,0.2,0.0,3.28998,-0.698132,-0.0,1,0,22.643,19.05,0.0,0.2,0.0,4.0,2.0,1.0,0.05,0.8,-0.71002,0.0,1
418,2026-04-22T08:34:42.458Z,S20260422_093415,SC01,AUTO,12.4358,27.4378,0.0562,accel_2,1,1500,VIDE,0.0,0.2,0.0,3.324733,-0.698132,0.0,1,0,21.398,20.852,0.0,0.2,0.0,4.0,2.0,1.0,0.05,0.8,-0.67527,0.0,1
419,2026-04-22T08:34:42.522Z,S20260422_093415,SC01,AUTO,12.5002,27.5021,0.0644,accel_2,1,1500,VIDE,0.0,0.2,0.0,3.359482,-0.698132,0.0,1,0,27.137,18.45,0.0,0.2,0.0,4.0,2.0,1.0,0.05,0.8,-0.64052,0.0,1
420,2026-04-22T08:34:42.588Z,S20260422_093415,SC01,AUTO,12.5659,27.5678,0.0657,accel_2,1,1500,VIDE,0.0,0.2,0.0,3.376854,-0.698132,0.0,1,0,18.932,20.395,0.0,0.2,0.0,4.0,2.0,1.0,0.05,0.8,-0.62315,0.0,1
421,2026-04-22T08:34:42.651Z,S20260422_093415,SC01,AUTO,12.629,27.631,0.0631,accel_2,1,1500,VIDE,0.0,0.2,0.0,3.411597,-0.698132,-0.0,1,0,32.613,20.916,0.0,0.2,0.0,4.0,2.0,1.0,0.05,0.8,-0.5884,0.0,1
422,2026-04-22T08:34:42.713Z,S20260422_093415,SC01,AUTO,12.6907,27.6926,0.0616,accel_2,1,1500,VIDE,0.0,0.2,0.0,3.446336,-0.698132,-0.0,1,0,18.48,19.962,0.0,0.2,0.0,4.0,2.0,1.0,0.05,0.8,-0.55366,0.0,1
423,2026-04-22T08:34:42.772Z,S20260422_093415,SC01,AUTO,12.75,27.752,0.0594,accel_2,1,1500,VIDE,0.0,0.2,0.0,3.481071,-0.698132,0.0,1,0,21.235,17.33,0.0,0.2,0.0,4.0,2.0,1.0,0.05,0.8,-0.51893,0.0,1
424,2026-04-22T08:34:42.832Z,S20260422_093415,SC01,AUTO,12.8101,27.812,0.0601,accel_2,1,1500,VIDE,0.0,0.2,0.0,3.515801,-0.698132,0.0,1,0,24.994,19.578,0.0,0.2,0.0,4.0,2.0,1.0,0.05,0.8,-0.4842,0.0,1
425,2026-04-22T08:34:42.901Z,S20260422_093415,SC01,AUTO,12.8791,27.8811,0.069,accel_2,1,1500,VIDE,0.0,0.2,0.0,3.550527,-0.698132,-0.0,1,0,27.247,20.396,0.0,0.2,0.0,4.0,2.0,1.0,0.05,0.8,-0.44947,0.0,1
426,2026-04-22T08:34:42.961Z,S20260422_093415,SC01,AUTO,12.9395,27.9414,0.0604,accel_2,1,1500,VIDE,0.0,0.2,0.0,3.585248,-0.698132,-0.0,1,0,14.618,19.789,0.0,0.2,0.0,4.0,2.0,1.0,0.05,0.8,-0.41475,0.0,1
427,2026-04-22T08:34:43.024Z,S20260422_093415,SC01,AUTO,13.0018,28.0038,0.0624,accel_2,1,1500,VIDE,0.0,0.2,0.0,3.619966,-0.698132,0.0,1,0,16.722,19.697,0.0,0.2,0.0,4.0,2.0,1.0,0.05,0.8,-0.38003,0.0,1
428,2026-04-22T08:34:43.082Z,S20260422_093415,SC01,AUTO,13.0602,28.0622,0.0584,accel_2,1,1500,VIDE,0.0,0.2,0.0,3.654678,-0.698132,0.0,1,0,17.825,19.597,0.0,0.2,0.0,4.0,2.0,1.0,0.05,0.8,-0.34532,0.0,1
429,2026-04-22T08:34:43.146Z,S20260422_093415,SC01,AUTO,13.1245,28.1264,0.0642,accel_2,1,1500,VIDE,0.0,0.2,0.0,3.689386,-0.698132,-0.0,1,0,21.157,18.742,0.0,0.2,0.0,4.0,2.0,1.0,0.05,0.8,-0.31061,0.0,1
430,2026-04-22T08:34:43.209Z,S20260422_093415,SC01,AUTO,13.1871,28.189,0.0627,accel_2,1,1500,VIDE,0.0,0.2,0.0,3.72409,-0.698132,-0.0,1,0,22.35,17.346,0.0,0.2,0.0,4.0,2.0,1.0,0.05,0.8,-0.27591,0.0,1
431,2026-04-22T08:34:43.271Z,S20260422_093415,SC01,AUTO,13.2486,28.2506,0.0615,accel_2,1,1500,VIDE,0.0,0.2,0.0,3.758789,-0.698132,-0.0,1,0,23.721,18.004,0.0,0.2,0.0,4.0,2.0,1.0,0.05,0.8,-0.24121,0.0,1
432,2026-04-22T08:34:43.333Z,S20260422_093415,SC01,AUTO,13.3107,28.3126,0.062,accel_2,1,1500,VIDE,0.0,0.2,0.0,3.793483,-0.698132,-0.0,1,0,26.621,15.79,0.0,0.2,0.0,4.0,2.0,1.0,0.05,0.8,-0.20652,0.0,1
433,2026-04-22T08:34:43.396Z,S20260422_093415,SC01,AUTO,13.3742,28.3762,0.0636,accel_2,1,1500,VIDE,0.0,0.2,0.0,3.828173,-0.698132,-0.0,1,0,28.091,18.684,0.0,0.2,0.0,4.0,2.0,1.0,0.05,0.8,-0.17183,0.0,1
434,2026-04-22T08:34:43.459Z,S20260422_093415,SC01,AUTO,13.4369,28.4389,0.0627,accel_2,1,1500,VIDE,0.0,0.2,0.0,3.862858,-0.698132,0.0,1,0,13.466,19.099,0.0,0.2,0.0,4.0,2.0,1.0,0.05,0.8,-0.13714,0.0,1
435,2026-04-22T08:34:43.523Z,S20260422_093415,SC01,AUTO,13.5008,28.5027,0.0639,accel_2,1,1500,VIDE,0.0,0.2,0.0,3.897538,-0.698132,-0.0,1,0,20.386,19.136,0.0,0.2,0.0,4.0,2.0,1.0,0.05,0.8,-0.10246,0.0,1
436,2026-04-22T08:34:43.583Z,S20260422_093415,SC01,AUTO,13.5613,28.5632,0.0604,accel_2,1,1500,VIDE,0.0,0.2,0.0,3.932213,-0.698132,-0.0,1,0,24.369,19.755,0.0,0.2,0.0,4.0,2.0,1.0,0.05,0.8,-0.06779,0.0,1
437,2026-04-22T08:34:43.645Z,S20260422_093415,SC01,AUTO,13.6231,28.6251,0.0619,accel_2,1,1500,VIDE,0.0,0.2,0.0,3.966884,-0.698132,0.0,1,0,29.183,19.362,0.0,0.2,0.0,4.0,2.0,1.0,0.05,0.8,-0.03312,0.0,1
438,2026-04-22T08:34:43.709Z,S20260422_093415,SC01,AUTO,13.6868,28.6887,0.0636,accel_2,1,1500,VIDE,0.0,0.2,0.0,4.001549,-0.698132,0.0,1,0,13.899,20.267,0.0,0.2,0.0,4.0,2.0,1.0,0.05,0.8,0.00155,0.0,1
439,2026-04-22T08:34:43.770Z,S20260422_093415,SC01,AUTO,13.7482,28.7501,0.0614,accel_2,1,1500,VIDE,0.0,0.2,0.0,4.03621,-0.698132,-0.0,1,0,17.503,19.491,0.0,0.2,0.0,4.0,2.0,1.0,0.05,0.8,0.03621,0.0,1
440,2026-04-22T08:34:43.833Z,S20260422_093415,SC01,AUTO,13.8109,28.8129,0.0627,accel_2,1,1500,VIDE,0.0,0.2,0.0,4.070866,-0.698132,-0.0,1,0,18.984,19.636,0.0,0.2,0.0,4.0,2.0,1.0,0.05,0.8,0.07087,0.0,1
441,2026-04-22T08:34:43.895Z,S20260422_093415,SC01,AUTO,13.8735,28.8755,0.0626,accel_2,1,1500,VIDE,0.0,0.2,0.0,4.105516,-0.698132,-0.0,1,0,22.219,20.237,0.0,0.2,0.0,4.0,2.0,1.0,0.05,0.8,0.10552,0.0,1
442,2026-04-22T08:34:43.957Z,S20260422_093415,SC01,AUTO,13.9353,28.9373,0.0619,accel_2,1,1500,VIDE,0.0,0.2,0.0,4.140162,-0.698132,0.0,1,0,25.466,19.365,0.0,0.2,0.0,4.0,2.0,1.0,0.05,0.8,0.14016,0.0,1
443,2026-04-22T08:34:44.027Z,S20260422_093415,SC01,AUTO,14.0046,29.0065,0.0693,stabilize,1,1500,VIDE,0.0,0.09,0.0,4.174802,-0.698132,-0.0,1,0,8.866,20.548,0.0,0.09,0.0,5.5,2.0,0.5,0.05,0.8,-1.3252,0.0,0
444,2026-04-22T08:34:44.082Z,S20260422_093415,SC01,AUTO,14.0605,29.0624,0.0559,stabilize,1,1500,VIDE,0.0,0.09,0.0,4.208265,-0.698132,-0.0,1,0,9.38,19.62,0.0,0.09,0.0,5.5,2.0,0.5,0.05,0.8,-1.29173,0.0,0
445,2026-04-22T08:34:44.152Z,S20260422_093415,SC01,AUTO,14.1304,29.1323,0.0699,stabilize,1,1500,VIDE,0.0,0.09,0.0,4.237231,-0.698132,0.0,1,0,14.635,19.906,0.0,0.09,0.0,5.5,2.0,0.5,0.05,0.8,-1.26277,0.0,0
446,2026-04-22T08:34:44.212Z,S20260422_093415,SC01,AUTO,14.1904,29.1924,0.0599,stabilize,1,1500,VIDE,0.0,0.09,0.0,4.26241,-0.698132,-0.0,1,0,17.649,19.259,0.0,0.09,0.0,5.5,2.0,0.5,0.05,0.8,-1.23759,0.0,0
447,2026-04-22T08:34:44.270Z,S20260422_093415,SC01,AUTO,14.2483,29.2502,0.0579,stabilize,1,1500,VIDE,0.0,0.09,0.0,4.273841,-0.698132,0.0,1,0,29.569,19.572,0.0,0.09,0.0,5.5,2.0,0.5,0.05,0.8,-1.22616,0.0,0
448,2026-04-22T08:34:44.333Z,S20260422_093415,SC01,AUTO,14.311,29.313,0.0626,stabilize,1,1500,VIDE,0.0,0.09,0.0,4.294813,-0.698132,-0.0,1,0,30.045,23.978,0.0,0.09,0.0,5.5,2.0,0.5,0.05,0.8,-1.20519,0.0,0
449,2026-04-22T08:34:44.406Z,S20260422_093415,SC01,AUTO,14.3836,29.3856,0.0726,stabilize,1,1500,VIDE,0.0,0.09,0.0,4.322544,-0.698132,-0.0,1,0,27.004,20.131,0.0,0.09,0.0,5.5,2.0,0.5,0.05,0.8,-1.17746,0.0,0
450,2026-04-22T08:34:44.459Z,S20260422_093415,SC01,AUTO,14.4366,29.4386,0.0531,stabilize,1,1500,VIDE,0.0,0.09,0.0,4.331009,-0.698132,-0.0,1,0,21.836,19.108,0.0,0.09,0.0,5.5,2.0,0.5,0.05,0.8,-1.16899,0.0,0
451,2026-04-22T08:34:44.522Z,S20260422_093415,SC01,AUTO,14.5005,29.5024,0.0639,stabilize,1,1500,VIDE,0.0,0.09,0.0,4.347027,-0.698132,-0.0,1,0,23.987,19.618,0.0,0.09,0.0,5.5,2.0,0.5,0.05,0.8,-1.15297,0.0,0
452,2026-04-22T08:34:44.587Z,S20260422_093415,SC01,AUTO,14.5646,29.5665,0.0641,stabilize,1,1500,VIDE,0.0,0.09,0.0,4.36447,-0.698132,0.0,1,0,34.144,5.219,0.0,0.09,0.0,5.5,2.0,0.5,0.05,0.8,-1.13553,0.0,0
453,2026-04-22T08:34:44.651Z,S20260422_093415,SC01,AUTO,14.6287,29.6307,0.0641,stabilize,1,1500,VIDE,0.0,0.09,0.0,4.380889,-0.698132,-0.0,1,0,38.185,0.744,0.0,0.09,0.0,5.5,2.0,0.5,0.05,0.8,-1.11911,0.0,0
454,2026-04-22T08:34:44.712Z,S20260422_093415,SC01,AUTO,14.69,29.6919,0.0613,stabilize,1,1500,VIDE,0.0,0.09,0.0,4.389911,-0.698132,-0.0,1,0,29.676,24.933,0.0,0.09,0.0,5.5,2.0,0.5,0.05,0.8,-1.11009,0.0,0
455,2026-04-22T08:34:44.773Z,S20260422_093415,SC01,AUTO,14.7508,29.7527,0.0608,stabilize,1,1500,VIDE,0.0,0.09,0.0,4.403053,-0.698132,0.0,1,0,19.844,19.538,0.0,0.09,0.0,5.5,2.0,0.5,0.05,0.8,-1.09695,0.0,0
456,2026-04-22T08:34:44.832Z,S20260422_093415,SC01,AUTO,14.8104,29.8123,0.0596,stabilize,1,1500,VIDE,0.0,0.09,0.0,4.415817,-0.698132,-0.0,1,0,25.75,17.386,0.0,0.09,0.0,5.5,2.0,0.5,0.05,0.8,-1.08418,0.0,0
457,2026-04-22T08:34:44.906Z,S20260422_093415,SC01,AUTO,14.8839,29.8858,0.0735,stabilize,1,1500,VIDE,0.0,0.09,0.0,4.428284,-0.698132,0.0,1,0,28.794,19.072,0.0,0.09,0.0,5.5,2.0,0.5,0.05,0.8,-1.07172,0.0,0
458,2026-04-22T08:34:44.970Z,S20260422_093415,SC01,AUTO,14.9481,29.9501,0.0643,stabilize,1,1500,VIDE,0.0,0.09,0.0,4.440516,-0.698132,-0.0,1,0,23.429,18.925,0.0,0.09,0.0,5.5,2.0,0.5,0.05,0.8,-1.05948,0.0,0
459,2026-04-22T08:34:45.023Z,S20260422_093415,SC01,AUTO,15.0007,30.0027,0.0526,stabilize,1,1500,VIDE,0.0,0.09,0.0,4.452566,-0.698132,0.0,1,0,22.567,14.721,0.0,0.09,0.0,5.5,2.0,0.5,0.05,0.8,-1.04743,0.0,0
460,2026-04-22T08:34:45.082Z,S20260422_093415,SC01,AUTO,15.0604,30.0623,0.0596,stabilize,1,1500,VIDE,0.0,0.09,0.0,4.464471,-0.698132,-0.0,1,0,24.578,20.252,0.0,0.09,0.0,5.5,2.0,0.5,0.05,0.8,-1.03553,0.0,0
461,2026-04-22T08:34:45.146Z,S20260422_093415,SC01,AUTO,15.124,30.1259,0.0636,stabilize,1,1500,VIDE,0.0,0.09,0.0,4.476262,-0.698132,0.0,1,0,24.331,20.25,0.0,0.09,0.0,5.5,2.0,0.5,0.05,0.8,-1.02374,0.0,0
462,2026-04-22T08:34:45.210Z,S20260422_093415,SC01,AUTO,15.188,30.19,0.064,stabilize,1,1500,VIDE,0.0,0.09,0.0,4.487964,-0.698132,0.0,1,0,28.342,19.729,0.0,0.09,0.0,5.5,2.0,0.5,0.05,0.8,-1.01204,0.0,0
463,2026-04-22T08:34:45.272Z,S20260422_093415,SC01,AUTO,15.2502,30.2522,0.0622,stabilize,1,1500,VIDE,0.0,0.09,0.0,4.499595,-0.698132,-0.0,1,0,27.636,16.677,0.0,0.09,0.0,5.5,2.0,0.5,0.05,0.8,-1.0004,0.0,0
464,2026-04-22T08:34:45.333Z,S20260422_093415,SC01,AUTO,15.3107,30.3127,0.0604,stabilize,1,1500,VIDE,0.0,0.09,0.0,4.511171,-0.698132,-0.0,1,0,11.827,20.159,0.0,0.09,0.0,5.5,2.0,0.5,0.05,0.8,-0.98883,0.0,0
465,2026-04-22T08:34:45.403Z,S20260422_093415,SC01,AUTO,15.3809,30.3829,0.0702,stabilize,1,1500,VIDE,0.0,0.09,0.0,4.522702,-0.698132,-0.0,1,0,12.426,19.583,0.0,0.09,0.0,5.5,2.0,0.5,0.05,0.8,-0.9773,0.0,0
466,2026-04-22T08:34:45.457Z,S20260422_093415,SC01,AUTO,15.435,30.4369,0.0542,stabilize,1,1500,VIDE,0.0,0.09,0.0,4.534198,-0.698132,0.0,1,0,17.454,19.261,0.0,0.09,0.0,5.5,2.0,0.5,0.05,0.8,-0.9658,0.0,0
467,2026-04-22T08:34:45.523Z,S20260422_093415,SC01,AUTO,15.5006,30.5025,0.0656,stabilize,1,1500,VIDE,0.0,0.09,0.0,4.545667,-0.698132,-0.0,1,0,25.499,18.714,0.0,0.09,0.0,5.5,2.0,0.5,0.05,0.8,-0.95433,0.0,0
468,2026-04-22T08:34:45.589Z,S20260422_093415,SC01,AUTO,15.5668,30.5687,0.0662,stabilize,1,1500,VIDE,0.0,0.09,0.0,4.557113,-0.698132,0.0,1,0,7.691,20.161,0.0,0.09,0.0,5.5,2.0,0.5,0.05,0.8,-0.94289,0.0,0
469,2026-04-22T08:34:45.652Z,S20260422_093415,SC01,AUTO,15.6305,30.6324,0.0637,stabilize,1,1500,VIDE,0.0,0.09,0.0,4.568542,-0.698132,-0.0,1,0,28.642,18.124,0.0,0.09,0.0,5.5,2.0,0.5,0.05,0.8,-0.93146,0.0,0
470,2026-04-22T08:34:45.712Z,S20260422_093415,SC01,AUTO,15.6899,30.6919,0.0595,stabilize,1,1500,VIDE,0.0,0.09,0.0,4.579956,-0.698132,-0.0,1,0,11.98,19.795,0.0,0.09,0.0,5.5,2.0,0.5,0.05,0.8,-0.92004,0.0,0
471,2026-04-22T08:34:45.770Z,S20260422_093415,SC01,AUTO,15.7478,30.7498,0.0579,stabilize,1,1500,VIDE,0.0,0.09,0.0,4.591358,-0.698132,-0.0,1,0,9.847,19.981,0.0,0.09,0.0,5.5,2.0,0.5,0.05,0.8,-0.90864,0.0,0
472,2026-04-22T08:34:45.832Z,S20260422_093415,SC01,AUTO,15.8105,30.8125,0.0627,stabilize,1,1500,VIDE,0.0,0.09,0.0,4.602751,-0.698132,0.0,1,0,16.403,19.017,0.0,0.09,0.0,5.5,2.0,0.5,0.05,0.8,-0.89725,0.0,0
473,2026-04-22T08:34:45.898Z,S20260422_093415,SC01,AUTO,15.8757,30.8776,0.0652,stabilize,1,1500,VIDE,0.0,0.09,0.0,4.614135,-0.698132,0.0,1,0,12.267,19.341,0.0,0.09,0.0,5.5,2.0,0.5,0.05,0.8,-0.88586,0.0,0
474,2026-04-22T08:34:45.962Z,S20260422_093415,SC01,AUTO,15.9401,30.9421,0.0644,stabilize,1,1500,VIDE,0.0,0.09,0.0,4.625514,-0.698132,-0.0,1,0,18.393,20.089,0.0,0.09,0.0,5.5,2.0,0.5,0.05,0.8,-0.87449,0.0,0
475,2026-04-22T08:34:46.023Z,S20260422_093415,SC01,AUTO,16.0007,31.0026,0.0606,stabilize,1,1500,VIDE,0.0,0.09,0.0,4.636887,-0.698132,0.0,1,0,18.23,18.89,0.0,0.09,0.0,5.5,2.0,0.5,0.05,0.8,-0.86311,0.0,0
476,2026-04-22T08:34:46.089Z,S20260422_093415,SC01,AUTO,16.0667,31.0687,0.066,stabilize,1,1500,VIDE,0.0,0.09,0.0,4.648254,-0.698132,-0.0,1,0,23.126,19.151,0.0,0.09,0.0,5.5,2.0,0.5,0.05,0.8,-0.85175,0.0,0
477,2026-04-22T08:34:46.152Z,S20260422_093415,SC01,AUTO,16.1297,31.1316,0.0629,stabilize,1,1500,VIDE,0.0,0.09,0.0,4.659618,-0.698132,0.0,1,0,22.615,16.731,0.0,0.09,0.0,5.5,2.0,0.5,0.05,0.8,-0.84038,0.0,0
478,2026-04-22T08:34:46.212Z,S20260422_093415,SC01,AUTO,16.1896,31.1915,0.0599,stabilize,1,1500,VIDE,0.0,0.09,0.0,4.670979,-0.698132,0.0,1,0,30.04,20.384,0.0,0.09,0.0,5.5,2.0,0.5,0.05,0.8,-0.82902,0.0,0
479,2026-04-22T08:34:46.272Z,S20260422_093415,SC01,AUTO,16.2497,31.2517,0.0601,stabilize,1,1500,VIDE,0.0,0.09,0.0,4.682336,-0.698132,-0.0,1,0,27.428,20.105,0.0,0.09,0.0,5.5,2.0,0.5,0.05,0.8,-0.81766,0.0,0
480,2026-04-22T08:34:46.332Z,S20260422_093415,SC01,AUTO,16.3099,31.3118,0.0602,stabilize,1,1500,VIDE,0.0,0.09,0.0,4.69369,-0.698132,0.0,1,0,11.661,19.587,0.0,0.09,0.0,5.5,2.0,0.5,0.05,0.8,-0.80631,0.0,0
481,2026-04-22T08:34:46.406Z,S20260422_093415,SC01,AUTO,16.3843,31.3862,0.0743,stabilize,1,1500,VIDE,0.0,0.09,0.0,4.705041,-0.698132,-0.0,1,0,29.245,19.284,0.0,0.09,0.0,5.5,2.0,0.5,0.05,0.8,-0.79496,0.0,1
482,2026-04-22T08:34:46.458Z,S20260422_093415,SC01,AUTO,16.4361,31.4381,0.0519,stabilize,1,1500,VIDE,0.0,0.09,0.0,4.71639,-0.698132,-0.0,1,0,14.055,18.861,0.0,0.09,0.0,5.5,2.0,0.5,0.05,0.8,-0.78361,0.0,1
483,2026-04-22T08:34:46.522Z,S20260422_093415,SC01,AUTO,16.4999,31.5019,0.0638,stabilize,1,1500,VIDE,0.0,0.09,0.0,4.727736,-0.698132,0.0,1,0,12.132,18.398,0.0,0.09,0.0,5.5,2.0,0.5,0.05,0.8,-0.77226,0.0,1
484,2026-04-22T08:34:46.587Z,S20260422_093415,SC01,AUTO,16.565,31.567,0.065,stabilize,1,1500,VIDE,0.0,0.09,0.0,4.739081,-0.698132,-0.0,1,0,15.645,19.966,0.0,0.09,0.0,5.5,2.0,0.5,0.05,0.8,-0.76092,0.0,1
485,2026-04-22T08:34:46.650Z,S20260422_093415,SC01,AUTO,16.628,31.6299,0.0631,stabilize,1,1500,VIDE,0.0,0.09,0.0,4.750423,-0.698132,-0.0,1,0,15.866,19.037,0.0,0.09,0.0,5.5,2.0,0.5,0.05,0.8,-0.74958,0.0,1
486,2026-04-22T08:34:46.712Z,S20260422_093415,SC01,AUTO,16.6905,31.6925,0.0623,stabilize,1,1500,VIDE,0.0,0.09,0.0,4.761763,-0.698132,-0.0,1,0,17.18,15.994,0.0,0.09,0.0,5.5,2.0,0.5,0.05,0.8,-0.73824,0.0,1
487,2026-04-22T08:34:46.772Z,S20260422_093415,SC01,AUTO,16.7502,31.7521,0.0598,stabilize,1,1500,VIDE,0.0,0.09,0.0,4.773101,-0.698132,-0.0,1,0,15.755,19.361,0.0,0.09,0.0,5.5,2.0,0.5,0.05,0.8,-0.7269,0.0,1
488,2026-04-22T08:34:46.833Z,S20260422_093415,SC01,AUTO,16.8106,31.8126,0.0605,stabilize,1,1500,VIDE,0.0,0.09,0.0,4.784437,-0.698132,-0.0,1,0,22.564,19.229,0.0,0.09,0.0,5.5,2.0,0.5,0.05,0.8,-0.71556,0.0,1
489,2026-04-22T08:34:46.906Z,S20260422_093415,SC01,AUTO,16.884,31.8859,0.0733,stabilize,1,1500,VIDE,0.0,0.09,0.0,4.799548,-0.698132,-0.0,1,0,32.91,1.039,0.0,0.09,0.0,5.5,2.0,0.5,0.05,0.8,-0.70045,0.0,1
490,2026-04-22T08:34:46.967Z,S20260422_093415,SC01,AUTO,16.9452,31.9471,0.0612,stabilize,1,1500,VIDE,0.0,0.09,0.0,4.812768,-0.698132,0.0,1,0,12.631,20.358,0.0,0.09,0.0,5.5,2.0,0.5,0.05,0.8,-0.68723,0.0,1
491,2026-04-22T08:34:47.032Z,S20260422_093415,SC01,AUTO,17.0098,32.0117,0.0646,stabilize,1,1500,VIDE,0.0,0.09,0.0,4.824096,-0.698132,-0.0,1,0,14.309,19.273,0.0,0.09,0.0,5.5,2.0,0.5,0.05,0.8,-0.6759,0.0,1
492,2026-04-22T08:34:47.082Z,S20260422_093415,SC01,AUTO,17.0604,32.0624,0.0506,stabilize,1,1500,VIDE,0.0,0.09,0.0,4.833536,-0.698132,-0.0,1,0,30.321,1.062,0.0,0.09,0.0,5.5,2.0,0.5,0.05,0.8,-0.66646,0.0,1
493,2026-04-22T08:34:47.146Z,S20260422_093415,SC01,AUTO,17.124,32.1259,0.0635,stabilize,1,1500,VIDE,0.0,0.09,0.0,4.842974,-0.698132,0.0,1,0,33.55,11.465,0.0,0.09,0.0,5.5,2.0,0.5,0.05,0.8,-0.65703,0.0,1
494,2026-04-22T08:34:47.210Z,S20260422_093415,SC01,AUTO,17.188,32.1899,0.0641,stabilize,1,1500,VIDE,0.0,0.09,0.0,4.858072,-0.698132,-0.0,1,0,16.12,18.674,0.0,0.09,0.0,5.5,2.0,0.5,0.05,0.8,-0.64193,0.0,1
495,2026-04-22T08:34:47.272Z,S20260422_093415,SC01,AUTO,17.2496,32.2515,0.0616,stabilize,1,1500,VIDE,0.0,0.09,0.0,4.869393,-0.698132,0.0,1,0,16.201,19.802,0.0,0.09,0.0,5.5,2.0,0.5,0.05,0.8,-0.63061,0.0,1
496,2026-04-22T08:34:47.332Z,S20260422_093415,SC01,AUTO,17.3099,32.3119,0.0603,stabilize,1,1500,VIDE,0.0,0.09,0.0,4.880712,-0.698132,-0.0,1,0,18.074,18.988,0.0,0.09,0.0,5.5,2.0,0.5,0.05,0.8,-0.61929,0.0,1
497,2026-04-22T08:34:47.403Z,S20260422_093415,SC01,AUTO,17.3806,32.3825,0.0706,stabilize,1,1500,VIDE,0.0,0.09,0.0,4.89203,-0.698132,0.0,1,0,17.301,18.511,0.0,0.09,0.0,5.5,2.0,0.5,0.05,0.8,-0.60797,0.0,1
498,2026-04-22T08:34:47.467Z,S20260422_093415,SC01,AUTO,17.4451,32.447,0.0645,stabilize,1,1500,VIDE,0.0,0.09,0.0,4.903345,-0.698132,-0.0,1,0,17.991,18.973,0.0,0.09,0.0,5.5,2.0,0.5,0.05,0.8,-0.59665,0.0,1
499,2026-04-22T08:34:47.524Z,S20260422_093415,SC01,AUTO,17.5017,32.5036,0.0566,stabilize,1,1500,VIDE,0.0,0.09,0.0,4.914659,-0.698132,-0.0,1,0,21.091,18.041,0.0,0.09,0.0,5.5,2.0,0.5,0.05,0.8,-0.58534,0.0,1
500,2026-04-22T08:34:47.591Z,S20260422_093415,SC01,AUTO,17.569,32.5709,0.0672,stabilize,1,1500,VIDE,0.0,0.09,0.0,4.925971,-0.698132,-0.0,1,0,15.122,19.577,0.0,0.09,0.0,5.5,2.0,0.5,0.05,0.8,-0.57403,0.0,1
501,2026-04-22T08:34:47.652Z,S20260422_093415,SC01,AUTO,17.6304,32.6324,0.0616,stabilize,1,1500,VIDE,0.0,0.09,0.0,4.93728,-0.698132,-0.0,1,0,18.366,15.778,0.0,0.09,0.0,5.5,2.0,0.5,0.05,0.8,-0.56272,0.0,1
502,2026-04-22T08:34:47.712Z,S20260422_093415,SC01,AUTO,17.6903,32.6923,0.0599,stabilize,1,1500,VIDE,0.0,0.09,0.0,4.948588,-0.698132,-0.0,1,0,18.248,19.284,0.0,0.09,0.0,5.5,2.0,0.5,0.05,0.8,-0.55141,0.0,1
503,2026-04-22T08:34:47.771Z,S20260422_093415,SC01,AUTO,17.7495,32.7514,0.0591,stabilize,1,1500,VIDE,0.0,0.09,0.0,4.959894,-0.698132,0.0,1,0,22.959,18.997,0.0,0.09,0.0,5.5,2.0,0.5,0.05,0.8,-0.54011,0.0,1
504,2026-04-22T08:34:47.835Z,S20260422_093415,SC01,AUTO,17.8136,32.8155,0.0638,stabilize,1,1500,VIDE,0.0,0.09,0.0,4.971198,-0.698132,-0.0,1,0,20.89,18.093,0.0,0.09,0.0,5.5,2.0,0.5,0.05,0.8,-0.5288,0.0,1
505,2026-04-22T08:34:47.899Z,S20260422_093415,SC01,AUTO,17.8766,32.8785,0.0633,stabilize,1,1500,VIDE,0.0,0.09,0.0,4.9825,-0.698132,-0.0,1,0,22.549,19.323,0.0,0.09,0.0,5.5,2.0,0.5,0.05,0.8,-0.5175,0.0,1
506,2026-04-22T08:34:47.963Z,S20260422_093415,SC01,AUTO,17.9409,32.9429,0.0644,stabilize,1,1500,VIDE,0.0,0.09,0.0,4.9938,-0.698132,0.0,1,0,23.761,19.004,0.0,0.09,0.0,5.5,2.0,0.5,0.05,0.8,-0.5062,0.0,1
507,2026-04-22T08:34:48.034Z,S20260422_093415,SC01,AUTO,18.0117,33.0136,0.0708,stabilize,1,1500,VIDE,0.0,0.09,0.0,5.010746,-0.698132,-0.0,1,0,16.293,19.348,0.0,0.09,0.0,5.5,2.0,0.5,0.05,0.8,-0.48925,0.0,1
508,2026-04-22T08:34:48.086Z,S20260422_093415,SC01,AUTO,18.064,33.066,0.0523,stabilize,1,1500,VIDE,0.0,0.09,0.0,5.016395,-0.698132,-0.0,1,0,23.317,21.415,0.0,0.09,0.0,5.5,2.0,0.5,0.05,0.8,-0.48361,0.0,1
509,2026-04-22T08:34:48.147Z,S20260422_093415,SC01,AUTO,18.1254,33.1273,0.0614,stabilize,1,1500,VIDE,0.0,0.09,0.0,5.027689,-0.698132,-0.0,1,0,26.262,19.829,0.0,0.09,0.0,5.5,2.0,0.5,0.05,0.8,-0.47231,0.0,1
510,2026-04-22T08:34:48.212Z,S20260422_093415,SC01,AUTO,18.1899,33.1919,0.0646,stabilize,1,1500,VIDE,0.0,0.09,0.0,5.044627,-0.698132,0.0,1,0,15.653,19.676,0.0,0.09,0.0,5.5,2.0,0.5,0.05,0.8,-0.45537,0.0,1
511,2026-04-22T08:34:48.271Z,S20260422_093415,SC01,AUTO,18.2494,33.2513,0.0594,stabilize,1,1500,VIDE,0.0,0.09,0.0,5.050272,-0.698132,0.0,1,0,29.54,19.313,0.0,0.09,0.0,5.5,2.0,0.5,0.05,0.8,-0.44973,0.0,1
512,2026-04-22T08:34:48.332Z,S20260422_093415,SC01,AUTO,18.3105,33.3124,0.0611,stabilize,1,1500,VIDE,0.0,0.09,0.0,5.067204,-0.698132,-0.0,1,0,15.887,20.078,0.0,0.09,0.0,5.5,2.0,0.5,0.05,0.8,-0.4328,0.0,1
513,2026-04-22T08:34:48.403Z,S20260422_093415,SC01,AUTO,18.3812,33.3831,0.0707,stabilize,1,1500,VIDE,0.0,0.09,0.0,5.078489,-0.698132,-0.0,1,0,19.727,19.716,0.0,0.09,0.0,5.5,2.0,0.5,0.05,0.8,-0.42151,0.0,1
514,2026-04-22T08:34:48.459Z,S20260422_093415,SC01,AUTO,18.437,33.439,0.0558,stabilize,1,1500,VIDE,0.0,0.09,0.0,5.089773,-0.698132,0.0,1,0,14.973,18.857,0.0,0.09,0.0,5.5,2.0,0.5,0.05,0.8,-0.41023,0.0,1
515,2026-04-22T08:34:48.521Z,S20260422_093415,SC01,AUTO,18.4995,33.5014,0.0625,stabilize,1,1500,VIDE,0.0,0.09,0.0,5.101054,-0.698132,-0.0,1,0,18.589,19.216,0.0,0.09,0.0,5.5,2.0,0.5,0.05,0.8,-0.39895,0.0,1
516,2026-04-22T08:34:48.587Z,S20260422_093415,SC01,AUTO,18.5648,33.5667,0.0652,stabilize,1,1500,VIDE,0.0,0.09,0.0,5.112334,-0.698132,-0.0,1,0,17.324,19.194,0.0,0.09,0.0,5.5,2.0,0.5,0.05,0.8,-0.38767,0.0,1
517,2026-04-22T08:34:48.650Z,S20260422_093415,SC01,AUTO,18.6283,33.6303,0.0636,stabilize,1,1500,VIDE,0.0,0.09,0.0,5.123611,-0.698132,-0.0,1,0,14.084,19.256,0.0,0.09,0.0,5.5,2.0,0.5,0.05,0.8,-0.37639,0.0,1
518,2026-04-22T08:34:48.712Z,S20260422_093415,SC01,AUTO,18.6896,33.6916,0.0613,stabilize,1,1500,VIDE,0.0,0.09,0.0,5.136766,-0.698132,-0.0,1,0,38.913,12.999,0.0,0.09,0.0,5.5,2.0,0.5,0.05,0.8,-0.36323,0.0,1
519,2026-04-22T08:34:48.772Z,S20260422_093415,SC01,AUTO,18.7502,33.7521,0.0605,stabilize,1,1500,VIDE,0.0,0.09,0.0,5.146161,-0.698132,-0.0,1,0,14.262,20.374,0.0,0.09,0.0,5.5,2.0,0.5,0.05,0.8,-0.35384,0.0,1
520,2026-04-22T08:34:48.836Z,S20260422_093415,SC01,AUTO,18.8139,33.8158,0.0637,stabilize,1,1500,VIDE,0.0,0.09,0.0,5.159311,-0.698132,-0.0,1,0,42.25,25.96,0.0,0.09,0.0,5.5,2.0,0.5,0.05,0.8,-0.34069,0.0,1
521,2026-04-22T08:34:48.902Z,S20260422_093415,SC01,AUTO,18.8802,33.8821,0.0663,stabilize,1,1500,VIDE,0.0,0.09,0.0,5.174336,-0.698132,0.0,1,0,24.277,19.062,0.0,0.09,0.0,5.5,2.0,0.5,0.05,0.8,-0.32566,0.0,1
522,2026-04-22T08:34:48.964Z,S20260422_093415,SC01,AUTO,18.9419,33.9439,0.0618,stabilize,1,1500,VIDE,0.0,0.09,0.0,5.185603,-0.698132,-0.0,1,0,24.233,19.716,0.0,0.09,0.0,5.5,2.0,0.5,0.05,0.8,-0.3144,0.0,1
523,2026-04-22T08:34:49.023Z,S20260422_093415,SC01,AUTO,19.0014,34.0033,0.0594,stabilize,1,1500,VIDE,0.0,0.09,0.0,5.196868,-0.698132,-0.0,1,0,23.33,18.818,0.0,0.09,0.0,5.5,2.0,0.5,0.05,0.8,-0.30313,0.0,1
524,2026-04-22T08:34:49.082Z,S20260422_093415,SC01,AUTO,19.0598,34.0617,0.0584,stabilize,1,1500,VIDE,0.0,0.09,0.0,5.208131,-0.698132,-0.0,1,0,22.409,19.478,0.0,0.09,0.0,5.5,2.0,0.5,0.05,0.8,-0.29187,0.0,1
525,2026-04-22T08:34:49.146Z,S20260422_093415,SC01,AUTO,19.1243,34.1262,0.0645,stabilize,1,1500,VIDE,0.0,0.09,0.0,5.219391,-0.698132,0.0,1,0,21.53,19.932,0.0,0.09,0.0,5.5,2.0,0.5,0.05,0.8,-0.28061,0.0,1
526,2026-04-22T08:34:49.210Z,S20260422_093415,SC01,AUTO,19.1884,34.1903,0.0641,stabilize,1,1500,VIDE,0.0,0.09,0.0,5.23065,-0.698132,-0.0,1,0,26.506,18.882,0.0,0.09,0.0,5.5,2.0,0.5,0.05,0.8,-0.26935,0.0,1
527,2026-04-22T08:34:49.272Z,S20260422_093415,SC01,AUTO,19.2501,34.252,0.0617,stabilize,1,1500,VIDE,0.0,0.09,0.0,5.241907,-0.698132,0.0,1,0,26.427,16.856,0.0,0.09,0.0,5.5,2.0,0.5,0.05,0.8,-0.25809,0.0,1
528,2026-04-22T08:34:49.332Z,S20260422_093415,SC01,AUTO,19.3101,34.312,0.0599,stabilize,1,1500,VIDE,0.0,0.09,0.0,5.253162,-0.698132,0.0,1,0,26.9,18.38,0.0,0.09,0.0,5.5,2.0,0.5,0.05,0.8,-0.24684,0.0,1
529,2026-04-22T08:34:49.399Z,S20260422_093415,SC01,AUTO,19.3766,34.3785,0.0665,stabilize,1,1500,VIDE,0.0,0.09,0.0,5.264414,-0.698132,-0.0,1,0,9.423,19.077,0.0,0.09,0.0,5.5,2.0,0.5,0.05,0.8,-0.23559,0.0,1
530,2026-04-22T08:34:49.460Z,S20260422_093415,SC01,AUTO,19.4384,34.4403,0.0619,stabilize,1,1500,VIDE,0.0,0.09,0.0,5.275665,-0.698132,0.0,1,0,28.068,18.448,0.0,0.09,0.0,5.5,2.0,0.5,0.05,0.8,-0.22433,0.0,1
531,2026-04-22T08:34:49.522Z,S20260422_093415,SC01,AUTO,19.5003,34.5022,0.0618,stabilize,1,1500,VIDE,0.0,0.09,0.0,5.286914,-0.698132,-0.0,1,0,24.652,18.661,0.0,0.09,0.0,5.5,2.0,0.5,0.05,0.8,-0.21309,0.0,1
532,2026-04-22T08:34:49.584Z,S20260422_093415,SC01,AUTO,19.5623,34.5642,0.0621,stabilize,1,1500,VIDE,0.0,0.09,0.0,5.298161,-0.698132,0.0,1,0,25.689,20.002,0.0,0.09,0.0,5.5,2.0,0.5,0.05,0.8,-0.20184,0.0,1
533,2026-04-22T08:34:49.645Z,S20260422_093415,SC01,AUTO,19.6228,34.6248,0.0605,stabilize,1,1500,VIDE,0.0,0.09,0.0,5.311279,-0.698132,0.0,1,0,32.091,9.184,0.0,0.09,0.0,5.5,2.0,0.5,0.05,0.8,-0.18872,0.0,1
534,2026-04-22T08:34:49.710Z,S20260422_093415,SC01,AUTO,19.6878,34.6898,0.065,stabilize,1,1500,VIDE,0.0,0.09,0.0,5.326268,-0.698132,-0.0,1,0,17.192,19.154,0.0,0.09,0.0,5.5,2.0,0.5,0.05,0.8,-0.17373,0.0,1
535,2026-04-22T08:34:49.770Z,S20260422_093415,SC01,AUTO,19.748,34.7499,0.0601,stabilize,1,1500,VIDE,0.0,0.09,0.0,5.337508,-0.698132,0.0,1,0,13.547,19.75,0.0,0.09,0.0,5.5,2.0,0.5,0.05,0.8,-0.16249,0.0,1
536,2026-04-22T08:34:49.832Z,S20260422_093415,SC01,AUTO,19.81,34.812,0.0621,stabilize,1,1500,VIDE,0.0,0.09,0.0,5.348745,-0.698132,-0.0,1,0,15.642,20.576,0.0,0.09,0.0,5.5,2.0,0.5,0.05,0.8,-0.15125,0.0,1
537,2026-04-22T08:34:49.898Z,S20260422_093415,SC01,AUTO,19.8761,34.878,0.0661,stabilize,1,1500,VIDE,0.0,0.09,0.0,5.359981,-0.698132,-0.0,1,0,9.441,19.623,0.0,0.09,0.0,5.5,2.0,0.5,0.05,0.8,-0.14002,0.0,1
538,2026-04-22T08:34:49.961Z,S20260422_093415,SC01,AUTO,19.9394,34.9413,0.0633,stabilize,1,1500,VIDE,0.0,0.09,0.0,5.371214,-0.698132,-0.0,1,0,10.103,19.418,0.0,0.09,0.0,5.5,2.0,0.5,0.05,0.8,-0.12879,0.0,1
539,2026-04-22T08:34:50.037Z,S20260422_093415,SC01,AUTO,20.0146,35.0165,0.0752,stabilize,1,1500,VIDE,0.0,0.09,0.0,5.388061,-0.698132,-0.0,1,0,19.479,19.457,0.0,0.09,0.0,5.5,2.0,0.5,0.05,0.8,-0.11194,0.0,1
540,2026-04-22T08:34:50.086Z,S20260422_093415,SC01,AUTO,20.064,35.0659,0.0494,stabilize,1,1500,VIDE,0.0,0.09,0.0,5.395546,-0.698132,-0.0,1,0,33.259,8.978,0.0,0.09,0.0,5.5,2.0,0.5,0.05,0.8,-0.10445,0.0,1
541,2026-04-22T08:34:50.149Z,S20260422_093415,SC01,AUTO,20.1275,35.1295,0.0635,stabilize,1,1500,VIDE,0.0,0.09,0.0,5.410515,-0.698132,-0.0,1,0,12.311,20.037,0.0,0.09,0.0,5.5,2.0,0.5,0.05,0.8,-0.08949,0.0,1
542,2026-04-22T08:34:50.212Z,S20260422_093415,SC01,AUTO,20.1897,35.1916,0.0622,stabilize,1,1500,VIDE,0.0,0.09,0.0,5.421739,-0.698132,0.0,1,0,14.135,19.787,0.0,0.09,0.0,5.5,2.0,0.5,0.05,0.8,-0.07826,0.0,1
543,2026-04-22T08:34:50.272Z,S20260422_093415,SC01,AUTO,20.2495,35.2515,0.0599,stabilize,1,1500,VIDE,0.0,0.09,0.0,5.432961,-0.698132,-0.0,1,0,11.578,20.215,0.0,0.09,0.0,5.5,2.0,0.5,0.05,0.8,-0.06704,0.0,1
544,2026-04-22T08:34:50.332Z,S20260422_093415,SC01,AUTO,20.3101,35.3121,0.0606,stabilize,1,1500,VIDE,0.0,0.09,0.0,5.444181,-0.698132,-0.0,1,0,8.736,19.195,0.0,0.09,0.0,5.5,2.0,0.5,0.05,0.8,-0.05582,0.0,1
545,2026-04-22T08:34:50.400Z,S20260422_093415,SC01,AUTO,20.3778,35.3798,0.0677,stabilize,1,1500,VIDE,0.0,0.09,0.0,5.455399,-0.698132,0.0,1,0,29.695,19.192,0.0,0.09,0.0,5.5,2.0,0.5,0.05,0.8,-0.0446,0.0,1
546,2026-04-22T08:34:50.459Z,S20260422_093415,SC01,AUTO,20.4374,35.4394,0.0595,stabilize,1,1500,VIDE,0.0,0.09,0.0,5.466615,-0.698132,-0.0,1,0,9.835,19.483,0.0,0.09,0.0,5.5,2.0,0.5,0.05,0.8,-0.03338,0.0,1
547,2026-04-22T08:34:50.523Z,S20260422_093415,SC01,AUTO,20.5006,35.5025,0.0633,stabilize,1,1500,VIDE,0.0,0.09,0.0,5.477829,-0.698132,0.0,1,0,29.248,18.71,0.0,0.09,0.0,5.5,2.0,0.5,0.05,0.8,-0.02217,0.0,1
548,2026-04-22T08:34:50.587Z,S20260422_093415,SC01,AUTO,20.5648,35.5668,0.0642,stabilize,1,1500,VIDE,0.0,0.09,0.0,5.48904,-0.698132,-0.0,1,0,11.481,19.777,0.0,0.09,0.0,5.5,2.0,0.5,0.05,0.8,-0.01096,0.0,1
549,2026-04-22T08:34:50.650Z,S20260422_093415,SC01,AUTO,20.6285,35.6304,0.0637,stabilize,1,1500,VIDE,0.0,0.09,0.0,5.50025,-0.698132,-0.0,1,0,17.855,18.104,0.0,0.09,0.0,5.5,2.0,0.5,0.05,0.8,0.00025,0.0,1
550,2026-04-22T08:34:50.712Z,S20260422_093415,SC01,AUTO,20.6898,35.6917,0.0613,stabilize,1,1500,VIDE,0.0,0.09,0.0,5.511457,-0.698132,-0.0,1,0,14.978,15.347,0.0,0.09,0.0,5.5,2.0,0.5,0.05,0.8,0.01146,0.0,1
551,2026-04-22T08:34:50.771Z,S20260422_093415,SC01,AUTO,20.7491,35.751,0.0593,stabilize,1,1500,VIDE,0.0,0.09,0.0,5.522663,-0.698132,-0.0,1,0,14.962,18.544,0.0,0.09,0.0,5.5,2.0,0.5,0.05,0.8,0.02266,0.0,1
552,2026-04-22T08:34:50.832Z,S20260422_093415,SC01,AUTO,20.8102,35.8121,0.0611,stabilize,1,1500,VIDE,0.0,0.09,0.0,5.539467,-0.698132,0.0,1,0,18.229,19.262,0.0,0.09,0.0,5.5,2.0,0.5,0.05,0.8,0.03947,0.0,1
553,2026-04-22T08:34:50.899Z,S20260422_093415,SC01,AUTO,20.8772,35.8792,0.0671,stabilize,1,1500,VIDE,0.0,0.09,0.0,5.550667,-0.698132,-0.0,1,0,20.195,18.667,0.0,0.09,0.0,5.5,2.0,0.5,0.05,0.8,0.05067,0.0,1
554,2026-04-22T08:34:50.961Z,S20260422_093415,SC01,AUTO,20.9393,35.9413,0.0621,stabilize,1,1500,VIDE,0.0,0.09,0.0,5.561865,-0.698132,0.0,1,0,14.004,19.519,0.0,0.09,0.0,5.5,2.0,0.5,0.05,0.8,0.06187,0.0,1
555,2026-04-22T08:34:51.025Z,S20260422_093415,SC01,AUTO,21.0031,36.0051,0.0638,stabilize,1,1500,VIDE,0.0,0.09,0.0,5.573061,-0.698132,-0.0,1,0,14.975,19.349,0.0,0.09,0.0,5.5,2.0,0.5,0.05,0.8,0.07306,0.0,1
556,2026-04-22T08:34:51.083Z,S20260422_093415,SC01,AUTO,21.0609,36.0628,0.0577,stabilize,1,1500,VIDE,0.0,0.09,0.0,5.584255,-0.698132,0.0,1,0,11.099,19.693,0.0,0.09,0.0,5.5,2.0,0.5,0.05,0.8,0.08426,0.0,1
557,2026-04-22T08:34:51.146Z,S20260422_093415,SC01,AUTO,21.1238,36.1257,0.0629,stabilize,1,1500,VIDE,0.0,0.09,0.0,5.595447,-0.698132,0.0,1,0,12.342,19.909,0.0,0.09,0.0,5.5,2.0,0.5,0.05,0.8,0.09545,0.0,1
558,2026-04-22T08:34:51.209Z,S20260422_093415,SC01,AUTO,21.1874,36.1893,0.0636,stabilize,1,1500,VIDE,0.0,0.09,0.0,5.612231,-0.698132,0.0,1,0,16.764,19.526,0.0,0.09,0.0,5.5,2.0,0.5,0.05,0.8,0.11223,0.0,1
559,2026-04-22T08:34:51.272Z,S20260422_093415,SC01,AUTO,21.2501,36.2521,0.0627,stabilize,1,1500,VIDE,0.0,0.09,0.0,5.623417,-0.698132,-0.0,1,0,13.636,20.0,0.0,0.09,0.0,5.5,2.0,0.5,0.05,0.8,0.12342,0.0,1
560,2026-04-22T08:34:51.333Z,S20260422_093415,SC01,AUTO,21.3106,36.3125,0.0605,stabilize,1,1500,VIDE,0.0,0.09,0.0,5.634601,-0.698132,-0.0,1,0,9.673,20.598,0.0,0.09,0.0,5.5,2.0,0.5,0.05,0.8,0.1346,0.0,1
561,2026-04-22T08:34:51.397Z,S20260422_093415,SC01,AUTO,21.3755,36.3775,0.0649,stabilize,1,1500,VIDE,0.0,0.09,0.0,5.645783,-0.698132,0.0,1,0,7.381,19.543,0.0,0.09,0.0,5.5,2.0,0.5,0.05,0.8,0.14578,0.0,1
562,2026-04-22T08:34:51.458Z,S20260422_093415,SC01,AUTO,21.4361,36.438,0.0606,stabilize,1,1500,VIDE,0.0,0.09,0.0,5.656963,-0.698132,-0.0,1,0,28.052,19.583,0.0,0.09,0.0,5.5,2.0,0.5,0.05,0.8,0.15696,0.0,1
563,2026-04-22T08:34:51.519Z,S20260422_093415,SC01,AUTO,21.4974,36.4994,0.0613,stabilize,1,1500,VIDE,0.0,0.09,0.0,5.668141,-0.698132,-0.0,1,0,5.807,19.58,0.0,0.09,0.0,5.5,2.0,0.5,0.05,0.8,0.16814,0.0,1
564,2026-04-22T08:34:51.588Z,S20260422_093415,SC01,AUTO,21.5665,36.5685,0.0691,stabilize,1,1500,VIDE,0.0,0.09,0.0,5.684904,-0.698132,-0.0,1,0,28.667,20.179,0.0,0.09,0.0,5.5,2.0,0.5,0.05,0.8,0.1849,0.0,1
565,2026-04-22T08:34:51.652Z,S20260422_093415,SC01,AUTO,21.6299,36.6318,0.0633,stabilize,1,1500,VIDE,0.0,0.09,0.0,5.696076,-0.698132,0.0,1,0,23.476,17.933,0.0,0.09,0.0,5.5,2.0,0.5,0.05,0.8,0.19608,0.0,1
566,2026-04-22T08:34:51.707Z,S20260422_093415,SC01,AUTO,21.6854,36.6873,0.0555,stabilize,1,1500,VIDE,0.0,0.09,0.0,5.707247,-0.698132,-0.0,1,0,23.031,19.738,0.0,0.09,0.0,5.5,2.0,0.5,0.05,0.8,0.20725,0.0,1
567,2026-04-22T08:34:51.770Z,S20260422_093415,SC01,AUTO,21.7478,36.7497,0.0624,stabilize,1,1500,VIDE,0.0,0.09,0.0,5.718415,-0.698132,-0.0,1,0,17.072,16.286,0.0,0.09,0.0,5.5,2.0,0.5,0.05,0.8,0.21842,0.0,1
568,2026-04-22T08:34:51.832Z,S20260422_093415,SC01,AUTO,21.8098,36.8117,0.062,stabilize,1,1500,VIDE,0.0,0.09,0.0,5.729581,-0.698132,0.0,1,0,19.242,14.457,0.0,0.09,0.0,5.5,2.0,0.5,0.05,0.8,0.22958,0.0,1
569,2026-04-22T08:34:51.898Z,S20260422_093415,SC01,AUTO,21.8757,36.8777,0.066,stabilize,1,1500,VIDE,0.0,0.09,0.0,5.746326,-0.698132,-0.0,1,0,22.567,19.605,0.0,0.09,0.0,5.5,2.0,0.5,0.05,0.8,0.24633,0.0,1
570,2026-04-22T08:34:51.957Z,S20260422_093415,SC01,AUTO,21.9348,36.9368,0.0591,stabilize,1,1500,VIDE,0.0,0.09,0.0,5.757487,-0.698132,0.0,1,0,17.145,19.184,0.0,0.09,0.0,5.5,2.0,0.5,0.05,0.8,0.25749,0.0,1
571,2026-04-22T08:34:52.024Z,S20260422_093415,SC01,AUTO,22.0024,37.0043,0.0675,hold,1,1500,VIDE,0.0,0.03,0.0,5.768645,-0.698132,0.0,1,0,17.66,19.536,0.0,0.03,0.0,5.4,2.0,0.5,0.05,0.8,0.36865,0.0,1
572,2026-04-22T08:34:52.089Z,S20260422_093415,SC01,AUTO,22.0668,37.0687,0.0644,hold,1,1500,VIDE,0.0,0.03,0.0,5.779443,-0.698132,-0.0,1,0,11.605,19.02,0.0,0.03,0.0,5.4,2.0,0.5,0.05,0.8,0.37944,0.0,1
573,2026-04-22T08:34:52.146Z,S20260422_093415,SC01,AUTO,22.1236,37.1255,0.0568,hold,1,1500,VIDE,0.0,0.03,0.0,5.787907,-0.698132,0.0,1,0,27.774,21.755,0.0,0.03,0.0,5.4,2.0,0.5,0.05,0.8,0.38791,0.0,1
574,2026-04-22T08:34:52.212Z,S20260422_093415,SC01,AUTO,22.1904,37.1923,0.0668,hold,1,1500,VIDE,0.0,0.03,0.0,5.796723,-0.698132,0.0,1,0,12.146,19.045,0.0,0.03,0.0,5.4,2.0,0.5,0.05,0.8,0.39672,0.0,1
575,2026-04-22T08:34:52.271Z,S20260422_093415,SC01,AUTO,22.2493,37.2513,0.0589,hold,1,1500,VIDE,0.0,0.03,0.0,5.800652,-0.698132,-0.0,1,0,12.443,20.46,0.0,0.03,0.0,5.4,2.0,0.5,0.05,0.8,0.40065,0.0,1
576,2026-04-22T08:34:52.332Z,S20260422_093415,SC01,AUTO,22.31,37.3119,0.0606,hold,1,1500,VIDE,0.0,0.03,0.0,5.803409,-0.698132,0.0,1,0,23.212,15.012,0.0,0.03,0.0,5.4,2.0,0.5,0.05,0.8,0.40341,0.0,1
577,2026-04-22T08:34:52.395Z,S20260422_093415,SC01,AUTO,22.3726,37.3746,0.0627,hold,1,1500,VIDE,0.0,0.03,0.0,5.805248,-0.698132,-0.0,1,0,22.307,19.599,0.0,0.03,0.0,5.4,2.0,0.5,0.05,0.8,0.40525,0.0,1
578,2026-04-22T08:34:52.457Z,S20260422_093415,SC01,AUTO,22.4353,37.4373,0.0627,hold,1,1500,VIDE,0.0,0.03,0.0,5.806366,-0.698132,-0.0,1,0,17.371,19.241,0.0,0.03,0.0,5.4,2.0,0.5,0.05,0.8,0.40637,0.0,1
579,2026-04-22T08:34:52.522Z,S20260422_093415,SC01,AUTO,22.5,37.5019,0.0647,hold,1,1500,VIDE,0.0,0.03,0.0,5.807023,-0.698132,-0.0,1,0,24.158,17.779,0.0,0.03,0.0,5.4,2.0,0.5,0.05,0.8,0.40702,0.0,1
580,2026-04-22T08:34:52.582Z,S20260422_093415,SC01,AUTO,22.5602,37.5622,0.0602,hold,1,1500,VIDE,0.0,0.03,0.0,5.806949,-0.698132,-0.0,1,0,18.736,19.956,0.0,0.03,0.0,5.4,2.0,0.5,0.05,0.8,0.40695,0.0,1
581,2026-04-22T08:34:52.644Z,S20260422_093415,SC01,AUTO,22.6226,37.6245,0.0624,hold,1,1500,VIDE,0.0,0.03,0.0,5.806566,-0.698132,-0.0,1,0,14.455,18.95,0.0,0.03,0.0,5.4,2.0,0.5,0.05,0.8,0.40657,0.0,1
582,2026-04-22T08:34:52.707Z,S20260422_093415,SC01,AUTO,22.6852,37.6872,0.0627,hold,1,1500,VIDE,0.0,0.03,0.0,5.805943,-0.698132,-0.0,1,0,13.523,18.689,0.0,0.03,0.0,5.4,2.0,0.5,0.05,0.8,0.40594,0.0,1
583,2026-04-22T08:34:52.770Z,S20260422_093415,SC01,AUTO,22.7483,37.7503,0.0631,hold,1,1500,VIDE,0.0,0.03,0.0,5.804979,-0.698132,-0.0,1,0,37.086,25.661,0.0,0.03,0.0,5.4,2.0,0.5,0.05,0.8,0.40498,0.0,1
584,2026-04-22T08:34:52.832Z,S20260422_093415,SC01,AUTO,22.8101,37.812,0.0617,hold,1,1500,VIDE,0.0,0.03,0.0,5.803643,-0.698132,0.0,1,0,17.994,19.601,0.0,0.03,0.0,5.4,2.0,0.5,0.05,0.8,0.40364,0.0,1
585,2026-04-22T08:34:52.906Z,S20260422_093415,SC01,AUTO,22.8837,37.8856,0.0736,hold,1,1500,VIDE,0.0,0.03,0.0,5.802517,-0.698132,-0.0,1,0,12.655,19.463,0.0,0.03,0.0,5.4,2.0,0.5,0.05,0.8,0.40252,0.0,1
586,2026-04-22T08:34:52.971Z,S20260422_093415,SC01,AUTO,22.9487,37.9507,0.065,hold,1,1500,VIDE,0.0,0.03,0.0,5.801104,-0.698132,-0.0,1,0,37.303,20.384,0.0,0.03,0.0,5.4,2.0,0.5,0.05,0.8,0.4011,0.0,1
587,2026-04-22T08:34:53.036Z,S20260422_093415,SC01,AUTO,23.0144,38.0164,0.0657,hold,1,1500,VIDE,0.0,0.03,0.0,5.799387,-0.698132,-0.0,1,0,20.676,18.755,0.0,0.03,0.0,5.4,2.0,0.5,0.05,0.8,0.39939,0.0,1
588,2026-04-22T08:34:53.083Z,S20260422_093415,SC01,AUTO,23.0609,38.0628,0.0465,hold,1,1500,VIDE,0.0,0.03,0.0,5.798273,-0.698132,-0.0,1,0,30.247,1.133,0.0,0.03,0.0,5.4,2.0,0.5,0.05,0.8,0.39827,0.0,1
589,2026-04-22T08:34:53.146Z,S20260422_093415,SC01,AUTO,23.1238,38.1258,0.0629,hold,1,1500,VIDE,0.0,0.03,0.0,5.796673,-0.698132,-0.0,1,0,9.631,18.494,0.0,0.03,0.0,5.4,2.0,0.5,0.05,0.8,0.39667,0.0,1
590,2026-04-22T08:34:53.210Z,S20260422_093415,SC01,AUTO,23.1877,38.1896,0.0639,hold,1,1500,VIDE,0.0,0.03,0.0,5.795742,-0.698132,0.0,1,0,37.143,8.607,0.0,0.03,0.0,5.4,2.0,0.5,0.05,0.8,0.39574,0.0,1
591,2026-04-22T08:34:53.272Z,S20260422_093415,SC01,AUTO,23.25,38.2519,0.0623,hold,1,1500,VIDE,0.0,0.03,0.0,5.79385,-0.698132,-0.0,1,0,15.273,18.972,0.0,0.03,0.0,5.4,2.0,0.5,0.05,0.8,0.39385,0.0,1
592,2026-04-22T08:34:53.332Z,S20260422_093415,SC01,AUTO,23.3098,38.3117,0.0598,hold,1,1500,VIDE,0.0,0.03,0.0,5.792411,-0.698132,-0.0,1,0,11.536,18.931,0.0,0.03,0.0,5.4,2.0,0.5,0.05,0.8,0.39241,0.0,1
593,2026-04-22T08:34:53.402Z,S20260422_093415,SC01,AUTO,23.3801,38.3821,0.0703,hold,1,1500,VIDE,0.0,0.03,0.0,5.79096,-0.698132,-0.0,1,0,26.118,19.023,0.0,0.03,0.0,5.4,2.0,0.5,0.05,0.8,0.39096,0.0,1
594,2026-04-22T08:34:53.461Z,S20260422_093415,SC01,AUTO,23.4395,38.4415,0.0594,hold,1,1500,VIDE,0.0,0.03,0.0,5.78901,-0.698132,0.0,1,0,28.791,1.091,0.0,0.03,0.0,5.4,2.0,0.5,0.05,0.8,0.38901,0.0,1
595,2026-04-22T08:34:53.521Z,S20260422_093415,SC01,AUTO,23.4986,38.5005,0.059,hold,1,1500,VIDE,0.0,0.03,0.0,5.78803,-0.698132,-0.0,1,0,20.174,20.308,0.0,0.03,0.0,5.4,2.0,0.5,0.05,0.8,0.38803,0.0,1
596,2026-04-22T08:34:53.589Z,S20260422_093415,SC01,AUTO,23.5672,38.5691,0.0687,hold,1,1500,VIDE,0.0,0.03,0.0,5.785815,-0.698132,0.0,1,0,23.881,20.529,0.0,0.03,0.0,5.4,2.0,0.5,0.05,0.8,0.38581,0.0,1
597,2026-04-22T08:34:53.653Z,S20260422_093415,SC01,AUTO,23.6307,38.6327,0.0635,hold,1,1500,VIDE,0.0,0.03,0.0,5.784333,-0.698132,-0.0,1,0,24.279,17.469,0.0,0.03,0.0,5.4,2.0,0.5,0.05,0.8,0.38433,0.0,1
598,2026-04-22T08:34:53.713Z,S20260422_093415,SC01,AUTO,23.6907,38.6926,0.0599,hold,1,1500,VIDE,0.0,0.03,0.0,5.782848,-0.698132,-0.0,1,0,19.736,18.869,0.0,0.03,0.0,5.4,2.0,0.5,0.05,0.8,0.38285,0.0,1
599,2026-04-22T08:34:53.770Z,S20260422_093415,SC01,AUTO,23.7484,38.7503,0.0577,hold,1,1500,VIDE,0.0,0.03,0.0,5.781361,-0.698132,-0.0,1,0,19.118,18.662,0.0,0.03,0.0,5.4,2.0,0.5,0.05,0.8,0.38136,0.0,1
600,2026-04-22T08:34:53.832Z,S20260422_093415,SC01,AUTO,23.8097,38.8117,0.0614,hold,1,1500,VIDE,0.0,0.03,0.0,5.779624,-0.698132,0.0,1,0,39.468,9.574,0.0,0.03,0.0,5.4,2.0,0.5,0.05,0.8,0.37962,0.0,1
601,2026-04-22T08:34:53.899Z,S20260422_093415,SC01,AUTO,23.8767,38.8786,0.0669,hold,1,1500,VIDE,0.0,0.03,0.0,5.777636,-0.698132,0.0,1,0,14.834,18.565,0.0,0.03,0.0,5.4,2.0,0.5,0.05,0.8,0.37764,0.0,1
602,2026-04-22T08:34:53.962Z,S20260422_093415,SC01,AUTO,23.9402,38.9422,0.0636,hold,1,1500,VIDE,0.0,0.03,0.0,5.776144,-0.698132,-0.0,1,0,11.313,19.547,0.0,0.03,0.0,5.4,2.0,0.5,0.05,0.8,0.37614,0.0,1
603,2026-04-22T08:34:54.033Z,S20260422_093415,SC01,AUTO,24.0108,39.0128,0.0706,hold,1,1500,VIDE,0.0,0.03,0.0,5.773905,-0.698132,-0.0,1,0,16.242,18.849,0.0,0.03,0.0,5.4,2.0,0.5,0.05,0.8,0.3739,0.0,1
604,2026-04-22T08:34:54.088Z,S20260422_093415,SC01,AUTO,24.0662,39.0682,0.0554,hold,1,1500,VIDE,0.0,0.03,0.0,5.772411,-0.698132,0.0,1,0,10.973,18.781,0.0,0.03,0.0,5.4,2.0,0.5,0.05,0.8,0.37241,0.0,1
605,2026-04-22T08:34:54.152Z,S20260422_093415,SC01,AUTO,24.1303,39.1322,0.064,hold,1,1500,VIDE,0.0,0.03,0.0,5.770918,-0.698132,-0.0,1,0,5.012,20.243,0.0,0.03,0.0,5.4,2.0,0.5,0.05,0.8,0.37092,0.0,1
606,2026-04-22T08:34:54.213Z,S20260422_093415,SC01,AUTO,24.1909,39.1928,0.0606,hold,1,1500,VIDE,0.0,0.03,0.0,5.769425,-0.698132,0.0,1,0,25.541,19.165,0.0,0.03,0.0,5.4,2.0,0.5,0.05,0.8,0.36942,0.0,1
607,2026-04-22T08:34:54.273Z,S20260422_093415,SC01,AUTO,24.2506,39.2525,0.0597,hold,1,1500,VIDE,0.0,0.03,0.0,5.767931,-0.698132,-0.0,1,0,20.45,18.697,0.0,0.03,0.0,5.4,2.0,0.5,0.05,0.8,0.36793,0.0,1
608,2026-04-22T08:34:54.339Z,S20260422_093415,SC01,AUTO,24.3167,39.3187,0.0661,hold,1,1500,VIDE,0.0,0.03,0.0,5.765691,-0.698132,-0.0,1,0,22.636,18.91,0.0,0.03,0.0,5.4,2.0,0.5,0.05,0.8,0.36569,0.0,1
609,2026-04-22T08:34:54.406Z,S20260422_093415,SC01,AUTO,24.3838,39.3858,0.0671,hold,1,1500,VIDE,0.0,0.03,0.0,5.764198,-0.698132,-0.0,1,0,17.743,18.67,0.0,0.03,0.0,5.4,2.0,0.5,0.05,0.8,0.3642,0.0,1
610,2026-04-22T08:34:54.459Z,S20260422_093415,SC01,AUTO,24.4366,39.4385,0.0528,hold,1,1500,VIDE,0.0,0.03,0.0,5.762705,-0.698132,-0.0,1,0,13.291,19.955,0.0,0.03,0.0,5.4,2.0,0.5,0.05,0.8,0.36271,0.0,1
611,2026-04-22T08:34:54.522Z,S20260422_093415,SC01,AUTO,24.4999,39.5019,0.0634,hold,1,1500,VIDE,0.0,0.03,0.0,5.761212,-0.698132,-0.0,1,0,9.115,18.772,0.0,0.03,0.0,5.4,2.0,0.5,0.05,0.8,0.36121,0.0,1
612,2026-04-22T08:34:54.586Z,S20260422_093415,SC01,AUTO,24.5645,39.5665,0.0646,hold,1,1500,VIDE,0.0,0.03,0.0,5.758973,-0.698132,0.0,1,0,9.452,19.558,0.0,0.03,0.0,5.4,2.0,0.5,0.05,0.8,0.35897,0.0,1
613,2026-04-22T08:34:54.644Z,S20260422_093415,SC01,AUTO,24.6225,39.6245,0.058,hold,1,1500,VIDE,0.0,0.03,0.0,5.757481,-0.698132,-0.0,1,0,7.358,20.117,0.0,0.03,0.0,5.4,2.0,0.5,0.05,0.8,0.35748,0.0,1
614,2026-04-22T08:34:54.707Z,S20260422_093415,SC01,AUTO,24.685,39.687,0.0625,hold,1,1500,VIDE,0.0,0.03,0.0,5.755989,-0.698132,-0.0,1,0,22.045,20.232,0.0,0.03,0.0,5.4,2.0,0.5,0.05,0.8,0.35599,0.0,1
615,2026-04-22T08:34:54.773Z,S20260422_093415,SC01,AUTO,24.7509,39.7528,0.0659,hold,1,1500,VIDE,0.0,0.03,0.0,5.754497,-0.698132,-0.0,1,0,19.275,19.858,0.0,0.03,0.0,5.4,2.0,0.5,0.05,0.8,0.3545,0.0,1
616,2026-04-22T08:34:54.833Z,S20260422_093415,SC01,AUTO,24.8106,39.8125,0.0597,hold,1,1500,VIDE,0.0,0.03,0.0,5.752757,-0.698132,-0.0,1,0,39.625,26.12,0.0,0.03,0.0,5.4,2.0,0.5,0.05,0.8,0.35276,0.0,1
617,2026-04-22T08:34:54.904Z,S20260422_093415,SC01,AUTO,24.8823,39.8842,0.0717,hold,1,1500,VIDE,0.0,0.03,0.0,5.750769,-0.698132,0.0,1,0,18.964,19.167,0.0,0.03,0.0,5.4,2.0,0.5,0.05,0.8,0.35077,0.0,1
618,2026-04-22T08:34:54.970Z,S20260422_093415,SC01,AUTO,24.9482,39.9501,0.0659,hold,1,1500,VIDE,0.0,0.03,0.0,5.749278,-0.698132,-0.0,1,0,20.328,18.451,0.0,0.03,0.0,5.4,2.0,0.5,0.05,0.8,0.34928,0.0,1
619,2026-04-22T08:34:55.023Z,S20260422_093415,SC01,AUTO,25.0007,40.0027,0.0525,hold,1,1500,VIDE,0.0,0.03,0.0,5.747787,-0.698132,0.0,1,0,21.523,15.067,0.0,0.03,0.0,5.4,2.0,0.5,0.05,0.8,0.34779,0.0,1
620,2026-04-22T08:34:55.082Z,S20260422_093415,SC01,AUTO,25.0599,40.0618,0.0591,hold,1,1500,VIDE,0.0,0.03,0.0,5.746297,-0.698132,0.0,1,0,16.542,20.105,0.0,0.03,0.0,5.4,2.0,0.5,0.05,0.8,0.3463,0.0,1
621,2026-04-22T08:34:55.146Z,S20260422_093415,SC01,AUTO,25.124,40.126,0.0642,hold,1,1500,VIDE,0.0,0.03,0.0,5.744807,-0.698132,0.0,1,0,13.947,19.923,0.0,0.03,0.0,5.4,2.0,0.5,0.05,0.8,0.34481,0.0,1
622,2026-04-22T08:34:55.210Z,S20260422_093415,SC01,AUTO,25.1883,40.1902,0.0643,hold,1,1500,VIDE,0.0,0.03,0.0,5.743317,-0.698132,-0.0,1,0,11.002,19.242,0.0,0.03,0.0,5.4,2.0,0.5,0.05,0.8,0.34332,0.0,1
623,2026-04-22T08:34:55.272Z,S20260422_093415,SC01,AUTO,25.25,40.2519,0.0617,hold,1,1500,VIDE,0.0,0.03,0.0,5.741083,-0.698132,-0.0,1,0,14.585,18.885,0.0,0.03,0.0,5.4,2.0,0.5,0.05,0.8,0.34108,0.0,1
624,2026-04-22T08:34:55.339Z,S20260422_093415,SC01,AUTO,25.3172,40.3191,0.0671,hold,1,1500,VIDE,0.0,0.03,0.0,5.739594,-0.698132,-0.0,1,0,12.74,18.776,0.0,0.03,0.0,5.4,2.0,0.5,0.05,0.8,0.33959,0.0,1
625,2026-04-22T08:34:55.402Z,S20260422_093415,SC01,AUTO,25.3805,40.3824,0.0633,hold,1,1500,VIDE,0.0,0.03,0.0,5.738105,-0.698132,-0.0,1,0,26.237,19.537,0.0,0.03,0.0,5.4,2.0,0.5,0.05,0.8,0.33811,0.0,1
626,2026-04-22T08:34:55.467Z,S20260422_093415,SC01,AUTO,25.4446,40.4465,0.0642,hold,1,1500,VIDE,0.0,0.03,0.0,5.735873,-0.698132,-0.0,1,0,9.437,19.957,0.0,0.03,0.0,5.4,2.0,0.5,0.05,0.8,0.33587,0.0,1
627,2026-04-22T08:34:55.522Z,S20260422_093415,SC01,AUTO,25.5,40.502,0.0555,hold,1,1500,VIDE,0.0,0.03,0.0,5.734385,-0.698132,0.0,1,0,25.679,19.486,0.0,0.03,0.0,5.4,2.0,0.5,0.05,0.8,0.33438,0.0,1
628,2026-04-22T08:34:55.588Z,S20260422_093415,SC01,AUTO,25.5665,40.5684,0.0664,hold,1,1500,VIDE,0.0,0.03,0.0,5.732897,-0.698132,-0.0,1,0,20.71,20.068,0.0,0.03,0.0,5.4,2.0,0.5,0.05,0.8,0.3329,0.0,1
629,2026-04-22T08:34:55.652Z,S20260422_093415,SC01,AUTO,25.6302,40.6322,0.0638,hold,1,1500,VIDE,0.0,0.03,0.0,5.73141,-0.698132,-0.0,1,0,18.329,16.731,0.0,0.03,0.0,5.4,2.0,0.5,0.05,0.8,0.33141,0.0,1
630,2026-04-22T08:34:55.707Z,S20260422_093415,SC01,AUTO,25.6853,40.6872,0.055,hold,1,1500,VIDE,0.0,0.03,0.0,5.729922,-0.698132,0.0,1,0,10.969,19.828,0.0,0.03,0.0,5.4,2.0,0.5,0.05,0.8,0.32992,0.0,1
631,2026-04-22T08:34:55.771Z,S20260422_093415,SC01,AUTO,25.7489,40.7508,0.0635,hold,1,1500,VIDE,0.0,0.03,0.0,5.727692,-0.698132,-0.0,1,0,16.88,19.691,0.0,0.03,0.0,5.4,2.0,0.5,0.05,0.8,0.32769,0.0,1
632,2026-04-22T08:34:55.832Z,S20260422_093415,SC01,AUTO,25.81,40.812,0.0612,hold,1,1500,VIDE,0.0,0.03,0.0,5.726206,-0.698132,-0.0,1,0,10.357,20.047,0.0,0.03,0.0,5.4,2.0,0.5,0.05,0.8,0.32621,0.0,1
633,2026-04-22T08:34:55.898Z,S20260422_093415,SC01,AUTO,25.876,40.878,0.066,hold,1,1500,VIDE,0.0,0.03,0.0,5.72472,-0.698132,0.0,1,0,28.165,19.242,0.0,0.03,0.0,5.4,2.0,0.5,0.05,0.8,0.32472,0.0,1
634,2026-04-22T08:34:55.962Z,S20260422_093415,SC01,AUTO,25.9403,40.9422,0.0643,hold,1,1500,VIDE,0.0,0.03,0.0,5.722491,-0.698132,0.0,1,0,9.608,19.537,0.0,0.03,0.0,5.4,2.0,0.5,0.05,0.8,0.32249,0.0,1
635,2026-04-22T08:34:56.023Z,S20260422_093415,SC01,AUTO,26.0005,41.0025,0.0603,hold,1,1500,VIDE,0.0,0.03,0.0,5.721005,-0.698132,-0.0,1,0,6.463,20.096,0.0,0.03,0.0,5.4,2.0,0.5,0.05,0.8,0.32101,0.0,1
636,2026-04-22T08:34:56.089Z,S20260422_093415,SC01,AUTO,26.067,41.0689,0.0664,hold,1,1500,VIDE,0.0,0.03,0.0,5.71952,-0.698132,0.0,1,0,22.115,19.515,0.0,0.03,0.0,5.4,2.0,0.5,0.05,0.8,0.31952,0.0,1
637,2026-04-22T08:34:56.152Z,S20260422_093415,SC01,AUTO,26.1303,41.1322,0.0633,hold,1,1500,VIDE,0.0,0.03,0.0,5.718035,-0.698132,0.0,1,0,18.815,16.712,0.0,0.03,0.0,5.4,2.0,0.5,0.05,0.8,0.31804,0.0,1
638,2026-04-22T08:34:56.208Z,S20260422_093415,SC01,AUTO,26.1858,41.1878,0.0555,hold,1,1500,VIDE,0.0,0.03,0.0,5.716551,-0.698132,-0.0,1,0,20.419,20.361,0.0,0.03,0.0,5.4,2.0,0.5,0.05,0.8,0.31655,0.0,1
639,2026-04-22T08:34:56.272Z,S20260422_093415,SC01,AUTO,26.25,41.2519,0.0642,hold,1,1500,VIDE,0.0,0.03,0.0,5.715066,-0.698132,-0.0,1,0,12.649,17.772,0.0,0.03,0.0,5.4,2.0,0.5,0.05,0.8,0.31507,0.0,1
640,2026-04-22T08:34:56.332Z,S20260422_093415,SC01,AUTO,26.3103,41.3122,0.0603,hold,1,1500,VIDE,0.0,0.03,0.0,5.712841,-0.698132,-0.0,1,0,18.936,19.096,0.0,0.03,0.0,5.4,2.0,0.5,0.05,0.8,0.31284,0.0,1
641,2026-04-22T08:34:56.406Z,S20260422_093415,SC01,AUTO,26.3843,41.3863,0.074,hold,1,1500,VIDE,0.0,0.03,0.0,5.711357,-0.698132,0.0,1,0,14.787,19.846,0.0,0.03,0.0,5.4,2.0,0.5,0.05,0.8,0.31136,0.0,1
642,2026-04-22T08:34:56.458Z,S20260422_093415,SC01,AUTO,26.4356,41.4375,0.0513,hold,1,1500,VIDE,0.0,0.03,0.0,5.709873,-0.698132,-0.0,1,0,19.257,19.322,0.0,0.03,0.0,5.4,2.0,0.5,0.05,0.8,0.30987,0.0,1
643,2026-04-22T08:34:56.520Z,S20260422_093415,SC01,AUTO,26.4984,41.5004,0.0628,hold,1,1500,VIDE,0.0,0.03,0.0,5.70839,-0.698132,0.0,1,0,12.811,19.412,0.0,0.03,0.0,5.4,2.0,0.5,0.05,0.8,0.30839,0.0,1
644,2026-04-22T08:34:56.586Z,S20260422_093415,SC01,AUTO,26.5641,41.5661,0.0656,hold,1,1500,VIDE,0.0,0.03,0.0,5.706908,-0.698132,-0.0,1,0,13.789,19.468,0.0,0.03,0.0,5.4,2.0,0.5,0.05,0.8,0.30691,0.0,1
645,2026-04-22T08:34:56.650Z,S20260422_093415,SC01,AUTO,26.6283,41.6303,0.0642,hold,1,1500,VIDE,0.0,0.03,0.0,5.705425,-0.698132,0.0,1,0,11.13,19.744,0.0,0.03,0.0,5.4,2.0,0.5,0.05,0.8,0.30543,0.0,1
646,2026-04-22T08:34:56.712Z,S20260422_093415,SC01,AUTO,26.6901,41.6921,0.0619,hold,1,1500,VIDE,0.0,0.03,0.0,5.703202,-0.698132,0.0,1,0,17.252,19.446,0.0,0.03,0.0,5.4,2.0,0.5,0.05,0.8,0.3032,0.0,1
647,2026-04-22T08:34:56.772Z,S20260422_093415,SC01,AUTO,26.7504,41.7524,0.0603,hold,1,1500,VIDE,0.0,0.03,0.0,5.70172,-0.698132,0.0,1,0,13.559,19.517,0.0,0.03,0.0,5.4,2.0,0.5,0.05,0.8,0.30172,0.0,1
648,2026-04-22T08:34:56.832Z,S20260422_093415,SC01,AUTO,26.81,41.8119,0.0595,hold,1,1500,VIDE,0.0,0.03,0.0,5.700239,-0.698132,0.0,1,0,11.769,18.964,0.0,0.03,0.0,5.4,2.0,0.5,0.05,0.8,0.30024,0.0,1
649,2026-04-22T08:34:56.906Z,S20260422_093415,SC01,AUTO,26.884,41.886,0.0741,hold,1,1500,VIDE,0.0,0.03,0.0,5.698758,-0.698132,0.0,1,0,28.846,19.841,0.0,0.03,0.0,5.4,2.0,0.5,0.05,0.8,0.29876,0.0,1
650,2026-04-22T08:34:56.968Z,S20260422_093415,SC01,AUTO,26.9458,41.9477,0.0617,hold,1,1500,VIDE,0.0,0.03,0.0,5.696537,-0.698132,0.0,1,0,14.291,19.543,0.0,0.03,0.0,5.4,2.0,0.5,0.05,0.8,0.29654,0.0,1
651,2026-04-22T08:34:57.030Z,S20260422_093415,SC01,AUTO,27.0084,42.0103,0.0626,hold,1,1500,VIDE,0.0,0.03,0.0,5.695056,-0.698132,-0.0,1,0,15.694,19.513,0.0,0.03,0.0,5.4,2.0,0.5,0.05,0.8,0.29506,0.0,1
652,2026-04-22T08:34:57.082Z,S20260422_093415,SC01,AUTO,27.0599,42.0618,0.0514,hold,1,1500,VIDE,0.0,0.03,0.0,5.693576,-0.698132,0.0,1,0,9.175,20.291,0.0,0.03,0.0,5.4,2.0,0.5,0.05,0.8,0.29358,0.0,1
653,2026-04-22T08:34:57.146Z,S20260422_093415,SC01,AUTO,27.124,42.1259,0.0642,hold,1,1500,VIDE,0.0,0.03,0.0,5.692096,-0.698132,0.0,1,0,11.13,19.215,0.0,0.03,0.0,5.4,2.0,0.5,0.05,0.8,0.2921,0.0,1
654,2026-04-22T08:34:57.210Z,S20260422_093415,SC01,AUTO,27.188,42.1899,0.064,hold,1,1500,VIDE,0.0,0.03,0.0,5.690616,-0.698132,-0.0,1,0,25.101,19.006,0.0,0.03,0.0,5.4,2.0,0.5,0.05,0.8,0.29062,0.0,1
655,2026-04-22T08:34:57.272Z,S20260422_093415,SC01,AUTO,27.2497,42.2517,0.0618,hold,1,1500,VIDE,0.0,0.03,0.0,5.689137,-0.698132,0.0,1,0,3.762,19.784,0.0,0.03,0.0,5.4,2.0,0.5,0.05,0.8,0.28914,0.0,1
656,2026-04-22T08:34:57.332Z,S20260422_093415,SC01,AUTO,27.3102,42.3121,0.0603,hold,1,1500,VIDE,0.0,0.03,0.0,5.687658,-0.698132,0.0,1,0,22.63,18.974,0.0,0.03,0.0,5.4,2.0,0.5,0.05,0.8,0.28766,0.0,1
657,2026-04-22T08:34:57.394Z,S20260422_093415,SC01,AUTO,27.3725,42.3744,0.0624,hold,1,1500,VIDE,0.0,0.03,0.0,5.686918,-0.698132,0.0,1,0,13.05,19.412,0.0,0.03,0.0,5.4,2.0,0.5,0.05,0.8,0.28692,0.0,1
658,2026-04-22T08:34:57.458Z,S20260422_093415,SC01,AUTO,27.4357,42.4376,0.0632,hold,1,1500,VIDE,0.0,0.03,0.0,5.6847,-0.698132,0.0,1,0,19.277,19.187,0.0,0.03,0.0,5.4,2.0,0.5,0.05,0.8,0.2847,0.0,1
659,2026-04-22T08:34:57.520Z,S20260422_093415,SC01,AUTO,27.4984,42.5004,0.0628,hold,1,1500,VIDE,0.0,0.03,0.0,5.683222,-0.698132,-0.0,1,0,17.39,20.069,0.0,0.03,0.0,5.4,2.0,0.5,0.05,0.8,0.28322,0.0,1
660,2026-04-22T08:34:57.589Z,S20260422_093415,SC01,AUTO,27.5672,42.5692,0.0688,hold,1,1500,VIDE,0.0,0.03,0.0,5.681745,-0.698132,0.0,1,0,18.583,18.843,0.0,0.03,0.0,5.4,2.0,0.5,0.05,0.8,0.28174,0.0,1
661,2026-04-22T08:34:57.652Z,S20260422_093415,SC01,AUTO,27.6296,42.6316,0.0624,hold,1,1500,VIDE,0.0,0.03,0.0,5.680267,-0.698132,0.0,1,0,16.129,15.576,0.0,0.03,0.0,5.4,2.0,0.5,0.05,0.8,0.28027,0.0,1
662,2026-04-22T08:34:57.707Z,S20260422_093415,SC01,AUTO,27.6853,42.6872,0.0556,hold,1,1500,VIDE,0.0,0.03,0.0,5.67879,-0.698132,-0.0,1,0,16.106,20.14,0.0,0.03,0.0,5.4,2.0,0.5,0.05,0.8,0.27879,0.0,1
663,2026-04-22T08:34:57.771Z,S20260422_093415,SC01,AUTO,27.7489,42.7509,0.0636,hold,1,1500,VIDE,0.0,0.03,0.0,5.677312,-0.698132,0.0,1,0,13.432,19.131,0.0,0.03,0.0,5.4,2.0,0.5,0.05,0.8,0.27731,0.0,1
664,2026-04-22T08:34:57.832Z,S20260422_093415,SC01,AUTO,27.8104,42.8124,0.0615,hold,1,1500,VIDE,0.0,0.03,0.0,5.675836,-0.698132,0.0,1,0,11.937,19.059,0.0,0.03,0.0,5.4,2.0,0.5,0.05,0.8,0.27584,0.0,1
665,2026-04-22T08:34:57.898Z,S20260422_093415,SC01,AUTO,27.8759,42.8779,0.0654,hold,1,1500,VIDE,0.0,0.03,0.0,5.673621,-0.698132,-0.0,1,0,18.631,18.764,0.0,0.03,0.0,5.4,2.0,0.5,0.05,0.8,0.27362,0.0,1
666,2026-04-22T08:34:57.962Z,S20260422_093415,SC01,AUTO,27.94,42.942,0.0642,hold,1,1500,VIDE,0.0,0.03,0.0,5.672145,-0.698132,-0.0,1,0,16.345,19.284,0.0,0.03,0.0,5.4,2.0,0.5,0.05,0.8,0.27214,0.0,1
667,2026-04-22T08:34:58.027Z,S20260422_093415,SC01,AUTO,28.0055,43.0074,0.0654,hold,1,1500,VIDE,0.0,0.03,0.0,5.670669,-0.698132,0.0,1,0,18.078,19.433,0.0,0.03,0.0,5.4,2.0,0.5,0.05,0.8,0.27067,0.0,1
668,2026-04-22T08:34:58.088Z,S20260422_093415,SC01,AUTO,28.0665,43.0684,0.0611,hold,1,1500,VIDE,0.0,0.03,0.0,5.669194,-0.698132,-0.0,1,0,17.648,18.695,0.0,0.03,0.0,5.4,2.0,0.5,0.05,0.8,0.26919,0.0,1
669,2026-04-22T08:34:58.152Z,S20260422_093415,SC01,AUTO,28.1301,43.132,0.0636,hold,1,1500,VIDE,0.0,0.03,0.0,5.667718,-0.698132,0.0,1,0,12.667,17.244,0.0,0.03,0.0,5.4,2.0,0.5,0.05,0.8,0.26772,0.0,1
670,2026-04-22T08:34:58.212Z,S20260422_093415,SC01,AUTO,28.1901,43.1921,0.06,hold,1,1500,VIDE,0.0,0.03,0.0,5.665998,-0.698132,0.0,1,0,39.834,22.268,0.0,0.03,0.0,5.4,2.0,0.5,0.05,0.8,0.266,0.0,1
671,2026-04-22T08:34:58.272Z,S20260422_093415,SC01,AUTO,28.2501,43.252,0.0599,hold,1,1500,VIDE,0.0,0.03,0.0,5.664523,-0.698132,-0.0,1,0,38.641,27.326,0.0,0.03,0.0,5.4,2.0,0.5,0.05,0.8,0.26452,0.0,1
672,2026-04-22T08:34:58.339Z,S20260422_093415,SC01,AUTO,28.3166,43.3185,0.0665,hold,1,1500,VIDE,0.0,0.03,0.0,5.662557,-0.698132,-0.0,1,0,18.546,18.586,0.0,0.03,0.0,5.4,2.0,0.5,0.05,0.8,0.26256,0.0,1
673,2026-04-22T08:34:58.405Z,S20260422_093415,SC01,AUTO,28.3829,43.3848,0.0663,hold,1,1500,VIDE,0.0,0.03,0.0,5.661083,-0.698132,-0.0,1,0,17.296,19.022,0.0,0.03,0.0,5.4,2.0,0.5,0.05,0.8,0.26108,0.0,1
674,2026-04-22T08:34:58.458Z,S20260422_093415,SC01,AUTO,28.4356,43.4375,0.0527,hold,1,1500,VIDE,0.0,0.03,0.0,5.659609,-0.698132,0.0,1,0,14.68,19.377,0.0,0.03,0.0,5.4,2.0,0.5,0.05,0.8,0.25961,0.0,1
675,2026-04-22T08:34:58.521Z,S20260422_093415,SC01,AUTO,28.4993,43.5012,0.0637,hold,1,1500,VIDE,0.0,0.03,0.0,5.658136,-0.698132,-0.0,1,0,15.073,19.227,0.0,0.03,0.0,5.4,2.0,0.5,0.05,0.8,0.25814,0.0,1
676,2026-04-22T08:34:58.583Z,S20260422_093415,SC01,AUTO,28.5612,43.5632,0.0618,hold,1,1500,VIDE,0.0,0.03,0.0,5.656663,-0.698132,-0.0,1,0,9.731,19.813,0.0,0.03,0.0,5.4,2.0,0.5,0.05,0.8,0.25666,0.0,1
677,2026-04-22T08:34:58.649Z,S20260422_093415,SC01,AUTO,28.6271,43.6291,0.066,hold,1,1500,VIDE,0.0,0.03,0.0,5.65519,-0.698132,0.0,1,0,11.219,19.812,0.0,0.03,0.0,5.4,2.0,0.5,0.05,0.8,0.25519,0.0,1
678,2026-04-22T08:34:58.712Z,S20260422_093415,SC01,AUTO,28.6902,43.6922,0.0631,hold,1,1500,VIDE,0.0,0.03,0.0,5.652981,-0.698132,-0.0,1,0,18.481,19.323,0.0,0.03,0.0,5.4,2.0,0.5,0.05,0.8,0.25298,0.0,1
679,2026-04-22T08:34:58.772Z,S20260422_093415,SC01,AUTO,28.7502,43.7522,0.06,hold,1,1500,VIDE,0.0,0.03,0.0,5.651509,-0.698132,-0.0,1,0,15.713,19.109,0.0,0.03,0.0,5.4,2.0,0.5,0.05,0.8,0.25151,0.0,1
680,2026-04-22T08:34:58.833Z,S20260422_093415,SC01,AUTO,28.8107,43.8127,0.0605,hold,1,1500,VIDE,0.0,0.03,0.0,5.650037,-0.698132,-0.0,1,0,13.079,18.907,0.0,0.03,0.0,5.4,2.0,0.5,0.05,0.8,0.25004,0.0,1
681,2026-04-22T08:34:58.905Z,S20260422_093415,SC01,AUTO,28.8828,43.8848,0.0721,hold,1,1500,VIDE,0.0,0.03,0.0,5.648566,-0.698132,0.0,1,0,12.613,19.83,0.0,0.03,0.0,5.4,2.0,0.5,0.05,0.8,0.24857,0.0,1
682,2026-04-22T08:34:58.967Z,S20260422_093415,SC01,AUTO,28.9452,43.9472,0.0624,hold,1,1500,VIDE,0.0,0.03,0.0,5.647095,-0.698132,0.0,1,0,8.763,19.615,0.0,0.03,0.0,5.4,2.0,0.5,0.05,0.8,0.24709,0.0,1
683,2026-04-22T08:34:59.031Z,S20260422_093415,SC01,AUTO,29.0095,44.0114,0.0643,hold,1,1500,VIDE,0.0,0.03,0.0,5.644888,-0.698132,0.0,1,0,15.562,19.718,0.0,0.03,0.0,5.4,2.0,0.5,0.05,0.8,0.24489,0.0,1
684,2026-04-22T08:34:59.089Z,S20260422_093415,SC01,AUTO,29.067,44.069,0.0575,hold,1,1500,VIDE,0.0,0.03,0.0,5.643417,-0.698132,-0.0,1,0,13.229,18.985,0.0,0.03,0.0,5.4,2.0,0.5,0.05,0.8,0.24342,0.0,1
685,2026-04-22T08:34:59.146Z,S20260422_093415,SC01,AUTO,29.124,44.126,0.0569,hold,1,1500,VIDE,0.0,0.03,0.0,5.641947,-0.698132,0.0,1,0,10.235,19.538,0.0,0.03,0.0,5.4,2.0,0.5,0.05,0.8,0.24195,0.0,1
686,2026-04-22T08:34:59.210Z,S20260422_093415,SC01,AUTO,29.1884,44.1903,0.0644,hold,1,1500,VIDE,0.0,0.03,0.0,5.640477,-0.698132,0.0,1,0,29.616,19.125,0.0,0.03,0.0,5.4,2.0,0.5,0.05,0.8,0.24048,0.0,1
687,2026-04-22T08:34:59.272Z,S20260422_093415,SC01,AUTO,29.2502,44.2521,0.0618,hold,1,1500,VIDE,0.0,0.03,0.0,5.639008,-0.698132,-0.0,1,0,26.335,16.029,0.0,0.03,0.0,5.4,2.0,0.5,0.05,0.8,0.23901,0.0,1
688,2026-04-22T08:34:59.333Z,S20260422_093415,SC01,AUTO,29.3112,44.3132,0.061,hold,1,1500,VIDE,0.0,0.03,0.0,5.637538,-0.698132,0.0,1,0,26.366,18.392,0.0,0.03,0.0,5.4,2.0,0.5,0.05,0.8,0.23754,0.0,1
689,2026-04-22T08:34:59.402Z,S20260422_093415,SC01,AUTO,29.3805,44.3825,0.0693,hold,1,1500,VIDE,0.0,0.03,0.0,5.635579,-0.698132,0.0,1,0,30.228,0.945,0.0,0.03,0.0,5.4,2.0,0.5,0.05,0.8,0.23558,0.0,1
690,2026-04-22T08:34:59.459Z,S20260422_093415,SC01,AUTO,29.4368,44.4388,0.0563,hold,1,1500,VIDE,0.0,0.03,0.0,5.6346,-0.698132,0.0,1,0,19.955,18.91,0.0,0.03,0.0,5.4,2.0,0.5,0.05,0.8,0.2346,0.0,1
691,2026-04-22T08:34:59.522Z,S20260422_093415,SC01,AUTO,29.4999,44.5019,0.0631,hold,1,1500,VIDE,0.0,0.03,0.0,5.632397,-0.698132,-0.0,1,0,28.194,19.575,0.0,0.03,0.0,5.4,2.0,0.5,0.05,0.8,0.2324,0.0,1
692,2026-04-22T08:34:59.587Z,S20260422_093415,SC01,AUTO,29.5654,44.5673,0.0654,hold,1,1500,VIDE,0.0,0.03,0.0,5.630929,-0.698132,-0.0,1,0,27.861,19.82,0.0,0.03,0.0,5.4,2.0,0.5,0.05,0.8,0.23093,0.0,1
693,2026-04-22T08:34:59.652Z,S20260422_093415,SC01,AUTO,29.6302,44.6321,0.0647,hold,1,1500,VIDE,0.0,0.03,0.0,5.629461,-0.698132,0.0,1,0,22.839,18.862,0.0,0.03,0.0,5.4,2.0,0.5,0.05,0.8,0.22946,0.0,1
694,2026-04-22T08:34:59.712Z,S20260422_093415,SC01,AUTO,29.6902,44.6921,0.0601,hold,1,1500,VIDE,0.0,0.03,0.0,5.627993,-0.698132,-0.0,1,0,24.823,19.416,0.0,0.03,0.0,5.4,2.0,0.5,0.05,0.8,0.22799,0.0,1
695,2026-04-22T08:34:59.771Z,S20260422_093415,SC01,AUTO,29.7489,44.7508,0.0587,hold,1,1500,VIDE,0.0,0.03,0.0,5.626526,-0.698132,0.0,1,0,17.132,19.387,0.0,0.03,0.0,5.4,2.0,0.5,0.05,0.8,0.22653,0.0,1
696,2026-04-22T08:34:59.833Z,S20260422_093415,SC01,AUTO,29.8106,44.8126,0.0617,hold,1,1500,VIDE,0.0,0.03,0.0,5.625059,-0.698132,-0.0,1,0,20.56,14.939,0.0,0.03,0.0,5.4,2.0,0.5,0.05,0.8,0.22506,0.0,1
697,2026-04-22T08:34:59.898Z,S20260422_093415,SC01,AUTO,29.8759,44.8778,0.0653,hold,1,1500,VIDE,0.0,0.03,0.0,5.622859,-0.698132,0.0,1,0,24.415,18.848,0.0,0.03,0.0,5.4,2.0,0.5,0.05,0.8,0.22286,0.0,1
698,2026-04-22T08:34:59.959Z,S20260422_093415,SC01,AUTO,29.9368,44.9387,0.0609,hold,1,1500,VIDE,0.0,0.03,0.0,5.621392,-0.698132,-0.0,1,0,23.041,19.179,0.0,0.03,0.0,5.4,2.0,0.5,0.05,0.8,0.22139,0.0,1
699,2026-04-22T08:35:00.024Z,S20260422_093415,SC01,AUTO,30.0025,45.0044,0.0657,hold,1,1500,VIDE,0.0,0.03,0.0,5.619926,-0.698132,0.0,1,0,28.057,19.67,0.0,0.03,0.0,5.4,2.0,0.5,0.05,0.8,0.21993,0.0,1
700,2026-04-22T08:35:00.088Z,S20260422_093415,SC01,AUTO,30.0663,45.0683,0.0638,hold,1,1500,VIDE,0.0,0.03,0.0,5.61846,-0.698132,-0.0,1,0,6.916,20.251,0.0,0.03,0.0,5.4,2.0,0.5,0.05,0.8,0.21846,0.0,1
701,2026-04-22T08:35:00.151Z,S20260422_093415,SC01,AUTO,30.1295,45.1315,0.0632,hold,1,1500,VIDE,0.0,0.03,0.0,5.616994,-0.698132,-0.0,1,0,24.019,18.265,0.0,0.03,0.0,5.4,2.0,0.5,0.05,0.8,0.21699,0.0,1
702,2026-04-22T08:35:00.213Z,S20260422_093415,SC01,AUTO,30.1911,45.193,0.0614,hold,1,1500,VIDE,0.0,0.03,0.0,5.615529,-0.698132,0.0,1,0,23.497,12.296,0.0,0.03,0.0,5.4,2.0,0.5,0.05,0.8,0.21553,0.0,1
703,2026-04-22T08:35:00.273Z,S20260422_093415,SC01,AUTO,30.2509,45.2528,0.0598,hold,1,1500,VIDE,0.0,0.03,0.0,5.614064,-0.698132,0.0,1,0,24.539,18.542,0.0,0.03,0.0,5.4,2.0,0.5,0.05,0.8,0.21406,0.0,1
704,2026-04-22T08:35:00.333Z,S20260422_093415,SC01,AUTO,30.3112,45.3131,0.0602,hold,1,1500,VIDE,0.0,0.03,0.0,5.612599,-0.698132,0.0,1,0,23.056,19.365,0.0,0.03,0.0,5.4,2.0,0.5,0.05,0.8,0.2126,0.0,1
705,2026-04-22T08:35:00.395Z,S20260422_093415,SC01,AUTO,30.3726,45.3746,0.0616,hold,1,1500,VIDE,0.0,0.03,0.0,5.611135,-0.698132,0.0,1,0,26.353,19.079,0.0,0.03,0.0,5.4,2.0,0.5,0.05,0.8,0.21114,0.0,1
706,2026-04-22T08:35:00.459Z,S20260422_093415,SC01,AUTO,30.4366,45.4385,0.0641,hold,1,1500,VIDE,0.0,0.03,0.0,5.609426,-0.698132,-0.0,1,0,46.59,26.776,0.0,0.03,0.0,5.4,2.0,0.5,0.05,0.8,0.20943,0.0,1
707,2026-04-22T08:35:00.522Z,S20260422_093415,SC01,AUTO,30.5001,45.502,0.0634,hold,1,1500,VIDE,0.0,0.03,0.0,5.607475,-0.698132,-0.0,1,0,28.991,18.646,0.0,0.03,0.0,5.4,2.0,0.5,0.05,0.8,0.20747,0.0,1
708,2026-04-22T08:35:00.586Z,S20260422_093415,SC01,AUTO,30.5639,45.5659,0.0639,hold,1,1500,VIDE,0.0,0.03,0.0,5.606011,-0.698132,-0.0,1,0,22.777,18.983,0.0,0.03,0.0,5.4,2.0,0.5,0.05,0.8,0.20601,0.0,1
709,2026-04-22T08:35:00.651Z,S20260422_093415,SC01,AUTO,30.6286,45.6306,0.0647,hold,1,1500,VIDE,0.0,0.03,0.0,5.604548,-0.698132,-0.0,1,0,22.698,19.664,0.0,0.03,0.0,5.4,2.0,0.5,0.05,0.8,0.20455,0.0,1
710,2026-04-22T08:35:00.713Z,S20260422_093415,SC01,AUTO,30.6911,45.693,0.0624,hold,1,1500,VIDE,0.0,0.03,0.0,5.603085,-0.698132,-0.0,1,0,17.568,16.001,0.0,0.03,0.0,5.4,2.0,0.5,0.05,0.8,0.20309,0.0,1
711,2026-04-22T08:35:00.773Z,S20260422_093415,SC01,AUTO,30.7507,45.7526,0.0596,hold,1,1500,VIDE,0.0,0.03,0.0,5.601379,-0.698132,0.0,1,0,40.937,23.905,0.0,0.03,0.0,5.4,2.0,0.5,0.05,0.8,0.20138,0.0,1
712,2026-04-22T08:35:00.833Z,S20260422_093415,SC01,AUTO,30.8112,45.8132,0.0604,hold,1,1500,VIDE,0.0,0.03,0.0,5.60016,-0.698132,0.0,1,0,10.05,19.575,0.0,0.03,0.0,5.4,2.0,0.5,0.05,0.8,0.20016,0.0,1
713,2026-04-22T08:35:00.902Z,S20260422_093415,SC01,AUTO,30.8798,45.8817,0.0686,hold,1,1500,VIDE,0.0,0.03,0.0,5.597967,-0.698132,0.0,1,0,6.571,19.241,0.0,0.03,0.0,5.4,2.0,0.5,0.05,0.8,0.19797,0.0,1
714,2026-04-22T08:35:00.964Z,S20260422_093415,SC01,AUTO,30.9416,45.9436,0.0619,hold,1,1500,VIDE,0.0,0.03,0.0,5.596505,-0.698132,-0.0,1,0,22.652,18.745,0.0,0.03,0.0,5.4,2.0,0.5,0.05,0.8,0.19651,0.0,1
715,2026-04-22T08:35:01.022Z,S20260422_093415,SC01,AUTO,30.9995,46.0015,0.0579,hold,1,1500,VIDE,0.0,0.03,0.0,5.595044,-0.698132,0.0,1,0,17.05,18.985,0.0,0.03,0.0,5.4,2.0,0.5,0.05,0.8,0.19504,0.0,1
716,2026-04-22T08:35:01.082Z,S20260422_093415,SC01,AUTO,31.0601,46.0621,0.0605,hold,1,1500,VIDE,0.0,0.03,0.0,5.593583,-0.698132,0.0,1,0,13.231,19.462,0.0,0.03,0.0,5.4,2.0,0.5,0.05,0.8,0.19358,0.0,1
717,2026-04-22T08:35:01.146Z,S20260422_093415,SC01,AUTO,31.1242,46.1261,0.0641,hold,1,1500,VIDE,0.0,0.03,0.0,5.592122,-0.698132,-0.0,1,0,12.332,19.313,0.0,0.03,0.0,5.4,2.0,0.5,0.05,0.8,0.19212,0.0,1
718,2026-04-22T08:35:01.210Z,S20260422_093415,SC01,AUTO,31.1877,46.1896,0.0634,hold,1,1500,VIDE,0.0,0.03,0.0,5.590661,-0.698132,0.0,1,0,28.297,19.171,0.0,0.03,0.0,5.4,2.0,0.5,0.05,0.8,0.19066,0.0,1
719,2026-04-22T08:35:01.272Z,S20260422_093415,SC01,AUTO,31.2498,46.2518,0.0623,hold,1,1500,VIDE,0.0,0.03,0.0,5.588471,-0.698132,0.0,1,0,12.544,19.373,0.0,0.03,0.0,5.4,2.0,0.5,0.05,0.8,0.18847,0.0,1
720,2026-04-22T08:35:01.332Z,S20260422_093415,SC01,AUTO,31.3097,46.3117,0.0599,hold,1,1500,VIDE,0.0,0.03,0.0,5.587011,-0.698132,-0.0,1,0,12.177,19.261,0.0,0.03,0.0,5.4,2.0,0.5,0.05,0.8,0.18701,0.0,1
721,2026-04-22T08:35:01.401Z,S20260422_093415,SC01,AUTO,31.3794,46.3813,0.0697,hold,1,1500,VIDE,0.0,0.03,0.0,5.585551,-0.698132,0.0,1,0,24.751,20.179,0.0,0.03,0.0,5.4,2.0,0.5,0.05,0.8,0.18555,0.0,1
722,2026-04-22T08:35:01.464Z,S20260422_093415,SC01,AUTO,31.4419,46.4438,0.0625,hold,1,1500,VIDE,0.0,0.03,0.0,5.583363,-0.698132,-0.0,1,0,28.394,20.17,0.0,0.03,0.0,5.4,2.0,0.5,0.05,0.8,0.18336,0.0,1
723,2026-04-22T08:35:01.522Z,S20260422_093415,SC01,AUTO,31.5,46.502,0.0581,hold,1,1500,VIDE,0.0,0.03,0.0,5.581903,-0.698132,0.0,1,0,24.775,19.51,0.0,0.03,0.0,5.4,2.0,0.5,0.05,0.8,0.1819,0.0,1
724,2026-04-22T08:35:01.588Z,S20260422_093415,SC01,AUTO,31.5658,46.5677,0.0657,hold,1,1500,VIDE,0.0,0.03,0.0,5.580445,-0.698132,0.0,1,0,19.436,19.614,0.0,0.03,0.0,5.4,2.0,0.5,0.05,0.8,0.18044,0.0,1
725,2026-04-22T08:35:01.651Z,S20260422_093415,SC01,AUTO,31.6292,46.6311,0.0634,hold,1,1500,VIDE,0.0,0.03,0.0,5.578986,-0.698132,-0.0,1,0,18.435,18.144,0.0,0.03,0.0,5.4,2.0,0.5,0.05,0.8,0.17899,0.0,1
726,2026-04-22T08:35:01.712Z,S20260422_093415,SC01,AUTO,31.6898,46.6917,0.0606,hold,1,1500,VIDE,0.0,0.03,0.0,5.577285,-0.698132,0.0,1,0,39.12,25.234,0.0,0.03,0.0,5.4,2.0,0.5,0.05,0.8,0.17729,0.0,1
727,2026-04-22T08:35:01.771Z,S20260422_093415,SC01,AUTO,31.7488,46.7507,0.0589,hold,1,1500,VIDE,0.0,0.03,0.0,5.575828,-0.698132,-0.0,1,0,37.226,27.745,0.0,0.03,0.0,5.4,2.0,0.5,0.05,0.8,0.17583,0.0,1
728,2026-04-22T08:35:01.832Z,S20260422_093415,SC01,AUTO,31.8097,46.8117,0.061,hold,1,1500,VIDE,0.0,0.03,0.0,5.573884,-0.698132,0.0,1,0,13.195,19.669,0.0,0.03,0.0,5.4,2.0,0.5,0.05,0.8,0.17388,0.0,1
729,2026-04-22T08:35:01.899Z,S20260422_093415,SC01,AUTO,31.877,46.879,0.0671,hold,1,1500,VIDE,0.0,0.03,0.0,5.572427,-0.698132,0.0,1,0,13.201,19.638,0.0,0.03,0.0,5.4,2.0,0.5,0.05,0.8,0.17243,0.0,1
730,2026-04-22T08:35:01.962Z,S20260422_093415,SC01,AUTO,31.9405,46.9424,0.0636,hold,1,1500,VIDE,0.0,0.03,0.0,5.57097,-0.698132,0.0,1,0,26.877,19.608,0.0,0.03,0.0,5.4,2.0,0.5,0.05,0.8,0.17097,0.0,1
731,2026-04-22T08:35:02.024Z,S20260422_093415,SC01,AUTO,32.0018,47.0038,0.0613,hold,1,1500,VIDE,0.0,0.03,0.0,5.568785,-0.698132,0.0,1,0,6.78,20.632,0.0,0.03,0.0,5.4,2.0,0.5,0.05,0.8,0.16879,0.0,1
732,2026-04-22T08:35:02.087Z,S20260422_093415,SC01,AUTO,32.0655,47.0674,0.0636,hold,1,1500,VIDE,0.0,0.03,0.0,5.567329,-0.698132,0.0,1,0,25.694,19.107,0.0,0.03,0.0,5.4,2.0,0.5,0.05,0.8,0.16733,0.0,1
733,2026-04-22T08:35:02.149Z,S20260422_093415,SC01,AUTO,32.1271,47.1291,0.0617,hold,1,1500,VIDE,0.0,0.03,0.0,5.565873,-0.698132,-0.0,1,0,18.337,19.148,0.0,0.03,0.0,5.4,2.0,0.5,0.05,0.8,0.16587,0.0,1
734,2026-04-22T08:35:02.212Z,S20260422_093415,SC01,AUTO,32.19,47.1919,0.0629,hold,1,1500,VIDE,0.0,0.03,0.0,5.564417,-0.698132,0.0,1,0,15.138,15.446,0.0,0.03,0.0,5.4,2.0,0.5,0.05,0.8,0.16442,0.0,1
735,2026-04-22T08:35:02.272Z,S20260422_093415,SC01,AUTO,32.2505,47.2525,0.0605,hold,1,1500,VIDE,0.0,0.03,0.0,5.562234,-0.698132,0.0,1,0,16.523,19.407,0.0,0.03,0.0,5.4,2.0,0.5,0.05,0.8,0.16223,0.0,1
736,2026-04-22T08:35:02.332Z,S20260422_093415,SC01,AUTO,32.31,47.3119,0.0594,hold,1,1500,VIDE,0.0,0.03,0.0,5.56078,-0.698132,-0.0,1,0,16.066,18.775,0.0,0.03,0.0,5.4,2.0,0.5,0.05,0.8,0.16078,0.0,1
737,2026-04-22T08:35:02.403Z,S20260422_093415,SC01,AUTO,32.3815,47.3834,0.0715,hold,1,1500,VIDE,0.0,0.03,0.0,5.559325,-0.698132,-0.0,1,0,25.653,19.894,0.0,0.03,0.0,5.4,2.0,0.5,0.05,0.8,0.15932,0.0,1
738,2026-04-22T08:35:02.458Z,S20260422_093415,SC01,AUTO,32.436,47.438,0.0546,hold,1,1500,VIDE,0.0,0.03,0.0,5.55787,-0.698132,0.0,1,0,29.662,19.041,0.0,0.03,0.0,5.4,2.0,0.5,0.05,0.8,0.15787,0.0,1
739,2026-04-22T08:35:02.522Z,S20260422_093415,SC01,AUTO,32.5004,47.5023,0.0642,hold,1,1500,VIDE,0.0,0.03,0.0,5.556416,-0.698132,0.0,1,0,22.257,19.486,0.0,0.03,0.0,5.4,2.0,0.5,0.05,0.8,0.15642,0.0,1
740,2026-04-22T08:35:02.586Z,S20260422_093415,SC01,AUTO,32.5639,47.5658,0.0636,hold,1,1500,VIDE,0.0,0.03,0.0,5.554235,-0.698132,0.0,1,0,4.357,19.657,0.0,0.03,0.0,5.4,2.0,0.5,0.05,0.8,0.15424,0.0,1
741,2026-04-22T08:35:02.650Z,S20260422_093415,SC01,AUTO,32.628,47.6299,0.064,hold,1,1500,VIDE,0.0,0.03,0.0,5.552782,-0.698132,-0.0,1,0,22.743,18.451,0.0,0.03,0.0,5.4,2.0,0.5,0.05,0.8,0.15278,0.0,1
742,2026-04-22T08:35:02.712Z,S20260422_093415,SC01,AUTO,32.6904,47.6924,0.0625,hold,1,1500,VIDE,0.0,0.03,0.0,5.551329,-0.698132,-0.0,1,0,17.605,15.172,0.0,0.03,0.0,5.4,2.0,0.5,0.05,0.8,0.15133,0.0,1
743,2026-04-22T08:35:02.772Z,S20260422_093415,SC01,AUTO,32.7504,47.7523,0.0599,hold,1,1500,VIDE,0.0,0.03,0.0,5.54915,-0.698132,-0.0,1,0,19.107,19.146,0.0,0.03,0.0,5.4,2.0,0.5,0.05,0.8,0.14915,0.0,1
744,2026-04-22T08:35:02.832Z,S20260422_093415,SC01,AUTO,32.8105,47.8124,0.0601,hold,1,1500,VIDE,0.0,0.03,0.0,5.547697,-0.698132,-0.0,1,0,14.215,19.494,0.0,0.03,0.0,5.4,2.0,0.5,0.05,0.8,0.1477,0.0,1
745,2026-04-22T08:35:02.902Z,S20260422_093415,SC01,AUTO,32.8804,47.8823,0.0699,hold,1,1500,VIDE,0.0,0.03,0.0,5.546245,-0.698132,-0.0,1,0,11.142,18.867,0.0,0.03,0.0,5.4,2.0,0.5,0.05,0.8,0.14624,0.0,1
746,2026-04-22T08:35:02.964Z,S20260422_093415,SC01,AUTO,32.9421,47.944,0.0618,hold,1,1500,VIDE,0.0,0.03,0.0,5.544067,-0.698132,0.0,1,0,11.441,18.852,0.0,0.03,0.0,5.4,2.0,0.5,0.05,0.8,0.14407,0.0,1
747,2026-04-22T08:35:03.023Z,S20260422_093415,SC01,AUTO,33.0015,48.0034,0.0594,hold,1,1500,VIDE,0.0,0.03,0.0,5.542615,-0.698132,0.0,1,0,7.766,19.759,0.0,0.03,0.0,5.4,2.0,0.5,0.05,0.8,0.14262,0.0,1
748,2026-04-22T08:35:03.082Z,S20260422_093415,SC01,AUTO,33.0601,48.062,0.0586,hold,1,1500,VIDE,0.0,0.03,0.0,5.541164,-0.698132,-0.0,1,0,21.563,20.655,0.0,0.03,0.0,5.4,2.0,0.5,0.05,0.8,0.14116,0.0,1
749,2026-04-22T08:35:03.146Z,S20260422_093415,SC01,AUTO,33.1241,48.126,0.064,hold,1,1500,VIDE,0.0,0.03,0.0,5.539713,-0.698132,-0.0,1,0,14.954,19.65,0.0,0.03,0.0,5.4,2.0,0.5,0.05,0.8,0.13971,0.0,1
750,2026-04-22T08:35:03.209Z,S20260422_093415,SC01,AUTO,33.1875,48.1895,0.0635,hold,1,1500,VIDE,0.0,0.03,0.0,5.538262,-0.698132,-0.0,1,0,8.816,20.148,0.0,0.03,0.0,5.4,2.0,0.5,0.05,0.8,0.13826,0.0,1
751,2026-04-22T08:35:03.272Z,S20260422_093415,SC01,AUTO,33.2496,48.2515,0.0621,hold,1,1500,VIDE,0.0,0.03,0.0,5.536087,-0.698132,-0.0,1,0,11.245,19.23,0.0,0.03,0.0,5.4,2.0,0.5,0.05,0.8,0.13609,0.0,1
752,2026-04-22T08:35:03.333Z,S20260422_093415,SC01,AUTO,33.3108,48.3128,0.0612,hold,1,1500,VIDE,0.0,0.03,0.0,5.534636,-0.698132,0.0,1,0,3.149,19.876,0.0,0.03,0.0,5.4,2.0,0.5,0.05,0.8,0.13464,0.0,1
753,2026-04-22T08:35:03.400Z,S20260422_093415,SC01,AUTO,33.3779,48.3799,0.0671,hold,1,1500,VIDE,0.0,0.03,0.0,5.532462,-0.698132,0.0,1,0,24.79,18.407,0.0,0.03,0.0,5.4,2.0,0.5,0.05,0.8,0.13246,0.0,1
754,2026-04-22T08:35:03.463Z,S20260422_093415,SC01,AUTO,33.4415,48.4434,0.0636,hold,1,1500,VIDE,0.0,0.03,0.0,5.531013,-0.698132,0.0,1,0,16.353,19.585,0.0,0.03,0.0,5.4,2.0,0.5,0.05,0.8,0.13101,0.0,1
755,2026-04-22T08:35:03.522Z,S20260422_093415,SC01,AUTO,33.5005,48.5025,0.0591,hold,1,1500,VIDE,0.0,0.03,0.0,5.529563,-0.698132,-0.0,1,0,10.762,19.647,0.0,0.03,0.0,5.4,2.0,0.5,0.05,0.8,0.12956,0.0,1
756,2026-04-22T08:35:03.588Z,S20260422_093415,SC01,AUTO,33.566,48.5679,0.0654,hold,1,1500,VIDE,0.0,0.03,0.0,5.52739,-0.698132,0.0,1,0,13.437,19.303,0.0,0.03,0.0,5.4,2.0,0.5,0.05,0.8,0.12739,0.0,1
757,2026-04-22T08:35:03.650Z,S20260422_093415,SC01,AUTO,33.6283,48.6302,0.0623,hold,1,1500,VIDE,0.0,0.03,0.0,5.525942,-0.698132,0.0,1,0,9.92,20.072,0.0,0.03,0.0,5.4,2.0,0.5,0.05,0.8,0.12594,0.0,1
758,2026-04-22T08:35:03.712Z,S20260422_093415,SC01,AUTO,33.6897,48.6916,0.0614,hold,1,1500,VIDE,0.0,0.03,0.0,5.524494,-0.698132,-0.0,1,0,21.662,16.432,0.0,0.03,0.0,5.4,2.0,0.5,0.05,0.8,0.12449,0.0,1
759,2026-04-22T08:35:03.771Z,S20260422_093415,SC01,AUTO,33.7488,48.7508,0.0591,hold,1,1500,VIDE,0.0,0.03,0.0,5.523046,-0.698132,-0.0,1,0,18.311,18.621,0.0,0.03,0.0,5.4,2.0,0.5,0.05,0.8,0.12305,0.0,1
760,2026-04-22T08:35:03.832Z,S20260422_093415,SC01,AUTO,33.8104,48.8123,0.0616,hold,1,1500,VIDE,0.0,0.03,0.0,5.520875,-0.698132,-0.0,1,0,17.545,20.046,0.0,0.03,0.0,5.4,2.0,0.5,0.05,0.8,0.12087,0.0,1
761,2026-04-22T08:35:03.899Z,S20260422_093415,SC01,AUTO,33.8769,48.8789,0.0665,hold,1,1500,VIDE,0.0,0.03,0.0,5.519427,-0.698132,0.0,1,0,7.683,20.193,0.0,0.03,0.0,5.4,2.0,0.5,0.05,0.8,0.11943,0.0,1
762,2026-04-22T08:35:03.962Z,S20260422_093415,SC01,AUTO,33.9402,48.9421,0.0633,hold,1,1500,VIDE,0.0,0.03,0.0,5.51798,-0.698132,-0.0,1,0,22.653,19.809,0.0,0.03,0.0,5.4,2.0,0.5,0.05,0.8,0.11798,0.0,1
763,2026-04-22T08:35:04.023Z,S20260422_093415,SC01,AUTO,34.0011,49.0031,0.0609,hold,1,1500,VIDE,0.0,0.03,0.0,5.51581,-0.698132,-0.0,1,0,4.51,19.294,0.0,0.03,0.0,5.4,2.0,0.5,0.05,0.8,0.11581,0.0,1
764,2026-04-22T08:35:04.089Z,S20260422_093415,SC01,AUTO,34.0672,49.0691,0.066,hold,1,1500,VIDE,0.0,0.03,0.0,5.514364,-0.698132,0.0,1,0,16.87,20.064,0.0,0.03,0.0,5.4,2.0,0.5,0.05,0.8,0.11436,0.0,1
765,2026-04-22T08:35:04.151Z,S20260422_093415,SC01,AUTO,34.1292,49.1311,0.062,hold,1,1500,VIDE,0.0,0.03,0.0,5.512195,-0.698132,-0.0,1,0,13.185,19.749,0.0,0.03,0.0,5.4,2.0,0.5,0.05,0.8,0.1122,0.0,1
766,2026-04-22T08:35:04.212Z,S20260422_093415,SC01,AUTO,34.1904,49.1923,0.0612,hold,1,1500,VIDE,0.0,0.03,0.0,5.510749,-0.698132,-0.0,1,0,5.512,19.374,0.0,0.03,0.0,5.4,2.0,0.5,0.05,0.8,0.11075,0.0,1
767,2026-04-22T08:35:04.272Z,S20260422_093415,SC01,AUTO,34.2504,49.2524,0.0601,hold,1,1500,VIDE,0.0,0.03,0.0,5.509304,-0.698132,-0.0,1,0,18.242,18.659,0.0,0.03,0.0,5.4,2.0,0.5,0.05,0.8,0.1093,0.0,1
768,2026-04-22T08:35:04.333Z,S20260422_093415,SC01,AUTO,34.3107,49.3127,0.0603,hold,1,1500,VIDE,0.0,0.03,0.0,5.507859,-0.698132,0.0,1,0,17.021,19.201,0.0,0.03,0.0,5.4,2.0,0.5,0.05,0.8,0.10786,0.0,1
769,2026-04-22T08:35:04.394Z,S20260422_093415,SC01,AUTO,34.3723,49.3742,0.0616,hold,1,1500,VIDE,0.0,0.03,0.0,5.505692,-0.698132,0.0,1,0,15.849,19.597,0.0,0.03,0.0,5.4,2.0,0.5,0.05,0.8,0.10569,0.0,1
770,2026-04-22T08:35:04.458Z,S20260422_093415,SC01,AUTO,34.4363,49.4382,0.064,hold,1,1500,VIDE,0.0,0.03,0.0,5.504247,-0.698132,0.0,1,0,6.658,19.605,0.0,0.03,0.0,5.4,2.0,0.5,0.05,0.8,0.10425,0.0,1
771,2026-04-22T08:35:04.520Z,S20260422_093415,SC01,AUTO,34.4983,49.5002,0.062,hold,1,1500,VIDE,0.0,0.03,0.0,5.502803,-0.698132,-0.0,1,0,21.427,18.709,0.0,0.03,0.0,5.4,2.0,0.5,0.05,0.8,0.1028,0.0,1
772,2026-04-22T08:35:04.586Z,S20260422_093415,SC01,AUTO,34.5638,49.5657,0.0656,hold,1,1500,VIDE,0.0,0.03,0.0,5.500638,-0.698132,-0.0,1,0,23.005,19.116,0.0,0.03,0.0,5.4,2.0,0.5,0.05,0.8,0.10064,0.0,1
773,2026-04-22T08:35:04.651Z,S20260422_093415,SC01,AUTO,34.6289,49.6308,0.065,hold,1,1500,VIDE,0.0,0.03,0.0,5.499194,-0.698132,0.0,1,0,18.921,19.251,0.0,0.03,0.0,5.4,2.0,0.5,0.05,0.8,0.09919,0.0,1
774,2026-04-22T08:35:04.712Z,S20260422_093415,SC01,AUTO,34.6899,49.6918,0.061,hold,1,1500,VIDE,0.0,0.03,0.0,5.497029,-0.698132,0.0,1,0,11.924,18.736,0.0,0.03,0.0,5.4,2.0,0.5,0.05,0.8,0.09703,0.0,1
775,2026-04-22T08:35:04.771Z,S20260422_093415,SC01,AUTO,34.7486,49.7505,0.0587,hold,1,1500,VIDE,0.0,0.03,0.0,5.495586,-0.698132,-0.0,1,0,3.299,19.416,0.0,0.03,0.0,5.4,2.0,0.5,0.05,0.8,0.09559,0.0,1
776,2026-04-22T08:35:04.832Z,S20260422_093415,SC01,AUTO,34.81,49.812,0.0615,hold,1,1500,VIDE,0.0,0.03,0.0,5.493663,-0.698132,0.0,1,0,39.511,0.71,0.0,0.03,0.0,5.4,2.0,0.5,0.05,0.8,0.09366,0.0,1
777,2026-04-22T08:35:04.905Z,S20260422_093415,SC01,AUTO,34.883,49.8849,0.0729,hold,1,1500,VIDE,0.0,0.03,0.0,5.491981,-0.698132,-0.0,1,0,13.261,19.22,0.0,0.03,0.0,5.4,2.0,0.5,0.05,0.8,0.09198,0.0,1
778,2026-04-22T08:35:04.958Z,S20260422_093415,SC01,AUTO,34.9364,49.9383,0.0534,hold,1,1500,VIDE,0.0,0.03,0.0,5.490539,-0.698132,0.0,1,0,21.669,19.268,0.0,0.03,0.0,5.4,2.0,0.5,0.05,0.8,0.09054,0.0,1
779,2026-04-22T08:35:05.030Z,S20260422_093415,SC01,AUTO,35.0079,50.0099,0.0715,hold,1,1500,VIDE,0.0,0.03,0.0,5.488377,-0.698132,-0.0,1,0,19.062,20.047,0.0,0.03,0.0,5.4,2.0,0.5,0.05,0.8,0.08838,0.0,1
780,2026-04-22T08:35:05.083Z,S20260422_093415,SC01,AUTO,35.0609,50.0628,0.053,hold,1,1500,VIDE,0.0,0.03,0.0,5.486936,-0.698132,0.0,1,0,17.015,14.461,0.0,0.03,0.0,5.4,2.0,0.5,0.05,0.8,0.08694,0.0,1
781,2026-04-22T08:35:05.145Z,S20260422_093415,SC01,AUTO,35.123,50.1249,0.0622,hold,1,1500,VIDE,0.0,0.03,0.0,5.485254,-0.698132,0.0,1,0,32.191,23.541,0.0,0.03,0.0,5.4,2.0,0.5,0.05,0.8,0.08525,0.0,1
782,2026-04-22T08:35:05.211Z,S20260422_093415,SC01,AUTO,35.1894,50.1913,0.0662,hold,1,1500,VIDE,0.0,0.03,0.0,5.483334,-0.698132,-0.0,1,0,23.823,19.261,0.0,0.03,0.0,5.4,2.0,0.5,0.05,0.8,0.08333,0.0,1
783,2026-04-22T08:35:05.270Z,S20260422_093415,SC01,AUTO,35.2484,50.2503,0.0591,hold,1,1500,VIDE,0.0,0.03,0.0,5.481894,-0.698132,-0.0,1,0,28.785,19.012,0.0,0.03,0.0,5.4,2.0,0.5,0.05,0.8,0.08189,0.0,1
784,2026-04-22T08:35:05.333Z,S20260422_093415,SC01,AUTO,35.3112,50.3131,0.0628,hold,1,1500,VIDE,0.0,0.03,0.0,5.480453,-0.698132,-0.0,1,0,19.723,15.531,0.0,0.03,0.0,5.4,2.0,0.5,0.05,0.8,0.08045,0.0,1
785,2026-04-22T08:35:05.401Z,S20260422_093415,SC01,AUTO,35.3785,50.3805,0.0674,hold,1,1500,VIDE,0.0,0.03,0.0,5.478294,-0.698132,-0.0,1,0,16.673,18.705,0.0,0.03,0.0,5.4,2.0,0.5,0.05,0.8,0.07829,0.0,1
786,2026-04-22T08:35:05.463Z,S20260422_093415,SC01,AUTO,35.4413,50.4433,0.0628,hold,1,1500,VIDE,0.0,0.03,0.0,5.476855,-0.698132,-0.0,1,0,7.565,20.071,0.0,0.03,0.0,5.4,2.0,0.5,0.05,0.8,0.07685,0.0,1
787,2026-04-22T08:35:05.521Z,S20260422_093415,SC01,AUTO,35.4994,50.5013,0.0581,hold,1,1500,VIDE,0.0,0.03,0.0,5.474696,-0.698132,0.0,1,0,7.133,19.627,0.0,0.03,0.0,5.4,2.0,0.5,0.05,0.8,0.0747,0.0,1
788,2026-04-22T08:35:05.586Z,S20260422_093415,SC01,AUTO,35.5644,50.5663,0.065,hold,1,1500,VIDE,0.0,0.03,0.0,5.473258,-0.698132,0.0,1,0,17.382,19.301,0.0,0.03,0.0,5.4,2.0,0.5,0.05,0.8,0.07326,0.0,1
789,2026-04-22T08:35:05.649Z,S20260422_093415,SC01,AUTO,35.6268,50.6288,0.0625,hold,1,1500,VIDE,0.0,0.03,0.0,5.4711,-0.698132,0.0,1,0,13.252,19.604,0.0,0.03,0.0,5.4,2.0,0.5,0.05,0.8,0.0711,0.0,1
790,2026-04-22T08:35:05.712Z,S20260422_093415,SC01,AUTO,35.6896,50.6915,0.0627,hold,1,1500,VIDE,0.0,0.03,0.0,5.469662,-0.698132,0.0,1,0,3.833,20.199,0.0,0.03,0.0,5.4,2.0,0.5,0.05,0.8,0.06966,0.0,1
791,2026-04-22T08:35:05.770Z,S20260422_093415,SC01,AUTO,35.7485,50.7504,0.0589,hold,1,1500,VIDE,0.0,0.03,0.0,5.468225,-0.698132,-0.0,1,0,29.273,19.271,0.0,0.03,0.0,5.4,2.0,0.5,0.05,0.8,0.06822,0.0,1
792,2026-04-22T08:35:05.833Z,S20260422_093415,SC01,AUTO,35.8109,50.8128,0.0625,hold,1,1500,VIDE,0.0,0.03,0.0,5.466068,-0.698132,0.0,1,0,17.758,19.846,0.0,0.03,0.0,5.4,2.0,0.5,0.05,0.8,0.06607,0.0,1
793,2026-04-22T08:35:05.899Z,S20260422_093415,SC01,AUTO,35.8768,50.8787,0.0659,hold,1,1500,VIDE,0.0,0.03,0.0,5.464631,-0.698132,-0.0,1,0,6.327,19.381,0.0,0.03,0.0,5.4,2.0,0.5,0.05,0.8,0.06463,0.0,1
794,2026-04-22T08:35:05.960Z,S20260422_093415,SC01,AUTO,35.9384,50.9403,0.0616,hold,1,1500,VIDE,0.0,0.03,0.0,5.462476,-0.698132,-0.0,1,0,21.88,19.971,0.0,0.03,0.0,5.4,2.0,0.5,0.05,0.8,0.06248,0.0,1
795,2026-04-22T08:35:06.024Z,S20260422_093415,SC01,AUTO,36.0022,51.0041,0.0638,end,1,1500,VIDE,0.0,0.0,0.8,5.46104,-0.698132,0.0,1,0,17.314,19.147,0.0,0.0,0.8,0.0,2.0,1.0,0.05,0.8,5.46104,0.0,0
796,2026-04-22T08:35:06.082Z,S20260422_093415,SC01,AUTO,36.0603,51.0622,0.0581,end,1,1500,VIDE,0.0,0.0,0.8,5.435001,-0.698132,0.0,1,0,10.96,0.357,0.0,0.0,0.8,0.0,2.0,1.0,0.05,0.8,5.435,0.0,0
797,2026-04-22T08:35:06.146Z,S20260422_093415,SC01,AUTO,36.1243,51.1262,0.064,end,1,1500,VIDE,0.0,0.0,0.8,4.823431,-0.698132,0.0,1,0,17.094,0.337,0.0,0.0,0.8,0.0,2.0,1.0,0.05,0.8,4.82343,0.0,0
798,2026-04-22T08:35:06.210Z,S20260422_093415,SC01,AUTO,36.1878,51.1897,0.0635,end,1,1500,VIDE,0.0,0.0,0.8,4.266885,-0.698132,0.0,1,0,9.851,19.4,0.0,0.0,0.8,0.0,2.0,1.0,0.05,0.8,4.26689,0.0,0
799,2026-04-22T08:35:06.272Z,S20260422_093415,SC01,AUTO,36.2504,51.2523,0.0626,end,1,1500,VIDE,0.0,0.0,0.8,3.858757,-0.698132,0.0,1,0,17.451,16.259,0.0,0.0,0.8,0.0,2.0,1.0,0.05,0.8,3.85876,0.0,0
800,2026-04-22T08:35:06.333Z,S20260422_093415,SC01,AUTO,36.3108,51.3127,0.0603,end,1,1500,VIDE,0.0,0.0,0.8,3.246419,-0.698132,0.0,1,0,14.76,18.353,0.0,0.0,0.8,0.0,2.0,1.0,0.05,0.8,3.24642,0.0,0
801,2026-04-22T08:35:06.395Z,S20260422_093415,SC01,AUTO,36.3729,51.3748,0.0622,end,1,1500,VIDE,0.0,0.0,0.8,2.838145,-0.698132,0.0,1,0,23.251,18.875,0.0,0.0,0.8,0.0,2.0,1.0,0.05,0.8,2.83815,0.0,0
802,2026-04-22T08:35:06.458Z,S20260422_093415,SC01,AUTO,36.4362,51.4381,0.0632,end,1,1500,VIDE,0.0,0.0,0.8,2.2256,-0.698132,0.0,1,0,21.014,17.837,0.0,0.0,0.8,0.0,2.0,1.0,0.05,0.8,2.2256,0.0,0
803,2026-04-22T08:35:06.523Z,S20260422_093415,SC01,AUTO,36.5006,51.5025,0.0644,end,1,1500,VIDE,0.0,0.0,0.8,1.81705,-0.698132,0.0,1,0,6.832,19.619,0.0,0.0,0.8,0.0,2.0,1.0,0.05,0.8,1.81705,0.0,0
804,2026-04-22T08:35:06.586Z,S20260422_093415,SC01,AUTO,36.5643,51.5663,0.0637,end,1,1500,VIDE,0.0,0.0,0.8,1.203659,-0.698132,0.0,1,0,24.261,19.932,0.0,0.0,0.8,0.0,2.0,1.0,0.05,0.8,1.20366,0.0,0
805,2026-04-22T08:35:06.650Z,S20260422_093415,SC01,AUTO,36.6284,51.6303,0.0641,end,1,1500,VIDE,0.0,0.0,0.8,0.588517,-0.698132,0.0,1,0,14.974,19.183,0.0,0.0,0.8,0.0,2.0,1.0,0.05,0.8,0.58852,0.0,1
806,2026-04-22T08:35:06.712Z,S20260422_093415,SC01,AUTO,36.6898,51.6918,0.0615,end,1,1500,VIDE,0.0,0.0,0.8,0.173339,-0.698132,-0.0,1,0,6.966,19.115,0.0,0.0,0.8,0.0,2.0,1.0,0.05,0.8,0.17334,0.0,1
807,2026-04-22T08:35:06.770Z,S20260422_093415,SC01,AUTO,36.7483,51.7502,0.0585,end,1,1500,VIDE,0.0,0.0,0.8,0.0002,-0.698132,0.0,1,0,37.772,2.103,0.0,0.0,0.8,0.0,2.0,1.0,0.05,0.8,0.0002,0.0,1
808,2026-04-22T08:35:06.832Z,S20260422_093415,SC01,AUTO,36.8104,51.8124,0.0621,end,1,1500,VIDE,0.0,0.0,0.8,0.0,-0.698132,-0.0,1,0,36.269,0.364,0.0,0.0,0.8,0.0,2.0,1.0,0.05,0.8,0.0,0.0,1
809,2026-04-22T08:35:06.896Z,S20260422_093415,SC01,AUTO,36.8745,51.8764,0.0641,end,1,1500,VIDE,0.0,0.0,0.8,0.0,-0.698132,-0.0,1,0,23.598,20.808,0.0,0.0,0.8,0.0,2.0,1.0,0.05,0.8,0.0,0.0,1
810,2026-04-22T08:35:06.959Z,S20260422_093415,SC01,AUTO,36.9369,51.9389,0.0625,end,1,1500,VIDE,0.0,0.0,0.8,0.0,-0.698132,-0.0,1,0,16.098,18.99,0.0,0.0,0.8,0.0,2.0,1.0,0.05,0.8,0.0,0.0,1
811,2026-04-22T08:35:07.026Z,S20260422_093415,SC01,AUTO,37.0043,52.0063,0.0674,end,1,1500,VIDE,0.0,0.0,0.8,0.0,-0.698132,-0.0,1,0,9.182,20.248,0.0,0.0,0.8,0.0,2.0,1.0,0.05,0.8,0.0,0.0,1
812,2026-04-22T08:35:07.082Z,S20260422_093415,SC01,AUTO,37.0598,52.0617,0.0554,end,1,1500,VIDE,0.0,0.0,0.8,0.0,-0.698132,0.0,1,0,21.152,20.474,0.0,0.0,0.8,0.0,2.0,1.0,0.05,0.8,0.0,0.0,1
813,2026-04-22T08:35:07.146Z,S20260422_093415,SC01,AUTO,37.1245,52.1264,0.0647,end,1,1500,VIDE,0.0,0.0,0.8,0.0,-0.698132,-0.0,1,0,12.292,19.16,0.0,0.0,0.8,0.0,2.0,1.0,0.05,0.8,0.0,0.0,1
814,2026-04-22T08:35:07.209Z,S20260422_093415,SC01,AUTO,37.1868,52.1887,0.0623,end,1,1500,VIDE,0.0,0.0,0.8,0.0,-0.698132,-0.0,1,0,7.073,19.853,0.0,0.0,0.8,0.0,2.0,1.0,0.05,0.8,0.0,0.0,1
815,2026-04-22T08:35:07.271Z,S20260422_093415,SC01,AUTO,37.2489,52.2508,0.0621,end,1,1500,VIDE,0.0,0.0,0.8,0.0,-0.698132,0.0,1,0,17.815,19.596,0.0,0.0,0.8,0.0,2.0,1.0,0.05,0.8,0.0,0.0,1
816,2026-04-22T08:35:07.332Z,S20260422_093415,SC01,AUTO,37.3102,52.3122,0.0613,end,1,1500,VIDE,0.0,0.0,0.8,0.0,-0.698132,-0.0,1,0,11.644,19.617,0.0,0.0,0.8,0.0,2.0,1.0,0.05,0.8,0.0,0.0,1
817,2026-04-22T08:35:07.396Z,S20260422_093415,SC01,AUTO,37.3742,52.3762,0.064,end,1,1500,VIDE,0.0,0.0,0.8,0.0,-0.698132,-0.0,1,0,21.487,19.866,0.0,0.0,0.8,0.0,2.0,1.0,0.05,0.8,0.0,0.0,1
818,2026-04-22T08:35:07.458Z,S20260422_093415,SC01,AUTO,37.4361,52.438,0.0619,end,1,1500,VIDE,0.0,0.0,0.8,0.0,-0.698132,0.0,1,0,11.574,20.009,0.0,0.0,0.8,0.0,2.0,1.0,0.05,0.8,0.0,0.0,1
819,2026-04-22T08:35:07.522Z,S20260422_093415,SC01,AUTO,37.5004,52.5024,0.0643,end,1,1500,VIDE,0.0,0.0,0.8,0.0,-0.698132,0.0,1,0,23.461,20.321,0.0,0.0,0.8,0.0,2.0,1.0,0.05,0.8,0.0,0.0,1
820,2026-04-22T08:35:07.585Z,S20260422_093415,SC01,AUTO,37.5628,52.5647,0.0624,end,1,1500,VIDE,0.0,0.0,0.8,0.0,-0.698132,0.0,1,0,15.031,18.289,0.0,0.0,0.8,0.0,2.0,1.0,0.05,0.8,0.0,0.0,1
821,2026-04-22T08:35:07.651Z,S20260422_093415,SC01,AUTO,37.6294,52.6314,0.0667,end,1,1500,VIDE,0.0,0.0,0.8,0.0,-0.698132,0.0,1,0,5.679,19.428,0.0,0.0,0.8,0.0,2.0,1.0,0.05,0.8,0.0,0.0,1
822,2026-04-22T08:35:07.708Z,S20260422_093415,SC01,AUTO,37.6856,52.6876,0.0562,end,1,1500,VIDE,0.0,0.0,0.8,0.0,-0.698132,0.0,1,0,19.542,18.38,0.0,0.0,0.8,0.0,2.0,1.0,0.05,0.8,0.0,0.0,1
823,2026-04-22T08:35:07.770Z,S20260422_093415,SC01,AUTO,37.7478,52.7498,0.0622,end,1,1500,VIDE,0.0,0.0,0.8,0.0,-0.698132,0.0,1,0,6.759,20.644,0.0,0.0,0.8,0.0,2.0,1.0,0.05,0.8,0.0,0.0,1
824,2026-04-22T08:35:07.833Z,S20260422_093415,SC01,AUTO,37.8109,52.8128,0.063,end,1,1500,VIDE,0.0,0.0,0.8,0.0,-0.698132,0.0,1,0,40.238,21.488,0.0,0.0,0.8,0.0,2.0,1.0,0.05,0.8,0.0,0.0,1
825,2026-04-22T08:35:07.894Z,S20260422_093415,SC01,AUTO,37.8722,52.8742,0.0614,end,1,1500,VIDE,0.0,0.0,0.8,0.0,-0.698132,0.0,1,0,10.933,19.174,0.0,0.0,0.8,0.0,2.0,1.0,0.05,0.8,0.0,0.0,1
826,2026-04-22T08:35:07.957Z,S20260422_093415,SC01,AUTO,37.9351,52.937,0.0629,end,1,1500,VIDE,0.0,0.0,0.8,0.0,-0.698132,0.0,1,0,3.989,20.003,0.0,0.0,0.8,0.0,2.0,1.0,0.05,0.8,0.0,0.0,1
827,2026-04-22T08:35:08.033Z,S20260422_093415,SC01,AUTO,38.0114,53.0133,0.0763,end,1,1500,VIDE,0.0,0.0,0.8,0.0,-0.698132,0.0,1,0,17.064,19.335,0.0,0.0,0.8,0.0,2.0,1.0,0.05,0.8,0.0,0.0,1
828,2026-04-22T08:35:08.083Z,S20260422_093415,SC01,AUTO,38.0613,53.0633,0.05,end,1,1500,VIDE,0.0,0.0,0.8,0.0,-0.698132,0.0,1,0,3.828,19.672,0.0,0.0,0.8,0.0,2.0,1.0,0.05,0.8,0.0,0.0,1
829,2026-04-22T08:35:08.145Z,S20260422_093415,SC01,AUTO,38.1231,53.1251,0.0618,end,1,1500,VIDE,0.0,0.0,0.8,0.0,-0.698132,0.0,1,0,13.368,19.749,0.0,0.0,0.8,0.0,2.0,1.0,0.05,0.8,0.0,0.0,1
830,2026-04-22T08:35:08.208Z,S20260422_093415,SC01,AUTO,38.1856,53.1876,0.0625,end,1,1500,VIDE,0.0,0.0,0.8,0.0,-0.698132,0.0,1,0,5.603,20.008,0.0,0.0,0.8,0.0,2.0,1.0,0.05,0.8,0.0,0.0,1
831,2026-04-22T08:35:08.273Z,S20260422_093415,SC01,AUTO,38.2508,53.2528,0.0652,end,1,1500,VIDE,0.0,0.0,0.8,0.0,-0.698132,0.0,1,0,40.58,1.198,0.0,0.0,0.8,0.0,2.0,1.0,0.05,0.8,0.0,0.0,1
832,2026-04-22T08:35:08.332Z,S20260422_093415,SC01,AUTO,38.3101,53.3121,0.0593,end,1,1500,VIDE,0.0,0.0,0.8,0.0,-0.698132,0.0,1,0,10.336,19.675,0.0,0.0,0.8,0.0,2.0,1.0,0.05,0.8,0.0,0.0,1
833,2026-04-22T08:35:08.394Z,S20260422_093415,SC01,AUTO,38.3725,53.3745,0.0624,end,1,1500,VIDE,0.0,0.0,0.8,0.0,-0.698132,0.0,1,0,22.177,19.036,0.0,0.0,0.8,0.0,2.0,1.0,0.05,0.8,0.0,0.0,1
834,2026-04-22T08:35:08.458Z,S20260422_093415,SC01,AUTO,38.4366,53.4385,0.064,end,1,1500,VIDE,0.0,0.0,0.8,0.0,-0.698132,0.0,1,0,10.836,19.303,0.0,0.0,0.8,0.0,2.0,1.0,0.05,0.8,0.0,0.0,1
835,2026-04-22T08:35:08.522Z,S20260422_093415,SC01,AUTO,38.5,53.5019,0.0635,end,1,1500,VIDE,0.0,0.0,0.8,0.0,-0.698132,0.0,1,0,25.246,19.9,0.0,0.0,0.8,0.0,2.0,1.0,0.05,0.8,0.0,0.0,1
836,2026-04-22T08:35:08.582Z,S20260422_093415,SC01,AUTO,38.5602,53.5621,0.0602,end,1,1500,VIDE,0.0,0.0,0.8,0.0,-0.698132,0.0,1,0,12.997,20.125,0.0,0.0,0.8,0.0,2.0,1.0,0.05,0.8,0.0,0.0,1
837,2026-04-22T08:35:08.650Z,S20260422_093415,SC01,AUTO,38.628,53.63,0.0678,end,1,1500,VIDE,0.0,0.0,0.8,0.0,-0.698132,0.0,1,0,8.434,18.892,0.0,0.0,0.8,0.0,2.0,1.0,0.05,0.8,0.0,0.0,1
838,2026-04-22T08:35:08.707Z,S20260422_093415,SC01,AUTO,38.6851,53.6871,0.0571,end,1,1500,VIDE,0.0,0.0,0.8,0.0,-0.698132,0.0,1,0,16.943,15.595,0.0,0.0,0.8,0.0,2.0,1.0,0.05,0.8,0.0,0.0,1
839,2026-04-22T08:35:08.770Z,S20260422_093415,SC01,AUTO,38.7475,53.7495,0.0624,end,1,1500,VIDE,0.0,0.0,0.8,0.0,-0.698132,0.0,1,0,10.575,19.528,0.0,0.0,0.8,0.0,2.0,1.0,0.05,0.8,0.0,0.0,1
840,2026-04-22T08:35:08.832Z,S20260422_093415,SC01,AUTO,38.8103,53.8122,0.0627,end,1,1500,VIDE,0.0,0.0,0.8,0.0,-0.698132,0.0,1,0,18.619,17.954,0.0,0.0,0.8,0.0,2.0,1.0,0.05,0.8,0.0,0.0,1
841,2026-04-22T08:35:08.906Z,S20260422_093415,SC01,AUTO,38.884,53.8859,0.0737,end,1,1500,VIDE,0.0,0.0,0.8,0.0,-0.698132,0.0,1,0,12.139,19.616,0.0,0.0,0.8,0.0,2.0,1.0,0.05,0.8,0.0,0.0,1
842,2026-04-22T08:35:08.970Z,S20260422_093415,SC01,AUTO,38.9479,53.9499,0.0639,end,1,1500,VIDE,0.0,0.0,0.8,0.0,-0.698132,0.0,1,0,7.664,19.809,0.0,0.0,0.8,0.0,2.0,1.0,0.05,0.8,0.0,0.0,1
843,2026-04-22T08:35:09.024Z,S20260422_093415,SC01,AUTO,39.0025,54.0044,0.0546,end,1,1500,VIDE,0.0,0.0,0.8,0.0,-0.698132,0.0,1,0,18.961,16.198,0.0,0.0,0.8,0.0,2.0,1.0,0.05,0.8,0.0,0.0,1
844,2026-04-22T08:35:09.082Z,S20260422_093415,SC01,AUTO,39.0599,54.0618,0.0574,end,1,1500,VIDE,0.0,0.0,0.8,0.0,-0.698132,0.0,1,0,8.443,19.461,0.0,0.0,0.8,0.0,2.0,1.0,0.05,0.8,0.0,0.0,1
845,2026-04-22T08:35:09.146Z,S20260422_093415,SC01,AUTO,39.1242,54.1262,0.0643,end,1,1500,VIDE,0.0,0.0,0.8,0.0,-0.698132,0.0,1,0,22.651,18.699,0.0,0.0,0.8,0.0,2.0,1.0,0.05,0.8,0.0,0.0,1
846,2026-04-22T08:35:09.210Z,S20260422_093415,SC01,AUTO,39.1879,54.1898,0.0637,end,1,1500,VIDE,0.0,0.0,0.8,0.0,-0.698132,0.0,1,0,10.385,19.161,0.0,0.0,0.8,0.0,2.0,1.0,0.05,0.8,0.0,0.0,1
847,2026-04-22T08:35:09.271Z,S20260422_093415,SC01,AUTO,39.2486,54.2505,0.0607,end,1,1500,VIDE,0.0,0.0,0.8,0.0,-0.698132,0.0,1,0,21.478,16.734,0.0,0.0,0.8,0.0,2.0,1.0,0.05,0.8,0.0,0.0,1
848,2026-04-22T08:35:09.332Z,S20260422_093415,SC01,AUTO,39.3104,54.3124,0.0619,end,1,1500,VIDE,0.0,0.0,0.8,0.0,-0.698132,0.0,1,0,15.372,19.549,0.0,0.0,0.8,0.0,2.0,1.0,0.05,0.8,0.0,0.0,1
849,2026-04-22T08:35:09.400Z,S20260422_093415,SC01,AUTO,39.3779,54.3798,0.0674,end,1,1500,VIDE,0.0,0.0,0.8,0.0,-0.698132,0.0,1,0,6.194,19.747,0.0,0.0,0.8,0.0,2.0,1.0,0.05,0.8,0.0,0.0,1
850,2026-04-22T08:35:09.466Z,S20260422_093415,SC01,AUTO,39.4446,54.4465,0.0666,end,1,1500,VIDE,0.0,0.0,0.8,0.0,-0.698132,0.0,1,0,19.177,19.132,0.0,0.0,0.8,0.0,2.0,1.0,0.05,0.8,0.0,0.0,1
851,2026-04-22T08:35:09.522Z,S20260422_093415,SC01,AUTO,39.4998,54.5018,0.0553,end,1,1500,VIDE,0.0,0.0,0.8,0.0,-0.698132,0.0,1,0,9.281,18.828,0.0,0.0,0.8,0.0,2.0,1.0,0.05,0.8,0.0,0.0,1
852,2026-04-22T08:35:09.588Z,S20260422_093415,SC01,AUTO,39.5664,54.5683,0.0666,end,1,1500,VIDE,0.0,0.0,0.8,0.0,-0.698132,0.0,1,0,5.157,18.929,0.0,0.0,0.8,0.0,2.0,1.0,0.05,0.8,0.0,0.0,1
853,2026-04-22T08:35:09.651Z,S20260422_093415,SC01,AUTO,39.6285,54.6305,0.0622,end,1,1500,VIDE,0.0,0.0,0.8,0.0,-0.698132,0.0,1,0,16.311,17.52,0.0,0.0,0.8,0.0,2.0,1.0,0.05,0.8,0.0,0.0,1
854,2026-04-22T08:35:09.713Z,S20260422_093415,SC01,AUTO,39.6906,54.6926,0.0621,end,1,1500,VIDE,0.0,0.0,0.8,0.0,-0.698132,0.0,1,0,9.206,19.379,0.0,0.0,0.8,0.0,2.0,1.0,0.05,0.8,0.0,0.0,1
855,2026-04-22T08:35:09.770Z,S20260422_093415,SC01,AUTO,39.7482,54.7502,0.0576,end,1,1500,VIDE,0.0,0.0,0.8,0.0,-0.698132,0.0,1,0,19.252,19.4,0.0,0.0,0.8,0.0,2.0,1.0,0.05,0.8,0.0,0.0,1
856,2026-04-22T08:35:09.832Z,S20260422_093415,SC01,AUTO,39.8102,54.8121,0.0619,end,1,1500,VIDE,0.0,0.0,0.8,0.0,-0.698132,0.0,1,0,14.04,18.797,0.0,0.0,0.8,0.0,2.0,1.0,0.05,0.8,0.0,0.0,1
857,2026-04-22T08:35:09.898Z,S20260422_093415,SC01,AUTO,39.8762,54.8781,0.066,end,1,1500,VIDE,0.0,0.0,0.8,0.0,-0.698132,0.0,1,0,23.729,19.202,0.0,0.0,0.8,0.0,2.0,1.0,0.05,0.8,0.0,0.0,1
858,2026-04-22T08:35:09.962Z,S20260422_093415,SC01,AUTO,39.9402,54.9422,0.0641,end,1,1500,VIDE,0.0,0.0,0.8,0.0,-0.698132,0.0,1,0,20.215,19.917,0.0,0.0,0.8,0.0,2.0,1.0,0.05,0.8,0.0,0.0,1
859,2026-04-22T08:35:10.030Z,S20260422_093415,SC01,AUTO,40.0082,55.0101,0.0679,end,1,1500,VIDE,0.0,0.0,0.8,0.0,-0.698132,0.0,1,0,14.191,18.943,0.0,0.0,0.8,0.0,2.0,1.0,0.05,0.8,0.0,0.0,1
860,2026-04-22T08:35:10.088Z,S20260422_093415,SC01,AUTO,40.066,55.0679,0.0578,end,1,1500,VIDE,0.0,0.0,0.8,0.0,-0.698132,0.0,1,0,3.109,20.597,0.0,0.0,0.8,0.0,2.0,1.0,0.05,0.8,0.0,0.0,1
861,2026-04-22T08:35:10.153Z,S20260422_093415,SC01,AUTO,40.1306,55.1325,0.0646,end,1,1500,VIDE,0.0,0.0,0.8,0.0,-0.698132,0.0,1,0,16.213,20.121,0.0,0.0,0.8,0.0,2.0,1.0,0.05,0.8,0.0,0.0,1
862,2026-04-22T08:35:10.213Z,S20260422_093415,SC01,AUTO,40.1906,55.1925,0.06,end,1,1500,VIDE,0.0,0.0,0.8,0.0,-0.698132,0.0,1,0,8.059,19.812,0.0,0.0,0.8,0.0,2.0,1.0,0.05,0.8,0.0,0.0,1
863,2026-04-22T08:35:10.272Z,S20260422_093415,SC01,AUTO,40.2503,55.2522,0.0597,end,1,1500,VIDE,0.0,0.0,0.8,0.0,-0.698132,0.0,1,0,19.741,19.658,0.0,0.0,0.8,0.0,2.0,1.0,0.05,0.8,0.0,0.0,1
864,2026-04-22T08:35:10.332Z,S20260422_093415,SC01,AUTO,40.31,55.312,0.0597,end,1,1500,VIDE,0.0,0.0,0.8,0.0,-0.698132,0.0,1,0,13.964,19.647,0.0,0.0,0.8,0.0,2.0,1.0,0.05,0.8,0.0,0.0,1
865,2026-04-22T08:35:10.394Z,S20260422_093415,SC01,AUTO,40.3724,55.3743,0.0624,end,1,1500,VIDE,0.0,0.0,0.8,0.0,-0.698132,0.0,1,0,22.171,19.621,0.0,0.0,0.8,0.0,2.0,1.0,0.05,0.8,0.0,0.0,1
866,2026-04-22T08:35:10.458Z,S20260422_093415,SC01,AUTO,40.4361,55.438,0.0637,end,1,1500,VIDE,0.0,0.0,0.8,0.0,-0.698132,0.0,1,0,18.624,20.17,0.0,0.0,0.8,0.0,2.0,1.0,0.05,0.8,0.0,0.0,1
867,2026-04-22T08:35:10.522Z,S20260422_093415,SC01,AUTO,40.4997,55.5016,0.0636,end,1,1500,VIDE,0.0,0.0,0.8,0.0,-0.698132,0.0,1,0,12.558,19.087,0.0,0.0,0.8,0.0,2.0,1.0,0.05,0.8,0.0,0.0,1
868,2026-04-22T08:35:10.583Z,S20260422_093415,SC01,AUTO,40.5609,55.5628,0.0613,end,1,1500,VIDE,0.0,0.0,0.8,0.0,-0.698132,0.0,1,0,25.029,20.499,0.0,0.0,0.8,0.0,2.0,1.0,0.05,0.8,0.0,0.0,1
869,2026-04-22T08:35:10.650Z,S20260422_093415,SC01,AUTO,40.6283,55.6302,0.0673,end,1,1500,VIDE,0.0,0.0,0.8,0.0,-0.698132,0.0,1,0,23.234,19.056,0.0,0.0,0.8,0.0,2.0,1.0,0.05,0.8,0.0,0.0,1
870,2026-04-22T08:35:10.712Z,S20260422_093415,SC01,AUTO,40.6902,55.6921,0.062,end,1,1500,VIDE,0.0,0.0,0.8,0.0,-0.698132,0.0,1,0,38.115,27.103,0.0,0.0,0.8,0.0,2.0,1.0,0.05,0.8,0.0,0.0,1
871,2026-04-22T08:35:10.772Z,S20260422_093415,SC01,AUTO,40.75,55.752,0.0599,end,1,1500,VIDE,0.0,0.0,0.8,0.0,-0.698132,0.0,1,0,12.976,19.95,0.0,0.0,0.8,0.0,2.0,1.0,0.05,0.8,0.0,0.0,1
872,2026-04-22T08:35:10.833Z,S20260422_093415,SC01,AUTO,40.8109,55.8128,0.0609,end,1,1500,VIDE,0.0,0.0,0.8,0.0,-0.698132,0.0,1,0,23.06,19.343,0.0,0.0,0.8,0.0,2.0,1.0,0.05,0.8,0.0,0.0,1
873,2026-04-22T08:35:10.894Z,S20260422_093415,SC01,AUTO,40.8722,55.8742,0.0614,end,1,1500,VIDE,0.0,0.0,0.8,0.0,-0.698132,0.0,1,0,18.724,18.954,0.0,0.0,0.8,0.0,2.0,1.0,0.05,0.8,0.0,0.0,1
874,2026-04-22T08:35:10.964Z,S20260422_093415,SC01,AUTO,40.9417,55.9436,0.0694,end,1,1500,VIDE,0.0,0.0,0.8,0.0,-0.698132,0.0,1,0,30.492,22.817,0.0,0.0,0.8,0.0,2.0,1.0,0.05,0.8,0.0,0.0,1
875,2026-04-22T08:35:11.021Z,S20260422_093415,SC01,AUTO,40.9994,56.0014,0.0577,end,1,1500,VIDE,0.0,0.0,0.8,0.0,-0.698132,0.0,1,0,1.714,20.169,0.0,0.0,0.8,0.0,2.0,1.0,0.05,0.8,0.0,0.0,1
876,2026-04-22T08:35:11.083Z,S20260422_093415,SC01,AUTO,41.061,56.0629,0.0614,end,1,1500,VIDE,0.0,0.0,0.8,0.0,-0.698132,0.0,1,0,12.263,19.286,0.0,0.0,0.8,0.0,2.0,1.0,0.05,0.8,0.0,0.0,1
877,2026-04-22T08:35:11.146Z,S20260422_093415,SC01,AUTO,41.124,56.126,0.0631,end,1,1500,VIDE,0.0,0.0,0.8,0.0,-0.698132,0.0,1,0,9.376,19.661,0.0,0.0,0.8,0.0,2.0,1.0,0.05,0.8,0.0,0.0,1
878,2026-04-22T08:35:11.211Z,S20260422_093415,SC01,AUTO,41.1888,56.1907,0.0648,end,1,1500,VIDE,0.0,0.0,0.8,0.0,-0.698132,0.0,1,0,16.557,19.76,0.0,0.0,0.8,0.0,2.0,1.0,0.05,0.8,0.0,0.0,1
879,2026-04-22T08:35:11.271Z,S20260422_093415,SC01,AUTO,41.2489,56.2509,0.0601,end,1,1500,VIDE,0.0,0.0,0.8,0.0,-0.698132,0.0,1,0,10.367,19.194,0.0,0.0,0.8,0.0,2.0,1.0,0.05,0.8,0.0,0.0,1
880,2026-04-22T08:35:11.332Z,S20260422_093415,SC01,AUTO,41.3101,56.3121,0.0612,end,1,1500,VIDE,0.0,0.0,0.8,0.0,-0.698132,0.0,1,0,19.967,18.979,0.0,0.0,0.8,0.0,2.0,1.0,0.05,0.8,0.0,0.0,1
881,2026-04-22T08:35:11.400Z,S20260422_093415,SC01,AUTO,41.378,56.38,0.0679,end,1,1500,VIDE,0.0,0.0,0.8,0.0,-0.698132,0.0,1,0,12.111,20.013,0.0,0.0,0.8,0.0,2.0,1.0,0.05,0.8,0.0,0.0,1
882,2026-04-22T08:35:11.463Z,S20260422_093415,SC01,AUTO,41.4411,56.443,0.063,end,1,1500,VIDE,0.0,0.0,0.8,0.0,-0.698132,0.0,1,0,7.16,19.21,0.0,0.0,0.8,0.0,2.0,1.0,0.05,0.8,0.0,0.0,1
883,2026-04-22T08:35:11.520Z,S20260422_093415,SC01,AUTO,41.4985,56.5005,0.0574,end,1,1500,VIDE,0.0,0.0,0.8,0.0,-0.698132,0.0,1,0,16.031,18.794,0.0,0.0,0.8,0.0,2.0,1.0,0.05,0.8,0.0,0.0,1
884,2026-04-22T08:35:11.588Z,S20260422_093415,SC01,AUTO,41.5658,56.5677,0.0673,end,1,1500,VIDE,0.0,0.0,0.8,0.0,-0.698132,0.0,1,0,9.747,19.148,0.0,0.0,0.8,0.0,2.0,1.0,0.05,0.8,0.0,0.0,1
885,2026-04-22T08:35:11.650Z,S20260422_093415,SC01,AUTO,41.628,56.6299,0.0622,end,1,1500,VIDE,0.0,0.0,0.8,0.0,-0.698132,0.0,1,0,18.368,18.577,0.0,0.0,0.8,0.0,2.0,1.0,0.05,0.8,0.0,0.0,1
886,2026-04-22T08:35:11.712Z,S20260422_093415,SC01,AUTO,41.6903,56.6922,0.0623,end,1,1500,VIDE,0.0,0.0,0.8,0.0,-0.698132,0.0,1,0,11.806,19.298,0.0,0.0,0.8,0.0,2.0,1.0,0.05,0.8,0.0,0.0,1
887,2026-04-22T08:35:11.770Z,S20260422_093415,SC01,AUTO,41.7483,56.7502,0.0579,end,1,1500,VIDE,0.0,0.0,0.8,0.0,-0.698132,0.0,1,0,19.875,18.84,0.0,0.0,0.8,0.0,2.0,1.0,0.05,0.8,0.0,0.0,1
888,2026-04-22T08:35:11.832Z,S20260422_093415,SC01,AUTO,41.81,56.8119,0.0618,end,1,1500,VIDE,0.0,0.0,0.8,0.0,-0.698132,0.0,1,0,15.784,18.997,0.0,0.0,0.8,0.0,2.0,1.0,0.05,0.8,0.0,0.0,1
889,2026-04-22T08:35:11.899Z,S20260422_093415,SC01,AUTO,41.8767,56.8787,0.0667,end,1,1500,VIDE,0.0,0.0,0.8,0.0,-0.698132,0.0,1,0,6.95,19.192,0.0,0.0,0.8,0.0,2.0,1.0,0.05,0.8,0.0,0.0,1
890,2026-04-22T08:35:11.961Z,S20260422_093415,SC01,AUTO,41.9386,56.9405,0.0618,end,1,1500,VIDE,0.0,0.0,0.8,0.0,-0.698132,0.0,1,0,16.472,18.778,0.0,0.0,0.8,0.0,2.0,1.0,0.05,0.8,0.0,0.0,1
891,2026-04-22T08:35:12.025Z,S20260422_093415,SC01,AUTO,42.0033,57.0053,0.0648,end,1,1500,VIDE,0.0,0.0,0.8,0.0,-0.698132,0.0,1,0,7.521,19.275,0.0,0.0,0.8,0.0,2.0,1.0,0.05,0.8,0.0,0.0,1
892,2026-04-22T08:35:12.086Z,S20260422_093415,SC01,AUTO,42.0635,57.0655,0.0602,end,1,1500,VIDE,0.0,0.0,0.8,0.0,-0.698132,0.0,1,0,20.243,19.128,0.0,0.0,0.8,0.0,2.0,1.0,0.05,0.8,0.0,0.0,1
893,2026-04-22T08:35:12.242Z,S20260422_093415,SC01,AUTO,42.2199,57.2219,0.1564,end,1,1500,VIDE,0.0,0.0,0.8,0.0,-0.698132,0.0,3,0,128.816,0.642,0.0,0.0,0.8,0.0,2.0,1.0,0.05,0.8,0.0,0.0,1
894,2026-04-22T08:35:12.272Z,S20260422_093415,SC01,AUTO,42.2501,57.252,0.0301,end,1,1500,VIDE,0.0,0.0,0.8,0.0,-0.698132,0.0,1,0,21.295,130.101,0.0,0.0,0.8,0.0,2.0,1.0,0.05,0.8,0.0,0.0,1
895,2026-04-22T08:35:12.332Z,S20260422_093415,SC01,AUTO,42.3105,57.3125,0.0605,end,1,1500,VIDE,0.0,0.0,0.8,0.0,-0.698132,0.0,1,0,21.336,19.319,0.0,0.0,0.8,0.0,2.0,1.0,0.05,0.8,0.0,0.0,1
896,2026-04-22T08:35:12.400Z,S20260422_093415,SC01,AUTO,42.3777,57.3796,0.0671,end,1,1500,VIDE,0.0,0.0,0.8,0.0,-0.698132,0.0,1,0,13.702,18.805,0.0,0.0,0.8,0.0,2.0,1.0,0.05,0.8,0.0,0.0,1
897,2026-04-22T08:35:12.459Z,S20260422_093415,SC01,AUTO,42.4367,57.4387,0.059,end,1,1500,VIDE,0.0,0.0,0.8,0.0,-0.698132,0.0,1,0,22.794,20.263,0.0,0.0,0.8,0.0,2.0,1.0,0.05,0.8,0.0,0.0,1
898,2026-04-22T08:35:12.522Z,S20260422_093415,SC01,AUTO,42.4998,57.5018,0.0631,end,1,1500,VIDE,0.0,0.0,0.8,0.0,-0.698132,0.0,1,0,16.474,18.624,0.0,0.0,0.8,0.0,2.0,1.0,0.05,0.8,0.0,0.0,1
899,2026-04-22T08:35:12.585Z,S20260422_093415,SC01,AUTO,42.5635,57.5654,0.0637,end,1,1500,VIDE,0.0,0.0,0.8,0.0,-0.698132,0.0,1,0,11.458,19.353,0.0,0.0,0.8,0.0,2.0,1.0,0.05,0.8,0.0,0.0,1
900,2026-04-22T08:35:12.647Z,S20260422_093415,SC01,AUTO,42.6255,57.6274,0.062,end,1,1500,VIDE,0.0,0.0,0.8,0.0,-0.698132,0.0,1,0,20.253,18.382,0.0,0.0,0.8,0.0,2.0,1.0,0.05,0.8,0.0,0.0,1
901,2026-04-22T08:35:12.709Z,S20260422_093415,SC01,AUTO,42.6872,57.6891,0.0617,end,1,1500,VIDE,0.0,0.0,0.8,0.0,-0.698132,0.0,1,0,14.667,19.899,0.0,0.0,0.8,0.0,2.0,1.0,0.05,0.8,0.0,0.0,1
902,2026-04-22T08:35:12.771Z,S20260422_093415,SC01,AUTO,42.7491,57.751,0.0617,end,1,1500,VIDE,0.0,0.0,0.8,0.0,-0.698132,0.0,1,0,22.779,18.188,0.0,0.0,0.8,0.0,2.0,1.0,0.05,0.8,0.0,0.0,1
903,2026-04-22T08:35:12.832Z,S20260422_093415,SC01,AUTO,42.8102,57.8121,0.0612,end,1,1500,VIDE,0.0,0.0,0.8,0.0,-0.698132,0.0,1,0,15.818,20.523,0.0,0.0,0.8,0.0,2.0,1.0,0.05,0.8,0.0,0.0,1
904,2026-04-22T08:35:12.896Z,S20260422_093415,SC01,AUTO,42.8741,57.8761,0.064,end,1,1500,VIDE,0.0,0.0,0.8,0.0,-0.698132,0.0,1,0,23.5,1.094,0.0,0.0,0.8,0.0,2.0,1.0,0.05,0.8,0.0,0.0,1
905,2026-04-22T08:35:12.958Z,S20260422_093415,SC01,AUTO,42.9365,57.9384,0.0623,end,1,1500,VIDE,0.0,0.0,0.8,0.0,-0.698132,0.0,1,0,16.998,19.305,0.0,0.0,0.8,0.0,2.0,1.0,0.05,0.8,0.0,0.0,1
906,2026-04-22T08:35:13.025Z,S20260422_093415,SC01,AUTO,43.0028,58.0048,0.0664,end,1,1500,VIDE,0.0,0.0,0.8,0.0,-0.698132,0.0,1,0,9.544,19.105,0.0,0.0,0.8,0.0,2.0,1.0,0.05,0.8,0.0,0.0,1
907,2026-04-22T08:35:13.083Z,S20260422_093415,SC01,AUTO,43.0612,58.0631,0.0583,end,1,1500,VIDE,0.0,0.0,0.8,0.0,-0.698132,0.0,1,0,19.818,19.723,0.0,0.0,0.8,0.0,2.0,1.0,0.05,0.8,0.0,0.0,1
908,2026-04-22T08:35:13.146Z,S20260422_093415,SC01,AUTO,43.1237,58.1257,0.0625,end,1,1500,VIDE,0.0,0.0,0.8,0.0,-0.698132,0.0,1,0,13.553,18.936,0.0,0.0,0.8,0.0,2.0,1.0,0.05,0.8,0.0,0.0,1
909,2026-04-22T08:35:13.211Z,S20260422_093415,SC01,AUTO,43.1886,58.1905,0.0648,end,1,1500,VIDE,0.0,0.0,0.8,0.0,-0.698132,0.0,1,0,21.851,19.728,0.0,0.0,0.8,0.0,2.0,1.0,0.05,0.8,0.0,0.0,1
910,2026-04-22T08:35:13.272Z,S20260422_093415,SC01,AUTO,43.2498,58.2517,0.0612,end,1,1500,VIDE,0.0,0.0,0.8,0.0,-0.698132,0.0,1,0,13.057,19.748,0.0,0.0,0.8,0.0,2.0,1.0,0.05,0.8,0.0,0.0,1
911,2026-04-22T08:35:13.332Z,S20260422_093415,SC01,AUTO,43.3105,58.3125,0.0607,end,1,1500,VIDE,0.0,0.0,0.8,0.0,-0.698132,0.0,1,0,24.073,18.663,0.0,0.0,0.8,0.0,2.0,1.0,0.05,0.8,0.0,0.0,1
912,2026-04-22T08:35:13.402Z,S20260422_093415,SC01,AUTO,43.3802,58.3822,0.0697,end,1,1500,VIDE,0.0,0.0,0.8,0.0,-0.698132,0.0,1,0,16.039,19.38,0.0,0.0,0.8,0.0,2.0,1.0,0.05,0.8,0.0,0.0,1
913,2026-04-22T08:35:13.466Z,S20260422_093415,SC01,AUTO,43.4444,58.4463,0.0642,end,1,1500,VIDE,0.0,0.0,0.8,0.0,-0.698132,0.0,1,0,9.291,18.576,0.0,0.0,0.8,0.0,2.0,1.0,0.05,0.8,0.0,0.0,1
914,2026-04-22T08:35:13.522Z,S20260422_093415,SC01,AUTO,43.4998,58.5018,0.0555,end,1,1500,VIDE,0.0,0.0,0.8,0.0,-0.698132,0.0,1,0,19.721,19.82,0.0,0.0,0.8,0.0,2.0,1.0,0.05,0.8,0.0,0.0,1
915,2026-04-22T08:35:13.589Z,S20260422_093415,SC01,AUTO,43.5672,58.5691,0.0673,end,1,1500,VIDE,0.0,0.0,0.8,0.0,-0.698132,0.0,1,0,10.651,19.466,0.0,0.0,0.8,0.0,2.0,1.0,0.05,0.8,0.0,0.0,1
916,2026-04-22T08:35:13.652Z,S20260422_093415,SC01,AUTO,43.6298,58.6317,0.0626,end,1,1500,VIDE,0.0,0.0,0.8,0.0,-0.698132,0.0,1,0,19.36,17.993,0.0,0.0,0.8,0.0,2.0,1.0,0.05,0.8,0.0,0.0,1
917,2026-04-22T08:35:13.712Z,S20260422_093415,SC01,AUTO,43.6898,58.6917,0.06,end,1,1500,VIDE,0.0,0.0,0.8,0.0,-0.698132,0.0,1,0,13.654,18.569,0.0,0.0,0.8,0.0,2.0,1.0,0.05,0.8,0.0,0.0,1
918,2026-04-22T08:35:13.770Z,S20260422_093415,SC01,AUTO,43.7482,58.7501,0.0584,end,1,1500,VIDE,0.0,0.0,0.8,0.0,-0.698132,0.0,1,0,22.069,19.91,0.0,0.0,0.8,0.0,2.0,1.0,0.05,0.8,0.0,0.0,1
919,2026-04-22T08:35:13.832Z,S20260422_093415,SC01,AUTO,43.8102,58.8122,0.0621,end,1,1500,VIDE,0.0,0.0,0.8,0.0,-0.698132,0.0,1,0,14.208,19.293,0.0,0.0,0.8,0.0,2.0,1.0,0.05,0.8,0.0,0.0,1
920,2026-04-22T08:35:13.899Z,S20260422_093415,SC01,AUTO,43.8766,58.8785,0.0663,end,1,1500,VIDE,0.0,0.0,0.8,0.0,-0.698132,0.0,1,0,25.09,1.661,0.0,0.0,0.8,0.0,2.0,1.0,0.05,0.8,0.0,0.0,1
921,2026-04-22T08:35:13.961Z,S20260422_093415,SC01,AUTO,43.9388,58.9408,0.0623,end,1,1500,VIDE,0.0,0.0,0.8,0.0,-0.698132,0.0,1,0,17.957,19.508,0.0,0.0,0.8,0.0,2.0,1.0,0.05,0.8,0.0,0.0,1
922,2026-04-22T08:35:14.028Z,S20260422_093415,SC01,AUTO,44.0062,59.0081,0.0673,end,1,1500,VIDE,0.0,0.0,0.8,0.0,-0.698132,0.0,1,0,11.048,19.519,0.0,0.0,0.8,0.0,2.0,1.0,0.05,0.8,0.0,0.0,1
923,2026-04-22T08:35:14.089Z,S20260422_093415,SC01,AUTO,44.0668,59.0688,0.0606,end,1,1500,VIDE,0.0,0.0,0.8,0.0,-0.698132,0.0,1,0,19.586,18.32,0.0,0.0,0.8,0.0,2.0,1.0,0.05,0.8,0.0,0.0,1
924,2026-04-22T08:35:14.153Z,S20260422_093415,SC01,AUTO,44.1307,59.1327,0.0639,end,1,1500,VIDE,0.0,0.0,0.8,0.0,-0.698132,0.0,1,0,13.112,19.831,0.0,0.0,0.8,0.0,2.0,1.0,0.05,0.8,0.0,0.0,1
925,2026-04-22T08:35:14.212Z,S20260422_093415,SC01,AUTO,44.1897,59.1917,0.059,end,1,1500,VIDE,0.0,0.0,0.8,0.0,-0.698132,0.0,1,0,21.61,18.985,0.0,0.0,0.8,0.0,2.0,1.0,0.05,0.8,0.0,0.0,1
926,2026-04-22T08:35:14.272Z,S20260422_093415,SC01,AUTO,44.25,59.2519,0.0603,end,1,1500,VIDE,0.0,0.0,0.8,0.0,-0.698132,0.0,1,0,16.002,20.178,0.0,0.0,0.8,0.0,2.0,1.0,0.05,0.8,0.0,0.0,1
927,2026-04-22T08:35:14.332Z,S20260422_093415,SC01,AUTO,44.31,59.3119,0.06,end,1,1500,VIDE,0.0,0.0,0.8,0.0,-0.698132,0.0,1,0,5.227,19.811,0.0,0.0,0.8,0.0,2.0,1.0,0.05,0.8,0.0,0.0,1
928,2026-04-22T08:35:14.404Z,S20260422_093415,SC01,AUTO,44.3822,59.3841,0.0722,end,1,1500,VIDE,0.0,0.0,0.8,0.0,-0.698132,0.0,1,0,21.701,18.873,0.0,0.0,0.8,0.0,2.0,1.0,0.05,0.8,0.0,0.0,1
929,2026-04-22T08:35:14.459Z,S20260422_093415,SC01,AUTO,44.437,59.4389,0.0548,end,1,1500,VIDE,0.0,0.0,0.8,0.0,-0.698132,0.0,1,0,9.765,20.083,0.0,0.0,0.8,0.0,2.0,1.0,0.05,0.8,0.0,0.0,1
930,2026-04-22T08:35:14.521Z,S20260422_093415,SC01,AUTO,44.4989,59.5009,0.062,end,1,1500,VIDE,0.0,0.0,0.8,0.0,-0.698132,0.0,1,0,4.886,18.937,0.0,0.0,0.8,0.0,2.0,1.0,0.05,0.8,0.0,0.0,1
931,2026-04-22T08:35:14.587Z,S20260422_093415,SC01,AUTO,44.5648,59.5667,0.0658,end,1,1500,VIDE,0.0,0.0,0.8,0.0,-0.698132,0.0,1,0,15.742,18.539,0.0,0.0,0.8,0.0,2.0,1.0,0.05,0.8,0.0,0.0,1
932,2026-04-22T08:35:14.650Z,S20260422_093415,SC01,AUTO,44.6285,59.6304,0.0637,end,1,1500,VIDE,0.0,0.0,0.8,0.0,-0.698132,0.0,1,0,10.907,19.279,0.0,0.0,0.8,0.0,2.0,1.0,0.05,0.8,0.0,0.0,1
933,2026-04-22T08:35:14.712Z,S20260422_093415,SC01,AUTO,44.6896,59.6916,0.0612,end,1,1500,VIDE,0.0,0.0,0.8,0.0,-0.698132,0.0,1,0,18.199,16.515,0.0,0.0,0.8,0.0,2.0,1.0,0.05,0.8,0.0,0.0,1
934,2026-04-22T08:35:14.771Z,S20260422_093415,SC01,AUTO,44.749,59.751,0.0594,end,1,1500,VIDE,0.0,0.0,0.8,0.0,-0.698132,0.0,1,0,17.062,20.133,0.0,0.0,0.8,0.0,2.0,1.0,0.05,0.8,0.0,0.0,1
935,2026-04-22T08:35:14.832Z,S20260422_093415,SC01,AUTO,44.8103,59.8122,0.0612,end,1,1500,VIDE,0.0,0.0,0.8,0.0,-0.698132,0.0,1,0,22.008,19.508,0.0,0.0,0.8,0.0,2.0,1.0,0.05,0.8,0.0,0.0,1
936,2026-04-22T08:35:14.906Z,S20260422_093415,SC01,AUTO,44.884,59.886,0.0738,end,1,1500,VIDE,0.0,0.0,0.8,0.0,-0.698132,0.0,1,0,18.548,18.957,0.0,0.0,0.8,0.0,2.0,1.0,0.05,0.8,0.0,0.0,1
937,2026-04-22T08:35:14.969Z,S20260422_093415,SC01,AUTO,44.9468,59.9488,0.0628,end,1,1500,VIDE,0.0,0.0,0.8,0.0,-0.698132,0.0,1,0,14.026,19.98,0.0,0.0,0.8,0.0,2.0,1.0,0.05,0.8,0.0,0.0,1
938,2026-04-22T08:35:15.024Z,S20260422_093415,SC01,AUTO,45.0021,60.004,0.0553,end,1,1500,VIDE,0.0,0.0,0.8,0.0,-0.698132,0.0,1,0,5.171,19.729,0.0,0.0,0.8,0.0,2.0,1.0,0.05,0.8,0.0,0.0,1
939,2026-04-22T08:35:15.082Z,S20260422_093415,SC01,AUTO,45.0599,60.0619,0.0578,end,1,1500,VIDE,0.0,0.0,0.8,0.0,-0.698132,0.0,1,0,12.058,19.611,0.0,0.0,0.8,0.0,2.0,1.0,0.05,0.8,0.0,0.0,1
940,2026-04-22T08:35:15.146Z,S20260422_093415,SC01,AUTO,45.124,60.126,0.0641,end,1,1500,VIDE,0.0,0.0,0.8,0.0,-0.698132,0.0,1,0,9.408,18.497,0.0,0.0,0.8,0.0,2.0,1.0,0.05,0.8,0.0,0.0,1
941,2026-04-22T08:35:15.211Z,S20260422_093415,SC01,AUTO,45.1886,60.1905,0.0645,end,1,1500,VIDE,0.0,0.0,0.8,0.0,-0.698132,0.0,1,0,17.032,19.928,0.0,0.0,0.8,0.0,2.0,1.0,0.05,0.8,0.0,0.0,1
942,2026-04-22T08:35:15.271Z,S20260422_093415,SC01,AUTO,45.2494,60.2513,0.0608,end,1,1500,VIDE,0.0,0.0,0.8,0.0,-0.698132,0.0,1,0,12.999,19.452,0.0,0.0,0.8,0.0,2.0,1.0,0.05,0.8,0.0,0.0,1
943,2026-04-22T08:35:15.338Z,S20260422_093415,SC01,AUTO,45.3163,60.3183,0.0669,end,1,1500,VIDE,0.0,0.0,0.8,0.0,-0.698132,0.0,1,0,22.629,20.218,0.0,0.0,0.8,0.0,2.0,1.0,0.05,0.8,0.0,0.0,1
944,2026-04-22T08:35:15.403Z,S20260422_093415,SC01,AUTO,45.3811,60.3831,0.0647,end,1,1500,VIDE,0.0,0.0,0.8,0.0,-0.698132,0.0,1,0,14.765,19.66,0.0,0.0,0.8,0.0,2.0,1.0,0.05,0.8,0.0,0.0,1
945,2026-04-22T08:35:15.467Z,S20260422_093415,SC01,AUTO,45.4447,60.4466,0.0636,end,1,1500,VIDE,0.0,0.0,0.8,0.0,-0.698132,0.0,1,0,5.522,19.704,0.0,0.0,0.8,0.0,2.0,1.0,0.05,0.8,0.0,0.0,1
946,2026-04-22T08:35:15.522Z,S20260422_093415,SC01,AUTO,45.5001,60.5021,0.0554,end,1,1500,VIDE,0.0,0.0,0.8,0.0,-0.698132,0.0,1,0,18.39,19.082,0.0,0.0,0.8,0.0,2.0,1.0,0.05,0.8,0.0,0.0,1
947,2026-04-22T08:35:15.587Z,S20260422_093415,SC01,AUTO,45.5651,60.567,0.065,end,1,1500,VIDE,0.0,0.0,0.8,0.0,-0.698132,0.0,1,0,8.698,19.869,0.0,0.0,0.8,0.0,2.0,1.0,0.05,0.8,0.0,0.0,1
948,2026-04-22T08:35:15.647Z,S20260422_093415,SC01,AUTO,45.6247,60.6266,0.0595,end,1,1500,VIDE,0.0,0.0,0.8,0.0,-0.698132,0.0,1,0,21.122,19.771,0.0,0.0,0.8,0.0,2.0,1.0,0.05,0.8,0.0,0.0,1
949,2026-04-22T08:35:15.712Z,S20260422_093415,SC01,AUTO,45.6901,60.6921,0.0655,end,1,1500,VIDE,0.0,0.0,0.8,0.0,-0.698132,0.0,1,0,11.777,19.28,0.0,0.0,0.8,0.0,2.0,1.0,0.05,0.8,0.0,0.0,1
950,2026-04-22T08:35:15.770Z,S20260422_093415,SC01,AUTO,45.7483,60.7502,0.0581,end,1,1500,VIDE,0.0,0.0,0.8,0.0,-0.698132,0.0,1,0,21.269,19.7,0.0,0.0,0.8,0.0,2.0,1.0,0.05,0.8,0.0,0.0,1
951,2026-04-22T08:35:15.832Z,S20260422_093415,SC01,AUTO,45.8102,60.8121,0.062,end,1,1500,VIDE,0.0,0.0,0.8,0.0,-0.698132,0.0,1,0,14.95,19.173,0.0,0.0,0.8,0.0,2.0,1.0,0.05,0.8,0.0,0.0,1
952,2026-04-22T08:35:15.898Z,S20260422_093415,SC01,AUTO,45.876,60.8779,0.0658,end,1,1500,VIDE,0.0,0.0,0.8,0.0,-0.698132,0.0,1,0,25.215,0.775,0.0,0.0,0.8,0.0,2.0,1.0,0.05,0.8,0.0,0.0,1
953,2026-04-22T08:35:15.962Z,S20260422_093415,SC01,AUTO,45.9397,60.9417,0.0638,end,1,1500,VIDE,0.0,0.0,0.8,0.0,-0.698132,0.0,1,0,19.216,19.178,0.0,0.0,0.8,0.0,2.0,1.0,0.05,0.8,0.0,0.0,1
954,2026-04-22T08:35:16.021Z,S20260422_093415,SC01,AUTO,45.9991,61.001,0.0593,end,1,1500,VIDE,0.0,0.0,0.8,0.0,-0.698132,0.0,1,0,17.117,18.846,0.0,0.0,0.8,0.0,2.0,1.0,0.05,0.8,0.0,0.0,1
955,2026-04-22T08:35:16.083Z,S20260422_093415,SC01,AUTO,46.0614,61.0633,0.0623,end,1,1500,VIDE,0.0,0.0,0.8,0.0,-0.698132,0.0,1,0,29.283,24.064,0.0,0.0,0.8,0.0,2.0,1.0,0.05,0.8,0.0,0.0,1
956,2026-04-22T08:35:16.150Z,S20260422_093415,SC01,AUTO,46.1277,61.1296,0.0663,end,1,1500,VIDE,0.0,0.0,0.8,0.0,-0.698132,0.0,1,0,19.833,19.757,0.0,0.0,0.8,0.0,2.0,1.0,0.05,0.8,0.0,0.0,1
957,2026-04-22T08:35:16.212Z,S20260422_093415,SC01,AUTO,46.1896,61.1915,0.0619,end,1,1500,VIDE,0.0,0.0,0.8,0.0,-0.698132,0.0,1,0,14.794,19.734,0.0,0.0,0.8,0.0,2.0,1.0,0.05,0.8,0.0,0.0,1
958,2026-04-22T08:35:16.272Z,S20260422_093415,SC01,AUTO,46.2502,61.2522,0.0606,end,1,1500,VIDE,0.0,0.0,0.8,0.0,-0.698132,0.0,1,0,3.068,18.824,0.0,0.0,0.8,0.0,2.0,1.0,0.05,0.8,0.0,0.0,1
959,2026-04-22T08:35:16.332Z,S20260422_093415,SC01,AUTO,46.3105,61.3125,0.0603,end,1,1500,VIDE,0.0,0.0,0.8,0.0,-0.698132,0.0,1,0,17.955,19.668,0.0,0.0,0.8,0.0,2.0,1.0,0.05,0.8,0.0,0.0,1
960,2026-04-22T08:35:16.394Z,S20260422_093415,SC01,AUTO,46.3723,61.3742,0.0617,end,1,1500,VIDE,0.0,0.0,0.8,0.0,-0.698132,0.0,1,0,6.661,19.254,0.0,0.0,0.8,0.0,2.0,1.0,0.05,0.8,0.0,0.0,1
961,2026-04-22T08:35:16.459Z,S20260422_093415,SC01,AUTO,46.4366,61.4385,0.0643,end,1,1500,VIDE,0.0,0.0,0.8,0.0,-0.698132,0.0,1,0,17.97,20.272,0.0,0.0,0.8,0.0,2.0,1.0,0.05,0.8,0.0,0.0,1
962,2026-04-22T08:35:16.522Z,S20260422_093415,SC01,AUTO,46.4999,61.5018,0.0634,end,1,1500,VIDE,0.0,0.0,0.8,0.0,-0.698132,0.0,1,0,2.218,19.162,0.0,0.0,0.8,0.0,2.0,1.0,0.05,0.8,0.0,0.0,1
963,2026-04-22T08:35:16.587Z,S20260422_093415,SC01,AUTO,46.5648,61.5668,0.0649,end,1,1500,VIDE,0.0,0.0,0.8,0.0,-0.698132,0.0,1,0,12.492,19.505,0.0,0.0,0.8,0.0,2.0,1.0,0.05,0.8,0.0,0.0,1
964,2026-04-22T08:35:16.649Z,S20260422_093415,SC01,AUTO,46.6269,61.6289,0.062,end,1,1500,VIDE,0.0,0.0,0.8,0.0,-0.698132,0.0,1,0,3.153,19.965,0.0,0.0,0.8,0.0,2.0,1.0,0.05,0.8,0.0,0.0,1
965,2026-04-22T08:35:16.710Z,S20260422_093415,SC01,AUTO,46.688,61.69,0.0612,end,1,1500,VIDE,0.0,0.0,0.8,0.0,-0.698132,0.0,1,0,15.03,15.896,0.0,0.0,0.8,0.0,2.0,1.0,0.05,0.8,0.0,0.0,1
966,2026-04-22T08:35:16.772Z,S20260422_093415,SC01,AUTO,46.7504,61.7524,0.0624,end,1,1500,VIDE,0.0,0.0,0.8,0.0,-0.698132,0.0,1,0,7.675,20.11,0.0,0.0,0.8,0.0,2.0,1.0,0.05,0.8,0.0,0.0,1
967,2026-04-22T08:35:16.833Z,S20260422_093415,SC01,AUTO,46.8109,61.8129,0.0605,end,1,1500,VIDE,0.0,0.0,0.8,0.0,-0.698132,0.0,1,0,40.852,0.887,0.0,0.0,0.8,0.0,2.0,1.0,0.05,0.8,0.0,0.0,1
968,2026-04-22T08:35:16.896Z,S20260422_093415,SC01,AUTO,46.8742,61.8762,0.0633,end,1,1500,VIDE,0.0,0.0,0.8,0.0,-0.698132,0.0,1,0,14.094,19.851,0.0,0.0,0.8,0.0,2.0,1.0,0.05,0.8,0.0,0.0,1
969,2026-04-22T08:35:16.959Z,S20260422_093415,SC01,AUTO,46.9368,61.9388,0.0626,end,1,1500,VIDE,0.0,0.0,0.8,0.0,-0.698132,0.0,1,0,6.758,19.291,0.0,0.0,0.8,0.0,2.0,1.0,0.05,0.8,0.0,0.0,1
970,2026-04-22T08:35:17.023Z,S20260422_093415,SC01,AUTO,47.0012,62.0031,0.0644,end,1,1500,VIDE,0.0,0.0,0.8,0.0,-0.698132,0.0,1,0,26.711,19.575,0.0,0.0,0.8,0.0,2.0,1.0,0.05,0.8,0.0,0.0,1
971,2026-04-22T08:35:17.082Z,S20260422_093415,SC01,AUTO,47.0604,62.0624,0.0591,end,1,1500,VIDE,0.0,0.0,0.8,0.0,-0.698132,0.0,1,0,15.586,20.354,0.0,0.0,0.8,0.0,2.0,1.0,0.05,0.8,0.0,0.0,1
972,2026-04-22T08:35:17.145Z,S20260422_093415,SC01,AUTO,47.1227,62.1246,0.0624,end,1,1500,VIDE,0.0,0.0,0.8,0.0,-0.698132,0.0,1,0,11.895,19.784,0.0,0.0,0.8,0.0,2.0,1.0,0.05,0.8,0.0,0.0,1
973,2026-04-22T08:35:17.208Z,S20260422_093415,SC01,AUTO,47.186,62.188,0.0633,end,1,1500,VIDE,0.0,0.0,0.8,0.0,-0.698132,0.0,1,0,21.917,19.011,0.0,0.0,0.8,0.0,2.0,1.0,0.05,0.8,0.0,0.0,1
974,2026-04-22T08:35:17.270Z,S20260422_093415,SC01,AUTO,47.2476,62.2496,0.0617,end,1,1500,VIDE,0.0,0.0,0.8,0.0,-0.698132,0.0,1,0,14.707,19.178,0.0,0.0,0.8,0.0,2.0,1.0,0.05,0.8,0.0,0.0,1
975,2026-04-22T08:35:17.334Z,S20260422_093415,SC01,AUTO,47.3116,62.3136,0.064,end,1,1500,VIDE,0.0,0.0,0.8,0.0,-0.698132,0.0,1,0,6.498,19.755,0.0,0.0,0.8,0.0,2.0,1.0,0.05,0.8,0.0,0.0,1
976,2026-04-22T08:35:17.396Z,S20260422_093415,SC01,AUTO,47.3741,62.376,0.0624,end,1,1500,VIDE,0.0,0.0,0.8,0.0,-0.698132,0.0,1,0,20.176,20.153,0.0,0.0,0.8,0.0,2.0,1.0,0.05,0.8,0.0,0.0,1
977,2026-04-22T08:35:17.459Z,S20260422_093415,SC01,AUTO,47.4367,62.4387,0.0626,end,1,1500,VIDE,0.0,0.0,0.8,0.0,-0.698132,0.0,1,0,10.483,19.783,0.0,0.0,0.8,0.0,2.0,1.0,0.05,0.8,0.0,0.0,1
978,2026-04-22T08:35:17.522Z,S20260422_093415,SC01,AUTO,47.4998,62.5018,0.0633,end,1,1500,VIDE,0.0,0.0,0.8,0.0,-0.698132,0.0,1,0,6.956,19.536,0.0,0.0,0.8,0.0,2.0,1.0,0.05,0.8,0.0,0.0,1
979,2026-04-22T08:35:17.585Z,S20260422_093415,SC01,AUTO,47.5627,62.5646,0.0628,end,1,1500,VIDE,0.0,0.0,0.8,0.0,-0.698132,0.0,1,0,17.88,19.946,0.0,0.0,0.8,0.0,2.0,1.0,0.05,0.8,0.0,0.0,1
980,2026-04-22T08:35:17.647Z,S20260422_093415,SC01,AUTO,47.6253,62.6272,0.0627,end,1,1500,VIDE,0.0,0.0,0.8,0.0,-0.698132,0.0,1,0,10.269,18.662,0.0,0.0,0.8,0.0,2.0,1.0,0.05,0.8,0.0,0.0,1
981,2026-04-22T08:35:17.707Z,S20260422_093415,SC01,AUTO,47.6854,62.6874,0.0601,end,1,1500,VIDE,0.0,0.0,0.8,0.0,-0.698132,0.0,1,0,34.006,19.807,0.0,0.0,0.8,0.0,2.0,1.0,0.05,0.8,0.0,0.0,1
982,2026-04-22T08:35:17.770Z,S20260422_093415,SC01,AUTO,47.7484,62.7503,0.0629,end,1,1500,VIDE,0.0,0.0,0.8,0.0,-0.698132,0.0,1,0,2.451,19.522,0.0,0.0,0.8,0.0,2.0,1.0,0.05,0.8,0.0,0.0,1
983,2026-04-22T08:35:17.832Z,S20260422_093415,SC01,AUTO,47.8102,62.8121,0.0618,end,1,1500,VIDE,0.0,0.0,0.8,0.0,-0.698132,0.0,1,0,21.553,15.449,0.0,0.0,0.8,0.0,2.0,1.0,0.05,0.8,0.0,0.0,1
984,2026-04-22T08:35:17.898Z,S20260422_093415,SC01,AUTO,47.8758,62.8778,0.0657,end,1,1500,VIDE,0.0,0.0,0.8,0.0,-0.698132,0.0,1,0,19.387,19.71,0.0,0.0,0.8,0.0,2.0,1.0,0.05,0.8,0.0,0.0,1
985,2026-04-22T08:35:17.958Z,S20260422_093415,SC01,AUTO,47.9358,62.9378,0.0599,end,1,1500,VIDE,0.0,0.0,0.8,0.0,-0.698132,0.0,1,0,12.84,19.806,0.0,0.0,0.8,0.0,2.0,1.0,0.05,0.8,0.0,0.0,1
986,2026-04-22T08:35:18.023Z,S20260422_093415,SC01,AUTO,48.0005,63.0025,0.0648,end,1,1500,VIDE,0.0,0.0,0.8,0.0,-0.698132,0.0,1,0,6.293,19.06,0.0,0.0,0.8,0.0,2.0,1.0,0.05,0.8,0.0,0.0,1
987,2026-04-22T08:35:18.083Z,S20260422_093415,SC01,AUTO,48.0615,63.0634,0.0609,end,1,1500,VIDE,0.0,0.0,0.8,0.0,-0.698132,0.0,1,0,20.351,19.781,0.0,0.0,0.8,0.0,2.0,1.0,0.05,0.8,0.0,0.0,1
988,2026-04-22T08:35:18.146Z,S20260422_093415,SC01,AUTO,48.1235,63.1255,0.062,end,1,1500,VIDE,0.0,0.0,0.8,0.0,-0.698132,0.0,1,0,10.053,19.97,0.0,0.0,0.8,0.0,2.0,1.0,0.05,0.8,0.0,0.0,1
989,2026-04-22T08:35:18.208Z,S20260422_093415,SC01,AUTO,48.1865,63.1885,0.063,end,1,1500,VIDE,0.0,0.0,0.8,0.0,-0.698132,0.0,1,0,9.416,19.116,0.0,0.0,0.8,0.0,2.0,1.0,0.05,0.8,0.0,0.0,1
990,2026-04-22T08:35:18.271Z,S20260422_093415,SC01,AUTO,48.2492,63.2512,0.0626,end,1,1500,VIDE,0.0,0.0,0.8,0.0,-0.698132,0.0,1,0,18.137,17.932,0.0,0.0,0.8,0.0,2.0,1.0,0.05,0.8,0.0,0.0,1
991,2026-04-22T08:35:18.332Z,S20260422_093415,SC01,AUTO,48.3105,63.3124,0.0613,end,1,1500,VIDE,0.0,0.0,0.8,0.0,-0.698132,0.0,1,0,15.477,19.204,0.0,0.0,0.8,0.0,2.0,1.0,0.05,0.8,0.0,0.0,1
992,2026-04-22T08:35:18.395Z,S20260422_093415,SC01,AUTO,48.3735,63.3755,0.063,end,1,1500,VIDE,0.0,0.0,0.8,0.0,-0.698132,0.0,1,0,23.317,18.997,0.0,0.0,0.8,0.0,2.0,1.0,0.05,0.8,0.0,0.0,1
993,2026-04-22T08:35:18.457Z,S20260422_093415,SC01,AUTO,48.4353,63.4372,0.0618,end,1,1500,VIDE,0.0,0.0,0.8,0.0,-0.698132,0.0,1,0,18.753,19.066,0.0,0.0,0.8,0.0,2.0,1.0,0.05,0.8,0.0,0.0,1
994,2026-04-22T08:35:18.520Z,S20260422_093415,SC01,AUTO,48.4983,63.5003,0.063,end,1,1500,VIDE,0.0,0.0,0.8,0.0,-0.698132,0.0,1,0,8.3,18.726,0.0,0.0,0.8,0.0,2.0,1.0,0.05,0.8,0.0,0.0,1
995,2026-04-22T08:35:18.583Z,S20260422_093415,SC01,AUTO,48.5611,63.563,0.0628,end,1,1500,VIDE,0.0,0.0,0.8,0.0,-0.698132,0.0,1,0,22.683,19.614,0.0,0.0,0.8,0.0,2.0,1.0,0.05,0.8,0.0,0.0,1
996,2026-04-22T08:35:18.644Z,S20260422_093415,SC01,AUTO,48.6225,63.6244,0.0614,end,1,1500,VIDE,0.0,0.0,0.8,0.0,-0.698132,0.0,1,0,14.564,19.266,0.0,0.0,0.8,0.0,2.0,1.0,0.05,0.8,0.0,0.0,1
997,2026-04-22T08:35:18.708Z,S20260422_093415,SC01,AUTO,48.6858,63.6877,0.0634,end,1,1500,VIDE,0.0,0.0,0.8,0.0,-0.698132,0.0,1,0,11.15,19.503,0.0,0.0,0.8,0.0,2.0,1.0,0.05,0.8,0.0,0.0,1
998,2026-04-22T08:35:18.770Z,S20260422_093415,SC01,AUTO,48.7482,63.7502,0.0625,end,1,1500,VIDE,0.0,0.0,0.8,0.0,-0.698132,0.0,1,0,10.081,18.964,0.0,0.0,0.8,0.0,2.0,1.0,0.05,0.8,0.0,0.0,1
999,2026-04-22T08:35:18.832Z,S20260422_093415,SC01,AUTO,48.8096,63.8116,0.0614,end,1,1500,VIDE,0.0,0.0,0.8,0.0,-0.698132,0.0,1,0,19.52,19.665,0.0,0.0,0.8,0.0,2.0,1.0,0.05,0.8,0.0,0.0,1
1000,2026-04-22T08:35:18.903Z,S20260422_093415,SC01,AUTO,48.8814,63.8834,0.0718,end,1,1500,VIDE,0.0,0.0,0.8,0.0,-0.698132,0.0,1,0,10.531,18.955,0.0,0.0,0.8,0.0,2.0,1.0,0.05,0.8,0.0,0.0,1
1001,2026-04-22T08:35:18.971Z,S20260422_093415,SC01,AUTO,48.949,63.951,0.0676,end,1,1500,VIDE,0.0,0.0,0.8,0.0,-0.698132,0.0,1,0,21.158,20.289,0.0,0.0,0.8,0.0,2.0,1.0,0.05,0.8,0.0,0.0,1
1002,2026-04-22T08:35:19.037Z,S20260422_093415,SC01,AUTO,49.0149,64.0169,0.0659,end,1,1500,VIDE,0.0,0.0,0.8,0.0,-0.698132,0.0,1,0,20.066,19.727,0.0,0.0,0.8,0.0,2.0,1.0,0.05,0.8,0.0,0.0,1
1003,2026-04-22T08:35:19.082Z,S20260422_093415,SC01,AUTO,49.0599,64.0618,0.045,end,1,1500,VIDE,0.0,0.0,0.8,0.0,-0.698132,0.0,1,0,6.12,19.498,0.0,0.0,0.8,0.0,2.0,1.0,0.05,0.8,0.0,0.0,1
1004,2026-04-22T08:35:19.147Z,S20260422_093415,SC01,AUTO,49.125,64.1269,0.0651,end,1,1500,VIDE,0.0,0.0,0.8,0.0,-0.698132,0.0,1,0,17.289,19.026,0.0,0.0,0.8,0.0,2.0,1.0,0.05,0.8,0.0,0.0,1
1005,2026-04-22T08:35:19.210Z,S20260422_093415,SC01,AUTO,49.1876,64.1896,0.0626,end,1,1500,VIDE,0.0,0.0,0.8,0.0,-0.698132,0.0,1,0,11.577,19.126,0.0,0.0,0.8,0.0,2.0,1.0,0.05,0.8,0.0,0.0,1
1006,2026-04-22T08:35:19.273Z,S20260422_093415,SC01,AUTO,49.2508,64.2527,0.0631,end,1,1500,VIDE,0.0,0.0,0.8,0.0,-0.698132,0.0,1,0,24.268,17.331,0.0,0.0,0.8,0.0,2.0,1.0,0.05,0.8,0.0,0.0,1
1007,2026-04-22T08:35:19.332Z,S20260422_093415,SC01,AUTO,49.3101,64.3121,0.0595,end,1,1500,VIDE,0.0,0.0,0.8,0.0,-0.698132,0.0,1,0,17.406,19.019,0.0,0.0,0.8,0.0,2.0,1.0,0.05,0.8,0.0,0.0,1
1008,2026-04-22T08:35:19.396Z,S20260422_093415,SC01,AUTO,49.3736,64.3756,0.0635,end,1,1500,VIDE,0.0,0.0,0.8,0.0,-0.698132,0.0,1,0,19.821,18.498,0.0,0.0,0.8,0.0,2.0,1.0,0.05,0.8,0.0,0.0,1
1009,2026-04-22T08:35:19.460Z,S20260422_093415,SC01,AUTO,49.4378,64.4397,0.0641,end,1,1500,VIDE,0.0,0.0,0.8,0.0,-0.698132,0.0,1,0,6.902,18.919,0.0,0.0,0.8,0.0,2.0,1.0,0.05,0.8,0.0,0.0,1
1010,2026-04-22T08:35:19.521Z,S20260422_093415,SC01,AUTO,49.4991,64.501,0.0614,end,1,1500,VIDE,0.0,0.0,0.8,0.0,-0.698132,0.0,1,0,22.995,19.048,0.0,0.0,0.8,0.0,2.0,1.0,0.05,0.8,0.0,0.0,1
1011,2026-04-22T08:35:19.588Z,S20260422_093415,SC01,AUTO,49.566,64.568,0.0669,end,1,1500,VIDE,0.0,0.0,0.8,0.0,-0.698132,0.0,1,0,36.128,0.636,0.0,0.0,0.8,0.0,2.0,1.0,0.05,0.8,0.0,0.0,1
1012,2026-04-22T08:35:19.652Z,S20260422_093415,SC01,AUTO,49.6301,64.6321,0.0641,end,1,1500,VIDE,0.0,0.0,0.8,0.0,-0.698132,0.0,1,0,8.958,19.471,0.0,0.0,0.8,0.0,2.0,1.0,0.05,0.8,0.0,0.0,1
1013,2026-04-22T08:35:19.712Z,S20260422_093415,SC01,AUTO,49.6902,64.6921,0.0601,end,1,1500,VIDE,0.0,0.0,0.8,0.0,-0.698132,0.0,1,0,16.396,19.951,0.0,0.0,0.8,0.0,2.0,1.0,0.05,0.8,0.0,0.0,1
1014,2026-04-22T08:35:19.770Z,S20260422_093415,SC01,AUTO,49.7485,64.7505,0.0583,end,1,1500,VIDE,0.0,0.0,0.8,0.0,-0.698132,0.0,1,0,13.282,20.085,0.0,0.0,0.8,0.0,2.0,1.0,0.05,0.8,0.0,0.0,1
1015,2026-04-22T08:35:19.833Z,S20260422_093415,SC01,AUTO,49.8106,64.8126,0.0621,end,1,1500,VIDE,0.0,0.0,0.8,0.0,-0.698132,0.0,1,0,22.408,17.041,0.0,0.0,0.8,0.0,2.0,1.0,0.05,0.8,0.0,0.0,1
1016,2026-04-22T08:35:20.005Z,S20260422_093415,SC01,AUTO,49.9826,64.9846,0.172,end,1,1500,VIDE,0.0,0.0,0.8,0.0,-0.698132,0.0,1,0,118.489,0.602,0.0,0.0,0.8,0.0,2.0,1.0,0.05,0.8,0.0,0.0,1
