row_id,wall_time_utc,session_id,scenario_id,execution_mode,scenario_time_s,program_time_s,sample_dt_s,phase,scenario_started,vehicle_mass_kg,mass_label,steer_cmd_deg,throttle_cmd,brake_cmd,speed_mps,yaw_rad,yaw_rate_rps,mode_id,fault_flag,rtt_ms,jitter_ms,steer_ref_deg,throttle_ref,brake_ref,speed_ref_mps,tol_steer_deg,tol_throttle,tol_brake,tol_speed_mps,e_speed_actual,e_steer_actual,speed_in_tol
1,2026-04-22T08:28:48.602Z,S20260422_092846,SC01,AUTO,,2.2406,2.2284,start,0,1500,VIDE,0.0,0.0,0.0,0.0,0.0,0.0,0,0,0.0,0.0,0.0,0.0,0.0,0.0,2.0,1.0,0.05,0.8,0.0,0.0,1
2,2026-04-22T08:28:48.634Z,S20260422_092846,SC01,AUTO,,2.272,0.0313,start,0,1500,VIDE,0.0,0.0,0.0,0.0,0.0,0.0,0,0,0.0,0.0,0.0,0.0,0.0,0.0,2.0,1.0,0.05,0.8,0.0,0.0,1
3,2026-04-22T08:28:48.692Z,S20260422_092846,SC01,AUTO,,2.3298,0.0579,start,0,1500,VIDE,0.0,0.0,0.0,0.0,0.0,0.0,0,0,0.0,0.0,0.0,0.0,0.0,0.0,2.0,1.0,0.05,0.8,0.0,0.0,1
4,2026-04-22T08:28:48.760Z,S20260422_092846,SC01,AUTO,,2.3986,0.0688,start,0,1500,VIDE,0.0,0.0,0.0,0.0,0.0,0.0,0,0,0.0,0.0,0.0,0.0,0.0,0.0,2.0,1.0,0.05,0.8,0.0,0.0,1
5,2026-04-22T08:28:48.821Z,S20260422_092846,SC01,AUTO,,2.4589,0.0603,start,0,1500,VIDE,0.0,0.0,0.0,0.0,0.0,0.0,0,0,0.0,0.0,0.0,0.0,0.0,0.0,2.0,1.0,0.05,0.8,0.0,0.0,1
6,2026-04-22T08:28:48.881Z,S20260422_092846,SC01,AUTO,,2.5194,0.0605,start,0,1500,VIDE,0.0,0.0,0.0,0.0,0.0,0.0,0,0,0.0,0.0,0.0,0.0,0.0,0.0,2.0,1.0,0.05,0.8,0.0,0.0,1
7,2026-04-22T08:28:48.942Z,S20260422_092846,SC01,AUTO,,2.5803,0.0608,start,0,1500,VIDE,0.0,0.0,0.0,0.0,0.0,0.0,0,0,0.0,0.0,0.0,0.0,0.0,0.0,2.0,1.0,0.05,0.8,0.0,0.0,1
8,2026-04-22T08:28:49.005Z,S20260422_092846,SC01,AUTO,,2.6434,0.0631,start,0,1500,VIDE,0.0,0.0,0.0,0.0,0.0,0.0,0,0,0.0,0.0,0.0,0.0,0.0,0.0,2.0,1.0,0.05,0.8,0.0,0.0,1
9,2026-04-22T08:28:49.074Z,S20260422_092846,SC01,AUTO,,2.7119,0.0685,start,0,1500,VIDE,0.0,0.0,0.0,0.0,0.0,0.0,0,0,0.0,0.0,0.0,0.0,0.0,0.0,2.0,1.0,0.05,0.8,0.0,0.0,1
10,2026-04-22T08:28:49.143Z,S20260422_092846,SC01,AUTO,,2.7815,0.0696,start,0,1500,VIDE,0.0,0.0,0.0,0.0,0.0,0.0,0,0,0.0,0.0,0.0,0.0,0.0,0.0,2.0,1.0,0.05,0.8,0.0,0.0,1
11,2026-04-22T08:28:49.205Z,S20260422_092846,SC01,AUTO,,2.8431,0.0616,start,0,1500,VIDE,0.0,0.0,0.0,0.0,0.0,0.0,0,0,0.0,0.0,0.0,0.0,0.0,0.0,2.0,1.0,0.05,0.8,0.0,0.0,1
12,2026-04-22T08:28:49.266Z,S20260422_092846,SC01,AUTO,,2.9038,0.0607,start,0,1500,VIDE,0.0,0.0,0.0,0.0,0.0,0.0,0,0,0.0,0.0,0.0,0.0,0.0,0.0,2.0,1.0,0.05,0.8,0.0,0.0,1
13,2026-04-22T08:28:49.325Z,S20260422_092846,SC01,AUTO,,2.9633,0.0595,start,0,1500,VIDE,0.0,0.0,0.0,0.0,0.0,0.0,0,0,0.0,0.0,0.0,0.0,0.0,0.0,2.0,1.0,0.05,0.8,0.0,0.0,1
14,2026-04-22T08:28:49.386Z,S20260422_092846,SC01,AUTO,,3.0245,0.0612,start,0,1500,VIDE,0.0,0.0,0.0,0.0,0.0,0.0,0,0,0.0,0.0,0.0,0.0,0.0,0.0,2.0,1.0,0.05,0.8,0.0,0.0,1
15,2026-04-22T08:28:49.446Z,S20260422_092846,SC01,AUTO,,3.0841,0.0596,start,0,1500,VIDE,0.0,0.0,0.0,0.0,0.0,0.0,0,0,0.0,0.0,0.0,0.0,0.0,0.0,2.0,1.0,0.05,0.8,0.0,0.0,1
16,2026-04-22T08:28:49.506Z,S20260422_092846,SC01,AUTO,,3.1439,0.0598,start,0,1500,VIDE,0.0,0.0,0.0,0.0,0.0,0.0,0,0,0.0,0.0,0.0,0.0,0.0,0.0,2.0,1.0,0.05,0.8,0.0,0.0,1
17,2026-04-22T08:28:49.578Z,S20260422_092846,SC01,AUTO,,3.2166,0.0727,start,0,1500,VIDE,0.0,0.0,0.0,0.0,0.0,0.0,0,0,0.0,0.0,0.0,0.0,0.0,0.0,2.0,1.0,0.05,0.8,0.0,0.0,1
18,2026-04-22T08:28:49.640Z,S20260422_092846,SC01,AUTO,,3.2784,0.0617,start,0,1500,VIDE,0.0,0.0,0.0,0.0,0.0,0.0,0,0,0.0,0.0,0.0,0.0,0.0,0.0,2.0,1.0,0.05,0.8,0.0,0.0,1
19,2026-04-22T08:28:49.703Z,S20260422_092846,SC01,AUTO,,3.3413,0.063,start,0,1500,VIDE,0.0,0.0,0.0,0.0,0.0,0.0,0,0,0.0,0.0,0.0,0.0,0.0,0.0,2.0,1.0,0.05,0.8,0.0,0.0,1
20,2026-04-22T08:28:49.766Z,S20260422_092846,SC01,AUTO,,3.4045,0.0632,start,0,1500,VIDE,0.0,0.0,0.0,0.0,0.0,0.0,0,0,0.0,0.0,0.0,0.0,0.0,0.0,2.0,1.0,0.05,0.8,0.0,0.0,1
21,2026-04-22T08:28:49.825Z,S20260422_092846,SC01,AUTO,,3.4634,0.0589,start,0,1500,VIDE,0.0,0.0,0.0,0.0,0.0,0.0,0,0,0.0,0.0,0.0,0.0,0.0,0.0,2.0,1.0,0.05,0.8,0.0,0.0,1
22,2026-04-22T08:28:49.885Z,S20260422_092846,SC01,AUTO,,3.5238,0.0604,start,0,1500,VIDE,0.0,0.0,0.0,0.0,0.0,0.0,0,0,0.0,0.0,0.0,0.0,0.0,0.0,2.0,1.0,0.05,0.8,0.0,0.0,1
23,2026-04-22T08:28:49.946Z,S20260422_092846,SC01,AUTO,,3.5844,0.0606,start,0,1500,VIDE,0.0,0.0,0.0,0.0,0.0,0.0,0,0,0.0,0.0,0.0,0.0,0.0,0.0,2.0,1.0,0.05,0.8,0.0,0.0,1
24,2026-04-22T08:28:50.005Z,S20260422_092846,SC01,AUTO,,3.6432,0.0588,start,0,1500,VIDE,0.0,0.0,0.0,0.0,0.0,0.0,0,0,0.0,0.0,0.0,0.0,0.0,0.0,2.0,1.0,0.05,0.8,0.0,0.0,1
25,2026-04-22T08:28:50.078Z,S20260422_092846,SC01,AUTO,,3.7162,0.073,start,0,1500,VIDE,0.0,0.0,0.0,0.0,0.0,0.0,0,0,0.0,0.0,0.0,0.0,0.0,0.0,2.0,1.0,0.05,0.8,0.0,0.0,1
26,2026-04-22T08:28:50.140Z,S20260422_092846,SC01,AUTO,,3.778,0.0619,start,0,1500,VIDE,0.0,0.0,0.0,0.0,0.0,0.0,0,0,0.0,0.0,0.0,0.0,0.0,0.0,2.0,1.0,0.05,0.8,0.0,0.0,1
27,2026-04-22T08:28:50.201Z,S20260422_092846,SC01,AUTO,,3.8391,0.0611,start,0,1500,VIDE,0.0,0.0,0.0,0.0,0.0,0.0,0,0,0.0,0.0,0.0,0.0,0.0,0.0,2.0,1.0,0.05,0.8,0.0,0.0,1
28,2026-04-22T08:28:50.257Z,S20260422_092846,SC01,AUTO,,3.8954,0.0563,start,0,1500,VIDE,0.0,0.0,0.0,0.0,0.0,0.0,0,0,0.0,0.0,0.0,0.0,0.0,0.0,2.0,1.0,0.05,0.8,0.0,0.0,1
29,2026-04-22T08:28:50.321Z,S20260422_092846,SC01,AUTO,,3.9593,0.0639,start,0,1500,VIDE,0.0,0.0,0.0,0.0,0.0,0.0,0,0,0.0,0.0,0.0,0.0,0.0,0.0,2.0,1.0,0.05,0.8,0.0,0.0,1
30,2026-04-22T08:28:50.385Z,S20260422_092846,SC01,AUTO,,4.0235,0.0643,start,0,1500,VIDE,0.0,0.0,0.0,0.0,0.0,0.0,0,0,0.0,0.0,0.0,0.0,0.0,0.0,2.0,1.0,0.05,0.8,0.0,0.0,1
31,2026-04-22T08:28:50.446Z,S20260422_092846,SC01,AUTO,,4.084,0.0604,start,0,1500,VIDE,0.0,0.0,0.0,0.0,0.0,0.0,0,0,0.0,0.0,0.0,0.0,0.0,0.0,2.0,1.0,0.05,0.8,0.0,0.0,1
32,2026-04-22T08:28:50.505Z,S20260422_092846,SC01,AUTO,,4.1433,0.0593,start,0,1500,VIDE,0.0,0.0,0.0,0.0,0.0,0.0,0,0,0.0,0.0,0.0,0.0,0.0,0.0,2.0,1.0,0.05,0.8,0.0,0.0,1
33,2026-04-22T08:28:50.569Z,S20260422_092846,SC01,AUTO,,4.2069,0.0637,start,0,1500,VIDE,0.0,0.0,0.0,0.0,0.0,0.0,0,0,0.0,0.0,0.0,0.0,0.0,0.0,2.0,1.0,0.05,0.8,0.0,0.0,1
34,2026-04-22T08:28:50.633Z,S20260422_092846,SC01,AUTO,,4.271,0.0641,start,0,1500,VIDE,0.0,0.0,0.0,0.0,0.0,0.0,0,0,0.0,0.0,0.0,0.0,0.0,0.0,2.0,1.0,0.05,0.8,0.0,0.0,1
35,2026-04-22T08:28:50.697Z,S20260422_092846,SC01,AUTO,,4.335,0.0639,start,0,1500,VIDE,0.0,0.0,0.0,0.0,0.0,0.0,0,0,0.0,0.0,0.0,0.0,0.0,0.0,2.0,1.0,0.05,0.8,0.0,0.0,1
36,2026-04-22T08:28:50.761Z,S20260422_092846,SC01,AUTO,,4.3989,0.0639,start,0,1500,VIDE,0.0,0.0,0.0,0.0,0.0,0.0,0,0,0.0,0.0,0.0,0.0,0.0,0.0,2.0,1.0,0.05,0.8,0.0,0.0,1
37,2026-04-22T08:28:50.817Z,S20260422_092846,SC01,AUTO,,4.455,0.0561,start,0,1500,VIDE,0.0,0.0,0.0,0.0,0.0,0.0,0,0,0.0,0.0,0.0,0.0,0.0,0.0,2.0,1.0,0.05,0.8,0.0,0.0,1
38,2026-04-22T08:28:50.881Z,S20260422_092846,SC01,AUTO,,4.519,0.064,start,0,1500,VIDE,0.0,0.0,0.0,0.0,0.0,0.0,0,0,0.0,0.0,0.0,0.0,0.0,0.0,2.0,1.0,0.05,0.8,0.0,0.0,1
39,2026-04-22T08:28:50.945Z,S20260422_092846,SC01,AUTO,,4.5831,0.0642,start,0,1500,VIDE,0.0,0.0,0.0,0.0,0.0,0.0,0,0,0.0,0.0,0.0,0.0,0.0,0.0,2.0,1.0,0.05,0.8,0.0,0.0,1
40,2026-04-22T08:28:51.005Z,S20260422_092846,SC01,AUTO,,4.6431,0.06,start,0,1500,VIDE,0.0,0.0,0.0,0.0,0.0,0.0,0,0,0.0,0.0,0.0,0.0,0.0,0.0,2.0,1.0,0.05,0.8,0.0,0.0,1
41,2026-04-22T08:28:51.079Z,S20260422_092846,SC01,AUTO,,4.7173,0.0742,start,0,1500,VIDE,0.0,0.0,0.0,0.0,0.0,0.0,0,0,0.0,0.0,0.0,0.0,0.0,0.0,2.0,1.0,0.05,0.8,0.0,0.0,1
42,2026-04-22T08:28:51.141Z,S20260422_092846,SC01,AUTO,,4.7795,0.0622,start,0,1500,VIDE,0.0,0.0,0.0,0.0,0.0,0.0,0,0,0.0,0.0,0.0,0.0,0.0,0.0,2.0,1.0,0.05,0.8,0.0,0.0,1
43,2026-04-22T08:28:51.203Z,S20260422_092846,SC01,AUTO,,4.841,0.0616,start,0,1500,VIDE,0.0,0.0,0.0,0.0,0.0,0.0,0,0,0.0,0.0,0.0,0.0,0.0,0.0,2.0,1.0,0.05,0.8,0.0,0.0,1
44,2026-04-22T08:28:51.382Z,S20260422_092846,SC01,AUTO,,5.0202,0.1792,start,0,1500,VIDE,0.0,0.0,0.0,0.0,0.0,0.0,0,0,0.0,0.0,0.0,0.0,0.0,0.0,2.0,1.0,0.05,0.8,0.0,0.0,1
45,2026-04-22T08:28:51.387Z,S20260422_092846,SC01,AUTO,,5.0253,0.005,start,0,1500,VIDE,0.0,0.0,0.0,0.0,0.0,0.0,0,0,0.0,0.0,0.0,0.0,0.0,0.0,2.0,1.0,0.05,0.8,0.0,0.0,1
46,2026-04-22T08:28:51.446Z,S20260422_092846,SC01,AUTO,,5.0842,0.0589,start,0,1500,VIDE,0.0,0.0,0.0,0.0,0.0,0.0,0,0,0.0,0.0,0.0,0.0,0.0,0.0,2.0,1.0,0.05,0.8,0.0,0.0,1
47,2026-04-22T08:28:51.505Z,S20260422_092846,SC01,AUTO,,5.1434,0.0593,start,0,1500,VIDE,0.0,0.0,0.0,0.0,0.0,0.0,0,0,0.0,0.0,0.0,0.0,0.0,0.0,2.0,1.0,0.05,0.8,0.0,0.0,1
48,2026-04-22T08:28:51.567Z,S20260422_092846,SC01,AUTO,,5.205,0.0616,start,0,1500,VIDE,0.0,0.0,0.0,0.0,0.0,0.0,0,0,0.0,0.0,0.0,0.0,0.0,0.0,2.0,1.0,0.05,0.8,0.0,0.0,1
49,2026-04-22T08:28:51.633Z,S20260422_092846,SC01,AUTO,,5.2712,0.0662,start,0,1500,VIDE,0.0,0.0,0.0,0.0,0.0,0.0,0,0,0.0,0.0,0.0,0.0,0.0,0.0,2.0,1.0,0.05,0.8,0.0,0.0,1
50,2026-04-22T08:28:51.697Z,S20260422_092846,SC01,AUTO,,5.3353,0.0641,start,0,1500,VIDE,0.0,0.0,0.0,0.0,0.0,0.0,0,0,0.0,0.0,0.0,0.0,0.0,0.0,2.0,1.0,0.05,0.8,0.0,0.0,1
51,2026-04-22T08:28:51.761Z,S20260422_092846,SC01,AUTO,,5.3989,0.0636,start,0,1500,VIDE,0.0,0.0,0.0,0.0,0.0,0.0,0,0,0.0,0.0,0.0,0.0,0.0,0.0,2.0,1.0,0.05,0.8,0.0,0.0,1
52,2026-04-22T08:28:51.817Z,S20260422_092846,SC01,AUTO,,5.4554,0.0566,start,0,1500,VIDE,0.0,0.0,0.0,0.0,0.0,0.0,0,0,0.0,0.0,0.0,0.0,0.0,0.0,2.0,1.0,0.05,0.8,0.0,0.0,1
53,2026-04-22T08:28:51.881Z,S20260422_092846,SC01,AUTO,,5.5193,0.0639,start,0,1500,VIDE,0.0,0.0,0.0,0.0,0.0,0.0,0,0,0.0,0.0,0.0,0.0,0.0,0.0,2.0,1.0,0.05,0.8,0.0,0.0,1
54,2026-04-22T08:28:51.946Z,S20260422_092846,SC01,AUTO,,5.5839,0.0646,start,0,1500,VIDE,0.0,0.0,0.0,0.0,0.0,0.0,0,0,0.0,0.0,0.0,0.0,0.0,0.0,2.0,1.0,0.05,0.8,0.0,0.0,1
55,2026-04-22T08:28:52.006Z,S20260422_092846,SC01,AUTO,,5.6442,0.0602,start,0,1500,VIDE,0.0,0.0,0.0,0.0,0.0,0.0,0,0,0.0,0.0,0.0,0.0,0.0,0.0,2.0,1.0,0.05,0.8,0.0,0.0,1
56,2026-04-22T08:28:52.076Z,S20260422_092846,SC01,AUTO,,5.7146,0.0704,start,0,1500,VIDE,0.0,0.0,0.0,0.0,0.0,0.0,0,0,0.0,0.0,0.0,0.0,0.0,0.0,2.0,1.0,0.05,0.8,0.0,0.0,1
57,2026-04-22T08:28:52.139Z,S20260422_092846,SC01,AUTO,,5.7769,0.0623,start,0,1500,VIDE,0.0,0.0,0.0,0.0,0.0,0.0,0,0,0.0,0.0,0.0,0.0,0.0,0.0,2.0,1.0,0.05,0.8,0.0,0.0,1
58,2026-04-22T08:28:52.193Z,S20260422_092846,SC01,AUTO,,5.8313,0.0543,start,0,1500,VIDE,0.0,0.0,0.0,0.0,0.0,0.0,0,0,0.0,0.0,0.0,0.0,0.0,0.0,2.0,1.0,0.05,0.8,0.0,0.0,1
59,2026-04-22T08:28:52.257Z,S20260422_092846,SC01,AUTO,,5.8953,0.064,start,0,1500,VIDE,0.0,0.0,0.0,0.0,0.0,0.0,0,0,0.0,0.0,0.0,0.0,0.0,0.0,2.0,1.0,0.05,0.8,0.0,0.0,1
60,2026-04-22T08:28:52.321Z,S20260422_092846,SC01,AUTO,,5.9592,0.0639,start,0,1500,VIDE,0.0,0.0,0.0,0.0,0.0,0.0,0,0,0.0,0.0,0.0,0.0,0.0,0.0,2.0,1.0,0.05,0.8,0.0,0.0,1
61,2026-04-22T08:28:52.385Z,S20260422_092846,SC01,AUTO,,6.0236,0.0645,start,0,1500,VIDE,0.0,0.0,0.0,0.0,0.0,0.0,0,0,0.0,0.0,0.0,0.0,0.0,0.0,2.0,1.0,0.05,0.8,0.0,0.0,1
62,2026-04-22T08:28:52.446Z,S20260422_092846,SC01,AUTO,,6.0846,0.0609,start,0,1500,VIDE,0.0,0.0,0.0,0.0,0.0,0.0,0,0,0.0,0.0,0.0,0.0,0.0,0.0,2.0,1.0,0.05,0.8,0.0,0.0,1
63,2026-04-22T08:28:52.505Z,S20260422_092846,SC01,AUTO,,6.1431,0.0585,start,0,1500,VIDE,0.0,0.0,0.0,0.0,0.0,0.0,0,0,0.0,0.0,0.0,0.0,0.0,0.0,2.0,1.0,0.05,0.8,0.0,0.0,1
64,2026-04-22T08:28:52.569Z,S20260422_092846,SC01,AUTO,,6.2072,0.0641,start,0,1500,VIDE,0.0,0.0,0.0,0.0,0.0,0.0,0,0,0.0,0.0,0.0,0.0,0.0,0.0,2.0,1.0,0.05,0.8,0.0,0.0,1
65,2026-04-22T08:28:52.633Z,S20260422_092846,SC01,AUTO,,6.2713,0.0641,start,0,1500,VIDE,0.0,0.0,0.0,0.0,0.0,0.0,0,0,0.0,0.0,0.0,0.0,0.0,0.0,2.0,1.0,0.05,0.8,0.0,0.0,1
66,2026-04-22T08:28:52.697Z,S20260422_092846,SC01,AUTO,,6.3354,0.0641,start,0,1500,VIDE,0.0,0.0,0.0,0.0,0.0,0.0,0,0,0.0,0.0,0.0,0.0,0.0,0.0,2.0,1.0,0.05,0.8,0.0,0.0,1
67,2026-04-22T08:28:52.760Z,S20260422_092846,SC01,AUTO,,6.3985,0.0631,start,0,1500,VIDE,0.0,0.0,0.0,0.0,0.0,0.0,0,0,0.0,0.0,0.0,0.0,0.0,0.0,2.0,1.0,0.05,0.8,0.0,0.0,1
68,2026-04-22T08:28:52.823Z,S20260422_092846,SC01,AUTO,,6.4612,0.0627,start,0,1500,VIDE,0.0,0.0,0.0,0.0,0.0,0.0,0,0,0.0,0.0,0.0,0.0,0.0,0.0,2.0,1.0,0.05,0.8,0.0,0.0,1
69,2026-04-22T08:28:52.886Z,S20260422_092846,SC01,AUTO,,6.5242,0.063,start,0,1500,VIDE,0.0,0.0,0.0,0.0,0.0,0.0,0,0,0.0,0.0,0.0,0.0,0.0,0.0,2.0,1.0,0.05,0.8,0.0,0.0,1
70,2026-04-22T08:28:52.945Z,S20260422_092846,SC01,AUTO,,6.5835,0.0593,start,0,1500,VIDE,0.0,0.0,0.0,0.0,0.0,0.0,0,0,0.0,0.0,0.0,0.0,0.0,0.0,2.0,1.0,0.05,0.8,0.0,0.0,1
71,2026-04-22T08:28:53.006Z,S20260422_092846,SC01,AUTO,,6.6441,0.0606,start,0,1500,VIDE,0.0,0.0,0.0,0.0,0.0,0.0,0,0,0.0,0.0,0.0,0.0,0.0,0.0,2.0,1.0,0.05,0.8,0.0,0.0,1
72,2026-04-22T08:28:53.072Z,S20260422_092846,SC01,AUTO,,6.7105,0.0664,start,0,1500,VIDE,0.0,0.0,0.0,0.0,0.0,0.0,0,0,0.0,0.0,0.0,0.0,0.0,0.0,2.0,1.0,0.05,0.8,0.0,0.0,1
73,2026-04-22T08:28:53.134Z,S20260422_092846,SC01,AUTO,,6.7726,0.0621,start,0,1500,VIDE,0.0,0.0,0.0,0.0,0.0,0.0,0,0,0.0,0.0,0.0,0.0,0.0,0.0,2.0,1.0,0.05,0.8,0.0,0.0,1
74,2026-04-22T08:28:53.197Z,S20260422_092846,SC01,AUTO,,6.8355,0.0629,start,0,1500,VIDE,0.0,0.0,0.0,0.0,0.0,0.0,0,0,0.0,0.0,0.0,0.0,0.0,0.0,2.0,1.0,0.05,0.8,0.0,0.0,1
75,2026-04-22T08:28:53.257Z,S20260422_092846,SC01,AUTO,,6.8954,0.06,start,0,1500,VIDE,0.0,0.0,0.0,0.0,0.0,0.0,0,0,0.0,0.0,0.0,0.0,0.0,0.0,2.0,1.0,0.05,0.8,0.0,0.0,1
76,2026-04-22T08:28:53.321Z,S20260422_092846,SC01,AUTO,,6.9594,0.064,start,0,1500,VIDE,0.0,0.0,0.0,0.0,0.0,0.0,0,0,0.0,0.0,0.0,0.0,0.0,0.0,2.0,1.0,0.05,0.8,0.0,0.0,1
77,2026-04-22T08:28:53.386Z,S20260422_092846,SC01,AUTO,,7.024,0.0645,start,0,1500,VIDE,0.0,0.0,0.0,0.0,0.0,0.0,0,0,0.0,0.0,0.0,0.0,0.0,0.0,2.0,1.0,0.05,0.8,0.0,0.0,1
78,2026-04-22T08:28:53.446Z,S20260422_092846,SC01,AUTO,,7.084,0.0601,start,0,1500,VIDE,0.0,0.0,0.0,0.0,0.0,0.0,0,0,0.0,0.0,0.0,0.0,0.0,0.0,2.0,1.0,0.05,0.8,0.0,0.0,1
79,2026-04-22T08:28:53.506Z,S20260422_092846,SC01,AUTO,,7.1442,0.0601,start,0,1500,VIDE,0.0,0.0,0.0,0.0,0.0,0.0,0,0,0.0,0.0,0.0,0.0,0.0,0.0,2.0,1.0,0.05,0.8,0.0,0.0,1
80,2026-04-22T08:28:53.566Z,S20260422_092846,SC01,AUTO,,7.2045,0.0604,start,0,1500,VIDE,0.0,0.0,0.0,0.0,0.0,0.0,0,0,0.0,0.0,0.0,0.0,0.0,0.0,2.0,1.0,0.05,0.8,0.0,0.0,1
81,2026-04-22T08:28:53.632Z,S20260422_092846,SC01,AUTO,,7.2703,0.0657,start,0,1500,VIDE,0.0,0.0,0.0,0.0,0.0,0.0,0,0,0.0,0.0,0.0,0.0,0.0,0.0,2.0,1.0,0.05,0.8,0.0,0.0,1
82,2026-04-22T08:28:53.694Z,S20260422_092846,SC01,AUTO,,7.3321,0.0619,start,0,1700,MI-CHARGE,0.0,0.0,0.0,0.0,0.0,0.0,0,0,0.0,0.0,0.0,0.0,0.0,0.0,2.0,1.0,0.05,0.8,0.0,0.0,1
83,2026-04-22T08:28:53.756Z,S20260422_092846,SC01,AUTO,,7.3941,0.062,start,0,1700,MI-CHARGE,0.0,0.0,0.0,0.0,0.0,0.0,0,0,0.0,0.0,0.0,0.0,0.0,0.0,2.0,1.0,0.05,0.8,0.0,0.0,1
84,2026-04-22T08:28:53.817Z,S20260422_092846,SC01,AUTO,,7.4551,0.0611,start,0,1700,MI-CHARGE,0.0,0.0,0.0,0.0,0.0,0.0,0,0,0.0,0.0,0.0,0.0,0.0,0.0,2.0,1.0,0.05,0.8,0.0,0.0,1
85,2026-04-22T08:28:53.879Z,S20260422_092846,SC01,AUTO,,7.5174,0.0622,start,0,1700,MI-CHARGE,0.0,0.0,0.0,0.0,0.0,0.0,0,0,0.0,0.0,0.0,0.0,0.0,0.0,2.0,1.0,0.05,0.8,0.0,0.0,1
86,2026-04-22T08:28:53.941Z,S20260422_092846,SC01,AUTO,,7.5794,0.062,start,0,1700,MI-CHARGE,0.0,0.0,0.0,0.0,0.0,0.0,0,0,0.0,0.0,0.0,0.0,0.0,0.0,2.0,1.0,0.05,0.8,0.0,0.0,1
87,2026-04-22T08:28:54.004Z,S20260422_092846,SC01,AUTO,,7.6421,0.0628,start,0,1700,MI-CHARGE,0.0,0.0,0.0,0.0,0.0,0.0,0,0,0.0,0.0,0.0,0.0,0.0,0.0,2.0,1.0,0.05,0.8,0.0,0.0,1
88,2026-04-22T08:28:54.073Z,S20260422_092846,SC01,AUTO,,7.7114,0.0692,start,0,1700,MI-CHARGE,0.0,0.0,0.0,0.0,0.0,0.0,0,0,0.0,0.0,0.0,0.0,0.0,0.0,2.0,1.0,0.05,0.8,0.0,0.0,1
89,2026-04-22T08:28:54.129Z,S20260422_092846,SC01,AUTO,,7.7676,0.0562,start,0,1700,MI-CHARGE,0.0,0.0,0.0,0.0,0.0,0.0,0,0,0.0,0.0,0.0,0.0,0.0,0.0,2.0,1.0,0.05,0.8,0.0,0.0,1
90,2026-04-22T08:28:54.191Z,S20260422_092846,SC01,AUTO,,7.8295,0.0619,start,0,1700,MI-CHARGE,0.0,0.0,0.0,0.0,0.0,0.0,0,0,0.0,0.0,0.0,0.0,0.0,0.0,2.0,1.0,0.05,0.8,0.0,0.0,1
91,2026-04-22T08:28:54.265Z,S20260422_092846,SC01,AUTO,,7.9033,0.0738,start,0,1700,MI-CHARGE,0.0,0.0,0.0,0.0,0.0,0.0,0,0,0.0,0.0,0.0,0.0,0.0,0.0,2.0,1.0,0.05,0.8,0.0,0.0,1
92,2026-04-22T08:28:54.317Z,S20260422_092846,SC01,AUTO,,7.9551,0.0518,start,0,1700,MI-CHARGE,0.0,0.0,0.0,0.0,0.0,0.0,0,0,0.0,0.0,0.0,0.0,0.0,0.0,2.0,1.0,0.05,0.8,0.0,0.0,1
93,2026-04-22T08:28:54.386Z,S20260422_092846,SC01,AUTO,,8.0243,0.0691,start,0,1700,MI-CHARGE,0.0,0.0,0.0,0.0,0.0,0.0,0,0,0.0,0.0,0.0,0.0,0.0,0.0,2.0,1.0,0.05,0.8,0.0,0.0,1
94,2026-04-22T08:28:54.446Z,S20260422_092846,SC01,AUTO,,8.0842,0.06,start,0,1700,MI-CHARGE,0.0,0.0,0.0,0.0,0.0,0.0,0,0,0.0,0.0,0.0,0.0,0.0,0.0,2.0,1.0,0.05,0.8,0.0,0.0,1
95,2026-04-22T08:28:54.505Z,S20260422_092846,SC01,AUTO,,8.1431,0.0589,start,0,1700,MI-CHARGE,0.0,0.0,0.0,0.0,0.0,0.0,0,0,0.0,0.0,0.0,0.0,0.0,0.0,2.0,1.0,0.05,0.8,0.0,0.0,1
96,2026-04-22T08:28:54.580Z,S20260422_092846,SC01,AUTO,,8.2184,0.0753,start,0,1700,MI-CHARGE,0.0,0.0,0.0,0.0,0.0,0.0,0,0,0.0,0.0,0.0,0.0,0.0,0.0,2.0,1.0,0.05,0.8,0.0,0.0,1
97,2026-04-22T08:28:54.642Z,S20260422_092846,SC01,AUTO,,8.2808,0.0624,start,0,1700,MI-CHARGE,0.0,0.0,0.0,0.0,0.0,0.0,0,0,0.0,0.0,0.0,0.0,0.0,0.0,2.0,1.0,0.05,0.8,0.0,0.0,1
98,2026-04-22T08:28:54.697Z,S20260422_092846,SC01,AUTO,,8.3355,0.0547,start,0,1700,MI-CHARGE,0.0,0.0,0.0,0.0,0.0,0.0,0,0,0.0,0.0,0.0,0.0,0.0,0.0,2.0,1.0,0.05,0.8,0.0,0.0,1
99,2026-04-22T08:28:54.761Z,S20260422_092846,SC01,AUTO,,8.3992,0.0636,start,0,1700,MI-CHARGE,0.0,0.0,0.0,0.0,0.0,0.0,0,0,0.0,0.0,0.0,0.0,0.0,0.0,2.0,1.0,0.05,0.8,0.0,0.0,1
100,2026-04-22T08:28:54.826Z,S20260422_092846,SC01,AUTO,,8.464,0.0649,start,0,1700,MI-CHARGE,0.0,0.0,0.0,0.0,0.0,0.0,0,0,0.0,0.0,0.0,0.0,0.0,0.0,2.0,1.0,0.05,0.8,0.0,0.0,1
101,2026-04-22T08:28:54.881Z,S20260422_092846,SC01,AUTO,,8.5194,0.0554,start,0,1700,MI-CHARGE,0.0,0.0,0.0,0.0,0.0,0.0,0,0,0.0,0.0,0.0,0.0,0.0,0.0,2.0,1.0,0.05,0.8,0.0,0.0,1
102,2026-04-22T08:28:54.945Z,S20260422_092846,SC01,AUTO,,8.5833,0.0639,start,0,1700,MI-CHARGE,0.0,0.0,0.0,0.0,0.0,0.0,0,0,0.0,0.0,0.0,0.0,0.0,0.0,2.0,1.0,0.05,0.8,0.0,0.0,1
103,2026-04-22T08:28:55.005Z,S20260422_092846,SC01,AUTO,,8.6432,0.06,start,0,1700,MI-CHARGE,0.0,0.0,0.0,0.0,0.0,0.0,0,0,0.0,0.0,0.0,0.0,0.0,0.0,2.0,1.0,0.05,0.8,0.0,0.0,1
104,2026-04-22T08:28:55.078Z,S20260422_092846,SC01,AUTO,,8.7165,0.0733,start,0,1700,MI-CHARGE,0.0,0.0,0.0,0.0,0.0,0.0,0,0,0.0,0.0,0.0,0.0,0.0,0.0,2.0,1.0,0.05,0.8,0.0,0.0,1
105,2026-04-22T08:28:55.141Z,S20260422_092846,SC01,AUTO,,8.7794,0.0628,start,0,1700,MI-CHARGE,0.0,0.0,0.0,0.0,0.0,0.0,0,0,0.0,0.0,0.0,0.0,0.0,0.0,2.0,1.0,0.05,0.8,0.0,0.0,1
106,2026-04-22T08:28:55.204Z,S20260422_092846,SC01,AUTO,,8.8426,0.0633,start,0,1700,MI-CHARGE,0.0,0.0,0.0,0.0,0.0,0.0,0,0,0.0,0.0,0.0,0.0,0.0,0.0,2.0,1.0,0.05,0.8,0.0,0.0,1
107,2026-04-22T08:28:55.266Z,S20260422_092846,SC01,AUTO,,8.9041,0.0615,start,0,1700,MI-CHARGE,0.0,0.0,0.0,0.0,0.0,0.0,0,0,0.0,0.0,0.0,0.0,0.0,0.0,2.0,1.0,0.05,0.8,0.0,0.0,1
108,2026-04-22T08:28:55.325Z,S20260422_092846,SC01,AUTO,,8.9636,0.0594,start,0,1700,MI-CHARGE,0.0,0.0,0.0,0.0,0.0,0.0,0,0,0.0,0.0,0.0,0.0,0.0,0.0,2.0,1.0,0.05,0.8,0.0,0.0,1
109,2026-04-22T08:28:55.387Z,S20260422_092846,SC01,AUTO,,9.0251,0.0616,start,0,1700,MI-CHARGE,0.0,0.0,0.0,0.0,0.0,0.0,0,0,0.0,0.0,0.0,0.0,0.0,0.0,2.0,1.0,0.05,0.8,0.0,0.0,1
110,2026-04-22T08:28:55.446Z,S20260422_092846,SC01,AUTO,,9.084,0.0589,start,0,1700,MI-CHARGE,0.0,0.0,0.0,0.0,0.0,0.0,0,0,0.0,0.0,0.0,0.0,0.0,0.0,2.0,1.0,0.05,0.8,0.0,0.0,1
111,2026-04-22T08:28:55.506Z,S20260422_092846,SC01,AUTO,,9.144,0.0599,start,0,1700,MI-CHARGE,0.0,0.0,0.0,0.0,0.0,0.0,0,0,0.0,0.0,0.0,0.0,0.0,0.0,2.0,1.0,0.05,0.8,0.0,0.0,1
112,2026-04-22T08:28:55.578Z,S20260422_092846,SC01,AUTO,,9.2163,0.0723,start,0,1700,MI-CHARGE,0.0,0.0,0.0,0.0,0.0,0.0,0,0,0.0,0.0,0.0,0.0,0.0,0.0,2.0,1.0,0.05,0.8,0.0,0.0,1
113,2026-04-22T08:28:55.640Z,S20260422_092846,SC01,AUTO,,9.2784,0.0621,start,0,1700,MI-CHARGE,0.0,0.0,0.0,0.0,0.0,0.0,0,0,0.0,0.0,0.0,0.0,0.0,0.0,2.0,1.0,0.05,0.8,0.0,0.0,1
114,2026-04-22T08:28:55.702Z,S20260422_092846,SC01,AUTO,,9.3406,0.0622,start,0,1700,MI-CHARGE,0.0,0.0,0.0,0.0,0.0,0.0,0,0,0.0,0.0,0.0,0.0,0.0,0.0,2.0,1.0,0.05,0.8,0.0,0.0,1
115,2026-04-22T08:28:55.765Z,S20260422_092846,SC01,AUTO,,9.4033,0.0627,start,0,1700,MI-CHARGE,0.0,0.0,0.0,0.0,0.0,0.0,0,0,0.0,0.0,0.0,0.0,0.0,0.0,2.0,1.0,0.05,0.8,0.0,0.0,1
116,2026-04-22T08:28:55.818Z,S20260422_092846,SC01,AUTO,,9.4561,0.0528,start,0,1700,MI-CHARGE,0.0,0.0,0.0,0.0,0.0,0.0,0,0,0.0,0.0,0.0,0.0,0.0,0.0,2.0,1.0,0.05,0.8,0.0,0.0,1
117,2026-04-22T08:28:55.886Z,S20260422_092846,SC01,AUTO,,9.5243,0.0682,start,0,2000,CHARGE COMPL.,0.0,0.0,0.0,0.0,0.0,0.0,0,0,0.0,0.0,0.0,0.0,0.0,0.0,2.0,1.0,0.05,0.8,0.0,0.0,1
118,2026-04-22T08:28:55.945Z,S20260422_092846,SC01,AUTO,,9.5834,0.0591,start,0,2000,CHARGE COMPL.,0.0,0.0,0.0,0.0,0.0,0.0,0,0,0.0,0.0,0.0,0.0,0.0,0.0,2.0,1.0,0.05,0.8,0.0,0.0,1
119,2026-04-22T08:28:56.005Z,S20260422_092846,SC01,AUTO,,9.6435,0.0601,start,0,2000,CHARGE COMPL.,0.0,0.0,0.0,0.0,0.0,0.0,0,0,0.0,0.0,0.0,0.0,0.0,0.0,2.0,1.0,0.05,0.8,0.0,0.0,1
120,2026-04-22T08:28:56.076Z,S20260422_092846,SC01,AUTO,,9.714,0.0706,start,0,2000,CHARGE COMPL.,0.0,0.0,0.0,0.0,0.0,0.0,0,0,0.0,0.0,0.0,0.0,0.0,0.0,2.0,1.0,0.05,0.8,0.0,0.0,1
121,2026-04-22T08:28:56.138Z,S20260422_092846,SC01,AUTO,,9.7761,0.062,start,0,2000,CHARGE COMPL.,0.0,0.0,0.0,0.0,0.0,0.0,0,0,0.0,0.0,0.0,0.0,0.0,0.0,2.0,1.0,0.05,0.8,0.0,0.0,1
122,2026-04-22T08:28:56.200Z,S20260422_092846,SC01,AUTO,,9.8378,0.0618,start,0,2000,CHARGE COMPL.,0.0,0.0,0.0,0.0,0.0,0.0,0,0,0.0,0.0,0.0,0.0,0.0,0.0,2.0,1.0,0.05,0.8,0.0,0.0,1
123,2026-04-22T08:28:56.263Z,S20260422_092846,SC01,AUTO,,9.9014,0.0635,start,0,2000,CHARGE COMPL.,0.0,0.0,0.0,0.0,0.0,0.0,0,0,0.0,0.0,0.0,0.0,0.0,0.0,2.0,1.0,0.05,0.8,0.0,0.0,1
124,2026-04-22T08:28:56.326Z,S20260422_092846,SC01,AUTO,,9.9644,0.063,start,0,2000,CHARGE COMPL.,0.0,0.0,0.0,0.0,0.0,0.0,0,0,0.0,0.0,0.0,0.0,0.0,0.0,2.0,1.0,0.05,0.8,0.0,0.0,1
125,2026-04-22T08:28:56.385Z,S20260422_092846,SC01,AUTO,,10.0237,0.0592,start,0,2000,CHARGE COMPL.,0.0,0.0,0.0,0.0,0.0,0.0,0,0,0.0,0.0,0.0,0.0,0.0,0.0,2.0,1.0,0.05,0.8,0.0,0.0,1
126,2026-04-22T08:28:56.445Z,S20260422_092846,SC01,AUTO,,10.0833,0.0597,start,0,2000,CHARGE COMPL.,0.0,0.0,0.0,0.0,0.0,0.0,0,0,0.0,0.0,0.0,0.0,0.0,0.0,2.0,1.0,0.05,0.8,0.0,0.0,1
127,2026-04-22T08:28:56.505Z,S20260422_092846,SC01,AUTO,,10.1434,0.0601,start,0,2000,CHARGE COMPL.,0.0,0.0,0.0,0.0,0.0,0.0,0,0,0.0,0.0,0.0,0.0,0.0,0.0,2.0,1.0,0.05,0.8,0.0,0.0,1
128,2026-04-22T08:28:56.575Z,S20260422_092846,SC01,AUTO,,10.2133,0.0698,start,0,2000,CHARGE COMPL.,0.0,0.0,0.0,0.0,0.0,0.0,0,0,0.0,0.0,0.0,0.0,0.0,0.0,2.0,1.0,0.05,0.8,0.0,0.0,1
129,2026-04-22T08:28:56.631Z,S20260422_092846,SC01,AUTO,,10.2694,0.0561,start,0,2000,CHARGE COMPL.,0.0,0.0,0.0,0.0,0.0,0.0,0,0,0.0,0.0,0.0,0.0,0.0,0.0,2.0,1.0,0.05,0.8,0.0,0.0,1
130,2026-04-22T08:28:56.701Z,S20260422_092846,SC01,AUTO,,10.3397,0.0703,start,0,2000,CHARGE COMPL.,0.0,0.0,0.0,0.0,0.0,0.0,0,0,0.0,0.0,0.0,0.0,0.0,0.0,2.0,1.0,0.05,0.8,0.0,0.0,1
131,2026-04-22T08:28:56.763Z,S20260422_092846,SC01,AUTO,,10.4008,0.0611,start,0,2000,CHARGE COMPL.,0.0,0.0,0.0,0.0,0.0,0.0,0,0,0.0,0.0,0.0,0.0,0.0,0.0,2.0,1.0,0.05,0.8,0.0,0.0,1
132,2026-04-22T08:28:56.824Z,S20260422_092846,SC01,AUTO,,10.4628,0.0619,start,0,2000,CHARGE COMPL.,0.0,0.0,0.0,0.0,0.0,0.0,0,0,0.0,0.0,0.0,0.0,0.0,0.0,2.0,1.0,0.05,0.8,0.0,0.0,1
133,2026-04-22T08:28:56.881Z,S20260422_092846,SC01,AUTO,,10.5192,0.0564,start,0,2000,CHARGE COMPL.,0.0,0.0,0.0,0.0,0.0,0.0,0,0,0.0,0.0,0.0,0.0,0.0,0.0,2.0,1.0,0.05,0.8,0.0,0.0,1
134,2026-04-22T08:28:56.945Z,S20260422_092846,SC01,AUTO,,10.5833,0.0641,start,0,2000,CHARGE COMPL.,0.0,0.0,0.0,0.0,0.0,0.0,0,0,0.0,0.0,0.0,0.0,0.0,0.0,2.0,1.0,0.05,0.8,0.0,0.0,1
135,2026-04-22T08:28:57.006Z,S20260422_092846,SC01,AUTO,,10.6441,0.0608,start,0,2000,CHARGE COMPL.,0.0,0.0,0.0,0.0,0.0,0.0,0,0,0.0,0.0,0.0,0.0,0.0,0.0,2.0,1.0,0.05,0.8,0.0,0.0,1
136,2026-04-22T08:28:57.073Z,S20260422_092846,SC01,AUTO,,10.7111,0.0671,start,0,2000,CHARGE COMPL.,0.0,0.0,0.0,0.0,0.0,0.0,0,0,0.0,0.0,0.0,0.0,0.0,0.0,2.0,1.0,0.05,0.8,0.0,0.0,1
137,2026-04-22T08:28:57.136Z,S20260422_092846,SC01,AUTO,,10.7742,0.0631,start,0,2000,CHARGE COMPL.,0.0,0.0,0.0,0.0,0.0,0.0,0,0,0.0,0.0,0.0,0.0,0.0,0.0,2.0,1.0,0.05,0.8,0.0,0.0,1
138,2026-04-22T08:28:57.197Z,S20260422_092846,SC01,AUTO,,10.8355,0.0613,start,0,2000,CHARGE COMPL.,0.0,0.0,0.0,0.0,0.0,0.0,0,0,0.0,0.0,0.0,0.0,0.0,0.0,2.0,1.0,0.05,0.8,0.0,0.0,1
139,2026-04-22T08:28:57.258Z,S20260422_092846,SC01,AUTO,,10.8967,0.0611,start,0,2500,REMORQUE,0.0,0.0,0.0,0.0,0.0,0.0,0,0,0.0,0.0,0.0,0.0,0.0,0.0,2.0,1.0,0.05,0.8,0.0,0.0,1
140,2026-04-22T08:28:57.321Z,S20260422_092846,SC01,AUTO,,10.9594,0.0627,start,0,2500,REMORQUE,0.0,0.0,0.0,0.0,0.0,0.0,0,0,0.0,0.0,0.0,0.0,0.0,0.0,2.0,1.0,0.05,0.8,0.0,0.0,1
141,2026-04-22T08:28:57.380Z,S20260422_092846,SC01,AUTO,,11.0179,0.0585,start,0,2500,REMORQUE,0.0,0.0,0.0,0.0,0.0,0.0,0,0,0.0,0.0,0.0,0.0,0.0,0.0,2.0,1.0,0.05,0.8,0.0,0.0,1
142,2026-04-22T08:28:57.442Z,S20260422_092846,SC01,AUTO,,11.0803,0.0624,start,0,2500,REMORQUE,0.0,0.0,0.0,0.0,0.0,0.0,0,0,0.0,0.0,0.0,0.0,0.0,0.0,2.0,1.0,0.05,0.8,0.0,0.0,1
143,2026-04-22T08:28:57.506Z,S20260422_092846,SC01,AUTO,,11.1442,0.064,start,0,2500,REMORQUE,0.0,0.0,0.0,0.0,0.0,0.0,0,0,0.0,0.0,0.0,0.0,0.0,0.0,2.0,1.0,0.05,0.8,0.0,0.0,1
144,2026-04-22T08:28:57.566Z,S20260422_092846,SC01,AUTO,,11.2042,0.06,start,0,2500,REMORQUE,0.0,0.0,0.0,0.0,0.0,0.0,0,0,0.0,0.0,0.0,0.0,0.0,0.0,2.0,1.0,0.05,0.8,0.0,0.0,1
145,2026-04-22T08:28:57.633Z,S20260422_092846,SC01,AUTO,,11.2713,0.067,start,0,2500,REMORQUE,0.0,0.0,0.0,0.0,0.0,0.0,0,0,0.0,0.0,0.0,0.0,0.0,0.0,2.0,1.0,0.05,0.8,0.0,0.0,1
146,2026-04-22T08:28:57.695Z,S20260422_092846,SC01,AUTO,,11.3336,0.0623,start,0,2500,REMORQUE,0.0,0.0,0.0,0.0,0.0,0.0,0,0,0.0,0.0,0.0,0.0,0.0,0.0,2.0,1.0,0.05,0.8,0.0,0.0,1
147,2026-04-22T08:28:57.757Z,S20260422_092846,SC01,AUTO,,11.3955,0.0619,start,0,2500,REMORQUE,0.0,0.0,0.0,0.0,0.0,0.0,0,0,0.0,0.0,0.0,0.0,0.0,0.0,2.0,1.0,0.05,0.8,0.0,0.0,1
148,2026-04-22T08:28:57.819Z,S20260422_092846,SC01,AUTO,,11.4573,0.0618,start,0,2500,REMORQUE,0.0,0.0,0.0,0.0,0.0,0.0,0,0,0.0,0.0,0.0,0.0,0.0,0.0,2.0,1.0,0.05,0.8,0.0,0.0,1
149,2026-04-22T08:28:57.882Z,S20260422_092846,SC01,AUTO,,11.5199,0.0626,start,0,2500,REMORQUE,0.0,0.0,0.0,0.0,0.0,0.0,0,0,0.0,0.0,0.0,0.0,0.0,0.0,2.0,1.0,0.05,0.8,0.0,0.0,1
150,2026-04-22T08:28:57.943Z,S20260422_092846,SC01,AUTO,,11.5811,0.0612,start,0,2500,REMORQUE,0.0,0.0,0.0,0.0,0.0,0.0,0,0,0.0,0.0,0.0,0.0,0.0,0.0,2.0,1.0,0.05,0.8,0.0,0.0,1
151,2026-04-22T08:28:58.005Z,S20260422_092846,SC01,AUTO,,11.6432,0.0621,start,0,2500,REMORQUE,0.0,0.0,0.0,0.0,0.0,0.0,0,0,0.0,0.0,0.0,0.0,0.0,0.0,2.0,1.0,0.05,0.8,0.0,0.0,1
152,2026-04-22T08:28:58.066Z,S20260422_092846,SC01,AUTO,,11.7043,0.0611,start,0,2500,REMORQUE,0.0,0.0,0.0,0.0,0.0,0.0,0,0,0.0,0.0,0.0,0.0,0.0,0.0,2.0,1.0,0.05,0.8,0.0,0.0,1
153,2026-04-22T08:28:58.128Z,S20260422_092846,SC01,AUTO,,11.7667,0.0623,start,0,2500,REMORQUE,0.0,0.0,0.0,0.0,0.0,0.0,0,0,0.0,0.0,0.0,0.0,0.0,0.0,2.0,1.0,0.05,0.8,0.0,0.0,1
154,2026-04-22T08:28:58.192Z,S20260422_092846,SC01,AUTO,,11.8301,0.0634,start,0,2500,REMORQUE,0.0,0.0,0.0,0.0,0.0,0.0,0,0,0.0,0.0,0.0,0.0,0.0,0.0,2.0,1.0,0.05,0.8,0.0,0.0,1
155,2026-04-22T08:28:58.265Z,S20260422_092846,SC01,AUTO,,11.9036,0.0735,start,0,2500,REMORQUE,0.0,0.0,0.0,0.0,0.0,0.0,0,0,0.0,0.0,0.0,0.0,0.0,0.0,2.0,1.0,0.05,0.8,0.0,0.0,1
156,2026-04-22T08:28:58.326Z,S20260422_092846,SC01,AUTO,,11.9643,0.0607,start,0,2500,REMORQUE,0.0,0.0,0.0,0.0,0.0,0.0,0,0,0.0,0.0,0.0,0.0,0.0,0.0,2.0,1.0,0.05,0.8,0.0,0.0,1
157,2026-04-22T08:28:58.386Z,S20260422_092846,SC01,AUTO,,12.0246,0.0604,start,0,2500,REMORQUE,0.0,0.0,0.0,0.0,0.0,0.0,0,0,0.0,0.0,0.0,0.0,0.0,0.0,2.0,1.0,0.05,0.8,0.0,0.0,1
158,2026-04-22T08:28:58.446Z,S20260422_092846,SC01,AUTO,,12.0843,0.0596,start,0,2500,REMORQUE,0.0,0.0,0.0,0.0,0.0,0.0,0,0,0.0,0.0,0.0,0.0,0.0,0.0,2.0,1.0,0.05,0.8,0.0,0.0,1
159,2026-04-22T08:28:58.506Z,S20260422_092846,SC01,AUTO,,12.144,0.0598,start,0,2500,REMORQUE,0.0,0.0,0.0,0.0,0.0,0.0,0,0,0.0,0.0,0.0,0.0,0.0,0.0,2.0,1.0,0.05,0.8,0.0,0.0,1
160,2026-04-22T08:28:58.578Z,S20260422_092846,SC01,AUTO,,12.2161,0.072,start,0,2500,REMORQUE,0.0,0.0,0.0,0.0,0.0,0.0,0,0,0.0,0.0,0.0,0.0,0.0,0.0,2.0,1.0,0.05,0.8,0.0,0.0,1
161,2026-04-22T08:28:58.640Z,S20260422_092846,SC01,AUTO,,12.2785,0.0624,start,0,2500,REMORQUE,0.0,0.0,0.0,0.0,0.0,0.0,0,0,0.0,0.0,0.0,0.0,0.0,0.0,2.0,1.0,0.05,0.8,0.0,0.0,1
162,2026-04-22T08:28:58.703Z,S20260422_092846,SC01,AUTO,,12.3414,0.0629,start,0,2500,REMORQUE,0.0,0.0,0.0,0.0,0.0,0.0,0,0,0.0,0.0,0.0,0.0,0.0,0.0,2.0,1.0,0.05,0.8,0.0,0.0,1
163,2026-04-22T08:28:58.766Z,S20260422_092846,SC01,AUTO,,12.4046,0.0632,start,0,2500,REMORQUE,0.0,0.0,0.0,0.0,0.0,0.0,0,0,0.0,0.0,0.0,0.0,0.0,0.0,2.0,1.0,0.05,0.8,0.0,0.0,1
164,2026-04-22T08:28:58.826Z,S20260422_092846,SC01,AUTO,,12.4641,0.0595,start,0,2500,REMORQUE,0.0,0.0,0.0,0.0,0.0,0.0,0,0,0.0,0.0,0.0,0.0,0.0,0.0,2.0,1.0,0.05,0.8,0.0,0.0,1
165,2026-04-22T08:28:58.888Z,S20260422_092846,SC01,AUTO,,12.5267,0.0626,start,0,2500,REMORQUE,0.0,0.0,0.0,0.0,0.0,0.0,0,0,0.0,0.0,0.0,0.0,0.0,0.0,2.0,1.0,0.05,0.8,0.0,0.0,1
166,2026-04-22T08:28:58.945Z,S20260422_092846,SC01,AUTO,,12.5835,0.0568,start,0,2500,REMORQUE,0.0,0.0,0.0,0.0,0.0,0.0,0,0,0.0,0.0,0.0,0.0,0.0,0.0,2.0,1.0,0.05,0.8,0.0,0.0,1
167,2026-04-22T08:28:59.006Z,S20260422_092846,SC01,AUTO,,12.6443,0.0608,start,0,2500,REMORQUE,0.0,0.0,0.0,0.0,0.0,0.0,0,0,0.0,0.0,0.0,0.0,0.0,0.0,2.0,1.0,0.05,0.8,0.0,0.0,1
168,2026-04-22T08:28:59.080Z,S20260422_092846,SC01,AUTO,,12.7181,0.0739,start,0,2500,REMORQUE,0.0,0.0,0.0,0.0,0.0,0.0,0,0,0.0,0.0,0.0,0.0,0.0,0.0,2.0,1.0,0.05,0.8,0.0,0.0,1
169,2026-04-22T08:28:59.141Z,S20260422_092846,SC01,AUTO,,12.7797,0.0616,start,0,2500,REMORQUE,0.0,0.0,0.0,0.0,0.0,0.0,0,0,0.0,0.0,0.0,0.0,0.0,0.0,2.0,1.0,0.05,0.8,0.0,0.0,1
170,2026-04-22T08:28:59.203Z,S20260422_092846,SC01,AUTO,,12.8415,0.0618,start,0,2500,REMORQUE,0.0,0.0,0.0,0.0,0.0,0.0,0,0,0.0,0.0,0.0,0.0,0.0,0.0,2.0,1.0,0.05,0.8,0.0,0.0,1
171,2026-04-22T08:28:59.265Z,S20260422_092846,SC01,AUTO,,12.9034,0.0619,start,0,2500,REMORQUE,0.0,0.0,0.0,0.0,0.0,0.0,0,0,0.0,0.0,0.0,0.0,0.0,0.0,2.0,1.0,0.05,0.8,0.0,0.0,1
172,2026-04-22T08:28:59.326Z,S20260422_092846,SC01,AUTO,,12.9642,0.0608,start,0,2500,REMORQUE,0.0,0.0,0.0,0.0,0.0,0.0,0,0,0.0,0.0,0.0,0.0,0.0,0.0,2.0,1.0,0.05,0.8,0.0,0.0,1
173,2026-04-22T08:28:59.387Z,S20260422_092846,SC01,AUTO,,13.025,0.0608,start,0,2500,REMORQUE,0.0,0.0,0.0,0.0,0.0,0.0,0,0,0.0,0.0,0.0,0.0,0.0,0.0,2.0,1.0,0.05,0.8,0.0,0.0,1
174,2026-04-22T08:28:59.446Z,S20260422_092846,SC01,AUTO,,13.0845,0.0595,start,0,2500,REMORQUE,0.0,0.0,0.0,0.0,0.0,0.0,0,0,0.0,0.0,0.0,0.0,0.0,0.0,2.0,1.0,0.05,0.8,0.0,0.0,1
175,2026-04-22T08:28:59.506Z,S20260422_092846,SC01,AUTO,,13.1439,0.0594,start,0,2500,REMORQUE,0.0,0.0,0.0,0.0,0.0,0.0,0,0,0.0,0.0,0.0,0.0,0.0,0.0,2.0,1.0,0.05,0.8,0.0,0.0,1
176,2026-04-22T08:28:59.576Z,S20260422_092846,SC01,AUTO,,13.2143,0.0704,start,0,2500,REMORQUE,0.0,0.0,0.0,0.0,0.0,0.0,0,0,0.0,0.0,0.0,0.0,0.0,0.0,2.0,1.0,0.05,0.8,0.0,0.0,1
177,2026-04-22T08:28:59.638Z,S20260422_092846,SC01,AUTO,,13.2767,0.0624,start,0,2500,REMORQUE,0.0,0.0,0.0,0.0,0.0,0.0,0,0,0.0,0.0,0.0,0.0,0.0,0.0,2.0,1.0,0.05,0.8,0.0,0.0,1
178,2026-04-22T08:28:59.700Z,S20260422_092846,SC01,AUTO,,13.3384,0.0618,start,0,2500,REMORQUE,0.0,0.0,0.0,0.0,0.0,0.0,0,0,0.0,0.0,0.0,0.0,0.0,0.0,2.0,1.0,0.05,0.8,0.0,0.0,1
179,2026-04-22T08:28:59.763Z,S20260422_092846,SC01,AUTO,,13.4013,0.0628,start,0,2500,REMORQUE,0.0,0.0,0.0,0.0,0.0,0.0,0,0,0.0,0.0,0.0,0.0,0.0,0.0,2.0,1.0,0.05,0.8,0.0,0.0,1
180,2026-04-22T08:28:59.826Z,S20260422_092846,SC01,AUTO,,13.4646,0.0633,start,0,2500,REMORQUE,0.0,0.0,0.0,0.0,0.0,0.0,0,0,0.0,0.0,0.0,0.0,0.0,0.0,2.0,1.0,0.05,0.8,0.0,0.0,1
181,2026-04-22T08:28:59.886Z,S20260422_092846,SC01,AUTO,,13.5241,0.0595,start,0,2000,CHARGE COMPL.,0.0,0.0,0.0,0.0,0.0,0.0,0,0,0.0,0.0,0.0,0.0,0.0,0.0,2.0,1.0,0.05,0.8,0.0,0.0,1
182,2026-04-22T08:28:59.946Z,S20260422_092846,SC01,AUTO,,13.5848,0.0607,start,0,2000,CHARGE COMPL.,0.0,0.0,0.0,0.0,0.0,0.0,0,0,0.0,0.0,0.0,0.0,0.0,0.0,2.0,1.0,0.05,0.8,0.0,0.0,1
183,2026-04-22T08:29:00.006Z,S20260422_092846,SC01,AUTO,,13.6444,0.0596,start,0,2000,CHARGE COMPL.,0.0,0.0,0.0,0.0,0.0,0.0,0,0,0.0,0.0,0.0,0.0,0.0,0.0,2.0,1.0,0.05,0.8,0.0,0.0,1
184,2026-04-22T08:29:00.076Z,S20260422_092846,SC01,AUTO,,13.7141,0.0698,start,0,2000,CHARGE COMPL.,0.0,0.0,0.0,0.0,0.0,0.0,0,0,0.0,0.0,0.0,0.0,0.0,0.0,2.0,1.0,0.05,0.8,0.0,0.0,1
185,2026-04-22T08:29:00.139Z,S20260422_092846,SC01,AUTO,,13.7773,0.0632,start,0,2000,CHARGE COMPL.,0.0,0.0,0.0,0.0,0.0,0.0,0,0,0.0,0.0,0.0,0.0,0.0,0.0,2.0,1.0,0.05,0.8,0.0,0.0,1
186,2026-04-22T08:29:00.193Z,S20260422_092846,SC01,AUTO,,13.8315,0.0542,start,0,2000,CHARGE COMPL.,0.0,0.0,0.0,0.0,0.0,0.0,0,0,0.0,0.0,0.0,0.0,0.0,0.0,2.0,1.0,0.05,0.8,0.0,0.0,1
187,2026-04-22T08:29:00.257Z,S20260422_092846,SC01,AUTO,,13.8957,0.0642,start,0,2000,CHARGE COMPL.,0.0,0.0,0.0,0.0,0.0,0.0,0,0,0.0,0.0,0.0,0.0,0.0,0.0,2.0,1.0,0.05,0.8,0.0,0.0,1
188,2026-04-22T08:29:00.321Z,S20260422_092846,SC01,AUTO,,13.9595,0.0637,start,0,2000,CHARGE COMPL.,0.0,0.0,0.0,0.0,0.0,0.0,0,0,0.0,0.0,0.0,0.0,0.0,0.0,2.0,1.0,0.05,0.8,0.0,0.0,1
189,2026-04-22T08:29:00.386Z,S20260422_092846,SC01,AUTO,,14.024,0.0646,start,0,2000,CHARGE COMPL.,0.0,0.0,0.0,0.0,0.0,0.0,0,0,0.0,0.0,0.0,0.0,0.0,0.0,2.0,1.0,0.05,0.8,0.0,0.0,1
190,2026-04-22T08:29:00.446Z,S20260422_092846,SC01,AUTO,,14.0841,0.0601,start,0,2000,CHARGE COMPL.,0.0,0.0,0.0,0.0,0.0,0.0,0,0,0.0,0.0,0.0,0.0,0.0,0.0,2.0,1.0,0.05,0.8,0.0,0.0,1
191,2026-04-22T08:29:00.505Z,S20260422_092846,SC01,AUTO,,14.1436,0.0595,start,0,2000,CHARGE COMPL.,0.0,0.0,0.0,0.0,0.0,0.0,0,0,0.0,0.0,0.0,0.0,0.0,0.0,2.0,1.0,0.05,0.8,0.0,0.0,1
192,2026-04-22T08:29:00.569Z,S20260422_092846,SC01,AUTO,,14.2075,0.0639,start,0,2000,CHARGE COMPL.,0.0,0.0,0.0,0.0,0.0,0.0,0,0,0.0,0.0,0.0,0.0,0.0,0.0,2.0,1.0,0.05,0.8,0.0,0.0,1
193,2026-04-22T08:29:00.633Z,S20260422_092846,SC01,AUTO,,14.2714,0.0639,start,0,2000,CHARGE COMPL.,0.0,0.0,0.0,0.0,0.0,0.0,0,0,0.0,0.0,0.0,0.0,0.0,0.0,2.0,1.0,0.05,0.8,0.0,0.0,1
194,2026-04-22T08:29:00.698Z,S20260422_092846,SC01,AUTO,,14.3366,0.0652,start,0,2000,CHARGE COMPL.,0.0,0.0,0.0,0.0,0.0,0.0,0,0,0.0,0.0,0.0,0.0,0.0,0.0,2.0,1.0,0.05,0.8,0.0,0.0,1
195,2026-04-22T08:29:00.760Z,S20260422_092846,SC01,AUTO,,14.3985,0.0619,start,0,2000,CHARGE COMPL.,0.0,0.0,0.0,0.0,0.0,0.0,0,0,0.0,0.0,0.0,0.0,0.0,0.0,2.0,1.0,0.05,0.8,0.0,0.0,1
196,2026-04-22T08:29:00.822Z,S20260422_092846,SC01,AUTO,,14.4607,0.0622,start,0,2000,CHARGE COMPL.,0.0,0.0,0.0,0.0,0.0,0.0,0,0,0.0,0.0,0.0,0.0,0.0,0.0,2.0,1.0,0.05,0.8,0.0,0.0,1
197,2026-04-22T08:29:00.885Z,S20260422_092846,SC01,AUTO,,14.5229,0.0622,start,0,2000,CHARGE COMPL.,0.0,0.0,0.0,0.0,0.0,0.0,0,0,0.0,0.0,0.0,0.0,0.0,0.0,2.0,1.0,0.05,0.8,0.0,0.0,1
198,2026-04-22T08:29:00.945Z,S20260422_092846,SC01,AUTO,,14.5835,0.0605,start,0,2000,CHARGE COMPL.,0.0,0.0,0.0,0.0,0.0,0.0,0,0,0.0,0.0,0.0,0.0,0.0,0.0,2.0,1.0,0.05,0.8,0.0,0.0,1
199,2026-04-22T08:29:01.005Z,S20260422_092846,SC01,AUTO,,14.6436,0.0601,start,0,2000,CHARGE COMPL.,0.0,0.0,0.0,0.0,0.0,0.0,0,0,0.0,0.0,0.0,0.0,0.0,0.0,2.0,1.0,0.05,0.8,0.0,0.0,1
200,2026-04-22T08:29:01.072Z,S20260422_092846,SC01,AUTO,,14.7105,0.067,start,0,2000,CHARGE COMPL.,0.0,0.0,0.0,0.0,0.0,0.0,0,0,0.0,0.0,0.0,0.0,0.0,0.0,2.0,1.0,0.05,0.8,0.0,0.0,1
201,2026-04-22T08:29:01.134Z,S20260422_092846,SC01,AUTO,,14.7726,0.0621,start,0,2000,CHARGE COMPL.,0.0,0.0,0.0,0.0,0.0,0.0,0,0,0.0,0.0,0.0,0.0,0.0,0.0,2.0,1.0,0.05,0.8,0.0,0.0,1
202,2026-04-22T08:29:01.197Z,S20260422_092846,SC01,AUTO,,14.8353,0.0627,start,0,2000,CHARGE COMPL.,0.0,0.0,0.0,0.0,0.0,0.0,0,0,0.0,0.0,0.0,0.0,0.0,0.0,2.0,1.0,0.05,0.8,0.0,0.0,1
203,2026-04-22T08:29:01.259Z,S20260422_092846,SC01,AUTO,,14.8975,0.0622,start,0,2000,CHARGE COMPL.,0.0,0.0,0.0,0.0,0.0,0.0,0,0,0.0,0.0,0.0,0.0,0.0,0.0,2.0,1.0,0.05,0.8,0.0,0.0,1
204,2026-04-22T08:29:01.321Z,S20260422_092846,SC01,AUTO,,14.9592,0.0617,start,0,2000,CHARGE COMPL.,0.0,0.0,0.0,0.0,0.0,0.0,0,0,0.0,0.0,0.0,0.0,0.0,0.0,2.0,1.0,0.05,0.8,0.0,0.0,1
205,2026-04-22T08:29:01.380Z,S20260422_092846,SC01,AUTO,,15.0187,0.0595,start,0,2000,CHARGE COMPL.,0.0,0.0,0.0,0.0,0.0,0.0,0,0,0.0,0.0,0.0,0.0,0.0,0.0,2.0,1.0,0.05,0.8,0.0,0.0,1
206,2026-04-22T08:29:01.446Z,S20260422_092846,SC01,AUTO,,15.0842,0.0655,start,0,2000,CHARGE COMPL.,0.0,0.0,0.0,0.0,0.0,0.0,0,0,0.0,0.0,0.0,0.0,0.0,0.0,2.0,1.0,0.05,0.8,0.0,0.0,1
207,2026-04-22T08:29:01.505Z,S20260422_092846,SC01,AUTO,,15.1437,0.0595,start,0,2000,CHARGE COMPL.,0.0,0.0,0.0,0.0,0.0,0.0,0,0,0.0,0.0,0.0,0.0,0.0,0.0,2.0,1.0,0.05,0.8,0.0,0.0,1
208,2026-04-22T08:29:01.572Z,S20260422_092846,SC01,AUTO,,15.2101,0.0664,start,0,2000,CHARGE COMPL.,0.0,0.0,0.0,0.0,0.0,0.0,0,0,0.0,0.0,0.0,0.0,0.0,0.0,2.0,1.0,0.05,0.8,0.0,0.0,1
209,2026-04-22T08:29:01.635Z,S20260422_092846,SC01,AUTO,,15.2733,0.0631,start,0,2000,CHARGE COMPL.,0.0,0.0,0.0,0.0,0.0,0.0,0,0,0.0,0.0,0.0,0.0,0.0,0.0,2.0,1.0,0.05,0.8,0.0,0.0,1
210,2026-04-22T08:29:01.698Z,S20260422_092846,SC01,AUTO,,15.3362,0.0629,start,0,2000,CHARGE COMPL.,0.0,0.0,0.0,0.0,0.0,0.0,0,0,0.0,0.0,0.0,0.0,0.0,0.0,2.0,1.0,0.05,0.8,0.0,0.0,1
211,2026-04-22T08:29:01.760Z,S20260422_092846,SC01,AUTO,,15.3984,0.0622,start,0,2000,CHARGE COMPL.,0.0,0.0,0.0,0.0,0.0,0.0,0,0,0.0,0.0,0.0,0.0,0.0,0.0,2.0,1.0,0.05,0.8,0.0,0.0,1
212,2026-04-22T08:29:01.821Z,S20260422_092846,SC01,AUTO,,15.4594,0.061,start,0,2000,CHARGE COMPL.,0.0,0.0,0.0,0.0,0.0,0.0,0,0,0.0,0.0,0.0,0.0,0.0,0.0,2.0,1.0,0.05,0.8,0.0,0.0,1
213,2026-04-22T08:29:01.883Z,S20260422_092846,SC01,AUTO,,15.5213,0.0619,start,0,2000,CHARGE COMPL.,0.0,0.0,0.0,0.0,0.0,0.0,0,0,0.0,0.0,0.0,0.0,0.0,0.0,2.0,1.0,0.05,0.8,0.0,0.0,1
214,2026-04-22T08:29:01.947Z,S20260422_092846,SC01,AUTO,,15.585,0.0638,start,0,2000,CHARGE COMPL.,0.0,0.0,0.0,0.0,0.0,0.0,0,0,0.0,0.0,0.0,0.0,0.0,0.0,2.0,1.0,0.05,0.8,0.0,0.0,1
215,2026-04-22T08:29:02.005Z,S20260422_092846,SC01,AUTO,,15.6435,0.0585,start,0,2000,CHARGE COMPL.,0.0,0.0,0.0,0.0,0.0,0.0,0,0,0.0,0.0,0.0,0.0,0.0,0.0,2.0,1.0,0.05,0.8,0.0,0.0,1
216,2026-04-22T08:29:02.070Z,S20260422_092846,SC01,AUTO,,15.7084,0.0648,start,0,2000,CHARGE COMPL.,0.0,0.0,0.0,0.0,0.0,0.0,0,0,0.0,0.0,0.0,0.0,0.0,0.0,2.0,1.0,0.05,0.8,0.0,0.0,1
217,2026-04-22T08:29:02.132Z,S20260422_092846,SC01,AUTO,,15.7699,0.0616,start,0,2000,CHARGE COMPL.,0.0,0.0,0.0,0.0,0.0,0.0,0,0,0.0,0.0,0.0,0.0,0.0,0.0,2.0,1.0,0.05,0.8,0.0,0.0,1
218,2026-04-22T08:29:02.194Z,S20260422_092846,SC01,AUTO,,15.8323,0.0624,start,0,2000,CHARGE COMPL.,0.0,0.0,0.0,0.0,0.0,0.0,0,0,0.0,0.0,0.0,0.0,0.0,0.0,2.0,1.0,0.05,0.8,0.0,0.0,1
219,2026-04-22T08:29:02.256Z,S20260422_092846,SC01,AUTO,,15.8943,0.062,start,0,2000,CHARGE COMPL.,0.0,0.0,0.0,0.0,0.0,0.0,0,0,0.0,0.0,0.0,0.0,0.0,0.0,2.0,1.0,0.05,0.8,0.0,0.0,1
220,2026-04-22T08:29:02.318Z,S20260422_092846,SC01,AUTO,,15.9565,0.0622,start,0,2000,CHARGE COMPL.,0.0,0.0,0.0,0.0,0.0,0.0,0,0,0.0,0.0,0.0,0.0,0.0,0.0,2.0,1.0,0.05,0.8,0.0,0.0,1
221,2026-04-22T08:29:02.380Z,S20260422_092846,SC01,AUTO,,16.0182,0.0617,start,0,2000,CHARGE COMPL.,0.0,0.0,0.0,0.0,0.0,0.0,0,0,0.0,0.0,0.0,0.0,0.0,0.0,2.0,1.0,0.05,0.8,0.0,0.0,1
222,2026-04-22T08:29:02.442Z,S20260422_092846,SC01,AUTO,,16.0807,0.0625,start,0,2000,CHARGE COMPL.,0.0,0.0,0.0,0.0,0.0,0.0,0,0,0.0,0.0,0.0,0.0,0.0,0.0,2.0,1.0,0.05,0.8,0.0,0.0,1
223,2026-04-22T08:29:02.505Z,S20260422_092846,SC01,AUTO,,16.1431,0.0624,start,0,2000,CHARGE COMPL.,0.0,0.0,0.0,0.0,0.0,0.0,0,0,0.0,0.0,0.0,0.0,0.0,0.0,2.0,1.0,0.05,0.8,0.0,0.0,1
224,2026-04-22T08:29:02.567Z,S20260422_092846,SC01,AUTO,,16.2053,0.0622,start,0,2000,CHARGE COMPL.,0.0,0.0,0.0,0.0,0.0,0.0,0,0,0.0,0.0,0.0,0.0,0.0,0.0,2.0,1.0,0.05,0.8,0.0,0.0,1
225,2026-04-22T08:29:02.629Z,S20260422_092846,SC01,AUTO,,16.2677,0.0625,start,0,2000,CHARGE COMPL.,0.0,0.0,0.0,0.0,0.0,0.0,0,0,0.0,0.0,0.0,0.0,0.0,0.0,2.0,1.0,0.05,0.8,0.0,0.0,1
226,2026-04-22T08:29:02.692Z,S20260422_092846,SC01,AUTO,,16.3301,0.0624,start,0,2000,CHARGE COMPL.,0.0,0.0,0.0,0.0,0.0,0.0,0,0,0.0,0.0,0.0,0.0,0.0,0.0,2.0,1.0,0.05,0.8,0.0,0.0,1
227,2026-04-22T08:29:02.761Z,S20260422_092846,SC01,AUTO,,16.3993,0.0692,start,0,2000,CHARGE COMPL.,0.0,0.0,0.0,0.0,0.0,0.0,0,0,0.0,0.0,0.0,0.0,0.0,0.0,2.0,1.0,0.05,0.8,0.0,0.0,1
228,2026-04-22T08:29:02.817Z,S20260422_092846,SC01,AUTO,,16.4552,0.0558,start,0,2000,CHARGE COMPL.,0.0,0.0,0.0,0.0,0.0,0.0,0,0,0.0,0.0,0.0,0.0,0.0,0.0,2.0,1.0,0.05,0.8,0.0,0.0,1
229,2026-04-22T08:29:02.879Z,S20260422_092846,SC01,AUTO,,16.5171,0.062,start,0,2000,CHARGE COMPL.,0.0,0.0,0.0,0.0,0.0,0.0,0,0,0.0,0.0,0.0,0.0,0.0,0.0,2.0,1.0,0.05,0.8,0.0,0.0,1
230,2026-04-22T08:29:02.942Z,S20260422_092846,SC01,AUTO,,16.5807,0.0635,start,0,2000,CHARGE COMPL.,0.0,0.0,0.0,0.0,0.0,0.0,0,0,0.0,0.0,0.0,0.0,0.0,0.0,2.0,1.0,0.05,0.8,0.0,0.0,1
231,2026-04-22T08:29:03.005Z,S20260422_092846,SC01,AUTO,,16.6431,0.0624,start,0,2000,CHARGE COMPL.,0.0,0.0,0.0,0.0,0.0,0.0,0,0,0.0,0.0,0.0,0.0,0.0,0.0,2.0,1.0,0.05,0.8,0.0,0.0,1
232,2026-04-22T08:29:03.066Z,S20260422_092846,SC01,AUTO,,16.7043,0.0612,start,0,2000,CHARGE COMPL.,0.0,0.0,0.0,0.0,0.0,0.0,0,0,0.0,0.0,0.0,0.0,0.0,0.0,2.0,1.0,0.05,0.8,0.0,0.0,1
233,2026-04-22T08:29:03.144Z,S20260422_092846,SC01,AUTO,,16.7824,0.0781,start,0,2000,CHARGE COMPL.,0.0,0.0,0.0,0.0,0.0,0.0,0,0,0.0,0.0,0.0,0.0,0.0,0.0,2.0,1.0,0.05,0.8,0.0,0.0,1
234,2026-04-22T08:29:03.192Z,S20260422_092846,SC01,AUTO,,16.8298,0.0474,start,0,2000,CHARGE COMPL.,0.0,0.0,0.0,0.0,0.0,0.0,0,0,0.0,0.0,0.0,0.0,0.0,0.0,2.0,1.0,0.05,0.8,0.0,0.0,1
235,2026-04-22T08:29:03.267Z,S20260422_092846,SC01,AUTO,,16.9049,0.0751,start,0,2000,CHARGE COMPL.,0.0,0.0,0.0,0.0,0.0,0.0,0,0,0.0,0.0,0.0,0.0,0.0,0.0,2.0,1.0,0.05,0.8,0.0,0.0,1
236,2026-04-22T08:29:03.325Z,S20260422_092846,SC01,AUTO,,16.9632,0.0583,start,0,2000,CHARGE COMPL.,0.0,0.0,0.0,0.0,0.0,0.0,0,0,0.0,0.0,0.0,0.0,0.0,0.0,2.0,1.0,0.05,0.8,0.0,0.0,1
237,2026-04-22T08:29:03.386Z,S20260422_092846,SC01,AUTO,,17.0244,0.0612,start,0,2000,CHARGE COMPL.,0.0,0.0,0.0,0.0,0.0,0.0,0,0,0.0,0.0,0.0,0.0,0.0,0.0,2.0,1.0,0.05,0.8,0.0,0.0,1
238,2026-04-22T08:29:03.446Z,S20260422_092846,SC01,AUTO,,17.0843,0.0599,start,0,2000,CHARGE COMPL.,0.0,0.0,0.0,0.0,0.0,0.0,0,0,0.0,0.0,0.0,0.0,0.0,0.0,2.0,1.0,0.05,0.8,0.0,0.0,1
239,2026-04-22T08:29:03.505Z,S20260422_092846,SC01,AUTO,,17.1435,0.0592,start,0,2000,CHARGE COMPL.,0.0,0.0,0.0,0.0,0.0,0.0,0,0,0.0,0.0,0.0,0.0,0.0,0.0,2.0,1.0,0.05,0.8,0.0,0.0,1
240,2026-04-22T08:29:03.579Z,S20260422_092846,SC01,AUTO,,17.2175,0.0739,start,0,2000,CHARGE COMPL.,0.0,0.0,0.0,0.0,0.0,0.0,0,0,0.0,0.0,0.0,0.0,0.0,0.0,2.0,1.0,0.05,0.8,0.0,0.0,1
241,2026-04-22T08:29:03.642Z,S20260422_092846,SC01,AUTO,,17.2803,0.0628,start,0,2000,CHARGE COMPL.,0.0,0.0,0.0,0.0,0.0,0.0,0,0,0.0,0.0,0.0,0.0,0.0,0.0,2.0,1.0,0.05,0.8,0.0,0.0,1
242,2026-04-22T08:29:03.704Z,S20260422_092846,SC01,AUTO,,17.3424,0.0621,start,0,2000,CHARGE COMPL.,0.0,0.0,0.0,0.0,0.0,0.0,0,0,0.0,0.0,0.0,0.0,0.0,0.0,2.0,1.0,0.05,0.8,0.0,0.0,1
243,2026-04-22T08:29:03.766Z,S20260422_092846,SC01,AUTO,,17.4042,0.0619,start,0,2000,CHARGE COMPL.,0.0,0.0,0.0,0.0,0.0,0.0,0,0,0.0,0.0,0.0,0.0,0.0,0.0,2.0,1.0,0.05,0.8,0.0,0.0,1
244,2026-04-22T08:29:03.826Z,S20260422_092846,SC01,AUTO,,17.4638,0.0596,start,0,2000,CHARGE COMPL.,0.0,0.0,0.0,0.0,0.0,0.0,0,0,0.0,0.0,0.0,0.0,0.0,0.0,2.0,1.0,0.05,0.8,0.0,0.0,1
245,2026-04-22T08:29:03.886Z,S20260422_092846,SC01,AUTO,,17.5243,0.0605,start,0,2000,CHARGE COMPL.,0.0,0.0,0.0,0.0,0.0,0.0,0,0,0.0,0.0,0.0,0.0,0.0,0.0,2.0,1.0,0.05,0.8,0.0,0.0,1
246,2026-04-22T08:29:03.946Z,S20260422_092846,SC01,AUTO,,17.5844,0.0602,start,0,2000,CHARGE COMPL.,0.0,0.0,0.0,0.0,0.0,0.0,0,0,0.0,0.0,0.0,0.0,0.0,0.0,2.0,1.0,0.05,0.8,0.0,0.0,1
247,2026-04-22T08:29:04.005Z,S20260422_092846,SC01,AUTO,,17.6435,0.0591,start,0,2000,CHARGE COMPL.,0.0,0.0,0.0,0.0,0.0,0.0,0,0,0.0,0.0,0.0,0.0,0.0,0.0,2.0,1.0,0.05,0.8,0.0,0.0,1
248,2026-04-22T08:29:04.080Z,S20260422_092846,SC01,AUTO,,17.7185,0.075,start,0,2000,CHARGE COMPL.,0.0,0.0,0.0,0.0,0.0,0.0,0,0,0.0,0.0,0.0,0.0,0.0,0.0,2.0,1.0,0.05,0.8,0.0,0.0,1
249,2026-04-22T08:29:04.142Z,S20260422_092846,SC01,AUTO,,17.7801,0.0616,start,0,2000,CHARGE COMPL.,0.0,0.0,0.0,0.0,0.0,0.0,0,0,0.0,0.0,0.0,0.0,0.0,0.0,2.0,1.0,0.05,0.8,0.0,0.0,1
250,2026-04-22T08:29:04.204Z,S20260422_092846,SC01,AUTO,,17.842,0.0619,start,0,2000,CHARGE COMPL.,0.0,0.0,0.0,0.0,0.0,0.0,0,0,0.0,0.0,0.0,0.0,0.0,0.0,2.0,1.0,0.05,0.8,0.0,0.0,1
251,2026-04-22T08:29:04.265Z,S20260422_092846,SC01,AUTO,,17.9034,0.0614,start,0,2000,CHARGE COMPL.,0.0,0.0,0.0,0.0,0.0,0.0,0,0,0.0,0.0,0.0,0.0,0.0,0.0,2.0,1.0,0.05,0.8,0.0,0.0,1
252,2026-04-22T08:29:04.325Z,S20260422_092846,SC01,AUTO,,17.9636,0.0602,start,0,2000,CHARGE COMPL.,0.0,0.0,0.0,0.0,0.0,0.0,0,0,0.0,0.0,0.0,0.0,0.0,0.0,2.0,1.0,0.05,0.8,0.0,0.0,1
253,2026-04-22T08:29:04.383Z,S20260422_092846,SC01,AUTO,,18.0215,0.0579,start,0,2000,CHARGE COMPL.,0.0,0.0,0.0,0.0,0.0,0.0,0,0,0.0,0.0,0.0,0.0,0.0,0.0,2.0,1.0,0.05,0.8,0.0,0.0,1
254,2026-04-22T08:29:04.445Z,S20260422_092846,SC01,AUTO,,18.0837,0.0622,start,0,2000,CHARGE COMPL.,0.0,0.0,0.0,0.0,0.0,0.0,0,0,0.0,0.0,0.0,0.0,0.0,0.0,2.0,1.0,0.05,0.8,0.0,0.0,1
255,2026-04-22T08:29:04.506Z,S20260422_092846,SC01,AUTO,,18.1442,0.0604,start,0,2000,CHARGE COMPL.,0.0,0.0,0.0,0.0,0.0,0.0,0,0,0.0,0.0,0.0,0.0,0.0,0.0,2.0,1.0,0.05,0.8,0.0,0.0,1
256,2026-04-22T08:29:04.569Z,S20260422_092846,SC01,AUTO,,18.2069,0.0628,start,0,2000,CHARGE COMPL.,0.0,0.0,0.0,0.0,0.0,0.0,0,0,0.0,0.0,0.0,0.0,0.0,0.0,2.0,1.0,0.05,0.8,0.0,0.0,1
257,2026-04-22T08:29:04.640Z,S20260422_092846,SC01,AUTO,,18.2787,0.0718,start,0,2000,CHARGE COMPL.,0.0,0.0,0.0,0.0,0.0,0.0,0,0,0.0,0.0,0.0,0.0,0.0,0.0,2.0,1.0,0.05,0.8,0.0,0.0,1
258,2026-04-22T08:29:04.701Z,S20260422_092846,SC01,AUTO,,18.3398,0.0611,start,0,2000,CHARGE COMPL.,0.0,0.0,0.0,0.0,0.0,0.0,0,0,0.0,0.0,0.0,0.0,0.0,0.0,2.0,1.0,0.05,0.8,0.0,0.0,1
259,2026-04-22T08:29:04.761Z,S20260422_092846,SC01,AUTO,,18.3997,0.0599,start,0,2000,CHARGE COMPL.,0.0,0.0,0.0,0.0,0.0,0.0,0,0,0.0,0.0,0.0,0.0,0.0,0.0,2.0,1.0,0.05,0.8,0.0,0.0,1
260,2026-04-22T08:29:04.825Z,S20260422_092846,SC01,AUTO,,18.463,0.0633,start,0,2000,CHARGE COMPL.,0.0,0.0,0.0,0.0,0.0,0.0,0,0,0.0,0.0,0.0,0.0,0.0,0.0,2.0,1.0,0.05,0.8,0.0,0.0,1
261,2026-04-22T08:29:04.879Z,S20260422_092846,SC01,AUTO,,18.5171,0.0542,start,0,2000,CHARGE COMPL.,0.0,0.0,0.0,0.0,0.0,0.0,0,0,0.0,0.0,0.0,0.0,0.0,0.0,2.0,1.0,0.05,0.8,0.0,0.0,1
262,2026-04-22T08:29:04.941Z,S20260422_092846,SC01,AUTO,,18.5793,0.0622,start,0,2000,CHARGE COMPL.,0.0,0.0,0.0,0.0,0.0,0.0,0,0,0.0,0.0,0.0,0.0,0.0,0.0,2.0,1.0,0.05,0.8,0.0,0.0,1
263,2026-04-22T08:29:05.006Z,S20260422_092846,SC01,AUTO,,18.6446,0.0653,start,0,2000,CHARGE COMPL.,0.0,0.0,0.0,0.0,0.0,0.0,0,0,0.0,0.0,0.0,0.0,0.0,0.0,2.0,1.0,0.05,0.8,0.0,0.0,1
264,2026-04-22T08:29:05.071Z,S20260422_092846,SC01,AUTO,,18.7091,0.0645,start,0,1500,VIDE,0.0,0.0,0.0,0.0,0.0,0.0,0,0,0.0,0.0,0.0,0.0,0.0,0.0,2.0,1.0,0.05,0.8,0.0,0.0,1
265,2026-04-22T08:29:05.131Z,S20260422_092846,SC01,AUTO,,18.7692,0.06,start,0,1500,VIDE,0.0,0.0,0.0,0.0,0.0,0.0,0,0,0.0,0.0,0.0,0.0,0.0,0.0,2.0,1.0,0.05,0.8,0.0,0.0,1
266,2026-04-22T08:29:05.192Z,S20260422_092846,SC01,AUTO,,18.8305,0.0614,start,0,1500,VIDE,0.0,0.0,0.0,0.0,0.0,0.0,0,0,0.0,0.0,0.0,0.0,0.0,0.0,2.0,1.0,0.05,0.8,0.0,0.0,1
267,2026-04-22T08:29:05.260Z,S20260422_092846,SC01,AUTO,,18.8987,0.0682,start,0,1500,VIDE,0.0,0.0,0.0,0.0,0.0,0.0,0,0,0.0,0.0,0.0,0.0,0.0,0.0,2.0,1.0,0.05,0.8,0.0,0.0,1
268,2026-04-22T08:29:05.322Z,S20260422_092846,SC01,AUTO,,18.9602,0.0615,start,0,1500,VIDE,0.0,0.0,0.0,0.0,0.0,0.0,0,0,0.0,0.0,0.0,0.0,0.0,0.0,2.0,1.0,0.05,0.8,0.0,0.0,1
269,2026-04-22T08:29:05.384Z,S20260422_092846,SC01,AUTO,,19.0221,0.0619,start,0,1500,VIDE,0.0,0.0,0.0,0.0,0.0,0.0,0,0,0.0,0.0,0.0,0.0,0.0,0.0,2.0,1.0,0.05,0.8,0.0,0.0,1
270,2026-04-22T08:29:05.447Z,S20260422_092846,SC01,AUTO,,19.0851,0.063,start,0,1500,VIDE,0.0,0.0,0.0,0.0,0.0,0.0,0,0,0.0,0.0,0.0,0.0,0.0,0.0,2.0,1.0,0.05,0.8,0.0,0.0,1
271,2026-04-22T08:29:05.505Z,S20260422_092846,SC01,AUTO,,19.1437,0.0586,start,0,1500,VIDE,0.0,0.0,0.0,0.0,0.0,0.0,0,0,0.0,0.0,0.0,0.0,0.0,0.0,2.0,1.0,0.05,0.8,0.0,0.0,1
272,2026-04-22T08:29:05.572Z,S20260422_092846,SC01,AUTO,,19.2107,0.0671,start,0,1500,VIDE,0.0,0.0,0.0,0.0,0.0,0.0,0,0,0.0,0.0,0.0,0.0,0.0,0.0,2.0,1.0,0.05,0.8,0.0,0.0,1
273,2026-04-22T08:29:05.635Z,S20260422_092846,SC01,AUTO,,19.2734,0.0627,start,0,1500,VIDE,0.0,0.0,0.0,0.0,0.0,0.0,0,0,0.0,0.0,0.0,0.0,0.0,0.0,2.0,1.0,0.05,0.8,0.0,0.0,1
274,2026-04-22T08:29:05.698Z,S20260422_092846,SC01,AUTO,,19.3367,0.0633,start,0,1500,VIDE,0.0,0.0,0.0,0.0,0.0,0.0,0,0,0.0,0.0,0.0,0.0,0.0,0.0,2.0,1.0,0.05,0.8,0.0,0.0,1
275,2026-04-22T08:29:05.759Z,S20260422_092846,SC01,AUTO,,19.3977,0.0611,start,0,1500,VIDE,0.0,0.0,0.0,0.0,0.0,0.0,0,0,0.0,0.0,0.0,0.0,0.0,0.0,2.0,1.0,0.05,0.8,0.0,0.0,1
276,2026-04-22T08:29:05.818Z,S20260422_092846,SC01,AUTO,,19.4562,0.0584,start,0,1500,VIDE,0.0,0.0,0.0,0.0,0.0,0.0,0,0,0.0,0.0,0.0,0.0,0.0,0.0,2.0,1.0,0.05,0.8,0.0,0.0,1
277,2026-04-22T08:29:05.881Z,S20260422_092846,SC01,AUTO,,19.5195,0.0633,start,0,1500,VIDE,0.0,0.0,0.0,0.0,0.0,0.0,0,0,0.0,0.0,0.0,0.0,0.0,0.0,2.0,1.0,0.05,0.8,0.0,0.0,1
278,2026-04-22T08:29:05.945Z,S20260422_092846,SC01,AUTO,,19.5836,0.0641,start,0,1500,VIDE,0.0,0.0,0.0,0.0,0.0,0.0,0,0,0.0,0.0,0.0,0.0,0.0,0.0,2.0,1.0,0.05,0.8,0.0,0.0,1
279,2026-04-22T08:29:06.005Z,S20260422_092846,SC01,AUTO,,19.6435,0.0599,start,0,1500,VIDE,0.0,0.0,0.0,0.0,0.0,0.0,0,0,0.0,0.0,0.0,0.0,0.0,0.0,2.0,1.0,0.05,0.8,0.0,0.0,1
280,2026-04-22T08:29:06.067Z,S20260422_092846,SC01,AUTO,,19.7051,0.0616,start,0,1500,VIDE,0.0,0.0,0.0,0.0,0.0,0.0,0,0,0.0,0.0,0.0,0.0,0.0,0.0,2.0,1.0,0.05,0.8,0.0,0.0,1
281,2026-04-22T08:29:06.129Z,S20260422_092846,SC01,AUTO,,19.7672,0.0622,start,0,1500,VIDE,0.0,0.0,0.0,0.0,0.0,0.0,0,0,0.0,0.0,0.0,0.0,0.0,0.0,2.0,1.0,0.05,0.8,0.0,0.0,1
282,2026-04-22T08:29:06.196Z,S20260422_092846,SC01,AUTO,,19.8345,0.0672,start,0,1500,VIDE,0.0,0.0,0.0,0.0,0.0,0.0,0,0,0.0,0.0,0.0,0.0,0.0,0.0,2.0,1.0,0.05,0.8,0.0,0.0,1
283,2026-04-22T08:29:06.258Z,S20260422_092846,SC01,AUTO,,19.8959,0.0614,start,0,1500,VIDE,0.0,0.0,0.0,0.0,0.0,0.0,0,0,0.0,0.0,0.0,0.0,0.0,0.0,2.0,1.0,0.05,0.8,0.0,0.0,1
284,2026-04-22T08:29:06.321Z,S20260422_092846,SC01,AUTO,,19.9592,0.0633,start,0,1500,VIDE,0.0,0.0,0.0,0.0,0.0,0.0,0,0,0.0,0.0,0.0,0.0,0.0,0.0,2.0,1.0,0.05,0.8,0.0,0.0,1
285,2026-04-22T08:29:06.383Z,S20260422_092846,SC01,AUTO,,20.0214,0.0623,start,0,1500,VIDE,0.0,0.0,0.0,0.0,0.0,0.0,0,0,0.0,0.0,0.0,0.0,0.0,0.0,2.0,1.0,0.05,0.8,0.0,0.0,1
286,2026-04-22T08:29:06.441Z,S20260422_092846,SC01,AUTO,,20.0795,0.0581,start,0,1500,VIDE,0.0,0.0,0.0,0.0,0.0,0.0,0,0,0.0,0.0,0.0,0.0,0.0,0.0,2.0,1.0,0.05,0.8,0.0,0.0,1
287,2026-04-22T08:29:06.505Z,S20260422_092846,SC01,AUTO,,20.1436,0.064,start,0,1500,VIDE,0.0,0.0,0.0,0.0,0.0,0.0,0,0,0.0,0.0,0.0,0.0,0.0,0.0,2.0,1.0,0.05,0.8,0.0,0.0,1
288,2026-04-22T08:29:06.569Z,S20260422_092846,SC01,AUTO,,20.2075,0.0639,start,0,1500,VIDE,0.0,0.0,0.0,0.0,0.0,0.0,0,0,0.0,0.0,0.0,0.0,0.0,0.0,2.0,1.0,0.05,0.8,0.0,0.0,1
289,2026-04-22T08:29:06.631Z,S20260422_092846,SC01,AUTO,,20.2693,0.0618,start,0,1500,VIDE,0.0,0.0,0.0,0.0,0.0,0.0,0,0,0.0,0.0,0.0,0.0,0.0,0.0,2.0,1.0,0.05,0.8,0.0,0.0,1
290,2026-04-22T08:29:06.697Z,S20260422_092846,SC01,AUTO,,20.3357,0.0664,start,0,1500,VIDE,0.0,0.0,0.0,0.0,0.0,0.0,0,0,0.0,0.0,0.0,0.0,0.0,0.0,2.0,1.0,0.05,0.8,0.0,0.0,1
291,2026-04-22T08:29:06.755Z,S20260422_092846,SC01,AUTO,,20.3935,0.0579,start,0,1500,VIDE,0.0,0.0,0.0,0.0,0.0,0.0,0,0,0.0,0.0,0.0,0.0,0.0,0.0,2.0,1.0,0.05,0.8,0.0,0.0,1
292,2026-04-22T08:29:06.817Z,S20260422_092846,SC01,AUTO,,20.4558,0.0622,start,0,1500,VIDE,0.0,0.0,0.0,0.0,0.0,0.0,0,0,0.0,0.0,0.0,0.0,0.0,0.0,2.0,1.0,0.05,0.8,0.0,0.0,1
293,2026-04-22T08:29:06.879Z,S20260422_092846,SC01,AUTO,,20.5173,0.0615,start,0,1500,VIDE,0.0,0.0,0.0,0.0,0.0,0.0,0,0,0.0,0.0,0.0,0.0,0.0,0.0,2.0,1.0,0.05,0.8,0.0,0.0,1
294,2026-04-22T08:29:06.942Z,S20260422_092846,SC01,AUTO,,20.5806,0.0633,start,0,1500,VIDE,0.0,0.0,0.0,0.0,0.0,0.0,0,0,0.0,0.0,0.0,0.0,0.0,0.0,2.0,1.0,0.05,0.8,0.0,0.0,1
295,2026-04-22T08:29:07.004Z,S20260422_092846,SC01,AUTO,,20.6419,0.0613,start,0,1500,VIDE,0.0,0.0,0.0,0.0,0.0,0.0,0,0,0.0,0.0,0.0,0.0,0.0,0.0,2.0,1.0,0.05,0.8,0.0,0.0,1
296,2026-04-22T08:29:07.080Z,S20260422_092846,SC01,AUTO,,20.7184,0.0765,start,0,1500,VIDE,0.0,0.0,0.0,0.0,0.0,0.0,0,0,0.0,0.0,0.0,0.0,0.0,0.0,2.0,1.0,0.05,0.8,0.0,0.0,1
297,2026-04-22T08:29:07.130Z,S20260422_092846,SC01,AUTO,,20.7678,0.0494,start,0,1500,VIDE,0.0,0.0,0.0,0.0,0.0,0.0,0,0,0.0,0.0,0.0,0.0,0.0,0.0,2.0,1.0,0.05,0.8,0.0,0.0,1
298,2026-04-22T08:29:07.192Z,S20260422_092846,SC01,AUTO,,20.8304,0.0626,start,0,1500,VIDE,0.0,0.0,0.0,0.0,0.0,0.0,0,0,0.0,0.0,0.0,0.0,0.0,0.0,2.0,1.0,0.05,0.8,0.0,0.0,1
299,2026-04-22T08:29:07.254Z,S20260422_092846,SC01,AUTO,,20.8928,0.0623,start,0,1500,VIDE,0.0,0.0,0.0,0.0,0.0,0.0,0,0,0.0,0.0,0.0,0.0,0.0,0.0,2.0,1.0,0.05,0.8,0.0,0.0,1
300,2026-04-22T08:29:07.317Z,S20260422_092846,SC01,AUTO,,20.9555,0.0628,start,0,1500,VIDE,0.0,0.0,0.0,0.0,0.0,0.0,0,0,0.0,0.0,0.0,0.0,0.0,0.0,2.0,1.0,0.05,0.8,0.0,0.0,1
301,2026-04-22T08:29:07.379Z,S20260422_092846,SC01,AUTO,,21.0174,0.0618,start,0,1500,VIDE,0.0,0.0,0.0,0.0,0.0,0.0,0,0,0.0,0.0,0.0,0.0,0.0,0.0,2.0,1.0,0.05,0.8,0.0,0.0,1
302,2026-04-22T08:29:07.441Z,S20260422_092846,SC01,AUTO,,21.0795,0.0621,start,0,1500,VIDE,0.0,0.0,0.0,0.0,0.0,0.0,0,0,0.0,0.0,0.0,0.0,0.0,0.0,2.0,1.0,0.05,0.8,0.0,0.0,1
303,2026-04-22T08:29:07.505Z,S20260422_092846,SC01,AUTO,,21.1436,0.0641,start,0,1500,VIDE,0.0,0.0,0.0,0.0,0.0,0.0,0,0,0.0,0.0,0.0,0.0,0.0,0.0,2.0,1.0,0.05,0.8,0.0,0.0,1
304,2026-04-22T08:29:07.569Z,S20260422_092846,SC01,AUTO,,21.2077,0.0641,start,0,1500,VIDE,0.0,0.0,0.0,0.0,0.0,0.0,0,0,0.0,0.0,0.0,0.0,0.0,0.0,2.0,1.0,0.05,0.8,0.0,0.0,1
305,2026-04-22T08:29:07.633Z,S20260422_092846,SC01,AUTO,,21.2715,0.0638,start,0,1500,VIDE,0.0,0.0,0.0,0.0,0.0,0.0,0,0,0.0,0.0,0.0,0.0,0.0,0.0,2.0,1.0,0.05,0.8,0.0,0.0,1
306,2026-04-22T08:29:07.698Z,S20260422_092846,SC01,AUTO,,21.336,0.0645,start,0,1500,VIDE,0.0,0.0,0.0,0.0,0.0,0.0,0,0,0.0,0.0,0.0,0.0,0.0,0.0,2.0,1.0,0.05,0.8,0.0,0.0,1
307,2026-04-22T08:29:07.765Z,S20260422_092846,SC01,AUTO,,21.4036,0.0676,start,0,1500,VIDE,0.0,0.0,0.0,0.0,0.0,0.0,0,0,0.0,0.0,0.0,0.0,0.0,0.0,2.0,1.0,0.05,0.8,0.0,0.0,1
308,2026-04-22T08:29:07.816Z,S20260422_092846,SC01,AUTO,,21.4547,0.051,start,0,1500,VIDE,0.0,0.0,0.0,0.0,0.0,0.0,0,0,0.0,0.0,0.0,0.0,0.0,0.0,2.0,1.0,0.05,0.8,0.0,0.0,1
309,2026-04-22T08:29:07.886Z,S20260422_092846,SC01,AUTO,,21.5248,0.0701,start,0,1500,VIDE,0.0,0.0,0.0,0.0,0.0,0.0,0,0,0.0,0.0,0.0,0.0,0.0,0.0,2.0,1.0,0.05,0.8,0.0,0.0,1
310,2026-04-22T08:29:07.941Z,S20260422_092846,SC01,AUTO,,21.5797,0.055,start,0,1500,VIDE,0.0,0.0,0.0,0.0,0.0,0.0,0,0,0.0,0.0,0.0,0.0,0.0,0.0,2.0,1.0,0.05,0.8,0.0,0.0,1
311,2026-04-22T08:29:08.006Z,S20260422_092846,SC01,AUTO,,21.6445,0.0648,start,0,1500,VIDE,0.0,0.0,0.0,0.0,0.0,0.0,0,0,0.0,0.0,0.0,0.0,0.0,0.0,2.0,1.0,0.05,0.8,0.0,0.0,1
312,2026-04-22T08:29:08.066Z,S20260422_092846,SC01,AUTO,,21.7044,0.0598,start,0,1500,VIDE,0.0,0.0,0.0,0.0,0.0,0.0,0,0,0.0,0.0,0.0,0.0,0.0,0.0,2.0,1.0,0.05,0.8,0.0,0.0,1
313,2026-04-22T08:29:08.142Z,S20260422_092846,SC01,AUTO,,21.7807,0.0763,start,0,1500,VIDE,0.0,0.0,0.0,0.0,0.0,0.0,0,0,0.0,0.0,0.0,0.0,0.0,0.0,2.0,1.0,0.05,0.8,0.0,0.0,1
314,2026-04-22T08:29:08.201Z,S20260422_092846,SC01,AUTO,,21.8395,0.0589,start,0,1500,VIDE,0.0,0.0,0.0,0.0,0.0,0.0,0,0,0.0,0.0,0.0,0.0,0.0,0.0,2.0,1.0,0.05,0.8,0.0,0.0,1
315,2026-04-22T08:29:08.265Z,S20260422_092846,SC01,AUTO,,21.9036,0.064,start,0,1500,VIDE,0.0,0.0,0.0,0.0,0.0,0.0,0,0,0.0,0.0,0.0,0.0,0.0,0.0,2.0,1.0,0.05,0.8,0.0,0.0,1
316,2026-04-22T08:29:08.325Z,S20260422_092846,SC01,AUTO,,21.9636,0.0601,start,0,1500,VIDE,0.0,0.0,0.0,0.0,0.0,0.0,0,0,0.0,0.0,0.0,0.0,0.0,0.0,2.0,1.0,0.05,0.8,0.0,0.0,1
317,2026-04-22T08:29:08.380Z,S20260422_092846,SC01,AUTO,,22.018,0.0544,start,0,1500,VIDE,0.0,0.0,0.0,0.0,0.0,0.0,0,0,0.0,0.0,0.0,0.0,0.0,0.0,2.0,1.0,0.05,0.8,0.0,0.0,1
318,2026-04-22T08:29:08.442Z,S20260422_092846,SC01,AUTO,,22.0798,0.0618,start,0,1500,VIDE,0.0,0.0,0.0,0.0,0.0,0.0,0,0,0.0,0.0,0.0,0.0,0.0,0.0,2.0,1.0,0.05,0.8,0.0,0.0,1
319,2026-04-22T08:29:08.506Z,S20260422_092846,SC01,AUTO,,22.1441,0.0643,start,0,1500,VIDE,0.0,0.0,0.0,0.0,0.0,0.0,0,0,0.0,0.0,0.0,0.0,0.0,0.0,2.0,1.0,0.05,0.8,0.0,0.0,1
320,2026-04-22T08:29:08.566Z,S20260422_092846,SC01,AUTO,,22.2045,0.0604,start,0,1500,VIDE,0.0,0.0,0.0,0.0,0.0,0.0,0,0,0.0,0.0,0.0,0.0,0.0,0.0,2.0,1.0,0.05,0.8,0.0,0.0,1
321,2026-04-22T08:29:08.633Z,S20260422_092846,SC01,AUTO,,22.2715,0.067,start,0,1500,VIDE,0.0,0.0,0.0,0.0,0.0,0.0,0,0,0.0,0.0,0.0,0.0,0.0,0.0,2.0,1.0,0.05,0.8,0.0,0.0,1
322,2026-04-22T08:29:08.697Z,S20260422_092846,SC01,AUTO,,22.3355,0.064,start,0,1500,VIDE,0.0,0.0,0.0,0.0,0.0,0.0,0,0,0.0,0.0,0.0,0.0,0.0,0.0,2.0,1.0,0.05,0.8,0.0,0.0,1
323,2026-04-22T08:29:08.762Z,S20260422_092846,SC01,AUTO,,22.3999,0.0644,start,0,1500,VIDE,0.0,0.0,0.0,0.0,0.0,0.0,0,0,0.0,0.0,0.0,0.0,0.0,0.0,2.0,1.0,0.05,0.8,0.0,0.0,1
324,2026-04-22T08:29:08.817Z,S20260422_092846,SC01,AUTO,,22.4557,0.0559,start,0,1500,VIDE,0.0,0.0,0.0,0.0,0.0,0.0,0,0,0.0,0.0,0.0,0.0,0.0,0.0,2.0,1.0,0.05,0.8,0.0,0.0,1
325,2026-04-22T08:29:08.881Z,S20260422_092846,SC01,AUTO,,22.5196,0.0639,start,0,1500,VIDE,0.0,0.0,0.0,0.0,0.0,0.0,0,0,0.0,0.0,0.0,0.0,0.0,0.0,2.0,1.0,0.05,0.8,0.0,0.0,1
326,2026-04-22T08:29:08.946Z,S20260422_092846,SC01,AUTO,,22.5845,0.065,start,0,1500,VIDE,0.0,0.0,0.0,0.0,0.0,0.0,0,0,0.0,0.0,0.0,0.0,0.0,0.0,2.0,1.0,0.05,0.8,0.0,0.0,1
327,2026-04-22T08:29:09.006Z,S20260422_092846,SC01,AUTO,,22.6444,0.0598,start,0,1500,VIDE,0.0,0.0,0.0,0.0,0.0,0.0,0,0,0.0,0.0,0.0,0.0,0.0,0.0,2.0,1.0,0.05,0.8,0.0,0.0,1
328,2026-04-22T08:29:09.066Z,S20260422_092846,SC01,AUTO,,22.7044,0.06,start,0,1500,VIDE,0.0,0.0,0.0,0.0,0.0,0.0,0,0,0.0,0.0,0.0,0.0,0.0,0.0,2.0,1.0,0.05,0.8,0.0,0.0,1
329,2026-04-22T08:29:09.129Z,S20260422_092846,SC01,AUTO,,22.7675,0.0631,start,0,1500,VIDE,0.0,0.0,0.0,0.0,0.0,0.0,0,0,0.0,0.0,0.0,0.0,0.0,0.0,2.0,1.0,0.05,0.8,0.0,0.0,1
330,2026-04-22T08:29:09.193Z,S20260422_092846,SC01,AUTO,,22.8317,0.0642,start,0,1500,VIDE,0.0,0.0,0.0,0.0,0.0,0.0,0,0,0.0,0.0,0.0,0.0,0.0,0.0,2.0,1.0,0.05,0.8,0.0,0.0,1
331,2026-04-22T08:29:09.258Z,S20260422_092846,SC01,AUTO,,22.8958,0.0641,start,0,1500,VIDE,0.0,0.0,0.0,0.0,0.0,0.0,0,0,0.0,0.0,0.0,0.0,0.0,0.0,2.0,1.0,0.05,0.8,0.0,0.0,1
332,2026-04-22T08:29:09.322Z,S20260422_092846,SC01,AUTO,,22.9598,0.064,start,0,1500,VIDE,0.0,0.0,0.0,0.0,0.0,0.0,0,0,0.0,0.0,0.0,0.0,0.0,0.0,2.0,1.0,0.05,0.8,0.0,0.0,1
333,2026-04-22T08:29:09.386Z,S20260422_092846,SC01,AUTO,,23.0247,0.0649,start,0,1500,VIDE,0.0,0.0,0.0,0.0,0.0,0.0,0,0,0.0,0.0,0.0,0.0,0.0,0.0,2.0,1.0,0.05,0.8,0.0,0.0,1
334,2026-04-22T08:29:09.441Z,S20260422_092846,SC01,AUTO,,23.0796,0.0549,start,0,1500,VIDE,0.0,0.0,0.0,0.0,0.0,0.0,0,0,0.0,0.0,0.0,0.0,0.0,0.0,2.0,1.0,0.05,0.8,0.0,0.0,1
335,2026-04-22T08:29:09.505Z,S20260422_092846,SC01,AUTO,,23.1437,0.0641,start,0,1500,VIDE,0.0,0.0,0.0,0.0,0.0,0.0,0,0,0.0,0.0,0.0,0.0,0.0,0.0,2.0,1.0,0.05,0.8,0.0,0.0,1
336,2026-04-22T08:29:09.569Z,S20260422_092846,SC01,AUTO,,23.2076,0.0639,start,0,1500,VIDE,0.0,0.0,0.0,0.0,0.0,0.0,0,0,0.0,0.0,0.0,0.0,0.0,0.0,2.0,1.0,0.05,0.8,0.0,0.0,1
337,2026-04-22T08:29:09.630Z,S20260422_092846,SC01,AUTO,,23.2682,0.0605,start,0,1500,VIDE,0.0,0.0,0.0,0.0,0.0,0.0,0,0,0.0,0.0,0.0,0.0,0.0,0.0,2.0,1.0,0.05,0.8,0.0,0.0,1
338,2026-04-22T08:29:09.701Z,S20260422_092846,SC01,AUTO,,23.3391,0.0709,start,0,1500,VIDE,0.0,0.0,0.0,0.0,0.0,0.0,0,0,0.0,0.0,0.0,0.0,0.0,0.0,2.0,1.0,0.05,0.8,0.0,0.0,1
339,2026-04-22T08:29:09.754Z,S20260422_092846,SC01,AUTO,,23.3919,0.0529,start,0,1500,VIDE,0.0,0.0,0.0,0.0,0.0,0.0,0,0,0.0,0.0,0.0,0.0,0.0,0.0,2.0,1.0,0.05,0.8,0.0,0.0,1
340,2026-04-22T08:29:09.817Z,S20260422_092846,SC01,AUTO,,23.4557,0.0637,start,0,1500,VIDE,0.0,0.0,0.0,0.0,0.0,0.0,0,0,0.0,0.0,0.0,0.0,0.0,0.0,2.0,1.0,0.05,0.8,0.0,0.0,1
341,2026-04-22T08:29:09.881Z,S20260422_092846,SC01,AUTO,,23.5197,0.064,start,0,1500,VIDE,0.0,0.0,0.0,0.0,0.0,0.0,0,0,0.0,0.0,0.0,0.0,0.0,0.0,2.0,1.0,0.05,0.8,0.0,0.0,1
342,2026-04-22T08:29:09.946Z,S20260422_092846,SC01,AUTO,,23.5845,0.0648,start,0,1500,VIDE,0.0,0.0,0.0,0.0,0.0,0.0,0,0,0.0,0.0,0.0,0.0,0.0,0.0,2.0,1.0,0.05,0.8,0.0,0.0,1
343,2026-04-22T08:29:10.005Z,S20260422_092846,SC01,AUTO,,23.6432,0.0587,start,0,1500,VIDE,0.0,0.0,0.0,0.0,0.0,0.0,0,0,0.0,0.0,0.0,0.0,0.0,0.0,2.0,1.0,0.05,0.8,0.0,0.0,1
344,2026-04-22T08:29:10.066Z,S20260422_092846,SC01,AUTO,,23.7044,0.0612,start,0,1500,VIDE,0.0,0.0,0.0,0.0,0.0,0.0,0,0,0.0,0.0,0.0,0.0,0.0,0.0,2.0,1.0,0.05,0.8,0.0,0.0,1
345,2026-04-22T08:29:10.129Z,S20260422_092846,SC01,AUTO,,23.7677,0.0634,start,0,1500,VIDE,0.0,0.0,0.0,0.0,0.0,0.0,0,0,0.0,0.0,0.0,0.0,0.0,0.0,2.0,1.0,0.05,0.8,0.0,0.0,1
346,2026-04-22T08:29:10.200Z,S20260422_092846,SC01,AUTO,,23.8378,0.0701,start,0,1500,VIDE,0.0,0.0,0.0,0.0,0.0,0.0,0,0,0.0,0.0,0.0,0.0,0.0,0.0,2.0,1.0,0.05,0.8,0.0,0.0,1
347,2026-04-22T08:29:10.261Z,S20260422_092846,SC01,AUTO,,23.8989,0.0611,start,0,1500,VIDE,0.0,0.0,0.0,0.0,0.0,0.0,0,0,0.0,0.0,0.0,0.0,0.0,0.0,2.0,1.0,0.05,0.8,0.0,0.0,1
348,2026-04-22T08:29:10.323Z,S20260422_092846,SC01,AUTO,,23.9617,0.0627,start,0,1500,VIDE,0.0,0.0,0.0,0.0,0.0,0.0,0,0,0.0,0.0,0.0,0.0,0.0,0.0,2.0,1.0,0.05,0.8,0.0,0.0,1
349,2026-04-22T08:29:10.388Z,S20260422_092846,SC01,AUTO,,24.0261,0.0644,start,0,1500,VIDE,0.0,0.0,0.0,0.0,0.0,0.0,0,0,0.0,0.0,0.0,0.0,0.0,0.0,2.0,1.0,0.05,0.8,0.0,0.0,1
350,2026-04-22T08:29:10.443Z,S20260422_092846,SC01,AUTO,,24.0813,0.0553,start,0,1500,VIDE,0.0,0.0,0.0,0.0,0.0,0.0,0,0,0.0,0.0,0.0,0.0,0.0,0.0,2.0,1.0,0.05,0.8,0.0,0.0,1
351,2026-04-22T08:29:10.506Z,S20260422_092846,SC01,AUTO,,24.1445,0.0632,start,0,1500,VIDE,0.0,0.0,0.0,0.0,0.0,0.0,0,0,0.0,0.0,0.0,0.0,0.0,0.0,2.0,1.0,0.05,0.8,0.0,0.0,1
352,2026-04-22T08:29:10.569Z,S20260422_092846,SC01,AUTO,,24.2071,0.0626,start,0,1500,VIDE,0.0,0.0,0.0,0.0,0.0,0.0,0,0,0.0,0.0,0.0,0.0,0.0,0.0,2.0,1.0,0.05,0.8,0.0,0.0,1
353,2026-04-22T08:29:10.636Z,S20260422_092846,SC01,AUTO,,24.2743,0.0671,start,0,1500,VIDE,0.0,0.0,0.0,0.0,0.0,0.0,0,0,0.0,0.0,0.0,0.0,0.0,0.0,2.0,1.0,0.05,0.8,0.0,0.0,1
354,2026-04-22T08:29:10.697Z,S20260422_092846,SC01,AUTO,,24.3355,0.0612,start,0,1500,VIDE,0.0,0.0,0.0,0.0,0.0,0.0,0,0,0.0,0.0,0.0,0.0,0.0,0.0,2.0,1.0,0.05,0.8,0.0,0.0,1
355,2026-04-22T08:29:10.756Z,S20260422_092846,SC01,AUTO,,24.3938,0.0584,start,0,1500,VIDE,0.0,0.0,0.0,0.0,0.0,0.0,0,0,0.0,0.0,0.0,0.0,0.0,0.0,2.0,1.0,0.05,0.8,0.0,0.0,1
356,2026-04-22T08:29:10.818Z,S20260422_092846,SC01,AUTO,,24.4562,0.0624,start,0,1500,VIDE,0.0,0.0,0.0,0.0,0.0,0.0,0,0,0.0,0.0,0.0,0.0,0.0,0.0,2.0,1.0,0.05,0.8,0.0,0.0,1
357,2026-04-22T08:29:10.882Z,S20260422_092846,SC01,AUTO,,24.5202,0.064,start,0,1500,VIDE,0.0,0.0,0.0,0.0,0.0,0.0,0,0,0.0,0.0,0.0,0.0,0.0,0.0,2.0,1.0,0.05,0.8,0.0,0.0,1
358,2026-04-22T08:29:10.945Z,S20260422_092846,SC01,AUTO,,24.5832,0.0631,start,0,1500,VIDE,0.0,0.0,0.0,0.0,0.0,0.0,0,0,0.0,0.0,0.0,0.0,0.0,0.0,2.0,1.0,0.05,0.8,0.0,0.0,1
359,2026-04-22T08:29:11.005Z,S20260422_092846,SC01,AUTO,,24.6437,0.0605,start,0,1500,VIDE,0.0,0.0,0.0,0.0,0.0,0.0,0,0,0.0,0.0,0.0,0.0,0.0,0.0,2.0,1.0,0.05,0.8,0.0,0.0,1
360,2026-04-22T08:29:11.068Z,S20260422_092846,SC01,AUTO,,24.7064,0.0627,start,0,1500,VIDE,0.0,0.0,0.0,0.0,0.0,0.0,0,0,0.0,0.0,0.0,0.0,0.0,0.0,2.0,1.0,0.05,0.8,0.0,0.0,1
361,2026-04-22T08:29:11.135Z,S20260422_092846,SC01,AUTO,,24.7734,0.067,start,0,1500,VIDE,0.0,0.0,0.0,0.0,0.0,0.0,0,0,0.0,0.0,0.0,0.0,0.0,0.0,2.0,1.0,0.05,0.8,0.0,0.0,1
362,2026-04-22T08:29:11.198Z,S20260422_092846,SC01,AUTO,,24.8367,0.0634,start,0,1500,VIDE,0.0,0.0,0.0,0.0,0.0,0.0,0,0,0.0,0.0,0.0,0.0,0.0,0.0,2.0,1.0,0.05,0.8,0.0,0.0,1
363,2026-04-22T08:29:11.261Z,S20260422_092846,SC01,AUTO,,24.8989,0.0622,start,0,1500,VIDE,0.0,0.0,0.0,0.0,0.0,0.0,0,0,0.0,0.0,0.0,0.0,0.0,0.0,2.0,1.0,0.05,0.8,0.0,0.0,1
364,2026-04-22T08:29:11.316Z,S20260422_092846,SC01,AUTO,,24.9546,0.0557,start,0,1500,VIDE,0.0,0.0,0.0,0.0,0.0,0.0,0,0,0.0,0.0,0.0,0.0,0.0,0.0,2.0,1.0,0.05,0.8,0.0,0.0,1
365,2026-04-22T08:29:11.382Z,S20260422_092846,SC01,AUTO,,25.0199,0.0653,start,0,1500,VIDE,0.0,0.0,0.0,0.0,0.0,0.0,0,0,0.0,0.0,0.0,0.0,0.0,0.0,2.0,1.0,0.05,0.8,0.0,0.0,1
366,2026-04-22T08:29:11.444Z,S20260422_092846,SC01,AUTO,,25.0827,0.0628,start,0,1500,VIDE,0.0,0.0,0.0,0.0,0.0,0.0,0,0,0.0,0.0,0.0,0.0,0.0,0.0,2.0,1.0,0.05,0.8,0.0,0.0,1
367,2026-04-22T08:29:11.505Z,S20260422_092846,SC01,AUTO,,25.1437,0.0609,start,0,1500,VIDE,0.0,0.0,0.0,0.0,0.0,0.0,0,0,0.0,0.0,0.0,0.0,0.0,0.0,2.0,1.0,0.05,0.8,0.0,0.0,1
368,2026-04-22T08:29:11.566Z,S20260422_092846,SC01,AUTO,,25.2044,0.0608,start,0,1500,VIDE,0.0,0.0,0.0,0.0,0.0,0.0,0,0,0.0,0.0,0.0,0.0,0.0,0.0,2.0,1.0,0.05,0.8,0.0,0.0,1
369,2026-04-22T08:29:11.634Z,S20260422_092846,SC01,AUTO,,25.2722,0.0678,start,0,1500,VIDE,0.0,0.0,0.0,0.0,0.0,0.0,0,0,0.0,0.0,0.0,0.0,0.0,0.0,2.0,1.0,0.05,0.8,0.0,0.0,1
370,2026-04-22T08:29:11.697Z,S20260422_092846,SC01,AUTO,,25.3352,0.0628,start,0,1500,VIDE,0.0,0.0,0.0,0.0,0.0,0.0,0,0,0.0,0.0,0.0,0.0,0.0,0.0,2.0,1.0,0.05,0.8,0.0,0.0,1
371,2026-04-22T08:29:11.760Z,S20260422_092846,SC01,AUTO,,25.3981,0.063,start,0,1500,VIDE,0.0,0.0,0.0,0.0,0.0,0.0,0,0,0.0,0.0,0.0,0.0,0.0,0.0,2.0,1.0,0.05,0.8,0.0,0.0,1
372,2026-04-22T08:29:11.818Z,S20260422_092846,SC01,AUTO,,25.4562,0.0582,start,0,1500,VIDE,0.0,0.0,0.0,0.0,0.0,0.0,0,0,0.0,0.0,0.0,0.0,0.0,0.0,2.0,1.0,0.05,0.8,0.0,0.0,1
373,2026-04-22T08:29:11.885Z,S20260422_092846,SC01,AUTO,,25.5229,0.0667,start,0,1500,VIDE,0.0,0.0,0.0,0.0,0.0,0.0,0,0,0.0,0.0,0.0,0.0,0.0,0.0,2.0,1.0,0.05,0.8,0.0,0.0,1
374,2026-04-22T08:29:11.945Z,S20260422_092846,SC01,AUTO,,25.5834,0.0605,start,0,1500,VIDE,0.0,0.0,0.0,0.0,0.0,0.0,0,0,0.0,0.0,0.0,0.0,0.0,0.0,2.0,1.0,0.05,0.8,0.0,0.0,1
375,2026-04-22T08:29:12.005Z,S20260422_092846,SC01,AUTO,,25.643,0.0596,start,0,1500,VIDE,0.0,0.0,0.0,0.0,0.0,0.0,0,0,0.0,0.0,0.0,0.0,0.0,0.0,2.0,1.0,0.05,0.8,0.0,0.0,1
376,2026-04-22T08:29:12.066Z,S20260422_092846,SC01,AUTO,,25.7047,0.0617,start,0,1500,VIDE,0.0,0.0,0.0,0.0,0.0,0.0,0,0,0.0,0.0,0.0,0.0,0.0,0.0,2.0,1.0,0.05,0.8,0.0,0.0,1
377,2026-04-22T08:29:12.132Z,S20260422_092846,SC01,AUTO,,25.7706,0.0658,start,0,1500,VIDE,0.0,0.0,0.0,0.0,0.0,0.0,0,0,0.0,0.0,0.0,0.0,0.0,0.0,2.0,1.0,0.05,0.8,0.0,0.0,1
378,2026-04-22T08:29:12.195Z,S20260422_092846,SC01,AUTO,,25.8332,0.0627,start,0,1500,VIDE,0.0,0.0,0.0,0.0,0.0,0.0,0,0,0.0,0.0,0.0,0.0,0.0,0.0,2.0,1.0,0.05,0.8,0.0,0.0,1
379,2026-04-22T08:29:12.257Z,S20260422_092846,SC01,AUTO,,25.8957,0.0625,start,0,1500,VIDE,0.0,0.0,0.0,0.0,0.0,0.0,0,0,0.0,0.0,0.0,0.0,0.0,0.0,2.0,1.0,0.05,0.8,0.0,0.0,1
380,2026-04-22T08:29:12.319Z,S20260422_092846,SC01,AUTO,,25.9574,0.0616,start,0,1500,VIDE,0.0,0.0,0.0,0.0,0.0,0.0,0,0,0.0,0.0,0.0,0.0,0.0,0.0,2.0,1.0,0.05,0.8,0.0,0.0,1
381,2026-04-22T08:29:12.383Z,S20260422_092846,SC01,AUTO,,26.0217,0.0644,start,0,1500,VIDE,0.0,0.0,0.0,0.0,0.0,0.0,0,0,0.0,0.0,0.0,0.0,0.0,0.0,2.0,1.0,0.05,0.8,0.0,0.0,1
382,2026-04-22T08:29:12.446Z,S20260422_092846,SC01,AUTO,,26.0839,0.0621,start,0,1500,VIDE,0.0,0.0,0.0,0.0,0.0,0.0,0,0,0.0,0.0,0.0,0.0,0.0,0.0,2.0,1.0,0.05,0.8,0.0,0.0,1
383,2026-04-22T08:29:12.507Z,S20260422_092846,SC01,AUTO,,26.1449,0.061,start,0,1500,VIDE,0.0,0.0,0.0,0.0,0.0,0.0,0,0,0.0,0.0,0.0,0.0,0.0,0.0,2.0,1.0,0.05,0.8,0.0,0.0,1
384,2026-04-22T08:29:12.566Z,S20260422_092846,SC01,AUTO,,26.2043,0.0595,start,0,1500,VIDE,0.0,0.0,0.0,0.0,0.0,0.0,0,0,0.0,0.0,0.0,0.0,0.0,0.0,2.0,1.0,0.05,0.8,0.0,0.0,1
385,2026-04-22T08:29:12.631Z,S20260422_092846,SC01,AUTO,,26.269,0.0646,start,0,1500,VIDE,0.0,0.0,0.0,0.0,0.0,0.0,0,0,0.0,0.0,0.0,0.0,0.0,0.0,2.0,1.0,0.05,0.8,0.0,0.0,1
386,2026-04-22T08:29:12.691Z,S20260422_092846,SC01,AUTO,,26.3294,0.0604,start,0,1500,VIDE,0.0,0.0,0.0,0.0,0.0,0.0,0,0,0.0,0.0,0.0,0.0,0.0,0.0,2.0,1.0,0.05,0.8,0.0,0.0,1
387,2026-04-22T08:29:12.757Z,S20260422_092846,SC01,AUTO,,26.3949,0.0655,start,0,1500,VIDE,0.0,0.0,0.0,0.0,0.0,0.0,0,0,0.0,0.0,0.0,0.0,0.0,0.0,2.0,1.0,0.05,0.8,0.0,0.0,1
388,2026-04-22T08:29:12.817Z,S20260422_092846,SC01,AUTO,,26.4556,0.0607,start,0,1500,VIDE,0.0,0.0,0.0,0.0,0.0,0.0,0,0,0.0,0.0,0.0,0.0,0.0,0.0,2.0,1.0,0.05,0.8,0.0,0.0,1
389,2026-04-22T08:29:12.880Z,S20260422_092846,SC01,AUTO,,26.5184,0.0628,start,0,1500,VIDE,0.0,0.0,0.0,0.0,0.0,0.0,0,0,0.0,0.0,0.0,0.0,0.0,0.0,2.0,1.0,0.05,0.8,0.0,0.0,1
390,2026-04-22T08:29:12.945Z,S20260422_092846,SC01,AUTO,,26.5831,0.0648,start,0,1500,VIDE,0.0,0.0,0.0,0.0,0.0,0.0,0,0,0.0,0.0,0.0,0.0,0.0,0.0,2.0,1.0,0.05,0.8,0.0,0.0,1
391,2026-04-22T08:29:13.005Z,S20260422_092846,SC01,AUTO,,26.6433,0.0602,start,0,1500,VIDE,0.0,0.0,0.0,0.0,0.0,0.0,0,0,0.0,0.0,0.0,0.0,0.0,0.0,2.0,1.0,0.05,0.8,0.0,0.0,1
392,2026-04-22T08:29:13.067Z,S20260422_092846,SC01,AUTO,,26.7055,0.0622,start,0,1500,VIDE,0.0,0.0,0.0,0.0,0.0,0.0,0,0,0.0,0.0,0.0,0.0,0.0,0.0,2.0,1.0,0.05,0.8,0.0,0.0,1
393,2026-04-22T08:29:13.136Z,S20260422_092846,SC01,AUTO,,26.7742,0.0687,start,0,1500,VIDE,0.0,0.0,0.0,0.0,0.0,0.0,0,0,0.0,0.0,0.0,0.0,0.0,0.0,2.0,1.0,0.05,0.8,0.0,0.0,1
394,2026-04-22T08:29:13.201Z,S20260422_092846,SC01,AUTO,,26.8397,0.0654,start,0,1500,VIDE,0.0,0.0,0.0,0.0,0.0,0.0,0,0,0.0,0.0,0.0,0.0,0.0,0.0,2.0,1.0,0.05,0.8,0.0,0.0,1
395,2026-04-22T08:29:13.267Z,S20260422_092846,SC01,AUTO,,26.905,0.0653,start,0,1500,VIDE,0.0,0.0,0.0,0.0,0.0,0.0,0,0,0.0,0.0,0.0,0.0,0.0,0.0,2.0,1.0,0.05,0.8,0.0,0.0,1
396,2026-04-22T08:29:13.317Z,S20260422_092846,SC01,AUTO,,26.955,0.0499,start,0,1500,VIDE,0.0,0.0,0.0,0.0,0.0,0.0,0,0,0.0,0.0,0.0,0.0,0.0,0.0,2.0,1.0,0.05,0.8,0.0,0.0,1
397,2026-04-22T08:29:13.381Z,S20260422_092846,SC01,AUTO,,27.0192,0.0643,start,0,1500,VIDE,0.0,0.0,0.0,0.0,0.0,0.0,0,0,0.0,0.0,0.0,0.0,0.0,0.0,2.0,1.0,0.05,0.8,0.0,0.0,1
398,2026-04-22T08:29:13.442Z,S20260422_092846,SC01,AUTO,,27.0804,0.0612,start,0,1500,VIDE,0.0,0.0,0.0,0.0,0.0,0.0,0,0,0.0,0.0,0.0,0.0,0.0,0.0,2.0,1.0,0.05,0.8,0.0,0.0,1
399,2026-04-22T08:29:13.506Z,S20260422_092846,SC01,AUTO,,27.1447,0.0643,start,0,1500,VIDE,0.0,0.0,0.0,0.0,0.0,0.0,0,0,0.0,0.0,0.0,0.0,0.0,0.0,2.0,1.0,0.05,0.8,0.0,0.0,1
400,2026-04-22T08:29:13.566Z,S20260422_092846,SC01,AUTO,,27.2046,0.0599,start,0,1500,VIDE,0.0,0.0,0.0,0.0,0.0,0.0,0,0,0.0,0.0,0.0,0.0,0.0,0.0,2.0,1.0,0.05,0.8,0.0,0.0,1
401,2026-04-22T08:29:13.631Z,S20260422_092846,SC01,AUTO,,27.269,0.0644,start,0,1500,VIDE,0.0,0.0,0.0,0.0,0.0,0.0,0,0,0.0,0.0,0.0,0.0,0.0,0.0,2.0,1.0,0.05,0.8,0.0,0.0,1
402,2026-04-22T08:29:13.694Z,S20260422_092846,SC01,AUTO,,27.3325,0.0635,start,0,1500,VIDE,0.0,0.0,0.0,0.0,0.0,0.0,0,0,0.0,0.0,0.0,0.0,0.0,0.0,2.0,1.0,0.05,0.8,0.0,0.0,1
403,2026-04-22T08:29:13.756Z,S20260422_092846,SC01,AUTO,,27.3946,0.0622,start,0,1500,VIDE,0.0,0.0,0.0,0.0,0.0,0.0,0,0,0.0,0.0,0.0,0.0,0.0,0.0,2.0,1.0,0.05,0.8,0.0,0.0,1
404,2026-04-22T08:29:13.818Z,S20260422_092846,SC01,AUTO,,27.4565,0.0619,start,0,1500,VIDE,0.0,0.0,0.0,0.0,0.0,0.0,0,0,0.0,0.0,0.0,0.0,0.0,0.0,2.0,1.0,0.05,0.8,0.0,0.0,1
405,2026-04-22T08:29:13.886Z,S20260422_092846,SC01,AUTO,,27.5245,0.068,start,0,1500,VIDE,0.0,0.0,0.0,0.0,0.0,0.0,0,0,0.0,0.0,0.0,0.0,0.0,0.0,2.0,1.0,0.05,0.8,0.0,0.0,1
406,2026-04-22T08:29:13.941Z,S20260422_092846,SC01,AUTO,,27.5792,0.0547,start,0,1500,VIDE,0.0,0.0,0.0,0.0,0.0,0.0,0,0,0.0,0.0,0.0,0.0,0.0,0.0,2.0,1.0,0.05,0.8,0.0,0.0,1
407,2026-04-22T08:29:14.004Z,S20260422_092846,SC01,AUTO,,27.6422,0.0629,start,0,1500,VIDE,0.0,0.0,0.0,0.0,0.0,0.0,0,0,0.0,0.0,0.0,0.0,0.0,0.0,2.0,1.0,0.05,0.8,0.0,0.0,1
408,2026-04-22T08:29:14.067Z,S20260422_092846,SC01,AUTO,,27.7053,0.0631,start,0,1500,VIDE,0.0,0.0,0.0,0.0,0.0,0.0,0,0,0.0,0.0,0.0,0.0,0.0,0.0,2.0,1.0,0.05,0.8,0.0,0.0,1
409,2026-04-22T08:29:14.132Z,S20260422_092846,SC01,AUTO,,27.7706,0.0653,start,0,1500,VIDE,0.0,0.0,0.0,0.0,0.0,0.0,0,0,0.0,0.0,0.0,0.0,0.0,0.0,2.0,1.0,0.05,0.8,0.0,0.0,1
410,2026-04-22T08:29:14.196Z,S20260422_092846,SC01,AUTO,,27.8346,0.064,start,0,1500,VIDE,0.0,0.0,0.0,0.0,0.0,0.0,0,0,0.0,0.0,0.0,0.0,0.0,0.0,2.0,1.0,0.05,0.8,0.0,0.0,1
411,2026-04-22T08:29:14.260Z,S20260422_092846,SC01,AUTO,,27.8984,0.0638,start,0,1500,VIDE,0.0,0.0,0.0,0.0,0.0,0.0,0,0,0.0,0.0,0.0,0.0,0.0,0.0,2.0,1.0,0.05,0.8,0.0,0.0,1
412,2026-04-22T08:29:14.318Z,S20260422_092846,SC01,AUTO,,27.9567,0.0583,start,0,1500,VIDE,0.0,0.0,0.0,0.0,0.0,0.0,0,0,0.0,0.0,0.0,0.0,0.0,0.0,2.0,1.0,0.05,0.8,0.0,0.0,1
413,2026-04-22T08:29:14.387Z,S20260422_092846,SC01,AUTO,,28.0249,0.0683,start,0,1500,VIDE,0.0,0.0,0.0,0.0,0.0,0.0,0,0,0.0,0.0,0.0,0.0,0.0,0.0,2.0,1.0,0.05,0.8,0.0,0.0,1
414,2026-04-22T08:29:14.446Z,S20260422_092846,SC01,AUTO,,28.0847,0.0597,start,0,1500,VIDE,0.0,0.0,0.0,0.0,0.0,0.0,0,0,0.0,0.0,0.0,0.0,0.0,0.0,2.0,1.0,0.05,0.8,0.0,0.0,1
415,2026-04-22T08:29:14.506Z,S20260422_092846,SC01,AUTO,,28.1438,0.0591,start,0,1500,VIDE,0.0,0.0,0.0,0.0,0.0,0.0,0,0,0.0,0.0,0.0,0.0,0.0,0.0,2.0,1.0,0.05,0.8,0.0,0.0,1
416,2026-04-22T08:29:14.568Z,S20260422_092846,SC01,AUTO,,28.2067,0.0629,start,0,1500,VIDE,0.0,0.0,0.0,0.0,0.0,0.0,0,0,0.0,0.0,0.0,0.0,0.0,0.0,2.0,1.0,0.05,0.8,0.0,0.0,1
417,2026-04-22T08:29:14.636Z,S20260422_092846,SC01,AUTO,,28.274,0.0673,start,0,1500,VIDE,0.0,0.0,0.0,0.0,0.0,0.0,0,0,0.0,0.0,0.0,0.0,0.0,0.0,2.0,1.0,0.05,0.8,0.0,0.0,1
418,2026-04-22T08:29:14.692Z,S20260422_092846,SC01,AUTO,,28.3308,0.0568,start,0,1500,VIDE,0.0,0.0,0.0,0.0,0.0,0.0,0,0,0.0,0.0,0.0,0.0,0.0,0.0,2.0,1.0,0.05,0.8,0.0,0.0,1
419,2026-04-22T08:29:14.756Z,S20260422_092846,SC01,AUTO,,28.3945,0.0637,start,0,1500,VIDE,0.0,0.0,0.0,0.0,0.0,0.0,0,0,0.0,0.0,0.0,0.0,0.0,0.0,2.0,1.0,0.05,0.8,0.0,0.0,1
420,2026-04-22T08:29:14.818Z,S20260422_092846,SC01,AUTO,,28.4566,0.0622,start,0,1500,VIDE,0.0,0.0,0.0,0.0,0.0,0.0,0,0,0.0,0.0,0.0,0.0,0.0,0.0,2.0,1.0,0.05,0.8,0.0,0.0,1
421,2026-04-22T08:29:14.885Z,S20260422_092846,SC01,AUTO,,28.5231,0.0664,start,0,1500,VIDE,0.0,0.0,0.0,0.0,0.0,0.0,0,0,0.0,0.0,0.0,0.0,0.0,0.0,2.0,1.0,0.05,0.8,0.0,0.0,1
422,2026-04-22T08:29:14.945Z,S20260422_092846,SC01,AUTO,,28.5836,0.0605,start,0,1500,VIDE,0.0,0.0,0.0,0.0,0.0,0.0,0,0,0.0,0.0,0.0,0.0,0.0,0.0,2.0,1.0,0.05,0.8,0.0,0.0,1
423,2026-04-22T08:29:15.006Z,S20260422_092846,SC01,AUTO,,28.644,0.0604,start,0,1500,VIDE,0.0,0.0,0.0,0.0,0.0,0.0,0,0,0.0,0.0,0.0,0.0,0.0,0.0,2.0,1.0,0.05,0.8,0.0,0.0,1
424,2026-04-22T08:29:15.069Z,S20260422_092846,SC01,AUTO,,28.707,0.063,start,0,1500,VIDE,0.0,0.0,0.0,0.0,0.0,0.0,0,0,0.0,0.0,0.0,0.0,0.0,0.0,2.0,1.0,0.05,0.8,0.0,0.0,1
425,2026-04-22T08:29:15.135Z,S20260422_092846,SC01,AUTO,,28.7728,0.0658,start,0,1500,VIDE,0.0,0.0,0.0,0.0,0.0,0.0,0,0,0.0,0.0,0.0,0.0,0.0,0.0,2.0,1.0,0.05,0.8,0.0,0.0,1
426,2026-04-22T08:29:15.195Z,S20260422_092846,SC01,AUTO,,28.8333,0.0604,start,0,1500,VIDE,0.0,0.0,0.0,0.0,0.0,0.0,0,0,0.0,0.0,0.0,0.0,0.0,0.0,2.0,1.0,0.05,0.8,0.0,0.0,1
427,2026-04-22T08:29:15.255Z,S20260422_092846,SC01,AUTO,,28.8935,0.0602,start,0,1500,VIDE,0.0,0.0,0.0,0.0,0.0,0.0,0,0,0.0,0.0,0.0,0.0,0.0,0.0,2.0,1.0,0.05,0.8,0.0,0.0,1
428,2026-04-22T08:29:15.317Z,S20260422_092846,SC01,AUTO,,28.9551,0.0616,start,0,1500,VIDE,0.0,0.0,0.0,0.0,0.0,0.0,0,0,0.0,0.0,0.0,0.0,0.0,0.0,2.0,1.0,0.05,0.8,0.0,0.0,1
429,2026-04-22T08:29:15.381Z,S20260422_092846,SC01,AUTO,,29.0192,0.0641,start,0,1500,VIDE,0.0,0.0,0.0,0.0,0.0,0.0,0,0,0.0,0.0,0.0,0.0,0.0,0.0,2.0,1.0,0.05,0.8,0.0,0.0,1
430,2026-04-22T08:29:15.441Z,S20260422_092846,SC01,AUTO,,29.0793,0.0602,start,0,1500,VIDE,0.0,0.0,0.0,0.0,0.0,0.0,0,0,0.0,0.0,0.0,0.0,0.0,0.0,2.0,1.0,0.05,0.8,0.0,0.0,1
431,2026-04-22T08:29:15.505Z,S20260422_092846,SC01,AUTO,,29.1432,0.0639,start,0,1500,VIDE,0.0,0.0,0.0,0.0,0.0,0.0,0,0,0.0,0.0,0.0,0.0,0.0,0.0,2.0,1.0,0.05,0.8,0.0,0.0,1
432,2026-04-22T08:29:15.566Z,S20260422_092846,SC01,AUTO,,29.2044,0.0612,start,0,1500,VIDE,0.0,0.0,0.0,0.0,0.0,0.0,0,0,0.0,0.0,0.0,0.0,0.0,0.0,2.0,1.0,0.05,0.8,0.0,0.0,1
433,2026-04-22T08:29:15.631Z,S20260422_092846,SC01,AUTO,,29.2689,0.0645,start,0,1500,VIDE,0.0,0.0,0.0,0.0,0.0,0.0,0,0,0.0,0.0,0.0,0.0,0.0,0.0,2.0,1.0,0.05,0.8,0.0,0.0,1
434,2026-04-22T08:29:15.700Z,S20260422_092846,SC01,AUTO,,29.3386,0.0697,start,0,1500,VIDE,0.0,0.0,0.0,0.0,0.0,0.0,0,0,0.0,0.0,0.0,0.0,0.0,0.0,2.0,1.0,0.05,0.8,0.0,0.0,1
435,2026-04-22T08:29:15.764Z,S20260422_092846,SC01,AUTO,,29.4028,0.0642,start,0,1500,VIDE,0.0,0.0,0.0,0.0,0.0,0.0,0,0,0.0,0.0,0.0,0.0,0.0,0.0,2.0,1.0,0.05,0.8,0.0,0.0,1
436,2026-04-22T08:29:15.818Z,S20260422_092846,SC01,AUTO,,29.4562,0.0534,start,0,1500,VIDE,0.0,0.0,0.0,0.0,0.0,0.0,0,0,0.0,0.0,0.0,0.0,0.0,0.0,2.0,1.0,0.05,0.8,0.0,0.0,1
437,2026-04-22T08:29:15.885Z,S20260422_092846,SC01,AUTO,,29.5228,0.0666,start,0,1500,VIDE,0.0,0.0,0.0,0.0,0.0,0.0,0,0,0.0,0.0,0.0,0.0,0.0,0.0,2.0,1.0,0.05,0.8,0.0,0.0,1
438,2026-04-22T08:29:15.945Z,S20260422_092846,SC01,AUTO,,29.5836,0.0608,start,0,1500,VIDE,0.0,0.0,0.0,0.0,0.0,0.0,0,0,0.0,0.0,0.0,0.0,0.0,0.0,2.0,1.0,0.05,0.8,0.0,0.0,1
439,2026-04-22T08:29:16.004Z,S20260422_092846,SC01,AUTO,,29.6425,0.059,start,0,1500,VIDE,0.0,0.0,0.0,0.0,0.0,0.0,0,0,0.0,0.0,0.0,0.0,0.0,0.0,2.0,1.0,0.05,0.8,0.0,0.0,1
440,2026-04-22T08:29:16.068Z,S20260422_092846,SC01,AUTO,,29.7064,0.0639,start,0,1500,VIDE,0.0,0.0,0.0,0.0,0.0,0.0,0,0,0.0,0.0,0.0,0.0,0.0,0.0,2.0,1.0,0.05,0.8,0.0,0.0,1
441,2026-04-22T08:29:16.133Z,S20260422_092846,SC01,AUTO,,29.771,0.0645,start,0,1500,VIDE,0.0,0.0,0.0,0.0,0.0,0.0,0,0,0.0,0.0,0.0,0.0,0.0,0.0,2.0,1.0,0.05,0.8,0.0,0.0,1
442,2026-04-22T08:29:16.191Z,S20260422_092846,SC01,AUTO,,29.8294,0.0585,start,0,1500,VIDE,0.0,0.0,0.0,0.0,0.0,0.0,0,0,0.0,0.0,0.0,0.0,0.0,0.0,2.0,1.0,0.05,0.8,0.0,0.0,1
443,2026-04-22T08:29:16.254Z,S20260422_092846,SC01,AUTO,,29.8926,0.0631,start,0,1500,VIDE,0.0,0.0,0.0,0.0,0.0,0.0,0,0,0.0,0.0,0.0,0.0,0.0,0.0,2.0,1.0,0.05,0.8,0.0,0.0,1
444,2026-04-22T08:29:16.318Z,S20260422_092846,SC01,AUTO,,29.9566,0.064,start,0,1500,VIDE,0.0,0.0,0.0,0.0,0.0,0.0,0,0,0.0,0.0,0.0,0.0,0.0,0.0,2.0,1.0,0.05,0.8,0.0,0.0,1
445,2026-04-22T08:29:16.380Z,S20260422_092846,SC01,AUTO,,30.0181,0.0614,start,0,1500,VIDE,0.0,0.0,0.0,0.0,0.0,0.0,0,0,0.0,0.0,0.0,0.0,0.0,0.0,2.0,1.0,0.05,0.8,0.0,0.0,1
446,2026-04-22T08:29:16.446Z,S20260422_092846,SC01,AUTO,,30.0846,0.0665,start,0,1500,VIDE,0.0,0.0,0.0,0.0,0.0,0.0,0,0,0.0,0.0,0.0,0.0,0.0,0.0,2.0,1.0,0.05,0.8,0.0,0.0,1
447,2026-04-22T08:29:16.506Z,S20260422_092846,SC01,AUTO,,30.1446,0.06,start,0,1500,VIDE,0.0,0.0,0.0,0.0,0.0,0.0,0,0,0.0,0.0,0.0,0.0,0.0,0.0,2.0,1.0,0.05,0.8,0.0,0.0,1
448,2026-04-22T08:29:16.566Z,S20260422_092846,SC01,AUTO,,30.2047,0.06,start,0,1500,VIDE,0.0,0.0,0.0,0.0,0.0,0.0,0,0,0.0,0.0,0.0,0.0,0.0,0.0,2.0,1.0,0.05,0.8,0.0,0.0,1
449,2026-04-22T08:29:16.636Z,S20260422_092846,SC01,AUTO,,30.2739,0.0693,start,0,1500,VIDE,0.0,0.0,0.0,0.0,0.0,0.0,0,0,0.0,0.0,0.0,0.0,0.0,0.0,2.0,1.0,0.05,0.8,0.0,0.0,1
450,2026-04-22T08:29:16.693Z,S20260422_092846,SC01,AUTO,,30.3312,0.0573,start,0,1500,VIDE,0.0,0.0,0.0,0.0,0.0,0.0,0,0,0.0,0.0,0.0,0.0,0.0,0.0,2.0,1.0,0.05,0.8,0.0,0.0,1
451,2026-04-22T08:29:16.756Z,S20260422_092846,SC01,AUTO,,30.3945,0.0633,start,0,1500,VIDE,0.0,0.0,0.0,0.0,0.0,0.0,0,0,0.0,0.0,0.0,0.0,0.0,0.0,2.0,1.0,0.05,0.8,0.0,0.0,1
452,2026-04-22T08:29:16.817Z,S20260422_092846,SC01,AUTO,,30.4557,0.0612,start,0,1500,VIDE,0.0,0.0,0.0,0.0,0.0,0.0,0,0,0.0,0.0,0.0,0.0,0.0,0.0,2.0,1.0,0.05,0.8,0.0,0.0,1
453,2026-04-22T08:29:16.885Z,S20260422_092846,SC01,AUTO,,30.5232,0.0674,start,0,1500,VIDE,0.0,0.0,0.0,0.0,0.0,0.0,0,0,0.0,0.0,0.0,0.0,0.0,0.0,2.0,1.0,0.05,0.8,0.0,0.0,1
454,2026-04-22T08:29:16.945Z,S20260422_092846,SC01,AUTO,,30.5836,0.0604,start,0,1500,VIDE,0.0,0.0,0.0,0.0,0.0,0.0,0,0,0.0,0.0,0.0,0.0,0.0,0.0,2.0,1.0,0.05,0.8,0.0,0.0,1
455,2026-04-22T08:29:17.005Z,S20260422_092846,SC01,AUTO,,30.6432,0.0597,start,0,1500,VIDE,0.0,0.0,0.0,0.0,0.0,0.0,0,0,0.0,0.0,0.0,0.0,0.0,0.0,2.0,1.0,0.05,0.8,0.0,0.0,1
456,2026-04-22T08:29:17.068Z,S20260422_092846,SC01,AUTO,,30.7067,0.0635,start,0,1500,VIDE,0.0,0.0,0.0,0.0,0.0,0.0,0,0,0.0,0.0,0.0,0.0,0.0,0.0,2.0,1.0,0.05,0.8,0.0,0.0,1
457,2026-04-22T08:29:17.136Z,S20260422_092846,SC01,AUTO,,30.7739,0.0671,start,0,1500,VIDE,0.0,0.0,0.0,0.0,0.0,0.0,0,0,0.0,0.0,0.0,0.0,0.0,0.0,2.0,1.0,0.05,0.8,0.0,0.0,1
458,2026-04-22T08:29:17.202Z,S20260422_092846,SC01,AUTO,,30.8402,0.0663,start,0,1500,VIDE,0.0,0.0,0.0,0.0,0.0,0.0,0,0,0.0,0.0,0.0,0.0,0.0,0.0,2.0,1.0,0.05,0.8,0.0,0.0,1
459,2026-04-22T08:29:17.265Z,S20260422_092846,SC01,AUTO,,30.9036,0.0633,start,0,1500,VIDE,0.0,0.0,0.0,0.0,0.0,0.0,0,0,0.0,0.0,0.0,0.0,0.0,0.0,2.0,1.0,0.05,0.8,0.0,0.0,1
460,2026-04-22T08:29:17.317Z,S20260422_092846,SC01,AUTO,,30.9548,0.0512,start,0,1500,VIDE,0.0,0.0,0.0,0.0,0.0,0.0,0,0,0.0,0.0,0.0,0.0,0.0,0.0,2.0,1.0,0.05,0.8,0.0,0.0,1
461,2026-04-22T08:29:17.381Z,S20260422_092846,SC01,AUTO,,31.0195,0.0647,start,0,1500,VIDE,0.0,0.0,0.0,0.0,0.0,0.0,0,0,0.0,0.0,0.0,0.0,0.0,0.0,2.0,1.0,0.05,0.8,0.0,0.0,1
462,2026-04-22T08:29:17.444Z,S20260422_092846,SC01,AUTO,,31.0818,0.0624,start,0,1500,VIDE,0.0,0.0,0.0,0.0,0.0,0.0,0,0,0.0,0.0,0.0,0.0,0.0,0.0,2.0,1.0,0.05,0.8,0.0,0.0,1
463,2026-04-22T08:29:17.504Z,S20260422_092846,SC01,AUTO,,31.1419,0.0601,start,0,1500,VIDE,0.0,0.0,0.0,0.0,0.0,0.0,0,0,0.0,0.0,0.0,0.0,0.0,0.0,2.0,1.0,0.05,0.8,0.0,0.0,1
464,2026-04-22T08:29:17.570Z,S20260422_092846,SC01,AUTO,,31.208,0.066,start,0,1500,VIDE,0.0,0.0,0.0,0.0,0.0,0.0,0,0,0.0,0.0,0.0,0.0,0.0,0.0,2.0,1.0,0.05,0.8,0.0,0.0,1
465,2026-04-22T08:29:17.630Z,S20260422_092846,SC01,AUTO,,31.2679,0.06,start,0,1500,VIDE,0.0,0.0,0.0,0.0,0.0,0.0,0,0,0.0,0.0,0.0,0.0,0.0,0.0,2.0,1.0,0.05,0.8,0.0,0.0,1
466,2026-04-22T08:29:17.691Z,S20260422_092846,SC01,AUTO,,31.3295,0.0616,start,0,1500,VIDE,0.0,0.0,0.0,0.0,0.0,0.0,0,0,0.0,0.0,0.0,0.0,0.0,0.0,2.0,1.0,0.05,0.8,0.0,0.0,1
467,2026-04-22T08:29:17.755Z,S20260422_092846,SC01,AUTO,,31.393,0.0635,start,0,1500,VIDE,0.0,0.0,0.0,0.0,0.0,0.0,0,0,0.0,0.0,0.0,0.0,0.0,0.0,2.0,1.0,0.05,0.8,0.0,0.0,1
468,2026-04-22T08:29:17.818Z,S20260422_092846,SC01,AUTO,,31.4559,0.0628,start,0,1500,VIDE,0.0,0.0,0.0,0.0,0.0,0.0,0,0,0.0,0.0,0.0,0.0,0.0,0.0,2.0,1.0,0.05,0.8,0.0,0.0,1
469,2026-04-22T08:29:17.880Z,S20260422_092846,SC01,AUTO,,31.5182,0.0623,start,0,1500,VIDE,0.0,0.0,0.0,0.0,0.0,0.0,0,0,0.0,0.0,0.0,0.0,0.0,0.0,2.0,1.0,0.05,0.8,0.0,0.0,1
470,2026-04-22T08:29:17.942Z,S20260422_092846,SC01,AUTO,,31.58,0.0618,start,0,1500,VIDE,0.0,0.0,0.0,0.0,0.0,0.0,0,0,0.0,0.0,0.0,0.0,0.0,0.0,2.0,1.0,0.05,0.8,0.0,0.0,1
471,2026-04-22T08:29:18.004Z,S20260422_092846,SC01,AUTO,,31.6421,0.0621,start,0,1500,VIDE,0.0,0.0,0.0,0.0,0.0,0.0,0,0,0.0,0.0,0.0,0.0,0.0,0.0,2.0,1.0,0.05,0.8,0.0,0.0,1
472,2026-04-22T08:29:18.068Z,S20260422_092846,SC01,AUTO,,31.706,0.0639,start,0,1500,VIDE,0.0,0.0,0.0,0.0,0.0,0.0,0,0,0.0,0.0,0.0,0.0,0.0,0.0,2.0,1.0,0.05,0.8,0.0,0.0,1
473,2026-04-22T08:29:18.133Z,S20260422_092846,SC01,AUTO,,31.771,0.065,start,0,1500,VIDE,0.0,0.0,0.0,0.0,0.0,0.0,0,0,0.0,0.0,0.0,0.0,0.0,0.0,2.0,1.0,0.05,0.8,0.0,0.0,1
474,2026-04-22T08:29:18.192Z,S20260422_092846,SC01,AUTO,,31.8299,0.0589,start,0,1500,VIDE,0.0,0.0,0.0,0.0,0.0,0.0,0,0,0.0,0.0,0.0,0.0,0.0,0.0,2.0,1.0,0.05,0.8,0.0,0.0,1
475,2026-04-22T08:29:18.260Z,S20260422_092846,SC01,AUTO,,31.8987,0.0688,start,0,1500,VIDE,0.0,0.0,0.0,0.0,0.0,0.0,0,0,0.0,0.0,0.0,0.0,0.0,0.0,2.0,1.0,0.05,0.8,0.0,0.0,1
476,2026-04-22T08:29:18.318Z,S20260422_092846,SC01,AUTO,,31.956,0.0573,start,0,1500,VIDE,0.0,0.0,0.0,0.0,0.0,0.0,0,0,0.0,0.0,0.0,0.0,0.0,0.0,2.0,1.0,0.05,0.8,0.0,0.0,1
477,2026-04-22T08:29:18.386Z,S20260422_092846,SC01,AUTO,,32.0238,0.0678,start,0,1500,VIDE,0.0,0.0,0.0,0.0,0.0,0.0,0,0,0.0,0.0,0.0,0.0,0.0,0.0,2.0,1.0,0.05,0.8,0.0,0.0,1
478,2026-04-22T08:29:18.446Z,S20260422_092846,SC01,AUTO,,32.0842,0.0603,start,0,1500,VIDE,0.0,0.0,0.0,0.0,0.0,0.0,0,0,0.0,0.0,0.0,0.0,0.0,0.0,2.0,1.0,0.05,0.8,0.0,0.0,1
479,2026-04-22T08:29:18.505Z,S20260422_092846,SC01,AUTO,,32.1435,0.0593,start,0,1500,VIDE,0.0,0.0,0.0,0.0,0.0,0.0,0,0,0.0,0.0,0.0,0.0,0.0,0.0,2.0,1.0,0.05,0.8,0.0,0.0,1
480,2026-04-22T08:29:18.567Z,S20260422_092846,SC01,AUTO,,32.205,0.0615,start,0,1500,VIDE,0.0,0.0,0.0,0.0,0.0,0.0,0,0,0.0,0.0,0.0,0.0,0.0,0.0,2.0,1.0,0.05,0.8,0.0,0.0,1
481,2026-04-22T08:29:18.629Z,S20260422_092846,SC01,AUTO,,32.2675,0.0625,start,0,1500,VIDE,0.0,0.0,0.0,0.0,0.0,0.0,0,0,0.0,0.0,0.0,0.0,0.0,0.0,2.0,1.0,0.05,0.8,0.0,0.0,1
482,2026-04-22T08:29:18.692Z,S20260422_092846,SC01,AUTO,,32.3299,0.0624,start,0,1500,VIDE,0.0,0.0,0.0,0.0,0.0,0.0,0,0,0.0,0.0,0.0,0.0,0.0,0.0,2.0,1.0,0.05,0.8,0.0,0.0,1
483,2026-04-22T08:29:18.757Z,S20260422_092846,SC01,AUTO,,32.3949,0.065,start,0,1500,VIDE,0.0,0.0,0.0,0.0,0.0,0.0,0,0,0.0,0.0,0.0,0.0,0.0,0.0,2.0,1.0,0.05,0.8,0.0,0.0,1
484,2026-04-22T08:29:18.817Z,S20260422_092846,SC01,AUTO,,32.4556,0.0607,start,0,1500,VIDE,0.0,0.0,0.0,0.0,0.0,0.0,0,0,0.0,0.0,0.0,0.0,0.0,0.0,2.0,1.0,0.05,0.8,0.0,0.0,1
485,2026-04-22T08:29:18.885Z,S20260422_092846,SC01,AUTO,,32.5236,0.068,start,0,1500,VIDE,0.0,0.0,0.0,0.0,0.0,0.0,0,0,0.0,0.0,0.0,0.0,0.0,0.0,2.0,1.0,0.05,0.8,0.0,0.0,1
486,2026-04-22T08:29:18.943Z,S20260422_092846,SC01,AUTO,,32.5811,0.0575,start,0,1500,VIDE,0.0,0.0,0.0,0.0,0.0,0.0,0,0,0.0,0.0,0.0,0.0,0.0,0.0,2.0,1.0,0.05,0.8,0.0,0.0,1
487,2026-04-22T08:29:19.006Z,S20260422_092846,SC01,AUTO,,32.6439,0.0628,start,0,1500,VIDE,0.0,0.0,0.0,0.0,0.0,0.0,0,0,0.0,0.0,0.0,0.0,0.0,0.0,2.0,1.0,0.05,0.8,0.0,0.0,1
488,2026-04-22T08:29:19.068Z,S20260422_092846,SC01,AUTO,,32.7066,0.0628,start,0,1500,VIDE,0.0,0.0,0.0,0.0,0.0,0.0,0,0,0.0,0.0,0.0,0.0,0.0,0.0,2.0,1.0,0.05,0.8,0.0,0.0,1
489,2026-04-22T08:29:19.135Z,S20260422_092846,SC01,AUTO,,32.7736,0.0669,start,0,1500,VIDE,0.0,0.0,0.0,0.0,0.0,0.0,0,0,0.0,0.0,0.0,0.0,0.0,0.0,2.0,1.0,0.05,0.8,0.0,0.0,1
490,2026-04-22T08:29:19.201Z,S20260422_092846,SC01,AUTO,,32.8395,0.066,start,0,1500,VIDE,0.0,0.0,0.0,0.0,0.0,0.0,0,0,0.0,0.0,0.0,0.0,0.0,0.0,2.0,1.0,0.05,0.8,0.0,0.0,1
491,2026-04-22T08:29:19.265Z,S20260422_092846,SC01,AUTO,,32.9032,0.0637,start,0,1500,VIDE,0.0,0.0,0.0,0.0,0.0,0.0,0,0,0.0,0.0,0.0,0.0,0.0,0.0,2.0,1.0,0.05,0.8,0.0,0.0,1
492,2026-04-22T08:29:19.316Z,S20260422_092846,SC01,AUTO,,32.9546,0.0514,start,0,1500,VIDE,0.0,0.0,0.0,0.0,0.0,0.0,0,0,0.0,0.0,0.0,0.0,0.0,0.0,2.0,1.0,0.05,0.8,0.0,0.0,1
493,2026-04-22T08:29:19.381Z,S20260422_092846,SC01,AUTO,,33.0194,0.0648,start,0,1500,VIDE,0.0,0.0,0.0,0.0,0.0,0.0,0,0,0.0,0.0,0.0,0.0,0.0,0.0,2.0,1.0,0.05,0.8,0.0,0.0,1
494,2026-04-22T08:29:19.444Z,S20260422_092846,SC01,AUTO,,33.0822,0.0629,start,0,1500,VIDE,0.0,0.0,0.0,0.0,0.0,0.0,0,0,0.0,0.0,0.0,0.0,0.0,0.0,2.0,1.0,0.05,0.8,0.0,0.0,1
495,2026-04-22T08:29:19.505Z,S20260422_092846,SC01,AUTO,,33.1432,0.061,start,0,1500,VIDE,0.0,0.0,0.0,0.0,0.0,0.0,0,0,0.0,0.0,0.0,0.0,0.0,0.0,2.0,1.0,0.05,0.8,0.0,0.0,1
496,2026-04-22T08:29:19.567Z,S20260422_092846,SC01,AUTO,,33.2056,0.0624,start,0,1500,VIDE,0.0,0.0,0.0,0.0,0.0,0.0,0,0,0.0,0.0,0.0,0.0,0.0,0.0,2.0,1.0,0.05,0.8,0.0,0.0,1
497,2026-04-22T08:29:19.635Z,S20260422_092846,SC01,AUTO,,33.2732,0.0676,start,0,1500,VIDE,0.0,0.0,0.0,0.0,0.0,0.0,0,0,0.0,0.0,0.0,0.0,0.0,0.0,2.0,1.0,0.05,0.8,0.0,0.0,1
498,2026-04-22T08:29:19.700Z,S20260422_092846,SC01,AUTO,,33.3382,0.065,start,0,1500,VIDE,0.0,0.0,0.0,0.0,0.0,0.0,0,0,0.0,0.0,0.0,0.0,0.0,0.0,2.0,1.0,0.05,0.8,0.0,0.0,1
499,2026-04-22T08:29:19.764Z,S20260422_092846,SC01,AUTO,,33.4022,0.0641,start,0,1500,VIDE,0.0,0.0,0.0,0.0,0.0,0.0,0,0,0.0,0.0,0.0,0.0,0.0,0.0,2.0,1.0,0.05,0.8,0.0,0.0,1
500,2026-04-22T08:29:19.819Z,S20260422_092846,SC01,AUTO,,33.4571,0.0549,start,0,1500,VIDE,0.0,0.0,0.0,0.0,0.0,0.0,0,0,0.0,0.0,0.0,0.0,0.0,0.0,2.0,1.0,0.05,0.8,0.0,0.0,1
501,2026-04-22T08:29:19.885Z,S20260422_092846,SC01,AUTO,,33.5234,0.0663,start,0,1500,VIDE,0.0,0.0,0.0,0.0,0.0,0.0,0,0,0.0,0.0,0.0,0.0,0.0,0.0,2.0,1.0,0.05,0.8,0.0,0.0,1
502,2026-04-22T08:29:19.945Z,S20260422_092846,SC01,AUTO,,33.5832,0.0597,start,0,1500,VIDE,0.0,0.0,0.0,0.0,0.0,0.0,0,0,0.0,0.0,0.0,0.0,0.0,0.0,2.0,1.0,0.05,0.8,0.0,0.0,1
503,2026-04-22T08:29:20.004Z,S20260422_092846,SC01,AUTO,,33.6422,0.0591,start,0,1500,VIDE,0.0,0.0,0.0,0.0,0.0,0.0,0,0,0.0,0.0,0.0,0.0,0.0,0.0,2.0,1.0,0.05,0.8,0.0,0.0,1
504,2026-04-22T08:29:20.068Z,S20260422_092846,SC01,AUTO,,33.7063,0.0641,start,0,1500,VIDE,0.0,0.0,0.0,0.0,0.0,0.0,0,0,0.0,0.0,0.0,0.0,0.0,0.0,2.0,1.0,0.05,0.8,0.0,0.0,1
505,2026-04-22T08:29:20.133Z,S20260422_092846,SC01,AUTO,,33.7712,0.0649,start,0,1500,VIDE,0.0,0.0,0.0,0.0,0.0,0.0,0,0,0.0,0.0,0.0,0.0,0.0,0.0,2.0,1.0,0.05,0.8,0.0,0.0,1
506,2026-04-22T08:29:20.196Z,S20260422_092846,SC01,AUTO,,33.8346,0.0634,start,0,1500,VIDE,0.0,0.0,0.0,0.0,0.0,0.0,0,0,0.0,0.0,0.0,0.0,0.0,0.0,2.0,1.0,0.05,0.8,0.0,0.0,1
507,2026-04-22T08:29:20.260Z,S20260422_092846,SC01,AUTO,,33.8986,0.0641,start,0,1500,VIDE,0.0,0.0,0.0,0.0,0.0,0.0,0,0,0.0,0.0,0.0,0.0,0.0,0.0,2.0,1.0,0.05,0.8,0.0,0.0,1
508,2026-04-22T08:29:20.317Z,S20260422_092846,SC01,AUTO,,33.9556,0.0569,start,0,1500,VIDE,0.0,0.0,0.0,0.0,0.0,0.0,0,0,0.0,0.0,0.0,0.0,0.0,0.0,2.0,1.0,0.05,0.8,0.0,0.0,1
509,2026-04-22T08:29:20.387Z,S20260422_092846,SC01,AUTO,,34.0248,0.0693,start,0,1500,VIDE,0.0,0.0,0.0,0.0,0.0,0.0,0,0,0.0,0.0,0.0,0.0,0.0,0.0,2.0,1.0,0.05,0.8,0.0,0.0,1
510,2026-04-22T08:29:20.446Z,S20260422_092846,SC01,AUTO,,34.084,0.0592,start,0,1500,VIDE,0.0,0.0,0.0,0.0,0.0,0.0,0,0,0.0,0.0,0.0,0.0,0.0,0.0,2.0,1.0,0.05,0.8,0.0,0.0,1
511,2026-04-22T08:29:20.505Z,S20260422_092846,SC01,AUTO,,34.1435,0.0595,start,0,1500,VIDE,0.0,0.0,0.0,0.0,0.0,0.0,0,0,0.0,0.0,0.0,0.0,0.0,0.0,2.0,1.0,0.05,0.8,0.0,0.0,1
512,2026-04-22T08:29:20.569Z,S20260422_092846,SC01,AUTO,,34.207,0.0634,start,0,1500,VIDE,0.0,0.0,0.0,0.0,0.0,0.0,0,0,0.0,0.0,0.0,0.0,0.0,0.0,2.0,1.0,0.05,0.8,0.0,0.0,1
513,2026-04-22T08:29:20.636Z,S20260422_092846,SC01,AUTO,,34.2747,0.0677,start,0,1500,VIDE,0.0,0.0,0.0,0.0,0.0,0.0,0,0,0.0,0.0,0.0,0.0,0.0,0.0,2.0,1.0,0.05,0.8,0.0,0.0,1
514,2026-04-22T08:29:20.692Z,S20260422_092846,SC01,AUTO,,34.3307,0.056,start,0,1500,VIDE,0.0,0.0,0.0,0.0,0.0,0.0,0,0,0.0,0.0,0.0,0.0,0.0,0.0,2.0,1.0,0.05,0.8,0.0,0.0,1
515,2026-04-22T08:29:20.757Z,S20260422_092846,SC01,AUTO,,34.3949,0.0642,start,0,1500,VIDE,0.0,0.0,0.0,0.0,0.0,0.0,0,0,0.0,0.0,0.0,0.0,0.0,0.0,2.0,1.0,0.05,0.8,0.0,0.0,1
516,2026-04-22T08:29:20.818Z,S20260422_092846,SC01,AUTO,,34.4565,0.0616,start,0,1500,VIDE,0.0,0.0,0.0,0.0,0.0,0.0,0,0,0.0,0.0,0.0,0.0,0.0,0.0,2.0,1.0,0.05,0.8,0.0,0.0,1
517,2026-04-22T08:29:20.885Z,S20260422_092846,SC01,AUTO,,34.5229,0.0664,start,0,1500,VIDE,0.0,0.0,0.0,0.0,0.0,0.0,0,0,0.0,0.0,0.0,0.0,0.0,0.0,2.0,1.0,0.05,0.8,0.0,0.0,1
518,2026-04-22T08:29:20.946Z,S20260422_092846,SC01,AUTO,,34.584,0.0611,start,0,1500,VIDE,0.0,0.0,0.0,0.0,0.0,0.0,0,0,0.0,0.0,0.0,0.0,0.0,0.0,2.0,1.0,0.05,0.8,0.0,0.0,1
519,2026-04-22T08:29:21.005Z,S20260422_092846,SC01,AUTO,,34.6431,0.0592,start,0,1500,VIDE,0.0,0.0,0.0,0.0,0.0,0.0,0,0,0.0,0.0,0.0,0.0,0.0,0.0,2.0,1.0,0.05,0.8,0.0,0.0,1
520,2026-04-22T08:29:21.068Z,S20260422_092846,SC01,AUTO,,34.7066,0.0634,start,0,1500,VIDE,0.0,0.0,0.0,0.0,0.0,0.0,0,0,0.0,0.0,0.0,0.0,0.0,0.0,2.0,1.0,0.05,0.8,0.0,0.0,1
521,2026-04-22T08:29:21.135Z,S20260422_092846,SC01,AUTO,,34.7728,0.0663,start,0,1500,VIDE,0.0,0.0,0.0,0.0,0.0,0.0,0,0,0.0,0.0,0.0,0.0,0.0,0.0,2.0,1.0,0.05,0.8,0.0,0.0,1
522,2026-04-22T08:29:21.197Z,S20260422_092846,SC01,AUTO,,34.8349,0.0621,start,0,1500,VIDE,0.0,0.0,0.0,0.0,0.0,0.0,0,0,0.0,0.0,0.0,0.0,0.0,0.0,2.0,1.0,0.05,0.8,0.0,0.0,1
523,2026-04-22T08:29:21.260Z,S20260422_092846,SC01,AUTO,,34.8987,0.0638,start,0,1500,VIDE,0.0,0.0,0.0,0.0,0.0,0.0,0,0,0.0,0.0,0.0,0.0,0.0,0.0,2.0,1.0,0.05,0.8,0.0,0.0,1
524,2026-04-22T08:29:21.317Z,S20260422_092846,SC01,AUTO,,34.9552,0.0565,start,0,1500,VIDE,0.0,0.0,0.0,0.0,0.0,0.0,0,0,0.0,0.0,0.0,0.0,0.0,0.0,2.0,1.0,0.05,0.8,0.0,0.0,1
525,2026-04-22T08:29:21.382Z,S20260422_092846,SC01,AUTO,,35.0202,0.0651,start,0,1500,VIDE,0.0,0.0,0.0,0.0,0.0,0.0,0,0,0.0,0.0,0.0,0.0,0.0,0.0,2.0,1.0,0.05,0.8,0.0,0.0,1
526,2026-04-22T08:29:21.444Z,S20260422_092846,SC01,AUTO,,35.0819,0.0617,start,0,1500,VIDE,0.0,0.0,0.0,0.0,0.0,0.0,0,0,0.0,0.0,0.0,0.0,0.0,0.0,2.0,1.0,0.05,0.8,0.0,0.0,1
527,2026-04-22T08:29:21.505Z,S20260422_092846,SC01,AUTO,,35.1437,0.0618,start,0,1500,VIDE,0.0,0.0,0.0,0.0,0.0,0.0,0,0,0.0,0.0,0.0,0.0,0.0,0.0,2.0,1.0,0.05,0.8,0.0,0.0,1
528,2026-04-22T08:29:21.568Z,S20260422_092846,SC01,AUTO,,35.2059,0.0623,start,0,1500,VIDE,0.0,0.0,0.0,0.0,0.0,0.0,0,0,0.0,0.0,0.0,0.0,0.0,0.0,2.0,1.0,0.05,0.8,0.0,0.0,1
529,2026-04-22T08:29:21.633Z,S20260422_092846,SC01,AUTO,,35.271,0.0651,start,0,1500,VIDE,0.0,0.0,0.0,0.0,0.0,0.0,0,0,0.0,0.0,0.0,0.0,0.0,0.0,2.0,1.0,0.05,0.8,0.0,0.0,1
530,2026-04-22T08:29:21.694Z,S20260422_092846,SC01,AUTO,,35.3321,0.0611,start,0,1500,VIDE,0.0,0.0,0.0,0.0,0.0,0.0,0,0,0.0,0.0,0.0,0.0,0.0,0.0,2.0,1.0,0.05,0.8,0.0,0.0,1
531,2026-04-22T08:29:21.756Z,S20260422_092846,SC01,AUTO,,35.3946,0.0625,start,0,1500,VIDE,0.0,0.0,0.0,0.0,0.0,0.0,0,0,0.0,0.0,0.0,0.0,0.0,0.0,2.0,1.0,0.05,0.8,0.0,0.0,1
532,2026-04-22T08:29:21.819Z,S20260422_092846,SC01,AUTO,,35.4568,0.0622,start,0,1500,VIDE,0.0,0.0,0.0,0.0,0.0,0.0,0,0,0.0,0.0,0.0,0.0,0.0,0.0,2.0,1.0,0.05,0.8,0.0,0.0,1
533,2026-04-22T08:29:21.885Z,S20260422_092846,SC01,AUTO,,35.5231,0.0663,start,0,1500,VIDE,0.0,0.0,0.0,0.0,0.0,0.0,0,0,0.0,0.0,0.0,0.0,0.0,0.0,2.0,1.0,0.05,0.8,0.0,0.0,1
534,2026-04-22T08:29:21.942Z,S20260422_092846,SC01,AUTO,,35.5804,0.0572,start,0,1500,VIDE,0.0,0.0,0.0,0.0,0.0,0.0,0,0,0.0,0.0,0.0,0.0,0.0,0.0,2.0,1.0,0.05,0.8,0.0,0.0,1
535,2026-04-22T08:29:22.004Z,S20260422_092846,SC01,AUTO,,35.6426,0.0622,start,0,1500,VIDE,0.0,0.0,0.0,0.0,0.0,0.0,0,0,0.0,0.0,0.0,0.0,0.0,0.0,2.0,1.0,0.05,0.8,0.0,0.0,1
536,2026-04-22T08:29:22.066Z,S20260422_092846,SC01,AUTO,,35.7047,0.0622,start,0,1500,VIDE,0.0,0.0,0.0,0.0,0.0,0.0,0,0,0.0,0.0,0.0,0.0,0.0,0.0,2.0,1.0,0.05,0.8,0.0,0.0,1
537,2026-04-22T08:29:22.131Z,S20260422_092846,SC01,AUTO,,35.7691,0.0644,start,0,1500,VIDE,0.0,0.0,0.0,0.0,0.0,0.0,0,0,0.0,0.0,0.0,0.0,0.0,0.0,2.0,1.0,0.05,0.8,0.0,0.0,1
538,2026-04-22T08:29:22.193Z,S20260422_092846,SC01,AUTO,,35.8313,0.0621,start,0,1500,VIDE,0.0,0.0,0.0,0.0,0.0,0.0,0,0,0.0,0.0,0.0,0.0,0.0,0.0,2.0,1.0,0.05,0.8,0.0,0.0,1
539,2026-04-22T08:29:22.257Z,S20260422_092846,SC01,AUTO,,35.8951,0.0638,start,0,1500,VIDE,0.0,0.0,0.0,0.0,0.0,0.0,0,0,0.0,0.0,0.0,0.0,0.0,0.0,2.0,1.0,0.05,0.8,0.0,0.0,1
540,2026-04-22T08:29:22.319Z,S20260422_092846,SC01,AUTO,,35.9574,0.0623,start,0,1500,VIDE,0.0,0.0,0.0,0.0,0.0,0.0,0,0,0.0,0.0,0.0,0.0,0.0,0.0,2.0,1.0,0.05,0.8,0.0,0.0,1
541,2026-04-22T08:29:22.384Z,S20260422_092846,SC01,AUTO,,36.0218,0.0644,start,0,1500,VIDE,0.0,0.0,0.0,0.0,0.0,0.0,0,0,0.0,0.0,0.0,0.0,0.0,0.0,2.0,1.0,0.05,0.8,0.0,0.0,1
542,2026-04-22T08:29:22.444Z,S20260422_092846,SC01,AUTO,,36.0821,0.0603,start,0,1500,VIDE,0.0,0.0,0.0,0.0,0.0,0.0,0,0,0.0,0.0,0.0,0.0,0.0,0.0,2.0,1.0,0.05,0.8,0.0,0.0,1
543,2026-04-22T08:29:22.505Z,S20260422_092846,SC01,AUTO,,36.1432,0.0611,start,0,1500,VIDE,0.0,0.0,0.0,0.0,0.0,0.0,0,0,0.0,0.0,0.0,0.0,0.0,0.0,2.0,1.0,0.05,0.8,0.0,0.0,1
544,2026-04-22T08:29:22.569Z,S20260422_092846,SC01,AUTO,,36.2069,0.0638,start,0,1500,VIDE,0.0,0.0,0.0,0.0,0.0,0.0,0,0,0.0,0.0,0.0,0.0,0.0,0.0,2.0,1.0,0.05,0.8,0.0,0.0,1
545,2026-04-22T08:29:22.631Z,S20260422_092846,SC01,AUTO,,36.2696,0.0626,start,0,1500,VIDE,0.0,0.0,0.0,0.0,0.0,0.0,0,0,0.0,0.0,0.0,0.0,0.0,0.0,2.0,1.0,0.05,0.8,0.0,0.0,1
546,2026-04-22T08:29:22.692Z,S20260422_092846,SC01,AUTO,,36.3305,0.061,start,0,1500,VIDE,0.0,0.0,0.0,0.0,0.0,0.0,0,0,0.0,0.0,0.0,0.0,0.0,0.0,2.0,1.0,0.05,0.8,0.0,0.0,1
547,2026-04-22T08:29:22.755Z,S20260422_092846,SC01,AUTO,,36.3936,0.0631,start,0,1500,VIDE,0.0,0.0,0.0,0.0,0.0,0.0,0,0,0.0,0.0,0.0,0.0,0.0,0.0,2.0,1.0,0.05,0.8,0.0,0.0,1
548,2026-04-22T08:29:22.819Z,S20260422_092846,SC01,AUTO,,36.457,0.0634,start,0,1500,VIDE,0.0,0.0,0.0,0.0,0.0,0.0,0,0,0.0,0.0,0.0,0.0,0.0,0.0,2.0,1.0,0.05,0.8,0.0,0.0,1
549,2026-04-22T08:29:22.885Z,S20260422_092846,SC01,AUTO,,36.5228,0.0658,start,0,1500,VIDE,0.0,0.0,0.0,0.0,0.0,0.0,0,0,0.0,0.0,0.0,0.0,0.0,0.0,2.0,1.0,0.05,0.8,0.0,0.0,1
550,2026-04-22T08:29:22.941Z,S20260422_092846,SC01,AUTO,,36.5796,0.0568,start,0,1500,VIDE,0.0,0.0,0.0,0.0,0.0,0.0,0,0,0.0,0.0,0.0,0.0,0.0,0.0,2.0,1.0,0.05,0.8,0.0,0.0,1
551,2026-04-22T08:29:23.004Z,S20260422_092846,SC01,AUTO,,36.6421,0.0625,start,0,1500,VIDE,0.0,0.0,0.0,0.0,0.0,0.0,0,0,0.0,0.0,0.0,0.0,0.0,0.0,2.0,1.0,0.05,0.8,0.0,0.0,1
552,2026-04-22T08:29:23.069Z,S20260422_092846,SC01,AUTO,,36.7077,0.0656,start,0,1500,VIDE,0.0,0.0,0.0,0.0,0.0,0.0,0,0,0.0,0.0,0.0,0.0,0.0,0.0,2.0,1.0,0.05,0.8,0.0,0.0,1
553,2026-04-22T08:29:23.135Z,S20260422_092846,SC01,AUTO,,36.7732,0.0656,start,0,1500,VIDE,0.0,0.0,0.0,0.0,0.0,0.0,0,0,0.0,0.0,0.0,0.0,0.0,0.0,2.0,1.0,0.05,0.8,0.0,0.0,1
554,2026-04-22T08:29:23.201Z,S20260422_092846,SC01,AUTO,,36.8389,0.0657,start,0,1500,VIDE,0.0,0.0,0.0,0.0,0.0,0.0,0,0,0.0,0.0,0.0,0.0,0.0,0.0,2.0,1.0,0.05,0.8,0.0,0.0,1
555,2026-04-22T08:29:23.266Z,S20260422_092846,SC01,AUTO,,36.904,0.0651,start,0,1500,VIDE,0.0,0.0,0.0,0.0,0.0,0.0,0,0,0.0,0.0,0.0,0.0,0.0,0.0,2.0,1.0,0.05,0.8,0.0,0.0,1
556,2026-04-22T08:29:23.319Z,S20260422_092846,SC01,AUTO,,36.9571,0.0531,start,0,1500,VIDE,0.0,0.0,0.0,0.0,0.0,0.0,0,0,0.0,0.0,0.0,0.0,0.0,0.0,2.0,1.0,0.05,0.8,0.0,0.0,1
557,2026-04-22T08:29:23.381Z,S20260422_092846,SC01,AUTO,,37.0193,0.0622,start,0,1500,VIDE,0.0,0.0,0.0,0.0,0.0,0.0,0,0,0.0,0.0,0.0,0.0,0.0,0.0,2.0,1.0,0.05,0.8,0.0,0.0,1
558,2026-04-22T08:29:23.444Z,S20260422_092846,SC01,AUTO,,37.0824,0.0631,start,0,1500,VIDE,0.0,0.0,0.0,0.0,0.0,0.0,0,0,0.0,0.0,0.0,0.0,0.0,0.0,2.0,1.0,0.05,0.8,0.0,0.0,1
559,2026-04-22T08:29:23.505Z,S20260422_092846,SC01,AUTO,,37.1435,0.0611,start,0,1500,VIDE,0.0,0.0,0.0,0.0,0.0,0.0,0,0,0.0,0.0,0.0,0.0,0.0,0.0,2.0,1.0,0.05,0.8,0.0,0.0,1
560,2026-04-22T08:29:23.568Z,S20260422_092846,SC01,AUTO,,37.2066,0.0631,start,0,1500,VIDE,0.0,0.0,0.0,0.0,0.0,0.0,0,0,0.0,0.0,0.0,0.0,0.0,0.0,2.0,1.0,0.05,0.8,0.0,0.0,1
561,2026-04-22T08:29:23.635Z,S20260422_092846,SC01,AUTO,,37.2736,0.067,start,0,1500,VIDE,0.0,0.0,0.0,0.0,0.0,0.0,0,0,0.0,0.0,0.0,0.0,0.0,0.0,2.0,1.0,0.05,0.8,0.0,0.0,1
562,2026-04-22T08:29:23.700Z,S20260422_092846,SC01,AUTO,,37.3379,0.0643,start,0,1500,VIDE,0.0,0.0,0.0,0.0,0.0,0.0,0,0,0.0,0.0,0.0,0.0,0.0,0.0,2.0,1.0,0.05,0.8,0.0,0.0,1
563,2026-04-22T08:29:23.763Z,S20260422_092846,SC01,AUTO,,37.4011,0.0632,start,0,1500,VIDE,0.0,0.0,0.0,0.0,0.0,0.0,0,0,0.0,0.0,0.0,0.0,0.0,0.0,2.0,1.0,0.05,0.8,0.0,0.0,1
564,2026-04-22T08:29:23.819Z,S20260422_092846,SC01,AUTO,,37.4569,0.0558,start,0,1500,VIDE,0.0,0.0,0.0,0.0,0.0,0.0,0,0,0.0,0.0,0.0,0.0,0.0,0.0,2.0,1.0,0.05,0.8,0.0,0.0,1
565,2026-04-22T08:29:23.886Z,S20260422_092846,SC01,AUTO,,37.5245,0.0676,start,0,1500,VIDE,0.0,0.0,0.0,0.0,0.0,0.0,0,0,0.0,0.0,0.0,0.0,0.0,0.0,2.0,1.0,0.05,0.8,0.0,0.0,1
566,2026-04-22T08:29:23.946Z,S20260422_092846,SC01,AUTO,,37.5838,0.0594,start,0,1500,VIDE,0.0,0.0,0.0,0.0,0.0,0.0,0,0,0.0,0.0,0.0,0.0,0.0,0.0,2.0,1.0,0.05,0.8,0.0,0.0,1
567,2026-04-22T08:29:24.004Z,S20260422_092846,SC01,AUTO,,37.6424,0.0586,start,0,1500,VIDE,0.0,0.0,0.0,0.0,0.0,0.0,0,0,0.0,0.0,0.0,0.0,0.0,0.0,2.0,1.0,0.05,0.8,0.0,0.0,1
568,2026-04-22T08:29:24.068Z,S20260422_092846,SC01,AUTO,,37.7068,0.0643,start,0,1500,VIDE,0.0,0.0,0.0,0.0,0.0,0.0,0,0,0.0,0.0,0.0,0.0,0.0,0.0,2.0,1.0,0.05,0.8,0.0,0.0,1
569,2026-04-22T08:29:24.132Z,S20260422_092846,SC01,AUTO,,37.77,0.0632,start,0,1500,VIDE,0.0,0.0,0.0,0.0,0.0,0.0,0,0,0.0,0.0,0.0,0.0,0.0,0.0,2.0,1.0,0.05,0.8,0.0,0.0,1
570,2026-04-22T08:29:24.197Z,S20260422_092846,SC01,AUTO,,37.8351,0.0651,start,0,1500,VIDE,0.0,0.0,0.0,0.0,0.0,0.0,0,0,0.0,0.0,0.0,0.0,0.0,0.0,2.0,1.0,0.05,0.8,0.0,0.0,1
571,2026-04-22T08:29:24.260Z,S20260422_092846,SC01,AUTO,,37.898,0.0629,start,0,1500,VIDE,0.0,0.0,0.0,0.0,0.0,0.0,0,0,0.0,0.0,0.0,0.0,0.0,0.0,2.0,1.0,0.05,0.8,0.0,0.0,1
572,2026-04-22T08:29:24.319Z,S20260422_092846,SC01,AUTO,,37.9569,0.059,start,0,1500,VIDE,0.0,0.0,0.0,0.0,0.0,0.0,0,0,0.0,0.0,0.0,0.0,0.0,0.0,2.0,1.0,0.05,0.8,0.0,0.0,1
573,2026-04-22T08:29:24.385Z,S20260422_092846,SC01,AUTO,,38.0235,0.0666,start,0,1500,VIDE,0.0,0.0,0.0,0.0,0.0,0.0,0,0,0.0,0.0,0.0,0.0,0.0,0.0,2.0,1.0,0.05,0.8,0.0,0.0,1
574,2026-04-22T08:29:24.446Z,S20260422_092846,SC01,AUTO,,38.0841,0.0606,start,0,1500,VIDE,0.0,0.0,0.0,0.0,0.0,0.0,0,0,0.0,0.0,0.0,0.0,0.0,0.0,2.0,1.0,0.05,0.8,0.0,0.0,1
575,2026-04-22T08:29:24.505Z,S20260422_092846,SC01,AUTO,,38.1434,0.0593,start,0,1500,VIDE,0.0,0.0,0.0,0.0,0.0,0.0,0,0,0.0,0.0,0.0,0.0,0.0,0.0,2.0,1.0,0.05,0.8,0.0,0.0,1
576,2026-04-22T08:29:24.567Z,S20260422_092846,SC01,AUTO,,38.2051,0.0618,start,0,1500,VIDE,0.0,0.0,0.0,0.0,0.0,0.0,0,0,0.0,0.0,0.0,0.0,0.0,0.0,2.0,1.0,0.05,0.8,0.0,0.0,1
577,2026-04-22T08:29:24.629Z,S20260422_092846,SC01,AUTO,,38.2677,0.0626,start,0,1500,VIDE,0.0,0.0,0.0,0.0,0.0,0.0,0,0,0.0,0.0,0.0,0.0,0.0,0.0,2.0,1.0,0.05,0.8,0.0,0.0,1
578,2026-04-22T08:29:24.692Z,S20260422_092846,SC01,AUTO,,38.3303,0.0627,start,0,1500,VIDE,0.0,0.0,0.0,0.0,0.0,0.0,0,0,0.0,0.0,0.0,0.0,0.0,0.0,2.0,1.0,0.05,0.8,0.0,0.0,1
579,2026-04-22T08:29:24.756Z,S20260422_092846,SC01,AUTO,,38.3947,0.0643,start,0,1500,VIDE,0.0,0.0,0.0,0.0,0.0,0.0,0,0,0.0,0.0,0.0,0.0,0.0,0.0,2.0,1.0,0.05,0.8,0.0,0.0,1
580,2026-04-22T08:29:24.818Z,S20260422_092846,SC01,AUTO,,38.4566,0.0619,start,0,1500,VIDE,0.0,0.0,0.0,0.0,0.0,0.0,0,0,0.0,0.0,0.0,0.0,0.0,0.0,2.0,1.0,0.05,0.8,0.0,0.0,1
581,2026-04-22T08:29:24.885Z,S20260422_092846,SC01,AUTO,,38.5228,0.0663,start,0,1500,VIDE,0.0,0.0,0.0,0.0,0.0,0.0,0,0,0.0,0.0,0.0,0.0,0.0,0.0,2.0,1.0,0.05,0.8,0.0,0.0,1
582,2026-04-22T08:29:24.946Z,S20260422_092846,SC01,AUTO,,38.584,0.0612,start,0,1500,VIDE,0.0,0.0,0.0,0.0,0.0,0.0,0,0,0.0,0.0,0.0,0.0,0.0,0.0,2.0,1.0,0.05,0.8,0.0,0.0,1
583,2026-04-22T08:29:25.005Z,S20260422_092846,SC01,AUTO,,38.6436,0.0595,start,0,1500,VIDE,0.0,0.0,0.0,0.0,0.0,0.0,0,0,0.0,0.0,0.0,0.0,0.0,0.0,2.0,1.0,0.05,0.8,0.0,0.0,1
584,2026-04-22T08:29:25.077Z,S20260422_092846,SC01,AUTO,,38.7152,0.0716,start,0,1500,VIDE,0.0,0.0,0.0,0.0,0.0,0.0,0,0,0.0,0.0,0.0,0.0,0.0,0.0,2.0,1.0,0.05,0.8,0.0,0.0,1
585,2026-04-22T08:29:25.136Z,S20260422_092846,SC01,AUTO,,38.774,0.0588,start,0,1500,VIDE,0.0,0.0,0.0,0.0,0.0,0.0,0,0,0.0,0.0,0.0,0.0,0.0,0.0,2.0,1.0,0.05,0.8,0.0,0.0,1
586,2026-04-22T08:29:25.202Z,S20260422_092846,SC01,AUTO,,38.8406,0.0665,start,0,1500,VIDE,0.0,0.0,0.0,0.0,0.0,0.0,0,0,0.0,0.0,0.0,0.0,0.0,0.0,2.0,1.0,0.05,0.8,0.0,0.0,1
587,2026-04-22T08:29:25.266Z,S20260422_092846,SC01,AUTO,,38.9038,0.0632,start,0,1500,VIDE,0.0,0.0,0.0,0.0,0.0,0.0,0,0,0.0,0.0,0.0,0.0,0.0,0.0,2.0,1.0,0.05,0.8,0.0,0.0,1
588,2026-04-22T08:29:25.316Z,S20260422_092846,SC01,AUTO,,38.9547,0.0509,start,0,1500,VIDE,0.0,0.0,0.0,0.0,0.0,0.0,0,0,0.0,0.0,0.0,0.0,0.0,0.0,2.0,1.0,0.05,0.8,0.0,0.0,1
589,2026-04-22T08:29:25.381Z,S20260422_092846,SC01,AUTO,,39.0194,0.0646,start,0,1500,VIDE,0.0,0.0,0.0,0.0,0.0,0.0,0,0,0.0,0.0,0.0,0.0,0.0,0.0,2.0,1.0,0.05,0.8,0.0,0.0,1
590,2026-04-22T08:29:25.445Z,S20260422_092846,SC01,AUTO,,39.0829,0.0635,start,0,1500,VIDE,0.0,0.0,0.0,0.0,0.0,0.0,0,0,0.0,0.0,0.0,0.0,0.0,0.0,2.0,1.0,0.05,0.8,0.0,0.0,1
591,2026-04-22T08:29:25.505Z,S20260422_092846,SC01,AUTO,,39.1429,0.06,start,0,1500,VIDE,0.0,0.0,0.0,0.0,0.0,0.0,0,0,0.0,0.0,0.0,0.0,0.0,0.0,2.0,1.0,0.05,0.8,0.0,0.0,1
592,2026-04-22T08:29:25.567Z,S20260422_092846,SC01,AUTO,,39.2055,0.0626,start,0,1500,VIDE,0.0,0.0,0.0,0.0,0.0,0.0,0,0,0.0,0.0,0.0,0.0,0.0,0.0,2.0,1.0,0.05,0.8,0.0,0.0,1
593,2026-04-22T08:29:25.636Z,S20260422_092846,SC01,AUTO,,39.2739,0.0685,start,0,1500,VIDE,0.0,0.0,0.0,0.0,0.0,0.0,0,0,0.0,0.0,0.0,0.0,0.0,0.0,2.0,1.0,0.05,0.8,0.0,0.0,1
594,2026-04-22T08:29:25.701Z,S20260422_092846,SC01,AUTO,,39.339,0.065,start,0,1500,VIDE,0.0,0.0,0.0,0.0,0.0,0.0,0,0,0.0,0.0,0.0,0.0,0.0,0.0,2.0,1.0,0.05,0.8,0.0,0.0,1
595,2026-04-22T08:29:25.763Z,S20260422_092846,SC01,AUTO,,39.4013,0.0624,start,0,1500,VIDE,0.0,0.0,0.0,0.0,0.0,0.0,0,0,0.0,0.0,0.0,0.0,0.0,0.0,2.0,1.0,0.05,0.8,0.0,0.0,1
596,2026-04-22T08:29:25.818Z,S20260422_092846,SC01,AUTO,,39.4561,0.0548,start,0,1500,VIDE,0.0,0.0,0.0,0.0,0.0,0.0,0,0,0.0,0.0,0.0,0.0,0.0,0.0,2.0,1.0,0.05,0.8,0.0,0.0,1
597,2026-04-22T08:29:25.885Z,S20260422_092846,SC01,AUTO,,39.5237,0.0676,start,0,1500,VIDE,0.0,0.0,0.0,0.0,0.0,0.0,0,0,0.0,0.0,0.0,0.0,0.0,0.0,2.0,1.0,0.05,0.8,0.0,0.0,1
598,2026-04-22T08:29:25.947Z,S20260422_092846,SC01,AUTO,,39.5848,0.0611,start,0,1500,VIDE,0.0,0.0,0.0,0.0,0.0,0.0,0,0,0.0,0.0,0.0,0.0,0.0,0.0,2.0,1.0,0.05,0.8,0.0,0.0,1
599,2026-04-22T08:29:26.005Z,S20260422_092846,SC01,AUTO,,39.643,0.0582,start,0,1500,VIDE,0.0,0.0,0.0,0.0,0.0,0.0,0,0,0.0,0.0,0.0,0.0,0.0,0.0,2.0,1.0,0.05,0.8,0.0,0.0,1
600,2026-04-22T08:29:26.067Z,S20260422_092846,SC01,AUTO,,39.7055,0.0626,start,0,1500,VIDE,0.0,0.0,0.0,0.0,0.0,0.0,0,0,0.0,0.0,0.0,0.0,0.0,0.0,2.0,1.0,0.05,0.8,0.0,0.0,1
601,2026-04-22T08:29:26.133Z,S20260422_092846,SC01,AUTO,,39.7708,0.0652,start,0,1500,VIDE,0.0,0.0,0.0,0.0,0.0,0.0,0,0,0.0,0.0,0.0,0.0,0.0,0.0,2.0,1.0,0.05,0.8,0.0,0.0,1
602,2026-04-22T08:29:26.197Z,S20260422_092846,SC01,AUTO,,39.8348,0.0641,start,0,1500,VIDE,0.0,0.0,0.0,0.0,0.0,0.0,0,0,0.0,0.0,0.0,0.0,0.0,0.0,2.0,1.0,0.05,0.8,0.0,0.0,1
603,2026-04-22T08:29:26.260Z,S20260422_092846,SC01,AUTO,,39.8986,0.0637,start,0,1500,VIDE,0.0,0.0,0.0,0.0,0.0,0.0,0,0,0.0,0.0,0.0,0.0,0.0,0.0,2.0,1.0,0.05,0.8,0.0,0.0,1
604,2026-04-22T08:29:26.318Z,S20260422_092846,SC01,AUTO,,39.9559,0.0573,start,0,1500,VIDE,0.0,0.0,0.0,0.0,0.0,0.0,0,0,0.0,0.0,0.0,0.0,0.0,0.0,2.0,1.0,0.05,0.8,0.0,0.0,1
605,2026-04-22T08:29:26.387Z,S20260422_092846,SC01,AUTO,,40.0257,0.0698,start,0,1500,VIDE,0.0,0.0,0.0,0.0,0.0,0.0,0,0,0.0,0.0,0.0,0.0,0.0,0.0,2.0,1.0,0.05,0.8,0.0,0.0,1
606,2026-04-22T08:29:26.445Z,S20260422_092846,SC01,AUTO,,40.0836,0.0579,start,0,1500,VIDE,0.0,0.0,0.0,0.0,0.0,0.0,0,0,0.0,0.0,0.0,0.0,0.0,0.0,2.0,1.0,0.05,0.8,0.0,0.0,1
607,2026-04-22T08:29:26.505Z,S20260422_092846,SC01,AUTO,,40.1436,0.06,start,0,1500,VIDE,0.0,0.0,0.0,0.0,0.0,0.0,0,0,0.0,0.0,0.0,0.0,0.0,0.0,2.0,1.0,0.05,0.8,0.0,0.0,1
608,2026-04-22T08:29:26.567Z,S20260422_092846,SC01,AUTO,,40.2058,0.0622,start,0,1500,VIDE,0.0,0.0,0.0,0.0,0.0,0.0,0,0,0.0,0.0,0.0,0.0,0.0,0.0,2.0,1.0,0.05,0.8,0.0,0.0,1
609,2026-04-22T08:29:26.636Z,S20260422_092846,SC01,AUTO,,40.274,0.0682,start,0,1500,VIDE,0.0,0.0,0.0,0.0,0.0,0.0,0,0,0.0,0.0,0.0,0.0,0.0,0.0,2.0,1.0,0.05,0.8,0.0,0.0,1
610,2026-04-22T08:29:26.692Z,S20260422_092846,SC01,AUTO,,40.3301,0.0561,start,0,1500,VIDE,0.0,0.0,0.0,0.0,0.0,0.0,0,0,0.0,0.0,0.0,0.0,0.0,0.0,2.0,1.0,0.05,0.8,0.0,0.0,1
611,2026-04-22T08:29:26.757Z,S20260422_092846,SC01,AUTO,,40.3951,0.065,start,0,1500,VIDE,0.0,0.0,0.0,0.0,0.0,0.0,0,0,0.0,0.0,0.0,0.0,0.0,0.0,2.0,1.0,0.05,0.8,0.0,0.0,1
612,2026-04-22T08:29:26.819Z,S20260422_092846,SC01,AUTO,,40.4568,0.0618,start,0,1500,VIDE,0.0,0.0,0.0,0.0,0.0,0.0,0,0,0.0,0.0,0.0,0.0,0.0,0.0,2.0,1.0,0.05,0.8,0.0,0.0,1
613,2026-04-22T08:29:26.885Z,S20260422_092846,SC01,AUTO,,40.5231,0.0663,start,0,1500,VIDE,0.0,0.0,0.0,0.0,0.0,0.0,0,0,0.0,0.0,0.0,0.0,0.0,0.0,2.0,1.0,0.05,0.8,0.0,0.0,1
614,2026-04-22T08:29:26.945Z,S20260422_092846,SC01,AUTO,,40.5835,0.0604,start,0,1500,VIDE,0.0,0.0,0.0,0.0,0.0,0.0,0,0,0.0,0.0,0.0,0.0,0.0,0.0,2.0,1.0,0.05,0.8,0.0,0.0,1
615,2026-04-22T08:29:27.005Z,S20260422_092846,SC01,AUTO,,40.6436,0.0601,start,0,1500,VIDE,0.0,0.0,0.0,0.0,0.0,0.0,0,0,0.0,0.0,0.0,0.0,0.0,0.0,2.0,1.0,0.05,0.8,0.0,0.0,1
616,2026-04-22T08:29:27.069Z,S20260422_092846,SC01,AUTO,,40.7068,0.0633,start,0,1500,VIDE,0.0,0.0,0.0,0.0,0.0,0.0,0,0,0.0,0.0,0.0,0.0,0.0,0.0,2.0,1.0,0.05,0.8,0.0,0.0,1
617,2026-04-22T08:29:27.132Z,S20260422_092846,SC01,AUTO,,40.7708,0.0639,start,0,1500,VIDE,0.0,0.0,0.0,0.0,0.0,0.0,0,0,0.0,0.0,0.0,0.0,0.0,0.0,2.0,1.0,0.05,0.8,0.0,0.0,1
618,2026-04-22T08:29:27.199Z,S20260422_092846,SC01,AUTO,,40.8373,0.0666,start,0,1500,VIDE,0.0,0.0,0.0,0.0,0.0,0.0,0,0,0.0,0.0,0.0,0.0,0.0,0.0,2.0,1.0,0.05,0.8,0.0,0.0,1
619,2026-04-22T08:29:27.261Z,S20260422_092846,SC01,AUTO,,40.8994,0.0621,start,0,1500,VIDE,0.0,0.0,0.0,0.0,0.0,0.0,0,0,0.0,0.0,0.0,0.0,0.0,0.0,2.0,1.0,0.05,0.8,0.0,0.0,1
620,2026-04-22T08:29:27.318Z,S20260422_092846,SC01,AUTO,,40.9559,0.0565,start,0,1500,VIDE,0.0,0.0,0.0,0.0,0.0,0.0,0,0,0.0,0.0,0.0,0.0,0.0,0.0,2.0,1.0,0.05,0.8,0.0,0.0,1
621,2026-04-22T08:29:27.382Z,S20260422_092846,SC01,AUTO,,41.0202,0.0643,start,0,1500,VIDE,0.0,0.0,0.0,0.0,0.0,0.0,0,0,0.0,0.0,0.0,0.0,0.0,0.0,2.0,1.0,0.05,0.8,0.0,0.0,1
622,2026-04-22T08:29:27.444Z,S20260422_092846,SC01,AUTO,,41.0821,0.0619,start,0,1500,VIDE,0.0,0.0,0.0,0.0,0.0,0.0,0,0,0.0,0.0,0.0,0.0,0.0,0.0,2.0,1.0,0.05,0.8,0.0,0.0,1
623,2026-04-22T08:29:27.505Z,S20260422_092846,SC01,AUTO,,41.1437,0.0616,start,0,1500,VIDE,0.0,0.0,0.0,0.0,0.0,0.0,0,0,0.0,0.0,0.0,0.0,0.0,0.0,2.0,1.0,0.05,0.8,0.0,0.0,1
624,2026-04-22T08:29:27.567Z,S20260422_092846,SC01,AUTO,,41.2052,0.0615,start,0,1500,VIDE,0.0,0.0,0.0,0.0,0.0,0.0,0,0,0.0,0.0,0.0,0.0,0.0,0.0,2.0,1.0,0.05,0.8,0.0,0.0,1
625,2026-04-22T08:29:27.635Z,S20260422_092846,SC01,AUTO,,41.2731,0.0679,start,0,1500,VIDE,0.0,0.0,0.0,0.0,0.0,0.0,0,0,0.0,0.0,0.0,0.0,0.0,0.0,2.0,1.0,0.05,0.8,0.0,0.0,1
626,2026-04-22T08:29:27.698Z,S20260422_092846,SC01,AUTO,,41.3363,0.0632,start,0,1500,VIDE,0.0,0.0,0.0,0.0,0.0,0.0,0,0,0.0,0.0,0.0,0.0,0.0,0.0,2.0,1.0,0.05,0.8,0.0,0.0,1
627,2026-04-22T08:29:27.761Z,S20260422_092846,SC01,AUTO,,41.3995,0.0632,start,0,1500,VIDE,0.0,0.0,0.0,0.0,0.0,0.0,0,0,0.0,0.0,0.0,0.0,0.0,0.0,2.0,1.0,0.05,0.8,0.0,0.0,1
628,2026-04-22T08:29:27.817Z,S20260422_092846,SC01,AUTO,,41.4553,0.0557,start,0,1500,VIDE,0.0,0.0,0.0,0.0,0.0,0.0,0,0,0.0,0.0,0.0,0.0,0.0,0.0,2.0,1.0,0.05,0.8,0.0,0.0,1
629,2026-04-22T08:29:27.885Z,S20260422_092846,SC01,AUTO,,41.5229,0.0676,start,0,1500,VIDE,0.0,0.0,0.0,0.0,0.0,0.0,0,0,0.0,0.0,0.0,0.0,0.0,0.0,2.0,1.0,0.05,0.8,0.0,0.0,1
630,2026-04-22T08:29:27.946Z,S20260422_092846,SC01,AUTO,,41.5841,0.0612,start,0,1500,VIDE,0.0,0.0,0.0,0.0,0.0,0.0,0,0,0.0,0.0,0.0,0.0,0.0,0.0,2.0,1.0,0.05,0.8,0.0,0.0,1
631,2026-04-22T08:29:28.004Z,S20260422_092846,SC01,AUTO,,41.6419,0.0578,start,0,1500,VIDE,0.0,0.0,0.0,0.0,0.0,0.0,0,0,0.0,0.0,0.0,0.0,0.0,0.0,2.0,1.0,0.05,0.8,0.0,0.0,1
632,2026-04-22T08:29:28.068Z,S20260422_092846,SC01,AUTO,,41.706,0.0641,start,0,1500,VIDE,0.0,0.0,0.0,0.0,0.0,0.0,0,0,0.0,0.0,0.0,0.0,0.0,0.0,2.0,1.0,0.05,0.8,0.0,0.0,1
633,2026-04-22T08:29:28.133Z,S20260422_092846,SC01,AUTO,,41.7714,0.0653,start,0,1500,VIDE,0.0,0.0,0.0,0.0,0.0,0.0,0,0,0.0,0.0,0.0,0.0,0.0,0.0,2.0,1.0,0.05,0.8,0.0,0.0,1
634,2026-04-22T08:29:28.197Z,S20260422_092846,SC01,AUTO,,41.835,0.0636,start,0,1500,VIDE,0.0,0.0,0.0,0.0,0.0,0.0,0,0,0.0,0.0,0.0,0.0,0.0,0.0,2.0,1.0,0.05,0.8,0.0,0.0,1
635,2026-04-22T08:29:28.254Z,S20260422_092846,SC01,AUTO,,41.892,0.057,start,0,1500,VIDE,0.0,0.0,0.0,0.0,0.0,0.0,0,0,0.0,0.0,0.0,0.0,0.0,0.0,2.0,1.0,0.05,0.8,0.0,0.0,1
636,2026-04-22T08:29:28.317Z,S20260422_092846,SC01,AUTO,,41.9557,0.0637,start,0,1500,VIDE,0.0,0.0,0.0,0.0,0.0,0.0,0,0,0.0,0.0,0.0,0.0,0.0,0.0,2.0,1.0,0.05,0.8,0.0,0.0,1
637,2026-04-22T08:29:28.385Z,S20260422_092846,SC01,AUTO,,42.0231,0.0674,start,0,1500,VIDE,0.0,0.0,0.0,0.0,0.0,0.0,0,0,0.0,0.0,0.0,0.0,0.0,0.0,2.0,1.0,0.05,0.8,0.0,0.0,1
638,2026-04-22T08:29:28.445Z,S20260422_092846,SC01,AUTO,,42.0829,0.0598,start,0,1500,VIDE,0.0,0.0,0.0,0.0,0.0,0.0,0,0,0.0,0.0,0.0,0.0,0.0,0.0,2.0,1.0,0.05,0.8,0.0,0.0,1
639,2026-04-22T08:29:28.505Z,S20260422_092846,SC01,AUTO,,42.1435,0.0606,start,0,1500,VIDE,0.0,0.0,0.0,0.0,0.0,0.0,0,0,0.0,0.0,0.0,0.0,0.0,0.0,2.0,1.0,0.05,0.8,0.0,0.0,1
640,2026-04-22T08:29:28.567Z,S20260422_092846,SC01,AUTO,,42.2056,0.0621,start,0,1500,VIDE,0.0,0.0,0.0,0.0,0.0,0.0,0,0,0.0,0.0,0.0,0.0,0.0,0.0,2.0,1.0,0.05,0.8,0.0,0.0,1
641,2026-04-22T08:29:28.631Z,S20260422_092846,SC01,AUTO,,42.2697,0.0641,start,0,1500,VIDE,0.0,0.0,0.0,0.0,0.0,0.0,0,0,0.0,0.0,0.0,0.0,0.0,0.0,2.0,1.0,0.05,0.8,0.0,0.0,1
642,2026-04-22T08:29:28.692Z,S20260422_092846,SC01,AUTO,,42.33,0.0603,start,0,1500,VIDE,0.0,0.0,0.0,0.0,0.0,0.0,0,0,0.0,0.0,0.0,0.0,0.0,0.0,2.0,1.0,0.05,0.8,0.0,0.0,1
643,2026-04-22T08:29:28.757Z,S20260422_092846,SC01,AUTO,,42.3949,0.0649,start,0,1500,VIDE,0.0,0.0,0.0,0.0,0.0,0.0,0,0,0.0,0.0,0.0,0.0,0.0,0.0,2.0,1.0,0.05,0.8,0.0,0.0,1
644,2026-04-22T08:29:28.817Z,S20260422_092846,SC01,AUTO,,42.4558,0.0608,start,0,1500,VIDE,0.0,0.0,0.0,0.0,0.0,0.0,0,0,0.0,0.0,0.0,0.0,0.0,0.0,2.0,1.0,0.05,0.8,0.0,0.0,1
645,2026-04-22T08:29:28.885Z,S20260422_092846,SC01,AUTO,,42.5229,0.0671,start,0,1500,VIDE,0.0,0.0,0.0,0.0,0.0,0.0,0,0,0.0,0.0,0.0,0.0,0.0,0.0,2.0,1.0,0.05,0.8,0.0,0.0,1
646,2026-04-22T08:29:28.946Z,S20260422_092846,SC01,AUTO,,42.5843,0.0614,start,0,1500,VIDE,0.0,0.0,0.0,0.0,0.0,0.0,0,0,0.0,0.0,0.0,0.0,0.0,0.0,2.0,1.0,0.05,0.8,0.0,0.0,1
647,2026-04-22T08:29:29.005Z,S20260422_092846,SC01,AUTO,,42.6435,0.0592,start,0,1500,VIDE,0.0,0.0,0.0,0.0,0.0,0.0,0,0,0.0,0.0,0.0,0.0,0.0,0.0,2.0,1.0,0.05,0.8,0.0,0.0,1
648,2026-04-22T08:29:29.067Z,S20260422_092846,SC01,AUTO,,42.7055,0.062,start,0,1500,VIDE,0.0,0.0,0.0,0.0,0.0,0.0,0,0,0.0,0.0,0.0,0.0,0.0,0.0,2.0,1.0,0.05,0.8,0.0,0.0,1
649,2026-04-22T08:29:29.134Z,S20260422_092846,SC01,AUTO,,42.7726,0.067,start,0,1500,VIDE,0.0,0.0,0.0,0.0,0.0,0.0,0,0,0.0,0.0,0.0,0.0,0.0,0.0,2.0,1.0,0.05,0.8,0.0,0.0,1
650,2026-04-22T08:29:29.201Z,S20260422_092846,SC01,AUTO,,42.8388,0.0663,start,0,1500,VIDE,0.0,0.0,0.0,0.0,0.0,0.0,0,0,0.0,0.0,0.0,0.0,0.0,0.0,2.0,1.0,0.05,0.8,0.0,0.0,1
651,2026-04-22T08:29:29.266Z,S20260422_092846,SC01,AUTO,,42.9039,0.0651,start,0,1500,VIDE,0.0,0.0,0.0,0.0,0.0,0.0,0,0,0.0,0.0,0.0,0.0,0.0,0.0,2.0,1.0,0.05,0.8,0.0,0.0,1
652,2026-04-22T08:29:29.317Z,S20260422_092846,SC01,AUTO,,42.9549,0.051,start,0,1500,VIDE,0.0,0.0,0.0,0.0,0.0,0.0,0,0,0.0,0.0,0.0,0.0,0.0,0.0,2.0,1.0,0.05,0.8,0.0,0.0,1
653,2026-04-22T08:29:29.381Z,S20260422_092846,SC01,AUTO,,43.0192,0.0643,start,0,1500,VIDE,0.0,0.0,0.0,0.0,0.0,0.0,0,0,0.0,0.0,0.0,0.0,0.0,0.0,2.0,1.0,0.05,0.8,0.0,0.0,1
654,2026-04-22T08:29:29.444Z,S20260422_092846,SC01,AUTO,,43.0822,0.063,start,0,1500,VIDE,0.0,0.0,0.0,0.0,0.0,0.0,0,0,0.0,0.0,0.0,0.0,0.0,0.0,2.0,1.0,0.05,0.8,0.0,0.0,1
655,2026-04-22T08:29:29.505Z,S20260422_092846,SC01,AUTO,,43.1435,0.0613,start,0,1500,VIDE,0.0,0.0,0.0,0.0,0.0,0.0,0,0,0.0,0.0,0.0,0.0,0.0,0.0,2.0,1.0,0.05,0.8,0.0,0.0,1
656,2026-04-22T08:29:29.569Z,S20260422_092846,SC01,AUTO,,43.207,0.0635,start,0,1500,VIDE,0.0,0.0,0.0,0.0,0.0,0.0,0,0,0.0,0.0,0.0,0.0,0.0,0.0,2.0,1.0,0.05,0.8,0.0,0.0,1
657,2026-04-22T08:29:29.635Z,S20260422_092846,SC01,AUTO,,43.2733,0.0663,start,0,1500,VIDE,0.0,0.0,0.0,0.0,0.0,0.0,0,0,0.0,0.0,0.0,0.0,0.0,0.0,2.0,1.0,0.05,0.8,0.0,0.0,1
658,2026-04-22T08:29:29.700Z,S20260422_092846,SC01,AUTO,,43.338,0.0647,start,0,1500,VIDE,0.0,0.0,0.0,0.0,0.0,0.0,0,0,0.0,0.0,0.0,0.0,0.0,0.0,2.0,1.0,0.05,0.8,0.0,0.0,1
659,2026-04-22T08:29:29.765Z,S20260422_092846,SC01,AUTO,,43.403,0.0649,start,0,1500,VIDE,0.0,0.0,0.0,0.0,0.0,0.0,0,0,0.0,0.0,0.0,0.0,0.0,0.0,2.0,1.0,0.05,0.8,0.0,0.0,1
660,2026-04-22T08:29:29.819Z,S20260422_092846,SC01,AUTO,,43.4573,0.0543,start,0,1500,VIDE,0.0,0.0,0.0,0.0,0.0,0.0,0,0,0.0,0.0,0.0,0.0,0.0,0.0,2.0,1.0,0.05,0.8,0.0,0.0,1
661,2026-04-22T08:29:29.885Z,S20260422_092846,SC01,AUTO,,43.5231,0.0658,start,0,1500,VIDE,0.0,0.0,0.0,0.0,0.0,0.0,0,0,0.0,0.0,0.0,0.0,0.0,0.0,2.0,1.0,0.05,0.8,0.0,0.0,1
662,2026-04-22T08:29:29.945Z,S20260422_092846,SC01,AUTO,,43.5835,0.0604,start,0,1500,VIDE,0.0,0.0,0.0,0.0,0.0,0.0,0,0,0.0,0.0,0.0,0.0,0.0,0.0,2.0,1.0,0.05,0.8,0.0,0.0,1
663,2026-04-22T08:29:30.004Z,S20260422_092846,SC01,AUTO,,43.6421,0.0586,start,0,1500,VIDE,0.0,0.0,0.0,0.0,0.0,0.0,0,0,0.0,0.0,0.0,0.0,0.0,0.0,2.0,1.0,0.05,0.8,0.0,0.0,1
664,2026-04-22T08:29:30.068Z,S20260422_092846,SC01,AUTO,,43.706,0.0638,start,0,1500,VIDE,0.0,0.0,0.0,0.0,0.0,0.0,0,0,0.0,0.0,0.0,0.0,0.0,0.0,2.0,1.0,0.05,0.8,0.0,0.0,1
665,2026-04-22T08:29:30.133Z,S20260422_092846,SC01,AUTO,,43.7712,0.0652,start,0,1500,VIDE,0.0,0.0,0.0,0.0,0.0,0.0,0,0,0.0,0.0,0.0,0.0,0.0,0.0,2.0,1.0,0.05,0.8,0.0,0.0,1
666,2026-04-22T08:29:30.196Z,S20260422_092846,SC01,AUTO,,43.8347,0.0636,start,0,1500,VIDE,0.0,0.0,0.0,0.0,0.0,0.0,0,0,0.0,0.0,0.0,0.0,0.0,0.0,2.0,1.0,0.05,0.8,0.0,0.0,1
667,2026-04-22T08:29:30.260Z,S20260422_092846,SC01,AUTO,,43.8981,0.0634,start,0,1500,VIDE,0.0,0.0,0.0,0.0,0.0,0.0,0,0,0.0,0.0,0.0,0.0,0.0,0.0,2.0,1.0,0.05,0.8,0.0,0.0,1
668,2026-04-22T08:29:30.319Z,S20260422_092846,SC01,AUTO,,43.9568,0.0587,start,0,1500,VIDE,0.0,0.0,0.0,0.0,0.0,0.0,0,0,0.0,0.0,0.0,0.0,0.0,0.0,2.0,1.0,0.05,0.8,0.0,0.0,1
669,2026-04-22T08:29:30.385Z,S20260422_092846,SC01,AUTO,,44.0235,0.0666,start,0,1500,VIDE,0.0,0.0,0.0,0.0,0.0,0.0,0,0,0.0,0.0,0.0,0.0,0.0,0.0,2.0,1.0,0.05,0.8,0.0,0.0,1
670,2026-04-22T08:29:30.445Z,S20260422_092846,SC01,AUTO,,44.0832,0.0597,start,0,1500,VIDE,0.0,0.0,0.0,0.0,0.0,0.0,0,0,0.0,0.0,0.0,0.0,0.0,0.0,2.0,1.0,0.05,0.8,0.0,0.0,1
671,2026-04-22T08:29:30.506Z,S20260422_092846,SC01,AUTO,,44.1441,0.0609,start,0,1500,VIDE,0.0,0.0,0.0,0.0,0.0,0.0,0,0,0.0,0.0,0.0,0.0,0.0,0.0,2.0,1.0,0.05,0.8,0.0,0.0,1
672,2026-04-22T08:29:30.567Z,S20260422_092846,SC01,AUTO,,44.2054,0.0613,start,0,1500,VIDE,0.0,0.0,0.0,0.0,0.0,0.0,0,0,0.0,0.0,0.0,0.0,0.0,0.0,2.0,1.0,0.05,0.8,0.0,0.0,1
673,2026-04-22T08:29:30.636Z,S20260422_092846,SC01,AUTO,,44.2747,0.0693,start,0,1500,VIDE,0.0,0.0,0.0,0.0,0.0,0.0,0,0,0.0,0.0,0.0,0.0,0.0,0.0,2.0,1.0,0.05,0.8,0.0,0.0,1
674,2026-04-22T08:29:30.692Z,S20260422_092846,SC01,AUTO,,44.3305,0.0558,start,0,1500,VIDE,0.0,0.0,0.0,0.0,0.0,0.0,0,0,0.0,0.0,0.0,0.0,0.0,0.0,2.0,1.0,0.05,0.8,0.0,0.0,1
675,2026-04-22T08:29:30.756Z,S20260422_092846,SC01,AUTO,,44.3943,0.0638,start,0,1500,VIDE,0.0,0.0,0.0,0.0,0.0,0.0,0,0,0.0,0.0,0.0,0.0,0.0,0.0,2.0,1.0,0.05,0.8,0.0,0.0,1
676,2026-04-22T08:29:30.817Z,S20260422_092846,SC01,AUTO,,44.4552,0.0609,start,0,1500,VIDE,0.0,0.0,0.0,0.0,0.0,0.0,0,0,0.0,0.0,0.0,0.0,0.0,0.0,2.0,1.0,0.05,0.8,0.0,0.0,1
677,2026-04-22T08:29:30.881Z,S20260422_092846,SC01,AUTO,,44.5193,0.0641,start,0,1500,VIDE,0.0,0.0,0.0,0.0,0.0,0.0,0,0,0.0,0.0,0.0,0.0,0.0,0.0,2.0,1.0,0.05,0.8,0.0,0.0,1
678,2026-04-22T08:29:30.942Z,S20260422_092846,SC01,AUTO,,44.5806,0.0613,start,0,1500,VIDE,0.0,0.0,0.0,0.0,0.0,0.0,0,0,0.0,0.0,0.0,0.0,0.0,0.0,2.0,1.0,0.05,0.8,0.0,0.0,1
679,2026-04-22T08:29:31.004Z,S20260422_092846,SC01,AUTO,,44.6422,0.0616,start,0,1500,VIDE,0.0,0.0,0.0,0.0,0.0,0.0,0,0,0.0,0.0,0.0,0.0,0.0,0.0,2.0,1.0,0.05,0.8,0.0,0.0,1
680,2026-04-22T08:29:31.067Z,S20260422_092846,SC01,AUTO,,44.7052,0.063,start,0,1500,VIDE,0.0,0.0,0.0,0.0,0.0,0.0,0,0,0.0,0.0,0.0,0.0,0.0,0.0,2.0,1.0,0.05,0.8,0.0,0.0,1
681,2026-04-22T08:29:31.129Z,S20260422_092846,SC01,AUTO,,44.7677,0.0625,start,0,1500,VIDE,0.0,0.0,0.0,0.0,0.0,0.0,0,0,0.0,0.0,0.0,0.0,0.0,0.0,2.0,1.0,0.05,0.8,0.0,0.0,1
682,2026-04-22T08:29:31.193Z,S20260422_092846,SC01,AUTO,,44.8311,0.0634,start,0,1500,VIDE,0.0,0.0,0.0,0.0,0.0,0.0,0,0,0.0,0.0,0.0,0.0,0.0,0.0,2.0,1.0,0.05,0.8,0.0,0.0,1
683,2026-04-22T08:29:31.256Z,S20260422_092846,SC01,AUTO,,44.8943,0.0632,start,0,1500,VIDE,0.0,0.0,0.0,0.0,0.0,0.0,0,0,0.0,0.0,0.0,0.0,0.0,0.0,2.0,1.0,0.05,0.8,0.0,0.0,1
684,2026-04-22T08:29:31.317Z,S20260422_092846,SC01,AUTO,,44.955,0.0607,start,0,1500,VIDE,0.0,0.0,0.0,0.0,0.0,0.0,0,0,0.0,0.0,0.0,0.0,0.0,0.0,2.0,1.0,0.05,0.8,0.0,0.0,1
685,2026-04-22T08:29:31.381Z,S20260422_092846,SC01,AUTO,,45.0193,0.0643,start,0,1500,VIDE,0.0,0.0,0.0,0.0,0.0,0.0,0,0,0.0,0.0,0.0,0.0,0.0,0.0,2.0,1.0,0.05,0.8,0.0,0.0,1
686,2026-04-22T08:29:31.442Z,S20260422_092846,SC01,AUTO,,45.0803,0.061,start,0,1500,VIDE,0.0,0.0,0.0,0.0,0.0,0.0,0,0,0.0,0.0,0.0,0.0,0.0,0.0,2.0,1.0,0.05,0.8,0.0,0.0,1
687,2026-04-22T08:29:31.505Z,S20260422_092846,SC01,AUTO,,45.1436,0.0633,start,0,1500,VIDE,0.0,0.0,0.0,0.0,0.0,0.0,0,0,0.0,0.0,0.0,0.0,0.0,0.0,2.0,1.0,0.05,0.8,0.0,0.0,1
688,2026-04-22T08:29:31.568Z,S20260422_092846,SC01,AUTO,,45.2059,0.0623,start,0,1500,VIDE,0.0,0.0,0.0,0.0,0.0,0.0,0,0,0.0,0.0,0.0,0.0,0.0,0.0,2.0,1.0,0.05,0.8,0.0,0.0,1
689,2026-04-22T08:29:31.632Z,S20260422_092846,SC01,AUTO,,45.2705,0.0645,start,0,1500,VIDE,0.0,0.0,0.0,0.0,0.0,0.0,0,0,0.0,0.0,0.0,0.0,0.0,0.0,2.0,1.0,0.05,0.8,0.0,0.0,1
690,2026-04-22T08:29:31.693Z,S20260422_092846,SC01,AUTO,,45.331,0.0606,start,0,1500,VIDE,0.0,0.0,0.0,0.0,0.0,0.0,0,0,0.0,0.0,0.0,0.0,0.0,0.0,2.0,1.0,0.05,0.8,0.0,0.0,1
691,2026-04-22T08:29:31.755Z,S20260422_092846,SC01,AUTO,,45.3932,0.0621,start,0,1500,VIDE,0.0,0.0,0.0,0.0,0.0,0.0,0,0,0.0,0.0,0.0,0.0,0.0,0.0,2.0,1.0,0.05,0.8,0.0,0.0,1
692,2026-04-22T08:29:31.817Z,S20260422_092846,SC01,AUTO,,45.4553,0.0621,start,0,1500,VIDE,0.0,0.0,0.0,0.0,0.0,0.0,0,0,0.0,0.0,0.0,0.0,0.0,0.0,2.0,1.0,0.05,0.8,0.0,0.0,1
693,2026-04-22T08:29:31.884Z,S20260422_092846,SC01,AUTO,,45.5226,0.0673,start,0,1500,VIDE,0.0,0.0,0.0,0.0,0.0,0.0,0,0,0.0,0.0,0.0,0.0,0.0,0.0,2.0,1.0,0.05,0.8,0.0,0.0,1
694,2026-04-22T08:29:31.943Z,S20260422_092846,SC01,AUTO,,45.5811,0.0585,start,0,1500,VIDE,0.0,0.0,0.0,0.0,0.0,0.0,0,0,0.0,0.0,0.0,0.0,0.0,0.0,2.0,1.0,0.05,0.8,0.0,0.0,1
695,2026-04-22T08:29:32.004Z,S20260422_092846,SC01,AUTO,,45.6423,0.0612,start,0,1500,VIDE,0.0,0.0,0.0,0.0,0.0,0.0,0,0,0.0,0.0,0.0,0.0,0.0,0.0,2.0,1.0,0.05,0.8,0.0,0.0,1
696,2026-04-22T08:29:32.067Z,S20260422_092846,SC01,AUTO,,45.7057,0.0634,start,0,1500,VIDE,0.0,0.0,0.0,0.0,0.0,0.0,0,0,0.0,0.0,0.0,0.0,0.0,0.0,2.0,1.0,0.05,0.8,0.0,0.0,1
697,2026-04-22T08:29:32.131Z,S20260422_092846,SC01,AUTO,,45.7697,0.064,start,0,1500,VIDE,0.0,0.0,0.0,0.0,0.0,0.0,0,0,0.0,0.0,0.0,0.0,0.0,0.0,2.0,1.0,0.05,0.8,0.0,0.0,1
698,2026-04-22T08:29:32.194Z,S20260422_092846,SC01,AUTO,,45.8326,0.0629,start,0,1500,VIDE,0.0,0.0,0.0,0.0,0.0,0.0,0,0,0.0,0.0,0.0,0.0,0.0,0.0,2.0,1.0,0.05,0.8,0.0,0.0,1
699,2026-04-22T08:29:32.257Z,S20260422_092846,SC01,AUTO,,45.8953,0.0627,start,0,1500,VIDE,0.0,0.0,0.0,0.0,0.0,0.0,0,0,0.0,0.0,0.0,0.0,0.0,0.0,2.0,1.0,0.05,0.8,0.0,0.0,1
700,2026-04-22T08:29:32.317Z,S20260422_092846,SC01,AUTO,,45.9554,0.0602,start,0,1500,VIDE,0.0,0.0,0.0,0.0,0.0,0.0,0,0,0.0,0.0,0.0,0.0,0.0,0.0,2.0,1.0,0.05,0.8,0.0,0.0,1
701,2026-04-22T08:29:32.386Z,S20260422_092846,SC01,AUTO,,46.0248,0.0693,start,0,1500,VIDE,0.0,0.0,0.0,0.0,0.0,0.0,0,0,0.0,0.0,0.0,0.0,0.0,0.0,2.0,1.0,0.05,0.8,0.0,0.0,1
702,2026-04-22T08:29:32.443Z,S20260422_092846,SC01,AUTO,,46.0812,0.0564,start,0,1500,VIDE,0.0,0.0,0.0,0.0,0.0,0.0,0,0,0.0,0.0,0.0,0.0,0.0,0.0,2.0,1.0,0.05,0.8,0.0,0.0,1
703,2026-04-22T08:29:32.506Z,S20260422_092846,SC01,AUTO,,46.1443,0.0631,start,0,1500,VIDE,0.0,0.0,0.0,0.0,0.0,0.0,0,0,0.0,0.0,0.0,0.0,0.0,0.0,2.0,1.0,0.05,0.8,0.0,0.0,1
704,2026-04-22T08:29:32.566Z,S20260422_092846,SC01,AUTO,,46.2044,0.06,start,0,1500,VIDE,0.0,0.0,0.0,0.0,0.0,0.0,0,0,0.0,0.0,0.0,0.0,0.0,0.0,2.0,1.0,0.05,0.8,0.0,0.0,1
705,2026-04-22T08:29:32.629Z,S20260422_092846,SC01,AUTO,,46.2678,0.0634,start,0,1500,VIDE,0.0,0.0,0.0,0.0,0.0,0.0,0,0,0.0,0.0,0.0,0.0,0.0,0.0,2.0,1.0,0.05,0.8,0.0,0.0,1
706,2026-04-22T08:29:32.692Z,S20260422_092846,SC01,AUTO,,46.3306,0.0629,start,0,1500,VIDE,0.0,0.0,0.0,0.0,0.0,0.0,0,0,0.0,0.0,0.0,0.0,0.0,0.0,2.0,1.0,0.05,0.8,0.0,0.0,1
707,2026-04-22T08:29:32.757Z,S20260422_092846,SC01,AUTO,,46.3953,0.0646,start,0,1500,VIDE,0.0,0.0,0.0,0.0,0.0,0.0,0,0,0.0,0.0,0.0,0.0,0.0,0.0,2.0,1.0,0.05,0.8,0.0,0.0,1
708,2026-04-22T08:29:32.818Z,S20260422_092846,SC01,AUTO,,46.4559,0.0607,start,0,1500,VIDE,0.0,0.0,0.0,0.0,0.0,0.0,0,0,0.0,0.0,0.0,0.0,0.0,0.0,2.0,1.0,0.05,0.8,0.0,0.0,1
709,2026-04-22T08:29:32.885Z,S20260422_092846,SC01,AUTO,,46.5228,0.0669,start,0,1500,VIDE,0.0,0.0,0.0,0.0,0.0,0.0,0,0,0.0,0.0,0.0,0.0,0.0,0.0,2.0,1.0,0.05,0.8,0.0,0.0,1
710,2026-04-22T08:29:32.945Z,S20260422_092846,SC01,AUTO,,46.5835,0.0606,start,0,1500,VIDE,0.0,0.0,0.0,0.0,0.0,0.0,0,0,0.0,0.0,0.0,0.0,0.0,0.0,2.0,1.0,0.05,0.8,0.0,0.0,1
711,2026-04-22T08:29:33.005Z,S20260422_092846,SC01,AUTO,,46.6432,0.0598,start,0,1500,VIDE,0.0,0.0,0.0,0.0,0.0,0.0,0,0,0.0,0.0,0.0,0.0,0.0,0.0,2.0,1.0,0.05,0.8,0.0,0.0,1
712,2026-04-22T08:29:33.068Z,S20260422_092846,SC01,AUTO,,46.706,0.0627,start,0,1500,VIDE,0.0,0.0,0.0,0.0,0.0,0.0,0,0,0.0,0.0,0.0,0.0,0.0,0.0,2.0,1.0,0.05,0.8,0.0,0.0,1
713,2026-04-22T08:29:33.134Z,S20260422_092846,SC01,AUTO,,46.7722,0.0663,start,0,1500,VIDE,0.0,0.0,0.0,0.0,0.0,0.0,0,0,0.0,0.0,0.0,0.0,0.0,0.0,2.0,1.0,0.05,0.8,0.0,0.0,1
714,2026-04-22T08:29:33.200Z,S20260422_092846,SC01,AUTO,,46.8378,0.0656,start,0,1500,VIDE,0.0,0.0,0.0,0.0,0.0,0.0,0,0,0.0,0.0,0.0,0.0,0.0,0.0,2.0,1.0,0.05,0.8,0.0,0.0,1
715,2026-04-22T08:29:33.265Z,S20260422_092846,SC01,AUTO,,46.9034,0.0656,start,0,1500,VIDE,0.0,0.0,0.0,0.0,0.0,0.0,0,0,0.0,0.0,0.0,0.0,0.0,0.0,2.0,1.0,0.05,0.8,0.0,0.0,1
716,2026-04-22T08:29:33.317Z,S20260422_092846,SC01,AUTO,,46.9552,0.0518,start,0,1500,VIDE,0.0,0.0,0.0,0.0,0.0,0.0,0,0,0.0,0.0,0.0,0.0,0.0,0.0,2.0,1.0,0.05,0.8,0.0,0.0,1
717,2026-04-22T08:29:33.381Z,S20260422_092846,SC01,AUTO,,47.0196,0.0644,start,0,1500,VIDE,0.0,0.0,0.0,0.0,0.0,0.0,0,0,0.0,0.0,0.0,0.0,0.0,0.0,2.0,1.0,0.05,0.8,0.0,0.0,1
718,2026-04-22T08:29:33.444Z,S20260422_092846,SC01,AUTO,,47.0822,0.0626,start,0,1500,VIDE,0.0,0.0,0.0,0.0,0.0,0.0,0,0,0.0,0.0,0.0,0.0,0.0,0.0,2.0,1.0,0.05,0.8,0.0,0.0,1
719,2026-04-22T08:29:33.506Z,S20260422_092846,SC01,AUTO,,47.1438,0.0616,start,0,1500,VIDE,0.0,0.0,0.0,0.0,0.0,0.0,0,0,0.0,0.0,0.0,0.0,0.0,0.0,2.0,1.0,0.05,0.8,0.0,0.0,1
720,2026-04-22T08:29:33.567Z,S20260422_092846,SC01,AUTO,,47.2057,0.0619,start,0,1500,VIDE,0.0,0.0,0.0,0.0,0.0,0.0,0,0,0.0,0.0,0.0,0.0,0.0,0.0,2.0,1.0,0.05,0.8,0.0,0.0,1
721,2026-04-22T08:29:33.635Z,S20260422_092846,SC01,AUTO,,47.2738,0.0681,start,0,1500,VIDE,0.0,0.0,0.0,0.0,0.0,0.0,0,0,0.0,0.0,0.0,0.0,0.0,0.0,2.0,1.0,0.05,0.8,0.0,0.0,1
722,2026-04-22T08:29:33.700Z,S20260422_092846,SC01,AUTO,,47.3381,0.0643,start,0,1500,VIDE,0.0,0.0,0.0,0.0,0.0,0.0,0,0,0.0,0.0,0.0,0.0,0.0,0.0,2.0,1.0,0.05,0.8,0.0,0.0,1
723,2026-04-22T08:29:33.764Z,S20260422_092846,SC01,AUTO,,47.4023,0.0643,start,0,1500,VIDE,0.0,0.0,0.0,0.0,0.0,0.0,0,0,0.0,0.0,0.0,0.0,0.0,0.0,2.0,1.0,0.05,0.8,0.0,0.0,1
724,2026-04-22T08:29:33.817Z,S20260422_092846,SC01,AUTO,,47.4556,0.0533,start,0,1500,VIDE,0.0,0.0,0.0,0.0,0.0,0.0,0,0,0.0,0.0,0.0,0.0,0.0,0.0,2.0,1.0,0.05,0.8,0.0,0.0,1
725,2026-04-22T08:29:33.884Z,S20260422_092846,SC01,AUTO,,47.5226,0.0669,start,0,1500,VIDE,0.0,0.0,0.0,0.0,0.0,0.0,0,0,0.0,0.0,0.0,0.0,0.0,0.0,2.0,1.0,0.05,0.8,0.0,0.0,1
726,2026-04-22T08:29:33.946Z,S20260422_092846,SC01,AUTO,,47.5841,0.0615,start,0,1500,VIDE,0.0,0.0,0.0,0.0,0.0,0.0,0,0,0.0,0.0,0.0,0.0,0.0,0.0,2.0,1.0,0.05,0.8,0.0,0.0,1
727,2026-04-22T08:29:34.004Z,S20260422_092846,SC01,AUTO,,47.6421,0.0581,start,0,1500,VIDE,0.0,0.0,0.0,0.0,0.0,0.0,0,0,0.0,0.0,0.0,0.0,0.0,0.0,2.0,1.0,0.05,0.8,0.0,0.0,1
728,2026-04-22T08:29:34.068Z,S20260422_092846,SC01,AUTO,,47.7061,0.064,start,0,1500,VIDE,0.0,0.0,0.0,0.0,0.0,0.0,0,0,0.0,0.0,0.0,0.0,0.0,0.0,2.0,1.0,0.05,0.8,0.0,0.0,1
729,2026-04-22T08:29:34.133Z,S20260422_092846,SC01,AUTO,,47.7713,0.0652,start,0,1500,VIDE,0.0,0.0,0.0,0.0,0.0,0.0,0,0,0.0,0.0,0.0,0.0,0.0,0.0,2.0,1.0,0.05,0.8,0.0,0.0,1
730,2026-04-22T08:29:34.197Z,S20260422_092846,SC01,AUTO,,47.8354,0.0641,start,0,1500,VIDE,0.0,0.0,0.0,0.0,0.0,0.0,0,0,0.0,0.0,0.0,0.0,0.0,0.0,2.0,1.0,0.05,0.8,0.0,0.0,1
731,2026-04-22T08:29:34.260Z,S20260422_092846,SC01,AUTO,,47.8985,0.0631,start,0,1500,VIDE,0.0,0.0,0.0,0.0,0.0,0.0,0,0,0.0,0.0,0.0,0.0,0.0,0.0,2.0,1.0,0.05,0.8,0.0,0.0,1
732,2026-04-22T08:29:34.318Z,S20260422_092846,SC01,AUTO,,47.9559,0.0574,start,0,1500,VIDE,0.0,0.0,0.0,0.0,0.0,0.0,0,0,0.0,0.0,0.0,0.0,0.0,0.0,2.0,1.0,0.05,0.8,0.0,0.0,1
733,2026-04-22T08:29:34.380Z,S20260422_092846,SC01,AUTO,,48.0184,0.0625,start,0,1500,VIDE,0.0,0.0,0.0,0.0,0.0,0.0,0,0,0.0,0.0,0.0,0.0,0.0,0.0,2.0,1.0,0.05,0.8,0.0,0.0,1
734,2026-04-22T08:29:34.441Z,S20260422_092846,SC01,AUTO,,48.0796,0.0613,start,0,1500,VIDE,0.0,0.0,0.0,0.0,0.0,0.0,0,0,0.0,0.0,0.0,0.0,0.0,0.0,2.0,1.0,0.05,0.8,0.0,0.0,1
735,2026-04-22T08:29:34.505Z,S20260422_092846,SC01,AUTO,,48.1431,0.0634,start,0,1500,VIDE,0.0,0.0,0.0,0.0,0.0,0.0,0,0,0.0,0.0,0.0,0.0,0.0,0.0,2.0,1.0,0.05,0.8,0.0,0.0,1
736,2026-04-22T08:29:34.567Z,S20260422_092846,SC01,AUTO,,48.205,0.0619,start,0,1500,VIDE,0.0,0.0,0.0,0.0,0.0,0.0,0,0,0.0,0.0,0.0,0.0,0.0,0.0,2.0,1.0,0.05,0.8,0.0,0.0,1
737,2026-04-22T08:29:34.633Z,S20260422_092846,SC01,AUTO,,48.2714,0.0665,start,0,1500,VIDE,0.0,0.0,0.0,0.0,0.0,0.0,0,0,0.0,0.0,0.0,0.0,0.0,0.0,2.0,1.0,0.05,0.8,0.0,0.0,1
738,2026-04-22T08:29:34.692Z,S20260422_092846,SC01,AUTO,,48.3305,0.0591,start,0,1500,VIDE,0.0,0.0,0.0,0.0,0.0,0.0,0,0,0.0,0.0,0.0,0.0,0.0,0.0,2.0,1.0,0.05,0.8,0.0,0.0,1
739,2026-04-22T08:29:34.756Z,S20260422_092846,SC01,AUTO,,48.3942,0.0636,start,0,1500,VIDE,0.0,0.0,0.0,0.0,0.0,0.0,0,0,0.0,0.0,0.0,0.0,0.0,0.0,2.0,1.0,0.05,0.8,0.0,0.0,1
740,2026-04-22T08:29:34.817Z,S20260422_092846,SC01,AUTO,,48.4555,0.0613,start,0,1500,VIDE,0.0,0.0,0.0,0.0,0.0,0.0,0,0,0.0,0.0,0.0,0.0,0.0,0.0,2.0,1.0,0.05,0.8,0.0,0.0,1
741,2026-04-22T08:29:34.885Z,S20260422_092846,SC01,AUTO,,48.5232,0.0677,start,0,1500,VIDE,0.0,0.0,0.0,0.0,0.0,0.0,0,0,0.0,0.0,0.0,0.0,0.0,0.0,2.0,1.0,0.05,0.8,0.0,0.0,1
742,2026-04-22T08:29:34.946Z,S20260422_092846,SC01,AUTO,,48.5842,0.061,start,0,1500,VIDE,0.0,0.0,0.0,0.0,0.0,0.0,0,0,0.0,0.0,0.0,0.0,0.0,0.0,2.0,1.0,0.05,0.8,0.0,0.0,1
743,2026-04-22T08:29:35.005Z,S20260422_092846,SC01,AUTO,,48.6434,0.0592,start,0,1500,VIDE,0.0,0.0,0.0,0.0,0.0,0.0,0,0,0.0,0.0,0.0,0.0,0.0,0.0,2.0,1.0,0.05,0.8,0.0,0.0,1
744,2026-04-22T08:29:35.068Z,S20260422_092846,SC01,AUTO,,48.7058,0.0624,start,0,1500,VIDE,0.0,0.0,0.0,0.0,0.0,0.0,0,0,0.0,0.0,0.0,0.0,0.0,0.0,2.0,1.0,0.05,0.8,0.0,0.0,1
745,2026-04-22T08:29:35.135Z,S20260422_092846,SC01,AUTO,,48.7736,0.0678,start,0,1500,VIDE,0.0,0.0,0.0,0.0,0.0,0.0,0,0,0.0,0.0,0.0,0.0,0.0,0.0,2.0,1.0,0.05,0.8,0.0,0.0,1
746,2026-04-22T08:29:35.200Z,S20260422_092846,SC01,AUTO,,48.8381,0.0644,start,0,1500,VIDE,0.0,0.0,0.0,0.0,0.0,0.0,0,0,0.0,0.0,0.0,0.0,0.0,0.0,2.0,1.0,0.05,0.8,0.0,0.0,1
747,2026-04-22T08:29:35.266Z,S20260422_092846,SC01,AUTO,,48.9041,0.066,start,0,1500,VIDE,0.0,0.0,0.0,0.0,0.0,0.0,0,0,0.0,0.0,0.0,0.0,0.0,0.0,2.0,1.0,0.05,0.8,0.0,0.0,1
748,2026-04-22T08:29:35.316Z,S20260422_092846,SC01,AUTO,,48.9542,0.0501,start,0,1500,VIDE,0.0,0.0,0.0,0.0,0.0,0.0,0,0,0.0,0.0,0.0,0.0,0.0,0.0,2.0,1.0,0.05,0.8,0.0,0.0,1
749,2026-04-22T08:29:35.382Z,S20260422_092846,SC01,AUTO,,49.0198,0.0655,start,0,1500,VIDE,0.0,0.0,0.0,0.0,0.0,0.0,0,0,0.0,0.0,0.0,0.0,0.0,0.0,2.0,1.0,0.05,0.8,0.0,0.0,1
750,2026-04-22T08:29:35.444Z,S20260422_092846,SC01,AUTO,,49.0823,0.0625,start,0,1500,VIDE,0.0,0.0,0.0,0.0,0.0,0.0,0,0,0.0,0.0,0.0,0.0,0.0,0.0,2.0,1.0,0.05,0.8,0.0,0.0,1
751,2026-04-22T08:29:35.505Z,S20260422_092846,SC01,AUTO,,49.1433,0.061,start,0,1500,VIDE,0.0,0.0,0.0,0.0,0.0,0.0,0,0,0.0,0.0,0.0,0.0,0.0,0.0,2.0,1.0,0.05,0.8,0.0,0.0,1
752,2026-04-22T08:29:35.567Z,S20260422_092846,SC01,AUTO,,49.2053,0.062,start,0,1500,VIDE,0.0,0.0,0.0,0.0,0.0,0.0,0,0,0.0,0.0,0.0,0.0,0.0,0.0,2.0,1.0,0.05,0.8,0.0,0.0,1
753,2026-04-22T08:29:35.634Z,S20260422_092846,SC01,AUTO,,49.2727,0.0673,start,0,1500,VIDE,0.0,0.0,0.0,0.0,0.0,0.0,0,0,0.0,0.0,0.0,0.0,0.0,0.0,2.0,1.0,0.05,0.8,0.0,0.0,1
754,2026-04-22T08:29:35.700Z,S20260422_092846,SC01,AUTO,,49.3382,0.0655,start,0,1500,VIDE,0.0,0.0,0.0,0.0,0.0,0.0,0,0,0.0,0.0,0.0,0.0,0.0,0.0,2.0,1.0,0.05,0.8,0.0,0.0,1
755,2026-04-22T08:29:35.764Z,S20260422_092846,SC01,AUTO,,49.4022,0.0641,start,0,1500,VIDE,0.0,0.0,0.0,0.0,0.0,0.0,0,0,0.0,0.0,0.0,0.0,0.0,0.0,2.0,1.0,0.05,0.8,0.0,0.0,1
756,2026-04-22T08:29:35.817Z,S20260422_092846,SC01,AUTO,,49.4551,0.0528,start,0,1500,VIDE,0.0,0.0,0.0,0.0,0.0,0.0,0,0,0.0,0.0,0.0,0.0,0.0,0.0,2.0,1.0,0.05,0.8,0.0,0.0,1
757,2026-04-22T08:29:35.884Z,S20260422_092846,SC01,AUTO,,49.5224,0.0674,start,0,1500,VIDE,0.0,0.0,0.0,0.0,0.0,0.0,0,0,0.0,0.0,0.0,0.0,0.0,0.0,2.0,1.0,0.05,0.8,0.0,0.0,1
758,2026-04-22T08:29:35.946Z,S20260422_092846,SC01,AUTO,,49.5839,0.0615,start,0,1500,VIDE,0.0,0.0,0.0,0.0,0.0,0.0,0,0,0.0,0.0,0.0,0.0,0.0,0.0,2.0,1.0,0.05,0.8,0.0,0.0,1
759,2026-04-22T08:29:36.005Z,S20260422_092846,SC01,AUTO,,49.6428,0.0589,start,0,1500,VIDE,0.0,0.0,0.0,0.0,0.0,0.0,0,0,0.0,0.0,0.0,0.0,0.0,0.0,2.0,1.0,0.05,0.8,0.0,0.0,1
760,2026-04-22T08:29:36.068Z,S20260422_092846,SC01,AUTO,,49.706,0.0631,start,0,1500,VIDE,0.0,0.0,0.0,0.0,0.0,0.0,0,0,0.0,0.0,0.0,0.0,0.0,0.0,2.0,1.0,0.05,0.8,0.0,0.0,1
761,2026-04-22T08:29:36.133Z,S20260422_092846,SC01,AUTO,,49.7709,0.0649,start,0,1500,VIDE,0.0,0.0,0.0,0.0,0.0,0.0,0,0,0.0,0.0,0.0,0.0,0.0,0.0,2.0,1.0,0.05,0.8,0.0,0.0,1
762,2026-04-22T08:29:36.197Z,S20260422_092846,SC01,AUTO,,49.8349,0.064,start,0,1500,VIDE,0.0,0.0,0.0,0.0,0.0,0.0,0,0,0.0,0.0,0.0,0.0,0.0,0.0,2.0,1.0,0.05,0.8,0.0,0.0,1
763,2026-04-22T08:29:36.260Z,S20260422_092846,SC01,AUTO,,49.8984,0.0635,start,0,1500,VIDE,0.0,0.0,0.0,0.0,0.0,0.0,0,0,0.0,0.0,0.0,0.0,0.0,0.0,2.0,1.0,0.05,0.8,0.0,0.0,1
764,2026-04-22T08:29:36.317Z,S20260422_092846,SC01,AUTO,,49.9551,0.0567,start,0,1500,VIDE,0.0,0.0,0.0,0.0,0.0,0.0,0,0,0.0,0.0,0.0,0.0,0.0,0.0,2.0,1.0,0.05,0.8,0.0,0.0,1
765,2026-04-22T08:29:36.385Z,S20260422_092846,SC01,AUTO,,50.0232,0.0681,start,0,1500,VIDE,0.0,0.0,0.0,0.0,0.0,0.0,0,0,0.0,0.0,0.0,0.0,0.0,0.0,2.0,1.0,0.05,0.8,0.0,0.0,1
766,2026-04-22T08:29:36.446Z,S20260422_092846,SC01,AUTO,,50.0843,0.061,start,0,1500,VIDE,0.0,0.0,0.0,0.0,0.0,0.0,0,0,0.0,0.0,0.0,0.0,0.0,0.0,2.0,1.0,0.05,0.8,0.0,0.0,1
767,2026-04-22T08:29:36.506Z,S20260422_092846,SC01,AUTO,,50.1439,0.0596,start,0,1500,VIDE,0.0,0.0,0.0,0.0,0.0,0.0,0,0,0.0,0.0,0.0,0.0,0.0,0.0,2.0,1.0,0.05,0.8,0.0,0.0,1
768,2026-04-22T08:29:36.567Z,S20260422_092846,SC01,AUTO,,50.2056,0.0618,start,0,1500,VIDE,0.0,0.0,0.0,0.0,0.0,0.0,0,0,0.0,0.0,0.0,0.0,0.0,0.0,2.0,1.0,0.05,0.8,0.0,0.0,1
769,2026-04-22T08:29:36.634Z,S20260422_092846,SC01,AUTO,,50.2728,0.0671,start,0,1500,VIDE,0.0,0.0,0.0,0.0,0.0,0.0,0,0,0.0,0.0,0.0,0.0,0.0,0.0,2.0,1.0,0.05,0.8,0.0,0.0,1
770,2026-04-22T08:29:36.692Z,S20260422_092846,SC01,AUTO,,50.3299,0.0571,start,0,1500,VIDE,0.0,0.0,0.0,0.0,0.0,0.0,0,0,0.0,0.0,0.0,0.0,0.0,0.0,2.0,1.0,0.05,0.8,0.0,0.0,1
771,2026-04-22T08:29:36.757Z,S20260422_092846,SC01,AUTO,,50.3952,0.0653,start,0,1500,VIDE,0.0,0.0,0.0,0.0,0.0,0.0,0,0,0.0,0.0,0.0,0.0,0.0,0.0,2.0,1.0,0.05,0.8,0.0,0.0,1
772,2026-04-22T08:29:36.818Z,S20260422_092846,SC01,AUTO,,50.4559,0.0607,start,0,1500,VIDE,0.0,0.0,0.0,0.0,0.0,0.0,0,0,0.0,0.0,0.0,0.0,0.0,0.0,2.0,1.0,0.05,0.8,0.0,0.0,1
773,2026-04-22T08:29:36.885Z,S20260422_092846,SC01,AUTO,,50.523,0.0671,start,0,1500,VIDE,0.0,0.0,0.0,0.0,0.0,0.0,0,0,0.0,0.0,0.0,0.0,0.0,0.0,2.0,1.0,0.05,0.8,0.0,0.0,1
774,2026-04-22T08:29:36.946Z,S20260422_092846,SC01,AUTO,,50.584,0.061,start,0,1500,VIDE,0.0,0.0,0.0,0.0,0.0,0.0,0,0,0.0,0.0,0.0,0.0,0.0,0.0,2.0,1.0,0.05,0.8,0.0,0.0,1
775,2026-04-22T08:29:37.006Z,S20260422_092846,SC01,AUTO,,50.644,0.0599,start,0,1500,VIDE,0.0,0.0,0.0,0.0,0.0,0.0,0,0,0.0,0.0,0.0,0.0,0.0,0.0,2.0,1.0,0.05,0.8,0.0,0.0,1
776,2026-04-22T08:29:37.069Z,S20260422_092846,SC01,AUTO,,50.707,0.063,start,0,1500,VIDE,0.0,0.0,0.0,0.0,0.0,0.0,0,0,0.0,0.0,0.0,0.0,0.0,0.0,2.0,1.0,0.05,0.8,0.0,0.0,1
777,2026-04-22T08:29:37.135Z,S20260422_092846,SC01,AUTO,,50.7729,0.0659,start,0,1500,VIDE,0.0,0.0,0.0,0.0,0.0,0.0,0,0,0.0,0.0,0.0,0.0,0.0,0.0,2.0,1.0,0.05,0.8,0.0,0.0,1
778,2026-04-22T08:29:37.200Z,S20260422_092846,SC01,AUTO,,50.8382,0.0653,start,0,1500,VIDE,0.0,0.0,0.0,0.0,0.0,0.0,0,0,0.0,0.0,0.0,0.0,0.0,0.0,2.0,1.0,0.05,0.8,0.0,0.0,1
779,2026-04-22T08:29:37.262Z,S20260422_092846,SC01,AUTO,,50.9004,0.0622,start,0,1500,VIDE,0.0,0.0,0.0,0.0,0.0,0.0,0,0,0.0,0.0,0.0,0.0,0.0,0.0,2.0,1.0,0.05,0.8,0.0,0.0,1
780,2026-04-22T08:29:37.319Z,S20260422_092846,SC01,AUTO,,50.9571,0.0567,start,0,1500,VIDE,0.0,0.0,0.0,0.0,0.0,0.0,0,0,0.0,0.0,0.0,0.0,0.0,0.0,2.0,1.0,0.05,0.8,0.0,0.0,1
781,2026-04-22T08:29:37.381Z,S20260422_092846,SC01,AUTO,,51.0195,0.0624,start,0,1500,VIDE,0.0,0.0,0.0,0.0,0.0,0.0,0,0,0.0,0.0,0.0,0.0,0.0,0.0,2.0,1.0,0.05,0.8,0.0,0.0,1
782,2026-04-22T08:29:37.444Z,S20260422_092846,SC01,AUTO,,51.0826,0.0631,start,0,1500,VIDE,0.0,0.0,0.0,0.0,0.0,0.0,0,0,0.0,0.0,0.0,0.0,0.0,0.0,2.0,1.0,0.05,0.8,0.0,0.0,1
783,2026-04-22T08:29:37.505Z,S20260422_092846,SC01,AUTO,,51.1435,0.0608,start,0,1500,VIDE,0.0,0.0,0.0,0.0,0.0,0.0,0,0,0.0,0.0,0.0,0.0,0.0,0.0,2.0,1.0,0.05,0.8,0.0,0.0,1
784,2026-04-22T08:29:37.567Z,S20260422_092846,SC01,AUTO,,51.2055,0.062,start,0,1500,VIDE,0.0,0.0,0.0,0.0,0.0,0.0,0,0,0.0,0.0,0.0,0.0,0.0,0.0,2.0,1.0,0.05,0.8,0.0,0.0,1
785,2026-04-22T08:29:37.634Z,S20260422_092846,SC01,AUTO,,51.2723,0.0668,start,0,1500,VIDE,0.0,0.0,0.0,0.0,0.0,0.0,0,0,0.0,0.0,0.0,0.0,0.0,0.0,2.0,1.0,0.05,0.8,0.0,0.0,1
786,2026-04-22T08:29:37.698Z,S20260422_092846,SC01,AUTO,,51.3358,0.0635,start,0,1500,VIDE,0.0,0.0,0.0,0.0,0.0,0.0,0,0,0.0,0.0,0.0,0.0,0.0,0.0,2.0,1.0,0.05,0.8,0.0,0.0,1
787,2026-04-22T08:29:37.760Z,S20260422_092846,SC01,AUTO,,51.3984,0.0626,start,0,1500,VIDE,0.0,0.0,0.0,0.0,0.0,0.0,0,0,0.0,0.0,0.0,0.0,0.0,0.0,2.0,1.0,0.05,0.8,0.0,0.0,1
788,2026-04-22T08:29:37.817Z,S20260422_092846,SC01,AUTO,,51.4551,0.0567,start,0,1500,VIDE,0.0,0.0,0.0,0.0,0.0,0.0,0,0,0.0,0.0,0.0,0.0,0.0,0.0,2.0,1.0,0.05,0.8,0.0,0.0,1
789,2026-04-22T08:29:37.885Z,S20260422_092846,SC01,AUTO,,51.5232,0.0681,start,0,1500,VIDE,0.0,0.0,0.0,0.0,0.0,0.0,0,0,0.0,0.0,0.0,0.0,0.0,0.0,2.0,1.0,0.05,0.8,0.0,0.0,1
790,2026-04-22T08:29:37.945Z,S20260422_092846,SC01,AUTO,,51.5836,0.0604,start,0,1500,VIDE,0.0,0.0,0.0,0.0,0.0,0.0,0,0,0.0,0.0,0.0,0.0,0.0,0.0,2.0,1.0,0.05,0.8,0.0,0.0,1
791,2026-04-22T08:29:38.004Z,S20260422_092846,SC01,AUTO,,51.6423,0.0587,start,0,1500,VIDE,0.0,0.0,0.0,0.0,0.0,0.0,0,0,0.0,0.0,0.0,0.0,0.0,0.0,2.0,1.0,0.05,0.8,0.0,0.0,1
792,2026-04-22T08:29:38.068Z,S20260422_092846,SC01,AUTO,,51.7062,0.0639,start,0,1500,VIDE,0.0,0.0,0.0,0.0,0.0,0.0,0,0,0.0,0.0,0.0,0.0,0.0,0.0,2.0,1.0,0.05,0.8,0.0,0.0,1
793,2026-04-22T08:29:38.133Z,S20260422_092846,SC01,AUTO,,51.7715,0.0652,start,0,1500,VIDE,0.0,0.0,0.0,0.0,0.0,0.0,0,0,0.0,0.0,0.0,0.0,0.0,0.0,2.0,1.0,0.05,0.8,0.0,0.0,1
794,2026-04-22T08:29:38.196Z,S20260422_092846,SC01,AUTO,,51.834,0.0625,start,0,1500,VIDE,0.0,0.0,0.0,0.0,0.0,0.0,0,0,0.0,0.0,0.0,0.0,0.0,0.0,2.0,1.0,0.05,0.8,0.0,0.0,1
795,2026-04-22T08:29:38.259Z,S20260422_092846,SC01,AUTO,,51.8972,0.0633,start,0,1500,VIDE,0.0,0.0,0.0,0.0,0.0,0.0,0,0,0.0,0.0,0.0,0.0,0.0,0.0,2.0,1.0,0.05,0.8,0.0,0.0,1
796,2026-04-22T08:29:38.319Z,S20260422_092846,SC01,AUTO,,51.9573,0.0601,start,0,1500,VIDE,0.0,0.0,0.0,0.0,0.0,0.0,0,0,0.0,0.0,0.0,0.0,0.0,0.0,2.0,1.0,0.05,0.8,0.0,0.0,1
797,2026-04-22T08:29:38.385Z,S20260422_092846,SC01,AUTO,,52.0236,0.0663,start,0,1500,VIDE,0.0,0.0,0.0,0.0,0.0,0.0,0,0,0.0,0.0,0.0,0.0,0.0,0.0,2.0,1.0,0.05,0.8,0.0,0.0,1
798,2026-04-22T08:29:38.446Z,S20260422_092846,SC01,AUTO,,52.0838,0.0602,start,0,1500,VIDE,0.0,0.0,0.0,0.0,0.0,0.0,0,0,0.0,0.0,0.0,0.0,0.0,0.0,2.0,1.0,0.05,0.8,0.0,0.0,1
799,2026-04-22T08:29:38.505Z,S20260422_092846,SC01,AUTO,,52.1432,0.0593,start,0,1500,VIDE,0.0,0.0,0.0,0.0,0.0,0.0,0,0,0.0,0.0,0.0,0.0,0.0,0.0,2.0,1.0,0.05,0.8,0.0,0.0,1
800,2026-04-22T08:29:38.569Z,S20260422_092846,SC01,AUTO,,52.2069,0.0637,start,0,1500,VIDE,0.0,0.0,0.0,0.0,0.0,0.0,0,0,0.0,0.0,0.0,0.0,0.0,0.0,2.0,1.0,0.05,0.8,0.0,0.0,1
801,2026-04-22T08:29:38.635Z,S20260422_092846,SC01,AUTO,,52.2733,0.0664,start,0,1500,VIDE,0.0,0.0,0.0,0.0,0.0,0.0,0,0,0.0,0.0,0.0,0.0,0.0,0.0,2.0,1.0,0.05,0.8,0.0,0.0,1
802,2026-04-22T08:29:38.692Z,S20260422_092846,SC01,AUTO,,52.3304,0.0572,start,0,1500,VIDE,0.0,0.0,0.0,0.0,0.0,0.0,0,0,0.0,0.0,0.0,0.0,0.0,0.0,2.0,1.0,0.05,0.8,0.0,0.0,1
803,2026-04-22T08:29:38.756Z,S20260422_092846,SC01,AUTO,,52.3942,0.0638,start,0,1500,VIDE,0.0,0.0,0.0,0.0,0.0,0.0,0,0,0.0,0.0,0.0,0.0,0.0,0.0,2.0,1.0,0.05,0.8,0.0,0.0,1
804,2026-04-22T08:29:38.818Z,S20260422_092846,SC01,AUTO,,52.456,0.0618,start,0,1500,VIDE,0.0,0.0,0.0,0.0,0.0,0.0,0,0,0.0,0.0,0.0,0.0,0.0,0.0,2.0,1.0,0.05,0.8,0.0,0.0,1
805,2026-04-22T08:29:38.884Z,S20260422_092846,SC01,AUTO,,52.5226,0.0666,start,0,1500,VIDE,0.0,0.0,0.0,0.0,0.0,0.0,0,0,0.0,0.0,0.0,0.0,0.0,0.0,2.0,1.0,0.05,0.8,0.0,0.0,1
806,2026-04-22T08:29:38.945Z,S20260422_092846,SC01,AUTO,,52.5833,0.0607,start,0,1500,VIDE,0.0,0.0,0.0,0.0,0.0,0.0,0,0,0.0,0.0,0.0,0.0,0.0,0.0,2.0,1.0,0.05,0.8,0.0,0.0,1
807,2026-04-22T08:29:39.005Z,S20260422_092846,SC01,AUTO,,52.6436,0.0603,start,0,1500,VIDE,0.0,0.0,0.0,0.0,0.0,0.0,0,0,0.0,0.0,0.0,0.0,0.0,0.0,2.0,1.0,0.05,0.8,0.0,0.0,1
808,2026-04-22T08:29:39.068Z,S20260422_092846,SC01,AUTO,,52.7061,0.0625,start,0,1500,VIDE,0.0,0.0,0.0,0.0,0.0,0.0,0,0,0.0,0.0,0.0,0.0,0.0,0.0,2.0,1.0,0.05,0.8,0.0,0.0,1
809,2026-04-22T08:29:39.129Z,S20260422_092846,SC01,AUTO,,52.7673,0.0612,start,0,1500,VIDE,0.0,0.0,0.0,0.0,0.0,0.0,0,0,0.0,0.0,0.0,0.0,0.0,0.0,2.0,1.0,0.05,0.8,0.0,0.0,1
810,2026-04-22T08:29:39.200Z,S20260422_092846,SC01,AUTO,,52.8384,0.071,start,0,1500,VIDE,0.0,0.0,0.0,0.0,0.0,0.0,0,0,0.0,0.0,0.0,0.0,0.0,0.0,2.0,1.0,0.05,0.8,0.0,0.0,1
811,2026-04-22T08:29:39.261Z,S20260422_092846,SC01,AUTO,,52.8996,0.0612,start,0,1500,VIDE,0.0,0.0,0.0,0.0,0.0,0.0,0,0,0.0,0.0,0.0,0.0,0.0,0.0,2.0,1.0,0.05,0.8,0.0,0.0,1
812,2026-04-22T08:29:39.317Z,S20260422_092846,SC01,AUTO,,52.9552,0.0556,start,0,1500,VIDE,0.0,0.0,0.0,0.0,0.0,0.0,0,0,0.0,0.0,0.0,0.0,0.0,0.0,2.0,1.0,0.05,0.8,0.0,0.0,1
813,2026-04-22T08:29:39.381Z,S20260422_092846,SC01,AUTO,,53.0193,0.0642,start,0,1500,VIDE,0.0,0.0,0.0,0.0,0.0,0.0,0,0,0.0,0.0,0.0,0.0,0.0,0.0,2.0,1.0,0.05,0.8,0.0,0.0,1
814,2026-04-22T08:29:39.444Z,S20260422_092846,SC01,AUTO,,53.0821,0.0627,start,0,1500,VIDE,0.0,0.0,0.0,0.0,0.0,0.0,0,0,0.0,0.0,0.0,0.0,0.0,0.0,2.0,1.0,0.05,0.8,0.0,0.0,1
815,2026-04-22T08:29:39.505Z,S20260422_092846,SC01,AUTO,,53.1436,0.0616,start,0,1500,VIDE,0.0,0.0,0.0,0.0,0.0,0.0,0,0,0.0,0.0,0.0,0.0,0.0,0.0,2.0,1.0,0.05,0.8,0.0,0.0,1
816,2026-04-22T08:29:39.567Z,S20260422_092846,SC01,AUTO,,53.2053,0.0617,start,0,1500,VIDE,0.0,0.0,0.0,0.0,0.0,0.0,0,0,0.0,0.0,0.0,0.0,0.0,0.0,2.0,1.0,0.05,0.8,0.0,0.0,1
817,2026-04-22T08:29:39.634Z,S20260422_092846,SC01,AUTO,,53.2723,0.067,start,0,1500,VIDE,0.0,0.0,0.0,0.0,0.0,0.0,0,0,0.0,0.0,0.0,0.0,0.0,0.0,2.0,1.0,0.05,0.8,0.0,0.0,1
818,2026-04-22T08:29:39.700Z,S20260422_092846,SC01,AUTO,,53.3386,0.0663,start,0,1500,VIDE,0.0,0.0,0.0,0.0,0.0,0.0,0,0,0.0,0.0,0.0,0.0,0.0,0.0,2.0,1.0,0.05,0.8,0.0,0.0,1
819,2026-04-22T08:29:39.763Z,S20260422_092846,SC01,AUTO,,53.4017,0.0631,start,0,1500,VIDE,0.0,0.0,0.0,0.0,0.0,0.0,0,0,0.0,0.0,0.0,0.0,0.0,0.0,2.0,1.0,0.05,0.8,0.0,0.0,1
820,2026-04-22T08:29:39.818Z,S20260422_092846,SC01,AUTO,,53.4561,0.0544,start,0,1500,VIDE,0.0,0.0,0.0,0.0,0.0,0.0,0,0,0.0,0.0,0.0,0.0,0.0,0.0,2.0,1.0,0.05,0.8,0.0,0.0,1
821,2026-04-22T08:29:39.885Z,S20260422_092846,SC01,AUTO,,53.5229,0.0668,start,0,1500,VIDE,0.0,0.0,0.0,0.0,0.0,0.0,0,0,0.0,0.0,0.0,0.0,0.0,0.0,2.0,1.0,0.05,0.8,0.0,0.0,1
822,2026-04-22T08:29:39.946Z,S20260422_092846,SC01,AUTO,,53.5842,0.0614,start,0,1500,VIDE,0.0,0.0,0.0,0.0,0.0,0.0,0,0,0.0,0.0,0.0,0.0,0.0,0.0,2.0,1.0,0.05,0.8,0.0,0.0,1
823,2026-04-22T08:29:40.004Z,S20260422_092846,SC01,AUTO,,53.6424,0.0581,start,0,1500,VIDE,0.0,0.0,0.0,0.0,0.0,0.0,0,0,0.0,0.0,0.0,0.0,0.0,0.0,2.0,1.0,0.05,0.8,0.0,0.0,1
824,2026-04-22T08:29:40.068Z,S20260422_092846,SC01,AUTO,,53.7063,0.0639,start,0,1500,VIDE,0.0,0.0,0.0,0.0,0.0,0.0,0,0,0.0,0.0,0.0,0.0,0.0,0.0,2.0,1.0,0.05,0.8,0.0,0.0,1
825,2026-04-22T08:29:40.132Z,S20260422_092846,SC01,AUTO,,53.7703,0.0641,start,0,1500,VIDE,0.0,0.0,0.0,0.0,0.0,0.0,0,0,0.0,0.0,0.0,0.0,0.0,0.0,2.0,1.0,0.05,0.8,0.0,0.0,1
826,2026-04-22T08:29:40.196Z,S20260422_092846,SC01,AUTO,,53.8347,0.0644,start,0,1500,VIDE,0.0,0.0,0.0,0.0,0.0,0.0,0,0,0.0,0.0,0.0,0.0,0.0,0.0,2.0,1.0,0.05,0.8,0.0,0.0,1
827,2026-04-22T08:29:40.260Z,S20260422_092846,SC01,AUTO,,53.8985,0.0638,start,0,1500,VIDE,0.0,0.0,0.0,0.0,0.0,0.0,0,0,0.0,0.0,0.0,0.0,0.0,0.0,2.0,1.0,0.05,0.8,0.0,0.0,1
828,2026-04-22T08:29:40.318Z,S20260422_092846,SC01,AUTO,,53.9566,0.0581,start,0,1500,VIDE,0.0,0.0,0.0,0.0,0.0,0.0,0,0,0.0,0.0,0.0,0.0,0.0,0.0,2.0,1.0,0.05,0.8,0.0,0.0,1
829,2026-04-22T08:29:40.386Z,S20260422_092846,SC01,AUTO,,54.0247,0.068,start,0,1500,VIDE,0.0,0.0,0.0,0.0,0.0,0.0,0,0,0.0,0.0,0.0,0.0,0.0,0.0,2.0,1.0,0.05,0.8,0.0,0.0,1
830,2026-04-22T08:29:40.445Z,S20260422_092846,SC01,AUTO,,54.0836,0.0589,start,0,1500,VIDE,0.0,0.0,0.0,0.0,0.0,0.0,0,0,0.0,0.0,0.0,0.0,0.0,0.0,2.0,1.0,0.05,0.8,0.0,0.0,1
831,2026-04-22T08:29:40.505Z,S20260422_092846,SC01,AUTO,,54.1434,0.0598,start,0,1500,VIDE,0.0,0.0,0.0,0.0,0.0,0.0,0,0,0.0,0.0,0.0,0.0,0.0,0.0,2.0,1.0,0.05,0.8,0.0,0.0,1
832,2026-04-22T08:29:40.568Z,S20260422_092846,SC01,AUTO,,54.2061,0.0627,start,0,1500,VIDE,0.0,0.0,0.0,0.0,0.0,0.0,0,0,0.0,0.0,0.0,0.0,0.0,0.0,2.0,1.0,0.05,0.8,0.0,0.0,1
833,2026-04-22T08:29:40.634Z,S20260422_092846,SC01,AUTO,,54.2722,0.0661,start,0,1500,VIDE,0.0,0.0,0.0,0.0,0.0,0.0,0,0,0.0,0.0,0.0,0.0,0.0,0.0,2.0,1.0,0.05,0.8,0.0,0.0,1
834,2026-04-22T08:29:40.692Z,S20260422_092846,SC01,AUTO,,54.3305,0.0583,start,0,1500,VIDE,0.0,0.0,0.0,0.0,0.0,0.0,0,0,0.0,0.0,0.0,0.0,0.0,0.0,2.0,1.0,0.05,0.8,0.0,0.0,1
835,2026-04-22T08:29:40.756Z,S20260422_092846,SC01,AUTO,,54.3942,0.0637,start,0,1500,VIDE,0.0,0.0,0.0,0.0,0.0,0.0,0,0,0.0,0.0,0.0,0.0,0.0,0.0,2.0,1.0,0.05,0.8,0.0,0.0,1
836,2026-04-22T08:29:40.817Z,S20260422_092846,SC01,AUTO,,54.4556,0.0614,start,0,1500,VIDE,0.0,0.0,0.0,0.0,0.0,0.0,0,0,0.0,0.0,0.0,0.0,0.0,0.0,2.0,1.0,0.05,0.8,0.0,0.0,1
837,2026-04-22T08:29:40.885Z,S20260422_092846,SC01,AUTO,,54.5233,0.0677,start,0,1500,VIDE,0.0,0.0,0.0,0.0,0.0,0.0,0,0,0.0,0.0,0.0,0.0,0.0,0.0,2.0,1.0,0.05,0.8,0.0,0.0,1
838,2026-04-22T08:29:40.945Z,S20260422_092846,SC01,AUTO,,54.5836,0.0603,start,0,1500,VIDE,0.0,0.0,0.0,0.0,0.0,0.0,0,0,0.0,0.0,0.0,0.0,0.0,0.0,2.0,1.0,0.05,0.8,0.0,0.0,1
839,2026-04-22T08:29:41.005Z,S20260422_092846,SC01,AUTO,,54.6436,0.06,start,0,1500,VIDE,0.0,0.0,0.0,0.0,0.0,0.0,0,0,0.0,0.0,0.0,0.0,0.0,0.0,2.0,1.0,0.05,0.8,0.0,0.0,1
840,2026-04-22T08:29:41.072Z,S20260422_092846,SC01,AUTO,,54.7105,0.0669,start,0,1500,VIDE,0.0,0.0,0.0,0.0,0.0,0.0,0,0,0.0,0.0,0.0,0.0,0.0,0.0,2.0,1.0,0.05,0.8,0.0,0.0,1
841,2026-04-22T08:29:41.135Z,S20260422_092846,SC01,AUTO,,54.7738,0.0632,start,0,1500,VIDE,0.0,0.0,0.0,0.0,0.0,0.0,0,0,0.0,0.0,0.0,0.0,0.0,0.0,2.0,1.0,0.05,0.8,0.0,0.0,1
842,2026-04-22T08:29:41.197Z,S20260422_092846,SC01,AUTO,,54.8355,0.0617,start,0,1500,VIDE,0.0,0.0,0.0,0.0,0.0,0.0,0,0,0.0,0.0,0.0,0.0,0.0,0.0,2.0,1.0,0.05,0.8,0.0,0.0,1
843,2026-04-22T08:29:41.260Z,S20260422_092846,SC01,AUTO,,54.8981,0.0626,start,0,1500,VIDE,0.0,0.0,0.0,0.0,0.0,0.0,0,0,0.0,0.0,0.0,0.0,0.0,0.0,2.0,1.0,0.05,0.8,0.0,0.0,1
844,2026-04-22T08:29:41.316Z,S20260422_092846,SC01,AUTO,,54.9544,0.0563,start,0,1500,VIDE,0.0,0.0,0.0,0.0,0.0,0.0,0,0,0.0,0.0,0.0,0.0,0.0,0.0,2.0,1.0,0.05,0.8,0.0,0.0,1
845,2026-04-22T08:29:41.381Z,S20260422_092846,SC01,AUTO,,55.0192,0.0648,start,0,1500,VIDE,0.0,0.0,0.0,0.0,0.0,0.0,0,0,0.0,0.0,0.0,0.0,0.0,0.0,2.0,1.0,0.05,0.8,0.0,0.0,1
846,2026-04-22T08:29:41.445Z,S20260422_092846,SC01,AUTO,,55.0829,0.0637,start,0,1500,VIDE,0.0,0.0,0.0,0.0,0.0,0.0,0,0,0.0,0.0,0.0,0.0,0.0,0.0,2.0,1.0,0.05,0.8,0.0,0.0,1
847,2026-04-22T08:29:41.505Z,S20260422_092846,SC01,AUTO,,55.1436,0.0608,start,0,1500,VIDE,0.0,0.0,0.0,0.0,0.0,0.0,0,0,0.0,0.0,0.0,0.0,0.0,0.0,2.0,1.0,0.05,0.8,0.0,0.0,1
848,2026-04-22T08:29:41.567Z,S20260422_092846,SC01,AUTO,,55.2054,0.0617,start,0,1500,VIDE,0.0,0.0,0.0,0.0,0.0,0.0,0,0,0.0,0.0,0.0,0.0,0.0,0.0,2.0,1.0,0.05,0.8,0.0,0.0,1
849,2026-04-22T08:29:41.634Z,S20260422_092846,SC01,AUTO,,55.2719,0.0665,start,0,1500,VIDE,0.0,0.0,0.0,0.0,0.0,0.0,0,0,0.0,0.0,0.0,0.0,0.0,0.0,2.0,1.0,0.05,0.8,0.0,0.0,1
850,2026-04-22T08:29:41.701Z,S20260422_092846,SC01,AUTO,,55.3388,0.067,start,0,1500,VIDE,0.0,0.0,0.0,0.0,0.0,0.0,0,0,0.0,0.0,0.0,0.0,0.0,0.0,2.0,1.0,0.05,0.8,0.0,0.0,1
851,2026-04-22T08:29:41.764Z,S20260422_092846,SC01,AUTO,,55.4025,0.0636,start,0,1500,VIDE,0.0,0.0,0.0,0.0,0.0,0.0,0,0,0.0,0.0,0.0,0.0,0.0,0.0,2.0,1.0,0.05,0.8,0.0,0.0,1
852,2026-04-22T08:29:41.819Z,S20260422_092846,SC01,AUTO,,55.4573,0.0548,start,0,1500,VIDE,0.0,0.0,0.0,0.0,0.0,0.0,0,0,0.0,0.0,0.0,0.0,0.0,0.0,2.0,1.0,0.05,0.8,0.0,0.0,1
853,2026-04-22T08:29:41.885Z,S20260422_092846,SC01,AUTO,,55.523,0.0658,start,0,1500,VIDE,0.0,0.0,0.0,0.0,0.0,0.0,0,0,0.0,0.0,0.0,0.0,0.0,0.0,2.0,1.0,0.05,0.8,0.0,0.0,1
854,2026-04-22T08:29:41.946Z,S20260422_092846,SC01,AUTO,,55.5846,0.0616,start,0,1500,VIDE,0.0,0.0,0.0,0.0,0.0,0.0,0,0,0.0,0.0,0.0,0.0,0.0,0.0,2.0,1.0,0.05,0.8,0.0,0.0,1
855,2026-04-22T08:29:42.004Z,S20260422_092846,SC01,AUTO,,55.6426,0.058,start,0,1500,VIDE,0.0,0.0,0.0,0.0,0.0,0.0,0,0,0.0,0.0,0.0,0.0,0.0,0.0,2.0,1.0,0.05,0.8,0.0,0.0,1
856,2026-04-22T08:29:42.068Z,S20260422_092846,SC01,AUTO,,55.7059,0.0633,start,0,1500,VIDE,0.0,0.0,0.0,0.0,0.0,0.0,0,0,0.0,0.0,0.0,0.0,0.0,0.0,2.0,1.0,0.05,0.8,0.0,0.0,1
857,2026-04-22T08:29:42.133Z,S20260422_092846,SC01,AUTO,,55.7716,0.0657,start,0,1500,VIDE,0.0,0.0,0.0,0.0,0.0,0.0,0,0,0.0,0.0,0.0,0.0,0.0,0.0,2.0,1.0,0.05,0.8,0.0,0.0,1
858,2026-04-22T08:29:42.196Z,S20260422_092846,SC01,AUTO,,55.8342,0.0626,start,0,1500,VIDE,0.0,0.0,0.0,0.0,0.0,0.0,0,0,0.0,0.0,0.0,0.0,0.0,0.0,2.0,1.0,0.05,0.8,0.0,0.0,1
859,2026-04-22T08:29:42.261Z,S20260422_092846,SC01,AUTO,,55.8991,0.0649,start,0,1500,VIDE,0.0,0.0,0.0,0.0,0.0,0.0,0,0,0.0,0.0,0.0,0.0,0.0,0.0,2.0,1.0,0.05,0.8,0.0,0.0,1
860,2026-04-22T08:29:42.317Z,S20260422_092846,SC01,AUTO,,55.9555,0.0563,start,0,1500,VIDE,0.0,0.0,0.0,0.0,0.0,0.0,0,0,0.0,0.0,0.0,0.0,0.0,0.0,2.0,1.0,0.05,0.8,0.0,0.0,1
861,2026-04-22T08:29:42.385Z,S20260422_092846,SC01,AUTO,,56.0234,0.0679,start,0,1500,VIDE,0.0,0.0,0.0,0.0,0.0,0.0,0,0,0.0,0.0,0.0,0.0,0.0,0.0,2.0,1.0,0.05,0.8,0.0,0.0,1
862,2026-04-22T08:29:42.445Z,S20260422_092846,SC01,AUTO,,56.0836,0.0603,start,0,1500,VIDE,0.0,0.0,0.0,0.0,0.0,0.0,0,0,0.0,0.0,0.0,0.0,0.0,0.0,2.0,1.0,0.05,0.8,0.0,0.0,1
863,2026-04-22T08:29:42.506Z,S20260422_092846,SC01,AUTO,,56.1443,0.0607,start,0,1500,VIDE,0.0,0.0,0.0,0.0,0.0,0.0,0,0,0.0,0.0,0.0,0.0,0.0,0.0,2.0,1.0,0.05,0.8,0.0,0.0,1
864,2026-04-22T08:29:42.567Z,S20260422_092846,SC01,AUTO,,56.2057,0.0614,start,0,1500,VIDE,0.0,0.0,0.0,0.0,0.0,0.0,0,0,0.0,0.0,0.0,0.0,0.0,0.0,2.0,1.0,0.05,0.8,0.0,0.0,1
865,2026-04-22T08:29:42.634Z,S20260422_092846,SC01,AUTO,,56.2723,0.0667,start,0,1500,VIDE,0.0,0.0,0.0,0.0,0.0,0.0,0,0,0.0,0.0,0.0,0.0,0.0,0.0,2.0,1.0,0.05,0.8,0.0,0.0,1
866,2026-04-22T08:29:42.692Z,S20260422_092846,SC01,AUTO,,56.3304,0.0581,start,0,1500,VIDE,0.0,0.0,0.0,0.0,0.0,0.0,0,0,0.0,0.0,0.0,0.0,0.0,0.0,2.0,1.0,0.05,0.8,0.0,0.0,1
867,2026-04-22T08:29:42.757Z,S20260422_092846,SC01,AUTO,,56.3953,0.0649,start,0,1500,VIDE,0.0,0.0,0.0,0.0,0.0,0.0,0,0,0.0,0.0,0.0,0.0,0.0,0.0,2.0,1.0,0.05,0.8,0.0,0.0,1
868,2026-04-22T08:29:42.819Z,S20260422_092846,SC01,AUTO,,56.4574,0.0621,start,0,1500,VIDE,0.0,0.0,0.0,0.0,0.0,0.0,0,0,0.0,0.0,0.0,0.0,0.0,0.0,2.0,1.0,0.05,0.8,0.0,0.0,1
869,2026-04-22T08:29:42.883Z,S20260422_092846,SC01,AUTO,,56.5217,0.0643,start,0,1500,VIDE,0.0,0.0,0.0,0.0,0.0,0.0,0,0,0.0,0.0,0.0,0.0,0.0,0.0,2.0,1.0,0.05,0.8,0.0,0.0,1
870,2026-04-22T08:29:42.945Z,S20260422_092846,SC01,AUTO,,56.5836,0.0619,start,0,1500,VIDE,0.0,0.0,0.0,0.0,0.0,0.0,0,0,0.0,0.0,0.0,0.0,0.0,0.0,2.0,1.0,0.05,0.8,0.0,0.0,1
871,2026-04-22T08:29:43.006Z,S20260422_092846,SC01,AUTO,,56.6438,0.0602,start,0,1500,VIDE,0.0,0.0,0.0,0.0,0.0,0.0,0,0,0.0,0.0,0.0,0.0,0.0,0.0,2.0,1.0,0.05,0.8,0.0,0.0,1
872,2026-04-22T08:29:43.068Z,S20260422_092846,SC01,AUTO,,56.7062,0.0624,start,0,1500,VIDE,0.0,0.0,0.0,0.0,0.0,0.0,0,0,0.0,0.0,0.0,0.0,0.0,0.0,2.0,1.0,0.05,0.8,0.0,0.0,1
873,2026-04-22T08:29:43.136Z,S20260422_092846,SC01,AUTO,,56.7743,0.0681,start,0,1500,VIDE,0.0,0.0,0.0,0.0,0.0,0.0,0,0,0.0,0.0,0.0,0.0,0.0,0.0,2.0,1.0,0.05,0.8,0.0,0.0,1
874,2026-04-22T08:29:43.196Z,S20260422_092846,SC01,AUTO,,56.8341,0.0598,start,0,1500,VIDE,0.0,0.0,0.0,0.0,0.0,0.0,0,0,0.0,0.0,0.0,0.0,0.0,0.0,2.0,1.0,0.05,0.8,0.0,0.0,1
875,2026-04-22T08:29:43.259Z,S20260422_092846,SC01,AUTO,,56.8977,0.0636,start,0,1500,VIDE,0.0,0.0,0.0,0.0,0.0,0.0,0,0,0.0,0.0,0.0,0.0,0.0,0.0,2.0,1.0,0.05,0.8,0.0,0.0,1
876,2026-04-22T08:29:43.322Z,S20260422_092846,SC01,AUTO,,56.9601,0.0624,start,0,1500,VIDE,0.0,0.0,0.0,0.0,0.0,0.0,0,0,0.0,0.0,0.0,0.0,0.0,0.0,2.0,1.0,0.05,0.8,0.0,0.0,1
877,2026-04-22T08:29:43.386Z,S20260422_092846,SC01,AUTO,,57.0241,0.064,start,0,1500,VIDE,0.0,0.0,0.0,0.0,0.0,0.0,0,0,0.0,0.0,0.0,0.0,0.0,0.0,2.0,1.0,0.05,0.8,0.0,0.0,1
878,2026-04-22T08:29:43.446Z,S20260422_092846,SC01,AUTO,,57.084,0.0598,start,0,1500,VIDE,0.0,0.0,0.0,0.0,0.0,0.0,0,0,0.0,0.0,0.0,0.0,0.0,0.0,2.0,1.0,0.05,0.8,0.0,0.0,1
879,2026-04-22T08:29:43.505Z,S20260422_092846,SC01,AUTO,,57.1437,0.0597,start,0,1500,VIDE,0.0,0.0,0.0,0.0,0.0,0.0,0,0,0.0,0.0,0.0,0.0,0.0,0.0,2.0,1.0,0.05,0.8,0.0,0.0,1
880,2026-04-22T08:29:43.568Z,S20260422_092846,SC01,AUTO,,57.2066,0.0629,start,0,1500,VIDE,0.0,0.0,0.0,0.0,0.0,0.0,0,0,0.0,0.0,0.0,0.0,0.0,0.0,2.0,1.0,0.05,0.8,0.0,0.0,1
881,2026-04-22T08:29:43.634Z,S20260422_092846,SC01,AUTO,,57.2719,0.0653,start,0,1500,VIDE,0.0,0.0,0.0,0.0,0.0,0.0,0,0,0.0,0.0,0.0,0.0,0.0,0.0,2.0,1.0,0.05,0.8,0.0,0.0,1
882,2026-04-22T08:29:43.696Z,S20260422_092846,SC01,AUTO,,57.3343,0.0623,start,0,1500,VIDE,0.0,0.0,0.0,0.0,0.0,0.0,0,0,0.0,0.0,0.0,0.0,0.0,0.0,2.0,1.0,0.05,0.8,0.0,0.0,1
883,2026-04-22T08:29:43.757Z,S20260422_092846,SC01,AUTO,,57.3954,0.0611,start,0,1500,VIDE,0.0,0.0,0.0,0.0,0.0,0.0,0,0,0.0,0.0,0.0,0.0,0.0,0.0,2.0,1.0,0.05,0.8,0.0,0.0,1
884,2026-04-22T08:29:43.817Z,S20260422_092846,SC01,AUTO,,57.4552,0.0598,start,0,1500,VIDE,0.0,0.0,0.0,0.0,0.0,0.0,0,0,0.0,0.0,0.0,0.0,0.0,0.0,2.0,1.0,0.05,0.8,0.0,0.0,1
885,2026-04-22T08:29:43.882Z,S20260422_092846,SC01,AUTO,,57.5204,0.0652,start,0,1500,VIDE,0.0,0.0,0.0,0.0,0.0,0.0,0,0,0.0,0.0,0.0,0.0,0.0,0.0,2.0,1.0,0.05,0.8,0.0,0.0,1
886,2026-04-22T08:29:43.944Z,S20260422_092846,SC01,AUTO,,57.5818,0.0614,start,0,1500,VIDE,0.0,0.0,0.0,0.0,0.0,0.0,0,0,0.0,0.0,0.0,0.0,0.0,0.0,2.0,1.0,0.05,0.8,0.0,0.0,1
887,2026-04-22T08:29:44.005Z,S20260422_092846,SC01,AUTO,,57.6437,0.0619,start,0,1500,VIDE,0.0,0.0,0.0,0.0,0.0,0.0,0,0,0.0,0.0,0.0,0.0,0.0,0.0,2.0,1.0,0.05,0.8,0.0,0.0,1
888,2026-04-22T08:29:44.069Z,S20260422_092846,SC01,AUTO,,57.7071,0.0635,start,0,1500,VIDE,0.0,0.0,0.0,0.0,0.0,0.0,0,0,0.0,0.0,0.0,0.0,0.0,0.0,2.0,1.0,0.05,0.8,0.0,0.0,1
889,2026-04-22T08:29:44.132Z,S20260422_092846,SC01,AUTO,,57.7699,0.0628,start,0,1500,VIDE,0.0,0.0,0.0,0.0,0.0,0.0,0,0,0.0,0.0,0.0,0.0,0.0,0.0,2.0,1.0,0.05,0.8,0.0,0.0,1
890,2026-04-22T08:29:44.194Z,S20260422_092846,SC01,AUTO,,57.8321,0.0621,start,0,1500,VIDE,0.0,0.0,0.0,0.0,0.0,0.0,0,0,0.0,0.0,0.0,0.0,0.0,0.0,2.0,1.0,0.05,0.8,0.0,0.0,1
891,2026-04-22T08:29:44.256Z,S20260422_092846,SC01,AUTO,,57.8948,0.0627,start,0,1500,VIDE,0.0,0.0,0.0,0.0,0.0,0.0,0,0,0.0,0.0,0.0,0.0,0.0,0.0,2.0,1.0,0.05,0.8,0.0,0.0,1
892,2026-04-22T08:29:44.318Z,S20260422_092846,SC01,AUTO,,57.9567,0.062,start,0,1500,VIDE,0.0,0.0,0.0,0.0,0.0,0.0,0,0,0.0,0.0,0.0,0.0,0.0,0.0,2.0,1.0,0.05,0.8,0.0,0.0,1
893,2026-04-22T08:29:44.382Z,S20260422_092846,SC01,AUTO,,58.0202,0.0635,start,0,1500,VIDE,0.0,0.0,0.0,0.0,0.0,0.0,0,0,0.0,0.0,0.0,0.0,0.0,0.0,2.0,1.0,0.05,0.8,0.0,0.0,1
894,2026-04-22T08:29:44.442Z,S20260422_092846,SC01,AUTO,,58.0801,0.0599,start,0,1500,VIDE,0.0,0.0,0.0,0.0,0.0,0.0,0,0,0.0,0.0,0.0,0.0,0.0,0.0,2.0,1.0,0.05,0.8,0.0,0.0,1
895,2026-04-22T08:29:44.505Z,S20260422_092846,SC01,AUTO,,58.143,0.0629,start,0,1500,VIDE,0.0,0.0,0.0,0.0,0.0,0.0,0,0,0.0,0.0,0.0,0.0,0.0,0.0,2.0,1.0,0.05,0.8,0.0,0.0,1
896,2026-04-22T08:29:44.567Z,S20260422_092846,SC01,AUTO,,58.2055,0.0625,start,0,1500,VIDE,0.0,0.0,0.0,0.0,0.0,0.0,0,0,0.0,0.0,0.0,0.0,0.0,0.0,2.0,1.0,0.05,0.8,0.0,0.0,1
897,2026-04-22T08:29:44.631Z,S20260422_092846,SC01,AUTO,,58.2698,0.0642,start,0,1500,VIDE,0.0,0.0,0.0,0.0,0.0,0.0,0,0,0.0,0.0,0.0,0.0,0.0,0.0,2.0,1.0,0.05,0.8,0.0,0.0,1
898,2026-04-22T08:29:44.693Z,S20260422_092846,SC01,AUTO,,58.3316,0.0619,start,0,1500,VIDE,0.0,0.0,0.0,0.0,0.0,0.0,0,0,0.0,0.0,0.0,0.0,0.0,0.0,2.0,1.0,0.05,0.8,0.0,0.0,1
899,2026-04-22T08:29:44.756Z,S20260422_092846,SC01,AUTO,,58.3938,0.0622,start,0,1500,VIDE,0.0,0.0,0.0,0.0,0.0,0.0,0,0,0.0,0.0,0.0,0.0,0.0,0.0,2.0,1.0,0.05,0.8,0.0,0.0,1
900,2026-04-22T08:29:44.818Z,S20260422_092846,SC01,AUTO,,58.4559,0.0621,start,0,1500,VIDE,0.0,0.0,0.0,0.0,0.0,0.0,0,0,0.0,0.0,0.0,0.0,0.0,0.0,2.0,1.0,0.05,0.8,0.0,0.0,1
901,2026-04-22T08:29:44.881Z,S20260422_092846,SC01,AUTO,,58.5192,0.0633,start,0,1500,VIDE,0.0,0.0,0.0,0.0,0.0,0.0,0,0,0.0,0.0,0.0,0.0,0.0,0.0,2.0,1.0,0.05,0.8,0.0,0.0,1
902,2026-04-22T08:29:44.944Z,S20260422_092846,SC01,AUTO,,58.582,0.0628,start,0,1500,VIDE,0.0,0.0,0.0,0.0,0.0,0.0,0,0,0.0,0.0,0.0,0.0,0.0,0.0,2.0,1.0,0.05,0.8,0.0,0.0,1
903,2026-04-22T08:29:45.005Z,S20260422_092846,SC01,AUTO,,58.6435,0.0616,start,0,1500,VIDE,0.0,0.0,0.0,0.0,0.0,0.0,0,0,0.0,0.0,0.0,0.0,0.0,0.0,2.0,1.0,0.05,0.8,0.0,0.0,1
904,2026-04-22T08:29:45.068Z,S20260422_092846,SC01,AUTO,,58.7062,0.0627,start,0,1500,VIDE,0.0,0.0,0.0,0.0,0.0,0.0,0,0,0.0,0.0,0.0,0.0,0.0,0.0,2.0,1.0,0.05,0.8,0.0,0.0,1
905,2026-04-22T08:29:45.131Z,S20260422_092846,SC01,AUTO,,58.769,0.0628,start,0,1500,VIDE,0.0,0.0,0.0,0.0,0.0,0.0,0,0,0.0,0.0,0.0,0.0,0.0,0.0,2.0,1.0,0.05,0.8,0.0,0.0,1
906,2026-04-22T08:29:45.193Z,S20260422_092846,SC01,AUTO,,58.8312,0.0622,start,0,1500,VIDE,0.0,0.0,0.0,0.0,0.0,0.0,0,0,0.0,0.0,0.0,0.0,0.0,0.0,2.0,1.0,0.05,0.8,0.0,0.0,1
907,2026-04-22T08:29:45.255Z,S20260422_092846,SC01,AUTO,,58.8929,0.0617,start,0,1500,VIDE,0.0,0.0,0.0,0.0,0.0,0.0,0,0,0.0,0.0,0.0,0.0,0.0,0.0,2.0,1.0,0.05,0.8,0.0,0.0,1
908,2026-04-22T08:29:45.317Z,S20260422_092846,SC01,AUTO,,58.9552,0.0624,start,0,1500,VIDE,0.0,0.0,0.0,0.0,0.0,0.0,0,0,0.0,0.0,0.0,0.0,0.0,0.0,2.0,1.0,0.05,0.8,0.0,0.0,1
909,2026-04-22T08:29:45.381Z,S20260422_092846,SC01,AUTO,,59.0195,0.0643,start,0,1500,VIDE,0.0,0.0,0.0,0.0,0.0,0.0,0,0,0.0,0.0,0.0,0.0,0.0,0.0,2.0,1.0,0.05,0.8,0.0,0.0,1
910,2026-04-22T08:29:45.443Z,S20260422_092846,SC01,AUTO,,59.0815,0.062,start,0,1500,VIDE,0.0,0.0,0.0,0.0,0.0,0.0,0,0,0.0,0.0,0.0,0.0,0.0,0.0,2.0,1.0,0.05,0.8,0.0,0.0,1
911,2026-04-22T08:29:45.506Z,S20260422_092846,SC01,AUTO,,59.144,0.0625,start,0,1500,VIDE,0.0,0.0,0.0,0.0,0.0,0.0,0,0,0.0,0.0,0.0,0.0,0.0,0.0,2.0,1.0,0.05,0.8,0.0,0.0,1
912,2026-04-22T08:29:45.568Z,S20260422_092846,SC01,AUTO,,59.2061,0.0622,start,0,1500,VIDE,0.0,0.0,0.0,0.0,0.0,0.0,0,0,0.0,0.0,0.0,0.0,0.0,0.0,2.0,1.0,0.05,0.8,0.0,0.0,1
913,2026-04-22T08:29:45.632Z,S20260422_092846,SC01,AUTO,,59.2699,0.0638,start,0,1500,VIDE,0.0,0.0,0.0,0.0,0.0,0.0,0,0,0.0,0.0,0.0,0.0,0.0,0.0,2.0,1.0,0.05,0.8,0.0,0.0,1
914,2026-04-22T08:29:45.693Z,S20260422_092846,SC01,AUTO,,59.331,0.0611,start,0,1500,VIDE,0.0,0.0,0.0,0.0,0.0,0.0,0,0,0.0,0.0,0.0,0.0,0.0,0.0,2.0,1.0,0.05,0.8,0.0,0.0,1
915,2026-04-22T08:29:45.755Z,S20260422_092846,SC01,AUTO,,59.3933,0.0623,start,0,1500,VIDE,0.0,0.0,0.0,0.0,0.0,0.0,0,0,0.0,0.0,0.0,0.0,0.0,0.0,2.0,1.0,0.05,0.8,0.0,0.0,1
916,2026-04-22T08:29:45.817Z,S20260422_092846,SC01,AUTO,,59.4556,0.0622,start,0,1500,VIDE,0.0,0.0,0.0,0.0,0.0,0.0,0,0,0.0,0.0,0.0,0.0,0.0,0.0,2.0,1.0,0.05,0.8,0.0,0.0,1
917,2026-04-22T08:29:45.881Z,S20260422_092846,SC01,AUTO,,59.5197,0.0641,start,0,1500,VIDE,0.0,0.0,0.0,0.0,0.0,0.0,0,0,0.0,0.0,0.0,0.0,0.0,0.0,2.0,1.0,0.05,0.8,0.0,0.0,1
918,2026-04-22T08:29:45.944Z,S20260422_092846,SC01,AUTO,,59.5818,0.0621,start,0,1500,VIDE,0.0,0.0,0.0,0.0,0.0,0.0,0,0,0.0,0.0,0.0,0.0,0.0,0.0,2.0,1.0,0.05,0.8,0.0,0.0,1
919,2026-04-22T08:29:46.005Z,S20260422_092846,SC01,AUTO,,59.6434,0.0616,start,0,1500,VIDE,0.0,0.0,0.0,0.0,0.0,0.0,0,0,0.0,0.0,0.0,0.0,0.0,0.0,2.0,1.0,0.05,0.8,0.0,0.0,1
920,2026-04-22T08:29:46.067Z,S20260422_092846,SC01,AUTO,,59.7054,0.0619,start,0,1500,VIDE,0.0,0.0,0.0,0.0,0.0,0.0,0,0,0.0,0.0,0.0,0.0,0.0,0.0,2.0,1.0,0.05,0.8,0.0,0.0,1
921,2026-04-22T08:29:46.132Z,S20260422_092846,SC01,AUTO,,59.77,0.0646,start,0,1500,VIDE,0.0,0.0,0.0,0.0,0.0,0.0,0,0,0.0,0.0,0.0,0.0,0.0,0.0,2.0,1.0,0.05,0.8,0.0,0.0,1
922,2026-04-22T08:29:46.192Z,S20260422_092846,SC01,AUTO,,59.8301,0.0601,start,0,1500,VIDE,0.0,0.0,0.0,0.0,0.0,0.0,0,0,0.0,0.0,0.0,0.0,0.0,0.0,2.0,1.0,0.05,0.8,0.0,0.0,1
923,2026-04-22T08:29:46.256Z,S20260422_092846,SC01,AUTO,,59.8941,0.0639,start,0,1500,VIDE,0.0,0.0,0.0,0.0,0.0,0.0,0,0,0.0,0.0,0.0,0.0,0.0,0.0,2.0,1.0,0.05,0.8,0.0,0.0,1
924,2026-04-22T08:29:46.317Z,S20260422_092846,SC01,AUTO,,59.9553,0.0613,start,0,1500,VIDE,0.0,0.0,0.0,0.0,0.0,0.0,0,0,0.0,0.0,0.0,0.0,0.0,0.0,2.0,1.0,0.05,0.8,0.0,0.0,1
925,2026-04-22T08:29:46.382Z,S20260422_092846,SC01,AUTO,,60.0199,0.0647,start,0,1500,VIDE,0.0,0.0,0.0,0.0,0.0,0.0,0,0,0.0,0.0,0.0,0.0,0.0,0.0,2.0,1.0,0.05,0.8,0.0,0.0,1
926,2026-04-22T08:29:46.443Z,S20260422_092846,SC01,AUTO,,60.0814,0.0615,start,0,1500,VIDE,0.0,0.0,0.0,0.0,0.0,0.0,0,0,0.0,0.0,0.0,0.0,0.0,0.0,2.0,1.0,0.05,0.8,0.0,0.0,1
927,2026-04-22T08:29:46.506Z,S20260422_092846,SC01,AUTO,,60.1443,0.0629,start,0,1500,VIDE,0.0,0.0,0.0,0.0,0.0,0.0,0,0,0.0,0.0,0.0,0.0,0.0,0.0,2.0,1.0,0.05,0.8,0.0,0.0,1
928,2026-04-22T08:29:46.567Z,S20260422_092846,SC01,AUTO,,60.2053,0.061,start,0,1500,VIDE,0.0,0.0,0.0,0.0,0.0,0.0,0,0,0.0,0.0,0.0,0.0,0.0,0.0,2.0,1.0,0.05,0.8,0.0,0.0,1
929,2026-04-22T08:29:46.630Z,S20260422_092846,SC01,AUTO,,60.2685,0.0632,start,0,1500,VIDE,0.0,0.0,0.0,0.0,0.0,0.0,0,0,0.0,0.0,0.0,0.0,0.0,0.0,2.0,1.0,0.05,0.8,0.0,0.0,1
930,2026-04-22T08:29:46.691Z,S20260422_092846,SC01,AUTO,,60.3295,0.061,start,0,1500,VIDE,0.0,0.0,0.0,0.0,0.0,0.0,0,0,0.0,0.0,0.0,0.0,0.0,0.0,2.0,1.0,0.05,0.8,0.0,0.0,1
931,2026-04-22T08:29:46.766Z,S20260422_092846,SC01,AUTO,,60.4038,0.0743,start,0,1500,VIDE,0.0,0.0,0.0,0.0,0.0,0.0,0,0,0.0,0.0,0.0,0.0,0.0,0.0,2.0,1.0,0.05,0.8,0.0,0.0,1
932,2026-04-22T08:29:46.818Z,S20260422_092846,SC01,AUTO,,60.4565,0.0527,start,0,1500,VIDE,0.0,0.0,0.0,0.0,0.0,0.0,0,0,0.0,0.0,0.0,0.0,0.0,0.0,2.0,1.0,0.05,0.8,0.0,0.0,1
933,2026-04-22T08:29:46.880Z,S20260422_092846,SC01,AUTO,,60.518,0.0615,start,0,1500,VIDE,0.0,0.0,0.0,0.0,0.0,0.0,0,0,0.0,0.0,0.0,0.0,0.0,0.0,2.0,1.0,0.05,0.8,0.0,0.0,1
934,2026-04-22T08:29:46.941Z,S20260422_092846,SC01,AUTO,,60.5796,0.0616,start,0,1500,VIDE,0.0,0.0,0.0,0.0,0.0,0.0,0,0,0.0,0.0,0.0,0.0,0.0,0.0,2.0,1.0,0.05,0.8,0.0,0.0,1
935,2026-04-22T08:29:47.006Z,S20260422_092846,SC01,AUTO,,60.6439,0.0643,start,0,1500,VIDE,0.0,0.0,0.0,0.0,0.0,0.0,0,0,0.0,0.0,0.0,0.0,0.0,0.0,2.0,1.0,0.05,0.8,0.0,0.0,1
936,2026-04-22T08:29:47.066Z,S20260422_092846,SC01,AUTO,,60.7044,0.0605,start,0,1500,VIDE,0.0,0.0,0.0,0.0,0.0,0.0,0,0,0.0,0.0,0.0,0.0,0.0,0.0,2.0,1.0,0.05,0.8,0.0,0.0,1
937,2026-04-22T08:29:47.129Z,S20260422_092846,SC01,AUTO,,60.7676,0.0632,start,0,1500,VIDE,0.0,0.0,0.0,0.0,0.0,0.0,0,0,0.0,0.0,0.0,0.0,0.0,0.0,2.0,1.0,0.05,0.8,0.0,0.0,1
938,2026-04-22T08:29:47.192Z,S20260422_092846,SC01,AUTO,,60.8298,0.0622,start,0,1500,VIDE,0.0,0.0,0.0,0.0,0.0,0.0,0,0,0.0,0.0,0.0,0.0,0.0,0.0,2.0,1.0,0.05,0.8,0.0,0.0,1
939,2026-04-22T08:29:47.266Z,S20260422_092846,SC01,AUTO,,60.9042,0.0744,start,0,1500,VIDE,0.0,0.0,0.0,0.0,0.0,0.0,0,0,0.0,0.0,0.0,0.0,0.0,0.0,2.0,1.0,0.05,0.8,0.0,0.0,1
940,2026-04-22T08:29:47.326Z,S20260422_092846,SC01,AUTO,,60.964,0.0599,start,0,1500,VIDE,0.0,0.0,0.0,0.0,0.0,0.0,0,0,0.0,0.0,0.0,0.0,0.0,0.0,2.0,1.0,0.05,0.8,0.0,0.0,1
941,2026-04-22T08:29:47.384Z,S20260422_092846,SC01,AUTO,,61.0221,0.0581,start,0,1500,VIDE,0.0,0.0,0.0,0.0,0.0,0.0,0,0,0.0,0.0,0.0,0.0,0.0,0.0,2.0,1.0,0.05,0.8,0.0,0.0,1
942,2026-04-22T08:29:47.445Z,S20260422_092846,SC01,AUTO,,61.0833,0.0612,start,0,1500,VIDE,0.0,0.0,0.0,0.0,0.0,0.0,0,0,0.0,0.0,0.0,0.0,0.0,0.0,2.0,1.0,0.05,0.8,0.0,0.0,1
943,2026-04-22T08:29:47.506Z,S20260422_092846,SC01,AUTO,,61.144,0.0607,start,0,1500,VIDE,0.0,0.0,0.0,0.0,0.0,0.0,0,0,0.0,0.0,0.0,0.0,0.0,0.0,2.0,1.0,0.05,0.8,0.0,0.0,1
944,2026-04-22T08:29:47.567Z,S20260422_092846,SC01,AUTO,,61.2053,0.0613,start,0,1500,VIDE,0.0,0.0,0.0,0.0,0.0,0.0,0,0,0.0,0.0,0.0,0.0,0.0,0.0,2.0,1.0,0.05,0.8,0.0,0.0,1
945,2026-04-22T08:29:47.629Z,S20260422_092846,SC01,AUTO,,61.2674,0.0621,start,0,1500,VIDE,0.0,0.0,0.0,0.0,0.0,0.0,0,0,0.0,0.0,0.0,0.0,0.0,0.0,2.0,1.0,0.05,0.8,0.0,0.0,1
946,2026-04-22T08:29:47.692Z,S20260422_092846,SC01,AUTO,,61.3299,0.0626,start,0,1500,VIDE,0.0,0.0,0.0,0.0,0.0,0.0,0,0,0.0,0.0,0.0,0.0,0.0,0.0,2.0,1.0,0.05,0.8,0.0,0.0,1
947,2026-04-22T08:29:47.754Z,S20260422_092846,SC01,AUTO,,61.3924,0.0625,start,0,1500,VIDE,0.0,0.0,0.0,0.0,0.0,0.0,0,0,0.0,0.0,0.0,0.0,0.0,0.0,2.0,1.0,0.05,0.8,0.0,0.0,1
948,2026-04-22T08:29:47.818Z,S20260422_092846,SC01,AUTO,,61.4565,0.064,start,0,1500,VIDE,0.0,0.0,0.0,0.0,0.0,0.0,0,0,0.0,0.0,0.0,0.0,0.0,0.0,2.0,1.0,0.05,0.8,0.0,0.0,1
949,2026-04-22T08:29:47.880Z,S20260422_092846,SC01,AUTO,,61.5181,0.0616,start,0,1500,VIDE,0.0,0.0,0.0,0.0,0.0,0.0,0,0,0.0,0.0,0.0,0.0,0.0,0.0,2.0,1.0,0.05,0.8,0.0,0.0,1
950,2026-04-22T08:29:47.944Z,S20260422_092846,SC01,AUTO,,61.5818,0.0638,start,0,1500,VIDE,0.0,0.0,0.0,0.0,0.0,0.0,0,0,0.0,0.0,0.0,0.0,0.0,0.0,2.0,1.0,0.05,0.8,0.0,0.0,1
951,2026-04-22T08:29:48.005Z,S20260422_092846,SC01,AUTO,,61.6431,0.0612,start,0,1500,VIDE,0.0,0.0,0.0,0.0,0.0,0.0,0,0,0.0,0.0,0.0,0.0,0.0,0.0,2.0,1.0,0.05,0.8,0.0,0.0,1
952,2026-04-22T08:29:48.068Z,S20260422_092846,SC01,AUTO,,61.7067,0.0637,start,0,1500,VIDE,0.0,0.0,0.0,0.0,0.0,0.0,0,0,0.0,0.0,0.0,0.0,0.0,0.0,2.0,1.0,0.05,0.8,0.0,0.0,1
953,2026-04-22T08:29:48.133Z,S20260422_092846,SC01,AUTO,,61.7711,0.0644,start,0,1500,VIDE,0.0,0.0,0.0,0.0,0.0,0.0,0,0,0.0,0.0,0.0,0.0,0.0,0.0,2.0,1.0,0.05,0.8,0.0,0.0,1
954,2026-04-22T08:29:48.200Z,S20260422_092846,SC01,AUTO,,61.8384,0.0674,start,0,1500,VIDE,0.0,0.0,0.0,0.0,0.0,0.0,0,0,0.0,0.0,0.0,0.0,0.0,0.0,2.0,1.0,0.05,0.8,0.0,0.0,1
955,2026-04-22T08:29:48.264Z,S20260422_092846,SC01,AUTO,,61.9024,0.0639,start,0,1500,VIDE,0.0,0.0,0.0,0.0,0.0,0.0,0,0,0.0,0.0,0.0,0.0,0.0,0.0,2.0,1.0,0.05,0.8,0.0,0.0,1
956,2026-04-22T08:29:48.317Z,S20260422_092846,SC01,AUTO,,61.9556,0.0532,start,0,1500,VIDE,0.0,0.0,0.0,0.0,0.0,0.0,0,0,0.0,0.0,0.0,0.0,0.0,0.0,2.0,1.0,0.05,0.8,0.0,0.0,1
957,2026-04-22T08:29:48.386Z,S20260422_092846,SC01,AUTO,,62.0243,0.0688,start,0,1500,VIDE,0.0,0.0,0.0,0.0,0.0,0.0,0,0,0.0,0.0,0.0,0.0,0.0,0.0,2.0,1.0,0.05,0.8,0.0,0.0,1
958,2026-04-22T08:29:48.445Z,S20260422_092846,SC01,AUTO,,62.0837,0.0594,start,0,1500,VIDE,0.0,0.0,0.0,0.0,0.0,0.0,0,0,0.0,0.0,0.0,0.0,0.0,0.0,2.0,1.0,0.05,0.8,0.0,0.0,1
959,2026-04-22T08:29:48.506Z,S20260422_092846,SC01,AUTO,,62.1438,0.0601,start,0,1500,VIDE,0.0,0.0,0.0,0.0,0.0,0.0,0,0,0.0,0.0,0.0,0.0,0.0,0.0,2.0,1.0,0.05,0.8,0.0,0.0,1
960,2026-04-22T08:29:48.567Z,S20260422_092846,SC01,AUTO,,62.2051,0.0613,start,0,1500,VIDE,0.0,0.0,0.0,0.0,0.0,0.0,0,0,0.0,0.0,0.0,0.0,0.0,0.0,2.0,1.0,0.05,0.8,0.0,0.0,1
961,2026-04-22T08:29:48.634Z,S20260422_092846,SC01,AUTO,,62.2726,0.0674,start,0,1500,VIDE,0.0,0.0,0.0,0.0,0.0,0.0,0,0,0.0,0.0,0.0,0.0,0.0,0.0,2.0,1.0,0.05,0.8,0.0,0.0,1
962,2026-04-22T08:29:48.696Z,S20260422_092846,SC01,AUTO,,62.3346,0.062,start,0,1500,VIDE,0.0,0.0,0.0,0.0,0.0,0.0,0,0,0.0,0.0,0.0,0.0,0.0,0.0,2.0,1.0,0.05,0.8,0.0,0.0,1
963,2026-04-22T08:29:48.758Z,S20260422_092846,SC01,AUTO,,62.3959,0.0613,start,0,1500,VIDE,0.0,0.0,0.0,0.0,0.0,0.0,0,0,0.0,0.0,0.0,0.0,0.0,0.0,2.0,1.0,0.05,0.8,0.0,0.0,1
964,2026-04-22T08:29:48.818Z,S20260422_092846,SC01,AUTO,,62.4566,0.0608,start,0,1500,VIDE,0.0,0.0,0.0,0.0,0.0,0.0,0,0,0.0,0.0,0.0,0.0,0.0,0.0,2.0,1.0,0.05,0.8,0.0,0.0,1
965,2026-04-22T08:29:48.881Z,S20260422_092846,SC01,AUTO,,62.5198,0.0631,start,0,1500,VIDE,0.0,0.0,0.0,0.0,0.0,0.0,0,0,0.0,0.0,0.0,0.0,0.0,0.0,2.0,1.0,0.05,0.8,0.0,0.0,1
966,2026-04-22T08:29:48.941Z,S20260422_092846,SC01,AUTO,,62.5794,0.0596,start,0,1500,VIDE,0.0,0.0,0.0,0.0,0.0,0.0,0,0,0.0,0.0,0.0,0.0,0.0,0.0,2.0,1.0,0.05,0.8,0.0,0.0,1
967,2026-04-22T08:29:49.005Z,S20260422_092846,SC01,AUTO,,62.6431,0.0637,start,0,1500,VIDE,0.0,0.0,0.0,0.0,0.0,0.0,0,0,0.0,0.0,0.0,0.0,0.0,0.0,2.0,1.0,0.05,0.8,0.0,0.0,1
968,2026-04-22T08:29:49.067Z,S20260422_092846,SC01,AUTO,,62.7055,0.0625,start,0,1500,VIDE,0.0,0.0,0.0,0.0,0.0,0.0,0,0,0.0,0.0,0.0,0.0,0.0,0.0,2.0,1.0,0.05,0.8,0.0,0.0,1
969,2026-04-22T08:29:49.130Z,S20260422_092846,SC01,AUTO,,62.7682,0.0626,start,0,1500,VIDE,0.0,0.0,0.0,0.0,0.0,0.0,0,0,0.0,0.0,0.0,0.0,0.0,0.0,2.0,1.0,0.05,0.8,0.0,0.0,1
970,2026-04-22T08:29:49.199Z,S20260422_092846,SC01,AUTO,,62.8377,0.0695,start,0,1500,VIDE,0.0,0.0,0.0,0.0,0.0,0.0,0,0,0.0,0.0,0.0,0.0,0.0,0.0,2.0,1.0,0.05,0.8,0.0,0.0,1
971,2026-04-22T08:29:49.254Z,S20260422_092846,SC01,AUTO,,62.8921,0.0544,start,0,1500,VIDE,0.0,0.0,0.0,0.0,0.0,0.0,0,0,0.0,0.0,0.0,0.0,0.0,0.0,2.0,1.0,0.05,0.8,0.0,0.0,1
972,2026-04-22T08:29:49.317Z,S20260422_092846,SC01,AUTO,,62.9557,0.0636,start,0,1500,VIDE,0.0,0.0,0.0,0.0,0.0,0.0,0,0,0.0,0.0,0.0,0.0,0.0,0.0,2.0,1.0,0.05,0.8,0.0,0.0,1
973,2026-04-22T08:29:49.382Z,S20260422_092846,SC01,AUTO,,63.0198,0.0642,start,0,1500,VIDE,0.0,0.0,0.0,0.0,0.0,0.0,0,0,0.0,0.0,0.0,0.0,0.0,0.0,2.0,1.0,0.05,0.8,0.0,0.0,1
974,2026-04-22T08:29:49.443Z,S20260422_092846,SC01,AUTO,,63.081,0.0612,start,0,1500,VIDE,0.0,0.0,0.0,0.0,0.0,0.0,0,0,0.0,0.0,0.0,0.0,0.0,0.0,2.0,1.0,0.05,0.8,0.0,0.0,1
975,2026-04-22T08:29:49.505Z,S20260422_092846,SC01,AUTO,,63.1433,0.0623,start,0,1500,VIDE,0.0,0.0,0.0,0.0,0.0,0.0,0,0,0.0,0.0,0.0,0.0,0.0,0.0,2.0,1.0,0.05,0.8,0.0,0.0,1
976,2026-04-22T08:29:49.566Z,S20260422_092846,SC01,AUTO,,63.2047,0.0614,start,0,1500,VIDE,0.0,0.0,0.0,0.0,0.0,0.0,0,0,0.0,0.0,0.0,0.0,0.0,0.0,2.0,1.0,0.05,0.8,0.0,0.0,1
977,2026-04-22T08:29:49.630Z,S20260422_092846,SC01,AUTO,,63.2683,0.0636,start,0,1500,VIDE,0.0,0.0,0.0,0.0,0.0,0.0,0,0,0.0,0.0,0.0,0.0,0.0,0.0,2.0,1.0,0.05,0.8,0.0,0.0,1
978,2026-04-22T08:29:49.692Z,S20260422_092846,SC01,AUTO,,63.3304,0.0621,start,0,1500,VIDE,0.0,0.0,0.0,0.0,0.0,0.0,0,0,0.0,0.0,0.0,0.0,0.0,0.0,2.0,1.0,0.05,0.8,0.0,0.0,1
979,2026-04-22T08:29:49.765Z,S20260422_092846,SC01,AUTO,,63.4036,0.0732,start,0,1500,VIDE,0.0,0.0,0.0,0.0,0.0,0.0,0,0,0.0,0.0,0.0,0.0,0.0,0.0,2.0,1.0,0.05,0.8,0.0,0.0,1
980,2026-04-22T08:29:49.817Z,S20260422_092846,SC01,AUTO,,63.4553,0.0518,start,0,1500,VIDE,0.0,0.0,0.0,0.0,0.0,0.0,0,0,0.0,0.0,0.0,0.0,0.0,0.0,2.0,1.0,0.05,0.8,0.0,0.0,1
981,2026-04-22T08:29:49.879Z,S20260422_092846,SC01,AUTO,,63.5175,0.0622,start,0,1500,VIDE,0.0,0.0,0.0,0.0,0.0,0.0,0,0,0.0,0.0,0.0,0.0,0.0,0.0,2.0,1.0,0.05,0.8,0.0,0.0,1
982,2026-04-22T08:29:49.945Z,S20260422_092846,SC01,AUTO,,63.5832,0.0657,start,0,1500,VIDE,0.0,0.0,0.0,0.0,0.0,0.0,0,0,0.0,0.0,0.0,0.0,0.0,0.0,2.0,1.0,0.05,0.8,0.0,0.0,1
983,2026-04-22T08:29:50.006Z,S20260422_092846,SC01,AUTO,,63.6439,0.0607,start,0,1500,VIDE,0.0,0.0,0.0,0.0,0.0,0.0,0,0,0.0,0.0,0.0,0.0,0.0,0.0,2.0,1.0,0.05,0.8,0.0,0.0,1
984,2026-04-22T08:29:50.081Z,S20260422_092846,SC01,AUTO,,63.7193,0.0754,start,0,1500,VIDE,0.0,0.0,0.0,0.0,0.0,0.0,0,0,0.0,0.0,0.0,0.0,0.0,0.0,2.0,1.0,0.05,0.8,0.0,0.0,1
985,2026-04-22T08:29:50.129Z,S20260422_092846,SC01,AUTO,,63.7674,0.048,start,0,1500,VIDE,0.0,0.0,0.0,0.0,0.0,0.0,0,0,0.0,0.0,0.0,0.0,0.0,0.0,2.0,1.0,0.05,0.8,0.0,0.0,1
986,2026-04-22T08:29:50.201Z,S20260422_092846,SC01,AUTO,,63.8395,0.0721,start,0,1500,VIDE,0.0,0.0,0.0,0.0,0.0,0.0,0,0,0.0,0.0,0.0,0.0,0.0,0.0,2.0,1.0,0.05,0.8,0.0,0.0,1
987,2026-04-22T08:29:50.266Z,S20260422_092846,SC01,AUTO,,63.904,0.0645,start,0,1500,VIDE,0.0,0.0,0.0,0.0,0.0,0.0,0,0,0.0,0.0,0.0,0.0,0.0,0.0,2.0,1.0,0.05,0.8,0.0,0.0,1
988,2026-04-22T08:29:50.317Z,S20260422_092846,SC01,AUTO,,63.9555,0.0515,start,0,1500,VIDE,0.0,0.0,0.0,0.0,0.0,0.0,0,0,0.0,0.0,0.0,0.0,0.0,0.0,2.0,1.0,0.05,0.8,0.0,0.0,1
989,2026-04-22T08:29:50.383Z,S20260422_092846,SC01,AUTO,,64.0214,0.0658,start,0,1500,VIDE,0.0,0.0,0.0,0.0,0.0,0.0,0,0,0.0,0.0,0.0,0.0,0.0,0.0,2.0,1.0,0.05,0.8,0.0,0.0,1
990,2026-04-22T08:29:50.446Z,S20260422_092846,SC01,AUTO,,64.0838,0.0624,start,0,1500,VIDE,0.0,0.0,0.0,0.0,0.0,0.0,0,0,0.0,0.0,0.0,0.0,0.0,0.0,2.0,1.0,0.05,0.8,0.0,0.0,1
991,2026-04-22T08:29:50.506Z,S20260422_092846,SC01,AUTO,,64.1439,0.0601,start,0,1500,VIDE,0.0,0.0,0.0,0.0,0.0,0.0,0,0,0.0,0.0,0.0,0.0,0.0,0.0,2.0,1.0,0.05,0.8,0.0,0.0,1
992,2026-04-22T08:29:50.579Z,S20260422_092846,SC01,AUTO,,64.2175,0.0736,start,0,1500,VIDE,0.0,0.0,0.0,0.0,0.0,0.0,0,0,0.0,0.0,0.0,0.0,0.0,0.0,2.0,1.0,0.05,0.8,0.0,0.0,1
993,2026-04-22T08:29:50.633Z,S20260422_092846,SC01,AUTO,,64.2717,0.0543,start,0,1500,VIDE,0.0,0.0,0.0,0.0,0.0,0.0,0,0,0.0,0.0,0.0,0.0,0.0,0.0,2.0,1.0,0.05,0.8,0.0,0.0,1
994,2026-04-22T08:29:50.699Z,S20260422_092846,SC01,AUTO,,64.3376,0.0659,start,0,1500,VIDE,0.0,0.0,0.0,0.0,0.0,0.0,0,0,0.0,0.0,0.0,0.0,0.0,0.0,2.0,1.0,0.05,0.8,0.0,0.0,1
995,2026-04-22T08:29:50.765Z,S20260422_092846,SC01,AUTO,,64.4033,0.0657,start,0,1500,VIDE,0.0,0.0,0.0,0.0,0.0,0.0,0,0,0.0,0.0,0.0,0.0,0.0,0.0,2.0,1.0,0.05,0.8,0.0,0.0,1
996,2026-04-22T08:29:50.825Z,S20260422_092846,SC01,AUTO,,64.4637,0.0604,start,0,1500,VIDE,0.0,0.0,0.0,0.0,0.0,0.0,0,0,0.0,0.0,0.0,0.0,0.0,0.0,2.0,1.0,0.05,0.8,0.0,0.0,1
997,2026-04-22T08:29:50.884Z,S20260422_092846,SC01,AUTO,,64.5226,0.0588,start,0,1500,VIDE,0.0,0.0,0.0,0.0,0.0,0.0,0,0,0.0,0.0,0.0,0.0,0.0,0.0,2.0,1.0,0.05,0.8,0.0,0.0,1
998,2026-04-22T08:29:50.947Z,S20260422_092846,SC01,AUTO,,64.5849,0.0624,start,0,1500,VIDE,0.0,0.0,0.0,0.0,0.0,0.0,0,0,0.0,0.0,0.0,0.0,0.0,0.0,2.0,1.0,0.05,0.8,0.0,0.0,1
999,2026-04-22T08:29:51.006Z,S20260422_092846,SC01,AUTO,,64.6445,0.0596,start,0,1500,VIDE,0.0,0.0,0.0,0.0,0.0,0.0,0,0,0.0,0.0,0.0,0.0,0.0,0.0,2.0,1.0,0.05,0.8,0.0,0.0,1
1000,2026-04-22T08:29:51.067Z,S20260422_092846,SC01,AUTO,,64.7051,0.0606,start,0,1500,VIDE,0.0,0.0,0.0,0.0,0.0,0.0,0,0,0.0,0.0,0.0,0.0,0.0,0.0,2.0,1.0,0.05,0.8,0.0,0.0,1
1001,2026-04-22T08:29:51.133Z,S20260422_092846,SC01,AUTO,,64.7716,0.0665,start,0,1500,VIDE,0.0,0.0,0.0,0.0,0.0,0.0,0,0,0.0,0.0,0.0,0.0,0.0,0.0,2.0,1.0,0.05,0.8,0.0,0.0,1
1002,2026-04-22T08:29:51.201Z,S20260422_092846,SC01,AUTO,,64.839,0.0674,start,0,1500,VIDE,0.0,0.0,0.0,0.0,0.0,0.0,0,0,0.0,0.0,0.0,0.0,0.0,0.0,2.0,1.0,0.05,0.8,0.0,0.0,1
1003,2026-04-22T08:29:51.257Z,S20260422_092846,SC01,AUTO,,64.8948,0.0558,start,0,1500,VIDE,0.0,0.0,0.0,0.0,0.0,0.0,0,0,0.0,0.0,0.0,0.0,0.0,0.0,2.0,1.0,0.05,0.8,0.0,0.0,1
1004,2026-04-22T08:29:51.318Z,S20260422_092846,SC01,AUTO,,64.9559,0.061,start,0,1500,VIDE,0.0,0.0,0.0,0.0,0.0,0.0,0,0,0.0,0.0,0.0,0.0,0.0,0.0,2.0,1.0,0.05,0.8,0.0,0.0,1
1005,2026-04-22T08:29:53.850Z,S20260422_092846,SC01,AUTO,,67.4885,2.5326,start,0,1500,VIDE,0.0,0.0,0.0,0.0,0.0,0.0,0,0,0.0,0.0,0.0,0.0,0.0,0.0,2.0,1.0,0.05,0.8,0.0,0.0,1
1006,2026-04-22T08:29:53.884Z,S20260422_092846,SC01,AUTO,,67.5227,0.0342,start,0,1500,VIDE,0.0,0.0,0.0,0.0,0.0,0.0,0,0,0.0,0.0,0.0,0.0,0.0,0.0,2.0,1.0,0.05,0.8,0.0,0.0,1
1007,2026-04-22T08:29:53.946Z,S20260422_092846,SC01,AUTO,,67.5844,0.0617,start,0,1500,VIDE,0.0,0.0,0.0,0.0,0.0,0.0,0,0,0.0,0.0,0.0,0.0,0.0,0.0,2.0,1.0,0.05,0.8,0.0,0.0,1
1008,2026-04-22T08:29:54.006Z,S20260422_092846,SC01,AUTO,,67.6442,0.0599,start,0,1500,VIDE,0.0,0.0,0.0,0.0,0.0,0.0,0,0,0.0,0.0,0.0,0.0,0.0,0.0,2.0,1.0,0.05,0.8,0.0,0.0,1
1009,2026-04-22T08:29:54.069Z,S20260422_092846,SC01,AUTO,,67.7075,0.0633,start,0,1500,VIDE,0.0,0.0,0.0,0.0,0.0,0.0,0,0,0.0,0.0,0.0,0.0,0.0,0.0,2.0,1.0,0.05,0.8,0.0,0.0,1
1010,2026-04-22T08:29:54.136Z,S20260422_092846,SC01,AUTO,,67.7744,0.0669,start,0,1500,VIDE,0.0,0.0,0.0,0.0,0.0,0.0,0,0,0.0,0.0,0.0,0.0,0.0,0.0,2.0,1.0,0.05,0.8,0.0,0.0,1
1011,2026-04-22T08:29:54.197Z,S20260422_092846,SC01,AUTO,,67.8351,0.0607,start,0,1500,VIDE,0.0,0.0,0.0,0.0,0.0,0.0,0,0,0.0,0.0,0.0,0.0,0.0,0.0,2.0,1.0,0.05,0.8,0.0,0.0,1
1012,2026-04-22T08:29:54.266Z,S20260422_092846,SC01,AUTO,,67.9038,0.0688,start,0,1500,VIDE,0.0,0.0,0.0,0.0,0.0,0.0,0,0,0.0,0.0,0.0,0.0,0.0,0.0,2.0,1.0,0.05,0.8,0.0,0.0,1
1013,2026-04-22T08:29:54.319Z,S20260422_092846,SC01,AUTO,,67.9572,0.0534,start,0,1500,VIDE,0.0,0.0,0.0,0.0,0.0,0.0,0,0,0.0,0.0,0.0,0.0,0.0,0.0,2.0,1.0,0.05,0.8,0.0,0.0,1
1014,2026-04-22T08:29:54.439Z,S20260422_092846,SC01,AUTO,,68.0774,0.1202,start,0,1500,VIDE,0.0,0.0,0.0,0.0,0.0,0.0,0,0,0.0,0.0,0.0,0.0,0.0,0.0,2.0,1.0,0.05,0.8,0.0,0.0,1
1015,2026-04-22T08:29:54.445Z,S20260422_092846,SC01,AUTO,,68.0837,0.0063,start,0,1500,VIDE,0.0,0.0,0.0,0.0,0.0,0.0,0,0,0.0,0.0,0.0,0.0,0.0,0.0,2.0,1.0,0.05,0.8,0.0,0.0,1
1016,2026-04-22T08:29:54.507Z,S20260422_092846,SC01,AUTO,,68.1449,0.0612,start,0,1500,VIDE,0.0,0.0,0.0,0.0,0.0,0.0,0,0,0.0,0.0,0.0,0.0,0.0,0.0,2.0,1.0,0.05,0.8,0.0,0.0,1
1017,2026-04-22T08:29:54.574Z,S20260422_092846,SC01,AUTO,,68.2118,0.0669,start,0,1500,VIDE,0.0,0.0,0.0,0.0,0.0,0.0,0,0,0.0,0.0,0.0,0.0,0.0,0.0,2.0,1.0,0.05,0.8,0.0,0.0,1
1018,2026-04-22T08:29:54.634Z,S20260422_092846,SC01,AUTO,,68.2725,0.0607,start,0,1500,VIDE,0.0,0.0,0.0,0.0,0.0,0.0,0,0,0.0,0.0,0.0,0.0,0.0,0.0,2.0,1.0,0.05,0.8,0.0,0.0,1
1019,2026-04-22T08:29:54.692Z,S20260422_092846,SC01,AUTO,,68.33,0.0575,start,0,1500,VIDE,0.0,0.0,0.0,0.0,0.0,0.0,0,0,0.0,0.0,0.0,0.0,0.0,0.0,2.0,1.0,0.05,0.8,0.0,0.0,1
1020,2026-04-22T08:29:54.766Z,S20260422_092846,SC01,AUTO,,68.4041,0.0741,start,0,1500,VIDE,0.0,0.0,0.0,0.0,0.0,0.0,0,0,0.0,0.0,0.0,0.0,0.0,0.0,2.0,1.0,0.05,0.8,0.0,0.0,1
1021,2026-04-22T08:29:54.829Z,S20260422_092846,SC01,AUTO,,68.4677,0.0636,start,0,1500,VIDE,0.0,0.0,0.0,0.0,0.0,0.0,0,0,0.0,0.0,0.0,0.0,0.0,0.0,2.0,1.0,0.05,0.8,0.0,0.0,1
1022,2026-04-22T08:29:54.887Z,S20260422_092846,SC01,AUTO,,68.5253,0.0576,start,0,1500,VIDE,0.0,0.0,0.0,0.0,0.0,0.0,0,0,0.0,0.0,0.0,0.0,0.0,0.0,2.0,1.0,0.05,0.8,0.0,0.0,1
1023,2026-04-22T08:29:54.945Z,S20260422_092846,SC01,AUTO,,68.5837,0.0585,start,0,1500,VIDE,0.0,0.0,0.0,0.0,0.0,0.0,0,0,0.0,0.0,0.0,0.0,0.0,0.0,2.0,1.0,0.05,0.8,0.0,0.0,1
1024,2026-04-22T08:29:55.006Z,S20260422_092846,SC01,AUTO,,68.6449,0.0611,start,0,1500,VIDE,0.0,0.0,0.0,0.0,0.0,0.0,0,0,0.0,0.0,0.0,0.0,0.0,0.0,2.0,1.0,0.05,0.8,0.0,0.0,1
1025,2026-04-22T08:29:55.070Z,S20260422_092846,SC01,AUTO,,68.708,0.0631,start,0,1500,VIDE,0.0,0.0,0.0,0.0,0.0,0.0,0,0,0.0,0.0,0.0,0.0,0.0,0.0,2.0,1.0,0.05,0.8,0.0,0.0,1
1026,2026-04-22T08:29:55.134Z,S20260422_092846,SC01,AUTO,,68.773,0.0648,start,0,1500,VIDE,0.0,0.0,0.0,0.0,0.0,0.0,0,0,0.0,0.0,0.0,0.0,0.0,0.0,2.0,1.0,0.05,0.8,0.0,0.0,1
1027,2026-04-22T08:29:55.193Z,S20260422_092846,SC01,AUTO,,68.8309,0.0581,start,0,1500,VIDE,0.0,0.0,0.0,0.0,0.0,0.0,0,0,0.0,0.0,0.0,0.0,0.0,0.0,2.0,1.0,0.05,0.8,0.0,0.0,1
1028,2026-04-22T08:29:55.260Z,S20260422_092846,SC01,AUTO,,68.8979,0.0671,start,0,1500,VIDE,0.0,0.0,0.0,0.0,0.0,0.0,0,0,0.0,0.0,0.0,0.0,0.0,0.0,2.0,1.0,0.05,0.8,0.0,0.0,1
1029,2026-04-22T08:29:55.318Z,S20260422_092846,SC01,AUTO,,68.9566,0.0587,start,0,1500,VIDE,0.0,0.0,0.0,0.0,0.0,0.0,0,0,0.0,0.0,0.0,0.0,0.0,0.0,2.0,1.0,0.05,0.8,0.0,0.0,1
1030,2026-04-22T08:29:55.382Z,S20260422_092846,SC01,AUTO,,69.0203,0.0637,start,0,1500,VIDE,0.0,0.0,0.0,0.0,0.0,0.0,0,0,0.0,0.0,0.0,0.0,0.0,0.0,2.0,1.0,0.05,0.8,0.0,0.0,1
1031,2026-04-22T08:29:55.445Z,S20260422_092846,SC01,AUTO,,69.0832,0.0629,start,0,1500,VIDE,0.0,0.0,0.0,0.0,0.0,0.0,0,0,0.0,0.0,0.0,0.0,0.0,0.0,2.0,1.0,0.05,0.8,0.0,0.0,1
1032,2026-04-22T08:29:55.506Z,S20260422_092846,SC01,AUTO,,69.1439,0.0607,start,0,1500,VIDE,0.0,0.0,0.0,0.0,0.0,0.0,0,0,0.0,0.0,0.0,0.0,0.0,0.0,2.0,1.0,0.05,0.8,0.0,0.0,1
1033,2026-04-22T08:29:55.568Z,S20260422_092846,SC01,AUTO,,69.2063,0.0623,start,0,1500,VIDE,0.0,0.0,0.0,0.0,0.0,0.0,0,0,0.0,0.0,0.0,0.0,0.0,0.0,2.0,1.0,0.05,0.8,0.0,0.0,1
1034,2026-04-22T08:29:55.630Z,S20260422_092846,SC01,AUTO,,69.2688,0.0625,start,0,1500,VIDE,0.0,0.0,0.0,0.0,0.0,0.0,0,0,0.0,0.0,0.0,0.0,0.0,0.0,2.0,1.0,0.05,0.8,0.0,0.0,1
1035,2026-04-22T08:29:55.700Z,S20260422_092846,SC01,AUTO,,69.3386,0.0698,start,0,1500,VIDE,0.0,0.0,0.0,0.0,0.0,0.0,0,0,0.0,0.0,0.0,0.0,0.0,0.0,2.0,1.0,0.05,0.8,0.0,0.0,1
1036,2026-04-22T08:29:55.763Z,S20260422_092846,SC01,AUTO,,69.4014,0.0628,start,0,1500,VIDE,0.0,0.0,0.0,0.0,0.0,0.0,0,0,0.0,0.0,0.0,0.0,0.0,0.0,2.0,1.0,0.05,0.8,0.0,0.0,1
1037,2026-04-22T08:29:55.817Z,S20260422_092846,SC01,AUTO,,69.4552,0.0538,start,0,1500,VIDE,0.0,0.0,0.0,0.0,0.0,0.0,0,0,0.0,0.0,0.0,0.0,0.0,0.0,2.0,1.0,0.05,0.8,0.0,0.0,1
1038,2026-04-22T08:29:55.883Z,S20260422_092846,SC01,AUTO,,69.5212,0.066,start,0,1500,VIDE,0.0,0.0,0.0,0.0,0.0,0.0,0,0,0.0,0.0,0.0,0.0,0.0,0.0,2.0,1.0,0.05,0.8,0.0,0.0,1
1039,2026-04-22T08:29:55.945Z,S20260422_092846,SC01,AUTO,,69.5836,0.0625,start,0,1500,VIDE,0.0,0.0,0.0,0.0,0.0,0.0,0,0,0.0,0.0,0.0,0.0,0.0,0.0,2.0,1.0,0.05,0.8,0.0,0.0,1
1040,2026-04-22T08:29:56.006Z,S20260422_092846,SC01,AUTO,,69.6442,0.0606,start,0,1500,VIDE,0.0,0.0,0.0,0.0,0.0,0.0,0,0,0.0,0.0,0.0,0.0,0.0,0.0,2.0,1.0,0.05,0.8,0.0,0.0,1
1041,2026-04-22T08:29:56.075Z,S20260422_092846,SC01,AUTO,,69.7131,0.0689,start,0,1500,VIDE,0.0,0.0,0.0,0.0,0.0,0.0,0,0,0.0,0.0,0.0,0.0,0.0,0.0,2.0,1.0,0.05,0.8,0.0,0.0,1
1042,2026-04-22T08:29:56.131Z,S20260422_092846,SC01,AUTO,,69.7692,0.0561,start,0,1500,VIDE,0.0,0.0,0.0,0.0,0.0,0.0,0,0,0.0,0.0,0.0,0.0,0.0,0.0,2.0,1.0,0.05,0.8,0.0,0.0,1
1043,2026-04-22T08:29:56.199Z,S20260422_092846,SC01,AUTO,,69.8372,0.068,start,0,1500,VIDE,0.0,0.0,0.0,0.0,0.0,0.0,0,0,0.0,0.0,0.0,0.0,0.0,0.0,2.0,1.0,0.05,0.8,0.0,0.0,1
1044,2026-04-22T08:29:59.898Z,S20260422_092846,SC01,AUTO,,73.536,3.6987,start,0,1500,VIDE,0.0,0.0,0.0,0.0,-0.698132,0.0,1,0,15840.659,19.261,0.0,0.0,0.0,0.0,2.0,1.0,0.05,0.8,0.0,0.0,1
1045,2026-04-22T08:30:00.069Z,S20260422_092846,SC01,AUTO,,73.7072,0.1712,start,0,1500,VIDE,0.0,0.0,0.0,0.0,-0.698132,0.0,1,0,15915.818,19.541,0.0,0.0,0.0,0.0,2.0,1.0,0.05,0.8,0.0,0.0,1
1046,2026-04-22T08:30:00.136Z,S20260422_092846,SC01,AUTO,,73.7744,0.0672,start,0,1500,VIDE,0.0,0.0,0.0,0.0,-0.698132,0.0,1,0,15977.798,19.985,0.0,0.0,0.0,0.0,2.0,1.0,0.05,0.8,0.0,0.0,1
1047,2026-04-22T08:30:00.199Z,S20260422_092846,SC01,AUTO,,73.8376,0.0632,start,0,1500,VIDE,0.0,0.0,0.0,0.0,-0.698132,0.0,1,0,16004.722,19.588,0.0,0.0,0.0,0.0,2.0,1.0,0.05,0.8,0.0,0.0,1
1048,2026-04-22T08:30:00.255Z,S20260422_092846,SC01,AUTO,,73.893,0.0555,start,0,1500,VIDE,0.0,0.0,0.0,0.0,-0.698132,0.0,1,0,16004.722,19.588,0.0,0.0,0.0,0.0,2.0,1.0,0.05,0.8,0.0,0.0,1
1049,2026-04-22T08:30:00.317Z,S20260422_092846,SC01,AUTO,,73.9551,0.0621,start,0,1500,VIDE,0.0,0.0,0.0,0.0,-0.698132,0.0,1,0,16004.722,19.588,0.0,0.0,0.0,0.0,2.0,1.0,0.05,0.8,0.0,0.0,1
1050,2026-04-22T08:30:00.388Z,S20260422_092846,SC01,AUTO,,74.0261,0.071,start,0,1500,VIDE,0.0,0.0,0.0,0.0,-0.698132,0.0,1,0,16053.081,19.928,0.0,0.0,0.0,0.0,2.0,1.0,0.05,0.8,0.0,0.0,1
1051,2026-04-22T08:30:00.446Z,S20260422_092846,SC01,AUTO,,74.0842,0.058,start,0,1500,VIDE,0.0,0.0,0.0,0.0,-0.698132,-0.0,1,0,16031.592,19.991,0.0,0.0,0.0,0.0,2.0,1.0,0.05,0.8,0.0,0.0,1
1052,2026-04-22T08:30:00.505Z,S20260422_092846,SC01,AUTO,,74.1433,0.0592,start,0,1500,VIDE,0.0,0.0,0.0,0.0,-0.698132,-0.0,1,0,16011.487,19.486,0.0,0.0,0.0,0.0,2.0,1.0,0.05,0.8,0.0,0.0,1
1053,2026-04-22T08:30:00.574Z,S20260422_092846,SC01,AUTO,,74.2127,0.0693,start,0,1500,VIDE,0.0,0.0,0.0,0.0,-0.698132,0.0,1,0,15992.667,19.104,0.0,0.0,0.0,0.0,2.0,1.0,0.05,0.8,0.0,0.0,1
1054,2026-04-22T08:30:00.634Z,S20260422_092846,SC01,AUTO,,74.2722,0.0596,start,0,1500,VIDE,0.0,0.0,0.0,0.0,-0.698132,0.0,1,0,15966.746,19.469,0.0,0.0,0.0,0.0,2.0,1.0,0.05,0.8,0.0,0.0,1
1055,2026-04-22T08:30:00.699Z,S20260422_092846,SC01,AUTO,,74.3376,0.0655,start,0,1500,VIDE,0.0,0.0,0.0,0.0,-0.698132,-0.0,1,0,15950.718,20.93,0.0,0.0,0.0,0.0,2.0,1.0,0.05,0.8,0.0,0.0,1
1056,2026-04-22T08:30:00.760Z,S20260422_092846,SC01,AUTO,,74.3982,0.0606,start,0,1500,VIDE,0.0,0.0,0.0,0.0,-0.698132,0.0,1,0,15935.547,19.142,0.0,0.0,0.0,0.0,2.0,1.0,0.05,0.8,0.0,0.0,1
1057,2026-04-22T08:30:00.817Z,S20260422_092846,SC01,AUTO,,74.4557,0.0574,start,0,1500,VIDE,0.0,0.0,0.0,0.0,-0.698132,0.0,1,0,15897.724,19.611,0.0,0.0,0.0,0.0,2.0,1.0,0.05,0.8,0.0,0.0,1
1058,2026-04-22T08:30:00.883Z,S20260422_092846,SC01,AUTO,,74.5212,0.0656,start,0,1500,VIDE,0.0,0.0,0.0,0.0,-0.698132,0.0,1,0,15854.104,19.661,0.0,0.0,0.0,0.0,2.0,1.0,0.05,0.8,0.0,0.0,1
1059,2026-04-22T08:30:00.943Z,S20260422_092846,SC01,AUTO,0.0017,74.5815,0.0602,start,1,1500,VIDE,0.0,0.0,0.0,0.0,-0.698132,-0.0,1,0,15827.575,20.041,0.0,0.0,0.0,0.0,2.0,1.0,0.05,0.8,0.0,0.0,1
1060,2026-04-22T08:30:01.006Z,S20260422_092846,SC01,AUTO,0.0641,74.6439,0.0624,start,1,1500,VIDE,0.0,0.0,0.0,0.0,-0.698132,-0.0,1,0,15781.099,19.339,0.0,0.0,0.0,0.0,2.0,1.0,0.05,0.8,0.0,0.0,1
1061,2026-04-22T08:30:01.070Z,S20260422_092846,SC01,AUTO,0.1285,74.7082,0.0643,start,1,1500,VIDE,0.0,0.0,0.0,0.0,-0.698132,-0.0,1,0,15727.009,18.797,0.0,0.0,0.0,0.0,2.0,1.0,0.05,0.8,0.0,0.0,1
1062,2026-04-22T08:30:01.134Z,S20260422_092846,SC01,AUTO,0.1924,74.7722,0.064,start,1,1500,VIDE,0.0,0.0,0.0,0.0,-0.698132,-0.0,1,0,15672.828,20.768,0.0,0.0,0.0,0.0,2.0,1.0,0.05,0.8,0.0,0.0,1
1063,2026-04-22T08:30:01.198Z,S20260422_092846,SC01,AUTO,0.2569,74.8366,0.0644,start,1,1500,VIDE,0.0,0.0,0.0,0.0,-0.698132,-0.0,1,0,15615.322,19.467,0.0,0.0,0.0,0.0,2.0,1.0,0.05,0.8,0.0,0.0,1
1064,2026-04-22T08:30:01.262Z,S20260422_092846,SC01,AUTO,0.3206,74.9003,0.0637,start,1,1500,VIDE,0.0,0.0,0.0,0.0,-0.698132,-0.0,1,0,15558.87,19.671,0.0,0.0,0.0,0.0,2.0,1.0,0.05,0.8,0.0,0.0,1
1065,2026-04-22T08:30:01.317Z,S20260422_092846,SC01,AUTO,0.3759,74.9556,0.0554,start,1,1500,VIDE,0.0,0.0,0.0,0.0,-0.698132,-0.0,1,0,15502.944,19.589,0.0,0.0,0.0,0.0,2.0,1.0,0.05,0.8,0.0,0.0,1
1066,2026-04-22T08:30:01.385Z,S20260422_092846,SC01,AUTO,0.4434,75.0232,0.0676,start,1,1500,VIDE,0.0,0.0,0.0,0.0,-0.698132,-0.0,1,0,15452.607,19.611,0.0,0.0,0.0,0.0,2.0,1.0,0.05,0.8,0.0,0.0,1
1067,2026-04-22T08:30:01.445Z,S20260422_092846,SC01,AUTO,0.5038,75.0835,0.0603,start,1,1500,VIDE,0.0,0.0,0.0,0.0,-0.698132,-0.0,1,0,15389.955,19.02,0.0,0.0,0.0,0.0,2.0,1.0,0.05,0.8,0.0,0.0,1
1068,2026-04-22T08:30:01.505Z,S20260422_092846,SC01,AUTO,0.5636,75.1434,0.0599,start,1,1500,VIDE,0.0,0.0,0.0,0.0,-0.698132,-0.0,1,0,15339.509,18.685,0.0,0.0,0.0,0.0,2.0,1.0,0.05,0.8,0.0,0.0,1
1069,2026-04-22T08:30:01.567Z,S20260422_092846,SC01,AUTO,0.6253,75.205,0.0616,start,1,1500,VIDE,0.0,0.0,0.0,0.0,-0.698132,0.0,1,0,15314.437,20.498,0.0,0.0,0.0,0.0,2.0,1.0,0.05,0.8,0.0,0.0,1
1070,2026-04-22T08:30:01.630Z,S20260422_092846,SC01,AUTO,0.6888,75.2686,0.0636,start,1,1500,VIDE,0.0,0.0,0.0,0.0,-0.698132,0.0,1,0,15261.582,19.902,0.0,0.0,0.0,0.0,2.0,1.0,0.05,0.8,0.0,0.0,1
1071,2026-04-22T08:30:01.695Z,S20260422_092846,SC01,AUTO,0.7533,75.333,0.0643,start,1,1500,VIDE,0.0,0.0,0.0,0.0,-0.698132,0.0,1,0,15213.054,17.315,0.0,0.0,0.0,0.0,2.0,1.0,0.05,0.8,0.0,0.0,1
1072,2026-04-22T08:30:01.759Z,S20260422_092846,SC01,AUTO,0.8181,75.3978,0.0649,start,1,1500,VIDE,0.0,0.0,0.0,0.0,-0.698132,0.0,1,0,15162.759,19.677,0.0,0.0,0.0,0.0,2.0,1.0,0.05,0.8,0.0,0.0,1
1073,2026-04-22T08:30:01.818Z,S20260422_092846,SC01,AUTO,0.8766,75.4563,0.0586,start,1,1500,VIDE,0.0,0.0,0.0,0.0,-0.698132,0.0,1,0,15109.376,19.079,0.0,0.0,0.0,0.0,2.0,1.0,0.05,0.8,0.0,0.0,1
1074,2026-04-22T08:30:01.881Z,S20260422_092846,SC01,AUTO,0.9393,75.5191,0.0627,start,1,1500,VIDE,0.0,0.0,0.0,0.0,-0.698132,-0.0,1,0,15087.499,19.977,0.0,0.0,0.0,0.0,2.0,1.0,0.05,0.8,0.0,0.0,1
1075,2026-04-22T08:30:01.946Z,S20260422_092846,SC01,AUTO,1.0047,75.5844,0.0653,start,1,1500,VIDE,0.0,0.0,0.0,0.0,-0.698132,-0.0,1,0,15033.834,19.567,0.0,0.0,0.0,0.0,2.0,1.0,0.05,0.8,0.0,0.0,1
1076,2026-04-22T08:30:02.006Z,S20260422_092846,SC01,AUTO,1.0648,75.6445,0.0601,start,1,1500,VIDE,0.0,0.0,0.0,0.0,-0.698132,-0.0,1,0,14978.017,20.052,0.0,0.0,0.0,0.0,2.0,1.0,0.05,0.8,0.0,0.0,1
1077,2026-04-22T08:30:02.067Z,S20260422_092846,SC01,AUTO,1.1254,75.7051,0.0607,start,1,1500,VIDE,0.0,0.0,0.0,0.0,-0.698132,-0.0,1,0,14927.584,19.738,0.0,0.0,0.0,0.0,2.0,1.0,0.05,0.8,0.0,0.0,1
1078,2026-04-22T08:30:02.132Z,S20260422_092846,SC01,AUTO,1.1908,75.7705,0.0654,start,1,1500,VIDE,0.0,0.0,0.0,0.0,-0.698132,-0.0,1,0,14927.584,19.738,0.0,0.0,0.0,0.0,2.0,1.0,0.05,0.8,0.0,0.0,1
1079,2026-04-22T08:30:02.199Z,S20260422_092846,SC01,AUTO,1.2572,75.837,0.0663,start,1,1500,VIDE,0.0,0.0,0.0,0.0,-0.698132,-0.0,1,0,14930.835,19.44,0.0,0.0,0.0,0.0,2.0,1.0,0.05,0.8,0.0,0.0,1
1080,2026-04-22T08:30:02.254Z,S20260422_092846,SC01,AUTO,1.3129,75.8926,0.0558,start,1,1500,VIDE,0.0,0.0,0.0,0.0,-0.698132,-0.0,1,0,14874.939,20.377,0.0,0.0,0.0,0.0,2.0,1.0,0.05,0.8,0.0,0.0,1
1081,2026-04-22T08:30:02.317Z,S20260422_092846,SC01,AUTO,1.3756,75.9553,0.0627,start,1,1500,VIDE,0.0,0.0,0.0,0.0,-0.698132,-0.0,1,0,14823.629,19.425,0.0,0.0,0.0,0.0,2.0,1.0,0.05,0.8,0.0,0.0,1
1082,2026-04-22T08:30:02.383Z,S20260422_092846,SC01,AUTO,1.4415,76.0213,0.066,start,1,1500,VIDE,0.0,0.0,0.0,0.0,-0.698132,-0.0,1,0,14765.024,18.912,0.0,0.0,0.0,0.0,2.0,1.0,0.05,0.8,0.0,0.0,1
1083,2026-04-22T08:30:02.445Z,S20260422_092846,SC01,AUTO,1.504,76.0838,0.0625,start,1,1500,VIDE,0.0,0.0,0.0,0.0,-0.698132,-0.0,2,0,2402.622,12.88,0.0,0.0,0.0,0.0,2.0,1.0,0.05,0.8,0.0,0.0,1
1084,2026-04-22T08:30:02.505Z,S20260422_092846,SC01,AUTO,1.5637,76.1434,0.0597,start,1,1500,VIDE,0.0,0.0,0.0,0.001552,-0.698132,-0.0,2,0,2419.646,20.507,0.0,0.0,0.0,0.0,2.0,1.0,0.05,0.8,0.00155,0.0,1
1085,2026-04-22T08:30:02.567Z,S20260422_092846,SC01,AUTO,1.6253,76.2051,0.0616,start,1,1500,VIDE,0.0,0.0,0.0,0.011458,-0.698132,0.0,2,0,2315.916,19.894,0.0,0.0,0.0,0.0,2.0,1.0,0.05,0.8,0.01146,0.0,1
1086,2026-04-22T08:30:02.633Z,S20260422_092846,SC01,AUTO,1.692,76.2718,0.0667,start,1,1500,VIDE,0.0,0.0,0.0,0.022486,-0.698132,0.0,2,0,2200.695,19.265,0.0,0.0,0.0,0.0,2.0,1.0,0.05,0.8,0.02249,0.0,1
1087,2026-04-22T08:30:02.692Z,S20260422_092846,SC01,AUTO,1.7507,76.3304,0.0586,start,1,1500,VIDE,0.0,0.0,0.0,0.030978,-0.698132,0.0,2,0,2184.139,11.883,0.0,0.0,0.0,0.0,2.0,1.0,0.05,0.8,0.03098,0.0,1
1088,2026-04-22T08:30:02.761Z,S20260422_092846,SC01,AUTO,1.8194,76.3992,0.0687,start,1,1500,VIDE,0.0,0.0,0.0,0.050338,-0.698132,0.0,2,0,2087.498,19.645,0.0,0.0,0.0,0.0,2.0,1.0,0.05,0.8,0.05034,0.0,1
1089,2026-04-22T08:30:02.816Z,S20260422_092846,SC01,AUTO,1.8747,76.4544,0.0553,start,1,1500,VIDE,0.0,0.0,0.0,0.066833,-0.698132,0.0,2,0,2030.545,18.515,0.0,0.0,0.0,0.0,2.0,1.0,0.05,0.8,0.06683,0.0,1
1090,2026-04-22T08:30:02.884Z,S20260422_092846,SC01,AUTO,1.9425,76.5222,0.0678,start,1,1500,VIDE,0.0,0.0,0.0,0.084864,-0.698132,0.0,2,0,1972.917,16.877,0.0,0.0,0.0,0.0,2.0,1.0,0.05,0.8,0.08486,0.0,1
1091,2026-04-22T08:30:02.942Z,S20260422_092846,SC01,AUTO,2.0003,76.5801,0.0579,start,1,1500,VIDE,0.0,0.0,0.0,0.097629,-0.698132,0.0,2,0,1955.822,10.472,0.0,0.0,0.0,0.0,2.0,1.0,0.05,0.8,0.09763,0.0,1
1092,2026-04-22T08:30:03.006Z,S20260422_092846,SC01,AUTO,2.0645,76.6442,0.0641,start,1,1500,VIDE,0.0,0.0,0.0,0.117715,-0.698132,-0.0,2,0,1899.278,29.42,0.0,0.0,0.0,0.0,2.0,1.0,0.05,0.8,0.11771,0.0,1
1093,2026-04-22T08:30:03.067Z,S20260422_092846,SC01,AUTO,2.1259,76.7057,0.0615,start,1,1500,VIDE,0.0,0.0,0.0,0.135169,-0.698132,0.0,2,0,1835.542,19.114,0.0,0.0,0.0,0.0,2.0,1.0,0.05,0.8,0.13517,0.0,1
1094,2026-04-22T08:30:03.135Z,S20260422_092846,SC01,AUTO,2.1932,76.7729,0.0672,start,1,1500,VIDE,0.0,0.0,0.0,0.156804,-0.698132,-0.0,2,0,1779.286,19.339,0.0,0.0,0.0,0.0,2.0,1.0,0.05,0.8,0.1568,0.0,1
1095,2026-04-22T08:30:03.198Z,S20260422_092846,SC01,AUTO,2.2565,76.8362,0.0633,start,1,1500,VIDE,0.0,0.0,0.0,0.182796,-0.698132,-0.0,2,0,1731.605,9.292,0.0,0.0,0.0,0.0,2.0,1.0,0.05,0.8,0.1828,0.0,1
1096,2026-04-22T08:30:03.262Z,S20260422_092846,SC01,AUTO,2.3203,76.9,0.0638,start,1,1500,VIDE,0.0,0.0,0.0,0.213248,-0.698132,0.0,2,0,1633.784,19.699,0.0,0.0,0.0,0.0,2.0,1.0,0.05,0.8,0.21325,0.0,1
1097,2026-04-22T08:30:03.318Z,S20260422_092846,SC01,AUTO,2.3762,76.956,0.0559,start,1,1500,VIDE,0.0,0.0,0.0,0.224829,-0.698132,-0.0,2,0,1607.888,19.201,0.0,0.0,0.0,0.0,2.0,1.0,0.05,0.8,0.22483,0.0,1
1098,2026-04-22T08:30:03.402Z,S20260422_092846,SC01,AUTO,2.4604,77.0402,0.0843,start,1,1500,VIDE,0.0,0.0,0.0,0.26272,-0.698132,-0.0,2,0,1511.625,0.329,0.0,0.0,0.0,0.0,2.0,1.0,0.05,0.8,0.26272,0.0,1
1099,2026-04-22T08:30:03.445Z,S20260422_092846,SC01,AUTO,2.504,77.0837,0.0435,start,1,1500,VIDE,0.0,0.0,0.0,0.27515,-0.698132,-0.0,2,0,1480.665,0.458,0.0,0.0,0.0,0.0,2.0,1.0,0.05,0.8,0.27515,0.0,1
1100,2026-04-22T08:30:03.505Z,S20260422_092846,SC01,AUTO,2.564,77.1437,0.06,start,1,1500,VIDE,0.0,0.0,0.0,0.297441,-0.698132,0.0,2,0,1422.372,18.989,0.0,0.0,0.0,0.0,2.0,1.0,0.05,0.8,0.29744,0.0,1
1101,2026-04-22T08:30:03.566Z,S20260422_092846,SC01,AUTO,2.6247,77.2044,0.0607,start,1,1500,VIDE,0.0,0.0,0.0,0.31949,-0.698132,-0.0,2,0,1385.623,19.98,0.0,0.0,0.0,0.0,2.0,1.0,0.05,0.8,0.31949,0.0,1
1102,2026-04-22T08:30:03.631Z,S20260422_092846,SC01,AUTO,2.6891,77.2689,0.0645,start,1,1500,VIDE,0.0,0.0,0.0,0.345483,-0.698132,0.0,2,0,1311.446,19.92,0.0,0.0,0.0,0.0,2.0,1.0,0.05,0.8,0.34548,0.0,1
1103,2026-04-22T08:30:03.694Z,S20260422_092846,SC01,AUTO,2.7529,77.3326,0.0637,start,1,1500,VIDE,0.0,0.0,0.0,0.370013,-0.698132,0.0,2,0,1251.044,19.451,0.0,0.0,0.0,0.0,2.0,1.0,0.05,0.8,0.37001,0.0,1
1104,2026-04-22T08:30:03.758Z,S20260422_092846,SC01,AUTO,2.8166,77.3963,0.0638,start,1,1500,VIDE,0.0,0.0,0.0,0.391805,-0.698132,0.0,2,0,1215.621,19.817,0.0,0.0,0.0,0.0,2.0,1.0,0.05,0.8,0.39181,0.0,1
1105,2026-04-22T08:30:03.818Z,S20260422_092846,SC01,AUTO,2.8764,77.4561,0.0598,start,1,1500,VIDE,0.0,0.0,0.0,0.416036,-0.698132,-0.0,2,0,1160.871,20.082,0.0,0.0,0.0,0.0,2.0,1.0,0.05,0.8,0.41604,0.0,1
1106,2026-04-22T08:30:03.884Z,S20260422_092846,SC01,AUTO,2.9429,77.5227,0.0666,start,1,1500,VIDE,0.0,0.0,0.0,0.440308,-0.698132,-0.0,2,0,1102.704,22.062,0.0,0.0,0.0,0.0,2.0,1.0,0.05,0.8,0.44031,0.0,1
1107,2026-04-22T08:30:03.946Z,S20260422_092846,SC01,AUTO,3.0042,77.5839,0.0613,start,1,1500,VIDE,0.0,0.0,0.0,0.464612,-0.698132,0.0,2,0,1043.634,22.685,0.0,0.0,0.0,0.0,2.0,1.0,0.05,0.8,0.46461,0.0,1
1108,2026-04-22T08:30:04.006Z,S20260422_092846,SC01,AUTO,3.0645,77.6443,0.0603,start,1,1500,VIDE,0.0,0.0,0.0,0.48894,-0.698132,0.0,2,0,987.649,20.373,0.0,0.0,0.0,0.0,2.0,1.0,0.05,0.8,0.48894,0.0,1
1109,2026-04-22T08:30:04.071Z,S20260422_092846,SC01,AUTO,3.1295,77.7092,0.0649,start,1,1500,VIDE,0.0,0.0,0.0,0.501112,-0.698132,0.0,2,0,967.953,18.883,0.0,0.0,0.0,0.0,2.0,1.0,0.05,0.8,0.50111,0.0,1
1110,2026-04-22T08:30:04.133Z,S20260422_092846,SC01,AUTO,3.1912,77.771,0.0618,start,1,1500,VIDE,0.0,0.0,0.0,0.525468,-0.698132,0.0,2,0,928.704,19.873,0.0,0.0,0.0,0.0,2.0,1.0,0.05,0.8,0.52547,0.0,1
1111,2026-04-22T08:30:04.195Z,S20260422_092846,SC01,AUTO,3.2531,77.8329,0.0619,start,1,1500,VIDE,0.0,0.0,0.0,0.549837,-0.698132,-0.0,2,0,884.938,20.206,0.0,0.0,0.0,0.0,2.0,1.0,0.05,0.8,0.54984,0.0,1
1112,2026-04-22T08:30:04.255Z,S20260422_092846,SC01,AUTO,3.3131,77.8929,0.06,start,1,1500,VIDE,0.0,0.0,0.0,0.566089,-0.698132,-0.0,2,0,851.561,9.072,0.0,0.0,0.0,0.0,2.0,1.0,0.05,0.8,0.56609,0.0,1
1113,2026-04-22T08:30:04.318Z,S20260422_092846,SC01,AUTO,3.3762,77.956,0.0631,start,1,1500,VIDE,0.0,0.0,0.0,0.586409,-0.698132,-0.0,2,0,802.123,19.843,0.0,0.0,0.0,0.0,2.0,1.0,0.05,0.8,0.58641,0.0,1
1114,2026-04-22T08:30:04.395Z,S20260422_092846,SC01,AUTO,3.4536,78.0334,0.0774,start,1,1500,VIDE,0.0,0.0,0.0,0.622995,-0.698132,-0.0,2,0,724.146,20.094,0.0,0.0,0.0,0.0,2.0,1.0,0.05,0.8,0.623,0.0,1
1115,2026-04-22T08:30:04.443Z,S20260422_092846,SC01,AUTO,3.5016,78.0813,0.048,start,1,1500,VIDE,0.0,0.0,0.0,0.635193,-0.698132,0.0,2,0,701.119,19.334,0.0,0.0,0.0,0.0,2.0,1.0,0.05,0.8,0.63519,0.0,1
1116,2026-04-22T08:30:04.505Z,S20260422_092846,SC01,AUTO,3.5639,78.1436,0.0623,start,1,1500,VIDE,0.0,0.0,0.0,0.659592,-0.698132,-0.0,2,0,651.996,19.431,0.0,0.0,0.0,0.0,2.0,1.0,0.05,0.8,0.65959,0.0,1
1117,2026-04-22T08:30:04.567Z,S20260422_092846,SC01,AUTO,3.6251,78.2049,0.0613,start,1,1500,VIDE,0.0,0.0,0.0,0.683993,-0.698132,-0.0,2,0,598.313,19.408,0.0,0.0,0.0,0.0,2.0,1.0,0.05,0.8,0.68399,0.0,1
1118,2026-04-22T08:30:04.629Z,S20260422_092846,SC01,AUTO,3.6878,78.2676,0.0627,start,1,1500,VIDE,0.0,0.0,0.0,0.696194,-0.698132,-0.0,2,0,578.2,19.373,0.0,0.0,0.0,0.0,2.0,1.0,0.05,0.8,0.69619,0.0,1
1119,2026-04-22T08:30:04.692Z,S20260422_092846,SC01,AUTO,3.7503,78.33,0.0625,start,1,1500,VIDE,0.0,0.0,0.0,0.720598,-0.698132,0.0,2,0,526.796,19.192,0.0,0.0,0.0,0.0,2.0,1.0,0.05,0.8,0.7206,0.0,1
1120,2026-04-22T08:30:04.754Z,S20260422_092846,SC01,AUTO,3.8127,78.3924,0.0624,start,1,1500,VIDE,0.0,0.0,0.0,0.745003,-0.698132,0.0,2,0,470.734,19.472,0.0,0.0,0.0,0.0,2.0,1.0,0.05,0.8,0.745,0.0,1
1121,2026-04-22T08:30:04.817Z,S20260422_092846,SC01,AUTO,3.8751,78.4549,0.0625,start,1,1500,VIDE,0.0,0.0,0.0,0.769408,-0.698132,-0.0,2,0,402.725,29.828,0.0,0.0,0.0,0.0,2.0,1.0,0.05,0.8,0.76941,0.0,1
1122,2026-04-22T08:30:04.879Z,S20260422_092846,SC01,AUTO,3.938,78.5178,0.0629,start,1,1500,VIDE,0.0,0.0,0.0,0.793814,-0.698132,-0.0,2,0,353.644,20.425,0.0,0.0,0.0,0.0,2.0,1.0,0.05,0.8,0.79381,0.0,1
1123,2026-04-22T08:30:04.941Z,S20260422_092846,SC01,AUTO,4.0,78.5797,0.0619,start,1,1500,VIDE,0.0,0.0,0.0,0.818219,-0.698132,0.0,2,0,299.908,19.417,0.0,0.0,0.0,0.0,2.0,1.0,0.05,0.8,0.81822,0.0,0
1124,2026-04-22T08:30:05.004Z,S20260422_092846,SC01,AUTO,4.0622,78.642,0.0623,start,1,1500,VIDE,0.0,0.0,0.0,0.842624,-0.698132,-0.0,2,0,240.861,18.577,0.0,0.0,0.0,0.0,2.0,1.0,0.05,0.8,0.84262,0.0,0
1125,2026-04-22T08:30:05.067Z,S20260422_092846,SC01,AUTO,4.1257,78.7055,0.0634,start,1,1500,VIDE,0.0,0.0,0.0,0.867029,-0.698132,0.0,2,0,187.086,19.978,0.0,0.0,0.0,0.0,2.0,1.0,0.05,0.8,0.86703,0.0,0
1126,2026-04-22T08:30:05.129Z,S20260422_092846,SC01,AUTO,4.1879,78.7677,0.0622,start,1,1500,VIDE,0.0,0.0,0.0,0.891433,-0.698132,0.0,2,0,125.44,20.505,0.0,0.0,0.0,0.0,2.0,1.0,0.05,0.8,0.89143,0.0,0
1127,2026-04-22T08:30:05.192Z,S20260422_092846,SC01,AUTO,4.2505,78.8303,0.0627,start,1,1500,VIDE,0.0,0.0,0.0,0.914918,-0.698132,0.0,1,0,73.749,19.981,0.0,0.0,0.0,0.0,2.0,1.0,0.05,0.8,0.91492,0.0,0
1128,2026-04-22T08:30:05.263Z,S20260422_092846,SC01,AUTO,4.3215,78.9012,0.0709,start,1,1500,VIDE,0.0,0.0,0.0,0.932564,-0.698132,-0.0,1,0,14.859,19.446,0.0,0.0,0.0,0.0,2.0,1.0,0.05,0.8,0.93256,0.0,0
1129,2026-04-22T08:30:05.316Z,S20260422_092846,SC01,AUTO,4.3749,78.9547,0.0535,start,1,1500,VIDE,0.0,0.0,0.0,0.944844,-0.698132,0.0,1,0,20.915,14.826,0.0,0.0,0.0,0.0,2.0,1.0,0.05,0.8,0.94484,0.0,0
1130,2026-04-22T08:30:05.381Z,S20260422_092846,SC01,AUTO,4.4392,79.0189,0.0643,start,1,1500,VIDE,0.0,0.0,0.0,0.952914,-0.698132,0.0,1,0,22.295,19.07,0.0,0.0,0.0,0.0,2.0,1.0,0.05,0.8,0.95291,0.0,0
1131,2026-04-22T08:30:05.441Z,S20260422_092846,SC01,AUTO,4.4996,79.0794,0.0604,start,1,1500,VIDE,0.0,0.0,0.0,0.957683,-0.698132,0.0,1,0,25.678,19.201,0.0,0.0,0.0,0.0,2.0,1.0,0.05,0.8,0.95768,0.0,0
1132,2026-04-22T08:30:05.504Z,S20260422_092846,SC01,AUTO,4.5627,79.1424,0.063,start,1,1500,VIDE,0.0,0.0,0.0,0.959863,-0.698132,-0.0,1,0,27.167,19.542,0.0,0.0,0.0,0.0,2.0,1.0,0.05,0.8,0.95986,0.0,0
1133,2026-04-22T08:30:05.566Z,S20260422_092846,SC01,AUTO,4.6247,79.2044,0.0621,start,1,1500,VIDE,0.0,0.0,0.0,0.960011,-0.698132,-0.0,1,0,35.024,15.012,0.0,0.0,0.0,0.0,2.0,1.0,0.05,0.8,0.96001,0.0,0
1134,2026-04-22T08:30:05.630Z,S20260422_092846,SC01,AUTO,4.689,79.2688,0.0643,start,1,1500,VIDE,0.0,0.0,0.0,0.958567,-0.698132,0.0,1,0,14.859,19.201,0.0,0.0,0.0,0.0,2.0,1.0,0.05,0.8,0.95857,0.0,0
1135,2026-04-22T08:30:05.694Z,S20260422_092846,SC01,AUTO,4.753,79.3328,0.064,start,1,1500,VIDE,0.0,0.0,0.0,0.955874,-0.698132,0.0,1,0,23.381,19.157,0.0,0.0,0.0,0.0,2.0,1.0,0.05,0.8,0.95587,0.0,0
1136,2026-04-22T08:30:05.758Z,S20260422_092846,SC01,AUTO,4.8166,79.3963,0.0636,start,1,1500,VIDE,0.0,0.0,0.0,0.952201,-0.698132,0.0,1,0,28.705,19.64,0.0,0.0,0.0,0.0,2.0,1.0,0.05,0.8,0.9522,0.0,0
1137,2026-04-22T08:30:05.817Z,S20260422_092846,SC01,AUTO,4.8759,79.4557,0.0593,start,1,1500,VIDE,0.0,0.0,0.0,0.950065,-0.698132,0.0,1,0,22.551,19.451,0.0,0.0,0.0,0.0,2.0,1.0,0.05,0.8,0.95006,0.0,0
1138,2026-04-22T08:30:05.884Z,S20260422_092846,SC01,AUTO,4.9429,79.5226,0.067,start,1,1500,VIDE,0.0,0.0,0.0,0.944454,-0.698132,-0.0,1,0,37.847,29.924,0.0,0.0,0.0,0.0,2.0,1.0,0.05,0.8,0.94445,0.0,0
1139,2026-04-22T08:30:05.946Z,S20260422_092846,SC01,AUTO,5.0047,79.5844,0.0617,accel_1,1,1500,VIDE,0.0,0.12,0.0,0.940008,-0.698132,0.0,1,0,29.542,23.613,0.0,0.12,0.0,1.8,2.0,1.0,0.05,0.8,-0.85999,0.0,0
1140,2026-04-22T08:30:06.006Z,S20260422_092846,SC01,AUTO,5.0645,79.6443,0.0599,accel_1,1,1500,VIDE,0.0,0.12,0.0,0.935028,-0.698132,-0.0,1,0,18.717,18.751,0.0,0.12,0.0,1.8,2.0,1.0,0.05,0.8,-0.86497,0.0,0
1141,2026-04-22T08:30:06.076Z,S20260422_092846,SC01,AUTO,5.1344,79.7142,0.0699,accel_1,1,1500,VIDE,0.0,0.12,0.0,0.934388,-0.698132,0.0,1,0,23.294,19.316,0.0,0.12,0.0,1.8,2.0,1.0,0.05,0.8,-0.86561,0.0,0
1142,2026-04-22T08:30:06.133Z,S20260422_092846,SC01,AUTO,5.192,79.7717,0.0575,accel_1,1,1500,VIDE,0.0,0.12,0.0,0.93778,-0.698132,-0.0,1,0,23.9,19.715,0.0,0.12,0.0,1.8,2.0,1.0,0.05,0.8,-0.86222,0.0,0
1143,2026-04-22T08:30:06.201Z,S20260422_092846,SC01,AUTO,5.2599,79.8397,0.068,accel_1,1,1500,VIDE,0.0,0.12,0.0,0.944337,-0.698132,0.0,1,0,28.658,20.813,0.0,0.12,0.0,1.8,2.0,1.0,0.05,0.8,-0.85566,0.0,0
1144,2026-04-22T08:30:06.254Z,S20260422_092846,SC01,AUTO,5.313,79.8928,0.0531,accel_1,1,1500,VIDE,0.0,0.12,0.0,0.953375,-0.698132,-0.0,1,0,12.18,17.756,0.0,0.12,0.0,1.8,2.0,1.0,0.05,0.8,-0.84662,0.0,0
1145,2026-04-22T08:30:06.317Z,S20260422_092846,SC01,AUTO,5.3757,79.9554,0.0627,accel_1,1,1500,VIDE,0.0,0.12,0.0,0.964361,-0.698132,0.0,1,0,16.235,18.736,0.0,0.12,0.0,1.8,2.0,1.0,0.05,0.8,-0.83564,0.0,0
1146,2026-04-22T08:30:06.386Z,S20260422_092846,SC01,AUTO,5.4442,80.0239,0.0685,accel_1,1,1500,VIDE,0.0,0.12,0.0,0.976874,-0.698132,0.0,1,0,17.678,19.943,0.0,0.12,0.0,1.8,2.0,1.0,0.05,0.8,-0.82313,0.0,0
1147,2026-04-22T08:30:06.445Z,S20260422_092846,SC01,AUTO,5.5038,80.0835,0.0596,accel_1,1,1500,VIDE,0.0,0.12,0.0,0.990584,-0.698132,-0.0,1,0,21.621,18.255,0.0,0.12,0.0,1.8,2.0,1.0,0.05,0.8,-0.80942,0.0,0
1148,2026-04-22T08:30:06.505Z,S20260422_092846,SC01,AUTO,5.5636,80.1433,0.0598,accel_1,1,1500,VIDE,0.0,0.12,0.0,1.005233,-0.698132,-0.0,1,0,24.801,19.865,0.0,0.12,0.0,1.8,2.0,1.0,0.05,0.8,-0.79477,0.0,1
1149,2026-04-22T08:30:06.574Z,S20260422_092846,SC01,AUTO,5.6327,80.2124,0.0691,accel_1,1,1500,VIDE,0.0,0.12,0.0,1.020619,-0.698132,-0.0,1,0,30.222,19.573,0.0,0.12,0.0,1.8,2.0,1.0,0.05,0.8,-0.77938,0.0,1
1150,2026-04-22T08:30:06.634Z,S20260422_092846,SC01,AUTO,5.693,80.2727,0.0603,accel_1,1,1500,VIDE,0.0,0.12,0.0,1.036583,-0.698132,0.0,1,0,14.748,19.405,0.0,0.12,0.0,1.8,2.0,1.0,0.05,0.8,-0.76342,0.0,1
1151,2026-04-22T08:30:06.700Z,S20260422_092846,SC01,AUTO,5.7582,80.338,0.0652,accel_1,1,1500,VIDE,0.0,0.12,0.0,1.052999,-0.698132,0.0,1,0,17.863,19.574,0.0,0.12,0.0,1.8,2.0,1.0,0.05,0.8,-0.747,0.0,1
1152,2026-04-22T08:30:06.765Z,S20260422_092846,SC01,AUTO,5.8234,80.4031,0.0651,accel_1,1,1500,VIDE,0.0,0.12,0.0,1.069771,-0.698132,0.0,1,0,21.354,19.158,0.0,0.12,0.0,1.8,2.0,1.0,0.05,0.8,-0.73023,0.0,1
1153,2026-04-22T08:30:06.826Z,S20260422_092846,SC01,AUTO,5.8848,80.4646,0.0614,accel_1,1,1500,VIDE,0.0,0.12,0.0,1.08682,-0.698132,-0.0,1,0,24.394,18.807,0.0,0.12,0.0,1.8,2.0,1.0,0.05,0.8,-0.71318,0.0,1
1154,2026-04-22T08:30:06.879Z,S20260422_092846,SC01,AUTO,5.9374,80.5172,0.0526,accel_1,1,1500,VIDE,0.0,0.12,0.0,1.104088,-0.698132,-0.0,1,0,28.096,18.875,0.0,0.12,0.0,1.8,2.0,1.0,0.05,0.8,-0.69591,0.0,1
1155,2026-04-22T08:30:06.943Z,S20260422_092846,SC01,AUTO,6.0011,80.5809,0.0637,accel_1,1,1500,VIDE,0.0,0.12,0.0,1.121527,-0.698132,-0.0,1,0,15.642,19.642,0.0,0.12,0.0,1.8,2.0,1.0,0.05,0.8,-0.67847,0.0,1
1156,2026-04-22T08:30:07.006Z,S20260422_092846,SC01,AUTO,6.064,80.6438,0.0629,accel_1,1,1500,VIDE,0.0,0.12,0.0,1.139099,-0.698132,-0.0,1,0,19.38,19.938,0.0,0.12,0.0,1.8,2.0,1.0,0.05,0.8,-0.6609,0.0,1
1157,2026-04-22T08:30:07.067Z,S20260422_092846,SC01,AUTO,6.1254,80.7051,0.0613,accel_1,1,1500,VIDE,0.0,0.12,0.0,1.147926,-0.698132,-0.0,1,0,31.785,19.59,0.0,0.12,0.0,1.8,2.0,1.0,0.05,0.8,-0.65207,0.0,1
1158,2026-04-22T08:30:07.132Z,S20260422_092846,SC01,AUTO,6.1903,80.7701,0.065,accel_1,1,1500,VIDE,0.0,0.12,0.0,1.171571,-0.698132,0.0,1,0,46.45,0.615,0.0,0.12,0.0,1.8,2.0,1.0,0.05,0.8,-0.62843,0.0,1
1159,2026-04-22T08:30:07.193Z,S20260422_092846,SC01,AUTO,6.251,80.8308,0.0607,accel_1,1,1500,VIDE,0.0,0.12,0.0,1.18344,-0.698132,0.0,1,0,17.666,20.183,0.0,0.12,0.0,1.8,2.0,1.0,0.05,0.8,-0.61656,0.0,1
1160,2026-04-22T08:30:07.257Z,S20260422_092846,SC01,AUTO,6.3152,80.8949,0.0641,accel_1,1,1500,VIDE,0.0,0.12,0.0,1.201289,-0.698132,0.0,1,0,22.163,19.206,0.0,0.12,0.0,1.8,2.0,1.0,0.05,0.8,-0.59871,0.0,1
1161,2026-04-22T08:30:07.318Z,S20260422_092846,SC01,AUTO,6.377,80.9567,0.0617,accel_1,1,1500,VIDE,0.0,0.12,0.0,1.219183,-0.698132,0.0,1,0,23.462,20.12,0.0,0.12,0.0,1.8,2.0,1.0,0.05,0.8,-0.58082,0.0,1
1162,2026-04-22T08:30:07.392Z,S20260422_092846,SC01,AUTO,6.4502,81.03,0.0734,accel_1,1,1500,VIDE,0.0,0.12,0.0,1.246086,-0.698132,0.0,1,0,21.126,20.354,0.0,0.12,0.0,1.8,2.0,1.0,0.05,0.8,-0.55391,0.0,1
1163,2026-04-22T08:30:07.446Z,S20260422_092846,SC01,AUTO,6.5045,81.0843,0.0543,accel_1,1,1500,VIDE,0.0,0.12,0.0,1.255066,-0.698132,0.0,1,0,27.799,26.313,0.0,0.12,0.0,1.8,2.0,1.0,0.05,0.8,-0.54493,0.0,1
1164,2026-04-22T08:30:07.505Z,S20260422_092846,SC01,AUTO,6.5638,81.1435,0.0593,accel_1,1,1500,VIDE,0.0,0.12,0.0,1.273042,-0.698132,-0.0,1,0,27.085,19.642,0.0,0.12,0.0,1.8,2.0,1.0,0.05,0.8,-0.52696,0.0,1
1165,2026-04-22T08:30:07.567Z,S20260422_092846,SC01,AUTO,6.6253,81.205,0.0615,accel_1,1,1500,VIDE,0.0,0.12,0.0,1.291034,-0.698132,0.0,1,0,13.099,19.177,0.0,0.12,0.0,1.8,2.0,1.0,0.05,0.8,-0.50897,0.0,1
1166,2026-04-22T08:30:07.630Z,S20260422_092846,SC01,AUTO,6.6886,81.2683,0.0632,accel_1,1,1500,VIDE,0.0,0.12,0.0,1.309038,-0.698132,-0.0,1,0,20.347,19.802,0.0,0.12,0.0,1.8,2.0,1.0,0.05,0.8,-0.49096,0.0,1
1167,2026-04-22T08:30:07.694Z,S20260422_092846,SC01,AUTO,6.7527,81.3324,0.0642,accel_1,1,1500,VIDE,0.0,0.12,0.0,1.327052,-0.698132,-0.0,1,0,25.796,19.519,0.0,0.12,0.0,1.8,2.0,1.0,0.05,0.8,-0.47295,0.0,1
1168,2026-04-22T08:30:07.754Z,S20260422_092846,SC01,AUTO,6.8126,81.3923,0.0599,accel_1,1,1500,VIDE,0.0,0.12,0.0,1.336061,-0.698132,0.0,1,0,17.494,19.17,0.0,0.12,0.0,1.8,2.0,1.0,0.05,0.8,-0.46394,0.0,1
1169,2026-04-22T08:30:07.817Z,S20260422_092846,SC01,AUTO,6.8751,81.4548,0.0626,accel_1,1,1500,VIDE,0.0,0.12,0.0,1.354085,-0.698132,0.0,1,0,21.458,19.512,0.0,0.12,0.0,1.8,2.0,1.0,0.05,0.8,-0.44592,0.0,1
1170,2026-04-22T08:30:07.880Z,S20260422_092846,SC01,AUTO,6.9387,81.5185,0.0636,accel_1,1,1500,VIDE,0.0,0.12,0.0,1.372113,-0.698132,0.0,1,0,26.131,18.968,0.0,0.12,0.0,1.8,2.0,1.0,0.05,0.8,-0.42789,0.0,1
1171,2026-04-22T08:30:07.944Z,S20260422_092846,SC01,AUTO,7.0023,81.582,0.0636,accel_1,1,1500,VIDE,0.0,0.12,0.0,1.390145,-0.698132,0.0,1,0,28.933,20.295,0.0,0.12,0.0,1.8,2.0,1.0,0.05,0.8,-0.40986,0.0,1
1172,2026-04-22T08:30:08.006Z,S20260422_092846,SC01,AUTO,7.0642,81.6439,0.0619,accel_1,1,1500,VIDE,0.0,0.12,0.0,1.408179,-0.698132,0.0,1,0,26.387,24.291,0.0,0.12,0.0,1.8,2.0,1.0,0.05,0.8,-0.39182,0.0,1
1173,2026-04-22T08:30:08.067Z,S20260422_092846,SC01,AUTO,7.1259,81.7056,0.0617,accel_1,1,1500,VIDE,0.0,0.12,0.0,1.426215,-0.698132,0.0,1,0,15.922,19.482,0.0,0.12,0.0,1.8,2.0,1.0,0.05,0.8,-0.37379,0.0,1
1174,2026-04-22T08:30:08.131Z,S20260422_092846,SC01,AUTO,7.19,81.7698,0.0642,accel_1,1,1500,VIDE,0.0,0.12,0.0,1.444251,-0.698132,0.0,1,0,22.553,19.426,0.0,0.12,0.0,1.8,2.0,1.0,0.05,0.8,-0.35575,0.0,1
1175,2026-04-22T08:30:08.196Z,S20260422_092846,SC01,AUTO,7.2546,81.8343,0.0645,accel_1,1,1500,VIDE,0.0,0.12,0.0,1.462289,-0.698132,0.0,1,0,26.288,20.516,0.0,0.12,0.0,1.8,2.0,1.0,0.05,0.8,-0.33771,0.0,1
1176,2026-04-22T08:30:08.254Z,S20260422_092846,SC01,AUTO,7.3126,81.8924,0.0581,accel_1,1,1500,VIDE,0.0,0.12,0.0,1.480326,-0.698132,0.0,1,0,30.329,20.402,0.0,0.12,0.0,1.8,2.0,1.0,0.05,0.8,-0.31967,0.0,1
1177,2026-04-22T08:30:08.318Z,S20260422_092846,SC01,AUTO,7.3765,81.9563,0.0639,accel_1,1,1500,VIDE,0.0,0.12,0.0,1.498364,-0.698132,0.0,1,0,15.624,19.239,0.0,0.12,0.0,1.8,2.0,1.0,0.05,0.8,-0.30164,0.0,1
1178,2026-04-22T08:30:08.385Z,S20260422_092846,SC01,AUTO,7.444,82.0238,0.0675,accel_1,1,1500,VIDE,0.0,0.12,0.0,1.516401,-0.698132,0.0,1,0,17.894,20.408,0.0,0.12,0.0,1.8,2.0,1.0,0.05,0.8,-0.2836,0.0,1
1179,2026-04-22T08:30:08.443Z,S20260422_092846,SC01,AUTO,7.5014,82.0812,0.0575,accel_1,1,1500,VIDE,0.0,0.12,0.0,1.534437,-0.698132,0.0,1,0,22.413,18.074,0.0,0.12,0.0,1.8,2.0,1.0,0.05,0.8,-0.26556,0.0,1
1180,2026-04-22T08:30:08.505Z,S20260422_092846,SC01,AUTO,7.5636,82.1434,0.0622,accel_1,1,1500,VIDE,0.0,0.12,0.0,1.552473,-0.698132,-0.0,1,0,28.65,16.968,0.0,0.12,0.0,1.8,2.0,1.0,0.05,0.8,-0.24753,0.0,1
1181,2026-04-22T08:30:08.571Z,S20260422_092846,SC01,AUTO,7.6296,82.2093,0.0659,accel_1,1,1500,VIDE,0.0,0.12,0.0,1.561491,-0.698132,0.0,1,0,25.235,18.838,0.0,0.12,0.0,1.8,2.0,1.0,0.05,0.8,-0.23851,0.0,1
1182,2026-04-22T08:30:08.634Z,S20260422_092846,SC01,AUTO,7.6926,82.2723,0.063,accel_1,1,1500,VIDE,0.0,0.12,0.0,1.579525,-0.698132,-0.0,1,0,6.913,19.309,0.0,0.12,0.0,1.8,2.0,1.0,0.05,0.8,-0.22047,0.0,1
1183,2026-04-22T08:30:08.696Z,S20260422_092846,SC01,AUTO,7.7546,82.3343,0.062,accel_1,1,1500,VIDE,0.0,0.12,0.0,1.597559,-0.698132,-0.0,1,0,30.682,19.956,0.0,0.12,0.0,1.8,2.0,1.0,0.05,0.8,-0.20244,0.0,1
1184,2026-04-22T08:30:08.755Z,S20260422_092846,SC01,AUTO,7.8138,82.3936,0.0593,accel_1,1,1500,VIDE,0.0,0.12,0.0,1.615591,-0.698132,-0.0,1,0,13.944,20.177,0.0,0.12,0.0,1.8,2.0,1.0,0.05,0.8,-0.18441,0.0,1
1185,2026-04-22T08:30:08.820Z,S20260422_092846,SC01,AUTO,7.8782,82.4579,0.0644,accel_1,1,1500,VIDE,0.0,0.12,0.0,1.633623,-0.698132,-0.0,1,0,17.54,19.907,0.0,0.12,0.0,1.8,2.0,1.0,0.05,0.8,-0.16638,0.0,1
1186,2026-04-22T08:30:08.881Z,S20260422_092846,SC01,AUTO,7.94,82.5198,0.0618,accel_1,1,1500,VIDE,0.0,0.12,0.0,1.651653,-0.698132,0.0,1,0,22.844,19.268,0.0,0.12,0.0,1.8,2.0,1.0,0.05,0.8,-0.14835,0.0,1
1187,2026-04-22T08:30:08.942Z,S20260422_092846,SC01,AUTO,8.0008,82.5806,0.0608,accel_1,1,1500,VIDE,0.0,0.12,0.0,1.669683,-0.698132,-0.0,1,0,26.537,19.135,0.0,0.12,0.0,1.8,2.0,1.0,0.05,0.8,-0.13032,0.0,1
1188,2026-04-22T08:30:09.005Z,S20260422_092846,SC01,AUTO,8.0636,82.6433,0.0627,accel_1,1,1500,VIDE,0.0,0.12,0.0,1.687711,-0.698132,-0.0,1,0,28.255,16.994,0.0,0.12,0.0,1.8,2.0,1.0,0.05,0.8,-0.11229,0.0,1
1189,2026-04-22T08:30:09.067Z,S20260422_092846,SC01,AUTO,8.1256,82.7053,0.062,accel_1,1,1500,VIDE,0.0,0.12,0.0,1.705737,-0.698132,0.0,1,0,12.465,18.987,0.0,0.12,0.0,1.8,2.0,1.0,0.05,0.8,-0.09426,0.0,1
1190,2026-04-22T08:30:09.131Z,S20260422_092846,SC01,AUTO,8.1896,82.7693,0.064,accel_1,1,1500,VIDE,0.0,0.12,0.0,1.723763,-0.698132,-0.0,1,0,16.267,19.489,0.0,0.12,0.0,1.8,2.0,1.0,0.05,0.8,-0.07624,0.0,1
1191,2026-04-22T08:30:09.195Z,S20260422_092846,SC01,AUTO,8.2539,82.8336,0.0643,accel_1,1,1500,VIDE,0.0,0.12,0.0,1.732775,-0.698132,-0.0,1,0,69.15,19.394,0.0,0.12,0.0,1.8,2.0,1.0,0.05,0.8,-0.06722,0.0,1
1192,2026-04-22T08:30:09.258Z,S20260422_092846,SC01,AUTO,8.3161,82.8958,0.0622,accel_1,1,1500,VIDE,0.0,0.12,0.0,1.750799,-0.698132,-0.0,1,0,19.587,19.923,0.0,0.12,0.0,1.8,2.0,1.0,0.05,0.8,-0.0492,0.0,1
1193,2026-04-22T08:30:09.319Z,S20260422_092846,SC01,AUTO,8.3774,82.9571,0.0613,accel_1,1,1500,VIDE,0.0,0.12,0.0,1.768821,-0.698132,-0.0,1,0,24.488,19.549,0.0,0.12,0.0,1.8,2.0,1.0,0.05,0.8,-0.03118,0.0,1
1194,2026-04-22T08:30:09.388Z,S20260422_092846,SC01,AUTO,8.4463,83.026,0.0689,accel_1,1,1500,VIDE,0.0,0.12,0.0,1.786843,-0.698132,0.0,1,0,39.295,19.475,0.0,0.12,0.0,1.8,2.0,1.0,0.05,0.8,-0.01316,0.0,1
1195,2026-04-22T08:30:09.445Z,S20260422_092846,SC01,AUTO,8.5038,83.0836,0.0575,accel_1,1,1500,VIDE,0.0,0.12,0.0,1.804862,-0.698132,0.0,1,0,11.887,19.51,0.0,0.12,0.0,1.8,2.0,1.0,0.05,0.8,0.00486,0.0,1
1196,2026-04-22T08:30:09.505Z,S20260422_092846,SC01,AUTO,8.5636,83.1433,0.0598,accel_1,1,1500,VIDE,0.0,0.12,0.0,1.822881,-0.698132,-0.0,1,0,18.232,20.015,0.0,0.12,0.0,1.8,2.0,1.0,0.05,0.8,0.02288,0.0,1
1197,2026-04-22T08:30:09.568Z,S20260422_092846,SC01,AUTO,8.6268,83.2065,0.0632,accel_1,1,1500,VIDE,0.0,0.12,0.0,1.83189,-0.698132,0.0,1,0,44.162,18.615,0.0,0.12,0.0,1.8,2.0,1.0,0.05,0.8,0.03189,0.0,1
1198,2026-04-22T08:30:09.630Z,S20260422_092846,SC01,AUTO,8.6887,83.2684,0.0619,accel_1,1,1500,VIDE,0.0,0.12,0.0,1.849906,-0.698132,0.0,1,0,29.009,19.751,0.0,0.12,0.0,1.8,2.0,1.0,0.05,0.8,0.04991,0.0,1
1199,2026-04-22T08:30:09.694Z,S20260422_092846,SC01,AUTO,8.7525,83.3323,0.0639,accel_1,1,1500,VIDE,0.0,0.12,0.0,1.867921,-0.698132,-0.0,1,0,13.383,19.332,0.0,0.12,0.0,1.8,2.0,1.0,0.05,0.8,0.06792,0.0,1
1200,2026-04-22T08:30:09.758Z,S20260422_092846,SC01,AUTO,8.8166,83.3963,0.064,accel_1,1,1500,VIDE,0.0,0.12,0.0,1.885935,-0.698132,0.0,1,0,21.638,19.282,0.0,0.12,0.0,1.8,2.0,1.0,0.05,0.8,0.08593,0.0,1
1201,2026-04-22T08:30:09.816Z,S20260422_092846,SC01,AUTO,8.875,83.4548,0.0585,accel_1,1,1500,VIDE,0.0,0.12,0.0,1.903947,-0.698132,-0.0,1,0,24.093,20.538,0.0,0.12,0.0,1.8,2.0,1.0,0.05,0.8,0.10395,0.0,1
1202,2026-04-22T08:30:09.882Z,S20260422_092846,SC01,AUTO,8.9406,83.5203,0.0656,accel_1,1,1500,VIDE,0.0,0.12,0.0,1.921958,-0.698132,-0.0,1,0,30.599,19.844,0.0,0.12,0.0,1.8,2.0,1.0,0.05,0.8,0.12196,0.0,1
1203,2026-04-22T08:30:09.945Z,S20260422_092846,SC01,AUTO,9.0039,83.5836,0.0633,accel_1,1,1500,VIDE,0.0,0.12,0.0,1.939968,-0.698132,0.0,1,0,14.248,19.963,0.0,0.12,0.0,1.8,2.0,1.0,0.05,0.8,0.13997,0.0,1
1204,2026-04-22T08:30:10.005Z,S20260422_092846,SC01,AUTO,9.0639,83.6436,0.06,accel_1,1,1500,VIDE,0.0,0.12,0.0,1.948972,-0.698132,-0.0,1,0,26.432,19.509,0.0,0.12,0.0,1.8,2.0,1.0,0.05,0.8,0.14897,0.0,1
1205,2026-04-22T08:30:10.068Z,S20260422_092846,SC01,AUTO,9.1264,83.7061,0.0625,accel_1,1,1500,VIDE,0.0,0.12,0.0,1.96698,-0.698132,-0.0,1,0,25.313,19.582,0.0,0.12,0.0,1.8,2.0,1.0,0.05,0.8,0.16698,0.0,1
1206,2026-04-22T08:30:10.131Z,S20260422_092846,SC01,AUTO,9.1899,83.7696,0.0635,accel_1,1,1500,VIDE,0.0,0.12,0.0,1.984985,-0.698132,-0.0,1,0,7.151,20.048,0.0,0.12,0.0,1.8,2.0,1.0,0.05,0.8,0.18499,0.0,1
1207,2026-04-22T08:30:10.199Z,S20260422_092846,SC01,AUTO,9.2579,83.8376,0.068,accel_1,1,1500,VIDE,0.0,0.12,0.0,2.00299,-0.698132,0.0,1,0,30.967,20.179,0.0,0.12,0.0,1.8,2.0,1.0,0.05,0.8,0.20299,0.0,1
1208,2026-04-22T08:30:10.254Z,S20260422_092846,SC01,AUTO,9.3122,83.892,0.0543,accel_1,1,1500,VIDE,0.0,0.12,0.0,2.020993,-0.698132,0.0,1,0,32.356,19.591,0.0,0.12,0.0,1.8,2.0,1.0,0.05,0.8,0.22099,0.0,1
1209,2026-04-22T08:30:10.318Z,S20260422_092846,SC01,AUTO,9.3767,83.9565,0.0645,accel_1,1,1500,VIDE,0.0,0.12,0.0,2.038995,-0.698132,-0.0,1,0,20.161,19.044,0.0,0.12,0.0,1.8,2.0,1.0,0.05,0.8,0.23899,0.0,1
1210,2026-04-22T08:30:10.380Z,S20260422_092846,SC01,AUTO,9.439,84.0187,0.0623,accel_1,1,1500,VIDE,0.0,0.12,0.0,2.056995,-0.698132,0.0,1,0,23.586,19.983,0.0,0.12,0.0,1.8,2.0,1.0,0.05,0.8,0.25699,0.0,1
1211,2026-04-22T08:30:10.446Z,S20260422_092846,SC01,AUTO,9.5045,84.0843,0.0655,accel_1,1,1500,VIDE,0.0,0.12,0.0,2.074994,-0.698132,-0.0,1,0,26.713,19.433,0.0,0.12,0.0,1.8,2.0,1.0,0.05,0.8,0.27499,0.0,1
1212,2026-04-22T08:30:10.505Z,S20260422_092846,SC01,AUTO,9.5638,84.1436,0.0593,accel_1,1,1500,VIDE,0.0,0.12,0.0,2.092991,-0.698132,-0.0,1,0,27.702,19.385,0.0,0.12,0.0,1.8,2.0,1.0,0.05,0.8,0.29299,0.0,1
1213,2026-04-22T08:30:10.574Z,S20260422_092846,SC01,AUTO,9.6327,84.2124,0.0688,accel_1,1,1500,VIDE,0.0,0.12,0.0,2.110987,-0.698132,0.0,1,0,12.815,19.454,0.0,0.12,0.0,1.8,2.0,1.0,0.05,0.8,0.31099,0.0,1
1214,2026-04-22T08:30:10.634Z,S20260422_092846,SC01,AUTO,9.6925,84.2723,0.0599,accel_1,1,1500,VIDE,0.0,0.12,0.0,2.128981,-0.698132,0.0,1,0,16.255,20.005,0.0,0.12,0.0,1.8,2.0,1.0,0.05,0.8,0.32898,0.0,1
1215,2026-04-22T08:30:10.700Z,S20260422_092846,SC01,AUTO,9.7587,84.3385,0.0662,accel_1,1,1500,VIDE,0.0,0.12,0.0,2.146974,-0.698132,-0.0,1,0,20.37,19.847,0.0,0.12,0.0,1.8,2.0,1.0,0.05,0.8,0.34697,0.0,1
1216,2026-04-22T08:30:10.755Z,S20260422_092846,SC01,AUTO,9.8137,84.3934,0.0549,accel_1,1,1500,VIDE,0.0,0.12,0.0,2.155969,-0.698132,0.0,1,0,8.545,20.553,0.0,0.12,0.0,1.8,2.0,1.0,0.05,0.8,0.35597,0.0,1
1217,2026-04-22T08:30:10.818Z,S20260422_092846,SC01,AUTO,9.8765,84.4563,0.0628,accel_1,1,1500,VIDE,0.0,0.12,0.0,2.17396,-0.698132,-0.0,1,0,28.565,18.966,0.0,0.12,0.0,1.8,2.0,1.0,0.05,0.8,0.37396,0.0,1
1218,2026-04-22T08:30:10.884Z,S20260422_092846,SC01,AUTO,9.9422,84.5219,0.0657,accel_1,1,1500,VIDE,0.0,0.12,0.0,2.191949,-0.698132,0.0,1,0,10.284,20.819,0.0,0.12,0.0,1.8,2.0,1.0,0.05,0.8,0.39195,0.0,1
1219,2026-04-22T08:30:10.943Z,S20260422_092846,SC01,AUTO,10.0011,84.5808,0.0588,accel_2,1,1500,VIDE,0.0,0.2,0.0,2.209936,-0.698132,0.0,1,0,33.529,23.759,0.0,0.2,0.0,4.0,2.0,1.0,0.05,0.8,-1.79006,0.0,0
1220,2026-04-22T08:30:11.006Z,S20260422_092846,SC01,AUTO,10.0648,84.6445,0.0637,accel_2,1,1500,VIDE,0.0,0.2,0.0,2.22841,-0.698132,-0.0,1,0,19.362,12.445,0.0,0.2,0.0,4.0,2.0,1.0,0.05,0.8,-1.77159,0.0,0
1221,2026-04-22T08:30:11.068Z,S20260422_092846,SC01,AUTO,10.1261,84.7059,0.0614,accel_2,1,1500,VIDE,0.0,0.2,0.0,2.249992,-0.698132,0.0,1,0,27.119,17.462,0.0,0.2,0.0,4.0,2.0,1.0,0.05,0.8,-1.75001,0.0,0
1222,2026-04-22T08:30:11.131Z,S20260422_092846,SC01,AUTO,10.1898,84.7695,0.0637,accel_2,1,1500,VIDE,0.0,0.2,0.0,2.274434,-0.698132,0.0,1,0,28.797,20.015,0.0,0.2,0.0,4.0,2.0,1.0,0.05,0.8,-1.72557,0.0,0
1223,2026-04-22T08:30:11.195Z,S20260422_092846,SC01,AUTO,10.254,84.8338,0.0643,accel_2,1,1500,VIDE,0.0,0.2,0.0,2.301123,-0.698132,-0.0,1,0,13.133,19.358,0.0,0.2,0.0,4.0,2.0,1.0,0.05,0.8,-1.69888,0.0,0
1224,2026-04-22T08:30:11.259Z,S20260422_092846,SC01,AUTO,10.3178,84.8975,0.0637,accel_2,1,1500,VIDE,0.0,0.2,0.0,2.329572,-0.698132,-0.0,1,0,19.177,19.711,0.0,0.2,0.0,4.0,2.0,1.0,0.05,0.8,-1.67043,0.0,0
1225,2026-04-22T08:30:11.323Z,S20260422_092846,SC01,AUTO,10.3816,84.9613,0.0639,accel_2,1,1500,VIDE,0.0,0.2,0.0,2.359398,-0.698132,0.0,1,0,30.471,19.263,0.0,0.2,0.0,4.0,2.0,1.0,0.05,0.8,-1.6406,0.0,0
1226,2026-04-22T08:30:11.382Z,S20260422_092846,SC01,AUTO,10.4402,85.0199,0.0585,accel_2,1,1500,VIDE,0.0,0.2,0.0,2.390307,-0.698132,-0.0,1,0,31.07,15.869,0.0,0.2,0.0,4.0,2.0,1.0,0.05,0.8,-1.60969,0.0,0
1227,2026-04-22T08:30:11.443Z,S20260422_092846,SC01,AUTO,10.5018,85.0816,0.0617,accel_2,1,1500,VIDE,0.0,0.2,0.0,2.422064,-0.698132,-0.0,1,0,16.414,19.846,0.0,0.2,0.0,4.0,2.0,1.0,0.05,0.8,-1.57794,0.0,0
1228,2026-04-22T08:30:11.504Z,S20260422_092846,SC01,AUTO,10.5627,85.1424,0.0609,accel_2,1,1500,VIDE,0.0,0.2,0.0,2.4382,-0.698132,0.0,1,0,25.122,22.295,0.0,0.2,0.0,4.0,2.0,1.0,0.05,0.8,-1.5618,0.0,0
1229,2026-04-22T08:30:11.567Z,S20260422_092846,SC01,AUTO,10.6254,85.2051,0.0627,accel_2,1,1500,VIDE,0.0,0.2,0.0,2.470898,-0.698132,-0.0,1,0,13.424,19.669,0.0,0.2,0.0,4.0,2.0,1.0,0.05,0.8,-1.5291,0.0,0
1230,2026-04-22T08:30:11.630Z,S20260422_092846,SC01,AUTO,10.6891,85.2688,0.0636,accel_2,1,1500,VIDE,0.0,0.2,0.0,2.504055,-0.698132,0.0,1,0,17.183,19.422,0.0,0.2,0.0,4.0,2.0,1.0,0.05,0.8,-1.49594,0.0,0
1231,2026-04-22T08:30:11.692Z,S20260422_092846,SC01,AUTO,10.7501,85.3298,0.061,accel_2,1,1500,VIDE,0.0,0.2,0.0,2.537571,-0.698132,0.0,1,0,20.54,18.795,0.0,0.2,0.0,4.0,2.0,1.0,0.05,0.8,-1.46243,0.0,0
1232,2026-04-22T08:30:11.755Z,S20260422_092846,SC01,AUTO,10.8138,85.3935,0.0637,accel_2,1,1500,VIDE,0.0,0.2,0.0,2.571371,-0.698132,-0.0,1,0,24.181,19.422,0.0,0.2,0.0,4.0,2.0,1.0,0.05,0.8,-1.42863,0.0,0
1233,2026-04-22T08:30:11.817Z,S20260422_092846,SC01,AUTO,10.8758,85.4555,0.062,accel_2,1,1500,VIDE,0.0,0.2,0.0,2.605391,-0.698132,0.0,1,0,26.669,19.163,0.0,0.2,0.0,4.0,2.0,1.0,0.05,0.8,-1.39461,0.0,0
1234,2026-04-22T08:30:11.881Z,S20260422_092846,SC01,AUTO,10.9397,85.5194,0.0639,accel_2,1,1500,VIDE,0.0,0.2,0.0,2.639582,-0.698132,0.0,1,0,9.728,19.999,0.0,0.2,0.0,4.0,2.0,1.0,0.05,0.8,-1.36042,0.0,0
1235,2026-04-22T08:30:11.942Z,S20260422_092846,SC01,AUTO,11.0009,85.5806,0.0612,accel_2,1,1500,VIDE,0.0,0.2,0.0,2.673908,-0.698132,-0.0,1,0,31.117,21.136,0.0,0.2,0.0,4.0,2.0,1.0,0.05,0.8,-1.32609,0.0,0
1236,2026-04-22T08:30:12.005Z,S20260422_092846,SC01,AUTO,11.0635,85.6432,0.0626,accel_2,1,1500,VIDE,0.0,0.2,0.0,2.708339,-0.698132,0.0,1,0,16.015,16.811,0.0,0.2,0.0,4.0,2.0,1.0,0.05,0.8,-1.29166,0.0,0
1237,2026-04-22T08:30:12.068Z,S20260422_092846,SC01,AUTO,11.1264,85.7061,0.0629,accel_2,1,1500,VIDE,0.0,0.2,0.0,2.74285,-0.698132,0.0,1,0,17.219,19.235,0.0,0.2,0.0,4.0,2.0,1.0,0.05,0.8,-1.25715,0.0,0
1238,2026-04-22T08:30:12.132Z,S20260422_092846,SC01,AUTO,11.1906,85.7704,0.0642,accel_2,1,1500,VIDE,0.0,0.2,0.0,2.777425,-0.698132,-0.0,1,0,21.874,18.883,0.0,0.2,0.0,4.0,2.0,1.0,0.05,0.8,-1.22258,0.0,0
1239,2026-04-22T08:30:12.194Z,S20260422_092846,SC01,AUTO,11.2526,85.8324,0.0619,accel_2,1,1500,VIDE,0.0,0.2,0.0,2.812048,-0.698132,-0.0,1,0,28.097,19.594,0.0,0.2,0.0,4.0,2.0,1.0,0.05,0.8,-1.18795,0.0,0
1240,2026-04-22T08:30:12.255Z,S20260422_092846,SC01,AUTO,11.3133,85.893,0.0608,accel_2,1,1500,VIDE,0.0,0.2,0.0,2.846708,-0.698132,0.0,1,0,15.518,19.165,0.0,0.2,0.0,4.0,2.0,1.0,0.05,0.8,-1.15329,0.0,0
1241,2026-04-22T08:30:12.317Z,S20260422_092846,SC01,AUTO,11.3757,85.9555,0.0625,accel_2,1,1500,VIDE,0.0,0.2,0.0,2.881396,-0.698132,-0.0,1,0,26.973,19.559,0.0,0.2,0.0,4.0,2.0,1.0,0.05,0.8,-1.1186,0.0,0
1242,2026-04-22T08:30:12.380Z,S20260422_092846,SC01,AUTO,11.4388,86.0185,0.0631,accel_2,1,1500,VIDE,0.0,0.2,0.0,2.916106,-0.698132,-0.0,1,0,9.545,19.321,0.0,0.2,0.0,4.0,2.0,1.0,0.05,0.8,-1.08389,0.0,0
1243,2026-04-22T08:30:12.442Z,S20260422_092846,SC01,AUTO,11.5005,86.0802,0.0617,accel_2,1,1500,VIDE,0.0,0.2,0.0,2.933467,-0.698132,-0.0,1,0,24.817,20.062,0.0,0.2,0.0,4.0,2.0,1.0,0.05,0.8,-1.06653,0.0,0
1244,2026-04-22T08:30:12.506Z,S20260422_092846,SC01,AUTO,11.5641,86.1439,0.0636,accel_2,1,1500,VIDE,0.0,0.2,0.0,2.968199,-0.698132,-0.0,1,0,28.376,22.231,0.0,0.2,0.0,4.0,2.0,1.0,0.05,0.8,-1.0318,0.0,0
1245,2026-04-22T08:30:12.567Z,S20260422_092846,SC01,AUTO,11.6251,86.2049,0.061,accel_2,1,1500,VIDE,0.0,0.2,0.0,3.002941,-0.698132,0.0,1,0,24.223,19.104,0.0,0.2,0.0,4.0,2.0,1.0,0.05,0.8,-0.99706,0.0,0
1246,2026-04-22T08:30:12.630Z,S20260422_092846,SC01,AUTO,11.6882,86.2679,0.063,accel_2,1,1500,VIDE,0.0,0.2,0.0,3.03769,-0.698132,-0.0,1,0,15.162,19.323,0.0,0.2,0.0,4.0,2.0,1.0,0.05,0.8,-0.96231,0.0,0
1247,2026-04-22T08:30:12.699Z,S20260422_092846,SC01,AUTO,11.7579,86.3376,0.0698,accel_2,1,1500,VIDE,0.0,0.2,0.0,3.072443,-0.698132,0.0,1,0,25.215,19.576,0.0,0.2,0.0,4.0,2.0,1.0,0.05,0.8,-0.92756,0.0,0
1248,2026-04-22T08:30:12.754Z,S20260422_092846,SC01,AUTO,11.8127,86.3925,0.0548,accel_2,1,1500,VIDE,0.0,0.2,0.0,3.107199,-0.698132,0.0,1,0,28.192,19.221,0.0,0.2,0.0,4.0,2.0,1.0,0.05,0.8,-0.8928,0.0,0
1249,2026-04-22T08:30:12.818Z,S20260422_092846,SC01,AUTO,11.8763,86.456,0.0636,accel_2,1,1500,VIDE,0.0,0.2,0.0,3.124578,-0.698132,0.0,1,0,26.239,18.637,0.0,0.2,0.0,4.0,2.0,1.0,0.05,0.8,-0.87542,0.0,0
1250,2026-04-22T08:30:12.886Z,S20260422_092846,SC01,AUTO,11.9447,86.5245,0.0685,accel_2,1,1500,VIDE,0.0,0.2,0.0,3.159335,-0.698132,0.0,1,0,13.433,18.979,0.0,0.2,0.0,4.0,2.0,1.0,0.05,0.8,-0.84066,0.0,0
1251,2026-04-22T08:30:12.942Z,S20260422_092846,SC01,AUTO,12.0007,86.5804,0.0559,accel_2,1,1500,VIDE,0.0,0.2,0.0,3.194092,-0.698132,-0.0,1,0,20.362,19.511,0.0,0.2,0.0,4.0,2.0,1.0,0.05,0.8,-0.80591,0.0,0
1252,2026-04-22T08:30:13.005Z,S20260422_092846,SC01,AUTO,12.0636,86.6433,0.0629,accel_2,1,1500,VIDE,0.0,0.2,0.0,3.228848,-0.698132,0.0,1,0,25.206,17.033,0.0,0.2,0.0,4.0,2.0,1.0,0.05,0.8,-0.77115,0.0,1
1253,2026-04-22T08:30:13.067Z,S20260422_092846,SC01,AUTO,12.126,86.7057,0.0624,accel_2,1,1500,VIDE,0.0,0.2,0.0,3.263602,-0.698132,-0.0,1,0,14.867,19.528,0.0,0.2,0.0,4.0,2.0,1.0,0.05,0.8,-0.7364,0.0,1
1254,2026-04-22T08:30:13.132Z,S20260422_092846,SC01,AUTO,12.1907,86.7705,0.0647,accel_2,1,1500,VIDE,0.0,0.2,0.0,3.298353,-0.698132,0.0,1,0,19.173,18.919,0.0,0.2,0.0,4.0,2.0,1.0,0.05,0.8,-0.70165,0.0,1
1255,2026-04-22T08:30:13.198Z,S20260422_092846,SC01,AUTO,12.2569,86.8366,0.0662,accel_2,1,1500,VIDE,0.0,0.2,0.0,3.333102,-0.698132,0.0,1,0,22.618,19.92,0.0,0.2,0.0,4.0,2.0,1.0,0.05,0.8,-0.6669,0.0,1
1256,2026-04-22T08:30:13.262Z,S20260422_092846,SC01,AUTO,12.3202,86.8999,0.0633,accel_2,1,1500,VIDE,0.0,0.2,0.0,3.367847,-0.698132,-0.0,1,0,27.239,20.392,0.0,0.2,0.0,4.0,2.0,1.0,0.05,0.8,-0.63215,0.0,1
1257,2026-04-22T08:30:13.318Z,S20260422_092846,SC01,AUTO,12.3762,86.9559,0.056,accel_2,1,1500,VIDE,0.0,0.2,0.0,3.385218,-0.698132,-0.0,1,0,19.795,21.035,0.0,0.2,0.0,4.0,2.0,1.0,0.05,0.8,-0.61478,0.0,1
1258,2026-04-22T08:30:13.389Z,S20260422_092846,SC01,AUTO,12.4477,87.0274,0.0715,accel_2,1,1500,VIDE,0.0,0.2,0.0,3.437327,-0.698132,-0.0,1,0,18.911,18.182,0.0,0.2,0.0,4.0,2.0,1.0,0.05,0.8,-0.56267,0.0,1
1259,2026-04-22T08:30:13.445Z,S20260422_092846,SC01,AUTO,12.5038,87.0835,0.0561,accel_2,1,1500,VIDE,0.0,0.2,0.0,3.454695,-0.698132,0.0,1,0,30.374,24.576,0.0,0.2,0.0,4.0,2.0,1.0,0.05,0.8,-0.54531,0.0,1
1260,2026-04-22T08:30:13.506Z,S20260422_092846,SC01,AUTO,12.5646,87.1444,0.0606,accel_2,1,1500,VIDE,0.0,0.2,0.0,3.489427,-0.698132,-0.0,1,0,21.705,19.819,0.0,0.2,0.0,4.0,2.0,1.0,0.05,0.8,-0.51057,0.0,1
1261,2026-04-22T08:30:13.568Z,S20260422_092846,SC01,AUTO,12.6263,87.206,0.0618,accel_2,1,1500,VIDE,0.0,0.2,0.0,3.506792,-0.698132,0.0,1,0,17.426,28.904,0.0,0.2,0.0,4.0,2.0,1.0,0.05,0.8,-0.49321,0.0,1
1262,2026-04-22T08:30:13.631Z,S20260422_092846,SC01,AUTO,12.6895,87.2692,0.0631,accel_2,1,1500,VIDE,0.0,0.2,0.0,3.541518,-0.698132,-0.0,1,0,30.06,30.166,0.0,0.2,0.0,4.0,2.0,1.0,0.05,0.8,-0.45848,0.0,1
1263,2026-04-22T08:30:13.692Z,S20260422_092846,SC01,AUTO,12.7507,87.3305,0.0614,accel_2,1,1500,VIDE,0.0,0.2,0.0,3.57624,-0.698132,0.0,1,0,34.205,14.616,0.0,0.2,0.0,4.0,2.0,1.0,0.05,0.8,-0.42376,0.0,1
1264,2026-04-22T08:30:13.759Z,S20260422_092846,SC01,AUTO,12.8171,87.3969,0.0664,accel_2,1,1500,VIDE,0.0,0.2,0.0,3.5936,-0.698132,-0.0,1,0,7.659,31.105,0.0,0.2,0.0,4.0,2.0,1.0,0.05,0.8,-0.4064,0.0,1
1265,2026-04-22T08:30:13.819Z,S20260422_092846,SC01,AUTO,12.8775,87.4572,0.0604,accel_2,1,1500,VIDE,0.0,0.2,0.0,3.628315,-0.698132,0.0,1,0,51.48,16.36,0.0,0.2,0.0,4.0,2.0,1.0,0.05,0.8,-0.37168,0.0,1
1266,2026-04-22T08:30:13.885Z,S20260422_092846,SC01,AUTO,12.9436,87.5233,0.0661,accel_2,1,1500,VIDE,0.0,0.2,0.0,3.645672,-0.698132,0.0,1,0,30.074,15.29,0.0,0.2,0.0,4.0,2.0,1.0,0.05,0.8,-0.35433,0.0,1
1267,2026-04-22T08:30:13.951Z,S20260422_092846,SC01,AUTO,13.0093,87.5891,0.0657,accel_2,1,1500,VIDE,0.0,0.2,0.0,3.663027,-0.698132,-0.0,1,0,44.585,30.123,0.0,0.2,0.0,4.0,2.0,1.0,0.05,0.8,-0.33697,0.0,1
1268,2026-04-22T08:30:14.014Z,S20260422_092846,SC01,AUTO,13.0731,87.6529,0.0638,accel_2,1,1500,VIDE,0.0,0.2,0.0,3.697733,-0.698132,0.0,1,0,48.098,21.062,0.0,0.2,0.0,4.0,2.0,1.0,0.05,0.8,-0.30227,0.0,1
1269,2026-04-22T08:30:14.071Z,S20260422_092846,SC01,AUTO,13.13,87.7098,0.057,accel_2,1,1500,VIDE,0.0,0.2,0.0,3.697733,-0.698132,0.0,1,0,48.098,21.062,0.0,0.2,0.0,4.0,2.0,1.0,0.05,0.8,-0.30227,0.0,1
1270,2026-04-22T08:30:14.131Z,S20260422_092846,SC01,AUTO,13.1893,87.769,0.0593,accel_2,1,1500,VIDE,0.0,0.2,0.0,3.726652,-0.698132,-0.0,1,0,84.131,15.104,0.0,0.2,0.0,4.0,2.0,1.0,0.05,0.8,-0.27335,0.0,1
1271,2026-04-22T08:30:14.192Z,S20260422_092846,SC01,AUTO,13.251,87.8307,0.0617,accel_2,1,1500,VIDE,0.0,0.2,0.0,3.749785,-0.698132,0.0,1,0,41.448,31.042,0.0,0.2,0.0,4.0,2.0,1.0,0.05,0.8,-0.25021,0.0,1
1272,2026-04-22T08:30:14.255Z,S20260422_092846,SC01,AUTO,13.3135,87.8932,0.0624,accel_2,1,1500,VIDE,0.0,0.2,0.0,3.767133,-0.698132,0.0,1,0,36.301,14.85,0.0,0.2,0.0,4.0,2.0,1.0,0.05,0.8,-0.23287,0.0,1
1273,2026-04-22T08:30:14.318Z,S20260422_092846,SC01,AUTO,13.3763,87.956,0.0629,accel_2,1,1500,VIDE,0.0,0.2,0.0,3.784481,-0.698132,-0.0,1,0,39.039,14.797,0.0,0.2,0.0,4.0,2.0,1.0,0.05,0.8,-0.21552,0.0,1
1274,2026-04-22T08:30:14.387Z,S20260422_092846,SC01,AUTO,13.4456,88.0253,0.0693,accel_2,1,1500,VIDE,0.0,0.2,0.0,3.819171,-0.698132,0.0,1,0,29.215,14.672,0.0,0.2,0.0,4.0,2.0,1.0,0.05,0.8,-0.18083,0.0,1
1275,2026-04-22T08:30:14.446Z,S20260422_092846,SC01,AUTO,13.5049,88.0847,0.0594,accel_2,1,1500,VIDE,0.0,0.2,0.0,3.836515,-0.698132,-0.0,1,0,42.871,29.869,0.0,0.2,0.0,4.0,2.0,1.0,0.05,0.8,-0.16349,0.0,1
1276,2026-04-22T08:30:14.505Z,S20260422_092846,SC01,AUTO,13.5636,88.1433,0.0587,accel_2,1,1500,VIDE,0.0,0.2,0.0,3.853857,-0.698132,-0.0,1,0,80.922,16.987,0.0,0.2,0.0,4.0,2.0,1.0,0.05,0.8,-0.14614,0.0,1
1277,2026-04-22T08:30:14.574Z,S20260422_092846,SC01,AUTO,13.6328,88.2125,0.0691,accel_2,1,1500,VIDE,0.0,0.2,0.0,3.871199,-0.698132,0.0,1,0,96.294,17.894,0.0,0.2,0.0,4.0,2.0,1.0,0.05,0.8,-0.1288,0.0,1
1278,2026-04-22T08:30:14.632Z,S20260422_092846,SC01,AUTO,13.6901,88.2698,0.0573,accel_2,1,1500,VIDE,0.0,0.2,0.0,3.888539,-0.698132,0.0,1,0,104.048,18.089,0.0,0.2,0.0,4.0,2.0,1.0,0.05,0.8,-0.11146,0.0,1
1279,2026-04-22T08:30:14.699Z,S20260422_092846,SC01,AUTO,13.7579,88.3376,0.0678,accel_2,1,1500,VIDE,0.0,0.2,0.0,3.923215,-0.698132,-0.0,1,0,43.028,19.595,0.0,0.2,0.0,4.0,2.0,1.0,0.05,0.8,-0.07678,0.0,1
1280,2026-04-22T08:30:14.761Z,S20260422_092846,SC01,AUTO,13.8195,88.3992,0.0616,accel_2,1,1500,VIDE,0.0,0.2,0.0,3.957887,-0.698132,-0.0,1,0,33.486,20.45,0.0,0.2,0.0,4.0,2.0,1.0,0.05,0.8,-0.04211,0.0,1
1281,2026-04-22T08:30:14.817Z,S20260422_092846,SC01,AUTO,13.8754,88.4551,0.0559,accel_2,1,1500,VIDE,0.0,0.2,0.0,3.975221,-0.698132,-0.0,1,0,32.055,21.884,0.0,0.2,0.0,4.0,2.0,1.0,0.05,0.8,-0.02478,0.0,1
1282,2026-04-22T08:30:14.882Z,S20260422_092846,SC01,AUTO,13.9409,88.5206,0.0655,accel_2,1,1500,VIDE,0.0,0.2,0.0,4.009885,-0.698132,0.0,1,0,28.326,20.851,0.0,0.2,0.0,4.0,2.0,1.0,0.05,0.8,0.00989,0.0,1
1283,2026-04-22T08:30:14.941Z,S20260422_092846,SC01,AUTO,13.9999,88.5796,0.059,accel_2,1,1500,VIDE,0.0,0.2,0.0,4.027215,-0.698132,-0.0,1,0,23.931,21.409,0.0,0.2,0.0,4.0,2.0,1.0,0.05,0.8,0.02722,0.0,1
1284,2026-04-22T08:30:15.005Z,S20260422_092846,SC01,AUTO,14.0632,88.643,0.0634,stabilize,1,1500,VIDE,0.0,0.09,0.0,4.061796,-0.698132,0.0,1,0,29.268,23.578,0.0,0.09,0.0,5.5,2.0,0.5,0.05,0.8,-1.4382,0.0,0
1285,2026-04-22T08:30:15.069Z,S20260422_092846,SC01,AUTO,14.1278,88.7076,0.0646,stabilize,1,1500,VIDE,0.0,0.09,0.0,4.093058,-0.698132,0.0,1,0,21.314,18.348,0.0,0.09,0.0,5.5,2.0,0.5,0.05,0.8,-1.40694,0.0,0
1286,2026-04-22T08:30:15.132Z,S20260422_092846,SC01,AUTO,14.1905,88.7703,0.0627,stabilize,1,1500,VIDE,0.0,0.09,0.0,4.120023,-0.698132,0.0,1,0,23.113,19.96,0.0,0.09,0.0,5.5,2.0,0.5,0.05,0.8,-1.37998,0.0,0
1287,2026-04-22T08:30:15.199Z,S20260422_092846,SC01,AUTO,14.2571,88.8369,0.0666,stabilize,1,1500,VIDE,0.0,0.09,0.0,4.143653,-0.698132,-0.0,1,0,29.314,19.109,0.0,0.09,0.0,5.5,2.0,0.5,0.05,0.8,-1.35635,0.0,0
1288,2026-04-22T08:30:15.263Z,S20260422_092846,SC01,AUTO,14.3214,88.9012,0.0643,stabilize,1,1500,VIDE,0.0,0.09,0.0,4.164635,-0.698132,0.0,1,0,30.411,19.541,0.0,0.09,0.0,5.5,2.0,0.5,0.05,0.8,-1.33536,0.0,0
1289,2026-04-22T08:30:15.318Z,S20260422_092846,SC01,AUTO,14.3765,88.9562,0.055,stabilize,1,1500,VIDE,0.0,0.09,0.0,4.183569,-0.698132,-0.0,1,0,9.687,16.362,0.0,0.09,0.0,5.5,2.0,0.5,0.05,0.8,-1.31643,0.0,0
1290,2026-04-22T08:30:15.395Z,S20260422_092846,SC01,AUTO,14.4532,89.0329,0.0768,stabilize,1,1500,VIDE,0.0,0.09,0.0,4.209036,-0.698132,0.0,1,0,25.045,19.098,0.0,0.09,0.0,5.5,2.0,0.5,0.05,0.8,-1.29096,0.0,0
1291,2026-04-22T08:30:15.446Z,S20260422_092846,SC01,AUTO,14.5047,89.0844,0.0515,stabilize,1,1500,VIDE,0.0,0.09,0.0,4.216913,-0.698132,-0.0,1,0,29.287,29.803,0.0,0.09,0.0,5.5,2.0,0.5,0.05,0.8,-1.28309,0.0,0
1292,2026-04-22T08:30:15.506Z,S20260422_092846,SC01,AUTO,14.5643,89.144,0.0596,stabilize,1,1500,VIDE,0.0,0.09,0.0,4.231951,-0.698132,0.0,1,0,22.141,19.113,0.0,0.09,0.0,5.5,2.0,0.5,0.05,0.8,-1.26805,0.0,0
1293,2026-04-22T08:30:15.568Z,S20260422_092846,SC01,AUTO,14.6269,89.2067,0.0627,stabilize,1,1500,VIDE,0.0,0.09,0.0,4.246209,-0.698132,-0.0,1,0,17.566,19.555,0.0,0.09,0.0,5.5,2.0,0.5,0.05,0.8,-1.25379,0.0,0
1294,2026-04-22T08:30:15.630Z,S20260422_092846,SC01,AUTO,14.689,89.2687,0.0621,stabilize,1,1500,VIDE,0.0,0.09,0.0,4.259854,-0.698132,0.0,1,0,18.335,19.784,0.0,0.09,0.0,5.5,2.0,0.5,0.05,0.8,-1.24015,0.0,0
1295,2026-04-22T08:30:15.695Z,S20260422_092846,SC01,AUTO,14.7533,89.333,0.0642,stabilize,1,1500,VIDE,0.0,0.09,0.0,4.273014,-0.698132,-0.0,1,0,24.102,18.919,0.0,0.09,0.0,5.5,2.0,0.5,0.05,0.8,-1.22699,0.0,0
1296,2026-04-22T08:30:15.758Z,S20260422_092846,SC01,AUTO,14.8169,89.3966,0.0636,stabilize,1,1500,VIDE,0.0,0.09,0.0,4.2858,-0.698132,0.0,1,0,26.05,19.699,0.0,0.09,0.0,5.5,2.0,0.5,0.05,0.8,-1.2142,0.0,0
1297,2026-04-22T08:30:15.823Z,S20260422_092846,SC01,AUTO,14.8817,89.4615,0.0648,stabilize,1,1500,VIDE,0.0,0.09,0.0,4.298284,-0.698132,-0.0,1,0,11.848,20.1,0.0,0.09,0.0,5.5,2.0,0.5,0.05,0.8,-1.20172,0.0,0
1298,2026-04-22T08:30:15.884Z,S20260422_092846,SC01,AUTO,14.9424,89.5221,0.0607,stabilize,1,1500,VIDE,0.0,0.09,0.0,4.310538,-0.698132,0.0,1,0,14.824,19.759,0.0,0.09,0.0,5.5,2.0,0.5,0.05,0.8,-1.18946,0.0,0
1299,2026-04-22T08:30:15.944Z,S20260422_092846,SC01,AUTO,15.0023,89.582,0.0599,stabilize,1,1500,VIDE,0.0,0.09,0.0,4.316593,-0.698132,-0.0,1,0,25.183,24.045,0.0,0.09,0.0,5.5,2.0,0.5,0.05,0.8,-1.18341,0.0,0
1300,2026-04-22T08:30:16.006Z,S20260422_092846,SC01,AUTO,15.0647,89.6444,0.0624,stabilize,1,1500,VIDE,0.0,0.09,0.0,4.328585,-0.698132,0.0,1,0,20.098,13.803,0.0,0.09,0.0,5.5,2.0,0.5,0.05,0.8,-1.17142,0.0,0
1301,2026-04-22T08:30:16.068Z,S20260422_092846,SC01,AUTO,15.1265,89.7063,0.0618,stabilize,1,1500,VIDE,0.0,0.09,0.0,4.34045,-0.698132,-0.0,1,0,39.02,18.89,0.0,0.09,0.0,5.5,2.0,0.5,0.05,0.8,-1.15955,0.0,0
1302,2026-04-22T08:30:16.134Z,S20260422_092846,SC01,AUTO,15.1924,89.7721,0.0659,stabilize,1,1500,VIDE,0.0,0.09,0.0,4.346342,-0.698132,0.0,1,0,33.959,18.962,0.0,0.09,0.0,5.5,2.0,0.5,0.05,0.8,-1.15366,0.0,0
1303,2026-04-22T08:30:16.200Z,S20260422_092846,SC01,AUTO,15.2586,89.8383,0.0662,stabilize,1,1500,VIDE,0.0,0.09,0.0,4.358065,-0.698132,-0.0,1,0,34.647,19.694,0.0,0.09,0.0,5.5,2.0,0.5,0.05,0.8,-1.14193,0.0,0
1304,2026-04-22T08:30:16.254Z,S20260422_092846,SC01,AUTO,15.313,89.8928,0.0544,stabilize,1,1500,VIDE,0.0,0.09,0.0,4.369715,-0.698132,0.0,1,0,22.465,17.872,0.0,0.09,0.0,5.5,2.0,0.5,0.05,0.8,-1.13028,0.0,0
1305,2026-04-22T08:30:16.317Z,S20260422_092846,SC01,AUTO,15.376,89.9558,0.063,stabilize,1,1500,VIDE,0.0,0.09,0.0,4.381311,-0.698132,-0.0,1,0,30.415,19.76,0.0,0.09,0.0,5.5,2.0,0.5,0.05,0.8,-1.11869,0.0,0
1306,2026-04-22T08:30:16.388Z,S20260422_092846,SC01,AUTO,15.4465,90.0262,0.0705,stabilize,1,1500,VIDE,0.0,0.09,0.0,4.392862,-0.698132,0.0,1,0,16.769,19.734,0.0,0.09,0.0,5.5,2.0,0.5,0.05,0.8,-1.10714,0.0,0
1307,2026-04-22T08:30:16.445Z,S20260422_092846,SC01,AUTO,15.5039,90.0837,0.0574,stabilize,1,1500,VIDE,0.0,0.09,0.0,4.398625,-0.698132,0.0,1,0,35.581,21.946,0.0,0.09,0.0,5.5,2.0,0.5,0.05,0.8,-1.10138,0.0,0
1308,2026-04-22T08:30:16.506Z,S20260422_092846,SC01,AUTO,15.5647,90.1445,0.0608,stabilize,1,1500,VIDE,0.0,0.09,0.0,4.410126,-0.698132,-0.0,1,0,36.258,20.067,0.0,0.09,0.0,5.5,2.0,0.5,0.05,0.8,-1.08987,0.0,0
1309,2026-04-22T08:30:16.567Z,S20260422_092846,SC01,AUTO,15.6254,90.2052,0.0606,stabilize,1,1500,VIDE,0.0,0.09,0.0,4.415868,-0.698132,0.0,1,0,37.048,19.872,0.0,0.09,0.0,5.5,2.0,0.5,0.05,0.8,-1.08413,0.0,0
1310,2026-04-22T08:30:16.633Z,S20260422_092846,SC01,AUTO,15.6917,90.2715,0.0663,stabilize,1,1500,VIDE,0.0,0.09,0.0,4.427334,-0.698132,-0.0,1,0,23.565,19.711,0.0,0.09,0.0,5.5,2.0,0.5,0.05,0.8,-1.07267,0.0,0
1311,2026-04-22T08:30:16.696Z,S20260422_092846,SC01,AUTO,15.7546,90.3343,0.0627,stabilize,1,1500,VIDE,0.0,0.09,0.0,4.438783,-0.698132,0.0,1,0,8.653,20.129,0.0,0.09,0.0,5.5,2.0,0.5,0.05,0.8,-1.06122,0.0,0
1312,2026-04-22T08:30:16.760Z,S20260422_092846,SC01,AUTO,15.8188,90.3985,0.0643,stabilize,1,1500,VIDE,0.0,0.09,0.0,4.444502,-0.698132,0.0,1,0,26.828,18.636,0.0,0.09,0.0,5.5,2.0,0.5,0.05,0.8,-1.0555,0.0,0
1313,2026-04-22T08:30:16.822Z,S20260422_092846,SC01,AUTO,15.8804,90.4601,0.0617,stabilize,1,1500,VIDE,0.0,0.09,0.0,4.444502,-0.698132,0.0,1,0,26.828,18.636,0.0,0.09,0.0,5.5,2.0,0.5,0.05,0.8,-1.0555,0.0,0
1314,2026-04-22T08:30:16.885Z,S20260422_092846,SC01,AUTO,15.9433,90.5231,0.0629,stabilize,1,1500,VIDE,0.0,0.09,0.0,4.446407,-0.698132,-0.0,1,0,158.351,131.523,0.0,0.09,0.0,5.5,2.0,0.5,0.05,0.8,-1.05359,0.0,0
1315,2026-04-22T08:30:16.945Z,S20260422_092846,SC01,AUTO,16.0036,90.5834,0.0603,stabilize,1,1500,VIDE,0.0,0.09,0.0,4.450217,-0.698132,-0.0,1,0,195.682,17.885,0.0,0.09,0.0,5.5,2.0,0.5,0.05,0.8,-1.04978,0.0,0
1316,2026-04-22T08:30:17.006Z,S20260422_092846,SC01,AUTO,16.064,90.6438,0.0604,stabilize,1,1500,VIDE,0.0,0.09,0.0,4.46164,-0.698132,0.0,1,0,142.461,17.455,0.0,0.09,0.0,5.5,2.0,0.5,0.05,0.8,-1.03836,0.0,0
1317,2026-04-22T08:30:17.070Z,S20260422_092846,SC01,AUTO,16.1286,90.7084,0.0646,stabilize,1,1500,VIDE,0.0,0.09,0.0,4.473053,-0.698132,-0.0,1,0,96.342,18.861,0.0,0.09,0.0,5.5,2.0,0.5,0.05,0.8,-1.02695,0.0,0
1318,2026-04-22T08:30:17.133Z,S20260422_092846,SC01,AUTO,16.192,90.7718,0.0634,stabilize,1,1500,VIDE,0.0,0.09,0.0,4.484458,-0.698132,0.0,1,0,40.662,19.469,0.0,0.09,0.0,5.5,2.0,0.5,0.05,0.8,-1.01554,0.0,0
1319,2026-04-22T08:30:17.196Z,S20260422_092846,SC01,AUTO,16.2546,90.8343,0.0625,stabilize,1,1500,VIDE,0.0,0.09,0.0,4.492058,-0.698132,-0.0,1,0,41.998,28.39,0.0,0.09,0.0,5.5,2.0,0.5,0.05,0.8,-1.00794,0.0,0
1320,2026-04-22T08:30:17.257Z,S20260422_092846,SC01,AUTO,16.3151,90.8949,0.0606,stabilize,1,1500,VIDE,0.0,0.09,0.0,4.501554,-0.698132,0.0,1,0,3.232,19.992,0.0,0.09,0.0,5.5,2.0,0.5,0.05,0.8,-0.99845,0.0,0
1321,2026-04-22T08:30:17.322Z,S20260422_092846,SC01,AUTO,16.381,90.9608,0.0659,stabilize,1,1500,VIDE,0.0,0.09,0.0,4.518639,-0.698132,-0.0,1,0,14.097,19.223,0.0,0.09,0.0,5.5,2.0,0.5,0.05,0.8,-0.98136,0.0,0
1322,2026-04-22T08:30:17.391Z,S20260422_092846,SC01,AUTO,16.4496,91.0293,0.0686,stabilize,1,1500,VIDE,0.0,0.09,0.0,4.530024,-0.698132,0.0,1,0,22.109,20.302,0.0,0.09,0.0,5.5,2.0,0.5,0.05,0.8,-0.96998,0.0,0
1323,2026-04-22T08:30:17.446Z,S20260422_092846,SC01,AUTO,16.5045,91.0843,0.0549,stabilize,1,1500,VIDE,0.0,0.09,0.0,4.535714,-0.698132,-0.0,1,0,29.966,26.136,0.0,0.09,0.0,5.5,2.0,0.5,0.05,0.8,-0.96429,0.0,0
1324,2026-04-22T08:30:17.505Z,S20260422_092846,SC01,AUTO,16.5639,91.1436,0.0594,stabilize,1,1500,VIDE,0.0,0.09,0.0,4.547093,-0.698132,0.0,1,0,25.357,20.056,0.0,0.09,0.0,5.5,2.0,0.5,0.05,0.8,-0.95291,0.0,0
1325,2026-04-22T08:30:17.567Z,S20260422_092846,SC01,AUTO,16.6252,91.2049,0.0613,stabilize,1,1500,VIDE,0.0,0.09,0.0,4.55847,-0.698132,-0.0,1,0,36.019,20.053,0.0,0.09,0.0,5.5,2.0,0.5,0.05,0.8,-0.94153,0.0,0
1326,2026-04-22T08:30:17.630Z,S20260422_092846,SC01,AUTO,16.6889,91.2687,0.0637,stabilize,1,1500,VIDE,0.0,0.09,0.0,4.564157,-0.698132,-0.0,1,0,37.156,19.814,0.0,0.09,0.0,5.5,2.0,0.5,0.05,0.8,-0.93584,0.0,0
1327,2026-04-22T08:30:17.693Z,S20260422_092846,SC01,AUTO,16.7519,91.3316,0.0629,stabilize,1,1500,VIDE,0.0,0.09,0.0,4.575529,-0.698132,0.0,1,0,22.64,19.38,0.0,0.09,0.0,5.5,2.0,0.5,0.05,0.8,-0.92447,0.0,0
1328,2026-04-22T08:30:17.756Z,S20260422_092846,SC01,AUTO,16.8147,91.3944,0.0628,stabilize,1,1500,VIDE,0.0,0.09,0.0,4.586899,-0.698132,-0.0,1,0,25.728,19.168,0.0,0.09,0.0,5.5,2.0,0.5,0.05,0.8,-0.9131,0.0,0
1329,2026-04-22T08:30:17.816Z,S20260422_092846,SC01,AUTO,16.875,91.4547,0.0603,stabilize,1,1500,VIDE,0.0,0.09,0.0,4.598266,-0.698132,0.0,1,0,26.882,19.686,0.0,0.09,0.0,5.5,2.0,0.5,0.05,0.8,-0.90173,0.0,0
1330,2026-04-22T08:30:17.881Z,S20260422_092846,SC01,AUTO,16.9391,91.5188,0.0641,stabilize,1,1500,VIDE,0.0,0.09,0.0,4.609631,-0.698132,-0.0,1,0,29.085,19.189,0.0,0.09,0.0,5.5,2.0,0.5,0.05,0.8,-0.89037,0.0,0
1331,2026-04-22T08:30:17.942Z,S20260422_092846,SC01,AUTO,17.0004,91.5802,0.0614,stabilize,1,1500,VIDE,0.0,0.09,0.0,4.620994,-0.698132,0.0,1,0,29.838,20.43,0.0,0.09,0.0,5.5,2.0,0.5,0.05,0.8,-0.87901,0.0,0
1332,2026-04-22T08:30:18.005Z,S20260422_092846,SC01,AUTO,17.0638,91.6435,0.0633,stabilize,1,1500,VIDE,0.0,0.09,0.0,4.638034,-0.698132,0.0,1,0,18.155,19.528,0.0,0.09,0.0,5.5,2.0,0.5,0.05,0.8,-0.86197,0.0,0
1333,2026-04-22T08:30:18.068Z,S20260422_092846,SC01,AUTO,17.1268,91.7065,0.0629,stabilize,1,1500,VIDE,0.0,0.09,0.0,4.649393,-0.698132,-0.0,1,0,18.611,19.731,0.0,0.09,0.0,5.5,2.0,0.5,0.05,0.8,-0.85061,0.0,0
1334,2026-04-22T08:30:18.131Z,S20260422_092846,SC01,AUTO,17.1891,91.7688,0.0624,stabilize,1,1500,VIDE,0.0,0.09,0.0,4.660748,-0.698132,0.0,1,0,23.084,19.454,0.0,0.09,0.0,5.5,2.0,0.5,0.05,0.8,-0.83925,0.0,0
1335,2026-04-22T08:30:18.192Z,S20260422_092846,SC01,AUTO,17.2502,91.8299,0.0611,stabilize,1,1500,VIDE,0.0,0.09,0.0,4.668318,-0.698132,-0.0,1,0,45.665,32.438,0.0,0.09,0.0,5.5,2.0,0.5,0.05,0.8,-0.83168,0.0,0
1336,2026-04-22T08:30:18.254Z,S20260422_092846,SC01,AUTO,17.313,91.8928,0.0628,stabilize,1,1500,VIDE,0.0,0.09,0.0,4.683454,-0.698132,0.0,1,0,28.309,18.756,0.0,0.09,0.0,5.5,2.0,0.5,0.05,0.8,-0.81655,0.0,0
1337,2026-04-22T08:30:18.316Z,S20260422_092846,SC01,AUTO,17.375,91.9548,0.062,stabilize,1,1500,VIDE,0.0,0.09,0.0,4.692913,-0.698132,-0.0,1,0,51.053,2.04,0.0,0.09,0.0,5.5,2.0,0.5,0.05,0.8,-0.80709,0.0,0
1338,2026-04-22T08:30:18.382Z,S20260422_092846,SC01,AUTO,17.4406,92.0203,0.0655,stabilize,1,1500,VIDE,0.0,0.09,0.0,4.706152,-0.698132,0.0,1,0,26.956,19.539,0.0,0.09,0.0,5.5,2.0,0.5,0.05,0.8,-0.79385,0.0,1
1339,2026-04-22T08:30:18.445Z,S20260422_092846,SC01,AUTO,17.5038,92.0835,0.0632,stabilize,1,1500,VIDE,0.0,0.09,0.0,4.717499,-0.698132,-0.0,1,0,9.632,20.242,0.0,0.09,0.0,5.5,2.0,0.5,0.05,0.8,-0.7825,0.0,1
1340,2026-04-22T08:30:18.506Z,S20260422_092846,SC01,AUTO,17.5643,92.1441,0.0606,stabilize,1,1500,VIDE,0.0,0.09,0.0,4.728843,-0.698132,0.0,1,0,27.924,19.894,0.0,0.09,0.0,5.5,2.0,0.5,0.05,0.8,-0.77116,0.0,1
1341,2026-04-22T08:30:18.567Z,S20260422_092846,SC01,AUTO,17.6255,92.2052,0.0611,stabilize,1,1500,VIDE,0.0,0.09,0.0,4.732625,-0.698132,0.0,1,0,80.802,0.957,0.0,0.09,0.0,5.5,2.0,0.5,0.05,0.8,-0.76738,0.0,1
1342,2026-04-22T08:30:18.632Z,S20260422_092846,SC01,AUTO,17.6907,92.2704,0.0652,stabilize,1,1500,VIDE,0.0,0.09,0.0,4.745857,-0.698132,0.0,1,0,19.145,19.898,0.0,0.09,0.0,5.5,2.0,0.5,0.05,0.8,-0.75414,0.0,1
1343,2026-04-22T08:30:18.700Z,S20260422_092846,SC01,AUTO,17.7586,92.3384,0.068,stabilize,1,1500,VIDE,0.0,0.09,0.0,4.757196,-0.698132,-0.0,1,0,20.245,19.454,0.0,0.09,0.0,5.5,2.0,0.5,0.05,0.8,-0.7428,0.0,1
1344,2026-04-22T08:30:18.766Z,S20260422_092846,SC01,AUTO,17.8248,92.4045,0.0661,stabilize,1,1500,VIDE,0.0,0.09,0.0,4.768534,-0.698132,0.0,1,0,19.0,19.026,0.0,0.09,0.0,5.5,2.0,0.5,0.05,0.8,-0.73147,0.0,1
1345,2026-04-22T08:30:18.817Z,S20260422_092846,SC01,AUTO,17.8752,92.4549,0.0505,stabilize,1,1500,VIDE,0.0,0.09,0.0,4.779871,-0.698132,-0.0,1,0,18.382,17.853,0.0,0.09,0.0,5.5,2.0,0.5,0.05,0.8,-0.72013,0.0,1
1346,2026-04-22T08:30:18.883Z,S20260422_092846,SC01,AUTO,17.9416,92.5213,0.0664,stabilize,1,1500,VIDE,0.0,0.09,0.0,4.791204,-0.698132,0.0,1,0,18.545,18.453,0.0,0.09,0.0,5.5,2.0,0.5,0.05,0.8,-0.7088,0.0,1
1347,2026-04-22T08:30:18.943Z,S20260422_092846,SC01,AUTO,18.0011,92.5809,0.0595,stabilize,1,1500,VIDE,0.0,0.09,0.0,4.802537,-0.698132,0.0,1,0,16.699,16.045,0.0,0.09,0.0,5.5,2.0,0.5,0.05,0.8,-0.69746,0.0,1
1348,2026-04-22T08:30:19.006Z,S20260422_092846,SC01,AUTO,18.0644,92.6441,0.0633,stabilize,1,1500,VIDE,0.0,0.09,0.0,4.813867,-0.698132,-0.0,1,0,14.98,16.599,0.0,0.09,0.0,5.5,2.0,0.5,0.05,0.8,-0.68613,0.0,1
1349,2026-04-22T08:30:19.070Z,S20260422_092846,SC01,AUTO,18.1287,92.7085,0.0643,stabilize,1,1500,VIDE,0.0,0.09,0.0,4.825196,-0.698132,0.0,1,0,42.027,18.82,0.0,0.09,0.0,5.5,2.0,0.5,0.05,0.8,-0.6748,0.0,1
1350,2026-04-22T08:30:19.134Z,S20260422_092846,SC01,AUTO,18.1925,92.7722,0.0638,stabilize,1,1500,VIDE,0.0,0.09,0.0,4.836523,-0.698132,-0.0,1,0,10.144,19.704,0.0,0.09,0.0,5.5,2.0,0.5,0.05,0.8,-0.66348,0.0,1
1351,2026-04-22T08:30:19.199Z,S20260422_092846,SC01,AUTO,18.2574,92.8371,0.0649,stabilize,1,1500,VIDE,0.0,0.09,0.0,4.847847,-0.698132,0.0,1,0,11.86,19.314,0.0,0.09,0.0,5.5,2.0,0.5,0.05,0.8,-0.65215,0.0,1
1352,2026-04-22T08:30:19.262Z,S20260422_092846,SC01,AUTO,18.3206,92.9003,0.0632,stabilize,1,1500,VIDE,0.0,0.09,0.0,4.85917,-0.698132,0.0,1,0,11.608,19.246,0.0,0.09,0.0,5.5,2.0,0.5,0.05,0.8,-0.64083,0.0,1
1353,2026-04-22T08:30:19.323Z,S20260422_092846,SC01,AUTO,18.3812,92.9609,0.0606,stabilize,1,1500,VIDE,0.0,0.09,0.0,4.870491,-0.698132,-0.0,1,0,27.84,22.106,0.0,0.09,0.0,5.5,2.0,0.5,0.05,0.8,-0.62951,0.0,1
1354,2026-04-22T08:30:19.391Z,S20260422_092846,SC01,AUTO,18.4497,93.0294,0.0685,stabilize,1,1500,VIDE,0.0,0.09,0.0,4.887469,-0.698132,0.0,1,0,22.152,18.791,0.0,0.09,0.0,5.5,2.0,0.5,0.05,0.8,-0.61253,0.0,1
1355,2026-04-22T08:30:19.444Z,S20260422_092846,SC01,AUTO,18.5027,93.0825,0.0531,stabilize,1,1500,VIDE,0.0,0.09,0.0,4.893127,-0.698132,-0.0,1,0,25.425,26.027,0.0,0.09,0.0,5.5,2.0,0.5,0.05,0.8,-0.60687,0.0,1
1356,2026-04-22T08:30:19.505Z,S20260422_092846,SC01,AUTO,18.564,93.1437,0.0613,stabilize,1,1500,VIDE,0.0,0.09,0.0,4.908214,-0.698132,-0.0,1,0,39.965,0.547,0.0,0.09,0.0,5.5,2.0,0.5,0.05,0.8,-0.59179,0.0,1
1357,2026-04-22T08:30:19.567Z,S20260422_092846,SC01,AUTO,18.626,93.2058,0.0621,stabilize,1,1500,VIDE,0.0,0.09,0.0,4.921412,-0.698132,0.0,1,0,19.161,19.062,0.0,0.09,0.0,5.5,2.0,0.5,0.05,0.8,-0.57859,0.0,1
1358,2026-04-22T08:30:19.630Z,S20260422_092846,SC01,AUTO,18.6888,93.2686,0.0628,stabilize,1,1500,VIDE,0.0,0.09,0.0,4.932723,-0.698132,-0.0,1,0,15.971,19.256,0.0,0.09,0.0,5.5,2.0,0.5,0.05,0.8,-0.56728,0.0,1
1359,2026-04-22T08:30:19.694Z,S20260422_092846,SC01,AUTO,18.753,93.3327,0.0642,stabilize,1,1500,VIDE,0.0,0.09,0.0,4.944031,-0.698132,0.0,1,0,19.268,19.402,0.0,0.09,0.0,5.5,2.0,0.5,0.05,0.8,-0.55597,0.0,1
1360,2026-04-22T08:30:19.758Z,S20260422_092846,SC01,AUTO,18.8167,93.3964,0.0637,stabilize,1,1500,VIDE,0.0,0.09,0.0,4.955338,-0.698132,-0.0,1,0,14.091,19.776,0.0,0.09,0.0,5.5,2.0,0.5,0.05,0.8,-0.54466,0.0,1
1361,2026-04-22T08:30:19.822Z,S20260422_092846,SC01,AUTO,18.8808,93.4605,0.0641,stabilize,1,1500,VIDE,0.0,0.09,0.0,4.966642,-0.698132,0.0,1,0,18.717,18.295,0.0,0.09,0.0,5.5,2.0,0.5,0.05,0.8,-0.53336,0.0,1
1362,2026-04-22T08:30:19.883Z,S20260422_092846,SC01,AUTO,18.9417,93.5214,0.0609,stabilize,1,1500,VIDE,0.0,0.09,0.0,4.977945,-0.698132,0.0,1,0,13.123,16.873,0.0,0.09,0.0,5.5,2.0,0.5,0.05,0.8,-0.52205,0.0,1
1363,2026-04-22T08:30:19.945Z,S20260422_092846,SC01,AUTO,19.0037,93.5834,0.062,stabilize,1,1500,VIDE,0.0,0.09,0.0,4.991129,-0.698132,0.0,1,0,39.299,25.696,0.0,0.09,0.0,5.5,2.0,0.5,0.05,0.8,-0.50887,0.0,1
1364,2026-04-22T08:30:20.006Z,S20260422_092846,SC01,AUTO,19.0641,93.6439,0.0605,stabilize,1,1500,VIDE,0.0,0.09,0.0,5.002428,-0.698132,0.0,1,0,39.353,29.685,0.0,0.09,0.0,5.5,2.0,0.5,0.05,0.8,-0.49757,0.0,1
1365,2026-04-22T08:30:20.076Z,S20260422_092846,SC01,AUTO,19.1344,93.7141,0.0702,stabilize,1,1500,VIDE,0.0,0.09,0.0,5.01749,-0.698132,-0.0,1,0,15.112,19.738,0.0,0.09,0.0,5.5,2.0,0.5,0.05,0.8,-0.48251,0.0,1
1366,2026-04-22T08:30:20.132Z,S20260422_092846,SC01,AUTO,19.1904,93.7701,0.056,stabilize,1,1500,VIDE,0.0,0.09,0.0,5.028784,-0.698132,0.0,1,0,15.953,20.273,0.0,0.09,0.0,5.5,2.0,0.5,0.05,0.8,-0.47122,0.0,1
1367,2026-04-22T08:30:20.202Z,S20260422_092846,SC01,AUTO,19.2601,93.8399,0.0698,stabilize,1,1500,VIDE,0.0,0.09,0.0,5.040076,-0.698132,-0.0,1,0,15.556,20.276,0.0,0.09,0.0,5.5,2.0,0.5,0.05,0.8,-0.45992,0.0,1
1368,2026-04-22T08:30:20.255Z,S20260422_092846,SC01,AUTO,19.3136,93.8933,0.0534,stabilize,1,1500,VIDE,0.0,0.09,0.0,5.051366,-0.698132,0.0,1,0,16.236,17.89,0.0,0.09,0.0,5.5,2.0,0.5,0.05,0.8,-0.44863,0.0,1
1369,2026-04-22T08:30:20.317Z,S20260422_092846,SC01,AUTO,19.3759,93.9557,0.0623,stabilize,1,1500,VIDE,0.0,0.09,0.0,5.062654,-0.698132,-0.0,1,0,16.562,19.682,0.0,0.09,0.0,5.5,2.0,0.5,0.05,0.8,-0.43735,0.0,1
1370,2026-04-22T08:30:20.393Z,S20260422_092846,SC01,AUTO,19.4518,94.0316,0.076,stabilize,1,1500,VIDE,0.0,0.09,0.0,5.079583,-0.698132,-0.0,1,0,22.671,20.262,0.0,0.09,0.0,5.5,2.0,0.5,0.05,0.8,-0.42042,0.0,1
1371,2026-04-22T08:30:20.446Z,S20260422_092846,SC01,AUTO,19.5045,94.0842,0.0526,stabilize,1,1500,VIDE,0.0,0.09,0.0,5.090867,-0.698132,0.0,1,0,17.377,20.043,0.0,0.09,0.0,5.5,2.0,0.5,0.05,0.8,-0.40913,0.0,1
1372,2026-04-22T08:30:20.505Z,S20260422_092846,SC01,AUTO,19.564,94.1437,0.0595,stabilize,1,1500,VIDE,0.0,0.09,0.0,5.102148,-0.698132,-0.0,1,0,18.989,19.603,0.0,0.09,0.0,5.5,2.0,0.5,0.05,0.8,-0.39785,0.0,1
1373,2026-04-22T08:30:20.574Z,S20260422_092846,SC01,AUTO,19.6327,94.2125,0.0688,stabilize,1,1500,VIDE,0.0,0.09,0.0,5.113428,-0.698132,0.0,1,0,13.158,19.789,0.0,0.09,0.0,5.5,2.0,0.5,0.05,0.8,-0.38657,0.0,1
1374,2026-04-22T08:30:20.632Z,S20260422_092846,SC01,AUTO,19.6907,94.2705,0.058,stabilize,1,1500,VIDE,0.0,0.09,0.0,5.124705,-0.698132,-0.0,1,0,13.5,19.262,0.0,0.09,0.0,5.5,2.0,0.5,0.05,0.8,-0.3753,0.0,1
1375,2026-04-22T08:30:20.698Z,S20260422_092846,SC01,AUTO,19.757,94.3368,0.0663,stabilize,1,1500,VIDE,0.0,0.09,0.0,5.135981,-0.698132,-0.0,1,0,11.243,18.828,0.0,0.09,0.0,5.5,2.0,0.5,0.05,0.8,-0.36402,0.0,1
1376,2026-04-22T08:30:20.761Z,S20260422_092846,SC01,AUTO,19.8192,94.399,0.0621,stabilize,1,1500,VIDE,0.0,0.09,0.0,5.15289,-0.698132,-0.0,1,0,12.99,19.511,0.0,0.09,0.0,5.5,2.0,0.5,0.05,0.8,-0.34711,0.0,1
1377,2026-04-22T08:30:20.824Z,S20260422_092846,SC01,AUTO,19.8821,94.4619,0.0631,stabilize,1,1500,VIDE,0.0,0.09,0.0,5.158525,-0.698132,-0.0,1,0,28.944,19.841,0.0,0.09,0.0,5.5,2.0,0.5,0.05,0.8,-0.34147,0.0,1
1378,2026-04-22T08:30:20.881Z,S20260422_092846,SC01,AUTO,19.94,94.5197,0.0578,stabilize,1,1500,VIDE,0.0,0.09,0.0,5.173551,-0.698132,0.0,1,0,35.405,0.588,0.0,0.09,0.0,5.5,2.0,0.5,0.05,0.8,-0.32645,0.0,1
1379,2026-04-22T08:30:20.942Z,S20260422_092846,SC01,AUTO,20.0008,94.5806,0.0608,stabilize,1,1500,VIDE,0.0,0.09,0.0,5.186696,-0.698132,-0.0,1,0,14.531,19.873,0.0,0.09,0.0,5.5,2.0,0.5,0.05,0.8,-0.3133,0.0,1
1380,2026-04-22T08:30:21.005Z,S20260422_092846,SC01,AUTO,20.064,94.6437,0.0631,stabilize,1,1500,VIDE,0.0,0.09,0.0,5.19796,-0.698132,0.0,1,0,6.674,19.571,0.0,0.09,0.0,5.5,2.0,0.5,0.05,0.8,-0.30204,0.0,1
1381,2026-04-22T08:30:21.067Z,S20260422_092846,SC01,AUTO,20.1258,94.7055,0.0619,stabilize,1,1500,VIDE,0.0,0.09,0.0,5.209223,-0.698132,-0.0,1,0,24.03,20.302,0.0,0.09,0.0,5.5,2.0,0.5,0.05,0.8,-0.29078,0.0,1
1382,2026-04-22T08:30:21.135Z,S20260422_092846,SC01,AUTO,20.1931,94.7729,0.0673,stabilize,1,1500,VIDE,0.0,0.09,0.0,5.220483,-0.698132,0.0,1,0,23.831,20.229,0.0,0.09,0.0,5.5,2.0,0.5,0.05,0.8,-0.27952,0.0,1
1383,2026-04-22T08:30:21.198Z,S20260422_092846,SC01,AUTO,20.2564,94.8362,0.0633,stabilize,1,1500,VIDE,0.0,0.09,0.0,5.231742,-0.698132,0.0,1,0,28.293,19.153,0.0,0.09,0.0,5.5,2.0,0.5,0.05,0.8,-0.26826,0.0,1
1384,2026-04-22T08:30:21.261Z,S20260422_092846,SC01,AUTO,20.3192,94.8989,0.0627,stabilize,1,1500,VIDE,0.0,0.09,0.0,5.242999,-0.698132,0.0,1,0,11.143,20.551,0.0,0.09,0.0,5.5,2.0,0.5,0.05,0.8,-0.257,0.0,1
1385,2026-04-22T08:30:21.317Z,S20260422_092846,SC01,AUTO,20.3757,94.9555,0.0566,stabilize,1,1500,VIDE,0.0,0.09,0.0,5.254253,-0.698132,0.0,1,0,27.426,21.875,0.0,0.09,0.0,5.5,2.0,0.5,0.05,0.8,-0.24575,0.0,1
1386,2026-04-22T08:30:21.386Z,S20260422_092846,SC01,AUTO,20.4444,95.0241,0.0686,stabilize,1,1500,VIDE,0.0,0.09,0.0,5.271131,-0.698132,-0.0,1,0,14.786,19.85,0.0,0.09,0.0,5.5,2.0,0.5,0.05,0.8,-0.22887,0.0,1
1387,2026-04-22T08:30:21.445Z,S20260422_092846,SC01,AUTO,20.504,95.0838,0.0597,stabilize,1,1500,VIDE,0.0,0.09,0.0,5.282381,-0.698132,0.0,1,0,12.436,19.228,0.0,0.09,0.0,5.5,2.0,0.5,0.05,0.8,-0.21762,0.0,1
1388,2026-04-22T08:30:21.505Z,S20260422_092846,SC01,AUTO,20.5636,95.1433,0.0595,stabilize,1,1500,VIDE,0.0,0.09,0.0,5.293628,-0.698132,-0.0,1,0,8.513,19.365,0.0,0.09,0.0,5.5,2.0,0.5,0.05,0.8,-0.20637,0.0,1
1389,2026-04-22T08:30:21.566Z,S20260422_092846,SC01,AUTO,20.6249,95.2047,0.0614,stabilize,1,1500,VIDE,0.0,0.09,0.0,5.304873,-0.698132,-0.0,1,0,27.649,20.111,0.0,0.09,0.0,5.5,2.0,0.5,0.05,0.8,-0.19513,0.0,1
1390,2026-04-22T08:30:21.631Z,S20260422_092846,SC01,AUTO,20.69,95.2697,0.065,stabilize,1,1500,VIDE,0.0,0.09,0.0,5.316117,-0.698132,-0.0,1,0,23.18,19.757,0.0,0.09,0.0,5.5,2.0,0.5,0.05,0.8,-0.18388,0.0,1
1391,2026-04-22T08:30:21.694Z,S20260422_092846,SC01,AUTO,20.753,95.3327,0.063,stabilize,1,1500,VIDE,0.0,0.09,0.0,5.332978,-0.698132,0.0,1,0,6.648,20.461,0.0,0.09,0.0,5.5,2.0,0.5,0.05,0.8,-0.16702,0.0,1
1392,2026-04-22T08:30:21.758Z,S20260422_092846,SC01,AUTO,20.8166,95.3963,0.0636,stabilize,1,1500,VIDE,0.0,0.09,0.0,5.344217,-0.698132,0.0,1,0,25.974,20.296,0.0,0.09,0.0,5.5,2.0,0.5,0.05,0.8,-0.15578,0.0,1
1393,2026-04-22T08:30:21.821Z,S20260422_092846,SC01,AUTO,20.8793,95.4591,0.0627,stabilize,1,1500,VIDE,0.0,0.09,0.0,5.355453,-0.698132,-0.0,1,0,22.413,20.528,0.0,0.09,0.0,5.5,2.0,0.5,0.05,0.8,-0.14455,0.0,1
1394,2026-04-22T08:30:21.881Z,S20260422_092846,SC01,AUTO,20.94,95.5197,0.0606,stabilize,1,1500,VIDE,0.0,0.09,0.0,5.366687,-0.698132,0.0,1,0,18.356,19.307,0.0,0.09,0.0,5.5,2.0,0.5,0.05,0.8,-0.13331,0.0,1
1395,2026-04-22T08:30:21.944Z,S20260422_092846,SC01,AUTO,21.0029,95.5827,0.063,stabilize,1,1500,VIDE,0.0,0.09,0.0,5.377919,-0.698132,-0.0,1,0,1.098,19.637,0.0,0.09,0.0,5.5,2.0,0.5,0.05,0.8,-0.12208,0.0,1
1396,2026-04-22T08:30:22.005Z,S20260422_092846,SC01,AUTO,21.064,95.6437,0.061,stabilize,1,1500,VIDE,0.0,0.09,0.0,5.38915,-0.698132,0.0,1,0,38.054,19.22,0.0,0.09,0.0,5.5,2.0,0.5,0.05,0.8,-0.11085,0.0,1
1397,2026-04-22T08:30:22.069Z,S20260422_092846,SC01,AUTO,21.1279,95.7076,0.0639,stabilize,1,1500,VIDE,0.0,0.09,0.0,5.38915,-0.698132,0.0,1,0,38.054,19.22,0.0,0.09,0.0,5.5,2.0,0.5,0.05,0.8,-0.11085,0.0,1
1398,2026-04-22T08:30:22.131Z,S20260422_092846,SC01,AUTO,21.19,95.7698,0.0621,stabilize,1,1500,VIDE,0.0,0.09,0.0,5.394764,-0.698132,0.0,1,0,69.631,18.683,0.0,0.09,0.0,5.5,2.0,0.5,0.05,0.8,-0.10524,0.0,1
1399,2026-04-22T08:30:22.194Z,S20260422_092846,SC01,AUTO,21.2523,95.8321,0.0624,stabilize,1,1500,VIDE,0.0,0.09,0.0,5.411603,-0.698132,0.0,1,0,20.325,19.081,0.0,0.09,0.0,5.5,2.0,0.5,0.05,0.8,-0.0884,0.0,1
1400,2026-04-22T08:30:22.255Z,S20260422_092846,SC01,AUTO,21.3132,95.8929,0.0608,stabilize,1,1500,VIDE,0.0,0.09,0.0,5.422828,-0.698132,-0.0,1,0,16.543,20.317,0.0,0.09,0.0,5.5,2.0,0.5,0.05,0.8,-0.07717,0.0,1
1401,2026-04-22T08:30:22.317Z,S20260422_092846,SC01,AUTO,21.3759,95.9557,0.0628,stabilize,1,1500,VIDE,0.0,0.09,0.0,5.43405,-0.698132,-0.0,1,0,12.703,19.188,0.0,0.09,0.0,5.5,2.0,0.5,0.05,0.8,-0.06595,0.0,1
1402,2026-04-22T08:30:22.383Z,S20260422_092846,SC01,AUTO,21.442,96.0217,0.066,stabilize,1,1500,VIDE,0.0,0.09,0.0,5.445269,-0.698132,0.0,1,0,19.929,20.075,0.0,0.09,0.0,5.5,2.0,0.5,0.05,0.8,-0.05473,0.0,1
1403,2026-04-22T08:30:22.445Z,S20260422_092846,SC01,AUTO,21.5039,96.0836,0.0618,stabilize,1,1500,VIDE,0.0,0.09,0.0,5.456487,-0.698132,-0.0,1,0,14.136,16.042,0.0,0.09,0.0,5.5,2.0,0.5,0.05,0.8,-0.04351,0.0,1
1404,2026-04-22T08:30:22.505Z,S20260422_092846,SC01,AUTO,21.5636,96.1433,0.0599,stabilize,1,1500,VIDE,0.0,0.09,0.0,5.467702,-0.698132,0.0,1,0,9.852,18.633,0.0,0.09,0.0,5.5,2.0,0.5,0.05,0.8,-0.0323,0.0,1
1405,2026-04-22T08:30:22.570Z,S20260422_092846,SC01,AUTO,21.6286,96.2084,0.0651,stabilize,1,1500,VIDE,0.0,0.09,0.0,5.484522,-0.698132,0.0,1,0,17.274,19.897,0.0,0.09,0.0,5.5,2.0,0.5,0.05,0.8,-0.01548,0.0,1
1406,2026-04-22T08:30:22.631Z,S20260422_092846,SC01,AUTO,21.6899,96.2696,0.0613,stabilize,1,1500,VIDE,0.0,0.09,0.0,5.495733,-0.698132,-0.0,1,0,17.303,19.929,0.0,0.09,0.0,5.5,2.0,0.5,0.05,0.8,-0.00427,0.0,1
1407,2026-04-22T08:30:22.694Z,S20260422_092846,SC01,AUTO,21.7528,96.3325,0.0628,stabilize,1,1500,VIDE,0.0,0.09,0.0,5.506941,-0.698132,0.0,1,0,9.96,19.463,0.0,0.09,0.0,5.5,2.0,0.5,0.05,0.8,0.00694,0.0,1
1408,2026-04-22T08:30:22.756Z,S20260422_092846,SC01,AUTO,21.8147,96.3944,0.0619,stabilize,1,1500,VIDE,0.0,0.09,0.0,5.518147,-0.698132,-0.0,1,0,8.045,20.693,0.0,0.09,0.0,5.5,2.0,0.5,0.05,0.8,0.01815,0.0,1
1409,2026-04-22T08:30:22.818Z,S20260422_092846,SC01,AUTO,21.8761,96.4559,0.0615,stabilize,1,1500,VIDE,0.0,0.09,0.0,5.533086,-0.698132,0.0,1,0,32.011,3.833,0.0,0.09,0.0,5.5,2.0,0.5,0.05,0.8,0.03309,0.0,1
1410,2026-04-22T08:30:22.880Z,S20260422_092846,SC01,AUTO,21.9384,96.5181,0.0623,stabilize,1,1500,VIDE,0.0,0.09,0.0,5.546154,-0.698132,-0.0,1,0,24.291,20.688,0.0,0.09,0.0,5.5,2.0,0.5,0.05,0.8,0.04615,0.0,1
1411,2026-04-22T08:30:22.942Z,S20260422_092846,SC01,AUTO,22.0006,96.5803,0.0621,hold,1,1500,VIDE,0.0,0.03,0.0,5.557353,-0.698132,-0.0,1,0,20.718,19.338,0.0,0.09,0.0,5.5,2.0,0.5,0.05,0.8,0.05735,0.0,1
1412,2026-04-22T08:30:23.006Z,S20260422_092846,SC01,AUTO,22.0644,96.6441,0.0638,hold,1,1500,VIDE,0.0,0.03,0.0,5.56791,-0.698132,0.0,1,0,19.336,15.278,0.0,0.03,0.0,5.4,2.0,0.5,0.05,0.8,0.16791,0.0,1
1413,2026-04-22T08:30:23.069Z,S20260422_092846,SC01,AUTO,22.127,96.7068,0.0628,hold,1,1500,VIDE,0.0,0.03,0.0,5.579271,-0.698132,-0.0,1,0,23.281,16.813,0.0,0.03,0.0,5.4,2.0,0.5,0.05,0.8,0.17927,0.0,1
1414,2026-04-22T08:30:23.131Z,S20260422_092846,SC01,AUTO,22.1892,96.769,0.0622,hold,1,1500,VIDE,0.0,0.03,0.0,5.584465,-0.698132,0.0,1,0,13.81,19.775,0.0,0.03,0.0,5.4,2.0,0.5,0.05,0.8,0.18447,0.0,1
1415,2026-04-22T08:30:23.192Z,S20260422_092846,SC01,AUTO,22.251,96.8308,0.0618,hold,1,1500,VIDE,0.0,0.03,0.0,5.588212,-0.698132,0.0,1,0,12.703,19.531,0.0,0.03,0.0,5.4,2.0,0.5,0.05,0.8,0.18821,0.0,1
1416,2026-04-22T08:30:23.254Z,S20260422_092846,SC01,AUTO,22.313,96.8928,0.062,hold,1,1500,VIDE,0.0,0.03,0.0,5.590846,-0.698132,-0.0,1,0,6.756,19.563,0.0,0.03,0.0,5.4,2.0,0.5,0.05,0.8,0.19085,0.0,1
1417,2026-04-22T08:30:23.317Z,S20260422_092846,SC01,AUTO,22.3758,96.9556,0.0628,hold,1,1500,VIDE,0.0,0.03,0.0,5.593196,-0.698132,0.0,1,0,7.081,18.993,0.0,0.03,0.0,5.4,2.0,0.5,0.05,0.8,0.1932,0.0,1
1418,2026-04-22T08:30:23.386Z,S20260422_092846,SC01,AUTO,22.4442,97.024,0.0684,hold,1,1500,VIDE,0.0,0.03,0.0,5.59396,-0.698132,-0.0,1,0,22.492,20.484,0.0,0.03,0.0,5.4,2.0,0.5,0.05,0.8,0.19396,0.0,1
1419,2026-04-22T08:30:23.446Z,S20260422_092846,SC01,AUTO,22.5048,97.0845,0.0605,hold,1,1500,VIDE,0.0,0.03,0.0,5.59425,-0.698132,-0.0,1,0,15.794,18.49,0.0,0.03,0.0,5.4,2.0,0.5,0.05,0.8,0.19425,0.0,1
1420,2026-04-22T08:30:23.506Z,S20260422_092846,SC01,AUTO,22.5646,97.1443,0.0598,hold,1,1500,VIDE,0.0,0.03,0.0,5.594157,-0.698132,0.0,1,0,14.711,18.956,0.0,0.03,0.0,5.4,2.0,0.5,0.05,0.8,0.19416,0.0,1
1421,2026-04-22T08:30:23.567Z,S20260422_092846,SC01,AUTO,22.6257,97.2055,0.0612,hold,1,1500,VIDE,0.0,0.03,0.0,5.593774,-0.698132,-0.0,1,0,17.354,19.235,0.0,0.03,0.0,5.4,2.0,0.5,0.05,0.8,0.19377,0.0,1
1422,2026-04-22T08:30:23.630Z,S20260422_092846,SC01,AUTO,22.6889,97.2686,0.0632,hold,1,1500,VIDE,0.0,0.03,0.0,5.592776,-0.698132,0.0,1,0,21.138,19.224,0.0,0.03,0.0,5.4,2.0,0.5,0.05,0.8,0.19278,0.0,1
1423,2026-04-22T08:30:23.694Z,S20260422_092846,SC01,AUTO,22.7524,97.3322,0.0636,hold,1,1500,VIDE,0.0,0.03,0.0,5.5919,-0.698132,-0.0,1,0,19.125,20.342,0.0,0.03,0.0,5.4,2.0,0.5,0.05,0.8,0.1919,0.0,1
1424,2026-04-22T08:30:23.759Z,S20260422_092846,SC01,AUTO,22.8173,97.397,0.0648,hold,1,1500,VIDE,0.0,0.03,0.0,5.590901,-0.698132,0.0,1,0,17.096,19.878,0.0,0.03,0.0,5.4,2.0,0.5,0.05,0.8,0.1909,0.0,1
1425,2026-04-22T08:30:23.817Z,S20260422_092846,SC01,AUTO,22.8757,97.4554,0.0584,hold,1,1500,VIDE,0.0,0.03,0.0,5.5898,-0.698132,0.0,1,0,11.611,18.778,0.0,0.03,0.0,5.4,2.0,0.5,0.05,0.8,0.1898,0.0,1
1426,2026-04-22T08:30:23.883Z,S20260422_092846,SC01,AUTO,22.9412,97.5209,0.0655,hold,1,1500,VIDE,0.0,0.03,0.0,5.58801,-0.698132,-0.0,1,0,14.518,18.697,0.0,0.03,0.0,5.4,2.0,0.5,0.05,0.8,0.18801,0.0,1
1427,2026-04-22T08:30:23.946Z,S20260422_092846,SC01,AUTO,23.0041,97.5838,0.0629,hold,1,1500,VIDE,0.0,0.03,0.0,5.586747,-0.698132,0.0,1,0,10.37,19.68,0.0,0.03,0.0,5.4,2.0,0.5,0.05,0.8,0.18675,0.0,1
1428,2026-04-22T08:30:24.005Z,S20260422_092846,SC01,AUTO,23.0637,97.6434,0.0596,hold,1,1500,VIDE,0.0,0.03,0.0,5.585442,-0.698132,-0.0,1,0,5.609,19.74,0.0,0.03,0.0,5.4,2.0,0.5,0.05,0.8,0.18544,0.0,1
1429,2026-04-22T08:30:24.074Z,S20260422_092846,SC01,AUTO,23.1321,97.7119,0.0684,hold,1,1500,VIDE,0.0,0.03,0.0,5.584104,-0.698132,0.0,1,0,22.013,20.045,0.0,0.03,0.0,5.4,2.0,0.5,0.05,0.8,0.1841,0.0,1
1430,2026-04-22T08:30:24.133Z,S20260422_092846,SC01,AUTO,23.1913,97.7711,0.0592,hold,1,1500,VIDE,0.0,0.03,0.0,5.582049,-0.698132,0.0,1,0,26.233,19.172,0.0,0.03,0.0,5.4,2.0,0.5,0.05,0.8,0.18205,0.0,1
1431,2026-04-22T08:30:24.199Z,S20260422_092846,SC01,AUTO,23.2573,97.8371,0.066,hold,1,1500,VIDE,0.0,0.03,0.0,5.580656,-0.698132,-0.0,1,0,20.233,19.873,0.0,0.03,0.0,5.4,2.0,0.5,0.05,0.8,0.18066,0.0,1
1432,2026-04-22T08:30:24.254Z,S20260422_092846,SC01,AUTO,23.3126,97.8923,0.0553,hold,1,1500,VIDE,0.0,0.03,0.0,5.579249,-0.698132,0.0,1,0,14.761,19.659,0.0,0.03,0.0,5.4,2.0,0.5,0.05,0.8,0.17925,0.0,1
1433,2026-04-22T08:30:24.318Z,S20260422_092846,SC01,AUTO,23.3769,97.9566,0.0642,hold,1,1500,VIDE,0.0,0.03,0.0,5.577832,-0.698132,-0.0,1,0,14.47,19.508,0.0,0.03,0.0,5.4,2.0,0.5,0.05,0.8,0.17783,0.0,1
1434,2026-04-22T08:30:24.391Z,S20260422_092846,SC01,AUTO,23.4495,98.0292,0.0727,hold,1,1500,VIDE,0.0,0.03,0.0,5.57569,-0.698132,-0.0,1,0,21.746,17.961,0.0,0.03,0.0,5.4,2.0,0.5,0.05,0.8,0.17569,0.0,1
1435,2026-04-22T08:30:24.446Z,S20260422_092846,SC01,AUTO,23.5044,98.0841,0.0549,hold,1,1500,VIDE,0.0,0.03,0.0,5.574255,-0.698132,0.0,1,0,11.926,19.359,0.0,0.03,0.0,5.4,2.0,0.5,0.05,0.8,0.17425,0.0,1
1436,2026-04-22T08:30:24.506Z,S20260422_092846,SC01,AUTO,23.5642,98.1439,0.0598,hold,1,1500,VIDE,0.0,0.03,0.0,5.572814,-0.698132,-0.0,1,0,26.878,18.628,0.0,0.03,0.0,5.4,2.0,0.5,0.05,0.8,0.17281,0.0,1
1437,2026-04-22T08:30:24.575Z,S20260422_092846,SC01,AUTO,23.6334,98.2131,0.0691,hold,1,1500,VIDE,0.0,0.03,0.0,5.571371,-0.698132,0.0,1,0,24.717,19.648,0.0,0.03,0.0,5.4,2.0,0.5,0.05,0.8,0.17137,0.0,1
1438,2026-04-22T08:30:24.629Z,S20260422_092846,SC01,AUTO,23.6881,98.2678,0.0548,hold,1,1500,VIDE,0.0,0.03,0.0,5.569925,-0.698132,-0.0,1,0,22.972,18.879,0.0,0.03,0.0,5.4,2.0,0.5,0.05,0.8,0.16993,0.0,1
1439,2026-04-22T08:30:24.699Z,S20260422_092846,SC01,AUTO,23.758,98.3377,0.07,hold,1,1500,VIDE,0.0,0.03,0.0,5.567752,-0.698132,-0.0,1,0,25.44,19.707,0.0,0.03,0.0,5.4,2.0,0.5,0.05,0.8,0.16775,0.0,1
1440,2026-04-22T08:30:24.761Z,S20260422_092846,SC01,AUTO,23.82,98.3997,0.062,hold,1,1500,VIDE,0.0,0.03,0.0,5.566302,-0.698132,0.0,1,0,23.884,19.586,0.0,0.03,0.0,5.4,2.0,0.5,0.05,0.8,0.1663,0.0,1
1441,2026-04-22T08:30:24.824Z,S20260422_092846,SC01,AUTO,23.8827,98.4624,0.0627,hold,1,1500,VIDE,0.0,0.03,0.0,5.564851,-0.698132,-0.0,1,0,16.2,15.274,0.0,0.03,0.0,5.4,2.0,0.5,0.05,0.8,0.16485,0.0,1
1442,2026-04-22T08:30:24.882Z,S20260422_092846,SC01,AUTO,23.9407,98.5205,0.058,hold,1,1500,VIDE,0.0,0.03,0.0,5.563399,-0.698132,0.0,1,0,26.709,19.265,0.0,0.03,0.0,5.4,2.0,0.5,0.05,0.8,0.1634,0.0,1
1443,2026-04-22T08:30:24.942Z,S20260422_092846,SC01,AUTO,24.0008,98.5805,0.06,hold,1,1500,VIDE,0.0,0.03,0.0,5.561947,-0.698132,-0.0,1,0,17.92,17.607,0.0,0.03,0.0,5.4,2.0,0.5,0.05,0.8,0.16195,0.0,1
1444,2026-04-22T08:30:25.006Z,S20260422_092846,SC01,AUTO,24.0644,98.6442,0.0637,hold,1,1500,VIDE,0.0,0.03,0.0,5.560494,-0.698132,0.0,1,0,17.807,16.039,0.0,0.03,0.0,5.4,2.0,0.5,0.05,0.8,0.16049,0.0,1
1445,2026-04-22T08:30:25.070Z,S20260422_092846,SC01,AUTO,24.1287,98.7085,0.0643,hold,1,1500,VIDE,0.0,0.03,0.0,5.558315,-0.698132,0.0,1,0,16.234,19.353,0.0,0.03,0.0,5.4,2.0,0.5,0.05,0.8,0.15831,0.0,1
1446,2026-04-22T08:30:25.132Z,S20260422_092846,SC01,AUTO,24.191,98.7707,0.0622,hold,1,1500,VIDE,0.0,0.03,0.0,5.556862,-0.698132,-0.0,1,0,9.814,19.862,0.0,0.03,0.0,5.4,2.0,0.5,0.05,0.8,0.15686,0.0,1
1447,2026-04-22T08:30:25.199Z,S20260422_092846,SC01,AUTO,24.2576,98.8374,0.0666,hold,1,1500,VIDE,0.0,0.03,0.0,5.554682,-0.698132,-0.0,1,0,11.115,19.352,0.0,0.03,0.0,5.4,2.0,0.5,0.05,0.8,0.15468,0.0,1
1448,2026-04-22T08:30:25.262Z,S20260422_092846,SC01,AUTO,24.3201,98.8998,0.0625,hold,1,1500,VIDE,0.0,0.03,0.0,5.553229,-0.698132,0.0,1,0,28.633,20.559,0.0,0.03,0.0,5.4,2.0,0.5,0.05,0.8,0.15323,0.0,1
1449,2026-04-22T08:30:25.317Z,S20260422_092846,SC01,AUTO,24.3757,98.9555,0.0556,hold,1,1500,VIDE,0.0,0.03,0.0,5.551776,-0.698132,-0.0,1,0,24.33,17.993,0.0,0.03,0.0,5.4,2.0,0.5,0.05,0.8,0.15178,0.0,1
1450,2026-04-22T08:30:25.395Z,S20260422_092846,SC01,AUTO,24.4536,99.0333,0.0779,hold,1,1500,VIDE,0.0,0.03,0.0,5.549598,-0.698132,0.0,1,0,24.697,19.865,0.0,0.03,0.0,5.4,2.0,0.5,0.05,0.8,0.1496,0.0,1
1451,2026-04-22T08:30:25.445Z,S20260422_092846,SC01,AUTO,24.5039,99.0836,0.0503,hold,1,1500,VIDE,0.0,0.03,0.0,5.548145,-0.698132,-0.0,1,0,17.03,19.885,0.0,0.03,0.0,5.4,2.0,0.5,0.05,0.8,0.14815,0.0,1
1452,2026-04-22T08:30:25.506Z,S20260422_092846,SC01,AUTO,24.5645,99.1443,0.0607,hold,1,1500,VIDE,0.0,0.03,0.0,5.546693,-0.698132,0.0,1,0,15.115,18.776,0.0,0.03,0.0,5.4,2.0,0.5,0.05,0.8,0.14669,0.0,1
1453,2026-04-22T08:30:25.567Z,S20260422_092846,SC01,AUTO,24.6254,99.2051,0.0609,hold,1,1500,VIDE,0.0,0.03,0.0,5.545241,-0.698132,-0.0,1,0,17.703,19.524,0.0,0.03,0.0,5.4,2.0,0.5,0.05,0.8,0.14524,0.0,1
1454,2026-04-22T08:30:25.630Z,S20260422_092846,SC01,AUTO,24.689,99.2688,0.0636,hold,1,1500,VIDE,0.0,0.03,0.0,5.54379,-0.698132,-0.0,1,0,16.172,19.696,0.0,0.03,0.0,5.4,2.0,0.5,0.05,0.8,0.14379,0.0,1
1455,2026-04-22T08:30:25.695Z,S20260422_092846,SC01,AUTO,24.7535,99.3332,0.0644,hold,1,1500,VIDE,0.0,0.03,0.0,5.542338,-0.698132,0.0,1,0,12.318,19.309,0.0,0.03,0.0,5.4,2.0,0.5,0.05,0.8,0.14234,0.0,1
1456,2026-04-22T08:30:25.759Z,S20260422_092846,SC01,AUTO,24.8173,99.397,0.0638,hold,1,1500,VIDE,0.0,0.03,0.0,5.540887,-0.698132,-0.0,1,0,10.749,20.918,0.0,0.03,0.0,5.4,2.0,0.5,0.05,0.8,0.14089,0.0,1
1457,2026-04-22T08:30:25.817Z,S20260422_092846,SC01,AUTO,24.8752,99.455,0.058,hold,1,1500,VIDE,0.0,0.03,0.0,5.539436,-0.698132,0.0,1,0,7.428,19.785,0.0,0.03,0.0,5.4,2.0,0.5,0.05,0.8,0.13944,0.0,1
1458,2026-04-22T08:30:25.880Z,S20260422_092846,SC01,AUTO,24.9382,99.5179,0.063,hold,1,1500,VIDE,0.0,0.03,0.0,5.537985,-0.698132,-0.0,1,0,25.9,19.485,0.0,0.03,0.0,5.4,2.0,0.5,0.05,0.8,0.13799,0.0,1
1459,2026-04-22T08:30:25.945Z,S20260422_092846,SC01,AUTO,25.0037,99.5834,0.0655,hold,1,1500,VIDE,0.0,0.03,0.0,5.53581,-0.698132,-0.0,1,0,12.652,20.505,0.0,0.03,0.0,5.4,2.0,0.5,0.05,0.8,0.13581,0.0,1
1460,2026-04-22T08:30:26.006Z,S20260422_092846,SC01,AUTO,25.0642,99.644,0.0606,hold,1,1500,VIDE,0.0,0.03,0.0,5.53436,-0.698132,0.0,1,0,11.996,19.561,0.0,0.03,0.0,5.4,2.0,0.5,0.05,0.8,0.13436,0.0,1
1461,2026-04-22T08:30:26.071Z,S20260422_092846,SC01,AUTO,25.1293,99.709,0.065,hold,1,1500,VIDE,0.0,0.03,0.0,5.53291,-0.698132,-0.0,1,0,27.658,19.574,0.0,0.03,0.0,5.4,2.0,0.5,0.05,0.8,0.13291,0.0,1
1462,2026-04-22T08:30:26.133Z,S20260422_092846,SC01,AUTO,25.1917,99.7714,0.0625,hold,1,1500,VIDE,0.0,0.03,0.0,5.531461,-0.698132,0.0,1,0,26.457,20.623,0.0,0.03,0.0,5.4,2.0,0.5,0.05,0.8,0.13146,0.0,1
1463,2026-04-22T08:30:26.194Z,S20260422_092846,SC01,AUTO,25.2525,99.8322,0.0608,hold,1,1500,VIDE,0.0,0.03,0.0,5.530012,-0.698132,-0.0,1,0,20.839,19.73,0.0,0.03,0.0,5.4,2.0,0.5,0.05,0.8,0.13001,0.0,1
1464,2026-04-22T08:30:26.255Z,S20260422_092846,SC01,AUTO,25.3137,99.8934,0.0612,hold,1,1500,VIDE,0.0,0.03,0.0,5.528563,-0.698132,0.0,1,0,25.449,19.426,0.0,0.03,0.0,5.4,2.0,0.5,0.05,0.8,0.12856,0.0,1
1465,2026-04-22T08:30:26.319Z,S20260422_092846,SC01,AUTO,25.3773,99.957,0.0636,hold,1,1500,VIDE,0.0,0.03,0.0,5.52639,-0.698132,0.0,1,0,26.648,19.094,0.0,0.03,0.0,5.4,2.0,0.5,0.05,0.8,0.12639,0.0,1
1466,2026-04-22T08:30:26.387Z,S20260422_092846,SC01,AUTO,25.4454,100.0251,0.068,hold,1,1500,VIDE,0.0,0.03,0.0,5.524941,-0.698132,-0.0,1,0,23.953,19.618,0.0,0.03,0.0,5.4,2.0,0.5,0.05,0.8,0.12494,0.0,1
1467,2026-04-22T08:30:26.446Z,S20260422_092846,SC01,AUTO,25.5046,100.0843,0.0592,hold,1,1500,VIDE,0.0,0.03,0.0,5.523494,-0.698132,0.0,1,0,18.867,17.077,0.0,0.03,0.0,5.4,2.0,0.5,0.05,0.8,0.12349,0.0,1
1468,2026-04-22T08:30:26.506Z,S20260422_092846,SC01,AUTO,25.5641,100.1439,0.0596,hold,1,1500,VIDE,0.0,0.03,0.0,5.521322,-0.698132,-0.0,1,0,19.169,19.995,0.0,0.03,0.0,5.4,2.0,0.5,0.05,0.8,0.12132,0.0,1
1469,2026-04-22T08:30:26.567Z,S20260422_092846,SC01,AUTO,25.6253,100.2051,0.0612,hold,1,1500,VIDE,0.0,0.03,0.0,5.519875,-0.698132,-0.0,1,0,15.108,19.72,0.0,0.03,0.0,5.4,2.0,0.5,0.05,0.8,0.11987,0.0,1
1470,2026-04-22T08:30:26.635Z,S20260422_092846,SC01,AUTO,25.6936,100.2733,0.0682,hold,1,1500,VIDE,0.0,0.03,0.0,5.518428,-0.698132,0.0,1,0,7.651,20.028,0.0,0.03,0.0,5.4,2.0,0.5,0.05,0.8,0.11843,0.0,1
1471,2026-04-22T08:30:26.700Z,S20260422_092846,SC01,AUTO,25.7582,100.338,0.0647,hold,1,1500,VIDE,0.0,0.03,0.0,5.516981,-0.698132,-0.0,1,0,15.624,18.822,0.0,0.03,0.0,5.4,2.0,0.5,0.05,0.8,0.11698,0.0,1
1472,2026-04-22T08:30:26.760Z,S20260422_092846,SC01,AUTO,25.8188,100.3986,0.0606,hold,1,1500,VIDE,0.0,0.03,0.0,5.515294,-0.698132,0.0,1,0,33.241,6.755,0.0,0.03,0.0,5.4,2.0,0.5,0.05,0.8,0.11529,0.0,1
1473,2026-04-22T08:30:26.827Z,S20260422_092846,SC01,AUTO,25.8852,100.465,0.0664,hold,1,1500,VIDE,0.0,0.03,0.0,5.513365,-0.698132,0.0,1,0,8.554,19.936,0.0,0.03,0.0,5.4,2.0,0.5,0.05,0.8,0.11337,0.0,1
1474,2026-04-22T08:30:26.879Z,S20260422_092846,SC01,AUTO,25.9375,100.5173,0.0522,hold,1,1500,VIDE,0.0,0.03,0.0,5.511919,-0.698132,-0.0,1,0,23.779,20.018,0.0,0.03,0.0,5.4,2.0,0.5,0.05,0.8,0.11192,0.0,1
1475,2026-04-22T08:30:26.943Z,S20260422_092846,SC01,AUTO,26.002,100.5817,0.0644,hold,1,1500,VIDE,0.0,0.03,0.0,5.510474,-0.698132,0.0,1,0,19.061,19.417,0.0,0.03,0.0,5.4,2.0,0.5,0.05,0.8,0.11047,0.0,1
1476,2026-04-22T08:30:27.005Z,S20260422_092846,SC01,AUTO,26.0639,100.6436,0.062,hold,1,1500,VIDE,0.0,0.03,0.0,5.508306,-0.698132,-0.0,1,0,19.129,20.082,0.0,0.03,0.0,5.4,2.0,0.5,0.05,0.8,0.10831,0.0,1
1477,2026-04-22T08:30:27.070Z,S20260422_092846,SC01,AUTO,26.1287,100.7084,0.0648,hold,1,1500,VIDE,0.0,0.03,0.0,5.506861,-0.698132,0.0,1,0,11.071,19.608,0.0,0.03,0.0,5.4,2.0,0.5,0.05,0.8,0.10686,0.0,1
1478,2026-04-22T08:30:27.133Z,S20260422_092846,SC01,AUTO,26.1919,100.7716,0.0632,hold,1,1500,VIDE,0.0,0.03,0.0,5.505416,-0.698132,-0.0,1,0,8.905,19.54,0.0,0.03,0.0,5.4,2.0,0.5,0.05,0.8,0.10542,0.0,1
1479,2026-04-22T08:30:27.198Z,S20260422_092846,SC01,AUTO,26.2569,100.8366,0.065,hold,1,1500,VIDE,0.0,0.03,0.0,5.50325,-0.698132,-0.0,1,0,8.664,19.788,0.0,0.03,0.0,5.4,2.0,0.5,0.05,0.8,0.10325,0.0,1
1480,2026-04-22T08:30:27.262Z,S20260422_092846,SC01,AUTO,26.3211,100.9008,0.0641,hold,1,1500,VIDE,0.0,0.03,0.0,5.501806,-0.698132,0.0,1,0,4.538,20.178,0.0,0.03,0.0,5.4,2.0,0.5,0.05,0.8,0.10181,0.0,1
1481,2026-04-22T08:30:27.326Z,S20260422_092846,SC01,AUTO,26.3848,100.9645,0.0637,hold,1,1500,VIDE,0.0,0.03,0.0,5.500362,-0.698132,-0.0,1,0,21.614,15.018,0.0,0.03,0.0,5.4,2.0,0.5,0.05,0.8,0.10036,0.0,1
1482,2026-04-22T08:30:27.389Z,S20260422_092846,SC01,AUTO,26.4474,101.0271,0.0626,hold,1,1500,VIDE,0.0,0.03,0.0,5.498198,-0.698132,-0.0,1,0,20.404,19.062,0.0,0.03,0.0,5.4,2.0,0.5,0.05,0.8,0.0982,0.0,1
1483,2026-04-22T08:30:27.445Z,S20260422_092846,SC01,AUTO,26.5036,101.0834,0.0563,hold,1,1500,VIDE,0.0,0.03,0.0,5.496754,-0.698132,0.0,1,0,15.989,19.247,0.0,0.03,0.0,5.4,2.0,0.5,0.05,0.8,0.09675,0.0,1
1484,2026-04-22T08:30:27.505Z,S20260422_092846,SC01,AUTO,26.5634,101.1432,0.0598,hold,1,1500,VIDE,0.0,0.03,0.0,5.495312,-0.698132,-0.0,1,0,7.52,19.887,0.0,0.03,0.0,5.4,2.0,0.5,0.05,0.8,0.09531,0.0,1
1485,2026-04-22T08:30:27.573Z,S20260422_092846,SC01,AUTO,26.6319,101.2116,0.0684,hold,1,1500,VIDE,0.0,0.03,0.0,5.493869,-0.698132,0.0,1,0,24.817,20.146,0.0,0.03,0.0,5.4,2.0,0.5,0.05,0.8,0.09387,0.0,1
1486,2026-04-22T08:30:27.630Z,S20260422_092846,SC01,AUTO,26.6888,101.2685,0.0569,hold,1,1500,VIDE,0.0,0.03,0.0,5.491946,-0.698132,-0.0,1,0,24.72,0.731,0.0,0.03,0.0,5.4,2.0,0.5,0.05,0.8,0.09195,0.0,1
1487,2026-04-22T08:30:27.694Z,S20260422_092846,SC01,AUTO,26.7528,101.3325,0.064,hold,1,1500,VIDE,0.0,0.03,0.0,5.490264,-0.698132,0.0,1,0,18.942,19.463,0.0,0.03,0.0,5.4,2.0,0.5,0.05,0.8,0.09026,0.0,1
1488,2026-04-22T08:30:27.758Z,S20260422_092846,SC01,AUTO,26.8168,101.3966,0.064,hold,1,1500,VIDE,0.0,0.03,0.0,5.488822,-0.698132,-0.0,1,0,13.531,19.025,0.0,0.03,0.0,5.4,2.0,0.5,0.05,0.8,0.08882,0.0,1
1489,2026-04-22T08:30:27.818Z,S20260422_092846,SC01,AUTO,26.8764,101.4561,0.0596,hold,1,1500,VIDE,0.0,0.03,0.0,5.487381,-0.698132,0.0,1,0,5.941,19.839,0.0,0.03,0.0,5.4,2.0,0.5,0.05,0.8,0.08738,0.0,1
1490,2026-04-22T08:30:27.882Z,S20260422_092846,SC01,AUTO,26.9406,101.5203,0.0642,hold,1,1500,VIDE,0.0,0.03,0.0,5.48522,-0.698132,-0.0,1,0,7.396,19.182,0.0,0.03,0.0,5.4,2.0,0.5,0.05,0.8,0.08522,0.0,1
1491,2026-04-22T08:30:27.946Z,S20260422_092846,SC01,AUTO,27.0047,101.5845,0.0641,hold,1,1500,VIDE,0.0,0.03,0.0,5.483779,-0.698132,0.0,1,0,23.595,18.279,0.0,0.03,0.0,5.4,2.0,0.5,0.05,0.8,0.08378,0.0,1
1492,2026-04-22T08:30:28.006Z,S20260422_092846,SC01,AUTO,27.0646,101.6444,0.0599,hold,1,1500,VIDE,0.0,0.03,0.0,5.482339,-0.698132,-0.0,1,0,22.586,19.874,0.0,0.03,0.0,5.4,2.0,0.5,0.05,0.8,0.08234,0.0,1
1493,2026-04-22T08:30:28.067Z,S20260422_092846,SC01,AUTO,27.1255,101.7053,0.0609,hold,1,1500,VIDE,0.0,0.03,0.0,5.480899,-0.698132,0.0,1,0,16.747,19.779,0.0,0.03,0.0,5.4,2.0,0.5,0.05,0.8,0.0809,0.0,1
1494,2026-04-22T08:30:28.131Z,S20260422_092846,SC01,AUTO,27.1899,101.7696,0.0644,hold,1,1500,VIDE,0.0,0.03,0.0,5.478739,-0.698132,0.0,1,0,23.264,19.66,0.0,0.03,0.0,5.4,2.0,0.5,0.05,0.8,0.07874,0.0,1
1495,2026-04-22T08:30:28.200Z,S20260422_092846,SC01,AUTO,27.2585,101.8382,0.0686,hold,1,1500,VIDE,0.0,0.03,0.0,5.4773,-0.698132,-0.0,1,0,18.876,19.548,0.0,0.03,0.0,5.4,2.0,0.5,0.05,0.8,0.0773,0.0,1
1496,2026-04-22T08:30:28.254Z,S20260422_092846,SC01,AUTO,27.313,101.8927,0.0545,hold,1,1500,VIDE,0.0,0.03,0.0,5.475861,-0.698132,0.0,1,0,14.645,18.682,0.0,0.03,0.0,5.4,2.0,0.5,0.05,0.8,0.07586,0.0,1
1497,2026-04-22T08:30:28.319Z,S20260422_092846,SC01,AUTO,27.3774,101.9572,0.0644,hold,1,1500,VIDE,0.0,0.03,0.0,5.474422,-0.698132,-0.0,1,0,10.258,19.771,0.0,0.03,0.0,5.4,2.0,0.5,0.05,0.8,0.07442,0.0,1
1498,2026-04-22T08:30:28.383Z,S20260422_092846,SC01,AUTO,27.442,102.0217,0.0646,hold,1,1500,VIDE,0.0,0.03,0.0,5.472264,-0.698132,-0.0,1,0,14.062,19.607,0.0,0.03,0.0,5.4,2.0,0.5,0.05,0.8,0.07226,0.0,1
1499,2026-04-22T08:30:28.445Z,S20260422_092846,SC01,AUTO,27.5039,102.0836,0.0619,hold,1,1500,VIDE,0.0,0.03,0.0,5.470826,-0.698132,0.0,1,0,10.224,19.896,0.0,0.03,0.0,5.4,2.0,0.5,0.05,0.8,0.07083,0.0,1
1500,2026-04-22T08:30:28.506Z,S20260422_092846,SC01,AUTO,27.5646,102.1444,0.0607,hold,1,1500,VIDE,0.0,0.03,0.0,5.469388,-0.698132,-0.0,1,0,23.516,19.988,0.0,0.03,0.0,5.4,2.0,0.5,0.05,0.8,0.06939,0.0,1
1501,2026-04-22T08:30:28.574Z,S20260422_092846,SC01,AUTO,27.6328,102.2126,0.0682,hold,1,1500,VIDE,0.0,0.03,0.0,5.46795,-0.698132,0.0,1,0,34.234,19.732,0.0,0.03,0.0,5.4,2.0,0.5,0.05,0.8,0.06795,0.0,1
1502,2026-04-22T08:30:28.633Z,S20260422_092846,SC01,AUTO,27.6915,102.2713,0.0587,hold,1,1500,VIDE,0.0,0.03,0.0,5.466513,-0.698132,-0.0,1,0,22.46,20.065,0.0,0.03,0.0,5.4,2.0,0.5,0.05,0.8,0.06651,0.0,1
1503,2026-04-22T08:30:28.698Z,S20260422_092846,SC01,AUTO,27.7568,102.3366,0.0653,hold,1,1500,VIDE,0.0,0.03,0.0,5.464357,-0.698132,-0.0,1,0,25.726,18.859,0.0,0.03,0.0,5.4,2.0,0.5,0.05,0.8,0.06436,0.0,1
1504,2026-04-22T08:30:28.764Z,S20260422_092846,SC01,AUTO,27.8227,102.4025,0.0659,hold,1,1500,VIDE,0.0,0.03,0.0,5.462921,-0.698132,0.0,1,0,23.711,19.246,0.0,0.03,0.0,5.4,2.0,0.5,0.05,0.8,0.06292,0.0,1
1505,2026-04-22T08:30:28.826Z,S20260422_092846,SC01,AUTO,27.8849,102.4647,0.0621,hold,1,1500,VIDE,0.0,0.03,0.0,5.461484,-0.698132,-0.0,1,0,19.763,13.364,0.0,0.03,0.0,5.4,2.0,0.5,0.05,0.8,0.06148,0.0,1
1506,2026-04-22T08:30:28.883Z,S20260422_092846,SC01,AUTO,27.9414,102.5211,0.0566,hold,1,1500,VIDE,0.0,0.03,0.0,5.460048,-0.698132,0.0,1,0,16.309,19.654,0.0,0.03,0.0,5.4,2.0,0.5,0.05,0.8,0.06005,0.0,1
1507,2026-04-22T08:30:28.942Z,S20260422_092846,SC01,AUTO,28.0009,102.5806,0.0595,hold,1,1500,VIDE,0.0,0.03,0.0,5.458612,-0.698132,0.0,1,0,14.669,15.902,0.0,0.03,0.0,5.4,2.0,0.5,0.05,0.8,0.05861,0.0,1
1508,2026-04-22T08:30:29.005Z,S20260422_092846,SC01,AUTO,28.0638,102.6436,0.063,hold,1,1500,VIDE,0.0,0.03,0.0,5.456459,-0.698132,-0.0,1,0,19.277,19.922,0.0,0.03,0.0,5.4,2.0,0.5,0.05,0.8,0.05646,0.0,1
1509,2026-04-22T08:30:29.070Z,S20260422_092846,SC01,AUTO,28.1289,102.7086,0.065,hold,1,1500,VIDE,0.0,0.03,0.0,5.455023,-0.698132,0.0,1,0,15.124,19.708,0.0,0.03,0.0,5.4,2.0,0.5,0.05,0.8,0.05502,0.0,1
1510,2026-04-22T08:30:29.132Z,S20260422_092846,SC01,AUTO,28.1905,102.7703,0.0616,hold,1,1500,VIDE,0.0,0.03,0.0,5.453588,-0.698132,-0.0,1,0,12.575,19.085,0.0,0.03,0.0,5.4,2.0,0.5,0.05,0.8,0.05359,0.0,1
1511,2026-04-22T08:30:29.199Z,S20260422_092846,SC01,AUTO,28.2572,102.8369,0.0666,hold,1,1500,VIDE,0.0,0.03,0.0,5.452153,-0.698132,0.0,1,0,11.837,19.045,0.0,0.03,0.0,5.4,2.0,0.5,0.05,0.8,0.05215,0.0,1
1512,2026-04-22T08:30:29.263Z,S20260422_092846,SC01,AUTO,28.3215,102.9012,0.0644,hold,1,1500,VIDE,0.0,0.03,0.0,5.450719,-0.698132,-0.0,1,0,11.004,20.352,0.0,0.03,0.0,5.4,2.0,0.5,0.05,0.8,0.05072,0.0,1
1513,2026-04-22T08:30:29.318Z,S20260422_092846,SC01,AUTO,28.3767,102.9565,0.0552,hold,1,1500,VIDE,0.0,0.03,0.0,5.449285,-0.698132,0.0,1,0,24.622,22.961,0.0,0.03,0.0,5.4,2.0,0.5,0.05,0.8,0.04928,0.0,1
1514,2026-04-22T08:30:29.384Z,S20260422_092846,SC01,AUTO,28.4427,103.0225,0.0661,hold,1,1500,VIDE,0.0,0.03,0.0,5.447134,-0.698132,0.0,1,0,15.187,20.247,0.0,0.03,0.0,5.4,2.0,0.5,0.05,0.8,0.04713,0.0,1
1515,2026-04-22T08:30:29.445Z,S20260422_092846,SC01,AUTO,28.5038,103.0835,0.061,hold,1,1500,VIDE,0.0,0.03,0.0,5.4457,-0.698132,-0.0,1,0,12.248,20.143,0.0,0.03,0.0,5.4,2.0,0.5,0.05,0.8,0.0457,0.0,1
1516,2026-04-22T08:30:29.505Z,S20260422_092846,SC01,AUTO,28.5635,103.1433,0.0598,hold,1,1500,VIDE,0.0,0.03,0.0,5.444267,-0.698132,0.0,1,0,7.718,19.833,0.0,0.03,0.0,5.4,2.0,0.5,0.05,0.8,0.04427,0.0,1
1517,2026-04-22T08:30:29.575Z,S20260422_092846,SC01,AUTO,28.634,103.2137,0.0704,hold,1,1500,VIDE,0.0,0.03,0.0,5.442834,-0.698132,-0.0,1,0,27.323,19.516,0.0,0.03,0.0,5.4,2.0,0.5,0.05,0.8,0.04283,0.0,1
1518,2026-04-22T08:30:29.631Z,S20260422_092846,SC01,AUTO,28.6893,103.269,0.0554,hold,1,1500,VIDE,0.0,0.03,0.0,5.441401,-0.698132,0.0,1,0,22.1,19.56,0.0,0.03,0.0,5.4,2.0,0.5,0.05,0.8,0.0414,0.0,1
1519,2026-04-22T08:30:29.695Z,S20260422_092846,SC01,AUTO,28.7534,103.3331,0.0641,hold,1,1500,VIDE,0.0,0.03,0.0,5.439969,-0.698132,-0.0,1,0,27.333,19.693,0.0,0.03,0.0,5.4,2.0,0.5,0.05,0.8,0.03997,0.0,1
1520,2026-04-22T08:30:29.758Z,S20260422_092846,SC01,AUTO,28.817,103.3968,0.0636,hold,1,1500,VIDE,0.0,0.03,0.0,5.438536,-0.698132,0.0,1,0,29.386,19.362,0.0,0.03,0.0,5.4,2.0,0.5,0.05,0.8,0.03854,0.0,1
1521,2026-04-22T08:30:29.822Z,S20260422_092846,SC01,AUTO,28.8806,103.4603,0.0636,hold,1,1500,VIDE,0.0,0.03,0.0,5.437104,-0.698132,0.0,1,0,18.141,19.787,0.0,0.03,0.0,5.4,2.0,0.5,0.05,0.8,0.0371,0.0,1
1522,2026-04-22T08:30:29.883Z,S20260422_092846,SC01,AUTO,28.9417,103.5214,0.0611,hold,1,1500,VIDE,0.0,0.03,0.0,5.435673,-0.698132,-0.0,1,0,17.664,16.591,0.0,0.03,0.0,5.4,2.0,0.5,0.05,0.8,0.03567,0.0,1
1523,2026-04-22T08:30:29.943Z,S20260422_092846,SC01,AUTO,29.0018,103.5815,0.0601,hold,1,1500,VIDE,0.0,0.03,0.0,5.434241,-0.698132,0.0,1,0,14.02,15.955,0.0,0.03,0.0,5.4,2.0,0.5,0.05,0.8,0.03424,0.0,1
1524,2026-04-22T08:30:30.006Z,S20260422_092846,SC01,AUTO,29.0642,103.644,0.0624,hold,1,1500,VIDE,0.0,0.03,0.0,5.432095,-0.698132,0.0,1,0,12.91,19.902,0.0,0.03,0.0,5.4,2.0,0.5,0.05,0.8,0.03209,0.0,1
1525,2026-04-22T08:30:30.074Z,S20260422_092846,SC01,AUTO,29.1327,103.7125,0.0685,hold,1,1500,VIDE,0.0,0.03,0.0,5.430664,-0.698132,-0.0,1,0,11.594,20.247,0.0,0.03,0.0,5.4,2.0,0.5,0.05,0.8,0.03066,0.0,1
1526,2026-04-22T08:30:30.133Z,S20260422_092846,SC01,AUTO,29.192,103.7717,0.0592,hold,1,1500,VIDE,0.0,0.03,0.0,5.429233,-0.698132,0.0,1,0,4.05,20.648,0.0,0.03,0.0,5.4,2.0,0.5,0.05,0.8,0.02923,0.0,1
1527,2026-04-22T08:30:30.197Z,S20260422_092846,SC01,AUTO,29.256,103.8357,0.064,hold,1,1500,VIDE,0.0,0.03,0.0,5.427088,-0.698132,-0.0,1,0,6.181,19.226,0.0,0.03,0.0,5.4,2.0,0.5,0.05,0.8,0.02709,0.0,1
1528,2026-04-22T08:30:30.254Z,S20260422_092846,SC01,AUTO,29.3126,103.8923,0.0566,hold,1,1500,VIDE,0.0,0.03,0.0,5.425658,-0.698132,-0.0,1,0,22.241,19.929,0.0,0.03,0.0,5.4,2.0,0.5,0.05,0.8,0.02566,0.0,1
1529,2026-04-22T08:30:30.318Z,S20260422_092846,SC01,AUTO,29.3769,103.9566,0.0643,hold,1,1500,VIDE,0.0,0.03,0.0,5.424229,-0.698132,0.0,1,0,19.426,19.712,0.0,0.03,0.0,5.4,2.0,0.5,0.05,0.8,0.02423,0.0,1
1530,2026-04-22T08:30:30.392Z,S20260422_092846,SC01,AUTO,29.4502,104.03,0.0733,hold,1,1500,VIDE,0.0,0.03,0.0,5.422084,-0.698132,-0.0,1,0,23.384,20.093,0.0,0.03,0.0,5.4,2.0,0.5,0.05,0.8,0.02208,0.0,1
1531,2026-04-22T08:30:30.445Z,S20260422_092846,SC01,AUTO,29.5038,104.0835,0.0535,hold,1,1500,VIDE,0.0,0.03,0.0,5.420656,-0.698132,0.0,1,0,14.708,19.508,0.0,0.03,0.0,5.4,2.0,0.5,0.05,0.8,0.02066,0.0,1
1532,2026-04-22T08:30:30.505Z,S20260422_092846,SC01,AUTO,29.5634,104.1432,0.0597,hold,1,1500,VIDE,0.0,0.03,0.0,5.419227,-0.698132,-0.0,1,0,9.23,19.865,0.0,0.03,0.0,5.4,2.0,0.5,0.05,0.8,0.01923,0.0,1
1533,2026-04-22T08:30:30.569Z,S20260422_092846,SC01,AUTO,29.6272,104.207,0.0637,hold,1,1500,VIDE,0.0,0.03,0.0,5.417799,-0.698132,0.0,1,0,24.633,20.298,0.0,0.03,0.0,5.4,2.0,0.5,0.05,0.8,0.0178,0.0,1
1534,2026-04-22T08:30:30.631Z,S20260422_092846,SC01,AUTO,29.6895,104.2692,0.0623,hold,1,1500,VIDE,0.0,0.03,0.0,5.41637,-0.698132,-0.0,1,0,21.416,19.99,0.0,0.03,0.0,5.4,2.0,0.5,0.05,0.8,0.01637,0.0,1
1535,2026-04-22T08:30:30.692Z,S20260422_092846,SC01,AUTO,29.751,104.3308,0.0615,hold,1,1500,VIDE,0.0,0.03,0.0,5.414228,-0.698132,-0.0,1,0,22.75,19.499,0.0,0.03,0.0,5.4,2.0,0.5,0.05,0.8,0.01423,0.0,1
1536,2026-04-22T08:30:30.766Z,S20260422_092846,SC01,AUTO,29.8241,104.4038,0.0731,hold,1,1500,VIDE,0.0,0.03,0.0,5.412801,-0.698132,0.0,1,0,18.171,18.978,0.0,0.03,0.0,5.4,2.0,0.5,0.05,0.8,0.0128,0.0,1
1537,2026-04-22T08:30:30.820Z,S20260422_092846,SC01,AUTO,29.879,104.4587,0.0549,hold,1,1500,VIDE,0.0,0.03,0.0,5.411374,-0.698132,-0.0,1,0,10.667,19.205,0.0,0.03,0.0,5.4,2.0,0.5,0.05,0.8,0.01137,0.0,1
1538,2026-04-22T08:30:30.879Z,S20260422_092846,SC01,AUTO,29.9372,104.5169,0.0582,hold,1,1500,VIDE,0.0,0.03,0.0,5.409234,-0.698132,0.0,1,0,12.421,19.503,0.0,0.03,0.0,5.4,2.0,0.5,0.05,0.8,0.00923,0.0,1
1539,2026-04-22T08:30:30.942Z,S20260422_092846,SC01,AUTO,30.0008,104.5805,0.0636,hold,1,1500,VIDE,0.0,0.03,0.0,5.407807,-0.698132,0.0,1,0,9.142,19.26,0.0,0.03,0.0,5.4,2.0,0.5,0.05,0.8,0.00781,0.0,1
1540,2026-04-22T08:30:31.006Z,S20260422_092846,SC01,AUTO,30.0646,104.6444,0.0637,hold,1,1500,VIDE,0.0,0.03,0.0,5.406381,-0.698132,-0.0,1,0,21.103,18.044,0.0,0.03,0.0,5.4,2.0,0.5,0.05,0.8,0.00638,0.0,1
1541,2026-04-22T08:30:31.067Z,S20260422_092846,SC01,AUTO,30.1258,104.7056,0.0613,hold,1,1500,VIDE,0.0,0.03,0.0,5.404954,-0.698132,0.0,1,0,16.597,19.133,0.0,0.03,0.0,5.4,2.0,0.5,0.05,0.8,0.00495,0.0,1
1542,2026-04-22T08:30:31.132Z,S20260422_092846,SC01,AUTO,30.1907,104.7705,0.0649,hold,1,1500,VIDE,0.0,0.03,0.0,5.402816,-0.698132,0.0,1,0,17.897,19.698,0.0,0.03,0.0,5.4,2.0,0.5,0.05,0.8,0.00282,0.0,1
1543,2026-04-22T08:30:31.198Z,S20260422_092846,SC01,AUTO,30.2566,104.8363,0.0658,hold,1,1500,VIDE,0.0,0.03,0.0,5.40139,-0.698132,-0.0,1,0,13.344,19.653,0.0,0.03,0.0,5.4,2.0,0.5,0.05,0.8,0.00139,0.0,1
1544,2026-04-22T08:30:31.255Z,S20260422_092846,SC01,AUTO,30.3133,104.893,0.0567,hold,1,1500,VIDE,0.0,0.03,0.0,5.399965,-0.698132,0.0,1,0,9.245,19.348,0.0,0.03,0.0,5.4,2.0,0.5,0.05,0.8,-3e-05,0.0,1
1545,2026-04-22T08:30:31.325Z,S20260422_092846,SC01,AUTO,30.384,104.9637,0.0707,hold,1,1500,VIDE,0.0,0.03,0.0,5.397828,-0.698132,0.0,1,0,9.542,18.964,0.0,0.03,0.0,5.4,2.0,0.5,0.05,0.8,-0.00217,0.0,1
1546,2026-04-22T08:30:31.380Z,S20260422_092846,SC01,AUTO,30.4383,105.0181,0.0544,hold,1,1500,VIDE,0.0,0.03,0.0,5.396403,-0.698132,-0.0,1,0,26.588,19.803,0.0,0.03,0.0,5.4,2.0,0.5,0.05,0.8,-0.0036,0.0,1
1547,2026-04-22T08:30:31.441Z,S20260422_092846,SC01,AUTO,30.5,105.0797,0.0616,hold,1,1500,VIDE,0.0,0.03,0.0,5.394979,-0.698132,0.0,1,0,18.913,19.474,0.0,0.03,0.0,5.4,2.0,0.5,0.05,0.8,-0.00502,0.0,1
1548,2026-04-22T08:30:31.505Z,S20260422_092846,SC01,AUTO,30.5634,105.1432,0.0634,hold,1,1500,VIDE,0.0,0.03,0.0,5.393555,-0.698132,-0.0,1,0,18.427,16.946,0.0,0.03,0.0,5.4,2.0,0.5,0.05,0.8,-0.00644,0.0,1
1549,2026-04-22T08:30:31.567Z,S20260422_092846,SC01,AUTO,30.6255,105.2052,0.0621,hold,1,1500,VIDE,0.0,0.03,0.0,5.391894,-0.698132,0.0,1,0,37.863,26.252,0.0,0.03,0.0,5.4,2.0,0.5,0.05,0.8,-0.00811,0.0,1
1550,2026-04-22T08:30:31.631Z,S20260422_092846,SC01,AUTO,30.6893,105.2691,0.0638,hold,1,1500,VIDE,0.0,0.03,0.0,5.389996,-0.698132,-0.0,1,0,16.668,18.601,0.0,0.03,0.0,5.4,2.0,0.5,0.05,0.8,-0.01,0.0,1
1551,2026-04-22T08:30:31.694Z,S20260422_092846,SC01,AUTO,30.7529,105.3326,0.0635,hold,1,1500,VIDE,0.0,0.03,0.0,5.388573,-0.698132,0.0,1,0,8.876,20.242,0.0,0.03,0.0,5.4,2.0,0.5,0.05,0.8,-0.01143,0.0,1
1552,2026-04-22T08:30:31.758Z,S20260422_092846,SC01,AUTO,30.8164,105.3962,0.0636,hold,1,1500,VIDE,0.0,0.03,0.0,5.38715,-0.698132,-0.0,1,0,11.883,20.051,0.0,0.03,0.0,5.4,2.0,0.5,0.05,0.8,-0.01285,0.0,1
1553,2026-04-22T08:30:31.822Z,S20260422_092846,SC01,AUTO,30.881,105.4607,0.0646,hold,1,1500,VIDE,0.0,0.03,0.0,5.385728,-0.698132,0.0,1,0,11.821,20.338,0.0,0.03,0.0,5.4,2.0,0.5,0.05,0.8,-0.01427,0.0,1
1554,2026-04-22T08:30:31.882Z,S20260422_092846,SC01,AUTO,30.941,105.5207,0.06,hold,1,1500,VIDE,0.0,0.03,0.0,5.384305,-0.698132,-0.0,1,0,27.435,22.622,0.0,0.03,0.0,5.4,2.0,0.5,0.05,0.8,-0.01569,0.0,1
1555,2026-04-22T08:30:31.945Z,S20260422_092846,SC01,AUTO,31.0037,105.5834,0.0627,hold,1,1500,VIDE,0.0,0.03,0.0,5.382884,-0.698132,-0.0,1,0,29.07,22.862,0.0,0.03,0.0,5.4,2.0,0.5,0.05,0.8,-0.01712,0.0,1
1556,2026-04-22T08:30:32.006Z,S20260422_092846,SC01,AUTO,31.0647,105.6445,0.061,hold,1,1500,VIDE,0.0,0.03,0.0,5.381462,-0.698132,0.0,1,0,14.424,19.459,0.0,0.03,0.0,5.4,2.0,0.5,0.05,0.8,-0.01854,0.0,1
1557,2026-04-22T08:30:32.067Z,S20260422_092846,SC01,AUTO,31.1255,105.7053,0.0608,hold,1,1500,VIDE,0.0,0.03,0.0,5.38004,-0.698132,-0.0,1,0,15.146,19.539,0.0,0.03,0.0,5.4,2.0,0.5,0.05,0.8,-0.01996,0.0,1
1558,2026-04-22T08:30:32.133Z,S20260422_092846,SC01,AUTO,31.1916,105.7713,0.0661,hold,1,1500,VIDE,0.0,0.03,0.0,5.378619,-0.698132,0.0,1,0,18.738,19.664,0.0,0.03,0.0,5.4,2.0,0.5,0.05,0.8,-0.02138,0.0,1
1559,2026-04-22T08:30:32.199Z,S20260422_092846,SC01,AUTO,31.2579,105.8376,0.0663,hold,1,1500,VIDE,0.0,0.03,0.0,5.377198,-0.698132,-0.0,1,0,22.437,20.423,0.0,0.03,0.0,5.4,2.0,0.5,0.05,0.8,-0.0228,0.0,1
1560,2026-04-22T08:30:32.254Z,S20260422_092846,SC01,AUTO,31.3128,105.8925,0.0548,hold,1,1500,VIDE,0.0,0.03,0.0,5.375777,-0.698132,0.0,1,0,25.625,19.87,0.0,0.03,0.0,5.4,2.0,0.5,0.05,0.8,-0.02422,0.0,1
1561,2026-04-22T08:30:32.319Z,S20260422_092846,SC01,AUTO,31.3774,105.9572,0.0647,hold,1,1500,VIDE,0.0,0.03,0.0,5.374357,-0.698132,0.0,1,0,27.85,18.463,0.0,0.03,0.0,5.4,2.0,0.5,0.05,0.8,-0.02564,0.0,1
1562,2026-04-22T08:30:32.387Z,S20260422_092846,SC01,AUTO,31.4458,106.0256,0.0685,hold,1,1500,VIDE,0.0,0.03,0.0,5.372226,-0.698132,-0.0,1,0,18.288,19.007,0.0,0.03,0.0,5.4,2.0,0.5,0.05,0.8,-0.02777,0.0,1
1563,2026-04-22T08:30:32.444Z,S20260422_092846,SC01,AUTO,31.5021,106.0818,0.0562,hold,1,1500,VIDE,0.0,0.03,0.0,5.371516,-0.698132,0.0,1,0,28.639,21.629,0.0,0.03,0.0,5.4,2.0,0.5,0.05,0.8,-0.02848,0.0,1
1564,2026-04-22T08:30:32.506Z,S20260422_092846,SC01,AUTO,31.5644,106.1442,0.0623,hold,1,1500,VIDE,0.0,0.03,0.0,5.370097,-0.698132,-0.0,1,0,28.08,22.899,0.0,0.03,0.0,5.4,2.0,0.5,0.05,0.8,-0.0299,0.0,1
1565,2026-04-22T08:30:32.568Z,S20260422_092846,SC01,AUTO,31.6265,106.2063,0.0622,hold,1,1500,VIDE,0.0,0.03,0.0,5.368677,-0.698132,0.0,1,0,17.692,18.942,0.0,0.03,0.0,5.4,2.0,0.5,0.05,0.8,-0.03132,0.0,1
1566,2026-04-22T08:30:32.633Z,S20260422_092846,SC01,AUTO,31.692,106.2717,0.0655,hold,1,1500,VIDE,0.0,0.03,0.0,5.367022,-0.698132,-0.0,1,0,46.23,28.839,0.0,0.03,0.0,5.4,2.0,0.5,0.05,0.8,-0.03298,0.0,1
1567,2026-04-22T08:30:32.692Z,S20260422_092846,SC01,AUTO,31.7508,106.3306,0.0588,hold,1,1500,VIDE,0.0,0.03,0.0,5.365839,-0.698132,-0.0,1,0,19.564,19.525,0.0,0.03,0.0,5.4,2.0,0.5,0.05,0.8,-0.03416,0.0,1
1568,2026-04-22T08:30:32.765Z,S20260422_092846,SC01,AUTO,31.8236,106.4033,0.0727,hold,1,1500,VIDE,0.0,0.03,0.0,5.363711,-0.698132,0.0,1,0,11.654,20.221,0.0,0.03,0.0,5.4,2.0,0.5,0.05,0.8,-0.03629,0.0,1
1569,2026-04-22T08:30:32.818Z,S20260422_092846,SC01,AUTO,31.8768,106.4565,0.0533,hold,1,1500,VIDE,0.0,0.03,0.0,5.363002,-0.698132,-0.0,1,0,22.521,19.804,0.0,0.03,0.0,5.4,2.0,0.5,0.05,0.8,-0.037,0.0,1
1570,2026-04-22T08:30:32.879Z,S20260422_092846,SC01,AUTO,31.9371,106.5169,0.0603,hold,1,1500,VIDE,0.0,0.03,0.0,5.361584,-0.698132,0.0,1,0,47.56,19.894,0.0,0.03,0.0,5.4,2.0,0.5,0.05,0.8,-0.03842,0.0,1
1571,2026-04-22T08:30:32.942Z,S20260422_092846,SC01,AUTO,32.0005,106.5803,0.0634,hold,1,1500,VIDE,0.0,0.03,0.0,5.360166,-0.698132,-0.0,1,0,9.026,20.197,0.0,0.03,0.0,5.4,2.0,0.5,0.05,0.8,-0.03983,0.0,1
1572,2026-04-22T08:30:33.006Z,S20260422_092846,SC01,AUTO,32.0641,106.6438,0.0635,hold,1,1500,VIDE,0.0,0.03,0.0,5.358748,-0.698132,0.0,1,0,27.256,17.443,0.0,0.03,0.0,5.4,2.0,0.5,0.05,0.8,-0.04125,0.0,1
1573,2026-04-22T08:30:33.070Z,S20260422_092846,SC01,AUTO,32.1288,106.7085,0.0647,hold,1,1500,VIDE,0.0,0.03,0.0,5.357331,-0.698132,-0.0,1,0,32.794,19.404,0.0,0.03,0.0,5.4,2.0,0.5,0.05,0.8,-0.04267,0.0,1
1574,2026-04-22T08:30:33.132Z,S20260422_092846,SC01,AUTO,32.1904,106.7702,0.0617,hold,1,1500,VIDE,0.0,0.03,0.0,5.355914,-0.698132,0.0,1,0,10.168,20.071,0.0,0.03,0.0,5.4,2.0,0.5,0.05,0.8,-0.04409,0.0,1
1575,2026-04-22T08:30:33.199Z,S20260422_092846,SC01,AUTO,32.2574,106.8371,0.0669,hold,1,1500,VIDE,0.0,0.03,0.0,5.354497,-0.698132,-0.0,1,0,14.192,19.829,0.0,0.03,0.0,5.4,2.0,0.5,0.05,0.8,-0.0455,0.0,1
1576,2026-04-22T08:30:33.262Z,S20260422_092846,SC01,AUTO,32.321,106.9007,0.0636,hold,1,1500,VIDE,0.0,0.03,0.0,5.35308,-0.698132,0.0,1,0,10.782,19.513,0.0,0.03,0.0,5.4,2.0,0.5,0.05,0.8,-0.04692,0.0,1
1577,2026-04-22T08:30:33.317Z,S20260422_092846,SC01,AUTO,32.3756,106.9554,0.0546,hold,1,1500,VIDE,0.0,0.03,0.0,5.351664,-0.698132,-0.0,1,0,26.298,21.283,0.0,0.03,0.0,5.4,2.0,0.5,0.05,0.8,-0.04834,0.0,1
1578,2026-04-22T08:30:33.382Z,S20260422_092846,SC01,AUTO,32.4409,107.0207,0.0653,hold,1,1500,VIDE,0.0,0.03,0.0,5.34954,-0.698132,-0.0,1,0,8.879,20.309,0.0,0.03,0.0,5.4,2.0,0.5,0.05,0.8,-0.05046,0.0,1
1579,2026-04-22T08:30:33.446Z,S20260422_092846,SC01,AUTO,32.5043,107.0841,0.0634,hold,1,1500,VIDE,0.0,0.03,0.0,5.348124,-0.698132,0.0,1,0,24.398,17.805,0.0,0.03,0.0,5.4,2.0,0.5,0.05,0.8,-0.05188,0.0,1
1580,2026-04-22T08:30:33.505Z,S20260422_092846,SC01,AUTO,32.564,107.1437,0.0597,hold,1,1500,VIDE,0.0,0.03,0.0,5.346709,-0.698132,-0.0,1,0,22.36,18.766,0.0,0.03,0.0,5.4,2.0,0.5,0.05,0.8,-0.05329,0.0,1
1581,2026-04-22T08:30:33.566Z,S20260422_092846,SC01,AUTO,32.6249,107.2047,0.061,hold,1,1500,VIDE,0.0,0.03,0.0,5.345294,-0.698132,0.0,1,0,17.121,19.419,0.0,0.03,0.0,5.4,2.0,0.5,0.05,0.8,-0.05471,0.0,1
1582,2026-04-22T08:30:33.630Z,S20260422_092846,SC01,AUTO,32.6884,107.2682,0.0635,hold,1,1500,VIDE,0.0,0.03,0.0,5.343171,-0.698132,0.0,1,0,19.624,18.959,0.0,0.03,0.0,5.4,2.0,0.5,0.05,0.8,-0.05683,0.0,1
1583,2026-04-22T08:30:33.694Z,S20260422_092846,SC01,AUTO,32.7526,107.3324,0.0642,hold,1,1500,VIDE,0.0,0.03,0.0,5.341756,-0.698132,-0.0,1,0,11.33,20.008,0.0,0.03,0.0,5.4,2.0,0.5,0.05,0.8,-0.05824,0.0,1
1584,2026-04-22T08:30:33.758Z,S20260422_092846,SC01,AUTO,32.8161,107.3959,0.0635,hold,1,1500,VIDE,0.0,0.03,0.0,5.340342,-0.698132,0.0,1,0,6.966,19.36,0.0,0.03,0.0,5.4,2.0,0.5,0.05,0.8,-0.05966,0.0,1
1585,2026-04-22T08:30:33.822Z,S20260422_092846,SC01,AUTO,32.8806,107.4604,0.0645,hold,1,1500,VIDE,0.0,0.03,0.0,5.338221,-0.698132,0.0,1,0,6.25,20.049,0.0,0.03,0.0,5.4,2.0,0.5,0.05,0.8,-0.06178,0.0,1
1586,2026-04-22T08:30:33.882Z,S20260422_092846,SC01,AUTO,32.9403,107.52,0.0596,hold,1,1500,VIDE,0.0,0.03,0.0,5.336808,-0.698132,-0.0,1,0,21.323,19.058,0.0,0.03,0.0,5.4,2.0,0.5,0.05,0.8,-0.06319,0.0,1
1587,2026-04-22T08:30:33.944Z,S20260422_092846,SC01,AUTO,33.0028,107.5826,0.0626,hold,1,1500,VIDE,0.0,0.03,0.0,5.335394,-0.698132,0.0,1,0,14.319,17.512,0.0,0.03,0.0,5.4,2.0,0.5,0.05,0.8,-0.06461,0.0,1
1588,2026-04-22T08:30:34.005Z,S20260422_092846,SC01,AUTO,33.0636,107.6434,0.0608,hold,1,1500,VIDE,0.0,0.03,0.0,5.333274,-0.698132,-0.0,1,0,14.631,19.576,0.0,0.03,0.0,5.4,2.0,0.5,0.05,0.8,-0.06673,0.0,1
1589,2026-04-22T08:30:34.079Z,S20260422_092846,SC01,AUTO,33.1376,107.7174,0.0739,hold,1,1500,VIDE,0.0,0.03,0.0,5.331861,-0.698132,0.0,1,0,11.344,19.872,0.0,0.03,0.0,5.4,2.0,0.5,0.05,0.8,-0.06814,0.0,1
1590,2026-04-22T08:30:34.133Z,S20260422_092846,SC01,AUTO,33.1916,107.7713,0.054,hold,1,1500,VIDE,0.0,0.03,0.0,5.330449,-0.698132,-0.0,1,0,24.628,20.184,0.0,0.03,0.0,5.4,2.0,0.5,0.05,0.8,-0.06955,0.0,1
1591,2026-04-22T08:30:34.198Z,S20260422_092846,SC01,AUTO,33.257,107.8367,0.0655,hold,1,1500,VIDE,0.0,0.03,0.0,5.328331,-0.698132,-0.0,1,0,7.841,20.161,0.0,0.03,0.0,5.4,2.0,0.5,0.05,0.8,-0.07167,0.0,1
1592,2026-04-22T08:30:34.255Z,S20260422_092846,SC01,AUTO,33.3131,107.8929,0.0561,hold,1,1500,VIDE,0.0,0.03,0.0,5.326919,-0.698132,0.0,1,0,26.966,19.808,0.0,0.03,0.0,5.4,2.0,0.5,0.05,0.8,-0.07308,0.0,1
1593,2026-04-22T08:30:34.318Z,S20260422_092846,SC01,AUTO,33.3769,107.9566,0.0638,hold,1,1500,VIDE,0.0,0.03,0.0,5.325507,-0.698132,0.0,1,0,20.242,19.514,0.0,0.03,0.0,5.4,2.0,0.5,0.05,0.8,-0.07449,0.0,1
1594,2026-04-22T08:30:34.382Z,S20260422_092846,SC01,AUTO,33.4408,108.0206,0.064,hold,1,1500,VIDE,0.0,0.03,0.0,5.324096,-0.698132,-0.0,1,0,25.446,18.911,0.0,0.03,0.0,5.4,2.0,0.5,0.05,0.8,-0.0759,0.0,1
1595,2026-04-22T08:30:34.446Z,S20260422_092846,SC01,AUTO,33.5046,108.0843,0.0636,hold,1,1500,VIDE,0.0,0.03,0.0,5.322685,-0.698132,0.0,1,0,22.329,17.869,0.0,0.03,0.0,5.4,2.0,0.5,0.05,0.8,-0.07732,0.0,1
1596,2026-04-22T08:30:34.506Z,S20260422_092846,SC01,AUTO,33.5648,108.1445,0.0602,hold,1,1500,VIDE,0.0,0.03,0.0,5.321274,-0.698132,-0.0,1,0,22.978,19.027,0.0,0.03,0.0,5.4,2.0,0.5,0.05,0.8,-0.07873,0.0,1
1597,2026-04-22T08:30:34.574Z,S20260422_092846,SC01,AUTO,33.6328,108.2125,0.068,hold,1,1500,VIDE,0.0,0.03,0.0,5.319863,-0.698132,0.0,1,0,25.055,19.188,0.0,0.03,0.0,5.4,2.0,0.5,0.05,0.8,-0.08014,0.0,1
1598,2026-04-22T08:30:34.633Z,S20260422_092846,SC01,AUTO,33.6918,108.2715,0.059,hold,1,1500,VIDE,0.0,0.03,0.0,5.318453,-0.698132,-0.0,1,0,23.444,20.243,0.0,0.03,0.0,5.4,2.0,0.5,0.05,0.8,-0.08155,0.0,1
1599,2026-04-22T08:30:34.698Z,S20260422_092846,SC01,AUTO,33.7566,108.3364,0.0649,hold,1,1500,VIDE,0.0,0.03,0.0,5.316338,-0.698132,0.0,1,0,5.636,19.933,0.0,0.03,0.0,5.4,2.0,0.5,0.05,0.8,-0.08366,0.0,1
1600,2026-04-22T08:30:34.755Z,S20260422_092846,SC01,AUTO,33.8133,108.3931,0.0567,hold,1,1500,VIDE,0.0,0.03,0.0,5.314928,-0.698132,-0.0,1,0,18.635,20.561,0.0,0.03,0.0,5.4,2.0,0.5,0.05,0.8,-0.08507,0.0,1
1601,2026-04-22T08:30:34.826Z,S20260422_092846,SC01,AUTO,33.8849,108.4646,0.0715,hold,1,1500,VIDE,0.0,0.03,0.0,5.312814,-0.698132,-0.0,1,0,15.964,19.79,0.0,0.03,0.0,5.4,2.0,0.5,0.05,0.8,-0.08719,0.0,1
1602,2026-04-22T08:30:34.879Z,S20260422_092846,SC01,AUTO,33.9374,108.5172,0.0526,hold,1,1500,VIDE,0.0,0.03,0.0,5.311405,-0.698132,-0.0,1,0,8.613,19.498,0.0,0.03,0.0,5.4,2.0,0.5,0.05,0.8,-0.08859,0.0,1
1603,2026-04-22T08:30:34.942Z,S20260422_092846,SC01,AUTO,34.0008,108.5805,0.0633,hold,1,1500,VIDE,0.0,0.03,0.0,5.309996,-0.698132,0.0,1,0,19.228,19.961,0.0,0.03,0.0,5.4,2.0,0.5,0.05,0.8,-0.09,0.0,1
1604,2026-04-22T08:30:35.005Z,S20260422_092846,SC01,AUTO,34.0635,108.6432,0.0627,hold,1,1500,VIDE,0.0,0.03,0.0,5.308118,-0.698132,-0.0,1,0,39.425,0.536,0.0,0.03,0.0,5.4,2.0,0.5,0.05,0.8,-0.09188,0.0,1
1605,2026-04-22T08:30:35.071Z,S20260422_092846,SC01,AUTO,34.1292,108.709,0.0657,hold,1,1500,VIDE,0.0,0.03,0.0,5.306475,-0.698132,0.0,1,0,13.66,20.395,0.0,0.03,0.0,5.4,2.0,0.5,0.05,0.8,-0.09352,0.0,1
1606,2026-04-22T08:30:35.131Z,S20260422_092846,SC01,AUTO,34.1899,108.7696,0.0607,hold,1,1500,VIDE,0.0,0.03,0.0,5.304598,-0.698132,-0.0,1,0,25.372,0.554,0.0,0.03,0.0,5.4,2.0,0.5,0.05,0.8,-0.0954,0.0,1
1607,2026-04-22T08:30:35.199Z,S20260422_092846,SC01,AUTO,34.2571,108.8368,0.0672,hold,1,1500,VIDE,0.0,0.03,0.0,5.302956,-0.698132,-0.0,1,0,23.011,18.845,0.0,0.03,0.0,5.4,2.0,0.5,0.05,0.8,-0.09704,0.0,1
1608,2026-04-22T08:30:35.262Z,S20260422_092846,SC01,AUTO,34.321,108.9007,0.0639,hold,1,1500,VIDE,0.0,0.03,0.0,5.301314,-0.698132,0.0,1,0,36.274,22.848,0.0,0.03,0.0,5.4,2.0,0.5,0.05,0.8,-0.09869,0.0,1
1609,2026-04-22T08:30:35.326Z,S20260422_092846,SC01,AUTO,34.3849,108.9646,0.0638,hold,1,1500,VIDE,0.0,0.03,0.0,5.299438,-0.698132,-0.0,1,0,9.14,19.69,0.0,0.03,0.0,5.4,2.0,0.5,0.05,0.8,-0.10056,0.0,1
1610,2026-04-22T08:30:35.397Z,S20260422_092846,SC01,AUTO,34.4554,109.0351,0.0705,hold,1,1500,VIDE,0.0,0.03,0.0,5.297328,-0.698132,-0.0,1,0,28.02,0.563,0.0,0.03,0.0,5.4,2.0,0.5,0.05,0.8,-0.10267,0.0,1
1611,2026-04-22T08:30:35.446Z,S20260422_092846,SC01,AUTO,34.5045,109.0842,0.0491,hold,1,1500,VIDE,0.0,0.03,0.0,5.295922,-0.698132,0.0,1,0,15.835,20.457,0.0,0.03,0.0,5.4,2.0,0.5,0.05,0.8,-0.10408,0.0,1
1612,2026-04-22T08:30:35.505Z,S20260422_092846,SC01,AUTO,34.564,109.1437,0.0596,hold,1,1500,VIDE,0.0,0.03,0.0,5.294516,-0.698132,-0.0,1,0,5.758,20.06,0.0,0.03,0.0,5.4,2.0,0.5,0.05,0.8,-0.10548,0.0,1
1613,2026-04-22T08:30:35.566Z,S20260422_092846,SC01,AUTO,34.625,109.2047,0.061,hold,1,1500,VIDE,0.0,0.03,0.0,5.29311,-0.698132,0.0,1,0,18.633,20.167,0.0,0.03,0.0,5.4,2.0,0.5,0.05,0.8,-0.10689,0.0,1
1614,2026-04-22T08:30:35.630Z,S20260422_092846,SC01,AUTO,34.6885,109.2682,0.0635,hold,1,1500,VIDE,0.0,0.03,0.0,5.291002,-0.698132,-0.0,1,0,19.752,19.669,0.0,0.03,0.0,5.4,2.0,0.5,0.05,0.8,-0.109,0.0,1
1615,2026-04-22T08:30:35.694Z,S20260422_092846,SC01,AUTO,34.7525,109.3323,0.0641,hold,1,1500,VIDE,0.0,0.03,0.0,5.289597,-0.698132,0.0,1,0,8.882,19.699,0.0,0.03,0.0,5.4,2.0,0.5,0.05,0.8,-0.1104,0.0,1
1616,2026-04-22T08:30:35.758Z,S20260422_092846,SC01,AUTO,34.8165,109.3963,0.064,hold,1,1500,VIDE,0.0,0.03,0.0,5.288192,-0.698132,-0.0,1,0,24.033,19.137,0.0,0.03,0.0,5.4,2.0,0.5,0.05,0.8,-0.11181,0.0,1
1617,2026-04-22T08:30:35.822Z,S20260422_092846,SC01,AUTO,34.8806,109.4603,0.064,hold,1,1500,VIDE,0.0,0.03,0.0,5.286085,-0.698132,-0.0,1,0,5.924,18.868,0.0,0.03,0.0,5.4,2.0,0.5,0.05,0.8,-0.11392,0.0,1
1618,2026-04-22T08:30:35.882Z,S20260422_092846,SC01,AUTO,34.9409,109.5207,0.0604,hold,1,1500,VIDE,0.0,0.03,0.0,5.28468,-0.698132,0.0,1,0,15.628,17.204,0.0,0.03,0.0,5.4,2.0,0.5,0.05,0.8,-0.11532,0.0,1
1619,2026-04-22T08:30:35.946Z,S20260422_092846,SC01,AUTO,35.0049,109.5847,0.064,hold,1,1500,VIDE,0.0,0.03,0.0,5.282575,-0.698132,-0.0,1,0,16.821,18.216,0.0,0.03,0.0,5.4,2.0,0.5,0.05,0.8,-0.11743,0.0,1
1620,2026-04-22T08:30:36.006Z,S20260422_092846,SC01,AUTO,35.0642,109.6439,0.0592,hold,1,1500,VIDE,0.0,0.03,0.0,5.281171,-0.698132,-0.0,1,0,6.064,18.78,0.0,0.03,0.0,5.4,2.0,0.5,0.05,0.8,-0.11883,0.0,1
1621,2026-04-22T08:30:36.075Z,S20260422_092846,SC01,AUTO,35.134,109.7137,0.0698,hold,1,1500,VIDE,0.0,0.03,0.0,5.279066,-0.698132,0.0,1,0,19.671,19.244,0.0,0.03,0.0,5.4,2.0,0.5,0.05,0.8,-0.12093,0.0,1
1622,2026-04-22T08:30:36.132Z,S20260422_092846,SC01,AUTO,35.1909,109.7707,0.0569,hold,1,1500,VIDE,0.0,0.03,0.0,5.277663,-0.698132,-0.0,1,0,10.312,20.093,0.0,0.03,0.0,5.4,2.0,0.5,0.05,0.8,-0.12234,0.0,1
1623,2026-04-22T08:30:36.198Z,S20260422_092846,SC01,AUTO,35.2567,109.8364,0.0658,hold,1,1500,VIDE,0.0,0.03,0.0,5.275559,-0.698132,-0.0,1,0,26.13,19.296,0.0,0.03,0.0,5.4,2.0,0.5,0.05,0.8,-0.12444,0.0,1
1624,2026-04-22T08:30:36.254Z,S20260422_092846,SC01,AUTO,35.3129,109.8927,0.0562,hold,1,1500,VIDE,0.0,0.03,0.0,5.274157,-0.698132,0.0,1,0,13.215,19.432,0.0,0.03,0.0,5.4,2.0,0.5,0.05,0.8,-0.12584,0.0,1
1625,2026-04-22T08:30:36.318Z,S20260422_092846,SC01,AUTO,35.3764,109.9561,0.0634,hold,1,1500,VIDE,0.0,0.03,0.0,5.272053,-0.698132,0.0,1,0,8.552,19.881,0.0,0.03,0.0,5.4,2.0,0.5,0.05,0.8,-0.12795,0.0,1
1626,2026-04-22T08:30:36.389Z,S20260422_092846,SC01,AUTO,35.448,110.0278,0.0717,hold,1,1500,VIDE,0.0,0.03,0.0,5.269951,-0.698132,-0.0,1,0,20.383,19.83,0.0,0.03,0.0,5.4,2.0,0.5,0.05,0.8,-0.13005,0.0,1
1627,2026-04-22T08:30:36.446Z,S20260422_092846,SC01,AUTO,35.5041,110.0839,0.0561,hold,1,1500,VIDE,0.0,0.03,0.0,5.268549,-0.698132,0.0,1,0,16.426,20.019,0.0,0.03,0.0,5.4,2.0,0.5,0.05,0.8,-0.13145,0.0,1
1628,2026-04-22T08:30:36.505Z,S20260422_092846,SC01,AUTO,35.5635,110.1432,0.0594,hold,1,1500,VIDE,0.0,0.03,0.0,5.267148,-0.698132,-0.0,1,0,10.624,19.875,0.0,0.03,0.0,5.4,2.0,0.5,0.05,0.8,-0.13285,0.0,1
1629,2026-04-22T08:30:36.574Z,S20260422_092846,SC01,AUTO,35.633,110.2128,0.0696,hold,1,1500,VIDE,0.0,0.03,0.0,5.265047,-0.698132,-0.0,1,0,4.496,19.279,0.0,0.03,0.0,5.4,2.0,0.5,0.05,0.8,-0.13495,0.0,1
1630,2026-04-22T08:30:36.631Z,S20260422_092846,SC01,AUTO,35.6896,110.2694,0.0566,hold,1,1500,VIDE,0.0,0.03,0.0,5.263647,-0.698132,0.0,1,0,15.525,19.781,0.0,0.03,0.0,5.4,2.0,0.5,0.05,0.8,-0.13635,0.0,1
1631,2026-04-22T08:30:36.699Z,S20260422_092846,SC01,AUTO,35.7572,110.3369,0.0676,hold,1,1500,VIDE,0.0,0.03,0.0,5.261546,-0.698132,0.0,1,0,9.784,19.344,0.0,0.03,0.0,5.4,2.0,0.5,0.05,0.8,-0.13845,0.0,1
1632,2026-04-22T08:30:36.762Z,S20260422_092846,SC01,AUTO,35.8208,110.4005,0.0636,hold,1,1500,VIDE,0.0,0.03,0.0,5.260147,-0.698132,-0.0,1,0,17.683,20.141,0.0,0.03,0.0,5.4,2.0,0.5,0.05,0.8,-0.13985,0.0,1
1633,2026-04-22T08:30:36.823Z,S20260422_092846,SC01,AUTO,35.882,110.4617,0.0612,hold,1,1500,VIDE,0.0,0.03,0.0,5.258047,-0.698132,0.0,1,0,12.81,19.832,0.0,0.03,0.0,5.4,2.0,0.5,0.05,0.8,-0.14195,0.0,1
1634,2026-04-22T08:30:36.883Z,S20260422_092846,SC01,AUTO,35.9414,110.5211,0.0593,hold,1,1500,VIDE,0.0,0.03,0.0,5.256648,-0.698132,-0.0,1,0,20.281,15.494,0.0,0.03,0.0,5.4,2.0,0.5,0.05,0.8,-0.14335,0.0,1
1635,2026-04-22T08:30:36.942Z,S20260422_092846,SC01,AUTO,36.0009,110.5806,0.0596,end,1,1500,VIDE,0.0,0.0,0.8,5.25455,-0.698132,0.0,1,0,13.778,18.692,0.0,0.03,0.0,5.4,2.0,0.5,0.05,0.8,-0.14545,0.0,1
1636,2026-04-22T08:30:37.006Z,S20260422_092846,SC01,AUTO,36.0641,110.6439,0.0632,end,1,1500,VIDE,0.0,0.0,0.8,5.158694,-0.698132,-0.0,1,0,3.222,20.191,0.0,0.0,0.8,0.0,2.0,1.0,0.05,0.8,5.15869,0.0,0
1637,2026-04-22T08:30:37.070Z,S20260422_092846,SC01,AUTO,36.1286,110.7083,0.0644,end,1,1500,VIDE,0.0,0.0,0.8,4.403336,-0.698132,0.0,1,0,3.01,19.728,0.0,0.0,0.8,0.0,2.0,1.0,0.05,0.8,4.40334,0.0,0
1638,2026-04-22T08:30:37.132Z,S20260422_092846,SC01,AUTO,36.1904,110.7701,0.0617,end,1,1500,VIDE,0.0,0.0,0.8,3.995038,-0.698132,0.0,1,0,13.399,19.665,0.0,0.0,0.8,0.0,2.0,1.0,0.05,0.8,3.99504,0.0,0
1639,2026-04-22T08:30:37.195Z,S20260422_092846,SC01,AUTO,36.2538,110.8336,0.0636,end,1,1500,VIDE,0.0,0.0,0.8,3.586896,-0.698132,0.0,1,0,18.83,19.088,0.0,0.0,0.8,0.0,2.0,1.0,0.05,0.8,3.5869,0.0,0
1640,2026-04-22T08:30:37.256Z,S20260422_092846,SC01,AUTO,36.3144,110.8941,0.0606,end,1,1500,VIDE,0.0,0.0,0.8,3.17863,-0.698132,0.0,1,0,8.873,19.246,0.0,0.0,0.8,0.0,2.0,1.0,0.05,0.8,3.17863,0.0,0
1641,2026-04-22T08:30:37.321Z,S20260422_092846,SC01,AUTO,36.3798,110.9596,0.0654,end,1,1500,VIDE,0.0,0.0,0.8,2.566203,-0.698132,0.0,1,0,22.0,18.776,0.0,0.0,0.8,0.0,2.0,1.0,0.05,0.8,2.5662,0.0,0
1642,2026-04-22T08:30:37.388Z,S20260422_092846,SC01,AUTO,36.4462,111.0259,0.0664,end,1,1500,VIDE,0.0,0.0,0.8,1.953525,-0.698132,0.0,1,0,18.495,18.713,0.0,0.0,0.8,0.0,2.0,1.0,0.05,0.8,1.95353,0.0,0
1643,2026-04-22T08:30:37.446Z,S20260422_092846,SC01,AUTO,36.5047,111.0844,0.0584,end,1,1500,VIDE,0.0,0.0,0.8,1.544811,-0.698132,0.0,1,0,4.877,19.715,0.0,0.0,0.8,0.0,2.0,1.0,0.05,0.8,1.54481,0.0,0
1644,2026-04-22T08:30:37.505Z,S20260422_092846,SC01,AUTO,36.5638,111.1435,0.0593,end,1,1500,VIDE,0.0,0.0,0.8,1.135701,-0.698132,0.0,1,0,15.632,18.227,0.0,0.0,0.8,0.0,2.0,1.0,0.05,0.8,1.1357,0.0,0
1645,2026-04-22T08:30:37.570Z,S20260422_092846,SC01,AUTO,36.6281,111.2079,0.0643,end,1,1500,VIDE,0.0,0.0,0.8,0.520163,-0.698132,-0.0,1,0,9.839,19.503,0.0,0.0,0.8,0.0,2.0,1.0,0.05,0.8,0.52016,0.0,1
1646,2026-04-22T08:30:37.630Z,S20260422_092846,SC01,AUTO,36.689,111.2687,0.0607,end,1,1500,VIDE,0.0,0.0,0.8,0.041438,-0.698132,0.0,1,0,14.254,0.378,0.0,0.0,0.8,0.0,2.0,1.0,0.05,0.8,0.04144,0.0,1
1647,2026-04-22T08:30:37.694Z,S20260422_092846,SC01,AUTO,36.7528,111.3325,0.0639,end,1,1500,VIDE,0.0,0.0,0.8,0.0,-0.698132,-0.0,1,0,48.968,0.432,0.0,0.0,0.8,0.0,2.0,1.0,0.05,0.8,0.0,0.0,1
1648,2026-04-22T08:30:37.759Z,S20260422_092846,SC01,AUTO,36.8171,111.3968,0.0643,end,1,1500,VIDE,0.0,0.0,0.8,0.0,-0.698132,-0.0,1,0,3.863,19.563,0.0,0.0,0.8,0.0,2.0,1.0,0.05,0.8,0.0,0.0,1
1649,2026-04-22T08:30:37.821Z,S20260422_092846,SC01,AUTO,36.8792,111.4589,0.0621,end,1,1500,VIDE,0.0,0.0,0.8,0.0,-0.698132,0.0,1,0,11.188,19.492,0.0,0.0,0.8,0.0,2.0,1.0,0.05,0.8,0.0,0.0,1
1650,2026-04-22T08:30:37.881Z,S20260422_092846,SC01,AUTO,36.94,111.5198,0.0608,end,1,1500,VIDE,0.0,0.0,0.8,0.0,-0.698132,0.0,1,0,4.62,19.692,0.0,0.0,0.8,0.0,2.0,1.0,0.05,0.8,0.0,0.0,1
1651,2026-04-22T08:30:37.943Z,S20260422_092846,SC01,AUTO,37.0018,111.5815,0.0618,end,1,1500,VIDE,0.0,0.0,0.8,0.0,-0.698132,-0.0,1,0,36.821,22.556,0.0,0.0,0.8,0.0,2.0,1.0,0.05,0.8,0.0,0.0,1
1652,2026-04-22T08:30:38.005Z,S20260422_092846,SC01,AUTO,37.064,111.6438,0.0622,end,1,1500,VIDE,0.0,0.0,0.8,0.0,-0.698132,-0.0,1,0,5.699,19.882,0.0,0.0,0.8,0.0,2.0,1.0,0.05,0.8,0.0,0.0,1
1653,2026-04-22T08:30:38.067Z,S20260422_092846,SC01,AUTO,37.1259,111.7057,0.0619,end,1,1500,VIDE,0.0,0.0,0.8,0.0,-0.698132,-0.0,1,0,18.673,19.108,0.0,0.0,0.8,0.0,2.0,1.0,0.05,0.8,0.0,0.0,1
1654,2026-04-22T08:30:38.131Z,S20260422_092846,SC01,AUTO,37.1897,111.7694,0.0637,end,1,1500,VIDE,0.0,0.0,0.8,0.0,-0.698132,0.0,1,0,7.859,19.015,0.0,0.0,0.8,0.0,2.0,1.0,0.05,0.8,0.0,0.0,1
1655,2026-04-22T08:30:38.197Z,S20260422_092846,SC01,AUTO,37.2555,111.8353,0.0659,end,1,1500,VIDE,0.0,0.0,0.8,0.0,-0.698132,-0.0,1,0,21.175,19.35,0.0,0.0,0.8,0.0,2.0,1.0,0.05,0.8,0.0,0.0,1
1656,2026-04-22T08:30:38.255Z,S20260422_092846,SC01,AUTO,37.3135,111.8932,0.0579,end,1,1500,VIDE,0.0,0.0,0.8,0.0,-0.698132,0.0,1,0,9.137,19.477,0.0,0.0,0.8,0.0,2.0,1.0,0.05,0.8,0.0,0.0,1
1657,2026-04-22T08:30:38.317Z,S20260422_092846,SC01,AUTO,37.3756,111.9553,0.0621,end,1,1500,VIDE,0.0,0.0,0.8,0.0,-0.698132,-0.0,1,0,20.454,20.076,0.0,0.0,0.8,0.0,2.0,1.0,0.05,0.8,0.0,0.0,1
1658,2026-04-22T08:30:38.383Z,S20260422_092846,SC01,AUTO,37.4418,112.0215,0.0662,end,1,1500,VIDE,0.0,0.0,0.8,0.0,-0.698132,-0.0,1,0,13.781,18.598,0.0,0.0,0.8,0.0,2.0,1.0,0.05,0.8,0.0,0.0,1
1659,2026-04-22T08:30:38.442Z,S20260422_092846,SC01,AUTO,37.5007,112.0805,0.0588,end,1,1500,VIDE,0.0,0.0,0.8,0.0,-0.698132,-0.0,1,0,22.172,17.479,0.0,0.0,0.8,0.0,2.0,1.0,0.05,0.8,0.0,0.0,1
1660,2026-04-22T08:30:38.505Z,S20260422_092846,SC01,AUTO,37.5637,112.1434,0.0631,end,1,1500,VIDE,0.0,0.0,0.8,0.0,-0.698132,0.0,1,0,16.349,20.282,0.0,0.0,0.8,0.0,2.0,1.0,0.05,0.8,0.0,0.0,1
1661,2026-04-22T08:30:38.567Z,S20260422_092846,SC01,AUTO,37.6253,112.2051,0.0616,end,1,1500,VIDE,0.0,0.0,0.8,0.0,-0.698132,0.0,1,0,5.384,19.967,0.0,0.0,0.8,0.0,2.0,1.0,0.05,0.8,0.0,0.0,1
1662,2026-04-22T08:30:38.631Z,S20260422_092846,SC01,AUTO,37.6891,112.2689,0.0639,end,1,1500,VIDE,0.0,0.0,0.8,0.0,-0.698132,0.0,1,0,18.898,19.851,0.0,0.0,0.8,0.0,2.0,1.0,0.05,0.8,0.0,0.0,1
1663,2026-04-22T08:30:38.693Z,S20260422_092846,SC01,AUTO,37.7516,112.3313,0.0624,end,1,1500,VIDE,0.0,0.0,0.8,0.0,-0.698132,0.0,1,0,7.764,19.463,0.0,0.0,0.8,0.0,2.0,1.0,0.05,0.8,0.0,0.0,1
1664,2026-04-22T08:30:38.755Z,S20260422_092846,SC01,AUTO,37.8137,112.3934,0.0621,end,1,1500,VIDE,0.0,0.0,0.8,0.0,-0.698132,0.0,1,0,20.4,19.287,0.0,0.0,0.8,0.0,2.0,1.0,0.05,0.8,0.0,0.0,1
1665,2026-04-22T08:30:38.816Z,S20260422_092846,SC01,AUTO,37.875,112.4547,0.0613,end,1,1500,VIDE,0.0,0.0,0.8,0.0,-0.698132,-0.0,1,0,10.115,19.013,0.0,0.0,0.8,0.0,2.0,1.0,0.05,0.8,0.0,0.0,1
1666,2026-04-22T08:30:38.880Z,S20260422_092846,SC01,AUTO,37.9386,112.5184,0.0637,end,1,1500,VIDE,0.0,0.0,0.8,0.0,-0.698132,-0.0,1,0,23.361,18.844,0.0,0.0,0.8,0.0,2.0,1.0,0.05,0.8,0.0,0.0,1
1667,2026-04-22T08:30:38.942Z,S20260422_092846,SC01,AUTO,38.0005,112.5803,0.0619,end,1,1500,VIDE,0.0,0.0,0.8,0.0,-0.698132,-0.0,1,0,13.468,19.52,0.0,0.0,0.8,0.0,2.0,1.0,0.05,0.8,0.0,0.0,1
1668,2026-04-22T08:30:39.006Z,S20260422_092846,SC01,AUTO,38.0648,112.6445,0.0642,end,1,1500,VIDE,0.0,0.0,0.8,0.0,-0.698132,0.0,1,0,4.726,18.838,0.0,0.0,0.8,0.0,2.0,1.0,0.05,0.8,0.0,0.0,1
1669,2026-04-22T08:30:39.070Z,S20260422_092846,SC01,AUTO,38.1282,112.708,0.0635,end,1,1500,VIDE,0.0,0.0,0.8,0.0,-0.698132,-0.0,1,0,20.445,19.302,0.0,0.0,0.8,0.0,2.0,1.0,0.05,0.8,0.0,0.0,1
1670,2026-04-22T08:30:39.129Z,S20260422_092846,SC01,AUTO,38.1879,112.7677,0.0596,end,1,1500,VIDE,0.0,0.0,0.8,0.0,-0.698132,-0.0,1,0,6.198,19.679,0.0,0.0,0.8,0.0,2.0,1.0,0.05,0.8,0.0,0.0,1
1671,2026-04-22T08:30:39.192Z,S20260422_092846,SC01,AUTO,38.2501,112.8299,0.0622,end,1,1500,VIDE,0.0,0.0,0.8,0.0,-0.698132,-0.0,1,0,22.435,19.799,0.0,0.0,0.8,0.0,2.0,1.0,0.05,0.8,0.0,0.0,1
1672,2026-04-22T08:30:39.262Z,S20260422_092846,SC01,AUTO,38.3203,112.9,0.0702,end,1,1500,VIDE,0.0,0.0,0.8,0.0,-0.698132,0.0,1,0,10.735,20.035,0.0,0.0,0.8,0.0,2.0,1.0,0.05,0.8,0.0,0.0,1
1673,2026-04-22T08:30:39.325Z,S20260422_092846,SC01,AUTO,38.3837,112.9635,0.0634,end,1,1500,VIDE,0.0,0.0,0.8,0.0,-0.698132,-0.0,1,0,20.692,0.401,0.0,0.0,0.8,0.0,2.0,1.0,0.05,0.8,0.0,0.0,1
1674,2026-04-22T08:30:39.385Z,S20260422_092846,SC01,AUTO,38.4431,113.0228,0.0594,end,1,1500,VIDE,0.0,0.0,0.8,0.0,-0.698132,-0.0,1,0,13.687,19.386,0.0,0.0,0.8,0.0,2.0,1.0,0.05,0.8,0.0,0.0,1
1675,2026-04-22T08:30:39.445Z,S20260422_092846,SC01,AUTO,38.504,113.0837,0.0609,end,1,1500,VIDE,0.0,0.0,0.8,0.0,-0.698132,-0.0,1,0,23.788,16.349,0.0,0.0,0.8,0.0,2.0,1.0,0.05,0.8,0.0,0.0,1
1676,2026-04-22T08:30:39.506Z,S20260422_092846,SC01,AUTO,38.5648,113.1445,0.0608,end,1,1500,VIDE,0.0,0.0,0.8,0.0,-0.698132,-0.0,1,0,16.003,19.897,0.0,0.0,0.8,0.0,2.0,1.0,0.05,0.8,0.0,0.0,1
1677,2026-04-22T08:30:39.580Z,S20260422_092846,SC01,AUTO,38.6385,113.2182,0.0737,end,1,1500,VIDE,0.0,0.0,0.8,0.0,-0.698132,-0.0,1,0,7.459,20.116,0.0,0.0,0.8,0.0,2.0,1.0,0.05,0.8,0.0,0.0,1
1678,2026-04-22T08:30:39.630Z,S20260422_092846,SC01,AUTO,38.6885,113.2682,0.05,end,1,1500,VIDE,0.0,0.0,0.8,0.0,-0.698132,0.0,1,0,17.613,20.22,0.0,0.0,0.8,0.0,2.0,1.0,0.05,0.8,0.0,0.0,1
1679,2026-04-22T08:30:39.694Z,S20260422_092846,SC01,AUTO,38.7529,113.3327,0.0645,end,1,1500,VIDE,0.0,0.0,0.8,0.0,-0.698132,-0.0,1,0,28.475,20.464,0.0,0.0,0.8,0.0,2.0,1.0,0.05,0.8,0.0,0.0,1
1680,2026-04-22T08:30:39.758Z,S20260422_092846,SC01,AUTO,38.8162,113.3959,0.0633,end,1,1500,VIDE,0.0,0.0,0.8,0.0,-0.698132,0.0,1,0,18.224,20.146,0.0,0.0,0.8,0.0,2.0,1.0,0.05,0.8,0.0,0.0,1
1681,2026-04-22T08:30:39.817Z,S20260422_092846,SC01,AUTO,38.876,113.4557,0.0598,end,1,1500,VIDE,0.0,0.0,0.8,0.0,-0.698132,0.0,1,0,31.459,18.108,0.0,0.0,0.8,0.0,2.0,1.0,0.05,0.8,0.0,0.0,1
1682,2026-04-22T08:30:39.883Z,S20260422_092846,SC01,AUTO,38.9415,113.5212,0.0655,end,1,1500,VIDE,0.0,0.0,0.8,0.0,-0.698132,0.0,1,0,19.482,20.253,0.0,0.0,0.8,0.0,2.0,1.0,0.05,0.8,0.0,0.0,1
1683,2026-04-22T08:30:39.946Z,S20260422_092846,SC01,AUTO,39.0044,113.5842,0.063,end,1,1500,VIDE,0.0,0.0,0.8,0.0,-0.698132,0.0,1,0,11.566,19.775,0.0,0.0,0.8,0.0,2.0,1.0,0.05,0.8,0.0,0.0,1
1684,2026-04-22T08:30:40.006Z,S20260422_092846,SC01,AUTO,39.0641,113.6438,0.0596,end,1,1500,VIDE,0.0,0.0,0.8,0.0,-0.698132,0.0,1,0,22.354,19.141,0.0,0.0,0.8,0.0,2.0,1.0,0.05,0.8,0.0,0.0,1
1685,2026-04-22T08:30:40.079Z,S20260422_092846,SC01,AUTO,39.138,113.7178,0.074,end,1,1500,VIDE,0.0,0.0,0.8,0.0,-0.698132,0.0,1,0,12.766,18.762,0.0,0.0,0.8,0.0,2.0,1.0,0.05,0.8,0.0,0.0,1
1686,2026-04-22T08:30:40.132Z,S20260422_092846,SC01,AUTO,39.1906,113.7703,0.0526,end,1,1500,VIDE,0.0,0.0,0.8,0.0,-0.698132,0.0,1,0,25.749,0.753,0.0,0.0,0.8,0.0,2.0,1.0,0.05,0.8,0.0,0.0,1
1687,2026-04-22T08:30:40.199Z,S20260422_092846,SC01,AUTO,39.2575,113.8373,0.0669,end,1,1500,VIDE,0.0,0.0,0.8,0.0,-0.698132,0.0,1,0,16.087,19.776,0.0,0.0,0.8,0.0,2.0,1.0,0.05,0.8,0.0,0.0,1
1688,2026-04-22T08:30:40.255Z,S20260422_092846,SC01,AUTO,39.3131,113.8928,0.0556,end,1,1500,VIDE,0.0,0.0,0.8,0.0,-0.698132,0.0,1,0,29.174,0.626,0.0,0.0,0.8,0.0,2.0,1.0,0.05,0.8,0.0,0.0,1
1689,2026-04-22T08:30:40.319Z,S20260422_092846,SC01,AUTO,39.3775,113.9572,0.0643,end,1,1500,VIDE,0.0,0.0,0.8,0.0,-0.698132,0.0,1,0,16.18,19.917,0.0,0.0,0.8,0.0,2.0,1.0,0.05,0.8,0.0,0.0,1
1690,2026-04-22T08:30:40.381Z,S20260422_092846,SC01,AUTO,39.4398,114.0195,0.0623,end,1,1500,VIDE,0.0,0.0,0.8,0.0,-0.698132,0.0,1,0,10.159,18.795,0.0,0.0,0.8,0.0,2.0,1.0,0.05,0.8,0.0,0.0,1
1691,2026-04-22T08:30:40.445Z,S20260422_092846,SC01,AUTO,39.5037,114.0834,0.0639,end,1,1500,VIDE,0.0,0.0,0.8,0.0,-0.698132,0.0,1,0,18.653,18.42,0.0,0.0,0.8,0.0,2.0,1.0,0.05,0.8,0.0,0.0,1
1692,2026-04-22T08:30:40.506Z,S20260422_092846,SC01,AUTO,39.5644,114.1441,0.0607,end,1,1500,VIDE,0.0,0.0,0.8,0.0,-0.698132,0.0,1,0,13.978,19.222,0.0,0.0,0.8,0.0,2.0,1.0,0.05,0.8,0.0,0.0,1
1693,2026-04-22T08:30:40.574Z,S20260422_092846,SC01,AUTO,39.6322,114.212,0.0679,end,1,1500,VIDE,0.0,0.0,0.8,0.0,-0.698132,0.0,1,0,6.008,20.33,0.0,0.0,0.8,0.0,2.0,1.0,0.05,0.8,0.0,0.0,1
1694,2026-04-22T08:30:40.631Z,S20260422_092846,SC01,AUTO,39.6895,114.2692,0.0572,end,1,1500,VIDE,0.0,0.0,0.8,0.0,-0.698132,0.0,1,0,18.421,19.519,0.0,0.0,0.8,0.0,2.0,1.0,0.05,0.8,0.0,0.0,1
1695,2026-04-22T08:30:40.693Z,S20260422_092846,SC01,AUTO,39.7511,114.3308,0.0616,end,1,1500,VIDE,0.0,0.0,0.8,0.0,-0.698132,0.0,1,0,4.822,20.034,0.0,0.0,0.8,0.0,2.0,1.0,0.05,0.8,0.0,0.0,1
1696,2026-04-22T08:30:40.766Z,S20260422_092846,SC01,AUTO,39.8249,114.4046,0.0738,end,1,1500,VIDE,0.0,0.0,0.8,0.0,-0.698132,0.0,1,0,18.959,19.804,0.0,0.0,0.8,0.0,2.0,1.0,0.05,0.8,0.0,0.0,1
1697,2026-04-22T08:30:40.826Z,S20260422_092846,SC01,AUTO,39.8845,114.4642,0.0596,end,1,1500,VIDE,0.0,0.0,0.8,0.0,-0.698132,0.0,1,0,10.516,18.648,0.0,0.0,0.8,0.0,2.0,1.0,0.05,0.8,0.0,0.0,1
1698,2026-04-22T08:30:40.879Z,S20260422_092846,SC01,AUTO,39.9378,114.5175,0.0533,end,1,1500,VIDE,0.0,0.0,0.8,0.0,-0.698132,0.0,1,0,20.322,19.809,0.0,0.0,0.8,0.0,2.0,1.0,0.05,0.8,0.0,0.0,1
1699,2026-04-22T08:30:40.943Z,S20260422_092846,SC01,AUTO,40.0014,114.5812,0.0636,end,1,1500,VIDE,0.0,0.0,0.8,0.0,-0.698132,0.0,1,0,14.126,19.55,0.0,0.0,0.8,0.0,2.0,1.0,0.05,0.8,0.0,0.0,1
1700,2026-04-22T08:30:41.006Z,S20260422_092846,SC01,AUTO,40.0645,114.6443,0.0632,end,1,1500,VIDE,0.0,0.0,0.8,0.0,-0.698132,0.0,1,0,23.381,17.087,0.0,0.0,0.8,0.0,2.0,1.0,0.05,0.8,0.0,0.0,1
1701,2026-04-22T08:30:41.070Z,S20260422_092846,SC01,AUTO,40.1291,114.7088,0.0645,end,1,1500,VIDE,0.0,0.0,0.8,0.0,-0.698132,0.0,1,0,15.923,19.916,0.0,0.0,0.8,0.0,2.0,1.0,0.05,0.8,0.0,0.0,1
1702,2026-04-22T08:30:41.132Z,S20260422_092846,SC01,AUTO,40.1909,114.7706,0.0619,end,1,1500,VIDE,0.0,0.0,0.8,0.0,-0.698132,0.0,1,0,5.287,18.856,0.0,0.0,0.8,0.0,2.0,1.0,0.05,0.8,0.0,0.0,1
1703,2026-04-22T08:30:41.200Z,S20260422_092846,SC01,AUTO,40.2588,114.8385,0.0678,end,1,1500,VIDE,0.0,0.0,0.8,0.0,-0.698132,0.0,1,0,18.024,19.296,0.0,0.0,0.8,0.0,2.0,1.0,0.05,0.8,0.0,0.0,1
1704,2026-04-22T08:30:41.258Z,S20260422_092846,SC01,AUTO,40.3168,114.8965,0.058,end,1,1500,VIDE,0.0,0.0,0.8,0.0,-0.698132,0.0,1,0,10.105,18.456,0.0,0.0,0.8,0.0,2.0,1.0,0.05,0.8,0.0,0.0,1
1705,2026-04-22T08:30:41.326Z,S20260422_092846,SC01,AUTO,40.3846,114.9644,0.0677,end,1,1500,VIDE,0.0,0.0,0.8,0.0,-0.698132,0.0,1,0,3.366,19.49,0.0,0.0,0.8,0.0,2.0,1.0,0.05,0.8,0.0,0.0,1
1706,2026-04-22T08:30:41.387Z,S20260422_092846,SC01,AUTO,40.4457,115.0255,0.0612,end,1,1500,VIDE,0.0,0.0,0.8,0.0,-0.698132,0.0,1,0,17.585,19.779,0.0,0.0,0.8,0.0,2.0,1.0,0.05,0.8,0.0,0.0,1
1707,2026-04-22T08:30:41.446Z,S20260422_092846,SC01,AUTO,40.5042,115.0839,0.0584,end,1,1500,VIDE,0.0,0.0,0.8,0.0,-0.698132,0.0,1,0,6.041,19.054,0.0,0.0,0.8,0.0,2.0,1.0,0.05,0.8,0.0,0.0,1
1708,2026-04-22T08:30:41.505Z,S20260422_092846,SC01,AUTO,40.5633,115.1431,0.0592,end,1,1500,VIDE,0.0,0.0,0.8,0.0,-0.698132,0.0,1,0,14.203,20.234,0.0,0.0,0.8,0.0,2.0,1.0,0.05,0.8,0.0,0.0,1
1709,2026-04-22T08:30:41.566Z,S20260422_092846,SC01,AUTO,40.6245,115.2043,0.0612,end,1,1500,VIDE,0.0,0.0,0.8,0.0,-0.698132,0.0,1,0,9.655,19.544,0.0,0.0,0.8,0.0,2.0,1.0,0.05,0.8,0.0,0.0,1
1710,2026-04-22T08:30:41.629Z,S20260422_092846,SC01,AUTO,40.6878,115.2675,0.0632,end,1,1500,VIDE,0.0,0.0,0.8,0.0,-0.698132,0.0,1,0,20.16,19.745,0.0,0.0,0.8,0.0,2.0,1.0,0.05,0.8,0.0,0.0,1
1711,2026-04-22T08:30:41.694Z,S20260422_092846,SC01,AUTO,40.7524,115.3321,0.0646,end,1,1500,VIDE,0.0,0.0,0.8,0.0,-0.698132,0.0,1,0,23.339,19.38,0.0,0.0,0.8,0.0,2.0,1.0,0.05,0.8,0.0,0.0,1
1712,2026-04-22T08:30:41.758Z,S20260422_092846,SC01,AUTO,40.8162,115.3959,0.0638,end,1,1500,VIDE,0.0,0.0,0.8,0.0,-0.698132,0.0,1,0,25.397,19.876,0.0,0.0,0.8,0.0,2.0,1.0,0.05,0.8,0.0,0.0,1
1713,2026-04-22T08:30:41.822Z,S20260422_092846,SC01,AUTO,40.8805,115.4602,0.0643,end,1,1500,VIDE,0.0,0.0,0.8,0.0,-0.698132,0.0,1,0,20.591,19.721,0.0,0.0,0.8,0.0,2.0,1.0,0.05,0.8,0.0,0.0,1
1714,2026-04-22T08:30:41.881Z,S20260422_092846,SC01,AUTO,40.9398,115.5195,0.0594,end,1,1500,VIDE,0.0,0.0,0.8,0.0,-0.698132,0.0,1,0,12.156,19.119,0.0,0.0,0.8,0.0,2.0,1.0,0.05,0.8,0.0,0.0,1
1715,2026-04-22T08:30:41.947Z,S20260422_092846,SC01,AUTO,41.0053,115.585,0.0655,end,1,1500,VIDE,0.0,0.0,0.8,0.0,-0.698132,0.0,1,0,40.747,22.283,0.0,0.0,0.8,0.0,2.0,1.0,0.05,0.8,0.0,0.0,1
1716,2026-04-22T08:30:42.005Z,S20260422_092846,SC01,AUTO,41.064,115.6437,0.0587,end,1,1500,VIDE,0.0,0.0,0.8,0.0,-0.698132,0.0,1,0,7.659,20.187,0.0,0.0,0.8,0.0,2.0,1.0,0.05,0.8,0.0,0.0,1
1717,2026-04-22T08:30:42.072Z,S20260422_092846,SC01,AUTO,41.1301,115.7099,0.0662,end,1,1500,VIDE,0.0,0.0,0.8,0.0,-0.698132,0.0,1,0,17.518,19.118,0.0,0.0,0.8,0.0,2.0,1.0,0.05,0.8,0.0,0.0,1
1718,2026-04-22T08:30:42.132Z,S20260422_092846,SC01,AUTO,41.1903,115.7701,0.0602,end,1,1500,VIDE,0.0,0.0,0.8,0.0,-0.698132,0.0,1,0,26.012,22.801,0.0,0.0,0.8,0.0,2.0,1.0,0.05,0.8,0.0,0.0,1
1719,2026-04-22T08:30:42.197Z,S20260422_092846,SC01,AUTO,41.2556,115.8353,0.0652,end,1,1500,VIDE,0.0,0.0,0.8,0.0,-0.698132,0.0,1,0,13.206,20.55,0.0,0.0,0.8,0.0,2.0,1.0,0.05,0.8,0.0,0.0,1
1720,2026-04-22T08:30:42.254Z,S20260422_092846,SC01,AUTO,41.3126,115.8923,0.057,end,1,1500,VIDE,0.0,0.0,0.8,0.0,-0.698132,0.0,1,0,5.204,19.365,0.0,0.0,0.8,0.0,2.0,1.0,0.05,0.8,0.0,0.0,1
1721,2026-04-22T08:30:42.319Z,S20260422_092846,SC01,AUTO,41.3777,115.9575,0.0651,end,1,1500,VIDE,0.0,0.0,0.8,0.0,-0.698132,0.0,1,0,12.203,20.144,0.0,0.0,0.8,0.0,2.0,1.0,0.05,0.8,0.0,0.0,1
1722,2026-04-22T08:30:42.384Z,S20260422_092846,SC01,AUTO,41.4421,116.0218,0.0644,end,1,1500,VIDE,0.0,0.0,0.8,0.0,-0.698132,0.0,1,0,3.841,19.403,0.0,0.0,0.8,0.0,2.0,1.0,0.05,0.8,0.0,0.0,1
1723,2026-04-22T08:30:42.445Z,S20260422_092846,SC01,AUTO,41.5037,116.0835,0.0617,end,1,1500,VIDE,0.0,0.0,0.8,0.0,-0.698132,0.0,1,0,15.842,19.535,0.0,0.0,0.8,0.0,2.0,1.0,0.05,0.8,0.0,0.0,1
1724,2026-04-22T08:30:42.506Z,S20260422_092846,SC01,AUTO,41.5641,116.1438,0.0603,end,1,1500,VIDE,0.0,0.0,0.8,0.0,-0.698132,0.0,1,0,19.821,19.356,0.0,0.0,0.8,0.0,2.0,1.0,0.05,0.8,0.0,0.0,1
1725,2026-04-22T08:30:42.569Z,S20260422_092846,SC01,AUTO,41.6275,116.2073,0.0634,end,1,1500,VIDE,0.0,0.0,0.8,0.0,-0.698132,0.0,1,0,12.242,20.2,0.0,0.0,0.8,0.0,2.0,1.0,0.05,0.8,0.0,0.0,1
1726,2026-04-22T08:30:42.631Z,S20260422_092846,SC01,AUTO,41.6897,116.2694,0.0622,end,1,1500,VIDE,0.0,0.0,0.8,0.0,-0.698132,0.0,1,0,20.909,18.977,0.0,0.0,0.8,0.0,2.0,1.0,0.05,0.8,0.0,0.0,1
1727,2026-04-22T08:30:42.694Z,S20260422_092846,SC01,AUTO,41.7524,116.3321,0.0627,end,1,1500,VIDE,0.0,0.0,0.8,0.0,-0.698132,0.0,1,0,9.505,19.305,0.0,0.0,0.8,0.0,2.0,1.0,0.05,0.8,0.0,0.0,1
1728,2026-04-22T08:30:42.758Z,S20260422_092846,SC01,AUTO,41.8161,116.3958,0.0637,end,1,1500,VIDE,0.0,0.0,0.8,0.0,-0.698132,0.0,1,0,16.763,19.44,0.0,0.0,0.8,0.0,2.0,1.0,0.05,0.8,0.0,0.0,1
1729,2026-04-22T08:30:42.821Z,S20260422_092846,SC01,AUTO,41.8792,116.4589,0.0631,end,1,1500,VIDE,0.0,0.0,0.8,0.0,-0.698132,0.0,1,0,7.147,20.273,0.0,0.0,0.8,0.0,2.0,1.0,0.05,0.8,0.0,0.0,1
1730,2026-04-22T08:30:42.879Z,S20260422_092846,SC01,AUTO,41.9372,116.517,0.058,end,1,1500,VIDE,0.0,0.0,0.8,0.0,-0.698132,0.0,1,0,13.838,18.717,0.0,0.0,0.8,0.0,2.0,1.0,0.05,0.8,0.0,0.0,1
1731,2026-04-22T08:30:42.943Z,S20260422_092846,SC01,AUTO,42.0017,116.5815,0.0645,end,1,1500,VIDE,0.0,0.0,0.8,0.0,-0.698132,0.0,1,0,3.775,18.645,0.0,0.0,0.8,0.0,2.0,1.0,0.05,0.8,0.0,0.0,1
1732,2026-04-22T08:30:43.005Z,S20260422_092846,SC01,AUTO,42.0639,116.6436,0.0622,end,1,1500,VIDE,0.0,0.0,0.8,0.0,-0.698132,0.0,1,0,13.688,19.71,0.0,0.0,0.8,0.0,2.0,1.0,0.05,0.8,0.0,0.0,1
1733,2026-04-22T08:30:43.068Z,S20260422_092846,SC01,AUTO,42.1266,116.7063,0.0627,end,1,1500,VIDE,0.0,0.0,0.8,0.0,-0.698132,0.0,1,0,20.383,19.58,0.0,0.0,0.8,0.0,2.0,1.0,0.05,0.8,0.0,0.0,1
1734,2026-04-22T08:30:43.130Z,S20260422_092846,SC01,AUTO,42.1889,116.7687,0.0623,end,1,1500,VIDE,0.0,0.0,0.8,0.0,-0.698132,0.0,1,0,11.775,18.606,0.0,0.0,0.8,0.0,2.0,1.0,0.05,0.8,0.0,0.0,1
1735,2026-04-22T08:30:43.193Z,S20260422_092846,SC01,AUTO,42.2511,116.8308,0.0622,end,1,1500,VIDE,0.0,0.0,0.8,0.0,-0.698132,0.0,1,0,4.633,18.992,0.0,0.0,0.8,0.0,2.0,1.0,0.05,0.8,0.0,0.0,1
1736,2026-04-22T08:30:43.257Z,S20260422_092846,SC01,AUTO,42.3151,116.8948,0.064,end,1,1500,VIDE,0.0,0.0,0.8,0.0,-0.698132,0.0,1,0,2.516,18.737,0.0,0.0,0.8,0.0,2.0,1.0,0.05,0.8,0.0,0.0,1
1737,2026-04-22T08:30:43.318Z,S20260422_092846,SC01,AUTO,42.3763,116.956,0.0612,end,1,1500,VIDE,0.0,0.0,0.8,0.0,-0.698132,0.0,1,0,10.151,19.88,0.0,0.0,0.8,0.0,2.0,1.0,0.05,0.8,0.0,0.0,1
1738,2026-04-22T08:30:43.381Z,S20260422_092846,SC01,AUTO,42.4398,117.0196,0.0636,end,1,1500,VIDE,0.0,0.0,0.8,0.0,-0.698132,0.0,1,0,9.624,19.726,0.0,0.0,0.8,0.0,2.0,1.0,0.05,0.8,0.0,0.0,1
1739,2026-04-22T08:30:43.443Z,S20260422_092846,SC01,AUTO,42.5017,117.0814,0.0619,end,1,1500,VIDE,0.0,0.0,0.8,0.0,-0.698132,0.0,1,0,16.929,18.312,0.0,0.0,0.8,0.0,2.0,1.0,0.05,0.8,0.0,0.0,1
1740,2026-04-22T08:30:43.506Z,S20260422_092846,SC01,AUTO,42.5645,117.1443,0.0628,end,1,1500,VIDE,0.0,0.0,0.8,0.0,-0.698132,0.0,1,0,9.97,20.093,0.0,0.0,0.8,0.0,2.0,1.0,0.05,0.8,0.0,0.0,1
1741,2026-04-22T08:30:43.567Z,S20260422_092846,SC01,AUTO,42.6254,117.2051,0.0609,end,1,1500,VIDE,0.0,0.0,0.8,0.0,-0.698132,0.0,1,0,20.487,19.344,0.0,0.0,0.8,0.0,2.0,1.0,0.05,0.8,0.0,0.0,1
1742,2026-04-22T08:30:43.630Z,S20260422_092846,SC01,AUTO,42.6885,117.2683,0.063,end,1,1500,VIDE,0.0,0.0,0.8,0.0,-0.698132,0.0,1,0,7.372,19.892,0.0,0.0,0.8,0.0,2.0,1.0,0.05,0.8,0.0,0.0,1
1743,2026-04-22T08:30:43.695Z,S20260422_092846,SC01,AUTO,42.7532,117.3329,0.0647,end,1,1500,VIDE,0.0,0.0,0.8,0.0,-0.698132,0.0,1,0,20.029,19.738,0.0,0.0,0.8,0.0,2.0,1.0,0.05,0.8,0.0,0.0,1
1744,2026-04-22T08:30:43.754Z,S20260422_092846,SC01,AUTO,42.8127,117.3925,0.0596,end,1,1500,VIDE,0.0,0.0,0.8,0.0,-0.698132,0.0,1,0,11.122,20.211,0.0,0.0,0.8,0.0,2.0,1.0,0.05,0.8,0.0,0.0,1
1745,2026-04-22T08:30:43.818Z,S20260422_092846,SC01,AUTO,42.8765,117.4563,0.0637,end,1,1500,VIDE,0.0,0.0,0.8,0.0,-0.698132,0.0,1,0,3.172,18.986,0.0,0.0,0.8,0.0,2.0,1.0,0.05,0.8,0.0,0.0,1
1746,2026-04-22T08:30:43.881Z,S20260422_092846,SC01,AUTO,42.9398,117.5195,0.0633,end,1,1500,VIDE,0.0,0.0,0.8,0.0,-0.698132,0.0,1,0,35.423,21.291,0.0,0.0,0.8,0.0,2.0,1.0,0.05,0.8,0.0,0.0,1
1747,2026-04-22T08:30:43.945Z,S20260422_092846,SC01,AUTO,43.0033,117.5831,0.0636,end,1,1500,VIDE,0.0,0.0,0.8,0.0,-0.698132,0.0,1,0,4.113,19.658,0.0,0.0,0.8,0.0,2.0,1.0,0.05,0.8,0.0,0.0,1
1748,2026-04-22T08:30:44.005Z,S20260422_092846,SC01,AUTO,43.0637,117.6434,0.0604,end,1,1500,VIDE,0.0,0.0,0.8,0.0,-0.698132,0.0,1,0,18.56,19.368,0.0,0.0,0.8,0.0,2.0,1.0,0.05,0.8,0.0,0.0,1
1749,2026-04-22T08:30:44.069Z,S20260422_092846,SC01,AUTO,43.1276,117.7073,0.0638,end,1,1500,VIDE,0.0,0.0,0.8,0.0,-0.698132,0.0,1,0,5.117,19.957,0.0,0.0,0.8,0.0,2.0,1.0,0.05,0.8,0.0,0.0,1
1750,2026-04-22T08:30:44.131Z,S20260422_092846,SC01,AUTO,43.189,117.7688,0.0615,end,1,1500,VIDE,0.0,0.0,0.8,0.0,-0.698132,0.0,1,0,18.678,18.591,0.0,0.0,0.8,0.0,2.0,1.0,0.05,0.8,0.0,0.0,1
1751,2026-04-22T08:30:44.194Z,S20260422_092846,SC01,AUTO,43.2528,117.8326,0.0638,end,1,1500,VIDE,0.0,0.0,0.8,0.0,-0.698132,0.0,1,0,6.849,19.498,0.0,0.0,0.8,0.0,2.0,1.0,0.05,0.8,0.0,0.0,1
1752,2026-04-22T08:30:44.254Z,S20260422_092846,SC01,AUTO,43.313,117.8928,0.0602,end,1,1500,VIDE,0.0,0.0,0.8,0.0,-0.698132,0.0,1,0,19.327,19.139,0.0,0.0,0.8,0.0,2.0,1.0,0.05,0.8,0.0,0.0,1
1753,2026-04-22T08:30:44.317Z,S20260422_092846,SC01,AUTO,43.3751,117.9549,0.0621,end,1,1500,VIDE,0.0,0.0,0.8,0.0,-0.698132,0.0,1,0,10.569,19.234,0.0,0.0,0.8,0.0,2.0,1.0,0.05,0.8,0.0,0.0,1
1754,2026-04-22T08:30:44.384Z,S20260422_092846,SC01,AUTO,43.4431,118.0228,0.068,end,1,1500,VIDE,0.0,0.0,0.8,0.0,-0.698132,0.0,1,0,3.472,19.995,0.0,0.0,0.8,0.0,2.0,1.0,0.05,0.8,0.0,0.0,1
1755,2026-04-22T08:30:44.445Z,S20260422_092846,SC01,AUTO,43.5039,118.0836,0.0608,end,1,1500,VIDE,0.0,0.0,0.8,0.0,-0.698132,0.0,1,0,18.146,20.205,0.0,0.0,0.8,0.0,2.0,1.0,0.05,0.8,0.0,0.0,1
1756,2026-04-22T08:30:44.506Z,S20260422_092846,SC01,AUTO,43.5646,118.1443,0.0607,end,1,1500,VIDE,0.0,0.0,0.8,0.0,-0.698132,0.0,1,0,7.48,19.555,0.0,0.0,0.8,0.0,2.0,1.0,0.05,0.8,0.0,0.0,1
1757,2026-04-22T08:30:44.570Z,S20260422_092846,SC01,AUTO,43.6285,118.2082,0.0639,end,1,1500,VIDE,0.0,0.0,0.8,0.0,-0.698132,0.0,1,0,43.512,24.377,0.0,0.0,0.8,0.0,2.0,1.0,0.05,0.8,0.0,0.0,1
1758,2026-04-22T08:30:44.631Z,S20260422_092846,SC01,AUTO,43.6892,118.2689,0.0607,end,1,1500,VIDE,0.0,0.0,0.8,0.0,-0.698132,0.0,1,0,14.305,18.893,0.0,0.0,0.8,0.0,2.0,1.0,0.05,0.8,0.0,0.0,1
1759,2026-04-22T08:30:44.691Z,S20260422_092846,SC01,AUTO,43.7497,118.3294,0.0605,end,1,1500,VIDE,0.0,0.0,0.8,0.0,-0.698132,0.0,1,0,23.764,19.555,0.0,0.0,0.8,0.0,2.0,1.0,0.05,0.8,0.0,0.0,1
1760,2026-04-22T08:30:44.765Z,S20260422_092846,SC01,AUTO,43.824,118.4037,0.0743,end,1,1500,VIDE,0.0,0.0,0.8,0.0,-0.698132,0.0,1,0,17.486,19.798,0.0,0.0,0.8,0.0,2.0,1.0,0.05,0.8,0.0,0.0,1
1761,2026-04-22T08:30:44.826Z,S20260422_092846,SC01,AUTO,43.8845,118.4642,0.0605,end,1,1500,VIDE,0.0,0.0,0.8,0.0,-0.698132,0.0,1,0,12.357,19.372,0.0,0.0,0.8,0.0,2.0,1.0,0.05,0.8,0.0,0.0,1
1762,2026-04-22T08:30:44.879Z,S20260422_092846,SC01,AUTO,43.9374,118.5172,0.053,end,1,1500,VIDE,0.0,0.0,0.8,0.0,-0.698132,0.0,1,0,22.242,19.865,0.0,0.0,0.8,0.0,2.0,1.0,0.05,0.8,0.0,0.0,1
1763,2026-04-22T08:30:44.943Z,S20260422_092846,SC01,AUTO,44.0019,118.5816,0.0643,end,1,1500,VIDE,0.0,0.0,0.8,0.0,-0.698132,0.0,1,0,36.832,24.091,0.0,0.0,0.8,0.0,2.0,1.0,0.05,0.8,0.0,0.0,1
1764,2026-04-22T08:30:45.008Z,S20260422_092846,SC01,AUTO,44.0669,118.6466,0.0652,end,1,1500,VIDE,0.0,0.0,0.8,0.0,-0.698132,0.0,1,0,16.054,18.737,0.0,0.0,0.8,0.0,2.0,1.0,0.05,0.8,0.0,0.0,1
1765,2026-04-22T08:30:45.066Z,S20260422_092846,SC01,AUTO,44.1247,118.7044,0.0578,end,1,1500,VIDE,0.0,0.0,0.8,0.0,-0.698132,0.0,1,0,13.576,19.057,0.0,0.0,0.8,0.0,2.0,1.0,0.05,0.8,0.0,0.0,1
1766,2026-04-22T08:30:45.132Z,S20260422_092846,SC01,AUTO,44.191,118.7707,0.0663,end,1,1500,VIDE,0.0,0.0,0.8,0.0,-0.698132,0.0,1,0,4.599,19.222,0.0,0.0,0.8,0.0,2.0,1.0,0.05,0.8,0.0,0.0,1
1767,2026-04-22T08:30:45.196Z,S20260422_092846,SC01,AUTO,44.2548,118.8346,0.0638,end,1,1500,VIDE,0.0,0.0,0.8,0.0,-0.698132,0.0,1,0,20.344,19.651,0.0,0.0,0.8,0.0,2.0,1.0,0.05,0.8,0.0,0.0,1
1768,2026-04-22T08:30:45.261Z,S20260422_092846,SC01,AUTO,44.3191,118.8989,0.0643,end,1,1500,VIDE,0.0,0.0,0.8,0.0,-0.698132,0.0,1,0,11.713,19.61,0.0,0.0,0.8,0.0,2.0,1.0,0.05,0.8,0.0,0.0,1
1769,2026-04-22T08:30:45.316Z,S20260422_092846,SC01,AUTO,44.3748,118.9545,0.0557,end,1,1500,VIDE,0.0,0.0,0.8,0.0,-0.698132,0.0,1,0,20.712,19.483,0.0,0.0,0.8,0.0,2.0,1.0,0.05,0.8,0.0,0.0,1
1770,2026-04-22T08:30:45.384Z,S20260422_092846,SC01,AUTO,44.4423,119.0221,0.0675,end,1,1500,VIDE,0.0,0.0,0.8,0.0,-0.698132,0.0,1,0,14.186,18.776,0.0,0.0,0.8,0.0,2.0,1.0,0.05,0.8,0.0,0.0,1
1771,2026-04-22T08:30:45.445Z,S20260422_092846,SC01,AUTO,44.5034,119.0832,0.061,end,1,1500,VIDE,0.0,0.0,0.8,0.0,-0.698132,0.0,1,0,23.712,15.985,0.0,0.0,0.8,0.0,2.0,1.0,0.05,0.8,0.0,0.0,1
1772,2026-04-22T08:30:45.505Z,S20260422_092846,SC01,AUTO,44.5639,119.1436,0.0605,end,1,1500,VIDE,0.0,0.0,0.8,0.0,-0.698132,0.0,1,0,18.823,19.622,0.0,0.0,0.8,0.0,2.0,1.0,0.05,0.8,0.0,0.0,1
1773,2026-04-22T08:30:45.566Z,S20260422_092846,SC01,AUTO,44.625,119.2048,0.0611,end,1,1500,VIDE,0.0,0.0,0.8,0.0,-0.698132,0.0,1,0,11.693,19.029,0.0,0.0,0.8,0.0,2.0,1.0,0.05,0.8,0.0,0.0,1
1774,2026-04-22T08:30:45.630Z,S20260422_092846,SC01,AUTO,44.6884,119.2681,0.0634,end,1,1500,VIDE,0.0,0.0,0.8,0.0,-0.698132,0.0,1,0,20.506,19.352,0.0,0.0,0.8,0.0,2.0,1.0,0.05,0.8,0.0,0.0,1
1775,2026-04-22T08:30:45.692Z,S20260422_092846,SC01,AUTO,44.7509,119.3306,0.0625,end,1,1500,VIDE,0.0,0.0,0.8,0.0,-0.698132,0.0,1,0,10.94,19.614,0.0,0.0,0.8,0.0,2.0,1.0,0.05,0.8,0.0,0.0,1
1776,2026-04-22T08:30:45.756Z,S20260422_092846,SC01,AUTO,44.8147,119.3944,0.0639,end,1,1500,VIDE,0.0,0.0,0.8,0.0,-0.698132,0.0,1,0,5.485,20.089,0.0,0.0,0.8,0.0,2.0,1.0,0.05,0.8,0.0,0.0,1
1777,2026-04-22T08:30:45.820Z,S20260422_092846,SC01,AUTO,44.8789,119.4587,0.0642,end,1,1500,VIDE,0.0,0.0,0.8,0.0,-0.698132,0.0,1,0,15.025,18.963,0.0,0.0,0.8,0.0,2.0,1.0,0.05,0.8,0.0,0.0,1
1778,2026-04-22T08:30:45.882Z,S20260422_092846,SC01,AUTO,44.9402,119.5199,0.0612,end,1,1500,VIDE,0.0,0.0,0.8,0.0,-0.698132,0.0,1,0,6.921,19.368,0.0,0.0,0.8,0.0,2.0,1.0,0.05,0.8,0.0,0.0,1
1779,2026-04-22T08:30:45.945Z,S20260422_092846,SC01,AUTO,45.0037,119.5835,0.0636,end,1,1500,VIDE,0.0,0.0,0.8,0.0,-0.698132,0.0,1,0,39.292,21.818,0.0,0.0,0.8,0.0,2.0,1.0,0.05,0.8,0.0,0.0,1
1780,2026-04-22T08:30:46.004Z,S20260422_092846,SC01,AUTO,45.0628,119.6425,0.0591,end,1,1500,VIDE,0.0,0.0,0.8,0.0,-0.698132,0.0,1,0,13.292,19.565,0.0,0.0,0.8,0.0,2.0,1.0,0.05,0.8,0.0,0.0,1
1781,2026-04-22T08:30:46.077Z,S20260422_092846,SC01,AUTO,45.136,119.7157,0.0732,end,1,1500,VIDE,0.0,0.0,0.8,0.0,-0.698132,0.0,1,0,6.248,19.673,0.0,0.0,0.8,0.0,2.0,1.0,0.05,0.8,0.0,0.0,1
1782,2026-04-22T08:30:46.131Z,S20260422_092846,SC01,AUTO,45.1896,119.7693,0.0536,end,1,1500,VIDE,0.0,0.0,0.8,0.0,-0.698132,0.0,1,0,18.233,19.908,0.0,0.0,0.8,0.0,2.0,1.0,0.05,0.8,0.0,0.0,1
1783,2026-04-22T08:30:46.199Z,S20260422_092846,SC01,AUTO,45.2572,119.837,0.0677,end,1,1500,VIDE,0.0,0.0,0.8,0.0,-0.698132,0.0,1,0,11.979,19.075,0.0,0.0,0.8,0.0,2.0,1.0,0.05,0.8,0.0,0.0,1
1784,2026-04-22T08:30:46.254Z,S20260422_092846,SC01,AUTO,45.3125,119.8922,0.0552,end,1,1500,VIDE,0.0,0.0,0.8,0.0,-0.698132,0.0,1,0,5.625,19.985,0.0,0.0,0.8,0.0,2.0,1.0,0.05,0.8,0.0,0.0,1
1785,2026-04-22T08:30:46.317Z,S20260422_092846,SC01,AUTO,45.3754,119.9551,0.0628,end,1,1500,VIDE,0.0,0.0,0.8,0.0,-0.698132,0.0,1,0,12.263,18.862,0.0,0.0,0.8,0.0,2.0,1.0,0.05,0.8,0.0,0.0,1
1786,2026-04-22T08:30:46.386Z,S20260422_092846,SC01,AUTO,45.4446,120.0243,0.0693,end,1,1500,VIDE,0.0,0.0,0.8,0.0,-0.698132,0.0,1,0,6.135,19.851,0.0,0.0,0.8,0.0,2.0,1.0,0.05,0.8,0.0,0.0,1
1787,2026-04-22T08:30:46.445Z,S20260422_092846,SC01,AUTO,45.5039,120.0836,0.0593,end,1,1500,VIDE,0.0,0.0,0.8,0.0,-0.698132,0.0,1,0,18.291,19.376,0.0,0.0,0.8,0.0,2.0,1.0,0.05,0.8,0.0,0.0,1
1788,2026-04-22T08:30:46.506Z,S20260422_092846,SC01,AUTO,45.565,120.1447,0.061,end,1,1500,VIDE,0.0,0.0,0.8,0.0,-0.698132,0.0,1,0,7.013,19.717,0.0,0.0,0.8,0.0,2.0,1.0,0.05,0.8,0.0,0.0,1
1789,2026-04-22T08:30:46.574Z,S20260422_092846,SC01,AUTO,45.6322,120.2119,0.0672,end,1,1500,VIDE,0.0,0.0,0.8,0.0,-0.698132,0.0,1,0,20.317,19.312,0.0,0.0,0.8,0.0,2.0,1.0,0.05,0.8,0.0,0.0,1
1790,2026-04-22T08:30:46.632Z,S20260422_092846,SC01,AUTO,45.6903,120.27,0.0581,end,1,1500,VIDE,0.0,0.0,0.8,0.0,-0.698132,0.0,1,0,11.636,20.142,0.0,0.0,0.8,0.0,2.0,1.0,0.05,0.8,0.0,0.0,1
1791,2026-04-22T08:30:46.697Z,S20260422_092846,SC01,AUTO,45.7553,120.335,0.0651,end,1,1500,VIDE,0.0,0.0,0.8,0.0,-0.698132,0.0,1,0,22.566,19.786,0.0,0.0,0.8,0.0,2.0,1.0,0.05,0.8,0.0,0.0,1
1792,2026-04-22T08:30:46.760Z,S20260422_092846,SC01,AUTO,45.8189,120.3987,0.0636,end,1,1500,VIDE,0.0,0.0,0.8,0.0,-0.698132,0.0,1,0,34.717,0.892,0.0,0.0,0.8,0.0,2.0,1.0,0.05,0.8,0.0,0.0,1
1793,2026-04-22T08:30:46.823Z,S20260422_092846,SC01,AUTO,45.8815,120.4612,0.0625,end,1,1500,VIDE,0.0,0.0,0.8,0.0,-0.698132,0.0,1,0,3.514,19.858,0.0,0.0,0.8,0.0,2.0,1.0,0.05,0.8,0.0,0.0,1
1794,2026-04-22T08:30:46.880Z,S20260422_092846,SC01,AUTO,45.9381,120.5178,0.0566,end,1,1500,VIDE,0.0,0.0,0.8,0.0,-0.698132,0.0,1,0,15.959,15.697,0.0,0.0,0.8,0.0,2.0,1.0,0.05,0.8,0.0,0.0,1
1795,2026-04-22T08:30:46.942Z,S20260422_092846,SC01,AUTO,46.0003,120.5801,0.0623,end,1,1500,VIDE,0.0,0.0,0.8,0.0,-0.698132,0.0,1,0,4.301,20.49,0.0,0.0,0.8,0.0,2.0,1.0,0.05,0.8,0.0,0.0,1
1796,2026-04-22T08:30:47.005Z,S20260422_092846,SC01,AUTO,46.0638,120.6435,0.0634,end,1,1500,VIDE,0.0,0.0,0.8,0.0,-0.698132,0.0,1,0,19.866,19.648,0.0,0.0,0.8,0.0,2.0,1.0,0.05,0.8,0.0,0.0,1
1797,2026-04-22T08:30:47.070Z,S20260422_092846,SC01,AUTO,46.1289,120.7087,0.0652,end,1,1500,VIDE,0.0,0.0,0.8,0.0,-0.698132,0.0,1,0,8.589,19.249,0.0,0.0,0.8,0.0,2.0,1.0,0.05,0.8,0.0,0.0,1
1798,2026-04-22T08:30:47.131Z,S20260422_092846,SC01,AUTO,46.1891,120.7688,0.0602,end,1,1500,VIDE,0.0,0.0,0.8,0.0,-0.698132,0.0,1,0,21.764,19.772,0.0,0.0,0.8,0.0,2.0,1.0,0.05,0.8,0.0,0.0,1
1799,2026-04-22T08:30:47.198Z,S20260422_092846,SC01,AUTO,46.2562,120.8359,0.0671,end,1,1500,VIDE,0.0,0.0,0.8,0.0,-0.698132,0.0,1,0,10.099,19.8,0.0,0.0,0.8,0.0,2.0,1.0,0.05,0.8,0.0,0.0,1
1800,2026-04-22T08:30:47.261Z,S20260422_092846,SC01,AUTO,46.3191,120.8988,0.0629,end,1,1500,VIDE,0.0,0.0,0.8,0.0,-0.698132,0.0,1,0,4.347,20.441,0.0,0.0,0.8,0.0,2.0,1.0,0.05,0.8,0.0,0.0,1
1801,2026-04-22T08:30:47.323Z,S20260422_092846,SC01,AUTO,46.3816,120.9614,0.0625,end,1,1500,VIDE,0.0,0.0,0.8,0.0,-0.698132,0.0,1,0,16.25,19.686,0.0,0.0,0.8,0.0,2.0,1.0,0.05,0.8,0.0,0.0,1
1802,2026-04-22T08:30:47.386Z,S20260422_092846,SC01,AUTO,46.4444,121.0242,0.0628,end,1,1500,VIDE,0.0,0.0,0.8,0.0,-0.698132,0.0,1,0,5.372,19.761,0.0,0.0,0.8,0.0,2.0,1.0,0.05,0.8,0.0,0.0,1
1803,2026-04-22T08:30:47.445Z,S20260422_092846,SC01,AUTO,46.5038,121.0835,0.0593,end,1,1500,VIDE,0.0,0.0,0.8,0.0,-0.698132,0.0,1,0,39.911,0.563,0.0,0.0,0.8,0.0,2.0,1.0,0.05,0.8,0.0,0.0,1
1804,2026-04-22T08:30:47.506Z,S20260422_092846,SC01,AUTO,46.5647,121.1444,0.0609,end,1,1500,VIDE,0.0,0.0,0.8,0.0,-0.698132,0.0,1,0,10.335,20.326,0.0,0.0,0.8,0.0,2.0,1.0,0.05,0.8,0.0,0.0,1
1805,2026-04-22T08:30:47.666Z,S20260422_092846,SC01,AUTO,46.7251,121.3048,0.1603,end,1,1500,VIDE,0.0,0.0,0.8,0.0,-0.698132,0.0,1,0,121.731,0.324,0.0,0.0,0.8,0.0,2.0,1.0,0.05,0.8,0.0,0.0,1
1806,2026-04-22T08:30:47.694Z,S20260422_092846,SC01,AUTO,46.7523,121.332,0.0273,end,1,1500,VIDE,0.0,0.0,0.8,0.0,-0.698132,0.0,1,0,5.127,141.703,0.0,0.0,0.8,0.0,2.0,1.0,0.05,0.8,0.0,0.0,1
1807,2026-04-22T08:30:47.759Z,S20260422_092846,SC01,AUTO,46.8179,121.3976,0.0656,end,1,1500,VIDE,0.0,0.0,0.8,0.0,-0.698132,0.0,1,0,19.62,20.225,0.0,0.0,0.8,0.0,2.0,1.0,0.05,0.8,0.0,0.0,1
1808,2026-04-22T08:30:47.820Z,S20260422_092846,SC01,AUTO,46.8783,121.458,0.0604,end,1,1500,VIDE,0.0,0.0,0.8,0.0,-0.698132,0.0,1,0,12.31,17.919,0.0,0.0,0.8,0.0,2.0,1.0,0.05,0.8,0.0,0.0,1
1809,2026-04-22T08:30:47.881Z,S20260422_092846,SC01,AUTO,46.9398,121.5196,0.0615,end,1,1500,VIDE,0.0,0.0,0.8,0.0,-0.698132,0.0,1,0,3.792,20.574,0.0,0.0,0.8,0.0,2.0,1.0,0.05,0.8,0.0,0.0,1
1810,2026-04-22T08:30:47.945Z,S20260422_092846,SC01,AUTO,47.0038,121.5835,0.064,end,1,1500,VIDE,0.0,0.0,0.8,0.0,-0.698132,0.0,1,0,18.405,19.789,0.0,0.0,0.8,0.0,2.0,1.0,0.05,0.8,0.0,0.0,1
1811,2026-04-22T08:30:48.006Z,S20260422_092846,SC01,AUTO,47.0645,121.6442,0.0607,end,1,1500,VIDE,0.0,0.0,0.8,0.0,-0.698132,0.0,1,0,6.303,19.209,0.0,0.0,0.8,0.0,2.0,1.0,0.05,0.8,0.0,0.0,1
1812,2026-04-22T08:30:48.076Z,S20260422_092846,SC01,AUTO,47.1344,121.7142,0.0699,end,1,1500,VIDE,0.0,0.0,0.8,0.0,-0.698132,0.0,1,0,21.546,19.7,0.0,0.0,0.8,0.0,2.0,1.0,0.05,0.8,0.0,0.0,1
1813,2026-04-22T08:30:48.131Z,S20260422_092846,SC01,AUTO,47.1899,121.7696,0.0554,end,1,1500,VIDE,0.0,0.0,0.8,0.0,-0.698132,0.0,1,0,8.374,19.215,0.0,0.0,0.8,0.0,2.0,1.0,0.05,0.8,0.0,0.0,1
1814,2026-04-22T08:30:48.198Z,S20260422_092846,SC01,AUTO,47.257,121.8367,0.0671,end,1,1500,VIDE,0.0,0.0,0.8,0.0,-0.698132,0.0,1,0,21.706,19.385,0.0,0.0,0.8,0.0,2.0,1.0,0.05,0.8,0.0,0.0,1
1815,2026-04-22T08:30:48.255Z,S20260422_092846,SC01,AUTO,47.3134,121.8932,0.0564,end,1,1500,VIDE,0.0,0.0,0.8,0.0,-0.698132,0.0,1,0,10.402,19.74,0.0,0.0,0.8,0.0,2.0,1.0,0.05,0.8,0.0,0.0,1
1816,2026-04-22T08:30:48.318Z,S20260422_092846,SC01,AUTO,47.3767,121.9565,0.0633,end,1,1500,VIDE,0.0,0.0,0.8,0.0,-0.698132,0.0,1,0,2.124,19.788,0.0,0.0,0.8,0.0,2.0,1.0,0.05,0.8,0.0,0.0,1
1817,2026-04-22T08:30:48.385Z,S20260422_092846,SC01,AUTO,47.4434,122.0231,0.0667,end,1,1500,VIDE,0.0,0.0,0.8,0.0,-0.698132,0.0,1,0,15.659,19.011,0.0,0.0,0.8,0.0,2.0,1.0,0.05,0.8,0.0,0.0,1
1818,2026-04-22T08:30:48.445Z,S20260422_092846,SC01,AUTO,47.504,122.0837,0.0606,end,1,1500,VIDE,0.0,0.0,0.8,0.0,-0.698132,0.0,1,0,23.109,19.334,0.0,0.0,0.8,0.0,2.0,1.0,0.05,0.8,0.0,0.0,1
1819,2026-04-22T08:30:48.505Z,S20260422_092846,SC01,AUTO,47.5636,122.1434,0.0597,end,1,1500,VIDE,0.0,0.0,0.8,0.0,-0.698132,0.0,1,0,20.154,19.098,0.0,0.0,0.8,0.0,2.0,1.0,0.05,0.8,0.0,0.0,1
1820,2026-04-22T08:30:48.574Z,S20260422_092846,SC01,AUTO,47.6326,122.2123,0.0689,end,1,1500,VIDE,0.0,0.0,0.8,0.0,-0.698132,0.0,1,0,8.483,19.326,0.0,0.0,0.8,0.0,2.0,1.0,0.05,0.8,0.0,0.0,1
1821,2026-04-22T08:30:48.632Z,S20260422_092846,SC01,AUTO,47.691,122.2708,0.0585,end,1,1500,VIDE,0.0,0.0,0.8,0.0,-0.698132,0.0,1,0,23.904,19.446,0.0,0.0,0.8,0.0,2.0,1.0,0.05,0.8,0.0,0.0,1
1822,2026-04-22T08:30:48.698Z,S20260422_092846,SC01,AUTO,47.7565,122.3362,0.0654,end,1,1500,VIDE,0.0,0.0,0.8,0.0,-0.698132,0.0,1,0,18.904,19.278,0.0,0.0,0.8,0.0,2.0,1.0,0.05,0.8,0.0,0.0,1
1823,2026-04-22T08:30:48.763Z,S20260422_092846,SC01,AUTO,47.8212,122.4009,0.0647,end,1,1500,VIDE,0.0,0.0,0.8,0.0,-0.698132,0.0,1,0,10.563,19.98,0.0,0.0,0.8,0.0,2.0,1.0,0.05,0.8,0.0,0.0,1
1824,2026-04-22T08:30:48.825Z,S20260422_092846,SC01,AUTO,47.8839,122.4637,0.0627,end,1,1500,VIDE,0.0,0.0,0.8,0.0,-0.698132,0.0,1,0,39.47,20.162,0.0,0.0,0.8,0.0,2.0,1.0,0.05,0.8,0.0,0.0,1
1825,2026-04-22T08:30:48.881Z,S20260422_092846,SC01,AUTO,47.9396,122.5193,0.0557,end,1,1500,VIDE,0.0,0.0,0.8,0.0,-0.698132,0.0,1,0,11.041,19.243,0.0,0.0,0.8,0.0,2.0,1.0,0.05,0.8,0.0,0.0,1
1826,2026-04-22T08:30:48.942Z,S20260422_092846,SC01,AUTO,48.001,122.5807,0.0614,end,1,1500,VIDE,0.0,0.0,0.8,0.0,-0.698132,0.0,1,0,20.95,19.158,0.0,0.0,0.8,0.0,2.0,1.0,0.05,0.8,0.0,0.0,1
1827,2026-04-22T08:30:49.006Z,S20260422_092846,SC01,AUTO,48.0642,122.6439,0.0632,end,1,1500,VIDE,0.0,0.0,0.8,0.0,-0.698132,0.0,1,0,11.837,19.938,0.0,0.0,0.8,0.0,2.0,1.0,0.05,0.8,0.0,0.0,1
1828,2026-04-22T08:30:49.070Z,S20260422_092846,SC01,AUTO,48.1285,122.7082,0.0643,end,1,1500,VIDE,0.0,0.0,0.8,0.0,-0.698132,0.0,1,0,4.299,19.109,0.0,0.0,0.8,0.0,2.0,1.0,0.05,0.8,0.0,0.0,1
1829,2026-04-22T08:30:49.131Z,S20260422_092846,SC01,AUTO,48.1895,122.7692,0.061,end,1,1500,VIDE,0.0,0.0,0.8,0.0,-0.698132,0.0,1,0,11.849,19.645,0.0,0.0,0.8,0.0,2.0,1.0,0.05,0.8,0.0,0.0,1
1830,2026-04-22T08:30:49.197Z,S20260422_092846,SC01,AUTO,48.2559,122.8357,0.0664,end,1,1500,VIDE,0.0,0.0,0.8,0.0,-0.698132,0.0,1,0,5.387,19.024,0.0,0.0,0.8,0.0,2.0,1.0,0.05,0.8,0.0,0.0,1
1831,2026-04-22T08:30:49.262Z,S20260422_092846,SC01,AUTO,48.3201,122.8999,0.0642,end,1,1500,VIDE,0.0,0.0,0.8,0.0,-0.698132,0.0,1,0,13.628,19.625,0.0,0.0,0.8,0.0,2.0,1.0,0.05,0.8,0.0,0.0,1
1832,2026-04-22T08:30:49.326Z,S20260422_092846,SC01,AUTO,48.3844,122.9641,0.0642,end,1,1500,VIDE,0.0,0.0,0.8,0.0,-0.698132,0.0,1,0,3.916,20.648,0.0,0.0,0.8,0.0,2.0,1.0,0.05,0.8,0.0,0.0,1
1833,2026-04-22T08:30:49.389Z,S20260422_092846,SC01,AUTO,48.4473,123.027,0.0629,end,1,1500,VIDE,0.0,0.0,0.8,0.0,-0.698132,0.0,1,0,19.877,20.255,0.0,0.0,0.8,0.0,2.0,1.0,0.05,0.8,0.0,0.0,1
1834,2026-04-22T08:30:49.445Z,S20260422_092846,SC01,AUTO,48.5037,123.0834,0.0564,end,1,1500,VIDE,0.0,0.0,0.8,0.0,-0.698132,0.0,1,0,8.831,20.14,0.0,0.0,0.8,0.0,2.0,1.0,0.05,0.8,0.0,0.0,1
1835,2026-04-22T08:30:49.505Z,S20260422_092846,SC01,AUTO,48.5638,123.1436,0.0601,end,1,1500,VIDE,0.0,0.0,0.8,0.0,-0.698132,0.0,1,0,20.032,19.974,0.0,0.0,0.8,0.0,2.0,1.0,0.05,0.8,0.0,0.0,1
1836,2026-04-22T08:30:49.574Z,S20260422_092846,SC01,AUTO,48.6324,123.2122,0.0686,end,1,1500,VIDE,0.0,0.0,0.8,0.0,-0.698132,0.0,1,0,14.151,18.5,0.0,0.0,0.8,0.0,2.0,1.0,0.05,0.8,0.0,0.0,1
1837,2026-04-22T08:30:49.630Z,S20260422_092846,SC01,AUTO,48.689,123.2687,0.0566,end,1,1500,VIDE,0.0,0.0,0.8,0.0,-0.698132,0.0,1,0,22.201,19.361,0.0,0.0,0.8,0.0,2.0,1.0,0.05,0.8,0.0,0.0,1
1838,2026-04-22T08:30:49.694Z,S20260422_092846,SC01,AUTO,48.7528,123.3326,0.0638,end,1,1500,VIDE,0.0,0.0,0.8,0.0,-0.698132,0.0,1,0,18.699,19.648,0.0,0.0,0.8,0.0,2.0,1.0,0.05,0.8,0.0,0.0,1
1839,2026-04-22T08:30:49.756Z,S20260422_092846,SC01,AUTO,48.8147,123.3944,0.0619,end,1,1500,VIDE,0.0,0.0,0.8,0.0,-0.698132,0.0,1,0,9.745,19.072,0.0,0.0,0.8,0.0,2.0,1.0,0.05,0.8,0.0,0.0,1
1840,2026-04-22T08:30:49.822Z,S20260422_092846,SC01,AUTO,48.881,123.4607,0.0663,end,1,1500,VIDE,0.0,0.0,0.8,0.0,-0.698132,0.0,1,0,20.565,20.09,0.0,0.0,0.8,0.0,2.0,1.0,0.05,0.8,0.0,0.0,1
1841,2026-04-22T08:30:49.880Z,S20260422_092846,SC01,AUTO,48.9382,123.5179,0.0572,end,1,1500,VIDE,0.0,0.0,0.8,0.0,-0.698132,0.0,1,0,10.244,16.859,0.0,0.0,0.8,0.0,2.0,1.0,0.05,0.8,0.0,0.0,1
1842,2026-04-22T08:30:53.011Z,S20260422_092846,SC01,AUTO,52.0697,126.6495,3.1315,end,1,1500,VIDE,0.0,0.0,0.8,0.0,-0.698132,0.0,3,0,3118.331,0.376,0.0,0.0,0.8,0.0,2.0,1.0,0.05,0.8,0.0,0.0,1
